path	arm	argv0	env	args	sed_from	sed_to	sha256_lf	bytes_lf
c2r/avx2/radix16_hc2c_nat_bwd_avx2.c	genset	-	-	-	-	-	5a8f727c4dfa2ae3deb29dfbfd98dce469dc8085295a3643ee1accd344eecbd7	59513
c2r/avx2/radix16_hc2c_nat_log3_bwd_avx2.c	genset	-	-	-	-	-	9dc83da8daefa9014eae21389f7c21d68e9835a0d44c7a1eb7fa900b8099d883	62182
c2r/avx2/radix16_hc2c_nat_rng_bwd_avx2.c	genset	-	-	-	-	-	32e24f87c7895c9c0731e5b5440583204da395ffe5c77ac892d7db70ff392a5d	59763
c2r/avx2/radix16_hc2hc_dif_bwd_avx2.c	genset	-	-	-	-	-	6197601c77a3b93ab494c8a56b74fe50af449db7d24994d9ea7e8a9f7f2f80bf	59729
c2r/avx2/radix16_hc2hc_dif_log3_bwd_avx2.c	genset	-	-	-	-	-	d5535efe13cb66c6609fa4e41b4fc35a81d988e96ccc0392c12f1d3a9ca82a17	59777
c2r/avx2/radix16_hc2hc_dif_rng_bwd_avx2.c	genset	-	-	-	-	-	4341f0d7c777be189dcd9d6b018e176894a2c7ce7e8b2cecaaf5b9cb0eefb74f	59955
c2r/avx2/radix16_r2cb_avx2.c	genset	-	-	-	-	-	9ca21bf01efb74dbf3b30f5280f69ee4b1d1b37ffb89e53721c865154bb8cd5d	24171
c2r/avx2/radix2_hc2c_nat_bwd_avx2.c	genset	-	-	-	-	-	2209efe39cfe9f1a5ba7cafd2bd65d0b65f90281d37cc862b5c35eb575082e5f	5177
c2r/avx2/radix2_hc2c_nat_log3_bwd_avx2.c	genset	-	-	-	-	-	0c4e536aca74cb2a43d4e6682cc05d2884234f1e71a614e11948284a64168c66	5225
c2r/avx2/radix2_hc2c_nat_rng_bwd_avx2.c	genset	-	-	-	-	-	1e3f62eb59025ffd6f1f6df7210549742335196ca321004ca6c8ed5af7631226	5425
c2r/avx2/radix2_hc2hc_dif_bwd_avx2.c	genset	-	-	-	-	-	02e2ba0f4dd7d033157fee7f08ad1a007cf646125941c6396deff4b891cfedaa	5121
c2r/avx2/radix2_hc2hc_dif_log3_bwd_avx2.c	genset	-	-	-	-	-	5d274a9c8c7748545751ccf89fd0f01336206447dd3494180705dadfb313a12f	5169
c2r/avx2/radix2_hc2hc_dif_rng_bwd_avx2.c	genset	-	-	-	-	-	4e7be89ea7610d806482b81b705bf75d6bc7f300af3b10b7dfa2ff628e5c6cf6	5345
c2r/avx2/radix2_r2cb_avx2.c	genset	-	-	-	-	-	5006b5da5c879bd27305ecd15abbff5a4b0dcf12af6dfdb85ad7cbe7edfecd83	2991
c2r/avx2/radix32_r2cb_avx2.c	genset	-	-	-	-	-	a48dc5c23a1b941fdef731b1645b9256096cdb636c6af349cc55f965c5b832f5	64393
c2r/avx2/radix3_hc2c_nat_bwd_avx2.c	genset	-	-	-	-	-	7558c366287210cff0dd65354b4c07621b4ae695a9f615002cd3c2f2552451a5	9052
c2r/avx2/radix3_hc2c_nat_log3_bwd_avx2.c	genset	-	-	-	-	-	4ff7b84b10252230ccfe2bc301d97755935213372a8617a10a84a87386b86367	9100
c2r/avx2/radix3_hc2c_nat_rng_bwd_avx2.c	genset	-	-	-	-	-	2590b1880b9372ba14d0cba25616e4ee31e655d599a72cf6c633e076b209f6a7	9300
c2r/avx2/radix3_hc2hc_dif_bwd_avx2.c	genset	-	-	-	-	-	6918c11e9832818a7fe1de383054629df3247f9ac0ee000e6def7120b5a41401	9012
c2r/avx2/radix3_hc2hc_dif_log3_bwd_avx2.c	genset	-	-	-	-	-	6cfb528286eeaab482bd162b8b407f4c24342d24c8e2cfa7dea4703de5716182	9060
c2r/avx2/radix3_hc2hc_dif_rng_bwd_avx2.c	genset	-	-	-	-	-	8417c36e82ca9ba3ef4a62b60dc643ddbd62bc05b0c62b1dbe2400a36feef77b	9236
c2r/avx2/radix3_r2cb_avx2.c	genset	-	-	-	-	-	14d540de26ab84b1d15628edbdcc737e657a6e3b11a7ebf431ef8eec02a22be4	4683
c2r/avx2/radix4_hc2c_nat_bwd_avx2.c	genset	-	-	-	-	-	188362075344362030ccb26ae42bdbce1e3611b4f68e4607d0ac65d4a3f4be77	10718
c2r/avx2/radix4_hc2c_nat_log3_bwd_avx2.c	genset	-	-	-	-	-	6d597033431d90679b528c03fa8021c7c732c2d0416ec3334a8332566fdb814c	10976
c2r/avx2/radix4_hc2c_nat_rng_bwd_avx2.c	genset	-	-	-	-	-	898049474aa7776dd4e017dc4743c4da19447584e8d93cd4022e42ef1447d4d5	10966
c2r/avx2/radix4_hc2hc_dif_bwd_avx2.c	genset	-	-	-	-	-	a749071206ba85a1f7268bf059f73d5b367157600751e06823a7114843d916e6	10694
c2r/avx2/radix4_hc2hc_dif_log3_bwd_avx2.c	genset	-	-	-	-	-	182c94e52488c92e6463733676d2baa859eb062854bf0391fa2e18f67f11bbdd	10742
c2r/avx2/radix4_hc2hc_dif_rng_bwd_avx2.c	genset	-	-	-	-	-	54492fca0974c3f1db32d155af62ac96959a3f09a13ee356f237d8e25d44b61d	10918
c2r/avx2/radix4_r2cb_avx2.c	genset	-	-	-	-	-	563b500482757d3236aea299e24ace3d00b799094ef1ceb8a89f55a203605a38	4845
c2r/avx2/radix5_hc2c_nat_bwd_avx2.c	genset	-	-	-	-	-	0e5cab5e535e8d6573bb2640a88bec0e2c84107ecdea5841445d204c7134ffa5	17331
c2r/avx2/radix5_hc2c_nat_log3_bwd_avx2.c	genset	-	-	-	-	-	ac48333e06db7268e4ba7ac120b762ba7122bd82dbaa0e8476d2603371c80692	17590
c2r/avx2/radix5_hc2c_nat_rng_bwd_avx2.c	genset	-	-	-	-	-	0a65a7173d8c8b6042bfd8c35d1cd3149284b816a0fb612c423676cb033b5ae7	17579
c2r/avx2/radix5_hc2hc_dif_bwd_avx2.c	genset	-	-	-	-	-	4ef0d4b27415a911202dd57d5cc248b419475d43c3050b0395df4ec110e23fca	17323
c2r/avx2/radix5_hc2hc_dif_log3_bwd_avx2.c	genset	-	-	-	-	-	fb46a11d5245de6b18692decd3c0dc6b1f7d1438227a33b05cbd159898c0993b	17371
c2r/avx2/radix5_hc2hc_dif_rng_bwd_avx2.c	genset	-	-	-	-	-	9e32da6389850957b709bf633ae3117a857684bbaaa18a42b0ee4c72bc3b445a	17547
c2r/avx2/radix5_r2cb_avx2.c	genset	-	-	-	-	-	ba41fdd574be3f79ef59018351c12affd1b6bb0ec18667558c7f3e42a4af372e	7990
c2r/avx2/radix7_hc2c_nat_bwd_avx2.c	genset	-	-	-	-	-	a278cd0f5da7e91fb7f0cef951c5502f7515ea7a66aaeba72c9dd1bf2a069fbd	24975
c2r/avx2/radix7_hc2c_nat_log3_bwd_avx2.c	genset	-	-	-	-	-	a29f25eaebbb48b3bcb81d06e1f52e57258d26342bd22f389902a16b67879051	25580
c2r/avx2/radix7_hc2c_nat_rng_bwd_avx2.c	genset	-	-	-	-	-	2ccfe6228dfb88fe57d53e4d85ee08f7c55dbcc5ad5a59d2a5283eb4f8c00acf	25223
c2r/avx2/radix7_hc2hc_dif_bwd_avx2.c	genset	-	-	-	-	-	8483894e1b7c195624b237f30db84c0f5bade59c170f56b638c1add2f8a1592b	24999
c2r/avx2/radix7_hc2hc_dif_log3_bwd_avx2.c	genset	-	-	-	-	-	776788c7160b0b05ad86a05cb1e194f37c1839f8878d07cf4f0f75cf33f8dac0	25047
c2r/avx2/radix7_hc2hc_dif_rng_bwd_avx2.c	genset	-	-	-	-	-	29dc5df540bf05991745990f86cd6c6db68d142039523f21e3cab7da54765844	25223
c2r/avx2/radix7_r2cb_avx2.c	genset	-	-	-	-	-	51658c678ed007a85b43099841d64e3d202b5476518521a93ed8419e79ae043f	11184
c2r/avx2/radix8_hc2c_nat_bwd_avx2.c	genset	-	-	-	-	-	fc8d9a2b11df966945a12c0827069bea71f9f5b41ce36f1f6b3436364c76bb00	25110
c2r/avx2/radix8_hc2c_nat_log3_bwd_avx2.c	genset	-	-	-	-	-	097f3e0ebc246198cb3b87abfa4aa873286ef25463425de839c1fbdee74dea8d	25950
c2r/avx2/radix8_hc2c_nat_rng_bwd_avx2.c	genset	-	-	-	-	-	2af77cee1dc952a433709828e2fa5a20f8ebf240bd0f35dea722a99dfd4bdb04	25358
c2r/avx2/radix8_hc2hc_dif_bwd_avx2.c	genset	-	-	-	-	-	8d189af409661b839aa717358d0caa34b6277c176110af9a44beac2b419d9075	25150
c2r/avx2/radix8_hc2hc_dif_log3_bwd_avx2.c	genset	-	-	-	-	-	cbeb1f13c7b79d7892ad6ecde5272a3215b5d8c7041dd65faccb4df650265846	25198
c2r/avx2/radix8_hc2hc_dif_rng_bwd_avx2.c	genset	-	-	-	-	-	80c8adfa55320c0c982e7e46ebbe1ab23228b22c1df3619aa071c73d4fc9323d	25374
c2r/avx2/radix8_r2cb_avx2.c	genset	-	-	-	-	-	8de13860e1c3d53d9eb6a1db5bb3a60516f8d4d5a7d0a9018f557393d754ce9d	10250
c2r/avx512/radix16_hc2c_nat_bwd_avx512.c	genset	-	-	-	-	-	a179b12eb0235772da97445867a7e24172edaeb1052915d73742d1368b87a06e	48201
c2r/avx512/radix16_hc2c_nat_log3_bwd_avx512.c	genset	-	-	-	-	-	a20ad1859866e92f52e03dfdf7a3d7091bcc5ed1445bd7d0854de96b3d4d2cd4	50253
c2r/avx512/radix16_hc2c_nat_rng_bwd_avx512.c	genset	-	-	-	-	-	d497d337c7725cf0580d66b0248cc31f0c01005e584225bae2100dd033afefea	48451
c2r/avx512/radix16_hc2hc_dif_bwd_avx512.c	genset	-	-	-	-	-	c6be5413cecdfcf01dfe2b6e74bdef4035d4aa2f2462b954c2d9ba7ce35a1eaa	48341
c2r/avx512/radix16_hc2hc_dif_log3_bwd_avx512.c	genset	-	-	-	-	-	ea9c770c71392dbf846506d6573539bbe574724b9145e65ead05c383f7451e2c	48389
c2r/avx512/radix16_hc2hc_dif_rng_bwd_avx512.c	genset	-	-	-	-	-	3cc722897d22836f9c5fe4a6d4e20c7ddb9264e2b1af5e6ca190a5902aa6210a	48567
c2r/avx512/radix16_r2cb_avx512.c	genset	-	-	-	-	-	c3ba8494ca6e92748dab92cbda2b3548260a95f8dbd0c05cc584c20e21801949	19897
c2r/avx512/radix2_hc2c_nat_bwd_avx512.c	genset	-	-	-	-	-	bedaacf917e65c35b02c81c30b3071dc6981c4afae797e80ed36fcfd9de9f6c8	4593
c2r/avx512/radix2_hc2c_nat_log3_bwd_avx512.c	genset	-	-	-	-	-	2e6159ffe53174bca8156940f3e610f3257b0ef3e0166ca37b6fc6a28dc58975	4641
c2r/avx512/radix2_hc2c_nat_rng_bwd_avx512.c	genset	-	-	-	-	-	97c4b6f6d6da0002c6fe3b983f2c3312c69a2ab6b97386ce8afd45982fecf32f	4841
c2r/avx512/radix2_hc2hc_dif_bwd_avx512.c	genset	-	-	-	-	-	ea1a6e039c3ca9f9fbe8da325e66ce9ce0b6ee91fd8b0bad8c62c48d21c387e8	4529
c2r/avx512/radix2_hc2hc_dif_log3_bwd_avx512.c	genset	-	-	-	-	-	aedb24c7bd6ff29890221142c70c630df6014409bac0d697336aba14c220b7c2	4577
c2r/avx512/radix2_hc2hc_dif_rng_bwd_avx512.c	genset	-	-	-	-	-	678d4b8716fe053e02c91b9b26446d7de58250f2beab27305782bfd8c4d8533b	4753
c2r/avx512/radix2_r2cb_avx512.c	genset	-	-	-	-	-	f4e50623dbc0549aa2dec8b60f22b7c3877fa0cd624300265a3f5194411ff93d	2751
c2r/avx512/radix32_r2cb_avx512.c	genset	-	-	-	-	-	5599949677a981fbc60538706348733c133c209bd0f98d21270d241e2ef7f8ae	51823
c2r/avx512/radix3_hc2c_nat_bwd_avx512.c	genset	-	-	-	-	-	eccd2bdf857144d579d618eccb98c2b120e28bec30225cef112b90bb0bab27e4	7680
c2r/avx512/radix3_hc2c_nat_log3_bwd_avx512.c	genset	-	-	-	-	-	41137572e2c5ac25b9e230715824f5702420eabc243bce6d15bd0adb742c26c8	7728
c2r/avx512/radix3_hc2c_nat_rng_bwd_avx512.c	genset	-	-	-	-	-	ff0ab1377ff4f74374087c6b8151905037408eaadc48ea42ad4cd4987374d511	7928
c2r/avx512/radix3_hc2hc_dif_bwd_avx512.c	genset	-	-	-	-	-	2475203911ca457417b6a3cd14f7da71569f083bfe6b3fa73b2a5dcfa45884cf	7628
c2r/avx512/radix3_hc2hc_dif_log3_bwd_avx512.c	genset	-	-	-	-	-	95ab5844c8efe51691c9ac44f08627e797a6ab5241953d406929adfedbe9df7e	7676
c2r/avx512/radix3_hc2hc_dif_rng_bwd_avx512.c	genset	-	-	-	-	-	5456b46d586a9b757f86d6c1c4d22b91eb071db516047bb0b6c50f343f7ae56d	7852
c2r/avx512/radix3_r2cb_avx512.c	genset	-	-	-	-	-	a95e30a1d30853f97785836cee0d267141c7dd602560f82bbd00d0da21e4356a	4099
c2r/avx512/radix4_hc2c_nat_bwd_avx512.c	genset	-	-	-	-	-	c6217abb04369f1185caa455865b877870c0b5300ec3f6449d87811122871a9f	9107
c2r/avx512/radix4_hc2c_nat_log3_bwd_avx512.c	genset	-	-	-	-	-	4b08726e062d3e867e433894fe483127d8c5433f10cb56643886c5c04878b88d	9316
c2r/avx512/radix4_hc2c_nat_rng_bwd_avx512.c	genset	-	-	-	-	-	4e50d64c0cc0e4814803c4d2ca5b7564c7bd45564c1b6027b2b03b48a614984b	9355
c2r/avx512/radix4_hc2hc_dif_bwd_avx512.c	genset	-	-	-	-	-	afdaf32372d5d85a2b00d8c6ab27d9286cfb3025ec59e20b55e5156b0589ab41	9067
c2r/avx512/radix4_hc2hc_dif_log3_bwd_avx512.c	genset	-	-	-	-	-	49700ad329b3f9083bb8ff9baa363fda1b8d22061ca0f2bfe3d70d014d02ac1d	9115
c2r/avx512/radix4_hc2hc_dif_rng_bwd_avx512.c	genset	-	-	-	-	-	cd6d67ae82e7df7161bf7da3dd1d14e1782da5c48f59d296d1db047e63136d90	9291
c2r/avx512/radix4_r2cb_avx512.c	genset	-	-	-	-	-	b2559672b84d79a23cb976a1623c15669a8ca6322287984cbf0d74cc0b8aabc2	4279
c2r/avx512/radix5_hc2c_nat_bwd_avx512.c	genset	-	-	-	-	-	7d76badbc41e440c255c2c990000398c5bb034278ae8dc7b14290f80c82223e6	14271
c2r/avx512/radix5_hc2c_nat_log3_bwd_avx512.c	genset	-	-	-	-	-	0ad669af4699adba203706be8161464b03d1e4a04db300ac996a7f66f3231f39	14481
c2r/avx512/radix5_hc2c_nat_rng_bwd_avx512.c	genset	-	-	-	-	-	6544ad5741c7d94ecf1ee60885d42012e0e85a7332e549317d689614a3828219	14519
c2r/avx512/radix5_hc2hc_dif_bwd_avx512.c	genset	-	-	-	-	-	e11f6450a1dccc34fe9ba100237a87ac21647204bdaab640a6e8dc2207976e8a	14243
c2r/avx512/radix5_hc2hc_dif_log3_bwd_avx512.c	genset	-	-	-	-	-	21ac5c55925a30ab2c20c76055e7d80f34c3921164e707719fd2c2ee2f292c2b	14291
c2r/avx512/radix5_hc2hc_dif_rng_bwd_avx512.c	genset	-	-	-	-	-	9a947341106c8590634bffe43d9d1a1ad84a54fcbfbc4bbe5d01deaa415cc0f2	14467
c2r/avx512/radix5_r2cb_avx512.c	genset	-	-	-	-	-	35afe8840ed45152ac5a7294a064277d316793eb8114e633745a2b5c380a30e8	6737
c2r/avx512/radix7_hc2c_nat_bwd_avx512.c	genset	-	-	-	-	-	1f3110feb3f0f2dc34fa9ab0173da89ffdc99b888a32160567242e1a48ce9751	20370
c2r/avx512/radix7_hc2c_nat_log3_bwd_avx512.c	genset	-	-	-	-	-	9dcead831e43ebe8d730f0b73bda9090ed59160328fe34dd847909520933db64	20846
c2r/avx512/radix7_hc2c_nat_rng_bwd_avx512.c	genset	-	-	-	-	-	ea56bd631fa27a4bd64eea3a3a8103bf28f03c1b911a1c8a859e2b8bc251e15e	20618
c2r/avx512/radix7_hc2hc_dif_bwd_avx512.c	genset	-	-	-	-	-	d97162cf1b78f9fb7291d7d006061c8c4d4823b6feb671a2eecaa16e93bd3443	20366
c2r/avx512/radix7_hc2hc_dif_log3_bwd_avx512.c	genset	-	-	-	-	-	93d539bf6aa3701f363821d8694b555f7172e79d5526ec2e798ab006baa3a38b	20414
c2r/avx512/radix7_hc2hc_dif_rng_bwd_avx512.c	genset	-	-	-	-	-	e946e908fbcb4b49512c8a708901b8bfc4bf729e54b53061e53b37eb0dcb2cc3	20590
c2r/avx512/radix7_r2cb_avx512.c	genset	-	-	-	-	-	7c2a2881e6479fbe882c34c287df97915a73a08314796395f2bf8f007a40f008	9281
c2r/avx512/radix8_hc2c_nat_bwd_avx512.c	genset	-	-	-	-	-	98601f211db20350233875190db9315a46b62d2a1e428ea7c4436bb67b0927ae	20710
c2r/avx512/radix8_hc2c_nat_log3_bwd_avx512.c	genset	-	-	-	-	-	fee97c309ba8a2ef133542845db21a4429937a69c1bff626cee5cea55415ead8	21366
c2r/avx512/radix8_hc2c_nat_rng_bwd_avx512.c	genset	-	-	-	-	-	ec7d244c156326885cecd91b850c97715aae54812390480ba75d942f6e14adbf	20958
c2r/avx512/radix8_hc2hc_dif_bwd_avx512.c	genset	-	-	-	-	-	80fb10c73b3176918c48028c73f3813d857b94820eb7434932cd891fd6422905	20718
c2r/avx512/radix8_hc2hc_dif_log3_bwd_avx512.c	genset	-	-	-	-	-	5e6b7381ce9f06aeea9ca6155131c48a0931ea91ac5b3f59b5282a0225f9787c	20766
c2r/avx512/radix8_hc2hc_dif_rng_bwd_avx512.c	genset	-	-	-	-	-	3473eb7106ca0451bef540e445c5259efc4ad749cc1ba35d1c051dce05cf58f3	20942
c2r/avx512/radix8_r2cb_avx512.c	genset	-	-	-	-	-	21fe1ec1957bdc1b2098761b8c3c7a80ed7ef1484a9c226be98fa29ba3358b62	8695
inplace/avx2/r10_n1_bwd.c	genset	-	-	-	-	-	c11210e8fae179248bdf5f450e466cb8b1c3600550519ff34bf4c38e7ad71997	31542
inplace/avx2/r10_n1_fwd.c	genset	-	-	-	-	-	237e4f482fdd25dbdfb8810babb8c65586c086b131e6f8a5ee274316c6fdad57	31705
inplace/avx2/r10_t1_dif_bwd.c	genset	-	-	-	-	-	b3c1c5f1b1b980824cbea3767343429475dd2858c4da56ea840c10ba2bfdc254	43222
inplace/avx2/r10_t1_dif_bwd_log3.c	genset	-	-	-	-	-	2f842aaa8a1078928a8da5d3757be09a22ab739354d248e97fe2995de87eb54f	43860
inplace/avx2/r10_t1_dif_fwd.c	genset	-	-	-	-	-	73312b3a962ef77a1eda5aefafb76a0e8c0cbb1cb3fb4485df7e505322dbb224	43622
inplace/avx2/r10_t1_dif_fwd_log3.c	genset	-	-	-	-	-	1cef617d96e92ee205731bd08b4ce07886644d7e4196cbdb16c86781aae467da	44600
inplace/avx2/r10_t1_dit_bwd.c	genset	-	-	-	-	-	63b61b6c1979a46917d86ee5e98a009dcd580806c889c836d67bd6e475d304ba	43440
inplace/avx2/r10_t1_dit_bwd_log3.c	genset	-	-	-	-	-	2ebb0dc045c8f39e192019c39a56c3dd4b8d07dc302ba31d84cb4b2df28addd3	44410
inplace/avx2/r10_t1_dit_fwd.c	genset	-	-	-	-	-	b317b0be8aa44043614fbe1d16c5499a0c4111a29b657ca67c72fcca2f56d580	43352
inplace/avx2/r10_t1_dit_fwd_log3.c	genset	-	-	-	-	-	c33bf11f7f59dcdebd2e75ce7dc7f73fe59069f19215350d0b93275f3db5b560	44026
inplace/avx2/r10_t1s_dif_bwd.c	genset	-	-	-	-	-	37ce355a4639a828c16ea8e84d8229a394139dcf7f99d10afb5a568cc1b365f1	42725
inplace/avx2/r10_t1s_dif_bwd_log3.c	genset	-	-	-	-	-	a48eacae65c9409a9cb98d37f45086f65b5b6fcc4ec971d48b65f2ee968a8028	43642
inplace/avx2/r10_t1s_dif_fwd.c	genset	-	-	-	-	-	d3030c6ba5cf541ba53b15752281b19e8b036a5dcc17f2817f31e49a0b260b6a	43125
inplace/avx2/r10_t1s_dif_fwd_log3.c	genset	-	-	-	-	-	df02b6a22b44f2c1c86259e1cd97197177317bebdc29e47cc191a8c10b814443	44382
inplace/avx2/r10_t1s_dit_bwd.c	genset	-	-	-	-	-	0c5c907d26511a72d4b20d54f844a014af6c3fc79b7517def55f5ad405a861e3	42943
inplace/avx2/r10_t1s_dit_bwd_log3.c	genset	-	-	-	-	-	58a4828c8531a9ef4d739bac5c77d790ccb796e96764c327d748ed4dc9c626ba	44192
inplace/avx2/r10_t1s_dit_fwd.c	genset	-	-	-	-	-	045474a21de3955b402c27782b1cda1bddf1e9d518e2f3cf6ec0280f46449d53	42855
inplace/avx2/r10_t1s_dit_fwd_log3.c	genset	-	-	-	-	-	83606efeb559b2820e049db07784c978bf520e42301839b005dc6efaf7014f6b	43808
inplace/avx2/r11_n1_bwd.c	genset	-	-	-	-	-	87e2d50a1e93fead6a2ce1154a8c652de058d48eb2a4fb5397248d5a373ae38a	33681
inplace/avx2/r11_n1_fwd.c	genset	-	-	-	-	-	90cffc7f0261781619d71e17ea5b8d985e3b11ac878ca0d71eabdd13fe63daca	33571
inplace/avx2/r11_t1_dif_bwd.c	genset	-	-	-	-	-	9d5bc68ee7e0d9e44779f53d32b340814eb5046bc645102e8b88c42f400a1fc4	44230
inplace/avx2/r11_t1_dif_bwd_log3.c	genset	-	-	-	-	-	7b24abeadd7444a5c2e5eace8f3c657f7351efa3f510bd2940191eb833661d0e	45094
inplace/avx2/r11_t1_dif_fwd.c	genset	-	-	-	-	-	1104b043bbc7fb07f764073fde5315801054de34c3e51d1f8137a507e9576e45	44036
inplace/avx2/r11_t1_dif_fwd_log3.c	genset	-	-	-	-	-	90614f951c666d0a96ec4b8ff752bf76ed822d1cde3e0869f512a4921a904dba	45176
inplace/avx2/r11_t1_dit_bwd.c	genset	-	-	-	-	-	0c64014e69bddd7ba462b51dc3040c07c2388be6b2dd3b0be5ddee25b8bf34d0	44140
inplace/avx2/r11_t1_dit_bwd_log3.c	genset	-	-	-	-	-	58132d0ae5d9d27abea6d2199af44626fdbcd563dbc3ae581fe26c3da47ecdd5	45280
inplace/avx2/r11_t1_dit_fwd.c	genset	-	-	-	-	-	04075594a5ab53236426d128fc1e4385a1c794e04a724d056915667eab4e064d	43882
inplace/avx2/r11_t1_dit_fwd_log3.c	genset	-	-	-	-	-	b6156e2298821aed06e553ce0f1d89a05a31bfd41f59bcc381ad5b10b4395ee4	44758
inplace/avx2/r11_t1s_dif_bwd.c	genset	-	-	-	-	-	0c494057283058175d431d553bb7c7e99ea708a218d00859a50cbc6ec608b794	43677
inplace/avx2/r11_t1s_dif_bwd_log3.c	genset	-	-	-	-	-	41505878d81731ba530cdfa1dab852fa39721958d6e9fc36332ef6391f4b03ae	44876
inplace/avx2/r11_t1s_dif_fwd.c	genset	-	-	-	-	-	2fb0dfecf844e991de80fd59a278ee5235c3139ac7898f3218ff3b7cae4ee9b3	43483
inplace/avx2/r11_t1s_dif_fwd_log3.c	genset	-	-	-	-	-	64e9035c6b74db4933f1ecb67120b0239f6a862370dc15e6d31ff79f831b4d36	44958
inplace/avx2/r11_t1s_dit_bwd.c	genset	-	-	-	-	-	8218e640098e82b3e22e463904d9514ea1453cfc6255ea1408a9276354134cf6	43587
inplace/avx2/r11_t1s_dit_bwd_log3.c	genset	-	-	-	-	-	6233bf9f63a302d21c118eae8632909245996e527a780749ca3e1ee1ce01e5f5	45062
inplace/avx2/r11_t1s_dit_fwd.c	genset	-	-	-	-	-	f8e4abd0d6314a3df643c4ba17a3f40cf65f5aee0d591c2c47db61a4819ed43f	43329
inplace/avx2/r11_t1s_dit_fwd_log3.c	genset	-	-	-	-	-	37c9cea04b8dc4b5a9810c8df4d4ef3b65550d2d51eb39876496c83d4ee4b215	44540
inplace/avx2/r12_n1_bwd.c	genset	-	-	-	-	-	a7e72c5e0366976e780fbf3496f67ad1874be3df1e64a9139cc0cfe12839cc33	34155
inplace/avx2/r12_n1_fwd.c	genset	-	-	-	-	-	efba9697ddaac47b182621c7f3d374d18e48859e0a885c33472930cd8456a229	34185
inplace/avx2/r12_t1_dif_bwd.c	genset	-	-	-	-	-	23177fe53418d190d3a19e8033d2746b438018362e4ec8b35906f68c81f1deeb	48525
inplace/avx2/r12_t1_dif_bwd_log3.c	genset	-	-	-	-	-	05910152bc7cfdfdeb83c11164c011dad80f20ca86d26bfe8d9ef22e0ffd97d2	49443
inplace/avx2/r12_t1_dif_fwd.c	genset	-	-	-	-	-	30b294b1580416609dd254704098f001b2d801cb3b8958b25d9959310bc28cca	48687
inplace/avx2/r12_t1_dif_fwd_log3.c	genset	-	-	-	-	-	96b138e34f3b2171819b525bcb017fdf61c83ff80411e9181408426b5623a291	50029
inplace/avx2/r12_t1_dit_bwd.c	genset	-	-	-	-	-	d27366a1061178b93a9db633d3e3921467c15bdd464a7302cd049b166141da12	48651
inplace/avx2/r12_t1_dit_bwd_log3.c	genset	-	-	-	-	-	b0e126aa186bbf83124c04849360f1d54815329d343ce0452535333c1a1710a2	49993
inplace/avx2/r12_t1_dit_fwd.c	genset	-	-	-	-	-	df4552df92192e69f8c5d4da49ef2f9bdca32c94effd03de3d7a9e7cbb3d9177	48453
inplace/avx2/r12_t1_dit_fwd_log3.c	genset	-	-	-	-	-	1f06c77f1152386516987df726beb0afa62e196f85e0e3aafa5754cfab7f303d	49371
inplace/avx2/r12_t1s_dif_bwd.c	genset	-	-	-	-	-	0e01d0f19429ad744f566d57ed0313162d81e7839193bcf52fae3ebd06fd8479	47915
inplace/avx2/r12_t1s_dif_bwd_log3.c	genset	-	-	-	-	-	1dc0185eccfadd7a0a55e4681aa00ced6e5692c892e41fa8904733c7d7fba7c1	49224
inplace/avx2/r12_t1s_dif_fwd.c	genset	-	-	-	-	-	413071ba8d8cefb2c4cf3fa83b91e7255fc9874e61cae1617a3df3a5810959e9	48077
inplace/avx2/r12_t1s_dif_fwd_log3.c	genset	-	-	-	-	-	f85b442d3abe2ee9d5bfdbeb4548183928e2229a138a43ad255d35be289b7995	49810
inplace/avx2/r12_t1s_dit_bwd.c	genset	-	-	-	-	-	28d1e905551d064590f7f476ab9991d34445c87f589a1cc54dc4dd2a60a70654	48041
inplace/avx2/r12_t1s_dit_bwd_log3.c	genset	-	-	-	-	-	cd0a2f59c6b5b67e945364908f82822d113395de9666be978c25835bcce67899	49774
inplace/avx2/r12_t1s_dit_fwd.c	genset	-	-	-	-	-	f9892e06a1c69ddd9b24344cd51b4a434ec0dcfb7cdfbe5af2bef6ecde62587a	47843
inplace/avx2/r12_t1s_dit_fwd_log3.c	genset	-	-	-	-	-	b3d011d4bed685df6eea81869699768cdb69a355b1fe82d7ed60a0b233f3827e	49152
inplace/avx2/r13_n1_bwd.c	genset	-	-	-	-	-	3c2463c3beee9f161a930f9ff53580053c1788ba17ec3d6debca8b6b649a9636	43187
inplace/avx2/r13_n1_fwd.c	genset	-	-	-	-	-	5bf5e0b12192c0962b9b168b28144e811e7e330ae5942baccd35647d138665e7	43065
inplace/avx2/r13_t1_dif_bwd.c	genset	-	-	-	-	-	abaa9df5e973105b673fab1b8b13472dbcb412e41f09d63be45cb371177d197a	56136
inplace/avx2/r13_t1_dif_bwd_log3.c	genset	-	-	-	-	-	01061f368ad584fdf98bd65ba246cb7e88e3e4b3f5b137cbc8973b79f91cc02e	57196
inplace/avx2/r13_t1_dif_fwd.c	genset	-	-	-	-	-	7eea446cb8ddd607f74f0d332d2b949db90f40ba487c8a5a0d36b2c2be01cfc8	55626
inplace/avx2/r13_t1_dif_fwd_log3.c	genset	-	-	-	-	-	74594e6fe53aa9b3cd303b9a25c2d0612af6c6c5aa3828f436c109f0b4bed193	57122
inplace/avx2/r13_t1_dit_bwd.c	genset	-	-	-	-	-	8409eb1a3315f091787624c923ccc858e841b109878d62e611a898ff45e1187b	55738
inplace/avx2/r13_t1_dit_bwd_log3.c	genset	-	-	-	-	-	783f95c90284ef334c67882ceed422c9bccae5d0de9c42a9e042fe476208f370	57234
inplace/avx2/r13_t1_dit_fwd.c	genset	-	-	-	-	-	88da57822fe3b54adb63efc5544910f1e1393c454c13658663c53d595a1756bb	55780
inplace/avx2/r13_t1_dit_fwd_log3.c	genset	-	-	-	-	-	b1376821d9ebcee88a525c73b916ea01e22cfc8e1c359c584e64413781073914	56852
inplace/avx2/r13_t1s_dif_bwd.c	genset	-	-	-	-	-	0bfcfed63805e3b1ef98ecc1132bb046f1242d46c65a0992d3933e1c7760c62b	55471
inplace/avx2/r13_t1s_dif_bwd_log3.c	genset	-	-	-	-	-	b19316ecc2d41117c564099e3bd7544a8f1561f9685f2496ec40177cb301d112	56978
inplace/avx2/r13_t1s_dif_fwd.c	genset	-	-	-	-	-	01b9a26115dad483e3108b4d1cc394f3b5ef4785b554b4baebfc150648069cf7	54961
inplace/avx2/r13_t1s_dif_fwd_log3.c	genset	-	-	-	-	-	8c873f6627f79dbeb8c645942d5bba9ac8e01a7ba5853991d20ce6e32adcb91e	56904
inplace/avx2/r13_t1s_dit_bwd.c	genset	-	-	-	-	-	62411c707b97d2f4272002a5eaa9168320d637e1c0467444be56d88fed9efc64	55073
inplace/avx2/r13_t1s_dit_bwd_log3.c	genset	-	-	-	-	-	f464ba7c5e0da91ed3223714397cd64d3430f1964236992ef80ffa4841401822	57016
inplace/avx2/r13_t1s_dit_fwd.c	genset	-	-	-	-	-	2a54b37fa974151a64ccea057736845bcaa6e11ee0f96539f451087801740dfe	55115
inplace/avx2/r13_t1s_dit_fwd_log3.c	genset	-	-	-	-	-	6382b4c950bc120ed5167f04ab75cf06f41c6bfd6bfa8a47e688d38b3aee7496	56634
inplace/avx2/r16_n1_bwd.c	genset	-	-	-	-	-	38bfff31220a70781774ca32fb75593f35b1d81648c8ed63b926a2a87d142d4b	49007
inplace/avx2/r16_n1_fwd.c	genset	-	-	-	-	-	b613072626b842cfb2a028d1827f9e4322960a946da58fb8d19e6687740f59f8	48937
inplace/avx2/r16_t1_dif_bwd.c	genset	-	-	-	-	-	66902bf846cb941b0cbb3b65c89cd74cd43827f0e9df31427eded6339f6a5433	64750
inplace/avx2/r16_t1_dif_bwd_log3.c	genset	-	-	-	-	-	b4e742037aea57f8d0ed486da1f12b1cf685ac81619c4dc3c17df1bb32bdb23d	66148
inplace/avx2/r16_t1_dif_fwd.c	genset	-	-	-	-	-	beb2acc6c44fff196f26784448692eec3618da115d8b548c64e9ed775003338d	64684
inplace/avx2/r16_t1_dif_fwd_log3.c	genset	-	-	-	-	-	121d28a88915c20ed7ccbb7fc376844d4be53126465bcdadcfd4f0cfd32538ba	66738
inplace/avx2/r16_t1_dit_bwd.c	genset	-	-	-	-	-	2b24b50f1b1497916c1ca416b10f3455273c0dfcd0b9020b788a19b6ce29d044	64748
inplace/avx2/r16_t1_dit_bwd_log3.c	genset	-	-	-	-	-	4849487654d7c25ef716cc12840f1e0cec12cccd8832ee36100b1b3c3a570ef6	66802
inplace/avx2/r16_t1_dit_fwd.c	genset	-	-	-	-	-	51594fea1206184c98ff4095bcf70d1d55b24983b40e916199748b181b619e85	64534
inplace/avx2/r16_t1_dit_fwd_log3.c	genset	-	-	-	-	-	c2fa3d1d56c6117a034ab7bb3463f0a5a236801af65aa681c960a5760bdda200	65896
inplace/avx2/r16_t1s_dif_bwd.c	genset	-	-	-	-	-	1b0e50328f596ede204b804b0e4a7deda36ee6740d00ac1d6ec3fe19b79a5b53	63917
inplace/avx2/r16_t1s_dif_bwd_log3.c	genset	-	-	-	-	-	02232692d17fee3b39a7216d3542d41cfdf5e0c2e22c0de2371f82d26778c23c	65930
inplace/avx2/r16_t1s_dif_fwd.c	genset	-	-	-	-	-	d144ac98e64e6c70dc55f013e14c131ea5ad5a7d61259e19c6d1f4fade3c6b32	63851
inplace/avx2/r16_t1s_dif_fwd_log3.c	genset	-	-	-	-	-	0b6fb50882ffc4419abe73e726324586ed6c05b99af328bc4cb949d33e0aea48	66520
inplace/avx2/r16_t1s_dit_bwd.c	genset	-	-	-	-	-	a84830f68f70bdca5a3456a617dc4b397cb0574cf847716fd6271a3f6d9b56fe	63915
inplace/avx2/r16_t1s_dit_bwd_log3.c	genset	-	-	-	-	-	f83896092327c85f3de81e5fe1835195e5caca59cfad3f2fa9370dfdaa350625	66584
inplace/avx2/r16_t1s_dit_fwd.c	genset	-	-	-	-	-	4c144801ec14f7b568495493beac9003410819c637006cdef955592540161256	63701
inplace/avx2/r16_t1s_dit_fwd_log3.c	genset	-	-	-	-	-	7f29a4a8cc27eb8671726cfdd1f06785ee836cac633f38b0369e7984ddadfdda	65678
inplace/avx2/r17_n1_bwd.c	genset	-	-	-	-	-	d15f5517c9b5fcfe7229b7a2a758072a4b22ee3a0e19d425b8cb8074389e957f	63445
inplace/avx2/r17_n1_fwd.c	genset	-	-	-	-	-	40973d30d929005d6619de8133f2a75479d02baf649097e29d7057cf883e9bf3	63195
inplace/avx2/r17_t1_dif_bwd.c	genset	-	-	-	-	-	f484decbedf56e1e49b572a89b91470b95bfc74e81a0798cbaf24fb53df9582a	81164
inplace/avx2/r17_t1_dif_bwd_log3.c	genset	-	-	-	-	-	d3f0c3290d225176c00bc45ec61f77ef5beddb0362e602cc1067e035f861a92b	82680
inplace/avx2/r17_t1_dif_fwd.c	genset	-	-	-	-	-	37213a96e17ead2dd933d40518a342d7f3f813e475d19e7810e99a9ab5ce8fcf	80591
inplace/avx2/r17_t1_dif_fwd_log3.c	genset	-	-	-	-	-	f258a6dd295de3c6dbaaf844043ea89c41c70ba09a5186d894b1cf0c53a5db42	82643
inplace/avx2/r17_t1_dit_bwd.c	genset	-	-	-	-	-	3b84b74e567f92d9d07ae8108ac3e5833072067616d16d2d58de9047ff912fad	80951
inplace/avx2/r17_t1_dit_bwd_log3.c	genset	-	-	-	-	-	54573ed20c5f56a005c60e16942f0469f84eee47063671067e5c5354bf8690e8	83003
inplace/avx2/r17_t1_dit_fwd.c	genset	-	-	-	-	-	66cf6dd275c2d16d706ad0e2bbb054ebb1918b97b6027b72c1eebc4ed23b39bd	80768
inplace/avx2/r17_t1_dit_fwd_log3.c	genset	-	-	-	-	-	5d8a94674f115daf2fcb9ad89a48e43d08e6e27cf9aa850796d0215a2e68bb0e	82308
inplace/avx2/r17_t1s_dif_bwd.c	genset	-	-	-	-	-	082a6f4954bd86cd7e35483dc5baa2eb27fa4c9d013ff5e0c97e027228be586e	80273
inplace/avx2/r17_t1s_dif_bwd_log3.c	genset	-	-	-	-	-	25f6b203ccea21e5dc449f874407e1b591757da30e1e13030253168abd31254f	82407
inplace/avx2/r17_t1s_dif_fwd.c	genset	-	-	-	-	-	11c87570765260713aaab1695b368e2b2212107f7b74cdaa1be499e7e57415b4	79700
inplace/avx2/r17_t1s_dif_fwd_log3.c	genset	-	-	-	-	-	ef60756be7ed8756e8115429d6a95b1bc5e8857a0aebd7a70895b54c5583a19b	82370
inplace/avx2/r17_t1s_dit_bwd.c	genset	-	-	-	-	-	91264e869fbbf03e27c74a66603888c82b0e04712a1ac0e122e777264e1b8f6d	80060
inplace/avx2/r17_t1s_dit_bwd_log3.c	genset	-	-	-	-	-	1cd9b14fc44c2fb5cfef512281e67fbaa1d893ea7bbe6ae271a328900c0d47fd	82730
inplace/avx2/r17_t1s_dit_fwd.c	genset	-	-	-	-	-	556230aa74f414be043b1599af97c4a624d9bd134a43b03b7e377137d87f6880	79877
inplace/avx2/r17_t1s_dit_fwd_log3.c	genset	-	-	-	-	-	0fa45ae049e67354b05dae9831850ed0106381e6d30d1a806de851f47b46ec2c	82035
inplace/avx2/r19_n1_bwd.c	genset	-	-	-	-	-	b52a2bba1018390fbe2b446bf4f5c228769b48c36bcd9dd596efc73a9965a19b	75811
inplace/avx2/r19_n1_fwd.c	genset	-	-	-	-	-	880e0fcadd6c7b14c8625b0cbe54ecc9fca7cbc9c8bbd3f11067a9302ca4638f	75645
inplace/avx2/r19_t1_dif_bwd.c	genset	-	-	-	-	-	ce53ac930809ae0b2610e175339565bb762d12687219aafb5b871f3188bdb521	95802
inplace/avx2/r19_t1_dif_bwd_log3.c	genset	-	-	-	-	-	c739d414d82c2ede11cd74cb4b8815e7f379260940de04f69a2fd7a2c2f8f8e4	97610
inplace/avx2/r19_t1_dif_fwd.c	genset	-	-	-	-	-	61b795ebebb07b4405abc68a8a99d01e76f7015db705f8f8d93f9be5c65a2be7	95257
inplace/avx2/r19_t1_dif_fwd_log3.c	genset	-	-	-	-	-	918700d59838d64da5346b4df48fb7a2a7553adf89a0455e774aa02bba26d1d1	97665
inplace/avx2/r19_t1_dit_bwd.c	genset	-	-	-	-	-	0bb8ae390870ab91a92b8a4d4641138b9fd136ab127f0826efb533541d84922a	95417
inplace/avx2/r19_t1_dit_bwd_log3.c	genset	-	-	-	-	-	3f7841fba76d360376193a36c27f62224e8a6cfc85001f5f51f784ff36b3fef0	97825
inplace/avx2/r19_t1_dit_fwd.c	genset	-	-	-	-	-	fe151da8d0ae5af5f62786245d65da31897d7754a3a2867f5807de8e1a802503	95462
inplace/avx2/r19_t1_dit_fwd_log3.c	genset	-	-	-	-	-	2864b87cdbf07930f9e6797a1af7e7ce97330d2aeb818bf767296c55e4807ed5	97294
inplace/avx2/r19_t1s_dif_bwd.c	genset	-	-	-	-	-	f3df4ab5a08c83830762efadcde9e7545e600773cc78e341d91e8ecf80b68cd4	94799
inplace/avx2/r19_t1s_dif_bwd_log3.c	genset	-	-	-	-	-	220dfcbe146a829c1cbb5b701f440867985bc603a694635dfabe553d2f8b36df	97337
inplace/avx2/r19_t1s_dif_fwd.c	genset	-	-	-	-	-	e6200e76a711f47711d3dc2aea468e82cbafb2b02e15298e4632805b3c4d6e1a	94254
inplace/avx2/r19_t1s_dif_fwd_log3.c	genset	-	-	-	-	-	37f601d62cfb7ea7647b12665fa0926ac5cd8042f58cc3032fcd4b58ea6c6006	97392
inplace/avx2/r19_t1s_dit_bwd.c	genset	-	-	-	-	-	9fe1379d36afdd5bf4e9a807dc5a6ead7ac3ed1fb583e7c973a3b84c6f990c98	94414
inplace/avx2/r19_t1s_dit_bwd_log3.c	genset	-	-	-	-	-	c2babee670f23fd79368d3b5af766ca2655a05cf8e2f31ad47c48eeccd986f0e	97552
inplace/avx2/r19_t1s_dit_fwd.c	genset	-	-	-	-	-	32e6775a15f96404c47a917dc58c4f6d33de1068899e947fef088f3a7a858ce8	94459
inplace/avx2/r19_t1s_dit_fwd_log3.c	genset	-	-	-	-	-	981dc6c827e777db12aa33f01df834d6ab35900a9b52df5ded16388e23a58d54	97021
inplace/avx2/r20_n1_bwd.c	genset	-	-	-	-	-	f1ca512131d8d9e86f44cb5676a9880881216e54be19c5b5297cf03b38b7e06d	75168
inplace/avx2/r20_n1_fwd.c	genset	-	-	-	-	-	1598320b56ca0c7d35715b95cdffa0110f15923bd67ca5a33b60c3555b3e8f38	75410
inplace/avx2/r20_t1_dif_bwd.c	genset	-	-	-	-	-	ea8bba428a52392ad975333e2f88ae880a48e76983860bfe072c4d7f66f5e91b	95756
inplace/avx2/r20_t1_dif_bwd_log3.c	genset	-	-	-	-	-	83f7d1f7836b7f12d987146ef2e62d4cd841b19338fd2914b597b2bf3ca6785d	97731
inplace/avx2/r20_t1_dif_fwd.c	genset	-	-	-	-	-	59822cf7216b680e767e0507c27800517ae9e3355915c3e9071713dfbe52528b	96551
inplace/avx2/r20_t1_dif_fwd_log3.c	genset	-	-	-	-	-	dc28f2ae81748b77bd044b95fe58c7e86fac5f19e7e23d00f487e6e5415fd2bc	99138
inplace/avx2/r20_t1_dit_bwd.c	genset	-	-	-	-	-	671a4f442596e11da6f8c0c7ce5f310e3475ccf46eb8ad5eeb7b39e56b0ecbdf	96379
inplace/avx2/r20_t1_dit_bwd_log3.c	genset	-	-	-	-	-	bea8f4bfc71df6546abfa2e38ca69f19827440b55e1e454e27ed654f52412ff7	98966
inplace/avx2/r20_t1_dit_fwd.c	genset	-	-	-	-	-	7ac9c8bf44b4b58b0bb4739cf69690ffee66ff91682895e39f2d28563584a8fb	95716
inplace/avx2/r20_t1_dit_fwd_log3.c	genset	-	-	-	-	-	325b5e80aa6a6b7464fed73c8a8b2eeef444212bdb12d3546498c4e7c970e07b	97723
inplace/avx2/r20_t1s_dif_bwd.c	genset	-	-	-	-	-	dc1c78c7b7fb48e668eb417c80da0c179e350a7e9a4667406d593df94c5ef274	94698
inplace/avx2/r20_t1s_dif_bwd_log3.c	genset	-	-	-	-	-	d0c725935ef2524bffef7c0fd095e1d387c02aec310d61aae51a81e36fd9140b	97458
inplace/avx2/r20_t1s_dif_fwd.c	genset	-	-	-	-	-	de7c02ccf570f4a1d0e9aee9f1c255bda52d16ca952bd19c56132e338e6653e3	95493
inplace/avx2/r20_t1s_dif_fwd_log3.c	genset	-	-	-	-	-	bbe08aa8eeab1f31e2b778f3d291ef671c6cd10229697d0a27d6148bec3fa6c4	98865
inplace/avx2/r20_t1s_dit_bwd.c	genset	-	-	-	-	-	30e64e91c44d319c7a8b35ea7f490ec4081be0e045d2ebea52e7080d18f81482	95321
inplace/avx2/r20_t1s_dit_bwd_log3.c	genset	-	-	-	-	-	5e0346a245ebfc89bec37ff607890c47b5f230b544d11794193a82e36445527e	98693
inplace/avx2/r20_t1s_dit_fwd.c	genset	-	-	-	-	-	7d43d637a5b551b0a16367b2c0162ed933e8a94daba079ec8ab28ba12b14d179	94658
inplace/avx2/r20_t1s_dit_fwd_log3.c	genset	-	-	-	-	-	178ef42eef8c7ff6d3750840e652b85043cae08af166f43a7d948d55fa88c490	97450
inplace/avx2/r25_n1_bwd.c	genset	-	-	-	-	-	b8832584c2d87d54b74a8abe9c7918253ff4d6460569832f978bfbbb875ec05b	116378
inplace/avx2/r25_n1_fwd.c	genset	-	-	-	-	-	86886aac8d89238de44a6ce4a48de3184f88d8048dd5e25433cd9fa38b651566	116468
inplace/avx2/r25_t1_dif_bwd.c	genset	-	-	-	-	-	a14abf82b62cece93d0cef8e1dad9337d7d7b583de77ddf78077e6aad05002ae	141975
inplace/avx2/r25_t1_dif_bwd_log3.c	genset	-	-	-	-	-	39171f3fe2864326d7318e4174a6454db39fa68894abc962072925ff29ad5dc5	144649
inplace/avx2/r25_t1_dif_fwd.c	genset	-	-	-	-	-	6f56ee12187627effdd7b7f1b093a3bba5c72c6ea9b3b04a5ca80163c0007f00	142637
inplace/avx2/r25_t1_dif_fwd_log3.c	genset	-	-	-	-	-	cb65676dfee982e9c7273892b501134a1582f58342aa4188029f96261c479ad0	146115
inplace/avx2/r25_t1_dit_bwd.c	genset	-	-	-	-	-	6b579ec0e97c857404c93ebfd941f49973a1b0adbf093ccaa9ba4dc4f3d56889	142529
inplace/avx2/r25_t1_dit_bwd_log3.c	genset	-	-	-	-	-	02e1c546111788916de3551001e7723568839d0301a995ca3f629ef5e9ba1ea6	146007
inplace/avx2/r25_t1_dit_fwd.c	genset	-	-	-	-	-	e2ca84442f25ab3557ef5a223fd29def7895195ce91a1b7b7c58ee747ac755e0	141979
inplace/avx2/r25_t1_dit_fwd_log3.c	genset	-	-	-	-	-	4c26b7a58d5038767ed85891b0fbe56df9a986679417a26a95e30e36e6efe04d	144633
inplace/avx2/r25_t1s_dif_bwd.c	genset	-	-	-	-	-	f6a9b54747f5c33d08ed585f8732bd84fae7f4d08cb7e751ee07bfd45deb0add	140638
inplace/avx2/r25_t1s_dif_bwd_log3.c	genset	-	-	-	-	-	db784bff26090bba3f5355315da19cd717a4f2c1cd6ed38d00999f2a9f58d4cc	144376
inplace/avx2/r25_t1s_dif_fwd.c	genset	-	-	-	-	-	c666c6e2422d32006bf782e28540c3ddba69dac84bcb471db0448c6819e70d0b	141300
inplace/avx2/r25_t1s_dif_fwd_log3.c	genset	-	-	-	-	-	bac87ed3fa06ab4d9d5cee458b84bea21fcb5169f6b60a8f0ae1c40ecf137d42	145842
inplace/avx2/r25_t1s_dit_bwd.c	genset	-	-	-	-	-	9b5f9ab8fa6341709dff5aff64a02341f5fc3711921bf95dabc3314856760b32	141192
inplace/avx2/r25_t1s_dit_bwd_log3.c	genset	-	-	-	-	-	8694c09e58be58db7572bd796ea5b972bac3707466cdfc16aa9d081a8fea3324	145734
inplace/avx2/r25_t1s_dit_fwd.c	genset	-	-	-	-	-	f20473d4e0c8f5ab86f83f18387ac007700537679fae6e61736a3e4bb9d50427	140642
inplace/avx2/r25_t1s_dit_fwd_log3.c	genset	-	-	-	-	-	538c3433642aa39818a23578f83d1a0be08b0b00c343b89c97315f6290146ba8	144360
inplace/avx2/r2_n1_bwd.c	genset	-	-	-	-	-	909cb9f2a0528153e974f7e644126da9e634a6c6e8a1a79956871c4cf1cd79e4	4113
inplace/avx2/r2_n1_fwd.c	genset	-	-	-	-	-	c85dfdfafce468aa0d8deee977568510fb3f4730dd84bdb04d5dbd7b245fbc7a	4107
inplace/avx2/r2_t1_dif_bwd.c	genset	-	-	-	-	-	77b4fa44adb258c5c70043e200fcdd525c0bb1fd158ced248562f6c09ba78605	5113
inplace/avx2/r2_t1_dif_bwd_log3.c	genset	-	-	-	-	-	badd2c221dd88c7eb505a4404089785e3f0cbb9be0de6d76f4df8e2deeae48a8	5161
inplace/avx2/r2_t1_dif_fwd.c	genset	-	-	-	-	-	55af5420a5b2f464a92b35118a6b07ca659fade10e9a4b50dbdd3c20a6e15cb4	5116
inplace/avx2/r2_t1_dif_fwd_log3.c	genset	-	-	-	-	-	c5ff17ffda2b3e2cb4777d12c82e61354101fd18195cc1e45293f761f84bd8cd	5164
inplace/avx2/r2_t1_dit_bwd.c	genset	-	-	-	-	-	eaa6b430e386fa02cc8bad6584fbda1707d5e5db25c950423870daf0811612cb	5116
inplace/avx2/r2_t1_dit_bwd_log3.c	genset	-	-	-	-	-	eabb53010ed250a6c60a9be131da2b3cddfd474453fdb63f35e8a09102de7cfb	5164
inplace/avx2/r2_t1_dit_fwd.c	genset	-	-	-	-	-	60b8e2fbe519b79a57db80ecdbc30ce78ddc00e44726502cafe7d8902ed5c3b5	5089
inplace/avx2/r2_t1_dit_fwd_log3.c	genset	-	-	-	-	-	2327acce50891ebfd81a7ac425976ad788b0565f043de1586f0e31ce80f02a66	5137
inplace/avx2/r2_t1s_dif_bwd.c	genset	-	-	-	-	-	424bf81655582ce9c9663e52cea929148f4e7d69a4c21a9aa9cbb7e65e07c457	5065
inplace/avx2/r2_t1s_dif_bwd_log3.c	genset	-	-	-	-	-	7166184af7d71371938721ca672bfce7faed8cfb585c95baa6851dd6f61959e3	5113
inplace/avx2/r2_t1s_dif_fwd.c	genset	-	-	-	-	-	719fcff6e4937316e6b858662f35765e4fa64db1be0762ace6ff6b3254e8407d	5068
inplace/avx2/r2_t1s_dif_fwd_log3.c	genset	-	-	-	-	-	c55fc7684e7621f6503f8236f514f646e40302dba9243d2e5d3c31fa64e01453	5116
inplace/avx2/r2_t1s_dit_bwd.c	genset	-	-	-	-	-	d313de8e24d2887ec9a24f1f63baf1a013d059173bd02821a1ca98e8d810e978	5068
inplace/avx2/r2_t1s_dit_bwd_log3.c	genset	-	-	-	-	-	beaa69b6895f9a82c1ef24eea51e181ec91730a425089a5632bf9d5e5449af53	5116
inplace/avx2/r2_t1s_dit_fwd.c	genset	-	-	-	-	-	0e6e4a7019ee717aa1d44e7e7b8ef0ae19719a3c371c421345ea4c56f99ec066	5041
inplace/avx2/r2_t1s_dit_fwd_log3.c	genset	-	-	-	-	-	5be4fdf145a6dd59a8baa55cfc8068088ceaf65d3b75d5d25e326b3b4120119e	5089
inplace/avx2/r32_n1_bwd.c	genset	-	-	-	-	-	234856de1dd00946192005343995a80872ce5c49f94253a723f0e04e980a7323	118660
inplace/avx2/r32_n1_fwd.c	genset	-	-	-	-	-	c16ed55e9031d8b3754e620fc5a35b54c9d58368fa615deb74ad38b57df5c785	118176
inplace/avx2/r32_t1_dif_bwd.c	genset	-	-	-	-	-	83e2c8bffafca431e322927f6c6bd4d2b3a454b08266f949a21948a24b382087	152084
inplace/avx2/r32_t1_dif_bwd_log3.c	genset	-	-	-	-	-	7ab515744bcfdc3128b54079689c39168b3fdde9d67b3d3e15ae6a6fa14989cf	155624
inplace/avx2/r32_t1_dif_fwd.c	genset	-	-	-	-	-	c6983fc166e3e700f11730674c004332d60fe3f7e4acd90e2378c534ce69e001	152216
inplace/avx2/r32_t1_dif_fwd_log3.c	genset	-	-	-	-	-	f96fcdbdde415869429f1ddafce5326e1ac51d7d143ffc284420d739ff7b8326	156940
inplace/avx2/r32_t1_dit_bwd.c	genset	-	-	-	-	-	d07605f6517c542bb65a577ae3929fa452d7306526e05561ef40762383cde8bb	152754
inplace/avx2/r32_t1_dit_bwd_log3.c	genset	-	-	-	-	-	a8f2f3e384a4c0a12bddc29b74a3d1bfa67702445b6be39f4b83abe482a82b98	157478
inplace/avx2/r32_t1_dit_fwd.c	genset	-	-	-	-	-	07c32177fa987d5e06c95b93fdc2f206eeeb442d9b83cd3bc345e6b30981525a	151358
inplace/avx2/r32_t1_dit_fwd_log3.c	genset	-	-	-	-	-	015d7be0e40530f30aafbfb66334506b4e5eb75bac91039f9ae0f6efbe9ad713	154942
inplace/avx2/r32_t1s_dif_bwd.c	genset	-	-	-	-	-	af9678587063afa543eda757d6ee01d7c360a265b10fdbd406c2d1be2a911e96	150354
inplace/avx2/r32_t1s_dif_bwd_log3.c	genset	-	-	-	-	-	c1011a6f55f73448b4049c436ec362f94b1257e43fe788ac9a1c2acc24ddcdf9	155351
inplace/avx2/r32_t1s_dif_fwd.c	genset	-	-	-	-	-	001f3dd2195927da84dcffc0c10a16a03777297da05faa480cb75f593ce7bad4	150486
inplace/avx2/r32_t1s_dif_fwd_log3.c	genset	-	-	-	-	-	8e43554e2de1c40df486dd01c96bc74f7af409c86092eda7e550517b006dadd7	156667
inplace/avx2/r32_t1s_dit_bwd.c	genset	-	-	-	-	-	dac8388bece73b3604816de74c830a61240b44f2da9d1aa6ed8379aea30ec37e	151024
inplace/avx2/r32_t1s_dit_bwd_log3.c	genset	-	-	-	-	-	1b643e23d5904c2927970bf4d300be79487bd91cc8399cc8970e96c328b845a0	157205
inplace/avx2/r32_t1s_dit_fwd.c	genset	-	-	-	-	-	8db731e6d937845b9fb15109e499fb5433da17a6816655ce35ad0edd14661a4f	149628
inplace/avx2/r32_t1s_dit_fwd_log3.c	genset	-	-	-	-	-	a0d818646b029e6c48e08a90edf0ea5d736eb61b372705ea80e96d97b3b9d136	154669
inplace/avx2/r3_n1_bwd.c	genset	-	-	-	-	-	a9d6a7e9c00b62ca373ca7dc7618288264521090b8727a4221c5de1131c6444f	7081
inplace/avx2/r3_n1_fwd.c	genset	-	-	-	-	-	0d773d62cca87a540322f00653f8ddae21480359214afaf76621287e92d03f1e	7075
inplace/avx2/r3_t1_dif_bwd.c	genset	-	-	-	-	-	e0d6bd649543929eae9bbbba9d13ed4e92037a6252a1bf8358f084fd0da7a0dd	9082
inplace/avx2/r3_t1_dif_bwd_log3.c	genset	-	-	-	-	-	02eb75a569cf5f41466efdc64eeb97fdc5f1ce579d48ce6f9b67eda8d2c19af5	9130
inplace/avx2/r3_t1_dif_fwd.c	genset	-	-	-	-	-	6133c1254df445b42c4d1827eec51b700503eb746ab3476fca1a3d0fdc593847	9080
inplace/avx2/r3_t1_dif_fwd_log3.c	genset	-	-	-	-	-	a7e7e4fd24dfb3065bab82a6293166a37c8afd28e6359364e69e127745d2ec76	9128
inplace/avx2/r3_t1_dit_bwd.c	genset	-	-	-	-	-	6b6a4b86ea0592985b6dd1187c8eed9f14fd4b04066eabc6e03249ce550c0989	9080
inplace/avx2/r3_t1_dit_bwd_log3.c	genset	-	-	-	-	-	a6973d9145eb4f4a707c008984d4f33e999780a1f30ce49463e8e9b02f2fb459	9128
inplace/avx2/r3_t1_dit_fwd.c	genset	-	-	-	-	-	5491091d2711e1c795b1ffdb07d67ebc6362709a929226aae0c8204ac11c4d75	9058
inplace/avx2/r3_t1_dit_fwd_log3.c	genset	-	-	-	-	-	0d70114324a486863f43fbfc176203d3c944e88c01f1584246c9ced39fbea0d5	9106
inplace/avx2/r3_t1s_dif_bwd.c	genset	-	-	-	-	-	fb320eef5f4793ba17660157e286d7ba5bf916c06d0676d75a63d84b00d70f15	8975
inplace/avx2/r3_t1s_dif_bwd_log3.c	genset	-	-	-	-	-	c7ccce13375d35a313d734d4dedca3900716d0ee727031978d8c69362e38fc4b	9023
inplace/avx2/r3_t1s_dif_fwd.c	genset	-	-	-	-	-	0bbf8979d8148579ddec19537330f3aeb6d0ad3fbf5f1cff92886fffad7e4547	8973
inplace/avx2/r3_t1s_dif_fwd_log3.c	genset	-	-	-	-	-	8c807680db5020978d8fc35070dc15c45b9705a7fdc55c228d977f76b0cf5c97	9021
inplace/avx2/r3_t1s_dit_bwd.c	genset	-	-	-	-	-	eee312929275a219b00d2524d0e9f9a86080794cc026ee79ee2838fef588c11f	8973
inplace/avx2/r3_t1s_dit_bwd_log3.c	genset	-	-	-	-	-	dab4277f2eff3629eb0719f4acbcd857901f2c7a7e014d9ebbaca7b1446d7039	9021
inplace/avx2/r3_t1s_dit_fwd.c	genset	-	-	-	-	-	ed9bcc4eb03766582c8a097bd41ed8d43cf5cd995620b1b195b407c874ec9aa8	8951
inplace/avx2/r3_t1s_dit_fwd_log3.c	genset	-	-	-	-	-	be8825851672a8248f79118d0137ea2b19db1654e581d010afc7548e3dc5f6e9	8999
inplace/avx2/r4_n1_bwd.c	genset	-	-	-	-	-	79daf4aa55e392a094f5bc4960511e3ed3ce4ba3208806eef27e8eee6f7da4a8	7851
inplace/avx2/r4_n1_fwd.c	genset	-	-	-	-	-	73ca347d37b3092c877b375bd7d9ed912bb5ad8a5aba620701fd0b43547130e2	7845
inplace/avx2/r4_t1_dif_bwd.c	genset	-	-	-	-	-	635f3c2a634f830597699a530005c9cd7b6e0016eab469972045ecd5df7a836c	10850
inplace/avx2/r4_t1_dif_bwd_log3.c	genset	-	-	-	-	-	7fda76a7007799c3322397bebe9050d7447e5ecf3fa1a33f8ebadb029a52ce10	10984
inplace/avx2/r4_t1_dif_fwd.c	genset	-	-	-	-	-	b14a5db63b1a198fc890ff7f776033832acbeb4efa7df35ddf74b640f08cf94b	10820
inplace/avx2/r4_t1_dif_fwd_log3.c	genset	-	-	-	-	-	cccc260ff48fce60511f45ce092df3c29bc5e816ac21314d47307e6b9469a30c	11022
inplace/avx2/r4_t1_dit_bwd.c	genset	-	-	-	-	-	b0af14e3aefa120e29c6d12c4c567e4a468fc97dbe4b26c6f102b3d374e3db7f	10820
inplace/avx2/r4_t1_dit_bwd_log3.c	genset	-	-	-	-	-	22ec69385a9b244d9a3242f16f42a6450de5f2e1100f47a76fc6e625b064d37b	11022
inplace/avx2/r4_t1_dit_fwd.c	genset	-	-	-	-	-	5fbb31408988e96341a73154cb12c243b600b3a48b8c5cb6ddde8490e8fd814b	10826
inplace/avx2/r4_t1_dit_fwd_log3.c	genset	-	-	-	-	-	28943fe83ea19532d8bc38ef8a6e06018d639aa1bffcc3ce0faaf1d6c6073c2f	10960
inplace/avx2/r4_t1s_dif_bwd.c	genset	-	-	-	-	-	b68d5c81c1894a69fe7e9d1314558e8c6d202b59ed581513398b4ac9418814f1	10687
inplace/avx2/r4_t1s_dif_bwd_log3.c	genset	-	-	-	-	-	ed7cc5163cbbfbb58db83b9b296ebce45e4de117d20fb5e4052e77eaf9df9366	10877
inplace/avx2/r4_t1s_dif_fwd.c	genset	-	-	-	-	-	691bff3b41df5245925c006f4951120a34b53e69d2d9c5a5152512fb805aacc0	10657
inplace/avx2/r4_t1s_dif_fwd_log3.c	genset	-	-	-	-	-	039a50e2cf3589d22660e026b054c9e49e654fc915fe22a5690f17a90287f2c5	10915
inplace/avx2/r4_t1s_dit_bwd.c	genset	-	-	-	-	-	fcd8fa177e26438e7d9acab78dfbb806f5ee4a75ff3fcd0a48369a8e965b8b59	10657
inplace/avx2/r4_t1s_dit_bwd_log3.c	genset	-	-	-	-	-	3f875fb83a9dfea591f557f9b91effc9d942bbdbfbd2cbd175678ae0dda81888	10915
inplace/avx2/r4_t1s_dit_fwd.c	genset	-	-	-	-	-	315edf1f69de4120cf31a910a5a0667bb0c534b1a10521404fc2d1f50b0747a5	10663
inplace/avx2/r4_t1s_dit_fwd_log3.c	genset	-	-	-	-	-	30f1b2b8a83c798f457c4a6e0687de5e9075cc2f48ecbda5923cc3c3986ab8a0	10853
inplace/avx2/r5_n1_bwd.c	genset	-	-	-	-	-	a7e983ecf2d7b26e06650c0e12b49644d5e9ea90fef2e3c855ac112bddab184e	13322
inplace/avx2/r5_n1_fwd.c	genset	-	-	-	-	-	dbfbc76b695ad899c909a8a702e05f6186509421db10380ad1efbe3c9c3f3cd3	13316
inplace/avx2/r5_t1_dif_bwd.c	genset	-	-	-	-	-	2fb3f7e41d36ee729daf433ac1979ca0134b6ab57a289fc3205d0b37c8584795	17458
inplace/avx2/r5_t1_dif_bwd_log3.c	genset	-	-	-	-	-	4856b132afd0449cc3e29bfbb9939893abbc18255b998ff8acf127cebd6bf552	17629
inplace/avx2/r5_t1_dif_fwd.c	genset	-	-	-	-	-	9bc8cb7a57b180c860b498e1a5a1819b41d51c458368ae92781c3285224fe11c	17516
inplace/avx2/r5_t1_dif_fwd_log3.c	genset	-	-	-	-	-	cdf31e491fe2a7f001d6b63b7862e50e9534c7343c5087c2184ccd09716d26c9	17719
inplace/avx2/r5_t1_dit_bwd.c	genset	-	-	-	-	-	b5986386652427c926a4b0f04e3fc415d9a86bfad693b15b33f3973c006f28ce	17540
inplace/avx2/r5_t1_dit_bwd_log3.c	genset	-	-	-	-	-	9940a173cbbb362dd6e24f563c8e9db869e0274ba40581f3562f8366e2764dcf	17743
inplace/avx2/r5_t1_dit_fwd.c	genset	-	-	-	-	-	3ad5b7bad55763f67cc9f641731316d125c6cc3698533358c84137057e712a7e	17398
inplace/avx2/r5_t1_dit_fwd_log3.c	genset	-	-	-	-	-	4359674507ccac360c880f29fa094a6e84747dfc780a1f5067285fa1d9d314c9	17569
inplace/avx2/r5_t1s_dif_bwd.c	genset	-	-	-	-	-	85b05554554852735323cbc96351b1fb219c87b45804641f8e94791d5c4e7557	17240
inplace/avx2/r5_t1s_dif_bwd_log3.c	genset	-	-	-	-	-	92cb0e7b54dce30341470be680c10703da0fe6ca70d796b124c75c200b7bbc3a	17467
inplace/avx2/r5_t1s_dif_fwd.c	genset	-	-	-	-	-	075c08dd006f38ae2efacdfc94cedec72d77a74ee72e5f6daf459ecd1147cc50	17298
inplace/avx2/r5_t1s_dif_fwd_log3.c	genset	-	-	-	-	-	d5c86d4885792f76da8bffffd3b091a14d2b52bb6556d800fabc466b42fe326a	17557
inplace/avx2/r5_t1s_dit_bwd.c	genset	-	-	-	-	-	f1acc41ff3d108c2878d500677cc9007cff62dd012bae9b3590402864bcea52a	17322
inplace/avx2/r5_t1s_dit_bwd_log3.c	genset	-	-	-	-	-	1bcbbcd980d307099b119b562e4e7d3cd45b08dfcbb01295ac8803696c6cd74b	17581
inplace/avx2/r5_t1s_dit_fwd.c	genset	-	-	-	-	-	d8433f3912ef8048f7012ab67125a26bcd6566427468f7808699f951ae702d53	17180
inplace/avx2/r5_t1s_dit_fwd_log3.c	genset	-	-	-	-	-	1250ddb00cb6a7851c4189e5cff20a05d26f026d6ac1c7ea1b4f903368711c28	17407
inplace/avx2/r64_n1_bwd.c	genset	-	-	-	-	-	23080fcc515fb72ed957e1b113e9a4bc206aad29ec99425c7e9bdabcb3a65c22	280378
inplace/avx2/r64_n1_fwd.c	genset	-	-	-	-	-	4abf61ce309cd3786695750db025344f249667f1e651d0e29db7ca4c60c6a58a	280165
inplace/avx2/r64_t1_dif_bwd.c	genset	-	-	-	-	-	22635a7193578970d8c83aded3fd4ad3e9bc20bf2aae6e609626c5d6086bd064	348855
inplace/avx2/r64_t1_dif_bwd_log3.c	genset	-	-	-	-	-	cfd30d35610b2a7feb0fe6e63a292cfe17d1c65a799a897a9c97fdd906063f66	356961
inplace/avx2/r64_t1_dif_fwd.c	genset	-	-	-	-	-	0e15680bebe37357a16cf037961b12d2689c03ed5a3f22306738367d5a0a0919	349544
inplace/avx2/r64_t1_dif_fwd_log3.c	genset	-	-	-	-	-	a5c65ab815bc22390d60c0d150bc0e8d2925914dfa5ab3a23e768fddf14e7e2a	360010
inplace/avx2/r64_t1_dit_bwd.c	genset	-	-	-	-	-	26fa1096585bc1c3d7efa9ea46c1640218137f91ddc560309aac692fafb784dd	349813
inplace/avx2/r64_t1_dit_bwd_log3.c	genset	-	-	-	-	-	9921a9e842df923f32a939692939e5090b9be9a21a835c31798c50e65eccbcb6	360187
inplace/avx2/r64_t1_dit_fwd.c	genset	-	-	-	-	-	adb3b43298aeccb7b63cfcd4a42e28efbf7078374680fccd76686f4339705f5f	347510
inplace/avx2/r64_t1_dit_fwd_log3.c	genset	-	-	-	-	-	cdc02eecec15b8ed3d62f17e46555cb4eebe9d7b5fea51f27884a878584b3dbc	355736
inplace/avx2/r64_t1s_dif_bwd.c	genset	-	-	-	-	-	2e7c42858f9613ec2936d61ddb70d1eaa42a24397afde735659ebcbc1bb70b66	345335
inplace/avx2/r64_t1s_dif_bwd_log3.c	genset	-	-	-	-	-	75cfba90d509bd09f54f2c4647926e844f371d88160149063ccb95c30e0877df	356632
inplace/avx2/r64_t1s_dif_fwd.c	genset	-	-	-	-	-	13b4af58c5336ff6c0289c2d4a96c8f4c88bdad599cec563f526667478c4da96	346024
inplace/avx2/r64_t1s_dif_fwd_log3.c	genset	-	-	-	-	-	f3400452cba75207db276b65e2a0d0e93d67e300275854873dc5c7354c145c56	359681
inplace/avx2/r64_t1s_dit_bwd.c	genset	-	-	-	-	-	973ec3638c4863db3c61118b416706f2c9f75329ee27cb2f62021e44831b04b3	346293
inplace/avx2/r64_t1s_dit_bwd_log3.c	genset	-	-	-	-	-	4877e2f6994b76df80c6b3c3a6dcaceb1797055bf2b78e6a108319985589e1f7	359858
inplace/avx2/r64_t1s_dit_fwd.c	genset	-	-	-	-	-	764757adfb9d7e1488e4c30123a6dcba0958caa77c3d8387de18f24804d84860	343990
inplace/avx2/r64_t1s_dit_fwd_log3.c	genset	-	-	-	-	-	f64450020c69e67509a1984e82eb2368b490fe6df6b19a58883402cff4c36e7b	355407
inplace/avx2/r6_n1_bwd.c	genset	-	-	-	-	-	7318c2b9e0df5c2ced09ca6713c0e0d1714bb307f2be0b74499626482165a768	15661
inplace/avx2/r6_n1_fwd.c	genset	-	-	-	-	-	367b59314c08a686a3532b7fb04649959fc77804e47612576dd5709fe7f1ae2d	15823
inplace/avx2/r6_t1_dif_bwd.c	genset	-	-	-	-	-	1b35c68d12b011739906d9e09354e0a1ca3c59a3967f03c3f3fc73e4620f942a	22299
inplace/avx2/r6_t1_dif_bwd_log3.c	genset	-	-	-	-	-	f1ba8800dca634506baaae5ee1e54900829e7d1cb00ca2758e1424731f7928f5	22639
inplace/avx2/r6_t1_dif_fwd.c	genset	-	-	-	-	-	e61c9e0ac13c79a372e2ff4b62e2a5a96b80b3ddc8cf61ab463860a7d62ccf32	22593
inplace/avx2/r6_t1_dif_fwd_log3.c	genset	-	-	-	-	-	7368cc24302fa734e4f588a70eae731763a1f5e65a770038dd1234d623d986d4	22925
inplace/avx2/r6_t1_dit_bwd.c	genset	-	-	-	-	-	a2e40398ac8ba8273475a93d835136c608f5a571b0445c1e50e88a6063d3d5d1	22447
inplace/avx2/r6_t1_dit_bwd_log3.c	genset	-	-	-	-	-	43e4dd7eeb7784472dd32544abc58e02ca479f08965ad0ecaf4446537f6326db	22755
inplace/avx2/r6_t1_dit_fwd.c	genset	-	-	-	-	-	aec4a3fc47fbabeca2696851024f1fa86c2dcc66d62a9d877e5a397dd92775c6	22419
inplace/avx2/r6_t1_dit_fwd_log3.c	genset	-	-	-	-	-	5467f934e37d98169d2eadb048599ff7edd53fac805907a29dd0c6b08ab5fb07	22759
inplace/avx2/r6_t1s_dif_bwd.c	genset	-	-	-	-	-	b79e0baddd43eb20d9ee596d661d5bab6d92b12867bdeef96371721d7e361004	22026
inplace/avx2/r6_t1s_dif_bwd_log3.c	genset	-	-	-	-	-	1ebc7bd3924e3cba8eb20085a2b575c1c757685198dc63ba2a9640d1d9d42ab6	22477
inplace/avx2/r6_t1s_dif_fwd.c	genset	-	-	-	-	-	1df17b3140faf67d5667a7a0fc499413ec17cd4da4f3d1c7d6b3248b4b29376b	22320
inplace/avx2/r6_t1s_dif_fwd_log3.c	genset	-	-	-	-	-	3dd5d1416163a6261111d36c0fd0ef4fc72d18a204f398e4396b1919c7721699	22763
inplace/avx2/r6_t1s_dit_bwd.c	genset	-	-	-	-	-	76b643c317d843ee97322647e093b5e564f5f15c39e492899f6f9ca70210e60b	22174
inplace/avx2/r6_t1s_dit_bwd_log3.c	genset	-	-	-	-	-	3dc4f6a8f05836c5e8d3d7cdc062b7783a5a9640cd2a35e5bbd3b79d71756831	22593
inplace/avx2/r6_t1s_dit_fwd.c	genset	-	-	-	-	-	8d0244f70fa7e4cc4d2ed8e9a288d7e3959f2c017abcc1b9cca07e3b6be0687d	22146
inplace/avx2/r6_t1s_dit_fwd_log3.c	genset	-	-	-	-	-	3e764b7f7e7bbd5dc055c179636e701dfdce1347c88c454af6ebc6b8b0934b6f	22597
inplace/avx2/r7_n1_bwd.c	genset	-	-	-	-	-	3f615253cfc7b780d69a425ac5722c282fed02078a22ba9a75d3399f8254b811	19150
inplace/avx2/r7_n1_fwd.c	genset	-	-	-	-	-	126b1ef35f2ffced75a1a26b96050247babe76b57ca5da789213c1c1a51e3cfe	19144
inplace/avx2/r7_t1_dif_bwd.c	genset	-	-	-	-	-	960ed1e3c7e3101f4682527bad1fbab92afee7bb1686164cfb5191066dfc7a3d	25183
inplace/avx2/r7_t1_dif_bwd_log3.c	genset	-	-	-	-	-	5b56c37920fd8f118835af23ce9b1f63df2adf0c7d76ddd63de245ebddca7220	25613
inplace/avx2/r7_t1_dif_fwd.c	genset	-	-	-	-	-	a117626a00bd484ecb5906806b2eb549297c64ef233cddda0acbcb7d2591e8dc	25357
inplace/avx2/r7_t1_dif_fwd_log3.c	genset	-	-	-	-	-	7c7f9345184942c4563750653c1d23fc9c1efbdf548c7ab294d5a3d7b5de7808	25899
inplace/avx2/r7_t1_dit_bwd.c	genset	-	-	-	-	-	b434d875d5ccefb48c6f49bf4c2a7da426f5a86f9bc0002a5a4efe21cefa1001	25357
inplace/avx2/r7_t1_dit_bwd_log3.c	genset	-	-	-	-	-	df88d1ab4c3395344ca76c6c6cfd90bde761f54b11d561777cb4cb8a565460c3	25899
inplace/avx2/r7_t1_dit_fwd.c	genset	-	-	-	-	-	6bd43fea5b75b8a9687ea6436e91cf23296f315b1bd27f6ef7f3f2d82dc89648	25159
inplace/avx2/r7_t1_dit_fwd_log3.c	genset	-	-	-	-	-	602c4be20764f2da89463edfbfecd71fa183e1eadb0c8af0fe0ce9a0e32e673d	25589
inplace/avx2/r7_t1s_dif_bwd.c	genset	-	-	-	-	-	a03aac7133b97a040afbec867b2197be315a0b66658a7b95c554d6993e2d2027	24854
inplace/avx2/r7_t1s_dif_bwd_log3.c	genset	-	-	-	-	-	b8ce66fb280db9a4b2b5d529142be0a6358edf834093e841eb23cc82ed1e9c1d	25451
inplace/avx2/r7_t1s_dif_fwd.c	genset	-	-	-	-	-	1d611eb4cb422f3f1058d1dd4976b36869593faa6b7736ce7f5d3ce2eeddbede	25028
inplace/avx2/r7_t1s_dif_fwd_log3.c	genset	-	-	-	-	-	ff21ed28dc4fe7fa443c8c5159f16e432261c73a83f439aaf739bd99a8e8136c	25737
inplace/avx2/r7_t1s_dit_bwd.c	genset	-	-	-	-	-	7526aa9254cfc83f2bdb0bd527d5d6b1be49c21aa9fb8ddf398d9b25ad1d4cfe	25028
inplace/avx2/r7_t1s_dit_bwd_log3.c	genset	-	-	-	-	-	169e8b59fcb4d38b8fd44415e7c1521e7b400fcd4c49a1307981dd6c06fa61ec	25737
inplace/avx2/r7_t1s_dit_fwd.c	genset	-	-	-	-	-	def9a30e13954b7b22a03122165440c79a65785cc2458f01a4396fb46fdd9313	24830
inplace/avx2/r7_t1s_dit_fwd_log3.c	genset	-	-	-	-	-	6b8be2eb4a79308458bc26af4d7fca3ab8ee94d9b3677f7f4e00665fcabe904a	25427
inplace/avx2/r8_n1_bwd.c	genset	-	-	-	-	-	6caf11698a63b304b37e71a6eaee209fa293d4985101ce9eb0e9687a2e981da2	18316
inplace/avx2/r8_n1_fwd.c	genset	-	-	-	-	-	a65728bc688183d6ff9fca652af9b31de8211905332c362eabe860acadf66bd7	18232
inplace/avx2/r8_t1_dif_bwd.c	genset	-	-	-	-	-	04fc6fd432ee714ca991eb7b955c92f4b9c1fb6e81ac3d7c20b29544e6080046	27622
inplace/avx2/r8_t1_dif_bwd_log3.c	genset	-	-	-	-	-	e647f5ac977f535daa3c34f7da2ac5ad8b811d766de09ac332b93b82bb451d3d	28111
inplace/avx2/r8_t1_dif_fwd.c	genset	-	-	-	-	-	905c515693fb13bce2f4a437d295918a737d0d5314ad98896da58ca91f273686	27564
inplace/avx2/r8_t1_dif_fwd_log3.c	genset	-	-	-	-	-	9f3d81497560313f6fdc3f09a2ff8c669e1336a4ebe8ecd02538bc1e38cd0113	28171
inplace/avx2/r8_t1_dit_bwd.c	genset	-	-	-	-	-	9ab863735860bbb54c6c5d0f78d25f70109073811ffb3c8184c0ab98eca0d7b9	27656
inplace/avx2/r8_t1_dit_bwd_log3.c	genset	-	-	-	-	-	757e50da9e5f0e87ae1211578352c96a3bcf4cb7d90fbfb7dfeb55f083592ff7	28277
inplace/avx2/r8_t1_dit_fwd.c	genset	-	-	-	-	-	18f0674a05deb98696ecf61c7e701b8c324e2d1047c5b45d73defd96938916e1	27396
inplace/avx2/r8_t1_dit_fwd_log3.c	genset	-	-	-	-	-	84e52f0323509112d37f37ddd07dcd3476c5f49fc789d989493c7e190b6b9f9c	27897
inplace/avx2/r8_t1s_dif_bwd.c	genset	-	-	-	-	-	0ff73cac1879111187b0bf875dd97e362b354fa991d0c81a6373b2142ab731d8	27237
inplace/avx2/r8_t1s_dif_bwd_log3.c	genset	-	-	-	-	-	e1ec0bc02ac4c53ac42be88981f1ac59c163702461707c2a037194a0a8636866	27949
inplace/avx2/r8_t1s_dif_fwd.c	genset	-	-	-	-	-	6bdf9f6cfdfec63b0f8cfa4f27ec405a5ac6f2cb0d59a647403e4488d86b85ee	27179
inplace/avx2/r8_t1s_dif_fwd_log3.c	genset	-	-	-	-	-	f943e79ca7ae787838f7144febabcf452104dc82133c504f3fa041d2e31844bc	28009
inplace/avx2/r8_t1s_dit_bwd.c	genset	-	-	-	-	-	b558d34093d44d82cdef49c1893a26503d90669f17e63f510c914973afae9a9d	27271
inplace/avx2/r8_t1s_dit_bwd_log3.c	genset	-	-	-	-	-	2fcdfc606bc1f86270ff043de638f9e95348b407159e6940443cabd40c94d50a	28115
inplace/avx2/r8_t1s_dit_fwd.c	genset	-	-	-	-	-	c27802b681ada453bf855e5aa3ffb516ec429eee7eb82418515f21a84fff0a70	27011
inplace/avx2/r8_t1s_dit_fwd_log3.c	genset	-	-	-	-	-	f7cc27269451695187c6242e4328bbd1e60706e8845c5a1e8d94ab62ddec2ae1	27735
inplace/avx512/r10_n1_bwd.c	genset	-	-	-	-	-	58483ae20c62cdfa643c5a1ed157c775bd67c30f92922e47a22a2813ee93c771	25567
inplace/avx512/r10_n1_fwd.c	genset	-	-	-	-	-	7c34f034aef708f2f768d74b680eec96822f3adebac51e437ffcfbabed63574f	25729
inplace/avx512/r10_t1_dif_bwd.c	genset	-	-	-	-	-	f9a5cc03c09d1bff549c2273193e2593f7c52118d98d3c849e1ec3c7af379e83	37859
inplace/avx512/r10_t1_dif_bwd_log3.c	genset	-	-	-	-	-	641c20c94b832dbe1496036dd16b248133378f2a8966c06ad9745830343fa6c5	38247
inplace/avx512/r10_t1_dif_fwd.c	genset	-	-	-	-	-	4e47aba3d581367b90681f234bb714061d00e266e1ca2c77b596089deae45ca9	38191
inplace/avx512/r10_t1_dif_fwd_log3.c	genset	-	-	-	-	-	cf4c2828c6075eb3a53e3d78cf92d26bc6f6fd0e27eeb36db993092cfc2783a4	38834
inplace/avx512/r10_t1_dit_bwd.c	genset	-	-	-	-	-	da513073ee9c4022cd1057e2786d4ebcd0a9d5f7fc39e6357ee42931cb0c14ba	38011
inplace/avx512/r10_t1_dit_bwd_log3.c	genset	-	-	-	-	-	df5a6ba2b89dab561fc84d19552993ee1b2bc9e2280f3bd75072794cd9de5e30	38648
inplace/avx512/r10_t1_dit_fwd.c	genset	-	-	-	-	-	2486f95cc471a6beaefd1b54d85a4dbae7da6615269e55459f468815eaa5d75c	37992
inplace/avx512/r10_t1_dit_fwd_log3.c	genset	-	-	-	-	-	2ca20f7f600eedb1cbaa65e733c6ddf8309d3ec14ce87353d585dc8fa38193d1	38407
inplace/avx512/r10_t1s_dif_bwd.c	genset	-	-	-	-	-	58a99e751622da6bfe28ba682301deec810a1ddd8cc8fc4b1e5330c7580442d5	37272
inplace/avx512/r10_t1s_dif_bwd_log3.c	genset	-	-	-	-	-	240c448ebe57b923ad20277729068bb3c433dab083c0d21c9c854fe4d646d58b	37989
inplace/avx512/r10_t1s_dif_fwd.c	genset	-	-	-	-	-	9206efc83860cb0d1b396170d8c34b9a0a13c7547b05b9b532fa127621bd75ff	37604
inplace/avx512/r10_t1s_dif_fwd_log3.c	genset	-	-	-	-	-	e7f8e74e25dec9aa6ebdd58e0218702bb6c550ba42a4011dfa6aea4594f19256	38576
inplace/avx512/r10_t1s_dit_bwd.c	genset	-	-	-	-	-	517f29c191c96d113b7273a4d02c90c3b26b55e03f8b446fab42109bf26c32cd	37424
inplace/avx512/r10_t1s_dit_bwd_log3.c	genset	-	-	-	-	-	fc6b8040130c3028e440321092a589a0faae8944c1c8abae91168dc3f974140c	38390
inplace/avx512/r10_t1s_dit_fwd.c	genset	-	-	-	-	-	58a133c034056c8d808492395c44059b3a223a8ac42a050eced73adfefe8b247	37405
inplace/avx512/r10_t1s_dit_fwd_log3.c	genset	-	-	-	-	-	a65ead62ce81bcca16886e1b605498f362566deaa70331578882ed895264bae0	38149
inplace/avx512/r11_n1_bwd.c	genset	-	-	-	-	-	db623400010e12d878f21568b62cc205a3e779d766ee40c0ebc3f47d697d3aa5	27452
inplace/avx512/r11_n1_fwd.c	genset	-	-	-	-	-	e442e47eef8c4a2448dc363e0544148c9f98140f2e2cefa48e4554c7e4a66815	27384
inplace/avx512/r11_t1_dif_bwd.c	genset	-	-	-	-	-	4d9624dfa68a2273d3c79c39161e3ecfea199406804babe392b94ddce40ebcb0	36033
inplace/avx512/r11_t1_dif_bwd_log3.c	genset	-	-	-	-	-	9df08bb06ccc7dc009487bd1dbe0e715fdf248f2450968e558acdacff6f9af07	36570
inplace/avx512/r11_t1_dif_fwd.c	genset	-	-	-	-	-	bd1719d389f1e033f6a2a671790dde436c714e5556ab8336cc2f83a49a72ff41	35902
inplace/avx512/r11_t1_dif_fwd_log3.c	genset	-	-	-	-	-	2a440bf2fdebddc6cafdf860f05f01456d4dbc8a7bf741b445eb08b7ab72774c	36646
inplace/avx512/r11_t1_dit_bwd.c	genset	-	-	-	-	-	b859112ea24d5a362da3662b6ac4baea35cd0667596bdfda976bfaa443a4ebb0	35964
inplace/avx512/r11_t1_dit_bwd_log3.c	genset	-	-	-	-	-	92d090e231952b74131c2c9a809dd884e1e61019aff859876d4327562595187d	36708
inplace/avx512/r11_t1_dit_fwd.c	genset	-	-	-	-	-	220f1e04a5827e76561910df3839346ff96eb765ab05dda6be5df6683901c7d1	35785
inplace/avx512/r11_t1_dit_fwd_log3.c	genset	-	-	-	-	-	ed5d036a330697c191268eaf1d7b4a1f5a539f146cbc68cd617d7c0b286a3b5e	36331
inplace/avx512/r11_t1s_dif_bwd.c	genset	-	-	-	-	-	4802492682d3efbcdb2992a51be03d3247f2aa8f19027dd490e1b31839d9d1a2	35380
inplace/avx512/r11_t1s_dif_bwd_log3.c	genset	-	-	-	-	-	f51e23b19396ee6de98d934e9fedc6e150b6d2c967292edda14d7d48577da684	36312
inplace/avx512/r11_t1s_dif_fwd.c	genset	-	-	-	-	-	9508491aeb99e972d3d11a76cc6cdaf9d880b7f42495edec0056198344122121	35249
inplace/avx512/r11_t1s_dif_fwd_log3.c	genset	-	-	-	-	-	aa866a55d90578223814870b199fe888b80bdf77d07489825438be327a1eb796	36388
inplace/avx512/r11_t1s_dit_bwd.c	genset	-	-	-	-	-	55f1d29039ac2aeca880187e8f4ebbc968452055c4f26da6daa9a92cb4fa4674	35311
inplace/avx512/r11_t1s_dit_bwd_log3.c	genset	-	-	-	-	-	8de21e2df33c3906c1d8064859af637119613fced69796f267855652261b0d59	36450
inplace/avx512/r11_t1s_dit_fwd.c	genset	-	-	-	-	-	3a61eb85b109577881fc61605744ba3b88859f368c1dbc375c562f10ca6b7d84	35132
inplace/avx512/r11_t1s_dit_fwd_log3.c	genset	-	-	-	-	-	0c3e2643fdff85cbef1a1fc3390c23e02c248892bd23bb4c524b4248783eeca2	36073
inplace/avx512/r12_n1_bwd.c	genset	-	-	-	-	-	3b1e667def365254e08eca03fdd859dd0dd8f149f4c65b7fa3defe026fa329c9	27708
inplace/avx512/r12_n1_fwd.c	genset	-	-	-	-	-	23db8b510acb53462e767388ab7ed96a4d593dbb21a4afffcbb91cdcac3ac27b	27723
inplace/avx512/r12_t1_dif_bwd.c	genset	-	-	-	-	-	9eb094514098f2530b32f83e93536276e1bbb6b779693ba19e09155de155146c	42748
inplace/avx512/r12_t1_dif_bwd_log3.c	genset	-	-	-	-	-	e78d4ad550d34e40ef848da8fb398c934830c7abdf0b081876371f0decf40400	43305
inplace/avx512/r12_t1_dif_fwd.c	genset	-	-	-	-	-	dfee2007fa1e78d66907c4c5cbe1c1f897760f73b8206cf8306188be72c6a7b6	42862
inplace/avx512/r12_t1_dif_fwd_log3.c	genset	-	-	-	-	-	fb780ad836cf1e4cace495241fc57640c0c4a269c4859f9998cd7a19e711502e	43737
inplace/avx512/r12_t1_dit_bwd.c	genset	-	-	-	-	-	462267ee387267dab0479fa09cf316b7d3a4eee08b52aabe319bb6a719c9956f	42841
inplace/avx512/r12_t1_dit_bwd_log3.c	genset	-	-	-	-	-	4ea9bbbd12e2e0801527b965396e74d3960fa010640b3c33306e52bdcaddaa8e	43716
inplace/avx512/r12_t1_dit_fwd.c	genset	-	-	-	-	-	3b92c9baafdc893af699478f7dcb2be5eda7d8442c249f0a49dc3703560e6cae	42685
inplace/avx512/r12_t1_dit_fwd_log3.c	genset	-	-	-	-	-	11562d9bcc7b1a83ac41671999a086521e82a5336e4176431d6ec5cf9282a8bd	43242
inplace/avx512/r12_t1s_dif_bwd.c	genset	-	-	-	-	-	bc2b201b1c80a29ffe51729eb54e5ea895c6a6693ae7bc0facd5b83d3461bf94	42028
inplace/avx512/r12_t1s_dif_bwd_log3.c	genset	-	-	-	-	-	9edcf725862848debe5164b36d5a25f157a294e7351f1caf8aad0ba26f50fea5	43046
inplace/avx512/r12_t1s_dif_fwd.c	genset	-	-	-	-	-	8879697af74260727b5aec1a16f1b9d2815cb36d93038cd2e3e639db962aa775	42142
inplace/avx512/r12_t1s_dif_fwd_log3.c	genset	-	-	-	-	-	3c1c96d6966229e98d056e32c546a6af524a94f85f44150bb2e38c6e0630531a	43478
inplace/avx512/r12_t1s_dit_bwd.c	genset	-	-	-	-	-	b4285bb36d4039ae632b30ba06a22f4564331ea463a2d3f01cb8fc5e1c604090	42121
inplace/avx512/r12_t1s_dit_bwd_log3.c	genset	-	-	-	-	-	6c19d9a8d82d29f090cc8ec7da6c511d58808b6f5945f550417106e210d56663	43457
inplace/avx512/r12_t1s_dit_fwd.c	genset	-	-	-	-	-	df86f79c1e7b0a55fb5789ec41220aecdcc4e76fa52d99e7eb4f981a6baf5dbd	41965
inplace/avx512/r12_t1s_dit_fwd_log3.c	genset	-	-	-	-	-	e3e468be15672bce546b34aa72cc79c6369c6e58236f83a24ef2beb302b58eb9	42983
inplace/avx512/r13_n1_bwd.c	genset	-	-	-	-	-	15ba0b2ed89f0741a2523924f7d09427e967ee6cb6df2eaafbf885e42d55a960	35023
inplace/avx512/r13_n1_fwd.c	genset	-	-	-	-	-	ee1618f0b3b3264e3477156d62ec63ec5e9cb7440f7c1d49b73e00411aa4a233	34945
inplace/avx512/r13_t1_dif_bwd.c	genset	-	-	-	-	-	2446e1a05626921a4d31ce60a41373320a58bb5559b3c1666c52abd5b0483fc2	45537
inplace/avx512/r13_t1_dif_bwd_log3.c	genset	-	-	-	-	-	1bc1aca93c77dce760855ff5f48b4ea54a16575ba61d01edf309fafe239efa8f	46180
inplace/avx512/r13_t1_dif_fwd.c	genset	-	-	-	-	-	7ef83efabb546e009eab646c66c71f81477c593005a5a017a1bbafdac8a03c0d	45168
inplace/avx512/r13_t1_dif_fwd_log3.c	genset	-	-	-	-	-	94f1ec461cab312ade4a599b8ad5f57839cdd2178150675cd13a1121cb139e7b	46138
inplace/avx512/r13_t1_dit_bwd.c	genset	-	-	-	-	-	eb655d4b4944add38bdd20e4959aafbfc68483523ac71002e21c74f800254bbd	45237
inplace/avx512/r13_t1_dit_bwd_log3.c	genset	-	-	-	-	-	93a4a5e29e9cdf1f901c61840d1de934ef1cbed9221fc1317a98625571d13eac	46207
inplace/avx512/r13_t1_dit_fwd.c	genset	-	-	-	-	-	14d5ed495001a7d3ac6d6fec52a5c1f071f781834e7af15002dccfd86a2ad9cb	45282
inplace/avx512/r13_t1_dit_fwd_log3.c	genset	-	-	-	-	-	9d98a5a7a578021ce3879c242226e8070836437c97dded78fc62cbd12a604ef5	45934
inplace/avx512/r13_t1s_dif_bwd.c	genset	-	-	-	-	-	fd288be8c18d150327f8b855e0b29d86c1ea8790ae9d8d9d312a65e1d0eb9ce6	44752
inplace/avx512/r13_t1s_dif_bwd_log3.c	genset	-	-	-	-	-	96e6a93a1ef0c5a2f9edfa5af131f0a3ce9c58237dcce55ad0731f0a265a9bb3	45922
inplace/avx512/r13_t1s_dif_fwd.c	genset	-	-	-	-	-	8b743317551b64581d0d558ed71ceb91b8d4ca71f2ef41fbdbe69568cedc002a	44383
inplace/avx512/r13_t1s_dif_fwd_log3.c	genset	-	-	-	-	-	1a12f74f4bc6fae3b53b18a146f16d4810b88d8f11f3e120443d4f0c12a3ef39	45880
inplace/avx512/r13_t1s_dit_bwd.c	genset	-	-	-	-	-	9a5001559eaa630297165c23a9922c6765423c14d0a7d637142fd8570c0d8e39	44452
inplace/avx512/r13_t1s_dit_bwd_log3.c	genset	-	-	-	-	-	62a1c3b16df0092e4a8fa6744ca9bb63545886627dffd64a2b8420e79da01d6e	45949
inplace/avx512/r13_t1s_dit_fwd.c	genset	-	-	-	-	-	e319f0900fad4d956a1447a1a2e97049885e2fd25aa7113327974eb46341d3c2	44497
inplace/avx512/r13_t1s_dit_fwd_log3.c	genset	-	-	-	-	-	c537a7f11940d817df73db5894b7acdb91b7cdfb3d29ddf1c279bc99056c4ff4	45676
inplace/avx512/r16_n1_bwd.c	genset	-	-	-	-	-	9adb4508a547448dd20ac7bc86e7c56ecbb093774f1a260ed44b584e3eddae44	36721
inplace/avx512/r16_n1_fwd.c	genset	-	-	-	-	-	b47e588010a3bd2ab230a58212bed802e96bafc97a4d0d78dd91af71307c5657	36622
inplace/avx512/r16_t1_dif_bwd.c	genset	-	-	-	-	-	fb7cb9af28c3c3f867c9acf468f4082a4312f8bfef72b52f4c2d0a7b30e77af1	57127
inplace/avx512/r16_t1_dif_bwd_log3.c	genset	-	-	-	-	-	f109751b630b57c56a7f385f1755d7ee9ee3eb155dcc8d066923702aed258863	57962
inplace/avx512/r16_t1_dif_fwd.c	genset	-	-	-	-	-	e282054beecd852c8fd0624c31f2c5503092f5470404efc237e0c0a449808c69	57021
inplace/avx512/r16_t1_dif_fwd_log3.c	genset	-	-	-	-	-	507dd63fd92384fbab2fe861481786984003f2da756e5f6fd42443afe38471ef	58348
inplace/avx512/r16_t1_dit_bwd.c	genset	-	-	-	-	-	46db5ba33f7fd95dcd2df5042b8b3be5fa6bc8a71a289f13c2a43c212a40a023	57114
inplace/avx512/r16_t1_dit_bwd_log3.c	genset	-	-	-	-	-	a7ad44e1670920f1f54773f77f170dd8f874d4685d6e3be187709c7f18bc03b4	58441
inplace/avx512/r16_t1_dit_fwd.c	genset	-	-	-	-	-	8b30758d43bddfac3b6ba38fe9ee3271b2d931edb38e5c18980247cb2c836c69	56912
inplace/avx512/r16_t1_dit_fwd_log3.c	genset	-	-	-	-	-	b0cbcf91836e1b2394ba61de834b207262b067085e2353bb8b57661a294522c3	57720
inplace/avx512/r16_t1s_dif_bwd.c	genset	-	-	-	-	-	4ade20430314bc17c1ccdd0b9bd230cc947a0581f67c4d9610dafce98003e133	56144
inplace/avx512/r16_t1s_dif_bwd_log3.c	genset	-	-	-	-	-	7f7e1af5940a47cf8b0c12bb340458b89bf17089408efb475b23141b89303644	57704
inplace/avx512/r16_t1s_dif_fwd.c	genset	-	-	-	-	-	067b4e993f8febbe2ff1ee89acfd82290a07c62e2a8657cddb9bff18260bb9ae	56038
inplace/avx512/r16_t1s_dif_fwd_log3.c	genset	-	-	-	-	-	6789f930ef46f8fd875a49144b8c418746cc8ee9794eac7cba36ae6c374df4be	58090
inplace/avx512/r16_t1s_dit_bwd.c	genset	-	-	-	-	-	72b116ea0634a01436b3c1f9aac4d8d2825fd7994634cce9242b3c4459f3c109	56131
inplace/avx512/r16_t1s_dit_bwd_log3.c	genset	-	-	-	-	-	45c118d5e7d93c232b5881db6780a090bba072332bfa63b46682474aa61f58e4	58183
inplace/avx512/r16_t1s_dit_fwd.c	genset	-	-	-	-	-	842f89576653e1978b2d663ada2182d2f722b4546512d53ece3d953a25459dc0	55929
inplace/avx512/r16_t1s_dit_fwd_log3.c	genset	-	-	-	-	-	60d7c839dd43de613e414c618de33274cb5296657baf96d6b6b408b4caee6adf	57462
inplace/avx512/r17_n1_bwd.c	genset	-	-	-	-	-	e3d9e77588a6ea351f10471788032811bcf128012a2322780988c1329110e7e9	51065
inplace/avx512/r17_n1_fwd.c	genset	-	-	-	-	-	7584bb86fa5b6c6c5e8294186d7a9d500ce7f066c07909d293556e2736afdea7	50912
inplace/avx512/r17_t1_dif_bwd.c	genset	-	-	-	-	-	f4c91b4446d96002ab942f53e8610fe4164f38d01ef57623f7a5371cff72d9b2	65423
inplace/avx512/r17_t1_dif_bwd_log3.c	genset	-	-	-	-	-	3df3e1f5097b298506b28a2dd339a8c3cc4344339ef24e5e5bf0920c4e7c2b73	66346
inplace/avx512/r17_t1_dif_fwd.c	genset	-	-	-	-	-	4d760b8ef5efe48b0fca7c454fd7da04e7978b83f0d0b12d66659054ed9faabf	65028
inplace/avx512/r17_t1_dif_fwd_log3.c	genset	-	-	-	-	-	4fc3bd608743ddbd26c34d659222040bef4c11a51932d2574915037e6c5f59e2	66353
inplace/avx512/r17_t1_dit_bwd.c	genset	-	-	-	-	-	10d43ef279ad14b6113e09a40d7965b12008476874d965027b909bc2501c1bee	65262
inplace/avx512/r17_t1_dit_bwd_log3.c	genset	-	-	-	-	-	5953366df081665c127bad5ede53b69e358a3702f32d2b78b244a54bfd77a4ba	66587
inplace/avx512/r17_t1_dit_fwd.c	genset	-	-	-	-	-	25ac3ff66c5be3cde957d03656f5a4f59aca34b095ebd7f7e18f9c720c4588a8	65159
inplace/avx512/r17_t1_dit_fwd_log3.c	genset	-	-	-	-	-	d6a23895424307faf348ab219c9fda2879650e8ac484a170008724e6985ac92f	66100
inplace/avx512/r17_t1s_dif_bwd.c	genset	-	-	-	-	-	5959b02a484e4c056ec6fc2496d4b089811ce809888f9d005f66ab93bf4f9d45	64372
inplace/avx512/r17_t1s_dif_bwd_log3.c	genset	-	-	-	-	-	8e599fb0eac08aba5d5af2b8223787a2741dad2e2a1a9e10a07063b88756d4dd	66023
inplace/avx512/r17_t1s_dif_fwd.c	genset	-	-	-	-	-	74f27da7c3859c39c179afa7ad4d661259b79370782b44b85e80d6889e993f71	63977
inplace/avx512/r17_t1s_dif_fwd_log3.c	genset	-	-	-	-	-	1f8e7bcf15b09df4b3d04c668342076379df79f3629a8f2881c997cf5f284b37	66030
inplace/avx512/r17_t1s_dit_bwd.c	genset	-	-	-	-	-	f32e2b9e148e1e56f7faa6fc0ed4a517fc0e0ae7385171dd8a62ec72c7cd0a0d	64211
inplace/avx512/r17_t1s_dit_bwd_log3.c	genset	-	-	-	-	-	df3536986c43f88eb775a50a21bbaba374340a84306012ef981bf6e0d4b15857	66264
inplace/avx512/r17_t1s_dit_fwd.c	genset	-	-	-	-	-	ed92c8ef01fedd8bfb42cef9c4efda52a418f38b25bf3aa8daf152ed06533bc7	64108
inplace/avx512/r17_t1s_dit_fwd_log3.c	genset	-	-	-	-	-	2cf3bb84674f0262bf362ccca84890d475448d03cdaccee784c7638f29f645c4	65777
inplace/avx512/r19_n1_bwd.c	genset	-	-	-	-	-	63d1b0b045e5e413f47a6cbfc5e99eb1e038cdd21fb267957e549b6ef55526c6	60827
inplace/avx512/r19_n1_fwd.c	genset	-	-	-	-	-	ac8374f20519d8d16ce5eee53de887c69f3ab7e65a45b93baa14aacd93d2a614	60727
inplace/avx512/r19_t1_dif_bwd.c	genset	-	-	-	-	-	2d1f8d8bc8d44790113deb1ccfbd7a52d69a36c9e2eeb2e05f49ff83cd8e9796	77022
inplace/avx512/r19_t1_dif_bwd_log3.c	genset	-	-	-	-	-	07de6e1cca1fc64dc7ad1f5b07f63ea0d059f9fd88a272b6d0945c46f2513183	78123
inplace/avx512/r19_t1_dif_fwd.c	genset	-	-	-	-	-	6d2f1abb3ddc36b9ed940d2c7040cb30495080ed889779f9afef5734b2133407	76638
inplace/avx512/r19_t1_dif_fwd_log3.c	genset	-	-	-	-	-	dd8a492c479952694843291001237ca4e951d18424f2c5427b2c89767cd93e61	78189
inplace/avx512/r19_t1_dit_bwd.c	genset	-	-	-	-	-	52a45e135779b190483956f840fa9ca1b059f7e31ea4ff3ddf9e1119d492e1e5	76732
inplace/avx512/r19_t1_dit_bwd_log3.c	genset	-	-	-	-	-	ac5f4c3cbe7c60bec04e98e6ac99e8b6b7d7edb19265fd8149043ada9547c3ba	78283
inplace/avx512/r19_t1_dit_fwd.c	genset	-	-	-	-	-	298f95756fd6e6dac742854c512cb60507cb50d538de7f3c28d3d186d935b2b1	76790
inplace/avx512/r19_t1_dit_fwd_log3.c	genset	-	-	-	-	-	6e9deb0fcd069eda92fe35ecd764305cdc4b2cb85febc819aedc48c60259e873	77909
inplace/avx512/r19_t1s_dif_bwd.c	genset	-	-	-	-	-	05c3f7670bd71cf979adfabefc6bae18601a94135fc8909765920dbc9b3c00f5	75839
inplace/avx512/r19_t1s_dif_bwd_log3.c	genset	-	-	-	-	-	00b4ecddf1ee009b1a05765918293c521282fce9fbebff1627cb049725b81270	77800
inplace/avx512/r19_t1s_dif_fwd.c	genset	-	-	-	-	-	f9a510f58e185865f713d409366b1859db6718920f0a839840faf9f8d375344d	75455
inplace/avx512/r19_t1s_dif_fwd_log3.c	genset	-	-	-	-	-	54abcfffbeb7288b06bcfbd710dfe635eae5bdd2bbba1db998bc083512789abe	77866
inplace/avx512/r19_t1s_dit_bwd.c	genset	-	-	-	-	-	611d3fad064cd5fe6e6d2dd3390eb5ece045f86d0bea4b5b96a5db4a6ce8aeec	75549
inplace/avx512/r19_t1s_dit_bwd_log3.c	genset	-	-	-	-	-	134fdd4c684f814ea8ebc291d1f17e02d84538a58fd16678640b3a6681841145	77960
inplace/avx512/r19_t1s_dit_fwd.c	genset	-	-	-	-	-	00219c05d7382bc5466af72e2864cd6cb01fd912ffab660739a214129c850f13	75607
inplace/avx512/r19_t1s_dit_fwd_log3.c	genset	-	-	-	-	-	4f255a76955e1a4eb2dbe0e1631a23727e1084a2be872778bd4ee889c9b606c3	77586
inplace/avx512/r20_n1_bwd.c	genset	-	-	-	-	-	01fe951cbf946e24596bc8f3bde33c5f34cec050a3e0ac5d7f5809a03c58e669	56502
inplace/avx512/r20_n1_fwd.c	genset	-	-	-	-	-	dc9a7f4d395c7cb7aadd225063082d625846ed6fa63057fd3c51f146b8d4506f	56715
inplace/avx512/r20_t1_dif_bwd.c	genset	-	-	-	-	-	fb76617e51664b8440d5e0f1dbe153ff2129aa82325c7d247842db744e550b8b	82659
inplace/avx512/r20_t1_dif_bwd_log3.c	genset	-	-	-	-	-	22e95359905ecec36d5afade285559ab8c69589c34105c3dc4f744b8ae9e8b39	83870
inplace/avx512/r20_t1_dif_fwd.c	genset	-	-	-	-	-	f7563207a3c406b400e79f6336d863cc41f4f9b856fd74e28e5ebb92f6db2c2f	83282
inplace/avx512/r20_t1_dif_fwd_log3.c	genset	-	-	-	-	-	fcc5fdec86be902ac868678d082b5475e9035702fadd2267c4b6c5e5ca2df779	84947
inplace/avx512/r20_t1_dit_bwd.c	genset	-	-	-	-	-	70e9bcf5d11c088215a7168550e98e76a0d9413f9e56a9efad0c173161616f4f	83120
inplace/avx512/r20_t1_dit_bwd_log3.c	genset	-	-	-	-	-	d2ae4487d070b38dd5e5a241c4c31d792028738cbfeab50246dc0ea3437b5809	84785
inplace/avx512/r20_t1_dit_fwd.c	genset	-	-	-	-	-	61646df4068f286bc0dd5e696b02dcbad92ef86cb91e206d6ac08265a4d935ee	82659
inplace/avx512/r20_t1_dit_fwd_log3.c	genset	-	-	-	-	-	ec446c8b0194ae709765693e802d4c036e707b7138c87710b81dec9937c14321	83889
inplace/avx512/r20_t1s_dif_bwd.c	genset	-	-	-	-	-	6b26b645b92a199a4a80447837eefd86495e0bd4a67cda034b6149f985947f37	81411
inplace/avx512/r20_t1s_dif_bwd_log3.c	genset	-	-	-	-	-	21a2c0e327016a44dc257ae27e87801dfd0418428c2383cdfbb8c5cc0aec2205	83547
inplace/avx512/r20_t1s_dif_fwd.c	genset	-	-	-	-	-	7238605da957840625540a43e742e94ac3be3421832f61cf17776d70eaecd002	82034
inplace/avx512/r20_t1s_dif_fwd_log3.c	genset	-	-	-	-	-	97511fd2a60de57bd7fc8457a2e99f78e6daf70052e1ed02ce144fc6ed1fc5c8	84624
inplace/avx512/r20_t1s_dit_bwd.c	genset	-	-	-	-	-	1617767fdad4902621af4a300a03b3de2568fec5cf4fc50a18c530d510f54baa	81872
inplace/avx512/r20_t1s_dit_bwd_log3.c	genset	-	-	-	-	-	843843e6cecdebdb51232ada28716fd86e1c923b5cfaa595c9e3564ca1cb662e	84462
inplace/avx512/r20_t1s_dit_fwd.c	genset	-	-	-	-	-	b2681bfa2660e87da8313aeaa2a429e0db08974a2b48fb95db5dc89811179387	81411
inplace/avx512/r20_t1s_dit_fwd_log3.c	genset	-	-	-	-	-	96c96f7264720cd5ac404edebebd8a56813d6ef5a410bd338daa8ac1fb8175a8	83566
inplace/avx512/r25_n1_bwd.c	genset	-	-	-	-	-	cd185a4502966e1520893793362abcc009cdce828e34fb38644685f0bde64344	99575
inplace/avx512/r25_n1_fwd.c	genset	-	-	-	-	-	d8fc815434bf0b9964ffe761ee2c5b5696faa911aa0ece6d359b68504176bf40	99474
inplace/avx512/r25_t1_dif_bwd.c	genset	-	-	-	-	-	23c3b66dd4348e45ca66d47a649628db3f97691b5b7353ebdd91358263a801d3	120373
inplace/avx512/r25_t1_dif_bwd_log3.c	genset	-	-	-	-	-	505d8e02396c59358331924dd6d42a3b4938bbc026bbbf18874d4569735a8e81	122001
inplace/avx512/r25_t1_dif_fwd.c	genset	-	-	-	-	-	5ef69bb4df7a9ddc1049b766e333c75059bdda8b8e2ff4acfedc81b8e18da295	120701
inplace/avx512/r25_t1_dif_fwd_log3.c	genset	-	-	-	-	-	daa2a52bbd87e0160f931fb011cc306908099279c9b3a6e6a4a5b0728cc9e6c2	122932
inplace/avx512/r25_t1_dit_bwd.c	genset	-	-	-	-	-	6907cf775ac59c8f47ceced2329d99df9bd5a279df09243d45aebb9ffed2e320	120787
inplace/avx512/r25_t1_dit_bwd_log3.c	genset	-	-	-	-	-	3183282fc252e208c50abb46217f7e5166cc93ec4a1e4b2fdce7db08da21e455	123018
inplace/avx512/r25_t1_dit_fwd.c	genset	-	-	-	-	-	4d7b51672f452ce8c5eb7cb9af5e95c9aa6dbc61ae9721694c11ed790f2cccc6	120206
inplace/avx512/r25_t1_dit_fwd_log3.c	genset	-	-	-	-	-	20409b51db1e7a515dd0a4fb412a92cf390fb10b8d2165500063e306bb4a2d07	121819
inplace/avx512/r25_t1s_dif_bwd.c	genset	-	-	-	-	-	feeed5b038b5f30844e5e375f39f80b2ede930801ceac1114d11f16c9adad9df	118796
inplace/avx512/r25_t1s_dif_bwd_log3.c	genset	-	-	-	-	-	2329204d097cf6ecc0a1eb27bcec60cfb5fb90ff98dbbac7f0357f0df9dfdffb	121678
inplace/avx512/r25_t1s_dif_fwd.c	genset	-	-	-	-	-	f1308c294d8cf1bcc4bbc14711fc74e15964ae4bd5e234b8e40f8986ce704f42	119124
inplace/avx512/r25_t1s_dif_fwd_log3.c	genset	-	-	-	-	-	733470c99ac200c15e70e6554865cac9e7420c290f53c38526b2dc08e7344de6	122609
inplace/avx512/r25_t1s_dit_bwd.c	genset	-	-	-	-	-	f6342d233e744210dd41a1c5b3b02f858b0fd5033afa5dad0eecb86e3092dbe2	119210
inplace/avx512/r25_t1s_dit_bwd_log3.c	genset	-	-	-	-	-	65b355350273b33a7be66b56918269289d81716e15fd6221bb64348a78dc23cf	122695
inplace/avx512/r25_t1s_dit_fwd.c	genset	-	-	-	-	-	8444d8f3b4fd5ab71d17962be7386a085cc1e64ddbb8846b67de3749cabe7d45	118629
inplace/avx512/r25_t1s_dit_fwd_log3.c	genset	-	-	-	-	-	97dae2737fc43bc1dd5537bacb807663b71a8cf6cc1150a6dc836b8f8776ae8e	121496
inplace/avx512/r2_n1_bwd.c	genset	-	-	-	-	-	e16e1ae1ae9ba54dda483495e9e357d79897876dbeed8b688a4d4616076ad26c	3701
inplace/avx512/r2_n1_fwd.c	genset	-	-	-	-	-	a5734b8bf4a4bfc5b7872ed466436d121b1bf6ddae323d7c74c015b7f9286e38	3695
inplace/avx512/r2_t1_dif_bwd.c	genset	-	-	-	-	-	69392b082e6fbf667f771d18b984ed363d4db04d692cd2c7fde261874afbfc81	4522
inplace/avx512/r2_t1_dif_bwd_log3.c	genset	-	-	-	-	-	466b3fc067ddaabefc878ba4498f3972b59377038e2533911795ffd531a57d23	4570
inplace/avx512/r2_t1_dif_fwd.c	genset	-	-	-	-	-	b1d1373a1292b0300ce07ac03292c28560de969025808b44814fd1ad2b0c3493	4523
inplace/avx512/r2_t1_dif_fwd_log3.c	genset	-	-	-	-	-	aaf9989e547a1a4c0f9187c98a073dc110730994e74f434b630e611f1c55e845	4571
inplace/avx512/r2_t1_dit_bwd.c	genset	-	-	-	-	-	b6a40e56bb12a90689c8e448afd994985d90376f897e165d92a3ae5e52be690d	4523
inplace/avx512/r2_t1_dit_bwd_log3.c	genset	-	-	-	-	-	d150bb661fc3e56ef6500845aafe39ad3845cda29733132294682b7781e00f20	4571
inplace/avx512/r2_t1_dit_fwd.c	genset	-	-	-	-	-	e4b73ec4b6ae1f29db918ca7fbe280f8e6c2358019eefce5d38f9436a7aaeac6	4501
inplace/avx512/r2_t1_dit_fwd_log3.c	genset	-	-	-	-	-	b72d63b81c2d33adce698022ada37766d5697b5a5c6267e84cbb73530b86892a	4549
inplace/avx512/r2_t1s_dif_bwd.c	genset	-	-	-	-	-	83f580a2bc6abd9e8448851ce341f90a6dcc3da0713dc085a5110161abc3b69c	4464
inplace/avx512/r2_t1s_dif_bwd_log3.c	genset	-	-	-	-	-	0ded5bc9b6903d1d85b4f3ab9ca262f71044cba00c47b2d2792d67733fc88035	4512
inplace/avx512/r2_t1s_dif_fwd.c	genset	-	-	-	-	-	604da617c448b02d81a4ee0318bf802c682ddb6f8da1d9d42cdbc3b778fd0c26	4465
inplace/avx512/r2_t1s_dif_fwd_log3.c	genset	-	-	-	-	-	cc4c83d2672c227de514cd088c4f45526813bb5d1bb6ef8803e29a79821f71ff	4513
inplace/avx512/r2_t1s_dit_bwd.c	genset	-	-	-	-	-	509f343b509e20dda3b0d580b06d0816400cc5f5b9c6ddac6373ca9b1c028ead	4465
inplace/avx512/r2_t1s_dit_bwd_log3.c	genset	-	-	-	-	-	19e9d46caea699ef48e3fa9e45dbdd74f01dbed0f3ef4c227e98255da8fa4644	4513
inplace/avx512/r2_t1s_dit_fwd.c	genset	-	-	-	-	-	f874ff9d08308827c2b2357d30adc0dfe19ae07c1f032e42990454bc0846af9b	4443
inplace/avx512/r2_t1s_dit_fwd_log3.c	genset	-	-	-	-	-	899f0472aa36e4fb74259c56eedffd0a03ef23a410d830bbef2e6aaad11bae6e	4491
inplace/avx512/r32_n1_bwd.c	genset	-	-	-	-	-	14ec2b781612aecdab387d4fcec6210ae5d6d147cc1db1d4241ea4d448de4a7b	104190
inplace/avx512/r32_n1_fwd.c	genset	-	-	-	-	-	9c010f71c0c51d5c376848b5fb6ea2c1e4ad27d3edb94edd64a005da44fa125d	103737
inplace/avx512/r32_t1_dif_bwd.c	genset	-	-	-	-	-	0ae275be28f8711557e9270c28d7734cd109c9daf6be38a245e5d6ed9db6ce5a	131384
inplace/avx512/r32_t1_dif_bwd_log3.c	genset	-	-	-	-	-	a7a928a21913f4ffc5dca1aff67d3b892d9b2b9891b7b94ad38cf5074e2e6c38	133518
inplace/avx512/r32_t1_dif_fwd.c	genset	-	-	-	-	-	deaca2a4cee8cd9570072c5da9c5ad9b76150848b53643cb129f4a4f26b3d119	131393
inplace/avx512/r32_t1_dif_fwd_log3.c	genset	-	-	-	-	-	5ec80e417c8edf25c6bd0910bc98063d43ca992bf43a68badb36136f37b2351f	134415
inplace/avx512/r32_t1_dit_bwd.c	genset	-	-	-	-	-	f8f319782aeb6fe82b0ad01b61a74a6af4821338576f8b32c5ed57ce136e846b	131885
inplace/avx512/r32_t1_dit_bwd_log3.c	genset	-	-	-	-	-	235d48fce82afd246ea53fab53ffb81d88b39f7c68a869bd6902e09c876baca3	134907
inplace/avx512/r32_t1_dit_fwd.c	genset	-	-	-	-	-	7d6907da494fd2d5c2587f0bf03eae91ec30caa7ff9600cf8429fc7a187a75cc	130748
inplace/avx512/r32_t1_dit_fwd_log3.c	genset	-	-	-	-	-	53e3ead2cd9c7bed8658bb8010b1ec37c377a80071baea55d1d306002c30b828	132915
inplace/avx512/r32_t1s_dif_bwd.c	genset	-	-	-	-	-	07aecf180de6bb77902a1cb0b224d242c458a2f20ad89be223832ea62e1a9255	129344
inplace/avx512/r32_t1s_dif_bwd_log3.c	genset	-	-	-	-	-	f8679ec9e370cb20cda085cdf68e4b7b542f3713bb14d91a99e16fd4fc16fd53	133195
inplace/avx512/r32_t1s_dif_fwd.c	genset	-	-	-	-	-	659b3b5fc328716459412b8d2a42c5690af870178dc3e5840577602ed479ba85	129353
inplace/avx512/r32_t1s_dif_fwd_log3.c	genset	-	-	-	-	-	219a7ccf8576dbd172f61a4875bcbba8f29e28762cf618c9e5a29e288fc4df95	134092
inplace/avx512/r32_t1s_dit_bwd.c	genset	-	-	-	-	-	0e01a74a34222e64a73fbbb5b54e2806b0c636d8b6943b4e6932925955475065	129845
inplace/avx512/r32_t1s_dit_bwd_log3.c	genset	-	-	-	-	-	5b0b918d38a0c044c36258d367df5a1007a1fd4ffe852e7ae536bc36490b5d5c	134584
inplace/avx512/r32_t1s_dit_fwd.c	genset	-	-	-	-	-	334da8204506f190bbbb6f06d51824a1966819cf567fccd60a4f3f78a4299571	128708
inplace/avx512/r32_t1s_dit_fwd_log3.c	genset	-	-	-	-	-	02e848e2b6eae36b8658d4af1646030e9c814fffe971701bc778ce8f0d302cca	132592
inplace/avx512/r3_n1_bwd.c	genset	-	-	-	-	-	feb874983cfa25b3f49c70b788ebaae261cceee6a434d7bdaea0f00313c15afc	6068
inplace/avx512/r3_n1_fwd.c	genset	-	-	-	-	-	77c3cb65b15c82494c250a3ecfacc514d1fc5a142d8d692198e1f76317d66649	6062
inplace/avx512/r3_t1_dif_bwd.c	genset	-	-	-	-	-	04d2a837a5a830cdb7f400ebe5cbb9438094fcd01b77e235dcf28c7472ec999d	7706
inplace/avx512/r3_t1_dif_bwd_log3.c	genset	-	-	-	-	-	51e551b6a52f6a521c3aab8e3c3684ebf47671a6d1d55ed4159b925881e61228	7754
inplace/avx512/r3_t1_dif_fwd.c	genset	-	-	-	-	-	0a57829100c5528d0b4ec4f731fa550006d5e9a87a411a480b66d9828336d688	7703
inplace/avx512/r3_t1_dif_fwd_log3.c	genset	-	-	-	-	-	8bfa0306fc3289febfbf43768b69e03f652ad4d23772eb364521a047e8cd7082	7751
inplace/avx512/r3_t1_dit_bwd.c	genset	-	-	-	-	-	9286bd41b67f2971c231916393284287e641e4fb9e4b670250512e24a8c9c64c	7703
inplace/avx512/r3_t1_dit_bwd_log3.c	genset	-	-	-	-	-	d301ffa8e9c2a3ed7953432727835c10205523f71aa02eb2e112c9d1ee4c4ab5	7751
inplace/avx512/r3_t1_dit_fwd.c	genset	-	-	-	-	-	b27904594e1d56f1542cea8e808510627e6d5bcc3f365420849dbd27bf3d7ab2	7685
inplace/avx512/r3_t1_dit_fwd_log3.c	genset	-	-	-	-	-	5ece1bfb85c2da1913a1ad463fc0e0c76e1b21702dd7dbde1ebbf2ac85c86deb	7733
inplace/avx512/r3_t1s_dif_bwd.c	genset	-	-	-	-	-	a29045828af54a8ab10ecccb6d78e2c568e62165d41d72bc8552f91689ad386c	7579
inplace/avx512/r3_t1s_dif_bwd_log3.c	genset	-	-	-	-	-	c59ad8db84e16095bcf8e7736b8bc6cfbe6f914f09fe239219852dd1dcf72e44	7627
inplace/avx512/r3_t1s_dif_fwd.c	genset	-	-	-	-	-	fbebfd4a0539c5c2758ab86e2a5f298a91c3d802ef6753b67a6a296a9d973ffb	7576
inplace/avx512/r3_t1s_dif_fwd_log3.c	genset	-	-	-	-	-	26f0e11abbfb20d4a553dac017d0e5ac746175533a21527db8d5b0ff54ce375b	7624
inplace/avx512/r3_t1s_dit_bwd.c	genset	-	-	-	-	-	16b8d62499d83a642f919f3c854c8452617df5becc031e00265c03292894b34a	7576
inplace/avx512/r3_t1s_dit_bwd_log3.c	genset	-	-	-	-	-	86ba94312aa65cc6b6fa542ba66a4f2c2dc31ff4285ae4f47855734c7021a791	7624
inplace/avx512/r3_t1s_dit_fwd.c	genset	-	-	-	-	-	9548ef20995505e01e9d609ba0226f209e05a4854828bc297fcc831a7a094de0	7558
inplace/avx512/r3_t1s_dit_fwd_log3.c	genset	-	-	-	-	-	ade59f03400ce117c65a9f088f2644511894ae84f909f463f739d021b7ffe688	7606
inplace/avx512/r4_n1_bwd.c	genset	-	-	-	-	-	cbd04036128f73028dbd1f59991e7c8a51751f1b359cbe59ff39432f93f39dce	6779
inplace/avx512/r4_n1_fwd.c	genset	-	-	-	-	-	974a64bb49bfab2ff29a5dca8d2a3ab99aaed17c8bf008317faec17d168c91f7	6773
inplace/avx512/r4_t1_dif_bwd.c	genset	-	-	-	-	-	52fe430689cbf6add88e43ef8572903daf344ba94419d37a40b8f29694ae9249	11282
inplace/avx512/r4_t1_dif_bwd_log3.c	genset	-	-	-	-	-	430fa4193f713c170d49b1a11502ebe16e87c574a53b592a49473a67a988cbf6	11374
inplace/avx512/r4_t1_dif_fwd.c	genset	-	-	-	-	-	3833d1b5f1cadde5ad9d696767d4ff2f72d25b1205407091379e9b0e965b11f9	11281
inplace/avx512/r4_t1_dif_fwd_log3.c	genset	-	-	-	-	-	54b0c17f3a6354a25c3020f4cf78977cb485dc1954eff498d58fea7061b8eafa	11424
inplace/avx512/r4_t1_dit_bwd.c	genset	-	-	-	-	-	070b3ab9271625f3ced4a19dd7a72af90ffade414c8b1e22df3ca6fb3ed7da8f	11281
inplace/avx512/r4_t1_dit_bwd_log3.c	genset	-	-	-	-	-	f04e2e08aa67c3568353f3b6d0042a56e5a219bc124d03cef08259aa4c91584f	11424
inplace/avx512/r4_t1_dit_fwd.c	genset	-	-	-	-	-	d1fd671f7487b4a8ea16b493f935b1f0634a7121f52ae92fadba8226216d6e37	11261
inplace/avx512/r4_t1_dit_fwd_log3.c	genset	-	-	-	-	-	162883c1a8445feefe55ae2dcadde22ba8a723d87fad1d8eb12d1b64eaea94f1	11353
inplace/avx512/r4_t1s_dif_bwd.c	genset	-	-	-	-	-	5d03105b2fe70229e19bb497e07f5ab809c6b109bd71ae0699fe1638b9020720	11089
inplace/avx512/r4_t1s_dif_bwd_log3.c	genset	-	-	-	-	-	332af2b9484a9ea3287294312927b882797fa0c962081dfcef6dbfa2ff91b501	11251
inplace/avx512/r4_t1s_dif_fwd.c	genset	-	-	-	-	-	e59008cbfb8178f70a1bc32fa4d87622b97fa153e78aed54b4eb385902ebd197	11088
inplace/avx512/r4_t1s_dif_fwd_log3.c	genset	-	-	-	-	-	4ee8e506bfeafeab71df6c531eb9efe3301c94e78a959885ab66dad44e535c96	11301
inplace/avx512/r4_t1s_dit_bwd.c	genset	-	-	-	-	-	901bb6d73918bd300fd3bdec01d153112b1d34932f46a049380502ecb72a9800	11088
inplace/avx512/r4_t1s_dit_bwd_log3.c	genset	-	-	-	-	-	712437d55303fd129ddf0b490ad9fa95b5dbfe3a1fbfdac7054f3fc54537b763	11301
inplace/avx512/r4_t1s_dit_fwd.c	genset	-	-	-	-	-	c3c4fbe293923779426896c19a5b1b99a74edaea6ebdd5b0e89f1ffa5959e0b7	11068
inplace/avx512/r4_t1s_dit_fwd_log3.c	genset	-	-	-	-	-	68d5b5a77c90a7656c2043e1ad85b933e82a4190dcc05c1f55c174ca82ea37cb	11230
inplace/avx512/r5_n1_bwd.c	genset	-	-	-	-	-	db5d8ec4170914a68e73e72226d61203cd5b863f5436c8486adffa10bdbb5ced	11046
inplace/avx512/r5_n1_fwd.c	genset	-	-	-	-	-	f7f99e04cffe3a188d7bb153b48912dd3b12bfd48615b31a70612705ec0e169f	11040
inplace/avx512/r5_t1_dif_bwd.c	genset	-	-	-	-	-	219dd41a2a8b2997c3cbdda75a458a1e85c192e5c3801afa5e7e1a685fe3ae57	14418
inplace/avx512/r5_t1_dif_bwd_log3.c	genset	-	-	-	-	-	4b3e5a30c5a4144e183089b1d7c11ff23999d7fc596b70a59deac6ce805abb2a	14538
inplace/avx512/r5_t1_dif_fwd.c	genset	-	-	-	-	-	83a9ef9009e2c5f637396c80dd7192bc34be7214a0fed546d2c1f34cd4eca0a5	14461
inplace/avx512/r5_t1_dif_fwd_log3.c	genset	-	-	-	-	-	73e3300a82c7db01fb09445764fd9dc19f7a2cf537236de8acb4bf8d3ab91f17	14605
inplace/avx512/r5_t1_dit_bwd.c	genset	-	-	-	-	-	69141e5e5f023f73d91bee70809a10f779388cbbdc262dc4aff7283df2e0d8f5	14479
inplace/avx512/r5_t1_dit_bwd_log3.c	genset	-	-	-	-	-	1de61f9dce67941998f81a6c0982b1e10187e65f4722ecbc2294f32a033f764a	14623
inplace/avx512/r5_t1_dit_fwd.c	genset	-	-	-	-	-	9747007bbe69aa1ae493e78f40900d885ec8e173ff03cb9b97f5e6ad66b83e5e	14370
inplace/avx512/r5_t1_dit_fwd_log3.c	genset	-	-	-	-	-	ad27f3368f575db457f1469c5c90cd29abb0a60fb1b0a94e3bcbf809bd60169a	14490
inplace/avx512/r5_t1s_dif_bwd.c	genset	-	-	-	-	-	e0df7972e4c2f6c31bea34660322a36e73b99599568542409fada97fda73c421	14160
inplace/avx512/r5_t1s_dif_bwd_log3.c	genset	-	-	-	-	-	e08efc78e935470beadf945e14901f875ebaa8d78e55e112ecccbebda0cb0700	14346
inplace/avx512/r5_t1s_dif_fwd.c	genset	-	-	-	-	-	e0f5ef8e97177db9387833aa6eeb1bff9c7eedeedaf0d0f4f855ede14ab9d516	14203
inplace/avx512/r5_t1s_dif_fwd_log3.c	genset	-	-	-	-	-	f4752f98e525b9d52f11ae976dded6e03bd5030d9985971ed8b586fa7121ae9c	14413
inplace/avx512/r5_t1s_dit_bwd.c	genset	-	-	-	-	-	7ea319451298d885f61ffe0ab68b5be62db662454af30d825a606e2da2459aef	14221
inplace/avx512/r5_t1s_dit_bwd_log3.c	genset	-	-	-	-	-	f65b7a58921b36cccd74150dd0abc20dae684f913ff6eeb664d8bb2fab75d4b3	14431
inplace/avx512/r5_t1s_dit_fwd.c	genset	-	-	-	-	-	9bd63e1d2e477149e0cb1df26d0bbc95736d3ae89460c9d1e91ff45694ff215e	14112
inplace/avx512/r5_t1s_dit_fwd_log3.c	genset	-	-	-	-	-	b2af8c41e9696b00037be978bc44fcf7056ed7bf25257934a54d94a634a89b00	14298
inplace/avx512/r64_n1_bwd.c	genset	-	-	-	-	-	76bd5370ed3709e54a4ff3c8f7ade602bc4f6769ca606c541e78e909832a26f7	243112
inplace/avx512/r64_n1_fwd.c	genset	-	-	-	-	-	479e97d8847bb5a3195a595276b059cc0dc3065aeebb1c79bd6aa75f166c4ff3	241829
inplace/avx512/r64_t1_dif_bwd.c	genset	-	-	-	-	-	cc13cab75de4f1cbb3e0e20dafa6f6522e0a0efce312e8cef76f7503efffa809	298269
inplace/avx512/r64_t1_dif_bwd_log3.c	genset	-	-	-	-	-	46ddedf184ac33285a1ceea0c18495c16ead0d348c0c7d43a6eaab8833172678	303192
inplace/avx512/r64_t1_dif_fwd.c	genset	-	-	-	-	-	93b88c96ddf439c504ed4523f56a32429ec9cc4581f622114380afb8702dbdc0	298037
inplace/avx512/r64_t1_dif_fwd_log3.c	genset	-	-	-	-	-	af87c63dd5cf8de6143a7f484e7de888e9db16da5a7c4346f941fe6a9869025d	304603
inplace/avx512/r64_t1_dit_bwd.c	genset	-	-	-	-	-	6e47d211adac246247edb9675d7dfe7c86e56d96b425963f75c89bd0eb8a6351	299332
inplace/avx512/r64_t1_dit_bwd_log3.c	genset	-	-	-	-	-	c3d4161668f7d3843367f5034d401a1ff40d320b48067ebdad6bcf220130e50c	305924
inplace/avx512/r64_t1_dit_fwd.c	genset	-	-	-	-	-	37e9322dfb3ef337b93a101e7db88a3886c1426af3cd2121007064cb4f5d69a4	296229
inplace/avx512/r64_t1_dit_fwd_log3.c	genset	-	-	-	-	-	307dfefbbb87049cb789cba289f063c87d1921666f94ca50b5d2af19847f330d	301188
inplace/avx512/r64_t1s_dif_bwd.c	genset	-	-	-	-	-	737cdfec1a3785c664b4974f1ebbff442f26197eab6c2c11cfde951ee2b5ca29	294119
inplace/avx512/r64_t1s_dif_bwd_log3.c	genset	-	-	-	-	-	6ab072bf2ec25fc82f96b8aa91790e83ff4700eff294f60d5e7083de2b43c690	302803
inplace/avx512/r64_t1s_dif_fwd.c	genset	-	-	-	-	-	9e710bffafe2e90b70cc8844576036d3a12a890dcaf7db2e13b9afc2d1247050	293887
inplace/avx512/r64_t1s_dif_fwd_log3.c	genset	-	-	-	-	-	de273c6def9881edf7203e1ec37b9fc630d7be64a1b61e153beb517048162375	304214
inplace/avx512/r64_t1s_dit_bwd.c	genset	-	-	-	-	-	14797f374448de522270f0bc77b9078f6939b493fcee92f00e0dee40b3bd9ccb	295182
inplace/avx512/r64_t1s_dit_bwd_log3.c	genset	-	-	-	-	-	e8958ed626b0d51654f3b755946b13a3191eca3fdc0c18634be06260bae46930	305535
inplace/avx512/r64_t1s_dit_fwd.c	genset	-	-	-	-	-	336a1bc865fe1a59e298e823b8098cd737cae0c71198de364c922212c53ca02b	292079
inplace/avx512/r64_t1s_dit_fwd_log3.c	genset	-	-	-	-	-	64f4faaa51c0a381cae3b6bace672625c067f02c53177e4a280829031a35cf97	300799
inplace/avx512/r6_n1_bwd.c	genset	-	-	-	-	-	5d53652e7c725efafd410c46d095894ce5a1b4cd6f920d7f30ee5207249674e5	12986
inplace/avx512/r6_n1_fwd.c	genset	-	-	-	-	-	96c952f3d45ebc2f16c0997182d160618c60a0fcf8bb75b917fb9334b3e22b4e	13147
inplace/avx512/r6_t1_dif_bwd.c	genset	-	-	-	-	-	61356b511b1014c96b3a508e937b0ba5cc687f58d4bfb21168e9abd4af010d83	20077
inplace/avx512/r6_t1_dif_bwd_log3.c	genset	-	-	-	-	-	4f7d75b66035ea11d35cdc7987365644d5f85f623e68fbe961a19d71552344ed	20303
inplace/avx512/r6_t1_dif_fwd.c	genset	-	-	-	-	-	e689d16fe1ef148ab844e10b676a0b1a1cd0f577ac95623b1bca6c695b4a01ed	20337
inplace/avx512/r6_t1_dif_fwd_log3.c	genset	-	-	-	-	-	109bc3582eb78869462c52e5ebabd8c1c49c79b44a37719d2972ef73d5a60786	20557
inplace/avx512/r6_t1_dit_bwd.c	genset	-	-	-	-	-	0313f885c72753f6b8d8698acee3385cafc93311f67e556787aa4047859006b9	20184
inplace/avx512/r6_t1_dit_bwd_log3.c	genset	-	-	-	-	-	0e1ee22d2ef8be036f04877fe1a8bcb3a81ea5b9ca0cf0f3b789b5196e81c34f	20386
inplace/avx512/r6_t1_dit_fwd.c	genset	-	-	-	-	-	6c01e1463fde620ad4bd76a7cc44699c0090b281efb999b0e49c95851ca80dcd	20205
inplace/avx512/r6_t1_dit_fwd_log3.c	genset	-	-	-	-	-	1b4c66bb392b3440c7da2b5f05de617d3c110604c245f6d3d96b35767b751453	20431
inplace/avx512/r6_t1s_dif_bwd.c	genset	-	-	-	-	-	5376b7b1227b892ec28864091d9b3042799cd8cc1b4aacd0fdee8f41229f27a8	19754
inplace/avx512/r6_t1s_dif_bwd_log3.c	genset	-	-	-	-	-	62641daf061f5be68fef8ea1b89f0c14b728471dacad99c0479d5d4db873b789	20111
inplace/avx512/r6_t1s_dif_fwd.c	genset	-	-	-	-	-	e09e8ba3ff358734ce375bd8c7905c99bf58f2aedcf03891f8c4356fbf9ae42b	20014
inplace/avx512/r6_t1s_dif_fwd_log3.c	genset	-	-	-	-	-	97be934066da27c027f6ab4812a4a9be6a79d122581f33a5911e41a2be14fbbf	20365
inplace/avx512/r6_t1s_dit_bwd.c	genset	-	-	-	-	-	c035ceef5070f2f544dd246d9b4d4fc4dcfa6e1810afa6e5124a1e4647f6f159	19861
inplace/avx512/r6_t1s_dit_bwd_log3.c	genset	-	-	-	-	-	02d74af4cb4422eb2afae792397efb611a24593b2f9894ff90c6fc1232429d64	20194
inplace/avx512/r6_t1s_dit_fwd.c	genset	-	-	-	-	-	cc16f980edcb7b045442bbe121cb501df61d223727600accde57224264ad11ba	19882
inplace/avx512/r6_t1s_dit_fwd_log3.c	genset	-	-	-	-	-	8004e690fef1a96828655a5b85f267d3ef0c008c1102e03bdeeb7094ffe74228	20239
inplace/avx512/r7_n1_bwd.c	genset	-	-	-	-	-	a6ef7027cdd9ab5cb70fb8cd13e22e75a2f94c1590052985ed866a26ef3ede34	15700
inplace/avx512/r7_n1_fwd.c	genset	-	-	-	-	-	b7628c41c9426e5554d77f9641183364f7ddbbf0ae426b809ce76d346e0aea9e	15694
inplace/avx512/r7_t1_dif_bwd.c	genset	-	-	-	-	-	c799dd178e6a2cd56d27446dbde6c8d9761e77325737fd53cb5ef244a4fc76fe	20628
inplace/avx512/r7_t1_dif_bwd_log3.c	genset	-	-	-	-	-	ab2dc27a22ca9827ce92783a19fad22701a36419576bd2cf34281e962a5ad397	20901
inplace/avx512/r7_t1_dif_fwd.c	genset	-	-	-	-	-	fa3bd491b6562b98668f7bda6b905a73a8620c2e6b78144c65d2fd8db7a1bd6c	20757
inplace/avx512/r7_t1_dif_fwd_log3.c	genset	-	-	-	-	-	94e472a1a03603092896c1e96938a176b95acfa9d88df09b5f96759f6716ed21	21114
inplace/avx512/r7_t1_dit_bwd.c	genset	-	-	-	-	-	bb9cbc7c7742b08a59e682f4fabc395aa5df1eef7fa88ab342c5323601303af0	20757
inplace/avx512/r7_t1_dit_bwd_log3.c	genset	-	-	-	-	-	93af70c13e3382fc93fdd02fe176905addc4b2458863cbad2ef40d795018e113	21114
inplace/avx512/r7_t1_dit_fwd.c	genset	-	-	-	-	-	b88f025deef26d1df8406fc2cb2733e305919c0d5b0571d5405f2af700353f45	20607
inplace/avx512/r7_t1_dit_fwd_log3.c	genset	-	-	-	-	-	a3afe66300a301481bf6e08f68cf3820ff1cd3db192dd1a9cccb54c25545c75e	20880
inplace/avx512/r7_t1s_dif_bwd.c	genset	-	-	-	-	-	eb479ca103d419ea6ff160a8c0be396ff89390241171e00e9d36bb35ff9abf1f	20239
inplace/avx512/r7_t1s_dif_bwd_log3.c	genset	-	-	-	-	-	cc68850479f4a2420112f398f0bb08b2e15facbe59ac02ab9aa7ff463a1e6bea	20709
inplace/avx512/r7_t1s_dif_fwd.c	genset	-	-	-	-	-	e0ecf47cd0872a47ace539edcea1a78a44466d44fa578215f77f60fa8fe1ef17	20368
inplace/avx512/r7_t1s_dif_fwd_log3.c	genset	-	-	-	-	-	fbb5d24d252b4065d2abcee6dee45de7967fc482ab11ef46f32e421ccceb8119	20922
inplace/avx512/r7_t1s_dit_bwd.c	genset	-	-	-	-	-	a09975557530dd9b00677517392519984948a8853cbc15f25dd7aa9270b4f4ad	20368
inplace/avx512/r7_t1s_dit_bwd_log3.c	genset	-	-	-	-	-	0c2b14cb4aa177e5e4bdf6800c4e8431bb8b8f320384af8bdde94c9e404cfea6	20922
inplace/avx512/r7_t1s_dit_fwd.c	genset	-	-	-	-	-	ab52bab1590f019390cc6f0ec074028d5c9bae1396319f40b87b30d76bb2110f	20218
inplace/avx512/r7_t1s_dit_fwd_log3.c	genset	-	-	-	-	-	c7b8bd3cb90f9bf3e6d5d14983def362d0c07076f671bd745f5ccb9d3fe17502	20688
inplace/avx512/r8_n1_bwd.c	genset	-	-	-	-	-	2508bc4246497805e9188ff1c21545dd592fc96331f888f29ffe9c6e387bca40	15267
inplace/avx512/r8_n1_fwd.c	genset	-	-	-	-	-	1bd24fe4129f217896944b56d60c825c67f070b2811a83da2eac2684c96acd32	15182
inplace/avx512/r8_t1_dif_bwd.c	genset	-	-	-	-	-	28ec7ca1634fc48dafcd916896aadb4616c5e009f4981df76af5b602a3272d11	25082
inplace/avx512/r8_t1_dif_bwd_log3.c	genset	-	-	-	-	-	2be097b355d848021925ec0f290f9fa645bcfda12f96470f4fbe5b4f31335a9d	25379
inplace/avx512/r8_t1_dif_fwd.c	genset	-	-	-	-	-	a17acc15d9fa9a3f4ad2c4b8a7d10576d56f692d65edab46deedf58e6069829b	24994
inplace/avx512/r8_t1_dif_fwd_log3.c	genset	-	-	-	-	-	a87cd751247151051dbccde46f2964f2c5c2d6117b39b55142fca567ccd9bbff	25382
inplace/avx512/r8_t1_dit_bwd.c	genset	-	-	-	-	-	d7c51a50886dcf6154879fc0794ae1ed718816b7145d31d55d4bbec21aa883dd	25086
inplace/avx512/r8_t1_dit_bwd_log3.c	genset	-	-	-	-	-	662558077bc91405e44aa68c504eeba86ddf8be7fddafd864e5190efe16ca402	25487
inplace/avx512/r8_t1_dit_fwd.c	genset	-	-	-	-	-	c1a39bae797c1d1dbc92d4a39d3c03a6e880e69e1e6f3c8e3a08c15ddcd8dee2	24879
inplace/avx512/r8_t1_dit_fwd_log3.c	genset	-	-	-	-	-	f53f1523e5c5e8f3a093dfa1d3352130e132ba638deaee0e713430d7a69948df	25185
inplace/avx512/r8_t1s_dif_bwd.c	genset	-	-	-	-	-	97ed24325337e7fba0c811ca45dc83db3ad85f8c83a18ea33fb7bef496f69e1b	24627
inplace/avx512/r8_t1s_dif_bwd_log3.c	genset	-	-	-	-	-	7f23755dd8227d82b1d499c8dc636542011d4c64bea3b3ecf6e907ee93d0b666	25187
inplace/avx512/r8_t1s_dif_fwd.c	genset	-	-	-	-	-	9a6f059b803454de463a4db3fb2dd84d32b83c3faea119873a80d155559aa83b	24539
inplace/avx512/r8_t1s_dif_fwd_log3.c	genset	-	-	-	-	-	946c7516b19667311826c6aeeccce0372f48407397d6916ef252039fa04f2e14	25190
inplace/avx512/r8_t1s_dit_bwd.c	genset	-	-	-	-	-	d8c02562a8e79dfbdcddd89d9b993d2a952033eccfeec2938e66d8b3895b3027	24631
inplace/avx512/r8_t1s_dit_bwd_log3.c	genset	-	-	-	-	-	a61bcf2b8ef5cc0922f2bf9b67d1bd6a056f2bf87744e7bad5ded23de3b27738	25295
inplace/avx512/r8_t1s_dit_fwd.c	genset	-	-	-	-	-	d53cd4636290bc9fc53170a03c5ca0503adc61241c580d734add1cc9e3c547e4	24424
inplace/avx512/r8_t1s_dit_fwd_log3.c	genset	-	-	-	-	-	0ecf286c62e8f351ac330d3c5d412643ccaf99095c63c4b1812f4b9fc88215f6	24993
oop/avx2/radix10_n1_oop_avx2.c	genset	-	-	-	-	-	1932a6a7aac70fcb36c4e33b0c1e80330dd2246cec44b5638019c0055d11dd74	50922
oop/avx2/radix10_t1_dif_oop_avx2.c	replay	gen_radix.exe	-	10 --twiddled --post-tw --oop --oop-buffer-oop --oop-load UG --oop-store UG --isa avx2 --emit-c	-	-	5a2b9b8983cf9e4a8058fa53f2a0d6c698427604c8290008ac0c63b95c0eab99	63779
oop/avx2/radix11_n1_oop_avx2.c	genset	-	-	-	-	-	0ad0560181f46a0c8c82b16ccc64126731f3a5856c28c52e3e1c9c47068b1512	53415
oop/avx2/radix128_n1_oop_avx2.c	genset	-	-	-	-	-	7acb9bafad537bc73328f3704b611cc312bf17473d85f2fae92b778dd80dc381	936688
oop/avx2/radix12_n1_oop_avx2.c	genset	-	-	-	-	-	e6e6821460ef3049551341824ee01fd5edc14622140c5f62712b2ebbadc04cc0	56642
oop/avx2/radix13_n1_oop_avx2.c	genset	-	-	-	-	-	01d444539a89bba9e483668b27c400e44f2f7dcdb718f02791d3a51d9ab735cb	66436
oop/avx2/radix13_n1_oop_avx2_spec.c	genset	-	-	-	-	-	fae2e923aa5667a294d6323f68514fcbd5f0049ffa05fbcb6f36755c2a3dbc92	59815
oop/avx2/radix13_t1_oop_avx2.c	genset	-	-	-	-	-	b17474dd69b379ebb8026951be6d47218669a1b68e08f7c826d59330cb3a6211	80657
oop/avx2/radix13_t1p_log3_oop_avx2.c	genset	-	-	-	-	-	c81ec07cbe5a626440fc35c05dce587c73a423f792a9abe6678f16d835e2b5ec	23434
oop/avx2/radix13_t1p_log3_oop_avx2_spec.c	genset	-	-	-	-	-	964d5b5aa1963ec60c4b16646d011bfa3f465ef6598e8edfc10fac28cb4b4016	21908
oop/avx2/radix13_t1p_oop_avx2.c	genset	-	-	-	-	-	4604b55c43ee2ed0edf9f77f85cb6c041ee2284926ffe29fd34c19cdd14c10e6	23258
oop/avx2/radix13_t1p_oop_avx2_spec.c	genset	-	-	-	-	-	7237c1d87c4a58b32b592fc3976ada5f40fed73dfd97d9325e8b909b5bf84260	21732
oop/avx2/radix14_n1_oop_avx2.c	genset	-	-	-	-	-	930097a1f2f797d1f2f04abd2dac6e03abadf9a4153e0d7c75d236811ad08e69	72013
oop/avx2/radix15_n1_oop_avx2.c	genset	-	-	-	-	-	770630d1511da0aed2a32244fed7b65808d69756a42703ac9059c17a4b44958f	86743
oop/avx2/radix16_n1_oop_avx2.c	genset	-	-	-	-	-	cd62e2df7b3c5e8eba6fcfdc1d3470f042041ed783022aecccf77cd71581175d	80557
oop/avx2/radix16_n1_oop_ugul_avx2.c	replay	gen_radix.exe	-	16 --oop --oop-buffer-oop --oop-load UG --oop-store UL --isa avx2 --emit-c	-	-	45b32328282f481e65e2537af9e482ea6dba9735ab0c258ecb7420c777567a0f	30836
oop/avx2/radix16_t1_oop_avx2.c	genset	-	-	-	-	-	a34cbd9cfdc7f8f58330225d77ad5f2cf77e56239b8f96db89ebe306880b7fd6	98235
oop/avx2/radix16_t1_oop_ugug_log3_avx2.c	replay	gen_radix.exe	-	16 --oop --oop-buffer-oop --oop-load UG --oop-store UG --isa avx2 --twiddled --log3 --emit-c	-	-	8b78537f1c55c9c1033c33d824d150cc35911f59f6ac9fbdd608e83720493768	99561
oop/avx2/radix16_t1_oop_ul_avx2.c	replay	gen_radix.exe	-	16 --oop --oop-buffer-oop --oop-load UL --oop-store UG --isa avx2 --twiddled --emit-c	-	-	48f5443f2d534d54896d1ec09714a9d9642d05958b5ce215b04fc053f45e688f	36604
oop/avx2/radix16_t1_oop_ul_log3_avx2.c	replay	gen_radix.exe	-	16 --oop --oop-buffer-oop --oop-load UL --oop-store UG --isa avx2 --twiddled --log3 --emit-c	-	-	85fd0b89fe50a1afbc29a2d406bddc39752f08388d822ff3c9c1d12422a45ca1	36906
oop/avx2/radix16_t1_oop_ul_twl_avx2.c	replay	gen_radix.exe	-	16 --oop --oop-buffer-oop --oop-load UL --oop-store UG --isa avx2 --twiddled --oop-tw-linear --emit-c	-	-	547b51197385f1398fb68dd4daa6d834ec37812ab610ea8835e25a9e715dee13	36638
oop/avx2/radix16_t1p_log3_oop_avx2.c	genset	-	-	-	-	-	58f4e0e0d0d4276fab72ea2c2d598aedf04ad115d9747d4306a53c5c82a69faf	32643
oop/avx2/radix16_t1p_oop_avx2.c	genset	-	-	-	-	-	a47b2af33312986aeed8e8cc697a1de3aa76b9eaa799e8ad2d820fdabe1129b0	32429
oop/avx2/radix17_n1_oop_avx2.c	genset	-	-	-	-	-	4705e778dc09ab856251f2459631e02b0d16ece644d662b67347b01871a9c1c8	93366
oop/avx2/radix19_n1_oop_avx2.c	genset	-	-	-	-	-	3ba2c2f0568ae87758e05796aaac36835496729611e7539dc0fb1d5753a3d0a3	109312
oop/avx2/radix20_n1_oop_avx2.c	genset	-	-	-	-	-	6cf986f3398fa7d3e21a11c336f11fec0691ad11173d09fa7fe66e7ccbcb2d12	116532
oop/avx2/radix20_t1_dif_oop_avx2.c	replay	gen_radix.exe	-	20 --twiddled --post-tw --oop --oop-buffer-oop --oop-load UG --oop-store UG --isa avx2 --emit-c	-	-	0b8d899354742860bc43bf00e4dce01f1f30500152f9cdd7773a181ce6a61599	143512
oop/avx2/radix25_n1_oop_avx2.c	genset	-	-	-	-	-	482a03365c39b1796e7cbeed1cc51cbb37a48c0ab200e596a6b41461df25a2ed	169979
oop/avx2/radix25_t1_dif_oop_avx2.c	replay	gen_radix.exe	-	25 --twiddled --post-tw --oop --oop-buffer-oop --oop-load UG --oop-store UG --isa avx2 --emit-c	-	-	c65360ac3b0095a02677fe65edafcc7f666cfe3e62bb44b24a249fa756c6284e	204049
oop/avx2/radix2_n1_oop_avx2.c	genset	-	-	-	-	-	a157bdd0b426b954170a887cf900366ee275d395a41f50dff9b5ff51b18299c2	8749
oop/avx2/radix32_n1_oop_avx2.c	genset	-	-	-	-	-	4a3e03ec6d911f119eb4490833b400166be996344e876983fe5098c5950a1480	183086
oop/avx2/radix32_n1_oop_avx2_spec.c	genset	-	-	-	-	-	13e7351ae610abe2130644f6bfeeecd0701301eb90bb73398d54c1a73430a076	161969
oop/avx2/radix32_n1_oop_ugul_avx2.c	replay	gen_radix.exe	-	32 --oop --oop-buffer-oop --oop-load UG --oop-store UL --isa avx2 --emit-c	-	-	5b255de366f9e8c2558790ed7fdef180dea6fb67137c6b151747c2f78702ec63	66301
oop/avx2/radix32_n1_oop_ugul_spec1024_avx2.c	replay	gen_radix.exe	-	32 --oop --oop-buffer-oop --oop-load UG --oop-store UL --isa avx2 --oop-strides 32,1,1,32 --oop-spec-named --emit-c	-	-	5b7d78eb5e107aa661e45cab052694ac29a1799adab645747982b6cf34b23a02	66481
oop/avx2/radix32_t1_oop_avx2.c	genset	-	-	-	-	-	cc5fd337dc64b723e2b74f98011573eb0de27cca8aeaaa8e91b400224447e6ea	220652
oop/avx2/radix32_t1_oop_spec1024_avx2.c	replay	gen_radix.exe	-	32 --oop --oop-buffer-oop --oop-load UG --oop-store UG --isa avx2 --twiddled --oop-strides 32,1,32,1 --oop-spec-named --emit-c	-	-	885934f86ddb7bbade9d7293f5603c225a99c524c9d2e1c33488a6b079cc9a64	220832
oop/avx2/radix32_t1_oop_ugug_log3_avx2.c	replay	gen_radix.exe	-	32 --oop --oop-buffer-oop --oop-load UG --oop-store UG --isa avx2 --twiddled --log3 --emit-c	-	-	91d56a1663f46588eb2c77a9aa8087e928a89682ea0797e8b4b7034476f9f4f4	224200
oop/avx2/radix32_t1_oop_ul_avx2.c	replay	gen_radix.exe	-	32 --oop --oop-buffer-oop --oop-load UL --oop-store UG --isa avx2 --twiddled --emit-c	-	-	29d6de883f7d7fb5cb0b7a69896e7403163023cf554e7da7084ab818c868a3b0	78634
oop/avx2/radix32_t1_oop_ul_log3_avx2.c	replay	gen_radix.exe	-	32 --oop --oop-buffer-oop --oop-load UL --oop-store UG --isa avx2 --twiddled --log3 --emit-c	-	-	d79b36a282a5d837879130a1082e9f3dd9abe0d4407ff5bf4bc6968c2621de3a	79439
oop/avx2/radix32_t1_oop_ul_twl_avx2.c	replay	gen_radix.exe	-	32 --oop --oop-buffer-oop --oop-load UL --oop-store UG --isa avx2 --twiddled --oop-tw-linear --emit-c	-	-	653fe6059d10e5dd94b4c15f3b76c78693a0d179e0e295655d177bb970b5c602	78680
oop/avx2/radix32_t1p_log3_oop_avx2.c	genset	-	-	-	-	-	36164428d5e53d757f59372f3a644a540a7994c4a817a95348d7a0e04acfc10d	70752
oop/avx2/radix32_t1p_log3_oop_avx2_spec.c	genset	-	-	-	-	-	b412135f2d1c11353d1fb6677af3f53095575d8c8f08a0dd509c3309348cb443	62088
oop/avx2/radix32_t1p_oop_avx2.c	genset	-	-	-	-	-	6f57e22f813a8a6d75fc7b05b0cc17419fcff894ed838ffd3a44a3418af39ee8	70155
oop/avx2/radix32_t1p_oop_avx2_spec.c	genset	-	-	-	-	-	2e0db546aeb57f09b5db1c5573b4282b44254bcf80c307ec543a81b47292541a	61491
oop/avx2/radix3_n1_oop_avx2.c	genset	-	-	-	-	-	0b1f93682a34a5186db2c941bf2b91801475b8e2eb0b9ea979ea7a402d69ccf8	13471
oop/avx2/radix4_n1_oop_avx2.c	genset	-	-	-	-	-	d0ee04963a96b1505698875e10f3d6e289deee0aab01a70ad3ddb3b773e87d81	15749
oop/avx2/radix4_n1_oop_ugul_avx2.c	replay	gen_radix.exe	-	4 --oop --oop-buffer-oop --oop-load UG --oop-store UL --isa avx2 --emit-c	-	-	4f19750abf1c6d7a8c1ab62c293d5971922772754947c2ec37b751788f0686ef	6345
oop/avx2/radix4_t1_oop_avx2.c	genset	-	-	-	-	-	90b697d05694f4fe8a8746b1ffc4793b920b1bc5cb5b2c2201bcc89ea611a2b1	19084
oop/avx2/radix4_t1_oop_ugug_log3_avx2.c	replay	gen_radix.exe	-	4 --oop --oop-buffer-oop --oop-load UG --oop-store UG --isa avx2 --twiddled --log3 --emit-c	-	-	dbf93e0ab4522c4055fa64978f61c49ed3038bdaaa1fe91eaa5370307892cb94	19182
oop/avx2/radix4_t1_oop_ul_avx2.c	replay	gen_radix.exe	-	4 --oop --oop-buffer-oop --oop-load UL --oop-store UG --isa avx2 --twiddled --emit-c	-	-	8b29435769511f891b6b74b40600a6d2ca64190c0045cd9a047b2f32889ca7d3	7343
oop/avx2/radix4_t1_oop_ul_log3_avx2.c	replay	gen_radix.exe	-	4 --oop --oop-buffer-oop --oop-load UL --oop-store UG --isa avx2 --twiddled --log3 --emit-c	-	-	78d615e9cdd37dd90ef767038cdb1129a5857ece40f93bbc895f346eb19401ab	7373
oop/avx2/radix4_t1_oop_ul_twl_avx2.c	replay	gen_radix.exe	-	4 --oop --oop-buffer-oop --oop-load UL --oop-store UG --isa avx2 --twiddled --oop-tw-linear --emit-c	-	-	ae526b3414e0401374dea52f5cffee25d90c6141efbbdb2b08004a212c65bdbe	7357
oop/avx2/radix4_t1p_log3_oop_avx2.c	genset	-	-	-	-	-	6ebf2595bcb34ac32efbd621372688979c797fd6bd848a75fcb908e5a00ae2a7	6414
oop/avx2/radix4_t1p_oop_avx2.c	genset	-	-	-	-	-	16c5bbd4a9629aec0ff3906dc9c94cb49202a08a6598ea69cc4cc7a375a3ecc2	6392
oop/avx2/radix5_n1_oop_avx2.c	genset	-	-	-	-	-	e8f1172091914629995163c459914ad58077e12e3abee9d2fbd7240cf016e98e	23301
oop/avx2/radix5_t1_dif_oop_avx2.c	replay	gen_radix.exe	-	5 --twiddled --post-tw --oop --oop-buffer-oop --oop-load UG --oop-store UG --isa avx2 --emit-c	-	-	8fad8a0d7c946d260fafbae4ee0b58283738ede31d122a03a067a2eca597fe7a	29188
oop/avx2/radix64_n1_oop_avx2.c	genset	-	-	-	-	-	4f36e75fbbdae27d9367a01da82bfdc90ae6555d94da05730b486eb50093c4e4	415005
oop/avx2/radix64_n1_oop_spec4096_avx2.c	replay	gen_radix.exe	-	64 --oop --oop-buffer-oop --oop-load UG --oop-store UG --isa avx2 --oop-strides 64,1,64,1 --oop-spec-named --emit-c	-	-	60929d36c69b4b6a26e309578041d8d8cb1716427e6ff04299d6287a8723a319	415185
oop/avx2/radix64_n1_oop_ugul_avx2.c	replay	gen_radix.exe	-	64 --oop --oop-buffer-oop --oop-load UG --oop-store UL --isa avx2 --emit-c	-	-	f6db1ce4a19669f955ca05091949af278679fb27e8fb0ac38724dac9d37cf151	144789
oop/avx2/radix64_t1_oop_avx2.c	genset	-	-	-	-	-	816489a5f94cc1b2fbf667ea3bc7a9aa2e96ae4a3b354bda1c6c0929296cd8c5	491341
oop/avx2/radix64_t1_oop_ugug_log3_avx2.c	replay	gen_radix.exe	-	64 --oop --oop-buffer-oop --oop-load UG --oop-store UG --isa avx2 --twiddled --log3 --emit-c	-	-	f1fc0241a70c7e0aa47da84357b2c11bc8b97fe556b7a1fbab79028b150e61d1	499531
oop/avx2/radix64_t1_oop_ul_avx2.c	replay	gen_radix.exe	-	64 --oop --oop-buffer-oop --oop-load UL --oop-store UG --isa avx2 --twiddled --emit-c	-	-	81a1ca4ec644926323f84a1129d7c62414070436de9473bd45c820d2f1a71f0a	169900
oop/avx2/radix64_t1_oop_ul_log3_avx2.c	replay	gen_radix.exe	-	64 --oop --oop-buffer-oop --oop-load UL --oop-store UG --isa avx2 --twiddled --log3 --emit-c	-	-	ccf4ece1f66c75350b1360e2c9977081cccc5a3d5cb2b64f760a5c8a487ad1bc	171757
oop/avx2/radix64_t1_oop_ul_log3_spec4096_avx2.c	replay	gen_radix.exe	-	64 --oop --oop-buffer-oop --oop-load UL --oop-store UG --isa avx2 --twiddled --log3 --oop-strides 1,64,64,1 --oop-spec-named --emit-c	-	-	75b40fe0cf1cb5590a026abbe8a6f271ac652b8e230401957b53ed8b2d9990ed	171937
oop/avx2/radix64_t1_oop_ul_twl_avx2.c	replay	gen_radix.exe	-	64 --oop --oop-buffer-oop --oop-load UL --oop-store UG --isa avx2 --twiddled --oop-tw-linear --emit-c	-	-	f77bcff28ad523f48e7405726c34915352c41ea54ff064db93a052ea6dd0ceb6	170010
oop/avx2/radix64_t1p_log3_oop_avx2.c	genset	-	-	-	-	-	c8a41eff3261137317fc51fc7ff4cdea09ce4a94341ae7a3de3795b97243fab5	154214
oop/avx2/radix64_t1p_oop_avx2.c	genset	-	-	-	-	-	b48d59cd59b65f718e18e6958ab5a9710624fd352370b129b17c356172722990	152813
oop/avx2/radix6_n1_oop_avx2.c	genset	-	-	-	-	-	d72b3b6e3d8c09d48335e3b0f041dcfdb50ca0b109caa50c7d1d9471b99478c3	27474
oop/avx2/radix7_n1_oop_avx2.c	genset	-	-	-	-	-	b564fedac1267201d5d0eaca54426a74f13e8fdb6796f36855e9373b4887fb5e	32271
oop/avx2/radix7_n1_oop_avx2_spec.c	genset	-	-	-	-	-	dfec3512590002513bb5d8224c309b4ae172d16762352c8df7b921865c0e9d8b	28684
oop/avx2/radix7_t1_oop_avx2.c	genset	-	-	-	-	-	b30d67686a02fd93a33932d0ff67befdc70788e8a36e68dd02246d539121e51e	39024
oop/avx2/radix7_t1p_log3_oop_avx2.c	genset	-	-	-	-	-	4bac65363fbf676583db9c76041e58c8c584b5a5a96c1a5929f8d66bb105089e	11827
oop/avx2/radix7_t1p_log3_oop_avx2_spec.c	genset	-	-	-	-	-	d4cc9a3918557fd202bf57e0f38da991359ea9e2c4424d85061736ee3285a92e	11063
oop/avx2/radix7_t1p_oop_avx2.c	genset	-	-	-	-	-	ea0c5b5be3f130e9d694169806436e034929155bf0cac8ab3cb4fd6bfd89a913	11754
oop/avx2/radix7_t1p_oop_avx2_spec.c	genset	-	-	-	-	-	a748fbaa3d7ac8976546d4b783663029e8abd6da9745c914883c6df7489e58f7	10990
oop/avx2/radix8_n1_oop_avx2.c	genset	-	-	-	-	-	147fd6a437c877a5534ffc8020d433b4e9096a5a289d00f7b974602fde767d12	33092
oop/avx2/radix8_n1_oop_ugul_avx2.c	replay	gen_radix.exe	-	8 --oop --oop-buffer-oop --oop-load UG --oop-store UL --isa avx2 --emit-c	-	-	5dc6034fffdf0660d0ca915e2c0bea9daeb13750bcfce79f76ce34c7a4db4d29	11978
oop/avx2/radix8_t1_oop_avx2.c	genset	-	-	-	-	-	3e194e6231c3abbdcf715e4d5d4cf2707460e8dad2a96426594df5b0f0497271	44157
oop/avx2/radix8_t1_oop_ugug_log3_avx2.c	replay	gen_radix.exe	-	8 --oop --oop-buffer-oop --oop-load UG --oop-store UG --isa avx2 --twiddled --log3 --emit-c	-	-	6cb2b5f4a9babeb3a3d7821572f55eda0a7e952af018850618a962672e4330f3	44621
oop/avx2/radix8_t1_oop_ul_avx2.c	replay	gen_radix.exe	-	8 --oop --oop-buffer-oop --oop-load UL --oop-store UG --isa avx2 --twiddled --emit-c	-	-	c00a74bb34d0b6d5cee1467f83d32188ad737e13b78c358eb0d31631e6bf5dcc	17558
oop/avx2/radix8_t1_oop_ul_log3_avx2.c	replay	gen_radix.exe	-	8 --oop --oop-buffer-oop --oop-load UL --oop-store UG --isa avx2 --twiddled --log3 --emit-c	-	-	5ed96c00b54c123785b68295a900b9fedb3eb0853099dcc662db3c50f738d351	17669
oop/avx2/radix8_t1_oop_ul_twl_avx2.c	replay	gen_radix.exe	-	8 --oop --oop-buffer-oop --oop-load UL --oop-store UG --isa avx2 --twiddled --oop-tw-linear --emit-c	-	-	32c85bfa439a90bfca8b799d53f656a2bb3fef0738092f9ab4320ffa1b99bd87	17572
oop/avx2/radix8_t1p_log3_oop_avx2.c	genset	-	-	-	-	-	5841ca4a85822b8fc936e7732806769427fa9c93edf715bf689c8cc3f64adf1f	15610
oop/avx2/radix8_t1p_oop_avx2.c	genset	-	-	-	-	-	221a565722f6b2dc4c56d0c3ee6443a5f95ae1bde7aa3fdbd6b4ac6d5c4a67ec	15531
oop/avx2/radix9_n1_oop_avx2.c	genset	-	-	-	-	-	d965ac3600577400c6f93acf42b75711f7d05e59f97dd6c593a60fc377267f89	43445
oop/avx2/vfft_k1_mono128_16x8_avx2.c	k1	gen_radix.exe	-	128 --k1-mono --k1-r1 16 --isa avx2 --emit-c	-	-	d172576fff57b654486d664a193614da913d5b0aec9e85a501cee5b4188fb344	87686
oop/avx2/vfft_k1_mono128_8x16_avx2.c	k1	gen_radix.exe	-	128 --k1-mono --k1-r1 8 --isa avx2 --emit-c	-	-	aa8719f5a98f22c1a4cc185d27c1d72f0e851fb4228471e9e8c9cbe1437304c0	88107
oop/avx2/vfft_k1_mono256_16x16_avx2.c	k1	gen_radix.exe	-	256 --k1-mono --k1-r1 16 --isa avx2 --emit-c	-	-	eb6ecdce86fbb3d02e394a946546d3d7c932be61e753d7df8f6ad48e54af63bb	186483
oop/avx2/vfft_k1_mono64_avx2.c	k1	gen_radix.exe	-	64 --k1-mono --isa avx2 --emit-c	-	-	4af9d5c5c84036d774b5eac0f75bcdb03b2ab51987fa6f2b4277b8a305388e5c	41488
oop/avx512/radix10_n1_oop_avx512.c	genset	-	-	-	-	-	4693c9a8905ed56761c09138ef488488b66b846c1c21cac9ae24a460b60b6c93	40151
oop/avx512/radix10_t1_dif_oop_avx512.c	replay	gen_radix.exe	-	10 --twiddled --post-tw --oop --oop-buffer-oop --oop-load UG --oop-store UG --isa avx512 --emit-c	-	-	dca012137b7851c2f937115a869141b6d045967eeada37299137622da7ceb4c1	50535
oop/avx512/radix11_n1_oop_avx512.c	genset	-	-	-	-	-	6308b0e2a5b88621c6647ca539475a4d8c3a7c7c835107205517e4917bd3422a	42277
oop/avx512/radix128_n1_oop_avx512.c	genset	-	-	-	-	-	9a62a4fa3be89779ca9c724c7746ba1a1e263abc6e46dbf94c8336e8df027002	789697
oop/avx512/radix12_n1_oop_avx512.c	genset	-	-	-	-	-	11bc47ee4a629603d7fd6ddb627eb8565950572b39f8c4578568e6679e546767	44577
oop/avx512/radix13_n1_oop_avx512.c	genset	-	-	-	-	-	4e0893ef9dcf518be83b32a936d032aef820ba9502a7363794b7662c98d2b433	52485
oop/avx512/radix13_n1_oop_avx512_spec.c	genset	-	-	-	-	-	3c6e0c736277b3f7f82cb753b0aac306726c40e9ecb58c6f386c22e9c165cf54	47560
oop/avx512/radix13_t1_oop_avx512.c	genset	-	-	-	-	-	b7ce2047a1a2ec321b25f09449e2262268658ee6fae0741d324fe4396ad57ce2	63944
oop/avx512/radix13_t1p_log3_oop_avx512.c	genset	-	-	-	-	-	6b1a756a8534b2ff4d8f741889b63365a62f58d208f9e7a7653cb7cf9f5e31f7	23413
oop/avx512/radix13_t1p_log3_oop_avx512_spec.c	genset	-	-	-	-	-	49d7fff6552c387751a2bce08f22b69e7d93f0bba94b578e4a8560d19d393032	21891
oop/avx512/radix13_t1p_oop_avx512.c	genset	-	-	-	-	-	4c838e607a73859b9b6975cb414b1ae97fab676fa45f198c138b93636fa836bd	23237
oop/avx512/radix13_t1p_oop_avx512_spec.c	genset	-	-	-	-	-	d69081cceda3e1d5db6f01e582b388c38b7a8233700fa102a0594e937a90613d	21715
oop/avx512/radix14_n1_oop_avx512.c	genset	-	-	-	-	-	5141ce26bfea32b6b0cad112a00e280a7544b86427ac916b4d0a90d65805185a	56407
oop/avx512/radix15_n1_oop_avx512.c	genset	-	-	-	-	-	24952e5a6fec6fb3d1d23b202b7e5ef0e2f32f0a5126d6a2e791f3235150c1f2	67823
oop/avx512/radix16_n1_oop_avx512.c	genset	-	-	-	-	-	72bae5c7868e1ec37c0ef574a72a7bfe7ef6aa361561d19f5e9fb06aaae846c3	58940
oop/avx512/radix16_t1_oop_avx512.c	genset	-	-	-	-	-	e4d70d945eea5180fad5c0d723f4436959ee415340ce17b028b6882e61398cc0	84923
oop/avx512/radix16_t1p_log3_oop_avx512.c	genset	-	-	-	-	-	26c22097d9c423b5fc47ee8533d63c6587dedbc06f9bde3f2de8e4689febe662	32622
oop/avx512/radix16_t1p_oop_avx512.c	genset	-	-	-	-	-	9332f3110f6d1856c065d8e6c7a26e5e6451770d5574e472c877c2f31470d235	32408
oop/avx512/radix17_n1_oop_avx512.c	genset	-	-	-	-	-	90738c6447227997d16d7defbb94c5eb5fdbc60bbcc085d708235a7cf58b7b1c	73556
oop/avx512/radix19_n1_oop_avx512.c	genset	-	-	-	-	-	446703d7e337206c5728205513edefbde01d59fd72103a9381baf5a2c67f7da6	85995
oop/avx512/radix20_n1_oop_avx512.c	genset	-	-	-	-	-	ca96fde83b58b50065d93d09ecd574f8e79ebc05c86a30c29cbcae71f12169af	85695
oop/avx512/radix20_t1_dif_oop_avx512.c	replay	gen_radix.exe	-	20 --twiddled --post-tw --oop --oop-buffer-oop --oop-load UG --oop-store UG --isa avx512 --emit-c	-	-	6588519e65d17b827558d34df6e79426cbeee7f0f8695068902a3cc9a07780b5	107533
oop/avx512/radix25_n1_oop_avx512.c	genset	-	-	-	-	-	43995437a88b3c1ee382337371eda2f1256b3f00db8071775bf5c231dd022353	143855
oop/avx512/radix25_t1_dif_oop_avx512.c	replay	gen_radix.exe	-	25 --twiddled --post-tw --oop --oop-buffer-oop --oop-load UG --oop-store UG --isa avx512 --emit-c	-	-	68bd75531a9a1dff86a8625af30e7b8789fc22efc02693a456885d678a40364e	171374
oop/avx512/radix2_n1_oop_avx512.c	genset	-	-	-	-	-	bbcce4fed1574c9d91e6d00f24ea1adc7dad876ac640bf3b10a05c0806a8b273	7182
oop/avx512/radix32_n1_oop_avx512.c	genset	-	-	-	-	-	cf31915c7432d85ae4669a325f51f4e726ab9b3a4e8928edc664dc274706fcb4	157389
oop/avx512/radix32_n1_oop_avx512_spec.c	genset	-	-	-	-	-	e86b263eb1cb169c63e003a19686ead2c592f5be738aa4670886e1b0609c3878	126449
oop/avx512/radix32_t1_oop_avx512.c	genset	-	-	-	-	-	81bd7714c00309e9df1956423e1d2f76cb08fa47982f4dfe4d3658abe0af5708	188288
oop/avx512/radix32_t1p_log3_oop_avx512.c	genset	-	-	-	-	-	a5deb76e4af8f9942cf5f7ba732a67c7d197795ab78e18a25927130123909c07	70732
oop/avx512/radix32_t1p_log3_oop_avx512_spec.c	genset	-	-	-	-	-	d7d32d8cc0f0ceebb6e8856c5f8c7845213ccd0e4443790323f1a99aa8958248	57404
oop/avx512/radix32_t1p_oop_avx512.c	genset	-	-	-	-	-	04acf6fecf2dd4636ec6ad7b9f435eb8aba4603bfcf56378c9cd6d3bf597f23a	70135
oop/avx512/radix32_t1p_oop_avx512_spec.c	genset	-	-	-	-	-	a5ab63cf171043341ecc453ca691f5e3d866c1fd03e229ef99a7f33a7cbeebc1	56807
oop/avx512/radix3_n1_oop_avx512.c	genset	-	-	-	-	-	8dd80074e2ed63f59b7bdb05bb9a584ba47183df006c5c00bb38183b5087b522	10864
oop/avx512/radix4_n1_oop_avx512.c	genset	-	-	-	-	-	09581cab23123d66427120e7ebac932fb8b78663604f1fa3f929341cb8cf438b	12707
oop/avx512/radix4_t1_oop_avx512.c	genset	-	-	-	-	-	f21fcd345cfad35e83b7b591b706e39ae052a64dfcdc2d232115268fb72d315a	18701
oop/avx512/radix4_t1p_log3_oop_avx512.c	genset	-	-	-	-	-	9b2eb46f8686bba8e99e1e970669a5f2e83c3ce29e965b12f0f0a990469d92e5	8067
oop/avx512/radix4_t1p_oop_avx512.c	genset	-	-	-	-	-	5d5f687dadeb734cd9e959b7c039c96f74a381f6bf10acdfa676fce70a630c78	8045
oop/avx512/radix5_n1_oop_avx512.c	genset	-	-	-	-	-	a459d0aeaf91c0363ede1e6e97871c092c532f31e3abfed782e0145f8325b575	18535
oop/avx512/radix5_t1_dif_oop_avx512.c	replay	gen_radix.exe	-	5 --twiddled --post-tw --oop --oop-buffer-oop --oop-load UG --oop-store UG --isa avx512 --emit-c	-	-	5edf500786f875f92142d03dcd57ecedebcc993c41ef0889baf7af50ba3e259a	23279
oop/avx512/radix64_n1_oop_avx512.c	genset	-	-	-	-	-	21f0aa7901347f81ed7c018bff977d5228de6ef8fd05718ed575cdcb24a8d55b	353652
oop/avx512/radix64_t1_oop_avx512.c	genset	-	-	-	-	-	738dabf7ce2148e4beca231b6fa840cf7c5399305a84d659e13011236e8d54c3	416035
oop/avx512/radix64_t1p_log3_oop_avx512.c	genset	-	-	-	-	-	e121d2f8bb5d087e4f7342d3501c55181a839edd2e886170bbf56628f254a983	154593
oop/avx512/radix64_t1p_oop_avx512.c	genset	-	-	-	-	-	f3c7b2ad176f549992b888f1c0e617e9915e09884ad84009d1f47525c6c128c9	153210
oop/avx512/radix6_n1_oop_avx512.c	genset	-	-	-	-	-	25cd80bc9410f99a9079b93c1af430efe4643e6c9b1e8c325b00b42f9e6c2a39	21891
oop/avx512/radix7_n1_oop_avx512.c	genset	-	-	-	-	-	8d5b8f79a5903664d8f2fcef57a5a02beb9c82aab8573da57a4d025511d0c6d6	25546
oop/avx512/radix7_n1_oop_avx512_spec.c	genset	-	-	-	-	-	7c823b0b3fc9bd9a832961c0d80ff05a5882aa96f3847ba0ba929dfa41be8d6a	22897
oop/avx512/radix7_t1_oop_avx512.c	genset	-	-	-	-	-	0dc69278bb07c046132c4048574641dd926a33382cdbb652d8a34b815fca02d2	31005
oop/avx512/radix7_t1p_log3_oop_avx512.c	genset	-	-	-	-	-	6105b18fae9bf6d931fbd220f8878c32e1894652b779b04dc82dc93f21d8f133	11806
oop/avx512/radix7_t1p_log3_oop_avx512_spec.c	genset	-	-	-	-	-	0a059be443c683ee8912956c4f076e7dba2cc4efd35402a3b4a01cdb6b764ebc	11042
oop/avx512/radix7_t1p_oop_avx512.c	genset	-	-	-	-	-	940bd87862eb62d866fdf6665d39e770d96cd34233d0cd94a174c7358512e837	11733
oop/avx512/radix7_t1p_oop_avx512_spec.c	genset	-	-	-	-	-	669fc6f4699ead34f31d2bf48975ada582b62b1e12deeddff949270f393ad7fb	10969
oop/avx512/radix8_n1_oop_avx512.c	genset	-	-	-	-	-	ddd3802b53fa645535b8a711589aef681e3b05ddce767e7d0f3bd0d3a397b893	26335
oop/avx512/radix8_t1_oop_avx512.c	genset	-	-	-	-	-	e9fbfd9b19c02d6772c5468ba176f48b320714bf613268759818db86d7a0daa8	38877
oop/avx512/radix8_t1p_log3_oop_avx512.c	genset	-	-	-	-	-	24d9c092a74b2f74005a8bf18821f011f782ed81ea0b82b525bac3d8360710a8	15589
oop/avx512/radix8_t1p_oop_avx512.c	genset	-	-	-	-	-	3689af5e51f0ce2bad03ffaea8d3519c0ec229aca7b552cfa4e6282222031ed2	15510
oop/avx512/radix9_n1_oop_avx512.c	genset	-	-	-	-	-	93085e761ec3e090779b4fc6116c78e6efb1d0c59e5da893fba6427c65e58b63	34637
rfft/avx2/radix16_hc2c_dit_fwd_avx2.c	genset	-	-	-	-	-	ead4a72a0c060de532e6c217917f2173719dc9a59b6c6d95082906ec78d91ede	63666
rfft/avx2/radix16_hc2c_nat_fwd_avx2.c	genset	-	-	-	-	-	4b32a0b367862aeb9b7c12fb69a0708501cd824ce2a77e57b9fa7514a2ed10c3	63322
rfft/avx2/radix16_hc2c_nat_log3_fwd_avx2.c	genset	-	-	-	-	-	e60c9dea78bb89109edec08a2c3b326038e7d5e2ded7c62cf55010cce179f1a7	65367
rfft/avx2/radix16_hc2c_nat_rng_fwd_avx2.c	genset	-	-	-	-	-	3857094d1213bde4b50c58250155d28d2e7d5263c0623e58ee94ed3335e250e4	63572
rfft/avx2/radix16_hc2hc_dif_fwd_avx2.c	genset	-	-	-	-	-	0d199035094f59b233c501466336516b600fe90946fce2b31acdf51e6f328a0a	59659
rfft/avx2/radix16_hc2hc_dit_fwd_avx2.c	genset	-	-	-	-	-	6f3213a066569bbdc5821fbb1e6a02ec1dedd05ba4cd858ef153e655731a740e	64020
rfft/avx2/radix16_hc2hc_dit_log3_fwd_avx2.c	genset	-	-	-	-	-	0710c5d412c991086126cd6db7c88118f2653c88e4225c8a459f8e8c81a056f3	65997
rfft/avx2/radix16_hc2hc_dit_rng_fwd_avx2.c	genset	-	-	-	-	-	c31c707eb95b94b590a78ebbcfb949b2e6afcd49d15ce3cc528945a599212a4a	64246
rfft/avx2/radix16_r2cf_avx2.c	genset	-	-	-	-	-	8d5ce8d4e2de905559ecf27cbf62a68a4f4ce920520949c562881d3876325ac3	21698
rfft/avx2/radix2_hc2c_dit_fwd_avx2.c	genset	-	-	-	-	-	2f5ebff3f8a4c0840724bdd131dbb4a32c7dda29174a9653b221afd85f99434a	5160
rfft/avx2/radix2_hc2c_nat_fwd_avx2.c	genset	-	-	-	-	-	09226ceda71590df46f81e239ad1539c48c0524bb7a5f90f02e06b698079bf65	5200
rfft/avx2/radix2_hc2c_nat_log3_fwd_avx2.c	genset	-	-	-	-	-	64658f4fd9a63a4c2e790757ecc02581469dd270bdaaa8f0296ad4c507e394fb	5248
rfft/avx2/radix2_hc2c_nat_rng_fwd_avx2.c	genset	-	-	-	-	-	d7c5340680c1c9366ecfc4601e90b475fbb62dcfdd52bd26b00e072250f44b24	5448
rfft/avx2/radix2_hc2hc_dif_fwd_avx2.c	genset	-	-	-	-	-	04690ffe1db8f53c6bcd4ecc9ebb2a864ac135a3503b52db8aca3c384c69b3be	5115
rfft/avx2/radix2_hc2hc_dit_fwd_avx2.c	genset	-	-	-	-	-	776b8bc28cfdd98e35b6a9a5e196861f812b18c2f5e621aca9f2251423d1e26e	5162
rfft/avx2/radix2_hc2hc_dit_log3_fwd_avx2.c	genset	-	-	-	-	-	1a622568f0b5c6099249a7cbf13c58651d1da0c0c9aa1fcf3b4092486f369a9d	5210
rfft/avx2/radix2_hc2hc_dit_rng_fwd_avx2.c	genset	-	-	-	-	-	d316961b4f09b673cb3ea9a76323abb01bb42ebb3c4fae9f7e57619455316eaf	5386
rfft/avx2/radix2_r2cf_avx2.c	genset	-	-	-	-	-	737921cb860682c3a7a89ccea4b504c0a6c31b99a88dc9c77421ee5066e190a5	2965
rfft/avx2/radix32_r2cf_avx2.c	genset	-	-	-	-	-	fda28fd2c012ca561f3aee16db2024fadf66785be5f0e2bccdb9886c7a9122ee	57219
rfft/avx2/radix3_hc2c_dit_fwd_avx2.c	genset	-	-	-	-	-	e484909d272bfa6e94b840388d3cda272465cf88348ec0d4105ca2744a99f10e	9040
rfft/avx2/radix3_hc2c_nat_fwd_avx2.c	genset	-	-	-	-	-	f2e5a16d5b09d3cd2bfa721ee2eec9a044054bc0d6fc07e4793eac8381d5fbae	9056
rfft/avx2/radix3_hc2c_nat_log3_fwd_avx2.c	genset	-	-	-	-	-	e983f5bf5870d863fca4ef7b9532450683ef1e5e07b4d6aec9130ed0b9768c4a	9104
rfft/avx2/radix3_hc2c_nat_rng_fwd_avx2.c	genset	-	-	-	-	-	f5dced046e1a8b2e4511a2ae0dee7d4ccb4d2233ec2679a861f48f087ccb461d	9304
rfft/avx2/radix3_hc2hc_dif_fwd_avx2.c	genset	-	-	-	-	-	41e8e27fb3a31564d4baca6c4c2fda0007d1a275b85024284efb48c5e9d123d3	8994
rfft/avx2/radix3_hc2hc_dit_fwd_avx2.c	genset	-	-	-	-	-	6b3064563efd82ec83a6ca5e52fd9ef8fc22b7de49820de4bc9d515bb69bda50	9042
rfft/avx2/radix3_hc2hc_dit_log3_fwd_avx2.c	genset	-	-	-	-	-	f9507d54eb45c306b467243d21131a9e31f83627e99ba4e6ea715f498cffd931	9090
rfft/avx2/radix3_hc2hc_dit_rng_fwd_avx2.c	genset	-	-	-	-	-	6633761f940195debaa650d6b473847f53bae75f55483ff9b20bc20919fbdcf4	9266
rfft/avx2/radix3_r2cf_avx2.c	genset	-	-	-	-	-	baeac98d9a8fe143c6abcd4b89bbd085030b92c091960f187cc65a334327bbc1	4322
rfft/avx2/radix4_hc2c_dit_fwd_avx2.c	genset	-	-	-	-	-	e2e13d56559bb73278288cc240f226fa904b97f1e04a94fa6d9a9fb6028f52c3	10812
rfft/avx2/radix4_hc2c_nat_fwd_avx2.c	genset	-	-	-	-	-	4b9f61b6df25a52d9be7d21d758ad8ba8f0c803314ac51961f8dbda05a3e1e32	10804
rfft/avx2/radix4_hc2c_nat_log3_fwd_avx2.c	genset	-	-	-	-	-	125e40c6557b6cce996c9691a72e9da9898aa30d682bfbf0301e36c67a87994b	10994
rfft/avx2/radix4_hc2c_nat_rng_fwd_avx2.c	genset	-	-	-	-	-	db52d53f9fd51801ff9cca53a8fcd648cdfbe4f30737ed2e78c20739d59c80d0	11052
rfft/avx2/radix4_hc2hc_dif_fwd_avx2.c	genset	-	-	-	-	-	950c6ef5bcd6872cded147421e8f4333c4986a702959bcb7258504dffe7e25e6	10688
rfft/avx2/radix4_hc2hc_dit_fwd_avx2.c	genset	-	-	-	-	-	0fa3329c94d6a34929d8135ca6d62d6c72fc6783b2f33c82f37e12b82bf0fa6f	10814
rfft/avx2/radix4_hc2hc_dit_log3_fwd_avx2.c	genset	-	-	-	-	-	973e642c31723ee08493a2527bda86c633b766b1a5fb2011610d3f2ce58a27ae	10862
rfft/avx2/radix4_hc2hc_dit_rng_fwd_avx2.c	genset	-	-	-	-	-	d230a5a4a2044990eede1ef886d91e30732ed83a73c895f136d117427e6b2878	11038
rfft/avx2/radix4_r2cf_avx2.c	genset	-	-	-	-	-	32fda319c9cca146096fd21fa7528f85a5d4afeae3484d702246c92e87edb93a	4503
rfft/avx2/radix5_hc2c_dit_fwd_avx2.c	genset	-	-	-	-	-	fbb2f82c9239d462beef33409240d5126bfff2437786d7468018aeb5c4ba2962	17305
rfft/avx2/radix5_hc2c_nat_fwd_avx2.c	genset	-	-	-	-	-	a1126a285579659f76cabf3b4c21be26822e969ee6bdf4355604a46e2e9a8bca	17273
rfft/avx2/radix5_hc2c_nat_log3_fwd_avx2.c	genset	-	-	-	-	-	30ebaa5b3dc45196d3d70a34aaa31afe5840f8c55f10621be4ab1a2190fdceaf	17500
rfft/avx2/radix5_hc2c_nat_rng_fwd_avx2.c	genset	-	-	-	-	-	81e135f8f58b78e3698037f4f1282c3ac542ccb1bb27f5e049c8b3166bcb2924	17521
rfft/avx2/radix5_hc2hc_dif_fwd_avx2.c	genset	-	-	-	-	-	8b8b8e2e9ecb5a8a5e234449754b9a1dd865a601d2c7218c68591f1b4e060345	17281
rfft/avx2/radix5_hc2hc_dit_fwd_avx2.c	genset	-	-	-	-	-	df7541406e50b6a77cad038bb473ad6e32b54778c25406cfc89deec91288f768	17319
rfft/avx2/radix5_hc2hc_dit_log3_fwd_avx2.c	genset	-	-	-	-	-	8a6390df5caee35296519a659495ae22946ed8f142a4d2de95f4121905dca7af	17546
rfft/avx2/radix5_hc2hc_dit_rng_fwd_avx2.c	genset	-	-	-	-	-	742208b67e7a3d089722cfafcff0c3804047bbe0cb2f06766e738dc7aacc9848	17543
rfft/avx2/radix5_r2cf_avx2.c	genset	-	-	-	-	-	a8fff66d2a042fa81087895356fa65d6980a1503891b38502120c41875f9baa8	7172
rfft/avx2/radix7_hc2c_dit_fwd_avx2.c	genset	-	-	-	-	-	1b4dce7483d1274010ced41b869e26a6d45f14e9eb69427279d5427b2e7d6355	24951
rfft/avx2/radix7_hc2c_nat_fwd_avx2.c	genset	-	-	-	-	-	2669c2619c19e765c6aa80a04149d0518e866e0d165e2abe99cc3e088d0bf95b	24871
rfft/avx2/radix7_hc2c_nat_log3_fwd_avx2.c	genset	-	-	-	-	-	9ff2c0e73e23865b91e98af9855b8c06fe2a1e0cabd5690c063562b07c309e16	25468
rfft/avx2/radix7_hc2c_nat_rng_fwd_avx2.c	genset	-	-	-	-	-	5f0d271fd60e5fcebd5948e0c4d33a555895b5be693549c8d393097561450f37	25119
rfft/avx2/radix7_hc2hc_dif_fwd_avx2.c	genset	-	-	-	-	-	c02539d3bc8f41d78f591bfe8a7a1a05cf14a679216ac83d32695182b693c331	24993
rfft/avx2/radix7_hc2hc_dit_fwd_avx2.c	genset	-	-	-	-	-	1d5e683fe164fd5a006b8dbb3ee4e6bc8c9096ce204a43c4a2abc08f561b8d6a	25021
rfft/avx2/radix7_hc2hc_dit_log3_fwd_avx2.c	genset	-	-	-	-	-	3d6bead20b302b4397a68827affad266116bdfc4ead61ab5f9076701e387ba91	25618
rfft/avx2/radix7_hc2hc_dit_rng_fwd_avx2.c	genset	-	-	-	-	-	6392f68a0198cb1979f2e2db3325011e65deefa6eafc2a766b96307715f5c224	25245
rfft/avx2/radix7_r2cf_avx2.c	genset	-	-	-	-	-	31e9ff765d38ad7b8b43efe0c8332da9f858a0a9001db458a923582e5b26cf52	9747
rfft/avx2/radix8_hc2c_dit_fwd_avx2.c	genset	-	-	-	-	-	95f2d00c251ff11a07172c786e372467091d52fda4a21de5c03cfcec200d4416	27169
rfft/avx2/radix8_hc2c_nat_fwd_avx2.c	genset	-	-	-	-	-	3e6ac54e76b11ccdd040d35a9ea2c36ac296bdc9f83e6043e9879c000dcf136b	27065
rfft/avx2/radix8_hc2c_nat_log3_fwd_avx2.c	genset	-	-	-	-	-	c640c670d090f7754c4f35042e99d50055ec7222cb59cb8297ddbbf620508bc2	27802
rfft/avx2/radix8_hc2c_nat_rng_fwd_avx2.c	genset	-	-	-	-	-	9967c3769a10a3dd5edbd23710b8720e9720c59ac701188b34e20978a992b7a9	27313
rfft/avx2/radix8_hc2hc_dif_fwd_avx2.c	genset	-	-	-	-	-	094eefa60bb7f527f395fe0e23fe60d0d3031abf3f9d06dae1e73651a0065db1	25054
rfft/avx2/radix8_hc2hc_dit_fwd_avx2.c	genset	-	-	-	-	-	825253ef8f31443e7b928b0a10ab834b6796767636fce020a08894fa854893c1	27191
rfft/avx2/radix8_hc2hc_dit_log3_fwd_avx2.c	genset	-	-	-	-	-	0c69d28492cf2bbde476f1541684b25c9be42523e05be6696588e9aadb9d55e9	27916
rfft/avx2/radix8_hc2hc_dit_rng_fwd_avx2.c	genset	-	-	-	-	-	7c5b3ca6185c11ab4deb1f3dcefa7ffab6f50a2d592d842c46d29b33615da7c3	27415
rfft/avx2/radix8_r2cf_avx2.c	genset	-	-	-	-	-	fd4d77ff131a7b8f83eac503765dff163f929cf66a83a1e6e10b358f80893d47	9034
rfft/avx512/radix16_hc2c_dit_fwd_avx512.c	genset	-	-	-	-	-	15d124a8ebcf4cea1e42f77e57facce31c6eaa2f4eb5c552b1981cf50c10b646	56081
rfft/avx512/radix16_hc2c_nat_fwd_avx512.c	genset	-	-	-	-	-	2c69ee231d85a17306dc92cc5c6c5cbe4c6ca1b64dcae38aaf4b784c6f53fb75	55845
rfft/avx512/radix16_hc2c_nat_log3_fwd_avx512.c	genset	-	-	-	-	-	117e13783c6a35b2a39365cee98b166011ade6266a4d035af0ae2763ea179a0e	57429
rfft/avx512/radix16_hc2c_nat_rng_fwd_avx512.c	genset	-	-	-	-	-	f0d737d3cabe53fdb5cd8441c4bc49c464084c7a0830b89df11380661b99a811	56095
rfft/avx512/radix16_hc2hc_dif_fwd_avx512.c	genset	-	-	-	-	-	efecb7906c9905c6ebacc88e2d6c12f5b33e6da6d3c417044701fb23ab11b815	48242
rfft/avx512/radix16_hc2hc_dit_fwd_avx512.c	genset	-	-	-	-	-	3d9ed9158ab8ba93a812e70f89ff6a6f874e3d586e05b8342cd07dbbd3525f39	56352
rfft/avx512/radix16_hc2hc_dit_log3_fwd_avx512.c	genset	-	-	-	-	-	113acf824e0b9b5e481480898e8bd539c807fa29352dd90c27a4f1e3dca53690	57885
rfft/avx512/radix16_hc2hc_dit_rng_fwd_avx512.c	genset	-	-	-	-	-	d7644fc3d8d4ff0e1bcb186507bf8402c0045ce5c5210bf75a07494a2736310c	56578
rfft/avx512/radix16_r2cf_avx512.c	genset	-	-	-	-	-	e13677a7d25e6b0864f3d09af06b742150bd09d4065d3dbf5d97f85d821caec3	17918
rfft/avx512/radix256_r2c_term_ls_r8_avx512.c	replay	gen_radix.exe	-	256 --r2c-term-ls --r2c-term-ls-r 8 --emit-c --isa avx512	-	-	34413df0d3c921a04a57914f7e5359f96f934c7b1eb1248b82531702add11dc8	28847
rfft/avx512/radix2_hc2c_dit_fwd_avx512.c	genset	-	-	-	-	-	cfdb0ac9f9cfb5b5333eaea5a3c4cfc2f8e82f988d74469e01f6f7e71115d15f	4566
rfft/avx512/radix2_hc2c_nat_fwd_avx512.c	genset	-	-	-	-	-	f8699e261e88a700e9f00a0a86254464bf06ee03355ab926bd6ddf5550022d9e	4618
rfft/avx512/radix2_hc2c_nat_log3_fwd_avx512.c	genset	-	-	-	-	-	d52835d03f9041f14b542625fdd1b55046505aae5d264fd017ab2d4fe3c22ca9	4666
rfft/avx512/radix2_hc2c_nat_rng_fwd_avx512.c	genset	-	-	-	-	-	023c9eeefd1658570da3c7746ec3f1d4193f032719d7663ffde9c6c587b19948	4866
rfft/avx512/radix2_hc2hc_dif_fwd_avx512.c	genset	-	-	-	-	-	cb6ab8de2674d59acd284d6d02da6cf5b0fda2ce0d3c6200eb688ed3a0255471	4523
rfft/avx512/radix2_hc2hc_dit_fwd_avx512.c	genset	-	-	-	-	-	cf05edfc20baf3fac0895be4c9ec1757def427efb7145a7b976f2591eac0fdd8	4577
rfft/avx512/radix2_hc2hc_dit_log3_fwd_avx512.c	genset	-	-	-	-	-	e92452efa31dd39c7d882fab76802c549fde5a0a0b6978907448f1a692ba242a	4625
rfft/avx512/radix2_hc2hc_dit_rng_fwd_avx512.c	genset	-	-	-	-	-	58249693dfc928f9da1a36fe3943554fba332b4b3476bcebce2510d16231e5b8	4801
rfft/avx512/radix2_r2cf_avx512.c	genset	-	-	-	-	-	e0e7d362d111745bffd2ab7285b0720ebc4d995d7a6e8a62d513b437d9e48ccc	2731
rfft/avx512/radix32_r2cf_avx512.c	genset	-	-	-	-	-	930b386112f8854412b87a5dbe97c5383be8e3446a7a294ba38763b8f5884a56	46203
rfft/avx512/radix3_hc2c_dit_fwd_avx512.c	genset	-	-	-	-	-	ce8f714763f3ab64c13837e3c47f9a4d1fbdd1306771d4e7498d68dd3ca1f84f	7672
rfft/avx512/radix3_hc2c_nat_fwd_avx512.c	genset	-	-	-	-	-	49e19169324596652ce8a58953f28c5574211f861b53177457caa36eb3067eee	7706
rfft/avx512/radix3_hc2c_nat_log3_fwd_avx512.c	genset	-	-	-	-	-	e58959c31cd06693e4a202da37a13ed16dce337fd61cd3d87abbcddefcb157b7	7754
rfft/avx512/radix3_hc2c_nat_rng_fwd_avx512.c	genset	-	-	-	-	-	f76e393b961e085d604f97f489880884f208e429d01a26e9803540651408d6f1	7954
rfft/avx512/radix3_hc2hc_dif_fwd_avx512.c	genset	-	-	-	-	-	229502224ec13e06e124320d7e1b67e2fbb02be8744364ba4168e6bccdbf7219	7613
rfft/avx512/radix3_hc2hc_dit_fwd_avx512.c	genset	-	-	-	-	-	275a3c14f0faaa40f0d6f01f6e9a6dbac79ceeff8318255c64235ff5b515010d	7668
rfft/avx512/radix3_hc2hc_dit_log3_fwd_avx512.c	genset	-	-	-	-	-	a5fab2b731ecf312a3ce3594e70ce1766159a40856e822ecea8a132d8f707d72	7716
rfft/avx512/radix3_hc2hc_dit_rng_fwd_avx512.c	genset	-	-	-	-	-	0efe3aea609bce69014b3e36e204be011defc234fd4941b78bd7743588d58814	7892
rfft/avx512/radix3_r2cf_avx512.c	genset	-	-	-	-	-	c04569f6b8acb4b7f30c272a4498830bf30395f98bab19a1d0f78e1c1c63f7b9	3850
rfft/avx512/radix4_hc2c_dit_fwd_avx512.c	genset	-	-	-	-	-	c6ddeedf4b0904b86266f0d960ff38f636bea1bac93fe46db93afe0cf58f0f21	11234
rfft/avx512/radix4_hc2c_nat_fwd_avx512.c	genset	-	-	-	-	-	bb32402aaa51a01dc1bf169572a11c2bd457f47c4e333364b840461a00a6750a	11250
rfft/avx512/radix4_hc2c_nat_log3_fwd_avx512.c	genset	-	-	-	-	-	55eb23812d4ec9093ad41576de4f43649e6ca01e59581ef813c7c81b2c092bf2	11421
rfft/avx512/radix4_hc2c_nat_rng_fwd_avx512.c	genset	-	-	-	-	-	62075addaa814a3ed407ea8a7a6a5aff678f3ef49d4918d8611aae39fe3965e1	11498
rfft/avx512/radix4_hc2hc_dif_fwd_avx512.c	genset	-	-	-	-	-	60c2a7903c98c809769d62c8a889c00d265bbbbbcf3d89644db10f32e574084d	9061
rfft/avx512/radix4_hc2hc_dit_fwd_avx512.c	genset	-	-	-	-	-	a0bc3882a877f14f711bac2875bc10ed8d5ab89bd154611a33663e8227a7691d	11245
rfft/avx512/radix4_hc2hc_dit_log3_fwd_avx512.c	genset	-	-	-	-	-	0dfdd1223b7669e6b45529b1dbfc2390b3a07fb7e2b84f41aba2883fd77b28e9	11407
rfft/avx512/radix4_hc2hc_dit_rng_fwd_avx512.c	genset	-	-	-	-	-	94e5bf5c8c5cd476f8a180e2ec204d6675d8111069d4cb1fb83a9425c81a75e2	11469
rfft/avx512/radix4_r2cf_avx512.c	genset	-	-	-	-	-	b66dcc079b6b00670cefe5c304ee981507439e40ffb0beab5bb5f80abfdbe114	4024
rfft/avx512/radix5_hc2c_dit_fwd_avx512.c	genset	-	-	-	-	-	9a2463e52350f9e9876a11afa95b4b477b7b61abf7e120874208261c748fca3d	14266
rfft/avx512/radix5_hc2c_nat_fwd_avx512.c	genset	-	-	-	-	-	ae3fb700592505e326c46dc81ae077254ba4568ab90ca560e72af652143ab1a0	14264
rfft/avx512/radix5_hc2c_nat_log3_fwd_avx512.c	genset	-	-	-	-	-	ca00b2e1b9bd3b13c89892d17be197cce4bd77ab8280e29c520740bff36ff4a5	14450
rfft/avx512/radix5_hc2c_nat_rng_fwd_avx512.c	genset	-	-	-	-	-	167b9a5af78d176064c61482b474970e3feee5beb9878b4c53071f6af1e32888	14512
rfft/avx512/radix5_hc2hc_dif_fwd_avx512.c	genset	-	-	-	-	-	921eaeabfd83dc021d7650612c626b1da73d8fb560749c9b5b392810501e8142	14210
rfft/avx512/radix5_hc2hc_dit_fwd_avx512.c	genset	-	-	-	-	-	49d6043a6c3c31e186c113c3485770c4f72c746286f75af9538d54b628a8b761	14277
rfft/avx512/radix5_hc2hc_dit_log3_fwd_avx512.c	genset	-	-	-	-	-	a54aff5e2f670922c921c9c36436bda897ebf755b67b5f54b36ae72f9fedd400	14463
rfft/avx512/radix5_hc2hc_dit_rng_fwd_avx512.c	genset	-	-	-	-	-	309cd52b36002fa990afdd080bbe3fbfded24cc9f0609841248ae9f9351d4aaa	14501
rfft/avx512/radix5_r2cf_avx512.c	genset	-	-	-	-	-	c94bfc49c356f2c9725649b93b8bb4b8f961a1437e866ba3f763a49c188be22a	6147
rfft/avx512/radix7_hc2c_dit_fwd_avx512.c	genset	-	-	-	-	-	8d25306bbe6580e5b3f4e190074f7e9c7edffd6ff336d7eb4740e056ce58dfac	20388
rfft/avx512/radix7_hc2c_nat_fwd_avx512.c	genset	-	-	-	-	-	99d7fa37fcd3e8ffd47b8db417b29b0f4d5693baf8dba9d59105eaacda4a0b72	20350
rfft/avx512/radix7_hc2c_nat_log3_fwd_avx512.c	genset	-	-	-	-	-	0cc2d83dbedfb9f107a3eaae5decbaf68cb03109df2000b186548a57e5d5fe86	20820
rfft/avx512/radix7_hc2c_nat_rng_fwd_avx512.c	genset	-	-	-	-	-	c9846d585e8ea69b9eea3234e4ea7b5a582b403b70786848089f584d1b37e6fd	20598
rfft/avx512/radix7_hc2hc_dif_fwd_avx512.c	genset	-	-	-	-	-	b80682f39510d8df34ccf8602c4d7feef393c3c92656f0b867d9b138f5c94ca7	20360
rfft/avx512/radix7_hc2hc_dit_fwd_avx512.c	genset	-	-	-	-	-	738190f80388ec10e3188e079e5e6a1acbfa499e1dea2d15e3912eaa6341a97b	20441
rfft/avx512/radix7_hc2hc_dit_log3_fwd_avx512.c	genset	-	-	-	-	-	d676abc09a976fd98e8a9689c964d727086f0058f98b15cf1c2f7a837a0ff02c	20911
rfft/avx512/radix7_hc2hc_dit_rng_fwd_avx512.c	genset	-	-	-	-	-	ff13491a669b96e096c1fb0304077ac053b8ff2bfd604e45e29049e636be978a	20665
rfft/avx512/radix7_r2cf_avx512.c	genset	-	-	-	-	-	e212a6c67761e982f98133abfbccacd19d4ad3d3c4acd3735bd38595b3bae9d6	8208
rfft/avx512/radix8_hc2c_dit_fwd_avx512.c	genset	-	-	-	-	-	b1f04e7510ec0d2ffd190ffe48ac90c1f6a228df49467b9c8e4179d36bb01bf3	24641
rfft/avx512/radix8_hc2c_nat_fwd_avx512.c	genset	-	-	-	-	-	0eaa1f8689ff6885632efcdb249e396e31f6007882d032db199255915177d267	24585
rfft/avx512/radix8_hc2c_nat_log3_fwd_avx512.c	genset	-	-	-	-	-	6f2be1869fcb8aca16996c355a52548c31c9c7d20aa4bdd823b16666e237f28e	25164
rfft/avx512/radix8_hc2c_nat_rng_fwd_avx512.c	genset	-	-	-	-	-	fab631cdaf49c7b8990174883ee721c9f2dc2e8291af95c5305bbb531e03f7ba	24833
rfft/avx512/radix8_hc2hc_dif_fwd_avx512.c	genset	-	-	-	-	-	9e56bd5b17ca3b70b24b1e6705eabac53a5cdf2e25a3d92c2cee62ceb55f9d7c	20624
rfft/avx512/radix8_hc2hc_dit_fwd_avx512.c	genset	-	-	-	-	-	ea46d3c42300bd410e4f5a8ec7d5f67530af446bca492d2bc5c933549f706f44	24658
rfft/avx512/radix8_hc2hc_dit_log3_fwd_avx512.c	genset	-	-	-	-	-	d549b59aa1a7106a55910132ba6dfe502e0f0189939e3710ad29c0c402ad8bf2	25228
rfft/avx512/radix8_hc2hc_dit_rng_fwd_avx512.c	genset	-	-	-	-	-	d1717bdfe5d6bf9390fb14fe5997603b3f539371c3eedda81de3ce62f321ca4c	24882
rfft/avx512/radix8_r2cf_avx512.c	genset	-	-	-	-	-	da46b318a39c8465ca93b7ed438884e6df3ebb6a86e95834557f2fb50de42c17	7728
rfft/avx512_regen/radix16_hc2hc.c	replay	_build/default/bin/gen_radix.exe	-	16 --hc2hc --t1s --su --emit-c --isa avx512	-	-	9e7c4ef8762958188fada714a54cd0620a221a734f09085eb7023bf101afc220	22275
rfft/avx512_regen/radix16_r2cf.c	replay	_build/default/bin/gen_radix.exe	-	16 --r2cf --su --emit-c --isa avx512	-	-	21c598b5d594efa3bd1999646e48d8e1b996fe13eea17063182e967bebbe29b4	7210
rfft/avx512_regen/radix2_hc2hc.c	replay	_build/default/bin/gen_radix.exe	-	2 --hc2hc --t1s --su --emit-c --isa avx512	-	-	eee1f34add38c3f3bfc70fa760d76cf01aa4bae3767173c03a7566d03b78f14d	2727
rfft/avx512_regen/radix2_r2cf.c	replay	_build/default/bin/gen_radix.exe	-	2 --r2cf --su --emit-c --isa avx512	-	-	58af1cb46d0b86de0ad14461e058dace2c8a3e1ed8ca7347ba2cbf4fdac6d8dd	1971
rfft/avx512_regen/radix32_hc2hc.c	replay	_build/default/bin/gen_radix.exe	-	32 --hc2hc --t1s --su --emit-c --isa avx512	-	-	defc41f53285344720dae8c22ddcc65b24af81b7a28f3e1860a9d2507fdb1d30	49165
rfft/avx512_regen/radix32_r2cf.c	replay	_build/default/bin/gen_radix.exe	-	32 --r2cf --su --emit-c --isa avx512	-	-	75457209699c5dd07cefa5dde4843ee8c065b2662e4e599905377e821216d1a1	17119
rfft/avx512_regen/radix3_hc2hc.c	replay	_build/default/bin/gen_radix.exe	-	3 --hc2hc --t1s --su --emit-c --isa avx512	-	-	e8340cbcbf29e24fc5b464026ca1db1f95d5a986236c6e5fc54db2cd13c18fea	3794
rfft/avx512_regen/radix3_r2cf.c	replay	_build/default/bin/gen_radix.exe	-	3 --r2cf --su --emit-c --isa avx512	-	-	fd11490c8454bcb48b2cbff464966821e0eb18cc83f4607d5a3e82c3118a2a5b	2362
rfft/avx512_regen/radix4_hc2hc.c	replay	_build/default/bin/gen_radix.exe	-	4 --hc2hc --t1s --su --emit-c --isa avx512	-	-	440ec52a52d526e122ea1bf81a590bad2af49d9e5165a6f5fdd9b7282ebcebcf	5508
rfft/avx512_regen/radix4_r2cf.c	replay	_build/default/bin/gen_radix.exe	-	4 --r2cf --su --emit-c --isa avx512	-	-	073953730a981b202f09e53d9e07b2130bd9346177495169e625ccf87040a36c	2442
rfft/avx512_regen/radix5_hc2hc.c	replay	_build/default/bin/gen_radix.exe	-	5 --hc2hc --t1s --su --emit-c --isa avx512	-	-	7f656705174fbc8cab93e479f8021f7bc3811f80e8a6702320f62f14404aa392	6135
rfft/avx512_regen/radix5_r2cf.c	replay	_build/default/bin/gen_radix.exe	-	5 --r2cf --su --emit-c --isa avx512	-	-	2b3fdd4f6b86114bde8d045879ae290c9fba1554b70df93e53184b4278476ca2	3187
rfft/avx512_regen/radix7_hc2hc.c	replay	_build/default/bin/gen_radix.exe	-	7 --hc2hc --t1s --su --emit-c --isa avx512	-	-	cc08ec844995ebd32529df71b36cbb468f16259bce56987255c23d6943eaa028	8295
rfft/avx512_regen/radix7_r2cf.c	replay	_build/default/bin/gen_radix.exe	-	7 --r2cf --su --emit-c --isa avx512	-	-	bbc1f6a0a012de768e5b3d3cc8798b0d5a33818ec07d69163eb36df46ef48918	3897
rfft/avx512_regen/radix8_hc2hc.c	replay	_build/default/bin/gen_radix.exe	-	8 --hc2hc --t1s --su --emit-c --isa avx512	-	-	216fd114596edd0fb741efbb62047eb9a8246ac4e493c7a34562aeeb5a50118f	10566
rfft/avx512_regen/radix8_r2cf.c	replay	_build/default/bin/gen_radix.exe	-	8 --r2cf --su --emit-c --isa avx512	-	-	98da6da2b46da95577d29ad1f4ab5d52ac78442bb8eaea77d98fc4c9965955e3	3769
strided/avx2/r128_n1_bwd_strided_r2c.c	replay	gen_radix.exe	-	128 --strided-r2c --bwd --isa avx2 --emit-c	-	-	5af47669858c1132db913a5095598ed5f32620d6008e986da64566ca60d28261	307337
strided/avx2/r128_n1_fwd_strided_r2c.c	replay	gen_radix.exe	-	128 --strided-r2c --isa avx2 --emit-c	-	-	4b272538ba471aa5f6560eb7f25acffc18f9b9c4aa61a2d10be5c789ffcc9f5c	313964
strided/avx2/r12_n1_bwd_strided.c	genset	-	-	-	-	-	e1677cceae957b469e57d433515ddc82e139592e2fe1ea532c009959d317b7ca	21702
strided/avx2/r12_n1_bwd_strided_r2c.c	replay	gen_radix.exe	-	12 --strided-r2c --bwd --isa avx2 --emit-c	-	-	c3f12d7932c1b5fe3cf997202049d1707509b48d9f2b6f74c3cd62c5b8e910fc	23636
strided/avx2/r12_n1_fwd_strided.c	genset	-	-	-	-	-	722927d5867c570b704acb98feb2f3b7b86c7eb54c65e056792a33da17c80bf8	21699
strided/avx2/r12_n1_fwd_strided_r2c.c	replay	gen_radix.exe	-	12 --strided-r2c --isa avx2 --emit-c	-	-	a895d87d2aeadbe83cb9774c08b4fd14b8e770985a2b4320cd0b4a5db04cd070	24724
strided/avx2/r16_n1_bwd_strided.c	genset	-	-	-	-	-	99b461bc5d5098944ba80fb578538eefa349f79e7d7a3748c259a39f030989be	28681
strided/avx2/r16_n1_bwd_strided_r2c.c	replay	gen_radix.exe	-	16 --strided-r2c --bwd --isa avx2 --emit-c	-	-	bbdd2f2f8bf61f69c3485a777d93ee6faac8c1334967eeee6921a3c03500ea0c	31453
strided/avx2/r16_n1_fwd_strided.c	genset	-	-	-	-	-	35b8d0ed1e40cc40621ad54d550645774e2729412b6bcfb9da33719e21f5b795	28620
strided/avx2/r16_n1_fwd_strided_r2c.c	replay	gen_radix.exe	-	16 --strided-r2c --isa avx2 --emit-c	-	-	98218a26fb0a6777758593f16cccb66618222f90d0d5314e8c91acc3b1c7e2b3	32539
strided/avx2/r20_n1_bwd_strided.c	genset	-	-	-	-	-	bda97276e16d89dfbda3de28bf184e4949ae196cf67534927b03d9bad1ffe508	39205
strided/avx2/r20_n1_bwd_strided_r2c.c	replay	gen_radix.exe	-	20 --strided-r2c --bwd --isa avx2 --emit-c	-	-	0b8104ad9e89fdaf630949eaa95167106dce1b1a09a2a579d725a6c4529fd450	41879
strided/avx2/r20_n1_fwd_strided.c	genset	-	-	-	-	-	0a62745e7345029a07d42c1558ceda62bbea75bd5849d11966dea73bdc25e311	39288
strided/avx2/r20_n1_fwd_strided_r2c.c	replay	gen_radix.exe	-	20 --strided-r2c --isa avx2 --emit-c	-	-	7e0ba34dcd704ab57a30b411500b60c56b8bc71321cd5e490ee41c0202b6cb68	43498
strided/avx2/r256_n1_bwd_strided_r2c.c	replay	gen_radix.exe	-	256 --strided-r2c --bwd --isa avx2 --emit-c	-	-	0daa6b317a8db2cc45923c2ebf07be8f309287a3966950da0b52510388cc3883	668039
strided/avx2/r256_n1_fwd_strided_r2c.c	replay	gen_radix.exe	-	256 --strided-r2c --isa avx2 --emit-c	-	-	3333ad5883b906761846059df20b1de5f2fd6169ac8871ce764db87795e5151b	680721
strided/avx2/r32_n1_bwd_strided.c	genset	-	-	-	-	-	fde73984bc5a2066beb466b84174a72ccd53139b929c7d1097bb6458d3ef93b2	61808
strided/avx2/r32_n1_bwd_strided_r2c.c	replay	gen_radix.exe	-	32 --strided-r2c --bwd --isa avx2 --emit-c	-	-	d9298a3cdfae489c95a5fbb1541c893c05d476383b4207a2658583d4c52526a7	66156
strided/avx2/r32_n1_fwd_strided.c	genset	-	-	-	-	-	e8e02cd71d1196e308933b3051772609a8311b91d59336a82f653dbda18c45d6	61615
strided/avx2/r32_n1_fwd_strided_r2c.c	replay	gen_radix.exe	-	32 --strided-r2c --isa avx2 --emit-c	-	-	0c0544299bc660cde815d9884dc1c9ada2246be67e622484fa55ab303232318d	67987
strided/avx2/r4_n1_bwd_strided.c	genset	-	-	-	-	-	c75b27c7aab0b5646302fee31c8ae7fe236301355339bdd84d93d8f7c65da77b	7130
strided/avx2/r4_n1_fwd_strided.c	genset	-	-	-	-	-	b52a63f10b5c9c6225525d095ed0426a12ad188119097ad9c3c8c68e9d77e27a	7124
strided/avx2/r512_n1_bwd_strided_r2c.c	replay	gen_radix.exe	-	512 --strided-r2c --bwd --isa avx2 --emit-c	-	-	b73a20c4515e4e8edb8691d586cf20ab58426c68b31294eb7fea5646e93708aa	1446322
strided/avx2/r512_n1_fwd_strided_r2c.c	replay	gen_radix.exe	-	512 --strided-r2c --isa avx2 --emit-c	-	-	c6671de99bf74a586104cfed9effd12d6e83259c07e7bb2b2d74ff8ac2b1726b	1468219
strided/avx2/r64_n1_bwd_strided.c	genset	-	-	-	-	-	a83ddb15d4bc3e73be2b971ceef24fce10cf96b4f21c2b9537e4ecb33a227516	134186
strided/avx2/r64_n1_bwd_strided_r2c.c	replay	gen_radix.exe	-	64 --strided-r2c --bwd --isa avx2 --emit-c	-	-	5dc30acba1b89a715f1b5316fe299c27cdfa7f6b530b25c9d5e4fce95c7e37b6	141734
strided/avx2/r64_n1_fwd_strided.c	genset	-	-	-	-	-	67cb1940fb7c07d9972615305108e30e5f192e9c9545f0780b68ee2c7c82ac01	133706
strided/avx2/r64_n1_fwd_strided_r2c.c	replay	gen_radix.exe	-	64 --strided-r2c --isa avx2 --emit-c	-	-	f673adede6c6a5df896d997d7767bdf134402263566dd0ce9be204b9545a58eb	145038
strided/avx2/r8_n1_bwd_strided.c	genset	-	-	-	-	-	986e8e180f584b7234aecef2e6f3f7d79c821b072a56128b7ed105a417dcb2d2	13780
strided/avx2/r8_n1_bwd_strided_r2c.c	replay	gen_radix.exe	-	8 --strided-r2c --bwd --isa avx2 --emit-c	-	-	8b3da4292ed3bfa450b3d68fe7169e66759b9c29e0819e7688b812725ddd42f1	15830
strided/avx2/r8_n1_fwd_strided.c	genset	-	-	-	-	-	b9b783f1fe8d08e9bcc7c53d1bb0c7ab75d1ec925857257674d89c610050004a	13737
strided/avx2/r8_n1_fwd_strided_r2c.c	replay	gen_radix.exe	-	8 --strided-r2c --isa avx2 --emit-c	-	-	a7c86bf1d7885e13bf990e8bd65ac7d66f4b582acb134979592d2d9019370659	16478
strided/avx512/r128_n1_bwd_strided_r2c.c	replay	gen_radix.exe	-	128 --strided-r2c --bwd --isa avx512 --emit-c	-	-	74bc3cd4ff57f98e2f133a0f0757c40487df95c5544a039772cafa8d3f2be1bb	345685
strided/avx512/r128_n1_fwd_strided_r2c.c	replay	gen_radix.exe	-	128 --strided-r2c --isa avx512 --emit-c	-	-	6cfcb668e2fe9e1c95b2598eed44de89047eea015abf247e51ca80eabc17b3b3	351306
strided/avx512/r16_n1_bwd_strided.c	genset	-	-	-	-	-	c9e770ab2c1183cd1f2307d85244d7fe442ea931a3faeee1bc39044f34e27ec2	33670
strided/avx512/r16_n1_bwd_strided_r2c.c	replay	gen_radix.exe	-	16 --strided-r2c --bwd --isa avx512 --emit-c	-	-	07fcaf5633f3676030bcb4dfbefcb6d928aaf91aeb7b77370eb19840155163a7	36838
strided/avx512/r16_n1_fwd_strided.c	genset	-	-	-	-	-	349c0440efbb108b169dc4052444d5c5f61d1683c1814470bc6f4f7141bd0e9f	33609
strided/avx512/r16_n1_fwd_strided_r2c.c	replay	gen_radix.exe	-	16 --strided-r2c --isa avx512 --emit-c	-	-	e7024bea8ddcca164bbafe39e85468f5c9725e37f9b394b57323d01a3016aef7	37326
strided/avx512/r256_n1_bwd_strided_r2c.c	replay	gen_radix.exe	-	256 --strided-r2c --bwd --isa avx512 --emit-c	-	-	8d6fb8a6f3ae8a5a59bec6b038ba6403e2e6b27e6e35a432b91724b03c4f03aa	743991
strided/avx512/r256_n1_fwd_strided_r2c.c	replay	gen_radix.exe	-	256 --strided-r2c --isa avx512 --emit-c	-	-	5159e574ed3d2bf1e9e2c487257391406ccf25640bf258f6cd7e29a4998f7d2e	755203
strided/avx512/r32_n1_bwd_strided.c	genset	-	-	-	-	-	76e759c1aab66a3851389218ee22e8de740d8d961ebd99930f70de68dda8507f	71670
strided/avx512/r32_n1_bwd_strided_r2c.c	replay	gen_radix.exe	-	32 --strided-r2c --bwd --isa avx512 --emit-c	-	-	a8556287a6c294a30db28a8eb00d22ac78746b410a1a9d3e8532ccc851615954	76254
strided/avx512/r32_n1_fwd_strided.c	genset	-	-	-	-	-	e81dc684c10df2ae11264d7cb547ea7ba4ea6752ed6b003843446f70072896aa	71477
strided/avx512/r32_n1_fwd_strided_r2c.c	replay	gen_radix.exe	-	32 --strided-r2c --isa avx512 --emit-c	-	-	b155f95a4418963872b5a0a72aab9a79321a4893e6bf90142808155d3e3916b7	77415
strided/avx512/r512_n1_bwd_strided_r2c.c	replay	gen_radix.exe	-	512 --strided-r2c --bwd --isa avx512 --emit-c	-	-	17a7fdb84da95f7698a1dc72ac19737ae35896d2e094fbaa53a46cb887008bdb	1597410
strided/avx512/r512_n1_fwd_strided_r2c.c	replay	gen_radix.exe	-	512 --strided-r2c --isa avx512 --emit-c	-	-	a2fa1992bc5b0e523b4b64055cd1f6cdcf4ce3a146a8c25034ae54b093864e38	1616941
strided/avx512/r64_n1_bwd_strided.c	genset	-	-	-	-	-	5a1473b4d7de55f859832f5c3005bb5dd50712d33371a71fd6044304bcd227d3	154591
strided/avx512/r64_n1_bwd_strided_r2c.c	replay	gen_radix.exe	-	64 --strided-r2c --bwd --isa avx512 --emit-c	-	-	dd1aee6211d4bdb7ce4896c031bb263c8ed4fd343d3c36aa6cbfe3b7727989fa	162055
strided/avx512/r64_n1_fwd_strided.c	genset	-	-	-	-	-	137b3937079341ad15ebdc5039b9861f1e39543330aa6ae2db82f65b0654aa72	153936
strided/avx512/r64_n1_fwd_strided_r2c.c	replay	gen_radix.exe	-	64 --strided-r2c --isa avx512 --emit-c	-	-	73cf0fdf157c80a3154734aa77d66858d09865a8d952a9033cf6e2a43052891e	164402
strided/avx512/r8_n1_bwd_strided.c	genset	-	-	-	-	-	9692bc154983acea7fc51eec3e285733caddfb0f1f4b1a7e522c97b603896975	16349
strided/avx512/r8_n1_bwd_strided_r2c.c	replay	gen_radix.exe	-	8 --strided-r2c --bwd --isa avx512 --emit-c	-	-	2bf1651f4477454c079eae810063fbac3bffba1d6cb34043d1b4c45f8a11d497	18925
strided/avx512/r8_n1_fwd_strided.c	genset	-	-	-	-	-	d11b5df7422ffc0cbcbe4fbee2d088d8a7f5e246dcfa0a6f93b4ad0268659ebc	16306
strided/avx512/r8_n1_fwd_strided_r2c.c	replay	gen_radix.exe	-	8 --strided-r2c --isa avx512 --emit-c	-	-	817c7617569b3fefa1421f698f11cd0f90b6509e28123d44abe267395516e575	17223
trig/avx2/radix15_dst1_avx2.c	genset	-	-	-	-	-	e9e7f33927dd7358fc34f876fbec993f2498306a699655ada0a71419dd5ed6c7	32982
trig/avx2/radix16_dct2_avx2.c	genset	-	-	-	-	-	b44c8095c714d2154d91c866d4ea97ec26cbb9c74baf9724de54947f36523203	29413
trig/avx2/radix16_dct3_avx2.c	genset	-	-	-	-	-	53fd9fc092d024f6d2ec8f1a7cfa72dfc397d5cbfe9daf658fa31c799a20a079	31024
trig/avx2/radix16_dct4_avx2.c	genset	-	-	-	-	-	c74fe2f3b2ae9dd904833cc689a29b62d5c092a8f6d9f12c58a28826c9a9f3eb	32091
trig/avx2/radix16_dht_avx2.c	genset	-	-	-	-	-	6c70109488ce5813d55cfefcdca3008ce1cf8d2eda30aa64bbe48df266f47116	23641
trig/avx2/radix16_dst2_avx2.c	genset	-	-	-	-	-	a6eda0e60b8b89cffcbcefe161e7592927b3e18b9313f57b9d59eb3b0e528e92	29317
trig/avx2/radix16_dst3_avx2.c	genset	-	-	-	-	-	0f91d000f7a0d408a7debbd3681cbe640dc9f37e158b76cbc9aa75a22cdb1864	31649
trig/avx2/radix16_dst4_avx2.c	genset	-	-	-	-	-	4b0eb3809c9ae4e8bbc955d1d2440df81eb082326ed7e6ce6941fdf4664d5e57	31983
trig/avx2/radix17_dct1_avx2.c	genset	-	-	-	-	-	b0d1367b42e8bbd643b80921e31699882e59368ae74677003a48edfa54f40b29	32539
trig/avx2/radix31_dst1_avx2.c	genset	-	-	-	-	-	f6d92f45c73f9feefccd90317bc3a98cb19aa753b44a635d3cbb4a9199980d41	96464
trig/avx2/radix32_dct2_avx2.c	genset	-	-	-	-	-	3a5e660a6b2a4cdac2cc410d996caddc9dea643ef38261d57d6b347db858ba24	74079
trig/avx2/radix32_dct3_avx2.c	genset	-	-	-	-	-	a0856c3bfc3d8b5b93da361e48b4fcb0ab008b72aa5059c380584306c59768c4	78227
trig/avx2/radix32_dct4_avx2.c	genset	-	-	-	-	-	ee6db03e4c494b75e8be2c5c85d98c2b09d870171304e395d7c341a419f5c375	74718
trig/avx2/radix32_dht_avx2.c	genset	-	-	-	-	-	547268c341c822ead8ead4e2d87fb6c628d53b440a89fb87bbc8a25bd90f6874	61777
trig/avx2/radix32_dst2_avx2.c	genset	-	-	-	-	-	611b9260d273c442c646ebdbbbded2d5e356a6c659069668195957a9b15534b7	73807
trig/avx2/radix32_dst3_avx2.c	genset	-	-	-	-	-	590e5ada16d4ffcf79efd4ed3f0a4e75ec295d1bf55247692fca4f87b3a2c8ef	79847
trig/avx2/radix32_dst4_avx2.c	genset	-	-	-	-	-	473271a370bbd6954891638b71c9d2a111a09661e76bcd8b57160887c208deca	74554
trig/avx2/radix33_dct1_avx2.c	genset	-	-	-	-	-	1df96207a01a9af3f21468ddebd72cdad5231b617e41cd7752760a9e7d6eb824	93247
trig/avx2/radix3_dst1_avx2.c	genset	-	-	-	-	-	3dccb4209463d4bdb8b555b617bdccfeaf37cd09e48da23fe9c9ffd5aaad79ed	4579
trig/avx2/radix5_dct1_avx2.c	genset	-	-	-	-	-	b607e447819a74636c9a3786e57271987255f02e8c3f560659cf58832dae1bc6	6181
trig/avx2/radix64_dct2_avx2.c	genset	-	-	-	-	-	6d38124282b10466e7da3f3cc3557486a12d24cfca6945728176024e8c4dcb06	186283
trig/avx2/radix64_dct3_avx2.c	genset	-	-	-	-	-	6fdcdfb01ee3afbbe2fb4491c8d8be9ad95916296ec89e25a852a59a332080cf	193067
trig/avx2/radix64_dct4_avx2.c	genset	-	-	-	-	-	711ab982a02902c107e8234e0d2ba2edac7f2d7e9889a2d8fe239830fe6ad55f	173380
trig/avx2/radix64_dht_avx2.c	genset	-	-	-	-	-	b1ff6a5253656c7d98d4ddfe0486492045bc306787889dff499d28e36f3f4efa	162298
trig/avx2/radix64_dst2_avx2.c	genset	-	-	-	-	-	39d9e9a696ac5882e46ca3586746404bc8b9d7c8a936bbc837330c6d662262b0	186551
trig/avx2/radix64_dst3_avx2.c	genset	-	-	-	-	-	e738f71253088f22d83d8bd8cf149b551005cb7f0cf497853210354230200903	195563
trig/avx2/radix64_dst4_avx2.c	genset	-	-	-	-	-	d01b11a70469b1fd963c875e07df6448bcefc38a06fb003b33ceb363b501252e	173136
trig/avx2/radix7_dst1_avx2.c	genset	-	-	-	-	-	65c127d0f1bf395cd2dcfd9ca6424c49696983f9362b42e08d8a465b2226e7d6	11305
trig/avx2/radix8_dct2_avx2.c	genset	-	-	-	-	-	7e346e110a40e2c9607ee4634127afbadb102463a66b9fc5839d231e7dfcc634	12444
trig/avx2/radix8_dct3_avx2.c	genset	-	-	-	-	-	8238462880220ba8a293df17ccc5c81c0607405b79224eec996a0b241932a97e	13529
trig/avx2/radix8_dct4_avx2.c	genset	-	-	-	-	-	a4211d28555d878a55ec22f535faffe91b1123d5693182b2b27ccd9daf8e5938	14173
trig/avx2/radix8_dht_avx2.c	genset	-	-	-	-	-	21804c227954510fe3cbb8957048443039323737ebbbfa8ee684d9d8302644ae	9622
trig/avx2/radix8_dst2_avx2.c	genset	-	-	-	-	-	069c15353603269711d3bd1f94a9df2cedeaa22a19e3482b49c0dfdaf0da82d8	12436
trig/avx2/radix8_dst3_avx2.c	genset	-	-	-	-	-	0d849d4a8785fb9d69e82417d826f1c236a4f6f90ab1fcb9f0951e55bbc1ac23	13841
trig/avx2/radix8_dst4_avx2.c	genset	-	-	-	-	-	c0de95634d7a766051ac021b4b8909552cbc99e7b18d166c331a786216448a53	14053
trig/avx2/radix9_dct1_avx2.c	genset	-	-	-	-	-	c859507279ec30dc400678b85ee4fe8d13206b763231bcd24e59b60ab2aa253f	12735
trig/avx512/radix15_dst1_avx512.c	genset	-	-	-	-	-	af9096632ec5883285a202786da7cdf465b655c771cc5590dc14a2002d62846f	27064
trig/avx512/radix16_dct2_avx512.c	genset	-	-	-	-	-	62b61baba0a71c453ca1b7fbdfafd5aa35bcaa0255e996e281cec906bad13ceb	24083
trig/avx512/radix16_dct3_avx512.c	genset	-	-	-	-	-	38c604d44b56e3653341d67693a78408806fcbd60cc22c9999ff86196b69de93	25308
trig/avx512/radix16_dct4_avx512.c	genset	-	-	-	-	-	8c3135f524cbcb8be9bb96c9e4d172a4dedf6385315e723b3fb08c441bd2abe9	26093
trig/avx512/radix16_dht_avx512.c	genset	-	-	-	-	-	a06599201391ad77203152285f52b87a351b83e460034a67ceedeed821ee46b3	19451
trig/avx512/radix16_dst2_avx512.c	genset	-	-	-	-	-	c7705a5c7c873bb4e42975159658875794fc3ce93ee505afd8a1c82d2ddf3381	24011
trig/avx512/radix16_dst3_avx512.c	genset	-	-	-	-	-	f96fbb0d8fe06b309138f30a3edc772ca8974beeb08872de406ba276b457eebb	25941
trig/avx512/radix16_dst4_avx512.c	genset	-	-	-	-	-	9c7f4a9bb5d4f0a353ce5567f23045561e6377f49938ce8f811980a101803dcd	25993
trig/avx512/radix17_dct1_avx512.c	genset	-	-	-	-	-	fc9dd1cbc75dde1b54fd74380fc2eef66f7c7588a5c3ab5d878e3deb9d502fc4	26411
trig/avx512/radix31_dst1_avx512.c	genset	-	-	-	-	-	f9fc024950d734b4e78aa29e7ce8f9236ee5bd911171c043a166252338937a66	78096
trig/avx512/radix32_dct2_avx512.c	genset	-	-	-	-	-	b95dd69b3c2f68d94020df1558dc3f02daa62fa2cef76615b63062b7aa13fdf5	59665
trig/avx512/radix32_dct3_avx512.c	genset	-	-	-	-	-	30a20a13da881f7a919ba7e2e037854d2d68012265baf6f9164d6a0bc39ede76	62988
trig/avx512/radix32_dct4_avx512.c	genset	-	-	-	-	-	25370a281aba47c00b8cda490f378dcf27b19b48e4399d5a69bebbc66cdde9ff	59988
trig/avx512/radix32_dht_avx512.c	genset	-	-	-	-	-	22c2d30e5e7317c424058255b4703af6054b9204e12688e09a053eb15e581006	49837
trig/avx512/radix32_dst2_avx512.c	genset	-	-	-	-	-	9d5148af6936ae3117bc1d17525865d363053319483e8237403fe3aac84a5d95	59461
trig/avx512/radix32_dst3_avx512.c	genset	-	-	-	-	-	ab76f6ac907900b9c6b05767bdcf3891a4a8b96a86ef0727dad439a4e73508d3	64531
trig/avx512/radix32_dst4_avx512.c	genset	-	-	-	-	-	44304323a8c6ffe67ad6f23c87fc3ddbeb018653ba887e06e5c85d0815962a06	59846
trig/avx512/radix33_dct1_avx512.c	genset	-	-	-	-	-	a2e33fa3e6d0e5fe87cd5d25adf5f69a3a03acb52600cda2a0f5e28aa906ac5e	73403
trig/avx512/radix3_dst1_avx512.c	genset	-	-	-	-	-	317d5c8925dabd0d7c395f2784da60115b81f15d1e908614edb691500f30bb29	4089
trig/avx512/radix5_dct1_avx512.c	genset	-	-	-	-	-	198d306c1af19adbcd196f0cc676796b42a669654c4e16d792e29f2d903b8f01	5360
trig/avx512/radix64_dct2_avx512.c	genset	-	-	-	-	-	1e49ffa7ccc3cbe0cca75da56cacbc960e76b0162cb89e6ee85d51064a30e660	149206
trig/avx512/radix64_dct3_avx512.c	genset	-	-	-	-	-	51ff5e192d1468e481353e5b8734caec9c96b45476d5ef9b352c0d0f06b37abf	154113
trig/avx512/radix64_dct4_avx512.c	genset	-	-	-	-	-	daddcd10ea41d7859ed726d6cb6b4f5396bd5b9f1ad65db35a0727acd5d1a0f2	138241
trig/avx512/radix64_dht_avx512.c	genset	-	-	-	-	-	b1fd5169ee5dac4261eec859ac3217987827de00e13cb87d89fadb6165776829	129984
trig/avx512/radix64_dst2_avx512.c	genset	-	-	-	-	-	f7f0b2f436002cd38f47a3878edb4eeaec61412f8db6689f1fc7925a402e2e7b	149281
trig/avx512/radix64_dst3_avx512.c	genset	-	-	-	-	-	e888646483f2b98381df5b713f77667ee496cf867def0cd8cfe1315ab66bb33f	156650
trig/avx512/radix64_dst4_avx512.c	genset	-	-	-	-	-	03081f8a56807000f1eec07ac6f736ca2243c7ad44c66941c54a1a771693a977	138039
trig/avx512/radix7_dst1_avx512.c	genset	-	-	-	-	-	8d5e7f07ca5a58ed1c7a6e5b4636b77ba9cd52035b9974fff394646fb399de9e	9642
trig/avx512/radix8_dct2_avx512.c	genset	-	-	-	-	-	c3e3b16d165b64b1aa87a148da117d40cae5a52ed8fb25b01ee966f710a6332b	10445
trig/avx512/radix8_dct3_avx512.c	genset	-	-	-	-	-	f80258570969c4cf0794656ea367db217260082b4aaa727cbd5ff64ee283350b	11268
trig/avx512/radix8_dct4_avx512.c	genset	-	-	-	-	-	55d864b00465a9751e3ccc26748e995c6b58ec845f1c8b787e7e50ac3ca422f9	11736
trig/avx512/radix8_dht_avx512.c	genset	-	-	-	-	-	5df22cca221301544c1d815b8c23300ea54c2f42bda0a0d862a32ed3ed06c0a3	8175
trig/avx512/radix8_dst2_avx512.c	genset	-	-	-	-	-	a7d7a7c09b22521139d0393429211c62cff1469e62f571385b3124e1719dbd1e	10439
trig/avx512/radix8_dst3_avx512.c	genset	-	-	-	-	-	8d49ee74b377aca0df9e3cb72d3317b1c3b01b1aafcc45fee05be0e65e93be90	11584
trig/avx512/radix8_dst4_avx512.c	genset	-	-	-	-	-	1046c9e98c02935dadbe1a1f73b5a71d18523292070a4d1308dd9b11ea633a6a	11627
trig/avx512/radix9_dct1_avx512.c	genset	-	-	-	-	-	0646fc6440f7201b6e169eedaec26168df2338e928beeb93575311c6f8353eb3	10664
zil/avx2/shared/radix10_z_n1_bwd_avx2.c	derive	gen_radix.exe	-	10 --cil-n1 --cil-bwd --isa avx2 --uarch raptor_lake_avx2 --emit-c	-	-	042f35d3c36aaa512cfb689aebc3bdb5afd3f05ec36ef0d18ff6219575ee1f82	13246
zil/avx2/pair2p/radix10_z_n1t_avx2.c	derive	gen_radix.exe	-	10 --cil-n1t --isa avx2 --uarch raptor_lake_avx2 --emit-c	-	-	5405d5590f8ded7f4b7221bdf5639446b0726f6d432ad4485a1e78d9682d5cfc	13818
zil/avx2/pair2p/radix10_z_n1t_bwd_avx2.c	derive	gen_radix.exe	-	10 --cil-n1t --cil-bwd --isa avx2 --uarch raptor_lake_avx2 --emit-c	-	-	bc14037a94b7ea10055a4d732010b54495883db17e73fc8894966c8e298947f0	13828
zil/avx2/pair2p/radix10_z_t2_avx2.c	derive	gen_radix.exe	-	10 --cil-t2 --isa avx2 --uarch raptor_lake_avx2 --emit-c	-	-	277faee68e79186ea9a4b826a1039f8c0e7a1d5c990955bde5b01b0aef538814	16127
zil/avx2/pair2p/radix10_z_t2_bwd_avx2.c	derive	gen_radix.exe	-	10 --cil-t2 --cil-bwd --isa avx2 --uarch raptor_lake_avx2 --emit-c	-	-	047960d4564339ca1eb89d192891971e439f1905bee28c63a87e0782fd299045	16145
zil/avx2/pair2p/radix10_z_t2t_bwd_avx2.c	derive	gen_radix.exe	-	10 --cil-t2 --cil-turnst --cil-bwd --isa avx2 --uarch raptor_lake_avx2 --emit-c	-	-	dee84179af46f714518d0e89f8f0116d38930a1b2577779214d7933ebd8ac0f2	16538
zil/avx2/chain3/radix10_z_t2tg_bwd_avx2.c	derive	gen_radix.exe	-	10 --cil-t2 --cil-turnst-gs --cil-bwd --isa avx2 --uarch raptor_lake_avx2 --emit-c	-	-	1996432696e27feff1ef55d3bce263fd103ba7cdc4c4dc93527b02b842215b0e	17621
zil/avx2/shared/radix11_z_n1_bwd_avx2.c	derive	gen_radix.exe	-	11 --cil-n1 --cil-bwd --isa avx2 --uarch raptor_lake_avx2 --emit-c	-	-	a143eee629b1b7e9e1abc60eab08799ed49a3eb5009ce65160fff914203a26c7	16773
zil/avx2/pair2p/radix11_z_n1t_avx2.c	derive	gen_radix.exe	-	11 --cil-n1t --isa avx2 --uarch raptor_lake_avx2 --emit-c	-	-	4dac12409a4da5f05c22fc84a3aca8e412638a78013fe5b892010212038e973e	17457
zil/avx2/pair2p/radix11_z_n1t_bwd_avx2.c	derive	gen_radix.exe	-	11 --cil-n1t --cil-bwd --isa avx2 --uarch raptor_lake_avx2 --emit-c	-	-	df5303f16380edffd04b32bf3bcd9fa774f943ace1cb289369e659ff5b8f7c43	17467
zil/avx2/pair2p/radix11_z_t2_avx2.c	derive	gen_radix.exe	-	11 --cil-t2 --isa avx2 --uarch raptor_lake_avx2 --emit-c	-	-	d59eb1ec0f135ad3330413cd1ab5b8cd6d36bf3c7a91875e80fa67d07fc492e9	19935
zil/avx2/pair2p/radix11_z_t2_bwd_avx2.c	derive	gen_radix.exe	-	11 --cil-t2 --cil-bwd --isa avx2 --uarch raptor_lake_avx2 --emit-c	-	-	5324b5382b20ef7a40a79d2afdb84ebda427f7272e78291554b94b2a1bb093bc	19953
zil/avx2/pair2p/radix11_z_t2t_bwd_avx2.c	derive	gen_radix.exe	-	11 --cil-t2 --cil-turnst --cil-bwd --isa avx2 --uarch raptor_lake_avx2 --emit-c	-	-	0a629c3c678df7ac3336620a94643d72cf066027611ddb8858017d0a8fef49d5	20458
zil/avx2/chain3/radix11_z_t2tg_bwd_avx2.c	derive	gen_radix.exe	-	11 --cil-t2 --cil-turnst-gs --cil-bwd --isa avx2 --uarch raptor_lake_avx2 --emit-c	-	-	cad7c9cf4096c177f113b0589a76dc865271fb20a1bb281854f211a1e700819f	21577
zil/avx2/shared/radix12_z_n1_bwd_avx2.c	derive	gen_radix.exe	-	12 --cil-n1 --cil-bwd --isa avx2 --uarch raptor_lake_avx2 --emit-c	-	-	bca2c74c35d4530554fe63fab2148124dc9e5085a66f01fb37ed86da18accb19	14792
zil/avx2/pair2p/radix12_z_n1t_avx2.c	derive	gen_radix.exe	-	12 --cil-n1t --isa avx2 --uarch raptor_lake_avx2 --emit-c	-	-	db073a10a02bd6313eb96d74b6de53a37cd20c941663d55b1c1d0b8bc9fc9d6e	15440
zil/avx2/pair2p/radix12_z_n1t_bwd_avx2.c	derive	gen_radix.exe	-	12 --cil-n1t --cil-bwd --isa avx2 --uarch raptor_lake_avx2 --emit-c	-	-	a91d72ad0fb985a3e3af0f6ae49f18ec1742761afa834c26f1dfbb88050ecc63	15450
zil/avx2/pair2p/radix12_z_t2_avx2.c	derive	gen_radix.exe	-	12 --cil-t2 --isa avx2 --uarch raptor_lake_avx2 --emit-c	-	-	5ba7507c49af6775d6fde1d49feb45cbc2762d057961d2e24505841ce4dca589	18235
zil/avx2/pair2p/radix12_z_t2_bwd_avx2.c	derive	gen_radix.exe	-	12 --cil-t2 --cil-bwd --isa avx2 --uarch raptor_lake_avx2 --emit-c	-	-	108dfc02e2dc43cd2bb91b5b8519c5a1cad715007cfc3585c6ad5f493d811444	18253
zil/avx2/pair2p/radix12_z_t2t_bwd_avx2.c	derive	gen_radix.exe	-	12 --cil-t2 --cil-turnst --cil-bwd --isa avx2 --uarch raptor_lake_avx2 --emit-c	-	-	7af8364878e9627a934ff6379ba91f89a8744ed28955f32fb0e82948690d69b1	18722
zil/avx2/chain3/radix12_z_t2tg_bwd_avx2.c	derive	gen_radix.exe	-	12 --cil-t2 --cil-turnst-gs --cil-bwd --isa avx2 --uarch raptor_lake_avx2 --emit-c	-	-	47691bfb5beca3b72301412a58843a3bbb31c870365e09f468fcad2a5ad8328e	20025
zil/avx2/shared/radix13_z_n1_bwd_avx2.c	derive	gen_radix.exe	-	13 --cil-n1 --cil-bwd --isa avx2 --uarch raptor_lake_avx2 --emit-c	-	-	5ce1106121c28eb4de145f41cd81e24b15501144cdf82761a61148d0f0650700	21944
zil/avx2/pair2p/radix13_z_n1t_avx2.c	derive	gen_radix.exe	-	13 --cil-n1t --isa avx2 --uarch raptor_lake_avx2 --emit-c	-	-	7e924629c728e417de305ee6cbfa4b9e4a374658ee80b874e559a6a44bf24626	22708
zil/avx2/pair2p/radix13_z_n1t_bwd_avx2.c	derive	gen_radix.exe	-	13 --cil-n1t --cil-bwd --isa avx2 --uarch raptor_lake_avx2 --emit-c	-	-	6ce58d1cec765449ff42640deaed2d3e5cbb5fd48a73c4d1cfec778ddeda2b83	22718
zil/avx2/pair2p/radix13_z_t2_avx2.c	derive	gen_radix.exe	-	13 --cil-t2 --isa avx2 --uarch raptor_lake_avx2 --emit-c	-	-	ca2ae60fe0d1fcb8ede92ccbf9b2c6d2586bb737085f226e69d6ec577b9bb01b	25720
zil/avx2/pair2p/radix13_z_t2_bwd_avx2.c	derive	gen_radix.exe	-	13 --cil-t2 --cil-bwd --isa avx2 --uarch raptor_lake_avx2 --emit-c	-	-	d9ea1c56cecb19935e1d3df70da3673318ec91beb6a5f265c8c72cc1c844249d	25742
zil/avx2/pair2p/radix13_z_t2t_bwd_avx2.c	derive	gen_radix.exe	-	13 --cil-t2 --cil-turnst --cil-bwd --isa avx2 --uarch raptor_lake_avx2 --emit-c	-	-	6a1415113f05700253bd4c4939eea1a872d38e58f733e68215b73819016b95f0	26335
zil/avx2/chain3/radix13_z_t2tg_bwd_avx2.c	derive	gen_radix.exe	-	13 --cil-t2 --cil-turnst-gs --cil-bwd --isa avx2 --uarch raptor_lake_avx2 --emit-c	-	-	f5751778fa0325057f85809ae08c658c17a7c189c88dd3eb27c024d4ffb22a79	27674
zil/avx2/shared/radix15_z_n1_bwd_avx2.c	derive	gen_radix.exe	-	15 --cil-n1 --cil-bwd --isa avx2 --uarch raptor_lake_avx2 --emit-c	-	-	6f3b5f76e853fd3c849fda6b2fae5dc9b51923b7bc6a3f642c8a4d7aa755dddc	26267
zil/avx2/pair2p/radix15_z_n1_ct_bwd_avx2.c	derive	gen_radix.exe	-	15 --cil-n1 --cil-oddct --cil-bwd --isa avx2 --uarch raptor_lake_avx2 --emit-c	-	-	b7916bb3761c4b4b93edeebc6565fb46fe30c2e81ab2ce3644ed2a07be770be5	22972
zil/avx2/pair2p/radix15_z_n1t_avx2.c	derive	gen_radix.exe	-	15 --cil-n1t --isa avx2 --uarch raptor_lake_avx2 --emit-c	-	-	a8279b21030aa3e487f30075bb9d5311b6c89f7dff6a7c276b4b1984c60e312c	27111
zil/avx2/pair2p/radix15_z_n1t_bwd_avx2.c	derive	gen_radix.exe	-	15 --cil-n1t --cil-bwd --isa avx2 --uarch raptor_lake_avx2 --emit-c	-	-	3cbf4ef69d4dc1e12e68953856d0c21d6b9ffd5e6e849a156a023736340b2a78	27121
zil/avx2/pair2p/radix15_z_n1t_ct_avx2.c	derive	gen_radix.exe	-	15 --cil-n1t --cil-oddct --isa avx2 --uarch raptor_lake_avx2 --emit-c	-	-	11ef2b39810f0de63831345ae3175f23fb4a7b3f19508431fc42e147af391e46	23813
zil/avx2/pair2p/radix15_z_n1t_ct_bwd_avx2.c	derive	gen_radix.exe	-	15 --cil-n1t --cil-oddct --cil-bwd --isa avx2 --uarch raptor_lake_avx2 --emit-c	-	-	c3d49d29eafcdd3d6e146df98b4e84a38137bcea8c7f55ec3cc8dedbdb06e5a4	23823
zil/avx2/pair2p/radix15_z_t2_avx2.c	derive	gen_radix.exe	-	15 --cil-t2 --isa avx2 --uarch raptor_lake_avx2 --emit-c	-	-	df3f17ea16e7f83617a71ebdcb19c73cb3246f028c2dc445cf51301d88274824	30622
zil/avx2/pair2p/radix15_z_t2_bwd_avx2.c	derive	gen_radix.exe	-	15 --cil-t2 --cil-bwd --isa avx2 --uarch raptor_lake_avx2 --emit-c	-	-	f8f376b0a709ee9c5bef83a7bbeff1dab792c6292b458f69be8720f00f8c9478	30652
zil/avx2/pair2p/radix15_z_t2_ct_avx2.c	derive	gen_radix.exe	-	15 --cil-t2 --cil-oddct --isa avx2 --uarch raptor_lake_avx2 --emit-c	-	-	9fdef20c7b8d76ed781acfd7e68c9ec5cf35cb674dbb359e99230bb5bc67527a	27339
zil/avx2/pair2p/radix15_z_t2_ct_bwd_avx2.c	derive	gen_radix.exe	-	15 --cil-t2 --cil-oddct --cil-bwd --isa avx2 --uarch raptor_lake_avx2 --emit-c	-	-	84c53beabca6d62d46fd84b4d63ea818d6fdb2c54d1e610fb89ae2bb2ada534b	27351
zil/avx2/pair2p/radix15_z_t2t_bwd_avx2.c	derive	gen_radix.exe	-	15 --cil-t2 --cil-turnst --cil-bwd --isa avx2 --uarch raptor_lake_avx2 --emit-c	-	-	0227aa7e8f6a6f8ca15b6d6cff01742580b0e065e3b56fc19c61906e1aef7773	31323
zil/avx2/pair2p/radix15_z_t2t_ct_bwd_avx2.c	derive	gen_radix.exe	-	15 --cil-t2 --cil-oddct --cil-turnst --cil-bwd --isa avx2 --uarch raptor_lake_avx2 --emit-c	-	-	b921f2343dc7a38e45375a2f87b25a30e1a688e7fa0cbff0bda3bab389ec1332	28022
zil/avx2/chain3/radix15_z_t2tg_bwd_avx2.c	derive	gen_radix.exe	-	15 --cil-t2 --cil-turnst-gs --cil-bwd --isa avx2 --uarch raptor_lake_avx2 --emit-c	-	-	9d7696fc1cef07a3fe1c31fc3d4947b22486b6095473093c98acb2309a4fe81d	32882
zil/avx2/shared/radix16_z_n1_bwd_avx2.c	derive	gen_radix.exe	-	16 --cil-n1 --cil-bwd --isa avx2 --uarch raptor_lake_avx2 --emit-c	-	-	95b6a664c2c1cb11b0020ecfed9da70c8f3e1b73512219e6a5e983aa0d82c682	18526
zil/avx2/pair2p/radix16_z_n1t_avx2.c	derive	gen_radix.exe	-	16 --cil-n1t --isa avx2 --uarch raptor_lake_avx2 --emit-c	-	-	9672d9a5371b25f7047eea152668bc4808801b77f0e754e86a0940a7d1450e56	19328
zil/avx2/pair2p/radix16_z_n1t_bwd_avx2.c	derive	gen_radix.exe	-	16 --cil-n1t --cil-bwd --isa avx2 --uarch raptor_lake_avx2 --emit-c	-	-	82bf3d19fbcaa8a9dd7209f6fedafe31ce060d894c36ebf355f4beb7be078d77	19338
zil/avx2/pair2p/blocked/radix16_z_n1tb44_avx2.c	replay	./_build/default/bin/gen_radix.exe	-	16 --cil-n1t --cil-blocked --cil-split 4.4 --isa avx2 --uarch raptor_lake_avx2 --emit-c --cil-form-tag	-	-	2ec28cd72458d7bd0211615d6a7ed6ffbe7d7995288e1f750265b8fed316270e	21603
zil/avx2/pair2p/radix16_z_t2_avx2.c	derive	gen_radix.exe	-	16 --cil-t2 --isa avx2 --uarch raptor_lake_avx2 --emit-c	-	-	06c8568d4b330c8378a1facd5f3f676ac9e535b1a05d82c368537b0f6fea519b	23174
zil/avx2/pair2p/radix16_z_t2_bwd_avx2.c	derive	gen_radix.exe	-	16 --cil-t2 --cil-bwd --isa avx2 --uarch raptor_lake_avx2 --emit-c	-	-	21a8c65c6b8d4251662ebd5a8d6a1a869a4054bfd86f78f8a6a77d09438392c7	23188
zil/avx2/pair2p/blocked/radix16_z_t2b_avx2.c	replay	./_build/default/bin/gen_radix.exe	-	16 --cil-t2 --cil-blocked --isa avx2 --uarch raptor_lake_avx2 --emit-c	-	-	57081f35f9985f18e8af6b774e7dbf674a45195b20748a1023970b58c9177868	25532
zil/avx2/pair2p/radix16_z_t2t_bwd_avx2.c	derive	gen_radix.exe	-	16 --cil-t2 --cil-turnst --cil-bwd --isa avx2 --uarch raptor_lake_avx2 --emit-c	-	-	f6dd4b1e29322dfa06870bc0f8ec703ef77fdca49fd938192293c6b604afcbb0	23824
zil/avx2/chain3/radix16_z_t2tg_bwd_avx2.c	derive	gen_radix.exe	-	16 --cil-t2 --cil-turnst-gs --cil-bwd --isa avx2 --uarch raptor_lake_avx2 --emit-c	-	-	deba5a6db5f277acf0c23cad51e86a7e61a97658b4cc6f66d681069458082d6a	25567
zil/avx2/shared/radix17_z_n1_bwd_avx2.c	derive	gen_radix.exe	-	17 --cil-n1 --cil-bwd --isa avx2 --uarch raptor_lake_avx2 --emit-c	-	-	f78e017ac28ac9f161eacc17203e177a42df91bfdcd8dd61f0d8bf23ab3465c9	34612
zil/avx2/pair2p/radix17_z_n1t_avx2.c	derive	gen_radix.exe	-	17 --cil-n1t --isa avx2 --uarch raptor_lake_avx2 --emit-c	-	-	ff54a29c8e2b36a43a03a0a95c044d8f390d8805e4aa31c447dd9462ec0f9927	35534
zil/avx2/pair2p/radix17_z_n1t_bwd_avx2.c	derive	gen_radix.exe	-	17 --cil-n1t --cil-bwd --isa avx2 --uarch raptor_lake_avx2 --emit-c	-	-	603eb9e8d038a259f77cdb2b09d7f2d90c9e889223dd04bd4b55d581143fc4fc	35544
zil/avx2/pair2p/radix17_z_t2_avx2.c	derive	gen_radix.exe	-	17 --cil-t2 --isa avx2 --uarch raptor_lake_avx2 --emit-c	-	-	1e8ba254aedb054f813ff97a9868b56c808117ed9e1cb68764d77a1e39662ec1	39545
zil/avx2/pair2p/radix17_z_t2_bwd_avx2.c	derive	gen_radix.exe	-	17 --cil-t2 --cil-bwd --isa avx2 --uarch raptor_lake_avx2 --emit-c	-	-	fc1c5f6c5e6225162fcd0400d45005303ec451fa4e28dfc53758b03890ae6ba1	39579
zil/avx2/pair2p/radix17_z_t2t_bwd_avx2.c	derive	gen_radix.exe	-	17 --cil-t2 --cil-turnst --cil-bwd --isa avx2 --uarch raptor_lake_avx2 --emit-c	-	-	57a7b4ee67fab5af4ecc85ef81f033d4ccdb5533793f71c072344f3f1146f6da	40328
zil/avx2/chain3/radix17_z_t2tg_bwd_avx2.c	derive	gen_radix.exe	-	17 --cil-t2 --cil-turnst-gs --cil-bwd --isa avx2 --uarch raptor_lake_avx2 --emit-c	-	-	1bb1c76da2f943bdc4e96b7b8fe2b2b2529a6ee3444c6ff7684865e2626f2b96	42107
zil/avx2/shared/radix19_z_n1_bwd_avx2.c	derive	gen_radix.exe	-	19 --cil-n1 --cil-bwd --isa avx2 --uarch raptor_lake_avx2 --emit-c	-	-	f64ccc74bc96943f22d20262608d3798cafaf9ebd0ba22601ddf6bfdfcd6c48d	42065
zil/avx2/pair2p/radix19_z_n1t_avx2.c	derive	gen_radix.exe	-	19 --cil-n1t --isa avx2 --uarch raptor_lake_avx2 --emit-c	-	-	eb850f6a13d79dd3262ee85da887f06bfcd06b9b7524e26bdc3727bf860f0866	43067
zil/avx2/pair2p/radix19_z_n1t_bwd_avx2.c	derive	gen_radix.exe	-	19 --cil-n1t --cil-bwd --isa avx2 --uarch raptor_lake_avx2 --emit-c	-	-	9df3fe62fb09fab2953f0b3f72ed54f6324b29645ac72ff44f0b08444343e526	43077
zil/avx2/pair2p/radix19_z_t2_avx2.c	derive	gen_radix.exe	-	19 --cil-t2 --isa avx2 --uarch raptor_lake_avx2 --emit-c	-	-	1e95fb3defeed8208cd9efeec252b6ada34c215d96153e1153bd94df3a0a751b	47576
zil/avx2/pair2p/radix19_z_t2_bwd_avx2.c	derive	gen_radix.exe	-	19 --cil-t2 --cil-bwd --isa avx2 --uarch raptor_lake_avx2 --emit-c	-	-	b8d46d5842b8ff84b90ae9172ebcffd6e751f7ac5144de9cf6f73666aae41f7b	47618
zil/avx2/pair2p/radix19_z_t2t_bwd_avx2.c	derive	gen_radix.exe	-	19 --cil-t2 --cil-turnst --cil-bwd --isa avx2 --uarch raptor_lake_avx2 --emit-c	-	-	0a25124234b085bebd0d73741c77a808b729278fdd38209b9ccf8cdc118bf4b7	48445
zil/avx2/chain3/radix19_z_t2tg_bwd_avx2.c	derive	gen_radix.exe	-	19 --cil-t2 --cil-turnst-gs --cil-bwd --isa avx2 --uarch raptor_lake_avx2 --emit-c	-	-	cc2bea89f5e871e8995ec474816a5ccc3fb0a7cebd6bef05371e36fe9c65c3a1	50444
zil/avx2/shared/radix21_z_n1_bwd_avx2.c	derive	gen_radix.exe	-	21 --cil-n1 --cil-bwd --isa avx2 --uarch raptor_lake_avx2 --emit-c	-	-	fd4b331ffd2e57d064c601a2f0092f5527ecdd8adbfc1001a6a589dccb6754f3	47760
zil/avx2/pair2p/radix21_z_n1_ct_bwd_avx2.c	derive	gen_radix.exe	-	21 --cil-n1 --cil-oddct --cil-bwd --isa avx2 --uarch raptor_lake_avx2 --emit-c	-	-	18061fa510b27bc89424bd3fbb64173e5882c8f51d105f94ddfe8acf4a202f4c	36276
zil/avx2/pair2p/radix21_z_n1t_avx2.c	derive	gen_radix.exe	-	21 --cil-n1t --isa avx2 --uarch raptor_lake_avx2 --emit-c	-	-	1431beb59ba2fefeaed4c7c74b06e60ef440de5f5c592d119af7c778e781931d	48842
zil/avx2/pair2p/radix21_z_n1t_bwd_avx2.c	derive	gen_radix.exe	-	21 --cil-n1t --cil-bwd --isa avx2 --uarch raptor_lake_avx2 --emit-c	-	-	5f6b6c139603ba1d09c23eb2a3ce3f652d631463e712170aac37af6764cc8098	48852
zil/avx2/pair2p/radix21_z_n1t_ct_avx2.c	derive	gen_radix.exe	-	21 --cil-n1t --cil-oddct --isa avx2 --uarch raptor_lake_avx2 --emit-c	-	-	5bc6f816ed2f819e51081a874042de860451f4deb785aeacc4201ac41ce6006e	37361
zil/avx2/pair2p/radix21_z_n1t_ct_bwd_avx2.c	derive	gen_radix.exe	-	21 --cil-n1t --cil-oddct --cil-bwd --isa avx2 --uarch raptor_lake_avx2 --emit-c	-	-	36da55968bfe3f9aa94313a9cc2e9dccee9d8ba964a8cc1d2776882098c48da8	37371
zil/avx2/pair2p/radix21_z_t2_avx2.c	derive	gen_radix.exe	-	21 --cil-t2 --isa avx2 --uarch raptor_lake_avx2 --emit-c	-	-	be0f1f8b6192807116139fe6fb87f7afd33067117fc805b36a6d9e731ac3cc84	53847
zil/avx2/pair2p/radix21_z_t2_bwd_avx2.c	derive	gen_radix.exe	-	21 --cil-t2 --cil-bwd --isa avx2 --uarch raptor_lake_avx2 --emit-c	-	-	50a87ef77c0395279539919fd93f4b74eb325d782751572c19b6c5c4d61cc639	53899
zil/avx2/pair2p/radix21_z_t2_ct_avx2.c	derive	gen_radix.exe	-	21 --cil-t2 --cil-oddct --isa avx2 --uarch raptor_lake_avx2 --emit-c	-	-	7bbe10497366f901ca05345aee02022abc72abeb8f947577c046d8dfc25c0683	42401
zil/avx2/pair2p/radix21_z_t2_ct_bwd_avx2.c	derive	gen_radix.exe	-	21 --cil-t2 --cil-oddct --cil-bwd --isa avx2 --uarch raptor_lake_avx2 --emit-c	-	-	c0dbf2a2db4ccabc867a8ea634771578b9d6be1866d8f97eda9c529036294aeb	42419
zil/avx2/pair2p/radix21_z_t2t_bwd_avx2.c	derive	gen_radix.exe	-	21 --cil-t2 --cil-turnst --cil-bwd --isa avx2 --uarch raptor_lake_avx2 --emit-c	-	-	ab3dbac5b6949f8064d2bdaac84cf1ac94ad93bf793167f0dba859f222212d08	54804
zil/avx2/pair2p/radix21_z_t2t_ct_bwd_avx2.c	derive	gen_radix.exe	-	21 --cil-t2 --cil-oddct --cil-turnst --cil-bwd --isa avx2 --uarch raptor_lake_avx2 --emit-c	-	-	868b9e31ff02b4f7697be7279c85b5024bb628f9bb3f66e43ae5537bc74b1e64	43325
zil/avx2/chain3/radix21_z_t2tg_bwd_avx2.c	derive	gen_radix.exe	-	21 --cil-t2 --cil-turnst-gs --cil-bwd --isa avx2 --uarch raptor_lake_avx2 --emit-c	-	-	4d1a6a720f1802f18c83bcd0dde314d96b2cee0d4e7e12a510c072c4427030f9	57023
zil/avx2/shared/radix25_z_n1_bwd_avx2.c	derive	gen_radix.exe	-	25 --cil-n1 --cil-bwd --isa avx2 --uarch raptor_lake_avx2 --emit-c	-	-	5f8d52a10fbf4851312416a3739a0ab884a3eddbc338ee044a421501ba3b0ec0	67080
zil/avx2/pair2p/radix25_z_n1_ct_bwd_avx2.c	derive	gen_radix.exe	-	25 --cil-n1 --cil-oddct --cil-bwd --isa avx2 --uarch raptor_lake_avx2 --emit-c	-	-	a0b162ce37fcf754ae3901b3cf216e5ddfbc9eccb47938d01b93d248cc53065f	43116
zil/avx2/pair2p/radix25_z_n1t_avx2.c	derive	gen_radix.exe	-	25 --cil-n1t --isa avx2 --uarch raptor_lake_avx2 --emit-c	-	-	0a63ce7fbc9c7102cf7df55babdc86edec441e4a250803ab1ab374eb28afa20b	68318
zil/avx2/pair2p/radix25_z_n1t_bwd_avx2.c	derive	gen_radix.exe	-	25 --cil-n1t --cil-bwd --isa avx2 --uarch raptor_lake_avx2 --emit-c	-	-	45e5b11536a1b5f8b958c4b12594923574a1d09117f1ba36f5ee59a4a561022c	68328
zil/avx2/pair2p/radix25_z_n1t_ct_avx2.c	derive	gen_radix.exe	-	25 --cil-n1t --cil-oddct --isa avx2 --uarch raptor_lake_avx2 --emit-c	-	-	5b11d520fe6cc962bf9a572a85bba83a5d1ea26bdb0615ab17edf84027bd7815	44357
zil/avx2/pair2p/radix25_z_n1t_ct_bwd_avx2.c	derive	gen_radix.exe	-	25 --cil-n1t --cil-oddct --cil-bwd --isa avx2 --uarch raptor_lake_avx2 --emit-c	-	-	f7320bc2b8e300b4e2a7e101a500a1dfc1ff3df539f3f70a5656aa00a2fd5d1a	44367
zil/avx2/pair2p/radix25_z_t2_avx2.c	derive	gen_radix.exe	-	25 --cil-t2 --isa avx2 --uarch raptor_lake_avx2 --emit-c	-	-	93ce38c74c48217ede865ff8ed99976d40261ce4dfce40dd897d621746fd5830	74325
zil/avx2/pair2p/radix25_z_t2_bwd_avx2.c	derive	gen_radix.exe	-	25 --cil-t2 --cil-bwd --isa avx2 --uarch raptor_lake_avx2 --emit-c	-	-	4e8cdc46770f6d028d898e979581c4678030d90e79577250278ecdebdc1cd0ad	74383
zil/avx2/pair2p/radix25_z_t2_ct_avx2.c	derive	gen_radix.exe	-	25 --cil-t2 --cil-oddct --isa avx2 --uarch raptor_lake_avx2 --emit-c	-	-	349016e8481820ea997065a490dbd8104bbd8315e88f1a362542becc5a5adfe6	50401
zil/avx2/pair2p/radix25_z_t2_ct_bwd_avx2.c	derive	gen_radix.exe	-	25 --cil-t2 --cil-oddct --cil-bwd --isa avx2 --uarch raptor_lake_avx2 --emit-c	-	-	6877603f0e8b3e97373a5702396052fd214c23eb589ae7c2b44aed7cc7cf0ad2	50423
zil/avx2/pair2p/radix25_z_t2t_bwd_avx2.c	derive	gen_radix.exe	-	25 --cil-t2 --cil-turnst --cil-bwd --isa avx2 --uarch raptor_lake_avx2 --emit-c	-	-	1f5db2eb078bc13e793e1fb54a0abe62766299b928d19f97609d0a29dd8de45d	75444
zil/avx2/pair2p/radix25_z_t2t_ct_bwd_avx2.c	derive	gen_radix.exe	-	25 --cil-t2 --cil-oddct --cil-turnst --cil-bwd --isa avx2 --uarch raptor_lake_avx2 --emit-c	-	-	b0a540e39ad661d9a41ee4dfa006b2ae0f9c583fe9f69a799efa32c80f321158	51485
zil/avx2/chain3/radix25_z_t2tg_bwd_avx2.c	derive	gen_radix.exe	-	25 --cil-t2 --cil-turnst-gs --cil-bwd --isa avx2 --uarch raptor_lake_avx2 --emit-c	-	-	84d9bf52bf1f720cdcdfe511a7d0ceb72ceda2bea8ff2de802e7db00435062f7	78103
zil/avx2/shared/radix27_z_n1_bwd_avx2.c	derive	gen_radix.exe	-	27 --cil-n1 --cil-bwd --isa avx2 --uarch raptor_lake_avx2 --emit-c	-	-	f59732c258c4b335f0e32abffdd1370c52683bcaf74f6d618ccd5add161e7e54	76182
zil/avx2/pair2p/radix27_z_n1_ct_bwd_avx2.c	derive	gen_radix.exe	-	27 --cil-n1 --cil-oddct --cil-bwd --isa avx2 --uarch raptor_lake_avx2 --emit-c	-	-	b8072ec1f3fe8f405fdc0fd1bbff11450560a6292215cdf3c3f96ba6e19fe06a	47418
zil/avx2/pair2p/radix27_z_n1t_avx2.c	derive	gen_radix.exe	-	27 --cil-n1t --isa avx2 --uarch raptor_lake_avx2 --emit-c	-	-	b334f0d203c434e8cc37bfd364776cd1bf619b873b8be0acccec5729958a3747	77500
zil/avx2/pair2p/radix27_z_n1t_bwd_avx2.c	derive	gen_radix.exe	-	27 --cil-n1t --cil-bwd --isa avx2 --uarch raptor_lake_avx2 --emit-c	-	-	5fbce81554a40d65901c8ffcfc9d72d6471635d7827991d57dc997d407b27b0b	77510
zil/avx2/pair2p/radix27_z_n1t_ct_avx2.c	derive	gen_radix.exe	-	27 --cil-n1t --cil-oddct --isa avx2 --uarch raptor_lake_avx2 --emit-c	-	-	161e01237e6febd28af6e581c0386ef8af6676893438b5452bb8ed1d4a76b787	48737
zil/avx2/pair2p/radix27_z_n1t_ct_bwd_avx2.c	derive	gen_radix.exe	-	27 --cil-n1t --cil-oddct --cil-bwd --isa avx2 --uarch raptor_lake_avx2 --emit-c	-	-	c2e35be0d0d03959ddfd8b280bd5a2f57fbff608d265524d749effde9b45efdd	48747
zil/avx2/pair2p/radix27_z_t2_avx2.c	derive	gen_radix.exe	-	27 --cil-t2 --isa avx2 --uarch raptor_lake_avx2 --emit-c	-	-	39e894c08b488b958bd28fe81efe8e421ab3266f80a26584f7c775c6bfb85d85	84003
zil/avx2/pair2p/radix27_z_t2_bwd_avx2.c	derive	gen_radix.exe	-	27 --cil-t2 --cil-bwd --isa avx2 --uarch raptor_lake_avx2 --emit-c	-	-	038109ad8f6996daa5ecdb0193b7e5646a5c90e8743b64a2071c86ac9aa0138a	84071
zil/avx2/pair2p/radix27_z_t2_ct_avx2.c	derive	gen_radix.exe	-	27 --cil-t2 --cil-oddct --isa avx2 --uarch raptor_lake_avx2 --emit-c	-	-	84cd11818c59ad196c9de195cdd556f9f6614dc87a659a8cf2a4d40a5023ff32	55281
zil/avx2/pair2p/radix27_z_t2_ct_bwd_avx2.c	derive	gen_radix.exe	-	27 --cil-t2 --cil-oddct --cil-bwd --isa avx2 --uarch raptor_lake_avx2 --emit-c	-	-	e6a277bc09e49f1fb7f09698765346b79149decd4b178bf309354b8d8aa5a8fe	55307
zil/avx2/pair2p/radix27_z_t2t_bwd_avx2.c	derive	gen_radix.exe	-	27 --cil-t2 --cil-turnst --cil-bwd --isa avx2 --uarch raptor_lake_avx2 --emit-c	-	-	f5c7957208ef77180491412e621c18a4c389ffaa3effd4c655d20e5d7f94d4a5	85210
zil/avx2/pair2p/radix27_z_t2t_ct_bwd_avx2.c	derive	gen_radix.exe	-	27 --cil-t2 --cil-oddct --cil-turnst --cil-bwd --isa avx2 --uarch raptor_lake_avx2 --emit-c	-	-	4cbf74f1db9ef4bab51192684522a6b7ecfc4c037a9ee7b708dd7acb0826f36c	56447
zil/avx2/chain3/radix27_z_t2tg_bwd_avx2.c	derive	gen_radix.exe	-	27 --cil-t2 --cil-turnst-gs --cil-bwd --isa avx2 --uarch raptor_lake_avx2 --emit-c	-	-	a8d47f710257644da259002408ccf90888607e1f9b305028e431ed9bf36b6d1c	88089
zil/avx2/shared/radix32_z_n1_bwd_avx2.c	derive	gen_radix.exe	-	32 --cil-n1 --cil-bwd --isa avx2 --uarch raptor_lake_avx2 --emit-c	-	-	91199d0b78996948d000bbf69e75218ef9fde0d79f9a1e635dce559f8cb57b37	44592
zil/avx2/pair2p/blocked/radix32_z_n1b216_bwd_avx2.c	replay	gen_radix.exe	-	32 --cil-n1 --cil-blocked --cil-split 2.16 --cil-form-tag --cil-bwd --isa avx2 --uarch raptor_lake_avx2 --emit-c	-	-	c6fa00f9e9672bf0762e70e85711934b7e37e94699bee7f9fdfbd8dc3c7b0c27	48181
zil/avx2/pair2p/blocked/radix32_z_n1b48_bwd_avx2.c	replay	gen_radix.exe	-	32 --cil-n1 --cil-blocked --cil-split 4.8 --cil-form-tag --cil-bwd --isa avx2 --uarch raptor_lake_avx2 --emit-c	-	-	1c61e4576e0e644ca004b8e4e66392f6fbaf168db9d7ec43308652d22fd883fb	47371
zil/avx2/pair2p/radix32_z_n1t_avx2.c	derive	gen_radix.exe	-	32 --cil-n1t --isa avx2 --uarch raptor_lake_avx2 --emit-c	-	-	0f8eafe1f369047b390d0005c26e93d7edd2af95b997a5d8d80f687d692e4190	46032
zil/avx2/pair2p/radix32_z_n1t_bwd_avx2.c	derive	gen_radix.exe	-	32 --cil-n1t --cil-bwd --isa avx2 --uarch raptor_lake_avx2 --emit-c	-	-	8cc6a760be70b0e11f07776adf18df7fe82dbb29ccc040f4764b4f6e2032b902	46042
zil/avx2/pair2p/blocked/radix32_z_n1tb48_avx2.c	replay	gen_radix.exe	-	32 --cil-n1t --cil-blocked --cil-split 4.8 --isa avx2 --uarch raptor_lake_avx2 --emit-c --cil-form-tag	-	-	361cc666d441b51b9fab38122c633e8823fac9e2ba0fc9cbd3594283f73aafb1	48437
zil/avx2/pair2p/blocked/radix32_z_n1tb_avx2.c	replay	gen_radix.exe	-	32 --cil-n1t --cil-blocked --isa avx2 --uarch raptor_lake_avx2 --emit-c	-	-	b40ac25b9868baa6984185d0337fa76cd7d04b6954f070b66ce53b13dafea4d9	48886
zil/avx2/pair2p/radix32_z_t2_avx2.c	derive	gen_radix.exe	-	32 --cil-t2 --isa avx2 --uarch raptor_lake_avx2 --emit-c	-	-	b6ca63794774a59f0d76d62eb94bc1f28452e3f020dfb8280feea652be7ce58a	53906
zil/avx2/pair2p/radix32_z_t2_bwd_avx2.c	derive	gen_radix.exe	-	32 --cil-t2 --cil-bwd --isa avx2 --uarch raptor_lake_avx2 --emit-c	-	-	164df0d260bbd623579aaba70b3559872246dccb1bc2ad7de4b5f4c9660c5372	53936
zil/avx2/pair2p/blocked/radix32_z_t2b48_avx2.c	replay	./_build/default/bin/gen_radix.exe	-	32 --cil-t2 --cil-blocked --cil-split 4.8 --isa avx2 --uarch raptor_lake_avx2 --emit-c --cil-form-tag	-	-	6ebebdcc8af0add1370df4c7daf165337b2bcd950e7337f170c8c6540a39e879	57287
zil/avx2/pair2p/blocked/radix32_z_t2b_avx2.c	replay	./_build/default/bin/gen_radix.exe	-	32 --cil-t2 --cil-blocked --isa avx2 --uarch raptor_lake_avx2 --emit-c	-	-	ad2aefea3b708278bf3494dc2dc059bca01ec17d11aba3ce0b615ab111bef12d	57802
zil/avx2/pair2p/blocked/radix32_z_t2bt216_bwd_avx2.c	replay	gen_radix.exe	-	32 --cil-t2 --cil-blocked --cil-split 2.16 --cil-turnst --cil-form-tag --cil-bwd --isa avx2 --uarch raptor_lake_avx2 --emit-c	-	-	74cafd852bb6dbb126eaf61e95358b7b07df19fdd4e78a4e30b81d2bd0e47417	58242
zil/avx2/pair2p/blocked/radix32_z_t2bt48_bwd_avx2.c	replay	gen_radix.exe	-	32 --cil-t2 --cil-blocked --cil-split 4.8 --cil-turnst --cil-form-tag --cil-bwd --isa avx2 --uarch raptor_lake_avx2 --emit-c	-	-	90f4861b12b8d1089958443ca9928d7a37d8d0d57a30db20643e0962215521f9	57781
zil/avx2/pair2p/radix32_z_t2t_bwd_avx2.c	derive	gen_radix.exe	-	32 --cil-t2 --cil-turnst --cil-bwd --isa avx2 --uarch raptor_lake_avx2 --emit-c	-	-	dff0ea11c14d603f4ad5db7cbd9161b10acc281fa986f69b2f6cef07bbe1e31b	55197
zil/avx2/chain3/radix32_z_t2tg_bwd_avx2.c	derive	gen_radix.exe	-	32 --cil-t2 --cil-turnst-gs --cil-bwd --isa avx2 --uarch raptor_lake_avx2 --emit-c	-	-	ae5f952d812306f6cb09231577cee5522dde37e04c1587515c78c95a3fc61f2e	58700
zil/avx2/shared/radix3_z_n1_bwd_avx2.c	derive	gen_radix.exe	-	3 --cil-n1 --cil-bwd --isa avx2 --uarch raptor_lake_avx2 --emit-c	-	-	5c2e1d565e437f66dbfc9cdf1a73f1a61b7cd508d16bbc3c3348529fd68059ec	3543
zil/avx2/pair2p/radix3_z_n1t_avx2.c	derive	gen_radix.exe	-	3 --cil-n1t --isa avx2 --uarch raptor_lake_avx2 --emit-c	-	-	c69f4b5e3aa75b13b06af01c784aaeb142a4cf041d755ce55dd5c64a801a6def	3919
zil/avx2/pair2p/radix3_z_n1t_bwd_avx2.c	derive	gen_radix.exe	-	3 --cil-n1t --cil-bwd --isa avx2 --uarch raptor_lake_avx2 --emit-c	-	-	0246ca6ba19a0bb264274c015f2f6de3e4e3521333286354499cc00d97580152	3929
zil/avx2/pair2p/radix3_z_t2_avx2.c	derive	gen_radix.exe	-	3 --cil-t2 --isa avx2 --uarch raptor_lake_avx2 --emit-c	-	-	d4de05b599b9bf5932688f2c2e6f12e7c714fe00b3a21ca314f29bd7abec6e08	4453
zil/avx2/pair2p/radix3_z_t2_bwd_avx2.c	derive	gen_radix.exe	-	3 --cil-t2 --cil-bwd --isa avx2 --uarch raptor_lake_avx2 --emit-c	-	-	1ae1ec48941eba7810247f80e8d3099c42a72f69dda8c3de5b90252d75797373	4471
zil/avx2/pair2p/radix3_z_t2t_bwd_avx2.c	derive	gen_radix.exe	-	3 --cil-t2 --cil-turnst --cil-bwd --isa avx2 --uarch raptor_lake_avx2 --emit-c	-	-	2c01eebe19069c8a16c82edee0912d350d914db6ec38b64f08d4624163466806	4670
zil/avx2/chain3/radix3_z_t2tg_bwd_avx2.c	derive	gen_radix.exe	-	3 --cil-t2 --cil-turnst-gs --cil-bwd --isa avx2 --uarch raptor_lake_avx2 --emit-c	-	-	24a9bffee961df1a7ad710823432b7fc19e0796db2bd4efe19475214d1ee060e	4917
zil/avx2/shared/radix4_z_n1_bwd_avx2.c	derive	gen_radix.exe	-	4 --cil-n1 --cil-bwd --isa avx2 --uarch raptor_lake_avx2 --emit-c	-	-	7b349cab5497d94d7ad27daf191698c57669a96ed719c5420441e8399f697503	3780
zil/avx2/pair2p/radix4_z_n1t_avx2.c	derive	gen_radix.exe	-	4 --cil-n1t --isa avx2 --uarch raptor_lake_avx2 --emit-c	-	-	abd94f09e003e92d0853fd683645ec3691b3c5f9c76cb99cd0bfefb2876820cd	4122
zil/avx2/pair2p/radix4_z_n1t_bwd_avx2.c	derive	gen_radix.exe	-	4 --cil-n1t --cil-bwd --isa avx2 --uarch raptor_lake_avx2 --emit-c	-	-	1d08a82eda174c1579dfa73e9b070b86b20eda640df01a1708ea89093b8f0f81	4132
zil/avx2/pair2p/radix4_z_t2_avx2.c	derive	gen_radix.exe	-	4 --cil-t2 --isa avx2 --uarch raptor_lake_avx2 --emit-c	-	-	b05634cffedfaf24f9db4f9f615e01987e0b4296126513b8f59676f9729db8bb	4971
zil/avx2/pair2p/radix4_z_t2_bwd_avx2.c	derive	gen_radix.exe	-	4 --cil-t2 --cil-bwd --isa avx2 --uarch raptor_lake_avx2 --emit-c	-	-	dddb8e9fed502e2bf0d9fa01ed18a10d26406e7041f556020e704a291da075c8	4991
zil/avx2/pair2p/radix4_z_t2t_bwd_avx2.c	derive	gen_radix.exe	-	4 --cil-t2 --cil-turnst --cil-bwd --isa avx2 --uarch raptor_lake_avx2 --emit-c	-	-	51fb57f27011fc3b8575fd815ace1ed1a4bdbe2d405bc21ce644d3baff8c868f	5155
zil/avx2/chain3/radix4_z_t2tg_bwd_avx2.c	derive	gen_radix.exe	-	4 --cil-t2 --cil-turnst-gs --cil-bwd --isa avx2 --uarch raptor_lake_avx2 --emit-c	-	-	73a9ca41038630a7de5a573d40d1bf781c0a5972961f1b347e6fbe3d16aadb84	5584
zil/avx2/shared/radix5_z_n1_bwd_avx2.c	derive	gen_radix.exe	-	5 --cil-n1 --cil-bwd --isa avx2 --uarch raptor_lake_avx2 --emit-c	-	-	f06ce3afa57f83ae48dc27ce188f6761483a21923a3617015a728bf34e311e45	5770
zil/avx2/pair2p/radix5_z_n1t_avx2.c	derive	gen_radix.exe	-	5 --cil-n1t --isa avx2 --uarch raptor_lake_avx2 --emit-c	-	-	568497154ef164ab0c05f4279c3b67fb048e3723433060466d65d262f8ac9bee	6225
zil/avx2/pair2p/radix5_z_n1t_bwd_avx2.c	derive	gen_radix.exe	-	5 --cil-n1t --cil-bwd --isa avx2 --uarch raptor_lake_avx2 --emit-c	-	-	1bd38bf5f8ed69977dd0a1caa7b55e476e4ffd2241b9f33a0e26e92b96f83cd2	6235
zil/avx2/pair2p/radix5_z_t2_avx2.c	derive	gen_radix.exe	-	5 --cil-t2 --isa avx2 --uarch raptor_lake_avx2 --emit-c	-	-	7c45995dd9dbaa66eadd2218d0c0741d7c7495a5c1fa7113fb2cfd889f4a739c	7244
zil/avx2/pair2p/radix5_z_t2_bwd_avx2.c	derive	gen_radix.exe	-	5 --cil-t2 --cil-bwd --isa avx2 --uarch raptor_lake_avx2 --emit-c	-	-	fd65bb0a80cd7c04d8979de92eea7b91682af62a5fbeb1a44879ca2a09c77f99	7264
zil/avx2/pair2p/radix5_z_t2t_bwd_avx2.c	derive	gen_radix.exe	-	5 --cil-t2 --cil-turnst --cil-bwd --isa avx2 --uarch raptor_lake_avx2 --emit-c	-	-	7236466771cf480f2565d4bc472c23071fd024dcd9d19743277bdb0a1e9976e0	7540
zil/avx2/chain3/radix5_z_t2tg_bwd_avx2.c	derive	gen_radix.exe	-	5 --cil-t2 --cil-turnst-gs --cil-bwd --isa avx2 --uarch raptor_lake_avx2 --emit-c	-	-	511c2b3aee75467f44b83f1cf037f1f2165087d21db70bbf0a19cba0f74b72f5	8005
zil/avx2/shared/radix64_z_n1_bwd_avx2.c	derive	gen_radix.exe	-	64 --cil-n1 --cil-bwd --isa avx2 --uarch raptor_lake_avx2 --emit-c	-	-	328d2569217bb07cfb64f85ae31c3d81ac8784eb0241afca137ea311dc63e517	103794
zil/avx2/pair2p/blocked/radix64_z_n1b416_bwd_avx2.c	replay	gen_radix.exe	-	64 --cil-n1 --cil-blocked --cil-split 4.16 --cil-form-tag --cil-bwd --isa avx2 --uarch raptor_lake_avx2 --emit-c	-	-	8c116e333afaedf28d003fd74e49dc6ecd63bb35195b860a0bb17ac3e27ee05c	108428
zil/avx2/pair2p/blocked/radix64_z_n1b88_bwd_avx2.c	replay	gen_radix.exe	-	64 --cil-n1 --cil-blocked --cil-split 8.8 --cil-form-tag --cil-bwd --isa avx2 --uarch raptor_lake_avx2 --emit-c	-	-	a84207a4ca032b9d7e391c44e47a180efae507e0198b200ce5668622edcb7593	107685
zil/avx2/pair2p/radix64_z_n1t_avx2.c	derive	gen_radix.exe	-	64 --cil-n1t --isa avx2 --uarch raptor_lake_avx2 --emit-c	-	-	f8477f94ddb48ab2ee82a445c9ec2446d1964daae3f1199c98587ed8af8702f1	106482
zil/avx2/pair2p/radix64_z_n1t_bwd_avx2.c	derive	gen_radix.exe	-	64 --cil-n1t --cil-bwd --isa avx2 --uarch raptor_lake_avx2 --emit-c	-	-	cd02111cfe15a076049282bdef684185a45e1e407ddd8f1b8313ceef66246209	106492
zil/avx2/pair2p/blocked/radix64_z_n1tb416_avx2.c	derive	gen_radix.exe	-	64 --cil-n1t --cil-blocked --cil-split 4.16 --cil-form-tag --isa avx2 --uarch raptor_lake_avx2 --emit-c	-	-	c7015f8e63390f4822f3c5544f276cd67b17911349cff4920a56ff5e729fa855	110884
zil/avx2/pair2p/blocked/radix64_z_n1tb88_avx2.c	derive	gen_radix.exe	-	64 --cil-n1t --cil-blocked --cil-split 8.8 --cil-form-tag --isa avx2 --uarch raptor_lake_avx2 --emit-c	-	-	8fce10db9bd4e4803421e8767a1bf04b3cb8a0a781615d3ad23efb5b08f67104	110249
zil/avx2/pair2p/radix64_z_t2_avx2.c	derive	gen_radix.exe	-	64 --cil-t2 --isa avx2 --uarch raptor_lake_avx2 --emit-c	-	-	c2602a27d034ce426355c0dd4bfff12f3a9c7917c699b75d7c4b27611219eeac	122420
zil/avx2/pair2p/radix64_z_t2_bwd_avx2.c	derive	gen_radix.exe	-	64 --cil-t2 --cil-bwd --isa avx2 --uarch raptor_lake_avx2 --emit-c	-	-	c50f0f75bacaa3cf008a89147faa65dad8247a666edab440391bb24a2979e98b	122450
zil/avx2/pair2p/blocked/radix64_z_t2b416_avx2.c	derive	gen_radix.exe	-	64 --cil-t2 --cil-blocked --cil-split 4.16 --cil-form-tag --isa avx2 --uarch raptor_lake_avx2 --emit-c	-	-	b40063a5ac6efef298dbc23812ed0ee05b6cc7a29af4634ab56a9e6dcec1c40d	127016
zil/avx2/pair2p/blocked/radix64_z_t2b88_avx2.c	derive	gen_radix.exe	-	64 --cil-t2 --cil-blocked --cil-split 8.8 --cil-form-tag --isa avx2 --uarch raptor_lake_avx2 --emit-c	-	-	eac66e316b4374ae56feb7406e288f2f72f67f09415f13690f5a0c17004ae80b	126128
zil/avx2/pair2p/blocked/radix64_z_t2bt416_bwd_avx2.c	replay	gen_radix.exe	-	64 --cil-t2 --cil-blocked --cil-split 4.16 --cil-turnst --cil-form-tag --cil-bwd --isa avx2 --uarch raptor_lake_avx2 --emit-c	-	-	0b29824667ff68a7acdd04f1da9c4d713bcf2b93af19a85fc46466bfd9f88078	129172
zil/avx2/pair2p/blocked/radix64_z_t2bt88_bwd_avx2.c	replay	gen_radix.exe	-	64 --cil-t2 --cil-blocked --cil-split 8.8 --cil-turnst --cil-form-tag --cil-bwd --isa avx2 --uarch raptor_lake_avx2 --emit-c	-	-	1a26114b61f27757170044bea11da2dbe483cd7480c9cc1dab3f3bdf9e264627	128609
zil/avx2/pair2p/radix64_z_t2t_bwd_avx2.c	derive	gen_radix.exe	-	64 --cil-t2 --cil-turnst --cil-bwd --isa avx2 --uarch raptor_lake_avx2 --emit-c	-	-	97b23b48e0ff161863cbd5c8af7ddbb59fa0b119ed21855796e2316c6a00df35	124959
zil/avx2/chain3/radix64_z_t2tg_bwd_avx2.c	derive	gen_radix.exe	-	64 --cil-t2 --cil-turnst-gs --cil-bwd --isa avx2 --uarch raptor_lake_avx2 --emit-c	-	-	d09416f1afa844149d21e13c7f3e0c2bec42b56d96d24fb849a23c0335c9315f	131982
zil/avx2/shared/radix6_z_n1_bwd_avx2.c	derive	gen_radix.exe	-	6 --cil-n1 --cil-bwd --isa avx2 --uarch raptor_lake_avx2 --emit-c	-	-	5dba008401cb7f3dd781595e08ad4165cae2307a7b4c753f83426265d1534a7d	7146
zil/avx2/pair2p/radix6_z_n1t_avx2.c	derive	gen_radix.exe	-	6 --cil-n1t --isa avx2 --uarch raptor_lake_avx2 --emit-c	-	-	807b7349d63d664bcdf8ec7fdc326e6afaf96a442bf15e952a433afb0fd0a589	7566
zil/avx2/pair2p/radix6_z_n1t_bwd_avx2.c	derive	gen_radix.exe	-	6 --cil-n1t --cil-bwd --isa avx2 --uarch raptor_lake_avx2 --emit-c	-	-	d2be63358dcdcabb37ab901d1ae7a65fd3cd9f5c1358686a0b63654a934e8297	7576
zil/avx2/pair2p/radix6_z_t2_avx2.c	derive	gen_radix.exe	-	6 --cil-t2 --isa avx2 --uarch raptor_lake_avx2 --emit-c	-	-	e19eefb98a700202ea30c342e1c85a2629cb5113cef30787a7b343e054f3b851	8901
zil/avx2/pair2p/radix6_z_t2_bwd_avx2.c	derive	gen_radix.exe	-	6 --cil-t2 --cil-bwd --isa avx2 --uarch raptor_lake_avx2 --emit-c	-	-	27b5aad1e9bef1360ac66f5ecfd003dc07713a338aad8252bf8a817718850008	8921
zil/avx2/pair2p/radix6_z_t2t_bwd_avx2.c	derive	gen_radix.exe	-	6 --cil-t2 --cil-turnst --cil-bwd --isa avx2 --uarch raptor_lake_avx2 --emit-c	-	-	bd643ce21aadc1137a46d6f331bba790c27520b8438ce9c2a85354e3ec135432	9162
zil/avx2/chain3/radix6_z_t2tg_bwd_avx2.c	derive	gen_radix.exe	-	6 --cil-t2 --cil-turnst-gs --cil-bwd --isa avx2 --uarch raptor_lake_avx2 --emit-c	-	-	25f3f23f594d6174062c9882f6ed0323a3bde7f100297c0d8dfd87f1afacdd91	9809
zil/avx2/shared/radix7_z_n1_bwd_avx2.c	derive	gen_radix.exe	-	7 --cil-n1 --cil-bwd --isa avx2 --uarch raptor_lake_avx2 --emit-c	-	-	a62502105e30ecf74c70362e93b9719306368a24f9912be14b87e8e3370ac91b	8713
zil/avx2/pair2p/radix7_z_n1t_avx2.c	derive	gen_radix.exe	-	7 --cil-n1t --isa avx2 --uarch raptor_lake_avx2 --emit-c	-	-	6c77f4ee377ff9f35e539daac616f5e2e6d8324c11461db4806b117a533e333f	9244
zil/avx2/pair2p/radix7_z_n1t_bwd_avx2.c	derive	gen_radix.exe	-	7 --cil-n1t --cil-bwd --isa avx2 --uarch raptor_lake_avx2 --emit-c	-	-	91254806b7fc2133d9d952cf275011316c9ec625c6692d30cc8d0b3bfec18518	9254
zil/avx2/pair2p/radix7_z_t2_avx2.c	derive	gen_radix.exe	-	7 --cil-t2 --isa avx2 --uarch raptor_lake_avx2 --emit-c	-	-	36e548c60162efdfe3b8109152f1b3720483f319cf1bfd704b5820b9ab9da32e	10763
zil/avx2/pair2p/radix7_z_t2_bwd_avx2.c	derive	gen_radix.exe	-	7 --cil-t2 --cil-bwd --isa avx2 --uarch raptor_lake_avx2 --emit-c	-	-	ed263c08bae7ce91add4fca3d2e03934c3b429ed8b896d70d51c48b179742663	10769
zil/avx2/pair2p/radix7_z_t2t_bwd_avx2.c	derive	gen_radix.exe	-	7 --cil-t2 --cil-turnst --cil-bwd --isa avx2 --uarch raptor_lake_avx2 --emit-c	-	-	71c643b74cb105e9dc1cec182f06ed8d96d8c72b6b74ba976d6b593db0e8b156	11121
zil/avx2/chain3/radix7_z_t2tg_bwd_avx2.c	derive	gen_radix.exe	-	7 --cil-t2 --cil-turnst-gs --cil-bwd --isa avx2 --uarch raptor_lake_avx2 --emit-c	-	-	b07a9c817e8974961a7df0510934df98429d60bde6973e7f6ad74eb0561c6180	11804
zil/avx2/shared/radix8_z_n1_bwd_avx2.c	derive	gen_radix.exe	-	8 --cil-n1 --cil-bwd --isa avx2 --uarch raptor_lake_avx2 --emit-c	-	-	632fe40f4b87d07981fd7e75e945d7fb262d6ae51f4d9e2e72a5af33a897c287	7596
zil/avx2/pair2p/radix8_z_n1t_avx2.c	derive	gen_radix.exe	-	8 --cil-n1t --isa avx2 --uarch raptor_lake_avx2 --emit-c	-	-	f9508e78c73aff9569e11f2dffee1980fe46d6536d6702a0dd08b4441a9ae211	8092
zil/avx2/pair2p/radix8_z_n1t_bwd_avx2.c	derive	gen_radix.exe	-	8 --cil-n1t --cil-bwd --isa avx2 --uarch raptor_lake_avx2 --emit-c	-	-	67ef13e95e5366b8b53b0d949b6154c41853b6cc86f7c69e3c4a71e96df6a64a	8102
zil/avx2/pair2p/radix8_z_t2_avx2.c	derive	gen_radix.exe	-	8 --cil-t2 --isa avx2 --uarch raptor_lake_avx2 --emit-c	-	-	1e822122b8ce7cf97045461f08b6d2302f1e1ba081ce03d3d97c6f459f43b9d9	9915
zil/avx2/pair2p/radix8_z_t2_bwd_avx2.c	derive	gen_radix.exe	-	8 --cil-t2 --cil-bwd --isa avx2 --uarch raptor_lake_avx2 --emit-c	-	-	d7b6b90cd9d748f03df507a8cafb24bc1d40649eb2f4337790631155b036e2da	9933
zil/avx2/pair2p/radix8_z_t2t_bwd_avx2.c	derive	gen_radix.exe	-	8 --cil-t2 --cil-turnst --cil-bwd --isa avx2 --uarch raptor_lake_avx2 --emit-c	-	-	1550a390cb518f5d897b917b986bc7f070d34d765c7dad68d46cb3c76b63d931	10250
zil/avx2/chain3/radix8_z_t2tg_bwd_avx2.c	derive	gen_radix.exe	-	8 --cil-t2 --cil-turnst-gs --cil-bwd --isa avx2 --uarch raptor_lake_avx2 --emit-c	-	-	2a049f895b92eac89558b2c49c90fe8a67825101be9730c919718521a6d74ebe	11115
zil/avx2/shared/radix9_z_n1_bwd_avx2.c	derive	gen_radix.exe	-	9 --cil-n1 --cil-bwd --isa avx2 --uarch raptor_lake_avx2 --emit-c	-	-	917e8f0657dfe0d1731d2a9b701c80fd652928cc19b6a51a123da1206a7f5067	11983
zil/avx2/pair2p/radix9_z_n1t_avx2.c	derive	gen_radix.exe	-	9 --cil-n1t --isa avx2 --uarch raptor_lake_avx2 --emit-c	-	-	45bdb2cd937831f7992bf3aa5a16e2b70d7bc8622b4bb2d0d366a4d6fecd66be	12590
zil/avx2/pair2p/radix9_z_n1t_bwd_avx2.c	derive	gen_radix.exe	-	9 --cil-n1t --cil-bwd --isa avx2 --uarch raptor_lake_avx2 --emit-c	-	-	f5c102a3731b31a99af13c7392c5c4771fe483acd73278cf7c1a1cb98483b34c	12600
zil/avx2/pair2p/radix9_z_n1t_ct_bwd_avx2.c	derive	gen_radix.exe	-	9 --cil-n1t --cil-oddct --cil-bwd --isa avx2 --uarch raptor_lake_avx2 --emit-c	-	-	c58729c83f0bc8cba734c9a06686d260407f229fc0bba266adf67ad45db0cb8c	12767
zil/avx2/pair2p/radix9_z_t2_avx2.c	derive	gen_radix.exe	-	9 --cil-t2 --isa avx2 --uarch raptor_lake_avx2 --emit-c	-	-	9338f385aecf34c4a5e9fb71e02fd74799e1a01da4ae7796aa0342e420fc3d03	14589
zil/avx2/pair2p/radix9_z_t2_bwd_avx2.c	derive	gen_radix.exe	-	9 --cil-t2 --cil-bwd --isa avx2 --uarch raptor_lake_avx2 --emit-c	-	-	535cae59a1a0915c495bc27e9bef863b06b0da10cae0d0a48b043dd3f1620ab8	14601
zil/avx2/pair2p/radix9_z_t2_ct_bwd_avx2.c	derive	gen_radix.exe	-	9 --cil-t2 --cil-oddct --cil-bwd --isa avx2 --uarch raptor_lake_avx2 --emit-c	-	-	5f259b0648103ed5d3c5785c75a9bd12ec52ef21ef7d5720a7290ea58a82f2f2	14768
zil/avx2/pair2p/radix9_z_t2t_bwd_avx2.c	derive	gen_radix.exe	-	9 --cil-t2 --cil-turnst --cil-bwd --isa avx2 --uarch raptor_lake_avx2 --emit-c	-	-	a81ca409a5c6432eea0e98a0778c6ef4a6898d27369c42ac54aaf57a2a5a38e1	15029
zil/avx2/chain3/radix9_z_t2tg_bwd_avx2.c	derive	gen_radix.exe	-	9 --cil-t2 --cil-turnst-gs --cil-bwd --isa avx2 --uarch raptor_lake_avx2 --emit-c	-	-	cd279e570b30ebffbc252c0bc044d57f33ea6445e0677555eb82593fcd0846c1	15930
zil/avx2/pair2p/tangent/radix16_z_n1ttan_avx2.c	ship	gen_radix.exe	VFFT_CX_WING=1 VFFT_CX_LAZYLOAD=1 VFFT_CX_SCHED=asis	16 --cil-n1t --cil-tangent --isa avx2 --uarch raptor_lake_avx2 --emit-c --cil-form-tag	-	-	4bdb204311c3ddb944fe6ebf14a7b8790a9182415aed450ff61f740ac927dd04	17862
zil/avx2/pair2p/tangent/radix16_z_t2tan_avx2.c	ship	gen_radix.exe	VFFT_CX_WING=1 VFFT_CX_LAZYLOAD=1 VFFT_CX_SCHED=asis	16 --cil-t2 --cil-tangent --isa avx2 --uarch raptor_lake_avx2 --emit-c --cil-form-tag	-	-	d73182c7dade056320fbbab6d7f6b04c24b59677da4fefdddf9bcfbdb789db68	22648
zil/avx2/pair2p/tangent/radix16_z_t2tanm128_avx2.c	ship	gen_radix.exe	VFFT_CX_WING=1 VFFT_CX_LAZYLOAD=1 VFFT_CX_SCHED=asis VFFT_CX_STORE128=1	16 --cil-t2 --cil-tangent --isa avx2 --uarch raptor_lake_avx2 --emit-c	radix16_z_t2_fwd_avx2	radix16_z_t2tanm128_fwd_avx2	3d07b262424b1752bf3a6e118a9b8caf8a32b83bf09b3dd96e4def6d2f420d2c	23574
zil/avx2/pair2p/tangent/radix32_z_n1tbw32_avx2.c	ship	gen_radix.exe	VFFT_CX_WING=1 VFFT_CX_LAZYLOAD=1 VFFT_CX_LAZYSTORE=1 VFFT_CX_W32TG=1 VFFT_CX_ROTFMA=1 VFFT_CX_TURN128=1	32 --cil-n1t --cil-tangent --cil-blocked --cil-split 2.16 --isa avx2 --uarch raptor_lake_avx2 --emit-c --cil-form-tag	-	-	d885ab85421b1a7df205141f9aca18b725584eb2a8db714c2198bb971ac235c4	53869
zil/avx2/pair2p/tangent/radix32_z_n1tbw32t256_avx2.c	ship	gen_radix.exe	VFFT_CX_WING=1 VFFT_CX_LAZYLOAD=1 VFFT_CX_LAZYSTORE=1 VFFT_CX_W32TG=1 VFFT_CX_ROTFMA=1	32 --cil-n1t --cil-tangent --cil-blocked --cil-split 2.16 --isa avx2 --uarch raptor_lake_avx2 --emit-c	radix32_z_n1tb_fwd_avx2	radix32_z_n1tbw32t256_fwd_avx2	988d64e5a9076ff08a5939b3389e055f42cac91e5f7e9f1e28799e2093cc6cf3	50607
zil/avx2/pair2p/tangent/radix32_z_t2bw32_avx2.c	ship	gen_radix.exe	VFFT_CX_WING=1 VFFT_CX_LAZYLOAD=1 VFFT_CX_LAZYSTORE=1 VFFT_CX_W32TG=1 VFFT_CX_ROTFMA=1	32 --cil-t2 --cil-tangent --cil-blocked --cil-split 2.16 --isa avx2 --uarch raptor_lake_avx2 --emit-c --cil-form-tag	-	-	b578d8a67394018d280f5b3f3cc519705e356b7ae70373cef50ec22742d380c4	58951
zil/avx2/pair2p/tangent/radix32_z_t2bw32m128_avx2.c	ship	gen_radix.exe	VFFT_CX_WING=1 VFFT_CX_LAZYLOAD=1 VFFT_CX_LAZYSTORE=1 VFFT_CX_W32TG=1 VFFT_CX_ROTFMA=1 VFFT_CX_STORE128=1	32 --cil-t2 --cil-tangent --cil-blocked --cil-split 2.16 --isa avx2 --uarch raptor_lake_avx2 --emit-c	radix32_z_t2b_fwd_avx2	radix32_z_t2bw32m128_fwd_avx2	91afd3ad9ba6fada6dd45e259d7272325194e002434a5f4afa9f385eef6b0ec3	62075
zil/avx2/pair2p/tangent/radix8_z_n1ttan_avx2.c	ship	gen_radix.exe	VFFT_CX_LAZYLOAD=1	8 --cil-n1t --cil-tangent --isa avx2 --uarch raptor_lake_avx2 --emit-c --cil-form-tag	-	-	1c60d43832327fab55eae8c3d4b6a6b96772e798f590bc52ce6a61d013459aec	8934
zil/avx2/pair2p/tangent/radix8_z_t2tan_avx2.c	ship	gen_radix.exe	VFFT_CX_LAZYLOAD=1	8 --cil-t2 --cil-tangent --isa avx2 --uarch raptor_lake_avx2 --emit-c --cil-form-tag	-	-	6663b2d4d804606f82574b48c3541d292f60bb7ad6cae315e73b44ee5149e8cd	10740
zil/avx2/pair2p/tangent/radix8_z_n1tan_bwd_avx2.c	ship	gen_radix.exe	VFFT_CX_LAZYLOAD=1	8 --cil-n1 --cil-tangent --cil-bwd --isa avx2 --uarch raptor_lake_avx2 --emit-c --cil-form-tag	-	-	670dbb5210c9b42ca9301f62dd7d3e2855db8af436f2a752af729bf581571bd5	7799
zil/avx2/pair2p/tangent/radix16_z_n1tan_bwd_avx2.c	ship	gen_radix.exe	VFFT_CX_WING=1 VFFT_CX_LAZYLOAD=1 VFFT_CX_SCHED=asis	16 --cil-n1 --cil-tangent --cil-bwd --isa avx2 --uarch raptor_lake_avx2 --emit-c --cil-form-tag	-	-	21349385bf9a3723263d4c9ca78157cda424786d284d753873ba5f5deef1980c	18366
zil/avx2/pair2p/tangent/radix8_z_t2ttan_bwd_avx2.c	ship	gen_radix.exe	VFFT_CX_LAZYLOAD=1	8 --cil-t2 --cil-turnst --cil-tangent --cil-bwd --isa avx2 --uarch raptor_lake_avx2 --emit-c --cil-form-tag	-	-	958f1a773940188d01565f20c4a0b625ad45ee3178f5d02ace65982a0e76e4d5	10453
zil/avx2/pair2p/tangent/radix16_z_t2ttan_bwd_avx2.c	ship	gen_radix.exe	VFFT_CX_WING=1 VFFT_CX_LAZYLOAD=1 VFFT_CX_SCHED=asis	16 --cil-t2 --cil-turnst --cil-tangent --cil-bwd --isa avx2 --uarch raptor_lake_avx2 --emit-c --cil-form-tag	-	-	e20a7bcb6bb775f8d14ed05c94b04df1bffb0eca42c6037a85562d0da3a0e17c	23645
zil/avx2/pair2p/tangent/radix32_z_n1btan216_bwd_avx2.c	ship	gen_radix.exe	VFFT_CX_LAZYLOAD=1 VFFT_CX_ROTFMA=1	32 --cil-n1 --cil-tangent --cil-blocked --cil-split 2.16 --cil-bwd --isa avx2 --uarch raptor_lake_avx2 --emit-c --cil-form-tag	radix32_z_n1bw32_bwd_avx2	radix32_z_n1btan216_bwd_avx2	393ec03d50030a95658637fb6a3c0ef5f7ab7e7f55da4ca1d018714765a008f5	50084
zil/avx2/chain3/radix23_z_t2tg_bwd_avx2.c	genset	-	-	-	-	-	de97aff497818c3d2e7bbc6d4ad7d9902774196622e0fa384eaab5d02405ab29	71938
zil/avx2/chain3/radix29_z_t2tg_bwd_avx2.c	genset	-	-	-	-	-	dbee36d290ccc9cf0bdb85fbaefd475d0c9a6b5f8aa5b39e730810a9c39f6d21	106355
zil/avx2/chain3/radix31_z_t2tg_bwd_avx2.c	genset	-	-	-	-	-	509dd6b64086883bc1399309f057bb0d08295edae98bddc80c29070b02f72ccf	119370
zil/avx2/chain3/radix37_z_t2tg_bwd_avx2.c	genset	-	-	-	-	-	c91c1c183dedf1637b799c2dac162ce2b37f78edff65eec7530d03a1a4461281	162596
zil/avx2/chain3/radix41_z_t2tg_bwd_avx2.c	genset	-	-	-	-	-	ba01cdf9dddf037b1d0ce68f9f9fd2f7ae0f3115e58c3ce17f0e54ba8d5ade36	194811
zil/avx2/chain3/radix43_z_t2tg_bwd_avx2.c	genset	-	-	-	-	-	4f75402a1a08bbaa8c2cab03ae5d47812a59736a14711d78df35236b5396e422	212971
zil/avx2/chain3/radix47_z_t2tg_bwd_avx2.c	genset	-	-	-	-	-	ad965a05574b43b7cc7613bd343b6a8c670731b51f34a5faec6454abffa63929	250833
zil/avx2/flat/odd_mid/radix15_z_msz_avx2.c	genset	-	-	-	-	-	196b2a8040e10fc2bfca2868a0cb41ec339d785c8f84c07c92a0f13295e7f712	71320
zil/avx2/flat/odd_mid/radix15_z_msz_bwd_avx2.c	genset	-	-	-	-	-	73dbac415daca83004a46356e11967d5811f950a95440e77b2c99c19dbe98800	71366
zil/avx2/flat/odd_mid/radix15_z_mszt_bwd_avx2.c	genset	-	-	-	-	-	9220d349e485c49dceec057f37882b5a9488d7f05db5702a2739961364d0ee13	71693
zil/avx2/flat/odd_mid/radix3_z_msz_avx2.c	genset	-	-	-	-	-	6093716eca8dc7ba9cb059e2fbfffcd373a7fe52cb891920d44bd878b3b8c99b	10992
zil/avx2/flat/odd_mid/radix3_z_msz_bwd_avx2.c	genset	-	-	-	-	-	ed02e3e270054a8923cd1ba15e9c9cf26b7ee96fca79a0c278f8ef308f3e4237	11012
zil/avx2/flat/odd_mid/radix3_z_mszt_bwd_avx2.c	genset	-	-	-	-	-	8323936ed83833b297dc251453ccdab41d5aec9145384702204510cdcdfe6946	11027
zil/avx2/flat/odd_mid/radix5_z_msz_avx2.c	genset	-	-	-	-	-	7fd557e760f9be94b6238f0df2deeb65cd2456053b27ee78bad2b9b2862a64e5	19398
zil/avx2/flat/odd_mid/radix5_z_msz_bwd_avx2.c	genset	-	-	-	-	-	36fdd22d949e9a4403e5c2b3056e6124ea3a499b3ea9e1295c8b85a13ec1985d	19448
zil/avx2/flat/odd_mid/radix5_z_mszt_bwd_avx2.c	genset	-	-	-	-	-	7589ed59f871401c0dbd73353c6e9247a9c76d06caf8b66b457cebb9bafcd524	19526
zil/avx2/flat/odd_mid/radix7_z_msz_avx2.c	genset	-	-	-	-	-	17e576449cc5d70859cec546e361948a9c91eda7fb1fee765e1d451ab68ca23d	27408
zil/avx2/flat/odd_mid/radix7_z_msz_bwd_avx2.c	genset	-	-	-	-	-	3543c68b65a8191d5c1f343866a38806dcd6808a195ee1cd4db9bb70518cfd31	27428
zil/avx2/flat/odd_mid/radix7_z_mszt_bwd_avx2.c	genset	-	-	-	-	-	9690bf46f43cba36d087b541cabd607b198e22315f759a0f65c99d461779c351	27575
zil/avx2/flat/odd_mid/radix9_z_msz_avx2.c	genset	-	-	-	-	-	dce9ff63776f984184d06f2935568fce0fcd20df7560cad6f38a0b024265f491	35878
zil/avx2/flat/odd_mid/radix9_z_msz_bwd_avx2.c	genset	-	-	-	-	-	22335f799f58496d0a77a1cde1f88980f1f2766cb40f0fb22ad26b2ef3d6ea5e	35948
zil/avx2/flat/odd_mid/radix9_z_mszt_bwd_avx2.c	genset	-	-	-	-	-	55381957fa4a2c0af06649f13406562ad5c67d5d1cf714d531ffc0aabe6aef29	36158
zil/avx2/flat/radix11_z_t2cp_avx2.c	genset	-	-	-	-	-	34a96a38ad131bbb760543f38ae53cdae28080eefb80c24e390cd9785666a0b7	21158
zil/avx2/flat/radix11_z_t2cp_bwd_avx2.c	genset	-	-	-	-	-	1192e304bdcdcff706ed1d411cc151720fea3fb340371dce26b34dc75bbb10cb	20828
zil/avx2/flat/radix11_z_t2cs_avx2.c	genset	-	-	-	-	-	c815bf17ced67fca21f5e900bf9e427fcbb683c897e6b5c0cfe3d0ab37c985c5	21081
zil/avx2/flat/radix11_z_t2csg_avx2.c	genset	-	-	-	-	-	11afd6f3597ec4504f42765a47db67509257e623821af38ffc4084b7fcc2d751	24395
zil/avx2/flat/radix11_z_t2csg_bwd_avx2.c	genset	-	-	-	-	-	ca70d63285ad20354bb5525061d6f1d4a4a708890db93ba67dbb1c7b41c41fec	24412
zil/avx2/flat/radix11_z_t2csgn_avx2.c	genset	-	-	-	-	-	4aca2a6b32569a5deeba5bbaeb78bf4bf8ea25d543d65f44e0e13b30c3dfcba5	25641
zil/avx2/flat/radix11_z_t2csgn_bwd_avx2.c	genset	-	-	-	-	-	b408e27165c029a43edc10a1ed1ab4a8491d24a3ec11aa27f6e8e2e7de4c51a4	25658
zil/avx2/flat/radix11_z_t2csgnt_bwd_avx2.c	genset	-	-	-	-	-	d837a509d472a61a45312072684d27dd160a8017d256f26e5b1553dd99d0d0c2	25321
zil/avx2/flat/radix11_z_t2csgt_bwd_avx2.c	genset	-	-	-	-	-	ffecf815a0797478c5c0cff25b4616261411b31a3575bad00c2286a49d8fc653	24075
zil/avx2/flat/radix13_z_t2cp_avx2.c	genset	-	-	-	-	-	5d022cc3554ca308d636669f7d600aec1d6f77b73e49d47ef3cb90606c5ad905	26118
zil/avx2/flat/radix13_z_t2cp_bwd_avx2.c	genset	-	-	-	-	-	de1337dc6f5d0a15203c6cd2b2b614d2a4f6d6d7b60c0ceb1be7073f71d35729	25722
zil/avx2/flat/radix13_z_t2cs_avx2.c	genset	-	-	-	-	-	3af98e22809f58a1cec12744de64aa0e976695366c311059cc821ce393b26d7b	26027
zil/avx2/flat/radix13_z_t2csg_avx2.c	genset	-	-	-	-	-	bba71a1fa20522bee256ae5fea9a27fc45db0b2de2a90bae9d44e9a6835651a6	29911
zil/avx2/flat/radix13_z_t2csg_bwd_avx2.c	genset	-	-	-	-	-	1da96322ffdc7002640286559f41216523cb18dbb8333172d7e94d3051d1945c	29928
zil/avx2/flat/radix13_z_t2csgn_avx2.c	genset	-	-	-	-	-	871e4ab05fa868bea5654f3d5eba5fc99b87e9b488378bcbbf2a4c5c7156d2e7	31157
zil/avx2/flat/radix13_z_t2csgn_bwd_avx2.c	genset	-	-	-	-	-	eb23da66b508694d2cff27cc84095347cfdc1e910934685f2c9df09123d1a976	31174
zil/avx2/flat/radix13_z_t2csgnt_bwd_avx2.c	genset	-	-	-	-	-	e4fa50d8c1fcbe334146a9a4236b74dfa9cc5ab82882d324a2d28023967d12ed	30771
zil/avx2/flat/radix13_z_t2csgt_bwd_avx2.c	genset	-	-	-	-	-	a09e4944606e9f7c3b63a5e57d0e02af47b8ca67223e7e77c13bea6ea8483e8b	29525
zil/avx2/flat/radix15_z_t2cp_avx2.c	genset	-	-	-	-	-	bd90720984cdca9544958492c475f01170ec7c96e2ed21bc0a526d4afdfd7444	31210
zil/avx2/flat/radix15_z_t2cp_bwd_avx2.c	genset	-	-	-	-	-	95ffdc978ca98cb4cc8fa36f2f189114aa19914d3576960f74746f00c904f894	30750
zil/avx2/flat/radix15_z_t2cs_avx2.c	genset	-	-	-	-	-	f24c96d363cd7955ba1ac3c5940556ace7315f0cfde11258e3ce2633e5e420e1	31107
zil/avx2/flat/radix15_z_t2csg_avx2.c	genset	-	-	-	-	-	62e991ddaca141ac6c4ff0a54e68b28079876dfab82155aeceb4fc4a696e96d3	35551
zil/avx2/flat/radix15_z_t2csg_bwd_avx2.c	genset	-	-	-	-	-	f0b37f2bcb8934e808ae2a1841720f1c6abf8670669a8c71bdd1b9c2fd01fc7a	35568
zil/avx2/flat/radix15_z_t2csgn_avx2.c	genset	-	-	-	-	-	ec044704e2b2e2c389016103073b73fdb29f33696084cd5dc9d6026c9a9f3860	36797
zil/avx2/flat/radix15_z_t2csgn_bwd_avx2.c	genset	-	-	-	-	-	1b618fe80b7e4b76fe5081a6c771808a8a300cfecd8498efc07e4fe1aa5e74ed	36814
zil/avx2/flat/radix15_z_t2csgnt_bwd_avx2.c	genset	-	-	-	-	-	dca0857d7553c0161f957d21261c20abd6b3b4d5145b14923cd8c799285f05bd	36347
zil/avx2/flat/radix15_z_t2csgt_bwd_avx2.c	genset	-	-	-	-	-	f7bcfb5202f1dd866ef583e90281285c5eff5c7902ab3d1e36af711a127c1dc5	35101
zil/avx2/flat/radix16_z_t2cp_avx2.c	genset	-	-	-	-	-	964bffaa4669a81fd692eb5f16afc7e562162e59730d1690f5f0a3d1971c5c41	25652
zil/avx2/flat/radix16_z_t2cp_bwd_avx2.c	genset	-	-	-	-	-	6d2ae2202ae9d79e411d65ebab30a968a283f223b5b39af87b623ff8e18cc50c	25658
zil/avx2/flat/radix16_z_t2cs_avx2.c	genset	-	-	-	-	-	96f8ed17c0d40fa73421aadadcfc8a588ecd9a55c0c88698d7f8feca4978e496	25542
zil/avx2/flat/radix16_z_t2csg_avx2.c	genset	-	-	-	-	-	784a796170b8a0a2ae602526e817ddba941aad87d6525d925875c0312bb88476	30266
zil/avx2/flat/radix16_z_t2csg_bwd_avx2.c	genset	-	-	-	-	-	e1ded9a3721496330e05e3a83a329c3b23a9be923f480e017ed0cd9591805738	30283
zil/avx2/flat/radix16_z_t2csgn_avx2.c	genset	-	-	-	-	-	34ef73a3cd9aff86bdb522cf35d4f3b040279e0376530ec668b634b5c25f6649	31512
zil/avx2/flat/radix16_z_t2csgn_bwd_avx2.c	genset	-	-	-	-	-	f18094b9888460a4e6c12f7d7284b796c492e5abfc5d05d851571c313433585c	31529
zil/avx2/flat/radix16_z_t2csgnt_bwd_avx2.c	genset	-	-	-	-	-	9b08d13a1b2b042d1cc352b03027566150cc25337ae215151724a57e18dc4985	31528
zil/avx2/flat/radix16_z_t2csgt_bwd_avx2.c	genset	-	-	-	-	-	d9a4dfba8d8cae03f055c966bfd788292462db23ddabb9986b4734cac593bcfa	30282
zil/avx2/flat/radix17_z_t2cp_avx2.c	genset	-	-	-	-	-	fbabf7dcaf880e9d8138d05c9cc062b151e92f99e8197dcfafaecfeb7f859b4c	37693
zil/avx2/flat/radix17_z_t2cp_bwd_avx2.c	genset	-	-	-	-	-	62b8a7c84f0df7890de614f5fb1910ab31606f54799ef76aad179113344ba3f9	37170
zil/avx2/flat/radix17_z_t2cs_avx2.c	genset	-	-	-	-	-	b723002930d8b14d89882fdbd1360e03165c2c691aa51a851776c030c5952dca	37576
zil/avx2/flat/radix17_z_t2csg_avx2.c	genset	-	-	-	-	-	2497d7ee5dbc5194f5aff7f4a0011cea1f5bcac0d6e4080a869c7263f2f67fc2	42580
zil/avx2/flat/radix17_z_t2csg_bwd_avx2.c	genset	-	-	-	-	-	1a065fb77263b938a2bdf499d89450679fedc2b3156a481ef2db2bafc439258b	42597
zil/avx2/flat/radix17_z_t2csgn_avx2.c	genset	-	-	-	-	-	e027f3aa494468ecc6db3e9ec93e7ac403b34901d46bbd5cb86f882c16e41e84	43826
zil/avx2/flat/radix17_z_t2csgn_bwd_avx2.c	genset	-	-	-	-	-	7d6a29c5bb4f7cfa377f27c31ceb9b3bc0347cd15d9ee52418e4094d85d7b6f9	43843
zil/avx2/flat/radix17_z_t2csgnt_bwd_avx2.c	genset	-	-	-	-	-	af2c310efffcdbffadfa06040846a46180843039b8327eab23828530f2f35e85	43313
zil/avx2/flat/radix17_z_t2csgt_bwd_avx2.c	genset	-	-	-	-	-	fbc9d43e395b7cf9febc73f49b35b8f5b0b9a7bc623eafdfd29f08f2767db650	42067
zil/avx2/flat/radix19_z_t2cp_avx2.c	genset	-	-	-	-	-	ee5ecc0c380ca0aa297250eee0e8fe80bcf9bf3d5b235c7b2e9d2d90d284309e	44000
zil/avx2/flat/radix19_z_t2cp_bwd_avx2.c	genset	-	-	-	-	-	9d6f0adb0965d33a048800b0a4a88cda6b43114fd5754f51006e0ca5eb0fc0b6	43410
zil/avx2/flat/radix19_z_t2cs_avx2.c	genset	-	-	-	-	-	808130aaec47a6b9924d4b1810797556f701537984edc647a8ae00a90f243217	43869
zil/avx2/flat/radix19_z_t2csg_avx2.c	genset	-	-	-	-	-	e45333e0e6cd3edd9a5cf7615c8e57967a8e647f18baf04b332630fee511c5bf	49449
zil/avx2/flat/radix19_z_t2csg_bwd_avx2.c	genset	-	-	-	-	-	8833e8f03f720466f792776d84f8319fbd51ec6379ca7a7f2de52fa8f0996962	49466
zil/avx2/flat/radix19_z_t2csgn_avx2.c	genset	-	-	-	-	-	acf184733c661474672db614969970056bb9e0d6f2d8ca93ca15f340f91bc6f2	50695
zil/avx2/flat/radix19_z_t2csgn_bwd_avx2.c	genset	-	-	-	-	-	c7ea06993f889190867fc116d74ff481d7b3af8833c324e87b0d50c84f8ceb74	50712
zil/avx2/flat/radix19_z_t2csgnt_bwd_avx2.c	genset	-	-	-	-	-	3ee8ec6c52c6899c6d8d4bcd636ccb61533a332e5f78d2f8e636f45005032150	50115
zil/avx2/flat/radix19_z_t2csgt_bwd_avx2.c	genset	-	-	-	-	-	a6cd3a3a7120ad3caefbdb63afd5e2eb6529a651fa80b28984c31c1c43e3d44a	48869
zil/avx2/flat/radix21_z_t2cp_avx2.c	genset	-	-	-	-	-	9844a1be75fe85269649caf29b9a803f7b9166936dc88a75b100af77b9b85d75	49777
zil/avx2/flat/radix21_z_t2cp_bwd_avx2.c	genset	-	-	-	-	-	6175dbfbab7fad3de368d8c280a9a270fae052d81f3590d67fc003be1ec54244	49124
zil/avx2/flat/radix21_z_t2cs_avx2.c	genset	-	-	-	-	-	baa0f1183101fe8b9b7cfbbfc13105c29bbd027f064c56226709c2cdfc5cc6b4	49632
zil/avx2/flat/radix21_z_t2csg_avx2.c	genset	-	-	-	-	-	527d8f6193d7c1d656c944afcd729992623d7f4fac178d659453cbcf93dd7490	55788
zil/avx2/flat/radix21_z_t2csg_bwd_avx2.c	genset	-	-	-	-	-	586879f1a3c51c3fc27528c1594c582834da0edbcc241816f005559f49adfad0	55805
zil/avx2/flat/radix21_z_t2csgn_avx2.c	genset	-	-	-	-	-	8aedd62d6c270a8446e4d311ac333aeaa3ae1ccd3ca0fc93863904a0dca56a9f	57034
zil/avx2/flat/radix21_z_t2csgn_bwd_avx2.c	genset	-	-	-	-	-	23f8e3c90d185cd805125be3e91ea52a01fa2bc155b34ef1370570f0930fae84	57051
zil/avx2/flat/radix21_z_t2csgnt_bwd_avx2.c	genset	-	-	-	-	-	8749395d454d32229eaadd3f7c067f9d7750d8a3a9e07d26ea97d8b27e235ce5	56391
zil/avx2/flat/radix21_z_t2csgt_bwd_avx2.c	genset	-	-	-	-	-	bf52f769e3613bbb9ac65173b1d83b6e0e0ce48c93f62c1e1bba00d1feaefe0d	55145
zil/avx2/flat/radix23_z_t2cp_avx2.c	genset	-	-	-	-	-	8c23fd300a8cb8069ffdbb5760a756dc18a6a266b8c85932534677eb966a0407	57886
zil/avx2/flat/radix23_z_t2cp_bwd_avx2.c	genset	-	-	-	-	-	ded6559cbfa14133818ccc530c1d69973d2dccad6e836d89608137298c9b7c76	57166
zil/avx2/flat/radix23_z_t2cs_avx2.c	genset	-	-	-	-	-	af652d98efd94508e44a2af82a928adcb2209db6e989baa269835fce3725f32d	57727
zil/avx2/flat/radix23_z_t2csg_avx2.c	genset	-	-	-	-	-	ce7bf2f0cce61c0d5d6fc3f896962437f897f8c9982d8712b05ab3d29e190e0e	64459
zil/avx2/flat/radix23_z_t2csg_bwd_avx2.c	genset	-	-	-	-	-	00ee06524b679b82b80dfad099c7b9ac545513f194f1d909fb2252fd45f32b55	64476
zil/avx2/flat/radix23_z_t2csgn_avx2.c	genset	-	-	-	-	-	411cac0298352c3031f85c3d28e140f97131cf7a949612df4d4e422807dc2e16	65705
zil/avx2/flat/radix23_z_t2csgn_bwd_avx2.c	genset	-	-	-	-	-	bb5bfc23c77191f89df9bcc2c9e7cecb14ce49b2fbda4c9f9b30fe595f63f1d0	65722
zil/avx2/flat/radix23_z_t2csgnt_bwd_avx2.c	genset	-	-	-	-	-	5830b02ca651ec07decdad3be0dd52b90d4ca6587ac1702216b6dc38060d7953	64995
zil/avx2/flat/radix23_z_t2csgt_bwd_avx2.c	genset	-	-	-	-	-	26406ef9c2663ff0846cdd26930b6afab15a4ca1ab8fd9a30ab83216cd1ebcbe	63749
zil/avx2/flat/radix25_z_t2cp_avx2.c	genset	-	-	-	-	-	29c6dd8601288e0cdc9dcae3dc036d4739f2e00e3a976732730020f40f97b427	64880
zil/avx2/flat/radix25_z_t2cp_bwd_avx2.c	genset	-	-	-	-	-	01c4ac3cdd983010494f0120cc19cf55365e6f80324cce6a2bd91aa9976b81d9	64094
zil/avx2/flat/radix25_z_t2cs_avx2.c	genset	-	-	-	-	-	fa3ab7c0b6e3ca20f7222f2ccf265dd39de989d566e8388ebbd88b20fe849d2b	64707
zil/avx2/flat/radix25_z_t2csg_avx2.c	genset	-	-	-	-	-	83b154aef8df4e42f351d55b807dfad481c54f54b7eeb412caad44c89caf8227	72015
zil/avx2/flat/radix25_z_t2csg_bwd_avx2.c	genset	-	-	-	-	-	daf6a1e61f1f60d2df405ed4eed36a40b8104efa91dbfda2432d507565aa22cf	72032
zil/avx2/flat/radix25_z_t2csgn_avx2.c	genset	-	-	-	-	-	d19d49e90f8db059a5947fbc7108da3420b29d8d72c49965ef6574d76e4ce98c	73261
zil/avx2/flat/radix25_z_t2csgn_bwd_avx2.c	genset	-	-	-	-	-	d706cccee9864e41f95e3e967cd63a0a64875ceb2df9fd8ccb1bce74a6efeb73	73278
zil/avx2/flat/radix25_z_t2csgnt_bwd_avx2.c	genset	-	-	-	-	-	316d38324adcd524378e0900498eb043252f025af037a3a25df567961d4a538c	72485
zil/avx2/flat/radix25_z_t2csgt_bwd_avx2.c	genset	-	-	-	-	-	544cb2d58481d5232da8b4ee348ee2bb27a6e3feffb5ce02f6efbf1598d8060d	71239
zil/avx2/flat/radix27_z_t2cp_avx2.c	genset	-	-	-	-	-	8c953dc29d3e0a8ecc93ce9a1467e412477571a58856310b3fe4145b0817e448	72755
zil/avx2/flat/radix27_z_t2cp_bwd_avx2.c	genset	-	-	-	-	-	a9c838a94d366dc35c0c94166070dcd36ad4ba493006f9832e52c5db2f53ef72	71897
zil/avx2/flat/radix27_z_t2cs_avx2.c	genset	-	-	-	-	-	b255c5edd5c9193fac304416f5e9859cb3744fdff16419390cc7ab03bdc99aa5	72568
zil/avx2/flat/radix27_z_t2csg_avx2.c	genset	-	-	-	-	-	d93a06156bfac5d263eab2d02f15695661cc13a50addb10ad9c069036d520441	80460
zil/avx2/flat/radix27_z_t2csg_bwd_avx2.c	genset	-	-	-	-	-	20b8ec78ca779b414aef22fd1a4459c325a57943dc91163a793b74fdac309cdd	80477
zil/avx2/flat/radix27_z_t2csgn_avx2.c	genset	-	-	-	-	-	5f8023073818e5acce0c9237c466b02bdcb6d3349436c95994bf81d12cefb93e	81706
zil/avx2/flat/radix27_z_t2csgn_bwd_avx2.c	genset	-	-	-	-	-	e70d5981ba8b9f229fda589dfde2d7a9eb8dce258a3e99a17483124c77fc9f41	81723
zil/avx2/flat/radix27_z_t2csgnt_bwd_avx2.c	genset	-	-	-	-	-	bd46a65fa5505ce27f59a1da80ca2c4cbfa8a8f8464c427b1435cdb6586e4055	80858
zil/avx2/flat/radix27_z_t2csgt_bwd_avx2.c	genset	-	-	-	-	-	c40edab902bb469c7bb583f5964106de1587da825acc0196e8612d5cf0eac554	79612
zil/avx2/flat/radix29_z_t2cp_avx2.c	genset	-	-	-	-	-	9c66485eae9a4f423cb65fdcc16e5b29dec247dd791c005cf6c7d56f05217135	82352
zil/avx2/flat/radix29_z_t2cp_bwd_avx2.c	genset	-	-	-	-	-	efacd22567cc6252efa2d796d94a6dce6a132dbf8dc72d0c6224c793267952f1	81412
zil/avx2/flat/radix29_z_t2cs_avx2.c	genset	-	-	-	-	-	f3a69202f78ba12d1e6ea7de33a0da55a8d96476a5c4b49d5ab7ce406b098802	82151
zil/avx2/flat/radix29_z_t2csg_avx2.c	genset	-	-	-	-	-	b0c29e62a42aa7901a2d48efa4ac625d790b53b6fdd98cde87f7e97bff68cef1	90635
zil/avx2/flat/radix29_z_t2csg_bwd_avx2.c	genset	-	-	-	-	-	f80612150d8b0a172b1fa34f8b5a335340f6f8cf52772c8d7e25c6197ddd3478	90652
zil/avx2/flat/radix29_z_t2csgn_avx2.c	genset	-	-	-	-	-	7ca079af55db9b123303aeaf8718f307507a6ef70193cc9900ef235d68cb6b07	91881
zil/avx2/flat/radix29_z_t2csgn_bwd_avx2.c	genset	-	-	-	-	-	fb1c9b8ba6185d5e8d95d4d1745b804f7b4cd60cf5f8324c15e01dabb7f20f64	91898
zil/avx2/flat/radix29_z_t2csgnt_bwd_avx2.c	genset	-	-	-	-	-	fafe48fd94e3fa753b4399fb00001550e38b1da1636e1f244e2af3b294e9242b	90951
zil/avx2/flat/radix29_z_t2csgt_bwd_avx2.c	genset	-	-	-	-	-	6b9c726dea729ab1fb1787140f3990acb1bd5f5a54d30d63c7e9e41553b34a1d	89705
zil/avx2/flat/radix31_z_t2cp_avx2.c	genset	-	-	-	-	-	c90a27c790b1cc6341b3c88908e982ef3e575bc8d1f6aba8460f0781a1fb249b	91411
zil/avx2/flat/radix31_z_t2cp_bwd_avx2.c	genset	-	-	-	-	-	1b89a97f7c547877468fb458b69d10e93868c5edf7f490687249ca77c9b706fe	90347
zil/avx2/flat/radix31_z_t2cs_avx2.c	genset	-	-	-	-	-	a3dabad04707c5dfa130a80c8440947087ceb76aa350b84e5d7826679ca9f7dd	91196
zil/avx2/flat/radix31_z_t2csg_avx2.c	genset	-	-	-	-	-	39da12d00e4ab4092cd122defcd665d55fcb727dc2006690e928171f0541d09e	100272
zil/avx2/flat/radix31_z_t2csg_bwd_avx2.c	genset	-	-	-	-	-	2268b7d5a0781c3a5d356d49ca476350a5dd29305570c40e26eb0f9521743e6d	100289
zil/avx2/flat/radix31_z_t2csgn_avx2.c	genset	-	-	-	-	-	a698416b8084050a27f599e7cdb37c076a7ab9c7881427d55b60bfb34b71d3f6	101518
zil/avx2/flat/radix31_z_t2csgn_bwd_avx2.c	genset	-	-	-	-	-	a95f936e2eded250c34575fa8b4cadb6850042d92119352a3765435bae7d9dd7	101535
zil/avx2/flat/radix31_z_t2csgnt_bwd_avx2.c	genset	-	-	-	-	-	a2329bbd1eefedf4359322541bb167a7f6abcc634c8a4bc342a16d65b5c09371	100464
zil/avx2/flat/radix31_z_t2csgt_bwd_avx2.c	genset	-	-	-	-	-	c37159fdfa77b19fd0fbc39c11db3fd2042be4849bb7db3be4c3495560218ca1	99218
zil/avx2/flat/radix37_z_t2cp_avx2.c	genset	-	-	-	-	-	8301a49a387291a335c21da9de2a63f80127ecef214353d6cd5ccbda71d0553b	121095
zil/avx2/flat/radix37_z_t2cp_bwd_avx2.c	genset	-	-	-	-	-	6de6645e97ece754e8373fc2ee88a4d087625fc2ee143381a8c22d043aafb2c4	119607
zil/avx2/flat/radix37_z_t2cs_avx2.c	genset	-	-	-	-	-	ec8c75b07491f9c5233e73f677e8e10614a1a17baa7872bcc48656888bb17c8e	120838
zil/avx2/flat/radix37_z_t2csg_avx2.c	genset	-	-	-	-	-	34a15cfd3ba316c54662d506737618cf85dcbcb00608a1285b9333439e667f6f	131658
zil/avx2/flat/radix37_z_t2csg_bwd_avx2.c	genset	-	-	-	-	-	8120cea327d08b91049ac935fca1841d0b6289d9d50cf95d10c12b7747d97623	131675
zil/avx2/flat/radix37_z_t2csgn_avx2.c	genset	-	-	-	-	-	069bb0487be0997004dd5e9408949971c18190c8fc405eb1602286cfd91a6086	132904
zil/avx2/flat/radix37_z_t2csgn_bwd_avx2.c	genset	-	-	-	-	-	9b40c74bd36886411447e4bc849585284986f7b0f34c937991a9a5134df1fdc1	132921
zil/avx2/flat/radix37_z_t2csgnt_bwd_avx2.c	genset	-	-	-	-	-	1c04ab31c5c3b20071796c8d1286b0982adc14c3814abc01630d8532bab07a1b	131426
zil/avx2/flat/radix37_z_t2csgt_bwd_avx2.c	genset	-	-	-	-	-	099ebbb7df31c76dbf9e0d3d5b6364e9ba015bef7bc2db98f8fc0dcfe3f8393b	130180
zil/avx2/flat/radix3_z_t2cp_avx2.c	genset	-	-	-	-	-	46afa0a7b572ed5f636b68f9236dc05ef40708a95f70ee4dbf0d2f6620a1955b	4961
zil/avx2/flat/radix3_z_t2cp_bwd_avx2.c	genset	-	-	-	-	-	eabdeefd14f1698e63d5efb187436076cc8e37265363c850c100d0dc094818cc	4971
zil/avx2/flat/radix3_z_t2cs_avx2.c	genset	-	-	-	-	-	893a12811c96778bf2b50c72bb1877f2e72b7e1407b1bcaab4d0edccdd92ae93	4898
zil/avx2/flat/radix3_z_t2csg_avx2.c	genset	-	-	-	-	-	91f6e9af3afbed07f38ff2afab320e2155810764e5d76abd770b20eb0b1b8690	5996
zil/avx2/flat/radix3_z_t2csg_bwd_avx2.c	genset	-	-	-	-	-	e326e70cb2352a11d299c3c8db6696049b0c9f915a2775d63aafd889e793cb76	6013
zil/avx2/flat/radix3_z_t2csgn_avx2.c	genset	-	-	-	-	-	f63de0cf10e4a1a703f778540fd73024ba255f1de10ee0d57b957bafedb8c6ec	7238
zil/avx2/flat/radix3_z_t2csgn_bwd_avx2.c	genset	-	-	-	-	-	26156ae4cb3847b9419c0fe491dfb6477b876f9a5a7840f62196b8eb4d6fa438	7255
zil/avx2/flat/radix3_z_t2csgnt_bwd_avx2.c	genset	-	-	-	-	-	f8da36e8dd51b861355b7a5811b8cfa8f7cdbe9290baf6169bd38891dbb24505	7258
zil/avx2/flat/radix3_z_t2csgt_bwd_avx2.c	genset	-	-	-	-	-	a0dc4b78575a0b52903bc95d2bd723d71e104b0fd5d8c684efcde5a29953cf21	6016
zil/avx2/flat/radix41_z_t2cp_avx2.c	genset	-	-	-	-	-	dcad1a67cd8a7bbcac713f86ed7717889c463503f1f52061f1784ec24428342a	143145
zil/avx2/flat/radix41_z_t2cp_bwd_avx2.c	genset	-	-	-	-	-	c62871d02684ea85779d8bf683a1e87e0c88410ef0fdf29e0c2fb25f236034f8	141373
zil/avx2/flat/radix41_z_t2cs_avx2.c	genset	-	-	-	-	-	7c01f098afbf985a083bbbf7403a135a424ae4127987b95b9507b8bfa5664a24	142860
zil/avx2/flat/radix41_z_t2csg_avx2.c	genset	-	-	-	-	-	29d0fba5e50360dbe9c7af628fa4cdbb924f080082c86a9abecdc211fe67f625	154832
zil/avx2/flat/radix41_z_t2csg_bwd_avx2.c	genset	-	-	-	-	-	fdf39fab1b5b8753a1138bb58eba9e400632682852598903ac9c0f5011df6ee3	154849
zil/avx2/flat/radix41_z_t2csgn_avx2.c	genset	-	-	-	-	-	251d7567e5e82634a9fe101939f78e79cfc8ccc4d0bfab1cd188a17de5f52514	156078
zil/avx2/flat/radix41_z_t2csgn_bwd_avx2.c	genset	-	-	-	-	-	4868210c5d40a06de72cd8b70e1dbad43bfe7e494cd4c30171a2cdee89e743bc	156095
zil/avx2/flat/radix41_z_t2csgnt_bwd_avx2.c	genset	-	-	-	-	-	d2d41ce84901844307b2069f9c42d4f4eef1aef24df2149661c8f0a51ee9b7ed	154316
zil/avx2/flat/radix41_z_t2csgt_bwd_avx2.c	genset	-	-	-	-	-	9094cd1e807d1759be83ed422bd976e6d193ce281048bd84e86653144b589ea6	153070
zil/avx2/flat/radix43_z_t2cp_avx2.c	genset	-	-	-	-	-	11bb9baff114293e33f5eead92d930e15d4be2a28987172a19aca4ead8d89dd4	155374
zil/avx2/flat/radix43_z_t2cp_bwd_avx2.c	genset	-	-	-	-	-	e1f52dc7f701bfdfc504c2295db5344ff8fc5b8bca365b5260ea54370e3c4e48	153424
zil/avx2/flat/radix43_z_t2cs_avx2.c	genset	-	-	-	-	-	7c6b9fdf366b2cec756cd30d98f4ec205c0933eee9d5fe6cdc3eab44ebf6c9bd	155075
zil/avx2/flat/radix43_z_t2csg_avx2.c	genset	-	-	-	-	-	cfda196f452ebf686a20c7823a75d8e58c1f251f2e3df15edd7e26f6834d7726	167631
zil/avx2/flat/radix43_z_t2csg_bwd_avx2.c	genset	-	-	-	-	-	ba7a89f23c9068f8a46105874200e78cdd525070f0976560a91b7dab47ec6c58	167648
zil/avx2/flat/radix43_z_t2csgn_avx2.c	genset	-	-	-	-	-	152e394058a1a078d1a2609533e725d640ad7ebe1c9bb87283ca868c7b838309	168877
zil/avx2/flat/radix43_z_t2csgn_bwd_avx2.c	genset	-	-	-	-	-	daf4bcee6c61666c46cc387ceeb3fbc84291101ecb2216d104450672840b40ba	168894
zil/avx2/flat/radix43_z_t2csgnt_bwd_avx2.c	genset	-	-	-	-	-	4086ca4ababb45d54c49757c94027be1973c42181a23d74824834fcb1cd3d1bc	166937
zil/avx2/flat/radix43_z_t2csgt_bwd_avx2.c	genset	-	-	-	-	-	6178e5349f66b8fc0d4b0b254b2f2b28169710b6889e868e559e0840921ce98a	165691
zil/avx2/flat/radix47_z_t2cp_avx2.c	genset	-	-	-	-	-	0c4b3b83760224eff10ee174eb422f98c796f40a1422089a6f9fdd4e087f4436	180552
zil/avx2/flat/radix47_z_t2cp_bwd_avx2.c	genset	-	-	-	-	-	5e05569f0009d78dfc5ad09f5c7f321b4d6940946ed77a01e47eee616f59598c	178249
zil/avx2/flat/radix47_z_t2cs_avx2.c	genset	-	-	-	-	-	9d17b09effef7af863767b64d160ed921f41bd194c55ee3a76822154fc6fd2cd	180225
zil/avx2/flat/radix47_z_t2csg_avx2.c	genset	-	-	-	-	-	933cec054f72e3ea7fa83da827a20b4fbc6fb866969f25612f17095dbea915fd	193965
zil/avx2/flat/radix47_z_t2csg_bwd_avx2.c	genset	-	-	-	-	-	c8986b42cc720152c0ea8080a3b12024be1cf4965d793ce548b1ede41bfa326d	193982
zil/avx2/flat/radix47_z_t2csgn_avx2.c	genset	-	-	-	-	-	213ddd4d09191c73849f4c413444cf3a4526b263da51b5c6fbe6bb47afb709b4	195211
zil/avx2/flat/radix47_z_t2csgn_bwd_avx2.c	genset	-	-	-	-	-	e9e1f662861a2d08b74a063d749dc45b7fa0479c48cbe1f52643cc48ce5f25df	195228
zil/avx2/flat/radix47_z_t2csgnt_bwd_avx2.c	genset	-	-	-	-	-	4e7c7e0de8922932d469ecf8bab12a9ad09b9d35797d67ae0c672fe7d74aaedf	192918
zil/avx2/flat/radix47_z_t2csgt_bwd_avx2.c	genset	-	-	-	-	-	8036d27d9b6e67bffd74749e747299146bd7e25b2ea595dc90c66f2c40824f9a	191672
zil/avx2/flat/radix4_z_t2cp_avx2.c	genset	-	-	-	-	-	297e0f8b185d6b49fc82dc1cf600186087ebec97662b18374a4e5d6a271b07fd	5627
zil/avx2/flat/radix4_z_t2cp_bwd_avx2.c	genset	-	-	-	-	-	54a632d67f2c22b983815155da7419ff85e8687a09d16b9999c86683b4e7399e	5639
zil/avx2/flat/radix4_z_t2cs_avx2.c	genset	-	-	-	-	-	e57c66159c5e379616227c4f2b2a1004e45611ed4716384c97100f47c5fef8e7	5563
zil/avx2/flat/radix4_z_t2csg_avx2.c	genset	-	-	-	-	-	222997ed7cd93fef9a4bdac3c9498ea7d654669984df9a1377f0ba6a45f2b7fe	6937
zil/avx2/flat/radix4_z_t2csg_bwd_avx2.c	genset	-	-	-	-	-	844d6e3371d5f83c7561ddffcc0aaddf80476d1bf036bc20802067922e18fbc5	6954
zil/avx2/flat/radix4_z_t2csgn_avx2.c	genset	-	-	-	-	-	13a263ce58cf74e9a599813eb0f1eca237017afcd56c0b5f21e650058354add4	8179
zil/avx2/flat/radix4_z_t2csgn_bwd_avx2.c	genset	-	-	-	-	-	308f270b0c553fbbf27d8aa5a8ad3c76a09e3d645f08d3eaaf11ac6909c3783f	8196
zil/avx2/flat/radix4_z_t2csgnt_bwd_avx2.c	genset	-	-	-	-	-	82dabc17344dac685f3b6250a2561ce330aa0f0f47f01f3eb10d74bf3dfa1593	8201
zil/avx2/flat/radix4_z_t2csgt_bwd_avx2.c	genset	-	-	-	-	-	47c05bce911b08c3ee715ce4d1ef98be2c03749767a46af1daa87b7eb2a5b247	6959
zil/avx2/flat/radix5_z_t2cp_avx2.c	genset	-	-	-	-	-	695053895a8a434e9067a4990c8b4fe225ca1954eb1acaa2d9972d0393924fdb	8048
zil/avx2/flat/radix5_z_t2cp_bwd_avx2.c	genset	-	-	-	-	-	1bb73612e4e46fd743638f84dd3f8625a3d0eb863a68cb36442c31a7d8f3b436	8060
zil/avx2/flat/radix5_z_t2cs_avx2.c	genset	-	-	-	-	-	beaa8d83dfcb766e31eb7a36e014afc40305916c7b2a0227951afee02f9a0d4a	7983
zil/avx2/flat/radix5_z_t2csg_avx2.c	genset	-	-	-	-	-	d25b18fddf8346224a227c392e1d16fc903b0e75a119e5d5ef94549784e06971	9633
zil/avx2/flat/radix5_z_t2csg_bwd_avx2.c	genset	-	-	-	-	-	08233a936e0060aa920f18b1e2c025e3791bdc91c5c07249dcf67fa361bef112	9650
zil/avx2/flat/radix5_z_t2csgn_avx2.c	genset	-	-	-	-	-	8470fe580afb7216a5d7328a28b2b0ea8cd0fe483143a71c4b23bc8c38971ef3	10875
zil/avx2/flat/radix5_z_t2csgn_bwd_avx2.c	genset	-	-	-	-	-	1728cf80e0333ec7bcd909b9f2bc6b86832814881a55eb7aa57c92b9c3adecc7	10892
zil/avx2/flat/radix5_z_t2csgnt_bwd_avx2.c	genset	-	-	-	-	-	7c5997058eca86a1549b30735f4dceca3568115d05df2c8cca1d8aa44a61aa5a	10897
zil/avx2/flat/radix5_z_t2csgt_bwd_avx2.c	genset	-	-	-	-	-	420f64282f1293005d3dc8f0c226b1ab4bb2cfb3f5bb88f7af1881ce24c7fe0b	9655
zil/avx2/flat/radix7_z_t2cp_avx2.c	genset	-	-	-	-	-	824dc9e4fcdf6b972af8a44002332da941bc2c2c966c0ab357927cbdb2de3e7f	12581
zil/avx2/flat/radix7_z_t2cp_bwd_avx2.c	genset	-	-	-	-	-	8534ed153ac9474956559c8fac19912439b7a8da8162669705f28e16a6f44b5e	12579
zil/avx2/flat/radix7_z_t2cs_avx2.c	genset	-	-	-	-	-	9fad523c6a64b3adffb5c41ae5a78dcc4de19e3162dfcaf80c6bec0672e5b3ce	12514
zil/avx2/flat/radix7_z_t2csg_avx2.c	genset	-	-	-	-	-	cb47cee569b79d981c332c23da6d592c03f387a978a8db0b1a666b071f060445	14716
zil/avx2/flat/radix7_z_t2csg_bwd_avx2.c	genset	-	-	-	-	-	c9f83553a54185f616e89b88b012b49d81714f6b1ce4764a9476cea7c97dcd00	14733
zil/avx2/flat/radix7_z_t2csgn_avx2.c	genset	-	-	-	-	-	585f9b8749363662b0d891b8c43c8c0266ba2c74d0c4d65553dff8b0a9682fcf	15958
zil/avx2/flat/radix7_z_t2csgn_bwd_avx2.c	genset	-	-	-	-	-	16d54561b5691da1984c821abd6f1a4c818a6c496f0e4e7a0e11653508e3757b	15975
zil/avx2/flat/radix7_z_t2csgnt_bwd_avx2.c	genset	-	-	-	-	-	0b959dc85192f79a0ba8914eefae17c855a5a5cf930f8713381217dbc2177175	15966
zil/avx2/flat/radix7_z_t2csgt_bwd_avx2.c	genset	-	-	-	-	-	281d36b308a04d3f64faad55689e1820838ff5ccd8f7126773682c9acf0e8600	14724
zil/avx2/flat/radix8_z_t2cp_avx2.c	genset	-	-	-	-	-	344b3708c96f28b0b8ce88ffed76fc1d4fa3829bec07e41cafce802c4b13f1e7	11163
zil/avx2/flat/radix8_z_t2cp_bwd_avx2.c	genset	-	-	-	-	-	1d317b0bd1a7e8aeae70f5c7bbb934e1469fb03a0bfa93a29c9161d41fba903c	11173
zil/avx2/flat/radix8_z_t2cs_avx2.c	genset	-	-	-	-	-	2f510a250dba424314ff2c997eec26c015a941afaa863c3bcf38d83cd1858618	11095
zil/avx2/flat/radix8_z_t2csg_avx2.c	genset	-	-	-	-	-	d520d041bf00eff4e7a84a73bcecff863ba36886e57dc24a50170b7495c66ef7	13573
zil/avx2/flat/radix8_z_t2csg_bwd_avx2.c	genset	-	-	-	-	-	0a42f5e6b50cfb7c3bb34a85ac7894682d9c1cc4357e170da9719356ca68e855	13590
zil/avx2/flat/radix8_z_t2csgn_avx2.c	genset	-	-	-	-	-	b9d9df650f9715ff874aa5565be0020d2de3c68706341ece9e54f765a836f897	14815
zil/avx2/flat/radix8_z_t2csgn_bwd_avx2.c	genset	-	-	-	-	-	48f2e26c7087cff4f39f36f4ff53f7fc22a17b667f4c7ccc67a14192ffd2b6d0	14832
zil/avx2/flat/radix8_z_t2csgnt_bwd_avx2.c	genset	-	-	-	-	-	caaba3fd982052d6d4338444f6c972fbb0eebf0709a1e5515aab8f7ac22e72e7	14835
zil/avx2/flat/radix8_z_t2csgt_bwd_avx2.c	genset	-	-	-	-	-	82c898453d126bbe0012028c87b97b8172cda173a258274f7fbd48fdf4da70f0	13593
zil/avx2/flat/radix9_z_t2cp_avx2.c	genset	-	-	-	-	-	a3e3666e1ab3950ee3eacc42b9acb6f62fae1b3426b01f4039e6b393614615a8	16545
zil/avx2/flat/radix9_z_t2cp_bwd_avx2.c	genset	-	-	-	-	-	493a28f4ca89cd97ca790ce87c3ef5ffdb4062243316e7f01297c34a39bdff16	16280
zil/avx2/flat/radix9_z_t2cs_avx2.c	genset	-	-	-	-	-	e7f2cd9761df4538384b2e31f89a9bd5aeb2f985ffce4821658bd0269788ff3e	16476
zil/avx2/flat/radix9_z_t2csg_avx2.c	genset	-	-	-	-	-	8dd85a896c18d89bf6c7dae52252bd65842b72e009e776a6931694445b6caf6a	19230
zil/avx2/flat/radix9_z_t2csg_bwd_avx2.c	genset	-	-	-	-	-	c4eba8b7fb9e1bdad7a032e012e37292288b244a7e791597c368197f8199331c	19247
zil/avx2/flat/radix9_z_t2csgn_avx2.c	genset	-	-	-	-	-	48f181cecaff9400cd44ac13c603779d3e0f45b06d02b55b91ce4e06d603d095	20472
zil/avx2/flat/radix9_z_t2csgn_bwd_avx2.c	genset	-	-	-	-	-	c57b0f1bd81db0766f661ea74253e6571e49fd74a138dcec123bb336c1b81f26	20489
zil/avx2/flat/radix9_z_t2csgnt_bwd_avx2.c	genset	-	-	-	-	-	1d6eeed6278e0b1cb645058134ed5ce109451ab939e5db4daf31a4a1642e2417	20217
zil/avx2/flat/radix9_z_t2csgt_bwd_avx2.c	genset	-	-	-	-	-	852c19e3bcf9fb09b076257b63d273922f91531007f669c3c8a02323c0291986	18975
zil/avx2/mono/vfft_k1_mono64_il_bwd_avx2.c	genset	-	-	-	-	-	d2a2b63e48351016ddd6fdc5fa33dafcf4ad6bad68da9f30757273c5ac3d165d	48345
zil/avx2/mono/vfft_k1_mono64_il_fwd_avx2.c	genset	-	-	-	-	-	b0e39844ed343ee3cb81deecf1ba3c24d170a9588ab87ee73d08e64a742451c8	48540
zil/avx2/pair2p/radix23_z_n1t_avx2.c	genset	-	-	-	-	-	a7f69148301d1791a65a323613c576ded1a8e506edeb1942e0366350a6a61e1b	62955
zil/avx2/pair2p/radix23_z_n1t_bwd_avx2.c	genset	-	-	-	-	-	428f65950aee7cf6644a701dfec8e1a4030544c1bc976784b1f3570fb332b676	62965
zil/avx2/pair2p/radix23_z_t2_avx2.c	genset	-	-	-	-	-	c9b7cdcc5de56018dec97b482ecface5ac9fd2211996d7c4f1f05dba6caed1a9	54316
zil/avx2/pair2p/radix23_z_t2_bwd_avx2.c	genset	-	-	-	-	-	f04097d43e7bf7cc661db5a22d9f92bda43b2371b653c155677a1b1c47e618b5	53604
zil/avx2/pair2p/radix23_z_t2t_bwd_avx2.c	genset	-	-	-	-	-	5051339a1d8cd5727ef90b1df6d2ba66954b3f2e0d9a6b9951d226a896639688	69499
zil/avx2/pair2p/radix29_z_n1t_avx2.c	genset	-	-	-	-	-	f391aca799e456570d2b7b5c4cde221b06baf4fb010daec9e6377723a593a60e	94964
zil/avx2/pair2p/radix29_z_n1t_bwd_avx2.c	genset	-	-	-	-	-	1f13b0fea63026f0ef0febf273d605d5885e374e5aca9f13f1bde14d97bc01b3	94974
zil/avx2/pair2p/radix29_z_t2_avx2.c	genset	-	-	-	-	-	c3337772b4b166c33e4aefbb7c910f273cd356651e0d343ad0f1e7a16486fe34	77846
zil/avx2/pair2p/radix29_z_t2_bwd_avx2.c	genset	-	-	-	-	-	607f173abf77d6814607b333c883ac3b5e22a1493ecd499db743d1c3414ea857	76914
zil/avx2/pair2p/radix29_z_t2t_bwd_avx2.c	genset	-	-	-	-	-	c5e19a1b80f142de15dc7fedef2510b9b6d94a1c2d05bdaabfecc1af4637bb54	103256
zil/avx2/pair2p/radix31_z_n1t_avx2.c	genset	-	-	-	-	-	993c24f7f6e0c195589acb8e940771fa638fee9ae2e2b2a538d4e95fa9ab4918	107177
zil/avx2/pair2p/radix31_z_n1t_bwd_avx2.c	genset	-	-	-	-	-	a7ab04ffd71943d0a277c344a1cc42c0d47ae3cdd49a61b6b645c579308bd66b	107187
zil/avx2/pair2p/radix31_z_t2_avx2.c	genset	-	-	-	-	-	f024695c9ef07eff4a1f51b8701b1b8b813bbe759b8247f1d6f3c6b17e1d5c83	86593
zil/avx2/pair2p/radix31_z_t2_bwd_avx2.c	genset	-	-	-	-	-	3cdb9aa458bde19b9a97fc4b0c112a310d228fd63337596def7292acf7d5c148	85537
zil/avx2/pair2p/radix31_z_t2t_bwd_avx2.c	genset	-	-	-	-	-	b347e67e5d29cdee09843a1bd389c80c65551102a72ef2ddfc2a6645292d3b92	116051
zil/avx2/pair2p/radix37_z_n1t_avx2.c	genset	-	-	-	-	-	84b197905af485896be9b2029f55b31fad9e34a750611ebcf5c9ad9bab984983	147997
zil/avx2/pair2p/radix37_z_n1t_bwd_avx2.c	genset	-	-	-	-	-	ad5ed7abde29585fb7df143a87ccfe3266502e6225c280fd189778a91dc4ada0	148007
zil/avx2/pair2p/radix37_z_t2_avx2.c	genset	-	-	-	-	-	285aad7a28ebf2d5075b260b16c8b3ff00b5e6cbf0156755a8637c89c5056332	115341
zil/avx2/pair2p/radix37_z_t2_bwd_avx2.c	genset	-	-	-	-	-	c7b62b8fe2447a330ee214fde8a6499dd6bdeb9a710ccadc03bb50747475f680	113861
zil/avx2/pair2p/radix37_z_t2t_bwd_avx2.c	genset	-	-	-	-	-	c58f569a8d7633b8e3108e257b26570db287e8c9a815bbf7297c41651dd8f48b	158617
zil/avx2/pair2p/radix41_z_n1t_avx2.c	genset	-	-	-	-	-	e48ecf34ca89c814de9aee36e58af7018e3a1d82ea56720fac63891e7283861f	178603
zil/avx2/pair2p/radix41_z_n1t_bwd_avx2.c	genset	-	-	-	-	-	df05a0d36158c56028bde93240612de95c8f34287a319694658c173423ef8ea9	178613
zil/avx2/pair2p/radix41_z_t2_avx2.c	genset	-	-	-	-	-	3bb66cffbe2fbd58c0caa028df70d6df078cf104884c82fb9a0198d13124a808	136767
zil/avx2/pair2p/radix41_z_t2_bwd_avx2.c	genset	-	-	-	-	-	0886c94c3012f6a4048fb506244d8fbb49719299d81116711415d2bde096a11a	135003
zil/avx2/pair2p/radix41_z_t2t_bwd_avx2.c	genset	-	-	-	-	-	55955a9abc93370e914a5a28de854cdc91910ef8ee1f5aa90f7138f0c68d878a	190392
zil/avx2/pair2p/radix43_z_n1t_avx2.c	genset	-	-	-	-	-	90bb258bdd9a22d891d6d4b16d018ef7a56ee19c99fefec5a245eb9cf02d7a4a	195752
zil/avx2/pair2p/radix43_z_n1t_bwd_avx2.c	genset	-	-	-	-	-	892b1ce814dd9dd08b3835b973400ff849751176df2daa8cebfc7b3192637e3b	195762
zil/avx2/pair2p/radix43_z_t2_avx2.c	genset	-	-	-	-	-	3076f501a81045159fa5e16b7ab12a3d12531a51b3ac64120d0bf02110fdeabf	148684
zil/avx2/pair2p/radix43_z_t2_bwd_avx2.c	genset	-	-	-	-	-	368147665f4dcead3e9b143823e521c37757cdcc9e21be8a0dffb835b825a4bc	146742
zil/avx2/pair2p/radix43_z_t2t_bwd_avx2.c	genset	-	-	-	-	-	7beaa31226d5fbfce36fd93868c0fe97dd7520b26f22195897a705e597b1f36d	208332
zil/avx2/pair2p/radix47_z_n1t_avx2.c	genset	-	-	-	-	-	851c2571d399802b12085440d210e72fc5ead4ec27887d7f38983eb5971e4bcf	231982
zil/avx2/pair2p/radix47_z_n1t_bwd_avx2.c	genset	-	-	-	-	-	750c07844e44da9f7061dd3c552b8bdb97c7c06fea788ab0dcf0f94857510702	231992
zil/avx2/pair2p/radix47_z_t2_avx2.c	genset	-	-	-	-	-	d408776c1b6c6659dd2682d902666d3c40521cdcbcb540baccfcedc42567df62	173238
zil/avx2/pair2p/radix47_z_t2_bwd_avx2.c	genset	-	-	-	-	-	3482b193717c63961f4187640ce2d66a1c476bca962c5173b9d23a8f21c11fc1	170943
zil/avx2/pair2p/radix47_z_t2t_bwd_avx2.c	genset	-	-	-	-	-	8dde61013712fcd6f1f50571a995574a6b81dfec9489fef854579dceb6277fb4	245754
zil/avx2/rows/radix10_z_n1ccs_avx2.c	genset	-	-	-	-	-	49e55f567b11590cbb4ad5c47ae663c840612bfc063375ed42d31a5af2ca966c	15267
zil/avx2/rows/radix10_z_n1ccs_bwd_avx2.c	genset	-	-	-	-	-	8773b981ca33436b48c30760b6f85373bbf78014d23788e9d401722af7a51474	15277
zil/avx2/rows/radix11_z_n1ccs_avx2.c	genset	-	-	-	-	-	3c3b84f74bad062e554739fa688896d69a45324d69804ccac1ee2adf71edd709	18058
zil/avx2/rows/radix11_z_n1ccs_bwd_avx2.c	genset	-	-	-	-	-	512a3bee18a14b673b3d230805cd5c79fe68df6fc5fda1961d650654d105dcd7	18068
zil/avx2/rows/radix12_z_n1ccs_avx2.c	genset	-	-	-	-	-	3ab0100d9a1043631b1c23be00ff0014659e2a883773b93a357c8726711d6475	16816
zil/avx2/rows/radix12_z_n1ccs_bwd_avx2.c	genset	-	-	-	-	-	53e7d0bf45a1d1054e0c0167a5fca04da2b298318b2954dd67de9b66206de17a	16826
zil/avx2/rows/radix13_z_n1ccs_avx2.c	genset	-	-	-	-	-	977e08ba48be35889ba77ae0bf1b2a98a42cea3e06a642661e83d1259a09ff78	22418
zil/avx2/rows/radix13_z_n1ccs_bwd_avx2.c	genset	-	-	-	-	-	895d777369037e873d9b4187a801ad56faa70b815f93ab9d0d6b60a476a97756	22428
zil/avx2/rows/radix14_z_n1ccs_avx2.c	genset	-	-	-	-	-	43f18ca09078b2094c3f2244505cad5a53264a5c642e5dc14c1305e47d1fd91a	23652
zil/avx2/rows/radix14_z_n1ccs_bwd_avx2.c	genset	-	-	-	-	-	a5faf336096dc451d16bd08d2df9739cfe92c739b2365a220113b75e94692759	23662
zil/avx2/rows/radix15_z_n1ccs_avx2.c	genset	-	-	-	-	-	c9e27925572c0b6e11ab64cacaf9b1317067cedc80048f67dc7f0417f90207da	26923
zil/avx2/rows/radix15_z_n1ccs_bwd_avx2.c	genset	-	-	-	-	-	a67d1916b2fdab8d13c1a6c1a11ebac4866fb3ab0c5eba76db49ee359c7f98b3	26933
zil/avx2/rows/radix16_z_n1ccs_avx2.c	genset	-	-	-	-	-	1cb1001a94efc3bd698193b52b8c0b755a6a6ad67d401a2027d402dedd7786b0	21035
zil/avx2/rows/radix16_z_n1ccs_bwd_avx2.c	genset	-	-	-	-	-	447e7b146735e76f6e5d279181cb38cd913c768daa2f4e4d93d15f264e9aa2cb	21045
zil/avx2/rows/radix16_z_n1r_bwd_avx2.c	genset	-	-	-	-	-	e77dca00c83fa2403c0abca74ef5c5e8d93b8dda8cb4b48747106a77d4ca32aa	18743
zil/avx2/rows/radix16_z_n1rtan_bwd_avx2.c	genset	-	-	-	-	-	a57d48493affa1c1eb4fb6e5dbe4c541ca3380e640f38121e772fbf7a1901d6d	18556
zil/avx2/rows/radix16_z_n1tr_avx2.c	genset	-	-	-	-	-	d5c500d175f3fb0dd2135cd2a16fa3d23693b10a10220cb274cc05acbf8e68ca	19545
zil/avx2/rows/radix16_z_n1trtan_avx2.c	genset	-	-	-	-	-	ec1720a2e73e70b13f82bfbed03f1834185a4cec2745b2408f36769b7c8591e2	19356
zil/avx2/rows/radix16_z_t2r_avx2.c	genset	-	-	-	-	-	01c3eda01bb5adcc7071c85c00f5ff2842d00e755e8d1cc9386f9d7bb313b93b	23391
zil/avx2/rows/radix16_z_t2rtan_avx2.c	genset	-	-	-	-	-	beda828081550edee812f9893a0029a68b787292fd0c711acda2d1260b379300	23192
zil/avx2/rows/radix16_z_t2tr_bwd_avx2.c	genset	-	-	-	-	-	0aa467f8388041069f690dafba3b6bd8496029d65b3c513e91f285216862eade	24041
zil/avx2/rows/radix16_z_t2trtan_bwd_avx2.c	genset	-	-	-	-	-	0eb8657e204772984e5ea00f2ade68435b6c234f190e0def312bdd03a41e1f57	23835
zil/avx2/rows/radix17_z_n1ccs_avx2.c	genset	-	-	-	-	-	b4abcde5625127b33488c099ef8a54fba5e34bf6523133ddbee2b25541e9ad9b	32819
zil/avx2/rows/radix17_z_n1ccs_bwd_avx2.c	genset	-	-	-	-	-	a8f0d1426e725493f0c1b1326368522cc4ffd670e4b27b55ea58d90c08119ee3	32829
zil/avx2/rows/radix19_z_n1ccs_avx2.c	genset	-	-	-	-	-	3e3df16ae5567d19284a03d82763fc35134bd660d187112b0454249fb60c4873	38537
zil/avx2/rows/radix19_z_n1ccs_bwd_avx2.c	genset	-	-	-	-	-	d8e66cac9a28eb1428dad78d53eab18fb817eee25280322383f9961b33fe659b	38547
zil/avx2/rows/radix21_z_n1ccs_avx2.c	genset	-	-	-	-	-	39588572c7bdd6f7548296a9379a4727ee909626eb61765202e178e815495c9a	43727
zil/avx2/rows/radix21_z_n1ccs_bwd_avx2.c	genset	-	-	-	-	-	0adebdb37d6a5f5a99d6231db20f45fae047e9830fc53a18aa95d215bc1394ed	43737
zil/avx2/rows/radix22_z_n1ccs_avx2.c	genset	-	-	-	-	-	2f0369022c50b49376a5956b1bf3c8631e3840177b1fac57bca8dfb614fa03a5	45208
zil/avx2/rows/radix22_z_n1ccs_bwd_avx2.c	genset	-	-	-	-	-	b285ae656f32d99fb788dd277a59d541aaa705ebe2ade8ce09053faab7e40a0f	45218
zil/avx2/rows/radix23_z_n1ccs_avx2.c	genset	-	-	-	-	-	737a54ea8e486bf03337d4813bf452366b52702e7c0fe1fcc6f3915f8bb2db3e	51247
zil/avx2/rows/radix23_z_n1ccs_bwd_avx2.c	genset	-	-	-	-	-	bbb0b6a855b5148e5e8d6a8f02b95a7b75d62ac9e8cf8880c8d2dbe653e6e15b	51257
zil/avx2/rows/radix25_z_n1ccs_avx2.c	genset	-	-	-	-	-	d634d2b41ef44c4a7f103a43c76936eaa236992a1c9c558044b870ce1aff114f	57653
zil/avx2/rows/radix25_z_n1ccs_bwd_avx2.c	genset	-	-	-	-	-	b8e3e04b1ab1391cb830df352be3d83be2013729f81c6437937e6f78a76740ee	57663
zil/avx2/rows/radix26_z_n1ccs_avx2.c	genset	-	-	-	-	-	49122eb12922182f296c93a876537e840892cf699bf68c5d77251d615adcc10c	58211
zil/avx2/rows/radix26_z_n1ccs_bwd_avx2.c	genset	-	-	-	-	-	b57e553787ae0da1641c8ec1cca55ab5a8516aebc3c21a229b9e50e5d4d02eae	58221
zil/avx2/rows/radix27_z_n1ccs_avx2.c	genset	-	-	-	-	-	876fe240c9929988c7104df6aa790d3762ba362f4fafee208ae765654273b428	64932
zil/avx2/rows/radix27_z_n1ccs_bwd_avx2.c	genset	-	-	-	-	-	a881cebd54aaad4932474cd593d1355229fc3a0bc458b185fb916a14cbf18435	64942
zil/avx2/rows/radix29_z_n1ccs_avx2.c	genset	-	-	-	-	-	3966d0a22bf837bca64effd27946131f1eb6fbdfa12cf543e633d0f42925ea8e	73925
zil/avx2/rows/radix29_z_n1ccs_bwd_avx2.c	genset	-	-	-	-	-	24d1a35fce88f1e13b8b13499519be63d2e8265aa01f1d6718a9616dab7605af	73935
zil/avx2/rows/radix2_z_n1ccs_avx2.c	genset	-	-	-	-	-	71cf4f5a8fae3b19b1b77140e92367427e3d7dcc5eb0668a40215bf6475ec999	2957
zil/avx2/rows/radix2_z_n1ccs_bwd_avx2.c	genset	-	-	-	-	-	3205141440f210a9e664e8abda59cbced1249c35117434aebab3bd385390f567	2967
zil/avx2/rows/radix31_z_n1ccs_avx2.c	genset	-	-	-	-	-	fc4c4964bc5850fc820c595a58584a0cab3d9e3742e829f910924e93062d4dce	82338
zil/avx2/rows/radix31_z_n1ccs_bwd_avx2.c	genset	-	-	-	-	-	934dc057ce6509f24e23ebb67f6085d596ec271598d91b72b71a63f75e0b8cb7	82348
zil/avx2/rows/radix32_z_n1ccs_avx2.c	genset	-	-	-	-	-	6f2634d05639479af5ad71a02bbc62cff716bcd3ba89ef7557f7a80f65ce4942	49485
zil/avx2/rows/radix32_z_n1ccs_bwd_avx2.c	genset	-	-	-	-	-	66adf7d44c2853fe54b6a76eb6124050049728cc2a1d85e498bb2564b6e71330	49495
zil/avx2/rows/radix37_z_n1ccs_avx2.c	genset	-	-	-	-	-	ba2d81feff6f34d7d34d4a8feaa03c622800baff9d4d20520c5bf4821c026c08	110032
zil/avx2/rows/radix37_z_n1ccs_bwd_avx2.c	genset	-	-	-	-	-	6a3c54ef9513ce84dc949fcb200c6e983321b907a3f713e4b55d14c2c96beb4f	110042
zil/avx2/rows/radix3_z_n1ccs_avx2.c	genset	-	-	-	-	-	d5c527a6c2d32e4c531af4c2e6f180f49a2770abcbda4670446dc6682e20539e	4369
zil/avx2/rows/radix3_z_n1ccs_bwd_avx2.c	genset	-	-	-	-	-	8b5b4d09fb97f2094f3e0280c6ddafd2a47f990fa11c03928f1232a6498d9e08	4379
zil/avx2/rows/radix41_z_n1ccs_avx2.c	genset	-	-	-	-	-	457e3281c18ba3d84eac267a33588390ca1c6b394edee4c6b26071e76050ef14	130752
zil/avx2/rows/radix41_z_n1ccs_bwd_avx2.c	genset	-	-	-	-	-	18f25726de448b64755f1e880ad4af0cc496b79e692731796524cc59f1cafacc	130762
zil/avx2/rows/radix43_z_n1ccs_avx2.c	genset	-	-	-	-	-	0e26ee0d0313d50b2cae16474f81765fbf436fa56298dff36b06b6cba2ad6a1c	142195
zil/avx2/rows/radix43_z_n1ccs_bwd_avx2.c	genset	-	-	-	-	-	03b6376b7789a7586aac70e670e04b0127e8c312f8c2e75eb76187448520a641	142205
zil/avx2/rows/radix47_z_n1ccs_avx2.c	genset	-	-	-	-	-	a6070cfede97c7eeaf420a75a6b0eb254d331379c1e01017384078a0b8006a9c	165960
zil/avx2/rows/radix47_z_n1ccs_bwd_avx2.c	genset	-	-	-	-	-	5fbd452d4674c152a32fc97e1c96cc25ea301514c1c2a6a9825e9673329ad692	165970
zil/avx2/rows/radix4_z_n1ccs_avx2.c	genset	-	-	-	-	-	d9b5cef87378363e2262b052e67c301beb9231ff5be2b7b321510c9c5979a1cd	4513
zil/avx2/rows/radix4_z_n1ccs_bwd_avx2.c	genset	-	-	-	-	-	42371fb2488ab1b149876e1865ad2ba11c6de83463f3075203d626766502b73c	4523
zil/avx2/rows/radix4_z_n1r_bwd_avx2.c	genset	-	-	-	-	-	28df52a6f76ea75335e06809ad4cc82fb9f37370a2982fe60ac737e1101236d1	3997
zil/avx2/rows/radix4_z_n1tr_avx2.c	genset	-	-	-	-	-	28bd925168b5e189513ac67e345a174b830706f367dc05a7604f62fdd223a85b	4339
zil/avx2/rows/radix4_z_t2r_avx2.c	genset	-	-	-	-	-	69f30530f5cca4b66b6d153572b48693e23731b80efc85706b35258e0d27ae67	5188
zil/avx2/rows/radix4_z_t2tr_bwd_avx2.c	genset	-	-	-	-	-	ffff54e4aa38ee8373d2c4b25049861a161676a787e5d314d90a0549b39cb8f5	5372
zil/avx2/rows/radix5_z_n1ccs_avx2.c	genset	-	-	-	-	-	b2001cfc58cebcacff17c1bd673c1358fe8aafdbfcea4469a96eacd042c191fc	7132
zil/avx2/rows/radix5_z_n1ccs_bwd_avx2.c	genset	-	-	-	-	-	53a6fdda7c127ec4464817263bfa79efad48eb0d9fc6338a9bc63ac7fe3fb744	7142
zil/avx2/rows/radix64_z_n1ccs_avx2.c	genset	-	-	-	-	-	f69a4992bb8997ee4af176cbe1b6dcaee6057511a450b5b56051686aee06eb20	113455
zil/avx2/rows/radix64_z_n1ccs_bwd_avx2.c	genset	-	-	-	-	-	451442aa71b011e9ba18dfa1502be7cbcf4698d37c2f00d36dc02b2fe825b882	113465
zil/avx2/rows/radix6_z_n1ccs_avx2.c	genset	-	-	-	-	-	f75cdf03ce4b87d62b593c4c24e62c33a3e75cca6e307c4ad3126699287514dd	8372
zil/avx2/rows/radix6_z_n1ccs_bwd_avx2.c	genset	-	-	-	-	-	6b008544486b71bdc27fb82b095d32c905adeeb72f810f8da6970b160d4a8640	8382
zil/avx2/rows/radix7_z_n1ccs_avx2.c	genset	-	-	-	-	-	a0a3d44ae6f1cb071662059ad13464b8351cda1c2224beabd71ce10fdb153524	10605
zil/avx2/rows/radix7_z_n1ccs_bwd_avx2.c	genset	-	-	-	-	-	70336c873aaa0af1f3d56a3241a93fecca030e7a37537dd2ac939dce3adde169	10615
zil/avx2/rows/radix8_z_n1ccs_avx2.c	genset	-	-	-	-	-	580b2ae52faf58dbc749d5823e89eee1c52abaa72601e026104286c7cb4536f8	8917
zil/avx2/rows/radix8_z_n1ccs_bwd_avx2.c	genset	-	-	-	-	-	0c2c80bff4137e3bebe64b0269b55d67ebf8cae5b5490111bfd95aa0ebca4cab	8927
zil/avx2/rows/radix8_z_n1r_bwd_avx2.c	genset	-	-	-	-	-	05ac745c743cf18592a5efa81df7197d03973e589dddeb7818b26bba73387108	7813
zil/avx2/rows/radix8_z_n1rtan_bwd_avx2.c	genset	-	-	-	-	-	4f2e4f95aacb6feda35bc2bcf7808e33be6470f0ed0832b9d09aec5a931bcd34	8016
zil/avx2/rows/radix8_z_n1tr_avx2.c	genset	-	-	-	-	-	5b3f6a0b515293a3b6e1374ef8dfcf27834f578c69dfb5575186714937bb960b	8309
zil/avx2/rows/radix8_z_n1trtan_avx2.c	genset	-	-	-	-	-	0c0f94b3c582bb8b87ccfa864edc15c14e639b55325ae6c50143d7d72c5238ce	8512
zil/avx2/rows/radix8_z_t2r_avx2.c	genset	-	-	-	-	-	aff92e56fe8e463c1e6f54347af242fe35dd2de38f124306718514c5da17bd88	10132
zil/avx2/rows/radix8_z_t2rtan_avx2.c	genset	-	-	-	-	-	a5ae5a4c3d529d336acea119ac3624862bee347c94c4231bb0108f93e7ce6062	10335
zil/avx2/rows/radix8_z_t2tr_bwd_avx2.c	genset	-	-	-	-	-	713b3cc46ce798a76cc8c8e1da591e74d6a5ce584c3ce84916898795cbcce21e	10467
zil/avx2/rows/radix8_z_t2trtan_bwd_avx2.c	genset	-	-	-	-	-	2fe871bcf0a7582c4a839ebf97b1415036fbfe54011a1115ffa72fde0ad62bf3	10670
zil/avx2/rows/radix9_z_n1ccs_avx2.c	genset	-	-	-	-	-	f45e2a2364ffb9e39b138b33888a8a9d9fc1743ce239ece87a88d90ab79cdaf9	14014
zil/avx2/rows/radix9_z_n1ccs_bwd_avx2.c	genset	-	-	-	-	-	82e09783a79d16823c707493a67906b1dee7095fde9e4dd815a7ce72ca7e5389	14024
zil/avx2/shared/col/blocked/radix32_z_n1cb48_avx2.c	genset	-	-	-	-	-	a3a2bb02779e37df1212e1f510f8405ab0691affb30e1f0948ebe9c602dea284	47406
zil/avx2/shared/col/blocked/radix32_z_n1cb48_bwd_avx2.c	genset	-	-	-	-	-	550756c1f2484f1c5fc7a206b1324cdde555aa5e4ea8de980f39929a70c58e0f	47416
zil/avx2/shared/col/blocked/radix32_z_n1cb84_avx2.c	genset	-	-	-	-	-	95e06b8b7e41ae59cd52b73dd27960c36a7345f28035fa1fb48908e7fe2a8986	47426
zil/avx2/shared/col/blocked/radix32_z_n1cb84_bwd_avx2.c	genset	-	-	-	-	-	60616f302fda62c5191f5513796208d97b8b7954a292dec32fada7d8a8f0683d	47436
zil/avx2/shared/col/blocked/radix32_z_t2cb48_avx2.c	genset	-	-	-	-	-	2fd589e21258bc51d7790f88a33406f729d097adf9ac9aaac8e6c3d14adfb31d	61576
zil/avx2/shared/col/blocked/radix32_z_t2cb48_bwd_avx2.c	genset	-	-	-	-	-	d47130308c666437be7485b5ee0b8dc47663797066bfb97bf82126ee8545e846	61581
zil/avx2/shared/col/blocked/radix32_z_t2cb84_avx2.c	genset	-	-	-	-	-	13df90434ac553a9682f305f8623228a3a08bb1c8043fe7021780328d94ae7f4	61597
zil/avx2/shared/col/blocked/radix32_z_t2cb84_bwd_avx2.c	genset	-	-	-	-	-	f49653ef2347f2659ef1a131e4c3b31ea4afb78af8d5479f29cfa97a876f9021	61578
zil/avx2/shared/col/blocked/radix64_z_n1cb88_avx2.c	genset	-	-	-	-	-	e4a2e410b11389b22daecac578659c70815231ea155836d8cd253684908d58b9	107720
zil/avx2/shared/col/blocked/radix64_z_n1cb88_bwd_avx2.c	genset	-	-	-	-	-	8b1c6bf934dea957c1fae10c7adf61f4598da2434e8dfb99b99a7d16d038af11	107730
zil/avx2/shared/col/blocked/radix64_z_t2cb88_avx2.c	genset	-	-	-	-	-	ebd0767a6136bbadbc067dd4575b0e92c3f7ed11bb7da0afb04ae4a6a6144948	136099
zil/avx2/shared/col/blocked/radix64_z_t2cb88_bwd_avx2.c	genset	-	-	-	-	-	d1699069c260d6e3826bdb92e4360d9f620c1e0e793a51097ea3acf780989f0c	136103
zil/avx2/shared/col/radix10_z_n1c_avx2.c	genset	-	-	-	-	-	64d732a3566ea0789943a470e8dbf63c49d31d809e3887ac36e2a6b8388f2144	13281
zil/avx2/shared/col/radix10_z_n1c_bwd_avx2.c	genset	-	-	-	-	-	212ab53b99e380375a71c7531d86272a83b6da8bdb9004bcf572f396a6df8ac0	13291
zil/avx2/shared/col/radix11_z_n1c_avx2.c	genset	-	-	-	-	-	e37f13b2814bc757616339943d66f29840aafadd6daba63ae066371123be5b94	16329
zil/avx2/shared/col/radix11_z_n1c_bwd_avx2.c	genset	-	-	-	-	-	b23350cc1f6109cdcee1be0cc36ca1b9cefd556f2d6fe91fa2fb3d78fba19471	16339
zil/avx2/shared/col/radix11_z_t2c_avx2.c	genset	-	-	-	-	-	f7ab785f9ef772b82f5da928063b9da3aa0e9c6ae1b61e1064f74b87b1ea001e	20817
zil/avx2/shared/col/radix11_z_t2c_bwd_avx2.c	genset	-	-	-	-	-	891bc8c93ffe6e1d8b2cfb7fc873746561ce2a7a4c24bba6cd18027ec4dd754a	21167
zil/avx2/shared/col/radix12_z_n1c_avx2.c	genset	-	-	-	-	-	c3603f3ab38a7ea8264e5c466e924706bc624b70389962d861076d027da05f42	14827
zil/avx2/shared/col/radix12_z_n1c_bwd_avx2.c	genset	-	-	-	-	-	7fe5057d8342c8abb51ce9f8b104c6187de479891817f17a33c49a18bfba683a	14837
zil/avx2/shared/col/radix13_z_n1c_avx2.c	genset	-	-	-	-	-	21a80b353aef3da0986ecf21d7b9cf97a6d58840c9dfe5a3186eea7a289dc1a3	20391
zil/avx2/shared/col/radix13_z_n1c_bwd_avx2.c	genset	-	-	-	-	-	cc21edfb0975f9841a00ed08e67919dbd5c664802eb964529a9f72318584296b	20401
zil/avx2/shared/col/radix13_z_t2c_avx2.c	genset	-	-	-	-	-	b3c1a6fde71dcaaa1c60dfc354d8cda65b52473f444191294014fccf4a4414b5	25711
zil/avx2/shared/col/radix13_z_t2c_bwd_avx2.c	genset	-	-	-	-	-	f6e13811015d6aaee83611bad58aab776f5adbacb773f3bdbf42ec08b7e96b4a	26127
zil/avx2/shared/col/radix14_z_n1c_avx2.c	genset	-	-	-	-	-	1217b644d7172050c71f748a53ea3a269fb0a9dff1ea75a1aef1148e80b12858	21476
zil/avx2/shared/col/radix14_z_n1c_bwd_avx2.c	genset	-	-	-	-	-	badc96e8a86dac6883d873afca15695a2b00ebdbd9994110244d2922dfa13f62	21486
zil/avx2/shared/col/radix15_z_n1c_avx2.c	genset	-	-	-	-	-	7c6381b603e3f494a5f5e6b09e78368dd1b2c27eb40f082f168d17d7ad95b1ac	24598
zil/avx2/shared/col/radix15_z_n1c_bwd_avx2.c	genset	-	-	-	-	-	d13a8390b2efc47a187c56f03e81ee1cd5425e1016c0ac499d8879376899255f	24608
zil/avx2/shared/col/radix15_z_t2c_avx2.c	genset	-	-	-	-	-	a075c85e0c5765d4da56bcff88efc48100886dfdb748f00aac5164fcd8d84e8c	30739
zil/avx2/shared/col/radix15_z_t2c_bwd_avx2.c	genset	-	-	-	-	-	0a4e872bef4ada0eb767970524f593a86b858254332d308040bb51897dedab9f	31219
zil/avx2/shared/col/radix16_z_n1c_avx2.c	genset	-	-	-	-	-	0d53b1d72a61e2cff68c322e432c3ed419ae3e5b3dccf13628d239a2815955ec	18561
zil/avx2/shared/col/radix16_z_n1c_bwd_avx2.c	genset	-	-	-	-	-	52b6d393dac10bc82ac822c7c650c8f008a4875d2793251f78cf8e5bbe24e6a9	18571
zil/avx2/shared/col/radix16_z_t2c_avx2.c	genset	-	-	-	-	-	62df7521f86fe192c1bc4962326d7ad6ece3fdd4a0d948185e1b0af8b6d412b5	25485
zil/avx2/shared/col/radix16_z_t2c_bwd_avx2.c	genset	-	-	-	-	-	1fbc356a573c59fd1647348edf113a85d1079a2df5b7322a6a68a7fc9dba1e35	27082
zil/avx2/shared/col/radix17_z_n1c_avx2.c	genset	-	-	-	-	-	e9de39a43cfa06b5a5222ac209237a87ab8a5b543c63b04a1a4ac642ae705f6a	30196
zil/avx2/shared/col/radix17_z_n1c_bwd_avx2.c	genset	-	-	-	-	-	c32f429dc6e0bca4809a197c54c4fad6b39c244689c0a98ec39bee58c36c515a	30206
zil/avx2/shared/col/radix17_z_t2c_avx2.c	genset	-	-	-	-	-	86823f3f09d0d4d92b41ce931335b87cdb0812f9a70b099915e95161b77bddee	37159
zil/avx2/shared/col/radix17_z_t2c_bwd_avx2.c	genset	-	-	-	-	-	0ba08ecb6e8287b38c567e27012cd1e4beae1a7975b41bbd2c73c43e292a2639	37702
zil/avx2/shared/col/radix19_z_n1c_avx2.c	genset	-	-	-	-	-	0207ab8643c6a8b1e9bea5fe58e7406d3a42923901b1711a1d9b25e69665ee97	35616
zil/avx2/shared/col/radix19_z_n1c_bwd_avx2.c	genset	-	-	-	-	-	f896b9965d056fb0753cd8c8a2ae9a433eaadd2bd1ffd18472c5981794c741b1	35626
zil/avx2/shared/col/radix19_z_t2c_avx2.c	genset	-	-	-	-	-	c4bceea7704069b207c3c22ac610834ccdb41853cb4eaa53121a58840ae50c5d	43399
zil/avx2/shared/col/radix19_z_t2c_bwd_avx2.c	genset	-	-	-	-	-	49d2cffefc1e54efeb7054fb9bd20a51f1ef64cb6c6cfb441065c5a1263ace5e	44009
zil/avx2/shared/col/radix21_z_n1c_avx2.c	genset	-	-	-	-	-	45dde5c1eef3a97ff512cf5f1fa82263c4b62f1b946217e3b5524d0307474121	40508
zil/avx2/shared/col/radix21_z_n1c_bwd_avx2.c	genset	-	-	-	-	-	b7da2509eded12250b9c7b0eabd3fb0351ad29850707b35ea997c1188930b234	40518
zil/avx2/shared/col/radix21_z_t2c_avx2.c	genset	-	-	-	-	-	67c94aa3b93720c40abf5239fbb35b6b498239415d18fbc73475c71855e2d278	49113
zil/avx2/shared/col/radix21_z_t2c_bwd_avx2.c	genset	-	-	-	-	-	43e57a3ae2f88ac92ee5ccb2b289cb3a31dedcadf3e56ac11a683e2299c48d90	49786
zil/avx2/shared/col/radix22_z_n1c_avx2.c	genset	-	-	-	-	-	17b201e5d94d34a77e128848b5634f370dead23ee4bf12c5b1ad02287f9a8285	41840
zil/avx2/shared/col/radix22_z_n1c_bwd_avx2.c	genset	-	-	-	-	-	ad48ff70612dbb24a9a58f1bd1708f09bd7871ecca6ed0b8e3ba5705fe4aafaa	41850
zil/avx2/shared/col/radix23_z_n1c_avx2.c	genset	-	-	-	-	-	782dd1badf1bc55c8df349303a2e0729e58c64f91e6f15ae8b4164e83d84ed7c	47730
zil/avx2/shared/col/radix23_z_n1c_bwd_avx2.c	genset	-	-	-	-	-	96a97cd26c678004f6e1e1fc7c9895128c808c4a0afe1c08b94e33524c66c637	47740
zil/avx2/shared/col/radix23_z_t2c_avx2.c	genset	-	-	-	-	-	61f8cb69cf6935d731885a5f1ee173af998981ae1b48a28016dd4f4a8ef0cefe	57155
zil/avx2/shared/col/radix23_z_t2c_bwd_avx2.c	genset	-	-	-	-	-	9cd87014abfc13a285886e036a944fdc6ab63f8020873ff5afb3df83b26b569e	57895
zil/avx2/shared/col/radix25_z_n1c_avx2.c	genset	-	-	-	-	-	6432ccc0a2dc8e5d0e05bc65ec6be25fd77d83b6ce9a54b4b9826fc006535a59	53838
zil/avx2/shared/col/radix25_z_n1c_bwd_avx2.c	genset	-	-	-	-	-	e5f45cf921cb60108c185049eed40a9ccb6cf9db11c70fde4a1ff1f07e044d3d	53848
zil/avx2/shared/col/radix25_z_t2c_avx2.c	genset	-	-	-	-	-	a416e3ea8792d3c82f6c4aab03e3bc0cd538c2da5012a00b321d3f2b67acc1e0	64083
zil/avx2/shared/col/radix25_z_t2c_bwd_avx2.c	genset	-	-	-	-	-	4eb60eec88dc87cd5bf3fdc3df5cfe0dead4c70362400196a4798d6a6caf7a30	64889
zil/avx2/shared/col/radix26_z_n1c_avx2.c	genset	-	-	-	-	-	f5ce6cae10f3b8cc5202e6433edbba7f54952d13ce20068934c6f8fa846f53f4	54247
zil/avx2/shared/col/radix26_z_n1c_bwd_avx2.c	genset	-	-	-	-	-	8f12f6af1540a57f82292688e46d15847c2bcb7a28bf2208481732e1808233d5	54257
zil/avx2/shared/col/radix27_z_n1c_avx2.c	genset	-	-	-	-	-	2d58c97b92ee7b3a9935baf4f2ca3db4ef341fb59c6e14962a7d4bdcf76e893c	60819
zil/avx2/shared/col/radix27_z_n1c_bwd_avx2.c	genset	-	-	-	-	-	4a3d49f41d2c9cdf39aabded23acb8dfdcbd40a781ae2d49423fdcef1e4fd84b	60829
zil/avx2/shared/col/radix27_z_t2c_avx2.c	genset	-	-	-	-	-	8e41ba1a884686b8555028b24e57bf5e34aa56e9ae1ebc27c6d28ec1b8da3900	71886
zil/avx2/shared/col/radix27_z_t2c_bwd_avx2.c	genset	-	-	-	-	-	141a291d6944c857c94b40190af3e5d6a6ebc12add284c1584ed43d4ad998e14	72764
zil/avx2/shared/col/radix29_z_n1c_avx2.c	genset	-	-	-	-	-	85f68908f7cddf4a813c285efef3cd938a97e162da316d4525be5b34de947264	69514
zil/avx2/shared/col/radix29_z_n1c_bwd_avx2.c	genset	-	-	-	-	-	5d58d7871e278142e2e685da4a0fb82b571bbd99d191e8e2e05d6e3f2c96439d	69524
zil/avx2/shared/col/radix29_z_t2c_avx2.c	genset	-	-	-	-	-	64a74fb70d96c064f12ad26038e55c58830a023e52d19b76ee3ebccc4760e3c8	81401
zil/avx2/shared/col/radix29_z_t2c_bwd_avx2.c	genset	-	-	-	-	-	78a04b7a2d81de87eb840b9fb921a7d963ce0ed978f320645f01c8c54ee5321d	82361
zil/avx2/shared/col/radix2_z_n1c_avx2.c	genset	-	-	-	-	-	03553fc528ec3cc409519efdfc68a6c511f5f852d544606203336e19e9662ab0	2553
zil/avx2/shared/col/radix2_z_n1c_bwd_avx2.c	genset	-	-	-	-	-	01fafe55cc843a366c8f9eecb811c8abd35ca2d427c0b8928298b97d256cd5ec	2563
zil/avx2/shared/col/radix31_z_n1c_avx2.c	genset	-	-	-	-	-	f07d89024cc9d6ba81c9578c18b501a5b340d6fe07884c93f1249bd865137963	77629
zil/avx2/shared/col/radix31_z_n1c_bwd_avx2.c	genset	-	-	-	-	-	73382f7417e1ee9c1a7af4684cb8c1154171d4eab2d1291337315fb7a14da671	77639
zil/avx2/shared/col/radix31_z_t2c_avx2.c	genset	-	-	-	-	-	d76337e0644e3ff54216f3cc1e78b52289eee8a21958eaa7f33bcd34340abcfc	90336
zil/avx2/shared/col/radix31_z_t2c_bwd_avx2.c	genset	-	-	-	-	-	1c531b1c3a26b3b8096d4611ceaf5757139a50ef630d86329298b135482d5882	91420
zil/avx2/shared/col/radix32_z_n1c_avx2.c	genset	-	-	-	-	-	296c90bfbf48fcc361e6bb82bdeed04768c198bc1dce4f37af68dd95ad7dd78d	44627
zil/avx2/shared/col/radix32_z_n1c_bwd_avx2.c	genset	-	-	-	-	-	b10b8f3726e6f88983a4b9feedcfd2791dc1fa118ecbe36dc7c546b03abbe8f7	44637
zil/avx2/shared/col/radix32_z_t2c_avx2.c	genset	-	-	-	-	-	1ea5109214072521facf0e79edf9da648e68da35ae32f92f056a63a3d6263ddd	58729
zil/avx2/shared/col/radix32_z_t2c_bwd_avx2.c	genset	-	-	-	-	-	7bbbd9eab9a648fd274b8dcccd46a9b5b948e0d3231cb30e0eb948fbce34f73c	58889
zil/avx2/shared/col/radix37_z_n1c_avx2.c	genset	-	-	-	-	-	87cdf5181fc9b258852b4534c285e853fb9ca0a0005a9a8ebe4138691201f283	104429
zil/avx2/shared/col/radix37_z_n1c_bwd_avx2.c	genset	-	-	-	-	-	afba5a802ec6403183725fcb0b28f01d412cc4fab85347404914ca062d06d57e	104439
zil/avx2/shared/col/radix37_z_t2c_avx2.c	genset	-	-	-	-	-	20ec82c4d42c1a7d041e13e73f7d26b5f20e290e33277a02d17ba7c5f009493d	119596
zil/avx2/shared/col/radix37_z_t2c_bwd_avx2.c	genset	-	-	-	-	-	e101d5cdb2c224839f3838c7528d71eab8da950234815a0c11b6e71986738398	121104
zil/avx2/shared/col/radix3_z_n1c_avx2.c	genset	-	-	-	-	-	c552790cea102ebe5682a5a3858f2b7bae94c7fb9a7a775ab6574726ffd36c4d	3578
zil/avx2/shared/col/radix3_z_n1c_bwd_avx2.c	genset	-	-	-	-	-	4ae4b04219013313dd9294ba767e4518f7eded1fd8baa8381cf8d3d48c37050e	3588
zil/avx2/shared/col/radix3_z_t2c_avx2.c	genset	-	-	-	-	-	e3e90f1da02d0a2cd652a6f724a6becf5d7e377ce0c4889134c5f752c656caf7	4960
zil/avx2/shared/col/radix3_z_t2c_bwd_avx2.c	genset	-	-	-	-	-	a11af30913584283b0618ad08624097e347ad6c57817c31b94dd32c4f85797b4	4970
zil/avx2/shared/col/radix41_z_n1c_avx2.c	genset	-	-	-	-	-	1481f0b858ca8ad3262763ac599a0204d360f6a416d4d6b4656d6c26df5c0dce	124553
zil/avx2/shared/col/radix41_z_n1c_bwd_avx2.c	genset	-	-	-	-	-	d014aa643701fb7f67aa2161f58afe86820587f0235333c7c508d5d9658505f0	124563
zil/avx2/shared/col/radix41_z_t2c_avx2.c	genset	-	-	-	-	-	9d5eaa622fefd8fb53bf29818fb92b50b0d52c9fc7c8d7a994d9ed6479c6f290	141362
zil/avx2/shared/col/radix41_z_t2c_bwd_avx2.c	genset	-	-	-	-	-	751d86720d69324ecd7f99adfab9d11eab493a30d75935f8f4a301eccbe7ed31	143154
zil/avx2/shared/col/radix43_z_n1c_avx2.c	genset	-	-	-	-	-	2c04504b43787a38759425dd644e3d633ce2fa078ec51e8dec536d9da2c45bc2	135698
zil/avx2/shared/col/radix43_z_n1c_bwd_avx2.c	genset	-	-	-	-	-	0dc7e58a54d4e8254397efbb89703fe0017f57889072e689d2173e9e70483b36	135708
zil/avx2/shared/col/radix43_z_t2c_avx2.c	genset	-	-	-	-	-	7d298aeb71b4877311246692cfba20a4e9120987519941bccfe70dbef7688525	153413
zil/avx2/shared/col/radix43_z_t2c_bwd_avx2.c	genset	-	-	-	-	-	b3d815a4ae92949892e8ca0bd870c37a6a73bc4a7bbbabd9b7473a69e9f7d412	155383
zil/avx2/shared/col/radix47_z_n1c_avx2.c	genset	-	-	-	-	-	510ea1ac74faa0e611ba73d47ffe526948b214b4decc91228092b656ed87c5a0	158867
zil/avx2/shared/col/radix47_z_n1c_bwd_avx2.c	genset	-	-	-	-	-	7b8b1bda43e9620346243e6f1fadc4bf2d859e08b16498215665b1e8ac81d466	158877
zil/avx2/shared/col/radix47_z_t2c_avx2.c	genset	-	-	-	-	-	8c5c692bae37e6e6aa742a303f0830ba96bc7489e699e151107cd7a9d58cff64	178238
zil/avx2/shared/col/radix47_z_t2c_bwd_avx2.c	genset	-	-	-	-	-	1f30757e8fe6a9b47cf4682521cedb86d2c3353314b2b9ac5eeac06b74f6f514	180561
zil/avx2/shared/col/radix4_z_n1c_avx2.c	genset	-	-	-	-	-	51d97bbc912a5acf0339bf8e122943a83d8e35a7daaa709441c91fe970a4ace2	3815
zil/avx2/shared/col/radix4_z_n1c_bwd_avx2.c	genset	-	-	-	-	-	c52435dd941924eccadd9458796f994ffe9ee6cfae732a3f6ba897959cf6fde2	3825
zil/avx2/shared/col/radix4_z_t2c_avx2.c	genset	-	-	-	-	-	c7a0aaa8e76d321451b7593ff34d48af29d2307595103b30dfe78cf3d0805602	5466
zil/avx2/shared/col/radix4_z_t2c_bwd_avx2.c	genset	-	-	-	-	-	309a1302dc3e9ab4feea57709f0174cbd8fe9c9578b3fd77da5eca3f98469817	5636
zil/avx2/shared/col/radix5_z_n1c_avx2.c	genset	-	-	-	-	-	97c8061cb87b35dc673706ec5cc8267ddf20417e9eb6a4f9595cf1771ac35c6d	5805
zil/avx2/shared/col/radix5_z_n1c_bwd_avx2.c	genset	-	-	-	-	-	05c3ae7f45f44d5710f53b79885d616b8a46203b34be703c633d7c817e5e4294	5815
zil/avx2/shared/col/radix5_z_t2c_avx2.c	genset	-	-	-	-	-	0a19a3f5fcac6366b312a3de31ab140856e7992e4f01a40c81a95c5de2b84f39	8049
zil/avx2/shared/col/radix5_z_t2c_bwd_avx2.c	genset	-	-	-	-	-	4916b60deeda00f5d16d1d18ae6278e7cf0d878a6cb7abf61957e4fc9c088a29	8057
zil/avx2/shared/col/radix64_z_n1c_avx2.c	genset	-	-	-	-	-	fe4a6dacede2ac9d17c7b51ebc3454042c9c11a3a5fd0f235cfc63f4bfacb9fe	103829
zil/avx2/shared/col/radix64_z_n1c_bwd_avx2.c	genset	-	-	-	-	-	e5c90134c5e3ae51b1194d71cb8e5c8dabc82b98329c2a58c9d529282aeda615	103839
zil/avx2/shared/col/radix64_z_t2c_avx2.c	genset	-	-	-	-	-	e08956323bd72e1f06b75d193f8321e01dac63cbaef6a91afc51ea011a2cb809	132235
zil/avx2/shared/col/radix64_z_t2c_bwd_avx2.c	genset	-	-	-	-	-	f4c8b51893d2f98d615e25b2325ffdd070f504c921c4c0f1ab4a4f5075c256fc	132395
zil/avx2/shared/col/radix6_z_n1c_avx2.c	genset	-	-	-	-	-	b6ec074c3bc8b512ac7f5eea702e6834399f88a0b8eda833f7f5cb548017bcdb	7181
zil/avx2/shared/col/radix6_z_n1c_bwd_avx2.c	genset	-	-	-	-	-	0166e7d5d7901dee61e729e7d602cc34966a90f0eee133e212b7296c4ae2247f	7191
zil/avx2/shared/col/radix7_z_n1c_avx2.c	genset	-	-	-	-	-	dcbd9e24721cef950a9a3e626aab4520c37b6d298e0fa66bb7969d6b0ff16c01	9466
zil/avx2/shared/col/radix7_z_n1c_bwd_avx2.c	genset	-	-	-	-	-	d291e2660c520e7da9a816ea0c2b53f471c49bdc89b6db5207eb9ea104ec326e	9476
zil/avx2/shared/col/radix7_z_t2c_avx2.c	genset	-	-	-	-	-	71cd6ac3660b6a6ac25d9d08a05f52686fabc4394b1a0af7cc1b6bee02a088a0	12568
zil/avx2/shared/col/radix7_z_t2c_bwd_avx2.c	genset	-	-	-	-	-	e9b16948bb11b2b2da264db65881622803d931d4f414f863e76976a30af9d9bb	12590
zil/avx2/shared/col/radix8_z_n1c_avx2.c	genset	-	-	-	-	-	e70f4db2209bc082a1a127dc72f6552c0c844c8204bb031e59cd0a9f87b78bef	7631
zil/avx2/shared/col/radix8_z_n1c_bwd_avx2.c	genset	-	-	-	-	-	ffaf182fd783adb1b4356dd28bad1a2063906ca6f3799bc6b82c3d94c5ad6fb1	7641
zil/avx2/shared/col/radix8_z_t2c_avx2.c	genset	-	-	-	-	-	9f24c0914a1dab3579b9724e3681f085ea3b5186ed3dc84780e177e8fc6e2d31	11000
zil/avx2/shared/col/radix8_z_t2c_bwd_avx2.c	genset	-	-	-	-	-	3ba4ef33098bd1ee2ead1e9fbf3c2738952aee0ae8a0bd61da34cef7886f320b	11172
zil/avx2/shared/col/radix9_z_n1c_avx2.c	genset	-	-	-	-	-	1e5df36ec98a10045d482e9df12189ff4c235777c76d2dd5a00ef66b8df0a46a	12581
zil/avx2/shared/col/radix9_z_n1c_bwd_avx2.c	genset	-	-	-	-	-	3f9de4790cfac46bc76831c9d1053858673e613a8ba57175dcfd09467f4db460	12591
zil/avx2/shared/col/radix9_z_t2c_avx2.c	genset	-	-	-	-	-	1f8fbd0a1dd5914ef0b11e390910a7db82746fe8e7bdbede3190fbb846d7f135	16269
zil/avx2/shared/col/radix9_z_t2c_bwd_avx2.c	genset	-	-	-	-	-	83bebdf5905d17c57bc76ca3ac88fb9e7ea9b03bb61735fcd6ac81ff6182579a	16554
zil/avx2/shared/radix10_z_n1_avx2.c	genset	-	-	-	-	-	ede6e8e880b0824513551f92f1938b63e11af5b3113c2de70234a5867a454392	13244
zil/avx2/shared/radix11_z_n1_avx2.c	genset	-	-	-	-	-	ac5d33a014e36108cac49bea9cf84ea173cfb9cab9bc74336fdc3fe455fb12cb	16292
zil/avx2/shared/radix12_z_n1_avx2.c	genset	-	-	-	-	-	89b1d8dfbe7b79a1f1aa026cca224690e416bb533755d2e500beeda66c02e5cb	14790
zil/avx2/shared/radix13_z_n1_avx2.c	genset	-	-	-	-	-	c5c950c622538bb71201d36e0efbf50d8a7ed7f673d43112e0515c77075a1464	20354
zil/avx2/shared/radix14_z_n1_avx2.c	genset	-	-	-	-	-	1c1d7ba5d874ff06019f9d7fe6fb7714e74b269b72480761e73df6c696a1e249	21439
zil/avx2/shared/radix14_z_n1_bwd_avx2.c	genset	-	-	-	-	-	4cc97714da794c8422fc7bf98f540234bb0bbe5c6708d6dc223850e1964b00e5	21441
zil/avx2/shared/radix15_z_n1_avx2.c	genset	-	-	-	-	-	ee7e54c38be348741a191f7e29359418821eb2568e912cb1d5a0c592e0fca351	24561
zil/avx2/shared/radix16_z_n1_avx2.c	genset	-	-	-	-	-	00ec2055c81f40ac2a70ecbaee0c630b0e790965f7069342ed421502516c960b	18524
zil/avx2/shared/radix17_z_n1_avx2.c	genset	-	-	-	-	-	ebfc0e60817ac733130302293044ea0500826614d451a6a15a567d8f441d747a	30159
zil/avx2/shared/radix19_z_n1_avx2.c	genset	-	-	-	-	-	993160d907fe3e55cf48967cd7cf7d3cbab9531fdd787b0c4c5568c8bf72e2d3	35579
zil/avx2/shared/radix21_z_n1_avx2.c	genset	-	-	-	-	-	1db7639a6ae88a15888e9cb56c5bb8bf7762b1953c8a7cc4091558e1be755e6e	40471
zil/avx2/shared/radix22_z_n1_avx2.c	genset	-	-	-	-	-	36b95a05063bff661cfe2a30f439045910271d62f51a5e9843acdea2860e7347	41803
zil/avx2/shared/radix22_z_n1_bwd_avx2.c	genset	-	-	-	-	-	96eaedbd8b9888aa45124a1a3c7d658174e3aa73a01004e0da9e9ab2bcf200c5	41805
zil/avx2/shared/radix23_z_n1_avx2.c	genset	-	-	-	-	-	ece3844c5d3347f9758a012f4de0197a70b1b82d8f2c658307aa9dbcdfdfc993	47693
zil/avx2/shared/radix23_z_n1_bwd_avx2.c	genset	-	-	-	-	-	07a9ccdb1ada295629222d83fa67cba2d1b131aa6bde426bc26cbb7137015a67	47695
zil/avx2/shared/radix25_z_n1_avx2.c	genset	-	-	-	-	-	10dfe1959e648a8bde40f7f53c1030fb0babc6d94f56c01d99f92cff0f2397be	53801
zil/avx2/shared/radix26_z_n1_avx2.c	genset	-	-	-	-	-	f271e511d961b9bfddb56ae10cb9be11ce04c1a5f2422b1f9dad78346573ac09	54210
zil/avx2/shared/radix26_z_n1_bwd_avx2.c	genset	-	-	-	-	-	e5f1995ffd11895d68a6af3a6dec7e5fbb329afd9e095ec538c895ebb5f39dec	54212
zil/avx2/shared/radix27_z_n1_avx2.c	genset	-	-	-	-	-	0371d523f4ac6728d556e997318c789e6266776b6fa926498ea8066aeed4d848	60782
zil/avx2/shared/radix29_z_n1_avx2.c	genset	-	-	-	-	-	4110e448df45fc6d2afb61daeaf0211e15b6239cecc1bef402902a59294c37e4	69477
zil/avx2/shared/radix29_z_n1_bwd_avx2.c	genset	-	-	-	-	-	d108345bdd4eb99712f694320c1db8aba2be4a9f5b60609dd4b3b4c22e36d9a7	69479
zil/avx2/shared/radix2_z_n1_avx2.c	genset	-	-	-	-	-	bb5fe8ee954cab513e115a620b5bbd60489862d3a8a235a39e836817dc2e6a90	2516
zil/avx2/shared/radix2_z_n1_bwd_avx2.c	genset	-	-	-	-	-	097c34b47674bedbbe30e47abf3f6f1fb7c4286ad4d38e180c6a8e1574cac9ce	2518
zil/avx2/shared/radix31_z_n1_avx2.c	genset	-	-	-	-	-	72d47400e30e1a77c9811141a8df03e607b94a7bdd5ab46ef4b4a912218898a0	77592
zil/avx2/shared/radix31_z_n1_bwd_avx2.c	genset	-	-	-	-	-	bd53be44527ee927c4362e64c8ec576c654987ba772f39a19109dc20d9cd0ea5	77594
zil/avx2/shared/radix32_z_n1_avx2.c	genset	-	-	-	-	-	1b8ead072bfb780d9852c70de351d0a7a463662325eeec162b1b478b2c365b87	44590
zil/avx2/shared/radix37_z_n1_avx2.c	genset	-	-	-	-	-	a0df67788b8351facacefb91b7e9a44fe21f119262f8adf9052ebc3c106f2370	104392
zil/avx2/shared/radix37_z_n1_bwd_avx2.c	genset	-	-	-	-	-	5cef14ccd83e4da9b0964b36cf4e909382272479617868e773fd2f6286ce945d	104394
zil/avx2/shared/radix3_z_n1_avx2.c	genset	-	-	-	-	-	8f58e2708bc3df5913dc67ded3ed1d88b2969a3a228fe70e0d772092ae92dacc	3541
zil/avx2/shared/radix41_z_n1_avx2.c	genset	-	-	-	-	-	f0ef6a8a7028059915e2b081315424fbc2e4351e5bbf21dac1a15a83398d8495	124516
zil/avx2/shared/radix41_z_n1_bwd_avx2.c	genset	-	-	-	-	-	a92d96ed4faa271a9db321cb87d52c46db10fd4806dfff29f2ab07d9be6143ed	124518
zil/avx2/shared/radix43_z_n1_avx2.c	genset	-	-	-	-	-	cee71020210718ff9d174d015369daa10e8011826821042b33227df87397129a	135661
zil/avx2/shared/radix43_z_n1_bwd_avx2.c	genset	-	-	-	-	-	e28349c27ec59284b5fb99f3931a29a33e7442ab97bae03b29afb8bbd3c00de0	135663
zil/avx2/shared/radix47_z_n1_avx2.c	genset	-	-	-	-	-	ed3ca56c99e957d6fa1dc61916f303e6c3a7cd54e5afb5bf62b66601753408dd	158830
zil/avx2/shared/radix47_z_n1_bwd_avx2.c	genset	-	-	-	-	-	cd62f1d0bb4824800993403b95bf89cec4947a4a8873770f1d2856ba55f84f4f	158832
zil/avx2/shared/radix4_z_n1_avx2.c	genset	-	-	-	-	-	2066f7914250a429b160a12abdeb351b0305be49825c96a835664bd75e520a76	3778
zil/avx2/shared/radix5_z_n1_avx2.c	genset	-	-	-	-	-	7e016d6d0cb1b83caac7a4df4599528ad9f2b0c7e68debc2a5e180da816be36e	5768
zil/avx2/shared/radix64_z_n1_avx2.c	genset	-	-	-	-	-	aecdb73e88cc760963c2600c94d0df2ee62485b77e0af8183edf0a513dce4260	103792
zil/avx2/shared/radix6_z_n1_avx2.c	genset	-	-	-	-	-	412e533b49f6de9ce4d732b53bba8108337e692df9e5c6623598c652f439bcb5	7144
zil/avx2/shared/radix7_z_n1_avx2.c	genset	-	-	-	-	-	079882e9ed19b5f7a2e3724defc99f590c06e0ed0b1932d82ab053a56cbeea1a	9429
zil/avx2/shared/radix8_z_n1_avx2.c	genset	-	-	-	-	-	80c1719d78303819dfa13fdf3fd6c9e76b01c04ccd99bbd3909775a7b4167749	7594
zil/avx2/shared/radix9_z_n1_avx2.c	genset	-	-	-	-	-	2adc24d45207d58cd911b6db06cf7d65cf72487e4de90fccd94dd19f9606509f	12544
zil/avx2/ztt/radix15_z_tmg_avx2.c	genset	-	-	-	-	-	6c5449ed1be6943d0019873b7875b3e8d02d0fc9ef205bec9adbe809ecb8db07	23690
zil/avx2/ztt/radix15_z_tmg_bwd_avx2.c	genset	-	-	-	-	-	2cbbc50c74bd8a11d4dbdbba4aa982747ae112fbe012403d40559abfef5dc88a	23804
zil/avx2/ztt/radix15_z_tmgd_avx2.c	genset	-	-	-	-	-	5a0093a48eda3f759895ad50d8749893a1c40d0e9c27a12383c526d1dae8efc6	23700
zil/avx2/ztt/radix3_z_tmg_avx2.c	genset	-	-	-	-	-	227022cbae0a6157d2bfd575a5bb6176638a0d030cef6e0457143e3f5e7607a5	4590
zil/avx2/ztt/radix3_z_tmg_bwd_avx2.c	genset	-	-	-	-	-	8d0a7f9533af229404e99f7a7f156d240afcf3977c656816b9a0d221f2fab66d	4676
zil/avx2/ztt/radix3_z_tmgd_avx2.c	genset	-	-	-	-	-	9db5371589f2af076dd186e28cabc1e1f1857d6f1412dabf99f07eaf2fc416ae	4574
zil/avx2/ztt/radix4_z_t0d_avx2.c	genset	-	-	-	-	-	2e92eeb535f5cb5360c7f52b137ac0bbfd6f93058c4ca82fab19bc50396e9a72	6164
zil/avx2/ztt/radix4_z_t0tp_avx2.c	genset	-	-	-	-	-	d92955d9a83eba84317129653f930001547bf73fbdcc84c6fa03add3f17de853	4820
zil/avx2/ztt/radix4_z_t0tp_bwd_avx2.c	genset	-	-	-	-	-	7320449e66d5fe7e860ce4075bdcc26c6c90016a3f98c62ace00b3a667b058cf	4875
zil/avx2/ztt/radix4_z_tld_avx2.c	genset	-	-	-	-	-	1d659f90e2c19746963fa854ab6b2330b2e239200f10cbb859b67bf69ec99e22	5682
zil/avx2/ztt/radix4_z_tld_bwd_avx2.c	genset	-	-	-	-	-	5bde9df95065357b477e7e0b7c2225a70a5e12bae8a07379b596bcc78ddc7caa	5977
zil/avx2/ztt/radix4_z_tlf_avx2.c	genset	-	-	-	-	-	85017bb0ad84745980b38441484382f572952676f10b1d52ce594e9e74bb1ae2	5977
zil/avx2/ztt/radix4_z_tlf_bwd_avx2.c	genset	-	-	-	-	-	a8f7792b083f11c02f1902065b7c1320644dea6c29a1e4c6fa6e374367b277c2	6063
zil/avx2/ztt/radix4_z_tlfi_avx2.c	genset	-	-	-	-	-	8e94d64b87697c4bb348032042b94406f474be9cbc0d219e55f52b6b8c23bd8c	6348
zil/avx2/ztt/radix4_z_tlfi_bwd_avx2.c	genset	-	-	-	-	-	3e9529533697b9b2300d4ae88ec490cbd44dbaba4fa69754cbed6f2ac7704bb4	6434
zil/avx2/ztt/radix4_z_tmg_avx2.c	genset	-	-	-	-	-	e3ceb8cae5011077422e2a3bbcbc78204fd396002e57a8a7ba07c8c6823efc91	5304
zil/avx2/ztt/radix4_z_tmg_bwd_avx2.c	genset	-	-	-	-	-	1ea434e69b8d27632a022ddb99ea43ea6c7a35d687fa80c61e87ece4d94642cc	5390
zil/avx2/ztt/radix4_z_tmgd_avx2.c	genset	-	-	-	-	-	1e07037278b3e373bc3f336cea78019b4844e577ea29bfb7a3d971e385b43873	5281
zil/avx2/ztt/radix5_z_tmg_avx2.c	genset	-	-	-	-	-	6c00011b54d5621aab88f5138f8b5643b585a64ba404c1295bec38d2ce25a15c	7208
zil/avx2/ztt/radix5_z_tmg_bwd_avx2.c	genset	-	-	-	-	-	8c3f4ab986987b3a99babf7f5e562ef3ff8ec4d3ca2770844593682b2d13fd54	7304
zil/avx2/ztt/radix5_z_tmgd_avx2.c	genset	-	-	-	-	-	528fcc48dc18fa5f7bd6807bd50cb6026f345b0af7576ae15c6c66f783d19d7a	7223
zil/avx2/ztt/radix7_z_tmg_avx2.c	genset	-	-	-	-	-	9d2224c67cf875e3af5cd972a2e4880a7ec2cfe1ee79931e41b416103acd76a6	9692
zil/avx2/ztt/radix7_z_tmg_bwd_avx2.c	genset	-	-	-	-	-	dc9305e82b2896539749f2719b087852a45305bba4a1e8354ab968000c2a590b	9778
zil/avx2/ztt/radix7_z_tmgd_avx2.c	genset	-	-	-	-	-	71058e268c21fd3e9aee0a0d4e2ea308d7e629605d1a741f587c36a67beb36d8	9720
zil/avx2/ztt/radix8_z_t0d_avx2.c	genset	-	-	-	-	-	1c91668f465d3b41382b96817595e48c6a1f224ac044d3d462cdf638b1ec9eb8	11710
zil/avx2/ztt/radix8_z_t0tp_avx2.c	genset	-	-	-	-	-	0471079efc730d458b056ea7e587a24ee17a2091defd3aff7176dbb5bba98f22	9604
zil/avx2/ztt/radix8_z_t0tp_bwd_avx2.c	genset	-	-	-	-	-	34af22b75e35cbe7d963798fd55fd4009a592606cef4f8a4141186cf66a24a25	9659
zil/avx2/ztt/radix8_z_tld_avx2.c	genset	-	-	-	-	-	8124928cb40272392fe085414aebff584e2ec699d1a4948d8f1cebce1b566e3f	10593
zil/avx2/ztt/radix8_z_tld_bwd_avx2.c	genset	-	-	-	-	-	f65b3d667b58619578aa0cde35bcbe2c1e1e92cf88d7cf62ebb9d9e93cd1379e	11213
zil/avx2/ztt/radix8_z_tlf_avx2.c	genset	-	-	-	-	-	7fccbebe05ec4559a6c1d5f9b3d0b4d51c209549b1ec6a3440cd7e70908a2d0a	11504
zil/avx2/ztt/radix8_z_tlf_bwd_avx2.c	genset	-	-	-	-	-	9b6966d5cab351a61f792c7f9c29488b8d230544df4e8c227eb901ab7f76e645	11627
zil/avx2/ztt/radix8_z_tlfi_avx2.c	genset	-	-	-	-	-	07321d484aed1d4db23bb9e6779a0fa3e165f8a234a488d5cfc5d85936b209d6	12211
zil/avx2/ztt/radix8_z_tlfi_bwd_avx2.c	genset	-	-	-	-	-	6ae3053c4f9fea0895906967d506ce33513bb5501c7ef700e80616dbd9bee2e1	12334
zil/avx2/ztt/radix8_z_tmg_avx2.c	genset	-	-	-	-	-	aef95e57bd5c41834d07f93cccee8fc8b857b4684f627297cd26c081c356e93a	10079
zil/avx2/ztt/radix8_z_tmg_bwd_avx2.c	genset	-	-	-	-	-	62adfe96ed3350ed69efe61d41bd982fad0667be1806b97d5d180891d1031bfa	10202
zil/avx2/ztt/radix8_z_tmgd_avx2.c	genset	-	-	-	-	-	f7e01e406af74c692581e968713888231fb9be81fcb18919b06c1e5ec5b4e119	10083
zil/avx2/ztt/radix9_z_tmg_avx2.c	genset	-	-	-	-	-	fda4b731f7f31a8453f48c642091c9c9543e20a2f5a82cdb42cabc1f54880c77	12444
zil/avx2/ztt/radix9_z_tmg_bwd_avx2.c	genset	-	-	-	-	-	2ace5a915d9ecfe553a15ad773658d39967af7e7be65825d98c9eac43cf68da4	12540
zil/avx2/ztt/radix9_z_tmgd_avx2.c	genset	-	-	-	-	-	eec144dd7f1ac418e7674e21740e348f0ccbc81f0c53390a218b722e510992e2	12499
zil/avx512/chain3/radix10_z_t2tg_bwd_avx512.c	genset	-	-	-	-	-	e6b8a70cc29e866e0a8e3c3fa78651db8d7ca4171f2920ae1aa404060c530fa9	21089
zil/avx512/chain3/radix11_z_t2tg_bwd_avx512.c	genset	-	-	-	-	-	0378818f006f1aea0d869746eea8d04f02dd64fac31310a74b34c2d9a83445ed	25657
zil/avx512/chain3/radix12_z_t2tg_bwd_avx512.c	genset	-	-	-	-	-	78b722b6f1237b4ed35eb1cded26eb6324af36b12f994f0f475e34dd4bc1d0a3	23529
zil/avx512/chain3/radix13_z_t2tg_bwd_avx512.c	genset	-	-	-	-	-	9276807222385c4a9f17708402cf5babc907c04842a414b37014ea8c8a68758e	32576
zil/avx512/chain3/radix15_z_t2tg_bwd_avx512.c	genset	-	-	-	-	-	b237730139f7f677526af76a2a2ff270c4048b3c39f8a5cf3324a6400e8fa010	39176
zil/avx512/chain3/radix16_z_t2tg_bwd_avx512.c	genset	-	-	-	-	-	91d9181dbba6bc84c99b290ec9ba815dec1916d4a97e5e6f0d677f38c88b1ddc	29743
zil/avx512/chain3/radix17_z_t2tg_bwd_avx512.c	genset	-	-	-	-	-	440e95e9e95f0fd1be8cfd235c4bd631e2e4fb7d4039e96d8d54b7e5d375650d	48550
zil/avx512/chain3/radix19_z_t2tg_bwd_avx512.c	genset	-	-	-	-	-	8cd1d87055c98c1b45b2c087051313d1af6150c56423998e8d9439f13c4ace9d	57644
zil/avx512/chain3/radix21_z_t2tg_bwd_avx512.c	genset	-	-	-	-	-	3062eaa03333b9d8df239e7e6b90f125f23dfa2c223b34b123193146c5b6f783	65920
zil/avx512/chain3/radix23_z_t2tg_bwd_avx512.c	genset	-	-	-	-	-	7a2e38287dd410920f57d01275f225e1347d3ad616a2e8fe9874be2999e0856f	77978
zil/avx512/chain3/radix25_z_t2tg_bwd_avx512.c	genset	-	-	-	-	-	dd6c55f2f5d3625dd467bcc9076e074ebdf7e6d8aee56950633a523ce860805f	88250
zil/avx512/chain3/radix27_z_t2tg_bwd_avx512.c	genset	-	-	-	-	-	536254aa1c6d441a054baae60a7adf2ebbd98d3de3f1ea227de64a337d2a7226	99449
zil/avx512/chain3/radix29_z_t2tg_bwd_avx512.c	genset	-	-	-	-	-	8451531f4c4955e99c9465e1ecb0d86e2866faee1a5707496600de3fcaf3a032	113964
zil/avx512/chain3/radix31_z_t2tg_bwd_avx512.c	genset	-	-	-	-	-	efcdd6a603dcac32506aed1d1da564df7969b2dedea80cc6a2b07aaa6e71cef6	127506
zil/avx512/chain3/radix32_z_t2tg_bwd_avx512.c	genset	-	-	-	-	-	4302c1db524671bd74f423ac70293e4dde6b8263adcc1b8ef5e1af3f9aeb8761	67678
zil/avx512/chain3/radix37_z_t2tg_bwd_avx512.c	genset	-	-	-	-	-	31455e34b3c7e84df9095d1f4bceff0e11a0b4fc7747d6a2dd77c2e18789bc26	172303
zil/avx512/chain3/radix3_z_t2tg_bwd_avx512.c	genset	-	-	-	-	-	dfca994994f9bded8f020db53cdf7cd9e5c311d3969e837ecdf352280798cc63	5957
zil/avx512/chain3/radix41_z_t2tg_bwd_avx512.c	genset	-	-	-	-	-	43a0f774bf23b8cabbb444f7332398e6c4836f03ebcb98c8e718244ac46a9ce3	205542
zil/avx512/chain3/radix43_z_t2tg_bwd_avx512.c	genset	-	-	-	-	-	2ca4125149e89eaf2242dad264bfe586a78fc29020a32ac0384261493aea7a2a	224331
zil/avx512/chain3/radix47_z_t2tg_bwd_avx512.c	genset	-	-	-	-	-	f5a0107f4c8ba71647946b3536ebade7693f2ad7d592f0749f8e7be64ca03aa4	263247
zil/avx512/chain3/radix4_z_t2tg_bwd_avx512.c	genset	-	-	-	-	-	4bf4e1ba9faea3f8c89655ecb07c347eec2e94987f49de8c81bd98f8d97bde1f	6492
zil/avx512/chain3/radix5_z_t2tg_bwd_avx512.c	genset	-	-	-	-	-	20f26ba708884a51ac9fbca5c1742e622a1e154af92fecada3c8e7ee5e8453fa	9802
zil/avx512/chain3/radix64_z_t2tg_bwd_avx512.c	genset	-	-	-	-	-	bd017367a15c7eabbaf1e375b70c4158fa8cbd4d4a2b957a448d3e2e70a32cfa	150585
zil/avx512/chain3/radix6_z_t2tg_bwd_avx512.c	genset	-	-	-	-	-	26f1bc58d607c95db81bd1f125bb34ce12e3279c32d54d38b4b29f6b437f607d	11775
zil/avx512/chain3/radix7_z_t2tg_bwd_avx512.c	genset	-	-	-	-	-	e09beffd9be44b8e65c2e0e3cf874d237b1bfd264566db4d031c5d58da55ba09	14348
zil/avx512/chain3/radix8_z_t2tg_bwd_avx512.c	genset	-	-	-	-	-	69181e2d74de67b5c3853ff180f24225a6d40a53e6ca6fc2cdd29243b7435448	12866
zil/avx512/chain3/radix9_z_t2tg_bwd_avx512.c	genset	-	-	-	-	-	bec7382988b24c3bc97761602b33037ccab8ae7423ebd8dbb670baf89ba31747	19398
zil/avx512/flat/odd_mid/radix15_z_msz_avx512.c	genset	-	-	-	-	-	4e5ce17ce2b0d6c526889387bacf76f6fa49d0356cb1bf793c4daf7482c23294	53164
zil/avx512/flat/odd_mid/radix15_z_msz_bwd_avx512.c	genset	-	-	-	-	-	a9b09aab300120188aacde66cd2e491606014fd743507a48047e9757bc20c367	53240
zil/avx512/flat/odd_mid/radix15_z_mszt_bwd_avx512.c	genset	-	-	-	-	-	a613c7667cfdffdc7e736cc2c09658cba80969b4ed9611cb88cac35a93adb126	53459
zil/avx512/flat/odd_mid/radix3_z_msz_avx512.c	genset	-	-	-	-	-	6feefe71be1d87932e57d4e17af700311a2d3c3127e063137827af6763d7b157	8857
zil/avx512/flat/odd_mid/radix3_z_msz_bwd_avx512.c	genset	-	-	-	-	-	f4e92e37593ab4a4888315865e13c684c417f5281748ed91a740d5ec83aa0685	8877
zil/avx512/flat/odd_mid/radix3_z_mszt_bwd_avx512.c	genset	-	-	-	-	-	b9d21a1ed44861f3c4c7efc484de0e1eaea31b5e054a1b1e20ff27bb86d96b12	8888
zil/avx512/flat/odd_mid/radix5_z_msz_avx512.c	genset	-	-	-	-	-	d48bf02bd8a0d397a00a9c8c49a55f6cb448ac70ac83d0a0586519c4918f8562	15097
zil/avx512/flat/odd_mid/radix5_z_msz_bwd_avx512.c	genset	-	-	-	-	-	7b18a0fbb003f90e1cdfbe7a0cd6580c2ba2901ecbeb276223f78d193df367a3	15137
zil/avx512/flat/odd_mid/radix5_z_mszt_bwd_avx512.c	genset	-	-	-	-	-	c2df3712d8b7474d5132535cc074673b22c8dc408a617fb534be2fe79edf1409	15190
zil/avx512/flat/odd_mid/radix7_z_msz_avx512.c	genset	-	-	-	-	-	b7d045f52ef4b5f94e087c851c0ab93612dfd95f11cf4521cf10801e9ace90cb	21045
zil/avx512/flat/odd_mid/radix7_z_msz_bwd_avx512.c	genset	-	-	-	-	-	2a70def45a237849c78c3dfe91edb8bf6e75f44c811993558d9b963959260d8f	21065
zil/avx512/flat/odd_mid/radix7_z_mszt_bwd_avx512.c	genset	-	-	-	-	-	0fefcce363d8c615ff40b96ebb7912c1c5e3ffb0d17ebcea9f259267a375f293	21164
zil/avx512/flat/odd_mid/radix9_z_msz_avx512.c	genset	-	-	-	-	-	2ca97e21eefcf6ff21cfa2b73723e96cef384f445930deb4ac447dfe0270f3fd	27552
zil/avx512/flat/odd_mid/radix9_z_msz_bwd_avx512.c	genset	-	-	-	-	-	066eff982f4c4c38d0fcf9f5449c3a3d81f673caf5727a56abbc91244f0beb0b	27592
zil/avx512/flat/odd_mid/radix9_z_mszt_bwd_avx512.c	genset	-	-	-	-	-	141d75a53b5fc5c0e19380bf8e30aca1ec68d1ef5e3f29697a8fa911cebf322a	27733
zil/avx512/flat/radix11_z_t2cp_avx512.c	genset	-	-	-	-	-	f153da3e1b05341095bdf9001347643c63b5f0488f81b258fb08547a9ff59a45	42506
zil/avx512/flat/radix11_z_t2cp_bwd_avx512.c	genset	-	-	-	-	-	4927f51c884af221e16572ee25880079022b622034da7ac696561995e4bb93bb	42176
zil/avx512/flat/radix11_z_t2cs_avx512.c	genset	-	-	-	-	-	ee0b4cb91995bde73b02fe4a4fd7176f5bf1d374709b53c97fba5fb15e79fec9	48042
zil/avx512/flat/radix11_z_t2csg_avx512.c	genset	-	-	-	-	-	ab918f306402ea63dcd800c925a9a69eb43d8e2a861a5c8de665ad08504a7dd3	54404
zil/avx512/flat/radix11_z_t2csg_bwd_avx512.c	genset	-	-	-	-	-	ab601575f2f35c51ced7fc02bca04d2238d6660525414681e800fdb51598f5ba	54421
zil/avx512/flat/radix11_z_t2csgn_avx512.c	genset	-	-	-	-	-	d7a64596390b6a8245199c30ca8453cdc4814a6a83cfb44287055420ea1320ea	55651
zil/avx512/flat/radix11_z_t2csgn_bwd_avx512.c	genset	-	-	-	-	-	dc2da1524daa5808647450690aaf4aaed62c9ff79a668d571c1383d7bd54df4c	55668
zil/avx512/flat/radix11_z_t2csgnt_bwd_avx512.c	genset	-	-	-	-	-	c869d0d984dc89e66752496648aa0e507dcbe281c93eaf6b294cb41955af3bba	55331
zil/avx512/flat/radix11_z_t2csgt_bwd_avx512.c	genset	-	-	-	-	-	837e4600e8c849264ff235b36f5651262bebd651fe6482db387e5786862823c7	54084
zil/avx512/flat/radix13_z_t2cp_avx512.c	genset	-	-	-	-	-	f839ae6f67a8a094d44d593e509d23bf7aa20dc7f635fc299febbb84bd67ae4b	54014
zil/avx512/flat/radix13_z_t2cp_bwd_avx512.c	genset	-	-	-	-	-	23a896ff8117eb0ec6562a2d00feb1d7f8ae169f2e773cd0ce2fe8ffdf29f5b9	53622
zil/avx512/flat/radix13_z_t2cs_avx512.c	genset	-	-	-	-	-	db539e724407b3738c0ead84a8b8812decba106d5613ff70bf30bf54ea53c998	60530
zil/avx512/flat/radix13_z_t2csg_avx512.c	genset	-	-	-	-	-	fe528d5aa6e348f224697e52df95585afbc18de98190fa0bc5cb5b42040672e6	67984
zil/avx512/flat/radix13_z_t2csg_bwd_avx512.c	genset	-	-	-	-	-	32e9e83a5689c890e62fc22695c1ff5da4029c1d0b555c378b29e777a1eb8062	68001
zil/avx512/flat/radix13_z_t2csgn_avx512.c	genset	-	-	-	-	-	5ca74c179958600a11b3376af240e15dfd69e3489f4ca4570ba56368ee90e697	69231
zil/avx512/flat/radix13_z_t2csgn_bwd_avx512.c	genset	-	-	-	-	-	d67f32ec7ec9fccd310f5dcaae7a2ec917cb0647a27d7d57d1c1974322a3aae6	69248
zil/avx512/flat/radix13_z_t2csgnt_bwd_avx512.c	genset	-	-	-	-	-	bf755b25541b5c77cfcf1a3163d6ffad56da60ef92e4bbe963dd1e47eeb2e7f7	68849
zil/avx512/flat/radix13_z_t2csgt_bwd_avx512.c	genset	-	-	-	-	-	c4205576f95818d8aab59bab4de390847bf5e7ae044c4b2b065bfdd5d2284772	67602
zil/avx512/flat/radix15_z_t2cp_avx512.c	genset	-	-	-	-	-	cedf07ea4a9dff83f40187d57495d0907c660ddc7db8315cabbcc1e3b6cb4c91	65336
zil/avx512/flat/radix15_z_t2cp_bwd_avx512.c	genset	-	-	-	-	-	008a221c760be93c3d9135fa04c0cd9a35a814d395f39ea4d2f9628fb2904ad8	64888
zil/avx512/flat/radix15_z_t2cs_avx512.c	genset	-	-	-	-	-	1644ff8e83d9d3b44db4f9e65a4309641298d5d76352496446e1d65c31d3b054	72832
zil/avx512/flat/radix15_z_t2csg_avx512.c	genset	-	-	-	-	-	608f225d226ec63e62116d2e6d85e173bebedb34784ab6c263fccc2554fb38af	81374
zil/avx512/flat/radix15_z_t2csg_bwd_avx512.c	genset	-	-	-	-	-	5119cd8f075d49be55f033d385d994b97a2d6a0b02a6257ac5a5838d9bd3c03a	81391
zil/avx512/flat/radix15_z_t2csgn_avx512.c	genset	-	-	-	-	-	4242501bf5367a5b074a0297c0154ddc7c98942478fbf0efed45e634897a7e21	82621
zil/avx512/flat/radix15_z_t2csgn_bwd_avx512.c	genset	-	-	-	-	-	e596e80838cc3a636f3d493c9df446bfe2ebb615c831094eff3683001e2b33fe	82638
zil/avx512/flat/radix15_z_t2csgnt_bwd_avx512.c	genset	-	-	-	-	-	b72e4b6dd15fa197f6aef5c2f40ee081f4df81c945971ad5324f21f2f6c81d3b	82183
zil/avx512/flat/radix15_z_t2csgt_bwd_avx512.c	genset	-	-	-	-	-	f2667f1c0a7f5f0918d581909f2c21b9daf9c3a9368dfb2c3c60cbff0035a4b1	80936
zil/avx512/flat/radix16_z_t2cp_avx512.c	genset	-	-	-	-	-	7aafa2ccc78d5201c545e5577a519d8fc0acdcfe3b7f4ae020f27818d89fbffa	48802
zil/avx512/flat/radix16_z_t2cp_bwd_avx512.c	genset	-	-	-	-	-	c722a8207bfd90cd5103a3c8b0de4dac75ee3391a3b2700b1fc653f5bdf8a9fc	48804
zil/avx512/flat/radix16_z_t2cs_avx512.c	genset	-	-	-	-	-	5259c4fbeba7fc4dc03d338f274da9f951c54770cff0c07be2710017fc7cdcd1	56788
zil/avx512/flat/radix16_z_t2csg_avx512.c	genset	-	-	-	-	-	e73afff43a1794136c309a73b371a912c01ef793f1cca0ee9d85b712fe9748aa	65874
zil/avx512/flat/radix16_z_t2csg_bwd_avx512.c	genset	-	-	-	-	-	67ead53a8c60ef6117aac8a954547b89eb3e70bdd54cd049dda0f64416178bf7	65891
zil/avx512/flat/radix16_z_t2csgn_avx512.c	genset	-	-	-	-	-	1f97b95a0baece2431084a63c1cc8da3fbe1c10043e318bb9cc7ec8fda3838e7	67121
zil/avx512/flat/radix16_z_t2csgn_bwd_avx512.c	genset	-	-	-	-	-	cce366da046fcc7351a42e48e59937bdb23e7e79ed82de4f2714404fd1fa32be	67138
zil/avx512/flat/radix16_z_t2csgnt_bwd_avx512.c	genset	-	-	-	-	-	9c862f96d25b80ba7105d4b0efdf6ec4d25f077a48eb792b44cc40ff142e01d0	67133
zil/avx512/flat/radix16_z_t2csgt_bwd_avx512.c	genset	-	-	-	-	-	56cedf29cbdf40f2d04100110571deeb2238be732854480ffb0b5ffd11417e7d	65886
zil/avx512/flat/radix17_z_t2cp_avx512.c	genset	-	-	-	-	-	a7d49d56cc1cf8fd67048d526f0f4111202013560cf8bf360e994117661bda5f	80918
zil/avx512/flat/radix17_z_t2cp_bwd_avx512.c	genset	-	-	-	-	-	54af914029be79d400f6a0c86cc8e4f1267960659aed332d6418c182a30cf847	80417
zil/avx512/flat/radix17_z_t2cs_avx512.c	genset	-	-	-	-	-	4a99e7458caf463cff547aba1b1e5eefa1d7fe100edf6cf3b62c9e4b0dd373ea	89394
zil/avx512/flat/radix17_z_t2csg_avx512.c	genset	-	-	-	-	-	f9267149d79ab9ee78359d4177873d95014b57d0542f83c258ec408a24ad560e	99024
zil/avx512/flat/radix17_z_t2csg_bwd_avx512.c	genset	-	-	-	-	-	a75ef4a44050dacfa71e77b5269348e8f4c49daaa5d1fb60e613584a9c32cdf1	99041
zil/avx512/flat/radix17_z_t2csgn_avx512.c	genset	-	-	-	-	-	3da194169ca2640df8534ef9706bc0a3c18364b028fe40bddd44b12a172f2f7f	100271
zil/avx512/flat/radix17_z_t2csgn_bwd_avx512.c	genset	-	-	-	-	-	ae7b2d1ee408d16e8a32cad4f33fda2e4803756fe2243b3b085ab27e42ac8e80	100288
zil/avx512/flat/radix17_z_t2csgnt_bwd_avx512.c	genset	-	-	-	-	-	515b43d32c597db00e70e3330fd9f15c708b94efcde4e2f123fb1dc6485cdb9c	99780
zil/avx512/flat/radix17_z_t2csgt_bwd_avx512.c	genset	-	-	-	-	-	c3d8225184eca3ec4e1bda834ae64f846ca17326a130a41a569236ca7033a975	98533
zil/avx512/flat/radix19_z_t2cp_avx512.c	genset	-	-	-	-	-	0bf5182caf706d28d502d44e5a5217dd03f04f46b0c11dc8866629a841a4dc04	96040
zil/avx512/flat/radix19_z_t2cp_bwd_avx512.c	genset	-	-	-	-	-	6e26c2a2a81e24161aeb6d44f5942356c6e0d368fb6f97d314cb01eda529d9d8	95474
zil/avx512/flat/radix19_z_t2cs_avx512.c	genset	-	-	-	-	-	a8b56a3a17fd22a2c99fe9ff03ed2a4d1978400c6da02e60d0bc0490c584f9eb	105496
zil/avx512/flat/radix19_z_t2csg_avx512.c	genset	-	-	-	-	-	378c0586dd32a983ae904f6187d9d5f294c23ca1f6f9746d493c6074a8b45707	116246
zil/avx512/flat/radix19_z_t2csg_bwd_avx512.c	genset	-	-	-	-	-	0bbdf1f2541175b9af94fc77e5e08c040d84a1dedc3845d1cfaf859c9c21cde6	116263
zil/avx512/flat/radix19_z_t2csgn_avx512.c	genset	-	-	-	-	-	96e18288b17735a5f7d62240748a1611f9ad2496be6d5c000c058c40beba5e3b	117493
zil/avx512/flat/radix19_z_t2csgn_bwd_avx512.c	genset	-	-	-	-	-	4fd40a87c3a1be3e80a169711fa5ab8858a6917387cc06a636c58290a892dffb	117510
zil/avx512/flat/radix19_z_t2csgnt_bwd_avx512.c	genset	-	-	-	-	-	fc6ff0d78253ef470d5008df5847eda7ec5d0588fe7ac2a42268f2abaafd7b19	116937
zil/avx512/flat/radix19_z_t2csgt_bwd_avx512.c	genset	-	-	-	-	-	af920139f433f829e5ade71eb3d840acfefb4e3472c9cddece5065e1347f9b9d	115690
zil/avx512/flat/radix21_z_t2cp_avx512.c	genset	-	-	-	-	-	5f12ca64f8848d6e92fe05b9293bc9fa7f887da4918b8722fc6d1c318bffcdc8	109776
zil/avx512/flat/radix21_z_t2cp_bwd_avx512.c	genset	-	-	-	-	-	ed4d56a0d9c62856748eb0a5f4609f9bc6b103e35042e41ad71ca2d9c662e04c	109157
zil/avx512/flat/radix21_z_t2cs_avx512.c	genset	-	-	-	-	-	3a8d0fbe128a3a0af9a372027c1bbb3874a36718659485ce396c38afcb600654	120212
zil/avx512/flat/radix21_z_t2csg_avx512.c	genset	-	-	-	-	-	ab7d0ef82cbcfd877552dd115b214966ba73f6f5ec128bceaaf810ec6e6af1ef	132082
zil/avx512/flat/radix21_z_t2csg_bwd_avx512.c	genset	-	-	-	-	-	186a3df73728425f204518de1a24059a1822610f4447fa98c64ab8f4d0ef1753	132099
zil/avx512/flat/radix21_z_t2csgn_avx512.c	genset	-	-	-	-	-	756ab9165e76e7f61d1cd71b0a2cbf3426d6f2ae598f3fdeac1bb68f1e860b81	133329
zil/avx512/flat/radix21_z_t2csgn_bwd_avx512.c	genset	-	-	-	-	-	684d7133c81a10870c8550fb2511a380df05417e74846985e26b028349df86c0	133346
zil/avx512/flat/radix21_z_t2csgnt_bwd_avx512.c	genset	-	-	-	-	-	75b5f0bfbf584ee9387b6b670fc3e5e6dae9d4c65661ee46591d89dacdd61256	132720
zil/avx512/flat/radix21_z_t2csgt_bwd_avx512.c	genset	-	-	-	-	-	3a86ae1e9787b86583a10bed6a6a24517d6bbc702e45171ce8b6f317126676c4	131473
zil/avx512/flat/radix23_z_t2cp_avx512.c	genset	-	-	-	-	-	fd930000d27eeb70c58897d28fbe9b68c97dca24b929ebd02c62f736ce890ae6	129763
zil/avx512/flat/radix23_z_t2cp_bwd_avx512.c	genset	-	-	-	-	-	3b204a5afcb0f60d9fd0ed5f58fc076d64afc897889a3d9947b2f7a7a115f26f	129079
zil/avx512/flat/radix23_z_t2cs_avx512.c	genset	-	-	-	-	-	98da61b6df968de4d81219cb9de9abd787c91fd0d6b1ca478c93160141479871	141179
zil/avx512/flat/radix23_z_t2csg_avx512.c	genset	-	-	-	-	-	2c03fdde53ee1d1b3f9adf08adc3181a1eb1345c0e8e377864471306162df1c3	154169
zil/avx512/flat/radix23_z_t2csg_bwd_avx512.c	genset	-	-	-	-	-	419962cf5c55db7bfbb452d643e1b22595c0a3b69d38e575c0b422581332eb65	154186
zil/avx512/flat/radix23_z_t2csgn_avx512.c	genset	-	-	-	-	-	56efb167fb74145638e960f89d3c9a60f613dfb1b3b03bd012dff984eb7f4eb6	155416
zil/avx512/flat/radix23_z_t2csgn_bwd_avx512.c	genset	-	-	-	-	-	13030a576201349e9dbcb40b93b90b705e174097b182e045378136500fdfc76a	155433
zil/avx512/flat/radix23_z_t2csgnt_bwd_avx512.c	genset	-	-	-	-	-	44a420fac36fd7ba9d026c27f5b7523c13f6e5fccf7999ddb311603bcec9c674	154742
zil/avx512/flat/radix23_z_t2csgt_bwd_avx512.c	genset	-	-	-	-	-	0ca543162980ff4724b855271c51b1173fc0cbca90704bff11bea1fe8780ae52	153495
zil/avx512/flat/radix25_z_t2cp_avx512.c	genset	-	-	-	-	-	d7eaf085dae7d0207df3b24ee7ede772e92e06a3dcf857087948b9c79e0c3eb2	146782
zil/avx512/flat/radix25_z_t2cp_bwd_avx512.c	genset	-	-	-	-	-	b163d82cc4f5846a9c1ad9dc61fbaa0ede28d80c63add22799279b858a197a35	146036
zil/avx512/flat/radix25_z_t2cs_avx512.c	genset	-	-	-	-	-	6ba29ea1508d80d2acb65c8206cb6c642c5b23e120cd5cf2f866d101cf5e9105	159178
zil/avx512/flat/radix25_z_t2csg_avx512.c	genset	-	-	-	-	-	60a67f51151eb12424fcd6d076a68fb8549633f9bbbfff8d59cf379c1472ab14	173288
zil/avx512/flat/radix25_z_t2csg_bwd_avx512.c	genset	-	-	-	-	-	bb1da8ff32f48f31b597f9482a72781defe9cda45f5274958ea713d7aa3e732e	173305
zil/avx512/flat/radix25_z_t2csgn_avx512.c	genset	-	-	-	-	-	69ce6b00498f915a4d9b5a39c7ff319305e8f2fb1b1a33d756d3a0e49499d37a	174535
zil/avx512/flat/radix25_z_t2csgn_bwd_avx512.c	genset	-	-	-	-	-	b765d3d6e5e21ad24933ae56112dac5ec9ee4d90ede8932eb9ba93a5e104cfb9	174552
zil/avx512/flat/radix25_z_t2csgnt_bwd_avx512.c	genset	-	-	-	-	-	89f65d5677464928a58965a953a5d0e2cd3b50e20a6e0f658edb804ec79985c4	173799
zil/avx512/flat/radix25_z_t2csgt_bwd_avx512.c	genset	-	-	-	-	-	6acc821c35f39ac89abf65e2a149b9efb29748bdd20b4442d29ca2483ee6e83c	172552
zil/avx512/flat/radix27_z_t2cp_avx512.c	genset	-	-	-	-	-	288e01be36016ebba62d427ad5952fe5c47c669c34901b579c9e56d224463c68	165625
zil/avx512/flat/radix27_z_t2cp_bwd_avx512.c	genset	-	-	-	-	-	f7f7997c82e810710591c712da9ea3d998d8497384212cdc1aa89cbdba3a5963	164819
zil/avx512/flat/radix27_z_t2cs_avx512.c	genset	-	-	-	-	-	35b66297da5191c1c7bc3759c486be8b8426245d18a753157c17a38fb6f301a9	179001
zil/avx512/flat/radix27_z_t2csg_avx512.c	genset	-	-	-	-	-	79a9685dd0659adc2cae5798f14de4f792bac0e343d6357a725e566c983e2838	194247
zil/avx512/flat/radix27_z_t2csg_bwd_avx512.c	genset	-	-	-	-	-	9d20d44d42af45e7d6da23edbf05f1d6c48d3e4a0792718b1a052a82de830010	194264
zil/avx512/flat/radix27_z_t2csgn_avx512.c	genset	-	-	-	-	-	893fbdfebd77e9d3671e898f602c7b0e2c0c7d11884a1075291d85b28fc12cfb	195494
zil/avx512/flat/radix27_z_t2csgn_bwd_avx512.c	genset	-	-	-	-	-	dbbe39c44f08f5ba352776d69d6c67501cb6e296651945b2dc915becdeb1aa35	195511
zil/avx512/flat/radix27_z_t2csgnt_bwd_avx512.c	genset	-	-	-	-	-	893e11166cb9fafe065a33e73285292ea9ad767002d0718d6086ca8f35136c80	194698
zil/avx512/flat/radix27_z_t2csgt_bwd_avx512.c	genset	-	-	-	-	-	79846d8c6404419441201b2d77ca8aad276551ab7b5895d1ea500f1c8378e51e	193451
zil/avx512/flat/radix29_z_t2cp_avx512.c	genset	-	-	-	-	-	baa50d6a43a0b75ee96b6a4c59584d8dd23c69e194cae3bcc87dbbe0fc8fec82	189638
zil/avx512/flat/radix29_z_t2cp_bwd_avx512.c	genset	-	-	-	-	-	00f96ad58b3792933b274bc69a07e990a0a222e23fa8dafb9b90b0a40f844599	188754
zil/avx512/flat/radix29_z_t2cs_avx512.c	genset	-	-	-	-	-	aa70dfc913d99bcb7b540ad6fe0bdb75839c86eb09e5faf67a0c13c4e08ec3fc	203994
zil/avx512/flat/radix29_z_t2csg_avx512.c	genset	-	-	-	-	-	286a90079c46f54f6b1c23e5f782075f11caf6934755486820fd3c27b4dd3987	220392
zil/avx512/flat/radix29_z_t2csg_bwd_avx512.c	genset	-	-	-	-	-	050926279064a30462aba62566c5d5218f40e1ed1cf08319264b37bd12cf4c81	220409
zil/avx512/flat/radix29_z_t2csgn_avx512.c	genset	-	-	-	-	-	8af9c57a192a593facd3f61840300cea606e4f27d4fc89e28daa0856293f7797	221639
zil/avx512/flat/radix29_z_t2csgn_bwd_avx512.c	genset	-	-	-	-	-	e23632042fce3c21960c4b4c846e905f4deb67d907cc42527ce2014df9b7baf9	221656
zil/avx512/flat/radix29_z_t2csgnt_bwd_avx512.c	genset	-	-	-	-	-	f20cad1758f54f54da5907f568176c7f112a9e902c140a5921190b03770c2995	220765
zil/avx512/flat/radix29_z_t2csgt_bwd_avx512.c	genset	-	-	-	-	-	30bc55904935a80cf43134d333dced9e06724c2f2f07f47cffae12861ef1c42e	219518
zil/avx512/flat/radix31_z_t2cp_avx512.c	genset	-	-	-	-	-	8edd2f1bf3acdcb99f8fd42fcf2f42ae1a73f91f3e6141838f79ff23727a6cd3	212183
zil/avx512/flat/radix31_z_t2cp_bwd_avx512.c	genset	-	-	-	-	-	9e120f876537c8c46daba9f12055fdbbf1e1bf5937fb1581223fcac767c74abc	211095
zil/avx512/flat/radix31_z_t2cs_avx512.c	genset	-	-	-	-	-	af0be676d2f2ec789920a59f6739d253017057c5d9bf6600220ef728209a945e	227519
zil/avx512/flat/radix31_z_t2csg_avx512.c	genset	-	-	-	-	-	e855df4d4f907972b2e8e9ee722d5b521bdc6f1d544cfb31eab5cb9278d96753	245069
zil/avx512/flat/radix31_z_t2csg_bwd_avx512.c	genset	-	-	-	-	-	9b4cd77191ee418bdf266ea982c212440c8996ee58abab4e309ce644d0775c88	245086
zil/avx512/flat/radix31_z_t2csgn_avx512.c	genset	-	-	-	-	-	4fb7381991c1ba0f59b68aa2c8ae93570e8b25fc09d54723652e78a8f6336371	246316
zil/avx512/flat/radix31_z_t2csgn_bwd_avx512.c	genset	-	-	-	-	-	4477d9744c69c657e91a6061f7e48fd4604c878b788b12717232d74e8d8f363b	246333
zil/avx512/flat/radix31_z_t2csgnt_bwd_avx512.c	genset	-	-	-	-	-	d5a6fa9e0f0f83e01d54b14de43d684f7891bdc7a4d1952c796a8c23d46d0e03	245238
zil/avx512/flat/radix31_z_t2csgt_bwd_avx512.c	genset	-	-	-	-	-	4fd3865c145e21f1202c669e1fa1f3850afe3a3c832b20f62b3e64afd0269fb6	243991
zil/avx512/flat/radix37_z_t2cp_avx512.c	genset	-	-	-	-	-	5345949a9dec410c6f77031a3cf8e68ab89bb9cb51dfa4b1f6336f4daeadce2a	286771
zil/avx512/flat/radix37_z_t2cp_bwd_avx512.c	genset	-	-	-	-	-	fd0f96cb524b0e8275b4c15709e23e8b188e04ca312a272a2a22386a3466bd30	284879
zil/avx512/flat/radix37_z_t2cs_avx512.c	genset	-	-	-	-	-	d60f79708b250dd8321bbb34be184ed7c49539ad59b7b489f548a6b7762dc027	305047
zil/avx512/flat/radix37_z_t2csg_avx512.c	genset	-	-	-	-	-	6d67c44b3ed549e4a234a4fe6717f1ca16cb7808e00e136fc5e54a1f9e9b1eee	325989
zil/avx512/flat/radix37_z_t2csg_bwd_avx512.c	genset	-	-	-	-	-	a8a0f9da2d97e72ba21731b58ad7bec1f8c6f59ec01f86d2453b43567a0cb6db	326006
zil/avx512/flat/radix37_z_t2csgn_avx512.c	genset	-	-	-	-	-	78991d55f0f3ba5973a68f686bcdccb98cc729107b166d5660f73956db87f7a8	327236
zil/avx512/flat/radix37_z_t2csgn_bwd_avx512.c	genset	-	-	-	-	-	7cbc5049f44172e957584159a0cc2a390828c36751de4c67d15ab8d8d0e33dbc	327253
zil/avx512/flat/radix37_z_t2csgnt_bwd_avx512.c	genset	-	-	-	-	-	da68db54d12d354a13f6b79219e1dd977612ea2cf456f95e04629b9d2ddbbc6d	325354
zil/avx512/flat/radix37_z_t2csgt_bwd_avx512.c	genset	-	-	-	-	-	54a0349b80abf8f9a5fa98ea6d4fbb54326271bed4d847bf98272b5e38cf71d6	324107
zil/avx512/flat/radix3_z_t2cp_avx512.c	genset	-	-	-	-	-	dc9725af3e0a88171ec88253b3c1f89974e33d4ad43e9c868527cf0b365fefc1	8313
zil/avx512/flat/radix3_z_t2cp_bwd_avx512.c	genset	-	-	-	-	-	aaf83f182604dcff66ad36057091ac17690058fded18069a524e9bc6023916aa	8323
zil/avx512/flat/radix3_z_t2cs_avx512.c	genset	-	-	-	-	-	d0c15604a1d4a347d99808ef6cb8ab797b6b4bdcf85adb09cdd49f86ce3dde12	9892
zil/avx512/flat/radix3_z_t2csg_avx512.c	genset	-	-	-	-	-	22eb251ac7ea4c07e7f6efa3ec328f2d7390f112de668ccf89d3bd341e9658b6	11982
zil/avx512/flat/radix3_z_t2csg_bwd_avx512.c	genset	-	-	-	-	-	246a986e8a79b1dac2739b0f2a0885cf13072502104d28e656721de1fff6a573	11999
zil/avx512/flat/radix3_z_t2csgn_avx512.c	genset	-	-	-	-	-	5985782d6c83042412b9fec670c9b556b12820ed909dedfa2de737e0a444e49d	13225
zil/avx512/flat/radix3_z_t2csgn_bwd_avx512.c	genset	-	-	-	-	-	733f6aaae6478f2335a93b0899392221600430f06f6c6b6ee5c86ef7753ee11f	13242
zil/avx512/flat/radix3_z_t2csgnt_bwd_avx512.c	genset	-	-	-	-	-	618b666e2ef153fb127d08ff441a01231b35b69e4cc7c8b3a23973acb23c92b8	13245
zil/avx512/flat/radix3_z_t2csgt_bwd_avx512.c	genset	-	-	-	-	-	3f04c6b4954bebbbc0d67ee3c7d1cb3565aa9e7ff894fe23ca3e27c7b389c51a	12002
zil/avx512/flat/radix41_z_t2cp_avx512.c	genset	-	-	-	-	-	bad94e5c3a7c652f1300b2ea03c81bb5a93ee8625cc45b3fca0dbff7c6e5f4d0	342263
zil/avx512/flat/radix41_z_t2cp_bwd_avx512.c	genset	-	-	-	-	-	695fbc22961f47de3fe09df4b00fdaa9d49004156314e272410f51d48b444813	339809
zil/avx512/flat/radix41_z_t2cs_avx512.c	genset	-	-	-	-	-	026dfe12c066923fddfe59c9910afcbd6712cad3de25646761a0c3206cf5a295	362499
zil/avx512/flat/radix41_z_t2csg_avx512.c	genset	-	-	-	-	-	c0222214cfc4748fbc0b28b910a0b08d0f9daf927f5bc97b17dca6d9a006b83e	385681
zil/avx512/flat/radix41_z_t2csg_bwd_avx512.c	genset	-	-	-	-	-	13d79aea9965b188d31819642b5a1580af53d341058bc41f36b6bcf4a6e55d48	385698
zil/avx512/flat/radix41_z_t2csgn_avx512.c	genset	-	-	-	-	-	054a20ef4ba322554897787f86b21456cea052c51f55e99fc8f1504df1b4a053	386928
zil/avx512/flat/radix41_z_t2csgn_bwd_avx512.c	genset	-	-	-	-	-	5480c209ecb300e45fb47f87fc9c427243b264408a53ce10b102b4c091a8c965	386945
zil/avx512/flat/radix41_z_t2csgnt_bwd_avx512.c	genset	-	-	-	-	-	1bfc06ece9c13cde0917573d94f153f8a64bb032d3bd9ece630e0dd5b778f6f7	384484
zil/avx512/flat/radix41_z_t2csgt_bwd_avx512.c	genset	-	-	-	-	-	992d727235f2566b51072834f40bb2d9c8d1e2856ac4a9e89723d9dbbc59c31a	383237
zil/avx512/flat/radix43_z_t2cp_avx512.c	genset	-	-	-	-	-	9a88a4db89872eb15f9e35188ac32376b9be81eab302e04e179e8827c495f7dd	373378
zil/avx512/flat/radix43_z_t2cp_bwd_avx512.c	genset	-	-	-	-	-	1e98ff36078c6d41129872cd2fb76667a9d14274daacaf4b2791d535da2ef3a9	370544
zil/avx512/flat/radix43_z_t2cs_avx512.c	genset	-	-	-	-	-	07bf41879c2bb17d9b45504cfbc25ffb24b63c6a60527011366c68d0d774ddfa	394594
zil/avx512/flat/radix43_z_t2csg_avx512.c	genset	-	-	-	-	-	9dd4acbd25d2ce577bd1c0f5d7f86f7ed552584845dad05abb8386333458060a	418912
zil/avx512/flat/radix43_z_t2csg_bwd_avx512.c	genset	-	-	-	-	-	5066d62cf34c0cd5a54c5fd86610dbcec2913d804b414da40eff4c9863db85f7	418929
zil/avx512/flat/radix43_z_t2csgn_avx512.c	genset	-	-	-	-	-	962c00d5587fb7e4c2ec0aa3225367b671f9593a7785111af3c278d5b6273e08	420159
zil/avx512/flat/radix43_z_t2csgn_bwd_avx512.c	genset	-	-	-	-	-	a13df542232ca46e5fe0957af75b561e0d694d7e989a42e37b03327b314d499e	420176
zil/avx512/flat/radix43_z_t2csgnt_bwd_avx512.c	genset	-	-	-	-	-	eb97ef24f161ec5b52a1b9f819ad1e4f7dabd632a7fba30a1d5a79abf9eedc2f	417335
zil/avx512/flat/radix43_z_t2csgt_bwd_avx512.c	genset	-	-	-	-	-	8004ba049792cfa7f7fec7feea6b766b07d3a8cec06b1e1746221814ada0c057	416088
zil/avx512/flat/radix47_z_t2cp_avx512.c	genset	-	-	-	-	-	1a2635e02a5bbe067004411404f10fec3c43a4cfa5615192de920c2fd3d0c561	437942
zil/avx512/flat/radix47_z_t2cp_bwd_avx512.c	genset	-	-	-	-	-	5b80c74d582b239ac4f6fe160398d929dc996ac4931a494b66d6956d3bc85460	434357
zil/avx512/flat/radix47_z_t2cs_avx512.c	genset	-	-	-	-	-	85ce4d083241beb0348c6e74f8de492d1ebb57e15b5cd81f62fa065f9b6116a1	461118
zil/avx512/flat/radix47_z_t2csg_avx512.c	genset	-	-	-	-	-	a0231ae3f6da3f74b41ed5b5c6ab08fb73a3a7bf75148701a2bafef664f8312f	487740
zil/avx512/flat/radix47_z_t2csg_bwd_avx512.c	genset	-	-	-	-	-	8e87362f4eee025007a8316e91b71e52dc6e7d2ab636564e7c3c793765b8051d	487757
zil/avx512/flat/radix47_z_t2csgn_avx512.c	genset	-	-	-	-	-	c7168f910f404ba0e8005738edd870d8aff8dc640692d69bb4e280a0a03d0178	488987
zil/avx512/flat/radix47_z_t2csgn_bwd_avx512.c	genset	-	-	-	-	-	ab2e5ba9807a8d2ac5b07ff639a4e1efb2fc9dcebb52f16634e2fc3e80272bea	489004
zil/avx512/flat/radix47_z_t2csgnt_bwd_avx512.c	genset	-	-	-	-	-	8be25d00de68ae6d4eed261925949c47b9d5f37bc2e961a5c05b089c5e344514	485412
zil/avx512/flat/radix47_z_t2csgt_bwd_avx512.c	genset	-	-	-	-	-	d18709eb659009491056565429dbb55be41ac1d2653bb5932c85ede858c3b55a	484165
zil/avx512/flat/radix4_z_t2cp_avx512.c	genset	-	-	-	-	-	0345cae99e55b8b295a6e9b83c8853131a353725e7fdd6a091d962e8d73eb058	9112
zil/avx512/flat/radix4_z_t2cp_bwd_avx512.c	genset	-	-	-	-	-	f885fc9b903321f1f47ad6dfd724530a5dc042d75c5ae7043d751c1410c30a43	9126
zil/avx512/flat/radix4_z_t2cs_avx512.c	genset	-	-	-	-	-	80e04f751ec56ab6e2a3b719a119ec250b84d2253b2d4d4145a6aa8160eda80a	11185
zil/avx512/flat/radix4_z_t2csg_avx512.c	genset	-	-	-	-	-	f37804602f018ff52c31ed3fb5240f7193ec309cecf0a0c461227bfe311ec7f1	13811
zil/avx512/flat/radix4_z_t2csg_bwd_avx512.c	genset	-	-	-	-	-	d186f729c2c48b0d1a45484a3a9e1ffdb423e4e75e6ed93698597bef58d74e99	13828
zil/avx512/flat/radix4_z_t2csgn_avx512.c	genset	-	-	-	-	-	896ba24134150959bad864177a981a644b4a8329fd75f113523332956cabdaea	15054
zil/avx512/flat/radix4_z_t2csgn_bwd_avx512.c	genset	-	-	-	-	-	6bfc742457e35f0a3f3a80e1b8db88abcdd2df969ffd67fcd7b2c21ce8869f6a	15071
zil/avx512/flat/radix4_z_t2csgnt_bwd_avx512.c	genset	-	-	-	-	-	89d8c34a52efca977a59af22fc6364b7edca6db1b4b1b1dc3a249d5677fd54ce	15078
zil/avx512/flat/radix4_z_t2csgt_bwd_avx512.c	genset	-	-	-	-	-	b97d766edcaaf77f0761d672c907136b49545fb568d4323764aae7bb1d1d34b7	13835
zil/avx512/flat/radix5_z_t2cp_avx512.c	genset	-	-	-	-	-	300eb6daddcb14396206ff3ed98708d867d3ac44beb5017ed096d4d39e04ebff	14868
zil/avx512/flat/radix5_z_t2cp_bwd_avx512.c	genset	-	-	-	-	-	635a044956167d1fef10d59c3d4ae4592ced6bb14830020c24156b885b2319d7	14882
zil/avx512/flat/radix5_z_t2cs_avx512.c	genset	-	-	-	-	-	b6a45745579caee70eab7020683442535008c770aed6716d8dddfb478333da10	17435
zil/avx512/flat/radix5_z_t2csg_avx512.c	genset	-	-	-	-	-	3943e0b16b47d8e86afc32d776058a2e3abeae6a9c2defc3aac35a5be3b03c81	20597
zil/avx512/flat/radix5_z_t2csg_bwd_avx512.c	genset	-	-	-	-	-	bde904f720f3ca7fb2c58898ea36e52c37231fe6409c231134c6c8ebf2240a36	20614
zil/avx512/flat/radix5_z_t2csgn_avx512.c	genset	-	-	-	-	-	ff45c9606543c2a8d61aeb9c932b19ffc0c0256a8d60df054da33d77662ebf58	21840
zil/avx512/flat/radix5_z_t2csgn_bwd_avx512.c	genset	-	-	-	-	-	826828c387c63409b6e3ebc21e5d157aa5f6a5da0aa592aba09c5c8c4d785cd9	21857
zil/avx512/flat/radix5_z_t2csgnt_bwd_avx512.c	genset	-	-	-	-	-	7e73252b5076f8cc25f8b0642ca47f9a77e31e309e7ddc69193d29b9dad778a2	21864
zil/avx512/flat/radix5_z_t2csgt_bwd_avx512.c	genset	-	-	-	-	-	5e904da19453872f90492feb36050eb1ea35523fa8dc4ac70029d024444daed0	20621
zil/avx512/flat/radix7_z_t2cp_avx512.c	genset	-	-	-	-	-	f7cbeff5004a42e4e7563b1a93c7e0434e71c9a867413f1842554ce5d3b2debc	22893
zil/avx512/flat/radix7_z_t2cp_bwd_avx512.c	genset	-	-	-	-	-	97d6841c09c8fc23e258487515f447b2d3e04d79079c00fda3a3805f47d164d6	22879
zil/avx512/flat/radix7_z_t2cs_avx512.c	genset	-	-	-	-	-	1c54139c1c965e5cb8a92bc2e99835cff3f45c37f988f473d91984e460dba0bf	26448
zil/avx512/flat/radix7_z_t2csg_avx512.c	genset	-	-	-	-	-	c60acf609d6140d2afa2df4f080eb39724a0b9b978109d3c2378fc90c2af5776	30682
zil/avx512/flat/radix7_z_t2csg_bwd_avx512.c	genset	-	-	-	-	-	253f295516bad20fad18da77117fe8e685d19849e893dbfe7395d4d3b868b6e8	30699
zil/avx512/flat/radix7_z_t2csgn_avx512.c	genset	-	-	-	-	-	19693b7fb257f0364fd3c0a3e9b92b5c7eb9a7ed85256b00989e0ae8fda39c0a	31925
zil/avx512/flat/radix7_z_t2csgn_bwd_avx512.c	genset	-	-	-	-	-	07f24be7e4aa42096b668913068229a0f5d67a834a3643a9337182660b9949d1	31942
zil/avx512/flat/radix7_z_t2csgnt_bwd_avx512.c	genset	-	-	-	-	-	53fa02df85c91799a079655717a5f9d02f16d84449f012601f0c2c9bbdd9a21a	31921
zil/avx512/flat/radix7_z_t2csgt_bwd_avx512.c	genset	-	-	-	-	-	ad287c0b9653fdde57b1834007e5ff4a0b6fedfbaceaca946ba4d99dd6c23c5f	30678
zil/avx512/flat/radix8_z_t2cp_avx512.c	genset	-	-	-	-	-	941d2ff4cf8e044733a42cc5390db393ab4ecec2b4bbb5b4592cdc0936e0aaa0	20014
zil/avx512/flat/radix8_z_t2cp_bwd_avx512.c	genset	-	-	-	-	-	50138d8448b2df7fa5931392bb4963a4725f31e671b297ce2ac23989bad5cb46	20024
zil/avx512/flat/radix8_z_t2cs_avx512.c	genset	-	-	-	-	-	ab6ca3d78a3a2916f67602d9609e01ad231195b2ca27d4fd5721ceab7d7cd238	24068
zil/avx512/flat/radix8_z_t2csg_avx512.c	genset	-	-	-	-	-	85496cd86470f314271b699239feec239457c89e5dbe2dae871dd07e30ac6f5b	28830
zil/avx512/flat/radix8_z_t2csg_bwd_avx512.c	genset	-	-	-	-	-	90e40f2346611b781e3c7aaecd3dde5f0adb8f3e8c74dda4b86f67abbdc4501a	28847
zil/avx512/flat/radix8_z_t2csgn_avx512.c	genset	-	-	-	-	-	ff186bd9f2e2b5fa54808a3a975bf65ee0599577cc9c92b3e6996f480c38e1ff	30073
zil/avx512/flat/radix8_z_t2csgn_bwd_avx512.c	genset	-	-	-	-	-	015cdb481d57dcf3843743f649abc578d622023f47868215d8bf02bd8bdf3ed7	30090
zil/avx512/flat/radix8_z_t2csgnt_bwd_avx512.c	genset	-	-	-	-	-	2be152a4b5dcfd50d13778b58cf589337a40a06e7b122c42e7a0851223eb98fe	30093
zil/avx512/flat/radix8_z_t2csgt_bwd_avx512.c	genset	-	-	-	-	-	6cd21575799e644facafe9157216ebb8615a86d4ef4a624aa54c2462cfdfc8a9	28850
zil/avx512/flat/radix9_z_t2cp_avx512.c	genset	-	-	-	-	-	4177dfb7f60e88a6fb056a0d700dedabfc8627e1ce6c607b1fa88458edbddc80	31998
zil/avx512/flat/radix9_z_t2cp_bwd_avx512.c	genset	-	-	-	-	-	327fab7226b61bce64a8e6748972693ebb7948452bb5fc6e7212129bd5aa0cb8	31727
zil/avx512/flat/radix9_z_t2cs_avx512.c	genset	-	-	-	-	-	045920eb8a01f229beeb26cffbc8c8df7f63a45788c34c218f4dc54a635dbdbc	36548
zil/avx512/flat/radix9_z_t2csg_avx512.c	genset	-	-	-	-	-	8d0cd6336025e76f43358111f497da0f2e35c13858f3179658fcb08dfa7462c7	41838
zil/avx512/flat/radix9_z_t2csg_bwd_avx512.c	genset	-	-	-	-	-	b604eab84e1e1462de2f60b1f9f156061e8bf4e7938eaaf645d424dd563900f5	41855
zil/avx512/flat/radix9_z_t2csgn_avx512.c	genset	-	-	-	-	-	42bb02b4b97a9316d92a05d8d8fbe8678cbc84534f68800258bbbca2cc3a92c0	43081
zil/avx512/flat/radix9_z_t2csgn_bwd_avx512.c	genset	-	-	-	-	-	c011a8284bc2ce3eeb6a8296840723f3fe5c2b18c9b90075ecfbb1d6998f5e4c	43098
zil/avx512/flat/radix9_z_t2csgnt_bwd_avx512.c	genset	-	-	-	-	-	f775091d0534d2954e68478c1650f7d359f3073f4d7b3090919fced9ecde9278	42820
zil/avx512/flat/radix9_z_t2csgt_bwd_avx512.c	genset	-	-	-	-	-	bd1d223e8c42d5c69d6b7e4cabd6356ac267e7f33247e205e99e32fe2e324aa9	41577
zil/avx512/mono/vfft_k1_mono64_il_bwd_avx512.c	genset	-	-	-	-	-	019fbf5ca563d47a41a1aa8bac125593e746550381ab578b889fe64d79e26170	26210
zil/avx512/mono/vfft_k1_mono64_il_fwd_avx512.c	genset	-	-	-	-	-	401341ca12fe7cb9b4ba8eded8a1fd2fb95373dfb603d89ea5433e1c2c509792	26302
zil/avx512/pair2p/blocked/radix32_z_n1b216_bwd_avx512.c	genset	-	-	-	-	-	29776d192a0f17734f9386be385d95b79d95fd56c3ad2f6221661d2d3e638864	93496
zil/avx512/pair2p/blocked/radix32_z_n1b48_bwd_avx512.c	genset	-	-	-	-	-	4d01d41eee5c1714438312bb032bb174223f1abebae8f3913f5876647fea0bdd	93874
zil/avx512/pair2p/blocked/radix32_z_t2bt216_bwd_avx512.c	genset	-	-	-	-	-	2d950c14e8d3fe737c144023806f96018b1597150cd085d3e745edc16b210ce5	62458
zil/avx512/pair2p/blocked/radix32_z_t2bt48_bwd_avx512.c	genset	-	-	-	-	-	7c2029c92bea3dd0d69c78976a44aff7870124d472c0fb3dbc7b1e39ff8803b4	62467
zil/avx512/pair2p/blocked/radix64_z_n1b416_bwd_avx512.c	genset	-	-	-	-	-	9d6d358eb1a7922976518de18be9d36ddfbc9f7571aacd5279ad956d75f240eb	218363
zil/avx512/pair2p/blocked/radix64_z_n1b88_bwd_avx512.c	genset	-	-	-	-	-	c86b845d5cacc7c407cf19920bfc6cee05367e3c9431467a6df8b7327ee0c889	218434
zil/avx512/pair2p/blocked/radix64_z_n1tb416_avx512.c	genset	-	-	-	-	-	5e622fa4dc227e37981c4778ab5a854d58bf10d6a62064cecb8067f1cead0202	120163
zil/avx512/pair2p/blocked/radix64_z_n1tb88_avx512.c	genset	-	-	-	-	-	63cc100427004c257e450026a3fba562a80f19523f0e79f534242052ce6eb6c2	119356
zil/avx512/pair2p/blocked/radix64_z_t2b416_avx512.c	genset	-	-	-	-	-	aaa8e360547f9a198d4d6b865954426fc952e46a1e4ac25b4893c657da2da122	257881
zil/avx512/pair2p/blocked/radix64_z_t2b88_avx512.c	genset	-	-	-	-	-	6256fd79ea06bf85a906e2daf72c75e3918ae70bc22316d916b2beb205092289	257807
zil/avx512/pair2p/blocked/radix64_z_t2bt416_bwd_avx512.c	genset	-	-	-	-	-	aba1c1fc3c712719a414abefd9143efc9d63273ce75962e70747c72a42ba2aca	138617
zil/avx512/pair2p/blocked/radix64_z_t2bt88_bwd_avx512.c	genset	-	-	-	-	-	7860f09eb4b5ece663f2163ffd5b00338d39452e0845bf13d92527e45a6b8d33	137940
zil/avx512/pair2p/radix10_z_n1t_avx512.c	genset	-	-	-	-	-	6c770d7af996d2b9ffb0ec800297c1a079c0ba4001f05628304e9cb88646a484	16125
zil/avx512/pair2p/radix10_z_n1t_bwd_avx512.c	genset	-	-	-	-	-	0f619802d7adf21f1c588357a444461a372d29dd4c6437a77d1b0160e88175d0	16135
zil/avx512/pair2p/radix10_z_t2_avx512.c	genset	-	-	-	-	-	228f43029a24c596c078a4fcafc61e64642be7d6d76bfc7166e49ffce9c9cc22	32366
zil/avx512/pair2p/radix10_z_t2_bwd_avx512.c	genset	-	-	-	-	-	15d028cbb18383206eb770d185350d5ca8c9d80a5b559e0e94c44b51be153376	32384
zil/avx512/pair2p/radix10_z_t2t_bwd_avx512.c	genset	-	-	-	-	-	6c1b422ec0768869c93014af84d8d5ab5cbdd10cd4ed49014356586b955500ae	18884
zil/avx512/pair2p/radix11_z_n1t_avx512.c	genset	-	-	-	-	-	47647f19bbbd3e76e26fa6965ffc97ef23c8fb8be8ca8a9026878a5b2d7ad165	20125
zil/avx512/pair2p/radix11_z_n1t_bwd_avx512.c	genset	-	-	-	-	-	659c02e8dfbc488044b429971dbbb6ddca1d9e9d24e75094f744fbaa5a93a989	20135
zil/avx512/pair2p/radix11_z_t2_avx512.c	genset	-	-	-	-	-	554c08a80848b172c009212cb4db1e6e1b57b6132efae96be456542cdefbb813	40814
zil/avx512/pair2p/radix11_z_t2_bwd_avx512.c	genset	-	-	-	-	-	8383935c3d87bc8fdecb9feb0ae6bc0175a6c94abfcf0287380650e9c7d67569	40492
zil/avx512/pair2p/radix11_z_t2t_bwd_avx512.c	genset	-	-	-	-	-	bb99a3939c91bba6606240a907ca85fa8b094195a5b0b99b72d5be7b7e77e496	23189
zil/avx512/pair2p/radix12_z_n1t_avx512.c	genset	-	-	-	-	-	fff6b8739dca7bd9dda4ab01cae3185b82537ebddbafe3f03d3cae73b6ad2b4c	17203
zil/avx512/pair2p/radix12_z_n1t_bwd_avx512.c	genset	-	-	-	-	-	5e7d9db2b5fcb64cc9d6d30f9b50bb4c572ee9fa9e0159c2dae3006a170f2a60	17213
zil/avx512/pair2p/radix12_z_t2_avx512.c	genset	-	-	-	-	-	b971f0dbca15adff5dd83b5416283beb8d4737ae1ee07c7c3fb08f6e3e265878	36217
zil/avx512/pair2p/radix12_z_t2_bwd_avx512.c	genset	-	-	-	-	-	a534c29914628991764faf438d03d87bb7e484e10aa8c63b2d33a15e8c55d997	36235
zil/avx512/pair2p/radix12_z_t2t_bwd_avx512.c	genset	-	-	-	-	-	dcd54907bec7f98743ae8080e1befccca604b392c5e7aa92420c11be5bcad1b4	20546
zil/avx512/pair2p/radix13_z_n1t_avx512.c	genset	-	-	-	-	-	85f30265b556b55ea59fbe0ca7c3bb5382a61a5506dfd9e7589476ad4c59ff1f	25840
zil/avx512/pair2p/radix13_z_n1t_bwd_avx512.c	genset	-	-	-	-	-	f442df76793a186b8d88fee2c7282f73aa4b378c85f15bd87eb3a084872549ea	25850
zil/avx512/pair2p/radix13_z_t2_avx512.c	genset	-	-	-	-	-	8ffc1dd0b6f2f778fd20b60a4b5d5c62c5e24898bf1b68edb375c3244e93bca9	51974
zil/avx512/pair2p/radix13_z_t2_bwd_avx512.c	genset	-	-	-	-	-	f056345df41b303d3a8b9afc5257cd8e5e2af79a451eb4a779a0bdc2c595fbd3	51590
zil/avx512/pair2p/radix13_z_t2t_bwd_avx512.c	genset	-	-	-	-	-	71f4a01555c03ae061ddcfaba3bcbf540a5eea4f645e96c090e64d88a363ef44	29523
zil/avx512/pair2p/radix15_z_n1_ct_bwd_avx512.c	genset	-	-	-	-	-	f316e90caea9d1d92f232b47fcadc57db7f50ee5e2e852046e1a6ec17be53824	46399
zil/avx512/pair2p/radix15_z_n1t_avx512.c	genset	-	-	-	-	-	4e7ecec8f53965a65b780b3347be2eabd5b98cfc5ba9c9906f4cb32fb7390323	31411
zil/avx512/pair2p/radix15_z_n1t_bwd_avx512.c	genset	-	-	-	-	-	ffd7e042c9c04fc49049bae14380b240bc6672a8afdca31e2adfd5285bdf22da	31421
zil/avx512/pair2p/radix15_z_n1t_ct_avx512.c	genset	-	-	-	-	-	9420e8ff5bd99a8adadfb08492ad912f80ce8febf5fc9c26dfb22b1fabfbb321	26892
zil/avx512/pair2p/radix15_z_n1t_ct_bwd_avx512.c	genset	-	-	-	-	-	e2cef5a0f967649622e2b303a5a1749744c05946ca46e24b6f828eb3f253ca7b	26902
zil/avx512/pair2p/radix15_z_t2_avx512.c	genset	-	-	-	-	-	a7b0ecbc1c728e9d5855b6ea556d7fafed20afccb0dc9a1ef055edb571f4f73a	62948
zil/avx512/pair2p/radix15_z_t2_bwd_avx512.c	genset	-	-	-	-	-	cc99276cbc396e75d676fadf2f4f67ca7b3f49b44a574327da5ec548eb16996e	62508
zil/avx512/pair2p/radix15_z_t2_ct_avx512.c	genset	-	-	-	-	-	f9034878ad0d612729e2524267475abe2d8b4319d9f3b65fafd4628570ca9621	55509
zil/avx512/pair2p/radix15_z_t2_ct_bwd_avx512.c	genset	-	-	-	-	-	c2da952ac6ba75fe3f0bfee5758f7169b9c328813ac7bf6f2d9d5912c2280e36	55535
zil/avx512/pair2p/radix15_z_t2t_bwd_avx512.c	genset	-	-	-	-	-	449d3ea6cc4e173742554c4dab303a4ab7b3539b2250bea40bc61e1dbb838cef	35680
zil/avx512/pair2p/radix15_z_t2t_ct_bwd_avx512.c	genset	-	-	-	-	-	bfb089ba152197e0ab747cb2f327088d0ed998976d52e992f7866dc777da8cd1	31159
zil/avx512/pair2p/radix16_z_n1t_avx512.c	genset	-	-	-	-	-	e6fa1af1a1fec68bafb7a224c6501efc388733adde2480dc26de680cda2305b4	21188
zil/avx512/pair2p/radix16_z_n1t_bwd_avx512.c	genset	-	-	-	-	-	fac53a3fbcb260ceecf16fa2c2b871133dd8215a881333176eb3c333e0a147ea	21198
zil/avx512/pair2p/radix16_z_t2_avx512.c	genset	-	-	-	-	-	78a919e997d3e5c5acd5ad4db73cd4cde4e145a94bbe7123fa4f7c866a9893ca	46240
zil/avx512/pair2p/radix16_z_t2_bwd_avx512.c	genset	-	-	-	-	-	1dc67cd9455ca690ab0ea08b864c320c7d69a147b859c9af6318c56377a8f369	46250
zil/avx512/pair2p/radix16_z_t2t_bwd_avx512.c	genset	-	-	-	-	-	df966324f183be455f58b1868ca4fd6b72322b27d8e7f5f726ec88320e982aa1	25740
zil/avx512/pair2p/radix17_z_n1t_avx512.c	genset	-	-	-	-	-	f31bc6d51d92cb8fd64a442c184cf89c30735c6c15dc78ff4f29adab9f3b177f	39632
zil/avx512/pair2p/radix17_z_n1t_bwd_avx512.c	genset	-	-	-	-	-	36198a38d44942af0c6293cd91548a755aeb59927c167131052fec78e18dea67	39642
zil/avx512/pair2p/radix17_z_t2_avx512.c	genset	-	-	-	-	-	2a755478b9185a17cd8eb141b5abb832cb938c92092df3a8514eea900b222c25	78182
zil/avx512/pair2p/radix17_z_t2_bwd_avx512.c	genset	-	-	-	-	-	13b7aaf90e22beca4ce272f1c9cc4b802c348225620ff57e4b2d0c42abc03511	77689
zil/avx512/pair2p/radix17_z_t2t_bwd_avx512.c	genset	-	-	-	-	-	b5d5c3069a5f1fd803342217ba7049a79752e42f0c6195f19ccdcf95b04f376a	44487
zil/avx512/pair2p/radix19_z_n1t_avx512.c	genset	-	-	-	-	-	631923e51d32294b35b9df0cd8db7d40af130b7bcaddc43f37ce6549bcc53c67	47699
zil/avx512/pair2p/radix19_z_n1t_bwd_avx512.c	genset	-	-	-	-	-	f4c9ec155df5defa4b352753084d2782a6528cf7b47edc9680e02b97eaa89bb4	47709
zil/avx512/pair2p/radix19_z_t2_avx512.c	genset	-	-	-	-	-	c24c5990f1168213b067e7b6df4397bf411408e784ba2e57128a6e8ee245df69	92956
zil/avx512/pair2p/radix19_z_t2_bwd_avx512.c	genset	-	-	-	-	-	9ff6ef5300134f56b9ee16abd68de821f25bc9de08074b7c64d23a429a184dbe	92398
zil/avx512/pair2p/radix19_z_t2t_bwd_avx512.c	genset	-	-	-	-	-	426d3935053310e6f4f01afca0f20f6eb433d9726fd200f98fe9e31e493d0cac	53138
zil/avx512/pair2p/radix21_z_n1_ct_bwd_avx512.c	genset	-	-	-	-	-	b4a68503165dc9ce1b61d4438f05e53a0cd28d5e6c41f0bf21a308eb96dd620e	73734
zil/avx512/pair2p/radix21_z_n1t_avx512.c	genset	-	-	-	-	-	1492e08ad71bd7837a299173d45d22a219a805e6ee0b4c3416e0205bd148bf31	54822
zil/avx512/pair2p/radix21_z_n1t_bwd_avx512.c	genset	-	-	-	-	-	04b467ea4cd7fb658aeae87ff1765cb6b1631479d5b6a9b288effd4459d440cf	54832
zil/avx512/pair2p/radix21_z_n1t_ct_avx512.c	genset	-	-	-	-	-	68cfe4ca718fbc9caaab3d8236fb2ea1312b618d523b05bd56fbc74630fa1ac0	41504
zil/avx512/pair2p/radix21_z_n1t_ct_bwd_avx512.c	genset	-	-	-	-	-	1aa27130f318496dde0f1aed7eda7f63526ed1f3c7143bffc91ffe45ff662109	41514
zil/avx512/pair2p/radix21_z_t2_avx512.c	genset	-	-	-	-	-	3e1e926db989f7620ce4bb0503bfc8fdfb92001c66f17c008d4701e0eee9bc5e	106344
zil/avx512/pair2p/radix21_z_t2_bwd_avx512.c	genset	-	-	-	-	-	5b03ada66377982dbca8cc4d049b7ab370193c182676fe5d21c7c373811ae732	105733
zil/avx512/pair2p/radix21_z_t2_ct_avx512.c	genset	-	-	-	-	-	61cdfcbbf1154427bb6e180829bbb754dac47899db316c445c0bbc4b6e450ee1	86606
zil/avx512/pair2p/radix21_z_t2_ct_bwd_avx512.c	genset	-	-	-	-	-	43e6772c8f12cfd94fc40f7429358e0e3df5a56dadb61a751ac3a13057d92ab9	86620
zil/avx512/pair2p/radix21_z_t2t_bwd_avx512.c	genset	-	-	-	-	-	29726efb2645328b079c19af9ba616ee831dcf8b71359d1c38668c6a18385643	60847
zil/avx512/pair2p/radix21_z_t2t_ct_bwd_avx512.c	genset	-	-	-	-	-	e089f0e37f14654ff958fd01013c665a23b77ad240e325e8b573267b25c7132a	47529
zil/avx512/pair2p/radix23_z_n1t_avx512.c	genset	-	-	-	-	-	0d8369e12be53f95bf0143679b6900c87d9aa0c66ccbb3deadb3c1d6fc33bcf1	65853
zil/avx512/pair2p/radix23_z_n1t_bwd_avx512.c	genset	-	-	-	-	-	b968d6091fabb352d088a7e3b18d5d3c0e264cda047225cf25b6078089230aae	65863
zil/avx512/pair2p/radix23_z_t2_avx512.c	genset	-	-	-	-	-	153df51a1728fe9d0ff7ce175dd5fad522acaefdf943c3bad925d279e670d9e8	125983
zil/avx512/pair2p/radix23_z_t2_bwd_avx512.c	genset	-	-	-	-	-	c4ee538f3215819a4b4b73b1729e6c0569c91cd286927cc26ce2adb9376860ef	125307
zil/avx512/pair2p/radix23_z_t2t_bwd_avx512.c	genset	-	-	-	-	-	92c993cfbe3c3906eaa6547fd0f6c81db71b1d0533b9ef20184bfd9783f4bf2c	72462
zil/avx512/pair2p/radix25_z_n1_ct_bwd_avx512.c	genset	-	-	-	-	-	9e8bfe7f35e6cc7f35d536de310ee828880bdd6ca722c0070f5f939dfa340365	86342
zil/avx512/pair2p/radix25_z_n1t_avx512.c	genset	-	-	-	-	-	0a02a2cc7f1a4b461921635a1f8ad986e06809c1f39637fa18e001d9a068c191	74974
zil/avx512/pair2p/radix25_z_n1t_bwd_avx512.c	genset	-	-	-	-	-	1a6376b481db8152cef6c8b7bf220e4fe4f88122bed18ff14dbd10bc476f76e1	74984
zil/avx512/pair2p/radix25_z_n1t_ct_avx512.c	genset	-	-	-	-	-	ce07cee95881c892b708a8b53e444319cb87372f19d307c2f355e4e47784db99	47883
zil/avx512/pair2p/radix25_z_n1t_ct_bwd_avx512.c	genset	-	-	-	-	-	cc7a24e03eb68a6a3145005958dee7040147e71a8a8b611aecabc65b646cc5d8	47893
zil/avx512/pair2p/radix25_z_t2_avx512.c	genset	-	-	-	-	-	1f3c53b9a51b83ec69c7bb5f04b1cb854269601f86fa142f3ad78188d16b1be7	142654
zil/avx512/pair2p/radix25_z_t2_bwd_avx512.c	genset	-	-	-	-	-	7196a676dc1598b704e00a6eecafd8543a3a6626c8663a68fba56b4a7a5bfe9d	141916
zil/avx512/pair2p/radix25_z_t2_ct_avx512.c	genset	-	-	-	-	-	ebb868b1808e6636e1905b055c8de342a71e4e453e42a33d04961545e84ece1b	101670
zil/avx512/pair2p/radix25_z_t2_ct_bwd_avx512.c	genset	-	-	-	-	-	708a85d2e1aa97d03f3424cad54f051b85bcea44c755e92a04fba29af1d9f4cd	101712
zil/avx512/pair2p/radix25_z_t2t_bwd_avx512.c	genset	-	-	-	-	-	1fa11a25e82905004fcdeaefab7118aca2c5bd79768005390a76b10ab5c72403	82167
zil/avx512/pair2p/radix25_z_t2t_ct_bwd_avx512.c	genset	-	-	-	-	-	7fc7f92d6d4d458da0196c523e89193cefa2b8a8d2213786d5163ab5b214e4f8	55076
zil/avx512/pair2p/radix27_z_n1_ct_bwd_avx512.c	genset	-	-	-	-	-	3c0aad663c7373236ddc3526393c04e382bad81dfc5283095be31ab17ad798c2	94028
zil/avx512/pair2p/radix27_z_n1t_avx512.c	genset	-	-	-	-	-	b11ab022167fdaa70fafb6179756ed58184334c989bb43c51d7fc62721d9b8cd	85146
zil/avx512/pair2p/radix27_z_n1t_bwd_avx512.c	genset	-	-	-	-	-	bbb2263d8a1b56d2fe041c959c091c009ad7fcbb655015d2f72f95c568de887c	85156
zil/avx512/pair2p/radix27_z_n1t_ct_avx512.c	genset	-	-	-	-	-	0dccec0cc3186856654b6bb89e6fe6810be25eb056b716d8aa05f25d77f814b4	52310
zil/avx512/pair2p/radix27_z_n1t_ct_bwd_avx512.c	genset	-	-	-	-	-	0ba7621b0ea63211dda8115ba53abcd99518a3451a031544f02e32d8c2b44a6c	52320
zil/avx512/pair2p/radix27_z_t2_avx512.c	genset	-	-	-	-	-	e560e608ce32124bd0379ebf013f3628cba0280d0b13c40055cb48e7d480a8ed	161149
zil/avx512/pair2p/radix27_z_t2_bwd_avx512.c	genset	-	-	-	-	-	02953c4ec451e29efc140e8c18b23a51342d964abcc7913f2e4dc2a398221d61	160351
zil/avx512/pair2p/radix27_z_t2_ct_avx512.c	genset	-	-	-	-	-	6d9996d34f3de6e038d1ef265d1d7ac50a2debbe994771523f3400f0229dbd95	110598
zil/avx512/pair2p/radix27_z_t2_ct_bwd_avx512.c	genset	-	-	-	-	-	5d556f85330d2bf22dd3de55b7243f659ff768a3460b8c6dc1de1489db47bf11	110640
zil/avx512/pair2p/radix27_z_t2t_bwd_avx512.c	genset	-	-	-	-	-	a255f24305776ab0699c3bc54722f54ec0cb2d7c3b0d7fee388337d38bb100a2	92923
zil/avx512/pair2p/radix27_z_t2t_ct_bwd_avx512.c	genset	-	-	-	-	-	520ab6ec29627927aa704e433c66521c1b81fa3a19cf7391c5b6f7d288509cf8	60087
zil/avx512/pair2p/radix29_z_n1t_avx512.c	genset	-	-	-	-	-	7975efe5ff6fd46be5112abb97eeb84b72970eee65572fa586dad4ab97cdbddb	98510
zil/avx512/pair2p/radix29_z_n1t_bwd_avx512.c	genset	-	-	-	-	-	7aa2ca98ab1534ffe2e4baa02a8af723c739d4f1b5485988f48ce4a1958ab246	98520
zil/avx512/pair2p/radix29_z_t2_avx512.c	genset	-	-	-	-	-	b13b6b038ac6437a9b5fd1ef65a86a108dce7c96f15527ee4c0e445dcff40abd	184814
zil/avx512/pair2p/radix29_z_t2_bwd_avx512.c	genset	-	-	-	-	-	7004ada53b398d1905ae6e4d8b5f03d77f10ab68b2472b5837da2550ed7b73a4	183938
zil/avx512/pair2p/radix29_z_t2t_bwd_avx512.c	genset	-	-	-	-	-	bf7af1074ae9ebe76d8039128054bf8859e0c4d42ea64b74c9a1fe02799008f3	106871
zil/avx512/pair2p/radix31_z_n1t_avx512.c	genset	-	-	-	-	-	3e011504ecbc12bd841cfff07a4719b9bf21c2acfdd04df8af722113be9906a6	111025
zil/avx512/pair2p/radix31_z_n1t_bwd_avx512.c	genset	-	-	-	-	-	fa65871651173b78c0a854cb033943a00d6165a2bf48a056053d9ddc16b7355b	111035
zil/avx512/pair2p/radix31_z_t2_avx512.c	genset	-	-	-	-	-	db6c0796063bd99ad7924a07b2435b63921310d8a7ba122ad3e1cc8256ccddd9	207011
zil/avx512/pair2p/radix31_z_t2_bwd_avx512.c	genset	-	-	-	-	-	cc1974a1696bf295fb71878e898f783bacb90054c5548aaa6187748fed6d1e87	205931
zil/avx512/pair2p/radix31_z_t2t_bwd_avx512.c	genset	-	-	-	-	-	75b68153350bdd5b68e0802a9ea4650724e79ac663571260a6e93be2f228c79d	119970
zil/avx512/pair2p/radix32_z_n1t_avx512.c	genset	-	-	-	-	-	4b80cf977834256e52008d5b16525fc974c077e85f22cbae21609ff1b78dc156	50396
zil/avx512/pair2p/radix32_z_n1t_bwd_avx512.c	genset	-	-	-	-	-	a1419312c26904ac55c1f82897359291f41d4aadd1337388f3d8b5a37f598af1	50406
zil/avx512/pair2p/radix32_z_t2_avx512.c	genset	-	-	-	-	-	0ae3b968068af50236980d61651368d16b0c857ba64376b367843333fafe8a65	109556
zil/avx512/pair2p/radix32_z_t2_bwd_avx512.c	genset	-	-	-	-	-	83e97a53b9afc508398b7739fcdabf8061258bbaf2f6d63f9b22991b0b187080	109598
zil/avx512/pair2p/radix32_z_t2t_bwd_avx512.c	genset	-	-	-	-	-	a07119e2f5763567f26a9e608a89c6903a85139078f283419398f2111994c303	59633
zil/avx512/pair2p/radix37_z_n1t_avx512.c	genset	-	-	-	-	-	d835b19e4ade7d30f7731ec8a28d21baf1fc0fae03cb5ce473cc6f95c1b0c6f0	152491
zil/avx512/pair2p/radix37_z_n1t_bwd_avx512.c	genset	-	-	-	-	-	288e86e58af271cc0db3f95b392d2d1bf1986fb3b5c77b0f295370a54c4269ba	152501
zil/avx512/pair2p/radix37_z_t2_avx512.c	genset	-	-	-	-	-	afde977095fdd2fa6cb3c57d4dabe27b3aa868294cc47bd084df99c1845f6dee	280555
zil/avx512/pair2p/radix37_z_t2_bwd_avx512.c	genset	-	-	-	-	-	2bd6759818d1c2701c422e8fbc840ab8f8df9d56a65ae2e47c9e477f6eb97d1f	278671
zil/avx512/pair2p/radix37_z_t2t_bwd_avx512.c	genset	-	-	-	-	-	5a2b17bfdb91403be5c4807af47b05d13e95be549e87f5923cd1108b175bca25	163188
zil/avx512/pair2p/radix3_z_n1t_avx512.c	genset	-	-	-	-	-	8c986e3dfc355aa4e91e29f8fda755768606171a007bf378197137376509f102	4690
zil/avx512/pair2p/radix3_z_n1t_bwd_avx512.c	genset	-	-	-	-	-	958a5a782b7b698cd5192a9a398a2c45b75d16f91f4c0f5b0272d2dc142d9481	4700
zil/avx512/pair2p/radix3_z_t2_avx512.c	genset	-	-	-	-	-	4ef6218447fe9dcbc110f867346332a3b3dff552c4222b56c007afddaa517580	7920
zil/avx512/pair2p/radix3_z_t2_bwd_avx512.c	genset	-	-	-	-	-	b19ce14dba25dccb85cba759699422bbe043fc454dea71235b573a1390ccaf53	7938
zil/avx512/pair2p/radix3_z_t2t_bwd_avx512.c	genset	-	-	-	-	-	15b1261c957557eb1cb8e8b7e78ac47bad394f82f849a6edfa461e5f60409ba4	5463
zil/avx512/pair2p/radix41_z_n1t_avx512.c	genset	-	-	-	-	-	f1dde2d5831f29acdda7e99ce6fadcd08658a22d48183000d2209376795b5048	183620
zil/avx512/pair2p/radix41_z_n1t_bwd_avx512.c	genset	-	-	-	-	-	0b797c2a9fa1440ad73c383a1f7403059719f59bc01fcc26115c5964f597d712	183630
zil/avx512/pair2p/radix41_z_t2_avx512.c	genset	-	-	-	-	-	46ceb4312700341a87d40253174425d8ba5e446947028dbc8d01d3343aee7092	335351
zil/avx512/pair2p/radix41_z_t2_bwd_avx512.c	genset	-	-	-	-	-	0828256f61ab9c47246420736dac9e1185e18a4a32059dce804d995eb3dd6f50	332905
zil/avx512/pair2p/radix41_z_t2t_bwd_avx512.c	genset	-	-	-	-	-	2ad766680d247369e57b50f3e2f17206a1763de3f1eed55a8f85e74003a061c9	195537
zil/avx512/pair2p/radix43_z_n1t_avx512.c	genset	-	-	-	-	-	ae5a63e6a5baead3876a38ce7e380313958deaf1905e070358e0ea2069a2a4c7	201148
zil/avx512/pair2p/radix43_z_n1t_bwd_avx512.c	genset	-	-	-	-	-	d099a6e0890d1500f68cbed611350456a36f0410600b6d23d42b11cc5c20cae7	201158
zil/avx512/pair2p/radix43_z_t2_avx512.c	genset	-	-	-	-	-	570ecbe7779e696858aa3ee28ca5a7aa347f1cf1eed84d348951267260d40bd7	366118
zil/avx512/pair2p/radix43_z_t2_bwd_avx512.c	genset	-	-	-	-	-	b51b2c5021f8e137250b9ffefd3e46accc0215445227695f9640ce27732c62be	363292
zil/avx512/pair2p/radix43_z_t2t_bwd_avx512.c	genset	-	-	-	-	-	18789613ea4e5c5cbd0a82c5eb018e34d4990e490af4638c0232193449a8440d	213813
zil/avx512/pair2p/radix47_z_n1t_avx512.c	genset	-	-	-	-	-	74fc8b0baea9e6b47ccee381bded76246cc2f9f82c406f37f7c48236a38560e5	237862
zil/avx512/pair2p/radix47_z_n1t_bwd_avx512.c	genset	-	-	-	-	-	7cdbacfd002e70db7959ea70bbded7d504b31d304fe693f356c717463a6ccfa7	237872
zil/avx512/pair2p/radix47_z_t2_avx512.c	genset	-	-	-	-	-	c076e94a627b2874975238c4549e879cf7b1653cadd2e83a3a2bdeaedfc96b3d	429986
zil/avx512/pair2p/radix47_z_t2_bwd_avx512.c	genset	-	-	-	-	-	0a1662365858043961082c022f872cf3ef5febb37ba039a3b6a651cf0391303d	426409
zil/avx512/pair2p/radix47_z_t2t_bwd_avx512.c	genset	-	-	-	-	-	1aa251bef605552def3ccbf9b0c353a7ec895edfae988de8c044e54115533b98	251723
zil/avx512/pair2p/radix4_z_n1t_avx512.c	genset	-	-	-	-	-	1b33b07e91fdd9428271ccb0a2aadc8d785c820446306329b470c741e6441bcc	4446
zil/avx512/pair2p/radix4_z_n1t_bwd_avx512.c	genset	-	-	-	-	-	f908fcb18418a8914f7d4f0b66c994fcbdeb06847768637e74072676e352f04e	4456
zil/avx512/pair2p/radix4_z_t2_avx512.c	genset	-	-	-	-	-	e717d109e2dd86befed15995327446dc4932699e2271e2cf91af009b1a4d75f7	8557
zil/avx512/pair2p/radix4_z_t2_bwd_avx512.c	genset	-	-	-	-	-	1495cfa0c28ec1cb5edaf975e371869fb7aea192dc1818040dba7624def15acc	8579
zil/avx512/pair2p/radix4_z_t2t_bwd_avx512.c	genset	-	-	-	-	-	4313d68bbb89cb1c40ecc0a9f19e9c0b8caa1027cb9c803fc9ae00b19b3d32e3	5499
zil/avx512/pair2p/radix5_z_n1t_avx512.c	genset	-	-	-	-	-	53ab5b5147648307de868e1ad95bdc6ab0a255ada366579fa2b6ba2cd9f8fcb6	7411
zil/avx512/pair2p/radix5_z_n1t_bwd_avx512.c	genset	-	-	-	-	-	6003732a6ce989be69ddf7c6504866d40c6947cde40dcbb2028ff0b899ead091	7421
zil/avx512/pair2p/radix5_z_t2_avx512.c	genset	-	-	-	-	-	933c4ccd7527f6f6573e210307accee89e0bc5069f00e854e6b1632e5d823afe	14151
zil/avx512/pair2p/radix5_z_t2_bwd_avx512.c	genset	-	-	-	-	-	31623c70bda396ed7d8c1300d953174f76b1473efa9951473447f1b90242ff7f	14173
zil/avx512/pair2p/radix5_z_t2t_bwd_avx512.c	genset	-	-	-	-	-	24d5bcc39cdb585515d456279f42a6016367bc691edb248a5c5b09e96c23ca1d	8747
zil/avx512/pair2p/radix64_z_n1t_avx512.c	genset	-	-	-	-	-	fd86b48f495818865f1c5b08be57f002813689331aaf6c1944002428f5bb26bb	115874
zil/avx512/pair2p/radix64_z_n1t_bwd_avx512.c	genset	-	-	-	-	-	eb2552cc88bae299da1fa6284e48026740083924f51a80870fe84a0bb199d971	115884
zil/avx512/pair2p/radix64_z_t2_avx512.c	genset	-	-	-	-	-	d4a69722df505efe6d21654a72195ac3c7c228c52ae990a21d651a3ab3e07ac3	250563
zil/avx512/pair2p/radix64_z_t2_bwd_avx512.c	genset	-	-	-	-	-	db80849bb1a1fcb3a34ad5e5b99e9066c54efb5b05a22a5dedcd810f24b054c4	250605
zil/avx512/pair2p/radix64_z_t2t_bwd_avx512.c	genset	-	-	-	-	-	19c416b2d14ae69a5983639d19375879e9dd6be0609e9585b0b2114eff70703b	134460
zil/avx512/pair2p/radix6_z_n1t_avx512.c	genset	-	-	-	-	-	f431f3ab7b2d1e783a2264c4493d62eb9648be13a0fbf30d79d6758af6bc158f	8954
zil/avx512/pair2p/radix6_z_n1t_bwd_avx512.c	genset	-	-	-	-	-	ffa81d85be455dd90c99a676a286d946f4bf3f6737d53ae6df05db5625b6726f	8964
zil/avx512/pair2p/radix6_z_t2_avx512.c	genset	-	-	-	-	-	a1ace7f1454d5746b83a49a08237120f71dc93d1aa555e3f3bb72a25dd26cf1e	17030
zil/avx512/pair2p/radix6_z_t2_bwd_avx512.c	genset	-	-	-	-	-	560a3a6b1b6479347143edc8cedecc8a837e5f7679088d5ffb476ab321638f26	17056
zil/avx512/pair2p/radix6_z_t2t_bwd_avx512.c	genset	-	-	-	-	-	3715d0ac323e738bf18b1c2587e4094652318ac3b46e583fa0f73db160563734	10572
zil/avx512/pair2p/radix7_z_n1t_avx512.c	genset	-	-	-	-	-	f7dd2c8557d064b2b412bd17e084610edadfe157816af5b07dabf72f44910c07	10950
zil/avx512/pair2p/radix7_z_n1t_bwd_avx512.c	genset	-	-	-	-	-	faffdc5c5333c5ff0994f4c744a3f04ca4e69b6cb100854738eefec6889e2522	10960
zil/avx512/pair2p/radix7_z_t2_avx512.c	genset	-	-	-	-	-	a35a7dbc1d74acf50e7c92f89dd78ae19aa2100bd6895372d45f098259b275dc	21852
zil/avx512/pair2p/radix7_z_t2_bwd_avx512.c	genset	-	-	-	-	-	d820a79dd9a5d71b0d5ebc1d8a37d1aee97453816954689822d9c87dd0fb0f7c	21846
zil/avx512/pair2p/radix7_z_t2t_bwd_avx512.c	genset	-	-	-	-	-	1776bd175fa0b00e5e105e507714a81b65b6b2a03a664c3a2d8a0a20b87518ee	12850
zil/avx512/pair2p/radix8_z_n1t_avx512.c	genset	-	-	-	-	-	94ae1168ae71deb9890f4a730bd324619b19d25e512149848d2facfd8754022b	8682
zil/avx512/pair2p/radix8_z_n1t_bwd_avx512.c	genset	-	-	-	-	-	13e21f44773ebb2a61459d45fd10695fd840807c22d89d9ac336512bc2ce9de1	8692
zil/avx512/pair2p/radix8_z_t2_avx512.c	genset	-	-	-	-	-	a0d857fe989f0caf068c484402793a48d48f9636f23ae36f7c594b922a2ee066	18816
zil/avx512/pair2p/radix8_z_t2_bwd_avx512.c	genset	-	-	-	-	-	c28814ef90d570e2ba444b8f0c5b167c4588df92dc3a7da8cdb84949ca8d9c0b	18834
zil/avx512/pair2p/radix8_z_t2t_bwd_avx512.c	genset	-	-	-	-	-	c1405b29cc6dd58226cbf3449f4934b594f2dffc48001001f939981828f5dbac	10869
zil/avx512/pair2p/radix9_z_n1t_avx512.c	genset	-	-	-	-	-	9e55895e3cf9bd33ef4ca530f0a5c697acba72c8650426203768831ad548b980	14868
zil/avx512/pair2p/radix9_z_n1t_bwd_avx512.c	genset	-	-	-	-	-	8ee268b447e03535ddd7244a3a730e70f0f148bd35d02268ce4034f7f45e4964	14878
zil/avx512/pair2p/radix9_z_n1t_ct_bwd_avx512.c	genset	-	-	-	-	-	ababe31b7a46785b894ade2a2f40dd6355eb4526fb975d357a55c0550f7beb2e	14182
zil/avx512/pair2p/radix9_z_t2_avx512.c	genset	-	-	-	-	-	dd486193d5df9a52f092d0d6c57c93144a9fb329a037b7614ad1e7acff6b3e58	30640
zil/avx512/pair2p/radix9_z_t2_bwd_avx512.c	genset	-	-	-	-	-	4b046fa15763576f1ea80973d2a61e1146ee9756eec8d12972cd96551595ad2d	30377
zil/avx512/pair2p/radix9_z_t2_ct_bwd_avx512.c	genset	-	-	-	-	-	29ffc7790b173c2e9b2d001073d5a9618eef0551d35d9f149398617152a7a8bc	28763
zil/avx512/pair2p/radix9_z_t2t_bwd_avx512.c	genset	-	-	-	-	-	436e86a66c3b305d26d2e3db35e56707030afd0468544ffcee0bd85329e08470	17341
zil/avx512/rows/radix10_z_n1ccs_avx512.c	genset	-	-	-	-	-	ffeb41d1d206a3956cc81ac4d8edf81a8104aaeba33abd27dde336a6aaaeb224	33142
zil/avx512/rows/radix10_z_n1ccs_bwd_avx512.c	genset	-	-	-	-	-	ff9bdc30b150f4338c6edd17a49031d32bac5e0da1a7dcee6160a8883c03b2df	33152
zil/avx512/rows/radix11_z_n1ccs_avx512.c	genset	-	-	-	-	-	6ccf4b5920803ce08692b6b5e53fb9f761b9f3ff4deaee96ddeae250d8913f28	41639
zil/avx512/rows/radix11_z_n1ccs_bwd_avx512.c	genset	-	-	-	-	-	471c9935bfb98e0c3b20eabd8456c9e4fc1494f55e4e04e343d599e5c7842be1	41649
zil/avx512/rows/radix12_z_n1ccs_avx512.c	genset	-	-	-	-	-	4133a3ea9908d83cd2fb9c1273ed804a4b3a97515891a255673fe5a66be76800	37103
zil/avx512/rows/radix12_z_n1ccs_bwd_avx512.c	genset	-	-	-	-	-	1a826a54999d3c0b4de0e0c104018df947700f70392152e0e9b15fa1d32f3250	37113
zil/avx512/rows/radix13_z_n1ccs_avx512.c	genset	-	-	-	-	-	02b9810e81417b5afc8c33db668f6d52f908cb8a69cba0805339e59e7c4e3d27	52837
zil/avx512/rows/radix13_z_n1ccs_bwd_avx512.c	genset	-	-	-	-	-	5e1f690093dd77bf0290b037d4d2794f17ee0e808c29c095d14affff43b649b3	52847
zil/avx512/rows/radix14_z_n1ccs_avx512.c	genset	-	-	-	-	-	be4988c0670f65ed98eade192e0c2132e8e66b318dc893ee552af3579b082e9f	51679
zil/avx512/rows/radix14_z_n1ccs_bwd_avx512.c	genset	-	-	-	-	-	0479b075353ff0bb28dedf4be1c6bc1ccde5fc85b78109dc34290b1536921ad1	51689
zil/avx512/rows/radix15_z_n1ccs_avx512.c	genset	-	-	-	-	-	575d73a8f918fa98f8fc191a86e3c9814abd198278d4637a9efc3463204de653	63909
zil/avx512/rows/radix15_z_n1ccs_bwd_avx512.c	genset	-	-	-	-	-	2949e4709a1c6919f5edb712d3fab86b37dcd1667cf0efff5a6e2ada0c85593c	63919
zil/avx512/rows/radix16_z_n1ccs_avx512.c	genset	-	-	-	-	-	7eb2e03518228d8bd7470d9d999c4b4e77176891189d8b4c091cc54c842bc56b	47210
zil/avx512/rows/radix16_z_n1ccs_bwd_avx512.c	genset	-	-	-	-	-	7e72689610a1a49925f6818a049ba084a529a32556158a247f69bc91894c2525	47220
zil/avx512/rows/radix16_z_n1r_bwd_avx512.c	genset	-	-	-	-	-	c6e012119ff322090b07d0101d0032d758385b89ad9cc014f4489e039ca4adc1	36734
zil/avx512/rows/radix16_z_n1rtan_bwd_avx512.c	genset	-	-	-	-	-	d9f695d103d8d4d998259f7009db4588a76bdc7a1a87453a39e1c10e49be25e0	36067
zil/avx512/rows/radix16_z_n1tr_avx512.c	genset	-	-	-	-	-	20102b25d2c7f7a2d10c17d649805d8a238fa80224d4195ed695423afed94feb	21405
zil/avx512/rows/radix16_z_n1trtan_avx512.c	genset	-	-	-	-	-	8a0756b72f222175ad04f9f50e6ca613c63b33d022442b2613b81fddb83d5989	20951
zil/avx512/rows/radix16_z_t2r_avx512.c	genset	-	-	-	-	-	6d340cff2d39eda6ab26ad4319dfb09155b6232035a5cd30b25c4c78936c01d5	46453
zil/avx512/rows/radix16_z_t2rtan_avx512.c	genset	-	-	-	-	-	617ec0eae423e80c69de24945505dc1436b7c4d2366b82e613aa951009fc7b3e	45762
zil/avx512/rows/radix16_z_t2tr_bwd_avx512.c	genset	-	-	-	-	-	f921b0fc8b1ad0d9002f55460259083fbf592933f5ee6076630d023b94624719	25957
zil/avx512/rows/radix16_z_t2trtan_bwd_avx512.c	genset	-	-	-	-	-	1132cdc6ef64ac99c529f5bed4b6949b6baf714d9e2c870dc834816c8d967e61	25495
zil/avx512/rows/radix17_z_n1ccs_avx512.c	genset	-	-	-	-	-	e08a29355d2bcf0ca514cf5b2c9d3f52c8621d2214875cfe47972308d8ac1364	79244
zil/avx512/rows/radix17_z_n1ccs_bwd_avx512.c	genset	-	-	-	-	-	bfdfc97e31004ee996d6f51a86dab30a4f98f36a5688203d601764bd3a9df816	79254
zil/avx512/rows/radix19_z_n1ccs_avx512.c	genset	-	-	-	-	-	02ac840522ea631df6a4625d42c3d67c048d433b6dea1ab58cff82ed747cf385	94113
zil/avx512/rows/radix19_z_n1ccs_bwd_avx512.c	genset	-	-	-	-	-	ebb9833c9bde3258c06c6b5ada267ade0d48bf519ab2041ffcae2c7bccd52fe1	94123
zil/avx512/rows/radix21_z_n1ccs_avx512.c	genset	-	-	-	-	-	f5846c8e125ab4ffb465443ceb7c41775f53d88d1ace1d16efecc3d2b7090601	107602
zil/avx512/rows/radix21_z_n1ccs_bwd_avx512.c	genset	-	-	-	-	-	ad2a1a5d86b9a8e07fb56a5559e943b3ef9224447516122facb748d68962b952	107612
zil/avx512/rows/radix22_z_n1ccs_avx512.c	genset	-	-	-	-	-	2b0deb85445fd29720a9d1883c27853b35245a1d91c4e44682b77142dd0922fd	98481
zil/avx512/rows/radix22_z_n1ccs_bwd_avx512.c	genset	-	-	-	-	-	68637138672381b2823a69f49a049083a0b3fe2f38730086833bf36895e36c3d	98491
zil/avx512/rows/radix23_z_n1ccs_avx512.c	genset	-	-	-	-	-	14dd328f57d2f16551b25a1d9db63a2597fd628ce1fd7cb9949cfb1cdb21382e	127336
zil/avx512/rows/radix23_z_n1ccs_bwd_avx512.c	genset	-	-	-	-	-	54a8d3f1352e7898268f2e2929190b771132f870c6c84bc5eeebcf0fd58a7af5	127346
zil/avx512/rows/radix25_z_n1ccs_avx512.c	genset	-	-	-	-	-	5d3de15b6672d9a06bc85fb55c905cfc78606e179ae85f1579250fc43866937b	144105
zil/avx512/rows/radix25_z_n1ccs_bwd_avx512.c	genset	-	-	-	-	-	22457b0799c7a900d5eaadbcc92936e4b77b9e8ec7e5a85fbd3609cf40290409	144115
zil/avx512/rows/radix26_z_n1ccs_avx512.c	genset	-	-	-	-	-	2a8fa8e32aa03766624b5a2f9e927592920943d7e56f7b67b601ac1475c1b00c	126416
zil/avx512/rows/radix26_z_n1ccs_bwd_avx512.c	genset	-	-	-	-	-	25751a7b7dd70a416e81389e157379a9f21849f401c2b52ba052bb94e08c86fd	126426
zil/avx512/rows/radix27_z_n1ccs_avx512.c	genset	-	-	-	-	-	bb23161cd962c8f0237648b2b1db11061e585e0580cdaab9c472a19b5a42d0e6	162694
zil/avx512/rows/radix27_z_n1ccs_bwd_avx512.c	genset	-	-	-	-	-	1dedab7876f67bc378c6eb052263120cffe5ab703934e0c3616a293f7626af0f	162704
zil/avx512/rows/radix29_z_n1ccs_avx512.c	genset	-	-	-	-	-	674dcff0d1e7c4532680218a92b4b9f8702b3515a298cfd4a441e11937b3351d	186441
zil/avx512/rows/radix29_z_n1ccs_bwd_avx512.c	genset	-	-	-	-	-	0d60424a1ce60bf8ae4e84343de3efebec1e5822f0254d9ba08d01de681c17bf	186451
zil/avx512/rows/radix2_z_n1ccs_avx512.c	genset	-	-	-	-	-	32f03af94f51278caffa080f37611f28206670937a531525e357d7c1e4c0aa72	5120
zil/avx512/rows/radix2_z_n1ccs_bwd_avx512.c	genset	-	-	-	-	-	15089f804af1cbec31df26a6c763a883a1748e5902393eea5ac856a071bcbff0	5130
zil/avx512/rows/radix31_z_n1ccs_avx512.c	genset	-	-	-	-	-	36503a71c4ae84175ddaca6ecc6ea1d8f8d3272dcbf11bd5aca9c499d6c637e0	208594
zil/avx512/rows/radix31_z_n1ccs_bwd_avx512.c	genset	-	-	-	-	-	a533c157ad87a831deff5221636a3319a70233bcde4d9f97dbb0ba8205dcdbf4	208604
zil/avx512/rows/radix32_z_n1ccs_avx512.c	genset	-	-	-	-	-	67538ec279c6aa7d6f06d5e6c8b0e430b84208c2b45f1218041b3357ff8d5ff8	111194
zil/avx512/rows/radix32_z_n1ccs_bwd_avx512.c	genset	-	-	-	-	-	ff9262afc1ec4b0c64b541c957652572d6ca7d46dec19faa61c31fcb3151cc5d	111204
zil/avx512/rows/radix37_z_n1ccs_avx512.c	genset	-	-	-	-	-	74b05f9913343af4bbf379e585c012ce1b4d0140d17c2640e27cde5553ba5ba6	281814
zil/avx512/rows/radix37_z_n1ccs_bwd_avx512.c	genset	-	-	-	-	-	f264cbee741464cd1cd4a3937314b813b44ad916ec57049327cb0c389231d5b3	281824
zil/avx512/rows/radix3_z_n1ccs_avx512.c	genset	-	-	-	-	-	89f1edc3907f4557c1881633c25d42945fcc91fed9dc14d6107f3061fd3444d2	8340
zil/avx512/rows/radix3_z_n1ccs_bwd_avx512.c	genset	-	-	-	-	-	b529aba0bc27ff9a289b4efd6e7bcaaad51c7eb237bd61745cfe88163fd50b61	8350
zil/avx512/rows/radix41_z_n1ccs_avx512.c	genset	-	-	-	-	-	123d478f27c6eff71bf7a4cfdbf8f4d8c819e196f261907480dc13997ca691c5	336362
zil/avx512/rows/radix41_z_n1ccs_bwd_avx512.c	genset	-	-	-	-	-	5cb21d3b39cbd671a9617effa861569e0564178ccf2c55d4086ca55081a2db4c	336372
zil/avx512/rows/radix43_z_n1ccs_avx512.c	genset	-	-	-	-	-	a580c884fda5e6c1e94596e0415550b8cc05a1d2f65a1ad398c298575537c5e8	366651
zil/avx512/rows/radix43_z_n1ccs_bwd_avx512.c	genset	-	-	-	-	-	6cab8f478440629f3590c3a601b94a5e6d3123b7496d01d61ad1094d266ed24a	366661
zil/avx512/rows/radix47_z_n1ccs_avx512.c	genset	-	-	-	-	-	f9cee98828a041b4d25db4deb4541fefd13fadc00d6e74522cce62ebe11deb76	430040
zil/avx512/rows/radix47_z_n1ccs_bwd_avx512.c	genset	-	-	-	-	-	fdc53adc1a00ed753bd4aecfc68d79120540de97f7c12810324ff520b9e11d6d	430050
zil/avx512/rows/radix4_z_n1ccs_avx512.c	genset	-	-	-	-	-	15007f4702676de723a15c6f4be776386179ea7a60d78f7944b717bf3445557b	9036
zil/avx512/rows/radix4_z_n1ccs_bwd_avx512.c	genset	-	-	-	-	-	620d579cfffbce2cbfb250d5719d342b9fe424f6b6cc5538b2fa72abc8d2645d	9046
zil/avx512/rows/radix4_z_n1r_bwd_avx512.c	genset	-	-	-	-	-	1fdf1f0bc41fbfbe13d86d48e9085ee572726fb46e266e8d16714fa5544a0bc7	6480
zil/avx512/rows/radix4_z_n1tr_avx512.c	genset	-	-	-	-	-	93f0c5dfab600e6065db3caa7005059e9ac0f3436fb1b5fab2cbc6ac09129d62	4663
zil/avx512/rows/radix4_z_t2r_avx512.c	genset	-	-	-	-	-	7c96206e84b2d3966e4e4b27015716156e352310070c8a04c27f75df9897d7f9	8770
zil/avx512/rows/radix4_z_t2tr_bwd_avx512.c	genset	-	-	-	-	-	8f9b4ca944dcc1cfe262c21ee3b73a6fda7282aad4b7ea1c74a7a21029131c2a	5716
zil/avx512/rows/radix5_z_n1ccs_avx512.c	genset	-	-	-	-	-	8e82ece16bf9aa2338006f111f785112ce56f8fff0a5b050f9fcc813503ab3a1	14681
zil/avx512/rows/radix5_z_n1ccs_bwd_avx512.c	genset	-	-	-	-	-	b2506bcae42e99b89984ae7c8c1e0a54298ad0d800c755dad59f2ce3097c1b93	14691
zil/avx512/rows/radix64_z_n1ccs_avx512.c	genset	-	-	-	-	-	a5c36d93c173f162f25e0d454aa960cbf2f80b1273dfda1a35ae814441966ee4	253568
zil/avx512/rows/radix64_z_n1ccs_bwd_avx512.c	genset	-	-	-	-	-	391919fe39b99d526bf480b6de910e094fe0ac5ba67089343548cd594533cb4c	253578
zil/avx512/rows/radix6_z_n1ccs_avx512.c	genset	-	-	-	-	-	248136d5aac2688630b6000523e51b30e5d41ef9917d2b7572e246fd04a482ca	17619
zil/avx512/rows/radix6_z_n1ccs_bwd_avx512.c	genset	-	-	-	-	-	10d3dfcff6a3fdb00ac0567f1512ad57562209bf7e4806977d346b2cc27c9c2d	17629
zil/avx512/rows/radix7_z_n1ccs_avx512.c	genset	-	-	-	-	-	d10151c1c7b5189e3f571676fe6f161a610ac44539c6d19cd546fb587e532b18	22464
zil/avx512/rows/radix7_z_n1ccs_bwd_avx512.c	genset	-	-	-	-	-	9807314e45ceb1b681d0b8e0f9855e06055652ee79fc5dfc7aea97fef5a1df31	22474
zil/avx512/rows/radix8_z_n1ccs_avx512.c	genset	-	-	-	-	-	19d6470129054a4d7f46f19f4665dc8b42982cd3e68f91320abcbb74f548771c	19498
zil/avx512/rows/radix8_z_n1ccs_bwd_avx512.c	genset	-	-	-	-	-	a3f600020f26eeda2650621ff846bce789ff9c893fe8651ac12e9d846a44af07	19508
zil/avx512/rows/radix8_z_n1r_bwd_avx512.c	genset	-	-	-	-	-	5c7dce5d5ef73a223db41bf0707c8b51dad80e2582a57f11efc7659a079d7352	14318
zil/avx512/rows/radix8_z_n1rtan_bwd_avx512.c	genset	-	-	-	-	-	96788fcedfdd8813e72c5b63acee0097885908b82adf5263ac5c97aabdf8970f	14577
zil/avx512/rows/radix8_z_n1tr_avx512.c	genset	-	-	-	-	-	f23b191ee4e378b5ac57909e73f4e4352f406554b056ac5c04af907a3bf7cd96	8899
zil/avx512/rows/radix8_z_n1trtan_avx512.c	genset	-	-	-	-	-	f5d67e1be02ab60305da51fec5bda30ac1d18e58cc22e49e75a6d812e7104e06	9154
zil/avx512/rows/radix8_z_t2r_avx512.c	genset	-	-	-	-	-	2b9bf225f2f4a674cc834b7b1350525e646da3a52079d3c377c0f2345dbd9193	19029
zil/avx512/rows/radix8_z_t2rtan_avx512.c	genset	-	-	-	-	-	215c5e295d63b736717c9b9972eb37ad12035e17ea75b0d0ad0bc591c9ad5131	19288
zil/avx512/rows/radix8_z_t2tr_bwd_avx512.c	genset	-	-	-	-	-	7ba2dc8fba176604e1ac86c437f73c344800ef37da03745e542c5ec6ad6efbdd	11086
zil/avx512/rows/radix8_z_t2trtan_bwd_avx512.c	genset	-	-	-	-	-	bdbce216923613b1980540d199e2dbfd7f1ecb701e190450e2d41472f2f10a01	11341
zil/avx512/rows/radix9_z_n1ccs_avx512.c	genset	-	-	-	-	-	d225d753f0d23c49c8b65060cb6dcf9e12011ae4aae2698231278f8a393a47eb	31360
zil/avx512/rows/radix9_z_n1ccs_bwd_avx512.c	genset	-	-	-	-	-	99095b669f9a6a6823874b570caaf7ed4c7a13d09a0094e950aa468cb9a6a4e7	31370
zil/avx512/shared/col/blocked/radix32_z_n1cb48_avx512.c	genset	-	-	-	-	-	48f16bbbbb554ae101143c9fdc1b5459aeab265f27907284651a3f389dbe98e4	93909
zil/avx512/shared/col/blocked/radix32_z_n1cb48_bwd_avx512.c	genset	-	-	-	-	-	3c9da47eba081f89251c3ec40b6159941120cf2b9316bddce3d2439b6e16795d	93919
zil/avx512/shared/col/blocked/radix32_z_n1cb84_avx512.c	genset	-	-	-	-	-	35960c82bd5814cefb5f24f36ed3b186e6c48b71cafbabc097b699a6df0709df	93925
zil/avx512/shared/col/blocked/radix32_z_n1cb84_bwd_avx512.c	genset	-	-	-	-	-	cdbc240f7e1bd48ee38c8bf66de9aff65d2f204ae80c7cccd3dbe40625a0ae4a	93935
zil/avx512/shared/col/blocked/radix32_z_t2cb48_avx512.c	genset	-	-	-	-	-	483e8e8c619cec87e95be197f5c460400f8fba039901af2078c32f29325ca428	118824
zil/avx512/shared/col/blocked/radix32_z_t2cb48_bwd_avx512.c	genset	-	-	-	-	-	01a03fa7bc429c070cf2a3d4d207c9f9dbb11de6e743bb84310f1eb199617351	118817
zil/avx512/shared/col/blocked/radix32_z_t2cb84_avx512.c	genset	-	-	-	-	-	72dc94d97078c3948000a04a3f5b200ad38aec3551978bc553763bac7098aab4	118841
zil/avx512/shared/col/blocked/radix32_z_t2cb84_bwd_avx512.c	genset	-	-	-	-	-	b8f9679bf5f99c912d8c6944dee36d87aca92dde2b84a3ab4ed695b4bb1c09c5	118810
zil/avx512/shared/col/blocked/radix64_z_n1cb88_avx512.c	genset	-	-	-	-	-	a574cbfbbd3a53709ae1cde5151b921cbb37f796bded7398d8dc2f2636a441e2	218469
zil/avx512/shared/col/blocked/radix64_z_n1cb88_bwd_avx512.c	genset	-	-	-	-	-	3331c3d68fec1839ec7dcf5f2f21382595cc039f4c6e456303046556aff2319f	218479
zil/avx512/shared/col/blocked/radix64_z_t2cb88_avx512.c	genset	-	-	-	-	-	8cdaf72ee944e4322f0e85f93b7d378aa856b7a0424bc602da616f4f06ea5bd0	268733
zil/avx512/shared/col/blocked/radix64_z_t2cb88_bwd_avx512.c	genset	-	-	-	-	-	16822751195519918202476e7064102abd7f18f0d9ac8357306a6ec13c760627	268725
zil/avx512/shared/col/radix10_z_n1c_avx512.c	genset	-	-	-	-	-	84d1dcae4504e44be114372cc2906d991391abad00619e37a7ad90f188864bca	26472
zil/avx512/shared/col/radix10_z_n1c_bwd_avx512.c	genset	-	-	-	-	-	96432ca253104e6752ed394ce3a91814ac15a0d9a15ceee5a368de3f9f8f68a8	26482
zil/avx512/shared/col/radix11_z_n1c_avx512.c	genset	-	-	-	-	-	77e051eb57000c4cde92ddbd9d24fde1c9f4c11555089fd6efd83cc7f794cbd4	34305
zil/avx512/shared/col/radix11_z_n1c_bwd_avx512.c	genset	-	-	-	-	-	3e936fd39bb887821f532b2275b887bcca242a49d0643b96d515cf48c5217ee4	34315
zil/avx512/shared/col/radix11_z_t2c_avx512.c	genset	-	-	-	-	-	c8704791d7ba3cca4d9283950abef06742dadf14d489c65206fc9a879779b60c	42165
zil/avx512/shared/col/radix11_z_t2c_bwd_avx512.c	genset	-	-	-	-	-	08b5588989728a1f72a5e465842e5c5087aac83856bc64a5d2cc3ab01f6f1165	42515
zil/avx512/shared/col/radix12_z_n1c_avx512.c	genset	-	-	-	-	-	c302e8b1aad67213d0cce4c1a8447c4501609475b25355840933d1695f9ddf1e	29105
zil/avx512/shared/col/radix12_z_n1c_bwd_avx512.c	genset	-	-	-	-	-	43011153b17f172e547ed5c32f305fc4d1f266d282c1a548f0849156c01eea8c	29115
zil/avx512/shared/col/radix13_z_n1c_avx512.c	genset	-	-	-	-	-	cbce0bc6944b70d9e517bdf0d525fc2f8fc51a5b547aa3c645b0973d63e40f1f	44175
zil/avx512/shared/col/radix13_z_n1c_bwd_avx512.c	genset	-	-	-	-	-	1bc816be919124f6757696326161e2742a2c0bd2579a27a8b48005a4396ee92e	44185
zil/avx512/shared/col/radix13_z_t2c_avx512.c	genset	-	-	-	-	-	defd64b863b52d77763a3098b0cb5bd85efd0fdf300f512d3a7c30677a555cff	53611
zil/avx512/shared/col/radix13_z_t2c_bwd_avx512.c	genset	-	-	-	-	-	43f3098f2a99dffa5b5596e6ae7d1d99345a2e332b81e01edf727f8428027b99	54023
zil/avx512/shared/col/radix14_z_n1c_avx512.c	genset	-	-	-	-	-	bcafb33d2b5c65597948a52e3c235c21e7dea0f38e0d343bd3e54f9262717645	42353
zil/avx512/shared/col/radix14_z_n1c_bwd_avx512.c	genset	-	-	-	-	-	a5c0533db4b1be4652accb07b46483be4ac91146f247fa17e4094879cd80b112	42363
zil/avx512/shared/col/radix15_z_n1c_avx512.c	genset	-	-	-	-	-	efbdd9859d90e191ee6a9a7ba6c202d8eb07f5584f90dfcb0922f0b7f9a31000	53919
zil/avx512/shared/col/radix15_z_n1c_bwd_avx512.c	genset	-	-	-	-	-	a27e42335ac20a23b52c04e3ffe2f10a2ad56e89e110878b8435b2ad10b99349	53929
zil/avx512/shared/col/radix15_z_t2c_avx512.c	genset	-	-	-	-	-	139641f686340662319ad3c2c9fa37cba7b8e0460f600c403934499e3ab7366a	64877
zil/avx512/shared/col/radix15_z_t2c_bwd_avx512.c	genset	-	-	-	-	-	3fcd9335e48b206d6785d32b97635905e03d13b8de2cff1885550f67d1f6adb9	65345
zil/avx512/shared/col/radix16_z_n1c_avx512.c	genset	-	-	-	-	-	b3ba847860de7db1fef395d39b0abe53e2a43cffd947709690d8c2d4d4cef9b8	36556
zil/avx512/shared/col/radix16_z_n1c_bwd_avx512.c	genset	-	-	-	-	-	b0416360424849df3b7a8747316d5acd2e968b836b04e6077800688de69b5a31	36566
zil/avx512/shared/col/radix16_z_t2c_avx512.c	genset	-	-	-	-	-	8d547986db27e4c14f58baf4ab903f891c40ea3c0525c2e5a4c46d165214fce8	48793
zil/avx512/shared/col/radix16_z_t2c_bwd_avx512.c	genset	-	-	-	-	-	95f71e585346a4f771d7ac80b1f7cdc50eb0fccbdbb8cf9b2140ef513c1867e6	48811
zil/avx512/shared/col/radix17_z_n1c_avx512.c	genset	-	-	-	-	-	cf59ef64cc2a81fc87cf83e3017f19da84b7a39d30aff16fe57a6a733ec58d2e	67926
zil/avx512/shared/col/radix17_z_n1c_bwd_avx512.c	genset	-	-	-	-	-	012b6abe5a58eadb040da6b0ee2c70ae36e754125d2a7583553b7f48f76fd02e	67936
zil/avx512/shared/col/radix17_z_t2c_avx512.c	genset	-	-	-	-	-	ed7474732decc09c39813f9aae8c4d7c8d349dd2d82a88c0c10388a09ee25c63	80406
zil/avx512/shared/col/radix17_z_t2c_bwd_avx512.c	genset	-	-	-	-	-	1760478d982632414633dc01d7ad280b0db354b8af1d42d857ece2ad63a80643	80927
zil/avx512/shared/col/radix19_z_n1c_avx512.c	genset	-	-	-	-	-	59befb7e953ed1629cc0c02653abfc426e238ac1155c0339034308f5892a70d3	81467
zil/avx512/shared/col/radix19_z_n1c_bwd_avx512.c	genset	-	-	-	-	-	5629c29fd101658de56c3b5466eaa91b6d8b91978ae1162a0d58a455688cf52b	81477
zil/avx512/shared/col/radix19_z_t2c_avx512.c	genset	-	-	-	-	-	547a869b9e042f852331e023e7fd593be9749d408375ad5e05878f0ac75f4f89	95463
zil/avx512/shared/col/radix19_z_t2c_bwd_avx512.c	genset	-	-	-	-	-	ad97f525b2f5553e166d0be0bea58b54733420fe32e2c57e265f2ca93044f074	96049
zil/avx512/shared/col/radix21_z_n1c_avx512.c	genset	-	-	-	-	-	f7a990d77d67dc9f7e45f567d679f5375b5ad4fcc3c7fb05213b7ee14bfcba6a	93628
zil/avx512/shared/col/radix21_z_n1c_bwd_avx512.c	genset	-	-	-	-	-	809642b2fcd25115190310419758e04fde8a072495f3656ac9fd9b91136c5333	93638
zil/avx512/shared/col/radix21_z_t2c_avx512.c	genset	-	-	-	-	-	6071595c2f0ecc1bc0a6601cdf963f9af4de3429ce5b5ad129a1ce9368028b7d	109146
zil/avx512/shared/col/radix21_z_t2c_bwd_avx512.c	genset	-	-	-	-	-	779d6c9faf30445dddce1613bd1f73e07b2a0a6ce07509196da34d3d87a509c8	109785
zil/avx512/shared/col/radix22_z_n1c_avx512.c	genset	-	-	-	-	-	77b781b3d6b1525b7d7efefb88033b12d7b979ae6e6b359b1cdd6e35be96f915	83843
zil/avx512/shared/col/radix22_z_n1c_bwd_avx512.c	genset	-	-	-	-	-	67b63a8749c7b93af05ab93083eaf0a2fb3ab88c715a65a82dd7af18b6e72670	83853
zil/avx512/shared/col/radix23_z_n1c_avx512.c	genset	-	-	-	-	-	4de77390841e7b5c6e833d915547a46ca5420ef3ead0086669a32c4b0202832e	112034
zil/avx512/shared/col/radix23_z_n1c_bwd_avx512.c	genset	-	-	-	-	-	7c5ba365547a9698f6a3ad65cc6913ddb91ad5774d302e6ba0db0d92dd99c1fd	112044
zil/avx512/shared/col/radix23_z_t2c_avx512.c	genset	-	-	-	-	-	7978c15b1a1022a1073e0d3771e6d83bc9fbffa271954758fb6fe621c23ca2e4	129068
zil/avx512/shared/col/radix23_z_t2c_bwd_avx512.c	genset	-	-	-	-	-	f01b4ebc2a0cac72112939c195da78f03776652dfa1a8c56d123383b02762859	129772
zil/avx512/shared/col/radix25_z_n1c_avx512.c	genset	-	-	-	-	-	907a0038ea3c56390fc434a2711087d049ee1291b49fe6f4ef1f5cbb51587a08	127475
zil/avx512/shared/col/radix25_z_n1c_bwd_avx512.c	genset	-	-	-	-	-	d8e715e665196833ba3ee2eab4e96199ce494b49cad956c96df60cc8b23dc7c4	127485
zil/avx512/shared/col/radix25_z_t2c_avx512.c	genset	-	-	-	-	-	fabcddc31ffcc4ba3365baf8a2ce58718f84be670502f15f60737f38ce46a7eb	146025
zil/avx512/shared/col/radix25_z_t2c_bwd_avx512.c	genset	-	-	-	-	-	19dd14013396e8823fecb6f49e484a8d1a03891b7d0586ab6e2a53465bb910e0	146791
zil/avx512/shared/col/radix26_z_n1c_avx512.c	genset	-	-	-	-	-	260098cee13acfd03f51737423700513a415d545b8842ce8d08a53f8b58943b1	109122
zil/avx512/shared/col/radix26_z_n1c_bwd_avx512.c	genset	-	-	-	-	-	e2cc1feae919005cb1215565ad86537a0dc002bda312c27bd5c407eda97dfd07	109132
zil/avx512/shared/col/radix27_z_n1c_avx512.c	genset	-	-	-	-	-	bb277057ef5b80b6cfdebe1fa26c45a6083f0c985ffaebeea17dc8cd77ebb68c	144736
zil/avx512/shared/col/radix27_z_n1c_bwd_avx512.c	genset	-	-	-	-	-	f34ae0b3108f6c7b9b4eb03b2455cd8fd7277ce88bfe065fa30a3c08bbc16921	144746
zil/avx512/shared/col/radix27_z_t2c_avx512.c	genset	-	-	-	-	-	bf2115ec77466395c052aa9957cdcf06a6c5be40a9f9f9af77925a123159a043	164808
zil/avx512/shared/col/radix27_z_t2c_bwd_avx512.c	genset	-	-	-	-	-	dfc8bc9bd6812ba3ce9b1e465449a414189c86bad20e7c1e6d4f7d876c75f9f8	165634
zil/avx512/shared/col/radix29_z_n1c_avx512.c	genset	-	-	-	-	-	6622fa0e873e33b298a67003eeaf1de080606862b725997abf1c8d04a520694b	167155
zil/avx512/shared/col/radix29_z_n1c_bwd_avx512.c	genset	-	-	-	-	-	595f65791d864c24c9546b67621c1261b25d442f176a44b15c8bc55eeef344db	167165
zil/avx512/shared/col/radix29_z_t2c_avx512.c	genset	-	-	-	-	-	208edb074c9eddeccb72b799e547f077f4db87b6f8626c9bf94ac3a608550c83	188743
zil/avx512/shared/col/radix29_z_t2c_bwd_avx512.c	genset	-	-	-	-	-	da87092e2134c896bd6b9719d18ca43a5844f5021519942006e817d3ac7ef853	189647
zil/avx512/shared/col/radix2_z_n1c_avx512.c	genset	-	-	-	-	-	de66b97f11d444d5e8fa164faa625cb7ef9cf2310145f86ce7510d8d56f82ab1	3698
zil/avx512/shared/col/radix2_z_n1c_bwd_avx512.c	genset	-	-	-	-	-	a3d113b74ed97bd94b4f40683a4c13fd48a0253206328a4ebddcf435436dc638	3708
zil/avx512/shared/col/radix31_z_n1c_avx512.c	genset	-	-	-	-	-	8576e67bd066cb6ce0293c914482e7d4daf5ae4fbf573bdbfc5ddf8cfe53efc0	187980
zil/avx512/shared/col/radix31_z_n1c_bwd_avx512.c	genset	-	-	-	-	-	82d18bb8463fe3f7bc7d2bc781264dbcb30412d57b5596e99253386b33fa93c7	187990
zil/avx512/shared/col/radix31_z_t2c_avx512.c	genset	-	-	-	-	-	0b8b1e0430fd3b00a27f495a5766bf302f7aed219af5253bfa1a7a3921c399a4	211084
zil/avx512/shared/col/radix31_z_t2c_bwd_avx512.c	genset	-	-	-	-	-	9aa8fe3c4265e02891bc24132ae56ec1554855ca702625f1f5632440a8687f14	212192
zil/avx512/shared/col/radix32_z_n1c_avx512.c	genset	-	-	-	-	-	899d28496647e9afa017262112dbd1dfc17f748d96010d47d48129a720c4e8c6	89916
zil/avx512/shared/col/radix32_z_n1c_bwd_avx512.c	genset	-	-	-	-	-	a449eb6d554b4ac9a4651dd337f08f73d2a55c342debfee19204736ddb7c5ac7	89926
zil/avx512/shared/col/radix32_z_t2c_avx512.c	genset	-	-	-	-	-	5161991e354ed77bbbfd6650c0463fd3304455e062650bd2005ed55b3bdec727	114925
zil/avx512/shared/col/radix32_z_t2c_bwd_avx512.c	genset	-	-	-	-	-	f3e8a24f6b6b1b97abe4d8c0447c9c8fb40223d9022fe07d59297f83dae0f643	114911
zil/avx512/shared/col/radix37_z_n1c_avx512.c	genset	-	-	-	-	-	19251327fcbc435c1fa4310dcee50e48f2873ce67b150cc71eba813d24aeaac5	257216
zil/avx512/shared/col/radix37_z_n1c_bwd_avx512.c	genset	-	-	-	-	-	ef70a6737dc04a65f20200db7bd79a0812d1038b38bc1464281ce2a17036ebf2	257226
zil/avx512/shared/col/radix37_z_t2c_avx512.c	genset	-	-	-	-	-	67401c39c2cc3460b67cd1261052267d9632971c51188f88d197ccaffda40bb3	284868
zil/avx512/shared/col/radix37_z_t2c_bwd_avx512.c	genset	-	-	-	-	-	d46aa7c9aba2e55ee1b70e6a961a75eefeb10d454e702b3d44463958949b5e81	286780
zil/avx512/shared/col/radix3_z_n1c_avx512.c	genset	-	-	-	-	-	ecf0feae5ac8dfec50e38ba5b05a6cf69a76359ad00f72cb21b411cd850dc637	6262
zil/avx512/shared/col/radix3_z_n1c_bwd_avx512.c	genset	-	-	-	-	-	adef7130950f8da46980f8e1fd14da2ff781cc8c3b7c63955f21cf0420a30d5c	6272
zil/avx512/shared/col/radix3_z_t2c_avx512.c	genset	-	-	-	-	-	029b8912f643eac3a1ae200f48968f0341b5a317183a3251600fe594ec30e347	8312
zil/avx512/shared/col/radix3_z_t2c_bwd_avx512.c	genset	-	-	-	-	-	8bcd4c8687457cd6d3824c209a5f51b0deba9613d27c631850a4c1a409e7193c	8322
zil/avx512/shared/col/radix41_z_n1c_avx512.c	genset	-	-	-	-	-	c6b75943cc49c2307e3d934e2e017e8b0b71c5d51b3ea06b8ab0fa8fd8cd9c8f	309108
zil/avx512/shared/col/radix41_z_n1c_bwd_avx512.c	genset	-	-	-	-	-	2d9333cb32a0368d071231bb93c259d3ae8bf8df33e7012b21f24c0007ec37f9	309118
zil/avx512/shared/col/radix41_z_t2c_avx512.c	genset	-	-	-	-	-	7c2431b405f6946973666a4c5a62a44794685c8aa774ab1da42df3a8bcf12b25	339798
zil/avx512/shared/col/radix41_z_t2c_bwd_avx512.c	genset	-	-	-	-	-	8216def579487b087ea120b286bb45dcf525ca6dfdc46baee4109ec46be3d050	342272
zil/avx512/shared/col/radix43_z_n1c_avx512.c	genset	-	-	-	-	-	4349a625ba48bf931494ccd3c873d28f1ccc4e2ef40ecac9721a77bd23092743	338069
zil/avx512/shared/col/radix43_z_n1c_bwd_avx512.c	genset	-	-	-	-	-	ffd9049d333e333e607e0149b40b33ae31e80225499bea2b9ca867b0d6af304c	338079
zil/avx512/shared/col/radix43_z_t2c_avx512.c	genset	-	-	-	-	-	ea738d34dba3511a074558bfcd05b95d8f790c4a8f4c5dca0dc8bd298e1a44ee	370533
zil/avx512/shared/col/radix43_z_t2c_bwd_avx512.c	genset	-	-	-	-	-	3640d0b64e6b51cd17ed326184e2ce903205fa5235cab5681353ef3c4dfc8891	373387
zil/avx512/shared/col/radix47_z_n1c_avx512.c	genset	-	-	-	-	-	d902dd5224540b16bbb4025a0ed96fa8afd2f7530b0faf9262489f80d25fe362	398802
zil/avx512/shared/col/radix47_z_n1c_bwd_avx512.c	genset	-	-	-	-	-	dc831d5cdbeb4953e45c5fffdc1ccfa2d3de644ee4af88ca89cab93cac20d25b	398812
zil/avx512/shared/col/radix47_z_t2c_avx512.c	genset	-	-	-	-	-	044410e8fe0f7bf45de1471d6d8866d8c08d5b59cf86003fe7f285945d6f7420	434346
zil/avx512/shared/col/radix47_z_t2c_bwd_avx512.c	genset	-	-	-	-	-	72a1981e8d55faab86e629fbb97ba232e3c340f40eb5d416e2c4fa39237545e8	437951
zil/avx512/shared/col/radix4_z_n1c_avx512.c	genset	-	-	-	-	-	603ded7f7302ced638b0c7013ade926c16171267e629a05b068e0092ff063db2	6302
zil/avx512/shared/col/radix4_z_n1c_bwd_avx512.c	genset	-	-	-	-	-	bbced61681e66618efaf9e9b2c3d673599fce215c1a721121333f25424733847	6312
zil/avx512/shared/col/radix4_z_t2c_avx512.c	genset	-	-	-	-	-	e7569fc8d7da7a89ae6303c59eff34d71d5f53362df011e02c3713730165908d	9115
zil/avx512/shared/col/radix4_z_t2c_bwd_avx512.c	genset	-	-	-	-	-	852eb4675d47d240a2392b34a2558cb10e580836336e2e8f3c9f941764212fa6	9121
zil/avx512/shared/col/radix5_z_n1c_avx512.c	genset	-	-	-	-	-	11b62799ce639c0b9c40df2b8569a099b7833306cda0db7db2e8bbf8fac2e8e0	11291
zil/avx512/shared/col/radix5_z_n1c_bwd_avx512.c	genset	-	-	-	-	-	e9a4d9145c64dd1f091978344b7f044228923032ade23f373640f80d157556a0	11301
zil/avx512/shared/col/radix5_z_t2c_avx512.c	genset	-	-	-	-	-	69af99879ebadde52fb65fd0de411588d871d1c8cafd1a0777c7bc4437ce23a9	14871
zil/avx512/shared/col/radix5_z_t2c_bwd_avx512.c	genset	-	-	-	-	-	ce492910a2079d834d2a45f613cb95f43615b8aa03a98a8c2537ab5d52646cc0	14877
zil/avx512/shared/col/radix64_z_n1c_avx512.c	genset	-	-	-	-	-	c0a7ceb0e7274f1bf3b3e51f2f50320db0012f9cd666c4858998354557fc2c04	211042
zil/avx512/shared/col/radix64_z_n1c_bwd_avx512.c	genset	-	-	-	-	-	805864ad06527357765706c1893c70748ec251189ca55fd21bcc19ea448c87ae	211052
zil/avx512/shared/col/radix64_z_t2c_avx512.c	genset	-	-	-	-	-	74a099230da692e40ba3058df87809a1750eb9ffd75a00f14a35a34a8e0ed17f	261495
zil/avx512/shared/col/radix64_z_t2c_bwd_avx512.c	genset	-	-	-	-	-	c0021f444a52995d4e865c4c40a25764f14913a4835a60c08573378c8d3f1b9f	261481
zil/avx512/shared/col/radix6_z_n1c_avx512.c	genset	-	-	-	-	-	caceb6495b181fbf1a7e05f3a5fc74d212b0f1c9f81f573825886b46839a0a37	13573
zil/avx512/shared/col/radix6_z_n1c_bwd_avx512.c	genset	-	-	-	-	-	a9144428269a3c534b39eeff68b90cc15d1dfb3af8fcf676dcc88a949c414dad	13583
zil/avx512/shared/col/radix7_z_n1c_avx512.c	genset	-	-	-	-	-	d27ef4e88ca973daa5155badeb03f9b11277e002224d9e3a885e3152313bdb9b	17762
zil/avx512/shared/col/radix7_z_n1c_bwd_avx512.c	genset	-	-	-	-	-	b38423e2dbac14aebadcf0f15df4780c899f0a29764b8aaeb5a573ba944ca2c2	17772
zil/avx512/shared/col/radix7_z_t2c_avx512.c	genset	-	-	-	-	-	b174a7969fc2844f75214cedeb68e73884212e290a24cf9110e1f2cc6eba955b	22868
zil/avx512/shared/col/radix7_z_t2c_bwd_avx512.c	genset	-	-	-	-	-	ee06cd5d10e288497d68c926efe6db918fff57b01d6d54de9d80f524b56de7c2	22902
zil/avx512/shared/col/radix8_z_n1c_avx512.c	genset	-	-	-	-	-	062ca47ea26c3043c8ce3b04c281736dbad84e1ecbfb2be462cf13784f2a556c	14140
zil/avx512/shared/col/radix8_z_n1c_bwd_avx512.c	genset	-	-	-	-	-	a7a30985bf5613c438850bfe3de888dd68ff27fc7aa081936cbbd00b37144fa5	14150
zil/avx512/shared/col/radix8_z_t2c_avx512.c	genset	-	-	-	-	-	13a2a58223a26d8ef61cd49e23af6cefde1a53827bc76059b64970e89c9c59b8	20013
zil/avx512/shared/col/radix8_z_t2c_bwd_avx512.c	genset	-	-	-	-	-	d8501129bd31e22d8eb140431eaa777dded883f92511399caec22da3b0f6954d	20023
zil/avx512/shared/col/radix9_z_n1c_avx512.c	genset	-	-	-	-	-	4ba0cc91c579146ed04f00377ccf169d81645c7eb18ae54e4c100cc629d7fca3	25346
zil/avx512/shared/col/radix9_z_n1c_bwd_avx512.c	genset	-	-	-	-	-	e095dc0dbcea481ff7bb676e9fc7258324b29a13032a5c075cc1287e6df977f8	25356
zil/avx512/shared/col/radix9_z_t2c_avx512.c	genset	-	-	-	-	-	81488a6c569b73afa218dcb311c8e309e6be7c9d87f2f9307dc27706c5fc2640	31716
zil/avx512/shared/col/radix9_z_t2c_bwd_avx512.c	genset	-	-	-	-	-	96be8ec785aaa45c3db358ecd9e2924cd9ab870158f39f22f86e1ddae256d7a0	32007
zil/avx512/shared/radix10_z_n1_avx512.c	genset	-	-	-	-	-	1506dd75675963e3b93ae8e12b2a172eccac80130ebc91ae3b998fc36b307639	26435
zil/avx512/shared/radix10_z_n1_bwd_avx512.c	genset	-	-	-	-	-	3952e238ef81bbce5891b6558cb77023abb603a3a2e952c7046eb4642a24ed34	26437
zil/avx512/shared/radix11_z_n1_avx512.c	genset	-	-	-	-	-	10031bfc39c360e613e10f8dbb054eff4a3c2c244fd1cb513560ecb49c2f1d53	34268
zil/avx512/shared/radix11_z_n1_bwd_avx512.c	genset	-	-	-	-	-	79cef1d911694a08fe02c9f0e7653002ae68927a8faf5d0bf915692489cd3528	34270
zil/avx512/shared/radix12_z_n1_avx512.c	genset	-	-	-	-	-	feee2aed8cd23372d034ee95d6c7d64db2b840b35f4540179da709ae97a396e0	29068
zil/avx512/shared/radix12_z_n1_bwd_avx512.c	genset	-	-	-	-	-	d74b6c0ad5ffd5a1be186667305c58b0dd2e23f8cd15ad8b4477679ca86a9fd8	29070
zil/avx512/shared/radix13_z_n1_avx512.c	genset	-	-	-	-	-	94f430c1f3ada5716413022ae84d865acf14137b0a7d3dd568859855966b7359	44138
zil/avx512/shared/radix13_z_n1_bwd_avx512.c	genset	-	-	-	-	-	3ed7bd3c07a8f6873cdd226590b4f0fcf6e2318a8f61bac9633e4421b00257e3	44140
zil/avx512/shared/radix14_z_n1_avx512.c	genset	-	-	-	-	-	dad651cd62d100f0276a7195e06a883347dbc3bbb62250d464516104a6033da5	42316
zil/avx512/shared/radix14_z_n1_bwd_avx512.c	genset	-	-	-	-	-	b9e0b4b163c6201af98b39b9ea36102816a2b826c54496ec65624d650c712433	42318
zil/avx512/shared/radix15_z_n1_avx512.c	genset	-	-	-	-	-	7bd0e14c92bdf6876b806ec71078194b6a1d0004cec121f6f8263c0476045ba3	53882
zil/avx512/shared/radix15_z_n1_bwd_avx512.c	genset	-	-	-	-	-	d6bf7808b4fc90f585631a985102bbe5c0ab6f8a7601ff8d228cb32eb084ee44	53884
zil/avx512/shared/radix16_z_n1_avx512.c	genset	-	-	-	-	-	442bd16613ca0a2dff430d4e1d2491bd1f9df4bc752e0da4f71ffa68ba28f8a9	36519
zil/avx512/shared/radix16_z_n1_bwd_avx512.c	genset	-	-	-	-	-	c5c0f119640eb07ed4c500c034b58d8f6ed0c6c7f25968ef3716a96934aeac28	36521
zil/avx512/shared/radix17_z_n1_avx512.c	genset	-	-	-	-	-	60fc15e664857966989f899037441fb58c69190d7f3118ae532a3a7bc5a6e1fa	67889
zil/avx512/shared/radix17_z_n1_bwd_avx512.c	genset	-	-	-	-	-	e0b2638e656006344932badf1f8870d60cc5cce51c76de5dca43a9f701958097	67891
zil/avx512/shared/radix19_z_n1_avx512.c	genset	-	-	-	-	-	c1401ee99e01f7e86bf2182458686d32f11c6bfc7f0b13c481c0ba1fecb77bd6	81430
zil/avx512/shared/radix19_z_n1_bwd_avx512.c	genset	-	-	-	-	-	83047c064819f21d8935e3a9e4bb7834c3d1d184d19c32ff6e8cb245e143c4b3	81432
zil/avx512/shared/radix21_z_n1_avx512.c	genset	-	-	-	-	-	d047c7d94bf193960c5e9a409715a058916b1c7216f6ded051f3615a7163f9af	93591
zil/avx512/shared/radix21_z_n1_bwd_avx512.c	genset	-	-	-	-	-	08c058c679745fca014911fa4d5a76ef46d177d02c19db825bebf384ff6ab2b6	93593
zil/avx512/shared/radix22_z_n1_avx512.c	genset	-	-	-	-	-	c5949d9e8565900e63972853487e7613457c71fe0894327e4c8bfc39c3e04b03	83806
zil/avx512/shared/radix22_z_n1_bwd_avx512.c	genset	-	-	-	-	-	b7cb6e329ad2490c480648213bdc4dde4134e15f9839df9688a23adf615e4a48	83808
zil/avx512/shared/radix23_z_n1_avx512.c	genset	-	-	-	-	-	0f91d05db6ae8374c9efa4a768ab685719c22c4b19b447c36e471a09f7bc9384	111997
zil/avx512/shared/radix23_z_n1_bwd_avx512.c	genset	-	-	-	-	-	453ab1443de87f409de47e1fea955ffd2b1aba4974757a6a157435952bac6b22	111999
zil/avx512/shared/radix25_z_n1_avx512.c	genset	-	-	-	-	-	08128805d4b4e076691616373bc4d4eeee1897dd6784bcae0255f95253482407	127438
zil/avx512/shared/radix25_z_n1_bwd_avx512.c	genset	-	-	-	-	-	f2ba7154f5b59ad8b537def2ced58121024b5561e0135a29bfad3c187778dec2	127440
zil/avx512/shared/radix26_z_n1_avx512.c	genset	-	-	-	-	-	ccaa1076c7758f86561e4a56f8e88550edd7d59060b5ed68f5b8b002e0983c46	109085
zil/avx512/shared/radix26_z_n1_bwd_avx512.c	genset	-	-	-	-	-	30759ee4fa545ec7e9ee1bea07c98a8bbc348e3b574a8d74cabcf6bc2de591cd	109087
zil/avx512/shared/radix27_z_n1_avx512.c	genset	-	-	-	-	-	bc1f6f9632400c9a82b0ad0cc20cb987a49035b0d5cf42ef13cf6e70fc0a301d	144699
zil/avx512/shared/radix27_z_n1_bwd_avx512.c	genset	-	-	-	-	-	96f426fb8b39d0ef404ad3c88c2260b15cd726a82287dd5de8023d2b3ab4afce	144701
zil/avx512/shared/radix29_z_n1_avx512.c	genset	-	-	-	-	-	479910a976f52a2972dbc6f258c3ac95ebc945ffe7cfc23ed939b25b5a601f9a	167118
zil/avx512/shared/radix29_z_n1_bwd_avx512.c	genset	-	-	-	-	-	e40c3fd953309ab4e80bee13c0c1c60de7807d7844a384195797fccb6c99976a	167120
zil/avx512/shared/radix2_z_n1_avx512.c	genset	-	-	-	-	-	da363800c55d93be0e3be3e073f94e595207c996bd840c138848e9b5e36d11c8	3661
zil/avx512/shared/radix2_z_n1_bwd_avx512.c	genset	-	-	-	-	-	22eb8c141f9822da99095282facfba1149bafaea7ebd70e9deb724d132fed906	3663
zil/avx512/shared/radix31_z_n1_avx512.c	genset	-	-	-	-	-	dbed03b8e2ec78e4710f0177b68b8d72f99cd6a8e9376832c236d0aa288411c6	187943
zil/avx512/shared/radix31_z_n1_bwd_avx512.c	genset	-	-	-	-	-	991f9df3cebad55619edcb9fbd1e885883e67e4d63ce1edbe7217f763d94af05	187945
zil/avx512/shared/radix32_z_n1_avx512.c	genset	-	-	-	-	-	96312f2794fbc637bbb3b043aac3ab6ada990c10377e228dad88b7ed34045f76	89879
zil/avx512/shared/radix32_z_n1_bwd_avx512.c	genset	-	-	-	-	-	39455bd78ead17bed74c1771700561e516dcc6937ce779b5bd67e9647c2145a6	89881
zil/avx512/shared/radix37_z_n1_avx512.c	genset	-	-	-	-	-	761c6a3819225a82979ceee88284e03b9424374ff8198fb21d93554fc6b402a9	257179
zil/avx512/shared/radix37_z_n1_bwd_avx512.c	genset	-	-	-	-	-	29085ca2b3b469b03060e8735a9a36d72e4bc0f79187fe87a01f65b8c5c5e19f	257181
zil/avx512/shared/radix3_z_n1_avx512.c	genset	-	-	-	-	-	0503d304ff3c9ccf76e422408746e45637c827c7dd361cfa85be0b2904362172	6225
zil/avx512/shared/radix3_z_n1_bwd_avx512.c	genset	-	-	-	-	-	a07ba48901d94d67459d77513db97e1f79937e23bfb782f3f773480b4d7a1f0d	6227
zil/avx512/shared/radix41_z_n1_avx512.c	genset	-	-	-	-	-	d3efac1a7e91e73f47bd1ca890b19c2036c51cdb497ab0610a08101366ee6e5a	309071
zil/avx512/shared/radix41_z_n1_bwd_avx512.c	genset	-	-	-	-	-	b7c9fb1851a3d14c4b85910ec347d37b88bb2f2edfc36a9e6b0b028cda81a67e	309073
zil/avx512/shared/radix43_z_n1_avx512.c	genset	-	-	-	-	-	78d66abfa988a352c4151b4657c759711ca51923d5325f0f83a81df984f564ff	338032
zil/avx512/shared/radix43_z_n1_bwd_avx512.c	genset	-	-	-	-	-	c9a1079815ebea653a9dd2c28f95f5e8c8df35c50c977d28816fe8afc0ff0c15	338034
zil/avx512/shared/radix47_z_n1_avx512.c	genset	-	-	-	-	-	d14c1f570567d9bb6e67a39692e1f4d7aff8656681a463372e5d362c809591ca	398765
zil/avx512/shared/radix47_z_n1_bwd_avx512.c	genset	-	-	-	-	-	adc204f6c671efd99a4fac1c78a22a7b122da3ccd9108d92dfd8cf9d17a67483	398767
zil/avx512/shared/radix4_z_n1_avx512.c	genset	-	-	-	-	-	fda52e55dfbd63fd69ce9c4bfbf32f6ce5036fbfd5c8ac3e4346c3514ad7beac	6265
zil/avx512/shared/radix4_z_n1_bwd_avx512.c	genset	-	-	-	-	-	f10fe2c7a6668dbfb198777fb6ad864de2cf4570ff49a2e872f126a335a90c87	6267
zil/avx512/shared/radix5_z_n1_avx512.c	genset	-	-	-	-	-	d78fbb963e124b33ba8b910fb618da89ec512d3649aee0a27015b45f4c84c039	11254
zil/avx512/shared/radix5_z_n1_bwd_avx512.c	genset	-	-	-	-	-	84c22cd023c41d615582da1a6c48cccdb2442e799692f922bed71497d7a9819e	11256
zil/avx512/shared/radix64_z_n1_avx512.c	genset	-	-	-	-	-	4d4cb9deae801bc0443ce5ec4d07f5d114c022290c156ab92d5d60ff5e0acdb7	211005
zil/avx512/shared/radix64_z_n1_bwd_avx512.c	genset	-	-	-	-	-	0c3c029b8119ea218fa078079db68e5f9385778741a4561d7cffd6153f25b6b2	211007
zil/avx512/shared/radix6_z_n1_avx512.c	genset	-	-	-	-	-	b8d885514380218ecb89558fcffed33a46b39354bad8aaf552ea07011e7f9620	13536
zil/avx512/shared/radix6_z_n1_bwd_avx512.c	genset	-	-	-	-	-	c17e3905dd1d726101d533e1c07df8100a1233543b3dc8942e675c6a3e66225b	13538
zil/avx512/shared/radix7_z_n1_avx512.c	genset	-	-	-	-	-	0e75bdfadcd1984a94d9fb52f10b1dae727e204b0ba4d2f1b9aa3e4a32102c22	17725
zil/avx512/shared/radix7_z_n1_bwd_avx512.c	genset	-	-	-	-	-	60fd7af388de544d45fa43bc2d85a76e9ed0bc62124430edce7239178c49db50	17727
zil/avx512/shared/radix8_z_n1_avx512.c	genset	-	-	-	-	-	c3df05f079c5286e0c38213d82845cf04829e3af14a2b401b8e363078f8e7dee	14103
zil/avx512/shared/radix8_z_n1_bwd_avx512.c	genset	-	-	-	-	-	823b12e57c545ffeec545340c915ac18fc939d7b92a7d2df23ce330ba992bc8a	14105
zil/avx512/shared/radix9_z_n1_avx512.c	genset	-	-	-	-	-	682c5319f6d9fbd8f9d953d5ffa09247559696bed224dcabddd044bd30accb03	25309
zil/avx512/shared/radix9_z_n1_bwd_avx512.c	genset	-	-	-	-	-	7e6adf90bed31f05026fb9fb10a87b980bc25f129663b86c2d5ac7d520ee1dba	25311
zil/avx512/ztt/radix15_z_tmg_avx512.c	genset	-	-	-	-	-	a826779cb492ba072d7df6a7de45f9625497960759bb738b5ca07d9bb9953dfb	23716
zil/avx512/ztt/radix15_z_tmg_bwd_avx512.c	genset	-	-	-	-	-	e376c8981713f042eca25770f885c1363f6be8354f92f81fc0492c8b6b81dbee	23830
zil/avx512/ztt/radix15_z_tmgd_avx512.c	genset	-	-	-	-	-	0e6e70cfbd06ee639e14d9710a44d5887073a061e9acb96c076d725200475f87	23726
zil/avx512/ztt/radix3_z_tmg_avx512.c	genset	-	-	-	-	-	f43c2ea9e74ec1e3a0087f7b07d92830a63d8e7a2fa7256f79f3b90b14e7036a	4604
zil/avx512/ztt/radix3_z_tmg_bwd_avx512.c	genset	-	-	-	-	-	cffec405ef02904bce301e4977551e4470718621c6b1746314ae65b64aa5872c	4690
zil/avx512/ztt/radix3_z_tmgd_avx512.c	genset	-	-	-	-	-	97c834b47fd469b9690b985ca4cff131ad431bc7191364101e4af3b7cc35199f	4588
zil/avx512/ztt/radix4_z_t0d_avx512.c	genset	-	-	-	-	-	66d60284785d834864427098ee755d3bc5f2b1e77fc980b556fae07808751a80	6174
zil/avx512/ztt/radix4_z_tlf_avx512.c	genset	-	-	-	-	-	936747c686d1d04180d7fb2826906afde9ed587ccece91f2032774774f10dddf	5987
zil/avx512/ztt/radix4_z_tlf_bwd_avx512.c	genset	-	-	-	-	-	10dd0900c3bcf50d8763aa16341da460284c6d10d48f1993cc08c533c547e1b0	6073
zil/avx512/ztt/radix4_z_tlfi_avx512.c	genset	-	-	-	-	-	2abbd684af496fc8e74cb37c6a2c86447d10d866249718d440317525635a1b62	6710
zil/avx512/ztt/radix4_z_tlfi_bwd_avx512.c	genset	-	-	-	-	-	82c2533e9e56759c02360a3f7d4db6d562edc717275a44ed620ff14bc3cbcdb8	6796
zil/avx512/ztt/radix4_z_tmg_avx512.c	genset	-	-	-	-	-	9bd0a9f2b79d4216251cb6d208da028ff1b851d6f0cadedbbca8e3075c85b106	5318
zil/avx512/ztt/radix4_z_tmg_bwd_avx512.c	genset	-	-	-	-	-	4888311456619283f0b5e15c7d3ede5e751b51eafef6d3f103945410243d3fdf	5404
zil/avx512/ztt/radix4_z_tmgd_avx512.c	genset	-	-	-	-	-	4df668ec5f17c469bdc241bef329de29d5f95e8abb2a2567f764f7528d8cc688	5295
zil/avx512/ztt/radix5_z_tmg_avx512.c	genset	-	-	-	-	-	25d82d794e3154d4478310eca3c71525f815d55ba594a333acbef86007e6cb4e	7222
zil/avx512/ztt/radix5_z_tmg_bwd_avx512.c	genset	-	-	-	-	-	f4e844bb793dead10610f9681f1f8df8aea69e54f9e20ca979ab153c4c0bf4ec	7318
zil/avx512/ztt/radix5_z_tmgd_avx512.c	genset	-	-	-	-	-	3eb81aca6782f5706e383089b6883394576a30dd22a1111a8c95bae6bfd49a31	7237
zil/avx512/ztt/radix7_z_tmg_avx512.c	genset	-	-	-	-	-	72b745af62f27181a33e12bcb27d696272bcad9f07b7fa46e8ecb7b8a8cf0d8d	9706
zil/avx512/ztt/radix7_z_tmg_bwd_avx512.c	genset	-	-	-	-	-	d751824627c4100ed1980cc2600f2c5bd513d7053ad4fc8b8c68f2ec56bbe35b	9792
zil/avx512/ztt/radix7_z_tmgd_avx512.c	genset	-	-	-	-	-	91815d445c203a9356bed53fb246267e4e08a964865520800bb31569f12fec1e	9734
zil/avx512/ztt/radix8_z_t0d_avx512.c	genset	-	-	-	-	-	80c19e4597da343d7d72d92447e306de7c2542c7f9d195773bd4d4c6d9b215ab	11585
zil/avx512/ztt/radix8_z_t0tp_avx512.c	genset	-	-	-	-	-	6665802282e0fb9130871a6b975e17922fa8db2530873d9ba16718d7b8c7b784	11829
zil/avx512/ztt/radix8_z_t0tp_bwd_avx512.c	genset	-	-	-	-	-	f1504449c25b425827ca025f3d2f40bc9c898f17cc5b790d1487cde3cccbaac3	11884
zil/avx512/ztt/radix8_z_tld_avx512.c	genset	-	-	-	-	-	abb540c5ba673e93e9f3f5582d8c9ff2aebb0a4b716b4302349b1d2f20577649	12154
zil/avx512/ztt/radix8_z_tld_bwd_avx512.c	genset	-	-	-	-	-	1f73ed5b553e34eff0586582560f81160fb55faff0e5f3837a521dbfbb2aba59	12774
zil/avx512/ztt/radix8_z_tlf_avx512.c	genset	-	-	-	-	-	4c11f3bb40c790dc6b43540c893e574e2797d9dbba2b13feda93942097b8a818	11379
zil/avx512/ztt/radix8_z_tlf_bwd_avx512.c	genset	-	-	-	-	-	b94625c1c96e6e2ea64b93e2e3d263fa6fb6900dbbc578d80ab20b997d1b9304	11502
zil/avx512/ztt/radix8_z_tlfi_avx512.c	genset	-	-	-	-	-	f84d3f009c0cabee67652f22daff00d0410ce505aab7196af312cde9d27b4ccc	12790
zil/avx512/ztt/radix8_z_tlfi_bwd_avx512.c	genset	-	-	-	-	-	7305b23218316c423c3c486515fe8678541fec4612baa956b1b693cbfa2de917	12913
zil/avx512/ztt/radix8_z_tmg_avx512.c	genset	-	-	-	-	-	cf1e3910d49d961255032833ae2c060547e9e628ccdb5847bf680aa4473a7aa3	10094
zil/avx512/ztt/radix8_z_tmg_bwd_avx512.c	genset	-	-	-	-	-	dc6f27271fa078cf304e468ae29776504cedbf487c07b953f4ba4528574c2076	10217
zil/avx512/ztt/radix8_z_tmgd_avx512.c	genset	-	-	-	-	-	c06afaa854e4cb9c77eb07d6feaa10a54a81ed052b787b2f534b6ef8e1b15ea6	10098
zil/avx512/ztt/radix9_z_tmg_avx512.c	genset	-	-	-	-	-	b5a51496a7e6be7d6753a0b61ad33b16074bd442a123e38c7415785b052da4b1	12461
zil/avx512/ztt/radix9_z_tmg_bwd_avx512.c	genset	-	-	-	-	-	8e80a1b81d359647a0b08863a52d0ff004fbe7dd486eafe7ef033d37d4c87eef	12557
zil/avx512/ztt/radix9_z_tmgd_avx512.c	genset	-	-	-	-	-	5a42897950fb7218931a3c2c30630e6d2a3ae7616dcbe191080692b4c933f6d0	12516
