2          REFUSED      136ms refused   mono
3          banked        90ms replayed  mono
4          banked        91ms replayed  mono
5          banked        91ms replayed  mono
6          banked        89ms replayed  mono
7          banked        89ms replayed  mono
8          banked        93ms replayed  mono
9          banked        91ms replayed  mono
10         banked        92ms replayed  mono
11         banked        89ms replayed  mono
12         banked        91ms replayed  mono
13         banked        91ms replayed  mono
14         banked        89ms replayed  mono
15         banked        90ms replayed  mono
16         banked        91ms replayed  zrp:4.4:n1t
17         banked        91ms replayed  mono
18         banked        91ms replayed  zr2c:child_oop_il
19         banked        90ms replayed  mono
20         banked        89ms replayed  zr2c:child_nat_ip
21         banked        90ms replayed  mono
22         banked        95ms replayed  zr2c:child_nat_ip
23         banked        91ms replayed  mono
24         banked        95ms replayed  zrp:4.6:r2z
25         banked        91ms replayed  2p
26         banked        90ms replayed  zr2c:child_oop_il
27         banked        91ms replayed  mono
28         banked        89ms replayed  zr2c:child_oop_il
29         banked        90ms replayed  mono
30         banked        90ms replayed  zr2c:child_nat_ip
31         banked        89ms replayed  2p
32         banked        89ms replayed  zrp:4.8:r2z
33         banked        89ms replayed  ztt
34         banked        89ms replayed  zr2c:child_oop_il
35         banked       101ms replayed  mono
36         banked        93ms replayed  zrp:6.6:r2z
37         banked        89ms replayed  2p
38         banked        89ms replayed  zr2c:child_oop_il
39         banked        89ms replayed  mono
40         banked        90ms replayed  zrp:4.10:r2z
41         banked        89ms replayed  2p
42         banked        92ms replayed  zr2c:child_nat_ip
43         banked        89ms replayed  2p
44         banked        89ms replayed  zr2c:child_oop_il
45         banked        91ms replayed  mono
46         banked        90ms replayed  zr2c:child_oop_il
47         banked        93ms replayed  mono
48         banked        92ms replayed  zrp:4.12:r2z
49         banked        92ms replayed  2p
50         banked        90ms replayed  zr2c:child_oop_il
51         banked        89ms replayed  2p
52         banked        90ms replayed  zr2c:child_oop_il
53         banked       275ms raced     mono
54         banked        92ms replayed  zr2c:child_nat_ip
55         banked        92ms replayed  flat
56         banked        89ms replayed  zr2c:child_oop_il
57         banked        90ms replayed  2p
58         banked        91ms replayed  zr2c:child_oop_il
59         banked       281ms raced     mono
60         banked        89ms replayed  zrp:6.10:r2z
61         banked       262ms raced     2p
62         banked        89ms replayed  zr2c:child_oop_il
63         banked        89ms replayed  mono
64         banked        93ms replayed  zrp:4.16:r2z
65         banked        92ms replayed  2p
66         banked       101ms raced     zr2c:child_oop_il
67         banked       277ms raced     2p
68         banked        97ms raced     zr2c:child_oop_il
69         banked        89ms replayed  flat
70         banked        90ms replayed  zr2c:child_oop_il
71         banked       268ms raced     2p
72         banked        89ms replayed  zrp:12.6:r2z
73         banked       272ms raced     2p
74         banked        95ms raced     zr2c:child_oop_il
75         banked        91ms replayed  mono
76         banked        95ms raced     zr2c:child_oop_il
77         banked        89ms replayed  flat
78         banked        97ms raced     zr2c:child_oop_il
79         banked       262ms raced     2p
80         banked        92ms replayed  zrp:8.10:r2z
81         banked        93ms replayed  2p
82         banked       109ms raced     zr2c:child_oop_il
83         banked       296ms raced     mono
84         banked        95ms raced     zr2c:child_oop_il
85         banked        90ms replayed  2p
86         banked        96ms raced     zr2c:child_oop_il
87         banked        89ms replayed  prime
88         banked        96ms raced     zr2c:child_oop_il
89         banked       288ms raced     2p
90         banked        90ms replayed  zr2c:child_oop_il
91         banked        89ms replayed  2p
92         banked        98ms raced     zr2c:child_oop_il
93         banked        90ms replayed  flat
94         banked       100ms raced     zr2c:child_oop_il
95         banked        89ms replayed  mono
96         banked        91ms replayed  zrp:8.12:r2z
97         banked       288ms raced     2p
98         banked        89ms replayed  zr2c:child_oop_il
99         banked        92ms replayed  2p
100        banked        94ms replayed  zr2c:child_oop_il
101        banked       297ms raced     2p
102        banked        95ms raced     zr2c:child_nat_ip
103        banked       265ms raced     2p
104        banked       100ms raced     zr2c:child_oop_il
105        banked        90ms replayed  2p
106        banked       100ms raced     zr2c:child_nat_ip
107        banked       291ms raced     prime
108        banked        90ms replayed  zr2c:child_nat_ip
109        banked       256ms raced     2p
110        banked        96ms raced     zr2c:child_oop_il
111        banked       291ms replayed  2p
112        banked        91ms replayed  zr2c:child_nat_ip
113        banked       259ms raced     2p
114        banked       104ms raced     zr2c:child_oop_il
115        banked        90ms replayed  2p
116        banked        96ms raced     zr2c:child_oop_il
117        banked        89ms replayed  flat
118        banked        96ms raced     zr2c:child_oop_il
119        banked        90ms replayed  prime
120        banked        89ms replayed  zrp:12.10:r2z
121        banked        89ms replayed  2p
122        banked        96ms raced     zr2c:child_oop_il
123        banked       305ms replayed  prime
124        banked       108ms raced     zr2c:child_oop_il
125        banked        96ms replayed  flat
126        banked        89ms replayed  zr2c:child_oop_il
127        banked       283ms raced     2p
128        banked        94ms replayed  zr2c:child_oop_il
129        banked        89ms replayed  2p
130        banked        96ms raced     zr2c:child_nat_ip
131        banked       279ms raced     2p
132        banked        96ms raced     zr2c:child_oop_il
133        banked        89ms replayed  2p
134        banked        95ms raced     zr2c:child_oop_il
135        banked        89ms replayed  prime
136        banked        96ms raced     zr2c:child_oop_il
137        banked       283ms raced     2p
138        banked        96ms raced     zr2c:child_oop_il
139        banked       259ms raced     2p
140        banked        99ms raced     zr2c:child_oop_il
141        banked        91ms replayed  2p
142        banked        97ms raced     zr2c:child_oop_il
143        banked        90ms replayed  prime
144        banked        89ms replayed  zrp:12.12:r2z
145        banked        90ms replayed  2p
146        banked        96ms raced     zr2c:child_oop_il
147        banked        90ms replayed  prime
148        banked        96ms raced     zr2c:child_oop_il
149        banked       266ms raced     flat
150        banked        90ms replayed  zr2c:child_oop_il
151        banked       280ms raced     2p
152        banked        97ms raced     zr2c:child_oop_il
153        banked        90ms replayed  2p
154        banked        96ms raced     zr2c:child_oop_il
155        banked        92ms replayed  2p
156        banked        96ms raced     zr2c:child_oop_il
157        banked       286ms raced     2p
158        banked       131ms raced     zr2c:child_oop_il
159        banked       297ms raced     prime
160        banked        90ms replayed  zrp:16.10:r2z
161        banked        92ms replayed  2p
162        banked        90ms replayed  zr2c:child_oop_il
163        banked       299ms raced     2p
164        banked       304ms raced     zr2c:child_nat_ip
165        banked        90ms replayed  prime
166        banked       101ms raced     zr2c:child_oop_il
167        banked       256ms raced     prime
168        banked        96ms raced     zr2c:child_nat_ip
169        banked        90ms replayed  2p
170        banked        95ms raced     zr2c:child_nat_ip
171        banked        90ms replayed  2p
172        banked       312ms raced     zr2c:child_nat_ip
173        banked       301ms raced     prime
174        banked        96ms raced     zr2c:child_oop_il
175        banked        91ms replayed  flat
176        banked        96ms raced     zr2c:child_oop_il
177        banked       253ms raced     2p
178        banked       101ms raced     zr2c:child_oop_il
179        banked       300ms raced     prime
180        banked        90ms replayed  zr2c:child_oop_il
181        banked       255ms raced     2p
182        banked        96ms raced     zr2c:child_oop_il
183        banked       297ms raced     2p
184        banked       100ms raced     zr2c:child_nat_ip
185        banked        92ms replayed  2p
186        banked        96ms raced     zr2c:child_oop_il
187        banked        91ms replayed  flat
188        banked       300ms raced     zr2c:child_nat_ip
189        banked        90ms replayed  prime
190        banked        96ms raced     zr2c:child_oop_il
191        banked       271ms raced     2p
192        banked        91ms replayed  zr2c:child_nat_ip
193        banked       305ms raced     2p
194        banked        97ms raced     zr2c:child_oop_il
195        banked        90ms replayed  prime
196        banked        97ms raced     zr2c:child_nat_ip
197        banked       259ms raced     flat
198        banked        96ms raced     zr2c:child_oop_il
199        banked       270ms raced     2p
200        banked        90ms replayed  zr2c:child_oop_il
201        banked       255ms raced     2p
202        banked        98ms raced     zr2c:child_oop_il
203        banked        90ms replayed  prime
204        banked        99ms raced     zr2c:child_oop_il
205        banked        90ms replayed  2p
206        banked        97ms raced     zr2c:child_oop_il
207        banked        95ms replayed  prime
208        banked        98ms raced     zr2c:child_oop_il
209        banked        96ms replayed  2p
210        banked        92ms replayed  zr2c:child_oop_il
211        banked       286ms raced     2p
212        banked       300ms raced     zr2c:child_oop_il
213        banked       256ms raced     prime
214        banked        97ms raced     zr2c:child_oop_il
215        banked        90ms replayed  prime
216        banked        92ms replayed  zr2c:child_oop_il
217        banked        91ms replayed  2p
218        banked       102ms raced     zr2c:child_oop_il
219        banked       252ms raced     prime
220        banked        97ms raced     zr2c:child_oop_il
221        banked        93ms replayed  2p
222        banked       313ms raced     zr2c:child_oop_il
223        banked       253ms raced     prime
224        banked        90ms replayed  zr2c:child_oop_il
225        banked        90ms replayed  2p
226        banked        97ms raced     zr2c:child_oop_il
227        banked       257ms raced     prime
228        banked        97ms raced     zr2c:child_nat_ip
229        banked       278ms raced     2p
230        banked        97ms raced     zr2c:child_oop_il
231        banked        90ms replayed  2p
232        banked        97ms raced     zr2c:child_oop_il
233        banked       251ms raced     flat
234        banked        97ms raced     zr2c:child_nat_ip
235        banked        91ms replayed  2p
236        banked       305ms raced     zr2c:child_oop_il
237        banked       253ms raced     prime
238        banked        98ms raced     zr2c:child_oop_il
239        banked       257ms raced     2p
240        banked        91ms replayed  zr2c:child_oop_il
241        banked       268ms raced     2p
242        banked        97ms raced     zr2c:child_oop_il
243        banked        91ms replayed  2p
244        banked       301ms raced     zr2c:child_nat_ip
245        banked        90ms replayed  prime
246        banked       303ms raced     zr2c:child_oop_il
247        banked        92ms replayed  prime
248        banked       101ms raced     zr2c:child_nat_ip
249        banked       261ms raced     flat
250        banked        92ms replayed  zr2c:child_oop_il
251        banked       279ms raced     2p
252        banked        97ms raced     zr2c:child_oop_il
253        banked        92ms replayed  2p
254        banked        99ms raced     zr2c:child_oop_il
255        banked        91ms replayed  prime
256        banked        92ms replayed  zr2c:child_oop_il
257        banked       271ms raced     2p
258        banked        98ms raced     zr2c:child_oop_il
259        banked        90ms replayed  flat
260        banked       100ms raced     zr2c:child_oop_il
261        banked        91ms replayed  2p
262        banked        98ms raced     zr2c:child_oop_il
263        banked       255ms raced     prime
264        banked        97ms raced     zr2c:child_nat_ip
265        banked       262ms raced     2p
266        banked        97ms raced     zr2c:child_oop_il
267        banked       254ms raced     2p
268        banked       301ms raced     zr2c:child_oop_il
269        banked       256ms raced     prime
270        banked        93ms replayed  zr2c:child_oop_il
271        banked       286ms raced     2p
272        banked        99ms raced     zr2c:child_nat_ip
273        banked        91ms replayed  2p
274        banked       100ms raced     zr2c:child_oop_il
275        banked        90ms replayed  prime
276        banked        99ms raced     zr2c:child_oop_il
277        banked       257ms raced     2p
278        banked       104ms raced     zr2c:child_oop_il
279        banked        94ms replayed  prime
280        banked       103ms raced     zr2c:child_oop_il
281        banked       292ms raced     chain3
282        banked        99ms raced     zr2c:child_oop_il
283        banked       263ms raced     flat
284        banked       308ms raced     zr2c:child_nat_ip
285        banked        90ms replayed  prime
286        banked       100ms raced     zr2c:child_oop_il
287        banked        91ms replayed  2p
288        banked        91ms replayed  zr2c:child_nat_ip
289        banked        91ms replayed  chain3
290        banked        97ms raced     zr2c:child_oop_il
291        banked       257ms raced     2p
292        banked       265ms raced     zr2c:child_nat_ip
293        banked       255ms raced     prime
294        banked        91ms replayed  zr2c:child_nat_ip
295        banked       255ms raced     chain3
296        banked        98ms raced     zr2c:child_oop_il
297        banked        91ms replayed  2p
298        banked        97ms raced     zr2c:child_oop_il
299        banked        91ms replayed  prime
300        banked       103ms raced     zr2c:child_oop_il
301        banked        94ms replayed  2p
302        banked        99ms raced     zr2c:child_oop_il
303        banked       257ms raced     prime
304        banked        98ms raced     zr2c:child_nat_ip
305        banked       255ms raced     2p
306        banked        97ms raced     zr2c:child_oop_il
307        banked       269ms raced     2p
308        banked       100ms raced     zr2c:child_oop_il
309        banked       260ms raced     flat
310        banked        97ms raced     zr2c:child_nat_ip
311        banked       270ms raced     2p
312        banked        98ms raced     zr2c:child_oop_il
313        banked       268ms raced     2p
314        banked       101ms raced     zr2c:child_nat_ip
315        banked        91ms replayed  prime
316        banked       311ms raced     zr2c:child_oop_il
317        banked       259ms raced     prime
318        banked        98ms raced     zr2c:child_nat_ip
319        banked        93ms replayed  prime
320        banked        93ms replayed  zr2c:child_oop_il
321        banked       278ms raced     2p
322        banked        98ms raced     zr2c:child_nat_ip
323        banked        91ms replayed  2p
324        banked       100ms raced     zr2c:child_oop_il
325        banked        95ms replayed  2p
326        banked       102ms raced     zr2c:child_oop_il
327        banked       258ms raced     prime
328        banked       101ms raced     zr2c:child_oop_il
329        banked        94ms replayed  2p
330        banked        98ms raced     zr2c:child_nat_ip
331        banked       259ms raced     2p
332        banked       307ms raced     zr2c:child_nat_ip
333        banked        92ms replayed  prime
334        banked       100ms raced     zr2c:child_nat_ip
335        banked       265ms raced     prime
336        banked       100ms raced     zr2c:child_oop_il
337        banked       259ms raced     chain3
338        banked        98ms raced     zr2c:child_oop_il
339        banked       260ms raced     2p
340        banked        97ms raced     zr2c:child_oop_il
341        banked        92ms replayed  2p
342        banked       101ms raced     zr2c:child_oop_il
343        banked        94ms replayed  2p
344        banked       102ms raced     zr2c:child_oop_il
345        banked        92ms replayed  2p
346        banked       102ms raced     zr2c:child_oop_il
347        banked       258ms raced     prime
348        banked       107ms raced     zr2c:child_oop_il
349        banked       300ms raced     2p
350        banked       101ms replayed  zr2c:child_nat_ip
351        banked        91ms replayed  chain3
352        banked        98ms raced     zr2c:child_oop_il
353        banked       261ms raced     2p
354        banked        99ms raced     zr2c:child_oop_il
355        banked       259ms raced     prime
356        banked       307ms raced     zr2c:child_nat_ip
357        banked        91ms replayed  prime
358        banked       101ms raced     zr2c:child_nat_ip
359        banked       257ms raced     prime
360        banked        93ms replayed  zr2c:child_oop_il
361        banked        92ms replayed  2p
362        banked        99ms raced     zr2c:child_oop_il
363        banked        91ms replayed  prime
364        banked       100ms raced     zr2c:child_oop_il
365        banked       264ms raced     flat
366        banked        99ms raced     zr2c:child_nat_ip
367        banked       261ms raced     prime
368        banked        98ms raced     zr2c:child_oop_il
369        banked        92ms replayed  2p
370        banked       100ms raced     zr2c:child_oop_il
371        banked       261ms raced     2p
372        banked       102ms raced     zr2c:child_oop_il
373        banked       260ms raced     2p
374        banked        98ms raced     zr2c:child_nat_ip
375        banked        93ms replayed  flat
376        banked       101ms raced     zr2c:child_oop_il
377        banked        92ms replayed  2p
378        banked        92ms replayed  zr2c:child_oop_il
379        banked       291ms raced     chain3
380        banked       102ms raced     zr2c:child_nat_ip
381        banked       261ms raced     2p
382        banked       102ms raced     zr2c:child_oop_il
383        banked       269ms raced     prime
384        banked        92ms replayed  zr2c:child_oop_il
385        banked        92ms replayed  2p
386        banked       103ms raced     zr2c:child_oop_il
387        banked        92ms replayed  prime
388        banked       264ms raced     zr2c:child_nat_ip
389        banked       259ms raced     prime
390        banked        99ms raced     zr2c:child_oop_il
391        banked        92ms replayed  chain3
392        banked        98ms raced     zr2c:child_oop_il
393        banked       264ms raced     chain3
394        banked       101ms raced     zr2c:child_oop_il
395        banked       264ms raced     prime
396        banked       102ms raced     zr2c:child_oop_il
397        banked       281ms raced     chain3
398        banked       100ms raced     zr2c:child_oop_il
399        banked        92ms replayed  prime
400        banked        95ms replayed  zr2c:child_oop_il
401        banked       274ms raced     chain3
402        banked       112ms raced     zr2c:child_nat_ip
403        banked        91ms replayed  prime
404        banked       266ms raced     zr2c:child_nat_ip
405        banked        92ms replayed  prime
406        banked       102ms raced     zr2c:child_nat_ip
407        banked        91ms replayed  2p
408        banked        99ms raced     zr2c:child_oop_il
409        banked       292ms raced     chain3
410        banked       100ms raced     zr2c:child_oop_il
411        banked       264ms raced     2p
412        banked       262ms raced     zr2c:child_nat_ip
413        banked       261ms raced     prime
414        banked        99ms raced     zr2c:child_oop_il
415        banked       266ms raced     2p
416        banked        99ms raced     zr2c:child_oop_il
417        banked       263ms raced     2p
418        banked       100ms raced     zr2c:child_nat_ip
419        banked       261ms raced     2p
420        banked        99ms raced     zr2c:child_oop_il
421        banked       303ms raced     chain3
422        banked        99ms raced     zr2c:child_nat_ip
423        banked        95ms replayed  prime
424        banked       268ms raced     zr2c:child_nat_ip
425        banked        92ms replayed  prime
426        banked       102ms raced     zr2c:child_nat_ip
427        banked       262ms raced     prime
428        banked       269ms raced     zr2c:child_nat_ip
429        banked        91ms replayed  prime
430        banked        99ms raced     zr2c:child_oop_il
431        banked       261ms raced     flat
432        banked        91ms replayed  zr2c:child_oop_il
433        banked       303ms raced     2p
434        banked       105ms raced     zr2c:child_oop_il
435        banked        92ms replayed  2p
436        banked       263ms raced     zr2c:child_nat_ip
437        banked        91ms replayed  prime
438        banked       102ms raced     zr2c:child_nat_ip
439        banked       262ms raced     prime
440        banked       101ms raced     zr2c:child_oop_il
441        banked        97ms replayed  chain3
442        banked       103ms raced     zr2c:child_nat_ip
443        banked       263ms raced     2p
444        banked        99ms raced     zr2c:child_oop_il
445        banked       265ms raced     2p
446        banked       100ms raced     zr2c:child_nat_ip
447        banked       267ms raced     prime
448        banked        93ms replayed  2p
449        banked       293ms raced     2p
450        banked        93ms replayed  zr2c:child_nat_ip
451        banked        92ms replayed  2p
452        banked       263ms raced     zr2c:child_oop_il
453        banked       262ms raced     prime
454        banked       102ms raced     zr2c:child_nat_ip
455        banked        95ms replayed  prime
456        banked       100ms raced     zr2c:child_nat_ip
457        banked       302ms raced     flat
458        banked       100ms raced     zr2c:child_oop_il
459        banked        92ms replayed  prime
460        banked       100ms raced     zr2c:child_oop_il
461        banked       265ms raced     2p
462        banked       104ms raced     zr2c:child_oop_il
463        banked       308ms raced     chain3
464        banked       100ms raced     zr2c:child_nat_ip
465        banked        92ms replayed  flat
466        banked       101ms raced     zr2c:child_nat_ip
467        banked       263ms raced     prime
468        banked       101ms raced     zr2c:child_nat_ip
469        banked       263ms raced     chain3
470        banked       100ms raced     zr2c:child_oop_il
471        banked       264ms raced     2p
472        banked       266ms raced     zr2c:child_nat_ip
473        banked        94ms replayed  prime
474        banked       101ms raced     zr2c:child_nat_ip
475        banked        93ms replayed  prime
476        banked       102ms raced     zr2c:child_oop_il
477        banked       265ms raced     flat
478        banked       100ms raced     zr2c:child_nat_ip
479        banked       267ms raced     prime
480        banked        92ms replayed  zr2c:child_nat_ip
481        banked        94ms replayed  2p
482        banked       101ms raced     zr2c:child_oop_il
483        banked        95ms replayed  prime
484        banked       102ms raced     zr2c:child_oop_il
485        banked       263ms raced     flat
486        banked        98ms replayed  zr2c:child_oop_il
487        banked       276ms raced     2p
488        banked       268ms raced     zr2c:child_nat_ip
489        banked       269ms raced     prime
490        banked        92ms replayed  zr2c:child_oop_il
491        banked       307ms raced     chain3
492        banked       101ms raced     zr2c:child_oop_il
493        banked        92ms replayed  2p
494        banked       100ms raced     zr2c:child_nat_ip
495        banked        93ms replayed  2p
496        banked       103ms raced     zr2c:child_oop_il
497        banked       262ms raced     flat
498        banked       106ms raced     zr2c:child_nat_ip
499        banked       273ms raced     prime
500        banked       100ms raced     zr2c:child_oop_il
501        banked       265ms raced     chain3
502        banked       101ms raced     zr2c:child_oop_il
503        banked       268ms raced     prime
504        banked       100ms raced     zr2c:child_nat_ip
505        banked       268ms raced     chain3
506        banked       102ms raced     zr2c:child_oop_il
507        banked        93ms replayed  2p
508        banked       268ms raced     zr2c:child_nat_ip
509        banked       266ms raced     prime
510        banked       100ms raced     zr2c:child_oop_il
511        banked       268ms raced     2p
512        banked        93ms replayed  2p
513        banked        97ms replayed  2p
514        banked       103ms raced     zr2c:child_nat_ip
515        banked       277ms raced     prime
516        banked       101ms raced     zr2c:child_oop_il
517        banked       105ms replayed  2p
518        banked       104ms raced     zr2c:child_oop_il
519        banked       279ms raced     2p
520        banked       105ms raced     zr2c:child_oop_il
521        banked       257ms raced     chain3
522        banked       100ms raced     zr2c:child_nat_ip
523        banked       291ms raced     2p
524        banked       268ms raced     zr2c:child_nat_ip
525        banked        92ms replayed  prime
526        banked       104ms raced     zr2c:child_nat_ip
527        banked        94ms replayed  prime
528        banked       101ms raced     zr2c:child_nat_ip
529        banked        95ms replayed  chain3
530        banked       102ms raced     zr2c:child_oop_il
531        banked       279ms raced     prime
532        banked       101ms raced     zr2c:child_oop_il
533        banked        92ms replayed  flat
534        banked       101ms raced     zr2c:child_nat_ip
535        banked       269ms raced     prime
536        banked       280ms raced     zr2c:child_oop_il
537        banked       268ms raced     prime
538        banked       105ms raced     zr2c:child_nat_ip
539        banked        95ms replayed  prime
540        banked       101ms raced     zr2c:child_oop_il
541        banked       294ms raced     chain3
542        banked       100ms raced     zr2c:child_nat_ip
543        banked       269ms raced     prime
544        banked       107ms raced     zr2c:child_oop_il
545        banked       270ms raced     2p
546        banked       100ms raced     zr2c:child_oop_il
547        banked       266ms raced     2p
548        banked       273ms raced     zr2c:child_nat_ip
549        banked       276ms raced     prime
550        banked       103ms raced     zr2c:child_oop_il
551        banked        93ms replayed  chain3
552        banked       104ms raced     zr2c:child_nat_ip
553        banked       278ms raced     2p
554        banked       101ms raced     zr2c:child_oop_il
555        banked        93ms replayed  prime
556        banked       277ms raced     zr2c:child_nat_ip
557        banked       269ms raced     prime
558        banked       104ms raced     zr2c:child_oop_il
559        banked        93ms replayed  2p
560        banked       102ms raced     zr2c:child_oop_il
561        banked        96ms replayed  chain3
562        banked       109ms raced     zr2c:child_oop_il
563        banked       275ms raced     prime
564        banked       105ms raced     zr2c:child_oop_il
565        banked       270ms raced     2p
566        banked       102ms raced     zr2c:child_nat_ip
567        banked        94ms replayed  prime
568        banked       273ms raced     zr2c:child_nat_ip
569        banked       282ms raced     prime
570        banked       103ms raced     zr2c:child_oop_il
571        banked       279ms raced     2p
572        banked       101ms raced     zr2c:child_oop_il
573        banked       271ms raced     flat
574        banked       106ms raced     zr2c:child_oop_il
575        banked        93ms replayed  2p
576        banked        96ms replayed  zr2c:child_nat_ip
577        banked       308ms raced     2p
578        banked       101ms raced     zr2c:child_oop_il
579        banked       270ms raced     2p
580        banked       102ms raced     zr2c:child_nat_ip
581        banked       270ms raced     2p
582        banked       111ms raced     zr2c:child_nat_ip
583        banked       278ms raced     prime
584        banked       270ms raced     zr2c:child_oop_il
585        banked        93ms replayed  prime
586        banked       103ms raced     zr2c:child_nat_ip
587        banked       274ms raced     prime
588        banked       107ms raced     zr2c:child_nat_ip
589        banked        95ms replayed  chain3
590        banked       105ms raced     zr2c:child_nat_ip
591        banked       272ms raced     prime
592        banked       101ms raced     zr2c:child_oop_il
593        banked       301ms raced     2p
594        banked       103ms raced     zr2c:child_nat_ip
595        banked        94ms replayed  chain3
596        banked       275ms raced     zr2c:child_nat_ip
597        banked       275ms raced     prime
598        banked       102ms raced     zr2c:child_nat_ip
599        banked       273ms raced     2p
600        banked       103ms raced     zr2c:child_oop_il
601        banked       284ms raced     chain3
602        banked       103ms raced     zr2c:child_oop_il
603        banked       286ms raced     flat
604        banked       272ms raced     zr2c:child_nat_ip
605        banked        94ms replayed  prime
606        banked       103ms raced     zr2c:child_nat_ip
607        banked       282ms raced     prime
608        banked       103ms raced     zr2c:child_oop_il
609        banked        93ms replayed  2p
610        banked       105ms raced     zr2c:child_nat_ip
611        banked        94ms replayed  prime
612        banked       108ms raced     zr2c:child_nat_ip
613        banked       280ms raced     chain3
614        banked       105ms raced     zr2c:child_nat_ip
615        banked        96ms replayed  prime
616        banked       111ms raced     zr2c:child_oop_il
617        banked       270ms raced     chain3
618        banked       103ms raced     zr2c:child_nat_ip
619        banked       274ms raced     prime
620        banked       104ms raced     zr2c:child_nat_ip
621        banked        95ms replayed  2p
622        banked       105ms raced     zr2c:child_nat_ip
623        banked       274ms raced     prime
624        banked       107ms raced     zr2c:child_oop_il
625        banked        94ms replayed  chain3
626        banked       106ms raced     zr2c:child_nat_ip
627        banked        94ms replayed  prime
628        banked       271ms raced     zr2c:child_nat_ip
629        banked        94ms replayed  prime
630        banked        95ms replayed  zr2c:child_oop_il
631        banked       285ms raced     chain3
632        banked       272ms raced     zr2c:child_nat_ip
633        banked       276ms raced     prime
634        banked       103ms raced     zr2c:child_nat_ip
635        banked       277ms raced     prime
636        banked       272ms raced     zr2c:child_nat_ip
637        banked        94ms replayed  prime
638        banked       105ms raced     zr2c:child_nat_ip
639        banked       273ms raced     2p
640        banked        94ms replayed  zr2c:child_oop_il
641        banked       307ms raced     2p
642        banked       103ms raced     zr2c:child_nat_ip
643        banked       276ms raced     prime
644        banked       102ms raced     zr2c:child_oop_il
645        banked        94ms replayed  flat
646        banked       106ms raced     zr2c:child_oop_il
647        banked       274ms raced     2p
648        banked       109ms raced     zr2c:child_oop_il
649        banked       274ms raced     chain3
650        banked       103ms raced     zr2c:child_nat_ip
651        banked        94ms replayed  2p
652        banked       275ms raced     zr2c:child_nat_ip
653        banked       274ms raced     prime
654        banked       107ms raced     zr2c:child_nat_ip
655        banked       286ms raced     prime
656        banked       103ms raced     zr2c:child_oop_il
657        banked       273ms raced     2p
658        banked       103ms raced     zr2c:child_oop_il
659        banked       294ms raced     flat
660        banked       108ms raced     zr2c:child_nat_ip
661        banked       288ms raced     chain3
662        banked       103ms raced     zr2c:child_nat_ip
663        banked        94ms replayed  prime
664        banked       272ms raced     zr2c:child_oop_il
665        banked        94ms replayed  prime
666        banked       103ms raced     zr2c:child_oop_il
667        banked        99ms replayed  2p
668        banked       280ms raced     zr2c:child_nat_ip
669        banked       275ms raced     prime
670        banked       103ms raced     zr2c:child_nat_ip
671        banked       278ms raced     prime
672        banked       103ms raced     zr2c:child_nat_ip
673        banked       282ms raced     2p
674        banked       104ms raced     zr2c:child_nat_ip
675        banked        97ms replayed  prime
676        banked       103ms raced     zr2c:child_oop_il
677        banked       288ms raced     flat
678        banked       104ms raced     zr2c:child_nat_ip
679        banked       276ms raced     prime
680        banked       106ms raced     zr2c:child_oop_il
681        banked       277ms raced     chain3
682        banked       102ms raced     zr2c:child_oop_il
683        banked       275ms raced     flat
684        banked       102ms raced     zr2c:child_oop_il
685        banked       293ms raced     chain3
686        banked        97ms replayed  zr2c:child_nat_ip
687        banked       274ms raced     chain3
688        banked       102ms raced     zr2c:child_oop_il
689        banked       278ms raced     2p
690        banked       102ms raced     zr2c:child_oop_il
691        banked       304ms raced     2p
692        banked       278ms raced     zr2c:child_nat_ip
693        banked        94ms replayed  prime
694        banked       103ms raced     zr2c:child_nat_ip
695        banked       276ms raced     prime
696        banked       103ms raced     zr2c:child_oop_il
697        banked        98ms replayed  2p
698        banked       110ms raced     zr2c:child_nat_ip
699        banked       277ms raced     prime
700        banked       104ms raced     zr2c:child_nat_ip
701        banked       310ms raced     chain3
702        banked       104ms raced     zr2c:child_nat_ip
703        banked        95ms replayed  chain3
704        banked       103ms raced     zr2c:child_oop_il
705        banked        98ms replayed  2p
706        banked       111ms raced     zr2c:child_nat_ip
707        banked       278ms raced     prime
708        banked       280ms raced     zr2c:child_oop_il
709        banked       280ms raced     prime
710        banked       107ms raced     zr2c:child_nat_ip
711        banked       282ms raced     prime
712        banked       280ms raced     zr2c:child_nat_ip
713        banked        94ms replayed  prime
714        banked       103ms raced     zr2c:child_oop_il
715        banked        95ms replayed  chain3
716        banked       277ms raced     zr2c:child_nat_ip
717        banked       279ms raced     prime
718        banked       104ms raced     zr2c:child_nat_ip
719        banked       278ms raced     prime
720        banked        95ms replayed  zr2c:child_nat_ip
721        banked       275ms raced     chain3
722        banked       104ms raced     zr2c:child_nat_ip
723        banked       279ms raced     2p
724        banked       275ms raced     zr2c:child_nat_ip
725        banked        94ms replayed  prime
726        banked       104ms raced     zr2c:child_nat_ip
727        banked       297ms raced     chain3
728        banked       105ms raced     zr2c:child_oop_il
729        banked        98ms replayed  chain3
730        banked       105ms raced     zr2c:child_nat_ip
731        banked        95ms replayed  prime
732        banked       283ms raced     zr2c:child_nat_ip
733        banked       281ms raced     prime
734        banked       106ms raced     zr2c:child_nat_ip
735        banked       108ms replayed  prime
736        banked       106ms raced     zr2c:child_oop_il
737        banked       276ms raced     2p
738        banked       104ms raced     zr2c:child_oop_il
739        banked       295ms raced     2p
740        banked       107ms raced     zr2c:child_oop_il
741        banked        97ms replayed  2p
742        banked       104ms raced     zr2c:child_nat_ip
743        banked       290ms raced     prime
744        banked       104ms raced     zr2c:child_nat_ip
745        banked       290ms raced     flat
746        banked       105ms raced     zr2c:child_nat_ip
747        banked       278ms raced     prime
748        banked       104ms raced     zr2c:child_oop_il
749        banked       286ms raced     flat
750        banked        95ms replayed  zr2c:child_nat_ip
751        banked       290ms raced     chain3
752        banked       107ms raced     zr2c:child_oop_il
753        banked       301ms raced     2p
754        banked       104ms raced     zr2c:child_nat_ip
755        banked       280ms raced     2p
756        banked       106ms raced     zr2c:child_nat_ip
757        banked       269ms raced     chain3
758        banked       105ms raced     zr2c:child_nat_ip
759        banked        95ms replayed  prime
760        banked       104ms raced     zr2c:child_oop_il
761        banked       304ms raced     chain3
762        banked       106ms raced     zr2c:child_oop_il
763        banked       277ms raced     prime
764        banked       278ms raced     zr2c:child_nat_ip
765        banked        95ms replayed  prime
766        banked       109ms raced     zr2c:child_nat_ip
767        banked       277ms raced     prime
768        banked        95ms replayed  2p
769        banked       278ms raced     2p
770        banked       104ms raced     zr2c:child_nat_ip
771        banked       279ms raced     chain3
772        banked       285ms raced     zr2c:child_nat_ip
773        banked       282ms raced     prime
774        banked       108ms raced     zr2c:child_oop_il
775        banked        96ms replayed  2p
776        banked       282ms raced     zr2c:child_nat_ip
777        banked        95ms replayed  prime
778        banked       106ms raced     zr2c:child_nat_ip
779        banked        96ms replayed  prime
780        banked       107ms raced     zr2c:child_nat_ip
781        banked       284ms raced     chain3
782        banked       105ms raced     zr2c:child_oop_il
783        banked        96ms replayed  2p
784        banked       105ms raced     zr2c:child_nat_ip
785        banked       283ms raced     chain3
786        banked       105ms raced     zr2c:child_nat_ip
787        banked       285ms raced     prime
788        banked       278ms raced     zr2c:child_nat_ip
789        banked       280ms raced     prime
790        banked       105ms raced     zr2c:child_nat_ip
791        banked       279ms raced     prime
792        banked       108ms raced     zr2c:child_oop_il
793        banked       277ms raced     chain3
794        banked       105ms raced     zr2c:child_nat_ip
795        banked       298ms raced     prime
796        banked       279ms raced     zr2c:child_nat_ip
797        banked       289ms raced     prime
798        banked       106ms raced     zr2c:child_nat_ip
799        banked        96ms replayed  chain3
800        banked        96ms replayed  zr2c:child_nat_ip
801        banked       283ms raced     2p
802        banked       105ms raced     zr2c:child_nat_ip
803        banked       279ms raced     prime
804        banked       289ms raced     zr2c:child_nat_ip
805        banked        95ms replayed  prime
806        banked       106ms raced     zr2c:child_oop_il
807        banked       282ms raced     2p
808        banked       286ms raced     zr2c:child_nat_ip
809        banked       284ms raced     prime
810        banked        96ms replayed  zr2c:child_nat_ip
811        banked       280ms raced     chain3
812        banked       108ms raced     zr2c:child_nat_ip
813        banked       282ms raced     flat
814        banked       106ms raced     zr2c:child_oop_il
815        banked       282ms raced     2p
816        banked       105ms raced     zr2c:child_oop_il
817        banked        99ms replayed  chain3
818        banked       106ms raced     zr2c:child_nat_ip
819        banked        96ms replayed  prime
820        banked       107ms raced     zr2c:child_oop_il
821        banked       281ms raced     2p
822        banked       109ms raced     zr2c:child_nat_ip
823        banked       290ms raced     prime
824        banked       282ms raced     zr2c:child_nat_ip
825        banked        96ms replayed  prime
826        banked       109ms raced     zr2c:child_nat_ip
827        banked       293ms raced     prime
828        banked       111ms raced     zr2c:child_nat_ip
829        banked       279ms raced     chain3
830        banked       106ms raced     zr2c:child_nat_ip
831        banked       282ms raced     prime
832        banked       106ms raced     zr2c:child_nat_ip
833        banked        96ms replayed  2p
834        banked       107ms raced     zr2c:child_nat_ip
835        banked       289ms raced     prime
836        banked       106ms raced     zr2c:child_oop_il
837        banked        98ms replayed  flat
838        banked       108ms raced     zr2c:child_nat_ip
839        banked       281ms raced     prime
840        banked       105ms raced     zr2c:child_nat_ip
841        banked        96ms replayed  chain3
842        banked       110ms raced     zr2c:child_oop_il
843        banked       289ms raced     prime
844        banked       282ms raced     zr2c:child_nat_ip
845        banked        96ms replayed  prime
846        banked       107ms raced     zr2c:child_oop_il
847        banked        95ms replayed  flat
848        banked       285ms raced     zr2c:child_nat_ip
849        banked       286ms raced     prime
850        banked       105ms raced     zr2c:child_nat_ip
851        banked        96ms replayed  2p
852        banked       284ms raced     zr2c:child_nat_ip
853        banked       283ms raced     prime
854        banked       111ms raced     zr2c:child_nat_ip
855        banked        98ms replayed  prime
856        banked       288ms raced     zr2c:child_nat_ip
857        banked       281ms raced     prime
858        banked       106ms raced     zr2c:child_nat_ip
859        banked       318ms raced     chain3
860        banked       111ms raced     zr2c:child_oop_il
861        banked       100ms replayed  2p
862        banked       106ms raced     zr2c:child_nat_ip
863        banked       281ms raced     prime
864        banked        96ms replayed  zr2c:child_oop_il
865        banked       284ms raced     2p
866        banked       108ms raced     zr2c:child_nat_ip
867        banked        98ms replayed  prime
868        banked       107ms raced     zr2c:child_nat_ip
869        banked       283ms raced     flat
870        banked       106ms raced     zr2c:child_oop_il
871        banked       284ms raced     2p
872        banked       286ms raced     zr2c:child_nat_ip
873        banked       284ms raced     prime
874        banked       106ms raced     zr2c:child_oop_il
875        banked        96ms replayed  2p
876        banked       280ms raced     zr2c:child_nat_ip
877        banked       300ms raced     prime
878        banked       106ms raced     zr2c:child_nat_ip
879        banked       287ms raced     prime
880        banked       106ms raced     zr2c:child_nat_ip
881        banked       307ms raced     chain3
882        banked        97ms replayed  zr2c:child_nat_ip
883        banked       284ms raced     chain3
884        banked       111ms raced     zr2c:child_nat_ip
885        banked       285ms raced     flat
886        banked       107ms raced     zr2c:child_nat_ip
887        banked       285ms raced     prime
888        banked       106ms raced     zr2c:child_oop_il
889        banked       285ms raced     2p
890        banked       111ms raced     zr2c:child_nat_ip
891        banked        97ms replayed  prime
892        banked       282ms raced     zr2c:child_nat_ip
893        banked        96ms replayed  prime
894        banked       109ms raced     zr2c:child_nat_ip
895        banked       283ms raced     prime
896        banked        96ms replayed  chain3
897        banked       101ms replayed  chain3
898        banked       106ms raced     zr2c:child_nat_ip
899        banked        97ms replayed  prime
900        banked       107ms raced     zr2c:child_nat_ip
901        banked       284ms raced     chain3
902        banked       107ms raced     zr2c:child_oop_il
903        banked       100ms replayed  2p
904        banked       285ms raced     zr2c:child_nat_ip
905        banked       283ms raced     prime
906        banked       107ms raced     zr2c:child_nat_ip
907        banked       283ms raced     prime
908        banked       282ms raced     zr2c:child_nat_ip
909        banked       293ms raced     prime
910        banked       107ms raced     zr2c:child_nat_ip
911        banked       286ms raced     chain3
912        banked       107ms raced     zr2c:child_nat_ip
913        banked       283ms raced     chain3
914        banked       107ms raced     zr2c:child_nat_ip
915        banked       282ms raced     prime
916        banked       283ms raced     zr2c:child_nat_ip
917        banked       289ms raced     prime
918        banked       111ms raced     zr2c:child_nat_ip
919        banked       287ms raced     chain3
920        banked       113ms raced     zr2c:child_oop_il
921        banked       296ms raced     flat
922        banked       109ms raced     zr2c:child_nat_ip
923        banked       287ms raced     prime
924        banked       110ms raced     zr2c:child_nat_ip
925        banked        99ms replayed  chain3
926        banked       111ms raced     zr2c:child_nat_ip
927        banked       289ms raced     prime
928        banked       107ms raced     zr2c:child_oop_il
929        banked       283ms raced     2p
930        banked       108ms raced     zr2c:child_oop_il
931        banked        97ms replayed  2p
932        banked       290ms raced     zr2c:child_nat_ip
933        banked       285ms raced     prime
934        banked       108ms raced     zr2c:child_nat_ip
935        banked        97ms replayed  prime
936        banked       107ms raced     zr2c:child_nat_ip
937        banked       315ms raced     chain3
938        banked       110ms raced     zr2c:child_nat_ip
939        banked       287ms raced     prime
940        banked       107ms raced     zr2c:child_oop_il
941        banked       286ms raced     2p
942        banked       110ms raced     zr2c:child_nat_ip
943        banked        97ms replayed  prime
944        banked       290ms raced     zr2c:child_oop_il
945        banked       118ms replayed  prime
946        banked       107ms raced     zr2c:child_oop_il
947        banked       285ms raced     2p
948        banked       286ms raced     zr2c:child_nat_ip
949        banked       283ms raced     prime
950        banked       108ms raced     zr2c:child_nat_ip
951        banked       285ms raced     2p
952        banked       108ms raced     zr2c:child_nat_ip
953        banked       276ms raced     chain3
954        banked       113ms raced     zr2c:child_nat_ip
955        banked       284ms raced     prime
956        banked       290ms raced     zr2c:child_nat_ip
957        banked        97ms replayed  prime
958        banked       109ms raced     zr2c:child_nat_ip
959        banked       287ms raced     prime
960        banked       103ms replayed  2p
961        banked        97ms replayed  2p
962        banked       110ms raced     zr2c:child_oop_il
963        banked       287ms raced     2p
964        banked       287ms raced     zr2c:child_nat_ip
965        banked       290ms raced     prime
966        banked       107ms raced     zr2c:child_nat_ip
967        banked       294ms raced     2p
968        banked       107ms raced     zr2c:child_nat_ip
969        banked        98ms replayed  chain3
970        banked       109ms raced     zr2c:child_nat_ip
971        banked       288ms raced     prime
972        banked       107ms raced     zr2c:child_nat_ip
973        banked       287ms raced     chain3
974        banked       109ms raced     zr2c:child_nat_ip
975        banked       100ms replayed  prime
976        banked       284ms raced     zr2c:child_oop_il
977        banked       288ms raced     prime
978        banked       109ms raced     zr2c:child_nat_ip
979        banked       296ms raced     prime
980        banked       112ms raced     zr2c:child_nat_ip
981        banked       290ms raced     chain3
982        banked       111ms raced     zr2c:child_nat_ip
983        banked       289ms raced     prime
984        banked       108ms raced     zr2c:child_oop_il
985        banked       289ms raced     2p
986        banked       108ms raced     zr2c:child_nat_ip
987        banked        99ms replayed  2p
988        banked       108ms raced     zr2c:child_nat_ip
989        banked        99ms replayed  flat
990        banked       109ms raced     zr2c:child_nat_ip
991        banked       293ms raced     flat
992        banked       108ms raced     zr2c:child_nat_ip
993        banked       290ms raced     flat
994        banked       109ms raced     zr2c:child_nat_ip
995        banked       288ms raced     prime
996        banked       289ms raced     zr2c:child_nat_ip
997        banked       288ms raced     prime
998        banked       110ms raced     zr2c:child_nat_ip
999        banked        98ms replayed  prime
1000       banked        99ms replayed  zr2c:child_nat_ip
1001       banked       101ms replayed  chain3
1002       banked       108ms raced     zr2c:child_nat_ip
1003       banked       285ms raced     prime
1004       banked       291ms raced     zr2c:child_nat_ip
1005       banked       304ms raced     prime
1006       banked       110ms raced     zr2c:child_nat_ip
1007       banked       297ms raced     prime
1008       banked       110ms raced     zr2c:child_nat_ip
1009       banked       293ms raced     chain3
1010       banked       113ms raced     zr2c:child_nat_ip
1011       banked       286ms raced     prime
1012       banked       109ms raced     zr2c:child_oop_il
1013       banked       292ms raced     flat
1014       banked       108ms raced     zr2c:child_nat_ip
1015       banked        99ms replayed  chain3
1016       banked       294ms raced     zr2c:child_nat_ip
1017       banked       288ms raced     prime
1018       banked       112ms raced     zr2c:child_nat_ip
1019       banked       291ms raced     prime
1020       banked       108ms raced     zr2c:child_nat_ip
1021       banked       292ms raced     chain3
1022       banked       111ms raced     zr2c:child_nat_ip
1023       banked        99ms replayed  prime
1024       banked        98ms replayed  2p
1025       banked        99ms replayed  2p
1026       banked       110ms raced     zr2c:child_oop_il
1027       banked       292ms raced     2p
1028       banked       297ms raced     zr2c:child_nat_ip
1029       banked        98ms replayed  prime
1030       banked       112ms raced     zr2c:child_oop_il
1031       banked       289ms raced     prime
1032       banked       110ms raced     zr2c:child_oop_il
1033       banked        99ms replayed  flat
1034       banked       110ms raced     zr2c:child_oop_il
1035       banked        98ms replayed  flat
1036       banked       112ms raced     zr2c:child_nat_ip
1037       banked       293ms raced     flat
1038       banked       145ms raced     zr2c:child_nat_ip
1039       banked       291ms raced     prime
1040       banked       112ms raced     zr2c:child_nat_ip
1041       banked       295ms raced     chain3
1042       banked       111ms raced     zr2c:child_nat_ip
1043       banked       305ms raced     prime
1044       banked       109ms raced     zr2c:child_nat_ip
1045       banked        98ms replayed  chain3
1046       banked       110ms raced     zr2c:child_nat_ip
1047       banked       288ms raced     prime
1048       banked       298ms raced     zr2c:child_nat_ip
1049       banked       292ms raced     prime
1050       banked        99ms replayed  zr2c:child_oop_il
1051       banked       292ms raced     2p
1052       banked       300ms raced     zr2c:child_nat_ip
1053       banked       100ms replayed  prime
1054       banked       110ms raced     zr2c:child_oop_il
1055       banked       289ms raced     2p
1056       banked       111ms raced     zr2c:child_nat_ip
1057       banked       291ms raced     chain3
1058       banked       110ms raced     zr2c:child_oop_il
1059       banked       292ms raced     2p
1060       banked       296ms raced     zr2c:child_nat_ip
1061       banked       291ms raced     prime
1062       banked       114ms raced     zr2c:child_nat_ip
1063       banked       299ms raced     prime
1064       banked       109ms raced     zr2c:child_oop_il
1065       banked       288ms raced     flat
1066       banked       110ms raced     zr2c:child_oop_il
1067       banked       290ms raced     2p
1068       banked       295ms raced     zr2c:child_nat_ip
1069       banked       296ms raced     prime
1070       banked       112ms raced     zr2c:child_nat_ip
1071       banked        98ms replayed  prime
1072       banked       298ms raced     zr2c:child_oop_il
1073       banked       100ms replayed  prime
1074       banked       112ms raced     zr2c:child_oop_il
1075       banked       103ms replayed  prime
1076       banked       305ms raced     zr2c:child_nat_ip
1077       banked       290ms raced     prime
1078       banked       110ms raced     zr2c:child_oop_il
1079       banked       290ms raced     flat
1080       banked       109ms raced     zr2c:child_nat_ip
1081       banked       102ms replayed  chain3
1082       banked       113ms raced     zr2c:child_nat_ip
1083       banked       105ms replayed  prime
1084       banked       299ms raced     zr2c:child_nat_ip
1085       banked        99ms replayed  prime
1086       banked       113ms raced     zr2c:child_nat_ip
1087       banked       291ms raced     prime
1088       banked       115ms raced     zr2c:child_oop_il
1089       banked       100ms replayed  2p
1090       banked       113ms raced     zr2c:child_oop_il
1091       banked       291ms raced     prime
1092       banked       114ms raced     zr2c:child_nat_ip
1093       banked       301ms raced     chain3
1094       banked       111ms raced     zr2c:child_nat_ip
1095       banked       293ms raced     prime
1096       banked       297ms raced     zr2c:child_oop_il
1097       banked       293ms raced     prime
1098       banked       111ms raced     zr2c:child_oop_il
1099       banked       291ms raced     prime
1100       banked       110ms raced     zr2c:child_oop_il
1101       banked       291ms raced     chain3
1102       banked       110ms raced     zr2c:child_nat_ip
1103       banked       296ms raced     2p
1104       banked       110ms raced     zr2c:child_nat_ip
1105       banked       101ms replayed  flat
1106       banked       112ms raced     zr2c:child_oop_il
1107       banked       101ms replayed  prime
1108       banked       299ms raced     zr2c:child_nat_ip
1109       banked       292ms raced     prime
1110       banked       113ms raced     zr2c:child_oop_il
1111       banked       296ms raced     2p
1112       banked       304ms raced     zr2c:child_oop_il
1113       banked       290ms raced     prime
1114       banked       115ms raced     zr2c:child_nat_ip
1115       banked       295ms raced     prime
1116       banked       113ms raced     zr2c:child_nat_ip
1117       banked       313ms raced     chain3
1118       banked       110ms raced     zr2c:child_oop_il
1119       banked       292ms raced     2p
1120       banked       112ms raced     zr2c:child_nat_ip
1121       banked       296ms raced     chain3
1122       banked       114ms raced     zr2c:child_nat_ip
1123       banked       298ms raced     flat
1124       banked       315ms raced     zr2c:child_oop_il
1125       banked        99ms replayed  prime
1126       banked       113ms raced     zr2c:child_nat_ip
1127       banked       100ms replayed  prime
1128       banked       114ms raced     zr2c:child_oop_il
1129       banked       297ms raced     flat
1130       banked       115ms raced     zr2c:child_oop_il
1131       banked       101ms replayed  prime
1132       banked       309ms raced     zr2c:child_nat_ip
1133       banked       298ms raced     prime
1134       banked       103ms replayed  zr2c:child_oop_il
1135       banked       298ms raced     2p
1136       banked       299ms raced     zr2c:child_oop_il
1137       banked       306ms raced     prime
1138       banked       116ms raced     zr2c:child_nat_ip
1139       banked       294ms raced     prime
1140       banked       112ms raced     zr2c:child_nat_ip
1141       banked       292ms raced     flat
1142       banked       114ms raced     zr2c:child_nat_ip
1143       banked       296ms raced     prime
1144       banked       118ms raced     zr2c:child_nat_ip
1145       banked       295ms raced     chain3
1146       banked       112ms raced     zr2c:child_nat_ip
1147       banked       100ms replayed  prime
1148       banked       113ms raced     zr2c:child_nat_ip
1149       banked       298ms raced     flat
1150       banked       114ms raced     zr2c:child_oop_il
1151       banked       318ms raced     2p
1152       banked        99ms replayed  2p
1153       banked       282ms raced     2p
1154       banked       112ms raced     zr2c:child_nat_ip
1155       banked        99ms replayed  prime
1156       banked       111ms raced     zr2c:child_nat_ip
1157       banked       296ms raced     flat
1158       banked       113ms raced     zr2c:child_nat_ip
1159       banked       293ms raced     prime
1160       banked       110ms raced     zr2c:child_nat_ip
1161       banked       100ms replayed  chain3
1162       banked       114ms raced     zr2c:child_nat_ip
1163       banked       298ms raced     prime
1164       banked       302ms raced     zr2c:child_nat_ip
1165       banked       292ms raced     prime
1166       banked       112ms raced     zr2c:child_nat_ip
1167       banked       295ms raced     prime
1168       banked       304ms raced     zr2c:child_oop_il
1169       banked       295ms raced     prime
1170       banked       115ms raced     zr2c:child_nat_ip
1171       banked       295ms raced     chain3
1172       banked       312ms raced     zr2c:child_nat_ip
1173       banked       100ms replayed  prime
1174       banked       113ms raced     zr2c:child_nat_ip
1175       banked       100ms replayed  prime
1176       banked       114ms raced     zr2c:child_nat_ip
1177       banked       301ms raced     flat
1178       banked       111ms raced     zr2c:child_oop_il
1179       banked       301ms raced     2p
1180       banked       302ms raced     zr2c:child_nat_ip
1181       banked       297ms raced     prime
1182       banked       122ms raced     zr2c:child_nat_ip
1183       banked       100ms replayed  prime
1184       banked       112ms raced     zr2c:child_oop_il
1185       banked       295ms raced     2p
1186       banked       112ms raced     zr2c:child_nat_ip
1187       banked       296ms raced     prime
1188       banked       113ms raced     zr2c:child_nat_ip
1189       banked       101ms replayed  chain3
1190       banked       112ms raced     zr2c:child_nat_ip
1191       banked       298ms raced     chain3
1192       banked       301ms raced     zr2c:child_nat_ip
1193       banked       296ms raced     prime
1194       banked       113ms raced     zr2c:child_oop_il
1195       banked       293ms raced     prime
1196       banked       115ms raced     zr2c:child_nat_ip
1197       banked       101ms replayed  flat
1198       banked       113ms raced     zr2c:child_nat_ip
1199       banked       293ms raced     prime
1200       banked       112ms raced     zr2c:child_nat_ip
1201       banked       318ms raced     chain3
1202       banked       116ms raced     zr2c:child_nat_ip
1203       banked       299ms raced     prime
1204       banked       111ms raced     zr2c:child_nat_ip
1205       banked       296ms raced     flat
1206       banked       114ms raced     zr2c:child_nat_ip
1207       banked       296ms raced     prime
1208       banked       318ms raced     zr2c:child_nat_ip
1209       banked       101ms replayed  prime
1210       banked       113ms raced     zr2c:child_nat_ip
1211       banked       293ms raced     flat
1212       banked       319ms raced     zr2c:child_oop_il
1213       banked       301ms raced     prime
1214       banked       114ms raced     zr2c:child_nat_ip
1215       banked       105ms replayed  prime
1216       banked       114ms raced     zr2c:child_oop_il
1217       banked       296ms raced     2p
1218       banked       113ms raced     zr2c:child_nat_ip
1219       banked       297ms raced     2p
1220       banked       300ms raced     zr2c:child_nat_ip
1221       banked       101ms replayed  prime
1222       banked       113ms raced     zr2c:child_oop_il
1223       banked       298ms raced     flat
1224       banked       112ms raced     zr2c:child_nat_ip
1225       banked       104ms replayed  chain3
1226       banked       118ms raced     zr2c:child_nat_ip
1227       banked       294ms raced     prime
1228       banked       306ms raced     zr2c:child_nat_ip
1229       banked       301ms raced     prime
1230       banked       115ms raced     zr2c:child_oop_il
1231       banked       298ms raced     2p
1232       banked       112ms raced     zr2c:child_nat_ip
1233       banked       298ms raced     chain3
1234       banked       113ms raced     zr2c:child_nat_ip
1235       banked       100ms replayed  prime
1236       banked       312ms raced     zr2c:child_nat_ip
1237       banked       300ms raced     prime
1238       banked       114ms raced     zr2c:child_nat_ip
1239       banked       295ms raced     prime
1240       banked       112ms raced     zr2c:child_nat_ip
1241       banked       297ms raced     flat
1242       banked       113ms raced     zr2c:child_oop_il
1243       banked       297ms raced     2p
1244       banked       303ms raced     zr2c:child_nat_ip
1245       banked       300ms raced     prime
1246       banked       117ms raced     zr2c:child_nat_ip
1247       banked       101ms replayed  prime
1248       banked       113ms raced     zr2c:child_nat_ip
1249       banked       300ms raced     chain3
1250       banked       103ms replayed  zr2c:child_oop_il
1251       banked       299ms raced     2p
1252       banked       306ms raced     zr2c:child_oop_il
1253       banked       297ms raced     prime
1254       banked       117ms raced     zr2c:child_oop_il
1255       banked       297ms raced     flat
1256       banked       313ms raced     zr2c:child_oop_il
1257       banked       300ms raced     prime
1258       banked       115ms raced     zr2c:child_oop_il
1259       banked       299ms raced     2p
1260       banked       113ms raced     zr2c:child_nat_ip
1261       banked       294ms raced     chain3
1262       banked       119ms raced     zr2c:child_nat_ip
1263       banked       299ms raced     prime
1264       banked       302ms raced     zr2c:child_oop_il
1265       banked       101ms replayed  prime
1266       banked       116ms raced     zr2c:child_oop_il
1267       banked       301ms raced     prime
1268       banked       305ms raced     zr2c:child_nat_ip
1269       banked       101ms replayed  prime
1270       banked       118ms raced     zr2c:child_nat_ip
1271       banked       101ms replayed  prime
1272       banked       303ms raced     zr2c:child_nat_ip
1273       banked       301ms raced     prime
1274       banked       113ms raced     zr2c:child_nat_ip
1275       banked       102ms replayed  flat
1276       banked       115ms raced     zr2c:child_nat_ip
1277       banked       329ms raced     flat
1278       banked       117ms raced     zr2c:child_nat_ip
1279       banked       305ms raced     prime
1280       banked       101ms replayed  2p
1281       banked       298ms raced     2p
1282       banked       116ms raced     zr2c:child_nat_ip
1283       banked       300ms raced     prime
1284       banked       307ms raced     zr2c:child_nat_ip
1285       banked       296ms raced     prime
1286       banked       116ms raced     zr2c:child_nat_ip
1287       banked       101ms replayed  prime
1288       banked       117ms raced     zr2c:child_nat_ip
1289       banked       315ms raced     flat
1290       banked       116ms raced     zr2c:child_oop_il
1291       banked       299ms raced     2p
1292       banked       113ms raced     zr2c:child_nat_ip
1293       banked       299ms raced     flat
1294       banked       114ms raced     zr2c:child_nat_ip
1295       banked       102ms replayed  prime
1296       banked       118ms raced     zr2c:child_nat_ip
1297       banked       294ms raced     chain3
1298       banked       115ms raced     zr2c:child_nat_ip
1299       banked       306ms raced     prime
1300       banked       113ms raced     zr2c:child_nat_ip
1301       banked       284ms raced     chain3
1302       banked       124ms raced     zr2c:child_oop_il
1303       banked       298ms raced     2p
1304       banked       303ms raced     zr2c:child_oop_il
1305       banked       101ms replayed  prime
1306       banked       123ms raced     zr2c:child_nat_ip
1307       banked       300ms raced     prime
1308       banked       307ms raced     zr2c:child_nat_ip
1309       banked       105ms replayed  prime
1310       banked       115ms raced     zr2c:child_nat_ip
1311       banked       103ms replayed  prime
1312       banked       115ms raced     zr2c:child_oop_il
1313       banked       302ms raced     2p
1314       banked       122ms raced     zr2c:child_oop_il
1315       banked       298ms raced     prime
1316       banked       124ms raced     zr2c:child_nat_ip
1317       banked       297ms raced     flat
1318       banked       116ms raced     zr2c:child_nat_ip
1319       banked       301ms raced     prime
1320       banked       114ms raced     zr2c:child_nat_ip
1321       banked       310ms raced     chain3
1322       banked       115ms raced     zr2c:child_nat_ip
1323       banked       105ms replayed  prime
1324       banked       311ms raced     zr2c:child_nat_ip
1325       banked       303ms raced     prime
1326       banked       115ms raced     zr2c:child_nat_ip
1327       banked       316ms raced     flat
1328       banked       304ms raced     zr2c:child_oop_il
1329       banked       298ms raced     prime
1330       banked       114ms raced     zr2c:child_nat_ip
1331       banked       103ms replayed  flat
1332       banked       114ms raced     zr2c:child_nat_ip
1333       banked       103ms replayed  chain3
1334       banked       115ms raced     zr2c:child_oop_il
1335       banked       297ms raced     2p
1336       banked       312ms raced     zr2c:child_oop_il
1337       banked       299ms raced     prime
1338       banked       117ms raced     zr2c:child_nat_ip
1339       banked       301ms raced     prime
1340       banked       307ms raced     zr2c:child_nat_ip
1341       banked       299ms raced     prime
1342       banked       118ms raced     zr2c:child_nat_ip
1343       banked       302ms raced     prime
1344       banked       345ms raced     2p
1345       banked       299ms raced     2p
1346       banked       116ms raced     zr2c:child_oop_il
1347       banked       301ms raced     prime
1348       banked       317ms raced     zr2c:child_nat_ip
1349       banked       298ms raced     prime
1350       banked       102ms replayed  zr2c:child_oop_il
1351       banked       301ms raced     2p
1352       banked       117ms raced     zr2c:child_nat_ip
1353       banked       106ms replayed  chain3
1354       banked       121ms raced     zr2c:child_nat_ip
1355       banked       312ms raced     prime
1356       banked       307ms raced     zr2c:child_oop_il
1357       banked       300ms raced     prime
1358       banked       120ms raced     zr2c:child_nat_ip
1359       banked       305ms raced     prime
1360       banked       116ms raced     zr2c:child_nat_ip
1361       banked       314ms raced     flat
1362       banked       117ms raced     zr2c:child_nat_ip
1363       banked       103ms replayed  prime
1364       banked       117ms raced     zr2c:child_nat_ip
1365       banked       103ms replayed  flat
1366       banked       119ms raced     zr2c:child_nat_ip
1367       banked       307ms raced     prime
1368       banked       117ms raced     zr2c:child_nat_ip
1369       banked       102ms replayed  chain3
1370       banked       117ms raced     zr2c:child_nat_ip
1371       banked       300ms raced     prime
1372       banked       114ms raced     zr2c:child_nat_ip
1373       banked       317ms raced     flat
1374       banked       117ms raced     zr2c:child_nat_ip
1375       banked       103ms replayed  prime
1376       banked       115ms raced     zr2c:child_oop_il
1377       banked       102ms replayed  flat
1378       banked       116ms raced     zr2c:child_nat_ip
1379       banked       304ms raced     prime
1380       banked       119ms raced     zr2c:child_nat_ip
1381       banked       293ms raced     chain3
1382       banked       116ms raced     zr2c:child_nat_ip
1383       banked       302ms raced     prime
1384       banked       308ms raced     zr2c:child_oop_il
1385       banked       300ms raced     prime
1386       banked       115ms raced     zr2c:child_oop_il
1387       banked       303ms raced     flat
1388       banked       312ms raced     zr2c:child_nat_ip
1389       banked       304ms raced     prime
1390       banked       119ms raced     zr2c:child_nat_ip
1391       banked       302ms raced     prime
1392       banked       119ms raced     zr2c:child_nat_ip
1393       banked       306ms raced     flat
1394       banked       117ms raced     zr2c:child_nat_ip
1395       banked       106ms replayed  2p
1396       banked       310ms raced     zr2c:child_nat_ip
1397       banked       301ms raced     prime
1398       banked       120ms raced     zr2c:child_nat_ip
1399       banked       336ms raced     prime
1400       banked       115ms raced     zr2c:child_nat_ip
1401       banked       302ms raced     chain3
1402       banked       116ms raced     zr2c:child_nat_ip
1403       banked       302ms raced     prime
1404       banked       118ms raced     zr2c:child_nat_ip
1405       banked       304ms raced     chain3
1406       banked       117ms raced     zr2c:child_nat_ip
1407       banked       305ms raced     2p
1408       banked       117ms raced     zr2c:child_nat_ip
1409       banked       305ms raced     2p
1410       banked       120ms raced     zr2c:child_oop_il
1411       banked       305ms raced     2p
1412       banked       310ms raced     zr2c:child_nat_ip
1413       banked       301ms raced     prime
1414       banked       116ms raced     zr2c:child_nat_ip
1415       banked       313ms raced     prime
1416       banked       311ms raced     zr2c:child_oop_il
1417       banked       303ms raced     prime
1418       banked       116ms raced     zr2c:child_nat_ip
1419       banked       105ms replayed  prime
1420       banked       319ms raced     zr2c:child_nat_ip
1421       banked       103ms replayed  prime
1422       banked       118ms raced     zr2c:child_nat_ip
1423       banked       306ms raced     prime
1424       banked       312ms raced     zr2c:child_oop_il
1425       banked       104ms replayed  prime
1426       banked       118ms raced     zr2c:child_oop_il
1427       banked       309ms raced     2p
1428       banked       119ms raced     zr2c:child_nat_ip
1429       banked       295ms raced     chain3
1430       banked       116ms raced     zr2c:child_oop_il
1431       banked       308ms raced     flat
1432       banked       310ms raced     zr2c:child_oop_il
1433       banked       306ms raced     prime
1434       banked       119ms raced     zr2c:child_nat_ip
1435       banked       105ms replayed  prime
1436       banked       312ms raced     zr2c:child_nat_ip
1437       banked       301ms raced     prime
1438       banked       117ms raced     zr2c:child_nat_ip
1439       banked       305ms raced     prime
1440       banked       104ms replayed  zr2c:child_nat_ip
1441       banked       327ms raced     chain3
1442       banked       119ms raced     zr2c:child_oop_il
1443       banked       104ms replayed  prime
1444       banked       118ms raced     zr2c:child_nat_ip
1445       banked       103ms replayed  flat
1446       banked       124ms raced     zr2c:child_nat_ip
1447       banked       307ms raced     prime
1448       banked       312ms raced     zr2c:child_oop_il
1449       banked       108ms replayed  prime
1450       banked       117ms raced     zr2c:child_nat_ip
1451       banked       310ms raced     flat
1452       banked       115ms raced     zr2c:child_nat_ip
1453       banked       318ms raced     chain3
1454       banked       117ms raced     zr2c:child_nat_ip
1455       banked       303ms raced     prime
1456       banked       117ms raced     zr2c:child_nat_ip
1457       banked       108ms replayed  chain3
1458       banked       105ms replayed  zr2c:child_oop_il
1459       banked       300ms raced     2p
1460       banked       317ms raced     zr2c:child_nat_ip
1461       banked       302ms raced     prime
1462       banked       117ms raced     zr2c:child_nat_ip
1463       banked       103ms replayed  2p
1464       banked       318ms raced     zr2c:child_oop_il
1465       banked       304ms raced     prime
1466       banked       118ms raced     zr2c:child_nat_ip
1467       banked       302ms raced     prime
1468       banked       315ms raced     zr2c:child_nat_ip
1469       banked       305ms raced     prime
1470       banked       103ms replayed  zr2c:child_nat_ip
1471       banked       292ms raced     flat
1472       banked       116ms raced     zr2c:child_oop_il
1473       banked       303ms raced     2p
1474       banked       121ms raced     zr2c:child_nat_ip
1475       banked       306ms raced     prime
1476       banked       118ms raced     zr2c:child_nat_ip
1477       banked       304ms raced     chain3
1478       banked       117ms raced     zr2c:child_nat_ip
1479       banked       106ms replayed  prime
1480       banked       117ms raced     zr2c:child_nat_ip
1481       banked       310ms raced     flat
1482       banked       116ms raced     zr2c:child_nat_ip
1483       banked       294ms raced     chain3
1484       banked       312ms raced     zr2c:child_nat_ip
1485       banked       109ms replayed  prime
1486       banked       123ms raced     zr2c:child_nat_ip
1487       banked       323ms raced     prime
1488       banked       116ms raced     zr2c:child_nat_ip
1489       banked       310ms raced     flat
1490       banked       119ms raced     zr2c:child_oop_il
1491       banked       303ms raced     prime
1492       banked       314ms raced     zr2c:child_nat_ip
1493       banked       309ms raced     prime
1494       banked       159ms raced     zr2c:child_nat_ip
1495       banked       107ms replayed  prime
1496       banked       123ms raced     zr2c:child_nat_ip
1497       banked       310ms raced     flat
1498       banked       119ms raced     zr2c:child_oop_il
1499       banked       309ms raced     prime
1500       banked       117ms raced     zr2c:child_nat_ip
1501       banked       304ms raced     chain3
1502       banked       118ms raced     zr2c:child_nat_ip
1503       banked       303ms raced     prime
1504       banked       117ms raced     zr2c:child_oop_il
1505       banked       106ms replayed  flat
1506       banked       121ms raced     zr2c:child_oop_il
1507       banked       313ms raced     prime
1508       banked       119ms raced     zr2c:child_nat_ip
1509       banked       307ms raced     flat
1510       banked       119ms raced     zr2c:child_nat_ip
1511       banked       311ms raced     prime
1512       banked       121ms raced     zr2c:child_nat_ip
1513       banked       309ms raced     chain3
1514       banked       121ms raced     zr2c:child_nat_ip
1515       banked       308ms raced     prime
1516       banked       314ms raced     zr2c:child_nat_ip
1517       banked       108ms replayed  prime
1518       banked       123ms raced     zr2c:child_nat_ip
1519       banked       118ms replayed  flat
1520       banked       117ms raced     zr2c:child_nat_ip
1521       banked       104ms replayed  flat
1522       banked       119ms raced     zr2c:child_nat_ip
1523       banked       308ms raced     prime
1524       banked       331ms raced     zr2c:child_nat_ip
1525       banked       305ms raced     prime
1526       banked       120ms raced     zr2c:child_nat_ip
1527       banked       308ms raced     prime
1528       banked       314ms raced     zr2c:child_oop_il
1529       banked       319ms raced     prime
1530       banked       117ms raced     zr2c:child_nat_ip
1531       banked       337ms raced     flat
1532       banked       312ms raced     zr2c:child_nat_ip
1533       banked       311ms raced     prime
1534       banked       120ms raced     zr2c:child_nat_ip
1535       banked       306ms raced     prime
1536       banked       104ms replayed  2p
1537       banked       308ms raced     2p
1538       banked       127ms raced     zr2c:child_nat_ip
1539       banked       138ms replayed  prime
1540       banked       117ms raced     zr2c:child_nat_ip
1541       banked       304ms raced     chain3
1542       banked       122ms raced     zr2c:child_nat_ip
1543       banked       310ms raced     prime
1544       banked       315ms raced     zr2c:child_oop_il
1545       banked       316ms raced     prime
1546       banked       123ms raced     zr2c:child_oop_il
1547       banked       107ms replayed  prime
1548       banked       120ms raced     zr2c:child_nat_ip
1549       banked       320ms raced     chain3
1550       banked       118ms raced     zr2c:child_nat_ip
1551       banked       107ms replayed  2p
1552       banked       317ms raced     zr2c:child_nat_ip
1553       banked       323ms raced     prime
1554       banked       119ms raced     zr2c:child_oop_il
1555       banked       312ms raced     2p
1556       banked       326ms raced     zr2c:child_nat_ip
1557       banked       313ms raced     prime
1558       banked       118ms raced     zr2c:child_nat_ip
1559       banked       313ms raced     2p
1560       banked       122ms raced     zr2c:child_nat_ip
1561       banked       310ms raced     chain3
1562       banked       123ms raced     zr2c:child_nat_ip
1563       banked       316ms raced     prime
1564       banked       120ms raced     zr2c:child_nat_ip
1565       banked       306ms raced     flat
1566       banked       119ms raced     zr2c:child_oop_il
1567       banked       313ms raced     flat
1568       banked       118ms raced     zr2c:child_nat_ip
1569       banked       316ms raced     chain3
1570       banked       121ms raced     zr2c:child_oop_il
1571       banked       313ms raced     prime
1572       banked       315ms raced     zr2c:child_nat_ip
1573       banked       107ms replayed  prime
1574       banked       120ms raced     zr2c:child_nat_ip
1575       banked       105ms replayed  prime
1576       banked       322ms raced     zr2c:child_oop_il
1577       banked       307ms raced     prime
1578       banked       120ms raced     zr2c:child_nat_ip
1579       banked       313ms raced     prime
1580       banked       321ms raced     zr2c:child_nat_ip
1581       banked       106ms replayed  prime
1582       banked       127ms raced     zr2c:child_oop_il
1583       banked       314ms raced     prime
1584       banked       118ms raced     zr2c:child_nat_ip
1585       banked       311ms raced     chain3
1586       banked       120ms raced     zr2c:child_nat_ip
1587       banked       105ms replayed  prime
1588       banked       320ms raced     zr2c:child_oop_il
1589       banked       311ms raced     prime
1590       banked       120ms raced     zr2c:child_nat_ip
1591       banked       120ms replayed  prime
1592       banked       318ms raced     zr2c:child_oop_il
1593       banked       308ms raced     prime
1594       banked       123ms raced     zr2c:child_nat_ip
1595       banked       106ms replayed  prime
1596       banked       119ms raced     zr2c:child_nat_ip
1597       banked       312ms raced     flat
1598       banked       120ms raced     zr2c:child_nat_ip
1599       banked       105ms replayed  2p
1600       banked       105ms replayed  2p
1601       banked       329ms raced     2p
1602       banked       120ms raced     zr2c:child_nat_ip
1603       banked       314ms raced     prime
1604       banked       319ms raced     zr2c:child_nat_ip
1605       banked       310ms raced     prime
1606       banked       121ms raced     zr2c:child_nat_ip
1607       banked       311ms raced     prime
1608       banked       321ms raced     zr2c:child_oop_il
1609       banked       313ms raced     prime
1610       banked       122ms raced     zr2c:child_nat_ip
1611       banked       312ms raced     flat
1612       banked       119ms raced     zr2c:child_nat_ip
1613       banked       315ms raced     flat
1614       banked       121ms raced     zr2c:child_nat_ip
1615       banked       106ms replayed  prime
1616       banked       323ms raced     zr2c:child_oop_il
1617       banked       111ms replayed  prime
1618       banked       121ms raced     zr2c:child_oop_il
1619       banked       317ms raced     prime
1620       banked       123ms raced     zr2c:child_nat_ip
1621       banked       326ms raced     chain3
1622       banked       121ms raced     zr2c:child_nat_ip
1623       banked       323ms raced     prime
1624       banked       120ms raced     zr2c:child_nat_ip
1625       banked       107ms replayed  flat
1626       banked       125ms raced     zr2c:child_nat_ip
1627       banked       316ms raced     prime
1628       banked       123ms raced     zr2c:child_nat_ip
1629       banked       313ms raced     flat
1630       banked       121ms raced     zr2c:child_nat_ip
1631       banked       333ms raced     prime
1632       banked       118ms raced     zr2c:child_oop_il
1633       banked       313ms raced     chain3
1634       banked       121ms raced     zr2c:child_oop_il
1635       banked       309ms raced     flat
1636       banked       319ms raced     zr2c:child_nat_ip
1637       banked       314ms raced     prime
1638       banked       121ms raced     zr2c:child_nat_ip
1639       banked       325ms raced     flat
1640       banked       119ms raced     zr2c:child_nat_ip
1641       banked       317ms raced     flat
1642       banked       120ms raced     zr2c:child_oop_il
1643       banked       317ms raced     prime
1644       banked       319ms raced     zr2c:child_nat_ip
1645       banked       106ms replayed  prime
1646       banked       121ms raced     zr2c:child_nat_ip
1647       banked       313ms raced     prime
1648       banked       322ms raced     zr2c:child_oop_il
1649       banked       310ms raced     prime
1650       banked       123ms raced     zr2c:child_nat_ip
1651       banked       328ms raced     chain3
1652       banked       330ms raced     zr2c:child_nat_ip
1653       banked       109ms replayed  prime
1654       banked       122ms raced     zr2c:child_nat_ip
1655       banked       314ms raced     prime
1656       banked       122ms raced     zr2c:child_nat_ip
1657       banked       341ms raced     chain3
1658       banked       124ms raced     zr2c:child_nat_ip
1659       banked       313ms raced     prime
1660       banked       319ms raced     zr2c:child_nat_ip
1661       banked       312ms raced     prime
1662       banked       127ms raced     zr2c:child_nat_ip
1663       banked       334ms raced     prime
1664       banked       122ms raced     zr2c:child_nat_ip
1665       banked       106ms replayed  2p
1666       banked       122ms raced     zr2c:child_nat_ip
1667       banked       317ms raced     flat
1668       banked       322ms raced     zr2c:child_nat_ip
1669       banked       316ms raced     prime
1670       banked       121ms raced     zr2c:child_nat_ip
1671       banked       315ms raced     prime
1672       banked       122ms raced     zr2c:child_oop_il
1673       banked       316ms raced     flat
1674       banked       122ms raced     zr2c:child_oop_il
1675       banked       312ms raced     flat
1676       banked       342ms raced     zr2c:child_nat_ip
1677       banked       106ms replayed  prime
1678       banked       123ms raced     zr2c:child_nat_ip
1679       banked       310ms raced     prime
1680       banked       121ms raced     zr2c:child_nat_ip
1681       banked       106ms replayed  chain3
1682       banked       121ms raced     zr2c:child_nat_ip
1683       banked       107ms replayed  flat
1684       banked       326ms raced     zr2c:child_nat_ip
1685       banked       314ms raced     prime
1686       banked       122ms raced     zr2c:child_nat_ip
1687       banked       312ms raced     prime
1688       banked       320ms raced     zr2c:child_oop_il
1689       banked       315ms raced     prime
1690       banked       121ms raced     zr2c:child_nat_ip
1691       banked       312ms raced     flat
1692       banked       120ms raced     zr2c:child_nat_ip
1693       banked       322ms raced     flat
1694       banked       121ms raced     zr2c:child_oop_il
1695       banked       313ms raced     flat
1696       banked       328ms raced     zr2c:child_oop_il
1697       banked       320ms raced     prime
1698       banked       122ms raced     zr2c:child_oop_il
1699       banked       317ms raced     prime
1700       banked       122ms raced     zr2c:child_nat_ip
1701       banked       108ms replayed  chain3
1702       banked       121ms raced     zr2c:child_nat_ip
1703       banked       324ms raced     2p
1704       banked       329ms raced     zr2c:child_nat_ip
1705       banked       110ms replayed  prime
1706       banked       123ms raced     zr2c:child_oop_il
1707       banked       340ms raced     prime
1708       banked       327ms raced     zr2c:child_nat_ip
1709       banked       318ms raced     prime
1710       banked       124ms raced     zr2c:child_nat_ip
1711       banked       314ms raced     flat
1712       banked       329ms raced     zr2c:child_nat_ip
1713       banked       316ms raced     prime
1714       banked       122ms raced     zr2c:child_oop_il
1715       banked       107ms replayed  prime
1716       banked       120ms raced     zr2c:child_nat_ip
1717       banked       315ms raced     flat
1718       banked       127ms raced     zr2c:child_nat_ip
1719       banked       313ms raced     prime
1720       banked       121ms raced     zr2c:child_nat_ip
1721       banked       320ms raced     flat
1722       banked       121ms raced     zr2c:child_nat_ip
1723       banked       324ms raced     2p
1724       banked       326ms raced     zr2c:child_nat_ip
1725       banked       107ms replayed  prime
1726       banked       124ms raced     zr2c:child_nat_ip
1727       banked       316ms raced     prime
1728       banked       110ms replayed  2p
1729       banked       108ms replayed  2p
1730       banked       123ms raced     zr2c:child_oop_il
1731       banked       314ms raced     prime
1732       banked       325ms raced     zr2c:child_nat_ip
1733       banked       325ms raced     prime
1734       banked       125ms raced     zr2c:child_nat_ip
1735       banked       314ms raced     flat
1736       banked       121ms raced     zr2c:child_nat_ip
1737       banked       312ms raced     flat
1738       banked       123ms raced     zr2c:child_oop_il
1739       banked       108ms replayed  prime
1740       banked       122ms raced     zr2c:child_nat_ip
1741       banked       319ms raced     flat
1742       banked       123ms raced     zr2c:child_nat_ip
1743       banked       316ms raced     prime
1744       banked       329ms raced     zr2c:child_oop_il
1745       banked       315ms raced     prime
1746       banked       124ms raced     zr2c:child_oop_il
1747       banked       321ms raced     prime
1748       banked       122ms raced     zr2c:child_nat_ip
1749       banked       315ms raced     flat
1750       banked       108ms replayed  zr2c:child_nat_ip
1751       banked       316ms raced     flat
1752       banked       322ms raced     zr2c:child_nat_ip
1753       banked       322ms raced     prime
1754       banked       123ms raced     zr2c:child_oop_il
1755       banked       111ms replayed  prime
1756       banked       324ms raced     zr2c:child_nat_ip
1757       banked       316ms raced     prime
1758       banked       126ms raced     zr2c:child_oop_il
1759       banked       322ms raced     prime
1760       banked       124ms raced     zr2c:child_nat_ip
1761       banked       316ms raced     chain3
1762       banked       128ms raced     zr2c:child_nat_ip
1763       banked       110ms replayed  prime
1764       banked       125ms raced     zr2c:child_nat_ip
1765       banked       323ms raced     flat
1766       banked       127ms raced     zr2c:child_oop_il
1767       banked       108ms replayed  prime
1768       banked       122ms raced     zr2c:child_oop_il
1769       banked       332ms raced     chain3
1770       banked       125ms raced     zr2c:child_nat_ip
1771       banked       109ms replayed  prime
1772       banked       334ms raced     zr2c:child_nat_ip
1773       banked       373ms raced     prime
1774       banked       163ms raced     zr2c:child_nat_ip
1775       banked       373ms raced     prime
1776       banked       135ms raced     zr2c:child_nat_ip
1777       banked       389ms raced     chain3
1778       banked       130ms raced     zr2c:child_oop_il
1779       banked       363ms raced     prime
1780       banked       400ms raced     zr2c:child_nat_ip
1781       banked       396ms raced     prime
1782       banked       132ms raced     zr2c:child_nat_ip
1783       banked       386ms raced     chain3
1784       banked       390ms raced     zr2c:child_oop_il
1785       banked       109ms replayed  prime
1786       banked       127ms raced     zr2c:child_oop_il
1787       banked       389ms raced     flat
1788       banked       410ms raced     zr2c:child_nat_ip
1789       banked       379ms raced     prime
1790       banked       152ms raced     zr2c:child_nat_ip
1791       banked       377ms raced     prime
1792       banked       108ms replayed  chain3
1793       banked       384ms raced     chain3
1794       banked       134ms raced     zr2c:child_nat_ip
1795       banked       401ms raced     flat
1796       banked       449ms raced     zr2c:child_oop_il
1797       banked       411ms raced     prime
1798       banked       142ms raced     zr2c:child_nat_ip
1799       banked       403ms raced     2p
1800       banked       135ms raced     zr2c:child_nat_ip
1801       banked       431ms raced     chain3
1802       banked       143ms raced     zr2c:child_oop_il
1803       banked       408ms raced     prime
1804       banked       139ms raced     zr2c:child_nat_ip
1805       banked       113ms replayed  flat
1806       banked       123ms raced     zr2c:child_oop_il
1807       banked       396ms raced     flat
1808       banked       401ms raced     zr2c:child_nat_ip
1809       banked       416ms raced     prime
1810       banked       154ms raced     zr2c:child_nat_ip
1811       banked       382ms raced     prime
1812       banked       406ms raced     zr2c:child_nat_ip
1813       banked       113ms replayed  prime
1814       banked       155ms raced     zr2c:child_nat_ip
1815       banked       112ms replayed  prime
1816       banked       406ms raced     zr2c:child_oop_il
1817       banked       382ms raced     prime
1818       banked       161ms raced     zr2c:child_oop_il
1819       banked       390ms raced     prime
1820       banked       140ms raced     zr2c:child_nat_ip
1821       banked       379ms raced     chain3
1822       banked       154ms raced     zr2c:child_oop_il
1823       banked       390ms raced     prime
1824       banked       134ms raced     zr2c:child_oop_il
1825       banked       406ms raced     chain3
1826       banked       127ms raced     zr2c:child_nat_ip
1827       banked       108ms replayed  prime
1828       banked       416ms raced     zr2c:child_nat_ip
1829       banked       385ms raced     prime
1830       banked       181ms raced     zr2c:child_nat_ip
1831       banked       403ms raced     prime
1832       banked       483ms raced     zr2c:child_oop_il
1833       banked       109ms replayed  prime
1834       banked       137ms raced     zr2c:child_oop_il
1835       banked       435ms raced     prime
1836       banked       162ms raced     zr2c:child_nat_ip
1837       banked       428ms raced     flat
1838       banked       150ms raced     zr2c:child_nat_ip
1839       banked       438ms raced     prime
1840       banked       178ms raced     zr2c:child_nat_ip
1841       banked       445ms raced     chain3
1842       banked       161ms raced     zr2c:child_oop_il
1843       banked       472ms raced     prime
1844       banked       468ms raced     zr2c:child_nat_ip
1845       banked       109ms replayed  prime
1846       banked       125ms raced     zr2c:child_oop_il
1847       banked       466ms raced     prime
1848       banked       176ms raced     zr2c:child_nat_ip
1849       banked       126ms replayed  chain3
1850       banked       130ms raced     zr2c:child_nat_ip
1851       banked       443ms raced     2p
1852       banked       505ms raced     zr2c:child_nat_ip
1853       banked       485ms raced     prime
1854       banked       153ms raced     zr2c:child_oop_il
1855       banked       468ms raced     prime
1856       banked       149ms raced     zr2c:child_nat_ip
1857       banked       482ms raced     2p
1858       banked       171ms raced     zr2c:child_nat_ip
1859       banked       111ms replayed  prime
1860       banked       135ms raced     zr2c:child_nat_ip
1861       banked       504ms raced     chain3
1862       banked       137ms raced     zr2c:child_nat_ip
1863       banked       114ms replayed  flat
1864       banked       823ms raced     zr2c:child_oop_il
1865       banked       437ms raced     prime
1866       banked       143ms raced     zr2c:child_nat_ip
1867       banked       427ms raced     prime
1868       banked       517ms raced     zr2c:child_oop_il
1869       banked       428ms raced     prime
1870       banked       149ms raced     zr2c:child_nat_ip
1871       banked       458ms raced     flat
1872       banked       183ms raced     zr2c:child_nat_ip
1873       banked       413ms raced     chain3
1874       banked       125ms raced     zr2c:child_nat_ip
1875       banked       113ms replayed  prime
1876       banked       490ms raced     zr2c:child_oop_il
1877       banked       455ms raced     prime
1878       banked       167ms raced     zr2c:child_nat_ip
1879       banked       479ms raced     prime
1880       banked       176ms raced     zr2c:child_nat_ip
1881       banked       113ms replayed  flat
1882       banked       136ms raced     zr2c:child_oop_il
1883       banked       458ms raced     prime
1884       banked       535ms raced     zr2c:child_oop_il
1885       banked       109ms replayed  prime
1886       banked       140ms raced     zr2c:child_nat_ip
1887       banked       114ms replayed  2p
1888       banked       404ms raced     zr2c:child_oop_il
1889       banked       329ms raced     prime
1890       banked       109ms replayed  zr2c:child_nat_ip
1891       banked       338ms raced     chain3
1892       banked       126ms raced     zr2c:child_nat_ip
1893       banked       325ms raced     flat
1894       banked       126ms raced     zr2c:child_oop_il
1895       banked       324ms raced     prime
1896       banked       338ms raced     zr2c:child_oop_il
1897       banked       322ms raced     prime
1898       banked       126ms raced     zr2c:child_oop_il
1899       banked       319ms raced     prime
1900       banked       125ms raced     zr2c:child_nat_ip
1901       banked       329ms raced     flat
1902       banked       126ms raced     zr2c:child_nat_ip
1903       banked       326ms raced     prime
1904       banked       124ms raced     zr2c:child_nat_ip
1905       banked       326ms raced     flat
1906       banked       126ms raced     zr2c:child_oop_il
1907       banked       328ms raced     prime
1908       banked       334ms raced     zr2c:child_oop_il
1909       banked       320ms raced     prime
1910       banked       128ms raced     zr2c:child_nat_ip
1911       banked       110ms replayed  prime
1912       banked       332ms raced     zr2c:child_oop_il
1913       banked       326ms raced     prime
1914       banked       125ms raced     zr2c:child_oop_il
1915       banked       327ms raced     chain3
1916       banked       335ms raced     zr2c:child_oop_il
1917       banked       320ms raced     prime
1918       banked       125ms raced     zr2c:child_oop_il
1919       banked       323ms raced     prime
1920       banked       112ms replayed  2p
1921       banked       326ms raced     2p
1922       banked       126ms raced     zr2c:child_oop_il
1923       banked       341ms raced     flat
1924       banked       133ms raced     zr2c:child_nat_ip
1925       banked       112ms replayed  flat
1926       banked       127ms raced     zr2c:child_oop_il
1927       banked       110ms replayed  prime
1928       banked       335ms raced     zr2c:child_oop_il
1929       banked       323ms raced     prime
1930       banked       126ms raced     zr2c:child_oop_il
1931       banked       328ms raced     prime
1932       banked       125ms raced     zr2c:child_nat_ip
1933       banked       328ms raced     chain3
1934       banked       126ms raced     zr2c:child_nat_ip
1935       banked       115ms replayed  prime
1936       banked       126ms raced     zr2c:child_nat_ip
1937       banked       322ms raced     chain3
1938       banked       125ms raced     zr2c:child_nat_ip
1939       banked       328ms raced     flat
1940       banked       335ms raced     zr2c:child_oop_il
1941       banked       322ms raced     prime
1942       banked       126ms raced     zr2c:child_oop_il
1943       banked       325ms raced     prime
1944       banked       127ms raced     zr2c:child_nat_ip
1945       banked       327ms raced     chain3
1946       banked       128ms raced     zr2c:child_oop_il
1947       banked       338ms raced     prime
1948       banked       333ms raced     zr2c:child_oop_il
1949       banked       333ms raced     prime
1950       banked       138ms raced     zr2c:child_oop_il
1951       banked       327ms raced     flat
1952       banked       337ms raced     zr2c:child_oop_il
1953       banked       113ms replayed  prime
1954       banked       130ms raced     zr2c:child_oop_il
1955       banked       110ms replayed  prime
1956       banked       332ms raced     zr2c:child_nat_ip
1957       banked       321ms raced     prime
1958       banked       128ms raced     zr2c:child_nat_ip
1959       banked       324ms raced     prime
1960       banked       126ms raced     zr2c:child_nat_ip
1961       banked       321ms raced     flat
1962       banked       127ms raced     zr2c:child_oop_il
1963       banked       326ms raced     prime
1964       banked       333ms raced     zr2c:child_nat_ip
1965       banked       324ms raced     prime
1966       banked       127ms raced     zr2c:child_nat_ip
1967       banked       324ms raced     prime
1968       banked       129ms raced     zr2c:child_nat_ip
1969       banked       336ms raced     chain3
1970       banked       127ms raced     zr2c:child_oop_il
1971       banked       323ms raced     prime
1972       banked       126ms raced     zr2c:child_nat_ip
1973       banked       331ms raced     flat
1974       banked       125ms raced     zr2c:child_oop_il
1975       banked       322ms raced     2p
1976       banked       126ms raced     zr2c:child_oop_il
1977       banked       324ms raced     chain3
1978       banked       127ms raced     zr2c:child_oop_il
1979       banked       331ms raced     flat
1980       banked       137ms raced     zr2c:child_nat_ip
1981       banked       325ms raced     chain3
1982       banked       128ms raced     zr2c:child_nat_ip
1983       banked       329ms raced     prime
1984       banked       129ms raced     zr2c:child_oop_il
1985       banked       335ms raced     flat
1986       banked       130ms raced     zr2c:child_oop_il
1987       banked       333ms raced     prime
1988       banked       334ms raced     zr2c:child_nat_ip
1989       banked       110ms replayed  prime
1990       banked       131ms raced     zr2c:child_nat_ip
1991       banked       341ms raced     prime
1992       banked       341ms raced     zr2c:child_oop_il
1993       banked       334ms raced     prime
1994       banked       128ms raced     zr2c:child_oop_il
1995       banked       111ms replayed  prime
1996       banked       337ms raced     zr2c:child_oop_il
1997       banked       343ms raced     prime
1998       banked       126ms raced     zr2c:child_oop_il
1999       banked       335ms raced     2p
2000       banked       111ms replayed  zr2c:child_nat_ip
2001       banked       113ms replayed  chain3
2002       banked       130ms raced     zr2c:child_nat_ip
2003       banked       337ms raced     flat
2004       banked       337ms raced     zr2c:child_oop_il
2005       banked       325ms raced     prime
2006       banked       129ms raced     zr2c:child_oop_il
2007       banked       326ms raced     prime
2008       banked       335ms raced     zr2c:child_nat_ip
2009       banked       110ms replayed  prime
2010       banked       128ms raced     zr2c:child_oop_il
2011       banked       341ms raced     prime
2012       banked       336ms raced     zr2c:child_oop_il
2013       banked       323ms raced     prime
2014       banked       131ms raced     zr2c:child_oop_il
2015       banked       111ms replayed  prime
2016       banked       129ms raced     zr2c:child_oop_il
2017       banked       332ms raced     chain3
2018       banked       128ms raced     zr2c:child_nat_ip
2019       banked       329ms raced     prime
2020       banked       334ms raced     zr2c:child_oop_il
2021       banked       117ms replayed  prime
2022       banked       131ms raced     zr2c:child_nat_ip
2023       banked       111ms replayed  prime
2024       banked       128ms raced     zr2c:child_nat_ip
2025       banked       111ms replayed  chain3
2026       banked       128ms raced     zr2c:child_oop_il
2027       banked       331ms raced     prime
2028       banked       127ms raced     zr2c:child_nat_ip
2029       banked       322ms raced     chain3
2030       banked       127ms raced     zr2c:child_nat_ip
2031       banked       327ms raced     flat
2032       banked       336ms raced     zr2c:child_oop_il
2033       banked       329ms raced     prime
2034       banked       128ms raced     zr2c:child_oop_il
2035       banked       111ms replayed  prime
2036       banked       341ms raced     zr2c:child_oop_il
2037       banked       326ms raced     prime
2038       banked       136ms raced     zr2c:child_oop_il
2039       banked       334ms raced     prime
2040       banked       131ms raced     zr2c:child_nat_ip
2041       banked       330ms raced     chain3
2042       banked       130ms raced     zr2c:child_oop_il
2043       banked       337ms raced     prime
2044       banked       337ms raced     zr2c:child_nat_ip
2045       banked       342ms raced     prime
2046       banked       128ms raced     zr2c:child_oop_il
2047       banked       326ms raced     chain3
2048       banked       112ms replayed  2p
