N,K,plan,path,vfft_ns,mkl_ns,vfft_gflops,ratio_vs_mkl,rt_err,route,flip
3,1,z:c2r,nat-oop,4,14,2.939,3.368,2.246e-16,-,0
3,1,z:c2r,nat-oop,4,14,2.934,3.352,2.246e-16,-,1
4,1,z:c2r,nat-oop,4,12,4.944,3.080,0.000e+00,-,0
4,1,z:c2r,nat-oop,4,12,4.943,3.089,0.000e+00,-,1
5,1,z:c2r,nat-oop,5,13,5.787,2.516,1.798e-16,-,0
5,1,z:c2r,nat-oop,5,13,5.787,2.517,1.798e-16,-,1
6,1,z:c2r,nat-oop,5,12,7.109,2.225,1.873e-16,-,0
6,1,z:c2r,nat-oop,5,12,7.109,2.220,1.873e-16,-,1
7,1,z:c2r,nat-oop,6,15,7.859,2.376,1.600e-16,-,0
7,1,z:c2r,nat-oop,6,15,7.905,2.377,1.600e-16,-,1
8,1,z:c2r,nat-oop,6,13,10.466,2.329,1.686e-16,-,0
8,1,z:c2r,nat-oop,6,13,10.442,2.325,1.686e-16,-,1
9,1,z:c2r,nat-oop,7,14,9.552,1.920,2.234e-16,-,0
9,1,z:c2r,nat-oop,7,14,9.510,1.903,2.234e-16,-,1
10,1,z:c2r,nat-oop,7,14,11.208,1.883,2.018e-16,-,0
10,1,z:c2r,nat-oop,7,14,11.217,1.865,2.018e-16,-,1
11,1,z:c2r,nat-oop,9,16,10.177,1.707,3.784e-16,-,0
11,1,z:c2r,nat-oop,9,16,10.266,1.705,3.784e-16,-,1
12,1,z:c2r,nat-oop,9,15,12.081,1.640,1.875e-16,-,0
12,1,z:c2r,nat-oop,9,15,12.081,1.634,1.875e-16,-,1
13,1,z:c2r,nat-oop,13,16,9.532,1.290,3.636e-16,-,0
13,1,z:c2r,nat-oop,13,16,9.605,1.296,3.636e-16,-,1
14,1,z:c2r,nat-oop,11,16,12.354,1.522,2.894e-16,-,0
14,1,z:c2r,nat-oop,11,16,12.357,1.524,2.894e-16,-,1
15,1,z:c2r,nat-oop,15,17,9.962,1.160,3.603e-16,-,0
15,1,z:c2r,nat-oop,15,17,9.940,1.159,3.603e-16,-,1
16,1,z:c2r,nat-oop,12,16,13.466,1.359,1.126e-16,-,0
16,1,z:c2r,nat-oop,12,16,13.463,1.354,1.126e-16,-,1
17,1,z:c2r,nat-oop,20,39,8.604,1.914,5.830e-16,-,0
17,1,z:c2r,nat-oop,20,38,8.611,1.898,5.830e-16,-,1
18,1,z:c2r,nat-oop,15,16,12.316,1.071,3.380e-16,-,0
18,1,z:c2r,nat-oop,15,16,12.164,1.062,3.380e-16,-,1
19,1,z:c2r,nat-oop,27,41,7.612,1.540,3.084e-16,-,0
19,1,z:c2r,nat-oop,27,41,7.443,1.526,3.084e-16,-,1
20,1,z:c2r,nat-oop,16,17,13.510,1.033,3.147e-16,-,0
20,1,z:c2r,nat-oop,16,16,13.627,1.033,3.147e-16,-,1
21,1,z:c2r,nat-oop,30,27,7.696,0.893,7.944e-16,-,0
21,1,z:c2r,nat-oop,30,27,7.574,0.881,7.944e-16,-,1
22,1,z:c2r,nat-oop,20,18,11.995,0.900,2.562e-16,-,0
22,1,z:c2r,nat-oop,19,18,12.736,0.959,2.562e-16,-,1
23,1,z:c2r,nat-oop,38,56,6.840,1.478,3.334e-16,-,0
23,1,z:c2r,nat-oop,38,57,6.847,1.493,3.334e-16,-,1
24,1,z:c2r,nat-oop,14,17,19.868,1.222,2.961e-16,-,0
24,1,z:c2r,nat-oop,14,17,19.851,1.223,2.961e-16,-,1
25,1,z:c2r,nat-oop,34,29,8.595,0.870,4.874e-16,-,0
25,1,z:c2r,nat-oop,34,29,8.509,0.863,4.874e-16,-,1
26,1,z:c2r,nat-oop,24,23,12.682,0.939,6.384e-16,-,0
26,1,z:c2r,nat-oop,24,23,12.830,0.954,6.384e-16,-,1
27,1,z:c2r,nat-oop,39,37,8.189,0.932,5.618e-16,-,0
27,1,z:c2r,nat-oop,39,37,8.186,0.934,5.618e-16,-,1
28,1,z:c2r,nat-oop,22,19,15.365,0.846,2.859e-16,-,0
28,1,z:c2r,nat-oop,22,19,15.377,0.847,2.859e-16,-,1
29,1,z:c2r,nat-oop,56,99,6.289,1.770,5.684e-16,-,0
29,1,z:c2r,nat-oop,56,99,6.287,1.770,5.684e-16,-,1
30,1,z:c2r,nat-oop,27,21,13.665,0.774,3.915e-16,-,0
30,1,z:c2r,nat-oop,26,21,14.102,0.797,3.915e-16,-,1
31,1,z:c2r,nat-oop,63,104,6.099,1.651,5.615e-16,-,0
31,1,z:c2r,nat-oop,63,104,6.100,1.645,5.615e-16,-,1
32,1,z:c2r,nat-oop,16,22,25.042,1.364,2.259e-16,-,0
32,1,z:c2r,nat-oop,16,22,25.053,1.363,2.259e-16,-,1
33,1,z:c2r,nat-oop,43,37,9.651,0.852,3.321e-16,-,0
33,1,z:c2r,nat-oop,43,37,9.660,0.853,3.321e-16,-,1
34,1,z:c2r,nat-oop,27,45,15.790,1.659,7.890e-16,-,0
34,1,z:c2r,nat-oop,27,48,15.782,1.741,7.890e-16,-,1
35,1,z:c2r,nat-oop,40,40,11.102,0.984,3.165e-16,-,0
35,1,z:c2r,nat-oop,40,40,11.102,0.989,3.165e-16,-,1
36,1,z:c2r,nat-oop,19,29,24.642,1.549,4.523e-16,-,0
36,1,z:c2r,nat-oop,19,29,24.666,1.549,4.523e-16,-,1
37,1,z:c2r,nat-oop,88,170,5.505,1.937,5.012e-16,-,0
37,1,z:c2r,nat-oop,87,170,5.527,1.956,5.012e-16,-,1
38,1,z:c2r,nat-oop,32,52,15.390,1.607,3.691e-16,-,0
38,1,z:c2r,nat-oop,32,52,15.524,1.620,3.691e-16,-,1
39,1,z:c2r,nat-oop,54,46,9.609,0.855,5.951e-16,-,0
39,1,z:c2r,nat-oop,54,45,9.538,0.832,5.951e-16,-,1
40,1,z:c2r,nat-oop,17,30,32.026,1.816,3.168e-16,-,0
40,1,z:c2r,nat-oop,17,30,31.865,1.787,3.168e-16,-,1
41,1,z:c2r,nat-oop,108,222,5.063,2.045,4.625e-16,-,0
41,1,z:c2r,nat-oop,107,222,5.141,2.074,4.625e-16,-,1
42,1,z:c2r,nat-oop,30,32,18.989,1.087,4.906e-16,-,0
42,1,z:c2r,nat-oop,30,31,18.980,1.048,4.906e-16,-,1
43,1,z:c2r,nat-oop,119,236,4.883,1.978,4.703e-16,-,0
43,1,z:c2r,nat-oop,119,236,4.888,1.978,4.703e-16,-,1
44,1,z:c2r,nat-oop,34,38,17.689,1.131,3.681e-16,-,0
44,1,z:c2r,nat-oop,34,39,17.881,1.150,3.681e-16,-,1
45,1,z:c2r,nat-oop,48,50,12.864,1.035,4.738e-16,-,0
45,1,z:c2r,nat-oop,51,50,12.077,0.972,4.738e-16,-,1
46,1,z:c2r,nat-oop,40,73,16.078,1.837,4.877e-16,-,0
46,1,z:c2r,nat-oop,40,72,15.957,1.821,4.877e-16,-,1
47,1,z:c2r,nat-oop,132,295,4.939,2.229,7.176e-16,-,0
47,1,z:c2r,nat-oop,132,294,4.932,2.225,7.176e-16,-,1
48,1,z:c2r,nat-oop,19,38,34.431,1.947,5.268e-16,-,0
48,1,z:c2r,nat-oop,19,39,34.535,1.989,5.268e-16,-,1
49,1,z:c2r,nat-oop,53,51,13.100,0.977,3.670e-16,-,0
49,1,z:c2r,nat-oop,52,51,13.135,0.978,3.670e-16,-,1
50,1,z:c2r,nat-oop,31,36,22.998,1.167,3.242e-16,-,0
50,1,z:c2r,nat-oop,31,36,22.936,1.184,3.242e-16,-,1
51,1,z:c2r,nat-oop,80,141,9.026,1.763,5.090e-16,-,0
51,1,z:c2r,nat-oop,72,141,10.097,1.965,5.090e-16,-,1
52,1,z:c2r,nat-oop,40,45,18.578,1.139,8.376e-16,-,0
52,1,z:c2r,nat-oop,40,46,18.572,1.144,8.376e-16,-,1
53,1,z:c2r,nat-oop,215,414,3.528,1.927,7.578e-16,-,0
53,1,z:c2r,nat-oop,216,414,3.514,1.919,7.578e-16,-,1
54,1,z:c2r,nat-oop,34,42,22.676,1.235,4.282e-16,-,0
54,1,z:c2r,nat-oop,34,42,22.591,1.230,4.282e-16,-,1
55,1,z:c2r,nat-oop,59,60,13.362,1.006,5.722e-16,-,0
55,1,z:c2r,nat-oop,60,60,13.196,0.993,5.722e-16,-,1
56,1,z:c2r,nat-oop,30,40,26.814,1.317,4.132e-16,-,0
56,1,z:c2r,nat-oop,30,40,26.917,1.326,4.132e-16,-,1
57,1,z:c2r,nat-oop,80,174,10.437,2.182,5.084e-16,-,0
57,1,z:c2r,nat-oop,81,174,10.215,2.138,5.084e-16,-,1
58,1,z:c2r,nat-oop,62,115,13.617,1.849,6.208e-16,-,0
58,1,z:c2r,nat-oop,62,115,13.696,1.859,6.208e-16,-,1
59,1,z:c2r,nat-oop,214,513,4.063,2.402,4.222e-16,-,0
59,1,z:c2r,nat-oop,213,513,4.067,2.403,4.222e-16,-,1
60,1,z:c2r,nat-oop,30,42,29.467,1.407,5.372e-16,-,0
60,1,z:c2r,nat-oop,29,43,30.338,1.470,5.372e-16,-,1
61,1,z:c2r,nat-oop,160,577,5.657,3.607,5.489e-16,-,0
61,1,z:c2r,nat-oop,160,577,5.666,3.613,5.489e-16,-,1
62,1,z:c2r,nat-oop,70,131,13.183,1.864,7.253e-16,-,0
62,1,z:c2r,nat-oop,70,131,13.192,1.867,7.253e-16,-,1
63,1,z:c2r,nat-oop,65,66,14.454,1.018,4.688e-16,-,0
63,1,z:c2r,nat-oop,65,66,14.496,1.022,4.688e-16,-,1
64,1,z:c2r,nat-oop,25,34,37.973,1.361,3.340e-16,-,0
64,1,z:c2r,nat-oop,26,34,37.520,1.342,3.340e-16,-,1
65,1,z:c2r,nat-oop,72,73,13.590,1.020,5.732e-16,-,0
65,1,z:c2r,nat-oop,72,73,13.540,1.016,5.732e-16,-,1
66,1,z:c2r,nat-oop,45,48,22.105,1.060,4.534e-16,-,0
66,1,z:c2r,nat-oop,51,48,19.722,0.946,4.534e-16,-,1
67,1,z:c2r,nat-oop,191,693,5.325,3.630,8.644e-16,-,0
67,1,z:c2r,nat-oop,256,692,3.971,2.706,8.644e-16,-,1
68,1,z:c2r,nat-oop,68,88,15.314,1.297,6.736e-16,-,0
68,1,z:c2r,nat-oop,67,88,15.346,1.298,6.736e-16,-,1
69,1,z:c2r,nat-oop,105,251,10.061,2.396,8.538e-16,-,0
69,1,z:c2r,nat-oop,105,251,10.028,2.389,8.538e-16,-,1
70,1,z:c2r,nat-oop,41,47,26.273,1.158,4.948e-16,-,0
70,1,z:c2r,nat-oop,42,47,25.841,1.142,4.948e-16,-,1
71,1,z:c2r,nat-oop,186,793,5.856,4.256,5.418e-16,-,0
71,1,z:c2r,nat-oop,186,792,5.867,4.259,5.418e-16,-,1
72,1,z:c2r,nat-oop,35,54,31.894,1.563,3.701e-16,-,0
72,1,z:c2r,nat-oop,34,55,32.282,1.584,3.701e-16,-,1
73,1,z:c2r,nat-oop,190,867,5.959,4.571,8.245e-16,-,0
73,1,z:c2r,nat-oop,184,867,6.131,4.704,8.245e-16,-,1
74,1,z:c2r,nat-oop,90,196,12.781,2.176,5.408e-16,-,0
74,1,z:c2r,nat-oop,90,195,12.788,2.174,5.408e-16,-,1
75,1,z:c2r,nat-oop,76,80,15.376,1.053,5.805e-16,-,0
75,1,z:c2r,nat-oop,76,80,15.457,1.062,5.805e-16,-,1
76,1,z:c2r,nat-oop,80,102,14.877,1.277,7.204e-16,-,0
76,1,z:c2r,nat-oop,81,102,14.580,1.249,7.204e-16,-,1
77,1,z:c2r,nat-oop,81,82,14.862,1.015,5.627e-16,-,0
77,1,z:c2r,nat-oop,82,83,14.780,1.018,5.627e-16,-,1
78,1,z:c2r,nat-oop,54,56,22.549,1.038,6.946e-16,-,0
78,1,z:c2r,nat-oop,55,57,22.418,1.039,6.946e-16,-,1
79,1,z:c2r,nat-oop,305,1033,4.077,3.382,1.040e-15,-,0
79,1,z:c2r,nat-oop,306,1033,4.075,3.380,1.040e-15,-,1
80,1,z:c2r,nat-oop,34,56,37.229,1.647,4.465e-16,-,0
80,1,z:c2r,nat-oop,34,56,37.240,1.646,4.465e-16,-,1
81,1,z:c2r,nat-oop,82,92,15.586,1.123,6.567e-16,-,0
81,1,z:c2r,nat-oop,81,93,15.947,1.151,6.567e-16,-,1
82,1,z:c2r,nat-oop,107,255,12.126,2.375,5.265e-16,-,0
82,1,z:c2r,nat-oop,107,255,12.124,2.377,5.265e-16,-,1
83,1,z:c2r,nat-oop,475,1196,2.787,2.520,4.450e-16,-,0
83,1,z:c2r,nat-oop,476,1196,2.778,2.511,4.450e-16,-,1
84,1,z:c2r,nat-oop,46,57,29.311,1.237,5.763e-16,-,0
84,1,z:c2r,nat-oop,46,57,29.344,1.243,5.763e-16,-,1
85,1,z:c2r,nat-oop,104,234,13.147,2.256,5.782e-16,-,0
85,1,z:c2r,nat-oop,100,233,13.553,2.323,5.782e-16,-,1
86,1,z:c2r,nat-oop,125,279,11.091,2.237,8.341e-16,-,0
86,1,z:c2r,nat-oop,123,279,11.236,2.270,8.341e-16,-,1
87,1,z:c2r,nat-oop,168,401,8.343,2.390,5.826e-16,-,0
87,1,z:c2r,nat-oop,168,401,8.319,2.381,5.826e-16,-,1
88,1,z:c2r,nat-oop,47,59,30.385,1.251,4.728e-16,-,0
88,1,z:c2r,nat-oop,47,59,30.410,1.262,4.728e-16,-,1
89,1,z:c2r,nat-oop,238,1448,6.046,6.077,5.208e-16,-,0
89,1,z:c2r,nat-oop,238,1449,6.058,6.092,5.208e-16,-,1
90,1,z:c2r,nat-oop,54,65,27.243,1.210,7.138e-16,-,0
90,1,z:c2r,nat-oop,55,65,26.541,1.177,7.138e-16,-,1
91,1,z:c2r,nat-oop,99,103,14.929,1.037,5.631e-16,-,0
91,1,z:c2r,nat-oop,100,103,14.812,1.029,5.631e-16,-,1
92,1,z:c2r,nat-oop,89,138,16.921,1.553,8.319e-16,-,0
92,1,z:c2r,nat-oop,89,138,16.818,1.546,8.319e-16,-,1
93,1,z:c2r,nat-oop,209,460,7.289,2.207,7.255e-16,-,0
93,1,z:c2r,nat-oop,204,460,7.438,2.249,7.255e-16,-,1
94,1,z:c2r,nat-oop,134,341,11.507,2.548,5.877e-16,-,0
94,1,z:c2r,nat-oop,134,341,11.510,2.548,5.877e-16,-,1
95,1,z:c2r,nat-oop,117,292,13.379,2.506,5.355e-16,-,0
95,1,z:c2r,nat-oop,120,292,12.982,2.428,5.355e-16,-,1
96,1,z:c2r,nat-oop,41,62,38.812,1.531,4.468e-16,-,0
96,1,z:c2r,nat-oop,41,62,38.814,1.534,4.468e-16,-,1
97,1,z:c2r,nat-oop,241,652,6.643,2.705,9.302e-16,-,0
97,1,z:c2r,nat-oop,241,651,6.654,2.706,9.302e-16,-,1
98,1,z:c2r,nat-oop,54,65,29.775,1.191,5.389e-16,-,0
98,1,z:c2r,nat-oop,54,65,29.856,1.200,5.389e-16,-,1
99,1,z:c2r,nat-oop,104,107,15.802,1.033,5.611e-16,-,0
99,1,z:c2r,nat-oop,104,107,15.780,1.033,5.611e-16,-,1
100,1,z:c2r,nat-oop,49,71,33.696,1.446,6.514e-16,-,0
100,1,z:c2r,nat-oop,49,71,33.724,1.446,6.514e-16,-,1
101,1,z:c2r,nat-oop,257,576,6.529,2.235,8.380e-16,-,0
101,1,z:c2r,nat-oop,258,576,6.518,2.233,8.380e-16,-,1
102,1,z:c2r,nat-oop,72,130,23.783,1.816,8.454e-16,-,0
102,1,z:c2r,nat-oop,73,130,23.270,1.776,8.454e-16,-,1
103,1,z:c2r,nat-oop,316,576,5.449,1.824,1.269e-15,-,0
103,1,z:c2r,nat-oop,326,576,5.288,1.769,1.269e-15,-,1
104,1,z:c2r,nat-oop,54,69,31.971,1.257,8.896e-16,-,0
104,1,z:c2r,nat-oop,54,69,32.004,1.275,8.896e-16,-,1
105,1,z:c2r,nat-oop,106,110,16.564,1.036,5.644e-16,-,0
105,1,z:c2r,nat-oop,107,109,16.474,1.020,5.644e-16,-,1
106,1,z:c2r,nat-oop,221,455,8.061,2.059,1.001e-15,-,0
106,1,z:c2r,nat-oop,221,456,8.062,2.061,1.001e-15,-,1
107,1,z:c2r,nat-oop,475,581,3.795,1.223,6.260e-16,-,0
107,1,z:c2r,nat-oop,472,581,3.824,1.231,6.260e-16,-,1
108,1,z:c2r,nat-oop,58,76,31.206,1.306,7.333e-16,-,0
108,1,z:c2r,nat-oop,58,76,31.246,1.307,7.333e-16,-,1
109,1,z:c2r,nat-oop,292,583,6.313,1.994,1.089e-15,-,0
109,1,z:c2r,nat-oop,292,583,6.319,1.996,1.089e-15,-,1
110,1,z:c2r,nat-oop,63,72,29.681,1.152,6.017e-16,-,0
110,1,z:c2r,nat-oop,68,72,27.322,1.060,6.017e-16,-,1
111,1,z:c2r,nat-oop,480,680,3.926,1.416,5.703e-16,-,0
111,1,z:c2r,nat-oop,486,681,3.882,1.402,6.216e-16,-,1
112,1,z:c2r,nat-oop,55,77,34.418,1.389,5.080e-16,-,0
112,1,z:c2r,nat-oop,55,77,34.591,1.394,5.080e-16,-,1
113,1,z:c2r,nat-oop,298,586,6.464,1.967,7.997e-16,-,0
113,1,z:c2r,nat-oop,364,586,5.287,1.608,7.997e-16,-,1
114,1,z:c2r,nat-oop,86,156,22.741,1.819,7.517e-16,-,0
114,1,z:c2r,nat-oop,82,156,23.706,1.896,7.517e-16,-,1
115,1,z:c2r,nat-oop,156,428,12.652,2.755,4.894e-16,-,0
115,1,z:c2r,nat-oop,154,428,12.767,2.777,4.894e-16,-,1
116,1,z:c2r,nat-oop,116,206,17.219,1.780,4.625e-16,-,0
116,1,z:c2r,nat-oop,116,206,17.081,1.769,4.625e-16,-,1
117,1,z:c2r,nat-oop,125,134,16.107,1.077,8.170e-16,-,0
117,1,z:c2r,nat-oop,126,134,15.938,1.066,8.170e-16,-,1
118,1,z:c2r,nat-oop,216,575,9.389,2.661,7.622e-16,-,0
118,1,z:c2r,nat-oop,216,575,9.390,2.661,7.622e-16,-,1
119,1,z:c2r,nat-oop,148,329,13.903,2.232,7.450e-16,-,0
119,1,z:c2r,nat-oop,147,330,13.966,2.246,7.450e-16,-,1
120,1,z:c2r,nat-oop,54,83,38.136,1.529,5.653e-16,-,0
120,1,z:c2r,nat-oop,54,83,38.189,1.530,5.653e-16,-,1
121,1,z:c2r,nat-oop,129,156,16.246,1.210,5.498e-16,-,0
121,1,z:c2r,nat-oop,129,156,16.256,1.210,5.498e-16,-,1
122,1,z:c2r,nat-oop,164,624,12.890,3.805,1.065e-15,-,0
122,1,z:c2r,nat-oop,165,624,12.843,3.789,1.065e-15,-,1
123,1,z:c2r,nat-oop,500,837,4.269,1.674,5.873e-16,-,0
123,1,z:c2r,nat-oop,492,836,4.339,1.700,6.283e-16,-,1
124,1,z:c2r,nat-oop,126,229,17.053,1.809,8.269e-16,-,0
124,1,z:c2r,nat-oop,127,229,17.000,1.802,8.269e-16,-,1
125,1,z:c2r,nat-oop,139,136,15.637,0.978,5.470e-16,-,0
125,1,z:c2r,nat-oop,141,136,15.417,0.966,5.470e-16,-,1
126,1,z:c2r,nat-oop,70,89,31.454,1.269,5.504e-16,-,0
126,1,z:c2r,nat-oop,70,89,31.481,1.281,5.504e-16,-,1
127,1,z:c2r,nat-oop,419,599,5.300,1.431,1.373e-15,-,0
127,1,z:c2r,nat-oop,429,599,5.171,1.395,1.373e-15,-,1
128,1,z:c2r,nat-oop,55,62,40.440,1.115,4.508e-16,-,0
128,1,z:c2r,nat-oop,54,62,41.567,1.148,4.508e-16,-,1
129,1,z:c2r,nat-oop,272,939,8.300,3.447,6.669e-16,-,0
129,1,z:c2r,nat-oop,274,940,8.256,3.431,6.669e-16,-,1
130,1,z:c2r,nat-oop,75,88,30.305,1.175,1.045e-15,-,0
130,1,z:c2r,nat-oop,75,88,30.305,1.174,1.045e-15,-,1
131,1,z:c2r,nat-oop,385,965,5.986,2.508,8.343e-16,-,0
131,1,z:c2r,nat-oop,386,966,5.975,2.505,8.343e-16,-,1
132,1,z:c2r,nat-oop,70,90,33.116,1.281,6.222e-16,-,0
132,1,z:c2r,nat-oop,70,90,33.007,1.275,6.222e-16,-,1
133,1,z:c2r,nat-oop,167,413,14.013,2.469,5.683e-16,-,0
133,1,z:c2r,nat-oop,164,410,14.296,2.497,5.683e-16,-,1
134,1,z:c2r,nat-oop,196,763,12.078,3.894,8.594e-16,-,0
134,1,z:c2r,nat-oop,196,764,12.078,3.899,8.594e-16,-,1
135,1,z:c2r,nat-oop,138,143,17.317,1.035,7.191e-16,-,0
135,1,z:c2r,nat-oop,150,143,15.870,0.948,7.191e-16,-,1
136,1,z:c2r,nat-oop,79,164,30.654,2.080,7.590e-16,-,0
136,1,z:c2r,nat-oop,77,163,31.257,2.114,7.590e-16,-,1
137,1,z:c2r,nat-oop,433,973,5.617,2.248,8.428e-16,-,0
137,1,z:c2r,nat-oop,453,972,5.367,2.146,8.428e-16,-,1
138,1,z:c2r,nat-oop,109,220,22.403,2.010,6.731e-16,-,0
138,1,z:c2r,nat-oop,106,220,23.213,2.083,6.731e-16,-,1
139,1,z:c2r,nat-oop,535,974,4.627,1.822,1.092e-15,-,0
139,1,z:c2r,nat-oop,526,978,4.706,1.860,1.092e-15,-,1
140,1,z:c2r,nat-oop,68,103,36.552,1.509,4.569e-16,-,0
140,1,z:c2r,nat-oop,68,103,36.534,1.515,4.569e-16,-,1
141,1,z:c2r,nat-oop,321,1152,7.840,3.589,7.603e-16,-,0
141,1,z:c2r,nat-oop,315,1157,7.987,3.673,7.603e-16,-,1
142,1,z:c2r,nat-oop,195,867,13.031,4.452,6.976e-16,-,0
142,1,z:c2r,nat-oop,195,866,13.039,4.447,6.976e-16,-,1
143,1,z:c2r,nat-oop,160,198,16.035,1.242,1.008e-15,-,0
143,1,z:c2r,nat-oop,161,196,15.900,1.215,1.008e-15,-,1
144,1,z:c2r,nat-oop,67,102,38.563,1.516,5.880e-16,-,0
144,1,z:c2r,nat-oop,67,102,38.565,1.523,5.880e-16,-,1
145,1,z:c2r,nat-oop,262,681,9.945,2.601,6.771e-16,-,0
145,1,z:c2r,nat-oop,262,681,9.953,2.605,6.771e-16,-,1
146,1,z:c2r,nat-oop,189,931,13.853,4.912,1.686e-15,-,0
146,1,z:c2r,nat-oop,192,930,13.669,4.841,1.686e-15,-,1
147,1,z:c2r,nat-oop,170,155,15.521,0.908,5.027e-16,-,0
147,1,z:c2r,nat-oop,170,155,15.586,0.912,5.027e-16,-,1
148,1,z:c2r,nat-oop,200,323,13.330,1.616,7.689e-16,-,0
148,1,z:c2r,nat-oop,200,322,13.335,1.609,7.689e-16,-,1
149,1,z:c2r,nat-oop,640,991,4.199,1.548,9.618e-16,-,0
149,1,z:c2r,nat-oop,639,991,4.210,1.552,9.618e-16,-,1
150,1,z:c2r,nat-oop,81,104,33.584,1.290,5.304e-16,-,0
150,1,z:c2r,nat-oop,81,105,33.273,1.290,5.304e-16,-,1
151,1,z:c2r,nat-oop,431,992,6.338,2.302,1.143e-15,-,0
151,1,z:c2r,nat-oop,430,989,6.350,2.298,1.143e-15,-,1
152,1,z:c2r,nat-oop,98,194,28.190,1.985,5.876e-16,-,0
152,1,z:c2r,nat-oop,99,194,27.833,1.959,5.876e-16,-,1
153,1,z:c2r,nat-oop,185,428,14.974,2.311,8.202e-16,-,0
153,1,z:c2r,nat-oop,185,429,14.993,2.317,8.202e-16,-,1
154,1,z:c2r,nat-oop,88,104,31.932,1.187,8.008e-16,-,0
154,1,z:c2r,nat-oop,87,104,32.104,1.190,8.008e-16,-,1
155,1,z:c2r,nat-oop,265,789,10.633,2.975,8.232e-16,-,0
155,1,z:c2r,nat-oop,310,788,9.103,2.544,8.232e-16,-,1
156,1,z:c2r,nat-oop,84,110,33.735,1.305,1.032e-15,-,0
156,1,z:c2r,nat-oop,84,110,33.671,1.300,1.032e-15,-,1
157,1,z:c2r,nat-oop,512,1000,5.595,1.954,1.539e-15,-,0
157,1,z:c2r,nat-oop,472,1001,6.064,2.120,1.539e-15,-,1
158,1,z:c2r,nat-oop,285,1112,10.115,3.899,1.259e-15,-,0
158,1,z:c2r,nat-oop,242,1113,11.907,4.594,1.259e-15,-,1
159,1,z:c2r,nat-oop,1023,1528,2.843,1.494,5.506e-16,-,0
159,1,z:c2r,nat-oop,1020,1525,2.851,1.496,5.506e-16,-,1
160,1,z:c2r,nat-oop,70,101,41.759,1.438,4.457e-16,-,0
160,1,z:c2r,nat-oop,70,101,41.778,1.439,4.457e-16,-,1
161,1,z:c2r,nat-oop,238,602,12.395,2.528,4.729e-16,-,0
161,1,z:c2r,nat-oop,237,602,12.444,2.541,4.729e-16,-,1
162,1,z:c2r,nat-oop,86,121,34.505,1.407,9.120e-16,-,0
162,1,z:c2r,nat-oop,86,122,34.510,1.420,9.120e-16,-,1
163,1,z:c2r,nat-oop,512,1268,5.847,2.476,1.125e-15,-,0
163,1,z:c2r,nat-oop,512,1266,5.848,2.472,1.125e-15,-,1
164,1,z:c2r,nat-oop,182,401,16.532,2.199,8.729e-16,-,0
164,1,z:c2r,nat-oop,182,401,16.592,2.205,8.729e-16,-,1
165,1,z:c2r,nat-oop,178,188,17.070,1.058,5.427e-16,-,0
165,1,z:c2r,nat-oop,177,188,17.127,1.061,5.427e-16,-,1
166,1,z:c2r,nat-oop,481,1272,6.369,2.646,5.697e-16,-,0
166,1,z:c2r,nat-oop,481,1270,6.369,2.643,5.697e-16,-,1
167,1,z:c2r,nat-oop,1063,1271,2.901,1.197,8.264e-16,-,0
167,1,z:c2r,nat-oop,1078,1273,2.860,1.181,8.264e-16,-,1
168,1,z:c2r,nat-oop,84,120,36.975,1.430,5.504e-16,-,0
168,1,z:c2r,nat-oop,84,120,36.972,1.431,5.504e-16,-,1
169,1,z:c2r,nat-oop,196,269,15.971,1.375,7.971e-16,-,0
169,1,z:c2r,nat-oop,199,246,15.708,1.235,7.971e-16,-,1
170,1,z:c2r,nat-oop,108,218,29.046,2.011,7.826e-16,-,0
170,1,z:c2r,nat-oop,109,218,28.906,2.001,7.826e-16,-,1
171,1,z:c2r,nat-oop,212,533,14.938,2.512,1.030e-15,-,0
171,1,z:c2r,nat-oop,213,534,14.906,2.510,1.030e-15,-,1
172,1,z:c2r,nat-oop,192,439,16.634,2.286,2.131e-15,-,0
172,1,z:c2r,nat-oop,194,440,16.493,2.272,2.131e-15,-,1
173,1,z:c2r,nat-oop,1036,1283,3.102,1.238,6.293e-16,-,0
173,1,z:c2r,nat-oop,1033,1282,3.111,1.240,6.293e-16,-,1
174,1,z:c2r,nat-oop,209,361,15.486,1.728,6.941e-16,-,0
174,1,z:c2r,nat-oop,198,361,16.342,1.824,6.941e-16,-,1
175,1,z:c2r,nat-oop,195,194,16.754,0.995,5.061e-16,-,0
175,1,z:c2r,nat-oop,192,194,16.993,1.009,5.061e-16,-,1
176,1,z:c2r,nat-oop,86,121,38.236,1.408,5.456e-16,-,0
176,1,z:c2r,nat-oop,86,121,38.339,1.411,5.456e-16,-,1
177,1,z:c2r,nat-oop,1084,1947,3.048,1.796,4.919e-16,-,0
177,1,z:c2r,nat-oop,1077,1948,3.069,1.809,4.919e-16,-,1
178,1,z:c2r,nat-oop,249,1544,13.380,6.209,8.212e-16,-,0
178,1,z:c2r,nat-oop,243,1543,13.707,6.357,8.212e-16,-,1
179,1,z:c2r,nat-oop,1044,1283,3.208,1.229,7.060e-16,-,0
179,1,z:c2r,nat-oop,1041,1286,3.219,1.236,7.060e-16,-,1
180,1,z:c2r,nat-oop,84,128,39.956,1.520,7.414e-16,-,0
180,1,z:c2r,nat-oop,85,129,39.776,1.516,7.414e-16,-,1
181,1,z:c2r,nat-oop,559,1287,6.074,2.303,9.525e-16,-,0
181,1,z:c2r,nat-oop,559,1287,6.074,2.303,9.525e-16,-,1
182,1,z:c2r,nat-oop,106,124,32.297,1.168,8.571e-16,-,0
182,1,z:c2r,nat-oop,106,124,32.281,1.168,8.571e-16,-,1
183,1,z:c2r,nat-oop,1030,2104,3.337,2.042,6.352e-16,-,0
183,1,z:c2r,nat-oop,1036,2104,3.320,2.031,6.352e-16,-,1
184,1,z:c2r,nat-oop,119,270,29.157,2.273,6.675e-16,-,0
184,1,z:c2r,nat-oop,130,270,26.654,2.079,6.675e-16,-,1
185,1,z:c2r,nat-oop,306,1141,11.373,3.726,7.267e-16,-,0
185,1,z:c2r,nat-oop,306,1141,11.381,3.727,7.267e-16,-,1
186,1,z:c2r,nat-oop,216,408,16.250,1.892,7.229e-16,-,0
186,1,z:c2r,nat-oop,214,408,16.414,1.910,7.229e-16,-,1
187,1,z:c2r,nat-oop,286,568,12.354,1.990,1.005e-15,-,0
187,1,z:c2r,nat-oop,284,569,12.402,2.001,1.005e-15,-,1
188,1,z:c2r,nat-oop,219,545,16.230,2.493,1.422e-15,-,0
188,1,z:c2r,nat-oop,221,546,16.061,2.468,1.422e-15,-,1
189,1,z:c2r,nat-oop,218,202,16.394,0.927,7.246e-16,-,0
189,1,z:c2r,nat-oop,215,202,16.638,0.940,7.246e-16,-,1
190,1,z:c2r,nat-oop,123,263,29.233,2.136,7.545e-16,-,0
190,1,z:c2r,nat-oop,123,258,29.162,2.096,7.545e-16,-,1
191,1,z:c2r,nat-oop,654,1297,5.529,1.981,9.699e-16,-,0
191,1,z:c2r,nat-oop,646,1296,5.603,2.007,9.699e-16,-,1
192,1,z:c2r,nat-oop,85,131,42.687,1.540,4.826e-16,-,0
192,1,z:c2r,nat-oop,85,132,42.809,1.548,4.826e-16,-,1
193,1,z:c2r,nat-oop,509,1306,7.192,2.565,9.029e-16,-,0
193,1,z:c2r,nat-oop,520,1307,7.043,2.512,9.029e-16,-,1
194,1,z:c2r,nat-oop,247,708,14.927,2.867,1.343e-15,-,0
194,1,z:c2r,nat-oop,247,709,14.942,2.875,1.343e-15,-,1
195,1,z:c2r,nat-oop,228,238,16.300,1.044,9.224e-16,-,0
195,1,z:c2r,nat-oop,228,238,16.280,1.044,9.224e-16,-,1
196,1,z:c2r,nat-oop,156,163,23.849,1.039,6.304e-16,-,0
196,1,z:c2r,nat-oop,175,163,21.265,0.926,6.304e-16,-,1
197,1,z:c2r,nat-oop,623,1316,6.024,2.111,9.221e-16,-,0
197,1,z:c2r,nat-oop,628,1315,5.980,2.095,9.221e-16,-,1
198,1,z:c2r,nat-oop,111,148,34.129,1.341,6.871e-16,-,0
198,1,z:c2r,nat-oop,110,147,34.257,1.336,6.871e-16,-,1
199,1,z:c2r,nat-oop,797,1316,4.769,1.652,9.088e-16,-,0
199,1,z:c2r,nat-oop,682,1316,5.569,1.929,9.088e-16,-,1
200,1,z:c2r,nat-oop,91,141,42.193,1.559,5.953e-16,-,0
200,1,z:c2r,nat-oop,91,141,42.011,1.552,5.953e-16,-,1
201,1,z:c2r,nat-oop,1096,2588,3.508,2.361,5.819e-16,-,0
201,1,z:c2r,nat-oop,1123,2587,3.425,2.304,5.819e-16,-,1
202,1,z:c2r,nat-oop,265,623,14.614,2.355,9.843e-16,-,0
202,1,z:c2r,nat-oop,265,624,14.606,2.355,9.843e-16,-,1
203,1,z:c2r,nat-oop,436,958,8.924,2.197,7.115e-16,-,0
203,1,z:c2r,nat-oop,441,958,8.819,2.171,7.115e-16,-,1
204,1,z:c2r,nat-oop,122,241,32.116,1.982,9.104e-16,-,0
204,1,z:c2r,nat-oop,119,242,32.859,2.028,9.104e-16,-,1
205,1,z:c2r,nat-oop,753,1413,5.225,1.876,8.949e-16,-,0
205,1,z:c2r,nat-oop,834,1413,4.717,1.693,8.949e-16,-,1
206,1,z:c2r,nat-oop,332,625,11.923,1.882,1.722e-15,-,0
206,1,z:c2r,nat-oop,332,625,11.920,1.883,1.722e-15,-,1
207,1,z:c2r,nat-oop,276,780,14.429,2.825,9.584e-16,-,0
207,1,z:c2r,nat-oop,292,781,13.632,2.676,9.584e-16,-,1
208,1,z:c2r,nat-oop,105,141,38.087,1.345,8.089e-16,-,0
208,1,z:c2r,nat-oop,105,141,38.239,1.351,8.089e-16,-,1
209,1,z:c2r,nat-oop,289,710,13.935,2.457,9.847e-16,-,0
209,1,z:c2r,nat-oop,290,711,13.869,2.449,9.847e-16,-,1
210,1,z:c2r,nat-oop,113,149,35.696,1.309,6.962e-16,-,0
210,1,z:c2r,nat-oop,113,148,35.706,1.309,6.962e-16,-,1
211,1,z:c2r,nat-oop,743,1245,5.484,1.676,9.339e-16,-,0
211,1,z:c2r,nat-oop,778,1245,5.235,1.601,9.339e-16,-,1
212,1,z:c2r,nat-oop,475,707,8.619,1.487,6.277e-16,-,0
212,1,z:c2r,nat-oop,480,706,8.539,1.472,6.277e-16,-,1
213,1,z:c2r,nat-oop,1105,2950,3.727,2.670,5.747e-16,-,0
213,1,z:c2r,nat-oop,1101,2951,3.742,2.681,5.747e-16,-,1
214,1,z:c2r,nat-oop,483,632,8.583,1.310,8.686e-16,-,0
214,1,z:c2r,nat-oop,483,632,8.582,1.309,8.686e-16,-,1
215,1,z:c2r,nat-oop,432,1596,9.649,3.699,8.239e-16,-,0
215,1,z:c2r,nat-oop,432,1598,9.644,3.700,8.239e-16,-,1
216,1,z:c2r,nat-oop,111,161,37.690,1.446,8.275e-16,-,0
216,1,z:c2r,nat-oop,111,161,37.681,1.450,8.275e-16,-,1
217,1,z:c2r,nat-oop,420,1106,10.018,2.632,7.378e-16,-,0
217,1,z:c2r,nat-oop,428,1106,9.827,2.582,7.378e-16,-,1
218,1,z:c2r,nat-oop,300,636,14.094,2.116,1.505e-15,-,0
218,1,z:c2r,nat-oop,301,636,14.087,2.115,1.505e-15,-,1
219,1,z:c2r,nat-oop,1109,3119,3.840,2.813,7.961e-16,-,0
219,1,z:c2r,nat-oop,1123,3119,3.790,2.777,7.961e-16,-,1
220,1,z:c2r,nat-oop,107,170,39.911,1.585,5.411e-16,-,0
220,1,z:c2r,nat-oop,107,169,40.177,1.591,5.411e-16,-,1
221,1,z:c2r,nat-oop,289,698,14.898,2.418,8.012e-16,-,0
221,1,z:c2r,nat-oop,289,700,14.887,2.422,8.012e-16,-,1
222,1,z:c2r,nat-oop,476,603,9.092,1.268,7.619e-16,-,0
222,1,z:c2r,nat-oop,490,604,8.824,1.231,9.365e-16,-,1
223,1,z:c2r,nat-oop,1133,1260,3.838,1.111,6.704e-16,-,0
223,1,z:c2r,nat-oop,1094,1260,3.976,1.152,6.704e-16,-,1
224,1,z:c2r,nat-oop,108,139,40.514,1.287,5.875e-16,-,0
224,1,z:c2r,nat-oop,108,139,40.591,1.290,5.875e-16,-,1
225,1,z:c2r,nat-oop,250,252,17.560,1.006,8.045e-16,-,0
225,1,z:c2r,nat-oop,306,251,14.377,0.823,8.045e-16,-,1
226,1,z:c2r,nat-oop,305,640,14.463,2.097,8.665e-16,-,0
226,1,z:c2r,nat-oop,306,641,14.454,2.096,8.665e-16,-,1
227,1,z:c2r,nat-oop,1074,1265,4.136,1.178,7.734e-16,-,0
227,1,z:c2r,nat-oop,1082,1266,4.105,1.170,7.734e-16,-,1
228,1,z:c2r,nat-oop,153,288,29.145,1.878,9.402e-16,-,0
228,1,z:c2r,nat-oop,139,288,32.014,2.067,9.402e-16,-,1
229,1,z:c2r,nat-oop,815,1266,5.510,1.555,1.792e-15,-,0
229,1,z:c2r,nat-oop,798,1266,5.626,1.587,1.792e-15,-,1
230,1,z:c2r,nat-oop,160,378,28.193,2.361,8.613e-16,-,0
230,1,z:c2r,nat-oop,177,378,25.486,2.135,8.613e-16,-,1
231,1,z:c2r,nat-oop,269,272,16.858,1.010,7.734e-16,-,0
231,1,z:c2r,nat-oop,268,271,16.905,1.011,7.734e-16,-,1
232,1,z:c2r,nat-oop,222,407,20.567,1.836,6.835e-16,-,0
232,1,z:c2r,nat-oop,196,407,23.306,2.081,6.835e-16,-,1
233,1,z:c2r,nat-oop,1071,1273,4.276,1.188,1.002e-15,-,0
233,1,z:c2r,nat-oop,1065,1272,4.300,1.194,1.002e-15,-,1
234,1,z:c2r,nat-oop,134,178,34.461,1.329,9.650e-16,-,0
234,1,z:c2r,nat-oop,134,178,34.370,1.326,9.650e-16,-,1
235,1,z:c2r,nat-oop,455,1949,10.173,4.285,6.049e-16,-,0
235,1,z:c2r,nat-oop,455,1949,10.181,4.288,6.049e-16,-,1
236,1,z:c2r,nat-oop,488,886,9.533,1.817,7.742e-16,-,0
236,1,z:c2r,nat-oop,486,886,9.569,1.823,7.742e-16,-,1
237,1,z:c2r,nat-oop,1149,3719,4.068,3.237,7.131e-16,-,0
237,1,z:c2r,nat-oop,1137,3719,4.112,3.272,7.131e-16,-,1
238,1,z:c2r,nat-oop,175,313,26.832,1.787,9.911e-16,-,0
238,1,z:c2r,nat-oop,153,315,30.672,2.057,9.911e-16,-,1
239,1,z:c2r,nat-oop,1115,1275,4.234,1.143,7.757e-16,-,0
239,1,z:c2r,nat-oop,1115,1277,4.234,1.146,7.757e-16,-,1
240,1,z:c2r,nat-oop,112,170,42.416,1.523,6.549e-16,-,0
240,1,z:c2r,nat-oop,112,171,42.373,1.524,6.549e-16,-,1
241,1,z:c2r,nat-oop,729,1279,6.542,1.754,1.186e-15,-,0
241,1,z:c2r,nat-oop,731,1279,6.520,1.750,1.186e-15,-,1
242,1,z:c2r,nat-oop,137,172,34.927,1.254,6.294e-16,-,0
242,1,z:c2r,nat-oop,137,172,35.057,1.259,6.294e-16,-,1
243,1,z:c2r,nat-oop,274,291,17.592,1.065,7.356e-16,-,0
243,1,z:c2r,nat-oop,269,292,17.913,1.087,7.356e-16,-,1
244,1,z:c2r,nat-oop,488,962,9.914,1.971,7.584e-16,-,0
244,1,z:c2r,nat-oop,490,962,9.867,1.961,7.584e-16,-,1
245,1,z:c2r,nat-oop,279,279,17.414,1.000,9.549e-16,-,0
245,1,z:c2r,nat-oop,280,281,17.383,1.004,9.549e-16,-,1
246,1,z:c2r,nat-oop,492,770,9.928,1.564,8.189e-16,-,0
246,1,z:c2r,nat-oop,509,768,9.604,1.510,7.663e-16,-,1
247,1,z:c2r,nat-oop,362,861,13.543,2.377,7.501e-16,-,0
247,1,z:c2r,nat-oop,339,860,14.462,2.535,7.501e-16,-,1
248,1,z:c2r,nat-oop,242,456,20.380,1.884,7.727e-16,-,0
248,1,z:c2r,nat-oop,239,456,20.617,1.907,7.727e-16,-,1
249,1,z:c2r,nat-oop,1129,4140,4.391,3.669,7.271e-16,-,0
249,1,z:c2r,nat-oop,1207,4140,4.107,3.431,7.271e-16,-,1
250,1,z:c2r,nat-oop,144,177,34.554,1.228,6.481e-16,-,0
250,1,z:c2r,nat-oop,159,177,31.217,1.111,6.481e-16,-,1
251,1,z:c2r,nat-oop,785,1292,6.370,1.646,1.095e-15,-,0
251,1,z:c2r,nat-oop,789,1288,6.344,1.633,1.095e-15,-,1
252,1,z:c2r,nat-oop,131,184,38.464,1.410,7.826e-16,-,0
252,1,z:c2r,nat-oop,131,184,38.502,1.410,7.826e-16,-,1
253,1,z:c2r,nat-oop,652,1014,7.741,1.554,6.584e-16,-,0
253,1,z:c2r,nat-oop,419,1016,12.054,2.426,6.584e-16,-,1
254,1,z:c2r,nat-oop,448,659,11.323,1.472,1.898e-15,-,0
254,1,z:c2r,nat-oop,434,658,11.694,1.517,1.898e-15,-,1
255,1,z:c2r,nat-oop,326,780,15.643,2.395,1.016e-15,-,0
255,1,z:c2r,nat-oop,327,787,15.585,2.406,1.016e-15,-,1
256,1,z:c2r,nat-oop,110,128,46.497,1.158,5.598e-16,-,0
256,1,z:c2r,nat-oop,107,128,47.808,1.192,5.598e-16,-,1
257,1,z:c2r,nat-oop,728,2091,7.067,2.872,8.235e-16,-,0
257,1,z:c2r,nat-oop,746,2090,6.894,2.801,8.235e-16,-,1
258,1,z:c2r,nat-oop,282,848,18.303,3.004,8.525e-16,-,0
258,1,z:c2r,nat-oop,282,851,18.319,3.019,8.525e-16,-,1
259,1,z:c2r,nat-oop,747,1607,6.944,2.150,5.444e-16,-,0
259,1,z:c2r,nat-oop,749,1606,6.934,2.146,5.444e-16,-,1
260,1,z:c2r,nat-oop,132,205,39.499,1.550,9.980e-16,-,0
260,1,z:c2r,nat-oop,132,204,39.625,1.554,9.980e-16,-,1
261,1,z:c2r,nat-oop,464,1238,11.284,2.667,8.641e-16,-,0
261,1,z:c2r,nat-oop,586,1246,8.940,2.127,8.641e-16,-,1
262,1,z:c2r,nat-oop,393,1029,13.385,2.618,1.716e-15,-,0
262,1,z:c2r,nat-oop,393,1029,13.393,2.620,1.716e-15,-,1
263,1,z:c2r,nat-oop,2176,2103,2.429,0.966,1.150e-15,-,0
263,1,z:c2r,nat-oop,2162,2104,2.445,0.973,1.150e-15,-,1
264,1,z:c2r,nat-oop,130,196,40.812,1.505,7.358e-16,-,0
264,1,z:c2r,nat-oop,130,196,40.822,1.505,7.358e-16,-,1
265,1,z:c2r,nat-oop,2181,2564,2.445,1.176,5.764e-16,-,0
265,1,z:c2r,nat-oop,2213,2563,2.409,1.158,5.764e-16,-,1
266,1,z:c2r,nat-oop,193,373,27.734,1.933,5.782e-16,-,0
266,1,z:c2r,nat-oop,172,373,31.171,2.169,5.782e-16,-,1
267,1,z:c2r,nat-oop,2173,4796,2.476,2.207,7.180e-16,-,0
267,1,z:c2r,nat-oop,2196,4794,2.450,2.183,7.180e-16,-,1
268,1,z:c2r,nat-oop,997,1168,5.422,1.172,6.353e-16,-,0
268,1,z:c2r,nat-oop,985,1167,5.486,1.185,6.353e-16,-,1
269,1,z:c2r,nat-oop,2235,2115,2.428,0.946,7.159e-16,-,0
269,1,z:c2r,nat-oop,2232,2110,2.432,0.945,7.159e-16,-,1
270,1,z:c2r,nat-oop,147,202,37.191,1.381,9.778e-16,-,0
270,1,z:c2r,nat-oop,147,202,37.191,1.381,9.778e-16,-,1
271,1,z:c2r,nat-oop,894,2116,6.126,2.367,1.090e-15,-,0
271,1,z:c2r,nat-oop,896,2112,6.111,2.357,1.090e-15,-,1
272,1,z:c2r,nat-oop,153,326,36.014,2.137,9.160e-16,-,0
272,1,z:c2r,nat-oop,153,326,35.973,2.134,9.160e-16,-,1
273,1,z:c2r,nat-oop,324,345,17.024,1.063,6.739e-16,-,0
273,1,z:c2r,nat-oop,317,345,17.421,1.087,6.739e-16,-,1
274,1,z:c2r,nat-oop,443,1040,12.514,2.346,1.365e-15,-,0
274,1,z:c2r,nat-oop,444,1040,12.502,2.344,1.365e-15,-,1
275,1,z:c2r,nat-oop,306,341,18.229,1.117,6.267e-16,-,0
275,1,z:c2r,nat-oop,305,341,18.259,1.119,6.267e-16,-,1
276,1,z:c2r,nat-oop,220,405,25.378,1.835,7.380e-16,-,0
276,1,z:c2r,nat-oop,194,405,28.822,2.085,7.380e-16,-,1
277,1,z:c2r,nat-oop,1179,2125,4.767,1.802,1.155e-15,-,0
277,1,z:c2r,nat-oop,1078,2123,5.214,1.970,1.155e-15,-,1
278,1,z:c2r,nat-oop,541,1042,10.437,1.928,1.555e-15,-,0
278,1,z:c2r,nat-oop,511,1042,11.034,2.038,1.555e-15,-,1
279,1,z:c2r,nat-oop,470,1433,12.057,3.049,8.864e-16,-,0
279,1,z:c2r,nat-oop,547,1432,10.365,2.620,8.864e-16,-,1
280,1,z:c2r,nat-oop,152,199,37.533,1.315,6.054e-16,-,0
280,1,z:c2r,nat-oop,152,199,37.381,1.310,6.054e-16,-,1
281,1,z:c2r,nat-oop,1015,2126,5.628,2.094,8.843e-16,-,0
281,1,z:c2r,nat-oop,946,2126,6.041,2.247,8.843e-16,-,1
282,1,z:c2r,nat-oop,325,1039,17.635,3.192,1.115e-15,-,0
282,1,z:c2r,nat-oop,326,1038,17.622,3.188,1.115e-15,-,1
283,1,z:c2r,nat-oop,2276,2125,2.532,0.934,9.798e-16,-,0
283,1,z:c2r,nat-oop,2258,2128,2.552,0.943,9.798e-16,-,1
284,1,z:c2r,nat-oop,1048,1321,5.523,1.261,6.389e-16,-,0
284,1,z:c2r,nat-oop,1041,1332,5.561,1.280,6.389e-16,-,1
285,1,z:c2r,nat-oop,371,926,15.644,2.493,6.826e-16,-,0
285,1,z:c2r,nat-oop,366,926,15.854,2.526,6.826e-16,-,1
286,1,z:c2r,nat-oop,171,206,34.173,1.206,8.390e-16,-,0
286,1,z:c2r,nat-oop,170,206,34.412,1.215,8.390e-16,-,1
287,1,z:c2r,nat-oop,1228,1989,4.771,1.619,6.651e-16,-,0
287,1,z:c2r,nat-oop,1191,1989,4.920,1.670,6.651e-16,-,1
288,1,z:c2r,nat-oop,133,198,44.261,1.488,6.213e-16,-,0
288,1,z:c2r,nat-oop,133,198,44.134,1.487,6.213e-16,-,1
289,1,z:c2r,nat-oop,416,1183,14.204,2.846,1.329e-15,-,0
289,1,z:c2r,nat-oop,416,1178,14.205,2.834,1.329e-15,-,1
290,1,z:c2r,nat-oop,268,610,22.148,2.278,8.483e-16,-,0
290,1,z:c2r,nat-oop,380,605,15.603,1.593,8.483e-16,-,1
291,1,z:c2r,nat-oop,2211,2419,2.693,1.094,8.251e-16,-,0
291,1,z:c2r,nat-oop,2199,2421,2.708,1.101,8.251e-16,-,1
292,1,z:c2r,nat-oop,1048,1414,5.706,1.349,6.641e-16,-,0
292,1,z:c2r,nat-oop,1059,1416,5.645,1.337,6.641e-16,-,1
293,1,z:c2r,nat-oop,2246,2418,2.673,1.077,6.970e-16,-,0
293,1,z:c2r,nat-oop,2253,2420,2.665,1.074,6.970e-16,-,1
294,1,z:c2r,nat-oop,164,211,36.766,1.288,7.101e-16,-,0
294,1,z:c2r,nat-oop,162,211,37.255,1.306,7.101e-16,-,1
295,1,z:c2r,nat-oop,2254,3284,2.685,1.457,8.424e-16,-,0
295,1,z:c2r,nat-oop,2182,3287,2.773,1.506,8.424e-16,-,1
296,1,z:c2r,nat-oop,461,644,13.188,1.399,7.255e-16,-,0
296,1,z:c2r,nat-oop,297,645,20.487,2.176,7.255e-16,-,1
297,1,z:c2r,nat-oop,358,354,17.017,0.987,1.104e-15,-,0
297,1,z:c2r,nat-oop,355,354,17.173,0.996,1.104e-15,-,1
298,1,z:c2r,nat-oop,785,1060,7.801,1.351,1.174e-15,-,0
298,1,z:c2r,nat-oop,654,1060,9.365,1.621,1.174e-15,-,1
299,1,z:c2r,nat-oop,481,1222,12.779,2.540,1.026e-15,-,0
299,1,z:c2r,nat-oop,484,1226,12.711,2.534,1.026e-15,-,1
300,1,z:c2r,nat-oop,148,216,41.638,1.454,9.162e-16,-,0
300,1,z:c2r,nat-oop,153,216,40.395,1.411,9.162e-16,-,1
301,1,z:c2r,nat-oop,619,2230,10.003,3.600,8.323e-16,-,0
301,1,z:c2r,nat-oop,618,2228,10.032,3.607,8.323e-16,-,1
302,1,z:c2r,nat-oop,442,1069,14.063,2.418,1.251e-15,-,0
302,1,z:c2r,nat-oop,485,1061,12.832,2.189,1.251e-15,-,1
303,1,z:c2r,nat-oop,2199,2430,2.839,1.105,7.576e-16,-,0
303,1,z:c2r,nat-oop,2254,2432,2.771,1.079,7.576e-16,-,1
304,1,z:c2r,nat-oop,185,389,33.835,2.099,8.537e-16,-,0
304,1,z:c2r,nat-oop,174,389,36.034,2.238,8.537e-16,-,1
305,1,z:c2r,nat-oop,2205,3526,2.854,1.599,6.126e-16,-,0
305,1,z:c2r,nat-oop,2273,3525,2.769,1.551,6.126e-16,-,1
306,1,z:c2r,nat-oop,195,428,32.402,2.198,1.248e-15,-,0
306,1,z:c2r,nat-oop,198,426,31.825,2.147,1.248e-15,-,1
307,1,z:c2r,nat-oop,1328,2434,4.775,1.833,1.305e-15,-,0
307,1,z:c2r,nat-oop,1361,2440,4.658,1.792,1.305e-15,-,1
308,1,z:c2r,nat-oop,234,266,27.230,1.140,6.434e-16,-,0
308,1,z:c2r,nat-oop,232,267,27.419,1.149,6.434e-16,-,1
309,1,z:c2r,nat-oop,2267,2442,2.818,1.077,8.844e-16,-,0
309,1,z:c2r,nat-oop,2264,2441,2.823,1.078,8.844e-16,-,1
310,1,z:c2r,nat-oop,391,683,16.394,1.746,7.208e-16,-,0
310,1,z:c2r,nat-oop,374,683,17.154,1.827,7.208e-16,-,1
311,1,z:c2r,nat-oop,1401,2444,4.595,1.744,1.006e-15,-,0
311,1,z:c2r,nat-oop,1420,2439,4.533,1.717,1.006e-15,-,1
312,1,z:c2r,nat-oop,170,232,37.911,1.362,8.403e-16,-,0
312,1,z:c2r,nat-oop,171,232,37.847,1.361,8.403e-16,-,1
313,1,z:c2r,nat-oop,1166,2445,5.565,2.097,1.119e-15,-,0
313,1,z:c2r,nat-oop,1272,2440,5.102,1.919,1.119e-15,-,1
314,1,z:c2r,nat-oop,481,1071,13.532,2.227,1.448e-15,-,0
314,1,z:c2r,nat-oop,472,1076,13.786,2.279,1.448e-15,-,1
315,1,z:c2r,nat-oop,358,363,18.257,1.014,6.705e-16,-,0
315,1,z:c2r,nat-oop,361,363,18.106,1.005,6.705e-16,-,1
316,1,z:c2r,nat-oop,1045,1664,6.277,1.592,8.856e-16,-,0
316,1,z:c2r,nat-oop,1069,1664,6.135,1.556,8.856e-16,-,1
317,1,z:c2r,nat-oop,2354,2449,2.798,1.040,1.118e-15,-,0
317,1,z:c2r,nat-oop,2356,2448,2.795,1.039,1.118e-15,-,1
318,1,z:c2r,nat-oop,1282,1383,5.156,1.079,7.954e-16,-,0
318,1,z:c2r,nat-oop,1014,1385,6.518,1.366,7.954e-16,-,1
319,1,z:c2r,nat-oop,587,1597,11.299,2.720,6.538e-16,-,0
319,1,z:c2r,nat-oop,581,1596,11.423,2.748,6.538e-16,-,1
320,1,z:c2r,nat-oop,143,224,46.516,1.562,5.800e-16,-,0
320,1,z:c2r,nat-oop,142,223,46.978,1.577,5.800e-16,-,1
321,1,z:c2r,nat-oop,2207,2680,3.027,1.214,1.070e-15,-,0
321,1,z:c2r,nat-oop,2238,2685,2.986,1.200,1.070e-15,-,1
322,1,z:c2r,nat-oop,248,528,27.035,2.127,8.503e-16,-,0
322,1,z:c2r,nat-oop,249,527,26.925,2.118,8.503e-16,-,1
323,1,z:c2r,nat-oop,512,1422,13.146,2.778,1.039e-15,-,0
323,1,z:c2r,nat-oop,488,1421,13.805,2.915,1.039e-15,-,1
324,1,z:c2r,nat-oop,175,263,38.675,1.504,8.700e-16,-,0
324,1,z:c2r,nat-oop,174,250,38.735,1.434,8.700e-16,-,1
325,1,z:c2r,nat-oop,422,428,16.079,1.016,7.008e-16,-,0
325,1,z:c2r,nat-oop,464,429,14.622,0.924,7.008e-16,-,1
326,1,z:c2r,nat-oop,514,1345,13.225,2.615,1.636e-15,-,0
326,1,z:c2r,nat-oop,510,1345,13.335,2.636,1.636e-15,-,1
327,1,z:c2r,nat-oop,2271,2683,3.006,1.181,7.612e-16,-,0
327,1,z:c2r,nat-oop,2327,2679,2.934,1.151,7.612e-16,-,1
328,1,z:c2r,nat-oop,259,798,26.478,3.083,8.662e-16,-,0
328,1,z:c2r,nat-oop,259,797,26.479,3.080,8.662e-16,-,1
329,1,z:c2r,nat-oop,753,2726,9.137,3.621,7.699e-16,-,0
329,1,z:c2r,nat-oop,704,2726,9.774,3.873,7.699e-16,-,1
330,1,z:c2r,nat-oop,200,245,34.568,1.226,1.233e-15,-,0
330,1,z:c2r,nat-oop,188,247,36.774,1.315,1.233e-15,-,1
331,1,z:c2r,nat-oop,1242,2683,5.579,2.161,1.197e-15,-,0
331,1,z:c2r,nat-oop,1226,2695,5.650,2.198,1.197e-15,-,1
332,1,z:c2r,nat-oop,1017,1847,6.837,1.817,7.141e-16,-,0
332,1,z:c2r,nat-oop,1016,1848,6.842,1.819,7.141e-16,-,1
333,1,z:c2r,nat-oop,547,2083,12.762,3.810,9.919e-16,-,0
333,1,z:c2r,nat-oop,548,2078,12.739,3.796,9.919e-16,-,1
334,1,z:c2r,nat-oop,1040,1349,6.731,1.298,9.458e-16,-,0
334,1,z:c2r,nat-oop,1059,1351,6.613,1.276,9.458e-16,-,1
335,1,z:c2r,nat-oop,2385,4360,2.945,1.828,8.194e-16,-,0
335,1,z:c2r,nat-oop,2338,4359,3.005,1.864,8.194e-16,-,1
336,1,z:c2r,nat-oop,175,239,40.222,1.363,6.140e-16,-,0
336,1,z:c2r,nat-oop,176,239,40.137,1.359,6.140e-16,-,1
337,1,z:c2r,nat-oop,1174,2698,6.027,2.299,1.002e-15,-,0
337,1,z:c2r,nat-oop,1205,2697,5.870,2.238,1.002e-15,-,1
338,1,z:c2r,nat-oop,206,258,34.504,1.254,1.327e-15,-,0
338,1,z:c2r,nat-oop,207,259,34.353,1.253,1.327e-15,-,1
339,1,z:c2r,nat-oop,2518,2698,2.829,1.071,7.847e-16,-,0
339,1,z:c2r,nat-oop,2425,2692,2.938,1.110,7.847e-16,-,1
340,1,z:c2r,nat-oop,201,436,35.568,2.170,7.952e-16,-,0
340,1,z:c2r,nat-oop,204,437,35.081,2.142,7.952e-16,-,1
341,1,z:c2r,nat-oop,777,1833,9.227,2.358,6.839e-16,-,0
341,1,z:c2r,nat-oop,774,1832,9.272,2.368,6.839e-16,-,1
342,1,z:c2r,nat-oop,224,505,32.194,2.261,9.563e-16,-,0
342,1,z:c2r,nat-oop,231,508,31.150,2.198,9.563e-16,-,1
343,1,z:c2r,nat-oop,421,399,17.151,0.948,7.678e-16,-,0
343,1,z:c2r,nat-oop,419,408,17.226,0.973,7.678e-16,-,1
344,1,z:c2r,nat-oop,668,876,10.845,1.310,7.231e-16,-,0
344,1,z:c2r,nat-oop,400,876,18.129,2.191,7.231e-16,-,1
345,1,z:c2r,nat-oop,545,1344,13.348,2.467,9.040e-16,-,0
345,1,z:c2r,nat-oop,520,1343,13.990,2.584,9.040e-16,-,1
346,1,z:c2r,nat-oop,1063,1361,6.862,1.280,1.087e-15,-,0
346,1,z:c2r,nat-oop,1067,1363,6.839,1.277,1.087e-15,-,1
347,1,z:c2r,nat-oop,2244,2711,3.262,1.208,8.324e-16,-,0
347,1,z:c2r,nat-oop,2253,2712,3.249,1.204,8.324e-16,-,1
348,1,z:c2r,nat-oop,290,615,25.330,2.122,9.942e-16,-,0
348,1,z:c2r,nat-oop,417,615,17.612,1.474,9.942e-16,-,1
349,1,z:c2r,nat-oop,1581,2718,4.662,1.719,1.430e-15,-,0
349,1,z:c2r,nat-oop,2082,2711,3.541,1.302,1.430e-15,-,1
350,1,z:c2r,nat-oop,203,254,36.508,1.252,6.579e-16,-,0
350,1,z:c2r,nat-oop,204,253,36.278,1.243,6.579e-16,-,1
351,1,z:c2r,nat-oop,456,451,16.257,0.987,8.093e-16,-,0
351,1,z:c2r,nat-oop,460,448,16.133,0.974,8.093e-16,-,1
352,1,z:c2r,nat-oop,177,236,42.177,1.339,7.785e-16,-,0
352,1,z:c2r,nat-oop,178,236,41.781,1.327,7.785e-16,-,1
353,1,z:c2r,nat-oop,1140,2723,6.551,2.389,9.963e-16,-,0
353,1,z:c2r,nat-oop,1125,2713,6.642,2.413,9.963e-16,-,1
354,1,z:c2r,nat-oop,1127,1747,6.649,1.551,8.488e-16,-,0
354,1,z:c2r,nat-oop,1121,1747,6.688,1.559,8.488e-16,-,1
355,1,z:c2r,nat-oop,2256,4949,3.333,2.194,6.716e-16,-,0
355,1,z:c2r,nat-oop,2261,4953,3.326,2.191,6.716e-16,-,1
356,1,z:c2r,nat-oop,1025,2159,7.357,2.106,7.281e-16,-,0
356,1,z:c2r,nat-oop,1024,2161,7.368,2.111,7.281e-16,-,1
357,1,z:c2r,nat-oop,466,1045,16.239,2.243,8.333e-16,-,0
357,1,z:c2r,nat-oop,469,1046,16.134,2.229,8.333e-16,-,1
358,1,z:c2r,nat-oop,1381,1369,5.499,0.991,8.468e-16,-,0
358,1,z:c2r,nat-oop,1037,1369,7.326,1.321,8.468e-16,-,1
359,1,z:c2r,nat-oop,2274,2722,3.350,1.197,9.624e-16,-,0
359,1,z:c2r,nat-oop,2282,2722,3.338,1.193,9.624e-16,-,1
360,1,z:c2r,nat-oop,183,275,41.800,1.506,8.715e-16,-,0
360,1,z:c2r,nat-oop,183,276,41.736,1.505,8.715e-16,-,1
361,1,z:c2r,nat-oop,597,1663,12.844,2.785,9.174e-16,-,0
361,1,z:c2r,nat-oop,590,1641,12.986,2.779,9.174e-16,-,1
362,1,z:c2r,nat-oop,577,1373,13.328,2.380,1.241e-15,-,0
362,1,z:c2r,nat-oop,575,1374,13.370,2.388,1.241e-15,-,1
363,1,z:c2r,nat-oop,477,528,16.167,1.107,7.634e-16,-,0
363,1,z:c2r,nat-oop,466,535,16.572,1.149,7.634e-16,-,1
364,1,z:c2r,nat-oop,303,319,25.569,1.052,9.848e-16,-,0
364,1,z:c2r,nat-oop,286,319,27.058,1.114,9.848e-16,-,1
365,1,z:c2r,nat-oop,2273,5225,3.416,2.298,1.601e-15,-,0
365,1,z:c2r,nat-oop,2270,5227,3.421,2.302,1.601e-15,-,1
366,1,z:c2r,nat-oop,1028,1908,7.580,1.856,8.014e-16,-,0
366,1,z:c2r,nat-oop,1023,1907,7.618,1.864,8.014e-16,-,1
367,1,z:c2r,nat-oop,2339,2731,3.342,1.168,7.791e-16,-,0
367,1,z:c2r,nat-oop,2359,2726,3.313,1.155,7.791e-16,-,1
368,1,z:c2r,nat-oop,252,548,31.161,2.179,7.981e-16,-,0
368,1,z:c2r,nat-oop,231,548,33.955,2.371,7.981e-16,-,1
369,1,z:c2r,nat-oop,660,2576,11.915,3.902,1.211e-15,-,0
369,1,z:c2r,nat-oop,663,2576,11.874,3.888,1.211e-15,-,1
370,1,z:c2r,nat-oop,317,1028,24.881,3.241,8.501e-16,-,0
370,1,z:c2r,nat-oop,320,1020,24.661,3.187,8.501e-16,-,1
371,1,z:c2r,nat-oop,2353,3596,3.365,1.529,7.113e-16,-,0
371,1,z:c2r,nat-oop,2436,3603,3.249,1.479,7.113e-16,-,1
372,1,z:c2r,nat-oop,420,688,18.912,1.639,9.998e-16,-,0
372,1,z:c2r,nat-oop,434,689,18.301,1.587,9.998e-16,-,1
373,1,z:c2r,nat-oop,2274,2743,3.503,1.206,7.570e-16,-,0
373,1,z:c2r,nat-oop,2287,2749,3.483,1.202,7.570e-16,-,1
374,1,z:c2r,nat-oop,250,513,31.945,2.050,1.129e-15,-,0
374,1,z:c2r,nat-oop,253,513,31.625,2.030,1.129e-15,-,1
375,1,z:c2r,nat-oop,477,463,16.813,0.971,7.443e-16,-,0
375,1,z:c2r,nat-oop,446,469,17.976,1.051,7.443e-16,-,1
376,1,z:c2r,nat-oop,320,1091,25.146,3.411,7.380e-16,-,0
376,1,z:c2r,nat-oop,320,1090,25.155,3.409,7.380e-16,-,1
377,1,z:c2r,nat-oop,637,1919,12.668,3.013,1.009e-15,-,0
377,1,z:c2r,nat-oop,842,1915,9.577,2.273,1.009e-15,-,1
378,1,z:c2r,nat-oop,233,294,34.762,1.263,8.280e-16,-,0
378,1,z:c2r,nat-oop,229,294,35.328,1.285,8.280e-16,-,1
379,1,z:c2r,nat-oop,1843,2749,4.403,1.491,1.636e-15,-,0
379,1,z:c2r,nat-oop,1793,2746,4.526,1.531,1.636e-15,-,1
380,1,z:c2r,nat-oop,233,517,34.918,2.216,6.412e-16,-,0
380,1,z:c2r,nat-oop,233,517,34.893,2.215,6.412e-16,-,1
381,1,z:c2r,nat-oop,2307,2758,3.540,1.196,8.689e-16,-,0
381,1,z:c2r,nat-oop,2308,2752,3.539,1.192,8.689e-16,-,1
382,1,z:c2r,nat-oop,649,1388,12.621,2.139,1.241e-15,-,0
382,1,z:c2r,nat-oop,737,1389,11.118,1.886,1.241e-15,-,1
383,1,z:c2r,nat-oop,2405,2752,3.416,1.144,8.943e-16,-,0
383,1,z:c2r,nat-oop,2387,2752,3.442,1.153,8.943e-16,-,1
384,1,z:c2r,nat-oop,179,257,46.102,1.435,5.938e-16,-,0
384,1,z:c2r,nat-oop,179,257,46.147,1.438,5.938e-16,-,1
385,1,z:c2r,nat-oop,458,496,18.044,1.082,6.510e-16,-,0
385,1,z:c2r,nat-oop,469,494,17.612,1.052,6.510e-16,-,1
386,1,z:c2r,nat-oop,525,1403,15.785,2.670,1.161e-15,-,0
386,1,z:c2r,nat-oop,525,1407,15.785,2.678,1.161e-15,-,1
387,1,z:c2r,nat-oop,1697,2892,4.902,1.705,8.845e-16,-,0
387,1,z:c2r,nat-oop,1595,2887,5.216,1.811,8.845e-16,-,1
388,1,z:c2r,nat-oop,1040,2587,8.019,2.487,6.823e-16,-,0
388,1,z:c2r,nat-oop,1043,2588,7.997,2.482,6.823e-16,-,1
389,1,z:c2r,nat-oop,2323,3180,3.602,1.369,9.700e-16,-,0
389,1,z:c2r,nat-oop,2292,3182,3.650,1.388,9.700e-16,-,1
390,1,z:c2r,nat-oop,237,301,35.342,1.269,9.106e-16,-,0
390,1,z:c2r,nat-oop,238,299,35.289,1.257,9.106e-16,-,1
391,1,z:c2r,nat-oop,670,1965,12.565,2.934,1.162e-15,-,0
391,1,z:c2r,nat-oop,736,1965,11.430,2.669,1.162e-15,-,1
392,1,z:c2r,nat-oop,231,296,36.619,1.286,6.251e-16,-,0
392,1,z:c2r,nat-oop,226,296,37.282,1.309,6.251e-16,-,1
393,1,z:c2r,nat-oop,2403,3186,3.524,1.326,9.326e-16,-,0
393,1,z:c2r,nat-oop,2398,3189,3.532,1.330,9.326e-16,-,1
394,1,z:c2r,nat-oop,658,1413,12.912,2.148,1.008e-15,-,0
394,1,z:c2r,nat-oop,645,1411,13.169,2.189,1.008e-15,-,1
395,1,z:c2r,nat-oop,2296,6242,3.710,2.719,7.093e-16,-,0
395,1,z:c2r,nat-oop,2293,6240,3.715,2.721,7.093e-16,-,1
396,1,z:c2r,nat-oop,235,310,36.327,1.319,7.845e-16,-,0
396,1,z:c2r,nat-oop,232,310,36.765,1.335,7.845e-16,-,1
397,1,z:c2r,nat-oop,1613,3192,5.313,1.979,1.344e-15,-,0
397,1,z:c2r,nat-oop,1613,3196,5.311,1.981,1.344e-15,-,1
398,1,z:c2r,nat-oop,709,1413,12.126,1.994,1.192e-15,-,0
398,1,z:c2r,nat-oop,766,1413,11.219,1.844,1.192e-15,-,1
399,1,z:c2r,nat-oop,589,1304,14.626,2.213,8.901e-16,-,0
399,1,z:c2r,nat-oop,595,1303,14.479,2.189,8.901e-16,-,1
400,1,z:c2r,nat-oop,198,296,43.623,1.493,6.228e-16,-,0
400,1,z:c2r,nat-oop,193,296,44.746,1.531,6.228e-16,-,1
401,1,z:c2r,nat-oop,1623,2648,5.340,1.631,1.049e-15,-,0
401,1,z:c2r,nat-oop,1467,2647,5.911,1.805,1.049e-15,-,1
402,1,z:c2r,nat-oop,1098,2334,7.915,2.125,1.219e-15,-,0
402,1,z:c2r,nat-oop,1103,2333,7.880,2.115,1.219e-15,-,1
403,1,z:c2r,nat-oop,740,2199,11.783,2.972,8.118e-16,-,0
403,1,z:c2r,nat-oop,827,2200,10.538,2.659,8.118e-16,-,1
404,1,z:c2r,nat-oop,1036,2821,8.439,2.722,7.787e-16,-,0
404,1,z:c2r,nat-oop,1036,2820,8.441,2.723,7.787e-16,-,1
405,1,z:c2r,nat-oop,566,485,15.490,0.856,1.074e-15,-,0
405,1,z:c2r,nat-oop,511,484,17.159,0.948,1.074e-15,-,1
406,1,z:c2r,nat-oop,397,855,22.164,2.154,7.563e-16,-,0
406,1,z:c2r,nat-oop,395,856,22.258,2.165,7.563e-16,-,1
407,1,z:c2r,nat-oop,1571,2640,5.613,1.680,7.197e-16,-,0
407,1,z:c2r,nat-oop,1096,2638,8.045,2.406,7.197e-16,-,1
408,1,z:c2r,nat-oop,251,518,35.253,2.066,8.779e-16,-,0
408,1,z:c2r,nat-oop,251,518,35.251,2.065,8.779e-16,-,1
409,1,z:c2r,nat-oop,1786,2638,4.966,1.477,1.685e-15,-,0
409,1,z:c2r,nat-oop,1764,2636,5.030,1.495,1.685e-15,-,1
410,1,z:c2r,nat-oop,744,1313,11.950,1.764,8.857e-16,-,0
410,1,z:c2r,nat-oop,755,1304,11.787,1.728,8.857e-16,-,1
411,1,z:c2r,nat-oop,2879,2640,3.099,0.917,8.290e-16,-,0
411,1,z:c2r,nat-oop,2436,2633,3.662,1.081,8.290e-16,-,1
412,1,z:c2r,nat-oop,1076,2923,8.314,2.717,7.299e-16,-,0
412,1,z:c2r,nat-oop,1120,2921,7.986,2.608,7.299e-16,-,1
413,1,z:c2r,nat-oop,2366,4598,3.792,1.943,7.109e-16,-,0
413,1,z:c2r,nat-oop,2369,4595,3.787,1.940,7.109e-16,-,1
414,1,z:c2r,nat-oop,289,722,31.136,2.498,8.632e-16,-,0
414,1,z:c2r,nat-oop,306,721,29.365,2.352,8.632e-16,-,1
415,1,z:c2r,nat-oop,2574,6951,3.505,2.701,7.419e-16,-,0
415,1,z:c2r,nat-oop,2512,6953,3.592,2.768,7.419e-16,-,1
416,1,z:c2r,nat-oop,211,282,42.864,1.334,8.893e-16,-,0
416,1,z:c2r,nat-oop,211,282,42.906,1.337,8.893e-16,-,1
417,1,z:c2r,nat-oop,2462,2675,3.686,1.087,8.473e-16,-,0
417,1,z:c2r,nat-oop,2428,2673,3.737,1.101,8.473e-16,-,1
418,1,z:c2r,nat-oop,282,612,32.307,2.174,7.132e-16,-,0
418,1,z:c2r,nat-oop,281,611,32.406,2.178,7.132e-16,-,1
419,1,z:c2r,nat-oop,2334,2654,3.910,1.137,8.544e-16,-,0
419,1,z:c2r,nat-oop,2328,2651,3.919,1.139,8.544e-16,-,1
420,1,z:c2r,nat-oop,225,307,40.599,1.361,7.515e-16,-,0
420,1,z:c2r,nat-oop,224,307,40.840,1.369,7.515e-16,-,1
421,1,z:c2r,nat-oop,2058,2653,4.458,1.289,1.310e-15,-,0
421,1,z:c2r,nat-oop,2025,2664,4.530,1.315,1.310e-15,-,1
422,1,z:c2r,nat-oop,774,1356,11.884,1.751,1.412e-15,-,0
422,1,z:c2r,nat-oop,770,1354,11.944,1.757,1.412e-15,-,1
423,1,z:c2r,nat-oop,920,3526,10.026,3.831,9.760e-16,-,0
423,1,z:c2r,nat-oop,915,3526,10.084,3.854,9.760e-16,-,1
424,1,z:c2r,nat-oop,1115,1408,8.295,1.263,1.048e-15,-,0
424,1,z:c2r,nat-oop,1103,1408,8.387,1.276,1.048e-15,-,1
425,1,z:c2r,nat-oop,740,1278,12.533,1.727,8.620e-16,-,0
425,1,z:c2r,nat-oop,787,1278,11.782,1.623,8.620e-16,-,1
426,1,z:c2r,nat-oop,1103,2646,8.430,2.398,9.608e-16,-,0
426,1,z:c2r,nat-oop,1147,2645,8.109,2.306,9.608e-16,-,1
427,1,z:c2r,nat-oop,2326,4951,4.010,2.128,7.219e-16,-,0
427,1,z:c2r,nat-oop,2328,4948,4.008,2.126,7.219e-16,-,1
428,1,z:c2r,nat-oop,1131,3167,8.274,2.801,1.198e-15,-,0
428,1,z:c2r,nat-oop,1115,3167,8.387,2.840,1.198e-15,-,1
429,1,z:c2r,nat-oop,694,663,13.515,0.955,9.061e-16,-,0
429,1,z:c2r,nat-oop,680,680,13.798,1.001,9.061e-16,-,1
430,1,z:c2r,nat-oop,448,1445,20.976,3.224,9.721e-16,-,0
430,1,z:c2r,nat-oop,452,1440,20.818,3.189,9.721e-16,-,1
431,1,z:c2r,nat-oop,2310,2664,4.082,1.153,1.091e-15,-,0
431,1,z:c2r,nat-oop,2377,2674,3.967,1.125,1.091e-15,-,1
432,1,z:c2r,nat-oop,225,333,42.011,1.480,9.649e-16,-,0
432,1,z:c2r,nat-oop,229,333,41.252,1.452,9.649e-16,-,1
433,1,z:c2r,nat-oop,1639,2679,5.786,1.635,1.409e-15,-,0
433,1,z:c2r,nat-oop,1615,2696,5.870,1.669,1.409e-15,-,1
434,1,z:c2r,nat-oop,386,972,24.620,2.516,8.777e-16,-,0
434,1,z:c2r,nat-oop,434,969,21.922,2.235,8.777e-16,-,1
435,1,z:c2r,nat-oop,841,2124,11.329,2.525,8.891e-16,-,0
435,1,z:c2r,nat-oop,786,2120,12.127,2.697,8.891e-16,-,1
436,1,z:c2r,nat-oop,1065,3309,8.977,3.108,1.066e-15,-,0
436,1,z:c2r,nat-oop,1192,3335,8.017,2.797,1.066e-15,-,1
437,1,z:c2r,nat-oop,836,2248,11.467,2.690,8.149e-16,-,0
437,1,z:c2r,nat-oop,1252,2254,7.655,1.801,8.149e-16,-,1
438,1,z:c2r,nat-oop,1130,2841,8.506,2.515,1.094e-15,-,0
438,1,z:c2r,nat-oop,1122,2840,8.565,2.531,1.094e-15,-,1
439,1,z:c2r,nat-oop,2367,2692,4.070,1.137,9.434e-16,-,0
439,1,z:c2r,nat-oop,2342,2693,4.113,1.150,9.434e-16,-,1
440,1,z:c2r,nat-oop,241,338,40.010,1.401,7.370e-16,-,0
440,1,z:c2r,nat-oop,245,338,39.419,1.381,7.370e-16,-,1
441,1,z:c2r,nat-oop,601,529,16.103,0.879,8.103e-16,-,0
441,1,z:c2r,nat-oop,619,530,15.636,0.855,8.103e-16,-,1
442,1,z:c2r,nat-oop,298,626,32.541,2.099,9.984e-16,-,0
442,1,z:c2r,nat-oop,314,629,30.919,2.002,9.984e-16,-,1
443,1,z:c2r,nat-oop,2355,2700,4.135,1.147,8.022e-16,-,0
443,1,z:c2r,nat-oop,2372,2703,4.105,1.139,8.022e-16,-,1
444,1,z:c2r,nat-oop,758,975,12.886,1.288,9.210e-16,-,0
444,1,z:c2r,nat-oop,450,974,21.678,2.163,9.210e-16,-,1
445,1,z:c2r,nat-oop,2478,8046,3.949,3.247,7.974e-16,-,0
445,1,z:c2r,nat-oop,2476,8033,3.953,3.245,7.974e-16,-,1
446,1,z:c2r,nat-oop,1094,1380,8.973,1.262,1.245e-15,-,0
446,1,z:c2r,nat-oop,1120,1378,8.761,1.230,1.245e-15,-,1
447,1,z:c2r,nat-oop,2347,2700,4.192,1.150,8.404e-16,-,0
447,1,z:c2r,nat-oop,2342,2673,4.201,1.141,8.404e-16,-,1
448,1,z:c2r,nat-oop,234,329,42.230,1.407,4.772e-16,-,0
448,1,z:c2r,nat-oop,233,312,42.271,1.339,4.772e-16,-,1
449,1,z:c2r,nat-oop,1621,2713,6.102,1.674,1.079e-15,-,0
449,1,z:c2r,nat-oop,1606,2696,6.158,1.679,1.079e-15,-,1
450,1,z:c2r,nat-oop,259,354,38.285,1.368,8.475e-16,-,0
450,1,z:c2r,nat-oop,259,353,38.327,1.365,8.475e-16,-,1
451,1,z:c2r,nat-oop,851,3245,11.688,3.815,8.246e-16,-,0
451,1,z:c2r,nat-oop,823,3243,12.085,3.942,8.246e-16,-,1
452,1,z:c2r,nat-oop,1161,3577,8.581,3.080,8.479e-16,-,0
452,1,z:c2r,nat-oop,1245,3571,8.007,2.869,8.479e-16,-,1
453,1,z:c2r,nat-oop,2359,2762,4.237,1.171,1.156e-15,-,0
453,1,z:c2r,nat-oop,2370,2703,4.217,1.141,1.156e-15,-,1
454,1,z:c2r,nat-oop,1119,1384,8.957,1.238,1.403e-15,-,0
454,1,z:c2r,nat-oop,1079,1385,9.288,1.284,1.403e-15,-,1
455,1,z:c2r,nat-oop,663,623,15.146,0.940,1.098e-15,-,0
455,1,z:c2r,nat-oop,692,623,14.504,0.900,1.098e-15,-,1
456,1,z:c2r,nat-oop,477,614,21.128,1.289,7.324e-16,-,0
456,1,z:c2r,nat-oop,305,617,33.056,2.024,7.324e-16,-,1
457,1,z:c2r,nat-oop,2163,2707,4.667,1.252,1.327e-15,-,0
457,1,z:c2r,nat-oop,2122,2714,4.758,1.279,1.327e-15,-,1
458,1,z:c2r,nat-oop,838,1388,12.083,1.657,1.877e-15,-,0
458,1,z:c2r,nat-oop,857,1386,11.811,1.618,1.877e-15,-,1
459,1,z:c2r,nat-oop,716,1365,14.169,1.906,1.089e-15,-,0
459,1,z:c2r,nat-oop,709,1366,14.306,1.926,1.089e-15,-,1
460,1,z:c2r,nat-oop,332,724,30.680,2.183,8.327e-16,-,0
460,1,z:c2r,nat-oop,459,725,22.162,1.579,8.327e-16,-,1
461,1,z:c2r,nat-oop,2374,2721,4.296,1.146,9.640e-16,-,0
461,1,z:c2r,nat-oop,2382,2706,4.282,1.136,9.640e-16,-,1
462,1,z:c2r,nat-oop,284,358,35.962,1.259,7.895e-16,-,0
462,1,z:c2r,nat-oop,286,358,35.796,1.253,7.895e-16,-,1
463,1,z:c2r,nat-oop,1986,2752,5.161,1.385,1.562e-15,-,0
463,1,z:c2r,nat-oop,1982,2709,5.171,1.367,1.562e-15,-,1
464,1,z:c2r,nat-oop,416,829,24.714,1.995,7.236e-16,-,0
464,1,z:c2r,nat-oop,351,838,29.266,2.386,7.236e-16,-,1
465,1,z:c2r,nat-oop,955,2480,10.782,2.596,8.080e-16,-,0
465,1,z:c2r,nat-oop,943,2438,10.928,2.587,8.080e-16,-,1
466,1,z:c2r,nat-oop,1055,1390,9.788,1.318,1.128e-15,-,0
466,1,z:c2r,nat-oop,1053,1394,9.809,1.325,1.128e-15,-,1
467,1,z:c2r,nat-oop,2411,2711,4.295,1.125,9.513e-16,-,0
467,1,z:c2r,nat-oop,2421,2705,4.276,1.117,9.513e-16,-,1
468,1,z:c2r,nat-oop,281,373,36.869,1.324,1.327e-15,-,0
468,1,z:c2r,nat-oop,281,373,36.965,1.329,1.327e-15,-,1
469,1,z:c2r,nat-oop,2456,6108,4.236,2.487,7.225e-16,-,0
469,1,z:c2r,nat-oop,2476,6108,4.201,2.467,7.225e-16,-,1
470,1,z:c2r,nat-oop,468,1751,22.284,3.741,9.560e-16,-,0
470,1,z:c2r,nat-oop,468,1747,22.281,3.731,9.560e-16,-,1
471,1,z:c2r,nat-oop,2467,2731,4.238,1.107,9.771e-16,-,0
471,1,z:c2r,nat-oop,2352,2713,4.445,1.153,9.771e-16,-,1
472,1,z:c2r,nat-oop,1156,1760,9.068,1.523,9.504e-16,-,0
472,1,z:c2r,nat-oop,1151,1761,9.107,1.530,9.504e-16,-,1
473,1,z:c2r,nat-oop,1487,3633,7.066,2.443,8.849e-16,-,0
473,1,z:c2r,nat-oop,2072,3636,5.070,1.754,8.849e-16,-,1
474,1,z:c2r,nat-oop,1147,3389,9.184,2.955,9.077e-16,-,0
474,1,z:c2r,nat-oop,1139,3388,9.250,2.976,9.077e-16,-,1
475,1,z:c2r,nat-oop,680,1592,15.519,2.339,7.359e-16,-,0
475,1,z:c2r,nat-oop,685,1587,15.407,2.316,7.359e-16,-,1
476,1,z:c2r,nat-oop,412,661,25.717,1.606,1.500e-15,-,0
476,1,z:c2r,nat-oop,412,661,25.692,1.604,1.500e-15,-,1
477,1,z:c2r,nat-oop,2365,4669,4.487,1.974,9.631e-16,-,0
477,1,z:c2r,nat-oop,2383,4657,4.453,1.954,9.631e-16,-,1
478,1,z:c2r,nat-oop,1156,1399,9.199,1.210,9.731e-16,-,0
478,1,z:c2r,nat-oop,1131,1402,9.406,1.240,9.731e-16,-,1
479,1,z:c2r,nat-oop,2362,2712,4.515,1.148,1.018e-15,-,0
479,1,z:c2r,nat-oop,2359,2820,4.520,1.196,1.018e-15,-,1
480,1,z:c2r,nat-oop,241,349,44.328,1.449,6.314e-16,-,0
480,1,z:c2r,nat-oop,239,346,44.800,1.448,6.314e-16,-,1
481,1,z:c2r,nat-oop,1623,3155,6.603,1.944,8.969e-16,-,0
481,1,z:c2r,nat-oop,1409,3159,7.604,2.242,8.969e-16,-,1
482,1,z:c2r,nat-oop,746,1406,14.403,1.886,1.373e-15,-,0
482,1,z:c2r,nat-oop,742,1406,14.466,1.893,1.373e-15,-,1
483,1,z:c2r,nat-oop,735,1890,14.656,2.572,8.560e-16,-,0
483,1,z:c2r,nat-oop,732,1902,14.717,2.601,8.560e-16,-,1
484,1,z:c2r,nat-oop,390,460,27.639,1.177,2.015e-15,-,0
484,1,z:c2r,nat-oop,392,460,27.520,1.172,2.015e-15,-,1
485,1,z:c2r,nat-oop,2380,2744,4.546,1.153,1.069e-15,-,0
485,1,z:c2r,nat-oop,2390,2829,4.526,1.184,1.069e-15,-,1
486,1,z:c2r,nat-oop,293,399,37.030,1.362,1.141e-15,-,0
486,1,z:c2r,nat-oop,285,395,37.992,1.385,1.141e-15,-,1
487,1,z:c2r,nat-oop,2848,2742,3.817,0.963,1.014e-15,-,0
487,1,z:c2r,nat-oop,2497,2738,4.353,1.097,1.014e-15,-,1
488,1,z:c2r,nat-oop,1107,2098,9.839,1.894,1.144e-15,-,0
488,1,z:c2r,nat-oop,1132,1914,9.624,1.690,1.144e-15,-,1
489,1,z:c2r,nat-oop,2437,2733,4.482,1.122,1.106e-15,-,0
489,1,z:c2r,nat-oop,2947,2731,3.706,0.927,1.106e-15,-,1
490,1,z:c2r,nat-oop,295,394,37.140,1.337,7.925e-16,-,0
490,1,z:c2r,nat-oop,295,373,37.168,1.268,7.925e-16,-,1
491,1,z:c2r,nat-oop,2155,2749,5.093,1.276,9.044e-16,-,0
491,1,z:c2r,nat-oop,2052,2750,5.348,1.340,9.044e-16,-,1
492,1,z:c2r,nat-oop,540,1205,20.373,2.232,9.884e-16,-,0
492,1,z:c2r,nat-oop,540,1197,20.373,2.218,9.884e-16,-,1
493,1,z:c2r,nat-oop,1008,2996,10.938,2.973,9.124e-16,-,0
493,1,z:c2r,nat-oop,1234,2996,8.935,2.428,9.124e-16,-,1
494,1,z:c2r,nat-oop,345,765,32.046,2.218,1.051e-15,-,0
494,1,z:c2r,nat-oop,345,745,32.035,2.160,1.051e-15,-,1
495,1,z:c2r,nat-oop,703,651,15.746,0.926,8.991e-16,-,0
495,1,z:c2r,nat-oop,700,656,15.817,0.937,8.991e-16,-,1
496,1,z:c2r,nat-oop,514,930,21.604,1.810,8.389e-16,-,0
496,1,z:c2r,nat-oop,528,929,21.015,1.758,8.389e-16,-,1
497,1,z:c2r,nat-oop,2449,6952,4.544,2.839,6.090e-16,-,0
497,1,z:c2r,nat-oop,2668,6952,4.172,2.606,6.090e-16,-,1
498,1,z:c2r,nat-oop,1148,3873,9.718,3.375,1.003e-15,-,0
498,1,z:c2r,nat-oop,1142,3861,9.772,3.382,1.003e-15,-,1
499,1,z:c2r,nat-oop,2402,2752,4.656,1.146,9.807e-16,-,0
499,1,z:c2r,nat-oop,2432,2930,4.598,1.205,9.807e-16,-,1
500,1,z:c2r,nat-oop,254,404,44.077,1.588,6.629e-16,-,0
500,1,z:c2r,nat-oop,257,404,43.592,1.570,6.629e-16,-,1
501,1,z:c2r,nat-oop,2451,2775,4.583,1.132,9.355e-16,-,0
501,1,z:c2r,nat-oop,2423,2775,4.636,1.145,9.355e-16,-,1
502,1,z:c2r,nat-oop,803,1418,14.015,1.765,1.411e-15,-,0
502,1,z:c2r,nat-oop,799,1419,14.094,1.776,1.411e-15,-,1
503,1,z:c2r,nat-oop,2513,2749,4.491,1.094,9.987e-16,-,0
503,1,z:c2r,nat-oop,2394,2747,4.715,1.147,9.987e-16,-,1
504,1,z:c2r,nat-oop,278,385,40.748,1.385,9.483e-16,-,0
504,1,z:c2r,nat-oop,278,384,40.686,1.383,9.483e-16,-,1
505,1,z:c2r,nat-oop,2404,2779,4.716,1.156,8.966e-16,-,0
505,1,z:c2r,nat-oop,2395,2761,4.734,1.153,8.966e-16,-,1
506,1,z:c2r,nat-oop,435,904,26.145,2.079,9.009e-16,-,0
506,1,z:c2r,nat-oop,501,870,22.671,1.735,9.009e-16,-,1
507,1,z:c2r,nat-oop,927,899,12.285,0.970,1.370e-15,-,0
507,1,z:c2r,nat-oop,961,919,11.856,0.956,1.370e-15,-,1
508,1,z:c2r,nat-oop,1239,4587,9.210,3.701,9.877e-16,-,0
508,1,z:c2r,nat-oop,1211,4566,9.424,3.769,9.877e-16,-,1
509,1,z:c2r,nat-oop,2498,2772,4.581,1.110,1.015e-15,-,0
509,1,z:c2r,nat-oop,2478,2779,4.617,1.121,1.015e-15,-,1
510,1,z:c2r,nat-oop,343,732,33.461,2.135,1.016e-15,-,0
510,1,z:c2r,nat-oop,346,730,33.114,2.108,1.016e-15,-,1
511,1,z:c2r,nat-oop,2403,7352,4.783,3.059,6.633e-16,-,0
511,1,z:c2r,nat-oop,2420,7362,4.750,3.042,6.633e-16,-,1
512,1,z:c2r,nat-oop,235,260,49.047,1.109,5.559e-16,-,0
512,1,z:c2r,nat-oop,234,260,49.187,1.109,5.559e-16,-,1
513,1,z:c2r,nat-oop,754,1912,15.311,2.536,7.956e-16,-,0
513,1,z:c2r,nat-oop,752,1722,15.350,2.290,7.956e-16,-,1
514,1,z:c2r,nat-oop,924,2225,12.527,2.408,1.158e-15,-,0
514,1,z:c2r,nat-oop,727,2246,15.922,3.090,1.158e-15,-,1
515,1,z:c2r,nat-oop,4991,4641,2.324,0.930,9.693e-16,-,0
515,1,z:c2r,nat-oop,5796,4734,2.001,0.817,9.693e-16,-,1
516,1,z:c2r,nat-oop,435,1317,26.731,3.027,9.769e-16,-,0
516,1,z:c2r,nat-oop,435,1320,26.745,3.036,9.769e-16,-,1
517,1,z:c2r,nat-oop,1181,4439,9.862,3.757,9.867e-16,-,0
517,1,z:c2r,nat-oop,1177,4441,9.900,3.773,9.867e-16,-,1
518,1,z:c2r,nat-oop,751,1445,15.546,1.924,7.071e-16,-,0
518,1,z:c2r,nat-oop,868,1471,13.455,1.694,7.071e-16,-,1
519,1,z:c2r,nat-oop,4990,4622,2.345,0.926,7.927e-16,-,0
519,1,z:c2r,nat-oop,4981,4628,2.349,0.929,7.927e-16,-,1
520,1,z:c2r,nat-oop,293,403,39.979,1.373,9.044e-16,-,0
520,1,z:c2r,nat-oop,294,402,39.860,1.366,9.044e-16,-,1
521,1,z:c2r,nat-oop,2192,4670,5.364,2.131,1.260e-15,-,0
521,1,z:c2r,nat-oop,2178,4663,5.398,2.141,1.260e-15,-,1
522,1,z:c2r,nat-oop,513,1161,22.988,2.265,1.008e-15,-,0
522,1,z:c2r,nat-oop,499,1155,23.597,2.313,1.008e-15,-,1
523,1,z:c2r,nat-oop,3454,4629,3.419,1.340,1.408e-15,-,0
523,1,z:c2r,nat-oop,3488,4981,3.385,1.428,1.408e-15,-,1
524,1,z:c2r,nat-oop,2179,4857,5.430,2.229,7.003e-16,-,0
524,1,z:c2r,nat-oop,2200,4860,5.379,2.209,7.003e-16,-,1
525,1,z:c2r,nat-oop,687,690,17.274,1.005,8.176e-16,-,0
525,1,z:c2r,nat-oop,656,695,18.081,1.059,8.176e-16,-,1
526,1,z:c2r,nat-oop,2195,2278,5.414,1.038,9.120e-16,-,0
526,1,z:c2r,nat-oop,2289,2263,5.194,0.989,9.120e-16,-,1
527,1,z:c2r,nat-oop,1264,3380,9.426,2.675,1.010e-15,-,0
527,1,z:c2r,nat-oop,1757,3386,6.779,1.927,1.010e-15,-,1
528,1,z:c2r,nat-oop,296,412,40.342,1.391,6.326e-16,-,0
528,1,z:c2r,nat-oop,296,411,40.355,1.389,6.326e-16,-,1
529,1,z:c2r,nat-oop,1000,2922,11.962,2.921,1.152e-15,-,0
529,1,z:c2r,nat-oop,994,2923,12.034,2.940,1.152e-15,-,1
530,1,z:c2r,nat-oop,2289,2323,5.238,1.015,7.824e-16,-,0
530,1,z:c2r,nat-oop,2294,2322,5.228,1.012,7.824e-16,-,1
531,1,z:c2r,nat-oop,5009,5961,2.399,1.190,7.222e-16,-,0
531,1,z:c2r,nat-oop,5196,5966,2.313,1.148,7.222e-16,-,1
532,1,z:c2r,nat-oop,460,781,26.204,1.700,9.252e-16,-,0
532,1,z:c2r,nat-oop,459,782,26.263,1.705,9.252e-16,-,1
533,1,z:c2r,nat-oop,1575,3913,7.664,2.485,8.040e-16,-,0
533,1,z:c2r,nat-oop,1592,3900,7.583,2.450,8.040e-16,-,1
534,1,z:c2r,nat-oop,2166,4681,5.584,2.161,9.977e-16,-,0
534,1,z:c2r,nat-oop,2199,4674,5.500,2.126,9.977e-16,-,1
535,1,z:c2r,nat-oop,5286,4772,2.293,0.903,9.232e-16,-,0
535,1,z:c2r,nat-oop,4981,4646,2.434,0.933,9.232e-16,-,1
536,1,z:c2r,nat-oop,2426,2411,5.008,0.994,8.191e-16,-,0
536,1,z:c2r,nat-oop,2376,2328,5.114,0.980,8.191e-16,-,1
537,1,z:c2r,nat-oop,5224,4688,2.331,0.897,9.422e-16,-,0
537,1,z:c2r,nat-oop,5088,4707,2.393,0.925,9.422e-16,-,1
538,1,z:c2r,nat-oop,2418,2378,5.045,0.983,8.826e-16,-,0
538,1,z:c2r,nat-oop,2237,2252,5.454,1.007,8.826e-16,-,1
539,1,z:c2r,nat-oop,786,771,15.556,0.980,7.893e-16,-,0
539,1,z:c2r,nat-oop,793,821,15.414,1.034,7.893e-16,-,1
540,1,z:c2r,nat-oop,291,433,42.085,1.486,7.763e-16,-,0
540,1,z:c2r,nat-oop,298,433,41.141,1.454,7.763e-16,-,1
541,1,z:c2r,nat-oop,3072,4682,3.997,1.524,1.172e-15,-,0
541,1,z:c2r,nat-oop,3045,4680,4.033,1.537,1.172e-15,-,1
542,1,z:c2r,nat-oop,902,2259,13.641,2.504,1.618e-15,-,0
542,1,z:c2r,nat-oop,887,2242,13.868,2.526,1.618e-15,-,1
543,1,z:c2r,nat-oop,6445,4661,1.913,0.723,8.645e-16,-,0
543,1,z:c2r,nat-oop,6535,4719,1.887,0.722,8.645e-16,-,1
544,1,z:c2r,nat-oop,316,651,39.052,2.058,7.854e-16,-,0
544,1,z:c2r,nat-oop,325,652,38.019,2.004,7.854e-16,-,1
545,1,z:c2r,nat-oop,5259,4671,2.355,0.888,8.028e-16,-,0
545,1,z:c2r,nat-oop,5233,4674,2.367,0.893,8.028e-16,-,1
546,1,z:c2r,nat-oop,335,436,37.092,1.302,1.318e-15,-,0
546,1,z:c2r,nat-oop,335,439,37.013,1.309,1.318e-15,-,1
547,1,z:c2r,nat-oop,2430,4658,5.119,1.917,1.592e-15,-,0
547,1,z:c2r,nat-oop,2421,4654,5.137,1.922,1.592e-15,-,1
548,1,z:c2r,nat-oop,3334,5397,3.738,1.618,1.126e-15,-,0
548,1,z:c2r,nat-oop,2491,5368,5.003,2.154,1.126e-15,-,1
549,1,z:c2r,nat-oop,5021,6428,2.488,1.280,8.606e-16,-,0
549,1,z:c2r,nat-oop,5054,6409,2.471,1.268,8.606e-16,-,1
550,1,z:c2r,nat-oop,378,426,33.071,1.125,9.573e-16,-,0
550,1,z:c2r,nat-oop,321,427,39.017,1.331,9.573e-16,-,1
551,1,z:c2r,nat-oop,1196,3391,10.488,2.836,8.584e-16,-,0
551,1,z:c2r,nat-oop,1221,3409,10.270,2.791,8.584e-16,-,1
552,1,z:c2r,nat-oop,440,865,28.537,1.964,8.571e-16,-,0
552,1,z:c2r,nat-oop,404,859,31.090,2.126,8.571e-16,-,1
553,1,z:c2r,nat-oop,5027,8750,2.506,1.741,1.248e-15,-,0
553,1,z:c2r,nat-oop,5165,8752,2.439,1.694,1.248e-15,-,1
554,1,z:c2r,nat-oop,1141,2259,11.064,1.980,1.374e-15,-,0
554,1,z:c2r,nat-oop,1158,2294,10.905,1.982,1.374e-15,-,1
555,1,z:c2r,nat-oop,1926,3552,6.569,1.845,9.885e-16,-,0
555,1,z:c2r,nat-oop,1943,3550,6.511,1.827,9.885e-16,-,1
556,1,z:c2r,nat-oop,2432,5502,5.213,2.262,8.917e-16,-,0
556,1,z:c2r,nat-oop,2328,5495,5.444,2.360,8.917e-16,-,1
557,1,z:c2r,nat-oop,4971,4683,2.555,0.942,7.717e-16,-,0
557,1,z:c2r,nat-oop,5003,4681,2.539,0.936,7.717e-16,-,1
558,1,z:c2r,nat-oop,486,1291,26.210,2.659,8.892e-16,-,0
558,1,z:c2r,nat-oop,490,1297,25.950,2.645,8.892e-16,-,1
559,1,z:c2r,nat-oop,2334,4612,5.464,1.976,1.016e-15,-,0
559,1,z:c2r,nat-oop,2357,4378,5.412,1.858,1.016e-15,-,1
560,1,z:c2r,nat-oop,295,411,43.363,1.396,6.938e-16,-,0
560,1,z:c2r,nat-oop,285,410,44.844,1.440,6.938e-16,-,1
561,1,z:c2r,nat-oop,962,1832,13.320,1.905,1.707e-15,-,0
561,1,z:c2r,nat-oop,1004,1839,12.751,1.831,1.707e-15,-,1
562,1,z:c2r,nat-oop,985,2264,13.032,2.298,1.047e-15,-,0
562,1,z:c2r,nat-oop,1008,2271,12.730,2.252,1.047e-15,-,1
563,1,z:c2r,nat-oop,5058,4673,2.543,0.924,9.095e-16,-,0
563,1,z:c2r,nat-oop,5040,4735,2.552,0.940,9.095e-16,-,1
564,1,z:c2r,nat-oop,498,1634,25.876,3.281,9.440e-16,-,0
564,1,z:c2r,nat-oop,498,1631,25.863,3.274,9.440e-16,-,1
565,1,z:c2r,nat-oop,5015,4683,2.575,0.934,9.518e-16,-,0
565,1,z:c2r,nat-oop,5070,4691,2.547,0.925,9.518e-16,-,1
566,1,z:c2r,nat-oop,2310,2270,5.602,0.983,1.099e-15,-,0
566,1,z:c2r,nat-oop,2259,2277,5.727,1.008,1.099e-15,-,1
567,1,z:c2r,nat-oop,760,733,17.060,0.965,9.826e-16,-,0
567,1,z:c2r,nat-oop,696,733,18.643,1.054,9.826e-16,-,1
568,1,z:c2r,nat-oop,2535,2638,5.124,1.040,9.487e-16,-,0
568,1,z:c2r,nat-oop,2234,2639,5.816,1.181,9.487e-16,-,1
569,1,z:c2r,nat-oop,5041,4688,2.583,0.930,1.023e-15,-,0
569,1,z:c2r,nat-oop,5015,4685,2.596,0.934,1.023e-15,-,1
570,1,z:c2r,nat-oop,382,859,34.181,2.251,9.216e-16,-,0
570,1,z:c2r,nat-oop,433,859,30.156,1.985,9.216e-16,-,1
571,1,z:c2r,nat-oop,2748,4672,4.757,1.700,1.312e-15,-,0
571,1,z:c2r,nat-oop,2737,4688,4.776,1.713,1.312e-15,-,1
572,1,z:c2r,nat-oop,474,549,27.609,1.158,1.198e-15,-,0
572,1,z:c2r,nat-oop,484,549,27.053,1.135,1.198e-15,-,1
573,1,z:c2r,nat-oop,5080,4687,2.584,0.923,8.206e-16,-,0
573,1,z:c2r,nat-oop,5127,4695,2.560,0.916,8.206e-16,-,1
574,1,z:c2r,nat-oop,1256,1836,10.471,1.462,8.053e-16,-,0
574,1,z:c2r,nat-oop,1093,1836,12.031,1.680,8.053e-16,-,1
575,1,z:c2r,nat-oop,920,2317,14.317,2.518,7.264e-16,-,0
575,1,z:c2r,nat-oop,882,2317,14.944,2.627,7.264e-16,-,1
576,1,z:c2r,nat-oop,280,444,47.160,1.585,8.172e-16,-,0
576,1,z:c2r,nat-oop,285,442,46.285,1.551,8.172e-16,-,1
577,1,z:c2r,nat-oop,2094,4853,6.319,2.318,1.192e-15,-,0
577,1,z:c2r,nat-oop,2152,5146,6.149,2.391,1.192e-15,-,1
578,1,z:c2r,nat-oop,431,1261,30.772,2.928,1.468e-15,-,0
578,1,z:c2r,nat-oop,430,1292,30.863,3.009,1.468e-15,-,1
579,1,z:c2r,nat-oop,4985,5126,2.665,1.028,8.661e-16,-,0
579,1,z:c2r,nat-oop,5076,4832,2.617,0.952,8.661e-16,-,1
580,1,z:c2r,nat-oop,535,1097,24.862,2.050,8.422e-16,-,0
580,1,z:c2r,nat-oop,449,1097,29.616,2.441,8.422e-16,-,1
581,1,z:c2r,nat-oop,5076,9744,2.627,1.919,8.109e-16,-,0
581,1,z:c2r,nat-oop,4994,9744,2.671,1.951,8.109e-16,-,1
582,1,z:c2r,nat-oop,2279,2569,5.864,1.127,1.057e-15,-,0
582,1,z:c2r,nat-oop,2251,2594,5.936,1.152,1.057e-15,-,1
583,1,z:c2r,nat-oop,5501,5843,2.434,1.062,7.203e-16,-,0
583,1,z:c2r,nat-oop,5256,5845,2.548,1.112,7.203e-16,-,1
584,1,z:c2r,nat-oop,2254,2827,5.953,1.254,7.325e-16,-,0
584,1,z:c2r,nat-oop,2293,2827,5.852,1.233,7.325e-16,-,1
585,1,z:c2r,nat-oop,1035,843,12.986,0.814,1.086e-15,-,0
585,1,z:c2r,nat-oop,1032,842,13.022,0.815,1.086e-15,-,1
586,1,z:c2r,nat-oop,2251,2571,5.985,1.143,8.102e-16,-,0
586,1,z:c2r,nat-oop,2245,2574,6.001,1.147,8.102e-16,-,1
587,1,z:c2r,nat-oop,5129,4844,2.632,0.944,8.598e-16,-,0
587,1,z:c2r,nat-oop,5737,4849,2.352,0.845,8.598e-16,-,1
588,1,z:c2r,nat-oop,335,457,40.420,1.367,8.154e-16,-,0
588,1,z:c2r,nat-oop,404,458,33.473,1.133,8.154e-16,-,1
589,1,z:c2r,nat-oop,1988,3845,6.817,1.934,1.010e-15,-,0
589,1,z:c2r,nat-oop,1412,3845,9.595,2.723,1.010e-15,-,1
590,1,z:c2r,nat-oop,2282,2924,5.950,1.282,8.145e-16,-,0
590,1,z:c2r,nat-oop,2317,2925,5.859,1.262,8.145e-16,-,1
591,1,z:c2r,nat-oop,5187,4850,2.623,0.935,1.044e-15,-,0
591,1,z:c2r,nat-oop,5074,4849,2.681,0.956,1.044e-15,-,1
592,1,z:c2r,nat-oop,983,1309,13.870,1.332,6.661e-16,-,0
592,1,z:c2r,nat-oop,596,1332,22.868,2.234,6.661e-16,-,1
593,1,z:c2r,nat-oop,3790,4881,3.603,1.288,1.387e-15,-,0
593,1,z:c2r,nat-oop,3224,4877,4.235,1.513,1.387e-15,-,1
594,1,z:c2r,nat-oop,386,524,35.444,1.358,9.545e-16,-,0
594,1,z:c2r,nat-oop,361,494,37.869,1.368,9.545e-16,-,1
595,1,z:c2r,nat-oop,1082,1833,12.670,1.694,1.033e-15,-,0
595,1,z:c2r,nat-oop,1051,1834,13.040,1.744,1.033e-15,-,1
596,1,z:c2r,nat-oop,2256,6387,6.090,2.832,9.994e-16,-,0
596,1,z:c2r,nat-oop,2311,6389,5.945,2.765,9.994e-16,-,1
597,1,z:c2r,nat-oop,5117,4881,2.690,0.954,1.177e-15,-,0
597,1,z:c2r,nat-oop,5141,4872,2.677,0.948,1.177e-15,-,1
598,1,z:c2r,nat-oop,459,1050,30.043,2.288,1.079e-15,-,0
598,1,z:c2r,nat-oop,444,1051,31.039,2.366,1.079e-15,-,1
599,1,z:c2r,nat-oop,5129,4868,2.694,0.949,8.536e-16,-,0
599,1,z:c2r,nat-oop,5133,4858,2.692,0.946,8.536e-16,-,1
600,1,z:c2r,nat-oop,308,474,44.916,1.539,7.817e-16,-,0
600,1,z:c2r,nat-oop,409,474,33.843,1.158,7.817e-16,-,1
601,1,z:c2r,nat-oop,3325,4907,4.171,1.476,1.217e-15,-,0
601,1,z:c2r,nat-oop,3123,4882,4.442,1.564,1.217e-15,-,1
602,1,z:c2r,nat-oop,638,2023,21.766,3.169,9.891e-16,-,0
602,1,z:c2r,nat-oop,637,2035,21.826,3.196,9.891e-16,-,1
603,1,z:c2r,nat-oop,5124,7900,2.718,1.542,6.941e-16,-,0
603,1,z:c2r,nat-oop,4943,7909,2.817,1.600,6.941e-16,-,1
604,1,z:c2r,nat-oop,2197,2583,6.349,1.176,1.041e-15,-,0
604,1,z:c2r,nat-oop,2196,2606,6.352,1.187,1.041e-15,-,1
605,1,z:c2r,nat-oop,942,982,14.842,1.043,8.204e-16,-,0
605,1,z:c2r,nat-oop,932,979,15.003,1.051,8.204e-16,-,1
606,1,z:c2r,nat-oop,2256,2584,6.208,1.145,1.047e-15,-,0
606,1,z:c2r,nat-oop,2283,2584,6.134,1.132,1.047e-15,-,1
607,1,z:c2r,nat-oop,5125,4874,2.737,0.951,9.043e-16,-,0
607,1,z:c2r,nat-oop,5125,4871,2.738,0.950,9.043e-16,-,1
608,1,z:c2r,nat-oop,371,778,37.918,2.098,7.482e-16,-,0
608,1,z:c2r,nat-oop,362,778,38.837,2.149,7.482e-16,-,1
609,1,z:c2r,nat-oop,1067,3004,13.198,2.815,9.152e-16,-,0
609,1,z:c2r,nat-oop,1212,3001,11.624,2.477,9.152e-16,-,1
610,1,z:c2r,nat-oop,2290,3193,6.161,1.394,7.371e-16,-,0
610,1,z:c2r,nat-oop,2325,3209,6.070,1.380,7.371e-16,-,1
611,1,z:c2r,nat-oop,1437,5314,9.839,3.698,1.475e-15,-,0
611,1,z:c2r,nat-oop,1446,5316,9.775,3.676,1.475e-15,-,1
612,1,z:c2r,nat-oop,413,807,34.278,1.953,1.168e-15,-,0
612,1,z:c2r,nat-oop,416,807,34.052,1.939,1.168e-15,-,1
613,1,z:c2r,nat-oop,2944,4892,4.820,1.661,1.591e-15,-,0
613,1,z:c2r,nat-oop,2932,4893,4.839,1.669,1.591e-15,-,1
614,1,z:c2r,nat-oop,1312,2597,10.836,1.979,1.857e-15,-,0
614,1,z:c2r,nat-oop,1337,2588,10.632,1.936,1.857e-15,-,1
615,1,z:c2r,nat-oop,2600,4369,5.478,1.681,9.196e-16,-,0
615,1,z:c2r,nat-oop,2806,4360,5.076,1.554,9.196e-16,-,1
616,1,z:c2r,nat-oop,359,507,39.729,1.411,7.137e-16,-,0
616,1,z:c2r,nat-oop,357,507,40.021,1.420,7.137e-16,-,1
617,1,z:c2r,nat-oop,2592,4920,5.516,1.898,9.786e-16,-,0
617,1,z:c2r,nat-oop,2884,4939,4.958,1.712,9.786e-16,-,1
618,1,z:c2r,nat-oop,2255,2598,6.352,1.152,1.122e-15,-,0
618,1,z:c2r,nat-oop,2261,2603,6.337,1.152,1.122e-15,-,1
619,1,z:c2r,nat-oop,5111,4887,2.808,0.956,1.272e-15,-,0
619,1,z:c2r,nat-oop,5962,4887,2.407,0.820,1.272e-15,-,1
620,1,z:c2r,nat-oop,552,1245,26.025,2.254,9.129e-16,-,0
620,1,z:c2r,nat-oop,789,1236,18.224,1.567,9.129e-16,-,1
621,1,z:c2r,nat-oop,1225,2494,11.760,2.036,1.042e-15,-,0
621,1,z:c2r,nat-oop,1173,2482,12.279,2.116,1.042e-15,-,1
622,1,z:c2r,nat-oop,1716,2625,8.409,1.530,1.237e-15,-,0
622,1,z:c2r,nat-oop,1400,2600,10.312,1.858,1.237e-15,-,1
623,1,z:c2r,nat-oop,5075,11289,2.849,2.224,9.082e-16,-,0
623,1,z:c2r,nat-oop,5213,11287,2.774,2.165,9.082e-16,-,1
624,1,z:c2r,nat-oop,422,488,34.350,1.157,9.139e-16,-,0
624,1,z:c2r,nat-oop,420,488,34.454,1.160,9.139e-16,-,1
625,1,z:c2r,nat-oop,844,891,17.189,1.055,8.191e-16,-,0
625,1,z:c2r,nat-oop,813,891,17.854,1.096,8.191e-16,-,1
626,1,z:c2r,nat-oop,1170,2605,12.430,2.227,1.604e-15,-,0
626,1,z:c2r,nat-oop,1158,2639,12.559,2.280,1.604e-15,-,1
627,1,z:c2r,nat-oop,1226,2254,11.878,1.838,1.034e-15,-,0
627,1,z:c2r,nat-oop,1206,2252,12.080,1.868,1.034e-15,-,1
628,1,z:c2r,nat-oop,2213,2608,6.593,1.178,1.169e-15,-,0
628,1,z:c2r,nat-oop,2886,2874,5.056,0.996,1.169e-15,-,1
629,1,z:c2r,nat-oop,1279,4736,11.427,3.702,1.160e-15,-,0
629,1,z:c2r,nat-oop,1290,4808,11.334,3.727,1.160e-15,-,1
630,1,z:c2r,nat-oop,373,516,39.300,1.384,9.538e-16,-,0
630,1,z:c2r,nat-oop,390,508,37.559,1.302,9.538e-16,-,1
631,1,z:c2r,nat-oop,3109,4898,4.719,1.576,1.191e-15,-,0
631,1,z:c2r,nat-oop,3195,4946,4.593,1.548,1.191e-15,-,1
632,1,z:c2r,nat-oop,2288,3339,6.425,1.460,8.292e-16,-,0
632,1,z:c2r,nat-oop,2278,3333,6.454,1.463,8.292e-16,-,1
633,1,z:c2r,nat-oop,5284,4922,2.787,0.932,1.171e-15,-,0
633,1,z:c2r,nat-oop,5477,4924,2.689,0.899,1.171e-15,-,1
634,1,z:c2r,nat-oop,2366,2627,6.237,1.110,9.119e-16,-,0
634,1,z:c2r,nat-oop,2290,2617,6.441,1.142,9.119e-16,-,1
635,1,z:c2r,nat-oop,5129,4905,2.882,0.956,1.031e-15,-,0
635,1,z:c2r,nat-oop,5127,4905,2.883,0.957,1.031e-15,-,1
636,1,z:c2r,nat-oop,2289,2133,6.468,0.932,9.791e-16,-,0
636,1,z:c2r,nat-oop,2216,2135,6.681,0.963,9.791e-16,-,1
637,1,z:c2r,nat-oop,1072,955,13.834,0.890,1.206e-15,-,0
637,1,z:c2r,nat-oop,1068,955,13.894,0.894,1.206e-15,-,1
638,1,z:c2r,nat-oop,538,1386,27.618,2.575,9.950e-16,-,0
638,1,z:c2r,nat-oop,542,1382,27.436,2.551,9.950e-16,-,1
639,1,z:c2r,nat-oop,6549,8979,2.273,1.371,6.525e-16,-,0
639,1,z:c2r,nat-oop,5278,8991,2.821,1.703,6.525e-16,-,1
640,1,z:c2r,nat-oop,304,446,49.022,1.467,7.995e-16,-,0
640,1,z:c2r,nat-oop,304,446,49.100,1.468,7.995e-16,-,1
641,1,z:c2r,nat-oop,2095,6329,7.133,3.021,1.328e-15,-,0
641,1,z:c2r,nat-oop,2119,6316,7.052,2.981,1.328e-15,-,1
642,1,z:c2r,nat-oop,2215,2848,6.758,1.286,9.856e-16,-,0
642,1,z:c2r,nat-oop,2290,2852,6.536,1.245,9.856e-16,-,1
643,1,z:c2r,nat-oop,5157,6322,2.908,1.226,1.004e-15,-,0
643,1,z:c2r,nat-oop,5182,6295,2.894,1.215,1.004e-15,-,1
644,1,z:c2r,nat-oop,611,1085,24.583,1.776,1.204e-15,-,0
644,1,z:c2r,nat-oop,654,1175,22.978,1.798,1.204e-15,-,1
645,1,z:c2r,nat-oop,2817,4900,5.343,1.740,1.277e-15,-,0
645,1,z:c2r,nat-oop,2903,4907,5.184,1.690,1.277e-15,-,1
646,1,z:c2r,nat-oop,496,1461,30.410,2.946,1.209e-15,-,0
646,1,z:c2r,nat-oop,531,1465,28.384,2.759,1.209e-15,-,1
647,1,z:c2r,nat-oop,5276,6321,2.863,1.198,9.218e-16,-,0
647,1,z:c2r,nat-oop,5126,6311,2.946,1.231,9.218e-16,-,1
648,1,z:c2r,nat-oop,368,538,41.125,1.461,9.142e-16,-,0
648,1,z:c2r,nat-oop,360,538,42.080,1.495,9.142e-16,-,1
649,1,z:c2r,nat-oop,5151,7480,2.943,1.452,6.749e-16,-,0
649,1,z:c2r,nat-oop,5134,7421,2.953,1.446,6.749e-16,-,1
650,1,z:c2r,nat-oop,398,527,38.142,1.324,1.277e-15,-,0
650,1,z:c2r,nat-oop,397,533,38.289,1.343,1.277e-15,-,1
651,1,z:c2r,nat-oop,1213,3447,12.544,2.842,8.665e-16,-,0
651,1,z:c2r,nat-oop,1443,3462,10.545,2.400,8.665e-16,-,1
652,1,z:c2r,nat-oop,2399,2855,6.353,1.190,9.374e-16,-,0
652,1,z:c2r,nat-oop,2326,2953,6.551,1.270,9.374e-16,-,1
653,1,z:c2r,nat-oop,5090,6340,2.999,1.245,9.780e-16,-,0
653,1,z:c2r,nat-oop,6771,6333,2.255,0.935,9.780e-16,-,1
654,1,z:c2r,nat-oop,2279,2851,6.711,1.251,1.112e-15,-,0
654,1,z:c2r,nat-oop,2196,2853,6.965,1.299,1.112e-15,-,1
655,1,z:c2r,nat-oop,5148,6323,2.976,1.228,7.794e-16,-,0
655,1,z:c2r,nat-oop,5186,6315,2.954,1.218,7.794e-16,-,1
656,1,z:c2r,nat-oop,538,1632,28.542,3.036,8.828e-16,-,0
656,1,z:c2r,nat-oop,537,1634,28.575,3.042,8.828e-16,-,1
657,1,z:c2r,nat-oop,5138,9493,2.992,1.848,7.364e-16,-,0
657,1,z:c2r,nat-oop,5171,9481,2.973,1.834,7.364e-16,-,1
658,1,z:c2r,nat-oop,718,2465,21.436,3.431,1.063e-15,-,0
658,1,z:c2r,nat-oop,722,2475,21.342,3.430,1.063e-15,-,1
659,1,z:c2r,nat-oop,5108,6320,3.020,1.237,1.006e-15,-,0
659,1,z:c2r,nat-oop,6214,6319,2.483,1.017,1.006e-15,-,1
660,1,z:c2r,nat-oop,378,528,40.863,1.397,9.962e-16,-,0
660,1,z:c2r,nat-oop,385,529,40.113,1.373,9.962e-16,-,1
661,1,z:c2r,nat-oop,3230,6410,4.793,1.984,1.346e-15,-,0
661,1,z:c2r,nat-oop,3321,6380,4.662,1.921,1.346e-15,-,1
662,1,z:c2r,nat-oop,1212,2861,12.792,2.360,1.365e-15,-,0
662,1,z:c2r,nat-oop,1214,2861,12.776,2.357,1.365e-15,-,1
663,1,z:c2r,nat-oop,1324,2233,11.737,1.687,1.369e-15,-,0
663,1,z:c2r,nat-oop,1330,2237,11.684,1.682,1.369e-15,-,1
664,1,z:c2r,nat-oop,2304,3710,6.755,1.610,8.785e-16,-,0
664,1,z:c2r,nat-oop,2352,3713,6.616,1.579,8.785e-16,-,1
665,1,z:c2r,nat-oop,1163,2271,13.407,1.954,9.374e-16,-,0
665,1,z:c2r,nat-oop,1173,2268,13.287,1.933,9.374e-16,-,1
666,1,z:c2r,nat-oop,566,1897,27.576,3.350,9.800e-16,-,0
666,1,z:c2r,nat-oop,568,1895,27.479,3.334,9.800e-16,-,1
667,1,z:c2r,nat-oop,1845,4346,8.479,2.355,7.591e-16,-,0
667,1,z:c2r,nat-oop,1698,4357,9.214,2.566,7.591e-16,-,1
668,1,z:c2r,nat-oop,2231,2868,7.025,1.286,1.048e-15,-,0
668,1,z:c2r,nat-oop,2295,2869,6.828,1.250,1.048e-15,-,1
669,1,z:c2r,nat-oop,5170,6338,3.036,1.226,9.765e-16,-,0
669,1,z:c2r,nat-oop,5166,6346,3.039,1.228,9.765e-16,-,1
670,1,z:c2r,nat-oop,2802,3906,5.613,1.394,9.281e-16,-,0
670,1,z:c2r,nat-oop,2363,3902,6.656,1.652,9.281e-16,-,1
671,1,z:c2r,nat-oop,5203,7997,3.028,1.537,8.383e-16,-,0
671,1,z:c2r,nat-oop,5210,7992,3.023,1.534,8.383e-16,-,1
672,1,z:c2r,nat-oop,343,484,46.005,1.410,7.413e-16,-,0
672,1,z:c2r,nat-oop,349,479,45.207,1.373,7.413e-16,-,1
673,1,z:c2r,nat-oop,2727,6409,5.797,2.350,1.068e-15,-,0
673,1,z:c2r,nat-oop,2730,6438,5.789,2.358,1.068e-15,-,1
674,1,z:c2r,nat-oop,1184,3092,13.370,2.611,1.189e-15,-,0
674,1,z:c2r,nat-oop,1185,2875,13.367,2.427,1.189e-15,-,1
675,1,z:c2r,nat-oop,931,912,17.033,0.980,9.276e-16,-,0
675,1,z:c2r,nat-oop,938,920,16.909,0.981,9.276e-16,-,1
676,1,z:c2r,nat-oop,581,684,27.333,1.176,1.559e-15,-,0
676,1,z:c2r,nat-oop,573,684,27.732,1.194,1.559e-15,-,1
677,1,z:c2r,nat-oop,3292,6359,4.835,1.932,1.451e-15,-,0
677,1,z:c2r,nat-oop,3273,6359,4.862,1.943,1.451e-15,-,1
678,1,z:c2r,nat-oop,2332,2872,6.837,1.232,1.054e-15,-,0
678,1,z:c2r,nat-oop,2382,2872,6.692,1.206,1.054e-15,-,1
679,1,z:c2r,nat-oop,5046,8065,3.165,1.598,1.008e-15,-,0
679,1,z:c2r,nat-oop,5151,6339,3.100,1.231,1.008e-15,-,1
680,1,z:c2r,nat-oop,423,886,37.771,2.091,1.011e-15,-,0
680,1,z:c2r,nat-oop,432,885,37.030,2.049,1.011e-15,-,1
681,1,z:c2r,nat-oop,5173,6362,3.097,1.230,8.784e-16,-,0
681,1,z:c2r,nat-oop,5178,6358,3.095,1.228,8.784e-16,-,1
682,1,z:c2r,nat-oop,807,1557,19.888,1.930,1.162e-15,-,0
682,1,z:c2r,nat-oop,797,1557,20.149,1.955,1.162e-15,-,1
683,1,z:c2r,nat-oop,5137,6340,3.130,1.234,7.717e-16,-,0
683,1,z:c2r,nat-oop,5146,6354,3.125,1.235,7.717e-16,-,1
684,1,z:c2r,nat-oop,461,949,34.942,2.059,9.911e-16,-,0
684,1,z:c2r,nat-oop,460,950,34.982,2.064,9.911e-16,-,1
685,1,z:c2r,nat-oop,5192,6372,3.107,1.227,9.122e-16,-,0
685,1,z:c2r,nat-oop,5122,6359,3.150,1.242,9.122e-16,-,1
686,1,z:c2r,nat-oop,436,527,37.102,1.210,7.964e-16,-,0
686,1,z:c2r,nat-oop,441,544,36.603,1.233,7.964e-16,-,1
687,1,z:c2r,nat-oop,5189,6370,3.119,1.228,1.010e-15,-,0
687,1,z:c2r,nat-oop,5119,6353,3.162,1.241,1.010e-15,-,1
688,1,z:c2r,nat-oop,790,1791,20.518,2.266,9.301e-16,-,0
688,1,z:c2r,nat-oop,1159,1789,13.984,1.543,9.301e-16,-,1
689,1,z:c2r,nat-oop,5231,6975,3.105,1.334,7.710e-16,-,0
689,1,z:c2r,nat-oop,5238,6957,3.100,1.328,7.710e-16,-,1
690,1,z:c2r,nat-oop,497,1234,32.764,2.486,9.592e-16,-,0
690,1,z:c2r,nat-oop,546,1231,29.794,2.255,9.592e-16,-,1
691,1,z:c2r,nat-oop,5035,6346,3.236,1.260,1.296e-15,-,0
691,1,z:c2r,nat-oop,3948,6345,4.127,1.607,1.296e-15,-,1
692,1,z:c2r,nat-oop,2363,2972,6.909,1.258,1.187e-15,-,0
692,1,z:c2r,nat-oop,2351,2885,6.943,1.227,1.187e-15,-,1
693,1,z:c2r,nat-oop,1132,1011,14.442,0.893,1.176e-15,-,0
693,1,z:c2r,nat-oop,1125,966,14.531,0.859,1.176e-15,-,1
694,1,z:c2r,nat-oop,3078,3306,5.321,1.074,1.074e-15,-,0
694,1,z:c2r,nat-oop,2311,2888,7.086,1.250,1.074e-15,-,1
695,1,z:c2r,nat-oop,5247,6357,3.126,1.212,9.930e-16,-,0
695,1,z:c2r,nat-oop,5269,6351,3.113,1.205,9.930e-16,-,1
696,1,z:c2r,nat-oop,587,1300,27.986,2.214,1.082e-15,-,0
696,1,z:c2r,nat-oop,759,1301,21.646,1.713,1.082e-15,-,1
697,1,z:c2r,nat-oop,2224,5724,7.402,2.574,1.161e-15,-,0
697,1,z:c2r,nat-oop,2205,5729,7.465,2.599,1.161e-15,-,1
698,1,z:c2r,nat-oop,1596,2899,10.327,1.816,1.778e-15,-,0
698,1,z:c2r,nat-oop,1815,2897,9.081,1.596,1.778e-15,-,1
699,1,z:c2r,nat-oop,5230,6380,3.157,1.220,1.140e-15,-,0
699,1,z:c2r,nat-oop,5219,6365,3.164,1.220,1.140e-15,-,1
700,1,z:c2r,nat-oop,365,568,45.257,1.555,1.045e-15,-,0
700,1,z:c2r,nat-oop,372,569,44.500,1.530,1.045e-15,-,1
701,1,z:c2r,nat-oop,3879,6493,4.271,1.674,1.269e-15,-,0
701,1,z:c2r,nat-oop,4469,6375,3.707,1.427,1.269e-15,-,1
702,1,z:c2r,nat-oop,445,600,37.320,1.348,1.236e-15,-,0
702,1,z:c2r,nat-oop,443,602,37.428,1.358,1.236e-15,-,1
703,1,z:c2r,nat-oop,2046,5376,8.124,2.628,8.187e-16,-,0
703,1,z:c2r,nat-oop,2051,5373,8.104,2.619,8.187e-16,-,1
704,1,z:c2r,nat-oop,367,542,45.420,1.479,7.104e-16,-,0
704,1,z:c2r,nat-oop,366,542,45.448,1.480,7.104e-16,-,1
705,1,z:c2r,nat-oop,2393,5974,6.970,2.497,1.010e-15,-,0
705,1,z:c2r,nat-oop,2420,5976,6.892,2.470,1.010e-15,-,1
706,1,z:c2r,nat-oop,1115,2905,14.984,2.606,1.160e-15,-,0
706,1,z:c2r,nat-oop,1139,2993,14.663,2.628,1.160e-15,-,1
707,1,z:c2r,nat-oop,5497,6504,3.043,1.183,8.305e-16,-,0
707,1,z:c2r,nat-oop,5629,6399,2.972,1.137,8.305e-16,-,1
708,1,z:c2r,nat-oop,2545,2672,6.584,1.050,1.196e-15,-,0
708,1,z:c2r,nat-oop,2542,2674,6.591,1.052,1.196e-15,-,1
709,1,z:c2r,nat-oop,5381,6406,3.119,1.190,8.189e-16,-,0
709,1,z:c2r,nat-oop,5364,6392,3.129,1.192,8.189e-16,-,1
710,1,z:c2r,nat-oop,2284,4428,7.360,1.938,8.945e-16,-,0
710,1,z:c2r,nat-oop,2241,4462,7.502,1.991,8.945e-16,-,1
711,1,z:c2r,nat-oop,5232,11304,3.219,2.161,1.132e-15,-,0
711,1,z:c2r,nat-oop,5224,11301,3.224,2.163,1.132e-15,-,1
712,1,z:c2r,nat-oop,2765,4337,6.101,1.569,8.086e-16,-,0
712,1,z:c2r,nat-oop,2381,4336,7.084,1.821,8.086e-16,-,1
713,1,z:c2r,nat-oop,1956,4922,8.638,2.516,1.027e-15,-,0
713,1,z:c2r,nat-oop,2002,4943,8.440,2.469,1.027e-15,-,1
714,1,z:c2r,nat-oop,488,1045,34.647,2.139,1.099e-15,-,0
714,1,z:c2r,nat-oop,505,1174,33.482,2.322,1.099e-15,-,1
715,1,z:c2r,nat-oop,1217,1228,13.932,1.010,1.071e-15,-,0
715,1,z:c2r,nat-oop,1219,1227,13.902,1.007,1.071e-15,-,1
716,1,z:c2r,nat-oop,2243,2912,7.569,1.299,1.172e-15,-,0
716,1,z:c2r,nat-oop,2291,2921,7.411,1.275,1.172e-15,-,1
717,1,z:c2r,nat-oop,5285,6792,3.217,1.285,8.461e-16,-,0
717,1,z:c2r,nat-oop,5411,6437,3.142,1.190,8.461e-16,-,1
718,1,z:c2r,nat-oop,2249,2905,7.571,1.291,1.152e-15,-,0
718,1,z:c2r,nat-oop,2282,2905,7.462,1.273,1.152e-15,-,1
719,1,z:c2r,nat-oop,5217,6388,3.270,1.225,9.574e-16,-,0
719,1,z:c2r,nat-oop,5137,6387,3.321,1.243,9.574e-16,-,1
720,1,z:c2r,nat-oop,386,575,44.284,1.490,8.098e-16,-,0
720,1,z:c2r,nat-oop,374,575,45.682,1.537,8.098e-16,-,1
721,1,z:c2r,nat-oop,5161,6389,3.316,1.238,1.135e-15,-,0
721,1,z:c2r,nat-oop,6628,6390,2.582,0.964,1.135e-15,-,1
722,1,z:c2r,nat-oop,625,1677,27.423,2.683,1.054e-15,-,0
722,1,z:c2r,nat-oop,573,1677,29.927,2.928,1.054e-15,-,1
723,1,z:c2r,nat-oop,5217,6380,3.291,1.223,9.502e-16,-,0
723,1,z:c2r,nat-oop,5222,6387,3.287,1.223,9.502e-16,-,1
724,1,z:c2r,nat-oop,2250,2912,7.641,1.294,9.889e-16,-,0
724,1,z:c2r,nat-oop,2260,2912,7.607,1.288,9.889e-16,-,1
725,1,z:c2r,nat-oop,1920,3636,8.969,1.894,9.551e-16,-,0
725,1,z:c2r,nat-oop,1563,3637,11.016,2.326,9.551e-16,-,1
726,1,z:c2r,nat-oop,477,679,36.181,1.424,1.125e-15,-,0
726,1,z:c2r,nat-oop,474,603,36.389,1.272,1.125e-15,-,1
727,1,z:c2r,nat-oop,3418,6402,5.055,1.873,1.659e-15,-,0
727,1,z:c2r,nat-oop,3432,6408,5.034,1.867,1.659e-15,-,1
728,1,z:c2r,nat-oop,435,604,39.824,1.389,9.287e-16,-,0
728,1,z:c2r,nat-oop,496,604,34.885,1.218,9.287e-16,-,1
729,1,z:c2r,nat-oop,1155,1040,15.004,0.901,1.024e-15,-,0
729,1,z:c2r,nat-oop,1238,1044,13.996,0.843,1.024e-15,-,1
730,1,z:c2r,nat-oop,2258,4741,7.687,2.099,9.349e-16,-,0
730,1,z:c2r,nat-oop,2285,4744,7.596,2.076,9.349e-16,-,1
731,1,z:c2r,nat-oop,2479,6360,7.012,2.565,9.654e-16,-,0
731,1,z:c2r,nat-oop,2450,6367,7.096,2.599,9.654e-16,-,1
732,1,z:c2r,nat-oop,2427,3445,7.176,1.419,8.497e-16,-,0
732,1,z:c2r,nat-oop,2381,2898,7.314,1.217,8.497e-16,-,1
733,1,z:c2r,nat-oop,5222,6449,3.340,1.235,1.058e-15,-,0
733,1,z:c2r,nat-oop,5448,6859,3.202,1.259,1.058e-15,-,1
734,1,z:c2r,nat-oop,2314,2918,7.549,1.261,1.049e-15,-,0
734,1,z:c2r,nat-oop,2414,2916,7.236,1.208,1.049e-15,-,1
735,1,z:c2r,nat-oop,1341,1000,13.043,0.746,8.869e-16,-,0
735,1,z:c2r,nat-oop,1362,1055,12.844,0.775,8.869e-16,-,1
736,1,z:c2r,nat-oop,486,1105,36.035,2.273,7.773e-16,-,0
736,1,z:c2r,nat-oop,563,1108,31.147,1.969,7.773e-16,-,1
737,1,z:c2r,nat-oop,5810,9836,3.021,1.693,8.981e-16,-,0
737,1,z:c2r,nat-oop,5106,9818,3.437,1.923,8.981e-16,-,1
738,1,z:c2r,nat-oop,681,2661,25.805,3.907,1.116e-15,-,0
738,1,z:c2r,nat-oop,689,2412,25.531,3.504,1.116e-15,-,1
739,1,z:c2r,nat-oop,5300,6444,3.322,1.216,1.092e-15,-,0
739,1,z:c2r,nat-oop,5220,6414,3.373,1.229,1.092e-15,-,1
740,1,z:c2r,nat-oop,757,1718,23.306,2.271,7.518e-16,-,0
740,1,z:c2r,nat-oop,760,1717,23.208,2.260,7.518e-16,-,1
741,1,z:c2r,nat-oop,1581,2737,11.173,1.732,9.902e-16,-,0
741,1,z:c2r,nat-oop,1576,2736,11.209,1.737,9.902e-16,-,1
742,1,z:c2r,nat-oop,2310,3283,7.658,1.421,9.307e-16,-,0
742,1,z:c2r,nat-oop,2334,3283,7.580,1.407,9.307e-16,-,1
743,1,z:c2r,nat-oop,5278,6416,3.356,1.216,1.036e-15,-,0
743,1,z:c2r,nat-oop,5275,6449,3.358,1.223,1.036e-15,-,1
744,1,z:c2r,nat-oop,792,1456,22.391,1.837,8.838e-16,-,0
744,1,z:c2r,nat-oop,640,1453,27.703,2.268,8.838e-16,-,1
745,1,z:c2r,nat-oop,5183,6432,3.429,1.241,1.033e-15,-,0
745,1,z:c2r,nat-oop,5268,6426,3.373,1.220,1.033e-15,-,1
746,1,z:c2r,nat-oop,2271,2939,7.836,1.294,1.088e-15,-,0
746,1,z:c2r,nat-oop,2265,2934,7.856,1.295,1.088e-15,-,1
747,1,z:c2r,nat-oop,5448,12575,3.272,2.308,7.235e-16,-,0
747,1,z:c2r,nat-oop,5319,12581,3.351,2.366,7.235e-16,-,1
748,1,z:c2r,nat-oop,655,1105,27.269,1.688,2.006e-15,-,0
748,1,z:c2r,nat-oop,653,1105,27.345,1.693,2.006e-15,-,1
749,1,z:c2r,nat-oop,5264,6439,3.397,1.223,1.233e-15,-,0
749,1,z:c2r,nat-oop,5286,6447,3.383,1.220,1.233e-15,-,1
750,1,z:c2r,nat-oop,442,601,40.553,1.362,8.278e-16,-,0
750,1,z:c2r,nat-oop,440,601,40.723,1.368,8.278e-16,-,1
751,1,z:c2r,nat-oop,5323,6441,3.369,1.210,9.903e-16,-,0
751,1,z:c2r,nat-oop,5483,6425,3.271,1.172,9.903e-16,-,1
752,1,z:c2r,nat-oop,668,2208,26.903,3.307,7.971e-16,-,0
752,1,z:c2r,nat-oop,668,2217,26.887,3.319,7.971e-16,-,1
753,1,z:c2r,nat-oop,5251,6485,3.426,1.235,8.310e-16,-,0
753,1,z:c2r,nat-oop,5221,6479,3.446,1.241,8.310e-16,-,1
754,1,z:c2r,nat-oop,720,1697,25.011,2.356,1.170e-15,-,0
754,1,z:c2r,nat-oop,728,1696,24.745,2.329,1.170e-15,-,1
755,1,z:c2r,nat-oop,5184,6427,3.481,1.240,1.039e-15,-,0
755,1,z:c2r,nat-oop,5915,6430,3.051,1.087,1.039e-15,-,1
756,1,z:c2r,nat-oop,445,607,40.648,1.364,9.811e-16,-,0
756,1,z:c2r,nat-oop,449,607,40.211,1.351,9.811e-16,-,1
757,1,z:c2r,nat-oop,4517,6455,4.007,1.429,1.837e-15,-,0
757,1,z:c2r,nat-oop,4932,6447,3.670,1.307,1.837e-15,-,1
758,1,z:c2r,nat-oop,1858,2947,9.754,1.586,1.883e-15,-,0
758,1,z:c2r,nat-oop,1805,2943,10.040,1.630,1.883e-15,-,1
759,1,z:c2r,nat-oop,1698,3214,10.694,1.893,1.511e-15,-,0
759,1,z:c2r,nat-oop,2003,3202,9.063,1.598,1.511e-15,-,1
760,1,z:c2r,nat-oop,568,1048,32.025,1.846,8.730e-16,-,0
760,1,z:c2r,nat-oop,559,1048,32.513,1.874,8.730e-16,-,1
761,1,z:c2r,nat-oop,3783,6455,4.813,1.706,1.241e-15,-,0
761,1,z:c2r,nat-oop,3709,6818,4.910,1.838,1.241e-15,-,1
762,1,z:c2r,nat-oop,2399,3050,7.601,1.271,1.018e-15,-,0
762,1,z:c2r,nat-oop,2502,2951,7.290,1.180,1.018e-15,-,1
763,1,z:c2r,nat-oop,5131,6431,3.560,1.253,1.038e-15,-,0
763,1,z:c2r,nat-oop,5125,6449,3.564,1.258,1.038e-15,-,1
764,1,z:c2r,nat-oop,2373,2959,7.707,1.247,1.039e-15,-,0
764,1,z:c2r,nat-oop,2357,3148,7.760,1.336,1.039e-15,-,1
765,1,z:c2r,nat-oop,1482,2408,12.359,1.624,9.844e-16,-,0
765,1,z:c2r,nat-oop,1399,2401,13.091,1.716,9.844e-16,-,1
766,1,z:c2r,nat-oop,2389,2962,7.679,1.240,1.122e-15,-,0
766,1,z:c2r,nat-oop,2426,2975,7.563,1.226,1.122e-15,-,1
767,1,z:c2r,nat-oop,5271,8868,3.486,1.682,8.871e-16,-,0
767,1,z:c2r,nat-oop,5166,8872,3.557,1.717,8.871e-16,-,1
768,1,z:c2r,nat-oop,366,586,50.298,1.601,6.328e-16,-,0
768,1,z:c2r,nat-oop,366,586,50.258,1.599,6.328e-16,-,1
769,1,z:c2r,nat-oop,2551,6427,7.226,2.520,1.207e-15,-,0
769,1,z:c2r,nat-oop,2647,6548,6.963,2.474,1.207e-15,-,1
770,1,z:c2r,nat-oop,480,653,38.490,1.362,8.241e-16,-,0
770,1,z:c2r,nat-oop,487,617,37.873,1.266,8.241e-16,-,1
771,1,z:c2r,nat-oop,6102,6486,3.030,1.063,1.222e-15,-,0
771,1,z:c2r,nat-oop,5248,6397,3.523,1.219,1.222e-15,-,1
772,1,z:c2r,nat-oop,2521,3377,7.343,1.340,1.338e-15,-,0
772,1,z:c2r,nat-oop,2386,3373,7.760,1.414,1.338e-15,-,1
773,1,z:c2r,nat-oop,5184,6428,3.577,1.240,8.372e-16,-,0
773,1,z:c2r,nat-oop,6201,6491,2.990,1.047,8.372e-16,-,1
774,1,z:c2r,nat-oop,1739,2714,10.677,1.561,9.623e-16,-,0
774,1,z:c2r,nat-oop,1692,2674,10.975,1.580,9.623e-16,-,1
775,1,z:c2r,nat-oop,2004,4180,9.279,2.086,8.949e-16,-,0
775,1,z:c2r,nat-oop,2629,4188,7.075,1.593,8.949e-16,-,1
776,1,z:c2r,nat-oop,2335,5207,7.977,2.230,8.916e-16,-,0
776,1,z:c2r,nat-oop,2331,5206,7.990,2.233,8.916e-16,-,1
777,1,z:c2r,nat-oop,3361,5025,5.549,1.495,9.344e-16,-,0
777,1,z:c2r,nat-oop,2972,5018,6.277,1.689,9.344e-16,-,1
778,1,z:c2r,nat-oop,2353,3383,7.940,1.438,1.266e-15,-,0
778,1,z:c2r,nat-oop,2344,3447,7.970,1.471,1.266e-15,-,1
779,1,z:c2r,nat-oop,3868,6498,4.836,1.680,9.322e-16,-,0
779,1,z:c2r,nat-oop,3476,6515,5.381,1.874,9.322e-16,-,1
780,1,z:c2r,nat-oop,474,634,39.516,1.337,1.102e-15,-,0
780,1,z:c2r,nat-oop,473,634,39.643,1.341,1.102e-15,-,1
781,1,z:c2r,nat-oop,5178,11153,3.623,2.154,7.701e-16,-,0
781,1,z:c2r,nat-oop,6663,11147,2.816,1.673,7.701e-16,-,1
782,1,z:c2r,nat-oop,853,1972,22.023,2.311,1.074e-15,-,0
782,1,z:c2r,nat-oop,692,1971,27.172,2.850,1.074e-15,-,1
783,1,z:c2r,nat-oop,2036,3921,9.242,1.926,9.873e-16,-,0
783,1,z:c2r,nat-oop,1904,3911,9.885,2.054,9.873e-16,-,1
784,1,z:c2r,nat-oop,431,584,43.699,1.354,7.713e-16,-,0
784,1,z:c2r,nat-oop,452,584,41.713,1.292,7.713e-16,-,1
785,1,z:c2r,nat-oop,5542,6449,3.405,1.164,9.206e-16,-,0
785,1,z:c2r,nat-oop,5417,6470,3.484,1.194,9.206e-16,-,1
786,1,z:c2r,nat-oop,2343,3396,8.067,1.450,1.153e-15,-,0
786,1,z:c2r,nat-oop,3266,3896,5.787,1.193,1.153e-15,-,1
787,1,z:c2r,nat-oop,5421,6429,3.492,1.186,1.064e-15,-,0
787,1,z:c2r,nat-oop,5514,6453,3.432,1.170,1.064e-15,-,1
788,1,z:c2r,nat-oop,2328,3392,8.144,1.457,1.202e-15,-,0
788,1,z:c2r,nat-oop,2330,3394,8.137,1.457,1.202e-15,-,1
789,1,z:c2r,nat-oop,5276,6448,3.598,1.222,1.253e-15,-,0
789,1,z:c2r,nat-oop,5778,6486,3.286,1.123,1.253e-15,-,1
790,1,z:c2r,nat-oop,2310,5664,8.229,2.452,8.727e-16,-,0
790,1,z:c2r,nat-oop,2293,5666,8.292,2.472,8.727e-16,-,1
791,1,z:c2r,nat-oop,5286,6432,3.602,1.217,1.106e-15,-,0
791,1,z:c2r,nat-oop,5416,6434,3.515,1.188,1.106e-15,-,1
792,1,z:c2r,nat-oop,520,664,36.687,1.277,8.660e-16,-,0
792,1,z:c2r,nat-oop,509,663,37.483,1.304,8.660e-16,-,1
793,1,z:c2r,nat-oop,5315,9535,3.592,1.794,8.264e-16,-,0
793,1,z:c2r,nat-oop,5164,9507,3.698,1.841,8.264e-16,-,1
794,1,z:c2r,nat-oop,1587,3397,12.046,2.140,1.609e-15,-,0
794,1,z:c2r,nat-oop,1646,3402,11.617,2.067,1.609e-15,-,1
795,1,z:c2r,nat-oop,5209,7873,3.676,1.511,1.001e-15,-,0
795,1,z:c2r,nat-oop,5218,7862,3.670,1.507,1.001e-15,-,1
796,1,z:c2r,nat-oop,2353,3403,8.151,1.446,1.143e-15,-,0
796,1,z:c2r,nat-oop,2276,3399,8.427,1.494,1.143e-15,-,1
797,1,z:c2r,nat-oop,5295,6465,3.627,1.221,1.156e-15,-,0
797,1,z:c2r,nat-oop,6063,6473,3.167,1.068,1.156e-15,-,1
798,1,z:c2r,nat-oop,606,1225,31.753,2.023,9.148e-16,-,0
798,1,z:c2r,nat-oop,583,1233,32.979,2.115,9.148e-16,-,1
799,1,z:c2r,nat-oop,3747,7691,5.140,2.053,1.193e-15,-,0
799,1,z:c2r,nat-oop,3088,7682,6.237,2.488,1.193e-15,-,1
800,1,z:c2r,nat-oop,421,594,45.832,1.411,8.518e-16,-,0
800,1,z:c2r,nat-oop,428,622,45.051,1.452,8.518e-16,-,1
801,1,z:c2r,nat-oop,5408,14570,3.571,2.694,1.599e-15,-,0
801,1,z:c2r,nat-oop,5470,14557,3.531,2.661,1.599e-15,-,1
802,1,z:c2r,nat-oop,1459,2869,13.260,1.967,1.180e-15,-,0
802,1,z:c2r,nat-oop,1449,2873,13.347,1.982,1.180e-15,-,1
803,1,z:c2r,nat-oop,5231,11770,3.703,2.250,8.353e-16,-,0
803,1,z:c2r,nat-oop,6399,11769,3.027,1.839,8.353e-16,-,1
804,1,z:c2r,nat-oop,3004,3524,6.458,1.173,9.462e-16,-,0
804,1,z:c2r,nat-oop,2428,3521,7.988,1.450,9.462e-16,-,1
805,1,z:c2r,nat-oop,1684,3269,11.538,1.942,9.280e-16,-,0
805,1,z:c2r,nat-oop,1593,3268,12.198,2.052,9.280e-16,-,1
806,1,z:c2r,nat-oop,725,1933,26.849,2.668,1.159e-15,-,0
806,1,z:c2r,nat-oop,726,1883,26.781,2.592,1.159e-15,-,1
807,1,z:c2r,nat-oop,5518,5943,3.530,1.077,8.825e-16,-,0
807,1,z:c2r,nat-oop,5673,6018,3.434,1.061,8.825e-16,-,1
808,1,z:c2r,nat-oop,2442,5669,7.988,2.321,9.840e-16,-,0
808,1,z:c2r,nat-oop,2417,5663,8.073,2.343,9.840e-16,-,1
809,1,z:c2r,nat-oop,5279,5946,3.701,1.126,8.976e-16,-,0
809,1,z:c2r,nat-oop,5294,5963,3.691,1.126,8.976e-16,-,1
810,1,z:c2r,nat-oop,543,840,36.053,1.548,1.061e-15,-,0
810,1,z:c2r,nat-oop,509,685,38.442,1.346,1.061e-15,-,1
811,1,z:c2r,nat-oop,5305,5931,3.693,1.118,8.763e-16,-,0
811,1,z:c2r,nat-oop,5334,6704,3.673,1.257,8.763e-16,-,1
812,1,z:c2r,nat-oop,829,1617,23.677,1.952,1.014e-15,-,0
812,1,z:c2r,nat-oop,836,1616,23.461,1.932,1.014e-15,-,1
813,1,z:c2r,nat-oop,5282,5969,3.720,1.130,1.090e-15,-,0
813,1,z:c2r,nat-oop,5330,5977,3.686,1.121,1.090e-15,-,1
814,1,z:c2r,nat-oop,1661,2309,11.848,1.390,8.860e-16,-,0
814,1,z:c2r,nat-oop,1427,2329,13.791,1.632,8.860e-16,-,1
815,1,z:c2r,nat-oop,5232,5934,3.766,1.134,1.058e-15,-,0
815,1,z:c2r,nat-oop,5247,5927,3.755,1.130,1.058e-15,-,1
816,1,z:c2r,nat-oop,577,1067,34.218,1.850,9.710e-16,-,0
816,1,z:c2r,nat-oop,622,1067,31.721,1.715,9.710e-16,-,1
817,1,z:c2r,nat-oop,1942,7206,10.172,3.710,1.240e-15,-,0
817,1,z:c2r,nat-oop,1962,7213,10.071,3.676,1.240e-15,-,1
818,1,z:c2r,nat-oop,2069,2894,9.564,1.399,1.756e-15,-,0
818,1,z:c2r,nat-oop,1812,2945,10.921,1.626,1.756e-15,-,1
819,1,z:c2r,nat-oop,1522,1259,13.021,0.827,1.038e-15,-,0
819,1,z:c2r,nat-oop,1462,1225,13.557,0.838,1.038e-15,-,1
820,1,z:c2r,nat-oop,697,2117,28.471,3.038,7.701e-16,-,0
820,1,z:c2r,nat-oop,698,2115,28.416,3.029,7.701e-16,-,1
821,1,z:c2r,nat-oop,5294,5982,3.753,1.130,1.016e-15,-,0
821,1,z:c2r,nat-oop,5285,5985,3.760,1.132,1.016e-15,-,1
822,1,z:c2r,nat-oop,2428,2889,8.197,1.190,1.002e-15,-,0
822,1,z:c2r,nat-oop,2517,2887,7.906,1.147,1.002e-15,-,1
823,1,z:c2r,nat-oop,5408,5950,3.685,1.100,8.854e-16,-,0
823,1,z:c2r,nat-oop,6498,5984,3.066,0.921,8.854e-16,-,1
824,1,z:c2r,nat-oop,2381,5870,8.379,2.465,8.867e-16,-,0
824,1,z:c2r,nat-oop,2395,5870,8.331,2.451,8.867e-16,-,1
825,1,z:c2r,nat-oop,1632,1206,12.247,0.739,8.992e-16,-,0
825,1,z:c2r,nat-oop,1576,1221,12.683,0.775,8.992e-16,-,1
826,1,z:c2r,nat-oop,2357,4123,8.489,1.749,7.646e-16,-,0
826,1,z:c2r,nat-oop,2339,4117,8.555,1.760,7.646e-16,-,1
827,1,z:c2r,nat-oop,5295,5952,3.784,1.124,9.439e-16,-,0
827,1,z:c2r,nat-oop,5301,5957,3.780,1.124,9.439e-16,-,1
828,1,z:c2r,nat-oop,923,1322,21.749,1.433,9.658e-16,-,0
828,1,z:c2r,nat-oop,628,1325,31.935,2.108,9.658e-16,-,1
829,1,z:c2r,nat-oop,4582,6053,4.385,1.321,1.650e-15,-,0
829,1,z:c2r,nat-oop,4577,6143,4.390,1.342,1.650e-15,-,1
830,1,z:c2r,nat-oop,2434,6472,8.265,2.659,9.805e-16,-,0
830,1,z:c2r,nat-oop,2535,6862,7.937,2.707,9.805e-16,-,1
831,1,z:c2r,nat-oop,5186,5952,3.885,1.148,8.520e-16,-,0
831,1,z:c2r,nat-oop,5238,5970,3.847,1.140,8.520e-16,-,1
832,1,z:c2r,nat-oop,453,650,44.547,1.434,1.163e-15,-,0
832,1,z:c2r,nat-oop,465,651,43.427,1.400,1.163e-15,-,1
833,1,z:c2r,nat-oop,1626,2612,12.423,1.606,9.939e-16,-,0
833,1,z:c2r,nat-oop,1516,2605,13.325,1.718,9.939e-16,-,1
834,1,z:c2r,nat-oop,2717,3018,7.447,1.111,1.389e-15,-,0
834,1,z:c2r,nat-oop,2482,2918,8.151,1.175,1.389e-15,-,1
835,1,z:c2r,nat-oop,5356,5956,3.783,1.112,9.604e-16,-,0
835,1,z:c2r,nat-oop,5323,5963,3.806,1.120,9.604e-16,-,1
836,1,z:c2r,nat-oop,769,1306,26.397,1.699,1.729e-15,-,0
836,1,z:c2r,nat-oop,767,1341,26.456,1.749,1.729e-15,-,1
837,1,z:c2r,nat-oop,2166,4487,9.379,2.071,1.018e-15,-,0
837,1,z:c2r,nat-oop,2185,4490,9.298,2.055,1.018e-15,-,1
838,1,z:c2r,nat-oop,2346,2896,8.673,1.235,1.158e-15,-,0
838,1,z:c2r,nat-oop,2296,2892,8.862,1.260,1.158e-15,-,1
839,1,z:c2r,nat-oop,5240,5959,3.888,1.137,8.985e-16,-,0
839,1,z:c2r,nat-oop,5288,6003,3.853,1.135,8.985e-16,-,1
840,1,z:c2r,nat-oop,487,661,41.919,1.359,8.216e-16,-,0
840,1,z:c2r,nat-oop,457,661,44.662,1.448,8.216e-16,-,1
841,1,z:c2r,nat-oop,2342,6024,8.724,2.573,1.848e-15,-,0
841,1,z:c2r,nat-oop,2336,6027,8.745,2.580,1.848e-15,-,1
842,1,z:c2r,nat-oop,2124,2893,9.629,1.362,1.674e-15,-,0
842,1,z:c2r,nat-oop,2385,2912,8.577,1.221,1.674e-15,-,1
843,1,z:c2r,nat-oop,5337,5973,3.838,1.119,9.342e-16,-,0
843,1,z:c2r,nat-oop,5306,6016,3.861,1.134,9.342e-16,-,1
844,1,z:c2r,nat-oop,2432,2906,8.435,1.195,1.086e-15,-,0
844,1,z:c2r,nat-oop,2741,2903,7.483,1.059,1.086e-15,-,1
845,1,z:c2r,nat-oop,1745,1525,11.771,0.874,1.354e-15,-,0
845,1,z:c2r,nat-oop,1744,1524,11.778,0.874,1.354e-15,-,1
846,1,z:c2r,nat-oop,953,3222,21.592,3.382,1.158e-15,-,0
846,1,z:c2r,nat-oop,952,3319,21.594,3.485,1.158e-15,-,1
847,1,z:c2r,nat-oop,1591,1414,12.945,0.889,8.142e-16,-,0
847,1,z:c2r,nat-oop,1534,1412,13.427,0.921,8.142e-16,-,1
848,1,z:c2r,nat-oop,2323,2866,8.876,1.234,9.742e-16,-,0
848,1,z:c2r,nat-oop,2378,2862,8.671,1.203,9.742e-16,-,1
849,1,z:c2r,nat-oop,5357,6008,3.855,1.121,9.433e-16,-,0
849,1,z:c2r,nat-oop,5364,6001,3.850,1.119,9.433e-16,-,1
850,1,z:c2r,nat-oop,576,1226,35.883,2.127,9.706e-16,-,0
850,1,z:c2r,nat-oop,586,1225,35.270,2.090,9.706e-16,-,1
851,1,z:c2r,nat-oop,4011,6832,5.163,1.703,1.088e-15,-,0
851,1,z:c2r,nat-oop,2642,6813,7.837,2.578,1.088e-15,-,1
852,1,z:c2r,nat-oop,2312,3993,8.968,1.727,9.250e-16,-,0
852,1,z:c2r,nat-oop,2306,3998,8.992,1.734,9.250e-16,-,1
853,1,z:c2r,nat-oop,5445,6018,3.813,1.105,9.086e-16,-,0
853,1,z:c2r,nat-oop,5333,6017,3.894,1.128,9.086e-16,-,1
854,1,z:c2r,nat-oop,2366,4496,8.787,1.900,8.052e-16,-,0
854,1,z:c2r,nat-oop,2320,4494,8.962,1.937,8.052e-16,-,1
855,1,z:c2r,nat-oop,1688,2958,12.335,1.752,1.058e-15,-,0
855,1,z:c2r,nat-oop,1785,2965,11.664,1.661,1.058e-15,-,1
856,1,z:c2r,nat-oop,2454,6365,8.493,2.593,9.063e-16,-,0
856,1,z:c2r,nat-oop,2464,6360,8.460,2.581,9.063e-16,-,1
857,1,z:c2r,nat-oop,5289,6031,3.947,1.140,9.117e-16,-,0
857,1,z:c2r,nat-oop,5294,6052,3.943,1.143,9.117e-16,-,1
858,1,z:c2r,nat-oop,599,729,34.879,1.216,1.082e-15,-,0
858,1,z:c2r,nat-oop,600,729,34.843,1.215,1.082e-15,-,1
859,1,z:c2r,nat-oop,4100,5986,5.105,1.460,1.513e-15,-,0
859,1,z:c2r,nat-oop,4123,6167,5.076,1.496,1.513e-15,-,1
860,1,z:c2r,nat-oop,1724,2317,12.160,1.344,8.748e-16,-,0
860,1,z:c2r,nat-oop,1010,2319,20.756,2.297,8.748e-16,-,1
861,1,z:c2r,nat-oop,2711,6141,7.741,2.265,8.298e-16,-,0
861,1,z:c2r,nat-oop,3774,6134,5.560,1.625,8.298e-16,-,1
862,1,z:c2r,nat-oop,2379,2928,8.835,1.231,1.049e-15,-,0
862,1,z:c2r,nat-oop,2330,2913,9.019,1.250,1.049e-15,-,1
863,1,z:c2r,nat-oop,5584,6843,3.768,1.225,8.175e-16,-,0
863,1,z:c2r,nat-oop,5247,6158,4.011,1.174,8.175e-16,-,1
864,1,z:c2r,nat-oop,472,677,44.684,1.436,8.266e-16,-,0
864,1,z:c2r,nat-oop,471,676,44.717,1.435,8.266e-16,-,1
865,1,z:c2r,nat-oop,5344,6110,3.948,1.143,1.161e-15,-,0
865,1,z:c2r,nat-oop,5775,6353,3.654,1.100,1.161e-15,-,1
866,1,z:c2r,nat-oop,1618,2922,13.056,1.806,1.681e-15,-,0
866,1,z:c2r,nat-oop,1613,2911,13.096,1.805,1.681e-15,-,1
867,1,z:c2r,nat-oop,2474,3727,8.552,1.507,1.325e-15,-,0
867,1,z:c2r,nat-oop,1927,3723,10.980,1.932,1.325e-15,-,1
868,1,z:c2r,nat-oop,915,1816,23.163,1.985,2.865e-15,-,0
868,1,z:c2r,nat-oop,919,1799,23.045,1.957,2.865e-15,-,1
869,1,z:c2r,nat-oop,5237,14013,4.050,2.676,7.436e-16,-,0
869,1,z:c2r,nat-oop,5366,14028,3.953,2.614,7.436e-16,-,1
870,1,z:c2r,nat-oop,1003,1936,21.182,1.931,9.209e-16,-,0
870,1,z:c2r,nat-oop,1028,2032,20.660,1.977,9.209e-16,-,1
871,1,z:c2r,nat-oop,5327,11712,3.992,2.199,9.561e-16,-,0
871,1,z:c2r,nat-oop,5332,11730,3.989,2.200,9.561e-16,-,1
872,1,z:c2r,nat-oop,2449,6652,8.695,2.716,9.982e-16,-,0
872,1,z:c2r,nat-oop,2463,6659,8.647,2.704,9.982e-16,-,1
873,1,z:c2r,nat-oop,5400,6054,3.948,1.121,1.046e-15,-,0
873,1,z:c2r,nat-oop,5408,6152,3.943,1.138,1.046e-15,-,1
874,1,z:c2r,nat-oop,870,2255,24.532,2.591,8.732e-16,-,0
874,1,z:c2r,nat-oop,789,2254,27.048,2.856,8.732e-16,-,1
875,1,z:c2r,nat-oop,1446,1283,14.780,0.887,7.382e-16,-,0
875,1,z:c2r,nat-oop,1448,1282,14.760,0.885,7.382e-16,-,1
876,1,z:c2r,nat-oop,2339,4271,9.154,1.826,9.030e-16,-,0
876,1,z:c2r,nat-oop,2327,4269,9.199,1.835,9.030e-16,-,1
877,1,z:c2r,nat-oop,5286,6037,4.055,1.142,9.226e-16,-,0
877,1,z:c2r,nat-oop,5324,6060,4.026,1.138,9.226e-16,-,1
878,1,z:c2r,nat-oop,2377,2943,9.029,1.238,1.186e-15,-,0
878,1,z:c2r,nat-oop,2362,2944,9.089,1.247,1.186e-15,-,1
879,1,z:c2r,nat-oop,5489,6012,3.915,1.095,9.358e-16,-,0
879,1,z:c2r,nat-oop,5398,6028,3.981,1.117,9.358e-16,-,1
880,1,z:c2r,nat-oop,565,713,38.067,1.260,7.924e-16,-,0
880,1,z:c2r,nat-oop,536,712,40.167,1.330,7.924e-16,-,1
881,1,z:c2r,nat-oop,3747,6079,5.751,1.623,1.088e-15,-,0
881,1,z:c2r,nat-oop,3862,6059,5.580,1.569,1.088e-15,-,1
882,1,z:c2r,nat-oop,612,731,35.249,1.194,9.222e-16,-,0
882,1,z:c2r,nat-oop,597,728,36.146,1.220,9.222e-16,-,1
883,1,z:c2r,nat-oop,5556,6024,3.888,1.084,1.010e-15,-,0
883,1,z:c2r,nat-oop,5457,6060,3.959,1.111,1.010e-15,-,1
884,1,z:c2r,nat-oop,932,1353,23.210,1.452,1.559e-15,-,0
884,1,z:c2r,nat-oop,784,1351,27.599,1.723,1.559e-15,-,1
885,1,z:c2r,nat-oop,5650,10016,3.833,1.773,7.523e-16,-,0
885,1,z:c2r,nat-oop,5535,10044,3.913,1.815,7.523e-16,-,1
886,1,z:c2r,nat-oop,2316,2938,9.365,1.269,1.201e-15,-,0
886,1,z:c2r,nat-oop,2351,2938,9.224,1.250,1.201e-15,-,1
887,1,z:c2r,nat-oop,5325,6496,4.078,1.220,9.052e-16,-,0
887,1,z:c2r,nat-oop,5621,6315,3.863,1.124,9.052e-16,-,1
888,1,z:c2r,nat-oop,1061,2033,20.492,1.916,8.846e-16,-,0
888,1,z:c2r,nat-oop,1649,2037,13.185,1.235,8.846e-16,-,1
889,1,z:c2r,nat-oop,5446,6184,3.998,1.136,9.386e-16,-,0
889,1,z:c2r,nat-oop,5414,6051,4.021,1.118,9.386e-16,-,1
890,1,z:c2r,nat-oop,2467,7831,8.838,3.175,8.109e-16,-,0
890,1,z:c2r,nat-oop,2769,7836,7.873,2.830,8.109e-16,-,1
891,1,z:c2r,nat-oop,1614,1274,13.523,0.790,1.013e-15,-,0
891,1,z:c2r,nat-oop,1686,1341,12.949,0.795,1.013e-15,-,1
892,1,z:c2r,nat-oop,2457,3187,8.896,1.297,1.207e-15,-,0
892,1,z:c2r,nat-oop,2312,2926,9.453,1.266,1.207e-15,-,1
893,1,z:c2r,nat-oop,2323,8694,9.422,3.743,1.420e-15,-,0
893,1,z:c2r,nat-oop,2641,8723,8.285,3.303,1.420e-15,-,1
894,1,z:c2r,nat-oop,2341,3098,9.362,1.324,9.695e-16,-,0
894,1,z:c2r,nat-oop,2368,2969,9.252,1.254,9.695e-16,-,1
895,1,z:c2r,nat-oop,5425,6106,4.045,1.126,8.793e-16,-,0
895,1,z:c2r,nat-oop,5345,6038,4.105,1.130,8.793e-16,-,1
896,1,z:c2r,nat-oop,448,620,49.000,1.384,6.345e-16,-,0
896,1,z:c2r,nat-oop,449,620,48.904,1.381,6.345e-16,-,1
897,1,z:c2r,nat-oop,2067,3866,10.644,1.871,1.165e-15,-,0
897,1,z:c2r,nat-oop,2055,3867,10.702,1.881,1.165e-15,-,1
898,1,z:c2r,nat-oop,1649,2947,13.360,1.787,1.219e-15,-,0
898,1,z:c2r,nat-oop,1611,2951,13.673,1.832,1.219e-15,-,1
899,1,z:c2r,nat-oop,2885,6790,7.644,2.353,9.201e-16,-,0
899,1,z:c2r,nat-oop,2870,6788,7.683,2.365,9.201e-16,-,1
900,1,z:c2r,nat-oop,574,740,38.492,1.290,7.663e-16,-,0
900,1,z:c2r,nat-oop,555,739,39.771,1.332,7.663e-16,-,1
901,1,z:c2r,nat-oop,5424,9965,4.076,1.837,9.399e-16,-,0
901,1,z:c2r,nat-oop,5447,9956,4.059,1.828,9.399e-16,-,1
902,1,z:c2r,nat-oop,856,2931,25.855,3.423,9.608e-16,-,0
902,1,z:c2r,nat-oop,863,3020,25.663,3.501,9.608e-16,-,1
903,1,z:c2r,nat-oop,2342,6875,9.465,2.936,2.157e-15,-,0
903,1,z:c2r,nat-oop,2347,6878,9.446,2.931,2.157e-15,-,1
904,1,z:c2r,nat-oop,2423,7178,9.160,2.962,9.947e-16,-,0
904,1,z:c2r,nat-oop,2322,7183,9.557,3.093,9.947e-16,-,1
905,1,z:c2r,nat-oop,5300,6079,4.192,1.147,9.258e-16,-,0
905,1,z:c2r,nat-oop,5299,6105,4.194,1.152,9.258e-16,-,1
906,1,z:c2r,nat-oop,2342,2958,9.500,1.263,1.089e-15,-,0
906,1,z:c2r,nat-oop,2324,2942,9.572,1.266,1.089e-15,-,1
907,1,z:c2r,nat-oop,5641,6080,3.950,1.078,7.920e-16,-,0
907,1,z:c2r,nat-oop,5519,6058,4.036,1.098,7.920e-16,-,1
908,1,z:c2r,nat-oop,2331,2953,9.571,1.267,1.116e-15,-,0
908,1,z:c2r,nat-oop,2417,3000,9.230,1.241,1.116e-15,-,1
909,1,z:c2r,nat-oop,5572,6103,4.008,1.095,9.603e-16,-,0
909,1,z:c2r,nat-oop,5585,6092,3.999,1.091,9.603e-16,-,1
910,1,z:c2r,nat-oop,648,748,34.486,1.154,9.309e-16,-,0
910,1,z:c2r,nat-oop,630,753,35.514,1.196,9.309e-16,-,1
911,1,z:c2r,nat-oop,5424,6089,4.128,1.123,9.980e-16,-,0
911,1,z:c2r,nat-oop,5481,6050,4.085,1.104,9.980e-16,-,1
912,1,z:c2r,nat-oop,684,1594,32.765,2.329,8.809e-16,-,0
912,1,z:c2r,nat-oop,680,1265,32.972,1.861,8.809e-16,-,1
913,1,z:c2r,nat-oop,5372,15729,4.178,2.928,7.581e-16,-,0
913,1,z:c2r,nat-oop,5420,15585,4.142,2.875,7.581e-16,-,1
914,1,z:c2r,nat-oop,2088,2998,10.764,1.436,1.365e-15,-,0
914,1,z:c2r,nat-oop,2279,2974,9.860,1.305,1.365e-15,-,1
915,1,z:c2r,nat-oop,5329,10785,4.223,2.024,8.637e-16,-,0
915,1,z:c2r,nat-oop,6978,10782,3.225,1.545,8.637e-16,-,1
916,1,z:c2r,nat-oop,2348,3102,9.597,1.321,1.120e-15,-,0
916,1,z:c2r,nat-oop,2349,2962,9.592,1.261,1.120e-15,-,1
917,1,z:c2r,nat-oop,5461,6160,4.131,1.128,9.234e-16,-,0
917,1,z:c2r,nat-oop,5404,6127,4.175,1.134,9.234e-16,-,1
918,1,z:c2r,nat-oop,724,1394,31.201,1.925,1.287e-15,-,0
918,1,z:c2r,nat-oop,741,1361,30.498,1.838,1.287e-15,-,1
919,1,z:c2r,nat-oop,5715,6133,3.957,1.073,8.702e-16,-,0
919,1,z:c2r,nat-oop,5449,6677,4.150,1.225,8.702e-16,-,1
920,1,z:c2r,nat-oop,788,1466,28.746,1.861,9.430e-16,-,0
920,1,z:c2r,nat-oop,784,1468,28.872,1.872,9.430e-16,-,1
921,1,z:c2r,nat-oop,6429,6084,3.527,0.946,8.556e-16,-,0
921,1,z:c2r,nat-oop,5466,6085,4.148,1.113,8.556e-16,-,1
922,1,z:c2r,nat-oop,2344,2976,9.685,1.270,1.013e-15,-,0
922,1,z:c2r,nat-oop,2398,2981,9.467,1.243,1.013e-15,-,1
923,1,z:c2r,nat-oop,5439,13283,4.179,2.442,6.936e-16,-,0
923,1,z:c2r,nat-oop,5475,13272,4.152,2.424,6.936e-16,-,1
924,1,z:c2r,nat-oop,829,787,27.443,0.949,8.833e-16,-,0
924,1,z:c2r,nat-oop,653,787,34.827,1.205,8.833e-16,-,1
925,1,z:c2r,nat-oop,2157,6019,10.562,2.790,1.013e-15,-,0
925,1,z:c2r,nat-oop,1924,6017,11.845,3.128,1.013e-15,-,1
926,1,z:c2r,nat-oop,1948,2984,11.714,1.532,1.563e-15,-,0
926,1,z:c2r,nat-oop,1955,2964,11.667,1.516,1.563e-15,-,1
927,1,z:c2r,nat-oop,5443,6065,4.197,1.114,9.535e-16,-,0
927,1,z:c2r,nat-oop,5514,6099,4.143,1.106,9.535e-16,-,1
928,1,z:c2r,nat-oop,838,1673,27.291,1.997,9.462e-16,-,0
928,1,z:c2r,nat-oop,731,1674,31.295,2.290,9.462e-16,-,1
929,1,z:c2r,nat-oop,5706,6173,4.013,1.082,1.515e-15,-,0
929,1,z:c2r,nat-oop,4655,6140,4.919,1.319,1.515e-15,-,1
930,1,z:c2r,nat-oop,893,2179,25.667,2.440,9.418e-16,-,0
930,1,z:c2r,nat-oop,846,2186,27.106,2.585,9.418e-16,-,1
931,1,z:c2r,nat-oop,1949,3220,11.779,1.652,9.004e-16,-,0
931,1,z:c2r,nat-oop,1968,3223,11.663,1.638,9.004e-16,-,1
932,1,z:c2r,nat-oop,2369,2982,9.702,1.259,1.107e-15,-,0
932,1,z:c2r,nat-oop,2348,2974,9.787,1.267,1.107e-15,-,1
933,1,z:c2r,nat-oop,5581,6147,4.123,1.101,9.490e-16,-,0
933,1,z:c2r,nat-oop,5996,6115,3.838,1.020,9.490e-16,-,1
934,1,z:c2r,nat-oop,2443,2973,9.430,1.217,1.374e-15,-,0
934,1,z:c2r,nat-oop,2405,2972,9.579,1.236,1.374e-15,-,1
935,1,z:c2r,nat-oop,1738,3173,13.271,1.825,1.044e-15,-,0
935,1,z:c2r,nat-oop,1758,3170,13.121,1.803,1.044e-15,-,1
936,1,z:c2r,nat-oop,667,792,34.630,1.187,1.235e-15,-,0
936,1,z:c2r,nat-oop,668,792,34.585,1.186,1.235e-15,-,1
937,1,z:c2r,nat-oop,4125,6119,5.606,1.483,1.396e-15,-,0
937,1,z:c2r,nat-oop,4087,6104,5.658,1.494,1.396e-15,-,1
938,1,z:c2r,nat-oop,2499,5488,9.266,2.196,8.088e-16,-,0
938,1,z:c2r,nat-oop,2469,5489,9.377,2.223,8.088e-16,-,1
939,1,z:c2r,nat-oop,5409,6115,4.286,1.131,8.654e-16,-,0
939,1,z:c2r,nat-oop,5466,6144,4.241,1.124,8.654e-16,-,1
940,1,z:c2r,nat-oop,877,2849,26.452,3.247,9.096e-16,-,0
940,1,z:c2r,nat-oop,874,2852,26.548,3.262,9.096e-16,-,1
941,1,z:c2r,nat-oop,5416,6154,4.291,1.136,1.101e-15,-,0
941,1,z:c2r,nat-oop,6487,8738,3.582,1.347,1.101e-15,-,1
942,1,z:c2r,nat-oop,2426,2990,9.591,1.233,1.145e-15,-,0
942,1,z:c2r,nat-oop,2346,3016,9.917,1.286,1.145e-15,-,1
943,1,z:c2r,nat-oop,3201,8241,7.278,2.575,9.962e-16,-,0
943,1,z:c2r,nat-oop,4726,8236,4.930,1.743,9.962e-16,-,1
944,1,z:c2r,nat-oop,2438,3578,9.567,1.468,1.138e-15,-,0
944,1,z:c2r,nat-oop,2535,3577,9.201,1.411,1.138e-15,-,1
945,1,z:c2r,nat-oop,1893,1332,12.339,0.704,8.784e-16,-,0
945,1,z:c2r,nat-oop,1885,1319,12.389,0.700,8.784e-16,-,1
946,1,z:c2r,nat-oop,1482,3237,15.777,2.184,1.081e-15,-,0
946,1,z:c2r,nat-oop,2159,3227,10.827,1.494,1.081e-15,-,1
947,1,z:c2r,nat-oop,5510,6094,4.248,1.106,1.187e-15,-,0
947,1,z:c2r,nat-oop,5661,6097,4.135,1.077,1.187e-15,-,1
948,1,z:c2r,nat-oop,2400,5024,9.763,2.093,9.501e-16,-,0
948,1,z:c2r,nat-oop,2413,5161,9.711,2.139,9.501e-16,-,1
949,1,z:c2r,nat-oop,5404,14099,4.342,2.609,6.843e-16,-,0
949,1,z:c2r,nat-oop,5580,14099,4.205,2.527,6.843e-16,-,1
950,1,z:c2r,nat-oop,746,1509,31.499,2.023,9.011e-16,-,0
950,1,z:c2r,nat-oop,766,1449,30.673,1.891,9.011e-16,-,1
951,1,z:c2r,nat-oop,5387,6104,4.366,1.133,1.143e-15,-,0
951,1,z:c2r,nat-oop,5370,6139,4.380,1.143,1.143e-15,-,1
952,1,z:c2r,nat-oop,699,1300,33.673,1.859,1.017e-15,-,0
952,1,z:c2r,nat-oop,740,1304,31.832,1.763,1.017e-15,-,1
953,1,z:c2r,nat-oop,4396,6234,5.363,1.418,1.300e-15,-,0
953,1,z:c2r,nat-oop,4441,6317,5.309,1.422,1.300e-15,-,1
954,1,z:c2r,nat-oop,2394,4293,9.861,1.793,1.004e-15,-,0
954,1,z:c2r,nat-oop,2600,4289,9.081,1.650,1.004e-15,-,1
955,1,z:c2r,nat-oop,5357,6228,4.412,1.163,9.231e-16,-,0
955,1,z:c2r,nat-oop,5438,6106,4.346,1.123,9.231e-16,-,1
956,1,z:c2r,nat-oop,2362,2993,10.020,1.267,1.067e-15,-,0
956,1,z:c2r,nat-oop,2676,3003,8.841,1.122,1.067e-15,-,1
957,1,z:c2r,nat-oop,2195,4996,10.794,2.276,7.751e-16,-,0
957,1,z:c2r,nat-oop,2214,4993,10.699,2.255,7.751e-16,-,1
958,1,z:c2r,nat-oop,2389,3093,9.931,1.295,1.225e-15,-,0
958,1,z:c2r,nat-oop,2370,2999,10.009,1.265,1.225e-15,-,1
959,1,z:c2r,nat-oop,5545,6205,4.282,1.119,9.105e-16,-,0
959,1,z:c2r,nat-oop,5552,6163,4.277,1.110,9.105e-16,-,1
960,1,z:c2r,nat-oop,506,770,46.968,1.521,6.672e-16,-,0
960,1,z:c2r,nat-oop,505,770,47.053,1.524,6.672e-16,-,1
961,1,z:c2r,nat-oop,2708,7394,8.791,2.731,1.318e-15,-,0
961,1,z:c2r,nat-oop,2750,7369,8.657,2.680,1.318e-15,-,1
962,1,z:c2r,nat-oop,1305,2779,18.267,2.130,1.051e-15,-,0
962,1,z:c2r,nat-oop,1316,2809,18.117,2.135,1.051e-15,-,1
963,1,z:c2r,nat-oop,5311,6144,4.493,1.157,1.021e-15,-,0
963,1,z:c2r,nat-oop,5765,6142,4.139,1.065,1.021e-15,-,1
964,1,z:c2r,nat-oop,2350,3007,10.167,1.280,1.064e-15,-,0
964,1,z:c2r,nat-oop,2357,3004,10.136,1.275,1.064e-15,-,1
965,1,z:c2r,nat-oop,5433,6402,4.403,1.178,1.178e-15,-,0
965,1,z:c2r,nat-oop,5524,6175,4.330,1.118,1.178e-15,-,1
966,1,z:c2r,nat-oop,834,1738,28.705,2.083,1.114e-15,-,0
966,1,z:c2r,nat-oop,902,1805,26.553,2.001,1.114e-15,-,1
967,1,z:c2r,nat-oop,5467,6146,4.386,1.124,8.649e-16,-,0
967,1,z:c2r,nat-oop,5506,6220,4.355,1.130,8.649e-16,-,1
968,1,z:c2r,nat-oop,704,847,34.118,1.204,7.474e-16,-,0
968,1,z:c2r,nat-oop,712,849,33.721,1.193,7.474e-16,-,1
969,1,z:c2r,nat-oop,2675,4471,8.985,1.672,1.318e-15,-,0
969,1,z:c2r,nat-oop,2210,4491,10.873,2.032,1.318e-15,-,1
970,1,z:c2r,nat-oop,2401,3013,10.022,1.255,1.166e-15,-,0
970,1,z:c2r,nat-oop,2360,3018,10.196,1.279,1.166e-15,-,1
971,1,z:c2r,nat-oop,5672,6158,4.247,1.086,9.473e-16,-,0
971,1,z:c2r,nat-oop,5650,6428,4.263,1.138,9.473e-16,-,1
972,1,z:c2r,nat-oop,692,845,34.844,1.220,1.195e-15,-,0
972,1,z:c2r,nat-oop,692,847,34.851,1.223,1.195e-15,-,1
973,1,z:c2r,nat-oop,5619,6155,4.297,1.095,9.125e-16,-,0
973,1,z:c2r,nat-oop,5507,6322,4.384,1.148,9.125e-16,-,1
974,1,z:c2r,nat-oop,2464,3006,9.809,1.220,1.353e-15,-,0
974,1,z:c2r,nat-oop,2457,3014,9.839,1.226,1.353e-15,-,1
975,1,z:c2r,nat-oop,1709,1521,14.160,0.890,9.857e-16,-,0
975,1,z:c2r,nat-oop,1746,1521,13.860,0.871,9.857e-16,-,1
976,1,z:c2r,nat-oop,2460,3888,9.849,1.580,9.727e-16,-,0
976,1,z:c2r,nat-oop,2541,3881,9.537,1.527,9.727e-16,-,1
977,1,z:c2r,nat-oop,5654,6185,4.291,1.094,1.163e-15,-,0
977,1,z:c2r,nat-oop,5539,6192,4.379,1.118,1.163e-15,-,1
978,1,z:c2r,nat-oop,2999,3032,8.098,1.011,1.326e-15,-,0
978,1,z:c2r,nat-oop,2429,3036,9.999,1.250,1.326e-15,-,1
979,1,z:c2r,nat-oop,5558,18102,4.375,3.257,9.051e-16,-,0
979,1,z:c2r,nat-oop,5960,18093,4.080,3.036,9.051e-16,-,1
980,1,z:c2r,nat-oop,648,900,37.598,1.390,8.731e-16,-,0
980,1,z:c2r,nat-oop,649,899,37.495,1.385,8.731e-16,-,1
981,1,z:c2r,nat-oop,5716,6162,4.264,1.078,8.670e-16,-,0
981,1,z:c2r,nat-oop,5693,6185,4.281,1.086,8.670e-16,-,1
982,1,z:c2r,nat-oop,2004,3035,12.175,1.514,1.163e-15,-,0
982,1,z:c2r,nat-oop,1992,3014,12.247,1.513,1.163e-15,-,1
983,1,z:c2r,nat-oop,5416,6226,4.511,1.149,8.868e-16,-,0
983,1,z:c2r,nat-oop,5481,6131,4.457,1.119,8.868e-16,-,1
984,1,z:c2r,nat-oop,871,2518,28.065,2.890,1.226e-15,-,0
984,1,z:c2r,nat-oop,869,2519,28.156,2.899,1.226e-15,-,1
985,1,z:c2r,nat-oop,5483,6215,4.466,1.133,1.020e-15,-,0
985,1,z:c2r,nat-oop,5467,6204,4.479,1.135,1.020e-15,-,1
986,1,z:c2r,nat-oop,947,2946,25.893,3.111,1.218e-15,-,0
986,1,z:c2r,nat-oop,935,2945,26.213,3.149,1.218e-15,-,1
987,1,z:c2r,nat-oop,3645,8476,6.734,2.325,9.415e-16,-,0
987,1,z:c2r,nat-oop,5959,8476,4.119,1.422,9.415e-16,-,1
988,1,z:c2r,nat-oop,913,1585,26.915,1.736,1.991e-15,-,0
988,1,z:c2r,nat-oop,910,1592,26.993,1.748,1.991e-15,-,1
989,1,z:c2r,nat-oop,2485,9177,9.899,3.693,1.631e-15,-,0
989,1,z:c2r,nat-oop,2452,9181,10.034,3.745,1.631e-15,-,1
990,1,z:c2r,nat-oop,753,839,32.694,1.114,9.063e-16,-,0
990,1,z:c2r,nat-oop,771,845,31.951,1.096,9.063e-16,-,1
991,1,z:c2r,nat-oop,5456,6297,4.519,1.154,9.961e-16,-,0
991,1,z:c2r,nat-oop,6084,6197,4.053,1.019,9.961e-16,-,1
992,1,z:c2r,nat-oop,1284,1873,19.231,1.459,9.842e-16,-,0
992,1,z:c2r,nat-oop,810,1873,30.462,2.311,9.842e-16,-,1
993,1,z:c2r,nat-oop,5463,6194,4.524,1.134,8.447e-16,-,0
993,1,z:c2r,nat-oop,5477,6212,4.512,1.134,8.447e-16,-,1
994,1,z:c2r,nat-oop,2378,6238,10.407,2.623,1.002e-15,-,0
994,1,z:c2r,nat-oop,2410,6262,10.268,2.598,1.002e-15,-,1
995,1,z:c2r,nat-oop,7071,6159,3.503,0.871,9.350e-16,-,0
995,1,z:c2r,nat-oop,5555,6235,4.459,1.122,9.350e-16,-,1
996,1,z:c2r,nat-oop,2499,5578,9.925,2.232,9.174e-16,-,0
996,1,z:c2r,nat-oop,2502,5578,9.914,2.230,9.174e-16,-,1
997,1,z:c2r,nat-oop,5444,6334,4.561,1.164,9.665e-16,-,0
997,1,z:c2r,nat-oop,6958,6371,3.568,0.916,9.665e-16,-,1
998,1,z:c2r,nat-oop,2437,3117,10.198,1.279,1.210e-15,-,0
998,1,z:c2r,nat-oop,2377,3022,10.456,1.271,1.210e-15,-,1
999,1,z:c2r,nat-oop,2206,6546,11.279,2.967,1.085e-15,-,0
999,1,z:c2r,nat-oop,2216,6557,11.228,2.959,1.085e-15,-,1
1000,1,z:c2r,nat-oop,655,828,38.009,1.263,7.269e-16,-,0
1000,1,z:c2r,nat-oop,655,827,38.031,1.262,7.269e-16,-,1
1001,1,z:c2r,nat-oop,1936,1764,12.883,0.911,8.146e-16,-,0
1001,1,z:c2r,nat-oop,1859,1765,13.414,0.949,8.146e-16,-,1
1002,1,z:c2r,nat-oop,2415,3379,10.340,1.399,1.258e-15,-,0
1002,1,z:c2r,nat-oop,2500,3037,9.989,1.215,1.258e-15,-,1
1003,1,z:c2r,nat-oop,5547,12568,4.507,2.266,8.839e-16,-,0
1003,1,z:c2r,nat-oop,5471,12557,4.570,2.295,8.839e-16,-,1
1004,1,z:c2r,nat-oop,2558,3040,9.783,1.188,1.199e-15,-,0
1004,1,z:c2r,nat-oop,2435,3033,10.278,1.245,1.199e-15,-,1
1005,1,z:c2r,nat-oop,5478,13350,4.574,2.437,7.102e-16,-,0
1005,1,z:c2r,nat-oop,5488,13342,4.566,2.431,7.102e-16,-,1
1006,1,z:c2r,nat-oop,2996,3128,8.373,1.044,1.011e-15,-,0
1006,1,z:c2r,nat-oop,2398,3039,10.461,1.267,1.011e-15,-,1
1007,1,z:c2r,nat-oop,5582,11330,4.499,2.030,8.736e-16,-,0
1007,1,z:c2r,nat-oop,5615,11330,4.473,2.018,8.736e-16,-,1
1008,1,z:c2r,nat-oop,651,862,38.642,1.324,1.150e-15,-,0
1008,1,z:c2r,nat-oop,629,865,39.956,1.374,1.150e-15,-,1
1009,1,z:c2r,nat-oop,5546,6266,4.538,1.130,9.224e-16,-,0
1009,1,z:c2r,nat-oop,5519,6239,4.561,1.130,9.224e-16,-,1
1010,1,z:c2r,nat-oop,2406,3050,10.472,1.267,1.086e-15,-,0
1010,1,z:c2r,nat-oop,2460,3040,10.245,1.236,1.086e-15,-,1
1011,1,z:c2r,nat-oop,5392,6167,4.679,1.144,9.675e-16,-,0
1011,1,z:c2r,nat-oop,5348,6177,4.717,1.155,9.675e-16,-,1
1012,1,z:c2r,nat-oop,972,1964,25.984,2.020,2.883e-15,-,0
1012,1,z:c2r,nat-oop,1004,1960,25.145,1.952,2.883e-15,-,1
1013,1,z:c2r,nat-oop,5552,6273,4.554,1.130,1.137e-15,-,0
1013,1,z:c2r,nat-oop,5626,6464,4.494,1.149,1.137e-15,-,1
1014,1,z:c2r,nat-oop,822,921,30.794,1.120,1.486e-15,-,0
1014,1,z:c2r,nat-oop,818,917,30.945,1.121,1.486e-15,-,1
1015,1,z:c2r,nat-oop,2586,5192,9.799,2.008,9.042e-16,-,0
1015,1,z:c2r,nat-oop,2374,5185,10.677,2.184,9.042e-16,-,1
1016,1,z:c2r,nat-oop,2425,9212,10.460,3.798,1.238e-15,-,0
1016,1,z:c2r,nat-oop,2403,9139,10.557,3.803,1.238e-15,-,1
1017,1,z:c2r,nat-oop,5524,6236,4.598,1.129,1.014e-15,-,0
1017,1,z:c2r,nat-oop,5808,6285,4.374,1.082,1.014e-15,-,1
1018,1,z:c2r,nat-oop,2657,3041,9.569,1.144,1.098e-15,-,0
1018,1,z:c2r,nat-oop,2481,3042,10.248,1.226,1.098e-15,-,1
1019,1,z:c2r,nat-oop,5774,6204,4.409,1.074,1.070e-15,-,0
1019,1,z:c2r,nat-oop,5683,6211,4.479,1.093,1.070e-15,-,1
1020,1,z:c2r,nat-oop,928,1477,27.467,1.592,1.126e-15,-,0
1020,1,z:c2r,nat-oop,1167,1476,21.833,1.264,1.126e-15,-,1
1021,1,z:c2r,nat-oop,5525,6263,4.618,1.134,1.092e-15,-,0
1021,1,z:c2r,nat-oop,5574,6290,4.578,1.128,1.092e-15,-,1
1022,1,z:c2r,nat-oop,2385,6664,10.708,2.794,9.851e-16,-,0
1022,1,z:c2r,nat-oop,2363,6665,10.811,2.821,9.851e-16,-,1
1023,1,z:c2r,nat-oop,2426,5790,10.539,2.386,9.626e-16,-,0
1023,1,z:c2r,nat-oop,2352,5783,10.874,2.459,9.626e-16,-,1
1024,1,z:c2r,nat-oop,490,536,52.278,1.095,7.779e-16,-,0
1024,1,z:c2r,nat-oop,482,536,53.090,1.112,7.779e-16,-,1
1025,1,z:c2r,nat-oop,4383,7465,5.847,1.703,1.029e-15,-,0
1025,1,z:c2r,nat-oop,4406,7471,5.817,1.696,1.029e-15,-,1
1026,1,z:c2r,nat-oop,767,1650,33.451,2.152,9.967e-16,-,0
1026,1,z:c2r,nat-oop,857,1652,29.921,1.927,9.967e-16,-,1
1027,1,z:c2r,nat-oop,10978,16769,2.340,1.528,8.429e-16,-,0
1027,1,z:c2r,nat-oop,10767,16763,2.386,1.557,8.429e-16,-,1
1028,1,z:c2r,nat-oop,4990,4909,5.154,0.984,1.104e-15,-,0
1028,1,z:c2r,nat-oop,4975,4911,5.169,0.987,1.104e-15,-,1
1029,1,z:c2r,nat-oop,2008,1505,12.819,0.749,9.504e-16,-,0
1029,1,z:c2r,nat-oop,1962,1499,13.122,0.764,9.504e-16,-,1
1030,1,z:c2r,nat-oop,5136,4900,5.018,0.954,1.093e-15,-,0
1030,1,z:c2r,nat-oop,5668,4898,4.547,0.864,1.093e-15,-,1
1031,1,z:c2r,nat-oop,11077,10081,2.329,0.910,8.910e-16,-,0
1031,1,z:c2r,nat-oop,11037,10091,2.338,0.914,8.910e-16,-,1
1032,1,z:c2r,nat-oop,1154,2997,22.387,2.598,9.331e-16,-,0
1032,1,z:c2r,nat-oop,1158,3000,22.313,2.591,9.331e-16,-,1
1033,1,z:c2r,nat-oop,8902,10213,2.905,1.147,1.423e-15,-,0
1033,1,z:c2r,nat-oop,7709,10191,3.354,1.322,1.423e-15,-,1
1034,1,z:c2r,nat-oop,1235,3926,20.966,3.180,9.342e-16,-,0
1034,1,z:c2r,nat-oop,1236,3927,20.947,3.177,9.342e-16,-,1
1035,1,z:c2r,nat-oop,2113,4338,12.263,2.053,1.086e-15,-,0
1035,1,z:c2r,nat-oop,2070,4329,12.517,2.091,1.086e-15,-,1
1036,1,z:c2r,nat-oop,1151,2750,22.536,2.389,1.026e-15,-,0
1036,1,z:c2r,nat-oop,1253,2737,20.713,2.185,1.026e-15,-,1
1037,1,z:c2r,nat-oop,10938,13484,2.375,1.233,7.541e-16,-,0
1037,1,z:c2r,nat-oop,11026,13469,2.356,1.222,7.541e-16,-,1
1038,1,z:c2r,nat-oop,4955,4899,5.248,0.989,1.212e-15,-,0
1038,1,z:c2r,nat-oop,4971,4898,5.231,0.985,1.212e-15,-,1
1039,1,z:c2r,nat-oop,10766,10138,2.418,0.942,1.078e-15,-,0
1039,1,z:c2r,nat-oop,11032,10117,2.360,0.917,1.078e-15,-,1
1040,1,z:c2r,nat-oop,728,992,35.792,1.363,9.751e-16,-,0
1040,1,z:c2r,nat-oop,738,975,35.301,1.321,9.751e-16,-,1
1041,1,z:c2r,nat-oop,10825,10190,2.410,0.941,1.029e-15,-,0
1041,1,z:c2r,nat-oop,10852,10141,2.404,0.935,1.029e-15,-,1
1042,1,z:c2r,nat-oop,2330,5274,11.207,2.263,1.573e-15,-,0
1042,1,z:c2r,nat-oop,2148,4985,12.158,2.321,1.573e-15,-,1
1043,1,z:c2r,nat-oop,10991,10133,2.379,0.922,9.771e-16,-,0
1043,1,z:c2r,nat-oop,17982,10129,1.454,0.563,9.771e-16,-,1
1044,1,z:c2r,nat-oop,946,2178,27.663,2.301,1.222e-15,-,0
1044,1,z:c2r,nat-oop,966,2178,27.089,2.254,1.222e-15,-,1
1045,1,z:c2r,nat-oop,2093,3949,12.517,1.887,8.015e-16,-,0
1045,1,z:c2r,nat-oop,2114,3969,12.396,1.877,8.015e-16,-,1
1046,1,z:c2r,nat-oop,3391,4902,7.736,1.446,2.042e-15,-,0
1046,1,z:c2r,nat-oop,3047,4907,8.607,1.610,2.042e-15,-,1
1047,1,z:c2r,nat-oop,10841,10051,2.422,0.927,1.129e-15,-,0
1047,1,z:c2r,nat-oop,11522,13934,2.279,1.209,1.129e-15,-,1
1048,1,z:c2r,nat-oop,5014,9756,5.243,1.946,9.925e-16,-,0
1048,1,z:c2r,nat-oop,4904,9768,5.360,1.992,9.925e-16,-,1
1049,1,z:c2r,nat-oop,11071,10236,2.377,0.925,9.371e-16,-,0
1049,1,z:c2r,nat-oop,12864,10228,2.046,0.795,9.371e-16,-,1
1050,1,z:c2r,nat-oop,710,924,37.098,1.301,9.086e-16,-,0
1050,1,z:c2r,nat-oop,683,912,38.581,1.336,9.086e-16,-,1
1051,1,z:c2r,nat-oop,5492,10141,4.802,1.846,1.471e-15,-,0
1051,1,z:c2r,nat-oop,5543,10096,4.758,1.821,1.471e-15,-,1
1052,1,z:c2r,nat-oop,4875,4927,5.416,1.011,1.021e-15,-,0
1052,1,z:c2r,nat-oop,4941,4921,5.344,0.996,1.021e-15,-,1
1053,1,z:c2r,nat-oop,1898,1671,13.927,0.881,1.354e-15,-,0
1053,1,z:c2r,nat-oop,1927,1656,13.715,0.859,1.354e-15,-,1
1054,1,z:c2r,nat-oop,1216,3274,21.759,2.692,1.140e-15,-,0
1054,1,z:c2r,nat-oop,1657,3913,15.973,2.362,1.140e-15,-,1
1055,1,z:c2r,nat-oop,11028,10125,2.402,0.918,9.977e-16,-,0
1055,1,z:c2r,nat-oop,10941,10108,2.421,0.924,9.977e-16,-,1
1056,1,z:c2r,nat-oop,749,937,35.382,1.251,8.988e-16,-,0
1056,1,z:c2r,nat-oop,751,938,35.289,1.248,8.988e-16,-,1
1057,1,z:c2r,nat-oop,15969,10297,1.662,0.645,1.040e-15,-,0
1057,1,z:c2r,nat-oop,10680,10176,2.486,0.953,1.040e-15,-,1
1058,1,z:c2r,nat-oop,1037,2985,25.626,2.879,1.010e-15,-,0
1058,1,z:c2r,nat-oop,1068,3083,24.887,2.887,1.010e-15,-,1
1059,1,z:c2r,nat-oop,11026,10144,2.413,0.920,1.100e-15,-,0
1059,1,z:c2r,nat-oop,10969,10126,2.425,0.923,1.100e-15,-,1
1060,1,z:c2r,nat-oop,4928,4615,5.404,0.937,7.546e-16,-,0
1060,1,z:c2r,nat-oop,5163,4214,5.158,0.816,7.546e-16,-,1
1061,1,z:c2r,nat-oop,11120,10234,2.397,0.920,9.286e-16,-,0
1061,1,z:c2r,nat-oop,10788,10205,2.471,0.946,9.286e-16,-,1
1062,1,z:c2r,nat-oop,4948,5500,5.394,1.111,1.164e-15,-,0
1062,1,z:c2r,nat-oop,5396,5394,4.946,1.000,1.164e-15,-,1
1063,1,z:c2r,nat-oop,15958,10118,1.674,0.634,8.687e-16,-,0
1063,1,z:c2r,nat-oop,14812,10441,1.804,0.705,8.687e-16,-,1
1064,1,z:c2r,nat-oop,891,1666,30.012,1.869,9.118e-16,-,0
1064,1,z:c2r,nat-oop,924,1692,28.937,1.831,9.118e-16,-,1
1065,1,z:c2r,nat-oop,12011,15168,2.229,1.263,8.142e-16,-,0
1065,1,z:c2r,nat-oop,10853,15165,2.467,1.397,8.142e-16,-,1
1066,1,z:c2r,nat-oop,2292,3520,11.694,1.536,9.958e-16,-,0
1066,1,z:c2r,nat-oop,2089,3519,12.833,1.685,9.958e-16,-,1
1067,1,z:c2r,nat-oop,11021,10118,2.435,0.918,1.137e-15,-,0
1067,1,z:c2r,nat-oop,10859,10168,2.471,0.936,1.137e-15,-,1
1068,1,z:c2r,nat-oop,4962,6518,5.413,1.314,8.017e-16,-,0
1068,1,z:c2r,nat-oop,5588,6518,4.807,1.166,8.017e-16,-,1
1069,1,z:c2r,nat-oop,11190,10172,2.403,0.909,1.137e-15,-,0
1069,1,z:c2r,nat-oop,10957,10184,2.454,0.929,1.137e-15,-,1
1070,1,z:c2r,nat-oop,6363,4920,4.231,0.773,1.470e-15,-,0
1070,1,z:c2r,nat-oop,4941,4919,5.448,0.995,1.470e-15,-,1
1071,1,z:c2r,nat-oop,2271,3472,11.865,1.529,1.138e-15,-,0
1071,1,z:c2r,nat-oop,2097,3466,12.854,1.653,1.138e-15,-,1
1072,1,z:c2r,nat-oop,5623,4715,4.798,0.838,1.113e-15,-,0
1072,1,z:c2r,nat-oop,5111,4715,5.278,0.922,1.113e-15,-,1
1073,1,z:c2r,nat-oop,3983,9359,6.780,2.350,1.193e-15,-,0
1073,1,z:c2r,nat-oop,3922,9368,6.886,2.389,1.193e-15,-,1
1074,1,z:c2r,nat-oop,5360,5532,5.044,1.032,1.066e-15,-,0
1074,1,z:c2r,nat-oop,5098,5496,5.303,1.078,1.066e-15,-,1
1075,1,z:c2r,nat-oop,3787,8364,7.147,2.209,8.957e-16,-,0
1075,1,z:c2r,nat-oop,5563,8354,4.865,1.502,8.957e-16,-,1
1076,1,z:c2r,nat-oop,5123,4939,5.288,0.964,1.125e-15,-,0
1076,1,z:c2r,nat-oop,5098,4940,5.314,0.969,1.125e-15,-,1
1077,1,z:c2r,nat-oop,11046,10264,2.455,0.929,1.012e-15,-,0
1077,1,z:c2r,nat-oop,10867,10249,2.496,0.943,1.012e-15,-,1
1078,1,z:c2r,nat-oop,858,1028,31.634,1.197,9.886e-16,-,0
1078,1,z:c2r,nat-oop,815,929,33.305,1.140,9.886e-16,-,1
1079,1,z:c2r,nat-oop,10854,18656,2.504,1.719,7.351e-16,-,0
1079,1,z:c2r,nat-oop,11393,18667,2.386,1.639,7.351e-16,-,1
1080,1,z:c2r,nat-oop,913,977,29.808,1.070,7.977e-16,-,0
1080,1,z:c2r,nat-oop,861,979,31.594,1.137,7.977e-16,-,1
1081,1,z:c2r,nat-oop,3483,11000,7.821,3.159,1.539e-15,-,0
1081,1,z:c2r,nat-oop,3798,11010,7.170,2.899,1.539e-15,-,1
1082,1,z:c2r,nat-oop,2990,4945,9.119,1.654,1.813e-15,-,0
1082,1,z:c2r,nat-oop,3030,4957,8.999,1.636,1.813e-15,-,1
1083,1,z:c2r,nat-oop,2503,5220,10.905,2.085,8.827e-16,-,0
1083,1,z:c2r,nat-oop,2625,5254,10.397,2.001,8.827e-16,-,1
1084,1,z:c2r,nat-oop,4975,4946,5.493,0.994,9.947e-16,-,0
1084,1,z:c2r,nat-oop,5010,4956,5.454,0.989,9.947e-16,-,1
1085,1,z:c2r,nat-oop,2737,5951,9.992,2.174,9.972e-16,-,0
1085,1,z:c2r,nat-oop,2790,5958,9.803,2.135,9.972e-16,-,1
1086,1,z:c2r,nat-oop,5226,5011,5.239,0.959,9.503e-16,-,0
1086,1,z:c2r,nat-oop,5033,5745,5.441,1.142,9.503e-16,-,1
1087,1,z:c2r,nat-oop,11093,10194,2.471,0.919,9.059e-16,-,0
1087,1,z:c2r,nat-oop,10877,10154,2.520,0.933,9.059e-16,-,1
1088,1,z:c2r,nat-oop,665,1579,41.290,2.377,1.085e-15,-,0
1088,1,z:c2r,nat-oop,680,1580,40.363,2.324,1.085e-15,-,1
1089,1,z:c2r,nat-oop,2074,1917,13.245,0.925,1.056e-15,-,0
1089,1,z:c2r,nat-oop,2013,1923,13.646,0.955,1.056e-15,-,1
1090,1,z:c2r,nat-oop,5708,5028,4.817,0.881,9.092e-16,-,0
1090,1,z:c2r,nat-oop,5347,4979,5.142,0.931,9.092e-16,-,1
1091,1,z:c2r,nat-oop,10863,10209,2.534,0.940,1.099e-15,-,0
1091,1,z:c2r,nat-oop,10820,10206,2.544,0.943,1.099e-15,-,1
1092,1,z:c2r,nat-oop,848,1026,32.487,1.210,1.305e-15,-,0
1092,1,z:c2r,nat-oop,835,1026,32.990,1.228,1.305e-15,-,1
1093,1,z:c2r,nat-oop,6105,10278,4.518,1.684,1.826e-15,-,0
1093,1,z:c2r,nat-oop,6217,10239,4.437,1.647,1.826e-15,-,1
1094,1,z:c2r,nat-oop,2438,4951,11.323,2.030,2.310e-15,-,0
1094,1,z:c2r,nat-oop,2343,4950,11.785,2.113,2.310e-15,-,1
1095,1,z:c2r,nat-oop,10841,16003,2.550,1.476,9.048e-16,-,0
1095,1,z:c2r,nat-oop,10702,15995,2.583,1.495,9.048e-16,-,1
1096,1,z:c2r,nat-oop,5063,10864,5.465,2.146,8.782e-16,-,0
1096,1,z:c2r,nat-oop,5111,10791,5.414,2.111,8.782e-16,-,1
1097,1,z:c2r,nat-oop,11048,10357,2.507,0.937,1.119e-15,-,0
1097,1,z:c2r,nat-oop,11050,10266,2.507,0.929,1.119e-15,-,1
1098,1,z:c2r,nat-oop,5231,5879,5.300,1.124,8.882e-16,-,0
1098,1,z:c2r,nat-oop,5202,5879,5.330,1.130,8.882e-16,-,1
1099,1,z:c2r,nat-oop,11043,10353,2.513,0.938,1.108e-15,-,0
1099,1,z:c2r,nat-oop,10880,10219,2.551,0.939,1.108e-15,-,1
1100,1,z:c2r,nat-oop,984,1040,28.250,1.057,8.461e-16,-,0
1100,1,z:c2r,nat-oop,963,1040,28.850,1.080,8.461e-16,-,1
1101,1,z:c2r,nat-oop,11023,10284,2.523,0.933,1.113e-15,-,0
1101,1,z:c2r,nat-oop,11079,10262,2.510,0.926,1.113e-15,-,1
1102,1,z:c2r,nat-oop,1234,3352,22.563,2.717,1.034e-15,-,0
1102,1,z:c2r,nat-oop,1161,3326,23.984,2.866,1.034e-15,-,1
1103,1,z:c2r,nat-oop,12573,10220,2.217,0.813,1.086e-15,-,0
1103,1,z:c2r,nat-oop,11044,10216,2.524,0.925,1.086e-15,-,1
1104,1,z:c2r,nat-oop,908,1976,30.734,2.177,9.976e-16,-,0
1104,1,z:c2r,nat-oop,903,1976,30.908,2.189,9.976e-16,-,1
1105,1,z:c2r,nat-oop,2208,3984,12.647,1.804,1.276e-15,-,0
1105,1,z:c2r,nat-oop,2142,3923,13.039,1.832,1.276e-15,-,1
1106,1,z:c2r,nat-oop,5373,7971,5.203,1.483,1.026e-15,-,0
1106,1,z:c2r,nat-oop,5245,7966,5.330,1.519,1.026e-15,-,1
1107,1,z:c2r,nat-oop,3523,8049,7.944,2.285,9.177e-16,-,0
1107,1,z:c2r,nat-oop,5055,8053,5.537,1.593,9.177e-16,-,1
1108,1,z:c2r,nat-oop,4976,4979,5.630,1.001,1.134e-15,-,0
1108,1,z:c2r,nat-oop,5117,4981,5.474,0.973,1.134e-15,-,1
1109,1,z:c2r,nat-oop,10827,10275,2.590,0.949,9.798e-16,-,0
1109,1,z:c2r,nat-oop,14468,10303,1.938,0.712,9.798e-16,-,1
1110,1,z:c2r,nat-oop,1493,3210,18.806,2.150,9.359e-16,-,0
1110,1,z:c2r,nat-oop,2041,3207,13.754,1.571,9.359e-16,-,1
1111,1,z:c2r,nat-oop,10946,10204,2.567,0.932,1.244e-15,-,0
1111,1,z:c2r,nat-oop,10935,10223,2.570,0.935,1.244e-15,-,1
1112,1,z:c2r,nat-oop,6677,11030,4.213,1.652,8.765e-16,-,0
1112,1,z:c2r,nat-oop,5106,11025,5.509,2.159,8.765e-16,-,1
1113,1,z:c2r,nat-oop,11100,11136,2.537,1.003,7.598e-16,-,0
1113,1,z:c2r,nat-oop,10899,11131,2.584,1.021,7.598e-16,-,1
1114,1,z:c2r,nat-oop,5304,4981,5.315,0.939,1.034e-15,-,0
1114,1,z:c2r,nat-oop,5115,5053,5.511,0.988,1.034e-15,-,1
1115,1,z:c2r,nat-oop,11119,10235,2.538,0.921,9.521e-16,-,0
1115,1,z:c2r,nat-oop,10822,10246,2.607,0.947,9.521e-16,-,1
1116,1,z:c2r,nat-oop,1104,2420,25.579,2.192,9.405e-16,-,0
1116,1,z:c2r,nat-oop,1102,2423,25.630,2.198,9.405e-16,-,1
1117,1,z:c2r,nat-oop,8008,10319,3.531,1.289,1.537e-15,-,0
1117,1,z:c2r,nat-oop,8052,10296,3.512,1.279,1.537e-15,-,1
1118,1,z:c2r,nat-oop,1785,3880,15.856,2.173,1.250e-15,-,0
1118,1,z:c2r,nat-oop,1801,3878,15.713,2.153,1.250e-15,-,1
1119,1,z:c2r,nat-oop,10880,10313,2.604,0.948,9.163e-16,-,0
1119,1,z:c2r,nat-oop,10816,10246,2.619,0.947,9.163e-16,-,1
1120,1,z:c2r,nat-oop,763,883,37.163,1.157,6.917e-16,-,0
1120,1,z:c2r,nat-oop,769,877,36.891,1.141,6.917e-16,-,1
1121,1,z:c2r,nat-oop,11265,14144,2.520,1.255,6.774e-16,-,0
1121,1,z:c2r,nat-oop,11061,14139,2.567,1.278,6.774e-16,-,1
1122,1,z:c2r,nat-oop,1005,1697,28.270,1.688,1.225e-15,-,0
1122,1,z:c2r,nat-oop,992,1701,28.645,1.715,1.225e-15,-,1
1123,1,z:c2r,nat-oop,5858,10250,4.856,1.750,1.662e-15,-,0
1123,1,z:c2r,nat-oop,5814,10220,4.893,1.758,1.662e-15,-,1
1124,1,z:c2r,nat-oop,6619,4989,4.303,0.754,1.207e-15,-,0
1124,1,z:c2r,nat-oop,5190,4993,5.487,0.962,1.207e-15,-,1
1125,1,z:c2r,nat-oop,1954,1701,14.591,0.870,1.146e-15,-,0
1125,1,z:c2r,nat-oop,1934,1698,14.739,0.878,1.146e-15,-,1
1126,1,z:c2r,nat-oop,5074,4966,5.624,0.979,1.132e-15,-,0
1126,1,z:c2r,nat-oop,5128,4972,5.565,0.970,1.132e-15,-,1
1127,1,z:c2r,nat-oop,2537,4700,11.260,1.853,7.024e-16,-,0
1127,1,z:c2r,nat-oop,2545,4693,11.226,1.844,7.024e-16,-,1
1128,1,z:c2r,nat-oop,1351,3682,21.162,2.725,9.633e-16,-,0
1128,1,z:c2r,nat-oop,1336,3673,21.404,2.750,9.633e-16,-,1
1129,1,z:c2r,nat-oop,11759,10518,2.434,0.895,9.882e-16,-,0
1129,1,z:c2r,nat-oop,10991,10374,2.604,0.944,9.882e-16,-,1
1130,1,z:c2r,nat-oop,5156,4981,5.557,0.966,1.006e-15,-,0
1130,1,z:c2r,nat-oop,5131,4984,5.584,0.971,1.006e-15,-,1
1131,1,z:c2r,nat-oop,2590,6159,11.075,2.378,1.372e-15,-,0
1131,1,z:c2r,nat-oop,2580,6077,11.115,2.355,1.372e-15,-,1
1132,1,z:c2r,nat-oop,5102,4986,5.627,0.977,1.113e-15,-,0
1132,1,z:c2r,nat-oop,5212,4993,5.508,0.958,1.113e-15,-,1
1133,1,z:c2r,nat-oop,11552,10351,2.488,0.896,9.873e-16,-,0
1133,1,z:c2r,nat-oop,10864,10323,2.645,0.950,9.873e-16,-,1
1134,1,z:c2r,nat-oop,744,1029,38.648,1.382,1.186e-15,-,0
1134,1,z:c2r,nat-oop,731,1030,39.356,1.409,1.186e-15,-,1
1135,1,z:c2r,nat-oop,11250,10250,2.560,0.911,9.633e-16,-,0
1135,1,z:c2r,nat-oop,11099,10268,2.594,0.925,9.633e-16,-,1
1136,1,z:c2r,nat-oop,5120,5343,5.629,1.043,8.281e-16,-,0
1136,1,z:c2r,nat-oop,5123,5378,5.626,1.050,8.281e-16,-,1
1137,1,z:c2r,nat-oop,10927,10489,2.641,0.960,1.224e-15,-,0
1137,1,z:c2r,nat-oop,10971,10398,2.630,0.948,1.224e-15,-,1
1138,1,z:c2r,nat-oop,5008,5075,5.768,1.013,1.247e-15,-,0
1138,1,z:c2r,nat-oop,4996,5020,5.782,1.005,1.247e-15,-,1
1139,1,z:c2r,nat-oop,10956,16415,2.639,1.498,6.621e-16,-,0
1139,1,z:c2r,nat-oop,11107,16397,2.603,1.476,6.621e-16,-,1
1140,1,z:c2r,nat-oop,957,1747,30.250,1.826,1.107e-15,-,0
1140,1,z:c2r,nat-oop,969,1749,29.880,1.806,1.107e-15,-,1
1141,1,z:c2r,nat-oop,11162,10353,2.596,0.928,1.178e-15,-,0
1141,1,z:c2r,nat-oop,11083,10307,2.614,0.930,1.178e-15,-,1
1142,1,z:c2r,nat-oop,2809,4978,10.324,1.772,1.504e-15,-,0
1142,1,z:c2r,nat-oop,2723,4989,10.651,1.833,1.504e-15,-,1
1143,1,z:c2r,nat-oop,10937,10268,2.654,0.939,1.212e-15,-,0
1143,1,z:c2r,nat-oop,10935,10275,2.655,0.940,1.212e-15,-,1
1144,1,z:c2r,nat-oop,949,1092,30.635,1.152,1.301e-15,-,0
1144,1,z:c2r,nat-oop,953,1093,30.478,1.147,1.301e-15,-,1
1145,1,z:c2r,nat-oop,11388,10344,2.554,0.908,9.882e-16,-,0
1145,1,z:c2r,nat-oop,11034,10365,2.636,0.939,9.882e-16,-,1
1146,1,z:c2r,nat-oop,5020,5000,5.800,0.996,9.786e-16,-,0
1146,1,z:c2r,nat-oop,5126,4997,5.680,0.975,9.786e-16,-,1
1147,1,z:c2r,nat-oop,2954,10140,9.867,3.433,1.705e-15,-,0
1147,1,z:c2r,nat-oop,2915,10155,9.999,3.484,1.705e-15,-,1
1148,1,z:c2r,nat-oop,1443,3323,20.215,2.303,9.730e-16,-,0
1148,1,z:c2r,nat-oop,1441,3326,20.241,2.308,9.730e-16,-,1
1149,1,z:c2r,nat-oop,11102,10326,2.630,0.930,1.334e-15,-,0
1149,1,z:c2r,nat-oop,11136,10352,2.622,0.930,1.334e-15,-,1
1150,1,z:c2r,nat-oop,1003,2088,29.131,2.080,1.045e-15,-,0
1150,1,z:c2r,nat-oop,898,2093,32.550,2.331,1.045e-15,-,1
1151,1,z:c2r,nat-oop,7365,10298,3.973,1.398,1.618e-15,-,0
1151,1,z:c2r,nat-oop,6777,10270,4.318,1.515,1.618e-15,-,1
1152,1,z:c2r,nat-oop,585,942,50.100,1.611,7.906e-16,-,0
1152,1,z:c2r,nat-oop,586,937,49.991,1.599,7.906e-16,-,1
1153,1,z:c2r,nat-oop,4607,11877,6.364,2.578,1.272e-15,-,0
1153,1,z:c2r,nat-oop,4662,11863,6.289,2.545,1.272e-15,-,1
1154,1,z:c2r,nat-oop,2083,5129,14.092,2.463,1.417e-15,-,0
1154,1,z:c2r,nat-oop,2110,5133,13.908,2.433,1.417e-15,-,1
1155,1,z:c2r,nat-oop,2395,1824,12.265,0.761,9.199e-16,-,0
1155,1,z:c2r,nat-oop,2417,1814,12.155,0.750,9.199e-16,-,1
1156,1,z:c2r,nat-oop,1255,2309,23.437,1.840,1.674e-15,-,0
1156,1,z:c2r,nat-oop,1076,2310,27.316,2.146,1.674e-15,-,1
1157,1,z:c2r,nat-oop,10888,21534,2.703,1.978,8.097e-16,-,0
1157,1,z:c2r,nat-oop,11122,21505,2.647,1.934,8.097e-16,-,1
1158,1,z:c2r,nat-oop,5045,5112,5.841,1.013,1.243e-15,-,0
1158,1,z:c2r,nat-oop,5070,5106,5.812,1.007,1.243e-15,-,1
1159,1,z:c2r,nat-oop,11085,15179,2.661,1.369,7.312e-16,-,0
1159,1,z:c2r,nat-oop,11090,15199,2.659,1.371,7.312e-16,-,1
1160,1,z:c2r,nat-oop,1222,2357,24.153,1.928,9.755e-16,-,0
1160,1,z:c2r,nat-oop,1466,2358,20.138,1.608,9.755e-16,-,1
1161,1,z:c2r,nat-oop,5780,9011,5.112,1.559,1.045e-15,-,0
1161,1,z:c2r,nat-oop,5256,9004,5.622,1.713,1.045e-15,-,1
1162,1,z:c2r,nat-oop,4989,9083,5.928,1.820,9.448e-16,-,0
1162,1,z:c2r,nat-oop,5002,9091,5.914,1.818,9.448e-16,-,1
1163,1,z:c2r,nat-oop,11308,11821,2.619,1.045,8.832e-16,-,0
1163,1,z:c2r,nat-oop,11337,11819,2.612,1.042,8.832e-16,-,1
1164,1,z:c2r,nat-oop,4944,7825,5.995,1.583,8.714e-16,-,0
1164,1,z:c2r,nat-oop,6552,7817,4.523,1.193,8.714e-16,-,1
1165,1,z:c2r,nat-oop,10918,11861,2.717,1.086,1.089e-15,-,0
1165,1,z:c2r,nat-oop,11077,11883,2.678,1.073,1.089e-15,-,1
1166,1,z:c2r,nat-oop,5032,5224,5.901,1.038,1.115e-15,-,0
1166,1,z:c2r,nat-oop,4986,5223,5.956,1.048,1.115e-15,-,1
1167,1,z:c2r,nat-oop,10888,11904,2.730,1.093,1.126e-15,-,0
1167,1,z:c2r,nat-oop,11128,11819,2.671,1.062,1.126e-15,-,1
1168,1,z:c2r,nat-oop,5132,5722,5.798,1.115,9.438e-16,-,0
1168,1,z:c2r,nat-oop,5250,5719,5.668,1.089,9.438e-16,-,1
1169,1,z:c2r,nat-oop,10864,11897,2.741,1.095,9.531e-16,-,0
1169,1,z:c2r,nat-oop,10874,11886,2.739,1.093,9.531e-16,-,1
1170,1,z:c2r,nat-oop,935,1067,31.877,1.141,1.008e-15,-,0
1170,1,z:c2r,nat-oop,937,1061,31.821,1.133,1.008e-15,-,1
1171,1,z:c2r,nat-oop,5218,11772,5.718,2.256,1.429e-15,-,0
1171,1,z:c2r,nat-oop,5298,11775,5.633,2.223,1.429e-15,-,1
1172,1,z:c2r,nat-oop,5721,5147,5.221,0.900,1.056e-15,-,0
1172,1,z:c2r,nat-oop,4958,5180,6.025,1.045,1.056e-15,-,1
1173,1,z:c2r,nat-oop,3294,6211,9.078,1.886,1.465e-15,-,0
1173,1,z:c2r,nat-oop,3104,6220,9.631,2.003,1.465e-15,-,1
1174,1,z:c2r,nat-oop,5048,5132,5.929,1.017,1.089e-15,-,0
1174,1,z:c2r,nat-oop,5443,5126,5.499,0.942,1.089e-15,-,1
1175,1,z:c2r,nat-oop,2833,10184,10.576,3.595,1.034e-15,-,0
1175,1,z:c2r,nat-oop,2842,10212,10.540,3.593,1.034e-15,-,1
1176,1,z:c2r,nat-oop,812,1060,36.913,1.305,9.648e-16,-,0
1176,1,z:c2r,nat-oop,831,1061,36.103,1.277,9.648e-16,-,1
1177,1,z:c2r,nat-oop,10973,11926,2.735,1.087,9.945e-16,-,0
1177,1,z:c2r,nat-oop,12449,13502,2.411,1.085,9.945e-16,-,1
1178,1,z:c2r,nat-oop,2123,3705,14.153,1.745,1.124e-15,-,0
1178,1,z:c2r,nat-oop,1501,3735,20.011,2.487,1.124e-15,-,1
1179,1,z:c2r,nat-oop,10950,11750,2.747,1.073,9.394e-16,-,0
1179,1,z:c2r,nat-oop,11474,11949,2.621,1.041,9.394e-16,-,1
1180,1,z:c2r,nat-oop,5266,5171,5.716,0.982,9.401e-16,-,0
1180,1,z:c2r,nat-oop,5035,5180,5.978,1.029,9.401e-16,-,1
1181,1,z:c2r,nat-oop,11132,11824,2.707,1.062,1.232e-15,-,0
1181,1,z:c2r,nat-oop,10873,11844,2.771,1.089,1.232e-15,-,1
1182,1,z:c2r,nat-oop,4966,5129,6.073,1.033,1.226e-15,-,0
1182,1,z:c2r,nat-oop,5257,5129,5.737,0.976,1.226e-15,-,1
1183,1,z:c2r,nat-oop,2476,2269,12.194,0.916,1.278e-15,-,0
1183,1,z:c2r,nat-oop,2378,2273,12.694,0.956,1.278e-15,-,1
1184,1,z:c2r,nat-oop,2224,2638,13.589,1.186,8.478e-16,-,0
1184,1,z:c2r,nat-oop,2254,2638,13.409,1.171,8.478e-16,-,1
1185,1,z:c2r,nat-oop,11109,19049,2.723,1.715,8.598e-16,-,0
1185,1,z:c2r,nat-oop,11179,19061,2.706,1.705,8.598e-16,-,1
1186,1,z:c2r,nat-oop,3195,5198,9.477,1.627,1.635e-15,-,0
1186,1,z:c2r,nat-oop,3996,5157,7.577,1.290,1.635e-15,-,1
1187,1,z:c2r,nat-oop,10969,11884,2.763,1.083,1.059e-15,-,0
1187,1,z:c2r,nat-oop,11114,11866,2.727,1.068,1.059e-15,-,1
1188,1,z:c2r,nat-oop,943,1126,32.186,1.194,1.070e-15,-,0
1188,1,z:c2r,nat-oop,932,1126,32.550,1.208,1.070e-15,-,1
1189,1,z:c2r,nat-oop,5776,11218,5.258,1.942,8.196e-16,-,0
1189,1,z:c2r,nat-oop,6146,11234,4.941,1.828,8.196e-16,-,1
1190,1,z:c2r,nat-oop,1006,1776,30.199,1.764,1.085e-15,-,0
1190,1,z:c2r,nat-oop,1005,1776,30.241,1.767,1.085e-15,-,1
1191,1,z:c2r,nat-oop,10952,12167,2.778,1.111,1.153e-15,-,0
1191,1,z:c2r,nat-oop,12981,12110,2.344,0.933,1.153e-15,-,1
1192,1,z:c2r,nat-oop,5080,12847,5.994,2.529,8.566e-16,-,0
1192,1,z:c2r,nat-oop,4973,12851,6.123,2.584,8.566e-16,-,1
1193,1,z:c2r,nat-oop,11117,11924,2.742,1.073,1.102e-15,-,0
1193,1,z:c2r,nat-oop,10829,11940,2.815,1.103,1.102e-15,-,1
1194,1,z:c2r,nat-oop,5233,5237,5.831,1.001,1.365e-15,-,0
1194,1,z:c2r,nat-oop,5436,5161,5.613,0.949,1.365e-15,-,1
1195,1,z:c2r,nat-oop,12613,11822,2.421,0.937,9.423e-16,-,0
1195,1,z:c2r,nat-oop,10980,11790,2.781,1.074,9.423e-16,-,1
1196,1,z:c2r,nat-oop,1182,2348,25.859,1.986,1.710e-15,-,0
1196,1,z:c2r,nat-oop,1253,2353,24.400,1.878,1.710e-15,-,1
1197,1,z:c2r,nat-oop,2823,4288,10.839,1.519,1.675e-15,-,0
1197,1,z:c2r,nat-oop,2749,4275,11.129,1.555,1.675e-15,-,1
1198,1,z:c2r,nat-oop,5088,5154,6.019,1.013,1.155e-15,-,0
1198,1,z:c2r,nat-oop,5071,5138,6.040,1.013,1.155e-15,-,1
1199,1,z:c2r,nat-oop,10996,11896,2.788,1.082,9.452e-16,-,0
1199,1,z:c2r,nat-oop,10981,11886,2.792,1.082,9.452e-16,-,1
1200,1,z:c2r,nat-oop,811,1064,37.838,1.311,9.395e-16,-,0
1200,1,z:c2r,nat-oop,812,1067,37.778,1.314,9.395e-16,-,1
1201,1,z:c2r,nat-oop,7627,12089,4.027,1.585,1.462e-15,-,0
1201,1,z:c2r,nat-oop,7604,11934,4.039,1.569,1.462e-15,-,1
1202,1,z:c2r,nat-oop,3504,5175,8.774,1.477,1.587e-15,-,0
1202,1,z:c2r,nat-oop,3341,5455,9.201,1.633,1.587e-15,-,1
1203,1,z:c2r,nat-oop,11086,13221,2.776,1.193,9.661e-16,-,0
1203,1,z:c2r,nat-oop,11001,12323,2.798,1.120,9.661e-16,-,1
1204,1,z:c2r,nat-oop,1512,3627,20.367,2.398,1.001e-15,-,0
1204,1,z:c2r,nat-oop,1540,4111,19.999,2.669,1.001e-15,-,1
1205,1,z:c2r,nat-oop,11299,11948,2.729,1.057,9.243e-16,-,0
1205,1,z:c2r,nat-oop,13257,11892,2.326,0.897,9.243e-16,-,1
1206,1,z:c2r,nat-oop,5105,7151,6.045,1.401,9.948e-16,-,0
1206,1,z:c2r,nat-oop,4925,7154,6.267,1.453,9.948e-16,-,1
1207,1,z:c2r,nat-oop,11170,18576,2.766,1.663,7.712e-16,-,0
1207,1,z:c2r,nat-oop,11086,18573,2.786,1.675,7.712e-16,-,1
1208,1,z:c2r,nat-oop,5003,5152,6.181,1.030,1.223e-15,-,0
1208,1,z:c2r,nat-oop,5014,5152,6.167,1.028,1.223e-15,-,1
1209,1,z:c2r,nat-oop,3031,6970,10.212,2.300,9.125e-16,-,0
1209,1,z:c2r,nat-oop,2864,6962,10.806,2.431,9.125e-16,-,1
1210,1,z:c2r,nat-oop,973,1071,31.844,1.101,8.377e-16,-,0
1210,1,z:c2r,nat-oop,1018,1075,30.434,1.056,8.377e-16,-,1
1211,1,z:c2r,nat-oop,11189,11876,2.771,1.061,9.121e-16,-,0
1211,1,z:c2r,nat-oop,11223,11873,2.763,1.058,9.121e-16,-,1
1212,1,z:c2r,nat-oop,5295,8513,5.861,1.608,7.929e-16,-,0
1212,1,z:c2r,nat-oop,5340,8526,5.812,1.596,7.929e-16,-,1
1213,1,z:c2r,nat-oop,11172,11950,2.781,1.070,1.008e-15,-,0
1213,1,z:c2r,nat-oop,11160,11955,2.784,1.071,1.008e-15,-,1
1214,1,z:c2r,nat-oop,5070,5155,6.134,1.017,1.184e-15,-,0
1214,1,z:c2r,nat-oop,5967,5158,5.211,0.864,1.184e-15,-,1
1215,1,z:c2r,nat-oop,2527,1814,12.316,0.718,1.207e-15,-,0
1215,1,z:c2r,nat-oop,2380,1824,13.079,0.767,1.207e-15,-,1
1216,1,z:c2r,nat-oop,846,1864,36.840,2.204,8.299e-16,-,0
1216,1,z:c2r,nat-oop,858,1885,36.316,2.197,8.299e-16,-,1
1217,1,z:c2r,nat-oop,5228,11948,5.965,2.285,1.139e-15,-,0
1217,1,z:c2r,nat-oop,5225,11963,5.968,2.290,1.139e-15,-,1
1218,1,z:c2r,nat-oop,1120,2788,27.872,2.490,1.070e-15,-,0
1218,1,z:c2r,nat-oop,1275,2740,24.488,2.149,1.070e-15,-,1
1219,1,z:c2r,nat-oop,11112,14129,2.811,1.272,7.666e-16,-,0
1219,1,z:c2r,nat-oop,10984,14120,2.844,1.285,7.666e-16,-,1
1220,1,z:c2r,nat-oop,5014,5582,6.237,1.113,8.085e-16,-,0
1220,1,z:c2r,nat-oop,4964,5581,6.299,1.124,8.085e-16,-,1
1221,1,z:c2r,nat-oop,3087,8273,10.140,2.680,1.074e-15,-,0
1221,1,z:c2r,nat-oop,3022,8271,10.357,2.737,1.074e-15,-,1
1222,1,z:c2r,nat-oop,1542,4732,20.312,3.068,1.260e-15,-,0
1222,1,z:c2r,nat-oop,1546,4728,20.263,3.058,1.260e-15,-,1
1223,1,z:c2r,nat-oop,11155,11903,2.811,1.067,1.023e-15,-,0
1223,1,z:c2r,nat-oop,11219,11907,2.795,1.061,1.023e-15,-,1
1224,1,z:c2r,nat-oop,1061,1852,29.578,1.745,1.183e-15,-,0
1224,1,z:c2r,nat-oop,1127,1854,27.860,1.646,1.183e-15,-,1
1225,1,z:c2r,nat-oop,2260,1917,13.901,0.848,8.681e-16,-,0
1225,1,z:c2r,nat-oop,2248,1900,13.976,0.845,8.681e-16,-,1
1226,1,z:c2r,nat-oop,2938,5194,10.704,1.768,2.001e-15,-,0
1226,1,z:c2r,nat-oop,2874,5202,10.941,1.810,2.001e-15,-,1
1227,1,z:c2r,nat-oop,11144,11849,2.824,1.063,1.010e-15,-,0
1227,1,z:c2r,nat-oop,10956,11910,2.873,1.087,1.010e-15,-,1
1228,1,z:c2r,nat-oop,4992,5189,6.310,1.039,1.158e-15,-,0
1228,1,z:c2r,nat-oop,6591,5190,4.780,0.788,1.158e-15,-,1
1229,1,z:c2r,nat-oop,11009,12033,2.864,1.093,9.350e-16,-,0
1229,1,z:c2r,nat-oop,11254,11889,2.802,1.056,9.350e-16,-,1
1230,1,z:c2r,nat-oop,1907,4069,16.555,2.134,1.158e-15,-,0
1230,1,z:c2r,nat-oop,1865,4065,16.922,2.180,1.158e-15,-,1
1231,1,z:c2r,nat-oop,11005,12018,2.871,1.092,1.055e-15,-,0
1231,1,z:c2r,nat-oop,10994,12010,2.874,1.092,1.055e-15,-,1
1232,1,z:c2r,nat-oop,1054,1119,29.989,1.061,7.500e-16,-,0
1232,1,z:c2r,nat-oop,1177,1116,26.870,0.948,7.500e-16,-,1
1233,1,z:c2r,nat-oop,11252,11899,2.813,1.058,1.183e-15,-,0
1233,1,z:c2r,nat-oop,11052,12087,2.864,1.094,1.183e-15,-,1
1234,1,z:c2r,nat-oop,2605,5934,12.162,2.278,1.504e-15,-,0
1234,1,z:c2r,nat-oop,2540,5193,12.474,2.045,1.504e-15,-,1
1235,1,z:c2r,nat-oop,2607,4796,12.165,1.840,1.332e-15,-,0
1235,1,z:c2r,nat-oop,2506,4814,12.654,1.921,1.332e-15,-,1
1236,1,z:c2r,nat-oop,5041,8828,6.296,1.751,8.353e-16,-,0
1236,1,z:c2r,nat-oop,5058,8837,6.275,1.747,8.353e-16,-,1
1237,1,z:c2r,nat-oop,11138,12031,2.852,1.080,9.520e-16,-,0
1237,1,z:c2r,nat-oop,11174,12010,2.843,1.075,9.520e-16,-,1
1238,1,z:c2r,nat-oop,5050,5167,6.297,1.023,9.653e-16,-,0
1238,1,z:c2r,nat-oop,5035,5173,6.316,1.027,9.653e-16,-,1
1239,1,z:c2r,nat-oop,11010,14163,2.891,1.286,7.990e-16,-,0
1239,1,z:c2r,nat-oop,10998,14183,2.894,1.290,7.990e-16,-,1
1240,1,z:c2r,nat-oop,1442,2628,22.095,1.823,9.916e-16,-,0
1240,1,z:c2r,nat-oop,1360,2627,23.429,1.932,9.916e-16,-,1
1241,1,z:c2r,nat-oop,10975,19538,2.905,1.780,1.015e-15,-,0
1241,1,z:c2r,nat-oop,11000,19534,2.899,1.776,1.015e-15,-,1
1242,1,z:c2r,nat-oop,1210,2332,26.385,1.928,1.204e-15,-,0
1242,1,z:c2r,nat-oop,1131,2334,28.207,2.063,1.204e-15,-,1
1243,1,z:c2r,nat-oop,11517,11906,2.774,1.034,1.251e-15,-,0
1243,1,z:c2r,nat-oop,11007,11910,2.902,1.082,1.251e-15,-,1
1244,1,z:c2r,nat-oop,4991,5199,6.406,1.042,1.216e-15,-,0
1244,1,z:c2r,nat-oop,5041,5200,6.342,1.031,1.216e-15,-,1
1245,1,z:c2r,nat-oop,11094,21217,2.885,1.912,8.216e-16,-,0
1245,1,z:c2r,nat-oop,11218,21203,2.853,1.890,8.216e-16,-,1
1246,1,z:c2r,nat-oop,5019,10993,6.382,2.190,9.205e-16,-,0
1246,1,z:c2r,nat-oop,6211,10990,5.157,1.770,9.205e-16,-,1
1247,1,z:c2r,nat-oop,4265,12413,7.517,2.910,2.333e-15,-,0
1247,1,z:c2r,nat-oop,4146,12419,7.732,2.995,2.333e-15,-,1
1248,1,z:c2r,nat-oop,979,1138,32.775,1.162,1.161e-15,-,0
1248,1,z:c2r,nat-oop,971,1125,33.035,1.158,1.161e-15,-,1
1249,1,z:c2r,nat-oop,5777,12027,5.560,2.082,1.505e-15,-,0
1249,1,z:c2r,nat-oop,5767,12003,5.569,2.081,1.505e-15,-,1
1250,1,z:c2r,nat-oop,948,1096,33.896,1.156,9.591e-16,-,0
1250,1,z:c2r,nat-oop,904,1093,35.547,1.209,9.591e-16,-,1
1251,1,z:c2r,nat-oop,11106,11901,2.897,1.072,1.172e-15,-,0
1251,1,z:c2r,nat-oop,11127,11893,2.892,1.069,1.172e-15,-,1
1252,1,z:c2r,nat-oop,5405,5202,5.959,0.962,1.242e-15,-,0
1252,1,z:c2r,nat-oop,5476,5205,5.882,0.951,1.242e-15,-,1
1253,1,z:c2r,nat-oop,11153,11908,2.890,1.068,9.848e-16,-,0
1253,1,z:c2r,nat-oop,11165,11965,2.887,1.072,9.848e-16,-,1
1254,1,z:c2r,nat-oop,1347,2006,23.963,1.490,1.312e-15,-,0
1254,1,z:c2r,nat-oop,1347,2139,23.950,1.588,1.312e-15,-,1
1255,1,z:c2r,nat-oop,10989,11846,2.939,1.078,1.107e-15,-,0
1255,1,z:c2r,nat-oop,11229,11940,2.876,1.063,1.107e-15,-,1
1256,1,z:c2r,nat-oop,5328,5192,6.067,0.974,1.206e-15,-,0
1256,1,z:c2r,nat-oop,5178,5189,6.243,1.002,1.206e-15,-,1
1257,1,z:c2r,nat-oop,11096,12004,2.916,1.082,9.820e-16,-,0
1257,1,z:c2r,nat-oop,11970,12416,2.703,1.037,9.820e-16,-,1
1258,1,z:c2r,nat-oop,1412,4588,22.927,3.248,1.367e-15,-,0
1258,1,z:c2r,nat-oop,1389,4604,23.313,3.314,1.367e-15,-,1
1259,1,z:c2r,nat-oop,11258,11914,2.879,1.058,9.877e-16,-,0
1259,1,z:c2r,nat-oop,10977,11966,2.953,1.090,9.877e-16,-,1
1260,1,z:c2r,nat-oop,911,1094,35.614,1.201,9.139e-16,-,0
1260,1,z:c2r,nat-oop,890,1094,36.439,1.229,9.139e-16,-,1
1261,1,z:c2r,nat-oop,11285,12111,2.878,1.073,1.058e-15,-,0
1261,1,z:c2r,nat-oop,10878,12009,2.985,1.104,1.058e-15,-,1
1262,1,z:c2r,nat-oop,3319,5185,9.791,1.562,1.590e-15,-,0
1262,1,z:c2r,nat-oop,3158,5192,10.293,1.644,1.590e-15,-,1
1263,1,z:c2r,nat-oop,10971,11977,2.965,1.092,1.129e-15,-,0
1263,1,z:c2r,nat-oop,11031,11953,2.949,1.084,1.129e-15,-,1
1264,1,z:c2r,nat-oop,5202,6737,6.260,1.295,9.539e-16,-,0
1264,1,z:c2r,nat-oop,5400,6729,6.029,1.246,9.539e-16,-,1
1265,1,z:c2r,nat-oop,2795,5589,11.658,1.999,1.441e-15,-,0
1265,1,z:c2r,nat-oop,3013,5580,10.817,1.852,1.441e-15,-,1
1266,1,z:c2r,nat-oop,5405,5219,6.034,0.966,1.031e-15,-,0
1266,1,z:c2r,nat-oop,5429,5209,6.008,0.959,1.031e-15,-,1
1267,1,z:c2r,nat-oop,11023,11940,2.962,1.083,1.159e-15,-,0
1267,1,z:c2r,nat-oop,11031,11948,2.960,1.083,1.159e-15,-,1
1268,1,z:c2r,nat-oop,4934,5212,6.623,1.056,1.163e-15,-,0
1268,1,z:c2r,nat-oop,5004,5214,6.530,1.042,1.163e-15,-,1
1269,1,z:c2r,nat-oop,3461,11015,9.451,3.183,9.073e-16,-,0
1269,1,z:c2r,nat-oop,3422,11004,9.557,3.215,9.073e-16,-,1
1270,1,z:c2r,nat-oop,4999,5198,6.549,1.040,1.074e-15,-,0
1270,1,z:c2r,nat-oop,5215,5198,6.278,0.997,1.074e-15,-,1
1271,1,z:c2r,nat-oop,3635,12169,9.013,3.348,1.931e-15,-,0
1271,1,z:c2r,nat-oop,4292,12171,7.634,2.836,1.931e-15,-,1
1272,1,z:c2r,nat-oop,5087,4691,6.447,0.922,1.028e-15,-,0
1272,1,z:c2r,nat-oop,5024,4695,6.528,0.935,1.028e-15,-,1
1273,1,z:c2r,nat-oop,11035,18484,2.975,1.675,8.937e-16,-,0
1273,1,z:c2r,nat-oop,11478,18506,2.860,1.612,8.937e-16,-,1
1274,1,z:c2r,nat-oop,1066,1118,30.825,1.049,1.214e-15,-,0
1274,1,z:c2r,nat-oop,1061,1119,30.954,1.055,1.214e-15,-,1
1275,1,z:c2r,nat-oop,2689,4210,12.231,1.566,1.016e-15,-,0
1275,1,z:c2r,nat-oop,2694,4219,12.206,1.566,1.016e-15,-,1
1276,1,z:c2r,nat-oop,1413,2874,23.294,2.034,1.478e-15,-,0
1276,1,z:c2r,nat-oop,1396,2878,23.584,2.063,1.478e-15,-,1
1277,1,z:c2r,nat-oop,7925,12068,4.157,1.523,1.315e-15,-,0
1277,1,z:c2r,nat-oop,8721,12031,3.777,1.380,1.315e-15,-,1
1278,1,z:c2r,nat-oop,5022,8110,6.566,1.615,8.953e-16,-,0
1278,1,z:c2r,nat-oop,5044,8116,6.537,1.609,8.953e-16,-,1
1279,1,z:c2r,nat-oop,10979,12009,3.006,1.094,1.087e-15,-,0
1279,1,z:c2r,nat-oop,11267,11940,2.929,1.060,1.087e-15,-,1
1280,1,z:c2r,nat-oop,641,1086,51.555,1.695,8.002e-16,-,0
1280,1,z:c2r,nat-oop,634,1082,52.058,1.705,8.002e-16,-,1
1281,1,z:c2r,nat-oop,11052,15224,2.991,1.377,7.748e-16,-,0
1281,1,z:c2r,nat-oop,11796,15261,2.803,1.294,7.748e-16,-,1
1282,1,z:c2r,nat-oop,2093,6625,15.810,3.165,1.450e-15,-,0
1282,1,z:c2r,nat-oop,2098,6625,15.775,3.158,1.450e-15,-,1
1283,1,z:c2r,nat-oop,10849,13879,3.053,1.279,1.009e-15,-,0
1283,1,z:c2r,nat-oop,11052,13889,2.997,1.257,1.009e-15,-,1
1284,1,z:c2r,nat-oop,5038,10065,6.579,1.998,1.045e-15,-,0
1284,1,z:c2r,nat-oop,5016,9564,6.608,1.907,1.045e-15,-,1
1285,1,z:c2r,nat-oop,11018,13962,3.011,1.267,1.024e-15,-,0
1285,1,z:c2r,nat-oop,11245,13928,2.951,1.239,1.024e-15,-,1
1286,1,z:c2r,nat-oop,5238,6604,6.339,1.261,1.248e-15,-,0
1286,1,z:c2r,nat-oop,5112,6605,6.495,1.292,1.248e-15,-,1
1287,1,z:c2r,nat-oop,2758,2367,12.049,0.858,1.058e-15,-,0
1287,1,z:c2r,nat-oop,2756,2417,12.060,0.877,1.058e-15,-,1
1288,1,z:c2r,nat-oop,1048,2297,31.741,2.192,8.841e-16,-,0
1288,1,z:c2r,nat-oop,1089,2293,30.540,2.105,8.841e-16,-,1
1289,1,z:c2r,nat-oop,7042,13991,4.728,1.987,1.316e-15,-,0
1289,1,z:c2r,nat-oop,7516,13957,4.430,1.857,1.316e-15,-,1
1290,1,z:c2r,nat-oop,3187,4467,10.457,1.402,1.137e-15,-,0
1290,1,z:c2r,nat-oop,2150,4471,15.497,2.079,1.137e-15,-,1
1291,1,z:c2r,nat-oop,11042,13897,3.021,1.259,9.289e-16,-,0
1291,1,z:c2r,nat-oop,11247,13908,2.966,1.237,9.289e-16,-,1
1292,1,z:c2r,nat-oop,1258,2706,26.531,2.151,2.260e-15,-,0
1292,1,z:c2r,nat-oop,1300,2684,25.672,2.064,2.260e-15,-,1
1293,1,z:c2r,nat-oop,10989,13978,3.041,1.272,1.158e-15,-,0
1293,1,z:c2r,nat-oop,11029,13998,3.029,1.269,1.158e-15,-,1
1294,1,z:c2r,nat-oop,5060,6602,6.609,1.305,1.109e-15,-,0
1294,1,z:c2r,nat-oop,5294,6625,6.317,1.251,1.109e-15,-,1
1295,1,z:c2r,nat-oop,3040,8537,11.011,2.808,1.231e-15,-,0
1295,1,z:c2r,nat-oop,2947,8539,11.357,2.897,1.231e-15,-,1
1296,1,z:c2r,nat-oop,892,1149,37.576,1.289,8.667e-16,-,0
1296,1,z:c2r,nat-oop,890,1154,37.655,1.297,8.667e-16,-,1
1297,1,z:c2r,nat-oop,8429,14012,3.978,1.662,1.293e-15,-,0
1297,1,z:c2r,nat-oop,8828,13949,3.798,1.580,1.293e-15,-,1
1298,1,z:c2r,nat-oop,5138,6547,6.532,1.274,1.051e-15,-,0
1298,1,z:c2r,nat-oop,5233,6551,6.413,1.252,1.051e-15,-,1
1299,1,z:c2r,nat-oop,11786,13958,2.850,1.184,1.012e-15,-,0
1299,1,z:c2r,nat-oop,11000,13893,3.054,1.263,1.012e-15,-,1
1300,1,z:c2r,nat-oop,996,1249,33.746,1.253,1.277e-15,-,0
1300,1,z:c2r,nat-oop,984,1253,34.163,1.273,1.277e-15,-,1
1301,1,z:c2r,nat-oop,8324,13978,4.042,1.679,1.571e-15,-,0
1301,1,z:c2r,nat-oop,10339,13972,3.255,1.351,1.571e-15,-,1
1302,1,z:c2r,nat-oop,1285,3143,26.200,2.445,1.136e-15,-,0
1302,1,z:c2r,nat-oop,1461,3085,23.050,2.111,1.136e-15,-,1
1303,1,z:c2r,nat-oop,11026,13907,3.057,1.261,1.240e-15,-,0
1303,1,z:c2r,nat-oop,11039,13897,3.053,1.259,1.240e-15,-,1
1304,1,z:c2r,nat-oop,6147,6609,5.488,1.075,1.248e-15,-,0
1304,1,z:c2r,nat-oop,5552,6613,6.076,1.191,1.248e-15,-,1
1305,1,z:c2r,nat-oop,3050,6747,11.072,2.212,9.710e-16,-,0
1305,1,z:c2r,nat-oop,2988,6750,11.301,2.259,9.710e-16,-,1
1306,1,z:c2r,nat-oop,5801,6656,5.826,1.147,9.752e-16,-,0
1306,1,z:c2r,nat-oop,5009,6641,6.747,1.326,9.752e-16,-,1
1307,1,z:c2r,nat-oop,11259,13894,3.004,1.234,9.444e-16,-,0
1307,1,z:c2r,nat-oop,11263,13918,3.003,1.236,9.444e-16,-,1
1308,1,z:c2r,nat-oop,5072,10006,6.675,1.973,9.453e-16,-,0
1308,1,z:c2r,nat-oop,5309,10008,6.377,1.885,9.453e-16,-,1
1309,1,z:c2r,nat-oop,3096,4598,10.945,1.485,1.289e-15,-,0
1309,1,z:c2r,nat-oop,2843,4609,11.918,1.621,1.289e-15,-,1
1310,1,z:c2r,nat-oop,5174,6634,6.554,1.282,1.078e-15,-,0
1310,1,z:c2r,nat-oop,5396,6619,6.284,1.227,1.078e-15,-,1
1311,1,z:c2r,nat-oop,3126,7122,10.859,2.278,1.038e-15,-,0
1311,1,z:c2r,nat-oop,3110,7118,10.914,2.289,1.038e-15,-,1
1312,1,z:c2r,nat-oop,1684,3266,20.180,1.940,9.208e-16,-,0
1312,1,z:c2r,nat-oop,1708,3262,19.889,1.910,9.208e-16,-,1
1313,1,z:c2r,nat-oop,11055,14005,3.076,1.267,1.038e-15,-,0
1313,1,z:c2r,nat-oop,11268,14003,3.018,1.243,1.038e-15,-,1
1314,1,z:c2r,nat-oop,5268,8676,6.460,1.647,1.117e-15,-,0
1314,1,z:c2r,nat-oop,5275,8683,6.451,1.646,1.117e-15,-,1
1315,1,z:c2r,nat-oop,11032,13931,3.087,1.263,1.128e-15,-,0
1315,1,z:c2r,nat-oop,11097,13926,3.069,1.255,1.128e-15,-,1
1316,1,z:c2r,nat-oop,1778,4435,19.177,2.495,9.153e-16,-,0
1316,1,z:c2r,nat-oop,1778,4429,19.178,2.492,9.153e-16,-,1
1317,1,z:c2r,nat-oop,11025,13975,3.095,1.268,9.245e-16,-,0
1317,1,z:c2r,nat-oop,11042,14010,3.090,1.269,9.245e-16,-,1
1318,1,z:c2r,nat-oop,5071,6623,6.735,1.306,1.186e-15,-,0
1318,1,z:c2r,nat-oop,5111,6647,6.681,1.300,1.186e-15,-,1
1319,1,z:c2r,nat-oop,11234,13954,3.042,1.242,1.104e-15,-,0
1319,1,z:c2r,nat-oop,11258,13878,3.036,1.233,1.104e-15,-,1
1320,1,z:c2r,nat-oop,1011,1240,33.833,1.226,1.027e-15,-,0
1320,1,z:c2r,nat-oop,1014,1238,33.738,1.221,1.027e-15,-,1
1321,1,z:c2r,nat-oop,6438,14041,5.318,2.181,1.179e-15,-,0
1321,1,z:c2r,nat-oop,6318,14019,5.419,2.219,1.179e-15,-,1
1322,1,z:c2r,nat-oop,3186,6694,10.754,2.101,1.737e-15,-,0
1322,1,z:c2r,nat-oop,3364,6665,10.186,1.981,1.737e-15,-,1
1323,1,z:c2r,nat-oop,2551,1998,13.443,0.783,1.002e-15,-,0
1323,1,z:c2r,nat-oop,2520,1981,13.609,0.786,1.002e-15,-,1
1324,1,z:c2r,nat-oop,5263,6661,6.522,1.266,1.272e-15,-,0
1324,1,z:c2r,nat-oop,5312,6699,6.462,1.261,1.272e-15,-,1
1325,1,z:c2r,nat-oop,11450,13387,3.001,1.169,1.405e-15,-,0
1325,1,z:c2r,nat-oop,11036,13356,3.113,1.210,1.405e-15,-,1
1326,1,z:c2r,nat-oop,1595,2192,21.564,1.375,1.508e-15,-,0
1326,1,z:c2r,nat-oop,1710,2070,20.107,1.211,1.508e-15,-,1
1327,1,z:c2r,nat-oop,7391,13956,4.657,1.888,1.823e-15,-,0
1327,1,z:c2r,nat-oop,6808,13935,5.055,2.047,1.823e-15,-,1
1328,1,z:c2r,nat-oop,5326,7482,6.467,1.405,9.045e-16,-,0
1328,1,z:c2r,nat-oop,5205,7469,6.618,1.435,9.045e-16,-,1
1329,1,z:c2r,nat-oop,11008,14030,3.132,1.275,1.270e-15,-,0
1329,1,z:c2r,nat-oop,11093,14023,3.108,1.264,1.270e-15,-,1
1330,1,z:c2r,nat-oop,1121,2164,30.785,1.931,1.111e-15,-,0
1330,1,z:c2r,nat-oop,1117,2095,30.877,1.874,1.111e-15,-,1
1331,1,z:c2r,nat-oop,2831,2752,12.198,0.972,8.458e-16,-,0
1331,1,z:c2r,nat-oop,2730,2904,12.648,1.064,8.458e-16,-,1
1332,1,z:c2r,nat-oop,1467,3391,23.567,2.312,1.118e-15,-,0
1332,1,z:c2r,nat-oop,1466,3358,23.573,2.290,1.118e-15,-,1
1333,1,z:c2r,nat-oop,5462,13455,6.334,2.463,1.013e-15,-,0
1333,1,z:c2r,nat-oop,7959,13408,4.346,1.685,1.013e-15,-,1
1334,1,z:c2r,nat-oop,1856,4393,18.659,2.367,1.253e-15,-,0
1334,1,z:c2r,nat-oop,1935,4401,17.894,2.274,1.253e-15,-,1
1335,1,z:c2r,nat-oop,11145,24501,3.109,2.198,8.401e-16,-,0
1335,1,z:c2r,nat-oop,11044,24505,3.138,2.219,8.401e-16,-,1
1336,1,z:c2r,nat-oop,6489,6638,5.344,1.023,1.230e-15,-,0
1336,1,z:c2r,nat-oop,5249,6645,6.608,1.266,1.230e-15,-,1
1337,1,z:c2r,nat-oop,11226,14070,3.092,1.253,1.253e-15,-,0
1337,1,z:c2r,nat-oop,11222,14056,3.093,1.253,1.253e-15,-,1
1338,1,z:c2r,nat-oop,5076,6690,6.845,1.318,9.333e-16,-,0
1338,1,z:c2r,nat-oop,5293,6673,6.563,1.261,9.333e-16,-,1
1339,1,z:c2r,nat-oop,11233,13957,3.095,1.242,1.046e-15,-,0
1339,1,z:c2r,nat-oop,11310,13948,3.074,1.233,1.046e-15,-,1
1340,1,z:c2r,nat-oop,5050,6699,6.891,1.327,9.447e-16,-,0
1340,1,z:c2r,nat-oop,5044,6856,6.899,1.359,9.447e-16,-,1
1341,1,z:c2r,nat-oop,11103,14135,3.137,1.273,1.106e-15,-,0
1341,1,z:c2r,nat-oop,11063,14049,3.148,1.270,1.106e-15,-,1
1342,1,z:c2r,nat-oop,5156,7146,6.761,1.386,1.016e-15,-,0
1342,1,z:c2r,nat-oop,5179,7145,6.731,1.380,1.016e-15,-,1
1343,1,z:c2r,nat-oop,11325,23197,3.081,2.048,6.991e-16,-,0
1343,1,z:c2r,nat-oop,11326,23182,3.081,2.047,6.991e-16,-,1
1344,1,z:c2r,nat-oop,863,1148,40.439,1.329,8.146e-16,-,0
1344,1,z:c2r,nat-oop,758,1146,46.085,1.513,8.146e-16,-,1
1345,1,z:c2r,nat-oop,11520,14052,3.034,1.220,9.533e-16,-,0
1345,1,z:c2r,nat-oop,11057,14075,3.161,1.273,9.533e-16,-,1
1346,1,z:c2r,nat-oop,2768,6674,12.638,2.412,1.535e-15,-,0
1346,1,z:c2r,nat-oop,2913,6698,12.009,2.300,1.535e-15,-,1
1347,1,z:c2r,nat-oop,11212,13990,3.122,1.248,1.025e-15,-,0
1347,1,z:c2r,nat-oop,11242,14066,3.114,1.251,1.025e-15,-,1
1348,1,z:c2r,nat-oop,5242,6674,6.684,1.273,1.553e-15,-,0
1348,1,z:c2r,nat-oop,5096,6672,6.876,1.309,1.553e-15,-,1
1349,1,z:c2r,nat-oop,11116,20961,3.154,1.886,1.142e-15,-,0
1349,1,z:c2r,nat-oop,11089,20909,3.162,1.886,1.142e-15,-,1
1350,1,z:c2r,nat-oop,1022,1227,34.341,1.201,1.166e-15,-,0
1350,1,z:c2r,nat-oop,1131,1232,31.042,1.090,1.166e-15,-,1
1351,1,z:c2r,nat-oop,11396,13962,3.082,1.225,1.035e-15,-,0
1351,1,z:c2r,nat-oop,11814,14012,2.973,1.186,1.035e-15,-,1
1352,1,z:c2r,nat-oop,1199,1303,29.332,1.087,1.295e-15,-,0
1352,1,z:c2r,nat-oop,1166,1301,30.144,1.115,1.295e-15,-,1
1353,1,z:c2r,nat-oop,3628,10226,9.698,2.819,9.324e-16,-,0
1353,1,z:c2r,nat-oop,3610,10163,9.748,2.816,9.324e-16,-,1
1354,1,z:c2r,nat-oop,3854,6685,9.138,1.735,1.865e-15,-,0
1354,1,z:c2r,nat-oop,3210,6717,10.969,2.092,1.865e-15,-,1
1355,1,z:c2r,nat-oop,11250,13998,3.133,1.244,1.046e-15,-,0
1355,1,z:c2r,nat-oop,11286,13973,3.123,1.238,1.046e-15,-,1
1356,1,z:c2r,nat-oop,6417,10801,5.497,1.683,9.887e-16,-,0
1356,1,z:c2r,nat-oop,5280,10779,6.681,2.042,9.887e-16,-,1
1357,1,z:c2r,nat-oop,11338,17657,3.114,1.557,8.644e-16,-,0
1357,1,z:c2r,nat-oop,11334,17639,3.115,1.556,8.644e-16,-,1
1358,1,z:c2r,nat-oop,5055,6649,6.990,1.315,1.109e-15,-,0
1358,1,z:c2r,nat-oop,5062,6644,6.980,1.312,1.109e-15,-,1
1359,1,z:c2r,nat-oop,11471,13982,3.083,1.219,1.106e-15,-,0
1359,1,z:c2r,nat-oop,13113,13978,2.697,1.066,1.106e-15,-,1
1360,1,z:c2r,nat-oop,1146,2000,30.882,1.745,1.240e-15,-,0
1360,1,z:c2r,nat-oop,1133,2008,31.248,1.773,1.240e-15,-,1
1361,1,z:c2r,nat-oop,6969,14080,5.083,2.020,1.562e-15,-,0
1361,1,z:c2r,nat-oop,6718,14069,5.273,2.094,1.562e-15,-,1
1362,1,z:c2r,nat-oop,5204,6683,6.812,1.284,1.409e-15,-,0
1362,1,z:c2r,nat-oop,5166,6733,6.862,1.303,1.409e-15,-,1
1363,1,z:c2r,nat-oop,4457,14765,7.961,3.313,1.116e-15,-,0
1363,1,z:c2r,nat-oop,5744,14761,6.177,2.570,1.116e-15,-,1
1364,1,z:c2r,nat-oop,1545,3196,22.982,2.069,3.282e-15,-,0
1364,1,z:c2r,nat-oop,1530,3192,23.208,2.086,3.282e-15,-,1
1365,1,z:c2r,nat-oop,3295,2270,10.787,0.689,9.759e-16,-,0
1365,1,z:c2r,nat-oop,3278,2270,10.841,0.692,9.759e-16,-,1
1366,1,z:c2r,nat-oop,6651,6690,5.348,1.006,9.977e-16,-,0
1366,1,z:c2r,nat-oop,5158,6665,6.896,1.292,9.977e-16,-,1
1367,1,z:c2r,nat-oop,11329,13987,3.142,1.235,9.928e-16,-,0
1367,1,z:c2r,nat-oop,11051,13997,3.221,1.267,9.928e-16,-,1
1368,1,z:c2r,nat-oop,1395,2187,25.537,1.567,9.950e-16,-,0
1368,1,z:c2r,nat-oop,1303,2188,27.344,1.679,9.950e-16,-,1
1369,1,z:c2r,nat-oop,6669,13235,5.347,1.985,9.843e-16,-,0
1369,1,z:c2r,nat-oop,6705,13255,5.318,1.977,9.843e-16,-,1
1370,1,z:c2r,nat-oop,5051,6702,7.065,1.327,1.043e-15,-,0
1370,1,z:c2r,nat-oop,5143,7304,6.939,1.420,1.043e-15,-,1
1371,1,z:c2r,nat-oop,11066,13990,3.228,1.264,9.793e-16,-,0
1371,1,z:c2r,nat-oop,11087,13993,3.222,1.262,9.793e-16,-,1
1372,1,z:c2r,nat-oop,1300,1353,27.492,1.041,9.020e-16,-,0
1372,1,z:c2r,nat-oop,1140,1349,31.354,1.183,9.020e-16,-,1
1373,1,z:c2r,nat-oop,11025,14093,3.245,1.278,1.035e-15,-,0
1373,1,z:c2r,nat-oop,11121,14113,3.217,1.269,1.035e-15,-,1
1374,1,z:c2r,nat-oop,5063,6660,7.073,1.316,1.207e-15,-,0
1374,1,z:c2r,nat-oop,5144,6660,6.962,1.295,1.207e-15,-,1
1375,1,z:c2r,nat-oop,3641,2275,9.843,0.625,7.491e-16,-,0
1375,1,z:c2r,nat-oop,2858,2270,12.541,0.794,7.491e-16,-,1
1376,1,z:c2r,nat-oop,1619,3581,22.158,2.212,1.257e-15,-,0
1376,1,z:c2r,nat-oop,1631,3584,21.993,2.198,1.257e-15,-,1
1377,1,z:c2r,nat-oop,3259,4543,11.015,1.394,1.185e-15,-,0
1377,1,z:c2r,nat-oop,3178,4531,11.297,1.426,1.185e-15,-,1
1378,1,z:c2r,nat-oop,5421,6441,6.627,1.188,9.699e-16,-,0
1378,1,z:c2r,nat-oop,5152,6258,6.973,1.215,9.699e-16,-,1
1379,1,z:c2r,nat-oop,11131,14012,3.230,1.259,1.058e-15,-,0
1379,1,z:c2r,nat-oop,11109,14047,3.237,1.264,1.058e-15,-,1
1380,1,z:c2r,nat-oop,1235,2412,29.139,1.953,9.558e-16,-,0
1380,1,z:c2r,nat-oop,1231,2417,29.240,1.964,9.558e-16,-,1
1381,1,z:c2r,nat-oop,9127,14184,3.946,1.554,1.423e-15,-,0
1381,1,z:c2r,nat-oop,8510,14128,4.232,1.660,1.423e-15,-,1
1382,1,z:c2r,nat-oop,3638,6676,9.908,1.835,1.885e-15,-,0
1382,1,z:c2r,nat-oop,3851,6665,9.359,1.730,1.885e-15,-,1
1383,1,z:c2r,nat-oop,11381,14027,3.170,1.232,1.534e-15,-,0
1383,1,z:c2r,nat-oop,11361,14028,3.175,1.235,1.534e-15,-,1
1384,1,z:c2r,nat-oop,5254,6675,6.872,1.271,1.129e-15,-,0
1384,1,z:c2r,nat-oop,5266,6675,6.856,1.267,1.129e-15,-,1
1385,1,z:c2r,nat-oop,11260,14144,3.209,1.256,9.867e-16,-,0
1385,1,z:c2r,nat-oop,11284,14152,3.202,1.254,9.867e-16,-,1
1386,1,z:c2r,nat-oop,1286,1253,28.115,0.974,1.287e-15,-,0
1386,1,z:c2r,nat-oop,1275,1256,28.364,0.985,1.287e-15,-,1
1387,1,z:c2r,nat-oop,11284,21986,3.207,1.948,8.361e-16,-,0
1387,1,z:c2r,nat-oop,11287,22008,3.207,1.950,8.361e-16,-,1
1388,1,z:c2r,nat-oop,5132,6775,7.058,1.320,1.079e-15,-,0
1388,1,z:c2r,nat-oop,5071,6707,7.142,1.323,1.079e-15,-,1
1389,1,z:c2r,nat-oop,11089,14122,3.269,1.274,1.088e-15,-,0
1389,1,z:c2r,nat-oop,11313,14132,3.205,1.249,1.088e-15,-,1
1390,1,z:c2r,nat-oop,5173,6922,7.013,1.338,1.206e-15,-,0
1390,1,z:c2r,nat-oop,5197,6668,6.981,1.283,1.206e-15,-,1
1391,1,z:c2r,nat-oop,11236,14010,3.232,1.247,1.050e-15,-,0
1391,1,z:c2r,nat-oop,11139,14023,3.260,1.259,1.050e-15,-,1
1392,1,z:c2r,nat-oop,1411,2924,25.763,2.073,8.780e-16,-,0
1392,1,z:c2r,nat-oop,1421,2923,25.567,2.056,8.780e-16,-,1
1393,1,z:c2r,nat-oop,11407,14132,3.188,1.239,1.213e-15,-,0
1393,1,z:c2r,nat-oop,11191,14148,3.250,1.264,1.213e-15,-,1
1394,1,z:c2r,nat-oop,2981,5630,12.212,1.889,1.133e-15,-,0
1394,1,z:c2r,nat-oop,3813,5614,9.546,1.472,1.133e-15,-,1
1395,1,z:c2r,nat-oop,3377,7730,10.788,2.289,1.004e-15,-,0
1395,1,z:c2r,nat-oop,3830,7743,9.511,2.021,1.004e-15,-,1
1396,1,z:c2r,nat-oop,5156,6709,7.071,1.301,1.166e-15,-,0
1396,1,z:c2r,nat-oop,5157,6708,7.070,1.301,1.166e-15,-,1
1397,1,z:c2r,nat-oop,11245,14161,3.245,1.259,8.854e-16,-,0
1397,1,z:c2r,nat-oop,11252,14107,3.243,1.254,8.854e-16,-,1
1398,1,z:c2r,nat-oop,5159,6719,7.079,1.302,1.535e-15,-,0
1398,1,z:c2r,nat-oop,5163,6696,7.073,1.297,1.535e-15,-,1
1399,1,z:c2r,nat-oop,10965,14048,3.333,1.281,1.354e-15,-,0
1399,1,z:c2r,nat-oop,13535,14129,2.700,1.044,1.354e-15,-,1
1400,1,z:c2r,nat-oop,1064,1211,34.382,1.138,8.926e-16,-,0
1400,1,z:c2r,nat-oop,1047,1217,34.930,1.162,8.926e-16,-,1
1401,1,z:c2r,nat-oop,11267,14147,3.249,1.256,1.011e-15,-,0
1401,1,z:c2r,nat-oop,11128,14139,3.290,1.271,1.011e-15,-,1
1402,1,z:c2r,nat-oop,4148,6713,8.833,1.618,1.623e-15,-,0
1402,1,z:c2r,nat-oop,3849,6734,9.519,1.749,1.623e-15,-,1
1403,1,z:c2r,nat-oop,11305,18882,3.244,1.670,9.190e-16,-,0
1403,1,z:c2r,nat-oop,11273,18894,3.253,1.676,9.190e-16,-,1
1404,1,z:c2r,nat-oop,1120,1353,32.767,1.208,1.317e-15,-,0
1404,1,z:c2r,nat-oop,1372,1355,26.746,0.987,1.317e-15,-,1
1405,1,z:c2r,nat-oop,11323,14113,3.244,1.246,1.057e-15,-,0
1405,1,z:c2r,nat-oop,11278,14181,3.257,1.257,1.057e-15,-,1
1406,1,z:c2r,nat-oop,2106,5179,17.452,2.459,1.080e-15,-,0
1406,1,z:c2r,nat-oop,2810,5213,13.083,1.855,1.080e-15,-,1
1407,1,z:c2r,nat-oop,11095,18727,3.316,1.688,1.399e-15,-,0
1407,1,z:c2r,nat-oop,13479,18737,2.729,1.390,1.399e-15,-,1
1408,1,z:c2r,nat-oop,840,1182,43.816,1.407,8.481e-16,-,0
1408,1,z:c2r,nat-oop,838,1180,43.936,1.408,8.481e-16,-,1
1409,1,z:c2r,nat-oop,5957,14177,6.186,2.380,1.377e-15,-,0
1409,1,z:c2r,nat-oop,7558,17261,4.875,2.284,1.377e-15,-,1
1410,1,z:c2r,nat-oop,2569,5440,14.353,2.117,1.055e-15,-,0
1410,1,z:c2r,nat-oop,2668,5442,13.823,2.040,1.055e-15,-,1
1411,1,z:c2r,nat-oop,11453,25604,3.222,2.235,1.376e-15,-,0
1411,1,z:c2r,nat-oop,11329,25684,3.258,2.267,1.376e-15,-,1
1412,1,z:c2r,nat-oop,5115,6729,7.222,1.316,1.120e-15,-,0
1412,1,z:c2r,nat-oop,5070,6727,7.285,1.327,1.120e-15,-,1
1413,1,z:c2r,nat-oop,11260,14153,3.283,1.257,1.091e-15,-,0
1413,1,z:c2r,nat-oop,11353,14152,3.256,1.247,1.091e-15,-,1
1414,1,z:c2r,nat-oop,5176,6685,7.147,1.292,1.208e-15,-,0
1414,1,z:c2r,nat-oop,5097,6692,7.258,1.313,1.208e-15,-,1
1415,1,z:c2r,nat-oop,11233,14066,3.296,1.252,1.104e-15,-,0
1415,1,z:c2r,nat-oop,11249,14049,3.291,1.249,1.104e-15,-,1
1416,1,z:c2r,nat-oop,5366,5813,6.905,1.083,1.085e-15,-,0
1416,1,z:c2r,nat-oop,5365,5814,6.907,1.084,1.085e-15,-,1
1417,1,z:c2r,nat-oop,11179,14186,3.317,1.269,9.023e-16,-,0
1417,1,z:c2r,nat-oop,11413,14167,3.249,1.241,9.023e-16,-,1
1418,1,z:c2r,nat-oop,5147,6734,7.212,1.308,1.332e-15,-,0
1418,1,z:c2r,nat-oop,5125,6742,7.242,1.316,1.332e-15,-,1
1419,1,z:c2r,nat-oop,4017,11363,9.248,2.829,1.103e-15,-,0
1419,1,z:c2r,nat-oop,3786,11351,9.812,2.998,1.103e-15,-,1
1420,1,z:c2r,nat-oop,5086,7538,7.309,1.482,8.268e-16,-,0
1420,1,z:c2r,nat-oop,5098,7652,7.292,1.501,8.268e-16,-,1
1421,1,z:c2r,nat-oop,3553,7332,10.472,2.064,1.077e-15,-,0
1421,1,z:c2r,nat-oop,3680,7332,10.110,1.993,1.077e-15,-,1
1422,1,z:c2r,nat-oop,5190,10346,7.174,1.993,1.218e-15,-,0
1422,1,z:c2r,nat-oop,5145,10377,7.238,2.017,1.218e-15,-,1
1423,1,z:c2r,nat-oop,11351,14075,3.283,1.240,1.048e-15,-,0
1423,1,z:c2r,nat-oop,14170,14078,2.630,0.994,1.048e-15,-,1
1424,1,z:c2r,nat-oop,6651,8729,5.607,1.312,7.770e-16,-,0
1424,1,z:c2r,nat-oop,5333,8723,6.993,1.636,7.770e-16,-,1
1425,1,z:c2r,nat-oop,2765,5175,13.497,1.871,9.792e-16,-,0
1425,1,z:c2r,nat-oop,2761,5169,13.520,1.873,9.792e-16,-,1
1426,1,z:c2r,nat-oop,2163,4882,17.271,2.257,1.230e-15,-,0
1426,1,z:c2r,nat-oop,2256,4870,16.557,2.159,1.230e-15,-,1
1427,1,z:c2r,nat-oop,11137,14079,3.357,1.264,1.018e-15,-,0
1427,1,z:c2r,nat-oop,11125,14051,3.360,1.263,1.018e-15,-,1
1428,1,z:c2r,nat-oop,1383,2102,27.056,1.520,1.097e-15,-,0
1428,1,z:c2r,nat-oop,1415,2105,26.447,1.488,1.097e-15,-,1
1429,1,z:c2r,nat-oop,8492,14182,4.409,1.670,1.556e-15,-,0
1429,1,z:c2r,nat-oop,8955,14162,4.181,1.581,1.556e-15,-,1
1430,1,z:c2r,nat-oop,1339,1294,27.978,0.966,1.265e-15,-,0
1430,1,z:c2r,nat-oop,1355,1292,27.655,0.954,1.265e-15,-,1
1431,1,z:c2r,nat-oop,14800,14402,2.534,0.973,1.456e-15,-,0
1431,1,z:c2r,nat-oop,11228,14415,3.340,1.284,1.456e-15,-,1
1432,1,z:c2r,nat-oop,5289,6749,7.096,1.276,1.235e-15,-,0
1432,1,z:c2r,nat-oop,5287,6708,7.099,1.269,1.235e-15,-,1
1433,1,z:c2r,nat-oop,11140,14185,3.372,1.273,1.073e-15,-,0
1433,1,z:c2r,nat-oop,11360,14174,3.306,1.248,1.073e-15,-,1
1434,1,z:c2r,nat-oop,5249,6744,7.161,1.285,1.208e-15,-,0
1434,1,z:c2r,nat-oop,5231,6752,7.187,1.291,1.208e-15,-,1
1435,1,z:c2r,nat-oop,3890,10508,9.671,2.701,1.047e-15,-,0
1435,1,z:c2r,nat-oop,3940,10501,9.548,2.665,1.047e-15,-,1
1436,1,z:c2r,nat-oop,5164,6742,7.292,1.306,1.203e-15,-,0
1436,1,z:c2r,nat-oop,5153,6752,7.307,1.310,1.203e-15,-,1
1437,1,z:c2r,nat-oop,11365,14198,3.315,1.249,9.401e-16,-,0
1437,1,z:c2r,nat-oop,11164,14230,3.375,1.275,9.401e-16,-,1
1438,1,z:c2r,nat-oop,5091,6722,7.408,1.320,1.244e-15,-,0
1438,1,z:c2r,nat-oop,5183,6694,7.276,1.292,1.244e-15,-,1
1439,1,z:c2r,nat-oop,11374,14139,3.318,1.243,1.073e-15,-,0
1439,1,z:c2r,nat-oop,11364,14124,3.321,1.243,1.073e-15,-,1
1440,1,z:c2r,nat-oop,978,1236,38.634,1.264,9.976e-16,-,0
1440,1,z:c2r,nat-oop,985,1236,38.347,1.254,9.976e-16,-,1
1441,1,z:c2r,nat-oop,11138,14182,3.394,1.273,9.497e-16,-,0
1441,1,z:c2r,nat-oop,11159,14197,3.387,1.272,9.497e-16,-,1
1442,1,z:c2r,nat-oop,5359,6748,7.059,1.259,1.130e-15,-,0
1442,1,z:c2r,nat-oop,5357,6759,7.062,1.262,1.130e-15,-,1
1443,1,z:c2r,nat-oop,3724,9956,10.166,2.673,1.415e-15,-,0
1443,1,z:c2r,nat-oop,3645,9914,10.388,2.720,1.415e-15,-,1
1444,1,z:c2r,nat-oop,1528,3100,24.800,2.029,2.111e-15,-,0
1444,1,z:c2r,nat-oop,1614,3101,23.472,1.921,2.111e-15,-,1
1445,1,z:c2r,nat-oop,3402,6466,11.145,1.900,1.425e-15,-,0
1445,1,z:c2r,nat-oop,3212,6471,11.804,2.014,1.425e-15,-,1
1446,1,z:c2r,nat-oop,7762,6716,4.889,0.865,1.091e-15,-,0
1446,1,z:c2r,nat-oop,5196,6720,7.303,1.293,1.091e-15,-,1
1447,1,z:c2r,nat-oop,16348,14101,2.323,0.863,1.189e-15,-,0
1447,1,z:c2r,nat-oop,11191,14089,3.394,1.259,1.189e-15,-,1
1448,1,z:c2r,nat-oop,5352,6717,7.102,1.255,1.281e-15,-,0
1448,1,z:c2r,nat-oop,5346,6734,7.110,1.260,1.281e-15,-,1
1449,1,z:c2r,nat-oop,4149,6104,9.169,1.471,1.053e-15,-,0
1449,1,z:c2r,nat-oop,3202,6111,11.881,1.909,1.053e-15,-,1
1450,1,z:c2r,nat-oop,1548,3293,24.588,2.127,1.062e-15,-,0
1450,1,z:c2r,nat-oop,1636,3294,23.267,2.013,1.062e-15,-,1
1451,1,z:c2r,nat-oop,11359,14101,3.354,1.241,1.075e-15,-,0
1451,1,z:c2r,nat-oop,11318,14132,3.366,1.249,1.075e-15,-,1
1452,1,z:c2r,nat-oop,1279,1382,29.815,1.081,9.396e-16,-,0
1452,1,z:c2r,nat-oop,1289,1381,29.584,1.071,9.396e-16,-,1
1453,1,z:c2r,nat-oop,6556,14210,5.821,2.168,1.350e-15,-,0
1453,1,z:c2r,nat-oop,6533,14237,5.841,2.179,1.350e-15,-,1
1454,1,z:c2r,nat-oop,3337,6739,11.443,2.019,1.538e-15,-,0
1454,1,z:c2r,nat-oop,3344,6720,11.420,2.010,1.538e-15,-,1
1455,1,z:c2r,nat-oop,11137,14093,3.432,1.265,8.994e-16,-,0
1455,1,z:c2r,nat-oop,11276,14119,3.389,1.252,8.994e-16,-,1
1456,1,z:c2r,nat-oop,1187,1349,32.231,1.137,1.210e-15,-,0
1456,1,z:c2r,nat-oop,1447,1356,26.431,0.937,1.210e-15,-,1
1457,1,z:c2r,nat-oop,6767,15948,5.656,2.357,1.184e-15,-,0
1457,1,z:c2r,nat-oop,6446,16032,5.939,2.487,1.184e-15,-,1
1458,1,z:c2r,nat-oop,1173,1399,32.645,1.192,1.261e-15,-,0
1458,1,z:c2r,nat-oop,1245,1411,30.761,1.133,1.261e-15,-,1
1459,1,z:c2r,nat-oop,10023,14121,3.825,1.409,1.450e-15,-,0
1459,1,z:c2r,nat-oop,10401,14114,3.686,1.357,1.450e-15,-,1
1460,1,z:c2r,nat-oop,5163,8031,7.432,1.556,9.788e-16,-,0
1460,1,z:c2r,nat-oop,5175,8029,7.414,1.552,9.788e-16,-,1
1461,1,z:c2r,nat-oop,11191,14256,3.431,1.274,1.010e-15,-,0
1461,1,z:c2r,nat-oop,11198,14250,3.429,1.273,1.010e-15,-,1
1462,1,z:c2r,nat-oop,2562,6145,15.002,2.399,1.342e-15,-,0
1462,1,z:c2r,nat-oop,3570,6183,10.764,1.732,1.342e-15,-,1
1463,1,z:c2r,nat-oop,3161,5629,12.166,1.781,1.075e-15,-,0
1463,1,z:c2r,nat-oop,3254,5624,11.819,1.728,1.075e-15,-,1
1464,1,z:c2r,nat-oop,5234,6283,7.353,1.200,1.023e-15,-,0
1464,1,z:c2r,nat-oop,5285,6285,7.283,1.189,1.023e-15,-,1
1465,1,z:c2r,nat-oop,11172,14281,3.448,1.278,1.086e-15,-,0
1465,1,z:c2r,nat-oop,11041,14256,3.489,1.291,1.086e-15,-,1
1466,1,z:c2r,nat-oop,5333,6782,7.228,1.272,1.141e-15,-,0
1466,1,z:c2r,nat-oop,5511,6781,6.995,1.230,1.141e-15,-,1
1467,1,z:c2r,nat-oop,11533,14164,3.345,1.228,1.159e-15,-,0
1467,1,z:c2r,nat-oop,11304,14129,3.413,1.250,1.159e-15,-,1
1468,1,z:c2r,nat-oop,5212,6785,7.408,1.302,1.118e-15,-,0
1468,1,z:c2r,nat-oop,5235,6771,7.375,1.294,1.118e-15,-,1
1469,1,z:c2r,nat-oop,11374,14234,3.397,1.251,1.030e-15,-,0
1469,1,z:c2r,nat-oop,11401,14276,3.389,1.252,1.030e-15,-,1
1470,1,z:c2r,nat-oop,1145,1303,33.763,1.137,9.865e-16,-,0
1470,1,z:c2r,nat-oop,1176,1306,32.884,1.110,9.865e-16,-,1
1471,1,z:c2r,nat-oop,8045,14123,4.810,1.756,1.516e-15,-,0
1471,1,z:c2r,nat-oop,8016,14120,4.827,1.761,1.516e-15,-,1
1472,1,z:c2r,nat-oop,2409,2584,16.078,1.073,8.641e-16,-,0
1472,1,z:c2r,nat-oop,1670,2580,23.193,1.545,8.641e-16,-,1
1473,1,z:c2r,nat-oop,11184,14294,3.465,1.278,1.008e-15,-,0
1473,1,z:c2r,nat-oop,11403,14246,3.399,1.249,1.008e-15,-,1
1474,1,z:c2r,nat-oop,5173,8744,7.498,1.690,1.006e-15,-,0
1474,1,z:c2r,nat-oop,5094,8741,7.614,1.716,1.006e-15,-,1
1475,1,z:c2r,nat-oop,11199,16961,3.466,1.514,1.372e-15,-,0
1475,1,z:c2r,nat-oop,11153,16974,3.480,1.522,1.372e-15,-,1
1476,1,z:c2r,nat-oop,1717,4124,22.629,2.402,1.019e-15,-,0
1476,1,z:c2r,nat-oop,1702,4128,22.822,2.425,1.019e-15,-,1
1477,1,z:c2r,nat-oop,11335,14250,3.430,1.257,9.393e-16,-,0
1477,1,z:c2r,nat-oop,11377,14269,3.417,1.254,9.393e-16,-,1
1478,1,z:c2r,nat-oop,5180,6724,7.511,1.298,1.097e-15,-,0
1478,1,z:c2r,nat-oop,5178,6730,7.513,1.300,1.097e-15,-,1
1479,1,z:c2r,nat-oop,3913,9319,9.951,2.381,1.611e-15,-,0
1479,1,z:c2r,nat-oop,3772,9325,10.324,2.472,1.611e-15,-,1
1480,1,z:c2r,nat-oop,1398,3656,27.864,2.614,9.603e-16,-,0
1480,1,z:c2r,nat-oop,1402,3660,27.797,2.611,9.603e-16,-,1
1481,1,z:c2r,nat-oop,11264,14247,3.462,1.265,1.018e-15,-,0
1481,1,z:c2r,nat-oop,11208,14275,3.479,1.274,1.018e-15,-,1
1482,1,z:c2r,nat-oop,1461,2444,26.709,1.673,1.226e-15,-,0
1482,1,z:c2r,nat-oop,1487,2441,26.236,1.641,1.226e-15,-,1
1483,1,z:c2r,nat-oop,8430,14172,4.633,1.681,1.604e-15,-,0
1483,1,z:c2r,nat-oop,8601,14164,4.541,1.647,1.604e-15,-,1
1484,1,z:c2r,nat-oop,5250,5643,7.445,1.075,9.043e-16,-,0
1484,1,z:c2r,nat-oop,5231,5659,7.472,1.082,9.043e-16,-,1
1485,1,z:c2r,nat-oop,3177,2381,12.314,0.749,8.682e-16,-,0
1485,1,z:c2r,nat-oop,3004,2390,13.020,0.796,8.682e-16,-,1
1486,1,z:c2r,nat-oop,5208,6749,7.517,1.296,1.092e-15,-,0
1486,1,z:c2r,nat-oop,5237,6726,7.474,1.284,1.092e-15,-,1
1487,1,z:c2r,nat-oop,11382,14184,3.442,1.246,9.867e-16,-,0
1487,1,z:c2r,nat-oop,11196,14153,3.499,1.264,9.867e-16,-,1
1488,1,z:c2r,nat-oop,1493,3259,26.264,2.183,1.132e-15,-,0
1488,1,z:c2r,nat-oop,1496,3267,26.203,2.183,1.132e-15,-,1
1489,1,z:c2r,nat-oop,11396,14285,3.443,1.254,1.088e-15,-,0
1489,1,z:c2r,nat-oop,11185,14294,3.508,1.278,1.088e-15,-,1
1490,1,z:c2r,nat-oop,5343,6784,7.349,1.270,1.221e-15,-,0
1490,1,z:c2r,nat-oop,5369,6804,7.313,1.267,1.221e-15,-,1
1491,1,z:c2r,nat-oop,11354,21320,3.461,1.878,9.460e-16,-,0
1491,1,z:c2r,nat-oop,11358,21316,3.460,1.877,9.460e-16,-,1
1492,1,z:c2r,nat-oop,5499,6798,7.151,1.236,1.026e-15,-,0
1492,1,z:c2r,nat-oop,5272,6782,7.459,1.286,1.026e-15,-,1
1493,1,z:c2r,nat-oop,11394,14321,3.454,1.257,9.809e-16,-,0
1493,1,z:c2r,nat-oop,11390,14304,3.455,1.256,9.809e-16,-,1
1494,1,z:c2r,nat-oop,5223,11819,7.541,2.263,1.108e-15,-,0
1494,1,z:c2r,nat-oop,5249,11819,7.504,2.252,1.108e-15,-,1
1495,1,z:c2r,nat-oop,3261,6726,12.087,2.062,1.205e-15,-,0
1495,1,z:c2r,nat-oop,3224,6747,12.225,2.093,1.205e-15,-,1
1496,1,z:c2r,nat-oop,1296,2248,30.438,1.735,1.399e-15,-,0
1496,1,z:c2r,nat-oop,1294,2252,30.488,1.740,1.399e-15,-,1
1497,1,z:c2r,nat-oop,11350,14303,3.478,1.260,1.124e-15,-,0
1497,1,z:c2r,nat-oop,11277,14293,3.501,1.267,1.124e-15,-,1
1498,1,z:c2r,nat-oop,5438,6814,7.265,1.253,1.260e-15,-,0
1498,1,z:c2r,nat-oop,5386,6799,7.335,1.262,1.260e-15,-,1
1499,1,z:c2r,nat-oop,11153,14193,3.545,1.273,1.026e-15,-,0
1499,1,z:c2r,nat-oop,14346,14223,2.756,0.991,1.026e-15,-,1
1500,1,z:c2r,nat-oop,1299,1327,30.452,1.022,9.355e-16,-,0
1500,1,z:c2r,nat-oop,1295,1327,30.541,1.024,9.355e-16,-,1
1501,1,z:c2r,nat-oop,11363,26106,3.485,2.298,1.229e-15,-,0
1501,1,z:c2r,nat-oop,11207,26025,3.533,2.322,1.229e-15,-,1
1502,1,z:c2r,nat-oop,5361,6749,7.391,1.259,1.255e-15,-,0
1502,1,z:c2r,nat-oop,5269,6751,7.521,1.281,1.255e-15,-,1
1503,1,z:c2r,nat-oop,11189,14162,3.544,1.266,1.131e-15,-,0
1503,1,z:c2r,nat-oop,14264,14174,2.780,0.994,1.131e-15,-,1
1504,1,z:c2r,nat-oop,1831,4437,21.670,2.423,9.027e-16,-,0
1504,1,z:c2r,nat-oop,1897,4444,20.918,2.342,9.027e-16,-,1
1505,1,z:c2r,nat-oop,3966,11752,10.014,2.963,1.004e-15,-,0
1505,1,z:c2r,nat-oop,3871,11741,10.260,3.033,1.004e-15,-,1
1506,1,z:c2r,nat-oop,5474,6811,7.260,1.244,1.238e-15,-,0
1506,1,z:c2r,nat-oop,5352,6814,7.426,1.273,1.238e-15,-,1
1507,1,z:c2r,nat-oop,11092,14161,3.586,1.277,1.080e-15,-,0
1507,1,z:c2r,nat-oop,11146,14204,3.569,1.274,1.080e-15,-,1
1508,1,z:c2r,nat-oop,1755,3436,22.684,1.958,1.660e-15,-,0
1508,1,z:c2r,nat-oop,1710,3446,23.276,2.015,1.660e-15,-,1
1509,1,z:c2r,nat-oop,15371,14260,2.592,0.928,1.019e-15,-,0
1509,1,z:c2r,nat-oop,11413,14281,3.490,1.251,1.019e-15,-,1
1510,1,z:c2r,nat-oop,5229,6750,7.624,1.291,1.394e-15,-,0
1510,1,z:c2r,nat-oop,5263,6746,7.575,1.282,1.394e-15,-,1
1511,1,z:c2r,nat-oop,11401,14219,3.499,1.247,1.080e-15,-,0
1511,1,z:c2r,nat-oop,11269,14180,3.540,1.258,1.080e-15,-,1
1512,1,z:c2r,nat-oop,1118,1372,35.727,1.227,1.089e-15,-,0
1512,1,z:c2r,nat-oop,1105,1366,36.117,1.236,1.089e-15,-,1
1513,1,z:c2r,nat-oop,11216,29529,3.562,2.633,8.585e-16,-,0
1513,1,z:c2r,nat-oop,11424,29484,3.497,2.581,8.585e-16,-,1
1514,1,z:c2r,nat-oop,4839,6827,8.263,1.411,1.471e-15,-,0
1514,1,z:c2r,nat-oop,4449,6808,8.988,1.530,1.471e-15,-,1
1515,1,z:c2r,nat-oop,11456,14204,3.493,1.240,1.217e-15,-,0
1515,1,z:c2r,nat-oop,11460,14197,3.492,1.239,1.217e-15,-,1
1516,1,z:c2r,nat-oop,5287,6815,7.575,1.289,1.134e-15,-,0
1516,1,z:c2r,nat-oop,5201,6814,7.699,1.310,1.134e-15,-,1
1517,1,z:c2r,nat-oop,7563,15798,5.299,2.089,1.037e-15,-,0
1517,1,z:c2r,nat-oop,7270,15772,5.513,2.170,1.037e-15,-,1
1518,1,z:c2r,nat-oop,1552,2839,25.841,1.829,2.787e-15,-,0
1518,1,z:c2r,nat-oop,1625,2840,24.678,1.748,2.787e-15,-,1
1519,1,z:c2r,nat-oop,3795,8423,10.577,2.220,1.392e-15,-,0
1519,1,z:c2r,nat-oop,3723,8417,10.781,2.261,1.392e-15,-,1
1520,1,z:c2r,nat-oop,1278,2387,31.423,1.868,1.031e-15,-,0
1520,1,z:c2r,nat-oop,1278,2391,31.429,1.871,1.031e-15,-,1
1521,1,z:c2r,nat-oop,3131,3056,12.837,0.976,1.458e-15,-,0
1521,1,z:c2r,nat-oop,3031,3051,13.263,1.007,1.458e-15,-,1
1522,1,z:c2r,nat-oop,3621,6811,11.108,1.881,1.490e-15,-,0
1522,1,z:c2r,nat-oop,3732,6814,10.778,1.826,1.490e-15,-,1
1523,1,z:c2r,nat-oop,11475,14204,3.508,1.238,1.149e-15,-,0
1523,1,z:c2r,nat-oop,11520,14191,3.494,1.232,1.149e-15,-,1
1524,1,z:c2r,nat-oop,5178,13904,7.781,2.685,9.413e-16,-,0
1524,1,z:c2r,nat-oop,5123,13855,7.864,2.705,9.413e-16,-,1
1525,1,z:c2r,nat-oop,11232,18269,3.589,1.627,9.389e-16,-,0
1525,1,z:c2r,nat-oop,11281,18259,3.574,1.619,9.389e-16,-,1
1526,1,z:c2r,nat-oop,5170,6762,7.804,1.308,1.058e-15,-,0
1526,1,z:c2r,nat-oop,5213,6774,7.739,1.299,1.058e-15,-,1
1527,1,z:c2r,nat-oop,11242,14231,3.591,1.266,1.069e-15,-,0
1527,1,z:c2r,nat-oop,11490,14191,3.514,1.235,1.069e-15,-,1
1528,1,z:c2r,nat-oop,5276,6781,7.658,1.285,1.122e-15,-,0
1528,1,z:c2r,nat-oop,6913,6772,5.845,0.980,1.122e-15,-,1
1529,1,z:c2r,nat-oop,11248,14389,3.595,1.279,1.046e-15,-,0
1529,1,z:c2r,nat-oop,11414,14313,3.543,1.254,1.046e-15,-,1
1530,1,z:c2r,nat-oop,1281,2381,31.585,1.858,1.322e-15,-,0
1530,1,z:c2r,nat-oop,1291,2389,31.347,1.851,1.322e-15,-,1
1531,1,z:c2r,nat-oop,7467,14230,5.423,1.906,1.670e-15,-,0
1531,1,z:c2r,nat-oop,7731,14226,5.238,1.840,1.670e-15,-,1
1532,1,z:c2r,nat-oop,5174,6821,7.832,1.318,1.055e-15,-,0
1532,1,z:c2r,nat-oop,5164,6818,7.848,1.320,1.055e-15,-,1
1533,1,z:c2r,nat-oop,11491,22507,3.529,1.959,7.985e-16,-,0
1533,1,z:c2r,nat-oop,11279,22479,3.596,1.993,7.985e-16,-,1
1534,1,z:c2r,nat-oop,5260,7821,7.716,1.487,1.041e-15,-,0
1534,1,z:c2r,nat-oop,5194,7816,7.815,1.505,1.041e-15,-,1
1535,1,z:c2r,nat-oop,11557,14234,3.514,1.232,1.152e-15,-,0
1535,1,z:c2r,nat-oop,11284,14226,3.600,1.261,1.152e-15,-,1
1536,1,z:c2r,nat-oop,778,1214,52.237,1.560,7.782e-16,-,0
1536,1,z:c2r,nat-oop,778,1218,52.268,1.566,7.782e-16,-,1
1537,1,z:c2r,nat-oop,11267,18829,3.610,1.671,1.199e-15,-,0
1537,1,z:c2r,nat-oop,11259,18794,3.613,1.669,1.199e-15,-,1
1538,1,z:c2r,nat-oop,2511,6777,16.208,2.698,1.394e-15,-,0
1538,1,z:c2r,nat-oop,2506,6778,16.247,2.705,1.394e-15,-,1
1539,1,z:c2r,nat-oop,3565,5674,11.427,1.592,1.130e-15,-,0
1539,1,z:c2r,nat-oop,3631,5671,11.218,1.562,1.130e-15,-,1
1540,1,z:c2r,nat-oop,1226,1604,33.245,1.308,8.306e-16,-,0
1540,1,z:c2r,nat-oop,1243,1608,32.801,1.294,8.306e-16,-,1
1541,1,z:c2r,nat-oop,11442,23015,3.565,2.011,8.894e-16,-,0
1541,1,z:c2r,nat-oop,11445,22972,3.565,2.007,8.894e-16,-,1
1542,1,z:c2r,nat-oop,5240,6725,7.791,1.284,1.287e-15,-,0
1542,1,z:c2r,nat-oop,5317,6721,7.678,1.264,1.287e-15,-,1
1543,1,z:c2r,nat-oop,13637,16062,2.996,1.178,1.086e-15,-,0
1543,1,z:c2r,nat-oop,11510,16045,3.550,1.394,1.086e-15,-,1
1544,1,z:c2r,nat-oop,5367,6728,7.618,1.253,1.336e-15,-,0
1544,1,z:c2r,nat-oop,5354,6721,7.637,1.255,1.336e-15,-,1
1545,1,z:c2r,nat-oop,11191,16179,3.656,1.446,1.232e-15,-,0
1545,1,z:c2r,nat-oop,11544,16182,3.544,1.402,1.232e-15,-,1
1546,1,z:c2r,nat-oop,5348,6780,7.656,1.268,1.207e-15,-,0
1546,1,z:c2r,nat-oop,6502,6781,6.297,1.043,1.207e-15,-,1
1547,1,z:c2r,nat-oop,3125,5584,13.112,1.787,1.355e-15,-,0
1547,1,z:c2r,nat-oop,3180,5586,12.884,1.756,1.355e-15,-,1
1548,1,z:c2r,nat-oop,1824,4494,22.488,2.464,1.062e-15,-,0
1548,1,z:c2r,nat-oop,1843,4497,22.256,2.441,1.062e-15,-,1
1549,1,z:c2r,nat-oop,11492,16199,3.571,1.410,1.131e-15,-,0
1549,1,z:c2r,nat-oop,11400,16188,3.600,1.420,1.131e-15,-,1
1550,1,z:c2r,nat-oop,2089,3704,19.660,1.773,1.187e-15,-,0
1550,1,z:c2r,nat-oop,2104,3699,19.515,1.758,1.187e-15,-,1
1551,1,z:c2r,nat-oop,4211,13815,9.759,3.280,1.053e-15,-,0
1551,1,z:c2r,nat-oop,4204,13822,9.776,3.288,1.053e-15,-,1
1552,1,z:c2r,nat-oop,5236,10467,7.855,1.999,1.145e-15,-,0
1552,1,z:c2r,nat-oop,5225,10471,7.871,2.004,1.145e-15,-,1
1553,1,z:c2r,nat-oop,11310,16191,3.639,1.432,1.411e-15,-,0
1553,1,z:c2r,nat-oop,11432,16182,3.600,1.416,1.411e-15,-,1
1554,1,z:c2r,nat-oop,2334,4544,17.645,1.947,1.064e-15,-,0
1554,1,z:c2r,nat-oop,2358,4546,17.465,1.928,1.064e-15,-,1
1555,1,z:c2r,nat-oop,11500,16072,3.584,1.398,1.036e-15,-,0
1555,1,z:c2r,nat-oop,11507,16067,3.582,1.396,1.036e-15,-,1
1556,1,z:c2r,nat-oop,5402,6786,7.636,1.256,1.224e-15,-,0
1556,1,z:c2r,nat-oop,5384,6790,7.661,1.261,1.224e-15,-,1
1557,1,z:c2r,nat-oop,11502,16180,3.589,1.407,1.128e-15,-,0
1557,1,z:c2r,nat-oop,11522,16237,3.583,1.409,1.128e-15,-,1
1558,1,z:c2r,nat-oop,3667,6393,11.264,1.743,1.102e-15,-,0
1558,1,z:c2r,nat-oop,3330,6406,12.407,1.924,1.102e-15,-,1
1559,1,z:c2r,nat-oop,11441,16072,3.613,1.405,1.281e-15,-,0
1559,1,z:c2r,nat-oop,11194,16053,3.693,1.434,1.281e-15,-,1
1560,1,z:c2r,nat-oop,1196,1483,34.591,1.240,1.352e-15,-,0
1560,1,z:c2r,nat-oop,1198,1484,34.542,1.239,1.352e-15,-,1
1561,1,z:c2r,nat-oop,11448,16239,3.616,1.419,1.100e-15,-,0
1561,1,z:c2r,nat-oop,11523,16238,3.593,1.409,1.100e-15,-,1
1562,1,z:c2r,nat-oop,5169,9904,8.015,1.916,1.138e-15,-,0
1562,1,z:c2r,nat-oop,5182,9901,7.994,1.911,1.138e-15,-,1
1563,1,z:c2r,nat-oop,11240,16084,3.688,1.431,1.152e-15,-,0
1563,1,z:c2r,nat-oop,11250,16053,3.685,1.427,1.152e-15,-,1
1564,1,z:c2r,nat-oop,1722,3597,24.090,2.088,3.437e-15,-,0
1564,1,z:c2r,nat-oop,1849,3600,22.443,1.947,3.437e-15,-,1
1565,1,z:c2r,nat-oop,11351,16204,3.658,1.428,1.228e-15,-,0
1565,1,z:c2r,nat-oop,11376,16226,3.650,1.426,1.228e-15,-,1
1566,1,z:c2r,nat-oop,2146,3687,19.358,1.718,1.192e-15,-,0
1566,1,z:c2r,nat-oop,2277,3675,18.248,1.614,1.192e-15,-,1
1567,1,z:c2r,nat-oop,11341,16068,3.666,1.417,1.194e-15,-,0
1567,1,z:c2r,nat-oop,11262,16070,3.692,1.427,1.194e-15,-,1
1568,1,z:c2r,nat-oop,1170,1230,35.551,1.051,7.760e-16,-,0
1568,1,z:c2r,nat-oop,1178,1234,35.316,1.047,7.760e-16,-,1
1569,1,z:c2r,nat-oop,11424,16199,3.645,1.418,1.171e-15,-,0
1569,1,z:c2r,nat-oop,11519,16248,3.615,1.411,1.171e-15,-,1
1570,1,z:c2r,nat-oop,5510,6801,7.563,1.234,1.208e-15,-,0
1570,1,z:c2r,nat-oop,5510,6793,7.563,1.233,1.208e-15,-,1
1571,1,z:c2r,nat-oop,11293,16143,3.693,1.430,1.519e-15,-,0
1571,1,z:c2r,nat-oop,11462,16087,3.638,1.404,1.519e-15,-,1
1572,1,z:c2r,nat-oop,5268,14731,7.921,2.796,1.162e-15,-,0
1572,1,z:c2r,nat-oop,5183,14743,8.051,2.844,1.162e-15,-,1
1573,1,z:c2r,nat-oop,3436,3394,12.153,0.988,1.226e-15,-,0
1573,1,z:c2r,nat-oop,3481,3407,11.998,0.979,1.226e-15,-,1
1574,1,z:c2r,nat-oop,5355,6745,7.804,1.259,1.412e-15,-,0
1574,1,z:c2r,nat-oop,5467,6747,7.644,1.234,1.412e-15,-,1
1575,1,z:c2r,nat-oop,2914,2605,14.353,0.894,1.283e-15,-,0
1575,1,z:c2r,nat-oop,2922,2586,14.313,0.885,1.283e-15,-,1
1576,1,z:c2r,nat-oop,5441,6762,7.692,1.243,1.510e-15,-,0
1576,1,z:c2r,nat-oop,5427,6750,7.711,1.244,1.510e-15,-,1
1577,1,z:c2r,nat-oop,11510,28820,3.639,2.504,9.056e-16,-,0
1577,1,z:c2r,nat-oop,11267,28793,3.717,2.556,9.056e-16,-,1
1578,1,z:c2r,nat-oop,5240,6806,7.998,1.299,1.302e-15,-,0
1578,1,z:c2r,nat-oop,5322,6806,7.875,1.279,1.302e-15,-,1
1579,1,z:c2r,nat-oop,14532,16095,2.886,1.107,1.168e-15,-,0
1579,1,z:c2r,nat-oop,11475,16059,3.655,1.399,1.168e-15,-,1
1580,1,z:c2r,nat-oop,5301,9353,7.917,1.764,1.068e-15,-,0
1580,1,z:c2r,nat-oop,6635,9356,6.326,1.410,1.068e-15,-,1
1581,1,z:c2r,nat-oop,4566,10553,9.200,2.311,1.526e-15,-,0
1581,1,z:c2r,nat-oop,5243,10574,8.011,2.017,1.526e-15,-,1
1582,1,z:c2r,nat-oop,5685,6762,7.393,1.189,1.184e-15,-,0
1582,1,z:c2r,nat-oop,5740,6757,7.323,1.177,1.184e-15,-,1
1583,1,z:c2r,nat-oop,11277,16098,3.730,1.428,1.177e-15,-,0
1583,1,z:c2r,nat-oop,11260,16082,3.735,1.428,1.177e-15,-,1
1584,1,z:c2r,nat-oop,1185,1513,35.523,1.277,9.853e-16,-,0
1584,1,z:c2r,nat-oop,1202,1514,35.032,1.260,9.853e-16,-,1
1585,1,z:c2r,nat-oop,11522,16212,3.656,1.407,1.297e-15,-,0
1585,1,z:c2r,nat-oop,11523,16241,3.656,1.409,1.297e-15,-,1
1586,1,z:c2r,nat-oop,5239,8581,8.046,1.638,9.793e-16,-,0
1586,1,z:c2r,nat-oop,5243,8626,8.039,1.645,9.793e-16,-,1
1587,1,z:c2r,nat-oop,4217,9238,10.002,2.190,1.999e-15,-,0
1587,1,z:c2r,nat-oop,3994,9233,10.561,2.312,1.999e-15,-,1
1588,1,z:c2r,nat-oop,5488,6814,7.692,1.242,1.265e-15,-,0
1588,1,z:c2r,nat-oop,5575,6813,7.572,1.222,1.265e-15,-,1
1589,1,z:c2r,nat-oop,11410,16228,3.702,1.422,1.143e-15,-,0
1589,1,z:c2r,nat-oop,11299,16228,3.739,1.436,1.143e-15,-,1
1590,1,z:c2r,nat-oop,5212,7203,8.110,1.382,1.012e-15,-,0
1590,1,z:c2r,nat-oop,5181,7206,8.160,1.391,1.012e-15,-,1
1591,1,z:c2r,nat-oop,8100,17393,5.223,2.147,1.086e-15,-,0
1591,1,z:c2r,nat-oop,5808,17407,7.284,2.997,1.086e-15,-,1
1592,1,z:c2r,nat-oop,5528,6768,7.658,1.224,1.378e-15,-,0
1592,1,z:c2r,nat-oop,5584,6763,7.581,1.211,1.378e-15,-,1
1593,1,z:c2r,nat-oop,11278,18398,3.756,1.631,9.121e-16,-,0
1593,1,z:c2r,nat-oop,11315,18379,3.744,1.624,9.121e-16,-,1
1594,1,z:c2r,nat-oop,5209,6827,8.139,1.311,1.210e-15,-,0
1594,1,z:c2r,nat-oop,5281,6815,8.027,1.290,1.210e-15,-,1
1595,1,z:c2r,nat-oop,4108,8629,10.326,2.100,1.398e-15,-,0
1595,1,z:c2r,nat-oop,4198,8628,10.105,2.055,1.398e-15,-,1
1596,1,z:c2r,nat-oop,1659,2483,25.586,1.496,1.074e-15,-,0
1596,1,z:c2r,nat-oop,1582,2486,26.830,1.571,1.074e-15,-,1
1597,1,z:c2r,nat-oop,12824,16241,3.313,1.266,1.102e-15,-,0
1597,1,z:c2r,nat-oop,11320,16259,3.753,1.436,1.102e-15,-,1
1598,1,z:c2r,nat-oop,3222,7352,13.194,2.281,1.070e-15,-,0
1598,1,z:c2r,nat-oop,3069,7331,13.853,2.388,1.070e-15,-,1
1599,1,z:c2r,nat-oop,4231,12180,10.056,2.879,1.454e-15,-,0
1599,1,z:c2r,nat-oop,4316,12173,9.857,2.820,1.454e-15,-,1
1600,1,z:c2r,nat-oop,897,1416,47.450,1.578,8.482e-16,-,0
1600,1,z:c2r,nat-oop,891,1415,47.810,1.589,8.482e-16,-,1
1601,1,z:c2r,nat-oop,6913,13114,6.163,1.897,1.027e-15,-,0
1601,1,z:c2r,nat-oop,6941,13131,6.138,1.892,1.027e-15,-,1
1602,1,z:c2r,nat-oop,5338,14248,7.988,2.669,1.116e-15,-,0
1602,1,z:c2r,nat-oop,5301,14239,8.043,2.686,1.116e-15,-,1
1603,1,z:c2r,nat-oop,11294,12926,3.778,1.145,1.088e-15,-,0
1603,1,z:c2r,nat-oop,11278,13028,3.783,1.155,1.088e-15,-,1
1604,1,z:c2r,nat-oop,6789,6330,6.289,0.932,1.150e-15,-,0
1604,1,z:c2r,nat-oop,5206,6317,8.201,1.213,1.150e-15,-,1
1605,1,z:c2r,nat-oop,11528,13103,3.706,1.137,1.054e-15,-,0
1605,1,z:c2r,nat-oop,11506,13075,3.714,1.136,1.054e-15,-,1
1606,1,z:c2r,nat-oop,5256,10581,8.134,2.013,9.186e-16,-,0
1606,1,z:c2r,nat-oop,5318,10582,8.039,1.990,9.186e-16,-,1
1607,1,z:c2r,nat-oop,11277,12985,3.794,1.151,9.382e-16,-,0
1607,1,z:c2r,nat-oop,11550,12936,3.704,1.120,9.382e-16,-,1
1608,1,z:c2r,nat-oop,5336,7579,8.025,1.420,8.702e-16,-,0
1608,1,z:c2r,nat-oop,5361,7567,7.986,1.411,8.702e-16,-,1
1609,1,z:c2r,nat-oop,11302,13106,3.791,1.160,9.234e-16,-,0
1609,1,z:c2r,nat-oop,11253,13056,3.808,1.160,9.234e-16,-,1
1610,1,z:c2r,nat-oop,1752,2969,24.473,1.695,1.206e-15,-,0
1610,1,z:c2r,nat-oop,1571,2972,27.301,1.892,1.206e-15,-,1
1611,1,z:c2r,nat-oop,11268,13073,3.808,1.160,9.469e-16,-,0
1611,1,z:c2r,nat-oop,11157,13032,3.846,1.168,9.469e-16,-,1
1612,1,z:c2r,nat-oop,1952,3821,21.992,1.957,4.328e-15,-,0
1612,1,z:c2r,nat-oop,1952,3825,22.001,1.960,4.328e-15,-,1
1613,1,z:c2r,nat-oop,11570,13082,3.714,1.131,1.057e-15,-,0
1613,1,z:c2r,nat-oop,11584,13116,3.709,1.132,1.057e-15,-,1
1614,1,z:c2r,nat-oop,5639,6254,7.626,1.109,1.067e-15,-,0
1614,1,z:c2r,nat-oop,5568,6260,7.722,1.124,1.067e-15,-,1
1615,1,z:c2r,nat-oop,4152,7756,10.363,1.868,1.101e-15,-,0
1615,1,z:c2r,nat-oop,4438,7747,9.696,1.746,1.101e-15,-,1
1616,1,z:c2r,nat-oop,5415,11392,7.951,2.104,1.183e-15,-,0
1616,1,z:c2r,nat-oop,5418,11402,7.948,2.105,1.183e-15,-,1
1617,1,z:c2r,nat-oop,3659,2804,11.775,0.766,9.477e-16,-,0
1617,1,z:c2r,nat-oop,3567,2840,12.081,0.796,9.477e-16,-,1
1618,1,z:c2r,nat-oop,5500,6405,7.839,1.164,1.360e-15,-,0
1618,1,z:c2r,nat-oop,5458,6309,7.900,1.156,1.360e-15,-,1
1619,1,z:c2r,nat-oop,11431,12975,3.775,1.135,1.017e-15,-,0
1619,1,z:c2r,nat-oop,11417,12956,3.779,1.135,1.017e-15,-,1
1620,1,z:c2r,nat-oop,1203,1532,35.884,1.274,1.193e-15,-,0
1620,1,z:c2r,nat-oop,1205,1531,35.848,1.271,1.193e-15,-,1
1621,1,z:c2r,nat-oop,11325,13170,3.816,1.163,9.136e-16,-,0
1621,1,z:c2r,nat-oop,11520,13148,3.751,1.141,9.136e-16,-,1
1622,1,z:c2r,nat-oop,5323,6250,8.124,1.174,1.279e-15,-,0
1622,1,z:c2r,nat-oop,5317,6263,8.133,1.178,1.279e-15,-,1
1623,1,z:c2r,nat-oop,11456,12923,3.777,1.128,1.062e-15,-,0
1623,1,z:c2r,nat-oop,11575,12950,3.738,1.119,1.062e-15,-,1
1624,1,z:c2r,nat-oop,1569,3409,27.593,2.172,9.899e-16,-,0
1624,1,z:c2r,nat-oop,1931,3407,22.424,1.764,9.899e-16,-,1
1625,1,z:c2r,nat-oop,3044,2832,14.234,0.930,9.498e-16,-,0
1625,1,z:c2r,nat-oop,3087,2830,14.035,0.917,9.498e-16,-,1
1626,1,z:c2r,nat-oop,6031,6325,7.190,1.049,1.192e-15,-,0
1626,1,z:c2r,nat-oop,5248,6324,8.263,1.205,1.192e-15,-,1
1627,1,z:c2r,nat-oop,11461,13056,3.786,1.139,1.041e-15,-,0
1627,1,z:c2r,nat-oop,11482,13013,3.779,1.133,1.041e-15,-,1
1628,1,z:c2r,nat-oop,2084,4374,20.831,2.098,3.182e-15,-,0
1628,1,z:c2r,nat-oop,2105,4389,20.630,2.085,3.182e-15,-,1
1629,1,z:c2r,nat-oop,11561,13191,3.759,1.141,8.411e-16,-,0
1629,1,z:c2r,nat-oop,11403,13225,3.811,1.160,8.411e-16,-,1
1630,1,z:c2r,nat-oop,5252,6257,8.280,1.192,1.161e-15,-,0
1630,1,z:c2r,nat-oop,5324,6268,8.167,1.177,1.161e-15,-,1
1631,1,z:c2r,nat-oop,11110,12930,3.917,1.164,9.212e-16,-,0
1631,1,z:c2r,nat-oop,11496,13235,3.785,1.151,9.212e-16,-,1
1632,1,z:c2r,nat-oop,1566,2359,27.800,1.506,1.041e-15,-,0
1632,1,z:c2r,nat-oop,1508,2363,28.877,1.567,1.041e-15,-,1
1633,1,z:c2r,nat-oop,11314,25905,3.851,2.290,9.541e-16,-,0
1633,1,z:c2r,nat-oop,11537,25932,3.777,2.248,9.541e-16,-,1
1634,1,z:c2r,nat-oop,2225,6984,19.596,3.139,2.101e-15,-,0
1634,1,z:c2r,nat-oop,2377,6995,18.342,2.942,2.101e-15,-,1
1635,1,z:c2r,nat-oop,11353,12973,3.843,1.143,1.005e-15,-,0
1635,1,z:c2r,nat-oop,13593,13106,3.210,0.964,1.005e-15,-,1
1636,1,z:c2r,nat-oop,5292,6332,8.251,1.196,1.029e-15,-,0
1636,1,z:c2r,nat-oop,5233,6326,8.343,1.209,1.029e-15,-,1
1637,1,z:c2r,nat-oop,11427,13168,3.824,1.152,1.115e-15,-,0
1637,1,z:c2r,nat-oop,11504,13124,3.798,1.141,1.115e-15,-,1
1638,1,z:c2r,nat-oop,1384,1511,31.594,1.092,1.391e-15,-,0
1638,1,z:c2r,nat-oop,1540,1534,28.391,0.996,1.391e-15,-,1
1639,1,z:c2r,nat-oop,11389,12992,3.842,1.141,1.063e-15,-,0
1639,1,z:c2r,nat-oop,11422,13015,3.831,1.139,1.063e-15,-,1
1640,1,z:c2r,nat-oop,1657,4486,26.429,2.707,1.027e-15,-,0
1640,1,z:c2r,nat-oop,1663,4471,26.328,2.688,1.027e-15,-,1
1641,1,z:c2r,nat-oop,11332,13315,3.867,1.175,8.582e-16,-,0
1641,1,z:c2r,nat-oop,11597,13163,3.778,1.135,8.582e-16,-,1
1642,1,z:c2r,nat-oop,5503,6323,7.968,1.149,1.321e-15,-,0
1642,1,z:c2r,nat-oop,5493,6329,7.983,1.152,1.321e-15,-,1
1643,1,z:c2r,nat-oop,11572,20312,3.792,1.755,8.225e-16,-,0
1643,1,z:c2r,nat-oop,11477,20321,3.823,1.771,8.225e-16,-,1
1644,1,z:c2r,nat-oop,5274,16251,8.326,3.081,1.047e-15,-,0
1644,1,z:c2r,nat-oop,5222,16251,8.408,3.112,1.047e-15,-,1
1645,1,z:c2r,nat-oop,4296,14325,10.227,3.334,9.929e-16,-,0
1645,1,z:c2r,nat-oop,4845,14340,9.069,2.960,9.929e-16,-,1
1646,1,z:c2r,nat-oop,5332,6266,8.245,1.175,1.049e-15,-,0
1646,1,z:c2r,nat-oop,5449,6268,8.069,1.150,1.049e-15,-,1
1647,1,z:c2r,nat-oop,11287,19770,3.898,1.752,9.056e-16,-,0
1647,1,z:c2r,nat-oop,11230,19771,3.918,1.761,9.056e-16,-,1
1648,1,z:c2r,nat-oop,5774,11874,7.625,2.056,1.110e-15,-,0
1648,1,z:c2r,nat-oop,5518,11872,7.980,2.152,1.110e-15,-,1
1649,1,z:c2r,nat-oop,11542,13172,3.817,1.141,1.044e-15,-,0
1649,1,z:c2r,nat-oop,11501,13097,3.831,1.139,1.044e-15,-,1
1650,1,z:c2r,nat-oop,1302,1532,33.858,1.177,9.647e-16,-,0
1650,1,z:c2r,nat-oop,1293,1527,34.106,1.181,9.647e-16,-,1
1651,1,z:c2r,nat-oop,11349,12973,3.888,1.143,1.177e-15,-,0
1651,1,z:c2r,nat-oop,11279,13149,3.912,1.166,1.177e-15,-,1
1652,1,z:c2r,nat-oop,5266,6971,8.384,1.324,9.761e-16,-,0
1652,1,z:c2r,nat-oop,5247,6968,8.414,1.328,9.761e-16,-,1
1653,1,z:c2r,nat-oop,4303,10621,10.267,2.468,8.867e-16,-,0
1653,1,z:c2r,nat-oop,4628,10641,9.547,2.300,8.867e-16,-,1
1654,1,z:c2r,nat-oop,5225,6279,8.461,1.202,1.121e-15,-,0
1654,1,z:c2r,nat-oop,5251,6287,8.420,1.197,1.121e-15,-,1
1655,1,z:c2r,nat-oop,11436,13015,3.869,1.138,1.063e-15,-,0
1655,1,z:c2r,nat-oop,11358,13048,3.895,1.149,1.063e-15,-,1
1656,1,z:c2r,nat-oop,1556,3009,28.445,1.933,1.141e-15,-,0
1656,1,z:c2r,nat-oop,1588,3007,27.885,1.894,1.141e-15,-,1
1657,1,z:c2r,nat-oop,11258,13148,3.935,1.168,9.158e-16,-,0
1657,1,z:c2r,nat-oop,11347,13150,3.904,1.159,9.158e-16,-,1
1658,1,z:c2r,nat-oop,4513,6351,9.824,1.407,1.522e-15,-,0
1658,1,z:c2r,nat-oop,5009,6343,8.850,1.266,1.522e-15,-,1
1659,1,z:c2r,nat-oop,11505,26780,3.856,2.328,9.440e-16,-,0
1659,1,z:c2r,nat-oop,11638,26778,3.812,2.301,9.440e-16,-,1
1660,1,z:c2r,nat-oop,5320,10321,8.344,1.940,9.948e-16,-,0
1660,1,z:c2r,nat-oop,5248,10334,8.459,1.969,9.948e-16,-,1
1661,1,z:c2r,nat-oop,11495,13188,3.864,1.147,1.270e-15,-,0
1661,1,z:c2r,nat-oop,11593,13283,3.832,1.146,1.270e-15,-,1
1662,1,z:c2r,nat-oop,5266,6302,8.442,1.197,1.300e-15,-,0
1662,1,z:c2r,nat-oop,5244,6286,8.476,1.199,1.300e-15,-,1
1663,1,z:c2r,nat-oop,11308,12963,3.934,1.146,9.673e-16,-,0
1663,1,z:c2r,nat-oop,11469,13030,3.878,1.136,9.673e-16,-,1
1664,1,z:c2r,nat-oop,1147,1420,38.795,1.238,9.650e-16,-,0
1664,1,z:c2r,nat-oop,1092,1464,40.748,1.340,9.650e-16,-,1
1665,1,z:c2r,nat-oop,4157,11217,10.715,2.698,1.043e-15,-,0
1665,1,z:c2r,nat-oop,4127,11187,10.793,2.711,1.043e-15,-,1
1666,1,z:c2r,nat-oop,1502,2538,29.669,1.690,1.232e-15,-,0
1666,1,z:c2r,nat-oop,1513,2538,29.470,1.678,1.232e-15,-,1
1667,1,z:c2r,nat-oop,11432,13029,3.902,1.140,9.738e-16,-,0
1667,1,z:c2r,nat-oop,11476,13073,3.887,1.139,9.738e-16,-,1
1668,1,z:c2r,nat-oop,5304,16635,8.416,3.137,9.811e-16,-,0
1668,1,z:c2r,nat-oop,6764,16638,6.599,2.460,9.811e-16,-,1
1669,1,z:c2r,nat-oop,11498,13136,3.885,1.142,9.949e-16,-,0
1669,1,z:c2r,nat-oop,11325,13190,3.944,1.165,9.949e-16,-,1
1670,1,z:c2r,nat-oop,5479,6304,8.158,1.151,1.340e-15,-,0
1670,1,z:c2r,nat-oop,5508,6291,8.115,1.142,1.340e-15,-,1
1671,1,z:c2r,nat-oop,11418,13085,3.917,1.146,9.195e-16,-,0
1671,1,z:c2r,nat-oop,11678,13112,3.830,1.123,9.195e-16,-,1
1672,1,z:c2r,nat-oop,1816,2659,24.643,1.464,1.781e-15,-,0
1672,1,z:c2r,nat-oop,1995,2656,22.431,1.331,1.781e-15,-,1
1673,1,z:c2r,nat-oop,11470,13246,3.905,1.155,9.206e-16,-,0
1673,1,z:c2r,nat-oop,11632,13359,3.850,1.148,9.206e-16,-,1
1674,1,z:c2r,nat-oop,2334,4123,19.200,1.766,1.282e-15,-,0
1674,1,z:c2r,nat-oop,2338,4120,19.169,1.762,1.282e-15,-,1
1675,1,z:c2r,nat-oop,11459,22446,3.914,1.959,8.184e-16,-,0
1675,1,z:c2r,nat-oop,11427,22433,3.925,1.963,8.184e-16,-,1
1676,1,z:c2r,nat-oop,5234,6357,8.574,1.215,1.133e-15,-,0
1676,1,z:c2r,nat-oop,5244,6379,8.558,1.217,1.133e-15,-,1
1677,1,z:c2r,nat-oop,4514,13683,9.949,3.031,1.264e-15,-,0
1677,1,z:c2r,nat-oop,4444,13609,10.106,3.062,1.264e-15,-,1
1678,1,z:c2r,nat-oop,5241,6305,8.574,1.203,1.132e-15,-,0
1678,1,z:c2r,nat-oop,5298,6348,8.483,1.198,1.132e-15,-,1
1679,1,z:c2r,nat-oop,11559,27316,3.890,2.363,7.961e-16,-,0
1679,1,z:c2r,nat-oop,11564,27297,3.889,2.361,7.961e-16,-,1
1680,1,z:c2r,nat-oop,1203,1484,37.396,1.233,9.887e-16,-,0
1680,1,z:c2r,nat-oop,1192,1485,37.750,1.245,9.887e-16,-,1
1681,1,z:c2r,nat-oop,9106,18456,4.945,2.027,9.845e-16,-,0
1681,1,z:c2r,nat-oop,8230,18454,5.471,2.242,9.845e-16,-,1
1682,1,z:c2r,nat-oop,2508,6358,17.969,2.536,9.817e-16,-,0
1682,1,z:c2r,nat-oop,2536,6357,17.769,2.507,9.817e-16,-,1
1683,1,z:c2r,nat-oop,3396,6085,13.276,1.791,1.360e-15,-,0
1683,1,z:c2r,nat-oop,3741,6073,12.055,1.623,1.360e-15,-,1
1684,1,z:c2r,nat-oop,5237,6348,8.615,1.212,1.132e-15,-,0
1684,1,z:c2r,nat-oop,6700,6353,6.735,0.948,1.132e-15,-,1
1685,1,z:c2r,nat-oop,11604,13343,3.891,1.150,9.006e-16,-,0
1685,1,z:c2r,nat-oop,11358,13365,3.975,1.177,9.006e-16,-,1
1686,1,z:c2r,nat-oop,5309,6313,8.510,1.189,1.159e-15,-,0
1686,1,z:c2r,nat-oop,5363,6311,8.425,1.177,1.159e-15,-,1
1687,1,z:c2r,nat-oop,11459,13151,3.946,1.148,1.445e-15,-,0
1687,1,z:c2r,nat-oop,11454,13049,3.947,1.139,1.445e-15,-,1
1688,1,z:c2r,nat-oop,5355,6307,8.448,1.178,1.014e-15,-,0
1688,1,z:c2r,nat-oop,5365,6309,8.434,1.176,1.014e-15,-,1
1689,1,z:c2r,nat-oop,11305,13256,4.005,1.173,1.225e-15,-,0
1689,1,z:c2r,nat-oop,11393,13253,3.974,1.163,1.225e-15,-,1
1690,1,z:c2r,nat-oop,1432,1633,31.648,1.140,1.322e-15,-,0
1690,1,z:c2r,nat-oop,1446,1640,31.338,1.134,1.322e-15,-,1
1691,1,z:c2r,nat-oop,11380,33132,3.984,2.911,1.359e-15,-,0
1691,1,z:c2r,nat-oop,11524,33128,3.934,2.875,1.359e-15,-,1
1692,1,z:c2r,nat-oop,2063,5511,21.993,2.672,1.034e-15,-,0
1692,1,z:c2r,nat-oop,2077,5518,21.839,2.656,1.034e-15,-,1
1693,1,z:c2r,nat-oop,11566,13201,3.925,1.141,9.369e-16,-,0
1693,1,z:c2r,nat-oop,11423,13268,3.974,1.162,9.369e-16,-,1
1694,1,z:c2r,nat-oop,1770,1563,25.660,0.883,1.068e-15,-,0
1694,1,z:c2r,nat-oop,1826,1552,24.883,0.850,1.068e-15,-,1
1695,1,z:c2r,nat-oop,11379,13032,3.995,1.145,1.328e-15,-,0
1695,1,z:c2r,nat-oop,11364,13070,4.000,1.150,1.328e-15,-,1
1696,1,z:c2r,nat-oop,5405,5742,8.415,1.062,9.218e-16,-,0
1696,1,z:c2r,nat-oop,5426,5742,8.382,1.058,9.218e-16,-,1
1697,1,z:c2r,nat-oop,13095,13237,3.476,1.011,1.004e-15,-,0
1697,1,z:c2r,nat-oop,11457,13202,3.973,1.152,1.004e-15,-,1
1698,1,z:c2r,nat-oop,5349,6364,8.514,1.190,1.056e-15,-,0
1698,1,z:c2r,nat-oop,5395,6368,8.443,1.180,1.056e-15,-,1
1699,1,z:c2r,nat-oop,11159,13250,4.084,1.187,1.177e-15,-,0
1699,1,z:c2r,nat-oop,11333,13291,4.022,1.173,1.177e-15,-,1
1700,1,z:c2r,nat-oop,1508,2549,30.248,1.690,1.096e-15,-,0
1700,1,z:c2r,nat-oop,1533,2550,29.750,1.663,1.096e-15,-,1
1701,1,z:c2r,nat-oop,3430,2773,13.306,0.809,1.176e-15,-,0
1701,1,z:c2r,nat-oop,3705,2766,12.318,0.747,1.176e-15,-,1
1702,1,z:c2r,nat-oop,2150,6739,21.239,3.134,1.378e-15,-,0
1702,1,z:c2r,nat-oop,2196,6751,20.798,3.074,1.378e-15,-,1
1703,1,z:c2r,nat-oop,11202,13061,4.080,1.166,1.004e-15,-,0
1703,1,z:c2r,nat-oop,11259,13098,4.059,1.163,1.004e-15,-,1
1704,1,z:c2r,nat-oop,5286,8552,8.651,1.618,1.028e-15,-,0
1704,1,z:c2r,nat-oop,5571,8547,8.208,1.534,1.028e-15,-,1
1705,1,z:c2r,nat-oop,4991,9944,9.169,1.993,9.226e-16,-,0
1705,1,z:c2r,nat-oop,4527,9944,10.109,2.197,9.226e-16,-,1
1706,1,z:c2r,nat-oop,5524,6369,8.289,1.153,1.107e-15,-,0
1706,1,z:c2r,nat-oop,5496,6385,8.332,1.162,1.107e-15,-,1
1707,1,z:c2r,nat-oop,11559,13109,3.964,1.134,1.031e-15,-,0
1707,1,z:c2r,nat-oop,11323,13107,4.047,1.158,1.031e-15,-,1
1708,1,z:c2r,nat-oop,5444,7523,8.423,1.382,1.158e-15,-,0
1708,1,z:c2r,nat-oop,5466,7516,8.389,1.375,1.158e-15,-,1
1709,1,z:c2r,nat-oop,11493,13274,3.992,1.155,1.110e-15,-,0
1709,1,z:c2r,nat-oop,11468,13281,4.001,1.158,1.110e-15,-,1
1710,1,z:c2r,nat-oop,1632,2804,28.130,1.718,1.086e-15,-,0
1710,1,z:c2r,nat-oop,1561,2813,29.417,1.802,1.086e-15,-,1
1711,1,z:c2r,nat-oop,11539,23408,3.982,2.029,8.439e-16,-,0
1711,1,z:c2r,nat-oop,11624,23414,3.953,2.014,8.439e-16,-,1
1712,1,z:c2r,nat-oop,5350,12875,8.593,2.407,1.132e-15,-,0
1712,1,z:c2r,nat-oop,5334,12925,8.620,2.423,1.132e-15,-,1
1713,1,z:c2r,nat-oop,11533,13256,3.989,1.149,1.063e-15,-,0
1713,1,z:c2r,nat-oop,11437,13259,4.022,1.159,1.063e-15,-,1
1714,1,z:c2r,nat-oop,5454,6382,8.440,1.170,1.095e-15,-,0
1714,1,z:c2r,nat-oop,5465,6378,8.424,1.167,1.095e-15,-,1
1715,1,z:c2r,nat-oop,3354,2743,13.733,0.818,8.219e-16,-,0
1715,1,z:c2r,nat-oop,3355,2742,13.729,0.817,8.219e-16,-,1
1716,1,z:c2r,nat-oop,2253,1659,20.456,0.736,1.312e-15,-,0
1716,1,z:c2r,nat-oop,1682,1668,27.398,0.991,1.312e-15,-,1
1717,1,z:c2r,nat-oop,11516,13300,4.005,1.155,1.299e-15,-,0
1717,1,z:c2r,nat-oop,11629,13256,3.966,1.140,1.299e-15,-,1
1718,1,z:c2r,nat-oop,3992,6332,11.561,1.586,2.046e-15,-,0
1718,1,z:c2r,nat-oop,4041,6354,11.421,1.572,2.046e-15,-,1
1719,1,z:c2r,nat-oop,11639,13130,3.968,1.128,1.073e-15,-,0
1719,1,z:c2r,nat-oop,11581,13273,3.988,1.146,1.073e-15,-,1
1720,1,z:c2r,nat-oop,1806,4897,25.591,2.712,1.034e-15,-,0
1720,1,z:c2r,nat-oop,1787,4895,25.867,2.740,1.034e-15,-,1
1721,1,z:c2r,nat-oop,11533,13309,4.010,1.154,1.098e-15,-,0
1721,1,z:c2r,nat-oop,11622,13280,3.979,1.143,1.098e-15,-,1
1722,1,z:c2r,nat-oop,3878,5744,11.934,1.481,9.981e-16,-,0
1722,1,z:c2r,nat-oop,4111,5748,11.258,1.398,9.981e-16,-,1
1723,1,z:c2r,nat-oop,15600,13160,2.969,0.844,9.241e-16,-,0
1723,1,z:c2r,nat-oop,11508,13109,4.024,1.139,9.241e-16,-,1
1724,1,z:c2r,nat-oop,5318,6387,8.714,1.201,1.243e-15,-,0
1724,1,z:c2r,nat-oop,5264,6385,8.803,1.213,1.243e-15,-,1
1725,1,z:c2r,nat-oop,3915,7524,11.844,1.922,1.108e-15,-,0
1725,1,z:c2r,nat-oop,3897,7522,11.899,1.930,1.108e-15,-,1
1726,1,z:c2r,nat-oop,5246,6335,8.844,1.208,1.090e-15,-,0
1726,1,z:c2r,nat-oop,5367,6441,8.646,1.200,1.090e-15,-,1
1727,1,z:c2r,nat-oop,11311,13121,4.105,1.160,9.261e-16,-,0
1727,1,z:c2r,nat-oop,11388,13110,4.077,1.151,9.261e-16,-,1
1728,1,z:c2r,nat-oop,973,1553,47.731,1.596,1.086e-15,-,0
1728,1,z:c2r,nat-oop,980,1559,47.419,1.591,1.086e-15,-,1
1729,1,z:c2r,nat-oop,3959,6843,11.742,1.728,1.092e-15,-,0
1729,1,z:c2r,nat-oop,3931,6992,11.828,1.779,1.092e-15,-,1
1730,1,z:c2r,nat-oop,5583,6395,8.334,1.145,1.433e-15,-,0
1730,1,z:c2r,nat-oop,5508,6394,8.447,1.161,1.433e-15,-,1
1731,1,z:c2r,nat-oop,11590,13189,4.017,1.138,1.093e-15,-,0
1731,1,z:c2r,nat-oop,12925,13197,3.602,1.021,1.093e-15,-,1
1732,1,z:c2r,nat-oop,5337,6391,8.729,1.198,1.136e-15,-,0
1732,1,z:c2r,nat-oop,5247,6396,8.878,1.219,1.136e-15,-,1
1733,1,z:c2r,nat-oop,11639,13305,4.005,1.143,1.039e-15,-,0
1733,1,z:c2r,nat-oop,11382,13322,4.096,1.170,1.039e-15,-,1
1734,1,z:c2r,nat-oop,1896,3976,24.602,2.097,1.312e-15,-,0
1734,1,z:c2r,nat-oop,1851,3960,25.193,2.139,1.312e-15,-,1
1735,1,z:c2r,nat-oop,11593,13304,4.026,1.148,1.144e-15,-,0
1735,1,z:c2r,nat-oop,11401,13165,4.094,1.155,1.144e-15,-,1
1736,1,z:c2r,nat-oop,1801,3790,25.933,2.105,1.110e-15,-,0
1736,1,z:c2r,nat-oop,1798,3790,25.971,2.108,1.110e-15,-,1
1737,1,z:c2r,nat-oop,11429,13265,4.089,1.161,8.309e-16,-,0
1737,1,z:c2r,nat-oop,11431,13255,4.089,1.160,8.309e-16,-,1
1738,1,z:c2r,nat-oop,5508,12634,8.490,2.294,9.522e-16,-,0
1738,1,z:c2r,nat-oop,5527,12646,8.462,2.288,9.522e-16,-,1
1739,1,z:c2r,nat-oop,5258,20492,8.899,3.897,2.409e-15,-,0
1739,1,z:c2r,nat-oop,5267,20534,8.884,3.898,2.409e-15,-,1
1740,1,z:c2r,nat-oop,1749,3581,26.780,2.048,1.112e-15,-,0
1740,1,z:c2r,nat-oop,1782,3583,26.282,2.011,1.112e-15,-,1
1741,1,z:c2r,nat-oop,11541,13312,4.060,1.153,1.038e-15,-,0
1741,1,z:c2r,nat-oop,11709,13322,4.002,1.138,1.038e-15,-,1
1742,1,z:c2r,nat-oop,5386,10587,8.705,1.965,9.589e-16,-,0
1742,1,z:c2r,nat-oop,5357,10477,8.752,1.956,9.589e-16,-,1
1743,1,z:c2r,nat-oop,11665,29790,4.022,2.554,1.225e-15,-,0
1743,1,z:c2r,nat-oop,11593,29778,4.047,2.569,1.225e-15,-,1
1744,1,z:c2r,nat-oop,5374,13453,8.736,2.503,9.884e-16,-,0
1744,1,z:c2r,nat-oop,5375,13446,8.735,2.502,9.884e-16,-,1
1745,1,z:c2r,nat-oop,11332,13315,4.146,1.175,9.594e-16,-,0
1745,1,z:c2r,nat-oop,11670,13335,4.026,1.143,9.594e-16,-,1
1746,1,z:c2r,nat-oop,5429,6413,8.660,1.181,1.025e-15,-,0
1746,1,z:c2r,nat-oop,5425,6402,8.665,1.180,1.025e-15,-,1
1747,1,z:c2r,nat-oop,11765,13170,3.998,1.119,8.993e-16,-,0
1747,1,z:c2r,nat-oop,11749,13365,4.004,1.138,8.993e-16,-,1
1748,1,z:c2r,nat-oop,2065,4144,22.792,2.006,2.441e-15,-,0
1748,1,z:c2r,nat-oop,1990,4141,23.654,2.081,2.441e-15,-,1
1749,1,z:c2r,nat-oop,11645,18047,4.045,1.550,8.842e-16,-,0
1749,1,z:c2r,nat-oop,13651,18045,3.451,1.322,8.842e-16,-,1
1750,1,z:c2r,nat-oop,1404,1597,33.569,1.138,1.261e-15,-,0
1750,1,z:c2r,nat-oop,1476,1601,31.922,1.085,1.261e-15,-,1
1751,1,z:c2r,nat-oop,11542,13186,4.086,1.142,1.015e-15,-,0
1751,1,z:c2r,nat-oop,11627,13162,4.056,1.132,1.015e-15,-,1
1752,1,z:c2r,nat-oop,5291,9184,8.919,1.736,1.047e-15,-,0
1752,1,z:c2r,nat-oop,5238,9190,9.010,1.755,1.047e-15,-,1
1753,1,z:c2r,nat-oop,11651,13375,4.053,1.148,9.424e-16,-,0
1753,1,z:c2r,nat-oop,11666,13591,4.048,1.165,9.424e-16,-,1
1754,1,z:c2r,nat-oop,5569,6424,8.485,1.153,1.020e-15,-,0
1754,1,z:c2r,nat-oop,5495,6420,8.599,1.168,1.020e-15,-,1
1755,1,z:c2r,nat-oop,4143,3083,11.414,0.744,1.279e-15,-,0
1755,1,z:c2r,nat-oop,4135,3100,11.434,0.750,1.279e-15,-,1
1756,1,z:c2r,nat-oop,5236,6416,9.036,1.225,1.093e-15,-,0
1756,1,z:c2r,nat-oop,5365,6420,8.820,1.197,1.093e-15,-,1
1757,1,z:c2r,nat-oop,11535,13297,4.104,1.153,1.259e-15,-,0
1757,1,z:c2r,nat-oop,11632,13389,4.070,1.151,1.259e-15,-,1
1758,1,z:c2r,nat-oop,5780,6362,8.197,1.101,1.072e-15,-,0
1758,1,z:c2r,nat-oop,5787,6360,8.187,1.099,1.072e-15,-,1
1759,1,z:c2r,nat-oop,13671,13108,3.468,0.959,1.147e-15,-,0
1759,1,z:c2r,nat-oop,12997,13171,3.648,1.013,1.147e-15,-,1
1760,1,z:c2r,nat-oop,1338,1554,35.467,1.161,8.761e-16,-,0
1760,1,z:c2r,nat-oop,1345,1563,35.272,1.162,8.761e-16,-,1
1761,1,z:c2r,nat-oop,11313,13459,4.196,1.190,1.094e-15,-,0
1761,1,z:c2r,nat-oop,11282,13302,4.208,1.179,1.094e-15,-,1
1762,1,z:c2r,nat-oop,3725,6422,12.753,1.724,1.345e-15,-,0
1762,1,z:c2r,nat-oop,3820,6417,12.434,1.680,1.345e-15,-,1
1763,1,z:c2r,nat-oop,8802,20238,5.400,2.299,1.133e-15,-,0
1763,1,z:c2r,nat-oop,9582,20214,4.960,2.109,1.133e-15,-,1
1764,1,z:c2r,nat-oop,1855,1619,25.635,0.873,9.739e-16,-,0
1764,1,z:c2r,nat-oop,1842,1618,25.823,0.879,9.739e-16,-,1
1765,1,z:c2r,nat-oop,11576,13380,4.111,1.156,9.509e-16,-,0
1765,1,z:c2r,nat-oop,11572,13287,4.113,1.148,9.509e-16,-,1
1766,1,z:c2r,nat-oop,5698,6361,8.357,1.116,1.160e-15,-,0
1766,1,z:c2r,nat-oop,5857,6365,8.131,1.087,1.160e-15,-,1
1767,1,z:c2r,nat-oop,4500,12053,10.589,2.678,9.700e-16,-,0
1767,1,z:c2r,nat-oop,4715,12049,10.106,2.555,9.700e-16,-,1
1768,1,z:c2r,nat-oop,1807,2666,26.381,1.475,1.571e-15,-,0
1768,1,z:c2r,nat-oop,1799,2662,26.507,1.480,1.571e-15,-,1
1769,1,z:c2r,nat-oop,11691,24977,4.081,2.136,8.653e-16,-,0
1769,1,z:c2r,nat-oop,11633,24974,4.101,2.147,8.653e-16,-,1
1770,1,z:c2r,nat-oop,5726,9032,8.338,1.577,9.357e-16,-,0
1770,1,z:c2r,nat-oop,5742,9033,8.315,1.573,9.357e-16,-,1
1771,1,z:c2r,nat-oop,4235,7928,11.280,1.872,1.456e-15,-,0
1771,1,z:c2r,nat-oop,4159,7922,11.486,1.905,1.456e-15,-,1
1772,1,z:c2r,nat-oop,5466,6422,8.746,1.175,1.343e-15,-,0
1772,1,z:c2r,nat-oop,5509,6427,8.678,1.167,1.343e-15,-,1
1773,1,z:c2r,nat-oop,11459,13331,4.174,1.163,9.217e-16,-,0
1773,1,z:c2r,nat-oop,14861,13321,3.219,0.896,9.217e-16,-,1
1774,1,z:c2r,nat-oop,5318,6367,9.001,1.197,1.429e-15,-,0
1774,1,z:c2r,nat-oop,5314,6458,9.008,1.215,1.429e-15,-,1
1775,1,z:c2r,nat-oop,11488,25488,4.169,2.219,1.152e-15,-,0
1775,1,z:c2r,nat-oop,11493,25501,4.167,2.219,1.152e-15,-,1
1776,1,z:c2r,nat-oop,1959,4498,24.466,2.296,1.062e-15,-,0
1776,1,z:c2r,nat-oop,1872,4498,25.606,2.403,1.062e-15,-,1
1777,1,z:c2r,nat-oop,11614,13357,4.129,1.150,1.069e-15,-,0
1777,1,z:c2r,nat-oop,11567,13293,4.146,1.149,1.069e-15,-,1
1778,1,z:c2r,nat-oop,5599,6427,8.571,1.148,1.330e-15,-,0
1778,1,z:c2r,nat-oop,5605,6427,8.561,1.147,1.330e-15,-,1
1779,1,z:c2r,nat-oop,11431,13124,4.201,1.148,1.325e-15,-,0
1779,1,z:c2r,nat-oop,11406,13246,4.210,1.161,1.325e-15,-,1
1780,1,z:c2r,nat-oop,5360,12033,8.965,2.245,1.020e-15,-,0
1780,1,z:c2r,nat-oop,5356,12027,8.970,2.245,1.020e-15,-,1
1781,1,z:c2r,nat-oop,11371,13287,4.228,1.168,1.163e-15,-,0
1781,1,z:c2r,nat-oop,11364,13418,4.231,1.181,1.163e-15,-,1
1782,1,z:c2r,nat-oop,1527,1728,31.497,1.131,1.237e-15,-,0
1782,1,z:c2r,nat-oop,1784,1727,26.971,0.968,1.237e-15,-,1
1783,1,z:c2r,nat-oop,11366,13182,4.236,1.160,1.109e-15,-,0
1783,1,z:c2r,nat-oop,11662,13122,4.128,1.125,1.109e-15,-,1
1784,1,z:c2r,nat-oop,5424,6389,8.881,1.178,1.120e-15,-,0
1784,1,z:c2r,nat-oop,5356,6404,8.994,1.196,1.120e-15,-,1
1785,1,z:c2r,nat-oop,3928,6071,12.271,1.546,1.068e-15,-,0
1785,1,z:c2r,nat-oop,3968,6077,12.148,1.531,1.068e-15,-,1
1786,1,z:c2r,nat-oop,2566,8315,18.800,3.241,1.753e-15,-,0
1786,1,z:c2r,nat-oop,2400,8298,20.096,3.457,1.753e-15,-,1
1787,1,z:c2r,nat-oop,11577,13160,4.169,1.137,1.127e-15,-,0
1787,1,z:c2r,nat-oop,11720,13150,4.118,1.122,1.127e-15,-,1
1788,1,z:c2r,nat-oop,5370,19333,8.994,3.600,9.899e-16,-,0
1788,1,z:c2r,nat-oop,5295,19329,9.121,3.651,9.899e-16,-,1
1789,1,z:c2r,nat-oop,11702,13394,4.130,1.145,1.022e-15,-,0
1789,1,z:c2r,nat-oop,14551,13336,3.321,0.916,1.022e-15,-,1
1790,1,z:c2r,nat-oop,5299,6383,9.125,1.205,1.019e-15,-,0
1790,1,z:c2r,nat-oop,5369,6371,9.007,1.187,1.019e-15,-,1
1791,1,z:c2r,nat-oop,11483,13198,4.214,1.149,1.036e-15,-,0
1791,1,z:c2r,nat-oop,11557,13161,4.187,1.139,1.036e-15,-,1
1792,1,z:c2r,nat-oop,954,1515,50.755,1.588,6.670e-16,-,0
1792,1,z:c2r,nat-oop,956,1514,50.620,1.583,6.670e-16,-,1
1793,1,z:c2r,nat-oop,11664,13302,4.154,1.140,1.039e-15,-,0
1793,1,z:c2r,nat-oop,11612,13361,4.172,1.151,1.039e-15,-,1
1794,1,z:c2r,nat-oop,1968,3426,24.635,1.741,2.327e-15,-,0
1794,1,z:c2r,nat-oop,1990,3414,24.365,1.716,2.327e-15,-,1
1795,1,z:c2r,nat-oop,11462,13144,4.232,1.147,9.734e-16,-,0
1795,1,z:c2r,nat-oop,11456,13127,4.234,1.146,9.734e-16,-,1
1796,1,z:c2r,nat-oop,5631,6652,8.620,1.181,1.229e-15,-,0
1796,1,z:c2r,nat-oop,5603,6462,8.664,1.153,1.229e-15,-,1
1797,1,z:c2r,nat-oop,11601,13323,4.187,1.148,9.528e-16,-,0
1797,1,z:c2r,nat-oop,11502,13436,4.223,1.168,9.528e-16,-,1
1798,1,z:c2r,nat-oop,2553,7019,19.035,2.749,2.581e-15,-,0
1798,1,z:c2r,nat-oop,2561,7026,18.974,2.743,2.581e-15,-,1
1799,1,z:c2r,nat-oop,11480,13244,4.236,1.154,9.638e-16,-,0
1799,1,z:c2r,nat-oop,11650,13138,4.174,1.128,9.638e-16,-,1
1800,1,z:c2r,nat-oop,1373,1674,35.450,1.220,9.769e-16,-,0
1800,1,z:c2r,nat-oop,1475,1673,33.001,1.135,9.769e-16,-,1
1801,1,z:c2r,nat-oop,11512,13334,4.230,1.158,1.054e-15,-,0
1801,1,z:c2r,nat-oop,11690,13399,4.165,1.146,1.054e-15,-,1
1802,1,z:c2r,nat-oop,5592,9478,8.713,1.695,1.132e-15,-,0
1802,1,z:c2r,nat-oop,5796,9524,8.407,1.643,1.132e-15,-,1
1803,1,z:c2r,nat-oop,11729,13134,4.157,1.120,1.047e-15,-,0
1803,1,z:c2r,nat-oop,11641,13170,4.188,1.131,1.047e-15,-,1
1804,1,z:c2r,nat-oop,2503,5318,19.491,2.125,1.231e-15,-,0
1804,1,z:c2r,nat-oop,2546,5334,19.161,2.095,1.231e-15,-,1
1805,1,z:c2r,nat-oop,4511,8912,10.821,1.976,1.522e-15,-,0
1805,1,z:c2r,nat-oop,4926,8910,9.911,1.809,1.522e-15,-,1
1806,1,z:c2r,nat-oop,2617,6317,18.664,2.414,3.240e-15,-,0
1806,1,z:c2r,nat-oop,2789,6316,17.514,2.265,3.240e-15,-,1
1807,1,z:c2r,nat-oop,11492,13157,4.253,1.145,1.019e-15,-,0
1807,1,z:c2r,nat-oop,11432,13169,4.275,1.152,1.019e-15,-,1
1808,1,z:c2r,nat-oop,5360,14489,9.125,2.703,1.093e-15,-,0
1808,1,z:c2r,nat-oop,5519,14487,8.862,2.625,1.093e-15,-,1
1809,1,z:c2r,nat-oop,11732,24290,4.171,2.070,8.227e-16,-,0
1809,1,z:c2r,nat-oop,11719,24285,4.176,2.072,8.227e-16,-,1
1810,1,z:c2r,nat-oop,5328,6485,9.191,1.217,1.061e-15,-,0
1810,1,z:c2r,nat-oop,6833,6453,7.166,0.944,1.061e-15,-,1
1811,1,z:c2r,nat-oop,11494,13173,4.263,1.146,1.024e-15,-,0
1811,1,z:c2r,nat-oop,11684,13216,4.194,1.131,1.024e-15,-,1
1812,1,z:c2r,nat-oop,5535,6455,8.858,1.166,1.380e-15,-,0
1812,1,z:c2r,nat-oop,5269,6451,9.306,1.224,1.380e-15,-,1
1813,1,z:c2r,nat-oop,5350,12074,9.169,2.257,8.445e-16,-,0
1813,1,z:c2r,nat-oop,5440,12066,9.018,2.218,8.445e-16,-,1
1814,1,z:c2r,nat-oop,5492,6402,8.939,1.166,1.153e-15,-,0
1814,1,z:c2r,nat-oop,5541,6432,8.860,1.161,1.153e-15,-,1
1815,1,z:c2r,nat-oop,4073,3561,12.060,0.874,1.111e-15,-,0
1815,1,z:c2r,nat-oop,4177,3566,11.760,0.854,1.111e-15,-,1
1816,1,z:c2r,nat-oop,5468,6622,8.988,1.211,1.134e-15,-,0
1816,1,z:c2r,nat-oop,6943,6436,7.079,0.927,1.134e-15,-,1
1817,1,z:c2r,nat-oop,11436,32174,4.301,2.813,1.176e-15,-,0
1817,1,z:c2r,nat-oop,11720,32162,4.197,2.744,1.176e-15,-,1
1818,1,z:c2r,nat-oop,5541,6470,8.882,1.168,1.125e-15,-,0
1818,1,z:c2r,nat-oop,5762,6461,8.541,1.121,1.125e-15,-,1
1819,1,z:c2r,nat-oop,11664,13307,4.222,1.141,9.376e-16,-,0
1819,1,z:c2r,nat-oop,11518,13177,4.276,1.144,9.376e-16,-,1
1820,1,z:c2r,nat-oop,1620,1922,30.421,1.187,1.196e-15,-,0
1820,1,z:c2r,nat-oop,1888,1923,26.094,1.018,1.196e-15,-,1
1821,1,z:c2r,nat-oop,11684,13374,4.220,1.145,1.064e-15,-,0
1821,1,z:c2r,nat-oop,11482,13353,4.294,1.163,1.064e-15,-,1
1822,1,z:c2r,nat-oop,5814,6417,8.486,1.104,1.379e-15,-,0
1822,1,z:c2r,nat-oop,5821,6429,8.476,1.105,1.379e-15,-,1
1823,1,z:c2r,nat-oop,11789,13189,4.187,1.119,9.229e-16,-,0
1823,1,z:c2r,nat-oop,11524,13218,4.284,1.147,9.229e-16,-,1
1824,1,z:c2r,nat-oop,1721,2802,28.705,1.628,1.220e-15,-,0
1824,1,z:c2r,nat-oop,1711,2805,28.878,1.640,1.220e-15,-,1
1825,1,z:c2r,nat-oop,11504,26915,4.297,2.340,9.123e-16,-,0
1825,1,z:c2r,nat-oop,11751,26917,4.206,2.291,9.123e-16,-,1
1826,1,z:c2r,nat-oop,5342,14416,9.259,2.699,1.040e-15,-,0
1826,1,z:c2r,nat-oop,5376,14422,9.200,2.683,1.040e-15,-,1
1827,1,z:c2r,nat-oop,4437,9638,11.154,2.172,1.209e-15,-,0
1827,1,z:c2r,nat-oop,4711,9631,10.506,2.044,1.209e-15,-,1
1828,1,z:c2r,nat-oop,5270,6479,9.398,1.229,1.076e-15,-,0
1828,1,z:c2r,nat-oop,5409,6461,9.154,1.194,1.076e-15,-,1
1829,1,z:c2r,nat-oop,11744,25265,4.219,2.151,7.846e-16,-,0
1829,1,z:c2r,nat-oop,11749,25272,4.218,2.151,7.846e-16,-,1
1830,1,z:c2r,nat-oop,5443,9837,9.110,1.807,1.083e-15,-,0
1830,1,z:c2r,nat-oop,5416,9841,9.156,1.817,1.083e-15,-,1
1831,1,z:c2r,nat-oop,11731,13197,4.229,1.125,9.267e-16,-,0
1831,1,z:c2r,nat-oop,11703,13183,4.239,1.126,9.267e-16,-,1
1832,1,z:c2r,nat-oop,5551,6455,8.943,1.163,1.535e-15,-,0
1832,1,z:c2r,nat-oop,5538,6432,8.964,1.161,1.535e-15,-,1
1833,1,z:c2r,nat-oop,5081,16511,9.777,3.250,1.317e-15,-,0
1833,1,z:c2r,nat-oop,5303,16516,9.367,3.114,1.317e-15,-,1
1834,1,z:c2r,nat-oop,5781,6492,8.598,1.123,1.225e-15,-,0
1834,1,z:c2r,nat-oop,5702,6497,8.717,1.139,1.225e-15,-,1
1835,1,z:c2r,nat-oop,11767,13377,4.227,1.137,9.941e-16,-,0
1835,1,z:c2r,nat-oop,11518,13174,4.318,1.144,9.941e-16,-,1
1836,1,z:c2r,nat-oop,1865,2762,26.679,1.481,1.324e-15,-,0
1836,1,z:c2r,nat-oop,1759,2763,28.294,1.571,1.324e-15,-,1
1837,1,z:c2r,nat-oop,11507,13467,4.328,1.170,1.087e-15,-,0
1837,1,z:c2r,nat-oop,11678,13431,4.264,1.150,1.087e-15,-,1
1838,1,z:c2r,nat-oop,5437,6434,9.165,1.183,1.224e-15,-,0
1838,1,z:c2r,nat-oop,5341,6434,9.329,1.205,1.224e-15,-,1
1839,1,z:c2r,nat-oop,11585,13196,4.304,1.139,1.358e-15,-,0
1839,1,z:c2r,nat-oop,11738,13253,4.248,1.129,1.358e-15,-,1
1840,1,z:c2r,nat-oop,1695,3270,29.428,1.929,1.418e-15,-,0
1840,1,z:c2r,nat-oop,1723,3276,28.947,1.901,1.418e-15,-,1
1841,1,z:c2r,nat-oop,15203,13415,3.284,0.882,9.725e-16,-,0
1841,1,z:c2r,nat-oop,11648,13491,4.286,1.158,9.725e-16,-,1
1842,1,z:c2r,nat-oop,5457,6488,9.153,1.189,1.258e-15,-,0
1842,1,z:c2r,nat-oop,5485,6483,9.107,1.182,1.258e-15,-,1
1843,1,z:c2r,nat-oop,11559,13299,4.324,1.151,1.157e-15,-,0
1843,1,z:c2r,nat-oop,11486,13217,4.351,1.151,1.157e-15,-,1
1844,1,z:c2r,nat-oop,5434,6480,9.203,1.193,1.106e-15,-,0
1844,1,z:c2r,nat-oop,5500,6469,9.093,1.176,1.106e-15,-,1
1845,1,z:c2r,nat-oop,5023,13727,9.963,2.733,1.045e-15,-,0
1845,1,z:c2r,nat-oop,4828,14751,10.365,3.055,1.045e-15,-,1
1846,1,z:c2r,nat-oop,5759,11857,8.695,2.059,1.009e-15,-,0
1846,1,z:c2r,nat-oop,6033,13221,8.300,2.191,1.009e-15,-,1
1847,1,z:c2r,nat-oop,11637,13235,4.306,1.137,1.035e-15,-,0
1847,1,z:c2r,nat-oop,11614,13239,4.314,1.140,1.035e-15,-,1
1848,1,z:c2r,nat-oop,1480,1846,33.886,1.248,8.729e-16,-,0
1848,1,z:c2r,nat-oop,1483,1839,33.806,1.240,8.729e-16,-,1
1849,1,z:c2r,nat-oop,5872,21386,8.543,3.642,2.232e-15,-,0
1849,1,z:c2r,nat-oop,5690,21377,8.816,3.757,2.232e-15,-,1
1850,1,z:c2r,nat-oop,2003,5433,25.066,2.713,1.303e-15,-,0
1850,1,z:c2r,nat-oop,1983,5422,25.312,2.734,1.303e-15,-,1
1851,1,z:c2r,nat-oop,11766,13247,4.269,1.126,1.074e-15,-,0
1851,1,z:c2r,nat-oop,11466,13186,4.381,1.150,1.074e-15,-,1
1852,1,z:c2r,nat-oop,5698,6496,8.820,1.140,1.228e-15,-,0
1852,1,z:c2r,nat-oop,5697,6497,8.823,1.141,1.228e-15,-,1
1853,1,z:c2r,nat-oop,11745,13394,4.282,1.140,1.038e-15,-,0
1853,1,z:c2r,nat-oop,12939,17924,3.887,1.385,1.038e-15,-,1
1854,1,z:c2r,nat-oop,5852,6575,8.599,1.124,1.186e-15,-,0
1854,1,z:c2r,nat-oop,5846,6453,8.608,1.104,1.186e-15,-,1
1855,1,z:c2r,nat-oop,11732,18784,4.292,1.601,1.415e-15,-,0
1855,1,z:c2r,nat-oop,11642,18784,4.325,1.613,1.415e-15,-,1
1856,1,z:c2r,nat-oop,1795,3828,28.071,2.133,9.112e-16,-,0
1856,1,z:c2r,nat-oop,1950,3826,25.832,1.962,9.112e-16,-,1
1857,1,z:c2r,nat-oop,11608,13745,4.343,1.184,8.778e-16,-,0
1857,1,z:c2r,nat-oop,11547,13404,4.366,1.161,8.778e-16,-,1
1858,1,z:c2r,nat-oop,4534,6518,11.125,1.437,2.126e-15,-,0
1858,1,z:c2r,nat-oop,4553,6493,11.080,1.426,2.126e-15,-,1
1859,1,z:c2r,nat-oop,4045,4240,12.477,1.048,1.017e-15,-,0
1859,1,z:c2r,nat-oop,4037,4249,12.504,1.053,1.017e-15,-,1
1860,1,z:c2r,nat-oop,1955,3995,25.837,2.044,1.059e-15,-,0
1860,1,z:c2r,nat-oop,1968,3993,25.662,2.029,1.059e-15,-,1
1861,1,z:c2r,nat-oop,11405,13655,4.431,1.197,1.156e-15,-,0
1861,1,z:c2r,nat-oop,11792,13444,4.285,1.140,1.156e-15,-,1
1862,1,z:c2r,nat-oop,1772,3011,28.537,1.699,1.005e-15,-,0
1862,1,z:c2r,nat-oop,1768,3001,28.601,1.697,1.005e-15,-,1
1863,1,z:c2r,nat-oop,4225,8049,11.977,1.905,1.158e-15,-,0
1863,1,z:c2r,nat-oop,4172,8064,12.128,1.933,1.158e-15,-,1
1864,1,z:c2r,nat-oop,6733,6455,7.519,0.959,1.111e-15,-,0
1864,1,z:c2r,nat-oop,5557,6818,9.110,1.227,1.111e-15,-,1
1865,1,z:c2r,nat-oop,11885,13474,4.262,1.134,1.267e-15,-,0
1865,1,z:c2r,nat-oop,11686,13454,4.335,1.151,1.267e-15,-,1
1866,1,z:c2r,nat-oop,5509,6509,9.202,1.181,1.428e-15,-,0
1866,1,z:c2r,nat-oop,5838,6582,8.682,1.127,1.428e-15,-,1
1867,1,z:c2r,nat-oop,11476,13291,4.420,1.158,1.013e-15,-,0
1867,1,z:c2r,nat-oop,15620,13277,3.247,0.850,1.013e-15,-,1
1868,1,z:c2r,nat-oop,5745,6586,8.834,1.146,1.261e-15,-,0
1868,1,z:c2r,nat-oop,5784,6578,8.775,1.137,1.261e-15,-,1
1869,1,z:c2r,nat-oop,11532,34446,4.404,2.987,1.147e-15,-,0
1869,1,z:c2r,nat-oop,11804,34419,4.302,2.916,1.147e-15,-,1
1870,1,z:c2r,nat-oop,1752,2909,29.004,1.661,1.173e-15,-,0
1870,1,z:c2r,nat-oop,1699,2911,29.912,1.714,1.173e-15,-,1
1871,1,z:c2r,nat-oop,11755,13277,4.325,1.129,1.051e-15,-,0
1871,1,z:c2r,nat-oop,11780,13273,4.316,1.127,1.051e-15,-,1
1872,1,z:c2r,nat-oop,1475,1820,34.492,1.234,1.257e-15,-,0
1872,1,z:c2r,nat-oop,1467,1821,34.689,1.242,1.257e-15,-,1
1873,1,z:c2r,nat-oop,8850,17885,5.752,2.021,1.283e-15,-,0
1873,1,z:c2r,nat-oop,8543,13457,5.958,1.575,1.283e-15,-,1
1874,1,z:c2r,nat-oop,4019,6643,12.675,1.653,1.737e-15,-,0
1874,1,z:c2r,nat-oop,4005,6742,12.719,1.684,1.737e-15,-,1
1875,1,z:c2r,nat-oop,4078,3328,12.496,0.816,1.050e-15,-,0
1875,1,z:c2r,nat-oop,4095,3319,12.447,0.810,1.050e-15,-,1
1876,1,z:c2r,nat-oop,5988,9148,8.516,1.528,1.131e-15,-,0
1876,1,z:c2r,nat-oop,5923,9109,8.610,1.538,1.131e-15,-,1
1877,1,z:c2r,nat-oop,11885,13440,4.293,1.131,1.041e-15,-,0
1877,1,z:c2r,nat-oop,11838,13574,4.310,1.147,1.041e-15,-,1
1878,1,z:c2r,nat-oop,5487,6452,9.305,1.176,9.883e-16,-,0
1878,1,z:c2r,nat-oop,5485,6609,9.309,1.205,9.883e-16,-,1
1879,1,z:c2r,nat-oop,11765,13287,4.343,1.129,1.103e-15,-,0
1879,1,z:c2r,nat-oop,11607,13338,4.401,1.149,1.103e-15,-,1
1880,1,z:c2r,nat-oop,2104,6069,24.297,2.885,1.218e-15,-,0
1880,1,z:c2r,nat-oop,2710,6080,18.860,2.243,1.218e-15,-,1
1881,1,z:c2r,nat-oop,3938,7386,12.987,1.875,1.058e-15,-,0
1881,1,z:c2r,nat-oop,4386,7379,11.663,1.683,1.058e-15,-,1
1882,1,z:c2r,nat-oop,5622,6652,9.104,1.183,1.039e-15,-,0
1882,1,z:c2r,nat-oop,5655,6516,9.051,1.152,1.039e-15,-,1
1883,1,z:c2r,nat-oop,11957,13556,4.283,1.134,9.344e-16,-,0
1883,1,z:c2r,nat-oop,11747,13296,4.360,1.132,9.344e-16,-,1
1884,1,z:c2r,nat-oop,5601,6585,9.149,1.176,1.140e-15,-,0
1884,1,z:c2r,nat-oop,5686,6526,9.012,1.148,1.140e-15,-,1
1885,1,z:c2r,nat-oop,5969,10396,8.591,1.742,1.112e-15,-,0
1885,1,z:c2r,nat-oop,5469,10469,9.375,1.914,1.112e-15,-,1
1886,1,z:c2r,nat-oop,2791,8268,18.380,2.962,3.076e-15,-,0
1886,1,z:c2r,nat-oop,2740,8265,18.727,3.017,3.076e-15,-,1
1887,1,z:c2r,nat-oop,4960,14730,10.350,2.970,1.129e-15,-,0
1887,1,z:c2r,nat-oop,4932,14712,10.408,2.983,1.129e-15,-,1
1888,1,z:c2r,nat-oop,5482,7239,9.370,1.321,1.017e-15,-,0
1888,1,z:c2r,nat-oop,5474,7243,9.383,1.323,1.017e-15,-,1
1889,1,z:c2r,nat-oop,11578,13478,4.439,1.164,1.068e-15,-,0
1889,1,z:c2r,nat-oop,11865,13489,4.332,1.137,1.068e-15,-,1
1890,1,z:c2r,nat-oop,1618,1786,31.789,1.104,1.104e-15,-,0
1890,1,z:c2r,nat-oop,1626,1780,31.637,1.095,1.104e-15,-,1
1891,1,z:c2r,nat-oop,11503,26983,4.473,2.346,1.085e-15,-,0
1891,1,z:c2r,nat-oop,11731,26988,4.386,2.301,1.085e-15,-,1
1892,1,z:c2r,nat-oop,2557,5921,20.133,2.315,1.751e-15,-,0
1892,1,z:c2r,nat-oop,3182,5852,16.179,1.839,1.751e-15,-,1
1893,1,z:c2r,nat-oop,11813,13584,4.361,1.150,1.143e-15,-,0
1893,1,z:c2r,nat-oop,11635,13504,4.428,1.161,1.143e-15,-,1
1894,1,z:c2r,nat-oop,5899,6517,8.739,1.105,1.500e-15,-,0
1894,1,z:c2r,nat-oop,5775,6464,8.926,1.119,1.500e-15,-,1
1895,1,z:c2r,nat-oop,11757,13307,4.387,1.132,1.162e-15,-,0
1895,1,z:c2r,nat-oop,11480,13382,4.493,1.166,1.162e-15,-,1
1896,1,z:c2r,nat-oop,5503,10744,9.379,1.952,1.162e-15,-,0
1896,1,z:c2r,nat-oop,5660,10748,9.118,1.899,1.162e-15,-,1
1897,1,z:c2r,nat-oop,13949,13534,3.702,0.970,1.123e-15,-,0
1897,1,z:c2r,nat-oop,12038,13522,4.290,1.123,1.123e-15,-,1
1898,1,z:c2r,nat-oop,6635,12752,7.788,1.922,1.112e-15,-,0
1898,1,z:c2r,nat-oop,5579,13045,9.262,2.338,1.112e-15,-,1
1899,1,z:c2r,nat-oop,11818,13293,4.375,1.125,9.875e-16,-,0
1899,1,z:c2r,nat-oop,11575,13420,4.467,1.159,9.875e-16,-,1
1900,1,z:c2r,nat-oop,1921,3010,26.938,1.567,1.012e-15,-,0
1900,1,z:c2r,nat-oop,1828,3008,28.301,1.645,1.012e-15,-,1
1901,1,z:c2r,nat-oop,11845,13491,4.370,1.139,1.041e-15,-,0
1901,1,z:c2r,nat-oop,11751,13500,4.405,1.149,1.041e-15,-,1
1902,1,z:c2r,nat-oop,5504,6471,9.411,1.176,1.140e-15,-,0
1902,1,z:c2r,nat-oop,6064,6544,8.541,1.079,1.140e-15,-,1
1903,1,z:c2r,nat-oop,11764,13402,4.406,1.139,1.153e-15,-,0
1903,1,z:c2r,nat-oop,12490,13445,4.150,1.077,1.153e-15,-,1
1904,1,z:c2r,nat-oop,2200,2833,23.572,1.288,1.155e-15,-,0
1904,1,z:c2r,nat-oop,1909,2828,27.170,1.482,1.155e-15,-,1
1905,1,z:c2r,nat-oop,11677,13489,4.444,1.155,1.145e-15,-,0
1905,1,z:c2r,nat-oop,11714,13560,4.430,1.158,1.145e-15,-,1
1906,1,z:c2r,nat-oop,4772,6559,10.881,1.375,2.084e-15,-,0
1906,1,z:c2r,nat-oop,4547,6522,11.420,1.435,2.084e-15,-,1
1907,1,z:c2r,nat-oop,11757,13438,4.419,1.143,9.600e-16,-,0
1907,1,z:c2r,nat-oop,11822,13315,4.395,1.126,9.600e-16,-,1
1908,1,z:c2r,nat-oop,5864,7099,8.865,1.211,9.830e-16,-,0
1908,1,z:c2r,nat-oop,5918,7091,8.784,1.198,9.830e-16,-,1
1909,1,z:c2r,nat-oop,11696,35630,4.447,3.046,9.927e-16,-,0
1909,1,z:c2r,nat-oop,11485,35648,4.529,3.104,9.927e-16,-,1
1910,1,z:c2r,nat-oop,5411,6493,9.618,1.200,1.144e-15,-,0
1910,1,z:c2r,nat-oop,6791,6483,7.663,0.955,1.144e-15,-,1
1911,1,z:c2r,nat-oop,4577,3487,11.378,0.762,8.590e-16,-,0
1911,1,z:c2r,nat-oop,4110,3532,12.672,0.859,8.590e-16,-,1
1912,1,z:c2r,nat-oop,5532,6478,9.419,1.171,1.199e-15,-,0
1912,1,z:c2r,nat-oop,5706,6539,9.132,1.146,1.199e-15,-,1
1913,1,z:c2r,nat-oop,11730,13506,4.445,1.151,1.113e-15,-,0
1913,1,z:c2r,nat-oop,11792,13520,4.422,1.147,1.113e-15,-,1
1914,1,z:c2r,nat-oop,2373,4469,21.983,1.883,1.127e-15,-,0
1914,1,z:c2r,nat-oop,2359,4455,22.112,1.888,1.127e-15,-,1
1915,1,z:c2r,nat-oop,11777,13329,4.432,1.132,1.109e-15,-,0
1915,1,z:c2r,nat-oop,11826,13349,4.414,1.129,1.109e-15,-,1
1916,1,z:c2r,nat-oop,5783,6775,9.032,1.172,1.159e-15,-,0
1916,1,z:c2r,nat-oop,5805,6589,8.997,1.135,1.159e-15,-,1
1917,1,z:c2r,nat-oop,11642,27549,4.489,2.366,1.040e-15,-,0
1917,1,z:c2r,nat-oop,11900,27522,4.391,2.313,1.040e-15,-,1
1918,1,z:c2r,nat-oop,5779,6534,9.048,1.131,1.280e-15,-,0
1918,1,z:c2r,nat-oop,6007,6491,8.705,1.081,1.280e-15,-,1
1919,1,z:c2r,nat-oop,11511,13319,4.545,1.157,1.017e-15,-,0
1919,1,z:c2r,nat-oop,11666,13324,4.485,1.142,1.017e-15,-,1
1920,1,z:c2r,nat-oop,1017,1663,51.490,1.636,8.889e-16,-,0
1920,1,z:c2r,nat-oop,1018,1666,51.436,1.636,8.889e-16,-,1
1921,1,z:c2r,nat-oop,11837,13508,4.425,1.141,1.042e-15,-,0
1921,1,z:c2r,nat-oop,11795,13568,4.441,1.150,1.042e-15,-,1
1922,1,z:c2r,nat-oop,2806,7780,18.681,2.773,2.058e-15,-,0
1922,1,z:c2r,nat-oop,2800,7778,18.720,2.778,2.058e-15,-,1
1923,1,z:c2r,nat-oop,11849,13331,4.426,1.125,1.024e-15,-,0
1923,1,z:c2r,nat-oop,11633,13399,4.509,1.152,1.024e-15,-,1
1924,1,z:c2r,nat-oop,2582,5293,20.328,2.050,1.701e-15,-,0
1924,1,z:c2r,nat-oop,2483,5278,21.133,2.126,1.701e-15,-,1
1925,1,z:c2r,nat-oop,3944,3295,13.313,0.835,1.023e-15,-,0
1925,1,z:c2r,nat-oop,3886,3290,13.514,0.847,1.023e-15,-,1
1926,1,z:c2r,nat-oop,5687,6497,9.238,1.142,1.271e-15,-,0
1926,1,z:c2r,nat-oop,5688,6507,9.236,1.144,1.271e-15,-,1
1927,1,z:c2r,nat-oop,11822,23867,4.447,2.019,1.420e-15,-,0
1927,1,z:c2r,nat-oop,11531,23888,4.559,2.072,1.420e-15,-,1
1928,1,z:c2r,nat-oop,5495,6589,9.572,1.199,1.142e-15,-,0
1928,1,z:c2r,nat-oop,5827,6561,9.026,1.126,1.142e-15,-,1
1929,1,z:c2r,nat-oop,11582,13553,4.544,1.170,1.161e-15,-,0
1929,1,z:c2r,nat-oop,11505,13538,4.575,1.177,1.161e-15,-,1
1930,1,z:c2r,nat-oop,5821,6626,9.046,1.138,1.143e-15,-,0
1930,1,z:c2r,nat-oop,5763,6569,9.138,1.140,1.143e-15,-,1
1931,1,z:c2r,nat-oop,11542,13327,4.565,1.155,1.037e-15,-,0
1931,1,z:c2r,nat-oop,12014,13428,4.386,1.118,1.037e-15,-,1
1932,1,z:c2r,nat-oop,2092,3425,25.203,1.637,1.239e-15,-,0
1932,1,z:c2r,nat-oop,2103,3421,25.071,1.627,1.239e-15,-,1
1933,1,z:c2r,nat-oop,11833,13555,4.458,1.146,8.802e-16,-,0
1933,1,z:c2r,nat-oop,13006,13561,4.056,1.043,8.802e-16,-,1
1934,1,z:c2r,nat-oop,5608,6517,9.413,1.162,1.223e-15,-,0
1934,1,z:c2r,nat-oop,5629,6524,9.377,1.159,1.223e-15,-,1
1935,1,z:c2r,nat-oop,4785,15338,11.038,3.205,1.149e-15,-,0
1935,1,z:c2r,nat-oop,4778,15319,11.054,3.206,1.149e-15,-,1
1936,1,z:c2r,nat-oop,1703,1886,31.024,1.107,9.418e-16,-,0
1936,1,z:c2r,nat-oop,1653,1870,31.962,1.131,9.418e-16,-,1
1937,1,z:c2r,nat-oop,11622,13499,4.550,1.162,1.137e-15,-,0
1937,1,z:c2r,nat-oop,11779,13540,4.489,1.150,1.137e-15,-,1
1938,1,z:c2r,nat-oop,2145,4596,24.671,2.143,2.612e-15,-,0
1938,1,z:c2r,nat-oop,2114,4607,25.027,2.179,2.612e-15,-,1
1939,1,z:c2r,nat-oop,11586,13316,4.569,1.149,1.087e-15,-,0
1939,1,z:c2r,nat-oop,11542,13373,4.587,1.159,1.087e-15,-,1
1940,1,z:c2r,nat-oop,6027,14306,8.789,2.374,1.168e-15,-,0
1940,1,z:c2r,nat-oop,5665,14302,9.350,2.524,1.168e-15,-,1
1941,1,z:c2r,nat-oop,11579,13537,4.578,1.169,9.947e-16,-,0
1941,1,z:c2r,nat-oop,11806,13558,4.490,1.148,9.947e-16,-,1
1942,1,z:c2r,nat-oop,5850,6508,9.065,1.112,1.145e-15,-,0
1942,1,z:c2r,nat-oop,5948,6514,8.916,1.095,1.145e-15,-,1
1943,1,z:c2r,nat-oop,11895,30332,4.461,2.550,1.008e-15,-,0
1943,1,z:c2r,nat-oop,11729,30303,4.524,2.584,1.008e-15,-,1
1944,1,z:c2r,nat-oop,1414,1902,37.545,1.345,1.173e-15,-,0
1944,1,z:c2r,nat-oop,1470,1905,36.130,1.296,1.173e-15,-,1
1945,1,z:c2r,nat-oop,11739,13529,4.525,1.152,1.240e-15,-,0
1945,1,z:c2r,nat-oop,11791,13567,4.506,1.151,1.240e-15,-,1
1946,1,z:c2r,nat-oop,5718,6565,9.297,1.148,1.430e-15,-,0
1946,1,z:c2r,nat-oop,5634,6552,9.436,1.163,1.430e-15,-,1
1947,1,z:c2r,nat-oop,11795,22893,4.509,1.941,9.943e-16,-,0
1947,1,z:c2r,nat-oop,11542,22905,4.608,1.984,9.943e-16,-,1
1948,1,z:c2r,nat-oop,5898,6725,9.024,1.140,1.131e-15,-,0
1948,1,z:c2r,nat-oop,5571,6547,9.553,1.175,1.131e-15,-,1
1949,1,z:c2r,nat-oop,11611,13594,4.586,1.171,9.723e-16,-,0
1949,1,z:c2r,nat-oop,11624,13628,4.581,1.172,9.723e-16,-,1
1950,1,z:c2r,nat-oop,2012,1882,26.484,0.935,1.654e-15,-,0
1950,1,z:c2r,nat-oop,2903,1882,18.352,0.648,1.654e-15,-,1
1951,1,z:c2r,nat-oop,11807,13372,4.515,1.133,1.000e-15,-,0
1951,1,z:c2r,nat-oop,11748,13367,4.538,1.138,1.000e-15,-,1
1952,1,z:c2r,nat-oop,5516,7849,9.670,1.423,9.210e-16,-,0
1952,1,z:c2r,nat-oop,5521,7845,9.661,1.421,9.210e-16,-,1
1953,1,z:c2r,nat-oop,5167,11015,10.329,2.132,1.290e-15,-,0
1953,1,z:c2r,nat-oop,5067,11029,10.533,2.177,1.290e-15,-,1
1954,1,z:c2r,nat-oop,5738,6567,9.307,1.145,1.177e-15,-,0
1954,1,z:c2r,nat-oop,5870,6563,9.098,1.118,1.177e-15,-,1
1955,1,z:c2r,nat-oop,4958,10604,10.778,2.139,1.296e-15,-,0
1955,1,z:c2r,nat-oop,4893,10619,10.921,2.170,1.296e-15,-,1
1956,1,z:c2r,nat-oop,5442,6556,9.825,1.205,1.086e-15,-,0
1956,1,z:c2r,nat-oop,5475,6568,9.766,1.200,1.086e-15,-,1
1957,1,z:c2r,nat-oop,11897,13541,4.497,1.138,1.147e-15,-,0
1957,1,z:c2r,nat-oop,13867,13590,3.858,0.980,1.147e-15,-,1
1958,1,z:c2r,nat-oop,5652,17481,9.470,3.093,1.249e-15,-,0
1958,1,z:c2r,nat-oop,5779,17498,9.263,3.028,1.249e-15,-,1
1959,1,z:c2r,nat-oop,11520,13429,4.649,1.166,1.041e-15,-,0
1959,1,z:c2r,nat-oop,11631,13366,4.605,1.149,1.041e-15,-,1
1960,1,z:c2r,nat-oop,1548,1818,34.629,1.175,9.409e-16,-,0
1960,1,z:c2r,nat-oop,1495,1822,35.839,1.219,9.409e-16,-,1
1961,1,z:c2r,nat-oop,11878,25873,4.514,2.178,1.021e-15,-,0
1961,1,z:c2r,nat-oop,11873,25890,4.516,2.181,1.021e-15,-,1
1962,1,z:c2r,nat-oop,5790,6728,9.266,1.162,1.162e-15,-,0
1962,1,z:c2r,nat-oop,5786,6568,9.272,1.135,1.162e-15,-,1
1963,1,z:c2r,nat-oop,11863,13454,4.525,1.134,1.187e-15,-,0
1963,1,z:c2r,nat-oop,11627,13355,4.617,1.149,1.187e-15,-,1
1964,1,z:c2r,nat-oop,5466,6574,9.827,1.203,1.359e-15,-,0
1964,1,z:c2r,nat-oop,5492,6571,9.781,1.197,1.359e-15,-,1
1965,1,z:c2r,nat-oop,11600,13566,4.633,1.170,1.040e-15,-,0
1965,1,z:c2r,nat-oop,11598,13608,4.634,1.173,1.040e-15,-,1
1966,1,z:c2r,nat-oop,5572,6524,9.651,1.171,1.222e-15,-,0
1966,1,z:c2r,nat-oop,5507,6514,9.766,1.183,1.222e-15,-,1
1967,1,z:c2r,nat-oop,11642,13427,4.622,1.153,1.114e-15,-,0
1967,1,z:c2r,nat-oop,11742,13365,4.582,1.138,1.114e-15,-,1
1968,1,z:c2r,nat-oop,2229,5584,24.158,2.506,1.163e-15,-,0
1968,1,z:c2r,nat-oop,2248,5584,23.949,2.484,1.163e-15,-,1
1969,1,z:c2r,nat-oop,11899,13738,4.527,1.155,1.170e-15,-,0
1969,1,z:c2r,nat-oop,11612,13586,4.639,1.170,1.170e-15,-,1
1970,1,z:c2r,nat-oop,5663,6575,9.519,1.161,1.208e-15,-,0
1970,1,z:c2r,nat-oop,5688,6581,9.477,1.157,1.208e-15,-,1
1971,1,z:c2r,nat-oop,11787,29116,4.576,2.470,8.910e-16,-,0
1971,1,z:c2r,nat-oop,11914,29110,4.527,2.443,8.910e-16,-,1
1972,1,z:c2r,nat-oop,2423,5204,22.269,2.148,1.755e-15,-,0
1972,1,z:c2r,nat-oop,2446,5216,22.059,2.132,1.755e-15,-,1
1973,1,z:c2r,nat-oop,11861,13598,4.552,1.146,1.244e-15,-,0
1973,1,z:c2r,nat-oop,11691,13628,4.618,1.166,1.244e-15,-,1
1974,1,z:c2r,nat-oop,5192,7786,10.405,1.500,9.143e-16,-,0
1974,1,z:c2r,nat-oop,5122,7789,10.548,1.521,9.143e-16,-,1
1975,1,z:c2r,nat-oop,11817,32003,4.574,2.708,9.155e-16,-,0
1975,1,z:c2r,nat-oop,11761,31986,4.596,2.720,9.155e-16,-,1
1976,1,z:c2r,nat-oop,2089,3210,25.889,1.537,1.086e-15,-,0
1976,1,z:c2r,nat-oop,2098,3216,25.775,1.533,1.086e-15,-,1
1977,1,z:c2r,nat-oop,11774,13623,4.596,1.157,9.248e-16,-,0
1977,1,z:c2r,nat-oop,13840,13601,3.910,0.983,9.248e-16,-,1
1978,1,z:c2r,nat-oop,2702,9110,20.039,3.372,2.087e-15,-,0
1978,1,z:c2r,nat-oop,2746,9090,19.715,3.310,2.087e-15,-,1
1979,1,z:c2r,nat-oop,11671,13351,4.642,1.144,1.195e-15,-,0
1979,1,z:c2r,nat-oop,13585,13412,3.988,0.987,1.195e-15,-,1
1980,1,z:c2r,nat-oop,1706,1895,31.774,1.111,9.657e-16,-,0
1980,1,z:c2r,nat-oop,1673,1896,32.402,1.133,9.657e-16,-,1
1981,1,z:c2r,nat-oop,11827,13586,4.586,1.149,1.202e-15,-,0
1981,1,z:c2r,nat-oop,11772,13569,4.607,1.153,1.202e-15,-,1
1982,1,z:c2r,nat-oop,5494,6527,9.879,1.188,1.100e-15,-,0
1982,1,z:c2r,nat-oop,5543,6530,9.790,1.178,1.100e-15,-,1
1983,1,z:c2r,nat-oop,11629,13441,4.669,1.156,1.291e-15,-,0
1983,1,z:c2r,nat-oop,11875,13352,4.573,1.124,1.291e-15,-,1
1984,1,z:c2r,nat-oop,2232,4317,24.346,1.934,2.414e-15,-,0
1984,1,z:c2r,nat-oop,2258,4325,24.060,1.915,2.414e-15,-,1
1985,1,z:c2r,nat-oop,11885,13643,4.574,1.148,1.019e-15,-,0
1985,1,z:c2r,nat-oop,11814,13593,4.601,1.151,1.019e-15,-,1
1986,1,z:c2r,nat-oop,6122,6617,8.886,1.081,1.289e-15,-,0
1986,1,z:c2r,nat-oop,5585,6579,9.740,1.178,1.289e-15,-,1
1987,1,z:c2r,nat-oop,11848,13482,4.594,1.138,1.065e-15,-,0
1987,1,z:c2r,nat-oop,11783,13436,4.619,1.140,1.065e-15,-,1
1988,1,z:c2r,nat-oop,5497,10276,9.906,1.869,9.662e-16,-,0
1988,1,z:c2r,nat-oop,5498,10276,9.906,1.869,9.662e-16,-,1
1989,1,z:c2r,nat-oop,4609,7370,11.823,1.599,1.035e-15,-,0
1989,1,z:c2r,nat-oop,5052,7375,10.786,1.460,1.035e-15,-,1
1990,1,z:c2r,nat-oop,5460,6708,9.985,1.229,1.282e-15,-,0
1990,1,z:c2r,nat-oop,6956,6552,7.838,0.942,1.282e-15,-,1
1991,1,z:c2r,nat-oop,11747,13400,4.644,1.141,1.214e-15,-,0
1991,1,z:c2r,nat-oop,11721,13385,4.654,1.142,1.214e-15,-,1
1992,1,z:c2r,nat-oop,5783,11893,9.438,2.056,1.127e-15,-,0
1992,1,z:c2r,nat-oop,5698,11896,9.579,2.088,1.127e-15,-,1
1993,1,z:c2r,nat-oop,11897,13620,4.590,1.145,1.065e-15,-,0
1993,1,z:c2r,nat-oop,11949,13696,4.571,1.146,1.065e-15,-,1
1994,1,z:c2r,nat-oop,5504,6608,9.927,1.200,1.179e-15,-,0
1994,1,z:c2r,nat-oop,5567,6594,9.815,1.184,1.179e-15,-,1
1995,1,z:c2r,nat-oop,5029,7444,10.872,1.480,1.033e-15,-,0
1995,1,z:c2r,nat-oop,4787,7524,11.422,1.572,1.033e-15,-,1
1996,1,z:c2r,nat-oop,5517,6607,9.916,1.198,1.153e-15,-,0
1996,1,z:c2r,nat-oop,5658,6606,9.669,1.168,1.153e-15,-,1
1997,1,z:c2r,nat-oop,11681,13637,4.686,1.167,9.471e-16,-,0
1997,1,z:c2r,nat-oop,11939,13621,4.585,1.141,9.471e-16,-,1
1998,1,z:c2r,nat-oop,2576,6492,21.256,2.520,1.490e-15,-,0
1998,1,z:c2r,nat-oop,2588,6197,21.159,2.394,1.490e-15,-,1
1999,1,z:c2r,nat-oop,12248,13394,4.474,1.094,1.249e-15,-,0
1999,1,z:c2r,nat-oop,11828,13426,4.633,1.135,1.249e-15,-,1
2000,1,z:c2r,nat-oop,1544,1815,35.517,1.176,1.317e-15,-,0
2000,1,z:c2r,nat-oop,1545,1814,35.493,1.175,1.317e-15,-,1
2001,1,z:c2r,nat-oop,5502,13626,9.971,2.476,1.173e-15,-,0
2001,1,z:c2r,nat-oop,5660,13641,9.693,2.410,1.173e-15,-,1
2002,1,z:c2r,nat-oop,1969,1923,27.884,0.977,1.141e-15,-,0
2002,1,z:c2r,nat-oop,1912,1920,28.712,1.004,1.141e-15,-,1
2003,1,z:c2r,nat-oop,11724,13409,4.684,1.144,1.084e-15,-,0
2003,1,z:c2r,nat-oop,11741,13398,4.678,1.141,1.084e-15,-,1
2004,1,z:c2r,nat-oop,5862,6594,9.375,1.125,1.300e-15,-,0
2004,1,z:c2r,nat-oop,5752,6598,9.554,1.147,1.300e-15,-,1
2005,1,z:c2r,nat-oop,11654,13617,4.718,1.168,9.190e-16,-,0
2005,1,z:c2r,nat-oop,18085,13821,3.040,0.764,9.190e-16,-,1
2006,1,z:c2r,nat-oop,6264,11794,8.782,1.883,8.979e-16,-,0
2006,1,z:c2r,nat-oop,5746,11797,9.575,2.053,8.979e-16,-,1
2007,1,z:c2r,nat-oop,11612,13422,4.740,1.156,1.092e-15,-,0
2007,1,z:c2r,nat-oop,11640,13531,4.729,1.162,1.092e-15,-,1
2008,1,z:c2r,nat-oop,5392,6556,10.214,1.216,1.177e-15,-,0
2008,1,z:c2r,nat-oop,5464,6567,10.080,1.202,1.177e-15,-,1
2009,1,z:c2r,nat-oop,5470,14817,10.074,2.708,1.048e-15,-,0
2009,1,z:c2r,nat-oop,5360,14833,10.282,2.767,1.048e-15,-,1
2010,1,z:c2r,nat-oop,5570,12128,9.899,2.177,1.181e-15,-,0
2010,1,z:c2r,nat-oop,5587,12114,9.869,2.168,1.181e-15,-,1
2011,1,z:c2r,nat-oop,11838,13418,4.661,1.133,1.107e-15,-,0
2011,1,z:c2r,nat-oop,11936,13499,4.622,1.131,1.107e-15,-,1
2012,1,z:c2r,nat-oop,5659,6820,9.754,1.205,1.281e-15,-,0
2012,1,z:c2r,nat-oop,5632,6616,9.801,1.175,1.281e-15,-,1
2013,1,z:c2r,nat-oop,11888,24655,4.646,2.074,8.741e-16,-,0
2013,1,z:c2r,nat-oop,12302,24596,4.490,1.999,8.741e-16,-,1
2014,1,z:c2r,nat-oop,5718,10835,9.665,1.895,1.303e-15,-,0
2014,1,z:c2r,nat-oop,5769,10841,9.579,1.879,1.303e-15,-,1
2015,1,z:c2r,nat-oop,5250,11881,10.533,2.263,1.111e-15,-,0
2015,1,z:c2r,nat-oop,5320,11952,10.394,2.247,1.111e-15,-,1
2016,1,z:c2r,nat-oop,1460,1725,37.892,1.181,1.103e-15,-,0
2016,1,z:c2r,nat-oop,1501,1726,36.853,1.149,1.103e-15,-,1
2017,1,z:c2r,nat-oop,11844,13635,4.674,1.151,1.099e-15,-,0
2017,1,z:c2r,nat-oop,11931,13640,4.640,1.143,1.099e-15,-,1
2018,1,z:c2r,nat-oop,5912,12187,9.368,2.061,1.123e-15,-,0
2018,1,z:c2r,nat-oop,5688,6642,9.738,1.168,1.123e-15,-,1
2019,1,z:c2r,nat-oop,11673,13535,4.747,1.159,9.857e-16,-,0
2019,1,z:c2r,nat-oop,12614,13626,4.393,1.080,9.857e-16,-,1
2020,1,z:c2r,nat-oop,5679,15518,9.764,2.732,1.007e-15,-,0
2020,1,z:c2r,nat-oop,5721,15518,9.692,2.712,1.007e-15,-,1
2021,1,z:c2r,nat-oop,11888,25235,4.667,2.123,8.739e-16,-,0
2021,1,z:c2r,nat-oop,11601,25206,4.782,2.173,8.739e-16,-,1
2022,1,z:c2r,nat-oop,5500,6595,10.093,1.199,1.227e-15,-,0
2022,1,z:c2r,nat-oop,5640,6718,9.843,1.191,1.227e-15,-,1
2023,1,z:c2r,nat-oop,4681,9175,11.866,1.960,1.219e-15,-,0
2023,1,z:c2r,nat-oop,4796,9166,11.580,1.911,1.219e-15,-,1
2024,1,z:c2r,nat-oop,2257,3725,24.624,1.651,9.978e-16,-,0
2024,1,z:c2r,nat-oop,2182,3726,25.471,1.708,9.978e-16,-,1
2025,1,z:c2r,nat-oop,4286,3533,12.975,0.824,1.164e-15,-,0
2025,1,z:c2r,nat-oop,4476,3477,12.422,0.777,1.164e-15,-,1
2026,1,z:c2r,nat-oop,5952,6621,9.347,1.112,1.371e-15,-,0
2026,1,z:c2r,nat-oop,6017,6630,9.247,1.102,1.371e-15,-,1
2027,1,z:c2r,nat-oop,11931,13571,4.666,1.137,1.201e-15,-,0
2027,1,z:c2r,nat-oop,11683,13467,4.765,1.153,1.201e-15,-,1
2028,1,z:c2r,nat-oop,1926,2028,28.920,1.053,1.340e-15,-,0
2028,1,z:c2r,nat-oop,1905,2038,29.231,1.070,1.340e-15,-,1
2029,1,z:c2r,nat-oop,9617,13658,5.795,1.420,1.629e-15,-,0
2029,1,z:c2r,nat-oop,12457,13667,4.474,1.097,1.629e-15,-,1
2030,1,z:c2r,nat-oop,2373,4745,23.495,1.999,1.274e-15,-,0
2030,1,z:c2r,nat-oop,2735,4730,20.387,1.730,1.274e-15,-,1
2031,1,z:c2r,nat-oop,11741,13508,4.752,1.151,1.127e-15,-,0
2031,1,z:c2r,nat-oop,11958,13460,4.666,1.126,1.127e-15,-,1
2032,1,z:c2r,nat-oop,5563,18441,10.034,3.315,1.399e-15,-,0
2032,1,z:c2r,nat-oop,5508,18537,10.134,3.365,1.399e-15,-,1
2033,1,z:c2r,nat-oop,11948,13685,4.675,1.145,1.265e-15,-,0
2033,1,z:c2r,nat-oop,12024,13681,4.645,1.138,1.265e-15,-,1
2034,1,z:c2r,nat-oop,5723,6638,9.765,1.160,1.189e-15,-,0
2034,1,z:c2r,nat-oop,5770,6709,9.685,1.163,1.189e-15,-,1
2035,1,z:c2r,nat-oop,8067,14128,6.931,1.751,8.567e-16,-,0
2035,1,z:c2r,nat-oop,5567,14054,10.045,2.525,8.567e-16,-,1
2036,1,z:c2r,nat-oop,5791,6785,9.660,1.171,1.273e-15,-,0
2036,1,z:c2r,nat-oop,5707,6612,9.802,1.159,1.273e-15,-,1
2037,1,z:c2r,nat-oop,15070,13697,3.715,0.909,9.858e-16,-,0
2037,1,z:c2r,nat-oop,11679,13899,4.793,1.190,9.858e-16,-,1
2038,1,z:c2r,nat-oop,5971,6584,9.381,1.103,1.304e-15,-,0
2038,1,z:c2r,nat-oop,6148,6763,9.110,1.100,1.304e-15,-,1
2039,1,z:c2r,nat-oop,11646,13515,4.812,1.161,1.167e-15,-,0
2039,1,z:c2r,nat-oop,11727,13446,4.779,1.147,1.167e-15,-,1
2040,1,z:c2r,nat-oop,2168,3126,25.866,1.442,1.208e-15,-,0
2040,1,z:c2r,nat-oop,1850,3113,30.313,1.683,1.208e-15,-,1
2041,1,z:c2r,nat-oop,11611,13729,4.832,1.182,1.105e-15,-,0
2041,1,z:c2r,nat-oop,11755,13698,4.772,1.165,1.105e-15,-,1
2042,1,z:c2r,nat-oop,5876,6623,9.554,1.127,1.178e-15,-,0
2042,1,z:c2r,nat-oop,5770,6905,9.728,1.197,1.178e-15,-,1
2043,1,z:c2r,nat-oop,11740,13533,4.784,1.153,1.186e-15,-,0
2043,1,z:c2r,nat-oop,11671,13447,4.812,1.152,1.186e-15,-,1
2044,1,z:c2r,nat-oop,5445,10939,10.321,2.009,9.782e-16,-,0
2044,1,z:c2r,nat-oop,5553,10947,10.121,1.972,9.782e-16,-,1
2045,1,z:c2r,nat-oop,11713,13770,4.800,1.176,1.093e-15,-,0
2045,1,z:c2r,nat-oop,11751,13781,4.785,1.173,1.093e-15,-,1
2046,1,z:c2r,nat-oop,2695,5084,20.873,1.886,1.280e-15,-,0
2046,1,z:c2r,nat-oop,2772,5104,20.298,1.841,1.280e-15,-,1
2047,1,z:c2r,nat-oop,11700,41056,4.811,3.509,9.763e-16,-,0
2047,1,z:c2r,nat-oop,11732,41037,4.798,3.498,9.763e-16,-,1
2048,1,z:c2r,nat-oop,1019,1251,55.247,1.227,8.887e-16,-,0
2048,1,z:c2r,nat-oop,1265,1255,44.526,0.992,8.887e-16,-,1
