2x2        banked       335ms raced     chain
2x3        banked       288ms raced     chain
2x4        banked       288ms raced     chain
2x5        banked       289ms raced     chain
2x6        banked       289ms raced     chain
2x7        banked       289ms raced     chain
2x8        banked       290ms raced     chain
2x9        banked       288ms raced     chain
2x10       banked       276ms raced     chain
2x11       banked       289ms raced     chain
2x12       banked       287ms raced     chain
2x13       banked       288ms raced     chain
2x14       banked       287ms raced     chain
2x15       banked       288ms raced     chain
2x16       banked       295ms raced     chain
2x17       banked       286ms raced     chain
2x18       banked       288ms raced     chain
2x19       banked       293ms raced     chain
2x20       banked       284ms raced     chain
2x21       banked       285ms raced     chain
2x22       banked       277ms raced     chain
2x23       banked       288ms raced     chain
2x24       banked       289ms raced     chain
2x25       banked       287ms raced     chain
2x26       banked       286ms raced     chain
2x27       banked       289ms raced     chain
2x28       banked       274ms raced     chain
2x29       banked       733ms raced     chain
2x30       banked       286ms raced     chain
2x31       banked       748ms raced     chain
2x32       banked       284ms raced     chain
2x33       banked       285ms raced     chain
2x34       banked       292ms raced     chain
2x35       banked       288ms raced     chain
2x36       banked       290ms raced     chain
2x37       banked       786ms raced     chain
2x38       banked       285ms raced     chain
2x39       banked       285ms raced     chain
2x40       banked       287ms raced     chain
2x41       banked       752ms raced     chain
2x42       banked       281ms raced     chain
2x43       banked       993ms raced     chain
2x44       banked       286ms raced     chain
2x45       banked       287ms raced     chain
2x46       banked       287ms raced     chain
2x47       banked       794ms raced     chain
2x48       banked       286ms raced     chain
2x49       banked       289ms raced     chain
2x50       banked       290ms raced     chain
2x51       banked       277ms raced     chain
2x52       banked       288ms raced     chain
2x53       banked      1020ms raced     chain
2x54       banked       288ms raced     chain
2x55       banked       286ms raced     chain
2x56       banked       277ms raced     chain
2x57       banked       279ms raced     chain
2x58       banked      1208ms raced     chain
2x59       banked      1087ms raced     chain
2x60       banked       281ms raced     chain
2x61       banked      1022ms raced     chain
2x62       banked      1207ms raced     chain
2x63       banked       288ms raced     chain
2x64       banked       295ms raced     chain
3x2        banked       711ms raced     chain
3x3        banked       720ms raced     chain
3x4        banked       708ms raced     chain
3x5        banked       709ms raced     chain
3x6        banked       720ms raced     chain
3x7        banked       705ms raced     chain
3x8        banked       708ms raced     chain
3x9        banked       722ms raced     chain
3x10       banked       706ms raced     chain
3x11       banked       720ms raced     chain
3x12       banked       707ms raced     chain
3x13       banked       709ms raced     chain
3x14       banked       706ms raced     chain
3x15       banked       705ms raced     chain
3x16       banked       712ms raced     chain
3x17       banked       723ms raced     chain
3x18       banked       704ms raced     chain
3x19       banked       705ms raced     chain
3x20       banked       704ms raced     chain
3x21       banked       700ms raced     chain
3x22       banked       711ms raced     chain
3x23       banked       726ms raced     chain
3x24       banked       706ms raced     chain
3x25       banked       695ms raced     chain
3x26       banked       725ms raced     chain
3x27       banked       712ms raced     chain
3x28       banked       709ms raced     chain
3x29       banked       707ms raced     chain
3x30       banked       723ms raced     chain
3x31       banked       693ms raced     chain
3x32       banked       714ms raced     chain
3x33       banked       708ms raced     chain
3x34       banked       702ms raced     chain
3x35       banked       706ms raced     chain
3x36       banked       707ms raced     chain
3x37       banked       929ms raced     chain
3x38       banked       713ms raced     chain
3x39       banked       710ms raced     chain
3x40       banked       712ms raced     chain
3x41       banked       932ms raced     chain
3x42       banked       705ms raced     chain
3x43       banked      1131ms raced     chain
3x44       banked       697ms raced     chain
3x45       banked       709ms raced     chain
3x46       banked       711ms raced     chain
3x47       banked       715ms raced     chain
3x48       banked       706ms raced     chain
3x49       banked       708ms raced     chain
3x50       banked       707ms raced     chain
3x51       banked       713ms raced     chain
3x52       banked       721ms raced     chain
3x53       banked      1129ms raced     chain
3x54       banked       729ms raced     chain
3x55       banked       722ms raced     chain
3x56       banked       709ms raced     chain
3x57       banked       710ms raced     chain
3x58       banked       715ms raced     chain
3x59       banked      1132ms raced     chain
3x60       banked       703ms raced     chain
3x61       banked      1131ms raced     chain
3x62       banked       711ms raced     chain
3x63       banked       709ms raced     chain
3x64       banked       714ms raced     chain
4x2        banked       294ms raced     chain
4x3        banked       286ms raced     chain
4x4        banked       290ms raced     chain
4x5        banked       286ms raced     chain
4x6        banked       288ms raced     chain
4x7        banked       288ms raced     chain
4x8        banked       284ms raced     chain
4x9        banked       289ms raced     chain
4x10       banked       290ms raced     chain
4x11       banked       290ms raced     chain
4x12       banked       289ms raced     chain
4x13       banked       286ms raced     chain
4x14       banked       278ms raced     chain
4x15       banked       288ms raced     chain
4x16       banked       290ms raced     chain
4x17       banked       286ms raced     chain
4x18       banked       291ms raced     chain
4x19       banked       286ms raced     chain
4x20       banked       288ms raced     chain
4x21       banked       295ms raced     chain
4x22       banked       297ms raced     chain
4x23       banked       288ms raced     chain
4x24       banked       289ms raced     chain
4x25       banked       289ms raced     chain
4x26       banked       298ms raced     chain
4x27       banked       288ms raced     chain
4x28       banked       290ms raced     chain
4x29       banked       295ms raced     chain
4x30       banked       299ms raced     chain
4x31       banked       293ms raced     chain
4x32       banked       299ms raced     chain
4x33       banked       299ms raced     chain
4x34       banked       288ms raced     chain
4x35       banked       285ms raced     chain
4x36       banked       287ms raced     chain
4x37       banked       507ms raced     chain
4x38       banked       286ms raced     chain
4x39       banked       288ms raced     chain
4x40       banked       289ms raced     chain
4x41       banked       505ms raced     chain
4x42       banked       288ms raced     chain
4x43       banked       706ms raced     chain
4x44       banked       285ms raced     chain
4x45       banked       291ms raced     chain
4x46       banked       292ms raced     chain
4x47       banked       299ms raced     chain
4x48       banked       294ms raced     chain
4x49       banked       291ms raced     chain
4x50       banked       290ms raced     chain
4x51       banked       285ms raced     chain
4x52       banked       291ms raced     chain
4x53       banked       721ms raced     chain
4x54       banked       286ms raced     chain
4x55       banked       287ms raced     chain
4x56       banked       299ms raced     chain
4x57       banked       292ms raced     chain
4x58       banked       295ms raced     chain
4x59       banked       703ms raced     chain
4x60       banked       282ms raced     chain
4x61       banked       713ms raced     chain
4x62       banked       287ms raced     chain
4x63       banked       282ms raced     chain
4x64       banked       295ms raced     chain
5x2        banked       713ms raced     chain
5x3        banked       707ms raced     chain
5x4        banked       706ms raced     chain
5x5        banked       710ms raced     chain
5x6        banked       709ms raced     chain
5x7        banked       707ms raced     chain
5x8        banked       702ms raced     chain
5x9        banked       704ms raced     chain
5x10       banked       705ms raced     chain
5x11       banked       710ms raced     chain
5x12       banked       709ms raced     chain
5x13       banked       709ms raced     chain
5x14       banked       712ms raced     chain
5x15       banked       712ms raced     chain
5x16       banked       719ms raced     chain
5x17       banked       712ms raced     chain
5x18       banked       706ms raced     chain
5x19       banked       709ms raced     chain
5x20       banked       709ms raced     chain
5x21       banked       704ms raced     chain
5x22       banked       721ms raced     chain
5x23       banked       724ms raced     chain
5x24       banked       708ms raced     chain
5x25       banked       710ms raced     chain
5x26       banked       716ms raced     chain
5x27       banked       712ms raced     chain
5x28       banked       698ms raced     chain
5x29       banked       716ms raced     chain
5x30       banked       710ms raced     chain
5x31       banked       721ms raced     chain
5x32       banked       716ms raced     chain
5x33       banked       703ms raced     chain
5x34       banked       710ms raced     chain
5x35       banked       715ms raced     chain
5x36       banked       708ms raced     chain
5x37       banked       928ms raced     chain
5x38       banked       711ms raced     chain
5x39       banked       706ms raced     chain
5x40       banked       708ms raced     chain
5x41       banked       915ms raced     chain
5x42       banked       712ms raced     chain
5x43       banked      1133ms raced     chain
5x44       banked       709ms raced     chain
5x45       banked       718ms raced     chain
5x46       banked       729ms raced     chain
5x47       banked       720ms raced     chain
5x48       banked       711ms raced     chain
5x49       banked       710ms raced     chain
5x50       banked       712ms raced     chain
5x51       banked       707ms raced     chain
5x52       banked       711ms raced     chain
5x53       banked      1127ms raced     chain
5x54       banked       707ms raced     chain
5x55       banked       712ms raced     chain
5x56       banked       709ms raced     chain
5x57       banked       714ms raced     chain
5x58       banked       711ms raced     chain
5x59       banked      1124ms raced     chain
5x60       banked       699ms raced     chain
5x61       banked      1123ms raced     chain
5x62       banked       724ms raced     chain
5x63       banked       703ms raced     chain
5x64       banked       712ms raced     chain
6x2        banked       715ms raced     chain
6x3        banked       737ms raced     chain
6x4        banked       719ms raced     chain
6x5        banked       287ms raced     chain
6x6        banked       289ms raced     chain
6x7        banked       291ms raced     chain
6x8        banked       290ms raced     chain
6x9        banked       723ms raced     chain
6x10       banked       703ms raced     chain
6x11       banked       718ms raced     chain
6x12       banked       288ms raced     chain
6x13       banked       710ms raced     chain
6x14       banked       292ms raced     chain
6x15       banked       724ms raced     chain
6x16       banked       291ms raced     chain
6x17       banked       289ms raced     chain
6x18       banked       722ms raced     chain
6x19       banked       290ms raced     chain
6x20       banked       704ms raced     chain
6x21       banked       710ms raced     chain
6x22       banked       713ms raced     chain
6x23       banked       289ms raced     chain
6x24       banked       700ms raced     chain
6x25       banked       707ms raced     chain
6x26       banked       291ms raced     chain
6x27       banked       292ms raced     chain
6x28       banked       702ms raced     chain
6x29       banked       714ms raced     chain
6x30       banked       715ms raced     chain
6x31       banked       294ms raced     chain
6x32       banked       289ms raced     chain
6x33       banked       284ms raced     chain
6x34       banked       292ms raced     chain
6x35       banked       704ms raced     chain
6x36       banked       289ms raced     chain
6x37       banked       509ms raced     chain
6x38       banked       290ms raced     chain
6x39       banked       702ms raced     chain
6x40       banked       290ms raced     chain
6x41       banked       504ms raced     chain
6x42       banked       300ms raced     chain
6x43       banked       734ms raced     chain
6x44       banked       288ms raced     chain
6x45       banked       291ms raced     chain
6x46       banked       289ms raced     chain
6x47       banked       295ms raced     chain
6x48       banked       295ms raced     chain
6x49       banked       289ms raced     chain
6x50       banked       283ms raced     chain
6x51       banked       289ms raced     chain
6x52       banked       290ms raced     chain
6x53       banked       722ms raced     chain
6x54       banked       706ms raced     chain
6x55       banked       285ms raced     chain
6x56       banked       287ms raced     chain
6x57       banked       291ms raced     chain
6x58       banked       292ms raced     chain
6x59       banked      1131ms raced     chain
6x60       banked       299ms raced     chain
6x61       banked       710ms raced     chain
6x62       banked       295ms raced     chain
6x63       banked       289ms raced     chain
6x64       banked       297ms raced     chain
7x2        banked       719ms raced     chain
7x3        banked       720ms raced     chain
7x4        banked       708ms raced     chain
7x5        banked       733ms raced     chain
7x6        banked       711ms raced     chain
7x7        banked       707ms raced     chain
7x8        banked       714ms raced     chain
7x9        banked       712ms raced     chain
7x10       banked       723ms raced     chain
7x11       banked       712ms raced     chain
7x12       banked       708ms raced     chain
7x13       banked       716ms raced     chain
7x14       banked       724ms raced     chain
7x15       banked       709ms raced     chain
7x16       banked       712ms raced     chain
7x17       banked       708ms raced     chain
7x18       banked       715ms raced     chain
7x19       banked       708ms raced     chain
7x20       banked       706ms raced     chain
7x21       banked       721ms raced     chain
7x22       banked       711ms raced     chain
7x23       banked       713ms raced     chain
7x24       banked       721ms raced     chain
7x25       banked       721ms raced     chain
7x26       banked       711ms raced     chain
7x27       banked       705ms raced     chain
7x28       banked       710ms raced     chain
7x29       banked       729ms raced     chain
7x30       banked       702ms raced     chain
7x31       banked       717ms raced     chain
7x32       banked       710ms raced     chain
7x33       banked       724ms raced     chain
7x34       banked       710ms raced     chain
7x35       banked       711ms raced     chain
7x36       banked       723ms raced     chain
7x37       banked       931ms raced     chain
7x38       banked       708ms raced     chain
7x39       banked       741ms raced     chain
7x40       banked       700ms raced     chain
7x41       banked       944ms raced     chain
7x42       banked       707ms raced     chain
7x43       banked      1144ms raced     chain
7x44       banked       710ms raced     chain
7x45       banked       712ms raced     chain
7x46       banked       710ms raced     chain
7x47       banked       736ms raced     chain
7x48       banked       711ms raced     chain
7x49       banked       702ms raced     chain
7x50       banked       724ms raced     chain
7x51       banked       714ms raced     chain
7x52       banked       703ms raced     chain
7x53       banked      1137ms raced     chain
7x54       banked       717ms raced     chain
7x55       banked       714ms raced     chain
7x56       banked       714ms raced     chain
7x57       banked       706ms raced     chain
7x58       banked       756ms raced     chain
7x59       banked      1128ms raced     chain
7x60       banked       706ms raced     chain
7x61       banked      1126ms raced     chain
7x62       banked       723ms raced     chain
7x63       banked       706ms raced     chain
7x64       banked       719ms raced     chain
8x2        banked       316ms raced     chain
8x3        banked       317ms raced     chain
8x4        banked       313ms raced     chain
8x5        banked       309ms raced     chain
8x6        banked       300ms raced     chain
8x7        banked       303ms raced     chain
8x8        banked       302ms raced     chain
8x9        banked       301ms raced     chain
8x10       banked       304ms raced     chain
8x11       banked       306ms raced     chain
8x12       banked       301ms raced     chain
8x13       banked       304ms raced     chain
8x14       banked       300ms raced     chain
8x15       banked       303ms raced     chain
8x16       banked       304ms raced     chain
8x17       banked       294ms raced     chain
8x18       banked       312ms raced     chain
8x19       banked       306ms raced     chain
8x20       banked       301ms raced     chain
8x21       banked       291ms raced     chain
8x22       banked       303ms raced     chain
8x23       banked       306ms raced     chain
8x24       banked       309ms raced     chain
8x25       banked       303ms raced     chain
8x26       banked       307ms raced     chain
8x27       banked       303ms raced     chain
8x28       banked       300ms raced     chain
8x29       banked       301ms raced     chain
8x30       banked       297ms raced     chain
8x31       banked       316ms raced     chain
8x32       banked       298ms raced     chain
8x33       banked       296ms raced     chain
8x34       banked       306ms raced     chain
8x35       banked       302ms raced     chain
8x36       banked       301ms raced     chain
8x37       banked       516ms raced     chain
8x38       banked       306ms raced     chain
8x39       banked       301ms raced     chain
8x40       banked       288ms raced     chain
8x41       banked       516ms raced     chain
8x42       banked       292ms raced     chain
8x43       banked       712ms raced     chain
8x44       banked       297ms raced     chain
8x45       banked       304ms raced     chain
8x46       banked       302ms raced     chain
8x47       banked       320ms raced     chain
8x48       banked       295ms raced     chain
8x49       banked       300ms raced     chain
8x50       banked       290ms raced     chain
8x51       banked       307ms raced     chain
8x52       banked       302ms raced     chain
8x53       banked       731ms raced     chain
8x54       banked       293ms raced     chain
8x55       banked       289ms raced     chain
8x56       banked       303ms raced     chain
8x57       banked       308ms raced     chain
8x58       banked       312ms raced     chain
8x59       banked       728ms raced     chain
8x60       banked       292ms raced     chain
8x61       banked       732ms raced     chain
8x62       banked       308ms raced     chain
8x63       banked       297ms raced     chain
8x64       banked       299ms raced     chain
9x2        banked       932ms raced     chain
9x3        banked       941ms raced     chain
9x4        banked       719ms raced     chain
9x5        banked       738ms raced     chain
9x6        banked       719ms raced     chain
9x7        banked       710ms raced     chain
9x8        banked       727ms raced     chain
9x9        banked       722ms raced     chain
9x10       banked       711ms raced     chain
9x11       banked       726ms raced     chain
9x12       banked       925ms raced     chain
9x13       banked       931ms raced     chain
9x14       banked       928ms raced     chain
9x15       banked       725ms raced     chain
9x16       banked       931ms raced     chain
9x17       banked       940ms raced     chain
9x18       banked       706ms raced     chain
9x19       banked       928ms raced     chain
9x20       banked       937ms raced     chain
9x21       banked       721ms raced     chain
9x22       banked       946ms raced     chain
9x23       banked       955ms raced     chain
9x24       banked       926ms raced     chain
9x25       banked       720ms raced     chain
9x26       banked       712ms raced     chain
9x27       banked       925ms raced     chain
9x28       banked       933ms raced     chain
9x29       banked       937ms raced     chain
9x30       banked       941ms raced     chain
9x31       banked       733ms raced     chain
9x32       banked       723ms raced     chain
9x33       banked       722ms raced     chain
9x34       banked       718ms raced     chain
9x35       banked       736ms raced     chain
9x36       banked       707ms raced     chain
9x37       banked      1152ms raced     chain
9x38       banked       735ms raced     chain
9x39       banked       707ms raced     chain
9x40       banked       730ms raced     chain
9x41       banked       934ms raced     chain
9x42       banked       721ms raced     chain
9x43       banked      1128ms raced     chain
9x44       banked       710ms raced     chain
9x45       banked       722ms raced     chain
9x46       banked       717ms raced     chain
9x47       banked       733ms raced     chain
9x48       banked       716ms raced     chain
9x49       banked       721ms raced     chain
9x50       banked       706ms raced     chain
9x51       banked       929ms raced     chain
9x52       banked       934ms raced     chain
9x53       banked      1358ms raced     chain
9x54       banked       932ms raced     chain
9x55       banked       708ms raced     chain
9x56       banked       939ms raced     chain
9x57       banked       927ms raced     chain
9x58       banked       712ms raced     chain
9x59       banked      1139ms raced     chain
9x60       banked       949ms raced     chain
9x61       banked      1127ms raced     chain
9x62       banked       729ms raced     chain
9x63       banked       718ms raced     chain
9x64       banked       939ms raced     chain
10x2       banked       951ms raced     chain
10x3       banked       306ms raced     chain
10x4       banked       297ms raced     chain
10x5       banked       716ms raced     chain
10x6       banked       302ms raced     chain
10x7       banked       944ms raced     chain
10x8       banked       301ms raced     chain
10x9       banked       927ms raced     chain
10x10      banked       944ms raced     chain
10x11      banked       711ms raced     chain
10x12      banked       727ms raced     chain
10x13      banked       289ms raced     chain
10x14      banked       308ms raced     chain
10x15      banked       296ms raced     chain
10x16      banked       941ms raced     chain
10x17      banked       305ms raced     chain
10x18      banked       300ms raced     chain
10x19      banked       293ms raced     chain
10x20      banked       706ms raced     chain
10x21      banked       301ms raced     chain
10x22      banked       292ms raced     chain
10x23      banked       291ms raced     chain
10x24      banked       301ms raced     chain
10x25      banked       293ms raced     chain
10x26      banked       298ms raced     chain
10x27      banked       289ms raced     chain
10x28      banked       302ms raced     chain
10x29      banked       306ms raced     chain
10x30      banked       296ms raced     chain
10x31      banked       296ms raced     chain
10x32      banked       302ms raced     chain
10x33      banked       300ms raced     chain
10x34      banked       290ms raced     chain
10x35      banked       300ms raced     chain
10x36      banked       289ms raced     chain
10x37      banked       507ms raced     chain
10x38      banked       301ms raced     chain
10x39      banked       302ms raced     chain
10x40      banked       290ms raced     chain
10x41      banked       522ms raced     chain
10x42      banked       305ms raced     chain
10x43      banked       708ms raced     chain
10x44      banked       291ms raced     chain
10x45      banked       303ms raced     chain
10x46      banked       294ms raced     chain
10x47      banked       315ms raced     chain
10x48      banked       297ms raced     chain
10x49      banked       299ms raced     chain
10x50      banked       301ms raced     chain
10x51      banked       304ms raced     chain
10x52      banked       303ms raced     chain
10x53      banked       725ms raced     chain
10x54      banked       290ms raced     chain
10x55      banked       304ms raced     chain
10x56      banked       309ms raced     chain
10x57      banked       298ms raced     chain
10x58      banked       295ms raced     chain
10x59      banked       717ms raced     chain
10x60      banked       302ms raced     chain
10x61      banked       707ms raced     chain
10x62      banked       310ms raced     chain
10x63      banked       302ms raced     chain
10x64      banked       307ms raced     chain
11x2       banked       723ms raced     chain
11x3       banked       937ms raced     chain
11x4       banked       953ms raced     chain
11x5       banked       935ms raced     chain
11x6       banked       724ms raced     chain
11x7       banked       942ms raced     chain
11x8       banked       722ms raced     chain
11x9       banked       725ms raced     chain
11x10      banked       725ms raced     chain
11x11      banked       720ms raced     chain
11x12      banked       925ms raced     chain
11x13      banked       929ms raced     chain
11x14      banked       726ms raced     chain
11x15      banked       940ms raced     chain
11x16      banked       948ms raced     chain
11x17      banked       931ms raced     chain
11x18      banked       942ms raced     chain
11x19      banked       940ms raced     chain
11x20      banked       717ms raced     chain
11x21      banked       726ms raced     chain
11x22      banked       948ms raced     chain
11x23      banked       718ms raced     chain
11x24      banked       736ms raced     chain
11x25      banked       721ms raced     chain
11x26      banked       942ms raced     chain
11x27      banked       723ms raced     chain
11x28      banked       942ms raced     chain
11x29      banked       716ms raced     chain
11x30      banked       953ms raced     chain
11x31      banked       716ms raced     chain
11x32      banked       720ms raced     chain
11x33      banked       721ms raced     chain
11x34      banked       728ms raced     chain
11x35      banked       719ms raced     chain
11x36      banked       709ms raced     chain
11x37      banked       929ms raced     chain
11x38      banked       729ms raced     chain
11x39      banked       727ms raced     chain
11x40      banked       944ms raced     chain
11x41      banked       945ms raced     chain
11x42      banked       724ms raced     chain
11x43      banked      1360ms raced     chain
11x44      banked       927ms raced     chain
11x45      banked       718ms raced     chain
11x46      banked       947ms raced     chain
11x47      banked       733ms raced     chain
11x48      banked       962ms raced     chain
11x49      banked       949ms raced     chain
11x50      banked       725ms raced     chain
11x51      banked       951ms raced     chain
11x52      banked       926ms raced     chain
11x53      banked      1144ms raced     chain
11x54      banked       784ms raced     chain
11x55      banked       942ms raced     chain
11x56      banked       739ms raced     chain
11x57      banked       936ms raced     chain
11x58      banked       727ms raced     chain
11x59      banked      1142ms raced     chain
11x60      banked       715ms raced     chain
11x61      banked      1353ms raced     chain
11x62      banked       948ms raced     chain
11x63      banked       931ms raced     chain
11x64      banked       931ms raced     chain
12x2       banked       959ms raced     chain
12x3       banked       939ms raced     chain
12x4       banked       938ms raced     chain
12x5       banked       302ms raced     chain
12x6       banked       303ms raced     chain
12x7       banked       945ms raced     chain
12x8       banked       304ms raced     chain
12x9       banked       302ms raced     chain
12x10      banked       939ms raced     chain
12x11      banked       300ms raced     chain
12x12      banked       943ms raced     chain
12x13      banked       726ms raced     chain
12x14      banked       969ms raced     chain
12x15      banked       720ms raced     chain
12x16      banked       723ms raced     chain
12x17      banked       308ms raced     chain
12x18      banked       302ms raced     chain
12x19      banked       294ms raced     chain
12x20      banked       305ms raced     chain
12x21      banked       308ms raced     chain
12x22      banked       299ms raced     chain
12x23      banked       302ms raced     chain
12x24      banked       302ms raced     chain
12x25      banked       720ms raced     chain
12x26      banked       309ms raced     chain
12x27      banked       303ms raced     chain
12x28      banked       301ms raced     chain
12x29      banked       312ms raced     chain
12x30      banked       299ms raced     chain
12x31      banked       311ms raced     chain
12x32      banked       314ms raced     chain
12x33      banked       300ms raced     chain
12x34      banked       944ms raced     chain
12x35      banked       310ms raced     chain
12x36      banked       298ms raced     chain
12x37      banked       529ms raced     chain
12x38      banked       310ms raced     chain
12x39      banked       301ms raced     chain
12x40      banked       298ms raced     chain
12x41      banked       517ms raced     chain
12x42      banked       308ms raced     chain
12x43      banked       729ms raced     chain
12x44      banked       321ms raced     chain
12x45      banked       309ms raced     chain
12x46      banked       307ms raced     chain
12x47      banked       312ms raced     chain
12x48      banked       306ms raced     chain
12x49      banked       293ms raced     chain
12x50      banked       299ms raced     chain
12x51      banked       301ms raced     chain
12x52      banked       301ms raced     chain
12x53      banked       727ms raced     chain
12x54      banked       307ms raced     chain
12x55      banked       301ms raced     chain
12x56      banked       303ms raced     chain
12x57      banked       304ms raced     chain
12x58      banked       310ms raced     chain
12x59      banked       726ms raced     chain
12x60      banked       307ms raced     chain
12x61      banked       720ms raced     chain
12x62      banked       306ms raced     chain
12x63      banked       302ms raced     chain
12x64      banked       310ms raced     chain
13x2       banked       942ms raced     chain
13x3       banked       940ms raced     chain
13x4       banked       721ms raced     chain
13x5       banked       940ms raced     chain
13x6       banked       721ms raced     chain
13x7       banked       720ms raced     chain
13x8       banked       942ms raced     chain
13x9       banked       736ms raced     chain
13x10      banked       952ms raced     chain
13x11      banked       722ms raced     chain
13x12      banked       942ms raced     chain
13x13      banked       937ms raced     chain
13x14      banked       938ms raced     chain
13x15      banked       932ms raced     chain
13x16      banked       726ms raced     chain
13x17      banked       940ms raced     chain
13x18      banked       728ms raced     chain
13x19      banked       721ms raced     chain
13x20      banked       939ms raced     chain
13x21      banked       945ms raced     chain
13x22      banked       953ms raced     chain
13x23      banked       955ms raced     chain
13x24      banked       936ms raced     chain
13x25      banked       727ms raced     chain
13x26      banked       942ms raced     chain
13x27      banked       739ms raced     chain
13x28      banked       729ms raced     chain
13x29      banked       949ms raced     chain
13x30      banked       936ms raced     chain
13x31      banked       949ms raced     chain
13x32      banked       944ms raced     chain
13x33      banked       720ms raced     chain
13x34      banked       969ms raced     chain
13x35      banked       723ms raced     chain
13x36      banked       942ms raced     chain
13x37      banked       939ms raced     chain
13x38      banked       723ms raced     chain
13x39      banked       718ms raced     chain
13x40      banked       947ms raced     chain
13x41      banked       938ms raced     chain
13x42      banked       945ms raced     chain
13x43      banked      1351ms raced     chain
13x44      banked       957ms raced     chain
13x45      banked       720ms raced     chain
13x46      banked       727ms raced     chain
13x47      banked       783ms raced     chain
13x48      banked       945ms raced     chain
13x49      banked       733ms raced     chain
13x50      banked       718ms raced     chain
13x51      banked       726ms raced     chain
13x52      banked       938ms raced     chain
13x53      banked      1138ms raced     chain
13x54      banked       727ms raced     chain
13x55      banked       934ms raced     chain
13x56      banked       944ms raced     chain
13x57      banked       723ms raced     chain
13x58      banked       944ms raced     chain
13x59      banked      1161ms raced     chain
13x60      banked       938ms raced     chain
13x61      banked      1357ms raced     chain
13x62      banked       733ms raced     chain
13x63      banked       938ms raced     chain
13x64      banked       732ms raced     chain
14x2       banked       315ms raced     chain
14x3       banked       301ms raced     chain
14x4       banked       729ms raced     chain
14x5       banked       303ms raced     chain
14x6       banked       304ms raced     chain
14x7       banked       307ms raced     chain
14x8       banked       301ms raced     chain
14x9       banked       303ms raced     chain
14x10      banked       942ms raced     chain
14x11      banked       316ms raced     chain
14x12      banked       307ms raced     chain
14x13      banked       939ms raced     chain
14x14      banked       301ms raced     chain
14x15      banked       308ms raced     chain
14x16      banked       303ms raced     chain
14x17      banked       303ms raced     chain
14x18      banked       328ms raced     chain
14x19      banked       303ms raced     chain
14x20      banked       301ms raced     chain
14x21      banked       304ms raced     chain
14x22      banked       316ms raced     chain
14x23      banked       302ms raced     chain
14x24      banked       944ms raced     chain
14x25      banked       305ms raced     chain
14x26      banked       305ms raced     chain
14x27      banked       734ms raced     chain
14x28      banked       309ms raced     chain
14x29      banked       309ms raced     chain
14x30      banked       299ms raced     chain
14x31      banked       307ms raced     chain
14x32      banked       306ms raced     chain
14x33      banked       316ms raced     chain
14x34      banked       307ms raced     chain
14x35      banked       302ms raced     chain
14x36      banked       300ms raced     chain
14x37      banked       516ms raced     chain
14x38      banked       319ms raced     chain
14x39      banked       301ms raced     chain
14x40      banked       303ms raced     chain
14x41      banked       520ms raced     chain
14x42      banked       308ms raced     chain
14x43      banked       715ms raced     chain
14x44      banked       309ms raced     chain
14x45      banked       304ms raced     chain
14x46      banked       305ms raced     chain
14x47      banked       315ms raced     chain
14x48      banked       311ms raced     chain
14x49      banked       301ms raced     chain
14x50      banked       303ms raced     chain
14x51      banked       307ms raced     chain
14x52      banked       305ms raced     chain
14x53      banked       734ms raced     chain
14x54      banked       310ms raced     chain
14x55      banked       313ms raced     chain
14x56      banked       306ms raced     chain
14x57      banked       302ms raced     chain
14x58      banked       316ms raced     chain
14x59      banked       726ms raced     chain
14x60      banked       305ms raced     chain
14x61      banked       710ms raced     chain
14x62      banked       300ms raced     chain
14x63      banked       301ms raced     chain
14x64      banked       313ms raced     chain
15x2       banked       956ms raced     chain
15x3       banked       721ms raced     chain
15x4       banked       737ms raced     chain
15x5       banked       725ms raced     chain
15x6       banked       943ms raced     chain
15x7       banked       940ms raced     chain
15x8       banked       739ms raced     chain
15x9       banked       944ms raced     chain
15x10      banked       720ms raced     chain
15x11      banked       739ms raced     chain
15x12      banked       943ms raced     chain
15x13      banked       724ms raced     chain
15x14      banked       725ms raced     chain
15x15      banked       726ms raced     chain
15x16      banked       947ms raced     chain
15x17      banked       751ms raced     chain
15x18      banked       946ms raced     chain
15x19      banked       726ms raced     chain
15x20      banked       956ms raced     chain
15x21      banked       963ms raced     chain
15x22      banked       942ms raced     chain
15x23      banked       938ms raced     chain
15x24      banked       938ms raced     chain
15x25      banked       945ms raced     chain
15x26      banked       724ms raced     chain
15x27      banked       738ms raced     chain
15x28      banked      1286ms raced     chain
15x29      banked      1034ms raced     chain
15x30      banked       951ms raced     chain
15x31      banked       960ms raced     chain
15x32      banked       738ms raced     chain
15x33      banked       727ms raced     chain
15x34      banked       942ms raced     chain
15x35      banked       720ms raced     chain
15x36      banked       945ms raced     chain
15x37      banked       934ms raced     chain
15x38      banked       729ms raced     chain
15x39      banked       717ms raced     chain
15x40      banked       727ms raced     chain
15x41      banked       937ms raced     chain
15x42      banked       941ms raced     chain
15x43      banked      1131ms raced     chain
15x44      banked       939ms raced     chain
15x45      banked       723ms raced     chain
15x46      banked       938ms raced     chain
15x47      banked       955ms raced     chain
15x48      banked       956ms raced     chain
15x49      banked       950ms raced     chain
15x50      banked       941ms raced     chain
15x51      banked       955ms raced     chain
15x52      banked       954ms raced     chain
15x53      banked      1402ms raced     chain
15x54      banked       941ms raced     chain
15x55      banked       941ms raced     chain
15x56      banked       941ms raced     chain
15x57      banked       935ms raced     chain
15x58      banked       969ms raced     chain
15x59      banked      1357ms raced     chain
15x60      banked       952ms raced     chain
15x61      banked      1151ms raced     chain
15x62      banked       947ms raced     chain
15x63      banked       946ms raced     chain
15x64      banked       948ms raced     chain
16x2       banked       355ms raced     chain
16x3       banked       319ms raced     chain
16x4       banked       316ms raced     chain
16x5       banked       320ms raced     chain
16x6       banked       319ms raced     chain
16x7       banked       317ms raced     chain
16x8       banked       315ms raced     chain
16x9       banked       315ms raced     chain
16x10      banked       317ms raced     chain
16x11      banked       323ms raced     chain
16x12      banked       318ms raced     chain
16x13      banked       323ms raced     chain
16x14      banked       319ms raced     chain
16x15      banked       315ms raced     chain
16x16      banked       316ms raced     chain
16x17      banked       321ms raced     chain
16x18      banked       312ms raced     chain
16x19      banked       325ms raced     chain
16x20      banked       318ms raced     chain
16x21      banked       316ms raced     chain
16x22      banked       309ms raced     chain
16x23      banked       322ms raced     chain
16x24      banked       314ms raced     chain
16x25      banked       334ms raced     chain
16x26      banked       309ms raced     chain
16x27      banked       312ms raced     chain
16x28      banked       304ms raced     chain
16x29      banked       319ms raced     chain
16x30      banked       307ms raced     chain
16x31      banked       332ms raced     chain
16x32      banked       327ms raced     chain
16x33      banked       315ms raced     chain
16x34      banked       324ms raced     chain
16x35      banked       312ms raced     chain
16x36      banked       303ms raced     chain
16x37      banked       526ms raced     chain
16x38      banked       321ms raced     chain
16x39      banked       314ms raced     chain
16x40      banked       303ms raced     chain
16x41      banked       539ms raced     chain
16x42      banked       312ms raced     chain
16x43      banked       739ms raced     chain
16x44      banked       304ms raced     chain
16x45      banked       304ms raced     chain
16x46      banked       314ms raced     chain
16x47      banked       338ms raced     chain
16x48      banked       308ms raced     chain
16x49      banked       312ms raced     chain
16x50      banked       318ms raced     chain
16x51      banked       318ms raced     chain
16x52      banked       316ms raced     chain
16x53      banked       737ms raced     chain
16x54      banked       312ms raced     chain
16x55      banked       318ms raced     chain
16x56      banked       305ms raced     chain
16x57      banked       322ms raced     chain
16x58      banked       327ms raced     chain
16x59      banked       745ms raced     chain
16x60      banked       308ms raced     chain
16x61      banked       723ms raced     chain
16x62      banked       327ms raced     chain
16x63      banked       325ms raced     chain
16x64      banked       324ms raced     chain
17x2       banked       733ms raced     chain
17x3       banked       735ms raced     chain
17x4       banked       951ms raced     chain
17x5       banked       953ms raced     chain
17x6       banked       726ms raced     chain
17x7       banked       956ms raced     chain
17x8       banked       958ms raced     chain
17x9       banked       953ms raced     chain
17x10      banked       958ms raced     chain
17x11      banked       948ms raced     chain
17x12      banked       962ms raced     chain
17x13      banked       940ms raced     chain
17x14      banked       938ms raced     chain
17x15      banked       941ms raced     chain
17x16      banked       959ms raced     chain
17x17      banked       941ms raced     chain
17x18      banked       943ms raced     chain
17x19      banked       954ms raced     chain
17x20      banked       953ms raced     chain
17x21      banked       743ms raced     chain
17x22      banked       735ms raced     chain
17x23      banked       739ms raced     chain
17x24      banked       942ms raced     chain
17x25      banked       723ms raced     chain
17x26      banked       958ms raced     chain
17x27      banked       940ms raced     chain
17x28      banked       738ms raced     chain
17x29      banked       732ms raced     chain
17x30      banked       951ms raced     chain
17x31      banked       727ms raced     chain
17x32      banked       961ms raced     chain
17x33      banked       737ms raced     chain
17x34      banked       730ms raced     chain
17x35      banked       737ms raced     chain
17x36      banked       722ms raced     chain
17x37      banked       947ms raced     chain
17x38      banked       734ms raced     chain
17x39      banked       739ms raced     chain
17x40      banked       737ms raced     chain
17x41      banked      1167ms raced     chain
17x42      banked       725ms raced     chain
17x43      banked      1138ms raced     chain
17x44      banked       954ms raced     chain
17x45      banked       731ms raced     chain
17x46      banked       744ms raced     chain
17x47      banked       969ms raced     chain
17x48      banked       736ms raced     chain
17x49      banked       769ms raced     chain
17x50      banked       985ms raced     chain
17x51      banked       965ms raced     chain
17x52      banked       741ms raced     chain
17x53      banked      1138ms raced     chain
17x54      banked       731ms raced     chain
17x55      banked       937ms raced     chain
17x56      banked       741ms raced     chain
17x57      banked       748ms raced     chain
17x58      banked       746ms raced     chain
17x59      banked      1376ms raced     chain
17x60      banked       727ms raced     chain
17x61      banked      1140ms raced     chain
17x62      banked       746ms raced     chain
17x63      banked       724ms raced     chain
17x64      banked       748ms raced     chain
18x2       banked       970ms raced     chain
18x3       banked       733ms raced     chain
18x4       banked       734ms raced     chain
18x5       banked       958ms raced     chain
18x6       banked       952ms raced     chain
18x7       banked       963ms raced     chain
18x8       banked       737ms raced     chain
18x9       banked       944ms raced     chain
18x10      banked       957ms raced     chain
18x11      banked       974ms raced     chain
18x12      banked       964ms raced     chain
18x13      banked       952ms raced     chain
18x14      banked       960ms raced     chain
18x15      banked       955ms raced     chain
18x16      banked       960ms raced     chain
18x17      banked       736ms raced     chain
18x18      banked       732ms raced     chain
18x19      banked       742ms raced     chain
18x20      banked       952ms raced     chain
18x21      banked       725ms raced     chain
18x22      banked       740ms raced     chain
18x23      banked       750ms raced     chain
18x24      banked       739ms raced     chain
18x25      banked       723ms raced     chain
18x26      banked       739ms raced     chain
18x27      banked       753ms raced     chain
18x28      banked       740ms raced     chain
18x29      banked       753ms raced     chain
18x30      banked       730ms raced     chain
18x31      banked       758ms raced     chain
18x32      banked       751ms raced     chain
18x33      banked       733ms raced     chain
18x34      banked       741ms raced     chain
18x35      banked       743ms raced     chain
18x36      banked       740ms raced     chain
18x37      banked       953ms raced     chain
18x38      banked       749ms raced     chain
18x39      banked       735ms raced     chain
18x40      banked       721ms raced     chain
18x41      banked      1165ms raced     chain
18x42      banked       943ms raced     chain
18x43      banked      1154ms raced     chain
18x44      banked       956ms raced     chain
18x45      banked       727ms raced     chain
18x46      banked       961ms raced     chain
18x47      banked       736ms raced     chain
18x48      banked       741ms raced     chain
18x49      banked       737ms raced     chain
18x50      banked       737ms raced     chain
18x51      banked       768ms raced     chain
18x52      banked       730ms raced     chain
18x53      banked      1139ms raced     chain
18x54      banked       946ms raced     chain
18x55      banked       750ms raced     chain
18x56      banked       725ms raced     chain
18x57      banked       739ms raced     chain
18x58      banked       744ms raced     chain
18x59      banked      1163ms raced     chain
18x60      banked       738ms raced     chain
18x61      banked      1153ms raced     chain
18x62      banked       750ms raced     chain
18x63      banked       747ms raced     chain
18x64      banked       750ms raced     chain
19x2       banked       743ms raced     chain
19x3       banked       964ms raced     chain
19x4       banked       730ms raced     chain
19x5       banked       949ms raced     chain
19x6       banked       957ms raced     chain
19x7       banked       969ms raced     chain
19x8       banked       962ms raced     chain
19x9       banked       958ms raced     chain
19x10      banked       973ms raced     chain
19x11      banked       959ms raced     chain
19x12      banked       734ms raced     chain
19x13      banked       742ms raced     chain
19x14      banked       752ms raced     chain
19x15      banked       956ms raced     chain
19x16      banked       959ms raced     chain
19x17      banked       960ms raced     chain
19x18      banked       973ms raced     chain
19x19      banked       963ms raced     chain
19x20      banked       740ms raced     chain
19x21      banked       954ms raced     chain
19x22      banked       727ms raced     chain
19x23      banked       741ms raced     chain
19x24      banked       969ms raced     chain
19x25      banked       738ms raced     chain
19x26      banked       738ms raced     chain
19x27      banked       736ms raced     chain
19x28      banked       737ms raced     chain
19x29      banked       744ms raced     chain
19x30      banked       955ms raced     chain
19x31      banked       960ms raced     chain
19x32      banked       743ms raced     chain
19x33      banked       735ms raced     chain
19x34      banked       982ms raced     chain
19x35      banked       951ms raced     chain
19x36      banked       741ms raced     chain
19x37      banked       955ms raced     chain
19x38      banked       731ms raced     chain
19x39      banked       735ms raced     chain
19x40      banked       956ms raced     chain
19x41      banked       948ms raced     chain
19x42      banked       730ms raced     chain
19x43      banked      1167ms raced     chain
19x44      banked       731ms raced     chain
19x45      banked       728ms raced     chain
19x46      banked       962ms raced     chain
19x47      banked       760ms raced     chain
19x48      banked       730ms raced     chain
19x49      banked       747ms raced     chain
19x50      banked       736ms raced     chain
19x51      banked       740ms raced     chain
19x52      banked       736ms raced     chain
19x53      banked      1175ms raced     chain
19x54      banked       729ms raced     chain
19x55      banked       739ms raced     chain
19x56      banked       740ms raced     chain
19x57      banked       772ms raced     chain
19x58      banked       745ms raced     chain
19x59      banked      1369ms raced     chain
19x60      banked       744ms raced     chain
19x61      banked      1152ms raced     chain
19x62      banked       972ms raced     chain
19x63      banked       749ms raced     chain
19x64      banked       748ms raced     chain
20x2       banked       766ms raced     chain
20x3       banked       742ms raced     chain
20x4       banked       953ms raced     chain
20x5       banked       738ms raced     chain
20x6       banked       965ms raced     chain
20x7       banked       749ms raced     chain
20x8       banked       955ms raced     chain
20x9       banked       958ms raced     chain
20x10      banked       735ms raced     chain
20x11      banked       959ms raced     chain
20x12      banked       737ms raced     chain
20x13      banked       967ms raced     chain
20x14      banked       960ms raced     chain
20x15      banked       957ms raced     chain
20x16      banked       955ms raced     chain
20x17      banked       951ms raced     chain
20x18      banked       740ms raced     chain
20x19      banked       966ms raced     chain
20x20      banked       731ms raced     chain
20x21      banked       740ms raced     chain
20x22      banked       739ms raced     chain
20x23      banked       757ms raced     chain
20x24      banked       735ms raced     chain
20x25      banked       956ms raced     chain
20x26      banked       745ms raced     chain
20x27      banked       735ms raced     chain
20x28      banked       962ms raced     chain
20x29      banked       741ms raced     chain
20x30      banked       757ms raced     chain
20x31      banked       987ms raced     chain
20x32      banked       754ms raced     chain
20x33      banked       740ms raced     chain
20x34      banked       749ms raced     chain
20x35      banked       734ms raced     chain
20x36      banked       735ms raced     chain
20x37      banked       947ms raced     chain
20x38      banked       745ms raced     chain
20x39      banked       736ms raced     chain
20x40      banked       739ms raced     chain
20x41      banked       964ms raced     chain
20x42      banked       741ms raced     chain
20x43      banked      1154ms raced     chain
20x44      banked       982ms raced     chain
20x45      banked       749ms raced     chain
20x46      banked       744ms raced     chain
20x47      banked       750ms raced     chain
20x48      banked       742ms raced     chain
20x49      banked       746ms raced     chain
20x50      banked       749ms raced     chain
20x51      banked       751ms raced     chain
20x52      banked       760ms raced     chain
20x53      banked      1155ms raced     chain
20x54      banked       745ms raced     chain
20x55      banked       753ms raced     chain
20x56      banked       747ms raced     chain
20x57      banked       751ms raced     chain
20x58      banked       745ms raced     chain
20x59      banked      1159ms raced     chain
20x60      banked       746ms raced     chain
20x61      banked      1145ms raced     chain
20x62      banked       974ms raced     chain
20x63      banked       962ms raced     chain
20x64      banked       766ms raced     chain
21x2       banked       969ms raced     chain
21x3       banked       759ms raced     chain
21x4       banked       765ms raced     chain
21x5       banked       984ms raced     chain
21x6       banked       973ms raced     chain
21x7       banked       953ms raced     chain
21x8       banked       956ms raced     chain
21x9       banked       960ms raced     chain
21x10      banked       958ms raced     chain
21x11      banked       976ms raced     chain
21x12      banked       737ms raced     chain
21x13      banked       962ms raced     chain
21x14      banked       744ms raced     chain
21x15      banked       737ms raced     chain
21x16      banked       961ms raced     chain
21x17      banked       750ms raced     chain
21x18      banked       978ms raced     chain
21x19      banked       970ms raced     chain
21x20      banked       978ms raced     chain
21x21      banked       734ms raced     chain
21x22      banked       987ms raced     chain
21x23      banked       965ms raced     chain
21x24      banked       748ms raced     chain
21x25      banked       749ms raced     chain
21x26      banked       958ms raced     chain
21x27      banked       737ms raced     chain
21x28      banked       985ms raced     chain
21x29      banked       757ms raced     chain
21x30      banked       967ms raced     chain
21x31      banked       746ms raced     chain
21x32      banked       743ms raced     chain
21x33      banked       749ms raced     chain
21x34      banked       753ms raced     chain
21x35      banked       773ms raced     chain
21x36      banked       747ms raced     chain
21x37      banked       947ms raced     chain
21x38      banked       965ms raced     chain
21x39      banked       739ms raced     chain
21x40      banked       978ms raced     chain
21x41      banked      1197ms raced     chain
21x42      banked       960ms raced     chain
21x43      banked      1379ms raced     chain
21x44      banked       757ms raced     chain
21x45      banked       954ms raced     chain
21x46      banked       747ms raced     chain
21x47      banked       754ms raced     chain
21x48      banked       762ms raced     chain
21x49      banked       734ms raced     chain
21x50      banked       752ms raced     chain
21x51      banked       739ms raced     chain
21x52      banked       746ms raced     chain
21x53      banked      1147ms raced     chain
21x54      banked       754ms raced     chain
21x55      banked       743ms raced     chain
21x56      banked       746ms raced     chain
21x57      banked       760ms raced     chain
21x58      banked       744ms raced     chain
21x59      banked      1163ms raced     chain
21x60      banked       964ms raced     chain
21x61      banked      1146ms raced     chain
21x62      banked       750ms raced     chain
21x63      banked       964ms raced     chain
21x64      banked       753ms raced     chain
22x2       banked       326ms raced     chain
22x3       banked       331ms raced     chain
22x4       banked       320ms raced     chain
22x5       banked       315ms raced     chain
22x6       banked       323ms raced     chain
22x7       banked       315ms raced     chain
22x8       banked       318ms raced     chain
22x9       banked       316ms raced     chain
22x10      banked       318ms raced     chain
22x11      banked       318ms raced     chain
22x12      banked       314ms raced     chain
22x13      banked       318ms raced     chain
22x14      banked       317ms raced     chain
22x15      banked       318ms raced     chain
22x16      banked       319ms raced     chain
22x17      banked       318ms raced     chain
22x18      banked       318ms raced     chain
22x19      banked       320ms raced     chain
22x20      banked       314ms raced     chain
22x21      banked       983ms raced     chain
22x22      banked       325ms raced     chain
22x23      banked       330ms raced     chain
22x24      banked       316ms raced     chain
22x25      banked       319ms raced     chain
22x26      banked       322ms raced     chain
22x27      banked       317ms raced     chain
22x28      banked       317ms raced     chain
22x29      banked       326ms raced     chain
22x30      banked       315ms raced     chain
22x31      banked       322ms raced     chain
22x32      banked       333ms raced     chain
22x33      banked       324ms raced     chain
22x34      banked       322ms raced     chain
22x35      banked       329ms raced     chain
22x36      banked       316ms raced     chain
22x37      banked       525ms raced     chain
22x38      banked       331ms raced     chain
22x39      banked       317ms raced     chain
22x40      banked       329ms raced     chain
22x41      banked       541ms raced     chain
22x42      banked       319ms raced     chain
22x43      banked       751ms raced     chain
22x44      banked       313ms raced     chain
22x45      banked       316ms raced     chain
22x46      banked       319ms raced     chain
22x47      banked       330ms raced     chain
22x48      banked       329ms raced     chain
22x49      banked       316ms raced     chain
22x50      banked       325ms raced     chain
22x51      banked       331ms raced     chain
22x52      banked       317ms raced     chain
22x53      banked       755ms raced     chain
22x54      banked       316ms raced     chain
22x55      banked       319ms raced     chain
22x56      banked       318ms raced     chain
22x57      banked       320ms raced     chain
22x58      banked       320ms raced     chain
22x59      banked       743ms raced     chain
22x60      banked       326ms raced     chain
22x61      banked       723ms raced     chain
22x62      banked       331ms raced     chain
22x63      banked       315ms raced     chain
22x64      banked       339ms raced     chain
23x2       banked       989ms raced     chain
23x3       banked       987ms raced     chain
23x4       banked       767ms raced     chain
23x5       banked      1007ms raced     chain
23x6       banked       988ms raced     chain
23x7       banked       986ms raced     chain
23x8       banked       988ms raced     chain
23x9       banked       993ms raced     chain
23x10      banked      1002ms raced     chain
23x11      banked       976ms raced     chain
23x12      banked       988ms raced     chain
23x13      banked       991ms raced     chain
23x14      banked       975ms raced     chain
23x15      banked       766ms raced     chain
23x16      banked       769ms raced     chain
23x17      banked       983ms raced     chain
23x18      banked       959ms raced     chain
23x19      banked       996ms raced     chain
23x20      banked       753ms raced     chain
23x21      banked       766ms raced     chain
23x22      banked       988ms raced     chain
23x23      banked      1005ms raced     chain
23x24      banked       991ms raced     chain
23x25      banked       741ms raced     chain
23x26      banked       981ms raced     chain
23x27      banked       966ms raced     chain
23x28      banked       756ms raced     chain
23x29      banked       768ms raced     chain
23x30      banked       984ms raced     chain
23x31      banked       772ms raced     chain
23x32      banked       989ms raced     chain
23x33      banked       993ms raced     chain
23x34      banked      1000ms raced     chain
23x35      banked       755ms raced     chain
23x36      banked       985ms raced     chain
23x37      banked       983ms raced     chain
23x38      banked       990ms raced     chain
23x39      banked       766ms raced     chain
23x40      banked       979ms raced     chain
23x41      banked       986ms raced     chain
23x42      banked       751ms raced     chain
23x43      banked      1188ms raced     chain
23x44      banked       752ms raced     chain
23x45      banked       753ms raced     chain
23x46      banked       974ms raced     chain
23x47      banked       776ms raced     chain
23x48      banked       970ms raced     chain
23x49      banked       766ms raced     chain
23x50      banked       974ms raced     chain
23x51      banked       780ms raced     chain
23x52      banked       753ms raced     chain
23x53      banked      1174ms raced     chain
23x54      banked      1009ms raced     chain
23x55      banked       757ms raced     chain
23x56      banked       787ms raced     chain
23x57      banked       764ms raced     chain
23x58      banked       765ms raced     chain
23x59      banked      1417ms raced     chain
23x60      banked       775ms raced     chain
23x61      banked      1189ms raced     chain
23x62      banked      1004ms raced     chain
23x63      banked       770ms raced     chain
23x64      banked       764ms raced     chain
24x2       banked       778ms raced     chain
24x3       banked      1001ms raced     chain
24x4       banked      1014ms raced     chain
24x5       banked      1024ms raced     chain
24x6       banked       983ms raced     chain
24x7       banked       984ms raced     chain
24x8       banked       748ms raced     chain
24x9       banked      1007ms raced     chain
24x10      banked       766ms raced     chain
24x11      banked      1003ms raced     chain
24x12      banked       321ms raced     chain
24x13      banked      1013ms raced     chain
24x14      banked       994ms raced     chain
24x15      banked       986ms raced     chain
24x16      banked      1001ms raced     chain
24x17      banked       332ms raced     chain
24x18      banked       318ms raced     chain
24x19      banked      1005ms raced     chain
24x20      banked       997ms raced     chain
24x21      banked       988ms raced     chain
24x22      banked       328ms raced     chain
24x23      banked       988ms raced     chain
24x24      banked       766ms raced     chain
24x25      banked       333ms raced     chain
24x26      banked       323ms raced     chain
24x27      banked       333ms raced     chain
24x28      banked       317ms raced     chain
24x29      banked       776ms raced     chain
24x30      banked       329ms raced     chain
24x31      banked       336ms raced     chain
24x32      banked      1013ms raced     chain
24x33      banked       338ms raced     chain
24x34      banked       330ms raced     chain
24x35      banked       757ms raced     chain
24x36      banked       319ms raced     chain
24x37      banked       974ms raced     chain
24x38      banked       764ms raced     chain
24x39      banked       317ms raced     chain
24x40      banked       764ms raced     chain
24x41      banked       540ms raced     chain
24x42      banked       323ms raced     chain
24x43      banked       738ms raced     chain
24x44      banked       769ms raced     chain
24x45      banked       765ms raced     chain
24x46      banked       321ms raced     chain
24x47      banked       331ms raced     chain
24x48      banked       322ms raced     chain
24x49      banked       765ms raced     chain
24x50      banked       740ms raced     chain
24x51      banked      1003ms raced     chain
24x52      banked      1000ms raced     chain
24x53      banked      1180ms raced     chain
24x54      banked       997ms raced     chain
24x55      banked       758ms raced     chain
24x56      banked       991ms raced     chain
24x57      banked       327ms raced     chain
24x58      banked       786ms raced     chain
24x59      banked      1201ms raced     chain
24x60      banked       759ms raced     chain
24x61      banked      1185ms raced     chain
24x62      banked       765ms raced     chain
24x63      banked       766ms raced     chain
24x64      banked       784ms raced     chain
25x2       banked      1009ms raced     chain
25x3       banked      1006ms raced     chain
25x4       banked      1009ms raced     chain
25x5       banked       996ms raced     chain
25x6       banked       996ms raced     chain
25x7       banked       995ms raced     chain
25x8       banked       989ms raced     chain
25x9       banked       768ms raced     chain
25x10      banked       988ms raced     chain
25x11      banked       768ms raced     chain
25x12      banked       744ms raced     chain
25x13      banked      1006ms raced     chain
25x14      banked       770ms raced     chain
25x15      banked       991ms raced     chain
25x16      banked      1044ms raced     chain
25x17      banked       841ms raced     chain
25x18      banked      1068ms raced     chain
25x19      banked      1059ms raced     chain
25x20      banked      1042ms raced     chain
25x21      banked      1022ms raced     chain
25x22      banked      1022ms raced     chain
25x23      banked       775ms raced     chain
25x24      banked       803ms raced     chain
25x25      banked      1036ms raced     chain
25x26      banked      1094ms raced     chain
25x27      banked       791ms raced     chain
25x28      banked       769ms raced     chain
25x29      banked       774ms raced     chain
25x30      banked       979ms raced     chain
25x31      banked       774ms raced     chain
25x32      banked      1007ms raced     chain
25x33      banked       757ms raced     chain
25x34      banked      1008ms raced     chain
25x35      banked       766ms raced     chain
25x36      banked       770ms raced     chain
25x37      banked       980ms raced     chain
25x38      banked      1000ms raced     chain
25x39      banked      1007ms raced     chain
25x40      banked       985ms raced     chain
25x41      banked       985ms raced     chain
25x42      banked       758ms raced     chain
25x43      banked      1193ms raced     chain
25x44      banked       763ms raced     chain
25x45      banked       781ms raced     chain
25x46      banked       773ms raced     chain
25x47      banked       782ms raced     chain
25x48      banked      1006ms raced     chain
25x49      banked       765ms raced     chain
25x50      banked       770ms raced     chain
25x51      banked       770ms raced     chain
25x52      banked       765ms raced     chain
25x53      banked      1189ms raced     chain
25x54      banked       752ms raced     chain
25x55      banked       755ms raced     chain
25x56      banked       770ms raced     chain
25x57      banked       771ms raced     chain
25x58      banked       774ms raced     chain
25x59      banked      1192ms raced     chain
25x60      banked       755ms raced     chain
25x61      banked      1191ms raced     chain
25x62      banked       771ms raced     chain
25x63      banked      1003ms raced     chain
25x64      banked       775ms raced     chain
26x2       banked       327ms raced     chain
26x3       banked       332ms raced     chain
26x4       banked       328ms raced     chain
26x5       banked       331ms raced     chain
26x6       banked      1013ms raced     chain
26x7       banked       333ms raced     chain
26x8       banked       999ms raced     chain
26x9       banked       331ms raced     chain
26x10      banked       320ms raced     chain
26x11      banked       321ms raced     chain
26x12      banked       343ms raced     chain
26x13      banked       335ms raced     chain
26x14      banked       329ms raced     chain
26x15      banked       321ms raced     chain
26x16      banked       337ms raced     chain
26x17      banked       328ms raced     chain
26x18      banked       332ms raced     chain
26x19      banked       322ms raced     chain
26x20      banked       336ms raced     chain
26x21      banked       332ms raced     chain
26x22      banked       336ms raced     chain
26x23      banked       321ms raced     chain
26x24      banked       332ms raced     chain
26x25      banked       322ms raced     chain
26x26      banked       346ms raced     chain
26x27      banked       332ms raced     chain
26x28      banked       336ms raced     chain
26x29      banked       342ms raced     chain
26x30      banked       325ms raced     chain
26x31      banked       327ms raced     chain
26x32      banked       349ms raced     chain
26x33      banked       321ms raced     chain
26x34      banked       340ms raced     chain
26x35      banked       332ms raced     chain
26x36      banked       334ms raced     chain
26x37      banked       553ms raced     chain
26x38      banked       331ms raced     chain
26x39      banked       333ms raced     chain
26x40      banked       331ms raced     chain
26x41      banked       543ms raced     chain
26x42      banked       329ms raced     chain
26x43      banked       769ms raced     chain
26x44      banked       328ms raced     chain
26x45      banked       332ms raced     chain
26x46      banked       334ms raced     chain
26x47      banked       340ms raced     chain
26x48      banked       328ms raced     chain
26x49      banked       327ms raced     chain
26x50      banked       338ms raced     chain
26x51      banked       329ms raced     chain
26x52      banked       332ms raced     chain
26x53      banked       749ms raced     chain
26x54      banked       335ms raced     chain
26x55      banked       330ms raced     chain
26x56      banked       330ms raced     chain
26x57      banked       330ms raced     chain
26x58      banked       339ms raced     chain
26x59      banked       766ms raced     chain
26x60      banked       329ms raced     chain
26x61      banked       766ms raced     chain
26x62      banked       337ms raced     chain
26x63      banked       327ms raced     chain
26x64      banked       347ms raced     chain
27x2       banked      1010ms raced     chain
27x3       banked       770ms raced     chain
27x4       banked      1008ms raced     chain
27x5       banked      1014ms raced     chain
27x6       banked      1009ms raced     chain
27x7       banked      1006ms raced     chain
27x8       banked       800ms raced     chain
27x9       banked       777ms raced     chain
27x10      banked      1012ms raced     chain
27x11      banked       994ms raced     chain
27x12      banked      1000ms raced     chain
27x13      banked      1014ms raced     chain
27x14      banked       771ms raced     chain
27x15      banked       769ms raced     chain
27x16      banked      1021ms raced     chain
27x17      banked      1001ms raced     chain
27x18      banked      1015ms raced     chain
27x19      banked      1013ms raced     chain
27x20      banked       762ms raced     chain
27x21      banked       798ms raced     chain
27x22      banked      1012ms raced     chain
27x23      banked      1020ms raced     chain
27x24      banked       770ms raced     chain
27x25      banked      1009ms raced     chain
27x26      banked       777ms raced     chain
27x27      banked       786ms raced     chain
27x28      banked       783ms raced     chain
27x29      banked      1013ms raced     chain
27x30      banked       764ms raced     chain
27x31      banked       790ms raced     chain
27x32      banked      1036ms raced     chain
27x33      ERROR        822ms refused   chain
27x34      banked       799ms raced     chain
27x35      banked       795ms raced     chain
27x36      banked       774ms raced     chain
27x37      ERROR       1053ms refused   chain
27x38      banked       768ms raced     chain
27x39      ERROR       1034ms refused   chain
27x40      banked       786ms raced     chain
27x41      banked       992ms raced     chain
27x42      banked       776ms raced     chain
27x43      banked      1213ms raced     chain
27x44      banked       771ms raced     chain
27x45      ERROR        842ms refused   chain
27x46      banked       805ms raced     chain
27x47      ERROR        844ms refused   chain
27x48      banked       786ms raced     chain
27x49      banked       769ms raced     chain
27x50      banked       801ms raced     chain
27x51      banked       782ms raced     chain
27x52      banked       781ms raced     chain
27x53      banked      1190ms raced     chain
27x54      banked       787ms raced     chain
27x55      banked       769ms raced     chain
27x56      banked       767ms raced     chain
27x57      banked       764ms raced     chain
27x58      banked      1010ms raced     chain
27x59      banked      1192ms raced     chain
27x60      banked       785ms raced     chain
27x61      banked      1204ms raced     chain
27x62      banked      1011ms raced     chain
27x63      banked       769ms raced     chain
27x64      banked       776ms raced     chain
28x2       banked      1018ms raced     chain
28x3       banked      1015ms raced     chain
28x4       banked      1011ms raced     chain
28x5       banked      1002ms raced     chain
28x6       banked      1002ms raced     chain
28x7       banked       770ms raced     chain
28x8       banked      1001ms raced     chain
28x9       banked      1005ms raced     chain
28x10      banked       774ms raced     chain
28x11      banked      1002ms raced     chain
28x12      banked       999ms raced     chain
28x13      banked       766ms raced     chain
28x14      banked      1007ms raced     chain
28x15      banked      1000ms raced     chain
28x16      banked      1008ms raced     chain
28x17      banked      1000ms raced     chain
28x18      banked      1014ms raced     chain
28x19      banked       771ms raced     chain
28x20      banked       765ms raced     chain
28x21      banked       763ms raced     chain
28x22      banked       787ms raced     chain
28x23      banked       772ms raced     chain
28x24      banked       771ms raced     chain
28x25      banked       770ms raced     chain
28x26      banked      1000ms raced     chain
28x27      banked       770ms raced     chain
28x28      banked      1004ms raced     chain
28x29      banked       773ms raced     chain
28x30      banked       996ms raced     chain
28x31      banked      1010ms raced     chain
28x32      banked       768ms raced     chain
28x33      banked      1007ms raced     chain
28x34      banked       772ms raced     chain
28x35      banked       767ms raced     chain
28x36      banked      1000ms raced     chain
28x37      banked      1223ms raced     chain
28x38      banked       996ms raced     chain
28x39      banked       768ms raced     chain
28x40      banked      1015ms raced     chain
28x41      banked       982ms raced     chain
28x42      banked       766ms raced     chain
28x43      banked      1417ms raced     chain
28x44      banked      1000ms raced     chain
28x45      banked       772ms raced     chain
28x46      banked       784ms raced     chain
28x47      banked       791ms raced     chain
28x48      banked      1009ms raced     chain
28x49      banked       775ms raced     chain
28x50      banked       767ms raced     chain
28x51      banked       771ms raced     chain
28x52      banked       761ms raced     chain
28x53      banked      1189ms raced     chain
28x54      banked      1001ms raced     chain
28x55      banked       781ms raced     chain
28x56      banked       766ms raced     chain
28x57      banked       782ms raced     chain
28x58      banked       797ms raced     chain
28x59      banked      1213ms raced     chain
28x60      banked       776ms raced     chain
28x61      banked      1187ms raced     chain
28x62      banked      1009ms raced     chain
28x63      banked       778ms raced     chain
28x64      banked       808ms raced     chain
29x2       banked       777ms raced     chain
29x3       banked      1015ms raced     chain
29x4       banked       778ms raced     chain
29x5       banked       997ms raced     chain
29x6       banked      1013ms raced     chain
29x7       banked      1007ms raced     chain
29x8       banked      1021ms raced     chain
29x9       banked      1003ms raced     chain
29x10      banked      1018ms raced     chain
29x11      banked      1034ms raced     chain
29x12      banked      1015ms raced     chain
29x13      banked      1013ms raced     chain
29x14      banked      1012ms raced     chain
29x15      banked       781ms raced     chain
29x16      banked      1022ms raced     chain
29x17      banked      1006ms raced     chain
29x18      banked      1016ms raced     chain
29x19      banked       775ms raced     chain
29x20      banked      1009ms raced     chain
29x21      banked       782ms raced     chain
29x22      banked      1019ms raced     chain
29x23      banked      1007ms raced     chain
29x24      banked       778ms raced     chain
29x25      banked       769ms raced     chain
29x26      banked      1013ms raced     chain
29x27      banked       995ms raced     chain
29x28      banked       763ms raced     chain
29x29      banked       805ms raced     chain
29x30      banked       775ms raced     chain
29x31      banked      1007ms raced     chain
29x32      banked      1044ms raced     chain
29x33      banked       774ms raced     chain
29x34      banked      1022ms raced     chain
29x35      banked       779ms raced     chain
29x36      banked      1011ms raced     chain
29x37      banked       988ms raced     chain
29x38      banked       778ms raced     chain
29x39      banked       780ms raced     chain
29x40      banked       777ms raced     chain
29x41      banked       991ms raced     chain
29x42      banked       791ms raced     chain
29x43      banked      1193ms raced     chain
29x44      banked       785ms raced     chain
29x45      banked       779ms raced     chain
29x46      banked       772ms raced     chain
29x47      banked       800ms raced     chain
29x48      banked       781ms raced     chain
29x49      banked       779ms raced     chain
29x50      banked       769ms raced     chain
29x51      banked       770ms raced     chain
29x52      banked      1000ms raced     chain
29x53      banked      1201ms raced     chain
29x54      banked       765ms raced     chain
29x55      banked      1003ms raced     chain
29x56      banked       771ms raced     chain
29x57      banked       779ms raced     chain
29x58      banked       775ms raced     chain
29x59      banked      1430ms raced     chain
29x60      banked       779ms raced     chain
29x61      banked      1187ms raced     chain
29x62      banked       776ms raced     chain
29x63      banked       778ms raced     chain
29x64      banked       785ms raced     chain
30x2       banked       792ms raced     chain
30x3       banked      1020ms raced     chain
30x4       banked      1017ms raced     chain
30x5       banked      1041ms raced     chain
30x6       banked      1024ms raced     chain
30x7       banked      1025ms raced     chain
30x8       banked      1010ms raced     chain
30x9       banked      1015ms raced     chain
30x10      banked      1012ms raced     chain
30x11      banked      1029ms raced     chain
30x12      banked      1019ms raced     chain
30x13      banked      1013ms raced     chain
30x14      banked      1014ms raced     chain
30x15      banked      1031ms raced     chain
30x16      banked      1019ms raced     chain
30x17      banked      1019ms raced     chain
30x18      banked      1011ms raced     chain
30x19      banked      1022ms raced     chain
30x20      banked      1009ms raced     chain
30x21      banked      1015ms raced     chain
30x22      banked       771ms raced     chain
30x23      banked       782ms raced     chain
30x24      banked      1010ms raced     chain
30x25      banked       782ms raced     chain
30x26      banked       782ms raced     chain
30x27      banked      1023ms raced     chain
30x28      banked      1012ms raced     chain
30x29      banked       775ms raced     chain
30x30      banked       786ms raced     chain
30x31      banked       773ms raced     chain
30x32      banked       773ms raced     chain
30x33      banked       772ms raced     chain
30x34      banked      1023ms raced     chain
30x35      banked       774ms raced     chain
30x36      banked       854ms raced     chain
30x37      banked       990ms raced     chain
30x38      banked       781ms raced     chain
30x39      banked      1027ms raced     chain
30x40      banked      1018ms raced     chain
30x41      banked       987ms raced     chain
30x42      banked      1011ms raced     chain
30x43      banked      1189ms raced     chain
30x44      banked       798ms raced     chain
30x45      banked       780ms raced     chain
30x46      banked       784ms raced     chain
30x47      banked       784ms raced     chain
30x48      banked       789ms raced     chain
30x49      banked       787ms raced     chain
30x50      banked       778ms raced     chain
30x51      banked      1017ms raced     chain
30x52      banked       769ms raced     chain
30x53      banked      1187ms raced     chain
30x54      banked       778ms raced     chain
30x55      banked       774ms raced     chain
30x56      banked       780ms raced     chain
30x57      banked       773ms raced     chain
30x58      banked       789ms raced     chain
30x59      banked      1212ms raced     chain
30x60      banked       777ms raced     chain
30x61      banked      1191ms raced     chain
30x62      banked       805ms raced     chain
30x63      banked       768ms raced     chain
30x64      banked       805ms raced     chain
31x2       banked       788ms raced     chain
31x3       banked      1028ms raced     chain
31x4       banked      1015ms raced     chain
31x5       banked      1004ms raced     chain
31x6       banked      1001ms raced     chain
31x7       banked       781ms raced     chain
31x8       banked      1001ms raced     chain
31x9       banked      1063ms raced     chain
31x10      banked      1024ms raced     chain
31x11      banked      1012ms raced     chain
31x12      banked      1003ms raced     chain
31x13      banked      1012ms raced     chain
31x14      banked       782ms raced     chain
31x15      banked      1015ms raced     chain
31x16      banked      1014ms raced     chain
31x17      banked      1019ms raced     chain
31x18      banked      1014ms raced     chain
31x19      banked      1033ms raced     chain
31x20      banked      1013ms raced     chain
31x21      banked       786ms raced     chain
31x22      banked      1015ms raced     chain
31x23      banked       787ms raced     chain
31x24      banked      1001ms raced     chain
31x25      banked      1020ms raced     chain
31x26      banked       769ms raced     chain
31x27      banked       777ms raced     chain
31x28      banked       781ms raced     chain
31x29      banked       776ms raced     chain
31x30      banked       774ms raced     chain
31x31      banked      1022ms raced     chain
31x32      banked       801ms raced     chain
31x33      banked       780ms raced     chain
31x34      banked       780ms raced     chain
31x35      banked       768ms raced     chain
31x36      banked      1016ms raced     chain
31x37      banked      1002ms raced     chain
31x38      banked      1017ms raced     chain
31x39      banked       999ms raced     chain
31x40      banked       767ms raced     chain
31x41      banked       998ms raced     chain
31x42      banked       771ms raced     chain
31x43      banked      1205ms raced     chain
31x44      banked       777ms raced     chain
31x45      banked      1037ms raced     chain
31x46      banked       786ms raced     chain
31x47      banked       794ms raced     chain
31x48      banked       797ms raced     chain
31x49      banked       771ms raced     chain
31x50      banked       798ms raced     chain
31x51      banked       780ms raced     chain
31x52      banked       777ms raced     chain
31x53      banked      1202ms raced     chain
31x54      banked       783ms raced     chain
31x55      banked       785ms raced     chain
31x56      banked       778ms raced     chain
31x57      banked       786ms raced     chain
31x58      banked       790ms raced     chain
31x59      banked      1201ms raced     chain
31x60      banked       780ms raced     chain
31x61      banked      1201ms raced     chain
31x62      banked       792ms raced     chain
31x63      banked      1008ms raced     chain
31x64      banked       794ms raced     chain
32x2       banked       591ms raced     chain
32x3       banked       595ms raced     chain
32x4       banked       580ms raced     chain
32x5       banked       600ms raced     chain
32x6       banked       580ms raced     chain
32x7       banked       574ms raced     chain
32x8       banked       580ms raced     chain
32x9       banked       583ms raced     chain
32x10      banked       583ms raced     chain
32x11      banked       584ms raced     chain
32x12      banked       578ms raced     chain
32x13      banked       568ms raced     chain
32x14      banked       594ms raced     chain
32x15      banked       575ms raced     chain
32x16      banked       579ms raced     chain
32x17      banked       587ms raced     chain
32x18      banked       575ms raced     chain
32x19      banked       572ms raced     chain
32x20      banked       584ms raced     chain
32x21      banked       571ms raced     chain
32x22      banked       582ms raced     chain
32x23      banked       583ms raced     chain
32x24      banked       575ms raced     chain
32x25      banked       567ms raced     chain
32x26      banked       582ms raced     chain
32x27      banked       584ms raced     chain
32x28      banked       578ms raced     chain
32x29      banked       596ms raced     chain
32x30      banked       581ms raced     chain
32x31      banked       583ms raced     chain
32x32      banked       587ms raced     chain
32x33      banked       578ms raced     chain
32x34      banked       577ms raced     chain
32x35      banked       577ms raced     chain
32x36      banked       572ms raced     chain
32x37      banked       792ms raced     chain
32x38      banked       581ms raced     chain
32x39      banked       572ms raced     chain
32x40      banked       584ms raced     chain
32x41      banked       808ms raced     chain
32x42      banked       584ms raced     chain
32x43      banked       995ms raced     chain
32x44      banked       576ms raced     chain
32x45      banked       584ms raced     chain
32x46      banked       592ms raced     chain
32x47      banked       600ms raced     chain
32x48      banked       576ms raced     chain
32x49      banked       578ms raced     chain
32x50      banked       581ms raced     chain
32x51      banked       588ms raced     chain
32x52      banked       578ms raced     chain
32x53      banked      1003ms raced     chain
32x54      banked       574ms raced     chain
32x55      banked       582ms raced     chain
32x56      banked       582ms raced     chain
32x57      banked       587ms raced     chain
32x58      banked       603ms raced     chain
32x59      banked      1014ms raced     chain
32x60      banked       579ms raced     chain
32x61      banked      1022ms raced     chain
32x62      banked       589ms raced     chain
32x63      banked       584ms raced     chain
32x64      banked       581ms raced     chain
33x2       banked       791ms raced     chain
33x3       ERROR        859ms refused   chain
33x4       banked       781ms raced     chain
33x5       banked       802ms raced     chain
33x6       banked       775ms raced     chain
33x7       banked       787ms raced     chain
33x8       banked       777ms raced     chain
33x9       banked      1018ms raced     chain
33x10      banked      1018ms raced     chain
33x11      banked       784ms raced     chain
33x12      banked       771ms raced     chain
33x13      banked       799ms raced     chain
33x14      banked      1018ms raced     chain
33x15      ERROR        795ms refused   chain
33x16      banked       793ms raced     chain
33x17      banked      1025ms raced     chain
33x18      banked       781ms raced     chain
33x19      ERROR       1037ms refused   chain
33x20      banked       791ms raced     chain
33x21      banked       785ms raced     chain
33x22      banked      1023ms raced     chain
33x23      ERROR        830ms refused   chain
33x24      banked       780ms raced     chain
33x25      banked       784ms raced     chain
33x26      banked      1017ms raced     chain
33x27      ERROR        800ms refused   chain
33x28      banked      1018ms raced     chain
33x29      banked       777ms raced     chain
33x30      banked       792ms raced     chain
33x31      banked      1037ms raced     chain
33x32      banked      1019ms raced     chain
33x33      banked       772ms raced     chain
33x34      banked      1022ms raced     chain
33x35      banked       780ms raced     chain
33x36      banked      1029ms raced     chain
33x37      banked       994ms raced     chain
33x38      banked       775ms raced     chain
33x39      banked       789ms raced     chain
33x40      banked       785ms raced     chain
33x41      banked       997ms raced     chain
33x42      banked      1006ms raced     chain
33x43      banked      1204ms raced     chain
33x44      banked      1017ms raced     chain
33x45      banked       799ms raced     chain
33x46      banked       789ms raced     chain
33x47      banked       791ms raced     chain
33x48      banked      1013ms raced     chain
33x49      banked       797ms raced     chain
33x50      banked       780ms raced     chain
33x51      banked       776ms raced     chain
33x52      banked      1007ms raced     chain
33x53      banked      1205ms raced     chain
33x54      banked      1028ms raced     chain
33x55      banked       774ms raced     chain
33x56      banked       786ms raced     chain
33x57      banked      1021ms raced     chain
33x58      banked       789ms raced     chain
33x59      banked      1199ms raced     chain
33x60      banked       780ms raced     chain
33x61      banked      1201ms raced     chain
33x62      banked       804ms raced     chain
33x63      banked       776ms raced     chain
33x64      banked      1041ms raced     chain
34x2       banked       796ms raced     chain
34x3       banked       792ms raced     chain
34x4       banked       779ms raced     chain
34x5       banked       782ms raced     chain
34x6       banked      1011ms raced     chain
34x7       banked      1018ms raced     chain
34x8       banked      1017ms raced     chain
34x9       banked      1035ms raced     chain
34x10      banked       847ms raced     chain
34x11      banked       833ms raced     chain
34x12      banked      1114ms raced     chain
34x13      banked       833ms raced     chain
34x14      banked       833ms raced     chain
34x15      banked       858ms raced     chain
34x16      banked       853ms raced     chain
34x17      banked       824ms raced     chain
34x18      banked       836ms raced     chain
34x19      banked       835ms raced     chain
34x20      banked       826ms raced     chain
34x21      banked      1089ms raced     chain
34x22      banked       804ms raced     chain
34x23      banked       842ms raced     chain
34x24      banked       855ms raced     chain
34x25      banked       824ms raced     chain
34x26      banked       854ms raced     chain
34x27      banked       832ms raced     chain
34x28      banked       799ms raced     chain
34x29      banked       859ms raced     chain
34x30      banked       900ms raced     chain
34x31      banked       880ms raced     chain
34x32      banked       873ms raced     chain
34x33      banked       916ms raced     chain
34x34      banked       905ms raced     chain
34x35      banked      1110ms raced     chain
34x36      banked       892ms raced     chain
34x37      banked      1140ms raced     chain
34x38      banked       926ms raced     chain
34x39      banked       903ms raced     chain
34x40      banked      1088ms raced     chain
34x41      banked      1151ms raced     chain
34x42      banked       895ms raced     chain
34x43      banked      1365ms raced     chain
34x44      banked       914ms raced     chain
34x45      banked       847ms raced     chain
34x46      banked       876ms raced     chain
34x47      banked       983ms raced     chain
34x48      banked       789ms raced     chain
34x49      banked       783ms raced     chain
34x50      banked       790ms raced     chain
34x51      banked      1024ms raced     chain
34x52      banked       796ms raced     chain
34x53      banked      1210ms raced     chain
34x54      banked       789ms raced     chain
34x55      banked       783ms raced     chain
34x56      banked       790ms raced     chain
34x57      banked       798ms raced     chain
34x58      banked       782ms raced     chain
34x59      banked      1196ms raced     chain
34x60      banked       799ms raced     chain
34x61      banked      1200ms raced     chain
34x62      banked       792ms raced     chain
34x63      banked       804ms raced     chain
34x64      banked       805ms raced     chain
35x2       banked       793ms raced     chain
35x3       banked       784ms raced     chain
35x4       banked      1014ms raced     chain
35x5       banked       784ms raced     chain
35x6       banked       780ms raced     chain
35x7       banked       786ms raced     chain
35x8       banked       781ms raced     chain
35x9       banked       782ms raced     chain
35x10      banked       787ms raced     chain
35x11      banked       787ms raced     chain
35x12      banked       780ms raced     chain
35x13      banked       785ms raced     chain
35x14      banked       785ms raced     chain
35x15      banked      1017ms raced     chain
35x16      banked       789ms raced     chain
35x17      banked      1013ms raced     chain
35x18      banked      1013ms raced     chain
35x19      banked      1023ms raced     chain
35x20      banked       789ms raced     chain
35x21      banked       782ms raced     chain
35x22      banked       786ms raced     chain
35x23      banked       783ms raced     chain
35x24      banked       779ms raced     chain
35x25      banked       786ms raced     chain
35x26      banked       798ms raced     chain
35x27      banked      1014ms raced     chain
35x28      banked       787ms raced     chain
35x29      banked      1019ms raced     chain
35x30      banked       796ms raced     chain
35x31      banked       801ms raced     chain
35x32      banked       789ms raced     chain
35x33      banked       776ms raced     chain
35x34      banked       787ms raced     chain
35x35      banked       783ms raced     chain
35x36      banked      1015ms raced     chain
35x37      banked      1003ms raced     chain
35x38      banked      1026ms raced     chain
35x39      banked       778ms raced     chain
35x40      banked       784ms raced     chain
35x41      banked      1006ms raced     chain
35x42      banked       795ms raced     chain
35x43      banked      1232ms raced     chain
35x44      banked       774ms raced     chain
35x45      banked       813ms raced     chain
35x46      banked       785ms raced     chain
35x47      banked      1038ms raced     chain
35x48      banked       797ms raced     chain
35x49      banked       789ms raced     chain
35x50      banked       783ms raced     chain
35x51      banked       793ms raced     chain
35x52      banked       787ms raced     chain
35x53      banked      1199ms raced     chain
35x54      banked       787ms raced     chain
35x55      banked       795ms raced     chain
35x56      banked       785ms raced     chain
35x57      banked       796ms raced     chain
35x58      banked       789ms raced     chain
35x59      banked      1222ms raced     chain
35x60      banked       786ms raced     chain
35x61      banked      1202ms raced     chain
35x62      banked       785ms raced     chain
35x63      banked       781ms raced     chain
35x64      banked       806ms raced     chain
36x2       banked       805ms raced     chain
36x3       ERROR        845ms refused   chain
36x4       banked       816ms raced     chain
36x5       banked       805ms raced     chain
36x6       banked       801ms raced     chain
36x7       ERROR        818ms refused   chain
36x8       banked       811ms raced     chain
36x9       banked       803ms raced     chain
36x10      banked       803ms raced     chain
36x11      banked       807ms raced     chain
36x12      banked       800ms raced     chain
36x13      banked       794ms raced     chain
36x14      banked       810ms raced     chain
36x15      ERROR        822ms refused   chain
36x16      banked      1021ms raced     chain
36x17      banked       808ms raced     chain
36x18      banked       801ms raced     chain
36x19      banked       799ms raced     chain
36x20      banked       815ms raced     chain
36x21      banked       792ms raced     chain
36x22      banked      1026ms raced     chain
36x23      banked       796ms raced     chain
36x24      banked       796ms raced     chain
36x25      banked       786ms raced     chain
36x26      banked       788ms raced     chain
36x27      ERROR        810ms refused   chain
36x28      banked       783ms raced     chain
36x29      ERROR       1055ms refused   chain
36x30      banked       785ms raced     chain
36x31      ERROR        831ms refused   chain
36x32      banked       788ms raced     chain
36x33      banked       802ms raced     chain
36x34      banked       809ms raced     chain
36x35      banked      1032ms raced     chain
36x36      banked       801ms raced     chain
36x37      banked       989ms raced     chain
36x38      banked      1031ms raced     chain
36x39      banked       789ms raced     chain
36x40      banked      1025ms raced     chain
36x41      banked      1002ms raced     chain
36x42      banked       799ms raced     chain
36x43      banked      1430ms raced     chain
36x44      banked       801ms raced     chain
36x45      banked       785ms raced     chain
36x46      banked      1035ms raced     chain
36x47      banked       808ms raced     chain
36x48      banked       807ms raced     chain
36x49      banked       784ms raced     chain
36x50      banked      1019ms raced     chain
36x51      banked      1025ms raced     chain
36x52      banked       809ms raced     chain
36x53      banked      1431ms raced     chain
36x54      banked       786ms raced     chain
36x55      banked      1036ms raced     chain
36x56      banked       803ms raced     chain
36x57      banked       791ms raced     chain
36x58      banked       786ms raced     chain
36x59      banked      1209ms raced     chain
36x60      banked       811ms raced     chain
36x61      banked      1208ms raced     chain
36x62      banked       804ms raced     chain
36x63      banked       796ms raced     chain
36x64      banked       830ms raced     chain
37x2       banked       789ms raced     chain
37x3       banked       803ms raced     chain
37x4       banked       801ms raced     chain
37x5       banked       801ms raced     chain
37x6       banked      1022ms raced     chain
37x7       banked       795ms raced     chain
37x8       banked       794ms raced     chain
37x9       banked       787ms raced     chain
37x10      banked       786ms raced     chain
37x11      banked       802ms raced     chain
37x12      banked       789ms raced     chain
37x13      banked      1019ms raced     chain
37x14      banked       793ms raced     chain
37x15      banked      1016ms raced     chain
37x16      banked       799ms raced     chain
37x17      banked       791ms raced     chain
37x18      banked       781ms raced     chain
37x19      banked       784ms raced     chain
37x20      banked       793ms raced     chain
37x21      banked       787ms raced     chain
37x22      banked       797ms raced     chain
37x23      banked       789ms raced     chain
37x24      banked      1016ms raced     chain
37x25      banked       780ms raced     chain
37x26      banked      1035ms raced     chain
37x27      banked      1022ms raced     chain
37x28      banked      1011ms raced     chain
37x29      banked       794ms raced     chain
37x30      banked       805ms raced     chain
37x31      banked      1041ms raced     chain
37x32      banked      1023ms raced     chain
37x33      banked       794ms raced     chain
37x34      banked       787ms raced     chain
37x35      banked       785ms raced     chain
37x36      banked      1015ms raced     chain
37x37      banked      1001ms raced     chain
37x38      banked      1026ms raced     chain
37x39      banked       804ms raced     chain
37x40      banked      1009ms raced     chain
37x41      banked      1004ms raced     chain
37x42      banked      1026ms raced     chain
37x43      banked      1427ms raced     chain
37x44      banked       789ms raced     chain
37x45      banked       788ms raced     chain
37x46      banked      1016ms raced     chain
37x47      banked      1042ms raced     chain
37x48      banked       789ms raced     chain
37x49      banked       792ms raced     chain
37x50      banked       783ms raced     chain
37x51      banked      1018ms raced     chain
37x52      banked       780ms raced     chain
37x53      banked      1207ms raced     chain
37x54      banked       793ms raced     chain
37x55      banked       786ms raced     chain
37x56      banked       782ms raced     chain
37x57      banked       786ms raced     chain
37x58      banked       787ms raced     chain
37x59      banked      1208ms raced     chain
37x60      banked       780ms raced     chain
37x61      banked      1432ms raced     chain
37x62      banked       807ms raced     chain
37x63      banked       790ms raced     chain
37x64      banked       818ms raced     chain
38x2       banked       808ms raced     chain
38x3       banked       797ms raced     chain
38x4       banked      1043ms raced     chain
38x5       banked       802ms raced     chain
38x6       banked       809ms raced     chain
38x7       banked       785ms raced     chain
38x8       banked       795ms raced     chain
38x9       banked      1030ms raced     chain
38x10      banked       796ms raced     chain
38x11      banked       792ms raced     chain
38x12      banked       794ms raced     chain
38x13      banked       783ms raced     chain
38x14      banked       786ms raced     chain
38x15      banked       786ms raced     chain
38x16      banked       786ms raced     chain
38x17      banked       797ms raced     chain
38x18      banked       791ms raced     chain
38x19      banked       792ms raced     chain
38x20      banked       778ms raced     chain
38x21      banked       782ms raced     chain
38x22      banked      1018ms raced     chain
38x23      banked       784ms raced     chain
38x24      banked       784ms raced     chain
38x25      banked       782ms raced     chain
38x26      banked       786ms raced     chain
38x27      banked       791ms raced     chain
38x28      banked       785ms raced     chain
38x29      banked       790ms raced     chain
38x30      banked       807ms raced     chain
38x31      banked       794ms raced     chain
38x32      banked       804ms raced     chain
38x33      banked       790ms raced     chain
38x34      banked       787ms raced     chain
38x35      banked       791ms raced     chain
38x36      banked       795ms raced     chain
38x37      banked      1227ms raced     chain
38x38      banked       791ms raced     chain
38x39      banked       797ms raced     chain
38x40      banked       798ms raced     chain
38x41      banked      1003ms raced     chain
38x42      banked       788ms raced     chain
38x43      banked      1440ms raced     chain
38x44      banked      1028ms raced     chain
38x45      banked       799ms raced     chain
38x46      banked      1025ms raced     chain
38x47      banked       807ms raced     chain
38x48      banked       793ms raced     chain
38x49      banked       792ms raced     chain
38x50      banked       824ms raced     chain
38x51      banked       783ms raced     chain
38x52      banked       785ms raced     chain
38x53      banked      1199ms raced     chain
38x54      banked       793ms raced     chain
38x55      banked       809ms raced     chain
38x56      banked       789ms raced     chain
38x57      banked       787ms raced     chain
38x58      banked      1034ms raced     chain
38x59      banked      1455ms raced     chain
38x60      banked       787ms raced     chain
38x61      banked      1202ms raced     chain
38x62      banked       799ms raced     chain
38x63      banked      1029ms raced     chain
38x64      banked       817ms raced     chain
39x2       banked       798ms raced     chain
39x3       ERROR        863ms refused   chain
39x4       banked       804ms raced     chain
39x5       banked       796ms raced     chain
39x6       banked       794ms raced     chain
39x7       banked      1047ms raced     chain
39x8       banked      1063ms raced     chain
39x9       banked      1040ms raced     chain
39x10      banked       787ms raced     chain
39x11      banked       786ms raced     chain
39x12      banked       821ms raced     chain
39x13      banked      1057ms raced     chain
39x14      banked       826ms raced     chain
39x15      ERROR        878ms refused   chain
39x16      banked       819ms raced     chain
39x17      ERROR       1057ms refused   chain
39x18      banked      1057ms raced     chain
39x19      ERROR        795ms refused   chain
39x20      banked      1058ms raced     chain
39x21      banked       794ms raced     chain
39x22      banked       806ms raced     chain
39x23      banked      1038ms raced     chain
39x24      banked       794ms raced     chain
39x25      ERROR        840ms refused   chain
39x26      banked       806ms raced     chain
39x27      banked      1029ms raced     chain
39x28      banked       805ms raced     chain
39x29      ERROR        820ms refused   chain
39x30      banked      1028ms raced     chain
39x31      banked      1024ms raced     chain
39x32      banked      1038ms raced     chain
39x33      banked       804ms raced     chain
39x34      banked       786ms raced     chain
39x35      banked       796ms raced     chain
39x36      banked      1043ms raced     chain
39x37      banked       996ms raced     chain
39x38      banked       797ms raced     chain
39x39      banked       792ms raced     chain
39x40      banked       799ms raced     chain
39x41      banked      1011ms raced     chain
39x42      banked       791ms raced     chain
39x43      banked      1208ms raced     chain
39x44      banked      1052ms raced     chain
39x45      banked       810ms raced     chain
39x46      banked       799ms raced     chain
39x47      banked       819ms raced     chain
39x48      banked       805ms raced     chain
39x49      banked      1039ms raced     chain
39x50      banked       797ms raced     chain
39x51      banked       808ms raced     chain
39x52      banked       829ms raced     chain
39x53      banked      1229ms raced     chain
39x54      banked      1092ms raced     chain
39x55      banked       812ms raced     chain
39x56      banked       818ms raced     chain
39x57      banked       810ms raced     chain
39x58      banked      1025ms raced     chain
39x59      banked      1205ms raced     chain
39x60      banked       788ms raced     chain
39x61      banked      1238ms raced     chain
39x62      banked       809ms raced     chain
39x63      banked       796ms raced     chain
39x64      banked       830ms raced     chain
40x2       banked       406ms raced     chain
40x3       banked       387ms raced     chain
40x4       banked       800ms raced     chain
40x5       banked       813ms raced     chain
40x6       banked       814ms raced     chain
40x7       banked       793ms raced     chain
40x8       banked       368ms raced     chain
40x9       banked       789ms raced     chain
40x10      banked       794ms raced     chain
40x11      banked       813ms raced     chain
40x12      banked      1033ms raced     chain
40x13      banked       380ms raced     chain
40x14      banked       821ms raced     chain
40x15      banked       822ms raced     chain
40x16      banked       364ms raced     chain
40x17      banked       801ms raced     chain
40x18      banked      1053ms raced     chain
40x19      banked       801ms raced     chain
40x20      banked       809ms raced     chain
40x21      banked       806ms raced     chain
40x22      banked      1064ms raced     chain
40x23      banked       797ms raced     chain
40x24      banked       800ms raced     chain
40x25      banked      1071ms raced     chain
40x26      banked       793ms raced     chain
40x27      banked       807ms raced     chain
40x28      banked      1035ms raced     chain
40x29      banked       833ms raced     chain
40x30      banked       804ms raced     chain
40x31      banked       397ms raced     chain
40x32      banked      1049ms raced     chain
40x33      banked      1072ms raced     chain
40x34      banked       822ms raced     chain
40x35      banked       823ms raced     chain
40x36      banked       810ms raced     chain
40x37      banked      1031ms raced     chain
40x38      banked       823ms raced     chain
40x39      banked      1071ms raced     chain
40x40      banked       369ms raced     chain
40x41      banked      1048ms raced     chain
40x42      banked       816ms raced     chain
40x43      banked      1228ms raced     chain
40x44      banked       807ms raced     chain
40x45      banked       812ms raced     chain
40x46      banked       802ms raced     chain
40x47      banked      1075ms raced     chain
40x48      banked      1047ms raced     chain
40x49      banked       821ms raced     chain
40x50      banked      1025ms raced     chain
40x51      banked       826ms raced     chain
40x52      banked       796ms raced     chain
40x53      banked      1232ms raced     chain
40x54      banked       798ms raced     chain
40x55      banked       797ms raced     chain
40x56      banked       808ms raced     chain
40x57      banked       801ms raced     chain
40x58      banked       808ms raced     chain
40x59      banked      1260ms raced     chain
40x60      banked       795ms raced     chain
40x61      banked      1231ms raced     chain
40x62      banked       813ms raced     chain
40x63      banked      1054ms raced     chain
40x64      banked       823ms raced     chain
41x2       banked       819ms raced     chain
41x3       banked      1050ms raced     chain
41x4       banked       808ms raced     chain
41x5       banked       821ms raced     chain
41x6       banked       826ms raced     chain
41x7       banked       799ms raced     chain
41x8       banked       813ms raced     chain
41x9       banked      1048ms raced     chain
41x10      banked      1034ms raced     chain
41x11      banked       820ms raced     chain
41x12      banked       826ms raced     chain
41x13      banked       858ms raced     chain
41x14      banked       797ms raced     chain
41x15      banked       819ms raced     chain
41x16      banked       811ms raced     chain
41x17      banked       815ms raced     chain
41x18      banked       800ms raced     chain
41x19      banked       835ms raced     chain
41x20      banked      1036ms raced     chain
41x21      banked       821ms raced     chain
41x22      banked      1044ms raced     chain
41x23      banked       816ms raced     chain
41x24      banked       825ms raced     chain
41x25      banked       800ms raced     chain
41x26      banked       803ms raced     chain
41x27      banked       825ms raced     chain
41x28      banked       823ms raced     chain
41x29      banked       805ms raced     chain
41x30      banked       795ms raced     chain
41x31      banked       807ms raced     chain
41x32      banked      1061ms raced     chain
41x33      banked       795ms raced     chain
41x34      banked      1048ms raced     chain
41x35      banked       828ms raced     chain
41x36      banked       800ms raced     chain
41x37      banked      1018ms raced     chain
41x38      banked       823ms raced     chain
41x39      banked       810ms raced     chain
41x40      banked       797ms raced     chain
41x41      banked      1005ms raced     chain
41x42      banked       808ms raced     chain
41x43      banked      1223ms raced     chain
41x44      banked       810ms raced     chain
41x45      banked       813ms raced     chain
41x46      banked       822ms raced     chain
41x47      banked      1070ms raced     chain
41x48      banked       815ms raced     chain
41x49      banked       867ms raced     chain
41x50      banked      1054ms raced     chain
41x51      banked      1078ms raced     chain
41x52      banked      1049ms raced     chain
41x53      banked      1246ms raced     chain
41x54      banked       808ms raced     chain
41x55      banked      1064ms raced     chain
41x56      banked       813ms raced     chain
41x57      banked       847ms raced     chain
41x58      banked       832ms raced     chain
41x59      banked      1458ms raced     chain
41x60      banked       803ms raced     chain
41x61      banked      1479ms raced     chain
41x62      banked       841ms raced     chain
41x63      banked      1039ms raced     chain
41x64      banked       853ms raced     chain
42x2       banked       831ms raced     chain
42x3       banked       856ms raced     chain
42x4       banked       826ms raced     chain
42x5       banked       843ms raced     chain
42x6       banked      1059ms raced     chain
42x7       banked       800ms raced     chain
42x8       banked       826ms raced     chain
42x9       banked       824ms raced     chain
42x10      banked       830ms raced     chain
42x11      banked       823ms raced     chain
42x12      banked      1041ms raced     chain
42x13      banked       813ms raced     chain
42x14      banked      1055ms raced     chain
42x15      banked       798ms raced     chain
42x16      banked       845ms raced     chain
42x17      banked       830ms raced     chain
42x18      banked       828ms raced     chain
42x19      banked      1035ms raced     chain
42x20      banked       826ms raced     chain
42x21      banked       809ms raced     chain
42x22      banked      1029ms raced     chain
42x23      banked       801ms raced     chain
42x24      banked       795ms raced     chain
42x25      banked       798ms raced     chain
42x26      banked       830ms raced     chain
42x27      banked       814ms raced     chain
42x28      banked       797ms raced     chain
42x29      banked      1058ms raced     chain
42x30      banked       825ms raced     chain
42x31      banked       820ms raced     chain
42x32      banked      1348ms raced     chain
42x33      banked       815ms raced     chain
42x34      banked       822ms raced     chain
42x35      banked       811ms raced     chain
42x36      banked      1052ms raced     chain
42x37      banked      1266ms raced     chain
42x38      banked      1059ms raced     chain
42x39      banked       815ms raced     chain
42x40      banked      1032ms raced     chain
42x41      banked      1022ms raced     chain
42x42      banked       820ms raced     chain
42x43      banked      1488ms raced     chain
42x44      banked      1057ms raced     chain
42x45      banked       803ms raced     chain
42x46      banked       826ms raced     chain
42x47      banked       809ms raced     chain
42x48      banked       806ms raced     chain
42x49      banked      1055ms raced     chain
42x50      banked       801ms raced     chain
42x51      banked       832ms raced     chain
42x52      banked       805ms raced     chain
42x53      banked      1475ms raced     chain
42x54      banked      1072ms raced     chain
42x55      banked       823ms raced     chain
42x56      banked       807ms raced     chain
42x57      banked       807ms raced     chain
42x58      banked       829ms raced     chain
42x59      banked      1231ms raced     chain
42x60      banked       803ms raced     chain
42x61      banked      1238ms raced     chain
42x62      banked      1066ms raced     chain
42x63      banked       838ms raced     chain
42x64      banked       837ms raced     chain
43x2       banked      1078ms raced     chain
43x3       banked       830ms raced     chain
43x4       banked       850ms raced     chain
43x5       banked       827ms raced     chain
43x6       banked       833ms raced     chain
43x7       banked       822ms raced     chain
43x8       banked       809ms raced     chain
43x9       banked       825ms raced     chain
43x10      banked      1084ms raced     chain
43x11      banked       818ms raced     chain
43x12      banked       838ms raced     chain
43x13      banked       850ms raced     chain
43x14      banked       845ms raced     chain
43x15      banked       819ms raced     chain
43x16      banked       834ms raced     chain
43x17      banked      1070ms raced     chain
43x18      banked       841ms raced     chain
43x19      banked       827ms raced     chain
43x20      banked       818ms raced     chain
43x21      banked       836ms raced     chain
43x22      banked      1091ms raced     chain
43x23      banked       835ms raced     chain
43x24      banked       838ms raced     chain
43x25      banked       825ms raced     chain
43x26      banked       824ms raced     chain
43x27      banked       827ms raced     chain
43x28      banked       829ms raced     chain
43x29      banked       824ms raced     chain
43x30      banked       824ms raced     chain
43x31      banked      1085ms raced     chain
43x32      banked       843ms raced     chain
43x33      banked      1049ms raced     chain
43x34      banked       832ms raced     chain
43x35      banked       810ms raced     chain
43x36      banked       807ms raced     chain
43x37      banked      1276ms raced     chain
43x38      banked       826ms raced     chain
43x39      banked       825ms raced     chain
43x40      banked      1073ms raced     chain
43x41      banked      1029ms raced     chain
43x42      banked       857ms raced     chain
43x43      banked      1228ms raced     chain
43x44      banked      1069ms raced     chain
43x45      banked       810ms raced     chain
43x46      banked      1068ms raced     chain
43x47      banked      1087ms raced     chain
43x48      banked       805ms raced     chain
43x49      banked       808ms raced     chain
43x50      banked       806ms raced     chain
43x51      banked      1051ms raced     chain
43x52      banked       823ms raced     chain
43x53      banked      1231ms raced     chain
43x54      banked      1045ms raced     chain
43x55      banked       821ms raced     chain
43x56      banked       828ms raced     chain
43x57      banked       809ms raced     chain
43x58      banked       827ms raced     chain
43x59      banked      1502ms raced     chain
43x60      banked       814ms raced     chain
43x61      banked      1237ms raced     chain
43x62      banked      1055ms raced     chain
43x63      banked      1045ms raced     chain
43x64      banked       824ms raced     chain
44x2       banked       837ms raced     chain
44x3       ERROR        902ms refused   chain
44x4       banked      1100ms raced     chain
44x5       ERROR        846ms refused   chain
44x6       banked       828ms raced     chain
44x7       banked       820ms raced     chain
44x8       banked       814ms raced     chain
44x9       banked       837ms raced     chain
44x10      banked      1058ms raced     chain
44x11      banked       822ms raced     chain
44x12      banked       835ms raced     chain
44x13      ERROR        866ms refused   chain
44x14      banked       836ms raced     chain
44x15      ERROR        836ms refused   chain
44x16      banked       839ms raced     chain
44x17      ERROR        835ms refused   chain
44x18      banked      1064ms raced     chain
44x19      ERROR        863ms refused   chain
44x20      banked       828ms raced     chain
44x21      banked       843ms raced     chain
44x22      banked       845ms raced     chain
44x23      banked       839ms raced     chain
44x24      banked       857ms raced     chain
44x25      ERROR        879ms refused   chain
44x26      banked      1100ms raced     chain
44x27      ERROR        865ms refused   chain
44x28      banked       844ms raced     chain
44x29      ERROR        839ms refused   chain
44x30      banked      1056ms raced     chain
44x31      banked       807ms raced     chain
44x32      banked      1075ms raced     chain
44x33      banked       821ms raced     chain
44x34      banked      1056ms raced     chain
44x35      banked       827ms raced     chain
44x36      banked       818ms raced     chain
44x37      banked      1035ms raced     chain
44x38      banked       815ms raced     chain
44x39      banked       813ms raced     chain
44x40      banked       816ms raced     chain
44x41      banked      1037ms raced     chain
44x42      banked      1074ms raced     chain
44x43      banked      1475ms raced     chain
44x44      banked       820ms raced     chain
44x45      banked       818ms raced     chain
44x46      banked       819ms raced     chain
44x47      banked       841ms raced     chain
44x48      banked       860ms raced     chain
44x49      banked       824ms raced     chain
44x50      banked       834ms raced     chain
44x51      banked       818ms raced     chain
44x52      banked       813ms raced     chain
44x53      banked      1240ms raced     chain
44x54      banked      1074ms raced     chain
44x55      banked       820ms raced     chain
44x56      banked       817ms raced     chain
44x57      banked       829ms raced     chain
44x58      banked       811ms raced     chain
44x59      banked      1257ms raced     chain
44x60      banked       820ms raced     chain
44x61      banked      1240ms raced     chain
44x62      banked       830ms raced     chain
44x63      banked      1068ms raced     chain
44x64      banked       845ms raced     chain
45x2       banked       833ms raced     chain
45x3       banked       827ms raced     chain
45x4       banked      1086ms raced     chain
45x5       banked       832ms raced     chain
45x6       banked       817ms raced     chain
45x7       banked       845ms raced     chain
45x8       banked       841ms raced     chain
45x9       banked       831ms raced     chain
45x10      banked       850ms raced     chain
45x11      banked       832ms raced     chain
45x12      banked       835ms raced     chain
45x13      ERROR        887ms refused   chain
45x14      banked       838ms raced     chain
45x15      banked       827ms raced     chain
45x16      banked       848ms raced     chain
45x17      banked       836ms raced     chain
45x18      banked       828ms raced     chain
45x19      banked       846ms raced     chain
45x20      banked       852ms raced     chain
45x21      banked       833ms raced     chain
45x22      banked       816ms raced     chain
45x23      banked       835ms raced     chain
45x24      banked       844ms raced     chain
45x25      banked       826ms raced     chain
45x26      banked       833ms raced     chain
45x27      banked       817ms raced     chain
45x28      banked      1074ms raced     chain
45x29      banked       828ms raced     chain
45x30      banked       821ms raced     chain
45x31      banked       833ms raced     chain
45x32      banked       832ms raced     chain
45x33      banked       822ms raced     chain
45x34      banked       832ms raced     chain
45x35      banked       842ms raced     chain
45x36      banked      1070ms raced     chain
45x37      banked      1046ms raced     chain
45x38      banked       836ms raced     chain
45x39      banked      1073ms raced     chain
45x40      banked      1071ms raced     chain
45x41      banked      1053ms raced     chain
45x42      banked      1093ms raced     chain
45x43      banked      1242ms raced     chain
45x44      banked      1062ms raced     chain
45x45      banked       835ms raced     chain
45x46      banked       834ms raced     chain
45x47      banked       849ms raced     chain
45x48      banked       839ms raced     chain
45x49      banked       825ms raced     chain
45x50      banked      1080ms raced     chain
45x51      banked       825ms raced     chain
45x52      banked       820ms raced     chain
45x53      banked      1258ms raced     chain
45x54      banked       842ms raced     chain
45x55      ERROR        843ms refused   chain
45x56      banked       832ms raced     chain
