AVX2 remainder arms, i9-14900KF core 2 (sibling guarded), 21 rounds x min of 5 batches (~80 us)
depths: ring footprint L1 24 KB (L1* = one set exceeds it), L2 1 MB, L3 16 MB, DRAM 256 MB

PART A -- kernels: ns per call at count c per arm; tail = the leftover column in ordinary columns
n1   R=3   c=1   L1    | narrow      2.2 ns tail  1.39 | masked      2.5 ns tail  2.05 | control +0.2% | spread 2.3% | col 0.4 ns
n1   R=3   c=1   L2    | narrow      2.9 ns tail  1.25 | masked      2.8 ns tail  1.22 | control +0.0% | spread 0.5% | col 1.0 ns
n1   R=3   c=1   L3    | narrow      4.4 ns tail  1.12 | masked      4.4 ns tail  1.11 | control +0.0% | spread 1.6% | col 2.5 ns
n1   R=3   c=1   DRAM  | narrow     11.5 ns tail  1.24 | masked     11.5 ns tail  1.24 | control +0.2% | spread 3.1% | col 8.0 ns
n1   R=3   c=5   L1    | narrow      4.3 ns tail  4.00 | masked      4.4 ns tail  4.35 | control +0.0% | spread 0.3% | col 0.3 ns
n1   R=3   c=5   L2    | narrow      7.1 ns tail  1.19 | masked      7.0 ns tail  1.11 | control +0.0% | spread 1.2% | col 1.5 ns
n1   R=3   c=5   L3    | narrow     13.2 ns tail  1.15 | masked     13.3 ns tail  1.17 | control +0.4% | spread 1.2% | col 2.2 ns
n1   R=3   c=5   DRAM  | narrow     34.8 ns tail  1.33 | masked     35.0 ns tail  1.39 | control -0.1% | spread 2.1% | col 4.1 ns
n1   R=3   c=25  L1    | narrow      9.1 ns tail  3.57 | masked      9.5 ns tail  5.13 | control +0.0% | spread 0.2% | col 0.2 ns
n1   R=3   c=25  L2    | narrow     28.2 ns tail  0.36 | masked     28.2 ns tail  0.36 | control +0.0% | spread 0.0% | col 5.3 ns
n1   R=3   c=25  L3    | narrow     46.7 ns tail  1.05 | masked     46.9 ns tail  1.11 | control -7.1% | spread 14.2% | col 2.6 ns
n1   R=3   c=25  DRAM  | narrow    117.2 ns tail  0.46 | masked    117.1 ns tail  0.31 | control -0.4% | spread 1.7% | col 0.9 ns
n1   R=5   c=1   L1    | narrow      3.9 ns tail  1.93 | masked      4.4 ns tail  2.65 | control -0.4% | spread 0.4% | col 0.7 ns
n1   R=5   c=1   L2    | narrow      5.7 ns tail  1.67 | masked      6.1 ns tail  1.87 | control +0.0% | spread 0.0% | col 1.9 ns
n1   R=5   c=1   L3    | narrow      8.2 ns tail  1.68 | masked      8.3 ns tail  1.71 | control +0.0% | spread 1.7% | col 3.4 ns
n1   R=5   c=1   DRAM  | narrow     22.3 ns tail  1.63 | masked     22.0 ns tail  1.60 | control +0.5% | spread 1.9% | col 12.2 ns
n1   R=5   c=5   L1    | narrow      7.1 ns tail  3.61 | masked      7.5 ns tail  4.21 | control +0.0% | spread 0.3% | col 0.6 ns
n1   R=5   c=5   L2    | narrow     12.0 ns tail  1.02 | masked     11.9 ns tail  0.98 | control -0.6% | spread 0.6% | col 3.1 ns
n1   R=5   c=5   L3    | narrow     20.4 ns tail  1.35 | masked     20.2 ns tail  1.27 | control +0.0% | spread 13.6% | col 2.6 ns
n1   R=5   c=5   DRAM  | narrow     55.1 ns tail  1.37 | masked     54.8 ns tail  1.33 | control +0.4% | spread 2.1% | col 5.4 ns
n1   R=5   c=25  L1    | narrow     22.1 ns tail  6.53 | masked     22.7 ns tail  7.67 | control +0.2% | spread 0.4% | col 0.6 ns
n1   R=5   c=25  L2    | narrow     51.9 ns tail  1.51 | masked     52.0 ns tail  1.51 | control +0.0% | spread 0.4% | col 8.8 ns
n1   R=5   c=25  L3    | narrow     83.0 ns tail  1.00 | masked     82.4 ns tail  0.75 | control +0.3% | spread 0.7% | col 2.2 ns
n1   R=5   c=25  DRAM  | narrow    202.4 ns tail -0.73 | masked    208.3 ns tail  3.82 | control +1.5% | spread 3.3% | col 1.3 ns
n1   R=7   c=1   L1    | narrow      5.1 ns tail  2.05 | masked      5.9 ns tail  2.64 | control +0.2% | spread 0.4% | col 1.3 ns
n1   R=7   c=1   L2    | narrow      6.1 ns tail  1.73 | masked      6.8 ns tail  2.07 | control +0.0% | spread 0.6% | col 2.1 ns
n1   R=7   c=1   L3    | narrow      9.1 ns tail  1.47 | masked      9.6 ns tail  1.58 | control +0.0% | spread 1.6% | col 4.5 ns
n1   R=7   c=1   DRAM  | narrow     22.4 ns tail  1.27 | masked     22.7 ns tail  1.29 | control +1.3% | spread 3.0% | col 15.7 ns
n1   R=7   c=5   L1    | narrow     10.6 ns tail  2.80 | masked     11.5 ns tail  3.61 | control +0.0% | spread 0.4% | col 1.1 ns
n1   R=7   c=5   L2    | narrow     15.7 ns tail  1.31 | masked     15.8 ns tail  1.33 | control +0.0% | spread 0.6% | col 4.3 ns
n1   R=7   c=5   L3    | narrow     25.1 ns tail  1.14 | masked     25.2 ns tail  1.16 | control -0.3% | spread 8.4% | col 3.2 ns
n1   R=7   c=5   DRAM  | narrow     76.6 ns tail  1.11 | masked     76.5 ns tail  1.10 | control -0.5% | spread 4.6% | col 8.0 ns
n1   R=7   c=25  L1    | narrow     34.7 ns tail  3.00 | masked     35.7 ns tail  3.89 | control +0.0% | spread 0.2% | col 1.2 ns
n1   R=7   c=25  L2    | narrow     64.7 ns tail  1.00 | masked     65.4 ns tail  1.06 | control +0.0% | spread 0.5% | col 12.0 ns
n1   R=7   c=25  L3    | narrow    111.0 ns tail  1.28 | masked    111.0 ns tail  1.28 | control +0.0% | spread 1.3% | col 6.4 ns
n1   R=7   c=25  DRAM  | narrow    276.4 ns tail  0.00 | masked    276.1 ns tail  0.00 | control -0.5% | spread 2.2% | col -0.5 ns
n1   R=9   c=1   L1    | narrow      6.8 ns tail  2.23 | masked      7.9 ns tail  2.77 | blk_nar      7.6 ns tail  2.61 | blk_msk      8.6 ns tail  3.17 | blk_ovr      7.8 ns tail  2.75 | control +0.0% | spread 0.3% | col 1.9 ns
n1   R=9   c=1   L2    | narrow      8.4 ns tail  1.80 | masked      8.8 ns tail  1.90 | blk_nar      9.6 ns tail  2.15 | blk_msk     10.5 ns tail  2.45 | blk_ovr     10.4 ns tail  2.39 | control +0.0% | spread 0.5% | col 3.2 ns
n1   R=9   c=1   L3    | narrow     13.2 ns tail  1.70 | masked     12.9 ns tail  1.65 | blk_nar     13.8 ns tail  1.79 | blk_msk     13.9 ns tail  1.82 | blk_ovr     14.4 ns tail  1.90 | control -1.2% | spread 1.2% | col 6.2 ns
n1   R=9   c=1   DRAM  | narrow     30.9 ns tail  1.53 | masked     31.7 ns tail  1.57 | blk_nar     31.8 ns tail  1.58 | blk_msk     32.2 ns tail  1.60 | blk_ovr     32.0 ns tail  1.59 | control +1.1% | spread 3.9% | col 18.5 ns
n1   R=9   c=5   L1    | narrow     15.7 ns tail  2.78 | masked     16.8 ns tail  3.29 | blk_nar     17.4 ns tail  3.58 | blk_msk     17.6 ns tail  3.67 | blk_ovr     16.6 ns tail  3.19 | control -0.2% | spread 0.6% | col 2.1 ns
n1   R=9   c=5   L2    | narrow     19.9 ns tail  1.44 | masked     21.1 ns tail  1.69 | blk_nar     23.8 ns tail  2.26 | blk_msk     22.0 ns tail  1.89 | blk_ovr     22.6 ns tail  2.00 | control -0.3% | spread 2.4% | col 4.7 ns
n1   R=9   c=5   L3    | narrow     29.6 ns tail  0.59 | masked     32.0 ns tail  1.28 | blk_nar     33.8 ns tail  1.80 | blk_msk     32.5 ns tail  1.44 | blk_ovr     32.7 ns tail  1.48 | control +6.9% | spread 14.2% | col 3.5 ns
n1   R=9   c=5   DRAM  | narrow    103.8 ns tail  0.04 | masked    102.7 ns tail -0.25 | blk_nar    107.7 ns tail  1.04 | blk_msk    103.1 ns tail -0.14 | blk_ovr    105.9 ns tail  0.57 | control +1.2% | spread 6.9% | col 3.9 ns
n1   R=9   c=25  L1    | narrow     55.8 ns tail  4.65 | masked     57.2 ns tail  5.61 | blk_nar     58.2 ns tail  6.26 | blk_msk     57.4 ns tail  5.74 | blk_ovr     56.8 ns tail  5.35 | control +0.0% | spread 0.2% | col 1.5 ns
n1   R=9   c=25  L2    | narrow    103.3 ns tail  4.44 | masked    105.1 ns tail  4.69 | blk_nar    120.0 ns tail  6.77 | blk_msk    106.1 ns tail  4.82 | blk_ovr    106.4 ns tail  4.87 | control +0.0% | spread 0.4% | col 7.2 ns
n1   R=9   c=25  L3    | narrow    136.2 ns tail  2.61 | masked    137.7 ns tail  2.79 | blk_nar    146.4 ns tail  3.88 | blk_msk    141.1 ns tail  3.21 | blk_ovr    138.2 ns tail  2.85 | control +0.0% | spread 13.8% | col 8.0 ns
n1   R=9   c=25  DRAM  | narrow    369.4 ns tail  0.00 | masked    369.9 ns tail  0.00 | blk_nar    368.9 ns tail  0.00 | blk_msk    371.0 ns tail  0.00 | blk_ovr    371.0 ns tail  0.00 | control -0.4% | spread 2.2% | col -2.8 ns
n1   R=11  c=1   L1    | narrow      9.3 ns tail  2.32 | masked     10.0 ns tail  2.53 | blk_nar      9.4 ns tail  2.33 | blk_msk     10.5 ns tail  2.71 | blk_ovr      9.3 ns tail  2.31 | control +0.0% | spread 0.9% | col 3.0 ns
n1   R=11  c=1   L2    | narrow      9.6 ns tail  1.49 | masked     10.2 ns tail  1.60 | blk_nar     10.6 ns tail  1.69 | blk_msk     11.0 ns tail  1.78 | blk_ovr     10.6 ns tail  1.70 | control +0.0% | spread 2.0% | col 4.8 ns
n1   R=11  c=1   L3    | narrow     12.6 ns tail  1.32 | masked     13.4 ns tail  1.43 | blk_nar     14.2 ns tail  1.53 | blk_msk     14.2 ns tail  1.53 | blk_ovr     14.1 ns tail  1.52 | control +0.4% | spread 2.2% | col 7.7 ns
n1   R=11  c=1   DRAM  | narrow     33.8 ns tail  1.40 | masked     32.4 ns tail  1.34 | blk_nar     31.8 ns tail  1.31 | blk_msk     32.5 ns tail  1.34 | blk_ovr     32.5 ns tail  1.34 | control +0.1% | spread 2.9% | col 22.4 ns
n1   R=11  c=5   L1    | narrow     22.6 ns tail  2.24 | masked     24.4 ns tail  2.78 | blk_nar     23.5 ns tail  2.50 | blk_msk     24.4 ns tail  2.77 | blk_ovr     23.0 ns tail  2.38 | control +0.0% | spread 0.4% | col 3.5 ns
n1   R=11  c=5   L2    | narrow     24.8 ns tail  1.20 | masked     25.6 ns tail  1.34 | blk_nar     26.7 ns tail  1.52 | blk_msk     26.3 ns tail  1.46 | blk_ovr     25.0 ns tail  1.24 | control +0.4% | spread 0.6% | col 6.3 ns
n1   R=11  c=5   L3    | narrow     39.7 ns tail  0.82 | masked     38.4 ns tail  0.45 | blk_nar     39.1 ns tail  0.64 | blk_msk     39.7 ns tail  0.82 | blk_ovr     39.4 ns tail  0.73 | control +0.0% | spread 10.7% | col 3.6 ns
n1   R=11  c=5   DRAM  | narrow    120.5 ns tail -0.15 | masked    121.3 ns tail  0.04 | blk_nar    121.5 ns tail  0.08 | blk_msk    121.6 ns tail  0.11 | blk_ovr    120.2 ns tail -0.23 | control +1.3% | spread 2.8% | col 4.1 ns
n1   R=11  c=25  L1    | narrow     88.7 ns tail  3.62 | masked     86.9 ns tail  3.04 | blk_nar     86.2 ns tail  2.79 | blk_msk     85.6 ns tail  2.58 | blk_ovr     86.5 ns tail  2.87 | control +0.0% | spread 0.0% | col 3.0 ns
n1   R=11  c=25  L2    | narrow    123.2 ns tail  2.19 | masked    116.3 ns tail  1.69 | blk_nar    126.9 ns tail  2.45 | blk_msk    116.5 ns tail  1.71 | blk_ovr    115.2 ns tail  1.61 | control +0.0% | spread 0.5% | col 14.0 ns
n1   R=11  c=25  L3    | narrow    170.6 ns tail  1.74 | masked    166.4 ns tail  1.42 | blk_nar    174.1 ns tail  2.00 | blk_msk    160.8 ns tail  1.00 | blk_ovr    158.7 ns tail  0.84 | control -2.0% | spread 12.3% | col 13.3 ns
n1   R=11  c=25  DRAM  | narrow    463.2 ns tail  0.00 | masked    463.8 ns tail  0.00 | blk_nar    463.2 ns tail  0.00 | blk_msk    465.0 ns tail  0.00 | blk_ovr    468.1 ns tail  0.00 | control +0.8% | spread 3.0% | col -8.0 ns
n1   R=13  c=1   L1    | narrow     12.4 ns tail  2.27 | masked     13.8 ns tail  2.60 | blk_nar     13.3 ns tail  2.49 | blk_msk     14.6 ns tail  2.79 | blk_ovr     12.7 ns tail  2.34 | control +0.7% | spread 1.9% | col 4.3 ns
n1   R=13  c=1   L2    | narrow     12.7 ns tail  1.79 | masked     14.2 ns tail  2.05 | blk_nar     13.9 ns tail  2.01 | blk_msk     15.0 ns tail  2.20 | blk_ovr     15.0 ns tail  2.20 | control +0.0% | spread 0.4% | col 5.6 ns
n1   R=13  c=1   L3    | narrow     16.0 ns tail  1.54 | masked     16.8 ns tail  1.62 | blk_nar     18.4 ns tail  1.81 | blk_msk     18.6 ns tail  1.83 | blk_ovr     19.2 ns tail  1.91 | control -0.8% | spread 11.7% | col 8.7 ns
n1   R=13  c=1   DRAM  | narrow     44.7 ns tail  1.60 | masked     43.1 ns tail  1.53 | blk_nar     44.3 ns tail  1.58 | blk_msk     43.2 ns tail  1.54 | blk_ovr     42.3 ns tail  1.51 | control -0.4% | spread 3.8% | col 26.3 ns
n1   R=13  c=5   L1    | narrow     32.1 ns tail  2.93 | masked     34.3 ns tail  3.50 | blk_nar     34.4 ns tail  3.52 | blk_msk     34.1 ns tail  3.45 | blk_ovr     33.5 ns tail  3.30 | control +0.0% | spread 0.4% | col 4.0 ns
n1   R=13  c=5   L2    | narrow     34.8 ns tail  1.83 | masked     36.8 ns tail  2.13 | blk_nar     38.2 ns tail  2.34 | blk_msk     37.0 ns tail  2.16 | blk_ovr     36.5 ns tail  2.08 | control -0.2% | spread 0.4% | col 6.6 ns
n1   R=13  c=5   L3    | narrow     44.5 ns tail  0.48 | masked     46.7 ns tail  0.86 | blk_nar     49.7 ns tail  1.37 | blk_msk     46.9 ns tail  0.89 | blk_ovr     46.7 ns tail  0.86 | control +3.4% | spread 11.4% | col 5.9 ns
n1   R=13  c=5   DRAM  | narrow    142.7 ns tail  1.44 | masked    142.0 ns tail  1.30 | blk_nar    148.9 ns tail  2.56 | blk_msk    143.5 ns tail  1.58 | blk_ovr    143.9 ns tail  1.65 | control -0.3% | spread 1.4% | col 5.5 ns
n1   R=13  c=25  L1    | narrow    120.6 ns tail  4.04 | masked    121.3 ns tail  4.22 | blk_nar    120.9 ns tail  4.13 | blk_msk    119.6 ns tail  3.78 | blk_ovr    120.6 ns tail  4.04 | control +0.1% | spread 0.1% | col 3.7 ns
n1   R=13  c=25  L2    | narrow    158.7 ns tail  3.48 | masked    152.5 ns tail  2.95 | blk_nar    153.5 ns tail  3.03 | blk_msk    150.3 ns tail  2.76 | blk_ovr    167.5 ns tail  4.24 | control +0.0% | spread 0.1% | col 11.6 ns
n1   R=13  c=25  L3    | narrow    237.3 ns tail  2.52 | masked    234.3 ns tail  2.22 | blk_nar    240.3 ns tail  2.81 | blk_msk    231.3 ns tail  1.93 | blk_ovr    243.3 ns tail  3.11 | control +0.0% | spread 0.9% | col 10.1 ns
n1   R=13  c=25  DRAM  | narrow    562.6 ns tail  0.00 | masked    555.4 ns tail  0.00 | blk_nar    558.3 ns tail  0.00 | blk_msk    556.8 ns tail  0.00 | blk_ovr    559.0 ns tail  0.00 | control +0.8% | spread 2.3% | col -21.2 ns
n1   R=15  c=1   L1    | narrow     15.8 ns tail  2.32 | masked     17.4 ns tail  2.59 | blk_nar     13.7 ns tail  1.94 | blk_msk     16.2 ns tail  2.38 | blk_ovr     14.2 ns tail  2.03 | control -0.2% | spread 0.2% | col 5.7 ns
n1   R=15  c=1   L2    | narrow     16.8 ns tail  2.17 | masked     18.5 ns tail  2.42 | blk_nar     14.0 ns tail  1.73 | blk_msk     16.9 ns tail  2.18 | blk_ovr     14.6 ns tail  1.83 | control -1.0% | spread 3.1% | col 6.5 ns
n1   R=15  c=1   L3    | narrow     18.6 ns tail  1.61 | masked     19.5 ns tail  1.70 | blk_nar     16.6 ns tail  1.41 | blk_msk     20.2 ns tail  1.77 | blk_ovr     18.3 ns tail  1.58 | control +0.0% | spread 7.9% | col 9.9 ns
n1   R=15  c=1   DRAM  | narrow     48.3 ns tail  1.58 | masked     46.2 ns tail  1.51 | blk_nar     41.5 ns tail  1.35 | blk_msk     43.7 ns tail  1.42 | blk_ovr     43.5 ns tail  1.41 | control +1.1% | spread 2.5% | col 28.9 ns
n1   R=15  c=5   L1    | narrow     40.2 ns tail  2.70 | masked     42.9 ns tail  3.22 | blk_nar     44.9 ns tail  3.62 | blk_msk     43.2 ns tail  3.29 | blk_ovr     40.7 ns tail  2.79 | control +0.2% | spread 0.4% | col 5.1 ns
n1   R=15  c=5   L2    | narrow     44.8 ns tail  2.87 | masked     46.7 ns tail  3.20 | blk_nar     46.6 ns tail  3.19 | blk_msk     47.0 ns tail  3.26 | blk_ovr     43.8 ns tail  2.70 | control +0.0% | spread 1.2% | col 5.8 ns
n1   R=15  c=5   L3    | narrow     60.9 ns tail  2.22 | masked     60.2 ns tail  2.11 | blk_nar     63.8 ns tail  2.69 | blk_msk     60.6 ns tail  2.18 | blk_ovr     57.9 ns tail  1.75 | control +1.5% | spread 4.5% | col 6.3 ns
n1   R=15  c=5   DRAM  | narrow    164.8 ns tail  1.34 | masked    162.0 ns tail  1.02 | blk_nar    168.7 ns tail  1.78 | blk_msk    162.5 ns tail  1.07 | blk_ovr    162.0 ns tail  1.02 | control +0.4% | spread 1.9% | col 8.7 ns
n1   R=15  c=25  L1    | narrow    155.1 ns tail  3.52 | masked    156.8 ns tail  3.87 | blk_nar    167.7 ns tail  6.04 | blk_msk    171.1 ns tail  6.74 | blk_ovr    154.7 ns tail  3.43 | control +0.1% | spread 0.1% | col 5.0 ns
n1   R=15  c=25  L2    | narrow    169.5 ns tail  4.51 | masked    171.4 ns tail  4.88 | blk_nar    194.3 ns tail  9.35 | blk_msk    182.3 ns tail  7.02 | blk_ovr    168.7 ns tail  4.37 | control -0.1% | spread 0.3% | col 5.1 ns
n1   R=15  c=25  L3    | narrow    257.0 ns tail  0.00 | masked    253.5 ns tail  0.00 | blk_nar    278.9 ns tail  0.00 | blk_msk    264.0 ns tail  0.00 | blk_ovr    254.4 ns tail  0.00 | control -1.0% | spread 3.8% | col -1.8 ns
n1   R=15  c=25  DRAM  | narrow    663.6 ns tail  0.00 | masked    659.1 ns tail  0.00 | blk_nar    661.8 ns tail  0.00 | blk_msk    662.7 ns tail  0.00 | blk_ovr    661.8 ns tail  0.00 | control +0.0% | spread 2.6% | col -24.1 ns
n1   R=17  c=1   L1    | narrow     21.2 ns tail  2.18 | masked     25.4 ns tail  2.67 | blk_nar     17.5 ns tail  1.74 | blk_msk     20.5 ns tail  2.10 | blk_ovr     18.9 ns tail  1.91 | control +0.3% | spread 0.3% | col 8.5 ns
n1   R=17  c=1   L2    | narrow     22.6 ns tail  1.98 | masked     27.5 ns tail  2.46 | blk_nar     18.0 ns tail  1.52 | blk_msk     21.5 ns tail  1.87 | blk_ovr     20.3 ns tail  1.76 | control +0.0% | spread 1.1% | col 10.1 ns
n1   R=17  c=1   L3    | narrow     24.2 ns tail  1.68 | masked     29.7 ns tail  2.10 | blk_nar     20.3 ns tail  1.38 | blk_msk     23.5 ns tail  1.62 | blk_ovr     23.5 ns tail  1.62 | control +2.7% | spread 2.7% | col 12.9 ns
n1   R=17  c=1   DRAM  | narrow     57.6 ns tail  1.63 | masked     55.5 ns tail  1.57 | blk_nar     53.6 ns tail  1.52 | blk_msk     54.8 ns tail  1.55 | blk_ovr     52.9 ns tail  1.50 | control -0.9% | spread 3.1% | col 33.6 ns
n1   R=17  c=5   L1    | narrow     55.8 ns tail  2.80 | masked     59.8 ns tail  3.35 | blk_nar     55.7 ns tail  2.79 | blk_msk     53.6 ns tail  2.50 | blk_ovr     54.1 ns tail  2.58 | control -0.2% | spread 0.2% | col 7.3 ns
n1   R=17  c=5   L2    | narrow     62.0 ns tail  2.68 | masked     66.7 ns tail  3.24 | blk_nar     62.0 ns tail  2.68 | blk_msk     59.8 ns tail  2.42 | blk_ovr     61.5 ns tail  2.62 | control -0.2% | spread 0.7% | col 8.5 ns
n1   R=17  c=5   L3    | narrow     75.7 ns tail  1.78 | masked     83.4 ns tail  2.63 | blk_nar     78.7 ns tail  2.11 | blk_msk     76.7 ns tail  1.89 | blk_ovr     77.4 ns tail  1.96 | control -1.3% | spread 7.0% | col 9.0 ns
n1   R=17  c=5   DRAM  | narrow    197.1 ns tail  1.78 | masked    197.1 ns tail  1.78 | blk_nar    193.9 ns tail  1.54 | blk_msk    197.4 ns tail  1.80 | blk_ovr    197.1 ns tail  1.78 | control -1.0% | spread 4.7% | col 13.3 ns
n1   R=17  c=25  L1    | narrow    209.5 ns tail  3.49 | masked    216.1 ns tail  4.47 | blk_nar    207.8 ns tail  3.23 | blk_msk    203.2 ns tail  2.55 | blk_ovr    207.5 ns tail  3.19 | control +0.0% | spread 0.0% | col 6.8 ns
n1   R=17  c=25  L2    | narrow    241.6 ns tail  4.88 | masked    245.7 ns tail  5.51 | blk_nar    242.9 ns tail  5.07 | blk_msk    226.7 ns tail  2.54 | blk_ovr    241.0 ns tail  4.78 | control -0.1% | spread 0.3% | col 6.4 ns
n1   R=17  c=25  L3    | narrow    331.9 ns tail  0.00 | masked    337.2 ns tail  0.00 | blk_nar    337.2 ns tail  0.00 | blk_msk    319.1 ns tail  0.00 | blk_ovr    331.9 ns tail  0.00 | control -1.0% | spread 6.1% | col 0.0 ns
n1   R=17  c=25  DRAM  | narrow    777.3 ns tail  0.00 | masked    787.6 ns tail  0.00 | blk_nar    791.8 ns tail  0.00 | blk_msk    774.2 ns tail  0.00 | blk_ovr    769.1 ns tail  0.00 | control -0.3% | spread 2.7% | col -20.6 ns
n1   R=19  c=1   L1    | narrow     25.0 ns tail  1.99 | masked     29.9 ns tail  2.42 | blk_nar     21.1 ns tail  1.64 | blk_msk     25.6 ns tail  2.04 | blk_ovr     24.3 ns tail  1.93 | control +0.0% | spread 0.2% | col 11.3 ns
n1   R=19  c=1   L2    | narrow     25.9 ns tail  1.88 | masked     30.5 ns tail  2.24 | blk_nar     21.9 ns tail  1.55 | blk_msk     26.6 ns tail  1.93 | blk_ovr     24.8 ns tail  1.78 | control +0.0% | spread 0.0% | col 12.5 ns
n1   R=19  c=1   L3    | narrow     31.3 ns tail  1.25 | masked     35.6 ns tail  1.44 | blk_nar     26.0 ns tail  1.02 | blk_msk     29.2 ns tail  1.16 | blk_ovr     29.1 ns tail  1.16 | control +0.0% | spread 3.4% | col 22.9 ns
n1   R=19  c=1   DRAM  | narrow     62.6 ns tail  1.54 | masked     61.9 ns tail  1.52 | blk_nar     57.5 ns tail  1.41 | blk_msk     56.0 ns tail  1.37 | blk_ovr     56.6 ns tail  1.39 | control +0.9% | spread 2.7% | col 39.0 ns
n1   R=19  c=5   L1    | narrow     67.3 ns tail  2.55 | masked     70.7 ns tail  2.92 | blk_nar     67.1 ns tail  2.53 | blk_msk     65.8 ns tail  2.39 | blk_ovr     65.0 ns tail  2.30 | control +0.2% | spread 0.4% | col 9.2 ns
n1   R=19  c=5   L2    | narrow     76.7 ns tail  2.53 | masked     79.2 ns tail  2.77 | blk_nar     76.4 ns tail  2.51 | blk_msk     73.5 ns tail  2.23 | blk_ovr     73.3 ns tail  2.22 | control +0.2% | spread 0.7% | col 10.9 ns
n1   R=19  c=5   L3    | narrow     91.0 ns tail  2.28 | masked     98.0 ns tail  2.90 | blk_nar     92.2 ns tail  2.38 | blk_msk     84.4 ns tail  1.69 | blk_ovr     82.4 ns tail  1.52 | control -1.7% | spread 5.2% | col 11.3 ns
n1   R=19  c=5   DRAM  | narrow    227.1 ns tail  2.17 | masked    233.2 ns tail  2.49 | blk_nar    228.1 ns tail  2.22 | blk_msk    220.6 ns tail  1.83 | blk_ovr    215.5 ns tail  1.56 | control -0.3% | spread 2.3% | col 19.0 ns
n1   R=19  c=25  L1    | narrow    278.7 ns tail  5.35 | masked    253.7 ns tail  2.00 | blk_nar    259.6 ns tail  2.79 | blk_msk    249.1 ns tail  1.40 | blk_ovr    249.8 ns tail  1.49 | control +0.1% | spread 0.4% | col 7.5 ns
n1   R=19  c=25  L2    | narrow    295.8 ns tail  3.47 | masked    288.2 ns tail  2.58 | blk_nar    299.2 ns tail  3.87 | blk_msk    279.8 ns tail  1.60 | blk_ovr    278.7 ns tail  1.47 | control -0.1% | spread 0.3% | col 8.6 ns
n1   R=19  c=25  L3    | narrow    370.9 ns tail  0.00 | masked    367.4 ns tail  0.00 | blk_nar    375.6 ns tail  0.00 | blk_msk    355.8 ns tail  0.00 | blk_ovr    354.7 ns tail  0.00 | control -1.3% | spread 4.4% | col 0.0 ns
n1   R=19  c=25  DRAM  | narrow    879.3 ns tail  0.00 | masked    896.6 ns tail  0.00 | blk_nar    887.4 ns tail  0.00 | blk_msk    885.1 ns tail  0.00 | blk_ovr    892.0 ns tail  0.00 | control +0.1% | spread 1.6% | col -27.0 ns
n1   R=21  c=1   L1    | narrow     30.4 ns tail  1.83 | masked     40.6 ns tail  2.51 | blk_nar     25.7 ns tail  1.52 | blk_msk     31.2 ns tail  1.89 | blk_ovr     27.8 ns tail  1.66 | control +0.0% | spread 0.2% | col 15.2 ns
n1   R=21  c=1   L2    | narrow     31.3 ns tail  1.71 | masked     41.1 ns tail  2.28 | blk_nar     26.6 ns tail  1.42 | blk_msk     31.8 ns tail  1.73 | blk_ovr     29.4 ns tail  1.59 | control -0.3% | spread 0.3% | col 16.9 ns
n1   R=21  c=1   L3    | narrow     37.1 ns tail  1.74 | masked     48.2 ns tail  2.30 | blk_nar     27.5 ns tail  1.26 | blk_msk     31.8 ns tail  1.48 | blk_ovr     30.1 ns tail  1.39 | control -0.2% | spread 5.9% | col 19.9 ns
n1   R=21  c=1   DRAM  | narrow     72.0 ns tail  1.60 | masked     67.7 ns tail  1.50 | blk_nar     67.5 ns tail  1.49 | blk_msk     64.3 ns tail  1.42 | blk_ovr     65.3 ns tail  1.44 | control +1.4% | spread 1.3% | col 43.6 ns
n1   R=21  c=5   L1    | narrow     83.5 ns tail  2.62 | masked     92.4 ns tail  3.44 | blk_nar     76.1 ns tail  1.95 | blk_msk     84.7 ns tail  2.73 | blk_ovr     81.9 ns tail  2.48 | control +0.0% | spread 0.4% | col 11.0 ns
n1   R=21  c=5   L2    | narrow     94.9 ns tail  2.34 | masked    109.8 ns tail  3.45 | blk_nar     84.7 ns tail  1.58 | blk_msk     93.5 ns tail  2.24 | blk_ovr     90.2 ns tail  1.99 | control +0.0% | spread 0.3% | col 13.4 ns
n1   R=21  c=5   L3    | narrow    112.8 ns tail  2.00 | masked    124.7 ns tail  2.89 | blk_nar     97.6 ns tail  0.86 | blk_msk    105.8 ns tail  1.48 | blk_ovr    101.8 ns tail  1.18 | control -4.1% | spread 3.8% | col 13.4 ns
n1   R=21  c=5   DRAM  | narrow    262.4 ns tail  1.60 | masked    276.3 ns tail  2.44 | blk_nar    244.3 ns tail  0.51 | blk_msk    257.5 ns tail  1.31 | blk_ovr    248.1 ns tail  0.74 | control -2.7% | spread 4.6% | col 16.6 ns
n1   R=21  c=25  L1    | narrow    310.1 ns tail  3.96 | masked    320.2 ns tail  5.11 | blk_nar    295.7 ns tail  2.31 | blk_msk    322.6 ns tail  5.38 | blk_ovr    317.1 ns tail  4.76 | control +0.0% | spread 0.1% | col 8.8 ns
n1   R=21  c=25  L2    | narrow    378.7 ns tail  7.60 | masked    380.7 ns tail  7.92 | blk_nar    333.8 ns tail  0.16 | blk_msk    357.5 ns tail  4.08 | blk_ovr    354.6 ns tail  3.60 | control +0.3% | spread 0.3% | col 6.0 ns
n1   R=21  c=25  L3    | narrow    475.3 ns tail 29.00 | masked    487.7 ns tail 38.00 | blk_nar    424.7 ns tail -8.00 | blk_msk    446.6 ns tail  8.00 | blk_ovr    443.8 ns tail  6.00 | control -0.6% | spread 7.8% | col 1.4 ns
n1   R=21  c=25  DRAM  | narrow    993.4 ns tail  0.00 | masked   1000.0 ns tail  0.00 | blk_nar    981.6 ns tail  0.00 | blk_msk    992.1 ns tail  0.00 | blk_ovr    982.9 ns tail  0.00 | control -0.9% | spread 2.4% | col -28.9 ns
n1   R=23  c=1   L1    | narrow     37.3 ns tail  2.22 | masked     48.8 ns tail  2.96 | blk_nar     32.5 ns tail  1.92 | blk_msk     35.0 ns tail  2.07 | blk_ovr     33.0 ns tail  1.95 | control +0.0% | spread 0.2% | col 15.7 ns
n1   R=23  c=1   L2    | narrow     38.7 ns tail  2.12 | masked     51.8 ns tail  2.88 | blk_nar     32.7 ns tail  1.77 | blk_msk     35.3 ns tail  1.92 | blk_ovr     33.8 ns tail  1.83 | control +0.0% | spread 0.3% | col 17.1 ns
n1   R=23  c=1   L3    | narrow     40.1 ns tail  1.73 | masked     61.7 ns tail  2.71 | blk_nar     34.1 ns tail  1.45 | blk_msk     36.5 ns tail  1.56 | blk_ovr     35.9 ns tail  1.53 | control +1.5% | spread 3.0% | col 21.9 ns
n1   R=23  c=1   DRAM  | narrow     75.9 ns tail  1.53 | masked     80.8 ns tail  1.64 | blk_nar     73.0 ns tail  1.48 | blk_msk     68.9 ns tail  1.39 | blk_ovr     71.1 ns tail  1.44 | control -0.3% | spread 2.1% | col 47.8 ns
n1   R=23  c=5   L1    | narrow     97.9 ns tail  2.73 | masked    126.7 ns tail  4.86 | blk_nar     92.0 ns tail  2.29 | blk_msk     97.2 ns tail  2.68 | blk_ovr     92.3 ns tail  2.31 | control +0.0% | spread 0.1% | col 13.5 ns
n1   R=23  c=5   L2    | narrow    105.5 ns tail  2.66 | masked    119.9 ns tail  3.65 | blk_nar    102.0 ns tail  2.42 | blk_msk    101.1 ns tail  2.35 | blk_ovr    101.1 ns tail  2.35 | control -0.2% | spread 0.5% | col 14.5 ns
n1   R=23  c=5   L3    | narrow    134.4 ns tail  2.06 | masked    147.4 ns tail  2.76 | blk_nar    127.7 ns tail  1.71 | blk_msk    119.8 ns tail  1.28 | blk_ovr    123.7 ns tail  1.49 | control +0.3% | spread 3.8% | col 18.8 ns
n1   R=23  c=5   DRAM  | narrow    302.9 ns tail  1.45 | masked    322.0 ns tail  2.15 | blk_nar    297.8 ns tail  1.27 | blk_msk    299.6 ns tail  1.33 | blk_ovr    299.3 ns tail  1.32 | control +0.7% | spread 4.2% | col 27.5 ns
n1   R=23  c=25  L1    | narrow    371.0 ns tail  2.86 | masked    391.1 ns tail  4.39 | blk_nar    367.3 ns tail  2.57 | blk_msk    380.8 ns tail  3.61 | blk_ovr    365.9 ns tail  2.46 | control +0.1% | spread 0.1% | col 13.1 ns
n1   R=23  c=25  L2    | narrow    436.9 ns tail  3.55 | masked    462.0 ns tail  5.39 | blk_nar    419.0 ns tail  2.24 | blk_msk    426.3 ns tail  2.78 | blk_ovr    419.0 ns tail  2.24 | control -0.1% | spread 0.8% | col 13.7 ns
n1   R=23  c=25  L3    | narrow    537.9 ns tail  2.92 | masked    566.7 ns tail  5.85 | blk_nar    524.2 ns tail  1.54 | blk_msk    530.3 ns tail  2.15 | blk_ovr    527.3 ns tail  1.85 | control +0.6% | spread 0.8% | col 9.8 ns
n1   R=23  c=25  DRAM  | narrow   1163.1 ns tail  0.00 | masked   1178.5 ns tail  0.00 | blk_nar   1152.3 ns tail  0.00 | blk_msk   1150.8 ns tail  0.00 | blk_ovr   1147.7 ns tail  0.00 | control -0.1% | spread 1.6% | col -6.9 ns
n1   R=25  c=1   L1    | narrow     46.1 ns tail  2.34 | masked     54.4 ns tail  2.79 | blk_nar     39.9 ns tail  2.01 | blk_msk     46.6 ns tail  2.38 | blk_ovr     41.7 ns tail  2.11 | control +0.3% | spread 1.4% | col 18.6 ns
n1   R=25  c=1   L2    | narrow     45.4 ns tail  2.16 | masked     53.4 ns tail  2.56 | blk_nar     40.5 ns tail  1.91 | blk_msk     44.2 ns tail  2.10 | blk_ovr     42.1 ns tail  1.99 | control -0.2% | spread 0.2% | col 19.9 ns
n1   R=25  c=1   L3    | narrow     52.1 ns tail  2.11 | masked     56.4 ns tail  2.29 | blk_nar     41.4 ns tail  1.65 | blk_msk     45.2 ns tail  1.81 | blk_ovr     43.9 ns tail  1.76 | control +0.0% | spread 0.2% | col 23.6 ns
n1   R=25  c=1   DRAM  | narrow     93.1 ns tail  1.75 | masked     93.8 ns tail  1.77 | blk_nar     80.8 ns tail  1.52 | blk_msk     80.9 ns tail  1.52 | blk_ovr     80.2 ns tail  1.50 | control -0.5% | spread 3.0% | col 51.7 ns
n1   R=25  c=5   L1    | narrow    116.3 ns tail  2.78 | masked    122.7 ns tail  3.17 | blk_nar    112.8 ns tail  2.56 | blk_msk    113.5 ns tail  2.60 | blk_ovr    112.5 ns tail  2.54 | control +0.0% | spread 0.1% | col 16.1 ns
n1   R=25  c=5   L2    | narrow    126.2 ns tail  2.69 | masked    131.5 ns tail  3.00 | blk_nar    120.0 ns tail  2.33 | blk_msk    123.1 ns tail  2.51 | blk_ovr    121.6 ns tail  2.43 | control +0.0% | spread 0.4% | col 17.3 ns
n1   R=25  c=5   L3    | narrow    143.8 ns tail  1.88 | masked    154.2 ns tail  2.39 | blk_nar    133.3 ns tail  1.36 | blk_msk    138.8 ns tail  1.63 | blk_ovr    137.9 ns tail  1.59 | control +2.6% | spread 2.0% | col 20.2 ns
n1   R=25  c=5   DRAM  | narrow    320.2 ns tail  1.40 | masked    330.0 ns tail  1.73 | blk_nar    311.2 ns tail  1.10 | blk_msk    311.7 ns tail  1.11 | blk_ovr    313.9 ns tail  1.19 | control +1.8% | spread 3.2% | col 29.8 ns
n1   R=25  c=25  L1    | narrow    445.3 ns tail  2.98 | masked    458.7 ns tail  3.85 | blk_nar    441.3 ns tail  2.73 | blk_msk    446.9 ns tail  3.09 | blk_ovr    441.3 ns tail  2.73 | control +0.0% | spread 0.3% | col 15.4 ns
n1   R=25  c=25  L2    | narrow    514.8 ns tail  4.80 | masked    532.3 ns tail  6.15 | blk_nar    506.5 ns tail  4.15 | blk_msk    513.5 ns tail  4.70 | blk_ovr    504.5 ns tail  4.00 | control +0.8% | spread 0.9% | col 12.9 ns
n1   R=25  c=25  L3    | narrow    619.0 ns tail  5.25 | masked    643.1 ns tail  8.75 | blk_nar    620.7 ns tail  5.50 | blk_msk    620.7 ns tail  5.50 | blk_ovr    613.8 ns tail  4.50 | control +0.3% | spread 1.7% | col 6.9 ns
n1   R=25  c=25  DRAM  | narrow   1272.3 ns tail  0.00 | masked   1278.7 ns tail  0.00 | blk_nar   1289.4 ns tail  0.00 | blk_msk   1285.1 ns tail  0.00 | blk_ovr   1280.9 ns tail  0.00 | control +0.3% | spread 1.5% | col -23.4 ns
n1   R=27  c=1   L1    | narrow     51.6 ns tail  2.25 | masked     71.0 ns tail  3.14 | blk_nar     40.4 ns tail  1.74 | blk_msk     44.8 ns tail  1.94 | blk_ovr     41.7 ns tail  1.79 | control +0.0% | spread 0.6% | col 21.8 ns
n1   R=27  c=1   L2    | narrow     57.3 ns tail  2.30 | masked     76.4 ns tail  3.10 | blk_nar     41.6 ns tail  1.64 | blk_msk     46.4 ns tail  1.84 | blk_ovr     43.8 ns tail  1.73 | control -0.2% | spread 0.2% | col 23.9 ns
n1   R=27  c=1   L3    | narrow     71.6 ns tail  2.69 | masked     86.5 ns tail  3.27 | blk_nar     42.9 ns tail  1.57 | blk_msk     47.6 ns tail  1.75 | blk_ovr     45.0 ns tail  1.65 | control +0.7% | spread 3.4% | col 25.7 ns
n1   R=27  c=1   DRAM  | narrow     95.7 ns tail  1.81 | masked    105.4 ns tail  2.00 | blk_nar     85.6 ns tail  1.61 | blk_msk     84.4 ns tail  1.59 | blk_ovr     85.0 ns tail  1.60 | control +0.6% | spread 2.2% | col 51.6 ns
n1   R=27  c=5   L1    | narrow    136.8 ns tail  2.74 | masked    159.4 ns tail  3.91 | blk_nar    123.1 ns tail  2.03 | blk_msk    126.0 ns tail  2.18 | blk_ovr    123.0 ns tail  2.02 | control +0.0% | spread 0.1% | col 19.3 ns
n1   R=27  c=5   L2    | narrow    148.9 ns tail  2.52 | masked    171.7 ns tail  3.56 | blk_nar    134.8 ns tail  1.88 | blk_msk    140.8 ns tail  2.15 | blk_ovr    139.1 ns tail  2.07 | control +0.4% | spread 0.5% | col 22.0 ns
n1   R=27  c=5   L3    | narrow    179.2 ns tail  1.81 | masked    201.9 ns tail  2.64 | blk_nar    160.8 ns tail  1.14 | blk_msk    174.1 ns tail  1.62 | blk_ovr    160.8 ns tail  1.14 | control +1.3% | spread 6.8% | col 27.4 ns
n1   R=27  c=5   DRAM  | narrow    374.3 ns tail  1.99 | masked    390.3 ns tail  2.41 | blk_nar    352.2 ns tail  1.40 | blk_msk    357.1 ns tail  1.53 | blk_ovr    354.4 ns tail  1.46 | control +0.0% | spread 5.4% | col 37.6 ns
n1   R=27  c=25  L1    | narrow    525.0 ns tail  2.88 | masked    544.7 ns tail  3.93 | blk_nar    496.7 ns tail  1.37 | blk_msk    501.3 ns tail  1.61 | blk_ovr    496.7 ns tail  1.37 | control +0.0% | spread 0.3% | col 18.8 ns
n1   R=27  c=25  L2    | narrow    583.2 ns tail  3.02 | masked    629.0 ns tail  5.69 | blk_nar    553.4 ns tail  1.29 | blk_msk    562.6 ns tail  1.82 | blk_ovr    551.1 ns tail  1.16 | control +0.1% | spread 0.3% | col 17.2 ns
n1   R=27  c=25  L3    | narrow    715.1 ns tail  1.80 | masked    737.7 ns tail  4.20 | blk_nar    683.0 ns tail -1.60 | blk_msk    694.3 ns tail -0.40 | blk_ovr    683.0 ns tail -1.60 | control +1.8% | spread 4.2% | col 9.4 ns
n1   R=27  c=25  DRAM  | narrow   1445.3 ns tail -0.75 | masked   1467.9 ns tail -0.39 | blk_nar   1420.8 ns tail -1.13 | blk_msk   1443.4 ns tail -0.78 | blk_ovr   1443.4 ns tail -0.78 | control +2.0% | spread 2.6% | col 63.2 ns
n1   R=29  c=1   L1    | narrow     63.8 ns tail  2.36 | masked     80.1 ns tail  2.99 | blk_nar     49.6 ns tail  1.82 | blk_msk     54.4 ns tail  2.00 | blk_ovr     50.8 ns tail  1.86 | control +0.0% | spread 0.1% | col 25.9 ns
n1   R=29  c=1   L2    | narrow     67.3 ns tail  2.35 | masked     86.3 ns tail  3.04 | blk_nar     51.6 ns tail  1.78 | blk_msk     56.4 ns tail  1.96 | blk_ovr     52.7 ns tail  1.82 | control +0.0% | spread 0.4% | col 27.5 ns
n1   R=29  c=1   L3    | narrow     83.3 ns tail  2.47 | masked    100.0 ns tail  2.98 | blk_nar     52.7 ns tail  1.54 | blk_msk     57.8 ns tail  1.69 | blk_ovr     54.4 ns tail  1.59 | control +0.4% | spread 1.0% | col 32.7 ns
n1   R=29  c=1   DRAM  | narrow    109.0 ns tail  1.78 | masked    121.8 ns tail  1.99 | blk_nar     96.3 ns tail  1.57 | blk_msk     95.1 ns tail  1.55 | blk_ovr     94.5 ns tail  1.54 | control +1.4% | spread 2.2% | col 59.9 ns
n1   R=29  c=5   L1    | narrow    164.5 ns tail  2.74 | masked    178.5 ns tail  3.32 | blk_nar    146.2 ns tail  1.98 | blk_msk    152.4 ns tail  2.24 | blk_ovr    147.1 ns tail  2.02 | control +0.0% | spread 0.1% | col 24.0 ns
n1   R=29  c=5   L2    | narrow    177.3 ns tail  2.76 | masked    194.1 ns tail  3.43 | blk_nar    157.1 ns tail  1.96 | blk_msk    166.4 ns tail  2.33 | blk_ovr    158.3 ns tail  2.01 | control +0.1% | spread 0.3% | col 25.3 ns
n1   R=29  c=5   L3    | narrow    266.0 ns tail  1.61 | masked    272.3 ns tail  1.76 | blk_nar    234.6 ns tail  0.86 | blk_msk    266.0 ns tail  1.61 | blk_ovr    236.6 ns tail  0.91 | control -1.0% | spread 11.0% | col 41.6 ns
n1   R=29  c=5   DRAM  | narrow    388.0 ns tail  1.24 | masked    408.9 ns tail  1.69 | blk_nar    372.9 ns tail  0.91 | blk_msk    379.2 ns tail  1.04 | blk_ovr    367.7 ns tail  0.80 | control +1.7% | spread 3.0% | col 46.4 ns
n1   R=29  c=25  L1    | narrow    633.3 ns tail  2.31 | masked    644.4 ns tail  2.65 | blk_nar    598.4 ns tail  1.25 | blk_msk    616.7 ns tail  1.81 | blk_ovr    598.4 ns tail  1.25 | control +0.0% | spread 0.3% | col 32.9 ns
n1   R=29  c=25  L2    | narrow    699.1 ns tail  3.75 | masked    709.7 ns tail  4.18 | blk_nar    652.2 ns tail  1.86 | blk_msk    680.5 ns tail  3.00 | blk_ovr    660.2 ns tail  2.18 | control +0.1% | spread 1.3% | col 24.8 ns
n1   R=29  c=25  L3    | narrow    854.2 ns tail  4.44 | masked    858.3 ns tail  4.67 | blk_nar    795.8 ns tail  1.33 | blk_msk    835.4 ns tail  3.44 | blk_ovr    797.9 ns tail  1.44 | control +0.2% | spread 2.4% | col 18.8 ns
n1   R=29  c=25  DRAM  | narrow   1596.1 ns tail -3.04 | masked   1598.0 ns tail -2.96 | blk_nar   1556.9 ns tail -4.78 | blk_msk   1588.2 ns tail -3.39 | blk_ovr   1568.6 ns tail -4.26 | control -0.4% | spread 3.2% | col 22.5 ns
n1   R=31  c=1   L1    | narrow     70.8 ns tail  2.41 | masked     88.1 ns tail  3.03 | blk_nar     59.2 ns tail  2.00 | blk_msk     65.0 ns tail  2.21 | blk_ovr     61.2 ns tail  2.07 | control +0.2% | spread 0.9% | col 28.3 ns
n1   R=31  c=1   L2    | narrow     71.1 ns tail  2.26 | masked     85.5 ns tail  2.74 | blk_nar     60.6 ns tail  1.92 | blk_msk     63.9 ns tail  2.03 | blk_ovr     62.7 ns tail  1.99 | control -0.2% | spread 0.7% | col 30.3 ns
n1   R=31  c=1   L3    | narrow     84.7 ns tail  2.59 | masked     95.4 ns tail  2.93 | blk_nar     61.1 ns tail  1.84 | blk_msk     64.6 ns tail  1.96 | blk_ovr     63.6 ns tail  1.92 | control -0.2% | spread 3.7% | col 31.8 ns
n1   R=31  c=1   DRAM  | narrow    117.6 ns tail  1.83 | masked    121.4 ns tail  1.89 | blk_nar     98.2 ns tail  1.52 | blk_msk     98.2 ns tail  1.52 | blk_ovr     98.6 ns tail  1.53 | control +0.9% | spread 2.3% | col 62.9 ns
n1   R=31  c=5   L1    | narrow    179.6 ns tail  2.81 | masked    190.4 ns tail  3.24 | blk_nar    168.0 ns tail  2.34 | blk_msk    171.1 ns tail  2.47 | blk_ovr    170.8 ns tail  2.46 | control +0.0% | spread 0.1% | col 24.9 ns
n1   R=31  c=5   L2    | narrow    194.5 ns tail  2.79 | masked    203.3 ns tail  3.11 | blk_nar    181.6 ns tail  2.32 | blk_msk    182.5 ns tail  2.35 | blk_ovr    181.9 ns tail  2.33 | control +0.1% | spread 0.4% | col 27.4 ns
n1   R=31  c=5   L3    | narrow    230.2 ns tail  2.39 | masked    241.2 ns tail  2.71 | blk_nar    204.4 ns tail  1.63 | blk_msk    204.9 ns tail  1.65 | blk_ovr    205.5 ns tail  1.66 | control -1.0% | spread 4.3% | col 34.1 ns
n1   R=31  c=5   DRAM  | narrow    425.6 ns tail  1.66 | masked    428.6 ns tail  1.72 | blk_nar    391.1 ns tail  1.03 | blk_msk    394.0 ns tail  1.09 | blk_ovr    394.0 ns tail  1.09 | control +0.1% | spread 2.7% | col 54.8 ns
n1   R=31  c=25  L1  * | narrow    698.2 ns tail  3.31 | masked    703.5 ns tail  3.54 | blk_nar    683.2 ns tail  2.65 | blk_msk    683.2 ns tail  2.65 | blk_ovr    684.1 ns tail  2.69 | control -0.1% | spread 0.4% | col 23.0 ns
n1   R=31  c=25  L2    | narrow    752.9 ns tail  3.82 | masked    754.0 ns tail  3.88 | blk_nar    740.2 ns tail  3.18 | blk_msk    733.3 ns tail  2.82 | blk_ovr    737.9 ns tail  3.06 | control +0.0% | spread 0.3% | col 19.5 ns
n1   R=31  c=25  L3    | narrow    875.6 ns tail  3.80 | masked    875.6 ns tail  3.80 | blk_nar    860.0 ns tail  2.40 | blk_msk    851.1 ns tail  1.60 | blk_ovr    851.1 ns tail  1.60 | control +0.8% | spread 2.3% | col 11.1 ns
n1   R=31  c=25  DRAM  | narrow   1695.7 ns tail  0.51 | masked   1687.0 ns tail  0.41 | blk_nar   1687.0 ns tail  0.41 | blk_msk   1678.3 ns tail  0.31 | blk_ovr   1691.3 ns tail  0.46 | control +0.4% | spread 1.8% | col 84.8 ns
n1   R=37  c=1   L1    | narrow    109.2 ns tail  2.76 | masked    112.5 ns tail  2.85 | blk_nar     77.5 ns tail  1.94 | blk_msk     93.8 ns tail  2.36 | blk_ovr     81.8 ns tail  2.06 | control +0.0% | spread 0.2% | col 38.6 ns
n1   R=37  c=1   L2    | narrow    111.3 ns tail  2.68 | masked    115.1 ns tail  2.78 | blk_nar     79.3 ns tail  1.90 | blk_msk     84.3 ns tail  2.02 | blk_ovr     81.9 ns tail  1.96 | control +0.0% | spread 0.4% | col 40.5 ns
n1   R=37  c=1   L3    | narrow    128.9 ns tail  2.99 | masked    126.8 ns tail  2.94 | blk_nar     80.1 ns tail  1.84 | blk_msk     85.4 ns tail  1.96 | blk_ovr     83.6 ns tail  1.92 | control -0.3% | spread 0.3% | col 42.3 ns
n1   R=37  c=1   DRAM  | narrow    182.8 ns tail  2.33 | masked    177.0 ns tail  2.26 | blk_nar    119.0 ns tail  1.51 | blk_msk    120.1 ns tail  1.52 | blk_ovr    118.2 ns tail  1.50 | control -0.6% | spread 2.1% | col 77.3 ns
n1   R=37  c=5   L1    | narrow    258.4 ns tail  3.26 | masked    267.7 ns tail  3.53 | blk_nar    228.1 ns tail  2.36 | blk_msk    233.2 ns tail  2.51 | blk_ovr    230.3 ns tail  2.43 | control +0.0% | spread 0.2% | col 33.9 ns
n1   R=37  c=5   L2    | narrow    274.6 ns tail  3.13 | masked    278.9 ns tail  3.24 | blk_nar    241.7 ns tail  2.26 | blk_msk    248.7 ns tail  2.44 | blk_ovr    243.9 ns tail  2.31 | control +0.0% | spread 0.2% | col 37.7 ns
n1   R=37  c=5   L3    | narrow    327.2 ns tail  2.31 | masked    326.5 ns tail  2.30 | blk_nar    274.8 ns tail  1.36 | blk_msk    288.7 ns tail  1.61 | blk_ovr    278.1 ns tail  1.42 | control -1.4% | spread 3.0% | col 55.0 ns
n1   R=37  c=5   DRAM  | narrow    505.9 ns tail  1.65 | masked    512.5 ns tail  1.74 | blk_nar    465.8 ns tail  1.10 | blk_msk    480.9 ns tail  1.30 | blk_ovr    459.2 ns tail  1.00 | control +2.3% | spread 2.6% | col 72.7 ns
n1   R=37  c=25  L1  * | narrow    958.0 ns tail  3.58 | masked    959.3 ns tail  3.62 | blk_nar    922.2 ns tail  2.46 | blk_msk    934.6 ns tail  2.85 | blk_ovr    927.2 ns tail  2.62 | control +0.0% | spread 0.1% | col 32.1 ns
n1   R=37  c=25  L2    | narrow   1020.8 ns tail  5.68 | masked   1020.8 ns tail  5.68 | blk_nar    979.2 ns tail  3.61 | blk_msk   1000.0 ns tail  4.65 | blk_ovr    989.6 ns tail  4.13 | control +0.1% | spread 0.3% | col 20.1 ns
n1   R=37  c=25  L3    | narrow   1213.2 ns tail  5.18 | masked   1210.5 ns tail  5.06 | blk_nar   1147.4 ns tail  2.24 | blk_msk   1163.2 ns tail  2.94 | blk_ovr   1152.6 ns tail  2.47 | control -0.4% | spread 3.7% | col 22.4 ns
n1   R=37  c=25  DRAM  | narrow   2102.8 ns tail -3.83 | masked   2113.9 ns tail -3.48 | blk_nar   2077.8 ns tail -4.61 | blk_msk   2100.0 ns tail -3.91 | blk_ovr   2061.1 ns tail -5.13 | control -0.1% | spread 4.0% | col 31.9 ns
n1   R=41  c=1   L1    | narrow    127.8 ns tail  2.59 | masked    222.3 ns tail  4.55 | blk_nar     96.7 ns tail  1.95 | blk_msk    101.9 ns tail  2.06 | blk_ovr     98.1 ns tail  1.98 | control +0.2% | spread 0.4% | col 48.3 ns
n1   R=41  c=1   L2    | narrow    136.0 ns tail  2.64 | masked    229.7 ns tail  4.49 | blk_nar     99.0 ns tail  1.91 | blk_msk    104.2 ns tail  2.01 | blk_ovr    101.5 ns tail  1.96 | control -0.4% | spread 1.0% | col 50.6 ns
n1   R=41  c=1   L3    | narrow    153.6 ns tail  2.74 | masked    246.0 ns tail  4.42 | blk_nar     99.6 ns tail  1.76 | blk_msk    105.1 ns tail  1.86 | blk_ovr    102.5 ns tail  1.82 | control +0.5% | spread 0.7% | col 55.1 ns
n1   R=41  c=1   DRAM  | narrow    229.4 ns tail  2.59 | masked    303.2 ns tail  3.43 | blk_nar    134.1 ns tail  1.50 | blk_msk    141.2 ns tail  1.58 | blk_ovr    134.8 ns tail  1.51 | control -0.6% | spread 3.4% | col 87.6 ns
n1   R=41  c=5   L1    | narrow    317.7 ns tail  3.07 | masked    408.9 ns tail  5.17 | blk_nar    281.5 ns tail  2.23 | blk_msk    286.3 ns tail  2.34 | blk_ovr    282.7 ns tail  2.26 | control +0.1% | spread 0.1% | col 43.3 ns
n1   R=41  c=5   L2    | narrow    337.6 ns tail  3.09 | masked    433.3 ns tail  5.16 | blk_nar    300.0 ns tail  2.27 | blk_msk    304.6 ns tail  2.37 | blk_ovr    300.0 ns tail  2.27 | control +0.2% | spread 1.8% | col 46.2 ns
n1   R=41  c=5   L3    | narrow    403.3 ns tail  1.68 | masked    501.6 ns tail  2.89 | blk_nar    373.8 ns tail  1.31 | blk_msk    373.0 ns tail  1.30 | blk_ovr    375.4 ns tail  1.33 | control +4.1% | spread 11.8% | col 81.1 ns
n1   R=41  c=5   DRAM  | narrow    603.1 ns tail  1.93 | masked    708.6 ns tail  3.19 | blk_nar    541.4 ns tail  1.20 | blk_msk    539.8 ns tail  1.18 | blk_ovr    539.1 ns tail  1.17 | control +0.9% | spread 2.7% | col 84.0 ns
n1   R=41  c=25  L1  * | narrow   1207.7 ns tail  3.52 | masked   1307.7 ns tail  5.93 | blk_nar   1164.6 ns tail  2.48 | blk_msk   1169.2 ns tail  2.59 | blk_ovr   1161.5 ns tail  2.41 | control -0.1% | spread 0.4% | col 41.5 ns
n1   R=41  c=25  L2    | narrow   1282.0 ns tail  4.80 | masked   1395.1 ns tail  8.25 | blk_nar   1236.1 ns tail  3.40 | blk_msk   1229.5 ns tail  3.20 | blk_ovr   1219.7 ns tail  2.90 | control +0.0% | spread 0.3% | col 32.8 ns
n1   R=41  c=25  L3    | narrow   1764.5 ns tail  0.94 | masked   1951.6 ns tail  2.70 | blk_nar   1774.2 ns tail  1.03 | blk_msk   1790.3 ns tail  1.18 | blk_ovr   1696.8 ns tail  0.30 | control -3.5% | spread 25.0% | col 106.5 ns
n1   R=41  c=25  DRAM  | narrow   2477.4 ns tail  0.38 | masked   2574.2 ns tail  1.66 | blk_nar   2412.9 ns tail -0.47 | blk_msk   2467.7 ns tail  0.26 | blk_ovr   2425.8 ns tail -0.30 | control -0.1% | spread 2.1% | col 75.8 ns
n1   R=43  c=1   L1    | narrow    140.2 ns tail  2.65 | masked    254.2 ns tail  4.84 | blk_nar    103.9 ns tail  1.95 | blk_msk    110.1 ns tail  2.07 | blk_ovr    105.0 ns tail  1.97 | control +0.1% | spread 0.3% | col 52.0 ns
n1   R=43  c=1   L2    | narrow    145.2 ns tail  2.63 | masked    260.9 ns tail  4.75 | blk_nar    106.4 ns tail  1.91 | blk_msk    113.0 ns tail  2.03 | blk_ovr    108.5 ns tail  1.95 | control -0.2% | spread 0.7% | col 54.4 ns
n1   R=43  c=1   L3    | narrow    164.0 ns tail  2.59 | masked    277.4 ns tail  4.41 | blk_nar    108.0 ns tail  1.69 | blk_msk    114.6 ns tail  1.80 | blk_ovr    110.2 ns tail  1.73 | control -0.4% | spread 2.7% | col 62.3 ns
n1   R=43  c=1   DRAM  | narrow    247.6 ns tail  2.61 | masked    338.6 ns tail  3.58 | blk_nar    140.4 ns tail  1.47 | blk_msk    142.5 ns tail  1.49 | blk_ovr    143.4 ns tail  1.50 | control +0.6% | spread 4.2% | col 93.9 ns
n1   R=43  c=5   L1    | narrow    350.0 ns tail  3.24 | masked    486.0 ns tail  6.15 | blk_nar    303.5 ns tail  2.24 | blk_msk    308.3 ns tail  2.35 | blk_ovr    303.1 ns tail  2.23 | control +0.1% | spread 0.3% | col 46.7 ns
n1   R=43  c=5   L2    | narrow    365.3 ns tail  3.18 | masked    514.6 ns tail  6.24 | blk_nar    318.6 ns tail  2.22 | blk_msk    327.6 ns tail  2.40 | blk_ovr    320.6 ns tail  2.26 | control +0.1% | spread 0.4% | col 48.7 ns
n1   R=43  c=5   L3    | narrow    422.4 ns tail  2.28 | masked    571.6 ns tail  4.30 | blk_nar    372.4 ns tail  1.60 | blk_msk    381.9 ns tail  1.73 | blk_ovr    372.4 ns tail  1.60 | control +0.0% | spread 3.9% | col 73.7 ns
n1   R=43  c=5   DRAM  | narrow    651.2 ns tail  2.25 | masked    833.1 ns tail  4.50 | blk_nar    597.5 ns tail  1.58 | blk_msk    575.2 ns tail  1.30 | blk_ovr    590.9 ns tail  1.50 | control +0.0% | spread 2.5% | col 80.6 ns
n1   R=43  c=25  L1  * | narrow   1313.3 ns tail  3.74 | masked   1595.0 ns tail 10.00 | blk_nar   1256.7 ns tail  2.48 | blk_msk   1266.7 ns tail  2.70 | blk_ovr   1258.3 ns tail  2.52 | control -0.4% | spread 0.4% | col 45.0 ns
n1   R=43  c=25  L2    | narrow   1401.8 ns tail  4.46 | masked   1716.1 ns tail 11.79 | blk_nar   1337.5 ns tail  2.96 | blk_msk   1339.3 ns tail  3.00 | blk_ovr   1325.0 ns tail  2.67 | control -0.1% | spread 0.4% | col 42.9 ns
n1   R=43  c=25  L3    | narrow   1600.0 ns tail  4.16 | masked   1927.3 ns tail 12.80 | blk_nar   1533.3 ns tail  2.40 | blk_msk   1536.4 ns tail  2.48 | blk_ovr   1536.4 ns tail  2.48 | control +0.0% | spread 2.7% | col 37.9 ns
n1   R=43  c=25  DRAM  | narrow   2639.3 ns tail  1.00 | masked   2889.3 ns tail  4.04 | blk_nar   2592.9 ns tail  0.43 | blk_msk   2571.4 ns tail  0.17 | blk_ovr   2592.9 ns tail  0.43 | control +0.3% | spread 1.8% | col 82.1 ns
n1   R=47  c=1   L1    | narrow    181.7 ns tail  2.91 | masked    193.5 ns tail  3.11 | blk_nar    120.2 ns tail  1.91 | blk_msk    125.3 ns tail  2.00 | blk_ovr    122.2 ns tail  1.95 | control +0.3% | spread 0.1% | col 61.5 ns
n1   R=47  c=1   L2    | narrow    182.3 ns tail  2.81 | masked    193.8 ns tail  2.99 | blk_nar    122.6 ns tail  1.88 | blk_msk    128.4 ns tail  1.97 | blk_ovr    125.5 ns tail  1.92 | control +0.0% | spread 0.2% | col 64.0 ns
n1   R=47  c=1   L3    | narrow    196.9 ns tail  2.93 | masked    203.1 ns tail  3.02 | blk_nar    124.9 ns tail  1.84 | blk_msk    130.6 ns tail  1.93 | blk_ovr    126.9 ns tail  1.87 | control -0.5% | spread 1.6% | col 66.3 ns
n1   R=47  c=1   DRAM  | narrow    302.3 ns tail  3.02 | masked    292.2 ns tail  2.92 | blk_nar    153.5 ns tail  1.52 | blk_msk    155.1 ns tail  1.54 | blk_ovr    155.5 ns tail  1.54 | control -1.4% | spread 1.9% | col 99.4 ns
n1   R=47  c=5   L1    | narrow    557.6 ns tail  5.84 | masked    579.2 ns tail  6.23 | blk_nar    354.2 ns tail  2.15 | blk_msk    362.5 ns tail  2.30 | blk_ovr    357.6 ns tail  2.21 | control +0.0% | spread 0.0% | col 55.2 ns
n1   R=47  c=5   L2    | narrow    564.5 ns tail  5.39 | masked    587.9 ns tail  5.78 | blk_nar    380.1 ns tail  2.28 | blk_msk    392.9 ns tail  2.49 | blk_ovr    380.1 ns tail  2.28 | control -0.1% | spread 0.5% | col 59.2 ns
n1   R=47  c=5   L3    | narrow    613.2 ns tail  4.82 | masked    641.8 ns tail  5.26 | blk_nar    430.8 ns tail  2.03 | blk_msk    444.0 ns tail  2.24 | blk_ovr    431.9 ns tail  2.05 | control +0.7% | spread 1.1% | col 65.4 ns
n1   R=47  c=5   DRAM  | narrow    881.1 ns tail  3.92 | masked    895.6 ns tail  4.09 | blk_nar    704.4 ns tail  1.91 | blk_msk    710.0 ns tail  1.97 | blk_ovr    698.9 ns tail  1.85 | control -1.6% | spread 2.4% | col 87.8 ns
n1   R=47  c=25  L1  * | narrow   1676.6 ns tail  5.92 | masked   1704.3 ns tail  6.43 | blk_nar   1517.0 ns tail  2.98 | blk_msk   1546.8 ns tail  3.53 | blk_ovr   1500.0 ns tail  2.67 | control -0.1% | spread 0.1% | col 54.3 ns
n1   R=47  c=25  L2    | narrow   1744.4 ns tail  7.72 | masked   1791.1 ns tail  8.89 | blk_nar   1575.6 ns tail  3.50 | blk_msk   1620.0 ns tail  4.61 | blk_ovr   1568.9 ns tail  3.33 | control -0.1% | spread 0.3% | col 40.0 ns
n1   R=47  c=25  L3    | narrow   1953.6 ns tail  7.33 | masked   2000.0 ns tail  8.78 | blk_nar   1778.6 ns tail  1.89 | blk_msk   1810.7 ns tail  2.89 | blk_ovr   1771.4 ns tail  1.67 | control +0.2% | spread 1.8% | col 32.1 ns
n1   R=47  c=25  DRAM  | narrow   3056.0 ns tail  2.40 | masked   3100.0 ns tail  3.87 | blk_nar   2904.0 ns tail -2.67 | blk_msk   2924.0 ns tail -2.00 | blk_ovr   2904.0 ns tail -2.67 | control +0.1% | spread 1.2% | col 30.0 ns
n1t  R=3   c=1   L1    | narrow      2.3 ns tail  1.27 | masked      2.7 ns tail  1.89 | control +0.7% | spread 4.3% | col 0.7 ns
n1t  R=3   c=1   L2    | narrow      3.1 ns tail  1.13 | masked      3.1 ns tail  1.13 | control +0.0% | spread 0.5% | col 1.5 ns
n1t  R=3   c=1   L3    | narrow      4.7 ns tail  1.22 | masked      5.0 ns tail  1.30 | control +0.5% | spread 9.1% | col 2.7 ns
n1t  R=3   c=1   DRAM  | narrow     11.8 ns tail  1.23 | masked     11.6 ns tail  1.21 | control -0.4% | spread 2.4% | col 8.4 ns
n1t  R=3   c=5   L1    | narrow      4.5 ns tail  2.79 | masked      4.6 ns tail  3.17 | control +0.0% | spread 0.3% | col 0.3 ns
n1t  R=3   c=5   L2    | narrow      7.2 ns tail  0.84 | masked      7.2 ns tail  0.84 | control +0.0% | spread 1.4% | col 1.6 ns
n1t  R=3   c=5   L3    | narrow     14.6 ns tail  0.72 | masked     14.5 ns tail  0.67 | control +0.0% | spread 3.6% | col 2.3 ns
n1t  R=3   c=5   DRAM  | narrow     35.9 ns tail  1.27 | masked     35.5 ns tail  1.14 | control +0.7% | spread 2.3% | col 3.6 ns
n1t  R=3   c=25  L1    | narrow     11.2 ns tail  4.75 | masked     11.3 ns tail  5.50 | control -0.3% | spread 0.3% | col 0.1 ns
n1t  R=3   c=25  L2    | narrow     28.2 ns tail  0.80 | masked     28.2 ns tail  0.80 | control +0.0% | spread 0.0% | col 1.0 ns
n1t  R=3   c=25  L3    | narrow     40.2 ns tail -0.89 | masked     40.1 ns tail -1.00 | control +0.7% | spread 8.0% | col 1.3 ns
n1t  R=3   c=25  DRAM  | narrow    123.6 ns tail  0.53 | masked    123.2 ns tail  0.21 | control -0.2% | spread 1.9% | col 1.4 ns
n1t  R=5   c=1   L1    | narrow      3.6 ns tail  1.36 | masked      4.3 ns tail  2.04 | control +0.0% | spread 0.3% | col 1.0 ns
n1t  R=5   c=1   L2    | narrow      5.5 ns tail  1.33 | masked      6.2 ns tail  1.62 | control +0.0% | spread 0.7% | col 2.4 ns
n1t  R=5   c=1   L3    | narrow      8.1 ns tail  1.54 | masked      8.4 ns tail  1.63 | control +1.1% | spread 1.1% | col 3.8 ns
n1t  R=5   c=1   DRAM  | narrow     22.4 ns tail  1.59 | masked     22.5 ns tail  1.59 | control +0.7% | spread 2.6% | col 12.7 ns
n1t  R=5   c=5   L1    | narrow      7.3 ns tail  2.11 | masked      8.4 ns tail  3.38 | control +0.0% | spread 0.2% | col 0.8 ns
n1t  R=5   c=5   L2    | narrow     11.9 ns tail  0.65 | masked     12.6 ns tail  0.88 | control +0.0% | spread 1.1% | col 2.9 ns
n1t  R=5   c=5   L3    | narrow     20.9 ns tail  1.07 | masked     20.8 ns tail  1.04 | control +0.0% | spread 3.8% | col 3.0 ns
n1t  R=5   c=5   DRAM  | narrow     55.0 ns tail  0.77 | masked     56.7 ns tail  1.18 | control +1.7% | spread 2.6% | col 4.3 ns
n1t  R=5   c=25  L1    | narrow     24.4 ns tail  2.52 | masked     27.6 ns tail  7.61 | control +0.0% | spread 0.2% | col 0.6 ns
n1t  R=5   c=25  L2    | narrow     51.9 ns tail  0.79 | masked     52.7 ns tail  1.17 | control +0.0% | spread 0.3% | col 2.0 ns
n1t  R=5   c=25  L3    | narrow     70.7 ns tail  0.67 | masked     70.7 ns tail  0.67 | control -0.8% | spread 13.5% | col 1.7 ns
n1t  R=5   c=25  DRAM  | narrow    201.0 ns tail  0.84 | masked    202.5 ns tail  1.47 | control +0.5% | spread 1.6% | col 2.4 ns
n1t  R=7   c=1   L1    | narrow      4.7 ns tail  1.52 | masked      5.5 ns tail  2.06 | control +0.2% | spread 0.5% | col 1.4 ns
n1t  R=7   c=1   L2    | narrow      6.2 ns tail  1.25 | masked      6.8 ns tail  1.48 | control +0.0% | spread 0.8% | col 3.0 ns
n1t  R=7   c=1   L3    | narrow      9.8 ns tail  1.40 | masked      9.9 ns tail  1.42 | control +0.0% | spread 1.9% | col 5.2 ns
n1t  R=7   c=1   DRAM  | narrow     23.7 ns tail  1.31 | masked     23.3 ns tail  1.29 | control -0.4% | spread 5.5% | col 16.2 ns
n1t  R=7   c=5   L1    | narrow     11.0 ns tail  2.40 | masked     12.1 ns tail  3.21 | control +0.0% | spread 0.4% | col 1.4 ns
n1t  R=7   c=5   L2    | narrow     15.9 ns tail  0.75 | masked     15.9 ns tail  0.72 | control +0.0% | spread 1.8% | col 3.1 ns
n1t  R=7   c=5   L3    | narrow     26.8 ns tail  0.76 | masked     26.5 ns tail  0.70 | control -0.4% | spread 2.5% | col 4.0 ns
n1t  R=7   c=5   DRAM  | narrow     84.5 ns tail  0.99 | masked     84.2 ns tail  0.96 | control -1.9% | spread 19.1% | col 10.2 ns
n1t  R=7   c=25  L1    | narrow     40.7 ns tail  2.88 | masked     41.5 ns tail  3.56 | control -0.2% | spread 0.2% | col 1.2 ns
n1t  R=7   c=25  L2    | narrow     70.0 ns tail  1.00 | masked     70.4 ns tail  1.14 | control +0.0% | spread 0.4% | col 3.2 ns
n1t  R=7   c=25  L3    | narrow    110.7 ns tail  0.00 | masked    110.7 ns tail  0.00 | control +0.7% | spread 2.0% | col 2.6 ns
n1t  R=7   c=25  DRAM  | narrow    294.0 ns tail  0.00 | masked    294.0 ns tail  0.00 | control -0.6% | spread 2.4% | col 0.0 ns
n1t  R=9   c=1   L1    | narrow      6.2 ns tail  1.86 | masked      7.1 ns tail  2.27 | control +0.0% | spread 0.3% | col 2.0 ns
n1t  R=9   c=1   L2    | narrow      8.4 ns tail  1.52 | masked      8.2 ns tail  1.48 | control +0.0% | spread 0.0% | col 3.9 ns
n1t  R=9   c=1   L3    | narrow     12.5 ns tail  1.62 | masked     12.6 ns tail  1.65 | control -0.3% | spread 1.0% | col 6.2 ns
n1t  R=9   c=1   DRAM  | narrow     31.5 ns tail  1.63 | masked     30.9 ns tail  1.59 | control +0.3% | spread 1.3% | col 17.8 ns
n1t  R=9   c=5   L1    | narrow     16.4 ns tail  2.64 | masked     17.8 ns tail  3.29 | control +0.0% | spread 0.5% | col 2.2 ns
n1t  R=9   c=5   L2    | narrow     20.8 ns tail  1.30 | masked     20.9 ns tail  1.33 | control +0.0% | spread 1.9% | col 4.3 ns
n1t  R=9   c=5   L3    | narrow     33.2 ns tail  0.68 | masked     33.3 ns tail  0.70 | control +0.3% | spread 2.9% | col 3.8 ns
n1t  R=9   c=5   DRAM  | narrow     99.6 ns tail -1.17 | masked     98.8 ns tail -1.40 | control -1.5% | spread 1.6% | col 3.8 ns
n1t  R=9   c=25  L1    | narrow     61.5 ns tail  3.65 | masked     62.9 ns tail  4.78 | control +0.0% | spread 0.2% | col 1.3 ns
n1t  R=9   c=25  L2    | narrow     89.1 ns tail  1.23 | masked     89.1 ns tail  1.23 | control +0.2% | spread 0.4% | col 4.5 ns
n1t  R=9   c=25  L3    | narrow    140.3 ns tail  0.82 | masked    140.3 ns tail  0.82 | control +0.0% | spread 1.9% | col 5.7 ns
n1t  R=9   c=25  DRAM  | narrow    388.8 ns tail  0.00 | masked    382.0 ns tail  0.00 | control -1.9% | spread 2.6% | col -2.0 ns
n1t  R=11  c=1   L1    | narrow      8.4 ns tail  1.84 | masked      9.9 ns tail  2.30 | control +0.0% | spread 0.2% | col 3.2 ns
n1t  R=11  c=1   L2    | narrow      9.5 ns tail  1.23 | masked     11.0 ns tail  1.49 | control +0.0% | spread 0.6% | col 5.7 ns
n1t  R=11  c=1   L3    | narrow     13.5 ns tail  1.37 | masked     17.0 ns tail  1.80 | control -0.3% | spread 1.3% | col 8.0 ns
n1t  R=11  c=1   DRAM  | narrow     32.3 ns tail  1.36 | masked     53.2 ns tail  2.32 | control +0.0% | spread 8.6% | col 21.9 ns
n1t  R=11  c=5   L1    | narrow     23.7 ns tail  2.02 | masked     25.6 ns tail  2.51 | control -0.2% | spread 0.4% | col 3.9 ns
n1t  R=11  c=5   L2    | narrow     25.8 ns tail  0.73 | masked     28.2 ns tail  1.14 | control +0.0% | spread 0.6% | col 5.9 ns
n1t  R=11  c=5   L3    | narrow     39.3 ns tail  0.41 | masked     44.7 ns tail  1.56 | control +0.9% | spread 3.5% | col 4.7 ns
n1t  R=11  c=5   DRAM  | narrow    126.2 ns tail -0.03 | masked    136.4 ns tail  1.86 | control +0.0% | spread 1.9% | col 5.4 ns
n1t  R=11  c=25  L1    | narrow     93.2 ns tail  1.86 | masked     95.0 ns tail  2.25 | control +0.0% | spread 0.2% | col 4.6 ns
n1t  R=11  c=25  L2    | narrow    119.2 ns tail  0.81 | masked    121.7 ns tail  1.23 | control +0.4% | spread 0.7% | col 6.0 ns
n1t  R=11  c=25  L3    | narrow    173.7 ns tail  1.69 | masked    179.5 ns tail  3.08 | control +0.4% | spread 11.1% | col 4.2 ns
n1t  R=11  c=25  DRAM  | narrow    480.9 ns tail -27.00 | masked    490.1 ns tail -13.00 | control -0.3% | spread 4.1% | col 0.7 ns
n1t  R=13  c=1   L1    | narrow     11.0 ns tail  1.72 | masked     12.1 ns tail  1.94 | control +0.2% | spread 0.2% | col 5.0 ns
n1t  R=13  c=1   L2    | narrow     11.9 ns tail  1.46 | masked     12.7 ns tail  1.59 | control +0.0% | spread 0.7% | col 6.4 ns
n1t  R=13  c=1   L3    | narrow     15.8 ns tail  1.41 | masked     16.1 ns tail  1.43 | control -0.4% | spread 1.1% | col 9.5 ns
n1t  R=13  c=1   DRAM  | narrow     46.8 ns tail  1.65 | masked     45.6 ns tail  1.60 | control -1.8% | spread 6.4% | col 26.9 ns
n1t  R=13  c=5   L1    | narrow     32.0 ns tail  1.98 | masked     33.1 ns tail  2.20 | control +0.0% | spread 0.2% | col 5.0 ns
n1t  R=13  c=5   L2    | narrow     35.8 ns tail  1.05 | masked     35.8 ns tail  1.05 | control +0.6% | spread 3.5% | col 8.4 ns
n1t  R=13  c=5   L3    | narrow     51.1 ns tail  0.80 | masked     49.2 ns tail  0.51 | control -1.4% | spread 9.8% | col 6.6 ns
n1t  R=13  c=5   DRAM  | narrow    149.6 ns tail  1.03 | masked    148.0 ns tail  0.81 | control -2.2% | spread 5.5% | col 7.1 ns
n1t  R=13  c=25  L1    | narrow    126.5 ns tail  3.29 | masked    125.8 ns tail  3.10 | control +0.0% | spread 0.2% | col 3.5 ns
n1t  R=13  c=25  L2    | narrow    166.4 ns tail  1.47 | masked    150.7 ns tail -0.57 | control +0.0% | spread 0.2% | col 7.7 ns
n1t  R=13  c=25  L3    | narrow    226.9 ns tail  0.50 | masked    213.4 ns tail -1.30 | control +0.0% | spread 3.9% | col 7.5 ns
n1t  R=13  c=25  DRAM  | narrow    565.9 ns tail  0.00 | masked    570.5 ns tail  0.00 | control +1.0% | spread 1.5% | col -4.7 ns
n1t  R=15  c=1   L1    | narrow     13.6 ns tail  1.71 | masked     16.4 ns tail  2.13 | control +0.0% | spread 0.5% | col 6.4 ns
n1t  R=15  c=1   L2    | narrow     14.2 ns tail  1.35 | masked     17.3 ns tail  1.71 | control +0.0% | spread 0.4% | col 8.6 ns
n1t  R=15  c=1   L3    | narrow     21.0 ns tail  1.34 | masked     20.0 ns tail  1.27 | control +0.3% | spread 2.9% | col 13.7 ns
n1t  R=15  c=1   DRAM  | narrow     47.4 ns tail  1.43 | masked     46.0 ns tail  1.39 | control +0.4% | spread 3.3% | col 31.2 ns
n1t  R=15  c=5   L1    | narrow     41.9 ns tail  1.95 | masked     43.9 ns tail  2.26 | control +0.0% | spread 0.2% | col 6.7 ns
n1t  R=15  c=5   L2    | narrow     46.3 ns tail  1.32 | masked     48.8 ns tail  1.59 | control +0.3% | spread 0.8% | col 9.6 ns
n1t  R=15  c=5   L3    | narrow     61.9 ns tail  0.83 | masked     63.7 ns tail  1.02 | control -0.4% | spread 2.2% | col 9.2 ns
n1t  R=15  c=5   DRAM  | narrow    177.9 ns tail  1.31 | masked    177.5 ns tail  1.27 | control -1.5% | spread 2.4% | col 10.9 ns
n1t  R=15  c=25  L1    | narrow    172.8 ns tail  2.84 | masked    180.9 ns tail  4.36 | control +0.0% | spread 0.1% | col 5.4 ns
n1t  R=15  c=25  L2    | narrow    206.9 ns tail  1.29 | masked    213.1 ns tail  2.04 | control -0.2% | spread 2.5% | col 8.2 ns
n1t  R=15  c=25  L3    | narrow    275.7 ns tail  0.33 | masked    280.4 ns tail  0.89 | control -0.3% | spread 5.8% | col 8.4 ns
n1t  R=15  c=25  DRAM  | narrow    681.1 ns tail  0.00 | masked    682.1 ns tail  0.00 | control -1.4% | spread 3.2% | col -5.3 ns
n1t  R=17  c=1   L1    | narrow     19.3 ns tail  1.56 | masked     22.9 ns tail  1.90 | control -0.2% | spread 0.2% | col 10.6 ns
n1t  R=17  c=1   L2    | narrow     20.9 ns tail  1.48 | masked     24.4 ns tail  1.76 | control +0.0% | spread 0.4% | col 12.3 ns
n1t  R=17  c=1   L3    | narrow     27.0 ns tail  1.56 | masked     26.6 ns tail  1.54 | control -0.3% | spread 0.9% | col 15.5 ns
n1t  R=17  c=1   DRAM  | narrow     58.1 ns tail  1.57 | masked     57.3 ns tail  1.55 | control -0.2% | spread 2.4% | col 35.2 ns
n1t  R=17  c=5   L1    | narrow     61.0 ns tail  1.81 | masked     60.8 ns tail  1.79 | control +0.0% | spread 0.2% | col 9.5 ns
n1t  R=17  c=5   L2    | narrow     68.6 ns tail  1.07 | masked     65.2 ns tail  0.83 | control +0.0% | spread 0.8% | col 14.2 ns
n1t  R=17  c=5   L3    | narrow    106.8 ns tail  0.92 | masked    105.0 ns tail  0.82 | control +0.0% | spread 16.8% | col 18.3 ns
n1t  R=17  c=5   DRAM  | narrow    218.2 ns tail  1.28 | masked    216.0 ns tail  1.16 | control +0.1% | spread 2.7% | col 17.6 ns
n1t  R=17  c=25  L1    | narrow    259.0 ns tail  2.42 | masked    241.0 ns tail  0.30 | control -0.1% | spread 0.1% | col 8.5 ns
n1t  R=17  c=25  L2    | narrow    313.4 ns tail  1.51 | masked    274.0 ns tail -1.77 | control +0.0% | spread 0.3% | col 12.0 ns
n1t  R=17  c=25  L3    | narrow    390.8 ns tail  1.56 | masked    356.3 ns tail -1.78 | control +0.3% | spread 1.5% | col 10.3 ns
n1t  R=17  c=25  DRAM  | narrow    826.9 ns tail -3.29 | masked    839.8 ns tail -1.57 | control -0.5% | spread 2.7% | col 7.5 ns
n1t  R=19  c=1   L1    | narrow     24.5 ns tail  1.58 | masked     29.1 ns tail  1.91 | control -0.2% | spread 0.2% | col 14.0 ns
n1t  R=19  c=1   L2    | narrow     25.3 ns tail  1.27 | masked     29.7 ns tail  1.52 | control +0.6% | spread 0.6% | col 18.0 ns
n1t  R=19  c=1   L3    | narrow     31.4 ns tail  1.32 | masked     32.5 ns tail  1.38 | control -0.2% | spread 1.2% | col 21.9 ns
n1t  R=19  c=1   DRAM  | narrow     56.1 ns tail  1.35 | masked     56.8 ns tail  1.37 | control +1.2% | spread 4.5% | col 39.8 ns
n1t  R=19  c=5   L1    | narrow     77.3 ns tail  1.75 | masked     75.4 ns tail  1.60 | control -0.2% | spread 0.4% | col 12.6 ns
n1t  R=19  c=5   L2    | narrow     96.0 ns tail  1.02 | masked     84.9 ns tail  0.50 | control +0.2% | spread 0.5% | col 21.0 ns
n1t  R=19  c=5   L3    | narrow    121.8 ns tail  1.09 | masked    102.5 ns tail  0.02 | control +0.3% | spread 5.5% | col 18.0 ns
n1t  R=19  c=5   DRAM  | narrow    276.7 ns tail  1.83 | masked    270.0 ns tail  1.52 | control -0.3% | spread 6.2% | col 21.3 ns
n1t  R=19  c=25  L1    | narrow    332.0 ns tail  1.81 | masked    307.8 ns tail -0.51 | control +0.0% | spread 0.1% | col 10.4 ns
n1t  R=19  c=25  L2    | narrow    484.4 ns tail  0.59 | masked    353.8 ns tail -4.00 | control +2.7% | spread 3.5% | col 28.4 ns
n1t  R=19  c=25  L3    | narrow    592.5 ns tail  1.09 | masked    468.8 ns tail -4.57 | control +0.8% | spread 3.6% | col 21.9 ns
n1t  R=19  c=25  DRAM  | narrow    976.0 ns tail -0.62 | masked    938.7 ns tail -2.77 | control +0.7% | spread 3.1% | col 17.3 ns
n1t  R=21  c=1   L1    | narrow     29.4 ns tail  1.61 | masked     40.3 ns tail  2.27 | control +0.0% | spread 0.0% | col 16.6 ns
n1t  R=21  c=1   L2    | narrow     33.6 ns tail  1.28 | masked     40.4 ns tail  1.55 | control +0.3% | spread 0.6% | col 24.3 ns
n1t  R=21  c=1   L3    | narrow     48.5 ns tail  1.44 | masked     50.2 ns tail  1.49 | control -0.2% | spread 0.8% | col 31.9 ns
n1t  R=21  c=1   DRAM  | narrow     73.6 ns tail  1.54 | masked     70.4 ns tail  1.47 | control +0.5% | spread 3.7% | col 46.0 ns
n1t  R=21  c=5   L1    | narrow     94.0 ns tail  1.51 | masked    107.1 ns tail  2.30 | control +0.0% | spread 0.4% | col 16.5 ns
n1t  R=21  c=5   L2    | narrow    118.8 ns tail  1.43 | masked    127.2 ns tail  1.82 | control +0.0% | spread 0.5% | col 21.3 ns
n1t  R=21  c=5   L3    | narrow    151.4 ns tail  1.31 | masked    153.3 ns tail  1.39 | control -0.6% | spread 9.6% | col 22.2 ns
n1t  R=21  c=5   DRAM  | narrow    294.1 ns tail  1.51 | masked    292.0 ns tail  1.43 | control -1.0% | spread 4.3% | col 25.1 ns
n1t  R=21  c=25  L1    | narrow    413.0 ns tail  1.53 | masked    423.4 ns tail  2.20 | control +0.0% | spread 0.1% | col 15.6 ns
n1t  R=21  c=25  L2    | narrow    523.8 ns tail  1.74 | masked    528.5 ns tail  1.97 | control -0.4% | spread 1.8% | col 20.2 ns
n1t  R=21  c=25  L3    | narrow    622.7 ns tail  1.54 | masked    627.3 ns tail  1.77 | control +0.2% | spread 2.2% | col 19.7 ns
n1t  R=21  c=25  DRAM  | narrow   1093.5 ns tail  0.50 | masked   1087.0 ns tail  0.12 | control +0.2% | spread 2.8% | col 17.4 ns
n1t  R=23  c=1   L1    | narrow     35.9 ns tail  1.28 | masked     47.0 ns tail  1.70 | control +0.2% | spread 0.2% | col 26.1 ns
n1t  R=23  c=1   L2    | narrow     36.9 ns tail  0.82 | masked     49.7 ns tail  1.13 | control +0.0% | spread 0.0% | col 41.5 ns
n1t  R=23  c=1   L3    | narrow     47.3 ns tail  0.87 | masked     62.7 ns tail  1.17 | control +0.0% | spread 2.1% | col 51.4 ns
n1t  R=23  c=1   DRAM  | narrow     79.6 ns tail  1.19 | masked     83.0 ns tail  1.24 | control -1.2% | spread 3.2% | col 64.8 ns
n1t  R=23  c=5   L1    | narrow    126.8 ns tail  1.17 | masked    145.5 ns tail  2.01 | control +0.0% | spread 0.1% | col 22.3 ns
n1t  R=23  c=5   L2    | narrow    191.9 ns tail  0.75 | masked    209.4 ns tail  1.21 | control +0.0% | spread 0.4% | col 38.2 ns
n1t  R=23  c=5   L3    | narrow    238.7 ns tail  0.85 | masked    260.4 ns tail  1.44 | control +0.0% | spread 15.8% | col 37.0 ns
n1t  R=23  c=5   DRAM  | narrow    371.8 ns tail  1.15 | masked    389.3 ns tail  1.54 | control -0.3% | spread 7.0% | col 44.7 ns
n1t  R=23  c=25  L1    | narrow    574.1 ns tail  1.23 | masked    592.1 ns tail  2.03 | control +0.0% | spread 0.1% | col 22.3 ns
n1t  R=23  c=25  L2    | narrow    955.4 ns tail  0.81 | masked    972.3 ns tail  1.26 | control +0.0% | spread 0.6% | col 37.3 ns
n1t  R=23  c=25  L3    | narrow   1057.4 ns tail  0.90 | masked   1070.4 ns tail  1.24 | control +0.0% | spread 1.9% | col 38.9 ns
n1t  R=23  c=25  DRAM  | narrow   1455.8 ns tail  1.06 | masked   1476.9 ns tail  1.67 | control +0.4% | spread 1.8% | col 34.6 ns
n1t  R=25  c=1   L1    | narrow     41.6 ns tail  1.13 | masked     66.2 ns tail  1.84 | control +0.0% | spread 0.2% | col 34.5 ns
n1t  R=25  c=1   L2    | narrow     42.8 ns tail  0.88 | masked     69.5 ns tail  1.47 | control -0.2% | spread 0.2% | col 45.4 ns
n1t  R=25  c=1   L3    | narrow     58.0 ns tail  1.00 | masked     81.1 ns tail  1.42 | control +0.0% | spread 0.6% | col 55.3 ns
n1t  R=25  c=1   DRAM  | narrow     88.2 ns tail  1.20 | masked     98.2 ns tail  1.34 | control -0.7% | spread 5.3% | col 70.9 ns
n1t  R=25  c=5   L1    | narrow    161.1 ns tail  1.03 | masked    193.5 ns tail  2.17 | control -0.1% | spread 0.1% | col 28.3 ns
n1t  R=25  c=5   L2    | narrow    215.4 ns tail  0.99 | masked    242.9 ns tail  1.65 | control +0.0% | spread 0.3% | col 41.2 ns
n1t  R=25  c=5   L3    | narrow    262.8 ns tail  1.08 | masked    293.1 ns tail  1.82 | control -1.6% | spread 6.3% | col 41.0 ns
n1t  R=25  c=5   DRAM  | narrow    423.2 ns tail  1.35 | masked    448.2 ns tail  1.89 | control -0.8% | spread 2.5% | col 46.7 ns
n1t  R=25  c=25  L1    | narrow    742.6 ns tail  1.05 | masked    793.5 ns tail  2.79 | control -0.1% | spread 0.4% | col 29.2 ns
n1t  R=25  c=25  L2    | narrow   1017.9 ns tail  0.93 | masked   1055.1 ns tail  1.96 | control +0.0% | spread 0.3% | col 35.9 ns
n1t  R=25  c=25  L3    | narrow   1149.0 ns tail  1.07 | masked   1181.6 ns tail  2.13 | control -0.2% | spread 1.6% | col 30.6 ns
n1t  R=25  c=25  DRAM  | narrow   1575.0 ns tail -2.29 | masked   1591.7 ns tail  0.00 | control -0.1% | spread 9.5% | col 7.3 ns
n1t  R=27  c=1   L1    | narrow     47.1 ns tail  1.13 | masked     70.1 ns tail  1.71 | control +0.0% | spread 0.2% | col 39.5 ns
n1t  R=27  c=1   L2    | narrow     48.3 ns tail  0.80 | masked     75.5 ns tail  1.28 | control +0.0% | spread 0.3% | col 56.9 ns
n1t  R=27  c=1   L3    | narrow     65.5 ns tail  0.96 | masked     88.6 ns tail  1.32 | control +0.0% | spread 0.6% | col 65.3 ns
n1t  R=27  c=1   DRAM  | narrow     89.6 ns tail  1.17 | masked    103.9 ns tail  1.36 | control -1.4% | spread 7.2% | col 74.7 ns
n1t  R=27  c=5   L1    | narrow    183.3 ns tail  1.21 | masked    213.1 ns tail  2.16 | control +0.0% | spread 0.2% | col 31.2 ns
n1t  R=27  c=5   L2    | narrow    264.4 ns tail  0.92 | masked    293.3 ns tail  1.49 | control +0.0% | spread 0.5% | col 51.3 ns
n1t  R=27  c=5   L3    | narrow    303.0 ns tail  0.99 | masked    332.7 ns tail  1.64 | control -0.4% | spread 2.9% | col 45.8 ns
n1t  R=27  c=5   DRAM  | narrow    472.1 ns tail  1.28 | masked    493.6 ns tail  1.68 | control +0.1% | spread 1.8% | col 54.1 ns
n1t  R=27  c=25  L1    | narrow    825.8 ns tail  1.24 | masked    858.1 ns tail  2.28 | control +0.0% | spread 0.5% | col 31.2 ns
n1t  R=27  c=25  L2    | narrow   1279.0 ns tail  0.98 | masked   1306.5 ns tail  1.56 | control +0.0% | spread 0.9% | col 47.6 ns
n1t  R=27  c=25  L3    | narrow   1404.7 ns tail  0.86 | masked   1434.9 ns tail  1.45 | control +0.5% | spread 1.7% | col 51.2 ns
n1t  R=27  c=25  DRAM  | narrow   1800.0 ns tail  0.92 | masked   1816.3 ns tail  1.28 | control +0.3% | spread 0.5% | col 45.3 ns
n1t  R=29  c=1   L1    | narrow     54.5 ns tail  1.35 | masked     67.1 ns tail  1.67 | control +0.2% | spread 0.4% | col 38.5 ns
n1t  R=29  c=1   L2    | narrow     56.8 ns tail  1.12 | masked     70.2 ns tail  1.40 | control +0.0% | spread 0.5% | col 48.3 ns
n1t  R=29  c=1   L3    | narrow     75.0 ns tail  1.44 | masked     74.8 ns tail  1.43 | control -0.4% | spread 2.6% | col 50.3 ns
n1t  R=29  c=1   DRAM  | narrow    105.3 ns tail  1.50 | masked    110.4 ns tail  1.57 | control +1.1% | spread 2.6% | col 68.6 ns
n1t  R=29  c=5   L1    | narrow    184.8 ns tail  1.47 | masked    198.6 ns tail  1.91 | control +0.1% | spread 0.1% | col 31.4 ns
n1t  R=29  c=5   L2    | narrow    234.4 ns tail  1.70 | masked    241.3 ns tail  1.90 | control -0.2% | spread 5.7% | col 35.6 ns
n1t  R=29  c=5   L3    | narrow    270.6 ns tail  1.52 | masked    273.9 ns tail  1.62 | control +0.2% | spread 3.3% | col 34.7 ns
n1t  R=29  c=5   DRAM  | narrow    442.0 ns tail  1.02 | masked    461.9 ns tail  1.42 | control +0.8% | spread 5.1% | col 50.6 ns
n1t  R=29  c=25  L1    | narrow    818.6 ns tail  1.51 | masked    828.9 ns tail  1.84 | control +0.0% | spread 0.3% | col 31.4 ns
n1t  R=29  c=25  L2    | narrow    972.0 ns tail  1.73 | masked    969.5 ns tail  1.66 | control +0.0% | spread 0.1% | col 36.0 ns
n1t  R=29  c=25  L3    | narrow   1121.7 ns tail  1.26 | masked   1134.8 ns tail  1.70 | control +0.2% | spread 1.2% | col 29.3 ns
n1t  R=29  c=25  DRAM  | narrow   1704.4 ns tail -0.09 | masked   1706.7 ns tail  0.00 | control +0.7% | spread 1.6% | col 25.6 ns
n1t  R=31  c=1   L1    | narrow     60.5 ns tail  1.34 | masked     74.1 ns tail  1.66 | control +0.2% | spread 0.4% | col 43.2 ns
n1t  R=31  c=1   L2    | narrow     65.5 ns tail  0.98 | masked     76.4 ns tail  1.15 | control +1.0% | spread 1.5% | col 64.4 ns
n1t  R=31  c=1   L3    | narrow     80.4 ns tail  1.12 | masked     81.8 ns tail  1.14 | control -0.2% | spread 1.5% | col 69.5 ns
n1t  R=31  c=1   DRAM  | narrow    117.6 ns tail  1.43 | masked    113.1 ns tail  1.37 | control -1.1% | spread 3.5% | col 80.5 ns
n1t  R=31  c=5   L1    | narrow    217.4 ns tail  1.45 | masked    230.8 ns tail  1.81 | control -0.1% | spread 0.3% | col 38.0 ns
n1t  R=31  c=5   L2    | narrow    311.3 ns tail  1.17 | masked    316.3 ns tail  1.26 | control +0.1% | spread 1.5% | col 56.0 ns
n1t  R=31  c=5   L3    | narrow    461.0 ns tail  1.25 | masked    467.4 ns tail  1.33 | control +0.5% | spread 15.5% | col 80.9 ns
n1t  R=31  c=5   DRAM  | narrow    542.5 ns tail  1.23 | masked    549.6 ns tail  1.35 | control +0.4% | spread 2.8% | col 59.4 ns
n1t  R=31  c=25  L1  * | narrow    952.4 ns tail  1.65 | masked    959.8 ns tail  1.86 | control +0.0% | spread 0.3% | col 34.8 ns
n1t  R=31  c=25  L2    | narrow   1435.2 ns tail  1.18 | masked   1442.6 ns tail  1.33 | control +0.0% | spread 0.1% | col 47.2 ns
n1t  R=31  c=25  L3    | narrow   1602.7 ns tail  1.14 | masked   1608.1 ns tail  1.26 | control +0.0% | spread 2.4% | col 47.3 ns
n1t  R=31  c=25  DRAM  | narrow   2036.8 ns tail -0.54 | masked   2034.2 ns tail -0.62 | control +0.5% | spread 1.2% | col 34.2 ns
n1t  R=37  c=1   L1    | narrow     86.0 ns tail  0.73 | masked    153.8 ns tail  1.33 | control +0.2% | spread 0.6% | col 113.6 ns
n1t  R=37  c=1   L2    | narrow     93.3 ns tail  0.71 | masked    159.4 ns tail  1.22 | control +0.0% | spread 1.0% | col 128.0 ns
n1t  R=37  c=1   L3    | narrow    111.7 ns tail  0.78 | masked    174.6 ns tail  1.23 | control +0.0% | spread 1.9% | col 139.6 ns
n1t  R=37  c=1   DRAM  | narrow    150.9 ns tail  0.96 | masked    209.3 ns tail  1.33 | control +0.9% | spread 2.6% | col 154.8 ns
n1t  R=37  c=5   L1    | narrow    586.2 ns tail  1.61 | masked    668.8 ns tail  2.42 | control -0.2% | spread 0.6% | col 101.4 ns
n1t  R=37  c=5   L2    | narrow    659.3 ns tail  1.48 | masked    739.8 ns tail  2.18 | control +0.0% | spread 0.1% | col 116.1 ns
n1t  R=37  c=5   L3    | narrow    756.7 ns tail  1.55 | masked    827.8 ns tail  2.10 | control -2.8% | spread 8.7% | col 127.8 ns
n1t  R=37  c=5   DRAM  | narrow    887.2 ns tail  1.24 | masked    964.0 ns tail  1.84 | control +0.8% | spread 2.5% | col 127.3 ns
n1t  R=37  c=25  L1  * | narrow   2600.0 ns tail  1.22 | masked   2703.4 ns tail  2.12 | control +0.9% | spread 4.1% | col 115.5 ns
n1t  R=37  c=25  L2    | narrow   2944.4 ns tail  1.43 | masked   3055.6 ns tail  2.38 | control +0.1% | spread 0.1% | col 116.7 ns
n1t  R=37  c=25  L3    | narrow   3181.0 ns tail  1.23 | masked   3276.2 ns tail  2.14 | control -0.1% | spread 2.4% | col 104.8 ns
n1t  R=37  c=25  DRAM  | narrow   3676.2 ns tail  0.51 | masked   3776.2 ns tail  1.49 | control +0.0% | spread 0.8% | col 102.4 ns
n1t  R=41  c=1   L1    | narrow    109.3 ns tail  0.88 | masked    191.8 ns tail  1.57 | control +0.8% | spread 1.0% | col 120.4 ns
n1t  R=41  c=1   L2    | narrow    118.6 ns tail  0.84 | masked    198.9 ns tail  1.42 | control +0.5% | spread 1.7% | col 138.0 ns
n1t  R=41  c=1   L3    | narrow    144.4 ns tail  0.91 | masked    215.2 ns tail  1.37 | control -0.4% | spread 5.3% | col 155.3 ns
n1t  R=41  c=1   DRAM  | narrow    190.6 ns tail  1.04 | masked    270.0 ns tail  1.48 | control +0.5% | spread 1.2% | col 180.8 ns
n1t  R=41  c=5   L1    | narrow    720.9 ns tail  2.40 | masked    840.9 ns tail  3.52 | control +0.0% | spread 0.8% | col 107.3 ns
n1t  R=41  c=5   L2    | narrow    788.1 ns tail  2.05 | masked    916.8 ns tail  3.07 | control +0.0% | spread 0.0% | col 126.2 ns
n1t  R=41  c=5   L3    | narrow    891.9 ns tail  1.93 | masked   1004.1 ns tail  2.74 | control -1.2% | spread 7.0% | col 138.5 ns
n1t  R=41  c=5   DRAM  | narrow   1033.3 ns tail  1.75 | masked   1171.4 ns tail  2.80 | control +0.2% | spread 1.5% | col 131.0 ns
n1t  R=41  c=25  L1  * | narrow   2972.0 ns tail  1.66 | masked   3496.0 ns tail  4.82 | control +0.5% | spread 3.5% | col 166.0 ns
n1t  R=41  c=25  L2    | narrow   3295.7 ns tail  2.11 | masked   3830.4 ns tail  6.58 | control +0.1% | spread 0.8% | col 119.6 ns
n1t  R=41  c=25  L3    | narrow   3731.6 ns tail  2.05 | masked   4173.7 ns tail  6.36 | control -1.3% | spread 6.9% | col 102.6 ns
n1t  R=41  c=25  DRAM  | narrow   4089.5 ns tail  0.70 | masked   4652.6 ns tail  6.49 | control -0.5% | spread 1.9% | col 97.4 ns
n1t  R=43  c=1   L1    | narrow    126.1 ns tail  1.47 | masked    139.7 ns tail  1.63 | control -0.2% | spread 0.5% | col 83.7 ns
n1t  R=43  c=1   L2    | narrow    133.7 ns tail  1.18 | masked    143.1 ns tail  1.26 | control +0.2% | spread 0.9% | col 110.7 ns
n1t  R=43  c=1   L3    | narrow    154.4 ns tail  1.26 | masked    155.1 ns tail  1.26 | control +0.7% | spread 1.2% | col 120.4 ns
n1t  R=43  c=1   DRAM  | narrow    214.7 ns tail  1.46 | masked    236.1 ns tail  1.61 | control -2.0% | spread 5.0% | col 145.0 ns
n1t  R=43  c=5   L1    | narrow    697.2 ns tail  5.49 | masked    699.1 ns tail  5.51 | control +0.0% | spread 0.1% | col 71.7 ns
n1t  R=43  c=5   L2    | narrow    749.1 ns tail  3.23 | masked    751.9 ns tail  3.26 | control +0.0% | spread 0.4% | col 99.5 ns
n1t  R=43  c=5   L3    | narrow    824.1 ns tail  2.68 | masked    851.9 ns tail  2.93 | control +0.5% | spread 5.2% | col 111.4 ns
n1t  R=43  c=5   DRAM  | narrow    997.2 ns tail  2.47 | masked   1005.6 ns tail  2.54 | control +0.1% | spread 2.6% | col 122.9 ns
n1t  R=43  c=25  L1  * | narrow   2182.9 ns tail  3.86 | masked   2214.3 ns tail  4.17 | control +1.6% | spread 1.4% | col 98.6 ns
n1t  R=43  c=25  L2    | narrow   2722.2 ns tail  3.02 | masked   2737.0 ns tail  3.18 | control -0.1% | spread 0.1% | col 94.4 ns
n1t  R=43  c=25  L3    | narrow   3004.8 ns tail  2.33 | masked   3009.5 ns tail  2.36 | control +0.0% | spread 1.7% | col 131.0 ns
n1t  R=43  c=25  DRAM  | narrow   3581.0 ns tail  2.58 | masked   3604.8 ns tail  2.84 | control +0.0% | spread 1.6% | col 90.5 ns
n1t  R=47  c=1   L1    | narrow    146.2 ns tail  1.46 | masked    176.2 ns tail  1.76 | control +1.0% | spread 1.4% | col 98.3 ns
n1t  R=47  c=1   L2    | narrow    153.9 ns tail  1.16 | masked    177.1 ns tail  1.33 | control +0.2% | spread 0.9% | col 130.7 ns
n1t  R=47  c=1   L3    | narrow    178.6 ns tail  1.20 | masked    189.1 ns tail  1.27 | control +0.0% | spread 1.8% | col 146.8 ns
n1t  R=47  c=1   DRAM  | narrow    248.7 ns tail  1.36 | masked    278.5 ns tail  1.52 | control +1.8% | spread 2.5% | col 180.9 ns
n1t  R=47  c=5   L1    | narrow    828.1 ns tail  5.64 | masked    845.8 ns tail  5.85 | control +0.0% | spread 0.0% | col 82.8 ns
n1t  R=47  c=5   L2    | narrow    889.9 ns tail  3.34 | masked    907.9 ns tail  3.49 | control +0.0% | spread 0.1% | col 116.9 ns
n1t  R=47  c=5   L3    | narrow   1094.1 ns tail  2.84 | masked   1127.9 ns tail  3.08 | control +0.4% | spread 3.8% | col 141.2 ns
n1t  R=47  c=5   DRAM  | narrow   1155.0 ns tail  2.91 | masked   1178.3 ns tail  3.09 | control -0.1% | spread 2.3% | col 131.7 ns
n1t  R=47  c=25  L1  * | narrow   2735.7 ns tail  3.28 | masked   2782.1 ns tail  3.63 | control -0.4% | spread 2.5% | col 133.9 ns
n1t  R=47  c=25  L2    | narrow   3200.0 ns tail  3.27 | masked   3262.5 ns tail  3.85 | control +0.0% | spread 0.5% | col 108.3 ns
n1t  R=47  c=25  L3    | narrow   3463.2 ns tail  2.78 | masked   3521.1 ns tail  3.22 | control -0.2% | spread 2.3% | col 134.2 ns
n1t  R=47  c=25  DRAM  | narrow   4105.6 ns tail  2.92 | masked   4166.7 ns tail  3.49 | control -0.5% | spread 2.6% | col 108.3 ns
t2   R=3   c=1   L1    | narrow      2.5 ns tail  1.61 | masked      3.0 ns tail  2.23 | control +0.0% | spread 0.2% | col 0.7 ns
t2   R=3   c=1   L2    | narrow      3.1 ns tail  1.40 | masked      3.0 ns tail  1.36 | control +0.0% | spread 0.8% | col 1.2 ns
t2   R=3   c=1   L3    | narrow      4.7 ns tail  1.17 | masked      4.7 ns tail  1.18 | control +0.0% | spread 1.5% | col 2.8 ns
t2   R=3   c=1   DRAM  | narrow     11.9 ns tail  1.23 | masked     12.1 ns tail  1.27 | control -0.4% | spread 3.3% | col 8.5 ns
t2   R=3   c=5   L1    | narrow      4.9 ns tail  2.80 | masked      5.5 ns tail  4.00 | control +0.0% | spread 0.0% | col 0.4 ns
t2   R=3   c=5   L2    | narrow      7.1 ns tail  1.02 | masked      7.2 ns tail  1.07 | control +0.0% | spread 1.8% | col 1.8 ns
t2   R=3   c=5   L3    | narrow     10.6 ns tail  0.94 | masked     10.6 ns tail  0.90 | control -0.4% | spread 6.3% | col 2.0 ns
t2   R=3   c=5   DRAM  | narrow     33.9 ns tail  1.14 | masked     35.2 ns tail  1.50 | control +0.6% | spread 2.4% | col 3.7 ns
t2   R=3   c=25  L1    | narrow     14.2 ns tail  4.67 | masked     14.4 ns tail  5.33 | control +0.0% | spread 0.4% | col 0.3 ns
t2   R=3   c=25  L2    | narrow     31.1 ns tail  0.72 | masked     29.0 ns tail  0.28 | control +0.5% | spread 0.5% | col 4.7 ns
t2   R=3   c=25  L3    | narrow     48.5 ns tail  0.45 | masked     47.9 ns tail  0.19 | control +0.3% | spread 11.6% | col 2.2 ns
t2   R=3   c=25  DRAM  | narrow    123.0 ns tail  0.31 | masked    124.7 ns tail  1.85 | control +1.1% | spread 2.3% | col 1.1 ns
t2   R=5   c=1   L1    | narrow      4.4 ns tail  2.11 | masked      5.5 ns tail  3.43 | control -0.2% | spread 0.4% | col 0.9 ns
t2   R=5   c=1   L2    | narrow      5.7 ns tail  1.70 | masked      6.2 ns tail  1.96 | control +0.0% | spread 4.1% | col 1.9 ns
t2   R=5   c=1   L3    | narrow      8.5 ns tail  1.59 | masked      8.8 ns tail  1.66 | control +1.8% | spread 3.2% | col 3.8 ns
t2   R=5   c=1   DRAM  | narrow     22.6 ns tail  1.54 | masked     22.2 ns tail  1.52 | control +0.1% | spread 4.0% | col 13.0 ns
t2   R=5   c=5   L1    | narrow      9.1 ns tail  3.03 | masked      9.9 ns tail  3.79 | control +0.0% | spread 0.2% | col 1.1 ns
t2   R=5   c=5   L2    | narrow     12.1 ns tail  0.81 | masked     12.4 ns tail  0.89 | control -0.8% | spread 5.9% | col 4.1 ns
t2   R=5   c=5   L3    | narrow     20.9 ns tail  1.29 | masked     20.5 ns tail  1.16 | control -0.3% | spread 6.2% | col 3.2 ns
t2   R=5   c=5   DRAM  | narrow     56.9 ns tail  0.97 | masked     57.8 ns tail  1.21 | control -1.0% | spread 4.9% | col 3.7 ns
t2   R=5   c=25  L1    | narrow     33.2 ns tail  4.35 | masked     33.9 ns tail  5.00 | control +0.2% | spread 0.2% | col 1.1 ns
t2   R=5   c=25  L2    | narrow     56.8 ns tail  1.44 | masked     56.6 ns tail  1.42 | control +0.0% | spread 0.5% | col 12.1 ns
t2   R=5   c=25  L3    | narrow     84.1 ns tail  0.97 | masked     86.1 ns tail  1.45 | control +1.2% | spread 9.1% | col 4.1 ns
t2   R=5   c=25  DRAM  | narrow    205.5 ns tail  6.40 | masked    207.1 ns tail  8.80 | control +0.1% | spread 3.3% | col 0.7 ns
t2   R=7   c=1   L1    | narrow      5.9 ns tail  2.15 | masked      7.5 ns tail  3.14 | control +0.0% | spread 0.2% | col 1.6 ns
t2   R=7   c=1   L2    | narrow      6.2 ns tail  1.59 | masked      7.5 ns tail  2.15 | control +0.0% | spread 0.5% | col 2.3 ns
t2   R=7   c=1   L3    | narrow      9.5 ns tail  1.45 | masked     10.3 ns tail  1.61 | control +0.0% | spread 0.7% | col 4.8 ns
t2   R=7   c=1   DRAM  | narrow     23.6 ns tail  1.33 | masked     23.7 ns tail  1.33 | control -1.1% | spread 2.5% | col 15.9 ns
t2   R=7   c=5   L1    | narrow     14.3 ns tail  2.45 | masked     16.4 ns tail  3.63 | control +0.0% | spread 0.4% | col 1.8 ns
t2   R=7   c=5   L2    | narrow     16.6 ns tail  1.35 | masked     16.9 ns tail  1.43 | control -0.6% | spread 1.1% | col 3.6 ns
t2   R=7   c=5   L3    | narrow     25.3 ns tail  0.71 | masked     25.6 ns tail  0.81 | control +0.4% | spread 3.0% | col 3.2 ns
t2   R=7   c=5   DRAM  | narrow     75.0 ns tail -0.30 | masked     75.0 ns tail -0.30 | control -1.2% | spread 1.6% | col 4.5 ns
t2   R=7   c=25  L1    | narrow     53.6 ns tail  2.62 | masked     55.1 ns tail  3.38 | control +0.0% | spread 0.2% | col 2.0 ns
t2   R=7   c=25  L2    | narrow     71.9 ns tail  1.44 | masked     69.9 ns tail  1.29 | control -0.2% | spread 0.3% | col 13.0 ns
t2   R=7   c=25  L3    | narrow     97.1 ns tail  1.43 | masked     96.5 ns tail  1.35 | control +0.0% | spread 3.6% | col 7.4 ns
t2   R=7   c=25  DRAM  | narrow    289.3 ns tail  0.00 | masked    288.0 ns tail  0.00 | control +0.3% | spread 3.5% | col 0.0 ns
t2   R=9   c=1   L1    | narrow      7.9 ns tail  2.11 | masked      9.9 ns tail  2.95 | blk_nar      8.6 ns tail  2.40 | blk_msk     10.5 ns tail  3.17 | blk_ovr      8.8 ns tail  2.51 | control +0.0% | spread 0.2% | col 2.5 ns
t2   R=9   c=1   L2    | narrow      8.0 ns tail  1.50 | masked     10.0 ns tail  2.04 | blk_nar      9.7 ns tail  1.96 | blk_msk     11.1 ns tail  2.35 | blk_ovr     10.8 ns tail  2.28 | control +0.8% | spread 0.8% | col 3.6 ns
t2   R=9   c=1   L3    | narrow     12.3 ns tail  1.48 | masked     13.1 ns tail  1.59 | blk_nar     13.5 ns tail  1.66 | blk_msk     14.2 ns tail  1.76 | blk_ovr     14.1 ns tail  1.75 | control +0.3% | spread 2.1% | col 6.6 ns
t2   R=9   c=1   DRAM  | narrow     35.3 ns tail  1.64 | masked     35.8 ns tail  1.67 | blk_nar     35.6 ns tail  1.66 | blk_msk     35.5 ns tail  1.65 | blk_ovr     34.7 ns tail  1.61 | control -4.0% | spread 8.6% | col 19.9 ns
t2   R=9   c=5   L1    | narrow     22.4 ns tail  2.57 | masked     23.5 ns tail  2.90 | blk_nar     23.2 ns tail  2.83 | blk_msk     24.7 ns tail  3.29 | blk_ovr     23.3 ns tail  2.84 | control -0.2% | spread 0.2% | col 3.2 ns
t2   R=9   c=5   L2    | narrow     23.6 ns tail  2.31 | masked     25.2 ns tail  2.77 | blk_nar     24.7 ns tail  2.62 | blk_msk     25.6 ns tail  2.88 | blk_ovr     24.3 ns tail  2.50 | control +0.0% | spread 1.4% | col 3.6 ns
t2   R=9   c=5   L3    | narrow     34.9 ns tail  1.02 | masked     34.6 ns tail  0.95 | blk_nar     34.9 ns tail  1.02 | blk_msk     33.9 ns tail  0.77 | blk_ovr     33.7 ns tail  0.70 | control -5.1% | spread 11.4% | col 3.9 ns
t2   R=9   c=5   DRAM  | narrow    100.6 ns tail -0.35 | masked    101.7 ns tail -0.04 | blk_nar    102.9 ns tail  0.27 | blk_msk    101.3 ns tail -0.16 | blk_ovr    100.4 ns tail -0.39 | control +1.0% | spread 2.1% | col 3.6 ns
t2   R=9   c=25  L1    | narrow     88.8 ns tail  4.13 | masked     89.5 ns tail  4.47 | blk_nar     90.9 ns tail  5.07 | blk_msk     90.6 ns tail  4.93 | blk_ovr     89.1 ns tail  4.27 | control +0.2% | spread 0.2% | col 2.3 ns
t2   R=9   c=25  L2    | narrow     96.6 ns tail  5.29 | masked     96.1 ns tail  5.10 | blk_nar     96.4 ns tail  5.23 | blk_msk     96.6 ns tail  5.29 | blk_ovr     95.1 ns tail  4.71 | control +0.0% | spread 0.9% | col 2.5 ns
t2   R=9   c=25  L3    | narrow    144.9 ns tail  0.00 | masked    144.9 ns tail  0.00 | blk_nar    146.5 ns tail  0.00 | blk_msk    146.0 ns tail  0.00 | blk_ovr    144.9 ns tail  0.00 | control +0.7% | spread 2.6% | col 0.0 ns
t2   R=9   c=25  DRAM  | narrow    385.6 ns tail  0.00 | masked    389.5 ns tail  0.00 | blk_nar    384.0 ns tail  0.00 | blk_msk    385.1 ns tail  0.00 | blk_ovr    383.4 ns tail  0.00 | control -0.4% | spread 4.7% | col -0.8 ns
t2   R=11  c=1   L1    | narrow     11.5 ns tail  2.42 | masked     13.4 ns tail  2.95 | blk_nar     11.5 ns tail  2.43 | blk_msk     13.8 ns tail  3.07 | blk_ovr     11.7 ns tail  2.47 | control -0.3% | spread 0.8% | col 3.6 ns
t2   R=11  c=1   L2    | narrow     11.7 ns tail  1.93 | masked     13.5 ns tail  2.32 | blk_nar     11.7 ns tail  1.93 | blk_msk     13.9 ns tail  2.41 | blk_ovr     11.9 ns tail  1.99 | control +0.0% | spread 1.3% | col 4.7 ns
t2   R=11  c=1   L3    | narrow     13.2 ns tail  1.26 | masked     14.3 ns tail  1.39 | blk_nar     13.9 ns tail  1.34 | blk_msk     15.4 ns tail  1.52 | blk_ovr     14.7 ns tail  1.44 | control +0.4% | spread 0.7% | col 8.4 ns
t2   R=11  c=1   DRAM  | narrow     33.9 ns tail  1.38 | masked     33.5 ns tail  1.36 | blk_nar     32.9 ns tail  1.33 | blk_msk     33.0 ns tail  1.34 | blk_ovr     32.8 ns tail  1.33 | control +1.8% | spread 2.4% | col 22.7 ns
t2   R=11  c=5   L1    | narrow     30.6 ns tail  2.59 | masked     32.9 ns tail  3.10 | blk_nar     30.9 ns tail  2.66 | blk_msk     33.5 ns tail  3.23 | blk_ovr     31.4 ns tail  2.77 | control -0.2% | spread 0.2% | col 4.5 ns
t2   R=11  c=5   L2    | narrow     32.3 ns tail  2.44 | masked     34.0 ns tail  2.81 | blk_nar     33.4 ns tail  2.68 | blk_msk     34.6 ns tail  2.92 | blk_ovr     32.6 ns tail  2.51 | control +0.4% | spread 0.4% | col 4.7 ns
t2   R=11  c=5   L3    | narrow     39.8 ns tail  0.71 | masked     41.7 ns tail  1.16 | blk_nar     42.6 ns tail  1.38 | blk_msk     42.0 ns tail  1.24 | blk_ovr     40.7 ns tail  0.93 | control +0.9% | spread 7.5% | col 4.2 ns
t2   R=11  c=5   DRAM  | narrow    122.1 ns tail  0.74 | masked    121.3 ns tail  0.60 | blk_nar    125.3 ns tail  1.34 | blk_msk    122.5 ns tail  0.83 | blk_ovr    121.8 ns tail  0.69 | control -1.0% | spread 2.4% | col 5.4 ns
t2   R=11  c=25  L1    | narrow    120.9 ns tail  2.64 | masked    122.8 ns tail  3.06 | blk_nar    122.4 ns tail  2.98 | blk_msk    123.3 ns tail  3.17 | blk_ovr    121.6 ns tail  2.79 | control +0.0% | spread 0.1% | col 4.4 ns
t2   R=11  c=25  L2    | narrow    126.5 ns tail  2.88 | masked    126.7 ns tail  2.93 | blk_nar    127.9 ns tail  3.17 | blk_msk    127.9 ns tail  3.17 | blk_ovr    125.6 ns tail  2.68 | control -0.2% | spread 0.7% | col 4.8 ns
t2   R=11  c=25  L3    | narrow    185.6 ns tail  3.50 | masked    182.0 ns tail  2.67 | blk_nar    186.3 ns tail  3.67 | blk_msk    182.7 ns tail  2.83 | blk_ovr    177.0 ns tail  1.50 | control -1.9% | spread 3.9% | col 4.3 ns
t2   R=11  c=25  DRAM  | narrow    472.6 ns tail  0.00 | masked    472.0 ns tail  0.00 | blk_nar    473.2 ns tail  0.00 | blk_msk    475.6 ns tail  0.00 | blk_ovr    474.4 ns tail  0.00 | control +0.5% | spread 1.9% | col -12.2 ns
t2   R=13  c=1   L1    | narrow     15.0 ns tail  2.23 | masked     17.1 ns tail  2.62 | blk_nar     15.6 ns tail  2.34 | blk_msk     18.0 ns tail  2.78 | blk_ovr     15.5 ns tail  2.32 | control +0.0% | spread 0.2% | col 5.5 ns
t2   R=13  c=1   L2    | narrow     15.1 ns tail  2.08 | masked     17.6 ns tail  2.52 | blk_nar     15.6 ns tail  2.18 | blk_msk     18.4 ns tail  2.65 | blk_ovr     15.4 ns tail  2.15 | control +0.0% | spread 0.4% | col 5.9 ns
t2   R=13  c=1   L3    | narrow     16.3 ns tail  1.53 | masked     18.1 ns tail  1.73 | blk_nar     18.7 ns tail  1.80 | blk_msk     19.9 ns tail  1.94 | blk_ovr     18.5 ns tail  1.77 | control -1.0% | spread 3.5% | col 8.9 ns
t2   R=13  c=1   DRAM  | narrow     44.2 ns tail  1.57 | masked     44.4 ns tail  1.57 | blk_nar     44.1 ns tail  1.56 | blk_msk     44.3 ns tail  1.57 | blk_ovr     42.6 ns tail  1.51 | control +2.6% | spread 3.2% | col 26.5 ns
t2   R=13  c=5   L1    | narrow     39.2 ns tail  2.06 | masked     42.5 ns tail  2.59 | blk_nar     41.8 ns tail  2.47 | blk_msk     43.4 ns tail  2.73 | blk_ovr     40.2 ns tail  2.22 | control +0.0% | spread 0.1% | col 6.3 ns
t2   R=13  c=5   L2    | narrow     42.0 ns tail  2.28 | masked     45.0 ns tail  2.76 | blk_nar     45.4 ns tail  2.82 | blk_msk     46.2 ns tail  2.95 | blk_ovr     42.7 ns tail  2.39 | control +0.4% | spread 0.4% | col 6.2 ns
t2   R=13  c=5   L3    | narrow     52.5 ns tail  1.50 | masked     53.2 ns tail  1.63 | blk_nar     55.8 ns tail  2.09 | blk_msk     56.5 ns tail  2.22 | blk_ovr     53.2 ns tail  1.63 | control -1.0% | spread 4.6% | col 5.6 ns
t2   R=13  c=5   DRAM  | narrow    144.7 ns tail  1.65 | masked    144.2 ns tail  1.55 | blk_nar    153.8 ns tail  3.48 | blk_msk    146.3 ns tail  1.97 | blk_ovr    143.3 ns tail  1.35 | control -0.2% | spread 1.9% | col 5.0 ns
t2   R=13  c=25  L1    | narrow    164.6 ns tail  2.15 | masked    167.1 ns tail  2.55 | blk_nar    167.1 ns tail  2.55 | blk_msk    168.0 ns tail  2.69 | blk_ovr    165.3 ns tail  2.25 | control +0.0% | spread 0.1% | col 6.2 ns
t2   R=13  c=25  L2    | narrow    171.8 ns tail  3.17 | masked    171.8 ns tail  3.17 | blk_nar    179.1 ns tail  4.50 | blk_msk    174.2 ns tail  3.61 | blk_ovr    170.6 ns tail  2.94 | control +0.0% | spread 0.2% | col 5.5 ns
t2   R=13  c=25  L3    | narrow    230.3 ns tail  0.00 | masked    225.4 ns tail  0.00 | blk_nar    243.4 ns tail  0.00 | blk_msk    229.5 ns tail  0.00 | blk_ovr    227.9 ns tail  0.00 | control -0.4% | spread 6.4% | col -1.2 ns
t2   R=13  c=25  DRAM  | narrow    572.5 ns tail  0.00 | masked    570.2 ns tail  0.00 | blk_nar    576.3 ns tail  0.00 | blk_msk    567.9 ns tail  0.00 | blk_ovr    574.8 ns tail  0.00 | control -0.3% | spread 2.4% | col -21.0 ns
t2   R=15  c=1   L1    | narrow     18.1 ns tail  2.27 | masked     21.1 ns tail  2.70 | blk_nar     16.9 ns tail  2.09 | blk_msk     20.3 ns tail  2.59 | blk_ovr     17.6 ns tail  2.19 | control -0.2% | spread 0.2% | col 6.8 ns
t2   R=15  c=1   L2    | narrow     19.3 ns tail  2.36 | masked     22.2 ns tail  2.77 | blk_nar     17.2 ns tail  2.06 | blk_msk     21.0 ns tail  2.60 | blk_ovr     17.6 ns tail  2.11 | control +0.3% | spread 0.9% | col 7.1 ns
t2   R=15  c=1   L3    | narrow     19.4 ns tail  1.52 | masked     22.3 ns tail  1.79 | blk_nar     17.5 ns tail  1.35 | blk_msk     21.9 ns tail  1.75 | blk_ovr     19.5 ns tail  1.54 | control -0.3% | spread 0.3% | col 11.0 ns
t2   R=15  c=1   DRAM  | narrow     48.3 ns tail  1.48 | masked     49.9 ns tail  1.53 | blk_nar     43.8 ns tail  1.33 | blk_msk     44.9 ns tail  1.37 | blk_ovr     43.8 ns tail  1.33 | control +0.7% | spread 1.9% | col 30.9 ns
t2   R=15  c=5   L1    | narrow     49.8 ns tail  2.24 | masked     54.7 ns tail  2.88 | blk_nar     51.3 ns tail  2.43 | blk_msk     53.1 ns tail  2.67 | blk_ovr     49.4 ns tail  2.19 | control +0.2% | spread 0.2% | col 7.7 ns
t2   R=15  c=5   L2    | narrow     51.9 ns tail  2.42 | masked     55.4 ns tail  2.89 | blk_nar     54.7 ns tail  2.79 | blk_msk     55.4 ns tail  2.89 | blk_ovr     51.2 ns tail  2.33 | control +0.4% | spread 0.7% | col 7.6 ns
t2   R=15  c=5   L3    | narrow     67.2 ns tail  1.33 | masked     69.0 ns tail  1.51 | blk_nar     69.4 ns tail  1.56 | blk_msk     67.4 ns tail  1.35 | blk_ovr     67.4 ns tail  1.35 | control +4.3% | spread 10.0% | col 9.7 ns
t2   R=15  c=5   DRAM  | narrow    173.9 ns tail  2.95 | masked    172.1 ns tail  2.74 | blk_nar    179.6 ns tail  3.58 | blk_msk    166.9 ns tail  2.16 | blk_ovr    163.8 ns tail  1.82 | control +0.3% | spread 1.8% | col 8.9 ns
t2   R=15  c=25  L1    | narrow    203.1 ns tail  2.00 | masked    206.9 ns tail  2.48 | blk_nar    204.2 ns tail  2.14 | blk_msk    204.2 ns tail  2.14 | blk_ovr    201.4 ns tail  1.79 | control +0.0% | spread 0.0% | col 8.1 ns
t2   R=15  c=25  L2    | narrow    203.3 ns tail  2.42 | masked    208.6 ns tail  3.16 | blk_nar    215.9 ns tail  4.19 | blk_msk    207.3 ns tail  2.98 | blk_ovr    203.0 ns tail  2.37 | control +0.0% | spread 0.3% | col 7.1 ns
t2   R=15  c=25  L3    | narrow    265.8 ns tail  0.00 | masked    274.8 ns tail  0.00 | blk_nar    283.8 ns tail  0.00 | blk_msk    270.3 ns tail  0.00 | blk_ovr    267.6 ns tail  0.00 | control +0.3% | spread 2.0% | col -1.4 ns
t2   R=15  c=25  DRAM  | narrow    675.3 ns tail  0.00 | masked    686.0 ns tail  0.00 | blk_nar    676.3 ns tail  0.00 | blk_msk    687.1 ns tail  0.00 | blk_ovr    684.9 ns tail  0.00 | control -0.3% | spread 2.7% | col -11.3 ns
t2   R=17  c=1   L1    | narrow     23.7 ns tail  2.04 | masked     28.6 ns tail  2.52 | blk_nar     20.7 ns tail  1.75 | blk_msk     24.6 ns tail  2.13 | blk_ovr     21.6 ns tail  1.84 | control +0.0% | spread 0.3% | col 10.3 ns
t2   R=17  c=1   L2    | narrow     24.9 ns tail  2.07 | masked     31.1 ns tail  2.65 | blk_nar     21.3 ns tail  1.74 | blk_msk     25.4 ns tail  2.12 | blk_ovr     22.9 ns tail  1.89 | control +0.0% | spread 0.0% | col 10.7 ns
t2   R=17  c=1   L3    | narrow     24.9 ns tail  1.70 | masked     31.2 ns tail  2.18 | blk_nar     21.9 ns tail  1.47 | blk_msk     25.5 ns tail  1.74 | blk_ovr     24.5 ns tail  1.67 | control -0.6% | spread 1.5% | col 13.1 ns
t2   R=17  c=1   DRAM  | narrow     57.8 ns tail  1.58 | masked     56.3 ns tail  1.53 | blk_nar     54.1 ns tail  1.47 | blk_msk     54.3 ns tail  1.48 | blk_ovr     54.0 ns tail  1.47 | control +1.0% | spread 2.1% | col 35.0 ns
t2   R=17  c=5   L1    | narrow     63.3 ns tail  2.34 | masked     68.6 ns tail  2.92 | blk_nar     64.2 ns tail  2.43 | blk_msk     65.2 ns tail  2.55 | blk_ovr     62.5 ns tail  2.25 | control +0.0% | spread 0.4% | col 9.1 ns
t2   R=17  c=5   L2    | narrow     68.8 ns tail  2.57 | masked     73.5 ns tail  3.06 | blk_nar     68.8 ns tail  2.57 | blk_msk     68.7 ns tail  2.55 | blk_ovr     66.1 ns tail  2.28 | control -0.2% | spread 0.7% | col 9.5 ns
t2   R=17  c=5   L3    | narrow     82.0 ns tail  1.84 | masked     85.0 ns tail  2.12 | blk_nar     83.5 ns tail  1.98 | blk_msk     80.0 ns tail  1.65 | blk_ovr     79.0 ns tail  1.55 | control -0.9% | spread 4.0% | col 10.6 ns
t2   R=17  c=5   DRAM  | narrow    193.9 ns tail  1.74 | masked    197.0 ns tail  1.95 | blk_nar    201.3 ns tail  2.24 | blk_msk    194.7 ns tail  1.79 | blk_ovr    195.7 ns tail  1.86 | control +0.9% | spread 3.3% | col 14.6 ns
t2   R=17  c=25  L1    | narrow    249.7 ns tail  2.41 | masked    254.1 ns tail  2.88 | blk_nar    249.4 ns tail  2.37 | blk_msk    248.4 ns tail  2.27 | blk_ovr    246.6 ns tail  2.07 | control +0.0% | spread 0.1% | col 9.2 ns
t2   R=17  c=25  L2    | narrow    275.5 ns tail  6.15 | masked    275.5 ns tail  6.15 | blk_nar    268.7 ns tail  4.77 | blk_msk    265.7 ns tail  4.15 | blk_ovr    267.9 ns tail  4.62 | control -0.1% | spread 0.4% | col 4.9 ns
t2   R=17  c=25  L3    | narrow    339.4 ns tail  0.00 | masked    340.4 ns tail  0.00 | blk_nar    334.0 ns tail  0.00 | blk_msk    331.9 ns tail  0.00 | blk_ovr    328.7 ns tail  0.00 | control +0.0% | spread 3.4% | col -0.5 ns
t2   R=17  c=25  DRAM  | narrow    805.9 ns tail -8.50 | masked    817.8 ns tail -5.50 | blk_nar    816.8 ns tail -5.75 | blk_msk    817.8 ns tail -5.50 | blk_ovr    816.8 ns tail -5.75 | control +1.1% | spread 2.1% | col 4.0 ns
t2   R=19  c=1   L1    | narrow     27.3 ns tail  1.90 | masked     34.0 ns tail  2.42 | blk_nar     24.1 ns tail  1.66 | blk_msk     28.8 ns tail  2.02 | blk_ovr     25.7 ns tail  1.79 | control +0.0% | spread 0.3% | col 13.0 ns
t2   R=19  c=1   L2    | narrow     28.4 ns tail  1.94 | masked     34.6 ns tail  2.41 | blk_nar     24.8 ns tail  1.67 | blk_msk     29.9 ns tail  2.06 | blk_ovr     27.3 ns tail  1.86 | control +0.0% | spread 0.3% | col 13.4 ns
t2   R=19  c=1   L3    | narrow     30.0 ns tail  1.75 | masked     36.1 ns tail  2.14 | blk_nar     25.2 ns tail  1.45 | blk_msk     30.7 ns tail  1.79 | blk_ovr     28.1 ns tail  1.63 | control +0.0% | spread 0.5% | col 15.7 ns
t2   R=19  c=1   DRAM  | narrow     57.0 ns tail  1.44 | masked     61.3 ns tail  1.55 | blk_nar     54.8 ns tail  1.38 | blk_msk     57.8 ns tail  1.46 | blk_ovr     57.2 ns tail  1.44 | control +0.4% | spread 2.5% | col 38.0 ns
t2   R=19  c=5   L1    | narrow     78.2 ns tail  2.36 | masked     81.6 ns tail  2.67 | blk_nar     77.4 ns tail  2.30 | blk_msk     77.8 ns tail  2.33 | blk_ovr     75.1 ns tail  2.09 | control +0.0% | spread 0.3% | col 11.2 ns
t2   R=19  c=5   L2    | narrow     83.6 ns tail  2.43 | masked     87.2 ns tail  2.74 | blk_nar     85.8 ns tail  2.62 | blk_msk     83.3 ns tail  2.41 | blk_ovr     81.7 ns tail  2.27 | control +0.0% | spread 0.7% | col 11.9 ns
t2   R=19  c=5   L3    | narrow     96.4 ns tail  1.38 | masked    106.0 ns tail  2.02 | blk_nar    102.3 ns tail  1.78 | blk_msk     99.3 ns tail  1.58 | blk_ovr     95.7 ns tail  1.34 | control +5.5% | spread 5.8% | col 15.1 ns
t2   R=19  c=5   DRAM  | narrow    232.8 ns tail  1.97 | masked    239.5 ns tail  2.29 | blk_nar    231.8 ns tail  1.92 | blk_msk    231.1 ns tail  1.89 | blk_ovr    223.7 ns tail  1.53 | control -0.3% | spread 3.3% | col 20.7 ns
t2   R=19  c=25  L1    | narrow    303.8 ns tail  2.52 | masked    307.9 ns tail  2.89 | blk_nar    305.4 ns tail  2.67 | blk_msk    302.1 ns tail  2.37 | blk_ovr    300.4 ns tail  2.22 | control +0.0% | spread 0.1% | col 11.3 ns
t2   R=19  c=25  L2    | narrow    340.9 ns tail  4.00 | masked    334.9 ns tail  3.26 | blk_nar    352.2 ns tail  5.37 | blk_msk    326.7 ns tail  2.26 | blk_ovr    331.5 ns tail  2.84 | control +0.3% | spread 0.5% | col 8.2 ns
t2   R=19  c=25  L3    | narrow    392.6 ns tail  4.57 | masked    388.2 ns tail  3.71 | blk_nar    410.3 ns tail  8.00 | blk_msk    385.3 ns tail  3.14 | blk_ovr    394.1 ns tail  4.86 | control +1.5% | spread 2.2% | col 5.1 ns
t2   R=19  c=25  DRAM  | narrow    908.3 ns tail  0.00 | masked    907.1 ns tail  0.00 | blk_nar    920.2 ns tail  0.00 | blk_msk    903.6 ns tail  0.00 | blk_ovr    907.1 ns tail  0.00 | control +0.3% | spread 2.5% | col -10.1 ns
t2   R=21  c=1   L1    | narrow     33.2 ns tail  1.76 | masked     45.1 ns tail  2.44 | blk_nar     28.0 ns tail  1.46 | blk_msk     34.6 ns tail  1.84 | blk_ovr     31.2 ns tail  1.65 | control +0.0% | spread 0.2% | col 17.4 ns
t2   R=21  c=1   L2    | narrow     33.9 ns tail  1.69 | masked     46.1 ns tail  2.35 | blk_nar     28.4 ns tail  1.39 | blk_msk     35.9 ns tail  1.80 | blk_ovr     32.2 ns tail  1.60 | control +0.0% | spread 0.3% | col 18.6 ns
t2   R=21  c=1   L3    | narrow     36.0 ns tail  1.37 | masked     52.0 ns tail  2.03 | blk_nar     29.2 ns tail  1.09 | blk_msk     36.4 ns tail  1.39 | blk_ovr     33.3 ns tail  1.26 | control -0.5% | spread 2.3% | col 24.4 ns
t2   R=21  c=1   DRAM  | narrow     66.9 ns tail  1.44 | masked     68.9 ns tail  1.49 | blk_nar     62.8 ns tail  1.35 | blk_msk     67.3 ns tail  1.45 | blk_ovr     65.0 ns tail  1.40 | control -1.0% | spread 1.7% | col 44.7 ns
t2   R=21  c=5   L1    | narrow     99.7 ns tail  2.27 | masked    110.3 ns tail  2.99 | blk_nar     98.9 ns tail  2.21 | blk_msk    103.5 ns tail  2.52 | blk_ovr     98.9 ns tail  2.21 | control +0.1% | spread 0.1% | col 14.6 ns
t2   R=21  c=5   L2    | narrow    106.7 ns tail  2.15 | masked    118.7 ns tail  2.91 | blk_nar    111.0 ns tail  2.42 | blk_msk    110.0 ns tail  2.36 | blk_ovr    105.5 ns tail  2.08 | control +0.2% | spread 0.2% | col 15.9 ns
t2   R=21  c=5   L3    | narrow    123.8 ns tail  1.84 | masked    134.8 ns tail  2.49 | blk_nar    126.2 ns tail  1.98 | blk_msk    120.7 ns tail  1.65 | blk_ovr    113.3 ns tail  1.21 | control -1.6% | spread 3.8% | col 16.8 ns
t2   R=21  c=5   DRAM  | narrow    271.4 ns tail  1.25 | masked    283.2 ns tail  1.68 | blk_nar    271.0 ns tail  1.23 | blk_msk    266.4 ns tail  1.06 | blk_ovr    260.1 ns tail  0.83 | control +0.6% | spread 2.6% | col 27.3 ns
t2   R=21  c=25  L1    | narrow    401.5 ns tail  2.70 | masked    412.2 ns tail  3.44 | blk_nar    399.5 ns tail  2.56 | blk_msk    400.5 ns tail  2.63 | blk_ovr    396.4 ns tail  2.35 | control -0.1% | spread 0.1% | col 14.5 ns
t2   R=21  c=25  L2    | narrow    439.9 ns tail  2.80 | masked    455.6 ns tail  3.92 | blk_nar    473.0 ns tail  5.16 | blk_msk    445.5 ns tail  3.20 | blk_ovr    438.8 ns tail  2.72 | control +0.1% | spread 0.1% | col 14.0 ns
t2   R=21  c=25  L3    | narrow    517.1 ns tail  4.67 | masked    530.3 ns tail  6.33 | blk_nar    561.8 ns tail 10.33 | blk_msk    517.1 ns tail  4.67 | blk_ovr    517.1 ns tail  4.67 | control +0.5% | spread 3.3% | col 7.9 ns
t2   R=21  c=25  DRAM  | narrow   1050.0 ns tail  0.00 | masked   1037.9 ns tail  0.00 | blk_nar   1053.4 ns tail  0.00 | blk_msk   1044.8 ns tail  0.00 | blk_ovr   1044.8 ns tail  0.00 | control -0.2% | spread 3.0% | col -26.7 ns
t2   R=23  c=1   L1    | narrow     39.5 ns tail  1.57 | masked     52.6 ns tail  2.12 | blk_nar     32.7 ns tail  1.28 | blk_msk     39.1 ns tail  1.55 | blk_ovr     35.9 ns tail  1.41 | control +0.0% | spread 0.1% | col 23.6 ns
t2   R=23  c=1   L2    | narrow     40.8 ns tail  1.31 | masked     55.2 ns tail  1.81 | blk_nar     33.8 ns tail  1.07 | blk_msk     41.3 ns tail  1.33 | blk_ovr     36.9 ns tail  1.18 | control +0.2% | spread 0.0% | col 29.1 ns
t2   R=23  c=1   L3    | narrow     42.9 ns tail  1.16 | masked     65.9 ns tail  1.83 | blk_nar     34.3 ns tail  0.91 | blk_msk     42.9 ns tail  1.16 | blk_ovr     37.7 ns tail  1.01 | control +0.0% | spread 0.3% | col 34.7 ns
t2   R=23  c=1   DRAM  | narrow     72.6 ns tail  1.35 | masked     80.9 ns tail  1.50 | blk_nar     64.1 ns tail  1.18 | blk_msk     82.3 ns tail  1.53 | blk_ovr     65.4 ns tail  1.21 | control -0.1% | spread 1.9% | col 52.2 ns
t2   R=23  c=5   L1    | narrow    128.6 ns tail  2.03 | masked    145.2 ns tail  2.89 | blk_nar    134.2 ns tail  2.31 | blk_msk    130.2 ns tail  2.11 | blk_ovr    127.4 ns tail  1.96 | control +0.0% | spread 0.0% | col 19.2 ns
t2   R=23  c=5   L2    | narrow    135.0 ns tail  1.82 | masked    154.6 ns tail  2.74 | blk_nar    156.0 ns tail  2.80 | blk_msk    136.9 ns tail  1.91 | blk_ovr    134.2 ns tail  1.78 | control +0.1% | spread 0.5% | col 21.3 ns
t2   R=23  c=5   L3    | narrow    158.9 ns tail  1.25 | masked    188.4 ns tail  2.49 | blk_nar    176.8 ns tail  2.00 | blk_msk    162.9 ns tail  1.42 | blk_ovr    153.1 ns tail  1.00 | control +1.7% | spread 2.5% | col 23.7 ns
t2   R=23  c=5   DRAM  | narrow    310.2 ns tail  1.07 | masked    332.7 ns tail  1.78 | blk_nar    322.1 ns tail  1.44 | blk_msk    311.1 ns tail  1.10 | blk_ovr    302.7 ns tail  0.83 | control -0.9% | spread 2.7% | col 31.9 ns
t2   R=23  c=25  L1    | narrow    531.5 ns tail  2.25 | masked    564.4 ns tail  3.93 | blk_nar    577.4 ns tail  4.60 | blk_msk    545.9 ns tail  2.98 | blk_ovr    543.2 ns tail  2.84 | control +0.3% | spread 0.3% | col 19.5 ns
t2   R=23  c=25  L2    | narrow    603.1 ns tail  2.02 | masked    626.9 ns tail  2.74 | blk_nar    732.3 ns tail  5.89 | blk_msk    612.3 ns tail  2.30 | blk_ovr    602.3 ns tail  2.00 | control +0.1% | spread 0.3% | col 33.5 ns
t2   R=23  c=25  L3    | narrow    726.2 ns tail  1.69 | masked    752.5 ns tail  2.69 | blk_nar    882.0 ns tail  7.63 | blk_msk    731.1 ns tail  1.87 | blk_ovr    721.3 ns tail  1.50 | control +0.2% | spread 1.6% | col 26.2 ns
t2   R=23  c=25  DRAM  | narrow   1248.3 ns tail -4.35 | masked   1282.8 ns tail -2.61 | blk_nar   1313.8 ns tail -1.04 | blk_msk   1262.1 ns tail -3.65 | blk_ovr   1253.4 ns tail -4.09 | control +0.1% | spread 1.7% | col 19.8 ns
t2   R=25  c=1   L1    | narrow     46.1 ns tail  1.44 | masked     62.9 ns tail  1.99 | blk_nar     38.3 ns tail  1.18 | blk_msk     49.2 ns tail  1.54 | blk_ovr     42.0 ns tail  1.30 | control +0.0% | spread 0.2% | col 30.4 ns
t2   R=25  c=1   L2    | narrow     47.8 ns tail  1.22 | masked     66.6 ns tail  1.73 | blk_nar     39.3 ns tail  0.99 | blk_msk     51.3 ns tail  1.32 | blk_ovr     42.9 ns tail  1.09 | control +0.0% | spread 0.0% | col 37.0 ns
t2   R=25  c=1   L3    | narrow     53.1 ns tail  1.28 | masked     75.0 ns tail  1.83 | blk_nar     40.2 ns tail  0.95 | blk_msk     52.5 ns tail  1.27 | blk_ovr     44.8 ns tail  1.07 | control +0.0% | spread 0.7% | col 39.6 ns
t2   R=25  c=1   DRAM  | narrow     85.5 ns tail  1.45 | masked     94.5 ns tail  1.61 | blk_nar     74.5 ns tail  1.26 | blk_msk     81.7 ns tail  1.38 | blk_ovr     76.8 ns tail  1.30 | control +0.6% | spread 4.0% | col 57.2 ns
t2   R=25  c=5   L1    | narrow    160.9 ns tail  1.92 | masked    176.4 ns tail  2.54 | blk_nar    158.3 ns tail  1.81 | blk_msk    160.5 ns tail  1.90 | blk_ovr    155.6 ns tail  1.71 | control -0.1% | spread 0.1% | col 24.8 ns
t2   R=25  c=5   L2    | narrow    169.9 ns tail  1.81 | masked    189.8 ns tail  2.52 | blk_nar    186.8 ns tail  2.42 | blk_msk    171.4 ns tail  1.86 | blk_ovr    167.2 ns tail  1.71 | control +0.0% | spread 0.5% | col 27.7 ns
t2   R=25  c=5   L3    | narrow    193.0 ns tail  1.32 | masked    220.5 ns tail  2.19 | blk_nar    213.1 ns tail  1.96 | blk_msk    193.4 ns tail  1.33 | blk_ovr    187.3 ns tail  1.14 | control -0.2% | spread 3.4% | col 31.4 ns
t2   R=25  c=5   DRAM  | narrow    344.3 ns tail  0.86 | masked    369.7 ns tail  1.48 | blk_nar    363.6 ns tail  1.33 | blk_msk    349.1 ns tail  0.98 | blk_ovr    343.9 ns tail  0.85 | control +1.4% | spread 6.1% | col 40.8 ns
t2   R=25  c=25  L1    | narrow    679.5 ns tail  1.88 | masked    693.2 ns tail  2.36 | blk_nar    676.1 ns tail  1.76 | blk_msk    676.9 ns tail  1.79 | blk_ovr    671.8 ns tail  1.61 | control +0.1% | spread 0.5% | col 28.2 ns
t2   R=25  c=25  L2    | narrow    836.2 ns tail  4.13 | masked    863.8 ns tail  4.83 | blk_nar    881.9 ns tail  5.28 | blk_msk    834.0 ns tail  4.08 | blk_ovr    831.9 ns tail  4.03 | control +0.3% | spread 0.4% | col 39.9 ns
t2   R=25  c=25  L3    | narrow   1091.7 ns tail  3.47 | masked   1127.1 ns tail  3.90 | blk_nar   1077.1 ns tail  3.29 | blk_msk   1056.2 ns tail  3.04 | blk_ovr   1060.4 ns tail  3.09 | control -4.0% | spread 4.6% | col 82.3 ns
t2   R=25  c=25  DRAM  | narrow   1516.0 ns tail -1.59 | masked   1546.0 ns tail -0.55 | blk_nar   1514.0 ns tail -1.66 | blk_msk   1512.0 ns tail -1.72 | blk_ovr   1500.0 ns tail -2.14 | control -0.1% | spread 1.3% | col 29.0 ns
t2   R=27  c=1   L1    | narrow     56.0 ns tail  1.56 | masked     75.1 ns tail  2.12 | blk_nar     43.7 ns tail  1.20 | blk_msk     55.5 ns tail  1.54 | blk_ovr     47.5 ns tail  1.31 | control +0.0% | spread 0.0% | col 34.3 ns
t2   R=27  c=1   L2    | narrow     57.4 ns tail  1.34 | masked     79.4 ns tail  1.87 | blk_nar     44.7 ns tail  1.03 | blk_msk     56.3 ns tail  1.31 | blk_ovr     49.1 ns tail  1.14 | control +0.0% | spread 0.2% | col 41.0 ns
t2   R=27  c=1   L3    | narrow     66.5 ns tail  1.51 | masked     87.4 ns tail  2.00 | blk_nar     45.2 ns tail  1.00 | blk_msk     57.2 ns tail  1.29 | blk_ovr     50.1 ns tail  1.12 | control +0.0% | spread 3.7% | col 42.5 ns
t2   R=27  c=1   DRAM  | narrow     94.3 ns tail  1.43 | masked    108.3 ns tail  1.65 | blk_nar     83.1 ns tail  1.26 | blk_msk     87.8 ns tail  1.33 | blk_ovr     83.9 ns tail  1.27 | control +1.5% | spread 3.4% | col 64.1 ns
t2   R=27  c=5   L1    | narrow    185.4 ns tail  2.10 | masked    203.3 ns tail  2.74 | blk_nar    183.1 ns tail  2.02 | blk_msk    182.3 ns tail  1.99 | blk_ovr    177.7 ns tail  1.83 | control +0.0% | spread 0.3% | col 27.9 ns
t2   R=27  c=5   L2    | narrow    195.6 ns tail  2.01 | masked    214.0 ns tail  2.62 | blk_nar    212.3 ns tail  2.56 | blk_msk    191.9 ns tail  1.89 | blk_ovr    187.4 ns tail  1.74 | control +0.1% | spread 0.1% | col 30.3 ns
t2   R=27  c=5   L3    | narrow    231.1 ns tail  1.37 | masked    257.8 ns tail  2.09 | blk_nar    255.0 ns tail  2.02 | blk_msk    225.0 ns tail  1.20 | blk_ovr    226.7 ns tail  1.25 | control +3.6% | spread 5.0% | col 36.9 ns
t2   R=27  c=5   DRAM  | narrow    396.8 ns tail  1.55 | masked    427.4 ns tail  2.29 | blk_nar    410.8 ns tail  1.88 | blk_msk    388.7 ns tail  1.35 | blk_ovr    387.6 ns tail  1.32 | control +1.4% | spread 6.4% | col 41.4 ns
t2   R=27  c=25  L1    | narrow    778.2 ns tail  1.85 | masked    780.2 ns tail  1.91 | blk_nar    784.2 ns tail  2.03 | blk_msk    756.4 ns tail  1.19 | blk_ovr    770.3 ns tail  1.61 | control +0.5% | spread 0.6% | col 33.2 ns
t2   R=27  c=25  L2    | narrow    867.9 ns tail  2.35 | masked    872.6 ns tail  2.48 | blk_nar   1000.0 ns tail  5.94 | blk_msk    838.1 ns tail  1.55 | blk_ovr    856.0 ns tail  2.03 | control +0.1% | spread 0.8% | col 36.9 ns
t2   R=27  c=25  L3    | narrow   1010.2 ns tail  0.68 | masked   1020.4 ns tail  0.89 | blk_nar   1140.8 ns tail  3.40 | blk_msk    993.9 ns tail  0.34 | blk_ovr   1034.7 ns tail  1.19 | control +3.0% | spread 0.4% | col 48.0 ns
t2   R=27  c=25  DRAM  | narrow   1615.2 ns tail -4.64 | masked   1663.0 ns tail -2.64 | blk_nar   1660.9 ns tail -2.73 | blk_msk   1619.6 ns tail -4.45 | blk_ovr   1623.9 ns tail -4.27 | control -0.7% | spread 1.9% | col 23.9 ns
t2   R=29  c=1   L1    | narrow     68.3 ns tail  1.63 | masked     84.4 ns tail  2.03 | blk_nar     57.4 ns tail  1.36 | blk_msk     64.5 ns tail  1.54 | blk_ovr     57.5 ns tail  1.37 | control +0.0% | spread 0.0% | col 40.3 ns
t2   R=29  c=1   L2    | narrow     70.3 ns tail  1.54 | masked     88.6 ns tail  1.95 | blk_nar     57.8 ns tail  1.25 | blk_msk     65.8 ns tail  1.44 | blk_ovr     59.6 ns tail  1.29 | control +0.0% | spread 0.5% | col 44.1 ns
t2   R=29  c=1   L3    | narrow     85.7 ns tail  1.61 | masked    100.6 ns tail  1.90 | blk_nar     58.6 ns tail  1.09 | blk_msk     66.9 ns tail  1.25 | blk_ovr     60.7 ns tail  1.13 | control -0.2% | spread 0.9% | col 51.6 ns
t2   R=29  c=1   DRAM  | narrow    115.8 ns tail  1.61 | masked    120.4 ns tail  1.68 | blk_nar     97.4 ns tail  1.35 | blk_msk    102.0 ns tail  1.42 | blk_ovr     95.2 ns tail  1.32 | control +0.9% | spread 1.6% | col 70.2 ns
t2   R=29  c=5   L1    | narrow    224.8 ns tail  2.17 | masked    243.8 ns tail  2.73 | blk_nar    194.4 ns tail  1.28 | blk_msk    201.2 ns tail  1.48 | blk_ovr    190.1 ns tail  1.15 | control +0.0% | spread 0.1% | col 34.0 ns
t2   R=29  c=5   L2    | narrow    238.5 ns tail  2.16 | masked    258.0 ns tail  2.69 | blk_nar    212.6 ns tail  1.46 | blk_msk    219.1 ns tail  1.64 | blk_ovr    208.4 ns tail  1.35 | control +0.2% | spread 0.0% | col 37.0 ns
t2   R=29  c=5   L3    | narrow    281.2 ns tail  1.94 | masked    306.5 ns tail  2.49 | blk_nar    260.0 ns tail  1.47 | blk_msk    271.2 ns tail  1.71 | blk_ovr    251.8 ns tail  1.29 | control -3.1% | spread 10.3% | col 45.3 ns
t2   R=29  c=5   DRAM  | narrow    436.8 ns tail  1.42 | masked    484.9 ns tail  2.41 | blk_nar    433.0 ns tail  1.34 | blk_msk    445.9 ns tail  1.61 | blk_ovr    431.4 ns tail  1.31 | control +0.9% | spread 3.6% | col 48.6 ns
t2   R=29  c=25  L1    | narrow    951.8 ns tail  2.17 | masked    998.8 ns tail  3.30 | blk_nar    798.8 ns tail -1.51 | blk_msk    804.8 ns tail -1.36 | blk_ovr    768.7 ns tail -2.23 | control +0.3% | spread 0.4% | col 41.6 ns
t2   R=29  c=25  L2    | narrow   1054.1 ns tail  3.38 | masked   1108.1 ns tail  4.76 | blk_nar    932.4 ns tail  0.28 | blk_msk    935.1 ns tail  0.34 | blk_ovr    874.3 ns tail -1.21 | control +0.3% | spread 0.4% | col 39.2 ns
t2   R=29  c=25  L3    | narrow   1215.0 ns tail  2.81 | masked   1262.5 ns tail  4.00 | blk_nar   1105.0 ns tail  0.06 | blk_msk   1122.5 ns tail  0.50 | blk_ovr   1050.0 ns tail -1.31 | control +0.4% | spread 2.5% | col 40.0 ns
t2   R=29  c=25  DRAM  | narrow   1845.0 ns tail -0.84 | masked   1872.5 ns tail -0.26 | blk_nar   1777.5 ns tail -2.26 | blk_msk   1772.5 ns tail -2.37 | blk_ovr   1717.5 ns tail -3.53 | control -0.3% | spread 2.6% | col 47.5 ns
t2   R=31  c=1   L1    | narrow     74.1 ns tail  1.51 | masked    130.4 ns tail  2.70 | blk_nar     62.8 ns tail  1.28 | blk_msk     70.3 ns tail  1.43 | blk_ovr     64.6 ns tail  1.31 | control +0.0% | spread 0.2% | col 47.3 ns
t2   R=31  c=1   L2    | narrow     75.7 ns tail  1.43 | masked    135.4 ns tail  2.60 | blk_nar     64.6 ns tail  1.21 | blk_msk     71.3 ns tail  1.35 | blk_ovr     66.7 ns tail  1.25 | control -0.2% | spread 0.6% | col 51.1 ns
t2   R=31  c=1   L3    | narrow     87.4 ns tail  1.53 | masked    147.5 ns tail  2.62 | blk_nar     65.5 ns tail  1.14 | blk_msk     73.1 ns tail  1.28 | blk_ovr     68.1 ns tail  1.19 | control +0.0% | spread 0.6% | col 55.3 ns
t2   R=31  c=1   DRAM  | narrow    115.6 ns tail  1.45 | masked    172.3 ns tail  2.17 | blk_nar    108.9 ns tail  1.36 | blk_msk    112.1 ns tail  1.40 | blk_ovr    101.7 ns tail  1.27 | control +0.3% | spread 2.9% | col 78.3 ns
t2   R=31  c=5   L1    | narrow    253.8 ns tail  1.90 | masked    300.3 ns tail  3.08 | blk_nar    207.0 ns tail  0.72 | blk_msk    215.3 ns tail  0.93 | blk_ovr    208.3 ns tail  0.76 | control +0.0% | spread 0.1% | col 39.6 ns
t2   R=31  c=5   L2    | narrow    264.6 ns tail  1.95 | masked    311.4 ns tail  3.07 | blk_nar    222.6 ns tail  0.94 | blk_msk    231.0 ns tail  1.15 | blk_ovr    225.9 ns tail  1.02 | control +0.0% | spread 0.1% | col 41.8 ns
t2   R=31  c=5   L3    | narrow    292.2 ns tail  1.63 | masked    344.1 ns tail  2.70 | blk_nar    269.3 ns tail  1.17 | blk_msk    277.1 ns tail  1.33 | blk_ovr    273.7 ns tail  1.26 | control +0.8% | spread 9.0% | col 48.9 ns
t2   R=31  c=5   DRAM  | narrow    454.9 ns tail  1.18 | masked    529.9 ns tail  2.46 | blk_nar    470.1 ns tail  1.44 | blk_msk    465.9 ns tail  1.37 | blk_ovr    450.0 ns tail  1.10 | control +0.3% | spread 4.7% | col 58.8 ns
t2   R=31  c=25  L1  * | narrow   1128.6 ns tail  2.03 | masked   1115.7 ns tail  1.75 | blk_nar    865.7 ns tail -3.72 | blk_msk    874.3 ns tail -3.53 | blk_ovr    872.9 ns tail -3.56 | control -0.1% | spread 0.3% | col 45.7 ns
t2   R=31  c=25  L2    | narrow   1167.6 ns tail  2.60 | masked   1179.4 ns tail  2.88 | blk_nar    945.6 ns tail -2.70 | blk_msk    945.6 ns tail -2.70 | blk_ovr    950.0 ns tail -2.60 | control +0.3% | spread 0.1% | col 41.9 ns
t2   R=31  c=25  L3    | narrow   1297.4 ns tail  1.70 | masked   1323.7 ns tail  2.30 | blk_nar   1131.6 ns tail -2.12 | blk_msk   1150.0 ns tail -1.70 | blk_ovr   1152.6 ns tail -1.64 | control +0.6% | spread 7.1% | col 43.4 ns
t2   R=31  c=25  DRAM  | narrow   1978.9 ns tail -0.74 | masked   2036.8 ns tail -0.06 | blk_nar   1907.9 ns tail -1.57 | blk_msk   1865.8 ns tail -2.06 | blk_ovr   1871.1 ns tail -2.00 | control +0.3% | spread 1.9% | col 85.5 ns
t2   R=37  c=1   L1    | narrow    112.2 ns tail  2.48 | masked    123.0 ns tail  2.73 | blk_nar     84.4 ns tail  1.85 | blk_msk    105.9 ns tail  2.34 | blk_ovr     89.7 ns tail  1.97 | control -0.2% | spread 0.6% | col 44.2 ns
t2   R=37  c=1   L2    | narrow    114.3 ns tail  2.48 | masked    125.1 ns tail  2.72 | blk_nar     86.7 ns tail  1.87 | blk_msk     96.3 ns tail  2.08 | blk_ovr     90.3 ns tail  1.94 | control +0.0% | spread 0.4% | col 45.1 ns
t2   R=37  c=1   L3    | narrow    125.3 ns tail  2.60 | masked    132.1 ns tail  2.74 | blk_nar     87.9 ns tail  1.81 | blk_msk     97.6 ns tail  2.01 | blk_ovr     91.9 ns tail  1.89 | control -0.9% | spread 1.5% | col 47.3 ns
t2   R=37  c=1   DRAM  | narrow    181.0 ns tail  2.38 | masked    179.1 ns tail  2.35 | blk_nar    117.9 ns tail  1.54 | blk_msk    124.2 ns tail  1.62 | blk_ovr    120.1 ns tail  1.57 | control -0.4% | spread 2.2% | col 75.1 ns
t2   R=37  c=5   L1    | narrow    284.2 ns tail  2.94 | masked    294.6 ns tail  3.21 | blk_nar    255.4 ns tail  2.21 | blk_msk    265.5 ns tail  2.47 | blk_ovr    257.2 ns tail  2.26 | control +0.1% | spread 0.1% | col 39.2 ns
t2   R=37  c=5   L2    | narrow    295.2 ns tail  2.88 | masked    308.1 ns tail  3.20 | blk_nar    265.2 ns tail  2.16 | blk_msk    274.8 ns tail  2.39 | blk_ovr    267.8 ns tail  2.22 | control +0.0% | spread 0.3% | col 41.5 ns
t2   R=37  c=5   L3    | narrow    328.8 ns tail  2.82 | masked    342.5 ns tail  3.12 | blk_nar    291.8 ns tail  1.98 | blk_msk    300.0 ns tail  2.17 | blk_ovr    295.9 ns tail  2.08 | control +0.4% | spread 0.6% | col 44.5 ns
t2   R=37  c=5   DRAM  | narrow    523.7 ns tail  1.74 | masked    538.5 ns tail  1.93 | blk_nar    468.1 ns tail  1.00 | blk_msk    473.3 ns tail  1.07 | blk_ovr    468.1 ns tail  1.00 | control +0.7% | spread 1.3% | col 75.9 ns
t2   R=37  c=25  L1  * | narrow   1145.6 ns tail  3.52 | masked   1150.0 ns tail  3.63 | blk_nar   1104.4 ns tail  2.48 | blk_msk   1108.8 ns tail  2.59 | blk_ovr   1102.9 ns tail  2.44 | control -0.4% | spread 0.5% | col 39.7 ns
t2   R=37  c=25  L2    | narrow   1192.2 ns tail  4.09 | masked   1187.5 ns tail  3.96 | blk_nar   1145.3 ns tail  2.76 | blk_msk   1154.7 ns tail  3.02 | blk_ovr   1151.6 ns tail  2.93 | control -0.1% | spread 0.4% | col 35.2 ns
t2   R=37  c=25  L3    | narrow   1316.7 ns tail  6.50 | masked   1330.6 ns tail  7.33 | blk_nar   1255.6 ns tail  2.83 | blk_msk   1275.0 ns tail  4.00 | blk_ovr   1258.3 ns tail  3.00 | control +0.0% | spread 1.5% | col 16.7 ns
t2   R=37  c=25  DRAM  | narrow   2223.5 ns tail -1.24 | masked   2255.9 ns tail -0.48 | blk_nar   2194.1 ns tail -1.93 | blk_msk   2179.4 ns tail -2.28 | blk_ovr   2173.5 ns tail -2.41 | control +0.0% | spread 1.1% | col 42.6 ns
t2   R=41  c=1   L1    | narrow    135.0 ns tail  2.47 | masked    154.5 ns tail  2.84 | blk_nar    104.7 ns tail  1.91 | blk_msk    114.0 ns tail  2.08 | blk_ovr    106.7 ns tail  1.94 | control +0.0% | spread 0.3% | col 53.6 ns
t2   R=41  c=1   L2    | narrow    140.2 ns tail  2.46 | masked    158.6 ns tail  2.78 | blk_nar    107.0 ns tail  1.86 | blk_msk    117.5 ns tail  2.05 | blk_ovr    109.9 ns tail  1.91 | control +0.0% | spread 0.4% | col 56.1 ns
t2   R=41  c=1   L3    | narrow    153.8 ns tail  2.62 | masked    163.4 ns tail  2.78 | blk_nar    107.8 ns tail  1.82 | blk_msk    118.8 ns tail  2.01 | blk_ovr    110.9 ns tail  1.88 | control -0.6% | spread 3.3% | col 57.8 ns
t2   R=41  c=1   DRAM  | narrow    246.9 ns tail  2.84 | masked    227.8 ns tail  2.62 | blk_nar    135.2 ns tail  1.54 | blk_msk    146.5 ns tail  1.67 | blk_ovr    139.2 ns tail  1.59 | control -0.3% | spread 6.2% | col 86.1 ns
t2   R=41  c=5   L1    | narrow    352.7 ns tail  3.00 | masked    377.2 ns tail  3.51 | blk_nar    310.3 ns tail  2.14 | blk_msk    317.9 ns tail  2.29 | blk_ovr    310.7 ns tail  2.15 | control +0.1% | spread 0.3% | col 48.9 ns
t2   R=41  c=5   L2    | narrow    366.0 ns tail  2.99 | masked    393.5 ns tail  3.53 | blk_nar    324.7 ns tail  2.17 | blk_msk    333.5 ns tail  2.35 | blk_ovr    324.7 ns tail  2.17 | control +0.1% | spread 0.4% | col 50.9 ns
t2   R=41  c=5   L3    | narrow    407.4 ns tail  2.87 | masked    432.2 ns tail  3.31 | blk_nar    359.5 ns tail  2.00 | blk_msk    369.4 ns tail  2.18 | blk_ovr    359.5 ns tail  2.00 | control +0.0% | spread 3.0% | col 55.4 ns
t2   R=41  c=5   DRAM  | narrow    635.7 ns tail  2.26 | masked    654.8 ns tail  2.51 | blk_nar    567.0 ns tail  1.37 | blk_msk    576.5 ns tail  1.49 | blk_ovr    568.7 ns tail  1.39 | control -1.0% | spread 1.9% | col 77.4 ns
t2   R=41  c=25  L1  * | narrow   1420.0 ns tail  3.49 | masked   1440.0 ns tail  3.89 | blk_nar   1358.2 ns tail  2.25 | blk_msk   1350.9 ns tail  2.11 | blk_ovr   1345.5 ns tail  2.00 | control +0.1% | spread 0.3% | col 50.0 ns
t2   R=41  c=25  L2    | narrow   1468.5 ns tail  3.92 | masked   1496.3 ns tail  4.52 | blk_nar   1403.7 ns tail  2.52 | blk_msk   1394.4 ns tail  2.32 | blk_ovr   1388.9 ns tail  2.20 | control +0.0% | spread 0.4% | col 46.3 ns
t2   R=41  c=25  L3    | narrow   1573.5 ns tail  5.00 | masked   1605.9 ns tail  6.38 | blk_nar   1511.8 ns tail  2.37 | blk_msk   1505.9 ns tail  2.13 | blk_ovr   1508.8 ns tail  2.25 | control +0.4% | spread 1.1% | col 23.5 ns
t2   R=41  c=25  DRAM  | narrow   2579.3 ns tail  0.16 | masked   2637.9 ns tail  1.08 | blk_nar   2541.4 ns tail -0.43 | blk_msk   2541.4 ns tail -0.43 | blk_ovr   2531.0 ns tail -0.59 | control +0.9% | spread 1.2% | col 63.8 ns
t2   R=43  c=1   L1    | narrow    149.0 ns tail  2.53 | masked    165.5 ns tail  2.81 | blk_nar    112.4 ns tail  1.90 | blk_msk    124.3 ns tail  2.10 | blk_ovr    118.2 ns tail  2.00 | control +0.0% | spread 0.1% | col 58.0 ns
t2   R=43  c=1   L2    | narrow    153.8 ns tail  2.53 | masked    170.5 ns tail  2.81 | blk_nar    115.5 ns tail  1.89 | blk_msk    126.3 ns tail  2.07 | blk_ovr    124.7 ns tail  2.04 | control +0.3% | spread 0.4% | col 59.8 ns
t2   R=43  c=1   L3    | narrow    161.9 ns tail  2.65 | masked    175.7 ns tail  2.88 | blk_nar    115.7 ns tail  1.88 | blk_msk    126.7 ns tail  2.06 | blk_ovr    130.0 ns tail  2.12 | control +0.3% | spread 1.2% | col 60.2 ns
t2   R=43  c=1   DRAM  | narrow    244.1 ns tail  2.69 | masked    242.9 ns tail  2.68 | blk_nar    147.2 ns tail  1.61 | blk_msk    149.1 ns tail  1.63 | blk_ovr    159.9 ns tail  1.75 | control +0.3% | spread 1.9% | col 89.8 ns
t2   R=43  c=5   L1    | narrow    417.2 ns tail  3.71 | masked    438.9 ns tail  4.12 | blk_nar    333.9 ns tail  2.13 | blk_msk    345.6 ns tail  2.35 | blk_ovr    348.9 ns tail  2.41 | control +0.1% | spread 0.1% | col 52.8 ns
t2   R=43  c=5   L2    | narrow    429.2 ns tail  3.63 | masked    454.1 ns tail  4.09 | blk_nar    347.0 ns tail  2.12 | blk_msk    359.5 ns tail  2.35 | blk_ovr    367.6 ns tail  2.50 | control +0.0% | spread 0.6% | col 54.3 ns
t2   R=43  c=5   L3    | narrow    468.2 ns tail  3.48 | masked    494.4 ns tail  3.92 | blk_nar    383.2 ns tail  2.03 | blk_msk    396.3 ns tail  2.25 | blk_ovr    414.0 ns tail  2.56 | control +0.4% | spread 1.8% | col 58.9 ns
t2   R=43  c=5   DRAM  | narrow    708.3 ns tail  2.77 | masked    740.7 ns tail  3.19 | blk_nar    610.2 ns tail  1.49 | blk_msk    634.3 ns tail  1.81 | blk_ovr    675.0 ns tail  2.34 | control +0.1% | spread 1.2% | col 76.9 ns
t2   R=43  c=25  L1  * | narrow   1562.7 ns tail  4.16 | masked   1584.3 ns tail  4.61 | blk_nar   1466.7 ns tail  2.16 | blk_msk   1482.4 ns tail  2.49 | blk_ovr   1560.8 ns tail  4.12 | control +0.1% | spread 0.4% | col 48.0 ns
t2   R=43  c=25  L2    | narrow   1624.5 ns tail  4.58 | masked   1636.7 ns tail  4.83 | blk_nar   1516.3 ns tail  2.37 | blk_msk   1526.5 ns tail  2.58 | blk_ovr   1612.2 ns tail  4.33 | control +0.1% | spread 0.1% | col 49.0 ns
t2   R=43  c=25  L3    | narrow   1755.2 ns tail 12.40 | masked   1782.8 ns tail 15.60 | blk_nar   1655.2 ns tail  0.80 | blk_msk   1665.5 ns tail  2.00 | blk_ovr   1813.8 ns tail 19.20 | control +1.4% | spread 1.0% | col 8.6 ns
t2   R=43  c=25  DRAM  | narrow   2759.3 ns tail -0.90 | masked   2800.0 ns tail  0.20 | blk_nar   2659.3 ns tail -3.60 | blk_msk   2681.5 ns tail -3.00 | blk_ovr   2777.8 ns tail -0.40 | control +0.3% | spread 1.6% | col 37.0 ns
t2   R=47  c=1   L1    | narrow    191.2 ns tail  2.72 | masked    346.9 ns tail  4.96 | blk_nar    128.7 ns tail  1.81 | blk_msk    139.1 ns tail  1.97 | blk_ovr    132.4 ns tail  1.87 | control +0.0% | spread 0.0% | col 69.3 ns
t2   R=47  c=1   L2    | narrow    194.8 ns tail  2.70 | masked    356.7 ns tail  4.98 | blk_nar    134.3 ns tail  1.85 | blk_msk    145.3 ns tail  2.00 | blk_ovr    138.1 ns tail  1.90 | control +0.2% | spread 0.2% | col 71.1 ns
t2   R=47  c=1   L3    | narrow    212.3 ns tail  2.82 | masked    376.3 ns tail  5.03 | blk_nar    136.0 ns tail  1.79 | blk_msk    146.2 ns tail  1.93 | blk_ovr    138.3 ns tail  1.82 | control +1.1% | spread 1.5% | col 74.3 ns
t2   R=47  c=1   DRAM  | narrow    302.8 ns tail  2.90 | masked    435.5 ns tail  4.18 | blk_nar    166.4 ns tail  1.58 | blk_msk    168.7 ns tail  1.60 | blk_ovr    160.7 ns tail  1.53 | control +0.3% | spread 3.2% | col 103.5 ns
t2   R=47  c=5   L1    | narrow    639.5 ns tail  5.95 | masked    691.9 ns tail  6.79 | blk_nar    396.0 ns tail  2.05 | blk_msk    402.4 ns tail  2.15 | blk_ovr    397.6 ns tail  2.08 | control +0.0% | spread 0.1% | col 62.5 ns
t2   R=47  c=5   L2    | narrow    642.7 ns tail  5.55 | masked    708.1 ns tail  6.54 | blk_nar    409.7 ns tail  2.02 | blk_msk    425.0 ns tail  2.26 | blk_ovr    414.5 ns tail  2.10 | control -0.1% | spread 0.1% | col 66.1 ns
t2   R=47  c=5   L3    | narrow    681.2 ns tail  5.01 | masked    755.3 ns tail  6.02 | blk_nar    449.4 ns tail  1.86 | blk_msk    467.1 ns tail  2.10 | blk_ovr    450.6 ns tail  1.87 | control +0.3% | spread 1.7% | col 73.5 ns
t2   R=47  c=5   DRAM  | narrow    959.3 ns tail  4.22 | masked   1039.5 ns tail  5.12 | blk_nar    751.9 ns tail  1.89 | blk_msk    777.8 ns tail  2.18 | blk_ovr    743.2 ns tail  1.79 | control -0.5% | spread 3.7% | col 88.9 ns
t2   R=47  c=25  L1  * | narrow   1955.0 ns tail  6.09 | masked   2172.5 ns tail 10.05 | blk_nar   1722.5 ns tail  1.86 | blk_msk   1737.5 ns tail  2.14 | blk_ovr   1747.5 ns tail  2.32 | control +0.0% | spread 0.1% | col 55.0 ns
t2   R=47  c=25  L2    | narrow   2026.3 ns tail  6.92 | masked   2226.3 ns tail 10.82 | blk_nar   1763.2 ns tail  1.79 | blk_msk   1781.6 ns tail  2.15 | blk_ovr   1786.8 ns tail  2.26 | control -0.1% | spread 0.3% | col 51.3 ns
t2   R=47  c=25  L3    | narrow   2216.7 ns tail  3.48 | masked   2433.3 ns tail  8.00 | blk_nar   1983.3 ns tail -1.39 | blk_msk   2000.0 ns tail -1.04 | blk_ovr   2033.3 ns tail -0.35 | control +3.4% | spread 4.3% | col 47.9 ns
t2   R=47  c=25  DRAM  | narrow   3252.2 ns tail  1.78 | masked   3413.0 ns tail  5.89 | blk_nar   3013.0 ns tail -4.33 | blk_msk   3039.1 ns tail -3.67 | blk_ovr   3021.7 ns tail -4.11 | control -0.5% | spread 2.1% | col 39.1 ns

PART B -- 2p transforms, n1t(R2) then t2(R1) in place: ns per transform per arm (n1t arm, t2 arm)
N=15     3.5  L1    | shipped     13.6 | n1t:msk     14.4 | t2:msk     19.1 | control -0.2% | spread 0.3%
N=15     3.5  L2    | shipped     13.7 | n1t:msk     14.3 | t2:msk     19.2 | control +0.0% | spread 0.3%
N=15     3.5  L3    | shipped     14.5 | n1t:msk     14.9 | t2:msk     19.7 | control +0.0% | spread 2.8%
N=15     3.5  DRAM  | shipped     34.2 | n1t:msk     34.0 | t2:msk     33.4 | control +0.0% | spread 1.5%
  accuracy: shipped 3.8e-16 n1t:msk 3.8e-16 t2:msk 3.8e-16
N=21     3.7  L1    | shipped     15.2 | n1t:msk     16.8 | t2:msk     20.6 | control +0.0% | spread 0.0%
N=21     3.7  L2    | shipped     15.6 | n1t:msk     17.1 | t2:msk     21.0 | control +0.0% | spread 0.4%
N=21     3.7  L3    | shipped     17.3 | n1t:msk     18.3 | t2:msk     21.5 | control +0.7% | spread 0.3%
N=21     3.7  DRAM  | shipped     48.9 | n1t:msk     50.5 | t2:msk     48.8 | control +0.1% | spread 3.2%
  accuracy: shipped 5.3e-16 n1t:msk 5.3e-16 t2:msk 5.3e-16
N=25     5.5  L1    | shipped     17.8 | n1t:msk     18.2 | t2:msk     25.1 | control +0.0% | spread 0.3%
N=25     5.5  L2    | shipped     18.2 | n1t:msk     18.7 | t2:msk     25.6 | control -0.4% | spread 1.8%
N=25     5.5  L3    | shipped     21.4 | n1t:msk     21.9 | t2:msk     26.6 | control +1.5% | spread 3.3%
N=25     5.5  DRAM  | shipped     58.9 | n1t:msk     57.1 | t2:msk     57.1 | control +0.2% | spread 2.6%
  accuracy: shipped 4.4e-16 n1t:msk 4.4e-16 t2:msk 4.4e-16
N=33     3.11 L1    | shipped     25.1 | n1t:msk     28.4 | t2:msk     26.0 | control +0.0% | spread 0.2%
N=33     3.11 L2    | shipped     26.1 | n1t:msk     28.9 | t2:msk     26.6 | control +0.3% | spread 0.3%
N=33     3.11 L3    | shipped     28.3 | n1t:msk     30.7 | t2:msk     28.7 | control +0.0% | spread 3.0%
N=33     3.11 DRAM  | shipped     72.4 | n1t:msk     77.3 | t2:msk     73.0 | control +1.1% | spread 5.4%
  accuracy: shipped 4.9e-16 n1t:msk 4.9e-16 t2:msk 4.9e-16
N=35     5.7  L1    | shipped     23.8 | n1t:msk     25.0 | t2:msk     27.0 | control -0.2% | spread 0.3%
N=35     5.7  L2    | shipped     25.4 | n1t:msk     25.7 | t2:msk     27.8 | control +0.0% | spread 0.4%
N=35     5.7  L3    | shipped     28.5 | n1t:msk     28.7 | t2:msk     30.6 | control +0.0% | spread 1.5%
N=35     5.7  DRAM  | shipped     75.2 | n1t:msk     73.0 | t2:msk     74.9 | control +0.2% | spread 3.4%
  accuracy: shipped 3.4e-16 n1t:msk 3.4e-16 t2:msk 3.4e-16
N=39     3.13 L1    | shipped     35.1 | n1t:msk     33.1 | t2:msk     39.0 | control +0.0% | spread 0.2%
N=39     3.13 L2    | shipped     38.6 | n1t:msk     33.9 | t2:msk     42.2 | control +0.0% | spread 0.3%
N=39     3.13 L3    | shipped     42.3 | n1t:msk     36.2 | t2:msk     45.5 | control -0.5% | spread 1.2%
N=39     3.13 DRAM  | shipped     77.7 | n1t:msk     74.7 | t2:msk     78.9 | control -0.4% | spread 1.3%
  accuracy: shipped 4.9e-16 n1t:msk 4.9e-16 t2:msk 4.9e-16
N=45     5.9  L1    | shipped     32.3 | n1t:msk     33.3 | t2:msk     34.2 | control +0.5% | spread 5.6%
N=45     5.9  L2    | shipped     34.2 | n1t:msk     34.4 | t2:msk     35.2 | control -0.7% | spread 1.9%
N=45     5.9  L3    | shipped     39.1 | n1t:msk     40.4 | t2:msk     40.8 | control +0.9% | spread 1.8%
N=45     5.9  DRAM  | shipped     96.1 | n1t:msk    100.0 | t2:msk    101.1 | control +0.3% | spread 1.8%
  accuracy: shipped 4.2e-16 n1t:msk 4.2e-16 t2:msk 4.2e-16
N=49     7.7  L1    | shipped     34.2 | n1t:msk     35.3 | t2:msk     41.9 | control -0.2% | spread 0.4%
N=49     7.7  L2    | shipped     37.9 | n1t:msk     38.6 | t2:msk     42.5 | control +0.4% | spread 0.8%
N=49     7.7  L3    | shipped     43.2 | n1t:msk     44.4 | t2:msk     45.8 | control +0.0% | spread 4.5%
N=49     7.7  DRAM  | shipped    106.2 | n1t:msk    106.9 | t2:msk    106.5 | control +0.5% | spread 1.3%
  accuracy: shipped 4.3e-16 n1t:msk 4.3e-16 t2:msk 4.3e-16
N=51     3.17 L1    | shipped     58.2 | n1t:msk     55.3 | t2:msk     59.2 | control +0.0% | spread 0.4%
N=51     3.17 L2    | shipped     63.2 | n1t:msk     57.3 | t2:msk     63.9 | control +0.0% | spread 0.3%
N=51     3.17 L3    | shipped     66.3 | n1t:msk     59.3 | t2:msk     67.6 | control +0.7% | spread 2.3%
N=51     3.17 DRAM  | shipped    110.3 | n1t:msk    108.0 | t2:msk    111.3 | control -0.6% | spread 2.3%
  accuracy: shipped 5.1e-16 n1t:msk 5.1e-16 t2:msk 5.1e-16
N=55     5.11 L1    | shipped     41.1 | n1t:msk     42.9 | t2:msk     42.6 | control +0.2% | spread 0.2%
N=55     5.11 L2    | shipped     43.5 | n1t:msk     45.2 | t2:msk     44.4 | control +0.0% | spread 0.8%
N=55     5.11 L3    | shipped     48.1 | n1t:msk     53.1 | t2:msk     47.7 | control +0.3% | spread 2.0%
N=55     5.11 DRAM  | shipped    127.1 | n1t:msk    133.9 | t2:msk    116.8 | control -0.3% | spread 3.5%
  accuracy: shipped 4.3e-16 n1t:msk 4.3e-16 t2:msk 4.3e-16
N=57     3.19 L1    | shipped     66.4 | n1t:msk     66.4 | t2:msk     67.6 | control +0.0% | spread 0.9%
N=57     3.19 L2    | shipped     72.8 | n1t:msk     68.2 | t2:msk     73.9 | control +0.5% | spread 2.5%
N=57     3.19 L3    | shipped     79.0 | n1t:msk     73.3 | t2:msk     82.0 | control +0.0% | spread 1.9%
N=57     3.19 DRAM  | shipped    133.0 | n1t:msk    134.3 | t2:msk    135.3 | control +0.1% | spread 2.0%
  accuracy: shipped 6.8e-16 n1t:msk 6.8e-16 t2:msk 6.8e-16
N=63     7.9  L1    | shipped     44.3 | n1t:msk     45.3 | t2:msk     48.0 | control +0.0% | spread 0.4%
N=63     7.9  L2    | shipped     48.0 | n1t:msk     48.6 | t2:msk     51.8 | control +0.4% | spread 0.4%
N=63     7.9  L3    | shipped     58.4 | n1t:msk     56.7 | t2:msk     59.4 | control +1.1% | spread 6.8%
N=63     7.9  DRAM  | shipped    138.3 | n1t:msk    132.8 | t2:msk    134.5 | control +0.1% | spread 3.6%
  accuracy: shipped 6.0e-16 n1t:msk 6.0e-16 t2:msk 6.0e-16
N=65     5.13 L1    | shipped     61.6 | n1t:msk     52.8 | t2:msk     62.8 | control +0.0% | spread 0.4%
N=65     5.13 L2    | shipped     68.4 | n1t:msk     54.5 | t2:msk     70.7 | control +0.0% | spread 1.5%
N=65     5.13 L3    | shipped     75.3 | n1t:msk     62.2 | t2:msk     76.9 | control -1.5% | spread 3.6%
N=65     5.13 DRAM  | shipped    156.7 | n1t:msk    145.0 | t2:msk    153.2 | control +1.3% | spread 5.9%
  accuracy: shipped 4.9e-16 n1t:msk 4.9e-16 t2:msk 4.9e-16
N=69     3.23 L1    | shipped     99.0 | n1t:msk    120.1 | t2:msk    100.0 | control +0.0% | spread 0.3%
N=69     3.23 L2    | shipped    129.7 | n1t:msk    152.5 | t2:msk    130.0 | control +0.0% | spread 2.2%
N=69     3.23 L3    | shipped    141.7 | n1t:msk    165.3 | t2:msk    140.8 | control -0.4% | spread 8.5%
N=69     3.23 DRAM  | shipped    192.5 | n1t:msk    221.0 | t2:msk    196.6 | control +0.3% | spread 4.3%
  accuracy: shipped 6.0e-16 n1t:msk 6.0e-16 t2:msk 6.0e-16
N=75     5.15 L1    | shipped     62.9 | n1t:msk     64.9 | t2:msk     64.0 | control +0.0% | spread 0.6%
N=75     5.15 L2    | shipped     66.8 | n1t:msk     67.7 | t2:msk     68.3 | control +0.4% | spread 0.4%
N=75     5.15 L3    | shipped     77.2 | n1t:msk     77.7 | t2:msk     79.6 | control +0.0% | spread 17.9%
N=75     5.15 DRAM  | shipped    175.4 | n1t:msk    178.1 | t2:msk    178.1 | control +0.6% | spread 5.0%
  accuracy: shipped 6.8e-16 n1t:msk 6.8e-16 t2:msk 6.8e-16
N=77     7.11 L1    | shipped     58.4 | n1t:msk     60.4 | t2:msk     61.6 | control +0.0% | spread 0.4%
N=77     7.11 L2    | shipped     63.1 | n1t:msk     65.0 | t2:msk     68.3 | control +0.0% | spread 0.3%
N=77     7.11 L3    | shipped     72.7 | n1t:msk     77.4 | t2:msk     76.8 | control +1.5% | spread 4.7%
N=77     7.11 DRAM  | shipped    190.1 | n1t:msk    183.1 | t2:msk    188.1 | control -0.8% | spread 2.6%
  accuracy: shipped 6.5e-16 n1t:msk 6.5e-16 t2:msk 6.5e-16
N=81     9.9  L1    | shipped     63.0 | n1t:msk     64.1 | t2:msk     62.6 | t2:blkn     62.8 | t2:blkm     64.1 | t2:ovr     62.9 | control +0.0% | spread 0.5%
N=81     9.9  L2    | shipped     70.3 | n1t:msk     71.7 | t2:msk     71.9 | t2:blkn     71.2 | t2:blkm     72.5 | t2:ovr     71.5 | control +0.6% | spread 1.1%
N=81     9.9  L3    | shipped     82.7 | n1t:msk     84.0 | t2:msk     88.1 | t2:blkn     84.5 | t2:blkm     83.7 | t2:ovr     84.5 | control +0.6% | spread 2.2%
N=81     9.9  DRAM  | shipped    184.9 | n1t:msk    184.9 | t2:msk    191.2 | t2:blkn    190.9 | t2:blkm    185.6 | t2:ovr    190.7 | control +0.8% | spread 3.3%
  accuracy: shipped 7.0e-16 n1t:msk 7.0e-16 t2:msk 7.0e-16 t2:blkn 7.0e-16 t2:blkm 7.0e-16
N=85     5.17 L1    | shipped    104.8 | n1t:msk     84.3 | t2:msk    106.2 | control +0.0% | spread 0.8%
N=85     5.17 L2    | shipped    113.6 | n1t:msk     88.2 | t2:msk    115.1 | control +0.0% | spread 0.3%
N=85     5.17 L3    | shipped    124.4 | n1t:msk     99.4 | t2:msk    126.6 | control +0.3% | spread 2.8%
N=85     5.17 DRAM  | shipped    236.8 | n1t:msk    217.6 | t2:msk    233.6 | control -0.8% | spread 2.1%
  accuracy: shipped 6.3e-16 n1t:msk 6.3e-16 t2:msk 6.3e-16
N=91     7.13 L1    | shipped     92.5 | n1t:msk     75.0 | t2:msk    100.0 | control -0.4% | spread 1.4%
N=91     7.13 L2    | shipped    109.9 | n1t:msk     77.8 | t2:msk    120.1 | control +0.0% | spread 1.1%
N=91     7.13 L3    | shipped    124.8 | n1t:msk     89.4 | t2:msk    131.7 | control +0.2% | spread 7.7%
N=91     7.13 DRAM  | shipped    232.6 | n1t:msk    215.5 | t2:msk    233.8 | control +0.1% | spread 7.6%
  accuracy: shipped 6.3e-16 n1t:msk 6.3e-16 t2:msk 6.3e-16
N=95     5.19 L1    | shipped    109.8 | n1t:msk    101.1 | t2:msk    111.6 | control +0.1% | spread 0.6%
N=95     5.19 L2    | shipped    132.5 | n1t:msk    108.8 | t2:msk    135.7 | control +1.2% | spread 2.1%
N=95     5.19 L3    | shipped    154.8 | n1t:msk    135.9 | t2:msk    155.9 | control +0.0% | spread 10.2%
N=95     5.19 DRAM  | shipped    265.2 | n1t:msk    249.8 | t2:msk    267.4 | control +1.2% | spread 5.5%
  accuracy: shipped 6.2e-16 n1t:msk 6.2e-16 t2:msk 6.2e-16
N=99    11.9  L1    | shipped     81.0 | n1t:msk     82.0 | t2:msk     82.7 | t2:blkn     82.0 | t2:blkm     83.1 | t2:ovr     80.2 | control -0.3% | spread 0.4%
N=99    11.9  L2    | shipped     87.2 | n1t:msk     87.7 | t2:msk     89.0 | t2:blkn     87.8 | t2:blkm     89.1 | t2:ovr     87.0 | control +0.4% | spread 1.5%
N=99    11.9  L3    | shipped    106.9 | n1t:msk    104.9 | t2:msk    106.2 | t2:blkn    109.2 | t2:blkm    104.6 | t2:ovr    103.9 | control +0.3% | spread 8.6%
N=99    11.9  DRAM  | shipped    228.4 | n1t:msk    219.4 | t2:msk    225.2 | t2:blkn    227.5 | t2:blkm    226.1 | t2:ovr    226.1 | control -1.3% | spread 6.0%
  accuracy: shipped 9.3e-16 n1t:msk 9.3e-16 t2:msk 9.3e-16 t2:blkn 9.3e-16 t2:blkm 9.3e-16
N=105   15.7  L1    | shipped     91.7 | n1t:msk     93.0 | t2:msk     95.6 | t2:blkn     92.6 | t2:blkm     95.9 | t2:ovr     91.2 | control -0.4% | spread 0.8%
N=105   15.7  L2    | shipped    107.0 | n1t:msk    108.8 | t2:msk    109.2 | t2:blkn    106.3 | t2:blkm    108.3 | t2:ovr    104.4 | control +0.5% | spread 1.0%
N=105   15.7  L3    | shipped    131.8 | n1t:msk    136.0 | t2:msk    131.3 | t2:blkn    136.9 | t2:blkm    135.0 | t2:ovr    130.4 | control +0.4% | spread 8.9%
N=105   15.7  DRAM  | shipped    248.6 | n1t:msk    265.0 | t2:msk    250.6 | t2:blkn    259.7 | t2:blkm    263.0 | t2:ovr    250.2 | control +0.3% | spread 4.8%
  accuracy: shipped 7.3e-16 n1t:msk 7.3e-16 t2:msk 7.3e-16 t2:blkn 7.3e-16 t2:blkm 7.3e-16
N=115    5.23 L1    | shipped    167.2 | n1t:msk    186.2 | t2:msk    168.4 | control +0.0% | spread 0.3%
N=115    5.23 L2    | shipped    225.3 | n1t:msk    250.6 | t2:msk    229.2 | control +0.2% | spread 0.4%
N=115    5.23 L3    | shipped    262.0 | n1t:msk    301.8 | t2:msk    280.7 | control +8.3% | spread 16.1%
N=115    5.23 DRAM  | shipped    392.6 | n1t:msk    423.9 | t2:msk    385.6 | control -1.6% | spread 5.4%
  accuracy: shipped 6.8e-16 n1t:msk 6.8e-16 t2:msk 6.8e-16
N=117    9.13 L1    | shipped    125.0 | n1t:msk    101.0 | t2:msk    126.5 | t2:blkn    126.3 | t2:blkm    128.6 | t2:ovr    126.0 | control +0.1% | spread 0.1%
N=117    9.13 L2    | shipped    152.0 | n1t:msk    108.6 | t2:msk    152.8 | t2:blkn    153.4 | t2:blkm    153.9 | t2:ovr    150.4 | control +0.0% | spread 1.2%
N=117    9.13 L3    | shipped    177.3 | n1t:msk    138.5 | t2:msk    177.7 | t2:blkn    175.8 | t2:blkm    176.9 | t2:ovr    175.5 | control +0.6% | spread 7.4%
N=117    9.13 DRAM  | shipped    299.2 | n1t:msk    272.7 | t2:msk    298.4 | t2:blkn    303.2 | t2:blkm    301.2 | t2:ovr    295.6 | control +0.9% | spread 5.8%
  accuracy: shipped 8.1e-16 n1t:msk 8.1e-16 t2:msk 8.1e-16 t2:blkn 8.1e-16 t2:blkm 8.1e-16
N=119   17.7  L1    | shipped    112.5 | n1t:msk    113.6 | t2:msk    118.0 | t2:blkn    112.2 | t2:blkm    113.6 | t2:ovr    110.8 | control +0.3% | spread 0.7%
N=119   17.7  L2    | shipped    125.6 | n1t:msk    126.5 | t2:msk    132.1 | t2:blkn    129.2 | t2:blkm    128.8 | t2:ovr    128.3 | control +0.5% | spread 0.5%
N=119   17.7  L3    | shipped    153.4 | n1t:msk    155.2 | t2:msk    155.2 | t2:blkn    151.5 | t2:blkm    153.7 | t2:ovr    150.4 | control -0.5% | spread 2.9%
N=119   17.7  DRAM  | shipped    293.5 | n1t:msk    303.2 | t2:msk    283.3 | t2:blkn    274.1 | t2:blkm    290.3 | t2:ovr    280.6 | control -2.5% | spread 7.3%
  accuracy: shipped 8.4e-16 n1t:msk 8.4e-16 t2:msk 8.4e-16 t2:blkn 8.4e-16 t2:blkm 8.4e-16
N=121   11.11 L1    | shipped    106.5 | n1t:msk    109.2 | t2:msk    105.9 | t2:blkn    106.6 | t2:blkm    106.2 | t2:ovr    104.5 | control +0.6% | spread 1.0%
N=121   11.11 L2    | shipped    113.6 | n1t:msk    113.3 | t2:msk    113.1 | t2:blkn    113.8 | t2:blkm    113.6 | t2:ovr    113.3 | control +0.4% | spread 0.5%
N=121   11.11 L3    | shipped    140.1 | n1t:msk    145.9 | t2:msk    140.1 | t2:blkn    141.1 | t2:blkm    138.4 | t2:ovr    140.8 | control -0.7% | spread 2.4%
N=121   11.11 DRAM  | shipped    279.8 | n1t:msk    299.2 | t2:msk    283.7 | t2:blkn    283.3 | t2:blkm    281.4 | t2:ovr    291.1 | control +1.0% | spread 4.4%
  accuracy: shipped 8.0e-16 n1t:msk 8.0e-16 t2:msk 8.0e-16 t2:blkn 8.0e-16 t2:blkm 8.0e-16
N=125    5.25 L1    | shipped    223.6 | n1t:msk    244.0 | t2:msk    224.5 | control +0.3% | spread 1.3%
N=125    5.25 L2    | shipped    264.9 | n1t:msk    287.0 | t2:msk    266.3 | control -0.2% | spread 0.7%
N=125    5.25 L3    | shipped    313.2 | n1t:msk    342.9 | t2:msk    319.2 | control +1.6% | spread 16.0%
N=125    5.25 DRAM  | shipped    440.9 | n1t:msk    455.1 | t2:msk    440.3 | control -0.1% | spread 1.4%
  accuracy: shipped 7.4e-16 n1t:msk 7.4e-16 t2:msk 7.4e-16
N=133    7.19 L1    | shipped    160.4 | n1t:msk    142.7 | t2:msk    168.7 | control -0.1% | spread 0.7%
N=133    7.19 L2    | shipped    188.5 | n1t:msk    154.2 | t2:msk    196.9 | control +0.0% | spread 0.8%
N=133    7.19 L3    | shipped    330.0 | n1t:msk    268.9 | t2:msk    313.3 | control -2.7% | spread 32.5%
N=133    7.19 DRAM  | shipped    387.0 | n1t:msk    359.4 | t2:msk    377.3 | control -1.5% | spread 3.9%
  accuracy: shipped 9.5e-16 n1t:msk 9.5e-16 t2:msk 9.5e-16
N=135    9.15 L1    | shipped    126.8 | n1t:msk    130.3 | t2:msk    124.0 | t2:blkn    127.0 | t2:blkm    124.7 | t2:ovr    123.8 | control +0.4% | spread 0.4%
N=135    9.15 L2    | shipped    137.1 | n1t:msk    137.3 | t2:msk    137.9 | t2:blkn    138.9 | t2:blkm    138.6 | t2:ovr    137.7 | control +0.4% | spread 0.6%
N=135    9.15 L3    | shipped    176.9 | n1t:msk    175.6 | t2:msk    171.0 | t2:blkn    171.5 | t2:blkm    171.0 | t2:ovr    168.8 | control -1.3% | spread 11.0%
N=135    9.15 DRAM  | shipped    324.8 | n1t:msk    328.3 | t2:msk    326.5 | t2:blkn    326.5 | t2:blkm    322.6 | t2:ovr    327.0 | control -2.4% | spread 2.5%
  accuracy: shipped 4.5e-16 n1t:msk 4.5e-16 t2:msk 4.5e-16 t2:blkn 4.5e-16 t2:blkm 4.5e-16
N=143   11.13 L1    | shipped    163.9 | n1t:msk    127.7 | t2:msk    168.0 | t2:blkn    163.5 | t2:blkm    168.0 | t2:ovr    163.9 | control -0.1% | spread 1.4%
N=143   11.13 L2    | shipped    188.3 | n1t:msk    136.5 | t2:msk    188.5 | t2:blkn    189.0 | t2:blkm    190.2 | t2:ovr    187.1 | control +0.1% | spread 0.9%
N=143   11.13 L3    | shipped    216.5 | n1t:msk    169.3 | t2:msk    210.6 | t2:blkn    211.0 | t2:blkm    215.6 | t2:ovr    213.8 | control -1.1% | spread 2.1%
N=143   11.13 DRAM  | shipped    360.8 | n1t:msk    325.0 | t2:msk    363.2 | t2:blkn    359.9 | t2:blkm    366.5 | t2:ovr    359.4 | control +0.5% | spread 7.1%
  accuracy: shipped 5.7e-16 n1t:msk 5.7e-16 t2:msk 5.7e-16 t2:blkn 5.7e-16 t2:blkm 5.7e-16
N=145   29.5  L1    | shipped    251.7 | n1t:msk    252.4 | t2:msk    267.5 | t2:blkn    222.7 | t2:blkm    229.4 | t2:ovr    220.3 | control +0.1% | spread 0.6%
N=145   29.5  L2    | shipped    306.6 | n1t:msk    305.0 | t2:msk    324.0 | t2:blkn    275.6 | t2:blkm    281.4 | t2:ovr    271.3 | control +0.1% | spread 0.1%
N=145   29.5  L3    | shipped    332.9 | n1t:msk    332.9 | t2:msk    350.3 | t2:blkn    301.9 | t2:blkm    309.9 | t2:ovr    300.6 | control -0.2% | spread 3.2%
N=145   29.5  DRAM  | shipped    465.2 | n1t:msk    470.8 | t2:msk    488.8 | t2:blkn    438.8 | t2:blkm    448.3 | t2:ovr    443.8 | control -0.4% | spread 1.4%
  accuracy: shipped 8.6e-16 n1t:msk 8.6e-16 t2:msk 8.6e-16 t2:blkn 8.6e-16 t2:blkm 8.6e-16
N=153   17.9  L1    | shipped    143.1 | n1t:msk    144.5 | t2:msk    149.2 | t2:blkn    143.7 | t2:blkm    144.9 | t2:ovr    142.5 | control +0.0% | spread 0.1%
N=153   17.9  L2    | shipped    158.6 | n1t:msk    158.6 | t2:msk    164.4 | t2:blkn    159.6 | t2:blkm    161.2 | t2:ovr    158.1 | control -0.1% | spread 0.5%
N=153   17.9  L3    | shipped    194.7 | n1t:msk    194.7 | t2:msk    203.7 | t2:blkn    199.5 | t2:blkm    196.3 | t2:ovr    196.3 | control +0.8% | spread 4.1%
N=153   17.9  DRAM  | shipped    383.6 | n1t:msk    368.4 | t2:msk    386.4 | t2:blkn    384.7 | t2:blkm    372.9 | t2:ovr    366.7 | control +2.8% | spread 8.0%
  accuracy: shipped 7.6e-16 n1t:msk 7.6e-16 t2:msk 7.6e-16 t2:blkn 7.6e-16 t2:blkm 7.6e-16
N=155    5.31 L1    | shipped    252.6 | n1t:msk    270.2 | t2:msk    254.3 | control +0.0% | spread 0.3%
N=155    5.31 L2    | shipped    340.4 | n1t:msk    355.3 | t2:msk    342.1 | control +0.1% | spread 2.0%
N=155    5.31 L3    | shipped    413.8 | n1t:msk    411.8 | t2:msk    413.2 | control -0.3% | spread 20.5%
N=155    5.31 DRAM  | shipped    526.6 | n1t:msk    536.4 | t2:msk    520.3 | control -1.5% | spread 2.3%
  accuracy: shipped 8.8e-16 n1t:msk 8.8e-16 t2:msk 8.8e-16
N=161   23.7  L1    | shipped    217.3 | n1t:msk    218.2 | t2:msk    224.8 | t2:blkn    222.1 | t2:blkm    212.7 | t2:ovr    210.3 | control +0.0% | spread 0.3%
N=161   23.7  L2    | shipped    256.1 | n1t:msk    254.8 | t2:msk    265.1 | t2:blkn    264.5 | t2:blkm    251.5 | t2:ovr    249.8 | control -0.1% | spread 0.3%
N=161   23.7  L3    | shipped    289.3 | n1t:msk    288.1 | t2:msk    300.0 | t2:blkn    297.5 | t2:blkm    284.9 | t2:ovr    282.4 | control -0.9% | spread 2.0%
N=161   23.7  DRAM  | shipped    459.5 | n1t:msk    458.9 | t2:msk    473.2 | t2:blkn    478.0 | t2:blkm    458.3 | t2:ovr    458.9 | control +0.6% | spread 3.8%
  accuracy: shipped 6.8e-16 n1t:msk 6.8e-16 t2:msk 6.8e-16 t2:blkn 6.8e-16 t2:blkm 6.8e-16
N=165   15.11 L1    | shipped    154.9 | n1t:msk    156.6 | t2:msk    159.0 | t2:blkn    157.3 | t2:blkm    159.4 | t2:ovr    154.2 | control +0.0% | spread 0.1%
N=165   15.11 L2    | shipped    166.9 | n1t:msk    169.2 | t2:msk    170.7 | t2:blkn    167.7 | t2:blkm    169.8 | t2:ovr    165.7 | control +0.0% | spread 0.9%
N=165   15.11 L3    | shipped    211.0 | n1t:msk    222.0 | t2:msk    215.9 | t2:blkn    213.7 | t2:blkm    212.1 | t2:ovr    212.1 | control +0.5% | spread 13.5%
N=165   15.11 DRAM  | shipped    408.2 | n1t:msk    415.2 | t2:msk    403.8 | t2:blkn    404.3 | t2:blkm    403.8 | t2:ovr    402.7 | control -2.1% | spread 3.9%
  accuracy: shipped 5.1e-16 n1t:msk 5.1e-16 t2:msk 5.1e-16 t2:blkn 5.1e-16 t2:blkm 5.1e-16
N=169   13.13 L1    | shipped    203.8 | n1t:msk    160.6 | t2:msk    208.6 | t2:blkn    206.1 | t2:blkm    206.3 | t2:ovr    203.5 | control -0.1% | spread 1.1%
N=169   13.13 L2    | shipped    229.5 | n1t:msk    171.1 | t2:msk    232.4 | t2:blkn    232.2 | t2:blkm    233.3 | t2:ovr    229.2 | control -0.1% | spread 0.3%
N=169   13.13 L3    | shipped    253.0 | n1t:msk    202.4 | t2:msk    253.0 | t2:blkn    252.4 | t2:blkm    256.0 | t2:ovr    251.8 | control -0.5% | spread 1.7%
N=169   13.13 DRAM  | shipped    427.2 | n1t:msk    400.0 | t2:msk    455.5 | t2:blkn    452.6 | t2:blkm    445.1 | t2:ovr    450.9 | control +3.1% | spread 6.6%
  accuracy: shipped 7.4e-16 n1t:msk 7.4e-16 t2:msk 7.4e-16 t2:blkn 7.4e-16 t2:blkm 7.4e-16
N=171    9.19 L1    | shipped    219.1 | n1t:msk    191.5 | t2:msk    220.3 | t2:blkn    219.4 | t2:blkm    220.6 | t2:ovr    219.4 | control -0.3% | spread 0.7%
N=171    9.19 L2    | shipped    251.3 | n1t:msk    208.9 | t2:msk    251.0 | t2:blkn    252.2 | t2:blkm    253.2 | t2:ovr    250.3 | control +0.0% | spread 0.3%
N=171    9.19 L3    | shipped    282.4 | n1t:msk    245.9 | t2:msk    281.8 | t2:blkn    284.1 | t2:blkm    281.8 | t2:ovr    279.4 | control -0.6% | spread 3.1%
N=171    9.19 DRAM  | shipped    479.0 | n1t:msk    459.9 | t2:msk    481.4 | t2:blkn    475.4 | t2:blkm    486.8 | t2:ovr    482.6 | control -1.4% | spread 1.5%
  accuracy: shipped 6.3e-16 n1t:msk 6.3e-16 t2:msk 6.3e-16 t2:blkn 6.3e-16 t2:blkm 6.3e-16
N=185    5.37 L1    | shipped    579.1 | n1t:msk    632.6 | t2:msk    577.5 | control +0.1% | spread 1.9%
N=185    5.37 L2    | shipped    635.5 | n1t:msk    700.8 | t2:msk    636.3 | control -0.1% | spread 1.1%
N=185    5.37 L3    | shipped    737.9 | n1t:msk    798.9 | t2:msk    736.8 | control -0.4% | spread 2.3%
N=185    5.37 DRAM  | shipped    858.0 | n1t:msk    915.0 | t2:msk    852.0 | control -1.3% | spread 4.7%
  accuracy: shipped 8.1e-16 n1t:msk 8.1e-16 t2:msk 8.1e-16
N=203   29.7  L1    | shipped    341.0 | n1t:msk    341.5 | t2:msk    358.5 | t2:blkn    301.9 | t2:blkm    309.4 | t2:ovr    295.8 | control +0.0% | spread 0.1%
N=203   29.7  L2    | shipped    394.0 | n1t:msk    392.5 | t2:msk    413.9 | t2:blkn    354.7 | t2:blkm    358.2 | t2:ovr    345.8 | control +0.0% | spread 0.8%
N=203   29.7  L3    | shipped    453.8 | n1t:msk    447.1 | t2:msk    474.0 | t2:blkn    415.4 | t2:blkm    417.3 | t2:ovr    406.7 | control +0.4% | spread 2.3%
N=203   29.7  DRAM  | shipped    653.0 | n1t:msk    644.3 | t2:msk    673.0 | t2:blkn    626.1 | t2:blkm    619.1 | t2:ovr    604.3 | control -0.4% | spread 2.1%
  accuracy: shipped 7.7e-16 n1t:msk 7.7e-16 t2:msk 7.7e-16 t2:blkn 7.7e-16 t2:blkm 7.7e-16
N=205   41.5  L1    | shipped    393.2 | n1t:msk    399.5 | t2:msk    426.2 | t2:blkn    348.7 | t2:blkm    357.6 | t2:ovr    349.7 | control +0.0% | spread 0.4%
N=205   41.5  L2    | shipped    473.8 | n1t:msk    479.8 | t2:msk    504.8 | t2:blkn    423.8 | t2:blkm    431.5 | t2:ovr    422.0 | control -0.1% | spread 0.4%
N=205   41.5  L3    | shipped    510.3 | n1t:msk    512.8 | t2:msk    546.2 | t2:blkn    457.3 | t2:blkm    467.5 | t2:ovr    454.7 | control -0.2% | spread 3.9%
N=205   41.5  DRAM  | shipped    684.8 | n1t:msk    689.3 | t2:msk    738.4 | t2:blkn    644.6 | t2:blkm    653.6 | t2:ovr    643.8 | control -0.1% | spread 2.6%
  accuracy: shipped 9.0e-16 n1t:msk 9.0e-16 t2:msk 9.0e-16 t2:blkn 9.0e-16 t2:blkm 9.0e-16
N=207    9.23 L1    | shipped    326.8 | n1t:msk    346.8 | t2:msk    327.3 | t2:blkn    327.7 | t2:blkm    328.2 | t2:ovr    326.8 | control +0.0% | spread 0.1%
N=207    9.23 L2    | shipped    444.7 | n1t:msk    468.2 | t2:msk    445.3 | t2:blkn    446.9 | t2:blkm    445.8 | t2:ovr    442.5 | control +0.1% | spread 0.6%
N=207    9.23 L3    | shipped    501.8 | n1t:msk    531.2 | t2:msk    495.4 | t2:blkn    494.5 | t2:blkm    494.5 | t2:ovr    489.9 | control -2.2% | spread 3.3%
N=207    9.23 DRAM  | shipped    729.7 | n1t:msk    746.8 | t2:msk    704.5 | t2:blkn    705.4 | t2:blkm    724.3 | t2:ovr    739.6 | control -1.5% | spread 3.3%
  accuracy: shipped 7.6e-16 n1t:msk 7.6e-16 t2:msk 7.6e-16 t2:blkn 7.6e-16 t2:blkm 7.6e-16
N=209   19.11 L1    | shipped    218.6 | n1t:msk    221.1 | t2:msk    225.3 | t2:blkn    222.5 | t2:blkm    220.8 | t2:ovr    218.1 | control +0.3% | spread 0.4%
N=209   19.11 L2    | shipped    233.9 | n1t:msk    236.3 | t2:msk    240.5 | t2:blkn    241.1 | t2:blkm    236.6 | t2:ovr    234.8 | control +0.1% | spread 0.6%
N=209   19.11 L3    | shipped    319.2 | n1t:msk    317.2 | t2:msk    327.2 | t2:blkn    320.5 | t2:blkm    318.5 | t2:ovr    319.9 | control +1.0% | spread 18.0%
N=209   19.11 DRAM  | shipped    521.4 | n1t:msk    532.8 | t2:msk    526.0 | t2:blkn    530.5 | t2:blkm    528.2 | t2:ovr    526.7 | control +1.3% | spread 4.0%
  accuracy: shipped 9.6e-16 n1t:msk 9.6e-16 t2:msk 9.6e-16 t2:blkn 9.6e-16 t2:blkm 9.6e-16
N=217    7.31 L1    | shipped    354.4 | n1t:msk    374.4 | t2:msk    361.2 | control +0.0% | spread 0.2%
N=217    7.31 L2    | shipped    473.8 | n1t:msk    501.2 | t2:msk    486.6 | control +0.3% | spread 0.3%
N=217    7.31 L3    | shipped    622.1 | n1t:msk    664.6 | t2:msk    646.9 | control +1.3% | spread 6.4%
N=217    7.31 DRAM  | shipped    721.2 | n1t:msk    759.3 | t2:msk    745.1 | control -1.0% | spread 2.2%
  accuracy: shipped 8.1e-16 n1t:msk 8.1e-16 t2:msk 8.1e-16
N=221   17.13 L1    | shipped    290.4 | n1t:msk    232.9 | t2:msk    297.6 | t2:blkn    300.4 | t2:blkm    292.8 | t2:ovr    292.0 | control -0.3% | spread 1.2%
N=221   17.13 L2    | shipped    318.1 | n1t:msk    245.4 | t2:msk    325.3 | t2:blkn    320.5 | t2:blkm    320.9 | t2:ovr    318.1 | control -0.1% | spread 0.5%
N=221   17.13 L3    | shipped    379.9 | n1t:msk    341.0 | t2:msk    387.3 | t2:blkn    391.0 | t2:blkm    403.7 | t2:ovr    404.5 | control +5.3% | spread 16.5%
N=221   17.13 DRAM  | shipped    586.1 | n1t:msk    539.3 | t2:msk    586.1 | t2:blkn    584.4 | t2:blkm    582.8 | t2:ovr    579.5 | control +1.0% | spread 3.6%
  accuracy: shipped 7.9e-16 n1t:msk 7.9e-16 t2:msk 7.9e-16 t2:blkn 7.9e-16 t2:blkm 7.9e-16
N=225    9.25 L1    | shipped    414.4 | n1t:msk    436.2 | t2:msk    419.1 | t2:blkn    418.1 | t2:blkm    418.1 | t2:ovr    417.0 | control +1.2% | spread 0.9%
N=225    9.25 L2    | shipped    505.8 | n1t:msk    527.6 | t2:msk    505.1 | t2:blkn    507.1 | t2:blkm    505.8 | t2:ovr    505.1 | control +0.0% | spread 0.1%
N=225    9.25 L3    | shipped    557.4 | n1t:msk    583.2 | t2:msk    555.4 | t2:blkn    556.4 | t2:blkm    557.4 | t2:ovr    553.5 | control +0.0% | spread 1.2%
N=225    9.25 DRAM  | shipped    795.9 | n1t:msk    804.1 | t2:msk    773.2 | t2:blkn    790.7 | t2:blkm    776.3 | t2:ovr    792.8 | control -1.0% | spread 2.3%
  accuracy: shipped 1.2e-15 n1t:msk 1.2e-15 t2:msk 1.2e-15 t2:blkn 1.2e-15 t2:blkm 1.2e-15
N=235    5.47 L1    | shipped    872.4 | n1t:msk    890.8 | t2:msk    870.1 | control +0.0% | spread 0.1%
N=235    5.47 L2    | shipped    932.9 | n1t:msk    949.4 | t2:msk    931.8 | control -0.1% | spread 0.5%
N=235    5.47 L3    | shipped   1065.7 | n1t:msk   1070.1 | t2:msk   1058.2 | control -0.6% | spread 3.5%
N=235    5.47 DRAM  | shipped   1136.2 | n1t:msk   1160.9 | t2:msk   1150.7 | control +0.4% | spread 1.4%
  accuracy: shipped 6.7e-16 n1t:msk 6.7e-16 t2:msk 6.7e-16
N=243    9.27 L1    | shipped    409.3 | n1t:msk    448.8 | t2:msk    409.9 | t2:blkn    410.5 | t2:blkm    410.5 | t2:ovr    408.7 | control +0.3% | spread 0.6%
N=243    9.27 L2    | shipped    561.7 | n1t:msk    594.3 | t2:msk    561.7 | t2:blkn    563.1 | t2:blkm    562.4 | t2:ovr    561.7 | control +0.0% | spread 0.1%
N=243    9.27 L3    | shipped    647.3 | n1t:msk    681.3 | t2:msk    649.5 | t2:blkn    651.6 | t2:blkm    650.5 | t2:ovr    656.0 | control +3.2% | spread 3.4%
N=243    9.27 DRAM  | shipped    831.5 | n1t:msk    858.4 | t2:msk    852.8 | t2:blkn    837.1 | t2:blkm    849.4 | t2:ovr    840.4 | control +1.1% | spread 3.2%
  accuracy: shipped 9.8e-16 n1t:msk 9.8e-16 t2:msk 9.8e-16 t2:blkn 9.8e-16 t2:blkm 9.8e-16
N=247   19.13 L1    | shipped    327.5 | n1t:msk    272.5 | t2:msk    332.1 | t2:blkn    332.6 | t2:blkm    328.0 | t2:ovr    324.8 | control +0.3% | spread 0.4%
N=247   19.13 L2    | shipped    366.7 | n1t:msk    288.9 | t2:msk    374.5 | t2:blkn    375.9 | t2:blkm    369.4 | t2:ovr    369.4 | control +0.5% | spread 0.5%
N=247   19.13 L3    | shipped    408.9 | n1t:msk    348.0 | t2:msk    426.8 | t2:blkn    416.3 | t2:blkm    414.6 | t2:ovr    412.2 | control +0.4% | spread 4.8%
N=247   19.13 DRAM  | shipped    628.0 | n1t:msk    588.8 | t2:msk    640.8 | t2:blkn    632.8 | t2:blkm    629.6 | t2:ovr    633.6 | control +0.9% | spread 2.7%
  accuracy: shipped 9.9e-16 n1t:msk 9.9e-16 t2:msk 9.9e-16 t2:blkn 9.9e-16 t2:blkm 9.9e-16
N=253   23.11 L1    | shipped    353.4 | n1t:msk    357.5 | t2:msk    358.8 | t2:blkn    362.0 | t2:blkm    345.7 | t2:ovr    343.9 | control -0.1% | spread 0.3%
N=253   23.11 L2    | shipped    383.8 | n1t:msk    382.4 | t2:msk    390.7 | t2:blkn    397.1 | t2:blkm    377.0 | t2:ovr    374.5 | control +0.3% | spread 0.4%
N=253   23.11 L3    | shipped    553.8 | n1t:msk    595.0 | t2:msk    622.5 | t2:blkn    608.8 | t2:blkm    630.0 | t2:ovr    628.8 | control +12.0% | spread 32.3%
N=253   23.11 DRAM  | shipped    687.5 | n1t:msk    704.5 | t2:msk    708.9 | t2:blkn    717.9 | t2:blkm    700.9 | t2:ovr    699.1 | control +0.3% | spread 3.2%
  accuracy: shipped 8.1e-16 n1t:msk 8.1e-16 t2:msk 8.1e-16 t2:blkn 8.1e-16 t2:blkm 8.1e-16
N=255   17.15 L1    | shipped    274.8 | n1t:msk    277.9 | t2:msk    280.3 | t2:blkn    274.8 | t2:blkm    275.5 | t2:ovr    274.5 | control +0.0% | spread 0.1%
N=255   17.15 L2    | shipped    302.3 | n1t:msk    300.8 | t2:msk    310.0 | t2:blkn    308.1 | t2:blkm    305.0 | t2:ovr    301.9 | control +0.1% | spread 0.4%
N=255   17.15 L3    | shipped    373.9 | n1t:msk    371.4 | t2:msk    377.3 | t2:blkn    383.2 | t2:blkm    371.4 | t2:ovr    363.9 | control -2.0% | spread 12.6%
N=255   17.15 DRAM  | shipped    621.6 | n1t:msk    625.0 | t2:msk    625.9 | t2:blkn    620.7 | t2:blkm    621.6 | t2:ovr    618.1 | control +0.3% | spread 3.3%
  accuracy: shipped 9.1e-16 n1t:msk 9.1e-16 t2:msk 9.1e-16 t2:blkn 9.1e-16 t2:blkm 9.1e-16
N=259   37.7  L1    | shipped    422.5 | n1t:msk    424.1 | t2:msk    442.8 | t2:blkn    392.5 | t2:blkm    400.5 | t2:ovr    394.7 | control +0.0% | spread 0.1%
N=259   37.7  L2    | shipped    496.9 | n1t:msk    496.9 | t2:msk    510.1 | t2:blkn    466.0 | t2:blkm    466.7 | t2:ovr    461.0 | control +0.0% | spread 0.3%
N=259   37.7  L3    | shipped    582.2 | n1t:msk    579.2 | t2:msk    589.1 | t2:blkn    543.6 | t2:blkm    542.6 | t2:ovr    530.7 | control -1.7% | spread 3.4%
N=259   37.7  DRAM  | shipped    788.8 | n1t:msk    791.8 | t2:msk    805.1 | t2:blkn    756.1 | t2:blkm    755.1 | t2:ovr    754.1 | control +0.6% | spread 1.9%
  accuracy: shipped 8.6e-16 n1t:msk 8.6e-16 t2:msk 8.6e-16 t2:blkn 8.6e-16 t2:blkm 8.6e-16
N=261   29.9  L1    | shipped    435.9 | n1t:msk    437.0 | t2:msk    455.4 | t2:blkn    386.4 | t2:blkm    395.1 | t2:ovr    379.3 | control +0.0% | spread 0.0%
N=261   29.9  L2    | shipped    477.1 | n1t:msk    478.3 | t2:msk    501.2 | t2:blkn    430.1 | t2:blkm    434.3 | t2:ovr    419.3 | control +0.0% | spread 0.4%
N=261   29.9  L3    | shipped    540.2 | n1t:msk    543.7 | t2:msk    571.3 | t2:blkn    503.4 | t2:blkm    517.2 | t2:ovr    494.3 | control +0.9% | spread 7.0%
N=261   29.9  DRAM  | shipped    791.6 | n1t:msk    791.6 | t2:msk    830.5 | t2:blkn    771.6 | t2:blkm    782.1 | t2:ovr    767.4 | control +0.3% | spread 1.5%
  accuracy: shipped 8.1e-16 n1t:msk 8.1e-16 t2:msk 8.1e-16 t2:blkn 8.1e-16 t2:blkm 8.1e-16
N=273   13.21 L1    | shipped    377.0 | n1t:msk    395.7 | t2:msk    379.4 | t2:blkn    379.4 | t2:blkm    380.4 | t2:ovr    377.5 | control +0.0% | spread 0.1%
N=273   13.21 L2    | shipped    435.2 | n1t:msk    452.2 | t2:msk    437.4 | t2:blkn    437.4 | t2:blkm    437.9 | t2:ovr    435.2 | control +0.0% | spread 0.1%
N=273   13.21 L3    | shipped    503.4 | n1t:msk    522.5 | t2:msk    502.2 | t2:blkn    504.5 | t2:blkm    503.4 | t2:ovr    504.5 | control -0.2% | spread 2.9%
N=273   13.21 DRAM  | shipped    771.8 | n1t:msk    778.6 | t2:msk    773.8 | t2:blkn    775.7 | t2:blkm    784.5 | t2:ovr    773.8 | control +1.0% | spread 2.4%
  accuracy: shipped 9.5e-16 n1t:msk 9.5e-16 t2:msk 9.5e-16 t2:blkn 9.5e-16 t2:blkm 9.5e-16
N=279    9.31 L1    | shipped    472.0 | n1t:msk    496.4 | t2:msk    472.0 | t2:blkn    472.0 | t2:blkm    472.0 | t2:ovr    471.4 | control +0.1% | spread 0.3%
N=279    9.31 L2    | shipped    637.4 | n1t:msk    660.2 | t2:msk    636.6 | t2:blkn    638.2 | t2:blkm    637.4 | t2:ovr    635.8 | control +0.0% | spread 0.1%
N=279    9.31 L3    | shipped    727.8 | n1t:msk    749.4 | t2:msk    719.0 | t2:blkn    716.5 | t2:blkm    719.0 | t2:ovr    721.5 | control -0.2% | spread 4.0%
N=279    9.31 DRAM  | shipped    951.9 | n1t:msk    962.0 | t2:msk    946.8 | t2:blkn    946.8 | t2:blkm    949.4 | t2:ovr    945.6 | control -0.5% | spread 1.2%
  accuracy: shipped 1.2e-15 n1t:msk 1.2e-15 t2:msk 1.2e-15 t2:blkn 1.2e-15 t2:blkm 1.2e-15
N=285   15.19 L1    | shipped    399.0 | n1t:msk    348.0 | t2:msk    405.0 | t2:blkn    402.5 | t2:blkm    407.0 | t2:ovr    401.5 | control +0.0% | spread 0.1%
N=285   15.19 L2    | shipped    457.5 | n1t:msk    379.3 | t2:msk    460.9 | t2:blkn    459.2 | t2:blkm    458.6 | t2:ovr    456.3 | control +0.0% | spread 0.3%
N=285   15.19 L3    | shipped    500.0 | n1t:msk    438.2 | t2:msk    506.6 | t2:blkn    507.9 | t2:blkm    505.3 | t2:ovr    503.9 | control +0.5% | spread 0.5%
N=285   15.19 DRAM  | shipped    774.8 | n1t:msk    747.6 | t2:msk    791.3 | t2:blkn    787.4 | t2:blkm    786.4 | t2:ovr    785.4 | control +0.4% | spread 2.4%
  accuracy: shipped 9.1e-16 n1t:msk 9.1e-16 t2:msk 9.1e-16 t2:blkn 9.1e-16 t2:blkm 9.1e-16
N=287   41.7  L1    | shipped    528.9 | n1t:msk    540.9 | t2:msk    559.7 | t2:blkn    471.1 | t2:blkm    482.6 | t2:ovr    473.2 | control +0.0% | spread 0.3%
N=287   41.7  L2    | shipped    612.5 | n1t:msk    626.6 | t2:msk    642.2 | t2:blkn    543.0 | t2:blkm    551.6 | t2:ovr    545.3 | control +0.0% | spread 0.3%
N=287   41.7  L3    | shipped    709.5 | n1t:msk    716.7 | t2:msk    734.5 | t2:blkn    634.5 | t2:blkm    651.2 | t2:ovr    648.8 | control -0.7% | spread 2.5%
N=287   41.7  DRAM  | shipped    930.1 | n1t:msk    925.3 | t2:msk    963.9 | t2:blkn    865.1 | t2:blkm    889.2 | t2:ovr    878.3 | control -1.7% | spread 2.2%
  accuracy: shipped 1.5e-15 n1t:msk 1.5e-15 t2:msk 1.5e-15 t2:blkn 1.5e-15 t2:blkm 1.5e-15
N=289   17.17 L1    | shipped    449.2 | n1t:msk    341.2 | t2:msk    455.4 | t2:blkn    450.8 | t2:blkm    451.4 | t2:ovr    449.7 | control -0.1% | spread 0.1%
N=289   17.17 L2    | shipped    530.2 | n1t:msk    367.8 | t2:msk    537.6 | t2:blkn    534.2 | t2:blkm    533.6 | t2:ovr    532.2 | control +0.0% | spread 0.3%
N=289   17.17 L3    | shipped    571.3 | n1t:msk    431.9 | t2:msk    580.9 | t2:blkn    575.5 | t2:blkm    573.4 | t2:ovr    573.4 | control +0.6% | spread 1.7%
N=289   17.17 DRAM  | shipped    811.4 | n1t:msk    734.1 | t2:msk    818.2 | t2:blkn    825.0 | t2:blkm    810.2 | t2:ovr    821.6 | control +0.4% | spread 3.8%
  accuracy: shipped 9.9e-16 n1t:msk 9.9e-16 t2:msk 9.9e-16 t2:blkn 9.9e-16 t2:blkm 9.9e-16
N=299   23.13 L1    | shipped    507.6 | n1t:msk    425.5 | t2:msk    515.9 | t2:blkn    521.7 | t2:blkm    501.3 | t2:ovr    499.4 | control +0.0% | spread 0.1%
N=299   23.13 L2    | shipped    561.3 | n1t:msk    465.0 | t2:msk    570.8 | t2:blkn    577.4 | t2:blkm    554.7 | t2:ovr    552.6 | control +0.0% | spread 0.3%
N=299   23.13 L3    | shipped    666.2 | n1t:msk    562.5 | t2:msk    651.2 | t2:blkn    652.5 | t2:blkm    631.2 | t2:ovr    617.5 | control -3.6% | spread 9.8%
N=299   23.13 DRAM  | shipped    862.9 | n1t:msk    807.9 | t2:msk    859.6 | t2:blkn    873.0 | t2:blkm    851.7 | t2:ovr    850.6 | control -0.5% | spread 1.3%
  accuracy: shipped 8.4e-16 n1t:msk 8.4e-16 t2:msk 8.4e-16 t2:blkn 8.4e-16 t2:blkm 8.4e-16
N=319   29.11 L1    | shipped    541.5 | n1t:msk    544.9 | t2:msk    564.6 | t2:blkn    485.7 | t2:blkm    494.6 | t2:ovr    474.8 | control +0.1% | spread 0.1%
N=319   29.11 L2    | shipped    585.2 | n1t:msk    585.9 | t2:msk    610.4 | t2:blkn    529.6 | t2:blkm    535.6 | t2:ovr    518.5 | control +0.1% | spread 0.4%
N=319   29.11 L3    | shipped    696.9 | n1t:msk    692.3 | t2:msk    721.5 | t2:blkn    643.1 | t2:blkm    641.5 | t2:ovr    624.6 | control -1.3% | spread 3.5%
N=319   29.11 DRAM  | shipped    972.6 | n1t:msk    971.2 | t2:msk    989.0 | t2:blkn    926.0 | t2:blkm    931.5 | t2:ovr    917.8 | control -0.4% | spread 2.1%
  accuracy: shipped 1.3e-15 n1t:msk 1.3e-15 t2:msk 1.3e-15 t2:blkn 1.3e-15 t2:blkm 1.3e-15
N=323   19.17 L1    | shipped    519.4 | n1t:msk    398.4 | t2:msk    525.8 | t2:blkn    525.0 | t2:blkm    523.4 | t2:ovr    519.4 | control +0.0% | spread 0.2%
N=323   19.17 L2    | shipped    616.3 | n1t:msk    433.3 | t2:msk    623.3 | t2:blkn    625.6 | t2:blkm    617.8 | t2:ovr    617.1 | control +0.0% | spread 0.3%
N=323   19.17 L3    | shipped    709.8 | n1t:msk    542.7 | t2:msk    714.6 | t2:blkn    692.7 | t2:blkm    684.1 | t2:ovr    676.8 | control -4.5% | spread 5.3%
N=323   19.17 DRAM  | shipped    932.9 | n1t:msk    820.0 | t2:msk    932.9 | t2:blkn    928.6 | t2:blkm    917.1 | t2:ovr    911.4 | control +0.0% | spread 2.1%
  accuracy: shipped 1.4e-15 n1t:msk 1.4e-15 t2:msk 1.4e-15 t2:blkn 1.4e-15 t2:blkm 1.4e-15
N=325   13.25 L1    | shipped    635.2 | n1t:msk    656.8 | t2:msk    637.6 | t2:blkn    640.0 | t2:blkm    639.2 | t2:ovr    639.2 | control +0.3% | spread 0.3%
N=325   13.25 L2    | shipped    766.7 | n1t:msk    786.3 | t2:msk    767.6 | t2:blkn    769.6 | t2:blkm    768.6 | t2:ovr    765.7 | control +0.0% | spread 0.1%
N=325   13.25 L3    | shipped    842.9 | n1t:msk    870.0 | t2:msk    841.4 | t2:blkn    844.3 | t2:blkm    848.6 | t2:ovr    841.4 | control +0.2% | spread 0.8%
N=325   13.25 DRAM  | shipped   1108.6 | n1t:msk   1130.0 | t2:msk   1104.3 | t2:blkn   1105.7 | t2:blkm   1108.6 | t2:ovr   1100.0 | control +0.3% | spread 1.8%
  accuracy: shipped 9.3e-16 n1t:msk 9.3e-16 t2:msk 9.3e-16 t2:blkn 9.3e-16 t2:blkm 9.3e-16
N=333    9.37 L1    | shipped    987.5 | n1t:msk   1045.0 | t2:msk    986.2 | t2:blkn    990.0 | t2:blkm    993.8 | t2:ovr    988.8 | control +0.3% | spread 0.9%
N=333    9.37 L2    | shipped   1112.7 | n1t:msk   1180.3 | t2:msk   1115.5 | t2:blkn   1118.3 | t2:blkm   1115.5 | t2:ovr   1111.3 | control +0.0% | spread 0.1%
N=333    9.37 L3    | shipped   1228.0 | n1t:msk   1284.0 | t2:msk   1216.0 | t2:blkn   1222.0 | t2:blkm   1232.0 | t2:ovr   1226.0 | control +0.2% | spread 2.1%
N=333    9.37 DRAM  | shipped   1450.0 | n1t:msk   1509.3 | t2:msk   1435.2 | t2:blkn   1448.1 | t2:blkm   1446.3 | t2:ovr   1431.5 | control -0.3% | spread 1.4%
  accuracy: shipped 9.0e-16 n1t:msk 9.0e-16 t2:msk 9.0e-16 t2:blkn 9.0e-16 t2:blkm 9.0e-16
N=345   15.23 L1    | shipped    585.2 | n1t:msk    608.1 | t2:msk    590.4 | t2:blkn    587.4 | t2:blkm    605.9 | t2:ovr    585.9 | control +0.1% | spread 0.1%
N=345   15.23 L2    | shipped    795.0 | n1t:msk    820.0 | t2:msk    799.0 | t2:blkn    798.0 | t2:blkm    801.0 | t2:ovr    796.0 | control +0.0% | spread 0.3%
N=345   15.23 L3    | shipped    868.2 | n1t:msk    898.5 | t2:msk    868.2 | t2:blkn    866.7 | t2:blkm    863.6 | t2:ovr    863.6 | control -0.2% | spread 1.7%
N=345   15.23 DRAM  | shipped   1143.9 | n1t:msk   1175.8 | t2:msk   1150.0 | t2:blkn   1147.0 | t2:blkm   1139.4 | t2:ovr   1128.8 | control -0.4% | spread 1.7%
  accuracy: shipped 1.1e-15 n1t:msk 1.1e-15 t2:msk 1.1e-15 t2:blkn 1.1e-15 t2:blkm 1.1e-15
N=361   19.19 L1    | shipped    538.8 | n1t:msk    472.8 | t2:msk    549.7 | t2:blkn    546.3 | t2:blkm    544.2 | t2:ovr    540.1 | control +0.1% | spread 0.1%
N=361   19.19 L2    | shipped    617.1 | n1t:msk    517.1 | t2:msk    622.5 | t2:blkn    625.6 | t2:blkm    619.4 | t2:ovr    615.5 | control +0.0% | spread 0.3%
N=361   19.19 L3    | shipped    700.0 | n1t:msk    621.9 | t2:msk    700.0 | t2:blkn    711.0 | t2:blkm    697.3 | t2:ovr    693.2 | control +0.8% | spread 3.5%
N=361   19.19 DRAM  | shipped    992.3 | n1t:msk    950.8 | t2:msk    976.9 | t2:blkn    990.8 | t2:blkm    987.7 | t2:ovr    984.6 | control -1.4% | spread 3.9%
  accuracy: shipped 1.3e-15 n1t:msk 1.3e-15 t2:msk 1.3e-15 t2:blkn 1.3e-15 t2:blkm 1.3e-15
N=369    9.41 L1    | shipped   1477.4 | n1t:msk   1507.5 | t2:msk   1473.6 | t2:blkn   1471.7 | t2:blkm   1479.2 | t2:ovr   1471.7 | control +0.3% | spread 0.1%
N=369    9.41 L2    | shipped   1592.0 | n1t:msk   1634.0 | t2:msk   1596.0 | t2:blkn   1598.0 | t2:blkm   1598.0 | t2:ovr   1594.0 | control +0.1% | spread 0.3%
N=369    9.41 L3    | shipped   1797.6 | n1t:msk   1848.8 | t2:msk   1775.6 | t2:blkn   1785.4 | t2:blkm   1802.4 | t2:ovr   1790.2 | control -0.4% | spread 2.8%
N=369    9.41 DRAM  | shipped   1947.5 | n1t:msk   2002.5 | t2:msk   1942.5 | t2:blkn   1940.0 | t2:blkm   1940.0 | t2:ovr   1947.5 | control -0.3% | spread 0.9%
  accuracy: shipped 1.4e-15 n1t:msk 1.4e-15 t2:msk 1.4e-15 t2:blkn 1.4e-15 t2:blkm 1.4e-15
N=377   13.29 L1    | shipped    629.4 | n1t:msk    647.6 | t2:msk    627.8 | t2:blkn    628.6 | t2:blkm    629.4 | t2:ovr    626.2 | control +0.0% | spread 0.1%
N=377   13.29 L2    | shipped    712.0 | n1t:msk    734.3 | t2:msk    713.9 | t2:blkn    713.9 | t2:blkm    714.8 | t2:ovr    713.0 | control +0.0% | spread 0.1%
N=377   13.29 L3    | shipped    823.5 | n1t:msk    844.1 | t2:msk    820.6 | t2:blkn    835.3 | t2:blkm    839.7 | t2:ovr    819.1 | control +0.0% | spread 12.5%
N=377   13.29 DRAM  | shipped   1136.4 | n1t:msk   1156.1 | t2:msk   1143.9 | t2:blkn   1151.5 | t2:blkm   1150.0 | t2:ovr   1147.0 | control +1.1% | spread 1.3%
  accuracy: shipped 9.5e-16 n1t:msk 9.5e-16 t2:msk 9.5e-16 t2:blkn 9.5e-16 t2:blkm 9.5e-16
N=387   43.9  L1    | shipped    771.8 | n1t:msk    740.8 | t2:msk    765.0 | t2:blkn    664.1 | t2:blkm    679.6 | t2:ovr    682.5 | control +0.0% | spread 0.3%
N=387   43.9  L2    | shipped    863.0 | n1t:msk    837.0 | t2:msk    854.3 | t2:blkn    733.7 | t2:blkm    748.9 | t2:ovr    750.0 | control +0.0% | spread 0.3%
N=387   43.9  L3    | shipped    978.3 | n1t:msk    951.7 | t2:msk    970.0 | t2:blkn    845.0 | t2:blkm    851.7 | t2:ovr    850.0 | control -0.5% | spread 5.3%
N=387   43.9  DRAM  | shipped   1305.0 | n1t:msk   1270.0 | t2:msk   1273.3 | t2:blkn   1175.0 | t2:blkm   1165.0 | t2:ovr   1166.7 | control -0.1% | spread 1.1%
  accuracy: shipped 1.2e-15 n1t:msk 1.2e-15 t2:msk 1.2e-15 t2:blkn 1.2e-15 t2:blkm 1.2e-15
N=391   23.17 L1    | shipped    773.5 | n1t:msk    638.2 | t2:msk    777.5 | t2:blkn    792.2 | t2:blkm    761.8 | t2:ovr    759.8 | control +0.0% | spread 0.0%
N=391   23.17 L2    | shipped    897.7 | n1t:msk    664.0 | t2:msk    898.8 | t2:blkn    916.3 | t2:blkm    882.6 | t2:ovr    879.1 | control -0.3% | spread 0.9%
N=391   23.17 L3    | shipped    965.6 | n1t:msk    739.1 | t2:msk    959.4 | t2:blkn    992.2 | t2:blkm    960.9 | t2:ovr    964.1 | control +1.6% | spread 1.5%
N=391   23.17 DRAM  | shipped   1249.1 | n1t:msk   1119.3 | t2:msk   1233.3 | t2:blkn   1280.7 | t2:blkm   1240.4 | t2:ovr   1233.3 | control +0.8% | spread 1.4%
  accuracy: shipped 1.5e-15 n1t:msk 1.5e-15 t2:msk 1.5e-15 t2:blkn 1.5e-15 t2:blkm 1.5e-15
N=403   13.31 L1    | shipped    713.5 | n1t:msk    742.3 | t2:msk    714.4 | t2:blkn    715.3 | t2:blkm    717.1 | t2:ovr    712.6 | control +0.0% | spread 0.1%
N=403   13.31 L2    | shipped    954.3 | n1t:msk    984.0 | t2:msk    955.6 | t2:blkn    959.3 | t2:blkm    961.7 | t2:ovr    954.3 | control +0.0% | spread 0.4%
N=403   13.31 L3    | shipped   1050.0 | n1t:msk   1082.7 | t2:msk   1050.0 | t2:blkn   1051.9 | t2:blkm   1061.5 | t2:ovr   1046.2 | control +0.4% | spread 3.1%
N=403   13.31 DRAM  | shipped   1351.8 | n1t:msk   1378.6 | t2:msk   1353.6 | t2:blkn   1351.8 | t2:blkm   1351.8 | t2:ovr   1348.2 | control -0.7% | spread 2.6%
  accuracy: shipped 1.1e-15 n1t:msk 1.1e-15 t2:msk 1.1e-15 t2:blkn 1.1e-15 t2:blkm 1.1e-15
N=407   37.11 L1    | shipped    665.5 | n1t:msk    668.1 | t2:msk    684.9 | t2:blkn    631.9 | t2:blkm    642.0 | t2:ovr    636.1 | control +0.0% | spread 0.3%
N=407   37.11 L2    | shipped    731.5 | n1t:msk    726.9 | t2:msk    745.4 | t2:blkn    704.6 | t2:blkm    714.8 | t2:ovr    705.6 | control +0.0% | spread 0.4%
N=407   37.11 L3    | shipped    843.8 | n1t:msk    845.3 | t2:msk    865.6 | t2:blkn    804.7 | t2:blkm    815.6 | t2:ovr    815.6 | control +1.3% | spread 2.2%
N=407   37.11 DRAM  | shipped   1178.8 | n1t:msk   1183.3 | t2:msk   1203.0 | t2:blkn   1147.0 | t2:blkm   1165.2 | t2:ovr   1162.1 | control -0.4% | spread 1.5%
  accuracy: shipped 1.1e-15 n1t:msk 1.1e-15 t2:msk 1.1e-15 t2:blkn 1.1e-15 t2:blkm 1.1e-15
N=425   17.25 L1    | shipped    863.0 | n1t:msk    885.9 | t2:msk    871.7 | t2:blkn    866.3 | t2:blkm    864.1 | t2:ovr    867.4 | control +0.0% | spread 0.0%
N=425   17.25 L2    | shipped   1039.5 | n1t:msk   1052.6 | t2:msk   1051.3 | t2:blkn   1043.4 | t2:blkm   1042.1 | t2:ovr   1042.1 | control +0.1% | spread 0.3%
N=425   17.25 L3    | shipped   1139.2 | n1t:msk   1156.9 | t2:msk   1152.9 | t2:blkn   1147.1 | t2:blkm   1141.2 | t2:ovr   1143.1 | control +1.0% | spread 1.2%
N=425   17.25 DRAM  | shipped   1466.7 | n1t:msk   1496.3 | t2:msk   1479.6 | t2:blkn   1463.0 | t2:blkm   1464.8 | t2:ovr   1472.2 | control -0.4% | spread 1.5%
  accuracy: shipped 1.0e-15 n1t:msk 1.0e-15 t2:msk 1.0e-15 t2:blkn 1.0e-15 t2:blkm 1.0e-15
N=435   29.15 L1    | shipped    768.9 | n1t:msk    771.8 | t2:msk    795.1 | t2:blkn    689.3 | t2:blkm    693.2 | t2:ovr    673.8 | control +0.0% | spread 0.1%
N=435   29.15 L2    | shipped    837.2 | n1t:msk    834.0 | t2:msk    866.0 | t2:blkn    756.4 | t2:blkm    760.6 | t2:ovr    736.2 | control +0.1% | spread 1.4%
N=435   29.15 L3    | shipped    921.7 | n1t:msk    920.0 | t2:msk    945.0 | t2:blkn    840.0 | t2:blkm    846.7 | t2:ovr    825.0 | control -0.2% | spread 2.2%
N=435   29.15 DRAM  | shipped   1326.3 | n1t:msk   1329.8 | t2:msk   1336.8 | t2:blkn   1247.4 | t2:blkm   1243.9 | t2:ovr   1219.3 | control +0.5% | spread 2.5%
  accuracy: shipped 8.3e-16 n1t:msk 8.3e-16 t2:msk 8.3e-16 t2:blkn 8.3e-16 t2:blkm 8.3e-16
N=437   23.19 L1    | shipped    807.0 | n1t:msk    724.6 | t2:msk    810.5 | t2:blkn    828.1 | t2:blkm    796.5 | t2:ovr    794.7 | control +0.0% | spread 0.2%
N=437   23.19 L2    | shipped    904.1 | n1t:msk    785.1 | t2:msk    902.7 | t2:blkn    927.0 | t2:blkm    891.9 | t2:ovr    894.6 | control -0.3% | spread 0.3%
N=437   23.19 L3    | shipped    986.2 | n1t:msk    886.2 | t2:msk    989.7 | t2:blkn   1013.8 | t2:blkm    974.1 | t2:ovr    977.6 | control +0.2% | spread 1.6%
N=437   23.19 DRAM  | shipped   1324.0 | n1t:msk   1276.0 | t2:msk   1336.0 | t2:blkn   1362.0 | t2:blkm   1316.0 | t2:ovr   1316.0 | control +0.0% | spread 3.5%
  accuracy: shipped 1.0e-15 n1t:msk 1.0e-15 t2:msk 1.0e-15 t2:blkn 1.0e-15 t2:blkm 1.0e-15
N=451   11.41 L1    | shipped   1779.5 | n1t:msk   1809.1 | t2:msk   1784.1 | t2:blkn   1779.5 | t2:blkm   1781.8 | t2:ovr   1781.8 | control +0.0% | spread 0.3%
N=451   11.41 L2    | shipped   1941.5 | n1t:msk   1975.6 | t2:msk   1943.9 | t2:blkn   1943.9 | t2:blkm   1943.9 | t2:ovr   1943.9 | control +0.0% | spread 0.1%
N=451   11.41 L3    | shipped   2066.7 | n1t:msk   2106.1 | t2:msk   2078.8 | t2:blkn   2081.8 | t2:blkm   2081.8 | t2:ovr   2084.8 | control +0.0% | spread 1.8%
N=451   11.41 DRAM  | shipped   2318.2 | n1t:msk   2366.7 | t2:msk   2321.2 | t2:blkn   2330.3 | t2:blkm   2324.2 | t2:ovr   2324.2 | control +0.3% | spread 0.9%
  accuracy: shipped 1.1e-15 n1t:msk 1.1e-15 t2:msk 1.1e-15 t2:blkn 1.1e-15 t2:blkm 1.1e-15
N=465   15.31 L1    | shipped    829.2 | n1t:msk    862.5 | t2:msk    834.4 | t2:blkn    840.6 | t2:blkm    834.4 | t2:ovr    835.4 | control +0.0% | spread 0.3%
N=465   15.31 L2    | shipped   1118.6 | n1t:msk   1152.9 | t2:msk   1122.9 | t2:blkn   1127.1 | t2:blkm   1127.1 | t2:ovr   1128.6 | control +0.3% | spread 0.4%
N=465   15.31 L3    | shipped   1243.1 | n1t:msk   1276.5 | t2:msk   1243.1 | t2:blkn   1249.0 | t2:blkm   1241.2 | t2:ovr   1252.9 | control +0.8% | spread 2.2%
N=465   15.31 DRAM  | shipped   1531.2 | n1t:msk   1558.3 | t2:msk   1537.5 | t2:blkn   1547.9 | t2:blkm   1545.8 | t2:ovr   1539.6 | control +0.4% | spread 1.1%
  accuracy: shipped 1.1e-15 n1t:msk 1.1e-15 t2:msk 1.1e-15 t2:blkn 1.1e-15 t2:blkm 1.1e-15
N=473   43.11 L1    | shipped    923.3 | n1t:msk    918.6 | t2:msk    975.6 | t2:blkn    820.9 | t2:blkm    836.0 | t2:ovr    841.9 | control +0.1% | spread 0.4%
N=473   43.11 L2    | shipped   1010.3 | n1t:msk   1016.7 | t2:msk   1071.8 | t2:blkn    907.7 | t2:blkm    917.9 | t2:ovr    926.9 | control +0.1% | spread 0.1%
N=473   43.11 L3    | shipped   1129.2 | n1t:msk   1135.4 | t2:msk   1191.7 | t2:blkn   1020.8 | t2:blkm   1022.9 | t2:ovr   1041.7 | control +0.0% | spread 2.8%
N=473   43.11 DRAM  | shipped   1533.3 | n1t:msk   1520.8 | t2:msk   1593.8 | t2:blkn   1412.5 | t2:blkm   1406.2 | t2:ovr   1433.3 | control -0.7% | spread 1.5%
  accuracy: shipped 1.5e-15 n1t:msk 1.5e-15 t2:msk 1.5e-15 t2:blkn 1.5e-15 t2:blkm 1.5e-15
N=475   19.25 L1    | shipped    990.0 | n1t:msk   1013.8 | t2:msk    996.2 | t2:blkn    993.8 | t2:blkm    990.0 | t2:ovr    990.0 | control -0.1% | spread 0.3%
N=475   19.25 L2    | shipped   1190.5 | n1t:msk   1204.8 | t2:msk   1198.4 | t2:blkn   1214.3 | t2:blkm   1195.2 | t2:ovr   1193.7 | control -0.3% | spread 0.3%
N=475   19.25 L3    | shipped   1323.4 | n1t:msk   1327.7 | t2:msk   1308.5 | t2:blkn   1321.3 | t2:blkm   1297.9 | t2:ovr   1314.9 | control -0.6% | spread 3.1%
N=475   19.25 DRAM  | shipped   1646.8 | n1t:msk   1659.6 | t2:msk   1631.9 | t2:blkn   1670.2 | t2:blkm   1634.0 | t2:ovr   1640.4 | control -1.2% | spread 1.4%
  accuracy: shipped 1.2e-15 n1t:msk 1.2e-15 t2:msk 1.2e-15 t2:blkn 1.2e-15 t2:blkm 1.2e-15
N=481   37.13 L1    | shipped    935.3 | n1t:msk    789.4 | t2:msk    956.5 | t2:blkn    904.7 | t2:blkm    912.9 | t2:ovr    905.9 | control +0.1% | spread 0.1%
N=481   37.13 L2    | shipped   1022.4 | n1t:msk    867.1 | t2:msk   1044.7 | t2:blkn    989.5 | t2:blkm   1000.0 | t2:ovr    994.7 | control +0.3% | spread 0.4%
N=481   37.13 L3    | shipped   1113.0 | n1t:msk    968.5 | t2:msk   1127.8 | t2:blkn   1074.1 | t2:blkm   1088.9 | t2:ovr   1075.9 | control -0.7% | spread 2.3%
N=481   37.13 DRAM  | shipped   1441.8 | n1t:msk   1387.3 | t2:msk   1492.7 | t2:blkn   1416.4 | t2:blkm   1436.4 | t2:ovr   1418.2 | control +0.9% | spread 3.2%
  accuracy: shipped 1.1e-15 n1t:msk 1.1e-15 t2:msk 1.1e-15 t2:blkn 1.1e-15 t2:blkm 1.1e-15
N=483   21.23 L1    | shipped    914.1 | n1t:msk    940.0 | t2:msk    929.4 | t2:blkn    918.8 | t2:blkm    923.5 | t2:ovr    920.0 | control -0.1% | spread 0.1%
N=483   21.23 L2    | shipped   1236.5 | n1t:msk   1261.9 | t2:msk   1246.0 | t2:blkn   1249.2 | t2:blkm   1242.9 | t2:ovr   1238.1 | control +0.3% | spread 0.4%
N=483   21.23 L3    | shipped   1333.3 | n1t:msk   1366.7 | t2:msk   1337.5 | t2:blkn   1352.1 | t2:blkm   1335.4 | t2:ovr   1329.2 | control +0.0% | spread 2.3%
N=483   21.23 DRAM  | shipped   1612.5 | n1t:msk   1662.5 | t2:msk   1629.2 | t2:blkn   1643.8 | t2:blkm   1627.1 | t2:ovr   1614.6 | control +0.3% | spread 0.6%
  accuracy: shipped 1.2e-15 n1t:msk 1.2e-15 t2:msk 1.2e-15 t2:blkn 1.2e-15 t2:blkm 1.2e-15
N=493   29.17 L1    | shipped   1118.3 | n1t:msk    923.9 | t2:msk   1164.8 | t2:blkn   1031.0 | t2:blkm   1035.2 | t2:ovr   1007.0 | control +0.0% | spread 0.3%
N=493   29.17 L2    | shipped   1277.4 | n1t:msk    985.5 | t2:msk   1324.2 | t2:blkn   1191.9 | t2:blkm   1201.6 | t2:ovr   1167.7 | control +0.0% | spread 0.4%
N=493   29.17 L3    | shipped   1382.2 | n1t:msk   1146.7 | t2:msk   1428.9 | t2:blkn   1302.2 | t2:blkm   1311.1 | t2:ovr   1295.6 | control +1.8% | spread 2.4%
N=493   29.17 DRAM  | shipped   1691.5 | n1t:msk   1568.1 | t2:msk   1717.0 | t2:blkn   1593.6 | t2:blkm   1602.1 | t2:ovr   1585.1 | control -0.6% | spread 2.9%
  accuracy: shipped 1.4e-15 n1t:msk 1.4e-15 t2:msk 1.4e-15 t2:blkn 1.4e-15 t2:blkm 1.4e-15
N=513   19.27 L1    | shipped    965.9 | n1t:msk   1008.5 | t2:msk    972.0 | t2:blkn    976.8 | t2:blkm    965.9 | t2:ovr    964.6 | control +0.0% | spread 0.1%
N=513   19.27 L2    | shipped   1308.3 | n1t:msk   1345.0 | t2:msk   1318.3 | t2:blkn   1330.0 | t2:blkm   1313.3 | t2:ovr   1311.7 | control +0.1% | spread 0.3%
N=513   19.27 L3    | shipped   1438.6 | n1t:msk   1470.5 | t2:msk   1445.5 | t2:blkn   1452.3 | t2:blkm   1436.4 | t2:ovr   1436.4 | control -0.6% | spread 2.4%
N=513   19.27 DRAM  | shipped   1775.0 | n1t:msk   1797.7 | t2:msk   1779.5 | t2:blkn   1795.5 | t2:blkm   1772.7 | t2:ovr   1768.2 | control -0.6% | spread 1.8%
  accuracy: shipped 1.1e-15 n1t:msk 1.1e-15 t2:msk 1.1e-15 t2:blkn 1.1e-15 t2:blkm 1.1e-15
N=525   25.21 L1    | shipped   1035.5 | n1t:msk   1055.3 | t2:msk   1057.9 | t2:blkn   1030.3 | t2:blkm   1038.2 | t2:ovr   1032.9 | control +0.1% | spread 0.3%
N=525   25.21 L2    | shipped   1150.0 | n1t:msk   1163.2 | t2:msk   1166.2 | t2:blkn   1151.5 | t2:blkm   1152.9 | t2:ovr   1148.5 | control -0.1% | spread 0.3%
N=525   25.21 L3    | shipped   1253.2 | n1t:msk   1263.8 | t2:msk   1272.3 | t2:blkn   1251.1 | t2:blkm   1263.8 | t2:ovr   1259.6 | control -0.3% | spread 2.0%
N=525   25.21 DRAM  | shipped   1668.9 | n1t:msk   1671.1 | t2:msk   1684.4 | t2:blkn   1666.7 | t2:blkm   1666.7 | t2:ovr   1668.9 | control -0.7% | spread 1.3%
  accuracy: shipped 1.2e-15 n1t:msk 1.2e-15 t2:msk 1.2e-15 t2:blkn 1.2e-15 t2:blkm 1.2e-15
N=527   31.17 L1    | shipped   1240.6 | n1t:msk   1026.6 | t2:msk   1317.2 | t2:blkn   1098.4 | t2:blkm   1104.7 | t2:ovr   1098.4 | control +0.0% | spread 0.1%
N=527   31.17 L2    | shipped   1407.3 | n1t:msk   1080.0 | t2:msk   1492.7 | t2:blkn   1283.6 | t2:blkm   1280.0 | t2:ovr   1278.2 | control -0.1% | spread 0.4%
N=527   31.17 L3    | shipped   1471.8 | n1t:msk   1161.5 | t2:msk   1541.0 | t2:blkn   1343.6 | t2:blkm   1348.7 | t2:ovr   1356.4 | control +0.3% | spread 0.5%
N=527   31.17 DRAM  | shipped   1842.9 | n1t:msk   1697.6 | t2:msk   1914.3 | t2:blkn   1716.7 | t2:blkm   1716.7 | t2:ovr   1726.2 | control +0.3% | spread 1.4%
  accuracy: shipped 1.4e-15 n1t:msk 1.4e-15 t2:msk 1.4e-15 t2:blkn 1.4e-15 t2:blkm 1.4e-15
N=529   23.23 L1    | shipped   1143.5 | n1t:msk   1172.5 | t2:msk   1143.5 | t2:blkn   1178.3 | t2:blkm   1126.1 | t2:ovr   1123.2 | control -0.1% | spread 0.0%
N=529   23.23 L2    | shipped   1498.1 | n1t:msk   1517.0 | t2:msk   1500.0 | t2:blkn   1528.3 | t2:blkm   1483.0 | t2:ovr   1483.0 | control -0.3% | spread 0.4%
N=529   23.23 L3    | shipped   1615.0 | n1t:msk   1632.5 | t2:msk   1620.0 | t2:blkn   1642.5 | t2:blkm   1600.0 | t2:ovr   1590.0 | control +0.8% | spread 0.8%
N=529   23.23 DRAM  | shipped   1929.3 | n1t:msk   1939.0 | t2:msk   1929.3 | t2:blkn   1946.3 | t2:blkm   1880.5 | t2:ovr   1897.6 | control +0.0% | spread 1.5%
  accuracy: shipped 1.3e-15 n1t:msk 1.3e-15 t2:msk 1.3e-15 t2:blkn 1.3e-15 t2:blkm 1.3e-15
N=533   41.13 L1    | shipped   1149.3 | n1t:msk    994.2 | t2:msk   1187.0 | t2:blkn   1065.2 | t2:blkm   1082.6 | t2:ovr   1069.6 | control -0.1% | spread 0.3%
N=533   41.13 L2    | shipped   1235.5 | n1t:msk   1079.0 | t2:msk   1275.8 | t2:blkn   1156.5 | t2:blkm   1164.5 | t2:ovr   1158.1 | control +0.0% | spread 0.4%
N=533   41.13 L3    | shipped   1337.0 | n1t:msk   1200.0 | t2:msk   1365.2 | t2:blkn   1252.2 | t2:blkm   1263.0 | t2:ovr   1254.3 | control +0.0% | spread 0.8%
N=533   41.13 DRAM  | shipped   1745.5 | n1t:msk   1695.5 | t2:msk   1754.5 | t2:blkn   1652.3 | t2:blkm   1652.3 | t2:ovr   1638.6 | control -0.4% | spread 1.3%
  accuracy: shipped 1.4e-15 n1t:msk 1.4e-15 t2:msk 1.4e-15 t2:blkn 1.4e-15 t2:blkm 1.4e-15
N=551   29.19 L1    | shipped   1183.6 | n1t:msk   1074.6 | t2:msk   1219.4 | t2:blkn   1076.1 | t2:blkm   1080.6 | t2:ovr   1050.7 | control +0.3% | spread 0.3%
N=551   29.19 L2    | shipped   1318.3 | n1t:msk   1161.7 | t2:msk   1356.7 | t2:blkn   1211.7 | t2:blkm   1216.7 | t2:ovr   1190.0 | control +0.0% | spread 0.4%
N=551   29.19 L3    | shipped   1388.1 | n1t:msk   1261.9 | t2:msk   1431.0 | t2:blkn   1307.1 | t2:blkm   1314.3 | t2:ovr   1285.7 | control +2.1% | spread 1.7%
N=551   29.19 DRAM  | shipped   1818.2 | n1t:msk   1777.3 | t2:msk   1893.2 | t2:blkn   1738.6 | t2:blkm   1750.0 | t2:ovr   1706.8 | control +0.5% | spread 2.8%
  accuracy: shipped 1.2e-15 n1t:msk 1.2e-15 t2:msk 1.2e-15 t2:blkn 1.2e-15 t2:blkm 1.2e-15
N=555   37.15 L1    | shipped    950.0 | n1t:msk    971.4 | t2:msk    964.3 | t2:blkn    908.3 | t2:blkm    919.0 | t2:ovr    909.5 | control +0.1% | spread 0.1%
N=555   37.15 L2    | shipped   1038.2 | n1t:msk   1031.6 | t2:msk   1059.2 | t2:blkn    992.1 | t2:blkm    997.4 | t2:ovr    997.4 | control +0.1% | spread 0.4%
N=555   37.15 L3    | shipped   1152.1 | n1t:msk   1150.0 | t2:msk   1170.8 | t2:blkn   1104.2 | t2:blkm   1120.8 | t2:ovr   1114.6 | control +0.4% | spread 2.0%
N=555   37.15 DRAM  | shipped   1630.4 | n1t:msk   1641.3 | t2:msk   1652.2 | t2:blkn   1602.2 | t2:blkm   1621.7 | t2:ovr   1591.3 | control -0.5% | spread 2.5%
  accuracy: shipped 1.4e-15 n1t:msk 1.4e-15 t2:msk 1.4e-15 t2:blkn 1.4e-15 t2:blkm 1.4e-15
N=559   43.13 L1    | shipped   1293.2 | n1t:msk   1103.4 | t2:msk   1325.4 | t2:blkn   1154.2 | t2:blkm   1167.8 | t2:ovr   1176.3 | control +0.0% | spread 0.4%
N=559   43.13 L2    | shipped   1389.3 | n1t:msk   1192.9 | t2:msk   1419.6 | t2:blkn   1250.0 | t2:blkm   1262.5 | t2:ovr   1273.2 | control -0.1% | spread 0.6%
N=559   43.13 L3    | shipped   1492.5 | n1t:msk   1317.5 | t2:msk   1522.5 | t2:blkn   1347.5 | t2:blkm   1365.0 | t2:ovr   1372.5 | control -0.2% | spread 1.5%
N=559   43.13 DRAM  | shipped   1907.5 | n1t:msk   1807.5 | t2:msk   1937.5 | t2:blkn   1722.5 | t2:blkm   1747.5 | t2:ovr   1745.0 | control +0.4% | spread 1.4%
  accuracy: shipped 1.1e-15 n1t:msk 1.1e-15 t2:msk 1.1e-15 t2:blkn 1.1e-15 t2:blkm 1.1e-15
N=567   21.27 L1    | shipped   1131.4 | n1t:msk   1174.3 | t2:msk   1138.6 | t2:blkn   1134.3 | t2:blkm   1140.0 | t2:ovr   1134.3 | control -0.1% | spread 0.3%
N=567   21.27 L2    | shipped   1520.0 | n1t:msk   1558.0 | t2:msk   1528.0 | t2:blkn   1534.0 | t2:blkm   1528.0 | t2:ovr   1520.0 | control -0.1% | spread 0.1%
N=567   21.27 L3    | shipped   1647.5 | n1t:msk   1685.0 | t2:msk   1655.0 | t2:blkn   1655.0 | t2:blkm   1657.5 | t2:ovr   1650.0 | control +0.2% | spread 1.7%
N=567   21.27 DRAM  | shipped   1976.9 | n1t:msk   2023.1 | t2:msk   2005.1 | t2:blkn   1997.4 | t2:blkm   1987.2 | t2:ovr   1976.9 | control +0.4% | spread 1.8%
  accuracy: shipped 1.2e-15 n1t:msk 1.2e-15 t2:msk 1.2e-15 t2:blkn 1.2e-15 t2:blkm 1.2e-15
N=575   25.23 L1    | shipped   1287.1 | n1t:msk   1322.6 | t2:msk   1312.9 | t2:blkn   1282.3 | t2:blkm   1288.7 | t2:ovr   1285.5 | control +0.1% | spread 0.3%
N=575   25.23 L2    | shipped   1671.7 | n1t:msk   1702.2 | t2:msk   1693.5 | t2:blkn   1671.7 | t2:blkm   1673.9 | t2:ovr   1680.4 | control +0.0% | spread 0.1%
N=575   25.23 L3    | shipped   1797.2 | n1t:msk   1825.0 | t2:msk   1800.0 | t2:blkn   1788.9 | t2:blkm   1786.1 | t2:ovr   1788.9 | control +0.2% | spread 1.1%
N=575   25.23 DRAM  | shipped   2152.8 | n1t:msk   2188.9 | t2:msk   2163.9 | t2:blkn   2161.1 | t2:blkm   2138.9 | t2:ovr   2158.3 | control +0.5% | spread 1.3%
  accuracy: shipped 2.2e-15 n1t:msk 2.2e-15 t2:msk 2.2e-15 t2:blkn 2.2e-15 t2:blkm 2.2e-15
N=589   31.19 L1    | shipped   1332.2 | n1t:msk   1194.9 | t2:msk   1428.8 | t2:blkn   1157.6 | t2:blkm   1164.4 | t2:ovr   1161.0 | control -0.1% | spread 0.3%
N=589   31.19 L2    | shipped   1460.0 | n1t:msk   1285.5 | t2:msk   1563.6 | t2:blkn   1298.2 | t2:blkm   1314.5 | t2:ovr   1310.9 | control -0.1% | spread 0.2%
N=589   31.19 L3    | shipped   1538.5 | n1t:msk   1405.1 | t2:msk   1628.2 | t2:blkn   1389.7 | t2:blkm   1394.9 | t2:ovr   1400.0 | control +0.7% | spread 2.2%
N=589   31.19 DRAM  | shipped   2007.9 | n1t:msk   1944.7 | t2:msk   2118.4 | t2:blkn   1860.5 | t2:blkm   1842.1 | t2:ovr   1855.3 | control -0.4% | spread 0.8%
  accuracy: shipped 1.3e-15 n1t:msk 1.3e-15 t2:msk 1.3e-15 t2:blkn 1.3e-15 t2:blkm 1.3e-15
N=609   21.29 L1    | shipped   1152.9 | n1t:msk   1194.1 | t2:msk   1180.9 | t2:blkn   1189.7 | t2:blkm   1164.7 | t2:ovr   1158.8 | control +0.0% | spread 0.4%
N=609   21.29 L2    | shipped   1308.3 | n1t:msk   1370.0 | t2:msk   1341.7 | t2:blkn   1350.0 | t2:blkm   1311.7 | t2:ovr   1315.0 | control +0.0% | spread 0.1%
N=609   21.29 L3    | shipped   1532.5 | n1t:msk   1562.5 | t2:msk   1557.5 | t2:blkn   1545.0 | t2:blkm   1497.5 | t2:ovr   1507.5 | control -0.8% | spread 3.1%
N=609   21.29 DRAM  | shipped   1960.5 | n1t:msk   1994.7 | t2:msk   2007.9 | t2:blkn   1997.4 | t2:blkm   1965.8 | t2:ovr   1952.6 | control +0.4% | spread 2.3%
  accuracy: shipped 1.2e-15 n1t:msk 1.2e-15 t2:msk 1.2e-15 t2:blkn 1.2e-15 t2:blkm 1.2e-15
N=615   41.15 L1    | shipped   1207.7 | n1t:msk   1215.4 | t2:msk   1244.6 | t2:blkn   1089.2 | t2:blkm   1096.9 | t2:ovr   1090.8 | control +0.1% | spread 0.1%
N=615   41.15 L2    | shipped   1303.3 | n1t:msk   1301.7 | t2:msk   1343.3 | t2:blkn   1185.0 | t2:blkm   1183.3 | t2:ovr   1178.3 | control +0.0% | spread 0.3%
N=615   41.15 L3    | shipped   1464.1 | n1t:msk   1466.7 | t2:msk   1507.7 | t2:blkn   1346.2 | t2:blkm   1353.8 | t2:ovr   1348.7 | control +1.1% | spread 4.9%
N=615   41.15 DRAM  | shipped   1975.0 | n1t:msk   1965.0 | t2:msk   1967.5 | t2:blkn   1857.5 | t2:blkm   1870.0 | t2:ovr   1852.5 | control -0.4% | spread 0.8%
  accuracy: shipped 1.7e-15 n1t:msk 1.7e-15 t2:msk 1.7e-15 t2:blkn 1.7e-15 t2:blkm 1.7e-15
N=621   23.27 L1    | shipped   1401.8 | n1t:msk   1458.2 | t2:msk   1416.4 | t2:blkn   1434.5 | t2:blkm   1378.2 | t2:ovr   1370.9 | control +0.1% | spread 0.4%
N=621   23.27 L2    | shipped   1846.5 | n1t:msk   1895.3 | t2:msk   1858.1 | t2:blkn   1886.0 | t2:blkm   1820.9 | t2:ovr   1814.0 | control -0.1% | spread 0.3%
N=621   23.27 L3    | shipped   1976.5 | n1t:msk   2035.3 | t2:msk   2005.9 | t2:blkn   2020.6 | t2:blkm   1961.8 | t2:ovr   1947.1 | control +0.3% | spread 1.0%
N=621   23.27 DRAM  | shipped   2330.3 | n1t:msk   2381.8 | t2:msk   2342.4 | t2:blkn   2360.6 | t2:blkm   2309.1 | t2:ovr   2309.1 | control -0.5% | spread 2.2%
  accuracy: shipped 1.7e-15 n1t:msk 1.7e-15 t2:msk 1.7e-15 t2:blkn 1.7e-15 t2:blkm 1.7e-15
N=625   25.25 L1    | shipped   1595.9 | n1t:msk   1634.7 | t2:msk   1646.9 | t2:blkn   1585.7 | t2:blkm   1587.8 | t2:ovr   1583.7 | control +0.1% | spread 0.4%
N=625   25.25 L2    | shipped   1883.3 | n1t:msk   1902.4 | t2:msk   1907.1 | t2:blkn   1885.7 | t2:blkm   1876.2 | t2:ovr   1876.2 | control -0.1% | spread 0.8%
N=625   25.25 L3    | shipped   2015.2 | n1t:msk   2024.2 | t2:msk   2036.4 | t2:blkn   2012.1 | t2:blkm   2012.1 | t2:ovr   2018.2 | control +0.0% | spread 0.8%
N=625   25.25 DRAM  | shipped   2415.6 | n1t:msk   2406.2 | t2:msk   2434.4 | t2:blkn   2403.1 | t2:blkm   2415.6 | t2:ovr   2409.4 | control +0.1% | spread 1.4%
  accuracy: shipped 2.2e-15 n1t:msk 2.2e-15 t2:msk 2.2e-15 t2:blkn 2.2e-15 t2:blkm 2.2e-15
N=629   17.37 L1    | shipped   1914.6 | n1t:msk   1987.8 | t2:msk   1931.7 | t2:blkn   1919.5 | t2:blkm   1919.5 | t2:ovr   1909.8 | control +0.0% | spread 0.3%
N=629   17.37 L2    | shipped   2177.8 | n1t:msk   2247.2 | t2:msk   2191.7 | t2:blkn   2175.0 | t2:blkm   2172.2 | t2:ovr   2172.2 | control +0.1% | spread 0.3%
N=629   17.37 L3    | shipped   2327.6 | n1t:msk   2420.7 | t2:msk   2355.2 | t2:blkn   2341.4 | t2:blkm   2334.5 | t2:ovr   2358.6 | control +0.9% | spread 2.8%
N=629   17.37 DRAM  | shipped   2658.6 | n1t:msk   2731.0 | t2:msk   2651.7 | t2:blkn   2631.0 | t2:blkm   2634.5 | t2:ovr   2637.9 | control -0.3% | spread 2.3%
  accuracy: shipped 1.0e-15 n1t:msk 1.0e-15 t2:msk 1.0e-15 t2:blkn 1.0e-15 t2:blkm 1.0e-15
N=645   43.15 L1    | shipped   1346.4 | n1t:msk   1355.4 | t2:msk   1364.3 | t2:blkn   1178.6 | t2:blkm   1191.1 | t2:ovr   1210.7 | control +0.0% | spread 0.3%
N=645   43.15 L2    | shipped   1447.3 | n1t:msk   1443.6 | t2:msk   1460.0 | t2:blkn   1272.7 | t2:blkm   1287.3 | t2:ovr   1303.6 | control +0.0% | spread 0.4%
N=645   43.15 L3    | shipped   1561.1 | n1t:msk   1552.8 | t2:msk   1575.0 | t2:blkn   1375.0 | t2:blkm   1397.2 | t2:ovr   1397.2 | control -1.1% | spread 3.2%
N=645   43.15 DRAM  | shipped   2130.0 | n1t:msk   2130.0 | t2:msk   2160.0 | t2:blkn   1950.0 | t2:blkm   1953.3 | t2:ovr   1980.0 | control -0.2% | spread 1.7%
  accuracy: shipped 9.9e-16 n1t:msk 9.9e-16 t2:msk 9.9e-16 t2:blkn 9.9e-16 t2:blkm 9.9e-16
N=651   21.31 L1    | shipped   1324.1 | n1t:msk   1355.2 | t2:msk   1346.6 | t2:blkn   1325.9 | t2:blkm   1337.9 | t2:ovr   1320.7 | control +0.1% | spread 0.1%
N=651   21.31 L2    | shipped   1752.3 | n1t:msk   1775.0 | t2:msk   1777.3 | t2:blkn   1763.6 | t2:blkm   1761.4 | t2:ovr   1756.8 | control +0.1% | spread 0.3%
N=651   21.31 L3    | shipped   1869.7 | n1t:msk   1897.0 | t2:msk   1903.0 | t2:blkn   1903.0 | t2:blkm   1893.9 | t2:ovr   1881.8 | control +0.6% | spread 0.6%
N=651   21.31 DRAM  | shipped   2360.6 | n1t:msk   2397.0 | t2:msk   2409.1 | t2:blkn   2387.9 | t2:blkm   2363.6 | t2:ovr   2363.6 | control -0.4% | spread 1.9%
  accuracy: shipped 1.1e-15 n1t:msk 1.1e-15 t2:msk 1.1e-15 t2:blkn 1.1e-15 t2:blkm 1.1e-15
N=667   23.29 L1    | shipped   1456.9 | n1t:msk   1480.4 | t2:msk   1474.5 | t2:blkn   1492.2 | t2:blkm   1431.4 | t2:ovr   1427.5 | control -0.3% | spread 0.4%
N=667   23.29 L2    | shipped   1643.8 | n1t:msk   1687.5 | t2:msk   1656.2 | t2:blkn   1677.1 | t2:blkm   1616.7 | t2:ovr   1610.4 | control +0.3% | spread 0.1%
N=667   23.29 L3    | shipped   1878.8 | n1t:msk   1909.1 | t2:msk   1857.6 | t2:blkn   1893.9 | t2:blkm   1848.5 | t2:ovr   1821.2 | control +0.3% | spread 3.1%
N=667   23.29 DRAM  | shipped   2330.3 | n1t:msk   2342.4 | t2:msk   2333.3 | t2:blkn   2342.4 | t2:blkm   2297.0 | t2:ovr   2281.8 | control +0.7% | spread 1.6%
  accuracy: shipped 1.7e-15 n1t:msk 1.7e-15 t2:msk 1.7e-15 t2:blkn 1.7e-15 t2:blkm 1.7e-15
N=675   27.25 L1    | shipped   1832.6 | n1t:msk   1867.4 | t2:msk   1869.8 | t2:blkn   1781.4 | t2:blkm   1814.0 | t2:ovr   1774.4 | control +0.3% | spread 0.6%
N=675   27.25 L2    | shipped   2113.5 | n1t:msk   2143.2 | t2:msk   2145.9 | t2:blkn   2054.1 | t2:blkm   2086.5 | t2:ovr   2043.2 | control +0.0% | spread 0.1%
N=675   27.25 L3    | shipped   2270.0 | n1t:msk   2290.0 | t2:msk   2293.3 | t2:blkn   2233.3 | t2:blkm   2256.7 | t2:ovr   2226.7 | control +0.7% | spread 2.8%
N=675   27.25 DRAM  | shipped   2658.6 | n1t:msk   2662.1 | t2:msk   2693.1 | t2:blkn   2624.1 | t2:blkm   2624.1 | t2:ovr   2613.8 | control -0.3% | spread 1.0%
  accuracy: shipped 1.3e-15 n1t:msk 1.3e-15 t2:msk 1.3e-15 t2:blkn 1.3e-15 t2:blkm 1.3e-15
N=697   41.17 L1    | shipped   1748.9 | n1t:msk   1457.8 | t2:msk   1782.2 | t2:blkn   1620.0 | t2:blkm   1615.6 | t2:ovr   1615.6 | control +0.3% | spread 0.4%
N=697   41.17 L2    | shipped   1952.5 | n1t:msk   1537.5 | t2:msk   1975.0 | t2:blkn   1807.5 | t2:blkm   1810.0 | t2:ovr   1810.0 | control +0.3% | spread 0.4%
N=697   41.17 L3    | shipped   2022.6 | n1t:msk   1645.2 | t2:msk   2038.7 | t2:blkn   1883.9 | t2:blkm   1890.3 | t2:ovr   1883.9 | control +1.0% | spread 1.0%
N=697   41.17 DRAM  | shipped   2496.8 | n1t:msk   2341.9 | t2:msk   2500.0 | t2:blkn   2332.3 | t2:blkm   2345.2 | t2:ovr   2335.5 | control +0.0% | spread 1.2%
  accuracy: shipped 1.2e-15 n1t:msk 1.2e-15 t2:msk 1.2e-15 t2:blkn 1.2e-15 t2:blkm 1.2e-15
N=703   37.19 L1    | shipped   1548.0 | n1t:msk   1370.0 | t2:msk   1556.0 | t2:blkn   1452.0 | t2:blkm   1456.0 | t2:ovr   1448.0 | control +0.0% | spread 0.3%
N=703   37.19 L2    | shipped   1663.8 | n1t:msk   1468.1 | t2:msk   1674.5 | t2:blkn   1574.5 | t2:blkm   1587.2 | t2:ovr   1578.7 | control +0.1% | spread 0.1%
N=703   37.19 L3    | shipped   1755.9 | n1t:msk   1597.1 | t2:msk   1767.6 | t2:blkn   1694.1 | t2:blkm   1702.9 | t2:ovr   1682.4 | control +0.2% | spread 2.2%
N=703   37.19 DRAM  | shipped   2267.6 | n1t:msk   2211.8 | t2:msk   2279.4 | t2:blkn   2173.5 | t2:blkm   2191.2 | t2:ovr   2161.8 | control -0.4% | spread 1.3%
  accuracy: shipped 1.3e-15 n1t:msk 1.3e-15 t2:msk 1.3e-15 t2:blkn 1.3e-15 t2:blkm 1.3e-15
N=705   47.15 L1    | shipped   1622.9 | n1t:msk   1627.1 | t2:msk   1750.0 | t2:blkn   1358.3 | t2:blkm   1379.2 | t2:ovr   1368.8 | control +0.0% | spread 0.1%
N=705   47.15 L2    | shipped   1735.6 | n1t:msk   1724.4 | t2:msk   1868.9 | t2:blkn   1464.4 | t2:blkm   1477.8 | t2:ovr   1475.6 | control +0.0% | spread 0.3%
N=705   47.15 L3    | shipped   1890.6 | n1t:msk   1884.4 | t2:msk   2009.4 | t2:blkn   1621.9 | t2:blkm   1634.4 | t2:ovr   1637.5 | control -0.5% | spread 4.0%
N=705   47.15 DRAM  | shipped   2409.4 | n1t:msk   2400.0 | t2:msk   2562.5 | t2:blkn   2150.0 | t2:blkm   2187.5 | t2:ovr   2187.5 | control -0.3% | spread 1.2%
  accuracy: shipped 1.5e-15 n1t:msk 1.5e-15 t2:msk 1.5e-15 t2:blkn 1.5e-15 t2:blkm 1.5e-15
N=713   23.31 L1    | shipped   1710.9 | n1t:msk   1767.4 | t2:msk   1739.1 | t2:blkn   1750.0 | t2:blkm   1678.3 | t2:ovr   1680.4 | control +0.0% | spread 0.4%
N=713   23.31 L2    | shipped   2118.9 | n1t:msk   2154.1 | t2:msk   2135.1 | t2:blkn   2154.1 | t2:blkm   2091.9 | t2:ovr   2089.2 | control +0.0% | spread 0.3%
N=713   23.31 L3    | shipped   2272.4 | n1t:msk   2317.2 | t2:msk   2293.1 | t2:blkn   2331.0 | t2:blkm   2251.7 | t2:ovr   2255.2 | control +0.5% | spread 1.8%
N=713   23.31 DRAM  | shipped   2696.4 | n1t:msk   2696.4 | t2:msk   2707.1 | t2:blkn   2721.4 | t2:blkm   2664.3 | t2:ovr   2664.3 | control -0.4% | spread 1.5%
  accuracy: shipped 1.5e-15 n1t:msk 1.5e-15 t2:msk 1.5e-15 t2:blkn 1.5e-15 t2:blkm 1.5e-15
N=729   27.27 L1    | shipped   1880.0 | n1t:msk   1937.5 | t2:msk   1887.5 | t2:blkn   1810.0 | t2:blkm   1840.0 | t2:ovr   1807.5 | control -0.3% | spread 0.8%
N=729   27.27 L2    | shipped   2333.3 | n1t:msk   2393.9 | t2:msk   2360.6 | t2:blkn   2287.9 | t2:blkm   2321.2 | t2:ovr   2284.8 | control +0.3% | spread 1.2%
N=729   27.27 L3    | shipped   2496.2 | n1t:msk   2553.8 | t2:msk   2511.5 | t2:blkn   2430.8 | t2:blkm   2461.5 | t2:ovr   2434.6 | control -0.2% | spread 1.5%
N=729   27.27 DRAM  | shipped   2844.4 | n1t:msk   2888.9 | t2:msk   2874.1 | t2:blkn   2796.3 | t2:blkm   2818.5 | t2:ovr   2800.0 | control +0.3% | spread 0.7%
  accuracy: shipped 1.3e-15 n1t:msk 1.3e-15 t2:msk 1.3e-15 t2:blkn 1.3e-15 t2:blkm 1.3e-15
N=731   43.17 L1    | shipped   1935.9 | n1t:msk   1602.6 | t2:msk   1964.1 | t2:blkn   1753.8 | t2:blkm   1764.1 | t2:ovr   1787.2 | control -0.1% | spread 0.9%
N=731   43.17 L2    | shipped   2118.9 | n1t:msk   1683.8 | t2:msk   2132.4 | t2:blkn   1937.8 | t2:blkm   1951.4 | t2:ovr   1981.1 | control +0.0% | spread 0.3%
N=731   43.17 L3    | shipped   2479.3 | n1t:msk   2213.8 | t2:msk   2506.9 | t2:blkn   2269.0 | t2:blkm   2272.4 | t2:ovr   2306.9 | control -3.1% | spread 12.5%
N=731   43.17 DRAM  | shipped   2669.0 | n1t:msk   2496.6 | t2:msk   2693.1 | t2:blkn   2510.3 | t2:blkm   2503.4 | t2:ovr   2520.7 | control +0.8% | spread 1.9%
  accuracy: shipped 1.8e-15 n1t:msk 1.8e-15 t2:msk 1.8e-15 t2:blkn 1.8e-15 t2:blkm 1.8e-15
N=775   31.25 L1  * | shipped   2348.5 | n1t:msk   2372.7 | t2:msk   2418.2 | t2:blkn   2112.1 | t2:blkm   2115.2 | t2:ovr   2093.9 | control -0.6% | spread 0.8%
N=775   31.25 L2    | shipped   2613.3 | n1t:msk   2626.7 | t2:msk   2716.7 | t2:blkn   2403.3 | t2:blkm   2400.0 | t2:ovr   2386.7 | control +0.1% | spread 0.4%
N=775   31.25 L3    | shipped   2779.2 | n1t:msk   2783.3 | t2:msk   2862.5 | t2:blkn   2579.2 | t2:blkm   2587.5 | t2:ovr   2587.5 | control -0.1% | spread 1.2%
N=775   31.25 DRAM  | shipped   3195.8 | n1t:msk   3200.0 | t2:msk   3291.7 | t2:blkn   3004.2 | t2:blkm   3004.2 | t2:ovr   3000.0 | control -0.1% | spread 0.9%
  accuracy: shipped 1.4e-15 n1t:msk 1.4e-15 t2:msk 1.4e-15 t2:blkn 1.4e-15 t2:blkm 1.4e-15
N=777   37.21 L1  * | shipped   1788.6 | n1t:msk   1797.7 | t2:msk   1761.4 | t2:blkn   1650.0 | t2:blkm   1650.0 | t2:ovr   1638.6 | control +0.1% | spread 0.3%
N=777   37.21 L2    | shipped   1873.8 | n1t:msk   1869.0 | t2:msk   1866.7 | t2:blkn   1759.5 | t2:blkm   1769.0 | t2:ovr   1761.9 | control +0.1% | spread 0.1%
N=777   37.21 L3    | shipped   2013.3 | n1t:msk   2010.0 | t2:msk   2006.7 | t2:blkn   1893.3 | t2:blkm   1910.0 | t2:ovr   1910.0 | control +1.0% | spread 1.5%
N=777   37.21 DRAM  | shipped   2573.3 | n1t:msk   2590.0 | t2:msk   2630.0 | t2:blkn   2486.7 | t2:blkm   2500.0 | t2:ovr   2490.0 | control -0.3% | spread 3.0%
  accuracy: shipped 1.5e-15 n1t:msk 1.5e-15 t2:msk 1.5e-15 t2:blkn 1.5e-15 t2:blkm 1.5e-15
N=779   41.19 L1  * | shipped   1924.4 | n1t:msk   1714.6 | t2:msk   1922.0 | t2:blkn   1734.1 | t2:blkm   1731.7 | t2:ovr   1714.6 | control +0.1% | spread 0.1%
N=779   41.19 L2    | shipped   2034.2 | n1t:msk   1813.2 | t2:msk   2034.2 | t2:blkn   1852.6 | t2:blkm   1852.6 | t2:ovr   1844.7 | control -0.1% | spread 0.3%
N=779   41.19 L3    | shipped   2134.5 | n1t:msk   1934.5 | t2:msk   2134.5 | t2:blkn   1951.7 | t2:blkm   1958.6 | t2:ovr   1955.2 | control +0.6% | spread 1.3%
N=779   41.19 DRAM  | shipped   2707.4 | n1t:msk   2655.6 | t2:msk   2681.5 | t2:blkn   2507.4 | t2:blkm   2533.3 | t2:ovr   2511.1 | control +0.5% | spread 2.7%
  accuracy: shipped 1.9e-15 n1t:msk 1.9e-15 t2:msk 1.9e-15 t2:blkn 1.9e-15 t2:blkm 1.9e-15
N=799   47.17 L1  * | shipped   2282.4 | n1t:msk   1894.1 | t2:msk   2432.4 | t2:blkn   2032.4 | t2:blkm   2032.4 | t2:ovr   2026.5 | control -0.1% | spread 0.4%
N=799   47.17 L2    | shipped   2450.0 | n1t:msk   1962.5 | t2:msk   2593.8 | t2:blkn   2193.8 | t2:blkm   2209.4 | t2:ovr   2203.1 | control -0.1% | spread 0.3%
N=799   47.17 L3    | shipped   2544.0 | n1t:msk   2108.0 | t2:msk   2688.0 | t2:blkn   2308.0 | t2:blkm   2316.0 | t2:ovr   2312.0 | control +0.9% | spread 0.9%
N=799   47.17 DRAM  | shipped   3040.0 | n1t:msk   2848.0 | t2:msk   3172.0 | t2:blkn   2800.0 | t2:blkm   2796.0 | t2:ovr   2804.0 | control +0.4% | spread 1.2%
  accuracy: shipped 1.4e-15 n1t:msk 1.4e-15 t2:msk 1.4e-15 t2:blkn 1.4e-15 t2:blkm 1.4e-15
N=851   37.23 L1  * | shipped   2306.1 | n1t:msk   2339.4 | t2:msk   2309.1 | t2:blkn   2139.4 | t2:blkm   2118.2 | t2:ovr   2121.2 | control +0.1% | spread 0.5%
N=851   37.23 L2    | shipped   2710.3 | n1t:msk   2744.8 | t2:msk   2713.8 | t2:blkn   2541.4 | t2:blkm   2558.6 | t2:ovr   2548.3 | control +0.0% | spread 0.3%
N=851   37.23 L3    | shipped   2873.9 | n1t:msk   2895.7 | t2:msk   2865.2 | t2:blkn   2691.3 | t2:blkm   2708.7 | t2:ovr   2695.7 | control -0.2% | spread 1.4%
N=851   37.23 DRAM  | shipped   3333.3 | n1t:msk   3376.2 | t2:msk   3352.4 | t2:blkn   3147.6 | t2:blkm   3195.2 | t2:ovr   3171.4 | control +0.9% | spread 1.1%
  accuracy: shipped 1.5e-15 n1t:msk 1.5e-15 t2:msk 1.5e-15 t2:blkn 1.5e-15 t2:blkm 1.5e-15
N=861   41.21 L1  * | shipped   2169.4 | n1t:msk   2191.7 | t2:msk   2177.8 | t2:blkn   1963.9 | t2:blkm   1950.0 | t2:ovr   1941.7 | control -0.1% | spread 0.1%
N=861   41.21 L2    | shipped   2265.7 | n1t:msk   2288.6 | t2:msk   2268.6 | t2:blkn   2068.6 | t2:blkm   2065.7 | t2:ovr   2054.3 | control +0.0% | spread 0.1%
N=861   41.21 L3    | shipped   2412.0 | n1t:msk   2432.0 | t2:msk   2428.0 | t2:blkn   2212.0 | t2:blkm   2216.0 | t2:ovr   2208.0 | control +0.0% | spread 0.7%
N=861   41.21 DRAM  | shipped   3047.8 | n1t:msk   3073.9 | t2:msk   3026.1 | t2:blkn   2847.8 | t2:blkm   2821.7 | t2:ovr   2817.4 | control +0.9% | spread 1.7%
  accuracy: shipped 1.5e-15 n1t:msk 1.5e-15 t2:msk 1.5e-15 t2:blkn 1.5e-15 t2:blkm 1.5e-15
N=899   31.29 L1  * | shipped   2519.4 | n1t:msk   2541.9 | t2:msk   2548.4 | t2:blkn   2245.2 | t2:blkm   2248.4 | t2:ovr   2254.8 | control -0.4% | spread 0.8%
N=899   31.29 L2    | shipped   2717.9 | n1t:msk   2732.1 | t2:msk   2792.9 | t2:blkn   2385.7 | t2:blkm   2400.0 | t2:ovr   2446.4 | control -0.1% | spread 0.7%
N=899   31.29 L3    | shipped   2895.5 | n1t:msk   2881.8 | t2:msk   2963.6 | t2:blkn   2590.9 | t2:blkm   2581.8 | t2:ovr   2618.2 | control +0.0% | spread 0.5%
N=899   31.29 DRAM  | shipped   3386.4 | n1t:msk   3372.7 | t2:msk   3468.2 | t2:blkn   3150.0 | t2:blkm   3118.2 | t2:ovr   3140.9 | control -0.5% | spread 1.3%
  accuracy: shipped 1.4e-15 n1t:msk 1.4e-15 t2:msk 1.4e-15 t2:blkn 1.4e-15 t2:blkm 1.4e-15
N=925   25.37 L1  * | shipped   3477.3 | n1t:msk   3540.9 | t2:msk   3495.5 | t2:blkn   3427.3 | t2:blkm   3459.1 | t2:ovr   3440.9 | control +0.1% | spread 0.3%
N=925   25.37 L2    | shipped   3681.0 | n1t:msk   3747.6 | t2:msk   3695.2 | t2:blkn   3642.9 | t2:blkm   3681.0 | t2:ovr   3661.9 | control +0.3% | spread 0.3%
N=925   25.37 L3    | shipped   3905.6 | n1t:msk   3977.8 | t2:msk   3916.7 | t2:blkn   3872.2 | t2:blkm   3883.3 | t2:ovr   3883.3 | control +0.1% | spread 3.0%
N=925   25.37 DRAM  | shipped   4329.4 | n1t:msk   4411.8 | t2:msk   4370.6 | t2:blkn   4335.3 | t2:blkm   4341.2 | t2:ovr   4300.0 | control +0.0% | spread 1.0%
  accuracy: shipped 2.0e-15 n1t:msk 2.0e-15 t2:msk 2.0e-15 t2:blkn 2.0e-15 t2:blkm 2.0e-15
N=943   41.23 L1  * | shipped   2750.0 | n1t:msk   2792.9 | t2:msk   2785.7 | t2:blkn   2546.4 | t2:blkm   2535.7 | t2:ovr   2539.3 | control +0.0% | spread 0.4%
N=943   41.23 L2    | shipped   3152.0 | n1t:msk   3188.0 | t2:msk   3152.0 | t2:blkn   2944.0 | t2:blkm   2944.0 | t2:ovr   2940.0 | control -0.1% | spread 0.1%
N=943   41.23 L3    | shipped   3330.0 | n1t:msk   3360.0 | t2:msk   3345.0 | t2:blkn   3115.0 | t2:blkm   3125.0 | t2:ovr   3110.0 | control +0.0% | spread 1.1%
N=943   41.23 DRAM  | shipped   3825.0 | n1t:msk   3860.0 | t2:msk   3815.0 | t2:blkn   3620.0 | t2:blkm   3605.0 | t2:ovr   3595.0 | control -0.4% | spread 0.9%
  accuracy: shipped 2.2e-15 n1t:msk 2.2e-15 t2:msk 2.2e-15 t2:blkn 2.2e-15 t2:blkm 2.2e-15
N=987   47.21 L1  * | shipped   2706.9 | n1t:msk   2731.0 | t2:msk   2862.1 | t2:blkn   2437.9 | t2:blkm   2441.4 | t2:ovr   2427.6 | control +0.1% | spread 0.3%
N=987   47.21 L2    | shipped   2792.9 | n1t:msk   2810.7 | t2:msk   2939.3 | t2:blkn   2507.1 | t2:blkm   2521.4 | t2:ovr   2517.9 | control +0.1% | spread 0.3%
N=987   47.21 L3    | shipped   2966.7 | n1t:msk   2990.5 | t2:msk   3095.2 | t2:blkn   2690.5 | t2:blkm   2723.8 | t2:ovr   2681.0 | control +0.2% | spread 2.6%
N=987   47.21 DRAM  | shipped   3670.0 | n1t:msk   3690.0 | t2:msk   3810.0 | t2:blkn   3355.0 | t2:blkm   3385.0 | t2:ovr   3400.0 | control +0.3% | spread 2.3%
  accuracy: shipped 1.5e-15 n1t:msk 1.5e-15 t2:msk 1.5e-15 t2:blkn 1.5e-15 t2:blkm 1.5e-15
N=999   27.37 L1  * | shipped   3805.0 | n1t:msk   3870.0 | t2:msk   3825.0 | t2:blkn   3750.0 | t2:blkm   3800.0 | t2:ovr   3780.0 | control +0.0% | spread 0.4%
N=999   27.37 L2    | shipped   4036.8 | n1t:msk   4100.0 | t2:msk   4068.4 | t2:blkn   3973.7 | t2:blkm   4021.1 | t2:ovr   3994.7 | control +0.0% | spread 0.3%
N=999   27.37 L3    | shipped   4331.2 | n1t:msk   4387.5 | t2:msk   4337.5 | t2:blkn   4262.5 | t2:blkm   4287.5 | t2:ovr   4262.5 | control -0.6% | spread 0.9%
N=999   27.37 DRAM  | shipped   4750.0 | n1t:msk   4818.8 | t2:msk   4768.8 | t2:blkn   4656.2 | t2:blkm   4718.8 | t2:ovr   4700.0 | control -0.1% | spread 1.6%
  accuracy: shipped 2.0e-15 n1t:msk 2.0e-15 t2:msk 2.0e-15 t2:blkn 2.0e-15 t2:blkm 2.0e-15
N=1025  41.25 L1  * | shipped   3300.0 | n1t:msk   3308.3 | t2:msk   3325.0 | t2:blkn   3087.5 | t2:blkm   3087.5 | t2:ovr   3075.0 | control +0.1% | spread 0.4%
N=1025  41.25 L2    | shipped   3510.0 | n1t:msk   3515.0 | t2:msk   3505.0 | t2:blkn   3300.0 | t2:blkm   3300.0 | t2:ovr   3285.0 | control -0.1% | spread 0.3%
N=1025  41.25 L3    | shipped   3738.9 | n1t:msk   3744.4 | t2:msk   3733.3 | t2:blkn   3538.9 | t2:blkm   3533.3 | t2:ovr   3516.7 | control +0.1% | spread 1.9%
N=1025  41.25 DRAM  | shipped   4300.0 | n1t:msk   4316.7 | t2:msk   4294.4 | t2:blkn   4094.4 | t2:blkm   4083.3 | t2:ovr   4088.9 | control +0.4% | spread 1.2%
  accuracy: shipped 1.6e-15 n1t:msk 1.6e-15 t2:msk 1.6e-15 t2:blkn 1.6e-15 t2:blkm 1.6e-15
N=1073  37.29 L1  * | shipped   2940.9 | n1t:msk   2954.5 | t2:msk   2936.4 | t2:blkn   2604.5 | t2:blkm   2654.5 | t2:ovr   2618.2 | control +0.0% | spread 0.2%
N=1073  37.29 L2    | shipped   3092.0 | n1t:msk   3096.0 | t2:msk   3084.0 | t2:blkn   2768.0 | t2:blkm   2800.0 | t2:ovr   2780.0 | control +0.1% | spread 0.5%
N=1073  37.29 L3    | shipped   3310.5 | n1t:msk   3300.0 | t2:msk   3315.8 | t2:blkn   3031.6 | t2:blkm   3047.4 | t2:ovr   3073.7 | control +0.0% | spread 1.3%
N=1073  37.29 DRAM  | shipped   3942.1 | n1t:msk   3931.6 | t2:msk   3942.1 | t2:blkn   3757.9 | t2:blkm   3789.5 | t2:ovr   3763.2 | control +0.3% | spread 0.9%
  accuracy: shipped 2.3e-15 n1t:msk 2.3e-15 t2:msk 2.3e-15 t2:blkn 2.3e-15 t2:blkm 2.3e-15
N=1075  43.25 L1  * | shipped   3550.0 | n1t:msk   3559.1 | t2:msk   3550.0 | t2:blkn   3318.2 | t2:blkm   3350.0 | t2:ovr   3354.5 | control +0.0% | spread 0.1%
N=1075  43.25 L2    | shipped   3742.9 | n1t:msk   3742.9 | t2:msk   3723.8 | t2:blkn   3495.2 | t2:blkm   3528.6 | t2:ovr   3552.4 | control +0.0% | spread 0.4%
N=1075  43.25 L3    | shipped   3926.7 | n1t:msk   3973.3 | t2:msk   3953.3 | t2:blkn   3720.0 | t2:blkm   3753.3 | t2:ovr   3773.3 | control +0.7% | spread 2.0%
N=1075  43.25 DRAM  | shipped   4523.5 | n1t:msk   4541.2 | t2:msk   4541.2 | t2:blkn   4305.9 | t2:blkm   4347.1 | t2:ovr   4376.5 | control +0.4% | spread 0.9%
  accuracy: shipped 1.9e-15 n1t:msk 1.9e-15 t2:msk 1.9e-15 t2:blkn 1.9e-15 t2:blkm 1.9e-15
N=1081  23.47 L1  * | shipped   3825.0 | n1t:msk   3780.0 | t2:msk   3825.0 | t2:blkn   3860.0 | t2:blkm   3765.0 | t2:ovr   3765.0 | control +0.1% | spread 2.2%
N=1081  23.47 L2    | shipped   4178.9 | n1t:msk   4142.1 | t2:msk   4168.4 | t2:blkn   4210.5 | t2:blkm   4142.1 | t2:ovr   4126.3 | control -0.1% | spread 0.3%
N=1081  23.47 L3    | shipped   4431.2 | n1t:msk   4400.0 | t2:msk   4431.2 | t2:blkn   4481.2 | t2:blkm   4387.5 | t2:ovr   4368.8 | control +0.0% | spread 2.4%
N=1081  23.47 DRAM  | shipped   4880.0 | n1t:msk   4853.3 | t2:msk   4866.7 | t2:blkn   4920.0 | t2:blkm   4846.7 | t2:ovr   4846.7 | control +0.4% | spread 0.8%
  accuracy: shipped 1.9e-15 n1t:msk 1.9e-15 t2:msk 1.9e-15 t2:blkn 1.9e-15 t2:blkm 1.9e-15
N=1107  41.27 L1  * | shipped   3495.5 | n1t:msk   3545.5 | t2:msk   3509.1 | t2:blkn   3268.2 | t2:blkm   3263.6 | t2:ovr   3263.6 | control +0.3% | spread 0.4%
N=1107  41.27 L2    | shipped   3820.0 | n1t:msk   3870.0 | t2:msk   3825.0 | t2:blkn   3595.0 | t2:blkm   3595.0 | t2:ovr   3575.0 | control +0.1% | spread 0.1%
N=1107  41.27 L3    | shipped   4058.8 | n1t:msk   4135.3 | t2:msk   4076.5 | t2:blkn   3870.6 | t2:blkm   3841.2 | t2:ovr   3835.3 | control +0.6% | spread 2.3%
N=1107  41.27 DRAM  | shipped   4587.5 | n1t:msk   4656.2 | t2:msk   4587.5 | t2:blkn   4418.8 | t2:blkm   4400.0 | t2:ovr   4356.2 | control +0.5% | spread 1.5%
  accuracy: shipped 2.3e-15 n1t:msk 2.3e-15 t2:msk 2.3e-15 t2:blkn 2.3e-15 t2:blkm 2.3e-15
N=1161  43.27 L1  * | shipped   3785.7 | n1t:msk   3847.6 | t2:msk   3823.8 | t2:blkn   3528.6 | t2:blkm   3581.0 | t2:ovr   3604.8 | control +0.0% | spread 0.4%
N=1161  43.27 L2    | shipped   4073.7 | n1t:msk   4142.1 | t2:msk   4068.4 | t2:blkn   3826.3 | t2:blkm   3863.2 | t2:ovr   3894.7 | control +0.1% | spread 0.4%
N=1161  43.27 L3    | shipped   4313.3 | n1t:msk   4373.3 | t2:msk   4300.0 | t2:blkn   4066.7 | t2:blkm   4100.0 | t2:ovr   4146.7 | control +0.2% | spread 1.2%
N=1161  43.27 DRAM  | shipped   4843.8 | n1t:msk   4906.2 | t2:msk   4850.0 | t2:blkn   4631.2 | t2:blkm   4650.0 | t2:ovr   4693.8 | control +0.3% | spread 0.8%
  accuracy: shipped 1.6e-15 n1t:msk 1.6e-15 t2:msk 1.6e-15 t2:blkn 1.6e-15 t2:blkm 1.6e-15
N=1189  41.29 L1  * | shipped   3468.2 | n1t:msk   3490.9 | t2:msk   3463.6 | t2:blkn   3227.3 | t2:blkm   3209.1 | t2:ovr   3181.8 | control +0.0% | spread 0.4%
N=1189  41.29 L2    | shipped   3590.9 | n1t:msk   3618.2 | t2:msk   3595.5 | t2:blkn   3377.3 | t2:blkm   3363.6 | t2:ovr   3340.9 | control +0.1% | spread 0.4%
N=1189  41.29 L3    | shipped   3935.3 | n1t:msk   3952.9 | t2:msk   3947.1 | t2:blkn   3752.9 | t2:blkm   3741.2 | t2:ovr   3752.9 | control +0.6% | spread 3.1%
N=1189  41.29 DRAM  | shipped   4568.8 | n1t:msk   4525.0 | t2:msk   4537.5 | t2:blkn   4343.8 | t2:blkm   4368.8 | t2:ovr   4356.2 | control -0.3% | spread 1.5%
  accuracy: shipped 1.8e-15 n1t:msk 1.8e-15 t2:msk 1.8e-15 t2:blkn 1.8e-15 t2:blkm 1.8e-15
N=1333  43.31 L1  * | shipped   4344.4 | n1t:msk   4377.8 | t2:msk   4322.2 | t2:blkn   4094.4 | t2:blkm   4094.4 | t2:ovr   4122.2 | control -0.1% | spread 0.3%
N=1333  43.31 L2    | shipped   4575.0 | n1t:msk   4612.5 | t2:msk   4550.0 | t2:blkn   4375.0 | t2:blkm   4393.8 | t2:ovr   4418.8 | control +0.0% | spread 0.3%
N=1333  43.31 L3    | shipped   4985.7 | n1t:msk   5021.4 | t2:msk   4928.6 | t2:blkn   4771.4 | t2:blkm   4785.7 | t2:ovr   4800.0 | control -1.0% | spread 4.0%
N=1333  43.31 DRAM  | shipped   5485.7 | n1t:msk   5521.4 | t2:msk   5435.7 | t2:blkn   5271.4 | t2:blkm   5321.4 | t2:ovr   5342.9 | control -0.1% | spread 2.6%
  accuracy: shipped 2.4e-15 n1t:msk 2.4e-15 t2:msk 2.4e-15 t2:blkn 2.4e-15 t2:blkm 2.4e-15
N=1363  29.47 L1  * | shipped   5342.9 | n1t:msk   5321.4 | t2:msk   5385.7 | t2:blkn   5021.4 | t2:blkm   5078.6 | t2:ovr   5035.7 | control +0.3% | spread 0.4%
N=1363  29.47 L2    | shipped   5650.0 | n1t:msk   5628.6 | t2:msk   5707.1 | t2:blkn   5385.7 | t2:blkm   5400.0 | t2:ovr   5314.3 | control +0.0% | spread 0.3%
N=1363  29.47 L3    | shipped   6116.7 | n1t:msk   6050.0 | t2:msk   6191.7 | t2:blkn   5783.3 | t2:blkm   5841.7 | t2:ovr   5808.3 | control +0.1% | spread 8.3%
N=1363  29.47 DRAM  | shipped   6558.3 | n1t:msk   6550.0 | t2:msk   6641.7 | t2:blkn   6325.0 | t2:blkm   6316.7 | t2:ovr   6241.7 | control +0.3% | spread 1.0%
  accuracy: shipped 2.3e-15 n1t:msk 2.3e-15 t2:msk 2.3e-15 t2:blkn 2.3e-15 t2:blkm 2.3e-15
N=1369  37.37 L1  * | shipped   5392.9 | n1t:msk   5521.4 | t2:msk   5371.4 | t2:blkn   5257.1 | t2:blkm   5250.0 | t2:ovr   5250.0 | control +0.0% | spread 0.1%
N=1369  37.37 L2    | shipped   5542.9 | n1t:msk   5664.3 | t2:msk   5542.9 | t2:blkn   5414.3 | t2:blkm   5421.4 | t2:ovr   5414.3 | control +0.1% | spread 0.3%
N=1369  37.37 L3    | shipped   5850.0 | n1t:msk   5991.7 | t2:msk   5858.3 | t2:blkn   5733.3 | t2:blkm   5725.0 | t2:ovr   5725.0 | control +0.0% | spread 0.9%
N=1369  37.37 DRAM  | shipped   6391.7 | n1t:msk   6508.3 | t2:msk   6383.3 | t2:blkn   6250.0 | t2:blkm   6241.7 | t2:ovr   6216.7 | control -0.4% | spread 1.3%
  accuracy: shipped 2.0e-15 n1t:msk 2.0e-15 t2:msk 2.0e-15 t2:blkn 2.0e-15 t2:blkm 2.0e-15
N=1457  31.47 L1  * | shipped   5769.2 | n1t:msk   5730.8 | t2:msk   5892.3 | t2:blkn   5415.4 | t2:blkm   5400.0 | t2:ovr   5400.0 | control +0.0% | spread 0.3%
N=1457  31.47 L2    | shipped   6058.3 | n1t:msk   6000.0 | t2:msk   6216.7 | t2:blkn   5733.3 | t2:blkm   5716.7 | t2:ovr   5725.0 | control +0.0% | spread 0.3%
N=1457  31.47 L3    | shipped   6381.8 | n1t:msk   6309.1 | t2:msk   6481.8 | t2:blkn   6045.5 | t2:blkm   5981.8 | t2:ovr   6027.3 | control -0.4% | spread 1.3%
N=1457  31.47 DRAM  | shipped   7054.5 | n1t:msk   7036.4 | t2:msk   7136.4 | t2:blkn   6727.3 | t2:blkm   6700.0 | t2:ovr   6709.1 | control +0.4% | spread 1.2%
  accuracy: shipped 1.9e-15 n1t:msk 1.9e-15 t2:msk 1.9e-15 t2:blkn 1.9e-15 t2:blkm 1.9e-15
N=1517  37.41 L1  * | shipped   7470.0 | n1t:msk   7460.0 | t2:msk   7420.0 | t2:blkn   7360.0 | t2:blkm   7350.0 | t2:ovr   7350.0 | control +0.0% | spread 0.1%
N=1517  37.41 L2    | shipped   7610.0 | n1t:msk   7590.0 | t2:msk   7580.0 | t2:blkn   7470.0 | t2:blkm   7480.0 | t2:ovr   7460.0 | control -0.1% | spread 0.4%
N=1517  37.41 L3    | shipped   7977.8 | n1t:msk   7966.7 | t2:msk   7988.9 | t2:blkn   7866.7 | t2:blkm   7877.8 | t2:ovr   7855.6 | control +0.7% | spread 1.8%
N=1517  37.41 DRAM  | shipped   8544.4 | n1t:msk   8522.2 | t2:msk   8477.8 | t2:blkn   8444.4 | t2:blkm   8400.0 | t2:ovr   8388.9 | control -0.3% | spread 1.3%
  accuracy: shipped 2.6e-15 n1t:msk 2.6e-15 t2:msk 2.6e-15 t2:blkn 2.6e-15 t2:blkm 2.6e-15
N=1591  37.43 L1  * | shipped   5720.0 | n1t:msk   5740.0 | t2:msk   5720.0 | t2:blkn   5600.0 | t2:blkm   5630.0 | t2:ovr   5600.0 | control +0.3% | spread 0.3%
N=1591  37.43 L2    | shipped   6061.5 | n1t:msk   6069.2 | t2:msk   6023.1 | t2:blkn   5930.8 | t2:blkm   5938.5 | t2:ovr   5930.8 | control +0.0% | spread 0.8%
N=1591  37.43 L3    | shipped   6381.8 | n1t:msk   6372.7 | t2:msk   6336.4 | t2:blkn   6245.5 | t2:blkm   6245.5 | t2:ovr   6236.4 | control -0.3% | spread 1.3%
N=1591  37.43 DRAM  | shipped   7000.0 | n1t:msk   7036.4 | t2:msk   7000.0 | t2:blkn   6890.9 | t2:blkm   6918.2 | t2:ovr   6863.6 | control +0.5% | spread 0.8%
  accuracy: shipped 2.5e-15 n1t:msk 2.5e-15 t2:msk 2.5e-15 t2:blkn 2.5e-15 t2:blkm 2.5e-15
N=1681  41.41 L1  * | shipped   8522.2 | n1t:msk   8488.9 | t2:msk   8477.8 | t2:blkn   8355.6 | t2:blkm   8355.6 | t2:ovr   8322.2 | control -0.1% | spread 0.1%
N=1681  41.41 L2    | shipped   8611.1 | n1t:msk   8577.8 | t2:msk   8577.8 | t2:blkn   8455.6 | t2:blkm   8444.4 | t2:ovr   8422.2 | control +0.0% | spread 0.1%
N=1681  41.41 L3    | shipped   9025.0 | n1t:msk   9087.5 | t2:msk   9025.0 | t2:blkn   8875.0 | t2:blkm   8887.5 | t2:ovr   8862.5 | control +0.0% | spread 1.0%
N=1681  41.41 DRAM  | shipped   9525.0 | n1t:msk   9487.5 | t2:msk   9525.0 | t2:blkn   9387.5 | t2:blkm   9387.5 | t2:ovr   9337.5 | control +0.1% | spread 1.2%
  accuracy: shipped 1.8e-15 n1t:msk 1.8e-15 t2:msk 1.8e-15 t2:blkn 1.8e-15 t2:blkm 1.8e-15
N=1763  41.43 L1  * | shipped   6591.7 | n1t:msk   6608.3 | t2:msk   6583.3 | t2:blkn   6458.3 | t2:blkm   6433.3 | t2:ovr   6408.3 | control +0.0% | spread 0.3%
N=1763  41.43 L2    | shipped   6890.9 | n1t:msk   6900.0 | t2:msk   6881.8 | t2:blkn   6754.5 | t2:blkm   6736.4 | t2:ovr   6718.2 | control +0.1% | spread 0.1%
N=1763  41.43 L3    | shipped   7333.3 | n1t:msk   7333.3 | t2:msk   7311.1 | t2:blkn   7255.6 | t2:blkm   7188.9 | t2:ovr   7166.7 | control +0.2% | spread 1.7%
N=1763  41.43 DRAM  | shipped   8055.6 | n1t:msk   8100.0 | t2:msk   8077.8 | t2:blkn   7900.0 | t2:blkm   7977.8 | t2:ovr   7933.3 | control +0.7% | spread 3.0%
  accuracy: shipped 2.7e-15 n1t:msk 2.7e-15 t2:msk 2.7e-15 t2:blkn 2.7e-15 t2:blkm 2.7e-15

SUMMARY A -- median over radices and counts: tail columns (ratio to narrow)
n1   L1   | narrow  2.80 (1.000, n=57) | masked  3.44 (1.068, n=57) | blk_nar  2.34 (0.945, n=48) | blk_msk  2.51 (0.974, n=48) | blk_ovr  2.34 (0.958, n=48)
n1   L2   | narrow  2.63 (1.000, n=57) | masked  3.00 (1.056, n=57) | blk_nar  2.24 (0.949, n=48) | blk_msk  2.33 (0.958, n=48) | blk_ovr  2.20 (0.945, n=48)
n1   L3   | narrow  1.80 (1.000, n=57) | masked  2.39 (1.047, n=57) | blk_nar  1.60 (0.932, n=48) | blk_msk  1.69 (0.960, n=48) | blk_ovr  1.60 (0.934, n=48)
n1   DRAM | narrow  1.40 (1.000, n=57) | masked  1.53 (1.007, n=57) | blk_nar  1.27 (0.974, n=48) | blk_msk  1.30 (0.974, n=48) | blk_ovr  1.19 (0.963, n=48)
n1t  L1   | narrow  1.65 (1.000, n=57) | masked  2.17 (1.099, n=57)
n1t  L2   | narrow  1.18 (1.000, n=57) | masked  1.42 (1.037, n=57)
n1t  L3   | narrow  1.14 (1.000, n=57) | masked  1.38 (1.015, n=57)
n1t  DRAM | narrow  1.20 (1.000, n=57) | masked  1.37 (1.008, n=57)
t2   L1   | narrow  2.27 (1.000, n=57) | masked  2.90 (1.089, n=57) | blk_nar  2.14 (0.964, n=48) | blk_msk  2.27 (0.996, n=48) | blk_ovr  2.08 (0.963, n=48)
t2   L2   | narrow  2.31 (1.000, n=57) | masked  2.76 (1.070, n=57) | blk_nar  2.18 (0.961, n=48) | blk_msk  2.32 (0.997, n=48) | blk_ovr  2.11 (0.963, n=48)
t2   L3   | narrow  1.53 (1.000, n=57) | masked  2.09 (1.047, n=57) | blk_nar  1.78 (0.961, n=48) | blk_msk  1.65 (0.978, n=48) | blk_ovr  1.44 (0.963, n=48)
t2   DRAM | narrow  1.35 (1.000, n=57) | masked  1.53 (1.016, n=57) | blk_nar  1.33 (0.991, n=48) | blk_msk  1.35 (0.992, n=48) | blk_ovr  1.27 (0.976, n=48)

SUMMARY B -- 2p transforms, per depth: median ratio to shipped [min, max] (cells)
L1   | n1t:msk 1.011 [0.760, 1.213] (132) | t2:msk 1.015 [0.978, 1.409] (132) | t2:blkn 0.995 [0.837, 1.035] (106) | t2:blkm 0.984 [0.850, 1.046] (106) | t2:ovr 0.980 [0.843, 1.008] (106)
L2   | n1t:msk 1.006 [0.694, 1.176] (132) | t2:msk 1.013 [0.990, 1.410] (132) | t2:blkn 0.999 [0.844, 1.034] (106) | t2:blkm 0.987 [0.851, 1.031] (106) | t2:ovr 0.980 [0.850, 1.021] (106)
L3   | n1t:msk 1.005 [0.716, 1.166] (132) | t2:msk 1.009 [0.949, 1.358] (132) | t2:blkn 0.984 [0.858, 1.099] (106) | t2:blkm 0.985 [0.864, 1.138] (106) | t2:ovr 0.977 [0.866, 1.135] (106)
DRAM | n1t:msk 1.004 [0.879, 1.148] (132) | t2:msk 1.005 [0.919, 1.078] (132) | t2:blkn 0.990 [0.892, 1.060] (106) | t2:blkm 0.989 [0.893, 1.058] (106) | t2:ovr 0.985 [0.894, 1.055] (106)

wall 305 s
