AVX2 remainder arms, i9-14900KF core 2 (sibling guarded), 21 rounds x min of 5 batches (~80 us)
depths: ring footprint L1 24 KB (L1* = one set exceeds it), L2 1 MB, L3 16 MB, DRAM 256 MB

PART A -- kernels: ns per call at count c per arm; tail = the leftover column in ordinary columns
n1   R=3   c=1   L1    | narrow      2.2 ns bulk 1.00 tail  1.44 | masked      2.5 ns bulk 1.03 tail  1.96 | control +0.0% | spread 1.8% | col 0.4 ns
n1   R=3   c=1   L2    | narrow      2.8 ns bulk 1.00 tail  1.20 | masked      2.8 ns bulk 1.00 tail  1.20 | control +0.0% | spread 0.0% | col 1.0 ns
n1   R=3   c=1   L3    | narrow      4.4 ns bulk 1.00 tail  1.12 | masked      4.1 ns bulk 0.93 tail  1.05 | control -2.7% | spread 10.3% | col 2.5 ns
n1   R=3   c=1   DRAM  | narrow     11.4 ns bulk 1.00 tail  1.24 | masked     11.5 ns bulk 0.90 tail  1.27 | control -1.1% | spread 3.1% | col 7.9 ns
n1   R=3   c=5   L1    | narrow      4.3 ns bulk 1.00 tail  4.03 | masked      4.4 ns bulk 1.01 tail  4.42 | control +0.0% | spread 0.0% | col 0.3 ns
n1   R=3   c=5   L2    | narrow      7.0 ns bulk 1.00 tail  1.17 | masked      7.0 ns bulk 1.02 tail  1.12 | control -0.6% | spread 1.2% | col 1.7 ns
n1   R=3   c=5   L3    | narrow     13.2 ns bulk 1.00 tail  1.20 | masked     13.2 ns bulk 1.00 tail  1.20 | control +0.0% | spread 2.1% | col 2.1 ns
n1   R=3   c=5   DRAM  | narrow     34.0 ns bulk 1.00 tail  1.44 | masked     34.3 ns bulk 0.99 tail  1.58 | control -1.1% | spread 2.8% | col 4.0 ns
n1   R=3   c=25  L1    | narrow      9.1 ns bulk 1.00 tail  3.45 | masked      9.5 ns bulk 1.02 tail  4.27 | control +0.0% | spread 0.2% | col 0.2 ns
n1   R=3   c=25  L2    | narrow     28.3 ns bulk 1.00 tail  0.38 | masked     28.5 ns bulk 1.00 tail  0.40 | control +0.0% | spread 0.2% | col 5.4 ns
n1   R=3   c=25  L3    | narrow     47.8 ns bulk 1.00 tail  0.18 | masked     47.8 ns bulk 0.99 tail  0.27 | control -0.7% | spread 11.8% | col 3.7 ns
n1   R=3   c=25  DRAM  | narrow    117.9 ns bulk 1.00 tail  0.17 | masked    118.3 ns bulk 1.00 tail  0.50 | control -0.4% | spread 0.6% | col 0.9 ns
n1   R=5   c=1   L1    | narrow      3.9 ns bulk 1.00 tail  1.91 | masked      4.4 ns bulk 1.00 tail  2.60 | control +0.0% | spread 0.4% | col 0.7 ns
n1   R=5   c=1   L2    | narrow      5.6 ns bulk 1.00 tail  1.65 | masked      5.9 ns bulk 1.00 tail  1.82 | control +0.7% | spread 1.4% | col 1.9 ns
n1   R=5   c=1   L3    | narrow      6.9 ns bulk 1.00 tail  1.65 | masked      7.1 ns bulk 1.00 tail  1.71 | control -1.7% | spread 19.8% | col 2.7 ns
n1   R=5   c=1   DRAM  | narrow     23.8 ns bulk 1.00 tail  1.50 | masked     23.5 ns bulk 1.02 tail  1.48 | control +1.2% | spread 9.3% | col 14.2 ns
n1   R=5   c=5   L1    | narrow      7.0 ns bulk 1.00 tail  3.33 | masked      7.5 ns bulk 1.01 tail  4.08 | control +0.0% | spread 0.2% | col 0.6 ns
n1   R=5   c=5   L2    | narrow     11.8 ns bulk 1.00 tail  0.96 | masked     11.9 ns bulk 0.99 tail  1.00 | control +0.0% | spread 0.6% | col 3.1 ns
n1   R=5   c=5   L3    | narrow     17.8 ns bulk 1.00 tail  1.08 | masked     17.4 ns bulk 1.00 tail  0.92 | control -1.4% | spread 16.5% | col 2.6 ns
n1   R=5   c=5   DRAM  | narrow     54.9 ns bulk 1.00 tail  1.37 | masked     55.1 ns bulk 1.01 tail  1.35 | control +0.5% | spread 2.5% | col 5.9 ns
n1   R=5   c=25  L1    | narrow     21.1 ns bulk 1.00 tail  5.21 | masked     22.6 ns bulk 1.02 tail  7.21 | control -0.2% | spread 0.4% | col 0.5 ns
n1   R=5   c=25  L2    | narrow     51.1 ns bulk 1.00 tail  1.44 | masked     51.6 ns bulk 1.02 tail  1.42 | control +0.0% | spread 0.3% | col 8.6 ns
n1   R=5   c=25  L3    | narrow     82.1 ns bulk 1.00 tail  0.74 | masked     81.6 ns bulk 1.00 tail  0.42 | control +0.3% | spread 1.2% | col 2.4 ns
n1   R=5   c=25  DRAM  | narrow    200.0 ns bulk 1.00 tail  0.91 | masked    199.2 ns bulk 1.00 tail  0.00 | control -0.6% | spread 2.1% | col 1.4 ns
n1   R=7   c=1   L1    | narrow      5.1 ns bulk 1.00 tail  1.75 | masked      5.8 ns bulk 0.99 tail  2.28 | control +0.2% | spread 0.4% | col 1.4 ns
n1   R=7   c=1   L2    | narrow      6.5 ns bulk 1.00 tail  1.85 | masked      7.6 ns bulk 0.99 tail  2.38 | control +0.4% | spread 0.4% | col 2.1 ns
n1   R=7   c=1   L3    | narrow      9.4 ns bulk 1.00 tail  1.47 | masked     10.1 ns bulk 0.99 tail  1.64 | control +0.4% | spread 0.8% | col 4.6 ns
n1   R=7   c=1   DRAM  | narrow     22.8 ns bulk 1.00 tail  1.29 | masked     22.8 ns bulk 1.00 tail  1.29 | control +0.3% | spread 2.8% | col 15.7 ns
n1   R=7   c=5   L1    | narrow     11.2 ns bulk 1.00 tail  2.95 | masked     11.6 ns bulk 0.90 tail  3.95 | control +0.5% | spread 1.3% | col 1.2 ns
n1   R=7   c=5   L2    | narrow     15.5 ns bulk 1.00 tail  1.23 | masked     16.0 ns bulk 1.01 tail  1.34 | control -0.6% | spread 1.2% | col 4.3 ns
n1   R=7   c=5   L3    | narrow     26.1 ns bulk 1.00 tail  1.01 | masked     26.5 ns bulk 1.01 tail  1.09 | control +0.0% | spread 1.0% | col 3.5 ns
n1   R=7   c=5   DRAM  | narrow     76.3 ns bulk 1.00 tail  1.11 | masked     77.0 ns bulk 0.99 tail  1.30 | control +0.9% | spread 2.9% | col 7.7 ns
n1   R=7   c=25  L1    | narrow     36.3 ns bulk 1.00 tail  3.69 | masked     35.7 ns bulk 1.02 tail  2.82 | control +0.0% | spread 0.4% | col 1.3 ns
n1   R=7   c=25  L2    | narrow     64.6 ns bulk 1.00 tail  0.97 | masked     65.3 ns bulk 1.00 tail  1.05 | control -0.2% | spread 0.7% | col 12.0 ns
n1   R=7   c=25  L3    | narrow    110.2 ns bulk 1.00 tail  1.23 | masked    110.7 ns bulk 1.01 tail  1.16 | control +0.0% | spread 2.2% | col 6.4 ns
n1   R=7   c=25  DRAM  | narrow    279.9 ns bulk 1.00 tail  0.00 | masked    277.2 ns bulk 1.00 tail  0.00 | control -1.0% | spread 2.5% | col -1.4 ns
n1   R=9   c=1   L1    | narrow      7.0 ns bulk 1.00 tail  2.34 | masked      8.2 ns bulk 1.00 tail  2.97 | blk_nar      8.0 ns bulk 1.00 tail  2.86 | blk_msk      9.0 ns bulk 1.00 tail  3.42 | blk_ovr      8.3 ns bulk 1.00 tail  3.01 | control +0.0% | spread 0.4% | col 1.8 ns
n1   R=9   c=1   L2    | narrow      8.7 ns bulk 1.00 tail  1.76 | masked      9.3 ns bulk 1.00 tail  1.95 | blk_nar      9.6 ns bulk 1.00 tail  2.04 | blk_msk     11.4 ns bulk 1.00 tail  2.58 | blk_ovr     12.0 ns bulk 1.00 tail  2.76 | control +0.0% | spread 0.4% | col 3.3 ns
n1   R=9   c=1   L3    | narrow     11.6 ns bulk 1.00 tail  1.60 | masked     11.9 ns bulk 1.00 tail  1.65 | blk_nar     12.1 ns bulk 1.00 tail  1.70 | blk_msk     13.3 ns bulk 1.00 tail  1.92 | blk_ovr     14.3 ns bulk 1.00 tail  2.10 | control +8.9% | spread 15.9% | col 5.5 ns
n1   R=9   c=1   DRAM  | narrow     30.5 ns bulk 1.00 tail  1.54 | masked     31.4 ns bulk 1.00 tail  1.59 | blk_nar     31.8 ns bulk 1.00 tail  1.61 | blk_msk     31.8 ns bulk 1.00 tail  1.61 | blk_ovr     31.5 ns bulk 1.00 tail  1.60 | control +1.6% | spread 4.3% | col 17.9 ns
n1   R=9   c=5   L1    | narrow     15.4 ns bulk 1.00 tail  2.62 | masked     16.5 ns bulk 1.00 tail  3.17 | blk_nar     17.4 ns bulk 1.13 tail  2.95 | blk_msk     17.4 ns bulk 1.00 tail  3.58 | blk_ovr     16.4 ns bulk 0.98 tail  3.19 | control +0.0% | spread 0.0% | col 2.1 ns
n1   R=9   c=5   L2    | narrow     20.5 ns bulk 1.00 tail  1.50 | masked     21.9 ns bulk 1.02 tail  1.75 | blk_nar     22.4 ns bulk 1.14 tail  1.53 | blk_msk     22.6 ns bulk 1.03 tail  1.89 | blk_ovr     22.9 ns bulk 1.01 tail  1.99 | control -0.7% | spread 1.6% | col 4.8 ns
n1   R=9   c=5   L3    | narrow     35.4 ns bulk 1.00 tail  0.98 | masked     35.7 ns bulk 1.00 tail  1.02 | blk_nar     36.4 ns bulk 1.06 tail  0.86 | blk_msk     35.3 ns bulk 0.99 tail  1.02 | blk_ovr     35.6 ns bulk 1.01 tail  0.95 | control -1.2% | spread 10.0% | col 5.9 ns
n1   R=9   c=5   DRAM  | narrow     98.5 ns bulk 1.00 tail  0.98 | masked     97.8 ns bulk 0.98 tail  1.20 | blk_nar    100.3 ns bulk 1.02 tail  0.98 | blk_msk     96.9 ns bulk 1.00 tail  0.74 | blk_ovr     97.9 ns bulk 1.00 tail  0.86 | control -1.4% | spread 3.7% | col 4.5 ns
n1   R=9   c=25  L1    | narrow     55.7 ns bulk 1.00 tail  4.46 | masked     57.8 ns bulk 1.02 tail  5.28 | blk_nar     57.3 ns bulk 1.05 tail  3.79 | blk_msk     58.2 ns bulk 1.02 tail  5.54 | blk_ovr     57.6 ns bulk 1.01 tail  5.23 | control -0.1% | spread 0.3% | col 1.5 ns
n1   R=9   c=25  L2    | narrow    106.5 ns bulk 1.00 tail  4.91 | masked    112.1 ns bulk 1.04 tail  5.30 | blk_nar    118.1 ns bulk 1.01 tail  6.43 | blk_msk    114.4 ns bulk 1.04 tail  5.64 | blk_ovr    115.2 ns bulk 1.04 tail  5.74 | control -0.3% | spread 0.5% | col 7.1 ns
n1   R=9   c=25  L3    | narrow    139.5 ns bulk 1.00 tail  1.80 | masked    143.9 ns bulk 1.00 tail  2.16 | blk_nar    144.9 ns bulk 1.00 tail  2.24 | blk_msk    147.3 ns bulk 1.01 tail  2.37 | blk_ovr    147.3 ns bulk 0.99 tail  2.53 | control -0.7% | spread 15.0% | col 12.0 ns
n1   R=9   c=25  DRAM  | narrow    367.2 ns bulk 1.00 tail  0.00 | masked    365.0 ns bulk 1.00 tail  0.00 | blk_nar    368.9 ns bulk 1.00 tail  0.00 | blk_msk    367.8 ns bulk 1.00 tail  0.00 | blk_ovr    365.5 ns bulk 1.00 tail  0.00 | control -0.5% | spread 1.5% | col -2.5 ns
n1   R=11  c=1   L1    | narrow      9.4 ns bulk 1.00 tail  2.37 | masked      9.9 ns bulk 1.00 tail  2.55 | blk_nar      9.4 ns bulk 1.07 tail  2.30 | blk_msk     10.5 ns bulk 1.00 tail  2.75 | blk_ovr      9.2 ns bulk 1.00 tail  2.32 | control +0.0% | spread 0.8% | col 2.8 ns
n1   R=11  c=1   L2    | narrow      9.6 ns bulk 1.00 tail  1.56 | masked     10.4 ns bulk 1.00 tail  1.74 | blk_nar     10.3 ns bulk 1.07 tail  1.68 | blk_msk     12.1 ns bulk 1.00 tail  2.13 | blk_ovr     11.5 ns bulk 1.00 tail  1.98 | control +0.4% | spread 1.1% | col 4.5 ns
n1   R=11  c=1   L3    | narrow     13.0 ns bulk 1.00 tail  1.32 | masked     14.4 ns bulk 0.98 tail  1.51 | blk_nar     13.9 ns bulk 1.04 tail  1.42 | blk_msk     15.3 ns bulk 0.98 tail  1.63 | blk_ovr     14.9 ns bulk 0.98 tail  1.58 | control +0.4% | spread 8.4% | col 7.8 ns
n1   R=11  c=1   DRAM  | narrow     33.8 ns bulk 1.00 tail  1.37 | masked     31.9 ns bulk 1.00 tail  1.29 | blk_nar     32.6 ns bulk 1.06 tail  1.31 | blk_msk     32.8 ns bulk 1.00 tail  1.33 | blk_ovr     32.4 ns bulk 1.00 tail  1.31 | control -0.2% | spread 2.5% | col 22.7 ns
n1   R=11  c=5   L1    | narrow     22.1 ns bulk 1.00 tail  2.20 | masked     24.2 ns bulk 1.00 tail  2.81 | blk_nar     23.3 ns bulk 1.10 tail  2.15 | blk_msk     24.4 ns bulk 1.01 tail  2.81 | blk_ovr     23.3 ns bulk 1.01 tail  2.52 | control +0.0% | spread 0.4% | col 3.5 ns
n1   R=11  c=5   L2    | narrow     24.0 ns bulk 1.00 tail  1.34 | masked     26.2 ns bulk 1.01 tail  1.71 | blk_nar     26.1 ns bulk 1.11 tail  1.37 | blk_msk     26.2 ns bulk 1.01 tail  1.70 | blk_ovr     25.8 ns bulk 1.03 tail  1.58 | control +0.0% | spread 0.9% | col 5.5 ns
n1   R=11  c=5   L3    | narrow     38.6 ns bulk 1.00 tail  0.83 | masked     39.6 ns bulk 1.01 tail  1.02 | blk_nar     40.8 ns bulk 1.07 tail  0.75 | blk_msk     40.4 ns bulk 1.02 tail  1.13 | blk_ovr     39.5 ns bulk 1.03 tail  0.75 | control -0.4% | spread 10.5% | col 4.0 ns
n1   R=11  c=5   DRAM  | narrow    120.7 ns bulk 1.00 tail  0.25 | masked    122.0 ns bulk 1.01 tail  0.33 | blk_nar    121.1 ns bulk 1.02 tail -0.08 | blk_msk    122.7 ns bulk 1.00 tail  0.66 | blk_ovr    120.3 ns bulk 1.01 tail  0.05 | control -0.7% | spread 2.6% | col 5.7 ns
n1   R=11  c=25  L1    | narrow     86.4 ns bulk 1.00 tail  3.78 | masked     88.9 ns bulk 1.02 tail  4.22 | blk_nar     84.9 ns bulk 1.01 tail  3.00 | blk_msk     86.4 ns bulk 0.99 tail  4.13 | blk_ovr     88.1 ns bulk 1.02 tail  3.91 | control +0.0% | spread 0.1% | col 2.7 ns
n1   R=11  c=25  L2    | narrow    115.9 ns bulk 1.00 tail  2.33 | masked    121.5 ns bulk 1.04 tail  2.54 | blk_nar    119.0 ns bulk 1.05 tail  2.26 | blk_msk    123.3 ns bulk 1.03 tail  2.75 | blk_ovr    124.5 ns bulk 1.05 tail  2.69 | control +0.0% | spread 0.3% | col 12.0 ns
n1   R=11  c=25  L3    | narrow    183.7 ns bulk 1.00 tail  1.69 | masked    186.1 ns bulk 1.01 tail  1.69 | blk_nar    185.5 ns bulk 1.03 tail  1.31 | blk_msk    186.7 ns bulk 1.01 tail  1.87 | blk_ovr    187.3 ns bulk 1.02 tail  1.69 | control -0.3% | spread 2.3% | col 9.6 ns
n1   R=11  c=25  DRAM  | narrow    462.0 ns bulk 1.00 tail  0.00 | masked    468.1 ns bulk 1.00 tail  0.00 | blk_nar    471.8 ns bulk 1.02 tail  0.00 | blk_msk    474.8 ns bulk 1.01 tail  0.00 | blk_ovr    466.9 ns bulk 0.98 tail  0.00 | control +1.5% | spread 3.5% | col -8.0 ns
n1   R=13  c=1   L1    | narrow     12.6 ns bulk 1.00 tail  2.34 | masked     14.3 ns bulk 1.00 tail  2.74 | blk_nar     13.3 ns bulk 1.00 tail  2.51 | blk_msk     15.0 ns bulk 1.00 tail  2.93 | blk_ovr     12.7 ns bulk 1.00 tail  2.36 | control -0.2% | spread 0.5% | col 4.2 ns
n1   R=13  c=1   L2    | narrow     12.6 ns bulk 1.00 tail  1.85 | masked     14.4 ns bulk 1.00 tail  2.20 | blk_nar     14.1 ns bulk 1.00 tail  2.13 | blk_msk     16.6 ns bulk 1.00 tail  2.61 | blk_ovr     13.8 ns bulk 1.00 tail  2.07 | control +0.5% | spread 0.5% | col 5.3 ns
n1   R=13  c=1   L3    | narrow     16.0 ns bulk 1.00 tail  1.72 | masked     18.2 ns bulk 1.00 tail  2.01 | blk_nar     18.6 ns bulk 1.00 tail  2.06 | blk_msk     21.4 ns bulk 1.00 tail  2.41 | blk_ovr     18.2 ns bulk 1.00 tail  2.00 | control -5.7% | spread 2.1% | col 7.7 ns
n1   R=13  c=1   DRAM  | narrow     43.1 ns bulk 1.00 tail  1.60 | masked     40.3 ns bulk 1.00 tail  1.49 | blk_nar     43.1 ns bulk 1.00 tail  1.60 | blk_msk     41.4 ns bulk 1.00 tail  1.54 | blk_ovr     40.9 ns bulk 1.00 tail  1.52 | control +0.0% | spread 10.3% | col 25.1 ns
n1   R=13  c=5   L1    | narrow     31.8 ns bulk 1.00 tail  2.91 | masked     35.0 ns bulk 1.03 tail  3.56 | blk_nar     34.8 ns bulk 1.19 tail  2.73 | blk_msk     35.3 ns bulk 1.01 tail  3.72 | blk_ovr     33.1 ns bulk 0.99 tail  3.29 | control +0.0% | spread 0.5% | col 4.0 ns
n1   R=13  c=5   L2    | narrow     33.8 ns bulk 1.00 tail  1.97 | masked     37.6 ns bulk 1.04 tail  2.48 | blk_nar     38.1 ns bulk 1.15 tail  2.14 | blk_msk     37.9 ns bulk 1.02 tail  2.61 | blk_ovr     35.9 ns bulk 0.99 tail  2.35 | control +0.2% | spread 0.6% | col 5.8 ns
n1   R=13  c=5   L3    | narrow     47.5 ns bulk 1.00 tail  1.10 | masked     49.9 ns bulk 1.01 tail  1.40 | blk_nar     52.7 ns bulk 1.05 tail  1.60 | blk_msk     50.9 ns bulk 1.01 tail  1.57 | blk_ovr     48.5 ns bulk 1.00 tail  1.27 | control -0.4% | spread 3.4% | col 6.0 ns
n1   R=13  c=5   DRAM  | narrow    139.0 ns bulk 1.00 tail  1.11 | masked    141.2 ns bulk 0.99 tail  1.69 | blk_nar    149.1 ns bulk 1.01 tail  2.60 | blk_msk    143.5 ns bulk 1.00 tail  1.83 | blk_ovr    141.2 ns bulk 1.00 tail  1.46 | control -0.5% | spread 3.2% | col 6.3 ns
n1   R=13  c=25  L1    | narrow    119.7 ns bulk 1.00 tail  4.37 | masked    123.7 ns bulk 1.04 tail  4.47 | blk_nar    121.7 ns bulk 1.05 tail  3.63 | blk_msk    125.4 ns bulk 1.04 tail  4.84 | blk_ovr    118.3 ns bulk 0.99 tail  4.23 | control +0.0% | spread 0.1% | col 3.6 ns
n1   R=13  c=25  L2    | narrow    150.4 ns bulk 1.00 tail  3.63 | masked    166.3 ns bulk 1.05 tail  4.64 | blk_nar    167.4 ns bulk 1.07 tail  4.53 | blk_msk    163.9 ns bulk 1.04 tail  4.53 | blk_ovr    150.9 ns bulk 1.00 tail  3.63 | control +0.0% | spread 0.7% | col 10.1 ns
n1   R=13  c=25  L3    | narrow    220.7 ns bulk 1.00 tail 18.00 | masked    240.7 ns bulk 1.04 tail 28.67 | blk_nar    245.7 ns bulk 1.05 tail 32.00 | blk_msk    235.7 ns bulk 1.03 tail 26.67 | blk_ovr    227.1 ns bulk 0.92 tail 38.67 | control +3.6% | spread 11.0% | col 1.1 ns
n1   R=13  c=25  DRAM  | narrow    576.2 ns bulk 1.00 tail  0.00 | masked    578.3 ns bulk 0.99 tail  0.00 | blk_nar    581.1 ns bulk 0.99 tail  0.00 | blk_msk    573.4 ns bulk 0.99 tail  0.00 | blk_ovr    578.3 ns bulk 1.01 tail  0.00 | control -0.5% | spread 4.1% | col -21.3 ns
n1   R=15  c=1   L1    | narrow     17.1 ns bulk 1.00 tail  2.46 | masked     20.1 ns bulk 1.00 tail  2.99 | blk_nar     14.1 ns bulk 1.00 tail  1.96 | blk_msk     16.6 ns bulk 1.00 tail  2.38 | blk_ovr     14.7 ns bulk 1.00 tail  2.06 | control +0.0% | spread 1.6% | col 5.8 ns
n1   R=15  c=1   L2    | narrow     17.1 ns bulk 1.00 tail  1.95 | masked     20.3 ns bulk 1.00 tail  2.40 | blk_nar     13.9 ns bulk 1.00 tail  1.52 | blk_msk     16.4 ns bulk 1.00 tail  1.86 | blk_ovr     15.9 ns bulk 1.00 tail  1.79 | control -0.3% | spread 5.0% | col 7.3 ns
n1   R=15  c=1   L3    | narrow     18.9 ns bulk 1.00 tail  1.48 | masked     22.8 ns bulk 1.00 tail  1.83 | blk_nar     17.0 ns bulk 1.00 tail  1.30 | blk_msk     18.9 ns bulk 1.00 tail  1.47 | blk_ovr     20.9 ns bulk 1.00 tail  1.66 | control -0.4% | spread 0.4% | col 10.9 ns
n1   R=15  c=1   DRAM  | narrow     50.4 ns bulk 1.00 tail  1.67 | masked     46.6 ns bulk 1.00 tail  1.54 | blk_nar     42.0 ns bulk 1.00 tail  1.38 | blk_msk     44.7 ns bulk 1.00 tail  1.48 | blk_ovr     42.5 ns bulk 1.00 tail  1.40 | control -2.8% | spread 3.1% | col 28.4 ns
n1   R=15  c=5   L1    | narrow     41.3 ns bulk 1.00 tail  2.58 | masked     44.0 ns bulk 1.01 tail  3.03 | blk_nar     43.2 ns bulk 1.13 tail  2.26 | blk_msk     42.7 ns bulk 0.97 tail  2.98 | blk_ovr     41.0 ns bulk 1.00 tail  2.53 | control +0.0% | spread 0.0% | col 5.5 ns
n1   R=15  c=5   L2    | narrow     45.7 ns bulk 1.00 tail  2.65 | masked     48.8 ns bulk 1.01 tail  3.12 | blk_nar     47.8 ns bulk 1.17 tail  2.17 | blk_msk     45.6 ns bulk 0.96 tail  2.82 | blk_ovr     45.4 ns bulk 1.02 tail  2.54 | control +0.0% | spread 0.5% | col 6.2 ns
n1   R=15  c=5   L3    | narrow     62.4 ns bulk 1.00 tail  1.45 | masked     64.6 ns bulk 1.01 tail  1.64 | blk_nar     66.8 ns bulk 1.09 tail  1.45 | blk_msk     61.2 ns bulk 0.98 tail  1.42 | blk_ovr     61.2 ns bulk 1.00 tail  1.28 | control +1.3% | spread 2.3% | col 8.4 ns
n1   R=15  c=5   DRAM  | narrow    166.1 ns bulk 1.00 tail  1.40 | masked    164.5 ns bulk 0.99 tail  1.36 | blk_nar    172.1 ns bulk 0.97 tail  2.58 | blk_msk    165.7 ns bulk 1.00 tail  1.36 | blk_ovr    164.1 ns bulk 1.00 tail  1.20 | control +0.4% | spread 1.6% | col 9.2 ns
n1   R=15  c=25  L1    | narrow    159.3 ns bulk 1.00 tail  3.14 | masked    162.1 ns bulk 1.00 tail  3.71 | blk_nar    163.9 ns bulk 1.05 tail  2.73 | blk_msk    156.9 ns bulk 0.96 tail  3.67 | blk_ovr    158.4 ns bulk 0.99 tail  3.14 | control +0.0% | spread 0.1% | col 5.4 ns
n1   R=15  c=25  L2    | narrow    179.1 ns bulk 1.00 tail  4.42 | masked    185.9 ns bulk 1.01 tail  5.50 | blk_nar    199.5 ns bulk 1.07 tail  6.29 | blk_msk    171.0 ns bulk 0.95 tail  4.38 | blk_ovr    179.8 ns bulk 1.01 tail  4.25 | control +0.4% | spread 0.8% | col 5.4 ns
n1   R=15  c=25  L3    | narrow    289.7 ns bulk 1.00 tail  0.00 | masked    280.4 ns bulk 0.99 tail  0.00 | blk_nar    295.3 ns bulk 1.03 tail  0.00 | blk_msk    272.9 ns bulk 0.96 tail  0.00 | blk_ovr    275.7 ns bulk 0.98 tail  0.00 | control -6.1% | spread 11.3% | col -5.6 ns
n1   R=15  c=25  DRAM  | narrow    664.8 ns bulk 1.00 tail  0.00 | masked    669.5 ns bulk 1.00 tail  0.00 | blk_nar    665.6 ns bulk 1.00 tail  0.00 | blk_msk    669.5 ns bulk 1.01 tail  0.00 | blk_ovr    661.7 ns bulk 1.01 tail  0.00 | control +0.0% | spread 2.4% | col -28.1 ns
n1   R=17  c=1   L1    | narrow     21.6 ns bulk 1.00 tail  2.14 | masked     23.7 ns bulk 1.00 tail  2.38 | blk_nar     17.5 ns bulk 0.95 tail  1.69 | blk_msk     21.4 ns bulk 1.00 tail  2.11 | blk_ovr     18.3 ns bulk 1.00 tail  1.77 | control +0.0% | spread 0.3% | col 8.8 ns
n1   R=17  c=1   L2    | narrow     22.8 ns bulk 1.00 tail  2.07 | masked     24.9 ns bulk 1.00 tail  2.29 | blk_nar     18.1 ns bulk 0.94 tail  1.60 | blk_msk     22.3 ns bulk 1.00 tail  2.02 | blk_ovr     19.2 ns bulk 1.00 tail  1.70 | control +0.0% | spread 1.0% | col 9.6 ns
n1   R=17  c=1   L3    | narrow     24.1 ns bulk 1.00 tail  1.50 | masked     25.6 ns bulk 1.00 tail  1.61 | blk_nar     20.4 ns bulk 0.94 tail  1.25 | blk_msk     24.4 ns bulk 1.00 tail  1.52 | blk_ovr     21.7 ns bulk 1.00 tail  1.34 | control -0.7% | spread 1.5% | col 14.2 ns
n1   R=17  c=1   DRAM  | narrow     58.7 ns bulk 1.00 tail  1.60 | masked     59.2 ns bulk 1.00 tail  1.62 | blk_nar     55.0 ns bulk 0.94 tail  1.50 | blk_msk     56.7 ns bulk 1.00 tail  1.55 | blk_ovr     54.6 ns bulk 1.00 tail  1.49 | control +0.4% | spread 6.3% | col 34.9 ns
n1   R=17  c=5   L1    | narrow     55.3 ns bulk 1.00 tail  3.01 | masked     55.7 ns bulk 1.00 tail  3.06 | blk_nar     56.1 ns bulk 1.16 tail  2.32 | blk_msk     55.9 ns bulk 1.04 tail  2.91 | blk_ovr     52.6 ns bulk 1.01 tail  2.60 | control +0.0% | spread 0.2% | col 7.0 ns
n1   R=17  c=5   L2    | narrow     61.0 ns bulk 1.00 tail  2.89 | masked     62.7 ns bulk 1.00 tail  3.10 | blk_nar     63.3 ns bulk 1.25 tail  2.01 | blk_msk     62.8 ns bulk 1.05 tail  2.90 | blk_ovr     59.1 ns bulk 1.01 tail  2.63 | control -0.2% | spread 0.7% | col 8.0 ns
n1   R=17  c=5   L3    | narrow     75.0 ns bulk 1.00 tail  1.89 | masked     79.1 ns bulk 1.00 tail  2.36 | blk_nar     79.4 ns bulk 1.20 tail  1.07 | blk_msk     77.8 ns bulk 1.02 tail  2.11 | blk_ovr     74.1 ns bulk 0.99 tail  1.86 | control -0.8% | spread 15.4% | col 8.8 ns
n1   R=17  c=5   DRAM  | narrow    193.4 ns bulk 1.00 tail  1.67 | masked    195.2 ns bulk 0.98 tail  1.98 | blk_nar    197.3 ns bulk 1.14 tail  0.37 | blk_msk    197.1 ns bulk 0.99 tail  2.00 | blk_ovr    192.3 ns bulk 1.00 tail  1.61 | control -1.5% | spread 5.1% | col 14.5 ns
n1   R=17  c=25  L1    | narrow    201.1 ns bulk 1.00 tail  3.70 | masked    201.7 ns bulk 1.00 tail  3.74 | blk_nar    211.0 ns bulk 1.08 tail  3.02 | blk_msk    207.2 ns bulk 1.04 tail  3.57 | blk_ovr    200.0 ns bulk 1.00 tail  3.49 | control +0.0% | spread 0.1% | col 6.5 ns
n1   R=17  c=25  L2    | narrow    229.3 ns bulk 1.00 tail  5.94 | masked    230.5 ns bulk 1.00 tail  6.23 | blk_nar    251.3 ns bulk 1.13 tail  5.31 | blk_msk    241.9 ns bulk 1.07 tail  5.77 | blk_ovr    226.4 ns bulk 0.99 tail  5.60 | control -0.1% | spread 0.6% | col 5.1 ns
n1   R=17  c=25  L3    | narrow    321.4 ns bulk 1.00 tail  0.00 | masked    324.5 ns bulk 0.99 tail  0.00 | blk_nar    345.9 ns bulk 1.06 tail  0.00 | blk_msk    329.6 ns bulk 1.01 tail  0.00 | blk_ovr    315.3 ns bulk 0.99 tail  0.00 | control -1.9% | spread 5.7% | col -2.6 ns
n1   R=17  c=25  DRAM  | narrow    777.1 ns bulk 1.00 tail  0.00 | masked    776.0 ns bulk 1.01 tail  0.00 | blk_nar    792.7 ns bulk 1.03 tail  0.00 | blk_msk    772.9 ns bulk 1.01 tail  0.00 | blk_ovr    774.0 ns bulk 1.01 tail  0.00 | control +0.0% | spread 3.8% | col -12.5 ns
n1   R=19  c=1   L1    | narrow     25.3 ns bulk 1.00 tail  2.09 | masked     32.7 ns bulk 1.00 tail  2.78 | blk_nar     21.3 ns bulk 1.00 tail  1.73 | blk_msk     26.3 ns bulk 0.98 tail  2.19 | blk_ovr     25.6 ns bulk 0.98 tail  2.12 | control +0.0% | spread 0.0% | col 10.8 ns
n1   R=19  c=1   L2    | narrow     26.1 ns bulk 1.00 tail  1.99 | masked     33.0 ns bulk 1.00 tail  2.57 | blk_nar     21.9 ns bulk 1.00 tail  1.63 | blk_msk     27.2 ns bulk 1.00 tail  2.07 | blk_ovr     25.5 ns bulk 1.00 tail  1.93 | control -0.2% | spread 0.2% | col 11.8 ns
n1   R=19  c=1   L3    | narrow     29.2 ns bulk 1.00 tail  1.82 | masked     38.7 ns bulk 1.00 tail  2.48 | blk_nar     23.2 ns bulk 1.03 tail  1.41 | blk_msk     27.6 ns bulk 1.00 tail  1.72 | blk_ovr     27.1 ns bulk 1.00 tail  1.68 | control -1.1% | spread 4.7% | col 14.5 ns
n1   R=19  c=1   DRAM  | narrow     59.6 ns bulk 1.00 tail  1.58 | masked     57.8 ns bulk 1.00 tail  1.53 | blk_nar     54.9 ns bulk 1.00 tail  1.45 | blk_msk     54.9 ns bulk 1.00 tail  1.45 | blk_ovr     54.1 ns bulk 1.00 tail  1.42 | control -0.4% | spread 1.8% | col 36.1 ns
n1   R=19  c=5   L1    | narrow     65.1 ns bulk 1.00 tail  2.66 | masked     76.3 ns bulk 1.07 tail  3.62 | blk_nar     69.7 ns bulk 1.16 tail  2.41 | blk_msk     68.8 ns bulk 1.05 tail  2.86 | blk_ovr     70.4 ns bulk 1.05 tail  3.02 | control +0.0% | spread 0.0% | col 8.7 ns
n1   R=19  c=5   L2    | narrow     75.1 ns bulk 1.00 tail  2.72 | masked     83.6 ns bulk 1.08 tail  3.17 | blk_nar     79.4 ns bulk 1.27 tail  1.95 | blk_msk     76.9 ns bulk 1.05 tail  2.66 | blk_ovr     76.1 ns bulk 1.05 tail  2.59 | control -0.4% | spread 1.0% | col 10.5 ns
n1   R=19  c=5   L3    | narrow     91.9 ns bulk 1.00 tail  1.57 | masked    105.9 ns bulk 1.03 tail  2.41 | blk_nar    101.2 ns bulk 1.22 tail  1.18 | blk_msk     97.2 ns bulk 1.03 tail  1.81 | blk_ovr     93.1 ns bulk 1.02 tail  1.55 | control +1.7% | spread 8.2% | col 14.5 ns
n1   R=19  c=5   DRAM  | narrow    222.1 ns bulk 1.00 tail  1.95 | masked    235.7 ns bulk 1.00 tail  2.73 | blk_nar    225.5 ns bulk 1.13 tail  0.84 | blk_msk    223.2 ns bulk 1.00 tail  2.03 | blk_ovr    218.4 ns bulk 1.00 tail  1.70 | control -1.4% | spread 3.6% | col 18.1 ns
n1   R=19  c=25  L1    | narrow    245.9 ns bulk 1.00 tail  3.35 | masked    294.9 ns bulk 1.11 tail  6.57 | blk_nar    265.0 ns bulk 1.09 tail  3.13 | blk_msk    261.9 ns bulk 1.06 tail  3.61 | blk_ovr    268.0 ns bulk 1.09 tail  3.61 | control +0.0% | spread 0.1% | col 7.8 ns
n1   R=19  c=25  L2    | narrow    284.4 ns bulk 1.00 tail  4.00 | masked    304.3 ns bulk 1.08 tail  4.04 | blk_nar    312.1 ns bulk 1.13 tail  3.39 | blk_msk    294.2 ns bulk 1.08 tail  2.91 | blk_ovr    294.2 ns bulk 1.06 tail  3.39 | control -0.1% | spread 0.4% | col 8.9 ns
n1   R=19  c=25  L3    | narrow    364.0 ns bulk 1.00 tail  7.60 | masked    385.4 ns bulk 1.02 tail 12.40 | blk_nar    400.0 ns bulk 1.12 tail  6.00 | blk_msk    376.4 ns bulk 1.02 tail  9.20 | blk_ovr    377.5 ns bulk 1.01 tail 10.80 | control +2.2% | spread 2.5% | col 2.8 ns
n1   R=19  c=25  DRAM  | narrow    880.0 ns bulk 1.00 tail  0.00 | masked    890.0 ns bulk 1.00 tail  0.00 | blk_nar    890.0 ns bulk 1.01 tail  0.00 | blk_msk    887.5 ns bulk 1.00 tail  0.00 | blk_ovr    890.0 ns bulk 1.00 tail  0.00 | control +0.3% | spread 2.8% | col -25.0 ns
n1   R=21  c=1   L1    | narrow     29.9 ns bulk 1.00 tail  1.76 | masked     35.7 ns bulk 0.98 tail  2.14 | blk_nar     26.4 ns bulk 1.00 tail  1.53 | blk_msk     30.1 ns bulk 0.98 tail  1.78 | blk_ovr     28.3 ns bulk 0.98 tail  1.66 | control +0.0% | spread 0.4% | col 15.5 ns
n1   R=21  c=1   L2    | narrow     31.4 ns bulk 1.00 tail  1.83 | masked     36.5 ns bulk 1.00 tail  2.16 | blk_nar     26.5 ns bulk 1.00 tail  1.52 | blk_msk     30.3 ns bulk 1.00 tail  1.76 | blk_ovr     27.3 ns bulk 1.00 tail  1.57 | control +0.0% | spread 0.2% | col 15.7 ns
n1   R=21  c=1   L3    | narrow     38.2 ns bulk 1.00 tail  1.41 | masked     41.2 ns bulk 0.80 tail  1.55 | blk_nar     28.8 ns bulk 1.00 tail  1.04 | blk_msk     31.8 ns bulk 1.00 tail  1.15 | blk_ovr     30.6 ns bulk 1.00 tail  1.11 | control +0.0% | spread 7.7% | col 25.0 ns
n1   R=21  c=1   DRAM  | narrow     74.3 ns bulk 1.00 tail  1.62 | masked     67.3 ns bulk 1.00 tail  1.46 | blk_nar     68.8 ns bulk 1.00 tail  1.50 | blk_msk     65.6 ns bulk 1.00 tail  1.42 | blk_ovr     66.7 ns bulk 1.00 tail  1.45 | control -0.2% | spread 2.2% | col 44.3 ns
n1   R=21  c=5   L1    | narrow     81.2 ns bulk 1.00 tail  2.31 | masked     87.6 ns bulk 1.03 tail  2.69 | blk_nar     79.2 ns bulk 0.99 tail  2.18 | blk_msk     78.8 ns bulk 0.96 tail  2.29 | blk_ovr     76.3 ns bulk 0.96 tail  2.07 | control +0.0% | spread 0.1% | col 12.5 ns
n1   R=21  c=5   L2    | narrow     92.0 ns bulk 1.00 tail  2.95 | masked     97.9 ns bulk 1.05 tail  3.20 | blk_nar     87.8 ns bulk 0.99 tail  2.64 | blk_msk     89.5 ns bulk 0.95 tail  2.99 | blk_ovr     85.9 ns bulk 0.96 tail  2.63 | control -0.4% | spread 0.7% | col 11.2 ns
n1   R=21  c=5   L3    | narrow    110.1 ns bulk 1.00 tail  1.71 | masked    121.4 ns bulk 1.00 tail  2.47 | blk_nar    100.9 ns bulk 0.90 tail  1.63 | blk_msk    105.8 ns bulk 0.89 tail  2.02 | blk_ovr    101.4 ns bulk 0.92 tail  1.55 | control -1.3% | spread 5.0% | col 14.8 ns
n1   R=21  c=5   DRAM  | narrow    255.8 ns bulk 1.00 tail  1.53 | masked    269.8 ns bulk 1.01 tail  2.21 | blk_nar    249.7 ns bulk 0.92 tail  2.31 | blk_msk    254.9 ns bulk 0.90 tail  2.87 | blk_ovr    245.8 ns bulk 0.92 tail  2.12 | control -1.3% | spread 7.0% | col 15.7 ns
n1   R=21  c=25  L1    | narrow    298.9 ns bulk 1.00 tail  3.96 | masked    303.4 ns bulk 1.01 tail  4.17 | blk_nar    304.9 ns bulk 1.05 tail  3.21 | blk_msk    296.2 ns bulk 1.00 tail  3.62 | blk_ovr    293.6 ns bulk 1.00 tail  3.33 | control -0.1% | spread 0.1% | col 9.0 ns
n1   R=21  c=25  L2    | narrow    336.5 ns bulk 1.00 tail  8.50 | masked    345.7 ns bulk 1.03 tail  8.80 | blk_nar    349.6 ns bulk 1.04 tail  8.40 | blk_msk    340.4 ns bulk 1.00 tail  9.70 | blk_ovr    334.8 ns bulk 1.00 tail  7.80 | control +0.0% | spread 0.6% | col 4.3 ns
n1   R=21  c=25  L3    | narrow    439.2 ns bulk 1.00 tail  0.00 | masked    456.8 ns bulk 1.01 tail  0.00 | blk_nar    439.2 ns bulk 1.01 tail  0.00 | blk_msk    431.1 ns bulk 0.98 tail  0.00 | blk_ovr    417.6 ns bulk 0.98 tail  0.00 | control -0.6% | spread 4.3% | col -1.4 ns
n1   R=21  c=25  DRAM  | narrow    996.0 ns bulk 1.00 tail  0.00 | masked   1018.7 ns bulk 1.01 tail  0.00 | blk_nar   1002.7 ns bulk 1.02 tail  0.00 | blk_msk   1009.3 ns bulk 1.02 tail  0.00 | blk_ovr    988.0 ns bulk 1.01 tail  0.00 | control +0.7% | spread 3.6% | col -22.0 ns
n1   R=23  c=1   L1    | narrow     37.1 ns bulk 1.00 tail  2.06 | masked     44.2 ns bulk 1.00 tail  2.48 | blk_nar     31.8 ns bulk 1.00 tail  1.74 | blk_msk     35.0 ns bulk 1.00 tail  1.93 | blk_ovr     32.6 ns bulk 1.00 tail  1.79 | control +0.0% | spread 0.2% | col 16.7 ns
n1   R=23  c=1   L2    | narrow     38.6 ns bulk 1.00 tail  1.94 | masked     45.7 ns bulk 1.00 tail  2.32 | blk_nar     32.6 ns bulk 1.00 tail  1.61 | blk_msk     36.3 ns bulk 1.00 tail  1.81 | blk_ovr     35.5 ns bulk 1.00 tail  1.77 | control +0.0% | spread 0.2% | col 18.6 ns
n1   R=23  c=1   L3    | narrow     42.4 ns bulk 1.00 tail  1.54 | masked     48.2 ns bulk 1.00 tail  1.77 | blk_nar     35.6 ns bulk 1.00 tail  1.28 | blk_msk     41.8 ns bulk 1.00 tail  1.52 | blk_ovr     42.6 ns bulk 1.00 tail  1.55 | control +0.0% | spread 3.1% | col 25.7 ns
n1   R=23  c=1   DRAM  | narrow     75.8 ns bulk 1.00 tail  1.50 | masked     76.9 ns bulk 1.00 tail  1.52 | blk_nar     73.8 ns bulk 1.00 tail  1.46 | blk_msk     69.8 ns bulk 1.00 tail  1.38 | blk_ovr     71.7 ns bulk 1.00 tail  1.42 | control -0.8% | spread 1.5% | col 48.8 ns
n1   R=23  c=5   L1    | narrow    102.6 ns bulk 1.00 tail  2.60 | masked    104.5 ns bulk 0.95 tail  2.96 | blk_nar     97.9 ns bulk 1.00 tail  2.29 | blk_msk    101.0 ns bulk 1.00 tail  2.51 | blk_ovr     98.3 ns bulk 1.00 tail  2.33 | control -0.1% | spread 0.1% | col 14.8 ns
n1   R=23  c=5   L2    | narrow    111.7 ns bulk 1.00 tail  2.26 | masked    115.0 ns bulk 0.94 tail  2.68 | blk_nar    103.8 ns bulk 0.97 tail  1.93 | blk_msk    107.7 ns bulk 0.98 tail  2.13 | blk_ovr    107.9 ns bulk 0.98 tail  2.15 | control +0.0% | spread 0.7% | col 17.7 ns
n1   R=23  c=5   L3    | narrow    158.7 ns bulk 1.00 tail  2.42 | masked    152.2 ns bulk 0.96 tail  2.34 | blk_nar    142.1 ns bulk 0.99 tail  1.73 | blk_msk    139.7 ns bulk 0.99 tail  1.63 | blk_ovr    134.8 ns bulk 0.99 tail  1.42 | control -13.8% | spread 13.5% | col 22.9 ns
n1   R=23  c=5   DRAM  | narrow    302.8 ns bulk 1.00 tail  1.24 | masked    307.5 ns bulk 0.98 tail  1.53 | blk_nar    299.6 ns bulk 1.00 tail  1.12 | blk_msk    302.8 ns bulk 0.99 tail  1.30 | blk_ovr    298.0 ns bulk 1.01 tail  1.03 | control +0.8% | spread 3.0% | col 31.2 ns
n1   R=23  c=25  L1    | narrow    389.7 ns bulk 1.00 tail  2.74 | masked    378.3 ns bulk 0.95 tail  3.09 | blk_nar    382.8 ns bulk 0.99 tail  2.42 | blk_msk    386.7 ns bulk 0.99 tail  2.67 | blk_ovr    383.3 ns bulk 0.99 tail  2.49 | control +0.0% | spread 0.1% | col 14.0 ns
n1   R=23  c=25  L2    | narrow    456.7 ns bulk 1.00 tail  2.83 | masked    446.2 ns bulk 0.97 tail  3.03 | blk_nar    459.6 ns bulk 1.00 tail  2.97 | blk_msk    457.3 ns bulk 1.00 tail  2.93 | blk_ovr    459.6 ns bulk 1.00 tail  3.10 | control -0.1% | spread 0.4% | col 17.5 ns
n1   R=23  c=25  L3    | narrow    574.6 ns bulk 1.00 tail  3.09 | masked    562.7 ns bulk 0.96 tail  4.00 | blk_nar    570.1 ns bulk 1.00 tail  2.73 | blk_msk    577.6 ns bulk 0.99 tail  3.82 | blk_ovr    570.1 ns bulk 0.99 tail  2.91 | control +0.5% | spread 4.7% | col 8.2 ns
n1   R=23  c=25  DRAM  | narrow   1180.0 ns bulk 1.00 tail -18.80 | masked   1176.9 ns bulk 0.99 tail -16.00 | blk_nar   1183.1 ns bulk 0.99 tail -15.60 | blk_msk   1186.2 ns bulk 1.00 tail -16.00 | blk_ovr   1178.5 ns bulk 0.99 tail -14.80 | control +1.6% | spread 2.1% | col 3.8 ns
n1   R=25  c=1   L1    | narrow     43.3 ns bulk 1.00 tail  2.18 | masked     57.3 ns bulk 1.00 tail  2.93 | blk_nar     39.4 ns bulk 1.00 tail  1.97 | blk_msk     42.0 ns bulk 1.00 tail  2.11 | blk_ovr     40.9 ns bulk 1.00 tail  2.05 | control +0.0% | spread 0.2% | col 18.7 ns
n1   R=25  c=1   L2    | narrow     45.5 ns bulk 1.00 tail  2.10 | masked     61.7 ns bulk 1.00 tail  2.90 | blk_nar     40.8 ns bulk 1.00 tail  1.87 | blk_msk     43.8 ns bulk 1.00 tail  2.02 | blk_ovr     43.1 ns bulk 1.00 tail  1.99 | control +0.0% | spread 0.3% | col 20.4 ns
n1   R=25  c=1   L3    | narrow     52.4 ns bulk 1.00 tail  2.00 | masked     74.1 ns bulk 1.00 tail  2.87 | blk_nar     41.6 ns bulk 1.00 tail  1.56 | blk_msk     45.5 ns bulk 1.00 tail  1.72 | blk_ovr     46.6 ns bulk 1.00 tail  1.77 | control -0.2% | spread 4.5% | col 24.9 ns
n1   R=25  c=1   DRAM  | narrow     95.1 ns bulk 1.00 tail  1.73 | masked    100.9 ns bulk 1.00 tail  1.84 | blk_nar     81.8 ns bulk 1.00 tail  1.48 | blk_msk     82.0 ns bulk 1.00 tail  1.49 | blk_ovr     81.0 ns bulk 1.00 tail  1.47 | control -0.8% | spread 2.8% | col 53.4 ns
n1   R=25  c=5   L1    | narrow    118.2 ns bulk 1.00 tail  2.80 | masked    128.7 ns bulk 1.01 tail  3.43 | blk_nar    112.8 ns bulk 1.00 tail  2.49 | blk_msk    114.0 ns bulk 0.99 tail  2.58 | blk_ovr    114.3 ns bulk 1.00 tail  2.57 | control +0.0% | spread 0.0% | col 16.2 ns
n1   R=25  c=5   L2    | narrow    127.8 ns bulk 1.00 tail  2.48 | masked    140.2 ns bulk 1.01 tail  3.11 | blk_nar    121.3 ns bulk 0.99 tail  2.19 | blk_msk    123.5 ns bulk 0.98 tail  2.34 | blk_ovr    124.5 ns bulk 1.00 tail  2.31 | control +0.1% | spread 0.4% | col 19.0 ns
n1   R=25  c=5   L3    | narrow    145.3 ns bulk 1.00 tail  1.68 | masked    162.2 ns bulk 1.00 tail  2.46 | blk_nar    138.7 ns bulk 0.99 tail  1.41 | blk_msk    140.0 ns bulk 0.98 tail  1.52 | blk_ovr    144.0 ns bulk 0.98 tail  1.70 | control +2.1% | spread 3.7% | col 22.0 ns
n1   R=25  c=5   DRAM  | narrow    327.7 ns bulk 1.00 tail  1.41 | masked    345.9 ns bulk 0.99 tail  2.08 | blk_nar    312.7 ns bulk 0.99 tail  1.03 | blk_msk    319.1 ns bulk 0.99 tail  1.21 | blk_ovr    319.1 ns bulk 0.99 tail  1.26 | control +2.1% | spread 2.1% | col 30.0 ns
n1   R=25  c=25  L1    | narrow    454.9 ns bulk 1.00 tail  3.15 | masked    472.0 ns bulk 1.01 tail  3.96 | blk_nar    446.3 ns bulk 0.99 tail  2.85 | blk_msk    446.9 ns bulk 0.99 tail  2.96 | blk_ovr    450.9 ns bulk 1.00 tail  2.92 | control +0.1% | spread 0.1% | col 14.9 ns
n1   R=25  c=25  L2    | narrow    537.7 ns bulk 1.00 tail  5.76 | masked    576.0 ns bulk 1.02 tail  7.90 | blk_nar    517.1 ns bulk 0.99 tail  4.78 | blk_msk    520.5 ns bulk 0.97 tail  5.37 | blk_ovr    531.5 ns bulk 0.99 tail  5.66 | control -0.1% | spread 1.1% | col 14.0 ns
n1   R=25  c=25  L3    | narrow    672.6 ns bulk 1.00 tail  8.75 | masked    704.8 ns bulk 0.99 tail 14.25 | blk_nar    646.8 ns bulk 0.98 tail  6.50 | blk_msk    650.0 ns bulk 0.98 tail  7.25 | blk_ovr    658.1 ns bulk 0.98 tail  8.50 | control -0.7% | spread 4.6% | col 6.5 ns
n1   R=25  c=25  DRAM  | narrow   1293.1 ns bulk 1.00 tail  0.00 | masked   1298.3 ns bulk 1.00 tail  0.00 | blk_nar   1294.8 ns bulk 0.99 tail  0.00 | blk_msk   1305.2 ns bulk 1.00 tail  0.00 | blk_ovr   1301.7 ns bulk 1.00 tail  0.00 | control -0.3% | spread 1.9% | col -30.2 ns
n1   R=27  c=1   L1    | narrow     51.8 ns bulk 1.00 tail  2.33 | masked     57.9 ns bulk 1.00 tail  2.61 | blk_nar     40.3 ns bulk 1.00 tail  1.78 | blk_msk     46.2 ns bulk 1.00 tail  2.06 | blk_ovr     43.2 ns bulk 1.00 tail  1.92 | control +0.4% | spread 0.6% | col 21.1 ns
n1   R=27  c=1   L2    | narrow     55.7 ns bulk 1.00 tail  2.33 | masked     60.6 ns bulk 1.00 tail  2.54 | blk_nar     41.3 ns bulk 1.00 tail  1.69 | blk_msk     48.1 ns bulk 1.00 tail  1.99 | blk_ovr     45.6 ns bulk 1.00 tail  1.88 | control +0.0% | spread 0.2% | col 22.8 ns
n1   R=27  c=1   L3    | narrow     72.0 ns bulk 1.00 tail  2.66 | masked     63.6 ns bulk 1.00 tail  2.33 | blk_nar     42.5 ns bulk 1.00 tail  1.53 | blk_msk     50.1 ns bulk 1.00 tail  1.82 | blk_ovr     48.4 ns bulk 1.00 tail  1.75 | control +0.2% | spread 4.3% | col 26.1 ns
n1   R=27  c=1   DRAM  | narrow     92.8 ns bulk 1.00 tail  1.71 | masked     95.4 ns bulk 1.00 tail  1.76 | blk_nar     85.5 ns bulk 1.00 tail  1.57 | blk_msk     86.4 ns bulk 1.00 tail  1.59 | blk_ovr     85.1 ns bulk 1.00 tail  1.56 | control +0.3% | spread 1.8% | col 52.7 ns
n1   R=27  c=5   L1    | narrow    133.8 ns bulk 1.00 tail  2.81 | masked    140.0 ns bulk 1.00 tail  3.15 | blk_nar    127.4 ns bulk 1.04 tail  2.27 | blk_msk    132.3 ns bulk 1.04 tail  2.54 | blk_ovr    130.2 ns bulk 1.05 tail  2.39 | control +0.0% | spread 0.0% | col 18.5 ns
n1   R=27  c=5   L2    | narrow    145.5 ns bulk 1.00 tail  2.69 | masked    151.0 ns bulk 0.99 tail  2.99 | blk_nar    141.1 ns bulk 1.06 tail  2.20 | blk_msk    147.1 ns bulk 1.06 tail  2.52 | blk_ovr    142.7 ns bulk 1.05 tail  2.33 | control +0.2% | spread 0.4% | col 20.8 ns
n1   R=27  c=5   L3    | narrow    177.2 ns bulk 1.00 tail  2.26 | masked    183.1 ns bulk 1.00 tail  2.50 | blk_nar    165.3 ns bulk 1.05 tail  1.56 | blk_msk    179.9 ns bulk 1.04 tail  2.17 | blk_ovr    166.7 ns bulk 1.03 tail  1.71 | control -1.5% | spread 2.8% | col 24.9 ns
n1   R=27  c=5   DRAM  | narrow    365.5 ns bulk 1.00 tail  1.74 | masked    372.7 ns bulk 1.01 tail  1.83 | blk_nar    359.5 ns bulk 1.02 tail  1.46 | blk_msk    370.9 ns bulk 1.02 tail  1.73 | blk_ovr    359.1 ns bulk 1.02 tail  1.43 | control +2.7% | spread 2.4% | col 36.8 ns
n1   R=27  c=25  L1    | narrow    510.3 ns bulk 1.00 tail  2.95 | masked    522.6 ns bulk 1.01 tail  3.38 | blk_nar    521.9 ns bulk 1.04 tail  2.51 | blk_msk    530.8 ns bulk 1.05 tail  2.91 | blk_ovr    527.4 ns bulk 1.05 tail  2.62 | control +0.0% | spread 0.3% | col 18.8 ns
n1   R=27  c=25  L2    | narrow    581.0 ns bulk 1.00 tail  4.05 | masked    593.4 ns bulk 1.00 tail  4.80 | blk_nar    594.2 ns bulk 1.05 tail  3.15 | blk_msk    602.2 ns bulk 1.05 tail  3.80 | blk_ovr    589.1 ns bulk 1.03 tail  3.40 | control +0.1% | spread 0.6% | col 14.6 ns
n1   R=27  c=25  L3    | narrow    684.6 ns bulk 1.00 tail  2.62 | masked    683.1 ns bulk 1.00 tail  2.46 | blk_nar    700.0 ns bulk 1.03 tail  2.46 | blk_msk    710.8 ns bulk 1.02 tail  3.85 | blk_ovr    692.3 ns bulk 1.03 tail  1.69 | control -0.4% | spread 3.8% | col 10.0 ns
n1   R=27  c=25  DRAM  | narrow   1418.5 ns bulk 1.00 tail -0.41 | masked   1433.3 ns bulk 1.00 tail -0.16 | blk_nar   1438.9 ns bulk 1.01 tail -0.32 | blk_msk   1457.4 ns bulk 1.01 tail -0.11 | blk_ovr   1451.9 ns bulk 1.01 tail -0.14 | control +0.5% | spread 2.0% | col 68.5 ns
n1   R=29  c=1   L1    | narrow     64.7 ns bulk 1.00 tail  2.36 | masked     66.7 ns bulk 1.00 tail  2.43 | blk_nar     50.1 ns bulk 1.00 tail  1.80 | blk_msk     53.5 ns bulk 1.00 tail  1.93 | blk_ovr     51.9 ns bulk 1.00 tail  1.87 | control +0.0% | spread 0.4% | col 26.3 ns
n1   R=29  c=1   L2    | narrow     67.5 ns bulk 1.00 tail  2.41 | masked     70.7 ns bulk 1.05 tail  2.53 | blk_nar     51.2 ns bulk 1.05 tail  1.80 | blk_msk     55.0 ns bulk 1.05 tail  1.95 | blk_ovr     54.6 ns bulk 1.05 tail  1.93 | control +0.0% | spread 0.5% | col 26.9 ns
n1   R=29  c=1   L3    | narrow     83.0 ns bulk 1.00 tail  2.77 | masked     71.9 ns bulk 1.00 tail  2.39 | blk_nar     52.4 ns bulk 1.00 tail  1.72 | blk_msk     56.0 ns bulk 1.00 tail  1.84 | blk_ovr     56.6 ns bulk 1.00 tail  1.86 | control -2.4% | spread 0.6% | col 29.0 ns
n1   R=29  c=1   DRAM  | narrow    108.9 ns bulk 1.00 tail  1.73 | masked    109.3 ns bulk 1.00 tail  1.74 | blk_nar     96.4 ns bulk 1.00 tail  1.53 | blk_msk     94.9 ns bulk 1.00 tail  1.50 | blk_ovr     96.2 ns bulk 1.00 tail  1.52 | control +0.7% | spread 2.7% | col 61.4 ns
n1   R=29  c=5   L1    | narrow    164.1 ns bulk 1.00 tail  1.97 | masked    165.6 ns bulk 1.00 tail  2.03 | blk_nar    153.0 ns bulk 1.02 tail  1.57 | blk_msk    154.0 ns bulk 1.00 tail  1.66 | blk_ovr    152.7 ns bulk 1.01 tail  1.59 | control +0.1% | spread 0.3% | col 32.7 ns
n1   R=29  c=5   L2    | narrow    174.1 ns bulk 1.00 tail  2.83 | masked    176.9 ns bulk 1.01 tail  2.90 | blk_nar    161.3 ns bulk 1.03 tail  2.18 | blk_msk    162.9 ns bulk 1.00 tail  2.36 | blk_ovr    165.0 ns bulk 1.03 tail  2.32 | control +0.1% | spread 0.1% | col 24.1 ns
n1   R=29  c=5   L3    | narrow    208.5 ns bulk 1.00 tail  2.08 | masked    216.1 ns bulk 1.02 tail  2.23 | blk_nar    195.0 ns bulk 1.02 tail  1.55 | blk_msk    195.0 ns bulk 1.01 tail  1.63 | blk_ovr    196.0 ns bulk 1.01 tail  1.66 | control -0.7% | spread 3.9% | col 32.2 ns
n1   R=29  c=5   DRAM  | narrow    394.1 ns bulk 1.00 tail  1.44 | masked    397.3 ns bulk 1.00 tail  1.50 | blk_nar    377.5 ns bulk 1.03 tail  0.91 | blk_msk    375.9 ns bulk 1.02 tail  0.95 | blk_ovr    369.5 ns bulk 1.05 tail  0.64 | control -3.0% | spread 4.3% | col 49.5 ns
n1   R=29  c=25  L1    | narrow    658.3 ns bulk 1.00 tail  2.57 | masked    634.2 ns bulk 0.96 tail  2.60 | blk_nar    633.3 ns bulk 1.00 tail  1.70 | blk_msk    618.3 ns bulk 0.95 tail  2.09 | blk_ovr    630.0 ns bulk 0.98 tail  1.94 | control +0.0% | spread 0.4% | col 27.9 ns
n1   R=29  c=25  L2    | narrow    700.9 ns bulk 1.00 tail  4.48 | masked    683.2 ns bulk 1.00 tail  3.60 | blk_nar    714.2 ns bulk 1.04 tail  4.12 | blk_msk    669.9 ns bulk 1.00 tail  3.12 | blk_ovr    704.4 ns bulk 1.04 tail  3.52 | control -0.3% | spread 0.5% | col 22.1 ns
n1   R=29  c=25  L3    | narrow    856.6 ns bulk 1.00 tail  3.89 | masked    869.8 ns bulk 1.00 tail  4.42 | blk_nar    879.2 ns bulk 1.02 tail  4.21 | blk_msk    835.8 ns bulk 1.00 tail  2.84 | blk_ovr    875.5 ns bulk 1.01 tail  4.53 | control +0.4% | spread 3.7% | col 17.9 ns
n1   R=29  c=25  DRAM  | narrow   1587.8 ns bulk 1.00 tail -2.92 | masked   1591.8 ns bulk 1.00 tail -2.83 | blk_nar   1614.3 ns bulk 1.01 tail -2.25 | blk_msk   1593.9 ns bulk 1.00 tail -2.75 | blk_ovr   1608.2 ns bulk 1.00 tail -2.42 | control +0.1% | spread 3.0% | col 24.5 ns
n1   R=31  c=1   L1    | narrow     69.3 ns bulk 1.00 tail  2.30 | masked    127.0 ns bulk 1.00 tail  4.30 | blk_nar     58.8 ns bulk 1.00 tail  1.94 | blk_msk     62.7 ns bulk 1.00 tail  2.08 | blk_ovr     60.8 ns bulk 1.00 tail  2.01 | control +0.2% | spread 0.7% | col 28.9 ns
n1   R=31  c=1   L2    | narrow     71.7 ns bulk 1.00 tail  2.29 | masked    132.8 ns bulk 1.00 tail  4.32 | blk_nar     60.5 ns bulk 1.00 tail  1.92 | blk_msk     65.1 ns bulk 1.00 tail  2.07 | blk_ovr     63.9 ns bulk 1.00 tail  2.03 | control -0.2% | spread 0.8% | col 30.2 ns
n1   R=31  c=1   L3    | narrow     88.0 ns bulk 1.00 tail  2.33 | masked    147.8 ns bulk 1.00 tail  3.97 | blk_nar     61.4 ns bulk 1.00 tail  1.61 | blk_msk     66.9 ns bulk 1.00 tail  1.76 | blk_ovr     66.3 ns bulk 1.00 tail  1.74 | control +0.5% | spread 1.4% | col 36.6 ns
n1   R=31  c=1   DRAM  | narrow    121.3 ns bulk 1.00 tail  1.78 | masked    173.9 ns bulk 1.00 tail  2.57 | blk_nar    103.2 ns bulk 1.00 tail  1.51 | blk_msk    104.0 ns bulk 1.00 tail  1.52 | blk_ovr    106.2 ns bulk 1.00 tail  1.56 | control +2.0% | spread 3.2% | col 66.5 ns
n1   R=31  c=5   L1    | narrow    180.3 ns bulk 1.00 tail  2.81 | masked    236.4 ns bulk 1.00 tail  5.05 | blk_nar    168.1 ns bulk 1.00 tail  2.35 | blk_msk    170.9 ns bulk 1.00 tail  2.45 | blk_ovr    170.2 ns bulk 1.00 tail  2.41 | control -0.1% | spread 0.5% | col 25.1 ns
n1   R=31  c=5   L2    | narrow    194.0 ns bulk 1.00 tail  2.79 | masked    249.4 ns bulk 1.00 tail  4.87 | blk_nar    181.1 ns bulk 0.99 tail  2.36 | blk_msk    186.6 ns bulk 1.00 tail  2.50 | blk_ovr    184.4 ns bulk 1.00 tail  2.44 | control -0.1% | spread 0.6% | col 26.6 ns
n1   R=31  c=5   L3    | narrow    224.2 ns bulk 1.00 tail  2.44 | masked    281.5 ns bulk 1.01 tail  4.28 | blk_nar    203.4 ns bulk 1.00 tail  1.78 | blk_msk    215.7 ns bulk 1.00 tail  2.15 | blk_ovr    203.9 ns bulk 1.00 tail  1.76 | control +0.5% | spread 2.5% | col 30.3 ns
n1   R=31  c=5   DRAM  | narrow    425.8 ns bulk 1.00 tail  1.69 | masked    485.2 ns bulk 1.00 tail  2.81 | blk_nar    396.7 ns bulk 1.00 tail  1.12 | blk_msk    406.0 ns bulk 1.00 tail  1.29 | blk_ovr    397.3 ns bulk 1.00 tail  1.11 | control -0.8% | spread 3.5% | col 51.9 ns
n1   R=31  c=25  L1  * | narrow    733.6 ns bulk 1.00 tail  4.24 | masked    772.0 ns bulk 0.99 tail  6.54 | blk_nar    706.5 ns bulk 0.99 tail  3.12 | blk_msk    711.2 ns bulk 0.99 tail  3.27 | blk_ovr    711.2 ns bulk 0.99 tail  3.27 | control +0.1% | spread 0.3% | col 19.2 ns
n1   R=31  c=25  L2    | narrow    761.2 ns bulk 1.00 tail  5.78 | masked    820.4 ns bulk 0.99 tail 10.59 | blk_nar    738.8 ns bulk 0.99 tail  4.37 | blk_msk    751.5 ns bulk 1.00 tail  4.89 | blk_ovr    748.5 ns bulk 1.00 tail  4.59 | control -0.1% | spread 0.6% | col 13.1 ns
n1   R=31  c=25  L3    | narrow   1006.7 ns bulk 1.00 tail -4.80 | masked   1062.2 ns bulk 0.97 tail 10.40 | blk_nar    973.3 ns bulk 1.04 tail -17.60 | blk_msk   1031.1 ns bulk 1.03 tail -5.20 | blk_ovr   1017.8 ns bulk 1.02 tail -7.20 | control +1.5% | spread 7.3% | col 5.6 ns
n1   R=31  c=25  DRAM  | narrow   1745.2 ns bulk 1.00 tail  0.74 | masked   1783.3 ns bulk 1.01 tail  1.05 | blk_nar   1728.6 ns bulk 1.02 tail  0.13 | blk_msk   1733.3 ns bulk 1.01 tail  0.39 | blk_ovr   1733.3 ns bulk 1.03 tail  0.13 | control -0.7% | spread 3.8% | col 90.5 ns
n1   R=37  c=1   L1    | narrow    103.1 ns bulk 1.00 tail  2.56 | masked    242.6 ns bulk 1.00 tail  6.11 | blk_nar     77.5 ns bulk 1.00 tail  1.91 | blk_msk     82.2 ns bulk 1.00 tail  2.02 | blk_ovr     81.2 ns bulk 1.00 tail  2.00 | control +0.2% | spread 0.6% | col 39.3 ns
n1   R=37  c=1   L2    | narrow    110.8 ns bulk 1.00 tail  2.59 | masked    249.0 ns bulk 1.00 tail  5.90 | blk_nar     79.8 ns bulk 1.00 tail  1.85 | blk_msk     85.7 ns bulk 1.00 tail  1.99 | blk_ovr     84.2 ns bulk 1.00 tail  1.95 | control +0.0% | spread 0.3% | col 41.7 ns
n1   R=37  c=1   L3    | narrow    126.5 ns bulk 1.00 tail  2.67 | masked    263.3 ns bulk 1.00 tail  5.62 | blk_nar     80.4 ns bulk 1.00 tail  1.68 | blk_msk     86.2 ns bulk 1.00 tail  1.80 | blk_ovr     85.5 ns bulk 1.00 tail  1.79 | control +0.6% | spread 1.1% | col 46.4 ns
n1   R=37  c=1   DRAM  | narrow    178.6 ns bulk 1.00 tail  2.25 | masked    309.2 ns bulk 1.00 tail  3.93 | blk_nar    120.1 ns bulk 1.00 tail  1.50 | blk_msk    122.6 ns bulk 1.00 tail  1.54 | blk_ovr    122.4 ns bulk 1.00 tail  1.53 | control +0.3% | spread 3.7% | col 78.1 ns
n1   R=37  c=5   L1    | narrow    263.8 ns bulk 1.00 tail  2.58 | masked    405.2 ns bulk 1.05 tail  5.70 | blk_nar    230.6 ns bulk 0.99 tail  1.85 | blk_msk    232.8 ns bulk 0.99 tail  1.90 | blk_ovr    235.8 ns bulk 0.99 tail  1.97 | control +0.1% | spread 2.0% | col 43.1 ns
n1   R=37  c=5   L2    | narrow    274.3 ns bulk 1.00 tail  2.99 | masked    430.9 ns bulk 1.09 tail  6.69 | blk_nar    245.2 ns bulk 1.00 tail  2.22 | blk_msk    247.8 ns bulk 0.99 tail  2.34 | blk_ovr    248.3 ns bulk 1.00 tail  2.32 | control +0.0% | spread 0.2% | col 38.3 ns
n1   R=37  c=5   L3    | narrow    346.6 ns bulk 1.00 tail  2.20 | masked    501.4 ns bulk 1.08 tail  4.42 | blk_nar    291.8 ns bulk 0.97 tail  1.41 | blk_msk    300.0 ns bulk 0.98 tail  1.52 | blk_ovr    295.2 ns bulk 0.96 tail  1.49 | control -1.4% | spread 9.3% | col 62.0 ns
n1   R=37  c=5   DRAM  | narrow    519.4 ns bulk 1.00 tail  1.72 | masked    707.6 ns bulk 1.13 tail  3.63 | blk_nar    477.8 ns bulk 1.01 tail  1.11 | blk_msk    468.1 ns bulk 0.99 tail  1.06 | blk_ovr    462.5 ns bulk 1.01 tail  0.91 | control +0.5% | spread 2.4% | col 72.9 ns
n1   R=37  c=25  L1  * | narrow   1070.3 ns bulk 1.00 tail  5.27 | masked   1225.7 ns bulk 1.04 tail  9.27 | blk_nar   1041.9 ns bulk 1.01 tail  3.91 | blk_msk   1035.1 ns bulk 0.99 tail  4.41 | blk_ovr   1044.6 ns bulk 1.01 tail  3.95 | control +0.0% | spread 0.8% | col 29.7 ns
n1   R=37  c=25  L2    | narrow   1062.7 ns bulk 1.00 tail  5.16 | masked   1325.3 ns bulk 1.09 tail 12.11 | blk_nar   1020.0 ns bulk 1.00 tail  3.42 | blk_msk   1009.3 ns bulk 0.99 tail  3.42 | blk_ovr   1020.0 ns bulk 1.00 tail  3.63 | control +0.0% | spread 0.4% | col 25.3 ns
n1   R=37  c=25  L3    | narrow   1248.6 ns bulk 1.00 tail  6.00 | masked   1545.9 ns bulk 1.17 tail 10.59 | blk_nar   1186.5 ns bulk 1.00 tail  3.53 | blk_msk   1173.0 ns bulk 1.00 tail  2.47 | blk_ovr   1189.2 ns bulk 0.98 tail  4.35 | control -0.9% | spread 3.2% | col 23.0 ns
n1   R=37  c=25  DRAM  | narrow   2080.6 ns bulk 1.00 tail -3.22 | masked   2338.9 ns bulk 1.09 tail -1.30 | blk_nar   2050.0 ns bulk 1.00 tail -4.09 | blk_msk   2077.8 ns bulk 1.00 tail -3.22 | blk_ovr   2050.0 ns bulk 0.99 tail -3.74 | control +0.7% | spread 1.7% | col 31.9 ns
n1   R=41  c=1   L1    | narrow    129.9 ns bulk 1.00 tail  2.51 | masked    137.6 ns bulk 1.13 tail  2.66 | blk_nar     96.7 ns bulk 1.00 tail  1.86 | blk_msk    103.3 ns bulk 1.00 tail  1.99 | blk_ovr    100.0 ns bulk 1.00 tail  1.92 | control -0.4% | spread 1.1% | col 50.7 ns
n1   R=41  c=1   L2    | narrow    135.4 ns bulk 1.00 tail  2.58 | masked    142.5 ns bulk 1.15 tail  2.71 | blk_nar     98.6 ns bulk 1.00 tail  1.87 | blk_msk    106.1 ns bulk 1.00 tail  2.01 | blk_ovr    103.9 ns bulk 1.00 tail  1.97 | control -0.3% | spread 0.6% | col 51.4 ns
n1   R=41  c=1   L3    | narrow    151.1 ns bulk 1.00 tail  2.78 | masked    150.4 ns bulk 1.13 tail  2.76 | blk_nar     99.3 ns bulk 1.00 tail  1.81 | blk_msk    107.7 ns bulk 1.00 tail  1.97 | blk_ovr    104.9 ns bulk 1.00 tail  1.91 | control +0.2% | spread 0.5% | col 53.3 ns
n1   R=41  c=1   DRAM  | narrow    221.5 ns bulk 1.00 tail  2.53 | masked    210.7 ns bulk 1.14 tail  2.40 | blk_nar    130.7 ns bulk 1.00 tail  1.48 | blk_msk    141.0 ns bulk 1.00 tail  1.60 | blk_ovr    137.5 ns bulk 1.00 tail  1.56 | control +0.5% | spread 2.2% | col 86.4 ns
n1   R=41  c=5   L1    | narrow    327.7 ns bulk 1.00 tail  2.74 | masked    330.7 ns bulk 1.01 tail  2.77 | blk_nar    285.3 ns bulk 1.00 tail  1.93 | blk_msk    294.5 ns bulk 1.00 tail  2.10 | blk_ovr    290.8 ns bulk 1.00 tail  2.01 | control +0.0% | spread 0.1% | col 51.3 ns
n1   R=41  c=5   L2    | narrow    344.3 ns bulk 1.00 tail  3.05 | masked    346.1 ns bulk 1.00 tail  3.07 | blk_nar    300.9 ns bulk 0.98 tail  2.21 | blk_msk    310.4 ns bulk 0.99 tail  2.36 | blk_ovr    305.7 ns bulk 1.00 tail  2.25 | control +0.1% | spread 0.3% | col 47.8 ns
n1   R=41  c=5   L3    | narrow    399.2 ns bulk 1.00 tail  2.65 | masked    400.0 ns bulk 1.00 tail  2.68 | blk_nar    348.8 ns bulk 0.98 tail  1.90 | blk_msk    357.4 ns bulk 0.99 tail  2.00 | blk_ovr    357.4 ns bulk 0.99 tail  2.01 | control -0.6% | spread 5.4% | col 60.5 ns
n1   R=41  c=5   DRAM  | narrow    610.7 ns bulk 1.00 tail  1.97 | masked    623.2 ns bulk 1.01 tail  2.09 | blk_nar    547.3 ns bulk 1.01 tail  1.14 | blk_msk    542.0 ns bulk 1.01 tail  1.10 | blk_ovr    538.4 ns bulk 1.01 tail  1.05 | control +2.5% | spread 5.3% | col 83.5 ns
n1   R=41  c=25  L1  * | narrow   1290.0 ns bulk 1.00 tail  2.31 | masked   1298.3 ns bulk 1.00 tail  2.52 | blk_nar   1241.7 ns bulk 0.98 tail  1.85 | blk_msk   1263.3 ns bulk 0.99 tail  2.12 | blk_ovr   1250.0 ns bulk 0.99 tail  1.85 | control -0.3% | spread 0.4% | col 54.2 ns
n1   R=41  c=25  L2    | narrow   1322.0 ns bulk 1.00 tail  4.33 | masked   1313.6 ns bulk 0.98 tail  4.60 | blk_nar   1235.6 ns bulk 0.98 tail  2.74 | blk_msk   1262.7 ns bulk 0.99 tail  3.12 | blk_ovr   1259.3 ns bulk 0.98 tail  3.21 | control +0.0% | spread 0.4% | col 36.4 ns
n1   R=41  c=25  L3    | narrow   1473.7 ns bulk 1.00 tail  4.67 | masked   1463.2 ns bulk 0.99 tail  4.67 | blk_nar   1392.1 ns bulk 0.98 tail  3.08 | blk_msk   1434.2 ns bulk 0.99 tail  3.83 | blk_ovr   1428.9 ns bulk 0.98 tail  4.08 | control +0.2% | spread 1.8% | col 31.6 ns
n1   R=41  c=25  DRAM  | narrow   2474.2 ns bulk 1.00 tail  0.09 | masked   2477.4 ns bulk 0.99 tail  0.32 | blk_nar   2429.0 ns bulk 0.98 tail  0.05 | blk_msk   2422.6 ns bulk 0.99 tail -0.45 | blk_ovr   2416.1 ns bulk 0.99 tail -0.41 | control +0.0% | spread 1.0% | col 71.0 ns
n1   R=43  c=1   L1    | narrow    140.1 ns bulk 1.00 tail  2.61 | masked    152.1 ns bulk 1.15 tail  2.83 | blk_nar    105.1 ns bulk 1.00 tail  1.94 | blk_msk    110.8 ns bulk 1.00 tail  2.05 | blk_ovr    109.1 ns bulk 1.00 tail  2.02 | control +0.2% | spread 0.3% | col 52.6 ns
n1   R=43  c=1   L2    | narrow    145.8 ns bulk 1.00 tail  2.58 | masked    155.9 ns bulk 1.15 tail  2.75 | blk_nar    106.4 ns bulk 1.00 tail  1.87 | blk_msk    112.6 ns bulk 1.00 tail  1.98 | blk_ovr    111.2 ns bulk 1.00 tail  1.96 | control -0.1% | spread 0.7% | col 55.5 ns
n1   R=43  c=1   L3    | narrow    159.7 ns bulk 1.00 tail  2.80 | masked    163.3 ns bulk 1.22 tail  2.85 | blk_nar    107.0 ns bulk 1.00 tail  1.86 | blk_msk    113.0 ns bulk 1.00 tail  1.97 | blk_ovr    112.1 ns bulk 1.00 tail  1.95 | control +0.4% | spread 1.5% | col 56.1 ns
n1   R=43  c=1   DRAM  | narrow    247.0 ns bulk 1.00 tail  2.68 | masked    244.2 ns bulk 1.22 tail  2.65 | blk_nar    139.1 ns bulk 1.00 tail  1.50 | blk_msk    143.9 ns bulk 1.00 tail  1.55 | blk_ovr    142.4 ns bulk 1.00 tail  1.53 | control -0.7% | spread 2.5% | col 91.1 ns
n1   R=43  c=5   L1    | narrow    352.7 ns bulk 1.00 tail  3.21 | masked    363.4 ns bulk 1.00 tail  3.43 | blk_nar    306.7 ns bulk 1.00 tail  2.24 | blk_msk    307.6 ns bulk 0.99 tail  2.29 | blk_ovr    307.6 ns bulk 1.00 tail  2.27 | control -0.1% | spread 0.1% | col 47.1 ns
n1   R=43  c=5   L2    | narrow    371.9 ns bulk 1.00 tail  3.13 | masked    379.0 ns bulk 0.99 tail  3.30 | blk_nar    322.9 ns bulk 0.99 tail  2.19 | blk_msk    326.7 ns bulk 0.98 tail  2.31 | blk_ovr    326.2 ns bulk 0.99 tail  2.27 | control +0.0% | spread 0.1% | col 50.2 ns
n1   R=43  c=5   L3    | narrow    438.5 ns bulk 1.00 tail  1.99 | masked    445.9 ns bulk 1.01 tail  2.04 | blk_nar    377.9 ns bulk 1.00 tail  1.34 | blk_msk    389.3 ns bulk 0.99 tail  1.47 | blk_ovr    386.1 ns bulk 0.99 tail  1.45 | control -2.2% | spread 3.2% | col 91.8 ns
n1   R=43  c=5   DRAM  | narrow    636.0 ns bulk 1.00 tail  2.00 | masked    665.2 ns bulk 1.01 tail  2.31 | blk_nar    585.4 ns bulk 1.01 tail  1.36 | blk_msk    577.5 ns bulk 1.01 tail  1.26 | blk_ovr    585.4 ns bulk 1.00 tail  1.40 | control +0.4% | spread 3.2% | col 83.7 ns
n1   R=43  c=25  L1  * | narrow   1365.5 ns bulk 1.00 tail  3.06 | masked   1394.5 ns bulk 1.03 tail  3.00 | blk_nar   1307.3 ns bulk 0.99 tail  2.29 | blk_msk   1312.7 ns bulk 0.98 tail  2.55 | blk_ovr   1298.2 ns bulk 0.99 tail  2.13 | control +0.0% | spread 0.5% | col 56.4 ns
n1   R=43  c=25  L2    | narrow   1417.9 ns bulk 1.00 tail  4.43 | masked   1419.6 ns bulk 1.00 tail  4.48 | blk_nar   1346.4 ns bulk 1.00 tail  2.65 | blk_msk   1337.5 ns bulk 0.99 tail  2.91 | blk_ovr   1355.4 ns bulk 1.00 tail  2.91 | control +0.0% | spread 0.4% | col 41.1 ns
n1   R=43  c=25  L3    | narrow   1572.7 ns bulk 1.00 tail  5.24 | masked   1557.6 ns bulk 1.02 tail  4.10 | blk_nar   1497.0 ns bulk 1.01 tail  2.38 | blk_msk   1493.9 ns bulk 0.98 tail  3.43 | blk_ovr   1503.0 ns bulk 1.00 tail  2.86 | control -0.8% | spread 5.6% | col 31.8 ns
n1   R=43  c=25  DRAM  | narrow   2622.2 ns bulk 1.00 tail  0.68 | masked   2648.1 ns bulk 1.01 tail  0.79 | blk_nar   2563.0 ns bulk 1.02 tail -0.57 | blk_msk   2548.1 ns bulk 0.99 tail  0.08 | blk_ovr   2596.3 ns bulk 1.01 tail  0.04 | control -0.3% | spread 2.5% | col 98.1 ns
n1   R=47  c=1   L1    | narrow    182.3 ns bulk 1.00 tail  2.39 | masked    359.5 ns bulk 1.27 tail  4.74 | blk_nar    120.0 ns bulk 1.00 tail  1.56 | blk_msk    124.4 ns bulk 1.00 tail  1.62 | blk_ovr    124.0 ns bulk 1.00 tail  1.62 | control +0.0% | spread 0.3% | col 75.1 ns
n1   R=47  c=1   L2    | narrow    182.6 ns bulk 1.00 tail  2.35 | masked    366.9 ns bulk 1.14 tail  4.76 | blk_nar    124.4 ns bulk 0.86 tail  1.59 | blk_msk    127.3 ns bulk 0.86 tail  1.63 | blk_ovr    128.1 ns bulk 0.86 tail  1.64 | control +0.0% | spread 0.2% | col 76.4 ns
n1   R=47  c=1   L3    | narrow    196.3 ns bulk 1.00 tail  2.44 | masked    379.5 ns bulk 1.29 tail  4.74 | blk_nar    125.3 ns bulk 1.00 tail  1.55 | blk_msk    128.9 ns bulk 1.00 tail  1.59 | blk_ovr    128.9 ns bulk 1.00 tail  1.59 | control +0.2% | spread 1.1% | col 79.3 ns
n1   R=47  c=1   DRAM  | narrow    295.2 ns bulk 1.00 tail  2.76 | masked    450.0 ns bulk 1.17 tail  4.21 | blk_nar    153.1 ns bulk 1.00 tail  1.42 | blk_msk    157.5 ns bulk 1.00 tail  1.46 | blk_ovr    158.8 ns bulk 1.00 tail  1.47 | control -0.3% | spread 1.2% | col 106.1 ns
n1   R=47  c=5   L1    | narrow    584.4 ns bulk 1.00 tail  4.52 | masked    703.7 ns bulk 0.94 tail  6.56 | blk_nar    357.0 ns bulk 0.85 tail  1.77 | blk_msk    361.5 ns bulk 0.85 tail  1.83 | blk_ovr    363.0 ns bulk 0.85 tail  1.85 | control -0.1% | spread 0.3% | col 67.0 ns
n1   R=47  c=5   L2    | narrow    607.3 ns bulk 1.00 tail  4.33 | masked    728.4 ns bulk 0.95 tail  6.24 | blk_nar    383.5 ns bulk 0.84 tail  1.86 | blk_msk    388.1 ns bulk 0.84 tail  1.95 | blk_ovr    383.5 ns bulk 0.85 tail  1.85 | control +0.0% | spread 0.3% | col 71.6 ns
n1   R=47  c=5   L3    | narrow    653.8 ns bulk 1.00 tail  4.05 | masked    773.1 ns bulk 0.95 tail  5.83 | blk_nar    425.6 ns bulk 0.85 tail  1.73 | blk_msk    437.2 ns bulk 0.86 tail  1.85 | blk_ovr    428.2 ns bulk 0.84 tail  1.80 | control +0.8% | spread 1.8% | col 76.3 ns
n1   R=47  c=5   DRAM  | narrow    940.7 ns bulk 1.00 tail  3.62 | masked   1053.1 ns bulk 0.97 tail  5.05 | blk_nar    695.1 ns bulk 0.89 tail  1.67 | blk_msk    718.5 ns bulk 0.91 tail  1.84 | blk_ovr    702.5 ns bulk 0.90 tail  1.72 | control -0.8% | spread 1.0% | col 93.2 ns
n1   R=47  c=25  L1  * | narrow   2007.5 ns bulk 1.00 tail  3.88 | masked   2120.0 ns bulk 0.95 tail  6.18 | blk_nar   1572.5 ns bulk 0.83 tail  2.09 | blk_msk   1580.0 ns bulk 0.83 tail  2.18 | blk_ovr   1595.0 ns bulk 0.84 tail  2.12 | control -0.4% | spread 0.4% | col 83.8 ns
n1   R=47  c=25  L2    | narrow   2092.1 ns bulk 1.00 tail  4.98 | masked   2155.3 ns bulk 0.95 tail  7.13 | blk_nar   1621.1 ns bulk 0.84 tail  2.23 | blk_msk   1618.4 ns bulk 0.83 tail  2.45 | blk_ovr   1626.3 ns bulk 0.84 tail  2.23 | control +0.0% | spread 0.1% | col 69.7 ns
n1   R=47  c=25  L3    | narrow   2253.6 ns bulk 1.00 tail  8.93 | masked   2328.6 ns bulk 0.96 tail 14.80 | blk_nar   1789.3 ns bulk 0.84 tail  3.60 | blk_msk   1792.9 ns bulk 0.84 tail  3.73 | blk_ovr   1785.7 ns bulk 0.84 tail  3.47 | control -0.3% | spread 1.6% | col 26.8 ns
n1   R=47  c=25  DRAM  | narrow   3304.5 ns bulk 1.00 tail -3.33 | masked   3381.8 ns bulk 0.98 tail 16.67 | blk_nar   2895.5 ns bulk 0.90 tail -15.33 | blk_msk   2931.8 ns bulk 0.91 tail -14.00 | blk_ovr   2931.8 ns bulk 0.90 tail -10.67 | control +0.8% | spread 1.2% | col 6.8 ns
n1t  R=3   c=1   L1    | narrow      2.4 ns bulk 1.00 tail  1.27 | masked      2.8 ns bulk 1.03 tail  1.84 | control -0.2% | spread 2.2% | col 0.6 ns
n1t  R=3   c=1   L2    | narrow      3.1 ns bulk 1.00 tail  1.13 | masked      3.0 ns bulk 1.11 tail  1.00 | control +0.6% | spread 0.6% | col 1.4 ns
n1t  R=3   c=1   L3    | narrow      4.9 ns bulk 1.00 tail  1.25 | masked      4.9 ns bulk 1.12 tail  1.20 | control -1.1% | spread 1.7% | col 2.8 ns
n1t  R=3   c=1   DRAM  | narrow     11.6 ns bulk 1.00 tail  1.20 | masked     11.7 ns bulk 1.11 tail  1.18 | control +1.0% | spread 5.0% | col 8.5 ns
n1t  R=3   c=5   L1    | narrow      4.7 ns bulk 1.00 tail  3.43 | masked      4.6 ns bulk 0.99 tail  3.29 | control -0.3% | spread 0.3% | col 0.3 ns
n1t  R=3   c=5   L2    | narrow      7.1 ns bulk 1.00 tail  0.88 | masked      7.1 ns bulk 1.04 tail  0.71 | control +0.0% | spread 0.6% | col 1.5 ns
n1t  R=3   c=5   L3    | narrow     13.7 ns bulk 1.00 tail  1.47 | masked     13.6 ns bulk 1.00 tail  1.44 | control +0.0% | spread 1.0% | col 1.4 ns
n1t  R=3   c=5   DRAM  | narrow     36.2 ns bulk 1.00 tail  1.40 | masked     35.6 ns bulk 1.00 tail  1.25 | control -0.1% | spread 2.5% | col 3.1 ns
n1t  R=3   c=25  L1    | narrow     11.2 ns bulk 1.00 tail  5.11 | masked     11.3 ns bulk 0.99 tail  7.11 | control +0.0% | spread 0.5% | col 0.1 ns
n1t  R=3   c=25  L2    | narrow     28.2 ns bulk 1.00 tail  1.00 | masked     28.2 ns bulk 1.00 tail  1.00 | control +0.0% | spread 0.0% | col 1.1 ns
n1t  R=3   c=25  L3    | narrow     47.4 ns bulk 1.00 tail  2.33 | masked     47.6 ns bulk 0.99 tail  3.33 | control -0.6% | spread 0.9% | col 0.4 ns
n1t  R=3   c=25  DRAM  | narrow    122.9 ns bulk 1.00 tail  0.00 | masked    123.9 ns bulk 1.00 tail  0.67 | control -0.1% | spread 2.1% | col 1.5 ns
n1t  R=5   c=1   L1    | narrow      3.6 ns bulk 1.00 tail  1.37 | masked      4.2 ns bulk 1.08 tail  1.81 | control +0.0% | spread 0.2% | col 1.0 ns
n1t  R=5   c=1   L2    | narrow      5.5 ns bulk 1.00 tail  1.32 | masked      6.1 ns bulk 1.08 tail  1.53 | control +0.0% | spread 0.0% | col 2.4 ns
n1t  R=5   c=1   L3    | narrow      6.8 ns bulk 1.00 tail  1.45 | masked      7.1 ns bulk 1.08 tail  1.50 | control -1.1% | spread 3.3% | col 3.1 ns
n1t  R=5   c=1   DRAM  | narrow     22.7 ns bulk 1.00 tail  1.60 | masked     22.5 ns bulk 1.08 tail  1.57 | control +0.0% | spread 1.9% | col 12.7 ns
n1t  R=5   c=5   L1    | narrow      7.5 ns bulk 1.00 tail  2.26 | masked      8.3 ns bulk 1.01 tail  3.14 | control +0.0% | spread 0.3% | col 0.8 ns
n1t  R=5   c=5   L2    | narrow     11.8 ns bulk 1.00 tail  0.67 | masked     12.4 ns bulk 1.03 tail  0.75 | control -0.7% | spread 0.7% | col 3.0 ns
n1t  R=5   c=5   L3    | narrow     17.1 ns bulk 1.00 tail  0.89 | masked     17.3 ns bulk 1.00 tail  0.93 | control -0.4% | spread 0.8% | col 3.0 ns
n1t  R=5   c=5   DRAM  | narrow     54.3 ns bulk 1.00 tail  1.07 | masked     54.7 ns bulk 1.00 tail  1.15 | control -1.2% | spread 1.0% | col 4.4 ns
n1t  R=5   c=25  L1    | narrow     24.3 ns bulk 1.00 tail  2.40 | masked     24.9 ns bulk 0.99 tail  3.43 | control +0.0% | spread 0.3% | col 0.7 ns
n1t  R=5   c=25  L2    | narrow     51.7 ns bulk 1.00 tail  0.69 | masked     52.3 ns bulk 1.00 tail  1.02 | control +0.0% | spread 0.2% | col 2.1 ns
n1t  R=5   c=25  L3    | narrow     69.0 ns bulk 1.00 tail  0.40 | masked     69.0 ns bulk 1.00 tail  0.40 | control -0.4% | spread 5.4% | col 1.9 ns
n1t  R=5   c=25  DRAM  | narrow    202.8 ns bulk 1.00 tail  2.12 | masked    202.1 ns bulk 1.00 tail  1.62 | control -0.1% | spread 1.3% | col 2.1 ns
n1t  R=7   c=1   L1    | narrow      4.7 ns bulk 1.00 tail  1.52 | masked      5.3 ns bulk 1.00 tail  2.01 | control +0.2% | spread 0.3% | col 1.3 ns
n1t  R=7   c=1   L2    | narrow      6.8 ns bulk 1.00 tail  1.40 | masked      7.6 ns bulk 1.00 tail  1.64 | control +0.0% | spread 1.8% | col 3.0 ns
n1t  R=7   c=1   L3    | narrow      9.8 ns bulk 1.00 tail  1.49 | masked     10.2 ns bulk 1.00 tail  1.57 | control -0.4% | spread 1.3% | col 4.8 ns
n1t  R=7   c=1   DRAM  | narrow     22.5 ns bulk 1.00 tail  1.31 | masked     22.6 ns bulk 1.00 tail  1.32 | control +1.6% | spread 2.6% | col 15.2 ns
n1t  R=7   c=5   L1    | narrow     11.0 ns bulk 1.00 tail  2.33 | masked     12.2 ns bulk 0.99 tail  3.25 | control +0.0% | spread 0.2% | col 1.4 ns
n1t  R=7   c=5   L2    | narrow     15.6 ns bulk 1.00 tail  0.62 | masked     16.1 ns bulk 1.01 tail  0.74 | control +0.6% | spread 0.6% | col 3.1 ns
n1t  R=7   c=5   L3    | narrow     25.8 ns bulk 1.00 tail  0.90 | masked     25.7 ns bulk 1.00 tail  0.83 | control -0.4% | spread 1.3% | col 3.2 ns
n1t  R=7   c=5   DRAM  | narrow     75.2 ns bulk 1.00 tail  0.73 | masked     75.2 ns bulk 1.00 tail  0.73 | control +0.9% | spread 1.5% | col 8.7 ns
n1t  R=7   c=25  L1    | narrow     40.7 ns bulk 1.00 tail  2.88 | masked     41.9 ns bulk 1.00 tail  3.82 | control +0.0% | spread 0.4% | col 1.2 ns
n1t  R=7   c=25  L2    | narrow     70.3 ns bulk 1.00 tail  1.19 | masked     71.4 ns bulk 1.00 tail  1.46 | control +0.0% | spread 0.3% | col 3.3 ns
n1t  R=7   c=25  L3    | narrow    106.5 ns bulk 1.00 tail  0.00 | masked    106.8 ns bulk 0.89 tail  0.00 | control +0.3% | spread 13.9% | col -2.7 ns
n1t  R=7   c=25  DRAM  | narrow    293.3 ns bulk 1.00 tail -1.33 | masked    294.4 ns bulk 1.00 tail  2.00 | control +0.0% | spread 1.8% | col 0.6 ns
n1t  R=9   c=1   L1    | narrow      6.8 ns bulk 1.00 tail  2.21 | masked      7.2 ns bulk 1.00 tail  2.42 | control +0.0% | spread 0.2% | col 1.9 ns
n1t  R=9   c=1   L2    | narrow      8.2 ns bulk 1.00 tail  1.43 | masked      8.8 ns bulk 1.00 tail  1.58 | control +0.0% | spread 0.0% | col 3.9 ns
n1t  R=9   c=1   L3    | narrow     10.6 ns bulk 1.00 tail  1.46 | masked     11.4 ns bulk 1.00 tail  1.62 | control +2.1% | spread 17.5% | col 5.4 ns
n1t  R=9   c=1   DRAM  | narrow     30.9 ns bulk 1.00 tail  1.62 | masked     30.3 ns bulk 1.00 tail  1.59 | control +0.2% | spread 1.8% | col 17.4 ns
n1t  R=9   c=5   L1    | narrow     16.0 ns bulk 1.00 tail  2.51 | masked     17.8 ns bulk 1.01 tail  3.24 | control -0.2% | spread 0.4% | col 2.2 ns
n1t  R=9   c=5   L2    | narrow     19.3 ns bulk 1.00 tail  0.92 | masked     20.2 ns bulk 1.00 tail  1.14 | control +0.0% | spread 1.4% | col 4.3 ns
n1t  R=9   c=5   L3    | narrow     31.6 ns bulk 1.00 tail  0.71 | masked     32.0 ns bulk 1.01 tail  0.75 | control +0.0% | spread 11.5% | col 3.6 ns
n1t  R=9   c=5   DRAM  | narrow     99.5 ns bulk 1.00 tail -1.22 | masked     98.4 ns bulk 1.00 tail -1.44 | control -1.1% | spread 2.4% | col 3.6 ns
n1t  R=9   c=25  L1    | narrow     60.8 ns bulk 1.00 tail  3.04 | masked     62.4 ns bulk 1.01 tail  3.92 | control +0.2% | spread 0.2% | col 1.3 ns
n1t  R=9   c=25  L2    | narrow     88.7 ns bulk 1.00 tail  1.13 | masked     89.8 ns bulk 1.00 tail  1.34 | control +0.0% | spread 1.9% | col 4.9 ns
n1t  R=9   c=25  L3    | narrow    139.3 ns bulk 1.00 tail  0.78 | masked    139.8 ns bulk 1.00 tail  0.87 | control +0.7% | spread 1.1% | col 5.9 ns
n1t  R=9   c=25  DRAM  | narrow    378.8 ns bulk 1.00 tail  0.00 | masked    382.6 ns bulk 1.00 tail  0.00 | control -0.9% | spread 2.4% | col -2.3 ns
n1t  R=11  c=1   L1    | narrow      8.4 ns bulk 1.00 tail  1.81 | masked     10.0 ns bulk 1.00 tail  2.31 | control +0.0% | spread 0.4% | col 3.2 ns
n1t  R=11  c=1   L2    | narrow      9.5 ns bulk 1.00 tail  1.14 | masked     11.9 ns bulk 1.02 tail  1.53 | control +0.0% | spread 1.0% | col 6.0 ns
n1t  R=11  c=1   L3    | narrow     13.6 ns bulk 1.00 tail  1.35 | masked     17.2 ns bulk 1.00 tail  1.80 | control +0.4% | spread 12.9% | col 8.1 ns
n1t  R=11  c=1   DRAM  | narrow     32.5 ns bulk 1.00 tail  1.40 | masked     51.3 ns bulk 1.00 tail  2.28 | control -1.1% | spread 10.5% | col 21.4 ns
n1t  R=11  c=5   L1    | narrow     23.6 ns bulk 1.00 tail  2.28 | masked     25.7 ns bulk 1.01 tail  2.86 | control +0.0% | spread 0.0% | col 3.5 ns
n1t  R=11  c=5   L2    | narrow     26.4 ns bulk 1.00 tail  0.63 | masked     30.9 ns bulk 1.00 tail  1.38 | control +0.0% | spread 1.1% | col 6.0 ns
n1t  R=11  c=5   L3    | narrow     41.2 ns bulk 1.00 tail  0.50 | masked     47.6 ns bulk 1.00 tail  2.00 | control +0.0% | spread 2.1% | col 4.3 ns
n1t  R=11  c=5   DRAM  | narrow    124.7 ns bulk 1.00 tail -0.39 | masked    138.5 ns bulk 0.99 tail  2.46 | control -0.3% | spread 6.0% | col 5.1 ns
n1t  R=11  c=25  L1    | narrow     93.2 ns bulk 1.00 tail  1.86 | masked     95.1 ns bulk 1.00 tail  2.23 | control +0.0% | spread 0.2% | col 4.7 ns
n1t  R=11  c=25  L2    | narrow    127.7 ns bulk 1.00 tail  0.97 | masked    132.3 ns bulk 1.00 tail  1.81 | control +0.1% | spread 0.4% | col 5.7 ns
n1t  R=11  c=25  L3    | narrow    157.6 ns bulk 1.00 tail  0.30 | masked    166.1 ns bulk 0.99 tail  2.00 | control +0.0% | spread 2.5% | col 5.6 ns
n1t  R=11  c=25  DRAM  | narrow    470.7 ns bulk 1.00 tail  0.00 | masked    474.0 ns bulk 1.00 tail  0.00 | control +0.0% | spread 1.8% | col -3.3 ns
n1t  R=13  c=1   L1    | narrow     11.1 ns bulk 1.00 tail  1.72 | masked     12.1 ns bulk 1.00 tail  1.93 | control +0.0% | spread 0.5% | col 4.9 ns
n1t  R=13  c=1   L2    | narrow     11.9 ns bulk 1.00 tail  1.57 | masked     12.6 ns bulk 1.00 tail  1.70 | control +0.0% | spread 0.0% | col 5.9 ns
n1t  R=13  c=1   L3    | narrow     16.4 ns bulk 1.00 tail  1.47 | masked     18.1 ns bulk 1.00 tail  1.65 | control +0.0% | spread 0.6% | col 9.4 ns
n1t  R=13  c=1   DRAM  | narrow     43.8 ns bulk 1.00 tail  1.58 | masked     42.1 ns bulk 1.00 tail  1.51 | control +1.1% | spread 3.1% | col 26.1 ns
n1t  R=13  c=5   L1    | narrow     31.8 ns bulk 1.00 tail  2.32 | masked     33.6 ns bulk 1.02 tail  2.62 | control -0.2% | spread 0.5% | col 4.3 ns
n1t  R=13  c=5   L2    | narrow     34.8 ns bulk 1.00 tail  1.31 | masked     36.2 ns bulk 1.08 tail  1.23 | control +0.4% | spread 0.5% | col 7.8 ns
n1t  R=13  c=5   L3    | narrow     47.6 ns bulk 1.00 tail  0.85 | masked     50.5 ns bulk 1.01 tail  1.25 | control +0.0% | spread 6.9% | col 5.9 ns
n1t  R=13  c=5   DRAM  | narrow    145.3 ns bulk 1.00 tail  0.78 | masked    148.2 ns bulk 1.01 tail  0.96 | control -0.6% | spread 3.6% | col 8.6 ns
n1t  R=13  c=25  L1    | narrow    123.6 ns bulk 1.00 tail  2.75 | masked    127.7 ns bulk 1.02 tail  3.38 | control +0.2% | spread 0.2% | col 3.7 ns
n1t  R=13  c=25  L2    | narrow    152.2 ns bulk 1.00 tail  1.51 | masked    165.1 ns bulk 1.08 tail  1.76 | control +0.2% | spread 0.4% | col 6.8 ns
n1t  R=13  c=25  L3    | narrow    211.5 ns bulk 1.00 tail  0.76 | masked    220.9 ns bulk 1.04 tail  0.95 | control +0.0% | spread 10.5% | col 7.6 ns
n1t  R=13  c=25  DRAM  | narrow    559.3 ns bulk 1.00 tail  0.00 | masked    563.0 ns bulk 1.01 tail  0.00 | control +0.1% | spread 2.0% | col -2.2 ns
n1t  R=15  c=1   L1    | narrow     14.5 ns bulk 1.00 tail  1.81 | masked     18.9 ns bulk 1.00 tail  2.49 | control -1.3% | spread 3.2% | col 6.5 ns
n1t  R=15  c=1   L2    | narrow     14.2 ns bulk 1.00 tail  0.99 | masked     17.6 ns bulk 1.00 tail  1.29 | control +0.0% | spread 0.5% | col 11.4 ns
n1t  R=15  c=1   L3    | narrow     21.2 ns bulk 1.00 tail  1.18 | masked     24.8 ns bulk 1.00 tail  1.41 | control +0.5% | spread 2.2% | col 15.6 ns
n1t  R=15  c=1   DRAM  | narrow     46.4 ns bulk 1.00 tail  1.44 | masked     45.2 ns bulk 1.00 tail  1.40 | control +0.7% | spread 1.8% | col 30.3 ns
n1t  R=15  c=5   L1    | narrow     44.0 ns bulk 1.00 tail  2.06 | masked     47.9 ns bulk 1.04 tail  2.48 | control +0.0% | spread 0.4% | col 6.4 ns
n1t  R=15  c=5   L2    | narrow     48.2 ns bulk 1.00 tail  0.97 | masked     53.8 ns bulk 1.03 tail  1.40 | control +0.2% | spread 0.4% | col 10.6 ns
n1t  R=15  c=5   L3    | narrow     63.5 ns bulk 1.00 tail  1.04 | masked     68.0 ns bulk 1.01 tail  1.44 | control -2.4% | spread 6.7% | col 9.9 ns
n1t  R=15  c=5   DRAM  | narrow    174.5 ns bulk 1.00 tail  1.13 | masked    176.1 ns bulk 1.00 tail  1.24 | control -0.4% | spread 2.3% | col 10.9 ns
n1t  R=15  c=25  L1    | narrow    181.1 ns bulk 1.00 tail  2.34 | masked    193.5 ns bulk 1.05 tail  3.15 | control +0.0% | spread 0.1% | col 5.8 ns
n1t  R=15  c=25  L2    | narrow    233.0 ns bulk 1.00 tail  1.12 | masked    244.8 ns bulk 1.04 tail  1.56 | control +0.0% | spread 0.3% | col 8.7 ns
n1t  R=15  c=25  L3    | narrow    295.0 ns bulk 1.00 tail  0.90 | masked    303.4 ns bulk 1.02 tail  1.10 | control -0.3% | spread 7.1% | col 8.4 ns
n1t  R=15  c=25  DRAM  | narrow    680.3 ns bulk 1.00 tail  0.00 | masked    677.8 ns bulk 1.01 tail  0.00 | control -0.1% | spread 1.5% | col -1.3 ns
n1t  R=17  c=1   L1    | narrow     19.8 ns bulk 1.00 tail  1.73 | masked     25.3 ns bulk 1.00 tail  2.30 | control +0.0% | spread 1.0% | col 9.8 ns
n1t  R=17  c=1   L2    | narrow     21.2 ns bulk 1.00 tail  1.74 | masked     26.4 ns bulk 1.00 tail  2.23 | control -0.4% | spread 0.4% | col 10.5 ns
n1t  R=17  c=1   L3    | narrow     25.0 ns bulk 1.00 tail  1.73 | masked     26.6 ns bulk 1.00 tail  1.85 | control +0.3% | spread 0.5% | col 12.9 ns
n1t  R=17  c=1   DRAM  | narrow     57.0 ns bulk 1.00 tail  1.62 | masked     54.4 ns bulk 1.00 tail  1.54 | control +0.1% | spread 5.3% | col 33.5 ns
n1t  R=17  c=5   L1    | narrow     57.2 ns bulk 1.00 tail  1.99 | masked     67.0 ns bulk 1.12 tail  2.55 | control +0.0% | spread 0.2% | col 8.6 ns
n1t  R=17  c=5   L2    | narrow     63.0 ns bulk 1.00 tail  1.60 | masked     71.0 ns bulk 1.21 tail  1.50 | control +0.0% | spread 0.4% | col 12.3 ns
n1t  R=17  c=5   L3    | narrow     78.6 ns bulk 1.00 tail  1.52 | masked     83.6 ns bulk 1.09 tail  1.44 | control -1.1% | spread 6.4% | col 9.9 ns
n1t  R=17  c=5   DRAM  | narrow    214.1 ns bulk 1.00 tail  1.49 | masked    216.2 ns bulk 1.02 tail  1.44 | control -0.4% | spread 2.4% | col 16.6 ns
n1t  R=17  c=25  L1    | narrow    236.9 ns bulk 1.00 tail  2.64 | masked    269.6 ns bulk 1.13 tail  3.28 | control +0.1% | spread 0.1% | col 8.0 ns
n1t  R=17  c=25  L2    | narrow    270.4 ns bulk 1.00 tail  1.89 | masked    311.2 ns bulk 1.15 tail  2.11 | control +0.1% | spread 0.1% | col 9.7 ns
n1t  R=17  c=25  L3    | narrow    342.9 ns bulk 1.00 tail  1.73 | masked    375.8 ns bulk 1.10 tail  1.60 | control -1.0% | spread 4.8% | col 8.2 ns
n1t  R=17  c=25  DRAM  | narrow    812.2 ns bulk 1.00 tail -0.60 | masked    817.8 ns bulk 1.01 tail -1.00 | control +0.3% | spread 1.0% | col 5.6 ns
n1t  R=19  c=1   L1    | narrow     24.8 ns bulk 1.00 tail  1.79 | masked     32.3 ns bulk 1.00 tail  2.39 | control +0.2% | spread 0.2% | col 12.4 ns
n1t  R=19  c=1   L2    | narrow     25.9 ns bulk 1.00 tail  1.67 | masked     32.1 ns bulk 1.00 tail  2.11 | control -0.6% | spread 0.3% | col 13.9 ns
n1t  R=19  c=1   L3    | narrow     31.1 ns bulk 1.00 tail  1.58 | masked     37.5 ns bulk 1.00 tail  1.94 | control +0.2% | spread 1.4% | col 17.9 ns
n1t  R=19  c=1   DRAM  | narrow     56.5 ns bulk 1.00 tail  1.40 | masked     57.9 ns bulk 1.00 tail  1.43 | control +0.7% | spread 15.6% | col 38.5 ns
n1t  R=19  c=5   L1    | narrow     71.8 ns bulk 1.00 tail  1.91 | masked     85.3 ns bulk 1.11 tail  2.61 | control +0.0% | spread 0.2% | col 11.4 ns
n1t  R=19  c=5   L2    | narrow     82.7 ns bulk 1.00 tail  1.60 | masked    102.5 ns bulk 1.24 tail  1.98 | control +0.1% | spread 0.3% | col 14.5 ns
n1t  R=19  c=5   L3    | narrow    100.0 ns bulk 1.00 tail  1.32 | masked    120.6 ns bulk 1.16 tail  1.87 | control -0.3% | spread 8.0% | col 13.4 ns
n1t  R=19  c=5   DRAM  | narrow    248.5 ns bulk 1.00 tail  1.29 | masked    265.6 ns bulk 1.03 tail  1.71 | control +0.1% | spread 2.7% | col 23.9 ns
n1t  R=19  c=25  L1    | narrow    302.2 ns bulk 1.00 tail  1.91 | masked    340.6 ns bulk 1.10 tail  3.00 | control +0.0% | spread 0.1% | col 9.6 ns
n1t  R=19  c=25  L2    | narrow    353.3 ns bulk 1.00 tail  1.70 | masked    473.9 ns bulk 1.35 tail  2.13 | control +0.0% | spread 0.3% | col 12.8 ns
n1t  R=19  c=25  L3    | narrow    419.3 ns bulk 1.00 tail  1.05 | masked    536.1 ns bulk 1.27 tail  1.62 | control +0.3% | spread 2.0% | col 12.7 ns
n1t  R=19  c=25  DRAM  | narrow    931.3 ns bulk 1.00 tail  0.29 | masked    965.1 ns bulk 1.05 tail -0.38 | control +0.5% | spread 2.1% | col 12.7 ns
n1t  R=21  c=1   L1    | narrow     29.8 ns bulk 1.00 tail  1.81 | masked     35.6 ns bulk 1.00 tail  2.20 | control +0.0% | spread 0.0% | col 14.9 ns
n1t  R=21  c=1   L2    | narrow     34.2 ns bulk 1.00 tail  1.65 | masked     36.1 ns bulk 1.00 tail  1.75 | control +0.3% | spread 0.3% | col 19.0 ns
n1t  R=21  c=1   L3    | narrow     47.0 ns bulk 1.00 tail  1.81 | masked     40.2 ns bulk 1.00 tail  1.53 | control -7.7% | spread 5.1% | col 24.4 ns
n1t  R=21  c=1   DRAM  | narrow     72.8 ns bulk 1.00 tail  1.59 | masked     64.3 ns bulk 1.00 tail  1.40 | control +0.9% | spread 1.4% | col 43.9 ns
n1t  R=21  c=5   L1    | narrow     87.5 ns bulk 1.00 tail  1.82 | masked     93.4 ns bulk 0.99 tail  2.25 | control +0.0% | spread 0.2% | col 14.4 ns
n1t  R=21  c=5   L2    | narrow    102.4 ns bulk 1.00 tail  1.76 | masked    101.8 ns bulk 0.99 tail  1.76 | control +0.0% | spread 0.1% | col 17.5 ns
n1t  R=21  c=5   L3    | narrow    126.6 ns bulk 1.00 tail  1.09 | masked    123.4 ns bulk 1.01 tail  0.87 | control +0.4% | spread 14.9% | col 21.6 ns
n1t  R=21  c=5   DRAM  | narrow    290.0 ns bulk 1.00 tail  1.83 | masked    274.4 ns bulk 1.00 tail  1.26 | control -1.7% | spread 1.9% | col 26.9 ns
n1t  R=21  c=25  L1    | narrow    376.9 ns bulk 1.00 tail  1.93 | masked    380.7 ns bulk 0.99 tail  2.34 | control +0.0% | spread 0.1% | col 13.7 ns
n1t  R=21  c=25  L2    | narrow    439.0 ns bulk 1.00 tail  1.96 | masked    434.1 ns bulk 0.99 tail  1.96 | control +0.0% | spread 0.1% | col 15.5 ns
n1t  R=21  c=25  L3    | narrow    527.0 ns bulk 1.00 tail  1.60 | masked    520.6 ns bulk 1.00 tail  1.20 | control +0.3% | spread 3.3% | col 15.9 ns
n1t  R=21  c=25  DRAM  | narrow   1069.0 ns bulk 1.00 tail  2.08 | masked   1043.7 ns bulk 1.00 tail  0.42 | control -0.9% | spread 2.0% | col 16.9 ns
n1t  R=23  c=1   L1    | narrow     36.4 ns bulk 1.00 tail  1.62 | masked     43.5 ns bulk 1.00 tail  1.97 | control -0.2% | spread 0.2% | col 20.7 ns
n1t  R=23  c=1   L2    | narrow     37.3 ns bulk 1.00 tail  1.05 | masked     43.8 ns bulk 1.00 tail  1.24 | control +0.0% | spread 0.0% | col 32.8 ns
n1t  R=23  c=1   L3    | narrow     42.9 ns bulk 1.00 tail  1.06 | masked     47.1 ns bulk 1.00 tail  1.17 | control -0.8% | spread 0.6% | col 37.8 ns
n1t  R=23  c=1   DRAM  | narrow     77.1 ns bulk 1.00 tail  1.40 | masked     76.4 ns bulk 1.00 tail  1.39 | control +0.7% | spread 2.4% | col 53.0 ns
n1t  R=23  c=5   L1    | narrow    115.3 ns bulk 1.00 tail  1.79 | masked    125.0 ns bulk 1.00 tail  2.31 | control +0.0% | spread 0.0% | col 18.5 ns
n1t  R=23  c=5   L2    | narrow    153.8 ns bulk 1.00 tail  0.75 | masked    154.5 ns bulk 1.00 tail  0.78 | control +0.0% | spread 0.6% | col 30.6 ns
n1t  R=23  c=5   L3    | narrow    181.9 ns bulk 1.00 tail  0.55 | masked    192.1 ns bulk 1.01 tail  0.85 | control +0.7% | spread 3.4% | col 29.5 ns
n1t  R=23  c=5   DRAM  | narrow    337.6 ns bulk 1.00 tail  1.27 | masked    357.3 ns bulk 0.99 tail  1.77 | control +0.1% | spread 1.4% | col 43.0 ns
n1t  R=23  c=25  L1    | narrow    499.4 ns bulk 1.00 tail  1.93 | masked    508.2 ns bulk 1.00 tail  2.41 | control +0.1% | spread 0.1% | col 18.2 ns
n1t  R=23  c=25  L2    | narrow    765.4 ns bulk 1.00 tail  0.88 | masked    769.2 ns bulk 1.00 tail  1.00 | control -0.1% | spread 0.3% | col 31.7 ns
n1t  R=23  c=25  L3    | narrow    844.4 ns bulk 1.00 tail  0.84 | masked    870.4 ns bulk 1.00 tail  1.53 | control +0.2% | spread 0.7% | col 35.2 ns
n1t  R=23  c=25  DRAM  | narrow   1307.0 ns bulk 1.00 tail  0.89 | masked   1342.1 ns bulk 1.00 tail  1.66 | control -0.1% | spread 1.7% | col 41.2 ns
n1t  R=25  c=1   L1    | narrow     41.7 ns bulk 1.00 tail  1.60 | masked     51.3 ns bulk 1.00 tail  2.00 | control +0.0% | spread 0.2% | col 24.3 ns
n1t  R=25  c=1   L2    | narrow     45.3 ns bulk 1.00 tail  1.24 | masked     51.5 ns bulk 1.00 tail  1.42 | control +0.0% | spread 0.8% | col 34.2 ns
n1t  R=25  c=1   L3    | narrow     61.5 ns bulk 1.00 tail  1.36 | masked     58.9 ns bulk 1.00 tail  1.30 | control -0.8% | spread 1.2% | col 43.2 ns
n1t  R=25  c=1   DRAM  | narrow     90.7 ns bulk 1.00 tail  1.40 | masked     89.9 ns bulk 1.00 tail  1.38 | control +0.7% | spread 1.1% | col 63.0 ns
n1t  R=25  c=5   L1    | narrow    134.2 ns bulk 1.00 tail  1.77 | masked    143.5 ns bulk 0.99 tail  2.22 | control +0.0% | spread 0.0% | col 21.7 ns
n1t  R=25  c=5   L2    | narrow    173.7 ns bulk 1.00 tail  1.34 | masked    175.3 ns bulk 0.99 tail  1.43 | control +0.1% | spread 0.6% | col 31.7 ns
n1t  R=25  c=5   L3    | narrow    208.9 ns bulk 1.00 tail  1.37 | masked    211.8 ns bulk 0.99 tail  1.52 | control -0.2% | spread 3.1% | col 31.5 ns
n1t  R=25  c=5   DRAM  | narrow    390.3 ns bulk 1.00 tail  1.43 | masked    395.2 ns bulk 1.00 tail  1.55 | control -0.1% | spread 2.0% | col 46.6 ns
n1t  R=25  c=25  L1    | narrow    574.6 ns bulk 1.00 tail  1.93 | masked    585.5 ns bulk 1.00 tail  2.53 | control +0.0% | spread 0.1% | col 20.7 ns
n1t  R=25  c=25  L2    | narrow    771.8 ns bulk 1.00 tail  1.30 | masked    771.8 ns bulk 1.00 tail  1.39 | control +0.0% | spread 0.0% | col 32.0 ns
n1t  R=25  c=25  L3    | narrow    885.2 ns bulk 1.00 tail  1.20 | masked    887.0 ns bulk 1.00 tail  1.35 | control -0.4% | spread 2.7% | col 37.0 ns
n1t  R=25  c=25  DRAM  | narrow   1593.6 ns bulk 1.00 tail  2.75 | masked   1580.9 ns bulk 0.99 tail  2.75 | control -0.7% | spread 10.5% | col 25.5 ns
n1t  R=27  c=1   L1    | narrow     48.3 ns bulk 1.00 tail  1.18 | masked     58.7 ns bulk 1.00 tail  1.44 | control +0.0% | spread 0.3% | col 38.7 ns
n1t  R=27  c=1   L2    | narrow     48.6 ns bulk 1.00 tail  0.86 | masked     58.4 ns bulk 1.00 tail  1.05 | control +0.0% | spread 0.0% | col 53.1 ns
n1t  R=27  c=1   L3    | narrow     63.0 ns bulk 1.00 tail  1.01 | masked     65.2 ns bulk 1.00 tail  1.05 | control -1.0% | spread 0.6% | col 59.5 ns
n1t  R=27  c=1   DRAM  | narrow     94.3 ns bulk 1.00 tail  1.27 | masked     96.7 ns bulk 1.00 tail  1.30 | control +0.7% | spread 1.7% | col 71.9 ns
n1t  R=27  c=5   L1    | narrow    174.2 ns bulk 1.00 tail  1.15 | masked    189.1 ns bulk 1.02 tail  1.53 | control +0.0% | spread 0.0% | col 32.4 ns
n1t  R=27  c=5   L2    | narrow    253.6 ns bulk 1.00 tail  0.94 | masked    266.5 ns bulk 1.01 tail  1.14 | control -0.4% | spread 0.4% | col 48.3 ns
n1t  R=27  c=5   L3    | narrow    297.4 ns bulk 1.00 tail  1.07 | masked    306.4 ns bulk 1.01 tail  1.21 | control -0.4% | spread 2.2% | col 42.9 ns
n1t  R=27  c=5   DRAM  | narrow    475.3 ns bulk 1.00 tail  1.39 | masked    483.3 ns bulk 1.01 tail  1.44 | control +0.0% | spread 3.4% | col 58.9 ns
n1t  R=27  c=25  L1    | narrow    796.9 ns bulk 1.00 tail  1.27 | masked    833.7 ns bulk 1.02 tail  1.90 | control +0.0% | spread 0.1% | col 30.6 ns
n1t  R=27  c=25  L2    | narrow   1245.8 ns bulk 1.00 tail  0.90 | masked   1271.2 ns bulk 1.01 tail  1.29 | control +0.0% | spread 0.1% | col 43.2 ns
n1t  R=27  c=25  L3    | narrow   1379.1 ns bulk 1.00 tail  0.95 | masked   1407.0 ns bulk 1.01 tail  1.20 | control +0.3% | spread 2.0% | col 46.5 ns
n1t  R=27  c=25  DRAM  | narrow   1785.7 ns bulk 1.00 tail  1.17 | masked   1795.2 ns bulk 1.02 tail  0.78 | control +0.1% | spread 1.9% | col 48.8 ns
n1t  R=29  c=1   L1    | narrow     54.2 ns bulk 1.00 tail  0.97 | masked     83.6 ns bulk 1.00 tail  1.52 | control -0.2% | spread 0.2% | col 53.0 ns
n1t  R=29  c=1   L2    | narrow     56.2 ns bulk 1.00 tail  0.82 | masked     89.3 ns bulk 1.00 tail  1.33 | control -0.2% | spread 11.7% | col 65.0 ns
n1t  R=29  c=1   L3    | narrow     76.1 ns bulk 1.00 tail  0.98 | masked    101.3 ns bulk 1.25 tail  1.31 | control -1.7% | spread 14.9% | col 75.2 ns
n1t  R=29  c=1   DRAM  | narrow    103.9 ns bulk 1.00 tail  1.19 | masked    125.5 ns bulk 1.00 tail  1.45 | control +0.4% | spread 3.1% | col 84.9 ns
n1t  R=29  c=5   L1    | narrow    240.4 ns bulk 1.00 tail  0.96 | masked    278.1 ns bulk 0.99 tail  1.82 | control +0.0% | spread 0.1% | col 45.9 ns
n1t  R=29  c=5   L2    | narrow    307.4 ns bulk 1.00 tail  1.05 | masked    334.2 ns bulk 1.00 tail  1.53 | control +0.0% | spread 0.0% | col 58.4 ns
n1t  R=29  c=5   L3    | narrow    356.2 ns bulk 1.00 tail  1.15 | masked    385.0 ns bulk 1.00 tail  1.66 | control -0.2% | spread 1.1% | col 55.9 ns
n1t  R=29  c=5   DRAM  | narrow    511.9 ns bulk 1.00 tail  0.96 | masked    553.6 ns bulk 1.00 tail  1.61 | control +1.9% | spread 3.8% | col 64.9 ns
n1t  R=29  c=25  L1    | narrow   1131.9 ns bulk 1.00 tail  0.98 | masked   1165.2 ns bulk 1.00 tail  1.84 | control +0.0% | spread 0.0% | col 44.2 ns
n1t  R=29  c=25  L2    | narrow   1461.1 ns bulk 1.00 tail  1.05 | masked   1487.0 ns bulk 1.00 tail  1.48 | control +0.1% | spread 0.1% | col 60.2 ns
n1t  R=29  c=25  L3    | narrow   1578.1 ns bulk 1.00 tail  1.06 | masked   1606.2 ns bulk 1.00 tail  1.56 | control +0.0% | spread 1.8% | col 56.2 ns
n1t  R=29  c=25  DRAM  | narrow   2071.1 ns bulk 1.00 tail -0.08 | masked   2105.3 ns bulk 1.00 tail  0.92 | control +0.1% | spread 1.0% | col 34.2 ns
n1t  R=31  c=1   L1    | narrow     60.1 ns bulk 1.00 tail  0.82 | masked    102.3 ns bulk 1.00 tail  1.43 | control +0.0% | spread 0.6% | col 69.7 ns
n1t  R=31  c=1   L2    | narrow     64.3 ns bulk 1.00 tail  0.68 | masked    107.3 ns bulk 1.00 tail  1.16 | control +2.1% | spread 2.8% | col 90.4 ns
n1t  R=31  c=1   L3    | narrow     75.2 ns bulk 1.00 tail  0.77 | masked    115.7 ns bulk 1.00 tail  1.19 | control -0.4% | spread 1.1% | col 94.7 ns
n1t  R=31  c=1   DRAM  | narrow    111.9 ns bulk 1.00 tail  1.02 | masked    151.7 ns bulk 1.00 tail  1.39 | control -0.6% | spread 5.0% | col 107.1 ns
n1t  R=31  c=5   L1    | narrow    307.7 ns bulk 1.00 tail  0.85 | masked    348.3 ns bulk 0.97 tail  1.69 | control +0.0% | spread 0.1% | col 58.8 ns
n1t  R=31  c=5   L2    | narrow    409.8 ns bulk 1.00 tail  0.82 | masked    440.2 ns bulk 0.97 tail  1.33 | control +0.0% | spread 0.1% | col 80.9 ns
n1t  R=31  c=5   L3    | narrow    453.7 ns bulk 1.00 tail  0.87 | masked    485.1 ns bulk 0.98 tail  1.40 | control -0.5% | spread 4.1% | col 76.5 ns
n1t  R=31  c=5   DRAM  | narrow    614.8 ns bulk 1.00 tail  0.80 | masked    643.8 ns bulk 0.98 tail  1.33 | control -0.1% | spread 2.0% | col 76.6 ns
n1t  R=31  c=25  L1  * | narrow   1470.4 ns bulk 1.00 tail  0.83 | masked   1464.8 ns bulk 0.96 tail  1.63 | control +0.0% | spread 0.3% | col 60.2 ns
n1t  R=31  c=25  L2    | narrow   2018.9 ns bulk 1.00 tail  0.82 | masked   2008.1 ns bulk 0.97 tail  1.31 | control +0.0% | spread 0.0% | col 82.4 ns
n1t  R=31  c=25  L3    | narrow   2143.3 ns bulk 1.00 tail  0.70 | masked   2130.0 ns bulk 0.98 tail  1.21 | control +0.0% | spread 1.7% | col 71.7 ns
n1t  R=31  c=25  DRAM  | narrow   2571.0 ns bulk 1.00 tail  0.33 | masked   2541.9 ns bulk 0.99 tail  0.42 | control +0.3% | spread 1.3% | col 69.4 ns
n1t  R=37  c=1   L1    | narrow     89.0 ns bulk 1.00 tail  1.34 | masked    104.5 ns bulk 1.00 tail  1.58 | control +0.0% | spread 0.4% | col 64.1 ns
n1t  R=37  c=1   L2    | narrow     96.3 ns bulk 1.00 tail  1.21 | masked    106.4 ns bulk 1.00 tail  1.34 | control +0.0% | spread 0.4% | col 77.1 ns
n1t  R=37  c=1   L3    | narrow    113.0 ns bulk 1.00 tail  1.28 | masked    115.1 ns bulk 1.00 tail  1.30 | control +0.2% | spread 0.6% | col 85.9 ns
n1t  R=37  c=1   DRAM  | narrow    154.4 ns bulk 1.00 tail  1.34 | masked    161.3 ns bulk 1.00 tail  1.40 | control +0.4% | spread 1.1% | col 112.9 ns
n1t  R=37  c=5   L1    | narrow    435.1 ns bulk 1.00 tail  3.99 | masked    445.2 ns bulk 0.99 tail  4.23 | control +0.0% | spread 0.0% | col 51.5 ns
n1t  R=37  c=5   L2    | narrow    467.5 ns bulk 1.00 tail  2.59 | masked    480.6 ns bulk 0.99 tail  2.81 | control +0.0% | spread 0.3% | col 67.5 ns
n1t  R=37  c=5   L3    | narrow    517.3 ns bulk 1.00 tail  2.31 | masked    521.2 ns bulk 0.99 tail  2.41 | control -0.7% | spread 2.6% | col 70.7 ns
n1t  R=37  c=5   DRAM  | narrow    704.5 ns bulk 1.00 tail  1.68 | masked    711.8 ns bulk 0.99 tail  1.82 | control +0.4% | spread 3.1% | col 87.3 ns
n1t  R=37  c=25  L1  * | narrow   1488.7 ns bulk 1.00 tail  2.92 | masked   1498.1 ns bulk 1.00 tail  3.08 | control -0.1% | spread 0.8% | col 69.8 ns
n1t  R=37  c=25  L2    | narrow   1820.5 ns bulk 1.00 tail  2.84 | masked   1813.6 ns bulk 1.00 tail  2.76 | control -0.1% | spread 0.2% | col 62.5 ns
n1t  R=37  c=25  L3    | narrow   2024.1 ns bulk 1.00 tail  2.49 | masked   2013.8 ns bulk 1.00 tail  2.43 | control +0.0% | spread 2.0% | col 63.8 ns
n1t  R=37  c=25  DRAM  | narrow   2655.2 ns bulk 1.00 tail  1.50 | masked   2634.5 ns bulk 1.00 tail  1.00 | control -0.1% | spread 0.9% | col 62.1 ns
n1t  R=41  c=1   L1    | narrow    111.7 ns bulk 1.00 tail  1.48 | masked    127.3 ns bulk 1.00 tail  1.69 | control +0.6% | spread 1.3% | col 73.2 ns
n1t  R=41  c=1   L2    | narrow    122.2 ns bulk 1.00 tail  1.32 | masked    130.1 ns bulk 1.00 tail  1.41 | control +0.0% | spread 0.6% | col 90.2 ns
n1t  R=41  c=1   L3    | narrow    141.6 ns bulk 1.00 tail  1.36 | masked    140.7 ns bulk 1.00 tail  1.35 | control +0.2% | spread 1.5% | col 102.2 ns
n1t  R=41  c=1   DRAM  | narrow    194.9 ns bulk 1.00 tail  1.45 | masked    212.3 ns bulk 1.00 tail  1.58 | control -0.2% | spread 1.5% | col 132.4 ns
n1t  R=41  c=5   L1    | narrow    617.8 ns bulk 1.00 tail  5.14 | masked    624.8 ns bulk 1.00 tail  5.24 | control +0.0% | spread 0.0% | col 67.1 ns
n1t  R=41  c=5   L2    | narrow    631.0 ns bulk 1.00 tail  3.55 | masked    641.3 ns bulk 1.00 tail  3.68 | control +0.0% | spread 0.1% | col 81.0 ns
n1t  R=41  c=5   L3    | narrow    709.9 ns bulk 1.00 tail  2.48 | masked    711.0 ns bulk 1.01 tail  2.47 | control -0.5% | spread 3.3% | col 109.3 ns
n1t  R=41  c=5   DRAM  | narrow    877.9 ns bulk 1.00 tail  2.37 | masked    884.9 ns bulk 1.00 tail  2.43 | control -0.3% | spread 3.3% | col 103.5 ns
n1t  R=41  c=25  L1  * | narrow   1897.5 ns bulk 1.00 tail  2.99 | masked   1920.0 ns bulk 1.01 tail  3.08 | control +0.5% | spread 3.6% | col 103.8 ns
n1t  R=41  c=25  L2    | narrow   2216.7 ns bulk 1.00 tail  3.44 | masked   2233.3 ns bulk 1.00 tail  3.63 | control -0.1% | spread 0.3% | col 75.0 ns
n1t  R=41  c=25  L3    | narrow   2437.5 ns bulk 1.00 tail  3.03 | masked   2454.2 ns bulk 1.00 tail  3.23 | control +0.0% | spread 2.1% | col 81.2 ns
n1t  R=41  c=25  DRAM  | narrow   3172.0 ns bulk 1.00 tail  2.23 | masked   3172.0 ns bulk 1.00 tail  2.11 | control +0.1% | spread 1.5% | col 70.0 ns
n1t  R=43  c=1   L1    | narrow    123.8 ns bulk 1.00 tail  0.87 | masked    302.0 ns bulk 1.00 tail  2.16 | control -0.6% | spread 1.8% | col 138.1 ns
n1t  R=43  c=1   L2    | narrow    132.4 ns bulk 1.00 tail  0.78 | masked    307.1 ns bulk 1.00 tail  1.84 | control +0.0% | spread 0.8% | col 165.5 ns
n1t  R=43  c=1   L3    | narrow    154.4 ns bulk 1.00 tail  0.86 | masked    324.2 ns bulk 1.00 tail  1.83 | control -0.4% | spread 1.4% | col 175.3 ns
n1t  R=43  c=1   DRAM  | narrow    205.6 ns bulk 1.00 tail  1.04 | masked    378.4 ns bulk 1.00 tail  1.94 | control +1.2% | spread 1.5% | col 193.9 ns
n1t  R=43  c=5   L1    | narrow    801.0 ns bulk 1.00 tail  2.47 | masked    926.3 ns bulk 1.01 tail  3.47 | control +0.0% | spread 0.1% | col 120.2 ns
n1t  R=43  c=5   L2    | narrow    929.1 ns bulk 1.00 tail  1.99 | masked   1058.1 ns bulk 1.01 tail  2.83 | control +0.0% | spread 0.0% | col 148.8 ns
n1t  R=43  c=5   L3    | narrow   1007.4 ns bulk 1.00 tail  1.84 | masked   1155.6 ns bulk 1.00 tail  2.77 | control +0.9% | spread 3.3% | col 159.3 ns
n1t  R=43  c=5   DRAM  | narrow   1176.9 ns bulk 1.00 tail  1.88 | masked   1300.0 ns bulk 1.01 tail  2.60 | control -0.3% | spread 0.9% | col 162.3 ns
n1t  R=43  c=25  L1  * | narrow   3360.9 ns bulk 1.00 tail  2.19 | masked   3521.7 ns bulk 1.02 tail  2.75 | control +0.3% | spread 1.7% | col 156.5 ns
n1t  R=43  c=25  L2    | narrow   3910.0 ns bulk 1.00 tail  2.00 | masked   4070.0 ns bulk 1.01 tail  2.88 | control -0.1% | spread 0.4% | col 142.5 ns
n1t  R=43  c=25  L3    | narrow   4141.2 ns bulk 1.00 tail  1.80 | masked   4270.6 ns bulk 1.01 tail  2.47 | control -0.1% | spread 0.6% | col 150.0 ns
n1t  R=43  c=25  DRAM  | narrow   4611.8 ns bulk 1.00 tail  1.05 | masked   4788.2 ns bulk 1.01 tail  2.14 | control +0.4% | spread 1.1% | col 123.5 ns
n1t  R=47  c=1   L1    | narrow    145.5 ns bulk 1.00 tail  0.82 | masked    334.1 ns bulk 1.00 tail  1.91 | control +0.2% | spread 0.8% | col 173.5 ns
n1t  R=47  c=1   L2    | narrow    154.3 ns bulk 1.00 tail  0.75 | masked    341.4 ns bulk 1.00 tail  1.68 | control -0.2% | spread 0.7% | col 201.3 ns
n1t  R=47  c=1   L3    | narrow    173.4 ns bulk 1.00 tail  0.81 | masked    354.3 ns bulk 1.00 tail  1.66 | control -0.4% | spread 1.2% | col 211.2 ns
n1t  R=47  c=1   DRAM  | narrow    249.6 ns bulk 1.00 tail  1.03 | masked    429.9 ns bulk 1.00 tail  1.78 | control -0.7% | spread 2.2% | col 239.0 ns
n1t  R=47  c=5   L1    | narrow    977.8 ns bulk 1.00 tail  2.38 | masked   1088.9 ns bulk 0.98 tail  3.21 | control +0.1% | spread 0.1% | col 146.9 ns
n1t  R=47  c=5   L2    | narrow   1119.7 ns bulk 1.00 tail  1.96 | masked   1226.8 ns bulk 0.98 tail  2.64 | control -0.1% | spread 0.1% | col 179.6 ns
n1t  R=47  c=5   L3    | narrow   1198.2 ns bulk 1.00 tail  2.05 | masked   1269.6 ns bulk 0.93 tail  2.79 | control +0.9% | spread 1.3% | col 173.2 ns
n1t  R=47  c=5   DRAM  | narrow   1392.6 ns bulk 1.00 tail  1.91 | masked   1481.5 ns bulk 0.97 tail  2.51 | control -0.4% | spread 1.7% | col 194.4 ns
n1t  R=47  c=25  L1  * | narrow   4288.9 ns bulk 1.00 tail  2.00 | masked   4283.3 ns bulk 0.96 tail  2.71 | control -0.3% | spread 2.7% | col 202.8 ns
n1t  R=47  c=25  L2    | narrow   4743.8 ns bulk 1.00 tail  2.04 | masked   4743.8 ns bulk 0.98 tail  2.61 | control +0.0% | spread 0.1% | col 175.0 ns
n1t  R=47  c=25  L3    | narrow   4950.0 ns bulk 1.00 tail  1.69 | masked   4871.4 ns bulk 0.96 tail  2.31 | control +0.4% | spread 0.7% | col 182.1 ns
n1t  R=47  c=25  DRAM  | narrow   5484.6 ns bulk 1.00 tail  1.81 | masked   5384.6 ns bulk 0.97 tail  2.05 | control -0.3% | spread 0.7% | col 161.5 ns
t2   R=3   c=1   L1    | narrow      2.6 ns bulk 1.00 tail  1.65 | masked      3.0 ns bulk 1.00 tail  2.23 | control -0.2% | spread 0.5% | col 0.7 ns
t2   R=3   c=1   L2    | narrow      3.0 ns bulk 1.00 tail  1.43 | masked      3.0 ns bulk 1.00 tail  1.39 | control +0.0% | spread 0.8% | col 1.1 ns
t2   R=3   c=1   L3    | narrow      4.5 ns bulk 1.00 tail  1.31 | masked      4.2 ns bulk 1.00 tail  1.18 | control -4.1% | spread 6.6% | col 2.4 ns
t2   R=3   c=1   DRAM  | narrow     11.8 ns bulk 1.00 tail  1.22 | masked     11.9 ns bulk 1.00 tail  1.23 | control +0.7% | spread 3.6% | col 8.5 ns
t2   R=3   c=5   L1    | narrow      5.1 ns bulk 1.00 tail  3.17 | masked      5.5 ns bulk 1.00 tail  4.11 | control +0.0% | spread 0.2% | col 0.4 ns
t2   R=3   c=5   L2    | narrow      7.0 ns bulk 1.00 tail  1.01 | masked      7.1 ns bulk 0.99 tail  1.06 | control -0.6% | spread 0.6% | col 1.7 ns
t2   R=3   c=5   L3    | narrow     10.9 ns bulk 1.00 tail  1.00 | masked     10.9 ns bulk 1.00 tail  1.00 | control +0.0% | spread 4.1% | col 1.6 ns
t2   R=3   c=5   DRAM  | narrow     34.2 ns bulk 1.00 tail  1.23 | masked     35.4 ns bulk 1.01 tail  1.50 | control -1.4% | spread 1.8% | col 3.7 ns
t2   R=3   c=25  L1    | narrow     14.2 ns bulk 1.00 tail  4.84 | masked     14.4 ns bulk 1.00 tail  5.58 | control +0.0% | spread 0.0% | col 0.3 ns
t2   R=3   c=25  L2    | narrow     31.4 ns bulk 1.00 tail  0.81 | masked     31.5 ns bulk 1.00 tail  0.84 | control +0.2% | spread 0.2% | col 4.6 ns
t2   R=3   c=25  L3    | narrow     41.1 ns bulk 1.00 tail  0.70 | masked     41.0 ns bulk 1.00 tail  0.60 | control +0.4% | spread 1.8% | col 3.1 ns
t2   R=3   c=25  DRAM  | narrow    121.4 ns bulk 1.00 tail  1.04 | masked    122.0 ns bulk 1.01 tail  0.87 | control -0.2% | spread 1.5% | col 1.7 ns
t2   R=5   c=1   L1    | narrow      4.4 ns bulk 1.00 tail  2.11 | masked      5.5 ns bulk 1.01 tail  3.34 | control -0.2% | spread 0.4% | col 0.9 ns
t2   R=5   c=1   L2    | narrow      5.7 ns bulk 1.00 tail  1.73 | masked      6.1 ns bulk 1.01 tail  1.91 | control +0.0% | spread 0.0% | col 1.9 ns
t2   R=5   c=1   L3    | narrow      8.2 ns bulk 1.00 tail  2.12 | masked      8.2 ns bulk 1.02 tail  2.10 | control -15.7% | spread 1.9% | col 2.7 ns
t2   R=5   c=1   DRAM  | narrow     22.2 ns bulk 1.00 tail  1.58 | masked     21.9 ns bulk 1.00 tail  1.55 | control -1.4% | spread 3.9% | col 12.5 ns
t2   R=5   c=5   L1    | narrow      9.0 ns bulk 1.00 tail  2.97 | masked      9.8 ns bulk 1.01 tail  3.63 | control +0.3% | spread 0.3% | col 1.1 ns
t2   R=5   c=5   L2    | narrow     12.4 ns bulk 1.00 tail  0.93 | masked     12.2 ns bulk 1.03 tail  0.82 | control +0.0% | spread 9.3% | col 4.3 ns
t2   R=5   c=5   L3    | narrow     17.1 ns bulk 1.00 tail  1.03 | masked     16.7 ns bulk 0.99 tail  0.91 | control -1.0% | spread 1.9% | col 2.8 ns
t2   R=5   c=5   DRAM  | narrow     55.6 ns bulk 1.00 tail  1.06 | masked     56.3 ns bulk 1.00 tail  1.22 | control -0.3% | spread 1.3% | col 3.6 ns
t2   R=5   c=25  L1    | narrow     33.1 ns bulk 1.00 tail  4.16 | masked     33.8 ns bulk 1.00 tail  4.74 | control -0.2% | spread 0.2% | col 1.1 ns
t2   R=5   c=25  L2    | narrow     55.8 ns bulk 1.00 tail  1.37 | masked     56.0 ns bulk 0.99 tail  1.41 | control +0.0% | spread 0.2% | col 12.2 ns
t2   R=5   c=25  L3    | narrow     71.7 ns bulk 1.00 tail  1.22 | masked     72.0 ns bulk 1.00 tail  1.30 | control +0.0% | spread 1.1% | col 5.8 ns
t2   R=5   c=25  DRAM  | narrow    200.6 ns bulk 1.00 tail  7.00 | masked    201.1 ns bulk 1.00 tail  8.00 | control +0.1% | spread 2.9% | col 0.3 ns
t2   R=7   c=1   L1    | narrow      5.9 ns bulk 1.00 tail  2.03 | masked      7.3 ns bulk 1.00 tail  2.90 | control +0.0% | spread 0.2% | col 1.6 ns
t2   R=7   c=1   L2    | narrow      6.2 ns bulk 1.00 tail  1.53 | masked      7.3 ns bulk 1.00 tail  2.03 | control +0.5% | spread 0.5% | col 2.3 ns
t2   R=7   c=1   L3    | narrow      9.2 ns bulk 1.00 tail  1.47 | masked      9.6 ns bulk 1.00 tail  1.56 | control +0.4% | spread 12.2% | col 4.5 ns
t2   R=7   c=1   DRAM  | narrow     22.5 ns bulk 1.00 tail  1.27 | masked     22.8 ns bulk 1.00 tail  1.30 | control +0.8% | spread 2.2% | col 15.6 ns
t2   R=7   c=5   L1    | narrow     14.3 ns bulk 1.00 tail  2.43 | masked     15.9 ns bulk 1.00 tail  3.31 | control +0.0% | spread 0.4% | col 1.8 ns
t2   R=7   c=5   L2    | narrow     16.3 ns bulk 1.00 tail  1.23 | masked     16.7 ns bulk 0.99 tail  1.35 | control -0.5% | spread 1.6% | col 3.7 ns
t2   R=7   c=5   L3    | narrow     21.9 ns bulk 1.00 tail  0.20 | masked     22.1 ns bulk 0.98 tail  0.43 | control -0.4% | spread 3.3% | col 2.7 ns
t2   R=7   c=5   DRAM  | narrow     75.5 ns bulk 1.00 tail -0.34 | masked     75.7 ns bulk 1.00 tail -0.34 | control -0.6% | spread 2.1% | col 4.6 ns
t2   R=7   c=25  L1    | narrow     54.0 ns bulk 1.00 tail  2.91 | masked     55.1 ns bulk 1.02 tail  2.86 | control -0.2% | spread 0.2% | col 1.8 ns
t2   R=7   c=25  L2    | narrow     71.9 ns bulk 1.00 tail  1.43 | masked     72.8 ns bulk 1.00 tail  1.50 | control +0.0% | spread 0.3% | col 13.2 ns
t2   R=7   c=25  L3    | narrow     95.2 ns bulk 1.00 tail  1.25 | masked     96.5 ns bulk 1.00 tail  1.45 | control +0.4% | spread 3.6% | col 6.9 ns
t2   R=7   c=25  DRAM  | narrow    287.2 ns bulk 1.00 tail  0.00 | masked    290.2 ns bulk 1.00 tail  0.00 | control -0.1% | spread 1.8% | col 0.0 ns
t2   R=9   c=1   L1    | narrow      8.4 ns bulk 1.00 tail  2.35 | masked     10.0 ns bulk 1.00 tail  3.04 | blk_nar      9.1 ns bulk 1.00 tail  2.67 | blk_msk     10.8 ns bulk 1.00 tail  3.39 | blk_ovr      9.4 ns bulk 1.00 tail  2.77 | control +0.2% | spread 0.2% | col 2.4 ns
t2   R=9   c=1   L2    | narrow      8.1 ns bulk 1.00 tail  1.45 | masked      9.8 ns bulk 1.00 tail  1.91 | blk_nar      9.8 ns bulk 1.00 tail  1.93 | blk_msk     11.9 ns bulk 1.00 tail  2.51 | blk_ovr     11.6 ns bulk 1.00 tail  2.43 | control +0.0% | spread 1.0% | col 3.6 ns
t2   R=9   c=1   L3    | narrow     10.6 ns bulk 1.00 tail  1.56 | masked     11.5 ns bulk 1.00 tail  1.75 | blk_nar     11.6 ns bulk 1.00 tail  1.78 | blk_msk     13.2 ns bulk 1.00 tail  2.08 | blk_ovr     13.5 ns bulk 1.00 tail  2.15 | control -0.6% | spread 16.1% | col 5.0 ns
t2   R=9   c=1   DRAM  | narrow     30.6 ns bulk 1.00 tail  1.58 | masked     31.3 ns bulk 1.00 tail  1.61 | blk_nar     30.4 ns bulk 1.00 tail  1.57 | blk_msk     30.8 ns bulk 1.00 tail  1.59 | blk_ovr     30.7 ns bulk 1.00 tail  1.58 | control +0.0% | spread 7.3% | col 17.6 ns
t2   R=9   c=5   L1    | narrow     22.3 ns bulk 1.00 tail  2.56 | masked     23.2 ns bulk 1.00 tail  2.83 | blk_nar     23.2 ns bulk 1.04 tail  2.62 | blk_msk     24.6 ns bulk 1.00 tail  3.29 | blk_ovr     23.3 ns bulk 1.00 tail  2.87 | control -0.2% | spread 0.3% | col 3.1 ns
t2   R=9   c=5   L2    | narrow     23.4 ns bulk 1.00 tail  2.21 | masked     24.5 ns bulk 1.00 tail  2.51 | blk_nar     24.6 ns bulk 1.09 tail  2.14 | blk_msk     25.4 ns bulk 1.00 tail  2.76 | blk_ovr     24.3 ns bulk 1.00 tail  2.44 | control +0.0% | spread 1.2% | col 3.7 ns
t2   R=9   c=5   L3    | narrow     29.6 ns bulk 1.00 tail  0.25 | masked     30.5 ns bulk 1.02 tail  0.37 | blk_nar     30.2 ns bulk 1.05 tail  0.00 | blk_msk     29.9 ns bulk 1.02 tail  0.17 | blk_ovr     29.5 ns bulk 1.00 tail  0.17 | control +1.3% | spread 13.3% | col 3.0 ns
t2   R=9   c=5   DRAM  | narrow     99.1 ns bulk 1.00 tail  0.00 | masked     99.1 ns bulk 0.99 tail  0.22 | blk_nar    100.7 ns bulk 1.01 tail  0.11 | blk_msk     99.9 ns bulk 0.99 tail  0.49 | blk_ovr     98.7 ns bulk 1.01 tail -0.35 | control -1.1% | spread 1.3% | col 3.8 ns
t2   R=9   c=25  L1    | narrow     88.6 ns bulk 1.00 tail  4.13 | masked     89.2 ns bulk 1.00 tail  4.40 | blk_nar     90.5 ns bulk 1.03 tail  3.80 | blk_msk     90.5 ns bulk 1.00 tail  4.93 | blk_ovr     89.1 ns bulk 1.00 tail  4.40 | control +0.0% | spread 0.4% | col 2.3 ns
t2   R=9   c=25  L2    | narrow     95.4 ns bulk 1.00 tail  4.48 | masked     96.5 ns bulk 1.00 tail  4.91 | blk_nar     96.2 ns bulk 1.04 tail  3.61 | blk_msk     96.2 ns bulk 1.00 tail  4.91 | blk_ovr     96.6 ns bulk 1.00 tail  4.96 | control +0.1% | spread 0.8% | col 2.8 ns
t2   R=9   c=25  L3    | narrow    142.9 ns bulk 1.00 tail 12.00 | masked    142.9 ns bulk 1.00 tail 12.00 | blk_nar    144.3 ns bulk 1.01 tail 11.33 | blk_msk    144.3 ns bulk 0.99 tail 15.33 | blk_ovr    142.9 ns bulk 1.00 tail 12.00 | control -0.7% | spread 10.9% | col 0.7 ns
t2   R=9   c=25  DRAM  | narrow    378.7 ns bulk 1.00 tail  0.00 | masked    380.5 ns bulk 0.99 tail  0.00 | blk_nar    377.4 ns bulk 1.01 tail  0.00 | blk_msk    376.8 ns bulk 0.99 tail  0.00 | blk_ovr    377.4 ns bulk 1.00 tail  0.00 | control +0.0% | spread 2.6% | col -3.7 ns
t2   R=11  c=1   L1    | narrow     11.5 ns bulk 1.00 tail  2.41 | masked     13.4 ns bulk 1.00 tail  2.95 | blk_nar     11.4 ns bulk 1.00 tail  2.39 | blk_msk     13.9 ns bulk 1.00 tail  3.07 | blk_ovr     11.6 ns bulk 1.00 tail  2.45 | control +0.2% | spread 0.4% | col 3.6 ns
t2   R=11  c=1   L2    | narrow     11.7 ns bulk 1.00 tail  2.00 | masked     13.5 ns bulk 1.00 tail  2.42 | blk_nar     11.6 ns bulk 1.00 tail  1.97 | blk_msk     13.9 ns bulk 1.00 tail  2.49 | blk_ovr     12.3 ns bulk 1.00 tail  2.13 | control +0.0% | spread 0.6% | col 4.4 ns
t2   R=11  c=1   L3    | narrow     13.4 ns bulk 1.00 tail  1.44 | masked     14.8 ns bulk 1.00 tail  1.63 | blk_nar     13.6 ns bulk 1.00 tail  1.48 | blk_msk     16.0 ns bulk 1.00 tail  1.80 | blk_ovr     15.4 ns bulk 1.00 tail  1.71 | control +0.0% | spread 1.5% | col 7.3 ns
t2   R=11  c=1   DRAM  | narrow     32.9 ns bulk 1.00 tail  1.36 | masked     32.3 ns bulk 1.00 tail  1.33 | blk_nar     32.0 ns bulk 1.00 tail  1.32 | blk_msk     32.1 ns bulk 1.00 tail  1.33 | blk_ovr     32.3 ns bulk 1.00 tail  1.33 | control +1.1% | spread 1.7% | col 22.1 ns
t2   R=11  c=5   L1    | narrow     30.6 ns bulk 1.00 tail  2.62 | masked     31.9 ns bulk 1.00 tail  2.92 | blk_nar     30.9 ns bulk 1.14 tail  2.08 | blk_msk     32.5 ns bulk 1.00 tail  3.03 | blk_ovr     30.7 ns bulk 1.00 tail  2.63 | control +0.0% | spread 0.4% | col 4.5 ns
t2   R=11  c=5   L2    | narrow     31.9 ns bulk 1.00 tail  2.38 | masked     33.8 ns bulk 0.99 tail  2.79 | blk_nar     32.6 ns bulk 1.11 tail  2.03 | blk_msk     34.2 ns bulk 1.00 tail  2.86 | blk_ovr     32.5 ns bulk 1.00 tail  2.50 | control -0.4% | spread 0.9% | col 4.7 ns
t2   R=11  c=5   L3    | narrow     40.8 ns bulk 1.00 tail  0.91 | masked     42.4 ns bulk 0.99 tail  1.31 | blk_nar     43.3 ns bulk 1.06 tail  0.94 | blk_msk     43.4 ns bulk 1.00 tail  1.50 | blk_ovr     42.1 ns bulk 1.00 tail  1.22 | control +0.4% | spread 2.1% | col 4.6 ns
t2   R=11  c=5   DRAM  | narrow    120.5 ns bulk 1.00 tail  0.62 | masked    120.9 ns bulk 0.99 tail  0.92 | blk_nar    124.5 ns bulk 1.02 tail  0.83 | blk_msk    123.7 ns bulk 0.99 tail  1.38 | blk_ovr    120.9 ns bulk 1.00 tail  0.80 | control +0.0% | spread 5.1% | col 5.3 ns
t2   R=11  c=25  L1    | narrow    120.7 ns bulk 1.00 tail  2.62 | masked    122.7 ns bulk 1.00 tail  3.04 | blk_nar    122.2 ns bulk 1.04 tail  2.00 | blk_msk    123.2 ns bulk 1.00 tail  3.19 | blk_ovr    121.7 ns bulk 1.01 tail  2.69 | control +0.1% | spread 0.1% | col 4.4 ns
t2   R=11  c=25  L2    | narrow    124.9 ns bulk 1.00 tail  2.87 | masked    127.6 ns bulk 1.00 tail  3.49 | blk_nar    126.3 ns bulk 1.04 tail  2.21 | blk_msk    128.7 ns bulk 1.00 tail  3.79 | blk_ovr    127.1 ns bulk 1.01 tail  3.23 | control -0.2% | spread 0.2% | col 4.3 ns
t2   R=11  c=25  L3    | narrow    159.2 ns bulk 1.00 tail  4.50 | masked    160.4 ns bulk 1.00 tail  4.75 | blk_nar    160.9 ns bulk 1.01 tail  4.50 | blk_msk    163.3 ns bulk 1.00 tail  6.50 | blk_ovr    160.9 ns bulk 1.00 tail  5.00 | control -0.4% | spread 1.9% | col 2.4 ns
t2   R=11  c=25  DRAM  | narrow    471.6 ns bulk 1.00 tail  0.00 | masked    466.7 ns bulk 1.00 tail  0.00 | blk_nar    464.8 ns bulk 0.99 tail  0.00 | blk_msk    469.1 ns bulk 1.00 tail  0.00 | blk_ovr    467.9 ns bulk 1.01 tail  0.00 | control -0.9% | spread 2.2% | col -9.9 ns
t2   R=13  c=1   L1    | narrow     15.0 ns bulk 1.00 tail  2.23 | masked     17.2 ns bulk 1.00 tail  2.63 | blk_nar     15.6 ns bulk 1.00 tail  2.34 | blk_msk     18.5 ns bulk 1.00 tail  2.88 | blk_ovr     15.8 ns bulk 1.00 tail  2.39 | control +0.0% | spread 0.2% | col 5.4 ns
t2   R=13  c=1   L2    | narrow     15.0 ns bulk 1.00 tail  2.05 | masked     16.9 ns bulk 1.00 tail  2.37 | blk_nar     15.7 ns bulk 1.00 tail  2.17 | blk_msk     18.5 ns bulk 1.00 tail  2.65 | blk_ovr     15.5 ns bulk 1.00 tail  2.13 | control +0.0% | spread 0.4% | col 5.9 ns
t2   R=13  c=1   L3    | narrow     15.5 ns bulk 1.00 tail  1.65 | masked     17.4 ns bulk 1.00 tail  1.90 | blk_nar     16.7 ns bulk 1.00 tail  1.81 | blk_msk     19.9 ns bulk 1.00 tail  2.23 | blk_ovr     17.2 ns bulk 1.00 tail  1.88 | control -0.3% | spread 0.9% | col 7.7 ns
t2   R=13  c=1   DRAM  | narrow     43.3 ns bulk 1.00 tail  1.56 | masked     42.9 ns bulk 1.00 tail  1.54 | blk_nar     43.1 ns bulk 1.02 tail  1.55 | blk_msk     42.9 ns bulk 1.00 tail  1.54 | blk_ovr     41.1 ns bulk 1.00 tail  1.47 | control -0.4% | spread 3.2% | col 26.0 ns
t2   R=13  c=5   L1    | narrow     39.2 ns bulk 1.00 tail  2.05 | masked     42.7 ns bulk 1.01 tail  2.56 | blk_nar     42.0 ns bulk 1.10 tail  2.09 | blk_msk     44.1 ns bulk 1.01 tail  2.78 | blk_ovr     40.3 ns bulk 1.00 tail  2.21 | control +0.0% | spread 0.0% | col 6.3 ns
t2   R=13  c=5   L2    | narrow     41.9 ns bulk 1.00 tail  2.27 | masked     44.8 ns bulk 1.02 tail  2.64 | blk_nar     45.2 ns bulk 1.11 tail  2.32 | blk_msk     46.6 ns bulk 1.02 tail  2.92 | blk_ovr     43.4 ns bulk 1.02 tail  2.42 | control +0.0% | spread 0.5% | col 6.3 ns
t2   R=13  c=5   L3    | narrow     49.9 ns bulk 1.00 tail  1.24 | masked     52.0 ns bulk 1.00 tail  1.62 | blk_nar     52.0 ns bulk 1.05 tail  1.21 | blk_msk     54.4 ns bulk 1.03 tail  1.83 | blk_ovr     50.7 ns bulk 1.02 tail  1.21 | control +0.8% | spread 5.8% | col 5.6 ns
t2   R=13  c=5   DRAM  | narrow    144.4 ns bulk 1.00 tail  1.72 | masked    143.7 ns bulk 1.00 tail  1.64 | blk_nar    149.7 ns bulk 1.01 tail  2.44 | blk_msk    144.8 ns bulk 1.00 tail  1.92 | blk_ovr    143.5 ns bulk 1.00 tail  1.48 | control -0.3% | spread 3.6% | col 5.1 ns
t2   R=13  c=25  L1    | narrow    163.8 ns bulk 1.00 tail  2.03 | masked    166.7 ns bulk 1.00 tail  2.58 | blk_nar    166.3 ns bulk 1.02 tail  2.07 | blk_msk    168.2 ns bulk 1.00 tail  2.81 | blk_ovr    164.9 ns bulk 1.00 tail  2.14 | control +0.0% | spread 0.0% | col 6.2 ns
t2   R=13  c=25  L2    | narrow    171.4 ns bulk 1.00 tail  3.00 | masked    178.5 ns bulk 1.00 tail  4.27 | blk_nar    178.7 ns bulk 1.02 tail  3.69 | blk_msk    180.9 ns bulk 1.00 tail  4.58 | blk_ovr    177.7 ns bulk 1.00 tail  4.08 | control +0.0% | spread 0.1% | col 5.6 ns
t2   R=13  c=25  L3    | narrow    220.1 ns bulk 1.00 tail  0.00 | masked    228.4 ns bulk 1.00 tail  0.00 | blk_nar    229.9 ns bulk 1.01 tail  0.00 | blk_msk    232.1 ns bulk 0.98 tail  0.00 | blk_ovr    222.4 ns bulk 0.98 tail  0.00 | control -2.7% | spread 7.5% | col -1.1 ns
t2   R=13  c=25  DRAM  | narrow    574.6 ns bulk 1.00 tail  0.00 | masked    565.6 ns bulk 1.00 tail  0.00 | blk_nar    575.4 ns bulk 1.03 tail  0.00 | blk_msk    564.8 ns bulk 1.00 tail  0.00 | blk_ovr    563.9 ns bulk 1.01 tail  0.00 | control -0.7% | spread 1.6% | col -16.4 ns
t2   R=15  c=1   L1    | narrow     19.2 ns bulk 1.00 tail  2.39 | masked     23.3 ns bulk 1.00 tail  3.00 | blk_nar     16.9 ns bulk 1.00 tail  2.07 | blk_msk     20.8 ns bulk 1.00 tail  2.63 | blk_ovr     18.4 ns bulk 1.00 tail  2.28 | control -0.3% | spread 0.3% | col 6.8 ns
t2   R=15  c=1   L2    | narrow     19.4 ns bulk 1.00 tail  2.28 | masked     24.1 ns bulk 1.00 tail  2.93 | blk_nar     17.2 ns bulk 1.00 tail  1.99 | blk_msk     20.6 ns bulk 1.00 tail  2.45 | blk_ovr     18.5 ns bulk 1.00 tail  2.16 | control -0.6% | spread 1.6% | col 7.2 ns
t2   R=15  c=1   L3    | narrow     19.6 ns bulk 1.00 tail  1.22 | masked     24.3 ns bulk 1.00 tail  1.56 | blk_nar     17.9 ns bulk 1.00 tail  1.09 | blk_msk     21.2 ns bulk 1.00 tail  1.34 | blk_ovr     21.3 ns bulk 1.00 tail  1.34 | control +0.0% | spread 1.2% | col 13.8 ns
t2   R=15  c=1   DRAM  | narrow     50.5 ns bulk 1.00 tail  1.58 | masked     49.8 ns bulk 1.00 tail  1.55 | blk_nar     43.9 ns bulk 1.00 tail  1.36 | blk_msk     46.0 ns bulk 1.00 tail  1.43 | blk_ovr     43.2 ns bulk 1.00 tail  1.33 | control -4.3% | spread 6.0% | col 30.2 ns
t2   R=15  c=5   L1    | narrow     50.0 ns bulk 1.00 tail  2.25 | masked     54.1 ns bulk 1.00 tail  2.79 | blk_nar     51.2 ns bulk 1.14 tail  1.82 | blk_msk     52.2 ns bulk 1.00 tail  2.55 | blk_ovr     49.2 ns bulk 1.00 tail  2.15 | control +0.1% | spread 0.0% | col 7.7 ns
t2   R=15  c=5   L2    | narrow     52.1 ns bulk 1.00 tail  2.41 | masked     56.0 ns bulk 1.00 tail  2.92 | blk_nar     54.1 ns bulk 1.14 tail  2.03 | blk_msk     54.0 ns bulk 0.99 tail  2.72 | blk_ovr     52.0 ns bulk 0.99 tail  2.42 | control +0.0% | spread 0.4% | col 7.6 ns
t2   R=15  c=5   L3    | narrow     65.8 ns bulk 1.00 tail  1.33 | masked     70.6 ns bulk 1.01 tail  1.77 | blk_nar     69.1 ns bulk 1.05 tail  1.38 | blk_msk     67.3 ns bulk 1.00 tail  1.47 | blk_ovr     66.7 ns bulk 1.00 tail  1.45 | control +1.7% | spread 9.1% | col 9.6 ns
t2   R=15  c=5   DRAM  | narrow    171.6 ns bulk 1.00 tail  2.65 | masked    178.4 ns bulk 1.00 tail  3.48 | blk_nar    180.5 ns bulk 1.03 tail  3.23 | blk_msk    165.4 ns bulk 0.98 tail  2.22 | blk_ovr    170.4 ns bulk 0.99 tail  2.74 | control +1.8% | spread 4.3% | col 7.8 ns
t2   R=15  c=25  L1    | narrow    202.8 ns bulk 1.00 tail  1.93 | masked    207.1 ns bulk 1.00 tail  2.49 | blk_nar    201.5 ns bulk 1.00 tail  1.70 | blk_msk    203.6 ns bulk 0.99 tail  2.33 | blk_ovr    201.5 ns bulk 0.99 tail  1.93 | control +0.0% | spread 0.0% | col 7.8 ns
t2   R=15  c=25  L2    | narrow    206.8 ns bulk 1.00 tail  2.85 | masked    212.0 ns bulk 1.00 tail  3.73 | blk_nar    209.4 ns bulk 1.02 tail  2.69 | blk_msk    205.7 ns bulk 0.99 tail  3.04 | blk_ovr    207.3 ns bulk 1.00 tail  3.04 | control +0.1% | spread 0.1% | col 6.8 ns
t2   R=15  c=25  L3    | narrow    273.6 ns bulk 1.00 tail  3.20 | masked    281.3 ns bulk 0.99 tail  7.20 | blk_nar    283.5 ns bulk 1.02 tail  4.80 | blk_msk    272.5 ns bulk 1.00 tail  2.80 | blk_ovr    275.8 ns bulk 1.04 tail  0.40 | control +1.6% | spread 6.0% | col 2.7 ns
t2   R=15  c=25  DRAM  | narrow    701.8 ns bulk 1.00 tail  0.00 | masked    695.6 ns bulk 1.03 tail  0.00 | blk_nar    699.1 ns bulk 1.00 tail  0.00 | blk_msk    703.5 ns bulk 0.99 tail  0.00 | blk_ovr    703.5 ns bulk 0.99 tail  0.00 | control -0.8% | spread 2.1% | col -22.4 ns
t2   R=17  c=1   L1    | narrow     24.1 ns bulk 1.00 tail  2.12 | masked     27.8 ns bulk 1.00 tail  2.50 | blk_nar     20.5 ns bulk 1.00 tail  1.77 | blk_msk     24.6 ns bulk 1.00 tail  2.18 | blk_ovr     21.7 ns bulk 1.00 tail  1.89 | control +0.0% | spread 0.2% | col 10.0 ns
t2   R=17  c=1   L2    | narrow     25.1 ns bulk 1.00 tail  2.18 | masked     28.8 ns bulk 1.00 tail  2.54 | blk_nar     21.2 ns bulk 1.00 tail  1.80 | blk_msk     25.7 ns bulk 1.00 tail  2.23 | blk_ovr     21.9 ns bulk 1.00 tail  1.86 | control -0.4% | spread 0.4% | col 10.2 ns
t2   R=17  c=1   L3    | narrow     25.7 ns bulk 1.00 tail  1.54 | masked     28.8 ns bulk 1.00 tail  1.75 | blk_nar     22.6 ns bulk 1.00 tail  1.33 | blk_msk     26.8 ns bulk 1.00 tail  1.61 | blk_ovr     23.8 ns bulk 1.00 tail  1.41 | control +0.0% | spread 0.7% | col 14.9 ns
t2   R=17  c=1   DRAM  | narrow     58.2 ns bulk 1.00 tail  1.61 | masked     58.2 ns bulk 1.00 tail  1.60 | blk_nar     54.2 ns bulk 1.00 tail  1.49 | blk_msk     54.6 ns bulk 1.00 tail  1.50 | blk_ovr     54.2 ns bulk 1.00 tail  1.49 | control -0.9% | spread 1.8% | col 34.5 ns
t2   R=17  c=5   L1    | narrow     63.0 ns bulk 1.00 tail  2.41 | masked     67.6 ns bulk 1.00 tail  2.91 | blk_nar     65.0 ns bulk 1.11 tail  2.11 | blk_msk     66.1 ns bulk 1.01 tail  2.70 | blk_ovr     62.1 ns bulk 1.00 tail  2.30 | control +0.0% | spread 0.2% | col 8.9 ns
t2   R=17  c=5   L2    | narrow     67.6 ns bulk 1.00 tail  2.56 | masked     71.3 ns bulk 1.00 tail  2.95 | blk_nar     71.2 ns bulk 1.20 tail  2.04 | blk_msk     70.4 ns bulk 1.02 tail  2.78 | blk_ovr     65.1 ns bulk 0.99 tail  2.32 | control +0.2% | spread 0.4% | col 9.5 ns
t2   R=17  c=5   L3    | narrow     83.6 ns bulk 1.00 tail  1.30 | masked     82.6 ns bulk 1.02 tail  1.15 | blk_nar     86.3 ns bulk 1.23 tail  0.59 | blk_msk     83.1 ns bulk 1.03 tail  1.13 | blk_ovr     79.6 ns bulk 1.01 tail  1.02 | control -0.6% | spread 9.3% | col 16.4 ns
t2   R=17  c=5   DRAM  | narrow    196.9 ns bulk 1.00 tail  1.57 | masked    197.4 ns bulk 0.99 tail  1.70 | blk_nar    210.3 ns bulk 1.17 tail  0.46 | blk_msk    200.3 ns bulk 0.99 tail  1.93 | blk_ovr    200.5 ns bulk 1.00 tail  1.87 | control +0.8% | spread 3.4% | col 14.5 ns
t2   R=17  c=25  L1    | narrow    246.0 ns bulk 1.00 tail  2.31 | masked    250.3 ns bulk 1.00 tail  2.88 | blk_nar    250.3 ns bulk 1.03 tail  2.00 | blk_msk    250.0 ns bulk 1.00 tail  2.64 | blk_ovr    243.8 ns bulk 1.00 tail  2.17 | control +0.1% | spread 0.1% | col 9.2 ns
t2   R=17  c=25  L2    | narrow    261.6 ns bulk 1.00 tail  3.80 | masked    266.1 ns bulk 1.00 tail  4.67 | blk_nar    281.8 ns bulk 1.08 tail  4.07 | blk_msk    271.5 ns bulk 1.02 tail  4.73 | blk_ovr    257.9 ns bulk 0.99 tail  3.53 | control +0.3% | spread 0.8% | col 6.2 ns
t2   R=17  c=25  L3    | narrow    332.6 ns bulk 1.00 tail  5.33 | masked    339.1 ns bulk 1.01 tail  7.33 | blk_nar    352.2 ns bulk 1.05 tail  7.33 | blk_msk    338.0 ns bulk 1.02 tail  4.67 | blk_ovr    327.2 ns bulk 1.00 tail  2.00 | control +0.3% | spread 4.2% | col 1.6 ns
t2   R=17  c=25  DRAM  | narrow    813.5 ns bulk 1.00 tail -2.32 | masked    832.6 ns bulk 1.02 tail -1.92 | blk_nar    810.1 ns bulk 1.01 tail -3.12 | blk_msk    810.1 ns bulk 1.01 tail -3.04 | blk_ovr    824.7 ns bulk 1.01 tail -2.24 | control +1.0% | spread 2.5% | col 14.0 ns
t2   R=19  c=1   L1    | narrow     27.5 ns bulk 1.00 tail  1.98 | masked     37.2 ns bulk 0.98 tail  2.76 | blk_nar     24.4 ns bulk 1.00 tail  1.73 | blk_msk     30.6 ns bulk 0.98 tail  2.23 | blk_ovr     25.4 ns bulk 0.98 tail  1.82 | control +0.0% | spread 0.3% | col 12.5 ns
t2   R=19  c=1   L2    | narrow     28.4 ns bulk 1.00 tail  2.05 | masked     37.9 ns bulk 1.00 tail  2.80 | blk_nar     24.8 ns bulk 1.00 tail  1.76 | blk_msk     30.3 ns bulk 1.00 tail  2.19 | blk_ovr     26.1 ns bulk 1.00 tail  1.86 | control +0.0% | spread 0.3% | col 12.6 ns
t2   R=19  c=1   L3    | narrow     29.6 ns bulk 1.00 tail  1.88 | masked     41.3 ns bulk 1.00 tail  2.69 | blk_nar     25.2 ns bulk 1.00 tail  1.57 | blk_msk     31.1 ns bulk 1.00 tail  1.98 | blk_ovr     26.7 ns bulk 1.00 tail  1.67 | control -1.9% | spread 2.4% | col 14.4 ns
t2   R=19  c=1   DRAM  | narrow     56.7 ns bulk 1.00 tail  1.46 | masked     60.0 ns bulk 1.00 tail  1.55 | blk_nar     54.6 ns bulk 1.00 tail  1.41 | blk_msk     57.8 ns bulk 1.00 tail  1.49 | blk_ovr     56.5 ns bulk 1.00 tail  1.46 | control +0.7% | spread 3.0% | col 37.0 ns
t2   R=19  c=5   L1    | narrow     75.6 ns bulk 1.00 tail  2.25 | masked     87.8 ns bulk 1.00 tail  3.29 | blk_nar     76.4 ns bulk 1.07 tail  1.99 | blk_msk     78.5 ns bulk 1.00 tail  2.52 | blk_ovr     76.7 ns bulk 1.00 tail  2.34 | control +0.0% | spread 0.1% | col 11.4 ns
t2   R=19  c=5   L2    | narrow     81.4 ns bulk 1.00 tail  2.45 | masked     92.8 ns bulk 1.06 tail  3.17 | blk_nar     85.4 ns bulk 1.13 tail  2.23 | blk_msk     85.5 ns bulk 1.03 tail  2.67 | blk_ovr     78.8 ns bulk 0.99 tail  2.27 | control +0.1% | spread 0.6% | col 11.9 ns
t2   R=19  c=5   L3    | narrow     96.2 ns bulk 1.00 tail  1.61 | masked    109.0 ns bulk 1.00 tail  2.45 | blk_nar     98.4 ns bulk 1.12 tail  1.20 | blk_msk    103.2 ns bulk 1.00 tail  2.06 | blk_ovr     92.3 ns bulk 0.98 tail  1.44 | control -1.7% | spread 5.7% | col 14.9 ns
t2   R=19  c=5   DRAM  | narrow    228.0 ns bulk 1.00 tail  1.79 | masked    242.6 ns bulk 1.01 tail  2.39 | blk_nar    229.8 ns bulk 1.12 tail  0.89 | blk_msk    231.5 ns bulk 1.00 tail  1.96 | blk_ovr    225.6 ns bulk 1.01 tail  1.63 | control +0.4% | spread 1.6% | col 22.3 ns
t2   R=19  c=25  L1    | narrow    299.2 ns bulk 1.00 tail  2.17 | masked    311.7 ns bulk 1.01 tail  3.13 | blk_nar    327.5 ns bulk 1.10 tail  2.33 | blk_msk    310.9 ns bulk 1.02 tail  2.70 | blk_ovr    307.2 ns bulk 1.00 tail  2.83 | control +0.1% | spread 0.1% | col 11.3 ns
t2   R=19  c=25  L2    | narrow    324.3 ns bulk 1.00 tail  3.50 | masked    340.9 ns bulk 1.02 tail  4.59 | blk_nar    335.6 ns bulk 1.02 tail  4.05 | blk_msk    335.6 ns bulk 1.02 tail  4.05 | blk_ovr    318.6 ns bulk 0.99 tail  3.23 | control +0.1% | spread 0.4% | col 8.9 ns
t2   R=19  c=25  L3    | narrow    382.6 ns bulk 1.00 tail  2.31 | masked    407.0 ns bulk 1.02 tail  4.62 | blk_nar    404.7 ns bulk 1.04 tail  3.38 | blk_msk    403.5 ns bulk 1.02 tail  4.15 | blk_ovr    384.9 ns bulk 0.99 tail  2.92 | control +1.2% | spread 2.1% | col 7.6 ns
t2   R=19  c=25  DRAM  | narrow    904.7 ns bulk 1.00 tail  0.00 | masked    911.6 ns bulk 1.00 tail  0.00 | blk_nar    916.3 ns bulk 1.00 tail  0.00 | blk_msk    908.1 ns bulk 1.01 tail  0.00 | blk_ovr    908.1 ns bulk 1.00 tail  0.00 | control -0.4% | spread 1.8% | col -7.6 ns
t2   R=21  c=1   L1    | narrow     32.9 ns bulk 1.00 tail  1.86 | masked     40.2 ns bulk 0.98 tail  2.31 | blk_nar     28.1 ns bulk 0.98 tail  1.57 | blk_msk     34.4 ns bulk 0.98 tail  1.95 | blk_ovr     29.6 ns bulk 0.98 tail  1.66 | control +0.0% | spread 0.0% | col 16.3 ns
t2   R=21  c=1   L2    | narrow     34.0 ns bulk 1.00 tail  1.92 | masked     41.3 ns bulk 1.00 tail  2.36 | blk_nar     28.4 ns bulk 1.00 tail  1.57 | blk_msk     34.1 ns bulk 1.00 tail  1.92 | blk_ovr     30.2 ns bulk 1.00 tail  1.69 | control +0.0% | spread 0.2% | col 16.4 ns
t2   R=21  c=1   L3    | narrow     37.3 ns bulk 1.00 tail  1.56 | masked     41.9 ns bulk 1.00 tail  1.76 | blk_nar     29.3 ns bulk 1.00 tail  1.20 | blk_msk     34.8 ns bulk 1.00 tail  1.45 | blk_ovr     31.3 ns bulk 1.00 tail  1.29 | control -0.2% | spread 4.9% | col 22.2 ns
t2   R=21  c=1   DRAM  | narrow     64.8 ns bulk 1.00 tail  1.43 | masked     66.7 ns bulk 1.00 tail  1.47 | blk_nar     62.2 ns bulk 1.00 tail  1.37 | blk_msk     65.3 ns bulk 1.00 tail  1.44 | blk_ovr     64.7 ns bulk 1.00 tail  1.43 | control +0.9% | spread 3.2% | col 43.4 ns
t2   R=21  c=5   L1    | narrow     91.9 ns bulk 1.00 tail  2.34 | masked    100.0 ns bulk 1.02 tail  2.88 | blk_nar     92.6 ns bulk 1.10 tail  1.93 | blk_msk     97.2 ns bulk 1.00 tail  2.72 | blk_ovr     91.9 ns bulk 1.01 tail  2.28 | control +0.0% | spread 0.1% | col 13.2 ns
t2   R=21  c=5   L2    | narrow     99.0 ns bulk 1.00 tail  2.37 | masked    106.1 ns bulk 0.99 tail  2.90 | blk_nar    102.2 ns bulk 1.16 tail  1.86 | blk_msk    101.9 ns bulk 1.00 tail  2.59 | blk_ovr     97.6 ns bulk 1.00 tail  2.28 | control +0.0% | spread 0.3% | col 14.3 ns
t2   R=21  c=5   L3    | narrow    114.0 ns bulk 1.00 tail  1.56 | masked    122.3 ns bulk 0.98 tail  2.18 | blk_nar    119.1 ns bulk 1.13 tail  1.16 | blk_msk    116.2 ns bulk 0.98 tail  1.82 | blk_ovr    110.8 ns bulk 0.98 tail  1.49 | control -1.3% | spread 5.7% | col 16.2 ns
t2   R=21  c=5   DRAM  | narrow    267.3 ns bulk 1.00 tail  1.46 | masked    268.3 ns bulk 1.01 tail  1.37 | blk_nar    264.1 ns bulk 1.03 tail  1.03 | blk_msk    261.2 ns bulk 1.00 tail  1.18 | blk_ovr    254.1 ns bulk 1.01 tail  0.84 | control -1.2% | spread 2.3% | col 23.8 ns
t2   R=21  c=25  L1    | narrow    357.4 ns bulk 1.00 tail  2.44 | masked    362.3 ns bulk 0.99 tail  2.98 | blk_nar    367.7 ns bulk 1.03 tail  2.41 | blk_msk    359.2 ns bulk 1.00 tail  2.58 | blk_ovr    356.1 ns bulk 1.00 tail  2.34 | control +0.1% | spread 0.4% | col 13.2 ns
t2   R=21  c=25  L2    | narrow    404.6 ns bulk 1.00 tail  4.92 | masked    408.7 ns bulk 1.00 tail  5.49 | blk_nar    440.5 ns bulk 1.09 tail  5.18 | blk_msk    408.2 ns bulk 1.00 tail  5.23 | blk_ovr    405.6 ns bulk 1.00 tail  4.92 | control +0.1% | spread 0.5% | col 10.0 ns
t2   R=21  c=25  L3    | narrow    491.8 ns bulk 1.00 tail  7.23 | masked    486.3 ns bulk 1.01 tail  6.00 | blk_nar    520.5 ns bulk 1.10 tail  5.85 | blk_msk    482.2 ns bulk 1.02 tail  5.23 | blk_ovr    463.0 ns bulk 1.02 tail  2.92 | control -5.0% | spread 4.2% | col 8.9 ns
t2   R=21  c=25  DRAM  | narrow   1033.8 ns bulk 1.00 tail  0.00 | masked   1035.2 ns bulk 1.00 tail  0.00 | blk_nar   1042.3 ns bulk 0.99 tail  0.00 | blk_msk   1040.8 ns bulk 1.00 tail  0.00 | blk_ovr   1042.3 ns bulk 1.01 tail  0.00 | control +0.8% | spread 2.3% | col -15.5 ns
t2   R=23  c=1   L1    | narrow     39.8 ns bulk 1.00 tail  1.68 | masked     48.7 ns bulk 1.00 tail  2.08 | blk_nar     33.0 ns bulk 1.00 tail  1.37 | blk_msk     38.9 ns bulk 1.00 tail  1.64 | blk_ovr     35.1 ns bulk 1.00 tail  1.47 | control +0.0% | spread 0.4% | col 22.1 ns
t2   R=23  c=1   L2    | narrow     41.1 ns bulk 1.00 tail  1.64 | masked     50.1 ns bulk 1.00 tail  2.03 | blk_nar     33.8 ns bulk 1.00 tail  1.33 | blk_msk     39.6 ns bulk 1.00 tail  1.58 | blk_ovr     35.4 ns bulk 1.00 tail  1.40 | control -0.2% | spread 0.4% | col 23.4 ns
t2   R=23  c=1   L3    | narrow     43.5 ns bulk 1.00 tail  1.49 | masked     50.5 ns bulk 1.00 tail  1.74 | blk_nar     34.2 ns bulk 1.00 tail  1.15 | blk_msk     41.0 ns bulk 1.00 tail  1.40 | blk_ovr     35.7 ns bulk 1.00 tail  1.20 | control -0.2% | spread 0.4% | col 27.5 ns
t2   R=23  c=1   DRAM  | narrow     71.1 ns bulk 1.00 tail  1.39 | masked     76.5 ns bulk 1.00 tail  1.50 | blk_nar     63.8 ns bulk 1.00 tail  1.24 | blk_msk     80.6 ns bulk 1.00 tail  1.58 | blk_ovr     64.6 ns bulk 1.00 tail  1.26 | control -0.3% | spread 2.5% | col 49.2 ns
t2   R=23  c=5   L1    | narrow    116.0 ns bulk 1.00 tail  2.25 | masked    126.1 ns bulk 1.00 tail  2.88 | blk_nar    122.7 ns bulk 1.14 tail  2.01 | blk_msk    116.6 ns bulk 1.01 tail  2.26 | blk_ovr    112.8 ns bulk 1.00 tail  2.08 | control +0.0% | spread 0.3% | col 16.7 ns
t2   R=23  c=5   L2    | narrow    120.9 ns bulk 1.00 tail  2.27 | masked    131.8 ns bulk 1.00 tail  2.88 | blk_nar    138.3 ns bulk 1.27 tail  2.01 | blk_msk    123.4 ns bulk 1.01 tail  2.39 | blk_ovr    119.6 ns bulk 1.01 tail  2.17 | control +0.2% | spread 0.2% | col 17.7 ns
t2   R=23  c=5   L3    | narrow    143.0 ns bulk 1.00 tail  1.46 | masked    156.6 ns bulk 0.99 tail  2.14 | blk_nar    162.8 ns bulk 1.18 tail  1.44 | blk_msk    152.9 ns bulk 1.00 tail  1.92 | blk_ovr    147.5 ns bulk 1.00 tail  1.69 | control +2.9% | spread 4.6% | col 21.3 ns
t2   R=23  c=5   DRAM  | narrow    303.9 ns bulk 1.00 tail  1.22 | masked    314.2 ns bulk 1.00 tail  1.53 | blk_nar    321.3 ns bulk 1.08 tail  1.13 | blk_msk    306.7 ns bulk 1.00 tail  1.32 | blk_ovr    299.6 ns bulk 1.00 tail  1.06 | control -0.6% | spread 2.2% | col 31.1 ns
t2   R=23  c=25  L1    | narrow    457.2 ns bulk 1.00 tail  2.36 | masked    470.5 ns bulk 1.01 tail  2.82 | blk_nar    476.3 ns bulk 1.07 tail  1.91 | blk_msk    461.8 ns bulk 1.01 tail  2.30 | blk_ovr    454.3 ns bulk 1.00 tail  2.12 | control +0.1% | spread 0.4% | col 19.1 ns
t2   R=23  c=25  L2    | narrow    508.7 ns bulk 1.00 tail  2.73 | masked    520.0 ns bulk 1.01 tail  3.06 | blk_nar    604.0 ns bulk 1.22 tail  2.71 | blk_msk    504.7 ns bulk 1.01 tail  2.46 | blk_ovr    503.3 ns bulk 1.00 tail  2.48 | control +0.3% | spread 0.4% | col 26.3 ns
t2   R=23  c=25  L3    | narrow    619.0 ns bulk 1.00 tail  2.20 | masked    625.9 ns bulk 1.01 tail  2.30 | blk_nar    743.1 ns bulk 1.25 tail  1.10 | blk_msk    620.7 ns bulk 1.01 tail  2.10 | blk_ovr    613.8 ns bulk 1.02 tail  1.30 | control +0.3% | spread 1.4% | col 17.2 ns
t2   R=23  c=25  DRAM  | narrow   1200.0 ns bulk 1.00 tail -4.00 | masked   1206.6 ns bulk 1.01 tail -4.00 | blk_nar   1245.9 ns bulk 1.13 tail -12.11 | blk_msk   1195.1 ns bulk 1.01 tail -5.00 | blk_ovr   1204.9 ns bulk 1.01 tail -4.22 | control -1.6% | spread 2.6% | col 14.8 ns
t2   R=25  c=1   L1    | narrow     46.1 ns bulk 1.00 tail  1.65 | masked     55.0 ns bulk 1.00 tail  1.98 | blk_nar     39.8 ns bulk 1.00 tail  1.41 | blk_msk     47.2 ns bulk 1.00 tail  1.69 | blk_ovr     41.4 ns bulk 1.00 tail  1.47 | control +0.0% | spread 0.4% | col 26.4 ns
t2   R=25  c=1   L2    | narrow     47.9 ns bulk 1.00 tail  1.56 | masked     56.7 ns bulk 1.00 tail  1.87 | blk_nar     39.7 ns bulk 1.00 tail  1.28 | blk_msk     48.1 ns bulk 1.00 tail  1.57 | blk_ovr     41.3 ns bulk 1.00 tail  1.33 | control +0.2% | spread 0.2% | col 28.9 ns
t2   R=25  c=1   L3    | narrow     52.9 ns bulk 1.00 tail  1.56 | masked     57.8 ns bulk 1.00 tail  1.71 | blk_nar     40.1 ns bulk 1.00 tail  1.16 | blk_msk     49.1 ns bulk 1.00 tail  1.44 | blk_ovr     42.4 ns bulk 1.00 tail  1.23 | control -0.2% | spread 1.7% | col 32.3 ns
t2   R=25  c=1   DRAM  | narrow     86.3 ns bulk 1.00 tail  1.52 | masked     92.4 ns bulk 0.96 tail  1.63 | blk_nar     74.6 ns bulk 0.96 tail  1.31 | blk_msk     80.8 ns bulk 0.96 tail  1.42 | blk_ovr     74.8 ns bulk 0.96 tail  1.31 | control +0.0% | spread 1.4% | col 54.9 ns
t2   R=25  c=5   L1    | narrow    138.3 ns bulk 1.00 tail  2.33 | masked    148.2 ns bulk 1.01 tail  2.77 | blk_nar    137.9 ns bulk 1.08 tail  1.94 | blk_msk    138.7 ns bulk 1.00 tail  2.34 | blk_ovr    135.6 ns bulk 1.00 tail  2.17 | control +0.0% | spread 0.0% | col 20.0 ns
t2   R=25  c=5   L2    | narrow    148.4 ns bulk 1.00 tail  2.34 | masked    159.5 ns bulk 1.00 tail  2.84 | blk_nar    157.2 ns bulk 1.15 tail  2.09 | blk_msk    147.5 ns bulk 1.00 tail  2.29 | blk_ovr    144.1 ns bulk 1.00 tail  2.13 | control -0.1% | spread 0.3% | col 22.0 ns
t2   R=25  c=5   L3    | narrow    173.5 ns bulk 1.00 tail  1.53 | masked    189.8 ns bulk 1.01 tail  2.05 | blk_nar    193.4 ns bulk 1.13 tail  1.65 | blk_msk    177.0 ns bulk 1.02 tail  1.56 | blk_ovr    172.6 ns bulk 1.02 tail  1.42 | control +1.5% | spread 9.9% | col 28.1 ns
t2   R=25  c=5   DRAM  | narrow    332.3 ns bulk 1.00 tail  1.12 | masked    349.2 ns bulk 0.99 tail  1.70 | blk_nar    350.8 ns bulk 1.04 tail  1.33 | blk_msk    333.1 ns bulk 1.00 tail  1.17 | blk_ovr    331.5 ns bulk 1.00 tail  1.07 | control -0.5% | spread 1.5% | col 32.7 ns
t2   R=25  c=25  L1    | narrow    545.8 ns bulk 1.00 tail  2.24 | masked    558.3 ns bulk 1.00 tail  2.75 | blk_nar    552.8 ns bulk 1.03 tail  1.85 | blk_msk    547.9 ns bulk 1.00 tail  2.33 | blk_ovr    558.3 ns bulk 1.01 tail  2.51 | control +0.4% | spread 0.5% | col 23.3 ns
t2   R=25  c=25  L2    | narrow    676.4 ns bulk 1.00 tail  4.69 | masked    685.8 ns bulk 1.00 tail  5.07 | blk_nar    697.2 ns bulk 1.08 tail  3.86 | blk_msk    672.6 ns bulk 0.99 tail  4.69 | blk_ovr    670.8 ns bulk 1.00 tail  4.52 | control +0.3% | spread 1.1% | col 27.4 ns
t2   R=25  c=25  L3    | narrow    830.4 ns bulk 1.00 tail  3.89 | masked    847.8 ns bulk 0.99 tail  4.50 | blk_nar    832.6 ns bulk 1.11 tail  2.06 | blk_msk    817.4 ns bulk 0.98 tail  3.83 | blk_ovr    821.7 ns bulk 0.99 tail  3.83 | control -0.8% | spread 4.2% | col 39.1 ns
t2   R=25  c=25  DRAM  | narrow   1405.8 ns bulk 1.00 tail -5.29 | masked   1411.5 ns bulk 0.99 tail -4.47 | blk_nar   1396.2 ns bulk 1.02 tail -7.65 | blk_msk   1396.2 ns bulk 1.00 tail -5.65 | blk_ovr   1388.5 ns bulk 0.99 tail -5.06 | control -0.7% | spread 2.5% | col 16.3 ns
t2   R=27  c=1   L1    | narrow     56.4 ns bulk 1.00 tail  1.69 | masked     64.6 ns bulk 1.00 tail  1.95 | blk_nar     44.1 ns bulk 1.00 tail  1.30 | blk_msk     51.9 ns bulk 1.00 tail  1.55 | blk_ovr     45.3 ns bulk 1.00 tail  1.34 | control -0.4% | spread 0.4% | col 31.8 ns
t2   R=27  c=1   L2    | narrow     57.4 ns bulk 1.00 tail  1.70 | masked     66.5 ns bulk 1.00 tail  1.98 | blk_nar     44.7 ns bulk 1.00 tail  1.31 | blk_msk     52.1 ns bulk 1.00 tail  1.54 | blk_ovr     46.2 ns bulk 1.00 tail  1.35 | control +0.0% | spread 0.6% | col 32.2 ns
t2   R=27  c=1   L3    | narrow     71.2 ns bulk 1.00 tail  1.76 | masked     67.3 ns bulk 1.00 tail  1.66 | blk_nar     45.2 ns bulk 1.00 tail  1.09 | blk_msk     53.2 ns bulk 1.00 tail  1.30 | blk_ovr     47.1 ns bulk 1.00 tail  1.14 | control +0.2% | spread 0.8% | col 38.9 ns
t2   R=27  c=1   DRAM  | narrow     94.0 ns bulk 1.00 tail  1.56 | masked     97.7 ns bulk 1.00 tail  1.63 | blk_nar     79.3 ns bulk 1.00 tail  1.31 | blk_msk     84.8 ns bulk 1.00 tail  1.41 | blk_ovr     80.8 ns bulk 1.00 tail  1.34 | control -1.0% | spread 2.3% | col 58.4 ns
t2   R=27  c=5   L1    | narrow    164.8 ns bulk 1.00 tail  2.36 | masked    171.2 ns bulk 1.00 tail  2.64 | blk_nar    162.1 ns bulk 1.08 tail  1.89 | blk_msk    160.0 ns bulk 1.00 tail  2.19 | blk_ovr    152.2 ns bulk 1.00 tail  1.86 | control +0.0% | spread 0.1% | col 24.5 ns
t2   R=27  c=5   L2    | narrow    170.9 ns bulk 1.00 tail  2.47 | masked    179.0 ns bulk 1.00 tail  2.83 | blk_nar    181.4 ns bulk 1.16 tail  2.17 | blk_msk    167.4 ns bulk 1.00 tail  2.33 | blk_ovr    162.6 ns bulk 1.00 tail  2.11 | control +0.0% | spread 0.4% | col 24.0 ns
t2   R=27  c=5   L3    | narrow    212.5 ns bulk 1.00 tail  2.33 | masked    221.0 ns bulk 1.00 tail  2.59 | blk_nar    220.0 ns bulk 1.16 tail  1.84 | blk_msk    201.5 ns bulk 1.00 tail  1.98 | blk_ovr    197.0 ns bulk 0.98 tail  1.92 | control -1.9% | spread 6.6% | col 30.5 ns
t2   R=27  c=5   DRAM  | narrow    389.9 ns bulk 1.00 tail  1.58 | masked    405.6 ns bulk 1.00 tail  1.91 | blk_nar    398.9 ns bulk 1.06 tail  1.35 | blk_msk    379.2 ns bulk 1.00 tail  1.36 | blk_ovr    388.2 ns bulk 1.01 tail  1.50 | control +1.2% | spread 3.9% | col 44.7 ns
t2   R=27  c=25  L1    | narrow    658.7 ns bulk 1.00 tail  2.27 | masked    671.1 ns bulk 1.00 tail  2.75 | blk_nar    664.5 ns bulk 1.03 tail  1.89 | blk_msk    648.8 ns bulk 1.00 tail  1.95 | blk_ovr    642.1 ns bulk 1.00 tail  1.76 | control +0.1% | spread 0.3% | col 31.0 ns
t2   R=27  c=25  L2    | narrow    714.7 ns bulk 1.00 tail  2.89 | masked    717.4 ns bulk 0.99 tail  3.14 | blk_nar    789.0 ns bulk 1.09 tail  3.59 | blk_msk    704.6 ns bulk 0.99 tail  2.73 | blk_ovr    694.5 ns bulk 0.98 tail  2.54 | control +0.1% | spread 0.4% | col 28.9 ns
t2   R=27  c=25  L3    | narrow    847.3 ns bulk 1.00 tail  2.88 | masked    858.2 ns bulk 1.00 tail  3.75 | blk_nar    925.5 ns bulk 1.13 tail  1.13 | blk_msk    845.5 ns bulk 1.00 tail  2.88 | blk_ovr    825.5 ns bulk 0.99 tail  1.75 | control +1.3% | spread 4.1% | col 14.5 ns
t2   R=27  c=25  DRAM  | narrow   1520.4 ns bulk 1.00 tail  0.00 | masked   1542.9 ns bulk 1.02 tail  0.00 | blk_nar   1538.8 ns bulk 1.04 tail  0.00 | blk_msk   1516.3 ns bulk 1.00 tail  0.00 | blk_ovr   1516.3 ns bulk 0.97 tail  0.00 | control +0.0% | spread 2.4% | col 0.0 ns
t2   R=29  c=1   L1    | narrow     68.1 ns bulk 1.00 tail  1.94 | masked     71.7 ns bulk 1.00 tail  2.05 | blk_nar     56.3 ns bulk 1.00 tail  1.59 | blk_msk     79.8 ns bulk 1.00 tail  2.29 | blk_ovr     65.8 ns bulk 1.00 tail  1.88 | control +0.2% | spread 0.6% | col 33.7 ns
t2   R=29  c=1   L2    | narrow     69.9 ns bulk 1.00 tail  1.80 | masked     73.6 ns bulk 1.00 tail  1.89 | blk_nar     57.8 ns bulk 1.00 tail  1.47 | blk_msk     80.7 ns bulk 1.00 tail  2.08 | blk_ovr     68.2 ns bulk 1.00 tail  1.75 | control +0.0% | spread 0.5% | col 37.4 ns
t2   R=29  c=1   L3    | narrow     84.4 ns bulk 1.00 tail  2.00 | masked     75.0 ns bulk 1.00 tail  1.77 | blk_nar     58.3 ns bulk 1.00 tail  1.36 | blk_msk     83.3 ns bulk 1.00 tail  1.98 | blk_ovr     70.6 ns bulk 1.00 tail  1.67 | control -2.9% | spread 1.0% | col 40.8 ns
t2   R=29  c=1   DRAM  | narrow    114.9 ns bulk 1.00 tail  1.75 | masked    104.9 ns bulk 0.94 tail  1.60 | blk_nar     94.5 ns bulk 0.94 tail  1.44 | blk_msk    111.9 ns bulk 0.94 tail  1.71 | blk_ovr     98.1 ns bulk 0.94 tail  1.49 | control +0.4% | spread 2.1% | col 64.0 ns
t2   R=29  c=5   L1    | narrow    195.3 ns bulk 1.00 tail  2.62 | masked    202.2 ns bulk 1.02 tail  2.81 | blk_nar    285.5 ns bulk 1.81 tail  2.19 | blk_msk    313.7 ns bulk 1.83 tail  3.14 | blk_ovr    234.1 ns bulk 1.34 tail  2.48 | control +0.0% | spread 0.1% | col 26.4 ns
t2   R=29  c=5   L2    | narrow    208.6 ns bulk 1.00 tail  2.81 | masked    215.6 ns bulk 1.03 tail  2.90 | blk_nar    319.9 ns bulk 2.00 tail  2.12 | blk_msk    346.6 ns bulk 2.01 tail  3.04 | blk_ovr    267.1 ns bulk 1.49 tail  2.58 | control +0.1% | spread 0.3% | col 27.8 ns
t2   R=29  c=5   L3    | narrow    256.0 ns bulk 1.00 tail  1.64 | masked    266.3 ns bulk 1.04 tail  1.69 | blk_nar    377.7 ns bulk 1.77 tail  1.40 | blk_msk    406.9 ns bulk 1.79 tail  1.92 | blk_ovr    322.9 ns bulk 1.37 tail  1.68 | control +2.0% | spread 17.4% | col 50.3 ns
t2   R=29  c=5   DRAM  | narrow    423.6 ns bulk 1.00 tail  1.91 | masked    446.6 ns bulk 1.03 tail  2.24 | blk_nar    506.3 ns bulk 1.30 tail  1.45 | blk_msk    523.0 ns bulk 1.30 tail  1.88 | blk_ovr    477.0 ns bulk 1.16 tail  1.87 | control -2.7% | spread 8.0% | col 44.0 ns
t2   R=29  c=25  L1    | narrow    865.9 ns bulk 1.00 tail  4.37 | masked    847.3 ns bulk 0.99 tail  3.93 | blk_nar   1452.7 ns bulk 1.87 tail  3.08 | blk_msk   1515.4 ns bulk 1.95 tail  3.15 | blk_ovr   1095.6 ns bulk 1.40 tail  2.44 | control -0.1% | spread 0.4% | col 32.4 ns
t2   R=29  c=25  L2    | narrow    868.5 ns bulk 1.00 tail  4.92 | masked    879.8 ns bulk 1.02 tail  4.67 | blk_nar   1521.3 ns bulk 1.98 tail  2.42 | blk_msk   1553.9 ns bulk 1.99 tail  3.21 | blk_ovr   1242.7 ns bulk 1.49 tail  5.54 | control +0.1% | spread 0.4% | col 27.0 ns
t2   R=29  c=25  L3    | narrow   1012.8 ns bulk 1.00 tail  5.65 | masked   1019.1 ns bulk 1.02 tail  4.82 | blk_nar   1678.7 ns bulk 1.78 tail  3.06 | blk_msk   1700.0 ns bulk 1.78 tail  4.59 | blk_ovr   1412.8 ns bulk 1.39 tail  8.35 | control +0.6% | spread 4.2% | col 18.1 ns
t2   R=29  c=25  DRAM  | narrow   1704.9 ns bulk 1.00 tail -0.52 | masked   1707.3 ns bulk 1.00 tail -0.52 | blk_nar   2239.0 ns bulk 1.34 tail -1.52 | blk_msk   2268.3 ns bulk 1.32 tail -0.38 | blk_ovr   1939.0 ns bulk 1.16 tail -1.33 | control +0.0% | spread 2.1% | col 51.2 ns
t2   R=31  c=1   L1    | narrow     74.7 ns bulk 1.00 tail  1.89 | masked     89.2 ns bulk 1.00 tail  2.27 | blk_nar     61.8 ns bulk 1.00 tail  1.55 | blk_msk     77.7 ns bulk 1.00 tail  1.97 | blk_ovr     74.5 ns bulk 1.00 tail  1.89 | control +0.0% | spread 0.2% | col 38.0 ns
t2   R=31  c=1   L2    | narrow     76.2 ns bulk 1.00 tail  1.89 | masked     88.9 ns bulk 1.00 tail  2.21 | blk_nar     64.0 ns bulk 1.00 tail  1.57 | blk_msk     79.7 ns bulk 1.00 tail  1.98 | blk_ovr     76.7 ns bulk 0.92 tail  1.91 | control +0.0% | spread 0.9% | col 38.9 ns
t2   R=31  c=1   L3    | narrow     85.6 ns bulk 1.00 tail  1.94 | masked     95.6 ns bulk 1.00 tail  2.18 | blk_nar     64.5 ns bulk 1.00 tail  1.45 | blk_msk     81.5 ns bulk 1.00 tail  1.85 | blk_ovr     78.7 ns bulk 1.00 tail  1.78 | control -2.5% | spread 3.2% | col 42.6 ns
t2   R=31  c=1   DRAM  | narrow    113.2 ns bulk 1.00 tail  1.57 | masked    124.3 ns bulk 1.00 tail  1.73 | blk_nar    106.3 ns bulk 1.00 tail  1.48 | blk_msk    113.8 ns bulk 1.00 tail  1.58 | blk_ovr    108.6 ns bulk 1.00 tail  1.51 | control +0.0% | spread 1.5% | col 70.3 ns
t2   R=31  c=5   L1    | narrow    216.3 ns bulk 1.00 tail  2.38 | masked    230.7 ns bulk 1.00 tail  2.83 | blk_nar    246.1 ns bulk 1.36 tail  1.79 | blk_msk    265.1 ns bulk 1.35 tail  2.39 | blk_ovr    269.6 ns bulk 1.41 tail  2.28 | control -0.1% | spread 0.1% | col 32.8 ns
t2   R=31  c=5   L2    | narrow    228.1 ns bulk 1.00 tail  2.58 | masked    242.0 ns bulk 0.99 tail  3.05 | blk_nar    276.2 ns bulk 1.47 tail  1.99 | blk_msk    295.1 ns bulk 1.46 tail  2.58 | blk_ovr    307.2 ns bulk 1.55 tail  2.58 | control +0.0% | spread 0.0% | col 32.5 ns
t2   R=31  c=5   L3    | narrow    263.1 ns bulk 1.00 tail  2.14 | masked    282.1 ns bulk 0.99 tail  2.66 | blk_nar    319.6 ns bulk 1.41 tail  1.75 | blk_msk    339.7 ns bulk 1.39 tail  2.32 | blk_ovr    345.8 ns bulk 1.46 tail  2.17 | control +0.6% | spread 7.6% | col 40.5 ns
t2   R=31  c=5   DRAM  | narrow    450.9 ns bulk 1.00 tail  1.87 | masked    471.1 ns bulk 0.99 tail  2.34 | blk_nar    513.3 ns bulk 1.15 tail  2.02 | blk_msk    520.8 ns bulk 1.16 tail  2.13 | blk_ovr    524.9 ns bulk 1.19 tail  1.96 | control +1.4% | spread 5.0% | col 47.1 ns
t2   R=31  c=25  L1  * | narrow    896.6 ns bulk 1.00 tail  1.31 | masked    885.1 ns bulk 0.98 tail  1.34 | blk_nar   1185.1 ns bulk 1.45 tail  0.37 | blk_msk   1183.9 ns bulk 1.39 tail  1.01 | blk_ovr   1290.8 ns bulk 1.53 tail  0.93 | control +0.1% | spread 0.6% | col 77.0 ns
t2   R=31  c=25  L2    | narrow    928.9 ns bulk 1.00 tail  3.25 | masked    939.8 ns bulk 0.99 tail  3.92 | blk_nar   1283.1 ns bulk 1.44 tail  3.06 | blk_msk   1266.3 ns bulk 1.43 tail  2.72 | blk_ovr   1389.2 ns bulk 1.51 tail  4.60 | control +0.3% | spread 0.5% | col 31.9 ns
t2   R=31  c=25  L3    | narrow   1062.8 ns bulk 1.00 tail  3.43 | masked   1072.1 ns bulk 0.99 tail  4.86 | blk_nar   1451.2 ns bulk 1.41 tail  2.00 | blk_msk   1432.6 ns bulk 1.39 tail  1.71 | blk_ovr   1544.2 ns bulk 1.46 tail  4.43 | control +0.0% | spread 2.0% | col 16.3 ns
t2   R=31  c=25  DRAM  | narrow   1878.9 ns bulk 1.00 tail -0.97 | masked   1881.6 ns bulk 0.99 tail -0.38 | blk_nar   2071.1 ns bulk 1.18 tail -4.05 | blk_msk   2060.5 ns bulk 1.16 tail -3.68 | blk_ovr   2147.4 ns bulk 1.21 tail -3.68 | control -2.0% | spread 4.1% | col 48.7 ns
t2   R=37  c=1   L1    | narrow    112.3 ns bulk 1.00 tail  2.47 | masked    252.5 ns bulk 1.00 tail  5.63 | blk_nar     84.3 ns bulk 1.00 tail  1.84 | blk_msk     92.8 ns bulk 1.00 tail  2.03 | blk_ovr     87.3 ns bulk 1.00 tail  1.91 | control +0.2% | spread 0.2% | col 44.4 ns
t2   R=37  c=1   L2    | narrow    118.0 ns bulk 1.00 tail  2.54 | masked    259.6 ns bulk 1.00 tail  5.66 | blk_nar     86.8 ns bulk 1.00 tail  1.85 | blk_msk     96.0 ns bulk 1.00 tail  2.06 | blk_ovr     90.1 ns bulk 1.00 tail  1.93 | control +0.2% | spread 0.6% | col 45.4 ns
t2   R=37  c=1   L3    | narrow    128.4 ns bulk 1.00 tail  2.58 | masked    273.9 ns bulk 1.00 tail  5.57 | blk_nar     87.9 ns bulk 1.00 tail  1.75 | blk_msk     96.8 ns bulk 1.00 tail  1.94 | blk_ovr     91.7 ns bulk 1.00 tail  1.83 | control -0.2% | spread 1.6% | col 48.7 ns
t2   R=37  c=1   DRAM  | narrow    183.6 ns bulk 1.00 tail  2.39 | masked    312.8 ns bulk 1.11 tail  4.09 | blk_nar    117.2 ns bulk 1.11 tail  1.51 | blk_msk    124.7 ns bulk 1.11 tail  1.61 | blk_ovr    119.4 ns bulk 1.11 tail  1.54 | control +0.6% | spread 2.9% | col 75.8 ns
t2   R=37  c=5   L1    | narrow    286.5 ns bulk 1.00 tail  2.38 | masked    433.1 ns bulk 1.06 tail  5.12 | blk_nar    253.5 ns bulk 1.00 tail  1.71 | blk_msk    261.5 ns bulk 1.00 tail  1.87 | blk_ovr    256.4 ns bulk 1.00 tail  1.78 | control +0.0% | spread 0.3% | col 49.5 ns
t2   R=37  c=5   L2    | narrow    296.2 ns bulk 1.00 tail  2.84 | masked    454.4 ns bulk 1.11 tail  6.09 | blk_nar    265.0 ns bulk 1.00 tail  2.11 | blk_msk    273.0 ns bulk 1.00 tail  2.29 | blk_ovr    267.3 ns bulk 1.00 tail  2.16 | control -0.1% | spread 0.1% | col 42.6 ns
t2   R=37  c=5   L3    | narrow    343.7 ns bulk 1.00 tail  2.81 | masked    496.3 ns bulk 1.14 tail  5.32 | blk_nar    299.3 ns bulk 0.99 tail  1.94 | blk_msk    308.9 ns bulk 1.00 tail  2.11 | blk_ovr    299.3 ns bulk 0.99 tail  1.95 | control -3.2% | spread 5.4% | col 49.3 ns
t2   R=37  c=5   DRAM  | narrow    526.3 ns bulk 1.00 tail  1.80 | masked    729.9 ns bulk 1.16 tail  3.71 | blk_nar    469.3 ns bulk 1.01 tail  1.00 | blk_msk    467.9 ns bulk 1.00 tail  1.01 | blk_ovr    467.2 ns bulk 1.00 tail  1.01 | control +0.6% | spread 2.2% | col 73.4 ns
t2   R=37  c=25  L1  * | narrow   1265.0 ns bulk 1.00 tail  6.71 | masked   1458.3 ns bulk 1.06 tail 11.24 | blk_nar   1203.3 ns bulk 0.98 tail  5.24 | blk_msk   1191.7 ns bulk 0.99 tail  4.65 | blk_ovr   1191.7 ns bulk 0.98 tail  4.71 | control +0.7% | spread 0.9% | col 28.3 ns
t2   R=37  c=25  L2    | narrow   1203.1 ns bulk 1.00 tail  4.51 | masked   1487.7 ns bulk 1.10 tail 10.00 | blk_nar   1149.2 ns bulk 1.00 tail  3.02 | blk_msk   1158.5 ns bulk 1.00 tail  3.30 | blk_ovr   1156.9 ns bulk 0.99 tail  3.30 | control +0.3% | spread 0.4% | col 33.1 ns
t2   R=37  c=25  L3    | narrow   1354.8 ns bulk 1.00 tail  7.80 | masked   1677.4 ns bulk 1.16 tail 15.40 | blk_nar   1277.4 ns bulk 0.99 tail  3.40 | blk_msk   1306.5 ns bulk 0.98 tail  6.20 | blk_ovr   1274.2 ns bulk 0.98 tail  4.20 | control -1.2% | spread 4.8% | col 16.1 ns
t2   R=37  c=25  DRAM  | narrow   2214.7 ns bulk 1.00 tail -0.40 | masked   2523.5 ns bulk 1.11 tail  0.25 | blk_nar   2185.3 ns bulk 0.99 tail -0.62 | blk_msk   2167.6 ns bulk 1.00 tail -0.95 | blk_ovr   2170.6 ns bulk 1.01 tail -1.20 | control +0.8% | spread 2.3% | col 80.9 ns
t2   R=41  c=1   L1    | narrow    138.2 ns bulk 1.00 tail  2.27 | masked    233.1 ns bulk 1.13 tail  3.85 | blk_nar    104.7 ns bulk 1.00 tail  1.71 | blk_msk    117.1 ns bulk 1.00 tail  1.91 | blk_ovr    108.7 ns bulk 1.00 tail  1.77 | control +0.0% | spread 0.8% | col 59.7 ns
t2   R=41  c=1   L2    | narrow    142.2 ns bulk 1.00 tail  2.50 | masked    240.2 ns bulk 1.20 tail  4.25 | blk_nar    107.1 ns bulk 1.00 tail  1.87 | blk_msk    119.3 ns bulk 1.00 tail  2.09 | blk_ovr    110.9 ns bulk 1.00 tail  1.94 | control +0.0% | spread 0.4% | col 55.9 ns
t2   R=41  c=1   L3    | narrow    171.7 ns bulk 1.00 tail  2.65 | masked    260.6 ns bulk 1.14 tail  4.03 | blk_nar    108.6 ns bulk 1.00 tail  1.66 | blk_msk    121.2 ns bulk 1.00 tail  1.85 | blk_ovr    114.1 ns bulk 1.00 tail  1.74 | control -4.5% | spread 14.9% | col 63.9 ns
t2   R=41  c=1   DRAM  | narrow    245.2 ns bulk 1.00 tail  2.76 | masked    314.8 ns bulk 1.12 tail  3.55 | blk_nar    134.5 ns bulk 1.00 tail  1.50 | blk_msk    148.3 ns bulk 1.00 tail  1.65 | blk_ovr    141.4 ns bulk 1.00 tail  1.58 | control -0.3% | spread 4.6% | col 87.9 ns
t2   R=41  c=5   L1    | narrow    355.9 ns bulk 1.00 tail  2.69 | masked    485.5 ns bulk 1.08 tail  4.73 | blk_nar    314.1 ns bulk 1.00 tail  1.95 | blk_msk    328.2 ns bulk 1.00 tail  2.20 | blk_ovr    320.5 ns bulk 1.00 tail  2.06 | control +0.0% | spread 0.3% | col 55.2 ns
t2   R=41  c=5   L2    | narrow    369.2 ns bulk 1.00 tail  2.92 | masked    506.2 ns bulk 1.10 tail  5.12 | blk_nar    326.9 ns bulk 1.00 tail  2.11 | blk_msk    341.8 ns bulk 1.00 tail  2.39 | blk_ovr    332.2 ns bulk 1.00 tail  2.20 | control +0.0% | spread 0.4% | col 52.6 ns
t2   R=41  c=5   L3    | narrow    410.8 ns bulk 1.00 tail  2.16 | masked    562.4 ns bulk 1.12 tail  3.85 | blk_nar    372.0 ns bulk 1.01 tail  1.58 | blk_msk    388.2 ns bulk 1.01 tail  1.81 | blk_ovr    383.9 ns bulk 1.00 tail  1.79 | control +2.6% | spread 2.6% | col 72.0 ns
t2   R=41  c=5   DRAM  | narrow    640.8 ns bulk 1.00 tail  2.12 | masked    812.8 ns bulk 1.13 tail  3.47 | blk_nar    584.8 ns bulk 1.00 tail  1.45 | blk_msk    596.8 ns bulk 1.00 tail  1.57 | blk_ovr    575.2 ns bulk 1.01 tail  1.29 | control +0.0% | spread 2.6% | col 82.8 ns
t2   R=41  c=25  L1  * | narrow   1472.2 ns bulk 1.00 tail  3.18 | masked   1744.4 ns bulk 1.08 tail  6.59 | blk_nar   1431.5 ns bulk 0.99 tail  2.59 | blk_msk   1466.7 ns bulk 1.02 tail  2.55 | blk_ovr   1453.7 ns bulk 1.00 tail  2.67 | control +0.0% | spread 0.3% | col 47.2 ns
t2   R=41  c=25  L2    | narrow   1474.5 ns bulk 1.00 tail  4.33 | masked   1725.5 ns bulk 1.08 tail  7.76 | blk_nar   1405.9 ns bulk 1.00 tail  2.71 | blk_msk   1439.2 ns bulk 1.01 tail  3.29 | blk_ovr   1435.3 ns bulk 1.01 tail  3.00 | control +0.1% | spread 0.4% | col 41.2 ns
t2   R=41  c=25  L3    | narrow   1609.1 ns bulk 1.00 tail  5.87 | masked   1903.0 ns bulk 1.14 tail  9.62 | blk_nar   1545.5 ns bulk 1.01 tail  2.75 | blk_msk   1569.7 ns bulk 1.01 tail  3.75 | blk_ovr   1551.5 ns bulk 1.00 tail  3.25 | control -0.4% | spread 3.4% | col 24.2 ns
t2   R=41  c=25  DRAM  | narrow   2617.2 ns bulk 1.00 tail  0.26 | masked   2886.2 ns bulk 1.09 tail  0.70 | blk_nar   2575.9 ns bulk 1.01 tail -0.56 | blk_msk   2596.6 ns bulk 1.00 tail -0.04 | blk_ovr   2593.1 ns bulk 1.01 tail -0.22 | control +0.9% | spread 1.7% | col 93.1 ns
t2   R=43  c=1   L1    | narrow    149.2 ns bulk 1.00 tail  2.50 | masked    308.2 ns bulk 1.25 tail  5.19 | blk_nar    113.3 ns bulk 1.00 tail  1.89 | blk_msk    124.1 ns bulk 1.00 tail  2.07 | blk_ovr    116.1 ns bulk 1.00 tail  1.93 | control -0.1% | spread 0.1% | col 58.7 ns
t2   R=43  c=1   L2    | narrow    154.2 ns bulk 1.00 tail  2.53 | masked    315.3 ns bulk 1.30 tail  5.19 | blk_nar    115.3 ns bulk 1.00 tail  1.88 | blk_msk    126.5 ns bulk 1.00 tail  2.06 | blk_ovr    118.8 ns bulk 1.00 tail  1.94 | control +0.0% | spread 0.7% | col 60.1 ns
t2   R=43  c=1   L3    | narrow    167.2 ns bulk 1.00 tail  2.54 | masked    330.8 ns bulk 1.14 tail  5.07 | blk_nar    116.4 ns bulk 1.00 tail  1.76 | blk_msk    126.8 ns bulk 1.00 tail  1.92 | blk_ovr    120.0 ns bulk 1.00 tail  1.81 | control -0.7% | spread 1.9% | col 64.6 ns
t2   R=43  c=1   DRAM  | narrow    255.8 ns bulk 1.00 tail  2.62 | masked    409.7 ns bulk 1.29 tail  4.21 | blk_nar    146.8 ns bulk 1.00 tail  1.50 | blk_msk    157.2 ns bulk 1.00 tail  1.60 | blk_ovr    152.8 ns bulk 1.00 tail  1.56 | control -0.3% | spread 3.2% | col 96.5 ns
t2   R=43  c=5   L1    | narrow    420.3 ns bulk 1.00 tail  3.72 | masked    603.7 ns bulk 1.04 tail  7.00 | blk_nar    335.8 ns bulk 1.00 tail  2.12 | blk_msk    346.0 ns bulk 1.00 tail  2.31 | blk_ovr    337.4 ns bulk 1.00 tail  2.15 | control +0.0% | spread 0.1% | col 52.9 ns
t2   R=43  c=5   L2    | narrow    436.5 ns bulk 1.00 tail  3.66 | masked    627.6 ns bulk 1.06 tail  6.85 | blk_nar    348.1 ns bulk 0.98 tail  2.13 | blk_msk    361.9 ns bulk 0.99 tail  2.36 | blk_ovr    353.6 ns bulk 0.99 tail  2.20 | control -0.1% | spread 0.1% | col 55.2 ns
t2   R=43  c=5   L3    | narrow    480.4 ns bulk 1.00 tail  3.30 | masked    676.5 ns bulk 1.09 tail  6.03 | blk_nar    389.2 ns bulk 0.99 tail  1.89 | blk_msk    401.0 ns bulk 0.99 tail  2.09 | blk_ovr    393.1 ns bulk 0.99 tail  1.95 | control +0.6% | spread 3.9% | col 63.2 ns
t2   R=43  c=5   DRAM  | narrow    725.5 ns bulk 1.00 tail  2.73 | masked    934.9 ns bulk 1.09 tail  4.72 | blk_nar    625.5 ns bulk 1.00 tail  1.51 | blk_msk    646.2 ns bulk 0.99 tail  1.79 | blk_ovr    642.5 ns bulk 0.99 tail  1.76 | control +0.7% | spread 1.8% | col 81.6 ns
t2   R=43  c=25  L1  * | narrow   1608.5 ns bulk 1.00 tail  3.26 | masked   2006.4 ns bulk 1.11 tail  6.74 | blk_nar   1500.0 ns bulk 0.99 tail  1.94 | blk_msk   1540.4 ns bulk 1.00 tail  2.22 | blk_ovr   1514.9 ns bulk 1.00 tail  1.91 | control +0.0% | spread 0.4% | col 69.1 ns
t2   R=43  c=25  L2    | narrow   1630.6 ns bulk 1.00 tail  4.79 | masked   1975.5 ns bulk 1.10 tail  9.12 | blk_nar   1502.0 ns bulk 0.99 tail  2.37 | blk_msk   1526.5 ns bulk 0.99 tail  2.83 | blk_ovr   1520.4 ns bulk 1.00 tail  2.46 | control +0.0% | spread 0.3% | col 49.0 ns
t2   R=43  c=25  L3    | narrow   1774.2 ns bulk 1.00 tail  0.00 | masked   2151.6 ns bulk 1.12 tail  0.00 | blk_nar   1664.5 ns bulk 0.99 tail  0.00 | blk_msk   1674.2 ns bulk 0.98 tail  0.00 | blk_ovr   1677.4 ns bulk 0.99 tail  0.00 | control +0.5% | spread 1.8% | col -4.8 ns
t2   R=43  c=25  DRAM  | narrow   2796.3 ns bulk 1.00 tail -0.48 | masked   3118.5 ns bulk 1.06 tail  2.56 | blk_nar   2681.5 ns bulk 1.00 tail -2.72 | blk_msk   2696.3 ns bulk 0.99 tail -2.00 | blk_ovr   2681.5 ns bulk 0.99 tail -2.64 | control -0.1% | spread 1.3% | col 46.3 ns
t2   R=47  c=1   L1    | narrow    193.5 ns bulk 1.00 tail  2.70 | masked    222.3 ns bulk 1.09 tail  3.11 | blk_nar    130.7 ns bulk 0.91 tail  1.82 | blk_msk    143.5 ns bulk 0.91 tail  2.00 | blk_ovr    132.3 ns bulk 0.91 tail  1.84 | control -0.1% | spread 0.1% | col 70.5 ns
t2   R=47  c=1   L2    | narrow    196.5 ns bulk 1.00 tail  2.72 | masked    223.1 ns bulk 1.00 tail  3.10 | blk_nar    135.0 ns bulk 0.89 tail  1.86 | blk_msk    151.0 ns bulk 0.89 tail  2.09 | blk_ovr    137.1 ns bulk 0.89 tail  1.89 | control +0.2% | spread 0.2% | col 71.0 ns
t2   R=47  c=1   L3    | narrow    213.6 ns bulk 1.00 tail  2.88 | masked    230.9 ns bulk 1.00 tail  3.11 | blk_nar    135.5 ns bulk 0.86 tail  1.81 | blk_msk    157.7 ns bulk 0.86 tail  2.12 | blk_ovr    139.5 ns bulk 0.86 tail  1.87 | control -0.2% | spread 2.1% | col 73.2 ns
t2   R=47  c=1   DRAM  | narrow    303.2 ns bulk 1.00 tail  2.93 | masked    300.5 ns bulk 1.00 tail  2.90 | blk_nar    164.4 ns bulk 0.83 tail  1.58 | blk_msk    176.6 ns bulk 0.83 tail  1.70 | blk_ovr    165.4 ns bulk 0.83 tail  1.59 | control +0.5% | spread 2.1% | col 102.4 ns
t2   R=47  c=5   L1    | narrow    637.1 ns bulk 1.00 tail  5.96 | masked    646.8 ns bulk 0.99 tail  6.18 | blk_nar    412.1 ns bulk 1.04 tail  2.14 | blk_msk    419.4 ns bulk 1.02 tail  2.33 | blk_ovr    394.4 ns bulk 0.98 tail  2.10 | control +0.0% | spread 0.1% | col 61.7 ns
t2   R=47  c=5   L2    | narrow    640.3 ns bulk 1.00 tail  5.60 | masked    651.6 ns bulk 1.00 tail  5.77 | blk_nar    439.5 ns bulk 1.09 tail  2.16 | blk_msk    452.4 ns bulk 1.08 tail  2.40 | blk_ovr    412.1 ns bulk 0.99 tail  2.15 | control +0.1% | spread 0.1% | col 65.7 ns
t2   R=47  c=5   L3    | narrow    692.4 ns bulk 1.00 tail  4.31 | masked    702.5 ns bulk 0.98 tail  4.50 | blk_nar    497.5 ns bulk 1.07 tail  1.76 | blk_msk    510.1 ns bulk 1.06 tail  1.96 | blk_ovr    463.3 ns bulk 0.96 tail  1.76 | control -0.5% | spread 2.7% | col 85.4 ns
t2   R=47  c=5   DRAM  | narrow    940.5 ns bulk 1.00 tail  3.95 | masked    957.0 ns bulk 1.00 tail  4.15 | blk_nar    769.6 ns bulk 1.06 tail  1.76 | blk_msk    788.6 ns bulk 1.06 tail  1.96 | blk_ovr    734.2 ns bulk 1.01 tail  1.70 | control +0.3% | spread 1.5% | col 94.3 ns
t2   R=47  c=25  L1  * | narrow   2012.8 ns bulk 1.00 tail  6.82 | masked   2000.0 ns bulk 1.00 tail  6.45 | blk_nar   1946.2 ns bulk 1.09 tail  3.09 | blk_msk   1956.4 ns bulk 1.08 tail  3.55 | blk_ovr   1759.0 ns bulk 0.99 tail  2.50 | control +0.0% | spread 0.3% | col 56.4 ns
t2   R=47  c=25  L2    | narrow   2010.3 ns bulk 1.00 tail  6.17 | masked   2010.3 ns bulk 1.00 tail  6.21 | blk_nar   1982.1 ns bulk 1.10 tail  3.02 | blk_msk   1976.9 ns bulk 1.08 tail  3.49 | blk_ovr   1784.6 ns bulk 0.99 tail  2.64 | control +0.0% | spread 0.3% | col 60.3 ns
t2   R=47  c=25  L3    | narrow   2185.2 ns bulk 1.00 tail 42.67 | masked   2203.7 ns bulk 1.00 tail 46.67 | blk_nar   2166.7 ns bulk 1.09 tail  8.67 | blk_msk   2166.7 ns bulk 1.06 tail 17.33 | blk_ovr   1959.3 ns bulk 0.97 tail 13.33 | control -0.3% | spread 4.9% | col 5.6 ns
t2   R=47  c=25  DRAM  | narrow   3287.0 ns bulk 1.00 tail  1.20 | masked   3265.2 ns bulk 1.00 tail  1.00 | blk_nar   3213.0 ns bulk 1.05 tail -2.60 | blk_msk   3221.7 ns bulk 1.04 tail -1.87 | blk_ovr   3060.9 ns bulk 1.00 tail -2.13 | control +0.7% | spread 1.5% | col 65.2 ns

SUMMARY A -- median over radices and counts: tail columns (call ratio to narrow; bulk-alone ratio)
n1   L1   | narrow  2.66 (1.000; 1.000, n=57) | masked  3.15 (1.072; 1.000, n=57) | blk_nar  2.27 (0.962; 1.000, n=48) | blk_msk  2.54 (0.982; 1.000, n=48) | blk_ovr  2.33 (0.967; 1.000, n=48)
n1   L2   | narrow  2.58 (1.000; 1.000, n=57) | masked  2.99 (1.068; 1.002, n=57) | blk_nar  2.18 (0.955; 1.000, n=48) | blk_msk  2.50 (0.967; 1.000, n=48) | blk_ovr  2.32 (0.969; 1.000, n=48)
n1   L3   | narrow  1.80 (1.000; 1.000, n=57) | masked  2.34 (1.034; 1.000, n=57) | blk_nar  1.60 (0.950; 1.000, n=48) | blk_msk  1.82 (0.973; 1.000, n=48) | blk_ovr  1.71 (0.956; 1.000, n=48)
n1   DRAM | narrow  1.40 (1.000; 1.000, n=57) | masked  1.49 (1.010; 1.000, n=57) | blk_nar  1.12 (0.982; 1.000, n=48) | blk_msk  1.30 (0.979; 1.000, n=48) | blk_ovr  1.26 (0.977; 1.000, n=48)
n1t  L1   | narrow  1.91 (1.000; 1.000, n=57) | masked  2.41 (1.092; 1.000, n=57)
n1t  L2   | narrow  1.19 (1.000; 1.000, n=57) | masked  1.48 (1.055; 1.000, n=57)
n1t  L3   | narrow  1.18 (1.000; 1.000, n=57) | masked  1.44 (1.031; 1.000, n=57)
n1t  DRAM | narrow  1.29 (1.000; 1.000, n=57) | masked  1.40 (1.008; 1.000, n=57)
t2   L1   | narrow  2.36 (1.000; 1.000, n=57) | masked  2.91 (1.087; 1.000, n=57) | blk_nar  1.95 (0.997; 1.029, n=48) | blk_msk  2.34 (1.021; 1.000, n=48) | blk_ovr  2.15 (0.986; 1.000, n=48)
t2   L2   | narrow  2.45 (1.000; 1.000, n=57) | masked  2.92 (1.062; 1.000, n=57) | blk_nar  2.12 (1.013; 1.022, n=48) | blk_msk  2.59 (1.021; 1.000, n=48) | blk_ovr  2.32 (0.976; 1.000, n=48)
t2   L3   | narrow  1.76 (1.000; 1.000, n=57) | masked  2.14 (1.043; 1.000, n=57) | blk_nar  1.65 (1.021; 1.014, n=48) | blk_msk  1.96 (1.003; 1.000, n=48) | blk_ovr  1.75 (0.972; 1.000, n=48)
t2   DRAM | narrow  1.39 (1.000; 1.000, n=57) | masked  1.53 (1.013; 1.001, n=57) | blk_nar  1.31 (0.993; 1.009, n=48) | blk_msk  1.41 (0.995; 1.000, n=48) | blk_ovr  1.31 (0.990; 1.000, n=48)

SUMMARY B -- 2p transforms, per depth: median ratio to shipped [min, max] (cells)
L1  
L2  
L3  
DRAM

wall 178 s
