N,K,plan,path,vfft_ns,mkl_ns,vfft_gflops,ratio_vs_mkl,rt_err,route,flip
2,1,z:ilp,nat-oop,7,8,1.372,1.054,0.000e+00,mono,0
2,1,z:ilp,nat-oop,7,8,1.372,1.055,0.000e+00,mono,1
3,1,z:ilp,nat-oop,10,9,2.349,0.920,1.485e-16,mono,0
3,1,z:ilp,nat-oop,13,9,1.762,0.690,1.485e-16,mono,1
4,1,z:ilp,nat-oop,10,11,3.872,1.101,0.000e+00,mono,0
4,1,z:ilp,nat-oop,10,9,3.944,0.840,0.000e+00,mono,1
5,1,z:ilp,nat-oop,15,13,3.875,0.837,1.510e-16,mono,0
5,1,z:ilp,nat-oop,15,13,3.808,0.823,1.510e-16,mono,1
6,1,z:ilp,nat-oop,15,11,5.031,0.737,2.797e-16,mono,0
6,1,z:ilp,nat-oop,15,11,5.029,0.736,2.797e-16,mono,1
7,1,z:ilp,nat-oop,19,15,5.238,0.800,2.584e-16,mono,0
7,1,z:ilp,nat-oop,19,15,5.256,0.805,2.584e-16,mono,1
8,1,z:ilp,nat-oop,17,13,7.022,0.761,5.572e-17,mono,0
8,1,z:ilp,nat-oop,20,18,5.972,0.902,5.572e-17,mono,1
9,1,z:ilp,nat-oop,22,18,6.630,0.849,4.179e-16,mono,0
9,1,z:ilp,nat-oop,21,18,6.637,0.851,4.179e-16,mono,1
10,1,z:ilp,nat-oop,22,16,7.450,0.727,1.836e-16,mono,0
10,1,z:ilp,nat-oop,22,17,7.448,0.753,1.836e-16,mono,1
11,1,z:ilp,nat-oop,29,21,6.500,0.734,1.581e-16,mono,0
11,1,z:ilp,nat-oop,29,23,6.530,0.788,1.581e-16,mono,1
12,1,z:ilp,nat-oop,25,17,8.669,0.685,2.826e-16,mono,0
12,1,z:ilp,nat-oop,25,17,8.701,0.689,2.826e-16,mono,1
13,1,z:ilp,nat-oop,42,24,5.771,0.584,5.973e-16,mono,0
13,1,z:ilp,nat-oop,40,24,6.057,0.612,5.973e-16,mono,1
14,1,z:ilp,nat-oop,32,22,8.424,0.692,1.628e-16,mono,0
14,1,z:ilp,nat-oop,33,22,8.169,0.671,1.628e-16,mono,1
15,1,z:ilp,nat-oop,34,24,8.510,0.693,3.324e-16,2p,0
15,1,z:ilp,nat-oop,34,24,8.507,0.691,3.324e-16,2p,1
16,1,z:ilp,nat-oop,21,21,14.907,0.963,1.510e-16,ztt,0
16,1,z:ilp,nat-oop,21,21,14.888,0.962,1.510e-16,ztt,1
17,1,z:ilp,nat-oop,55,103,6.344,1.886,2.444e-16,mono,0
17,1,z:ilp,nat-oop,55,103,6.344,1.885,2.444e-16,mono,1
18,1,z:ilp,nat-oop,34,34,10.885,0.986,3.222e-16,2p,0
18,1,z:ilp,nat-oop,34,34,10.891,0.986,3.222e-16,2p,1
19,1,z:ilp,nat-oop,60,124,6.674,2.043,3.860e-16,mono,0
19,1,z:ilp,nat-oop,60,124,6.681,2.046,3.860e-16,mono,1
20,1,z:ilp,nat-oop,36,30,12.121,0.851,2.176e-16,2p,0
20,1,z:ilp,nat-oop,36,30,12.123,0.852,2.176e-16,2p,1
21,1,z:ilp,nat-oop,41,51,11.205,1.249,3.308e-16,2p,0
21,1,z:ilp,nat-oop,41,51,11.258,1.257,3.308e-16,2p,1
22,1,z:ilp,nat-oop,57,50,8.631,0.885,2.239e-16,mono,0
22,1,z:ilp,nat-oop,52,50,9.416,0.967,2.239e-16,mono,1
23,1,z:ilp,nat-oop,89,187,5.878,2.116,3.077e-16,mono,0
23,1,z:ilp,nat-oop,82,174,6.378,2.137,3.077e-16,mono,1
24,1,z:ilp,nat-oop,37,34,14.925,0.923,2.755e-16,2p,0
24,1,z:ilp,nat-oop,37,34,14.908,0.922,2.755e-16,2p,1
25,1,z:ilp,nat-oop,86,52,6.748,0.604,1.807e-16,2p,0
25,1,z:ilp,nat-oop,49,52,11.839,1.066,1.807e-16,2p,1
26,1,z:ilp,nat-oop,68,49,8.974,0.721,4.363e-16,mono,0
26,1,z:ilp,nat-oop,68,49,8.967,0.720,4.363e-16,mono,1
27,1,z:ilp,nat-oop,50,66,12.714,1.301,3.829e-16,2p,0
27,1,z:ilp,nat-oop,51,66,12.710,1.302,3.829e-16,2p,1
28,1,z:ilp,nat-oop,42,40,15.951,0.941,2.641e-16,2p,0
28,1,z:ilp,nat-oop,42,40,15.966,0.942,2.641e-16,2p,1
29,1,z:ilp,nat-oop,120,260,5.887,2.172,3.686e-16,mono,0
29,1,z:ilp,nat-oop,120,260,5.887,2.172,3.686e-16,mono,1
30,1,z:ilp,nat-oop,47,46,15.514,0.965,2.588e-16,2p,0
30,1,z:ilp,nat-oop,47,46,15.524,0.966,2.588e-16,2p,1
31,1,z:ilp,nat-oop,122,293,6.314,2.407,2.741e-16,mono,0
31,1,z:ilp,nat-oop,122,293,6.301,2.407,2.741e-16,mono,1
32,1,z:ilp,nat-oop,33,38,24.368,1.160,1.738e-16,ztt,0
32,1,z:ilp,nat-oop,33,38,24.361,1.160,1.738e-16,ztt,1
33,1,z:ilp,nat-oop,64,90,13.022,1.414,2.197e-16,2p,0
33,1,z:ilp,nat-oop,63,90,13.222,1.436,2.197e-16,2p,1
34,1,z:ilp,nat-oop,119,232,7.256,1.944,5.233e-16,flat,0
34,1,z:ilp,nat-oop,127,232,6.832,1.834,5.233e-16,flat,1
35,1,z:ilp,nat-oop,59,77,15.177,1.295,3.914e-16,2p,0
35,1,z:ilp,nat-oop,59,77,15.155,1.297,3.914e-16,2p,1
36,1,z:ilp,nat-oop,51,47,18.225,0.913,3.151e-16,2p,0
36,1,z:ilp,nat-oop,51,47,18.218,0.916,3.151e-16,2p,1
37,1,z:ilp,nat-oop,179,400,5.393,2.239,3.605e-16,mono,0
37,1,z:ilp,nat-oop,159,400,6.066,2.518,3.605e-16,mono,1
38,1,z:ilp,nat-oop,137,275,7.272,2.008,3.496e-16,flat,0
38,1,z:ilp,nat-oop,137,286,7.287,2.088,3.496e-16,flat,1
39,1,z:ilp,nat-oop,78,92,13.217,1.180,5.310e-16,2p,0
39,1,z:ilp,nat-oop,78,92,13.231,1.181,5.310e-16,2p,1
40,1,z:ilp,nat-oop,48,48,22.222,0.999,1.440e-16,2p,0
40,1,z:ilp,nat-oop,48,47,22.256,0.975,1.440e-16,2p,1
41,1,z:ilp,nat-oop,194,483,5.654,2.489,4.113e-16,mono,0
41,1,z:ilp,nat-oop,195,483,5.645,2.485,4.113e-16,mono,1
42,1,z:ilp,nat-oop,61,70,18.468,1.134,3.854e-16,2p,0
42,1,z:ilp,nat-oop,61,71,18.663,1.178,3.854e-16,2p,1
43,1,z:ilp,nat-oop,209,531,5.575,2.538,3.556e-16,mono,0
43,1,z:ilp,nat-oop,210,546,5.566,2.606,3.556e-16,mono,1
44,1,z:ilp,nat-oop,63,81,18.987,1.282,3.968e-16,2p,0
44,1,z:ilp,nat-oop,63,81,19.090,1.284,3.968e-16,2p,1
45,1,z:ilp,nat-oop,74,94,16.748,1.275,4.456e-16,2p,0
45,1,z:ilp,nat-oop,74,94,16.672,1.269,4.456e-16,2p,1
46,1,z:ilp,nat-oop,143,380,8.898,2.660,4.893e-16,flat,0
46,1,z:ilp,nat-oop,143,380,8.897,2.661,4.893e-16,flat,1
47,1,z:ilp,nat-oop,239,575,5.455,2.405,3.964e-16,mono,0
47,1,z:ilp,nat-oop,239,573,5.457,2.395,3.964e-16,mono,1
48,1,z:ilp,nat-oop,53,54,25.432,1.033,3.666e-16,2p,0
48,1,z:ilp,nat-oop,53,54,25.439,1.032,3.666e-16,2p,1
49,1,z:ilp,nat-oop,76,105,18.117,1.378,3.944e-16,2p,0
49,1,z:ilp,nat-oop,75,105,18.233,1.389,3.944e-16,2p,1
50,1,z:ilp,nat-oop,70,75,20.115,1.073,3.555e-16,2p,0
50,1,z:ilp,nat-oop,70,75,20.106,1.074,3.555e-16,2p,1
51,1,z:ilp,nat-oop,117,354,12.403,3.035,3.477e-16,2p,0
51,1,z:ilp,nat-oop,116,354,12.436,3.041,3.477e-16,2p,1
52,1,z:ilp,nat-oop,79,91,18.693,1.149,5.285e-16,2p,0
52,1,z:ilp,nat-oop,79,91,18.693,1.146,5.285e-16,2p,1
53,1,z:ilp,nat-oop,293,726,5.175,2.476,6.834e-16,prime,0
53,1,z:ilp,nat-oop,288,722,5.266,2.505,6.834e-16,prime,1
54,1,z:ilp,nat-oop,76,81,20.490,1.064,3.965e-16,2p,0
54,1,z:ilp,nat-oop,75,81,20.630,1.077,3.965e-16,2p,1
55,1,z:ilp,nat-oop,95,121,16.779,1.276,4.188e-16,2p,0
55,1,z:ilp,nat-oop,94,120,16.840,1.276,4.188e-16,2p,1
56,1,z:ilp,nat-oop,69,67,23.653,0.973,1.686e-16,2p,0
56,1,z:ilp,nat-oop,69,72,23.632,1.047,1.686e-16,2p,1
57,1,z:ilp,nat-oop,138,499,12.056,3.620,5.436e-16,2p,0
57,1,z:ilp,nat-oop,137,425,12.108,3.093,5.436e-16,2p,1
58,1,z:ilp,nat-oop,195,557,8.690,2.847,3.953e-16,flat,0
58,1,z:ilp,nat-oop,195,567,8.713,2.907,3.953e-16,flat,1
59,1,z:ilp,nat-oop,394,689,4.407,1.750,4.327e-16,prime,0
59,1,z:ilp,nat-oop,373,692,4.647,1.852,4.327e-16,prime,1
60,1,z:ilp,nat-oop,74,70,23.830,0.935,3.390e-16,2p,0
60,1,z:ilp,nat-oop,73,69,24.278,0.948,3.390e-16,2p,1
61,1,z:ilp,nat-oop,297,593,6.089,1.997,4.918e-16,prime,0
61,1,z:ilp,nat-oop,298,600,6.064,2.011,4.918e-16,prime,1
62,1,z:ilp,nat-oop,222,625,8.332,2.822,3.508e-16,flat,0
62,1,z:ilp,nat-oop,212,625,8.692,2.943,3.508e-16,flat,1
63,1,z:ilp,nat-oop,95,130,19.838,1.370,3.831e-16,2p,0
63,1,z:ilp,nat-oop,95,130,19.764,1.363,3.831e-16,2p,1
64,1,z:ilp,nat-oop,59,66,32.581,1.128,3.061e-16,ztt,0
64,1,z:ilp,nat-oop,59,67,32.675,1.134,3.061e-16,ztt,1
65,1,z:ilp,nat-oop,116,135,16.806,1.163,4.726e-16,2p,0
65,1,z:ilp,nat-oop,116,145,16.802,1.242,4.726e-16,2p,1
66,1,z:ilp,nat-oop,96,117,20.806,1.225,3.731e-16,2p,0
66,1,z:ilp,nat-oop,96,117,20.807,1.223,3.731e-16,2p,1
67,1,z:ilp,nat-oop,361,1083,5.634,3.002,5.517e-16,prime,0
67,1,z:ilp,nat-oop,368,1086,5.519,2.950,5.517e-16,prime,1
68,1,z:ilp,nat-oop,119,471,17.369,3.951,3.203e-16,2p,0
68,1,z:ilp,nat-oop,115,471,17.961,4.091,3.203e-16,2p,1
69,1,z:ilp,nat-oop,182,582,11.563,3.194,3.472e-16,2p,0
69,1,z:ilp,nat-oop,182,603,11.579,3.314,3.472e-16,2p,1
70,1,z:ilp,nat-oop,92,106,23.432,1.162,2.337e-16,2p,0
70,1,z:ilp,nat-oop,90,106,23.786,1.178,2.337e-16,2p,1
71,1,z:ilp,nat-oop,359,806,6.076,2.244,4.460e-16,prime,0
71,1,z:ilp,nat-oop,358,807,6.091,2.250,4.460e-16,prime,1
72,1,z:ilp,nat-oop,84,81,26.430,0.961,3.839e-16,2p,0
72,1,z:ilp,nat-oop,84,81,26.542,0.964,3.839e-16,2p,1
73,1,z:ilp,nat-oop,370,705,6.111,1.907,5.846e-16,prime,0
73,1,z:ilp,nat-oop,479,800,4.717,1.669,5.846e-16,prime,1
74,1,z:ilp,nat-oop,364,1172,6.315,3.221,4.304e-16,flat,0
74,1,z:ilp,nat-oop,273,947,8.401,3.463,4.304e-16,flat,1
75,1,z:ilp,nat-oop,111,164,20.975,1.471,2.461e-16,2p,0
75,1,z:ilp,nat-oop,111,164,21.019,1.474,2.461e-16,2p,1
76,1,z:ilp,nat-oop,152,551,15.643,3.632,3.582e-16,2p,0
76,1,z:ilp,nat-oop,155,548,15.285,3.530,3.582e-16,2p,1
77,1,z:ilp,nat-oop,127,206,19.011,1.626,2.523e-16,2p,0
77,1,z:ilp,nat-oop,123,207,19.588,1.682,2.523e-16,2p,1
78,1,z:ilp,nat-oop,121,133,20.209,1.096,4.733e-16,2p,0
78,1,z:ilp,nat-oop,120,134,20.390,1.112,4.733e-16,2p,1
79,1,z:ilp,nat-oop,512,998,4.861,1.948,6.802e-16,prime,0
79,1,z:ilp,nat-oop,440,1017,5.655,2.309,6.802e-16,prime,1
80,1,z:ilp,nat-oop,87,85,28.965,0.971,2.763e-16,2p,0
80,1,z:ilp,nat-oop,87,85,28.920,0.969,2.763e-16,2p,1
81,1,z:ilp,nat-oop,123,163,20.862,1.321,4.272e-16,2p,0
81,1,z:ilp,nat-oop,123,164,20.844,1.329,4.272e-16,2p,1
82,1,z:ilp,nat-oop,315,1073,8.283,3.411,6.174e-16,flat,0
82,1,z:ilp,nat-oop,311,1074,8.375,3.449,6.174e-16,flat,1
83,1,z:ilp,nat-oop,688,1060,3.846,1.541,4.721e-16,prime,0
83,1,z:ilp,nat-oop,688,1061,3.843,1.541,4.721e-16,prime,1
84,1,z:ilp,nat-oop,108,101,24.899,0.933,4.089e-16,2p,0
84,1,z:ilp,nat-oop,109,102,24.656,0.938,4.089e-16,2p,1
85,1,z:ilp,nat-oop,174,595,15.664,3.419,4.033e-16,2p,0
85,1,z:ilp,nat-oop,174,595,15.670,3.422,4.033e-16,2p,1
86,1,z:ilp,nat-oop,340,1113,8.117,3.271,1.334e-15,flat,0
86,1,z:ilp,nat-oop,332,1114,8.320,3.356,1.334e-15,flat,1
87,1,z:ilp,nat-oop,258,896,10.843,3.466,4.383e-16,2p,0
87,1,z:ilp,nat-oop,258,896,10.872,3.475,4.383e-16,2p,1
88,1,z:ilp,nat-oop,115,198,24.748,1.721,2.784e-16,2p,0
88,1,z:ilp,nat-oop,115,194,24.734,1.685,2.784e-16,2p,1
89,1,z:ilp,nat-oop,461,1074,6.245,2.328,4.372e-16,prime,0
89,1,z:ilp,nat-oop,461,1072,6.250,2.325,4.372e-16,prime,1
90,1,z:ilp,nat-oop,115,132,25.379,1.146,3.725e-16,2p,0
90,1,z:ilp,nat-oop,116,581,25.094,4.991,3.725e-16,2p,1
91,1,z:ilp,nat-oop,162,178,18.289,1.102,4.629e-16,2p,0
91,1,z:ilp,nat-oop,153,178,19.292,1.162,4.629e-16,2p,1
92,1,z:ilp,nat-oop,176,759,17.023,4.307,4.137e-16,2p,0
92,1,z:ilp,nat-oop,185,760,16.180,4.098,4.137e-16,2p,1
93,1,z:ilp,nat-oop,285,1002,10.662,3.513,3.824e-16,2p,0
93,1,z:ilp,nat-oop,285,1000,10.676,3.512,3.824e-16,2p,1
94,1,z:ilp,nat-oop,377,1372,8.163,3.635,8.633e-16,flat,0
94,1,z:ilp,nat-oop,382,1375,8.054,3.595,8.633e-16,flat,1
95,1,z:ilp,nat-oop,213,1119,14.661,5.256,2.959e-16,2p,0
95,1,z:ilp,nat-oop,215,704,14.502,3.271,2.959e-16,2p,1
96,1,z:ilp,nat-oop,98,97,32.116,0.988,2.959e-16,2p,0
96,1,z:ilp,nat-oop,98,97,32.224,0.992,2.959e-16,2p,1
97,1,z:ilp,nat-oop,462,908,6.921,1.964,4.349e-16,prime,0
97,1,z:ilp,nat-oop,458,906,6.988,1.978,4.349e-16,prime,1
98,1,z:ilp,nat-oop,230,155,14.066,0.672,3.792e-16,flat,0
98,1,z:ilp,nat-oop,231,155,14.041,0.671,3.792e-16,flat,1
99,1,z:ilp,nat-oop,160,258,20.467,1.608,4.716e-16,2p,0
99,1,z:ilp,nat-oop,158,259,20.833,1.642,4.716e-16,2p,1
100,1,z:ilp,nat-oop,114,110,29.192,0.965,2.513e-16,2p,0
100,1,z:ilp,nat-oop,114,110,29.153,0.964,2.513e-16,2p,1
101,1,z:ilp,nat-oop,489,962,6.875,1.968,6.252e-16,prime,0
101,1,z:ilp,nat-oop,489,964,6.871,1.969,6.252e-16,prime,1
102,1,z:ilp,nat-oop,175,777,19.406,4.429,4.618e-16,2p,0
102,1,z:ilp,nat-oop,175,778,19.409,4.435,4.618e-16,2p,1
103,1,z:ilp,nat-oop,632,1414,5.448,2.237,7.600e-16,prime,0
103,1,z:ilp,nat-oop,628,1429,5.487,2.277,7.600e-16,prime,1
104,1,z:ilp,nat-oop,149,169,23.415,1.136,4.338e-16,2p,0
104,1,z:ilp,nat-oop,146,184,23.932,1.261,4.338e-16,2p,1
105,1,z:ilp,nat-oop,148,190,23.798,1.281,3.738e-16,2p,0
105,1,z:ilp,nat-oop,148,192,23.830,1.298,3.738e-16,2p,1
106,1,z:ilp,nat-oop,719,1698,4.958,2.361,3.309e-16,prime,0
106,1,z:ilp,nat-oop,838,1698,4.254,2.026,3.309e-16,prime,1
107,1,z:ilp,nat-oop,853,1428,4.229,1.675,7.500e-16,prime,0
107,1,z:ilp,nat-oop,702,1425,5.137,2.030,7.500e-16,prime,1
108,1,z:ilp,nat-oop,155,158,23.508,1.016,4.181e-16,2p,0
108,1,z:ilp,nat-oop,140,160,25.980,1.138,4.181e-16,2p,1
109,1,z:ilp,nat-oop,560,1113,6.583,1.986,6.944e-16,prime,0
109,1,z:ilp,nat-oop,558,1114,6.614,1.997,6.944e-16,prime,1
110,1,z:ilp,nat-oop,153,190,24.421,1.244,2.755e-16,2p,0
110,1,z:ilp,nat-oop,153,190,24.424,1.247,2.755e-16,2p,1
111,1,z:ilp,nat-oop,365,1372,10.338,3.761,4.291e-16,2p,0
111,1,z:ilp,nat-oop,365,1344,10.319,3.678,4.291e-16,2p,1
112,1,z:ilp,nat-oop,125,127,30.483,1.014,2.893e-16,2p,0
112,1,z:ilp,nat-oop,125,124,30.524,0.992,2.893e-16,2p,1
113,1,z:ilp,nat-oop,566,1631,6.809,2.882,5.799e-16,prime,0
113,1,z:ilp,nat-oop,563,1640,6.848,2.914,5.799e-16,prime,1
114,1,z:ilp,nat-oop,213,826,18.243,3.867,3.630e-16,2p,0
114,1,z:ilp,nat-oop,229,826,16.986,3.601,3.630e-16,2p,1
115,1,z:ilp,nat-oop,266,959,14.799,3.606,3.204e-16,2p,0
115,1,z:ilp,nat-oop,266,966,14.800,3.631,3.204e-16,2p,1
116,1,z:ilp,nat-oop,251,1182,15.846,4.707,4.385e-16,2p,0
116,1,z:ilp,nat-oop,251,1178,15.851,4.692,4.385e-16,2p,1
117,1,z:ilp,nat-oop,203,296,19.773,1.458,6.241e-16,2p,0
117,1,z:ilp,nat-oop,204,296,19.728,1.455,6.241e-16,2p,1
118,1,z:ilp,nat-oop,711,1593,5.713,2.241,3.176e-16,prime,0
118,1,z:ilp,nat-oop,711,1590,5.710,2.237,3.176e-16,prime,1
119,1,z:ilp,nat-oop,231,824,17.790,3.572,4.565e-16,2p,0
119,1,z:ilp,nat-oop,231,818,17.791,3.547,4.565e-16,2p,1
120,1,z:ilp,nat-oop,133,127,31.155,0.958,3.733e-16,2p,0
120,1,z:ilp,nat-oop,133,127,31.216,0.959,3.733e-16,2p,1
121,1,z:ilp,nat-oop,210,365,19.928,1.738,3.745e-16,2p,0
121,1,z:ilp,nat-oop,209,366,19.991,1.746,3.745e-16,2p,1
122,1,z:ilp,nat-oop,752,1252,5.623,1.665,3.145e-16,prime,0
122,1,z:ilp,nat-oop,757,1262,5.588,1.668,3.145e-16,prime,1
123,1,z:ilp,nat-oop,448,1539,9.521,3.432,4.030e-16,2p,0
123,1,z:ilp,nat-oop,448,1544,9.523,3.444,4.030e-16,2p,1
124,1,z:ilp,nat-oop,275,1275,15.666,4.632,5.339e-16,2p,0
124,1,z:ilp,nat-oop,275,1275,15.663,4.631,5.339e-16,2p,1
125,1,z:ilp,nat-oop,190,273,22.881,1.436,4.544e-16,2p,0
125,1,z:ilp,nat-oop,195,287,22.379,1.477,4.544e-16,2p,1
126,1,z:ilp,nat-oop,211,204,20.849,0.967,2.764e-16,2p,0
126,1,z:ilp,nat-oop,171,224,25.640,1.308,2.764e-16,2p,1
127,1,z:ilp,nat-oop,751,1371,5.910,1.826,3.847e-16,prime,0
127,1,z:ilp,nat-oop,738,1498,6.011,2.029,3.847e-16,prime,1
128,1,z:ilp,nat-oop,123,125,36.508,1.018,2.142e-16,2p,0
128,1,z:ilp,nat-oop,120,125,37.290,1.041,2.142e-16,2p,1
129,1,z:ilp,nat-oop,473,1770,9.566,3.743,4.598e-16,2p,0
129,1,z:ilp,nat-oop,474,1769,9.549,3.735,4.598e-16,2p,1
130,1,z:ilp,nat-oop,192,292,23.764,1.523,4.742e-16,2p,0
130,1,z:ilp,nat-oop,191,294,23.859,1.538,4.742e-16,2p,1
131,1,z:ilp,nat-oop,722,1786,6.378,2.473,6.026e-16,prime,0
131,1,z:ilp,nat-oop,722,1785,6.384,2.473,6.026e-16,prime,1
132,1,z:ilp,nat-oop,180,277,25.841,1.540,4.582e-16,2p,0
132,1,z:ilp,nat-oop,180,277,25.827,1.539,4.582e-16,2p,1
133,1,z:ilp,nat-oop,283,976,16.564,3.447,3.471e-16,2p,0
133,1,z:ilp,nat-oop,271,986,17.318,3.638,3.471e-16,2p,1
134,1,z:ilp,nat-oop,1448,2618,3.270,1.808,4.521e-16,prime,0
134,1,z:ilp,nat-oop,1438,2634,3.293,1.832,4.521e-16,prime,1
135,1,z:ilp,nat-oop,194,249,24.620,1.285,3.008e-16,2p,0
135,1,z:ilp,nat-oop,193,245,24.711,1.268,3.008e-16,2p,1
136,1,z:ilp,nat-oop,215,921,22.388,4.279,3.848e-16,2p,0
136,1,z:ilp,nat-oop,215,921,22.432,4.286,3.848e-16,2p,1
137,1,z:ilp,nat-oop,794,1730,6.124,2.179,8.329e-16,prime,0
137,1,z:ilp,nat-oop,793,1714,6.134,2.162,8.329e-16,prime,1
138,1,z:ilp,nat-oop,264,1144,18.601,4.339,4.808e-16,2p,0
138,1,z:ilp,nat-oop,264,1144,18.583,4.336,4.808e-16,2p,1
139,1,z:ilp,nat-oop,981,1682,5.042,1.714,1.006e-15,prime,0
139,1,z:ilp,nat-oop,973,1729,5.083,1.776,1.006e-15,prime,1
140,1,z:ilp,nat-oop,262,161,19.030,0.615,2.726e-16,chain3,0
140,1,z:ilp,nat-oop,261,161,19.093,0.616,2.726e-16,chain3,1
141,1,z:ilp,nat-oop,543,2041,9.265,3.756,3.571e-16,2p,0
141,1,z:ilp,nat-oop,542,2036,9.283,3.755,3.571e-16,2p,1
142,1,z:ilp,nat-oop,1580,1777,3.212,1.125,5.436e-16,prime,0
142,1,z:ilp,nat-oop,1445,1800,3.513,1.246,5.436e-16,prime,1
143,1,z:ilp,nat-oop,257,423,19.932,1.647,5.135e-16,2p,0
143,1,z:ilp,nat-oop,257,423,19.916,1.647,5.135e-16,2p,1
144,1,z:ilp,nat-oop,156,156,33.023,1.001,4.678e-16,2p,0
144,1,z:ilp,nat-oop,156,157,32.989,1.000,4.678e-16,2p,1
145,1,z:ilp,nat-oop,381,1408,13.668,3.696,4.010e-16,2p,0
145,1,z:ilp,nat-oop,384,1408,13.563,3.670,4.010e-16,2p,1
146,1,z:ilp,nat-oop,1508,1469,3.480,0.974,5.718e-16,prime,0
146,1,z:ilp,nat-oop,1549,1479,3.388,0.955,5.718e-16,prime,1
147,1,z:ilp,nat-oop,218,426,24.329,1.958,4.410e-16,2p,0
147,1,z:ilp,nat-oop,217,429,24.350,1.972,4.410e-16,2p,1
148,1,z:ilp,nat-oop,440,1700,12.119,3.862,2.818e-16,2p,0
148,1,z:ilp,nat-oop,353,1705,15.109,4.827,2.818e-16,2p,1
149,1,z:ilp,nat-oop,1318,1731,4.081,1.313,5.845e-16,prime,0
149,1,z:ilp,nat-oop,1306,1771,4.118,1.356,5.845e-16,prime,1
150,1,z:ilp,nat-oop,192,208,28.285,1.087,2.982e-16,2p,0
150,1,z:ilp,nat-oop,191,214,28.355,1.118,2.982e-16,2p,1
151,1,z:ilp,nat-oop,860,1520,6.352,1.767,7.324e-16,prime,0
151,1,z:ilp,nat-oop,857,1511,6.378,1.764,7.324e-16,prime,1
152,1,z:ilp,nat-oop,266,1096,20.721,4.124,4.059e-16,2p,0
152,1,z:ilp,nat-oop,258,1100,21.313,4.257,4.059e-16,2p,1
153,1,z:ilp,nat-oop,294,1059,18.863,3.599,4.234e-16,2p,0
153,1,z:ilp,nat-oop,322,1154,17.247,3.584,4.234e-16,2p,1
154,1,z:ilp,nat-oop,356,402,15.705,1.128,3.520e-16,flat,0
154,1,z:ilp,nat-oop,358,396,15.631,1.107,3.520e-16,flat,1
155,1,z:ilp,nat-oop,426,1583,13.241,3.718,3.602e-16,2p,0
155,1,z:ilp,nat-oop,423,1583,13.339,3.745,3.602e-16,2p,1
156,1,z:ilp,nat-oop,224,306,25.379,1.365,3.928e-16,2p,0
156,1,z:ilp,nat-oop,223,306,25.431,1.368,3.928e-16,2p,1
157,1,z:ilp,nat-oop,861,1848,6.652,2.147,1.409e-15,prime,0
157,1,z:ilp,nat-oop,859,1649,6.664,1.919,1.409e-15,prime,1
158,1,z:ilp,nat-oop,1740,2290,3.316,1.316,3.251e-16,prime,0
158,1,z:ilp,nat-oop,1470,2351,3.925,1.599,3.251e-16,prime,1
159,1,z:ilp,nat-oop,1471,2470,3.951,1.679,4.536e-16,prime,0
159,1,z:ilp,nat-oop,1459,2492,3.984,1.708,4.536e-16,prime,1
160,1,z:ilp,nat-oop,163,166,35.955,1.016,2.951e-16,2p,0
160,1,z:ilp,nat-oop,163,173,35.893,1.058,2.951e-16,2p,1
161,1,z:ilp,nat-oop,358,1348,16.462,3.759,4.528e-16,2p,0
161,1,z:ilp,nat-oop,352,1349,16.744,3.827,4.528e-16,2p,1
162,1,z:ilp,nat-oop,218,317,27.235,1.450,4.248e-16,2p,0
162,1,z:ilp,nat-oop,214,316,27.844,1.481,4.248e-16,2p,1
163,1,z:ilp,nat-oop,1056,1813,5.674,1.717,6.840e-16,prime,0
163,1,z:ilp,nat-oop,1048,1811,5.715,1.728,6.840e-16,prime,1
164,1,z:ilp,nat-oop,435,2039,13.859,4.684,4.048e-16,2p,0
164,1,z:ilp,nat-oop,435,2203,13.872,5.065,4.048e-16,2p,1
165,1,z:ilp,nat-oop,253,367,23.982,1.450,3.759e-16,2p,0
165,1,z:ilp,nat-oop,254,368,23.961,1.449,3.759e-16,2p,1
166,1,z:ilp,nat-oop,1474,2719,4.154,1.845,4.854e-16,prime,0
166,1,z:ilp,nat-oop,1472,2836,4.160,1.927,4.854e-16,prime,1
167,1,z:ilp,nat-oop,1589,2201,3.879,1.385,4.068e-16,prime,0
167,1,z:ilp,nat-oop,1782,2298,3.459,1.290,4.068e-16,prime,1
168,1,z:ilp,nat-oop,210,198,29.513,0.941,3.192e-16,2p,0
168,1,z:ilp,nat-oop,218,198,28.467,0.907,3.192e-16,2p,1
169,1,z:ilp,nat-oop,321,492,19.465,1.532,5.982e-16,2p,0
169,1,z:ilp,nat-oop,318,503,19.679,1.582,5.982e-16,2p,1
170,1,z:ilp,nat-oop,295,1163,21.313,3.936,7.597e-16,2p,0
170,1,z:ilp,nat-oop,288,1228,21.887,4.268,7.597e-16,2p,1
171,1,z:ilp,nat-oop,352,1535,18.030,4.363,6.271e-16,2p,0
171,1,z:ilp,nat-oop,349,1535,18.189,4.403,6.271e-16,2p,1
172,1,z:ilp,nat-oop,465,2236,13.721,4.803,4.331e-16,2p,0
172,1,z:ilp,nat-oop,465,2251,13.749,4.846,4.331e-16,2p,1
173,1,z:ilp,nat-oop,1487,2241,4.326,1.507,4.633e-16,prime,0
173,1,z:ilp,nat-oop,1484,2236,4.332,1.506,4.633e-16,prime,1
174,1,z:ilp,nat-oop,380,1682,17.026,4.423,5.544e-16,2p,0
174,1,z:ilp,nat-oop,380,1723,17.047,4.535,5.544e-16,2p,1
175,1,z:ilp,nat-oop,260,375,25.035,1.439,3.710e-16,2p,0
175,1,z:ilp,nat-oop,259,369,25.215,1.428,3.710e-16,2p,1
176,1,z:ilp,nat-oop,222,351,29.533,1.579,2.576e-16,2p,0
176,1,z:ilp,nat-oop,222,351,29.519,1.579,2.576e-16,2p,1
177,1,z:ilp,nat-oop,1486,2428,4.447,1.634,6.515e-16,prime,0
177,1,z:ilp,nat-oop,1478,2420,4.471,1.637,6.515e-16,prime,1
178,1,z:ilp,nat-oop,1480,2250,4.497,1.521,5.520e-16,prime,0
178,1,z:ilp,nat-oop,1479,2236,4.497,1.511,5.520e-16,prime,1
179,1,z:ilp,nat-oop,1484,2249,4.512,1.515,6.297e-16,prime,0
179,1,z:ilp,nat-oop,1473,2236,4.546,1.518,6.297e-16,prime,1
180,1,z:ilp,nat-oop,220,242,30.582,1.097,4.001e-16,2p,0
180,1,z:ilp,nat-oop,222,249,30.319,1.121,4.001e-16,2p,1
181,1,z:ilp,nat-oop,1033,1800,6.571,1.743,6.910e-16,prime,0
181,1,z:ilp,nat-oop,1048,1933,6.477,1.845,6.910e-16,prime,1
182,1,z:ilp,nat-oop,443,452,15.419,1.021,4.678e-16,flat,0
182,1,z:ilp,nat-oop,453,445,15.096,0.984,4.678e-16,flat,1
183,1,z:ilp,nat-oop,1481,2002,4.642,1.351,5.087e-16,prime,0
183,1,z:ilp,nat-oop,1474,2004,4.664,1.359,5.087e-16,prime,1
184,1,z:ilp,nat-oop,334,1611,20.725,4.824,5.642e-16,2p,0
184,1,z:ilp,nat-oop,334,1612,20.712,4.825,5.642e-16,2p,1
185,1,z:ilp,nat-oop,548,2256,12.720,4.120,4.964e-16,2p,0
185,1,z:ilp,nat-oop,540,2409,12.899,4.461,4.964e-16,2p,1
186,1,z:ilp,nat-oop,424,1937,16.521,4.564,4.711e-16,2p,0
186,1,z:ilp,nat-oop,417,2012,16.805,4.822,4.711e-16,2p,1
187,1,z:ilp,nat-oop,372,1607,18.983,4.323,5.970e-16,2p,0
187,1,z:ilp,nat-oop,382,1775,18.483,4.651,5.970e-16,2p,1
188,1,z:ilp,nat-oop,539,2724,13.183,5.057,4.476e-16,2p,0
188,1,z:ilp,nat-oop,535,3072,13.263,5.738,4.476e-16,2p,1
189,1,z:ilp,nat-oop,288,513,24.854,1.784,3.647e-16,2p,0
189,1,z:ilp,nat-oop,287,580,24.889,2.019,3.647e-16,2p,1
190,1,z:ilp,nat-oop,342,1387,21.003,4.051,4.609e-16,2p,0
190,1,z:ilp,nat-oop,342,1432,21.026,4.186,4.609e-16,2p,1
191,1,z:ilp,nat-oop,1219,1957,5.936,1.606,8.399e-16,prime,0
191,1,z:ilp,nat-oop,1181,2189,6.125,1.852,8.399e-16,prime,1
192,1,z:ilp,nat-oop,238,197,30.599,0.828,2.690e-16,chain3,0
192,1,z:ilp,nat-oop,249,198,29.254,0.794,2.690e-16,chain3,1
193,1,z:ilp,nat-oop,912,1793,8.036,1.966,4.724e-16,prime,0
193,1,z:ilp,nat-oop,912,1782,8.036,1.954,4.724e-16,prime,1
194,1,z:ilp,nat-oop,1630,1980,4.523,1.215,5.386e-16,prime,0
194,1,z:ilp,nat-oop,1578,2052,4.672,1.301,5.386e-16,prime,1
195,1,z:ilp,nat-oop,319,429,23.217,1.344,5.675e-16,2p,0
195,1,z:ilp,nat-oop,319,485,23.218,1.518,5.675e-16,2p,1
196,1,z:ilp,nat-oop,361,369,20.698,1.023,3.064e-16,chain3,0
196,1,z:ilp,nat-oop,362,369,20.632,1.019,3.064e-16,chain3,1
197,1,z:ilp,nat-oop,1370,2082,5.479,1.519,5.265e-16,prime,0
197,1,z:ilp,nat-oop,1380,2169,5.442,1.572,5.265e-16,prime,1
198,1,z:ilp,nat-oop,362,441,20.877,1.218,5.738e-16,chain3,0
198,1,z:ilp,nat-oop,369,462,20.481,1.252,5.738e-16,chain3,1
199,1,z:ilp,nat-oop,1367,2128,5.557,1.556,6.756e-16,prime,0
199,1,z:ilp,nat-oop,1363,2116,5.574,1.553,6.756e-16,prime,1
200,1,z:ilp,nat-oop,365,223,20.931,0.611,2.681e-16,2p,0
200,1,z:ilp,nat-oop,249,217,30.720,0.873,2.681e-16,2p,1
201,1,z:ilp,nat-oop,1506,3401,5.107,2.259,6.388e-16,prime,0
201,1,z:ilp,nat-oop,1511,3518,5.087,2.327,6.388e-16,prime,1
202,1,z:ilp,nat-oop,1660,2133,4.659,1.285,4.047e-16,prime,0
202,1,z:ilp,nat-oop,1599,2189,4.837,1.369,4.047e-16,prime,1
203,1,z:ilp,nat-oop,507,1979,15.349,3.905,4.500e-16,2p,0
203,1,z:ilp,nat-oop,507,1987,15.344,3.918,4.500e-16,2p,1
204,1,z:ilp,nat-oop,487,1482,16.063,3.041,4.959e-16,2p,0
204,1,z:ilp,nat-oop,377,1489,20.733,3.945,4.959e-16,2p,1
205,1,z:ilp,nat-oop,843,2572,9.339,3.052,4.268e-16,2p,0
205,1,z:ilp,nat-oop,664,2827,11.857,4.258,4.268e-16,2p,1
206,1,z:ilp,nat-oop,1495,4382,5.294,2.930,6.893e-16,prime,0
206,1,z:ilp,nat-oop,1507,4472,5.253,2.967,6.893e-16,prime,1
207,1,z:ilp,nat-oop,453,1745,17.560,3.849,4.996e-16,2p,0
207,1,z:ilp,nat-oop,454,1838,17.550,4.051,4.996e-16,2p,1
208,1,z:ilp,nat-oop,279,385,28.705,1.379,5.858e-16,2p,0
208,1,z:ilp,nat-oop,279,400,28.655,1.432,5.858e-16,2p,1
209,1,z:ilp,nat-oop,438,1769,18.408,4.044,5.775e-16,2p,0
209,1,z:ilp,nat-oop,452,1759,17.807,3.889,5.775e-16,2p,1
210,1,z:ilp,nat-oop,284,304,28.529,1.071,5.308e-16,2p,0
210,1,z:ilp,nat-oop,284,335,28.516,1.180,5.308e-16,2p,1
211,1,z:ilp,nat-oop,1267,2688,6.429,2.122,6.349e-16,prime,0
211,1,z:ilp,nat-oop,1261,2706,6.462,2.146,6.349e-16,prime,1
212,1,z:ilp,nat-oop,1552,3283,5.279,2.115,4.536e-16,prime,0
212,1,z:ilp,nat-oop,1509,3540,5.427,2.345,4.536e-16,prime,1
213,1,z:ilp,nat-oop,1570,2556,5.245,1.628,4.040e-16,prime,0
213,1,z:ilp,nat-oop,1507,2828,5.465,1.876,4.040e-16,prime,1
214,1,z:ilp,nat-oop,1535,2977,5.398,1.940,4.866e-16,prime,0
214,1,z:ilp,nat-oop,1503,3892,5.510,2.589,4.866e-16,prime,1
215,1,z:ilp,nat-oop,722,2989,11.532,4.139,5.217e-16,2p,0
215,1,z:ilp,nat-oop,711,2990,11.712,4.205,5.217e-16,2p,1
216,1,z:ilp,nat-oop,268,364,31.238,1.357,3.919e-16,2p,0
216,1,z:ilp,nat-oop,287,394,29.227,1.375,3.919e-16,2p,1
217,1,z:ilp,nat-oop,559,2410,15.077,4.315,4.582e-16,2p,0
217,1,z:ilp,nat-oop,559,2490,15.076,4.458,4.582e-16,2p,1
218,1,z:ilp,nat-oop,1535,2463,5.516,1.605,4.802e-16,prime,0
218,1,z:ilp,nat-oop,1503,2558,5.633,1.702,4.802e-16,prime,1
219,1,z:ilp,nat-oop,1513,2383,5.626,1.575,4.459e-16,prime,0
219,1,z:ilp,nat-oop,1611,2373,5.284,1.473,4.459e-16,prime,1
220,1,z:ilp,nat-oop,388,441,22.055,1.137,3.127e-16,chain3,0
220,1,z:ilp,nat-oop,387,432,22.099,1.116,3.127e-16,chain3,1
221,1,z:ilp,nat-oop,491,1898,17.514,3.862,6.150e-16,2p,0
221,1,z:ilp,nat-oop,452,1949,19.023,4.307,6.150e-16,2p,1
222,1,z:ilp,nat-oop,557,2592,15.542,4.657,3.880e-16,2p,0
222,1,z:ilp,nat-oop,540,2552,16.020,4.725,3.880e-16,2p,1
223,1,z:ilp,nat-oop,1544,2924,5.633,1.894,6.120e-16,prime,0
223,1,z:ilp,nat-oop,1745,2972,4.983,1.703,6.120e-16,prime,1
224,1,z:ilp,nat-oop,264,249,33.075,0.943,3.276e-16,2p,0
224,1,z:ilp,nat-oop,264,250,33.079,0.944,3.276e-16,2p,1
225,1,z:ilp,nat-oop,326,484,27.004,1.487,4.832e-16,2p,0
225,1,z:ilp,nat-oop,325,473,27.072,1.457,4.832e-16,2p,1
226,1,z:ilp,nat-oop,1507,4018,5.865,2.666,4.791e-16,prime,0
226,1,z:ilp,nat-oop,1507,4313,5.862,2.861,4.791e-16,prime,1
227,1,z:ilp,nat-oop,1587,2666,5.597,1.680,5.055e-16,prime,0
227,1,z:ilp,nat-oop,1582,2674,5.614,1.690,5.055e-16,prime,1
228,1,z:ilp,nat-oop,397,1714,22.515,4.322,4.473e-16,2p,0
228,1,z:ilp,nat-oop,402,1719,22.214,4.277,4.473e-16,2p,1
229,1,z:ilp,nat-oop,1418,2707,6.330,1.909,6.259e-16,prime,0
229,1,z:ilp,nat-oop,1435,2673,6.257,1.864,6.259e-16,prime,1
230,1,z:ilp,nat-oop,458,1943,19.719,4.247,4.654e-16,2p,0
230,1,z:ilp,nat-oop,437,1909,20.636,4.367,4.654e-16,2p,1
231,1,z:ilp,nat-oop,382,654,23.751,1.714,4.136e-16,2p,0
231,1,z:ilp,nat-oop,385,620,23.533,1.610,4.136e-16,2p,1
232,1,z:ilp,nat-oop,488,2321,18.694,4.759,3.541e-16,2p,0
232,1,z:ilp,nat-oop,487,2430,18.712,4.988,3.541e-16,2p,1
233,1,z:ilp,nat-oop,1544,2843,5.936,1.842,4.387e-16,prime,0
233,1,z:ilp,nat-oop,1517,2685,6.039,1.770,4.387e-16,prime,1
234,1,z:ilp,nat-oop,437,502,21.048,1.148,5.089e-16,chain3,0
234,1,z:ilp,nat-oop,438,504,21.032,1.152,5.089e-16,chain3,1
235,1,z:ilp,nat-oop,834,3301,11.091,3.956,3.362e-16,2p,0
235,1,z:ilp,nat-oop,820,3305,11.286,4.030,3.362e-16,2p,1
236,1,z:ilp,nat-oop,1523,2935,6.109,1.927,5.062e-16,prime,0
236,1,z:ilp,nat-oop,1522,2974,6.112,1.954,5.062e-16,prime,1
237,1,z:ilp,nat-oop,1562,3019,5.985,1.933,5.780e-16,prime,0
237,1,z:ilp,nat-oop,1519,3085,6.152,2.030,5.780e-16,prime,1
238,1,z:ilp,nat-oop,617,1756,15.224,2.846,6.285e-16,flat,0
238,1,z:ilp,nat-oop,619,1809,15.172,2.921,6.285e-16,flat,1
239,1,z:ilp,nat-oop,1528,2868,6.180,1.877,4.874e-16,prime,0
239,1,z:ilp,nat-oop,1528,2869,6.180,1.878,4.874e-16,prime,1
240,1,z:ilp,nat-oop,273,256,34.703,0.937,3.458e-16,2p,0
240,1,z:ilp,nat-oop,273,256,34.753,0.939,3.458e-16,2p,1
241,1,z:ilp,nat-oop,1355,2267,7.036,1.673,4.408e-16,prime,0
241,1,z:ilp,nat-oop,1358,2268,7.020,1.670,4.408e-16,prime,1
242,1,z:ilp,nat-oop,614,1005,15.617,1.638,7.610e-16,flat,0
242,1,z:ilp,nat-oop,585,1003,16.371,1.715,7.610e-16,flat,1
243,1,z:ilp,nat-oop,371,647,25.953,1.744,4.863e-16,2p,0
243,1,z:ilp,nat-oop,372,650,25.899,1.748,4.863e-16,2p,1
244,1,z:ilp,nat-oop,1526,2518,6.339,1.650,4.375e-16,prime,0
244,1,z:ilp,nat-oop,1519,2527,6.370,1.664,4.375e-16,prime,1
245,1,z:ilp,nat-oop,501,740,19.393,1.477,2.828e-16,chain3,0
245,1,z:ilp,nat-oop,501,724,19.420,1.445,2.828e-16,chain3,1
246,1,z:ilp,nat-oop,660,3156,14.807,4.783,2.955e-16,2p,0
246,1,z:ilp,nat-oop,660,3343,14.800,5.065,2.955e-16,2p,1
247,1,z:ilp,nat-oop,551,2075,17.806,3.764,4.138e-16,2p,0
247,1,z:ilp,nat-oop,547,2078,17.947,3.799,4.138e-16,2p,1
248,1,z:ilp,nat-oop,538,2505,18.340,4.659,5.064e-16,2p,0
248,1,z:ilp,nat-oop,537,2507,18.368,4.669,5.064e-16,2p,1
249,1,z:ilp,nat-oop,1556,3430,6.371,2.205,5.360e-16,prime,0
249,1,z:ilp,nat-oop,1537,3379,6.450,2.199,5.360e-16,prime,1
250,1,z:ilp,nat-oop,348,442,28.577,1.268,3.747e-16,2p,0
250,1,z:ilp,nat-oop,349,424,28.553,1.215,3.747e-16,2p,1
251,1,z:ilp,nat-oop,1528,2707,6.549,1.772,4.802e-16,prime,0
251,1,z:ilp,nat-oop,1528,2661,6.547,1.742,4.802e-16,prime,1
252,1,z:ilp,nat-oop,401,450,25.039,1.120,4.504e-16,2p,0
252,1,z:ilp,nat-oop,356,444,28.260,1.249,4.504e-16,2p,1
253,1,z:ilp,nat-oop,574,2405,17.589,4.188,5.050e-16,2p,0
253,1,z:ilp,nat-oop,587,2532,17.197,4.312,5.050e-16,2p,1
254,1,z:ilp,nat-oop,1608,2991,6.308,1.859,4.830e-16,prime,0
254,1,z:ilp,nat-oop,1600,3053,6.343,1.909,4.830e-16,prime,1
255,1,z:ilp,nat-oop,486,1863,20.974,3.834,4.695e-16,2p,0
255,1,z:ilp,nat-oop,486,1864,20.985,3.838,4.695e-16,2p,1
256,1,z:ilp,nat-oop,235,256,43.648,1.091,2.508e-16,2p,0
256,1,z:ilp,nat-oop,234,256,43.700,1.092,2.508e-16,2p,1
257,1,z:ilp,nat-oop,1188,2362,8.660,1.988,4.062e-16,prime,0
257,1,z:ilp,nat-oop,1185,2379,8.679,2.007,4.062e-16,prime,1
258,1,z:ilp,nat-oop,725,3362,14.262,4.639,4.784e-16,2p,0
258,1,z:ilp,nat-oop,715,3373,14.450,4.716,4.784e-16,2p,1
259,1,z:ilp,nat-oop,721,2998,14.391,4.155,4.373e-16,2p,0
259,1,z:ilp,nat-oop,720,2996,14.423,4.163,4.373e-16,2p,1
260,1,z:ilp,nat-oop,475,508,21.954,1.069,3.709e-16,chain3,0
260,1,z:ilp,nat-oop,473,506,22.048,1.071,3.709e-16,chain3,1
261,1,z:ilp,nat-oop,696,2560,15.047,3.676,4.241e-16,2p,0
261,1,z:ilp,nat-oop,653,2561,16.043,3.921,4.241e-16,2p,1
262,1,z:ilp,nat-oop,3189,3713,3.300,1.164,4.883e-16,prime,0
262,1,z:ilp,nat-oop,3199,3723,3.290,1.164,4.883e-16,prime,1
263,1,z:ilp,nat-oop,3234,3466,3.269,1.072,4.592e-16,prime,0
263,1,z:ilp,nat-oop,3200,3530,3.304,1.103,4.592e-16,prime,1
264,1,z:ilp,nat-oop,462,559,22.993,1.211,3.622e-16,chain3,0
264,1,z:ilp,nat-oop,460,565,23.094,1.229,3.622e-16,chain3,1
265,1,z:ilp,nat-oop,3208,4122,3.324,1.285,3.449e-16,prime,0
265,1,z:ilp,nat-oop,3217,4374,3.316,1.360,3.449e-16,prime,1
266,1,z:ilp,nat-oop,737,2092,14.539,2.839,4.362e-16,flat,0
266,1,z:ilp,nat-oop,760,2083,14.098,2.740,4.362e-16,flat,1
267,1,z:ilp,nat-oop,3465,4169,3.106,1.203,4.777e-16,prime,0
267,1,z:ilp,nat-oop,3285,4351,3.275,1.324,4.777e-16,prime,1
268,1,z:ilp,nat-oop,3258,4527,3.317,1.389,5.532e-16,prime,0
268,1,z:ilp,nat-oop,3212,4480,3.366,1.395,5.532e-16,prime,1
269,1,z:ilp,nat-oop,3199,3498,3.394,1.094,5.682e-16,prime,0
269,1,z:ilp,nat-oop,3311,3708,3.279,1.120,5.682e-16,prime,1
270,1,z:ilp,nat-oop,381,486,28.586,1.275,4.312e-16,2p,0
270,1,z:ilp,nat-oop,418,494,26.081,1.183,4.312e-16,2p,1
271,1,z:ilp,nat-oop,1644,2989,6.663,1.819,7.187e-16,prime,0
271,1,z:ilp,nat-oop,1732,2940,6.324,1.698,7.187e-16,prime,1
272,1,z:ilp,nat-oop,444,1964,24.752,4.419,5.464e-16,2p,0
272,1,z:ilp,nat-oop,440,1952,25.003,4.438,5.464e-16,2p,1
273,1,z:ilp,nat-oop,469,707,23.543,1.507,5.678e-16,2p,0
273,1,z:ilp,nat-oop,470,710,23.517,1.511,5.678e-16,2p,1
274,1,z:ilp,nat-oop,3285,4296,3.377,1.308,5.357e-16,prime,0
274,1,z:ilp,nat-oop,3217,4361,3.449,1.356,5.357e-16,prime,1
275,1,z:ilp,nat-oop,453,796,24.578,1.756,3.981e-16,2p,0
275,1,z:ilp,nat-oop,459,797,24.296,1.737,3.981e-16,2p,1
276,1,z:ilp,nat-oop,523,2416,21.413,4.624,5.604e-16,2p,0
276,1,z:ilp,nat-oop,522,2594,21.445,4.971,5.604e-16,2p,1
277,1,z:ilp,nat-oop,1913,3437,5.873,1.796,7.787e-16,prime,0
277,1,z:ilp,nat-oop,1934,3471,5.811,1.795,7.787e-16,prime,1
278,1,z:ilp,nat-oop,3353,3701,3.365,1.103,4.557e-16,prime,0
278,1,z:ilp,nat-oop,3366,3947,3.353,1.173,4.557e-16,prime,1
279,1,z:ilp,nat-oop,720,2873,15.742,3.990,4.885e-16,2p,0
279,1,z:ilp,nat-oop,721,2883,15.721,3.999,4.885e-16,2p,1
280,1,z:ilp,nat-oop,420,330,27.104,0.785,3.357e-16,chain3,0
280,1,z:ilp,nat-oop,421,393,27.055,0.935,3.357e-16,chain3,1
281,1,z:ilp,nat-oop,1734,3463,6.590,1.997,6.308e-16,prime,0
281,1,z:ilp,nat-oop,1730,3719,6.604,2.149,6.308e-16,prime,1
282,1,z:ilp,nat-oop,818,4129,14.022,5.045,4.314e-16,2p,0
282,1,z:ilp,nat-oop,814,4103,14.107,5.044,4.314e-16,2p,1
283,1,z:ilp,nat-oop,2933,3452,3.929,1.177,7.189e-16,prime,0
283,1,z:ilp,nat-oop,2921,3454,3.945,1.182,7.189e-16,prime,1
284,1,z:ilp,nat-oop,3238,3396,3.574,1.049,4.413e-16,prime,0
284,1,z:ilp,nat-oop,3231,3418,3.582,1.058,4.413e-16,prime,1
285,1,z:ilp,nat-oop,553,2214,21.020,4.005,4.025e-16,2p,0
285,1,z:ilp,nat-oop,557,2235,20.877,4.016,4.025e-16,2p,1
286,1,z:ilp,nat-oop,744,976,15.679,1.311,4.861e-16,flat,0
286,1,z:ilp,nat-oop,766,976,15.233,1.274,4.861e-16,flat,1
287,1,z:ilp,nat-oop,889,4123,13.173,4.636,2.996e-16,2p,0
287,1,z:ilp,nat-oop,887,4124,13.216,4.652,2.996e-16,2p,1
288,1,z:ilp,nat-oop,386,435,30.476,1.128,3.460e-16,2p,0
288,1,z:ilp,nat-oop,359,411,32.810,1.147,3.460e-16,2p,1
289,1,z:ilp,nat-oop,661,3798,17.867,5.744,7.914e-16,2p,0
289,1,z:ilp,nat-oop,665,3842,17.753,5.773,7.914e-16,2p,1
290,1,z:ilp,nat-oop,636,2813,18.647,4.423,4.976e-16,2p,0
290,1,z:ilp,nat-oop,637,2818,18.621,4.425,4.976e-16,2p,1
291,1,z:ilp,nat-oop,3219,3066,3.699,0.952,4.900e-16,prime,0
291,1,z:ilp,nat-oop,3194,3058,3.729,0.958,4.900e-16,prime,1
292,1,z:ilp,nat-oop,3274,2968,3.652,0.906,6.177e-16,prime,0
292,1,z:ilp,nat-oop,3226,2988,3.706,0.926,6.177e-16,prime,1
293,1,z:ilp,nat-oop,3259,3725,3.684,1.143,5.755e-16,prime,0
293,1,z:ilp,nat-oop,3248,3681,3.696,1.133,5.755e-16,prime,1
294,1,z:ilp,nat-oop,554,594,21.770,1.073,4.327e-16,chain3,0
294,1,z:ilp,nat-oop,550,605,21.915,1.100,4.327e-16,chain3,1
295,1,z:ilp,nat-oop,3204,4049,3.777,1.264,5.095e-16,prime,0
295,1,z:ilp,nat-oop,3209,4038,3.771,1.258,5.095e-16,prime,1
296,1,z:ilp,nat-oop,719,3224,16.905,4.485,4.672e-16,2p,0
296,1,z:ilp,nat-oop,701,3325,17.327,4.742,4.672e-16,2p,1
297,1,z:ilp,nat-oop,586,795,20.801,1.356,3.584e-16,chain3,0
297,1,z:ilp,nat-oop,594,784,20.531,1.320,3.584e-16,chain3,1
298,1,z:ilp,nat-oop,3301,4270,3.709,1.293,4.855e-16,prime,0
298,1,z:ilp,nat-oop,3198,4363,3.830,1.364,4.855e-16,prime,1
299,1,z:ilp,nat-oop,705,2825,17.442,4.008,4.676e-16,2p,0
299,1,z:ilp,nat-oop,706,2854,17.425,4.045,4.676e-16,2p,1
300,1,z:ilp,nat-oop,413,418,29.869,1.012,5.650e-16,2p,0
300,1,z:ilp,nat-oop,405,418,30.514,1.034,5.650e-16,2p,1
301,1,z:ilp,nat-oop,947,4497,13.081,4.747,4.749e-16,2p,0
301,1,z:ilp,nat-oop,944,4521,13.126,4.789,4.749e-16,2p,1
302,1,z:ilp,nat-oop,3258,3317,3.818,1.018,4.494e-16,prime,0
302,1,z:ilp,nat-oop,3207,3332,3.879,1.039,4.494e-16,prime,1
303,1,z:ilp,nat-oop,3245,3439,3.849,1.060,4.346e-16,prime,0
303,1,z:ilp,nat-oop,3349,3386,3.729,1.011,4.346e-16,prime,1
304,1,z:ilp,nat-oop,496,2295,25.252,4.623,3.627e-16,2p,0
304,1,z:ilp,nat-oop,505,2297,24.837,4.551,3.627e-16,2p,1
305,1,z:ilp,nat-oop,3252,3180,3.870,0.978,5.532e-16,prime,0
305,1,z:ilp,nat-oop,3208,3193,3.923,0.995,5.532e-16,prime,1
306,1,z:ilp,nat-oop,629,2283,20.093,3.631,5.463e-16,chain3,0
306,1,z:ilp,nat-oop,633,2283,19.969,3.608,5.463e-16,chain3,1
307,1,z:ilp,nat-oop,2359,5459,5.377,2.314,1.029e-15,prime,0
307,1,z:ilp,nat-oop,2386,5518,5.315,2.313,1.029e-15,prime,1
308,1,z:ilp,nat-oop,550,748,23.158,1.360,3.960e-16,chain3,0
308,1,z:ilp,nat-oop,550,737,23.150,1.340,3.960e-16,chain3,1
309,1,z:ilp,nat-oop,4130,4632,3.095,1.122,4.949e-16,prime,0
309,1,z:ilp,nat-oop,3276,4637,3.901,1.416,4.949e-16,prime,1
310,1,z:ilp,nat-oop,702,3164,18.268,4.505,4.232e-16,2p,0
310,1,z:ilp,nat-oop,702,3156,18.270,4.494,4.232e-16,2p,1
311,1,z:ilp,nat-oop,2840,5708,4.534,2.010,7.127e-16,prime,0
311,1,z:ilp,nat-oop,2855,5836,4.511,2.044,7.127e-16,prime,1
312,1,z:ilp,nat-oop,568,643,22.773,1.132,5.570e-16,chain3,0
312,1,z:ilp,nat-oop,566,642,22.837,1.135,5.570e-16,chain3,1
313,1,z:ilp,nat-oop,2066,5514,6.280,2.669,8.412e-16,prime,0
313,1,z:ilp,nat-oop,2070,5528,6.266,2.670,8.412e-16,prime,1
314,1,z:ilp,nat-oop,3644,4062,3.574,1.115,4.063e-16,prime,0
314,1,z:ilp,nat-oop,3201,4016,4.068,1.254,4.063e-16,prime,1
315,1,z:ilp,nat-oop,489,767,26.745,1.570,4.222e-16,2p,0
315,1,z:ilp,nat-oop,477,782,27.405,1.641,4.222e-16,2p,1
316,1,z:ilp,nat-oop,3192,4016,4.110,1.258,5.525e-16,prime,0
316,1,z:ilp,nat-oop,3277,4000,4.004,1.221,5.525e-16,prime,1
317,1,z:ilp,nat-oop,3206,3453,4.107,1.077,3.928e-16,prime,0
317,1,z:ilp,nat-oop,3207,3367,4.106,1.050,3.928e-16,prime,1
318,1,z:ilp,nat-oop,3856,5193,3.428,1.347,4.704e-16,prime,0
318,1,z:ilp,nat-oop,3210,5220,4.118,1.626,4.704e-16,prime,1
319,1,z:ilp,nat-oop,821,3482,16.165,4.243,5.072e-16,2p,0
319,1,z:ilp,nat-oop,819,3459,16.196,4.223,5.072e-16,2p,1
320,1,z:ilp,nat-oop,378,346,35.212,0.914,2.967e-16,2p,0
320,1,z:ilp,nat-oop,365,366,36.474,1.004,2.967e-16,2p,1
321,1,z:ilp,nat-oop,3789,4477,3.527,1.182,5.043e-16,prime,0
321,1,z:ilp,nat-oop,3197,4506,4.180,1.409,5.043e-16,prime,1
322,1,z:ilp,nat-oop,955,3238,14.040,3.389,5.927e-16,flat,0
322,1,z:ilp,nat-oop,985,3257,13.620,3.308,5.927e-16,flat,1
323,1,z:ilp,nat-oop,781,4377,17.243,5.607,5.806e-16,2p,0
323,1,z:ilp,nat-oop,781,4400,17.231,5.632,5.806e-16,2p,1
324,1,z:ilp,nat-oop,452,613,29.904,1.358,4.869e-16,2p,0
324,1,z:ilp,nat-oop,455,613,29.716,1.348,4.869e-16,2p,1
325,1,z:ilp,nat-oop,575,933,23.566,1.621,6.391e-16,2p,0
325,1,z:ilp,nat-oop,567,925,23.894,1.630,6.391e-16,2p,1
326,1,z:ilp,nat-oop,3258,4022,4.177,1.235,5.403e-16,prime,0
326,1,z:ilp,nat-oop,3209,3982,4.241,1.241,5.403e-16,prime,1
327,1,z:ilp,nat-oop,3409,3894,4.006,1.142,6.582e-16,prime,0
327,1,z:ilp,nat-oop,3225,3870,4.234,1.200,6.582e-16,prime,1
328,1,z:ilp,nat-oop,865,4408,15.850,5.097,3.916e-16,2p,0
328,1,z:ilp,nat-oop,892,4331,15.364,4.854,3.916e-16,2p,1
329,1,z:ilp,nat-oop,1088,4616,12.642,4.243,4.542e-16,2p,0
329,1,z:ilp,nat-oop,1093,4616,12.583,4.222,4.542e-16,2p,1
330,1,z:ilp,nat-oop,608,722,22.722,1.188,4.258e-16,chain3,0
330,1,z:ilp,nat-oop,604,720,22.852,1.191,4.258e-16,chain3,1
331,1,z:ilp,nat-oop,2305,5347,6.011,2.320,7.171e-16,prime,0
331,1,z:ilp,nat-oop,2238,5383,6.190,2.405,7.171e-16,prime,1
332,1,z:ilp,nat-oop,3362,4487,4.136,1.335,3.796e-16,prime,0
332,1,z:ilp,nat-oop,3404,4582,4.084,1.346,3.796e-16,prime,1
333,1,z:ilp,nat-oop,931,3893,14.978,4.180,4.393e-16,2p,0
333,1,z:ilp,nat-oop,931,4251,14.987,4.566,4.393e-16,2p,1
334,1,z:ilp,nat-oop,3265,6703,4.288,2.053,6.321e-16,prime,0
334,1,z:ilp,nat-oop,3516,6793,3.982,1.932,6.321e-16,prime,1
335,1,z:ilp,nat-oop,3351,5735,4.192,1.711,5.949e-16,prime,0
335,1,z:ilp,nat-oop,3333,5791,4.215,1.737,5.949e-16,prime,1
336,1,z:ilp,nat-oop,427,542,32.988,1.268,3.629e-16,2p,0
336,1,z:ilp,nat-oop,428,547,32.970,1.279,3.629e-16,2p,1
337,1,z:ilp,nat-oop,1902,5421,7.439,2.850,6.901e-16,prime,0
337,1,z:ilp,nat-oop,1972,5383,7.175,2.730,6.901e-16,prime,1
338,1,z:ilp,nat-oop,897,1362,15.820,1.517,1.175e-15,flat,0
338,1,z:ilp,nat-oop,907,1367,15.659,1.508,1.175e-15,flat,1
339,1,z:ilp,nat-oop,3607,5196,3.949,1.440,4.376e-16,prime,0
339,1,z:ilp,nat-oop,3220,5149,4.425,1.599,4.376e-16,prime,1
340,1,z:ilp,nat-oop,684,2549,20.893,3.725,5.662e-16,chain3,0
340,1,z:ilp,nat-oop,688,2558,20.793,3.720,5.662e-16,chain3,1
341,1,z:ilp,nat-oop,904,3859,15.876,4.271,6.205e-16,2p,0
341,1,z:ilp,nat-oop,901,4024,15.917,4.465,6.205e-16,2p,1
342,1,z:ilp,nat-oop,749,2698,19.227,3.604,4.644e-16,chain3,0
342,1,z:ilp,nat-oop,763,2898,18.856,3.797,4.644e-16,chain3,1
343,1,z:ilp,nat-oop,708,986,20.387,1.392,3.699e-16,chain3,0
343,1,z:ilp,nat-oop,707,1041,20.435,1.472,3.699e-16,chain3,1
344,1,z:ilp,nat-oop,934,4699,15.521,5.033,4.398e-16,2p,0
344,1,z:ilp,nat-oop,933,4702,15.534,5.040,4.398e-16,2p,1
345,1,z:ilp,nat-oop,734,3208,19.804,4.368,4.420e-16,2p,0
345,1,z:ilp,nat-oop,808,3325,18.003,4.116,4.420e-16,2p,1
346,1,z:ilp,nat-oop,3266,4702,4.468,1.440,5.081e-16,prime,0
346,1,z:ilp,nat-oop,3397,4679,4.295,1.377,5.081e-16,prime,1
347,1,z:ilp,nat-oop,3371,4400,4.343,1.305,5.387e-16,prime,0
347,1,z:ilp,nat-oop,3844,4445,3.809,1.156,5.387e-16,prime,1
348,1,z:ilp,nat-oop,762,3656,19.274,4.797,5.456e-16,2p,0
348,1,z:ilp,nat-oop,762,3660,19.288,4.806,5.456e-16,2p,1
349,1,z:ilp,nat-oop,2707,4390,5.445,1.622,8.913e-16,prime,0
349,1,z:ilp,nat-oop,2926,4402,5.037,1.504,8.913e-16,prime,1
350,1,z:ilp,nat-oop,705,742,20.965,1.052,3.495e-16,chain3,0
350,1,z:ilp,nat-oop,696,680,21.237,0.976,3.495e-16,chain3,1
351,1,z:ilp,nat-oop,605,901,24.513,1.488,6.146e-16,2p,0
351,1,z:ilp,nat-oop,605,903,24.523,1.492,6.146e-16,2p,1
352,1,z:ilp,nat-oop,477,706,31.214,1.480,2.553e-16,2p,0
352,1,z:ilp,nat-oop,499,705,29.849,1.414,2.553e-16,2p,1
353,1,z:ilp,nat-oop,2006,4468,7.446,2.227,5.215e-16,prime,0
353,1,z:ilp,nat-oop,1974,4509,7.568,2.284,5.215e-16,prime,1
354,1,z:ilp,nat-oop,3423,4375,4.378,1.278,6.484e-16,prime,0
354,1,z:ilp,nat-oop,3437,4492,4.361,1.307,6.484e-16,prime,1
355,1,z:ilp,nat-oop,3280,4315,4.584,1.315,4.596e-16,prime,0
355,1,z:ilp,nat-oop,3334,4278,4.511,1.283,4.596e-16,prime,1
356,1,z:ilp,nat-oop,3361,4511,4.489,1.342,4.619e-16,prime,0
356,1,z:ilp,nat-oop,3547,5269,4.253,1.485,4.619e-16,prime,1
357,1,z:ilp,nat-oop,773,2871,19.574,3.712,4.844e-16,2p,0
357,1,z:ilp,nat-oop,678,2694,22.335,3.976,4.844e-16,2p,1
358,1,z:ilp,nat-oop,3246,4797,4.678,1.478,5.205e-16,prime,0
358,1,z:ilp,nat-oop,3242,4826,4.684,1.488,5.205e-16,prime,1
359,1,z:ilp,nat-oop,3688,4433,4.131,1.202,4.792e-16,prime,0
359,1,z:ilp,nat-oop,3238,4445,4.705,1.373,4.792e-16,prime,1
360,1,z:ilp,nat-oop,624,598,24.510,0.960,4.374e-16,chain3,0
360,1,z:ilp,nat-oop,618,593,24.726,0.960,4.374e-16,chain3,1
361,1,z:ilp,nat-oop,942,5228,16.276,5.549,4.510e-16,2p,0
361,1,z:ilp,nat-oop,908,5236,16.890,5.767,4.510e-16,2p,1
362,1,z:ilp,nat-oop,3466,3799,4.439,1.096,4.562e-16,prime,0
362,1,z:ilp,nat-oop,3569,3800,4.311,1.065,4.562e-16,prime,1
363,1,z:ilp,nat-oop,771,1594,20.021,2.068,4.286e-16,chain3,0
363,1,z:ilp,nat-oop,773,1593,19.975,2.062,4.286e-16,chain3,1
364,1,z:ilp,nat-oop,679,872,22.816,1.285,4.872e-16,chain3,0
364,1,z:ilp,nat-oop,682,881,22.714,1.292,4.872e-16,chain3,1
365,1,z:ilp,nat-oop,3368,3785,4.612,1.124,4.752e-16,prime,0
365,1,z:ilp,nat-oop,3248,3765,4.783,1.159,4.752e-16,prime,1
366,1,z:ilp,nat-oop,3254,3802,4.790,1.169,5.460e-16,prime,0
366,1,z:ilp,nat-oop,3232,3815,4.822,1.180,5.460e-16,prime,1
367,1,z:ilp,nat-oop,3259,4946,4.797,1.518,6.456e-16,prime,0
367,1,z:ilp,nat-oop,3782,4926,4.134,1.302,6.456e-16,prime,1
368,1,z:ilp,nat-oop,853,3439,18.378,4.029,3.873e-16,2p,0
368,1,z:ilp,nat-oop,691,3442,22.699,4.981,3.873e-16,2p,1
369,1,z:ilp,nat-oop,1141,5017,13.791,4.398,4.494e-16,2p,0
369,1,z:ilp,nat-oop,1139,5002,13.817,4.393,4.494e-16,2p,1
370,1,z:ilp,nat-oop,912,4622,17.314,5.070,3.953e-16,2p,0
370,1,z:ilp,nat-oop,909,4624,17.371,5.090,3.953e-16,2p,1
371,1,z:ilp,nat-oop,3271,6114,4.840,1.869,4.391e-16,prime,0
371,1,z:ilp,nat-oop,3251,6124,4.871,1.884,4.391e-16,prime,1
372,1,z:ilp,nat-oop,884,3922,17.967,4.436,4.401e-16,2p,0
372,1,z:ilp,nat-oop,838,3930,18.960,4.691,4.401e-16,2p,1
373,1,z:ilp,nat-oop,3253,4949,4.898,1.521,4.935e-16,prime,0
373,1,z:ilp,nat-oop,3251,4939,4.901,1.519,4.935e-16,prime,1
374,1,z:ilp,nat-oop,1144,3373,13.971,2.949,7.755e-16,flat,0
374,1,z:ilp,nat-oop,985,3393,16.222,3.443,7.755e-16,flat,1
375,1,z:ilp,nat-oop,577,924,27.771,1.601,5.657e-16,2p,0
375,1,z:ilp,nat-oop,577,949,27.782,1.645,5.657e-16,2p,1
376,1,z:ilp,nat-oop,1205,5253,13.349,4.361,4.623e-16,2p,0
376,1,z:ilp,nat-oop,1064,5259,15.119,4.944,4.623e-16,2p,1
377,1,z:ilp,nat-oop,1008,4087,16.004,4.054,5.556e-16,2p,0
377,1,z:ilp,nat-oop,1006,4086,16.035,4.061,5.556e-16,2p,1
378,1,z:ilp,nat-oop,643,769,25.150,1.195,4.786e-16,chain3,0
378,1,z:ilp,nat-oop,662,754,24.460,1.140,4.786e-16,chain3,1
379,1,z:ilp,nat-oop,3056,4005,5.311,1.310,1.007e-15,prime,0
379,1,z:ilp,nat-oop,3070,4414,5.288,1.438,1.007e-15,prime,1
380,1,z:ilp,nat-oop,846,3231,19.241,3.818,4.075e-16,chain3,0
380,1,z:ilp,nat-oop,801,3228,20.335,4.031,4.075e-16,chain3,1
381,1,z:ilp,nat-oop,3479,4354,4.694,1.251,4.454e-16,prime,0
381,1,z:ilp,nat-oop,3444,4804,4.743,1.395,4.454e-16,prime,1
382,1,z:ilp,nat-oop,3525,4111,4.647,1.166,4.989e-16,prime,0
382,1,z:ilp,nat-oop,3275,4211,5.003,1.286,4.989e-16,prime,1
383,1,z:ilp,nat-oop,3408,4095,4.822,1.202,4.829e-16,prime,0
383,1,z:ilp,nat-oop,3446,4117,4.769,1.195,4.829e-16,prime,1
384,1,z:ilp,nat-oop,471,411,35.033,0.872,3.520e-16,2p,0
384,1,z:ilp,nat-oop,411,414,40.064,1.007,3.520e-16,2p,1
385,1,z:ilp,nat-oop,790,1126,20.917,1.425,5.368e-16,chain3,0
385,1,z:ilp,nat-oop,764,1194,21.647,1.563,5.368e-16,chain3,1
386,1,z:ilp,nat-oop,3259,3975,5.088,1.220,5.450e-16,prime,0
386,1,z:ilp,nat-oop,3402,3935,4.875,1.157,5.450e-16,prime,1
387,1,z:ilp,nat-oop,1217,5108,13.665,4.196,4.512e-16,2p,0
387,1,z:ilp,nat-oop,1215,5130,13.690,4.222,4.512e-16,2p,1
388,1,z:ilp,nat-oop,3271,3847,5.101,1.176,4.253e-16,prime,0
388,1,z:ilp,nat-oop,3276,3852,5.092,1.176,4.253e-16,prime,1
389,1,z:ilp,nat-oop,3267,4805,5.122,1.471,5.066e-16,prime,0
389,1,z:ilp,nat-oop,3349,4763,4.996,1.422,5.066e-16,prime,1
390,1,z:ilp,nat-oop,736,821,22.795,1.115,6.249e-16,chain3,0
390,1,z:ilp,nat-oop,734,824,22.878,1.123,6.249e-16,chain3,1
391,1,z:ilp,nat-oop,1171,5718,14.377,4.884,9.765e-16,flat,0
391,1,z:ilp,nat-oop,1203,5715,13.992,4.750,9.765e-16,flat,1
392,1,z:ilp,nat-oop,704,752,23.995,1.068,3.140e-16,chain3,0
392,1,z:ilp,nat-oop,668,749,25.264,1.121,3.140e-16,chain3,1
393,1,z:ilp,nat-oop,3270,5624,5.179,1.720,5.579e-16,prime,0
393,1,z:ilp,nat-oop,3295,5656,5.139,1.716,5.579e-16,prime,1
394,1,z:ilp,nat-oop,3325,4382,5.108,1.318,5.502e-16,prime,0
394,1,z:ilp,nat-oop,3720,4368,4.565,1.174,5.502e-16,prime,1
395,1,z:ilp,nat-oop,3268,5095,5.213,1.559,4.841e-16,prime,0
395,1,z:ilp,nat-oop,3272,5227,5.206,1.597,4.841e-16,prime,1
396,1,z:ilp,nat-oop,736,897,23.221,1.218,4.112e-16,chain3,0
396,1,z:ilp,nat-oop,754,887,22.646,1.176,4.112e-16,chain3,1
397,1,z:ilp,nat-oop,2866,4779,5.979,1.667,7.895e-16,prime,0
397,1,z:ilp,nat-oop,2932,5011,5.845,1.709,7.895e-16,prime,1
398,1,z:ilp,nat-oop,3296,4423,5.215,1.342,6.296e-16,prime,0
398,1,z:ilp,nat-oop,3633,4416,4.730,1.216,6.296e-16,prime,1
399,1,z:ilp,nat-oop,818,3191,21.067,3.900,5.156e-16,2p,0
399,1,z:ilp,nat-oop,809,3180,21.320,3.933,5.156e-16,2p,1
400,1,z:ilp,nat-oop,509,493,33.980,0.969,3.149e-16,2p,0
400,1,z:ilp,nat-oop,511,469,33.831,0.918,3.149e-16,2p,1
401,1,z:ilp,nat-oop,2324,3808,7.462,1.639,5.665e-16,prime,0
401,1,z:ilp,nat-oop,2318,3798,7.478,1.638,5.665e-16,prime,1
402,1,z:ilp,nat-oop,3307,6733,5.259,2.036,5.678e-16,prime,0
402,1,z:ilp,nat-oop,3270,6747,5.318,2.064,5.678e-16,prime,1
403,1,z:ilp,nat-oop,1153,4678,15.123,4.056,7.509e-16,2p,0
403,1,z:ilp,nat-oop,1142,4561,15.271,3.994,7.509e-16,2p,1
404,1,z:ilp,nat-oop,3291,4084,5.314,1.241,5.921e-16,prime,0
404,1,z:ilp,nat-oop,3316,4128,5.274,1.245,5.921e-16,prime,1
405,1,z:ilp,nat-oop,843,1477,20.805,1.752,5.476e-16,2p,0
405,1,z:ilp,nat-oop,631,979,27.778,1.550,5.476e-16,2p,1
406,1,z:ilp,nat-oop,1533,4151,11.473,2.707,9.375e-16,flat,0
406,1,z:ilp,nat-oop,1390,4148,12.659,2.985,9.375e-16,flat,1
407,1,z:ilp,nat-oop,1162,5250,15.186,4.520,4.603e-16,2p,0
407,1,z:ilp,nat-oop,1213,5161,14.539,4.253,4.603e-16,2p,1
408,1,z:ilp,nat-oop,821,2928,21.556,3.568,5.066e-16,chain3,0
408,1,z:ilp,nat-oop,820,2994,21.585,3.652,5.066e-16,chain3,1
409,1,z:ilp,nat-oop,3009,5278,5.897,1.754,8.517e-16,prime,0
409,1,z:ilp,nat-oop,2957,5651,5.999,1.911,8.517e-16,prime,1
410,1,z:ilp,nat-oop,1119,5369,15.906,4.800,4.945e-16,2p,0
410,1,z:ilp,nat-oop,1125,5561,15.819,4.944,4.945e-16,2p,1
411,1,z:ilp,nat-oop,3282,6555,5.437,1.997,5.126e-16,prime,0
411,1,z:ilp,nat-oop,3342,6476,5.340,1.938,5.126e-16,prime,1
412,1,z:ilp,nat-oop,3436,5901,5.209,1.718,7.756e-16,prime,0
412,1,z:ilp,nat-oop,3267,6310,5.478,1.932,7.756e-16,prime,1
413,1,z:ilp,nat-oop,3290,5781,5.454,1.757,5.825e-16,prime,0
413,1,z:ilp,nat-oop,3316,5704,5.412,1.720,5.825e-16,prime,1
414,1,z:ilp,nat-oop,1050,3822,17.132,3.638,6.087e-16,chain3,0
414,1,z:ilp,nat-oop,1056,3695,17.034,3.497,6.087e-16,chain3,1
415,1,z:ilp,nat-oop,3683,5612,4.900,1.524,4.736e-16,prime,0
415,1,z:ilp,nat-oop,3488,5741,5.174,1.646,4.736e-16,prime,1
416,1,z:ilp,nat-oop,609,828,29.735,1.360,5.361e-16,2p,0
416,1,z:ilp,nat-oop,614,826,29.462,1.345,5.361e-16,2p,1
417,1,z:ilp,nat-oop,3289,5343,5.518,1.625,4.002e-16,prime,0
417,1,z:ilp,nat-oop,3337,6468,5.438,1.938,4.002e-16,prime,1
418,1,z:ilp,nat-oop,1159,3752,15.703,3.237,6.029e-16,flat,0
418,1,z:ilp,nat-oop,1161,3732,15.673,3.214,6.029e-16,flat,1
419,1,z:ilp,nat-oop,3530,5255,5.170,1.489,6.047e-16,prime,0
419,1,z:ilp,nat-oop,3293,5293,5.542,1.607,6.047e-16,prime,1
420,1,z:ilp,nat-oop,682,716,26.830,1.049,3.468e-16,chain3,0
420,1,z:ilp,nat-oop,679,715,26.948,1.053,3.468e-16,chain3,1
421,1,z:ilp,nat-oop,3284,5269,5.588,1.605,6.156e-16,prime,0
421,1,z:ilp,nat-oop,3270,5374,5.613,1.644,6.156e-16,prime,1
422,1,z:ilp,nat-oop,4099,5485,4.489,1.338,5.696e-16,prime,0
422,1,z:ilp,nat-oop,3493,5509,5.268,1.577,5.696e-16,prime,1
423,1,z:ilp,nat-oop,1398,6026,13.196,4.310,5.015e-16,2p,0
423,1,z:ilp,nat-oop,1396,6017,13.217,4.310,5.015e-16,2p,1
424,1,z:ilp,nat-oop,3508,7017,5.275,2.001,4.933e-16,prime,0
424,1,z:ilp,nat-oop,3426,7079,5.400,2.066,4.933e-16,prime,1
425,1,z:ilp,nat-oop,912,3271,20.341,3.586,5.882e-16,2p,0
425,1,z:ilp,nat-oop,904,3273,20.533,3.622,5.882e-16,2p,1
426,1,z:ilp,nat-oop,3275,5144,5.682,1.571,5.589e-16,prime,0
426,1,z:ilp,nat-oop,3290,5158,5.656,1.568,5.589e-16,prime,1
427,1,z:ilp,nat-oop,3371,4738,5.534,1.405,4.270e-16,prime,0
427,1,z:ilp,nat-oop,3453,4541,5.403,1.315,4.270e-16,prime,1
428,1,z:ilp,nat-oop,3381,5939,5.532,1.756,6.291e-16,prime,0
428,1,z:ilp,nat-oop,3270,6088,5.720,1.862,6.291e-16,prime,1
429,1,z:ilp,nat-oop,958,1549,19.587,1.618,5.598e-16,chain3,0
429,1,z:ilp,nat-oop,958,1540,19.574,1.607,5.598e-16,chain3,1
430,1,z:ilp,nat-oop,1198,6054,15.702,5.054,3.579e-16,2p,0
430,1,z:ilp,nat-oop,1192,6054,15.773,5.077,3.579e-16,2p,1
431,1,z:ilp,nat-oop,3304,5313,5.709,1.608,5.158e-16,prime,0
431,1,z:ilp,nat-oop,3689,5359,5.112,1.453,5.158e-16,prime,1
432,1,z:ilp,nat-oop,614,704,30.814,1.146,4.639e-16,2p,0
432,1,z:ilp,nat-oop,614,705,30.815,1.148,4.639e-16,2p,1
433,1,z:ilp,nat-oop,2503,4584,7.577,1.832,8.288e-16,prime,0
433,1,z:ilp,nat-oop,2591,4529,7.317,1.748,8.288e-16,prime,1
434,1,z:ilp,nat-oop,1493,4639,12.736,3.107,4.596e-16,flat,0
434,1,z:ilp,nat-oop,1505,4638,12.636,3.082,4.596e-16,flat,1
435,1,z:ilp,nat-oop,1066,4645,17.880,4.357,4.757e-16,2p,0
435,1,z:ilp,nat-oop,1065,4648,17.907,4.365,4.757e-16,2p,1
436,1,z:ilp,nat-oop,3789,5217,5.045,1.377,5.421e-16,prime,0
436,1,z:ilp,nat-oop,3321,4725,5.756,1.423,5.421e-16,prime,1
437,1,z:ilp,nat-oop,1197,6589,16.013,5.505,4.711e-16,2p,0
437,1,z:ilp,nat-oop,1285,7083,14.912,5.511,4.711e-16,2p,1
438,1,z:ilp,nat-oop,3668,4493,5.240,1.225,5.303e-16,prime,0
438,1,z:ilp,nat-oop,3599,4483,5.340,1.246,5.303e-16,prime,1
439,1,z:ilp,nat-oop,3297,5748,5.844,1.744,5.777e-16,prime,0
439,1,z:ilp,nat-oop,3317,5761,5.808,1.737,5.777e-16,prime,1
440,1,z:ilp,nat-oop,947,1211,20.404,1.279,3.540e-16,chain3,0
440,1,z:ilp,nat-oop,811,1192,23.829,1.471,3.540e-16,chain3,1
441,1,z:ilp,nat-oop,764,1230,25.350,1.609,4.945e-16,2p,0
441,1,z:ilp,nat-oop,763,1231,25.402,1.614,4.945e-16,2p,1
442,1,z:ilp,nat-oop,1247,4262,15.572,3.417,7.541e-16,flat,0
442,1,z:ilp,nat-oop,1248,4267,15.561,3.419,7.541e-16,flat,1
443,1,z:ilp,nat-oop,3291,5837,5.917,1.774,4.415e-16,prime,0
443,1,z:ilp,nat-oop,3439,5893,5.662,1.713,4.415e-16,prime,1
444,1,z:ilp,nat-oop,1086,5264,17.977,4.847,5.164e-16,2p,0
444,1,z:ilp,nat-oop,1083,6037,18.031,5.575,5.164e-16,2p,1
445,1,z:ilp,nat-oop,3467,5955,5.646,1.718,4.461e-16,prime,0
445,1,z:ilp,nat-oop,3747,5977,5.224,1.595,4.461e-16,prime,1
446,1,z:ilp,nat-oop,3492,6148,5.621,1.761,5.159e-16,prime,0
446,1,z:ilp,nat-oop,3281,6483,5.982,1.976,5.159e-16,prime,1
447,1,z:ilp,nat-oop,3389,6435,5.807,1.899,5.913e-16,prime,0
447,1,z:ilp,nat-oop,3760,6684,5.234,1.778,5.913e-16,prime,1
448,1,z:ilp,nat-oop,606,618,32.576,1.020,3.458e-16,chain3,0
448,1,z:ilp,nat-oop,605,529,32.589,0.874,3.458e-16,chain3,1
449,1,z:ilp,nat-oop,2501,5913,7.908,2.364,6.945e-16,prime,0
449,1,z:ilp,nat-oop,2480,5772,7.974,2.327,6.945e-16,prime,1
450,1,z:ilp,nat-oop,770,821,25.760,1.066,5.106e-16,chain3,0
450,1,z:ilp,nat-oop,770,820,25.766,1.066,5.106e-16,chain3,1
451,1,z:ilp,nat-oop,1429,6159,13.917,4.311,4.160e-16,2p,0
451,1,z:ilp,nat-oop,1418,6162,14.019,4.345,4.160e-16,2p,1
452,1,z:ilp,nat-oop,3362,6880,5.929,2.046,5.819e-16,prime,0
452,1,z:ilp,nat-oop,3650,7336,5.461,2.010,5.819e-16,prime,1
453,1,z:ilp,nat-oop,3308,5348,6.041,1.616,5.147e-16,prime,0
453,1,z:ilp,nat-oop,3926,5291,5.090,1.348,5.147e-16,prime,1
454,1,z:ilp,nat-oop,4141,5814,4.839,1.404,4.750e-16,prime,0
454,1,z:ilp,nat-oop,3372,5761,5.941,1.708,4.750e-16,prime,1
455,1,z:ilp,nat-oop,977,1287,20.552,1.317,4.533e-16,chain3,0
455,1,z:ilp,nat-oop,970,1332,20.719,1.374,4.533e-16,chain3,1
456,1,z:ilp,nat-oop,1010,3982,19.930,3.941,3.937e-16,chain3,0
456,1,z:ilp,nat-oop,1007,3993,20.000,3.965,3.937e-16,chain3,1
457,1,z:ilp,nat-oop,4793,5858,4.212,1.222,6.355e-16,prime,0
457,1,z:ilp,nat-oop,3313,6808,6.095,2.055,6.355e-16,prime,1
458,1,z:ilp,nat-oop,3299,5696,6.135,1.726,4.610e-16,prime,0
458,1,z:ilp,nat-oop,3480,5585,5.817,1.605,4.610e-16,prime,1
459,1,z:ilp,nat-oop,1045,3481,19.428,3.333,5.113e-16,chain3,0
459,1,z:ilp,nat-oop,1038,3612,19.559,3.481,5.113e-16,chain3,1
460,1,z:ilp,nat-oop,1265,4157,16.086,3.287,4.816e-16,chain3,0
460,1,z:ilp,nat-oop,1156,4070,17.605,3.522,4.816e-16,chain3,1
461,1,z:ilp,nat-oop,3354,5796,6.081,1.728,4.458e-16,prime,0
461,1,z:ilp,nat-oop,3345,6053,6.097,1.809,4.458e-16,prime,1
462,1,z:ilp,nat-oop,895,1080,22.852,1.207,3.979e-16,chain3,0
462,1,z:ilp,nat-oop,894,1090,22.859,1.219,3.979e-16,chain3,1
463,1,z:ilp,nat-oop,3239,5915,6.329,1.826,7.155e-16,prime,0
463,1,z:ilp,nat-oop,3219,5939,6.368,1.845,7.155e-16,prime,1
464,1,z:ilp,nat-oop,1012,4604,20.315,4.551,2.982e-16,2p,0
464,1,z:ilp,nat-oop,1011,4640,20.326,4.590,2.982e-16,2p,1
465,1,z:ilp,nat-oop,1173,5042,17.561,4.298,5.162e-16,2p,0
465,1,z:ilp,nat-oop,1199,5041,17.177,4.203,5.162e-16,2p,1
466,1,z:ilp,nat-oop,3325,5606,6.212,1.686,5.303e-16,prime,0
466,1,z:ilp,nat-oop,3300,5734,6.258,1.737,5.303e-16,prime,1
467,1,z:ilp,nat-oop,3524,5832,5.875,1.655,5.027e-16,prime,0
467,1,z:ilp,nat-oop,3307,5851,6.260,1.769,5.027e-16,prime,1
468,1,z:ilp,nat-oop,903,1016,22.977,1.125,6.289e-16,chain3,0
468,1,z:ilp,nat-oop,936,1011,22.170,1.080,6.289e-16,chain3,1
469,1,z:ilp,nat-oop,3311,8013,6.285,2.420,4.709e-16,prime,0
469,1,z:ilp,nat-oop,3298,8263,6.308,2.505,4.709e-16,prime,1
470,1,z:ilp,nat-oop,1630,6863,12.796,4.210,5.313e-16,2p,0
470,1,z:ilp,nat-oop,1382,7063,15.093,5.110,5.313e-16,2p,1
471,1,z:ilp,nat-oop,3536,5290,5.914,1.496,6.713e-16,prime,0
471,1,z:ilp,nat-oop,3481,5621,6.007,1.615,6.713e-16,prime,1
472,1,z:ilp,nat-oop,3461,5919,6.057,1.710,4.700e-16,prime,0
472,1,z:ilp,nat-oop,3504,6275,5.983,1.791,4.700e-16,prime,1
473,1,z:ilp,nat-oop,1962,6872,10.712,3.503,6.014e-16,flat,0
473,1,z:ilp,nat-oop,1726,7310,12.175,4.235,6.014e-16,flat,1
474,1,z:ilp,nat-oop,3430,6127,6.143,1.787,4.895e-16,prime,0
474,1,z:ilp,nat-oop,3329,6856,6.329,2.060,4.895e-16,prime,1
475,1,z:ilp,nat-oop,1103,3801,19.147,3.446,5.033e-16,chain3,0
475,1,z:ilp,nat-oop,1107,3822,19.071,3.451,5.033e-16,chain3,1
476,1,z:ilp,nat-oop,993,3543,21.310,3.566,6.772e-16,chain3,0
476,1,z:ilp,nat-oop,979,3615,21.635,3.695,6.772e-16,chain3,1
477,1,z:ilp,nat-oop,3349,7500,6.336,2.239,4.257e-16,prime,0
477,1,z:ilp,nat-oop,3372,7531,6.294,2.234,4.257e-16,prime,1
478,1,z:ilp,nat-oop,3328,5657,6.392,1.700,5.727e-16,prime,0
478,1,z:ilp,nat-oop,3321,5668,6.405,1.706,5.727e-16,prime,1
479,1,z:ilp,nat-oop,3487,6000,6.116,1.721,4.540e-16,prime,0
479,1,z:ilp,nat-oop,3463,5951,6.158,1.719,4.540e-16,prime,1
480,1,z:ilp,nat-oop,930,679,22.988,0.730,3.240e-16,2p,0
480,1,z:ilp,nat-oop,633,672,33.756,1.061,3.240e-16,2p,1
481,1,z:ilp,nat-oop,1501,6118,14.278,4.077,5.478e-16,2p,0
481,1,z:ilp,nat-oop,1415,6111,15.141,4.318,5.478e-16,2p,1
482,1,z:ilp,nat-oop,3562,4796,6.031,1.347,4.360e-16,prime,0
482,1,z:ilp,nat-oop,3533,4763,6.079,1.348,4.360e-16,prime,1
483,1,z:ilp,nat-oop,1089,4490,19.776,4.124,5.105e-16,2p,0
483,1,z:ilp,nat-oop,1081,4503,19.922,4.166,5.105e-16,2p,1
484,1,z:ilp,nat-oop,985,1774,21.918,1.802,2.955e-16,chain3,0
484,1,z:ilp,nat-oop,990,1743,21.808,1.762,2.955e-16,chain3,1
485,1,z:ilp,nat-oop,3382,5209,6.397,1.540,4.395e-16,prime,0
485,1,z:ilp,nat-oop,3497,5207,6.186,1.489,4.395e-16,prime,1
486,1,z:ilp,nat-oop,865,1032,25.067,1.193,5.421e-16,chain3,0
486,1,z:ilp,nat-oop,933,1032,23.233,1.105,5.421e-16,chain3,1
487,1,z:ilp,nat-oop,3330,5595,6.529,1.680,4.239e-16,prime,0
487,1,z:ilp,nat-oop,3326,6198,6.537,1.864,4.239e-16,prime,1
488,1,z:ilp,nat-oop,3383,5235,6.442,1.548,4.106e-16,prime,0
488,1,z:ilp,nat-oop,3524,5520,6.183,1.566,4.106e-16,prime,1
489,1,z:ilp,nat-oop,3409,5909,6.407,1.733,6.938e-16,prime,0
489,1,z:ilp,nat-oop,3373,5925,6.475,1.756,6.938e-16,prime,1
490,1,z:ilp,nat-oop,835,1015,26.210,1.214,4.797e-16,chain3,0
490,1,z:ilp,nat-oop,840,1028,26.077,1.225,4.797e-16,chain3,1
491,1,z:ilp,nat-oop,3125,6420,7.024,2.055,7.539e-16,prime,0
491,1,z:ilp,nat-oop,3034,6379,7.234,2.103,7.539e-16,prime,1
492,1,z:ilp,nat-oop,1339,6568,16.431,4.906,4.679e-16,2p,0
492,1,z:ilp,nat-oop,1345,6644,16.361,4.942,4.679e-16,2p,1
493,1,z:ilp,nat-oop,1435,7905,15.361,5.507,6.422e-16,2p,0
493,1,z:ilp,nat-oop,1433,7975,15.385,5.565,6.422e-16,2p,1
494,1,z:ilp,nat-oop,1458,5050,15.163,3.465,6.932e-16,flat,0
494,1,z:ilp,nat-oop,1450,5441,15.245,3.753,6.932e-16,flat,1
495,1,z:ilp,nat-oop,1000,1356,22.155,1.356,4.142e-16,chain3,0
495,1,z:ilp,nat-oop,959,1334,23.091,1.391,4.142e-16,chain3,1
496,1,z:ilp,nat-oop,1097,5280,20.238,4.812,4.921e-16,2p,0
496,1,z:ilp,nat-oop,1094,5285,20.306,4.832,4.921e-16,2p,1
497,1,z:ilp,nat-oop,3891,6118,5.721,1.572,5.533e-16,prime,0
497,1,z:ilp,nat-oop,3338,6040,6.668,1.809,5.533e-16,prime,1
498,1,z:ilp,nat-oop,3524,7179,6.331,2.037,8.857e-16,prime,0
498,1,z:ilp,nat-oop,3389,7666,6.582,2.262,8.857e-16,prime,1
499,1,z:ilp,nat-oop,3539,6403,6.319,1.809,6.613e-16,prime,0
499,1,z:ilp,nat-oop,3544,6414,6.310,1.810,6.613e-16,prime,1
500,1,z:ilp,nat-oop,826,847,27.132,1.026,4.514e-16,chain3,0
500,1,z:ilp,nat-oop,863,873,25.966,1.011,4.514e-16,chain3,1
501,1,z:ilp,nat-oop,3402,7009,6.604,2.060,5.249e-16,prime,0
501,1,z:ilp,nat-oop,3529,7041,6.366,1.995,5.249e-16,prime,1
502,1,z:ilp,nat-oop,3407,5812,6.610,1.706,4.450e-16,prime,0
502,1,z:ilp,nat-oop,3700,5856,6.087,1.583,4.450e-16,prime,1
503,1,z:ilp,nat-oop,3601,5580,6.267,1.549,3.687e-16,prime,0
503,1,z:ilp,nat-oop,3578,5615,6.309,1.569,3.687e-16,prime,1
504,1,z:ilp,nat-oop,876,923,25.828,1.054,3.399e-16,chain3,0
504,1,z:ilp,nat-oop,871,879,25.975,1.009,3.399e-16,chain3,1
505,1,z:ilp,nat-oop,3775,5171,6.007,1.370,4.745e-16,prime,0
505,1,z:ilp,nat-oop,3476,5167,6.523,1.486,4.745e-16,prime,1
506,1,z:ilp,nat-oop,1553,5100,14.634,3.284,6.707e-16,flat,0
506,1,z:ilp,nat-oop,1529,5856,14.866,3.830,6.707e-16,flat,1
507,1,z:ilp,nat-oop,1148,1805,19.847,1.572,5.164e-16,chain3,0
507,1,z:ilp,nat-oop,1161,1803,19.625,1.554,5.164e-16,chain3,1
508,1,z:ilp,nat-oop,3682,5842,6.201,1.587,5.991e-16,prime,0
508,1,z:ilp,nat-oop,3759,6171,6.073,1.642,5.991e-16,prime,1
509,1,z:ilp,nat-oop,4079,5608,5.610,1.375,5.701e-16,prime,0
509,1,z:ilp,nat-oop,3421,5816,6.688,1.700,5.701e-16,prime,1
510,1,z:ilp,nat-oop,1263,3834,18.160,3.036,7.160e-16,chain3,0
510,1,z:ilp,nat-oop,1119,3977,20.492,3.554,7.160e-16,chain3,1
511,1,z:ilp,nat-oop,4136,5362,5.558,1.296,5.298e-16,prime,0
511,1,z:ilp,nat-oop,3477,5380,6.612,1.548,5.298e-16,prime,1
512,1,z:ilp,nat-oop,531,561,43.361,1.056,3.080e-16,2p,0
512,1,z:ilp,nat-oop,521,562,44.235,1.078,3.080e-16,2p,1
513,1,z:ilp,nat-oop,1065,4383,21.686,4.116,4.631e-16,2p,0
513,1,z:ilp,nat-oop,1058,5061,21.836,4.785,4.631e-16,2p,1
514,1,z:ilp,nat-oop,7681,5594,3.013,0.728,5.887e-16,prime,0
514,1,z:ilp,nat-oop,7003,5248,3.305,0.749,5.887e-16,prime,1
515,1,z:ilp,nat-oop,10517,7590,2.206,0.722,4.581e-16,prime,0
515,1,z:ilp,nat-oop,8236,9118,2.816,1.107,4.581e-16,prime,1
516,1,z:ilp,nat-oop,1437,7094,16.175,4.935,4.904e-16,2p,0
516,1,z:ilp,nat-oop,1437,7759,16.178,5.399,4.904e-16,2p,1
517,1,z:ilp,nat-oop,1745,7858,13.355,4.504,4.587e-16,2p,0
517,1,z:ilp,nat-oop,1741,8158,13.381,4.685,4.587e-16,2p,1
518,1,z:ilp,nat-oop,1919,6246,12.168,3.254,6.662e-16,flat,0
518,1,z:ilp,nat-oop,1902,7072,12.277,3.718,6.662e-16,flat,1
519,1,z:ilp,nat-oop,9300,7365,2.517,0.792,5.396e-16,prime,0
519,1,z:ilp,nat-oop,8178,7666,2.862,0.937,5.396e-16,prime,1
520,1,z:ilp,nat-oop,926,1116,25.340,1.206,6.471e-16,chain3,0
520,1,z:ilp,nat-oop,926,1071,25.345,1.157,6.471e-16,chain3,1
521,1,z:ilp,nat-oop,3799,7152,6.189,1.883,9.879e-16,prime,0
521,1,z:ilp,nat-oop,3550,7777,6.622,2.191,9.879e-16,prime,1
522,1,z:ilp,nat-oop,1469,5488,16.037,3.735,3.896e-16,chain3,0
522,1,z:ilp,nat-oop,1470,6169,16.033,4.198,3.896e-16,chain3,1
523,1,z:ilp,nat-oop,5343,7345,4.420,1.375,6.884e-16,prime,0
523,1,z:ilp,nat-oop,5194,7745,4.546,1.491,6.884e-16,prime,1
524,1,z:ilp,nat-oop,8419,9114,2.811,1.083,5.024e-16,prime,0
524,1,z:ilp,nat-oop,7407,9571,3.195,1.292,5.024e-16,prime,1
525,1,z:ilp,nat-oop,974,1309,24.343,1.343,5.142e-16,2p,0
525,1,z:ilp,nat-oop,922,1562,25.727,1.694,5.142e-16,2p,1
526,1,z:ilp,nat-oop,7739,7343,3.072,0.949,5.972e-16,prime,0
526,1,z:ilp,nat-oop,7500,7610,3.170,1.015,5.972e-16,prime,1
527,1,z:ilp,nat-oop,1576,8983,15.115,5.699,7.537e-16,2p,0
527,1,z:ilp,nat-oop,1586,8763,15.021,5.525,7.537e-16,2p,1
528,1,z:ilp,nat-oop,951,1129,25.100,1.187,4.247e-16,chain3,0
528,1,z:ilp,nat-oop,989,1132,24.144,1.145,4.247e-16,chain3,1
529,1,z:ilp,nat-oop,1748,8588,13.691,4.914,8.974e-16,flat,0
529,1,z:ilp,nat-oop,1747,9124,13.699,5.223,8.974e-16,flat,1
530,1,z:ilp,nat-oop,8557,8792,2.803,1.027,4.777e-16,prime,0
530,1,z:ilp,nat-oop,6857,8738,3.497,1.274,4.777e-16,prime,1
531,1,z:ilp,nat-oop,20038,6677,1.199,0.333,4.907e-16,prime,0
531,1,z:ilp,nat-oop,7414,6681,3.242,0.901,4.907e-16,prime,1
532,1,z:ilp,nat-oop,1155,4437,20.850,3.841,4.995e-16,chain3,0
532,1,z:ilp,nat-oop,1165,4455,20.674,3.823,4.995e-16,chain3,1
533,1,z:ilp,nat-oop,1730,7467,13.953,4.316,5.607e-16,2p,0
533,1,z:ilp,nat-oop,1726,7373,13.990,4.273,5.607e-16,2p,1
534,1,z:ilp,nat-oop,8173,6998,2.960,0.856,6.134e-16,prime,0
534,1,z:ilp,nat-oop,7607,7011,3.180,0.922,6.134e-16,prime,1
535,1,z:ilp,nat-oop,9001,7656,2.693,0.851,5.328e-16,prime,0
535,1,z:ilp,nat-oop,8121,8079,2.985,0.995,5.328e-16,prime,1
536,1,z:ilp,nat-oop,7848,9392,3.096,1.197,5.927e-16,prime,0
536,1,z:ilp,nat-oop,7231,9379,3.360,1.297,5.927e-16,prime,1
537,1,z:ilp,nat-oop,7285,11172,3.342,1.534,4.954e-16,prime,0
537,1,z:ilp,nat-oop,7255,7780,3.356,1.072,4.954e-16,prime,1
538,1,z:ilp,nat-oop,7109,12074,3.433,1.699,4.601e-16,prime,0
538,1,z:ilp,nat-oop,7119,7541,3.428,1.059,4.601e-16,prime,1
539,1,z:ilp,nat-oop,1165,1910,20.984,1.639,3.849e-16,chain3,0
539,1,z:ilp,nat-oop,1864,1977,13.116,1.060,3.849e-16,chain3,1
540,1,z:ilp,nat-oop,1227,1033,19.976,0.842,4.789e-16,chain3,0
540,1,z:ilp,nat-oop,994,1014,24.658,1.021,4.789e-16,chain3,1
541,1,z:ilp,nat-oop,5287,5848,4.646,1.106,6.165e-16,prime,0
541,1,z:ilp,nat-oop,5354,5856,4.587,1.094,6.165e-16,prime,1
542,1,z:ilp,nat-oop,7345,6392,3.351,0.870,5.797e-16,prime,0
542,1,z:ilp,nat-oop,7569,6388,3.252,0.844,5.797e-16,prime,1
543,1,z:ilp,nat-oop,8204,5996,3.006,0.731,4.401e-16,prime,0
543,1,z:ilp,nat-oop,8295,7055,2.973,0.851,4.401e-16,prime,1
544,1,z:ilp,nat-oop,911,4327,27.126,4.748,6.387e-16,2p,0
544,1,z:ilp,nat-oop,911,4574,27.144,5.022,6.387e-16,2p,1
545,1,z:ilp,nat-oop,10148,6154,2.441,0.606,5.494e-16,prime,0
545,1,z:ilp,nat-oop,8549,6698,2.897,0.783,5.494e-16,prime,1
546,1,z:ilp,nat-oop,1142,1308,21.728,1.145,5.517e-16,chain3,0
546,1,z:ilp,nat-oop,1104,1280,22.485,1.160,5.517e-16,chain3,1
547,1,z:ilp,nat-oop,3999,11716,6.220,2.930,1.087e-15,prime,0
547,1,z:ilp,nat-oop,4031,10147,6.171,2.517,1.087e-15,prime,1
548,1,z:ilp,nat-oop,8685,8091,2.870,0.932,5.228e-16,prime,0
548,1,z:ilp,nat-oop,8424,8877,2.959,1.054,5.228e-16,prime,1
549,1,z:ilp,nat-oop,8382,6382,2.980,0.761,5.812e-16,prime,0
549,1,z:ilp,nat-oop,8285,6707,3.015,0.809,5.812e-16,prime,1
550,1,z:ilp,nat-oop,1313,1248,19.071,0.951,4.423e-16,chain3,0
550,1,z:ilp,nat-oop,1050,1240,23.834,1.181,4.423e-16,chain3,1
551,1,z:ilp,nat-oop,1672,9184,15.002,5.492,3.984e-16,2p,0
551,1,z:ilp,nat-oop,1670,9174,15.021,5.493,3.984e-16,2p,1
552,1,z:ilp,nat-oop,1333,5975,18.856,4.481,5.300e-16,chain3,0
552,1,z:ilp,nat-oop,1309,5955,19.212,4.551,5.300e-16,chain3,1
553,1,z:ilp,nat-oop,9173,7671,2.746,0.836,4.565e-16,prime,0
553,1,z:ilp,nat-oop,8159,8594,3.088,1.053,4.565e-16,prime,1
554,1,z:ilp,nat-oop,6970,7227,3.622,1.037,4.603e-16,prime,0
554,1,z:ilp,nat-oop,7205,7268,3.504,1.009,4.603e-16,prime,1
555,1,z:ilp,nat-oop,2128,7267,11.891,3.416,5.969e-16,2p,0
555,1,z:ilp,nat-oop,1566,7110,16.150,4.539,5.969e-16,2p,1
556,1,z:ilp,nat-oop,9235,7552,2.745,0.818,5.001e-16,prime,0
556,1,z:ilp,nat-oop,8211,7846,3.087,0.956,5.001e-16,prime,1
557,1,z:ilp,nat-oop,7485,9940,3.394,1.328,6.343e-16,prime,0
557,1,z:ilp,nat-oop,8475,10173,2.998,1.200,6.343e-16,prime,1
558,1,z:ilp,nat-oop,1650,6018,15.430,3.648,5.915e-16,chain3,0
558,1,z:ilp,nat-oop,1631,5927,15.610,3.635,5.915e-16,chain3,1
559,1,z:ilp,nat-oop,3192,8232,7.991,2.579,6.384e-16,2p,0
559,1,z:ilp,nat-oop,1970,8084,12.946,4.103,6.384e-16,2p,1
560,1,z:ilp,nat-oop,912,918,28.021,1.007,3.334e-16,chain3,0
560,1,z:ilp,nat-oop,1063,1367,24.055,1.287,3.334e-16,chain3,1
561,1,z:ilp,nat-oop,1560,5236,16.420,3.356,6.941e-16,chain3,0
561,1,z:ilp,nat-oop,1407,5437,18.209,3.865,6.941e-16,chain3,1
562,1,z:ilp,nat-oop,9286,7503,2.764,0.808,7.281e-16,prime,0
562,1,z:ilp,nat-oop,9433,8308,2.721,0.881,7.281e-16,prime,1
563,1,z:ilp,nat-oop,7328,9845,3.510,1.343,5.859e-16,prime,0
563,1,z:ilp,nat-oop,7409,10029,3.471,1.354,5.859e-16,prime,1
564,1,z:ilp,nat-oop,1842,10089,13.992,5.477,4.699e-16,2p,0
564,1,z:ilp,nat-oop,1707,10002,15.100,5.860,4.699e-16,2p,1
565,1,z:ilp,nat-oop,7849,8933,3.290,1.138,5.000e-16,prime,0
565,1,z:ilp,nat-oop,7406,9033,3.487,1.220,5.000e-16,prime,1
566,1,z:ilp,nat-oop,8016,7391,3.228,0.922,5.354e-16,prime,0
566,1,z:ilp,nat-oop,7685,8228,3.368,1.071,5.354e-16,prime,1
567,1,z:ilp,nat-oop,1174,1562,22.089,1.331,5.585e-16,chain3,0
567,1,z:ilp,nat-oop,1199,1609,21.631,1.342,5.585e-16,chain3,1
568,1,z:ilp,nat-oop,7974,7067,3.259,0.886,3.671e-16,prime,0
568,1,z:ilp,nat-oop,7008,7044,3.708,1.005,3.671e-16,prime,1
569,1,z:ilp,nat-oop,7980,7299,3.263,0.915,5.007e-16,prime,0
569,1,z:ilp,nat-oop,7127,7225,3.653,1.014,5.007e-16,prime,1
570,1,z:ilp,nat-oop,1276,4410,20.440,3.455,4.432e-16,chain3,0
570,1,z:ilp,nat-oop,1270,4985,20.538,3.924,4.432e-16,chain3,1
571,1,z:ilp,nat-oop,4288,7146,6.097,1.666,6.929e-16,prime,0
571,1,z:ilp,nat-oop,4495,7268,5.816,1.617,6.929e-16,prime,1
572,1,z:ilp,nat-oop,1472,1987,17.800,1.350,4.905e-16,chain3,0
572,1,z:ilp,nat-oop,1207,1987,21.712,1.647,4.905e-16,chain3,1
573,1,z:ilp,nat-oop,8113,6402,3.236,0.789,5.977e-16,prime,0
573,1,z:ilp,nat-oop,8283,6265,3.169,0.756,5.977e-16,prime,1
574,1,z:ilp,nat-oop,2503,7476,10.507,2.987,6.157e-16,flat,0
574,1,z:ilp,nat-oop,2298,7491,11.448,3.260,6.157e-16,flat,1
575,1,z:ilp,nat-oop,1297,5227,20.315,4.029,4.765e-16,2p,0
575,1,z:ilp,nat-oop,1302,5208,20.248,4.001,4.765e-16,2p,1
576,1,z:ilp,nat-oop,860,932,30.712,1.084,3.549e-16,2p,0
576,1,z:ilp,nat-oop,835,929,31.637,1.112,3.549e-16,2p,1
577,1,z:ilp,nat-oop,3201,5984,8.266,1.869,6.790e-16,prime,0
577,1,z:ilp,nat-oop,3266,5998,8.101,1.836,6.790e-16,prime,1
578,1,z:ilp,nat-oop,1732,8240,15.311,4.758,7.978e-16,flat,0
578,1,z:ilp,nat-oop,1744,8261,15.201,4.736,7.978e-16,flat,1
579,1,z:ilp,nat-oop,9421,5746,2.820,0.610,4.887e-16,prime,0
579,1,z:ilp,nat-oop,8135,6004,3.266,0.738,4.887e-16,prime,1
580,1,z:ilp,nat-oop,1893,5892,14.062,3.113,4.949e-16,chain3,0
580,1,z:ilp,nat-oop,1721,5922,15.473,3.442,4.949e-16,chain3,1
581,1,z:ilp,nat-oop,9208,8409,2.897,0.913,5.095e-16,prime,0
581,1,z:ilp,nat-oop,8240,7995,3.237,0.970,5.095e-16,prime,1
582,1,z:ilp,nat-oop,8081,5819,3.307,0.720,4.830e-16,prime,0
582,1,z:ilp,nat-oop,7955,5985,3.360,0.752,4.830e-16,prime,1
583,1,z:ilp,nat-oop,7379,9783,3.630,1.326,3.608e-16,prime,0
583,1,z:ilp,nat-oop,7200,10540,3.720,1.464,3.608e-16,prime,1
584,1,z:ilp,nat-oop,8454,6001,3.174,0.710,4.374e-16,prime,0
584,1,z:ilp,nat-oop,8104,6024,3.311,0.743,4.374e-16,prime,1
585,1,z:ilp,nat-oop,1207,1557,22.279,1.290,5.087e-16,chain3,0
585,1,z:ilp,nat-oop,1327,2619,20.260,1.974,5.087e-16,chain3,1
586,1,z:ilp,nat-oop,9105,7715,2.959,0.847,6.579e-16,prime,0
586,1,z:ilp,nat-oop,8102,8068,3.325,0.996,6.579e-16,prime,1
587,1,z:ilp,nat-oop,7721,7634,3.496,0.989,4.834e-16,prime,0
587,1,z:ilp,nat-oop,7230,8413,3.734,1.164,4.834e-16,prime,1
588,1,z:ilp,nat-oop,971,1108,27.862,1.142,4.371e-16,chain3,0
588,1,z:ilp,nat-oop,970,1106,27.883,1.140,4.371e-16,chain3,1
589,1,z:ilp,nat-oop,1848,10049,14.667,5.439,5.118e-16,2p,0
589,1,z:ilp,nat-oop,1824,10152,14.859,5.567,5.118e-16,2p,1
590,1,z:ilp,nat-oop,8320,7864,3.264,0.945,4.613e-16,prime,0
590,1,z:ilp,nat-oop,8108,8188,3.349,1.010,4.613e-16,prime,1
591,1,z:ilp,nat-oop,7184,6682,3.787,0.930,4.328e-16,prime,0
591,1,z:ilp,nat-oop,6995,6947,3.890,0.993,4.328e-16,prime,1
592,1,z:ilp,nat-oop,1430,7076,19.062,4.948,4.311e-16,2p,0
592,1,z:ilp,nat-oop,1419,7045,19.213,4.965,4.311e-16,2p,1
593,1,z:ilp,nat-oop,5294,7714,5.159,1.457,7.246e-16,prime,0
593,1,z:ilp,nat-oop,5932,7857,4.605,1.325,7.246e-16,prime,1
594,1,z:ilp,nat-oop,1195,1494,22.899,1.250,5.317e-16,chain3,0
594,1,z:ilp,nat-oop,1211,1436,22.601,1.186,5.317e-16,chain3,1
595,1,z:ilp,nat-oop,1360,4509,20.163,3.316,5.096e-16,chain3,0
595,1,z:ilp,nat-oop,1378,4572,19.903,3.318,5.096e-16,chain3,1
596,1,z:ilp,nat-oop,8376,10048,3.280,1.200,5.830e-16,prime,0
596,1,z:ilp,nat-oop,8678,8700,3.166,1.002,5.830e-16,prime,1
597,1,z:ilp,nat-oop,8694,6951,3.166,0.800,5.263e-16,prime,0
597,1,z:ilp,nat-oop,8235,7252,3.343,0.881,5.263e-16,prime,1
598,1,z:ilp,nat-oop,1986,6728,13.887,3.388,8.438e-16,flat,0
598,1,z:ilp,nat-oop,2020,7057,13.653,3.494,8.438e-16,flat,1
599,1,z:ilp,nat-oop,7822,8547,3.533,1.093,5.347e-16,prime,0
599,1,z:ilp,nat-oop,7251,7889,3.811,1.088,5.347e-16,prime,1
600,1,z:ilp,nat-oop,1239,993,22.339,0.801,3.996e-16,chain3,0
600,1,z:ilp,nat-oop,1199,994,23.095,0.829,3.996e-16,chain3,1
601,1,z:ilp,nat-oop,5147,6320,5.390,1.228,7.000e-16,prime,0
601,1,z:ilp,nat-oop,5043,6322,5.501,1.254,7.000e-16,prime,1
602,1,z:ilp,nat-oop,3446,11768,8.066,3.415,6.678e-16,flat,0
602,1,z:ilp,nat-oop,3498,11751,7.946,3.360,6.678e-16,flat,1
603,1,z:ilp,nat-oop,9764,14522,2.852,1.487,5.184e-16,prime,0
603,1,z:ilp,nat-oop,7094,15073,3.925,2.125,5.184e-16,prime,1
604,1,z:ilp,nat-oop,8228,6486,3.391,0.788,5.566e-16,prime,0
604,1,z:ilp,nat-oop,9336,6465,2.989,0.692,5.566e-16,prime,1
605,1,z:ilp,nat-oop,1355,2780,20.632,2.051,4.247e-16,chain3,0
605,1,z:ilp,nat-oop,1516,2813,18.445,1.856,4.247e-16,chain3,1
606,1,z:ilp,nat-oop,8100,6169,3.457,0.762,4.083e-16,prime,0
606,1,z:ilp,nat-oop,8487,6173,3.300,0.727,4.083e-16,prime,1
607,1,z:ilp,nat-oop,7487,10177,3.748,1.359,6.078e-16,prime,0
607,1,z:ilp,nat-oop,7631,10802,3.677,1.416,6.078e-16,prime,1
608,1,z:ilp,nat-oop,1062,4647,26.476,4.376,3.663e-16,2p,0
608,1,z:ilp,nat-oop,1061,4748,26.496,4.475,3.663e-16,2p,1
609,1,z:ilp,nat-oop,1568,6377,17.963,4.067,5.102e-16,2p,0
609,1,z:ilp,nat-oop,1566,6565,17.991,4.193,5.102e-16,2p,1
610,1,z:ilp,nat-oop,9633,6872,2.930,0.713,6.873e-16,prime,0
610,1,z:ilp,nat-oop,8170,6899,3.454,0.845,6.873e-16,prime,1
611,1,z:ilp,nat-oop,2115,9296,13.371,4.396,5.342e-16,2p,0
611,1,z:ilp,nat-oop,2112,9332,13.390,4.420,5.342e-16,2p,1
612,1,z:ilp,nat-oop,1248,4463,22.703,3.577,6.236e-16,chain3,0
612,1,z:ilp,nat-oop,1251,4449,22.642,3.556,6.236e-16,chain3,1
613,1,z:ilp,nat-oop,4978,9693,5.701,1.947,8.396e-16,prime,0
613,1,z:ilp,nat-oop,4915,9693,5.774,1.972,8.396e-16,prime,1
614,1,z:ilp,nat-oop,7571,11597,3.755,1.532,5.081e-16,prime,0
614,1,z:ilp,nat-oop,7010,11619,4.056,1.658,5.081e-16,prime,1
615,1,z:ilp,nat-oop,1869,9011,15.241,4.821,3.953e-16,2p,0
615,1,z:ilp,nat-oop,1929,9605,14.767,4.979,3.953e-16,2p,1
616,1,z:ilp,nat-oop,1147,1383,24.883,1.206,2.772e-16,chain3,0
616,1,z:ilp,nat-oop,1153,1773,24.758,1.538,2.772e-16,chain3,1
617,1,z:ilp,nat-oop,4101,9751,6.972,2.378,6.548e-16,prime,0
617,1,z:ilp,nat-oop,4088,9843,6.994,2.408,6.548e-16,prime,1
618,1,z:ilp,nat-oop,7160,9666,4.001,1.350,5.518e-16,prime,0
618,1,z:ilp,nat-oop,6982,9541,4.103,1.367,5.518e-16,prime,1
619,1,z:ilp,nat-oop,8506,9411,3.374,1.106,5.638e-16,prime,0
619,1,z:ilp,nat-oop,8119,9885,3.535,1.218,5.638e-16,prime,1
620,1,z:ilp,nat-oop,1956,6967,14.699,3.561,5.213e-16,chain3,0
620,1,z:ilp,nat-oop,1960,6955,14.668,3.548,5.213e-16,chain3,1
621,1,z:ilp,nat-oop,1419,5840,20.299,4.115,5.193e-16,2p,0
621,1,z:ilp,nat-oop,1426,5850,20.200,4.101,5.193e-16,2p,1
622,1,z:ilp,nat-oop,6986,11819,4.131,1.692,5.600e-16,prime,0
622,1,z:ilp,nat-oop,7047,12049,4.096,1.710,5.600e-16,prime,1
623,1,z:ilp,nat-oop,7365,7989,3.926,1.085,4.938e-16,prime,0
623,1,z:ilp,nat-oop,7550,8452,3.830,1.119,4.938e-16,prime,1
624,1,z:ilp,nat-oop,1085,1324,26.705,1.220,6.582e-16,chain3,0
624,1,z:ilp,nat-oop,1075,1313,26.958,1.221,6.582e-16,chain3,1
625,1,z:ilp,nat-oop,1126,1813,25.772,1.610,4.437e-16,2p,0
625,1,z:ilp,nat-oop,1132,2371,25.638,2.094,4.437e-16,2p,1
626,1,z:ilp,nat-oop,7570,11827,3.841,1.562,5.330e-16,prime,0
626,1,z:ilp,nat-oop,7227,11863,4.024,1.642,5.330e-16,prime,1
627,1,z:ilp,nat-oop,1590,5758,18.320,3.621,4.826e-16,chain3,0
627,1,z:ilp,nat-oop,1566,5719,18.601,3.652,4.826e-16,chain3,1
628,1,z:ilp,nat-oop,8208,7101,3.556,0.865,4.472e-16,prime,0
628,1,z:ilp,nat-oop,8248,7063,3.539,0.856,4.472e-16,prime,1
629,1,z:ilp,nat-oop,2036,11374,14.359,5.586,6.237e-16,2p,0
629,1,z:ilp,nat-oop,2008,11493,14.561,5.723,6.237e-16,2p,1
630,1,z:ilp,nat-oop,1224,1189,23.932,0.971,3.628e-16,chain3,0
630,1,z:ilp,nat-oop,1366,1289,21.443,0.944,3.628e-16,chain3,1
631,1,z:ilp,nat-oop,5018,7202,5.848,1.435,8.213e-16,prime,0
631,1,z:ilp,nat-oop,4944,7227,5.936,1.462,8.213e-16,prime,1
632,1,z:ilp,nat-oop,8276,8272,3.552,1.000,6.193e-16,prime,0
632,1,z:ilp,nat-oop,8301,8383,3.542,1.010,6.193e-16,prime,1
633,1,z:ilp,nat-oop,7417,8399,3.971,1.132,4.498e-16,prime,0
633,1,z:ilp,nat-oop,7331,9854,4.018,1.344,4.498e-16,prime,1
634,1,z:ilp,nat-oop,7729,7305,3.818,0.945,4.884e-16,prime,0
634,1,z:ilp,nat-oop,7227,6899,4.083,0.955,4.884e-16,prime,1
635,1,z:ilp,nat-oop,7175,7531,4.120,1.050,5.663e-16,prime,0
635,1,z:ilp,nat-oop,6956,7991,4.250,1.149,5.663e-16,prime,1
636,1,z:ilp,nat-oop,8081,10302,3.665,1.275,4.648e-16,prime,0
636,1,z:ilp,nat-oop,7969,11655,3.716,1.463,4.648e-16,prime,1
637,1,z:ilp,nat-oop,1408,2495,21.071,1.772,5.840e-16,chain3,0
637,1,z:ilp,nat-oop,1336,2130,22.204,1.594,5.840e-16,chain3,1
638,1,z:ilp,nat-oop,2204,8089,13.483,3.669,1.589e-15,flat,0
638,1,z:ilp,nat-oop,2220,8194,13.391,3.692,1.589e-15,flat,1
639,1,z:ilp,nat-oop,7173,7884,4.151,1.099,6.135e-16,prime,0
639,1,z:ilp,nat-oop,6982,8083,4.265,1.158,6.135e-16,prime,1
640,1,z:ilp,nat-oop,903,781,33.016,0.864,4.853e-16,2p,0
640,1,z:ilp,nat-oop,798,753,37.370,0.943,4.853e-16,2p,1
641,1,z:ilp,nat-oop,3369,6332,8.869,1.879,4.992e-16,prime,0
641,1,z:ilp,nat-oop,4727,8690,6.322,1.839,4.992e-16,prime,1
642,1,z:ilp,nat-oop,11539,12873,2.595,1.116,5.247e-16,prime,0
642,1,z:ilp,nat-oop,11412,12759,2.623,1.118,5.247e-16,prime,1
643,1,z:ilp,nat-oop,9925,8742,3.022,0.881,7.237e-16,prime,0
643,1,z:ilp,nat-oop,8766,8813,3.421,1.005,7.237e-16,prime,1
644,1,z:ilp,nat-oop,1663,5712,18.065,3.434,3.990e-16,chain3,0
644,1,z:ilp,nat-oop,1781,5724,16.872,3.214,3.990e-16,chain3,1
645,1,z:ilp,nat-oop,1998,9194,15.066,4.602,4.292e-16,2p,0
645,1,z:ilp,nat-oop,2060,9182,14.613,4.458,4.292e-16,2p,1
646,1,z:ilp,nat-oop,2001,9139,15.067,4.566,1.024e-15,flat,0
646,1,z:ilp,nat-oop,1984,9110,15.197,4.591,1.024e-15,flat,1
647,1,z:ilp,nat-oop,7482,8787,4.038,1.174,6.637e-16,prime,0
647,1,z:ilp,nat-oop,7281,9109,4.149,1.251,6.637e-16,prime,1
648,1,z:ilp,nat-oop,1133,1319,26.705,1.164,5.798e-16,chain3,0
648,1,z:ilp,nat-oop,1131,1214,26.756,1.074,5.798e-16,chain3,1
649,1,z:ilp,nat-oop,10644,10403,2.848,0.977,4.433e-16,prime,0
649,1,z:ilp,nat-oop,8328,9802,3.640,1.177,4.433e-16,prime,1
650,1,z:ilp,nat-oop,1287,1421,23.594,1.104,5.687e-16,chain3,0
650,1,z:ilp,nat-oop,1278,1419,23.756,1.110,5.687e-16,chain3,1
651,1,z:ilp,nat-oop,1732,7121,17.564,4.111,4.358e-16,2p,0
651,1,z:ilp,nat-oop,1737,7100,17.513,4.087,4.358e-16,2p,1
652,1,z:ilp,nat-oop,7198,8510,4.234,1.182,4.548e-16,prime,0
652,1,z:ilp,nat-oop,7285,8485,4.183,1.165,4.548e-16,prime,1
653,1,z:ilp,nat-oop,7372,9464,4.142,1.284,5.378e-16,prime,0
653,1,z:ilp,nat-oop,7206,10919,4.237,1.515,5.378e-16,prime,1
654,1,z:ilp,nat-oop,6976,7087,4.384,1.016,5.516e-16,prime,0
654,1,z:ilp,nat-oop,7190,7101,4.254,0.988,5.516e-16,prime,1
655,1,z:ilp,nat-oop,7544,9517,4.061,1.262,5.354e-16,prime,0
655,1,z:ilp,nat-oop,7240,9570,4.232,1.322,5.354e-16,prime,1
656,1,z:ilp,nat-oop,1788,8561,17.167,4.788,4.197e-16,2p,0
656,1,z:ilp,nat-oop,1770,8556,17.345,4.835,4.197e-16,2p,1
657,1,z:ilp,nat-oop,7160,6848,4.294,0.956,6.381e-16,prime,0
657,1,z:ilp,nat-oop,6957,6882,4.420,0.989,6.381e-16,prime,1
658,1,z:ilp,nat-oop,2755,9563,11.182,3.472,5.807e-16,flat,0
658,1,z:ilp,nat-oop,2788,10018,11.049,3.594,5.807e-16,flat,1
659,1,z:ilp,nat-oop,8784,9648,3.513,1.098,5.347e-16,prime,0
659,1,z:ilp,nat-oop,8282,10051,3.725,1.214,5.347e-16,prime,1
660,1,z:ilp,nat-oop,1298,1462,23.807,1.126,5.087e-16,chain3,0
660,1,z:ilp,nat-oop,1220,1445,25.336,1.185,5.087e-16,chain3,1
661,1,z:ilp,nat-oop,5318,9562,5.822,1.798,7.724e-16,prime,0
661,1,z:ilp,nat-oop,5330,9704,5.809,1.821,7.724e-16,prime,1
662,1,z:ilp,nat-oop,8280,11227,3.746,1.356,7.057e-16,prime,0
662,1,z:ilp,nat-oop,8050,11549,3.853,1.435,7.057e-16,prime,1
663,1,z:ilp,nat-oop,1682,6557,18.477,3.899,6.606e-16,chain3,0
663,1,z:ilp,nat-oop,1673,6598,18.571,3.944,6.606e-16,chain3,1
664,1,z:ilp,nat-oop,7241,9023,4.299,1.246,5.578e-16,prime,0
664,1,z:ilp,nat-oop,7199,9198,4.324,1.278,5.578e-16,prime,1
665,1,z:ilp,nat-oop,1574,5355,19.806,3.402,3.972e-16,chain3,0
665,1,z:ilp,nat-oop,1579,5384,19.751,3.411,3.972e-16,chain3,1
666,1,z:ilp,nat-oop,2089,7990,14.952,3.825,4.319e-16,chain3,0
666,1,z:ilp,nat-oop,2062,7987,15.147,3.874,4.319e-16,chain3,1
667,1,z:ilp,nat-oop,2446,12016,12.789,4.911,1.082e-15,flat,0
667,1,z:ilp,nat-oop,2447,11779,12.788,4.815,1.082e-15,flat,1
668,1,z:ilp,nat-oop,7040,10058,4.452,1.429,4.803e-16,prime,0
668,1,z:ilp,nat-oop,6992,10533,4.482,1.506,4.803e-16,prime,1
669,1,z:ilp,nat-oop,7222,10046,4.347,1.391,6.934e-16,prime,0
669,1,z:ilp,nat-oop,7237,10076,4.338,1.392,6.934e-16,prime,1
670,1,z:ilp,nat-oop,8160,11416,3.854,1.399,6.539e-16,prime,0
670,1,z:ilp,nat-oop,8141,11898,3.863,1.462,6.539e-16,prime,1
671,1,z:ilp,nat-oop,7211,7843,4.369,1.088,5.660e-16,prime,0
671,1,z:ilp,nat-oop,6979,7791,4.514,1.116,5.660e-16,prime,1
672,1,z:ilp,nat-oop,1238,1134,25.499,0.916,5.096e-16,2p,0
672,1,z:ilp,nat-oop,1140,1152,27.671,1.010,5.096e-16,2p,1
673,1,z:ilp,nat-oop,3866,9743,8.177,2.520,6.661e-16,prime,0
673,1,z:ilp,nat-oop,5538,13517,5.708,2.441,6.661e-16,prime,1
674,1,z:ilp,nat-oop,9894,15625,3.200,1.579,7.225e-16,prime,0
674,1,z:ilp,nat-oop,9870,15554,3.208,1.576,7.225e-16,prime,1
675,1,z:ilp,nat-oop,1792,2420,17.702,1.350,6.583e-16,2p,0
675,1,z:ilp,nat-oop,1275,2409,24.882,1.890,6.583e-16,2p,1
676,1,z:ilp,nat-oop,1484,2345,21.408,1.580,5.998e-16,chain3,0
676,1,z:ilp,nat-oop,1490,2360,21.324,1.584,5.998e-16,chain3,1
677,1,z:ilp,nat-oop,5458,9054,5.832,1.659,8.803e-16,prime,0
677,1,z:ilp,nat-oop,5410,9173,5.884,1.696,8.803e-16,prime,1
678,1,z:ilp,nat-oop,8342,11193,3.822,1.342,3.911e-16,prime,0
678,1,z:ilp,nat-oop,8268,11271,3.856,1.363,3.911e-16,prime,1
679,1,z:ilp,nat-oop,8241,6862,3.875,0.833,4.690e-16,prime,0
679,1,z:ilp,nat-oop,8226,6853,3.882,0.833,4.690e-16,prime,1
680,1,z:ilp,nat-oop,1431,4961,22.358,3.467,6.421e-16,chain3,0
680,1,z:ilp,nat-oop,1445,4939,22.133,3.417,6.421e-16,chain3,1
681,1,z:ilp,nat-oop,8263,8712,3.878,1.054,6.597e-16,prime,0
681,1,z:ilp,nat-oop,8293,9384,3.864,1.131,6.597e-16,prime,1
682,1,z:ilp,nat-oop,2422,8092,13.253,3.341,1.208e-15,flat,0
682,1,z:ilp,nat-oop,2438,8078,13.169,3.314,1.208e-15,flat,1
683,1,z:ilp,nat-oop,7346,9353,4.377,1.273,5.998e-16,prime,0
683,1,z:ilp,nat-oop,7503,9343,4.286,1.245,5.998e-16,prime,1
684,1,z:ilp,nat-oop,1519,5386,21.207,3.546,4.866e-16,chain3,0
684,1,z:ilp,nat-oop,1493,5402,21.576,3.619,4.866e-16,chain3,1
685,1,z:ilp,nat-oop,8659,8830,3.726,1.020,5.544e-16,prime,0
685,1,z:ilp,nat-oop,8181,8990,3.944,1.099,5.544e-16,prime,1
686,1,z:ilp,nat-oop,2170,1512,14.896,0.697,5.148e-16,flat,0
686,1,z:ilp,nat-oop,1694,1506,19.076,0.889,5.148e-16,flat,1
687,1,z:ilp,nat-oop,8219,8687,3.939,1.057,5.435e-16,prime,0
687,1,z:ilp,nat-oop,8162,8438,3.966,1.034,5.435e-16,prime,1
688,1,z:ilp,nat-oop,1925,12442,16.841,6.462,5.064e-16,2p,0
688,1,z:ilp,nat-oop,2792,16637,11.614,5.959,5.064e-16,2p,1
689,1,z:ilp,nat-oop,11550,16441,2.812,1.423,6.424e-16,prime,0
689,1,z:ilp,nat-oop,11709,16425,2.774,1.403,6.424e-16,prime,1
690,1,z:ilp,nat-oop,2340,6266,13.903,2.678,4.495e-16,chain3,0
690,1,z:ilp,nat-oop,1644,6184,19.796,3.763,4.495e-16,chain3,1
691,1,z:ilp,nat-oop,5691,9397,5.726,1.651,8.631e-16,prime,0
691,1,z:ilp,nat-oop,5801,9159,5.618,1.579,8.631e-16,prime,1
692,1,z:ilp,nat-oop,7165,10016,4.556,1.398,6.154e-16,prime,0
692,1,z:ilp,nat-oop,7218,9980,4.523,1.383,6.154e-16,prime,1
693,1,z:ilp,nat-oop,1439,1931,22.724,1.342,4.673e-16,chain3,0
693,1,z:ilp,nat-oop,1419,1917,23.048,1.351,4.673e-16,chain3,1
694,1,z:ilp,nat-oop,7386,9337,4.434,1.264,5.701e-16,prime,0
694,1,z:ilp,nat-oop,7858,9266,4.168,1.179,5.701e-16,prime,1
695,1,z:ilp,nat-oop,8036,9086,4.083,1.131,4.712e-16,prime,0
695,1,z:ilp,nat-oop,8077,9177,4.062,1.136,4.712e-16,prime,1
696,1,z:ilp,nat-oop,1846,7037,17.801,3.812,4.136e-16,chain3,0
696,1,z:ilp,nat-oop,1850,7041,17.763,3.806,4.136e-16,chain3,1
697,1,z:ilp,nat-oop,2446,13534,13.458,5.533,6.012e-16,2p,0
697,1,z:ilp,nat-oop,2452,13600,13.425,5.547,6.012e-16,2p,1
698,1,z:ilp,nat-oop,8263,9323,3.990,1.128,6.072e-16,prime,0
698,1,z:ilp,nat-oop,10202,9715,3.232,0.952,6.072e-16,prime,1
699,1,z:ilp,nat-oop,8341,8650,3.959,1.037,4.388e-16,prime,0
699,1,z:ilp,nat-oop,8255,9507,4.001,1.152,4.388e-16,prime,1
700,1,z:ilp,nat-oop,1179,1250,28.053,1.060,3.678e-16,chain3,0
700,1,z:ilp,nat-oop,1171,1261,28.239,1.077,3.678e-16,chain3,1
701,1,z:ilp,nat-oop,6617,9341,5.007,1.412,9.486e-16,prime,0
701,1,z:ilp,nat-oop,6533,9509,5.072,1.455,9.486e-16,prime,1
702,1,z:ilp,nat-oop,1454,1683,22.825,1.157,4.845e-16,chain3,0
702,1,z:ilp,nat-oop,1450,1649,22.881,1.137,4.845e-16,chain3,1
703,1,z:ilp,nat-oop,2341,12974,14.202,5.543,4.038e-16,2p,0
703,1,z:ilp,nat-oop,2356,13137,14.109,5.576,4.038e-16,2p,1
704,1,z:ilp,nat-oop,1096,1535,30.380,1.401,3.722e-16,chain3,0
704,1,z:ilp,nat-oop,1098,1666,30.312,1.516,3.722e-16,chain3,1
705,1,z:ilp,nat-oop,2525,10299,13.207,4.078,4.652e-16,2p,0
705,1,z:ilp,nat-oop,2310,10373,14.438,4.490,4.652e-16,2p,1
706,1,z:ilp,nat-oop,8654,9121,3.860,1.054,7.992e-16,prime,0
706,1,z:ilp,nat-oop,9450,9135,3.535,0.967,7.992e-16,prime,1
707,1,z:ilp,nat-oop,8345,7294,4.010,0.874,5.288e-16,prime,0
707,1,z:ilp,nat-oop,8429,7299,3.970,0.866,5.288e-16,prime,1
708,1,z:ilp,nat-oop,8612,9374,3.892,1.089,7.111e-16,prime,0
708,1,z:ilp,nat-oop,7852,9624,4.269,1.226,7.111e-16,prime,1
709,1,z:ilp,nat-oop,8632,9253,3.889,1.072,5.247e-16,prime,0
709,1,z:ilp,nat-oop,8301,9163,4.044,1.104,5.247e-16,prime,1
710,1,z:ilp,nat-oop,8564,9191,3.926,1.073,5.537e-16,prime,0
710,1,z:ilp,nat-oop,8308,9239,4.047,1.112,5.537e-16,prime,1
711,1,z:ilp,nat-oop,8659,9309,3.889,1.075,5.459e-16,prime,0
711,1,z:ilp,nat-oop,8093,9517,4.162,1.176,5.459e-16,prime,1
712,1,z:ilp,nat-oop,9034,13746,3.734,1.522,5.398e-16,prime,0
712,1,z:ilp,nat-oop,13392,13180,2.519,0.984,5.398e-16,prime,1
713,1,z:ilp,nat-oop,3805,18347,8.880,4.822,6.016e-16,2p,0
713,1,z:ilp,nat-oop,3617,18347,9.341,5.072,6.016e-16,2p,1
714,1,z:ilp,nat-oop,2255,5264,15.007,2.334,6.985e-16,chain3,0
714,1,z:ilp,nat-oop,1590,5270,21.280,3.314,6.985e-16,chain3,1
715,1,z:ilp,nat-oop,1673,2614,20.259,1.562,5.238e-16,chain3,0
715,1,z:ilp,nat-oop,1619,2699,20.932,1.666,5.238e-16,chain3,1
716,1,z:ilp,nat-oop,8285,10234,4.098,1.235,5.705e-16,prime,0
716,1,z:ilp,nat-oop,8309,10272,4.086,1.236,5.705e-16,prime,1
717,1,z:ilp,nat-oop,8130,9058,4.183,1.114,6.175e-16,prime,0
717,1,z:ilp,nat-oop,8048,8769,4.226,1.090,6.175e-16,prime,1
718,1,z:ilp,nat-oop,7039,9162,4.839,1.302,5.243e-16,prime,0
718,1,z:ilp,nat-oop,6974,9537,4.884,1.367,5.243e-16,prime,1
719,1,z:ilp,nat-oop,8361,9195,4.080,1.100,4.975e-16,prime,0
719,1,z:ilp,nat-oop,8364,9611,4.079,1.149,4.975e-16,prime,1
720,1,z:ilp,nat-oop,1682,1180,20.315,0.702,3.876e-16,chain3,0
720,1,z:ilp,nat-oop,1589,1196,21.509,0.753,3.876e-16,chain3,1
721,1,z:ilp,nat-oop,7010,10615,4.882,1.514,6.346e-16,prime,0
721,1,z:ilp,nat-oop,6992,10742,4.895,1.536,6.346e-16,prime,1
722,1,z:ilp,nat-oop,2381,10963,14.397,4.604,1.039e-15,flat,0
722,1,z:ilp,nat-oop,2333,10968,14.696,4.702,1.039e-15,flat,1
723,1,z:ilp,nat-oop,6995,7805,4.908,1.116,4.504e-16,prime,0
723,1,z:ilp,nat-oop,6996,7588,4.908,1.085,4.504e-16,prime,1
724,1,z:ilp,nat-oop,8294,7652,4.146,0.923,6.475e-16,prime,0
724,1,z:ilp,nat-oop,8250,7660,4.168,0.928,6.475e-16,prime,1
725,1,z:ilp,nat-oop,1897,7626,18.159,4.020,4.791e-16,2p,0
725,1,z:ilp,nat-oop,1908,7729,18.053,4.051,4.791e-16,2p,1
726,1,z:ilp,nat-oop,1586,2560,21.751,1.614,4.484e-16,chain3,0
726,1,z:ilp,nat-oop,1625,2866,21.233,1.764,4.484e-16,chain3,1
727,1,z:ilp,nat-oop,5429,12108,6.364,2.230,7.094e-16,prime,0
727,1,z:ilp,nat-oop,5349,12555,6.459,2.347,7.094e-16,prime,1
728,1,z:ilp,nat-oop,1413,1620,24.496,1.147,6.742e-16,chain3,0
728,1,z:ilp,nat-oop,1425,1727,24.281,1.212,6.742e-16,chain3,1
729,1,z:ilp,nat-oop,1366,2089,25.376,1.529,5.221e-16,chain3,0
729,1,z:ilp,nat-oop,1467,2114,23.631,1.441,5.221e-16,chain3,1
730,1,z:ilp,nat-oop,7127,8223,4.871,1.154,4.883e-16,prime,0
730,1,z:ilp,nat-oop,6985,9139,4.970,1.308,4.883e-16,prime,1
731,1,z:ilp,nat-oop,2641,14280,13.167,5.407,5.241e-16,2p,0
731,1,z:ilp,nat-oop,2612,14726,13.312,5.637,5.241e-16,2p,1
732,1,z:ilp,nat-oop,8530,7835,4.083,0.918,5.609e-16,prime,0
732,1,z:ilp,nat-oop,9070,7894,3.840,0.870,5.609e-16,prime,1
733,1,z:ilp,nat-oop,8776,10180,3.975,1.160,4.881e-16,prime,0
733,1,z:ilp,nat-oop,8300,11500,4.203,1.386,4.881e-16,prime,1
734,1,z:ilp,nat-oop,8518,10495,4.101,1.232,5.330e-16,prime,0
734,1,z:ilp,nat-oop,8054,10767,4.338,1.337,5.330e-16,prime,1
735,1,z:ilp,nat-oop,1387,1893,25.229,1.365,6.136e-16,chain3,0
735,1,z:ilp,nat-oop,1376,1871,25.430,1.360,6.136e-16,chain3,1
736,1,z:ilp,nat-oop,1486,6381,23.585,4.295,3.997e-16,2p,0
736,1,z:ilp,nat-oop,1438,6710,24.365,4.665,3.997e-16,2p,1
737,1,z:ilp,nat-oop,10309,19015,3.405,1.844,6.932e-16,prime,0
737,1,z:ilp,nat-oop,10309,18850,3.405,1.829,6.932e-16,prime,1
738,1,z:ilp,nat-oop,3535,13575,9.947,3.841,4.527e-16,chain3,0
738,1,z:ilp,nat-oop,2487,13568,14.135,5.455,4.527e-16,chain3,1
739,1,z:ilp,nat-oop,7053,10302,4.992,1.461,5.596e-16,prime,0
739,1,z:ilp,nat-oop,6997,11193,5.032,1.600,5.596e-16,prime,1
740,1,z:ilp,nat-oop,2457,9125,14.354,3.714,4.756e-16,flat,0
740,1,z:ilp,nat-oop,2468,9032,14.287,3.659,4.756e-16,flat,1
741,1,z:ilp,nat-oop,1980,7674,17.842,3.876,4.943e-16,chain3,0
741,1,z:ilp,nat-oop,1950,7696,18.111,3.946,4.943e-16,chain3,1
742,1,z:ilp,nat-oop,7021,11947,5.039,1.702,3.551e-16,prime,0
742,1,z:ilp,nat-oop,7014,12368,5.043,1.763,3.551e-16,prime,1
743,1,z:ilp,nat-oop,8280,10192,4.279,1.231,5.332e-16,prime,0
743,1,z:ilp,nat-oop,8121,11388,4.363,1.402,5.332e-16,prime,1
744,1,z:ilp,nat-oop,2050,7882,17.313,3.846,4.500e-16,chain3,0
744,1,z:ilp,nat-oop,2043,7883,17.372,3.859,4.500e-16,chain3,1
745,1,z:ilp,nat-oop,8360,9190,4.251,1.099,5.625e-16,prime,0
745,1,z:ilp,nat-oop,8338,9296,4.263,1.115,5.625e-16,prime,1
746,1,z:ilp,nat-oop,8322,10852,4.277,1.304,4.655e-16,prime,0
746,1,z:ilp,nat-oop,8527,10922,4.174,1.281,4.655e-16,prime,1
747,1,z:ilp,nat-oop,10046,10296,3.549,1.025,5.035e-16,prime,0
747,1,z:ilp,nat-oop,7430,10524,4.798,1.416,5.035e-16,prime,1
748,1,z:ilp,nat-oop,2651,9535,13.469,3.597,5.719e-16,chain3,0
748,1,z:ilp,nat-oop,2489,9551,14.343,3.836,5.719e-16,chain3,1
749,1,z:ilp,nat-oop,10221,21010,3.499,2.056,4.607e-16,prime,0
749,1,z:ilp,nat-oop,10215,21012,3.501,2.057,4.607e-16,prime,1
750,1,z:ilp,nat-oop,2090,2015,17.139,0.964,4.662e-16,chain3,0
750,1,z:ilp,nat-oop,1356,1432,26.421,1.056,4.662e-16,chain3,1
751,1,z:ilp,nat-oop,6398,8179,5.607,1.278,7.563e-16,prime,0
751,1,z:ilp,nat-oop,6392,8179,5.612,1.280,7.563e-16,prime,1
752,1,z:ilp,nat-oop,2188,13057,16.421,5.968,4.359e-16,2p,0
752,1,z:ilp,nat-oop,2183,13177,16.460,6.037,4.359e-16,2p,1
753,1,z:ilp,nat-oop,8074,8898,4.456,1.102,5.953e-16,prime,0
753,1,z:ilp,nat-oop,8106,9430,4.438,1.163,5.953e-16,prime,1
754,1,z:ilp,nat-oop,3352,9464,10.749,2.823,2.070e-15,flat,0
754,1,z:ilp,nat-oop,2918,9692,12.350,3.322,2.070e-15,flat,1
755,1,z:ilp,nat-oop,9128,8183,3.954,0.897,6.685e-16,prime,0
755,1,z:ilp,nat-oop,7573,8904,4.766,1.176,6.685e-16,prime,1
756,1,z:ilp,nat-oop,1890,1732,19.120,0.916,5.105e-16,chain3,0
756,1,z:ilp,nat-oop,1745,1809,20.719,1.037,5.105e-16,chain3,1
757,1,z:ilp,nat-oop,7248,9317,4.995,1.286,4.640e-16,prime,0
757,1,z:ilp,nat-oop,7433,9207,4.870,1.239,4.640e-16,prime,1
758,1,z:ilp,nat-oop,8307,8457,4.364,1.018,5.041e-16,prime,0
758,1,z:ilp,nat-oop,7523,8442,4.819,1.122,5.041e-16,prime,1
759,1,z:ilp,nat-oop,2195,8744,16.546,3.984,4.743e-16,chain3,0
759,1,z:ilp,nat-oop,2286,9035,15.882,3.952,4.743e-16,chain3,1
760,1,z:ilp,nat-oop,1625,6270,22.381,3.859,3.647e-16,chain3,0
760,1,z:ilp,nat-oop,1653,6233,21.995,3.770,3.647e-16,chain3,1
761,1,z:ilp,nat-oop,6141,9668,5.931,1.574,8.005e-16,prime,0
761,1,z:ilp,nat-oop,6017,9272,6.052,1.541,8.005e-16,prime,1
762,1,z:ilp,nat-oop,7180,8882,5.080,1.237,4.688e-16,prime,0
762,1,z:ilp,nat-oop,7020,9319,5.196,1.327,4.688e-16,prime,1
763,1,z:ilp,nat-oop,8607,8432,4.244,0.980,8.617e-16,prime,0
763,1,z:ilp,nat-oop,8422,8377,4.337,0.995,8.617e-16,prime,1
764,1,z:ilp,nat-oop,8385,8305,4.363,0.990,5.001e-16,prime,0
764,1,z:ilp,nat-oop,8312,8549,4.401,1.029,5.001e-16,prime,1
765,1,z:ilp,nat-oop,1755,6115,20.877,3.484,5.260e-16,chain3,0
765,1,z:ilp,nat-oop,1779,5900,20.596,3.316,5.260e-16,chain3,1
766,1,z:ilp,nat-oop,8557,8443,4.288,0.987,4.243e-16,prime,0
766,1,z:ilp,nat-oop,8404,8439,4.366,1.004,4.243e-16,prime,1
767,1,z:ilp,nat-oop,9485,11337,3.874,1.195,4.711e-16,prime,0
767,1,z:ilp,nat-oop,8241,11533,4.460,1.400,4.711e-16,prime,1
768,1,z:ilp,nat-oop,955,1193,38.528,1.248,3.230e-16,2p,0
768,1,z:ilp,nat-oop,1062,1037,34.654,0.977,3.230e-16,2p,1
769,1,z:ilp,nat-oop,4543,7378,8.114,1.624,5.539e-16,prime,0
769,1,z:ilp,nat-oop,3991,8694,9.235,2.178,5.539e-16,prime,1
770,1,z:ilp,nat-oop,1512,1767,24.417,1.169,3.364e-16,chain3,0
770,1,z:ilp,nat-oop,1520,2004,24.285,1.318,3.364e-16,chain3,1
771,1,z:ilp,nat-oop,9386,7783,3.939,0.829,5.837e-16,prime,0
771,1,z:ilp,nat-oop,8473,7908,4.363,0.933,5.837e-16,prime,1
772,1,z:ilp,nat-oop,7268,7689,5.094,1.058,5.109e-16,prime,0
772,1,z:ilp,nat-oop,7131,7694,5.193,1.079,5.109e-16,prime,1
773,1,z:ilp,nat-oop,7122,10241,5.207,1.438,6.932e-16,prime,0
773,1,z:ilp,nat-oop,7301,10641,5.079,1.457,6.932e-16,prime,1
774,1,z:ilp,nat-oop,2677,10871,13.874,4.061,4.859e-16,chain3,0
774,1,z:ilp,nat-oop,2676,10574,13.877,3.951,4.859e-16,chain3,1
775,1,z:ilp,nat-oop,2240,9041,16.602,4.036,6.109e-16,2p,0
775,1,z:ilp,nat-oop,2095,9150,17.757,4.368,6.109e-16,2p,1
776,1,z:ilp,nat-oop,8526,8271,4.369,0.970,3.812e-16,prime,0
776,1,z:ilp,nat-oop,8513,7927,4.375,0.931,3.812e-16,prime,1
777,1,z:ilp,nat-oop,2307,9705,16.172,4.207,4.868e-16,2p,0
777,1,z:ilp,nat-oop,2406,9537,15.506,3.964,4.868e-16,2p,1
778,1,z:ilp,nat-oop,7867,10440,4.748,1.327,6.107e-16,prime,0
778,1,z:ilp,nat-oop,7645,10284,4.886,1.345,6.107e-16,prime,1
779,1,z:ilp,nat-oop,2839,15225,13.180,5.364,4.687e-16,2p,0
779,1,z:ilp,nat-oop,2806,16642,13.333,5.931,4.687e-16,2p,1
780,1,z:ilp,nat-oop,1484,1784,25.247,1.202,7.120e-16,chain3,0
780,1,z:ilp,nat-oop,1505,1703,24.895,1.131,7.120e-16,chain3,1
781,1,z:ilp,nat-oop,8416,10882,4.459,1.293,5.513e-16,prime,0
781,1,z:ilp,nat-oop,8429,10554,4.452,1.252,5.513e-16,prime,1
782,1,z:ilp,nat-oop,2685,12828,13.997,4.778,1.873e-15,flat,0
782,1,z:ilp,nat-oop,3702,14801,10.150,3.998,1.873e-15,flat,1
783,1,z:ilp,nat-oop,2957,11760,12.727,3.977,4.029e-16,2p,0
783,1,z:ilp,nat-oop,2889,11664,13.029,4.038,4.029e-16,2p,1
784,1,z:ilp,nat-oop,1706,2071,22.098,1.215,5.195e-16,chain3,0
784,1,z:ilp,nat-oop,2020,2066,18.659,1.023,5.195e-16,chain3,1
785,1,z:ilp,nat-oop,10310,14652,3.661,1.421,5.273e-16,prime,0
785,1,z:ilp,nat-oop,7467,14550,5.055,1.949,5.273e-16,prime,1
786,1,z:ilp,nat-oop,7940,11362,4.761,1.431,5.661e-16,prime,0
786,1,z:ilp,nat-oop,8287,11362,4.561,1.371,5.661e-16,prime,1
787,1,z:ilp,nat-oop,7374,10207,5.134,1.384,5.720e-16,prime,0
787,1,z:ilp,nat-oop,7352,10233,5.149,1.392,5.720e-16,prime,1
788,1,z:ilp,nat-oop,7074,10351,5.359,1.463,4.657e-16,prime,0
788,1,z:ilp,nat-oop,7009,9082,5.409,1.296,4.657e-16,prime,1
789,1,z:ilp,nat-oop,8998,11584,4.219,1.287,6.274e-16,prime,0
789,1,z:ilp,nat-oop,8557,10893,4.437,1.273,6.274e-16,prime,1
790,1,z:ilp,nat-oop,7736,14278,4.915,1.846,5.331e-16,prime,0
790,1,z:ilp,nat-oop,9626,13394,3.950,1.391,5.331e-16,prime,1
791,1,z:ilp,nat-oop,7372,14457,5.165,1.961,4.907e-16,prime,0
791,1,z:ilp,nat-oop,7676,14983,4.961,1.952,4.907e-16,prime,1
792,1,z:ilp,nat-oop,1456,2027,26.193,1.392,4.309e-16,chain3,0
792,1,z:ilp,nat-oop,1464,1870,26.053,1.277,4.309e-16,chain3,1
793,1,z:ilp,nat-oop,8612,9354,4.434,1.086,5.354e-16,prime,0
793,1,z:ilp,nat-oop,8635,9195,4.422,1.065,5.354e-16,prime,1
794,1,z:ilp,nat-oop,7437,11094,5.142,1.492,5.358e-16,prime,0
794,1,z:ilp,nat-oop,7549,10395,5.066,1.377,5.358e-16,prime,1
795,1,z:ilp,nat-oop,8713,13657,4.396,1.567,4.235e-16,prime,0
795,1,z:ilp,nat-oop,8451,13270,4.532,1.570,4.235e-16,prime,1
796,1,z:ilp,nat-oop,7920,8996,4.843,1.136,6.484e-16,prime,0
796,1,z:ilp,nat-oop,7464,8934,5.138,1.197,6.484e-16,prime,1
797,1,z:ilp,nat-oop,9027,14478,4.255,1.604,5.105e-16,prime,0
797,1,z:ilp,nat-oop,10515,14447,3.653,1.374,5.105e-16,prime,1
798,1,z:ilp,nat-oop,2650,8958,14.514,3.380,4.742e-16,chain3,0
798,1,z:ilp,nat-oop,2690,8867,14.301,3.297,4.742e-16,chain3,1
799,1,z:ilp,nat-oop,4235,23690,9.097,5.594,5.631e-16,2p,0
799,1,z:ilp,nat-oop,4266,23698,9.030,5.556,5.631e-16,2p,1
800,1,z:ilp,nat-oop,1173,1271,32.899,1.084,3.270e-16,2p,0
800,1,z:ilp,nat-oop,1220,1249,31.618,1.024,3.270e-16,2p,1
801,1,z:ilp,nat-oop,8553,10588,4.517,1.238,5.556e-16,prime,0
801,1,z:ilp,nat-oop,8717,10485,4.432,1.203,5.556e-16,prime,1
802,1,z:ilp,nat-oop,8154,8193,4.744,1.005,4.894e-16,prime,0
802,1,z:ilp,nat-oop,7493,8805,5.163,1.175,4.894e-16,prime,1
803,1,z:ilp,nat-oop,7294,9367,5.312,1.284,5.621e-16,prime,0
803,1,z:ilp,nat-oop,7141,9221,5.425,1.291,5.621e-16,prime,1
804,1,z:ilp,nat-oop,7284,13869,5.326,1.904,4.721e-16,prime,0
804,1,z:ilp,nat-oop,7229,14445,5.367,1.998,4.721e-16,prime,1
805,1,z:ilp,nat-oop,2197,7388,17.681,3.362,4.375e-16,chain3,0
805,1,z:ilp,nat-oop,2223,7313,17.475,3.289,4.375e-16,chain3,1
806,1,z:ilp,nat-oop,3095,9876,12.573,3.191,9.917e-16,flat,0
806,1,z:ilp,nat-oop,2939,9627,13.239,3.276,9.917e-16,flat,1
807,1,z:ilp,nat-oop,7378,11134,5.281,1.509,5.616e-16,prime,0
807,1,z:ilp,nat-oop,8124,11197,4.796,1.378,5.616e-16,prime,1
808,1,z:ilp,nat-oop,8546,8631,4.566,1.010,4.843e-16,prime,0
808,1,z:ilp,nat-oop,11231,8901,3.474,0.793,4.843e-16,prime,1
809,1,z:ilp,nat-oop,9104,11627,4.292,1.277,6.095e-16,prime,0
809,1,z:ilp,nat-oop,8570,11670,4.560,1.362,6.095e-16,prime,1
810,1,z:ilp,nat-oop,1602,1886,24.424,1.177,4.633e-16,chain3,0
810,1,z:ilp,nat-oop,1569,1653,24.936,1.053,4.633e-16,chain3,1
811,1,z:ilp,nat-oop,7506,9147,5.221,1.219,7.705e-16,prime,0
811,1,z:ilp,nat-oop,7898,9225,4.961,1.168,7.705e-16,prime,1
812,1,z:ilp,nat-oop,3084,8617,12.723,2.794,4.268e-16,chain3,0
812,1,z:ilp,nat-oop,2922,8860,13.429,3.032,4.268e-16,chain3,1
813,1,z:ilp,nat-oop,7376,9413,5.327,1.276,5.555e-16,prime,0
813,1,z:ilp,nat-oop,7189,9404,5.466,1.308,5.555e-16,prime,1
814,1,z:ilp,nat-oop,3035,11043,12.965,3.638,8.079e-16,flat,0
814,1,z:ilp,nat-oop,3080,11194,12.776,3.634,8.079e-16,flat,1
815,1,z:ilp,nat-oop,7136,9803,5.523,1.374,6.172e-16,prime,0
815,1,z:ilp,nat-oop,7131,10627,5.526,1.490,6.172e-16,prime,1
816,1,z:ilp,nat-oop,2292,7736,17.216,3.375,5.257e-16,chain3,0
816,1,z:ilp,nat-oop,1794,7158,22.001,3.990,5.257e-16,chain3,1
817,1,z:ilp,nat-oop,3729,19636,10.598,5.266,5.323e-16,2p,0
817,1,z:ilp,nat-oop,3374,17639,11.714,5.229,5.323e-16,2p,1
818,1,z:ilp,nat-oop,7914,11470,5.001,1.449,5.263e-16,prime,0
818,1,z:ilp,nat-oop,7284,11575,5.433,1.589,5.263e-16,prime,1
819,1,z:ilp,nat-oop,1722,2220,23.014,1.289,5.758e-16,chain3,0
819,1,z:ilp,nat-oop,1701,2295,23.302,1.349,5.758e-16,chain3,1
820,1,z:ilp,nat-oop,3392,12729,11.700,3.753,4.057e-16,flat,0
820,1,z:ilp,nat-oop,3326,12550,11.932,3.773,4.057e-16,flat,1
821,1,z:ilp,nat-oop,13045,11523,3.047,0.883,5.484e-16,prime,0
821,1,z:ilp,nat-oop,7054,11476,5.634,1.627,5.484e-16,prime,1
822,1,z:ilp,nat-oop,7391,11218,5.384,1.518,4.785e-16,prime,0
822,1,z:ilp,nat-oop,7596,12046,5.239,1.586,4.785e-16,prime,1
823,1,z:ilp,nat-oop,7165,11541,5.562,1.611,6.075e-16,prime,0
823,1,z:ilp,nat-oop,9623,12244,4.141,1.272,6.075e-16,prime,1
824,1,z:ilp,nat-oop,7494,12134,5.325,1.619,6.556e-16,prime,0
824,1,z:ilp,nat-oop,7794,12645,5.120,1.622,6.556e-16,prime,1
825,1,z:ilp,nat-oop,1708,2427,23.394,1.421,4.951e-16,chain3,0
825,1,z:ilp,nat-oop,1695,2435,23.572,1.436,4.951e-16,chain3,1
826,1,z:ilp,nat-oop,7247,10692,5.523,1.475,5.168e-16,prime,0
826,1,z:ilp,nat-oop,7122,10823,5.619,1.520,5.168e-16,prime,1
827,1,z:ilp,nat-oop,7081,11448,5.660,1.617,4.986e-16,prime,0
827,1,z:ilp,nat-oop,7108,11155,5.638,1.569,4.986e-16,prime,1
828,1,z:ilp,nat-oop,1938,7710,20.713,3.979,5.148e-16,chain3,0
828,1,z:ilp,nat-oop,1945,7721,20.631,3.969,5.148e-16,chain3,1
829,1,z:ilp,nat-oop,7296,11133,5.508,1.526,7.074e-16,prime,0
829,1,z:ilp,nat-oop,7140,11345,5.628,1.589,7.074e-16,prime,1
830,1,z:ilp,nat-oop,7079,11941,5.685,1.687,6.714e-16,prime,0
830,1,z:ilp,nat-oop,7052,13162,5.707,1.866,6.714e-16,prime,1
831,1,z:ilp,nat-oop,7145,10926,5.640,1.529,6.984e-16,prime,0
831,1,z:ilp,nat-oop,7084,10994,5.688,1.552,6.984e-16,prime,1
832,1,z:ilp,nat-oop,1488,1753,27.113,1.178,4.066e-16,chain3,0
832,1,z:ilp,nat-oop,1363,1769,29.613,1.298,4.066e-16,chain3,1
833,1,z:ilp,nat-oop,1916,7142,21.093,3.728,6.755e-16,chain3,0
833,1,z:ilp,nat-oop,1998,7116,20.229,3.562,6.755e-16,chain3,1
834,1,z:ilp,nat-oop,9325,11660,4.339,1.250,5.554e-16,prime,0
834,1,z:ilp,nat-oop,9417,20986,4.297,2.228,5.554e-16,prime,1
835,1,z:ilp,nat-oop,7401,12933,5.475,1.747,4.598e-16,prime,0
835,1,z:ilp,nat-oop,7384,13144,5.488,1.780,4.598e-16,prime,1
836,1,z:ilp,nat-oop,2004,7562,20.246,3.773,4.672e-16,chain3,0
836,1,z:ilp,nat-oop,2003,7618,20.257,3.803,4.672e-16,chain3,1
837,1,z:ilp,nat-oop,2272,9277,17.885,4.084,7.712e-16,2p,0
837,1,z:ilp,nat-oop,2255,9253,18.021,4.104,7.712e-16,2p,1
838,1,z:ilp,nat-oop,7264,11204,5.601,1.542,5.819e-16,prime,0
838,1,z:ilp,nat-oop,7079,11216,5.748,1.584,5.819e-16,prime,1
839,1,z:ilp,nat-oop,8365,11254,4.871,1.345,5.967e-16,prime,0
839,1,z:ilp,nat-oop,8250,11389,4.938,1.380,5.967e-16,prime,1
840,1,z:ilp,nat-oop,1851,1484,22.047,0.802,3.030e-16,chain3,0
840,1,z:ilp,nat-oop,1733,1494,23.546,0.862,3.030e-16,chain3,1
841,1,z:ilp,nat-oop,3339,16075,12.237,4.815,6.252e-16,2p,0
841,1,z:ilp,nat-oop,3352,16243,12.188,4.846,6.252e-16,2p,1
842,1,z:ilp,nat-oop,7066,11045,5.790,1.563,6.800e-16,prime,0
842,1,z:ilp,nat-oop,7282,11764,5.618,1.615,6.800e-16,prime,1
843,1,z:ilp,nat-oop,10976,11107,3.733,1.012,5.945e-16,prime,0
843,1,z:ilp,nat-oop,8679,10988,4.720,1.266,5.945e-16,prime,1
844,1,z:ilp,nat-oop,8281,11070,4.954,1.337,5.202e-16,prime,0
844,1,z:ilp,nat-oop,8262,11214,4.966,1.357,5.202e-16,prime,1
845,1,z:ilp,nat-oop,2107,3854,19.492,1.829,5.955e-16,chain3,0
845,1,z:ilp,nat-oop,2003,3887,20.505,1.940,5.955e-16,chain3,1
846,1,z:ilp,nat-oop,3064,12353,13.426,4.032,5.659e-16,chain3,0
846,1,z:ilp,nat-oop,3252,12421,12.649,3.820,5.659e-16,chain3,1
847,1,z:ilp,nat-oop,1964,4041,20.971,2.057,4.294e-16,chain3,0
847,1,z:ilp,nat-oop,2106,4038,19.560,1.918,4.294e-16,chain3,1
848,1,z:ilp,nat-oop,7345,13761,5.615,1.873,4.711e-16,prime,0
848,1,z:ilp,nat-oop,7327,13779,5.630,1.881,4.711e-16,prime,1
849,1,z:ilp,nat-oop,7532,10971,5.483,1.457,4.958e-16,prime,0
849,1,z:ilp,nat-oop,7388,10991,5.591,1.488,4.958e-16,prime,1
850,1,z:ilp,nat-oop,1966,6487,21.039,3.300,4.047e-16,chain3,0
850,1,z:ilp,nat-oop,1910,6523,21.649,3.415,4.047e-16,chain3,1
851,1,z:ilp,nat-oop,3463,16642,11.957,4.805,1.458e-15,flat,0
851,1,z:ilp,nat-oop,3463,16746,11.960,4.836,1.458e-15,flat,1
852,1,z:ilp,nat-oop,8388,10759,4.944,1.283,5.412e-16,prime,0
852,1,z:ilp,nat-oop,8219,11322,5.046,1.378,5.412e-16,prime,1
853,1,z:ilp,nat-oop,7944,11295,5.227,1.422,6.084e-16,prime,0
853,1,z:ilp,nat-oop,7380,12214,5.627,1.655,6.084e-16,prime,1
854,1,z:ilp,nat-oop,8307,9404,5.005,1.132,5.157e-16,prime,0
854,1,z:ilp,nat-oop,8299,9352,5.010,1.127,5.157e-16,prime,1
855,1,z:ilp,nat-oop,2104,7851,19.794,3.732,5.778e-16,chain3,0
855,1,z:ilp,nat-oop,2087,7893,19.948,3.782,5.778e-16,chain3,1
856,1,z:ilp,nat-oop,8367,12085,4.983,1.444,6.881e-16,prime,0
856,1,z:ilp,nat-oop,8268,12182,5.043,1.473,6.881e-16,prime,1
857,1,z:ilp,nat-oop,7112,11293,5.871,1.588,5.578e-16,prime,0
857,1,z:ilp,nat-oop,7182,11329,5.813,1.577,5.578e-16,prime,1
858,1,z:ilp,nat-oop,1933,3009,21.631,1.557,6.010e-16,chain3,0
858,1,z:ilp,nat-oop,1941,3017,21.536,1.554,6.010e-16,chain3,1
859,1,z:ilp,nat-oop,6466,11277,6.474,1.744,8.702e-16,prime,0
859,1,z:ilp,nat-oop,6466,11536,6.474,1.784,8.702e-16,prime,1
860,1,z:ilp,nat-oop,3205,12009,13.078,3.747,5.043e-16,chain3,0
860,1,z:ilp,nat-oop,3170,12572,13.221,3.965,5.043e-16,chain3,1
861,1,z:ilp,nat-oop,2683,11641,15.646,4.340,4.057e-16,2p,0
861,1,z:ilp,nat-oop,2704,11468,15.524,4.242,4.057e-16,2p,1
862,1,z:ilp,nat-oop,7127,11156,5.897,1.565,5.999e-16,prime,0
862,1,z:ilp,nat-oop,7127,11370,5.897,1.595,5.999e-16,prime,1
863,1,z:ilp,nat-oop,8315,11244,5.062,1.352,7.758e-16,prime,0
863,1,z:ilp,nat-oop,8262,11281,5.094,1.365,7.758e-16,prime,1
864,1,z:ilp,nat-oop,1335,1489,31.571,1.115,5.838e-16,2p,0
864,1,z:ilp,nat-oop,1258,1458,33.497,1.159,5.838e-16,2p,1
865,1,z:ilp,nat-oop,8045,12236,5.245,1.521,5.272e-16,prime,0
865,1,z:ilp,nat-oop,7790,12401,5.417,1.592,5.272e-16,prime,1
866,1,z:ilp,nat-oop,7153,9857,5.907,1.378,5.736e-16,prime,0
866,1,z:ilp,nat-oop,7075,9829,5.972,1.389,5.736e-16,prime,1
867,1,z:ilp,nat-oop,2691,12018,15.720,4.465,1.110e-15,flat,0
867,1,z:ilp,nat-oop,2685,12008,15.758,4.472,1.110e-15,flat,1
868,1,z:ilp,nat-oop,3094,9372,13.692,3.029,4.730e-16,chain3,0
868,1,z:ilp,nat-oop,2694,9496,15.729,3.525,4.730e-16,chain3,1
869,1,z:ilp,nat-oop,7165,12285,5.920,1.714,4.885e-16,prime,0
869,1,z:ilp,nat-oop,7108,12950,5.968,1.822,4.885e-16,prime,1
870,1,z:ilp,nat-oop,2351,8974,18.065,3.817,4.945e-16,chain3,0
870,1,z:ilp,nat-oop,2344,8952,18.125,3.820,4.945e-16,chain3,1
871,1,z:ilp,nat-oop,7117,15903,5.977,2.235,6.074e-16,prime,0
871,1,z:ilp,nat-oop,7231,16931,5.882,2.342,6.074e-16,prime,1
872,1,z:ilp,nat-oop,7402,9614,5.754,1.299,5.454e-16,prime,0
872,1,z:ilp,nat-oop,7391,9517,5.762,1.288,5.454e-16,prime,1
873,1,z:ilp,nat-oop,7190,8911,5.931,1.239,6.099e-16,prime,0
873,1,z:ilp,nat-oop,7107,9473,6.000,1.333,6.099e-16,prime,1
874,1,z:ilp,nat-oop,3029,14010,14.097,4.625,8.819e-16,flat,0
874,1,z:ilp,nat-oop,2963,13796,14.410,4.656,8.819e-16,flat,1
875,1,z:ilp,nat-oop,1657,2482,25.803,1.498,4.134e-16,chain3,0
875,1,z:ilp,nat-oop,1951,2592,21.912,1.329,4.134e-16,chain3,1
876,1,z:ilp,nat-oop,7522,9255,5.692,1.230,5.044e-16,prime,0
876,1,z:ilp,nat-oop,7426,9270,5.765,1.248,5.044e-16,prime,1
877,1,z:ilp,nat-oop,7123,11962,6.018,1.679,4.263e-16,prime,0
877,1,z:ilp,nat-oop,7094,12009,6.043,1.693,4.263e-16,prime,1
878,1,z:ilp,nat-oop,9487,12037,4.525,1.269,5.291e-16,prime,0
878,1,z:ilp,nat-oop,8404,12343,5.108,1.469,5.291e-16,prime,1
879,1,z:ilp,nat-oop,8408,11934,5.112,1.419,4.431e-16,prime,0
879,1,z:ilp,nat-oop,8250,11812,5.210,1.432,4.431e-16,prime,1
880,1,z:ilp,nat-oop,1613,1918,26.690,1.190,3.249e-16,chain3,0
880,1,z:ilp,nat-oop,1593,1919,27.025,1.205,3.249e-16,chain3,1
881,1,z:ilp,nat-oop,5861,12057,7.353,2.057,4.968e-16,prime,0
881,1,z:ilp,nat-oop,5942,11960,7.253,2.013,4.968e-16,prime,1
882,1,z:ilp,nat-oop,1925,1913,22.418,0.994,4.193e-16,chain3,0
882,1,z:ilp,nat-oop,1952,1914,22.105,0.980,4.193e-16,chain3,1
883,1,z:ilp,nat-oop,7475,11877,5.780,1.589,4.972e-16,prime,0
883,1,z:ilp,nat-oop,7419,12779,5.823,1.722,4.972e-16,prime,1
884,1,z:ilp,nat-oop,2122,8471,20.386,3.992,7.617e-16,chain3,0
884,1,z:ilp,nat-oop,2144,8505,20.176,3.966,7.617e-16,chain3,1
885,1,z:ilp,nat-oop,7473,11752,5.796,1.573,5.139e-16,prime,0
885,1,z:ilp,nat-oop,7404,11604,5.851,1.567,5.139e-16,prime,1
886,1,z:ilp,nat-oop,7525,12116,5.764,1.610,5.271e-16,prime,0
886,1,z:ilp,nat-oop,7136,12311,6.078,1.725,5.271e-16,prime,1
887,1,z:ilp,nat-oop,7867,11862,5.520,1.508,5.668e-16,prime,0
887,1,z:ilp,nat-oop,7083,11971,6.132,1.690,5.668e-16,prime,1
888,1,z:ilp,nat-oop,2652,12931,16.397,4.875,4.876e-16,chain3,0
888,1,z:ilp,nat-oop,2634,12886,16.511,4.893,4.876e-16,chain3,1
889,1,z:ilp,nat-oop,8445,10479,5.156,1.241,5.814e-16,prime,0
889,1,z:ilp,nat-oop,7245,10526,6.010,1.453,5.814e-16,prime,1
890,1,z:ilp,nat-oop,7457,11909,5.847,1.597,6.979e-16,prime,0
890,1,z:ilp,nat-oop,7434,13323,5.865,1.792,6.979e-16,prime,1
891,1,z:ilp,nat-oop,2161,2539,20.203,1.175,4.386e-16,chain3,0
891,1,z:ilp,nat-oop,1833,2542,23.823,1.387,4.386e-16,chain3,1
892,1,z:ilp,nat-oop,8189,12413,5.338,1.516,6.271e-16,prime,0
892,1,z:ilp,nat-oop,7109,12393,6.148,1.743,6.271e-16,prime,1
893,1,z:ilp,nat-oop,3407,18659,12.845,5.476,4.681e-16,2p,0
893,1,z:ilp,nat-oop,3407,18993,12.847,5.575,4.681e-16,2p,1
894,1,z:ilp,nat-oop,7490,12184,5.851,1.627,6.829e-16,prime,0
894,1,z:ilp,nat-oop,7388,12310,5.932,1.666,6.829e-16,prime,1
895,1,z:ilp,nat-oop,7408,11876,5.923,1.603,4.876e-16,prime,0
895,1,z:ilp,nat-oop,7401,12042,5.929,1.627,4.876e-16,prime,1
896,1,z:ilp,nat-oop,1278,1200,34.377,0.939,2.484e-16,chain3,0
896,1,z:ilp,nat-oop,1284,1193,34.217,0.929,2.484e-16,chain3,1
897,1,z:ilp,nat-oop,2560,10257,17.188,4.007,8.423e-16,chain3,0
897,1,z:ilp,nat-oop,2535,10221,17.353,4.031,8.423e-16,chain3,1
898,1,z:ilp,nat-oop,7484,12092,5.886,1.616,5.584e-16,prime,0
898,1,z:ilp,nat-oop,7413,12196,5.942,1.645,5.584e-16,prime,1
899,1,z:ilp,nat-oop,4005,17651,11.013,4.407,5.016e-16,2p,0
899,1,z:ilp,nat-oop,4313,17671,10.227,4.097,5.016e-16,2p,1
900,1,z:ilp,nat-oop,1702,1664,25.950,0.978,4.252e-16,chain3,0
900,1,z:ilp,nat-oop,1715,1689,25.754,0.985,4.252e-16,chain3,1
901,1,z:ilp,nat-oop,7543,19842,5.862,2.631,5.410e-16,prime,0
901,1,z:ilp,nat-oop,7484,20572,5.908,2.749,5.410e-16,prime,1
902,1,z:ilp,nat-oop,3624,12866,12.216,3.550,7.375e-16,flat,0
902,1,z:ilp,nat-oop,3592,12809,12.325,3.566,7.375e-16,flat,1
903,1,z:ilp,nat-oop,2878,12600,15.402,4.378,5.406e-16,2p,0
903,1,z:ilp,nat-oop,2890,12596,15.337,4.358,5.406e-16,2p,1
904,1,z:ilp,nat-oop,8204,13821,5.411,1.685,5.184e-16,prime,0
904,1,z:ilp,nat-oop,7134,13927,6.222,1.952,5.184e-16,prime,1
905,1,z:ilp,nat-oop,7528,9617,5.904,1.277,4.264e-16,prime,0
905,1,z:ilp,nat-oop,7654,9806,5.806,1.281,4.264e-16,prime,1
906,1,z:ilp,nat-oop,7480,10843,5.949,1.450,5.028e-16,prime,0
906,1,z:ilp,nat-oop,7392,10847,6.020,1.468,5.028e-16,prime,1
907,1,z:ilp,nat-oop,8246,18003,5.403,2.183,6.078e-16,prime,0
907,1,z:ilp,nat-oop,8163,17639,5.459,2.161,6.078e-16,prime,1
908,1,z:ilp,nat-oop,7493,11553,5.954,1.542,5.812e-16,prime,0
908,1,z:ilp,nat-oop,7410,11276,6.020,1.522,5.812e-16,prime,1
909,1,z:ilp,nat-oop,7777,9437,5.744,1.213,4.224e-16,prime,0
909,1,z:ilp,nat-oop,7181,9422,6.220,1.312,4.224e-16,prime,1
910,1,z:ilp,nat-oop,1875,2076,23.850,1.107,5.133e-16,chain3,0
910,1,z:ilp,nat-oop,1884,2084,23.737,1.106,5.133e-16,chain3,1
911,1,z:ilp,nat-oop,6485,27004,6.905,4.164,7.926e-16,prime,0
911,1,z:ilp,nat-oop,6298,17651,7.110,2.802,7.926e-16,prime,1
912,1,z:ilp,nat-oop,1877,7202,23.889,3.837,4.664e-16,chain3,0
912,1,z:ilp,nat-oop,1937,7284,23.145,3.760,4.664e-16,chain3,1
913,1,z:ilp,nat-oop,7162,14406,6.268,2.011,4.551e-16,prime,0
913,1,z:ilp,nat-oop,7388,13671,6.077,1.850,4.551e-16,prime,1
914,1,z:ilp,nat-oop,7957,12701,5.649,1.596,5.191e-16,prime,0
914,1,z:ilp,nat-oop,7400,12443,6.075,1.682,5.191e-16,prime,1
915,1,z:ilp,nat-oop,8159,11090,5.516,1.359,6.620e-16,prime,0
915,1,z:ilp,nat-oop,8256,11105,5.452,1.345,6.620e-16,prime,1
916,1,z:ilp,nat-oop,8542,11235,5.275,1.315,4.569e-16,prime,0
916,1,z:ilp,nat-oop,8496,11391,5.304,1.341,4.569e-16,prime,1
917,1,z:ilp,nat-oop,8421,13392,5.358,1.590,6.718e-16,prime,0
917,1,z:ilp,nat-oop,7463,13465,6.046,1.804,6.718e-16,prime,1
918,1,z:ilp,nat-oop,2164,7046,20.881,3.257,6.602e-16,chain3,0
918,1,z:ilp,nat-oop,2103,7039,21.483,3.347,6.602e-16,chain3,1
919,1,z:ilp,nat-oop,7127,17705,6.347,2.484,1.202e-15,prime,0
919,1,z:ilp,nat-oop,7313,17819,6.185,2.437,1.202e-15,prime,1
920,1,z:ilp,nat-oop,2128,8103,21.285,3.808,3.597e-16,chain3,0
920,1,z:ilp,nat-oop,2144,8090,21.127,3.774,3.597e-16,chain3,1
921,1,z:ilp,nat-oop,7509,18067,6.039,2.406,7.410e-16,prime,0
921,1,z:ilp,nat-oop,7433,18772,6.100,2.525,7.410e-16,prime,1
922,1,z:ilp,nat-oop,7478,12666,6.071,1.694,5.496e-16,prime,0
922,1,z:ilp,nat-oop,7607,12699,5.969,1.669,5.496e-16,prime,1
923,1,z:ilp,nat-oop,7511,12552,6.053,1.671,4.912e-16,prime,0
923,1,z:ilp,nat-oop,7666,12528,5.930,1.634,4.912e-16,prime,1
924,1,z:ilp,nat-oop,1751,2468,26.000,1.410,4.649e-16,chain3,0
924,1,z:ilp,nat-oop,2001,2454,22.746,1.227,4.649e-16,chain3,1
925,1,z:ilp,nat-oop,2658,11435,17.147,4.302,4.974e-16,2p,0
925,1,z:ilp,nat-oop,2648,11417,17.208,4.311,4.974e-16,2p,1
926,1,z:ilp,nat-oop,8314,12245,5.488,1.473,7.336e-16,prime,0
926,1,z:ilp,nat-oop,8084,12705,5.644,1.572,7.336e-16,prime,1
927,1,z:ilp,nat-oop,7463,13530,6.121,1.813,5.263e-16,prime,0
927,1,z:ilp,nat-oop,8335,13810,5.481,1.657,5.263e-16,prime,1
928,1,z:ilp,nat-oop,2165,12065,21.128,5.573,4.456e-16,2p,0
928,1,z:ilp,nat-oop,2117,12021,21.608,5.679,4.456e-16,2p,1
929,1,z:ilp,nat-oop,7407,17487,6.183,2.361,3.387e-16,prime,0
929,1,z:ilp,nat-oop,7167,17870,6.390,2.494,3.387e-16,prime,1
930,1,z:ilp,nat-oop,2586,10647,17.734,4.118,5.102e-16,chain3,0
930,1,z:ilp,nat-oop,2562,10731,17.898,4.189,5.102e-16,chain3,1
931,1,z:ilp,nat-oop,2246,8393,20.446,3.738,4.939e-16,chain3,0
931,1,z:ilp,nat-oop,2269,8554,20.232,3.769,4.939e-16,chain3,1
932,1,z:ilp,nat-oop,7486,11360,6.141,1.518,5.831e-16,prime,0
932,1,z:ilp,nat-oop,7414,11385,6.200,1.536,5.831e-16,prime,1
933,1,z:ilp,nat-oop,8408,17460,5.474,2.076,5.173e-16,prime,0
933,1,z:ilp,nat-oop,8368,17234,5.500,2.060,5.173e-16,prime,1
934,1,z:ilp,nat-oop,7535,12564,6.115,1.667,5.433e-16,prime,0
934,1,z:ilp,nat-oop,7916,12053,5.821,1.523,5.433e-16,prime,1
935,1,z:ilp,nat-oop,2391,9369,19.299,3.919,5.593e-16,chain3,0
935,1,z:ilp,nat-oop,2393,9371,19.283,3.917,5.593e-16,chain3,1
936,1,z:ilp,nat-oop,1746,2143,26.461,1.227,6.448e-16,chain3,0
936,1,z:ilp,nat-oop,1756,2147,26.310,1.223,6.448e-16,chain3,1
937,1,z:ilp,nat-oop,6482,17522,7.135,2.703,7.633e-16,prime,0
937,1,z:ilp,nat-oop,6392,17769,7.236,2.780,7.633e-16,prime,1
938,1,z:ilp,nat-oop,7496,18104,6.178,2.415,6.280e-16,prime,0
938,1,z:ilp,nat-oop,7443,18378,6.222,2.469,6.280e-16,prime,1
939,1,z:ilp,nat-oop,7479,17160,6.199,2.294,5.133e-16,prime,0
939,1,z:ilp,nat-oop,7426,17366,6.243,2.339,5.133e-16,prime,1
940,1,z:ilp,nat-oop,4014,13977,11.563,3.482,4.139e-16,flat,0
940,1,z:ilp,nat-oop,3576,14785,12.982,4.135,4.139e-16,flat,1
941,1,z:ilp,nat-oop,8385,11955,5.543,1.426,5.743e-16,prime,0
941,1,z:ilp,nat-oop,8311,12252,5.592,1.474,5.743e-16,prime,1
942,1,z:ilp,nat-oop,14521,11505,3.205,0.792,5.019e-16,prime,0
942,1,z:ilp,nat-oop,7485,11792,6.217,1.575,5.019e-16,prime,1
943,1,z:ilp,nat-oop,4848,27238,9.609,5.618,1.096e-15,flat,0
943,1,z:ilp,nat-oop,3915,22429,11.899,5.728,1.096e-15,flat,1
944,1,z:ilp,nat-oop,7498,12651,6.221,1.687,6.979e-16,prime,0
944,1,z:ilp,nat-oop,7779,12653,5.997,1.627,6.979e-16,prime,1
945,1,z:ilp,nat-oop,2781,3139,16.792,1.129,4.818e-16,chain3,0
945,1,z:ilp,nat-oop,2236,2517,20.891,1.126,4.818e-16,chain3,1
946,1,z:ilp,nat-oop,4013,17302,11.652,4.312,7.467e-16,flat,0
946,1,z:ilp,nat-oop,4084,18512,11.448,4.532,7.467e-16,flat,1
947,1,z:ilp,nat-oop,8691,12298,5.386,1.415,6.127e-16,prime,0
947,1,z:ilp,nat-oop,8521,24464,5.494,2.871,6.127e-16,prime,1
948,1,z:ilp,nat-oop,7332,12833,6.393,1.750,4.398e-16,prime,0
948,1,z:ilp,nat-oop,7376,12869,6.355,1.745,4.398e-16,prime,1
949,1,z:ilp,nat-oop,8461,11105,5.547,1.313,6.950e-16,prime,0
949,1,z:ilp,nat-oop,8340,13308,5.627,1.596,6.950e-16,prime,1
950,1,z:ilp,nat-oop,2182,7980,21.538,3.658,4.047e-16,chain3,0
950,1,z:ilp,nat-oop,2192,8586,21.437,3.917,4.047e-16,chain3,1
951,1,z:ilp,nat-oop,8617,11218,5.460,1.302,5.630e-16,prime,0
951,1,z:ilp,nat-oop,8428,10776,5.582,1.279,5.630e-16,prime,1
952,1,z:ilp,nat-oop,2069,7100,22.762,3.431,5.088e-16,chain3,0
952,1,z:ilp,nat-oop,2128,7050,22.131,3.313,5.088e-16,chain3,1
953,1,z:ilp,nat-oop,7269,12556,6.488,1.727,8.229e-16,prime,0
953,1,z:ilp,nat-oop,7480,12404,6.304,1.658,8.229e-16,prime,1
954,1,z:ilp,nat-oop,7750,17034,6.092,2.198,4.723e-16,prime,0
954,1,z:ilp,nat-oop,7734,16950,6.105,2.192,4.723e-16,prime,1
955,1,z:ilp,nat-oop,8661,11584,5.458,1.338,5.162e-16,prime,0
955,1,z:ilp,nat-oop,10226,13458,4.623,1.316,5.162e-16,prime,1
956,1,z:ilp,nat-oop,8200,12968,5.772,1.582,5.686e-16,prime,0
956,1,z:ilp,nat-oop,7662,13496,6.176,1.761,5.686e-16,prime,1
957,1,z:ilp,nat-oop,3288,11536,14.413,3.509,8.036e-16,flat,0
957,1,z:ilp,nat-oop,3620,11690,13.089,3.229,8.036e-16,flat,1
958,1,z:ilp,nat-oop,7732,12669,6.135,1.638,6.286e-16,prime,0
958,1,z:ilp,nat-oop,7658,17031,6.195,2.224,6.286e-16,prime,1
959,1,z:ilp,nat-oop,7505,12981,6.328,1.730,5.749e-16,prime,0
959,1,z:ilp,nat-oop,7645,13316,6.213,1.742,5.749e-16,prime,1
960,1,z:ilp,nat-oop,1517,1611,31.340,1.062,4.018e-16,2p,0
960,1,z:ilp,nat-oop,1579,2063,30.121,1.307,4.018e-16,2p,1
961,1,z:ilp,nat-oop,7049,20127,6.754,2.855,8.232e-16,flat,0
961,1,z:ilp,nat-oop,4649,20011,10.240,4.304,8.232e-16,flat,1
962,1,z:ilp,nat-oop,3875,13474,12.300,3.477,1.144e-15,flat,0
962,1,z:ilp,nat-oop,3831,13609,12.444,3.553,1.144e-15,flat,1
963,1,z:ilp,nat-oop,12550,21767,3.803,1.734,6.285e-16,prime,0
963,1,z:ilp,nat-oop,7878,18185,6.058,2.308,6.285e-16,prime,1
964,1,z:ilp,nat-oop,8318,10012,5.744,1.204,5.746e-16,prime,0
964,1,z:ilp,nat-oop,8158,11589,5.857,1.421,5.746e-16,prime,1
965,1,z:ilp,nat-oop,8970,11296,5.333,1.259,4.547e-16,prime,0
965,1,z:ilp,nat-oop,8399,9653,5.695,1.149,4.547e-16,prime,1
966,1,z:ilp,nat-oop,2959,10172,16.183,3.437,5.237e-16,chain3,0
966,1,z:ilp,nat-oop,2980,11901,16.072,3.994,5.237e-16,chain3,1
967,1,z:ilp,nat-oop,8473,15153,5.659,1.788,6.253e-16,prime,0
967,1,z:ilp,nat-oop,7636,16649,6.280,2.180,6.253e-16,prime,1
968,1,z:ilp,nat-oop,2135,3535,22.489,1.656,4.282e-16,chain3,0
968,1,z:ilp,nat-oop,2125,5003,22.594,2.354,4.282e-16,chain3,1
969,1,z:ilp,nat-oop,3722,15719,12.913,4.223,6.493e-16,chain3,0
969,1,z:ilp,nat-oop,2704,14360,17.773,5.310,6.493e-16,chain3,1
970,1,z:ilp,nat-oop,9241,10427,5.207,1.128,5.471e-16,prime,0
970,1,z:ilp,nat-oop,9224,13064,5.217,1.416,5.471e-16,prime,1
971,1,z:ilp,nat-oop,7743,16166,6.222,2.088,6.610e-16,prime,0
971,1,z:ilp,nat-oop,7570,14931,6.364,1.972,6.610e-16,prime,1
972,1,z:ilp,nat-oop,1692,2092,28.509,1.236,4.877e-16,chain3,0
972,1,z:ilp,nat-oop,1812,2500,26.615,1.380,4.877e-16,chain3,1
973,1,z:ilp,nat-oop,8907,15449,5.422,1.735,5.172e-16,prime,0
973,1,z:ilp,nat-oop,8410,16672,5.742,1.982,5.172e-16,prime,1
974,1,z:ilp,nat-oop,7534,12298,6.417,1.632,5.714e-16,prime,0
974,1,z:ilp,nat-oop,7423,13322,6.514,1.795,5.714e-16,prime,1
975,1,z:ilp,nat-oop,2240,2938,21.611,1.312,5.949e-16,chain3,0
975,1,z:ilp,nat-oop,2141,2861,22.604,1.336,5.949e-16,chain3,1
976,1,z:ilp,nat-oop,8462,11445,5.727,1.353,6.218e-16,prime,0
976,1,z:ilp,nat-oop,9006,10743,5.381,1.193,6.218e-16,prime,1
977,1,z:ilp,nat-oop,7393,12724,6.563,1.721,5.409e-16,prime,0
977,1,z:ilp,nat-oop,7127,14813,6.808,2.078,5.409e-16,prime,1
978,1,z:ilp,nat-oop,7595,11670,6.396,1.537,7.437e-16,prime,0
978,1,z:ilp,nat-oop,7666,11599,6.336,1.513,7.437e-16,prime,1
979,1,z:ilp,nat-oop,8368,14041,5.812,1.678,6.273e-16,prime,0
979,1,z:ilp,nat-oop,8423,15682,5.774,1.862,6.273e-16,prime,1
980,1,z:ilp,nat-oop,2134,1877,22.821,0.880,4.183e-16,flat,0
980,1,z:ilp,nat-oop,2139,2102,22.767,0.983,4.183e-16,flat,1
981,1,z:ilp,nat-oop,8183,10836,5.957,1.324,8.179e-16,prime,0
981,1,z:ilp,nat-oop,8389,10839,5.810,1.292,8.179e-16,prime,1
982,1,z:ilp,nat-oop,8395,13635,5.813,1.624,5.296e-16,prime,0
982,1,z:ilp,nat-oop,8301,13525,5.879,1.629,5.296e-16,prime,1
983,1,z:ilp,nat-oop,8986,12951,5.438,1.441,6.090e-16,prime,0
983,1,z:ilp,nat-oop,7625,13098,6.408,1.718,6.090e-16,prime,1
984,1,z:ilp,nat-oop,3338,13895,14.656,4.163,4.650e-16,chain3,0
984,1,z:ilp,nat-oop,3194,14947,15.313,4.679,4.650e-16,chain3,1
985,1,z:ilp,nat-oop,7503,11205,6.527,1.493,5.857e-16,prime,0
985,1,z:ilp,nat-oop,7910,11131,6.192,1.407,5.857e-16,prime,1
986,1,z:ilp,nat-oop,5400,16340,9.080,3.026,1.578e-15,flat,0
986,1,z:ilp,nat-oop,3645,16863,13.453,4.627,1.578e-15,flat,1
987,1,z:ilp,nat-oop,3439,17038,14.272,4.954,4.068e-16,2p,0
987,1,z:ilp,nat-oop,3402,17375,14.428,5.107,4.068e-16,2p,1
988,1,z:ilp,nat-oop,2483,9399,19.789,3.785,4.977e-16,chain3,0
988,1,z:ilp,nat-oop,2468,9150,19.912,3.707,4.977e-16,chain3,1
989,1,z:ilp,nat-oop,4206,21771,11.699,5.177,1.027e-15,flat,0
989,1,z:ilp,nat-oop,4281,20960,11.492,4.896,1.027e-15,flat,1
990,1,z:ilp,nat-oop,1926,2379,25.580,1.235,4.811e-16,chain3,0
990,1,z:ilp,nat-oop,1932,2371,25.499,1.227,4.811e-16,chain3,1
991,1,z:ilp,nat-oop,6674,12818,7.389,1.921,6.637e-16,prime,0
991,1,z:ilp,nat-oop,6607,13027,7.464,1.972,6.637e-16,prime,1
992,1,z:ilp,nat-oop,2319,10655,21.291,4.595,4.892e-16,2p,0
992,1,z:ilp,nat-oop,2316,10604,21.319,4.579,4.892e-16,2p,1
993,1,z:ilp,nat-oop,8643,16764,5.719,1.940,5.250e-16,prime,0
993,1,z:ilp,nat-oop,8420,17631,5.870,2.094,5.250e-16,prime,1
994,1,z:ilp,nat-oop,7682,14284,6.442,1.859,4.662e-16,prime,0
994,1,z:ilp,nat-oop,7389,14522,6.698,1.965,4.662e-16,prime,1
995,1,z:ilp,nat-oop,9609,11168,5.156,1.162,5.904e-16,prime,0
995,1,z:ilp,nat-oop,8268,11125,5.993,1.346,5.904e-16,prime,1
996,1,z:ilp,nat-oop,8156,13999,6.082,1.717,6.526e-16,prime,0
996,1,z:ilp,nat-oop,8118,14025,6.110,1.728,6.526e-16,prime,1
997,1,z:ilp,nat-oop,7447,12883,6.669,1.730,5.936e-16,prime,0
997,1,z:ilp,nat-oop,7459,13594,6.658,1.823,5.936e-16,prime,1
998,1,z:ilp,nat-oop,8659,13501,5.742,1.559,6.179e-16,prime,0
998,1,z:ilp,nat-oop,8353,13577,5.951,1.625,6.179e-16,prime,1
999,1,z:ilp,nat-oop,4110,17473,12.111,4.252,5.854e-16,2p,0
999,1,z:ilp,nat-oop,4078,17676,12.204,4.334,5.854e-16,2p,1
1000,1,z:ilp,nat-oop,2406,2476,20.706,1.029,4.585e-16,chain3,0
1000,1,z:ilp,nat-oop,2402,2492,20.745,1.038,4.585e-16,chain3,1
1001,1,z:ilp,nat-oop,2304,3735,21.648,1.621,4.677e-16,chain3,0
1001,1,z:ilp,nat-oop,2303,3749,21.659,1.628,4.677e-16,chain3,1
1002,1,z:ilp,nat-oop,8289,14633,6.025,1.765,5.954e-16,prime,0
1002,1,z:ilp,nat-oop,8233,14661,6.066,1.781,5.954e-16,prime,1
1003,1,z:ilp,nat-oop,7449,20165,6.712,2.707,4.705e-16,prime,0
1003,1,z:ilp,nat-oop,7448,21684,6.713,2.911,4.705e-16,prime,1
1004,1,z:ilp,nat-oop,8559,12336,5.848,1.441,4.587e-16,prime,0
1004,1,z:ilp,nat-oop,8116,12264,6.168,1.511,4.587e-16,prime,1
1005,1,z:ilp,nat-oop,7737,18614,6.477,2.406,5.123e-16,prime,0
1005,1,z:ilp,nat-oop,8128,18955,6.166,2.332,5.123e-16,prime,1
1006,1,z:ilp,nat-oop,7378,12367,6.800,1.676,4.888e-16,prime,0
1006,1,z:ilp,nat-oop,7381,12118,6.797,1.642,4.888e-16,prime,1
1007,1,z:ilp,nat-oop,7729,23025,6.498,2.979,5.368e-16,prime,0
1007,1,z:ilp,nat-oop,8147,23342,6.165,2.865,5.368e-16,prime,1
1008,1,z:ilp,nat-oop,2083,1857,24.136,0.891,4.436e-16,chain3,0
1008,1,z:ilp,nat-oop,2059,1794,24.427,0.871,4.436e-16,chain3,1
1009,1,z:ilp,nat-oop,7949,17874,6.333,2.249,7.947e-16,prime,0
1009,1,z:ilp,nat-oop,7700,18571,6.538,2.412,7.947e-16,prime,1
1010,1,z:ilp,nat-oop,7201,10523,6.999,1.461,5.249e-16,prime,0
1010,1,z:ilp,nat-oop,7152,10835,7.047,1.515,5.249e-16,prime,1
1011,1,z:ilp,nat-oop,8503,18113,5.934,2.130,6.069e-16,prime,0
1011,1,z:ilp,nat-oop,8133,16907,6.204,2.079,6.069e-16,prime,1
1012,1,z:ilp,nat-oop,2737,10395,18.457,3.798,4.840e-16,chain3,0
1012,1,z:ilp,nat-oop,2776,10433,18.199,3.759,4.840e-16,chain3,1
1013,1,z:ilp,nat-oop,7260,17866,6.966,2.461,5.788e-16,prime,0
1013,1,z:ilp,nat-oop,7243,18673,6.982,2.578,5.788e-16,prime,1
1014,1,z:ilp,nat-oop,2463,3587,20.556,1.456,5.785e-16,chain3,0
1014,1,z:ilp,nat-oop,2378,3584,21.295,1.507,5.785e-16,chain3,1
1015,1,z:ilp,nat-oop,3903,10692,12.987,2.740,4.154e-16,chain3,0
1015,1,z:ilp,nat-oop,3255,10732,15.572,3.297,4.154e-16,chain3,1
1016,1,z:ilp,nat-oop,8399,12871,6.042,1.532,5.516e-16,prime,0
1016,1,z:ilp,nat-oop,7463,12826,6.799,1.719,5.516e-16,prime,1
1017,1,z:ilp,nat-oop,7302,16304,6.957,2.233,5.769e-16,prime,0
1017,1,z:ilp,nat-oop,7217,16419,7.039,2.275,5.769e-16,prime,1
1018,1,z:ilp,nat-oop,7194,11773,7.069,1.636,5.990e-16,prime,0
1018,1,z:ilp,nat-oop,7152,11914,7.111,1.666,5.990e-16,prime,1
1019,1,z:ilp,nat-oop,7495,12522,6.793,1.671,5.913e-16,prime,0
1019,1,z:ilp,nat-oop,7447,12634,6.837,1.697,5.913e-16,prime,1
1020,1,z:ilp,nat-oop,2248,8528,22.677,3.794,4.670e-16,chain3,0
1020,1,z:ilp,nat-oop,2182,8530,23.361,3.910,4.670e-16,chain3,1
1021,1,z:ilp,nat-oop,7192,12288,7.095,1.709,5.202e-16,prime,0
1021,1,z:ilp,nat-oop,7182,12305,7.105,1.713,5.202e-16,prime,1
1022,1,z:ilp,nat-oop,7233,11831,7.063,1.636,6.627e-16,prime,0
1022,1,z:ilp,nat-oop,7224,11861,7.072,1.642,6.627e-16,prime,1
1023,1,z:ilp,nat-oop,3561,13579,14.363,3.814,5.272e-16,chain3,0
1023,1,z:ilp,nat-oop,3258,13532,15.697,4.153,5.272e-16,chain3,1
1024,1,z:ilp,nat-oop,1303,1244,39.301,0.955,2.508e-16,2p,0
1024,1,z:ilp,nat-oop,1318,1258,38.839,0.954,2.508e-16,2p,1
1025,1,z:ilp,nat-oop,3240,14959,15.822,4.617,4.496e-16,2p,0
1025,1,z:ilp,nat-oop,3225,14974,15.892,4.643,4.496e-16,2p,1
1026,1,z:ilp,nat-oop,2463,8614,20.837,3.498,5.353e-16,chain3,0
1026,1,z:ilp,nat-oop,2460,10061,20.857,4.089,5.353e-16,chain3,1
1027,1,z:ilp,nat-oop,15772,14491,3.257,0.919,4.763e-16,prime,0
1027,1,z:ilp,nat-oop,15414,14500,3.333,0.941,4.763e-16,prime,1
1028,1,z:ilp,nat-oop,15041,10086,3.419,0.671,4.621e-16,prime,0
1028,1,z:ilp,nat-oop,15050,10122,3.417,0.673,4.621e-16,prime,1
1029,1,z:ilp,nat-oop,1980,3689,26.004,1.863,3.933e-16,chain3,0
1029,1,z:ilp,nat-oop,2019,3639,25.505,1.803,3.933e-16,chain3,1
1030,1,z:ilp,nat-oop,15748,15133,3.273,0.961,6.246e-16,prime,0
1030,1,z:ilp,nat-oop,15224,15106,3.386,0.992,6.246e-16,prime,1
1031,1,z:ilp,nat-oop,17343,14501,2.975,0.836,5.618e-16,prime,0
1031,1,z:ilp,nat-oop,14926,14682,3.457,0.984,5.618e-16,prime,1
1032,1,z:ilp,nat-oop,3447,14719,14.988,4.270,5.461e-16,chain3,0
1032,1,z:ilp,nat-oop,3419,15146,15.110,4.430,5.461e-16,chain3,1
1033,1,z:ilp,nat-oop,12409,15285,4.167,1.232,8.230e-16,prime,0
1033,1,z:ilp,nat-oop,11487,15066,4.502,1.312,8.230e-16,prime,1
1034,1,z:ilp,nat-oop,4392,16886,11.787,3.844,7.624e-16,flat,0
1034,1,z:ilp,nat-oop,4386,17394,11.805,3.966,7.624e-16,flat,1
1035,1,z:ilp,nat-oop,2739,9606,18.920,3.507,4.250e-16,chain3,0
1035,1,z:ilp,nat-oop,2848,9671,18.200,3.396,4.250e-16,chain3,1
1036,1,z:ilp,nat-oop,3437,12718,15.097,3.700,4.252e-16,chain3,0
1036,1,z:ilp,nat-oop,3433,12747,15.116,3.714,4.252e-16,chain3,1
1037,1,z:ilp,nat-oop,18283,17523,2.841,0.958,4.477e-16,prime,0
1037,1,z:ilp,nat-oop,14884,17507,3.490,1.176,4.477e-16,prime,1
1038,1,z:ilp,nat-oop,15259,14357,3.408,0.941,6.305e-16,prime,0
1038,1,z:ilp,nat-oop,14980,14486,3.471,0.967,6.305e-16,prime,1
1039,1,z:ilp,nat-oop,15990,14287,3.256,0.894,5.726e-16,prime,0
1039,1,z:ilp,nat-oop,15094,16470,3.449,1.091,5.726e-16,prime,1
1040,1,z:ilp,nat-oop,1948,2221,26.755,1.140,5.104e-16,chain3,0
1040,1,z:ilp,nat-oop,1967,2229,26.500,1.134,5.104e-16,chain3,1
1041,1,z:ilp,nat-oop,16927,13876,3.082,0.820,5.136e-16,prime,0
1041,1,z:ilp,nat-oop,14952,14007,3.489,0.937,5.136e-16,prime,1
1042,1,z:ilp,nat-oop,15235,14961,3.428,0.982,6.530e-16,prime,0
1042,1,z:ilp,nat-oop,15003,15607,3.481,1.040,6.530e-16,prime,1
1043,1,z:ilp,nat-oop,16067,15455,3.254,0.962,4.881e-16,prime,0
1043,1,z:ilp,nat-oop,14938,15530,3.500,1.040,4.881e-16,prime,1
1044,1,z:ilp,nat-oop,2791,10747,18.754,3.850,7.659e-16,chain3,0
1044,1,z:ilp,nat-oop,2746,10835,19.064,3.946,7.659e-16,chain3,1
1045,1,z:ilp,nat-oop,2704,9528,19.383,3.524,4.960e-16,chain3,0
1045,1,z:ilp,nat-oop,2716,10253,19.291,3.774,4.960e-16,chain3,1
1046,1,z:ilp,nat-oop,15037,14808,3.489,0.985,5.529e-16,prime,0
1046,1,z:ilp,nat-oop,15036,16883,3.489,1.123,5.529e-16,prime,1
1047,1,z:ilp,nat-oop,16446,13990,3.193,0.851,6.227e-16,prime,0
1047,1,z:ilp,nat-oop,16664,13897,3.152,0.834,6.227e-16,prime,1
1048,1,z:ilp,nat-oop,15820,15231,3.323,0.963,5.978e-16,prime,0
1048,1,z:ilp,nat-oop,14928,15471,3.522,1.036,5.978e-16,prime,1
1049,1,z:ilp,nat-oop,15579,14247,3.378,0.915,5.607e-16,prime,0
1049,1,z:ilp,nat-oop,15081,14678,3.490,0.973,5.607e-16,prime,1
1050,1,z:ilp,nat-oop,1958,2040,26.905,1.042,4.190e-16,chain3,0
1050,1,z:ilp,nat-oop,1916,2093,27.499,1.092,4.190e-16,chain3,1
1051,1,z:ilp,nat-oop,10230,15286,5.156,1.494,1.014e-15,prime,0
1051,1,z:ilp,nat-oop,8560,14529,6.162,1.697,1.014e-15,prime,1
1052,1,z:ilp,nat-oop,15468,14491,3.414,0.937,5.106e-16,prime,0
1052,1,z:ilp,nat-oop,15346,14616,3.441,0.952,5.106e-16,prime,1
1053,1,z:ilp,nat-oop,2402,2946,22.006,1.226,8.049e-16,chain3,0
1053,1,z:ilp,nat-oop,2228,2949,23.726,1.324,8.049e-16,chain3,1
1054,1,z:ilp,nat-oop,4024,18274,13.152,4.541,1.558e-15,flat,0
1054,1,z:ilp,nat-oop,4028,18208,13.138,4.520,1.558e-15,flat,1
1055,1,z:ilp,nat-oop,16492,13981,3.212,0.848,5.960e-16,prime,0
1055,1,z:ilp,nat-oop,14931,14995,3.548,1.004,5.960e-16,prime,1
1056,1,z:ilp,nat-oop,1960,2604,27.052,1.328,4.813e-16,chain3,0
1056,1,z:ilp,nat-oop,1960,2591,27.056,1.322,4.813e-16,chain3,1
1057,1,z:ilp,nat-oop,15191,11704,3.495,0.770,6.545e-16,prime,0
1057,1,z:ilp,nat-oop,15756,11599,3.370,0.736,6.545e-16,prime,1
1058,1,z:ilp,nat-oop,4004,18237,13.274,4.555,1.369e-15,flat,0
1058,1,z:ilp,nat-oop,3963,20032,13.412,5.055,1.369e-15,flat,1
1059,1,z:ilp,nat-oop,17081,15702,3.115,0.919,4.792e-16,prime,0
1059,1,z:ilp,nat-oop,15395,13929,3.456,0.905,4.792e-16,prime,1
1060,1,z:ilp,nat-oop,20971,19045,2.540,0.908,4.478e-16,prime,0
1060,1,z:ilp,nat-oop,17464,17976,3.050,1.029,4.478e-16,prime,1
1061,1,z:ilp,nat-oop,16277,14317,3.276,0.880,5.845e-16,prime,0
1061,1,z:ilp,nat-oop,15196,14847,3.509,0.977,5.845e-16,prime,1
1062,1,z:ilp,nat-oop,16061,13679,3.323,0.852,5.258e-16,prime,0
1062,1,z:ilp,nat-oop,15694,14978,3.401,0.954,5.258e-16,prime,1
1063,1,z:ilp,nat-oop,19565,14349,2.731,0.733,6.526e-16,prime,0
1063,1,z:ilp,nat-oop,17439,15188,3.064,0.871,6.526e-16,prime,1
1064,1,z:ilp,nat-oop,2425,8395,22.059,3.462,3.642e-16,chain3,0
1064,1,z:ilp,nat-oop,2427,8331,22.041,3.432,3.642e-16,chain3,1
1065,1,z:ilp,nat-oop,18243,14506,2.935,0.795,5.290e-16,prime,0
1065,1,z:ilp,nat-oop,15056,14663,3.557,0.974,5.290e-16,prime,1
1066,1,z:ilp,nat-oop,4433,15723,12.092,3.547,1.069e-15,flat,0
1066,1,z:ilp,nat-oop,4438,17234,12.080,3.883,1.069e-15,flat,1
1067,1,z:ilp,nat-oop,15305,12277,3.506,0.802,5.621e-16,prime,0
1067,1,z:ilp,nat-oop,15239,12160,3.522,0.798,5.621e-16,prime,1
1068,1,z:ilp,nat-oop,16882,14713,3.182,0.872,6.402e-16,prime,0
1068,1,z:ilp,nat-oop,15689,14277,3.424,0.910,6.402e-16,prime,1
1069,1,z:ilp,nat-oop,16045,14704,3.352,0.916,5.720e-16,prime,0
1069,1,z:ilp,nat-oop,15788,16094,3.406,1.019,5.720e-16,prime,1
1070,1,z:ilp,nat-oop,15760,15168,3.416,0.962,5.334e-16,prime,0
1070,1,z:ilp,nat-oop,15485,16924,3.477,1.093,5.334e-16,prime,1
1071,1,z:ilp,nat-oop,2509,8247,21.484,3.287,4.380e-16,chain3,0
1071,1,z:ilp,nat-oop,2477,8763,21.758,3.537,4.380e-16,chain3,1
1072,1,z:ilp,nat-oop,16371,19788,3.296,1.209,5.145e-16,prime,0
1072,1,z:ilp,nat-oop,15270,18872,3.533,1.236,5.145e-16,prime,1
1073,1,z:ilp,nat-oop,5703,22528,9.470,3.950,1.127e-15,flat,0
1073,1,z:ilp,nat-oop,4535,22924,11.911,5.055,1.127e-15,flat,1
1074,1,z:ilp,nat-oop,16561,15007,3.265,0.906,5.311e-16,prime,0
1074,1,z:ilp,nat-oop,15781,15615,3.426,0.989,5.311e-16,prime,1
1075,1,z:ilp,nat-oop,3470,15509,15.598,4.469,4.654e-16,2p,0
1075,1,z:ilp,nat-oop,3452,15321,15.682,4.439,4.654e-16,2p,1
1076,1,z:ilp,nat-oop,15076,14567,3.594,0.966,5.545e-16,prime,0
1076,1,z:ilp,nat-oop,15138,15546,3.579,1.027,5.545e-16,prime,1
1077,1,z:ilp,nat-oop,16080,14045,3.373,0.873,4.530e-16,prime,0
1077,1,z:ilp,nat-oop,15255,14125,3.556,0.926,4.530e-16,prime,1
1078,1,z:ilp,nat-oop,2975,3909,18.252,1.314,6.100e-16,flat,0
1078,1,z:ilp,nat-oop,2896,3937,18.750,1.359,6.100e-16,flat,1
1079,1,z:ilp,nat-oop,15377,16027,3.535,1.042,5.591e-16,prime,0
1079,1,z:ilp,nat-oop,15154,16174,3.587,1.067,5.591e-16,prime,1
1080,1,z:ilp,nat-oop,2093,2044,25.996,0.976,5.700e-16,chain3,0
1080,1,z:ilp,nat-oop,2139,1983,25.436,0.927,5.700e-16,chain3,1
1081,1,z:ilp,nat-oop,4746,24446,11.478,5.151,5.990e-16,2p,0
1081,1,z:ilp,nat-oop,4959,25840,10.984,5.210,5.990e-16,2p,1
1082,1,z:ilp,nat-oop,15457,13012,3.528,0.842,6.357e-16,prime,0
1082,1,z:ilp,nat-oop,15085,12768,3.615,0.846,6.357e-16,prime,1
1083,1,z:ilp,nat-oop,3153,16698,17.315,5.296,3.785e-16,chain3,0
1083,1,z:ilp,nat-oop,3191,17517,17.106,5.489,3.785e-16,chain3,1
1084,1,z:ilp,nat-oop,15084,12711,3.623,0.843,5.389e-16,prime,0
1084,1,z:ilp,nat-oop,15224,13206,3.589,0.867,5.389e-16,prime,1
1085,1,z:ilp,nat-oop,4540,11962,12.048,2.635,5.185e-16,chain3,0
1085,1,z:ilp,nat-oop,3632,11985,15.062,3.300,5.185e-16,chain3,1
1086,1,z:ilp,nat-oop,15613,11536,3.507,0.739,5.327e-16,prime,0
1086,1,z:ilp,nat-oop,15449,11639,3.545,0.753,5.327e-16,prime,1
1087,1,z:ilp,nat-oop,16315,21778,3.360,1.335,6.608e-16,prime,0
1087,1,z:ilp,nat-oop,15072,22783,3.637,1.512,6.608e-16,prime,1
1088,1,z:ilp,nat-oop,2100,7891,26.129,3.757,5.417e-16,chain3,0
1088,1,z:ilp,nat-oop,2129,8046,25.776,3.779,5.417e-16,chain3,1
1089,1,z:ilp,nat-oop,2892,4175,18.996,1.444,4.373e-16,chain3,0
1089,1,z:ilp,nat-oop,2527,4178,21.735,1.653,4.373e-16,chain3,1
1090,1,z:ilp,nat-oop,15090,11943,3.644,0.791,4.641e-16,prime,0
1090,1,z:ilp,nat-oop,15166,12007,3.626,0.792,4.641e-16,prime,1
1091,1,z:ilp,nat-oop,15323,21861,3.592,1.427,7.481e-16,prime,0
1091,1,z:ilp,nat-oop,14973,23627,3.677,1.578,7.481e-16,prime,1
1092,1,z:ilp,nat-oop,2149,3052,25.642,1.420,4.995e-16,chain3,0
1092,1,z:ilp,nat-oop,2121,2849,25.985,1.343,4.995e-16,chain3,1
1093,1,z:ilp,nat-oop,11377,21983,4.849,1.932,1.058e-15,prime,0
1093,1,z:ilp,nat-oop,10070,23947,5.478,2.378,1.058e-15,prime,1
1094,1,z:ilp,nat-oop,16548,20107,3.337,1.215,6.752e-16,prime,0
1094,1,z:ilp,nat-oop,15842,21706,3.486,1.370,6.752e-16,prime,1
1095,1,z:ilp,nat-oop,16382,12373,3.374,0.755,4.620e-16,prime,0
1095,1,z:ilp,nat-oop,15057,12028,3.671,0.799,4.620e-16,prime,1
1096,1,z:ilp,nat-oop,16845,14470,3.285,0.859,6.130e-16,prime,0
1096,1,z:ilp,nat-oop,15160,15574,3.650,1.027,6.130e-16,prime,1
1097,1,z:ilp,nat-oop,15130,15744,3.661,1.041,6.407e-16,prime,0
1097,1,z:ilp,nat-oop,14957,18244,3.704,1.220,6.407e-16,prime,1
1098,1,z:ilp,nat-oop,16585,12036,3.344,0.726,5.411e-16,prime,0
1098,1,z:ilp,nat-oop,14989,11989,3.699,0.800,5.411e-16,prime,1
1099,1,z:ilp,nat-oop,16521,12726,3.360,0.770,5.259e-16,prime,0
1099,1,z:ilp,nat-oop,15040,15058,3.691,1.001,5.259e-16,prime,1
1100,1,z:ilp,nat-oop,2226,2877,24.961,1.292,3.987e-16,chain3,0
1100,1,z:ilp,nat-oop,2109,2527,26.352,1.199,3.987e-16,chain3,1
1101,1,z:ilp,nat-oop,16528,16671,3.366,1.009,5.351e-16,prime,0
1101,1,z:ilp,nat-oop,14994,17311,3.710,1.155,5.351e-16,prime,1
1102,1,z:ilp,nat-oop,4256,20288,13.083,4.767,1.428e-15,flat,0
1102,1,z:ilp,nat-oop,4219,21124,13.197,5.006,1.428e-15,flat,1
1103,1,z:ilp,nat-oop,15228,15888,3.660,1.043,5.317e-16,prime,0
1103,1,z:ilp,nat-oop,15159,15739,3.677,1.038,5.317e-16,prime,1
1104,1,z:ilp,nat-oop,2570,12073,21.710,4.697,5.403e-16,chain3,0
1104,1,z:ilp,nat-oop,2553,11859,21.856,4.645,5.403e-16,chain3,1
1105,1,z:ilp,nat-oop,3015,10595,18.523,3.513,7.736e-16,chain3,0
1105,1,z:ilp,nat-oop,4146,15007,13.472,3.619,7.736e-16,chain3,1
1106,1,z:ilp,nat-oop,21162,20788,2.642,0.982,5.176e-16,prime,0
1106,1,z:ilp,nat-oop,21209,20814,2.636,0.981,5.176e-16,prime,1
1107,1,z:ilp,nat-oop,5005,21166,11.183,4.229,5.239e-16,2p,0
1107,1,z:ilp,nat-oop,4991,21245,11.215,4.257,5.239e-16,2p,1
1108,1,z:ilp,nat-oop,21546,14544,2.600,0.675,4.646e-16,prime,0
1108,1,z:ilp,nat-oop,14958,14583,3.746,0.975,4.646e-16,prime,1
1109,1,z:ilp,nat-oop,15058,15690,3.725,1.042,6.318e-16,prime,0
1109,1,z:ilp,nat-oop,14936,15675,3.755,1.049,6.318e-16,prime,1
1110,1,z:ilp,nat-oop,3544,13530,15.841,3.817,6.786e-16,chain3,0
1110,1,z:ilp,nat-oop,3876,13543,14.485,3.494,6.786e-16,chain3,1
1111,1,z:ilp,nat-oop,15861,12751,3.544,0.804,5.370e-16,prime,0
1111,1,z:ilp,nat-oop,14883,12725,3.776,0.855,5.370e-16,prime,1
1112,1,z:ilp,nat-oop,15088,14151,3.729,0.938,5.500e-16,prime,0
1112,1,z:ilp,nat-oop,14894,14319,3.777,0.961,5.500e-16,prime,1
1113,1,z:ilp,nat-oop,17482,18200,3.222,1.041,3.902e-16,prime,0
1113,1,z:ilp,nat-oop,14960,18243,3.765,1.219,3.902e-16,prime,1
1114,1,z:ilp,nat-oop,16311,19890,3.456,1.219,5.191e-16,prime,0
1114,1,z:ilp,nat-oop,15382,19925,3.665,1.295,5.191e-16,prime,1
1115,1,z:ilp,nat-oop,16321,16516,3.458,1.012,6.513e-16,prime,0
1115,1,z:ilp,nat-oop,14964,16635,3.771,1.112,6.513e-16,prime,1
1116,1,z:ilp,nat-oop,3039,13414,18.590,4.414,5.028e-16,chain3,0
1116,1,z:ilp,nat-oop,3108,14432,18.178,4.644,5.028e-16,chain3,1
1117,1,z:ilp,nat-oop,12418,15705,4.554,1.265,9.513e-16,prime,0
1117,1,z:ilp,nat-oop,11058,15727,5.114,1.422,9.513e-16,prime,1
1118,1,z:ilp,nat-oop,4732,17427,11.963,3.683,1.019e-15,flat,0
1118,1,z:ilp,nat-oop,4657,16623,12.156,3.570,1.019e-15,flat,1
1119,1,z:ilp,nat-oop,15058,16117,3.763,1.070,6.190e-16,prime,0
1119,1,z:ilp,nat-oop,14940,16186,3.793,1.083,6.190e-16,prime,1
1120,1,z:ilp,nat-oop,2245,1964,25.270,0.875,3.782e-16,chain3,0
1120,1,z:ilp,nat-oop,2166,1972,26.194,0.911,3.782e-16,chain3,1
1121,1,z:ilp,nat-oop,15433,22398,3.679,1.451,4.624e-16,prime,0
1121,1,z:ilp,nat-oop,15204,22704,3.735,1.493,4.624e-16,prime,1
1122,1,z:ilp,nat-oop,2729,10148,20.826,3.718,5.435e-16,chain3,0
1122,1,z:ilp,nat-oop,2734,10108,20.793,3.698,5.435e-16,chain3,1
1123,1,z:ilp,nat-oop,9064,15759,6.277,1.739,8.366e-16,prime,0
1123,1,z:ilp,nat-oop,9130,16263,6.232,1.781,8.366e-16,prime,1
1124,1,z:ilp,nat-oop,15170,14510,3.754,0.956,5.528e-16,prime,0
1124,1,z:ilp,nat-oop,15160,15276,3.757,1.008,5.528e-16,prime,1
1125,1,z:ilp,nat-oop,2786,3161,20.463,1.134,5.895e-16,chain3,0
1125,1,z:ilp,nat-oop,2796,3166,20.393,1.133,5.895e-16,chain3,1
1126,1,z:ilp,nat-oop,15272,19916,3.737,1.304,5.202e-16,prime,0
1126,1,z:ilp,nat-oop,14979,21192,3.810,1.415,5.202e-16,prime,1
1127,1,z:ilp,nat-oop,3351,10315,17.050,3.078,5.801e-16,chain3,0
1127,1,z:ilp,nat-oop,3110,10359,18.370,3.331,5.801e-16,chain3,1
1128,1,z:ilp,nat-oop,3998,16600,14.302,4.152,5.311e-16,chain3,0
1128,1,z:ilp,nat-oop,3926,16593,14.564,4.226,5.311e-16,chain3,1
1129,1,z:ilp,nat-oop,14655,14456,3.906,0.986,1.064e-15,prime,0
1129,1,z:ilp,nat-oop,13158,15046,4.351,1.144,1.064e-15,prime,1
1130,1,z:ilp,nat-oop,15258,17636,3.756,1.156,5.218e-16,prime,0
1130,1,z:ilp,nat-oop,14914,17651,3.842,1.183,5.218e-16,prime,1
1131,1,z:ilp,nat-oop,3943,13020,14.547,3.302,7.098e-16,chain3,0
1131,1,z:ilp,nat-oop,3894,13590,14.730,3.490,7.098e-16,chain3,1
1132,1,z:ilp,nat-oop,15410,14948,3.726,0.970,5.129e-16,prime,0
1132,1,z:ilp,nat-oop,15529,15944,3.697,1.027,5.129e-16,prime,1
1133,1,z:ilp,nat-oop,17476,34790,3.289,1.991,4.960e-16,prime,0
1133,1,z:ilp,nat-oop,21736,34768,2.644,1.600,4.960e-16,prime,1
1134,1,z:ilp,nat-oop,3122,3644,18.429,1.167,5.722e-16,chain3,0
1134,1,z:ilp,nat-oop,3171,3614,18.143,1.140,5.722e-16,chain3,1
1135,1,z:ilp,nat-oop,21579,14210,2.669,0.659,5.015e-16,prime,0
1135,1,z:ilp,nat-oop,15045,14329,3.828,0.952,5.015e-16,prime,1
1136,1,z:ilp,nat-oop,14974,14038,3.850,0.938,4.823e-16,prime,0
1136,1,z:ilp,nat-oop,15810,14071,3.646,0.890,4.823e-16,prime,1
1137,1,z:ilp,nat-oop,16641,12896,3.468,0.775,4.703e-16,prime,0
1137,1,z:ilp,nat-oop,15151,12830,3.809,0.847,4.703e-16,prime,1
1138,1,z:ilp,nat-oop,16242,14976,3.557,0.922,3.912e-16,prime,0
1138,1,z:ilp,nat-oop,14896,15471,3.878,1.039,3.912e-16,prime,1
1139,1,z:ilp,nat-oop,15327,30269,3.773,1.975,5.436e-16,prime,0
1139,1,z:ilp,nat-oop,15048,31679,3.843,2.105,5.436e-16,prime,1
1140,1,z:ilp,nat-oop,2629,8844,22.020,3.365,4.864e-16,chain3,0
1140,1,z:ilp,nat-oop,2551,8834,22.687,3.462,4.864e-16,chain3,1
1141,1,z:ilp,nat-oop,14923,13615,3.883,0.912,6.174e-16,prime,0
1141,1,z:ilp,nat-oop,15026,13809,3.856,0.919,6.174e-16,prime,1
1142,1,z:ilp,nat-oop,15400,15183,3.766,0.986,4.926e-16,prime,0
1142,1,z:ilp,nat-oop,15423,15130,3.760,0.981,4.926e-16,prime,1
1143,1,z:ilp,nat-oop,19022,14141,3.052,0.743,4.282e-16,prime,0
1143,1,z:ilp,nat-oop,15266,13684,3.803,0.896,4.282e-16,prime,1
1144,1,z:ilp,nat-oop,2517,3966,23.088,1.576,6.715e-16,chain3,0
1144,1,z:ilp,nat-oop,2532,3976,22.954,1.570,6.715e-16,chain3,1
1145,1,z:ilp,nat-oop,15310,14394,3.800,0.940,4.398e-16,prime,0
1145,1,z:ilp,nat-oop,14988,14936,3.881,0.997,4.398e-16,prime,1
1146,1,z:ilp,nat-oop,18000,12658,3.235,0.703,4.335e-16,prime,0
1146,1,z:ilp,nat-oop,15443,12895,3.771,0.835,4.335e-16,prime,1
1147,1,z:ilp,nat-oop,5039,24603,11.567,4.882,8.391e-16,flat,0
1147,1,z:ilp,nat-oop,4958,25870,11.757,5.218,8.391e-16,flat,1
1148,1,z:ilp,nat-oop,4087,15213,14.277,3.722,4.095e-16,chain3,0
1148,1,z:ilp,nat-oop,4151,15143,14.057,3.648,4.095e-16,chain3,1
1149,1,z:ilp,nat-oop,15950,13020,3.662,0.816,6.479e-16,prime,0
1149,1,z:ilp,nat-oop,15246,12921,3.831,0.847,6.479e-16,prime,1
1150,1,z:ilp,nat-oop,2861,10173,20.437,3.556,4.640e-16,chain3,0
1150,1,z:ilp,nat-oop,2870,10218,20.371,3.561,4.640e-16,chain3,1
1151,1,z:ilp,nat-oop,9668,14567,6.053,1.507,7.510e-16,prime,0
1151,1,z:ilp,nat-oop,9550,14530,6.128,1.521,7.510e-16,prime,1
1152,1,z:ilp,nat-oop,2242,2015,26.133,0.899,3.934e-16,chain3,0
1152,1,z:ilp,nat-oop,2295,1928,25.527,0.840,3.934e-16,chain3,1
1153,1,z:ilp,nat-oop,6660,12250,8.804,1.839,9.270e-16,prime,0
1153,1,z:ilp,nat-oop,6584,12228,8.905,1.857,9.270e-16,prime,1
1154,1,z:ilp,nat-oop,15242,12993,3.851,0.852,4.447e-16,prime,0
1154,1,z:ilp,nat-oop,15029,12875,3.905,0.857,4.447e-16,prime,1
1155,1,z:ilp,nat-oop,2425,3442,24.223,1.419,3.463e-16,chain3,0
1155,1,z:ilp,nat-oop,2422,3445,24.258,1.423,3.463e-16,chain3,1
1156,1,z:ilp,nat-oop,3077,16125,19.111,5.240,6.233e-16,chain3,0
1156,1,z:ilp,nat-oop,3026,16186,19.435,5.349,6.233e-16,chain3,1
1157,1,z:ilp,nat-oop,15085,19490,3.902,1.292,4.767e-16,prime,0
1157,1,z:ilp,nat-oop,15500,20128,3.798,1.299,4.767e-16,prime,1
1158,1,z:ilp,nat-oop,15124,12378,3.896,0.818,3.929e-16,prime,0
1158,1,z:ilp,nat-oop,15010,12343,3.926,0.822,3.929e-16,prime,1
1159,1,z:ilp,nat-oop,15720,20075,3.752,1.277,4.831e-16,prime,0
1159,1,z:ilp,nat-oop,14985,20193,3.936,1.348,4.831e-16,prime,1
1160,1,z:ilp,nat-oop,3046,11956,19.383,3.925,5.196e-16,chain3,0
1160,1,z:ilp,nat-oop,3036,12383,19.450,4.079,5.196e-16,chain3,1
1161,1,z:ilp,nat-oop,3810,16738,15.513,4.393,5.769e-16,2p,0
1161,1,z:ilp,nat-oop,3766,16780,15.694,4.456,5.769e-16,2p,1
1162,1,z:ilp,nat-oop,18312,16985,3.231,0.927,6.085e-16,prime,0
1162,1,z:ilp,nat-oop,18038,17063,3.280,0.946,6.085e-16,prime,1
1163,1,z:ilp,nat-oop,15212,15447,3.893,1.015,4.750e-16,prime,0
1163,1,z:ilp,nat-oop,15023,15299,3.942,1.018,4.750e-16,prime,1
1164,1,z:ilp,nat-oop,15439,12048,3.839,0.780,4.891e-16,prime,0
1164,1,z:ilp,nat-oop,15002,12089,3.951,0.806,4.891e-16,prime,1
1165,1,z:ilp,nat-oop,16576,15347,3.579,0.926,5.122e-16,prime,0
1165,1,z:ilp,nat-oop,21265,20823,2.790,0.979,5.122e-16,prime,1
1166,1,z:ilp,nat-oop,23415,28728,2.537,1.227,4.953e-16,prime,0
1166,1,z:ilp,nat-oop,15135,28522,3.924,1.884,4.953e-16,prime,1
1167,1,z:ilp,nat-oop,15126,15259,3.930,1.009,5.218e-16,prime,0
1167,1,z:ilp,nat-oop,15038,15317,3.953,1.019,5.218e-16,prime,1
1168,1,z:ilp,nat-oop,15237,12371,3.905,0.812,5.048e-16,prime,0
1168,1,z:ilp,nat-oop,15384,12334,3.868,0.802,5.048e-16,prime,1
1169,1,z:ilp,nat-oop,15205,16583,3.917,1.091,5.484e-16,prime,0
1169,1,z:ilp,nat-oop,16439,17504,3.624,1.065,5.484e-16,prime,1
1170,1,z:ilp,nat-oop,2487,2781,23.978,1.119,5.473e-16,chain3,0
1170,1,z:ilp,nat-oop,2505,3128,23.806,1.249,5.473e-16,chain3,1
1171,1,z:ilp,nat-oop,8117,15389,7.353,1.896,7.814e-16,prime,0
1171,1,z:ilp,nat-oop,8026,15109,7.436,1.882,7.814e-16,prime,1
1172,1,z:ilp,nat-oop,16291,15589,3.667,0.957,5.595e-16,prime,0
1172,1,z:ilp,nat-oop,15766,15507,3.789,0.984,5.595e-16,prime,1
1173,1,z:ilp,nat-oop,3584,18258,16.683,5.094,6.260e-16,chain3,0
1173,1,z:ilp,nat-oop,3581,18067,16.699,5.045,6.260e-16,chain3,1
1174,1,z:ilp,nat-oop,15318,19595,3.908,1.279,6.221e-16,prime,0
1174,1,z:ilp,nat-oop,14998,15897,3.991,1.060,6.221e-16,prime,1
1175,1,z:ilp,nat-oop,4322,19741,13.864,4.568,4.498e-16,2p,0
1175,1,z:ilp,nat-oop,5679,28090,10.550,4.946,4.498e-16,2p,1
1176,1,z:ilp,nat-oop,2996,3264,20.019,1.089,3.739e-16,chain3,0
1176,1,z:ilp,nat-oop,3008,3267,19.940,1.086,3.739e-16,chain3,1
1177,1,z:ilp,nat-oop,21634,25607,2.775,1.184,6.544e-16,prime,0
1177,1,z:ilp,nat-oop,15312,18161,3.921,1.186,6.544e-16,prime,1
1178,1,z:ilp,nat-oop,4585,22052,13.105,4.809,1.207e-15,flat,0
1178,1,z:ilp,nat-oop,4802,22131,12.513,4.608,1.207e-15,flat,1
1179,1,z:ilp,nat-oop,15367,18071,3.914,1.176,4.923e-16,prime,0
1179,1,z:ilp,nat-oop,15199,18658,3.957,1.228,4.923e-16,prime,1
1180,1,z:ilp,nat-oop,15465,15035,3.893,0.972,5.229e-16,prime,0
1180,1,z:ilp,nat-oop,15432,15049,3.901,0.975,5.229e-16,prime,1
1181,1,z:ilp,nat-oop,15172,15172,3.972,1.000,4.982e-16,prime,0
1181,1,z:ilp,nat-oop,15044,15256,4.006,1.014,4.982e-16,prime,1
1182,1,z:ilp,nat-oop,15310,13331,3.940,0.871,5.336e-16,prime,0
1182,1,z:ilp,nat-oop,16359,13247,3.688,0.810,5.336e-16,prime,1
1183,1,z:ilp,nat-oop,2921,5570,20.673,1.907,7.523e-16,chain3,0
1183,1,z:ilp,nat-oop,2953,5789,20.450,1.960,7.523e-16,chain3,1
1184,1,z:ilp,nat-oop,3085,14478,19.590,4.693,3.950e-16,2p,0
1184,1,z:ilp,nat-oop,3091,14452,19.555,4.676,3.950e-16,2p,1
1185,1,z:ilp,nat-oop,15271,16671,3.962,1.092,5.427e-16,prime,0
1185,1,z:ilp,nat-oop,15172,17400,3.988,1.147,5.427e-16,prime,1
1186,1,z:ilp,nat-oop,17849,16028,3.393,0.898,5.457e-16,prime,0
1186,1,z:ilp,nat-oop,14962,15896,4.047,1.062,5.457e-16,prime,1
1187,1,z:ilp,nat-oop,15655,15239,3.872,0.973,6.527e-16,prime,0
1187,1,z:ilp,nat-oop,15564,15344,3.895,0.986,6.527e-16,prime,1
1188,1,z:ilp,nat-oop,2257,3180,26.879,1.409,5.500e-16,chain3,0
1188,1,z:ilp,nat-oop,2286,3255,26.546,1.424,5.500e-16,chain3,1
1189,1,z:ilp,nat-oop,5333,26018,11.388,4.879,1.304e-15,flat,0
1189,1,z:ilp,nat-oop,5345,26272,11.362,4.915,1.304e-15,flat,1
1190,1,z:ilp,nat-oop,2730,9115,22.266,3.339,6.280e-16,chain3,0
1190,1,z:ilp,nat-oop,2696,9139,22.550,3.390,6.280e-16,chain3,1
1191,1,z:ilp,nat-oop,16983,15200,3.583,0.895,5.834e-16,prime,0
1191,1,z:ilp,nat-oop,18116,15778,3.359,0.871,5.834e-16,prime,1
1192,1,z:ilp,nat-oop,15183,15156,4.011,0.998,5.041e-16,prime,0
1192,1,z:ilp,nat-oop,14990,14981,4.063,0.999,5.041e-16,prime,1
1193,1,z:ilp,nat-oop,15744,15059,3.872,0.956,6.040e-16,prime,0
1193,1,z:ilp,nat-oop,15047,16872,4.052,1.121,6.040e-16,prime,1
1194,1,z:ilp,nat-oop,17188,15124,3.550,0.880,4.522e-16,prime,0
1194,1,z:ilp,nat-oop,15537,13721,3.928,0.883,4.522e-16,prime,1
1195,1,z:ilp,nat-oop,18077,15942,3.379,0.882,5.101e-16,prime,0
1195,1,z:ilp,nat-oop,15266,15683,4.001,1.027,5.101e-16,prime,1
1196,1,z:ilp,nat-oop,3334,12667,18.341,3.800,6.678e-16,chain3,0
1196,1,z:ilp,nat-oop,3323,12393,18.397,3.729,6.678e-16,chain3,1
1197,1,z:ilp,nat-oop,3135,9774,19.522,3.118,4.751e-16,chain3,0
1197,1,z:ilp,nat-oop,2950,10518,20.744,3.565,4.751e-16,chain3,1
1198,1,z:ilp,nat-oop,16581,16376,3.694,0.988,6.870e-16,prime,0
1198,1,z:ilp,nat-oop,15024,16458,4.077,1.095,6.870e-16,prime,1
1199,1,z:ilp,nat-oop,15951,15091,3.844,0.946,5.745e-16,prime,0
1199,1,z:ilp,nat-oop,15015,14693,4.084,0.979,5.745e-16,prime,1
1200,1,z:ilp,nat-oop,2869,2047,21.394,0.714,4.026e-16,chain3,0
1200,1,z:ilp,nat-oop,2834,2379,21.658,0.839,4.026e-16,chain3,1
1201,1,z:ilp,nat-oop,10157,13474,6.048,1.327,8.644e-16,prime,0
1201,1,z:ilp,nat-oop,10058,12828,6.108,1.275,8.644e-16,prime,1
1202,1,z:ilp,nat-oop,17075,14354,3.601,0.841,4.799e-16,prime,0
1202,1,z:ilp,nat-oop,21276,19518,2.890,0.917,4.799e-16,prime,1
1203,1,z:ilp,nat-oop,21214,18096,2.901,0.853,4.097e-16,prime,0
1203,1,z:ilp,nat-oop,21229,18132,2.899,0.854,4.097e-16,prime,1
1204,1,z:ilp,nat-oop,4378,16395,14.070,3.744,4.603e-16,chain3,0
1204,1,z:ilp,nat-oop,4347,16452,14.171,3.784,4.603e-16,chain3,1
1205,1,z:ilp,nat-oop,15094,12156,4.085,0.805,5.048e-16,prime,0
1205,1,z:ilp,nat-oop,15020,12210,4.106,0.813,5.048e-16,prime,1
1206,1,z:ilp,nat-oop,15216,24194,4.057,1.590,5.804e-16,prime,0
1206,1,z:ilp,nat-oop,15147,24286,4.075,1.603,5.804e-16,prime,1
1207,1,z:ilp,nat-oop,15033,22582,4.110,1.502,5.615e-16,prime,0
1207,1,z:ilp,nat-oop,15260,22376,4.049,1.466,5.615e-16,prime,1
1208,1,z:ilp,nat-oop,15815,13004,3.910,0.822,5.511e-16,prime,0
1208,1,z:ilp,nat-oop,14972,12927,4.131,0.863,5.511e-16,prime,1
1209,1,z:ilp,nat-oop,3948,15972,15.677,4.045,6.505e-16,chain3,0
1209,1,z:ilp,nat-oop,3921,16036,15.785,4.090,6.505e-16,chain3,1
1210,1,z:ilp,nat-oop,2704,4343,22.914,1.606,3.487e-16,chain3,0
1210,1,z:ilp,nat-oop,2701,4358,22.940,1.613,3.487e-16,chain3,1
1211,1,z:ilp,nat-oop,15942,18992,3.890,1.191,6.178e-16,prime,0
1211,1,z:ilp,nat-oop,15012,19741,4.131,1.315,6.178e-16,prime,1
1212,1,z:ilp,nat-oop,16634,12811,3.732,0.770,3.924e-16,prime,0
1212,1,z:ilp,nat-oop,15285,12748,4.061,0.834,3.924e-16,prime,1
1213,1,z:ilp,nat-oop,15500,18898,4.008,1.219,7.471e-16,prime,0
1213,1,z:ilp,nat-oop,15068,19396,4.123,1.287,7.471e-16,prime,1
1214,1,z:ilp,nat-oop,18530,20625,3.356,1.113,5.991e-16,prime,0
1214,1,z:ilp,nat-oop,17964,21262,3.462,1.184,5.991e-16,prime,1
1215,1,z:ilp,nat-oop,3008,3202,20.693,1.064,3.863e-16,chain3,0
1215,1,z:ilp,nat-oop,3048,3260,20.425,1.070,3.863e-16,chain3,1
1216,1,z:ilp,nat-oop,2388,9662,26.090,4.046,4.294e-16,2p,0
1216,1,z:ilp,nat-oop,2369,10546,26.304,4.452,4.294e-16,2p,1
1217,1,z:ilp,nat-oop,8306,18398,7.508,2.215,7.065e-16,prime,0
1217,1,z:ilp,nat-oop,8348,18941,7.471,2.269,7.065e-16,prime,1
1218,1,z:ilp,nat-oop,3583,12574,17.422,3.509,5.341e-16,chain3,0
1218,1,z:ilp,nat-oop,3526,12737,17.704,3.612,5.341e-16,chain3,1
1219,1,z:ilp,nat-oop,18813,38811,3.321,2.063,5.748e-16,prime,0
1219,1,z:ilp,nat-oop,21222,38744,2.944,1.826,5.748e-16,prime,1
1220,1,z:ilp,nat-oop,21240,19569,2.944,0.921,4.881e-16,prime,0
1220,1,z:ilp,nat-oop,15138,19741,4.131,1.304,4.881e-16,prime,1
1221,1,z:ilp,nat-oop,4730,20939,13.235,4.427,1.798e-15,flat,0
1221,1,z:ilp,nat-oop,4788,21083,13.075,4.404,1.798e-15,flat,1
1222,1,z:ilp,nat-oop,5380,20633,11.647,3.835,2.362e-15,flat,0
1222,1,z:ilp,nat-oop,5371,20685,11.665,3.851,2.362e-15,flat,1
1223,1,z:ilp,nat-oop,15561,18403,4.030,1.183,4.621e-16,prime,0
1223,1,z:ilp,nat-oop,15126,18452,4.146,1.220,4.621e-16,prime,1
1224,1,z:ilp,nat-oop,2777,9036,22.609,3.254,4.941e-16,chain3,0
1224,1,z:ilp,nat-oop,2726,9037,23.032,3.315,4.941e-16,chain3,1
1225,1,z:ilp,nat-oop,2341,3572,26.840,1.526,3.990e-16,chain3,0
1225,1,z:ilp,nat-oop,2655,3694,23.664,1.391,3.990e-16,chain3,1
1226,1,z:ilp,nat-oop,15028,20755,4.185,1.381,5.400e-16,prime,0
1226,1,z:ilp,nat-oop,15231,20568,4.129,1.350,5.400e-16,prime,1
1227,1,z:ilp,nat-oop,14934,16819,4.215,1.126,6.779e-16,prime,0
1227,1,z:ilp,nat-oop,15801,17574,3.984,1.112,6.779e-16,prime,1
1228,1,z:ilp,nat-oop,15489,23094,4.068,1.491,4.749e-16,prime,0
1228,1,z:ilp,nat-oop,15133,23285,4.164,1.539,4.749e-16,prime,1
1229,1,z:ilp,nat-oop,16495,18268,3.824,1.108,4.775e-16,prime,0
1229,1,z:ilp,nat-oop,21830,25945,2.889,1.189,4.775e-16,prime,1
1230,1,z:ilp,nat-oop,5720,25609,11.036,4.477,4.862e-16,chain3,0
1230,1,z:ilp,nat-oop,5706,25599,11.063,4.486,4.862e-16,chain3,1
1231,1,z:ilp,nat-oop,20267,18369,3.118,0.906,9.695e-16,prime,0
1231,1,z:ilp,nat-oop,14549,18388,4.343,1.264,9.695e-16,prime,1
1232,1,z:ilp,nat-oop,2185,3084,28.946,1.411,3.548e-16,chain3,0
1232,1,z:ilp,nat-oop,2185,3048,28.950,1.395,3.548e-16,chain3,1
1233,1,z:ilp,nat-oop,15809,16678,4.004,1.055,4.528e-16,prime,0
1233,1,z:ilp,nat-oop,14992,16058,4.222,1.071,4.528e-16,prime,1
1234,1,z:ilp,nat-oop,15223,20171,4.162,1.325,6.449e-16,prime,0
1234,1,z:ilp,nat-oop,15091,19440,4.198,1.288,6.449e-16,prime,1
1235,1,z:ilp,nat-oop,3277,13076,19.352,3.990,6.335e-16,chain3,0
1235,1,z:ilp,nat-oop,3302,12950,19.207,3.922,6.335e-16,chain3,1
1236,1,z:ilp,nat-oop,15150,18235,4.190,1.204,6.691e-16,prime,0
1236,1,z:ilp,nat-oop,15094,18367,4.205,1.217,6.691e-16,prime,1
1237,1,z:ilp,nat-oop,15345,18632,4.140,1.214,6.671e-16,prime,0
1237,1,z:ilp,nat-oop,15042,18541,4.224,1.233,6.671e-16,prime,1
1238,1,z:ilp,nat-oop,15524,19438,4.096,1.252,5.012e-16,prime,0
1238,1,z:ilp,nat-oop,15231,19623,4.175,1.288,5.012e-16,prime,1
1239,1,z:ilp,nat-oop,15124,16643,4.209,1.100,4.363e-16,prime,0
1239,1,z:ilp,nat-oop,15061,16332,4.226,1.084,4.363e-16,prime,1
1240,1,z:ilp,nat-oop,3334,13304,19.109,3.990,4.526e-16,chain3,0
1240,1,z:ilp,nat-oop,3320,13558,19.189,4.083,4.526e-16,chain3,1
1241,1,z:ilp,nat-oop,15833,21384,4.028,1.351,5.492e-16,prime,0
1241,1,z:ilp,nat-oop,15151,21401,4.209,1.412,5.492e-16,prime,1
1242,1,z:ilp,nat-oop,3268,11332,19.532,3.468,6.103e-16,chain3,0
1242,1,z:ilp,nat-oop,3241,11632,19.692,3.588,6.103e-16,chain3,1
1243,1,z:ilp,nat-oop,15032,20516,4.250,1.365,5.889e-16,prime,0
1243,1,z:ilp,nat-oop,15036,20843,4.249,1.386,5.889e-16,prime,1
1244,1,z:ilp,nat-oop,15259,22875,4.191,1.499,5.679e-16,prime,0
1244,1,z:ilp,nat-oop,15084,25373,4.239,1.682,5.679e-16,prime,1
1245,1,z:ilp,nat-oop,16195,18407,3.952,1.137,5.056e-16,prime,0
1245,1,z:ilp,nat-oop,15428,18212,4.148,1.180,5.056e-16,prime,1
1246,1,z:ilp,nat-oop,16082,17191,3.984,1.069,4.794e-16,prime,0
1246,1,z:ilp,nat-oop,15924,17447,4.023,1.096,4.794e-16,prime,1
1247,1,z:ilp,nat-oop,5664,29622,11.321,5.230,1.483e-15,flat,0
1247,1,z:ilp,nat-oop,5711,28110,11.228,4.922,1.483e-15,flat,1
1248,1,z:ilp,nat-oop,2311,2788,27.775,1.207,5.117e-16,chain3,0
1248,1,z:ilp,nat-oop,2325,2814,27.609,1.210,5.117e-16,chain3,1
1249,1,z:ilp,nat-oop,8745,18336,7.346,2.097,9.983e-16,prime,0
1249,1,z:ilp,nat-oop,8059,18875,7.971,2.342,9.983e-16,prime,1
1250,1,z:ilp,nat-oop,2557,2786,25.146,1.089,5.097e-16,chain3,0
1250,1,z:ilp,nat-oop,2311,2813,27.827,1.217,5.097e-16,chain3,1
1251,1,z:ilp,nat-oop,15457,16201,4.164,1.048,4.968e-16,prime,0
1251,1,z:ilp,nat-oop,15330,16649,4.198,1.086,4.968e-16,prime,1
1252,1,z:ilp,nat-oop,15353,22766,4.196,1.483,7.450e-16,prime,0
1252,1,z:ilp,nat-oop,15069,23178,4.275,1.538,7.450e-16,prime,1
1253,1,z:ilp,nat-oop,15246,17110,4.229,1.122,6.152e-16,prime,0
1253,1,z:ilp,nat-oop,15164,17016,4.252,1.122,6.152e-16,prime,1
1254,1,z:ilp,nat-oop,3167,11372,20.376,3.591,5.043e-16,chain3,0
1254,1,z:ilp,nat-oop,3148,11384,20.497,3.616,5.043e-16,chain3,1
1255,1,z:ilp,nat-oop,15310,14317,4.219,0.935,4.884e-16,prime,0
1255,1,z:ilp,nat-oop,15013,14294,4.302,0.952,4.884e-16,prime,1
1256,1,z:ilp,nat-oop,21302,20282,3.035,0.952,6.168e-16,prime,0
1256,1,z:ilp,nat-oop,21296,19727,3.036,0.926,6.168e-16,prime,1
1257,1,z:ilp,nat-oop,25278,23853,2.560,0.944,6.607e-16,prime,0
1257,1,z:ilp,nat-oop,25516,23704,2.536,0.929,6.607e-16,prime,1
1258,1,z:ilp,nat-oop,5014,24663,12.917,4.919,1.110e-15,flat,0
1258,1,z:ilp,nat-oop,5374,24697,12.053,4.596,1.110e-15,flat,1
1259,1,z:ilp,nat-oop,15197,16145,4.266,1.062,4.959e-16,prime,0
1259,1,z:ilp,nat-oop,15158,16172,4.277,1.067,4.959e-16,prime,1
1260,1,z:ilp,nat-oop,2816,2442,23.040,0.867,4.386e-16,chain3,0
1260,1,z:ilp,nat-oop,2696,2446,24.071,0.908,4.386e-16,chain3,1
1261,1,z:ilp,nat-oop,15218,14217,4.268,0.934,3.880e-16,prime,0
1261,1,z:ilp,nat-oop,15046,14262,4.316,0.948,3.880e-16,prime,1
1262,1,z:ilp,nat-oop,15638,14865,4.157,0.951,4.650e-16,prime,0
1262,1,z:ilp,nat-oop,15354,14902,4.234,0.971,4.650e-16,prime,1
1263,1,z:ilp,nat-oop,16350,16827,3.979,1.029,6.049e-16,prime,0
1263,1,z:ilp,nat-oop,15087,16931,4.312,1.122,6.049e-16,prime,1
1264,1,z:ilp,nat-oop,16795,18419,3.877,1.097,4.570e-16,prime,0
1264,1,z:ilp,nat-oop,15278,19389,4.262,1.269,4.570e-16,prime,1
1265,1,z:ilp,nat-oop,3987,14639,16.347,3.672,8.029e-16,flat,0
1265,1,z:ilp,nat-oop,3927,14694,16.596,3.741,8.029e-16,flat,1
1266,1,z:ilp,nat-oop,15223,16771,4.285,1.102,7.327e-16,prime,0
1266,1,z:ilp,nat-oop,15178,17340,4.298,1.142,7.327e-16,prime,1
1267,1,z:ilp,nat-oop,15271,14322,4.276,0.938,5.995e-16,prime,0
1267,1,z:ilp,nat-oop,15136,14046,4.314,0.928,5.995e-16,prime,1
1268,1,z:ilp,nat-oop,15919,14849,4.106,0.933,4.861e-16,prime,0
1268,1,z:ilp,nat-oop,16603,14418,3.936,0.868,4.861e-16,prime,1
1269,1,z:ilp,nat-oop,4307,18950,15.188,4.400,6.439e-16,2p,0
1269,1,z:ilp,nat-oop,4325,19000,15.124,4.393,6.439e-16,2p,1
1270,1,z:ilp,nat-oop,15152,14915,4.321,0.984,6.414e-16,prime,0
1270,1,z:ilp,nat-oop,15119,15127,4.331,1.001,6.414e-16,prime,1
1271,1,z:ilp,nat-oop,5954,28616,11.007,4.807,1.133e-15,flat,0
1271,1,z:ilp,nat-oop,5927,30267,11.056,5.106,1.133e-15,flat,1
1272,1,z:ilp,nat-oop,16188,21775,4.052,1.345,4.337e-16,prime,0
1272,1,z:ilp,nat-oop,23195,28865,2.828,1.244,4.337e-16,prime,1
1273,1,z:ilp,nat-oop,21478,46975,3.057,2.187,5.568e-16,prime,0
1273,1,z:ilp,nat-oop,21448,46997,3.061,2.191,5.568e-16,prime,1
1274,1,z:ilp,nat-oop,3600,4558,18.253,1.266,5.642e-16,flat,0
1274,1,z:ilp,nat-oop,3575,4565,18.381,1.277,5.642e-16,flat,1
1275,1,z:ilp,nat-oop,3196,11098,20.581,3.473,5.390e-16,chain3,0
1275,1,z:ilp,nat-oop,3111,11237,21.141,3.612,5.390e-16,chain3,1
1276,1,z:ilp,nat-oop,3871,14843,17.006,3.835,4.338e-16,chain3,0
1276,1,z:ilp,nat-oop,3871,14863,17.004,3.840,4.338e-16,chain3,1
1277,1,z:ilp,nat-oop,14152,16575,4.656,1.171,6.620e-16,prime,0
1277,1,z:ilp,nat-oop,13079,16954,5.037,1.296,6.620e-16,prime,1
1278,1,z:ilp,nat-oop,15168,15992,4.347,1.054,4.804e-16,prime,0
1278,1,z:ilp,nat-oop,15020,16095,4.390,1.072,4.804e-16,prime,1
1279,1,z:ilp,nat-oop,17834,16178,3.701,0.907,6.396e-16,prime,0
1279,1,z:ilp,nat-oop,15122,16295,4.365,1.078,6.396e-16,prime,1
1280,1,z:ilp,nat-oop,2083,1689,31.721,0.811,3.785e-16,chain3,0
1280,1,z:ilp,nat-oop,2036,2172,32.447,1.067,3.785e-16,chain3,1
1281,1,z:ilp,nat-oop,15822,14271,4.179,0.902,3.832e-16,prime,0
1281,1,z:ilp,nat-oop,15130,14295,4.370,0.945,3.832e-16,prime,1
1282,1,z:ilp,nat-oop,26259,15026,2.520,0.572,4.969e-16,prime,0
1282,1,z:ilp,nat-oop,16183,13469,4.089,0.832,4.969e-16,prime,1
1283,1,z:ilp,nat-oop,15516,18944,4.269,1.221,5.569e-16,prime,0
1283,1,z:ilp,nat-oop,15017,18900,4.411,1.259,5.569e-16,prime,1
1284,1,z:ilp,nat-oop,15322,18500,4.327,1.207,5.815e-16,prime,0
1284,1,z:ilp,nat-oop,15154,19176,4.375,1.265,5.815e-16,prime,1
1285,1,z:ilp,nat-oop,15429,12827,4.301,0.831,5.695e-16,prime,0
1285,1,z:ilp,nat-oop,15238,13495,4.355,0.886,5.695e-16,prime,1
1286,1,z:ilp,nat-oop,15293,18109,4.343,1.184,6.151e-16,prime,0
1286,1,z:ilp,nat-oop,15106,18126,4.396,1.200,6.151e-16,prime,1
1287,1,z:ilp,nat-oop,3304,5328,20.120,1.613,5.771e-16,chain3,0
1287,1,z:ilp,nat-oop,3137,4938,21.193,1.574,5.771e-16,chain3,1
1288,1,z:ilp,nat-oop,3230,11442,20.597,3.542,4.522e-16,chain3,0
1288,1,z:ilp,nat-oop,3251,11471,20.464,3.528,4.522e-16,chain3,1
1289,1,z:ilp,nat-oop,10907,19716,6.105,1.808,7.083e-16,prime,0
1289,1,z:ilp,nat-oop,10630,19519,6.264,1.836,7.083e-16,prime,1
1290,1,z:ilp,nat-oop,4253,17658,15.671,4.152,5.754e-16,chain3,0
1290,1,z:ilp,nat-oop,4263,17536,15.634,4.114,5.754e-16,chain3,1
1291,1,z:ilp,nat-oop,14615,18906,4.564,1.294,9.238e-16,prime,0
1291,1,z:ilp,nat-oop,15334,19003,4.350,1.239,9.238e-16,prime,1
1292,1,z:ilp,nat-oop,3494,18659,19.109,5.340,6.015e-16,chain3,0
1292,1,z:ilp,nat-oop,3512,18638,19.012,5.307,6.015e-16,chain3,1
1293,1,z:ilp,nat-oop,16974,16914,3.937,0.996,5.807e-16,prime,0
1293,1,z:ilp,nat-oop,15131,17824,4.416,1.178,5.807e-16,prime,1
1294,1,z:ilp,nat-oop,15349,19261,4.358,1.255,6.114e-16,prime,0
1294,1,z:ilp,nat-oop,15218,18282,4.395,1.201,6.114e-16,prime,1
1295,1,z:ilp,nat-oop,5398,23348,12.401,4.325,4.782e-16,chain3,0
1295,1,z:ilp,nat-oop,6717,23421,9.967,3.487,4.782e-16,chain3,1
1296,1,z:ilp,nat-oop,4009,3569,16.715,0.890,5.160e-16,chain3,0
1296,1,z:ilp,nat-oop,3944,3556,16.990,0.902,5.160e-16,chain3,1
1297,1,z:ilp,nat-oop,11901,14343,5.635,1.205,9.936e-16,prime,0
1297,1,z:ilp,nat-oop,11180,14346,5.998,1.283,9.936e-16,prime,1
1298,1,z:ilp,nat-oop,15400,20793,4.358,1.350,5.622e-16,prime,0
1298,1,z:ilp,nat-oop,15152,21637,4.430,1.428,5.622e-16,prime,1
1299,1,z:ilp,nat-oop,15445,15121,4.349,0.979,7.846e-16,prime,0
1299,1,z:ilp,nat-oop,15115,14426,4.445,0.954,7.846e-16,prime,1
1300,1,z:ilp,nat-oop,2556,3049,26.306,1.193,5.419e-16,chain3,0
1300,1,z:ilp,nat-oop,2574,2908,26.121,1.130,5.419e-16,chain3,1
1301,1,z:ilp,nat-oop,13223,18427,5.090,1.394,8.135e-16,prime,0
1301,1,z:ilp,nat-oop,13138,19880,5.122,1.513,8.135e-16,prime,1
1302,1,z:ilp,nat-oop,3918,14404,17.191,3.676,5.717e-16,chain3,0
1302,1,z:ilp,nat-oop,3932,14304,17.128,3.638,5.717e-16,chain3,1
1303,1,z:ilp,nat-oop,12762,18336,5.282,1.437,8.117e-16,prime,0
1303,1,z:ilp,nat-oop,13207,18456,5.105,1.397,8.117e-16,prime,1
1304,1,z:ilp,nat-oop,15924,15409,4.237,0.968,5.317e-16,prime,0
1304,1,z:ilp,nat-oop,21510,19268,3.137,0.896,5.317e-16,prime,1
1305,1,z:ilp,nat-oop,5517,20545,12.242,3.724,5.579e-16,chain3,0
1305,1,z:ilp,nat-oop,5487,20587,12.309,3.752,5.579e-16,chain3,1
1306,1,z:ilp,nat-oop,21862,22446,3.092,1.027,5.514e-16,prime,0
1306,1,z:ilp,nat-oop,15262,19496,4.429,1.277,5.514e-16,prime,1
1307,1,z:ilp,nat-oop,15200,18378,4.451,1.209,5.654e-16,prime,0
1307,1,z:ilp,nat-oop,15141,18632,4.468,1.231,5.654e-16,prime,1
1308,1,z:ilp,nat-oop,15184,14704,4.459,0.968,4.921e-16,prime,0
1308,1,z:ilp,nat-oop,15096,14666,4.485,0.972,4.921e-16,prime,1
1309,1,z:ilp,nat-oop,3288,12713,20.608,3.866,5.589e-16,chain3,0
1309,1,z:ilp,nat-oop,3290,12979,20.600,3.945,5.589e-16,chain3,1
1310,1,z:ilp,nat-oop,17654,18738,3.842,1.061,6.192e-16,prime,0
1310,1,z:ilp,nat-oop,17622,19029,3.849,1.080,6.192e-16,prime,1
1311,1,z:ilp,nat-oop,4194,21007,16.189,5.009,5.598e-16,chain3,0
1311,1,z:ilp,nat-oop,4122,21242,16.468,5.153,5.598e-16,chain3,1
1312,1,z:ilp,nat-oop,3736,17136,18.188,4.587,5.309e-16,2p,0
1312,1,z:ilp,nat-oop,3684,17036,18.445,4.625,5.309e-16,2p,1
1313,1,z:ilp,nat-oop,15920,15100,4.272,0.948,4.332e-16,prime,0
1313,1,z:ilp,nat-oop,15177,15050,4.481,0.992,4.332e-16,prime,1
1314,1,z:ilp,nat-oop,15583,14475,4.368,0.929,5.277e-16,prime,0
1314,1,z:ilp,nat-oop,15069,14486,4.517,0.961,5.277e-16,prime,1
1315,1,z:ilp,nat-oop,16001,18165,4.257,1.135,5.563e-16,prime,0
1315,1,z:ilp,nat-oop,15167,18345,4.492,1.210,5.563e-16,prime,1
1316,1,z:ilp,nat-oop,5004,22321,13.625,4.460,5.556e-16,chain3,0
1316,1,z:ilp,nat-oop,5455,22390,12.498,4.104,5.556e-16,chain3,1
1317,1,z:ilp,nat-oop,15495,18151,4.404,1.171,6.116e-16,prime,0
1317,1,z:ilp,nat-oop,15201,18583,4.489,1.222,6.116e-16,prime,1
1318,1,z:ilp,nat-oop,16090,20817,4.245,1.294,4.778e-16,prime,0
1318,1,z:ilp,nat-oop,15215,19736,4.489,1.297,4.778e-16,prime,1
1319,1,z:ilp,nat-oop,15170,18613,4.506,1.227,6.228e-16,prime,0
1319,1,z:ilp,nat-oop,17857,19188,3.828,1.075,6.228e-16,prime,1
1320,1,z:ilp,nat-oop,2670,3114,25.626,1.166,5.116e-16,chain3,0
1320,1,z:ilp,nat-oop,2653,3106,25.785,1.170,5.116e-16,chain3,1
1321,1,z:ilp,nat-oop,9909,18621,6.911,1.879,6.868e-16,prime,0
1321,1,z:ilp,nat-oop,9818,18694,6.975,1.904,6.868e-16,prime,1
1322,1,z:ilp,nat-oop,15145,19394,4.525,1.281,5.541e-16,prime,0
1322,1,z:ilp,nat-oop,15043,20562,4.556,1.367,5.541e-16,prime,1
1323,1,z:ilp,nat-oop,2814,4633,24.379,1.647,4.616e-16,chain3,0
1323,1,z:ilp,nat-oop,2659,4699,25.797,1.767,4.616e-16,chain3,1
1324,1,z:ilp,nat-oop,15331,22128,4.478,1.443,6.379e-16,prime,0
1324,1,z:ilp,nat-oop,16985,22947,4.042,1.351,6.379e-16,prime,1
1325,1,z:ilp,nat-oop,15366,22224,4.472,1.446,4.121e-16,prime,0
1325,1,z:ilp,nat-oop,15072,23831,4.559,1.581,4.121e-16,prime,1
1326,1,z:ilp,nat-oop,3736,12056,18.407,3.227,7.130e-16,chain3,0
1326,1,z:ilp,nat-oop,3490,12065,19.707,3.457,7.130e-16,chain3,1
1327,1,z:ilp,nat-oop,11250,18506,6.119,1.645,9.333e-16,prime,0
1327,1,z:ilp,nat-oop,10922,18538,6.302,1.697,9.333e-16,prime,1
1328,1,z:ilp,nat-oop,15843,22019,4.348,1.390,5.025e-16,prime,0
1328,1,z:ilp,nat-oop,15213,22619,4.528,1.487,5.025e-16,prime,1
1329,1,z:ilp,nat-oop,18192,18271,3.790,1.004,7.025e-16,prime,0
1329,1,z:ilp,nat-oop,20363,18526,3.386,0.910,7.025e-16,prime,1
1330,1,z:ilp,nat-oop,3106,10492,22.219,3.378,4.068e-16,chain3,0
1330,1,z:ilp,nat-oop,3170,10482,21.767,3.306,4.068e-16,chain3,1
1331,1,z:ilp,nat-oop,3348,6687,20.628,1.997,4.896e-16,chain3,0
1331,1,z:ilp,nat-oop,3336,6714,20.702,2.012,4.896e-16,chain3,1
1332,1,z:ilp,nat-oop,5591,22916,12.364,4.099,5.111e-16,chain3,0
1332,1,z:ilp,nat-oop,5656,22849,12.221,4.039,5.111e-16,chain3,1
1333,1,z:ilp,nat-oop,8866,43513,7.804,4.908,1.541e-15,flat,0
1333,1,z:ilp,nat-oop,6204,43707,11.152,7.045,1.541e-15,flat,1
1334,1,z:ilp,nat-oop,5365,24436,12.907,4.555,1.059e-15,flat,0
1334,1,z:ilp,nat-oop,5592,24300,12.382,4.345,1.059e-15,flat,1
1335,1,z:ilp,nat-oop,16595,18480,4.176,1.114,5.755e-16,prime,0
1335,1,z:ilp,nat-oop,15474,20046,4.479,1.295,5.755e-16,prime,1
1336,1,z:ilp,nat-oop,16951,18612,4.092,1.098,4.971e-16,prime,0
1336,1,z:ilp,nat-oop,16724,18761,4.147,1.122,4.971e-16,prime,1
1337,1,z:ilp,nat-oop,15228,14804,4.559,0.972,5.516e-16,prime,0
1337,1,z:ilp,nat-oop,15073,14834,4.606,0.984,5.516e-16,prime,1
1338,1,z:ilp,nat-oop,15071,19000,4.610,1.261,6.136e-16,prime,0
1338,1,z:ilp,nat-oop,15168,19263,4.581,1.270,6.136e-16,prime,1
1339,1,z:ilp,nat-oop,16741,21086,4.154,1.260,5.123e-16,prime,0
1339,1,z:ilp,nat-oop,15413,21583,4.512,1.400,5.123e-16,prime,1
1340,1,z:ilp,nat-oop,15614,23249,4.458,1.489,5.442e-16,prime,0
1340,1,z:ilp,nat-oop,15397,23835,4.520,1.548,5.442e-16,prime,1
1341,1,z:ilp,nat-oop,16060,17300,4.337,1.077,6.317e-16,prime,0
1341,1,z:ilp,nat-oop,15907,17212,4.379,1.082,6.317e-16,prime,1
1342,1,z:ilp,nat-oop,21871,23206,3.188,1.061,4.909e-16,prime,0
1342,1,z:ilp,nat-oop,21845,23308,3.191,1.067,4.909e-16,prime,1
1343,1,z:ilp,nat-oop,21528,37031,3.241,1.720,5.766e-16,prime,0
1343,1,z:ilp,nat-oop,15188,27066,4.594,1.782,5.766e-16,prime,1
1344,1,z:ilp,nat-oop,2249,2432,31.054,1.082,4.109e-16,2p,0
1344,1,z:ilp,nat-oop,2240,2340,31.180,1.045,4.109e-16,2p,1
1345,1,z:ilp,nat-oop,15358,18347,4.551,1.195,4.650e-16,prime,0
1345,1,z:ilp,nat-oop,15356,18336,4.552,1.194,4.650e-16,prime,1
1346,1,z:ilp,nat-oop,15341,19503,4.560,1.271,5.953e-16,prime,0
1346,1,z:ilp,nat-oop,15221,19854,4.596,1.304,5.953e-16,prime,1
1347,1,z:ilp,nat-oop,15510,18187,4.514,1.173,6.431e-16,prime,0
1347,1,z:ilp,nat-oop,16251,19646,4.308,1.209,6.431e-16,prime,1
1348,1,z:ilp,nat-oop,15318,22187,4.574,1.448,4.818e-16,prime,0
1348,1,z:ilp,nat-oop,15263,22381,4.591,1.466,4.818e-16,prime,1
1349,1,z:ilp,nat-oop,17330,25656,4.047,1.480,6.225e-16,prime,0
1349,1,z:ilp,nat-oop,15123,27360,4.637,1.809,6.225e-16,prime,1
1350,1,z:ilp,nat-oop,2717,2724,25.833,1.003,5.493e-16,chain3,0
1350,1,z:ilp,nat-oop,2718,2732,25.829,1.005,5.493e-16,chain3,1
1351,1,z:ilp,nat-oop,17406,13807,4.036,0.793,6.061e-16,prime,0
1351,1,z:ilp,nat-oop,17509,13811,4.012,0.789,6.061e-16,prime,1
1352,1,z:ilp,nat-oop,3049,5829,23.057,1.912,6.926e-16,chain3,0
1352,1,z:ilp,nat-oop,3036,4969,23.158,1.637,6.926e-16,chain3,1
1353,1,z:ilp,nat-oop,5050,19421,13.935,3.846,5.544e-16,chain3,0
1353,1,z:ilp,nat-oop,5010,19606,14.046,3.914,5.544e-16,chain3,1
1354,1,z:ilp,nat-oop,15351,19003,4.588,1.238,5.525e-16,prime,0
1354,1,z:ilp,nat-oop,15323,19293,4.596,1.259,5.525e-16,prime,1
1355,1,z:ilp,nat-oop,17749,16185,3.971,0.912,5.841e-16,prime,0
1355,1,z:ilp,nat-oop,15258,16227,4.620,1.063,5.841e-16,prime,1
1356,1,z:ilp,nat-oop,15653,21106,4.507,1.348,5.295e-16,prime,0
1356,1,z:ilp,nat-oop,15491,22202,4.554,1.433,5.295e-16,prime,1
1357,1,z:ilp,nat-oop,18707,27659,3.774,1.478,4.921e-16,prime,0
1357,1,z:ilp,nat-oop,20225,28147,3.491,1.392,4.921e-16,prime,1
1358,1,z:ilp,nat-oop,15559,15700,4.542,1.009,4.189e-16,prime,0
1358,1,z:ilp,nat-oop,15631,15636,4.521,1.000,4.189e-16,prime,1
1359,1,z:ilp,nat-oop,15916,15263,4.444,0.959,6.366e-16,prime,0
1359,1,z:ilp,nat-oop,16052,14907,4.406,0.929,6.366e-16,prime,1
1360,1,z:ilp,nat-oop,2727,9945,25.960,3.647,6.227e-16,chain3,0
1360,1,z:ilp,nat-oop,2755,10032,25.693,3.641,6.227e-16,chain3,1
1361,1,z:ilp,nat-oop,10194,18303,6.949,1.795,8.424e-16,prime,0
1361,1,z:ilp,nat-oop,9873,18333,7.175,1.857,8.424e-16,prime,1
1362,1,z:ilp,nat-oop,16492,17137,4.299,1.039,5.399e-16,prime,0
1362,1,z:ilp,nat-oop,16005,17213,4.430,1.075,5.399e-16,prime,1
1363,1,z:ilp,nat-oop,6648,31882,10.673,4.795,9.841e-16,flat,0
1363,1,z:ilp,nat-oop,6449,32512,11.003,5.041,9.841e-16,flat,1
1364,1,z:ilp,nat-oop,4366,18574,16.267,4.254,6.015e-16,chain3,0
1364,1,z:ilp,nat-oop,6078,23638,11.684,3.889,6.015e-16,chain3,1
1365,1,z:ilp,nat-oop,4422,5768,16.073,1.304,4.645e-16,chain3,0
1365,1,z:ilp,nat-oop,4275,5782,16.629,1.353,4.645e-16,chain3,1
1366,1,z:ilp,nat-oop,28811,27472,2.469,0.954,6.173e-16,prime,0
1366,1,z:ilp,nat-oop,21626,27111,3.290,1.254,6.173e-16,prime,1
1367,1,z:ilp,nat-oop,21498,26238,3.312,1.220,5.525e-16,prime,0
1367,1,z:ilp,nat-oop,21430,26241,3.322,1.225,5.525e-16,prime,1
1368,1,z:ilp,nat-oop,3168,10700,22.496,3.378,5.912e-16,chain3,0
1368,1,z:ilp,nat-oop,3089,10688,23.066,3.460,5.912e-16,chain3,1
1369,1,z:ilp,nat-oop,6373,31114,11.191,4.883,1.880e-15,flat,0
1369,1,z:ilp,nat-oop,6355,31235,11.222,4.915,1.880e-15,flat,1
1370,1,z:ilp,nat-oop,15621,18087,4.569,1.158,4.110e-16,prime,0
1370,1,z:ilp,nat-oop,15531,18285,4.596,1.177,4.110e-16,prime,1
1371,1,z:ilp,nat-oop,15166,18543,4.710,1.223,5.947e-16,prime,0
1371,1,z:ilp,nat-oop,15072,18195,4.740,1.207,5.947e-16,prime,1
1372,1,z:ilp,nat-oop,3244,3398,22.042,1.048,4.493e-16,flat,0
1372,1,z:ilp,nat-oop,3576,3678,19.994,1.029,4.493e-16,flat,1
1373,1,z:ilp,nat-oop,16912,18149,4.231,1.073,5.536e-16,prime,0
1373,1,z:ilp,nat-oop,15219,23004,4.702,1.512,5.536e-16,prime,1
1374,1,z:ilp,nat-oop,16293,17317,4.395,1.063,4.235e-16,prime,0
1374,1,z:ilp,nat-oop,15330,17002,4.672,1.109,4.235e-16,prime,1
1375,1,z:ilp,nat-oop,2894,4933,24.770,1.705,4.668e-16,chain3,0
1375,1,z:ilp,nat-oop,2865,4933,25.020,1.722,4.668e-16,chain3,1
1376,1,z:ilp,nat-oop,4095,18882,17.517,4.611,4.908e-16,2p,0
1376,1,z:ilp,nat-oop,4328,18922,16.574,4.372,4.908e-16,2p,1
1377,1,z:ilp,nat-oop,3233,10753,22.207,3.326,6.651e-16,chain3,0
1377,1,z:ilp,nat-oop,3351,11327,21.422,3.380,6.651e-16,chain3,1
1378,1,z:ilp,nat-oop,17576,25670,4.088,1.460,4.551e-16,prime,0
1378,1,z:ilp,nat-oop,17358,25944,4.139,1.495,4.551e-16,prime,1
1379,1,z:ilp,nat-oop,16108,16452,4.464,1.021,5.275e-16,prime,0
1379,1,z:ilp,nat-oop,15118,19025,4.757,1.258,5.275e-16,prime,1
1380,1,z:ilp,nat-oop,3401,12379,21.163,3.640,4.577e-16,chain3,0
1380,1,z:ilp,nat-oop,3406,12165,21.131,3.572,4.577e-16,chain3,1
1381,1,z:ilp,nat-oop,14062,18604,5.122,1.323,9.587e-16,prime,0
1381,1,z:ilp,nat-oop,13239,18318,5.441,1.384,9.587e-16,prime,1
1382,1,z:ilp,nat-oop,15224,18988,4.735,1.247,5.472e-16,prime,0
1382,1,z:ilp,nat-oop,15212,19491,4.739,1.281,5.472e-16,prime,1
1383,1,z:ilp,nat-oop,15566,18403,4.635,1.182,4.924e-16,prime,0
1383,1,z:ilp,nat-oop,15942,18618,4.526,1.168,4.924e-16,prime,1
1384,1,z:ilp,nat-oop,15182,18788,4.756,1.238,6.583e-16,prime,0
1384,1,z:ilp,nat-oop,15369,18944,4.698,1.233,6.583e-16,prime,1
1385,1,z:ilp,nat-oop,16250,18347,4.447,1.129,5.340e-16,prime,0
1385,1,z:ilp,nat-oop,15368,18307,4.703,1.191,5.340e-16,prime,1
1386,1,z:ilp,nat-oop,2914,3913,24.823,1.343,4.645e-16,chain3,0
1386,1,z:ilp,nat-oop,3071,3877,23.550,1.262,4.645e-16,chain3,1
1387,1,z:ilp,nat-oop,15238,23867,4.750,1.566,5.040e-16,prime,0
1387,1,z:ilp,nat-oop,15186,23858,4.767,1.571,5.040e-16,prime,1
1388,1,z:ilp,nat-oop,15606,18518,4.642,1.187,5.808e-16,prime,0
1388,1,z:ilp,nat-oop,15223,18329,4.759,1.204,5.808e-16,prime,1
1389,1,z:ilp,nat-oop,15610,18353,4.645,1.176,4.869e-16,prime,0
1389,1,z:ilp,nat-oop,16930,18772,4.283,1.109,4.869e-16,prime,1
1390,1,z:ilp,nat-oop,15378,17912,4.719,1.165,5.900e-16,prime,0
1390,1,z:ilp,nat-oop,15122,17849,4.799,1.180,5.900e-16,prime,1
1391,1,z:ilp,nat-oop,15317,29389,4.741,1.919,4.467e-16,prime,0
1391,1,z:ilp,nat-oop,15411,31566,4.713,2.048,4.467e-16,prime,1
1392,1,z:ilp,nat-oop,3664,14108,19.838,3.851,4.410e-16,chain3,0
1392,1,z:ilp,nat-oop,3649,14416,19.919,3.951,4.410e-16,chain3,1
1393,1,z:ilp,nat-oop,15633,15855,4.653,1.014,4.749e-16,prime,0
1393,1,z:ilp,nat-oop,17578,16518,4.138,0.940,4.749e-16,prime,1
1394,1,z:ilp,nat-oop,5966,28690,12.203,4.809,2.251e-15,flat,0
1394,1,z:ilp,nat-oop,6061,30310,12.011,5.000,2.251e-15,flat,1
1395,1,z:ilp,nat-oop,4557,15435,15.988,3.387,5.877e-16,chain3,0
1395,1,z:ilp,nat-oop,4285,15579,17.003,3.636,5.877e-16,chain3,1
1396,1,z:ilp,nat-oop,15646,18483,4.661,1.181,5.858e-16,prime,0
1396,1,z:ilp,nat-oop,15089,18360,4.833,1.217,5.858e-16,prime,1
1397,1,z:ilp,nat-oop,15323,18516,4.763,1.208,4.327e-16,prime,0
1397,1,z:ilp,nat-oop,15165,18658,4.813,1.230,4.327e-16,prime,1
1398,1,z:ilp,nat-oop,15260,16975,4.786,1.112,5.820e-16,prime,0
1398,1,z:ilp,nat-oop,15375,17460,4.751,1.136,5.820e-16,prime,1
1399,1,z:ilp,nat-oop,15513,18541,4.712,1.195,5.798e-16,prime,0
1399,1,z:ilp,nat-oop,15693,18468,4.658,1.177,5.798e-16,prime,1
1400,1,z:ilp,nat-oop,2515,2513,29.090,0.999,4.146e-16,chain3,0
1400,1,z:ilp,nat-oop,2825,2648,25.893,0.937,4.146e-16,chain3,1
1401,1,z:ilp,nat-oop,17543,18603,4.174,1.060,6.723e-16,prime,0
1401,1,z:ilp,nat-oop,17736,18424,4.128,1.039,6.723e-16,prime,1
1402,1,z:ilp,nat-oop,15529,18968,4.719,1.221,5.608e-16,prime,0
1402,1,z:ilp,nat-oop,15988,19657,4.583,1.229,5.608e-16,prime,1
1403,1,z:ilp,nat-oop,15283,25842,4.799,1.691,6.089e-16,prime,0
1403,1,z:ilp,nat-oop,15137,25784,4.845,1.703,6.089e-16,prime,1
1404,1,z:ilp,nat-oop,2878,3797,25.504,1.319,6.118e-16,chain3,0
1404,1,z:ilp,nat-oop,2859,3775,25.672,1.320,6.118e-16,chain3,1
1405,1,z:ilp,nat-oop,15345,18220,4.787,1.187,5.553e-16,prime,0
1405,1,z:ilp,nat-oop,15370,20337,4.779,1.323,5.553e-16,prime,1
1406,1,z:ilp,nat-oop,5912,28443,12.435,4.811,2.519e-15,flat,0
1406,1,z:ilp,nat-oop,5844,29347,12.579,5.022,2.519e-15,flat,1
1407,1,z:ilp,nat-oop,18115,26524,4.062,1.464,6.493e-16,prime,0
1407,1,z:ilp,nat-oop,17795,26675,4.135,1.499,6.493e-16,prime,1
1408,1,z:ilp,nat-oop,2559,3174,28.772,1.240,4.044e-16,chain3,0
1408,1,z:ilp,nat-oop,2825,3450,26.064,1.221,4.044e-16,chain3,1
1409,1,z:ilp,nat-oop,8442,18268,8.730,2.164,5.972e-16,prime,0
1409,1,z:ilp,nat-oop,8582,18656,8.588,2.174,5.972e-16,prime,1
1410,1,z:ilp,nat-oop,5390,20448,13.683,3.794,5.116e-16,chain3,0
1410,1,z:ilp,nat-oop,4922,20454,14.984,4.155,5.116e-16,chain3,1
1411,1,z:ilp,nat-oop,15291,28957,4.827,1.894,5.538e-16,prime,0
1411,1,z:ilp,nat-oop,15226,28388,4.848,1.864,5.538e-16,prime,1
1412,1,z:ilp,nat-oop,17824,19267,4.145,1.081,5.528e-16,prime,0
1412,1,z:ilp,nat-oop,18178,18501,4.064,1.018,5.528e-16,prime,1
1413,1,z:ilp,nat-oop,15544,16245,4.756,1.045,4.927e-16,prime,0
1413,1,z:ilp,nat-oop,15524,15872,4.762,1.022,4.927e-16,prime,1
1414,1,z:ilp,nat-oop,16101,16472,4.595,1.023,5.469e-16,prime,0
1414,1,z:ilp,nat-oop,15282,16510,4.842,1.080,5.469e-16,prime,1
1415,1,z:ilp,nat-oop,15274,18672,4.848,1.223,6.752e-16,prime,0
1415,1,z:ilp,nat-oop,15101,19056,4.904,1.262,6.752e-16,prime,1
1416,1,z:ilp,nat-oop,15295,19886,4.846,1.300,8.718e-16,prime,0
1416,1,z:ilp,nat-oop,15274,18303,4.852,1.198,8.718e-16,prime,1
1417,1,z:ilp,nat-oop,15599,17220,4.755,1.104,5.883e-16,prime,0
1417,1,z:ilp,nat-oop,15541,17304,4.773,1.113,5.883e-16,prime,1
1418,1,z:ilp,nat-oop,15970,18909,4.648,1.184,5.425e-16,prime,0
1418,1,z:ilp,nat-oop,15481,18949,4.795,1.224,5.425e-16,prime,1
1419,1,z:ilp,nat-oop,5416,21315,13.717,3.936,4.310e-16,chain3,0
1419,1,z:ilp,nat-oop,5405,21210,13.744,3.924,4.310e-16,chain3,1
1420,1,z:ilp,nat-oop,15344,17646,4.846,1.150,5.959e-16,prime,0
1420,1,z:ilp,nat-oop,17635,17784,4.216,1.008,5.959e-16,prime,1
1421,1,z:ilp,nat-oop,4611,14919,16.139,3.236,5.414e-16,chain3,0
1421,1,z:ilp,nat-oop,4564,14904,16.303,3.265,5.414e-16,chain3,1
1422,1,z:ilp,nat-oop,16270,19837,4.577,1.219,5.102e-16,prime,0
1422,1,z:ilp,nat-oop,15267,19085,4.878,1.250,5.102e-16,prime,1
1423,1,z:ilp,nat-oop,15746,18495,4.733,1.175,5.288e-16,prime,0
1423,1,z:ilp,nat-oop,15239,18422,4.891,1.209,5.288e-16,prime,1
1424,1,z:ilp,nat-oop,15381,20702,4.849,1.346,4.929e-16,prime,0
1424,1,z:ilp,nat-oop,15096,20849,4.941,1.381,4.929e-16,prime,1
1425,1,z:ilp,nat-oop,3623,12103,20.604,3.341,4.850e-16,chain3,0
1425,1,z:ilp,nat-oop,3589,12476,20.796,3.476,4.850e-16,chain3,1
1426,1,z:ilp,nat-oop,6003,27393,12.445,4.563,1.524e-15,flat,0
1426,1,z:ilp,nat-oop,5849,26942,12.772,4.606,1.524e-15,flat,1
1427,1,z:ilp,nat-oop,17968,18455,4.161,1.027,4.972e-16,prime,0
1427,1,z:ilp,nat-oop,17528,20731,4.266,1.183,4.972e-16,prime,1
1428,1,z:ilp,nat-oop,3224,11001,23.211,3.413,5.380e-16,chain3,0
1428,1,z:ilp,nat-oop,3193,10982,23.437,3.440,5.380e-16,chain3,1
1429,1,z:ilp,nat-oop,14011,18416,5.345,1.314,9.238e-16,prime,0
1429,1,z:ilp,nat-oop,13742,18581,5.449,1.352,9.238e-16,prime,1
1430,1,z:ilp,nat-oop,3217,5082,23.296,1.580,5.559e-16,chain3,0
1430,1,z:ilp,nat-oop,3162,5068,23.701,1.603,5.559e-16,chain3,1
1431,1,z:ilp,nat-oop,18330,24870,4.092,1.357,3.772e-16,prime,0
1431,1,z:ilp,nat-oop,18369,24934,4.083,1.357,3.772e-16,prime,1
1432,1,z:ilp,nat-oop,15183,19132,4.944,1.260,5.577e-16,prime,0
1432,1,z:ilp,nat-oop,15236,18966,4.927,1.245,5.577e-16,prime,1
1433,1,z:ilp,nat-oop,15785,19126,4.759,1.212,5.504e-16,prime,0
1433,1,z:ilp,nat-oop,15121,20043,4.968,1.326,5.504e-16,prime,1
1434,1,z:ilp,nat-oop,16693,17404,4.504,1.043,5.402e-16,prime,0
1434,1,z:ilp,nat-oop,15254,17637,4.929,1.156,5.402e-16,prime,1
1435,1,z:ilp,nat-oop,5810,19183,12.951,3.302,4.300e-16,chain3,0
1435,1,z:ilp,nat-oop,5645,19106,13.328,3.384,4.300e-16,chain3,1
1436,1,z:ilp,nat-oop,15303,18450,4.921,1.206,7.886e-16,prime,0
1436,1,z:ilp,nat-oop,17901,18558,4.207,1.037,7.886e-16,prime,1
1437,1,z:ilp,nat-oop,16090,18469,4.684,1.148,5.832e-16,prime,0
1437,1,z:ilp,nat-oop,15644,18494,4.817,1.182,5.832e-16,prime,1
1438,1,z:ilp,nat-oop,15248,19336,4.946,1.268,6.522e-16,prime,0
1438,1,z:ilp,nat-oop,15233,19373,4.951,1.272,6.522e-16,prime,1
1439,1,z:ilp,nat-oop,15934,18620,4.737,1.169,6.288e-16,prime,0
1439,1,z:ilp,nat-oop,15702,18664,4.807,1.189,6.288e-16,prime,1
1440,1,z:ilp,nat-oop,3665,2556,20.610,0.697,5.289e-16,chain3,0
1440,1,z:ilp,nat-oop,3555,2463,21.251,0.693,5.289e-16,chain3,1
1441,1,z:ilp,nat-oop,15741,22447,4.803,1.426,5.453e-16,prime,0
1441,1,z:ilp,nat-oop,15721,23233,4.809,1.478,5.453e-16,prime,1
1442,1,z:ilp,nat-oop,15401,22144,4.913,1.438,5.571e-16,prime,0
1442,1,z:ilp,nat-oop,15305,22502,4.943,1.470,5.571e-16,prime,1
1443,1,z:ilp,nat-oop,5023,18477,15.076,3.679,5.705e-16,chain3,0
1443,1,z:ilp,nat-oop,5029,18514,15.056,3.681,5.705e-16,chain3,1
1444,1,z:ilp,nat-oop,4199,21163,18.049,5.040,5.783e-16,chain3,0
1444,1,z:ilp,nat-oop,4144,21172,18.287,5.109,5.783e-16,chain3,1
1445,1,z:ilp,nat-oop,4229,20988,17.932,4.962,5.755e-16,chain3,0
1445,1,z:ilp,nat-oop,4581,21173,16.555,4.622,5.755e-16,chain3,1
1446,1,z:ilp,nat-oop,15314,14631,4.956,0.955,5.181e-16,prime,0
1446,1,z:ilp,nat-oop,15114,14797,5.022,0.979,5.181e-16,prime,1
1447,1,z:ilp,nat-oop,15404,23245,4.931,1.509,6.605e-16,prime,0
1447,1,z:ilp,nat-oop,26305,37528,2.888,1.427,6.605e-16,prime,1
1448,1,z:ilp,nat-oop,16982,15596,4.476,0.918,4.995e-16,prime,0
1448,1,z:ilp,nat-oop,15942,15738,4.768,0.987,4.995e-16,prime,1
1449,1,z:ilp,nat-oop,3884,13416,19.587,3.454,5.756e-16,chain3,0
1449,1,z:ilp,nat-oop,4044,13928,18.814,3.444,5.756e-16,chain3,1
1450,1,z:ilp,nat-oop,4032,15526,18.882,3.850,4.496e-16,chain3,0
1450,1,z:ilp,nat-oop,4019,14962,18.944,3.723,4.496e-16,chain3,1
1451,1,z:ilp,nat-oop,15972,25377,4.771,1.589,6.044e-16,prime,0
1451,1,z:ilp,nat-oop,13425,24455,5.676,1.822,6.044e-16,prime,1
1452,1,z:ilp,nat-oop,3009,6211,25.346,2.064,3.991e-16,chain3,0
1452,1,z:ilp,nat-oop,3007,6162,25.359,2.049,3.991e-16,chain3,1
1453,1,z:ilp,nat-oop,11472,23265,6.653,2.028,7.898e-16,prime,0
1453,1,z:ilp,nat-oop,10106,23489,7.552,2.324,7.898e-16,prime,1
1454,1,z:ilp,nat-oop,15285,24421,4.997,1.598,4.998e-16,prime,0
1454,1,z:ilp,nat-oop,16534,24931,4.619,1.508,4.998e-16,prime,1
1455,1,z:ilp,nat-oop,15960,16319,4.789,1.023,5.529e-16,prime,0
1455,1,z:ilp,nat-oop,15268,16259,5.006,1.065,5.529e-16,prime,1
1456,1,z:ilp,nat-oop,2670,3629,28.651,1.359,6.281e-16,chain3,0
1456,1,z:ilp,nat-oop,2669,3661,28.662,1.372,6.281e-16,chain3,1
1457,1,z:ilp,nat-oop,7718,34883,9.919,4.520,1.406e-15,flat,0
1457,1,z:ilp,nat-oop,7042,34942,10.871,4.962,1.406e-15,flat,1
1458,1,z:ilp,nat-oop,2849,4067,26.892,1.427,4.910e-16,chain3,0
1458,1,z:ilp,nat-oop,3080,4547,24.873,1.476,4.910e-16,chain3,1
1459,1,z:ilp,nat-oop,15394,18898,4.981,1.228,1.074e-15,prime,0
1459,1,z:ilp,nat-oop,14835,18839,5.169,1.270,1.074e-15,prime,1
1460,1,z:ilp,nat-oop,15321,15861,5.008,1.035,5.104e-16,prime,0
1460,1,z:ilp,nat-oop,15210,15531,5.045,1.021,5.104e-16,prime,1
1461,1,z:ilp,nat-oop,15410,17798,4.984,1.155,5.894e-16,prime,0
1461,1,z:ilp,nat-oop,15305,17710,5.018,1.157,5.894e-16,prime,1
1462,1,z:ilp,nat-oop,6433,31049,11.948,4.827,9.396e-16,flat,0
1462,1,z:ilp,nat-oop,6352,31064,12.100,4.891,9.396e-16,flat,1
1463,1,z:ilp,nat-oop,3898,15009,19.731,3.850,4.632e-16,chain3,0
1463,1,z:ilp,nat-oop,3808,14497,20.200,3.807,4.632e-16,chain3,1
1464,1,z:ilp,nat-oop,15728,15846,4.894,1.007,4.627e-16,prime,0
1464,1,z:ilp,nat-oop,15650,15885,4.919,1.015,4.627e-16,prime,1
1465,1,z:ilp,nat-oop,15256,21130,5.049,1.385,5.674e-16,prime,0
1465,1,z:ilp,nat-oop,15831,20330,4.866,1.284,5.674e-16,prime,1
1466,1,z:ilp,nat-oop,15924,20710,4.841,1.301,5.994e-16,prime,0
1466,1,z:ilp,nat-oop,15580,21156,4.948,1.358,5.994e-16,prime,1
1467,1,z:ilp,nat-oop,15495,19870,4.979,1.282,7.156e-16,prime,0
1467,1,z:ilp,nat-oop,15267,19811,5.054,1.298,7.156e-16,prime,1
1468,1,z:ilp,nat-oop,16070,21519,4.805,1.339,6.946e-16,prime,0
1468,1,z:ilp,nat-oop,22299,29787,3.463,1.336,6.946e-16,prime,1
1469,1,z:ilp,nat-oop,17017,28228,4.541,1.659,6.409e-16,prime,0
1469,1,z:ilp,nat-oop,15432,28190,5.007,1.827,6.409e-16,prime,1
1470,1,z:ilp,nat-oop,2784,3068,27.783,1.102,4.571e-16,chain3,0
1470,1,z:ilp,nat-oop,2830,3243,27.322,1.146,4.571e-16,chain3,1
1471,1,z:ilp,nat-oop,12367,20543,6.258,1.661,1.038e-15,prime,0
1471,1,z:ilp,nat-oop,12167,23351,6.361,1.919,1.038e-15,prime,1
1472,1,z:ilp,nat-oop,3322,13809,23.318,4.157,4.488e-16,2p,0
1472,1,z:ilp,nat-oop,3332,16207,23.247,4.864,4.488e-16,2p,1
1473,1,z:ilp,nat-oop,17963,21338,4.315,1.188,5.754e-16,prime,0
1473,1,z:ilp,nat-oop,16040,20917,4.833,1.304,5.754e-16,prime,1
1474,1,z:ilp,nat-oop,17752,40653,4.370,2.290,6.351e-16,prime,0
1474,1,z:ilp,nat-oop,18465,35162,4.201,1.904,6.351e-16,prime,1
1475,1,z:ilp,nat-oop,18798,20314,4.130,1.081,6.577e-16,prime,0
1475,1,z:ilp,nat-oop,16109,21999,4.819,1.366,6.577e-16,prime,1
1476,1,z:ilp,nat-oop,5182,21176,14.992,4.086,4.871e-16,chain3,0
1476,1,z:ilp,nat-oop,4739,21756,16.396,4.591,4.871e-16,chain3,1
1477,1,z:ilp,nat-oop,15886,20215,4.894,1.272,5.004e-16,prime,0
1477,1,z:ilp,nat-oop,15591,19762,4.987,1.268,5.004e-16,prime,1
1478,1,z:ilp,nat-oop,17231,21577,4.516,1.252,5.525e-16,prime,0
1478,1,z:ilp,nat-oop,15380,22264,5.059,1.448,5.525e-16,prime,1
1479,1,z:ilp,nat-oop,5152,25261,15.114,4.903,6.077e-16,chain3,0
1479,1,z:ilp,nat-oop,5746,27338,13.553,4.758,6.077e-16,chain3,1
1480,1,z:ilp,nat-oop,4301,17845,18.120,4.149,4.147e-16,chain3,0
1480,1,z:ilp,nat-oop,4326,17871,18.014,4.131,4.147e-16,chain3,1
1481,1,z:ilp,nat-oop,16008,20130,4.872,1.258,4.872e-16,prime,0
1481,1,z:ilp,nat-oop,17185,23707,4.538,1.380,4.872e-16,prime,1
1482,1,z:ilp,nat-oop,4615,13498,16.914,2.925,5.984e-16,chain3,0
1482,1,z:ilp,nat-oop,4019,15471,19.422,3.850,5.984e-16,chain3,1
1483,1,z:ilp,nat-oop,13190,19986,5.922,1.515,9.149e-16,prime,0
1483,1,z:ilp,nat-oop,13198,20914,5.918,1.585,9.149e-16,prime,1
1484,1,z:ilp,nat-oop,15264,24231,5.121,1.587,5.887e-16,prime,0
1484,1,z:ilp,nat-oop,15511,25370,5.040,1.636,5.887e-16,prime,1
1485,1,z:ilp,nat-oop,3908,4627,20.019,1.184,4.847e-16,chain3,0
1485,1,z:ilp,nat-oop,3235,4691,24.181,1.450,4.847e-16,chain3,1
1486,1,z:ilp,nat-oop,15395,21035,5.086,1.366,5.522e-16,prime,0
1486,1,z:ilp,nat-oop,15254,22851,5.132,1.498,5.522e-16,prime,1
1487,1,z:ilp,nat-oop,15296,20616,5.122,1.348,6.052e-16,prime,0
1487,1,z:ilp,nat-oop,15359,21923,5.101,1.427,6.052e-16,prime,1
1488,1,z:ilp,nat-oop,3933,16503,19.938,4.196,5.280e-16,chain3,0
1488,1,z:ilp,nat-oop,3944,16410,19.883,4.161,5.280e-16,chain3,1
1489,1,z:ilp,nat-oop,13606,19918,5.768,1.464,9.184e-16,prime,0
1489,1,z:ilp,nat-oop,14722,20111,5.330,1.366,9.184e-16,prime,1
1490,1,z:ilp,nat-oop,16136,21520,4.867,1.334,6.219e-16,prime,0
1490,1,z:ilp,nat-oop,16432,23733,4.779,1.444,6.219e-16,prime,1
1491,1,z:ilp,nat-oop,15450,19416,5.087,1.257,4.920e-16,prime,0
1491,1,z:ilp,nat-oop,15842,20568,4.961,1.298,4.920e-16,prime,1
1492,1,z:ilp,nat-oop,16119,21225,4.879,1.317,5.962e-16,prime,0
1492,1,z:ilp,nat-oop,15368,20920,5.118,1.361,5.962e-16,prime,1
1493,1,z:ilp,nat-oop,15315,20355,5.139,1.329,5.860e-16,prime,0
1493,1,z:ilp,nat-oop,15416,21036,5.106,1.365,5.860e-16,prime,1
1494,1,z:ilp,nat-oop,15660,21005,5.030,1.341,4.790e-16,prime,0
1494,1,z:ilp,nat-oop,17212,21497,4.577,1.249,4.790e-16,prime,1
1495,1,z:ilp,nat-oop,4549,15217,17.329,3.345,6.316e-16,chain3,0
1495,1,z:ilp,nat-oop,4533,15188,17.392,3.351,6.316e-16,chain3,1
1496,1,z:ilp,nat-oop,3591,13539,21.968,3.770,4.555e-16,chain3,0
1496,1,z:ilp,nat-oop,3583,13547,22.016,3.781,4.555e-16,chain3,1
1497,1,z:ilp,nat-oop,17730,20163,4.453,1.137,6.479e-16,prime,0
1497,1,z:ilp,nat-oop,15317,20904,5.154,1.365,6.479e-16,prime,1
1498,1,z:ilp,nat-oop,16132,22044,4.898,1.366,5.691e-16,prime,0
1498,1,z:ilp,nat-oop,16064,21881,4.919,1.362,5.691e-16,prime,1
1499,1,z:ilp,nat-oop,15412,20098,5.131,1.304,7.227e-16,prime,0
1499,1,z:ilp,nat-oop,15333,20410,5.157,1.331,7.227e-16,prime,1
1500,1,z:ilp,nat-oop,2754,2950,28.732,1.071,5.308e-16,chain3,0
1500,1,z:ilp,nat-oop,2716,2907,29.135,1.070,5.308e-16,chain3,1
1501,1,z:ilp,nat-oop,15427,29865,5.133,1.936,6.354e-16,prime,0
1501,1,z:ilp,nat-oop,15548,30710,5.093,1.975,6.354e-16,prime,1
1502,1,z:ilp,nat-oop,16925,17691,4.683,1.045,5.360e-16,prime,0
1502,1,z:ilp,nat-oop,15598,17725,5.081,1.136,5.360e-16,prime,1
1503,1,z:ilp,nat-oop,15659,23590,5.065,1.506,5.728e-16,prime,0
1503,1,z:ilp,nat-oop,15630,23807,5.074,1.523,5.728e-16,prime,1
1504,1,z:ilp,nat-oop,4764,21706,16.662,4.557,4.323e-16,2p,0
1504,1,z:ilp,nat-oop,4715,21854,16.833,4.635,4.323e-16,2p,1
1505,1,z:ilp,nat-oop,6037,22093,13.158,3.660,5.034e-16,chain3,0
1505,1,z:ilp,nat-oop,6047,21944,13.136,3.629,5.034e-16,chain3,1
1506,1,z:ilp,nat-oop,15325,17305,5.187,1.129,5.037e-16,prime,0
1506,1,z:ilp,nat-oop,15236,17264,5.217,1.133,5.037e-16,prime,1
1507,1,z:ilp,nat-oop,15327,21899,5.190,1.429,5.270e-16,prime,0
1507,1,z:ilp,nat-oop,15365,21443,5.177,1.396,5.270e-16,prime,1
1508,1,z:ilp,nat-oop,4880,17429,16.314,3.572,5.537e-16,chain3,0
1508,1,z:ilp,nat-oop,4710,17284,16.903,3.670,5.537e-16,chain3,1
1509,1,z:ilp,nat-oop,15272,18159,5.217,1.189,5.535e-16,prime,0
1509,1,z:ilp,nat-oop,16373,18119,4.866,1.107,5.535e-16,prime,1
1510,1,z:ilp,nat-oop,16346,16411,4.878,1.004,5.131e-16,prime,0
1510,1,z:ilp,nat-oop,15802,16350,5.046,1.035,5.131e-16,prime,1
1511,1,z:ilp,nat-oop,15795,20247,5.052,1.282,6.889e-16,prime,0
1511,1,z:ilp,nat-oop,15728,21287,5.073,1.353,6.889e-16,prime,1
1512,1,z:ilp,nat-oop,3104,3035,25.727,0.978,4.409e-16,chain3,0
1512,1,z:ilp,nat-oop,3096,4225,25.790,1.365,4.409e-16,chain3,1
1513,1,z:ilp,nat-oop,17072,29243,4.681,1.713,6.777e-16,prime,0
1513,1,z:ilp,nat-oop,21878,41407,3.653,1.893,6.777e-16,prime,1
1514,1,z:ilp,nat-oop,24996,26872,3.199,1.075,5.758e-16,prime,0
1514,1,z:ilp,nat-oop,24988,26989,3.200,1.080,5.758e-16,prime,1
1515,1,z:ilp,nat-oop,15476,17180,5.171,1.110,5.864e-16,prime,0
1515,1,z:ilp,nat-oop,15582,17248,5.136,1.107,5.864e-16,prime,1
1516,1,z:ilp,nat-oop,18061,19012,4.434,1.053,6.031e-16,prime,0
1516,1,z:ilp,nat-oop,18117,16987,4.421,0.938,6.031e-16,prime,1
1517,1,z:ilp,nat-oop,7450,37446,10.759,5.026,2.034e-15,flat,0
1517,1,z:ilp,nat-oop,7391,38313,10.844,5.184,2.034e-15,flat,1
1518,1,z:ilp,nat-oop,4287,15313,18.711,3.572,4.168e-16,chain3,0
1518,1,z:ilp,nat-oop,4310,15393,18.610,3.571,4.168e-16,chain3,1
1519,1,z:ilp,nat-oop,5258,16700,15.267,3.176,5.768e-16,chain3,0
1519,1,z:ilp,nat-oop,5173,16639,15.517,3.216,5.768e-16,chain3,1
1520,1,z:ilp,nat-oop,3222,11797,24.933,3.662,4.424e-16,chain3,0
1520,1,z:ilp,nat-oop,3233,11824,24.850,3.658,4.424e-16,chain3,1
1521,1,z:ilp,nat-oop,3771,5790,21.316,1.535,7.540e-16,chain3,0
1521,1,z:ilp,nat-oop,4030,5807,19.949,1.441,7.540e-16,chain3,1
1522,1,z:ilp,nat-oop,19750,19349,4.073,0.980,5.066e-16,prime,0
1522,1,z:ilp,nat-oop,15295,19957,5.260,1.305,5.066e-16,prime,1
1523,1,z:ilp,nat-oop,15235,19720,5.285,1.294,7.001e-16,prime,0
1523,1,z:ilp,nat-oop,15249,21266,5.280,1.395,7.001e-16,prime,1
1524,1,z:ilp,nat-oop,15385,20455,5.237,1.330,5.390e-16,prime,0
1524,1,z:ilp,nat-oop,16132,20245,4.995,1.255,5.390e-16,prime,1
1525,1,z:ilp,nat-oop,16204,17006,4.976,1.049,4.479e-16,prime,0
1525,1,z:ilp,nat-oop,15824,17032,5.095,1.076,4.479e-16,prime,1
1526,1,z:ilp,nat-oop,15220,17974,5.302,1.181,4.560e-16,prime,0
1526,1,z:ilp,nat-oop,15302,18054,5.273,1.180,4.560e-16,prime,1
1527,1,z:ilp,nat-oop,15593,17886,5.179,1.147,5.471e-16,prime,0
1527,1,z:ilp,nat-oop,16731,19513,4.826,1.166,5.471e-16,prime,1
1528,1,z:ilp,nat-oop,21662,23474,3.730,1.084,3.756e-16,prime,0
1528,1,z:ilp,nat-oop,21566,27177,3.747,1.260,3.756e-16,prime,1
1529,1,z:ilp,nat-oop,22814,36810,3.545,1.613,4.609e-16,prime,0
1529,1,z:ilp,nat-oop,16101,26392,5.023,1.639,4.609e-16,prime,1
1530,1,z:ilp,nat-oop,3619,11474,22.362,3.170,5.004e-16,chain3,0
1530,1,z:ilp,nat-oop,3615,11474,22.389,3.174,5.004e-16,chain3,1
1531,1,z:ilp,nat-oop,11599,19918,6.983,1.717,7.723e-16,prime,0
1531,1,z:ilp,nat-oop,11977,19870,6.762,1.659,7.723e-16,prime,1
1532,1,z:ilp,nat-oop,15426,16947,5.254,1.099,6.577e-16,prime,0
1532,1,z:ilp,nat-oop,15268,17253,5.309,1.130,6.577e-16,prime,1
1533,1,z:ilp,nat-oop,15652,16916,5.182,1.081,4.996e-16,prime,0
1533,1,z:ilp,nat-oop,17421,17117,4.656,0.983,4.996e-16,prime,1
1534,1,z:ilp,nat-oop,15898,21758,5.106,1.369,6.752e-16,prime,0
1534,1,z:ilp,nat-oop,15140,21631,5.361,1.429,6.752e-16,prime,1
1535,1,z:ilp,nat-oop,15549,30642,5.224,1.971,5.624e-16,prime,0
1535,1,z:ilp,nat-oop,15551,31822,5.224,2.046,5.624e-16,prime,1
1536,1,z:ilp,nat-oop,2704,2271,30.060,0.840,4.238e-16,chain3,0
1536,1,z:ilp,nat-oop,2721,2683,29.878,0.986,4.238e-16,chain3,1
1537,1,z:ilp,nat-oop,17577,38300,4.628,2.179,4.512e-16,prime,0
1537,1,z:ilp,nat-oop,17267,39993,4.711,2.316,4.512e-16,prime,1
1538,1,z:ilp,nat-oop,18377,22943,4.430,1.248,5.032e-16,prime,0
1538,1,z:ilp,nat-oop,21529,22933,3.782,1.065,5.032e-16,prime,1
1539,1,z:ilp,nat-oop,5325,17984,15.301,3.377,5.357e-16,chain3,0
1539,1,z:ilp,nat-oop,5421,18003,15.028,3.321,5.357e-16,chain3,1
1540,1,z:ilp,nat-oop,3611,3973,22.576,1.100,4.202e-16,flat,0
1540,1,z:ilp,nat-oop,3624,3952,22.497,1.090,4.202e-16,flat,1
1541,1,z:ilp,nat-oop,15294,38488,5.335,2.516,6.332e-16,prime,0
1541,1,z:ilp,nat-oop,15179,38843,5.375,2.559,6.332e-16,prime,1
1542,1,z:ilp,nat-oop,15229,16367,5.362,1.075,6.028e-16,prime,0
1542,1,z:ilp,nat-oop,15195,16420,5.374,1.081,6.028e-16,prime,1
1543,1,z:ilp,nat-oop,15573,31544,5.247,2.026,4.693e-16,prime,0
1543,1,z:ilp,nat-oop,15565,31957,5.250,2.053,4.693e-16,prime,1
1544,1,z:ilp,nat-oop,16834,15321,4.858,0.910,5.555e-16,prime,0
1544,1,z:ilp,nat-oop,15240,16334,5.366,1.072,5.555e-16,prime,1
1545,1,z:ilp,nat-oop,15380,23692,5.321,1.540,4.965e-16,prime,0
1545,1,z:ilp,nat-oop,15417,24168,5.308,1.568,4.965e-16,prime,1
1546,1,z:ilp,nat-oop,16424,22486,4.986,1.369,6.805e-16,prime,0
1546,1,z:ilp,nat-oop,16120,21568,5.080,1.338,6.805e-16,prime,1
1547,1,z:ilp,nat-oop,5018,15795,16.331,3.147,7.519e-16,chain3,0
1547,1,z:ilp,nat-oop,4024,15735,20.367,3.910,7.519e-16,chain3,1
1548,1,z:ilp,nat-oop,5073,21110,16.166,4.161,5.394e-16,chain3,0
1548,1,z:ilp,nat-oop,5083,21154,16.136,4.162,5.394e-16,chain3,1
1549,1,z:ilp,nat-oop,15289,31722,5.368,2.075,3.965e-16,prime,0
1549,1,z:ilp,nat-oop,15364,31923,5.342,2.078,3.965e-16,prime,1
1550,1,z:ilp,nat-oop,4462,16580,18.406,3.715,5.525e-16,chain3,0
1550,1,z:ilp,nat-oop,4428,16588,18.549,3.746,5.525e-16,chain3,1
1551,1,z:ilp,nat-oop,6164,26452,13.334,4.291,4.629e-16,chain3,0
1551,1,z:ilp,nat-oop,6351,26620,12.941,4.191,4.629e-16,chain3,1
1552,1,z:ilp,nat-oop,16927,18115,4.860,1.070,5.671e-16,prime,0
1552,1,z:ilp,nat-oop,21817,22734,3.770,1.042,5.671e-16,prime,1
1553,1,z:ilp,nat-oop,21779,45836,3.780,2.105,5.110e-16,prime,0
1553,1,z:ilp,nat-oop,21792,45046,3.777,2.067,5.110e-16,prime,1
1554,1,z:ilp,nat-oop,5020,20209,16.410,4.026,5.221e-16,chain3,0
1554,1,z:ilp,nat-oop,5004,20176,16.461,4.032,5.221e-16,chain3,1
1555,1,z:ilp,nat-oop,15288,30559,5.392,1.999,6.204e-16,prime,0
1555,1,z:ilp,nat-oop,15267,31952,5.399,2.093,6.204e-16,prime,1
1556,1,z:ilp,nat-oop,17098,20296,4.825,1.187,4.664e-16,prime,0
1556,1,z:ilp,nat-oop,15584,20499,5.294,1.315,4.664e-16,prime,1
1557,1,z:ilp,nat-oop,17829,21544,4.631,1.208,5.879e-16,prime,0
1557,1,z:ilp,nat-oop,21992,21871,3.754,0.994,5.879e-16,prime,1
1558,1,z:ilp,nat-oop,7014,32809,11.779,4.678,2.771e-15,flat,0
1558,1,z:ilp,nat-oop,7127,32757,11.592,4.596,2.771e-15,flat,1
1559,1,z:ilp,nat-oop,15438,31709,5.355,2.054,5.657e-16,prime,0
1559,1,z:ilp,nat-oop,15230,34401,5.428,2.259,5.657e-16,prime,1
1560,1,z:ilp,nat-oop,3093,3528,26.752,1.141,6.293e-16,chain3,0
1560,1,z:ilp,nat-oop,3074,3561,26.915,1.158,6.293e-16,chain3,1
1561,1,z:ilp,nat-oop,15239,21988,5.433,1.443,5.733e-16,prime,0
1561,1,z:ilp,nat-oop,15201,24469,5.447,1.610,5.733e-16,prime,1
1562,1,z:ilp,nat-oop,15238,23444,5.438,1.539,5.996e-16,prime,0
1562,1,z:ilp,nat-oop,15354,24569,5.397,1.600,5.996e-16,prime,1
1563,1,z:ilp,nat-oop,15462,22404,5.363,1.449,5.007e-16,prime,0
1563,1,z:ilp,nat-oop,15450,22960,5.367,1.486,5.007e-16,prime,1
1564,1,z:ilp,nat-oop,5006,24502,16.577,4.895,6.200e-16,chain3,0
1564,1,z:ilp,nat-oop,4670,24540,17.769,5.255,6.200e-16,chain3,1
1565,1,z:ilp,nat-oop,15288,29131,5.432,1.905,5.597e-16,prime,0
1565,1,z:ilp,nat-oop,15443,29579,5.377,1.915,5.597e-16,prime,1
1566,1,z:ilp,nat-oop,4588,16226,18.112,3.536,4.668e-16,chain3,0
1566,1,z:ilp,nat-oop,4568,16445,18.193,3.600,4.668e-16,chain3,1
1567,1,z:ilp,nat-oop,16248,20279,5.118,1.248,1.042e-15,prime,0
1567,1,z:ilp,nat-oop,15242,21356,5.456,1.401,1.042e-15,prime,1
1568,1,z:ilp,nat-oop,2509,2995,33.170,1.194,4.782e-16,chain3,0
1568,1,z:ilp,nat-oop,2499,3312,33.298,1.325,4.782e-16,chain3,1
1569,1,z:ilp,nat-oop,15810,23543,5.267,1.489,5.933e-16,prime,0
1569,1,z:ilp,nat-oop,23069,28930,3.610,1.254,5.933e-16,prime,1
1570,1,z:ilp,nat-oop,17221,17564,4.839,1.020,5.237e-16,prime,0
1570,1,z:ilp,nat-oop,15626,17829,5.333,1.141,5.237e-16,prime,1
1571,1,z:ilp,nat-oop,32147,20291,2.594,0.631,5.895e-16,prime,0
1571,1,z:ilp,nat-oop,16986,20625,4.910,1.214,5.895e-16,prime,1
1572,1,z:ilp,nat-oop,16167,22961,5.162,1.420,5.049e-16,prime,0
1572,1,z:ilp,nat-oop,15420,23544,5.412,1.527,5.049e-16,prime,1
1573,1,z:ilp,nat-oop,4106,7692,20.343,1.874,6.593e-16,chain3,0
1573,1,z:ilp,nat-oop,4083,7679,20.456,1.881,6.593e-16,chain3,1
1574,1,z:ilp,nat-oop,18320,21142,4.562,1.154,5.615e-16,prime,0
1574,1,z:ilp,nat-oop,18114,21320,4.614,1.177,5.615e-16,prime,1
1575,1,z:ilp,nat-oop,3647,4527,22.932,1.241,5.763e-16,chain3,0
1575,1,z:ilp,nat-oop,3632,4630,23.029,1.275,5.763e-16,chain3,1
1576,1,z:ilp,nat-oop,18384,18634,4.553,1.014,4.555e-16,prime,0
1576,1,z:ilp,nat-oop,15324,17790,5.462,1.161,4.555e-16,prime,1
1577,1,z:ilp,nat-oop,15522,32782,5.396,2.112,6.150e-16,prime,0
1577,1,z:ilp,nat-oop,17404,33472,4.813,1.923,6.150e-16,prime,1
1578,1,z:ilp,nat-oop,16688,22387,5.023,1.342,8.473e-16,prime,0
1578,1,z:ilp,nat-oop,15222,22826,5.507,1.500,8.473e-16,prime,1
1579,1,z:ilp,nat-oop,15526,20980,5.403,1.351,4.590e-16,prime,0
1579,1,z:ilp,nat-oop,15430,21133,5.436,1.370,4.590e-16,prime,1
1580,1,z:ilp,nat-oop,15629,21068,5.371,1.348,4.477e-16,prime,0
1580,1,z:ilp,nat-oop,15670,21009,5.357,1.341,4.477e-16,prime,1
1581,1,z:ilp,nat-oop,5547,29056,15.145,5.239,5.006e-16,chain3,0
1581,1,z:ilp,nat-oop,5554,29053,15.125,5.231,5.006e-16,chain3,1
1582,1,z:ilp,nat-oop,15295,25043,5.496,1.637,5.065e-16,prime,0
1582,1,z:ilp,nat-oop,15234,25438,5.518,1.670,5.065e-16,prime,1
1583,1,z:ilp,nat-oop,15290,20873,5.502,1.365,5.085e-16,prime,0
1583,1,z:ilp,nat-oop,15323,21264,5.490,1.388,5.085e-16,prime,1
1584,1,z:ilp,nat-oop,2868,4302,29.351,1.500,4.464e-16,chain3,0
1584,1,z:ilp,nat-oop,2863,4135,29.400,1.444,4.464e-16,chain3,1
1585,1,z:ilp,nat-oop,15467,17741,5.447,1.147,6.136e-16,prime,0
1585,1,z:ilp,nat-oop,15343,18510,5.491,1.206,6.136e-16,prime,1
1586,1,z:ilp,nat-oop,15552,19309,5.421,1.242,5.414e-16,prime,0
1586,1,z:ilp,nat-oop,15254,19747,5.527,1.295,5.414e-16,prime,1
1587,1,z:ilp,nat-oop,5894,27520,14.313,4.669,1.377e-15,flat,0
1587,1,z:ilp,nat-oop,5931,28854,14.224,4.865,1.377e-15,flat,1
1588,1,z:ilp,nat-oop,15399,20408,5.482,1.325,6.635e-16,prime,0
1588,1,z:ilp,nat-oop,15356,20549,5.498,1.338,6.635e-16,prime,1
1589,1,z:ilp,nat-oop,15403,20410,5.485,1.325,5.760e-16,prime,0
1589,1,z:ilp,nat-oop,15229,20072,5.548,1.318,5.760e-16,prime,1
1590,1,z:ilp,nat-oop,17685,23833,4.781,1.348,4.141e-16,prime,0
1590,1,z:ilp,nat-oop,17473,24056,4.839,1.377,4.141e-16,prime,1
1591,1,z:ilp,nat-oop,8020,40557,10.549,5.057,1.743e-15,flat,0
1591,1,z:ilp,nat-oop,7893,38868,10.719,4.924,1.743e-15,flat,1
1592,1,z:ilp,nat-oop,17559,17813,4.822,1.014,5.752e-16,prime,0
1592,1,z:ilp,nat-oop,17462,19014,4.849,1.089,5.752e-16,prime,1
1593,1,z:ilp,nat-oop,17530,22100,4.833,1.261,6.769e-16,prime,0
1593,1,z:ilp,nat-oop,17496,21589,4.843,1.234,6.769e-16,prime,1
1594,1,z:ilp,nat-oop,17774,21957,4.770,1.235,6.503e-16,prime,0
1594,1,z:ilp,nat-oop,17721,23150,4.785,1.306,6.503e-16,prime,1
1595,1,z:ilp,nat-oop,7348,26318,11.547,3.582,3.898e-16,chain3,0
1595,1,z:ilp,nat-oop,7324,26244,11.585,3.583,3.898e-16,chain3,1
1596,1,z:ilp,nat-oop,5422,18911,15.660,3.488,4.222e-16,chain3,0
1596,1,z:ilp,nat-oop,3842,13324,22.102,3.468,4.222e-16,chain3,1
1597,1,z:ilp,nat-oop,15462,21195,5.495,1.371,5.807e-16,prime,0
1597,1,z:ilp,nat-oop,15301,21993,5.553,1.437,5.807e-16,prime,1
1598,1,z:ilp,nat-oop,7242,33610,11.741,4.641,3.492e-15,flat,0
1598,1,z:ilp,nat-oop,7381,35568,11.520,4.819,3.492e-15,flat,1
1599,1,z:ilp,nat-oop,6321,23079,13.462,3.651,5.531e-16,chain3,0
1599,1,z:ilp,nat-oop,5996,23073,14.192,3.848,5.531e-16,chain3,1
1600,1,z:ilp,nat-oop,2757,2756,30.891,1.000,3.381e-16,2p,0
1600,1,z:ilp,nat-oop,2692,2794,31.627,1.038,3.381e-16,2p,1
1601,1,z:ilp,nat-oop,12547,17085,6.791,1.362,7.747e-16,prime,0
1601,1,z:ilp,nat-oop,12773,17308,6.671,1.355,7.747e-16,prime,1
1602,1,z:ilp,nat-oop,16843,22520,5.063,1.337,4.578e-16,prime,0
1602,1,z:ilp,nat-oop,15312,21619,5.569,1.412,4.578e-16,prime,1
1603,1,z:ilp,nat-oop,16380,20100,5.209,1.227,5.224e-16,prime,0
1603,1,z:ilp,nat-oop,15443,20745,5.526,1.343,5.224e-16,prime,1
1604,1,z:ilp,nat-oop,15526,17065,5.500,1.099,4.034e-16,prime,0
1604,1,z:ilp,nat-oop,15561,17997,5.488,1.157,4.034e-16,prime,1
1605,1,z:ilp,nat-oop,17651,24546,4.841,1.391,5.756e-16,prime,0
1605,1,z:ilp,nat-oop,17538,24472,4.873,1.395,5.756e-16,prime,1
1606,1,z:ilp,nat-oop,17670,21444,4.839,1.214,6.499e-16,prime,0
1606,1,z:ilp,nat-oop,17640,21233,4.848,1.204,6.499e-16,prime,1
1607,1,z:ilp,nat-oop,22172,24159,3.860,1.090,5.844e-16,prime,0
1607,1,z:ilp,nat-oop,17595,24202,4.864,1.376,5.844e-16,prime,1
1608,1,z:ilp,nat-oop,19567,27892,4.376,1.425,6.407e-16,prime,0
1608,1,z:ilp,nat-oop,21762,28739,3.935,1.321,6.407e-16,prime,1
1609,1,z:ilp,nat-oop,15716,24329,5.453,1.548,6.632e-16,prime,0
1609,1,z:ilp,nat-oop,16232,26094,5.280,1.608,6.632e-16,prime,1
1610,1,z:ilp,nat-oop,4019,14369,21.337,3.575,4.672e-16,chain3,0
1610,1,z:ilp,nat-oop,4065,14420,21.095,3.547,4.672e-16,chain3,1
1611,1,z:ilp,nat-oop,17073,27755,5.026,1.626,6.455e-16,prime,0
1611,1,z:ilp,nat-oop,15823,32167,5.424,2.033,6.455e-16,prime,1
1612,1,z:ilp,nat-oop,5497,19481,15.621,3.544,6.548e-16,chain3,0
1612,1,z:ilp,nat-oop,6323,19748,13.582,3.123,6.548e-16,chain3,1
1613,1,z:ilp,nat-oop,15878,24462,5.412,1.541,5.042e-16,prime,0
1613,1,z:ilp,nat-oop,17174,24928,5.004,1.451,5.042e-16,prime,1
1614,1,z:ilp,nat-oop,15222,22112,5.650,1.453,6.416e-16,prime,0
1614,1,z:ilp,nat-oop,16499,24670,5.212,1.495,6.416e-16,prime,1
1615,1,z:ilp,nat-oop,4661,25134,18.462,5.392,6.144e-16,chain3,0
1615,1,z:ilp,nat-oop,4624,25833,18.612,5.587,6.144e-16,chain3,1
1616,1,z:ilp,nat-oop,21798,25412,3.951,1.166,4.936e-16,prime,0
1616,1,z:ilp,nat-oop,21705,25486,3.968,1.174,4.936e-16,prime,1
1617,1,z:ilp,nat-oop,4945,7907,17.428,1.599,5.510e-16,chain3,0
1617,1,z:ilp,nat-oop,4966,7934,17.353,1.598,5.510e-16,chain3,1
1618,1,z:ilp,nat-oop,15391,23519,5.603,1.528,5.604e-16,prime,0
1618,1,z:ilp,nat-oop,16358,24010,5.272,1.468,5.604e-16,prime,1
1619,1,z:ilp,nat-oop,17146,24192,5.033,1.411,7.939e-16,prime,0
1619,1,z:ilp,nat-oop,16197,26325,5.328,1.625,7.939e-16,prime,1
1620,1,z:ilp,nat-oop,3401,3276,25.391,0.963,5.755e-16,chain3,0
1620,1,z:ilp,nat-oop,3373,3293,25.600,0.976,5.755e-16,chain3,1
1621,1,z:ilp,nat-oop,15441,18436,5.597,1.194,4.739e-16,prime,0
1621,1,z:ilp,nat-oop,16848,18989,5.129,1.127,4.739e-16,prime,1
1622,1,z:ilp,nat-oop,17737,22611,4.876,1.275,6.184e-16,prime,0
1622,1,z:ilp,nat-oop,16156,19737,5.353,1.222,6.184e-16,prime,1
1623,1,z:ilp,nat-oop,15840,18670,5.464,1.179,4.234e-16,prime,0
1623,1,z:ilp,nat-oop,16477,18681,5.252,1.134,4.234e-16,prime,1
1624,1,z:ilp,nat-oop,4551,16580,19.030,3.643,4.519e-16,chain3,0
1624,1,z:ilp,nat-oop,4515,17354,19.180,3.843,4.519e-16,chain3,1
1625,1,z:ilp,nat-oop,3510,6042,24.690,1.721,5.966e-16,chain3,0
1625,1,z:ilp,nat-oop,3509,5954,24.698,1.697,5.966e-16,chain3,1
1626,1,z:ilp,nat-oop,15280,18768,5.676,1.228,5.544e-16,prime,0
1626,1,z:ilp,nat-oop,15261,19111,5.683,1.252,5.544e-16,prime,1
1627,1,z:ilp,nat-oop,16478,31843,5.267,1.933,5.283e-16,prime,0
1627,1,z:ilp,nat-oop,15889,33192,5.462,2.089,5.283e-16,prime,1
1628,1,z:ilp,nat-oop,5575,23940,15.577,4.294,3.898e-16,chain3,0
1628,1,z:ilp,nat-oop,6219,22208,13.965,3.571,3.898e-16,chain3,1
1629,1,z:ilp,nat-oop,25615,26071,3.393,1.018,6.404e-16,prime,0
1629,1,z:ilp,nat-oop,24921,26088,3.487,1.047,6.404e-16,prime,1
1630,1,z:ilp,nat-oop,21815,28646,3.986,1.313,5.928e-16,prime,0
1630,1,z:ilp,nat-oop,15250,19949,5.702,1.308,5.928e-16,prime,1
1631,1,z:ilp,nat-oop,15443,20560,5.635,1.331,6.565e-16,prime,0
1631,1,z:ilp,nat-oop,18021,20670,4.829,1.147,6.565e-16,prime,1
1632,1,z:ilp,nat-oop,3537,11940,24.624,3.376,5.178e-16,chain3,0
1632,1,z:ilp,nat-oop,3555,11946,24.494,3.360,5.178e-16,chain3,1
1633,1,z:ilp,nat-oop,20126,36235,4.330,1.800,6.351e-16,prime,0
1633,1,z:ilp,nat-oop,17997,36182,4.842,2.010,6.351e-16,prime,1
1634,1,z:ilp,nat-oop,7476,40015,11.666,5.353,2.310e-15,flat,0
1634,1,z:ilp,nat-oop,7297,41597,11.951,5.701,2.310e-15,flat,1
1635,1,z:ilp,nat-oop,17599,18917,4.959,1.075,5.538e-16,prime,0
1635,1,z:ilp,nat-oop,22064,19824,3.955,0.899,5.538e-16,prime,1
1636,1,z:ilp,nat-oop,20703,27289,4.218,1.318,4.847e-16,prime,0
1636,1,z:ilp,nat-oop,16110,22635,5.421,1.405,4.847e-16,prime,1
1637,1,z:ilp,nat-oop,16353,32624,5.344,1.995,5.427e-16,prime,0
1637,1,z:ilp,nat-oop,15720,32168,5.559,2.046,5.427e-16,prime,1
1638,1,z:ilp,nat-oop,4641,4554,18.841,0.981,5.476e-16,chain3,0
1638,1,z:ilp,nat-oop,3595,5445,24.325,1.515,5.476e-16,chain3,1
1639,1,z:ilp,nat-oop,16389,25938,5.340,1.583,6.199e-16,prime,0
1639,1,z:ilp,nat-oop,15945,31337,5.488,1.965,6.199e-16,prime,1
1640,1,z:ilp,nat-oop,5233,24742,16.733,4.728,4.941e-16,chain3,0
1640,1,z:ilp,nat-oop,6688,25791,13.094,3.856,4.941e-16,chain3,1
1641,1,z:ilp,nat-oop,18708,31802,4.684,1.700,6.606e-16,prime,0
1641,1,z:ilp,nat-oop,16779,31957,5.223,1.905,6.606e-16,prime,1
1642,1,z:ilp,nat-oop,18336,25509,4.783,1.391,6.889e-16,prime,0
1642,1,z:ilp,nat-oop,18332,23836,4.784,1.300,6.889e-16,prime,1
1643,1,z:ilp,nat-oop,15680,45173,5.597,2.881,4.555e-16,prime,0
1643,1,z:ilp,nat-oop,16991,45627,5.165,2.685,4.555e-16,prime,1
1644,1,z:ilp,nat-oop,15927,23949,5.514,1.504,5.629e-16,prime,0
1644,1,z:ilp,nat-oop,15661,22215,5.607,1.419,5.629e-16,prime,1
1645,1,z:ilp,nat-oop,7011,25581,12.535,3.649,6.439e-16,flat,0
1645,1,z:ilp,nat-oop,6965,25905,12.617,3.719,6.439e-16,flat,1
1646,1,z:ilp,nat-oop,15611,23843,5.633,1.527,6.668e-16,prime,0
1646,1,z:ilp,nat-oop,21025,24833,4.182,1.181,6.668e-16,prime,1
1647,1,z:ilp,nat-oop,17204,18596,5.115,1.081,5.339e-16,prime,0
1647,1,z:ilp,nat-oop,16788,20352,5.242,1.212,5.339e-16,prime,1
1648,1,z:ilp,nat-oop,17555,25901,5.016,1.475,5.551e-16,prime,0
1648,1,z:ilp,nat-oop,15564,29333,5.658,1.885,5.551e-16,prime,1
1649,1,z:ilp,nat-oop,18106,27490,4.867,1.518,4.247e-16,prime,0
1649,1,z:ilp,nat-oop,18017,33726,4.891,1.872,4.247e-16,prime,1
1650,1,z:ilp,nat-oop,3778,4059,23.337,1.074,4.270e-16,chain3,0
1650,1,z:ilp,nat-oop,3373,3986,26.144,1.182,4.270e-16,chain3,1
1651,1,z:ilp,nat-oop,20257,21977,4.356,1.085,4.896e-16,prime,0
1651,1,z:ilp,nat-oop,17918,22007,4.925,1.228,4.896e-16,prime,1
1652,1,z:ilp,nat-oop,21061,22843,4.193,1.085,4.874e-16,prime,0
1652,1,z:ilp,nat-oop,17804,26210,4.959,1.472,4.874e-16,prime,1
1653,1,z:ilp,nat-oop,6536,29548,13.519,4.521,3.196e-15,flat,0
1653,1,z:ilp,nat-oop,6295,29317,14.037,4.657,3.196e-15,flat,1
1654,1,z:ilp,nat-oop,17105,23454,5.169,1.371,5.734e-16,prime,0
1654,1,z:ilp,nat-oop,15477,23365,5.713,1.510,5.734e-16,prime,1
1655,1,z:ilp,nat-oop,21182,28531,4.177,1.347,7.698e-16,prime,0
1655,1,z:ilp,nat-oop,17527,31454,5.048,1.795,7.698e-16,prime,1
1656,1,z:ilp,nat-oop,4168,16900,21.241,4.054,5.330e-16,chain3,0
1656,1,z:ilp,nat-oop,4163,17687,21.270,4.249,5.330e-16,chain3,1
1657,1,z:ilp,nat-oop,14855,32318,5.964,2.176,9.695e-16,prime,0
1657,1,z:ilp,nat-oop,14176,32640,6.250,2.302,9.695e-16,prime,1
1658,1,z:ilp,nat-oop,18285,27145,4.849,1.485,5.965e-16,prime,0
1658,1,z:ilp,nat-oop,19674,32276,4.507,1.641,5.965e-16,prime,1
1659,1,z:ilp,nat-oop,15805,23634,5.614,1.495,5.830e-16,prime,0
1659,1,z:ilp,nat-oop,15503,23573,5.723,1.520,5.830e-16,prime,1
1660,1,z:ilp,nat-oop,16065,24277,5.527,1.511,5.662e-16,prime,0
1660,1,z:ilp,nat-oop,16655,25968,5.331,1.559,5.662e-16,prime,1
1661,1,z:ilp,nat-oop,17993,20092,4.938,1.117,4.573e-16,prime,0
1661,1,z:ilp,nat-oop,17926,20144,4.956,1.124,4.573e-16,prime,1
1662,1,z:ilp,nat-oop,16700,22708,5.324,1.360,6.039e-16,prime,0
1662,1,z:ilp,nat-oop,15584,24015,5.705,1.541,6.039e-16,prime,1
1663,1,z:ilp,nat-oop,18955,33832,4.694,1.785,5.824e-16,prime,0
1663,1,z:ilp,nat-oop,20042,38375,4.439,1.915,5.824e-16,prime,1
1664,1,z:ilp,nat-oop,3841,4456,23.181,1.160,4.609e-16,chain3,0
1664,1,z:ilp,nat-oop,3107,3948,28.652,1.270,4.609e-16,chain3,1
1665,1,z:ilp,nat-oop,5425,24581,16.422,4.531,5.241e-16,chain3,0
1665,1,z:ilp,nat-oop,5496,21822,16.210,3.971,5.241e-16,chain3,1
1666,1,z:ilp,nat-oop,5873,13999,15.179,2.384,6.456e-16,flat,0
1666,1,z:ilp,nat-oop,4868,14123,18.315,2.901,6.456e-16,flat,1
1667,1,z:ilp,nat-oop,16199,33727,5.507,2.082,6.317e-16,prime,0
1667,1,z:ilp,nat-oop,16440,33690,5.426,2.049,6.317e-16,prime,1
1668,1,z:ilp,nat-oop,17685,23129,5.048,1.308,5.466e-16,prime,0
1668,1,z:ilp,nat-oop,23180,31103,3.851,1.342,5.466e-16,prime,1
1669,1,z:ilp,nat-oop,22113,44684,4.040,2.021,5.992e-16,prime,0
1669,1,z:ilp,nat-oop,22002,43457,4.060,1.975,5.992e-16,prime,1
1670,1,z:ilp,nat-oop,30870,28018,2.896,0.908,5.554e-16,prime,0
1670,1,z:ilp,nat-oop,17623,27493,5.073,1.560,5.554e-16,prime,1
1671,1,z:ilp,nat-oop,16161,30536,5.535,1.889,4.474e-16,prime,0
1671,1,z:ilp,nat-oop,16261,33714,5.501,2.073,4.474e-16,prime,1
1672,1,z:ilp,nat-oop,4344,15338,20.609,3.531,4.962e-16,chain3,0
1672,1,z:ilp,nat-oop,4567,20482,19.598,4.484,4.962e-16,chain3,1
1673,1,z:ilp,nat-oop,28871,23531,3.103,0.815,5.865e-16,prime,0
1673,1,z:ilp,nat-oop,15518,21538,5.772,1.388,5.865e-16,prime,1
1674,1,z:ilp,nat-oop,5406,18703,16.580,3.460,5.367e-16,chain3,0
1674,1,z:ilp,nat-oop,5076,18588,17.658,3.662,5.367e-16,chain3,1
1675,1,z:ilp,nat-oop,22276,30563,4.027,1.372,7.332e-16,prime,0
1675,1,z:ilp,nat-oop,18030,33169,4.975,1.840,7.332e-16,prime,1
1676,1,z:ilp,nat-oop,16020,22482,5.603,1.403,7.230e-16,prime,0
1676,1,z:ilp,nat-oop,15371,23491,5.839,1.528,7.230e-16,prime,1
1677,1,z:ilp,nat-oop,6418,25305,13.994,3.942,6.306e-16,chain3,0
1677,1,z:ilp,nat-oop,6532,25399,13.751,3.889,6.306e-16,chain3,1
1678,1,z:ilp,nat-oop,18086,23578,4.970,1.304,6.200e-16,prime,0
1678,1,z:ilp,nat-oop,21126,24975,4.254,1.182,6.200e-16,prime,1
1679,1,z:ilp,nat-oop,16500,32649,5.451,1.979,6.082e-16,prime,0
1679,1,z:ilp,nat-oop,15554,33870,5.783,2.178,6.082e-16,prime,1
1680,1,z:ilp,nat-oop,3441,3023,26.159,0.879,4.795e-16,chain3,0
1680,1,z:ilp,nat-oop,3461,3100,26.007,0.896,4.795e-16,chain3,1
1681,1,z:ilp,nat-oop,8676,41667,10.380,4.802,2.047e-15,flat,0
1681,1,z:ilp,nat-oop,8833,42001,10.196,4.755,2.047e-15,flat,1
1682,1,z:ilp,nat-oop,7527,33482,11.972,4.448,1.704e-15,flat,0
1682,1,z:ilp,nat-oop,7458,35166,12.083,4.715,1.704e-15,flat,1
1683,1,z:ilp,nat-oop,4394,15645,20.526,3.561,5.925e-16,chain3,0
1683,1,z:ilp,nat-oop,4390,15798,20.543,3.599,5.925e-16,chain3,1
1684,1,z:ilp,nat-oop,15288,22442,5.903,1.468,7.469e-16,prime,0
1684,1,z:ilp,nat-oop,17096,22614,5.279,1.323,7.469e-16,prime,1
1685,1,z:ilp,nat-oop,15881,28084,5.686,1.768,6.455e-16,prime,0
1685,1,z:ilp,nat-oop,15276,29128,5.911,1.907,6.455e-16,prime,1
1686,1,z:ilp,nat-oop,15452,22261,5.848,1.441,5.665e-16,prime,0
1686,1,z:ilp,nat-oop,15585,22303,5.798,1.431,5.665e-16,prime,1
1687,1,z:ilp,nat-oop,15770,17122,5.734,1.086,6.230e-16,prime,0
1687,1,z:ilp,nat-oop,15421,19271,5.864,1.250,6.230e-16,prime,1
1688,1,z:ilp,nat-oop,15237,22508,5.938,1.477,5.940e-16,prime,0
1688,1,z:ilp,nat-oop,15337,22673,5.900,1.478,5.940e-16,prime,1
1689,1,z:ilp,nat-oop,15456,30359,5.858,1.964,4.737e-16,prime,0
1689,1,z:ilp,nat-oop,15288,30734,5.923,2.010,4.737e-16,prime,1
1690,1,z:ilp,nat-oop,3874,6638,23.388,1.713,6.072e-16,chain3,0
1690,1,z:ilp,nat-oop,3902,6493,23.223,1.664,6.072e-16,chain3,1
1691,1,z:ilp,nat-oop,15590,33539,5.816,2.151,5.770e-16,prime,0
1691,1,z:ilp,nat-oop,15774,35496,5.748,2.250,5.770e-16,prime,1
1692,1,z:ilp,nat-oop,5858,25003,15.489,4.269,4.832e-16,chain3,0
1692,1,z:ilp,nat-oop,5842,24825,15.531,4.250,4.832e-16,chain3,1
1693,1,z:ilp,nat-oop,15293,23932,5.937,1.565,6.075e-16,prime,0
1693,1,z:ilp,nat-oop,15299,23206,5.934,1.517,6.075e-16,prime,1
1694,1,z:ilp,nat-oop,4834,6889,18.793,1.425,7.114e-16,flat,0
1694,1,z:ilp,nat-oop,4842,8203,18.763,1.694,7.114e-16,flat,1
1695,1,z:ilp,nat-oop,15755,27019,5.770,1.715,6.913e-16,prime,0
1695,1,z:ilp,nat-oop,15865,29556,5.731,1.863,6.913e-16,prime,1
1696,1,z:ilp,nat-oop,16630,28316,5.470,1.703,6.141e-16,prime,0
1696,1,z:ilp,nat-oop,16716,28807,5.442,1.723,6.141e-16,prime,1
1697,1,z:ilp,nat-oop,15337,23405,5.936,1.526,5.625e-16,prime,0
1697,1,z:ilp,nat-oop,15461,24229,5.888,1.567,5.625e-16,prime,1
1698,1,z:ilp,nat-oop,15732,24577,5.790,1.562,6.037e-16,prime,0
1698,1,z:ilp,nat-oop,15370,22146,5.927,1.441,6.037e-16,prime,1
1699,1,z:ilp,nat-oop,15480,25600,5.889,1.654,6.336e-16,prime,0
1699,1,z:ilp,nat-oop,15210,23509,5.993,1.546,6.336e-16,prime,1
1700,1,z:ilp,nat-oop,3902,13498,23.376,3.459,5.284e-16,chain3,0
1700,1,z:ilp,nat-oop,4393,13566,20.763,3.088,5.284e-16,chain3,1
1701,1,z:ilp,nat-oop,4114,5832,22.188,1.418,4.888e-16,chain3,0
1701,1,z:ilp,nat-oop,4106,5869,22.229,1.429,4.888e-16,chain3,1
1702,1,z:ilp,nat-oop,7424,34049,12.304,4.587,1.343e-15,flat,0
1702,1,z:ilp,nat-oop,7284,34179,12.540,4.692,1.343e-15,flat,1
1703,1,z:ilp,nat-oop,15450,26587,5.916,1.721,5.694e-16,prime,0
1703,1,z:ilp,nat-oop,15334,28034,5.961,1.828,5.694e-16,prime,1
1704,1,z:ilp,nat-oop,15342,22773,5.962,1.484,4.850e-16,prime,0
1704,1,z:ilp,nat-oop,15438,22670,5.924,1.468,4.850e-16,prime,1
1705,1,z:ilp,nat-oop,5659,20778,16.173,3.672,4.619e-16,chain3,0
1705,1,z:ilp,nat-oop,5673,20805,16.132,3.667,4.619e-16,chain3,1
1706,1,z:ilp,nat-oop,15470,23381,5.920,1.511,5.867e-16,prime,0
1706,1,z:ilp,nat-oop,15324,23978,5.976,1.565,5.867e-16,prime,1
1707,1,z:ilp,nat-oop,17970,23553,5.100,1.311,5.428e-16,prime,0
1707,1,z:ilp,nat-oop,17557,22814,5.220,1.299,5.428e-16,prime,1
1708,1,z:ilp,nat-oop,17650,18714,5.196,1.060,4.913e-16,prime,0
1708,1,z:ilp,nat-oop,17566,18781,5.221,1.069,4.913e-16,prime,1
1709,1,z:ilp,nat-oop,19883,23201,4.615,1.167,6.804e-16,prime,0
1709,1,z:ilp,nat-oop,15367,23913,5.972,1.556,6.804e-16,prime,1
1710,1,z:ilp,nat-oop,4115,13801,22.314,3.354,5.557e-16,chain3,0
1710,1,z:ilp,nat-oop,4117,13606,22.303,3.305,5.557e-16,chain3,1
1711,1,z:ilp,nat-oop,15591,37917,5.894,2.432,5.523e-16,prime,0
1711,1,z:ilp,nat-oop,15551,38393,5.909,2.469,5.523e-16,prime,1
1712,1,z:ilp,nat-oop,15401,24638,5.970,1.600,5.913e-16,prime,0
1712,1,z:ilp,nat-oop,16264,25421,5.653,1.563,5.913e-16,prime,1
1713,1,z:ilp,nat-oop,19302,24099,4.767,1.249,7.148e-16,prime,0
1713,1,z:ilp,nat-oop,17867,23148,5.149,1.296,7.148e-16,prime,1
1714,1,z:ilp,nat-oop,20362,23634,4.522,1.161,6.205e-16,prime,0
1714,1,z:ilp,nat-oop,17724,24464,5.195,1.380,6.205e-16,prime,1
1715,1,z:ilp,nat-oop,4573,6479,20.145,1.417,7.388e-16,flat,0
1715,1,z:ilp,nat-oop,4347,6440,21.193,1.481,7.388e-16,flat,1
1716,1,z:ilp,nat-oop,3729,6553,24.724,1.757,5.767e-16,chain3,0
1716,1,z:ilp,nat-oop,3700,6513,24.919,1.760,5.767e-16,chain3,1
1717,1,z:ilp,nat-oop,15374,28763,6.001,1.871,5.386e-16,prime,0
1717,1,z:ilp,nat-oop,15471,28677,5.963,1.854,5.386e-16,prime,1
1718,1,z:ilp,nat-oop,15532,23422,5.944,1.508,5.528e-16,prime,0
1718,1,z:ilp,nat-oop,15454,23892,5.973,1.546,5.528e-16,prime,1
1719,1,z:ilp,nat-oop,17726,19738,5.211,1.114,4.580e-16,prime,0
1719,1,z:ilp,nat-oop,17726,19141,5.211,1.080,4.580e-16,prime,1
1720,1,z:ilp,nat-oop,5596,23421,16.519,4.186,5.371e-16,chain3,0
1720,1,z:ilp,nat-oop,5517,23301,16.755,4.224,5.371e-16,chain3,1
1721,1,z:ilp,nat-oop,15478,23280,5.976,1.504,5.924e-16,prime,0
1721,1,z:ilp,nat-oop,15365,24378,6.020,1.587,5.924e-16,prime,1
1722,1,z:ilp,nat-oop,6049,19783,15.301,3.270,4.667e-16,chain3,0
1722,1,z:ilp,nat-oop,6065,19628,15.262,3.236,4.667e-16,chain3,1
1723,1,z:ilp,nat-oop,15488,24110,5.980,1.557,5.293e-16,prime,0
1723,1,z:ilp,nat-oop,15408,24069,6.011,1.562,5.293e-16,prime,1
1724,1,z:ilp,nat-oop,16903,22414,5.483,1.326,6.267e-16,prime,0
1724,1,z:ilp,nat-oop,15621,24557,5.933,1.572,6.267e-16,prime,1
1725,1,z:ilp,nat-oop,4717,16572,19.661,3.513,5.489e-16,chain3,0
1725,1,z:ilp,nat-oop,4684,16532,19.801,3.530,5.489e-16,chain3,1
1726,1,z:ilp,nat-oop,15456,24345,6.004,1.575,6.685e-16,prime,0
1726,1,z:ilp,nat-oop,15325,23225,6.055,1.515,6.685e-16,prime,1
1727,1,z:ilp,nat-oop,15873,21606,5.850,1.361,5.533e-16,prime,0
1727,1,z:ilp,nat-oop,15345,21698,6.052,1.414,5.533e-16,prime,1
1728,1,z:ilp,nat-oop,3004,3064,30.934,1.020,4.655e-16,2p,0
1728,1,z:ilp,nat-oop,2945,3192,31.551,1.084,4.655e-16,2p,1
1729,1,z:ilp,nat-oop,4732,16001,19.651,3.382,6.028e-16,chain3,0
1729,1,z:ilp,nat-oop,4676,16474,19.885,3.523,6.028e-16,chain3,1
1730,1,z:ilp,nat-oop,15528,23729,5.992,1.528,5.597e-16,prime,0
1730,1,z:ilp,nat-oop,15360,25799,6.057,1.680,5.597e-16,prime,1
1731,1,z:ilp,nat-oop,16059,19679,5.798,1.225,4.863e-16,prime,0
1731,1,z:ilp,nat-oop,15366,19724,6.059,1.284,4.863e-16,prime,1
1732,1,z:ilp,nat-oop,15785,19432,5.902,1.231,6.129e-16,prime,0
1732,1,z:ilp,nat-oop,15701,20109,5.934,1.281,6.129e-16,prime,1
1733,1,z:ilp,nat-oop,17818,24097,5.232,1.352,5.791e-16,prime,0
1733,1,z:ilp,nat-oop,17632,23938,5.287,1.358,5.791e-16,prime,1
1734,1,z:ilp,nat-oop,4946,25923,18.862,5.241,4.161e-16,chain3,0
1734,1,z:ilp,nat-oop,4765,25425,19.577,5.335,4.161e-16,chain3,1
1735,1,z:ilp,nat-oop,15433,23218,6.049,1.504,6.247e-16,prime,0
1735,1,z:ilp,nat-oop,15491,23523,6.026,1.518,6.247e-16,prime,1
1736,1,z:ilp,nat-oop,4992,19085,18.713,3.823,5.375e-16,chain3,0
1736,1,z:ilp,nat-oop,4945,18927,18.891,3.828,5.375e-16,chain3,1
1737,1,z:ilp,nat-oop,17801,20178,5.251,1.134,4.677e-16,prime,0
1737,1,z:ilp,nat-oop,17611,20144,5.307,1.144,4.677e-16,prime,1
1738,1,z:ilp,nat-oop,15477,25232,6.043,1.630,6.036e-16,prime,0
1738,1,z:ilp,nat-oop,15472,27393,6.045,1.771,6.036e-16,prime,1
1739,1,z:ilp,nat-oop,9142,44115,10.238,4.826,1.611e-15,flat,0
1739,1,z:ilp,nat-oop,9008,47331,10.390,5.254,1.611e-15,flat,1
1740,1,z:ilp,nat-oop,4888,17830,19.160,3.648,5.020e-16,chain3,0
1740,1,z:ilp,nat-oop,4826,17769,19.406,3.682,5.020e-16,chain3,1
1741,1,z:ilp,nat-oop,18850,25279,4.972,1.341,5.115e-16,prime,0
1741,1,z:ilp,nat-oop,15227,25337,6.155,1.664,5.115e-16,prime,1
1742,1,z:ilp,nat-oop,15405,32777,6.087,2.128,5.325e-16,prime,0
1742,1,z:ilp,nat-oop,15754,33071,5.953,2.099,5.325e-16,prime,1
1743,1,z:ilp,nat-oop,16580,25713,5.660,1.551,4.755e-16,prime,0
1743,1,z:ilp,nat-oop,15405,26025,6.091,1.689,4.755e-16,prime,1
1744,1,z:ilp,nat-oop,16199,19595,5.797,1.210,6.701e-16,prime,0
1744,1,z:ilp,nat-oop,15517,19544,6.051,1.259,6.701e-16,prime,1
1745,1,z:ilp,nat-oop,18254,23390,5.147,1.281,5.964e-16,prime,0
1745,1,z:ilp,nat-oop,17565,26855,5.349,1.529,5.964e-16,prime,1
1746,1,z:ilp,nat-oop,15415,20625,6.099,1.338,4.749e-16,prime,0
1746,1,z:ilp,nat-oop,18569,18309,5.063,0.986,4.749e-16,prime,1
1747,1,z:ilp,nat-oop,17309,25602,5.435,1.479,5.319e-16,prime,0
1747,1,z:ilp,nat-oop,15777,24662,5.963,1.563,5.319e-16,prime,1
1748,1,z:ilp,nat-oop,5865,36201,16.052,6.173,5.436e-16,chain3,0
1748,1,z:ilp,nat-oop,6232,33308,15.106,5.345,5.436e-16,chain3,1
1749,1,z:ilp,nat-oop,17695,30439,5.324,1.720,4.820e-16,prime,0
1749,1,z:ilp,nat-oop,17602,30911,5.352,1.756,4.820e-16,prime,1
1750,1,z:ilp,nat-oop,3356,4131,28.090,1.231,4.499e-16,chain3,0
1750,1,z:ilp,nat-oop,3401,4127,27.719,1.214,4.499e-16,chain3,1
1751,1,z:ilp,nat-oop,15407,36787,6.122,2.388,5.914e-16,prime,0
1751,1,z:ilp,nat-oop,15372,37162,6.136,2.418,5.914e-16,prime,1
1752,1,z:ilp,nat-oop,15968,18705,5.911,1.171,6.194e-16,prime,0
1752,1,z:ilp,nat-oop,16118,19186,5.856,1.190,6.194e-16,prime,1
1753,1,z:ilp,nat-oop,15503,23631,6.092,1.524,5.723e-16,prime,0
1753,1,z:ilp,nat-oop,15342,23502,6.156,1.532,5.723e-16,prime,1
1754,1,z:ilp,nat-oop,15373,26077,6.148,1.696,4.868e-16,prime,0
1754,1,z:ilp,nat-oop,15409,25372,6.133,1.647,4.868e-16,prime,1
1755,1,z:ilp,nat-oop,4168,5480,22.691,1.315,6.728e-16,chain3,0
1755,1,z:ilp,nat-oop,3807,5855,24.840,1.538,6.728e-16,chain3,1
1756,1,z:ilp,nat-oop,15272,24534,6.196,1.606,5.379e-16,prime,0
1756,1,z:ilp,nat-oop,15434,26064,6.131,1.689,5.379e-16,prime,1
1757,1,z:ilp,nat-oop,15429,20407,6.137,1.323,5.657e-16,prime,0
1757,1,z:ilp,nat-oop,15394,20423,6.151,1.327,5.657e-16,prime,1
1758,1,z:ilp,nat-oop,17110,23273,5.538,1.360,5.661e-16,prime,0
1758,1,z:ilp,nat-oop,15383,23669,6.160,1.539,5.661e-16,prime,1
1759,1,z:ilp,nat-oop,17804,23543,5.326,1.322,5.449e-16,prime,0
1759,1,z:ilp,nat-oop,15359,23562,6.173,1.534,5.449e-16,prime,1
1760,1,z:ilp,nat-oop,3173,4080,29.897,1.286,3.902e-16,chain3,0
1760,1,z:ilp,nat-oop,3364,4352,28.205,1.294,3.902e-16,chain3,1
1761,1,z:ilp,nat-oop,16421,26349,5.781,1.605,6.704e-16,prime,0
1761,1,z:ilp,nat-oop,15432,24518,6.152,1.589,6.704e-16,prime,1
1762,1,z:ilp,nat-oop,15436,24722,6.154,1.602,5.557e-16,prime,0
1762,1,z:ilp,nat-oop,15419,24883,6.161,1.614,5.557e-16,prime,1
1763,1,z:ilp,nat-oop,9186,42310,10.349,4.606,1.976e-15,flat,0
1763,1,z:ilp,nat-oop,9206,43403,10.326,4.715,1.976e-15,flat,1
1764,1,z:ilp,nat-oop,3419,4201,27.825,1.229,4.910e-16,chain3,0
1764,1,z:ilp,nat-oop,3397,4225,28.000,1.244,4.910e-16,chain3,1
1765,1,z:ilp,nat-oop,15391,23223,6.184,1.509,4.977e-16,prime,0
1765,1,z:ilp,nat-oop,17197,26110,5.535,1.518,4.977e-16,prime,1
1766,1,z:ilp,nat-oop,15515,24752,6.139,1.595,5.966e-16,prime,0
1766,1,z:ilp,nat-oop,15348,25410,6.206,1.656,5.966e-16,prime,1
1767,1,z:ilp,nat-oop,6403,31257,14.884,4.882,4.202e-16,chain3,0
1767,1,z:ilp,nat-oop,6246,31283,15.259,5.009,4.202e-16,chain3,1
1768,1,z:ilp,nat-oop,4359,16133,21.880,3.702,6.395e-16,chain3,0
1768,1,z:ilp,nat-oop,4703,16321,20.279,3.471,6.395e-16,chain3,1
1769,1,z:ilp,nat-oop,15511,36096,6.152,2.327,6.366e-16,prime,0
1769,1,z:ilp,nat-oop,15554,37005,6.135,2.379,6.366e-16,prime,1
1770,1,z:ilp,nat-oop,16899,25010,5.650,1.480,4.676e-16,prime,0
1770,1,z:ilp,nat-oop,15409,22993,6.197,1.492,4.676e-16,prime,1
1771,1,z:ilp,nat-oop,5750,20612,16.616,3.585,4.436e-16,chain3,0
1771,1,z:ilp,nat-oop,5739,20553,16.648,3.581,4.436e-16,chain3,1
1772,1,z:ilp,nat-oop,15524,25787,6.159,1.661,5.349e-16,prime,0
1772,1,z:ilp,nat-oop,15345,24274,6.231,1.582,5.349e-16,prime,1
1773,1,z:ilp,nat-oop,16217,20612,5.899,1.271,4.872e-16,prime,0
1773,1,z:ilp,nat-oop,15409,20196,6.209,1.311,4.872e-16,prime,1
1774,1,z:ilp,nat-oop,15638,24665,6.122,1.577,5.525e-16,prime,0
1774,1,z:ilp,nat-oop,15423,26206,6.207,1.699,5.525e-16,prime,1
1775,1,z:ilp,nat-oop,15512,23887,6.176,1.540,6.398e-16,prime,0
1775,1,z:ilp,nat-oop,15603,24096,6.139,1.544,6.398e-16,prime,1
1776,1,z:ilp,nat-oop,11569,40264,8.285,3.480,5.039e-16,chain3,0
1776,1,z:ilp,nat-oop,6370,25491,15.048,4.002,5.039e-16,chain3,1
1777,1,z:ilp,nat-oop,18210,30358,5.267,1.667,6.001e-16,prime,0
1777,1,z:ilp,nat-oop,17111,30176,5.606,1.764,6.001e-16,prime,1
1778,1,z:ilp,nat-oop,17387,22083,5.520,1.270,5.639e-16,prime,0
1778,1,z:ilp,nat-oop,15471,23216,6.204,1.501,5.639e-16,prime,1
1779,1,z:ilp,nat-oop,15508,24239,6.193,1.563,6.388e-16,prime,0
1779,1,z:ilp,nat-oop,15398,24229,6.237,1.574,6.388e-16,prime,1
1780,1,z:ilp,nat-oop,16012,23494,6.002,1.467,5.018e-16,prime,0
1780,1,z:ilp,nat-oop,15420,23595,6.232,1.530,5.018e-16,prime,1
1781,1,z:ilp,nat-oop,16034,27475,5.997,1.714,5.323e-16,prime,0
1781,1,z:ilp,nat-oop,15339,30079,6.269,1.961,5.323e-16,prime,1
1782,1,z:ilp,nat-oop,4314,5638,22.302,1.307,5.700e-16,chain3,0
1782,1,z:ilp,nat-oop,3743,5641,25.706,1.507,5.700e-16,chain3,1
1783,1,z:ilp,nat-oop,15627,23704,6.161,1.517,6.389e-16,prime,0
1783,1,z:ilp,nat-oop,15736,23652,6.119,1.503,6.389e-16,prime,1
1784,1,z:ilp,nat-oop,15560,24919,6.192,1.601,6.408e-16,prime,0
1784,1,z:ilp,nat-oop,15416,26687,6.250,1.731,6.408e-16,prime,1
1785,1,z:ilp,nat-oop,4660,14437,20.689,3.098,6.674e-16,chain3,0
1785,1,z:ilp,nat-oop,4326,14490,22.287,3.350,6.674e-16,chain3,1
1786,1,z:ilp,nat-oop,8112,40359,11.892,4.975,1.500e-15,flat,0
1786,1,z:ilp,nat-oop,8080,42357,11.939,5.242,1.500e-15,flat,1
1787,1,z:ilp,nat-oop,16625,23792,5.806,1.431,5.420e-16,prime,0
1787,1,z:ilp,nat-oop,15575,24149,6.198,1.551,5.420e-16,prime,1
1788,1,z:ilp,nat-oop,16965,23969,5.694,1.413,5.706e-16,prime,0
1788,1,z:ilp,nat-oop,18150,24142,5.322,1.330,5.706e-16,prime,1
1789,1,z:ilp,nat-oop,15415,23518,6.270,1.526,6.456e-16,prime,0
1789,1,z:ilp,nat-oop,15465,24145,6.250,1.561,6.456e-16,prime,1
1790,1,z:ilp,nat-oop,17218,23730,5.617,1.378,5.186e-16,prime,0
1790,1,z:ilp,nat-oop,15467,23871,6.253,1.543,5.186e-16,prime,1
1791,1,z:ilp,nat-oop,15718,21515,6.157,1.369,5.053e-16,prime,0
1791,1,z:ilp,nat-oop,15642,20247,6.187,1.294,5.053e-16,prime,1
1792,1,z:ilp,nat-oop,3032,3213,31.942,1.060,3.281e-16,chain3,0
1792,1,z:ilp,nat-oop,3024,3268,32.023,1.081,3.281e-16,chain3,1
1793,1,z:ilp,nat-oop,16347,23792,5.928,1.455,4.222e-16,prime,0
1793,1,z:ilp,nat-oop,16206,23595,5.979,1.456,4.222e-16,prime,1
1794,1,z:ilp,nat-oop,5198,18360,18.651,3.532,5.695e-16,chain3,0
1794,1,z:ilp,nat-oop,5169,18424,18.756,3.564,5.695e-16,chain3,1
1795,1,z:ilp,nat-oop,16046,23249,6.046,1.449,6.110e-16,prime,0
1795,1,z:ilp,nat-oop,16268,23614,5.964,1.452,6.110e-16,prime,1
1796,1,z:ilp,nat-oop,15431,24328,6.291,1.577,6.114e-16,prime,0
1796,1,z:ilp,nat-oop,15394,24263,6.306,1.576,6.114e-16,prime,1
1797,1,z:ilp,nat-oop,15566,24168,6.241,1.553,5.915e-16,prime,0
1797,1,z:ilp,nat-oop,15460,24450,6.283,1.582,5.915e-16,prime,1
1798,1,z:ilp,nat-oop,8059,36115,12.061,4.481,2.178e-15,flat,0
1798,1,z:ilp,nat-oop,8125,38170,11.963,4.698,2.178e-15,flat,1
1799,1,z:ilp,nat-oop,16368,19551,5.942,1.194,5.471e-16,prime,0
1799,1,z:ilp,nat-oop,17562,19095,5.538,1.087,5.471e-16,prime,1
1800,1,z:ilp,nat-oop,3437,3298,28.316,0.960,4.211e-16,chain3,0
1800,1,z:ilp,nat-oop,3385,3332,28.752,0.984,4.211e-16,chain3,1
1801,1,z:ilp,nat-oop,15398,19630,6.325,1.275,5.225e-16,prime,0
1801,1,z:ilp,nat-oop,15431,19731,6.311,1.279,5.225e-16,prime,1
1802,1,z:ilp,nat-oop,15424,42551,6.318,2.759,4.250e-16,prime,0
1802,1,z:ilp,nat-oop,15496,44296,6.288,2.859,4.250e-16,prime,1
1803,1,z:ilp,nat-oop,15883,20009,6.139,1.260,6.108e-16,prime,0
1803,1,z:ilp,nat-oop,15547,20011,6.272,1.287,6.108e-16,prime,1
1804,1,z:ilp,nat-oop,6794,31498,14.360,4.636,5.222e-16,chain3,0
1804,1,z:ilp,nat-oop,6785,31413,14.379,4.629,5.222e-16,chain3,1
1805,1,z:ilp,nat-oop,5416,27380,18.026,5.055,5.016e-16,chain3,0
1805,1,z:ilp,nat-oop,5456,27441,17.894,5.030,5.016e-16,chain3,1
1806,1,z:ilp,nat-oop,6477,25048,15.083,3.867,4.278e-16,chain3,0
1806,1,z:ilp,nat-oop,6439,24981,15.171,3.879,4.278e-16,chain3,1
1807,1,z:ilp,nat-oop,16892,25296,5.787,1.497,5.976e-16,prime,0
1807,1,z:ilp,nat-oop,15544,25533,6.289,1.643,5.976e-16,prime,1
1808,1,z:ilp,nat-oop,16219,28097,6.031,1.732,5.979e-16,prime,0
1808,1,z:ilp,nat-oop,20751,34514,4.714,1.663,5.979e-16,prime,1
1809,1,z:ilp,nat-oop,18325,32588,5.341,1.778,5.542e-16,prime,0
1809,1,z:ilp,nat-oop,17331,32093,5.648,1.852,5.542e-16,prime,1
1810,1,z:ilp,nat-oop,15812,19793,6.194,1.252,4.746e-16,prime,0
1810,1,z:ilp,nat-oop,15622,19882,6.269,1.273,4.746e-16,prime,1
1811,1,z:ilp,nat-oop,15544,34946,6.304,2.248,6.429e-16,prime,0
1811,1,z:ilp,nat-oop,15527,36734,6.312,2.366,6.429e-16,prime,1
1812,1,z:ilp,nat-oop,15466,20810,6.340,1.346,4.655e-16,prime,0
1812,1,z:ilp,nat-oop,15468,20169,6.339,1.304,4.655e-16,prime,1
1813,1,z:ilp,nat-oop,6912,24229,14.195,3.505,6.624e-16,flat,0
1813,1,z:ilp,nat-oop,7258,24314,13.519,3.350,6.624e-16,flat,1
1814,1,z:ilp,nat-oop,15378,35734,6.385,2.324,6.652e-16,prime,0
1814,1,z:ilp,nat-oop,15380,39207,6.384,2.549,6.652e-16,prime,1
1815,1,z:ilp,nat-oop,4277,7641,22.973,1.787,4.944e-16,chain3,0
1815,1,z:ilp,nat-oop,4231,7799,23.223,1.844,4.944e-16,chain3,1
1816,1,z:ilp,nat-oop,15504,22606,6.341,1.458,5.098e-16,prime,0
1816,1,z:ilp,nat-oop,15598,22499,6.302,1.442,5.098e-16,prime,1
1817,1,z:ilp,nat-oop,15450,37834,6.367,2.449,5.041e-16,prime,0
1817,1,z:ilp,nat-oop,15411,38549,6.383,2.501,5.041e-16,prime,1
1818,1,z:ilp,nat-oop,15460,19670,6.366,1.272,5.333e-16,prime,0
1818,1,z:ilp,nat-oop,15341,19653,6.416,1.281,5.333e-16,prime,1
1819,1,z:ilp,nat-oop,16102,37532,6.117,2.331,6.139e-16,prime,0
1819,1,z:ilp,nat-oop,15670,39135,6.285,2.497,6.139e-16,prime,1
1820,1,z:ilp,nat-oop,4557,5131,21.627,1.126,7.273e-16,flat,0
1820,1,z:ilp,nat-oop,4583,5170,21.502,1.128,7.273e-16,flat,1
1821,1,z:ilp,nat-oop,15392,33513,6.407,2.177,6.350e-16,prime,0
1821,1,z:ilp,nat-oop,18274,35416,5.396,1.938,6.350e-16,prime,1
1822,1,z:ilp,nat-oop,15534,35664,6.352,2.296,5.513e-16,prime,0
1822,1,z:ilp,nat-oop,15351,38001,6.428,2.476,5.513e-16,prime,1
1823,1,z:ilp,nat-oop,17699,34840,5.579,1.968,8.149e-16,prime,0
1823,1,z:ilp,nat-oop,17710,35332,5.575,1.995,8.149e-16,prime,1
1824,1,z:ilp,nat-oop,3984,17321,24.801,4.348,5.607e-16,chain3,0
1824,1,z:ilp,nat-oop,4005,17398,24.666,4.344,5.607e-16,chain3,1
1825,1,z:ilp,nat-oop,16532,21268,5.980,1.286,5.896e-16,prime,0
1825,1,z:ilp,nat-oop,16182,21983,6.109,1.359,5.896e-16,prime,1
1826,1,z:ilp,nat-oop,16648,27631,5.942,1.660,6.664e-16,prime,0
1826,1,z:ilp,nat-oop,18190,29436,5.438,1.618,6.664e-16,prime,1
1827,1,z:ilp,nat-oop,5458,19504,18.135,3.573,4.493e-16,chain3,0
1827,1,z:ilp,nat-oop,5473,19409,18.084,3.546,4.493e-16,chain3,1
1828,1,z:ilp,nat-oop,15511,24359,6.385,1.570,4.776e-16,prime,0
1828,1,z:ilp,nat-oop,15329,25893,6.461,1.689,4.776e-16,prime,1
1829,1,z:ilp,nat-oop,17710,43328,5.596,2.446,4.495e-16,prime,0
1829,1,z:ilp,nat-oop,17667,43685,5.610,2.473,4.495e-16,prime,1
1830,1,z:ilp,nat-oop,18562,19954,5.342,1.075,5.710e-16,prime,0
1830,1,z:ilp,nat-oop,16234,20015,6.109,1.233,5.710e-16,prime,1
1831,1,z:ilp,nat-oop,16163,28591,6.139,1.769,5.206e-16,prime,0
1831,1,z:ilp,nat-oop,16258,32501,6.103,1.999,5.206e-16,prime,1
1832,1,z:ilp,nat-oop,18261,22526,5.437,1.234,5.427e-16,prime,0
1832,1,z:ilp,nat-oop,16463,22706,6.031,1.379,5.427e-16,prime,1
1833,1,z:ilp,nat-oop,7335,29483,13.545,4.020,7.298e-16,chain3,0
1833,1,z:ilp,nat-oop,7348,30561,13.521,4.159,7.298e-16,chain3,1
1834,1,z:ilp,nat-oop,16267,27079,6.111,1.665,7.342e-16,prime,0
1834,1,z:ilp,nat-oop,16200,27204,6.136,1.679,7.342e-16,prime,1
1835,1,z:ilp,nat-oop,16541,26155,6.014,1.581,5.483e-16,prime,0
1835,1,z:ilp,nat-oop,17608,26769,5.649,1.520,5.483e-16,prime,1
1836,1,z:ilp,nat-oop,4171,14496,23.863,3.475,6.335e-16,chain3,0
1836,1,z:ilp,nat-oop,4129,14491,24.106,3.510,6.335e-16,chain3,1
1837,1,z:ilp,nat-oop,22425,29144,4.441,1.300,7.668e-16,prime,0
1837,1,z:ilp,nat-oop,17622,28297,5.652,1.606,7.668e-16,prime,1
1838,1,z:ilp,nat-oop,17728,35853,5.621,2.022,6.141e-16,prime,0
1838,1,z:ilp,nat-oop,16116,37767,6.184,2.343,6.141e-16,prime,1
1839,1,z:ilp,nat-oop,16154,29386,6.173,1.819,6.190e-16,prime,0
1839,1,z:ilp,nat-oop,19558,29632,5.098,1.515,6.190e-16,prime,1
1840,1,z:ilp,nat-oop,4453,16725,22.407,3.756,6.176e-16,chain3,0
1840,1,z:ilp,nat-oop,4420,16489,22.576,3.731,6.176e-16,chain3,1
1841,1,z:ilp,nat-oop,15460,26965,6.458,1.744,6.026e-16,prime,0
1841,1,z:ilp,nat-oop,15549,25847,6.421,1.662,6.026e-16,prime,1
1842,1,z:ilp,nat-oop,16907,34285,5.909,2.028,6.070e-16,prime,0
1842,1,z:ilp,nat-oop,15847,34546,6.304,2.180,6.070e-16,prime,1
1843,1,z:ilp,nat-oop,16227,31542,6.160,1.944,5.682e-16,prime,0
1843,1,z:ilp,nat-oop,15640,31326,6.392,2.003,5.682e-16,prime,1
1844,1,z:ilp,nat-oop,16495,24658,6.064,1.495,5.310e-16,prime,0
1844,1,z:ilp,nat-oop,16436,24901,6.086,1.515,5.310e-16,prime,1
1845,1,z:ilp,nat-oop,7067,24669,14.162,3.491,4.427e-16,chain3,0
1845,1,z:ilp,nat-oop,7042,24733,14.213,3.512,4.427e-16,chain3,1
1846,1,z:ilp,nat-oop,17559,28741,5.704,1.637,6.977e-16,prime,0
1846,1,z:ilp,nat-oop,15351,27583,6.524,1.797,6.977e-16,prime,1
1847,1,z:ilp,nat-oop,15539,29390,6.449,1.891,6.806e-16,prime,0
1847,1,z:ilp,nat-oop,15470,28891,6.478,1.868,6.806e-16,prime,1
1848,1,z:ilp,nat-oop,3963,5090,25.299,1.284,4.967e-16,chain3,0
1848,1,z:ilp,nat-oop,4017,5035,24.962,1.254,4.967e-16,chain3,1
1849,1,z:ilp,nat-oop,9885,48141,10.150,4.870,1.488e-15,flat,0
1849,1,z:ilp,nat-oop,9858,48167,10.178,4.886,1.488e-15,flat,1
1850,1,z:ilp,nat-oop,5672,23967,17.700,4.226,5.415e-16,chain3,0
1850,1,z:ilp,nat-oop,5663,23947,17.727,4.229,5.415e-16,chain3,1
1851,1,z:ilp,nat-oop,16184,29502,6.207,1.823,5.776e-16,prime,0
1851,1,z:ilp,nat-oop,15343,30164,6.547,1.966,5.776e-16,prime,1
1852,1,z:ilp,nat-oop,16902,24547,5.947,1.452,5.505e-16,prime,0
1852,1,z:ilp,nat-oop,15712,24808,6.397,1.579,5.505e-16,prime,1
1853,1,z:ilp,nat-oop,15697,32236,6.407,2.054,5.849e-16,prime,0
1853,1,z:ilp,nat-oop,15717,32667,6.399,2.078,5.849e-16,prime,1
1854,1,z:ilp,nat-oop,15621,28468,6.442,1.822,6.650e-16,prime,0
1854,1,z:ilp,nat-oop,15585,28846,6.457,1.851,6.650e-16,prime,1
1855,1,z:ilp,nat-oop,15737,31694,6.399,2.014,4.515e-16,prime,0
1855,1,z:ilp,nat-oop,15561,31996,6.472,2.056,4.515e-16,prime,1
1856,1,z:ilp,nat-oop,4649,19321,21.676,4.156,4.267e-16,2p,0
1856,1,z:ilp,nat-oop,4660,19215,21.624,4.124,4.267e-16,2p,1
1857,1,z:ilp,nat-oop,15687,29931,6.427,1.908,6.321e-16,prime,0
1857,1,z:ilp,nat-oop,16399,31483,6.148,1.920,6.321e-16,prime,1
1858,1,z:ilp,nat-oop,15815,36128,6.379,2.284,5.665e-16,prime,0
1858,1,z:ilp,nat-oop,15632,37180,6.454,2.378,5.665e-16,prime,1
1859,1,z:ilp,nat-oop,4958,9062,20.359,1.828,8.210e-16,chain3,0
1859,1,z:ilp,nat-oop,4973,9156,20.299,1.841,8.210e-16,chain3,1
1860,1,z:ilp,nat-oop,5317,23486,18.998,4.417,5.675e-16,chain3,0
1860,1,z:ilp,nat-oop,5300,23389,19.057,4.413,5.675e-16,chain3,1
1861,1,z:ilp,nat-oop,15551,29645,6.499,1.906,6.263e-16,prime,0
1861,1,z:ilp,nat-oop,15502,28699,6.520,1.851,6.263e-16,prime,1
1862,1,z:ilp,nat-oop,5802,16246,17.429,2.800,7.043e-16,flat,0
1862,1,z:ilp,nat-oop,5837,16538,17.327,2.833,7.043e-16,flat,1
1863,1,z:ilp,nat-oop,5168,17326,19.581,3.353,5.546e-16,chain3,0
1863,1,z:ilp,nat-oop,4985,17539,20.298,3.518,5.546e-16,chain3,1
1864,1,z:ilp,nat-oop,15789,23362,6.413,1.480,5.479e-16,prime,0
1864,1,z:ilp,nat-oop,15737,24192,6.434,1.537,5.479e-16,prime,1
1865,1,z:ilp,nat-oop,18138,26838,5.586,1.480,5.592e-16,prime,0
1865,1,z:ilp,nat-oop,23261,38756,4.356,1.666,5.592e-16,prime,1
1866,1,z:ilp,nat-oop,17113,35515,5.924,2.075,4.833e-16,prime,0
1866,1,z:ilp,nat-oop,22534,40486,4.499,1.797,4.833e-16,prime,1
1867,1,z:ilp,nat-oop,17296,31348,5.865,1.812,6.308e-16,prime,0
1867,1,z:ilp,nat-oop,16454,30114,6.165,1.830,6.308e-16,prime,1
1868,1,z:ilp,nat-oop,18970,27172,5.351,1.432,6.412e-16,prime,0
1868,1,z:ilp,nat-oop,16898,26693,6.007,1.580,6.412e-16,prime,1
1869,1,z:ilp,nat-oop,18366,28756,5.530,1.566,5.409e-16,prime,0
1869,1,z:ilp,nat-oop,18557,27947,5.473,1.506,5.409e-16,prime,1
1870,1,z:ilp,nat-oop,4748,17882,21.405,3.766,6.660e-16,chain3,0
1870,1,z:ilp,nat-oop,6068,20457,16.749,3.372,6.660e-16,chain3,1
1871,1,z:ilp,nat-oop,15340,30474,6.629,1.987,1.117e-15,prime,0
1871,1,z:ilp,nat-oop,19003,29896,5.351,1.573,1.117e-15,prime,1
1872,1,z:ilp,nat-oop,3565,4960,28.539,1.391,6.709e-16,chain3,0
1872,1,z:ilp,nat-oop,3694,4936,27.542,1.336,6.709e-16,chain3,1
1873,1,z:ilp,nat-oop,13724,40862,7.418,2.977,1.217e-15,prime,0
1873,1,z:ilp,nat-oop,12724,34938,8.001,2.746,1.217e-15,prime,1
1874,1,z:ilp,nat-oop,19356,42413,5.263,2.191,6.340e-16,prime,0
1874,1,z:ilp,nat-oop,17107,41627,5.955,2.433,6.340e-16,prime,1
1875,1,z:ilp,nat-oop,4530,6053,22.501,1.336,4.427e-16,chain3,0
1875,1,z:ilp,nat-oop,4612,7077,22.100,1.534,4.427e-16,chain3,1
1876,1,z:ilp,nat-oop,18788,34857,5.429,1.855,5.130e-16,prime,0
1876,1,z:ilp,nat-oop,20360,34448,5.010,1.692,5.130e-16,prime,1
1877,1,z:ilp,nat-oop,16711,37284,6.107,2.231,5.683e-16,prime,0
1877,1,z:ilp,nat-oop,16822,32617,6.067,1.939,5.683e-16,prime,1
1878,1,z:ilp,nat-oop,17264,40681,5.915,2.356,7.330e-16,prime,0
1878,1,z:ilp,nat-oop,16173,40455,6.314,2.501,7.330e-16,prime,1
1879,1,z:ilp,nat-oop,17268,31301,5.917,1.813,4.945e-16,prime,0
1879,1,z:ilp,nat-oop,17038,25863,5.997,1.518,4.945e-16,prime,1
1880,1,z:ilp,nat-oop,8369,33086,12.217,3.954,3.875e-16,chain3,0
1880,1,z:ilp,nat-oop,6686,41010,15.292,6.134,3.875e-16,chain3,1
1881,1,z:ilp,nat-oop,5442,21606,18.799,3.970,6.706e-16,chain3,0
1881,1,z:ilp,nat-oop,7005,30799,14.605,4.397,6.706e-16,chain3,1
1882,1,z:ilp,nat-oop,16651,26389,6.148,1.585,4.428e-16,prime,0
1882,1,z:ilp,nat-oop,16828,30953,6.083,1.839,4.428e-16,prime,1
1883,1,z:ilp,nat-oop,16777,28878,6.105,1.721,6.431e-16,prime,0
1883,1,z:ilp,nat-oop,16701,27617,6.133,1.654,6.431e-16,prime,1
1884,1,z:ilp,nat-oop,16196,22505,6.328,1.390,5.016e-16,prime,0
1884,1,z:ilp,nat-oop,16551,24390,6.192,1.474,5.016e-16,prime,1
1885,1,z:ilp,nat-oop,6401,22587,16.020,3.529,7.706e-16,chain3,0
1885,1,z:ilp,nat-oop,6374,22790,16.087,3.575,7.706e-16,chain3,1
1886,1,z:ilp,nat-oop,8889,43892,11.543,4.938,1.365e-15,flat,0
1886,1,z:ilp,nat-oop,8912,45670,11.514,5.125,1.365e-15,flat,1
1887,1,z:ilp,nat-oop,7416,39422,13.844,5.316,6.221e-16,chain3,0
1887,1,z:ilp,nat-oop,7290,40336,14.084,5.533,6.221e-16,chain3,1
1888,1,z:ilp,nat-oop,20664,28874,4.972,1.397,5.459e-16,prime,0
1888,1,z:ilp,nat-oop,17545,28304,5.855,1.613,5.459e-16,prime,1
1889,1,z:ilp,nat-oop,17121,25982,6.004,1.518,7.032e-16,prime,0
1889,1,z:ilp,nat-oop,16475,27503,6.240,1.669,7.032e-16,prime,1
1890,1,z:ilp,nat-oop,4125,4293,24.935,1.041,5.693e-16,chain3,0
1890,1,z:ilp,nat-oop,4035,4355,25.490,1.079,5.693e-16,chain3,1
1891,1,z:ilp,nat-oop,17519,42013,5.875,2.398,5.509e-16,prime,0
1891,1,z:ilp,nat-oop,16363,41662,6.290,2.546,5.509e-16,prime,1
1892,1,z:ilp,nat-oop,7278,32323,14.149,4.441,4.103e-16,chain3,0
1892,1,z:ilp,nat-oop,8536,31512,12.063,3.691,4.103e-16,chain3,1
1893,1,z:ilp,nat-oop,16837,24826,6.120,1.474,5.854e-16,prime,0
1893,1,z:ilp,nat-oop,16155,26558,6.378,1.644,5.854e-16,prime,1
1894,1,z:ilp,nat-oop,17730,26582,5.815,1.499,6.693e-16,prime,0
1894,1,z:ilp,nat-oop,16531,29037,6.237,1.757,6.693e-16,prime,1
1895,1,z:ilp,nat-oop,17516,22022,5.890,1.257,5.508e-16,prime,0
1895,1,z:ilp,nat-oop,17345,23563,5.948,1.358,5.508e-16,prime,1
1896,1,z:ilp,nat-oop,20654,27113,4.998,1.313,6.340e-16,prime,0
1896,1,z:ilp,nat-oop,17062,26055,6.050,1.527,6.340e-16,prime,1
1897,1,z:ilp,nat-oop,17242,23323,5.990,1.353,5.387e-16,prime,0
1897,1,z:ilp,nat-oop,17280,23396,5.977,1.354,5.387e-16,prime,1
1898,1,z:ilp,nat-oop,18612,25748,5.553,1.383,6.700e-16,prime,0
1898,1,z:ilp,nat-oop,16248,28799,6.361,1.772,6.700e-16,prime,1
1899,1,z:ilp,nat-oop,18267,27367,5.661,1.498,6.338e-16,prime,0
1899,1,z:ilp,nat-oop,19533,27769,5.294,1.422,6.338e-16,prime,1
1900,1,z:ilp,nat-oop,5458,17546,18.956,3.215,4.718e-16,chain3,0
1900,1,z:ilp,nat-oop,4854,18022,21.318,3.713,4.718e-16,chain3,1
1901,1,z:ilp,nat-oop,23475,31896,4.410,1.359,6.126e-16,prime,0
1901,1,z:ilp,nat-oop,16311,25996,6.347,1.594,6.126e-16,prime,1
1902,1,z:ilp,nat-oop,18284,21360,5.666,1.168,5.277e-16,prime,0
1902,1,z:ilp,nat-oop,15792,22436,6.560,1.421,5.277e-16,prime,1
1903,1,z:ilp,nat-oop,16400,40050,6.320,2.442,6.700e-16,prime,0
1903,1,z:ilp,nat-oop,16464,41005,6.296,2.491,6.700e-16,prime,1
1904,1,z:ilp,nat-oop,3867,15770,26.821,4.078,5.292e-16,chain3,0
1904,1,z:ilp,nat-oop,3866,15735,26.829,4.070,5.292e-16,chain3,1
1905,1,z:ilp,nat-oop,16239,24186,6.391,1.489,5.861e-16,prime,0
1905,1,z:ilp,nat-oop,16136,23211,6.432,1.438,5.861e-16,prime,1
1906,1,z:ilp,nat-oop,15501,25367,6.699,1.637,5.191e-16,prime,0
1906,1,z:ilp,nat-oop,16256,27305,6.388,1.680,5.191e-16,prime,1
1907,1,z:ilp,nat-oop,17005,25215,6.110,1.483,6.007e-16,prime,0
1907,1,z:ilp,nat-oop,15960,24848,6.510,1.557,6.007e-16,prime,1
1908,1,z:ilp,nat-oop,15566,36106,6.679,2.320,5.355e-16,prime,0
1908,1,z:ilp,nat-oop,18849,41534,5.516,2.204,5.355e-16,prime,1
1909,1,z:ilp,nat-oop,23762,47563,4.378,2.002,5.738e-16,prime,0
1909,1,z:ilp,nat-oop,19533,47867,5.326,2.451,5.738e-16,prime,1
1910,1,z:ilp,nat-oop,17846,22963,5.833,1.287,4.447e-16,prime,0
1910,1,z:ilp,nat-oop,16920,22828,6.152,1.349,4.447e-16,prime,1
1911,1,z:ilp,nat-oop,4389,6739,23.728,1.535,5.273e-16,chain3,0
1911,1,z:ilp,nat-oop,4304,9042,24.197,2.101,5.273e-16,chain3,1
1912,1,z:ilp,nat-oop,15819,24438,6.588,1.545,6.648e-16,prime,0
1912,1,z:ilp,nat-oop,16291,26908,6.397,1.652,6.648e-16,prime,1
1913,1,z:ilp,nat-oop,17204,25613,6.061,1.489,6.324e-16,prime,0
1913,1,z:ilp,nat-oop,16484,26444,6.326,1.604,6.324e-16,prime,1
1914,1,z:ilp,nat-oop,5985,22942,17.434,3.833,5.906e-16,chain3,0
1914,1,z:ilp,nat-oop,6285,22552,16.602,3.589,5.906e-16,chain3,1
1915,1,z:ilp,nat-oop,17273,22701,6.044,1.314,6.461e-16,prime,0
1915,1,z:ilp,nat-oop,16832,22599,6.202,1.343,6.461e-16,prime,1
1916,1,z:ilp,nat-oop,19872,29486,5.257,1.484,6.434e-16,prime,0
1916,1,z:ilp,nat-oop,15933,29946,6.556,1.880,6.434e-16,prime,1
1917,1,z:ilp,nat-oop,15639,28759,6.683,1.839,6.066e-16,prime,0
1917,1,z:ilp,nat-oop,16117,28619,6.485,1.776,6.066e-16,prime,1
1918,1,z:ilp,nat-oop,16731,25799,6.251,1.542,6.634e-16,prime,0
1918,1,z:ilp,nat-oop,19342,30109,5.407,1.557,6.634e-16,prime,1
1919,1,z:ilp,nat-oop,17443,34109,5.999,1.955,5.446e-16,prime,0
1919,1,z:ilp,nat-oop,16334,34400,6.406,2.106,5.446e-16,prime,1
1920,1,z:ilp,nat-oop,4154,3267,25.203,0.786,4.664e-16,chain3,0
1920,1,z:ilp,nat-oop,4315,3846,24.263,0.891,4.664e-16,chain3,1
1921,1,z:ilp,nat-oop,19079,54864,5.491,2.876,5.285e-16,prime,0
1921,1,z:ilp,nat-oop,19580,43303,5.351,2.212,5.285e-16,prime,1
1922,1,z:ilp,nat-oop,8837,40731,11.862,4.609,2.226e-15,flat,0
1922,1,z:ilp,nat-oop,9075,41152,11.552,4.535,2.226e-15,flat,1
1923,1,z:ilp,nat-oop,16623,22310,6.310,1.342,5.198e-16,prime,0
1923,1,z:ilp,nat-oop,17945,22952,5.845,1.279,5.198e-16,prime,1
1924,1,z:ilp,nat-oop,6883,28476,15.249,4.137,5.435e-16,chain3,0
1924,1,z:ilp,nat-oop,6639,29504,15.808,4.444,5.435e-16,chain3,1
1925,1,z:ilp,nat-oop,4815,6642,21.809,1.379,4.479e-16,chain3,0
1925,1,z:ilp,nat-oop,4767,7829,22.031,1.642,4.479e-16,chain3,1
1926,1,z:ilp,nat-oop,18401,28588,5.710,1.554,5.478e-16,prime,0
1926,1,z:ilp,nat-oop,16206,28370,6.484,1.751,5.478e-16,prime,1
1927,1,z:ilp,nat-oop,10130,52019,10.379,5.135,1.893e-15,flat,0
1927,1,z:ilp,nat-oop,10720,54758,9.807,5.108,1.893e-15,flat,1
1928,1,z:ilp,nat-oop,17650,21335,5.960,1.209,5.483e-16,prime,0
1928,1,z:ilp,nat-oop,17193,19730,6.119,1.148,5.483e-16,prime,1
1929,1,z:ilp,nat-oop,15999,32443,6.579,2.028,7.101e-16,prime,0
1929,1,z:ilp,nat-oop,16340,27725,6.442,1.697,7.101e-16,prime,1
1930,1,z:ilp,nat-oop,17048,19682,6.178,1.155,5.429e-16,prime,0
1930,1,z:ilp,nat-oop,17272,19490,6.098,1.128,5.429e-16,prime,1
1931,1,z:ilp,nat-oop,17171,29987,6.137,1.746,6.438e-16,prime,0
1931,1,z:ilp,nat-oop,15757,30075,6.688,1.909,6.438e-16,prime,1
1932,1,z:ilp,nat-oop,4899,18000,21.524,3.674,5.909e-16,chain3,0
1932,1,z:ilp,nat-oop,4816,18495,21.895,3.840,5.909e-16,chain3,1
1933,1,z:ilp,nat-oop,16115,28927,6.547,1.795,7.198e-16,prime,0
1933,1,z:ilp,nat-oop,19580,30424,5.389,1.554,7.198e-16,prime,1
1934,1,z:ilp,nat-oop,18172,39465,5.809,2.172,8.285e-16,prime,0
1934,1,z:ilp,nat-oop,18265,36107,5.780,1.977,8.285e-16,prime,1
1935,1,z:ilp,nat-oop,7282,29332,14.506,4.028,5.613e-16,chain3,0
1935,1,z:ilp,nat-oop,7419,30830,14.238,4.156,5.613e-16,chain3,1
1936,1,z:ilp,nat-oop,4018,8711,26.305,2.168,4.586e-16,chain3,0
1936,1,z:ilp,nat-oop,4781,7643,22.105,1.599,4.586e-16,chain3,1
1937,1,z:ilp,nat-oop,16917,28639,6.252,1.693,6.356e-16,prime,0
1937,1,z:ilp,nat-oop,18839,27729,5.614,1.472,6.356e-16,prime,1
1938,1,z:ilp,nat-oop,5969,28582,17.728,4.789,6.760e-16,chain3,0
1938,1,z:ilp,nat-oop,6904,29421,15.327,4.262,6.760e-16,chain3,1
1939,1,z:ilp,nat-oop,20547,26461,5.153,1.288,6.398e-16,prime,0
1939,1,z:ilp,nat-oop,16763,34451,6.316,2.055,6.398e-16,prime,1
1940,1,z:ilp,nat-oop,17328,20890,6.114,1.206,5.706e-16,prime,0
1940,1,z:ilp,nat-oop,16180,20892,6.548,1.291,5.706e-16,prime,1
1941,1,z:ilp,nat-oop,16650,28469,6.367,1.710,6.764e-16,prime,0
1941,1,z:ilp,nat-oop,15867,31996,6.681,2.017,6.764e-16,prime,1
1942,1,z:ilp,nat-oop,16509,31756,6.425,1.924,7.022e-16,prime,0
1942,1,z:ilp,nat-oop,16605,32466,6.387,1.955,7.022e-16,prime,1
1943,1,z:ilp,nat-oop,16548,54640,6.413,3.302,6.065e-16,prime,0
1943,1,z:ilp,nat-oop,16046,55801,6.614,3.478,6.065e-16,prime,1
1944,1,z:ilp,nat-oop,4246,4790,25.008,1.128,5.136e-16,chain3,0
1944,1,z:ilp,nat-oop,4213,4817,25.207,1.143,5.136e-16,chain3,1
1945,1,z:ilp,nat-oop,21474,28059,4.948,1.307,6.358e-16,prime,0
1945,1,z:ilp,nat-oop,16628,26462,6.390,1.591,6.358e-16,prime,1
1946,1,z:ilp,nat-oop,16765,27293,6.341,1.628,5.091e-16,prime,0
1946,1,z:ilp,nat-oop,16184,37338,6.569,2.307,5.091e-16,prime,1
1947,1,z:ilp,nat-oop,18246,29368,5.830,1.610,6.311e-16,prime,0
1947,1,z:ilp,nat-oop,17693,32562,6.012,1.840,6.311e-16,prime,1
1948,1,z:ilp,nat-oop,16696,24280,6.375,1.454,6.594e-16,prime,0
1948,1,z:ilp,nat-oop,16877,25467,6.306,1.509,6.594e-16,prime,1
1949,1,z:ilp,nat-oop,17964,29372,5.929,1.635,6.985e-16,prime,0
1949,1,z:ilp,nat-oop,15705,28423,6.781,1.810,6.985e-16,prime,1
1950,1,z:ilp,nat-oop,5328,9644,20.000,1.810,5.763e-16,chain3,0
1950,1,z:ilp,nat-oop,4250,4759,25.072,1.120,5.763e-16,chain3,1
1951,1,z:ilp,nat-oop,16777,27592,6.355,1.645,9.244e-16,prime,0
1951,1,z:ilp,nat-oop,17347,31590,6.146,1.821,9.244e-16,prime,1
1952,1,z:ilp,nat-oop,17645,24875,6.046,1.410,5.161e-16,prime,0
1952,1,z:ilp,nat-oop,18517,23401,5.761,1.264,5.161e-16,prime,1
1953,1,z:ilp,nat-oop,7090,29016,15.056,4.093,6.564e-16,chain3,0
1953,1,z:ilp,nat-oop,6999,25227,15.252,3.604,6.564e-16,chain3,1
1954,1,z:ilp,nat-oop,18432,28630,5.795,1.553,6.041e-16,prime,0
1954,1,z:ilp,nat-oop,16224,36003,6.583,2.219,6.041e-16,prime,1
1955,1,z:ilp,nat-oop,6500,31143,16.441,4.791,5.211e-16,chain3,0
1955,1,z:ilp,nat-oop,6428,32714,16.626,5.090,5.211e-16,chain3,1
1956,1,z:ilp,nat-oop,16352,24965,6.539,1.527,6.975e-16,prime,0
1956,1,z:ilp,nat-oop,17147,24646,6.236,1.437,6.975e-16,prime,1
1957,1,z:ilp,nat-oop,18096,44444,5.913,2.456,5.568e-16,prime,0
1957,1,z:ilp,nat-oop,16436,43732,6.510,2.661,5.568e-16,prime,1
1958,1,z:ilp,nat-oop,17865,29801,5.992,1.668,5.636e-16,prime,0
1958,1,z:ilp,nat-oop,16144,30287,6.631,1.876,5.636e-16,prime,1
1959,1,z:ilp,nat-oop,19663,31197,5.448,1.587,5.984e-16,prime,0
1959,1,z:ilp,nat-oop,16382,31893,6.539,1.947,5.984e-16,prime,1
1960,1,z:ilp,nat-oop,4626,4007,23.168,0.866,6.149e-16,flat,0
1960,1,z:ilp,nat-oop,4588,5072,23.359,1.105,6.149e-16,flat,1
1961,1,z:ilp,nat-oop,18127,56975,5.916,3.143,6.598e-16,prime,0
1961,1,z:ilp,nat-oop,16429,57133,6.528,3.478,6.598e-16,prime,1
1962,1,z:ilp,nat-oop,17261,23609,6.217,1.368,5.883e-16,prime,0
1962,1,z:ilp,nat-oop,16621,23407,6.456,1.408,5.883e-16,prime,1
1963,1,z:ilp,nat-oop,16386,25814,6.552,1.575,5.784e-16,prime,0
1963,1,z:ilp,nat-oop,17555,27572,6.116,1.571,5.784e-16,prime,1
1964,1,z:ilp,nat-oop,17131,29708,6.271,1.734,5.271e-16,prime,0
1964,1,z:ilp,nat-oop,16516,31748,6.505,1.922,5.271e-16,prime,1
1965,1,z:ilp,nat-oop,18249,31080,5.890,1.703,7.051e-16,prime,0
1965,1,z:ilp,nat-oop,17804,32201,6.037,1.809,7.051e-16,prime,1
1966,1,z:ilp,nat-oop,19296,28517,5.574,1.478,5.935e-16,prime,0
1966,1,z:ilp,nat-oop,16376,28025,6.568,1.711,5.935e-16,prime,1
1967,1,z:ilp,nat-oop,16319,27153,6.595,1.664,5.731e-16,prime,0
1967,1,z:ilp,nat-oop,16376,28219,6.571,1.723,5.731e-16,prime,1
1968,1,z:ilp,nat-oop,7557,31958,14.248,4.229,5.973e-16,chain3,0
1968,1,z:ilp,nat-oop,6700,33000,16.070,4.925,5.973e-16,chain3,1
1969,1,z:ilp,nat-oop,18032,30047,5.975,1.666,5.973e-16,prime,0
1969,1,z:ilp,nat-oop,16507,31941,6.527,1.935,5.973e-16,prime,1
1970,1,z:ilp,nat-oop,18816,23220,5.729,1.234,5.361e-16,prime,0
1970,1,z:ilp,nat-oop,17163,34978,6.281,2.038,5.361e-16,prime,1
1971,1,z:ilp,nat-oop,16555,23358,6.515,1.411,5.991e-16,prime,0
1971,1,z:ilp,nat-oop,16619,22842,6.490,1.374,5.991e-16,prime,1
1972,1,z:ilp,nat-oop,7491,35490,14.407,4.738,7.100e-16,chain3,0
1972,1,z:ilp,nat-oop,6792,35359,15.888,5.206,7.100e-16,chain3,1
1973,1,z:ilp,nat-oop,16316,36707,6.618,2.250,6.521e-16,prime,0
1973,1,z:ilp,nat-oop,17161,55109,6.292,3.211,6.521e-16,prime,1
1974,1,z:ilp,nat-oop,7980,30701,13.540,3.847,4.444e-16,chain3,0
1974,1,z:ilp,nat-oop,7748,31086,13.945,4.012,4.444e-16,chain3,1
1975,1,z:ilp,nat-oop,19414,29176,5.569,1.503,5.466e-16,prime,0
1975,1,z:ilp,nat-oop,18852,32854,5.734,1.743,5.466e-16,prime,1
1976,1,z:ilp,nat-oop,5231,18550,20.679,3.546,7.332e-16,chain3,0
1976,1,z:ilp,nat-oop,5345,19255,20.236,3.602,7.332e-16,chain3,1
1977,1,z:ilp,nat-oop,19006,30666,5.695,1.614,6.932e-16,prime,0
1977,1,z:ilp,nat-oop,15954,31200,6.784,1.956,6.932e-16,prime,1
1978,1,z:ilp,nat-oop,9280,45405,11.669,4.893,1.750e-15,flat,0
1978,1,z:ilp,nat-oop,9468,46149,11.437,4.874,1.750e-15,flat,1
1979,1,z:ilp,nat-oop,16231,26136,6.676,1.610,3.935e-16,prime,0
1979,1,z:ilp,nat-oop,15747,27754,6.881,1.763,3.935e-16,prime,1
1980,1,z:ilp,nat-oop,4268,5282,25.404,1.238,4.494e-16,chain3,0
1980,1,z:ilp,nat-oop,3929,5271,27.596,1.342,4.494e-16,chain3,1
1981,1,z:ilp,nat-oop,15965,26185,6.795,1.640,6.284e-16,prime,0
1981,1,z:ilp,nat-oop,15769,26322,6.879,1.669,6.284e-16,prime,1
1982,1,z:ilp,nat-oop,15731,28397,6.900,1.805,5.462e-16,prime,0
1982,1,z:ilp,nat-oop,15690,26754,6.918,1.705,5.462e-16,prime,1
1983,1,z:ilp,nat-oop,15867,30012,6.845,1.891,6.139e-16,prime,0
1983,1,z:ilp,nat-oop,15752,32378,6.894,2.055,6.139e-16,prime,1
1984,1,z:ilp,nat-oop,5167,21200,21.030,4.103,4.896e-16,2p,0
1984,1,z:ilp,nat-oop,5447,21436,19.948,3.935,4.896e-16,2p,1
1985,1,z:ilp,nat-oop,17786,26216,6.113,1.474,5.773e-16,prime,0
1985,1,z:ilp,nat-oop,17292,26199,6.288,1.515,5.773e-16,prime,1
1986,1,z:ilp,nat-oop,15809,34770,6.881,2.199,5.955e-16,prime,0
1986,1,z:ilp,nat-oop,16401,35202,6.633,2.146,5.955e-16,prime,1
1987,1,z:ilp,nat-oop,20380,28431,5.341,1.395,5.865e-16,prime,0
1987,1,z:ilp,nat-oop,19881,35971,5.475,1.809,5.865e-16,prime,1
1988,1,z:ilp,nat-oop,23271,34075,4.680,1.464,4.793e-16,prime,0
1988,1,z:ilp,nat-oop,17196,26676,6.334,1.551,4.793e-16,prime,1
1989,1,z:ilp,nat-oop,5832,24040,18.687,4.122,7.272e-16,chain3,0
1989,1,z:ilp,nat-oop,5379,21508,20.260,3.999,7.272e-16,chain3,1
1990,1,z:ilp,nat-oop,17041,27471,6.398,1.612,4.862e-16,prime,0
1990,1,z:ilp,nat-oop,16910,28448,6.448,1.682,4.862e-16,prime,1
1991,1,z:ilp,nat-oop,16918,23837,6.449,1.409,5.816e-16,prime,0
1991,1,z:ilp,nat-oop,18751,24806,5.818,1.323,5.816e-16,prime,1
1992,1,z:ilp,nat-oop,17763,33633,6.146,1.893,4.995e-16,prime,0
1992,1,z:ilp,nat-oop,16572,32962,6.587,1.989,4.995e-16,prime,1
1993,1,z:ilp,nat-oop,17516,26887,6.236,1.535,6.921e-16,prime,0
1993,1,z:ilp,nat-oop,16397,29015,6.661,1.770,6.921e-16,prime,1
1994,1,z:ilp,nat-oop,15932,27742,6.859,1.741,5.063e-16,prime,0
1994,1,z:ilp,nat-oop,15742,26833,6.943,1.705,5.063e-16,prime,1
1995,1,z:ilp,nat-oop,5512,19476,19.838,3.533,4.567e-16,chain3,0
1995,1,z:ilp,nat-oop,5075,18844,21.547,3.713,4.567e-16,chain3,1
1996,1,z:ilp,nat-oop,18779,29711,5.826,1.582,5.586e-16,prime,0
1996,1,z:ilp,nat-oop,18475,28322,5.922,1.533,5.586e-16,prime,1
1997,1,z:ilp,nat-oop,16114,28557,6.794,1.772,7.044e-16,prime,0
1997,1,z:ilp,nat-oop,15964,27174,6.857,1.702,7.044e-16,prime,1
1998,1,z:ilp,nat-oop,6590,24381,16.622,3.700,6.198e-16,chain3,0
1998,1,z:ilp,nat-oop,6373,24836,17.187,3.897,6.198e-16,chain3,1
1999,1,z:ilp,nat-oop,16800,26631,6.524,1.585,6.100e-16,prime,0
1999,1,z:ilp,nat-oop,16111,29406,6.803,1.825,6.100e-16,prime,1
2000,1,z:ilp,nat-oop,4278,3513,25.631,0.821,4.467e-16,chain3,0
2000,1,z:ilp,nat-oop,4143,3545,26.467,0.856,4.467e-16,chain3,1
2001,1,z:ilp,nat-oop,8119,38798,13.514,4.779,1.529e-15,flat,0
2001,1,z:ilp,nat-oop,8104,40037,13.540,4.941,1.529e-15,flat,1
2002,1,z:ilp,nat-oop,5984,8242,18.346,1.377,8.612e-16,flat,0
2002,1,z:ilp,nat-oop,5864,8320,18.722,1.419,8.612e-16,flat,1
2003,1,z:ilp,nat-oop,15862,31543,6.925,1.989,6.668e-16,prime,0
2003,1,z:ilp,nat-oop,15590,32583,7.046,2.090,6.668e-16,prime,1
2004,1,z:ilp,nat-oop,15845,28782,6.937,1.817,5.820e-16,prime,0
2004,1,z:ilp,nat-oop,15649,28779,7.023,1.839,5.820e-16,prime,1
2005,1,z:ilp,nat-oop,15704,20953,7.003,1.334,5.787e-16,prime,0
2005,1,z:ilp,nat-oop,15553,20825,7.071,1.339,5.787e-16,prime,1
2006,1,z:ilp,nat-oop,16817,42875,6.543,2.550,5.112e-16,prime,0
2006,1,z:ilp,nat-oop,15547,42704,7.077,2.747,5.112e-16,prime,1
2007,1,z:ilp,nat-oop,15801,28197,6.968,1.785,5.013e-16,prime,0
2007,1,z:ilp,nat-oop,15600,28771,7.057,1.844,5.013e-16,prime,1
2008,1,z:ilp,nat-oop,15984,23100,6.892,1.445,5.490e-16,prime,0
2008,1,z:ilp,nat-oop,15910,23528,6.924,1.479,5.490e-16,prime,1
2009,1,z:ilp,nat-oop,9435,27661,11.682,2.932,5.231e-16,flat,0
2009,1,z:ilp,nat-oop,7889,32699,13.971,4.145,5.231e-16,flat,1
2010,1,z:ilp,nat-oop,17417,35419,6.332,2.034,6.871e-16,prime,0
2010,1,z:ilp,nat-oop,15745,35599,7.004,2.261,6.871e-16,prime,1
2011,1,z:ilp,nat-oop,16975,31573,6.500,1.860,6.138e-16,prime,0
2011,1,z:ilp,nat-oop,18391,32208,6.000,1.751,6.138e-16,prime,1
2012,1,z:ilp,nat-oop,15739,24303,7.015,1.544,5.541e-16,prime,0
2012,1,z:ilp,nat-oop,15713,24614,7.026,1.566,5.541e-16,prime,1
2013,1,z:ilp,nat-oop,15818,24630,6.983,1.557,6.165e-16,prime,0
2013,1,z:ilp,nat-oop,15592,24682,7.085,1.583,6.165e-16,prime,1
2014,1,z:ilp,nat-oop,15760,49028,7.013,3.111,5.770e-16,prime,0
2014,1,z:ilp,nat-oop,15651,51920,7.062,3.317,5.770e-16,prime,1
2015,1,z:ilp,nat-oop,6762,24329,16.353,3.598,6.478e-16,chain3,0
2015,1,z:ilp,nat-oop,6759,24656,16.361,3.648,6.478e-16,chain3,1
2016,1,z:ilp,nat-oop,4103,3773,26.966,0.920,4.300e-16,chain3,0
2016,1,z:ilp,nat-oop,4137,3859,26.747,0.933,4.300e-16,chain3,1
2017,1,z:ilp,nat-oop,15640,31438,7.079,2.010,7.075e-16,prime,0
2017,1,z:ilp,nat-oop,15746,32967,7.031,2.094,7.075e-16,prime,1
2018,1,z:ilp,nat-oop,15620,37213,7.092,2.382,6.532e-16,prime,0
2018,1,z:ilp,nat-oop,15601,38890,7.101,2.493,6.532e-16,prime,1
2019,1,z:ilp,nat-oop,15728,29960,7.047,1.905,6.039e-16,prime,0
2019,1,z:ilp,nat-oop,15653,31412,7.081,2.007,6.039e-16,prime,1
2020,1,z:ilp,nat-oop,15717,21269,7.056,1.353,5.646e-16,prime,0
2020,1,z:ilp,nat-oop,16504,21389,6.719,1.296,5.646e-16,prime,1
2021,1,z:ilp,nat-oop,13192,60978,8.411,4.622,1.825e-15,flat,0
2021,1,z:ilp,nat-oop,10915,56820,10.166,5.206,1.825e-15,flat,1
2022,1,z:ilp,nat-oop,16140,34149,6.879,2.116,4.958e-16,prime,0
2022,1,z:ilp,nat-oop,16026,34060,6.928,2.125,4.958e-16,prime,1
2023,1,z:ilp,nat-oop,6288,30026,17.667,4.775,1.565e-15,flat,0
2023,1,z:ilp,nat-oop,6347,29972,17.502,4.722,1.565e-15,flat,1
2024,1,z:ilp,nat-oop,5502,20549,20.202,3.735,5.983e-16,chain3,0
2024,1,z:ilp,nat-oop,5593,21653,19.872,3.871,5.983e-16,chain3,1
2025,1,z:ilp,nat-oop,5113,6119,21.749,1.197,4.284e-16,chain3,0
2025,1,z:ilp,nat-oop,5039,8023,22.071,1.592,4.284e-16,chain3,1
2026,1,z:ilp,nat-oop,15934,41796,6.983,2.623,9.217e-16,prime,0
2026,1,z:ilp,nat-oop,16280,39480,6.835,2.425,9.217e-16,prime,1
2027,1,z:ilp,nat-oop,18811,28165,5.919,1.497,6.182e-16,prime,0
2027,1,z:ilp,nat-oop,18776,28875,5.930,1.538,6.182e-16,prime,1
2028,1,z:ilp,nat-oop,4715,7902,23.624,1.676,6.328e-16,chain3,0
2028,1,z:ilp,nat-oop,4712,7877,23.641,1.672,6.328e-16,chain3,1
2029,1,z:ilp,nat-oop,15921,30718,7.001,1.929,1.033e-15,prime,0
2029,1,z:ilp,nat-oop,14861,28797,7.500,1.938,1.033e-15,prime,1
2030,1,z:ilp,nat-oop,5864,25045,19.018,4.271,4.351e-16,chain3,0
2030,1,z:ilp,nat-oop,5991,21775,18.613,3.634,4.351e-16,chain3,1
2031,1,z:ilp,nat-oop,16520,29341,6.754,1.776,5.832e-16,prime,0
2031,1,z:ilp,nat-oop,16254,29814,6.865,1.834,5.832e-16,prime,1
2032,1,z:ilp,nat-oop,17896,26891,6.238,1.503,6.350e-16,prime,0
2032,1,z:ilp,nat-oop,18150,26942,6.151,1.484,6.350e-16,prime,1
2033,1,z:ilp,nat-oop,26663,48711,4.190,1.827,6.900e-16,prime,0
2033,1,z:ilp,nat-oop,16570,45697,6.742,2.758,6.900e-16,prime,1
2034,1,z:ilp,nat-oop,17336,38957,6.447,2.247,5.873e-16,prime,0
2034,1,z:ilp,nat-oop,22560,44681,4.954,1.981,5.873e-16,prime,1
2035,1,z:ilp,nat-oop,9162,28471,12.207,3.108,5.693e-16,chain3,0
2035,1,z:ilp,nat-oop,7558,28460,14.797,3.766,5.693e-16,chain3,1
2036,1,z:ilp,nat-oop,16386,31486,6.829,1.922,6.210e-16,prime,0
2036,1,z:ilp,nat-oop,19137,29274,5.847,1.530,6.210e-16,prime,1
2037,1,z:ilp,nat-oop,16130,23641,6.941,1.466,5.361e-16,prime,0
2037,1,z:ilp,nat-oop,17056,23692,6.564,1.389,5.361e-16,prime,1
2038,1,z:ilp,nat-oop,16837,29153,6.653,1.732,6.831e-16,prime,0
2038,1,z:ilp,nat-oop,16685,28567,6.714,1.712,6.831e-16,prime,1
2039,1,z:ilp,nat-oop,16731,29194,6.699,1.745,7.612e-16,prime,0
2039,1,z:ilp,nat-oop,16441,29501,6.817,1.794,7.612e-16,prime,1
2040,1,z:ilp,nat-oop,4753,26132,23.593,5.498,6.898e-16,chain3,0
2040,1,z:ilp,nat-oop,7255,26405,15.456,3.639,6.898e-16,chain3,1
2041,1,z:ilp,nat-oop,16744,33544,6.701,2.003,5.463e-16,prime,0
2041,1,z:ilp,nat-oop,18413,30444,6.094,1.653,5.463e-16,prime,1
2042,1,z:ilp,nat-oop,16744,32464,6.705,1.939,6.124e-16,prime,0
2042,1,z:ilp,nat-oop,16482,29245,6.811,1.774,6.124e-16,prime,1
2043,1,z:ilp,nat-oop,18983,29272,5.917,1.542,6.579e-16,prime,0
2043,1,z:ilp,nat-oop,16574,28777,6.777,1.736,6.579e-16,prime,1
2044,1,z:ilp,nat-oop,17901,25103,6.278,1.402,5.352e-16,prime,0
2044,1,z:ilp,nat-oop,16476,23150,6.822,1.405,5.352e-16,prime,1
2045,1,z:ilp,nat-oop,18494,29413,6.081,1.590,7.340e-16,prime,0
2045,1,z:ilp,nat-oop,17174,31318,6.548,1.824,7.340e-16,prime,1
2046,1,z:ilp,nat-oop,7020,27117,16.028,3.863,5.396e-16,chain3,0
2046,1,z:ilp,nat-oop,6760,27129,16.644,4.013,5.396e-16,chain3,1
2047,1,z:ilp,nat-oop,18926,47084,5.948,2.488,4.995e-16,prime,0
2047,1,z:ilp,nat-oop,17543,49132,6.417,2.801,4.995e-16,prime,1
2048,1,z:ilp,nat-oop,2797,3227,40.276,1.154,3.059e-16,ztt,0
2048,1,z:ilp,nat-oop,2799,3286,40.240,1.174,3.059e-16,ztt,1
