N,K,plan,path,vfft_ns,mkl_ns,vfft_gflops,ratio_vs_mkl,rt_err,route,flip
2049,1,z:ilp,nat-oop,31576,22094,3.569,0.700,8.652e-16,prime,0
2049,1,z:ilp,nat-oop,22421,22027,5.027,0.982,8.652e-16,prime,1
2050,1,z:ilp,nat-oop,9607,10653,11.738,1.109,1.801e-15,chain3,0
2050,1,z:ilp,nat-oop,9758,10660,11.557,1.093,1.801e-15,chain3,1
2051,1,z:ilp,nat-oop,22837,22010,4.941,0.964,8.602e-16,prime,0
2051,1,z:ilp,nat-oop,23393,21960,4.823,0.939,8.602e-16,prime,1
2052,1,z:ilp,nat-oop,3095,5991,36.469,1.935,1.152e-15,chain3,0
2052,1,z:ilp,nat-oop,3706,6000,30.462,1.619,1.152e-15,chain3,1
2053,1,z:ilp,nat-oop,15146,22094,7.457,1.459,3.077e-15,prime,0
2053,1,z:ilp,nat-oop,18984,22102,5.950,1.164,3.077e-15,prime,1
2054,1,z:ilp,nat-oop,22041,23163,5.128,1.051,7.667e-16,prime,0
2054,1,z:ilp,nat-oop,22051,23175,5.125,1.051,7.667e-16,prime,1
2055,1,z:ilp,nat-oop,22042,22000,5.130,0.998,8.322e-16,prime,0
2055,1,z:ilp,nat-oop,22492,21951,5.027,0.976,8.322e-16,prime,1
2056,1,z:ilp,nat-oop,22524,21961,5.023,0.975,9.108e-16,prime,0
2056,1,z:ilp,nat-oop,22111,21850,5.117,0.988,9.108e-16,prime,1
2057,1,z:ilp,nat-oop,4571,6015,24.767,1.316,1.487e-15,flat,0
2057,1,z:ilp,nat-oop,4473,5977,25.307,1.336,1.487e-15,flat,1
2058,1,z:ilp,nat-oop,3870,3400,29.264,0.878,6.260e-16,flat,0
2058,1,z:ilp,nat-oop,3886,3413,29.146,0.878,6.260e-16,flat,1
2059,1,z:ilp,nat-oop,22979,31975,4.932,1.391,7.262e-16,prime,0
2059,1,z:ilp,nat-oop,22598,31960,5.015,1.414,7.262e-16,prime,1
2060,1,z:ilp,nat-oop,22400,30605,5.062,1.366,6.748e-16,prime,0
2060,1,z:ilp,nat-oop,22878,30629,4.956,1.339,6.748e-16,prime,1
2061,1,z:ilp,nat-oop,22094,22106,5.135,1.001,9.729e-16,prime,0
2061,1,z:ilp,nat-oop,22604,22107,5.019,0.978,9.729e-16,prime,1
2062,1,z:ilp,nat-oop,23023,22101,4.930,0.960,7.902e-16,prime,0
2062,1,z:ilp,nat-oop,22074,22117,5.142,1.002,7.902e-16,prime,1
2063,1,z:ilp,nat-oop,22603,21982,5.025,0.973,9.033e-16,prime,0
2063,1,z:ilp,nat-oop,22066,22081,5.147,1.001,9.033e-16,prime,1
2064,1,z:ilp,nat-oop,6565,11014,17.310,1.678,1.721e-15,flat,0
2064,1,z:ilp,nat-oop,9175,11064,12.386,1.206,1.721e-15,flat,1
2065,1,z:ilp,nat-oop,21509,20651,5.286,0.960,5.891e-16,prime,0
2065,1,z:ilp,nat-oop,21504,20657,5.287,0.961,5.891e-16,prime,1
2066,1,z:ilp,nat-oop,22663,22025,5.020,0.972,8.872e-16,prime,0
2066,1,z:ilp,nat-oop,22515,22081,5.053,0.981,8.872e-16,prime,1
2067,1,z:ilp,nat-oop,22997,18614,4.949,0.809,6.743e-16,prime,0
2067,1,z:ilp,nat-oop,22999,18599,4.949,0.809,6.743e-16,prime,1
2068,1,z:ilp,nat-oop,11725,12748,9.713,1.087,2.794e-15,chain3,0
2068,1,z:ilp,nat-oop,12026,12724,9.470,1.058,2.794e-15,chain3,1
2069,1,z:ilp,nat-oop,22616,22078,5.038,0.976,9.424e-16,prime,0
2069,1,z:ilp,nat-oop,22080,22128,5.161,1.002,9.424e-16,prime,1
2070,1,z:ilp,nat-oop,4718,6747,24.163,1.430,1.736e-15,chain3,0
2070,1,z:ilp,nat-oop,5451,6757,20.915,1.240,1.736e-15,chain3,1
2071,1,z:ilp,nat-oop,22408,22021,5.091,0.983,8.371e-16,prime,0
2071,1,z:ilp,nat-oop,23432,21964,4.868,0.937,8.371e-16,prime,1
2072,1,z:ilp,nat-oop,6912,9718,16.511,1.406,2.404e-15,chain3,0
2072,1,z:ilp,nat-oop,9117,9709,12.519,1.065,2.404e-15,chain3,1
2073,1,z:ilp,nat-oop,22565,22075,5.061,0.978,9.361e-16,prime,0
2073,1,z:ilp,nat-oop,23099,22093,4.944,0.956,9.361e-16,prime,1
2074,1,z:ilp,nat-oop,22458,19162,5.088,0.853,6.168e-16,prime,0
2074,1,z:ilp,nat-oop,22839,19177,5.003,0.840,6.168e-16,prime,1
2075,1,z:ilp,nat-oop,22978,32158,4.975,1.400,7.656e-16,prime,0
2075,1,z:ilp,nat-oop,22499,32155,5.081,1.429,7.656e-16,prime,1
2076,1,z:ilp,nat-oop,22867,22002,5.002,0.962,8.638e-16,prime,0
2076,1,z:ilp,nat-oop,23402,21888,4.888,0.935,8.638e-16,prime,1
2077,1,z:ilp,nat-oop,22093,31100,5.180,1.408,1.132e-15,prime,0
2077,1,z:ilp,nat-oop,22566,31097,5.072,1.378,1.132e-15,prime,1
2078,1,z:ilp,nat-oop,22660,22104,5.053,0.975,9.036e-16,prime,0
2078,1,z:ilp,nat-oop,22630,22071,5.060,0.975,9.036e-16,prime,1
2079,1,z:ilp,nat-oop,3203,3826,35.765,1.194,8.959e-16,chain3,0
2079,1,z:ilp,nat-oop,3214,3868,35.650,1.204,8.959e-16,chain3,1
2080,1,z:ilp,nat-oop,2574,3418,44.533,1.328,1.119e-15,chain3,0
2080,1,z:ilp,nat-oop,2539,3417,45.146,1.346,1.119e-15,chain3,1
2081,1,z:ilp,nat-oop,9395,22188,12.208,2.362,1.244e-15,prime,0
2081,1,z:ilp,nat-oop,9518,22138,12.051,2.326,1.244e-15,prime,1
2082,1,z:ilp,nat-oop,22641,22090,5.069,0.976,9.100e-16,prime,0
2082,1,z:ilp,nat-oop,22077,22072,5.198,1.000,9.100e-16,prime,1
2083,1,z:ilp,nat-oop,22614,22008,5.077,0.973,9.029e-16,prime,0
2083,1,z:ilp,nat-oop,22081,22012,5.200,0.997,9.029e-16,prime,1
2084,1,z:ilp,nat-oop,22726,22008,5.055,0.968,9.248e-16,prime,0
2084,1,z:ilp,nat-oop,22875,22007,5.022,0.962,9.248e-16,prime,1
2085,1,z:ilp,nat-oop,22711,22091,5.061,0.973,1.012e-15,prime,0
2085,1,z:ilp,nat-oop,22976,22097,5.003,0.962,1.012e-15,prime,1
2086,1,z:ilp,nat-oop,22481,47448,5.116,2.111,7.037e-16,prime,0
2086,1,z:ilp,nat-oop,22989,47680,5.003,2.074,7.037e-16,prime,1
2087,1,z:ilp,nat-oop,22514,21995,5.111,0.977,1.104e-15,prime,0
2087,1,z:ilp,nat-oop,22751,21997,5.058,0.967,1.104e-15,prime,1
2088,1,z:ilp,nat-oop,4990,8093,23.071,1.622,1.563e-15,flat,0
2088,1,z:ilp,nat-oop,6507,8064,17.693,1.239,1.563e-15,flat,1
2089,1,z:ilp,nat-oop,15724,22146,7.326,1.408,2.537e-15,prime,0
2089,1,z:ilp,nat-oop,15121,22148,7.618,1.465,2.537e-15,prime,1
2090,1,z:ilp,nat-oop,4099,6655,28.116,1.623,1.754e-15,chain3,0
2090,1,z:ilp,nat-oop,4060,6663,28.386,1.641,1.754e-15,chain3,1
2091,1,z:ilp,nat-oop,8719,16542,13.226,1.897,2.595e-15,chain3,0
2091,1,z:ilp,nat-oop,8972,16566,12.853,1.846,2.595e-15,chain3,1
2092,1,z:ilp,nat-oop,23086,22009,4.998,0.953,9.637e-16,prime,0
2092,1,z:ilp,nat-oop,22478,21992,5.133,0.978,9.637e-16,prime,1
2093,1,z:ilp,nat-oop,5075,7600,22.747,1.498,1.797e-15,flat,0
2093,1,z:ilp,nat-oop,5836,7612,19.780,1.304,1.797e-15,flat,1
2094,1,z:ilp,nat-oop,22694,22078,5.090,0.973,9.675e-16,prime,0
2094,1,z:ilp,nat-oop,22129,22158,5.220,1.001,9.675e-16,prime,1
2095,1,z:ilp,nat-oop,22350,22012,5.171,0.985,8.643e-16,prime,0
2095,1,z:ilp,nat-oop,23042,22027,5.015,0.956,8.643e-16,prime,1
2096,1,z:ilp,nat-oop,23066,39354,5.013,1.706,9.062e-16,prime,0
2096,1,z:ilp,nat-oop,22535,39368,5.131,1.747,9.062e-16,prime,1
2097,1,z:ilp,nat-oop,22512,22022,5.139,0.978,8.382e-16,prime,0
2097,1,z:ilp,nat-oop,23058,22123,5.017,0.959,8.382e-16,prime,1
2098,1,z:ilp,nat-oop,22652,22109,5.110,0.976,7.945e-16,prime,0
2098,1,z:ilp,nat-oop,22057,22207,5.248,1.007,7.945e-16,prime,1
2099,1,z:ilp,nat-oop,23010,22075,5.033,0.959,8.758e-16,prime,0
2099,1,z:ilp,nat-oop,23003,22080,5.035,0.960,8.758e-16,prime,1
2100,1,z:ilp,nat-oop,2968,3378,39.044,1.138,7.206e-16,chain3,0
2100,1,z:ilp,nat-oop,2895,3396,40.028,1.173,7.206e-16,chain3,1
2101,1,z:ilp,nat-oop,22944,22129,5.053,0.964,7.347e-16,prime,0
2101,1,z:ilp,nat-oop,22503,22110,5.152,0.983,7.347e-16,prime,1
2102,1,z:ilp,nat-oop,23059,22115,5.031,0.959,7.889e-16,prime,0
2102,1,z:ilp,nat-oop,22931,22153,5.059,0.966,7.889e-16,prime,1
2103,1,z:ilp,nat-oop,22979,22047,5.051,0.959,1.003e-15,prime,0
2103,1,z:ilp,nat-oop,23448,21999,4.950,0.938,1.003e-15,prime,1
2104,1,z:ilp,nat-oop,23105,21996,5.026,0.952,8.014e-16,prime,0
2104,1,z:ilp,nat-oop,23321,21954,4.980,0.941,8.014e-16,prime,1
2105,1,z:ilp,nat-oop,22878,22107,5.079,0.966,6.699e-16,prime,0
2105,1,z:ilp,nat-oop,22434,22108,5.179,0.985,6.699e-16,prime,1
2106,1,z:ilp,nat-oop,3837,3645,30.302,0.950,9.879e-16,chain3,0
2106,1,z:ilp,nat-oop,3889,3652,29.894,0.939,9.879e-16,chain3,1
2107,1,z:ilp,nat-oop,11060,14301,10.517,1.293,2.309e-15,chain3,0
2107,1,z:ilp,nat-oop,8203,14327,14.180,1.747,2.309e-15,chain3,1
2108,1,z:ilp,nat-oop,5998,10573,19.402,1.763,1.997e-15,flat,0
2108,1,z:ilp,nat-oop,7811,10563,14.900,1.352,1.997e-15,flat,1
2109,1,z:ilp,nat-oop,10790,15531,10.791,1.439,3.351e-15,flat,0
2109,1,z:ilp,nat-oop,10120,15596,11.506,1.541,3.351e-15,flat,1
2110,1,z:ilp,nat-oop,22093,22269,5.273,1.008,8.440e-16,prime,0
2110,1,z:ilp,nat-oop,22673,22142,5.139,0.977,8.440e-16,prime,1
2111,1,z:ilp,nat-oop,23029,22071,5.062,0.958,8.855e-16,prime,0
2111,1,z:ilp,nat-oop,23067,22049,5.053,0.956,8.855e-16,prime,1
2112,1,z:ilp,nat-oop,2437,3299,47.864,1.354,9.010e-16,chain3,0
2112,1,z:ilp,nat-oop,2520,3313,46.282,1.315,9.010e-16,chain3,1
2113,1,z:ilp,nat-oop,8887,22128,13.131,2.490,1.294e-15,prime,0
2113,1,z:ilp,nat-oop,8849,22191,13.187,2.508,1.294e-15,prime,1
2114,1,z:ilp,nat-oop,23037,22150,5.068,0.962,8.221e-16,prime,0
2114,1,z:ilp,nat-oop,23078,22140,5.059,0.959,8.221e-16,prime,1
2115,1,z:ilp,nat-oop,9142,16248,12.778,1.777,2.237e-15,chain3,0
2115,1,z:ilp,nat-oop,12546,16246,9.311,1.295,2.237e-15,chain3,1
2116,1,z:ilp,nat-oop,8285,10073,14.108,1.216,1.792e-15,flat,0
2116,1,z:ilp,nat-oop,9226,10072,12.669,1.092,1.792e-15,flat,1
2117,1,z:ilp,nat-oop,22487,34029,5.200,1.513,6.485e-16,prime,0
2117,1,z:ilp,nat-oop,22666,34046,5.159,1.502,6.485e-16,prime,1
2118,1,z:ilp,nat-oop,33789,22024,3.463,0.652,7.120e-16,prime,0
2118,1,z:ilp,nat-oop,23101,22132,5.065,0.958,7.120e-16,prime,1
2119,1,z:ilp,nat-oop,23077,22020,5.073,0.954,7.746e-16,prime,0
2119,1,z:ilp,nat-oop,22697,22031,5.158,0.971,7.746e-16,prime,1
2120,1,z:ilp,nat-oop,22679,14851,5.165,0.655,8.516e-16,prime,0
2120,1,z:ilp,nat-oop,22496,14865,5.207,0.661,8.516e-16,prime,1
2121,1,z:ilp,nat-oop,23385,22119,5.011,0.946,8.948e-16,prime,0
2121,1,z:ilp,nat-oop,23009,22103,5.093,0.961,8.948e-16,prime,1
2122,1,z:ilp,nat-oop,22398,22193,5.235,0.991,9.442e-16,prime,0
2122,1,z:ilp,nat-oop,22382,22128,5.239,0.989,9.442e-16,prime,1
2123,1,z:ilp,nat-oop,22473,22073,5.220,0.982,9.049e-16,prime,0
2123,1,z:ilp,nat-oop,22874,22110,5.129,0.967,9.049e-16,prime,1
2124,1,z:ilp,nat-oop,22637,16758,5.185,0.740,8.067e-16,prime,0
2124,1,z:ilp,nat-oop,22120,16758,5.307,0.758,8.067e-16,prime,1
2125,1,z:ilp,nat-oop,4310,6311,27.251,1.464,1.311e-15,chain3,0
2125,1,z:ilp,nat-oop,4127,6310,28.457,1.529,1.311e-15,chain3,1
2126,1,z:ilp,nat-oop,23008,22236,5.107,0.966,8.739e-16,prime,0
2126,1,z:ilp,nat-oop,22467,22126,5.230,0.985,8.739e-16,prime,1
2127,1,z:ilp,nat-oop,22928,22057,5.128,0.962,9.351e-16,prime,0
2127,1,z:ilp,nat-oop,23022,22133,5.107,0.961,9.351e-16,prime,1
2128,1,z:ilp,nat-oop,3667,5776,32.076,1.575,1.066e-15,chain3,0
2128,1,z:ilp,nat-oop,3474,5744,33.857,1.653,1.066e-15,chain3,1
2129,1,z:ilp,nat-oop,10963,22140,10.735,2.019,1.612e-15,prime,0
2129,1,z:ilp,nat-oop,10912,22172,10.785,2.032,1.612e-15,prime,1
2130,1,z:ilp,nat-oop,23090,20458,5.100,0.886,1.050e-15,prime,0
2130,1,z:ilp,nat-oop,22472,20472,5.240,0.911,1.050e-15,prime,1
2131,1,z:ilp,nat-oop,22515,22054,5.233,0.979,9.236e-16,prime,0
2131,1,z:ilp,nat-oop,22090,22033,5.333,0.997,9.236e-16,prime,1
2132,1,z:ilp,nat-oop,9664,11143,12.198,1.153,2.320e-15,chain3,0
2132,1,z:ilp,nat-oop,9623,11114,12.249,1.155,2.320e-15,chain3,1
2133,1,z:ilp,nat-oop,22861,30839,5.159,1.349,8.913e-16,prime,0
2133,1,z:ilp,nat-oop,22496,30813,5.243,1.370,8.913e-16,prime,1
2134,1,z:ilp,nat-oop,22656,30920,5.208,1.365,5.982e-16,prime,0
2134,1,z:ilp,nat-oop,27445,30969,4.300,1.128,5.982e-16,prime,1
2135,1,z:ilp,nat-oop,23433,22629,5.039,0.966,9.206e-16,prime,0
2135,1,z:ilp,nat-oop,23071,22656,5.117,0.982,9.206e-16,prime,1
2136,1,z:ilp,nat-oop,27599,27364,4.280,0.991,7.178e-16,prime,0
2136,1,z:ilp,nat-oop,22426,27336,5.267,1.219,7.178e-16,prime,1
2137,1,z:ilp,nat-oop,22521,22155,5.248,0.984,9.039e-16,prime,0
2137,1,z:ilp,nat-oop,29138,22168,4.056,0.761,9.039e-16,prime,1
2138,1,z:ilp,nat-oop,22675,22139,5.215,0.976,1.157e-15,prime,0
2138,1,z:ilp,nat-oop,22099,22211,5.351,1.005,1.157e-15,prime,1
2139,1,z:ilp,nat-oop,9757,14494,12.126,1.486,1.919e-15,flat,0
2139,1,z:ilp,nat-oop,7655,14479,15.456,1.892,1.919e-15,flat,1
2140,1,z:ilp,nat-oop,22935,33196,5.161,1.447,8.880e-16,prime,0
2140,1,z:ilp,nat-oop,23069,33098,5.131,1.435,8.880e-16,prime,1
2141,1,z:ilp,nat-oop,22421,22178,5.283,0.989,9.707e-16,prime,0
2141,1,z:ilp,nat-oop,22731,22200,5.211,0.977,9.707e-16,prime,1
2142,1,z:ilp,nat-oop,3828,5936,30.955,1.550,1.315e-15,chain3,0
2142,1,z:ilp,nat-oop,4176,5917,28.379,1.417,1.315e-15,chain3,1
2143,1,z:ilp,nat-oop,13378,22057,8.862,1.649,2.691e-15,prime,0
2143,1,z:ilp,nat-oop,13502,22146,8.781,1.640,2.691e-15,prime,1
2144,1,z:ilp,nat-oop,22640,19262,5.240,0.851,8.074e-16,prime,0
2144,1,z:ilp,nat-oop,22651,19306,5.237,0.852,8.074e-16,prime,1
2145,1,z:ilp,nat-oop,3677,4006,32.278,1.090,1.175e-15,chain3,0
2145,1,z:ilp,nat-oop,3612,4027,32.858,1.115,1.175e-15,chain3,1
2146,1,z:ilp,nat-oop,12751,14641,9.313,1.148,3.959e-15,flat,0
2146,1,z:ilp,nat-oop,12123,14652,9.796,1.209,3.959e-15,flat,1
2147,1,z:ilp,nat-oop,22951,22066,5.177,0.961,1.018e-15,prime,0
2147,1,z:ilp,nat-oop,22928,22078,5.182,0.963,1.018e-15,prime,1
2148,1,z:ilp,nat-oop,22565,22166,5.268,0.982,1.007e-15,prime,0
2148,1,z:ilp,nat-oop,22101,22056,5.379,0.998,1.007e-15,prime,1
2149,1,z:ilp,nat-oop,22446,22179,5.299,0.988,8.384e-16,prime,0
2149,1,z:ilp,nat-oop,22472,22182,5.293,0.987,8.384e-16,prime,1
2150,1,z:ilp,nat-oop,11458,11662,10.386,1.018,2.066e-15,chain3,0
2150,1,z:ilp,nat-oop,8142,11730,14.615,1.441,2.066e-15,chain3,1
2151,1,z:ilp,nat-oop,23052,22206,5.165,0.963,9.091e-16,prime,0
2151,1,z:ilp,nat-oop,23065,22058,5.162,0.956,9.091e-16,prime,1
2152,1,z:ilp,nat-oop,22667,22078,5.256,0.974,8.794e-16,prime,0
2152,1,z:ilp,nat-oop,22454,22054,5.305,0.982,8.794e-16,prime,1
2153,1,z:ilp,nat-oop,22536,22184,5.289,0.984,8.665e-16,prime,0
2153,1,z:ilp,nat-oop,23042,22185,5.173,0.963,8.665e-16,prime,1
2154,1,z:ilp,nat-oop,22552,22147,5.288,0.982,9.664e-16,prime,0
2154,1,z:ilp,nat-oop,31747,22134,3.756,0.697,9.664e-16,prime,1
2155,1,z:ilp,nat-oop,23060,22077,5.174,0.957,1.034e-15,prime,0
2155,1,z:ilp,nat-oop,34322,22049,3.476,0.642,1.034e-15,prime,1
2156,1,z:ilp,nat-oop,3244,3926,36.795,1.210,1.071e-15,flat,0
2156,1,z:ilp,nat-oop,3305,3929,36.118,1.189,1.071e-15,flat,1
2157,1,z:ilp,nat-oop,22135,22117,5.396,0.999,7.263e-16,prime,0
2157,1,z:ilp,nat-oop,22141,22153,5.395,1.001,7.263e-16,prime,1
2158,1,z:ilp,nat-oop,23078,25698,5.178,1.114,7.559e-16,prime,0
2158,1,z:ilp,nat-oop,23075,25673,5.179,1.113,7.559e-16,prime,1
2159,1,z:ilp,nat-oop,22486,22102,5.317,0.983,8.285e-16,prime,0
2159,1,z:ilp,nat-oop,22591,22139,5.293,0.980,8.285e-16,prime,1
2160,1,z:ilp,nat-oop,2466,3529,48.508,1.431,8.096e-16,chain3,0
2160,1,z:ilp,nat-oop,2462,3514,48.591,1.427,8.096e-16,chain3,1
2161,1,z:ilp,nat-oop,8364,22162,14.310,2.650,7.954e-16,prime,0
2161,1,z:ilp,nat-oop,8757,22186,13.669,2.534,7.954e-16,prime,1
2162,1,z:ilp,nat-oop,15959,16633,7.504,1.042,2.759e-15,flat,0
2162,1,z:ilp,nat-oop,11631,16599,10.296,1.427,2.759e-15,flat,1
2163,1,z:ilp,nat-oop,23107,22066,5.185,0.955,9.993e-16,prime,0
2163,1,z:ilp,nat-oop,22072,22059,5.429,0.999,9.993e-16,prime,1
2164,1,z:ilp,nat-oop,22495,22094,5.329,0.982,7.740e-16,prime,0
2164,1,z:ilp,nat-oop,23472,22150,5.107,0.944,7.740e-16,prime,1
2165,1,z:ilp,nat-oop,22134,22244,5.419,1.005,8.984e-16,prime,0
2165,1,z:ilp,nat-oop,22150,22165,5.415,1.001,8.984e-16,prime,1
2166,1,z:ilp,nat-oop,6064,8488,19.789,1.400,1.554e-15,chain3,0
2166,1,z:ilp,nat-oop,5854,8491,20.499,1.450,1.554e-15,chain3,1
2167,1,z:ilp,nat-oop,22675,22095,5.295,0.974,6.543e-16,prime,0
2167,1,z:ilp,nat-oop,22741,22067,5.280,0.970,6.543e-16,prime,1
2168,1,z:ilp,nat-oop,23088,22080,5.203,0.956,8.198e-16,prime,0
2168,1,z:ilp,nat-oop,22726,22073,5.286,0.971,8.198e-16,prime,1
2169,1,z:ilp,nat-oop,26753,22186,4.493,0.829,9.987e-16,prime,0
2169,1,z:ilp,nat-oop,22904,22178,5.248,0.968,9.987e-16,prime,1
2170,1,z:ilp,nat-oop,7951,9122,15.125,1.147,1.993e-15,chain3,0
2170,1,z:ilp,nat-oop,8030,9117,14.977,1.135,1.993e-15,chain3,1
2171,1,z:ilp,nat-oop,24701,22088,4.871,0.894,9.903e-16,prime,0
2171,1,z:ilp,nat-oop,22704,22083,5.299,0.973,9.903e-16,prime,1
2172,1,z:ilp,nat-oop,23132,22132,5.204,0.957,8.183e-16,prime,0
2172,1,z:ilp,nat-oop,22756,22071,5.290,0.970,8.183e-16,prime,1
2173,1,z:ilp,nat-oop,23077,30565,5.219,1.324,9.662e-16,prime,0
2173,1,z:ilp,nat-oop,22918,30518,5.255,1.332,9.662e-16,prime,1
2174,1,z:ilp,nat-oop,22189,22136,5.431,0.998,8.708e-16,prime,0
2174,1,z:ilp,nat-oop,22583,22207,5.336,0.983,8.708e-16,prime,1
2175,1,z:ilp,nat-oop,6793,9860,17.748,1.451,1.460e-15,chain3,0
2175,1,z:ilp,nat-oop,9382,9863,12.851,1.051,1.460e-15,chain3,1
2176,1,z:ilp,nat-oop,3225,5794,37.406,1.797,1.315e-15,chain3,0
2176,1,z:ilp,nat-oop,2977,5786,40.517,1.943,1.315e-15,chain3,1
2177,1,z:ilp,nat-oop,22704,22180,5.316,0.977,9.105e-16,prime,0
2177,1,z:ilp,nat-oop,22154,22245,5.448,1.004,9.105e-16,prime,1
2178,1,z:ilp,nat-oop,4959,3942,24.349,0.795,1.299e-15,flat,0
2178,1,z:ilp,nat-oop,4984,3888,24.231,0.780,1.299e-15,flat,1
2179,1,z:ilp,nat-oop,22965,22070,5.261,0.961,8.029e-16,prime,0
2179,1,z:ilp,nat-oop,22543,22105,5.359,0.981,8.029e-16,prime,1
2180,1,z:ilp,nat-oop,23134,35188,5.225,1.521,9.611e-16,prime,0
2180,1,z:ilp,nat-oop,22665,35240,5.334,1.555,9.611e-16,prime,1
2181,1,z:ilp,nat-oop,22129,22195,5.466,1.003,8.383e-16,prime,0
2181,1,z:ilp,nat-oop,22683,22181,5.332,0.978,8.383e-16,prime,1
2182,1,z:ilp,nat-oop,23104,22181,5.238,0.960,6.835e-16,prime,0
2182,1,z:ilp,nat-oop,23058,22122,5.248,0.959,6.835e-16,prime,1
2183,1,z:ilp,nat-oop,24319,31124,4.978,1.280,6.282e-16,prime,0
2183,1,z:ilp,nat-oop,22737,31142,5.325,1.370,6.282e-16,prime,1
2184,1,z:ilp,nat-oop,3626,3656,33.410,1.008,1.145e-15,chain3,0
2184,1,z:ilp,nat-oop,3414,3672,35.479,1.075,1.145e-15,chain3,1
2185,1,z:ilp,nat-oop,6100,11496,19.869,1.885,1.730e-15,chain3,0
2185,1,z:ilp,nat-oop,7375,11460,16.434,1.554,1.730e-15,chain3,1
2186,1,z:ilp,nat-oop,23022,22206,5.267,0.965,8.359e-16,prime,0
2186,1,z:ilp,nat-oop,22559,22176,5.375,0.983,8.359e-16,prime,1
2187,1,z:ilp,nat-oop,4168,4527,29.105,1.086,1.101e-15,chain3,0
2187,1,z:ilp,nat-oop,3849,4502,31.520,1.170,1.101e-15,chain3,1
2188,1,z:ilp,nat-oop,22998,22087,5.278,0.960,9.131e-16,prime,0
2188,1,z:ilp,nat-oop,22947,22094,5.290,0.963,9.131e-16,prime,1
2189,1,z:ilp,nat-oop,22522,22190,5.392,0.985,9.021e-16,prime,0
2189,1,z:ilp,nat-oop,22935,22210,5.295,0.968,9.021e-16,prime,1
2190,1,z:ilp,nat-oop,22905,21896,5.305,0.956,7.097e-16,prime,0
2190,1,z:ilp,nat-oop,22504,21889,5.399,0.973,7.097e-16,prime,1
2191,1,z:ilp,nat-oop,22573,22107,5.386,0.979,1.015e-15,prime,0
2191,1,z:ilp,nat-oop,22678,22110,5.361,0.975,1.015e-15,prime,1
2192,1,z:ilp,nat-oop,27541,43928,4.416,1.595,7.230e-16,prime,0
2192,1,z:ilp,nat-oop,22118,43975,5.499,1.988,7.230e-16,prime,1
2193,1,z:ilp,nat-oop,11879,18093,10.245,1.523,2.091e-15,chain3,0
2193,1,z:ilp,nat-oop,12312,18089,9.884,1.469,2.091e-15,chain3,1
2194,1,z:ilp,nat-oop,23021,22290,5.289,0.968,6.743e-16,prime,0
2194,1,z:ilp,nat-oop,23127,22190,5.265,0.960,6.743e-16,prime,1
2195,1,z:ilp,nat-oop,22599,22094,5.391,0.978,1.012e-15,prime,0
2195,1,z:ilp,nat-oop,22708,22097,5.365,0.973,1.012e-15,prime,1
2196,1,z:ilp,nat-oop,22739,18152,5.360,0.798,6.635e-16,prime,0
2196,1,z:ilp,nat-oop,28748,18163,4.240,0.632,6.635e-16,prime,1
2197,1,z:ilp,nat-oop,4542,4131,26.851,0.910,1.672e-15,flat,0
2197,1,z:ilp,nat-oop,4424,4119,27.563,0.931,1.672e-15,flat,1
2198,1,z:ilp,nat-oop,22732,22243,5.367,0.979,8.680e-16,prime,0
2198,1,z:ilp,nat-oop,22735,22233,5.367,0.978,8.680e-16,prime,1
2199,1,z:ilp,nat-oop,23489,22101,5.197,0.941,1.069e-15,prime,0
2199,1,z:ilp,nat-oop,22939,22063,5.322,0.962,1.069e-15,prime,1
2200,1,z:ilp,nat-oop,3343,3643,36.535,1.090,9.208e-16,flat,0
2200,1,z:ilp,nat-oop,4280,3622,28.538,0.846,9.208e-16,flat,1
2201,1,z:ilp,nat-oop,22688,34797,5.386,1.534,8.960e-16,prime,0
2201,1,z:ilp,nat-oop,22762,34778,5.369,1.528,8.960e-16,prime,1
2202,1,z:ilp,nat-oop,22731,22242,5.379,0.978,9.083e-16,prime,0
2202,1,z:ilp,nat-oop,22146,22239,5.521,1.004,9.083e-16,prime,1
2203,1,z:ilp,nat-oop,22564,22121,5.421,0.980,8.556e-16,prime,0
2203,1,z:ilp,nat-oop,22528,22315,5.430,0.991,8.556e-16,prime,1
2204,1,z:ilp,nat-oop,9019,10934,13.570,1.212,1.657e-15,flat,0
2204,1,z:ilp,nat-oop,8582,10929,14.261,1.273,1.657e-15,flat,1
2205,1,z:ilp,nat-oop,3660,4154,33.458,1.135,7.305e-16,chain3,0
2205,1,z:ilp,nat-oop,3980,4104,30.766,1.031,7.305e-16,chain3,1
2206,1,z:ilp,nat-oop,22590,22263,5.423,0.986,7.788e-16,prime,0
2206,1,z:ilp,nat-oop,22534,22223,5.437,0.986,7.788e-16,prime,1
2207,1,z:ilp,nat-oop,22506,22119,5.446,0.983,9.732e-16,prime,0
2207,1,z:ilp,nat-oop,22751,22188,5.388,0.975,9.732e-16,prime,1
2208,1,z:ilp,nat-oop,3639,7215,33.697,1.982,1.681e-15,chain3,0
2208,1,z:ilp,nat-oop,3681,7218,33.318,1.961,1.681e-15,chain3,1
2209,1,z:ilp,nat-oop,16093,30543,7.624,1.898,2.807e-15,flat,0
2209,1,z:ilp,nat-oop,24134,30519,5.084,1.265,2.807e-15,flat,1
2210,1,z:ilp,nat-oop,3852,6922,31.874,1.797,1.185e-15,chain3,0
2210,1,z:ilp,nat-oop,3830,6909,32.054,1.804,1.185e-15,chain3,1
2211,1,z:ilp,nat-oop,29027,25986,4.231,0.895,6.558e-16,prime,0
2211,1,z:ilp,nat-oop,22621,25979,5.430,1.148,6.558e-16,prime,1
2212,1,z:ilp,nat-oop,22945,24135,5.356,1.052,7.091e-16,prime,0
2212,1,z:ilp,nat-oop,23168,24124,5.304,1.041,7.091e-16,prime,1
2213,1,z:ilp,nat-oop,23071,22217,5.329,0.963,7.970e-16,prime,0
2213,1,z:ilp,nat-oop,22517,22196,5.460,0.986,7.970e-16,prime,1
2214,1,z:ilp,nat-oop,10290,11539,11.955,1.121,1.559e-15,chain3,0
2214,1,z:ilp,nat-oop,9762,11514,12.601,1.179,1.559e-15,chain3,1
2215,1,z:ilp,nat-oop,22754,22282,5.409,0.979,8.548e-16,prime,0
2215,1,z:ilp,nat-oop,22201,22065,5.544,0.994,8.548e-16,prime,1
2216,1,z:ilp,nat-oop,22142,22176,5.561,1.001,7.092e-16,prime,0
2216,1,z:ilp,nat-oop,23078,22119,5.336,0.958,7.092e-16,prime,1
2217,1,z:ilp,nat-oop,22701,22228,5.427,0.979,7.265e-16,prime,0
2217,1,z:ilp,nat-oop,22689,22223,5.430,0.979,7.265e-16,prime,1
2218,1,z:ilp,nat-oop,22513,22246,5.475,0.988,8.615e-16,prime,0
2218,1,z:ilp,nat-oop,23127,22248,5.330,0.962,8.615e-16,prime,1
2219,1,z:ilp,nat-oop,23452,22184,5.259,0.946,8.565e-16,prime,0
2219,1,z:ilp,nat-oop,23412,22149,5.268,0.946,8.565e-16,prime,1
2220,1,z:ilp,nat-oop,8918,10447,13.837,1.171,1.953e-15,chain3,0
2220,1,z:ilp,nat-oop,8094,10426,15.245,1.288,1.953e-15,chain3,1
2221,1,z:ilp,nat-oop,20727,22236,5.956,1.073,3.531e-15,prime,0
2221,1,z:ilp,nat-oop,20678,22225,5.970,1.075,3.531e-15,prime,1
2222,1,z:ilp,nat-oop,22515,34144,5.486,1.517,7.602e-16,prime,0
2222,1,z:ilp,nat-oop,22549,34106,5.478,1.513,7.602e-16,prime,1
2223,1,z:ilp,nat-oop,5092,7281,24.269,1.430,1.496e-15,flat,0
2223,1,z:ilp,nat-oop,5160,7211,23.952,1.398,1.496e-15,flat,1
2224,1,z:ilp,nat-oop,22888,44484,5.402,1.944,7.088e-16,prime,0
2224,1,z:ilp,nat-oop,22866,44455,5.407,1.944,7.088e-16,prime,1
2225,1,z:ilp,nat-oop,23188,38942,5.335,1.679,6.718e-16,prime,0
2225,1,z:ilp,nat-oop,22738,38926,5.441,1.712,6.718e-16,prime,1
2226,1,z:ilp,nat-oop,22528,15521,5.494,0.689,8.132e-16,prime,0
2226,1,z:ilp,nat-oop,22564,15574,5.485,0.690,8.132e-16,prime,1
2227,1,z:ilp,nat-oop,22195,22186,5.579,1.000,8.652e-16,prime,0
2227,1,z:ilp,nat-oop,22188,22189,5.581,1.000,8.652e-16,prime,1
2228,1,z:ilp,nat-oop,23071,22122,5.370,0.959,8.603e-16,prime,0
2228,1,z:ilp,nat-oop,23501,22203,5.272,0.945,8.603e-16,prime,1
2229,1,z:ilp,nat-oop,22922,22321,5.408,0.974,1.017e-15,prime,0
2229,1,z:ilp,nat-oop,23457,22222,5.284,0.947,1.017e-15,prime,1
2230,1,z:ilp,nat-oop,23160,22239,5.355,0.960,7.104e-16,prime,0
2230,1,z:ilp,nat-oop,23117,22218,5.365,0.961,7.104e-16,prime,1
2231,1,z:ilp,nat-oop,23121,22142,5.367,0.958,7.527e-16,prime,0
2231,1,z:ilp,nat-oop,23130,22143,5.365,0.957,7.527e-16,prime,1
2232,1,z:ilp,nat-oop,5782,9036,21.472,1.563,1.905e-15,flat,0
2232,1,z:ilp,nat-oop,7712,9051,16.098,1.174,1.905e-15,flat,1
2233,1,z:ilp,nat-oop,9256,9843,13.419,1.063,1.709e-15,chain3,0
2233,1,z:ilp,nat-oop,6273,9869,19.799,1.573,1.709e-15,chain3,1
2234,1,z:ilp,nat-oop,22693,22251,5.476,0.981,8.159e-16,prime,0
2234,1,z:ilp,nat-oop,22852,22236,5.438,0.973,8.159e-16,prime,1
2235,1,z:ilp,nat-oop,34339,22102,3.621,0.644,7.370e-16,prime,0
2235,1,z:ilp,nat-oop,23555,22151,5.278,0.940,7.370e-16,prime,1
2236,1,z:ilp,nat-oop,8041,12174,15.471,1.514,2.567e-15,chain3,0
2236,1,z:ilp,nat-oop,8051,12349,15.451,1.534,2.567e-15,chain3,1
2237,1,z:ilp,nat-oop,23132,22253,5.380,0.962,9.794e-16,prime,0
2237,1,z:ilp,nat-oop,23063,22243,5.397,0.964,9.794e-16,prime,1
2238,1,z:ilp,nat-oop,22186,22271,5.613,1.004,8.821e-16,prime,0
2238,1,z:ilp,nat-oop,22714,22230,5.482,0.979,8.821e-16,prime,1
2239,1,z:ilp,nat-oop,23020,22101,5.412,0.960,8.265e-16,prime,0
2239,1,z:ilp,nat-oop,23071,22069,5.400,0.957,8.265e-16,prime,1
2240,1,z:ilp,nat-oop,2037,3222,61.202,1.582,4.172e-16,ztt,0
2240,1,z:ilp,nat-oop,2062,3227,60.453,1.565,4.172e-16,ztt,1
2241,1,z:ilp,nat-oop,22845,34975,5.459,1.531,7.434e-16,prime,0
2241,1,z:ilp,nat-oop,23004,35004,5.421,1.522,7.434e-16,prime,1
2242,1,z:ilp,nat-oop,23128,20158,5.395,0.872,5.857e-16,prime,0
2242,1,z:ilp,nat-oop,23095,20158,5.403,0.873,5.857e-16,prime,1
2243,1,z:ilp,nat-oop,22645,22131,5.513,0.977,8.362e-16,prime,0
2243,1,z:ilp,nat-oop,22190,22162,5.626,0.999,8.362e-16,prime,1
2244,1,z:ilp,nat-oop,3519,6343,35.488,1.802,1.279e-15,chain3,0
2244,1,z:ilp,nat-oop,3365,6412,37.115,1.905,1.279e-15,chain3,1
2245,1,z:ilp,nat-oop,23136,22394,5.401,0.968,6.875e-16,prime,0
2245,1,z:ilp,nat-oop,22842,22248,5.471,0.974,6.875e-16,prime,1
2246,1,z:ilp,nat-oop,22698,22264,5.508,0.981,7.259e-16,prime,0
2246,1,z:ilp,nat-oop,22189,22221,5.635,1.001,7.259e-16,prime,1
2247,1,z:ilp,nat-oop,22611,22126,5.532,0.979,7.264e-16,prime,0
2247,1,z:ilp,nat-oop,22621,22153,5.530,0.979,7.264e-16,prime,1
2248,1,z:ilp,nat-oop,22192,22160,5.639,0.999,8.884e-16,prime,0
2248,1,z:ilp,nat-oop,22212,22148,5.634,0.997,8.884e-16,prime,1
2249,1,z:ilp,nat-oop,23085,22274,5.424,0.965,9.521e-16,prime,0
2249,1,z:ilp,nat-oop,22597,22225,5.541,0.984,9.521e-16,prime,1
2250,1,z:ilp,nat-oop,3479,3836,36.010,1.103,1.170e-15,chain3,0
2250,1,z:ilp,nat-oop,3475,3844,36.054,1.106,1.170e-15,chain3,1
2251,1,z:ilp,nat-oop,16123,22252,7.774,1.380,3.190e-15,prime,0
2251,1,z:ilp,nat-oop,16002,22264,7.833,1.391,3.190e-15,prime,1
2252,1,z:ilp,nat-oop,22708,22208,5.522,0.978,8.677e-16,prime,0
2252,1,z:ilp,nat-oop,22775,22243,5.506,0.977,8.677e-16,prime,1
2253,1,z:ilp,nat-oop,22575,22226,5.558,0.985,8.504e-16,prime,0
2253,1,z:ilp,nat-oop,22729,22263,5.520,0.980,8.504e-16,prime,1
2254,1,z:ilp,nat-oop,6618,7849,18.969,1.186,1.509e-15,flat,0
2254,1,z:ilp,nat-oop,6275,7861,20.005,1.253,1.509e-15,flat,1
2255,1,z:ilp,nat-oop,9693,14727,12.956,1.519,2.316e-15,chain3,0
2255,1,z:ilp,nat-oop,12225,14723,10.274,1.204,2.316e-15,chain3,1
2256,1,z:ilp,nat-oop,9066,13623,13.859,1.503,2.298e-15,chain3,0
2256,1,z:ilp,nat-oop,12196,13608,10.303,1.116,2.298e-15,chain3,1
2257,1,z:ilp,nat-oop,23109,33515,5.440,1.450,6.655e-16,prime,0
2257,1,z:ilp,nat-oop,22639,33508,5.553,1.480,6.655e-16,prime,1
2258,1,z:ilp,nat-oop,22747,22262,5.530,0.979,7.884e-16,prime,0
2258,1,z:ilp,nat-oop,23005,22332,5.468,0.971,7.884e-16,prime,1
2259,1,z:ilp,nat-oop,22140,22268,5.684,1.006,8.978e-16,prime,0
2259,1,z:ilp,nat-oop,22206,22171,5.667,0.998,8.978e-16,prime,1
2260,1,z:ilp,nat-oop,22531,37889,5.588,1.682,9.354e-16,prime,0
2260,1,z:ilp,nat-oop,23076,37876,5.456,1.641,9.354e-16,prime,1
2261,1,z:ilp,nat-oop,5766,9958,21.847,1.727,1.748e-15,flat,0
2261,1,z:ilp,nat-oop,5687,9980,22.152,1.755,1.748e-15,flat,1
2262,1,z:ilp,nat-oop,7437,8820,16.947,1.186,1.975e-15,chain3,0
2262,1,z:ilp,nat-oop,7029,8837,17.931,1.257,1.975e-15,chain3,1
2263,1,z:ilp,nat-oop,22646,36977,5.568,1.633,8.657e-16,prime,0
2263,1,z:ilp,nat-oop,22718,36989,5.550,1.628,8.657e-16,prime,1
2264,1,z:ilp,nat-oop,22510,22159,5.604,0.984,8.523e-16,prime,0
2264,1,z:ilp,nat-oop,22438,22220,5.623,0.990,8.523e-16,prime,1
2265,1,z:ilp,nat-oop,23035,22239,5.480,0.965,8.496e-16,prime,0
2265,1,z:ilp,nat-oop,23443,22288,5.384,0.951,8.496e-16,prime,1
2266,1,z:ilp,nat-oop,22505,34641,5.611,1.539,9.057e-16,prime,0
2266,1,z:ilp,nat-oop,23168,34646,5.451,1.495,9.057e-16,prime,1
2267,1,z:ilp,nat-oop,22790,22159,5.544,0.972,9.268e-16,prime,0
2267,1,z:ilp,nat-oop,22995,22170,5.495,0.964,9.268e-16,prime,1
2268,1,z:ilp,nat-oop,3815,3909,33.139,1.025,8.448e-16,chain3,0
2268,1,z:ilp,nat-oop,2969,3915,42.573,1.318,8.448e-16,chain3,1
2269,1,z:ilp,nat-oop,16971,22294,7.452,1.314,2.507e-15,prime,0
2269,1,z:ilp,nat-oop,18799,22331,6.728,1.188,2.507e-15,prime,1
2270,1,z:ilp,nat-oop,22750,22385,5.562,0.984,1.008e-15,prime,0
2270,1,z:ilp,nat-oop,23145,22285,5.467,0.963,1.008e-15,prime,1
2271,1,z:ilp,nat-oop,22721,22259,5.572,0.980,8.865e-16,prime,0
2271,1,z:ilp,nat-oop,31728,22163,3.990,0.699,8.865e-16,prime,1
2272,1,z:ilp,nat-oop,22980,21844,5.512,0.951,8.508e-16,prime,0
2272,1,z:ilp,nat-oop,23143,21830,5.473,0.943,8.508e-16,prime,1
2273,1,z:ilp,nat-oop,22529,22222,5.625,0.986,8.262e-16,prime,0
2273,1,z:ilp,nat-oop,22519,22282,5.628,0.990,8.262e-16,prime,1
2274,1,z:ilp,nat-oop,23155,22326,5.476,0.964,9.735e-16,prime,0
2274,1,z:ilp,nat-oop,22531,22313,5.627,0.990,9.735e-16,prime,1
2275,1,z:ilp,nat-oop,3942,4142,32.178,1.051,8.882e-16,chain3,0
2275,1,z:ilp,nat-oop,4021,4177,31.547,1.039,8.882e-16,chain3,1
2276,1,z:ilp,nat-oop,27527,22195,4.611,0.806,9.722e-16,prime,0
2276,1,z:ilp,nat-oop,22216,22249,5.713,1.001,9.722e-16,prime,1
2277,1,z:ilp,nat-oop,6430,8483,19.749,1.319,1.980e-15,chain3,0
2277,1,z:ilp,nat-oop,6551,8460,19.383,1.291,1.980e-15,chain3,1
2278,1,z:ilp,nat-oop,22620,22946,5.616,1.014,8.551e-16,prime,0
2278,1,z:ilp,nat-oop,22562,22999,5.631,1.019,8.551e-16,prime,1
2279,1,z:ilp,nat-oop,22539,32740,5.639,1.453,7.564e-16,prime,0
2279,1,z:ilp,nat-oop,22981,32743,5.531,1.425,7.564e-16,prime,1
2280,1,z:ilp,nat-oop,3403,6571,37.374,1.931,9.235e-16,chain3,0
2280,1,z:ilp,nat-oop,3455,6573,36.806,1.902,9.235e-16,chain3,1
2281,1,z:ilp,nat-oop,12766,22247,9.966,1.743,1.597e-15,prime,0
2281,1,z:ilp,nat-oop,12456,22289,10.215,1.790,1.597e-15,prime,1
2282,1,z:ilp,nat-oop,22519,22285,5.653,0.990,8.419e-16,prime,0
2282,1,z:ilp,nat-oop,22579,22291,5.638,0.987,8.419e-16,prime,1
2283,1,z:ilp,nat-oop,22721,22157,5.605,0.975,1.115e-15,prime,0
2283,1,z:ilp,nat-oop,22745,22130,5.599,0.973,1.115e-15,prime,1
2284,1,z:ilp,nat-oop,22832,22311,5.581,0.977,7.057e-16,prime,0
2284,1,z:ilp,nat-oop,22743,22167,5.602,0.975,7.057e-16,prime,1
2285,1,z:ilp,nat-oop,22197,22317,5.743,1.005,7.443e-16,prime,0
2285,1,z:ilp,nat-oop,23164,22303,5.503,0.963,7.443e-16,prime,1
2286,1,z:ilp,nat-oop,23179,42826,5.503,1.848,8.200e-16,prime,0
2286,1,z:ilp,nat-oop,22171,42705,5.753,1.926,8.200e-16,prime,1
2287,1,z:ilp,nat-oop,22656,22255,5.632,0.982,9.214e-16,prime,0
2287,1,z:ilp,nat-oop,23151,22189,5.512,0.958,9.214e-16,prime,1
2288,1,z:ilp,nat-oop,3053,3636,41.814,1.191,1.465e-15,chain3,0
2288,1,z:ilp,nat-oop,3027,3635,42.176,1.201,1.465e-15,chain3,1
2289,1,z:ilp,nat-oop,23498,22267,5.436,0.948,9.554e-16,prime,0
2289,1,z:ilp,nat-oop,23496,22236,5.436,0.946,9.554e-16,prime,1
2290,1,z:ilp,nat-oop,22215,22290,5.753,1.003,7.533e-16,prime,0
2290,1,z:ilp,nat-oop,22805,22339,5.604,0.980,7.533e-16,prime,1
2291,1,z:ilp,nat-oop,23145,39697,5.524,1.715,8.389e-16,prime,0
2291,1,z:ilp,nat-oop,23207,39728,5.509,1.712,8.389e-16,prime,1
2292,1,z:ilp,nat-oop,23058,22242,5.548,0.965,9.603e-16,prime,0
2292,1,z:ilp,nat-oop,22943,22301,5.575,0.972,9.603e-16,prime,1
2293,1,z:ilp,nat-oop,23161,22417,5.526,0.968,7.877e-16,prime,0
2293,1,z:ilp,nat-oop,32465,22243,3.942,0.685,7.877e-16,prime,1
2294,1,z:ilp,nat-oop,15714,16022,8.149,1.020,2.541e-15,flat,0
2294,1,z:ilp,nat-oop,16679,16045,7.677,0.962,2.541e-15,flat,1
2295,1,z:ilp,nat-oop,4346,7243,29.479,1.667,1.534e-15,chain3,0
2295,1,z:ilp,nat-oop,5138,7229,24.936,1.407,1.534e-15,chain3,1
2296,1,z:ilp,nat-oop,10190,11881,12.578,1.166,2.098e-15,flat,0
2296,1,z:ilp,nat-oop,7679,11890,16.691,1.548,2.098e-15,flat,1
2297,1,z:ilp,nat-oop,23501,22330,5.457,0.950,8.337e-16,prime,0
2297,1,z:ilp,nat-oop,22537,22201,5.690,0.985,8.337e-16,prime,1
2298,1,z:ilp,nat-oop,22584,22289,5.681,0.987,8.739e-16,prime,0
2298,1,z:ilp,nat-oop,23215,22332,5.527,0.962,8.739e-16,prime,1
2299,1,z:ilp,nat-oop,5982,7038,21.459,1.177,1.372e-15,flat,0
2299,1,z:ilp,nat-oop,6044,7049,21.239,1.166,1.372e-15,flat,1
2300,1,z:ilp,nat-oop,4924,7488,26.082,1.521,1.802e-15,chain3,0
2300,1,z:ilp,nat-oop,4199,7487,30.588,1.783,1.802e-15,chain3,1
2301,1,z:ilp,nat-oop,23043,23253,5.576,1.009,7.257e-16,prime,0
2301,1,z:ilp,nat-oop,23527,23267,5.461,0.989,7.257e-16,prime,1
2302,1,z:ilp,nat-oop,22745,22379,5.652,0.984,1.045e-15,prime,0
2302,1,z:ilp,nat-oop,22231,22432,5.782,1.009,1.045e-15,prime,1
2303,1,z:ilp,nat-oop,14753,17428,8.718,1.181,2.147e-15,chain3,0
2303,1,z:ilp,nat-oop,9804,17436,13.119,1.778,2.147e-15,chain3,1
2304,1,z:ilp,nat-oop,2156,3779,59.685,1.753,5.581e-16,ztt,0
2304,1,z:ilp,nat-oop,2147,3779,59.922,1.760,5.581e-16,ztt,1
2305,1,z:ilp,nat-oop,22595,24519,5.698,1.085,8.511e-16,prime,0
2305,1,z:ilp,nat-oop,22653,24628,5.683,1.087,8.511e-16,prime,1
2306,1,z:ilp,nat-oop,23106,24533,5.574,1.062,1.131e-15,prime,0
2306,1,z:ilp,nat-oop,23150,24518,5.564,1.059,1.131e-15,prime,1
2307,1,z:ilp,nat-oop,22664,24402,5.686,1.077,7.194e-16,prime,0
2307,1,z:ilp,nat-oop,22788,24448,5.655,1.073,7.194e-16,prime,1
2308,1,z:ilp,nat-oop,22768,24413,5.663,1.072,8.172e-16,prime,0
2308,1,z:ilp,nat-oop,22733,24411,5.672,1.074,8.172e-16,prime,1
2309,1,z:ilp,nat-oop,22788,24528,5.661,1.076,8.785e-16,prime,0
2309,1,z:ilp,nat-oop,22609,24513,5.705,1.084,8.785e-16,prime,1
2310,1,z:ilp,nat-oop,3697,3943,34.911,1.067,1.167e-15,chain3,0
2310,1,z:ilp,nat-oop,4516,3959,28.578,0.877,1.167e-15,chain3,1
2311,1,z:ilp,nat-oop,14686,24386,8.792,1.660,2.135e-15,prime,0
2311,1,z:ilp,nat-oop,12840,24423,10.056,1.902,2.135e-15,prime,1
2312,1,z:ilp,nat-oop,4836,8478,26.710,1.753,1.348e-15,chain3,0
2312,1,z:ilp,nat-oop,5294,8470,24.401,1.600,1.348e-15,chain3,1
2313,1,z:ilp,nat-oop,22534,24577,5.736,1.091,8.084e-16,prime,0
2313,1,z:ilp,nat-oop,23175,24582,5.577,1.061,8.084e-16,prime,1
2314,1,z:ilp,nat-oop,28422,30618,4.550,1.077,6.354e-16,prime,0
2314,1,z:ilp,nat-oop,22195,30640,5.826,1.380,6.354e-16,prime,1
2315,1,z:ilp,nat-oop,23041,24393,5.615,1.059,1.004e-15,prime,0
2315,1,z:ilp,nat-oop,23150,24437,5.588,1.056,1.004e-15,prime,1
2316,1,z:ilp,nat-oop,22187,24398,5.834,1.100,7.844e-16,prime,0
2316,1,z:ilp,nat-oop,33864,24404,3.822,0.721,7.844e-16,prime,1
2317,1,z:ilp,nat-oop,23130,24545,5.599,1.061,7.564e-16,prime,0
2317,1,z:ilp,nat-oop,22225,24520,5.827,1.103,7.564e-16,prime,1
2318,1,z:ilp,nat-oop,22763,21687,5.692,0.953,8.646e-16,prime,0
2318,1,z:ilp,nat-oop,22233,21679,5.827,0.975,8.646e-16,prime,1
2319,1,z:ilp,nat-oop,36355,24458,3.566,0.673,7.056e-16,prime,0
2319,1,z:ilp,nat-oop,23123,24434,5.606,1.057,7.056e-16,prime,1
2320,1,z:ilp,nat-oop,5251,8598,24.696,1.637,1.773e-15,flat,0
2320,1,z:ilp,nat-oop,5191,8608,24.984,1.658,1.773e-15,flat,1
2321,1,z:ilp,nat-oop,22949,24523,5.654,1.069,7.187e-16,prime,0
2321,1,z:ilp,nat-oop,23197,24517,5.593,1.057,7.187e-16,prime,1
2322,1,z:ilp,nat-oop,12201,12670,10.640,1.038,2.650e-15,chain3,0
2322,1,z:ilp,nat-oop,13672,12733,9.495,0.931,2.650e-15,chain3,1
2323,1,z:ilp,nat-oop,22687,24384,5.725,1.075,7.885e-16,prime,0
2323,1,z:ilp,nat-oop,22188,24438,5.853,1.101,7.885e-16,prime,1
2324,1,z:ilp,nat-oop,22785,26765,5.703,1.175,9.437e-16,prime,0
2324,1,z:ilp,nat-oop,22725,26774,5.718,1.178,9.437e-16,prime,1
2325,1,z:ilp,nat-oop,9135,11121,14.232,1.217,1.967e-15,chain3,0
2325,1,z:ilp,nat-oop,9263,11115,14.035,1.200,1.967e-15,chain3,1
2326,1,z:ilp,nat-oop,22520,24598,5.776,1.092,9.443e-16,prime,0
2326,1,z:ilp,nat-oop,22450,24554,5.794,1.094,9.443e-16,prime,1
2327,1,z:ilp,nat-oop,22753,24429,5.719,1.074,8.746e-16,prime,0
2327,1,z:ilp,nat-oop,22752,24465,5.720,1.075,8.746e-16,prime,1
2328,1,z:ilp,nat-oop,22554,32956,5.772,1.461,6.937e-16,prime,0
2328,1,z:ilp,nat-oop,22533,33018,5.778,1.465,6.937e-16,prime,1
2329,1,z:ilp,nat-oop,22952,24578,5.675,1.071,9.893e-16,prime,0
2329,1,z:ilp,nat-oop,22988,24581,5.666,1.069,9.893e-16,prime,1
2330,1,z:ilp,nat-oop,22906,24595,5.689,1.074,7.342e-16,prime,0
2330,1,z:ilp,nat-oop,22757,24532,5.727,1.078,7.342e-16,prime,1
2331,1,z:ilp,nat-oop,7702,13616,16.928,1.768,2.703e-15,chain3,0
2331,1,z:ilp,nat-oop,10159,13623,12.834,1.341,2.703e-15,chain3,1
2332,1,z:ilp,nat-oop,22792,16409,5.723,0.720,8.510e-16,prime,0
2332,1,z:ilp,nat-oop,22715,16416,5.743,0.723,8.510e-16,prime,1
2333,1,z:ilp,nat-oop,22178,24581,5.885,1.108,9.386e-16,prime,0
2333,1,z:ilp,nat-oop,22632,24577,5.766,1.086,9.386e-16,prime,1
2334,1,z:ilp,nat-oop,22796,24513,5.728,1.075,8.760e-16,prime,0
2334,1,z:ilp,nat-oop,22741,24575,5.742,1.081,8.760e-16,prime,1
2335,1,z:ilp,nat-oop,28919,24475,4.517,0.846,7.441e-16,prime,0
2335,1,z:ilp,nat-oop,23107,24424,5.653,1.057,7.441e-16,prime,1
2336,1,z:ilp,nat-oop,23090,23340,5.660,1.011,1.049e-15,prime,0
2336,1,z:ilp,nat-oop,22905,23368,5.706,1.020,1.049e-15,prime,1
2337,1,z:ilp,nat-oop,9691,19002,13.493,1.961,2.002e-15,chain3,0
2337,1,z:ilp,nat-oop,9706,19122,13.472,1.970,2.002e-15,chain3,1
2338,1,z:ilp,nat-oop,22795,24600,5.739,1.079,7.366e-16,prime,0
2338,1,z:ilp,nat-oop,22804,24583,5.737,1.078,7.366e-16,prime,1
2339,1,z:ilp,nat-oop,22160,24456,5.906,1.104,8.159e-16,prime,0
2339,1,z:ilp,nat-oop,22209,24421,5.893,1.100,8.159e-16,prime,1
2340,1,z:ilp,nat-oop,3058,3978,42.826,1.301,1.175e-15,chain3,0
2340,1,z:ilp,nat-oop,3061,3992,42.773,1.304,1.175e-15,chain3,1
2341,1,z:ilp,nat-oop,11315,24543,11.578,2.169,1.835e-15,prime,0
2341,1,z:ilp,nat-oop,11486,24588,11.407,2.141,1.835e-15,prime,1
2342,1,z:ilp,nat-oop,23133,24584,5.666,1.063,6.852e-16,prime,0
2342,1,z:ilp,nat-oop,22989,24576,5.702,1.069,6.852e-16,prime,1
2343,1,z:ilp,nat-oop,22734,29472,5.768,1.296,7.656e-16,prime,0
2343,1,z:ilp,nat-oop,22779,29466,5.757,1.294,7.656e-16,prime,1
2344,1,z:ilp,nat-oop,26865,24437,4.884,0.910,1.100e-15,prime,0
2344,1,z:ilp,nat-oop,22562,24500,5.815,1.086,1.100e-15,prime,1
2345,1,z:ilp,nat-oop,22675,27562,5.789,1.215,6.845e-16,prime,0
2345,1,z:ilp,nat-oop,22687,27559,5.786,1.215,6.845e-16,prime,1
2346,1,z:ilp,nat-oop,7111,9878,18.469,1.389,1.639e-15,chain3,0
2346,1,z:ilp,nat-oop,7262,9867,18.083,1.359,1.639e-15,chain3,1
2347,1,z:ilp,nat-oop,17580,24481,7.474,1.393,2.337e-15,prime,0
2347,1,z:ilp,nat-oop,16822,24417,7.811,1.452,2.337e-15,prime,1
2348,1,z:ilp,nat-oop,22777,24518,5.772,1.076,7.050e-16,prime,0
2348,1,z:ilp,nat-oop,22183,24525,5.926,1.106,7.050e-16,prime,1
2349,1,z:ilp,nat-oop,8889,11029,14.796,1.241,1.364e-15,chain3,0
2349,1,z:ilp,nat-oop,6879,11017,19.118,1.601,1.364e-15,chain3,1
2350,1,z:ilp,nat-oop,10186,14375,12.917,1.411,2.062e-15,chain3,0
2350,1,z:ilp,nat-oop,10142,14385,12.974,1.418,2.062e-15,chain3,1
2351,1,z:ilp,nat-oop,22735,24454,5.790,1.076,9.115e-16,prime,0
2351,1,z:ilp,nat-oop,22664,24495,5.808,1.081,9.115e-16,prime,1
2352,1,z:ilp,nat-oop,2284,3472,57.669,1.520,5.654e-16,ztt,0
2352,1,z:ilp,nat-oop,2298,3453,57.314,1.503,5.654e-16,ztt,1
2353,1,z:ilp,nat-oop,22277,24608,5.915,1.105,8.274e-16,prime,0
2353,1,z:ilp,nat-oop,22773,24612,5.786,1.081,8.274e-16,prime,1
2354,1,z:ilp,nat-oop,22956,37419,5.743,1.630,6.499e-16,prime,0
2354,1,z:ilp,nat-oop,23148,37427,5.695,1.617,6.499e-16,prime,1
2355,1,z:ilp,nat-oop,22753,24542,5.797,1.079,8.168e-16,prime,0
2355,1,z:ilp,nat-oop,22665,24430,5.819,1.078,8.168e-16,prime,1
2356,1,z:ilp,nat-oop,9542,12099,13.830,1.268,1.890e-15,chain3,0
2356,1,z:ilp,nat-oop,6615,12104,19.949,1.830,1.890e-15,chain3,1
2357,1,z:ilp,nat-oop,22798,24537,5.791,1.076,6.664e-16,prime,0
2357,1,z:ilp,nat-oop,23156,24616,5.701,1.063,6.664e-16,prime,1
2358,1,z:ilp,nat-oop,22779,45604,5.799,2.002,8.722e-16,prime,0
2358,1,z:ilp,nat-oop,22769,45613,5.801,2.003,8.722e-16,prime,1
2359,1,z:ilp,nat-oop,22199,24491,5.953,1.103,6.788e-16,prime,0
2359,1,z:ilp,nat-oop,22233,24509,5.944,1.102,6.788e-16,prime,1
2360,1,z:ilp,nat-oop,22713,18472,5.821,0.813,9.451e-16,prime,0
2360,1,z:ilp,nat-oop,22723,18479,5.819,0.813,9.451e-16,prime,1
2361,1,z:ilp,nat-oop,23158,24656,5.712,1.065,8.300e-16,prime,0
2361,1,z:ilp,nat-oop,22639,24624,5.843,1.088,8.300e-16,prime,1
2362,1,z:ilp,nat-oop,23173,24660,5.711,1.064,1.015e-15,prime,0
2362,1,z:ilp,nat-oop,23164,24609,5.713,1.062,1.015e-15,prime,1
2363,1,z:ilp,nat-oop,22954,24517,5.768,1.068,9.589e-16,prime,0
2363,1,z:ilp,nat-oop,22866,24470,5.791,1.070,9.589e-16,prime,1
2364,1,z:ilp,nat-oop,22680,24586,5.841,1.084,9.906e-16,prime,0
2364,1,z:ilp,nat-oop,22627,24503,5.854,1.083,9.906e-16,prime,1
2365,1,z:ilp,nat-oop,12277,16237,10.795,1.323,2.766e-15,chain3,0
2365,1,z:ilp,nat-oop,13484,16228,9.828,1.203,2.766e-15,chain3,1
2366,1,z:ilp,nat-oop,5719,4947,23.186,0.865,1.631e-15,flat,0
2366,1,z:ilp,nat-oop,5706,4922,23.236,0.863,1.631e-15,flat,1
2367,1,z:ilp,nat-oop,22684,24476,5.848,1.079,1.186e-15,prime,0
2367,1,z:ilp,nat-oop,23209,24440,5.716,1.053,1.186e-15,prime,1
2368,1,z:ilp,nat-oop,6343,10631,20.923,1.676,2.267e-15,2p,0
2368,1,z:ilp,nat-oop,6354,10636,20.887,1.674,2.267e-15,2p,1
2369,1,z:ilp,nat-oop,28239,24666,4.702,0.873,8.496e-16,prime,0
2369,1,z:ilp,nat-oop,22582,24637,5.880,1.091,8.496e-16,prime,1
2370,1,z:ilp,nat-oop,23004,25676,5.775,1.116,7.649e-16,prime,0
2370,1,z:ilp,nat-oop,22890,25655,5.804,1.121,7.649e-16,prime,1
2371,1,z:ilp,nat-oop,23171,24528,5.736,1.059,9.151e-16,prime,0
2371,1,z:ilp,nat-oop,22668,24518,5.863,1.082,9.151e-16,prime,1
2372,1,z:ilp,nat-oop,23028,24473,5.774,1.063,1.075e-15,prime,0
2372,1,z:ilp,nat-oop,23194,24500,5.733,1.056,1.075e-15,prime,1
2373,1,z:ilp,nat-oop,23579,24627,5.642,1.044,9.984e-16,prime,0
2373,1,z:ilp,nat-oop,23011,24576,5.781,1.068,9.984e-16,prime,1
2374,1,z:ilp,nat-oop,23183,24600,5.741,1.061,9.263e-16,prime,0
2374,1,z:ilp,nat-oop,23164,24594,5.746,1.062,9.263e-16,prime,1
2375,1,z:ilp,nat-oop,4608,7461,28.897,1.619,1.261e-15,flat,0
2375,1,z:ilp,nat-oop,4685,7458,28.423,1.592,1.261e-15,flat,1
2376,1,z:ilp,nat-oop,4431,4066,30.066,0.918,8.555e-16,chain3,0
2376,1,z:ilp,nat-oop,3887,4096,34.271,1.054,8.555e-16,chain3,1
2377,1,z:ilp,nat-oop,15170,24698,8.786,1.628,2.192e-15,prime,0
2377,1,z:ilp,nat-oop,17466,24593,7.631,1.408,2.192e-15,prime,1
2378,1,z:ilp,nat-oop,14597,17462,9.136,1.196,2.774e-15,flat,0
2378,1,z:ilp,nat-oop,13480,17452,9.893,1.295,2.774e-15,flat,1
2379,1,z:ilp,nat-oop,23186,25587,5.754,1.104,7.255e-16,prime,0
2379,1,z:ilp,nat-oop,22806,25562,5.850,1.121,7.255e-16,prime,1
2380,1,z:ilp,nat-oop,4371,6626,30.536,1.516,1.109e-15,flat,0
2380,1,z:ilp,nat-oop,4444,6639,30.036,1.494,1.109e-15,flat,1
2381,1,z:ilp,nat-oop,22239,24623,6.005,1.107,7.450e-16,prime,0
2381,1,z:ilp,nat-oop,22673,24614,5.890,1.086,7.450e-16,prime,1
2382,1,z:ilp,nat-oop,22587,24642,5.915,1.091,9.984e-16,prime,0
2382,1,z:ilp,nat-oop,33986,24564,3.931,0.723,9.984e-16,prime,1
2383,1,z:ilp,nat-oop,23166,24573,5.770,1.061,8.589e-16,prime,0
2383,1,z:ilp,nat-oop,23559,24529,5.674,1.041,8.589e-16,prime,1
2384,1,z:ilp,nat-oop,22233,52356,6.015,2.355,8.473e-16,prime,0
2384,1,z:ilp,nat-oop,22762,52288,5.875,2.297,8.473e-16,prime,1
2385,1,z:ilp,nat-oop,23142,21593,5.782,0.933,9.267e-16,prime,0
2385,1,z:ilp,nat-oop,22996,21564,5.818,0.938,9.267e-16,prime,1
2386,1,z:ilp,nat-oop,23120,24611,5.790,1.064,7.731e-16,prime,0
2386,1,z:ilp,nat-oop,22580,24623,5.928,1.091,7.731e-16,prime,1
2387,1,z:ilp,nat-oop,7108,11114,18.842,1.564,1.989e-15,chain3,0
2387,1,z:ilp,nat-oop,9315,11128,14.377,1.195,1.989e-15,chain3,1
2388,1,z:ilp,nat-oop,23500,24516,5.702,1.043,7.969e-16,prime,0
2388,1,z:ilp,nat-oop,23124,24518,5.794,1.060,7.969e-16,prime,1
2389,1,z:ilp,nat-oop,22275,24628,6.018,1.106,7.057e-16,prime,0
2389,1,z:ilp,nat-oop,23356,24667,5.739,1.056,7.057e-16,prime,1
2390,1,z:ilp,nat-oop,28955,24645,4.632,0.851,7.253e-16,prime,0
2390,1,z:ilp,nat-oop,22197,24618,6.042,1.109,7.253e-16,prime,1
2391,1,z:ilp,nat-oop,23536,24561,5.701,1.044,7.650e-16,prime,0
2391,1,z:ilp,nat-oop,23579,24530,5.691,1.040,7.650e-16,prime,1
2392,1,z:ilp,nat-oop,5725,7970,23.448,1.392,1.618e-15,chain3,0
2392,1,z:ilp,nat-oop,5688,7956,23.600,1.399,1.618e-15,chain3,1
2393,1,z:ilp,nat-oop,14437,24609,9.302,1.705,2.012e-15,prime,0
2393,1,z:ilp,nat-oop,14523,24550,9.247,1.690,2.012e-15,prime,1
2394,1,z:ilp,nat-oop,5688,7010,23.623,1.232,1.273e-15,chain3,0
2394,1,z:ilp,nat-oop,5417,7021,24.806,1.296,1.273e-15,chain3,1
2395,1,z:ilp,nat-oop,22688,24569,5.925,1.083,8.243e-16,prime,0
2395,1,z:ilp,nat-oop,28435,24509,4.728,0.862,8.243e-16,prime,1
2396,1,z:ilp,nat-oop,22626,24480,5.944,1.082,7.114e-16,prime,0
2396,1,z:ilp,nat-oop,22626,24516,5.944,1.084,7.114e-16,prime,1
2397,1,z:ilp,nat-oop,11514,21531,11.687,1.870,2.588e-15,flat,0
2397,1,z:ilp,nat-oop,11800,21524,11.403,1.824,2.588e-15,flat,1
2398,1,z:ilp,nat-oop,22824,39729,5.898,1.741,6.757e-16,prime,0
2398,1,z:ilp,nat-oop,22217,39775,6.059,1.790,6.757e-16,prime,1
2399,1,z:ilp,nat-oop,23275,24531,5.787,1.054,8.334e-16,prime,0
2399,1,z:ilp,nat-oop,22257,24560,6.051,1.104,8.334e-16,prime,1
2400,1,z:ilp,nat-oop,2477,4032,54.400,1.628,5.048e-16,ztt,0
2400,1,z:ilp,nat-oop,2566,4038,52.522,1.574,5.048e-16,ztt,1
2401,1,z:ilp,nat-oop,4631,4071,29.112,0.879,7.467e-16,flat,0
2401,1,z:ilp,nat-oop,4655,4135,28.958,0.888,7.467e-16,flat,1
2402,1,z:ilp,nat-oop,22859,24585,5.900,1.076,8.529e-16,prime,0
2402,1,z:ilp,nat-oop,22276,24643,6.054,1.106,8.529e-16,prime,1
2403,1,z:ilp,nat-oop,22819,42334,5.913,1.855,8.120e-16,prime,0
2403,1,z:ilp,nat-oop,22423,42292,6.018,1.886,8.120e-16,prime,1
2404,1,z:ilp,nat-oop,22930,24487,5.887,1.068,1.018e-15,prime,0
2404,1,z:ilp,nat-oop,29403,24533,4.591,0.834,1.018e-15,prime,1
2405,1,z:ilp,nat-oop,8760,14121,15.418,1.612,2.418e-15,chain3,0
2405,1,z:ilp,nat-oop,11634,14073,11.610,1.210,2.418e-15,chain3,1
2406,1,z:ilp,nat-oop,22525,24600,5.999,1.092,6.764e-16,prime,0
2406,1,z:ilp,nat-oop,22725,24611,5.946,1.083,6.764e-16,prime,1
2407,1,z:ilp,nat-oop,22615,44470,5.978,1.966,1.047e-15,prime,0
2407,1,z:ilp,nat-oop,23070,44468,5.860,1.928,1.047e-15,prime,1
2408,1,z:ilp,nat-oop,7729,13090,17.498,1.694,2.751e-15,chain3,0
2408,1,z:ilp,nat-oop,13354,13105,10.128,0.981,2.751e-15,chain3,1
2409,1,z:ilp,nat-oop,23018,31609,5.879,1.373,6.855e-16,prime,0
2409,1,z:ilp,nat-oop,22659,31553,5.972,1.392,6.855e-16,prime,1
2410,1,z:ilp,nat-oop,23180,24592,5.840,1.061,8.854e-16,prime,0
2410,1,z:ilp,nat-oop,23166,24602,5.844,1.062,8.854e-16,prime,1
2411,1,z:ilp,nat-oop,22341,24506,6.063,1.097,7.856e-16,prime,0
2411,1,z:ilp,nat-oop,22188,24485,6.104,1.104,7.856e-16,prime,1
2412,1,z:ilp,nat-oop,22688,21932,5.973,0.967,7.881e-16,prime,0
2412,1,z:ilp,nat-oop,23236,21942,5.832,0.944,7.881e-16,prime,1
2413,1,z:ilp,nat-oop,23059,24631,5.879,1.068,7.394e-16,prime,0
2413,1,z:ilp,nat-oop,23168,24615,5.852,1.062,7.394e-16,prime,1
2414,1,z:ilp,nat-oop,22229,25765,6.102,1.159,8.470e-16,prime,0
2414,1,z:ilp,nat-oop,22816,25778,5.945,1.130,8.470e-16,prime,1
2415,1,z:ilp,nat-oop,5524,8947,24.564,1.620,1.425e-15,chain3,0
2415,1,z:ilp,nat-oop,8264,8922,16.420,1.080,1.425e-15,chain3,1
2416,1,z:ilp,nat-oop,22990,24524,5.905,1.067,6.043e-16,prime,0
2416,1,z:ilp,nat-oop,28919,24462,4.695,0.846,6.043e-16,prime,1
2417,1,z:ilp,nat-oop,22178,24584,6.124,1.108,9.687e-16,prime,0
2417,1,z:ilp,nat-oop,22282,24629,6.096,1.105,9.687e-16,prime,1
2418,1,z:ilp,nat-oop,10073,9862,13.490,0.979,2.179e-15,flat,0
2418,1,z:ilp,nat-oop,7565,9860,17.963,1.303,2.179e-15,flat,1
2419,1,z:ilp,nat-oop,23568,36659,5.768,1.555,7.058e-16,prime,0
2419,1,z:ilp,nat-oop,23596,36565,5.762,1.550,7.058e-16,prime,1
2420,1,z:ilp,nat-oop,4288,4318,31.721,1.007,8.223e-16,flat,0
2420,1,z:ilp,nat-oop,4234,4281,32.126,1.011,8.223e-16,flat,1
2421,1,z:ilp,nat-oop,22593,24687,6.023,1.093,9.849e-16,prime,0
2421,1,z:ilp,nat-oop,27874,24632,4.882,0.884,9.849e-16,prime,1
2422,1,z:ilp,nat-oop,23172,24628,5.875,1.063,8.842e-16,prime,0
2422,1,z:ilp,nat-oop,23197,24588,5.869,1.060,8.842e-16,prime,1
2423,1,z:ilp,nat-oop,23569,24527,5.779,1.041,1.064e-15,prime,0
2423,1,z:ilp,nat-oop,23089,24501,5.899,1.061,1.064e-15,prime,1
2424,1,z:ilp,nat-oop,22628,36436,6.022,1.610,7.394e-16,prime,0
2424,1,z:ilp,nat-oop,23253,36466,5.860,1.568,7.394e-16,prime,1
2425,1,z:ilp,nat-oop,22827,24647,5.972,1.080,9.042e-16,prime,0
2425,1,z:ilp,nat-oop,22800,24602,5.979,1.079,9.042e-16,prime,1
2426,1,z:ilp,nat-oop,22267,24610,6.125,1.105,8.163e-16,prime,0
2426,1,z:ilp,nat-oop,22267,24585,6.125,1.104,8.163e-16,prime,1
2427,1,z:ilp,nat-oop,23224,24497,5.876,1.055,8.723e-16,prime,0
2427,1,z:ilp,nat-oop,22251,24491,6.133,1.101,8.723e-16,prime,1
2428,1,z:ilp,nat-oop,22850,24461,5.975,1.071,7.780e-16,prime,0
2428,1,z:ilp,nat-oop,22711,24517,6.011,1.080,7.780e-16,prime,1
2429,1,z:ilp,nat-oop,22654,24644,6.029,1.088,7.500e-16,prime,0
2429,1,z:ilp,nat-oop,23554,24665,5.799,1.047,7.500e-16,prime,1
2430,1,z:ilp,nat-oop,4456,4582,30.666,1.028,7.595e-16,chain3,0
2430,1,z:ilp,nat-oop,4550,4610,30.032,1.013,7.595e-16,chain3,1
2431,1,z:ilp,nat-oop,4899,7319,27.906,1.494,1.141e-15,chain3,0
2431,1,z:ilp,nat-oop,4894,7314,27.936,1.495,1.141e-15,chain3,1
2432,1,z:ilp,nat-oop,3693,6882,37.032,1.863,1.045e-15,chain3,0
2432,1,z:ilp,nat-oop,6333,6893,21.596,1.088,1.045e-15,chain3,1
2433,1,z:ilp,nat-oop,23210,24626,5.896,1.061,8.028e-16,prime,0
2433,1,z:ilp,nat-oop,22245,24606,6.151,1.106,8.028e-16,prime,1
2434,1,z:ilp,nat-oop,22662,24634,6.041,1.087,1.357e-15,prime,0
2434,1,z:ilp,nat-oop,22707,24627,6.029,1.085,1.357e-15,prime,1
2435,1,z:ilp,nat-oop,23066,24687,5.938,1.070,9.901e-16,prime,0
2435,1,z:ilp,nat-oop,22886,24610,5.985,1.075,9.901e-16,prime,1
2436,1,z:ilp,nat-oop,7589,9602,18.057,1.265,1.820e-15,flat,0
2436,1,z:ilp,nat-oop,8008,9586,17.112,1.197,1.820e-15,flat,1
2437,1,z:ilp,nat-oop,20068,24662,6.831,1.229,2.507e-15,prime,0
2437,1,z:ilp,nat-oop,21449,24627,6.392,1.148,2.507e-15,prime,1
2438,1,z:ilp,nat-oop,22668,20805,6.051,0.918,8.452e-16,prime,0
2438,1,z:ilp,nat-oop,22259,20805,6.162,0.935,8.452e-16,prime,1
2439,1,z:ilp,nat-oop,22260,24522,6.164,1.102,7.216e-16,prime,0
2439,1,z:ilp,nat-oop,23227,24527,5.908,1.056,7.216e-16,prime,1
2440,1,z:ilp,nat-oop,22812,20020,6.018,0.878,7.355e-16,prime,0
2440,1,z:ilp,nat-oop,33724,20009,4.071,0.593,7.355e-16,prime,1
2441,1,z:ilp,nat-oop,22822,24654,6.018,1.080,8.161e-16,prime,0
2441,1,z:ilp,nat-oop,22805,24615,6.023,1.079,8.161e-16,prime,1
2442,1,z:ilp,nat-oop,11217,11487,12.250,1.024,1.751e-15,chain3,0
2442,1,z:ilp,nat-oop,11010,11523,12.480,1.047,1.751e-15,chain3,1
2443,1,z:ilp,nat-oop,22747,24553,6.044,1.079,8.531e-16,prime,0
2443,1,z:ilp,nat-oop,22862,24535,6.013,1.073,8.531e-16,prime,1
2444,1,z:ilp,nat-oop,13549,15067,10.151,1.112,3.035e-15,flat,0
2444,1,z:ilp,nat-oop,9753,15083,14.102,1.546,3.035e-15,flat,1
2445,1,z:ilp,nat-oop,22291,24623,6.173,1.105,7.789e-16,prime,0
2445,1,z:ilp,nat-oop,22703,24647,6.061,1.086,7.789e-16,prime,1
2446,1,z:ilp,nat-oop,22894,24671,6.013,1.078,7.545e-16,prime,0
2446,1,z:ilp,nat-oop,22272,24636,6.181,1.106,7.545e-16,prime,1
2447,1,z:ilp,nat-oop,23283,24541,5.915,1.054,7.373e-16,prime,0
2447,1,z:ilp,nat-oop,22712,24541,6.064,1.081,7.373e-16,prime,1
2448,1,z:ilp,nat-oop,3468,6483,39.728,1.869,1.130e-15,chain3,0
2448,1,z:ilp,nat-oop,3480,6480,39.600,1.862,1.130e-15,chain3,1
2449,1,z:ilp,nat-oop,23263,43170,5.926,1.856,7.654e-16,prime,0
2449,1,z:ilp,nat-oop,22636,43178,6.090,1.907,7.654e-16,prime,1
2450,1,z:ilp,nat-oop,5624,4473,24.521,0.795,8.444e-16,flat,0
2450,1,z:ilp,nat-oop,4589,4497,30.052,0.980,8.444e-16,flat,1
2451,1,z:ilp,nat-oop,14230,20860,9.696,1.466,2.905e-15,flat,0
2451,1,z:ilp,nat-oop,10734,20835,12.854,1.941,2.905e-15,flat,1
2452,1,z:ilp,nat-oop,22249,24540,6.204,1.103,7.505e-16,prime,0
2452,1,z:ilp,nat-oop,22834,24539,6.046,1.075,7.505e-16,prime,1
2453,1,z:ilp,nat-oop,29316,24678,4.711,0.842,9.431e-16,prime,0
2453,1,z:ilp,nat-oop,23066,24653,5.988,1.069,9.431e-16,prime,1
2454,1,z:ilp,nat-oop,23240,24662,5.945,1.061,8.593e-16,prime,0
2454,1,z:ilp,nat-oop,22692,24624,6.089,1.085,8.593e-16,prime,1
2455,1,z:ilp,nat-oop,22690,24534,6.092,1.081,7.540e-16,prime,0
2455,1,z:ilp,nat-oop,23606,24540,5.856,1.040,7.540e-16,prime,1
2456,1,z:ilp,nat-oop,22277,24558,6.208,1.102,8.889e-16,prime,0
2456,1,z:ilp,nat-oop,22881,24545,6.044,1.073,8.889e-16,prime,1
2457,1,z:ilp,nat-oop,4381,4827,31.583,1.102,1.243e-15,chain3,0
2457,1,z:ilp,nat-oop,4342,4801,31.865,1.106,1.243e-15,chain3,1
2458,1,z:ilp,nat-oop,22767,24673,6.080,1.084,9.307e-16,prime,0
2458,1,z:ilp,nat-oop,22798,24627,6.072,1.080,9.307e-16,prime,1
2459,1,z:ilp,nat-oop,23069,24555,6.003,1.064,7.506e-16,prime,0
2459,1,z:ilp,nat-oop,22766,24563,6.083,1.079,7.506e-16,prime,1
2460,1,z:ilp,nat-oop,10460,12779,13.246,1.222,1.864e-15,flat,0
2460,1,z:ilp,nat-oop,10578,12773,13.098,1.207,1.864e-15,flat,1
2461,1,z:ilp,nat-oop,23126,24647,5.994,1.066,6.399e-16,prime,0
2461,1,z:ilp,nat-oop,23079,24632,6.006,1.067,6.399e-16,prime,1
2462,1,z:ilp,nat-oop,22294,24721,6.221,1.109,7.950e-16,prime,0
2462,1,z:ilp,nat-oop,22827,24611,6.075,1.078,7.950e-16,prime,1
2463,1,z:ilp,nat-oop,23198,24548,5.981,1.058,7.864e-16,prime,0
2463,1,z:ilp,nat-oop,22284,24578,6.226,1.103,7.864e-16,prime,1
2464,1,z:ilp,nat-oop,3726,4101,37.258,1.101,7.839e-16,chain3,0
2464,1,z:ilp,nat-oop,3083,4117,45.020,1.335,7.839e-16,chain3,1
2465,1,z:ilp,nat-oop,7407,14386,18.748,1.942,1.748e-15,flat,0
2465,1,z:ilp,nat-oop,7666,14405,18.115,1.879,1.748e-15,flat,1
2466,1,z:ilp,nat-oop,23237,50809,5.979,2.187,6.359e-16,prime,0
2466,1,z:ilp,nat-oop,22642,50836,6.136,2.245,6.359e-16,prime,1
2467,1,z:ilp,nat-oop,22265,24609,6.243,1.105,1.092e-15,prime,0
2467,1,z:ilp,nat-oop,23221,24530,5.986,1.056,1.092e-15,prime,1
2468,1,z:ilp,nat-oop,23245,24649,5.982,1.060,1.045e-15,prime,0
2468,1,z:ilp,nat-oop,23222,24574,5.988,1.058,1.045e-15,prime,1
2469,1,z:ilp,nat-oop,22827,24711,6.095,1.083,1.022e-15,prime,0
2469,1,z:ilp,nat-oop,22869,24708,6.083,1.080,1.022e-15,prime,1
2470,1,z:ilp,nat-oop,4629,8171,30.070,1.765,1.448e-15,chain3,0
2470,1,z:ilp,nat-oop,5259,8147,26.464,1.549,1.448e-15,chain3,1
2471,1,z:ilp,nat-oop,22684,24605,6.139,1.085,1.080e-15,prime,0
2471,1,z:ilp,nat-oop,23088,24533,6.031,1.063,1.080e-15,prime,1
2472,1,z:ilp,nat-oop,22327,37045,6.240,1.659,7.446e-16,prime,0
2472,1,z:ilp,nat-oop,22900,37032,6.084,1.617,7.446e-16,prime,1
2473,1,z:ilp,nat-oop,22320,24632,6.244,1.104,7.961e-16,prime,0
2473,1,z:ilp,nat-oop,21725,24655,6.415,1.135,7.961e-16,prime,1
2474,1,z:ilp,nat-oop,23225,24670,6.004,1.062,7.613e-16,prime,0
2474,1,z:ilp,nat-oop,32419,24669,4.301,0.761,7.613e-16,prime,1
2475,1,z:ilp,nat-oop,4583,4744,30.441,1.035,9.864e-16,chain3,0
2475,1,z:ilp,nat-oop,5068,4734,27.527,0.934,9.864e-16,chain3,1
2476,1,z:ilp,nat-oop,22345,24594,6.246,1.101,8.989e-16,prime,0
2476,1,z:ilp,nat-oop,22856,24600,6.107,1.076,8.989e-16,prime,1
2477,1,z:ilp,nat-oop,22805,24698,6.123,1.083,7.770e-16,prime,0
2477,1,z:ilp,nat-oop,22726,24654,6.144,1.085,7.770e-16,prime,1
2478,1,z:ilp,nat-oop,33674,19310,4.149,0.573,8.310e-16,prime,0
2478,1,z:ilp,nat-oop,22875,19319,6.107,0.845,8.310e-16,prime,1
2479,1,z:ilp,nat-oop,22811,39728,6.127,1.742,8.519e-16,prime,0
2479,1,z:ilp,nat-oop,23230,39745,6.016,1.711,8.519e-16,prime,1
2480,1,z:ilp,nat-oop,7985,9657,17.511,1.209,1.494e-15,flat,0
2480,1,z:ilp,nat-oop,6015,9620,23.245,1.599,1.494e-15,flat,1
2481,1,z:ilp,nat-oop,22726,24655,6.155,1.085,9.551e-16,prime,0
2481,1,z:ilp,nat-oop,22282,24638,6.278,1.106,9.551e-16,prime,1
2482,1,z:ilp,nat-oop,22293,27495,6.278,1.233,6.927e-16,prime,0
2482,1,z:ilp,nat-oop,21831,27534,6.411,1.261,6.927e-16,prime,1
2483,1,z:ilp,nat-oop,23265,24567,6.018,1.056,7.668e-16,prime,0
2483,1,z:ilp,nat-oop,22652,24556,6.181,1.084,7.668e-16,prime,1
2484,1,z:ilp,nat-oop,4376,8342,32.011,1.906,1.950e-15,chain3,0
2484,1,z:ilp,nat-oop,5147,8306,27.214,1.614,1.950e-15,chain3,1
2485,1,z:ilp,nat-oop,22302,31301,6.284,1.403,7.561e-16,prime,0
2485,1,z:ilp,nat-oop,23283,31273,6.019,1.343,7.561e-16,prime,1
2486,1,z:ilp,nat-oop,22835,42782,6.140,1.874,6.245e-16,prime,0
2486,1,z:ilp,nat-oop,22259,42726,6.299,1.920,6.245e-16,prime,1
2487,1,z:ilp,nat-oop,22395,24621,6.264,1.099,7.649e-16,prime,0
2487,1,z:ilp,nat-oop,22687,24594,6.183,1.084,7.649e-16,prime,1
2488,1,z:ilp,nat-oop,23235,24592,6.040,1.058,9.438e-16,prime,0
2488,1,z:ilp,nat-oop,23211,24660,6.046,1.062,9.438e-16,prime,1
2489,1,z:ilp,nat-oop,22691,24711,6.187,1.089,8.598e-16,prime,0
2489,1,z:ilp,nat-oop,22667,24649,6.194,1.087,8.598e-16,prime,1
2490,1,z:ilp,nat-oop,28276,28471,4.967,1.007,7.877e-16,prime,0
2490,1,z:ilp,nat-oop,22730,28489,6.180,1.253,7.877e-16,prime,1
2491,1,z:ilp,nat-oop,23078,37828,6.089,1.639,8.628e-16,prime,0
2491,1,z:ilp,nat-oop,23257,37838,6.042,1.627,8.628e-16,prime,1
2492,1,z:ilp,nat-oop,23219,31921,6.055,1.375,6.899e-16,prime,0
2492,1,z:ilp,nat-oop,22666,31919,6.203,1.408,6.899e-16,prime,1
2493,1,z:ilp,nat-oop,23239,24701,6.052,1.063,8.553e-16,prime,0
2493,1,z:ilp,nat-oop,22827,24710,6.162,1.083,8.553e-16,prime,1
2494,1,z:ilp,nat-oop,12867,18846,10.936,1.465,4.164e-15,flat,0
2494,1,z:ilp,nat-oop,12912,18848,10.898,1.460,4.164e-15,flat,1
2495,1,z:ilp,nat-oop,22260,24570,6.324,1.104,7.690e-16,prime,0
2495,1,z:ilp,nat-oop,22289,24584,6.316,1.103,7.690e-16,prime,1
2496,1,z:ilp,nat-oop,3034,3973,46.421,1.309,1.282e-15,chain3,0
2496,1,z:ilp,nat-oop,3891,3950,36.198,1.015,1.282e-15,chain3,1
2497,1,z:ilp,nat-oop,23277,24702,6.054,1.061,6.818e-16,prime,0
2497,1,z:ilp,nat-oop,23234,24718,6.065,1.064,6.818e-16,prime,1
2498,1,z:ilp,nat-oop,22279,24695,6.327,1.108,8.630e-16,prime,0
2498,1,z:ilp,nat-oop,22969,24701,6.137,1.075,8.630e-16,prime,1
2499,1,z:ilp,nat-oop,4640,7562,30.394,1.630,1.140e-15,chain3,0
2499,1,z:ilp,nat-oop,4461,7557,31.611,1.694,1.140e-15,chain3,1
2500,1,z:ilp,nat-oop,3549,4571,39.760,1.288,6.980e-16,chain3,0
2500,1,z:ilp,nat-oop,3534,4566,39.925,1.292,6.980e-16,chain3,1
2501,1,z:ilp,nat-oop,23222,39395,6.079,1.696,6.682e-16,prime,0
2501,1,z:ilp,nat-oop,23606,39424,5.980,1.670,6.682e-16,prime,1
2502,1,z:ilp,nat-oop,22855,51382,6.179,2.248,8.238e-16,prime,0
2502,1,z:ilp,nat-oop,22269,51349,6.342,2.306,8.238e-16,prime,1
2503,1,z:ilp,nat-oop,22828,24593,6.189,1.077,7.621e-16,prime,0
2503,1,z:ilp,nat-oop,23223,24564,6.084,1.058,7.621e-16,prime,1
2504,1,z:ilp,nat-oop,22321,24628,6.333,1.103,8.406e-16,prime,0
2504,1,z:ilp,nat-oop,22676,24637,6.234,1.086,8.406e-16,prime,1
2505,1,z:ilp,nat-oop,23101,24696,6.122,1.069,8.419e-16,prime,0
2505,1,z:ilp,nat-oop,23241,24757,6.085,1.065,8.419e-16,prime,1
2506,1,z:ilp,nat-oop,22512,24769,6.285,1.100,6.776e-16,prime,0
2506,1,z:ilp,nat-oop,22878,24683,6.184,1.079,6.776e-16,prime,1
2507,1,z:ilp,nat-oop,22736,24618,6.226,1.083,8.325e-16,prime,0
2507,1,z:ilp,nat-oop,22861,24589,6.191,1.076,8.325e-16,prime,1
2508,1,z:ilp,nat-oop,5494,7553,25.775,1.375,1.635e-15,flat,0
2508,1,z:ilp,nat-oop,5506,7550,25.719,1.371,1.635e-15,flat,1
2509,1,z:ilp,nat-oop,22863,24800,6.196,1.085,8.050e-16,prime,0
2509,1,z:ilp,nat-oop,22866,24707,6.196,1.081,8.050e-16,prime,1
2510,1,z:ilp,nat-oop,22877,24728,6.195,1.081,7.551e-16,prime,0
2510,1,z:ilp,nat-oop,22287,24670,6.359,1.107,7.551e-16,prime,1
2511,1,z:ilp,nat-oop,9567,12332,14.822,1.289,1.565e-15,flat,0
2511,1,z:ilp,nat-oop,10379,12334,13.662,1.188,1.565e-15,flat,1
2512,1,z:ilp,nat-oop,22849,24609,6.208,1.077,7.765e-16,prime,0
2512,1,z:ilp,nat-oop,27670,24693,5.127,0.892,7.765e-16,prime,1
2513,1,z:ilp,nat-oop,23026,24745,6.164,1.075,7.084e-16,prime,0
2513,1,z:ilp,nat-oop,23009,24737,6.168,1.075,7.084e-16,prime,1
2514,1,z:ilp,nat-oop,22309,24733,6.365,1.109,8.815e-16,prime,0
2514,1,z:ilp,nat-oop,22845,24732,6.215,1.083,8.815e-16,prime,1
2515,1,z:ilp,nat-oop,23252,24579,6.109,1.057,9.260e-16,prime,0
2515,1,z:ilp,nat-oop,22772,24652,6.238,1.083,9.260e-16,prime,1
2516,1,z:ilp,nat-oop,9511,14282,14.942,1.502,2.586e-15,chain3,0
2516,1,z:ilp,nat-oop,8066,14302,17.619,1.773,2.586e-15,chain3,1
2517,1,z:ilp,nat-oop,22288,24734,6.379,1.110,9.535e-16,prime,0
2517,1,z:ilp,nat-oop,22313,24705,6.372,1.107,9.535e-16,prime,1
2518,1,z:ilp,nat-oop,22268,24737,6.388,1.111,8.322e-16,prime,0
2518,1,z:ilp,nat-oop,22278,24759,6.385,1.111,8.322e-16,prime,1
2519,1,z:ilp,nat-oop,23222,24641,6.128,1.061,1.005e-15,prime,0
2519,1,z:ilp,nat-oop,23202,24662,6.133,1.063,1.005e-15,prime,1
2520,1,z:ilp,nat-oop,3253,4064,43.768,1.249,6.501e-16,chain3,0
2520,1,z:ilp,nat-oop,3145,4070,45.270,1.294,6.501e-16,chain3,1
2521,1,z:ilp,nat-oop,16088,24768,8.853,1.540,1.805e-15,prime,0
2521,1,z:ilp,nat-oop,14794,24693,9.628,1.669,1.805e-15,prime,1
2522,1,z:ilp,nat-oop,22888,36721,6.226,1.604,8.065e-16,prime,0
2522,1,z:ilp,nat-oop,22287,36773,6.394,1.650,8.065e-16,prime,1
2523,1,z:ilp,nat-oop,11474,18896,12.425,1.647,2.540e-15,flat,0
2523,1,z:ilp,nat-oop,11232,18909,12.692,1.683,2.540e-15,flat,1
2524,1,z:ilp,nat-oop,23221,24634,6.142,1.061,1.036e-15,prime,0
2524,1,z:ilp,nat-oop,23319,24605,6.116,1.055,1.036e-15,prime,1
2525,1,z:ilp,nat-oop,22987,24750,6.207,1.077,8.689e-16,prime,0
2525,1,z:ilp,nat-oop,22906,24739,6.229,1.080,8.689e-16,prime,1
2526,1,z:ilp,nat-oop,23306,24711,6.125,1.060,9.056e-16,prime,0
2526,1,z:ilp,nat-oop,23277,24740,6.133,1.063,9.056e-16,prime,1
2527,1,z:ilp,nat-oop,6719,11947,21.255,1.778,1.170e-15,chain3,0
2527,1,z:ilp,nat-oop,6102,11943,23.405,1.957,1.170e-15,chain3,1
2528,1,z:ilp,nat-oop,22723,27446,6.288,1.208,7.472e-16,prime,0
2528,1,z:ilp,nat-oop,22709,27418,6.292,1.207,7.472e-16,prime,1
2529,1,z:ilp,nat-oop,22867,24693,6.251,1.080,9.861e-16,prime,0
2529,1,z:ilp,nat-oop,22343,24733,6.398,1.107,9.861e-16,prime,1
2530,1,z:ilp,nat-oop,6697,9161,21.355,1.368,1.769e-15,chain3,0
2530,1,z:ilp,nat-oop,7002,9146,20.425,1.306,1.769e-15,chain3,1
2531,1,z:ilp,nat-oop,15915,24696,8.990,1.552,2.303e-15,prime,0
2531,1,z:ilp,nat-oop,18141,24616,7.887,1.357,2.303e-15,prime,1
2532,1,z:ilp,nat-oop,22923,24609,6.244,1.074,8.426e-16,prime,0
2532,1,z:ilp,nat-oop,22282,24639,6.424,1.106,8.426e-16,prime,1
2533,1,z:ilp,nat-oop,22346,24742,6.408,1.107,8.390e-16,prime,0
2533,1,z:ilp,nat-oop,22727,24740,6.301,1.089,8.390e-16,prime,1
2534,1,z:ilp,nat-oop,22709,24737,6.309,1.089,7.682e-16,prime,0
2534,1,z:ilp,nat-oop,23314,24715,6.145,1.060,7.682e-16,prime,1
2535,1,z:ilp,nat-oop,4747,5134,30.193,1.082,1.335e-15,chain3,0
2535,1,z:ilp,nat-oop,4344,5151,32.994,1.186,1.335e-15,chain3,1
2536,1,z:ilp,nat-oop,23000,24571,6.234,1.068,9.531e-16,prime,0
2536,1,z:ilp,nat-oop,23010,24625,6.232,1.070,9.531e-16,prime,1
2537,1,z:ilp,nat-oop,22664,39269,6.330,1.733,7.314e-16,prime,0
2537,1,z:ilp,nat-oop,23072,39277,6.218,1.702,7.314e-16,prime,1
2538,1,z:ilp,nat-oop,10761,15589,13.337,1.449,2.270e-15,chain3,0
2538,1,z:ilp,nat-oop,10787,15599,13.305,1.446,2.270e-15,chain3,1
2539,1,z:ilp,nat-oop,23297,24686,6.163,1.060,7.308e-16,prime,0
2539,1,z:ilp,nat-oop,22781,24601,6.303,1.080,7.308e-16,prime,1
2540,1,z:ilp,nat-oop,23280,47214,6.170,2.028,7.098e-16,prime,0
2540,1,z:ilp,nat-oop,22984,47164,6.250,2.052,7.098e-16,prime,1
2541,1,z:ilp,nat-oop,5494,4811,26.156,0.876,1.057e-15,flat,0
2541,1,z:ilp,nat-oop,5398,4818,26.622,0.893,1.057e-15,flat,1
2542,1,z:ilp,nat-oop,18403,19040,7.813,1.035,2.651e-15,flat,0
2542,1,z:ilp,nat-oop,18490,19085,7.776,1.032,2.651e-15,flat,1
2543,1,z:ilp,nat-oop,23269,24663,6.181,1.060,8.214e-16,prime,0
2543,1,z:ilp,nat-oop,23286,24666,6.177,1.059,8.214e-16,prime,1
2544,1,z:ilp,nat-oop,22342,17622,6.441,0.789,7.227e-16,prime,0
2544,1,z:ilp,nat-oop,22363,17601,6.435,0.787,7.227e-16,prime,1
2545,1,z:ilp,nat-oop,22659,24781,6.353,1.094,1.009e-15,prime,0
2545,1,z:ilp,nat-oop,22708,24824,6.340,1.093,1.009e-15,prime,1
2546,1,z:ilp,nat-oop,23350,26010,6.168,1.114,8.266e-16,prime,0
2546,1,z:ilp,nat-oop,26809,26270,5.372,0.980,8.266e-16,prime,1
2547,1,z:ilp,nat-oop,27217,26424,5.294,0.971,9.625e-16,prime,0
2547,1,z:ilp,nat-oop,26767,24714,5.383,0.923,9.625e-16,prime,1
2548,1,z:ilp,nat-oop,4111,4743,35.068,1.154,1.080e-15,flat,0
2548,1,z:ilp,nat-oop,5743,4687,25.100,0.816,1.080e-15,flat,1
2549,1,z:ilp,nat-oop,23301,24717,6.189,1.061,1.080e-15,prime,0
2549,1,z:ilp,nat-oop,30775,24766,4.686,0.805,1.080e-15,prime,1
2550,1,z:ilp,nat-oop,4810,6887,29.998,1.432,1.351e-15,chain3,0
2550,1,z:ilp,nat-oop,4047,6883,35.651,1.701,1.351e-15,chain3,1
2551,1,z:ilp,nat-oop,13980,24605,10.325,1.760,1.927e-15,prime,0
2551,1,z:ilp,nat-oop,14018,24623,10.297,1.756,1.927e-15,prime,1
2552,1,z:ilp,nat-oop,5880,9964,24.559,1.695,1.733e-15,chain3,0
2552,1,z:ilp,nat-oop,7063,10846,20.446,1.536,1.733e-15,chain3,1
2553,1,z:ilp,nat-oop,13851,20066,10.431,1.449,3.091e-15,flat,0
2553,1,z:ilp,nat-oop,14226,20071,10.155,1.411,3.091e-15,flat,1
2554,1,z:ilp,nat-oop,25019,24755,5.777,0.989,7.769e-16,prime,0
2554,1,z:ilp,nat-oop,25302,24767,5.713,0.979,7.769e-16,prime,1
2555,1,z:ilp,nat-oop,23110,33545,6.257,1.451,7.248e-16,prime,0
2555,1,z:ilp,nat-oop,23345,33576,6.194,1.438,7.248e-16,prime,1
2556,1,z:ilp,nat-oop,23263,24853,6.219,1.068,8.095e-16,prime,0
2556,1,z:ilp,nat-oop,22683,24832,6.378,1.095,8.095e-16,prime,1
2557,1,z:ilp,nat-oop,22023,24791,6.572,1.126,9.030e-16,prime,0
2557,1,z:ilp,nat-oop,22018,24743,6.573,1.124,9.030e-16,prime,1
2558,1,z:ilp,nat-oop,22414,24800,6.460,1.106,7.319e-16,prime,0
2558,1,z:ilp,nat-oop,22925,24756,6.316,1.080,7.319e-16,prime,1
2559,1,z:ilp,nat-oop,22350,24705,6.481,1.105,8.325e-16,prime,0
2559,1,z:ilp,nat-oop,23326,24665,6.210,1.057,8.325e-16,prime,1
2560,1,z:ilp,nat-oop,2181,4470,66.438,2.049,4.374e-16,ztt,0
2560,1,z:ilp,nat-oop,2190,4462,66.174,2.037,4.374e-16,ztt,1
2561,1,z:ilp,nat-oop,23082,30379,6.281,1.316,7.455e-16,prime,0
2561,1,z:ilp,nat-oop,23642,30323,6.133,1.283,7.455e-16,prime,1
2562,1,z:ilp,nat-oop,28062,20974,5.169,0.747,8.550e-16,prime,0
2562,1,z:ilp,nat-oop,22763,20915,6.372,0.919,8.550e-16,prime,1
2563,1,z:ilp,nat-oop,29371,30143,4.941,1.026,7.473e-16,prime,0
2563,1,z:ilp,nat-oop,23835,30202,6.088,1.267,7.473e-16,prime,1
2564,1,z:ilp,nat-oop,22692,30210,6.398,1.331,9.440e-16,prime,0
2564,1,z:ilp,nat-oop,22653,30206,6.409,1.333,9.440e-16,prime,1
2565,1,z:ilp,nat-oop,5397,8409,26.914,1.558,1.118e-15,chain3,0
2565,1,z:ilp,nat-oop,4886,8398,29.726,1.719,1.118e-15,chain3,1
2566,1,z:ilp,nat-oop,22865,30326,6.355,1.326,8.746e-16,prime,0
2566,1,z:ilp,nat-oop,22349,30384,6.502,1.360,8.746e-16,prime,1
2567,1,z:ilp,nat-oop,23242,30198,6.255,1.299,9.797e-16,prime,0
2567,1,z:ilp,nat-oop,22351,30156,6.504,1.349,9.797e-16,prime,1
2568,1,z:ilp,nat-oop,31975,40037,4.548,1.252,6.575e-16,prime,0
2568,1,z:ilp,nat-oop,22731,40020,6.398,1.761,6.575e-16,prime,1
2569,1,z:ilp,nat-oop,22311,30291,6.521,1.358,7.621e-16,prime,0
2569,1,z:ilp,nat-oop,22358,30387,6.507,1.359,7.621e-16,prime,1
2570,1,z:ilp,nat-oop,23318,30388,6.242,1.303,7.812e-16,prime,0
2570,1,z:ilp,nat-oop,22696,30277,6.413,1.334,7.812e-16,prime,1
2571,1,z:ilp,nat-oop,22689,30336,6.418,1.337,7.842e-16,prime,0
2571,1,z:ilp,nat-oop,23090,30181,6.307,1.307,7.842e-16,prime,1
2572,1,z:ilp,nat-oop,22707,30220,6.416,1.331,9.277e-16,prime,0
2572,1,z:ilp,nat-oop,22736,30177,6.408,1.327,9.277e-16,prime,1
2573,1,z:ilp,nat-oop,22373,48271,6.515,2.158,8.712e-16,prime,0
2573,1,z:ilp,nat-oop,23260,48296,6.266,2.076,8.712e-16,prime,1
2574,1,z:ilp,nat-oop,6530,4704,22.330,0.720,1.454e-15,flat,0
2574,1,z:ilp,nat-oop,6533,4673,22.321,0.715,1.454e-15,flat,1
2575,1,z:ilp,nat-oop,22331,30163,6.533,1.351,8.799e-16,prime,0
2575,1,z:ilp,nat-oop,23259,30172,6.272,1.297,8.799e-16,prime,1
2576,1,z:ilp,nat-oop,4896,8114,29.809,1.657,1.651e-15,flat,0
2576,1,z:ilp,nat-oop,5333,8110,27.368,1.521,1.651e-15,flat,1
2577,1,z:ilp,nat-oop,22805,30325,6.403,1.330,9.394e-16,prime,0
2577,1,z:ilp,nat-oop,22359,30376,6.530,1.359,9.394e-16,prime,1
2578,1,z:ilp,nat-oop,22924,30305,6.372,1.322,8.993e-16,prime,0
2578,1,z:ilp,nat-oop,22307,30312,6.548,1.359,8.993e-16,prime,1
2579,1,z:ilp,nat-oop,23147,30211,6.313,1.305,1.049e-15,prime,0
2579,1,z:ilp,nat-oop,23652,30182,6.179,1.276,1.049e-15,prime,1
2580,1,z:ilp,nat-oop,8706,14013,16.793,1.610,2.502e-15,flat,0
2580,1,z:ilp,nat-oop,11927,14005,12.258,1.174,2.502e-15,flat,1
2581,1,z:ilp,nat-oop,23308,52844,6.275,2.267,6.388e-16,prime,0
2581,1,z:ilp,nat-oop,23317,52804,6.273,2.265,6.388e-16,prime,1
2582,1,z:ilp,nat-oop,22723,30285,6.440,1.333,8.593e-16,prime,0
2582,1,z:ilp,nat-oop,22710,30312,6.443,1.335,8.593e-16,prime,1
2583,1,z:ilp,nat-oop,14416,17196,10.155,1.193,2.276e-15,chain3,0
2583,1,z:ilp,nat-oop,10784,17166,13.575,1.592,2.276e-15,chain3,1
2584,1,z:ilp,nat-oop,5218,9875,28.064,1.892,1.455e-15,chain3,0
2584,1,z:ilp,nat-oop,5103,9876,28.697,1.935,1.455e-15,chain3,1
2585,1,z:ilp,nat-oop,14999,19752,9.768,1.317,2.111e-15,chain3,0
2585,1,z:ilp,nat-oop,15604,19741,9.390,1.265,2.111e-15,chain3,1
2586,1,z:ilp,nat-oop,22911,30306,6.398,1.323,8.183e-16,prime,0
2586,1,z:ilp,nat-oop,22907,30352,6.399,1.325,8.183e-16,prime,1
2587,1,z:ilp,nat-oop,23167,30190,6.330,1.303,1.131e-15,prime,0
2587,1,z:ilp,nat-oop,23324,30218,6.287,1.296,1.131e-15,prime,1
2588,1,z:ilp,nat-oop,22827,30210,6.427,1.323,8.230e-16,prime,0
2588,1,z:ilp,nat-oop,22840,30198,6.423,1.322,8.230e-16,prime,1
2589,1,z:ilp,nat-oop,22700,30328,6.466,1.336,9.414e-16,prime,0
2589,1,z:ilp,nat-oop,23132,30387,6.345,1.314,9.414e-16,prime,1
2590,1,z:ilp,nat-oop,11621,12655,12.636,1.089,2.630e-15,flat,0
2590,1,z:ilp,nat-oop,9104,12653,16.129,1.390,2.630e-15,flat,1
2591,1,z:ilp,nat-oop,22930,30160,6.406,1.315,8.047e-16,prime,0
2591,1,z:ilp,nat-oop,22807,30167,6.441,1.323,8.047e-16,prime,1
2592,1,z:ilp,nat-oop,2688,4640,54.665,1.726,4.353e-16,ztt,0
2592,1,z:ilp,nat-oop,2697,4645,54.484,1.722,4.353e-16,ztt,1
2593,1,z:ilp,nat-oop,9898,30334,14.855,3.065,1.132e-15,prime,0
2593,1,z:ilp,nat-oop,10116,30324,14.535,2.998,1.132e-15,prime,1
2594,1,z:ilp,nat-oop,22709,30315,6.477,1.335,7.663e-16,prime,0
2594,1,z:ilp,nat-oop,22682,30323,6.485,1.337,7.663e-16,prime,1
2595,1,z:ilp,nat-oop,22858,30292,6.438,1.325,8.289e-16,prime,0
2595,1,z:ilp,nat-oop,22901,30265,6.426,1.322,8.289e-16,prime,1
2596,1,z:ilp,nat-oop,22873,20361,6.436,0.890,7.902e-16,prime,0
2596,1,z:ilp,nat-oop,22306,20353,6.600,0.912,7.902e-16,prime,1
2597,1,z:ilp,nat-oop,24442,23199,6.026,0.949,6.702e-16,prime,0
2597,1,z:ilp,nat-oop,23223,23198,6.342,0.999,6.702e-16,prime,1
2598,1,z:ilp,nat-oop,22728,30333,6.483,1.335,8.306e-16,prime,0
2598,1,z:ilp,nat-oop,22713,30318,6.487,1.335,8.306e-16,prime,1
2599,1,z:ilp,nat-oop,23144,30212,6.369,1.305,7.771e-16,prime,0
2599,1,z:ilp,nat-oop,23165,30202,6.364,1.304,7.771e-16,prime,1
2600,1,z:ilp,nat-oop,4009,4336,36.789,1.082,1.029e-15,flat,0
2600,1,z:ilp,nat-oop,4078,4339,36.165,1.064,1.029e-15,flat,1
2601,1,z:ilp,nat-oop,5242,11452,28.143,2.184,1.982e-15,chain3,0
2601,1,z:ilp,nat-oop,5328,11473,27.691,2.153,1.982e-15,chain3,1
2602,1,z:ilp,nat-oop,23027,30333,6.410,1.317,8.088e-16,prime,0
2602,1,z:ilp,nat-oop,23046,30342,6.405,1.317,8.088e-16,prime,1
2603,1,z:ilp,nat-oop,22738,30215,6.494,1.329,8.806e-16,prime,0
2603,1,z:ilp,nat-oop,22788,30256,6.480,1.328,8.806e-16,prime,1
2604,1,z:ilp,nat-oop,5628,10750,26.249,1.910,1.704e-15,chain3,0
2604,1,z:ilp,nat-oop,7437,10730,19.865,1.443,1.704e-15,chain3,1
2605,1,z:ilp,nat-oop,23141,30358,6.387,1.312,7.768e-16,prime,0
2605,1,z:ilp,nat-oop,23145,30353,6.386,1.311,7.768e-16,prime,1
2606,1,z:ilp,nat-oop,23295,30381,6.347,1.304,8.162e-16,prime,0
2606,1,z:ilp,nat-oop,24899,30440,5.938,1.223,8.162e-16,prime,1
2607,1,z:ilp,nat-oop,23204,37503,6.375,1.616,9.735e-16,prime,0
2607,1,z:ilp,nat-oop,23707,37459,6.240,1.580,9.735e-16,prime,1
2608,1,z:ilp,nat-oop,28762,30253,5.145,1.052,8.659e-16,prime,0
2608,1,z:ilp,nat-oop,22905,30289,6.461,1.322,8.659e-16,prime,1
2609,1,z:ilp,nat-oop,23720,30339,6.241,1.279,9.469e-16,prime,0
2609,1,z:ilp,nat-oop,23133,30350,6.400,1.312,9.469e-16,prime,1
2610,1,z:ilp,nat-oop,9346,10069,15.847,1.077,1.877e-15,flat,0
2610,1,z:ilp,nat-oop,7211,10050,20.539,1.394,1.877e-15,flat,1
2611,1,z:ilp,nat-oop,22404,30352,6.614,1.355,1.030e-15,prime,0
2611,1,z:ilp,nat-oop,22961,30199,6.453,1.315,1.030e-15,prime,1
2612,1,z:ilp,nat-oop,23311,30218,6.359,1.296,7.857e-16,prime,0
2612,1,z:ilp,nat-oop,23170,30279,6.398,1.307,7.857e-16,prime,1
2613,1,z:ilp,nat-oop,23311,31155,6.362,1.336,5.839e-16,prime,0
2613,1,z:ilp,nat-oop,23148,31260,6.407,1.350,5.839e-16,prime,1
2614,1,z:ilp,nat-oop,22931,30432,6.470,1.327,9.542e-16,prime,0
2614,1,z:ilp,nat-oop,22898,30359,6.480,1.326,9.542e-16,prime,1
2615,1,z:ilp,nat-oop,23179,30199,6.404,1.303,9.792e-16,prime,0
2615,1,z:ilp,nat-oop,23182,30254,6.403,1.305,9.792e-16,prime,1
2616,1,z:ilp,nat-oop,23302,42581,6.373,1.827,6.217e-16,prime,0
2616,1,z:ilp,nat-oop,23458,42562,6.330,1.814,6.217e-16,prime,1
2617,1,z:ilp,nat-oop,23719,30407,6.263,1.282,1.153e-15,prime,0
2617,1,z:ilp,nat-oop,32304,30327,4.599,0.939,1.153e-15,prime,1
2618,1,z:ilp,nat-oop,6496,8025,22.880,1.235,1.583e-15,flat,0
2618,1,z:ilp,nat-oop,6299,8024,23.595,1.274,1.583e-15,flat,1
2619,1,z:ilp,nat-oop,28038,30209,5.303,1.077,8.653e-16,prime,0
2619,1,z:ilp,nat-oop,23176,30249,6.416,1.305,8.653e-16,prime,1
2620,1,z:ilp,nat-oop,22704,50418,6.552,2.221,7.896e-16,prime,0
2620,1,z:ilp,nat-oop,23305,50418,6.383,2.163,7.896e-16,prime,1
2621,1,z:ilp,nat-oop,23163,30370,6.425,1.311,6.986e-16,prime,0
2621,1,z:ilp,nat-oop,23280,30359,6.392,1.304,6.986e-16,prime,1
2622,1,z:ilp,nat-oop,9583,11429,15.536,1.193,1.767e-15,flat,0
2622,1,z:ilp,nat-oop,10334,11419,14.408,1.105,1.767e-15,flat,1
2623,1,z:ilp,nat-oop,23228,42166,6.412,1.815,7.593e-16,prime,0
2623,1,z:ilp,nat-oop,23716,42136,6.280,1.777,7.593e-16,prime,1
2624,1,z:ilp,nat-oop,7859,13123,18.961,1.670,2.617e-15,2p,0
2624,1,z:ilp,nat-oop,11801,13127,12.627,1.112,2.617e-15,2p,1
2625,1,z:ilp,nat-oop,4820,4958,30.928,1.029,7.914e-16,flat,0
2625,1,z:ilp,nat-oop,4788,4945,31.135,1.033,7.914e-16,flat,1
2626,1,z:ilp,nat-oop,22710,40477,6.567,1.782,8.252e-16,prime,0
2626,1,z:ilp,nat-oop,22740,40530,6.559,1.782,8.252e-16,prime,1
2627,1,z:ilp,nat-oop,22771,44302,6.552,1.946,8.721e-16,prime,0
2627,1,z:ilp,nat-oop,34502,44263,4.325,1.283,8.721e-16,prime,1
2628,1,z:ilp,nat-oop,23348,26583,6.393,1.139,7.226e-16,prime,0
2628,1,z:ilp,nat-oop,23285,26551,6.411,1.140,7.226e-16,prime,1
2629,1,z:ilp,nat-oop,23271,30364,6.417,1.305,6.969e-16,prime,0
2629,1,z:ilp,nat-oop,23270,30353,6.417,1.304,6.969e-16,prime,1
2630,1,z:ilp,nat-oop,22841,30397,6.541,1.331,7.145e-16,prime,0
2630,1,z:ilp,nat-oop,22821,30359,6.546,1.330,7.145e-16,prime,1
2631,1,z:ilp,nat-oop,22968,30211,6.507,1.315,6.909e-16,prime,0
2631,1,z:ilp,nat-oop,22804,30231,6.554,1.326,6.909e-16,prime,1
2632,1,z:ilp,nat-oop,13952,16145,10.717,1.157,2.329e-15,flat,0
2632,1,z:ilp,nat-oop,14181,16136,10.544,1.138,2.329e-15,flat,1
2633,1,z:ilp,nat-oop,23326,30399,6.413,1.303,9.445e-16,prime,0
2633,1,z:ilp,nat-oop,22363,30390,6.689,1.359,9.445e-16,prime,1
2634,1,z:ilp,nat-oop,23133,30328,6.469,1.311,8.901e-16,prime,0
2634,1,z:ilp,nat-oop,23045,30320,6.494,1.316,8.901e-16,prime,1
2635,1,z:ilp,nat-oop,11864,16007,12.619,1.349,1.704e-15,flat,0
2635,1,z:ilp,nat-oop,8992,16006,16.649,1.780,1.704e-15,flat,1
2636,1,z:ilp,nat-oop,22768,30284,6.579,1.330,7.240e-16,prime,0
2636,1,z:ilp,nat-oop,27097,30314,5.528,1.119,7.240e-16,prime,1
2637,1,z:ilp,nat-oop,22372,30334,6.698,1.356,7.763e-16,prime,0
2637,1,z:ilp,nat-oop,22776,30350,6.579,1.333,7.763e-16,prime,1
2638,1,z:ilp,nat-oop,22365,30342,6.703,1.357,7.975e-16,prime,0
2638,1,z:ilp,nat-oop,22950,30357,6.532,1.323,7.975e-16,prime,1
2639,1,z:ilp,nat-oop,9887,11910,15.169,1.205,1.811e-15,chain3,0
2639,1,z:ilp,nat-oop,11580,11907,12.951,1.028,1.811e-15,chain3,1
2640,1,z:ilp,nat-oop,3371,4154,44.510,1.232,8.591e-16,chain3,0
2640,1,z:ilp,nat-oop,3915,4166,38.325,1.064,8.591e-16,chain3,1
2641,1,z:ilp,nat-oop,23738,30385,6.323,1.280,8.217e-16,prime,0
2641,1,z:ilp,nat-oop,23167,30365,6.479,1.311,8.217e-16,prime,1
2642,1,z:ilp,nat-oop,22413,30460,6.700,1.359,9.362e-16,prime,0
2642,1,z:ilp,nat-oop,22355,30370,6.717,1.359,9.362e-16,prime,1
2643,1,z:ilp,nat-oop,23260,30261,6.459,1.301,8.238e-16,prime,0
2643,1,z:ilp,nat-oop,23349,30246,6.434,1.295,8.238e-16,prime,1
2644,1,z:ilp,nat-oop,22389,30213,6.713,1.349,7.198e-16,prime,0
2644,1,z:ilp,nat-oop,22944,30227,6.550,1.317,7.198e-16,prime,1
2645,1,z:ilp,nat-oop,8546,15204,17.593,1.779,2.011e-15,flat,0
2645,1,z:ilp,nat-oop,8061,15153,18.651,1.880,2.011e-15,flat,1
2646,1,z:ilp,nat-oop,4598,4548,32.712,0.989,8.282e-16,chain3,0
2646,1,z:ilp,nat-oop,5325,4655,28.250,0.874,8.282e-16,chain3,1
2647,1,z:ilp,nat-oop,17457,30181,8.620,1.729,2.368e-15,prime,0
2647,1,z:ilp,nat-oop,18297,30356,8.224,1.659,2.368e-15,prime,1
2648,1,z:ilp,nat-oop,22394,30316,6.723,1.354,8.722e-16,prime,0
2648,1,z:ilp,nat-oop,22877,30290,6.581,1.324,8.722e-16,prime,1
2649,1,z:ilp,nat-oop,23314,30354,6.460,1.302,1.202e-15,prime,0
2649,1,z:ilp,nat-oop,28006,30384,5.378,1.085,1.202e-15,prime,1
2650,1,z:ilp,nat-oop,22390,18581,6.730,0.830,6.928e-16,prime,0
2650,1,z:ilp,nat-oop,22378,18529,6.733,0.828,6.928e-16,prime,1
2651,1,z:ilp,nat-oop,24915,30224,6.050,1.213,1.024e-15,prime,0
2651,1,z:ilp,nat-oop,23398,30331,6.442,1.296,1.024e-15,prime,1
2652,1,z:ilp,nat-oop,4623,7790,32.620,1.685,1.585e-15,chain3,0
2652,1,z:ilp,nat-oop,4546,7753,33.170,1.705,1.585e-15,chain3,1
2653,1,z:ilp,nat-oop,22685,30369,6.650,1.339,8.437e-16,prime,0
2653,1,z:ilp,nat-oop,32612,30417,4.626,0.933,8.437e-16,prime,1
2654,1,z:ilp,nat-oop,23221,30429,6.500,1.310,7.619e-16,prime,0
2654,1,z:ilp,nat-oop,23714,30363,6.365,1.280,7.619e-16,prime,1
2655,1,z:ilp,nat-oop,23215,26950,6.504,1.161,1.029e-15,prime,0
2655,1,z:ilp,nat-oop,22782,26949,6.628,1.183,1.029e-15,prime,1
2656,1,z:ilp,nat-oop,22359,30384,6.756,1.359,6.992e-16,prime,0
2656,1,z:ilp,nat-oop,22398,30425,6.744,1.358,6.992e-16,prime,1
2657,1,z:ilp,nat-oop,32694,30409,4.622,0.930,7.032e-16,prime,0
2657,1,z:ilp,nat-oop,25516,30373,5.923,1.190,7.032e-16,prime,1
2658,1,z:ilp,nat-oop,23316,30343,6.484,1.301,1.013e-15,prime,0
2658,1,z:ilp,nat-oop,23351,30345,6.475,1.300,1.013e-15,prime,1
2659,1,z:ilp,nat-oop,23183,30299,6.524,1.307,7.992e-16,prime,0
2659,1,z:ilp,nat-oop,23737,30195,6.372,1.272,7.992e-16,prime,1
2660,1,z:ilp,nat-oop,5679,7839,26.643,1.380,1.105e-15,flat,0
2660,1,z:ilp,nat-oop,5700,7848,26.547,1.377,1.105e-15,flat,1
2661,1,z:ilp,nat-oop,22721,30415,6.663,1.339,1.046e-15,prime,0
2661,1,z:ilp,nat-oop,34681,30370,4.365,0.876,1.046e-15,prime,1
2662,1,z:ilp,nat-oop,6527,5561,23.204,0.852,1.044e-15,flat,0
2662,1,z:ilp,nat-oop,6656,5565,22.753,0.836,1.044e-15,flat,1
2663,1,z:ilp,nat-oop,23364,30209,6.485,1.293,1.085e-15,prime,0
2663,1,z:ilp,nat-oop,23342,30230,6.491,1.295,1.085e-15,prime,1
2664,1,z:ilp,nat-oop,8072,12638,18.777,1.566,3.467e-15,flat,0
2664,1,z:ilp,nat-oop,10893,12618,13.914,1.158,3.467e-15,flat,1
2665,1,z:ilp,nat-oop,10747,17755,14.110,1.652,3.062e-15,chain3,0
2665,1,z:ilp,nat-oop,14236,17837,10.652,1.253,3.062e-15,chain3,1
2666,1,z:ilp,nat-oop,13636,20606,11.125,1.511,3.676e-15,flat,0
2666,1,z:ilp,nat-oop,20476,20632,7.409,1.008,3.676e-15,flat,1
2667,1,z:ilp,nat-oop,23086,30246,6.574,1.310,7.795e-16,prime,0
2667,1,z:ilp,nat-oop,27833,30312,5.453,1.089,7.795e-16,prime,1
2668,1,z:ilp,nat-oop,10307,14324,14.730,1.390,1.998e-15,chain3,0
2668,1,z:ilp,nat-oop,7875,14327,19.281,1.819,1.998e-15,chain3,1
2669,1,z:ilp,nat-oop,23044,30389,6.591,1.319,8.610e-16,prime,0
2669,1,z:ilp,nat-oop,22981,30610,6.610,1.332,8.610e-16,prime,1
2670,1,z:ilp,nat-oop,22404,34012,6.783,1.518,8.135e-16,prime,0
2670,1,z:ilp,nat-oop,22954,34049,6.620,1.483,8.135e-16,prime,1
2671,1,z:ilp,nat-oop,29174,30275,5.211,1.038,1.074e-15,prime,0
2671,1,z:ilp,nat-oop,23211,30283,6.550,1.305,1.074e-15,prime,1
2672,1,z:ilp,nat-oop,22400,30323,6.790,1.354,8.650e-16,prime,0
2672,1,z:ilp,nat-oop,22422,30261,6.783,1.350,8.650e-16,prime,1
2673,1,z:ilp,nat-oop,4338,5281,35.070,1.217,9.526e-16,chain3,0
2673,1,z:ilp,nat-oop,4374,5319,34.783,1.216,9.526e-16,chain3,1
2674,1,z:ilp,nat-oop,22402,30446,6.795,1.359,8.358e-16,prime,0
2674,1,z:ilp,nat-oop,22361,30387,6.807,1.359,8.358e-16,prime,1
2675,1,z:ilp,nat-oop,23244,30300,6.551,1.304,7.851e-16,prime,0
2675,1,z:ilp,nat-oop,23381,30223,6.513,1.293,7.851e-16,prime,1
2676,1,z:ilp,nat-oop,23217,30244,6.562,1.303,8.212e-16,prime,0
2676,1,z:ilp,nat-oop,23102,30209,6.594,1.308,8.212e-16,prime,1
2677,1,z:ilp,nat-oop,23180,30442,6.575,1.313,8.209e-16,prime,0
2677,1,z:ilp,nat-oop,23203,30481,6.568,1.314,8.209e-16,prime,1
2678,1,z:ilp,nat-oop,23377,41142,6.522,1.760,5.983e-16,prime,0
2678,1,z:ilp,nat-oop,22768,41143,6.697,1.807,5.983e-16,prime,1
2679,1,z:ilp,nat-oop,17581,24756,8.676,1.408,2.373e-15,chain3,0
2679,1,z:ilp,nat-oop,12476,24840,12.226,1.991,2.373e-15,chain3,1
2680,1,z:ilp,nat-oop,22923,24217,6.657,1.056,6.752e-16,prime,0
2680,1,z:ilp,nat-oop,22377,24226,6.819,1.083,6.752e-16,prime,1
2681,1,z:ilp,nat-oop,22970,30370,6.646,1.322,8.510e-16,prime,0
2681,1,z:ilp,nat-oop,23009,30338,6.635,1.318,8.510e-16,prime,1
2682,1,z:ilp,nat-oop,23293,60291,6.557,2.588,7.108e-16,prime,0
2682,1,z:ilp,nat-oop,22785,60312,6.703,2.647,7.108e-16,prime,1
2683,1,z:ilp,nat-oop,23331,30235,6.549,1.296,1.022e-15,prime,0
2683,1,z:ilp,nat-oop,22844,30359,6.688,1.329,1.022e-15,prime,1
2684,1,z:ilp,nat-oop,22394,22081,6.826,0.986,7.471e-16,prime,0
2684,1,z:ilp,nat-oop,22460,22050,6.806,0.982,7.471e-16,prime,1
2685,1,z:ilp,nat-oop,22815,30477,6.703,1.336,1.054e-15,prime,0
2685,1,z:ilp,nat-oop,22783,30490,6.712,1.338,1.054e-15,prime,1
2686,1,z:ilp,nat-oop,22989,31979,6.655,1.391,7.483e-16,prime,0
2686,1,z:ilp,nat-oop,22399,31991,6.830,1.428,7.483e-16,prime,1
2687,1,z:ilp,nat-oop,23350,30343,6.555,1.300,8.101e-16,prime,0
2687,1,z:ilp,nat-oop,22434,30291,6.822,1.350,8.101e-16,prime,1
2688,1,z:ilp,nat-oop,2536,4403,60.371,1.736,4.980e-16,ztt,0
2688,1,z:ilp,nat-oop,2506,4352,61.110,1.737,4.980e-16,ztt,1
2689,1,z:ilp,nat-oop,9753,30438,15.706,3.121,8.252e-16,prime,0
2689,1,z:ilp,nat-oop,9838,30350,15.569,3.085,8.252e-16,prime,1
2690,1,z:ilp,nat-oop,22429,30382,6.832,1.355,9.203e-16,prime,0
2690,1,z:ilp,nat-oop,22984,30410,6.667,1.323,9.203e-16,prime,1
2691,1,z:ilp,nat-oop,8466,10199,18.108,1.205,1.624e-15,chain3,0
2691,1,z:ilp,nat-oop,7074,10198,21.671,1.442,1.624e-15,chain3,1
2692,1,z:ilp,nat-oop,22448,30334,6.832,1.351,9.415e-16,prime,0
2692,1,z:ilp,nat-oop,23018,30346,6.663,1.318,9.415e-16,prime,1
2693,1,z:ilp,nat-oop,23393,30365,6.559,1.298,8.239e-16,prime,0
2693,1,z:ilp,nat-oop,22963,30371,6.682,1.323,8.239e-16,prime,1
2694,1,z:ilp,nat-oop,22441,30396,6.840,1.354,8.745e-16,prime,0
2694,1,z:ilp,nat-oop,22481,30402,6.828,1.352,8.745e-16,prime,1
2695,1,z:ilp,nat-oop,4649,5015,33.033,1.079,9.672e-16,flat,0
2695,1,z:ilp,nat-oop,4644,5034,33.066,1.084,9.672e-16,flat,1
2696,1,z:ilp,nat-oop,22767,30352,6.748,1.333,9.103e-16,prime,0
2696,1,z:ilp,nat-oop,32642,30288,4.706,0.928,9.103e-16,prime,1
2697,1,z:ilp,nat-oop,15710,20901,9.783,1.330,2.424e-15,flat,0
2697,1,z:ilp,nat-oop,16001,20913,9.605,1.307,2.424e-15,flat,1
2698,1,z:ilp,nat-oop,22414,29214,6.860,1.303,9.606e-16,prime,0
2698,1,z:ilp,nat-oop,22438,29211,6.852,1.302,9.606e-16,prime,1
2699,1,z:ilp,nat-oop,23233,30318,6.621,1.305,8.544e-16,prime,0
2699,1,z:ilp,nat-oop,23209,30316,6.628,1.306,8.544e-16,prime,1
2700,1,z:ilp,nat-oop,4014,4905,38.337,1.222,9.997e-16,flat,0
2700,1,z:ilp,nat-oop,4117,4924,37.377,1.196,9.997e-16,flat,1
2701,1,z:ilp,nat-oop,23020,47046,6.688,2.044,8.430e-16,prime,0
2701,1,z:ilp,nat-oop,22409,47055,6.870,2.100,8.430e-16,prime,1
2702,1,z:ilp,nat-oop,22930,30470,6.717,1.329,8.869e-16,prime,0
2702,1,z:ilp,nat-oop,23006,30379,6.694,1.320,8.869e-16,prime,1
2703,1,z:ilp,nat-oop,23031,27966,6.690,1.214,9.849e-16,prime,0
2703,1,z:ilp,nat-oop,23373,27977,6.592,1.197,9.849e-16,prime,1
2704,1,z:ilp,nat-oop,3768,4402,40.905,1.168,1.162e-15,chain3,0
2704,1,z:ilp,nat-oop,3956,4406,38.965,1.114,1.162e-15,chain3,1
2705,1,z:ilp,nat-oop,23006,30434,6.703,1.323,8.589e-16,prime,0
2705,1,z:ilp,nat-oop,22438,30393,6.873,1.355,8.589e-16,prime,1
2706,1,z:ilp,nat-oop,14198,14067,10.866,0.991,1.649e-15,flat,0
2706,1,z:ilp,nat-oop,15040,14093,10.257,0.937,1.649e-15,flat,1
2707,1,z:ilp,nat-oop,22435,30257,6.879,1.349,8.702e-16,prime,0
2707,1,z:ilp,nat-oop,22871,30277,6.748,1.324,8.702e-16,prime,1
2708,1,z:ilp,nat-oop,22422,30311,6.886,1.352,7.180e-16,prime,0
2708,1,z:ilp,nat-oop,22457,30323,6.875,1.350,7.180e-16,prime,1
2709,1,z:ilp,nat-oop,10515,18848,14.690,1.793,2.448e-15,chain3,0
2709,1,z:ilp,nat-oop,10588,18894,14.588,1.785,2.448e-15,chain3,1
2710,1,z:ilp,nat-oop,23007,30406,6.716,1.322,8.875e-16,prime,0
2710,1,z:ilp,nat-oop,22420,30419,6.892,1.357,8.875e-16,prime,1
2711,1,z:ilp,nat-oop,23751,30312,6.509,1.276,8.729e-16,prime,0
2711,1,z:ilp,nat-oop,23733,30371,6.514,1.280,8.729e-16,prime,1
2712,1,z:ilp,nat-oop,23247,45799,6.653,1.970,8.236e-16,prime,0
2712,1,z:ilp,nat-oop,22891,45781,6.756,2.000,8.236e-16,prime,1
2713,1,z:ilp,nat-oop,23400,30367,6.612,1.298,7.434e-16,prime,0
2713,1,z:ilp,nat-oop,23373,30375,6.620,1.300,7.434e-16,prime,1
2714,1,z:ilp,nat-oop,22934,25525,6.749,1.113,9.056e-16,prime,0
2714,1,z:ilp,nat-oop,22431,25435,6.900,1.134,9.056e-16,prime,1
2715,1,z:ilp,nat-oop,22780,30238,6.797,1.327,9.077e-16,prime,0
2715,1,z:ilp,nat-oop,23755,30282,6.518,1.275,9.077e-16,prime,1
2716,1,z:ilp,nat-oop,22458,38562,6.898,1.717,8.824e-16,prime,0
2716,1,z:ilp,nat-oop,22972,38639,6.743,1.682,8.824e-16,prime,1
2717,1,z:ilp,nat-oop,6795,8570,22.806,1.261,1.388e-15,flat,0
2717,1,z:ilp,nat-oop,7042,8616,22.008,1.224,1.388e-15,flat,1
2718,1,z:ilp,nat-oop,23038,30461,6.730,1.322,7.978e-16,prime,0
2718,1,z:ilp,nat-oop,22957,30430,6.753,1.326,7.978e-16,prime,1
2719,1,z:ilp,nat-oop,23809,30319,6.515,1.273,1.102e-15,prime,0
2719,1,z:ilp,nat-oop,23236,30348,6.675,1.306,1.102e-15,prime,1
2720,1,z:ilp,nat-oop,4018,7507,38.622,1.869,1.416e-15,chain3,0
2720,1,z:ilp,nat-oop,4055,7500,38.265,1.850,1.416e-15,chain3,1
2721,1,z:ilp,nat-oop,23353,30481,6.647,1.305,9.306e-16,prime,0
2721,1,z:ilp,nat-oop,23038,30401,6.738,1.320,9.306e-16,prime,1
2722,1,z:ilp,nat-oop,22435,30420,6.922,1.356,9.304e-16,prime,0
2722,1,z:ilp,nat-oop,23003,30454,6.751,1.324,9.304e-16,prime,1
2723,1,z:ilp,nat-oop,23028,30366,6.746,1.319,8.190e-16,prime,0
2723,1,z:ilp,nat-oop,22954,30309,6.768,1.320,8.190e-16,prime,1
2724,1,z:ilp,nat-oop,22467,30305,6.918,1.349,6.716e-16,prime,0
2724,1,z:ilp,nat-oop,22002,30298,7.064,1.377,6.716e-16,prime,1
2725,1,z:ilp,nat-oop,22651,30415,6.864,1.343,8.160e-16,prime,0
2725,1,z:ilp,nat-oop,22495,30435,6.912,1.353,8.160e-16,prime,1
2726,1,z:ilp,nat-oop,23026,22532,6.756,0.979,4.061e-15,flat,0
2726,1,z:ilp,nat-oop,16973,22539,9.165,1.328,4.061e-15,flat,1
2727,1,z:ilp,nat-oop,22985,30352,6.771,1.321,6.773e-16,prime,0
2727,1,z:ilp,nat-oop,23036,30311,6.755,1.316,6.773e-16,prime,1
2728,1,z:ilp,nat-oop,9808,11098,15.874,1.132,2.307e-15,flat,0
2728,1,z:ilp,nat-oop,9171,11112,16.975,1.212,2.307e-15,flat,1
2729,1,z:ilp,nat-oop,22959,30449,6.784,1.326,1.089e-15,prime,0
2729,1,z:ilp,nat-oop,22454,30446,6.936,1.356,1.089e-15,prime,1
2730,1,z:ilp,nat-oop,5771,4721,26.999,0.818,1.148e-15,flat,0
2730,1,z:ilp,nat-oop,5766,4717,27.023,0.818,1.148e-15,flat,1
2731,1,z:ilp,nat-oop,15636,30279,9.969,1.937,2.389e-15,prime,0
2731,1,z:ilp,nat-oop,15795,30319,9.869,1.920,2.389e-15,prime,1
2732,1,z:ilp,nat-oop,22810,30303,6.837,1.329,8.468e-16,prime,0
2732,1,z:ilp,nat-oop,23419,30380,6.659,1.297,8.468e-16,prime,1
2733,1,z:ilp,nat-oop,23714,30544,6.579,1.288,8.643e-16,prime,0
2733,1,z:ilp,nat-oop,23395,30509,6.668,1.304,8.643e-16,prime,1
2734,1,z:ilp,nat-oop,22482,30483,6.942,1.356,9.538e-16,prime,0
2734,1,z:ilp,nat-oop,22461,30432,6.948,1.355,9.538e-16,prime,1
2735,1,z:ilp,nat-oop,22935,30287,6.808,1.321,7.522e-16,prime,0
2735,1,z:ilp,nat-oop,23056,30344,6.772,1.316,7.522e-16,prime,1
2736,1,z:ilp,nat-oop,4175,7717,37.413,1.848,1.345e-15,chain3,0
2736,1,z:ilp,nat-oop,4811,7723,32.464,1.605,1.345e-15,chain3,1
2737,1,z:ilp,nat-oop,8971,13651,17.418,1.522,1.698e-15,flat,0
2737,1,z:ilp,nat-oop,7663,13619,20.391,1.777,1.698e-15,flat,1
2738,1,z:ilp,nat-oop,18593,21020,8.408,1.131,4.685e-15,flat,0
2738,1,z:ilp,nat-oop,17982,21022,8.693,1.169,4.685e-15,flat,1
2739,1,z:ilp,nat-oop,23747,42586,6.586,1.793,6.924e-16,prime,0
2739,1,z:ilp,nat-oop,23737,42578,6.588,1.794,6.924e-16,prime,1
2740,1,z:ilp,nat-oop,27963,56143,5.595,2.008,8.605e-16,prime,0
2740,1,z:ilp,nat-oop,23019,56203,6.797,2.442,8.605e-16,prime,1
2741,1,z:ilp,nat-oop,23274,30437,6.725,1.308,9.449e-16,prime,0
2741,1,z:ilp,nat-oop,23404,30480,6.688,1.302,9.449e-16,prime,1
2742,1,z:ilp,nat-oop,23365,30433,6.702,1.303,8.308e-16,prime,0
2742,1,z:ilp,nat-oop,22830,30453,6.859,1.334,8.308e-16,prime,1
2743,1,z:ilp,nat-oop,22463,30375,6.973,1.352,8.916e-16,prime,0
2743,1,z:ilp,nat-oop,23078,30280,6.788,1.312,8.916e-16,prime,1
2744,1,z:ilp,nat-oop,7043,4503,22.252,0.639,6.802e-16,flat,0
2744,1,z:ilp,nat-oop,4653,4509,33.678,0.969,6.802e-16,flat,1
2745,1,z:ilp,nat-oop,23287,29452,6.732,1.265,1.167e-15,prime,0
2745,1,z:ilp,nat-oop,23754,29446,6.600,1.240,1.167e-15,prime,1
2746,1,z:ilp,nat-oop,23005,30456,6.818,1.324,6.846e-16,prime,0
2746,1,z:ilp,nat-oop,22458,30441,6.984,1.355,6.846e-16,prime,1
2747,1,z:ilp,nat-oop,22985,46470,6.826,2.022,8.017e-16,prime,0
2747,1,z:ilp,nat-oop,23028,46292,6.813,2.010,8.017e-16,prime,1
2748,1,z:ilp,nat-oop,22864,30295,6.865,1.325,1.008e-15,prime,0
2748,1,z:ilp,nat-oop,23401,30342,6.708,1.297,1.008e-15,prime,1
2749,1,z:ilp,nat-oop,23395,30438,6.712,1.301,7.466e-16,prime,0
2749,1,z:ilp,nat-oop,23385,30452,6.715,1.302,7.466e-16,prime,1
2750,1,z:ilp,nat-oop,4314,4877,36.412,1.130,1.026e-15,chain3,0
2750,1,z:ilp,nat-oop,4362,4882,36.013,1.119,1.026e-15,chain3,1
2751,1,z:ilp,nat-oop,22822,30395,6.886,1.332,7.840e-16,prime,0
2751,1,z:ilp,nat-oop,23268,30376,6.754,1.305,7.840e-16,prime,1
2752,1,z:ilp,nat-oop,8721,14388,18.028,1.650,2.679e-15,2p,0
2752,1,z:ilp,nat-oop,12429,18028,12.650,1.450,2.679e-15,2p,1
2753,1,z:ilp,nat-oop,23372,30444,6.730,1.303,8.163e-16,prime,0
2753,1,z:ilp,nat-oop,23382,30429,6.727,1.301,8.163e-16,prime,1
2754,1,z:ilp,nat-oop,6296,7788,24.991,1.237,1.262e-15,chain3,0
2754,1,z:ilp,nat-oop,5917,7785,26.592,1.316,1.262e-15,chain3,1
2755,1,z:ilp,nat-oop,8774,17008,17.942,1.939,1.665e-15,chain3,0
2755,1,z:ilp,nat-oop,10287,16891,15.303,1.642,1.665e-15,chain3,1
2756,1,z:ilp,nat-oop,23037,19380,6.836,0.841,7.292e-16,prime,0
2756,1,z:ilp,nat-oop,23017,19387,6.842,0.842,7.292e-16,prime,1
2757,1,z:ilp,nat-oop,23010,30426,6.847,1.322,9.072e-16,prime,0
2757,1,z:ilp,nat-oop,22843,30423,6.897,1.332,9.072e-16,prime,1
2758,1,z:ilp,nat-oop,23415,30433,6.731,1.300,9.771e-16,prime,0
2758,1,z:ilp,nat-oop,23437,30408,6.725,1.297,9.771e-16,prime,1
2759,1,z:ilp,nat-oop,23435,57306,6.728,2.445,8.852e-16,prime,0
2759,1,z:ilp,nat-oop,22854,57289,6.899,2.507,8.852e-16,prime,1
2760,1,z:ilp,nat-oop,4693,9158,33.609,1.951,1.790e-15,chain3,0
2760,1,z:ilp,nat-oop,6376,9148,24.739,1.435,1.790e-15,chain3,1
2761,1,z:ilp,nat-oop,23410,30411,6.741,1.299,9.706e-16,prime,0
2761,1,z:ilp,nat-oop,23259,30533,6.785,1.313,9.706e-16,prime,1
2762,1,z:ilp,nat-oop,23417,30480,6.742,1.302,1.085e-15,prime,0
2762,1,z:ilp,nat-oop,22804,30510,6.923,1.338,1.085e-15,prime,1
2763,1,z:ilp,nat-oop,23195,30311,6.809,1.307,9.548e-16,prime,0
2763,1,z:ilp,nat-oop,23314,30301,6.774,1.300,9.548e-16,prime,1
2764,1,z:ilp,nat-oop,23117,30297,6.835,1.311,9.058e-16,prime,0
2764,1,z:ilp,nat-oop,23175,30331,6.818,1.309,9.058e-16,prime,1
2765,1,z:ilp,nat-oop,34188,39816,4.623,1.165,9.096e-16,prime,0
2765,1,z:ilp,nat-oop,23029,39785,6.864,1.728,9.096e-16,prime,1
2766,1,z:ilp,nat-oop,23636,30417,6.690,1.287,9.480e-16,prime,0
2766,1,z:ilp,nat-oop,23624,30419,6.694,1.288,9.480e-16,prime,1
2767,1,z:ilp,nat-oop,23415,30279,6.756,1.293,8.286e-16,prime,0
2767,1,z:ilp,nat-oop,23401,30341,6.760,1.297,8.286e-16,prime,1
2768,1,z:ilp,nat-oop,22972,30384,6.889,1.323,6.976e-16,prime,0
2768,1,z:ilp,nat-oop,22473,30338,7.042,1.350,6.976e-16,prime,1
2769,1,z:ilp,nat-oop,23381,35333,6.771,1.511,7.517e-16,prime,0
2769,1,z:ilp,nat-oop,23385,35334,6.770,1.511,7.517e-16,prime,1
2770,1,z:ilp,nat-oop,23362,30457,6.780,1.304,9.721e-16,prime,0
2770,1,z:ilp,nat-oop,23367,30446,6.778,1.303,9.721e-16,prime,1
2771,1,z:ilp,nat-oop,22872,30388,6.928,1.329,1.050e-15,prime,0
2771,1,z:ilp,nat-oop,23395,30419,6.773,1.300,1.050e-15,prime,1
2772,1,z:ilp,nat-oop,3845,5077,41.226,1.320,9.263e-16,chain3,0
2772,1,z:ilp,nat-oop,3807,5032,41.635,1.322,9.263e-16,chain3,1
2773,1,z:ilp,nat-oop,22836,45151,6.944,1.977,7.802e-16,prime,0
2773,1,z:ilp,nat-oop,22867,45155,6.935,1.975,7.802e-16,prime,1
2774,1,z:ilp,nat-oop,22454,31114,7.065,1.386,7.975e-16,prime,0
2774,1,z:ilp,nat-oop,23005,31081,6.896,1.351,7.975e-16,prime,1
2775,1,z:ilp,nat-oop,9159,16242,17.328,1.773,2.770e-15,chain3,0
2775,1,z:ilp,nat-oop,9146,16261,17.352,1.778,2.770e-15,chain3,1
2776,1,z:ilp,nat-oop,23407,30320,6.783,1.295,8.520e-16,prime,0
2776,1,z:ilp,nat-oop,22810,30381,6.961,1.332,8.520e-16,prime,1
2777,1,z:ilp,nat-oop,22868,30473,6.946,1.333,1.151e-15,prime,0
2777,1,z:ilp,nat-oop,23358,30567,6.800,1.309,1.151e-15,prime,1
2778,1,z:ilp,nat-oop,23075,30489,6.886,1.321,8.336e-16,prime,0
2778,1,z:ilp,nat-oop,22456,30455,7.076,1.356,8.336e-16,prime,1
2779,1,z:ilp,nat-oop,23384,30343,6.798,1.298,8.118e-16,prime,0
2779,1,z:ilp,nat-oop,22506,30345,7.063,1.348,8.118e-16,prime,1
2780,1,z:ilp,nat-oop,23083,56778,6.889,2.460,9.826e-16,prime,0
2780,1,z:ilp,nat-oop,23049,56788,6.900,2.464,9.826e-16,prime,1
2781,1,z:ilp,nat-oop,22156,30494,7.181,1.376,7.864e-16,prime,0
2781,1,z:ilp,nat-oop,22097,30427,7.200,1.377,7.864e-16,prime,1
2782,1,z:ilp,nat-oop,23124,44454,6.883,1.922,8.145e-16,prime,0
2782,1,z:ilp,nat-oop,23311,44454,6.827,1.907,8.145e-16,prime,1
2783,1,z:ilp,nat-oop,7302,10057,21.805,1.377,2.176e-15,flat,0
2783,1,z:ilp,nat-oop,7030,10059,22.650,1.431,2.176e-15,flat,1
2784,1,z:ilp,nat-oop,6657,10804,23.927,1.623,1.580e-15,flat,0
2784,1,z:ilp,nat-oop,9600,10772,16.593,1.122,1.580e-15,flat,1
2785,1,z:ilp,nat-oop,23180,30636,6.874,1.322,8.725e-16,prime,0
2785,1,z:ilp,nat-oop,22822,30532,6.982,1.338,8.725e-16,prime,1
2786,1,z:ilp,nat-oop,22818,30518,6.986,1.337,1.003e-15,prime,0
2786,1,z:ilp,nat-oop,22853,30524,6.976,1.336,1.003e-15,prime,1
2787,1,z:ilp,nat-oop,23174,30323,6.882,1.308,8.603e-16,prime,0
2787,1,z:ilp,nat-oop,23174,30425,6.882,1.313,8.603e-16,prime,1
2788,1,z:ilp,nat-oop,14092,17210,11.322,1.221,2.437e-15,chain3,0
2788,1,z:ilp,nat-oop,15286,17238,10.437,1.128,2.437e-15,chain3,1
2789,1,z:ilp,nat-oop,23782,30471,6.711,1.281,1.167e-15,prime,0
2789,1,z:ilp,nat-oop,23240,30492,6.868,1.312,1.167e-15,prime,1
2790,1,z:ilp,nat-oop,8400,11268,19.010,1.341,1.637e-15,chain3,0
2790,1,z:ilp,nat-oop,10580,11274,15.091,1.066,1.637e-15,chain3,1
2791,1,z:ilp,nat-oop,23449,30394,6.812,1.296,1.022e-15,prime,0
2791,1,z:ilp,nat-oop,22441,30389,7.118,1.354,1.022e-15,prime,1
2792,1,z:ilp,nat-oop,22505,30432,7.101,1.352,8.268e-16,prime,0
2792,1,z:ilp,nat-oop,22502,30448,7.102,1.353,8.268e-16,prime,1
2793,1,z:ilp,nat-oop,6195,8902,25.806,1.437,1.461e-15,chain3,0
2793,1,z:ilp,nat-oop,6059,8892,26.386,1.468,1.461e-15,chain3,1
2794,1,z:ilp,nat-oop,23427,53131,6.827,2.268,1.025e-15,prime,0
2794,1,z:ilp,nat-oop,23433,53095,6.825,2.266,1.025e-15,prime,1
2795,1,z:ilp,nat-oop,15515,19532,10.312,1.259,2.340e-15,chain3,0
2795,1,z:ilp,nat-oop,11903,19487,13.441,1.637,2.340e-15,chain3,1
2796,1,z:ilp,nat-oop,23082,30413,6.934,1.318,7.719e-16,prime,0
2796,1,z:ilp,nat-oop,23159,30373,6.911,1.312,7.719e-16,prime,1
2797,1,z:ilp,nat-oop,22901,30589,6.992,1.336,9.303e-16,prime,0
2797,1,z:ilp,nat-oop,23411,30518,6.840,1.304,9.303e-16,prime,1
2798,1,z:ilp,nat-oop,22857,30674,7.008,1.342,9.792e-16,prime,0
2798,1,z:ilp,nat-oop,23070,30463,6.944,1.320,9.792e-16,prime,1
2799,1,z:ilp,nat-oop,23475,30387,6.827,1.294,7.559e-16,prime,0
2799,1,z:ilp,nat-oop,23177,30368,6.914,1.310,7.559e-16,prime,1
2800,1,z:ilp,nat-oop,2724,4188,58.852,1.537,4.622e-16,ztt,0
2800,1,z:ilp,nat-oop,2730,4191,58.731,1.535,4.622e-16,ztt,1
2801,1,z:ilp,nat-oop,10526,30555,15.237,2.903,6.735e-16,prime,0
2801,1,z:ilp,nat-oop,10476,30545,15.309,2.916,6.735e-16,prime,1
2802,1,z:ilp,nat-oop,23097,30574,6.947,1.324,7.118e-16,prime,0
2802,1,z:ilp,nat-oop,23101,30460,6.945,1.319,7.118e-16,prime,1
2803,1,z:ilp,nat-oop,23346,30389,6.875,1.302,6.673e-16,prime,0
2803,1,z:ilp,nat-oop,22849,30383,7.025,1.330,6.673e-16,prime,1
2804,1,z:ilp,nat-oop,22833,30394,7.033,1.331,1.051e-15,prime,0
2804,1,z:ilp,nat-oop,23363,30396,6.873,1.301,1.051e-15,prime,1
2805,1,z:ilp,nat-oop,8408,8618,19.106,1.025,1.163e-15,chain3,0
2805,1,z:ilp,nat-oop,5144,8598,31.230,1.671,1.163e-15,chain3,1
2806,1,z:ilp,nat-oop,22815,27347,7.044,1.199,7.586e-16,prime,0
2806,1,z:ilp,nat-oop,23451,27328,6.853,1.165,7.586e-16,prime,1
2807,1,z:ilp,nat-oop,22972,30488,6.998,1.327,1.029e-15,prime,0
2807,1,z:ilp,nat-oop,22507,30380,7.143,1.350,1.029e-15,prime,1
2808,1,z:ilp,nat-oop,5201,4907,30.921,0.943,1.830e-15,flat,0
2808,1,z:ilp,nat-oop,5258,4859,30.589,0.924,1.830e-15,flat,1
2809,1,z:ilp,nat-oop,22862,46375,7.038,2.028,8.092e-16,prime,0
2809,1,z:ilp,nat-oop,22945,46373,7.012,2.021,8.092e-16,prime,1
2810,1,z:ilp,nat-oop,22537,30509,7.142,1.354,1.008e-15,prime,0
2810,1,z:ilp,nat-oop,23087,30506,6.972,1.321,1.008e-15,prime,1
2811,1,z:ilp,nat-oop,23083,30375,6.976,1.316,9.886e-16,prime,0
2811,1,z:ilp,nat-oop,23146,30413,6.957,1.314,9.886e-16,prime,1
2812,1,z:ilp,nat-oop,13463,16367,11.966,1.216,2.214e-15,chain3,0
2812,1,z:ilp,nat-oop,14225,16339,11.324,1.149,2.214e-15,chain3,1
2813,1,z:ilp,nat-oop,22458,30509,7.176,1.358,8.152e-16,prime,0
2813,1,z:ilp,nat-oop,22893,30488,7.039,1.332,8.152e-16,prime,1
2814,1,z:ilp,nat-oop,28675,25423,5.622,0.887,7.801e-16,prime,0
2814,1,z:ilp,nat-oop,23094,25405,6.981,1.100,7.801e-16,prime,1
2815,1,z:ilp,nat-oop,34147,30418,4.723,0.891,8.650e-16,prime,0
2815,1,z:ilp,nat-oop,23459,30394,6.875,1.296,8.650e-16,prime,1
2816,1,z:ilp,nat-oop,4247,4342,37.990,1.022,9.183e-16,chain3,0
2816,1,z:ilp,nat-oop,3949,4347,40.859,1.101,9.183e-16,chain3,1
2817,1,z:ilp,nat-oop,23775,30708,6.789,1.292,7.720e-16,prime,0
2817,1,z:ilp,nat-oop,23278,30501,6.934,1.310,7.720e-16,prime,1
2818,1,z:ilp,nat-oop,22847,30554,7.068,1.337,1.029e-15,prime,0
2818,1,z:ilp,nat-oop,23405,30537,6.899,1.305,1.029e-15,prime,1
2819,1,z:ilp,nat-oop,23694,30408,6.818,1.283,6.909e-16,prime,0
2819,1,z:ilp,nat-oop,23579,30382,6.851,1.289,6.909e-16,prime,1
2820,1,z:ilp,nat-oop,16025,17316,10.085,1.081,2.607e-15,chain3,0
2820,1,z:ilp,nat-oop,14983,17290,10.786,1.154,2.607e-15,chain3,1
2821,1,z:ilp,nat-oop,9210,13435,17.554,1.459,1.877e-15,chain3,0
2821,1,z:ilp,nat-oop,9244,13452,17.490,1.455,1.877e-15,chain3,1
2822,1,z:ilp,nat-oop,23360,35353,6.924,1.513,7.216e-16,prime,0
2822,1,z:ilp,nat-oop,23406,35386,6.910,1.512,7.216e-16,prime,1
2823,1,z:ilp,nat-oop,23033,30348,7.025,1.318,8.547e-16,prime,0
2823,1,z:ilp,nat-oop,23412,30412,6.911,1.299,8.547e-16,prime,1
2824,1,z:ilp,nat-oop,22968,30377,7.047,1.323,9.099e-16,prime,0
2824,1,z:ilp,nat-oop,24777,30433,6.533,1.228,9.099e-16,prime,1
2825,1,z:ilp,nat-oop,22491,30470,7.200,1.355,8.422e-16,prime,0
2825,1,z:ilp,nat-oop,22908,30494,7.069,1.331,8.422e-16,prime,1
2826,1,z:ilp,nat-oop,23318,30560,6.947,1.311,7.969e-16,prime,0
2826,1,z:ilp,nat-oop,23475,30588,6.901,1.303,7.969e-16,prime,1
2827,1,z:ilp,nat-oop,22860,30416,7.089,1.331,9.255e-16,prime,0
2827,1,z:ilp,nat-oop,29660,30407,5.464,1.025,9.255e-16,prime,1
2828,1,z:ilp,nat-oop,23399,42579,6.929,1.820,7.866e-16,prime,0
2828,1,z:ilp,nat-oop,23407,42570,6.926,1.819,7.866e-16,prime,1
2829,1,z:ilp,nat-oop,16891,24549,9.602,1.453,2.196e-15,flat,0
2829,1,z:ilp,nat-oop,12076,24541,13.431,2.032,2.196e-15,flat,1
2830,1,z:ilp,nat-oop,22498,30535,7.212,1.357,8.892e-16,prime,0
2830,1,z:ilp,nat-oop,23081,30485,7.030,1.321,8.892e-16,prime,1
2831,1,z:ilp,nat-oop,22861,30406,7.100,1.330,7.100e-16,prime,0
2831,1,z:ilp,nat-oop,23292,30393,6.969,1.305,7.100e-16,prime,1
2832,1,z:ilp,nat-oop,22850,21946,7.107,0.960,8.093e-16,prime,0
2832,1,z:ilp,nat-oop,23395,21960,6.941,0.939,8.093e-16,prime,1
2833,1,z:ilp,nat-oop,23244,30517,6.989,1.313,9.307e-16,prime,0
2833,1,z:ilp,nat-oop,23471,30519,6.921,1.300,9.307e-16,prime,1
2834,1,z:ilp,nat-oop,22906,47227,7.095,2.062,7.902e-16,prime,0
2834,1,z:ilp,nat-oop,23072,47178,7.044,2.045,7.902e-16,prime,1
2835,1,z:ilp,nat-oop,4985,5704,32.616,1.144,8.634e-16,chain3,0
2835,1,z:ilp,nat-oop,4883,5573,33.291,1.141,8.634e-16,chain3,1
2836,1,z:ilp,nat-oop,23017,30398,7.066,1.321,9.294e-16,prime,0
2836,1,z:ilp,nat-oop,22512,30390,7.225,1.350,9.294e-16,prime,1
2837,1,z:ilp,nat-oop,23025,30528,7.067,1.326,8.304e-16,prime,0
2837,1,z:ilp,nat-oop,22988,30489,7.078,1.326,8.304e-16,prime,1
2838,1,z:ilp,nat-oop,12368,15616,13.160,1.263,2.209e-15,chain3,0
2838,1,z:ilp,nat-oop,12378,15643,13.150,1.264,2.209e-15,chain3,1
2839,1,z:ilp,nat-oop,23424,30365,6.952,1.296,9.784e-16,prime,0
2839,1,z:ilp,nat-oop,23405,30420,6.957,1.300,9.784e-16,prime,1
2840,1,z:ilp,nat-oop,23373,27449,6.970,1.174,7.209e-16,prime,0
2840,1,z:ilp,nat-oop,22872,27443,7.122,1.200,7.209e-16,prime,1
2841,1,z:ilp,nat-oop,22863,30546,7.128,1.336,8.303e-16,prime,0
2841,1,z:ilp,nat-oop,22871,30571,7.125,1.337,8.303e-16,prime,1
2842,1,z:ilp,nat-oop,12101,11603,13.473,0.959,1.835e-15,flat,0
2842,1,z:ilp,nat-oop,9822,11620,16.598,1.183,1.835e-15,flat,1
2843,1,z:ilp,nat-oop,22934,30370,7.111,1.324,9.609e-16,prime,0
2843,1,z:ilp,nat-oop,23022,30361,7.084,1.319,9.609e-16,prime,1
2844,1,z:ilp,nat-oop,22798,31124,7.157,1.365,7.712e-16,prime,0
2844,1,z:ilp,nat-oop,23372,31130,6.981,1.332,7.712e-16,prime,1
2845,1,z:ilp,nat-oop,28479,30491,5.731,1.071,8.148e-16,prime,0
2845,1,z:ilp,nat-oop,23343,30497,6.992,1.306,8.148e-16,prime,1
2846,1,z:ilp,nat-oop,23406,30532,6.976,1.304,9.448e-16,prime,0
2846,1,z:ilp,nat-oop,22844,30540,7.148,1.337,9.448e-16,prime,1
2847,1,z:ilp,nat-oop,23186,38022,7.045,1.640,7.623e-16,prime,0
2847,1,z:ilp,nat-oop,23418,37865,6.975,1.617,7.623e-16,prime,1
2848,1,z:ilp,nat-oop,23420,36240,6.978,1.547,8.815e-16,prime,0
2848,1,z:ilp,nat-oop,22801,36244,7.167,1.590,8.815e-16,prime,1
2849,1,z:ilp,nat-oop,12022,16377,13.599,1.362,2.529e-15,flat,0
2849,1,z:ilp,nat-oop,12140,16406,13.466,1.351,2.529e-15,flat,1
2850,1,z:ilp,nat-oop,7118,8173,22.975,1.148,1.164e-15,flat,0
2850,1,z:ilp,nat-oop,6980,8171,23.432,1.171,1.164e-15,flat,1
2851,1,z:ilp,nat-oop,17079,30427,9.580,1.782,1.435e-15,prime,0
2851,1,z:ilp,nat-oop,16640,30619,9.832,1.840,1.435e-15,prime,1
2852,1,z:ilp,nat-oop,12742,15805,12.845,1.240,1.846e-15,chain3,0
2852,1,z:ilp,nat-oop,8876,15809,18.440,1.781,1.846e-15,chain3,1
2853,1,z:ilp,nat-oop,23794,30526,6.881,1.283,8.038e-16,prime,0
2853,1,z:ilp,nat-oop,23751,30529,6.894,1.285,8.038e-16,prime,1
2854,1,z:ilp,nat-oop,23442,30513,6.988,1.302,1.301e-15,prime,0
2854,1,z:ilp,nat-oop,23442,30549,6.987,1.303,1.301e-15,prime,1
2855,1,z:ilp,nat-oop,22888,30426,7.159,1.329,8.316e-16,prime,0
2855,1,z:ilp,nat-oop,27189,30411,6.027,1.119,8.316e-16,prime,1
2856,1,z:ilp,nat-oop,4954,8002,33.092,1.615,1.318e-15,chain3,0
2856,1,z:ilp,nat-oop,5044,8014,32.500,1.589,1.318e-15,chain3,1
2857,1,z:ilp,nat-oop,17465,30558,9.390,1.750,3.375e-15,prime,0
2857,1,z:ilp,nat-oop,17370,30487,9.441,1.755,3.375e-15,prime,1
2858,1,z:ilp,nat-oop,23017,30539,7.128,1.327,8.433e-16,prime,0
2858,1,z:ilp,nat-oop,23012,30558,7.129,1.328,8.433e-16,prime,1
2859,1,z:ilp,nat-oop,23294,30660,7.046,1.316,1.122e-15,prime,0
2859,1,z:ilp,nat-oop,23443,30418,7.001,1.298,1.122e-15,prime,1
2860,1,z:ilp,nat-oop,4885,5501,33.608,1.126,1.292e-15,flat,0
2860,1,z:ilp,nat-oop,4945,5306,33.206,1.073,1.292e-15,flat,1
2861,1,z:ilp,nat-oop,22900,30552,7.173,1.334,8.270e-16,prime,0
2861,1,z:ilp,nat-oop,22897,30594,7.174,1.336,8.270e-16,prime,1
2862,1,z:ilp,nat-oop,23031,20058,7.135,0.871,9.760e-16,prime,0
2862,1,z:ilp,nat-oop,23094,20078,7.115,0.869,9.760e-16,prime,1
2863,1,z:ilp,nat-oop,22960,30447,7.160,1.326,8.659e-16,prime,0
2863,1,z:ilp,nat-oop,23032,30480,7.137,1.323,8.659e-16,prime,1
2864,1,z:ilp,nat-oop,23441,30521,7.015,1.302,1.010e-15,prime,0
2864,1,z:ilp,nat-oop,22847,30429,7.198,1.332,1.010e-15,prime,1
2865,1,z:ilp,nat-oop,23813,30561,6.909,1.283,8.734e-16,prime,0
2865,1,z:ilp,nat-oop,23411,30604,7.027,1.307,8.734e-16,prime,1
2866,1,z:ilp,nat-oop,23407,30531,7.031,1.304,8.093e-16,prime,0
2866,1,z:ilp,nat-oop,23440,30519,7.021,1.302,8.093e-16,prime,1
2867,1,z:ilp,nat-oop,23520,48388,7.000,2.057,7.297e-16,prime,0
2867,1,z:ilp,nat-oop,23298,48431,7.067,2.079,7.297e-16,prime,1
2868,1,z:ilp,nat-oop,22791,30430,7.227,1.335,1.158e-15,prime,0
2868,1,z:ilp,nat-oop,22982,30451,7.167,1.325,1.158e-15,prime,1
2869,1,z:ilp,nat-oop,22482,30600,7.329,1.361,1.078e-15,prime,0
2869,1,z:ilp,nat-oop,22929,30735,7.186,1.340,1.078e-15,prime,1
2870,1,z:ilp,nat-oop,14142,15429,11.656,1.091,1.927e-15,flat,0
2870,1,z:ilp,nat-oop,11425,15405,14.427,1.348,1.927e-15,flat,1
2871,1,z:ilp,nat-oop,9984,13140,16.516,1.316,2.225e-15,flat,0
2871,1,z:ilp,nat-oop,9407,13123,17.530,1.395,2.225e-15,flat,1
2872,1,z:ilp,nat-oop,28588,30532,5.770,1.068,7.308e-16,prime,0
2872,1,z:ilp,nat-oop,23095,30454,7.143,1.319,7.308e-16,prime,1
2873,1,z:ilp,nat-oop,5378,8895,30.684,1.654,1.434e-15,chain3,0
2873,1,z:ilp,nat-oop,5488,8891,30.072,1.620,1.434e-15,chain3,1
2874,1,z:ilp,nat-oop,23061,30577,7.159,1.326,1.005e-15,prime,0
2874,1,z:ilp,nat-oop,23051,30589,7.162,1.327,1.005e-15,prime,1
2875,1,z:ilp,nat-oop,8542,10837,19.335,1.269,1.763e-15,chain3,0
2875,1,z:ilp,nat-oop,7264,10775,22.736,1.483,1.763e-15,chain3,1
2876,1,z:ilp,nat-oop,23176,30489,7.129,1.316,9.163e-16,prime,0
2876,1,z:ilp,nat-oop,23440,30446,7.049,1.299,9.163e-16,prime,1
2877,1,z:ilp,nat-oop,22961,30545,7.199,1.330,8.479e-16,prime,0
2877,1,z:ilp,nat-oop,23806,30549,6.943,1.283,8.479e-16,prime,1
2878,1,z:ilp,nat-oop,23038,30539,7.177,1.326,1.012e-15,prime,0
2878,1,z:ilp,nat-oop,23080,30769,7.164,1.333,1.012e-15,prime,1
2879,1,z:ilp,nat-oop,22915,30556,7.219,1.333,1.038e-15,prime,0
2879,1,z:ilp,nat-oop,23045,30464,7.178,1.322,1.038e-15,prime,1
2880,1,z:ilp,nat-oop,3066,4944,53.966,1.612,5.892e-16,ztt,0
2880,1,z:ilp,nat-oop,3083,4923,53.668,1.597,5.892e-16,ztt,1
2881,1,z:ilp,nat-oop,22935,49606,7.218,2.163,7.771e-16,prime,0
2881,1,z:ilp,nat-oop,23074,49566,7.174,2.148,7.771e-16,prime,1
2882,1,z:ilp,nat-oop,22477,56629,7.368,2.519,8.688e-16,prime,0
2882,1,z:ilp,nat-oop,22520,56669,7.354,2.516,8.688e-16,prime,1
2883,1,z:ilp,nat-oop,17549,23093,9.441,1.316,2.409e-15,flat,0
2883,1,z:ilp,nat-oop,16563,23092,10.003,1.394,2.409e-15,flat,1
2884,1,z:ilp,nat-oop,22899,43253,7.238,1.889,7.928e-16,prime,0
2884,1,z:ilp,nat-oop,23409,43237,7.080,1.847,7.928e-16,prime,1
2885,1,z:ilp,nat-oop,23291,30917,7.119,1.327,8.603e-16,prime,0
2885,1,z:ilp,nat-oop,23797,30572,6.967,1.285,8.603e-16,prime,1
2886,1,z:ilp,nat-oop,13123,13729,12.640,1.046,3.066e-15,chain3,0
2886,1,z:ilp,nat-oop,9845,13736,16.848,1.395,3.066e-15,chain3,1
2887,1,z:ilp,nat-oop,23469,30518,7.070,1.300,9.465e-16,prime,0
2887,1,z:ilp,nat-oop,23308,30409,7.119,1.305,9.465e-16,prime,1
2888,1,z:ilp,nat-oop,7801,11485,21.279,1.472,1.762e-15,flat,0
2888,1,z:ilp,nat-oop,7470,11492,22.223,1.538,1.762e-15,flat,1
2889,1,z:ilp,nat-oop,23098,30660,7.190,1.327,9.498e-16,prime,0
2889,1,z:ilp,nat-oop,23455,30539,7.080,1.302,9.498e-16,prime,1
2890,1,z:ilp,nat-oop,5855,11422,28.372,1.951,1.356e-15,chain3,0
2890,1,z:ilp,nat-oop,5999,11389,27.692,1.898,1.356e-15,chain3,1
2891,1,z:ilp,nat-oop,22886,29032,7.262,1.269,1.014e-15,prime,0
2891,1,z:ilp,nat-oop,23300,29030,7.133,1.246,1.014e-15,prime,1
2892,1,z:ilp,nat-oop,23027,30489,7.220,1.324,1.043e-15,prime,0
2892,1,z:ilp,nat-oop,32334,30476,5.142,0.943,1.043e-15,prime,1
2893,1,z:ilp,nat-oop,22480,30545,7.399,1.359,8.702e-16,prime,0
2893,1,z:ilp,nat-oop,22493,30561,7.394,1.359,8.702e-16,prime,1
2894,1,z:ilp,nat-oop,23519,30593,7.075,1.301,1.018e-15,prime,0
2894,1,z:ilp,nat-oop,23431,30652,7.101,1.308,1.018e-15,prime,1
2895,1,z:ilp,nat-oop,26724,30464,6.229,1.140,9.794e-16,prime,0
2895,1,z:ilp,nat-oop,23544,30470,7.070,1.294,9.794e-16,prime,1
2896,1,z:ilp,nat-oop,22454,30443,7.416,1.356,7.813e-16,prime,0
2896,1,z:ilp,nat-oop,23065,30480,7.220,1.322,7.813e-16,prime,1
2897,1,z:ilp,nat-oop,22480,30584,7.410,1.360,8.257e-16,prime,0
2897,1,z:ilp,nat-oop,22946,30647,7.260,1.336,8.257e-16,prime,1
2898,1,z:ilp,nat-oop,8724,9797,19.102,1.123,1.960e-15,flat,0
2898,1,z:ilp,nat-oop,7074,9776,23.559,1.382,1.960e-15,flat,1
2899,1,z:ilp,nat-oop,23459,30490,7.107,1.300,8.095e-16,prime,0
2899,1,z:ilp,nat-oop,23437,30680,7.113,1.309,8.095e-16,prime,1
2900,1,z:ilp,nat-oop,9764,11188,17.081,1.146,1.463e-15,flat,0
2900,1,z:ilp,nat-oop,9414,11186,17.716,1.188,1.463e-15,flat,1
2901,1,z:ilp,nat-oop,23199,30604,7.192,1.319,7.429e-16,prime,0
2901,1,z:ilp,nat-oop,23190,30590,7.195,1.319,7.429e-16,prime,1
2902,1,z:ilp,nat-oop,32194,30585,5.184,0.950,8.975e-16,prime,0
2902,1,z:ilp,nat-oop,23086,30564,7.230,1.324,8.975e-16,prime,1
2903,1,z:ilp,nat-oop,23833,30530,7.006,1.281,7.846e-16,prime,0
2903,1,z:ilp,nat-oop,22903,30551,7.290,1.334,7.846e-16,prime,1
2904,1,z:ilp,nat-oop,5218,5384,32.010,1.032,1.264e-15,flat,0
2904,1,z:ilp,nat-oop,5408,5373,30.888,0.994,1.264e-15,flat,1
2905,1,z:ilp,nat-oop,22933,45169,7.286,1.970,7.195e-16,prime,0
2905,1,z:ilp,nat-oop,23021,45201,7.259,1.963,7.195e-16,prime,1
2906,1,z:ilp,nat-oop,22452,30583,7.445,1.362,8.431e-16,prime,0
2906,1,z:ilp,nat-oop,23013,30564,7.264,1.328,8.431e-16,prime,1
2907,1,z:ilp,nat-oop,8997,13261,18.587,1.474,1.840e-15,flat,0
2907,1,z:ilp,nat-oop,8895,13259,18.800,1.491,1.840e-15,flat,1
2908,1,z:ilp,nat-oop,23410,30446,7.146,1.301,9.544e-16,prime,0
2908,1,z:ilp,nat-oop,22908,30456,7.303,1.330,9.544e-16,prime,1
2909,1,z:ilp,nat-oop,22484,30630,7.443,1.362,7.831e-16,prime,0
2909,1,z:ilp,nat-oop,22908,30917,7.306,1.350,7.831e-16,prime,1
2910,1,z:ilp,nat-oop,23390,40998,7.158,1.753,1.074e-15,prime,0
2910,1,z:ilp,nat-oop,23430,41061,7.146,1.752,1.074e-15,prime,1
2911,1,z:ilp,nat-oop,23293,51692,7.191,2.219,8.585e-16,prime,0
2911,1,z:ilp,nat-oop,23451,51668,7.142,2.203,8.585e-16,prime,1
2912,1,z:ilp,nat-oop,3709,4929,45.171,1.329,9.348e-16,chain3,0
2912,1,z:ilp,nat-oop,3719,4920,45.050,1.323,9.348e-16,chain3,1
2913,1,z:ilp,nat-oop,23334,30713,7.183,1.316,1.303e-15,prime,0
2913,1,z:ilp,nat-oop,23473,30658,7.141,1.306,1.303e-15,prime,1
2914,1,z:ilp,nat-oop,23190,24576,7.231,1.060,3.125e-15,flat,0
2914,1,z:ilp,nat-oop,25834,24557,6.491,0.951,3.125e-15,flat,1
2915,1,z:ilp,nat-oop,22522,26213,7.448,1.164,8.363e-16,prime,0
2915,1,z:ilp,nat-oop,22933,26198,7.315,1.142,8.363e-16,prime,1
2916,1,z:ilp,nat-oop,4832,5696,34.730,1.179,9.116e-16,chain3,0
2916,1,z:ilp,nat-oop,3988,5695,42.081,1.428,9.116e-16,chain3,1
2917,1,z:ilp,nat-oop,32332,30641,5.192,0.948,9.211e-16,prime,0
2917,1,z:ilp,nat-oop,23060,30711,7.280,1.332,9.211e-16,prime,1
2918,1,z:ilp,nat-oop,22495,30564,7.466,1.359,1.064e-15,prime,0
2918,1,z:ilp,nat-oop,31785,30663,5.284,0.965,1.064e-15,prime,1
2919,1,z:ilp,nat-oop,23848,30431,7.045,1.276,1.250e-15,prime,0
2919,1,z:ilp,nat-oop,23314,30488,7.206,1.308,1.250e-15,prime,1
2920,1,z:ilp,nat-oop,22392,29335,7.506,1.310,7.678e-16,prime,0
2920,1,z:ilp,nat-oop,25844,29369,6.503,1.136,7.678e-16,prime,1
2921,1,z:ilp,nat-oop,32684,30603,5.144,0.936,1.048e-15,prime,0
2921,1,z:ilp,nat-oop,23829,30731,7.056,1.290,1.048e-15,prime,1
2922,1,z:ilp,nat-oop,23083,30732,7.287,1.331,8.260e-16,prime,0
2922,1,z:ilp,nat-oop,22497,30579,7.477,1.359,8.260e-16,prime,1
2923,1,z:ilp,nat-oop,22922,54577,7.341,2.381,7.706e-16,prime,0
2923,1,z:ilp,nat-oop,32690,54572,5.147,1.669,7.706e-16,prime,1
2924,1,z:ilp,nat-oop,11218,18773,15.005,1.673,2.594e-15,chain3,0
2924,1,z:ilp,nat-oop,11238,18798,14.979,1.673,2.594e-15,chain3,1
2925,1,z:ilp,nat-oop,5449,5845,30.901,1.072,8.786e-16,chain3,0
2925,1,z:ilp,nat-oop,5071,5846,33.205,1.153,8.786e-16,chain3,1
2926,1,z:ilp,nat-oop,8380,9445,20.102,1.127,1.636e-15,flat,0
2926,1,z:ilp,nat-oop,8483,9460,19.858,1.115,1.636e-15,flat,1
2927,1,z:ilp,nat-oop,23487,30481,7.175,1.298,8.646e-16,prime,0
2927,1,z:ilp,nat-oop,22972,30475,7.336,1.327,8.646e-16,prime,1
2928,1,z:ilp,nat-oop,23224,23820,7.259,1.026,8.158e-16,prime,0
2928,1,z:ilp,nat-oop,23431,23837,7.195,1.017,8.158e-16,prime,1
2929,1,z:ilp,nat-oop,23473,30599,7.185,1.304,8.909e-16,prime,0
2929,1,z:ilp,nat-oop,23523,30785,7.170,1.309,8.909e-16,prime,1
2930,1,z:ilp,nat-oop,23099,30794,7.304,1.333,1.177e-15,prime,0
2930,1,z:ilp,nat-oop,23120,30644,7.298,1.325,1.177e-15,prime,1
2931,1,z:ilp,nat-oop,23856,30472,7.075,1.277,7.171e-16,prime,0
2931,1,z:ilp,nat-oop,24443,30494,6.905,1.248,7.171e-16,prime,1
2932,1,z:ilp,nat-oop,23088,30527,7.313,1.322,1.103e-15,prime,0
2932,1,z:ilp,nat-oop,34170,30493,4.941,0.892,1.103e-15,prime,1
2933,1,z:ilp,nat-oop,23868,30586,7.077,1.281,8.249e-16,prime,0
2933,1,z:ilp,nat-oop,23932,30704,7.058,1.283,8.249e-16,prime,1
2934,1,z:ilp,nat-oop,23108,30639,7.313,1.326,7.727e-16,prime,0
2934,1,z:ilp,nat-oop,22563,30610,7.489,1.357,7.727e-16,prime,1
2935,1,z:ilp,nat-oop,23047,30494,7.335,1.323,1.013e-15,prime,0
2935,1,z:ilp,nat-oop,23012,30613,7.346,1.330,1.013e-15,prime,1
2936,1,z:ilp,nat-oop,26738,30561,6.325,1.143,8.765e-16,prime,0
2936,1,z:ilp,nat-oop,22576,30478,7.491,1.350,8.765e-16,prime,1
2937,1,z:ilp,nat-oop,22994,51536,7.357,2.241,6.399e-16,prime,0
2937,1,z:ilp,nat-oop,23001,51518,7.355,2.240,6.399e-16,prime,1
2938,1,z:ilp,nat-oop,23122,50747,7.319,2.195,1.082e-15,prime,0
2938,1,z:ilp,nat-oop,23080,50779,7.333,2.200,1.082e-15,prime,1
2939,1,z:ilp,nat-oop,23368,30506,7.245,1.305,8.215e-16,prime,0
2939,1,z:ilp,nat-oop,23476,30582,7.212,1.303,8.215e-16,prime,1
2940,1,z:ilp,nat-oop,4771,5397,35.501,1.131,7.083e-16,flat,0
2940,1,z:ilp,nat-oop,4732,5415,35.790,1.144,7.083e-16,flat,1
2941,1,z:ilp,nat-oop,23520,30687,7.204,1.305,8.408e-16,prime,0
2941,1,z:ilp,nat-oop,23355,30704,7.255,1.315,8.408e-16,prime,1
2942,1,z:ilp,nat-oop,23522,30606,7.206,1.301,7.881e-16,prime,0
2942,1,z:ilp,nat-oop,22900,30681,7.402,1.340,7.881e-16,prime,1
2943,1,z:ilp,nat-oop,23313,30501,7.273,1.308,9.800e-16,prime,0
2943,1,z:ilp,nat-oop,23338,30505,7.266,1.307,9.800e-16,prime,1
2944,1,z:ilp,nat-oop,5922,9644,28.646,1.629,1.632e-15,chain3,0
2944,1,z:ilp,nat-oop,6734,9635,25.188,1.431,1.632e-15,chain3,1
2945,1,z:ilp,nat-oop,14555,18768,11.659,1.289,1.891e-15,chain3,0
2945,1,z:ilp,nat-oop,10488,18678,16.180,1.781,1.891e-15,chain3,1
2946,1,z:ilp,nat-oop,23083,30626,7.354,1.327,1.132e-15,prime,0
2946,1,z:ilp,nat-oop,22595,30643,7.513,1.356,1.132e-15,prime,1
2947,1,z:ilp,nat-oop,23344,30540,7.275,1.308,6.997e-16,prime,0
2947,1,z:ilp,nat-oop,23318,30578,7.283,1.311,6.997e-16,prime,1
2948,1,z:ilp,nat-oop,22529,26736,7.541,1.187,7.532e-16,prime,0
2948,1,z:ilp,nat-oop,23101,26697,7.354,1.156,7.532e-16,prime,1
2949,1,z:ilp,nat-oop,22545,30611,7.538,1.358,1.126e-15,prime,0
2949,1,z:ilp,nat-oop,22556,30598,7.535,1.357,1.126e-15,prime,1
2950,1,z:ilp,nat-oop,22553,23053,7.538,1.022,8.333e-16,prime,0
2950,1,z:ilp,nat-oop,22546,23069,7.541,1.023,8.333e-16,prime,1
2951,1,z:ilp,nat-oop,23362,30540,7.280,1.307,8.557e-16,prime,0
2951,1,z:ilp,nat-oop,23489,30525,7.241,1.300,8.557e-16,prime,1
2952,1,z:ilp,nat-oop,12828,15445,13.264,1.204,1.974e-15,chain3,0
2952,1,z:ilp,nat-oop,8583,15447,19.824,1.800,1.974e-15,chain3,1
2953,1,z:ilp,nat-oop,23846,30680,7.138,1.287,9.106e-16,prime,0
2953,1,z:ilp,nat-oop,22990,30633,7.404,1.332,9.106e-16,prime,1
2954,1,z:ilp,nat-oop,23000,30757,7.403,1.337,7.429e-16,prime,0
2954,1,z:ilp,nat-oop,23128,30741,7.362,1.329,7.429e-16,prime,1
2955,1,z:ilp,nat-oop,22915,30526,7.434,1.332,9.200e-16,prime,0
2955,1,z:ilp,nat-oop,23479,30646,7.255,1.305,9.200e-16,prime,1
2956,1,z:ilp,nat-oop,23110,30520,7.374,1.321,8.438e-16,prime,0
2956,1,z:ilp,nat-oop,22854,30473,7.456,1.333,8.438e-16,prime,1
2957,1,z:ilp,nat-oop,22963,30670,7.424,1.336,1.072e-15,prime,0
2957,1,z:ilp,nat-oop,23451,30626,7.269,1.306,1.072e-15,prime,1
2958,1,z:ilp,nat-oop,12722,14239,13.405,1.119,1.962e-15,flat,0
2958,1,z:ilp,nat-oop,13004,14229,13.114,1.094,1.962e-15,flat,1
2959,1,z:ilp,nat-oop,23516,30524,7.255,1.298,9.493e-16,prime,0
2959,1,z:ilp,nat-oop,23495,30499,7.261,1.298,9.493e-16,prime,1
2960,1,z:ilp,nat-oop,7976,13541,21.398,1.698,2.300e-15,flat,0
2960,1,z:ilp,nat-oop,11446,13548,14.910,1.184,2.300e-15,flat,1
2961,1,z:ilp,nat-oop,12739,22933,13.402,1.800,2.271e-15,flat,0
2961,1,z:ilp,nat-oop,17193,22866,9.930,1.330,2.271e-15,flat,1
2962,1,z:ilp,nat-oop,23149,30604,7.378,1.322,7.257e-16,prime,0
2962,1,z:ilp,nat-oop,23144,30618,7.380,1.323,7.257e-16,prime,1
2963,1,z:ilp,nat-oop,23415,30678,7.297,1.310,1.237e-15,prime,0
2963,1,z:ilp,nat-oop,23381,30558,7.308,1.307,1.237e-15,prime,1
2964,1,z:ilp,nat-oop,5279,9209,32.379,1.745,1.585e-15,chain3,0
2964,1,z:ilp,nat-oop,5296,9225,32.273,1.742,1.585e-15,chain3,1
2965,1,z:ilp,nat-oop,23479,30669,7.283,1.306,8.630e-16,prime,0
2965,1,z:ilp,nat-oop,23339,30623,7.326,1.312,8.630e-16,prime,1
2966,1,z:ilp,nat-oop,23040,30647,7.424,1.330,1.365e-15,prime,0
2966,1,z:ilp,nat-oop,22845,30780,7.487,1.347,1.365e-15,prime,1
2967,1,z:ilp,nat-oop,13764,26778,12.432,1.945,2.473e-15,chain3,0
2967,1,z:ilp,nat-oop,18629,26764,9.186,1.437,2.473e-15,chain3,1
2968,1,z:ilp,nat-oop,22517,20786,7.602,0.923,8.467e-16,prime,0
2968,1,z:ilp,nat-oop,32089,20786,5.335,0.648,8.467e-16,prime,1
2969,1,z:ilp,nat-oop,23847,30639,7.181,1.285,9.729e-16,prime,0
2969,1,z:ilp,nat-oop,22902,30663,7.477,1.339,9.729e-16,prime,1
2970,1,z:ilp,nat-oop,4798,5160,35.707,1.076,1.151e-15,chain3,0
2970,1,z:ilp,nat-oop,6574,5159,26.058,0.785,1.151e-15,chain3,1
2971,1,z:ilp,nat-oop,23338,30748,7.343,1.318,7.472e-16,prime,0
2971,1,z:ilp,nat-oop,22909,30549,7.481,1.334,7.472e-16,prime,1
2972,1,z:ilp,nat-oop,23177,30562,7.397,1.319,9.822e-16,prime,0
2972,1,z:ilp,nat-oop,22855,30657,7.501,1.341,9.822e-16,prime,1
2973,1,z:ilp,nat-oop,23304,30660,7.360,1.316,1.125e-15,prime,0
2973,1,z:ilp,nat-oop,23357,30618,7.343,1.311,1.125e-15,prime,1
2974,1,z:ilp,nat-oop,22586,30736,7.596,1.361,7.864e-16,prime,0
2974,1,z:ilp,nat-oop,23147,30805,7.412,1.331,7.864e-16,prime,1
2975,1,z:ilp,nat-oop,6774,9169,25.338,1.354,1.200e-15,flat,0
2975,1,z:ilp,nat-oop,6857,9183,25.032,1.339,1.200e-15,flat,1
2976,1,z:ilp,nat-oop,6504,12065,26.401,1.855,1.754e-15,chain3,0
2976,1,z:ilp,nat-oop,6572,12076,26.126,1.837,1.754e-15,chain3,1
2977,1,z:ilp,nat-oop,23178,30911,7.411,1.334,9.660e-16,prime,0
2977,1,z:ilp,nat-oop,23409,30630,7.338,1.308,9.660e-16,prime,1
2978,1,z:ilp,nat-oop,23479,30716,7.318,1.308,9.866e-16,prime,0
2978,1,z:ilp,nat-oop,22905,30717,7.502,1.341,9.866e-16,prime,1
2979,1,z:ilp,nat-oop,22583,30526,7.612,1.352,1.073e-15,prime,0
2979,1,z:ilp,nat-oop,23055,30538,7.456,1.325,1.073e-15,prime,1
2980,1,z:ilp,nat-oop,23086,66749,7.449,2.891,7.007e-16,prime,0
2980,1,z:ilp,nat-oop,23083,66713,7.450,2.890,7.007e-16,prime,1
2981,1,z:ilp,nat-oop,22539,30649,7.633,1.360,7.988e-16,prime,0
2981,1,z:ilp,nat-oop,23471,30736,7.329,1.310,7.988e-16,prime,1
2982,1,z:ilp,nat-oop,23218,28799,7.412,1.240,8.195e-16,prime,0
2982,1,z:ilp,nat-oop,23451,28788,7.338,1.228,8.195e-16,prime,1
2983,1,z:ilp,nat-oop,23024,30554,7.477,1.327,1.014e-15,prime,0
2983,1,z:ilp,nat-oop,23117,30529,7.447,1.321,1.014e-15,prime,1
2984,1,z:ilp,nat-oop,22927,30583,7.512,1.334,1.031e-15,prime,0
2984,1,z:ilp,nat-oop,23488,30577,7.332,1.302,1.031e-15,prime,1
2985,1,z:ilp,nat-oop,23307,30884,7.392,1.325,9.448e-16,prime,0
2985,1,z:ilp,nat-oop,23903,30758,7.208,1.287,9.448e-16,prime,1
2986,1,z:ilp,nat-oop,23099,30707,7.461,1.329,8.863e-16,prime,0
2986,1,z:ilp,nat-oop,22557,30641,7.641,1.358,8.863e-16,prime,1
2987,1,z:ilp,nat-oop,22530,30566,7.653,1.357,8.544e-16,prime,0
2987,1,z:ilp,nat-oop,22982,30600,7.502,1.331,8.544e-16,prime,1
2988,1,z:ilp,nat-oop,22882,34542,7.538,1.510,7.905e-16,prime,0
2988,1,z:ilp,nat-oop,28356,34545,6.083,1.218,7.905e-16,prime,1
2989,1,z:ilp,nat-oop,22965,31812,7.513,1.385,8.680e-16,prime,0
2989,1,z:ilp,nat-oop,23476,31809,7.350,1.355,8.680e-16,prime,1
2990,1,z:ilp,nat-oop,8664,11233,19.923,1.297,2.029e-15,flat,0
2990,1,z:ilp,nat-oop,8575,11190,20.129,1.305,2.029e-15,flat,1
2991,1,z:ilp,nat-oop,23061,30574,7.488,1.326,9.942e-16,prime,0
2991,1,z:ilp,nat-oop,23479,30515,7.354,1.300,9.942e-16,prime,1
2992,1,z:ilp,nat-oop,4702,8132,36.736,1.729,1.382e-15,chain3,0
2992,1,z:ilp,nat-oop,4661,8139,37.063,1.746,1.382e-15,chain3,1
2993,1,z:ilp,nat-oop,22942,54712,7.532,2.385,9.464e-16,prime,0
2993,1,z:ilp,nat-oop,23131,54718,7.471,2.366,9.464e-16,prime,1
2994,1,z:ilp,nat-oop,23095,30677,7.485,1.328,1.007e-15,prime,0
2994,1,z:ilp,nat-oop,23080,30708,7.490,1.330,1.007e-15,prime,1
2995,1,z:ilp,nat-oop,23901,30592,7.236,1.280,8.205e-16,prime,0
2995,1,z:ilp,nat-oop,23479,30540,7.365,1.301,8.205e-16,prime,1
2996,1,z:ilp,nat-oop,23385,46764,7.398,2.000,7.971e-16,prime,0
2996,1,z:ilp,nat-oop,23328,46765,7.416,2.005,7.971e-16,prime,1
2997,1,z:ilp,nat-oop,10451,17918,16.560,1.714,2.252e-15,chain3,0
2997,1,z:ilp,nat-oop,10570,17965,16.374,1.700,2.252e-15,chain3,1
2998,1,z:ilp,nat-oop,32244,30707,5.369,0.952,9.641e-16,prime,0
2998,1,z:ilp,nat-oop,23089,30676,7.498,1.329,9.641e-16,prime,1
2999,1,z:ilp,nat-oop,23400,30637,7.402,1.309,8.732e-16,prime,0
2999,1,z:ilp,nat-oop,23487,30835,7.374,1.313,8.732e-16,prime,1
3000,1,z:ilp,nat-oop,4251,5462,40.760,1.285,6.270e-16,chain3,0
3000,1,z:ilp,nat-oop,4099,5467,42.265,1.333,6.270e-16,chain3,1
3001,1,z:ilp,nat-oop,20028,30689,8.654,1.532,2.445e-15,prime,0
3001,1,z:ilp,nat-oop,19853,30651,8.731,1.544,2.445e-15,prime,1
3002,1,z:ilp,nat-oop,23140,36186,7.493,1.564,7.990e-16,prime,0
3002,1,z:ilp,nat-oop,22526,36247,7.697,1.609,7.990e-16,prime,1
3003,1,z:ilp,nat-oop,5246,5819,33.064,1.109,1.099e-15,chain3,0
3003,1,z:ilp,nat-oop,5341,5822,32.478,1.090,1.099e-15,chain3,1
3004,1,z:ilp,nat-oop,23507,30546,7.382,1.299,7.934e-16,prime,0
3004,1,z:ilp,nat-oop,23498,30559,7.385,1.301,7.934e-16,prime,1
3005,1,z:ilp,nat-oop,23135,30705,7.503,1.327,8.536e-16,prime,0
3005,1,z:ilp,nat-oop,23122,30738,7.507,1.329,8.536e-16,prime,1
3006,1,z:ilp,nat-oop,23517,30685,7.384,1.305,9.666e-16,prime,0
3006,1,z:ilp,nat-oop,22931,30797,7.573,1.343,9.666e-16,prime,1
3007,1,z:ilp,nat-oop,23395,30595,7.425,1.308,1.021e-15,prime,0
3007,1,z:ilp,nat-oop,34298,30742,5.065,0.896,1.021e-15,prime,1
3008,1,z:ilp,nat-oop,15730,17894,11.048,1.138,2.404e-15,2p,0
3008,1,z:ilp,nat-oop,17041,17919,10.198,1.051,2.404e-15,2p,1
3009,1,z:ilp,nat-oop,23882,34434,7.279,1.442,8.719e-16,prime,0
3009,1,z:ilp,nat-oop,23860,34415,7.286,1.442,8.719e-16,prime,1
3010,1,z:ilp,nat-oop,15554,16910,11.181,1.087,2.886e-15,chain3,0
3010,1,z:ilp,nat-oop,15399,16913,11.294,1.098,2.886e-15,chain3,1
3011,1,z:ilp,nat-oop,23511,30520,7.400,1.298,1.099e-15,prime,0
3011,1,z:ilp,nat-oop,23893,30603,7.282,1.281,1.099e-15,prime,1
3012,1,z:ilp,nat-oop,22918,30583,7.594,1.334,1.058e-15,prime,0
3012,1,z:ilp,nat-oop,23532,30740,7.396,1.306,1.058e-15,prime,1
3013,1,z:ilp,nat-oop,23745,30685,7.332,1.292,9.974e-16,prime,0
3013,1,z:ilp,nat-oop,23657,30644,7.359,1.295,9.974e-16,prime,1
3014,1,z:ilp,nat-oop,22570,63029,7.717,2.793,6.623e-16,prime,0
3014,1,z:ilp,nat-oop,23109,63061,7.537,2.729,6.623e-16,prime,1
3015,1,z:ilp,nat-oop,23429,35856,7.437,1.530,6.507e-16,prime,0
3015,1,z:ilp,nat-oop,23069,35843,7.553,1.554,6.507e-16,prime,1
3016,1,z:ilp,nat-oop,10121,11902,17.222,1.176,1.778e-15,flat,0
3016,1,z:ilp,nat-oop,7685,11897,22.679,1.548,1.778e-15,flat,1
3017,1,z:ilp,nat-oop,23352,30726,7.467,1.316,8.098e-16,prime,0
3017,1,z:ilp,nat-oop,23365,30758,7.463,1.316,8.098e-16,prime,1
3018,1,z:ilp,nat-oop,22958,30705,7.598,1.337,7.109e-16,prime,0
3018,1,z:ilp,nat-oop,22885,30831,7.622,1.347,7.109e-16,prime,1
3019,1,z:ilp,nat-oop,23525,30763,7.417,1.308,7.796e-16,prime,0
3019,1,z:ilp,nat-oop,23372,30741,7.466,1.315,7.796e-16,prime,1
3020,1,z:ilp,nat-oop,23147,30644,7.541,1.324,1.037e-15,prime,0
3020,1,z:ilp,nat-oop,23058,30625,7.570,1.328,1.037e-15,prime,1
3021,1,z:ilp,nat-oop,23486,32092,7.435,1.366,9.051e-16,prime,0
3021,1,z:ilp,nat-oop,23887,32087,7.311,1.343,9.051e-16,prime,1
3022,1,z:ilp,nat-oop,22914,30735,7.624,1.341,1.033e-15,prime,0
3022,1,z:ilp,nat-oop,23451,30745,7.449,1.311,1.033e-15,prime,1
3023,1,z:ilp,nat-oop,23417,30540,7.463,1.304,9.297e-16,prime,0
3023,1,z:ilp,nat-oop,23308,30591,7.498,1.312,9.297e-16,prime,1
3024,1,z:ilp,nat-oop,3212,4865,54.433,1.515,4.143e-16,ztt,0
3024,1,z:ilp,nat-oop,3228,4871,54.158,1.509,4.143e-16,ztt,1
3025,1,z:ilp,nat-oop,7466,5836,23.426,0.782,1.422e-15,flat,0
3025,1,z:ilp,nat-oop,6010,5882,29.099,0.979,1.422e-15,flat,1
3026,1,z:ilp,nat-oop,22959,41376,7.620,1.802,8.751e-16,prime,0
3026,1,z:ilp,nat-oop,23495,41390,7.446,1.762,8.751e-16,prime,1
3027,1,z:ilp,nat-oop,23000,30585,7.609,1.330,1.110e-15,prime,0
3027,1,z:ilp,nat-oop,23478,30725,7.454,1.309,1.110e-15,prime,1
3028,1,z:ilp,nat-oop,23559,30700,7.432,1.303,9.197e-16,prime,0
3028,1,z:ilp,nat-oop,23314,30561,7.510,1.311,9.197e-16,prime,1
3029,1,z:ilp,nat-oop,22881,31061,7.655,1.358,7.535e-16,prime,0
3029,1,z:ilp,nat-oop,23325,30690,7.509,1.316,7.535e-16,prime,1
3030,1,z:ilp,nat-oop,22954,45373,7.633,1.977,7.081e-16,prime,0
3030,1,z:ilp,nat-oop,22945,45381,7.636,1.978,7.081e-16,prime,1
3031,1,z:ilp,nat-oop,22997,30577,7.622,1.330,1.110e-15,prime,0
3031,1,z:ilp,nat-oop,23537,30631,7.447,1.301,1.110e-15,prime,1
3032,1,z:ilp,nat-oop,23964,30625,7.317,1.278,1.004e-15,prime,0
3032,1,z:ilp,nat-oop,22914,30585,7.652,1.335,1.004e-15,prime,1
3033,1,z:ilp,nat-oop,22978,30685,7.634,1.335,9.847e-16,prime,0
3033,1,z:ilp,nat-oop,22962,30707,7.639,1.337,9.847e-16,prime,1
3034,1,z:ilp,nat-oop,21315,24740,8.232,1.161,3.765e-15,flat,0
3034,1,z:ilp,nat-oop,20665,24812,8.491,1.201,3.765e-15,flat,1
3035,1,z:ilp,nat-oop,23554,30591,7.453,1.299,9.222e-16,prime,0
3035,1,z:ilp,nat-oop,22980,30608,7.639,1.332,9.222e-16,prime,1
3036,1,z:ilp,nat-oop,7007,10498,25.061,1.498,1.806e-15,flat,0
3036,1,z:ilp,nat-oop,8710,10488,20.160,1.204,1.806e-15,flat,1
3037,1,z:ilp,nat-oop,17721,30851,9.913,1.741,2.414e-15,prime,0
3037,1,z:ilp,nat-oop,19956,30685,8.803,1.538,2.414e-15,prime,1
3038,1,z:ilp,nat-oop,13801,12955,12.733,0.939,1.713e-15,flat,0
3038,1,z:ilp,nat-oop,9255,12971,18.987,1.401,1.713e-15,flat,1
3039,1,z:ilp,nat-oop,23134,30691,7.599,1.327,1.033e-15,prime,0
3039,1,z:ilp,nat-oop,23589,30560,7.453,1.296,1.033e-15,prime,1
3040,1,z:ilp,nat-oop,4893,8897,35.943,1.818,1.215e-15,chain3,0
3040,1,z:ilp,nat-oop,4568,8886,38.497,1.945,1.215e-15,chain3,1
3041,1,z:ilp,nat-oop,15832,30780,11.112,1.944,1.368e-15,prime,0
3041,1,z:ilp,nat-oop,21300,30756,8.259,1.444,1.368e-15,prime,1
3042,1,z:ilp,nat-oop,7072,5796,24.887,0.820,1.543e-15,flat,0
3042,1,z:ilp,nat-oop,7146,5916,24.627,0.828,1.543e-15,flat,1
3043,1,z:ilp,nat-oop,29107,30568,6.049,1.050,1.113e-15,prime,0
3043,1,z:ilp,nat-oop,23538,30533,7.480,1.297,1.113e-15,prime,1
3044,1,z:ilp,nat-oop,23152,30597,7.607,1.322,7.511e-16,prime,0
3044,1,z:ilp,nat-oop,23471,30579,7.504,1.303,7.511e-16,prime,1
3045,1,z:ilp,nat-oop,12989,13926,13.565,1.072,1.836e-15,flat,0
3045,1,z:ilp,nat-oop,8799,13930,20.024,1.583,1.836e-15,flat,1
3046,1,z:ilp,nat-oop,22916,30752,7.691,1.342,9.210e-16,prime,0
3046,1,z:ilp,nat-oop,23568,30703,7.479,1.303,9.210e-16,prime,1
3047,1,z:ilp,nat-oop,23892,30587,7.380,1.280,8.240e-16,prime,0
3047,1,z:ilp,nat-oop,23913,30732,7.373,1.285,8.240e-16,prime,1
3048,1,z:ilp,nat-oop,22626,57084,7.795,2.523,8.808e-16,prime,0
3048,1,z:ilp,nat-oop,23100,56995,7.636,2.467,8.808e-16,prime,1
3049,1,z:ilp,nat-oop,23600,30761,7.477,1.303,8.470e-16,prime,0
3049,1,z:ilp,nat-oop,23572,30709,7.485,1.303,8.470e-16,prime,1
3050,1,z:ilp,nat-oop,23041,25032,7.661,1.086,1.016e-15,prime,0
3050,1,z:ilp,nat-oop,23558,25042,7.493,1.063,1.016e-15,prime,1
3051,1,z:ilp,nat-oop,23183,30583,7.617,1.319,1.076e-15,prime,0
3051,1,z:ilp,nat-oop,24220,30571,7.291,1.262,1.076e-15,prime,1
3052,1,z:ilp,nat-oop,22950,49703,7.697,2.166,7.413e-16,prime,0
3052,1,z:ilp,nat-oop,22952,49729,7.696,2.167,7.413e-16,prime,1
3053,1,z:ilp,nat-oop,23576,55082,7.495,2.336,1.047e-15,prime,0
3053,1,z:ilp,nat-oop,23272,55070,7.593,2.366,1.047e-15,prime,1
3054,1,z:ilp,nat-oop,23391,30913,7.557,1.322,7.982e-16,prime,0
3054,1,z:ilp,nat-oop,23260,30665,7.600,1.318,7.982e-16,prime,1
3055,1,z:ilp,nat-oop,17951,23644,9.851,1.317,2.274e-15,chain3,0
3055,1,z:ilp,nat-oop,18127,23646,9.755,1.304,2.274e-15,chain3,1
3056,1,z:ilp,nat-oop,23220,30580,7.619,1.317,7.487e-16,prime,0
3056,1,z:ilp,nat-oop,22923,30698,7.717,1.339,7.487e-16,prime,1
3057,1,z:ilp,nat-oop,28980,30914,6.107,1.067,9.334e-16,prime,0
3057,1,z:ilp,nat-oop,23452,30726,7.546,1.310,9.334e-16,prime,1
3058,1,z:ilp,nat-oop,23230,63760,7.621,2.745,9.279e-16,prime,0
3058,1,z:ilp,nat-oop,23153,63756,7.646,2.754,9.279e-16,prime,1
3059,1,z:ilp,nat-oop,8362,16161,21.178,1.933,1.636e-15,flat,0
3059,1,z:ilp,nat-oop,8598,16198,20.597,1.884,1.636e-15,flat,1
3060,1,z:ilp,nat-oop,4785,8588,37.021,1.795,1.091e-15,chain3,0
3060,1,z:ilp,nat-oop,5087,8587,34.824,1.688,1.091e-15,chain3,1
3061,1,z:ilp,nat-oop,16449,30828,10.775,1.874,1.966e-15,prime,0
3061,1,z:ilp,nat-oop,19188,30716,9.236,1.601,1.966e-15,prime,1
3062,1,z:ilp,nat-oop,22965,30738,7.720,1.338,9.804e-16,prime,0
3062,1,z:ilp,nat-oop,22966,30887,7.720,1.345,9.804e-16,prime,1
3063,1,z:ilp,nat-oop,23570,30725,7.525,1.304,1.070e-15,prime,0
3063,1,z:ilp,nat-oop,23307,30643,7.610,1.315,1.070e-15,prime,1
3064,1,z:ilp,nat-oop,23247,30854,7.632,1.327,8.795e-16,prime,0
3064,1,z:ilp,nat-oop,23294,30772,7.617,1.321,8.795e-16,prime,1
3065,1,z:ilp,nat-oop,23156,30751,7.665,1.328,1.295e-15,prime,0
3065,1,z:ilp,nat-oop,22595,30795,7.855,1.363,1.295e-15,prime,1
3066,1,z:ilp,nat-oop,23282,30787,7.626,1.322,8.671e-16,prime,0
3066,1,z:ilp,nat-oop,23367,30798,7.598,1.318,8.671e-16,prime,1
3067,1,z:ilp,nat-oop,23664,30747,7.506,1.299,8.492e-16,prime,0
3067,1,z:ilp,nat-oop,22635,30676,7.847,1.355,8.492e-16,prime,1
3068,1,z:ilp,nat-oop,23466,24085,7.572,1.026,8.440e-16,prime,0
3068,1,z:ilp,nat-oop,23601,24093,7.529,1.021,8.440e-16,prime,1
3069,1,z:ilp,nat-oop,9155,14845,19.415,1.621,2.144e-15,chain3,0
3069,1,z:ilp,nat-oop,9174,14841,19.376,1.618,2.144e-15,chain3,1
3070,1,z:ilp,nat-oop,22649,30804,7.851,1.360,9.579e-16,prime,0
3070,1,z:ilp,nat-oop,22623,30752,7.860,1.359,9.579e-16,prime,1
3071,1,z:ilp,nat-oop,22070,60888,8.060,2.759,8.578e-16,prime,0
3071,1,z:ilp,nat-oop,22228,60874,8.003,2.739,8.578e-16,prime,1
3072,1,z:ilp,nat-oop,2728,5230,65.229,1.917,4.005e-16,ztt,0
3072,1,z:ilp,nat-oop,2730,5218,65.181,1.911,4.005e-16,ztt,1
3073,1,z:ilp,nat-oop,23546,31427,7.560,1.335,9.208e-16,prime,0
3073,1,z:ilp,nat-oop,22637,31446,7.864,1.389,9.208e-16,prime,1
3074,1,z:ilp,nat-oop,22947,28098,7.760,1.224,7.397e-16,prime,0
3074,1,z:ilp,nat-oop,23553,28070,7.561,1.192,7.397e-16,prime,1
3075,1,z:ilp,nat-oop,10772,20572,16.537,1.910,2.779e-15,chain3,0
3075,1,z:ilp,nat-oop,10934,20580,16.293,1.882,2.779e-15,chain3,1
3076,1,z:ilp,nat-oop,23185,31350,7.686,1.352,9.964e-16,prime,0
3076,1,z:ilp,nat-oop,23216,31306,7.676,1.348,9.964e-16,prime,1
3077,1,z:ilp,nat-oop,23523,31402,7.579,1.335,8.956e-16,prime,0
3077,1,z:ilp,nat-oop,22878,31414,7.792,1.373,8.956e-16,prime,1
3078,1,z:ilp,nat-oop,7894,9220,22.592,1.168,1.551e-15,chain3,0
3078,1,z:ilp,nat-oop,8143,9206,21.900,1.131,1.551e-15,chain3,1
3079,1,z:ilp,nat-oop,22578,31362,7.901,1.389,8.475e-16,prime,0
3079,1,z:ilp,nat-oop,22835,31303,7.813,1.371,8.475e-16,prime,1
3080,1,z:ilp,nat-oop,4882,5363,36.556,1.099,7.236e-16,flat,0
3080,1,z:ilp,nat-oop,4964,5405,35.954,1.089,7.236e-16,flat,1
3081,1,z:ilp,nat-oop,22940,44737,7.783,1.950,1.096e-15,prime,0
3081,1,z:ilp,nat-oop,23394,44897,7.632,1.919,1.096e-15,prime,1
3082,1,z:ilp,nat-oop,23534,32692,7.589,1.389,9.488e-16,prime,0
3082,1,z:ilp,nat-oop,22965,32613,7.777,1.420,9.488e-16,prime,1
3083,1,z:ilp,nat-oop,23512,31368,7.599,1.334,9.858e-16,prime,0
3083,1,z:ilp,nat-oop,23152,31369,7.717,1.355,9.858e-16,prime,1
3084,1,z:ilp,nat-oop,22983,31266,7.777,1.360,8.521e-16,prime,0
3084,1,z:ilp,nat-oop,22979,31318,7.778,1.363,8.521e-16,prime,1
3085,1,z:ilp,nat-oop,31953,31402,5.595,0.983,9.874e-16,prime,0
3085,1,z:ilp,nat-oop,22853,31489,7.824,1.378,9.874e-16,prime,1
3086,1,z:ilp,nat-oop,23130,31452,7.733,1.360,7.653e-16,prime,0
3086,1,z:ilp,nat-oop,23143,31426,7.728,1.358,7.653e-16,prime,1
3087,1,z:ilp,nat-oop,5534,5997,32.331,1.084,5.979e-16,chain3,0
3087,1,z:ilp,nat-oop,5622,6064,31.823,1.078,5.979e-16,chain3,1
3088,1,z:ilp,nat-oop,22604,31452,7.918,1.391,1.005e-15,prime,0
3088,1,z:ilp,nat-oop,22587,31319,7.924,1.387,1.005e-15,prime,1
3089,1,z:ilp,nat-oop,23145,31455,7.736,1.359,9.827e-16,prime,0
3089,1,z:ilp,nat-oop,23087,31448,7.756,1.362,9.827e-16,prime,1
3090,1,z:ilp,nat-oop,23170,46095,7.731,1.989,9.229e-16,prime,0
3090,1,z:ilp,nat-oop,23357,46085,7.669,1.973,9.229e-16,prime,1
3091,1,z:ilp,nat-oop,23019,31281,7.784,1.359,8.139e-16,prime,0
3091,1,z:ilp,nat-oop,22791,31345,7.862,1.375,8.139e-16,prime,1
3092,1,z:ilp,nat-oop,23009,31341,7.790,1.362,1.077e-15,prime,0
3092,1,z:ilp,nat-oop,22544,31332,7.951,1.390,1.077e-15,prime,1
3093,1,z:ilp,nat-oop,29280,31427,6.124,1.073,8.663e-16,prime,0
3093,1,z:ilp,nat-oop,22657,31530,7.914,1.392,8.663e-16,prime,1
3094,1,z:ilp,nat-oop,7996,9850,22.434,1.232,2.096e-15,flat,0
3094,1,z:ilp,nat-oop,8205,9857,21.861,1.201,2.096e-15,flat,1
3095,1,z:ilp,nat-oop,22602,31314,7.939,1.385,9.823e-16,prime,0
3095,1,z:ilp,nat-oop,22933,31357,7.825,1.367,9.823e-16,prime,1
3096,1,z:ilp,nat-oop,14322,16932,12.534,1.182,2.274e-15,chain3,0
3096,1,z:ilp,nat-oop,14522,16909,12.361,1.164,2.274e-15,chain3,1
3097,1,z:ilp,nat-oop,23216,31437,7.735,1.354,7.748e-16,prime,0
3097,1,z:ilp,nat-oop,23237,31427,7.728,1.352,7.748e-16,prime,1
3098,1,z:ilp,nat-oop,23138,31416,7.764,1.358,8.595e-16,prime,0
3098,1,z:ilp,nat-oop,22525,31424,7.975,1.395,8.595e-16,prime,1
3099,1,z:ilp,nat-oop,22562,31321,7.965,1.388,9.941e-16,prime,0
3099,1,z:ilp,nat-oop,23521,31325,7.640,1.332,9.941e-16,prime,1
3100,1,z:ilp,nat-oop,11260,12515,15.965,1.111,1.978e-15,flat,0
3100,1,z:ilp,nat-oop,8551,12527,21.023,1.465,1.978e-15,flat,1
3101,1,z:ilp,nat-oop,31737,31499,5.666,0.992,9.088e-16,prime,0
3101,1,z:ilp,nat-oop,23361,31435,7.698,1.346,9.088e-16,prime,1
3102,1,z:ilp,nat-oop,14874,19049,12.095,1.281,2.266e-15,flat,0
3102,1,z:ilp,nat-oop,14839,19037,12.123,1.283,2.266e-15,flat,1
3103,1,z:ilp,nat-oop,23866,31339,7.541,1.313,8.424e-16,prime,0
3103,1,z:ilp,nat-oop,23378,31350,7.698,1.341,8.424e-16,prime,1
3104,1,z:ilp,nat-oop,23496,43808,7.662,1.864,5.977e-16,prime,0
3104,1,z:ilp,nat-oop,23600,44048,7.629,1.866,5.977e-16,prime,1
3105,1,z:ilp,nat-oop,7947,11918,22.661,1.500,1.284e-15,chain3,0
3105,1,z:ilp,nat-oop,8317,11914,21.655,1.432,1.284e-15,chain3,1
3106,1,z:ilp,nat-oop,22683,31491,7.943,1.388,8.631e-16,prime,0
3106,1,z:ilp,nat-oop,22546,31434,7.991,1.394,8.631e-16,prime,1
3107,1,z:ilp,nat-oop,23501,31404,7.669,1.336,1.000e-15,prime,0
3107,1,z:ilp,nat-oop,29212,31354,6.170,1.073,1.000e-15,prime,1
3108,1,z:ilp,nat-oop,11863,14925,15.198,1.258,2.333e-15,chain3,0
3108,1,z:ilp,nat-oop,12555,14919,14.360,1.188,2.333e-15,chain3,1
3109,1,z:ilp,nat-oop,23508,31461,7.672,1.338,9.166e-16,prime,0
3109,1,z:ilp,nat-oop,23118,31486,7.802,1.362,9.166e-16,prime,1
3110,1,z:ilp,nat-oop,32683,31440,5.520,0.962,8.239e-16,prime,0
3110,1,z:ilp,nat-oop,22970,31474,7.855,1.370,8.239e-16,prime,1
3111,1,z:ilp,nat-oop,23426,37449,7.705,1.599,8.546e-16,prime,0
3111,1,z:ilp,nat-oop,23895,37500,7.553,1.569,8.546e-16,prime,1
3112,1,z:ilp,nat-oop,23231,31351,7.772,1.350,8.921e-16,prime,0
3112,1,z:ilp,nat-oop,23205,31334,7.781,1.350,8.921e-16,prime,1
3113,1,z:ilp,nat-oop,23567,31421,7.664,1.333,7.815e-16,prime,0
3113,1,z:ilp,nat-oop,23540,31466,7.673,1.337,7.815e-16,prime,1
3114,1,z:ilp,nat-oop,23170,31459,7.798,1.358,9.695e-16,prime,0
3114,1,z:ilp,nat-oop,23162,31426,7.801,1.357,9.695e-16,prime,1
3115,1,z:ilp,nat-oop,23039,54630,7.845,2.371,1.019e-15,prime,0
3115,1,z:ilp,nat-oop,28276,54615,6.392,1.931,1.019e-15,prime,1
3116,1,z:ilp,nat-oop,11184,19654,16.168,1.757,2.089e-15,chain3,0
3116,1,z:ilp,nat-oop,15625,19674,11.572,1.259,2.089e-15,chain3,1
3117,1,z:ilp,nat-oop,23083,31484,7.836,1.364,8.386e-16,prime,0
3117,1,z:ilp,nat-oop,23232,31463,7.786,1.354,8.386e-16,prime,1
3118,1,z:ilp,nat-oop,23190,31503,7.803,1.358,8.197e-16,prime,0
3118,1,z:ilp,nat-oop,22633,31506,7.995,1.392,8.197e-16,prime,1
3119,1,z:ilp,nat-oop,23656,31377,7.652,1.326,9.352e-16,prime,0
3119,1,z:ilp,nat-oop,23533,31318,7.692,1.331,9.352e-16,prime,1
3120,1,z:ilp,nat-oop,4083,4995,44.345,1.223,9.977e-16,chain3,0
3120,1,z:ilp,nat-oop,5771,5001,31.377,0.867,9.977e-16,chain3,1
3121,1,z:ilp,nat-oop,16009,31536,11.315,1.970,1.804e-15,prime,0
3121,1,z:ilp,nat-oop,16298,31586,11.114,1.938,1.804e-15,prime,1
3122,1,z:ilp,nat-oop,26625,31675,6.806,1.190,7.915e-16,prime,0
3122,1,z:ilp,nat-oop,31995,31755,5.663,0.992,7.915e-16,prime,1
3123,1,z:ilp,nat-oop,30305,31344,5.982,1.034,1.066e-15,prime,0
3123,1,z:ilp,nat-oop,23641,31371,7.667,1.327,1.066e-15,prime,1
3124,1,z:ilp,nat-oop,27014,31789,6.713,1.177,7.849e-16,prime,0
3124,1,z:ilp,nat-oop,23818,32650,7.613,1.371,7.849e-16,prime,1
3125,1,z:ilp,nat-oop,7025,8585,25.824,1.222,8.289e-16,flat,0
3125,1,z:ilp,nat-oop,5860,6034,30.957,1.030,8.289e-16,flat,1
3126,1,z:ilp,nat-oop,22628,31444,8.020,1.390,9.716e-16,prime,0
3126,1,z:ilp,nat-oop,34226,32426,5.302,0.947,9.716e-16,prime,1
3127,1,z:ilp,nat-oop,23469,55151,7.735,2.350,9.902e-16,prime,0
3127,1,z:ilp,nat-oop,23058,55050,7.873,2.387,9.902e-16,prime,1
3128,1,z:ilp,nat-oop,13755,13341,13.202,0.970,1.707e-15,chain3,0
3128,1,z:ilp,nat-oop,12424,14129,14.617,1.137,1.707e-15,chain3,1
3129,1,z:ilp,nat-oop,22614,31535,8.033,1.394,9.831e-16,prime,0
3129,1,z:ilp,nat-oop,28282,31477,6.423,1.113,9.831e-16,prime,1
3130,1,z:ilp,nat-oop,28437,31589,6.391,1.111,9.262e-16,prime,0
3130,1,z:ilp,nat-oop,23021,31469,7.894,1.367,9.262e-16,prime,1
3131,1,z:ilp,nat-oop,26475,31457,6.866,1.188,9.541e-16,prime,0
3131,1,z:ilp,nat-oop,27860,31315,6.525,1.124,9.541e-16,prime,1
3132,1,z:ilp,nat-oop,6478,12483,28.075,1.927,1.686e-15,chain3,0
3132,1,z:ilp,nat-oop,9579,12395,18.985,1.294,1.686e-15,chain3,1
3133,1,z:ilp,nat-oop,25354,31698,7.175,1.250,8.928e-16,prime,0
3133,1,z:ilp,nat-oop,22626,31476,8.041,1.391,8.928e-16,prime,1
3134,1,z:ilp,nat-oop,23050,31503,7.895,1.367,8.101e-16,prime,0
3134,1,z:ilp,nat-oop,23162,31498,7.857,1.360,8.101e-16,prime,1
3135,1,z:ilp,nat-oop,9077,10142,20.056,1.117,1.349e-15,chain3,0
3135,1,z:ilp,nat-oop,6509,10214,27.969,1.569,1.349e-15,chain3,1
3136,1,z:ilp,nat-oop,3082,5077,59.086,1.647,3.986e-16,ztt,0
3136,1,z:ilp,nat-oop,4615,6706,39.462,1.453,3.986e-16,ztt,1
3137,1,z:ilp,nat-oop,15273,31491,11.929,2.062,8.498e-16,prime,0
3137,1,z:ilp,nat-oop,12414,31465,14.676,2.535,8.498e-16,prime,1
3138,1,z:ilp,nat-oop,26531,31491,6.869,1.187,9.430e-16,prime,0
3138,1,z:ilp,nat-oop,22676,31446,8.037,1.387,9.430e-16,prime,1
3139,1,z:ilp,nat-oop,32983,58466,5.527,1.773,8.225e-16,prime,0
3139,1,z:ilp,nat-oop,23439,58468,7.778,2.494,8.225e-16,prime,1
3140,1,z:ilp,nat-oop,23193,31332,7.864,1.351,8.455e-16,prime,0
3140,1,z:ilp,nat-oop,23258,31310,7.842,1.346,8.455e-16,prime,1
3141,1,z:ilp,nat-oop,23231,31489,7.854,1.355,8.531e-16,prime,0
3141,1,z:ilp,nat-oop,23069,31465,7.909,1.364,8.531e-16,prime,1
3142,1,z:ilp,nat-oop,32742,31488,5.574,0.962,8.175e-16,prime,0
3142,1,z:ilp,nat-oop,25822,31685,7.068,1.227,8.175e-16,prime,1
3143,1,z:ilp,nat-oop,23980,31358,7.614,1.308,7.835e-16,prime,0
3143,1,z:ilp,nat-oop,23947,31360,7.624,1.310,7.835e-16,prime,1
3144,1,z:ilp,nat-oop,24303,64702,7.515,2.662,7.791e-16,prime,0
3144,1,z:ilp,nat-oop,23184,60895,7.878,2.627,7.791e-16,prime,1
3145,1,z:ilp,nat-oop,14953,22640,12.219,1.514,2.172e-15,chain3,0
3145,1,z:ilp,nat-oop,11669,22616,15.657,1.938,2.172e-15,chain3,1
3146,1,z:ilp,nat-oop,8321,6631,21.966,0.797,1.351e-15,flat,0
3146,1,z:ilp,nat-oop,7558,6641,24.183,0.879,1.351e-15,flat,1
3147,1,z:ilp,nat-oop,33249,31395,5.499,0.944,8.788e-16,prime,0
3147,1,z:ilp,nat-oop,35083,31342,5.212,0.893,8.788e-16,prime,1
3148,1,z:ilp,nat-oop,22624,31337,8.085,1.385,9.349e-16,prime,0
3148,1,z:ilp,nat-oop,24159,31348,7.571,1.298,9.349e-16,prime,1
3149,1,z:ilp,nat-oop,23011,56791,7.951,2.468,1.009e-15,prime,0
3149,1,z:ilp,nat-oop,22641,56797,8.081,2.509,1.009e-15,prime,1
3150,1,z:ilp,nat-oop,4685,5311,39.065,1.134,6.876e-16,chain3,0
3150,1,z:ilp,nat-oop,4961,5317,36.896,1.072,6.876e-16,chain3,1
3151,1,z:ilp,nat-oop,29731,31353,6.158,1.055,7.686e-16,prime,0
3151,1,z:ilp,nat-oop,22287,31421,8.216,1.410,7.686e-16,prime,1
3152,1,z:ilp,nat-oop,23646,31382,7.746,1.327,9.290e-16,prime,0
3152,1,z:ilp,nat-oop,22991,31342,7.967,1.363,9.290e-16,prime,1
3153,1,z:ilp,nat-oop,23279,31504,7.871,1.353,9.613e-16,prime,0
3153,1,z:ilp,nat-oop,27157,31482,6.747,1.159,9.613e-16,prime,1
3154,1,z:ilp,nat-oop,23851,39942,7.685,1.675,9.217e-16,prime,0
3154,1,z:ilp,nat-oop,23273,39950,7.876,1.717,9.217e-16,prime,1
3155,1,z:ilp,nat-oop,22963,31393,7.985,1.367,1.014e-15,prime,0
3155,1,z:ilp,nat-oop,23431,31350,7.826,1.338,1.014e-15,prime,1
3156,1,z:ilp,nat-oop,23139,31403,7.927,1.357,7.926e-16,prime,0
3156,1,z:ilp,nat-oop,23832,31432,7.696,1.319,7.926e-16,prime,1
3157,1,z:ilp,nat-oop,17512,20765,10.478,1.186,1.856e-15,chain3,0
3157,1,z:ilp,nat-oop,16496,20803,11.123,1.261,1.856e-15,chain3,1
3158,1,z:ilp,nat-oop,22758,31489,8.066,1.384,8.045e-16,prime,0
3158,1,z:ilp,nat-oop,22719,31516,8.079,1.387,8.045e-16,prime,1
3159,1,z:ilp,nat-oop,6469,6557,28.385,1.014,1.125e-15,chain3,0
3159,1,z:ilp,nat-oop,6044,6607,30.382,1.093,1.125e-15,chain3,1
3160,1,z:ilp,nat-oop,22578,34411,8.136,1.524,8.407e-16,prime,0
3160,1,z:ilp,nat-oop,23053,34395,7.968,1.492,8.407e-16,prime,1
3161,1,z:ilp,nat-oop,22641,31519,8.116,1.392,9.191e-16,prime,0
3161,1,z:ilp,nat-oop,23311,31471,7.882,1.350,9.191e-16,prime,1
3162,1,z:ilp,nat-oop,10465,15785,17.566,1.508,2.027e-15,flat,0
3162,1,z:ilp,nat-oop,10394,15822,17.684,1.522,2.027e-15,flat,1
3163,1,z:ilp,nat-oop,22986,31359,8.000,1.364,8.902e-16,prime,0
3163,1,z:ilp,nat-oop,23976,31443,7.669,1.311,8.902e-16,prime,1
3164,1,z:ilp,nat-oop,23731,53544,7.751,2.256,1.250e-15,prime,0
3164,1,z:ilp,nat-oop,22633,53521,8.127,2.365,1.250e-15,prime,1
3165,1,z:ilp,nat-oop,23447,31519,7.848,1.344,6.726e-16,prime,0
3165,1,z:ilp,nat-oop,23563,31480,7.809,1.336,6.726e-16,prime,1
3166,1,z:ilp,nat-oop,22641,31486,8.130,1.391,6.811e-16,prime,0
3166,1,z:ilp,nat-oop,22630,31503,8.134,1.392,6.811e-16,prime,1
3167,1,z:ilp,nat-oop,23580,31373,7.809,1.330,8.282e-16,prime,0
3167,1,z:ilp,nat-oop,23087,31379,7.976,1.359,8.282e-16,prime,1
3168,1,z:ilp,nat-oop,4045,5526,45.540,1.366,8.746e-16,chain3,0
3168,1,z:ilp,nat-oop,4010,5530,45.936,1.379,8.746e-16,chain3,1
3169,1,z:ilp,nat-oop,14492,31463,12.716,2.171,1.655e-15,prime,0
3169,1,z:ilp,nat-oop,14582,31507,12.637,2.161,1.655e-15,prime,1
3170,1,z:ilp,nat-oop,23168,31489,7.957,1.359,7.021e-16,prime,0
3170,1,z:ilp,nat-oop,22667,31470,8.133,1.388,7.021e-16,prime,1
3171,1,z:ilp,nat-oop,23599,31366,7.814,1.329,1.031e-15,prime,0
3171,1,z:ilp,nat-oop,23253,31341,7.930,1.348,1.031e-15,prime,1
3172,1,z:ilp,nat-oop,23614,26071,7.812,1.104,9.633e-16,prime,0
3172,1,z:ilp,nat-oop,23012,26145,8.016,1.136,9.633e-16,prime,1
3173,1,z:ilp,nat-oop,34393,31482,5.366,0.915,7.033e-16,prime,0
3173,1,z:ilp,nat-oop,23767,31478,7.764,1.324,7.033e-16,prime,1
3174,1,z:ilp,nat-oop,11254,15202,16.404,1.351,1.888e-15,chain3,0
3174,1,z:ilp,nat-oop,11387,15226,16.211,1.337,1.888e-15,chain3,1
3175,1,z:ilp,nat-oop,23096,31438,7.995,1.361,1.034e-15,prime,0
3175,1,z:ilp,nat-oop,23169,31407,7.970,1.356,1.034e-15,prime,1
3176,1,z:ilp,nat-oop,23136,31427,7.985,1.358,7.768e-16,prime,0
3176,1,z:ilp,nat-oop,23278,31463,7.936,1.352,7.768e-16,prime,1
3177,1,z:ilp,nat-oop,23553,31526,7.846,1.339,8.463e-16,prime,0
3177,1,z:ilp,nat-oop,23382,31514,7.903,1.348,8.463e-16,prime,1
3178,1,z:ilp,nat-oop,23584,31507,7.839,1.336,7.693e-16,prime,0
3178,1,z:ilp,nat-oop,23611,31562,7.829,1.337,7.693e-16,prime,1
3179,1,z:ilp,nat-oop,7972,13771,23.198,1.727,1.689e-15,flat,0
3179,1,z:ilp,nat-oop,8135,13775,22.731,1.693,1.689e-15,flat,1
3180,1,z:ilp,nat-oop,23009,22273,8.040,0.968,8.561e-16,prime,0
3180,1,z:ilp,nat-oop,23537,22294,7.860,0.947,8.561e-16,prime,1
3181,1,z:ilp,nat-oop,23564,31491,7.854,1.336,8.590e-16,prime,0
3181,1,z:ilp,nat-oop,23396,31484,7.910,1.346,8.590e-16,prime,1
3182,1,z:ilp,nat-oop,25906,26738,7.146,1.032,2.831e-15,flat,0
3182,1,z:ilp,nat-oop,19171,26732,9.656,1.394,2.831e-15,flat,1
3183,1,z:ilp,nat-oop,23383,31340,7.920,1.340,7.991e-16,prime,0
3183,1,z:ilp,nat-oop,23515,31376,7.875,1.334,7.991e-16,prime,1
3184,1,z:ilp,nat-oop,23494,31424,7.885,1.338,8.198e-16,prime,0
3184,1,z:ilp,nat-oop,23636,31324,7.838,1.325,8.198e-16,prime,1
3185,1,z:ilp,nat-oop,5727,6123,32.358,1.069,9.435e-16,flat,0
3185,1,z:ilp,nat-oop,5629,6143,32.921,1.091,9.435e-16,flat,1
3186,1,z:ilp,nat-oop,23665,24989,7.834,1.056,7.667e-16,prime,0
3186,1,z:ilp,nat-oop,23611,25001,7.852,1.059,7.667e-16,prime,1
3187,1,z:ilp,nat-oop,34664,31385,5.350,0.905,7.424e-16,prime,0
3187,1,z:ilp,nat-oop,23505,31360,7.890,1.334,7.424e-16,prime,1
3188,1,z:ilp,nat-oop,23633,31402,7.850,1.329,8.734e-16,prime,0
3188,1,z:ilp,nat-oop,29128,31362,6.369,1.077,8.734e-16,prime,1
3189,1,z:ilp,nat-oop,23577,31510,7.871,1.336,7.647e-16,prime,0
3189,1,z:ilp,nat-oop,23074,31579,8.043,1.369,7.647e-16,prime,1
3190,1,z:ilp,nat-oop,9761,13466,19.020,1.380,1.687e-15,chain3,0
3190,1,z:ilp,nat-oop,10097,13458,18.386,1.333,1.687e-15,chain3,1
3191,1,z:ilp,nat-oop,23013,31388,8.070,1.364,8.558e-16,prime,0
3191,1,z:ilp,nat-oop,24008,31416,7.736,1.309,8.558e-16,prime,1
3192,1,z:ilp,nat-oop,8171,9506,22.737,1.163,1.046e-15,chain3,0
3192,1,z:ilp,nat-oop,7641,9479,24.314,1.241,1.046e-15,chain3,1
3193,1,z:ilp,nat-oop,26902,31532,6.908,1.172,8.658e-16,prime,0
3193,1,z:ilp,nat-oop,23562,31512,7.887,1.337,8.658e-16,prime,1
3194,1,z:ilp,nat-oop,22941,31515,8.104,1.374,1.125e-15,prime,0
3194,1,z:ilp,nat-oop,23096,31516,8.049,1.365,1.125e-15,prime,1
3195,1,z:ilp,nat-oop,23499,40679,7.914,1.731,1.090e-15,prime,0
3195,1,z:ilp,nat-oop,23533,40645,7.903,1.727,1.090e-15,prime,1
3196,1,z:ilp,nat-oop,20242,22732,9.191,1.123,2.607e-15,flat,0
3196,1,z:ilp,nat-oop,13386,22711,13.898,1.697,2.607e-15,flat,1
3197,1,z:ilp,nat-oop,23095,31516,8.058,1.365,9.572e-16,prime,0
3197,1,z:ilp,nat-oop,23618,31515,7.880,1.334,9.572e-16,prime,1
3198,1,z:ilp,nat-oop,12739,16810,14.614,1.320,2.369e-15,chain3,0
3198,1,z:ilp,nat-oop,12055,16828,15.443,1.396,2.369e-15,chain3,1
3199,1,z:ilp,nat-oop,23630,31424,7.881,1.330,9.274e-16,prime,0
3199,1,z:ilp,nat-oop,23125,31446,8.053,1.360,9.274e-16,prime,1
3200,1,z:ilp,nat-oop,3035,6125,61.392,2.018,3.997e-16,ztt,0
3200,1,z:ilp,nat-oop,3471,6092,53.676,1.755,3.997e-16,ztt,1
3201,1,z:ilp,nat-oop,23643,26470,7.883,1.120,1.251e-15,prime,0
3201,1,z:ilp,nat-oop,23784,26440,7.836,1.112,1.251e-15,prime,1
3202,1,z:ilp,nat-oop,23658,26375,7.880,1.115,1.025e-15,prime,0
3202,1,z:ilp,nat-oop,23030,26402,8.095,1.146,1.025e-15,prime,1
3203,1,z:ilp,nat-oop,23613,26259,7.898,1.112,7.418e-16,prime,0
3203,1,z:ilp,nat-oop,23930,26309,7.793,1.099,7.418e-16,prime,1
3204,1,z:ilp,nat-oop,22731,41165,8.207,1.811,8.089e-16,prime,0
3204,1,z:ilp,nat-oop,22678,41206,8.226,1.817,8.089e-16,prime,1
3205,1,z:ilp,nat-oop,23298,26522,8.011,1.138,9.574e-16,prime,0
3205,1,z:ilp,nat-oop,27934,26451,6.681,0.947,9.574e-16,prime,1
3206,1,z:ilp,nat-oop,23358,26380,7.993,1.129,1.084e-15,prime,0
3206,1,z:ilp,nat-oop,22700,26396,8.224,1.163,1.084e-15,prime,1
3207,1,z:ilp,nat-oop,23418,26456,7.975,1.130,8.871e-16,prime,0
3207,1,z:ilp,nat-oop,28257,26227,6.609,0.928,8.871e-16,prime,1
3208,1,z:ilp,nat-oop,31949,26270,5.848,0.822,9.680e-16,prime,0
3208,1,z:ilp,nat-oop,23232,26467,8.042,1.139,9.680e-16,prime,1
3209,1,z:ilp,nat-oop,23626,26441,7.910,1.119,8.236e-16,prime,0
3209,1,z:ilp,nat-oop,23081,26474,8.097,1.147,8.236e-16,prime,1
3210,1,z:ilp,nat-oop,23353,49916,8.006,2.137,9.573e-16,prime,0
3210,1,z:ilp,nat-oop,23431,49809,7.979,2.126,9.573e-16,prime,1
3211,1,z:ilp,nat-oop,10560,10467,17.711,0.991,1.496e-15,flat,0
3211,1,z:ilp,nat-oop,7856,10482,23.805,1.334,1.496e-15,flat,1
3212,1,z:ilp,nat-oop,22674,32391,8.251,1.429,9.763e-16,prime,0
3212,1,z:ilp,nat-oop,22718,32335,8.235,1.423,9.763e-16,prime,1
3213,1,z:ilp,nat-oop,5868,10207,31.892,1.739,1.388e-15,chain3,0
3213,1,z:ilp,nat-oop,5753,10202,32.530,1.773,1.388e-15,chain3,1
3214,1,z:ilp,nat-oop,22655,26628,8.264,1.175,1.024e-15,prime,0
3214,1,z:ilp,nat-oop,22663,26421,8.261,1.166,1.024e-15,prime,1
3215,1,z:ilp,nat-oop,23494,26192,7.972,1.115,1.015e-15,prime,0
3215,1,z:ilp,nat-oop,24031,26258,7.793,1.093,1.015e-15,prime,1
3216,1,z:ilp,nat-oop,23251,28851,8.058,1.241,9.300e-16,prime,0
3216,1,z:ilp,nat-oop,23234,28856,8.064,1.242,9.300e-16,prime,1
3217,1,z:ilp,nat-oop,23023,26456,8.140,1.149,8.651e-16,prime,0
3217,1,z:ilp,nat-oop,22993,26351,8.151,1.146,8.651e-16,prime,1
3218,1,z:ilp,nat-oop,22671,26345,8.270,1.162,8.805e-16,prime,0
3218,1,z:ilp,nat-oop,22665,26473,8.272,1.168,8.805e-16,prime,1
3219,1,z:ilp,nat-oop,17401,28464,10.778,1.636,2.443e-15,flat,0
3219,1,z:ilp,nat-oop,19621,28448,9.559,1.450,2.443e-15,flat,1
3220,1,z:ilp,nat-oop,6272,10901,29.910,1.738,1.421e-15,flat,0
3220,1,z:ilp,nat-oop,6231,10895,30.110,1.748,1.421e-15,flat,1
3221,1,z:ilp,nat-oop,23072,26412,8.134,1.145,9.480e-16,prime,0
3221,1,z:ilp,nat-oop,23098,26464,8.125,1.146,9.480e-16,prime,1
3222,1,z:ilp,nat-oop,22678,26437,8.279,1.166,6.856e-16,prime,0
3222,1,z:ilp,nat-oop,22652,26602,8.288,1.174,6.856e-16,prime,1
3223,1,z:ilp,nat-oop,22610,26505,8.306,1.172,9.263e-16,prime,0
3223,1,z:ilp,nat-oop,22683,26220,8.280,1.156,9.263e-16,prime,1
3224,1,z:ilp,nat-oop,10786,13298,17.419,1.233,1.926e-15,chain3,0
3224,1,z:ilp,nat-oop,7944,13304,23.649,1.675,1.926e-15,chain3,1
3225,1,z:ilp,nat-oop,12811,22551,14.670,1.760,2.195e-15,chain3,0
3225,1,z:ilp,nat-oop,18974,22544,9.905,1.188,2.195e-15,chain3,1
3226,1,z:ilp,nat-oop,23424,26770,8.026,1.143,8.184e-16,prime,0
3226,1,z:ilp,nat-oop,23708,26431,7.930,1.115,8.184e-16,prime,1
3227,1,z:ilp,nat-oop,23257,26506,8.087,1.140,9.391e-16,prime,0
3227,1,z:ilp,nat-oop,28299,26284,6.646,0.929,9.391e-16,prime,1
3228,1,z:ilp,nat-oop,22685,26294,8.293,1.159,7.027e-16,prime,0
3228,1,z:ilp,nat-oop,22724,26308,8.279,1.158,7.027e-16,prime,1
3229,1,z:ilp,nat-oop,23585,26431,7.980,1.121,8.850e-16,prime,0
3229,1,z:ilp,nat-oop,23639,26443,7.961,1.119,8.850e-16,prime,1
3230,1,z:ilp,nat-oop,6966,13267,27.028,1.905,1.465e-15,chain3,0
3230,1,z:ilp,nat-oop,7870,13261,23.921,1.685,1.465e-15,chain3,1
3231,1,z:ilp,nat-oop,23124,26455,8.144,1.144,1.047e-15,prime,0
3231,1,z:ilp,nat-oop,23114,26247,8.148,1.136,1.047e-15,prime,1
3232,1,z:ilp,nat-oop,22673,48627,8.309,2.145,1.011e-15,prime,0
3232,1,z:ilp,nat-oop,22652,48597,8.317,2.145,1.011e-15,prime,1
3233,1,z:ilp,nat-oop,23263,58853,8.102,2.530,8.219e-16,prime,0
3233,1,z:ilp,nat-oop,22698,58938,8.303,2.597,8.219e-16,prime,1
3234,1,z:ilp,nat-oop,6839,5917,27.565,0.865,8.563e-16,flat,0
3234,1,z:ilp,nat-oop,6941,5867,27.162,0.845,8.563e-16,flat,1
3235,1,z:ilp,nat-oop,22639,26171,8.330,1.156,9.767e-16,prime,0
3235,1,z:ilp,nat-oop,23145,26213,8.148,1.133,9.767e-16,prime,1
3236,1,z:ilp,nat-oop,23000,26410,8.203,1.148,1.022e-15,prime,0
3236,1,z:ilp,nat-oop,23006,26228,8.201,1.140,1.022e-15,prime,1
3237,1,z:ilp,nat-oop,23250,50748,8.117,2.183,9.249e-16,prime,0
3237,1,z:ilp,nat-oop,23106,50658,8.168,2.192,9.249e-16,prime,1
3238,1,z:ilp,nat-oop,23066,26455,8.185,1.147,8.688e-16,prime,0
3238,1,z:ilp,nat-oop,23078,26461,8.180,1.147,8.688e-16,prime,1
3239,1,z:ilp,nat-oop,22709,63330,8.316,2.789,7.707e-16,prime,0
3239,1,z:ilp,nat-oop,23619,63313,7.996,2.681,7.707e-16,prime,1
3240,1,z:ilp,nat-oop,4548,6119,41.538,1.345,6.680e-16,chain3,0
3240,1,z:ilp,nat-oop,4545,6109,41.568,1.344,6.680e-16,chain3,1
3241,1,z:ilp,nat-oop,22695,26412,8.327,1.164,1.026e-15,prime,0
3241,1,z:ilp,nat-oop,23634,26457,7.997,1.119,1.026e-15,prime,1
3242,1,z:ilp,nat-oop,22975,26496,8.229,1.153,8.998e-16,prime,0
3242,1,z:ilp,nat-oop,23011,26460,8.216,1.150,8.998e-16,prime,1
3243,1,z:ilp,nat-oop,21205,31594,8.919,1.490,2.230e-15,chain3,0
3243,1,z:ilp,nat-oop,22751,31605,8.313,1.389,2.230e-15,chain3,1
3244,1,z:ilp,nat-oop,22710,26317,8.330,1.159,7.440e-16,prime,0
3244,1,z:ilp,nat-oop,28075,26358,6.738,0.939,7.440e-16,prime,1
3245,1,z:ilp,nat-oop,23237,32790,8.144,1.411,7.444e-16,prime,0
3245,1,z:ilp,nat-oop,23617,32731,8.013,1.386,7.444e-16,prime,1
3246,1,z:ilp,nat-oop,23304,26437,8.124,1.134,8.347e-16,prime,0
3246,1,z:ilp,nat-oop,23241,26493,8.146,1.140,8.347e-16,prime,1
3247,1,z:ilp,nat-oop,23400,26355,8.093,1.126,8.007e-16,prime,0
3247,1,z:ilp,nat-oop,27922,26328,6.782,0.943,8.007e-16,prime,1
3248,1,z:ilp,nat-oop,6808,12171,27.828,1.788,1.771e-15,chain3,0
3248,1,z:ilp,nat-oop,6882,12178,27.526,1.769,1.771e-15,chain3,1
3249,1,z:ilp,nat-oop,9514,15748,19.918,1.655,1.694e-15,flat,0
3249,1,z:ilp,nat-oop,10512,15768,18.027,1.500,1.694e-15,flat,1
3250,1,z:ilp,nat-oop,5962,5828,31.799,0.978,1.013e-15,chain3,0
3250,1,z:ilp,nat-oop,6287,5825,30.156,0.927,1.013e-15,chain3,1
3251,1,z:ilp,nat-oop,24013,26486,7.897,1.103,9.387e-16,prime,0
3251,1,z:ilp,nat-oop,34408,26296,5.511,0.764,9.387e-16,prime,1
3252,1,z:ilp,nat-oop,22637,26465,8.381,1.169,8.842e-16,prime,0
3252,1,z:ilp,nat-oop,22688,26380,8.362,1.163,8.842e-16,prime,1
3253,1,z:ilp,nat-oop,23222,26538,8.172,1.143,8.718e-16,prime,0
3253,1,z:ilp,nat-oop,23228,26445,8.170,1.139,8.718e-16,prime,1
3254,1,z:ilp,nat-oop,23111,26435,8.214,1.144,9.334e-16,prime,0
3254,1,z:ilp,nat-oop,23069,26596,8.229,1.153,9.334e-16,prime,1
3255,1,z:ilp,nat-oop,9668,15707,19.643,1.625,2.037e-15,flat,0
3255,1,z:ilp,nat-oop,9846,15686,19.287,1.593,2.037e-15,flat,1
3256,1,z:ilp,nat-oop,9635,15500,19.716,1.609,2.741e-15,flat,0
3256,1,z:ilp,nat-oop,9791,15492,19.403,1.582,2.741e-15,flat,1
3257,1,z:ilp,nat-oop,27119,26495,7.007,0.977,8.796e-16,prime,0
3257,1,z:ilp,nat-oop,22118,26501,8.592,1.198,8.796e-16,prime,1
3258,1,z:ilp,nat-oop,22712,26510,8.370,1.167,9.254e-16,prime,0
3258,1,z:ilp,nat-oop,22724,26453,8.366,1.164,9.254e-16,prime,1
3259,1,z:ilp,nat-oop,23636,26334,8.046,1.114,1.026e-15,prime,0
3259,1,z:ilp,nat-oop,23630,26428,8.048,1.118,1.026e-15,prime,1
3260,1,z:ilp,nat-oop,23600,26490,8.061,1.122,9.911e-16,prime,0
3260,1,z:ilp,nat-oop,23552,26607,8.077,1.130,9.911e-16,prime,1
3261,1,z:ilp,nat-oop,23230,26577,8.192,1.144,1.009e-15,prime,0
3261,1,z:ilp,nat-oop,23125,26737,8.229,1.156,1.009e-15,prime,1
3262,1,z:ilp,nat-oop,22186,26570,8.580,1.198,8.751e-16,prime,0
3262,1,z:ilp,nat-oop,22711,26624,8.382,1.172,8.751e-16,prime,1
3263,1,z:ilp,nat-oop,22842,26410,8.337,1.156,9.814e-16,prime,0
3263,1,z:ilp,nat-oop,23662,26412,8.048,1.116,9.814e-16,prime,1
3264,1,z:ilp,nat-oop,5146,8825,37.017,1.715,1.187e-15,chain3,0
3264,1,z:ilp,nat-oop,4820,8838,39.518,1.833,1.187e-15,chain3,1
3265,1,z:ilp,nat-oop,23062,26457,8.263,1.147,9.209e-16,prime,0
3265,1,z:ilp,nat-oop,22689,26634,8.399,1.174,9.209e-16,prime,1
3266,1,z:ilp,nat-oop,23241,36592,8.202,1.574,1.043e-15,prime,0
3266,1,z:ilp,nat-oop,23255,36610,8.197,1.574,1.043e-15,prime,1
3267,1,z:ilp,nat-oop,7282,6631,26.187,0.911,9.462e-16,flat,0
3267,1,z:ilp,nat-oop,7382,6624,25.832,0.897,9.462e-16,flat,1
3268,1,z:ilp,nat-oop,13567,21404,14.060,1.578,2.673e-15,flat,0
3268,1,z:ilp,nat-oop,13251,21478,14.395,1.621,2.673e-15,flat,1
3269,1,z:ilp,nat-oop,23576,26522,8.094,1.125,1.070e-15,prime,0
3269,1,z:ilp,nat-oop,24053,26426,7.933,1.099,1.070e-15,prime,1
3270,1,z:ilp,nat-oop,23722,53059,8.047,2.237,7.535e-16,prime,0
3270,1,z:ilp,nat-oop,23686,53002,8.059,2.238,7.535e-16,prime,1
3271,1,z:ilp,nat-oop,23628,26367,8.082,1.116,9.202e-16,prime,0
3271,1,z:ilp,nat-oop,25037,26523,7.627,1.059,9.202e-16,prime,1
3272,1,z:ilp,nat-oop,23278,26317,8.206,1.131,7.800e-16,prime,0
3272,1,z:ilp,nat-oop,23210,26317,8.230,1.134,7.800e-16,prime,1
3273,1,z:ilp,nat-oop,23297,26457,8.202,1.136,1.175e-15,prime,0
3273,1,z:ilp,nat-oop,23224,26760,8.228,1.152,1.175e-15,prime,1
3274,1,z:ilp,nat-oop,23171,26495,8.250,1.143,7.963e-16,prime,0
3274,1,z:ilp,nat-oop,23036,26470,8.298,1.149,7.963e-16,prime,1
3275,1,z:ilp,nat-oop,23646,26443,8.087,1.118,8.176e-16,prime,0
3275,1,z:ilp,nat-oop,23315,26573,8.201,1.140,8.176e-16,prime,1
3276,1,z:ilp,nat-oop,5452,5997,35.087,1.100,9.602e-16,chain3,0
3276,1,z:ilp,nat-oop,5094,5997,37.548,1.177,9.602e-16,chain3,1
3277,1,z:ilp,nat-oop,23117,26500,8.277,1.146,8.147e-16,prime,0
3277,1,z:ilp,nat-oop,23241,26800,8.233,1.153,8.147e-16,prime,1
3278,1,z:ilp,nat-oop,32864,74915,5.824,2.280,7.700e-16,prime,0
3278,1,z:ilp,nat-oop,23593,74906,8.113,3.175,7.700e-16,prime,1
3279,1,z:ilp,nat-oop,22664,26400,8.449,1.165,1.185e-15,prime,0
3279,1,z:ilp,nat-oop,23279,26386,8.225,1.133,1.185e-15,prime,1
3280,1,z:ilp,nat-oop,13136,16691,14.582,1.271,1.623e-15,flat,0
3280,1,z:ilp,nat-oop,9792,16634,19.562,1.699,1.623e-15,flat,1
3281,1,z:ilp,nat-oop,23411,26487,8.184,1.131,9.372e-16,prime,0
3281,1,z:ilp,nat-oop,24635,26493,7.778,1.075,9.372e-16,prime,1
3282,1,z:ilp,nat-oop,23681,26610,8.094,1.124,1.034e-15,prime,0
3282,1,z:ilp,nat-oop,23652,26467,8.104,1.119,1.034e-15,prime,1
3283,1,z:ilp,nat-oop,23331,38715,8.218,1.659,9.653e-16,prime,0
3283,1,z:ilp,nat-oop,23306,38692,8.227,1.660,9.653e-16,prime,1
3284,1,z:ilp,nat-oop,23709,26413,8.090,1.114,7.882e-16,prime,0
3284,1,z:ilp,nat-oop,23631,26422,8.117,1.118,7.882e-16,prime,1
3285,1,z:ilp,nat-oop,23115,43612,8.301,1.887,8.085e-16,prime,0
3285,1,z:ilp,nat-oop,22671,43565,8.463,1.922,8.085e-16,prime,1
3286,1,z:ilp,nat-oop,23246,30544,8.257,1.314,7.526e-16,prime,0
3286,1,z:ilp,nat-oop,22697,30535,8.456,1.345,7.526e-16,prime,1
3287,1,z:ilp,nat-oop,24032,26287,7.989,1.094,1.183e-15,prime,0
3287,1,z:ilp,nat-oop,24044,26437,7.985,1.100,1.183e-15,prime,1
3288,1,z:ilp,nat-oop,23269,67794,8.254,2.913,6.028e-16,prime,0
3288,1,z:ilp,nat-oop,23308,67860,8.240,2.911,6.028e-16,prime,1
3289,1,z:ilp,nat-oop,9111,12331,21.088,1.353,1.874e-15,chain3,0
3289,1,z:ilp,nat-oop,12520,12341,15.346,0.986,1.874e-15,chain3,1
3290,1,z:ilp,nat-oop,15067,20780,12.756,1.379,2.378e-15,flat,0
3290,1,z:ilp,nat-oop,15154,20787,12.683,1.372,2.378e-15,flat,1
3291,1,z:ilp,nat-oop,22720,26357,8.463,1.160,1.240e-15,prime,0
3291,1,z:ilp,nat-oop,23270,26426,8.262,1.136,1.240e-15,prime,1
3292,1,z:ilp,nat-oop,23263,26340,8.268,1.132,1.106e-15,prime,0
3292,1,z:ilp,nat-oop,22756,26435,8.452,1.162,1.106e-15,prime,1
3293,1,z:ilp,nat-oop,24027,71789,8.008,2.988,9.831e-16,prime,0
3293,1,z:ilp,nat-oop,32832,71921,5.860,2.191,9.831e-16,prime,1
3294,1,z:ilp,nat-oop,23625,27057,8.147,1.145,8.654e-16,prime,0
3294,1,z:ilp,nat-oop,23119,27079,8.325,1.171,8.654e-16,prime,1
3295,1,z:ilp,nat-oop,23292,26339,8.266,1.131,8.758e-16,prime,0
3295,1,z:ilp,nat-oop,23216,26417,8.293,1.138,8.758e-16,prime,1
3296,1,z:ilp,nat-oop,22730,49324,8.473,2.170,7.778e-16,prime,0
3296,1,z:ilp,nat-oop,29354,49358,6.561,1.681,7.778e-16,prime,1
3297,1,z:ilp,nat-oop,23882,26652,8.067,1.116,1.159e-15,prime,0
3297,1,z:ilp,nat-oop,23680,26558,8.136,1.122,1.159e-15,prime,1
3298,1,z:ilp,nat-oop,27345,49784,7.048,1.821,9.020e-16,prime,0
3298,1,z:ilp,nat-oop,23693,49837,8.134,2.103,9.020e-16,prime,1
3299,1,z:ilp,nat-oop,23500,26321,8.204,1.120,1.280e-15,prime,0
3299,1,z:ilp,nat-oop,24103,26272,7.999,1.090,1.280e-15,prime,1
3300,1,z:ilp,nat-oop,4792,5817,40.246,1.214,9.060e-16,chain3,0
3300,1,z:ilp,nat-oop,4880,5828,39.520,1.194,9.060e-16,chain3,1
3301,1,z:ilp,nat-oop,23277,26478,8.288,1.138,1.037e-15,prime,0
3301,1,z:ilp,nat-oop,22786,26464,8.467,1.161,1.037e-15,prime,1
3302,1,z:ilp,nat-oop,22716,63028,8.496,2.775,1.039e-15,prime,0
3302,1,z:ilp,nat-oop,22746,63051,8.484,2.772,1.039e-15,prime,1
3303,1,z:ilp,nat-oop,23537,26329,8.202,1.119,8.619e-16,prime,0
3303,1,z:ilp,nat-oop,23552,26427,8.197,1.122,8.619e-16,prime,1
3304,1,z:ilp,nat-oop,23280,25878,8.295,1.112,7.868e-16,prime,0
3304,1,z:ilp,nat-oop,23296,25853,8.290,1.110,7.868e-16,prime,1
3305,1,z:ilp,nat-oop,29164,26494,6.624,0.908,9.755e-16,prime,0
3305,1,z:ilp,nat-oop,23759,26488,8.131,1.115,9.755e-16,prime,1
3306,1,z:ilp,nat-oop,13198,16386,14.643,1.242,1.992e-15,chain3,0
3306,1,z:ilp,nat-oop,12798,16389,15.100,1.281,1.992e-15,chain3,1
3307,1,z:ilp,nat-oop,23644,26330,8.176,1.114,8.506e-16,prime,0
3307,1,z:ilp,nat-oop,23718,26406,8.151,1.113,8.506e-16,prime,1
3308,1,z:ilp,nat-oop,23349,26398,8.282,1.131,8.497e-16,prime,0
3308,1,z:ilp,nat-oop,22719,26491,8.512,1.166,8.497e-16,prime,1
3309,1,z:ilp,nat-oop,22714,26565,8.517,1.170,9.020e-16,prime,0
3309,1,z:ilp,nat-oop,23669,26492,8.173,1.119,9.020e-16,prime,1
3310,1,z:ilp,nat-oop,23555,26533,8.215,1.126,9.376e-16,prime,0
3310,1,z:ilp,nat-oop,23385,26659,8.275,1.140,9.376e-16,prime,1
3311,1,z:ilp,nat-oop,17453,22769,11.092,1.305,2.405e-15,chain3,0
3311,1,z:ilp,nat-oop,17095,22857,11.324,1.337,2.405e-15,chain3,1
3312,1,z:ilp,nat-oop,6486,10777,29.855,1.662,1.547e-15,chain3,0
3312,1,z:ilp,nat-oop,5846,10781,33.124,1.844,1.547e-15,chain3,1
3313,1,z:ilp,nat-oop,19106,26547,10.139,1.389,2.051e-15,prime,0
3313,1,z:ilp,nat-oop,19246,26602,10.065,1.382,2.051e-15,prime,1
3314,1,z:ilp,nat-oop,23679,26621,8.183,1.124,9.140e-16,prime,0
3314,1,z:ilp,nat-oop,32248,26737,6.009,0.829,9.140e-16,prime,1
3315,1,z:ilp,nat-oop,7846,10494,24.705,1.337,1.445e-15,flat,0
3315,1,z:ilp,nat-oop,7816,10495,24.801,1.343,1.445e-15,flat,1
3316,1,z:ilp,nat-oop,23367,26468,8.298,1.133,9.248e-16,prime,0
3316,1,z:ilp,nat-oop,23267,26495,8.334,1.139,9.248e-16,prime,1
3317,1,z:ilp,nat-oop,23534,26450,8.242,1.124,8.788e-16,prime,0
3317,1,z:ilp,nat-oop,23628,26649,8.209,1.128,8.788e-16,prime,1
3318,1,z:ilp,nat-oop,23218,36135,8.357,1.556,9.756e-16,prime,0
3318,1,z:ilp,nat-oop,23278,36118,8.336,1.552,9.756e-16,prime,1
3319,1,z:ilp,nat-oop,23109,26333,8.399,1.140,9.345e-16,prime,0
3319,1,z:ilp,nat-oop,24046,26351,8.072,1.096,9.345e-16,prime,1
3320,1,z:ilp,nat-oop,32777,38244,5.924,1.167,8.338e-16,prime,0
3320,1,z:ilp,nat-oop,28433,38302,6.829,1.347,8.338e-16,prime,1
3321,1,z:ilp,nat-oop,17561,22572,11.060,1.285,2.085e-15,chain3,0
3321,1,z:ilp,nat-oop,17282,22594,11.239,1.307,2.085e-15,chain3,1
3322,1,z:ilp,nat-oop,23725,26566,8.190,1.120,8.699e-16,prime,0
3322,1,z:ilp,nat-oop,22745,26545,8.543,1.167,8.699e-16,prime,1
3323,1,z:ilp,nat-oop,23567,26350,8.248,1.118,8.402e-16,prime,0
3323,1,z:ilp,nat-oop,23653,26422,8.218,1.117,8.402e-16,prime,1
3324,1,z:ilp,nat-oop,23093,26571,8.420,1.151,9.042e-16,prime,0
3324,1,z:ilp,nat-oop,23104,26485,8.416,1.146,9.042e-16,prime,1
3325,1,z:ilp,nat-oop,11101,10807,17.521,0.974,1.005e-15,chain3,0
3325,1,z:ilp,nat-oop,10815,10805,17.984,0.999,1.005e-15,chain3,1
3326,1,z:ilp,nat-oop,23320,27019,8.343,1.159,1.183e-15,prime,0
3326,1,z:ilp,nat-oop,24840,26592,7.833,1.071,1.183e-15,prime,1
3327,1,z:ilp,nat-oop,23324,26737,8.345,1.146,9.890e-16,prime,0
3327,1,z:ilp,nat-oop,23358,26529,8.333,1.136,9.890e-16,prime,1
3328,1,z:ilp,nat-oop,5710,5200,34.099,0.911,9.925e-16,chain3,0
3328,1,z:ilp,nat-oop,5683,5199,34.260,0.915,9.925e-16,chain3,1
3329,1,z:ilp,nat-oop,16280,26627,11.963,1.636,1.213e-15,prime,0
3329,1,z:ilp,nat-oop,15796,26687,12.330,1.690,1.213e-15,prime,1
3330,1,z:ilp,nat-oop,10134,15722,19.225,1.551,2.633e-15,chain3,0
3330,1,z:ilp,nat-oop,10187,15745,19.125,1.546,2.633e-15,chain3,1
3331,1,z:ilp,nat-oop,23121,26437,8.429,1.143,9.873e-16,prime,0
3331,1,z:ilp,nat-oop,23508,26371,8.290,1.122,9.873e-16,prime,1
3332,1,z:ilp,nat-oop,6157,9698,31.665,1.575,1.004e-15,flat,0
3332,1,z:ilp,nat-oop,6253,9733,31.180,1.557,1.004e-15,flat,1
3333,1,z:ilp,nat-oop,24028,26539,8.117,1.105,1.031e-15,prime,0
3333,1,z:ilp,nat-oop,23692,26464,8.231,1.117,1.031e-15,prime,1
3334,1,z:ilp,nat-oop,23002,26513,8.481,1.153,9.513e-16,prime,0
3334,1,z:ilp,nat-oop,23014,26572,8.477,1.155,9.513e-16,prime,1
3335,1,z:ilp,nat-oop,14035,22057,13.905,1.572,1.900e-15,chain3,0
3335,1,z:ilp,nat-oop,11638,22074,16.768,1.897,1.900e-15,chain3,1
3336,1,z:ilp,nat-oop,22752,68505,8.580,3.011,8.709e-16,prime,0
3336,1,z:ilp,nat-oop,22703,68512,8.599,3.018,8.709e-16,prime,1
3337,1,z:ilp,nat-oop,23645,62974,8.259,2.663,9.068e-16,prime,0
3337,1,z:ilp,nat-oop,23265,62979,8.394,2.707,9.068e-16,prime,1
3338,1,z:ilp,nat-oop,23271,26588,8.395,1.143,1.031e-15,prime,0
3338,1,z:ilp,nat-oop,23295,26562,8.386,1.140,1.031e-15,prime,1
3339,1,z:ilp,nat-oop,23672,30437,8.255,1.286,7.114e-16,prime,0
3339,1,z:ilp,nat-oop,23598,30382,8.281,1.287,7.114e-16,prime,1
3340,1,z:ilp,nat-oop,22157,26414,8.823,1.192,9.498e-16,prime,0
3340,1,z:ilp,nat-oop,22618,26532,8.643,1.173,9.498e-16,prime,1
3341,1,z:ilp,nat-oop,22871,26640,8.550,1.165,1.022e-15,prime,0
3341,1,z:ilp,nat-oop,23317,26901,8.387,1.154,1.022e-15,prime,1
3342,1,z:ilp,nat-oop,23080,26819,8.476,1.162,8.838e-16,prime,0
3342,1,z:ilp,nat-oop,23060,26770,8.483,1.161,8.838e-16,prime,1
3343,1,z:ilp,nat-oop,23161,26373,8.449,1.139,1.057e-15,prime,0
3343,1,z:ilp,nat-oop,23658,26401,8.271,1.116,1.057e-15,prime,1
3344,1,z:ilp,nat-oop,5798,9677,33.763,1.669,1.237e-15,chain3,0
3344,1,z:ilp,nat-oop,5320,9685,36.797,1.821,1.237e-15,chain3,1
3345,1,z:ilp,nat-oop,23654,26531,8.278,1.122,8.991e-16,prime,0
3345,1,z:ilp,nat-oop,23037,26495,8.500,1.150,8.991e-16,prime,1
3346,1,z:ilp,nat-oop,23415,26611,8.366,1.137,7.792e-16,prime,0
3346,1,z:ilp,nat-oop,23310,26601,8.403,1.141,7.792e-16,prime,1
3347,1,z:ilp,nat-oop,23712,26360,8.264,1.112,8.631e-16,prime,0
3347,1,z:ilp,nat-oop,23433,26514,8.362,1.132,8.631e-16,prime,1
3348,1,z:ilp,nat-oop,8712,13850,22.500,1.590,1.961e-15,flat,0
3348,1,z:ilp,nat-oop,8780,13851,22.325,1.578,1.961e-15,flat,1
3349,1,z:ilp,nat-oop,23130,26595,8.477,1.150,9.978e-16,prime,0
3349,1,z:ilp,nat-oop,23648,26550,8.292,1.123,9.978e-16,prime,1
3350,1,z:ilp,nat-oop,23121,30269,8.483,1.309,7.617e-16,prime,0
3350,1,z:ilp,nat-oop,23648,30276,8.294,1.280,7.617e-16,prime,1
3351,1,z:ilp,nat-oop,23709,26385,8.276,1.113,9.641e-16,prime,0
3351,1,z:ilp,nat-oop,28289,26321,6.936,0.930,9.641e-16,prime,1
3352,1,z:ilp,nat-oop,23664,26711,8.294,1.129,9.900e-16,prime,0
3352,1,z:ilp,nat-oop,23099,26404,8.497,1.143,9.900e-16,prime,1
3353,1,z:ilp,nat-oop,23745,26524,8.269,1.117,8.712e-16,prime,0
3353,1,z:ilp,nat-oop,23551,26655,8.337,1.132,8.712e-16,prime,1
3354,1,z:ilp,nat-oop,13549,18639,14.496,1.376,2.548e-15,chain3,0
3354,1,z:ilp,nat-oop,13633,18651,14.407,1.368,2.548e-15,chain3,1
3355,1,z:ilp,nat-oop,22698,35862,8.656,1.580,8.648e-16,prime,0
3355,1,z:ilp,nat-oop,23325,35853,8.423,1.537,8.648e-16,prime,1
3356,1,z:ilp,nat-oop,32433,26612,6.060,0.821,8.538e-16,prime,0
3356,1,z:ilp,nat-oop,23151,26473,8.489,1.144,8.538e-16,prime,1
3357,1,z:ilp,nat-oop,23067,26665,8.523,1.156,8.104e-16,prime,0
3357,1,z:ilp,nat-oop,23117,26709,8.505,1.155,8.104e-16,prime,1
3358,1,z:ilp,nat-oop,23305,38891,8.439,1.669,1.110e-15,prime,0
3358,1,z:ilp,nat-oop,22688,38929,8.669,1.716,1.110e-15,prime,1
3359,1,z:ilp,nat-oop,23104,26378,8.515,1.142,7.490e-16,prime,0
3359,1,z:ilp,nat-oop,24056,26597,8.178,1.106,7.490e-16,prime,1
3360,1,z:ilp,nat-oop,4084,5573,48.186,1.365,6.185e-16,chain3,0
3360,1,z:ilp,nat-oop,4095,5575,48.061,1.361,6.185e-16,chain3,1
3361,1,z:ilp,nat-oop,13807,26515,14.258,1.920,8.839e-16,prime,0
3361,1,z:ilp,nat-oop,14041,26529,14.020,1.889,8.839e-16,prime,1
3362,1,z:ilp,nat-oop,22682,29329,8.682,1.293,9.716e-16,prime,0
3362,1,z:ilp,nat-oop,23331,29266,8.441,1.254,9.716e-16,prime,1
3363,1,z:ilp,nat-oop,23112,39393,8.524,1.704,8.742e-16,prime,0
3363,1,z:ilp,nat-oop,24036,39321,8.196,1.636,8.742e-16,prime,1
3364,1,z:ilp,nat-oop,15568,20097,12.658,1.291,1.810e-15,chain3,0
3364,1,z:ilp,nat-oop,16623,20074,11.855,1.208,1.810e-15,chain3,1
3365,1,z:ilp,nat-oop,24649,26692,7.998,1.083,8.989e-16,prime,0
3365,1,z:ilp,nat-oop,23317,26730,8.454,1.146,8.989e-16,prime,1
3366,1,z:ilp,nat-oop,8794,9842,22.423,1.119,1.153e-15,flat,0
3366,1,z:ilp,nat-oop,9044,9797,21.803,1.083,1.153e-15,flat,1
3367,1,z:ilp,nat-oop,12867,19787,15.330,1.538,3.056e-15,chain3,0
3367,1,z:ilp,nat-oop,16663,19835,11.838,1.190,3.056e-15,chain3,1
3368,1,z:ilp,nat-oop,22690,26440,8.697,1.165,1.198e-15,prime,0
3368,1,z:ilp,nat-oop,22714,26557,8.687,1.169,1.198e-15,prime,1
3369,1,z:ilp,nat-oop,23163,26536,8.522,1.146,7.737e-16,prime,0
3369,1,z:ilp,nat-oop,23250,26844,8.490,1.155,7.737e-16,prime,1
3370,1,z:ilp,nat-oop,23350,26541,8.456,1.137,8.013e-16,prime,0
3370,1,z:ilp,nat-oop,23626,26632,8.358,1.127,8.013e-16,prime,1
3371,1,z:ilp,nat-oop,23761,26448,8.313,1.113,8.880e-16,prime,0
3371,1,z:ilp,nat-oop,23700,26586,8.334,1.122,8.880e-16,prime,1
3372,1,z:ilp,nat-oop,22735,26581,8.691,1.169,1.073e-15,prime,0
3372,1,z:ilp,nat-oop,23279,26570,8.488,1.141,1.073e-15,prime,1
3373,1,z:ilp,nat-oop,25016,26654,7.901,1.065,7.241e-16,prime,0
3373,1,z:ilp,nat-oop,23898,26658,8.271,1.115,7.241e-16,prime,1
3374,1,z:ilp,nat-oop,23121,26744,8.552,1.157,9.407e-16,prime,0
3374,1,z:ilp,nat-oop,23081,26573,8.566,1.151,9.407e-16,prime,1
3375,1,z:ilp,nat-oop,6474,6932,30.549,1.071,7.513e-16,chain3,0
3375,1,z:ilp,nat-oop,5940,6886,33.299,1.159,7.513e-16,chain3,1
3376,1,z:ilp,nat-oop,26176,26421,7.559,1.009,1.004e-15,prime,0
3376,1,z:ilp,nat-oop,23021,26729,8.595,1.161,1.004e-15,prime,1
3377,1,z:ilp,nat-oop,23301,26581,8.494,1.141,1.025e-15,prime,0
3377,1,z:ilp,nat-oop,23688,26556,8.355,1.121,1.025e-15,prime,1
3378,1,z:ilp,nat-oop,23092,26632,8.574,1.153,9.165e-16,prime,0
3378,1,z:ilp,nat-oop,23123,26648,8.562,1.152,9.165e-16,prime,1
3379,1,z:ilp,nat-oop,22758,26593,8.703,1.169,8.961e-16,prime,0
3379,1,z:ilp,nat-oop,23215,26555,8.531,1.144,8.961e-16,prime,1
3380,1,z:ilp,nat-oop,5902,6435,33.567,1.090,1.163e-15,flat,0
3380,1,z:ilp,nat-oop,5902,6437,33.570,1.091,1.163e-15,flat,1
3381,1,z:ilp,nat-oop,9562,12634,20.727,1.321,1.735e-15,flat,0
3381,1,z:ilp,nat-oop,8675,12663,22.845,1.460,1.735e-15,flat,1
3382,1,z:ilp,nat-oop,22754,46715,8.712,2.053,7.771e-16,prime,0
3382,1,z:ilp,nat-oop,22776,46643,8.704,2.048,7.771e-16,prime,1
3383,1,z:ilp,nat-oop,23509,26396,8.435,1.123,9.611e-16,prime,0
3383,1,z:ilp,nat-oop,24067,26405,8.240,1.097,9.611e-16,prime,1
3384,1,z:ilp,nat-oop,18434,20871,10.762,1.132,2.322e-15,flat,0
3384,1,z:ilp,nat-oop,13109,20922,15.133,1.596,2.322e-15,flat,1
3385,1,z:ilp,nat-oop,23332,26558,8.505,1.138,1.292e-15,prime,0
3385,1,z:ilp,nat-oop,22710,26681,8.738,1.175,1.292e-15,prime,1
3386,1,z:ilp,nat-oop,23087,26805,8.598,1.161,1.098e-15,prime,0
3386,1,z:ilp,nat-oop,23132,26572,8.582,1.149,1.098e-15,prime,1
3387,1,z:ilp,nat-oop,23290,26446,8.526,1.136,1.329e-15,prime,0
3387,1,z:ilp,nat-oop,23372,26662,8.497,1.141,1.329e-15,prime,1
3388,1,z:ilp,nat-oop,8094,6276,24.542,0.775,1.172e-15,flat,0
3388,1,z:ilp,nat-oop,7375,6225,26.936,0.844,1.172e-15,flat,1
3389,1,z:ilp,nat-oop,23422,26768,8.484,1.143,9.112e-16,prime,0
3389,1,z:ilp,nat-oop,28647,26599,6.937,0.929,9.112e-16,prime,1
3390,1,z:ilp,nat-oop,23325,57091,8.522,2.448,7.754e-16,prime,0
3390,1,z:ilp,nat-oop,23319,57102,8.524,2.449,7.754e-16,prime,1
3391,1,z:ilp,nat-oop,23620,26492,8.418,1.122,8.484e-16,prime,0
3391,1,z:ilp,nat-oop,23657,26518,8.405,1.121,8.484e-16,prime,1
3392,1,z:ilp,nat-oop,23330,23180,8.526,0.994,7.895e-16,prime,0
3392,1,z:ilp,nat-oop,22805,23182,8.722,1.017,7.895e-16,prime,1
3393,1,z:ilp,nat-oop,9893,15891,20.112,1.606,2.242e-15,flat,0
3393,1,z:ilp,nat-oop,12588,15857,15.806,1.260,2.242e-15,flat,1
3394,1,z:ilp,nat-oop,22755,26702,8.747,1.173,9.841e-16,prime,0
3394,1,z:ilp,nat-oop,22769,26742,8.742,1.174,9.841e-16,prime,1
3395,1,z:ilp,nat-oop,23107,26731,8.617,1.157,1.072e-15,prime,0
3395,1,z:ilp,nat-oop,24068,26565,8.272,1.104,1.072e-15,prime,1
3396,1,z:ilp,nat-oop,28866,26527,6.900,0.919,7.849e-16,prime,0
3396,1,z:ilp,nat-oop,23315,26563,8.542,1.139,7.849e-16,prime,1
3397,1,z:ilp,nat-oop,23787,67434,8.376,2.835,9.736e-16,prime,0
3397,1,z:ilp,nat-oop,24118,67341,8.261,2.792,9.736e-16,prime,1
3398,1,z:ilp,nat-oop,23399,26759,8.517,1.144,9.894e-16,prime,0
3398,1,z:ilp,nat-oop,22772,26524,8.752,1.165,9.894e-16,prime,1
3399,1,z:ilp,nat-oop,23381,26636,8.527,1.139,1.021e-15,prime,0
3399,1,z:ilp,nat-oop,23299,26503,8.557,1.138,1.021e-15,prime,1
3400,1,z:ilp,nat-oop,6276,9474,31.779,1.510,1.227e-15,chain3,0
3400,1,z:ilp,nat-oop,7055,9480,28.270,1.344,1.227e-15,chain3,1
3401,1,z:ilp,nat-oop,23090,26684,8.640,1.156,8.880e-16,prime,0
3401,1,z:ilp,nat-oop,23519,26510,8.482,1.127,8.880e-16,prime,1
3402,1,z:ilp,nat-oop,7095,6327,28.128,0.892,6.503e-16,chain3,0
3402,1,z:ilp,nat-oop,6576,6299,30.345,0.958,6.503e-16,chain3,1
3403,1,z:ilp,nat-oop,23327,70150,8.558,3.007,7.676e-16,prime,0
3403,1,z:ilp,nat-oop,23222,70390,8.597,3.031,7.676e-16,prime,1
3404,1,z:ilp,nat-oop,12807,21202,15.593,1.656,2.650e-15,flat,0
3404,1,z:ilp,nat-oop,16918,21161,11.804,1.251,2.650e-15,flat,1
3405,1,z:ilp,nat-oop,23346,26621,8.556,1.140,1.160e-15,prime,0
3405,1,z:ilp,nat-oop,23453,26753,8.517,1.141,1.160e-15,prime,1
3406,1,z:ilp,nat-oop,23318,67286,8.570,2.886,8.420e-16,prime,0
3406,1,z:ilp,nat-oop,34353,67290,5.817,1.959,8.420e-16,prime,1
3407,1,z:ilp,nat-oop,24804,26407,8.059,1.065,8.807e-16,prime,0
3407,1,z:ilp,nat-oop,24811,26612,8.057,1.073,8.807e-16,prime,1
3408,1,z:ilp,nat-oop,23076,32693,8.665,1.417,8.097e-16,prime,0
3408,1,z:ilp,nat-oop,24083,32712,8.303,1.358,8.097e-16,prime,1
3409,1,z:ilp,nat-oop,23098,26811,8.660,1.161,9.549e-16,prime,0
3409,1,z:ilp,nat-oop,26563,26604,7.530,1.002,9.549e-16,prime,1
3410,1,z:ilp,nat-oop,13372,15004,14.963,1.122,2.149e-15,flat,0
3410,1,z:ilp,nat-oop,9910,15045,20.191,1.518,2.149e-15,flat,1
3411,1,z:ilp,nat-oop,23222,26385,8.619,1.136,9.429e-16,prime,0
3411,1,z:ilp,nat-oop,22815,26580,8.773,1.165,9.429e-16,prime,1
3412,1,z:ilp,nat-oop,23722,26449,8.441,1.115,1.265e-15,prime,0
3412,1,z:ilp,nat-oop,23144,26522,8.651,1.146,1.265e-15,prime,1
3413,1,z:ilp,nat-oop,23686,26745,8.456,1.129,1.034e-15,prime,0
3413,1,z:ilp,nat-oop,23553,26670,8.504,1.132,1.034e-15,prime,1
3414,1,z:ilp,nat-oop,23760,26841,8.432,1.130,8.602e-16,prime,0
3414,1,z:ilp,nat-oop,23726,26638,8.445,1.123,8.602e-16,prime,1
3415,1,z:ilp,nat-oop,23244,26653,8.622,1.147,1.045e-15,prime,0
3415,1,z:ilp,nat-oop,23209,26449,8.635,1.140,1.045e-15,prime,1
3416,1,z:ilp,nat-oop,23125,28032,8.670,1.212,6.743e-16,prime,0
3416,1,z:ilp,nat-oop,23090,28035,8.683,1.214,6.743e-16,prime,1
3417,1,z:ilp,nat-oop,23295,45168,8.609,1.939,1.062e-15,prime,0
3417,1,z:ilp,nat-oop,23694,45161,8.464,1.906,1.062e-15,prime,1
3418,1,z:ilp,nat-oop,22793,26664,8.802,1.170,1.072e-15,prime,0
3418,1,z:ilp,nat-oop,22729,26609,8.827,1.171,1.072e-15,prime,1
3419,1,z:ilp,nat-oop,23178,26454,8.658,1.141,8.766e-16,prime,0
3419,1,z:ilp,nat-oop,23724,26468,8.459,1.116,8.766e-16,prime,1
3420,1,z:ilp,nat-oop,7113,10223,28.224,1.437,1.223e-15,flat,0
3420,1,z:ilp,nat-oop,7343,10193,27.339,1.388,1.223e-15,flat,1
3421,1,z:ilp,nat-oop,24075,26776,8.341,1.112,8.539e-16,prime,0
3421,1,z:ilp,nat-oop,23687,26669,8.478,1.126,8.539e-16,prime,1
3422,1,z:ilp,nat-oop,23877,34030,8.413,1.425,7.968e-16,prime,0
3422,1,z:ilp,nat-oop,23678,34051,8.484,1.438,7.968e-16,prime,1
3423,1,z:ilp,nat-oop,23956,26523,8.388,1.107,1.088e-15,prime,0
3423,1,z:ilp,nat-oop,23461,26537,8.565,1.131,1.088e-15,prime,1
3424,1,z:ilp,nat-oop,32154,53363,6.252,1.660,7.074e-16,prime,0
3424,1,z:ilp,nat-oop,22788,53386,8.821,2.343,7.074e-16,prime,1
3425,1,z:ilp,nat-oop,24105,26675,8.342,1.107,9.745e-16,prime,0
3425,1,z:ilp,nat-oop,23589,26847,8.524,1.138,9.745e-16,prime,1
3426,1,z:ilp,nat-oop,23802,26722,8.451,1.123,9.442e-16,prime,0
3426,1,z:ilp,nat-oop,23712,26569,8.483,1.120,9.442e-16,prime,1
3427,1,z:ilp,nat-oop,23473,26493,8.572,1.129,9.975e-16,prime,0
3427,1,z:ilp,nat-oop,23561,26516,8.540,1.125,9.975e-16,prime,1
3428,1,z:ilp,nat-oop,23748,26655,8.476,1.122,9.174e-16,prime,0
3428,1,z:ilp,nat-oop,23118,26690,8.707,1.155,9.174e-16,prime,1
3429,1,z:ilp,nat-oop,23141,26695,8.701,1.154,9.065e-16,prime,0
3429,1,z:ilp,nat-oop,24093,26834,8.357,1.114,9.065e-16,prime,1
3430,1,z:ilp,nat-oop,7354,6637,27.388,0.903,1.029e-15,flat,0
3430,1,z:ilp,nat-oop,10373,6650,19.416,0.641,1.029e-15,flat,1
3431,1,z:ilp,nat-oop,23702,66660,8.500,2.812,1.056e-15,prime,0
3431,1,z:ilp,nat-oop,24772,66615,8.133,2.689,1.056e-15,prime,1
3432,1,z:ilp,nat-oop,6181,6418,32.608,1.038,1.056e-15,flat,0
3432,1,z:ilp,nat-oop,6025,6423,33.452,1.066,1.056e-15,flat,1
3433,1,z:ilp,nat-oop,24114,26640,8.361,1.105,1.145e-15,prime,0
3433,1,z:ilp,nat-oop,23717,26609,8.500,1.122,1.145e-15,prime,1
3434,1,z:ilp,nat-oop,23474,55063,8.591,2.346,9.259e-16,prime,0
3434,1,z:ilp,nat-oop,23507,55168,8.579,2.347,9.259e-16,prime,1
3435,1,z:ilp,nat-oop,34275,26699,5.886,0.779,7.984e-16,prime,0
3435,1,z:ilp,nat-oop,23782,26585,8.483,1.118,7.984e-16,prime,1
3436,1,z:ilp,nat-oop,23731,26691,8.504,1.125,9.234e-16,prime,0
3436,1,z:ilp,nat-oop,27933,26589,7.225,0.952,9.234e-16,prime,1
3437,1,z:ilp,nat-oop,23764,26730,8.495,1.125,9.777e-16,prime,0
3437,1,z:ilp,nat-oop,23755,26734,8.498,1.125,9.777e-16,prime,1
3438,1,z:ilp,nat-oop,23385,26539,8.635,1.135,9.334e-16,prime,0
3438,1,z:ilp,nat-oop,29551,26567,6.834,0.899,9.334e-16,prime,1
3439,1,z:ilp,nat-oop,24333,26558,8.302,1.091,9.483e-16,prime,0
3439,1,z:ilp,nat-oop,28860,26562,6.999,0.920,9.483e-16,prime,1
3440,1,z:ilp,nat-oop,10964,18470,18.430,1.685,2.263e-15,chain3,0
3440,1,z:ilp,nat-oop,16542,18504,12.215,1.119,2.263e-15,chain3,1
3441,1,z:ilp,nat-oop,15701,31388,12.874,1.999,3.841e-15,flat,0
3441,1,z:ilp,nat-oop,22326,31406,9.054,1.407,3.841e-15,flat,1
3442,1,z:ilp,nat-oop,23354,26813,8.658,1.148,9.307e-16,prime,0
3442,1,z:ilp,nat-oop,22794,26716,8.871,1.172,9.307e-16,prime,1
3443,1,z:ilp,nat-oop,23557,26733,8.586,1.135,9.481e-16,prime,0
3443,1,z:ilp,nat-oop,23172,26512,8.729,1.144,9.481e-16,prime,1
3444,1,z:ilp,nat-oop,15741,18273,12.854,1.161,2.601e-15,flat,0
3444,1,z:ilp,nat-oop,15010,18260,13.480,1.216,2.601e-15,flat,1
3445,1,z:ilp,nat-oop,23583,31357,8.582,1.330,7.868e-16,prime,0
3445,1,z:ilp,nat-oop,23589,31332,8.580,1.328,7.868e-16,prime,1
3446,1,z:ilp,nat-oop,23552,26956,8.596,1.144,9.024e-16,prime,0
3446,1,z:ilp,nat-oop,23799,26663,8.507,1.120,9.024e-16,prime,1
3447,1,z:ilp,nat-oop,23611,26630,8.578,1.128,8.033e-16,prime,0
3447,1,z:ilp,nat-oop,23176,26536,8.739,1.145,8.033e-16,prime,1
3448,1,z:ilp,nat-oop,23738,26649,8.535,1.123,8.983e-16,prime,0
3448,1,z:ilp,nat-oop,23198,26604,8.733,1.147,8.983e-16,prime,1
3449,1,z:ilp,nat-oop,22851,26747,8.869,1.171,7.346e-16,prime,0
3449,1,z:ilp,nat-oop,22361,26711,9.063,1.195,7.346e-16,prime,1
3450,1,z:ilp,nat-oop,10846,11436,18.691,1.054,1.787e-15,chain3,0
3450,1,z:ilp,nat-oop,8023,11421,25.268,1.423,1.787e-15,chain3,1
3451,1,z:ilp,nat-oop,10798,20288,18.781,1.879,2.023e-15,chain3,0
3451,1,z:ilp,nat-oop,11229,20254,18.060,1.804,2.023e-15,chain3,1
3452,1,z:ilp,nat-oop,23751,26536,8.541,1.117,1.089e-15,prime,0
3452,1,z:ilp,nat-oop,23726,26646,8.550,1.123,1.089e-15,prime,1
3453,1,z:ilp,nat-oop,23468,26705,8.647,1.138,1.010e-15,prime,0
3453,1,z:ilp,nat-oop,27991,26694,7.250,0.954,1.010e-15,prime,1
3454,1,z:ilp,nat-oop,23812,26665,8.525,1.120,8.719e-16,prime,0
3454,1,z:ilp,nat-oop,23251,26689,8.730,1.148,8.719e-16,prime,1
3455,1,z:ilp,nat-oop,23332,26565,8.703,1.139,9.231e-16,prime,0
3455,1,z:ilp,nat-oop,23303,26465,8.714,1.136,9.231e-16,prime,1
3456,1,z:ilp,nat-oop,3640,6488,55.807,1.782,4.545e-16,ztt,0
3456,1,z:ilp,nat-oop,3609,6457,56.277,1.789,4.545e-16,ztt,1
3457,1,z:ilp,nat-oop,13849,26833,14.672,1.937,8.909e-16,prime,0
3457,1,z:ilp,nat-oop,13651,26852,14.884,1.967,8.909e-16,prime,1
3458,1,z:ilp,nat-oop,9175,11608,22.153,1.265,1.714e-15,flat,0
3458,1,z:ilp,nat-oop,9283,11615,21.896,1.251,1.714e-15,flat,1
3459,1,z:ilp,nat-oop,23741,26620,8.564,1.121,1.040e-15,prime,0
3459,1,z:ilp,nat-oop,23835,26644,8.530,1.118,1.040e-15,prime,1
3460,1,z:ilp,nat-oop,22830,26641,8.909,1.167,1.026e-15,prime,0
3460,1,z:ilp,nat-oop,22913,26727,8.876,1.166,1.026e-15,prime,1
3461,1,z:ilp,nat-oop,22792,26647,8.926,1.169,1.057e-15,prime,0
3461,1,z:ilp,nat-oop,23757,26782,8.564,1.127,1.057e-15,prime,1
3462,1,z:ilp,nat-oop,23452,26619,8.678,1.135,9.241e-16,prime,0
3462,1,z:ilp,nat-oop,23390,26687,8.701,1.141,9.241e-16,prime,1
3463,1,z:ilp,nat-oop,23216,26510,8.769,1.142,1.150e-15,prime,0
3463,1,z:ilp,nat-oop,23623,26617,8.618,1.127,1.150e-15,prime,1
3464,1,z:ilp,nat-oop,22816,26527,8.926,1.163,9.513e-16,prime,0
3464,1,z:ilp,nat-oop,22828,26795,8.921,1.174,9.513e-16,prime,1
3465,1,z:ilp,nat-oop,5803,6869,35.108,1.184,9.437e-16,chain3,0
3465,1,z:ilp,nat-oop,7019,6918,29.023,0.986,9.437e-16,chain3,1
3466,1,z:ilp,nat-oop,23206,26782,8.781,1.154,8.624e-16,prime,0
3466,1,z:ilp,nat-oop,23788,26676,8.567,1.121,8.624e-16,prime,1
3467,1,z:ilp,nat-oop,23354,26541,8.729,1.136,8.128e-16,prime,0
3467,1,z:ilp,nat-oop,22810,26557,8.937,1.164,8.128e-16,prime,1
3468,1,z:ilp,nat-oop,8104,13498,25.163,1.666,1.492e-15,flat,0
3468,1,z:ilp,nat-oop,12206,13495,16.706,1.106,1.492e-15,flat,1
3469,1,z:ilp,nat-oop,20773,26605,9.820,1.281,1.850e-15,prime,0
3469,1,z:ilp,nat-oop,20560,26803,9.921,1.304,1.850e-15,prime,1
3470,1,z:ilp,nat-oop,23360,26814,8.735,1.148,1.093e-15,prime,0
3470,1,z:ilp,nat-oop,23368,26718,8.732,1.143,1.093e-15,prime,1
3471,1,z:ilp,nat-oop,24240,61305,8.420,2.529,6.610e-16,prime,0
3471,1,z:ilp,nat-oop,35001,61365,5.832,1.753,6.610e-16,prime,1
3472,1,z:ilp,nat-oop,10801,13671,18.905,1.266,2.033e-15,flat,0
3472,1,z:ilp,nat-oop,11302,13669,18.066,1.209,2.033e-15,flat,1
3473,1,z:ilp,nat-oop,23650,26806,8.636,1.133,8.724e-16,prime,0
3473,1,z:ilp,nat-oop,23736,26745,8.605,1.127,8.724e-16,prime,1
3474,1,z:ilp,nat-oop,23329,26661,8.758,1.143,8.360e-16,prime,0
3474,1,z:ilp,nat-oop,23371,26735,8.742,1.144,8.360e-16,prime,1
3475,1,z:ilp,nat-oop,22773,26681,8.974,1.172,9.228e-16,prime,0
3475,1,z:ilp,nat-oop,23371,26562,8.745,1.137,9.228e-16,prime,1
3476,1,z:ilp,nat-oop,22815,37911,8.961,1.662,8.441e-16,prime,0
3476,1,z:ilp,nat-oop,23418,37922,8.730,1.619,8.441e-16,prime,1
3477,1,z:ilp,nat-oop,23747,42800,8.612,1.802,1.030e-15,prime,0
3477,1,z:ilp,nat-oop,22801,42804,8.969,1.877,1.030e-15,prime,1
3478,1,z:ilp,nat-oop,23775,31738,8.605,1.335,9.866e-16,prime,0
3478,1,z:ilp,nat-oop,23184,31669,8.824,1.366,9.866e-16,prime,1
3479,1,z:ilp,nat-oop,28471,43931,7.188,1.543,8.851e-16,prime,0
3479,1,z:ilp,nat-oop,22807,43903,8.973,1.925,8.851e-16,prime,1
3480,1,z:ilp,nat-oop,8857,13676,23.112,1.544,2.124e-15,flat,0
3480,1,z:ilp,nat-oop,8971,13638,22.820,1.520,2.124e-15,flat,1
3481,1,z:ilp,nat-oop,23366,65093,8.764,2.786,7.213e-16,prime,0
3481,1,z:ilp,nat-oop,23245,65087,8.809,2.800,7.213e-16,prime,1
3482,1,z:ilp,nat-oop,23464,26704,8.730,1.138,7.850e-16,prime,0
3482,1,z:ilp,nat-oop,23387,26611,8.759,1.138,7.850e-16,prime,1
3483,1,z:ilp,nat-oop,14721,24751,13.919,1.681,2.705e-15,chain3,0
3483,1,z:ilp,nat-oop,18963,24760,10.805,1.306,2.705e-15,chain3,1
3484,1,z:ilp,nat-oop,23149,31588,8.855,1.365,8.212e-16,prime,0
3484,1,z:ilp,nat-oop,23455,31652,8.739,1.350,8.212e-16,prime,1
3485,1,z:ilp,nat-oop,12694,27951,16.153,2.202,1.956e-15,chain3,0
3485,1,z:ilp,nat-oop,12706,27954,16.137,2.200,1.956e-15,chain3,1
3486,1,z:ilp,nat-oop,23187,40075,8.846,1.728,8.700e-16,prime,0
3486,1,z:ilp,nat-oop,23254,40098,8.820,1.724,8.700e-16,prime,1
3487,1,z:ilp,nat-oop,23251,26600,8.824,1.144,1.191e-15,prime,0
3487,1,z:ilp,nat-oop,23239,26671,8.829,1.148,1.191e-15,prime,1
3488,1,z:ilp,nat-oop,23725,56757,8.651,2.392,1.122e-15,prime,0
3488,1,z:ilp,nat-oop,23795,56728,8.625,2.384,1.122e-15,prime,1
3489,1,z:ilp,nat-oop,23215,26717,8.844,1.151,1.013e-15,prime,0
3489,1,z:ilp,nat-oop,23212,26742,8.845,1.152,1.013e-15,prime,1
3490,1,z:ilp,nat-oop,23841,26658,8.614,1.118,9.400e-16,prime,0
3490,1,z:ilp,nat-oop,23724,26750,8.656,1.128,9.400e-16,prime,1
3491,1,z:ilp,nat-oop,23602,26573,8.704,1.126,7.714e-16,prime,0
3491,1,z:ilp,nat-oop,23798,26457,8.632,1.112,7.714e-16,prime,1
3492,1,z:ilp,nat-oop,23345,49661,8.803,2.127,7.502e-16,prime,0
3492,1,z:ilp,nat-oop,23405,49708,8.780,2.124,7.502e-16,prime,1
3493,1,z:ilp,nat-oop,23859,26808,8.616,1.124,8.336e-16,prime,0
3493,1,z:ilp,nat-oop,23927,26952,8.592,1.126,8.336e-16,prime,1
3494,1,z:ilp,nat-oop,23176,26729,8.873,1.153,8.222e-16,prime,0
3494,1,z:ilp,nat-oop,23206,26671,8.861,1.149,8.222e-16,prime,1
3495,1,z:ilp,nat-oop,24107,26670,8.533,1.106,9.267e-16,prime,0
3495,1,z:ilp,nat-oop,23840,26893,8.628,1.128,9.267e-16,prime,1
3496,1,z:ilp,nat-oop,7842,15437,26.241,1.969,1.780e-15,chain3,0
3496,1,z:ilp,nat-oop,7860,15465,26.178,1.968,1.780e-15,chain3,1
3497,1,z:ilp,nat-oop,23472,26981,8.769,1.149,1.153e-15,prime,0
3497,1,z:ilp,nat-oop,23360,26818,8.811,1.148,1.153e-15,prime,1
3498,1,z:ilp,nat-oop,23551,24509,8.743,1.041,6.631e-16,prime,0
3498,1,z:ilp,nat-oop,23600,24547,8.725,1.040,6.631e-16,prime,1
3499,1,z:ilp,nat-oop,23778,26524,8.662,1.116,1.058e-15,prime,0
3499,1,z:ilp,nat-oop,23648,26717,8.710,1.130,1.058e-15,prime,1
3500,1,z:ilp,nat-oop,5747,6332,35.850,1.102,8.618e-16,flat,0
3500,1,z:ilp,nat-oop,5699,6310,36.151,1.107,8.618e-16,flat,1
3501,1,z:ilp,nat-oop,23728,26711,8.686,1.126,9.024e-16,prime,0
3501,1,z:ilp,nat-oop,23188,26673,8.888,1.150,9.024e-16,prime,1
3502,1,z:ilp,nat-oop,24107,55988,8.552,2.323,8.932e-16,prime,0
3502,1,z:ilp,nat-oop,23180,56022,8.894,2.417,8.932e-16,prime,1
3503,1,z:ilp,nat-oop,23783,26788,8.671,1.126,9.860e-16,prime,0
3503,1,z:ilp,nat-oop,23353,26519,8.831,1.136,9.860e-16,prime,1
3504,1,z:ilp,nat-oop,22807,34978,9.045,1.534,7.874e-16,prime,0
3504,1,z:ilp,nat-oop,23390,34993,8.820,1.496,7.874e-16,prime,1
3505,1,z:ilp,nat-oop,23721,26781,8.700,1.129,8.091e-16,prime,0
3505,1,z:ilp,nat-oop,23517,26792,8.775,1.139,8.091e-16,prime,1
3506,1,z:ilp,nat-oop,23735,26713,8.697,1.125,8.669e-16,prime,0
3506,1,z:ilp,nat-oop,23793,26724,8.676,1.123,8.669e-16,prime,1
3507,1,z:ilp,nat-oop,23201,26790,8.900,1.155,9.489e-16,prime,0
3507,1,z:ilp,nat-oop,34009,26905,6.072,0.791,9.489e-16,prime,1
3508,1,z:ilp,nat-oop,34544,26619,5.980,0.771,8.891e-16,prime,0
3508,1,z:ilp,nat-oop,22775,26668,9.070,1.171,8.891e-16,prime,1
3509,1,z:ilp,nat-oop,9692,15826,21.320,1.633,1.591e-15,chain3,0
3509,1,z:ilp,nat-oop,13859,15789,14.909,1.139,1.591e-15,chain3,1
3510,1,z:ilp,nat-oop,6650,6327,31.083,0.952,1.106e-15,chain3,0
3510,1,z:ilp,nat-oop,6695,6170,30.873,0.922,1.106e-15,chain3,1
3511,1,z:ilp,nat-oop,23732,26928,8.712,1.135,1.322e-15,prime,0
3511,1,z:ilp,nat-oop,23320,26645,8.866,1.143,1.322e-15,prime,1
3512,1,z:ilp,nat-oop,23283,26674,8.883,1.146,1.037e-15,prime,0
3512,1,z:ilp,nat-oop,26381,26805,7.840,1.016,1.037e-15,prime,1
3513,1,z:ilp,nat-oop,31431,26869,6.582,0.855,1.028e-15,prime,0
3513,1,z:ilp,nat-oop,23237,26771,8.904,1.152,1.028e-15,prime,1
3514,1,z:ilp,nat-oop,24612,37959,8.409,1.542,1.398e-15,prime,0
3514,1,z:ilp,nat-oop,27505,27607,7.524,1.004,1.398e-15,prime,1
3515,1,z:ilp,nat-oop,23385,26295,8.853,1.124,2.744e-15,chain3,0
3515,1,z:ilp,nat-oop,19952,26371,10.376,1.322,2.744e-15,chain3,1
3516,1,z:ilp,nat-oop,22766,26650,9.096,1.171,9.603e-16,prime,0
3516,1,z:ilp,nat-oop,22850,26580,9.063,1.163,9.603e-16,prime,1
3517,1,z:ilp,nat-oop,23854,26787,8.684,1.123,9.850e-16,prime,0
3517,1,z:ilp,nat-oop,24151,26762,8.577,1.108,9.850e-16,prime,1
3518,1,z:ilp,nat-oop,23759,26784,8.722,1.127,7.623e-16,prime,0
3518,1,z:ilp,nat-oop,23251,26787,8.912,1.152,7.623e-16,prime,1
3519,1,z:ilp,nat-oop,9102,18140,22.774,1.993,1.806e-15,flat,0
3519,1,z:ilp,nat-oop,9014,18147,22.997,2.013,1.806e-15,flat,1
3520,1,z:ilp,nat-oop,4292,5691,48.306,1.326,8.139e-16,chain3,0
3520,1,z:ilp,nat-oop,4267,5693,48.595,1.334,8.139e-16,chain3,1
3521,1,z:ilp,nat-oop,23349,26823,8.884,1.149,9.576e-16,prime,0
3521,1,z:ilp,nat-oop,23245,26782,8.923,1.152,9.576e-16,prime,1
3522,1,z:ilp,nat-oop,22847,26878,9.081,1.176,8.125e-16,prime,0
3522,1,z:ilp,nat-oop,22928,26721,9.049,1.165,8.125e-16,prime,1
3523,1,z:ilp,nat-oop,23398,26530,8.870,1.134,9.625e-16,prime,0
3523,1,z:ilp,nat-oop,24162,26535,8.590,1.098,9.625e-16,prime,1
3524,1,z:ilp,nat-oop,24299,29084,8.544,1.197,1.114e-15,prime,0
3524,1,z:ilp,nat-oop,24041,26770,8.636,1.114,1.114e-15,prime,1
3525,1,z:ilp,nat-oop,15049,27410,13.800,1.821,2.346e-15,flat,0
3525,1,z:ilp,nat-oop,19595,27335,10.599,1.395,2.346e-15,flat,1
3526,1,z:ilp,nat-oop,22126,31553,9.390,1.426,3.464e-15,flat,0
3526,1,z:ilp,nat-oop,30506,32789,6.810,1.075,3.464e-15,flat,1
3527,1,z:ilp,nat-oop,25868,47318,8.034,1.829,9.865e-16,prime,0
3527,1,z:ilp,nat-oop,23734,26880,8.756,1.133,9.865e-16,prime,1
3528,1,z:ilp,nat-oop,5490,6419,37.866,1.169,7.197e-16,chain3,0
3528,1,z:ilp,nat-oop,5566,6416,37.345,1.153,7.197e-16,chain3,1
3529,1,z:ilp,nat-oop,23219,26978,8.956,1.162,8.902e-16,prime,0
3529,1,z:ilp,nat-oop,22814,26664,9.115,1.169,8.902e-16,prime,1
3530,1,z:ilp,nat-oop,23243,27066,8.950,1.164,1.055e-15,prime,0
3530,1,z:ilp,nat-oop,23256,26686,8.944,1.147,1.055e-15,prime,1
3531,1,z:ilp,nat-oop,23721,26681,8.772,1.125,8.355e-16,prime,0
3531,1,z:ilp,nat-oop,23816,26760,8.737,1.124,8.355e-16,prime,1
3532,1,z:ilp,nat-oop,22779,26618,9.138,1.169,1.012e-15,prime,0
3532,1,z:ilp,nat-oop,23414,26601,8.890,1.136,1.012e-15,prime,1
3533,1,z:ilp,nat-oop,24188,26693,8.608,1.104,1.068e-15,prime,0
3533,1,z:ilp,nat-oop,24139,26690,8.625,1.106,1.068e-15,prime,1
3534,1,z:ilp,nat-oop,11929,18181,17.460,1.524,1.938e-15,chain3,0
3534,1,z:ilp,nat-oop,11980,18426,17.385,1.538,1.938e-15,chain3,1
3535,1,z:ilp,nat-oop,22847,26673,9.119,1.167,1.057e-15,prime,0
3535,1,z:ilp,nat-oop,23788,26610,8.759,1.119,1.057e-15,prime,1
3536,1,z:ilp,nat-oop,7165,9833,29.087,1.372,1.221e-15,flat,0
3536,1,z:ilp,nat-oop,7507,9823,27.762,1.309,1.221e-15,flat,1
3537,1,z:ilp,nat-oop,23763,26692,8.773,1.123,1.135e-15,prime,0
3537,1,z:ilp,nat-oop,23632,26733,8.822,1.131,1.135e-15,prime,1
3538,1,z:ilp,nat-oop,23420,36570,8.904,1.561,8.235e-16,prime,0
3538,1,z:ilp,nat-oop,23406,36584,8.910,1.563,8.235e-16,prime,1
3539,1,z:ilp,nat-oop,23199,26781,8.992,1.154,9.592e-16,prime,0
3539,1,z:ilp,nat-oop,24247,26605,8.604,1.097,9.592e-16,prime,1
3540,1,z:ilp,nat-oop,22876,27699,9.122,1.211,1.042e-15,prime,0
3540,1,z:ilp,nat-oop,22817,27714,9.145,1.215,1.042e-15,prime,1
3541,1,z:ilp,nat-oop,22894,26738,9.118,1.168,9.589e-16,prime,0
3541,1,z:ilp,nat-oop,23722,27095,8.800,1.142,9.589e-16,prime,1
3542,1,z:ilp,nat-oop,10573,13057,19.749,1.235,1.528e-15,flat,0
3542,1,z:ilp,nat-oop,10845,13060,19.253,1.204,1.528e-15,flat,1
3543,1,z:ilp,nat-oop,23334,26615,8.951,1.141,1.021e-15,prime,0
3543,1,z:ilp,nat-oop,23246,26701,8.985,1.149,1.021e-15,prime,1
3544,1,z:ilp,nat-oop,22801,26667,9.164,1.170,1.125e-15,prime,0
3544,1,z:ilp,nat-oop,22806,26584,9.162,1.166,1.125e-15,prime,1
3545,1,z:ilp,nat-oop,23549,26823,8.875,1.139,9.567e-16,prime,0
3545,1,z:ilp,nat-oop,23545,26813,8.877,1.139,9.567e-16,prime,1
3546,1,z:ilp,nat-oop,23287,26747,8.978,1.149,9.501e-16,prime,0
3546,1,z:ilp,nat-oop,23606,26670,8.857,1.130,9.501e-16,prime,1
3547,1,z:ilp,nat-oop,23187,26547,9.020,1.145,9.379e-16,prime,0
3547,1,z:ilp,nat-oop,23151,26733,9.034,1.155,9.379e-16,prime,1
3548,1,z:ilp,nat-oop,22788,26852,9.181,1.178,7.698e-16,prime,0
3548,1,z:ilp,nat-oop,23364,26632,8.954,1.140,7.698e-16,prime,1
3549,1,z:ilp,nat-oop,5994,7340,34.916,1.225,1.240e-15,chain3,0
3549,1,z:ilp,nat-oop,7289,7377,28.710,1.012,1.240e-15,chain3,1
3550,1,z:ilp,nat-oop,23671,34302,8.844,1.449,8.435e-16,prime,0
3550,1,z:ilp,nat-oop,23695,34294,8.835,1.447,8.435e-16,prime,1
3551,1,z:ilp,nat-oop,23496,68753,8.912,2.926,9.584e-16,prime,0
3551,1,z:ilp,nat-oop,23572,68754,8.883,2.917,9.584e-16,prime,1
3552,1,z:ilp,nat-oop,10299,16854,20.340,1.636,2.454e-15,flat,0
3552,1,z:ilp,nat-oop,14916,16839,14.043,1.129,2.454e-15,flat,1
3553,1,z:ilp,nat-oop,8389,15969,24.979,1.904,1.454e-15,chain3,0
3553,1,z:ilp,nat-oop,8847,15983,23.685,1.807,1.454e-15,chain3,1
3554,1,z:ilp,nat-oop,22828,26950,9.182,1.181,1.074e-15,prime,0
3554,1,z:ilp,nat-oop,23434,26919,8.944,1.149,1.074e-15,prime,1
3555,1,z:ilp,nat-oop,23789,51672,8.814,2.172,8.339e-16,prime,0
3555,1,z:ilp,nat-oop,23775,51777,8.819,2.178,8.339e-16,prime,1
3556,1,z:ilp,nat-oop,29443,66602,7.123,2.262,7.367e-16,prime,0
3556,1,z:ilp,nat-oop,23848,66525,8.795,2.790,7.367e-16,prime,1
3557,1,z:ilp,nat-oop,22881,26981,9.169,1.179,8.943e-16,prime,0
3557,1,z:ilp,nat-oop,22807,26723,9.199,1.172,8.943e-16,prime,1
3558,1,z:ilp,nat-oop,22837,26986,9.190,1.182,9.704e-16,prime,0
3558,1,z:ilp,nat-oop,22898,26764,9.165,1.169,9.704e-16,prime,1
3559,1,z:ilp,nat-oop,23282,26726,9.017,1.148,8.142e-16,prime,0
3559,1,z:ilp,nat-oop,23335,26631,8.996,1.141,8.142e-16,prime,1
3560,1,z:ilp,nat-oop,23377,45601,8.983,1.951,8.623e-16,prime,0
3560,1,z:ilp,nat-oop,34520,45576,6.083,1.320,8.623e-16,prime,1
3561,1,z:ilp,nat-oop,34808,26843,6.035,0.771,8.816e-16,prime,0
3561,1,z:ilp,nat-oop,23314,27019,9.010,1.159,8.816e-16,prime,1
3562,1,z:ilp,nat-oop,22904,74926,9.174,3.271,9.343e-16,prime,0
3562,1,z:ilp,nat-oop,23404,74881,8.978,3.200,9.343e-16,prime,1
3563,1,z:ilp,nat-oop,23813,26642,8.827,1.119,9.620e-16,prime,0
3563,1,z:ilp,nat-oop,23804,26741,8.830,1.123,9.620e-16,prime,1
3564,1,z:ilp,nat-oop,5349,6810,39.306,1.273,9.378e-16,chain3,0
3564,1,z:ilp,nat-oop,5764,6788,36.481,1.178,9.378e-16,chain3,1
3565,1,z:ilp,nat-oop,12253,24526,17.166,2.002,2.500e-15,flat,0
3565,1,z:ilp,nat-oop,12467,24495,16.871,1.965,2.500e-15,flat,1
3566,1,z:ilp,nat-oop,22871,26670,9.199,1.166,9.011e-16,prime,0
3566,1,z:ilp,nat-oop,22804,26853,9.226,1.178,9.011e-16,prime,1
3567,1,z:ilp,nat-oop,20943,34434,10.049,1.644,2.672e-15,flat,0
3567,1,z:ilp,nat-oop,20776,34406,10.130,1.656,2.672e-15,flat,1
3568,1,z:ilp,nat-oop,23795,27080,8.848,1.138,8.077e-16,prime,0
3568,1,z:ilp,nat-oop,23775,26846,8.855,1.129,8.077e-16,prime,1
3569,1,z:ilp,nat-oop,25431,75001,8.281,2.949,9.675e-16,prime,0
3569,1,z:ilp,nat-oop,23715,75012,8.880,3.163,9.675e-16,prime,1
3570,1,z:ilp,nat-oop,8835,10187,23.844,1.153,1.150e-15,chain3,0
3570,1,z:ilp,nat-oop,6443,10148,32.694,1.575,1.150e-15,chain3,1
3571,1,z:ilp,nat-oop,23404,26533,9.004,1.134,9.712e-16,prime,0
3571,1,z:ilp,nat-oop,23409,26534,9.002,1.133,9.712e-16,prime,1
3572,1,z:ilp,nat-oop,22831,25864,9.233,1.133,2.641e-15,chain3,0
3572,1,z:ilp,nat-oop,16379,25873,12.870,1.580,2.641e-15,chain3,1
3573,1,z:ilp,nat-oop,23253,26688,9.068,1.148,8.816e-16,prime,0
3573,1,z:ilp,nat-oop,22835,26720,9.234,1.170,8.816e-16,prime,1
3574,1,z:ilp,nat-oop,23428,26955,9.003,1.151,9.059e-16,prime,0
3574,1,z:ilp,nat-oop,23682,26682,8.907,1.127,9.059e-16,prime,1
3575,1,z:ilp,nat-oop,7348,7205,28.714,0.981,1.222e-15,chain3,0
3575,1,z:ilp,nat-oop,6658,7218,31.688,1.084,1.222e-15,chain3,1
3576,1,z:ilp,nat-oop,23395,80545,9.021,3.443,7.551e-16,prime,0
3576,1,z:ilp,nat-oop,22847,80529,9.238,3.525,7.551e-16,prime,1
3577,1,z:ilp,nat-oop,23300,47111,9.061,2.022,1.052e-15,prime,0
3577,1,z:ilp,nat-oop,23248,47099,9.081,2.026,1.052e-15,prime,1
3578,1,z:ilp,nat-oop,22859,26885,9.239,1.176,7.961e-16,prime,0
3578,1,z:ilp,nat-oop,23441,26859,9.009,1.146,7.961e-16,prime,1
3579,1,z:ilp,nat-oop,23826,26753,8.867,1.123,1.064e-15,prime,0
3579,1,z:ilp,nat-oop,23276,26760,9.076,1.150,1.064e-15,prime,1
3580,1,z:ilp,nat-oop,23443,26559,9.014,1.133,7.122e-16,prime,0
3580,1,z:ilp,nat-oop,23481,26595,9.000,1.133,7.122e-16,prime,1
3581,1,z:ilp,nat-oop,23837,26830,8.868,1.126,1.046e-15,prime,0
3581,1,z:ilp,nat-oop,32609,26721,6.483,0.819,1.046e-15,prime,1
3582,1,z:ilp,nat-oop,23797,26746,8.886,1.124,8.867e-16,prime,0
3582,1,z:ilp,nat-oop,23792,26822,8.888,1.127,8.867e-16,prime,1
3583,1,z:ilp,nat-oop,23699,26585,8.925,1.122,7.551e-16,prime,0
3583,1,z:ilp,nat-oop,23813,26814,8.883,1.126,7.551e-16,prime,1
3584,1,z:ilp,nat-oop,3521,6191,60.090,1.758,4.233e-16,ztt,0
3584,1,z:ilp,nat-oop,3541,6233,59.755,1.760,4.233e-16,ztt,1
3585,1,z:ilp,nat-oop,23799,26945,8.893,1.132,7.510e-16,prime,0
3585,1,z:ilp,nat-oop,23299,26765,9.084,1.149,7.510e-16,prime,1
3586,1,z:ilp,nat-oop,23402,26801,9.047,1.145,9.795e-16,prime,0
3586,1,z:ilp,nat-oop,23442,26936,9.032,1.149,9.795e-16,prime,1
3587,1,z:ilp,nat-oop,23316,26702,9.083,1.145,8.461e-16,prime,0
3587,1,z:ilp,nat-oop,23413,26820,9.046,1.146,8.461e-16,prime,1
3588,1,z:ilp,nat-oop,7590,12978,27.913,1.710,1.477e-15,chain3,0
3588,1,z:ilp,nat-oop,7388,12962,28.677,1.755,1.477e-15,chain3,1
3589,1,z:ilp,nat-oop,23293,26967,9.098,1.158,9.202e-16,prime,0
3589,1,z:ilp,nat-oop,23820,26889,8.897,1.129,9.202e-16,prime,1
3590,1,z:ilp,nat-oop,34236,26886,6.192,0.785,7.674e-16,prime,0
3590,1,z:ilp,nat-oop,23251,26949,9.117,1.159,7.674e-16,prime,1
3591,1,z:ilp,nat-oop,10691,11987,19.835,1.121,1.334e-15,chain3,0
3591,1,z:ilp,nat-oop,10283,11995,20.622,1.167,1.334e-15,chain3,1
3592,1,z:ilp,nat-oop,22898,26749,9.264,1.168,7.429e-16,prime,0
3592,1,z:ilp,nat-oop,23438,26811,9.050,1.144,7.429e-16,prime,1
3593,1,z:ilp,nat-oop,23418,27056,9.061,1.155,8.099e-16,prime,0
3593,1,z:ilp,nat-oop,23801,26866,8.915,1.129,8.099e-16,prime,1
3594,1,z:ilp,nat-oop,23847,26746,8.900,1.122,9.810e-16,prime,0
3594,1,z:ilp,nat-oop,23826,26699,8.908,1.121,9.810e-16,prime,1
3595,1,z:ilp,nat-oop,24194,26590,8.775,1.099,8.633e-16,prime,0
3595,1,z:ilp,nat-oop,24077,26699,8.818,1.109,8.633e-16,prime,1
3596,1,z:ilp,nat-oop,18192,22201,11.675,1.220,2.076e-15,chain3,0
3596,1,z:ilp,nat-oop,12302,22180,17.264,1.803,2.076e-15,chain3,1
3597,1,z:ilp,nat-oop,23141,26816,9.181,1.159,1.101e-15,prime,0
3597,1,z:ilp,nat-oop,32260,26975,6.585,0.836,1.101e-15,prime,1
3598,1,z:ilp,nat-oop,23608,26822,9.002,1.136,9.769e-16,prime,0
3598,1,z:ilp,nat-oop,23632,26810,8.993,1.134,9.769e-16,prime,1
3599,1,z:ilp,nat-oop,23516,69469,9.040,2.954,1.188e-15,prime,0
3599,1,z:ilp,nat-oop,23872,69585,8.905,2.915,1.188e-15,prime,1
3600,1,z:ilp,nat-oop,4351,6295,48.876,1.447,5.641e-16,ztt,0
3600,1,z:ilp,nat-oop,4363,6290,48.738,1.442,5.641e-16,ztt,1
3601,1,z:ilp,nat-oop,24195,27033,8.792,1.117,8.566e-16,prime,0
3601,1,z:ilp,nat-oop,23225,26994,9.159,1.162,8.566e-16,prime,1
3602,1,z:ilp,nat-oop,22847,26736,9.313,1.170,9.223e-16,prime,0
3602,1,z:ilp,nat-oop,23430,26938,9.082,1.150,9.223e-16,prime,1
3603,1,z:ilp,nat-oop,22924,26612,9.285,1.161,8.041e-16,prime,0
3603,1,z:ilp,nat-oop,23303,26650,9.134,1.144,8.041e-16,prime,1
3604,1,z:ilp,nat-oop,23800,28796,8.946,1.210,9.029e-16,prime,0
3604,1,z:ilp,nat-oop,23874,28819,8.918,1.207,9.029e-16,prime,1
3605,1,z:ilp,nat-oop,23538,27002,9.048,1.147,8.972e-16,prime,0
3605,1,z:ilp,nat-oop,23517,26828,9.056,1.141,8.972e-16,prime,1
3606,1,z:ilp,nat-oop,24115,26819,8.834,1.112,7.525e-16,prime,0
3606,1,z:ilp,nat-oop,24067,26787,8.852,1.113,7.525e-16,prime,1
3607,1,z:ilp,nat-oop,29098,26690,7.324,0.917,8.278e-16,prime,0
3607,1,z:ilp,nat-oop,23457,26783,9.085,1.142,8.278e-16,prime,1
3608,1,z:ilp,nat-oop,17177,19013,12.410,1.107,2.037e-15,chain3,0
3608,1,z:ilp,nat-oop,15796,18951,13.495,1.200,2.037e-15,chain3,1
3609,1,z:ilp,nat-oop,26006,26862,8.200,1.033,9.321e-16,prime,0
3609,1,z:ilp,nat-oop,23456,26897,9.091,1.147,9.321e-16,prime,1
3610,1,z:ilp,nat-oop,8056,17264,26.478,2.143,1.627e-15,chain3,0
3610,1,z:ilp,nat-oop,8165,15280,26.124,1.871,1.627e-15,chain3,1
3611,1,z:ilp,nat-oop,25099,26741,8.502,1.065,9.343e-16,prime,0
3611,1,z:ilp,nat-oop,22758,26666,9.376,1.172,9.343e-16,prime,1
3612,1,z:ilp,nat-oop,17311,20030,12.330,1.157,2.593e-15,flat,0
3612,1,z:ilp,nat-oop,16911,19957,12.622,1.180,2.593e-15,flat,1
3613,1,z:ilp,nat-oop,23679,27242,9.017,1.151,1.163e-15,prime,0
3613,1,z:ilp,nat-oop,23254,27155,9.182,1.168,1.163e-15,prime,1
3614,1,z:ilp,nat-oop,23153,75732,9.225,3.271,8.959e-16,prime,0
3614,1,z:ilp,nat-oop,32207,75779,6.631,2.353,8.959e-16,prime,1
3615,1,z:ilp,nat-oop,35132,27042,6.081,0.770,8.217e-16,prime,0
3615,1,z:ilp,nat-oop,23253,26778,9.188,1.152,8.217e-16,prime,1
3616,1,z:ilp,nat-oop,23431,61122,9.121,2.609,1.281e-15,prime,0
3616,1,z:ilp,nat-oop,23370,61167,9.145,2.617,1.281e-15,prime,1
3617,1,z:ilp,nat-oop,24525,27131,8.717,1.106,7.211e-16,prime,0
3617,1,z:ilp,nat-oop,23282,26981,9.182,1.159,7.211e-16,prime,1
3618,1,z:ilp,nat-oop,23277,32758,9.187,1.407,8.234e-16,prime,0
3618,1,z:ilp,nat-oop,23255,32740,9.196,1.408,8.234e-16,prime,1
3619,1,z:ilp,nat-oop,21929,27753,9.755,1.266,2.033e-15,chain3,0
3619,1,z:ilp,nat-oop,21688,27762,9.863,1.280,2.033e-15,chain3,1
3620,1,z:ilp,nat-oop,22863,26655,9.359,1.166,8.553e-16,prime,0
3620,1,z:ilp,nat-oop,22871,26824,9.356,1.173,8.553e-16,prime,1
3621,1,z:ilp,nat-oop,26033,51743,8.222,1.988,7.548e-16,prime,0
3621,1,z:ilp,nat-oop,23804,50845,8.992,2.136,7.548e-16,prime,1
3622,1,z:ilp,nat-oop,22925,27192,9.340,1.186,1.012e-15,prime,0
3622,1,z:ilp,nat-oop,23441,30464,9.134,1.300,1.012e-15,prime,1
3623,1,z:ilp,nat-oop,24382,39525,8.784,1.621,8.991e-16,prime,0
3623,1,z:ilp,nat-oop,23334,26654,9.179,1.142,8.991e-16,prime,1
3624,1,z:ilp,nat-oop,22945,26706,9.337,1.164,1.168e-15,prime,0
3624,1,z:ilp,nat-oop,23013,27091,9.309,1.177,1.168e-15,prime,1
3625,1,z:ilp,nat-oop,10432,16794,20.543,1.610,1.518e-15,chain3,0
3625,1,z:ilp,nat-oop,10576,16803,20.263,1.589,1.518e-15,chain3,1
3626,1,z:ilp,nat-oop,11921,17973,17.982,1.508,2.517e-15,flat,0
3626,1,z:ilp,nat-oop,16805,18019,12.756,1.072,2.517e-15,flat,1
3627,1,z:ilp,nat-oop,13686,17900,15.668,1.308,1.600e-15,flat,0
3627,1,z:ilp,nat-oop,10954,17857,19.576,1.630,1.600e-15,flat,1
3628,1,z:ilp,nat-oop,24957,26827,8.595,1.075,8.600e-16,prime,0
3628,1,z:ilp,nat-oop,23527,26697,9.117,1.135,8.600e-16,prime,1
3629,1,z:ilp,nat-oop,26366,33462,8.138,1.269,9.662e-16,prime,0
3629,1,z:ilp,nat-oop,22849,27037,9.391,1.183,9.662e-16,prime,1
3630,1,z:ilp,nat-oop,8681,6975,24.724,0.803,9.776e-16,flat,0
3630,1,z:ilp,nat-oop,8179,6953,26.243,0.850,9.776e-16,flat,1
3631,1,z:ilp,nat-oop,23965,26852,8.959,1.120,1.026e-15,prime,0
3631,1,z:ilp,nat-oop,23265,26799,9.229,1.152,1.026e-15,prime,1
3632,1,z:ilp,nat-oop,23535,26744,9.126,1.136,8.769e-16,prime,0
3632,1,z:ilp,nat-oop,24071,44101,8.922,1.832,8.769e-16,prime,1
3633,1,z:ilp,nat-oop,23397,26941,9.182,1.151,9.695e-16,prime,0
3633,1,z:ilp,nat-oop,23727,35687,9.055,1.504,9.695e-16,prime,1
3634,1,z:ilp,nat-oop,23509,45208,9.141,1.923,9.870e-16,prime,0
3634,1,z:ilp,nat-oop,34461,45225,6.236,1.312,9.870e-16,prime,1
3635,1,z:ilp,nat-oop,23838,26817,9.018,1.125,9.571e-16,prime,0
3635,1,z:ilp,nat-oop,24240,26687,8.868,1.101,9.571e-16,prime,1
3636,1,z:ilp,nat-oop,22945,54945,9.372,2.395,8.070e-16,prime,0
3636,1,z:ilp,nat-oop,33601,54928,6.400,1.635,8.070e-16,prime,1
3637,1,z:ilp,nat-oop,23448,26978,9.174,1.151,9.268e-16,prime,0
3637,1,z:ilp,nat-oop,23519,26857,9.146,1.142,9.268e-16,prime,1
3638,1,z:ilp,nat-oop,22892,60489,9.399,2.642,9.647e-16,prime,0
3638,1,z:ilp,nat-oop,24508,62452,8.780,2.548,9.647e-16,prime,1
3639,1,z:ilp,nat-oop,23945,26721,8.989,1.116,8.154e-16,prime,0
3639,1,z:ilp,nat-oop,23859,26773,9.021,1.122,8.154e-16,prime,1
3640,1,z:ilp,nat-oop,5984,6514,35.979,1.089,8.658e-16,flat,0
3640,1,z:ilp,nat-oop,6106,6502,35.262,1.065,8.658e-16,flat,1
3641,1,z:ilp,nat-oop,23891,26886,9.015,1.125,1.322e-15,prime,0
3641,1,z:ilp,nat-oop,23453,27449,9.183,1.170,1.322e-15,prime,1
3642,1,z:ilp,nat-oop,23465,28828,9.181,1.229,9.254e-16,prime,0
3642,1,z:ilp,nat-oop,22902,26856,9.407,1.173,9.254e-16,prime,1
3643,1,z:ilp,nat-oop,23780,26605,9.062,1.119,8.855e-16,prime,0
3643,1,z:ilp,nat-oop,22964,26667,9.384,1.161,8.855e-16,prime,1
3644,1,z:ilp,nat-oop,23405,26854,9.210,1.147,1.362e-15,prime,0
3644,1,z:ilp,nat-oop,22911,27469,9.409,1.199,1.362e-15,prime,1
3645,1,z:ilp,nat-oop,7346,7755,29.355,1.056,7.993e-16,chain3,0
3645,1,z:ilp,nat-oop,7248,7754,29.750,1.070,7.993e-16,chain3,1
3646,1,z:ilp,nat-oop,22939,26921,9.403,1.174,9.605e-16,prime,0
3646,1,z:ilp,nat-oop,23034,27038,9.364,1.174,9.605e-16,prime,1
3647,1,z:ilp,nat-oop,29916,26941,7.212,0.901,1.086e-15,prime,0
3647,1,z:ilp,nat-oop,23819,26780,9.059,1.124,1.086e-15,prime,1
3648,1,z:ilp,nat-oop,6682,10484,32.301,1.569,1.671e-15,chain3,0
3648,1,z:ilp,nat-oop,6353,10470,33.976,1.648,1.671e-15,chain3,1
3649,1,z:ilp,nat-oop,23961,82825,9.010,3.457,8.449e-16,prime,0
3649,1,z:ilp,nat-oop,23748,82880,9.091,3.490,8.449e-16,prime,1
3650,1,z:ilp,nat-oop,22887,36669,9.436,1.602,7.829e-16,prime,0
3650,1,z:ilp,nat-oop,22985,36674,9.396,1.596,7.829e-16,prime,1
3651,1,z:ilp,nat-oop,24247,27027,8.910,1.115,9.417e-16,prime,0
3651,1,z:ilp,nat-oop,23520,27032,9.185,1.149,9.417e-16,prime,1
3652,1,z:ilp,nat-oop,23528,42071,9.185,1.788,8.112e-16,prime,0
3652,1,z:ilp,nat-oop,23477,42174,9.205,1.796,8.112e-16,prime,1
3653,1,z:ilp,nat-oop,23780,26779,9.090,1.126,8.753e-16,prime,0
3653,1,z:ilp,nat-oop,23988,26768,9.011,1.116,8.753e-16,prime,1
3654,1,z:ilp,nat-oop,13781,14588,15.690,1.059,1.796e-15,flat,0
3654,1,z:ilp,nat-oop,11218,14594,19.275,1.301,1.796e-15,flat,1
3655,1,z:ilp,nat-oop,21013,30502,10.294,1.452,2.231e-15,chain3,0
3655,1,z:ilp,nat-oop,16041,30543,13.484,1.904,2.231e-15,chain3,1
3656,1,z:ilp,nat-oop,23842,27152,9.075,1.139,1.313e-15,prime,0
3656,1,z:ilp,nat-oop,23839,26786,9.076,1.124,1.313e-15,prime,1
3657,1,z:ilp,nat-oop,23461,41253,9.225,1.758,9.231e-16,prime,0
3657,1,z:ilp,nat-oop,23434,40740,9.236,1.738,9.231e-16,prime,1
3658,1,z:ilp,nat-oop,22873,37360,9.465,1.633,9.144e-16,prime,0
3658,1,z:ilp,nat-oop,29195,37017,7.415,1.268,9.144e-16,prime,1
3659,1,z:ilp,nat-oop,24215,27214,8.943,1.124,1.140e-15,prime,0
3659,1,z:ilp,nat-oop,24364,26598,8.889,1.092,1.140e-15,prime,1
3660,1,z:ilp,nat-oop,24366,30511,8.891,1.252,8.098e-16,prime,0
3660,1,z:ilp,nat-oop,23892,30038,9.067,1.257,8.098e-16,prime,1
3661,1,z:ilp,nat-oop,23853,26807,9.085,1.124,1.142e-15,prime,0
3661,1,z:ilp,nat-oop,23869,27189,9.078,1.139,1.142e-15,prime,1
3662,1,z:ilp,nat-oop,32723,27265,6.624,0.833,9.327e-16,prime,0
3662,1,z:ilp,nat-oop,22915,26996,9.459,1.178,9.327e-16,prime,1
3663,1,z:ilp,nat-oop,15202,21850,14.263,1.437,2.461e-15,flat,0
3663,1,z:ilp,nat-oop,21063,21821,10.294,1.036,2.461e-15,flat,1
3664,1,z:ilp,nat-oop,23819,26855,9.106,1.127,9.665e-16,prime,0
3664,1,z:ilp,nat-oop,23913,26848,9.070,1.123,9.665e-16,prime,1
3665,1,z:ilp,nat-oop,23298,26819,9.312,1.151,8.854e-16,prime,0
3665,1,z:ilp,nat-oop,24097,27166,9.004,1.127,8.854e-16,prime,1
3666,1,z:ilp,nat-oop,22929,22948,9.465,1.001,2.331e-15,chain3,0
3666,1,z:ilp,nat-oop,22197,22773,9.777,1.026,2.331e-15,chain3,1
3667,1,z:ilp,nat-oop,23604,26711,9.197,1.132,9.666e-16,prime,0
3667,1,z:ilp,nat-oop,23945,26803,9.066,1.119,9.666e-16,prime,1
3668,1,z:ilp,nat-oop,23890,71153,9.090,2.978,9.996e-16,prime,0
3668,1,z:ilp,nat-oop,23959,71073,9.064,2.966,9.996e-16,prime,1
3669,1,z:ilp,nat-oop,23632,27242,9.192,1.153,8.464e-16,prime,0
3669,1,z:ilp,nat-oop,25091,26927,8.657,1.073,8.464e-16,prime,1
3670,1,z:ilp,nat-oop,23509,27231,9.243,1.158,1.242e-15,prime,0
3670,1,z:ilp,nat-oop,23548,26854,9.228,1.140,1.242e-15,prime,1
3671,1,z:ilp,nat-oop,23801,26912,9.132,1.131,8.280e-16,prime,0
3671,1,z:ilp,nat-oop,23836,26635,9.119,1.117,8.280e-16,prime,1
3672,1,z:ilp,nat-oop,6933,10615,31.361,1.531,1.593e-15,chain3,0
3672,1,z:ilp,nat-oop,6645,10644,32.721,1.602,1.593e-15,chain3,1
3673,1,z:ilp,nat-oop,23213,27052,9.370,1.165,7.316e-16,prime,0
3673,1,z:ilp,nat-oop,23111,27100,9.411,1.173,7.316e-16,prime,1
3674,1,z:ilp,nat-oop,23254,27067,9.356,1.164,8.366e-16,prime,0
3674,1,z:ilp,nat-oop,23252,26871,9.357,1.156,8.366e-16,prime,1
3675,1,z:ilp,nat-oop,7453,7115,29.198,0.955,6.266e-16,chain3,0
3675,1,z:ilp,nat-oop,7199,7164,30.229,0.995,6.266e-16,chain3,1
3676,1,z:ilp,nat-oop,23786,26625,9.152,1.119,9.064e-16,prime,0
3676,1,z:ilp,nat-oop,23783,26693,9.153,1.122,9.064e-16,prime,1
3677,1,z:ilp,nat-oop,22960,27223,9.484,1.186,9.778e-16,prime,0
3677,1,z:ilp,nat-oop,23305,26876,9.344,1.153,9.778e-16,prime,1
3678,1,z:ilp,nat-oop,23297,27175,9.350,1.166,8.036e-16,prime,0
3678,1,z:ilp,nat-oop,24114,26863,9.033,1.114,8.036e-16,prime,1
3679,1,z:ilp,nat-oop,23868,26589,9.129,1.114,9.698e-16,prime,0
3679,1,z:ilp,nat-oop,23749,26755,9.175,1.127,9.698e-16,prime,1
3680,1,z:ilp,nat-oop,7749,12393,28.126,1.599,1.570e-15,flat,0
3680,1,z:ilp,nat-oop,6992,12375,31.172,1.770,1.570e-15,flat,1
3681,1,z:ilp,nat-oop,23351,26859,9.337,1.150,8.908e-16,prime,0
3681,1,z:ilp,nat-oop,23349,26861,9.338,1.150,8.908e-16,prime,1
3682,1,z:ilp,nat-oop,23494,26868,9.283,1.144,9.376e-16,prime,0
3682,1,z:ilp,nat-oop,23554,27126,9.259,1.152,9.376e-16,prime,1
3683,1,z:ilp,nat-oop,23931,26868,9.116,1.123,9.319e-16,prime,0
3683,1,z:ilp,nat-oop,23686,26800,9.210,1.131,9.319e-16,prime,1
3684,1,z:ilp,nat-oop,23313,26813,9.361,1.150,9.960e-16,prime,0
3684,1,z:ilp,nat-oop,23404,26927,9.324,1.151,9.960e-16,prime,1
3685,1,z:ilp,nat-oop,23489,43656,9.293,1.859,9.083e-16,prime,0
3685,1,z:ilp,nat-oop,22851,43637,9.553,1.910,9.083e-16,prime,1
3686,1,z:ilp,nat-oop,22910,56287,9.531,2.457,9.981e-16,prime,0
3686,1,z:ilp,nat-oop,23506,56266,9.289,2.394,9.981e-16,prime,1
3687,1,z:ilp,nat-oop,23323,26989,9.365,1.157,1.122e-15,prime,0
3687,1,z:ilp,nat-oop,23456,26917,9.312,1.148,1.122e-15,prime,1
3688,1,z:ilp,nat-oop,22919,26736,9.533,1.167,7.888e-16,prime,0
3688,1,z:ilp,nat-oop,23459,26820,9.313,1.143,7.888e-16,prime,1
3689,1,z:ilp,nat-oop,15078,22594,14.495,1.498,2.272e-15,chain3,0
3689,1,z:ilp,nat-oop,16724,22639,13.069,1.354,2.272e-15,chain3,1
3690,1,z:ilp,nat-oop,13326,20173,16.406,1.514,2.687e-15,chain3,0
3690,1,z:ilp,nat-oop,13306,19300,16.431,1.450,2.687e-15,chain3,1
3691,1,z:ilp,nat-oop,23920,26809,9.142,1.121,7.132e-16,prime,0
3691,1,z:ilp,nat-oop,23915,27006,9.144,1.129,7.132e-16,prime,1
3692,1,z:ilp,nat-oop,23296,35800,9.390,1.537,7.554e-16,prime,0
3692,1,z:ilp,nat-oop,23286,35801,9.394,1.537,7.554e-16,prime,1
3693,1,z:ilp,nat-oop,23709,26967,9.229,1.137,8.544e-16,prime,0
3693,1,z:ilp,nat-oop,24272,26906,9.015,1.108,8.544e-16,prime,1
3694,1,z:ilp,nat-oop,23371,26894,9.366,1.151,9.355e-16,prime,0
3694,1,z:ilp,nat-oop,23966,26882,9.133,1.122,9.355e-16,prime,1
3695,1,z:ilp,nat-oop,23782,26851,9.207,1.129,1.033e-15,prime,0
3695,1,z:ilp,nat-oop,24359,26703,8.988,1.096,1.033e-15,prime,1
3696,1,z:ilp,nat-oop,5149,6144,42.536,1.193,9.005e-16,chain3,0
3696,1,z:ilp,nat-oop,5263,6150,41.618,1.169,9.005e-16,chain3,1
3697,1,z:ilp,nat-oop,23015,26942,9.519,1.171,1.046e-15,prime,0
3697,1,z:ilp,nat-oop,23503,26919,9.322,1.145,1.046e-15,prime,1
3698,1,z:ilp,nat-oop,22262,33861,9.844,1.521,3.394e-15,flat,0
3698,1,z:ilp,nat-oop,33112,33904,6.619,1.024,3.394e-15,flat,1
3699,1,z:ilp,nat-oop,23378,26673,9.377,1.141,9.114e-16,prime,0
3699,1,z:ilp,nat-oop,23440,26832,9.352,1.145,9.114e-16,prime,1
3700,1,z:ilp,nat-oop,16800,17479,13.053,1.040,2.596e-15,flat,0
3700,1,z:ilp,nat-oop,15046,17465,14.574,1.161,2.596e-15,flat,1
3701,1,z:ilp,nat-oop,23347,26896,9.395,1.152,8.580e-16,prime,0
3701,1,z:ilp,nat-oop,22930,26910,9.566,1.174,8.580e-16,prime,1
3702,1,z:ilp,nat-oop,22973,26851,9.551,1.169,1.103e-15,prime,0
3702,1,z:ilp,nat-oop,22958,27040,9.557,1.178,1.103e-15,prime,1
3703,1,z:ilp,nat-oop,16235,21437,13.519,1.320,2.024e-15,chain3,0
3703,1,z:ilp,nat-oop,16943,21381,12.954,1.262,2.024e-15,chain3,1
3704,1,z:ilp,nat-oop,23361,27173,9.398,1.163,8.007e-16,prime,0
3704,1,z:ilp,nat-oop,23301,26720,9.422,1.147,8.007e-16,prime,1
3705,1,z:ilp,nat-oop,8755,12390,25.085,1.415,1.374e-15,chain3,0
3705,1,z:ilp,nat-oop,7863,12354,27.931,1.571,1.374e-15,chain3,1
3706,1,z:ilp,nat-oop,23928,64063,9.181,2.677,7.721e-16,prime,0
3706,1,z:ilp,nat-oop,23412,64011,9.384,2.734,7.721e-16,prime,1
3707,1,z:ilp,nat-oop,23561,26877,9.327,1.141,9.654e-16,prime,0
3707,1,z:ilp,nat-oop,24068,27144,9.131,1.128,9.654e-16,prime,1
3708,1,z:ilp,nat-oop,23369,55809,9.406,2.388,7.885e-16,prime,0
3708,1,z:ilp,nat-oop,23910,55794,9.193,2.333,7.885e-16,prime,1
3709,1,z:ilp,nat-oop,33069,26921,6.649,0.814,8.081e-16,prime,0
3709,1,z:ilp,nat-oop,23568,27107,9.330,1.150,8.081e-16,prime,1
3710,1,z:ilp,nat-oop,23326,26805,9.430,1.149,8.474e-16,prime,0
3710,1,z:ilp,nat-oop,27920,26751,7.878,0.958,8.474e-16,prime,1
3711,1,z:ilp,nat-oop,23909,26914,9.202,1.126,8.424e-16,prime,0
3711,1,z:ilp,nat-oop,29344,27122,7.498,0.924,8.424e-16,prime,1
3712,1,z:ilp,nat-oop,9557,14605,23.028,1.528,2.258e-15,flat,0
3712,1,z:ilp,nat-oop,12258,14572,17.955,1.189,2.258e-15,flat,1
3713,1,z:ilp,nat-oop,23833,76887,9.237,3.226,9.188e-16,prime,0
3713,1,z:ilp,nat-oop,22939,76814,9.597,3.349,9.188e-16,prime,1
3714,1,z:ilp,nat-oop,25960,27197,8.483,1.048,9.483e-16,prime,0
3714,1,z:ilp,nat-oop,23929,26856,9.203,1.122,9.483e-16,prime,1
3715,1,z:ilp,nat-oop,24323,26759,9.057,1.100,9.952e-16,prime,0
3715,1,z:ilp,nat-oop,23373,26722,9.425,1.143,9.952e-16,prime,1
3716,1,z:ilp,nat-oop,23473,26796,9.387,1.142,1.254e-15,prime,0
3716,1,z:ilp,nat-oop,28178,26897,7.820,0.955,1.254e-15,prime,1
3717,1,z:ilp,nat-oop,24319,37995,9.063,1.562,9.862e-16,prime,0
3717,1,z:ilp,nat-oop,24348,37934,9.053,1.558,9.862e-16,prime,1
3718,1,z:ilp,nat-oop,9661,8291,22.821,0.858,1.308e-15,flat,0
3718,1,z:ilp,nat-oop,9719,8287,22.687,0.853,1.308e-15,flat,1
3719,1,z:ilp,nat-oop,34999,26753,6.302,0.764,1.103e-15,prime,0
3719,1,z:ilp,nat-oop,24299,26695,9.076,1.099,1.103e-15,prime,1
3720,1,z:ilp,nat-oop,11866,15264,18.593,1.286,2.013e-15,chain3,0
3720,1,z:ilp,nat-oop,8177,15273,26.981,1.868,2.013e-15,chain3,1
3721,1,z:ilp,nat-oop,23373,73729,9.442,3.154,9.576e-16,prime,0
3721,1,z:ilp,nat-oop,22959,73772,9.612,3.213,9.576e-16,prime,1
3722,1,z:ilp,nat-oop,23385,27076,9.440,1.158,1.050e-15,prime,0
3722,1,z:ilp,nat-oop,23606,26850,9.351,1.137,1.050e-15,prime,1
3723,1,z:ilp,nat-oop,23881,54236,9.246,2.271,8.395e-16,prime,0
3723,1,z:ilp,nat-oop,24291,54203,9.090,2.231,8.395e-16,prime,1
3724,1,z:ilp,nat-oop,7502,11445,29.441,1.525,1.206e-15,flat,0
3724,1,z:ilp,nat-oop,7067,11482,31.255,1.625,1.206e-15,flat,1
3725,1,z:ilp,nat-oop,23468,26890,9.415,1.146,1.028e-15,prime,0
3725,1,z:ilp,nat-oop,24942,26954,8.859,1.081,1.028e-15,prime,1
3726,1,z:ilp,nat-oop,9867,12838,22.399,1.301,1.777e-15,chain3,0
3726,1,z:ilp,nat-oop,9874,12840,22.383,1.300,1.777e-15,chain3,1
3727,1,z:ilp,nat-oop,23382,26766,9.455,1.145,1.080e-15,prime,0
3727,1,z:ilp,nat-oop,23853,26803,9.268,1.124,1.080e-15,prime,1
3728,1,z:ilp,nat-oop,23333,26856,9.478,1.151,1.011e-15,prime,0
3728,1,z:ilp,nat-oop,23381,27042,9.458,1.157,1.011e-15,prime,1
3729,1,z:ilp,nat-oop,23784,26844,9.301,1.129,8.138e-16,prime,0
3729,1,z:ilp,nat-oop,23630,26813,9.362,1.135,8.138e-16,prime,1
3730,1,z:ilp,nat-oop,23996,27165,9.222,1.132,8.545e-16,prime,0
3730,1,z:ilp,nat-oop,23925,26909,9.249,1.125,8.545e-16,prime,1
3731,1,z:ilp,nat-oop,20075,25093,11.026,1.250,2.055e-15,chain3,0
3731,1,z:ilp,nat-oop,22565,25132,9.809,1.114,2.055e-15,chain3,1
3732,1,z:ilp,nat-oop,23904,26963,9.263,1.128,9.397e-16,prime,0
3732,1,z:ilp,nat-oop,23872,26812,9.275,1.123,9.397e-16,prime,1
3733,1,z:ilp,nat-oop,23986,27120,9.234,1.131,1.162e-15,prime,0
3733,1,z:ilp,nat-oop,23935,27064,9.253,1.131,1.162e-15,prime,1
3734,1,z:ilp,nat-oop,23483,27001,9.434,1.150,8.157e-16,prime,0
3734,1,z:ilp,nat-oop,23161,26976,9.565,1.165,8.157e-16,prime,1
3735,1,z:ilp,nat-oop,32894,58613,6.737,1.782,1.007e-15,prime,0
3735,1,z:ilp,nat-oop,22979,58644,9.644,2.552,1.007e-15,prime,1
3736,1,z:ilp,nat-oop,23262,26742,9.530,1.150,9.680e-16,prime,0
3736,1,z:ilp,nat-oop,23347,26823,9.495,1.149,9.680e-16,prime,1
3737,1,z:ilp,nat-oop,23621,26849,9.388,1.137,9.244e-16,prime,0
3737,1,z:ilp,nat-oop,24010,26867,9.235,1.119,9.244e-16,prime,1
3738,1,z:ilp,nat-oop,23325,48025,9.510,2.059,1.067e-15,prime,0
3738,1,z:ilp,nat-oop,23364,47862,9.494,2.049,1.067e-15,prime,1
3739,1,z:ilp,nat-oop,27393,26990,8.100,0.985,9.238e-16,prime,0
3739,1,z:ilp,nat-oop,23836,28934,9.309,1.214,9.238e-16,prime,1
3740,1,z:ilp,nat-oop,7647,10966,29.025,1.434,1.196e-15,flat,0
3740,1,z:ilp,nat-oop,7390,11028,30.035,1.492,1.196e-15,flat,1
3741,1,z:ilp,nat-oop,28580,37319,7.768,1.306,3.752e-15,flat,0
3741,1,z:ilp,nat-oop,27708,37565,8.013,1.356,3.752e-15,flat,1
3742,1,z:ilp,nat-oop,23595,27084,9.412,1.148,8.675e-16,prime,0
3742,1,z:ilp,nat-oop,24403,27163,9.101,1.113,8.675e-16,prime,1
3743,1,z:ilp,nat-oop,23394,27141,9.496,1.160,7.821e-16,prime,0
3743,1,z:ilp,nat-oop,23379,27035,9.502,1.156,7.821e-16,prime,1
3744,1,z:ilp,nat-oop,4832,6628,45.988,1.372,9.318e-16,chain3,0
3744,1,z:ilp,nat-oop,4890,6704,45.438,1.371,9.318e-16,chain3,1
3745,1,z:ilp,nat-oop,23376,27039,9.509,1.157,8.021e-16,prime,0
3745,1,z:ilp,nat-oop,23730,27059,9.367,1.140,8.021e-16,prime,1
3746,1,z:ilp,nat-oop,23625,26862,9.412,1.137,9.645e-16,prime,0
3746,1,z:ilp,nat-oop,23636,26976,9.407,1.141,9.645e-16,prime,1
3747,1,z:ilp,nat-oop,23836,26712,9.331,1.121,8.547e-16,prime,0
3747,1,z:ilp,nat-oop,33157,26807,6.708,0.808,8.547e-16,prime,1
3748,1,z:ilp,nat-oop,23501,26759,9.467,1.139,1.098e-15,prime,0
3748,1,z:ilp,nat-oop,23598,26937,9.428,1.141,1.098e-15,prime,1
3749,1,z:ilp,nat-oop,23352,27017,9.530,1.157,1.183e-15,prime,0
3749,1,z:ilp,nat-oop,23894,26874,9.314,1.125,1.183e-15,prime,1
3750,1,z:ilp,nat-oop,6810,7565,32.691,1.111,7.753e-16,chain3,0
3750,1,z:ilp,nat-oop,7197,6836,30.931,0.950,7.753e-16,chain3,1
3751,1,z:ilp,nat-oop,15730,17818,14.156,1.133,2.095e-15,flat,0
3751,1,z:ilp,nat-oop,11953,17826,18.630,1.491,2.095e-15,flat,1
3752,1,z:ilp,nat-oop,23461,33928,9.494,1.446,8.755e-16,prime,0
3752,1,z:ilp,nat-oop,23505,33917,9.476,1.443,8.755e-16,prime,1
3753,1,z:ilp,nat-oop,23912,27220,9.318,1.138,8.872e-16,prime,0
3753,1,z:ilp,nat-oop,23855,26866,9.340,1.126,8.872e-16,prime,1
3754,1,z:ilp,nat-oop,23964,26980,9.301,1.126,1.106e-15,prime,0
3754,1,z:ilp,nat-oop,23319,27073,9.558,1.161,1.106e-15,prime,1
3755,1,z:ilp,nat-oop,23455,26779,9.505,1.142,1.005e-15,prime,0
3755,1,z:ilp,nat-oop,23734,26743,9.394,1.127,1.005e-15,prime,1
3756,1,z:ilp,nat-oop,23380,26810,9.539,1.147,9.471e-16,prime,0
3756,1,z:ilp,nat-oop,23919,26988,9.323,1.128,9.471e-16,prime,1
3757,1,z:ilp,nat-oop,7977,16871,27.965,2.115,1.576e-15,chain3,0
3757,1,z:ilp,nat-oop,8219,16888,27.142,2.055,1.576e-15,chain3,1
3758,1,z:ilp,nat-oop,23892,26978,9.340,1.129,9.151e-16,prime,0
3758,1,z:ilp,nat-oop,23359,26926,9.553,1.153,9.151e-16,prime,1
3759,1,z:ilp,nat-oop,23682,27028,9.426,1.141,9.054e-16,prime,0
3759,1,z:ilp,nat-oop,23187,26761,9.627,1.154,9.054e-16,prime,1
3760,1,z:ilp,nat-oop,19994,22646,11.167,1.133,2.335e-15,chain3,0
3760,1,z:ilp,nat-oop,20970,22680,10.648,1.082,2.335e-15,chain3,1
3761,1,z:ilp,nat-oop,24236,26934,9.216,1.111,9.580e-16,prime,0
3761,1,z:ilp,nat-oop,23924,27090,9.336,1.132,9.580e-16,prime,1
3762,1,z:ilp,nat-oop,9917,11728,22.527,1.183,1.385e-15,flat,0
3762,1,z:ilp,nat-oop,9642,11637,23.172,1.207,1.385e-15,flat,1
3763,1,z:ilp,nat-oop,23408,76024,9.547,3.248,9.174e-16,prime,0
3763,1,z:ilp,nat-oop,23940,76053,9.335,3.177,9.174e-16,prime,1
3764,1,z:ilp,nat-oop,23560,26768,9.489,1.136,8.557e-16,prime,0
3764,1,z:ilp,nat-oop,23507,26886,9.510,1.144,8.557e-16,prime,1
3765,1,z:ilp,nat-oop,30045,26900,7.443,0.895,9.782e-16,prime,0
3765,1,z:ilp,nat-oop,23734,26992,9.422,1.137,9.782e-16,prime,1
3766,1,z:ilp,nat-oop,23319,27198,9.592,1.166,8.967e-16,prime,0
3766,1,z:ilp,nat-oop,23910,26860,9.355,1.123,8.967e-16,prime,1
3767,1,z:ilp,nat-oop,23635,26827,9.467,1.135,7.489e-16,prime,0
3767,1,z:ilp,nat-oop,23932,26814,9.349,1.120,7.489e-16,prime,1
3768,1,z:ilp,nat-oop,23501,26874,9.524,1.144,9.299e-16,prime,0
3768,1,z:ilp,nat-oop,23450,26841,9.544,1.145,9.299e-16,prime,1
3769,1,z:ilp,nat-oop,23388,26885,9.572,1.150,1.116e-15,prime,0
3769,1,z:ilp,nat-oop,24336,27020,9.200,1.110,1.116e-15,prime,1
3770,1,z:ilp,nat-oop,10474,16425,21.381,1.568,1.923e-15,chain3,0
3770,1,z:ilp,nat-oop,11854,16388,18.893,1.383,1.923e-15,chain3,1
3771,1,z:ilp,nat-oop,23960,26904,9.350,1.123,8.902e-16,prime,0
3771,1,z:ilp,nat-oop,23407,26910,9.570,1.150,8.902e-16,prime,1
3772,1,z:ilp,nat-oop,16002,25360,14.003,1.585,2.641e-15,flat,0
3772,1,z:ilp,nat-oop,16071,25401,13.943,1.581,2.641e-15,flat,1
3773,1,z:ilp,nat-oop,9504,7173,23.585,0.755,8.721e-16,flat,0
3773,1,z:ilp,nat-oop,7221,7159,31.042,0.991,8.721e-16,flat,1
3774,1,z:ilp,nat-oop,18708,21389,11.985,1.143,2.383e-15,chain3,0
3774,1,z:ilp,nat-oop,20458,21392,10.959,1.046,2.383e-15,chain3,1
3775,1,z:ilp,nat-oop,24245,26891,9.251,1.109,8.642e-16,prime,0
3775,1,z:ilp,nat-oop,23969,26971,9.357,1.125,8.642e-16,prime,1
3776,1,z:ilp,nat-oop,23458,29041,9.564,1.238,9.849e-16,prime,0
3776,1,z:ilp,nat-oop,23354,29004,9.606,1.242,9.849e-16,prime,1
3777,1,z:ilp,nat-oop,23771,27071,9.441,1.139,8.085e-16,prime,0
3777,1,z:ilp,nat-oop,23298,26955,9.632,1.157,8.085e-16,prime,1
3778,1,z:ilp,nat-oop,23472,27062,9.564,1.153,9.078e-16,prime,0
3778,1,z:ilp,nat-oop,22995,27073,9.762,1.177,9.078e-16,prime,1
3779,1,z:ilp,nat-oop,24346,26737,9.223,1.098,9.327e-16,prime,0
3779,1,z:ilp,nat-oop,24081,26871,9.325,1.116,9.327e-16,prime,1
3780,1,z:ilp,nat-oop,5214,6803,43.080,1.305,6.288e-16,chain3,0
3780,1,z:ilp,nat-oop,5357,6812,41.928,1.272,6.288e-16,chain3,1
3781,1,z:ilp,nat-oop,24319,26930,9.239,1.107,9.586e-16,prime,0
3781,1,z:ilp,nat-oop,24278,27001,9.254,1.112,9.586e-16,prime,1
3782,1,z:ilp,nat-oop,23328,39687,9.634,1.701,7.931e-16,prime,0
3782,1,z:ilp,nat-oop,23942,39670,9.387,1.657,7.931e-16,prime,1
3783,1,z:ilp,nat-oop,23898,26931,9.407,1.127,8.928e-16,prime,0
3783,1,z:ilp,nat-oop,34616,27044,6.494,0.781,8.928e-16,prime,1
3784,1,z:ilp,nat-oop,23922,20858,9.401,0.872,2.110e-15,chain3,0
3784,1,z:ilp,nat-oop,17970,20810,12.514,1.158,2.110e-15,chain3,1
3785,1,z:ilp,nat-oop,33387,26878,6.737,0.805,8.607e-16,prime,0
3785,1,z:ilp,nat-oop,22930,26929,9.810,1.174,8.607e-16,prime,1
3786,1,z:ilp,nat-oop,23667,27011,9.507,1.141,7.929e-16,prime,0
3786,1,z:ilp,nat-oop,22903,27235,9.824,1.189,7.929e-16,prime,1
3787,1,z:ilp,nat-oop,23472,27058,9.589,1.153,8.481e-16,prime,0
3787,1,z:ilp,nat-oop,23874,26752,9.428,1.121,8.481e-16,prime,1
3788,1,z:ilp,nat-oop,23944,26968,9.403,1.126,8.794e-16,prime,0
3788,1,z:ilp,nat-oop,23339,26959,9.647,1.155,8.794e-16,prime,1
3789,1,z:ilp,nat-oop,23382,27175,9.632,1.162,9.592e-16,prime,0
3789,1,z:ilp,nat-oop,23331,26999,9.653,1.157,9.592e-16,prime,1
3790,1,z:ilp,nat-oop,23607,27071,9.543,1.147,7.877e-16,prime,0
3790,1,z:ilp,nat-oop,22957,26979,9.813,1.175,7.877e-16,prime,1
3791,1,z:ilp,nat-oop,23390,26961,9.634,1.153,7.944e-16,prime,0
3791,1,z:ilp,nat-oop,23786,27016,9.474,1.136,7.944e-16,prime,1
3792,1,z:ilp,nat-oop,22967,41110,9.815,1.790,7.944e-16,prime,0
3792,1,z:ilp,nat-oop,22925,41109,9.833,1.793,7.944e-16,prime,1
3793,1,z:ilp,nat-oop,23919,27085,9.427,1.132,9.133e-16,prime,0
3793,1,z:ilp,nat-oop,23389,27141,9.640,1.160,9.133e-16,prime,1
3794,1,z:ilp,nat-oop,24174,27268,9.330,1.128,8.137e-16,prime,0
3794,1,z:ilp,nat-oop,24234,27195,9.307,1.122,8.137e-16,prime,1
3795,1,z:ilp,nat-oop,8604,14417,26.223,1.676,1.599e-15,chain3,0
3795,1,z:ilp,nat-oop,8712,14410,25.897,1.654,1.599e-15,chain3,1
3796,1,z:ilp,nat-oop,22966,38330,9.827,1.669,9.765e-16,prime,0
3796,1,z:ilp,nat-oop,22945,38360,9.835,1.672,9.765e-16,prime,1
3797,1,z:ilp,nat-oop,24284,27237,9.296,1.122,9.002e-16,prime,0
3797,1,z:ilp,nat-oop,23874,27106,9.456,1.135,9.002e-16,prime,1
3798,1,z:ilp,nat-oop,23530,27245,9.597,1.158,9.730e-16,prime,0
3798,1,z:ilp,nat-oop,23556,27003,9.586,1.146,9.730e-16,prime,1
3799,1,z:ilp,nat-oop,23818,26871,9.484,1.128,7.576e-16,prime,0
3799,1,z:ilp,nat-oop,24236,27211,9.320,1.123,7.576e-16,prime,1
3800,1,z:ilp,nat-oop,10228,11533,22.091,1.128,1.093e-15,flat,0
3800,1,z:ilp,nat-oop,10809,11270,20.903,1.043,1.093e-15,flat,1
3801,1,z:ilp,nat-oop,23587,26998,9.582,1.145,1.088e-15,prime,0
3801,1,z:ilp,nat-oop,23663,27149,9.551,1.147,1.088e-15,prime,1
3802,1,z:ilp,nat-oop,23608,27073,9.576,1.147,8.762e-16,prime,0
3802,1,z:ilp,nat-oop,23031,27135,9.816,1.178,8.762e-16,prime,1
3803,1,z:ilp,nat-oop,23558,26877,9.599,1.141,1.008e-15,prime,0
3803,1,z:ilp,nat-oop,22933,27053,9.861,1.180,1.008e-15,prime,1
3804,1,z:ilp,nat-oop,22986,27384,9.841,1.191,9.507e-16,prime,0
3804,1,z:ilp,nat-oop,23660,26906,9.561,1.137,9.507e-16,prime,1
3805,1,z:ilp,nat-oop,25059,27225,9.030,1.086,9.543e-16,prime,0
3805,1,z:ilp,nat-oop,23346,27427,9.692,1.175,9.543e-16,prime,1
3806,1,z:ilp,nat-oop,22443,27072,10.085,1.206,8.041e-16,prime,0
3806,1,z:ilp,nat-oop,22469,26962,10.074,1.200,8.041e-16,prime,1
3807,1,z:ilp,nat-oop,23890,30025,9.477,1.257,2.612e-15,chain3,0
3807,1,z:ilp,nat-oop,17130,30003,13.217,1.751,2.612e-15,chain3,1
3808,1,z:ilp,nat-oop,6990,10943,32.399,1.565,1.259e-15,chain3,0
3808,1,z:ilp,nat-oop,5862,10868,38.635,1.854,1.259e-15,chain3,1
3809,1,z:ilp,nat-oop,24312,27172,9.318,1.118,7.102e-16,prime,0
3809,1,z:ilp,nat-oop,23810,27135,9.515,1.140,7.102e-16,prime,1
3810,1,z:ilp,nat-oop,23910,71070,9.478,2.972,8.254e-16,prime,0
3810,1,z:ilp,nat-oop,23939,71013,9.466,2.966,8.254e-16,prime,1
3811,1,z:ilp,nat-oop,23622,26930,9.596,1.140,1.219e-15,prime,0
3811,1,z:ilp,nat-oop,24474,26956,9.262,1.101,1.219e-15,prime,1
3812,1,z:ilp,nat-oop,23924,26899,9.478,1.124,8.053e-16,prime,0
3812,1,z:ilp,nat-oop,23975,26939,9.458,1.124,8.053e-16,prime,1
3813,1,z:ilp,nat-oop,19024,38170,11.923,2.006,2.983e-15,flat,0
3813,1,z:ilp,nat-oop,18549,37904,12.228,2.043,2.983e-15,flat,1
3814,1,z:ilp,nat-oop,23415,27116,9.689,1.158,1.027e-15,prime,0
3814,1,z:ilp,nat-oop,23551,27075,9.633,1.150,1.027e-15,prime,1
3815,1,z:ilp,nat-oop,24359,27143,9.317,1.114,8.097e-16,prime,0
3815,1,z:ilp,nat-oop,23788,26927,9.540,1.132,8.097e-16,prime,1
3816,1,z:ilp,nat-oop,23833,26898,9.525,1.129,8.453e-16,prime,0
3816,1,z:ilp,nat-oop,23875,26941,9.508,1.128,8.453e-16,prime,1
3817,1,z:ilp,nat-oop,23985,27071,9.468,1.129,9.231e-16,prime,0
3817,1,z:ilp,nat-oop,23385,27025,9.710,1.156,9.231e-16,prime,1
3818,1,z:ilp,nat-oop,23515,49901,9.659,2.122,6.743e-16,prime,0
3818,1,z:ilp,nat-oop,22948,49775,9.898,2.169,6.743e-16,prime,1
3819,1,z:ilp,nat-oop,23643,51367,9.610,2.173,8.200e-16,prime,0
3819,1,z:ilp,nat-oop,23963,51338,9.482,2.142,8.200e-16,prime,1
3820,1,z:ilp,nat-oop,23584,27322,9.637,1.158,9.310e-16,prime,0
3820,1,z:ilp,nat-oop,23019,27087,9.873,1.177,9.310e-16,prime,1
3821,1,z:ilp,nat-oop,24039,27011,9.457,1.124,9.455e-16,prime,0
3821,1,z:ilp,nat-oop,27500,27141,8.267,0.987,9.455e-16,prime,1
3822,1,z:ilp,nat-oop,8966,7016,25.363,0.783,1.019e-15,flat,0
3822,1,z:ilp,nat-oop,8714,6975,26.096,0.800,1.019e-15,flat,1
3823,1,z:ilp,nat-oop,23951,27056,9.498,1.130,8.489e-16,prime,0
3823,1,z:ilp,nat-oop,23852,27038,9.537,1.134,8.489e-16,prime,1
3824,1,z:ilp,nat-oop,23400,26961,9.724,1.152,8.212e-16,prime,0
3824,1,z:ilp,nat-oop,24152,26896,9.422,1.114,8.212e-16,prime,1
3825,1,z:ilp,nat-oop,7435,12218,30.612,1.643,1.208e-15,chain3,0
3825,1,z:ilp,nat-oop,10241,12218,22.226,1.193,1.208e-15,chain3,1
3826,1,z:ilp,nat-oop,23043,27109,9.881,1.176,9.773e-16,prime,0
3826,1,z:ilp,nat-oop,23060,27026,9.873,1.172,9.773e-16,prime,1
3827,1,z:ilp,nat-oop,23655,88136,9.628,3.726,7.696e-16,prime,0
3827,1,z:ilp,nat-oop,23478,87955,9.700,3.746,7.696e-16,prime,1
3828,1,z:ilp,nat-oop,8230,15576,27.681,1.893,1.832e-15,chain3,0
3828,1,z:ilp,nat-oop,12029,15525,18.939,1.291,1.832e-15,chain3,1
3829,1,z:ilp,nat-oop,23602,27021,9.655,1.145,1.080e-15,prime,0
3829,1,z:ilp,nat-oop,24033,27231,9.482,1.133,1.080e-15,prime,1
3830,1,z:ilp,nat-oop,23409,27094,9.738,1.157,1.084e-15,prime,0
3830,1,z:ilp,nat-oop,23923,27006,9.528,1.129,1.084e-15,prime,1
3831,1,z:ilp,nat-oop,23079,26955,9.880,1.168,9.464e-16,prime,0
3831,1,z:ilp,nat-oop,23008,27135,9.910,1.179,9.464e-16,prime,1
3832,1,z:ilp,nat-oop,22983,26778,9.924,1.165,1.054e-15,prime,0
3832,1,z:ilp,nat-oop,23003,27007,9.915,1.174,1.054e-15,prime,1
3833,1,z:ilp,nat-oop,23644,27121,9.649,1.147,9.382e-16,prime,0
3833,1,z:ilp,nat-oop,24383,27064,9.357,1.110,9.382e-16,prime,1
3834,1,z:ilp,nat-oop,28522,37102,8.001,1.301,7.041e-16,prime,0
3834,1,z:ilp,nat-oop,22940,37136,9.948,1.619,7.041e-16,prime,1
3835,1,z:ilp,nat-oop,23969,39303,9.524,1.640,9.518e-16,prime,0
3835,1,z:ilp,nat-oop,23898,39294,9.552,1.644,9.518e-16,prime,1
3836,1,z:ilp,nat-oop,23609,79279,9.672,3.358,5.846e-16,prime,0
3836,1,z:ilp,nat-oop,23559,79274,9.693,3.365,5.846e-16,prime,1
3837,1,z:ilp,nat-oop,23618,26930,9.671,1.140,1.191e-15,prime,0
3837,1,z:ilp,nat-oop,23522,27316,9.711,1.161,1.191e-15,prime,1
3838,1,z:ilp,nat-oop,23042,62260,9.916,2.702,8.783e-16,prime,0
3838,1,z:ilp,nat-oop,23638,62120,9.666,2.628,8.783e-16,prime,1
3839,1,z:ilp,nat-oop,23950,27068,9.543,1.130,9.264e-16,prime,0
3839,1,z:ilp,nat-oop,23941,27141,9.546,1.134,9.264e-16,prime,1
3840,1,z:ilp,nat-oop,4014,6717,56.950,1.673,4.563e-16,ztt,0
3840,1,z:ilp,nat-oop,4097,6701,55.793,1.635,4.563e-16,ztt,1
3841,1,z:ilp,nat-oop,34642,27088,6.601,0.782,9.933e-16,prime,0
3841,1,z:ilp,nat-oop,23433,27221,9.759,1.162,9.933e-16,prime,1
3842,1,z:ilp,nat-oop,22965,68832,9.961,2.997,8.165e-16,prime,0
3842,1,z:ilp,nat-oop,23041,68813,9.928,2.987,8.165e-16,prime,1
3843,1,z:ilp,nat-oop,23396,41543,9.780,1.776,8.860e-16,prime,0
3843,1,z:ilp,nat-oop,23537,41561,9.721,1.766,8.860e-16,prime,1
3844,1,z:ilp,nat-oop,13636,24388,16.785,1.789,2.125e-15,chain3,0
3844,1,z:ilp,nat-oop,20198,24378,11.332,1.207,2.125e-15,chain3,1
3845,1,z:ilp,nat-oop,29816,27495,7.679,0.922,8.947e-16,prime,0
3845,1,z:ilp,nat-oop,23452,27422,9.762,1.169,8.947e-16,prime,1
3846,1,z:ilp,nat-oop,23565,27269,9.719,1.157,8.895e-16,prime,0
3846,1,z:ilp,nat-oop,23002,27366,9.956,1.190,8.895e-16,prime,1
3847,1,z:ilp,nat-oop,24325,27143,9.417,1.116,8.434e-16,prime,0
3847,1,z:ilp,nat-oop,23865,27088,9.599,1.135,8.434e-16,prime,1
3848,1,z:ilp,nat-oop,12111,18558,18.920,1.532,2.284e-15,chain3,0
3848,1,z:ilp,nat-oop,17109,18536,13.393,1.083,2.284e-15,chain3,1
3849,1,z:ilp,nat-oop,23819,27233,9.623,1.143,7.027e-16,prime,0
3849,1,z:ilp,nat-oop,23808,27314,9.627,1.147,7.027e-16,prime,1
3850,1,z:ilp,nat-oop,7827,7646,29.295,0.977,9.450e-16,flat,0
3850,1,z:ilp,nat-oop,7935,7639,28.895,0.963,9.450e-16,flat,1
3851,1,z:ilp,nat-oop,23887,27146,9.601,1.136,9.256e-16,prime,0
3851,1,z:ilp,nat-oop,23354,26882,9.821,1.151,9.256e-16,prime,1
3852,1,z:ilp,nat-oop,23990,60394,9.563,2.517,8.249e-16,prime,0
3852,1,z:ilp,nat-oop,23982,60269,9.566,2.513,8.249e-16,prime,1
3853,1,z:ilp,nat-oop,23805,27028,9.640,1.135,9.469e-16,prime,0
3853,1,z:ilp,nat-oop,24392,27337,9.408,1.121,9.469e-16,prime,1
3854,1,z:ilp,nat-oop,22972,37197,9.992,1.619,9.195e-16,prime,0
3854,1,z:ilp,nat-oop,23816,37225,9.638,1.563,9.195e-16,prime,1
3855,1,z:ilp,nat-oop,23554,26951,9.748,1.144,8.262e-16,prime,0
3855,1,z:ilp,nat-oop,23916,27092,9.601,1.133,8.262e-16,prime,1
3856,1,z:ilp,nat-oop,23046,26883,9.966,1.167,9.215e-16,prime,0
3856,1,z:ilp,nat-oop,23546,26914,9.754,1.143,9.215e-16,prime,1
3857,1,z:ilp,nat-oop,15721,23718,14.614,1.509,1.833e-15,chain3,0
3857,1,z:ilp,nat-oop,11724,23807,19.596,2.031,1.833e-15,chain3,1
3858,1,z:ilp,nat-oop,29255,27094,7.855,0.926,9.210e-16,prime,0
3858,1,z:ilp,nat-oop,23024,27379,9.981,1.189,9.210e-16,prime,1
3859,1,z:ilp,nat-oop,23579,26889,9.750,1.140,7.633e-16,prime,0
3859,1,z:ilp,nat-oop,27276,27120,8.428,0.994,7.633e-16,prime,1
3860,1,z:ilp,nat-oop,23052,26842,9.975,1.164,1.063e-15,prime,0
3860,1,z:ilp,nat-oop,22975,27075,10.008,1.178,1.063e-15,prime,1
3861,1,z:ilp,nat-oop,8636,8151,26.634,0.944,1.293e-15,flat,0
3861,1,z:ilp,nat-oop,8576,8136,26.820,0.949,1.293e-15,flat,1
3862,1,z:ilp,nat-oop,22987,27305,10.009,1.188,8.756e-16,prime,0
3862,1,z:ilp,nat-oop,23647,27447,9.730,1.161,8.756e-16,prime,1
3863,1,z:ilp,nat-oop,23985,27289,9.595,1.138,9.720e-16,prime,0
3863,1,z:ilp,nat-oop,23514,26858,9.788,1.142,9.720e-16,prime,1
3864,1,z:ilp,nat-oop,9082,13120,25.347,1.445,1.721e-15,flat,0
3864,1,z:ilp,nat-oop,9085,13165,25.339,1.449,1.721e-15,flat,1
3865,1,z:ilp,nat-oop,23445,27211,9.822,1.161,1.019e-15,prime,0
3865,1,z:ilp,nat-oop,24025,27102,9.585,1.128,1.019e-15,prime,1
3866,1,z:ilp,nat-oop,23410,27236,9.840,1.163,9.880e-16,prime,0
3866,1,z:ilp,nat-oop,23380,27311,9.852,1.168,9.880e-16,prime,1
3867,1,z:ilp,nat-oop,24345,27473,9.465,1.128,1.148e-15,prime,0
3867,1,z:ilp,nat-oop,23780,26885,9.690,1.131,1.148e-15,prime,1
3868,1,z:ilp,nat-oop,23560,27041,9.783,1.148,9.698e-16,prime,0
3868,1,z:ilp,nat-oop,23522,26993,9.799,1.148,9.698e-16,prime,1
3869,1,z:ilp,nat-oop,23823,80248,9.677,3.368,8.379e-16,prime,0
3869,1,z:ilp,nat-oop,23991,80231,9.610,3.344,8.379e-16,prime,1
3870,1,z:ilp,nat-oop,19885,21384,11.598,1.075,2.132e-15,chain3,0
3870,1,z:ilp,nat-oop,14339,21093,16.083,1.471,2.132e-15,chain3,1
3871,1,z:ilp,nat-oop,24298,56994,9.494,2.346,9.332e-16,prime,0
3871,1,z:ilp,nat-oop,23979,57262,9.620,2.388,9.332e-16,prime,1
3872,1,z:ilp,nat-oop,5291,7246,43.613,1.369,8.353e-16,chain3,0
3872,1,z:ilp,nat-oop,5330,7253,43.295,1.361,8.353e-16,chain3,1
3873,1,z:ilp,nat-oop,24181,27133,9.545,1.122,9.126e-16,prime,0
3873,1,z:ilp,nat-oop,24216,27574,9.532,1.139,9.126e-16,prime,1
3874,1,z:ilp,nat-oop,23987,88855,9.625,3.704,8.170e-16,prime,0
3874,1,z:ilp,nat-oop,23426,89626,9.856,3.826,8.170e-16,prime,1
3875,1,z:ilp,nat-oop,11653,18932,19.819,1.625,1.905e-15,chain3,0
3875,1,z:ilp,nat-oop,15499,18868,14.901,1.217,1.905e-15,chain3,1
3876,1,z:ilp,nat-oop,7746,15747,29.823,2.033,1.501e-15,chain3,0
3876,1,z:ilp,nat-oop,10066,15737,22.950,1.563,1.501e-15,chain3,1
3877,1,z:ilp,nat-oop,23588,26980,9.797,1.144,9.264e-16,prime,0
3877,1,z:ilp,nat-oop,23736,26996,9.736,1.137,9.264e-16,prime,1
3878,1,z:ilp,nat-oop,23757,27120,9.730,1.142,1.025e-15,prime,0
3878,1,z:ilp,nat-oop,24010,27046,9.627,1.126,1.025e-15,prime,1
3879,1,z:ilp,nat-oop,28514,26977,8.109,0.946,1.127e-15,prime,0
3879,1,z:ilp,nat-oop,24143,27076,9.577,1.121,1.127e-15,prime,1
3880,1,z:ilp,nat-oop,23825,55692,9.708,2.338,6.922e-16,prime,0
3880,1,z:ilp,nat-oop,23899,55606,9.678,2.327,6.922e-16,prime,1
3881,1,z:ilp,nat-oop,23865,27154,9.694,1.138,9.550e-16,prime,0
3881,1,z:ilp,nat-oop,23489,27196,9.850,1.158,9.550e-16,prime,1
3882,1,z:ilp,nat-oop,23010,27148,10.057,1.180,8.231e-16,prime,0
3882,1,z:ilp,nat-oop,23549,27442,9.827,1.165,8.231e-16,prime,1
3883,1,z:ilp,nat-oop,24046,27352,9.627,1.137,8.929e-16,prime,0
3883,1,z:ilp,nat-oop,24125,27302,9.595,1.132,8.929e-16,prime,1
3884,1,z:ilp,nat-oop,23661,26939,9.786,1.139,8.993e-16,prime,0
3884,1,z:ilp,nat-oop,23288,27052,9.943,1.162,8.993e-16,prime,1
3885,1,z:ilp,nat-oop,14080,23141,16.450,1.643,2.535e-15,chain3,0
3885,1,z:ilp,nat-oop,17902,23001,12.938,1.285,2.535e-15,chain3,1
3886,1,z:ilp,nat-oop,23315,43755,9.937,1.877,8.675e-16,prime,0
3886,1,z:ilp,nat-oop,23478,43832,9.868,1.867,8.675e-16,prime,1
3887,1,z:ilp,nat-oop,9793,14891,23.665,1.521,1.817e-15,flat,0
3887,1,z:ilp,nat-oop,9830,14877,23.577,1.513,1.817e-15,flat,1
3888,1,z:ilp,nat-oop,4556,7030,50.879,1.543,6.433e-16,ztt,0
3888,1,z:ilp,nat-oop,4459,7112,51.992,1.595,6.433e-16,ztt,1
3889,1,z:ilp,nat-oop,17060,26971,13.593,1.581,1.491e-15,prime,0
3889,1,z:ilp,nat-oop,16111,27023,14.393,1.677,1.491e-15,prime,1
3890,1,z:ilp,nat-oop,23370,27257,9.925,1.166,8.022e-16,prime,0
3890,1,z:ilp,nat-oop,23389,27081,9.917,1.158,8.022e-16,prime,1
3891,1,z:ilp,nat-oop,23983,26980,9.674,1.125,9.388e-16,prime,0
3891,1,z:ilp,nat-oop,23832,27025,9.736,1.134,9.388e-16,prime,1
3892,1,z:ilp,nat-oop,22999,80090,10.091,3.482,9.323e-16,prime,0
3892,1,z:ilp,nat-oop,23037,80069,10.074,3.476,9.323e-16,prime,1
3893,1,z:ilp,nat-oop,23392,27049,9.924,1.156,9.196e-16,prime,0
3893,1,z:ilp,nat-oop,23905,26988,9.711,1.129,9.196e-16,prime,1
3894,1,z:ilp,nat-oop,28439,30526,8.165,1.073,8.742e-16,prime,0
3894,1,z:ilp,nat-oop,23738,30519,9.782,1.286,8.742e-16,prime,1
3895,1,z:ilp,nat-oop,24402,32380,9.519,1.327,1.924e-15,chain3,0
3895,1,z:ilp,nat-oop,17188,32338,13.515,1.881,1.924e-15,chain3,1
3896,1,z:ilp,nat-oop,23371,27080,9.942,1.159,1.147e-15,prime,0
3896,1,z:ilp,nat-oop,23352,27104,9.950,1.161,1.147e-15,prime,1
3897,1,z:ilp,nat-oop,23714,27035,9.801,1.140,8.123e-16,prime,0
3897,1,z:ilp,nat-oop,23713,27408,9.802,1.156,8.123e-16,prime,1
3898,1,z:ilp,nat-oop,23063,27145,10.080,1.177,7.694e-16,prime,0
3898,1,z:ilp,nat-oop,23528,27275,9.881,1.159,7.694e-16,prime,1
3899,1,z:ilp,nat-oop,23402,26875,9.937,1.148,1.139e-15,prime,0
3899,1,z:ilp,nat-oop,23689,26934,9.817,1.137,1.139e-15,prime,1
3900,1,z:ilp,nat-oop,6827,7028,34.074,1.029,1.156e-15,chain3,0
3900,1,z:ilp,nat-oop,5997,7009,38.789,1.169,1.156e-15,chain3,1
3901,1,z:ilp,nat-oop,23506,85237,9.899,3.626,8.315e-16,prime,0
3901,1,z:ilp,nat-oop,23940,85212,9.720,3.559,8.315e-16,prime,1
3902,1,z:ilp,nat-oop,23976,27174,9.708,1.133,8.867e-16,prime,0
3902,1,z:ilp,nat-oop,23417,27219,9.939,1.162,8.867e-16,prime,1
3903,1,z:ilp,nat-oop,23854,26990,9.760,1.131,1.264e-15,prime,0
3903,1,z:ilp,nat-oop,23893,27309,9.744,1.143,1.264e-15,prime,1
3904,1,z:ilp,nat-oop,23033,31483,10.111,1.367,5.873e-16,prime,0
3904,1,z:ilp,nat-oop,23038,31529,10.109,1.369,5.873e-16,prime,1
3905,1,z:ilp,nat-oop,37146,49464,6.271,1.332,1.044e-15,prime,0
3905,1,z:ilp,nat-oop,23780,49447,9.796,2.079,1.044e-15,prime,1
3906,1,z:ilp,nat-oop,12478,16301,18.675,1.306,2.011e-15,chain3,0
3906,1,z:ilp,nat-oop,12530,16314,18.597,1.302,2.011e-15,chain3,1
3907,1,z:ilp,nat-oop,24420,26909,9.545,1.102,9.140e-16,prime,0
3907,1,z:ilp,nat-oop,24500,27017,9.514,1.103,9.140e-16,prime,1
3908,1,z:ilp,nat-oop,23982,27168,9.722,1.133,9.103e-16,prime,0
3908,1,z:ilp,nat-oop,24095,27030,9.677,1.122,9.103e-16,prime,1
3909,1,z:ilp,nat-oop,23477,27092,9.934,1.154,7.605e-16,prime,0
3909,1,z:ilp,nat-oop,24004,27056,9.716,1.127,7.605e-16,prime,1
3910,1,z:ilp,nat-oop,10580,17837,22.049,1.686,2.000e-15,chain3,0
3910,1,z:ilp,nat-oop,10523,17824,22.168,1.694,2.000e-15,chain3,1
3911,1,z:ilp,nat-oop,23875,26972,9.774,1.130,1.172e-15,prime,0
3911,1,z:ilp,nat-oop,23982,26894,9.730,1.121,1.172e-15,prime,1
3912,1,z:ilp,nat-oop,23628,27227,9.879,1.152,9.181e-16,prime,0
3912,1,z:ilp,nat-oop,23553,27060,9.911,1.149,9.181e-16,prime,1
3913,1,z:ilp,nat-oop,24427,27445,9.559,1.124,2.592e-15,chain3,0
3913,1,z:ilp,nat-oop,20668,27391,11.297,1.325,2.592e-15,chain3,1
3914,1,z:ilp,nat-oop,23942,63253,9.755,2.642,8.301e-16,prime,0
3914,1,z:ilp,nat-oop,23454,63264,9.958,2.697,8.301e-16,prime,1
3915,1,z:ilp,nat-oop,14045,18502,16.634,1.317,2.116e-15,flat,0
3915,1,z:ilp,nat-oop,11431,18515,20.437,1.620,2.116e-15,flat,1
3916,1,z:ilp,nat-oop,23614,50437,9.896,2.136,7.488e-16,prime,0
3916,1,z:ilp,nat-oop,29476,50500,7.928,1.713,7.488e-16,prime,1
3917,1,z:ilp,nat-oop,24367,27185,9.593,1.116,9.804e-16,prime,0
3917,1,z:ilp,nat-oop,23970,27109,9.752,1.131,9.804e-16,prime,1
3918,1,z:ilp,nat-oop,23029,27134,10.153,1.178,8.574e-16,prime,0
3918,1,z:ilp,nat-oop,22973,27086,10.178,1.179,8.574e-16,prime,1
3919,1,z:ilp,nat-oop,22919,27032,10.205,1.179,8.247e-16,prime,0
3919,1,z:ilp,nat-oop,22955,26875,10.189,1.171,8.247e-16,prime,1
3920,1,z:ilp,nat-oop,4299,6702,54.416,1.559,4.221e-16,ztt,0
3920,1,z:ilp,nat-oop,4230,6679,55.307,1.579,4.221e-16,ztt,1
3921,1,z:ilp,nat-oop,23848,27131,9.813,1.138,8.189e-16,prime,0
3921,1,z:ilp,nat-oop,23824,27011,9.823,1.134,8.189e-16,prime,1
3922,1,z:ilp,nat-oop,23615,39176,9.913,1.659,8.645e-16,prime,0
3922,1,z:ilp,nat-oop,23620,39174,9.911,1.659,8.645e-16,prime,1
3923,1,z:ilp,nat-oop,23025,27093,10.170,1.177,7.836e-16,prime,0
3923,1,z:ilp,nat-oop,23415,26863,10.000,1.147,7.836e-16,prime,1
3924,1,z:ilp,nat-oop,23977,64118,9.769,2.674,1.287e-15,prime,0
3924,1,z:ilp,nat-oop,24005,64112,9.758,2.671,1.287e-15,prime,1
3925,1,z:ilp,nat-oop,23996,27140,9.764,1.131,9.984e-16,prime,0
3925,1,z:ilp,nat-oop,23662,26993,9.902,1.141,9.984e-16,prime,1
3926,1,z:ilp,nat-oop,24023,27226,9.756,1.133,7.627e-16,prime,0
3926,1,z:ilp,nat-oop,23957,27096,9.783,1.131,7.627e-16,prime,1
3927,1,z:ilp,nat-oop,8239,12210,28.454,1.482,1.289e-15,chain3,0
3927,1,z:ilp,nat-oop,8073,12210,29.038,1.512,1.289e-15,chain3,1
3928,1,z:ilp,nat-oop,23089,27231,10.156,1.179,1.032e-15,prime,0
3928,1,z:ilp,nat-oop,23564,26973,9.951,1.145,1.032e-15,prime,1
3929,1,z:ilp,nat-oop,23449,27327,10.003,1.165,7.985e-16,prime,0
3929,1,z:ilp,nat-oop,23811,27011,9.851,1.134,7.985e-16,prime,1
3930,1,z:ilp,nat-oop,22981,75856,10.209,3.301,8.674e-16,prime,0
3930,1,z:ilp,nat-oop,23031,75851,10.188,3.293,8.674e-16,prime,1
3931,1,z:ilp,nat-oop,23015,27359,10.197,1.189,1.074e-15,prime,0
3931,1,z:ilp,nat-oop,23475,26895,9.998,1.146,1.074e-15,prime,1
3932,1,z:ilp,nat-oop,23980,26911,9.790,1.122,7.821e-16,prime,0
3932,1,z:ilp,nat-oop,23900,27007,9.823,1.130,7.821e-16,prime,1
3933,1,z:ilp,nat-oop,15469,21543,15.181,1.393,2.072e-15,chain3,0
3933,1,z:ilp,nat-oop,13216,21512,17.768,1.628,2.072e-15,chain3,1
3934,1,z:ilp,nat-oop,23658,27151,9.929,1.148,9.606e-16,prime,0
3934,1,z:ilp,nat-oop,23607,27383,9.950,1.160,9.606e-16,prime,1
3935,1,z:ilp,nat-oop,23713,26955,9.908,1.137,8.261e-16,prime,0
3935,1,z:ilp,nat-oop,23632,26949,9.943,1.140,8.261e-16,prime,1
3936,1,z:ilp,nat-oop,11682,20625,20.119,1.766,1.693e-15,chain3,0
3936,1,z:ilp,nat-oop,11670,20647,20.140,1.769,1.693e-15,chain3,1
3937,1,z:ilp,nat-oop,24062,27194,9.771,1.130,8.832e-16,prime,0
3937,1,z:ilp,nat-oop,23510,27022,10.000,1.149,8.832e-16,prime,1
3938,1,z:ilp,nat-oop,23117,27116,10.173,1.173,9.105e-16,prime,0
3938,1,z:ilp,nat-oop,23704,27129,9.921,1.144,9.105e-16,prime,1
3939,1,z:ilp,nat-oop,23632,27692,9.954,1.172,8.801e-16,prime,0
3939,1,z:ilp,nat-oop,23519,27227,10.002,1.158,8.801e-16,prime,1
3940,1,z:ilp,nat-oop,23412,27165,10.050,1.160,9.979e-16,prime,0
3940,1,z:ilp,nat-oop,23422,26908,10.046,1.149,9.979e-16,prime,1
3941,1,z:ilp,nat-oop,24034,27386,9.793,1.139,1.032e-15,prime,0
3941,1,z:ilp,nat-oop,23670,27018,9.943,1.141,1.032e-15,prime,1
3942,1,z:ilp,nat-oop,23721,39903,9.925,1.682,9.085e-16,prime,0
3942,1,z:ilp,nat-oop,24022,39667,9.801,1.651,9.085e-16,prime,1
3943,1,z:ilp,nat-oop,23606,27229,9.976,1.153,1.118e-15,prime,0
3943,1,z:ilp,nat-oop,23129,27292,10.182,1.180,1.118e-15,prime,1
3944,1,z:ilp,nat-oop,13357,19220,17.637,1.439,2.392e-15,flat,0
3944,1,z:ilp,nat-oop,11221,19309,20.994,1.721,2.392e-15,flat,1
3945,1,z:ilp,nat-oop,24001,27189,9.818,1.133,7.887e-16,prime,0
3945,1,z:ilp,nat-oop,23975,27190,9.828,1.134,7.887e-16,prime,1
3946,1,z:ilp,nat-oop,23716,27101,9.939,1.143,9.360e-16,prime,0
3946,1,z:ilp,nat-oop,25328,27290,9.306,1.077,9.360e-16,prime,1
3947,1,z:ilp,nat-oop,29467,27097,8.001,0.920,8.662e-16,prime,0
3947,1,z:ilp,nat-oop,24505,27065,9.621,1.104,8.662e-16,prime,1
3948,1,z:ilp,nat-oop,24263,24693,9.720,1.018,2.548e-15,flat,0
3948,1,z:ilp,nat-oop,23987,24766,9.832,1.033,2.548e-15,flat,1
3949,1,z:ilp,nat-oop,23518,27335,10.030,1.162,8.302e-16,prime,0
3949,1,z:ilp,nat-oop,23514,27126,10.032,1.154,8.302e-16,prime,1
3950,1,z:ilp,nat-oop,23468,43086,10.055,1.836,8.947e-16,prime,0
3950,1,z:ilp,nat-oop,24076,43070,9.801,1.789,8.947e-16,prime,1
3951,1,z:ilp,nat-oop,23809,27072,9.913,1.137,8.830e-16,prime,0
3951,1,z:ilp,nat-oop,25774,26934,9.158,1.045,8.830e-16,prime,1
3952,1,z:ilp,nat-oop,6887,11677,34.283,1.696,1.258e-15,chain3,0
3952,1,z:ilp,nat-oop,7038,11705,33.544,1.663,1.258e-15,chain3,1
3953,1,z:ilp,nat-oop,22670,81350,10.418,3.589,7.820e-16,prime,0
3953,1,z:ilp,nat-oop,23064,82569,10.240,3.580,7.820e-16,prime,1
3954,1,z:ilp,nat-oop,24085,27180,9.808,1.129,8.300e-16,prime,0
3954,1,z:ilp,nat-oop,23449,27294,10.074,1.164,8.300e-16,prime,1
3955,1,z:ilp,nat-oop,23998,27163,9.847,1.132,9.132e-16,prime,0
3955,1,z:ilp,nat-oop,24036,27158,9.831,1.130,9.132e-16,prime,1
3956,1,z:ilp,nat-oop,16041,27601,14.735,1.721,2.480e-15,chain3,0
3956,1,z:ilp,nat-oop,22656,27814,10.433,1.228,2.480e-15,chain3,1
3957,1,z:ilp,nat-oop,24065,27746,9.825,1.153,7.675e-16,prime,0
3957,1,z:ilp,nat-oop,24066,27213,9.824,1.131,7.675e-16,prime,1
3958,1,z:ilp,nat-oop,23012,27916,10.277,1.213,1.076e-15,prime,0
3958,1,z:ilp,nat-oop,23469,27364,10.077,1.166,1.076e-15,prime,1
3959,1,z:ilp,nat-oop,24048,27126,9.837,1.128,9.749e-16,prime,0
3959,1,z:ilp,nat-oop,23827,27014,9.929,1.134,9.749e-16,prime,1
3960,1,z:ilp,nat-oop,6807,7104,34.766,1.044,8.298e-16,flat,0
3960,1,z:ilp,nat-oop,6828,7039,34.657,1.031,8.298e-16,flat,1
3961,1,z:ilp,nat-oop,23473,27129,10.084,1.156,8.483e-16,prime,0
3961,1,z:ilp,nat-oop,23418,27139,10.108,1.159,8.483e-16,prime,1
3962,1,z:ilp,nat-oop,23633,27340,10.019,1.157,1.022e-15,prime,0
3962,1,z:ilp,nat-oop,23698,27217,9.991,1.148,1.022e-15,prime,1
3963,1,z:ilp,nat-oop,23687,27037,9.999,1.141,9.015e-16,prime,0
3963,1,z:ilp,nat-oop,23634,27115,10.021,1.147,9.015e-16,prime,1
3964,1,z:ilp,nat-oop,23144,27257,10.236,1.178,9.467e-16,prime,0
3964,1,z:ilp,nat-oop,23038,27584,10.283,1.197,9.467e-16,prime,1
3965,1,z:ilp,nat-oop,22674,42889,10.451,1.892,8.743e-16,prime,0
3965,1,z:ilp,nat-oop,22726,42845,10.427,1.885,8.743e-16,prime,1
3966,1,z:ilp,nat-oop,23479,27295,10.096,1.163,9.092e-16,prime,0
3966,1,z:ilp,nat-oop,23445,27361,10.111,1.167,9.092e-16,prime,1
3967,1,z:ilp,nat-oop,24103,27240,9.837,1.130,1.039e-15,prime,0
3967,1,z:ilp,nat-oop,24037,26946,9.864,1.121,1.039e-15,prime,1
3968,1,z:ilp,nat-oop,10170,16358,23.321,1.608,1.702e-15,chain3,0
3968,1,z:ilp,nat-oop,13626,16373,17.406,1.202,1.702e-15,chain3,1
3969,1,z:ilp,nat-oop,6911,8258,34.326,1.195,9.807e-16,chain3,0
3969,1,z:ilp,nat-oop,8223,8310,28.849,1.011,9.807e-16,chain3,1
3970,1,z:ilp,nat-oop,28554,27151,8.311,0.951,9.460e-16,prime,0
3970,1,z:ilp,nat-oop,23142,27241,10.254,1.177,9.460e-16,prime,1
3971,1,z:ilp,nat-oop,8798,19122,26.979,2.173,1.188e-15,chain3,0
3971,1,z:ilp,nat-oop,8633,19146,27.495,2.218,1.188e-15,chain3,1
3972,1,z:ilp,nat-oop,24068,27058,9.866,1.124,7.640e-16,prime,0
3972,1,z:ilp,nat-oop,23401,27136,10.147,1.160,7.640e-16,prime,1
3973,1,z:ilp,nat-oop,23901,27093,9.937,1.134,1.162e-15,prime,0
3973,1,z:ilp,nat-oop,23906,27198,9.935,1.138,1.162e-15,prime,1
3974,1,z:ilp,nat-oop,23419,27194,10.144,1.161,9.135e-16,prime,0
3974,1,z:ilp,nat-oop,23547,27216,10.089,1.156,9.135e-16,prime,1
3975,1,z:ilp,nat-oop,23693,36269,10.030,1.531,7.904e-16,prime,0
3975,1,z:ilp,nat-oop,23668,36284,10.040,1.533,7.904e-16,prime,1
3976,1,z:ilp,nat-oop,24027,38460,9.893,1.601,9.437e-16,prime,0
3976,1,z:ilp,nat-oop,23506,38449,10.113,1.636,9.437e-16,prime,1
3977,1,z:ilp,nat-oop,23385,27317,10.168,1.168,9.705e-16,prime,0
3977,1,z:ilp,nat-oop,24013,27172,9.902,1.132,9.705e-16,prime,1
3978,1,z:ilp,nat-oop,9971,12224,23.853,1.226,1.855e-15,flat,0
3978,1,z:ilp,nat-oop,10006,12184,23.769,1.218,1.855e-15,flat,1
3979,1,z:ilp,nat-oop,22672,27697,10.494,1.222,9.438e-16,prime,0
3979,1,z:ilp,nat-oop,22703,27026,10.479,1.190,9.438e-16,prime,1
3980,1,z:ilp,nat-oop,23536,27048,10.111,1.149,1.064e-15,prime,0
3980,1,z:ilp,nat-oop,23435,27035,10.155,1.154,1.064e-15,prime,1
3981,1,z:ilp,nat-oop,23767,27237,10.016,1.146,9.625e-16,prime,0
3981,1,z:ilp,nat-oop,23776,27263,10.012,1.147,9.625e-16,prime,1
3982,1,z:ilp,nat-oop,23695,27448,10.049,1.158,9.121e-16,prime,0
3982,1,z:ilp,nat-oop,23172,27395,10.276,1.182,9.121e-16,prime,1
3983,1,z:ilp,nat-oop,24371,27051,9.773,1.110,8.490e-16,prime,0
3983,1,z:ilp,nat-oop,24514,27128,9.716,1.107,8.490e-16,prime,1
3984,1,z:ilp,nat-oop,23733,45616,10.038,1.922,9.860e-16,prime,0
3984,1,z:ilp,nat-oop,23617,45641,10.088,1.933,9.860e-16,prime,1
3985,1,z:ilp,nat-oop,23725,27333,10.045,1.152,9.491e-16,prime,0
3985,1,z:ilp,nat-oop,23518,27107,10.133,1.153,9.491e-16,prime,1
3986,1,z:ilp,nat-oop,23132,27157,10.305,1.174,8.382e-16,prime,0
3986,1,z:ilp,nat-oop,34734,27507,6.863,0.792,8.382e-16,prime,1
3987,1,z:ilp,nat-oop,23579,27054,10.113,1.147,9.160e-16,prime,0
3987,1,z:ilp,nat-oop,24438,27273,9.757,1.116,9.160e-16,prime,1
3988,1,z:ilp,nat-oop,29453,26952,8.098,0.915,1.006e-15,prime,0
3988,1,z:ilp,nat-oop,23292,27031,10.240,1.161,1.006e-15,prime,1
3989,1,z:ilp,nat-oop,24361,27224,9.793,1.118,8.411e-16,prime,0
3989,1,z:ilp,nat-oop,24334,27292,9.804,1.122,8.411e-16,prime,1
3990,1,z:ilp,nat-oop,7649,12117,31.200,1.584,1.210e-15,chain3,0
3990,1,z:ilp,nat-oop,7658,12070,31.164,1.576,1.210e-15,chain3,1
3991,1,z:ilp,nat-oop,23634,27150,10.101,1.149,8.937e-16,prime,0
3991,1,z:ilp,nat-oop,23658,27675,10.090,1.170,8.937e-16,prime,1
3992,1,z:ilp,nat-oop,23176,27406,10.303,1.183,9.009e-16,prime,0
3992,1,z:ilp,nat-oop,23593,27043,10.121,1.146,9.009e-16,prime,1
3993,1,z:ilp,nat-oop,9216,7655,25.918,0.831,1.279e-15,flat,0
3993,1,z:ilp,nat-oop,8510,7683,28.065,0.903,1.279e-15,flat,1
3994,1,z:ilp,nat-oop,24070,27117,9.926,1.127,8.544e-16,prime,0
3994,1,z:ilp,nat-oop,24039,27204,9.939,1.132,8.544e-16,prime,1
3995,1,z:ilp,nat-oop,25143,36368,9.505,1.446,3.144e-15,chain3,0
3995,1,z:ilp,nat-oop,19068,36337,12.533,1.906,3.144e-15,chain3,1
3996,1,z:ilp,nat-oop,14101,19279,16.952,1.367,2.177e-15,chain3,0
3996,1,z:ilp,nat-oop,16284,19274,14.680,1.184,2.177e-15,chain3,1
3997,1,z:ilp,nat-oop,24372,27129,9.811,1.113,1.199e-15,prime,0
3997,1,z:ilp,nat-oop,24041,27065,9.946,1.126,1.199e-15,prime,1
3998,1,z:ilp,nat-oop,23635,27175,10.120,1.150,6.972e-16,prime,0
3998,1,z:ilp,nat-oop,23626,27246,10.124,1.153,6.972e-16,prime,1
3999,1,z:ilp,nat-oop,28205,41101,8.482,1.457,2.849e-15,chain3,0
3999,1,z:ilp,nat-oop,20683,40992,11.567,1.982,2.849e-15,chain3,1
4000,1,z:ilp,nat-oop,4020,7370,59.537,1.833,4.812e-16,ztt,0
4000,1,z:ilp,nat-oop,4008,7363,59.709,1.837,4.812e-16,ztt,1
4001,1,z:ilp,nat-oop,15281,27168,15.666,1.778,8.765e-16,prime,0
4001,1,z:ilp,nat-oop,15236,27390,15.711,1.798,8.765e-16,prime,1
4002,1,z:ilp,nat-oop,19335,21612,12.384,1.118,2.578e-15,flat,0
4002,1,z:ilp,nat-oop,18477,21632,12.959,1.171,2.578e-15,flat,1
4003,1,z:ilp,nat-oop,29402,27222,8.146,0.926,8.831e-16,prime,0
4003,1,z:ilp,nat-oop,23674,27249,10.117,1.151,8.831e-16,prime,1
4004,1,z:ilp,nat-oop,7042,7670,34.022,1.089,1.495e-15,flat,0
4004,1,z:ilp,nat-oop,7161,7662,33.459,1.070,1.495e-15,flat,1
4005,1,z:ilp,nat-oop,24155,70860,9.921,2.934,7.434e-16,prime,0
4005,1,z:ilp,nat-oop,24059,70924,9.961,2.948,7.434e-16,prime,1
4006,1,z:ilp,nat-oop,23675,27548,10.125,1.164,8.983e-16,prime,0
4006,1,z:ilp,nat-oop,23632,27199,10.144,1.151,8.983e-16,prime,1
4007,1,z:ilp,nat-oop,23705,27324,10.115,1.153,9.218e-16,prime,0
4007,1,z:ilp,nat-oop,23743,27021,10.099,1.138,9.218e-16,prime,1
4008,1,z:ilp,nat-oop,23841,27231,10.061,1.142,9.411e-16,prime,0
4008,1,z:ilp,nat-oop,23856,27115,10.054,1.137,9.411e-16,prime,1
4009,1,z:ilp,nat-oop,24450,27227,9.813,1.114,8.932e-16,prime,0
4009,1,z:ilp,nat-oop,23865,27171,10.053,1.139,8.932e-16,prime,1
4010,1,z:ilp,nat-oop,23424,27240,10.245,1.163,1.039e-15,prime,0
4010,1,z:ilp,nat-oop,23503,27249,10.211,1.159,1.039e-15,prime,1
4011,1,z:ilp,nat-oop,24417,27070,9.831,1.109,9.487e-16,prime,0
4011,1,z:ilp,nat-oop,23897,27204,10.045,1.138,9.487e-16,prime,1
4012,1,z:ilp,nat-oop,23484,35433,10.225,1.509,1.002e-15,prime,0
4012,1,z:ilp,nat-oop,23532,35402,10.204,1.504,1.002e-15,prime,1
4013,1,z:ilp,nat-oop,23829,27268,10.079,1.144,9.193e-16,prime,0
4013,1,z:ilp,nat-oop,23927,27142,10.038,1.134,9.193e-16,prime,1
4014,1,z:ilp,nat-oop,23556,27208,10.199,1.155,1.047e-15,prime,0
4014,1,z:ilp,nat-oop,24168,27270,9.941,1.128,1.047e-15,prime,1
4015,1,z:ilp,nat-oop,23673,53111,10.152,2.244,7.298e-16,prime,0
4015,1,z:ilp,nat-oop,23730,53022,10.127,2.234,7.298e-16,prime,1
4016,1,z:ilp,nat-oop,23495,27077,10.231,1.152,1.027e-15,prime,0
4016,1,z:ilp,nat-oop,24021,27203,10.007,1.132,1.027e-15,prime,1
4017,1,z:ilp,nat-oop,23703,27330,10.144,1.153,1.248e-15,prime,0
4017,1,z:ilp,nat-oop,23211,27347,10.360,1.178,1.248e-15,prime,1
4018,1,z:ilp,nat-oop,24304,21926,9.896,0.902,4.226e-15,flat,0
4018,1,z:ilp,nat-oop,24186,21874,9.945,0.904,4.226e-15,flat,1
4019,1,z:ilp,nat-oop,23845,27175,10.090,1.140,1.196e-15,prime,0
4019,1,z:ilp,nat-oop,23945,27203,10.048,1.136,1.196e-15,prime,1
4020,1,z:ilp,nat-oop,24036,36420,10.012,1.515,7.205e-16,prime,0
4020,1,z:ilp,nat-oop,24079,36457,9.994,1.514,7.205e-16,prime,1
4021,1,z:ilp,nat-oop,23169,27456,10.390,1.185,9.544e-16,prime,0
4021,1,z:ilp,nat-oop,23655,27424,10.176,1.159,9.544e-16,prime,1
4022,1,z:ilp,nat-oop,23993,27445,10.036,1.144,9.944e-16,prime,0
4022,1,z:ilp,nat-oop,23468,27370,10.260,1.166,9.944e-16,prime,1
4023,1,z:ilp,nat-oop,23546,27112,10.229,1.151,1.147e-15,prime,0
4023,1,z:ilp,nat-oop,23928,27026,10.066,1.129,1.147e-15,prime,1
4024,1,z:ilp,nat-oop,24003,27154,10.037,1.131,8.459e-16,prime,0
4024,1,z:ilp,nat-oop,23454,27106,10.272,1.156,8.459e-16,prime,1
4025,1,z:ilp,nat-oop,12857,15304,18.744,1.190,1.480e-15,chain3,0
4025,1,z:ilp,nat-oop,12881,15282,18.709,1.186,1.480e-15,chain3,1
4026,1,z:ilp,nat-oop,23130,33270,10.422,1.438,8.006e-16,prime,0
4026,1,z:ilp,nat-oop,23226,33072,10.379,1.424,8.006e-16,prime,1
4027,1,z:ilp,nat-oop,23767,27364,10.145,1.151,8.589e-16,prime,0
4027,1,z:ilp,nat-oop,23689,27148,10.179,1.146,8.589e-16,prime,1
4028,1,z:ilp,nat-oop,23476,32777,10.274,1.396,8.568e-16,prime,0
4028,1,z:ilp,nat-oop,24076,32768,10.018,1.361,8.568e-16,prime,1
4029,1,z:ilp,nat-oop,23902,63808,10.094,2.670,7.905e-16,prime,0
4029,1,z:ilp,nat-oop,24505,63812,9.845,2.604,7.905e-16,prime,1
4030,1,z:ilp,nat-oop,14179,18300,17.021,1.291,1.656e-15,flat,0
4030,1,z:ilp,nat-oop,16825,18414,14.343,1.094,1.656e-15,flat,1
4031,1,z:ilp,nat-oop,24026,27230,10.047,1.133,1.018e-15,prime,0
4031,1,z:ilp,nat-oop,23582,27160,10.236,1.152,1.018e-15,prime,1
4032,1,z:ilp,nat-oop,4358,6883,55.407,1.579,4.021e-16,ztt,0
4032,1,z:ilp,nat-oop,4351,6832,55.492,1.570,4.021e-16,ztt,1
4033,1,z:ilp,nat-oop,24073,27617,10.033,1.147,8.279e-16,prime,0
4033,1,z:ilp,nat-oop,23885,27307,10.112,1.143,8.279e-16,prime,1
4034,1,z:ilp,nat-oop,23549,27177,10.259,1.154,9.738e-16,prime,0
4034,1,z:ilp,nat-oop,24108,27538,10.022,1.142,9.738e-16,prime,1
4035,1,z:ilp,nat-oop,23862,27106,10.128,1.136,1.023e-15,prime,0
4035,1,z:ilp,nat-oop,23573,27269,10.252,1.157,1.023e-15,prime,1
4036,1,z:ilp,nat-oop,23639,27283,10.226,1.154,1.034e-15,prime,0
4036,1,z:ilp,nat-oop,23395,27337,10.332,1.168,1.034e-15,prime,1
4037,1,z:ilp,nat-oop,23192,27360,10.426,1.180,1.164e-15,prime,0
4037,1,z:ilp,nat-oop,23181,27364,10.431,1.180,1.164e-15,prime,1
4038,1,z:ilp,nat-oop,23141,27369,10.452,1.183,1.027e-15,prime,0
4038,1,z:ilp,nat-oop,29778,27212,8.122,0.914,1.027e-15,prime,1
4039,1,z:ilp,nat-oop,23919,27042,10.115,1.131,1.065e-15,prime,0
4039,1,z:ilp,nat-oop,24415,27041,9.909,1.108,1.065e-15,prime,1
4040,1,z:ilp,nat-oop,23469,60868,10.311,2.594,6.256e-16,prime,0
4040,1,z:ilp,nat-oop,35003,60809,6.914,1.737,6.256e-16,prime,1
4041,1,z:ilp,nat-oop,23661,27301,10.231,1.154,1.099e-15,prime,0
4041,1,z:ilp,nat-oop,23485,27209,10.307,1.159,1.099e-15,prime,1
4042,1,z:ilp,nat-oop,23444,39921,10.328,1.703,7.888e-16,prime,0
4042,1,z:ilp,nat-oop,23522,39894,10.294,1.696,7.888e-16,prime,1
4043,1,z:ilp,nat-oop,23104,27219,10.483,1.178,9.150e-16,prime,0
4043,1,z:ilp,nat-oop,23764,27324,10.192,1.150,9.150e-16,prime,1
4044,1,z:ilp,nat-oop,23634,27048,10.251,1.144,8.770e-16,prime,0
4044,1,z:ilp,nat-oop,23177,27406,10.453,1.182,8.770e-16,prime,1
4045,1,z:ilp,nat-oop,24421,27252,9.923,1.116,1.037e-15,prime,0
4045,1,z:ilp,nat-oop,23566,27405,10.283,1.163,1.037e-15,prime,1
4046,1,z:ilp,nat-oop,12096,16180,20.040,1.338,1.621e-15,flat,0
4046,1,z:ilp,nat-oop,12396,16200,19.555,1.307,1.621e-15,flat,1
4047,1,z:ilp,nat-oop,23149,57657,10.474,2.491,9.420e-16,prime,0
4047,1,z:ilp,nat-oop,24167,57735,10.033,2.389,9.420e-16,prime,1
4048,1,z:ilp,nat-oop,8195,13505,29.596,1.648,1.666e-15,chain3,0
4048,1,z:ilp,nat-oop,7248,13483,33.464,1.860,1.666e-15,chain3,1
4049,1,z:ilp,nat-oop,23499,27245,10.324,1.159,1.239e-15,prime,0
4049,1,z:ilp,nat-oop,23471,27526,10.336,1.173,1.239e-15,prime,1
4050,1,z:ilp,nat-oop,6659,7588,36.442,1.139,7.459e-16,chain3,0
4050,1,z:ilp,nat-oop,7231,7609,33.560,1.052,7.459e-16,chain3,1
4051,1,z:ilp,nat-oop,24454,27094,9.926,1.108,1.039e-15,prime,0
4051,1,z:ilp,nat-oop,23933,27019,10.142,1.129,1.039e-15,prime,1
4052,1,z:ilp,nat-oop,23650,27213,10.266,1.151,1.051e-15,prime,0
4052,1,z:ilp,nat-oop,23180,27362,10.475,1.180,1.051e-15,prime,1
4053,1,z:ilp,nat-oop,23743,27371,10.229,1.153,9.950e-16,prime,0
4053,1,z:ilp,nat-oop,23707,27265,10.245,1.150,9.950e-16,prime,1
4054,1,z:ilp,nat-oop,23134,27402,10.501,1.185,9.123e-16,prime,0
4054,1,z:ilp,nat-oop,32544,27166,7.465,0.835,9.123e-16,prime,1
4055,1,z:ilp,nat-oop,23759,27045,10.228,1.138,8.170e-16,prime,0
4055,1,z:ilp,nat-oop,23995,27048,10.127,1.127,8.170e-16,prime,1
4056,1,z:ilp,nat-oop,7467,7805,32.554,1.045,1.353e-15,flat,0
4056,1,z:ilp,nat-oop,7379,7728,32.940,1.047,1.353e-15,flat,1
4057,1,z:ilp,nat-oop,23179,27305,10.490,1.178,9.533e-16,prime,0
4057,1,z:ilp,nat-oop,23749,27378,10.238,1.153,9.533e-16,prime,1
4058,1,z:ilp,nat-oop,23734,27195,10.247,1.146,7.757e-16,prime,0
4058,1,z:ilp,nat-oop,23716,27504,10.255,1.160,7.757e-16,prime,1
4059,1,z:ilp,nat-oop,13878,27435,17.529,1.977,2.078e-15,chain3,0
4059,1,z:ilp,nat-oop,18455,27405,13.182,1.485,2.078e-15,chain3,1
4060,1,z:ilp,nat-oop,14802,16226,16.440,1.096,1.515e-15,flat,0
4060,1,z:ilp,nat-oop,10920,16342,22.284,1.497,1.515e-15,flat,1
4061,1,z:ilp,nat-oop,23715,27447,10.264,1.157,8.492e-16,prime,0
4061,1,z:ilp,nat-oop,23685,27467,10.277,1.160,8.492e-16,prime,1
4062,1,z:ilp,nat-oop,23437,27207,10.389,1.161,8.616e-16,prime,0
4062,1,z:ilp,nat-oop,24157,27178,10.079,1.125,8.616e-16,prime,1
4063,1,z:ilp,nat-oop,23518,27331,10.356,1.162,8.724e-16,prime,0
4063,1,z:ilp,nat-oop,29213,27029,8.337,0.925,8.724e-16,prime,1
4064,1,z:ilp,nat-oop,23253,76115,10.476,3.273,8.065e-16,prime,0
4064,1,z:ilp,nat-oop,23210,76216,10.496,3.284,8.065e-16,prime,1
4065,1,z:ilp,nat-oop,23202,27297,10.502,1.176,9.380e-16,prime,0
4065,1,z:ilp,nat-oop,23770,27341,10.251,1.150,9.380e-16,prime,1
4066,1,z:ilp,nat-oop,23141,68386,10.533,2.955,8.091e-16,prime,0
4066,1,z:ilp,nat-oop,23239,68260,10.488,2.937,8.091e-16,prime,1
4067,1,z:ilp,nat-oop,23672,63391,10.299,2.678,1.007e-15,prime,0
4067,1,z:ilp,nat-oop,23732,63480,10.274,2.675,1.007e-15,prime,1
4068,1,z:ilp,nat-oop,24227,69031,10.066,2.849,9.683e-16,prime,0
4068,1,z:ilp,nat-oop,26205,69080,9.307,2.636,9.683e-16,prime,1
4069,1,z:ilp,nat-oop,24086,27400,10.128,1.138,9.410e-16,prime,0
4069,1,z:ilp,nat-oop,23725,27470,10.282,1.158,9.410e-16,prime,1
4070,1,z:ilp,nat-oop,18020,20777,13.542,1.153,1.894e-15,chain3,0
4070,1,z:ilp,nat-oop,19738,20694,12.363,1.048,1.894e-15,chain3,1
4071,1,z:ilp,nat-oop,23916,49823,10.206,2.083,7.167e-16,prime,0
4071,1,z:ilp,nat-oop,24484,49743,9.969,2.032,7.167e-16,prime,1
4072,1,z:ilp,nat-oop,23742,27157,10.284,1.144,1.392e-15,prime,0
4072,1,z:ilp,nat-oop,23769,27382,10.271,1.152,1.392e-15,prime,1
4073,1,z:ilp,nat-oop,23722,27180,10.295,1.146,9.211e-16,prime,0
4073,1,z:ilp,nat-oop,23716,27394,10.297,1.155,9.211e-16,prime,1
4074,1,z:ilp,nat-oop,24085,57785,10.142,2.399,9.344e-16,prime,0
4074,1,z:ilp,nat-oop,24155,57531,10.113,2.382,9.344e-16,prime,1
4075,1,z:ilp,nat-oop,23622,27132,10.344,1.149,9.112e-16,prime,0
4075,1,z:ilp,nat-oop,23618,27160,10.346,1.150,9.112e-16,prime,1
4076,1,z:ilp,nat-oop,23710,27214,10.309,1.148,8.605e-16,prime,0
4076,1,z:ilp,nat-oop,29771,27208,8.210,0.914,8.605e-16,prime,1
4077,1,z:ilp,nat-oop,24424,27236,10.010,1.115,1.107e-15,prime,0
4077,1,z:ilp,nat-oop,23959,27232,10.204,1.137,1.107e-15,prime,1
4078,1,z:ilp,nat-oop,23545,27239,10.386,1.157,8.279e-16,prime,0
4078,1,z:ilp,nat-oop,24031,27291,10.176,1.136,8.279e-16,prime,1
4079,1,z:ilp,nat-oop,23479,27083,10.419,1.154,9.568e-16,prime,0
4079,1,z:ilp,nat-oop,24489,27042,9.989,1.104,9.568e-16,prime,1
4080,1,z:ilp,nat-oop,6853,11189,35.704,1.633,9.976e-16,chain3,0
4080,1,z:ilp,nat-oop,6206,11210,39.425,1.806,9.976e-16,chain3,1
4081,1,z:ilp,nat-oop,23587,36875,10.377,1.563,8.757e-16,prime,0
4081,1,z:ilp,nat-oop,23749,36862,10.306,1.552,8.757e-16,prime,1
4082,1,z:ilp,nat-oop,24063,27218,10.174,1.131,1.203e-15,prime,0
4082,1,z:ilp,nat-oop,29021,27236,8.436,0.938,1.203e-15,prime,1
4083,1,z:ilp,nat-oop,23556,27110,10.396,1.151,9.584e-16,prime,0
4083,1,z:ilp,nat-oop,35470,27077,6.904,0.763,9.584e-16,prime,1
4084,1,z:ilp,nat-oop,24101,27086,10.163,1.124,9.153e-16,prime,0
4084,1,z:ilp,nat-oop,30158,27078,8.122,0.898,9.153e-16,prime,1
4085,1,z:ilp,nat-oop,16819,35322,14.568,2.100,2.682e-15,flat,0
4085,1,z:ilp,nat-oop,23906,35170,10.249,1.471,2.682e-15,flat,1
4086,1,z:ilp,nat-oop,23180,27287,10.573,1.177,1.132e-15,prime,0
4086,1,z:ilp,nat-oop,23822,27333,10.288,1.147,1.132e-15,prime,1
4087,1,z:ilp,nat-oop,34938,85699,7.017,2.453,8.967e-16,prime,0
4087,1,z:ilp,nat-oop,24526,85613,9.996,3.491,8.967e-16,prime,1
4088,1,z:ilp,nat-oop,23530,41080,10.422,1.746,8.195e-16,prime,0
4088,1,z:ilp,nat-oop,23482,41105,10.443,1.750,8.195e-16,prime,1
4089,1,z:ilp,nat-oop,32910,44056,7.453,1.339,2.665e-15,chain3,0
4089,1,z:ilp,nat-oop,22186,43891,11.056,1.978,2.665e-15,chain3,1
4090,1,z:ilp,nat-oop,23188,27256,10.581,1.175,1.241e-15,prime,0
4090,1,z:ilp,nat-oop,27527,27227,8.913,0.989,1.241e-15,prime,1
4091,1,z:ilp,nat-oop,23464,27318,10.460,1.164,9.239e-16,prime,0
4091,1,z:ilp,nat-oop,23613,27111,10.394,1.148,9.239e-16,prime,1
4092,1,z:ilp,nat-oop,13003,17444,18.879,1.342,1.631e-15,chain3,0
4092,1,z:ilp,nat-oop,12392,17445,19.811,1.408,1.631e-15,chain3,1
4093,1,z:ilp,nat-oop,23501,27338,10.449,1.163,9.133e-16,prime,0
4093,1,z:ilp,nat-oop,23546,27375,10.429,1.163,9.133e-16,prime,1
4094,1,z:ilp,nat-oop,23746,58178,10.344,2.450,1.061e-15,prime,0
4094,1,z:ilp,nat-oop,23354,58160,10.517,2.490,1.061e-15,prime,1
4095,1,z:ilp,nat-oop,8992,8419,27.325,0.936,1.013e-15,chain3,0
4095,1,z:ilp,nat-oop,7563,8420,32.487,1.113,1.013e-15,chain3,1
4096,1,z:ilp,nat-oop,3551,3830,69.204,1.079,3.902e-16,ztt,0
4096,1,z:ilp,nat-oop,3553,3860,69.164,1.086,3.902e-16,ztt,1
