library,N,l2_error,max_error,rt_error
VectorFFT,2049,5.640e-16,6.146e-16,1.443e-15
MKL,2049,4.565e-16,4.492e-16,1.473e-15
VectorFFT,2050,4.303e-16,4.725e-16,1.034e-15
MKL,2050,3.191e-16,3.348e-16,8.812e-16
VectorFFT,2051,5.757e-16,6.364e-16,1.378e-15
MKL,2051,4.640e-16,4.614e-16,1.802e-15
VectorFFT,2052,5.495e-16,6.622e-16,1.403e-15
MKL,2052,2.669e-16,3.454e-16,8.915e-16
VectorFFT,2053,9.322e-16,8.342e-16,2.754e-15
MKL,2053,4.568e-16,4.676e-16,1.411e-15
VectorFFT,2054,5.657e-16,7.094e-16,1.267e-15
MKL,2054,3.281e-16,3.706e-16,1.013e-15
VectorFFT,2055,5.550e-16,7.300e-16,1.378e-15
MKL,2055,4.791e-16,4.678e-16,1.553e-15
VectorFFT,2056,5.630e-16,7.112e-16,1.271e-15
MKL,2056,4.619e-16,4.426e-16,1.417e-15
VectorFFT,2057,7.130e-16,9.674e-16,2.213e-15
MKL,2057,3.400e-16,3.613e-16,1.158e-15
VectorFFT,2058,4.924e-16,5.647e-16,1.921e-15
MKL,2058,2.776e-16,2.714e-16,8.587e-16
VectorFFT,2059,5.583e-16,6.858e-16,1.206e-15
MKL,2059,4.288e-16,4.134e-16,1.644e-15
VectorFFT,2060,5.577e-16,6.841e-16,1.258e-15
MKL,2060,3.170e-16,3.775e-16,1.079e-15
VectorFFT,2061,5.655e-16,7.278e-16,1.428e-15
MKL,2061,4.565e-16,4.763e-16,1.621e-15
VectorFFT,2062,5.636e-16,7.725e-16,1.286e-15
MKL,2062,4.582e-16,4.857e-16,1.581e-15
VectorFFT,2063,5.617e-16,7.608e-16,1.320e-15
MKL,2063,4.631e-16,5.277e-16,1.470e-15
VectorFFT,2064,5.124e-16,5.477e-16,1.678e-15
MKL,2064,2.702e-16,3.188e-16,7.931e-16
VectorFFT,2065,5.535e-16,6.494e-16,1.220e-15
MKL,2065,3.214e-16,3.450e-16,9.307e-16
VectorFFT,2066,5.635e-16,8.102e-16,1.404e-15
MKL,2066,4.559e-16,4.953e-16,1.535e-15
VectorFFT,2067,5.416e-16,6.431e-16,1.201e-15
MKL,2067,3.138e-16,2.930e-16,1.001e-15
VectorFFT,2068,4.522e-16,5.577e-16,1.087e-15
MKL,2068,2.768e-16,3.325e-16,8.050e-16
VectorFFT,2069,5.642e-16,8.261e-16,1.475e-15
MKL,2069,4.598e-16,4.515e-16,1.554e-15
VectorFFT,2070,5.100e-16,4.478e-16,1.492e-15
MKL,2070,3.097e-16,2.996e-16,9.423e-16
VectorFFT,2071,5.522e-16,6.929e-16,1.238e-15
MKL,2071,4.624e-16,6.453e-16,1.510e-15
VectorFFT,2072,4.026e-16,4.818e-16,1.090e-15
MKL,2072,2.629e-16,3.500e-16,7.632e-16
VectorFFT,2073,5.509e-16,6.500e-16,1.233e-15
MKL,2073,4.618e-16,5.259e-16,1.470e-15
VectorFFT,2074,5.722e-16,9.975e-16,1.278e-15
MKL,2074,2.906e-16,2.819e-16,1.001e-15
VectorFFT,2075,5.566e-16,7.564e-16,1.244e-15
MKL,2075,4.247e-16,4.702e-16,1.305e-15
VectorFFT,2076,5.675e-16,9.108e-16,1.376e-15
MKL,2076,4.562e-16,4.782e-16,1.601e-15
VectorFFT,2077,5.706e-16,7.000e-16,1.355e-15
MKL,2077,3.236e-16,3.437e-16,9.779e-16
VectorFFT,2078,5.551e-16,7.045e-16,1.816e-15
MKL,2078,4.552e-16,5.289e-16,1.396e-15
VectorFFT,2079,4.893e-16,5.156e-16,1.159e-15
MKL,2079,4.308e-16,5.130e-16,1.150e-15
VectorFFT,2080,5.015e-16,6.294e-16,1.309e-15
MKL,2080,2.598e-16,2.329e-16,9.059e-16
VectorFFT,2081,8.856e-16,7.421e-16,2.482e-15
MKL,2081,4.683e-16,4.048e-16,1.558e-15
VectorFFT,2082,5.619e-16,7.170e-16,1.327e-15
MKL,2082,4.620e-16,4.255e-16,1.567e-15
VectorFFT,2083,5.697e-16,7.423e-16,1.236e-15
MKL,2083,4.554e-16,3.761e-16,1.546e-15
VectorFFT,2084,5.542e-16,9.008e-16,1.267e-15
MKL,2084,4.607e-16,4.051e-16,1.733e-15
VectorFFT,2085,5.592e-16,7.785e-16,1.292e-15
MKL,2085,4.806e-16,5.600e-16,1.403e-15
VectorFFT,2086,5.585e-16,7.111e-16,1.293e-15
MKL,2086,3.569e-16,4.087e-16,1.141e-15
VectorFFT,2087,5.563e-16,7.624e-16,1.275e-15
MKL,2087,4.670e-16,4.331e-16,1.557e-15
VectorFFT,2088,5.785e-16,6.144e-16,1.788e-15
MKL,2088,2.639e-16,2.775e-16,7.974e-16
VectorFFT,2089,9.011e-16,8.313e-16,2.190e-15
MKL,2089,4.697e-16,5.129e-16,1.693e-15
VectorFFT,2090,4.636e-16,5.756e-16,1.181e-15
MKL,2090,2.872e-16,3.557e-16,1.054e-15
VectorFFT,2091,5.382e-16,5.681e-16,1.325e-15
MKL,2091,3.133e-16,3.332e-16,9.488e-16
VectorFFT,2092,5.406e-16,8.722e-16,1.249e-15
MKL,2092,4.635e-16,4.698e-16,1.459e-15
VectorFFT,2093,5.783e-16,6.629e-16,2.136e-15
MKL,2093,2.947e-16,3.573e-16,8.315e-16
VectorFFT,2094,5.542e-16,4.984e-16,1.358e-15
MKL,2094,4.672e-16,3.621e-16,2.004e-15
VectorFFT,2095,5.724e-16,8.926e-16,1.361e-15
MKL,2095,4.661e-16,4.373e-16,1.453e-15
VectorFFT,2096,5.582e-16,9.518e-16,1.444e-15
MKL,2096,3.203e-16,5.107e-16,1.256e-15
VectorFFT,2097,5.647e-16,6.630e-16,1.250e-15
MKL,2097,4.552e-16,4.925e-16,1.425e-15
VectorFFT,2098,5.577e-16,8.489e-16,1.260e-15
MKL,2098,4.588e-16,6.287e-16,1.857e-15
VectorFFT,2099,5.705e-16,5.759e-16,1.318e-15
MKL,2099,4.787e-16,4.273e-16,1.586e-15
VectorFFT,2100,4.413e-16,4.811e-16,1.117e-15
MKL,2100,2.838e-16,2.585e-16,9.590e-16
VectorFFT,2101,5.213e-16,7.714e-16,1.353e-15
MKL,2101,4.838e-16,5.409e-16,1.499e-15
VectorFFT,2102,5.651e-16,6.722e-16,1.519e-15
MKL,2102,4.566e-16,4.361e-16,1.377e-15
VectorFFT,2103,5.689e-16,6.438e-16,1.539e-15
MKL,2103,4.740e-16,5.934e-16,1.474e-15
VectorFFT,2104,5.406e-16,6.996e-16,1.227e-15
MKL,2104,4.606e-16,5.333e-16,1.412e-15
VectorFFT,2105,5.626e-16,6.670e-16,1.413e-15
MKL,2105,4.698e-16,4.408e-16,1.531e-15
VectorFFT,2106,6.163e-16,8.011e-16,1.635e-15
MKL,2106,3.041e-16,3.532e-16,1.050e-15
VectorFFT,2107,4.511e-16,5.315e-16,1.106e-15
MKL,2107,3.026e-16,2.957e-16,8.590e-16
VectorFFT,2108,7.196e-16,9.984e-16,2.444e-15
MKL,2108,2.646e-16,2.957e-16,8.117e-16
VectorFFT,2109,6.407e-16,8.040e-16,2.211e-15
MKL,2109,3.403e-16,3.801e-16,1.270e-15
VectorFFT,2110,5.428e-16,8.887e-16,1.286e-15
MKL,2110,4.574e-16,4.435e-16,1.463e-15
VectorFFT,2111,5.572e-16,7.339e-16,1.155e-15
MKL,2111,4.714e-16,4.604e-16,1.420e-15
VectorFFT,2112,4.673e-16,4.969e-16,9.482e-16
MKL,2112,2.471e-16,3.413e-16,7.424e-16
VectorFFT,2113,7.892e-16,7.399e-16,2.128e-15
MKL,2113,4.891e-16,5.297e-16,1.540e-15
VectorFFT,2114,5.535e-16,8.537e-16,1.361e-15
MKL,2114,4.595e-16,5.930e-16,1.468e-15
VectorFFT,2115,5.441e-16,7.517e-16,1.296e-15
MKL,2115,3.239e-16,2.923e-16,9.354e-16
VectorFFT,2116,9.607e-16,2.043e-15,3.625e-15
MKL,2116,2.588e-16,3.279e-16,8.937e-16
VectorFFT,2117,5.666e-16,8.110e-16,1.348e-15
MKL,2117,3.353e-16,3.729e-16,1.005e-15
VectorFFT,2118,5.604e-16,9.311e-16,1.441e-15
MKL,2118,4.645e-16,5.197e-16,1.435e-15
VectorFFT,2119,5.629e-16,7.343e-16,1.396e-15
MKL,2119,4.624e-16,4.150e-16,1.621e-15
VectorFFT,2120,5.651e-16,8.469e-16,1.542e-15
MKL,2120,2.822e-16,3.441e-16,8.280e-16
VectorFFT,2121,5.541e-16,5.569e-16,1.363e-15
MKL,2121,4.700e-16,3.905e-16,1.440e-15
VectorFFT,2122,5.394e-16,6.727e-16,1.248e-15
MKL,2122,4.593e-16,4.312e-16,1.533e-15
VectorFFT,2123,5.347e-16,9.782e-16,1.410e-15
MKL,2123,4.593e-16,5.884e-16,1.478e-15
VectorFFT,2124,5.761e-16,8.932e-16,1.351e-15
MKL,2124,2.833e-16,3.198e-16,9.005e-16
VectorFFT,2125,5.238e-16,5.565e-16,1.250e-15
MKL,2125,3.702e-16,4.058e-16,1.173e-15
VectorFFT,2126,5.588e-16,6.897e-16,1.173e-15
MKL,2126,4.617e-16,5.091e-16,1.397e-15
VectorFFT,2127,5.594e-16,7.763e-16,1.220e-15
MKL,2127,4.694e-16,5.240e-16,1.812e-15
VectorFFT,2128,4.421e-16,4.505e-16,1.066e-15
MKL,2128,2.550e-16,2.231e-16,9.021e-16
VectorFFT,2129,7.821e-16,8.683e-16,2.272e-15
MKL,2129,4.671e-16,5.143e-16,1.554e-15
VectorFFT,2130,5.472e-16,8.006e-16,1.225e-15
MKL,2130,3.219e-16,4.468e-16,1.010e-15
VectorFFT,2131,5.589e-16,7.074e-16,1.518e-15
MKL,2131,4.732e-16,4.853e-16,1.599e-15
VectorFFT,2132,5.014e-16,7.494e-16,1.244e-15
MKL,2132,2.684e-16,3.355e-16,8.501e-16
VectorFFT,2133,5.569e-16,7.486e-16,1.274e-15
MKL,2133,3.334e-16,3.857e-16,1.226e-15
VectorFFT,2134,5.512e-16,9.402e-16,1.326e-15
MKL,2134,3.162e-16,3.915e-16,1.129e-15
VectorFFT,2135,5.728e-16,9.391e-16,1.410e-15
MKL,2135,3.230e-16,3.385e-16,9.529e-16
VectorFFT,2136,5.376e-16,6.988e-16,1.221e-15
MKL,2136,3.051e-16,4.790e-16,9.849e-16
VectorFFT,2137,5.529e-16,6.975e-16,1.361e-15
MKL,2137,4.890e-16,5.183e-16,1.823e-15
VectorFFT,2138,5.610e-16,6.392e-16,1.434e-15
MKL,2138,4.560e-16,3.911e-16,1.652e-15
VectorFFT,2139,7.487e-16,1.027e-15,2.765e-15
MKL,2139,4.557e-16,4.656e-16,1.498e-15
VectorFFT,2140,5.803e-16,8.548e-16,1.320e-15
MKL,2140,3.340e-16,4.584e-16,1.145e-15
VectorFFT,2141,5.676e-16,1.026e-15,1.283e-15
MKL,2141,4.606e-16,4.638e-16,1.520e-15
VectorFFT,2142,5.759e-16,7.403e-16,1.399e-15
MKL,2142,2.834e-16,3.141e-16,1.071e-15
VectorFFT,2143,1.038e-15,9.075e-16,2.673e-15
MKL,2143,4.667e-16,3.962e-16,1.607e-15
VectorFFT,2144,5.643e-16,1.034e-15,1.466e-15
MKL,2144,2.750e-16,3.171e-16,1.059e-15
VectorFFT,2145,5.591e-16,5.461e-16,1.452e-15
MKL,2145,3.338e-16,4.571e-16,1.061e-15
VectorFFT,2146,1.540e-15,2.940e-15,6.357e-15
MKL,2146,2.926e-16,4.036e-16,8.819e-16
VectorFFT,2147,5.676e-16,7.826e-16,1.371e-15
MKL,2147,4.701e-16,4.733e-16,1.294e-15
VectorFFT,2148,5.588e-16,7.015e-16,1.317e-15
MKL,2148,4.625e-16,5.087e-16,1.651e-15
VectorFFT,2149,5.540e-16,7.090e-16,1.379e-15
MKL,2149,4.614e-16,5.362e-16,1.278e-15
VectorFFT,2150,4.674e-16,4.246e-16,1.329e-15
MKL,2150,3.000e-16,3.224e-16,1.041e-15
VectorFFT,2151,5.705e-16,5.641e-16,1.534e-15
MKL,2151,4.785e-16,4.505e-16,1.556e-15
VectorFFT,2152,5.707e-16,9.107e-16,1.247e-15
MKL,2152,4.562e-16,4.765e-16,1.388e-15
VectorFFT,2153,5.603e-16,7.068e-16,1.310e-15
MKL,2153,4.671e-16,5.021e-16,1.569e-15
VectorFFT,2154,5.456e-16,8.887e-16,1.416e-15
MKL,2154,4.717e-16,5.404e-16,1.918e-15
VectorFFT,2155,5.739e-16,7.889e-16,1.273e-15
MKL,2155,4.608e-16,4.709e-16,1.484e-15
VectorFFT,2156,4.884e-16,7.505e-16,1.701e-15
MKL,2156,2.706e-16,3.050e-16,9.372e-16
VectorFFT,2157,5.401e-16,6.390e-16,1.319e-15
MKL,2157,4.691e-16,3.966e-16,1.463e-15
VectorFFT,2158,5.595e-16,7.213e-16,1.288e-15
MKL,2158,3.112e-16,3.205e-16,9.642e-16
VectorFFT,2159,5.504e-16,7.342e-16,1.296e-15
MKL,2159,4.771e-16,5.052e-16,1.491e-15
VectorFFT,2160,5.207e-16,5.484e-16,1.084e-15
MKL,2160,2.677e-16,3.268e-16,8.476e-16
VectorFFT,2161,7.539e-16,7.877e-16,2.102e-15
MKL,2161,4.750e-16,5.123e-16,1.479e-15
VectorFFT,2162,8.743e-16,1.114e-15,3.041e-15
MKL,2162,3.117e-16,4.907e-16,9.470e-16
VectorFFT,2163,5.568e-16,8.134e-16,1.175e-15
MKL,2163,4.621e-16,4.572e-16,1.478e-15
VectorFFT,2164,5.644e-16,5.941e-16,1.209e-15
MKL,2164,4.532e-16,3.831e-16,1.388e-15
VectorFFT,2165,5.781e-16,8.819e-16,1.287e-15
MKL,2165,4.825e-16,5.112e-16,1.704e-15
VectorFFT,2166,5.370e-16,5.833e-16,1.443e-15
MKL,2166,2.825e-16,3.543e-16,1.007e-15
VectorFFT,2167,5.402e-16,6.705e-16,1.381e-15
MKL,2167,4.704e-16,4.735e-16,1.554e-15
VectorFFT,2168,5.459e-16,9.356e-16,1.265e-15
MKL,2168,4.544e-16,5.748e-16,1.632e-15
VectorFFT,2169,5.707e-16,1.003e-15,1.267e-15
MKL,2169,4.801e-16,5.136e-16,1.660e-15
VectorFFT,2170,4.753e-16,4.981e-16,1.287e-15
MKL,2170,2.959e-16,3.332e-16,8.951e-16
VectorFFT,2171,5.750e-16,7.310e-16,1.339e-15
MKL,2171,5.012e-16,5.578e-16,1.825e-15
VectorFFT,2172,5.277e-16,6.534e-16,1.316e-15
MKL,2172,4.655e-16,4.025e-16,1.485e-15
VectorFFT,2173,5.652e-16,9.844e-16,1.259e-15
MKL,2173,4.201e-16,4.679e-16,1.535e-15
VectorFFT,2174,5.746e-16,6.928e-16,1.315e-15
MKL,2174,4.686e-16,5.269e-16,1.700e-15
VectorFFT,2175,5.106e-16,4.883e-16,1.257e-15
MKL,2175,3.246e-16,3.148e-16,9.906e-16
VectorFFT,2176,4.750e-16,5.818e-16,1.098e-15
MKL,2176,2.356e-16,3.316e-16,8.332e-16
VectorFFT,2177,5.719e-16,6.550e-16,1.263e-15
MKL,2177,4.696e-16,4.988e-16,1.689e-15
VectorFFT,2178,6.232e-16,7.906e-16,1.875e-15
MKL,2178,2.902e-16,3.442e-16,9.379e-16
VectorFFT,2179,5.781e-16,6.920e-16,1.247e-15
MKL,2179,4.923e-16,5.787e-16,1.663e-15
VectorFFT,2180,5.457e-16,6.845e-16,1.554e-15
MKL,2180,3.245e-16,5.320e-16,9.655e-16
VectorFFT,2181,5.711e-16,7.854e-16,1.434e-15
MKL,2181,4.913e-16,5.252e-16,1.631e-15
VectorFFT,2182,5.583e-16,8.047e-16,1.260e-15
MKL,2182,4.711e-16,5.306e-16,1.524e-15
VectorFFT,2183,5.384e-16,7.620e-16,1.292e-15
MKL,2183,3.816e-16,4.250e-16,1.385e-15
VectorFFT,2184,5.039e-16,5.497e-16,1.270e-15
MKL,2184,2.663e-16,3.061e-16,8.347e-16
VectorFFT,2185,5.081e-16,6.246e-16,1.384e-15
MKL,2185,3.900e-16,4.565e-16,1.171e-15
VectorFFT,2186,5.724e-16,8.083e-16,1.365e-15
MKL,2186,4.526e-16,5.532e-16,1.447e-15
VectorFFT,2187,5.955e-16,6.988e-16,1.288e-15
MKL,2187,4.073e-16,5.422e-16,1.280e-15
VectorFFT,2188,5.573e-16,6.557e-16,1.386e-15
MKL,2188,4.541e-16,4.826e-16,1.635e-15
VectorFFT,2189,5.343e-16,9.003e-16,1.316e-15
MKL,2189,4.733e-16,5.386e-16,1.513e-15
VectorFFT,2190,5.598e-16,7.183e-16,1.439e-15
MKL,2190,3.440e-16,4.022e-16,1.307e-15
VectorFFT,2191,5.764e-16,7.265e-16,1.386e-15
MKL,2191,4.806e-16,5.013e-16,1.756e-15
VectorFFT,2192,5.417e-16,7.980e-16,1.272e-15
MKL,2192,3.338e-16,5.580e-16,1.050e-15
VectorFFT,2193,5.749e-16,6.317e-16,1.628e-15
MKL,2193,3.705e-16,3.320e-16,1.150e-15
VectorFFT,2194,5.817e-16,9.153e-16,1.386e-15
MKL,2194,4.725e-16,5.282e-16,1.440e-15
VectorFFT,2195,5.892e-16,8.242e-16,1.427e-15
MKL,2195,4.676e-16,4.840e-16,1.475e-15
VectorFFT,2196,5.435e-16,7.046e-16,1.371e-15
MKL,2196,2.869e-16,3.015e-16,9.497e-16
VectorFFT,2197,7.931e-16,9.051e-16,2.834e-15
MKL,2197,3.043e-16,3.181e-16,9.442e-16
VectorFFT,2198,5.715e-16,6.903e-16,1.314e-15
MKL,2198,4.668e-16,4.949e-16,1.531e-15
VectorFFT,2199,5.478e-16,6.055e-16,1.426e-15
MKL,2199,4.706e-16,5.448e-16,1.568e-15
VectorFFT,2200,5.215e-16,6.723e-16,1.433e-15
MKL,2200,2.654e-16,2.485e-16,8.466e-16
VectorFFT,2201,5.644e-16,7.749e-16,1.317e-15
MKL,2201,3.322e-16,3.470e-16,1.089e-15
VectorFFT,2202,5.696e-16,6.175e-16,1.349e-15
MKL,2202,4.756e-16,5.665e-16,1.579e-15
VectorFFT,2203,5.794e-16,7.441e-16,1.393e-15
MKL,2203,4.865e-16,4.886e-16,1.411e-15
VectorFFT,2204,7.118e-16,1.139e-15,3.184e-15
MKL,2204,2.788e-16,3.189e-16,8.925e-16
VectorFFT,2205,4.840e-16,5.278e-16,1.108e-15
MKL,2205,3.233e-16,3.014e-16,1.276e-15
VectorFFT,2206,5.524e-16,6.839e-16,1.374e-15
MKL,2206,4.671e-16,3.906e-16,1.482e-15
VectorFFT,2207,5.543e-16,5.419e-16,1.291e-15
MKL,2207,4.660e-16,4.262e-16,1.374e-15
VectorFFT,2208,5.118e-16,5.737e-16,1.320e-15
MKL,2208,2.454e-16,2.535e-16,8.778e-16
VectorFFT,2209,1.203e-15,2.391e-15,4.287e-15
MKL,2209,4.092e-16,4.545e-16,1.306e-15
VectorFFT,2210,5.852e-16,5.658e-16,1.449e-15
MKL,2210,2.894e-16,2.277e-16,9.064e-16
VectorFFT,2211,5.445e-16,6.477e-16,1.282e-15
MKL,2211,3.664e-16,4.430e-16,1.228e-15
VectorFFT,2212,5.475e-16,6.266e-16,1.147e-15
MKL,2212,2.988e-16,4.009e-16,9.518e-16
VectorFFT,2213,5.651e-16,7.319e-16,1.457e-15
MKL,2213,4.737e-16,4.449e-16,1.544e-15
VectorFFT,2214,5.188e-16,6.560e-16,1.311e-15
MKL,2214,2.878e-16,3.153e-16,9.054e-16
VectorFFT,2215,5.663e-16,5.663e-16,1.388e-15
MKL,2215,4.771e-16,4.413e-16,1.718e-15
VectorFFT,2216,5.687e-16,7.774e-16,1.469e-15
MKL,2216,4.695e-16,5.321e-16,1.479e-15
VectorFFT,2217,5.610e-16,7.673e-16,1.421e-15
MKL,2217,4.684e-16,5.167e-16,1.580e-15
VectorFFT,2218,5.583e-16,6.547e-16,1.446e-15
MKL,2218,4.665e-16,4.409e-16,1.451e-15
VectorFFT,2219,5.560e-16,6.560e-16,1.342e-15
MKL,2219,4.925e-16,4.136e-16,1.513e-15
VectorFFT,2220,4.993e-16,5.453e-16,1.487e-15
MKL,2220,2.780e-16,3.011e-16,8.896e-16
VectorFFT,2221,8.489e-16,9.374e-16,2.278e-15
MKL,2221,4.780e-16,5.872e-16,1.566e-15
VectorFFT,2222,5.351e-16,6.406e-16,1.176e-15
MKL,2222,3.209e-16,5.125e-16,1.231e-15
VectorFFT,2223,8.013e-16,1.037e-15,3.097e-15
MKL,2223,4.490e-16,4.763e-16,1.313e-15
VectorFFT,2224,5.527e-16,6.870e-16,1.554e-15
MKL,2224,3.311e-16,4.801e-16,1.126e-15
VectorFFT,2225,5.700e-16,8.359e-16,1.360e-15
MKL,2225,3.586e-16,4.133e-16,1.110e-15
VectorFFT,2226,5.595e-16,8.345e-16,1.391e-15
MKL,2226,2.999e-16,3.450e-16,9.459e-16
VectorFFT,2227,5.457e-16,6.269e-16,1.313e-15
MKL,2227,4.901e-16,6.311e-16,1.822e-15
VectorFFT,2228,5.442e-16,6.895e-16,1.231e-15
MKL,2228,4.623e-16,5.239e-16,1.507e-15
VectorFFT,2229,5.776e-16,6.935e-16,1.456e-15
MKL,2229,4.851e-16,4.574e-16,1.365e-15
VectorFFT,2230,5.667e-16,7.432e-16,1.489e-15
MKL,2230,4.638e-16,4.983e-16,1.597e-15
VectorFFT,2231,5.713e-16,9.485e-16,1.373e-15
MKL,2231,4.801e-16,5.108e-16,1.374e-15
VectorFFT,2232,5.414e-16,6.098e-16,1.852e-15
MKL,2232,2.664e-16,3.831e-16,9.423e-16
VectorFFT,2233,4.867e-16,7.024e-16,1.119e-15
MKL,2233,3.641e-16,4.716e-16,1.174e-15
VectorFFT,2234,5.574e-16,6.076e-16,1.490e-15
MKL,2234,4.673e-16,4.520e-16,1.587e-15
VectorFFT,2235,5.500e-16,9.222e-16,1.355e-15
MKL,2235,4.638e-16,5.383e-16,1.615e-15
VectorFFT,2236,5.448e-16,6.397e-16,1.286e-15
MKL,2236,2.652e-16,3.383e-16,1.138e-15
VectorFFT,2237,5.649e-16,7.021e-16,1.301e-15
MKL,2237,4.921e-16,5.193e-16,1.610e-15
VectorFFT,2238,5.541e-16,7.939e-16,1.200e-15
MKL,2238,4.636e-16,5.134e-16,1.539e-15
VectorFFT,2239,5.697e-16,6.040e-16,1.457e-15
MKL,2239,4.918e-16,4.427e-16,1.550e-15
VectorFFT,2240,2.938e-16,4.817e-16,8.051e-16
MKL,2240,2.542e-16,3.569e-16,8.325e-16
VectorFFT,2241,5.642e-16,8.222e-16,1.416e-15
MKL,2241,3.818e-16,4.241e-16,1.211e-15
VectorFFT,2242,5.788e-16,6.208e-16,1.444e-15
MKL,2242,3.072e-16,3.106e-16,1.065e-15
VectorFFT,2243,5.574e-16,6.751e-16,1.270e-15
MKL,2243,4.758e-16,5.018e-16,1.644e-15
VectorFFT,2244,5.429e-16,6.815e-16,1.416e-15
MKL,2244,2.756e-16,3.586e-16,9.993e-16
VectorFFT,2245,5.738e-16,9.297e-16,1.283e-15
MKL,2245,4.595e-16,4.857e-16,1.857e-15
VectorFFT,2246,5.623e-16,7.371e-16,1.621e-15
MKL,2246,4.718e-16,5.237e-16,1.598e-15
VectorFFT,2247,5.451e-16,7.274e-16,1.260e-15
MKL,2247,5.078e-16,5.433e-16,1.866e-15
VectorFFT,2248,5.234e-16,7.399e-16,1.223e-15
MKL,2248,4.777e-16,5.078e-16,1.691e-15
VectorFFT,2249,5.428e-16,7.872e-16,1.458e-15
MKL,2249,4.789e-16,4.439e-16,1.493e-15
VectorFFT,2250,4.965e-16,5.486e-16,1.311e-15
MKL,2250,3.436e-16,4.379e-16,1.013e-15
VectorFFT,2251,9.413e-16,8.746e-16,2.467e-15
MKL,2251,4.914e-16,5.717e-16,1.659e-15
VectorFFT,2252,5.613e-16,8.952e-16,1.425e-15
MKL,2252,4.846e-16,4.379e-16,1.720e-15
VectorFFT,2253,5.557e-16,6.555e-16,1.377e-15
MKL,2253,4.862e-16,5.212e-16,1.836e-15
VectorFFT,2254,5.116e-16,5.686e-16,2.255e-15
MKL,2254,2.875e-16,3.319e-16,1.065e-15
VectorFFT,2255,4.527e-16,4.686e-16,1.101e-15
MKL,2255,3.568e-16,3.538e-16,1.120e-15
VectorFFT,2256,4.801e-16,6.664e-16,1.066e-15
MKL,2256,2.706e-16,3.819e-16,9.162e-16
VectorFFT,2257,5.692e-16,7.662e-16,1.337e-15
MKL,2257,3.659e-16,4.198e-16,1.286e-15
VectorFFT,2258,5.590e-16,8.971e-16,1.500e-15
MKL,2258,4.768e-16,5.716e-16,1.701e-15
VectorFFT,2259,5.408e-16,6.354e-16,1.371e-15
MKL,2259,4.903e-16,5.943e-16,1.624e-15
VectorFFT,2260,5.484e-16,7.650e-16,1.391e-15
MKL,2260,3.292e-16,3.727e-16,1.035e-15
VectorFFT,2261,6.075e-16,7.572e-16,1.911e-15
MKL,2261,4.506e-16,4.590e-16,1.443e-15
VectorFFT,2262,5.837e-16,7.286e-16,1.574e-15
MKL,2262,3.078e-16,4.257e-16,1.026e-15
VectorFFT,2263,5.674e-16,9.334e-16,1.169e-15
MKL,2263,3.104e-16,3.010e-16,1.146e-15
VectorFFT,2264,5.542e-16,7.156e-16,1.594e-15
MKL,2264,4.728e-16,4.034e-16,1.576e-15
VectorFFT,2265,5.755e-16,7.765e-16,1.398e-15
MKL,2265,4.748e-16,5.738e-16,1.599e-15
VectorFFT,2266,5.464e-16,7.337e-16,1.456e-15
MKL,2266,3.219e-16,4.166e-16,1.028e-15
VectorFFT,2267,5.686e-16,7.689e-16,1.286e-15
MKL,2267,4.898e-16,4.677e-16,1.551e-15
VectorFFT,2268,5.240e-16,6.178e-16,1.666e-15
MKL,2268,2.681e-16,3.037e-16,8.688e-16
VectorFFT,2269,9.397e-16,9.925e-16,3.389e-15
MKL,2269,4.775e-16,5.172e-16,1.679e-15
VectorFFT,2270,5.516e-16,1.010e-15,1.512e-15
MKL,2270,4.818e-16,5.237e-16,1.760e-15
VectorFFT,2271,5.456e-16,6.356e-16,1.301e-15
MKL,2271,4.855e-16,5.167e-16,1.583e-15
VectorFFT,2272,5.795e-16,6.721e-16,1.396e-15
MKL,2272,2.751e-16,2.785e-16,9.181e-16
VectorFFT,2273,5.441e-16,8.785e-16,1.305e-15
MKL,2273,4.859e-16,5.982e-16,1.650e-15
VectorFFT,2274,5.675e-16,7.204e-16,1.366e-15
MKL,2274,4.765e-16,6.112e-16,1.602e-15
VectorFFT,2275,4.986e-16,5.184e-16,1.362e-15
MKL,2275,4.132e-16,3.749e-16,1.215e-15
VectorFFT,2276,5.585e-16,7.194e-16,1.538e-15
MKL,2276,4.796e-16,5.452e-16,1.595e-15
VectorFFT,2277,5.476e-16,5.408e-16,1.393e-15
MKL,2277,4.641e-16,5.572e-16,1.317e-15
VectorFFT,2278,5.604e-16,7.687e-16,1.394e-15
MKL,2278,2.894e-16,3.451e-16,1.129e-15
VectorFFT,2279,5.686e-16,7.828e-16,1.217e-15
MKL,2279,3.294e-16,3.140e-16,1.096e-15
VectorFFT,2280,5.117e-16,5.468e-16,1.235e-15
MKL,2280,2.675e-16,2.393e-16,9.477e-16
VectorFFT,2281,8.285e-16,7.959e-16,2.281e-15
MKL,2281,4.831e-16,5.170e-16,1.490e-15
VectorFFT,2282,5.727e-16,7.840e-16,1.418e-15
MKL,2282,4.705e-16,5.303e-16,1.529e-15
VectorFFT,2283,5.845e-16,7.154e-16,1.564e-15
MKL,2283,4.876e-16,4.755e-16,1.630e-15
VectorFFT,2284,5.567e-16,6.634e-16,1.365e-15
MKL,2284,4.836e-16,4.268e-16,1.470e-15
VectorFFT,2285,5.814e-16,8.313e-16,1.342e-15
MKL,2285,4.820e-16,5.175e-16,1.582e-15
VectorFFT,2286,5.574e-16,7.498e-16,1.255e-15
MKL,2286,3.509e-16,4.084e-16,1.286e-15
VectorFFT,2287,5.771e-16,6.940e-16,1.323e-15
MKL,2287,4.770e-16,4.788e-16,1.537e-15
VectorFFT,2288,4.962e-16,6.240e-16,1.174e-15
MKL,2288,2.487e-16,2.359e-16,7.756e-16
VectorFFT,2289,5.689e-16,7.665e-16,1.420e-15
MKL,2289,5.040e-16,6.208e-16,1.762e-15
VectorFFT,2290,5.540e-16,6.969e-16,1.246e-15
MKL,2290,4.747e-16,5.108e-16,1.432e-15
VectorFFT,2291,5.559e-16,7.231e-16,1.363e-15
MKL,2291,3.872e-16,4.330e-16,1.335e-15
VectorFFT,2292,5.506e-16,7.099e-16,1.505e-15
MKL,2292,4.775e-16,4.682e-16,1.490e-15
VectorFFT,2293,5.607e-16,7.696e-16,1.426e-15
MKL,2293,4.853e-16,4.639e-16,1.648e-15
VectorFFT,2294,1.052e-15,1.925e-15,4.018e-15
MKL,2294,2.857e-16,4.232e-16,8.544e-16
VectorFFT,2295,6.220e-16,6.564e-16,1.558e-15
MKL,2295,3.203e-16,3.789e-16,1.131e-15
VectorFFT,2296,4.960e-16,5.038e-16,1.572e-15
MKL,2296,2.680e-16,2.961e-16,9.782e-16
VectorFFT,2297,5.631e-16,1.063e-15,1.517e-15
MKL,2297,4.810e-16,4.475e-16,1.539e-15
VectorFFT,2298,5.514e-16,6.245e-16,1.288e-15
MKL,2298,4.895e-16,4.514e-16,1.725e-15
VectorFFT,2299,8.163e-16,1.263e-15,3.138e-15
MKL,2299,3.521e-16,4.178e-16,9.607e-16
VectorFFT,2300,4.981e-16,5.234e-16,1.429e-15
MKL,2300,2.741e-16,3.013e-16,9.208e-16
VectorFFT,2301,5.526e-16,7.283e-16,1.379e-15
MKL,2301,4.452e-16,5.562e-16,1.202e-15
VectorFFT,2302,5.475e-16,6.466e-16,1.255e-15
MKL,2302,4.765e-16,4.914e-16,1.511e-15
VectorFFT,2303,4.353e-16,5.565e-16,1.052e-15
MKL,2303,4.435e-16,5.449e-16,1.853e-15
VectorFFT,2304,3.318e-16,3.802e-16,1.056e-15
MKL,2304,2.366e-16,2.554e-16,8.058e-16
VectorFFT,2305,5.590e-16,6.911e-16,1.328e-15
MKL,2305,4.523e-16,4.081e-16,1.272e-15
VectorFFT,2306,5.613e-16,7.318e-16,1.267e-15
MKL,2306,4.502e-16,4.766e-16,1.353e-15
VectorFFT,2307,5.618e-16,7.517e-16,1.351e-15
MKL,2307,4.567e-16,5.369e-16,1.485e-15
VectorFFT,2308,6.087e-16,7.776e-16,1.474e-15
MKL,2308,4.493e-16,3.705e-16,1.430e-15
VectorFFT,2309,5.616e-16,7.124e-16,1.603e-15
MKL,2309,4.422e-16,3.785e-16,1.443e-15
VectorFFT,2310,4.477e-16,4.262e-16,1.316e-15
MKL,2310,3.122e-16,3.388e-16,1.008e-15
VectorFFT,2311,8.601e-16,9.187e-16,2.414e-15
MKL,2311,4.716e-16,4.838e-16,1.628e-15
VectorFFT,2312,6.017e-16,7.286e-16,1.415e-15
MKL,2312,2.846e-16,3.232e-16,9.539e-16
VectorFFT,2313,5.643e-16,7.496e-16,1.577e-15
MKL,2313,4.770e-16,5.211e-16,1.680e-15
VectorFFT,2314,5.705e-16,7.439e-16,1.358e-15
MKL,2314,3.205e-16,3.403e-16,9.246e-16
VectorFFT,2315,5.738e-16,1.017e-15,1.706e-15
MKL,2315,4.807e-16,5.663e-16,1.596e-15
VectorFFT,2316,5.729e-16,6.737e-16,1.230e-15
MKL,2316,4.544e-16,4.378e-16,1.633e-15
VectorFFT,2317,5.541e-16,6.042e-16,1.352e-15
MKL,2317,4.658e-16,4.395e-16,1.507e-15
VectorFFT,2318,5.792e-16,6.696e-16,1.519e-15
MKL,2318,3.087e-16,3.303e-16,9.552e-16
VectorFFT,2319,5.602e-16,7.270e-16,1.368e-15
MKL,2319,4.916e-16,6.165e-16,1.562e-15
VectorFFT,2320,5.324e-16,6.786e-16,2.084e-15
MKL,2320,2.629e-16,3.525e-16,7.768e-16
VectorFFT,2321,5.441e-16,7.317e-16,1.708e-15
MKL,2321,4.712e-16,5.320e-16,1.560e-15
VectorFFT,2322,5.315e-16,6.701e-16,1.359e-15
MKL,2322,3.158e-16,3.865e-16,1.163e-15
VectorFFT,2323,5.569e-16,6.302e-16,1.365e-15
MKL,2323,4.523e-16,4.847e-16,1.603e-15
VectorFFT,2324,5.725e-16,6.488e-16,1.714e-15
MKL,2324,3.054e-16,3.617e-16,8.724e-16
VectorFFT,2325,5.251e-16,4.708e-16,1.427e-15
MKL,2325,3.188e-16,3.366e-16,1.093e-15
VectorFFT,2326,5.519e-16,8.170e-16,1.394e-15
MKL,2326,4.485e-16,5.391e-16,1.482e-15
VectorFFT,2327,5.683e-16,7.894e-16,1.477e-15
MKL,2327,4.557e-16,5.352e-16,1.459e-15
VectorFFT,2328,5.548e-16,7.124e-16,1.429e-15
MKL,2328,3.130e-16,3.848e-16,9.157e-16
VectorFFT,2329,5.615e-16,5.488e-16,1.324e-15
MKL,2329,4.511e-16,4.485e-16,1.723e-15
VectorFFT,2330,5.725e-16,7.492e-16,1.571e-15
MKL,2330,4.586e-16,4.927e-16,1.312e-15
VectorFFT,2331,4.860e-16,5.880e-16,1.375e-15
MKL,2331,3.257e-16,4.029e-16,1.023e-15
VectorFFT,2332,5.274e-16,1.041e-15,1.389e-15
MKL,2332,2.751e-16,3.339e-16,1.028e-15
VectorFFT,2333,5.558e-16,7.643e-16,1.527e-15
MKL,2333,4.558e-16,4.585e-16,1.542e-15
VectorFFT,2334,5.530e-16,5.558e-16,1.631e-15
MKL,2334,4.510e-16,3.687e-16,1.460e-15
VectorFFT,2335,5.681e-16,6.988e-16,1.408e-15
MKL,2335,4.701e-16,5.025e-16,1.623e-15
VectorFFT,2336,5.537e-16,6.961e-16,1.251e-15
MKL,2336,2.793e-16,3.640e-16,9.178e-16
VectorFFT,2337,4.909e-16,5.364e-16,1.300e-15
MKL,2337,4.136e-16,3.772e-16,1.195e-15
VectorFFT,2338,5.663e-16,7.747e-16,1.561e-15
MKL,2338,4.435e-16,4.616e-16,1.287e-15
VectorFFT,2339,5.701e-16,6.745e-16,1.300e-15
MKL,2339,4.558e-16,4.586e-16,1.435e-15
VectorFFT,2340,6.135e-16,8.832e-16,1.529e-15
MKL,2340,2.763e-16,3.814e-16,9.058e-16
VectorFFT,2341,9.777e-16,1.034e-15,2.755e-15
MKL,2341,4.608e-16,5.284e-16,1.355e-15
VectorFFT,2342,5.714e-16,8.860e-16,1.365e-15
MKL,2342,4.498e-16,4.636e-16,1.404e-15
VectorFFT,2343,5.546e-16,6.266e-16,1.312e-15
MKL,2343,3.141e-16,2.853e-16,9.296e-16
VectorFFT,2344,5.465e-16,7.078e-16,1.347e-15
MKL,2344,4.428e-16,4.224e-16,1.474e-15
VectorFFT,2345,5.839e-16,8.471e-16,1.392e-15
MKL,2345,3.809e-16,4.488e-16,1.174e-15
VectorFFT,2346,5.846e-16,6.566e-16,1.380e-15
MKL,2346,2.993e-16,2.896e-16,9.736e-16
VectorFFT,2347,1.079e-15,1.101e-15,3.364e-15
MKL,2347,4.809e-16,4.436e-16,1.510e-15
VectorFFT,2348,5.639e-16,5.331e-16,1.379e-15
MKL,2348,4.485e-16,4.867e-16,1.411e-15
VectorFFT,2349,5.542e-16,5.980e-16,1.294e-15
MKL,2349,4.734e-16,6.228e-16,1.352e-15
VectorFFT,2350,4.712e-16,4.850e-16,1.142e-15
MKL,2350,3.023e-16,2.974e-16,1.010e-15
VectorFFT,2351,5.650e-16,7.960e-16,1.230e-15
MKL,2351,4.694e-16,4.238e-16,1.594e-15
VectorFFT,2352,3.608e-16,3.735e-16,9.849e-16
MKL,2352,2.632e-16,2.257e-16,8.980e-16
VectorFFT,2353,5.735e-16,8.364e-16,1.567e-15
MKL,2353,4.725e-16,5.930e-16,1.538e-15
VectorFFT,2354,5.376e-16,7.311e-16,1.337e-15
MKL,2354,3.169e-16,4.913e-16,9.744e-16
VectorFFT,2355,5.720e-16,8.238e-16,1.254e-15
MKL,2355,4.978e-16,5.571e-16,1.598e-15
VectorFFT,2356,5.000e-16,6.937e-16,1.336e-15
MKL,2356,2.718e-16,3.786e-16,8.319e-16
VectorFFT,2357,5.574e-16,6.922e-16,1.350e-15
MKL,2357,4.587e-16,4.159e-16,1.469e-15
VectorFFT,2358,5.741e-16,7.099e-16,1.248e-15
MKL,2358,3.497e-16,4.847e-16,1.219e-15
VectorFFT,2359,5.644e-16,6.736e-16,1.369e-15
MKL,2359,4.532e-16,3.722e-16,1.269e-15
VectorFFT,2360,5.664e-16,6.273e-16,1.439e-15
MKL,2360,2.911e-16,3.770e-16,9.924e-16
VectorFFT,2361,5.633e-16,8.878e-16,1.529e-15
MKL,2361,4.639e-16,4.981e-16,1.351e-15
VectorFFT,2362,5.710e-16,7.866e-16,1.563e-15
MKL,2362,4.537e-16,4.485e-16,1.475e-15
VectorFFT,2363,5.785e-16,7.212e-16,1.294e-15
MKL,2363,4.529e-16,4.227e-16,1.478e-15
VectorFFT,2364,5.553e-16,7.652e-16,1.327e-15
MKL,2364,4.679e-16,6.034e-16,1.442e-15
VectorFFT,2365,4.707e-16,6.538e-16,1.225e-15
MKL,2365,3.630e-16,3.650e-16,1.130e-15
VectorFFT,2366,7.414e-16,8.918e-16,2.698e-15
MKL,2366,2.791e-16,2.553e-16,8.283e-16
VectorFFT,2367,5.574e-16,8.292e-16,1.359e-15
MKL,2367,4.769e-16,5.297e-16,1.636e-15
VectorFFT,2368,4.120e-16,4.562e-16,1.204e-15
MKL,2368,2.528e-16,2.824e-16,8.920e-16
VectorFFT,2369,5.600e-16,6.363e-16,1.339e-15
MKL,2369,4.479e-16,4.125e-16,1.573e-15
VectorFFT,2370,5.494e-16,7.037e-16,1.442e-15
MKL,2370,3.237e-16,4.186e-16,9.793e-16
VectorFFT,2371,5.673e-16,6.500e-16,1.533e-15
MKL,2371,4.711e-16,4.011e-16,1.640e-15
VectorFFT,2372,5.929e-16,9.156e-16,1.485e-15
MKL,2372,4.518e-16,4.764e-16,1.477e-15
VectorFFT,2373,5.626e-16,6.062e-16,1.387e-15
MKL,2373,4.493e-16,4.247e-16,1.358e-15
VectorFFT,2374,5.604e-16,8.090e-16,1.366e-15
MKL,2374,4.586e-16,4.593e-16,1.368e-15
VectorFFT,2375,4.592e-16,5.701e-16,1.434e-15
MKL,2375,4.271e-16,4.355e-16,1.265e-15
VectorFFT,2376,4.707e-16,5.120e-16,1.372e-15
MKL,2376,2.641e-16,3.244e-16,8.642e-16
VectorFFT,2377,8.732e-16,9.619e-16,2.647e-15
MKL,2377,4.863e-16,5.046e-16,1.944e-15
VectorFFT,2378,1.123e-15,1.704e-15,4.573e-15
MKL,2378,2.841e-16,3.154e-16,9.074e-16
VectorFFT,2379,5.759e-16,8.516e-16,1.254e-15
MKL,2379,4.040e-16,4.441e-16,1.150e-15
VectorFFT,2380,5.569e-16,6.449e-16,1.533e-15
MKL,2380,2.868e-16,2.728e-16,8.964e-16
VectorFFT,2381,5.646e-16,7.125e-16,1.413e-15
MKL,2381,4.665e-16,4.426e-16,1.539e-15
VectorFFT,2382,5.790e-16,9.473e-16,1.570e-15
MKL,2382,4.590e-16,5.953e-16,1.591e-15
VectorFFT,2383,5.664e-16,7.503e-16,1.370e-15
MKL,2383,4.613e-16,4.720e-16,1.426e-15
VectorFFT,2384,5.509e-16,9.925e-16,1.247e-15
MKL,2384,3.425e-16,4.736e-16,1.050e-15
VectorFFT,2385,5.600e-16,8.366e-16,1.483e-15
MKL,2385,3.435e-16,3.849e-16,1.134e-15
VectorFFT,2386,5.547e-16,6.310e-16,1.305e-15
MKL,2386,4.543e-16,4.436e-16,1.482e-15
VectorFFT,2387,4.885e-16,5.907e-16,1.265e-15
MKL,2387,3.013e-16,3.228e-16,8.948e-16
VectorFFT,2388,5.511e-16,6.919e-16,1.399e-15
MKL,2388,4.439e-16,4.431e-16,1.363e-15
VectorFFT,2389,5.635e-16,7.108e-16,1.560e-15
MKL,2389,4.775e-16,4.806e-16,1.274e-15
VectorFFT,2390,5.559e-16,9.308e-16,1.329e-15
MKL,2390,4.569e-16,5.587e-16,1.471e-15
VectorFFT,2391,5.635e-16,7.098e-16,1.337e-15
MKL,2391,4.619e-16,5.064e-16,1.489e-15
VectorFFT,2392,5.529e-16,6.799e-16,1.434e-15
MKL,2392,2.592e-16,2.817e-16,8.583e-16
VectorFFT,2393,9.990e-16,1.097e-15,3.115e-15
MKL,2393,4.617e-16,4.469e-16,1.694e-15
VectorFFT,2394,5.102e-16,5.801e-16,1.326e-15
MKL,2394,2.857e-16,2.738e-16,1.117e-15
VectorFFT,2395,5.522e-16,6.744e-16,1.663e-15
MKL,2395,4.575e-16,5.010e-16,1.490e-15
VectorFFT,2396,5.584e-16,5.722e-16,1.440e-15
MKL,2396,4.619e-16,4.263e-16,1.675e-15
VectorFFT,2397,8.229e-16,1.281e-15,2.811e-15
MKL,2397,3.451e-16,3.601e-16,1.096e-15
VectorFFT,2398,5.377e-16,6.527e-16,1.413e-15
MKL,2398,3.288e-16,4.401e-16,1.308e-15
VectorFFT,2399,5.543e-16,8.979e-16,1.381e-15
MKL,2399,4.580e-16,4.322e-16,1.556e-15
VectorFFT,2400,3.894e-16,4.968e-16,1.120e-15
MKL,2400,2.685e-16,3.086e-16,9.809e-16
VectorFFT,2401,4.715e-16,6.233e-16,1.509e-15
MKL,2401,3.355e-16,3.673e-16,1.151e-15
VectorFFT,2402,5.710e-16,6.773e-16,1.481e-15
MKL,2402,4.709e-16,4.133e-16,1.562e-15
VectorFFT,2403,5.909e-16,9.270e-16,1.243e-15
MKL,2403,3.476e-16,3.538e-16,1.045e-15
VectorFFT,2404,5.707e-16,6.985e-16,1.538e-15
MKL,2404,4.594e-16,4.837e-16,1.438e-15
VectorFFT,2405,5.332e-16,8.761e-16,1.300e-15
MKL,2405,3.253e-16,4.058e-16,1.100e-15
VectorFFT,2406,5.544e-16,7.989e-16,1.299e-15
MKL,2406,4.408e-16,4.379e-16,1.465e-15
VectorFFT,2407,5.597e-16,8.816e-16,1.691e-15
MKL,2407,4.370e-16,3.911e-16,1.423e-15
VectorFFT,2408,4.508e-16,5.733e-16,1.208e-15
MKL,2408,2.678e-16,3.092e-16,9.954e-16
VectorFFT,2409,5.479e-16,6.690e-16,1.291e-15
MKL,2409,3.097e-16,3.344e-16,1.057e-15
VectorFFT,2410,5.661e-16,7.468e-16,1.320e-15
MKL,2410,4.587e-16,5.435e-16,1.473e-15
VectorFFT,2411,5.487e-16,6.213e-16,1.364e-15
MKL,2411,4.680e-16,4.097e-16,1.522e-15
VectorFFT,2412,5.631e-16,7.170e-16,1.335e-15
MKL,2412,2.900e-16,3.203e-16,1.062e-15
VectorFFT,2413,5.633e-16,8.313e-16,1.271e-15
MKL,2413,4.907e-16,6.035e-16,1.512e-15
VectorFFT,2414,5.839e-16,7.590e-16,1.403e-15
MKL,2414,3.037e-16,3.577e-16,1.170e-15
VectorFFT,2415,5.193e-16,5.408e-16,1.330e-15
MKL,2415,5.015e-16,5.773e-16,1.435e-15
VectorFFT,2416,5.347e-16,6.404e-16,1.295e-15
MKL,2416,4.636e-16,4.355e-16,1.578e-15
VectorFFT,2417,5.623e-16,6.399e-16,1.402e-15
MKL,2417,4.710e-16,6.058e-16,1.363e-15
VectorFFT,2418,7.548e-16,9.320e-16,2.396e-15
MKL,2418,2.921e-16,2.831e-16,8.787e-16
VectorFFT,2419,5.662e-16,6.250e-16,1.390e-15
MKL,2419,4.365e-16,4.274e-16,1.326e-15
VectorFFT,2420,5.897e-16,7.833e-16,1.979e-15
MKL,2420,2.795e-16,3.851e-16,8.028e-16
VectorFFT,2421,5.544e-16,5.600e-16,1.337e-15
MKL,2421,4.627e-16,3.759e-16,1.651e-15
VectorFFT,2422,5.409e-16,5.130e-16,1.412e-15
MKL,2422,4.628e-16,4.691e-16,1.569e-15
VectorFFT,2423,5.559e-16,8.679e-16,1.311e-15
MKL,2423,4.577e-16,4.716e-16,1.567e-15
VectorFFT,2424,5.383e-16,7.032e-16,1.515e-15
MKL,2424,3.085e-16,4.375e-16,1.037e-15
VectorFFT,2425,5.713e-16,8.383e-16,1.476e-15
MKL,2425,5.016e-16,4.527e-16,1.567e-15
VectorFFT,2426,5.677e-16,5.325e-16,1.385e-15
MKL,2426,4.539e-16,4.302e-16,1.445e-15
VectorFFT,2427,5.806e-16,8.395e-16,1.430e-15
MKL,2427,4.732e-16,5.606e-16,1.578e-15
VectorFFT,2428,5.581e-16,7.661e-16,1.381e-15
MKL,2428,4.598e-16,4.677e-16,1.377e-15
VectorFFT,2429,5.633e-16,7.229e-16,1.326e-15
MKL,2429,4.580e-16,4.197e-16,1.843e-15
VectorFFT,2430,5.480e-16,5.763e-16,1.530e-15
MKL,2430,3.230e-16,3.962e-16,1.046e-15
VectorFFT,2431,6.063e-16,6.679e-16,1.564e-15
MKL,2431,2.919e-16,3.551e-16,8.571e-16
VectorFFT,2432,4.057e-16,4.509e-16,8.798e-16
MKL,2432,2.473e-16,2.346e-16,7.256e-16
VectorFFT,2433,5.632e-16,8.139e-16,1.632e-15
MKL,2433,4.669e-16,5.225e-16,1.492e-15
VectorFFT,2434,5.462e-16,6.532e-16,1.335e-15
MKL,2434,4.616e-16,5.355e-16,1.575e-15
VectorFFT,2435,5.427e-16,8.334e-16,1.461e-15
MKL,2435,4.854e-16,5.111e-16,1.596e-15
VectorFFT,2436,5.166e-16,5.292e-16,1.471e-15
MKL,2436,2.720e-16,3.295e-16,8.310e-16
VectorFFT,2437,9.334e-16,9.348e-16,2.719e-15
MKL,2437,4.514e-16,4.220e-16,1.566e-15
VectorFFT,2438,5.557e-16,7.844e-16,1.362e-15
MKL,2438,2.879e-16,4.247e-16,9.677e-16
VectorFFT,2439,5.569e-16,8.387e-16,1.285e-15
MKL,2439,4.746e-16,4.743e-16,1.354e-15
VectorFFT,2440,5.538e-16,1.190e-15,1.475e-15
MKL,2440,2.908e-16,4.323e-16,8.993e-16
VectorFFT,2441,5.747e-16,7.769e-16,1.338e-15
MKL,2441,4.651e-16,4.915e-16,1.674e-15
VectorFFT,2442,4.919e-16,5.550e-16,1.368e-15
MKL,2442,3.165e-16,3.129e-16,9.196e-16
VectorFFT,2443,5.750e-16,6.862e-16,1.673e-15
MKL,2443,4.717e-16,5.734e-16,1.585e-15
VectorFFT,2444,5.980e-16,6.999e-16,2.187e-15
MKL,2444,2.816e-16,3.275e-16,9.302e-16
VectorFFT,2445,5.466e-16,6.146e-16,1.361e-15
MKL,2445,4.817e-16,4.448e-16,1.418e-15
VectorFFT,2446,5.542e-16,6.457e-16,1.410e-15
MKL,2446,4.584e-16,4.210e-16,1.411e-15
VectorFFT,2447,5.530e-16,8.987e-16,1.501e-15
MKL,2447,4.654e-16,4.557e-16,1.408e-15
VectorFFT,2448,5.512e-16,5.812e-16,1.409e-15
MKL,2448,2.746e-16,2.797e-16,8.194e-16
VectorFFT,2449,5.511e-16,5.863e-16,1.288e-15
MKL,2449,3.282e-16,3.555e-16,1.215e-15
VectorFFT,2450,4.662e-16,5.399e-16,1.524e-15
MKL,2450,2.967e-16,2.762e-16,8.943e-16
VectorFFT,2451,8.570e-16,1.105e-15,3.017e-15
MKL,2451,4.277e-16,3.836e-16,1.291e-15
VectorFFT,2452,5.525e-16,7.370e-16,1.324e-15
MKL,2452,4.659e-16,4.637e-16,1.676e-15
VectorFFT,2453,5.425e-16,6.241e-16,1.227e-15
MKL,2453,4.821e-16,4.604e-16,1.478e-15
VectorFFT,2454,5.599e-16,6.512e-16,1.269e-15
MKL,2454,4.664e-16,4.670e-16,1.865e-15
VectorFFT,2455,5.572e-16,7.886e-16,1.283e-15
MKL,2455,4.719e-16,4.116e-16,1.427e-15
VectorFFT,2456,5.659e-16,5.739e-16,1.563e-15
MKL,2456,4.559e-16,4.781e-16,1.492e-15
VectorFFT,2457,5.901e-16,5.806e-16,1.805e-15
MKL,2457,4.232e-16,4.535e-16,1.552e-15
VectorFFT,2458,5.842e-16,8.751e-16,1.819e-15
MKL,2458,4.508e-16,4.832e-16,1.472e-15
VectorFFT,2459,5.553e-16,6.901e-16,1.584e-15
MKL,2459,4.986e-16,5.162e-16,1.676e-15
VectorFFT,2460,4.955e-16,7.721e-16,1.538e-15
MKL,2460,2.894e-16,3.179e-16,8.931e-16
VectorFFT,2461,5.566e-16,6.307e-16,1.312e-15
MKL,2461,4.628e-16,4.605e-16,1.540e-15
VectorFFT,2462,5.661e-16,6.800e-16,1.281e-15
MKL,2462,4.571e-16,4.356e-16,1.370e-15
VectorFFT,2463,5.695e-16,6.528e-16,1.524e-15
MKL,2463,4.668e-16,5.044e-16,1.477e-15
VectorFFT,2464,4.003e-16,4.296e-16,9.754e-16
MKL,2464,2.506e-16,2.241e-16,8.588e-16
VectorFFT,2465,8.506e-16,8.811e-16,2.706e-15
MKL,2465,2.989e-16,2.739e-16,8.530e-16
VectorFFT,2466,5.608e-16,6.407e-16,1.432e-15
MKL,2466,3.718e-16,5.377e-16,1.308e-15
VectorFFT,2467,5.673e-16,8.882e-16,1.427e-15
MKL,2467,4.811e-16,5.741e-16,1.897e-15
VectorFFT,2468,5.643e-16,6.478e-16,1.523e-15
MKL,2468,4.598e-16,3.854e-16,1.419e-15
VectorFFT,2469,5.582e-16,6.241e-16,1.284e-15
MKL,2469,4.686e-16,4.368e-16,1.443e-15
VectorFFT,2470,5.280e-16,6.962e-16,1.318e-15
MKL,2470,3.374e-16,3.373e-16,1.199e-15
VectorFFT,2471,5.586e-16,8.125e-16,1.332e-15
MKL,2471,4.778e-16,5.164e-16,1.447e-15
VectorFFT,2472,5.397e-16,6.292e-16,1.469e-15
MKL,2472,3.145e-16,5.107e-16,1.198e-15
VectorFFT,2473,5.657e-16,7.386e-16,1.199e-15
MKL,2473,4.686e-16,4.681e-16,1.690e-15
VectorFFT,2474,5.482e-16,6.532e-16,1.222e-15
MKL,2474,4.692e-16,5.386e-16,1.685e-15
VectorFFT,2475,4.789e-16,6.834e-16,1.524e-15
MKL,2475,3.245e-16,4.051e-16,9.176e-16
VectorFFT,2476,5.693e-16,1.082e-15,1.243e-15
MKL,2476,4.657e-16,4.888e-16,1.464e-15
VectorFFT,2477,5.672e-16,7.658e-16,1.389e-15
MKL,2477,4.526e-16,5.570e-16,1.457e-15
VectorFFT,2478,5.867e-16,6.906e-16,1.348e-15
MKL,2478,3.303e-16,3.800e-16,9.551e-16
VectorFFT,2479,5.747e-16,9.100e-16,1.454e-15
MKL,2479,4.691e-16,4.718e-16,1.786e-15
VectorFFT,2480,4.892e-16,6.447e-16,1.660e-15
MKL,2480,2.700e-16,3.008e-16,7.545e-16
VectorFFT,2481,5.542e-16,8.952e-16,1.333e-15
MKL,2481,4.716e-16,5.351e-16,1.616e-15
VectorFFT,2482,5.444e-16,7.613e-16,1.201e-15
MKL,2482,3.142e-16,4.185e-16,1.118e-15
VectorFFT,2483,5.696e-16,6.336e-16,1.304e-15
MKL,2483,4.714e-16,4.466e-16,1.501e-15
VectorFFT,2484,5.822e-16,6.219e-16,1.463e-15
MKL,2484,2.659e-16,3.586e-16,9.797e-16
VectorFFT,2485,5.778e-16,7.433e-16,1.432e-15
MKL,2485,4.093e-16,4.542e-16,1.209e-15
VectorFFT,2486,5.408e-16,6.675e-16,1.454e-15
MKL,2486,3.371e-16,3.434e-16,1.097e-15
VectorFFT,2487,5.479e-16,6.011e-16,1.331e-15
MKL,2487,4.929e-16,4.879e-16,1.381e-15
VectorFFT,2488,5.534e-16,6.336e-16,1.586e-15
MKL,2488,4.686e-16,6.389e-16,1.612e-15
VectorFFT,2489,5.567e-16,5.753e-16,1.410e-15
MKL,2489,4.657e-16,5.750e-16,1.405e-15
VectorFFT,2490,5.500e-16,6.363e-16,1.236e-15
MKL,2490,3.152e-16,3.520e-16,9.642e-16
VectorFFT,2491,5.703e-16,7.807e-16,1.393e-15
MKL,2491,4.594e-16,5.047e-16,1.613e-15
VectorFFT,2492,5.636e-16,8.461e-16,1.454e-15
MKL,2492,3.076e-16,4.425e-16,9.635e-16
VectorFFT,2493,5.658e-16,7.554e-16,1.514e-15
MKL,2493,4.689e-16,4.826e-16,1.439e-15
VectorFFT,2494,1.591e-15,2.267e-15,7.663e-15
MKL,2494,2.856e-16,3.444e-16,8.798e-16
VectorFFT,2495,5.536e-16,8.664e-16,1.346e-15
MKL,2495,4.751e-16,5.056e-16,1.466e-15
VectorFFT,2496,5.252e-16,5.669e-16,1.226e-15
MKL,2496,2.560e-16,3.137e-16,7.495e-16
VectorFFT,2497,5.330e-16,5.939e-16,1.331e-15
MKL,2497,4.784e-16,5.376e-16,1.401e-15
VectorFFT,2498,5.592e-16,6.630e-16,1.365e-15
MKL,2498,4.603e-16,4.691e-16,1.543e-15
VectorFFT,2499,5.623e-16,7.418e-16,1.407e-15
MKL,2499,3.201e-16,3.578e-16,9.950e-16
VectorFFT,2500,4.631e-16,5.942e-16,1.284e-15
MKL,2500,2.937e-16,3.392e-16,9.023e-16
VectorFFT,2501,5.638e-16,8.258e-16,1.413e-15
MKL,2501,3.422e-16,3.977e-16,1.295e-15
VectorFFT,2502,5.708e-16,7.603e-16,1.453e-15
MKL,2502,3.465e-16,5.139e-16,1.241e-15
VectorFFT,2503,5.647e-16,7.117e-16,1.378e-15
MKL,2503,4.590e-16,4.604e-16,1.426e-15
VectorFFT,2504,5.755e-16,6.992e-16,1.333e-15
MKL,2504,4.766e-16,4.353e-16,1.524e-15
VectorFFT,2505,5.672e-16,7.800e-16,1.483e-15
MKL,2505,4.855e-16,5.522e-16,1.709e-15
VectorFFT,2506,5.561e-16,7.761e-16,1.333e-15
MKL,2506,4.615e-16,4.480e-16,1.525e-15
VectorFFT,2507,5.518e-16,6.250e-16,1.272e-15
MKL,2507,4.769e-16,4.340e-16,1.794e-15
VectorFFT,2508,8.482e-16,1.446e-15,3.292e-15
MKL,2508,2.649e-16,2.471e-16,7.773e-16
VectorFFT,2509,5.579e-16,6.769e-16,1.659e-15
MKL,2509,4.613e-16,5.002e-16,1.482e-15
VectorFFT,2510,5.769e-16,6.716e-16,1.415e-15
MKL,2510,4.658e-16,4.756e-16,1.588e-15
VectorFFT,2511,6.906e-16,7.089e-16,2.908e-15
MKL,2511,3.542e-16,3.405e-16,1.289e-15
VectorFFT,2512,5.621e-16,6.905e-16,1.489e-15
MKL,2512,4.692e-16,4.779e-16,1.458e-15
VectorFFT,2513,5.483e-16,7.601e-16,1.375e-15
MKL,2513,4.936e-16,4.372e-16,1.523e-15
VectorFFT,2514,5.536e-16,8.287e-16,1.436e-15
MKL,2514,4.682e-16,5.021e-16,1.489e-15
VectorFFT,2515,5.572e-16,7.491e-16,1.480e-15
MKL,2515,4.637e-16,5.006e-16,1.776e-15
VectorFFT,2516,5.630e-16,7.562e-16,1.655e-15
MKL,2516,2.935e-16,3.865e-16,1.112e-15
VectorFFT,2517,5.622e-16,7.884e-16,1.408e-15
MKL,2517,4.664e-16,4.961e-16,1.417e-15
VectorFFT,2518,5.620e-16,8.109e-16,1.353e-15
MKL,2518,4.678e-16,4.730e-16,1.732e-15
VectorFFT,2519,5.263e-16,7.319e-16,1.295e-15
MKL,2519,4.732e-16,5.206e-16,1.645e-15
VectorFFT,2520,5.038e-16,5.389e-16,1.218e-15
MKL,2520,2.775e-16,2.916e-16,9.036e-16
VectorFFT,2521,8.528e-16,8.717e-16,2.354e-15
MKL,2521,4.767e-16,4.367e-16,1.845e-15
VectorFFT,2522,5.632e-16,7.294e-16,1.392e-15
MKL,2522,3.352e-16,4.043e-16,1.025e-15
VectorFFT,2523,1.117e-15,2.354e-15,4.000e-15
MKL,2523,3.655e-16,4.284e-16,1.162e-15
VectorFFT,2524,5.539e-16,7.222e-16,1.445e-15
MKL,2524,4.619e-16,4.818e-16,1.327e-15
VectorFFT,2525,5.673e-16,6.286e-16,1.665e-15
MKL,2525,4.661e-16,4.998e-16,1.492e-15
VectorFFT,2526,5.658e-16,7.935e-16,1.457e-15
MKL,2526,4.700e-16,4.366e-16,1.541e-15
VectorFFT,2527,4.866e-16,6.118e-16,1.390e-15
MKL,2527,3.251e-16,4.458e-16,1.015e-15
VectorFFT,2528,5.714e-16,8.265e-16,1.606e-15
MKL,2528,2.799e-16,4.565e-16,8.837e-16
VectorFFT,2529,5.634e-16,7.642e-16,1.375e-15
MKL,2529,4.615e-16,5.077e-16,1.503e-15
VectorFFT,2530,5.054e-16,5.449e-16,1.301e-15
MKL,2530,3.264e-16,3.123e-16,1.141e-15
VectorFFT,2531,9.108e-16,9.847e-16,2.599e-15
MKL,2531,4.736e-16,4.720e-16,1.505e-15
VectorFFT,2532,5.636e-16,6.595e-16,1.406e-15
MKL,2532,4.639e-16,4.504e-16,1.654e-15
VectorFFT,2533,5.565e-16,6.695e-16,1.312e-15
MKL,2533,4.760e-16,5.074e-16,1.494e-15
VectorFFT,2534,5.690e-16,5.791e-16,1.488e-15
MKL,2534,4.707e-16,5.065e-16,1.619e-15
VectorFFT,2535,6.127e-16,8.025e-16,1.554e-15
MKL,2535,4.542e-16,6.809e-16,1.399e-15
VectorFFT,2536,5.680e-16,6.691e-16,1.453e-15
MKL,2536,4.681e-16,4.542e-16,1.542e-15
VectorFFT,2537,5.598e-16,7.059e-16,1.386e-15
MKL,2537,4.252e-16,4.540e-16,1.354e-15
VectorFFT,2538,5.284e-16,6.770e-16,1.167e-15
MKL,2538,3.040e-16,4.513e-16,9.648e-16
VectorFFT,2539,5.577e-16,7.888e-16,1.369e-15
MKL,2539,4.703e-16,4.760e-16,1.440e-15
VectorFFT,2540,5.433e-16,6.842e-16,1.249e-15
MKL,2540,3.412e-16,5.357e-16,1.091e-15
VectorFFT,2541,5.175e-16,5.352e-16,1.671e-15
MKL,2541,4.577e-16,4.253e-16,1.326e-15
VectorFFT,2542,1.249e-15,2.343e-15,5.593e-15
MKL,2542,3.695e-16,3.885e-16,1.110e-15
VectorFFT,2543,5.608e-16,6.726e-16,1.505e-15
MKL,2543,4.660e-16,4.381e-16,1.383e-15
VectorFFT,2544,5.509e-16,7.557e-16,1.407e-15
MKL,2544,2.715e-16,3.751e-16,8.441e-16
VectorFFT,2545,5.559e-16,5.800e-16,1.313e-15
MKL,2545,4.719e-16,4.077e-16,1.540e-15
VectorFFT,2546,5.661e-16,7.654e-16,1.573e-15
MKL,2546,2.975e-16,4.039e-16,1.025e-15
VectorFFT,2547,5.593e-16,7.904e-16,1.422e-15
MKL,2547,4.736e-16,4.631e-16,1.502e-15
VectorFFT,2548,5.770e-16,7.821e-16,1.963e-15
MKL,2548,2.765e-16,3.259e-16,9.176e-16
VectorFFT,2549,5.676e-16,6.355e-16,1.340e-15
MKL,2549,4.772e-16,4.779e-16,1.587e-15
VectorFFT,2550,5.657e-16,5.941e-16,1.383e-15
MKL,2550,3.231e-16,2.845e-16,1.116e-15
VectorFFT,2551,9.619e-16,1.001e-15,2.471e-15
MKL,2551,4.799e-16,4.901e-16,1.532e-15
VectorFFT,2552,4.750e-16,5.114e-16,1.296e-15
MKL,2552,2.642e-16,2.675e-16,8.111e-16
VectorFFT,2553,7.546e-16,9.106e-16,2.718e-15
MKL,2553,3.895e-16,5.387e-16,1.341e-15
VectorFFT,2554,5.784e-16,8.452e-16,1.325e-15
MKL,2554,4.784e-16,5.030e-16,1.489e-15
VectorFFT,2555,5.491e-16,8.257e-16,1.573e-15
MKL,2555,3.342e-16,3.640e-16,1.089e-15
VectorFFT,2556,5.295e-16,6.081e-16,1.484e-15
MKL,2556,2.955e-16,5.023e-16,1.049e-15
VectorFFT,2557,5.561e-16,7.064e-16,1.378e-15
MKL,2557,4.771e-16,6.086e-16,1.532e-15
VectorFFT,2558,5.577e-16,6.982e-16,1.495e-15
MKL,2558,4.764e-16,4.867e-16,1.384e-15
VectorFFT,2559,5.666e-16,6.343e-16,1.388e-15
MKL,2559,4.571e-16,5.408e-16,1.482e-15
VectorFFT,2560,2.988e-16,4.002e-16,9.192e-16
MKL,2560,2.408e-16,3.505e-16,8.541e-16
VectorFFT,2561,5.697e-16,7.637e-16,1.355e-15
MKL,2561,4.515e-16,4.639e-16,1.382e-15
VectorFFT,2562,5.517e-16,6.225e-16,1.420e-15
MKL,2562,2.927e-16,3.232e-16,8.479e-16
VectorFFT,2563,5.462e-16,5.636e-16,1.382e-15
MKL,2563,4.709e-16,4.484e-16,1.731e-15
VectorFFT,2564,5.728e-16,6.385e-16,1.365e-15
MKL,2564,4.412e-16,4.644e-16,1.428e-15
VectorFFT,2565,5.153e-16,6.267e-16,1.272e-15
MKL,2565,5.269e-16,6.002e-16,1.538e-15
VectorFFT,2566,5.485e-16,6.104e-16,1.448e-15
MKL,2566,4.410e-16,4.100e-16,1.286e-15
VectorFFT,2567,5.627e-16,7.877e-16,1.328e-15
MKL,2567,4.522e-16,5.303e-16,1.476e-15
VectorFFT,2568,5.456e-16,7.991e-16,1.441e-15
MKL,2568,3.179e-16,5.034e-16,1.015e-15
VectorFFT,2569,5.520e-16,5.910e-16,1.520e-15
MKL,2569,4.434e-16,4.516e-16,1.450e-15
VectorFFT,2570,5.594e-16,6.771e-16,1.587e-15
MKL,2570,4.435e-16,4.753e-16,1.513e-15
VectorFFT,2571,5.677e-16,6.076e-16,1.228e-15
MKL,2571,4.420e-16,4.112e-16,1.503e-15
VectorFFT,2572,5.835e-16,7.588e-16,1.376e-15
MKL,2572,4.465e-16,3.558e-16,1.361e-15
VectorFFT,2573,5.589e-16,5.695e-16,1.444e-15
MKL,2573,4.933e-16,4.857e-16,1.603e-15
VectorFFT,2574,7.070e-16,9.712e-16,2.615e-15
MKL,2574,2.717e-16,3.125e-16,9.610e-16
VectorFFT,2575,5.471e-16,7.157e-16,1.237e-15
MKL,2575,4.461e-16,5.354e-16,1.489e-15
VectorFFT,2576,4.889e-16,5.201e-16,1.601e-15
MKL,2576,2.547e-16,2.623e-16,7.737e-16
VectorFFT,2577,5.620e-16,6.548e-16,1.323e-15
MKL,2577,4.450e-16,4.630e-16,1.571e-15
VectorFFT,2578,5.487e-16,8.776e-16,1.502e-15
MKL,2578,4.480e-16,5.379e-16,1.584e-15
VectorFFT,2579,5.730e-16,1.032e-15,1.333e-15
MKL,2579,4.509e-16,6.487e-16,1.562e-15
VectorFFT,2580,5.214e-16,5.844e-16,1.747e-15
MKL,2580,2.960e-16,2.888e-16,1.002e-15
VectorFFT,2581,5.600e-16,7.660e-16,1.423e-15
MKL,2581,4.461e-16,4.720e-16,1.573e-15
VectorFFT,2582,5.658e-16,6.629e-16,1.311e-15
MKL,2582,4.472e-16,4.094e-16,1.534e-15
VectorFFT,2583,4.800e-16,6.802e-16,1.333e-15
MKL,2583,4.972e-16,6.481e-16,1.412e-15
VectorFFT,2584,5.516e-16,5.365e-16,1.572e-15
MKL,2584,2.817e-16,2.932e-16,9.527e-16
VectorFFT,2585,4.724e-16,5.643e-16,1.333e-15
MKL,2585,3.211e-16,3.616e-16,9.836e-16
VectorFFT,2586,5.751e-16,8.473e-16,1.568e-15
MKL,2586,4.468e-16,4.456e-16,1.763e-15
VectorFFT,2587,5.551e-16,6.559e-16,1.350e-15
MKL,2587,4.754e-16,4.696e-16,1.783e-15
VectorFFT,2588,5.540e-16,6.098e-16,1.541e-15
MKL,2588,4.540e-16,4.631e-16,1.582e-15
VectorFFT,2589,5.656e-16,8.705e-16,1.299e-15
MKL,2589,4.520e-16,4.135e-16,1.397e-15
VectorFFT,2590,4.829e-16,5.800e-16,1.749e-15
MKL,2590,3.291e-16,3.453e-16,1.070e-15
VectorFFT,2591,5.511e-16,6.137e-16,1.518e-15
MKL,2591,4.619e-16,4.785e-16,1.449e-15
VectorFFT,2592,3.659e-16,3.243e-16,1.283e-15
MKL,2592,2.572e-16,2.206e-16,8.621e-16
VectorFFT,2593,7.515e-16,1.222e-15,2.293e-15
MKL,2593,4.528e-16,4.721e-16,1.496e-15
VectorFFT,2594,5.580e-16,7.962e-16,1.246e-15
MKL,2594,4.503e-16,4.142e-16,1.450e-15
VectorFFT,2595,5.517e-16,6.975e-16,1.356e-15
MKL,2595,4.545e-16,4.646e-16,1.561e-15
VectorFFT,2596,5.491e-16,6.274e-16,1.266e-15
MKL,2596,2.819e-16,3.372e-16,1.112e-15
VectorFFT,2597,5.865e-16,8.630e-16,1.473e-15
MKL,2597,4.686e-16,5.335e-16,1.636e-15
VectorFFT,2598,5.621e-16,7.641e-16,1.608e-15
MKL,2598,4.493e-16,5.398e-16,1.596e-15
VectorFFT,2599,5.649e-16,5.786e-16,1.445e-15
MKL,2599,4.632e-16,4.130e-16,1.544e-15
VectorFFT,2600,5.099e-16,4.963e-16,1.588e-15
MKL,2600,2.721e-16,2.723e-16,8.453e-16
VectorFFT,2601,6.348e-16,6.853e-16,1.480e-15
MKL,2601,5.456e-16,6.736e-16,1.526e-15
VectorFFT,2602,5.528e-16,8.596e-16,1.435e-15
MKL,2602,4.435e-16,5.137e-16,1.478e-15
VectorFFT,2603,5.664e-16,6.305e-16,1.571e-15
MKL,2603,4.694e-16,4.400e-16,1.724e-15
VectorFFT,2604,5.322e-16,6.296e-16,1.333e-15
MKL,2604,2.696e-16,3.184e-16,9.663e-16
VectorFFT,2605,5.688e-16,7.255e-16,1.535e-15
MKL,2605,4.469e-16,4.820e-16,1.512e-15
VectorFFT,2606,5.618e-16,8.205e-16,1.305e-15
MKL,2606,4.463e-16,4.356e-16,1.643e-15
VectorFFT,2607,5.539e-16,6.899e-16,1.243e-15
MKL,2607,3.436e-16,3.713e-16,1.040e-15
VectorFFT,2608,5.504e-16,8.184e-16,1.354e-15
MKL,2608,4.463e-16,3.700e-16,1.374e-15
VectorFFT,2609,5.678e-16,6.921e-16,1.546e-15
MKL,2609,4.497e-16,5.639e-16,1.293e-15
VectorFFT,2610,5.428e-16,6.874e-16,1.622e-15
MKL,2610,2.798e-16,3.285e-16,8.395e-16
VectorFFT,2611,5.610e-16,7.015e-16,1.328e-15
MKL,2611,4.866e-16,4.483e-16,1.729e-15
VectorFFT,2612,5.587e-16,8.509e-16,1.435e-15
MKL,2612,4.463e-16,5.224e-16,1.650e-15
VectorFFT,2613,5.700e-16,7.120e-16,1.550e-15
MKL,2613,3.843e-16,4.764e-16,1.522e-15
VectorFFT,2614,5.531e-16,6.305e-16,1.370e-15
MKL,2614,4.513e-16,4.372e-16,1.423e-15
VectorFFT,2615,5.666e-16,7.708e-16,1.496e-15
MKL,2615,4.496e-16,4.685e-16,1.660e-15
VectorFFT,2616,5.437e-16,7.939e-16,1.456e-15
MKL,2616,3.143e-16,4.014e-16,1.104e-15
VectorFFT,2617,5.713e-16,7.230e-16,1.261e-15
MKL,2617,4.468e-16,4.734e-16,1.357e-15
VectorFFT,2618,6.586e-16,9.042e-16,2.212e-15
MKL,2618,3.015e-16,3.927e-16,8.972e-16
VectorFFT,2619,5.532e-16,6.890e-16,1.332e-15
MKL,2619,4.563e-16,4.952e-16,1.404e-15
VectorFFT,2620,5.647e-16,8.487e-16,1.280e-15
MKL,2620,3.425e-16,4.671e-16,1.185e-15
VectorFFT,2621,5.571e-16,7.596e-16,1.427e-15
MKL,2621,4.506e-16,5.220e-16,1.354e-15
VectorFFT,2622,1.020e-15,2.198e-15,3.236e-15
MKL,2622,2.887e-16,2.979e-16,9.358e-16
VectorFFT,2623,5.592e-16,7.453e-16,1.539e-15
MKL,2623,3.565e-16,4.673e-16,1.363e-15
VectorFFT,2624,3.985e-16,4.436e-16,8.273e-16
MKL,2624,2.571e-16,3.094e-16,8.309e-16
VectorFFT,2625,4.508e-16,5.694e-16,1.391e-15
MKL,2625,4.862e-16,5.184e-16,1.344e-15
VectorFFT,2626,5.660e-16,8.359e-16,1.436e-15
MKL,2626,3.430e-16,4.953e-16,1.055e-15
VectorFFT,2627,5.609e-16,6.877e-16,1.864e-15
MKL,2627,3.300e-16,3.195e-16,1.071e-15
VectorFFT,2628,5.725e-16,8.911e-16,1.601e-15
MKL,2628,3.006e-16,4.173e-16,1.106e-15
VectorFFT,2629,5.555e-16,6.589e-16,1.487e-15
MKL,2629,4.598e-16,4.171e-16,1.466e-15
VectorFFT,2630,5.510e-16,6.406e-16,1.600e-15
MKL,2630,4.498e-16,5.143e-16,1.480e-15
VectorFFT,2631,5.655e-16,7.196e-16,1.392e-15
MKL,2631,4.811e-16,4.434e-16,1.890e-15
VectorFFT,2632,4.900e-16,6.038e-16,1.896e-15
MKL,2632,2.748e-16,3.962e-16,9.563e-16
VectorFFT,2633,5.676e-16,8.167e-16,1.320e-15
MKL,2633,4.868e-16,5.774e-16,1.622e-15
VectorFFT,2634,5.553e-16,5.813e-16,1.412e-15
MKL,2634,4.560e-16,4.318e-16,1.612e-15
VectorFFT,2635,5.939e-16,7.197e-16,1.905e-15
MKL,2635,5.581e-16,5.721e-16,2.187e-15
VectorFFT,2636,5.671e-16,6.832e-16,1.375e-15
MKL,2636,4.531e-16,4.763e-16,1.791e-15
VectorFFT,2637,5.704e-16,7.803e-16,1.593e-15
MKL,2637,4.508e-16,4.249e-16,1.467e-15
VectorFFT,2638,5.503e-16,7.150e-16,1.584e-15
MKL,2638,4.539e-16,4.038e-16,1.333e-15
VectorFFT,2639,5.466e-16,5.269e-16,1.327e-15
MKL,2639,3.646e-16,3.490e-16,1.167e-15
VectorFFT,2640,4.706e-16,5.560e-16,1.442e-15
MKL,2640,2.641e-16,2.683e-16,8.083e-16
VectorFFT,2641,5.576e-16,6.424e-16,1.227e-15
MKL,2641,4.493e-16,4.671e-16,1.573e-15
VectorFFT,2642,5.684e-16,1.070e-15,1.579e-15
MKL,2642,4.484e-16,4.954e-16,1.491e-15
VectorFFT,2643,5.794e-16,6.574e-16,1.402e-15
MKL,2643,4.570e-16,4.113e-16,1.607e-15
VectorFFT,2644,5.422e-16,1.036e-15,1.416e-15
MKL,2644,4.447e-16,4.221e-16,1.376e-15
VectorFFT,2645,9.608e-16,1.226e-15,3.520e-15
MKL,2645,3.124e-16,3.315e-16,9.361e-16
VectorFFT,2646,5.073e-16,6.697e-16,1.547e-15
MKL,2646,2.892e-16,3.583e-16,9.627e-16
VectorFFT,2647,9.679e-16,9.369e-16,2.558e-15
MKL,2647,4.878e-16,4.655e-16,1.829e-15
VectorFFT,2648,5.667e-16,7.329e-16,1.336e-15
MKL,2648,4.494e-16,5.114e-16,1.490e-15
VectorFFT,2649,5.742e-16,7.476e-16,1.323e-15
MKL,2649,4.909e-16,5.453e-16,1.611e-15
VectorFFT,2650,5.663e-16,6.324e-16,1.457e-15
MKL,2650,3.301e-16,3.827e-16,1.010e-15
VectorFFT,2651,5.529e-16,6.712e-16,1.354e-15
MKL,2651,4.719e-16,4.673e-16,1.620e-15
VectorFFT,2652,6.184e-16,5.301e-16,1.641e-15
MKL,2652,2.665e-16,2.689e-16,8.285e-16
VectorFFT,2653,5.678e-16,8.284e-16,1.374e-15
MKL,2653,4.529e-16,6.379e-16,1.445e-15
VectorFFT,2654,5.836e-16,8.577e-16,1.382e-15
MKL,2654,4.479e-16,5.658e-16,1.621e-15
VectorFFT,2655,5.609e-16,6.923e-16,1.440e-15
MKL,2655,3.360e-16,3.415e-16,1.180e-15
VectorFFT,2656,5.701e-16,7.386e-16,1.433e-15
MKL,2656,2.883e-16,2.769e-16,9.227e-16
VectorFFT,2657,5.902e-16,7.052e-16,1.447e-15
MKL,2657,4.618e-16,4.350e-16,1.602e-15
VectorFFT,2658,5.736e-16,5.797e-16,1.398e-15
MKL,2658,4.513e-16,4.109e-16,1.604e-15
VectorFFT,2659,5.758e-16,1.001e-15,1.368e-15
MKL,2659,4.588e-16,4.908e-16,1.476e-15
VectorFFT,2660,4.997e-16,5.683e-16,1.779e-15
MKL,2660,2.823e-16,3.001e-16,8.958e-16
VectorFFT,2661,5.752e-16,7.288e-16,1.403e-15
MKL,2661,4.652e-16,4.888e-16,1.704e-15
VectorFFT,2662,5.725e-16,6.727e-16,2.175e-15
MKL,2662,2.668e-16,2.261e-16,8.114e-16
VectorFFT,2663,5.744e-16,7.537e-16,1.465e-15
MKL,2663,4.893e-16,4.443e-16,1.726e-15
VectorFFT,2664,5.688e-16,7.793e-16,2.012e-15
MKL,2664,2.724e-16,3.078e-16,9.016e-16
VectorFFT,2665,5.302e-16,6.501e-16,1.274e-15
MKL,2665,4.062e-16,4.191e-16,1.205e-15
VectorFFT,2666,1.551e-15,2.169e-15,6.166e-15
MKL,2666,2.915e-16,3.416e-16,9.628e-16
VectorFFT,2667,5.564e-16,6.606e-16,1.525e-15
MKL,2667,4.666e-16,4.157e-16,1.619e-15
VectorFFT,2668,5.272e-16,5.789e-16,1.441e-15
MKL,2668,2.627e-16,2.507e-16,8.449e-16
VectorFFT,2669,5.670e-16,6.916e-16,1.561e-15
MKL,2669,4.434e-16,4.671e-16,1.397e-15
VectorFFT,2670,5.336e-16,7.705e-16,1.322e-15
MKL,2670,3.285e-16,4.309e-16,1.089e-15
VectorFFT,2671,5.667e-16,5.947e-16,1.722e-15
MKL,2671,4.950e-16,4.811e-16,1.543e-15
VectorFFT,2672,5.449e-16,9.254e-16,1.422e-15
MKL,2672,4.532e-16,4.301e-16,1.460e-15
VectorFFT,2673,5.552e-16,6.071e-16,1.640e-15
MKL,2673,5.777e-16,7.294e-16,1.751e-15
VectorFFT,2674,5.859e-16,8.772e-16,1.334e-15
MKL,2674,4.492e-16,4.559e-16,1.476e-15
VectorFFT,2675,5.710e-16,6.220e-16,1.618e-15
MKL,2675,4.598e-16,4.645e-16,1.566e-15
VectorFFT,2676,5.727e-16,8.050e-16,1.429e-15
MKL,2676,4.443e-16,4.459e-16,1.447e-15
VectorFFT,2677,5.631e-16,8.346e-16,1.715e-15
MKL,2677,4.691e-16,6.180e-16,1.672e-15
VectorFFT,2678,5.716e-16,6.240e-16,1.465e-15
MKL,2678,3.464e-16,4.583e-16,1.013e-15
VectorFFT,2679,5.212e-16,5.235e-16,1.512e-15
MKL,2679,4.199e-16,4.685e-16,1.348e-15
VectorFFT,2680,5.404e-16,6.408e-16,1.214e-15
MKL,2680,2.906e-16,2.876e-16,9.283e-16
VectorFFT,2681,5.636e-16,6.885e-16,1.440e-15
MKL,2681,4.465e-16,4.359e-16,1.591e-15
VectorFFT,2682,5.671e-16,6.683e-16,1.538e-15
MKL,2682,3.949e-16,6.502e-16,1.404e-15
VectorFFT,2683,5.745e-16,8.900e-16,1.297e-15
MKL,2683,4.575e-16,5.986e-16,1.841e-15
VectorFFT,2684,5.560e-16,9.247e-16,1.286e-15
MKL,2684,2.815e-16,4.811e-16,1.017e-15
VectorFFT,2685,5.663e-16,7.145e-16,1.342e-15
MKL,2685,4.531e-16,4.187e-16,1.476e-15
VectorFFT,2686,5.653e-16,7.951e-16,1.322e-15
MKL,2686,3.099e-16,4.775e-16,1.015e-15
VectorFFT,2687,5.682e-16,7.521e-16,1.379e-15
MKL,2687,4.634e-16,4.467e-16,1.316e-15
VectorFFT,2688,3.504e-16,4.294e-16,9.778e-16
MKL,2688,2.474e-16,2.741e-16,9.616e-16
VectorFFT,2689,6.532e-16,5.915e-16,1.886e-15
MKL,2689,4.820e-16,4.569e-16,1.698e-15
VectorFFT,2690,5.663e-16,6.353e-16,1.237e-15
MKL,2690,4.475e-16,3.976e-16,1.751e-15
VectorFFT,2691,5.974e-16,6.628e-16,1.501e-15
MKL,2691,3.276e-16,2.919e-16,1.042e-15
VectorFFT,2692,5.660e-16,6.277e-16,1.366e-15
MKL,2692,4.531e-16,4.235e-16,1.447e-15
VectorFFT,2693,5.767e-16,9.874e-16,1.381e-15
MKL,2693,4.583e-16,6.074e-16,1.449e-15
VectorFFT,2694,5.659e-16,8.350e-16,1.360e-15
MKL,2694,4.547e-16,4.257e-16,1.639e-15
VectorFFT,2695,4.877e-16,6.187e-16,1.632e-15
MKL,2695,3.206e-16,4.273e-16,1.016e-15
VectorFFT,2696,5.650e-16,7.427e-16,1.552e-15
MKL,2696,4.550e-16,4.728e-16,1.342e-15
VectorFFT,2697,1.440e-15,2.404e-15,7.010e-15
MKL,2697,3.092e-16,3.070e-16,1.075e-15
VectorFFT,2698,5.575e-16,9.594e-16,1.464e-15
MKL,2698,3.411e-16,4.126e-16,1.050e-15
VectorFFT,2699,5.752e-16,1.054e-15,1.290e-15
MKL,2699,4.491e-16,5.204e-16,1.526e-15
VectorFFT,2700,6.035e-16,7.242e-16,1.781e-15
MKL,2700,2.889e-16,3.167e-16,9.607e-16
VectorFFT,2701,5.711e-16,9.482e-16,1.362e-15
MKL,2701,3.273e-16,3.751e-16,1.199e-15
VectorFFT,2702,5.749e-16,7.250e-16,1.486e-15
MKL,2702,4.479e-16,4.282e-16,1.599e-15
VectorFFT,2703,5.731e-16,7.366e-16,1.438e-15
MKL,2703,4.826e-16,4.702e-16,1.626e-15
VectorFFT,2704,5.791e-16,8.110e-16,1.406e-15
MKL,2704,2.577e-16,2.867e-16,7.987e-16
VectorFFT,2705,5.698e-16,7.935e-16,1.510e-15
MKL,2705,4.521e-16,4.903e-16,1.434e-15
VectorFFT,2706,5.963e-16,8.778e-16,2.166e-15
MKL,2706,2.788e-16,3.036e-16,9.915e-16
VectorFFT,2707,5.640e-16,7.093e-16,1.647e-15
MKL,2707,5.051e-16,5.774e-16,1.633e-15
VectorFFT,2708,5.753e-16,7.259e-16,1.366e-15
MKL,2708,4.502e-16,3.992e-16,1.458e-15
VectorFFT,2709,5.176e-16,4.885e-16,1.414e-15
MKL,2709,4.663e-16,4.738e-16,1.341e-15
VectorFFT,2710,5.642e-16,8.256e-16,1.441e-15
MKL,2710,4.617e-16,4.997e-16,1.521e-15
VectorFFT,2711,5.708e-16,7.069e-16,1.363e-15
MKL,2711,4.907e-16,4.240e-16,1.767e-15
VectorFFT,2712,5.712e-16,8.429e-16,1.323e-15
MKL,2712,3.282e-16,4.279e-16,9.944e-16
VectorFFT,2713,5.852e-16,7.541e-16,1.492e-15
MKL,2713,4.740e-16,5.045e-16,1.710e-15
VectorFFT,2714,5.717e-16,7.252e-16,1.478e-15
MKL,2714,3.321e-16,3.879e-16,1.208e-15
VectorFFT,2715,5.726e-16,6.636e-16,1.402e-15
MKL,2715,4.527e-16,4.670e-16,1.343e-15
VectorFFT,2716,5.723e-16,7.233e-16,1.453e-15
MKL,2716,3.147e-16,4.527e-16,1.049e-15
VectorFFT,2717,7.424e-16,8.914e-16,2.640e-15
MKL,2717,3.747e-16,3.599e-16,1.195e-15
VectorFFT,2718,5.549e-16,6.135e-16,1.368e-15
MKL,2718,4.496e-16,4.824e-16,1.662e-15
VectorFFT,2719,5.729e-16,6.953e-16,1.474e-15
MKL,2719,4.690e-16,4.859e-16,1.609e-15
VectorFFT,2720,5.360e-16,7.225e-16,1.300e-15
MKL,2720,2.680e-16,2.626e-16,8.673e-16
VectorFFT,2721,5.724e-16,7.821e-16,1.505e-15
MKL,2721,4.642e-16,4.412e-16,1.629e-15
VectorFFT,2722,5.700e-16,6.489e-16,1.278e-15
MKL,2722,4.650e-16,5.039e-16,1.686e-15
VectorFFT,2723,5.828e-16,7.234e-16,1.440e-15
MKL,2723,4.632e-16,3.762e-16,1.949e-15
VectorFFT,2724,5.859e-16,7.034e-16,1.535e-15
MKL,2724,4.611e-16,4.516e-16,1.368e-15
VectorFFT,2725,5.831e-16,8.100e-16,1.413e-15
MKL,2725,4.714e-16,4.964e-16,1.847e-15
VectorFFT,2726,1.920e-15,3.874e-15,8.475e-15
MKL,2726,2.863e-16,3.542e-16,1.148e-15
VectorFFT,2727,5.710e-16,7.844e-16,1.778e-15
MKL,2727,4.516e-16,3.901e-16,1.363e-15
VectorFFT,2728,6.554e-16,8.184e-16,2.538e-15
MKL,2728,2.587e-16,2.536e-16,8.312e-16
VectorFFT,2729,5.915e-16,7.358e-16,1.514e-15
MKL,2729,4.602e-16,4.360e-16,1.508e-15
VectorFFT,2730,5.243e-16,5.982e-16,1.724e-15
MKL,2730,2.908e-16,3.281e-16,1.112e-15
VectorFFT,2731,9.842e-16,9.390e-16,2.722e-15
MKL,2731,4.546e-16,3.957e-16,1.447e-15
VectorFFT,2732,5.693e-16,6.154e-16,1.281e-15
MKL,2732,4.588e-16,4.308e-16,1.476e-15
VectorFFT,2733,5.590e-16,6.657e-16,1.376e-15
MKL,2733,4.788e-16,4.537e-16,1.517e-15
VectorFFT,2734,5.806e-16,8.506e-16,1.375e-15
MKL,2734,4.678e-16,5.272e-16,1.512e-15
VectorFFT,2735,5.818e-16,8.011e-16,1.562e-15
MKL,2735,4.553e-16,4.370e-16,1.545e-15
VectorFFT,2736,4.854e-16,6.033e-16,1.258e-15
MKL,2736,2.637e-16,3.462e-16,9.273e-16
VectorFFT,2737,8.279e-16,1.055e-15,3.002e-15
MKL,2737,3.178e-16,3.328e-16,9.053e-16
VectorFFT,2738,1.575e-15,2.406e-15,6.285e-15
MKL,2738,3.002e-16,3.419e-16,9.705e-16
VectorFFT,2739,5.618e-16,9.986e-16,1.434e-15
MKL,2739,4.167e-16,4.809e-16,1.583e-15
VectorFFT,2740,5.720e-16,9.346e-16,1.551e-15
MKL,2740,3.491e-16,7.457e-16,1.170e-15
VectorFFT,2741,5.876e-16,9.371e-16,1.425e-15
MKL,2741,4.771e-16,5.620e-16,1.639e-15
VectorFFT,2742,5.709e-16,6.279e-16,1.452e-15
MKL,2742,4.570e-16,4.473e-16,1.560e-15
VectorFFT,2743,5.806e-16,8.295e-16,1.433e-15
MKL,2743,4.682e-16,5.652e-16,1.467e-15
VectorFFT,2744,4.865e-16,6.361e-16,1.869e-15
MKL,2744,2.938e-16,2.761e-16,9.561e-16
VectorFFT,2745,5.847e-16,7.845e-16,1.440e-15
MKL,2745,3.473e-16,3.694e-16,1.091e-15
VectorFFT,2746,5.806e-16,8.699e-16,1.307e-15
MKL,2746,4.513e-16,4.957e-16,1.580e-15
VectorFFT,2747,5.792e-16,7.488e-16,1.418e-15
MKL,2747,4.840e-16,4.743e-16,1.709e-15
VectorFFT,2748,5.776e-16,6.868e-16,1.364e-15
MKL,2748,4.564e-16,4.233e-16,1.663e-15
VectorFFT,2749,5.742e-16,7.763e-16,1.387e-15
MKL,2749,4.640e-16,4.370e-16,1.621e-15
VectorFFT,2750,4.634e-16,5.642e-16,1.616e-15
MKL,2750,3.000e-16,3.570e-16,1.090e-15
VectorFFT,2751,5.837e-16,9.191e-16,1.422e-15
MKL,2751,4.581e-16,4.556e-16,1.608e-15
VectorFFT,2752,4.295e-16,4.346e-16,1.103e-15
MKL,2752,2.487e-16,2.952e-16,8.185e-16
VectorFFT,2753,5.857e-16,8.147e-16,1.486e-15
MKL,2753,4.753e-16,5.618e-16,1.744e-15
VectorFFT,2754,6.115e-16,6.104e-16,1.439e-15
MKL,2754,2.953e-16,3.891e-16,1.241e-15
VectorFFT,2755,5.083e-16,5.541e-16,1.628e-15
MKL,2755,4.048e-16,4.194e-16,1.391e-15
VectorFFT,2756,5.643e-16,6.699e-16,1.614e-15
MKL,2756,2.783e-16,3.545e-16,9.356e-16
VectorFFT,2757,5.730e-16,6.701e-16,1.384e-15
MKL,2757,4.616e-16,4.859e-16,1.409e-15
VectorFFT,2758,5.912e-16,6.339e-16,1.521e-15
MKL,2758,4.551e-16,3.742e-16,1.422e-15
VectorFFT,2759,5.780e-16,8.037e-16,1.659e-15
MKL,2759,3.339e-16,4.275e-16,1.048e-15
VectorFFT,2760,5.732e-16,7.757e-16,1.366e-15
MKL,2760,2.929e-16,3.184e-16,9.107e-16
VectorFFT,2761,5.643e-16,5.970e-16,1.592e-15
MKL,2761,4.663e-16,3.885e-16,1.392e-15
VectorFFT,2762,5.975e-16,8.757e-16,1.470e-15
MKL,2762,4.609e-16,5.002e-16,1.552e-15
VectorFFT,2763,5.790e-16,7.486e-16,1.393e-15
MKL,2763,4.667e-16,4.565e-16,1.445e-15
VectorFFT,2764,5.728e-16,1.060e-15,1.350e-15
MKL,2764,4.560e-16,4.719e-16,1.636e-15
VectorFFT,2765,5.889e-16,7.816e-16,1.651e-15
MKL,2765,3.517e-16,3.710e-16,1.187e-15
VectorFFT,2766,5.928e-16,7.031e-16,1.458e-15
MKL,2766,4.578e-16,4.720e-16,1.416e-15
VectorFFT,2767,5.639e-16,8.722e-16,1.687e-15
MKL,2767,4.683e-16,5.583e-16,1.520e-15
VectorFFT,2768,5.848e-16,9.845e-16,1.458e-15
MKL,2768,4.502e-16,4.025e-16,1.498e-15
VectorFFT,2769,5.943e-16,7.500e-16,1.339e-15
MKL,2769,4.865e-16,5.201e-16,1.384e-15
VectorFFT,2770,5.647e-16,5.831e-16,1.230e-15
MKL,2770,4.523e-16,3.545e-16,1.483e-15
VectorFFT,2771,5.733e-16,7.737e-16,1.418e-15
MKL,2771,4.609e-16,5.357e-16,1.491e-15
VectorFFT,2772,5.079e-16,5.766e-16,1.338e-15
MKL,2772,2.918e-16,2.867e-16,9.968e-16
VectorFFT,2773,5.768e-16,1.346e-15,1.572e-15
MKL,2773,4.933e-16,5.570e-16,1.759e-15
VectorFFT,2774,5.729e-16,6.401e-16,1.409e-15
MKL,2774,3.038e-16,3.658e-16,1.098e-15
VectorFFT,2775,4.907e-16,5.078e-16,1.311e-15
MKL,2775,3.699e-16,3.571e-16,1.181e-15
VectorFFT,2776,5.836e-16,6.437e-16,1.491e-15
MKL,2776,4.528e-16,3.808e-16,1.420e-15
VectorFFT,2777,5.808e-16,7.999e-16,1.427e-15
MKL,2777,4.666e-16,4.665e-16,1.471e-15
VectorFFT,2778,5.939e-16,8.400e-16,1.433e-15
MKL,2778,4.609e-16,4.738e-16,1.770e-15
VectorFFT,2779,5.852e-16,6.345e-16,1.504e-15
MKL,2779,5.022e-16,4.692e-16,1.789e-15
VectorFFT,2780,5.965e-16,7.073e-16,1.429e-15
MKL,2780,3.596e-16,4.530e-16,1.154e-15
VectorFFT,2781,5.848e-16,6.498e-16,1.381e-15
MKL,2781,4.547e-16,4.145e-16,1.609e-15
VectorFFT,2782,5.767e-16,9.065e-16,1.350e-15
MKL,2782,3.342e-16,5.282e-16,1.129e-15
VectorFFT,2783,6.604e-16,8.922e-16,2.218e-15
MKL,2783,4.913e-16,4.901e-16,1.298e-15
VectorFFT,2784,4.626e-16,4.802e-16,1.491e-15
MKL,2784,2.616e-16,3.095e-16,9.383e-16
VectorFFT,2785,5.750e-16,7.375e-16,1.371e-15
MKL,2785,4.695e-16,4.847e-16,1.719e-15
VectorFFT,2786,5.750e-16,7.315e-16,1.600e-15
MKL,2786,4.551e-16,5.290e-16,1.371e-15
VectorFFT,2787,5.919e-16,8.424e-16,1.524e-15
MKL,2787,4.605e-16,3.986e-16,1.472e-15
VectorFFT,2788,5.578e-16,6.998e-16,1.348e-15
MKL,2788,2.967e-16,4.204e-16,9.900e-16
VectorFFT,2789,5.800e-16,6.294e-16,1.397e-15
MKL,2789,4.667e-16,4.603e-16,1.388e-15
VectorFFT,2790,5.328e-16,5.648e-16,1.499e-15
MKL,2790,2.902e-16,3.395e-16,1.011e-15
VectorFFT,2791,5.836e-16,7.747e-16,1.362e-15
MKL,2791,4.672e-16,5.080e-16,1.694e-15
VectorFFT,2792,6.006e-16,6.765e-16,1.349e-15
MKL,2792,4.559e-16,3.866e-16,1.673e-15
VectorFFT,2793,5.107e-16,5.553e-16,1.266e-15
MKL,2793,3.277e-16,3.323e-16,1.017e-15
VectorFFT,2794,5.538e-16,7.856e-16,1.386e-15
MKL,2794,3.699e-16,5.598e-16,1.255e-15
VectorFFT,2795,5.489e-16,8.681e-16,1.437e-15
MKL,2795,3.198e-16,3.813e-16,1.023e-15
VectorFFT,2796,5.791e-16,8.688e-16,1.520e-15
MKL,2796,4.654e-16,5.043e-16,1.846e-15
VectorFFT,2797,5.939e-16,9.119e-16,1.452e-15
MKL,2797,4.858e-16,5.706e-16,1.756e-15
VectorFFT,2798,5.971e-16,7.865e-16,1.775e-15
MKL,2798,4.650e-16,4.467e-16,1.787e-15
VectorFFT,2799,5.794e-16,7.274e-16,1.478e-15
MKL,2799,4.678e-16,4.646e-16,1.730e-15
VectorFFT,2800,3.185e-16,3.484e-16,1.109e-15
MKL,2800,2.811e-16,2.903e-16,8.038e-16
VectorFFT,2801,6.330e-16,1.627e-15,2.232e-15
MKL,2801,4.574e-16,5.105e-16,1.486e-15
VectorFFT,2802,5.894e-16,8.578e-16,1.589e-15
MKL,2802,4.775e-16,4.184e-16,1.719e-15
VectorFFT,2803,5.846e-16,7.314e-16,1.627e-15
MKL,2803,4.942e-16,5.359e-16,1.686e-15
VectorFFT,2804,5.591e-16,5.771e-16,1.505e-15
MKL,2804,4.658e-16,4.591e-16,1.579e-15
VectorFFT,2805,5.714e-16,6.014e-16,1.388e-15
MKL,2805,3.841e-16,3.698e-16,1.237e-15
VectorFFT,2806,5.754e-16,7.880e-16,1.347e-15
MKL,2806,3.042e-16,3.464e-16,9.339e-16
VectorFFT,2807,5.630e-16,9.723e-16,1.330e-15
MKL,2807,4.713e-16,5.088e-16,1.500e-15
VectorFFT,2808,7.558e-16,8.487e-16,3.384e-15
MKL,2808,2.660e-16,2.978e-16,7.583e-16
VectorFFT,2809,5.852e-16,8.900e-16,1.421e-15
MKL,2809,3.838e-16,5.282e-16,1.305e-15
VectorFFT,2810,5.717e-16,7.105e-16,1.364e-15
MKL,2810,4.548e-16,5.035e-16,1.620e-15
VectorFFT,2811,5.938e-16,8.610e-16,1.412e-15
MKL,2811,4.716e-16,6.194e-16,1.925e-15
VectorFFT,2812,4.759e-16,5.712e-16,1.141e-15
MKL,2812,2.841e-16,3.025e-16,8.556e-16
VectorFFT,2813,5.863e-16,9.154e-16,1.426e-15
MKL,2813,4.729e-16,6.388e-16,1.466e-15
VectorFFT,2814,6.034e-16,7.015e-16,1.486e-15
MKL,2814,3.608e-16,4.584e-16,1.333e-15
VectorFFT,2815,5.782e-16,6.845e-16,1.336e-15
MKL,2815,4.772e-16,4.786e-16,1.790e-15
VectorFFT,2816,3.862e-16,4.518e-16,9.216e-16
MKL,2816,2.354e-16,2.749e-16,7.879e-16
VectorFFT,2817,5.836e-16,7.213e-16,1.573e-15
MKL,2817,4.737e-16,4.910e-16,1.449e-15
VectorFFT,2818,6.007e-16,8.606e-16,1.548e-15
MKL,2818,4.671e-16,4.776e-16,1.577e-15
VectorFFT,2819,5.935e-16,1.052e-15,1.510e-15
MKL,2819,4.988e-16,5.069e-16,1.778e-15
VectorFFT,2820,5.490e-16,6.610e-16,1.430e-15
MKL,2820,2.945e-16,4.207e-16,9.726e-16
VectorFFT,2821,5.571e-16,7.838e-16,1.670e-15
MKL,2821,3.033e-16,3.915e-16,1.402e-15
VectorFFT,2822,5.785e-16,9.049e-16,1.441e-15
MKL,2822,3.260e-16,3.925e-16,9.433e-16
VectorFFT,2823,5.798e-16,9.188e-16,1.551e-15
MKL,2823,4.676e-16,5.565e-16,1.516e-15
VectorFFT,2824,5.934e-16,8.311e-16,1.580e-15
MKL,2824,4.614e-16,4.497e-16,1.561e-15
VectorFFT,2825,5.800e-16,7.373e-16,1.670e-15
MKL,2825,4.672e-16,4.166e-16,1.784e-15
VectorFFT,2826,5.802e-16,7.119e-16,1.409e-15
MKL,2826,4.547e-16,4.591e-16,1.451e-15
VectorFFT,2827,5.835e-16,8.737e-16,1.765e-15
MKL,2827,4.567e-16,4.924e-16,1.730e-15
VectorFFT,2828,5.738e-16,7.042e-16,1.409e-15
MKL,2828,3.163e-16,3.433e-16,1.168e-15
VectorFFT,2829,6.950e-16,7.049e-16,2.315e-15
MKL,2829,3.206e-16,2.757e-16,8.917e-16
VectorFFT,2830,5.680e-16,8.423e-16,1.466e-15
MKL,2830,4.599e-16,5.398e-16,1.583e-15
VectorFFT,2831,5.656e-16,7.917e-16,1.297e-15
MKL,2831,4.617e-16,4.513e-16,1.719e-15
VectorFFT,2832,5.716e-16,7.174e-16,1.414e-15
MKL,2832,2.839e-16,3.840e-16,8.388e-16
VectorFFT,2833,5.993e-16,8.242e-16,1.282e-15
MKL,2833,4.678e-16,5.148e-16,1.449e-15
VectorFFT,2834,5.762e-16,6.881e-16,1.185e-15
MKL,2834,3.354e-16,4.018e-16,1.095e-15
VectorFFT,2835,5.431e-16,6.006e-16,1.733e-15
MKL,2835,4.072e-16,4.933e-16,1.079e-15
VectorFFT,2836,5.739e-16,7.863e-16,1.546e-15
MKL,2836,4.588e-16,4.518e-16,1.469e-15
VectorFFT,2837,5.945e-16,8.476e-16,1.413e-15
MKL,2837,4.976e-16,4.820e-16,1.949e-15
VectorFFT,2838,5.237e-16,5.900e-16,1.257e-15
MKL,2838,2.784e-16,3.376e-16,9.804e-16
VectorFFT,2839,5.744e-16,1.041e-15,1.491e-15
MKL,2839,4.525e-16,4.349e-16,1.477e-15
VectorFFT,2840,5.621e-16,7.643e-16,1.506e-15
MKL,2840,3.099e-16,4.478e-16,9.715e-16
VectorFFT,2841,5.731e-16,6.349e-16,1.383e-15
MKL,2841,4.799e-16,5.215e-16,1.550e-15
VectorFFT,2842,9.740e-16,1.605e-15,4.009e-15
MKL,2842,3.103e-16,3.272e-16,9.592e-16
VectorFFT,2843,6.007e-16,1.279e-15,1.446e-15
MKL,2843,4.627e-16,5.008e-16,1.575e-15
VectorFFT,2844,5.693e-16,8.487e-16,1.290e-15
MKL,2844,3.111e-16,4.253e-16,9.439e-16
VectorFFT,2845,5.720e-16,6.549e-16,1.385e-15
MKL,2845,4.649e-16,4.116e-16,1.507e-15
VectorFFT,2846,5.792e-16,9.077e-16,1.559e-15
MKL,2846,4.834e-16,5.295e-16,1.795e-15
VectorFFT,2847,5.885e-16,8.894e-16,1.340e-15
MKL,2847,3.552e-16,3.450e-16,1.156e-15
VectorFFT,2848,5.930e-16,7.829e-16,1.593e-15
MKL,2848,3.015e-16,3.823e-16,1.012e-15
VectorFFT,2849,5.418e-16,7.565e-16,1.744e-15
MKL,2849,3.097e-16,2.984e-16,9.764e-16
VectorFFT,2850,5.019e-16,5.935e-16,1.773e-15
MKL,2850,2.952e-16,2.780e-16,1.168e-15
VectorFFT,2851,8.764e-16,7.926e-16,2.553e-15
MKL,2851,4.574e-16,3.943e-16,1.512e-15
VectorFFT,2852,5.549e-16,6.262e-16,1.494e-15
MKL,2852,2.769e-16,3.582e-16,8.541e-16
VectorFFT,2853,5.735e-16,8.362e-16,1.606e-15
MKL,2853,4.651e-16,5.042e-16,1.562e-15
VectorFFT,2854,5.794e-16,7.497e-16,1.425e-15
MKL,2854,4.641e-16,5.558e-16,1.569e-15
VectorFFT,2855,5.818e-16,8.904e-16,1.427e-15
MKL,2855,4.662e-16,5.074e-16,1.567e-15
VectorFFT,2856,5.389e-16,6.758e-16,1.482e-15
MKL,2856,2.601e-16,2.609e-16,8.195e-16
VectorFFT,2857,9.740e-16,1.056e-15,2.676e-15
MKL,2857,5.040e-16,5.429e-16,1.726e-15
VectorFFT,2858,5.960e-16,7.571e-16,1.453e-15
MKL,2858,4.497e-16,4.595e-16,1.424e-15
VectorFFT,2859,5.997e-16,7.521e-16,1.396e-15
MKL,2859,4.707e-16,5.616e-16,2.079e-15
VectorFFT,2860,5.431e-16,6.170e-16,1.701e-15
MKL,2860,2.766e-16,2.841e-16,8.538e-16
VectorFFT,2861,5.686e-16,9.555e-16,1.439e-15
MKL,2861,4.630e-16,5.246e-16,1.629e-15
VectorFFT,2862,5.681e-16,8.737e-16,1.832e-15
MKL,2862,3.464e-16,3.452e-16,1.416e-15
VectorFFT,2863,5.864e-16,7.943e-16,1.478e-15
MKL,2863,4.746e-16,5.367e-16,1.665e-15
VectorFFT,2864,6.062e-16,8.921e-16,1.447e-15
MKL,2864,4.772e-16,4.228e-16,1.500e-15
VectorFFT,2865,5.944e-16,6.979e-16,1.502e-15
MKL,2865,4.710e-16,4.600e-16,1.618e-15
VectorFFT,2866,5.890e-16,7.727e-16,1.329e-15
MKL,2866,4.696e-16,4.942e-16,1.654e-15
VectorFFT,2867,6.044e-16,8.481e-16,1.467e-15
MKL,2867,3.829e-16,4.203e-16,1.462e-15
VectorFFT,2868,5.787e-16,7.622e-16,1.590e-15
MKL,2868,4.598e-16,4.636e-16,1.616e-15
VectorFFT,2869,5.937e-16,6.630e-16,1.646e-15
MKL,2869,4.629e-16,4.473e-16,1.502e-15
VectorFFT,2870,5.575e-16,7.515e-16,1.835e-15
MKL,2870,3.123e-16,2.895e-16,9.648e-16
VectorFFT,2871,6.166e-16,9.191e-16,2.556e-15
MKL,2871,3.421e-16,3.995e-16,1.347e-15
VectorFFT,2872,5.668e-16,9.337e-16,1.495e-15
MKL,2872,4.704e-16,4.867e-16,1.548e-15
VectorFFT,2873,6.580e-16,7.563e-16,1.538e-15
MKL,2873,3.479e-16,4.734e-16,1.082e-15
VectorFFT,2874,5.857e-16,1.020e-15,1.607e-15
MKL,2874,4.656e-16,4.678e-16,1.695e-15
VectorFFT,2875,5.207e-16,8.403e-16,1.487e-15
MKL,2875,5.268e-16,5.808e-16,1.525e-15
VectorFFT,2876,5.828e-16,6.698e-16,1.373e-15
MKL,2876,4.691e-16,4.511e-16,1.486e-15
VectorFFT,2877,5.732e-16,7.811e-16,1.420e-15
MKL,2877,4.701e-16,4.360e-16,1.714e-15
VectorFFT,2878,5.926e-16,6.138e-16,1.662e-15
MKL,2878,4.592e-16,4.814e-16,1.786e-15
VectorFFT,2879,6.009e-16,7.521e-16,1.556e-15
MKL,2879,4.743e-16,4.857e-16,1.661e-15
VectorFFT,2880,4.266e-16,5.398e-16,1.101e-15
MKL,2880,2.572e-16,2.533e-16,8.051e-16
VectorFFT,2881,5.873e-16,9.460e-16,1.512e-15
MKL,2881,3.266e-16,3.105e-16,1.132e-15
VectorFFT,2882,5.904e-16,8.329e-16,1.554e-15
MKL,2882,3.437e-16,4.721e-16,1.359e-15
VectorFFT,2883,1.106e-15,1.955e-15,4.673e-15
MKL,2883,3.076e-16,3.127e-16,9.865e-16
VectorFFT,2884,5.745e-16,6.020e-16,1.664e-15
MKL,2884,3.267e-16,3.456e-16,1.160e-15
VectorFFT,2885,5.889e-16,7.976e-16,1.794e-15
MKL,2885,4.738e-16,4.581e-16,1.451e-15
VectorFFT,2886,5.924e-16,6.158e-16,1.651e-15
MKL,2886,3.495e-16,3.213e-16,1.276e-15
VectorFFT,2887,5.791e-16,5.811e-16,1.405e-15
MKL,2887,4.880e-16,4.534e-16,1.544e-15
VectorFFT,2888,8.126e-16,1.414e-15,3.425e-15
MKL,2888,2.702e-16,3.642e-16,7.928e-16
VectorFFT,2889,5.772e-16,9.299e-16,1.381e-15
MKL,2889,4.684e-16,4.903e-16,1.384e-15
VectorFFT,2890,6.043e-16,6.570e-16,1.577e-15
MKL,2890,3.500e-16,3.285e-16,1.102e-15
VectorFFT,2891,5.991e-16,6.921e-16,1.643e-15
MKL,2891,3.441e-16,3.196e-16,1.083e-15
VectorFFT,2892,5.786e-16,7.010e-16,1.398e-15
MKL,2892,4.591e-16,4.272e-16,1.669e-15
VectorFFT,2893,5.810e-16,7.329e-16,1.409e-15
MKL,2893,4.902e-16,4.986e-16,1.864e-15
VectorFFT,2894,6.069e-16,8.229e-16,1.574e-15
MKL,2894,4.745e-16,4.917e-16,1.767e-15
VectorFFT,2895,5.741e-16,7.052e-16,1.404e-15
MKL,2895,4.950e-16,5.857e-16,1.825e-15
VectorFFT,2896,5.808e-16,8.399e-16,1.332e-15
MKL,2896,4.537e-16,4.664e-16,1.378e-15
VectorFFT,2897,5.866e-16,7.343e-16,1.452e-15
MKL,2897,4.708e-16,5.708e-16,1.496e-15
VectorFFT,2898,5.847e-16,7.396e-16,1.906e-15
MKL,2898,3.048e-16,3.706e-16,1.060e-15
VectorFFT,2899,5.858e-16,7.958e-16,1.443e-15
MKL,2899,4.961e-16,5.836e-16,1.582e-15
VectorFFT,2900,4.915e-16,5.826e-16,1.715e-15
MKL,2900,2.875e-16,2.973e-16,1.035e-15
VectorFFT,2901,5.880e-16,8.196e-16,1.351e-15
MKL,2901,4.846e-16,6.314e-16,1.592e-15
VectorFFT,2902,6.058e-16,7.053e-16,1.503e-15
MKL,2902,4.593e-16,4.430e-16,1.669e-15
VectorFFT,2903,5.754e-16,8.546e-16,1.658e-15
MKL,2903,4.757e-16,4.490e-16,1.810e-15
VectorFFT,2904,6.183e-16,8.960e-16,2.009e-15
MKL,2904,2.583e-16,2.756e-16,9.645e-16
VectorFFT,2905,6.022e-16,7.778e-16,1.474e-15
MKL,2905,3.706e-16,4.591e-16,1.269e-15
VectorFFT,2906,5.581e-16,6.901e-16,1.416e-15
MKL,2906,4.705e-16,4.675e-16,1.840e-15
VectorFFT,2907,9.155e-16,1.379e-15,3.461e-15
MKL,2907,4.062e-16,4.660e-16,1.166e-15
VectorFFT,2908,5.830e-16,5.379e-16,1.735e-15
MKL,2908,4.690e-16,4.323e-16,1.605e-15
VectorFFT,2909,5.897e-16,8.841e-16,1.537e-15
MKL,2909,4.739e-16,5.611e-16,1.621e-15
VectorFFT,2910,5.807e-16,8.165e-16,1.513e-15
MKL,2910,3.236e-16,3.688e-16,1.066e-15
VectorFFT,2911,5.870e-16,7.341e-16,1.403e-15
MKL,2911,3.410e-16,3.521e-16,1.179e-15
VectorFFT,2912,4.841e-16,6.314e-16,1.391e-15
MKL,2912,2.587e-16,3.956e-16,9.093e-16
VectorFFT,2913,5.932e-16,8.171e-16,1.417e-15
MKL,2913,4.674e-16,5.493e-16,1.485e-15
VectorFFT,2914,1.002e-15,1.644e-15,4.335e-15
MKL,2914,3.001e-16,3.923e-16,1.060e-15
VectorFFT,2915,5.823e-16,6.032e-16,1.432e-15
MKL,2915,3.356e-16,2.630e-16,1.027e-15
VectorFFT,2916,6.117e-16,6.650e-16,1.634e-15
MKL,2916,2.790e-16,3.227e-16,9.887e-16
VectorFFT,2917,6.048e-16,7.367e-16,1.386e-15
MKL,2917,4.755e-16,5.557e-16,1.569e-15
VectorFFT,2918,5.816e-16,1.017e-15,1.392e-15
MKL,2918,4.697e-16,5.725e-16,1.364e-15
VectorFFT,2919,5.944e-16,8.376e-16,1.406e-15
MKL,2919,4.719e-16,5.392e-16,1.611e-15
VectorFFT,2920,5.752e-16,1.014e-15,1.455e-15
MKL,2920,3.088e-16,3.764e-16,1.038e-15
VectorFFT,2921,5.798e-16,6.608e-16,1.588e-15
MKL,2921,4.751e-16,5.389e-16,1.489e-15
VectorFFT,2922,6.078e-16,7.062e-16,1.457e-15
MKL,2922,4.663e-16,4.844e-16,1.477e-15
VectorFFT,2923,6.123e-16,8.947e-16,1.768e-15
MKL,2923,4.620e-16,4.839e-16,1.377e-15
VectorFFT,2924,5.751e-16,6.558e-16,1.504e-15
MKL,2924,2.762e-16,2.990e-16,9.934e-16
VectorFFT,2925,5.595e-16,6.012e-16,1.357e-15
MKL,2925,4.093e-16,4.485e-16,1.383e-15
VectorFFT,2926,8.242e-16,1.789e-15,3.232e-15
MKL,2926,3.552e-16,4.410e-16,1.084e-15
VectorFFT,2927,5.987e-16,6.394e-16,1.508e-15
MKL,2927,4.874e-16,5.860e-16,1.503e-15
VectorFFT,2928,5.864e-16,7.036e-16,1.690e-15
MKL,2928,2.810e-16,3.355e-16,9.977e-16
VectorFFT,2929,5.948e-16,7.421e-16,1.426e-15
MKL,2929,4.663e-16,3.949e-16,1.510e-15
VectorFFT,2930,6.075e-16,7.399e-16,1.377e-15
MKL,2930,4.739e-16,4.820e-16,1.510e-15
VectorFFT,2931,6.002e-16,7.991e-16,1.592e-15
MKL,2931,4.840e-16,4.893e-16,1.465e-15
VectorFFT,2932,5.794e-16,6.990e-16,1.361e-15
MKL,2932,4.811e-16,5.236e-16,1.652e-15
VectorFFT,2933,6.035e-16,6.822e-16,1.448e-15
MKL,2933,4.710e-16,6.034e-16,1.842e-15
VectorFFT,2934,5.838e-16,8.504e-16,1.609e-15
MKL,2934,4.764e-16,5.072e-16,1.513e-15
VectorFFT,2935,5.898e-16,1.111e-15,1.464e-15
MKL,2935,4.731e-16,6.102e-16,1.480e-15
VectorFFT,2936,5.737e-16,6.487e-16,1.514e-15
MKL,2936,4.612e-16,4.241e-16,1.546e-15
VectorFFT,2937,5.771e-16,9.600e-16,1.475e-15
MKL,2937,3.406e-16,4.693e-16,1.179e-15
VectorFFT,2938,5.859e-16,6.205e-16,1.680e-15
MKL,2938,3.426e-16,3.484e-16,1.281e-15
VectorFFT,2939,6.050e-16,9.448e-16,1.408e-15
MKL,2939,4.642e-16,4.327e-16,1.469e-15
VectorFFT,2940,4.721e-16,6.943e-16,1.564e-15
MKL,2940,2.845e-16,3.240e-16,9.067e-16
VectorFFT,2941,5.884e-16,7.680e-16,1.606e-15
MKL,2941,4.764e-16,5.437e-16,1.409e-15
VectorFFT,2942,6.359e-16,6.739e-16,1.572e-15
MKL,2942,4.759e-16,3.823e-16,1.512e-15
VectorFFT,2943,5.763e-16,6.913e-16,1.497e-15
MKL,2943,4.664e-16,4.101e-16,1.538e-15
VectorFFT,2944,4.551e-16,5.509e-16,1.184e-15
MKL,2944,2.446e-16,3.222e-16,8.189e-16
VectorFFT,2945,5.224e-16,5.291e-16,1.730e-15
MKL,2945,3.210e-16,3.272e-16,1.017e-15
VectorFFT,2946,5.820e-16,7.042e-16,1.574e-15
MKL,2946,4.763e-16,4.478e-16,1.649e-15
VectorFFT,2947,5.862e-16,6.577e-16,1.466e-15
MKL,2947,4.772e-16,4.991e-16,1.710e-15
VectorFFT,2948,5.667e-16,6.505e-16,1.529e-15
MKL,2948,3.006e-16,3.391e-16,9.781e-16
VectorFFT,2949,5.960e-16,7.455e-16,1.434e-15
MKL,2949,4.861e-16,5.000e-16,1.507e-15
VectorFFT,2950,5.912e-16,1.023e-15,1.486e-15
MKL,2950,3.546e-16,4.787e-16,1.069e-15
VectorFFT,2951,5.657e-16,6.962e-16,1.484e-15
MKL,2951,4.714e-16,6.161e-16,1.676e-15
VectorFFT,2952,5.562e-16,4.485e-16,1.686e-15
MKL,2952,2.801e-16,2.526e-16,8.322e-16
VectorFFT,2953,6.062e-16,8.102e-16,1.502e-15
MKL,2953,4.669e-16,5.179e-16,1.455e-15
VectorFFT,2954,5.980e-16,8.471e-16,1.480e-15
MKL,2954,4.741e-16,5.265e-16,1.535e-15
VectorFFT,2955,5.936e-16,1.029e-15,1.592e-15
MKL,2955,4.995e-16,5.309e-16,1.983e-15
VectorFFT,2956,5.772e-16,7.981e-16,1.378e-15
MKL,2956,4.689e-16,5.405e-16,1.414e-15
VectorFFT,2957,5.943e-16,1.019e-15,1.503e-15
MKL,2957,4.707e-16,4.735e-16,1.704e-15
VectorFFT,2958,8.061e-16,1.196e-15,3.291e-15
MKL,2958,3.325e-16,3.033e-16,1.290e-15
VectorFFT,2959,5.662e-16,6.571e-16,1.371e-15
MKL,2959,4.702e-16,5.024e-16,1.627e-15
VectorFFT,2960,4.522e-16,5.200e-16,1.522e-15
MKL,2960,2.701e-16,3.347e-16,7.654e-16
VectorFFT,2961,5.919e-16,5.590e-16,1.881e-15
MKL,2961,3.194e-16,2.772e-16,9.967e-16
VectorFFT,2962,5.840e-16,7.475e-16,1.396e-15
MKL,2962,4.841e-16,5.005e-16,1.763e-15
VectorFFT,2963,5.828e-16,1.030e-15,1.431e-15
MKL,2963,4.984e-16,5.332e-16,1.691e-15
VectorFFT,2964,5.864e-16,6.874e-16,1.662e-15
MKL,2964,2.742e-16,3.570e-16,1.015e-15
VectorFFT,2965,5.853e-16,1.053e-15,1.719e-15
MKL,2965,4.779e-16,4.318e-16,1.667e-15
VectorFFT,2966,5.951e-16,8.325e-16,1.659e-15
MKL,2966,4.736e-16,4.865e-16,1.617e-15
VectorFFT,2967,5.398e-16,5.856e-16,1.537e-15
MKL,2967,3.472e-16,3.172e-16,1.358e-15
VectorFFT,2968,5.638e-16,5.987e-16,1.526e-15
MKL,2968,2.855e-16,3.470e-16,1.064e-15
VectorFFT,2969,5.911e-16,7.375e-16,1.327e-15
MKL,2969,4.847e-16,5.860e-16,1.641e-15
VectorFFT,2970,5.320e-16,6.316e-16,1.375e-15
MKL,2970,3.033e-16,3.368e-16,9.822e-16
VectorFFT,2971,5.975e-16,8.731e-16,1.573e-15
MKL,2971,4.919e-16,4.664e-16,1.561e-15
VectorFFT,2972,5.840e-16,6.413e-16,1.515e-15
MKL,2972,4.779e-16,4.204e-16,1.488e-15
VectorFFT,2973,5.975e-16,7.041e-16,1.762e-15
MKL,2973,4.670e-16,5.896e-16,1.600e-15
VectorFFT,2974,5.975e-16,7.508e-16,1.433e-15
MKL,2974,4.663e-16,4.651e-16,1.591e-15
VectorFFT,2975,6.094e-16,6.628e-16,1.922e-15
MKL,2975,3.614e-16,4.332e-16,1.070e-15
VectorFFT,2976,5.159e-16,8.047e-16,1.523e-15
MKL,2976,2.540e-16,3.223e-16,8.315e-16
VectorFFT,2977,6.003e-16,8.141e-16,1.525e-15
MKL,2977,4.929e-16,5.338e-16,1.669e-15
VectorFFT,2978,6.069e-16,9.429e-16,1.968e-15
MKL,2978,4.709e-16,4.117e-16,1.496e-15
VectorFFT,2979,5.920e-16,6.858e-16,1.456e-15
MKL,2979,4.737e-16,4.886e-16,1.689e-15
VectorFFT,2980,5.802e-16,9.072e-16,1.360e-15
MKL,2980,3.597e-16,4.603e-16,1.307e-15
VectorFFT,2981,5.807e-16,8.222e-16,1.366e-15
MKL,2981,4.825e-16,4.368e-16,1.565e-15
VectorFFT,2982,5.687e-16,9.130e-16,1.631e-15
MKL,2982,3.201e-16,3.798e-16,1.257e-15
VectorFFT,2983,5.997e-16,9.301e-16,1.506e-15
MKL,2983,4.820e-16,5.225e-16,1.561e-15
VectorFFT,2984,6.162e-16,8.146e-16,1.522e-15
MKL,2984,4.750e-16,4.464e-16,1.588e-15
VectorFFT,2985,5.946e-16,8.065e-16,1.577e-15
MKL,2985,4.688e-16,5.035e-16,1.386e-15
VectorFFT,2986,5.881e-16,8.012e-16,1.492e-15
MKL,2986,4.735e-16,4.456e-16,1.602e-15
VectorFFT,2987,5.910e-16,8.292e-16,1.647e-15
MKL,2987,4.635e-16,5.905e-16,1.554e-15
VectorFFT,2988,5.805e-16,6.118e-16,1.461e-15
MKL,2988,3.034e-16,3.347e-16,9.659e-16
VectorFFT,2989,6.118e-16,9.815e-16,1.470e-15
MKL,2989,4.363e-16,5.330e-16,1.437e-15
VectorFFT,2990,5.854e-16,6.150e-16,1.969e-15
MKL,2990,3.321e-16,3.003e-16,1.169e-15
VectorFFT,2991,5.895e-16,1.079e-15,1.734e-15
MKL,2991,5.073e-16,4.903e-16,1.804e-15
VectorFFT,2992,5.227e-16,5.690e-16,1.248e-15
MKL,2992,2.727e-16,2.883e-16,9.919e-16
VectorFFT,2993,5.948e-16,7.412e-16,1.631e-15
MKL,2993,3.556e-16,3.941e-16,1.030e-15
VectorFFT,2994,6.069e-16,6.720e-16,1.494e-15
MKL,2994,4.722e-16,4.862e-16,1.580e-15
VectorFFT,2995,5.769e-16,7.468e-16,1.688e-15
MKL,2995,4.720e-16,4.778e-16,1.985e-15
VectorFFT,2996,6.041e-16,9.785e-16,1.595e-15
MKL,2996,3.275e-16,4.514e-16,1.047e-15
VectorFFT,2997,5.654e-16,6.420e-16,1.490e-15
MKL,2997,3.576e-16,4.260e-16,1.083e-15
VectorFFT,2998,5.837e-16,6.226e-16,1.467e-15
MKL,2998,4.853e-16,4.514e-16,1.512e-15
VectorFFT,2999,5.898e-16,8.288e-16,1.373e-15
MKL,2999,4.800e-16,4.955e-16,1.628e-15
VectorFFT,3000,5.200e-16,6.372e-16,1.323e-15
MKL,3000,2.924e-16,3.126e-16,9.208e-16
VectorFFT,3001,9.232e-16,9.820e-16,2.369e-15
MKL,3001,4.957e-16,5.164e-16,1.967e-15
VectorFFT,3002,5.924e-16,8.090e-16,1.536e-15
MKL,3002,3.350e-16,4.090e-16,1.339e-15
VectorFFT,3003,5.515e-16,7.268e-16,1.464e-15
MKL,3003,3.932e-16,3.949e-16,1.374e-15
VectorFFT,3004,6.048e-16,8.611e-16,1.454e-15
MKL,3004,4.818e-16,5.395e-16,1.448e-15
VectorFFT,3005,5.927e-16,8.112e-16,1.552e-15
MKL,3005,4.772e-16,5.374e-16,1.509e-15
VectorFFT,3006,6.093e-16,8.236e-16,1.509e-15
MKL,3006,4.714e-16,5.055e-16,1.615e-15
VectorFFT,3007,6.154e-16,7.281e-16,1.529e-15
MKL,3007,4.939e-16,4.463e-16,1.692e-15
VectorFFT,3008,4.296e-16,4.673e-16,1.158e-15
MKL,3008,2.642e-16,3.583e-16,9.240e-16
VectorFFT,3009,6.087e-16,1.019e-15,1.432e-15
MKL,3009,5.115e-16,5.844e-16,1.718e-15
VectorFFT,3010,4.718e-16,6.290e-16,1.308e-15
MKL,3010,3.162e-16,3.449e-16,1.028e-15
VectorFFT,3011,5.919e-16,7.949e-16,1.466e-15
MKL,3011,4.743e-16,4.896e-16,1.594e-15
VectorFFT,3012,5.768e-16,7.944e-16,1.403e-15
MKL,3012,4.779e-16,5.138e-16,1.671e-15
VectorFFT,3013,6.043e-16,7.451e-16,1.468e-15
MKL,3013,4.803e-16,5.373e-16,1.753e-15
VectorFFT,3014,5.802e-16,8.005e-16,1.347e-15
MKL,3014,3.543e-16,4.794e-16,1.102e-15
VectorFFT,3015,5.925e-16,8.101e-16,1.543e-15
MKL,3015,3.435e-16,4.045e-16,1.377e-15
VectorFFT,3016,5.889e-16,5.952e-16,1.888e-15
MKL,3016,2.754e-16,2.377e-16,8.799e-16
VectorFFT,3017,5.940e-16,7.738e-16,1.389e-15
MKL,3017,4.964e-16,4.836e-16,1.791e-15
VectorFFT,3018,5.885e-16,6.681e-16,1.433e-15
MKL,3018,4.837e-16,5.540e-16,1.631e-15
VectorFFT,3019,5.930e-16,8.351e-16,1.612e-15
MKL,3019,4.987e-16,5.235e-16,1.744e-15
VectorFFT,3020,6.032e-16,6.051e-16,1.467e-15
MKL,3020,4.805e-16,5.357e-16,1.696e-15
VectorFFT,3021,6.221e-16,8.111e-16,1.429e-15
MKL,3021,3.687e-16,3.924e-16,1.253e-15
VectorFFT,3022,5.877e-16,7.662e-16,1.532e-15
MKL,3022,4.750e-16,4.849e-16,1.546e-15
VectorFFT,3023,5.991e-16,8.446e-16,1.492e-15
MKL,3023,4.993e-16,5.900e-16,1.623e-15
VectorFFT,3024,3.955e-16,3.806e-16,1.370e-15
MKL,3024,2.697e-16,2.693e-16,7.952e-16
VectorFFT,3025,6.461e-16,8.785e-16,2.099e-15
MKL,3025,4.526e-16,5.157e-16,1.321e-15
VectorFFT,3026,5.906e-16,8.947e-16,1.409e-15
MKL,3026,3.324e-16,4.510e-16,1.481e-15
VectorFFT,3027,6.033e-16,8.425e-16,1.447e-15
MKL,3027,4.835e-16,5.165e-16,1.876e-15
VectorFFT,3028,6.057e-16,8.188e-16,1.689e-15
MKL,3028,4.812e-16,5.953e-16,1.576e-15
VectorFFT,3029,6.077e-16,6.862e-16,1.427e-15
MKL,3029,5.153e-16,4.866e-16,1.938e-15
VectorFFT,3030,5.748e-16,7.244e-16,1.405e-15
MKL,3030,3.294e-16,4.856e-16,1.032e-15
VectorFFT,3031,6.018e-16,8.054e-16,1.401e-15
MKL,3031,5.209e-16,5.702e-16,1.708e-15
VectorFFT,3032,5.942e-16,8.040e-16,1.527e-15
MKL,3032,4.884e-16,4.632e-16,1.605e-15
VectorFFT,3033,5.867e-16,9.852e-16,1.373e-15
MKL,3033,4.731e-16,5.765e-16,1.637e-15
VectorFFT,3034,1.488e-15,2.906e-15,6.441e-15
MKL,3034,3.224e-16,4.142e-16,1.098e-15
VectorFFT,3035,6.036e-16,9.543e-16,1.546e-15
MKL,3035,4.951e-16,5.598e-16,1.489e-15
VectorFFT,3036,5.015e-16,6.345e-16,1.553e-15
MKL,3036,2.660e-16,3.397e-16,7.881e-16
VectorFFT,3037,9.930e-16,1.154e-15,4.668e-15
MKL,3037,4.695e-16,4.908e-16,1.678e-15
VectorFFT,3038,5.948e-16,6.661e-16,1.804e-15
MKL,3038,3.459e-16,3.730e-16,1.187e-15
VectorFFT,3039,5.909e-16,7.625e-16,1.442e-15
MKL,3039,4.899e-16,6.193e-16,1.701e-15
VectorFFT,3040,4.399e-16,4.751e-16,1.109e-15
MKL,3040,2.763e-16,2.793e-16,8.914e-16
VectorFFT,3041,8.011e-16,9.411e-16,2.214e-15
MKL,3041,5.098e-16,5.471e-16,1.724e-15
VectorFFT,3042,7.821e-16,1.077e-15,2.493e-15
MKL,3042,3.243e-16,3.835e-16,1.002e-15
VectorFFT,3043,5.909e-16,7.565e-16,1.493e-15
MKL,3043,4.804e-16,4.867e-16,1.489e-15
VectorFFT,3044,5.919e-16,6.145e-16,1.587e-15
MKL,3044,4.665e-16,3.686e-16,1.656e-15
VectorFFT,3045,5.899e-16,7.220e-16,1.813e-15
MKL,3045,4.449e-16,4.799e-16,1.288e-15
VectorFFT,3046,6.058e-16,1.069e-15,1.508e-15
MKL,3046,4.851e-16,5.240e-16,1.579e-15
VectorFFT,3047,5.810e-16,8.109e-16,1.507e-15
MKL,3047,4.867e-16,4.848e-16,1.604e-15
VectorFFT,3048,5.779e-16,6.868e-16,1.505e-15
MKL,3048,3.312e-16,4.590e-16,1.117e-15
VectorFFT,3049,5.972e-16,8.170e-16,1.634e-15
MKL,3049,4.803e-16,5.276e-16,1.592e-15
VectorFFT,3050,6.228e-16,9.198e-16,1.560e-15
MKL,3050,3.145e-16,3.939e-16,1.022e-15
VectorFFT,3051,5.972e-16,7.739e-16,1.445e-15
MKL,3051,4.904e-16,3.748e-16,1.524e-15
VectorFFT,3052,5.865e-16,7.651e-16,1.628e-15
MKL,3052,3.248e-16,3.749e-16,1.128e-15
VectorFFT,3053,6.164e-16,1.185e-15,1.359e-15
MKL,3053,4.469e-16,5.693e-16,1.409e-15
VectorFFT,3054,5.937e-16,8.970e-16,1.392e-15
MKL,3054,4.718e-16,5.004e-16,1.646e-15
VectorFFT,3055,5.481e-16,6.357e-16,1.662e-15
MKL,3055,3.498e-16,3.823e-16,1.036e-15
VectorFFT,3056,5.892e-16,1.006e-15,1.335e-15
MKL,3056,4.693e-16,5.605e-16,1.476e-15
VectorFFT,3057,5.923e-16,7.133e-16,1.827e-15
MKL,3057,4.979e-16,5.958e-16,1.532e-15
VectorFFT,3058,5.826e-16,8.391e-16,1.629e-15
MKL,3058,3.489e-16,5.710e-16,1.143e-15
VectorFFT,3059,5.703e-16,7.422e-16,1.820e-15
MKL,3059,3.184e-16,3.184e-16,1.011e-15
VectorFFT,3060,6.062e-16,6.146e-16,1.508e-15
MKL,3060,2.750e-16,2.743e-16,9.951e-16
VectorFFT,3061,1.034e-15,1.020e-15,3.507e-15
MKL,3061,4.995e-16,4.685e-16,1.585e-15
VectorFFT,3062,6.011e-16,6.879e-16,1.479e-15
MKL,3062,4.739e-16,4.534e-16,1.566e-15
VectorFFT,3063,5.983e-16,8.024e-16,1.744e-15
MKL,3063,4.740e-16,4.202e-16,1.608e-15
VectorFFT,3064,5.863e-16,7.342e-16,1.446e-15
MKL,3064,4.739e-16,6.192e-16,1.423e-15
VectorFFT,3065,5.991e-16,7.784e-16,1.693e-15
MKL,3065,4.974e-16,5.357e-16,1.972e-15
VectorFFT,3066,5.922e-16,7.930e-16,1.613e-15
MKL,3066,3.054e-16,5.148e-16,9.824e-16
VectorFFT,3067,5.976e-16,7.380e-16,1.534e-15
MKL,3067,4.725e-16,4.239e-16,1.558e-15
VectorFFT,3068,5.958e-16,7.772e-16,1.624e-15
MKL,3068,3.072e-16,3.917e-16,9.941e-16
VectorFFT,3069,5.428e-16,6.167e-16,1.373e-15
MKL,3069,5.489e-16,5.171e-16,1.885e-15
VectorFFT,3070,6.066e-16,8.827e-16,1.522e-15
MKL,3070,4.904e-16,6.270e-16,1.882e-15
VectorFFT,3071,5.921e-16,7.445e-16,1.362e-15
MKL,3071,4.316e-16,3.944e-16,1.376e-15
VectorFFT,3072,3.073e-16,3.799e-16,9.938e-16
MKL,3072,2.359e-16,2.727e-16,7.814e-16
VectorFFT,3073,6.109e-16,7.262e-16,1.416e-15
MKL,3073,5.066e-16,4.609e-16,1.794e-15
VectorFFT,3074,5.970e-16,7.003e-16,1.470e-15
MKL,3074,3.883e-16,3.801e-16,1.187e-15
VectorFFT,3075,4.916e-16,7.396e-16,1.195e-15
MKL,3075,3.787e-16,4.785e-16,1.035e-15
VectorFFT,3076,5.795e-16,7.587e-16,1.355e-15
MKL,3076,5.014e-16,6.540e-16,1.559e-15
VectorFFT,3077,6.007e-16,8.881e-16,1.440e-15
MKL,3077,5.129e-16,5.217e-16,1.975e-15
VectorFFT,3078,5.899e-16,6.542e-16,1.719e-15
MKL,3078,3.143e-16,3.613e-16,1.124e-15
VectorFFT,3079,5.922e-16,8.592e-16,1.499e-15
MKL,3079,5.046e-16,6.274e-16,1.612e-15
VectorFFT,3080,4.900e-16,7.056e-16,1.911e-15
MKL,3080,2.775e-16,3.506e-16,8.780e-16
VectorFFT,3081,6.024e-16,6.554e-16,1.374e-15
MKL,3081,3.407e-16,3.303e-16,1.061e-15
VectorFFT,3082,6.122e-16,8.905e-16,1.422e-15
MKL,3082,3.080e-16,3.669e-16,9.994e-16
VectorFFT,3083,5.975e-16,7.848e-16,1.675e-15
MKL,3083,4.931e-16,4.689e-16,1.543e-15
VectorFFT,3084,5.727e-16,9.075e-16,1.407e-15
MKL,3084,4.991e-16,5.635e-16,1.735e-15
VectorFFT,3085,6.074e-16,9.051e-16,1.403e-15
MKL,3085,4.963e-16,5.194e-16,1.629e-15
VectorFFT,3086,5.780e-16,6.636e-16,1.563e-15
MKL,3086,5.106e-16,6.276e-16,1.739e-15
VectorFFT,3087,4.753e-16,4.998e-16,1.192e-15
MKL,3087,3.266e-16,4.234e-16,9.235e-16
VectorFFT,3088,5.957e-16,9.038e-16,1.865e-15
MKL,3088,4.949e-16,5.331e-16,1.530e-15
VectorFFT,3089,6.121e-16,8.468e-16,1.448e-15
MKL,3089,5.578e-16,6.660e-16,2.074e-15
VectorFFT,3090,5.885e-16,7.480e-16,1.574e-15
MKL,3090,3.299e-16,4.489e-16,1.124e-15
VectorFFT,3091,5.866e-16,8.202e-16,1.435e-15
MKL,3091,5.346e-16,5.462e-16,1.926e-15
VectorFFT,3092,6.051e-16,9.633e-16,1.584e-15
MKL,3092,4.985e-16,4.883e-16,1.591e-15
VectorFFT,3093,5.894e-16,9.688e-16,1.747e-15
MKL,3093,5.080e-16,5.928e-16,1.610e-15
VectorFFT,3094,9.081e-16,1.647e-15,3.514e-15
MKL,3094,3.501e-16,3.671e-16,1.237e-15
VectorFFT,3095,5.872e-16,7.144e-16,1.551e-15
MKL,3095,5.247e-16,5.085e-16,1.821e-15
VectorFFT,3096,5.783e-16,6.407e-16,1.379e-15
MKL,3096,2.695e-16,3.884e-16,7.992e-16
VectorFFT,3097,6.109e-16,9.186e-16,1.391e-15
MKL,3097,5.191e-16,5.748e-16,1.722e-15
VectorFFT,3098,5.987e-16,7.936e-16,1.420e-15
MKL,3098,5.150e-16,4.767e-16,1.722e-15
VectorFFT,3099,6.088e-16,8.585e-16,1.451e-15
MKL,3099,5.259e-16,5.506e-16,1.813e-15
VectorFFT,3100,5.017e-16,4.877e-16,1.625e-15
MKL,3100,2.893e-16,3.242e-16,9.261e-16
VectorFFT,3101,6.080e-16,8.673e-16,1.520e-15
MKL,3101,4.991e-16,4.475e-16,1.592e-15
VectorFFT,3102,6.296e-16,7.862e-16,2.501e-15
MKL,3102,2.876e-16,3.200e-16,1.053e-15
VectorFFT,3103,5.941e-16,7.628e-16,1.499e-15
MKL,3103,5.060e-16,5.450e-16,1.746e-15
VectorFFT,3104,5.928e-16,6.800e-16,1.793e-15
MKL,3104,3.102e-16,3.383e-16,1.009e-15
VectorFFT,3105,5.768e-16,6.265e-16,1.528e-15
MKL,3105,4.116e-16,4.693e-16,1.501e-15
VectorFFT,3106,5.951e-16,9.307e-16,1.371e-15
MKL,3106,5.097e-16,6.491e-16,1.592e-15
VectorFFT,3107,6.002e-16,7.456e-16,1.494e-15
MKL,3107,5.063e-16,5.721e-16,1.359e-15
VectorFFT,3108,5.195e-16,4.715e-16,1.301e-15
MKL,3108,2.787e-16,2.705e-16,9.959e-16
VectorFFT,3109,6.125e-16,8.585e-16,1.567e-15
MKL,3109,4.958e-16,4.544e-16,1.576e-15
VectorFFT,3110,5.999e-16,8.199e-16,1.583e-15
MKL,3110,4.939e-16,5.010e-16,1.535e-15
VectorFFT,3111,5.973e-16,8.814e-16,1.323e-15
MKL,3111,5.467e-16,6.198e-16,2.021e-15
VectorFFT,3112,5.962e-16,7.280e-16,1.480e-15
MKL,3112,5.042e-16,4.826e-16,1.604e-15
VectorFFT,3113,5.723e-16,8.251e-16,1.435e-15
MKL,3113,4.973e-16,5.060e-16,1.682e-15
VectorFFT,3114,6.032e-16,7.367e-16,1.474e-15
MKL,3114,4.981e-16,4.218e-16,1.734e-15
VectorFFT,3115,6.234e-16,8.018e-16,1.504e-15
MKL,3115,4.760e-16,4.938e-16,1.642e-15
VectorFFT,3116,4.629e-16,4.598e-16,1.313e-15
MKL,3116,2.871e-16,3.005e-16,1.203e-15
VectorFFT,3117,6.048e-16,9.078e-16,1.327e-15
MKL,3117,5.014e-16,4.749e-16,1.754e-15
VectorFFT,3118,5.896e-16,5.513e-16,1.639e-15
MKL,3118,5.060e-16,4.042e-16,1.536e-15
VectorFFT,3119,5.984e-16,7.164e-16,1.815e-15
MKL,3119,5.154e-16,5.146e-16,1.664e-15
VectorFFT,3120,5.659e-16,6.485e-16,1.344e-15
MKL,3120,2.716e-16,3.244e-16,9.553e-16
VectorFFT,3121,9.225e-16,1.046e-15,2.954e-15
MKL,3121,4.970e-16,4.699e-16,1.587e-15
VectorFFT,3122,5.925e-16,6.091e-16,1.613e-15
MKL,3122,5.062e-16,4.767e-16,1.782e-15
VectorFFT,3123,6.121e-16,8.828e-16,1.454e-15
MKL,3123,5.016e-16,4.933e-16,1.665e-15
VectorFFT,3124,5.877e-16,7.341e-16,1.460e-15
MKL,3124,2.887e-16,3.996e-16,9.655e-16
VectorFFT,3125,5.347e-16,8.496e-16,1.836e-15
MKL,3125,6.005e-16,7.856e-16,1.437e-15
VectorFFT,3126,5.918e-16,7.984e-16,1.641e-15
MKL,3126,4.993e-16,4.836e-16,1.559e-15
VectorFFT,3127,5.941e-16,8.005e-16,1.384e-15
MKL,3127,4.993e-16,5.548e-16,1.755e-15
VectorFFT,3128,5.515e-16,6.133e-16,1.532e-15
MKL,3128,2.568e-16,2.948e-16,1.044e-15
VectorFFT,3129,6.090e-16,9.094e-16,1.388e-15
MKL,3129,5.037e-16,5.477e-16,1.544e-15
VectorFFT,3130,6.193e-16,8.320e-16,1.489e-15
MKL,3130,5.025e-16,5.177e-16,1.462e-15
VectorFFT,3131,6.011e-16,9.966e-16,1.618e-15
MKL,3131,5.047e-16,5.931e-16,1.622e-15
VectorFFT,3132,5.724e-16,7.182e-16,1.732e-15
MKL,3132,2.743e-16,4.241e-16,8.572e-16
VectorFFT,3133,6.109e-16,8.129e-16,1.469e-15
MKL,3133,5.040e-16,3.984e-16,1.452e-15
VectorFFT,3134,6.065e-16,9.180e-16,1.632e-15
MKL,3134,5.023e-16,4.874e-16,1.646e-15
VectorFFT,3135,5.205e-16,5.585e-16,1.352e-15
MKL,3135,4.215e-16,4.895e-16,1.235e-15
VectorFFT,3136,3.292e-16,4.255e-16,9.766e-16
MKL,3136,2.613e-16,2.958e-16,8.070e-16
VectorFFT,3137,6.373e-16,7.952e-16,4.342e-15
MKL,3137,5.132e-16,5.595e-16,1.512e-15
VectorFFT,3138,5.833e-16,6.780e-16,1.406e-15
MKL,3138,5.015e-16,4.803e-16,1.525e-15
VectorFFT,3139,5.924e-16,7.692e-16,1.421e-15
MKL,3139,5.602e-16,4.698e-16,2.474e-15
VectorFFT,3140,6.007e-16,9.655e-16,1.476e-15
MKL,3140,5.103e-16,5.823e-16,1.709e-15
VectorFFT,3141,5.960e-16,7.089e-16,1.323e-15
MKL,3141,5.050e-16,5.543e-16,1.527e-15
VectorFFT,3142,5.880e-16,7.645e-16,1.317e-15
MKL,3142,5.040e-16,5.784e-16,1.850e-15
VectorFFT,3143,6.024e-16,7.561e-16,1.371e-15
MKL,3143,5.095e-16,5.672e-16,1.686e-15
VectorFFT,3144,5.934e-16,8.514e-16,1.512e-15
MKL,3144,3.448e-16,4.864e-16,1.380e-15
VectorFFT,3145,5.414e-16,5.015e-16,1.483e-15
MKL,3145,4.111e-16,3.482e-16,1.271e-15
VectorFFT,3146,7.298e-16,1.042e-15,3.222e-15
MKL,3146,2.929e-16,3.531e-16,9.355e-16
VectorFFT,3147,5.944e-16,7.555e-16,1.574e-15
MKL,3147,5.396e-16,5.895e-16,1.886e-15
VectorFFT,3148,5.895e-16,8.578e-16,1.616e-15
MKL,3148,5.035e-16,5.682e-16,1.567e-15
VectorFFT,3149,6.004e-16,7.298e-16,1.609e-15
MKL,3149,4.592e-16,4.793e-16,1.706e-15
VectorFFT,3150,5.226e-16,6.966e-16,1.301e-15
MKL,3150,3.527e-16,3.872e-16,1.066e-15
VectorFFT,3151,6.052e-16,6.419e-16,1.516e-15
MKL,3151,5.210e-16,4.922e-16,1.700e-15
VectorFFT,3152,6.130e-16,8.692e-16,1.287e-15
MKL,3152,5.183e-16,5.503e-16,1.636e-15
VectorFFT,3153,5.946e-16,7.967e-16,1.561e-15
MKL,3153,5.053e-16,4.987e-16,1.642e-15
VectorFFT,3154,6.083e-16,6.509e-16,1.652e-15
MKL,3154,3.210e-16,3.592e-16,1.222e-15
VectorFFT,3155,5.959e-16,8.462e-16,1.470e-15
MKL,3155,5.220e-16,6.122e-16,1.611e-15
VectorFFT,3156,5.953e-16,8.196e-16,1.440e-15
MKL,3156,5.008e-16,5.326e-16,1.772e-15
VectorFFT,3157,4.479e-16,5.110e-16,1.169e-15
MKL,3157,3.302e-16,3.699e-16,1.110e-15
VectorFFT,3158,5.996e-16,1.081e-15,1.527e-15
MKL,3158,4.947e-16,5.035e-16,1.845e-15
VectorFFT,3159,6.264e-16,7.428e-16,1.901e-15
MKL,3159,5.251e-16,7.503e-16,1.655e-15
VectorFFT,3160,5.850e-16,8.020e-16,1.491e-15
MKL,3160,2.987e-16,3.079e-16,1.104e-15
VectorFFT,3161,6.078e-16,8.113e-16,1.461e-15
MKL,3161,5.321e-16,6.105e-16,2.028e-15
VectorFFT,3162,8.287e-16,8.649e-16,2.836e-15
MKL,3162,3.633e-16,3.392e-16,1.147e-15
VectorFFT,3163,5.974e-16,7.670e-16,1.282e-15
MKL,3163,5.118e-16,5.919e-16,1.508e-15
VectorFFT,3164,5.958e-16,8.320e-16,1.530e-15
MKL,3164,3.301e-16,4.349e-16,1.220e-15
VectorFFT,3165,6.001e-16,7.849e-16,1.553e-15
MKL,3165,5.030e-16,5.408e-16,1.610e-15
VectorFFT,3166,5.899e-16,7.131e-16,1.492e-15
MKL,3166,5.140e-16,4.917e-16,1.615e-15
VectorFFT,3167,5.916e-16,7.075e-16,1.355e-15
MKL,3167,5.133e-16,4.601e-16,1.654e-15
VectorFFT,3168,4.669e-16,4.955e-16,1.123e-15
MKL,3168,2.488e-16,2.390e-16,8.393e-16
VectorFFT,3169,8.522e-16,1.059e-15,3.061e-15
MKL,3169,5.218e-16,5.368e-16,1.864e-15
VectorFFT,3170,6.149e-16,7.231e-16,1.547e-15
MKL,3170,5.033e-16,5.635e-16,1.713e-15
VectorFFT,3171,5.960e-16,6.499e-16,1.540e-15
MKL,3171,5.069e-16,4.683e-16,1.571e-15
VectorFFT,3172,5.980e-16,8.596e-16,1.518e-15
MKL,3172,2.938e-16,3.160e-16,1.070e-15
VectorFFT,3173,6.176e-16,7.695e-16,1.651e-15
MKL,3173,5.061e-16,4.910e-16,1.719e-15
VectorFFT,3174,5.833e-16,6.665e-16,1.539e-15
MKL,3174,3.051e-16,3.898e-16,1.084e-15
VectorFFT,3175,5.776e-16,8.181e-16,1.306e-15
MKL,3175,5.166e-16,5.662e-16,1.661e-15
VectorFFT,3176,6.144e-16,7.557e-16,1.511e-15
MKL,3176,5.119e-16,5.494e-16,1.833e-15
VectorFFT,3177,6.106e-16,8.999e-16,1.480e-15
MKL,3177,5.093e-16,5.461e-16,1.681e-15
VectorFFT,3178,6.036e-16,7.717e-16,1.542e-15
MKL,3178,5.071e-16,4.937e-16,1.949e-15
VectorFFT,3179,7.605e-16,8.583e-16,2.758e-15
MKL,3179,2.978e-16,4.312e-16,9.269e-16
VectorFFT,3180,6.053e-16,7.940e-16,1.820e-15
MKL,3180,3.173e-16,4.393e-16,1.004e-15
VectorFFT,3181,6.110e-16,7.668e-16,1.960e-15
MKL,3181,5.358e-16,5.791e-16,1.975e-15
VectorFFT,3182,1.417e-15,3.016e-15,6.252e-15
MKL,3182,3.125e-16,3.432e-16,1.027e-15
VectorFFT,3183,5.981e-16,7.525e-16,1.546e-15
MKL,3183,5.308e-16,5.487e-16,1.829e-15
VectorFFT,3184,5.929e-16,6.566e-16,1.504e-15
MKL,3184,4.976e-16,5.131e-16,1.558e-15
VectorFFT,3185,5.587e-16,6.577e-16,1.905e-15
MKL,3185,3.668e-16,4.119e-16,1.152e-15
VectorFFT,3186,5.939e-16,7.667e-16,1.496e-15
MKL,3186,3.283e-16,4.039e-16,1.035e-15
VectorFFT,3187,6.143e-16,7.173e-16,1.792e-15
MKL,3187,5.118e-16,4.513e-16,1.512e-15
VectorFFT,3188,6.013e-16,7.572e-16,1.472e-15
MKL,3188,5.065e-16,5.223e-16,1.424e-15
VectorFFT,3189,6.092e-16,8.956e-16,1.588e-15
MKL,3189,5.252e-16,5.755e-16,1.856e-15
VectorFFT,3190,4.766e-16,5.122e-16,1.129e-15
MKL,3190,3.929e-16,5.146e-16,1.417e-15
VectorFFT,3191,5.970e-16,8.843e-16,1.695e-15
MKL,3191,5.227e-16,5.677e-16,1.640e-15
VectorFFT,3192,4.740e-16,6.498e-16,1.453e-15
MKL,3192,2.633e-16,3.160e-16,9.240e-16
VectorFFT,3193,6.020e-16,6.300e-16,1.514e-15
MKL,3193,5.228e-16,4.666e-16,1.721e-15
VectorFFT,3194,6.105e-16,1.127e-15,1.425e-15
MKL,3194,5.016e-16,5.558e-16,1.524e-15
VectorFFT,3195,6.196e-16,7.979e-16,1.579e-15
MKL,3195,4.188e-16,3.706e-16,1.553e-15
VectorFFT,3196,6.679e-16,7.714e-16,2.180e-15
MKL,3196,2.782e-16,3.085e-16,9.381e-16
VectorFFT,3197,6.097e-16,8.564e-16,1.553e-15
MKL,3197,4.998e-16,5.291e-16,1.622e-15
VectorFFT,3198,5.806e-16,6.836e-16,1.464e-15
MKL,3198,2.813e-16,3.162e-16,9.656e-16
VectorFFT,3199,5.852e-16,7.524e-16,1.597e-15
MKL,3199,5.092e-16,5.240e-16,1.685e-15
VectorFFT,3200,3.153e-16,4.286e-16,1.132e-15
MKL,3200,2.715e-16,2.611e-16,7.911e-16
VectorFFT,3201,5.945e-16,7.842e-16,1.536e-15
MKL,3201,4.750e-16,4.584e-16,1.751e-15
VectorFFT,3202,5.914e-16,6.531e-16,1.601e-15
MKL,3202,4.805e-16,5.637e-16,1.854e-15
VectorFFT,3203,6.009e-16,8.144e-16,1.306e-15
MKL,3203,4.950e-16,4.788e-16,1.614e-15
VectorFFT,3204,6.104e-16,9.007e-16,1.507e-15
MKL,3204,3.194e-16,4.208e-16,1.071e-15
VectorFFT,3205,6.106e-16,6.545e-16,1.626e-15
MKL,3205,5.245e-16,5.965e-16,1.966e-15
VectorFFT,3206,6.158e-16,1.159e-15,1.607e-15
MKL,3206,4.835e-16,6.027e-16,1.704e-15
VectorFFT,3207,5.954e-16,8.562e-16,1.519e-15
MKL,3207,4.785e-16,5.448e-16,1.803e-15
VectorFFT,3208,6.019e-16,7.712e-16,1.447e-15
MKL,3208,4.941e-16,6.789e-16,1.607e-15
VectorFFT,3209,6.155e-16,8.176e-16,1.601e-15
MKL,3209,4.828e-16,5.910e-16,1.633e-15
VectorFFT,3210,6.129e-16,7.404e-16,1.522e-15
MKL,3210,3.337e-16,4.065e-16,1.129e-15
VectorFFT,3211,7.723e-16,1.079e-15,2.801e-15
MKL,3211,4.216e-16,4.509e-16,1.248e-15
VectorFFT,3212,5.676e-16,7.986e-16,1.566e-15
MKL,3212,2.922e-16,3.480e-16,1.131e-15
VectorFFT,3213,5.883e-16,6.345e-16,1.427e-15
MKL,3213,6.069e-16,6.958e-16,1.870e-15
VectorFFT,3214,6.101e-16,9.755e-16,1.763e-15
MKL,3214,4.773e-16,5.381e-16,1.687e-15
VectorFFT,3215,5.979e-16,7.908e-16,1.774e-15
MKL,3215,4.852e-16,4.822e-16,1.643e-15
VectorFFT,3216,5.985e-16,7.657e-16,1.537e-15
MKL,3216,2.856e-16,3.716e-16,9.910e-16
VectorFFT,3217,6.051e-16,8.534e-16,1.612e-15
MKL,3217,4.726e-16,6.345e-16,1.562e-15
VectorFFT,3218,6.255e-16,8.439e-16,1.517e-15
MKL,3218,4.718e-16,4.919e-16,1.650e-15
VectorFFT,3219,1.582e-15,2.381e-15,7.555e-15
MKL,3219,3.300e-16,3.502e-16,1.078e-15
VectorFFT,3220,4.932e-16,5.251e-16,1.454e-15
MKL,3220,2.722e-16,2.867e-16,9.808e-16
VectorFFT,3221,6.122e-16,7.063e-16,1.446e-15
MKL,3221,4.864e-16,5.510e-16,1.649e-15
VectorFFT,3222,6.163e-16,9.217e-16,1.646e-15
MKL,3222,4.806e-16,4.870e-16,1.761e-15
VectorFFT,3223,5.871e-16,7.034e-16,1.470e-15
MKL,3223,4.902e-16,5.635e-16,1.710e-15
VectorFFT,3224,5.601e-16,7.247e-16,1.519e-15
MKL,3224,2.687e-16,2.850e-16,7.907e-16
VectorFFT,3225,5.267e-16,5.650e-16,1.241e-15
MKL,3225,3.447e-16,3.912e-16,1.093e-15
VectorFFT,3226,6.071e-16,9.023e-16,1.538e-15
MKL,3226,4.905e-16,5.676e-16,2.052e-15
VectorFFT,3227,6.032e-16,7.382e-16,1.396e-15
MKL,3227,4.909e-16,5.006e-16,1.721e-15
VectorFFT,3228,5.893e-16,7.642e-16,1.448e-15
MKL,3228,4.751e-16,5.169e-16,1.730e-15
VectorFFT,3229,6.035e-16,8.836e-16,1.331e-15
MKL,3229,4.853e-16,5.566e-16,1.609e-15
VectorFFT,3230,5.244e-16,7.634e-16,1.362e-15
MKL,3230,2.926e-16,4.201e-16,8.450e-16
VectorFFT,3231,6.099e-16,7.752e-16,1.394e-15
MKL,3231,4.940e-16,4.700e-16,1.581e-15
VectorFFT,3232,5.963e-16,8.033e-16,1.513e-15
MKL,3232,3.095e-16,3.942e-16,1.090e-15
VectorFFT,3233,6.003e-16,8.820e-16,1.722e-15
MKL,3233,4.328e-16,4.723e-16,1.690e-15
VectorFFT,3234,5.898e-16,7.708e-16,1.804e-15
MKL,3234,2.800e-16,2.604e-16,9.947e-16
VectorFFT,3235,6.080e-16,7.575e-16,1.364e-15
MKL,3235,4.953e-16,5.261e-16,1.573e-15
VectorFFT,3236,5.947e-16,6.879e-16,1.381e-15
MKL,3236,4.750e-16,5.043e-16,1.910e-15
VectorFFT,3237,6.025e-16,6.592e-16,1.532e-15
MKL,3237,4.065e-16,3.820e-16,1.296e-15
VectorFFT,3238,6.066e-16,7.859e-16,1.689e-15
MKL,3238,4.784e-16,5.864e-16,1.622e-15
VectorFFT,3239,6.033e-16,9.187e-16,1.447e-15
MKL,3239,3.480e-16,3.528e-16,1.044e-15
VectorFFT,3240,6.018e-16,8.002e-16,1.413e-15
MKL,3240,2.769e-16,3.438e-16,1.062e-15
VectorFFT,3241,6.096e-16,1.036e-15,1.423e-15
MKL,3241,4.828e-16,5.425e-16,1.984e-15
VectorFFT,3242,6.109e-16,7.549e-16,1.431e-15
MKL,3242,4.891e-16,5.378e-16,1.684e-15
VectorFFT,3243,5.681e-16,7.573e-16,1.777e-15
MKL,3243,3.410e-16,4.285e-16,1.234e-15
VectorFFT,3244,5.956e-16,1.034e-15,1.760e-15
MKL,3244,4.782e-16,5.837e-16,1.635e-15
VectorFFT,3245,5.831e-16,7.683e-16,1.477e-15
MKL,3245,3.687e-16,3.729e-16,1.153e-15
VectorFFT,3246,6.016e-16,7.049e-16,1.594e-15
MKL,3246,4.781e-16,5.153e-16,1.543e-15
VectorFFT,3247,5.976e-16,7.114e-16,1.714e-15
MKL,3247,4.942e-16,6.474e-16,1.626e-15
VectorFFT,3248,4.641e-16,4.962e-16,1.123e-15
MKL,3248,2.644e-16,2.598e-16,8.094e-16
VectorFFT,3249,7.911e-16,1.199e-15,2.848e-15
MKL,3249,3.534e-16,4.106e-16,1.337e-15
VectorFFT,3250,5.624e-16,6.372e-16,1.455e-15
MKL,3250,3.186e-16,3.391e-16,9.299e-16
VectorFFT,3251,6.004e-16,6.650e-16,1.456e-15
MKL,3251,4.880e-16,4.698e-16,1.709e-15
VectorFFT,3252,6.054e-16,7.778e-16,1.474e-15
MKL,3252,4.755e-16,4.223e-16,1.682e-15
VectorFFT,3253,6.310e-16,8.999e-16,1.577e-15
MKL,3253,4.832e-16,5.451e-16,1.717e-15
VectorFFT,3254,6.031e-16,7.839e-16,1.534e-15
MKL,3254,4.733e-16,4.943e-16,1.795e-15
VectorFFT,3255,5.937e-16,7.059e-16,1.807e-15
MKL,3255,3.353e-16,3.243e-16,1.105e-15
VectorFFT,3256,5.579e-16,1.270e-15,2.180e-15
MKL,3256,2.633e-16,2.888e-16,9.040e-16
VectorFFT,3257,6.086e-16,9.186e-16,1.334e-15
MKL,3257,4.904e-16,5.410e-16,1.736e-15
VectorFFT,3258,6.072e-16,8.983e-16,1.588e-15
MKL,3258,4.802e-16,4.637e-16,1.790e-15
VectorFFT,3259,6.065e-16,7.125e-16,1.544e-15
MKL,3259,4.895e-16,6.064e-16,1.708e-15
VectorFFT,3260,5.834e-16,7.119e-16,1.742e-15
MKL,3260,4.841e-16,4.804e-16,1.835e-15
VectorFFT,3261,6.041e-16,7.515e-16,1.759e-15
MKL,3261,4.800e-16,4.992e-16,1.682e-15
VectorFFT,3262,6.077e-16,8.364e-16,1.564e-15
MKL,3262,4.845e-16,5.677e-16,1.659e-15
VectorFFT,3263,6.034e-16,1.120e-15,1.449e-15
MKL,3263,4.815e-16,5.440e-16,1.578e-15
VectorFFT,3264,5.263e-16,5.776e-16,1.368e-15
MKL,3264,2.580e-16,2.723e-16,8.193e-16
VectorFFT,3265,6.039e-16,7.827e-16,1.827e-15
MKL,3265,5.063e-16,5.524e-16,1.626e-15
VectorFFT,3266,6.049e-16,7.995e-16,1.574e-15
MKL,3266,3.248e-16,4.479e-16,1.073e-15
VectorFFT,3267,5.014e-16,5.201e-16,1.541e-15
MKL,3267,3.630e-16,4.181e-16,1.147e-15
VectorFFT,3268,8.412e-16,1.319e-15,3.495e-15
MKL,3268,2.926e-16,3.987e-16,9.911e-16
VectorFFT,3269,6.000e-16,9.593e-16,1.561e-15
MKL,3269,4.839e-16,6.021e-16,1.544e-15
VectorFFT,3270,6.202e-16,7.948e-16,1.668e-15
MKL,3270,3.495e-16,4.537e-16,1.189e-15
VectorFFT,3271,6.019e-16,9.448e-16,1.529e-15
MKL,3271,4.788e-16,5.035e-16,1.796e-15
VectorFFT,3272,6.072e-16,8.588e-16,1.484e-15
MKL,3272,4.773e-16,5.481e-16,1.622e-15
VectorFFT,3273,6.042e-16,8.395e-16,1.479e-15
MKL,3273,4.950e-16,5.877e-16,2.128e-15
VectorFFT,3274,6.065e-16,9.679e-16,1.505e-15
MKL,3274,4.842e-16,5.241e-16,1.795e-15
VectorFFT,3275,5.605e-16,6.402e-16,1.658e-15
MKL,3275,4.961e-16,5.966e-16,1.718e-15
VectorFFT,3276,6.068e-16,8.153e-16,1.570e-15
MKL,3276,2.671e-16,2.671e-16,9.182e-16
VectorFFT,3277,6.055e-16,8.520e-16,1.515e-15
MKL,3277,4.968e-16,5.362e-16,1.737e-15
VectorFFT,3278,5.842e-16,6.429e-16,1.472e-15
MKL,3278,3.563e-16,4.267e-16,1.338e-15
VectorFFT,3279,6.017e-16,7.012e-16,1.682e-15
MKL,3279,4.954e-16,6.515e-16,1.999e-15
VectorFFT,3280,4.344e-16,4.582e-16,1.418e-15
MKL,3280,2.786e-16,2.941e-16,8.001e-16
VectorFFT,3281,6.069e-16,9.366e-16,1.527e-15
MKL,3281,4.948e-16,5.335e-16,1.879e-15
VectorFFT,3282,6.110e-16,6.953e-16,1.628e-15
MKL,3282,4.889e-16,6.085e-16,1.686e-15
VectorFFT,3283,6.179e-16,7.330e-16,1.579e-15
MKL,3283,3.398e-16,3.480e-16,1.179e-15
VectorFFT,3284,6.114e-16,7.687e-16,1.610e-15
MKL,3284,4.845e-16,4.181e-16,1.504e-15
VectorFFT,3285,5.939e-16,9.872e-16,1.645e-15
MKL,3285,3.837e-16,4.582e-16,1.103e-15
VectorFFT,3286,5.846e-16,7.086e-16,1.489e-15
MKL,3286,3.003e-16,3.240e-16,1.006e-15
VectorFFT,3287,6.113e-16,8.193e-16,1.542e-15
MKL,3287,4.808e-16,5.954e-16,1.787e-15
VectorFFT,3288,6.035e-16,6.964e-16,1.451e-15
MKL,3288,3.460e-16,5.576e-16,1.170e-15
VectorFFT,3289,5.571e-16,6.156e-16,1.521e-15
MKL,3289,3.947e-16,4.588e-16,1.283e-15
VectorFFT,3290,5.030e-16,7.518e-16,1.546e-15
MKL,3290,2.997e-16,3.372e-16,1.063e-15
VectorFFT,3291,6.146e-16,8.953e-16,1.480e-15
MKL,3291,4.878e-16,6.909e-16,1.674e-15
VectorFFT,3292,6.166e-16,9.367e-16,1.541e-15
MKL,3292,4.794e-16,5.225e-16,1.844e-15
VectorFFT,3293,6.247e-16,7.618e-16,1.494e-15
MKL,3293,3.479e-16,2.697e-16,1.121e-15
VectorFFT,3294,6.087e-16,7.871e-16,1.759e-15
MKL,3294,3.306e-16,3.558e-16,1.048e-15
VectorFFT,3295,6.137e-16,9.550e-16,1.491e-15
MKL,3295,4.903e-16,5.937e-16,1.691e-15
VectorFFT,3296,6.147e-16,8.899e-16,1.488e-15
MKL,3296,3.085e-16,4.100e-16,9.737e-16
VectorFFT,3297,6.057e-16,9.771e-16,1.710e-15
MKL,3297,4.994e-16,5.615e-16,1.863e-15
VectorFFT,3298,6.121e-16,7.869e-16,1.457e-15
MKL,3298,3.411e-16,4.491e-16,1.203e-15
VectorFFT,3299,6.049e-16,7.919e-16,1.434e-15
MKL,3299,5.051e-16,5.598e-16,1.596e-15
VectorFFT,3300,5.252e-16,6.178e-16,1.458e-15
MKL,3300,2.844e-16,3.123e-16,9.035e-16
VectorFFT,3301,6.245e-16,7.275e-16,1.645e-15
MKL,3301,4.781e-16,5.042e-16,1.729e-15
VectorFFT,3302,6.091e-16,8.350e-16,1.751e-15
MKL,3302,3.753e-16,3.853e-16,1.114e-15
VectorFFT,3303,5.976e-16,9.036e-16,1.396e-15
MKL,3303,4.950e-16,5.457e-16,1.801e-15
VectorFFT,3304,5.879e-16,6.043e-16,1.484e-15
MKL,3304,2.935e-16,3.351e-16,8.708e-16
VectorFFT,3305,6.169e-16,8.529e-16,1.703e-15
MKL,3305,4.812e-16,5.038e-16,1.783e-15
VectorFFT,3306,5.264e-16,6.491e-16,1.311e-15
MKL,3306,2.880e-16,3.367e-16,8.304e-16
VectorFFT,3307,6.045e-16,7.140e-16,1.504e-15
MKL,3307,4.935e-16,4.857e-16,1.897e-15
VectorFFT,3308,6.070e-16,8.548e-16,1.425e-15
MKL,3308,4.919e-16,5.683e-16,1.914e-15
VectorFFT,3309,6.100e-16,8.692e-16,1.456e-15
MKL,3309,4.858e-16,5.198e-16,1.789e-15
VectorFFT,3310,5.960e-16,9.268e-16,1.359e-15
MKL,3310,4.855e-16,4.805e-16,1.592e-15
VectorFFT,3311,4.821e-16,6.324e-16,1.517e-15
MKL,3311,3.460e-16,3.168e-16,1.232e-15
VectorFFT,3312,5.265e-16,5.676e-16,1.374e-15
MKL,3312,2.658e-16,3.874e-16,9.759e-16
VectorFFT,3313,9.325e-16,8.942e-16,2.621e-15
MKL,3313,5.059e-16,5.914e-16,2.024e-15
VectorFFT,3314,6.099e-16,6.670e-16,1.476e-15
MKL,3314,4.797e-16,5.118e-16,1.861e-15
VectorFFT,3315,7.972e-16,9.539e-16,3.437e-15
MKL,3315,4.018e-16,3.776e-16,1.111e-15
VectorFFT,3316,6.053e-16,7.496e-16,1.466e-15
MKL,3316,4.782e-16,4.742e-16,1.747e-15
VectorFFT,3317,6.040e-16,8.897e-16,1.578e-15
MKL,3317,4.860e-16,5.815e-16,1.491e-15
VectorFFT,3318,6.174e-16,7.908e-16,1.525e-15
MKL,3318,3.119e-16,4.474e-16,1.080e-15
VectorFFT,3319,6.104e-16,8.099e-16,1.492e-15
MKL,3319,4.886e-16,5.658e-16,1.718e-15
VectorFFT,3320,5.923e-16,8.239e-16,1.681e-15
MKL,3320,3.096e-16,3.769e-16,1.079e-15
VectorFFT,3321,5.499e-16,7.376e-16,1.762e-15
MKL,3321,4.254e-16,5.452e-16,1.250e-15
VectorFFT,3322,5.990e-16,7.856e-16,1.470e-15
MKL,3322,4.977e-16,5.134e-16,1.667e-15
VectorFFT,3323,6.046e-16,8.411e-16,1.638e-15
MKL,3323,4.895e-16,5.256e-16,1.781e-15
VectorFFT,3324,6.040e-16,7.364e-16,1.524e-15
MKL,3324,4.837e-16,5.597e-16,1.634e-15
VectorFFT,3325,4.730e-16,5.330e-16,1.498e-15
MKL,3325,4.205e-16,4.855e-16,1.382e-15
VectorFFT,3326,6.216e-16,7.141e-16,1.487e-15
MKL,3326,4.809e-16,5.038e-16,1.489e-15
VectorFFT,3327,6.168e-16,1.023e-15,1.626e-15
MKL,3327,4.889e-16,4.858e-16,1.717e-15
VectorFFT,3328,4.686e-16,6.428e-16,1.104e-15
MKL,3328,2.469e-16,2.604e-16,8.445e-16
VectorFFT,3329,8.713e-16,9.164e-16,2.929e-15
MKL,3329,4.925e-16,5.248e-16,1.656e-15
VectorFFT,3330,5.024e-16,5.447e-16,1.263e-15
MKL,3330,3.117e-16,3.389e-16,1.120e-15
VectorFFT,3331,5.997e-16,7.150e-16,1.442e-15
MKL,3331,4.952e-16,5.824e-16,1.540e-15
VectorFFT,3332,5.961e-16,9.230e-16,2.158e-15
MKL,3332,2.821e-16,2.870e-16,8.145e-16
VectorFFT,3333,5.947e-16,1.094e-15,1.658e-15
MKL,3333,4.907e-16,5.029e-16,1.865e-15
VectorFFT,3334,6.118e-16,7.497e-16,1.673e-15
MKL,3334,4.815e-16,4.367e-16,1.692e-15
VectorFFT,3335,5.323e-16,5.329e-16,1.454e-15
MKL,3335,4.130e-16,4.204e-16,1.219e-15
VectorFFT,3336,6.143e-16,9.065e-16,1.619e-15
MKL,3336,3.448e-16,4.290e-16,1.044e-15
VectorFFT,3337,6.091e-16,6.970e-16,1.625e-15
MKL,3337,3.390e-16,3.380e-16,1.073e-15
VectorFFT,3338,6.110e-16,7.952e-16,1.547e-15
MKL,3338,4.782e-16,5.294e-16,1.546e-15
VectorFFT,3339,6.090e-16,6.319e-16,1.666e-15
MKL,3339,4.053e-16,3.881e-16,1.506e-15
VectorFFT,3340,5.983e-16,1.019e-15,1.436e-15
MKL,3340,4.771e-16,5.064e-16,1.524e-15
VectorFFT,3341,6.044e-16,1.001e-15,1.649e-15
MKL,3341,4.949e-16,5.750e-16,1.548e-15
VectorFFT,3342,5.913e-16,7.732e-16,1.547e-15
MKL,3342,4.801e-16,5.629e-16,1.571e-15
VectorFFT,3343,6.030e-16,1.021e-15,1.666e-15
MKL,3343,4.907e-16,5.867e-16,1.595e-15
VectorFFT,3344,4.485e-16,5.292e-16,1.328e-15
MKL,3344,2.602e-16,2.865e-16,7.704e-16
VectorFFT,3345,5.976e-16,7.577e-16,1.450e-15
MKL,3345,4.846e-16,5.313e-16,1.453e-15
VectorFFT,3346,6.016e-16,6.742e-16,1.484e-15
MKL,3346,4.847e-16,4.946e-16,2.063e-15
VectorFFT,3347,6.153e-16,7.942e-16,1.464e-15
MKL,3347,4.889e-16,4.891e-16,1.647e-15
VectorFFT,3348,5.869e-16,6.301e-16,1.673e-15
MKL,3348,2.753e-16,2.895e-16,9.038e-16
VectorFFT,3349,6.094e-16,8.637e-16,1.424e-15
MKL,3349,4.891e-16,5.775e-16,1.807e-15
VectorFFT,3350,6.068e-16,8.528e-16,1.535e-15
MKL,3350,3.117e-16,4.247e-16,1.265e-15
VectorFFT,3351,6.296e-16,9.605e-16,1.487e-15
MKL,3351,4.871e-16,4.822e-16,1.637e-15
VectorFFT,3352,6.057e-16,7.877e-16,1.538e-15
MKL,3352,4.855e-16,4.480e-16,1.640e-15
VectorFFT,3353,6.138e-16,9.742e-16,1.527e-15
MKL,3353,5.038e-16,5.412e-16,1.672e-15
VectorFFT,3354,5.817e-16,7.257e-16,1.790e-15
MKL,3354,2.952e-16,4.005e-16,9.234e-16
VectorFFT,3355,5.994e-16,7.260e-16,1.568e-15
MKL,3355,3.395e-16,3.657e-16,1.248e-15
VectorFFT,3356,6.030e-16,7.103e-16,1.691e-15
MKL,3356,4.901e-16,4.806e-16,1.866e-15
VectorFFT,3357,6.178e-16,7.379e-16,1.405e-15
MKL,3357,4.823e-16,4.376e-16,1.630e-15
VectorFFT,3358,5.833e-16,6.309e-16,1.532e-15
MKL,3358,3.034e-16,3.009e-16,9.776e-16
VectorFFT,3359,6.067e-16,8.423e-16,1.578e-15
MKL,3359,4.872e-16,5.333e-16,1.723e-15
VectorFFT,3360,4.720e-16,5.522e-16,1.098e-15
MKL,3360,2.644e-16,2.833e-16,7.544e-16
VectorFFT,3361,7.210e-16,1.165e-15,2.654e-15
MKL,3361,5.089e-16,5.347e-16,1.861e-15
VectorFFT,3362,6.127e-16,7.470e-16,1.465e-15
MKL,3362,3.036e-16,3.602e-16,1.058e-15
VectorFFT,3363,6.135e-16,7.905e-16,1.398e-15
MKL,3363,3.554e-16,3.606e-16,1.129e-15
VectorFFT,3364,5.218e-16,5.817e-16,1.182e-15
MKL,3364,2.795e-16,3.814e-16,9.956e-16
VectorFFT,3365,6.169e-16,8.258e-16,1.657e-15
MKL,3365,5.064e-16,5.583e-16,1.872e-15
VectorFFT,3366,7.168e-16,9.505e-16,2.587e-15
MKL,3366,2.831e-16,3.213e-16,1.045e-15
VectorFFT,3367,5.226e-16,5.833e-16,1.388e-15
MKL,3367,3.090e-16,2.940e-16,9.302e-16
VectorFFT,3368,5.986e-16,7.660e-16,2.052e-15
MKL,3368,4.847e-16,4.553e-16,1.656e-15
VectorFFT,3369,6.103e-16,7.518e-16,1.590e-15
MKL,3369,4.879e-16,5.319e-16,1.594e-15
VectorFFT,3370,6.094e-16,8.315e-16,1.492e-15
MKL,3370,4.957e-16,5.945e-16,1.693e-15
VectorFFT,3371,6.214e-16,6.596e-16,1.605e-15
MKL,3371,4.818e-16,5.453e-16,1.588e-15
VectorFFT,3372,6.042e-16,8.338e-16,1.429e-15
MKL,3372,4.964e-16,5.545e-16,1.839e-15
VectorFFT,3373,6.235e-16,8.056e-16,1.680e-15
MKL,3373,4.861e-16,5.616e-16,1.850e-15
VectorFFT,3374,6.085e-16,8.950e-16,1.535e-15
MKL,3374,4.852e-16,5.375e-16,1.714e-15
VectorFFT,3375,5.924e-16,7.260e-16,1.389e-15
MKL,3375,4.813e-16,5.403e-16,1.493e-15
VectorFFT,3376,6.101e-16,7.605e-16,1.590e-15
MKL,3376,4.941e-16,5.524e-16,1.645e-15
VectorFFT,3377,6.029e-16,8.750e-16,1.345e-15
MKL,3377,4.940e-16,5.299e-16,1.765e-15
VectorFFT,3378,6.076e-16,7.149e-16,1.462e-15
MKL,3378,4.929e-16,4.510e-16,1.770e-15
VectorFFT,3379,6.175e-16,8.829e-16,1.544e-15
MKL,3379,4.928e-16,5.485e-16,1.565e-15
VectorFFT,3380,5.978e-16,9.023e-16,1.966e-15
MKL,3380,2.829e-16,3.367e-16,8.573e-16
VectorFFT,3381,5.302e-16,7.028e-16,1.998e-15
MKL,3381,4.415e-16,5.560e-16,1.510e-15
VectorFFT,3382,6.103e-16,8.526e-16,1.562e-15
MKL,3382,3.452e-16,4.978e-16,1.054e-15
VectorFFT,3383,5.988e-16,5.723e-16,1.626e-15
MKL,3383,4.868e-16,4.909e-16,1.739e-15
VectorFFT,3384,5.625e-16,7.340e-16,1.694e-15
MKL,3384,2.838e-16,4.099e-16,8.383e-16
VectorFFT,3385,6.316e-16,1.257e-15,1.597e-15
MKL,3385,4.931e-16,6.317e-16,1.850e-15
VectorFFT,3386,6.322e-16,8.703e-16,1.402e-15
MKL,3386,4.950e-16,5.955e-16,1.759e-15
VectorFFT,3387,6.168e-16,9.020e-16,1.479e-15
MKL,3387,5.034e-16,5.985e-16,2.129e-15
VectorFFT,3388,5.265e-16,7.957e-16,1.737e-15
MKL,3388,2.704e-16,3.303e-16,1.142e-15
VectorFFT,3389,6.076e-16,7.182e-16,1.457e-15
MKL,3389,4.899e-16,5.469e-16,1.675e-15
VectorFFT,3390,5.842e-16,7.455e-16,1.516e-15
MKL,3390,3.541e-16,4.939e-16,1.096e-15
VectorFFT,3391,5.997e-16,6.517e-16,1.487e-15
MKL,3391,4.799e-16,6.699e-16,1.536e-15
VectorFFT,3392,6.016e-16,7.288e-16,1.600e-15
MKL,3392,2.644e-16,3.306e-16,7.611e-16
VectorFFT,3393,7.755e-16,1.022e-15,2.768e-15
MKL,3393,3.220e-16,3.286e-16,1.055e-15
VectorFFT,3394,6.037e-16,8.921e-16,1.595e-15
MKL,3394,4.966e-16,6.060e-16,1.708e-15
VectorFFT,3395,5.984e-16,7.437e-16,1.619e-15
MKL,3395,5.100e-16,6.369e-16,1.870e-15
VectorFFT,3396,5.957e-16,9.383e-16,1.532e-15
MKL,3396,4.925e-16,5.259e-16,1.689e-15
VectorFFT,3397,6.245e-16,7.263e-16,1.545e-15
MKL,3397,3.453e-16,3.552e-16,1.124e-15
VectorFFT,3398,6.139e-16,8.901e-16,1.458e-15
MKL,3398,4.933e-16,4.900e-16,1.702e-15
VectorFFT,3399,5.954e-16,7.468e-16,1.655e-15
MKL,3399,4.853e-16,5.236e-16,1.683e-15
VectorFFT,3400,5.582e-16,6.518e-16,1.573e-15
MKL,3400,2.800e-16,2.949e-16,1.119e-15
VectorFFT,3401,6.092e-16,7.630e-16,1.526e-15
MKL,3401,5.128e-16,5.279e-16,1.735e-15
VectorFFT,3402,6.026e-16,6.842e-16,1.529e-15
MKL,3402,3.054e-16,3.547e-16,1.099e-15
VectorFFT,3403,6.094e-16,5.692e-16,1.647e-15
MKL,3403,3.471e-16,3.511e-16,1.161e-15
VectorFFT,3404,7.632e-16,1.153e-15,3.042e-15
MKL,3404,2.752e-16,3.394e-16,8.908e-16
VectorFFT,3405,6.187e-16,7.651e-16,1.584e-15
MKL,3405,5.174e-16,6.393e-16,2.173e-15
VectorFFT,3406,6.233e-16,1.010e-15,1.682e-15
MKL,3406,3.599e-16,6.146e-16,1.142e-15
VectorFFT,3407,6.084e-16,8.472e-16,1.634e-15
MKL,3407,5.164e-16,6.436e-16,1.738e-15
VectorFFT,3408,6.063e-16,8.382e-16,1.421e-15
MKL,3408,2.898e-16,4.361e-16,8.698e-16
VectorFFT,3409,6.171e-16,9.296e-16,1.605e-15
MKL,3409,5.075e-16,5.575e-16,1.785e-15
VectorFFT,3410,5.347e-16,4.786e-16,1.754e-15
MKL,3410,2.967e-16,3.672e-16,1.009e-15
VectorFFT,3411,6.180e-16,9.265e-16,1.550e-15
MKL,3411,5.094e-16,5.428e-16,1.799e-15
VectorFFT,3412,6.130e-16,6.569e-16,1.686e-15
MKL,3412,4.848e-16,5.023e-16,1.656e-15
VectorFFT,3413,6.210e-16,6.568e-16,1.451e-15
MKL,3413,4.900e-16,5.057e-16,1.587e-15
VectorFFT,3414,6.036e-16,6.075e-16,1.606e-15
MKL,3414,4.849e-16,4.768e-16,1.551e-15
VectorFFT,3415,6.045e-16,8.394e-16,1.431e-15
MKL,3415,5.039e-16,5.205e-16,1.760e-15
VectorFFT,3416,5.959e-16,8.394e-16,1.538e-15
MKL,3416,2.933e-16,2.729e-16,9.527e-16
VectorFFT,3417,6.250e-16,8.452e-16,1.508e-15
MKL,3417,3.567e-16,4.195e-16,1.146e-15
VectorFFT,3418,6.219e-16,8.120e-16,1.718e-15
MKL,3418,4.866e-16,5.674e-16,1.735e-15
VectorFFT,3419,6.092e-16,6.251e-16,1.708e-15
MKL,3419,4.941e-16,4.787e-16,1.890e-15
VectorFFT,3420,5.290e-16,6.040e-16,1.997e-15
MKL,3420,2.891e-16,3.215e-16,9.558e-16
VectorFFT,3421,6.059e-16,7.424e-16,1.673e-15
MKL,3421,4.902e-16,5.197e-16,1.782e-15
VectorFFT,3422,5.943e-16,8.802e-16,1.561e-15
MKL,3422,3.029e-16,3.534e-16,1.102e-15
VectorFFT,3423,6.069e-16,8.965e-16,1.705e-15
MKL,3423,4.931e-16,5.588e-16,1.551e-15
VectorFFT,3424,6.156e-16,6.067e-16,1.452e-15
MKL,3424,3.294e-16,3.889e-16,1.063e-15
VectorFFT,3425,6.152e-16,7.595e-16,1.555e-15
MKL,3425,4.932e-16,6.919e-16,1.673e-15
VectorFFT,3426,5.976e-16,5.825e-16,1.406e-15
MKL,3426,4.882e-16,3.982e-16,1.737e-15
VectorFFT,3427,6.090e-16,7.281e-16,1.652e-15
MKL,3427,4.989e-16,6.578e-16,1.784e-15
VectorFFT,3428,6.034e-16,1.039e-15,1.560e-15
MKL,3428,4.851e-16,5.591e-16,1.642e-15
VectorFFT,3429,6.265e-16,1.038e-15,1.639e-15
MKL,3429,5.064e-16,5.830e-16,1.871e-15
VectorFFT,3430,5.401e-16,9.113e-16,1.592e-15
MKL,3430,2.966e-16,3.089e-16,1.057e-15
VectorFFT,3431,6.067e-16,1.019e-15,1.579e-15
MKL,3431,3.343e-16,3.432e-16,1.167e-15
VectorFFT,3432,5.898e-16,7.494e-16,2.031e-15
MKL,3432,2.638e-16,2.924e-16,7.767e-16
VectorFFT,3433,6.191e-16,6.548e-16,1.371e-15
MKL,3433,4.949e-16,5.016e-16,1.690e-15
VectorFFT,3434,6.147e-16,9.316e-16,1.544e-15
MKL,3434,3.248e-16,4.843e-16,1.130e-15
VectorFFT,3435,6.239e-16,8.079e-16,1.801e-15
MKL,3435,5.034e-16,5.529e-16,1.641e-15
VectorFFT,3436,6.094e-16,8.023e-16,1.583e-15
MKL,3436,4.883e-16,6.189e-16,1.560e-15
VectorFFT,3437,6.201e-16,8.401e-16,1.451e-15
MKL,3437,4.964e-16,5.056e-16,1.661e-15
VectorFFT,3438,6.121e-16,8.396e-16,1.460e-15
MKL,3438,4.884e-16,5.310e-16,1.803e-15
VectorFFT,3439,6.125e-16,1.033e-15,1.444e-15
MKL,3439,5.064e-16,6.344e-16,1.904e-15
VectorFFT,3440,4.607e-16,5.493e-16,1.352e-15
MKL,3440,2.789e-16,3.493e-16,9.091e-16
VectorFFT,3441,1.124e-15,2.183e-15,4.811e-15
MKL,3441,3.126e-16,3.317e-16,9.955e-16
VectorFFT,3442,6.104e-16,1.187e-15,1.558e-15
MKL,3442,4.911e-16,6.099e-16,1.645e-15
VectorFFT,3443,5.993e-16,7.865e-16,1.459e-15
MKL,3443,4.971e-16,5.549e-16,1.680e-15
VectorFFT,3444,5.035e-16,6.564e-16,1.575e-15
MKL,3444,2.759e-16,3.060e-16,8.782e-16
VectorFFT,3445,6.018e-16,7.134e-16,1.592e-15
MKL,3445,4.217e-16,4.131e-16,1.363e-15
VectorFFT,3446,6.122e-16,9.374e-16,1.582e-15
MKL,3446,4.803e-16,5.734e-16,1.780e-15
VectorFFT,3447,6.141e-16,1.093e-15,1.609e-15
MKL,3447,4.888e-16,5.234e-16,1.622e-15
VectorFFT,3448,6.122e-16,8.168e-16,1.374e-15
MKL,3448,4.847e-16,5.662e-16,1.666e-15
VectorFFT,3449,6.056e-16,6.595e-16,1.375e-15
MKL,3449,5.044e-16,5.754e-16,1.703e-15
VectorFFT,3450,5.491e-16,5.711e-16,1.502e-15
MKL,3450,3.249e-16,3.287e-16,1.069e-15
VectorFFT,3451,5.651e-16,6.804e-16,1.378e-15
MKL,3451,3.192e-16,3.465e-16,1.019e-15
VectorFFT,3452,6.067e-16,6.976e-16,1.551e-15
MKL,3452,4.865e-16,4.147e-16,1.564e-15
VectorFFT,3453,6.113e-16,7.863e-16,1.554e-15
MKL,3453,5.125e-16,4.747e-16,2.108e-15
VectorFFT,3454,6.079e-16,7.671e-16,1.676e-15
MKL,3454,4.901e-16,5.236e-16,1.736e-15
VectorFFT,3455,6.105e-16,6.850e-16,1.576e-15
MKL,3455,5.040e-16,4.292e-16,1.675e-15
VectorFFT,3456,3.698e-16,5.737e-16,1.260e-15
MKL,3456,2.475e-16,2.628e-16,8.693e-16
VectorFFT,3457,7.650e-16,1.014e-15,2.211e-15
MKL,3457,4.968e-16,5.281e-16,1.880e-15
VectorFFT,3458,5.882e-16,7.006e-16,1.976e-15
MKL,3458,2.915e-16,3.600e-16,9.574e-16
VectorFFT,3459,6.173e-16,7.691e-16,1.775e-15
MKL,3459,4.927e-16,5.221e-16,1.650e-15
VectorFFT,3460,5.766e-16,8.051e-16,1.663e-15
MKL,3460,5.052e-16,5.319e-16,1.732e-15
VectorFFT,3461,6.182e-16,8.339e-16,1.686e-15
MKL,3461,5.003e-16,6.048e-16,1.644e-15
VectorFFT,3462,5.952e-16,7.055e-16,1.692e-15
MKL,3462,4.854e-16,5.088e-16,1.732e-15
VectorFFT,3463,6.096e-16,7.864e-16,1.806e-15
MKL,3463,4.992e-16,5.411e-16,1.403e-15
VectorFFT,3464,6.013e-16,7.519e-16,1.601e-15
MKL,3464,5.025e-16,6.618e-16,1.732e-15
VectorFFT,3465,5.127e-16,5.047e-16,1.558e-15
MKL,3465,3.952e-16,5.309e-16,1.194e-15
VectorFFT,3466,6.058e-16,8.756e-16,1.458e-15
MKL,3466,4.839e-16,5.611e-16,1.673e-15
VectorFFT,3467,6.237e-16,7.568e-16,1.608e-15
MKL,3467,4.976e-16,6.710e-16,1.928e-15
VectorFFT,3468,8.321e-16,8.978e-16,3.497e-15
MKL,3468,2.847e-16,2.963e-16,9.877e-16
VectorFFT,3469,1.136e-15,1.125e-15,3.867e-15
MKL,3469,5.019e-16,5.212e-16,1.604e-15
VectorFFT,3470,6.240e-16,9.608e-16,1.811e-15
MKL,3470,5.019e-16,5.483e-16,1.753e-15
VectorFFT,3471,6.085e-16,6.281e-16,1.561e-15
MKL,3471,3.453e-16,3.106e-16,1.052e-15
VectorFFT,3472,5.413e-16,7.566e-16,1.524e-15
MKL,3472,2.737e-16,3.246e-16,8.653e-16
VectorFFT,3473,6.010e-16,8.225e-16,1.807e-15
MKL,3473,4.997e-16,5.276e-16,1.825e-15
VectorFFT,3474,6.196e-16,9.050e-16,1.643e-15
MKL,3474,4.871e-16,6.255e-16,1.703e-15
VectorFFT,3475,6.018e-16,1.193e-15,1.469e-15
MKL,3475,5.100e-16,5.952e-16,1.828e-15
VectorFFT,3476,5.902e-16,7.471e-16,1.465e-15
MKL,3476,3.018e-16,3.302e-16,1.049e-15
VectorFFT,3477,6.102e-16,8.686e-16,1.703e-15
MKL,3477,3.365e-16,3.449e-16,1.050e-15
VectorFFT,3478,6.197e-16,8.161e-16,1.619e-15
MKL,3478,3.025e-16,3.390e-16,9.752e-16
VectorFFT,3479,6.097e-16,8.766e-16,1.392e-15
MKL,3479,3.371e-16,3.132e-16,1.023e-15
VectorFFT,3480,5.746e-16,7.476e-16,1.935e-15
MKL,3480,2.820e-16,2.708e-16,8.830e-16
VectorFFT,3481,6.086e-16,7.754e-16,1.731e-15
MKL,3481,3.721e-16,4.220e-16,1.206e-15
VectorFFT,3482,6.216e-16,9.742e-16,1.701e-15
MKL,3482,4.933e-16,6.076e-16,1.808e-15
VectorFFT,3483,5.889e-16,6.583e-16,1.622e-15
MKL,3483,4.333e-16,6.013e-16,1.351e-15
VectorFFT,3484,6.041e-16,1.046e-15,1.490e-15
MKL,3484,3.034e-16,4.616e-16,1.060e-15
VectorFFT,3485,5.525e-16,6.988e-16,1.299e-15
MKL,3485,3.288e-16,4.040e-16,1.115e-15
VectorFFT,3486,6.031e-16,7.856e-16,1.684e-15
MKL,3486,3.146e-16,3.798e-16,9.500e-16
VectorFFT,3487,5.890e-16,9.592e-16,1.625e-15
MKL,3487,4.929e-16,5.323e-16,1.735e-15
VectorFFT,3488,6.227e-16,8.304e-16,1.496e-15
MKL,3488,3.116e-16,4.123e-16,1.138e-15
VectorFFT,3489,6.248e-16,7.969e-16,1.910e-15
MKL,3489,5.177e-16,5.931e-16,1.932e-15
VectorFFT,3490,6.260e-16,7.913e-16,1.710e-15
MKL,3490,4.981e-16,5.078e-16,1.633e-15
VectorFFT,3491,6.363e-16,8.034e-16,1.491e-15
MKL,3491,4.974e-16,5.950e-16,1.695e-15
VectorFFT,3492,6.055e-16,6.528e-16,1.650e-15
MKL,3492,3.212e-16,3.341e-16,1.115e-15
VectorFFT,3493,6.256e-16,9.463e-16,1.755e-15
MKL,3493,4.965e-16,5.952e-16,1.820e-15
VectorFFT,3494,6.088e-16,8.465e-16,1.486e-15
MKL,3494,4.886e-16,7.024e-16,1.634e-15
VectorFFT,3495,6.054e-16,7.898e-16,1.652e-15
MKL,3495,4.994e-16,5.789e-16,1.674e-15
VectorFFT,3496,5.135e-16,5.792e-16,1.404e-15
MKL,3496,2.669e-16,2.978e-16,8.882e-16
VectorFFT,3497,6.092e-16,9.126e-16,1.668e-15
MKL,3497,5.180e-16,6.371e-16,1.828e-15
VectorFFT,3498,5.959e-16,7.532e-16,1.639e-15
MKL,3498,2.884e-16,2.902e-16,1.070e-15
VectorFFT,3499,6.188e-16,9.917e-16,1.442e-15
MKL,3499,5.073e-16,8.486e-16,1.792e-15
VectorFFT,3500,5.177e-16,5.963e-16,1.414e-15
MKL,3500,2.937e-16,2.934e-16,1.078e-15
VectorFFT,3501,6.190e-16,1.006e-15,1.870e-15
MKL,3501,4.914e-16,5.735e-16,1.835e-15
VectorFFT,3502,5.815e-16,9.109e-16,1.468e-15
MKL,3502,3.242e-16,4.310e-16,1.000e-15
VectorFFT,3503,6.078e-16,8.430e-16,1.539e-15
MKL,3503,5.078e-16,7.055e-16,1.753e-15
VectorFFT,3504,6.072e-16,8.240e-16,1.688e-15
MKL,3504,2.911e-16,3.477e-16,1.076e-15
VectorFFT,3505,6.127e-16,7.196e-16,1.860e-15
MKL,3505,4.981e-16,4.370e-16,1.796e-15
VectorFFT,3506,6.161e-16,6.821e-16,1.583e-15
MKL,3506,5.027e-16,5.451e-16,1.668e-15
VectorFFT,3507,6.026e-16,7.069e-16,1.548e-15
MKL,3507,4.973e-16,6.721e-16,1.776e-15
VectorFFT,3508,6.200e-16,6.824e-16,1.568e-15
MKL,3508,4.889e-16,5.484e-16,1.823e-15
VectorFFT,3509,4.966e-16,5.090e-16,1.232e-15
MKL,3509,3.575e-16,4.013e-16,1.098e-15
VectorFFT,3510,5.859e-16,6.618e-16,1.548e-15
MKL,3510,2.926e-16,3.081e-16,1.035e-15
VectorFFT,3511,6.229e-16,8.314e-16,1.717e-15
MKL,3511,4.930e-16,6.146e-16,1.733e-15
VectorFFT,3512,6.171e-16,8.757e-16,1.463e-15
MKL,3512,5.002e-16,5.956e-16,1.817e-15
VectorFFT,3513,6.239e-16,7.837e-16,1.515e-15
MKL,3513,4.951e-16,5.988e-16,1.573e-15
VectorFFT,3514,6.214e-16,1.170e-15,1.495e-15
MKL,3514,5.039e-16,5.218e-16,1.816e-15
VectorFFT,3515,4.893e-16,5.277e-16,1.312e-15
MKL,3515,3.477e-16,4.198e-16,1.063e-15
VectorFFT,3516,6.062e-16,7.008e-16,1.481e-15
MKL,3516,4.998e-16,4.913e-16,2.040e-15
VectorFFT,3517,6.268e-16,7.859e-16,1.479e-15
MKL,3517,5.267e-16,5.978e-16,1.932e-15
VectorFFT,3518,6.094e-16,7.685e-16,1.666e-15
MKL,3518,4.954e-16,5.481e-16,1.645e-15
VectorFFT,3519,6.966e-16,8.768e-16,2.468e-15
MKL,3519,4.272e-16,5.118e-16,1.336e-15
VectorFFT,3520,4.330e-16,5.583e-16,1.054e-15
MKL,3520,2.627e-16,2.708e-16,9.315e-16
VectorFFT,3521,6.126e-16,8.861e-16,1.580e-15
MKL,3521,4.922e-16,5.139e-16,1.526e-15
VectorFFT,3522,6.123e-16,1.047e-15,1.350e-15
MKL,3522,4.968e-16,5.902e-16,1.738e-15
VectorFFT,3523,6.329e-16,1.027e-15,1.556e-15
MKL,3523,5.110e-16,5.707e-16,1.928e-15
VectorFFT,3524,6.155e-16,7.081e-16,1.575e-15
MKL,3524,4.824e-16,6.600e-16,1.626e-15
VectorFFT,3525,6.055e-16,7.499e-16,2.287e-15
MKL,3525,3.931e-16,5.065e-16,1.474e-15
VectorFFT,3526,1.538e-15,2.187e-15,7.749e-15
MKL,3526,3.110e-16,3.015e-16,9.778e-16
VectorFFT,3527,6.068e-16,7.439e-16,1.787e-15
MKL,3527,5.194e-16,5.919e-16,1.781e-15
VectorFFT,3528,4.730e-16,5.889e-16,1.235e-15
MKL,3528,2.701e-16,2.779e-16,7.663e-16
VectorFFT,3529,6.210e-16,8.067e-16,1.576e-15
MKL,3529,5.165e-16,5.615e-16,1.754e-15
VectorFFT,3530,6.195e-16,8.454e-16,1.384e-15
MKL,3530,4.987e-16,5.658e-16,1.725e-15
VectorFFT,3531,6.170e-16,8.402e-16,1.553e-15
MKL,3531,4.943e-16,5.443e-16,1.657e-15
VectorFFT,3532,6.102e-16,6.721e-16,1.670e-15
MKL,3532,5.056e-16,5.455e-16,1.622e-15
VectorFFT,3533,6.300e-16,7.520e-16,1.807e-15
MKL,3533,5.032e-16,4.398e-16,1.670e-15
VectorFFT,3534,5.476e-16,6.006e-16,1.541e-15
MKL,3534,2.948e-16,3.639e-16,9.866e-16
VectorFFT,3535,6.045e-16,7.243e-16,1.558e-15
MKL,3535,4.970e-16,5.364e-16,1.593e-15
VectorFFT,3536,7.446e-16,9.599e-16,2.528e-15
MKL,3536,2.760e-16,2.368e-16,8.604e-16
VectorFFT,3537,6.282e-16,6.970e-16,1.496e-15
MKL,3537,5.014e-16,5.534e-16,1.769e-15
VectorFFT,3538,6.139e-16,8.495e-16,1.662e-15
MKL,3538,3.043e-16,3.396e-16,9.610e-16
VectorFFT,3539,6.238e-16,1.067e-15,1.496e-15
MKL,3539,5.002e-16,6.110e-16,1.709e-15
VectorFFT,3540,6.085e-16,1.002e-15,1.618e-15
MKL,3540,3.009e-16,3.593e-16,1.112e-15
VectorFFT,3541,6.129e-16,7.423e-16,1.595e-15
MKL,3541,5.037e-16,4.431e-16,1.894e-15
VectorFFT,3542,5.745e-16,8.690e-16,2.383e-15
MKL,3542,3.033e-16,3.454e-16,1.022e-15
VectorFFT,3543,6.168e-16,7.410e-16,1.546e-15
MKL,3543,4.977e-16,5.450e-16,1.637e-15
VectorFFT,3544,6.144e-16,9.531e-16,1.502e-15
MKL,3544,4.903e-16,5.751e-16,1.683e-15
VectorFFT,3545,6.159e-16,8.366e-16,1.517e-15
MKL,3545,5.101e-16,6.045e-16,1.844e-15
VectorFFT,3546,6.194e-16,8.717e-16,1.532e-15
MKL,3546,4.936e-16,5.441e-16,1.659e-15
VectorFFT,3547,6.141e-16,7.243e-16,1.763e-15
MKL,3547,4.894e-16,4.716e-16,1.691e-15
VectorFFT,3548,6.122e-16,1.029e-15,1.552e-15
MKL,3548,4.975e-16,6.145e-16,1.595e-15
VectorFFT,3549,6.046e-16,6.931e-16,1.674e-15
MKL,3549,3.619e-16,4.503e-16,1.226e-15
VectorFFT,3550,6.308e-16,1.094e-15,1.798e-15
MKL,3550,3.472e-16,4.986e-16,1.134e-15
VectorFFT,3551,6.115e-16,7.484e-16,1.676e-15
MKL,3551,4.096e-16,4.680e-16,1.425e-15
VectorFFT,3552,5.561e-16,6.942e-16,1.776e-15
MKL,3552,2.607e-16,3.307e-16,8.881e-16
VectorFFT,3553,5.745e-16,6.322e-16,1.386e-15
MKL,3553,3.137e-16,3.454e-16,9.264e-16
VectorFFT,3554,6.097e-16,9.359e-16,1.540e-15
MKL,3554,4.878e-16,5.107e-16,1.733e-15
VectorFFT,3555,6.299e-16,8.276e-16,1.587e-15
MKL,3555,3.491e-16,3.727e-16,1.060e-15
VectorFFT,3556,5.976e-16,7.239e-16,1.849e-15
MKL,3556,3.447e-16,5.826e-16,1.085e-15
VectorFFT,3557,6.201e-16,9.715e-16,1.530e-15
MKL,3557,4.994e-16,5.465e-16,1.755e-15
VectorFFT,3558,6.243e-16,8.595e-16,1.554e-15
MKL,3558,4.989e-16,5.267e-16,1.685e-15
VectorFFT,3559,6.170e-16,6.152e-16,1.653e-15
MKL,3559,5.198e-16,4.790e-16,1.722e-15
VectorFFT,3560,6.265e-16,8.590e-16,1.663e-15
MKL,3560,3.192e-16,5.793e-16,1.152e-15
VectorFFT,3561,6.399e-16,8.881e-16,1.810e-15
MKL,3561,4.978e-16,5.505e-16,1.568e-15
VectorFFT,3562,6.223e-16,9.441e-16,1.615e-15
MKL,3562,3.564e-16,5.185e-16,1.377e-15
VectorFFT,3563,6.218e-16,8.043e-16,1.602e-15
MKL,3563,5.017e-16,5.679e-16,1.695e-15
VectorFFT,3564,5.884e-16,7.787e-16,1.525e-15
MKL,3564,2.688e-16,3.272e-16,8.651e-16
VectorFFT,3565,1.069e-15,2.208e-15,4.264e-15
MKL,3565,3.304e-16,4.000e-16,9.264e-16
VectorFFT,3566,6.178e-16,7.539e-16,1.567e-15
MKL,3566,4.932e-16,5.690e-16,1.511e-15
VectorFFT,3567,1.062e-15,1.999e-15,4.363e-15
MKL,3567,3.705e-16,4.984e-16,1.223e-15
VectorFFT,3568,6.189e-16,7.553e-16,1.511e-15
MKL,3568,4.963e-16,5.726e-16,1.675e-15
VectorFFT,3569,6.357e-16,8.794e-16,1.580e-15
MKL,3569,3.456e-16,3.553e-16,1.219e-15
VectorFFT,3570,5.523e-16,6.794e-16,1.685e-15
MKL,3570,2.897e-16,3.241e-16,1.072e-15
VectorFFT,3571,5.986e-16,5.966e-16,1.551e-15
MKL,3571,5.082e-16,4.683e-16,1.840e-15
VectorFFT,3572,4.872e-16,5.668e-16,1.228e-15
MKL,3572,2.914e-16,3.018e-16,1.004e-15
VectorFFT,3573,6.168e-16,1.021e-15,1.461e-15
MKL,3573,5.171e-16,6.756e-16,2.140e-15
VectorFFT,3574,6.129e-16,1.110e-15,1.687e-15
MKL,3574,5.009e-16,5.535e-16,1.729e-15
VectorFFT,3575,5.478e-16,5.783e-16,1.483e-15
MKL,3575,4.007e-16,3.673e-16,1.273e-15
VectorFFT,3576,5.896e-16,6.783e-16,1.610e-15
MKL,3576,3.513e-16,4.963e-16,1.172e-15
VectorFFT,3577,6.243e-16,7.609e-16,1.752e-15
MKL,3577,3.556e-16,3.970e-16,1.151e-15
VectorFFT,3578,6.250e-16,7.439e-16,1.480e-15
MKL,3578,4.939e-16,5.773e-16,1.915e-15
VectorFFT,3579,6.161e-16,9.282e-16,1.742e-15
MKL,3579,4.940e-16,5.651e-16,1.569e-15
VectorFFT,3580,6.169e-16,7.754e-16,1.688e-15
MKL,3580,4.876e-16,5.447e-16,1.878e-15
VectorFFT,3581,6.180e-16,6.931e-16,1.555e-15
MKL,3581,5.177e-16,5.344e-16,1.685e-15
VectorFFT,3582,6.172e-16,8.160e-16,1.462e-15
MKL,3582,4.856e-16,5.765e-16,1.686e-15
VectorFFT,3583,5.966e-16,1.144e-15,1.654e-15
MKL,3583,4.947e-16,4.788e-16,1.963e-15
VectorFFT,3584,2.749e-16,3.435e-16,1.048e-15
MKL,3584,2.439e-16,3.054e-16,8.206e-16
VectorFFT,3585,6.282e-16,5.600e-16,1.643e-15
MKL,3585,5.122e-16,4.011e-16,1.803e-15
VectorFFT,3586,6.041e-16,7.194e-16,1.602e-15
MKL,3586,5.038e-16,4.750e-16,1.693e-15
VectorFFT,3587,6.176e-16,1.071e-15,1.552e-15
MKL,3587,5.123e-16,5.556e-16,1.823e-15
VectorFFT,3588,6.236e-16,6.764e-16,1.546e-15
MKL,3588,2.647e-16,2.408e-16,8.897e-16
VectorFFT,3589,6.209e-16,1.035e-15,1.692e-15
MKL,3589,5.230e-16,7.779e-16,1.559e-15
VectorFFT,3590,6.238e-16,7.046e-16,1.597e-15
MKL,3590,5.025e-16,4.610e-16,1.700e-15
VectorFFT,3591,5.311e-16,6.941e-16,1.363e-15
MKL,3591,4.498e-16,4.472e-16,1.458e-15
VectorFFT,3592,6.030e-16,8.208e-16,1.575e-15
MKL,3592,4.908e-16,5.068e-16,1.692e-15
VectorFFT,3593,6.191e-16,7.232e-16,1.767e-15
MKL,3593,5.057e-16,4.849e-16,1.648e-15
VectorFFT,3594,6.094e-16,8.764e-16,1.908e-15
MKL,3594,5.062e-16,5.422e-16,1.558e-15
VectorFFT,3595,6.130e-16,7.163e-16,1.560e-15
MKL,3595,5.061e-16,5.302e-16,1.684e-15
VectorFFT,3596,5.405e-16,6.717e-16,1.385e-15
MKL,3596,2.873e-16,3.839e-16,8.581e-16
VectorFFT,3597,6.007e-16,8.199e-16,1.781e-15
MKL,3597,4.957e-16,5.137e-16,1.565e-15
VectorFFT,3598,6.147e-16,8.214e-16,1.470e-15
MKL,3598,4.992e-16,5.542e-16,1.664e-15
VectorFFT,3599,6.236e-16,9.041e-16,1.494e-15
MKL,3599,4.396e-16,5.730e-16,1.443e-15
VectorFFT,3600,4.573e-16,5.211e-16,1.592e-15
MKL,3600,2.802e-16,3.413e-16,8.836e-16
VectorFFT,3601,6.208e-16,1.177e-15,1.658e-15
MKL,3601,5.058e-16,5.367e-16,1.651e-15
VectorFFT,3602,6.233e-16,8.279e-16,1.755e-15
MKL,3602,5.159e-16,5.517e-16,1.602e-15
VectorFFT,3603,6.177e-16,8.518e-16,1.532e-15
MKL,3603,5.055e-16,6.641e-16,1.683e-15
VectorFFT,3604,6.232e-16,7.628e-16,1.595e-15
MKL,3604,2.753e-16,3.239e-16,8.650e-16
VectorFFT,3605,6.110e-16,8.752e-16,1.436e-15
MKL,3605,5.110e-16,5.360e-16,1.676e-15
VectorFFT,3606,6.221e-16,9.491e-16,1.517e-15
MKL,3606,4.838e-16,5.301e-16,1.534e-15
VectorFFT,3607,6.172e-16,7.634e-16,1.771e-15
MKL,3607,5.060e-16,5.166e-16,1.756e-15
VectorFFT,3608,4.614e-16,6.418e-16,1.099e-15
MKL,3608,2.788e-16,3.377e-16,1.079e-15
VectorFFT,3609,6.281e-16,7.576e-16,1.480e-15
MKL,3609,5.031e-16,5.375e-16,1.883e-15
VectorFFT,3610,4.954e-16,5.087e-16,1.253e-15
MKL,3610,3.097e-16,2.939e-16,9.802e-16
VectorFFT,3611,6.243e-16,8.471e-16,1.495e-15
MKL,3611,5.119e-16,5.726e-16,1.763e-15
VectorFFT,3612,4.843e-16,5.258e-16,1.454e-15
MKL,3612,2.835e-16,3.866e-16,9.869e-16
VectorFFT,3613,6.308e-16,1.122e-15,1.765e-15
MKL,3613,5.064e-16,5.296e-16,2.166e-15
VectorFFT,3614,6.128e-16,7.997e-16,1.504e-15
MKL,3614,3.760e-16,4.890e-16,1.224e-15
VectorFFT,3615,6.109e-16,8.848e-16,1.499e-15
MKL,3615,4.944e-16,4.547e-16,1.715e-15
VectorFFT,3616,6.364e-16,8.290e-16,1.462e-15
MKL,3616,3.198e-16,5.808e-16,1.113e-15
VectorFFT,3617,6.130e-16,7.559e-16,1.569e-15
MKL,3617,5.058e-16,6.399e-16,1.766e-15
VectorFFT,3618,6.155e-16,7.610e-16,1.685e-15
MKL,3618,3.083e-16,4.312e-16,1.139e-15
VectorFFT,3619,4.814e-16,5.713e-16,1.318e-15
MKL,3619,3.209e-16,3.662e-16,1.087e-15
VectorFFT,3620,6.381e-16,7.966e-16,1.776e-15
MKL,3620,4.943e-16,5.187e-16,1.752e-15
VectorFFT,3621,6.153e-16,7.749e-16,1.768e-15
MKL,3621,3.235e-16,3.518e-16,1.166e-15
VectorFFT,3622,6.082e-16,7.913e-16,1.523e-15
MKL,3622,4.955e-16,5.869e-16,1.699e-15
VectorFFT,3623,6.197e-16,6.118e-16,1.638e-15
MKL,3623,5.013e-16,4.686e-16,1.727e-15
VectorFFT,3624,5.940e-16,7.464e-16,1.630e-15
MKL,3624,4.917e-16,4.790e-16,1.781e-15
VectorFFT,3625,4.915e-16,5.549e-16,1.411e-15
MKL,3625,3.872e-16,4.007e-16,1.142e-15
VectorFFT,3626,5.296e-16,6.749e-16,1.769e-15
MKL,3626,2.988e-16,3.327e-16,1.120e-15
VectorFFT,3627,7.968e-16,9.925e-16,3.069e-15
MKL,3627,4.731e-16,5.358e-16,1.392e-15
VectorFFT,3628,6.218e-16,8.261e-16,1.557e-15
MKL,3628,4.869e-16,5.449e-16,1.503e-15
VectorFFT,3629,6.149e-16,7.575e-16,1.490e-15
MKL,3629,5.039e-16,5.544e-16,1.693e-15
VectorFFT,3630,5.635e-16,9.587e-16,2.048e-15
MKL,3630,2.952e-16,3.452e-16,1.019e-15
VectorFFT,3631,6.231e-16,7.513e-16,1.529e-15
MKL,3631,4.999e-16,5.412e-16,1.708e-15
VectorFFT,3632,6.275e-16,8.951e-16,1.515e-15
MKL,3632,4.872e-16,6.109e-16,1.462e-15
VectorFFT,3633,6.178e-16,9.069e-16,1.620e-15
MKL,3633,5.050e-16,4.947e-16,2.029e-15
VectorFFT,3634,6.285e-16,7.243e-16,1.569e-15
MKL,3634,3.313e-16,2.915e-16,1.124e-15
VectorFFT,3635,6.020e-16,9.080e-16,1.626e-15
MKL,3635,5.037e-16,7.162e-16,1.634e-15
VectorFFT,3636,6.203e-16,8.717e-16,1.573e-15
MKL,3636,3.203e-16,4.005e-16,1.080e-15
VectorFFT,3637,6.309e-16,8.738e-16,1.470e-15
MKL,3637,5.122e-16,4.682e-16,1.621e-15
VectorFFT,3638,6.186e-16,8.605e-16,1.770e-15
MKL,3638,3.470e-16,4.133e-16,1.141e-15
VectorFFT,3639,6.452e-16,7.242e-16,1.614e-15
MKL,3639,4.956e-16,4.957e-16,1.966e-15
VectorFFT,3640,5.043e-16,5.718e-16,1.803e-15
MKL,3640,2.811e-16,2.754e-16,8.557e-16
VectorFFT,3641,5.997e-16,7.725e-16,1.700e-15
MKL,3641,5.212e-16,5.889e-16,1.857e-15
VectorFFT,3642,6.223e-16,7.183e-16,1.688e-15
MKL,3642,5.041e-16,6.002e-16,1.712e-15
VectorFFT,3643,6.221e-16,9.227e-16,1.582e-15
MKL,3643,5.084e-16,5.666e-16,1.866e-15
VectorFFT,3644,6.124e-16,9.052e-16,1.689e-15
MKL,3644,5.095e-16,5.534e-16,1.754e-15
VectorFFT,3645,6.086e-16,7.715e-16,1.557e-15
MKL,3645,3.460e-16,4.133e-16,1.123e-15
VectorFFT,3646,6.216e-16,8.307e-16,1.582e-15
MKL,3646,4.894e-16,5.726e-16,1.836e-15
VectorFFT,3647,6.065e-16,6.843e-16,1.691e-15
MKL,3647,5.109e-16,5.138e-16,1.951e-15
VectorFFT,3648,4.860e-16,4.353e-16,1.206e-15
MKL,3648,2.586e-16,2.651e-16,8.855e-16
VectorFFT,3649,6.117e-16,9.032e-16,1.459e-15
MKL,3649,3.611e-16,4.169e-16,1.054e-15
VectorFFT,3650,6.254e-16,1.099e-15,1.615e-15
MKL,3650,3.187e-16,3.779e-16,1.061e-15
VectorFFT,3651,6.129e-16,9.707e-16,1.529e-15
MKL,3651,5.150e-16,5.083e-16,1.811e-15
VectorFFT,3652,6.209e-16,9.423e-16,1.573e-15
MKL,3652,3.029e-16,4.184e-16,1.106e-15
VectorFFT,3653,6.121e-16,8.104e-16,1.693e-15
MKL,3653,5.280e-16,5.651e-16,1.747e-15
VectorFFT,3654,5.967e-16,6.548e-16,1.868e-15
MKL,3654,2.813e-16,3.535e-16,8.322e-16
VectorFFT,3655,5.628e-16,6.053e-16,1.317e-15
MKL,3655,3.847e-16,4.237e-16,1.378e-15
VectorFFT,3656,6.093e-16,7.006e-16,1.572e-15
MKL,3656,4.958e-16,4.922e-16,1.773e-15
VectorFFT,3657,6.104e-16,7.428e-16,1.583e-15
MKL,3657,3.535e-16,3.457e-16,1.148e-15
VectorFFT,3658,6.169e-16,8.489e-16,1.812e-15
MKL,3658,3.061e-16,3.646e-16,1.101e-15
VectorFFT,3659,6.146e-16,6.905e-16,1.565e-15
MKL,3659,5.274e-16,5.722e-16,2.076e-15
VectorFFT,3660,5.981e-16,9.971e-16,1.746e-15
MKL,3660,2.969e-16,3.487e-16,9.428e-16
VectorFFT,3661,6.125e-16,8.427e-16,1.810e-15
MKL,3661,5.274e-16,6.397e-16,1.912e-15
VectorFFT,3662,6.129e-16,6.785e-16,1.563e-15
MKL,3662,4.986e-16,4.923e-16,2.000e-15
VectorFFT,3663,1.438e-15,2.164e-15,5.530e-15
MKL,3663,3.170e-16,2.859e-16,1.098e-15
VectorFFT,3664,6.321e-16,8.520e-16,1.537e-15
MKL,3664,5.077e-16,5.252e-16,1.743e-15
VectorFFT,3665,6.140e-16,8.128e-16,1.495e-15
MKL,3665,4.976e-16,5.299e-16,1.629e-15
VectorFFT,3666,6.099e-16,6.638e-16,1.762e-15
MKL,3666,3.210e-16,4.097e-16,1.012e-15
VectorFFT,3667,6.187e-16,8.553e-16,1.547e-15
MKL,3667,4.978e-16,5.716e-16,1.992e-15
VectorFFT,3668,6.272e-16,7.642e-16,1.623e-15
MKL,3668,3.424e-16,3.720e-16,1.242e-15
VectorFFT,3669,6.177e-16,7.692e-16,1.660e-15
MKL,3669,4.991e-16,5.123e-16,1.796e-15
VectorFFT,3670,6.076e-16,9.086e-16,1.657e-15
MKL,3670,4.956e-16,5.028e-16,1.798e-15
VectorFFT,3671,6.170e-16,8.269e-16,1.598e-15
MKL,3671,5.105e-16,5.969e-16,1.709e-15
VectorFFT,3672,6.018e-16,7.645e-16,1.480e-15
MKL,3672,2.659e-16,2.865e-16,7.611e-16
VectorFFT,3673,6.084e-16,7.864e-16,1.519e-15
MKL,3673,5.300e-16,6.684e-16,1.843e-15
VectorFFT,3674,6.052e-16,1.002e-15,1.631e-15
MKL,3674,5.024e-16,6.734e-16,1.715e-15
VectorFFT,3675,4.760e-16,5.569e-16,1.294e-15
MKL,3675,4.024e-16,4.661e-16,1.219e-15
VectorFFT,3676,6.295e-16,9.536e-16,1.939e-15
MKL,3676,5.005e-16,5.570e-16,1.571e-15
VectorFFT,3677,6.235e-16,8.232e-16,1.643e-15
MKL,3677,5.162e-16,6.004e-16,1.720e-15
VectorFFT,3678,6.097e-16,6.604e-16,1.504e-15
MKL,3678,5.014e-16,4.512e-16,1.833e-15
VectorFFT,3679,6.101e-16,8.569e-16,1.550e-15
MKL,3679,5.040e-16,5.767e-16,1.702e-15
VectorFFT,3680,4.879e-16,6.044e-16,1.732e-15
MKL,3680,2.615e-16,3.363e-16,9.408e-16
VectorFFT,3681,6.276e-16,1.059e-15,1.685e-15
MKL,3681,4.998e-16,5.695e-16,1.825e-15
VectorFFT,3682,6.109e-16,7.939e-16,1.658e-15
MKL,3682,5.177e-16,5.879e-16,2.028e-15
VectorFFT,3683,6.171e-16,6.290e-16,1.473e-15
MKL,3683,5.130e-16,4.273e-16,1.888e-15
VectorFFT,3684,6.240e-16,7.755e-16,1.701e-15
MKL,3684,5.017e-16,4.904e-16,1.511e-15
VectorFFT,3685,6.026e-16,8.259e-16,1.677e-15
MKL,3685,3.304e-16,3.727e-16,1.054e-15
VectorFFT,3686,6.217e-16,7.276e-16,1.486e-15
MKL,3686,3.347e-16,4.347e-16,1.127e-15
VectorFFT,3687,6.189e-16,8.377e-16,1.700e-15
MKL,3687,5.132e-16,5.143e-16,1.713e-15
VectorFFT,3688,6.154e-16,1.083e-15,1.711e-15
MKL,3688,5.068e-16,5.571e-16,1.760e-15
VectorFFT,3689,5.819e-16,6.605e-16,1.716e-15
MKL,3689,3.462e-16,3.524e-16,1.167e-15
VectorFFT,3690,4.877e-16,5.671e-16,1.272e-15
MKL,3690,2.979e-16,3.371e-16,1.082e-15
VectorFFT,3691,6.071e-16,7.381e-16,1.388e-15
MKL,3691,5.103e-16,6.181e-16,1.739e-15
VectorFFT,3692,6.138e-16,8.604e-16,1.384e-15
MKL,3692,2.990e-16,4.084e-16,1.056e-15
VectorFFT,3693,6.226e-16,7.770e-16,1.453e-15
MKL,3693,5.055e-16,4.725e-16,1.743e-15
VectorFFT,3694,6.174e-16,7.442e-16,1.646e-15
MKL,3694,5.052e-16,5.367e-16,1.548e-15
VectorFFT,3695,6.200e-16,8.883e-16,1.716e-15
MKL,3695,4.964e-16,5.665e-16,1.518e-15
VectorFFT,3696,4.514e-16,5.697e-16,1.460e-15
MKL,3696,2.614e-16,2.943e-16,8.114e-16
VectorFFT,3697,6.263e-16,7.278e-16,1.665e-15
MKL,3697,5.022e-16,5.674e-16,1.992e-15
VectorFFT,3698,1.473e-15,2.273e-15,6.688e-15
MKL,3698,3.107e-16,4.505e-16,1.133e-15
VectorFFT,3699,6.173e-16,8.089e-16,1.519e-15
MKL,3699,5.157e-16,4.711e-16,1.579e-15
VectorFFT,3700,4.663e-16,5.659e-16,1.583e-15
MKL,3700,2.939e-16,2.924e-16,1.212e-15
VectorFFT,3701,6.157e-16,6.429e-16,1.596e-15
MKL,3701,5.168e-16,5.142e-16,1.848e-15
VectorFFT,3702,6.242e-16,7.265e-16,1.493e-15
MKL,3702,5.005e-16,5.533e-16,1.805e-15
VectorFFT,3703,5.546e-16,4.673e-16,1.412e-15
MKL,3703,4.076e-16,3.075e-16,1.750e-15
VectorFFT,3704,6.260e-16,8.938e-16,1.602e-15
MKL,3704,4.991e-16,5.843e-16,1.540e-15
VectorFFT,3705,5.744e-16,7.236e-16,1.545e-15
MKL,3705,3.311e-16,3.698e-16,1.038e-15
VectorFFT,3706,6.155e-16,1.043e-15,1.373e-15
MKL,3706,3.760e-16,4.472e-16,1.457e-15
VectorFFT,3707,6.176e-16,8.526e-16,1.494e-15
MKL,3707,5.062e-16,5.128e-16,1.805e-15
VectorFFT,3708,6.198e-16,7.965e-16,1.692e-15
MKL,3708,3.233e-16,3.612e-16,1.211e-15
VectorFFT,3709,6.149e-16,6.658e-16,1.671e-15
MKL,3709,5.110e-16,5.745e-16,1.754e-15
VectorFFT,3710,6.091e-16,7.826e-16,1.572e-15
MKL,3710,3.252e-16,3.728e-16,1.065e-15
VectorFFT,3711,6.238e-16,9.066e-16,1.571e-15
MKL,3711,5.035e-16,5.197e-16,2.159e-15
VectorFFT,3712,5.413e-16,7.227e-16,2.122e-15
MKL,3712,2.517e-16,2.607e-16,9.078e-16
VectorFFT,3713,6.108e-16,6.501e-16,1.554e-15
MKL,3713,3.431e-16,3.250e-16,1.059e-15
VectorFFT,3714,6.367e-16,8.786e-16,1.649e-15
MKL,3714,5.031e-16,5.804e-16,1.721e-15
VectorFFT,3715,6.286e-16,9.073e-16,1.741e-15
MKL,3715,5.086e-16,4.832e-16,1.867e-15
VectorFFT,3716,6.270e-16,8.254e-16,1.568e-15
MKL,3716,4.993e-16,5.108e-16,1.848e-15
VectorFFT,3717,6.139e-16,5.630e-16,1.450e-15
MKL,3717,3.866e-16,3.067e-16,1.237e-15
VectorFFT,3718,7.434e-16,1.046e-15,2.253e-15
MKL,3718,2.838e-16,2.935e-16,9.368e-16
VectorFFT,3719,6.228e-16,8.664e-16,1.573e-15
MKL,3719,5.147e-16,6.211e-16,1.556e-15
VectorFFT,3720,5.464e-16,6.191e-16,1.414e-15
MKL,3720,2.770e-16,2.775e-16,8.750e-16
VectorFFT,3721,6.082e-16,7.917e-16,1.464e-15
MKL,3721,3.473e-16,3.537e-16,1.333e-15
VectorFFT,3722,6.260e-16,9.929e-16,1.591e-15
MKL,3722,5.093e-16,6.795e-16,1.697e-15
VectorFFT,3723,6.112e-16,9.306e-16,1.747e-15
MKL,3723,3.273e-16,3.520e-16,1.348e-15
VectorFFT,3724,5.717e-16,8.328e-16,1.822e-15
MKL,3724,2.845e-16,3.177e-16,1.040e-15
VectorFFT,3725,6.106e-16,8.151e-16,1.689e-15
MKL,3725,5.106e-16,5.109e-16,1.871e-15
VectorFFT,3726,6.165e-16,5.422e-16,1.503e-15
MKL,3726,3.097e-16,3.094e-16,9.953e-16
VectorFFT,3727,6.086e-16,7.407e-16,1.583e-15
MKL,3727,5.126e-16,5.960e-16,1.579e-15
VectorFFT,3728,6.387e-16,9.137e-16,1.777e-15
MKL,3728,5.051e-16,5.166e-16,1.866e-15
VectorFFT,3729,6.030e-16,8.139e-16,1.594e-15
MKL,3729,5.223e-16,5.165e-16,1.795e-15
VectorFFT,3730,6.248e-16,6.738e-16,1.657e-15
MKL,3730,4.976e-16,4.647e-16,1.596e-15
VectorFFT,3731,5.127e-16,6.226e-16,1.495e-15
MKL,3731,4.142e-16,4.883e-16,1.436e-15
VectorFFT,3732,6.120e-16,8.557e-16,1.499e-15
MKL,3732,4.996e-16,6.224e-16,2.022e-15
VectorFFT,3733,6.212e-16,7.949e-16,1.525e-15
MKL,3733,5.046e-16,5.801e-16,1.680e-15
VectorFFT,3734,6.101e-16,9.193e-16,1.536e-15
MKL,3734,4.987e-16,5.967e-16,1.728e-15
VectorFFT,3735,6.232e-16,9.427e-16,1.494e-15
MKL,3735,3.466e-16,3.753e-16,1.119e-15
VectorFFT,3736,6.033e-16,7.362e-16,1.623e-15
MKL,3736,5.127e-16,5.370e-16,1.545e-15
VectorFFT,3737,6.201e-16,8.572e-16,1.677e-15
MKL,3737,5.135e-16,5.517e-16,1.834e-15
VectorFFT,3738,5.992e-16,7.598e-16,1.603e-15
MKL,3738,3.285e-16,3.721e-16,1.342e-15
VectorFFT,3739,6.204e-16,8.553e-16,1.512e-15
MKL,3739,5.133e-16,5.634e-16,1.809e-15
VectorFFT,3740,5.496e-16,5.375e-16,2.143e-15
MKL,3740,2.810e-16,2.652e-16,8.731e-16
VectorFFT,3741,1.667e-15,3.770e-15,8.430e-15
MKL,3741,3.687e-16,3.337e-16,1.217e-15
VectorFFT,3742,6.125e-16,7.656e-16,1.561e-15
MKL,3742,5.063e-16,5.195e-16,1.827e-15
VectorFFT,3743,6.150e-16,9.469e-16,1.541e-15
MKL,3743,5.224e-16,5.754e-16,1.756e-15
VectorFFT,3744,5.334e-16,8.006e-16,1.299e-15
MKL,3744,2.629e-16,2.995e-16,7.696e-16
VectorFFT,3745,6.192e-16,8.649e-16,1.685e-15
MKL,3745,5.193e-16,5.212e-16,1.948e-15
VectorFFT,3746,6.276e-16,7.796e-16,1.439e-15
MKL,3746,5.085e-16,6.230e-16,1.911e-15
VectorFFT,3747,6.272e-16,7.006e-16,1.546e-15
MKL,3747,5.095e-16,6.217e-16,1.770e-15
VectorFFT,3748,6.060e-16,7.906e-16,1.693e-15
MKL,3748,4.975e-16,5.870e-16,1.597e-15
VectorFFT,3749,6.262e-16,9.079e-16,1.769e-15
MKL,3749,4.992e-16,5.495e-16,1.833e-15
VectorFFT,3750,5.070e-16,5.803e-16,1.281e-15
MKL,3750,3.450e-16,3.347e-16,1.223e-15
VectorFFT,3751,6.375e-16,8.192e-16,2.306e-15
MKL,3751,3.023e-16,2.807e-16,9.648e-16
VectorFFT,3752,5.980e-16,9.287e-16,1.859e-15
MKL,3752,2.925e-16,3.395e-16,9.705e-16
VectorFFT,3753,6.061e-16,7.491e-16,1.623e-15
MKL,3753,5.167e-16,5.265e-16,1.903e-15
VectorFFT,3754,6.217e-16,1.035e-15,1.573e-15
MKL,3754,4.994e-16,6.274e-16,1.743e-15
VectorFFT,3755,6.241e-16,8.731e-16,1.557e-15
MKL,3755,5.031e-16,7.104e-16,2.026e-15
VectorFFT,3756,6.156e-16,7.705e-16,1.630e-15
MKL,3756,5.021e-16,5.037e-16,1.789e-15
VectorFFT,3757,6.871e-16,8.432e-16,2.142e-15
MKL,3757,3.038e-16,3.348e-16,9.622e-16
VectorFFT,3758,6.093e-16,7.828e-16,1.450e-15
MKL,3758,5.048e-16,4.979e-16,2.020e-15
VectorFFT,3759,6.198e-16,7.483e-16,1.418e-15
MKL,3759,5.121e-16,5.880e-16,1.809e-15
VectorFFT,3760,4.612e-16,7.122e-16,1.150e-15
MKL,3760,2.814e-16,3.179e-16,9.308e-16
VectorFFT,3761,6.238e-16,7.635e-16,1.447e-15
MKL,3761,4.922e-16,5.706e-16,1.716e-15
VectorFFT,3762,6.971e-16,9.044e-16,2.435e-15
MKL,3762,2.930e-16,3.084e-16,1.077e-15
VectorFFT,3763,6.332e-16,7.383e-16,1.443e-15
MKL,3763,3.570e-16,3.678e-16,1.203e-15
VectorFFT,3764,6.384e-16,9.974e-16,1.897e-15
MKL,3764,5.069e-16,5.241e-16,1.660e-15
VectorFFT,3765,6.181e-16,9.723e-16,1.624e-15
MKL,3765,5.132e-16,6.145e-16,1.801e-15
VectorFFT,3766,6.130e-16,6.995e-16,1.611e-15
MKL,3766,5.105e-16,5.673e-16,1.993e-15
VectorFFT,3767,6.196e-16,6.743e-16,1.863e-15
MKL,3767,5.196e-16,5.157e-16,1.631e-15
VectorFFT,3768,6.048e-16,8.027e-16,1.784e-15
MKL,3768,4.923e-16,5.719e-16,1.986e-15
VectorFFT,3769,6.237e-16,1.055e-15,1.736e-15
MKL,3769,4.973e-16,5.691e-16,1.830e-15
VectorFFT,3770,5.612e-16,6.865e-16,1.535e-15
MKL,3770,3.109e-16,3.585e-16,1.032e-15
VectorFFT,3771,6.291e-16,8.448e-16,1.564e-15
MKL,3771,5.159e-16,5.342e-16,1.780e-15
VectorFFT,3772,9.654e-16,1.662e-15,4.242e-15
MKL,3772,2.720e-16,2.872e-16,8.731e-16
VectorFFT,3773,5.167e-16,7.943e-16,1.598e-15
MKL,3773,4.092e-16,4.729e-16,1.424e-15
VectorFFT,3774,5.933e-16,7.664e-16,1.418e-15
MKL,3774,2.819e-16,4.443e-16,9.429e-16
VectorFFT,3775,6.336e-16,6.884e-16,1.767e-15
MKL,3775,5.123e-16,5.551e-16,1.809e-15
VectorFFT,3776,6.033e-16,7.612e-16,1.616e-15
MKL,3776,2.788e-16,2.520e-16,9.584e-16
VectorFFT,3777,6.273e-16,6.991e-16,1.491e-15
MKL,3777,5.169e-16,5.524e-16,1.563e-15
VectorFFT,3778,6.318e-16,7.943e-16,1.456e-15
MKL,3778,5.066e-16,6.920e-16,1.748e-15
VectorFFT,3779,6.274e-16,9.553e-16,1.652e-15
MKL,3779,5.227e-16,6.955e-16,1.832e-15
VectorFFT,3780,5.738e-16,6.718e-16,1.439e-15
MKL,3780,2.920e-16,2.761e-16,9.146e-16
VectorFFT,3781,6.293e-16,8.057e-16,1.478e-15
MKL,3781,5.012e-16,5.351e-16,1.947e-15
VectorFFT,3782,6.153e-16,8.140e-16,1.913e-15
MKL,3782,3.239e-16,3.943e-16,1.317e-15
VectorFFT,3783,6.271e-16,7.259e-16,1.568e-15
MKL,3783,5.091e-16,4.900e-16,1.969e-15
VectorFFT,3784,4.836e-16,7.890e-16,1.165e-15
MKL,3784,2.827e-16,3.217e-16,1.042e-15
VectorFFT,3785,6.135e-16,8.251e-16,1.411e-15
MKL,3785,5.099e-16,4.534e-16,1.633e-15
VectorFFT,3786,6.197e-16,8.349e-16,1.506e-15
MKL,3786,5.063e-16,5.559e-16,1.572e-15
VectorFFT,3787,6.341e-16,8.598e-16,1.509e-15
MKL,3787,5.052e-16,5.064e-16,1.748e-15
VectorFFT,3788,6.207e-16,9.266e-16,1.656e-15
MKL,3788,5.037e-16,5.288e-16,1.851e-15
VectorFFT,3789,6.108e-16,7.868e-16,1.672e-15
MKL,3789,5.061e-16,5.102e-16,1.765e-15
VectorFFT,3790,6.087e-16,7.839e-16,1.473e-15
MKL,3790,5.055e-16,5.815e-16,1.733e-15
VectorFFT,3791,6.066e-16,7.491e-16,1.573e-15
MKL,3791,5.071e-16,5.872e-16,1.647e-15
VectorFFT,3792,6.212e-16,5.946e-16,1.575e-15
MKL,3792,3.013e-16,4.804e-16,1.027e-15
VectorFFT,3793,6.357e-16,8.660e-16,1.888e-15
MKL,3793,5.048e-16,5.449e-16,1.569e-15
VectorFFT,3794,6.294e-16,9.144e-16,1.560e-15
MKL,3794,5.009e-16,5.254e-16,1.763e-15
VectorFFT,3795,5.421e-16,6.313e-16,1.384e-15
MKL,3795,4.100e-16,3.996e-16,1.533e-15
VectorFFT,3796,6.106e-16,5.802e-16,1.787e-15
MKL,3796,3.133e-16,3.228e-16,9.609e-16
VectorFFT,3797,6.339e-16,7.645e-16,1.677e-15
MKL,3797,5.107e-16,5.036e-16,1.927e-15
VectorFFT,3798,6.200e-16,7.357e-16,1.535e-15
MKL,3798,4.940e-16,5.670e-16,1.752e-15
VectorFFT,3799,6.163e-16,7.787e-16,1.537e-15
MKL,3799,5.131e-16,5.654e-16,1.742e-15
VectorFFT,3800,5.289e-16,6.093e-16,1.862e-15
MKL,3800,2.839e-16,2.764e-16,9.032e-16
VectorFFT,3801,6.250e-16,6.995e-16,1.464e-15
MKL,3801,5.191e-16,5.130e-16,2.452e-15
VectorFFT,3802,6.158e-16,8.029e-16,1.708e-15
MKL,3802,5.087e-16,6.010e-16,1.806e-15
VectorFFT,3803,6.286e-16,7.980e-16,1.517e-15
MKL,3803,5.025e-16,5.704e-16,1.694e-15
VectorFFT,3804,6.149e-16,1.025e-15,1.548e-15
MKL,3804,5.021e-16,4.901e-16,1.921e-15
VectorFFT,3805,6.268e-16,8.434e-16,1.606e-15
MKL,3805,5.281e-16,6.547e-16,1.796e-15
VectorFFT,3806,6.057e-16,8.098e-16,1.794e-15
MKL,3806,5.018e-16,5.417e-16,2.117e-15
VectorFFT,3807,5.730e-16,7.108e-16,1.483e-15
MKL,3807,3.374e-16,3.700e-16,1.060e-15
VectorFFT,3808,5.236e-16,6.649e-16,1.193e-15
MKL,3808,2.560e-16,2.597e-16,8.353e-16
VectorFFT,3809,6.180e-16,7.925e-16,1.815e-15
MKL,3809,5.144e-16,5.946e-16,1.828e-15
VectorFFT,3810,6.123e-16,8.400e-16,1.798e-15
MKL,3810,3.727e-16,5.167e-16,1.461e-15
VectorFFT,3811,6.213e-16,6.843e-16,1.735e-15
MKL,3811,5.242e-16,4.235e-16,1.878e-15
VectorFFT,3812,6.258e-16,7.852e-16,1.556e-15
MKL,3812,5.066e-16,5.624e-16,1.747e-15
VectorFFT,3813,1.065e-15,1.988e-15,4.160e-15
MKL,3813,3.270e-16,3.541e-16,1.128e-15
VectorFFT,3814,6.250e-16,9.890e-16,1.418e-15
MKL,3814,5.010e-16,5.659e-16,1.713e-15
VectorFFT,3815,6.203e-16,7.597e-16,1.581e-15
MKL,3815,5.302e-16,6.521e-16,1.823e-15
VectorFFT,3816,6.113e-16,6.598e-16,1.564e-15
MKL,3816,2.812e-16,3.569e-16,8.516e-16
VectorFFT,3817,6.186e-16,8.727e-16,1.719e-15
MKL,3817,5.122e-16,5.927e-16,1.934e-15
VectorFFT,3818,6.216e-16,8.775e-16,1.749e-15
MKL,3818,3.224e-16,3.803e-16,1.126e-15
VectorFFT,3819,6.197e-16,9.706e-16,1.567e-15
MKL,3819,3.476e-16,3.775e-16,1.027e-15
VectorFFT,3820,6.259e-16,6.594e-16,1.600e-15
MKL,3820,5.039e-16,5.585e-16,1.725e-15
VectorFFT,3821,6.244e-16,7.590e-16,1.559e-15
MKL,3821,5.095e-16,4.990e-16,1.770e-15
VectorFFT,3822,5.634e-16,8.069e-16,1.991e-15
MKL,3822,2.984e-16,4.275e-16,1.031e-15
VectorFFT,3823,6.159e-16,6.209e-16,1.483e-15
MKL,3823,5.351e-16,4.636e-16,2.110e-15
VectorFFT,3824,6.146e-16,8.991e-16,1.411e-15
MKL,3824,5.004e-16,5.391e-16,1.748e-15
VectorFFT,3825,6.376e-16,7.253e-16,1.778e-15
MKL,3825,4.387e-16,5.067e-16,1.242e-15
VectorFFT,3826,6.241e-16,7.254e-16,1.804e-15
MKL,3826,5.077e-16,6.440e-16,1.650e-15
VectorFFT,3827,6.291e-16,8.206e-16,1.673e-15
MKL,3827,3.720e-16,3.870e-16,1.273e-15
VectorFFT,3828,5.238e-16,6.221e-16,1.465e-15
MKL,3828,2.698e-16,2.971e-16,8.759e-16
VectorFFT,3829,6.199e-16,9.780e-16,1.496e-15
MKL,3829,5.032e-16,5.914e-16,1.515e-15
VectorFFT,3830,6.362e-16,7.486e-16,1.441e-15
MKL,3830,5.155e-16,4.911e-16,1.811e-15
VectorFFT,3831,6.195e-16,9.155e-16,1.656e-15
MKL,3831,5.134e-16,6.027e-16,1.798e-15
VectorFFT,3832,6.258e-16,7.910e-16,1.532e-15
MKL,3832,5.067e-16,5.164e-16,1.895e-15
VectorFFT,3833,6.202e-16,7.104e-16,1.915e-15
MKL,3833,5.217e-16,4.863e-16,1.848e-15
VectorFFT,3834,6.117e-16,6.603e-16,1.825e-15
MKL,3834,3.303e-16,3.620e-16,1.233e-15
VectorFFT,3835,6.223e-16,8.391e-16,1.563e-15
MKL,3835,3.611e-16,3.838e-16,1.376e-15
VectorFFT,3836,6.260e-16,7.305e-16,1.601e-15
MKL,3836,3.423e-16,3.838e-16,1.189e-15
VectorFFT,3837,6.243e-16,8.021e-16,1.833e-15
MKL,3837,5.151e-16,5.280e-16,1.728e-15
VectorFFT,3838,6.403e-16,8.615e-16,1.581e-15
MKL,3838,3.323e-16,4.307e-16,1.277e-15
VectorFFT,3839,6.110e-16,8.165e-16,1.724e-15
MKL,3839,5.272e-16,5.987e-16,1.758e-15
VectorFFT,3840,3.812e-16,4.363e-16,1.192e-15
MKL,3840,2.673e-16,2.665e-16,9.129e-16
VectorFFT,3841,6.294e-16,8.763e-16,1.695e-15
MKL,3841,5.041e-16,6.602e-16,1.883e-15
VectorFFT,3842,6.271e-16,6.803e-16,1.697e-15
MKL,3842,3.880e-16,5.196e-16,1.253e-15
VectorFFT,3843,6.236e-16,8.924e-16,1.775e-15
MKL,3843,3.456e-16,4.196e-16,1.065e-15
VectorFFT,3844,5.758e-16,5.882e-16,1.704e-15
MKL,3844,2.937e-16,2.815e-16,1.003e-15
VectorFFT,3845,6.288e-16,7.187e-16,1.700e-15
MKL,3845,5.029e-16,4.876e-16,1.663e-15
VectorFFT,3846,6.206e-16,7.251e-16,1.778e-15
MKL,3846,5.127e-16,6.225e-16,1.567e-15
VectorFFT,3847,6.226e-16,8.563e-16,1.491e-15
MKL,3847,4.973e-16,5.777e-16,1.900e-15
VectorFFT,3848,5.204e-16,5.887e-16,1.652e-15
MKL,3848,2.737e-16,3.293e-16,8.543e-16
VectorFFT,3849,6.365e-16,8.286e-16,1.733e-15
MKL,3849,5.064e-16,5.189e-16,1.602e-15
VectorFFT,3850,4.703e-16,6.055e-16,1.423e-15
MKL,3850,2.899e-16,3.456e-16,1.016e-15
VectorFFT,3851,6.186e-16,7.415e-16,1.700e-15
MKL,3851,5.204e-16,4.738e-16,1.873e-15
VectorFFT,3852,6.183e-16,7.391e-16,1.500e-15
MKL,3852,3.241e-16,4.127e-16,1.056e-15
VectorFFT,3853,6.331e-16,8.019e-16,1.480e-15
MKL,3853,5.369e-16,5.971e-16,2.124e-15
VectorFFT,3854,6.213e-16,7.494e-16,1.519e-15
MKL,3854,3.195e-16,3.854e-16,1.089e-15
VectorFFT,3855,6.245e-16,9.128e-16,1.643e-15
MKL,3855,5.063e-16,5.455e-16,1.707e-15
VectorFFT,3856,6.013e-16,8.502e-16,1.645e-15
MKL,3856,5.017e-16,5.347e-16,2.066e-15
VectorFFT,3857,5.088e-16,4.787e-16,1.502e-15
MKL,3857,3.284e-16,3.944e-16,1.037e-15
VectorFFT,3858,6.340e-16,9.451e-16,1.512e-15
MKL,3858,4.998e-16,5.347e-16,1.902e-15
VectorFFT,3859,6.296e-16,8.966e-16,1.755e-15
MKL,3859,5.019e-16,6.211e-16,2.098e-15
VectorFFT,3860,6.092e-16,7.777e-16,1.495e-15
MKL,3860,5.250e-16,5.616e-16,1.828e-15
VectorFFT,3861,7.574e-16,1.165e-15,2.617e-15
MKL,3861,4.292e-16,5.580e-16,1.264e-15
VectorFFT,3862,6.228e-16,9.788e-16,1.714e-15
MKL,3862,5.096e-16,5.007e-16,1.807e-15
VectorFFT,3863,6.139e-16,7.175e-16,1.665e-15
MKL,3863,5.099e-16,5.826e-16,1.785e-15
VectorFFT,3864,5.867e-16,7.194e-16,1.771e-15
MKL,3864,2.700e-16,2.739e-16,9.969e-16
VectorFFT,3865,6.222e-16,8.800e-16,1.491e-15
MKL,3865,5.302e-16,6.035e-16,2.275e-15
VectorFFT,3866,6.213e-16,7.652e-16,1.559e-15
MKL,3866,4.932e-16,5.012e-16,1.949e-15
VectorFFT,3867,6.188e-16,1.175e-15,1.951e-15
MKL,3867,5.117e-16,5.939e-16,1.763e-15
VectorFFT,3868,6.053e-16,7.738e-16,1.592e-15
MKL,3868,5.117e-16,6.030e-16,1.587e-15
VectorFFT,3869,6.168e-16,8.099e-16,1.608e-15
MKL,3869,3.672e-16,3.991e-16,1.333e-15
VectorFFT,3870,5.257e-16,6.215e-16,1.518e-15
MKL,3870,3.022e-16,4.305e-16,1.071e-15
VectorFFT,3871,6.379e-16,8.564e-16,1.965e-15
MKL,3871,3.439e-16,3.344e-16,1.128e-15
VectorFFT,3872,4.205e-16,5.115e-16,1.202e-15
MKL,3872,2.539e-16,2.896e-16,7.845e-16
VectorFFT,3873,6.394e-16,8.120e-16,1.791e-15
MKL,3873,5.168e-16,5.887e-16,1.836e-15
VectorFFT,3874,6.215e-16,9.924e-16,1.950e-15
MKL,3874,3.789e-16,6.487e-16,1.285e-15
VectorFFT,3875,5.080e-16,6.190e-16,1.502e-15
MKL,3875,4.944e-16,4.744e-16,1.763e-15
VectorFFT,3876,5.686e-16,5.924e-16,1.460e-15
MKL,3876,2.782e-16,3.208e-16,1.219e-15
VectorFFT,3877,6.240e-16,1.005e-15,1.711e-15
MKL,3877,5.131e-16,4.478e-16,1.473e-15
VectorFFT,3878,6.181e-16,7.848e-16,1.544e-15
MKL,3878,5.039e-16,4.899e-16,1.583e-15
VectorFFT,3879,6.104e-16,7.639e-16,1.501e-15
MKL,3879,5.162e-16,6.044e-16,1.912e-15
VectorFFT,3880,6.363e-16,7.990e-16,1.464e-15
MKL,3880,3.313e-16,3.876e-16,1.208e-15
VectorFFT,3881,6.184e-16,6.680e-16,1.590e-15
MKL,3881,4.990e-16,5.110e-16,1.740e-15
VectorFFT,3882,6.281e-16,8.182e-16,1.681e-15
MKL,3882,5.103e-16,5.392e-16,1.644e-15
VectorFFT,3883,6.145e-16,8.475e-16,1.640e-15
MKL,3883,5.220e-16,5.032e-16,1.683e-15
VectorFFT,3884,6.705e-16,8.617e-16,1.745e-15
MKL,3884,5.073e-16,6.091e-16,1.979e-15
VectorFFT,3885,5.126e-16,7.577e-16,1.408e-15
MKL,3885,3.306e-16,3.810e-16,1.201e-15
VectorFFT,3886,6.170e-16,1.010e-15,1.748e-15
MKL,3886,3.166e-16,4.455e-16,1.018e-15
VectorFFT,3887,7.641e-16,1.174e-15,2.621e-15
MKL,3887,3.109e-16,3.725e-16,1.055e-15
VectorFFT,3888,4.388e-16,5.258e-16,1.557e-15
MKL,3888,2.824e-16,3.108e-16,9.135e-16
VectorFFT,3889,8.091e-16,1.264e-15,2.523e-15
MKL,3889,5.101e-16,6.680e-16,2.022e-15
VectorFFT,3890,6.183e-16,8.403e-16,1.653e-15
MKL,3890,5.076e-16,5.341e-16,1.673e-15
VectorFFT,3891,6.274e-16,8.946e-16,1.912e-15
MKL,3891,5.192e-16,5.855e-16,1.712e-15
VectorFFT,3892,6.291e-16,7.115e-16,1.925e-15
MKL,3892,3.448e-16,4.851e-16,1.131e-15
VectorFFT,3893,6.164e-16,6.492e-16,1.650e-15
MKL,3893,5.198e-16,4.910e-16,1.963e-15
VectorFFT,3894,6.038e-16,6.348e-16,1.612e-15
MKL,3894,2.999e-16,2.921e-16,9.968e-16
VectorFFT,3895,4.792e-16,5.047e-16,1.284e-15
MKL,3895,3.549e-16,3.726e-16,1.171e-15
VectorFFT,3896,6.287e-16,8.173e-16,1.516e-15
MKL,3896,5.154e-16,5.662e-16,1.843e-15
VectorFFT,3897,6.242e-16,8.554e-16,1.636e-15
MKL,3897,5.077e-16,5.432e-16,1.795e-15
VectorFFT,3898,6.183e-16,7.483e-16,1.588e-15
MKL,3898,5.110e-16,5.509e-16,1.673e-15
VectorFFT,3899,6.303e-16,7.657e-16,1.591e-15
MKL,3899,5.216e-16,5.436e-16,1.698e-15
VectorFFT,3900,5.972e-16,6.930e-16,1.741e-15
MKL,3900,2.924e-16,3.053e-16,9.500e-16
VectorFFT,3901,6.252e-16,9.074e-16,1.571e-15
MKL,3901,3.562e-16,4.419e-16,1.276e-15
VectorFFT,3902,6.125e-16,6.989e-16,1.706e-15
MKL,3902,5.094e-16,5.134e-16,1.769e-15
VectorFFT,3903,6.235e-16,7.783e-16,1.473e-15
MKL,3903,5.239e-16,6.869e-16,1.909e-15
VectorFFT,3904,6.197e-16,7.611e-16,1.665e-15
MKL,3904,2.816e-16,3.821e-16,9.402e-16
VectorFFT,3905,6.104e-16,8.126e-16,1.588e-15
MKL,3905,3.357e-16,3.337e-16,1.358e-15
VectorFFT,3906,5.585e-16,5.700e-16,1.797e-15
MKL,3906,2.859e-16,2.781e-16,9.130e-16
VectorFFT,3907,6.345e-16,1.081e-15,1.501e-15
MKL,3907,5.187e-16,5.553e-16,1.946e-15
VectorFFT,3908,6.143e-16,9.178e-16,1.701e-15
MKL,3908,5.068e-16,6.425e-16,1.948e-15
VectorFFT,3909,6.181e-16,9.552e-16,1.839e-15
MKL,3909,5.088e-16,5.915e-16,2.173e-15
VectorFFT,3910,5.861e-16,6.423e-16,1.594e-15
MKL,3910,3.190e-16,3.497e-16,1.194e-15
VectorFFT,3911,6.199e-16,8.002e-16,1.805e-15
MKL,3911,5.164e-16,6.938e-16,1.864e-15
VectorFFT,3912,6.256e-16,7.535e-16,1.636e-15
MKL,3912,5.160e-16,5.021e-16,1.686e-15
VectorFFT,3913,5.443e-16,5.767e-16,1.585e-15
MKL,3913,3.570e-16,3.967e-16,1.080e-15
VectorFFT,3914,6.238e-16,8.782e-16,1.665e-15
MKL,3914,3.406e-16,4.071e-16,1.100e-15
VectorFFT,3915,5.800e-16,7.925e-16,2.117e-15
MKL,3915,3.378e-16,4.906e-16,1.105e-15
VectorFFT,3916,6.057e-16,8.367e-16,1.699e-15
MKL,3916,3.160e-16,4.614e-16,1.094e-15
VectorFFT,3917,6.232e-16,1.017e-15,1.675e-15
MKL,3917,5.450e-16,6.374e-16,1.727e-15
VectorFFT,3918,6.220e-16,7.170e-16,1.594e-15
MKL,3918,5.130e-16,4.950e-16,2.024e-15
VectorFFT,3919,6.140e-16,8.956e-16,1.860e-15
MKL,3919,5.274e-16,5.399e-16,1.836e-15
VectorFFT,3920,3.447e-16,4.532e-16,1.110e-15
MKL,3920,2.762e-16,2.970e-16,9.018e-16
VectorFFT,3921,6.167e-16,7.995e-16,1.747e-15
MKL,3921,5.196e-16,5.263e-16,1.737e-15
VectorFFT,3922,6.225e-16,7.632e-16,1.681e-15
MKL,3922,3.316e-16,3.843e-16,1.240e-15
VectorFFT,3923,6.232e-16,7.225e-16,1.776e-15
MKL,3923,5.218e-16,5.697e-16,1.817e-15
VectorFFT,3924,6.152e-16,6.730e-16,1.639e-15
MKL,3924,3.286e-16,4.323e-16,1.097e-15
VectorFFT,3925,6.291e-16,8.423e-16,1.633e-15
MKL,3925,5.053e-16,6.325e-16,1.873e-15
VectorFFT,3926,6.461e-16,8.431e-16,1.608e-15
MKL,3926,5.102e-16,5.100e-16,1.621e-15
VectorFFT,3927,5.769e-16,6.893e-16,1.574e-15
MKL,3927,3.061e-16,3.482e-16,1.028e-15
VectorFFT,3928,6.291e-16,8.584e-16,1.434e-15
MKL,3928,5.168e-16,5.438e-16,1.999e-15
VectorFFT,3929,6.274e-16,9.134e-16,1.846e-15
MKL,3929,5.119e-16,5.599e-16,1.738e-15
VectorFFT,3930,6.316e-16,8.735e-16,1.862e-15
MKL,3930,3.541e-16,4.617e-16,1.510e-15
VectorFFT,3931,6.224e-16,5.876e-16,1.470e-15
MKL,3931,5.164e-16,4.556e-16,1.857e-15
VectorFFT,3932,6.140e-16,8.112e-16,1.747e-15
MKL,3932,5.113e-16,5.317e-16,1.690e-15
VectorFFT,3933,5.736e-16,6.757e-16,1.506e-15
MKL,3933,4.444e-16,5.725e-16,1.514e-15
VectorFFT,3934,6.205e-16,7.882e-16,1.501e-15
MKL,3934,5.025e-16,4.305e-16,1.955e-15
VectorFFT,3935,6.237e-16,8.322e-16,2.026e-15
MKL,3935,5.070e-16,6.814e-16,1.813e-15
VectorFFT,3936,4.825e-16,6.342e-16,1.364e-15
MKL,3936,2.724e-16,3.120e-16,1.132e-15
VectorFFT,3937,6.281e-16,9.134e-16,1.508e-15
MKL,3937,5.136e-16,4.563e-16,2.139e-15
VectorFFT,3938,6.165e-16,7.039e-16,1.520e-15
MKL,3938,5.134e-16,4.391e-16,1.800e-15
VectorFFT,3939,6.125e-16,7.663e-16,1.670e-15
MKL,3939,5.133e-16,5.718e-16,1.608e-15
VectorFFT,3940,6.018e-16,7.565e-16,1.701e-15
MKL,3940,5.049e-16,5.439e-16,1.527e-15
VectorFFT,3941,6.398e-16,9.495e-16,1.673e-15
MKL,3941,5.214e-16,5.574e-16,1.633e-15
VectorFFT,3942,6.261e-16,9.382e-16,1.609e-15
MKL,3942,3.205e-16,4.408e-16,1.061e-15
VectorFFT,3943,6.149e-16,7.648e-16,1.799e-15
MKL,3943,5.350e-16,6.180e-16,1.967e-15
VectorFFT,3944,6.127e-16,9.414e-16,2.174e-15
MKL,3944,2.713e-16,3.835e-16,1.090e-15
VectorFFT,3945,6.283e-16,7.935e-16,1.499e-15
MKL,3945,5.111e-16,5.135e-16,1.929e-15
VectorFFT,3946,6.135e-16,8.308e-16,1.723e-15
MKL,3946,5.195e-16,5.432e-16,1.874e-15
VectorFFT,3947,6.341e-16,8.571e-16,1.670e-15
MKL,3947,5.120e-16,5.238e-16,1.652e-15
VectorFFT,3948,5.354e-16,7.174e-16,1.707e-15
MKL,3948,2.845e-16,2.881e-16,9.008e-16
VectorFFT,3949,6.164e-16,9.000e-16,1.605e-15
MKL,3949,5.179e-16,7.118e-16,1.893e-15
VectorFFT,3950,6.258e-16,7.976e-16,1.534e-15
MKL,3950,3.326e-16,4.580e-16,1.110e-15
VectorFFT,3951,6.159e-16,7.798e-16,1.571e-15
MKL,3951,5.092e-16,5.386e-16,2.105e-15
VectorFFT,3952,5.322e-16,6.322e-16,1.233e-15
MKL,3952,2.759e-16,3.120e-16,9.403e-16
VectorFFT,3953,6.248e-16,9.375e-16,1.587e-15
MKL,3953,4.053e-16,4.807e-16,1.376e-15
VectorFFT,3954,6.196e-16,7.619e-16,1.725e-15
MKL,3954,5.191e-16,6.048e-16,1.602e-15
VectorFFT,3955,6.254e-16,7.553e-16,1.636e-15
MKL,3955,5.146e-16,5.431e-16,1.829e-15
VectorFFT,3956,5.435e-16,6.144e-16,1.602e-15
MKL,3956,2.783e-16,3.482e-16,8.739e-16
VectorFFT,3957,6.228e-16,7.916e-16,1.590e-15
MKL,3957,5.203e-16,4.707e-16,1.848e-15
VectorFFT,3958,6.161e-16,7.750e-16,1.429e-15
MKL,3958,5.115e-16,4.973e-16,1.574e-15
VectorFFT,3959,6.314e-16,9.786e-16,1.604e-15
MKL,3959,5.099e-16,6.067e-16,1.718e-15
VectorFFT,3960,5.118e-16,6.376e-16,1.463e-15
MKL,3960,2.831e-16,3.364e-16,9.338e-16
VectorFFT,3961,6.307e-16,1.077e-15,1.743e-15
MKL,3961,5.157e-16,5.780e-16,1.835e-15
VectorFFT,3962,6.185e-16,6.914e-16,1.532e-15
MKL,3962,5.164e-16,5.432e-16,1.869e-15
VectorFFT,3963,6.258e-16,9.384e-16,1.716e-15
MKL,3963,5.133e-16,5.426e-16,1.664e-15
VectorFFT,3964,6.296e-16,9.442e-16,1.598e-15
MKL,3964,5.118e-16,5.637e-16,1.843e-15
VectorFFT,3965,6.244e-16,7.194e-16,1.584e-15
MKL,3965,4.192e-16,4.359e-16,1.292e-15
VectorFFT,3966,6.495e-16,1.010e-15,1.593e-15
MKL,3966,5.101e-16,6.176e-16,1.761e-15
VectorFFT,3967,6.252e-16,8.872e-16,1.678e-15
MKL,3967,5.244e-16,5.503e-16,1.888e-15
VectorFFT,3968,4.559e-16,7.342e-16,1.131e-15
MKL,3968,2.535e-16,3.660e-16,8.197e-16
VectorFFT,3969,5.361e-16,7.918e-16,1.535e-15
MKL,3969,3.278e-16,3.679e-16,1.062e-15
VectorFFT,3970,6.210e-16,6.330e-16,1.507e-15
MKL,3970,5.211e-16,4.428e-16,1.952e-15
VectorFFT,3971,5.075e-16,6.520e-16,1.335e-15
MKL,3971,3.262e-16,3.606e-16,1.129e-15
VectorFFT,3972,6.252e-16,6.118e-16,1.800e-15
MKL,3972,5.189e-16,4.820e-16,1.713e-15
VectorFFT,3973,6.277e-16,8.291e-16,1.662e-15
MKL,3973,5.095e-16,5.179e-16,1.583e-15
VectorFFT,3974,6.252e-16,1.152e-15,1.683e-15
MKL,3974,5.139e-16,6.268e-16,1.815e-15
VectorFFT,3975,6.192e-16,8.749e-16,1.580e-15
MKL,3975,3.686e-16,3.812e-16,1.208e-15
VectorFFT,3976,6.486e-16,8.321e-16,1.702e-15
MKL,3976,2.967e-16,3.393e-16,1.126e-15
VectorFFT,3977,6.214e-16,9.298e-16,1.528e-15
MKL,3977,5.147e-16,5.688e-16,1.781e-15
VectorFFT,3978,8.908e-16,1.275e-15,3.329e-15
MKL,3978,3.022e-16,3.178e-16,1.151e-15
VectorFFT,3979,6.172e-16,8.067e-16,1.820e-15
MKL,3979,5.157e-16,4.944e-16,1.743e-15
VectorFFT,3980,6.195e-16,8.391e-16,1.917e-15
MKL,3980,5.180e-16,4.598e-16,1.573e-15
VectorFFT,3981,6.095e-16,1.027e-15,1.551e-15
MKL,3981,5.132e-16,6.436e-16,1.788e-15
VectorFFT,3982,6.163e-16,7.671e-16,1.884e-15
MKL,3982,5.121e-16,5.341e-16,1.810e-15
VectorFFT,3983,6.294e-16,6.962e-16,1.704e-15
MKL,3983,5.110e-16,4.683e-16,1.714e-15
VectorFFT,3984,6.340e-16,7.886e-16,1.605e-15
MKL,3984,3.045e-16,3.232e-16,1.022e-15
VectorFFT,3985,6.255e-16,8.347e-16,1.534e-15
MKL,3985,5.185e-16,4.808e-16,1.914e-15
VectorFFT,3986,6.390e-16,6.423e-16,1.710e-15
MKL,3986,5.259e-16,4.706e-16,2.103e-15
VectorFFT,3987,6.238e-16,6.212e-16,1.732e-15
MKL,3987,5.216e-16,5.173e-16,1.991e-15
VectorFFT,3988,6.176e-16,8.550e-16,1.796e-15
MKL,3988,5.099e-16,6.008e-16,1.611e-15
VectorFFT,3989,6.261e-16,7.948e-16,1.908e-15
MKL,3989,5.227e-16,5.064e-16,2.053e-15
VectorFFT,3990,4.880e-16,5.510e-16,1.332e-15
MKL,3990,3.030e-16,3.837e-16,9.626e-16
VectorFFT,3991,6.247e-16,7.487e-16,1.738e-15
MKL,3991,5.042e-16,5.419e-16,1.565e-15
VectorFFT,3992,6.088e-16,7.848e-16,1.442e-15
MKL,3992,5.166e-16,6.383e-16,1.889e-15
VectorFFT,3993,6.312e-16,1.087e-15,2.300e-15
MKL,3993,2.958e-16,3.617e-16,9.106e-16
VectorFFT,3994,6.256e-16,9.350e-16,1.752e-15
MKL,3994,5.098e-16,6.669e-16,1.874e-15
VectorFFT,3995,5.743e-16,6.629e-16,1.484e-15
MKL,3995,4.834e-16,4.607e-16,1.544e-15
VectorFFT,3996,5.579e-16,5.067e-16,1.630e-15
MKL,3996,2.960e-16,3.442e-16,1.077e-15
VectorFFT,3997,6.224e-16,8.596e-16,1.548e-15
MKL,3997,5.278e-16,5.131e-16,1.874e-15
VectorFFT,3998,6.418e-16,6.763e-16,1.664e-15
MKL,3998,5.085e-16,4.646e-16,1.822e-15
VectorFFT,3999,5.558e-16,6.503e-16,1.540e-15
MKL,3999,3.513e-16,4.069e-16,1.216e-15
VectorFFT,4000,3.144e-16,3.781e-16,1.110e-15
MKL,4000,2.866e-16,3.411e-16,9.216e-16
VectorFFT,4001,6.384e-16,6.154e-16,3.074e-15
MKL,4001,5.184e-16,5.060e-16,2.045e-15
VectorFFT,4002,1.217e-15,3.009e-15,4.495e-15
MKL,4002,2.817e-16,3.140e-16,8.665e-16
VectorFFT,4003,6.338e-16,8.728e-16,1.560e-15
MKL,4003,5.195e-16,5.245e-16,1.765e-15
VectorFFT,4004,6.021e-16,1.019e-15,1.952e-15
MKL,4004,2.747e-16,3.195e-16,8.132e-16
VectorFFT,4005,6.064e-16,6.236e-16,1.617e-15
MKL,4005,4.834e-16,4.973e-16,1.822e-15
VectorFFT,4006,6.351e-16,9.230e-16,1.499e-15
MKL,4006,5.126e-16,5.833e-16,1.749e-15
VectorFFT,4007,6.203e-16,8.062e-16,1.867e-15
MKL,4007,5.507e-16,6.009e-16,1.828e-15
VectorFFT,4008,6.211e-16,7.845e-16,1.623e-15
MKL,4008,5.243e-16,5.563e-16,2.131e-15
VectorFFT,4009,6.185e-16,7.322e-16,1.489e-15
MKL,4009,5.203e-16,6.497e-16,1.664e-15
VectorFFT,4010,6.088e-16,7.882e-16,1.522e-15
MKL,4010,5.094e-16,6.680e-16,1.814e-15
VectorFFT,4011,6.289e-16,1.127e-15,1.578e-15
MKL,4011,5.348e-16,5.903e-16,2.207e-15
VectorFFT,4012,6.266e-16,7.955e-16,1.584e-15
MKL,4012,3.020e-16,3.120e-16,1.088e-15
VectorFFT,4013,6.207e-16,8.822e-16,1.557e-15
MKL,4013,5.164e-16,5.234e-16,1.827e-15
VectorFFT,4014,6.177e-16,6.147e-16,1.499e-15
MKL,4014,5.109e-16,5.442e-16,1.954e-15
VectorFFT,4015,6.162e-16,7.901e-16,1.538e-15
MKL,4015,3.575e-16,3.990e-16,1.181e-15
VectorFFT,4016,6.076e-16,8.941e-16,1.593e-15
MKL,4016,5.205e-16,5.634e-16,1.738e-15
VectorFFT,4017,6.108e-16,7.731e-16,1.638e-15
MKL,4017,5.162e-16,5.561e-16,1.715e-15
VectorFFT,4018,1.589e-15,2.622e-15,6.981e-15
MKL,4018,2.988e-16,3.208e-16,1.119e-15
VectorFFT,4019,6.334e-16,9.596e-16,1.806e-15
MKL,4019,5.442e-16,6.425e-16,1.976e-15
VectorFFT,4020,6.252e-16,7.645e-16,1.663e-15
MKL,4020,2.990e-16,3.875e-16,1.092e-15
VectorFFT,4021,6.133e-16,8.708e-16,1.699e-15
MKL,4021,5.215e-16,4.986e-16,1.919e-15
VectorFFT,4022,6.396e-16,9.248e-16,1.629e-15
MKL,4022,5.188e-16,5.508e-16,1.970e-15
VectorFFT,4023,6.323e-16,7.496e-16,1.507e-15
MKL,4023,5.332e-16,4.541e-16,2.048e-15
VectorFFT,4024,6.220e-16,6.567e-16,1.595e-15
MKL,4024,5.192e-16,4.997e-16,1.746e-15
VectorFFT,4025,5.177e-16,5.401e-16,1.449e-15
MKL,4025,3.326e-16,4.083e-16,1.123e-15
VectorFFT,4026,6.185e-16,6.635e-16,1.573e-15
MKL,4026,3.006e-16,3.821e-16,1.004e-15
VectorFFT,4027,6.301e-16,8.105e-16,1.597e-15
MKL,4027,5.178e-16,4.779e-16,1.844e-15
VectorFFT,4028,6.383e-16,7.904e-16,1.822e-15
MKL,4028,2.974e-16,3.551e-16,1.124e-15
VectorFFT,4029,6.336e-16,8.188e-16,1.739e-15
MKL,4029,3.432e-16,3.591e-16,1.167e-15
VectorFFT,4030,6.122e-16,7.046e-16,1.820e-15
MKL,4030,3.118e-16,3.335e-16,9.916e-16
VectorFFT,4031,6.216e-16,7.541e-16,1.677e-15
MKL,4031,5.342e-16,5.270e-16,1.829e-15
VectorFFT,4032,3.457e-16,3.603e-16,1.028e-15
MKL,4032,2.592e-16,2.888e-16,9.980e-16
VectorFFT,4033,6.176e-16,7.134e-16,1.592e-15
MKL,4033,5.186e-16,5.791e-16,1.749e-15
VectorFFT,4034,6.207e-16,7.123e-16,1.749e-15
MKL,4034,5.170e-16,5.091e-16,1.879e-15
VectorFFT,4035,6.376e-16,8.128e-16,1.613e-15
MKL,4035,5.183e-16,6.353e-16,1.765e-15
VectorFFT,4036,6.380e-16,8.456e-16,1.733e-15
MKL,4036,5.156e-16,5.723e-16,1.713e-15
VectorFFT,4037,6.243e-16,9.423e-16,1.609e-15
MKL,4037,5.214e-16,5.466e-16,1.866e-15
VectorFFT,4038,6.288e-16,8.120e-16,1.499e-15
MKL,4038,5.280e-16,5.281e-16,1.883e-15
VectorFFT,4039,6.339e-16,8.756e-16,1.631e-15
MKL,4039,5.162e-16,4.761e-16,1.720e-15
VectorFFT,4040,6.199e-16,7.265e-16,1.689e-15
MKL,4040,3.252e-16,5.004e-16,1.186e-15
VectorFFT,4041,6.413e-16,7.944e-16,1.633e-15
MKL,4041,5.440e-16,5.921e-16,1.909e-15
VectorFFT,4042,6.228e-16,8.029e-16,1.517e-15
MKL,4042,2.990e-16,3.458e-16,9.938e-16
VectorFFT,4043,6.203e-16,6.789e-16,1.912e-15
MKL,4043,5.215e-16,5.244e-16,1.616e-15
VectorFFT,4044,6.261e-16,8.499e-16,1.662e-15
MKL,4044,5.154e-16,5.672e-16,1.746e-15
VectorFFT,4045,6.214e-16,8.027e-16,1.643e-15
MKL,4045,5.056e-16,5.640e-16,1.631e-15
VectorFFT,4046,6.538e-16,7.997e-16,2.246e-15
MKL,4046,3.598e-16,3.396e-16,1.443e-15
VectorFFT,4047,6.307e-16,8.445e-16,1.719e-15
MKL,4047,4.600e-16,4.133e-16,1.509e-15
VectorFFT,4048,4.869e-16,5.770e-16,1.329e-15
MKL,4048,2.619e-16,3.099e-16,8.602e-16
VectorFFT,4049,6.267e-16,1.004e-15,1.552e-15
MKL,4049,5.194e-16,6.014e-16,1.808e-15
VectorFFT,4050,5.873e-16,6.825e-16,1.443e-15
MKL,4050,3.291e-16,3.730e-16,1.170e-15
VectorFFT,4051,6.231e-16,8.949e-16,1.735e-15
MKL,4051,5.281e-16,5.072e-16,1.955e-15
VectorFFT,4052,6.207e-16,8.413e-16,1.835e-15
MKL,4052,5.284e-16,7.110e-16,2.145e-15
VectorFFT,4053,6.423e-16,7.125e-16,1.717e-15
MKL,4053,5.159e-16,4.591e-16,2.028e-15
VectorFFT,4054,6.102e-16,7.317e-16,1.670e-15
MKL,4054,5.174e-16,5.789e-16,1.609e-15
VectorFFT,4055,6.319e-16,1.037e-15,1.676e-15
MKL,4055,5.086e-16,6.022e-16,1.879e-15
VectorFFT,4056,6.734e-16,1.112e-15,2.223e-15
MKL,4056,2.732e-16,3.039e-16,9.951e-16
VectorFFT,4057,6.255e-16,7.797e-16,1.546e-15
MKL,4057,5.123e-16,5.037e-16,1.910e-15
VectorFFT,4058,6.240e-16,8.565e-16,1.775e-15
MKL,4058,5.139e-16,6.326e-16,1.873e-15
VectorFFT,4059,5.078e-16,6.728e-16,1.182e-15
MKL,4059,3.637e-16,3.967e-16,1.148e-15
VectorFFT,4060,5.497e-16,5.860e-16,2.180e-15
MKL,4060,2.837e-16,2.949e-16,9.914e-16
VectorFFT,4061,6.314e-16,8.426e-16,1.661e-15
MKL,4061,5.278e-16,5.528e-16,1.822e-15
VectorFFT,4062,6.369e-16,7.843e-16,1.665e-15
MKL,4062,5.294e-16,5.742e-16,1.797e-15
VectorFFT,4063,6.260e-16,7.614e-16,1.619e-15
MKL,4063,5.147e-16,5.440e-16,1.921e-15
VectorFFT,4064,6.238e-16,1.089e-15,1.634e-15
MKL,4064,3.292e-16,4.780e-16,1.101e-15
VectorFFT,4065,6.347e-16,7.539e-16,1.492e-15
MKL,4065,5.182e-16,4.814e-16,2.245e-15
VectorFFT,4066,6.362e-16,6.513e-16,1.566e-15
MKL,4066,3.267e-16,3.963e-16,1.211e-15
VectorFFT,4067,6.266e-16,7.720e-16,1.475e-15
MKL,4067,4.519e-16,4.670e-16,2.322e-15
VectorFFT,4068,6.432e-16,8.047e-16,1.635e-15
MKL,4068,3.316e-16,4.712e-16,1.160e-15
VectorFFT,4069,6.234e-16,6.821e-16,1.434e-15
MKL,4069,5.319e-16,4.775e-16,2.101e-15
VectorFFT,4070,4.724e-16,4.173e-16,1.358e-15
MKL,4070,2.972e-16,2.877e-16,9.986e-16
VectorFFT,4071,6.265e-16,9.980e-16,1.624e-15
MKL,4071,3.229e-16,3.174e-16,9.995e-16
VectorFFT,4072,6.303e-16,8.448e-16,1.709e-15
MKL,4072,5.170e-16,4.927e-16,1.983e-15
VectorFFT,4073,6.319e-16,7.028e-16,1.611e-15
MKL,4073,5.331e-16,4.963e-16,1.728e-15
VectorFFT,4074,6.348e-16,9.437e-16,1.665e-15
MKL,4074,3.287e-16,4.044e-16,1.141e-15
VectorFFT,4075,6.311e-16,7.332e-16,1.647e-15
MKL,4075,5.245e-16,5.038e-16,1.856e-15
VectorFFT,4076,6.239e-16,9.608e-16,1.588e-15
MKL,4076,5.189e-16,5.786e-16,1.708e-15
VectorFFT,4077,6.189e-16,7.215e-16,1.544e-15
MKL,4077,5.209e-16,5.140e-16,1.916e-15
VectorFFT,4078,6.215e-16,8.915e-16,1.764e-15
MKL,4078,5.245e-16,6.513e-16,1.630e-15
VectorFFT,4079,6.266e-16,8.593e-16,1.827e-15
MKL,4079,5.177e-16,5.991e-16,1.867e-15
VectorFFT,4080,5.836e-16,8.105e-16,1.351e-15
MKL,4080,2.744e-16,4.039e-16,9.506e-16
VectorFFT,4081,6.201e-16,6.197e-16,1.579e-15
MKL,4081,3.234e-16,3.206e-16,1.308e-15
VectorFFT,4082,6.195e-16,8.994e-16,1.566e-15
MKL,4082,5.219e-16,5.093e-16,1.866e-15
VectorFFT,4083,6.264e-16,1.037e-15,1.725e-15
MKL,4083,5.291e-16,6.762e-16,1.979e-15
VectorFFT,4084,6.182e-16,7.265e-16,1.700e-15
MKL,4084,5.209e-16,5.892e-16,1.809e-15
VectorFFT,4085,8.482e-16,1.150e-15,3.446e-15
MKL,4085,3.535e-16,3.353e-16,1.069e-15
VectorFFT,4086,6.230e-16,6.880e-16,1.654e-15
MKL,4086,5.165e-16,4.510e-16,2.053e-15
VectorFFT,4087,6.242e-16,7.115e-16,1.757e-15
MKL,4087,3.959e-16,3.980e-16,1.213e-15
VectorFFT,4088,6.172e-16,7.505e-16,1.836e-15
MKL,4088,3.059e-16,3.617e-16,9.455e-16
VectorFFT,4089,5.487e-16,6.276e-16,1.512e-15
MKL,4089,3.297e-16,3.189e-16,1.065e-15
VectorFFT,4090,6.455e-16,8.409e-16,1.634e-15
MKL,4090,5.117e-16,5.078e-16,1.885e-15
VectorFFT,4091,6.213e-16,7.459e-16,1.588e-15
MKL,4091,5.406e-16,5.204e-16,1.958e-15
VectorFFT,4092,5.483e-16,6.195e-16,1.565e-15
MKL,4092,2.720e-16,2.979e-16,8.463e-16
VectorFFT,4093,6.246e-16,8.133e-16,1.482e-15
MKL,4093,5.390e-16,6.191e-16,1.785e-15
VectorFFT,4094,6.193e-16,7.258e-16,1.639e-15
MKL,4094,3.225e-16,4.056e-16,1.196e-15
VectorFFT,4095,5.872e-16,9.035e-16,1.539e-15
MKL,4095,3.497e-16,4.158e-16,1.196e-15
VectorFFT,4096,2.256e-16,2.379e-16,7.772e-16
MKL,4096,2.356e-16,2.664e-16,8.327e-16
