N1,N2,N3,plan,path,vfft_ns,mkl_ns,vfft_gflops,ratio_vs_mkl,rt_err,route,flip
2,2,2,z:il3d,nat-oop,38,25,3.117,0.659,5.640e-17,-,0
2,2,2,z:il3d,nat-oop,39,25,3.107,0.657,5.640e-17,-,1
2,2,4,z:il3d,nat-oop,42,483,7.579,11.450,6.522e-17,-,0
2,2,4,z:il3d,nat-oop,42,483,7.584,11.448,6.522e-17,-,1
2,2,8,z:il3d,nat-oop,55,538,14.521,9.774,1.848e-16,-,0
2,2,8,z:il3d,nat-oop,55,538,14.529,9.775,1.848e-16,-,1
2,2,16,z:il3d,nat-oop,77,701,25.007,9.126,2.119e-16,-,0
2,2,16,z:il3d,nat-oop,76,700,25.146,9.166,2.119e-16,-,1
2,2,32,z:il3d,nat-oop,115,1024,39.023,8.921,1.496e-16,-,0
2,2,32,z:il3d,nat-oop,115,1025,39.098,8.950,1.496e-16,-,1
2,2,64,z:il3d,nat-oop,196,1635,52.264,8.345,2.542e-16,-,0
2,2,64,z:il3d,nat-oop,197,1629,51.873,8.250,2.542e-16,-,1
2,2,128,z:il3d,nat-oop,375,2902,61.413,7.736,2.965e-16,-,0
2,2,128,z:il3d,nat-oop,374,2900,61.619,7.757,2.965e-16,-,1
2,2,256,z:il3d,nat-oop,789,5394,64.928,6.841,2.968e-16,-,0
2,2,256,z:il3d,nat-oop,776,5419,65.957,6.981,2.968e-16,-,1
2,2,512,z:il3d,nat-oop,2337,10470,48.199,4.480,4.059e-16,-,0
2,2,512,z:il3d,nat-oop,2361,10481,47.713,4.440,4.059e-16,-,1
2,2,1024,z:il3d,nat-oop,5188,21000,47.368,4.047,3.724e-16,-,0
2,2,1024,z:il3d,nat-oop,5190,20940,47.357,4.035,3.724e-16,-,1
2,2,2048,z:il3d,nat-oop,11630,42095,45.784,3.619,3.134e-16,-,0
2,2,2048,z:il3d,nat-oop,11611,42077,45.858,3.624,3.134e-16,-,1
2,2,4096,z:il3d,nat-oop,24319,84821,47.160,3.488,3.586e-16,-,0
2,2,4096,z:il3d,nat-oop,24325,84836,47.147,3.488,3.586e-16,-,1
2,2,8192,z:il3d,nat-oop,50720,172123,48.455,3.394,5.074e-16,-,0
2,2,8192,z:il3d,nat-oop,50620,172030,48.550,3.398,5.074e-16,-,1
2,4,2,z:il3d,nat-oop,42,473,7.624,11.262,9.497e-17,-,0
2,4,2,z:il3d,nat-oop,42,473,7.593,11.212,9.497e-17,-,1
2,4,4,z:il3d,nat-oop,51,530,15.773,10.452,1.780e-16,-,0
2,4,4,z:il3d,nat-oop,51,530,15.778,10.457,1.780e-16,-,1
2,4,8,z:il3d,nat-oop,66,653,29.132,9.909,2.751e-16,-,0
2,4,8,z:il3d,nat-oop,65,656,29.321,10.014,2.751e-16,-,1
2,4,16,z:il3d,nat-oop,108,866,41.494,8.025,2.411e-16,-,0
2,4,16,z:il3d,nat-oop,108,867,41.562,8.041,2.411e-16,-,1
2,4,32,z:il3d,nat-oop,213,1363,48.103,6.404,1.645e-16,-,0
2,4,32,z:il3d,nat-oop,213,1360,48.188,6.398,1.645e-16,-,1
2,4,64,z:il3d,nat-oop,360,2283,64.077,6.349,2.993e-16,-,0
2,4,64,z:il3d,nat-oop,362,2284,63.636,6.308,2.993e-16,-,1
2,4,128,z:il3d,nat-oop,821,4260,62.381,5.191,2.735e-16,-,0
2,4,128,z:il3d,nat-oop,831,4266,61.612,5.134,2.735e-16,-,1
2,4,256,z:il3d,nat-oop,2122,8206,53.074,3.867,2.904e-16,-,0
2,4,256,z:il3d,nat-oop,2138,8204,52.684,3.837,2.904e-16,-,1
2,4,512,z:il3d,nat-oop,4800,16192,51.200,3.373,2.992e-16,-,0
2,4,512,z:il3d,nat-oop,4909,16242,50.063,3.309,2.992e-16,-,1
2,4,1024,z:il3d,nat-oop,10472,32533,50.849,3.107,4.078e-16,-,0
2,4,1024,z:il3d,nat-oop,10440,32493,51.003,3.112,4.078e-16,-,1
2,4,2048,z:il3d,nat-oop,23325,65883,49.170,2.825,3.794e-16,-,0
2,4,2048,z:il3d,nat-oop,23383,65962,49.048,2.821,3.794e-16,-,1
2,4,4096,z:il3d,nat-oop,48895,133302,50.263,2.726,3.398e-16,-,0
2,4,4096,z:il3d,nat-oop,48666,133387,50.500,2.741,3.398e-16,-,1
2,4,8192,z:il3d,nat-oop,103273,276463,50.767,2.677,4.086e-16,-,0
2,4,8192,z:il3d,nat-oop,104187,276913,50.322,2.658,4.086e-16,-,1
2,8,2,z:il3d,nat-oop,54,540,14.922,10.073,2.564e-16,-,0
2,8,2,z:il3d,nat-oop,54,539,14.890,10.036,2.564e-16,-,1
2,8,4,z:il3d,nat-oop,66,646,29.039,9.769,1.508e-16,-,0
2,8,4,z:il3d,nat-oop,66,647,29.135,9.812,1.508e-16,-,1
2,8,8,z:il3d,nat-oop,99,817,45.317,8.261,1.916e-16,-,0
2,8,8,z:il3d,nat-oop,98,817,45.684,8.332,1.916e-16,-,1
2,8,16,z:il3d,nat-oop,178,1208,57.536,6.787,2.677e-16,-,0
2,8,16,z:il3d,nat-oop,178,1209,57.536,6.793,2.677e-16,-,1
2,8,32,z:il3d,nat-oop,360,2088,63.972,5.798,2.483e-16,-,0
2,8,32,z:il3d,nat-oop,361,2084,63.890,5.780,2.483e-16,-,1
2,8,64,z:il3d,nat-oop,861,3728,59.484,4.331,2.763e-16,-,0
2,8,64,z:il3d,nat-oop,859,3738,59.597,4.351,2.763e-16,-,1
2,8,128,z:il3d,nat-oop,2127,7380,52.961,3.470,2.711e-16,-,0
2,8,128,z:il3d,nat-oop,2132,10240,52.829,4.802,2.711e-16,-,1
2,8,256,z:il3d,nat-oop,4570,14646,53.776,3.205,4.319e-16,-,0
2,8,256,z:il3d,nat-oop,4565,14644,53.841,3.208,4.319e-16,-,1
2,8,512,z:il3d,nat-oop,10043,29157,53.018,2.903,4.031e-16,-,0
2,8,512,z:il3d,nat-oop,9912,29117,53.719,2.937,4.031e-16,-,1
2,8,1024,z:il3d,nat-oop,21214,58553,54.063,2.760,4.082e-16,-,0
2,8,1024,z:il3d,nat-oop,21122,58570,54.298,2.773,4.082e-16,-,1
2,8,2048,z:il3d,nat-oop,46974,119085,52.319,2.535,3.804e-16,-,0
2,8,2048,z:il3d,nat-oop,46654,119082,52.677,2.552,3.804e-16,-,1
2,8,4096,z:il3d,nat-oop,98617,246980,53.164,2.504,4.089e-16,-,0
2,8,4096,z:il3d,nat-oop,98987,246860,52.966,2.494,4.089e-16,-,1
2,8,8192,z:il3d,nat-oop,229420,530313,48.562,2.312,6.040e-16,-,0
2,8,8192,z:il3d,nat-oop,226293,532993,49.233,2.355,6.040e-16,-,1
2,16,2,z:il3d,nat-oop,72,679,26.814,9.480,1.400e-16,-,0
2,16,2,z:il3d,nat-oop,71,679,27.008,9.557,1.400e-16,-,1
2,16,4,z:il3d,nat-oop,103,855,43.327,8.268,1.862e-16,-,0
2,16,4,z:il3d,nat-oop,103,854,43.319,8.257,1.862e-16,-,1
2,16,8,z:il3d,nat-oop,170,1191,60.269,7.011,2.281e-16,-,0
2,16,8,z:il3d,nat-oop,169,1195,60.544,7.064,2.281e-16,-,1
2,16,16,z:il3d,nat-oop,374,1911,61.594,5.110,3.393e-16,-,0
2,16,16,z:il3d,nat-oop,375,1914,61.467,5.105,3.393e-16,-,1
2,16,32,z:il3d,nat-oop,942,3611,54.374,3.835,2.652e-16,-,0
2,16,32,z:il3d,nat-oop,914,3591,55.996,3.927,2.652e-16,-,1
2,16,64,z:il3d,nat-oop,2211,7008,50.941,3.169,3.116e-16,-,0
2,16,64,z:il3d,nat-oop,2219,7022,50.763,3.165,3.116e-16,-,1
2,16,128,z:il3d,nat-oop,4793,13993,51.279,2.920,3.016e-16,-,0
2,16,128,z:il3d,nat-oop,4802,13984,51.183,2.912,3.016e-16,-,1
2,16,256,z:il3d,nat-oop,11741,29191,45.352,2.486,5.032e-16,-,0
2,16,256,z:il3d,nat-oop,11546,29105,46.117,2.521,5.032e-16,-,1
2,16,512,z:il3d,nat-oop,25834,58605,44.395,2.269,5.024e-16,-,0
2,16,512,z:il3d,nat-oop,24307,58605,47.184,2.411,5.024e-16,-,1
2,16,1024,z:il3d,nat-oop,49208,118857,49.943,2.415,4.793e-16,-,0
2,16,1024,z:il3d,nat-oop,48861,119626,50.298,2.448,4.793e-16,-,1
2,16,2048,z:il3d,nat-oop,106453,245463,49.251,2.306,4.114e-16,-,0
2,16,2048,z:il3d,nat-oop,103947,246207,50.438,2.369,4.114e-16,-,1
2,16,4096,z:il3d,nat-oop,263733,536300,42.244,2.033,5.852e-16,-,0
2,16,4096,z:il3d,nat-oop,252780,533700,44.074,2.111,5.852e-16,-,1
2,16,8192,z:il3d,nat-oop,609175,1119737,38.729,1.838,1.064e-15,-,0
2,16,8192,z:il3d,nat-oop,612575,1113613,38.514,1.818,1.064e-15,-,1
2,32,2,z:il3d,nat-oop,130,975,34.412,7.488,1.918e-16,-,0
2,32,2,z:il3d,nat-oop,130,974,34.400,7.481,1.918e-16,-,1
2,32,4,z:il3d,nat-oop,196,1344,52.251,6.859,2.616e-16,-,0
2,32,4,z:il3d,nat-oop,199,1344,51.352,6.739,2.616e-16,-,1
2,32,8,z:il3d,nat-oop,368,2053,62.594,5.577,3.673e-16,-,0
2,32,8,z:il3d,nat-oop,367,2057,62.699,5.599,3.673e-16,-,1
2,32,16,z:il3d,nat-oop,820,3535,62.467,4.313,2.663e-16,-,0
2,32,16,z:il3d,nat-oop,934,3534,54.801,3.783,2.663e-16,-,1
2,32,32,z:il3d,nat-oop,2302,6969,48.928,3.027,3.040e-16,-,0
2,32,32,z:il3d,nat-oop,2319,6946,48.567,2.995,3.040e-16,-,1
2,32,64,z:il3d,nat-oop,5133,14058,47.875,2.739,4.017e-16,-,0
2,32,64,z:il3d,nat-oop,4962,14040,49.532,2.830,3.263e-16,-,1
2,32,128,z:il3d,nat-oop,12979,28878,41.027,2.225,3.914e-16,-,0
2,32,128,z:il3d,nat-oop,13049,29436,40.806,2.256,3.914e-16,-,1
2,32,256,z:il3d,nat-oop,28953,58220,39.611,2.011,3.670e-16,-,0
2,32,256,z:il3d,nat-oop,33669,58109,34.064,1.726,3.670e-16,-,1
2,32,512,z:il3d,nat-oop,67351,117230,36.490,1.741,4.775e-16,-,0
2,32,512,z:il3d,nat-oop,60941,117584,40.328,1.929,4.775e-16,-,1
2,32,1024,z:il3d,nat-oop,137707,243030,38.073,1.765,5.301e-16,-,0
2,32,1024,z:il3d,nat-oop,124240,243500,42.200,1.960,5.301e-16,-,1
2,32,2048,z:il3d,nat-oop,278580,523407,39.993,1.879,7.204e-16,-,0
2,32,2048,z:il3d,nat-oop,329467,525173,33.816,1.594,7.204e-16,-,1
2,32,4096,z:il3d,nat-oop,738013,1112025,31.968,1.507,1.086e-15,-,0
2,32,4096,z:il3d,nat-oop,680725,1106663,34.659,1.626,1.086e-15,-,1
2,32,8192,z:il3d,nat-oop,1472475,2346850,33.826,1.594,2.417e-15,-,0
2,32,8192,z:il3d,nat-oop,1459487,2321875,34.127,1.591,2.417e-15,-,1
2,64,2,z:il3d,nat-oop,240,1528,42.666,6.367,2.538e-16,-,0
2,64,2,z:il3d,nat-oop,234,1528,43.751,6.526,2.538e-16,-,1
2,64,4,z:il3d,nat-oop,418,2261,55.142,5.411,3.368e-16,-,0
2,64,4,z:il3d,nat-oop,415,2262,55.575,5.457,3.368e-16,-,1
2,64,8,z:il3d,nat-oop,792,3702,64.663,4.675,2.834e-16,-,0
2,64,8,z:il3d,nat-oop,793,3708,64.554,4.676,2.834e-16,-,1
2,64,16,z:il3d,nat-oop,2216,6918,50.840,3.123,3.145e-16,-,0
2,64,16,z:il3d,nat-oop,2219,6925,50.765,3.121,3.145e-16,-,1
2,64,32,z:il3d,nat-oop,5252,13877,46.795,2.642,4.271e-16,-,0
2,64,32,z:il3d,nat-oop,5191,13897,47.344,2.677,4.271e-16,-,1
2,64,64,z:il3d,nat-oop,16798,28389,31.699,1.690,3.545e-16,-,0
2,64,64,z:il3d,nat-oop,15721,28193,33.871,1.793,3.545e-16,-,1
2,64,128,z:il3d,nat-oop,34716,58623,33.036,1.689,4.549e-16,-,0
2,64,128,z:il3d,nat-oop,34491,58803,33.252,1.705,4.549e-16,-,1
2,64,256,z:il3d,nat-oop,57507,118334,42.736,2.058,3.592e-16,-,0
2,64,256,z:il3d,nat-oop,67295,118349,36.520,1.759,3.592e-16,-,1
2,64,512,z:il3d,nat-oop,146503,242340,35.787,1.654,5.311e-16,-,0
2,64,512,z:il3d,nat-oop,136717,243073,38.349,1.778,5.311e-16,-,1
2,64,1024,z:il3d,nat-oop,308687,518967,36.092,1.681,5.424e-16,-,0
2,64,1024,z:il3d,nat-oop,309293,519480,36.021,1.680,5.424e-16,-,1
2,64,2048,z:il3d,nat-oop,714375,1107625,33.026,1.550,1.047e-15,-,0
2,64,2048,z:il3d,nat-oop,710163,1119737,33.222,1.577,1.047e-15,-,1
2,64,4096,z:il3d,nat-oop,1382862,2252587,36.018,1.629,2.423e-15,-,0
2,64,4096,z:il3d,nat-oop,1400962,2264725,35.552,1.617,2.423e-15,-,1
2,64,8192,z:il3d,nat-oop,3404638,4965275,30.798,1.458,3.396e-15,-,0
2,64,8192,z:il3d,nat-oop,3341250,5026688,31.383,1.504,3.396e-15,-,1
2,128,2,z:il3d,nat-oop,481,2703,47.901,5.619,2.449e-16,-,0
2,128,2,z:il3d,nat-oop,486,2705,47.413,5.566,2.449e-16,-,1
2,128,4,z:il3d,nat-oop,1009,4272,50.735,4.233,3.428e-16,-,0
2,128,4,z:il3d,nat-oop,1043,4272,49.072,4.094,3.428e-16,-,1
2,128,8,z:il3d,nat-oop,2801,7807,40.220,2.788,4.156e-16,-,0
2,128,8,z:il3d,nat-oop,2769,7906,40.675,2.855,4.156e-16,-,1
2,128,16,z:il3d,nat-oop,6796,14972,36.163,2.203,3.495e-16,-,0
2,128,16,z:il3d,nat-oop,6710,14892,36.628,2.220,3.495e-16,-,1
2,128,32,z:il3d,nat-oop,14484,29061,36.762,2.006,3.935e-16,-,0
2,128,32,z:il3d,nat-oop,16801,28950,31.694,1.723,5.247e-16,-,1
2,128,64,z:il3d,nat-oop,35368,59547,32.427,1.684,3.753e-16,-,0
2,128,64,z:il3d,nat-oop,36070,59516,31.796,1.650,3.753e-16,-,1
2,128,128,z:il3d,nat-oop,71752,121059,34.251,1.687,4.451e-16,-,0
2,128,128,z:il3d,nat-oop,71784,120831,34.236,1.683,4.451e-16,-,1
2,128,256,z:il3d,nat-oop,151697,252017,34.562,1.661,4.980e-16,-,0
2,128,256,z:il3d,nat-oop,125600,251947,41.743,2.006,4.980e-16,-,1
2,128,512,z:il3d,nat-oop,306027,526160,36.406,1.719,4.625e-16,-,0
2,128,512,z:il3d,nat-oop,299667,525940,37.178,1.755,4.625e-16,-,1
2,128,1024,z:il3d,nat-oop,634263,1101050,37.197,1.736,1.086e-15,-,0
2,128,1024,z:il3d,nat-oop,643663,1101262,36.654,1.711,1.086e-15,-,1
2,128,2048,z:il3d,nat-oop,1493900,2325237,33.340,1.556,2.325e-15,-,0
2,128,2048,z:il3d,nat-oop,1473088,2323488,33.812,1.577,2.325e-15,-,1
2,128,4096,z:il3d,nat-oop,3499025,5087112,29.968,1.454,3.183e-15,-,0
2,128,4096,z:il3d,nat-oop,3415563,5137438,30.700,1.504,3.183e-15,-,1
2,128,8192,z:il3d,nat-oop,8950488,11653325,24.602,1.302,5.298e-15,-,0
2,128,8192,z:il3d,nat-oop,9038137,11608675,24.364,1.284,5.298e-15,-,1
2,256,2,z:il3d,nat-oop,1146,5058,44.686,4.414,3.105e-16,-,0
2,256,2,z:il3d,nat-oop,1121,5059,45.673,4.513,3.105e-16,-,1
2,256,4,z:il3d,nat-oop,2884,8569,39.058,2.971,3.044e-16,-,0
2,256,4,z:il3d,nat-oop,2898,8557,38.870,2.953,3.044e-16,-,1
2,256,8,z:il3d,nat-oop,6559,16120,37.470,2.458,3.663e-16,-,0
2,256,8,z:il3d,nat-oop,6565,16141,37.435,2.459,3.663e-16,-,1
2,256,16,z:il3d,nat-oop,15198,30182,35.037,1.986,4.287e-16,-,0
2,256,16,z:il3d,nat-oop,17482,30718,30.458,1.757,4.287e-16,-,1
2,256,32,z:il3d,nat-oop,33987,58880,33.745,1.732,3.457e-16,-,0
2,256,32,z:il3d,nat-oop,33805,58683,33.926,1.736,3.457e-16,-,1
2,256,64,z:il3d,nat-oop,67828,120648,36.233,1.779,3.502e-16,-,0
2,256,64,z:il3d,nat-oop,69792,120836,35.213,1.731,3.502e-16,-,1
2,256,128,z:il3d,nat-oop,142527,248250,36.785,1.742,4.659e-16,-,0
2,256,128,z:il3d,nat-oop,142740,250463,36.730,1.755,4.659e-16,-,1
2,256,256,z:il3d,nat-oop,295653,521313,37.683,1.763,6.483e-16,-,0
2,256,256,z:il3d,nat-oop,299840,523887,37.157,1.747,6.483e-16,-,1
2,256,512,z:il3d,nat-oop,683825,1094125,34.501,1.600,1.027e-15,-,0
2,256,512,z:il3d,nat-oop,684750,1096475,34.455,1.601,1.027e-15,-,1
2,256,1024,z:il3d,nat-oop,1358513,2280338,36.663,1.679,2.472e-15,-,0
2,256,1024,z:il3d,nat-oop,1359700,2322838,36.631,1.708,2.472e-15,-,1
2,256,2048,z:il3d,nat-oop,3427725,5114863,30.591,1.492,3.586e-15,-,0
2,256,2048,z:il3d,nat-oop,3469412,5144763,30.223,1.483,3.586e-15,-,1
2,256,4096,z:il3d,nat-oop,8833225,11542725,24.929,1.307,5.582e-15,-,0
2,256,4096,z:il3d,nat-oop,8924438,11655975,24.674,1.306,5.582e-15,-,1
2,256,8192,z:il3d,nat-oop,21753500,25589975,21.209,1.176,6.796e-15,-,0
2,256,8192,z:il3d,nat-oop,22409013,25448125,20.589,1.136,6.796e-15,-,1
2,512,2,z:il3d,nat-oop,3361,10421,33.518,3.101,4.155e-16,-,0
2,512,2,z:il3d,nat-oop,3098,10422,36.358,3.364,4.155e-16,-,1
2,512,4,z:il3d,nat-oop,6795,17142,36.168,2.523,4.112e-16,-,0
2,512,4,z:il3d,nat-oop,6509,17133,37.759,2.632,4.112e-16,-,1
2,512,8,z:il3d,nat-oop,14271,32705,37.312,2.292,3.958e-16,-,0
2,512,8,z:il3d,nat-oop,22315,47157,23.862,2.113,3.958e-16,-,1
2,512,16,z:il3d,nat-oop,37434,63340,30.638,1.692,4.600e-16,-,0
2,512,16,z:il3d,nat-oop,36612,62289,31.325,1.701,4.600e-16,-,1
2,512,32,z:il3d,nat-oop,74143,123923,33.147,1.671,5.057e-16,-,0
2,512,32,z:il3d,nat-oop,78926,128726,31.138,1.631,5.057e-16,-,1
2,512,64,z:il3d,nat-oop,149520,257487,35.065,1.722,4.966e-16,-,0
2,512,64,z:il3d,nat-oop,151617,257590,34.580,1.699,4.966e-16,-,1
2,512,128,z:il3d,nat-oop,313520,540420,35.536,1.724,5.492e-16,-,0
2,512,128,z:il3d,nat-oop,312227,541520,35.683,1.734,5.492e-16,-,1
2,512,256,z:il3d,nat-oop,674225,1140400,34.993,1.691,1.094e-15,-,0
2,512,256,z:il3d,nat-oop,665075,1132850,35.474,1.703,1.094e-15,-,1
2,512,512,z:il3d,nat-oop,1528962,2395187,32.576,1.567,2.344e-15,-,0
2,512,512,z:il3d,nat-oop,1527700,2392175,32.603,1.566,2.344e-15,-,1
2,512,1024,z:il3d,nat-oop,3479650,5385425,30.135,1.548,3.214e-15,-,0
2,512,1024,z:il3d,nat-oop,3502750,5378500,29.936,1.536,3.214e-15,-,1
2,512,2048,z:il3d,nat-oop,9458775,11780713,23.280,1.245,5.208e-15,-,0
2,512,2048,z:il3d,nat-oop,9502213,11926500,23.174,1.255,5.208e-15,-,1
2,512,4096,z:il3d,nat-oop,19328763,25139988,23.870,1.301,6.149e-15,-,0
2,512,4096,z:il3d,nat-oop,19277350,25336225,23.933,1.314,6.149e-15,-,1
2,1024,2,z:il3d,nat-oop,6922,21291,35.504,3.076,3.964e-16,-,0
2,1024,2,z:il3d,nat-oop,6944,21263,35.392,3.062,3.964e-16,-,1
2,1024,4,z:il3d,nat-oop,13864,34867,38.408,2.515,3.276e-16,-,0
2,1024,4,z:il3d,nat-oop,13925,35089,38.238,2.520,3.276e-16,-,1
2,1024,8,z:il3d,nat-oop,29303,66436,39.138,2.267,3.866e-16,-,0
2,1024,8,z:il3d,nat-oop,29175,66257,39.310,2.271,3.866e-16,-,1
2,1024,16,z:il3d,nat-oop,66621,126272,36.889,1.895,4.148e-16,-,0
2,1024,16,z:il3d,nat-oop,65808,126230,37.345,1.918,4.148e-16,-,1
2,1024,32,z:il3d,nat-oop,139103,252510,37.691,1.815,3.868e-16,-,0
2,1024,32,z:il3d,nat-oop,150210,292940,34.904,1.950,3.868e-16,-,1
2,1024,64,z:il3d,nat-oop,359393,552027,31.000,1.536,5.921e-16,-,0
2,1024,64,z:il3d,nat-oop,361307,546060,30.836,1.511,5.921e-16,-,1
2,1024,128,z:il3d,nat-oop,705200,1188337,33.456,1.685,9.893e-16,-,0
2,1024,128,z:il3d,nat-oop,710912,1144700,33.187,1.610,9.893e-16,-,1
2,1024,256,z:il3d,nat-oop,1679787,2440000,29.651,1.453,2.165e-15,-,0
2,1024,256,z:il3d,nat-oop,1639900,2421438,30.372,1.477,2.165e-15,-,1
2,1024,512,z:il3d,nat-oop,3905887,5479175,26.846,1.403,3.431e-15,-,0
2,1024,512,z:il3d,nat-oop,3907887,5489212,26.832,1.405,3.431e-15,-,1
2,1024,1024,z:il3d,nat-oop,8827613,12316388,24.945,1.395,5.422e-15,-,0
2,1024,1024,z:il3d,nat-oop,8838687,12323625,24.913,1.394,5.422e-15,-,1
2,1024,2048,z:il3d,nat-oop,24497075,25469050,18.834,1.040,6.110e-15,-,0
2,1024,2048,z:il3d,nat-oop,21028538,25316713,21.940,1.204,6.110e-15,-,1
2,2048,2,z:il3d,nat-oop,14789,43144,36.005,2.917,3.698e-16,-,0
2,2048,2,z:il3d,nat-oop,14824,43065,35.921,2.905,3.698e-16,-,1
2,2048,4,z:il3d,nat-oop,32787,71189,34.980,2.171,3.428e-16,-,0
2,2048,4,z:il3d,nat-oop,29918,71609,38.334,2.394,3.428e-16,-,1
2,2048,8,z:il3d,nat-oop,63300,137830,38.825,2.177,3.789e-16,-,0
2,2048,8,z:il3d,nat-oop,63000,136931,39.010,2.174,3.789e-16,-,1
2,2048,16,z:il3d,nat-oop,145590,264137,36.011,1.814,3.743e-16,-,0
2,2048,16,z:il3d,nat-oop,146863,263127,35.699,1.792,3.743e-16,-,1
2,2048,32,z:il3d,nat-oop,453480,542760,24.568,1.197,6.353e-16,-,0
2,2048,32,z:il3d,nat-oop,456860,540073,24.386,1.182,6.353e-16,-,1
2,2048,64,z:il3d,nat-oop,839050,1195163,28.119,1.424,1.069e-15,-,0
2,2048,64,z:il3d,nat-oop,858387,1200162,27.485,1.398,1.069e-15,-,1
2,2048,128,z:il3d,nat-oop,1976788,2516050,25.196,1.273,2.374e-15,-,0
2,2048,128,z:il3d,nat-oop,1986175,2504950,25.077,1.261,2.374e-15,-,1
2,2048,256,z:il3d,nat-oop,4279025,5528613,24.505,1.292,3.293e-15,-,0
2,2048,256,z:il3d,nat-oop,4226087,5491938,24.812,1.300,3.293e-15,-,1
2,2048,512,z:il3d,nat-oop,9696712,13182825,22.709,1.360,5.278e-15,-,0
2,2048,512,z:il3d,nat-oop,9490825,12990538,23.201,1.369,5.278e-15,-,1
2,2048,1024,z:il3d,nat-oop,24211087,26881012,19.056,1.110,6.707e-15,-,0
2,2048,1024,z:il3d,nat-oop,23927937,28431062,19.282,1.188,6.707e-15,-,1
2,4096,2,z:il3d,nat-oop,30740,86673,37.309,2.820,3.661e-16,-,0
2,4096,2,z:il3d,nat-oop,30815,86678,37.219,2.813,3.661e-16,-,1
2,4096,4,z:il3d,nat-oop,61744,144587,39.803,2.342,3.589e-16,-,0
2,4096,4,z:il3d,nat-oop,62072,144077,39.593,2.321,3.589e-16,-,1
2,4096,8,z:il3d,nat-oop,134683,280790,38.927,2.085,3.743e-16,-,0
2,4096,8,z:il3d,nat-oop,134170,278827,39.076,2.078,3.743e-16,-,1
2,4096,16,z:il3d,nat-oop,338927,561353,32.872,1.656,5.210e-16,-,0
2,4096,16,z:il3d,nat-oop,330533,555273,33.706,1.680,5.210e-16,-,1
2,4096,32,z:il3d,nat-oop,938750,1181250,25.132,1.258,1.012e-15,-,0
2,4096,32,z:il3d,nat-oop,935725,1176675,25.214,1.258,1.012e-15,-,1
2,4096,64,z:il3d,nat-oop,2032200,2513175,24.509,1.237,2.237e-15,-,0
2,4096,64,z:il3d,nat-oop,2013350,2528338,24.739,1.256,2.237e-15,-,1
2,4096,128,z:il3d,nat-oop,4787875,5674900,21.901,1.185,3.247e-15,-,0
2,4096,128,z:il3d,nat-oop,4750987,5704037,22.071,1.201,3.247e-15,-,1
2,4096,256,z:il3d,nat-oop,10589488,12719075,20.794,1.201,5.619e-15,-,0
2,4096,256,z:il3d,nat-oop,10652575,12868488,20.671,1.208,5.619e-15,-,1
2,4096,512,z:il3d,nat-oop,21752250,28213087,21.210,1.297,6.472e-15,-,0
2,4096,512,z:il3d,nat-oop,22338888,28024013,20.653,1.254,6.472e-15,-,1
2,8192,2,z:il3d,nat-oop,67295,176667,36.520,2.625,3.937e-16,-,0
2,8192,2,z:il3d,nat-oop,64195,176169,38.283,2.744,3.937e-16,-,1
2,8192,4,z:il3d,nat-oop,134423,296210,39.003,2.204,4.241e-16,-,0
2,8192,4,z:il3d,nat-oop,135043,304033,38.824,2.251,4.241e-16,-,1
2,8192,8,z:il3d,nat-oop,335353,606953,33.222,1.810,7.249e-16,-,0
2,8192,8,z:il3d,nat-oop,321927,613947,34.608,1.907,7.249e-16,-,1
2,8192,16,z:il3d,nat-oop,720425,1233438,32.749,1.712,6.693e-16,-,0
2,8192,16,z:il3d,nat-oop,725763,1234250,32.508,1.701,6.693e-16,-,1
2,8192,32,z:il3d,nat-oop,2190438,2493513,22.739,1.138,2.158e-15,-,0
2,8192,32,z:il3d,nat-oop,2069150,2688975,24.071,1.300,2.158e-15,-,1
2,8192,64,z:il3d,nat-oop,4826388,5431525,21.726,1.125,2.996e-15,-,0
2,8192,64,z:il3d,nat-oop,4824063,5635012,21.736,1.168,2.996e-15,-,1
2,8192,128,z:il3d,nat-oop,10966288,13268012,20.080,1.210,5.129e-15,-,0
2,8192,128,z:il3d,nat-oop,10779475,13535425,20.428,1.256,5.129e-15,-,1
2,8192,256,z:il3d,nat-oop,24308550,28440862,18.980,1.170,6.542e-15,-,0
2,8192,256,z:il3d,nat-oop,24112812,30564400,19.134,1.268,6.542e-15,-,1
4,2,2,z:il3d,nat-oop,64,726,5.025,11.402,1.587e-16,-,0
4,2,2,z:il3d,nat-oop,64,726,5.023,11.397,1.587e-16,-,1
4,2,4,z:il3d,nat-oop,72,792,11.099,10.992,1.771e-16,-,0
4,2,4,z:il3d,nat-oop,77,792,10.402,10.296,1.771e-16,-,1
4,2,8,z:il3d,nat-oop,92,870,20.777,9.418,1.256e-16,-,0
4,2,8,z:il3d,nat-oop,92,867,20.852,9.418,1.256e-16,-,1
4,2,16,z:il3d,nat-oop,138,1099,32.458,7.962,1.656e-16,-,0
4,2,16,z:il3d,nat-oop,138,1099,32.453,7.960,1.656e-16,-,1
4,2,32,z:il3d,nat-oop,226,1616,45.398,7.165,1.797e-16,-,0
4,2,32,z:il3d,nat-oop,222,1614,46.100,7.264,1.797e-16,-,1
4,2,64,z:il3d,nat-oop,416,2531,55.346,6.079,2.699e-16,-,0
4,2,64,z:il3d,nat-oop,404,2533,57.033,6.269,2.699e-16,-,1
4,2,128,z:il3d,nat-oop,802,4521,63.824,5.636,3.107e-16,-,0
4,2,128,z:il3d,nat-oop,817,4518,62.679,5.531,3.107e-16,-,1
4,2,256,z:il3d,nat-oop,2026,8451,55.585,4.170,4.083e-16,-,0
4,2,256,z:il3d,nat-oop,2046,8434,55.065,4.123,4.083e-16,-,1
4,2,512,z:il3d,nat-oop,4736,16377,51.887,3.458,4.187e-16,-,0
4,2,512,z:il3d,nat-oop,4800,16425,51.200,3.422,4.187e-16,-,1
4,2,1024,z:il3d,nat-oop,10076,32716,52.845,3.247,3.987e-16,-,0
4,2,1024,z:il3d,nat-oop,10073,32700,52.865,3.246,3.987e-16,-,1
4,2,2048,z:il3d,nat-oop,22526,66107,50.913,2.935,3.941e-16,-,0
4,2,2048,z:il3d,nat-oop,22223,66143,51.608,2.976,3.941e-16,-,1
4,2,4096,z:il3d,nat-oop,62323,135666,39.433,2.177,3.974e-16,-,0
4,2,4096,z:il3d,nat-oop,47751,133636,51.467,2.799,3.974e-16,-,1
4,2,8192,z:il3d,nat-oop,101690,276693,51.557,2.721,5.368e-16,-,0
4,2,8192,z:il3d,nat-oop,101227,276183,51.793,2.728,5.368e-16,-,1
4,4,2,z:il3d,nat-oop,72,755,11.092,10.470,1.942e-16,-,0
4,4,2,z:il3d,nat-oop,72,758,11.047,10.470,1.942e-16,-,1
4,4,4,z:il3d,nat-oop,85,71,22.592,0.839,3.324e-16,-,0
4,4,4,z:il3d,nat-oop,85,72,22.662,0.856,3.324e-16,-,1
4,4,8,z:il3d,nat-oop,117,946,38.176,8.063,2.134e-16,-,0
4,4,8,z:il3d,nat-oop,117,950,38.163,8.090,2.134e-16,-,1
4,4,16,z:il3d,nat-oop,208,1245,49.181,5.979,2.391e-16,-,0
4,4,16,z:il3d,nat-oop,208,1245,49.166,5.978,2.391e-16,-,1
4,4,32,z:il3d,nat-oop,431,1907,53.404,4.421,2.501e-16,-,0
4,4,32,z:il3d,nat-oop,432,1910,53.350,4.422,2.501e-16,-,1
4,4,64,z:il3d,nat-oop,773,3186,66.206,4.119,3.192e-16,-,0
4,4,64,z:il3d,nat-oop,752,3180,68.069,4.227,3.192e-16,-,1
4,4,128,z:il3d,nat-oop,1924,6048,58.533,3.143,3.329e-16,-,0
4,4,128,z:il3d,nat-oop,1948,6063,57.828,3.113,3.329e-16,-,1
4,4,256,z:il3d,nat-oop,4279,11657,57.438,2.724,3.715e-16,-,0
4,4,256,z:il3d,nat-oop,4141,11648,59.351,2.813,3.715e-16,-,1
4,4,512,z:il3d,nat-oop,9259,23044,57.507,2.489,5.577e-16,-,0
4,4,512,z:il3d,nat-oop,9457,23037,56.306,2.436,5.577e-16,-,1
4,4,1024,z:il3d,nat-oop,19976,46580,57.412,2.332,3.607e-16,-,0
4,4,1024,z:il3d,nat-oop,20327,46626,56.421,2.294,3.607e-16,-,1
4,4,2048,z:il3d,nat-oop,45569,95189,53.932,2.089,3.310e-16,-,0
4,4,2048,z:il3d,nat-oop,45028,95039,54.580,2.111,3.310e-16,-,1
4,4,4096,z:il3d,nat-oop,96010,197510,54.608,2.057,3.634e-16,-,0
4,4,4096,z:il3d,nat-oop,95823,200427,54.714,2.092,3.634e-16,-,1
4,4,8192,z:il3d,nat-oop,219167,429653,50.834,1.960,4.936e-16,-,0
4,4,8192,z:il3d,nat-oop,219860,429213,50.674,1.952,4.936e-16,-,1
4,8,2,z:il3d,nat-oop,90,846,21.436,9.441,1.326e-16,-,0
4,8,2,z:il3d,nat-oop,91,845,21.090,9.285,1.326e-16,-,1
4,8,4,z:il3d,nat-oop,119,971,37.609,8.155,1.997e-16,-,0
4,8,4,z:il3d,nat-oop,119,970,37.683,8.162,1.997e-16,-,1
4,8,8,z:il3d,nat-oop,183,1156,55.925,6.313,2.302e-16,-,0
4,8,8,z:il3d,nat-oop,183,1157,55.913,6.318,2.302e-16,-,1
4,8,16,z:il3d,nat-oop,361,1635,63.736,4.523,2.112e-16,-,0
4,8,16,z:il3d,nat-oop,361,1636,63.745,4.526,2.112e-16,-,1
4,8,32,z:il3d,nat-oop,782,2819,65.477,3.605,2.221e-16,-,0
4,8,32,z:il3d,nat-oop,744,2815,68.848,3.786,2.221e-16,-,1
4,8,64,z:il3d,nat-oop,2039,5283,55.247,2.591,2.976e-16,-,0
4,8,64,z:il3d,nat-oop,2045,5266,55.081,2.575,2.976e-16,-,1
4,8,128,z:il3d,nat-oop,4294,10023,57.233,2.334,3.921e-16,-,0
4,8,128,z:il3d,nat-oop,4213,10057,58.329,2.387,3.921e-16,-,1
4,8,256,z:il3d,nat-oop,8727,19965,61.018,2.288,3.851e-16,-,0
4,8,256,z:il3d,nat-oop,8590,19964,61.987,2.324,3.851e-16,-,1
4,8,512,z:il3d,nat-oop,19400,40020,59.118,2.063,4.918e-16,-,0
4,8,512,z:il3d,nat-oop,19207,39890,59.710,2.077,4.918e-16,-,1
4,8,1024,z:il3d,nat-oop,40857,80682,60.151,1.975,4.306e-16,-,0
4,8,1024,z:il3d,nat-oop,40789,80721,60.252,1.979,4.306e-16,-,1
4,8,2048,z:il3d,nat-oop,92143,169380,56.899,1.838,3.438e-16,-,0
4,8,2048,z:il3d,nat-oop,92370,168870,56.760,1.828,3.438e-16,-,1
4,8,4096,z:il3d,nat-oop,210267,373493,52.986,1.776,4.295e-16,-,0
4,8,4096,z:il3d,nat-oop,211280,374527,52.732,1.773,4.295e-16,-,1
4,8,8192,z:il3d,nat-oop,463387,779925,50.914,1.683,9.820e-16,-,0
4,8,8192,z:il3d,nat-oop,467238,796338,50.495,1.704,9.820e-16,-,1
4,16,2,z:il3d,nat-oop,129,1045,34.699,8.091,1.775e-16,-,0
4,16,2,z:il3d,nat-oop,129,1041,34.708,8.062,1.775e-16,-,1
4,16,4,z:il3d,nat-oop,193,1245,53.033,6.446,2.435e-16,-,0
4,16,4,z:il3d,nat-oop,193,1244,52.942,6.431,2.435e-16,-,1
4,16,8,z:il3d,nat-oop,350,1626,65.906,4.651,2.810e-16,-,0
4,16,8,z:il3d,nat-oop,340,1627,67.853,4.792,2.810e-16,-,1
4,16,16,z:il3d,nat-oop,793,2497,64.588,3.150,2.121e-16,-,0
4,16,16,z:il3d,nat-oop,782,2495,65.472,3.190,2.121e-16,-,1
4,16,32,z:il3d,nat-oop,2156,4701,52.241,2.180,3.086e-16,-,0
4,16,32,z:il3d,nat-oop,2143,4680,52.566,2.184,3.086e-16,-,1
4,16,64,z:il3d,nat-oop,4755,9275,51.683,1.950,3.001e-16,-,0
4,16,64,z:il3d,nat-oop,4744,9336,51.799,1.968,3.001e-16,-,1
4,16,128,z:il3d,nat-oop,9321,18882,57.125,2.026,2.885e-16,-,0
4,16,128,z:il3d,nat-oop,9329,18958,57.080,2.032,2.885e-16,-,1
4,16,256,z:il3d,nat-oop,23163,39776,49.513,1.717,4.365e-16,-,0
4,16,256,z:il3d,nat-oop,22743,39839,50.427,1.752,4.365e-16,-,1
4,16,512,z:il3d,nat-oop,50303,81052,48.856,1.611,4.447e-16,-,0
4,16,512,z:il3d,nat-oop,47380,81123,51.870,1.712,4.447e-16,-,1
4,16,1024,z:il3d,nat-oop,96363,169960,54.407,1.764,4.335e-16,-,0
4,16,1024,z:il3d,nat-oop,99120,170387,52.894,1.719,4.335e-16,-,1
4,16,2048,z:il3d,nat-oop,227300,370700,49.015,1.631,5.262e-16,-,0
4,16,2048,z:il3d,nat-oop,222980,373707,49.965,1.676,5.262e-16,-,1
4,16,4096,z:il3d,nat-oop,494837,776113,47.678,1.568,9.675e-16,-,0
4,16,4096,z:il3d,nat-oop,495250,774438,47.638,1.564,9.675e-16,-,1
4,16,8192,z:il3d,nat-oop,1080813,1625863,46.083,1.504,1.756e-15,-,0
4,16,8192,z:il3d,nat-oop,1093425,1655650,45.552,1.514,1.756e-15,-,1
4,32,2,z:il3d,nat-oop,251,1481,40.794,5.901,2.185e-16,-,0
4,32,2,z:il3d,nat-oop,252,1480,40.701,5.883,2.185e-16,-,1
4,32,4,z:il3d,nat-oop,397,1926,58.024,4.850,2.276e-16,-,0
4,32,4,z:il3d,nat-oop,398,1926,57.878,4.838,2.276e-16,-,1
4,32,8,z:il3d,nat-oop,791,2772,64.726,3.504,2.349e-16,-,0
4,32,8,z:il3d,nat-oop,744,2794,68.800,3.754,2.349e-16,-,1
4,32,16,z:il3d,nat-oop,2006,4755,56.147,2.370,2.991e-16,-,0
4,32,16,z:il3d,nat-oop,2357,4756,47.799,2.018,2.991e-16,-,1
4,32,32,z:il3d,nat-oop,4700,9155,52.289,1.948,3.008e-16,-,0
4,32,32,z:il3d,nat-oop,4841,9173,50.762,1.895,3.008e-16,-,1
4,32,64,z:il3d,nat-oop,9672,19121,55.053,1.977,3.089e-16,-,0
4,32,64,z:il3d,nat-oop,9900,19092,53.786,1.929,3.089e-16,-,1
4,32,128,z:il3d,nat-oop,23273,39934,49.280,1.716,5.032e-16,-,0
4,32,128,z:il3d,nat-oop,25080,40326,45.730,1.608,5.032e-16,-,1
4,32,256,z:il3d,nat-oop,57118,81754,43.027,1.431,3.541e-16,-,0
4,32,256,z:il3d,nat-oop,67056,81736,36.650,1.219,3.541e-16,-,1
4,32,512,z:il3d,nat-oop,107447,167593,48.795,1.560,5.554e-16,-,0
4,32,512,z:il3d,nat-oop,122203,167943,42.903,1.374,5.554e-16,-,1
4,32,1024,z:il3d,nat-oop,255207,363093,43.655,1.423,5.348e-16,-,0
4,32,1024,z:il3d,nat-oop,248807,371253,44.778,1.492,5.348e-16,-,1
4,32,2048,z:il3d,nat-oop,544537,755113,43.327,1.387,9.659e-16,-,0
4,32,2048,z:il3d,nat-oop,545488,756238,43.251,1.386,9.659e-16,-,1
4,32,4096,z:il3d,nat-oop,1277087,1647750,39.001,1.290,1.847e-15,-,0
4,32,4096,z:il3d,nat-oop,1252888,1613638,39.754,1.288,1.847e-15,-,1
4,32,8192,z:il3d,nat-oop,3053075,3619062,34.345,1.185,2.551e-15,-,0
4,32,8192,z:il3d,nat-oop,3034012,3769088,34.561,1.242,2.551e-15,-,1
4,64,2,z:il3d,nat-oop,482,2308,47.845,4.793,2.359e-16,-,0
4,64,2,z:il3d,nat-oop,481,2308,47.940,4.801,2.359e-16,-,1
4,64,4,z:il3d,nat-oop,843,3198,60.743,3.794,3.190e-16,-,0
4,64,4,z:il3d,nat-oop,835,3205,61.324,3.838,3.190e-16,-,1
4,64,8,z:il3d,nat-oop,2185,5151,51.553,2.358,2.948e-16,-,0
4,64,8,z:il3d,nat-oop,2355,5145,47.834,2.185,2.948e-16,-,1
4,64,16,z:il3d,nat-oop,4822,9242,50.965,1.916,2.984e-16,-,0
4,64,16,z:il3d,nat-oop,4710,9271,52.182,1.968,2.984e-16,-,1
4,64,32,z:il3d,nat-oop,10501,18863,50.708,1.796,2.738e-16,-,0
4,64,32,z:il3d,nat-oop,10510,18639,50.663,1.773,2.738e-16,-,1
4,64,64,z:il3d,nat-oop,33245,38936,34.498,1.171,4.033e-16,-,0
4,64,64,z:il3d,nat-oop,27320,38846,41.979,1.422,4.033e-16,-,1
4,64,128,z:il3d,nat-oop,61890,82934,39.709,1.340,4.239e-16,-,0
4,64,128,z:il3d,nat-oop,61125,82567,40.206,1.351,4.239e-16,-,1
4,64,256,z:il3d,nat-oop,115263,168903,45.486,1.465,3.582e-16,-,0
4,64,256,z:il3d,nat-oop,116057,169617,45.175,1.461,3.582e-16,-,1
4,64,512,z:il3d,nat-oop,286507,359673,38.886,1.255,5.879e-16,-,0
4,64,512,z:il3d,nat-oop,283473,359587,39.302,1.269,5.879e-16,-,1
4,64,1024,z:il3d,nat-oop,592125,745712,39.845,1.259,9.123e-16,-,0
4,64,1024,z:il3d,nat-oop,584312,744925,40.377,1.275,9.123e-16,-,1
4,64,2048,z:il3d,nat-oop,1372688,1596762,36.285,1.163,1.930e-15,-,0
4,64,2048,z:il3d,nat-oop,1336450,1597288,37.268,1.195,1.930e-15,-,1
4,64,4096,z:il3d,nat-oop,3152100,3618700,33.266,1.148,2.635e-15,-,0
4,64,4096,z:il3d,nat-oop,3160912,3618213,33.173,1.145,2.635e-15,-,1
4,64,8192,z:il3d,nat-oop,7892700,8662713,27.899,1.098,2.908e-15,-,0
4,64,8192,z:il3d,nat-oop,7889012,8591537,27.912,1.089,2.908e-15,-,1
4,128,2,z:il3d,nat-oop,1039,4090,49.273,3.936,3.501e-16,-,0
4,128,2,z:il3d,nat-oop,1013,4080,50.568,4.029,3.501e-16,-,1
4,128,4,z:il3d,nat-oop,2370,6165,47.530,2.601,3.678e-16,-,0
4,128,4,z:il3d,nat-oop,2384,6162,47.254,2.585,3.678e-16,-,1
4,128,8,z:il3d,nat-oop,5408,11155,45.444,2.063,2.659e-16,-,0
4,128,8,z:il3d,nat-oop,5421,11131,45.332,2.053,2.659e-16,-,1
4,128,16,z:il3d,nat-oop,12698,20508,41.933,1.615,4.218e-16,-,0
4,128,16,z:il3d,nat-oop,13754,20485,38.714,1.489,4.218e-16,-,1
4,128,32,z:il3d,nat-oop,32840,40145,34.923,1.222,3.800e-16,-,0
4,128,32,z:il3d,nat-oop,32672,40334,35.103,1.234,3.800e-16,-,1
4,128,64,z:il3d,nat-oop,66167,83982,37.142,1.269,3.708e-16,-,0
4,128,64,z:il3d,nat-oop,64459,84379,38.127,1.309,3.708e-16,-,1
4,128,128,z:il3d,nat-oop,122780,175197,42.701,1.427,5.033e-16,-,0
4,128,128,z:il3d,nat-oop,140483,174507,37.320,1.242,5.033e-16,-,1
4,128,256,z:il3d,nat-oop,263213,373960,42.327,1.421,5.939e-16,-,0
4,128,256,z:il3d,nat-oop,308753,373467,36.084,1.210,5.939e-16,-,1
4,128,512,z:il3d,nat-oop,625275,770250,37.732,1.232,1.018e-15,-,0
4,128,512,z:il3d,nat-oop,615462,772900,38.334,1.256,1.018e-15,-,1
4,128,1024,z:il3d,nat-oop,1278975,1665375,38.943,1.302,1.916e-15,-,0
4,128,1024,z:il3d,nat-oop,1273875,1625375,39.099,1.276,1.916e-15,-,1
4,128,2048,z:il3d,nat-oop,3376175,3724425,31.058,1.103,2.423e-15,-,0
4,128,2048,z:il3d,nat-oop,3397162,3749812,30.866,1.104,2.423e-15,-,1
4,128,4096,z:il3d,nat-oop,8372475,8918500,26.301,1.065,2.583e-15,-,0
4,128,4096,z:il3d,nat-oop,8491925,9075225,25.931,1.069,2.583e-15,-,1
4,128,8192,z:il3d,nat-oop,18061662,19837438,25.544,1.098,7.487e-15,-,0
4,128,8192,z:il3d,nat-oop,18123338,23608975,25.457,1.303,7.487e-15,-,1
4,256,2,z:il3d,nat-oop,2430,7801,46.357,3.211,3.850e-16,-,0
4,256,2,z:il3d,nat-oop,2455,7844,45.885,3.195,3.850e-16,-,1
4,256,4,z:il3d,nat-oop,5689,12428,43.198,2.185,4.143e-16,-,0
4,256,4,z:il3d,nat-oop,5600,12502,43.887,2.233,4.143e-16,-,1
4,256,8,z:il3d,nat-oop,12748,22873,41.771,1.794,4.078e-16,-,0
4,256,8,z:il3d,nat-oop,12705,23042,41.911,1.814,4.078e-16,-,1
4,256,16,z:il3d,nat-oop,29282,42566,39.167,1.454,3.591e-16,-,0
4,256,16,z:il3d,nat-oop,36407,43184,31.501,1.186,4.489e-16,-,1
4,256,32,z:il3d,nat-oop,66913,82885,36.728,1.239,3.748e-16,-,0
4,256,32,z:il3d,nat-oop,68367,82808,35.947,1.211,3.748e-16,-,1
4,256,64,z:il3d,nat-oop,136927,172320,38.290,1.258,4.035e-16,-,0
4,256,64,z:il3d,nat-oop,135180,173230,38.784,1.281,4.035e-16,-,1
4,256,128,z:il3d,nat-oop,275153,363860,40.491,1.322,5.477e-16,-,0
4,256,128,z:il3d,nat-oop,273460,366187,40.741,1.339,5.477e-16,-,1
4,256,256,z:il3d,nat-oop,587613,754213,40.151,1.284,9.641e-16,-,0
4,256,256,z:il3d,nat-oop,589662,754437,40.011,1.279,9.641e-16,-,1
4,256,512,z:il3d,nat-oop,1308650,1623825,38.060,1.241,1.865e-15,-,0
4,256,512,z:il3d,nat-oop,1321300,1639787,37.696,1.241,1.865e-15,-,1
4,256,1024,z:il3d,nat-oop,3091650,3852887,33.916,1.246,2.502e-15,-,0
4,256,1024,z:il3d,nat-oop,3058250,3717225,34.287,1.215,2.502e-15,-,1
4,256,2048,z:il3d,nat-oop,8461637,9060925,26.023,1.071,2.452e-15,-,0
4,256,2048,z:il3d,nat-oop,8499525,9380512,25.907,1.104,2.452e-15,-,1
4,256,4096,z:il3d,nat-oop,17860100,20213437,25.833,1.132,7.435e-15,-,0
4,256,4096,z:il3d,nat-oop,17815725,22892275,25.897,1.285,7.435e-15,-,1
4,512,2,z:il3d,nat-oop,5757,16151,42.691,2.806,3.688e-16,-,0
4,512,2,z:il3d,nat-oop,5618,16131,43.748,2.871,3.688e-16,-,1
4,512,4,z:il3d,nat-oop,12977,25191,41.031,1.941,4.014e-16,-,0
4,512,4,z:il3d,nat-oop,12518,25144,42.537,2.009,4.014e-16,-,1
4,512,8,z:il3d,nat-oop,26948,47519,42.560,1.763,3.398e-16,-,0
4,512,8,z:il3d,nat-oop,27650,47108,41.478,1.704,3.398e-16,-,1
4,512,16,z:il3d,nat-oop,73051,88048,33.642,1.205,3.739e-16,-,0
4,512,16,z:il3d,nat-oop,61038,87898,40.264,1.440,3.739e-16,-,1
4,512,32,z:il3d,nat-oop,144297,176567,36.334,1.224,5.436e-16,-,0
4,512,32,z:il3d,nat-oop,145070,176470,36.140,1.216,5.436e-16,-,1
4,512,64,z:il3d,nat-oop,311980,386747,35.711,1.240,4.966e-16,-,0
4,512,64,z:il3d,nat-oop,305913,389187,36.419,1.272,4.966e-16,-,1
4,512,128,z:il3d,nat-oop,614037,794350,38.423,1.294,1.077e-15,-,0
4,512,128,z:il3d,nat-oop,619450,792850,38.087,1.280,1.077e-15,-,1
4,512,256,z:il3d,nat-oop,1320975,1743737,37.705,1.320,1.836e-15,-,0
4,512,256,z:il3d,nat-oop,1324212,1713688,37.613,1.294,1.836e-15,-,1
4,512,512,z:il3d,nat-oop,3851287,4058075,27.227,1.054,2.392e-15,-,0
4,512,512,z:il3d,nat-oop,3712400,4020262,28.245,1.083,2.392e-15,-,1
4,512,1024,z:il3d,nat-oop,8252775,9504200,26.682,1.152,2.693e-15,-,0
4,512,1024,z:il3d,nat-oop,8257638,9505062,26.666,1.151,2.693e-15,-,1
4,512,2048,z:il3d,nat-oop,17712625,20258025,26.048,1.144,6.621e-15,-,0
4,512,2048,z:il3d,nat-oop,17678438,20313975,26.098,1.149,6.621e-15,-,1
4,1024,2,z:il3d,nat-oop,13364,33401,39.843,2.499,4.181e-16,-,0
4,1024,2,z:il3d,nat-oop,18233,33763,29.205,1.852,4.181e-16,-,1
4,1024,4,z:il3d,nat-oop,26812,51650,42.774,1.926,3.543e-16,-,0
4,1024,4,z:il3d,nat-oop,27122,51879,42.286,1.913,3.543e-16,-,1
4,1024,8,z:il3d,nat-oop,57090,96800,43.048,1.696,3.696e-16,-,0
4,1024,8,z:il3d,nat-oop,57913,96707,42.436,1.670,3.696e-16,-,1
4,1024,16,z:il3d,nat-oop,130687,182593,40.118,1.397,4.249e-16,-,0
4,1024,16,z:il3d,nat-oop,136563,182653,38.392,1.337,4.249e-16,-,1
4,1024,32,z:il3d,nat-oop,299500,374627,37.199,1.251,6.089e-16,-,0
4,1024,32,z:il3d,nat-oop,295887,373920,37.653,1.264,6.089e-16,-,1
4,1024,64,z:il3d,nat-oop,749812,811163,31.465,1.082,9.211e-16,-,0
4,1024,64,z:il3d,nat-oop,742038,809063,31.795,1.090,9.211e-16,-,1
4,1024,128,z:il3d,nat-oop,1612700,1744487,30.884,1.082,1.851e-15,-,0
4,1024,128,z:il3d,nat-oop,1622112,1746237,30.705,1.077,1.851e-15,-,1
4,1024,256,z:il3d,nat-oop,3598238,4128387,29.141,1.147,2.350e-15,-,0
4,1024,256,z:il3d,nat-oop,3574437,4186450,29.335,1.171,2.350e-15,-,1
4,1024,512,z:il3d,nat-oop,8391800,9756287,26.240,1.163,2.799e-15,-,0
4,1024,512,z:il3d,nat-oop,8230287,9810075,26.755,1.192,2.799e-15,-,1
4,1024,1024,z:il3d,nat-oop,17716787,21174088,26.042,1.195,7.743e-15,-,0
4,1024,1024,z:il3d,nat-oop,17821487,21277112,25.889,1.194,7.743e-15,-,1
4,2048,2,z:il3d,nat-oop,29364,68298,39.057,2.326,3.931e-16,-,0
4,2048,2,z:il3d,nat-oop,29222,68060,39.247,2.329,3.931e-16,-,1
4,2048,4,z:il3d,nat-oop,60520,107126,40.608,1.770,3.841e-16,-,0
4,2048,4,z:il3d,nat-oop,61033,109803,40.267,1.799,3.841e-16,-,1
4,2048,8,z:il3d,nat-oop,125960,202037,41.623,1.604,4.452e-16,-,0
4,2048,8,z:il3d,nat-oop,128943,201850,40.660,1.565,4.452e-16,-,1
4,2048,16,z:il3d,nat-oop,308860,485853,36.072,1.573,3.589e-16,-,0
4,2048,16,z:il3d,nat-oop,301213,394953,36.987,1.311,3.589e-16,-,1
4,2048,32,z:il3d,nat-oop,957813,846525,24.632,0.884,9.934e-16,-,0
4,2048,32,z:il3d,nat-oop,967213,801400,24.393,0.829,9.934e-16,-,1
4,2048,64,z:il3d,nat-oop,1829275,1816475,27.228,0.993,1.766e-15,-,0
4,2048,64,z:il3d,nat-oop,1845050,1851850,26.995,1.004,1.766e-15,-,1
4,2048,128,z:il3d,nat-oop,4090188,4347800,25.636,1.063,2.508e-15,-,0
4,2048,128,z:il3d,nat-oop,4139300,4278712,25.332,1.034,2.508e-15,-,1
4,2048,256,z:il3d,nat-oop,8824175,10045450,24.954,1.138,2.413e-15,-,0
4,2048,256,z:il3d,nat-oop,8780862,10016400,25.077,1.141,2.413e-15,-,1
4,2048,512,z:il3d,nat-oop,18819700,22050900,24.515,1.172,7.354e-15,-,0
4,2048,512,z:il3d,nat-oop,19929587,22143075,23.150,1.111,7.354e-15,-,1
4,4096,2,z:il3d,nat-oop,64416,138510,38.152,2.150,3.990e-16,-,0
4,4096,2,z:il3d,nat-oop,60136,137323,40.867,2.284,3.990e-16,-,1
4,4096,4,z:il3d,nat-oop,124420,216890,42.139,1.743,4.427e-16,-,0
4,4096,4,z:il3d,nat-oop,124573,217973,42.087,1.750,4.427e-16,-,1
4,4096,8,z:il3d,nat-oop,281993,426147,39.508,1.511,5.603e-16,-,0
4,4096,8,z:il3d,nat-oop,283253,429640,39.333,1.517,5.603e-16,-,1
4,4096,16,z:il3d,nat-oop,670975,826400,35.162,1.232,8.409e-16,-,0
4,4096,16,z:il3d,nat-oop,662213,823550,35.627,1.244,8.409e-16,-,1
4,4096,32,z:il3d,nat-oop,1896650,1775037,26.261,0.936,1.909e-15,-,0
4,4096,32,z:il3d,nat-oop,1901800,1780438,26.190,0.936,1.909e-15,-,1
4,4096,64,z:il3d,nat-oop,4113788,4173375,25.489,1.014,2.502e-15,-,0
4,4096,64,z:il3d,nat-oop,4110937,4029800,25.507,0.980,2.502e-15,-,1
4,4096,128,z:il3d,nat-oop,9734613,10929362,22.620,1.123,2.752e-15,-,0
4,4096,128,z:il3d,nat-oop,9934850,10578175,22.164,1.065,2.752e-15,-,1
4,4096,256,z:il3d,nat-oop,20654925,22185225,22.337,1.074,7.273e-15,-,0
4,4096,256,z:il3d,nat-oop,20572675,22285637,22.427,1.083,7.273e-15,-,1
4,8192,2,z:il3d,nat-oop,138210,283497,37.934,2.051,4.418e-16,-,0
4,8192,2,z:il3d,nat-oop,135983,284757,38.555,2.094,4.418e-16,-,1
4,8192,4,z:il3d,nat-oop,291920,460947,38.165,1.579,7.942e-16,-,0
4,8192,4,z:il3d,nat-oop,280607,453833,39.704,1.617,7.942e-16,-,1
4,8192,8,z:il3d,nat-oop,632813,923600,37.283,1.460,7.690e-16,-,0
4,8192,8,z:il3d,nat-oop,633287,924788,37.255,1.460,7.690e-16,-,1
4,8192,16,z:il3d,nat-oop,1492075,1887963,33.381,1.265,1.708e-15,-,0
4,8192,16,z:il3d,nat-oop,1538538,1890025,32.373,1.228,1.708e-15,-,1
4,8192,32,z:il3d,nat-oop,4255300,4059787,24.642,0.954,2.636e-15,-,0
4,8192,32,z:il3d,nat-oop,4212313,4022025,24.893,0.955,2.636e-15,-,1
4,8192,64,z:il3d,nat-oop,9982750,10152525,22.058,1.017,2.614e-15,-,0
4,8192,64,z:il3d,nat-oop,9869550,10156588,22.311,1.029,2.614e-15,-,1
4,8192,128,z:il3d,nat-oop,21167675,23871738,21.796,1.128,6.618e-15,-,0
4,8192,128,z:il3d,nat-oop,21480250,23843287,21.479,1.110,6.618e-15,-,1
8,2,2,z:il3d,nat-oop,122,1273,6.552,10.429,2.859e-16,-,0
8,2,2,z:il3d,nat-oop,123,1273,6.500,10.346,2.859e-16,-,1
8,2,4,z:il3d,nat-oop,139,1384,13.777,9.928,2.687e-16,-,0
8,2,4,z:il3d,nat-oop,139,1385,13.788,9.945,2.687e-16,-,1
8,2,8,z:il3d,nat-oop,184,1511,24.400,8.230,1.769e-16,-,0
8,2,8,z:il3d,nat-oop,183,1511,24.426,8.238,1.769e-16,-,1
8,2,16,z:il3d,nat-oop,282,1905,36.351,6.762,2.450e-16,-,0
8,2,16,z:il3d,nat-oop,281,1907,36.434,6.784,2.450e-16,-,1
8,2,32,z:il3d,nat-oop,453,2864,50.820,6.317,3.498e-16,-,0
8,2,32,z:il3d,nat-oop,454,2855,50.783,6.293,3.498e-16,-,1
8,2,64,z:il3d,nat-oop,835,4503,61.339,5.395,3.206e-16,-,0
8,2,64,z:il3d,nat-oop,836,4499,61.260,5.383,3.206e-16,-,1
8,2,128,z:il3d,nat-oop,2133,8169,52.801,3.829,4.454e-16,-,0
8,2,128,z:il3d,nat-oop,2093,8165,53.819,3.901,4.454e-16,-,1
8,2,256,z:il3d,nat-oop,5106,15392,48.134,3.015,3.115e-16,-,0
8,2,256,z:il3d,nat-oop,5129,15341,47.913,2.991,3.115e-16,-,1
8,2,512,z:il3d,nat-oop,10825,29603,49.190,2.735,3.611e-16,-,0
8,2,512,z:il3d,nat-oop,10666,29663,49.921,2.781,3.611e-16,-,1
8,2,1024,z:il3d,nat-oop,23243,59436,49.342,2.557,3.397e-16,-,0
8,2,1024,z:il3d,nat-oop,23047,59383,49.763,2.577,3.397e-16,-,1
8,2,2048,z:il3d,nat-oop,51077,121102,48.116,2.371,3.410e-16,-,0
8,2,2048,z:il3d,nat-oop,51031,121341,48.159,2.378,3.410e-16,-,1
8,2,4096,z:il3d,nat-oop,99840,248623,52.513,2.490,3.917e-16,-,0
8,2,4096,z:il3d,nat-oop,99437,248813,52.726,2.502,3.917e-16,-,1
8,2,8192,z:il3d,nat-oop,230567,538093,48.321,2.334,4.876e-16,-,0
8,2,8192,z:il3d,nat-oop,230767,537653,48.279,2.330,4.876e-16,-,1
8,4,2,z:il3d,nat-oop,144,1360,13.294,9.416,1.290e-16,-,0
8,4,2,z:il3d,nat-oop,141,1361,13.659,9.682,1.290e-16,-,1
8,4,4,z:il3d,nat-oop,169,1453,26.526,8.603,2.032e-16,-,0
8,4,4,z:il3d,nat-oop,168,1455,26.634,8.649,2.032e-16,-,1
8,4,8,z:il3d,nat-oop,245,1648,41.769,6.721,2.497e-16,-,0
8,4,8,z:il3d,nat-oop,241,1650,42.575,6.860,2.497e-16,-,1
8,4,16,z:il3d,nat-oop,427,2115,54.018,4.958,3.374e-16,-,0
8,4,16,z:il3d,nat-oop,428,2116,53.882,4.949,3.374e-16,-,1
8,4,32,z:il3d,nat-oop,781,3285,65.537,4.205,2.066e-16,-,0
8,4,32,z:il3d,nat-oop,781,3280,65.567,4.200,2.066e-16,-,1
8,4,64,z:il3d,nat-oop,2019,5756,55.791,2.851,2.429e-16,-,0
8,4,64,z:il3d,nat-oop,2034,5728,55.378,2.816,2.429e-16,-,1
8,4,128,z:il3d,nat-oop,4932,10579,49.834,2.145,4.253e-16,-,0
8,4,128,z:il3d,nat-oop,4879,10587,50.370,2.170,4.253e-16,-,1
8,4,256,z:il3d,nat-oop,10075,20213,52.854,2.006,3.762e-16,-,0
8,4,256,z:il3d,nat-oop,10014,20258,53.176,2.023,3.762e-16,-,1
8,4,512,z:il3d,nat-oop,22131,40286,51.822,1.820,4.233e-16,-,0
8,4,512,z:il3d,nat-oop,21964,40270,52.217,1.833,4.233e-16,-,1
8,4,1024,z:il3d,nat-oop,46592,81966,52.747,1.759,3.635e-16,-,0
8,4,1024,z:il3d,nat-oop,46728,81838,52.594,1.751,3.635e-16,-,1
8,4,2048,z:il3d,nat-oop,93700,170283,55.954,1.817,3.310e-16,-,0
8,4,2048,z:il3d,nat-oop,98080,170897,53.455,1.742,3.310e-16,-,1
8,4,4096,z:il3d,nat-oop,223973,379620,49.743,1.695,4.130e-16,-,0
8,4,4096,z:il3d,nat-oop,218733,381027,50.935,1.742,4.130e-16,-,1
8,4,8192,z:il3d,nat-oop,479575,777838,49.196,1.622,5.475e-16,-,0
8,4,8192,z:il3d,nat-oop,483863,780850,48.760,1.614,5.475e-16,-,1
8,8,2,z:il3d,nat-oop,179,1471,24.999,8.210,1.806e-16,-,0
8,8,2,z:il3d,nat-oop,181,1470,24.794,8.136,1.806e-16,-,1
8,8,4,z:il3d,nat-oop,242,1672,42.230,6.894,1.914e-16,-,0
8,8,4,z:il3d,nat-oop,242,1675,42.245,6.911,1.914e-16,-,1
8,8,8,z:il3d,nat-oop,389,365,59.187,0.937,2.354e-16,-,0
8,8,8,z:il3d,nat-oop,390,365,59.124,0.937,2.354e-16,-,1
8,8,16,z:il3d,nat-oop,760,2700,67.362,3.553,1.882e-16,-,0
8,8,16,z:il3d,nat-oop,761,2702,67.253,3.549,1.882e-16,-,1
8,8,32,z:il3d,nat-oop,2071,4723,54.384,2.280,2.561e-16,-,0
8,8,32,z:il3d,nat-oop,2427,4726,46.420,1.948,2.561e-16,-,1
8,8,64,z:il3d,nat-oop,4890,8983,50.258,1.837,2.899e-16,-,0
8,8,64,z:il3d,nat-oop,4865,8970,50.512,1.844,2.899e-16,-,1
8,8,128,z:il3d,nat-oop,10146,17055,52.480,1.681,4.178e-16,-,0
8,8,128,z:il3d,nat-oop,10401,17071,51.194,1.641,4.178e-16,-,1
8,8,256,z:il3d,nat-oop,20552,34081,55.805,1.658,3.571e-16,-,0
8,8,256,z:il3d,nat-oop,20580,34024,55.729,1.653,3.571e-16,-,1
8,8,512,z:il3d,nat-oop,54315,68843,45.247,1.267,4.240e-16,-,0
8,8,512,z:il3d,nat-oop,45007,68626,54.605,1.525,4.240e-16,-,1
8,8,1024,z:il3d,nat-oop,89453,143000,58.610,1.599,4.230e-16,-,0
8,8,1024,z:il3d,nat-oop,93953,143067,55.803,1.523,4.230e-16,-,1
8,8,2048,z:il3d,nat-oop,207213,322367,53.766,1.556,4.028e-16,-,0
8,8,2048,z:il3d,nat-oop,209207,322607,53.254,1.542,4.028e-16,-,1
8,8,4096,z:il3d,nat-oop,458825,667550,51.420,1.455,4.628e-16,-,0
8,8,4096,z:il3d,nat-oop,459587,667525,51.335,1.452,4.628e-16,-,1
8,8,8192,z:il3d,nat-oop,995812,1386212,50.017,1.392,1.154e-15,-,0
8,8,8192,z:il3d,nat-oop,984350,1392213,50.599,1.414,1.154e-15,-,1
8,16,2,z:il3d,nat-oop,265,1810,38.665,6.833,2.688e-16,-,0
8,16,2,z:il3d,nat-oop,264,1806,38.836,6.849,2.688e-16,-,1
8,16,4,z:il3d,nat-oop,455,2133,50.669,4.690,2.206e-16,-,0
8,16,4,z:il3d,nat-oop,455,2133,50.691,4.694,2.206e-16,-,1
8,16,8,z:il3d,nat-oop,728,2709,70.371,3.724,2.956e-16,-,0
8,16,8,z:il3d,nat-oop,728,2718,70.321,3.733,2.956e-16,-,1
8,16,16,z:il3d,nat-oop,2068,4282,54.473,2.071,3.046e-16,-,0
8,16,16,z:il3d,nat-oop,2081,4279,54.137,2.057,3.046e-16,-,1
8,16,32,z:il3d,nat-oop,5039,7857,48.770,1.559,3.225e-16,-,0
8,16,32,z:il3d,nat-oop,5090,7864,48.287,1.545,3.225e-16,-,1
8,16,64,z:il3d,nat-oop,11210,15542,47.501,1.386,3.264e-16,-,0
8,16,64,z:il3d,nat-oop,11084,15384,48.039,1.388,3.264e-16,-,1
8,16,128,z:il3d,nat-oop,21511,31869,53.315,1.481,3.524e-16,-,0
8,16,128,z:il3d,nat-oop,21563,31830,53.187,1.476,3.524e-16,-,1
8,16,256,z:il3d,nat-oop,51387,68272,47.825,1.329,4.926e-16,-,0
8,16,256,z:il3d,nat-oop,53028,68585,46.345,1.293,4.926e-16,-,1
8,16,512,z:il3d,nat-oop,104110,143450,50.359,1.378,4.279e-16,-,0
8,16,512,z:il3d,nat-oop,97947,142640,53.528,1.456,4.279e-16,-,1
8,16,1024,z:il3d,nat-oop,218587,324927,50.969,1.486,4.633e-16,-,0
8,16,1024,z:il3d,nat-oop,228580,322033,48.741,1.409,4.633e-16,-,1
8,16,2048,z:il3d,nat-oop,480088,661012,49.143,1.377,5.190e-16,-,0
8,16,2048,z:il3d,nat-oop,470962,668625,50.095,1.420,5.190e-16,-,1
8,16,4096,z:il3d,nat-oop,1066488,1377150,46.702,1.291,1.222e-15,-,0
8,16,4096,z:il3d,nat-oop,1032488,1383287,48.240,1.340,1.222e-15,-,1
8,16,8192,z:il3d,nat-oop,2556063,3318750,41.023,1.298,1.294e-15,-,0
8,16,8192,z:il3d,nat-oop,2525950,3269762,41.512,1.294,1.294e-15,-,1
8,32,2,z:il3d,nat-oop,518,2592,44.449,5.000,2.635e-16,-,0
8,32,2,z:il3d,nat-oop,509,2589,45.269,5.086,2.635e-16,-,1
8,32,4,z:il3d,nat-oop,840,3295,60.958,3.923,2.034e-16,-,0
8,32,4,z:il3d,nat-oop,828,3297,61.860,3.983,2.034e-16,-,1
8,32,8,z:il3d,nat-oop,1856,4756,60.678,2.562,3.054e-16,-,0
8,32,8,z:il3d,nat-oop,2022,4733,55.709,2.341,3.054e-16,-,1
8,32,16,z:il3d,nat-oop,5248,8050,46.830,1.534,2.896e-16,-,0
8,32,16,z:il3d,nat-oop,5299,8049,46.375,1.519,3.862e-16,-,1
8,32,32,z:il3d,nat-oop,10715,15073,49.696,1.407,3.456e-16,-,0
8,32,32,z:il3d,nat-oop,10996,15086,48.425,1.372,3.456e-16,-,1
8,32,64,z:il3d,nat-oop,22839,31578,50.215,1.383,3.895e-16,-,0
8,32,64,z:il3d,nat-oop,22179,31679,51.711,1.428,3.895e-16,-,1
8,32,128,z:il3d,nat-oop,52097,67436,47.174,1.294,3.905e-16,-,0
8,32,128,z:il3d,nat-oop,59403,67466,41.371,1.136,3.905e-16,-,1
8,32,256,z:il3d,nat-oop,136970,141540,38.278,1.033,4.308e-16,-,0
8,32,256,z:il3d,nat-oop,116560,141070,44.980,1.210,4.308e-16,-,1
8,32,512,z:il3d,nat-oop,246533,312153,45.191,1.266,4.860e-16,-,0
8,32,512,z:il3d,nat-oop,246940,327340,45.117,1.326,4.860e-16,-,1
8,32,1024,z:il3d,nat-oop,534638,644313,44.129,1.205,5.191e-16,-,0
8,32,1024,z:il3d,nat-oop,541337,642875,43.583,1.188,5.191e-16,-,1
8,32,2048,z:il3d,nat-oop,1117337,1339738,44.577,1.199,1.123e-15,-,0
8,32,2048,z:il3d,nat-oop,1129662,1339825,44.090,1.186,1.123e-15,-,1
8,32,4096,z:il3d,nat-oop,2703812,3097138,38.781,1.145,1.240e-15,-,0
8,32,4096,z:il3d,nat-oop,2704412,3137775,38.773,1.160,1.240e-15,-,1
8,32,8192,z:il3d,nat-oop,7446912,7764425,29.569,1.043,2.008e-15,-,0
8,32,8192,z:il3d,nat-oop,7543425,7664525,29.191,1.016,2.008e-15,-,1
8,64,2,z:il3d,nat-oop,1011,4042,50.652,3.999,2.721e-16,-,0
8,64,2,z:il3d,nat-oop,989,4045,51.784,4.091,2.721e-16,-,1
8,64,4,z:il3d,nat-oop,2672,5558,42.155,2.080,2.666e-16,-,0
8,64,4,z:il3d,nat-oop,2604,5545,43.260,2.130,2.666e-16,-,1
8,64,8,z:il3d,nat-oop,5231,8839,46.978,1.690,3.103e-16,-,0
8,64,8,z:il3d,nat-oop,5251,8789,46.804,1.674,3.103e-16,-,1
8,64,16,z:il3d,nat-oop,11596,15426,45.918,1.330,4.223e-16,-,0
8,64,16,z:il3d,nat-oop,11477,15482,46.395,1.349,4.223e-16,-,1
8,64,32,z:il3d,nat-oop,23553,31557,48.693,1.340,3.701e-16,-,0
8,64,32,z:il3d,nat-oop,23862,31603,48.062,1.324,3.701e-16,-,1
8,64,64,z:il3d,nat-oop,60672,65439,40.506,1.079,5.385e-16,-,0
8,64,64,z:il3d,nat-oop,69493,65348,35.364,0.940,5.385e-16,-,1
8,64,128,z:il3d,nat-oop,139747,142340,37.517,1.019,4.912e-16,-,0
8,64,128,z:il3d,nat-oop,121427,143777,43.177,1.184,4.912e-16,-,1
8,64,256,z:il3d,nat-oop,263787,309793,42.235,1.174,4.626e-16,-,0
8,64,256,z:il3d,nat-oop,300947,314907,37.020,1.046,4.626e-16,-,1
8,64,512,z:il3d,nat-oop,670262,639588,35.200,0.954,5.666e-16,-,0
8,64,512,z:il3d,nat-oop,661163,638975,35.684,0.966,5.666e-16,-,1
8,64,1024,z:il3d,nat-oop,1205675,1329113,41.311,1.102,1.221e-15,-,0
8,64,1024,z:il3d,nat-oop,1222825,1321062,40.731,1.080,1.221e-15,-,1
8,64,2048,z:il3d,nat-oop,2997100,3193662,34.986,1.066,1.383e-15,-,0
8,64,2048,z:il3d,nat-oop,2985850,3195475,35.118,1.070,1.383e-15,-,1
8,64,4096,z:il3d,nat-oop,7568925,7621975,29.093,1.007,2.020e-15,-,0
8,64,4096,z:il3d,nat-oop,7704462,7604313,28.581,0.987,2.020e-15,-,1
8,64,8192,z:il3d,nat-oop,16992700,17204500,27.151,1.012,3.535e-15,-,0
8,64,8192,z:il3d,nat-oop,16866612,17724725,27.354,1.051,3.535e-15,-,1
8,128,2,z:il3d,nat-oop,2491,7295,45.210,2.928,2.691e-16,-,0
8,128,2,z:il3d,nat-oop,2519,7309,44.719,2.902,2.691e-16,-,1
8,128,4,z:il3d,nat-oop,5576,10719,44.078,1.922,3.665e-16,-,0
8,128,4,z:il3d,nat-oop,5553,10725,44.258,1.931,3.665e-16,-,1
8,128,8,z:il3d,nat-oop,12249,19308,43.472,1.576,3.526e-16,-,0
8,128,8,z:il3d,nat-oop,12263,19306,43.423,1.574,3.526e-16,-,1
8,128,16,z:il3d,nat-oop,29015,36116,39.527,1.245,4.741e-16,-,0
8,128,16,z:il3d,nat-oop,28722,35069,39.930,1.221,4.741e-16,-,1
8,128,32,z:il3d,nat-oop,60933,68089,40.333,1.117,3.729e-16,-,0
8,128,32,z:il3d,nat-oop,61854,67984,39.732,1.099,3.729e-16,-,1
8,128,64,z:il3d,nat-oop,131693,145323,39.811,1.103,3.619e-16,-,0
8,128,64,z:il3d,nat-oop,134373,145127,39.017,1.080,3.619e-16,-,1
8,128,128,z:il3d,nat-oop,313420,315787,35.547,1.008,4.081e-16,-,0
8,128,128,z:il3d,nat-oop,313467,319087,35.542,1.018,4.081e-16,-,1
8,128,256,z:il3d,nat-oop,582800,666288,40.482,1.143,4.872e-16,-,0
8,128,256,z:il3d,nat-oop,649762,669500,36.310,1.030,4.872e-16,-,1
8,128,512,z:il3d,nat-oop,1238538,1401525,40.215,1.132,1.136e-15,-,0
8,128,512,z:il3d,nat-oop,1288675,1386588,38.650,1.076,1.136e-15,-,1
8,128,1024,z:il3d,nat-oop,2997350,3380088,34.983,1.128,1.404e-15,-,0
8,128,1024,z:il3d,nat-oop,2904938,3277925,36.096,1.128,1.404e-15,-,1
8,128,2048,z:il3d,nat-oop,7792713,7869575,28.257,1.010,2.045e-15,-,0
8,128,2048,z:il3d,nat-oop,7892637,8345425,27.900,1.057,2.045e-15,-,1
8,128,4096,z:il3d,nat-oop,17284287,18023875,26.693,1.043,3.211e-15,-,0
8,128,4096,z:il3d,nat-oop,17244925,17975975,26.754,1.042,3.211e-15,-,1
8,256,2,z:il3d,nat-oop,5684,13986,43.237,2.461,2.608e-16,-,0
8,256,2,z:il3d,nat-oop,5688,13956,43.209,2.454,2.608e-16,-,1
8,256,4,z:il3d,nat-oop,12538,21861,42.470,1.744,4.169e-16,-,0
8,256,4,z:il3d,nat-oop,12566,21863,42.373,1.740,4.169e-16,-,1
8,256,8,z:il3d,nat-oop,28433,40163,40.337,1.413,3.671e-16,-,0
8,256,8,z:il3d,nat-oop,28312,40535,40.508,1.432,3.671e-16,-,1
8,256,16,z:il3d,nat-oop,75811,73723,32.417,0.972,3.735e-16,-,0
8,256,16,z:il3d,nat-oop,63679,73856,38.594,1.160,3.735e-16,-,1
8,256,32,z:il3d,nat-oop,138713,140823,37.797,1.015,4.536e-16,-,0
8,256,32,z:il3d,nat-oop,136343,140323,38.454,1.029,4.536e-16,-,1
8,256,64,z:il3d,nat-oop,299060,317820,37.254,1.063,4.599e-16,-,0
8,256,64,z:il3d,nat-oop,304040,315920,36.644,1.039,4.599e-16,-,1
8,256,128,z:il3d,nat-oop,621187,647312,37.980,1.042,6.297e-16,-,0
8,256,128,z:il3d,nat-oop,625912,648225,37.694,1.036,6.297e-16,-,1
8,256,256,z:il3d,nat-oop,1232388,1352050,40.415,1.097,1.357e-15,-,0
8,256,256,z:il3d,nat-oop,1217375,1384362,40.914,1.137,1.357e-15,-,1
8,256,512,z:il3d,nat-oop,3106038,3303250,33.759,1.063,1.264e-15,-,0
8,256,512,z:il3d,nat-oop,3109413,3413400,33.723,1.098,1.264e-15,-,1
8,256,1024,z:il3d,nat-oop,7504438,8567500,29.343,1.142,2.056e-15,-,0
8,256,1024,z:il3d,nat-oop,7651512,8564175,28.779,1.119,2.056e-15,-,1
8,256,2048,z:il3d,nat-oop,17124625,20026538,26.942,1.169,3.451e-15,-,0
8,256,2048,z:il3d,nat-oop,17088400,17992138,26.999,1.053,3.451e-15,-,1
8,512,2,z:il3d,nat-oop,12981,29054,41.019,2.238,4.340e-16,-,0
8,512,2,z:il3d,nat-oop,13260,29135,40.157,2.197,4.340e-16,-,1
8,512,4,z:il3d,nat-oop,28675,45265,39.996,1.579,3.685e-16,-,0
8,512,4,z:il3d,nat-oop,29001,44534,39.546,1.536,3.685e-16,-,1
8,512,8,z:il3d,nat-oop,60285,83623,40.766,1.387,4.611e-16,-,0
8,512,8,z:il3d,nat-oop,61703,83089,39.829,1.347,4.611e-16,-,1
8,512,16,z:il3d,nat-oop,148613,154637,35.279,1.041,4.453e-16,-,0
8,512,16,z:il3d,nat-oop,128103,154457,40.927,1.206,4.453e-16,-,1
8,512,32,z:il3d,nat-oop,273780,320047,40.694,1.169,4.485e-16,-,0
8,512,32,z:il3d,nat-oop,315573,321113,35.304,1.018,4.485e-16,-,1
8,512,64,z:il3d,nat-oop,663550,697575,35.556,1.051,5.429e-16,-,0
8,512,64,z:il3d,nat-oop,651550,702625,36.211,1.078,5.429e-16,-,1
8,512,128,z:il3d,nat-oop,1349263,1441763,36.915,1.069,1.006e-15,-,0
8,512,128,z:il3d,nat-oop,1295275,1437888,38.453,1.110,1.006e-15,-,1
8,512,256,z:il3d,nat-oop,3084275,3475125,33.997,1.127,1.251e-15,-,0
8,512,256,z:il3d,nat-oop,3066312,3527525,34.197,1.150,1.251e-15,-,1
8,512,512,z:il3d,nat-oop,7876912,8792225,27.955,1.116,1.963e-15,-,0
8,512,512,z:il3d,nat-oop,8136712,8757137,27.063,1.076,1.963e-15,-,1
8,512,1024,z:il3d,nat-oop,16735500,19692113,27.569,1.177,3.719e-15,-,0
8,512,1024,z:il3d,nat-oop,16905975,19631288,27.291,1.161,3.719e-15,-,1
8,1024,2,z:il3d,nat-oop,29982,60883,38.252,2.031,4.541e-16,-,0
8,1024,2,z:il3d,nat-oop,30526,60770,37.570,1.991,4.541e-16,-,1
8,1024,4,z:il3d,nat-oop,60641,92398,40.527,1.524,3.562e-16,-,0
8,1024,4,z:il3d,nat-oop,61692,92879,39.837,1.506,3.562e-16,-,1
8,1024,8,z:il3d,nat-oop,119407,171297,43.908,1.435,4.423e-16,-,0
8,1024,8,z:il3d,nat-oop,119197,171673,43.985,1.440,4.423e-16,-,1
8,1024,16,z:il3d,nat-oop,296573,335893,37.566,1.133,4.286e-16,-,0
8,1024,16,z:il3d,nat-oop,296693,334187,37.551,1.126,4.286e-16,-,1
8,1024,32,z:il3d,nat-oop,642662,669700,36.711,1.042,5.612e-16,-,0
8,1024,32,z:il3d,nat-oop,649900,668588,36.302,1.029,5.612e-16,-,1
8,1024,64,z:il3d,nat-oop,1353388,1472138,36.802,1.088,1.153e-15,-,0
8,1024,64,z:il3d,nat-oop,1343462,1463613,37.074,1.089,1.153e-15,-,1
8,1024,128,z:il3d,nat-oop,3228275,3682100,32.481,1.141,1.418e-15,-,0
8,1024,128,z:il3d,nat-oop,3178888,3728525,32.986,1.173,1.418e-15,-,1
8,1024,256,z:il3d,nat-oop,7517200,8972525,29.293,1.194,2.056e-15,-,0
8,1024,256,z:il3d,nat-oop,7679625,8997050,28.673,1.172,2.056e-15,-,1
8,1024,512,z:il3d,nat-oop,17359537,19931963,26.578,1.148,3.359e-15,-,0
8,1024,512,z:il3d,nat-oop,17165913,19951500,26.877,1.162,3.359e-15,-,1
8,2048,2,z:il3d,nat-oop,64723,124503,37.971,1.924,3.739e-16,-,0
8,2048,2,z:il3d,nat-oop,64910,124600,37.862,1.920,3.739e-16,-,1
8,2048,4,z:il3d,nat-oop,121760,190733,43.059,1.566,3.781e-16,-,0
8,2048,4,z:il3d,nat-oop,122130,191690,42.929,1.570,3.781e-16,-,1
8,2048,8,z:il3d,nat-oop,283133,376707,39.349,1.330,4.982e-16,-,0
8,2048,8,z:il3d,nat-oop,280440,372213,39.727,1.327,4.982e-16,-,1
8,2048,16,z:il3d,nat-oop,639575,704850,36.888,1.102,5.341e-16,-,0
8,2048,16,z:il3d,nat-oop,657800,728725,35.866,1.108,5.341e-16,-,1
8,2048,32,z:il3d,nat-oop,1848588,1444550,26.943,0.781,1.249e-15,-,0
8,2048,32,z:il3d,nat-oop,1819225,1445625,27.378,0.795,1.249e-15,-,1
8,2048,64,z:il3d,nat-oop,3741587,3467575,28.025,0.927,1.303e-15,-,0
8,2048,64,z:il3d,nat-oop,3696962,3478775,28.363,0.941,1.303e-15,-,1
8,2048,128,z:il3d,nat-oop,8835112,9432275,24.923,1.068,1.978e-15,-,0
8,2048,128,z:il3d,nat-oop,8981213,9492338,24.518,1.057,1.978e-15,-,1
8,2048,256,z:il3d,nat-oop,17630012,20305862,26.170,1.152,3.604e-15,-,0
8,2048,256,z:il3d,nat-oop,19367550,20418150,23.822,1.054,3.604e-15,-,1
8,4096,2,z:il3d,nat-oop,126990,252703,41.286,1.990,4.305e-16,-,0
8,4096,2,z:il3d,nat-oop,126067,253117,41.588,2.008,4.305e-16,-,1
8,4096,4,z:il3d,nat-oop,276420,393833,40.305,1.425,4.635e-16,-,0
8,4096,4,z:il3d,nat-oop,274720,397333,40.554,1.446,4.635e-16,-,1
8,4096,8,z:il3d,nat-oop,600200,765650,39.308,1.276,6.286e-16,-,0
8,4096,8,z:il3d,nat-oop,598150,766388,39.443,1.281,6.286e-16,-,1
8,4096,16,z:il3d,nat-oop,1399800,1501600,35.582,1.073,9.607e-16,-,0
8,4096,16,z:il3d,nat-oop,1448075,1492825,34.396,1.031,9.607e-16,-,1
8,4096,32,z:il3d,nat-oop,3828087,3515063,27.392,0.918,1.260e-15,-,0
8,4096,32,z:il3d,nat-oop,3747275,3493525,27.982,0.932,1.260e-15,-,1
8,4096,64,z:il3d,nat-oop,8589825,9091363,25.635,1.058,1.940e-15,-,0
8,4096,64,z:il3d,nat-oop,8479725,9022162,25.968,1.064,1.940e-15,-,1
8,4096,128,z:il3d,nat-oop,19810175,21573413,23.290,1.089,3.302e-15,-,0
8,4096,128,z:il3d,nat-oop,19737750,21669863,23.375,1.098,3.302e-15,-,1
8,8192,2,z:il3d,nat-oop,282227,520960,39.476,1.846,4.990e-16,-,0
8,8192,2,z:il3d,nat-oop,294433,521480,37.839,1.771,4.990e-16,-,1
8,8192,4,z:il3d,nat-oop,596737,817350,39.537,1.370,6.875e-16,-,0
8,8192,4,z:il3d,nat-oop,597912,818900,39.459,1.370,6.875e-16,-,1
8,8192,8,z:il3d,nat-oop,1315150,1708988,37.872,1.299,1.166e-15,-,0
8,8192,8,z:il3d,nat-oop,1317363,1702812,37.808,1.293,1.166e-15,-,1
8,8192,16,z:il3d,nat-oop,3423400,3720375,30.630,1.087,1.339e-15,-,0
8,8192,16,z:il3d,nat-oop,3364200,3709237,31.169,1.103,1.339e-15,-,1
8,8192,32,z:il3d,nat-oop,8918000,9033588,24.692,1.013,1.980e-15,-,0
8,8192,32,z:il3d,nat-oop,8773475,8974700,25.098,1.023,1.980e-15,-,1
8,8192,64,z:il3d,nat-oop,19740613,20793700,23.372,1.053,3.752e-15,-,0
8,8192,64,z:il3d,nat-oop,20530963,21001488,22.472,1.023,3.752e-15,-,1
16,2,2,z:il3d,nat-oop,267,2358,7.194,8.837,3.155e-16,-,0
16,2,2,z:il3d,nat-oop,267,2359,7.195,8.840,3.155e-16,-,1
16,2,4,z:il3d,nat-oop,280,2575,15.984,9.187,1.797e-16,-,0
16,2,4,z:il3d,nat-oop,280,2576,16.017,9.209,1.797e-16,-,1
16,2,8,z:il3d,nat-oop,366,2819,28.000,7.709,2.290e-16,-,0
16,2,8,z:il3d,nat-oop,367,2820,27.932,7.692,2.290e-16,-,1
16,2,16,z:il3d,nat-oop,582,3557,39.580,6.111,2.086e-16,-,0
16,2,16,z:il3d,nat-oop,587,3533,39.271,6.022,2.086e-16,-,1
16,2,32,z:il3d,nat-oop,963,5398,53.162,5.605,2.513e-16,-,0
16,2,32,z:il3d,nat-oop,963,5398,53.145,5.603,2.513e-16,-,1
16,2,64,z:il3d,nat-oop,2171,8862,51.881,4.082,2.955e-16,-,0
16,2,64,z:il3d,nat-oop,2190,8894,51.435,4.061,2.955e-16,-,1
16,2,128,z:il3d,nat-oop,5231,16357,46.986,3.127,4.044e-16,-,0
16,2,128,z:il3d,nat-oop,5211,16359,47.161,3.139,4.044e-16,-,1
16,2,256,z:il3d,nat-oop,10349,30916,51.453,2.987,3.112e-16,-,0
16,2,256,z:il3d,nat-oop,10493,31015,50.746,2.956,3.112e-16,-,1
16,2,512,z:il3d,nat-oop,25204,60261,45.504,2.391,4.100e-16,-,0
16,2,512,z:il3d,nat-oop,27826,60384,41.216,2.170,4.100e-16,-,1
16,2,1024,z:il3d,nat-oop,54549,121328,45.053,2.224,4.982e-16,-,0
16,2,1024,z:il3d,nat-oop,54510,120825,45.085,2.217,4.982e-16,-,1
16,2,2048,z:il3d,nat-oop,112797,250523,46.481,2.221,3.190e-16,-,0
16,2,2048,z:il3d,nat-oop,112633,249733,46.548,2.217,3.190e-16,-,1
16,2,4096,z:il3d,nat-oop,265073,540493,42.030,2.039,4.504e-16,-,0
16,2,4096,z:il3d,nat-oop,265573,538513,41.951,2.028,4.504e-16,-,1
16,2,8192,z:il3d,nat-oop,573875,1085737,41.112,1.892,4.066e-16,-,0
16,2,8192,z:il3d,nat-oop,575275,1096650,41.012,1.906,4.066e-16,-,1
16,4,2,z:il3d,nat-oop,268,2530,16.711,9.436,3.097e-16,-,0
16,4,2,z:il3d,nat-oop,268,2530,16.700,9.431,3.097e-16,-,1
16,4,4,z:il3d,nat-oop,336,2719,30.473,8.090,2.241e-16,-,0
16,4,4,z:il3d,nat-oop,336,2721,30.485,8.100,2.241e-16,-,1
16,4,8,z:il3d,nat-oop,501,3042,46.033,6.078,2.151e-16,-,0
16,4,8,z:il3d,nat-oop,506,3040,45.506,6.005,2.151e-16,-,1
16,4,16,z:il3d,nat-oop,909,3942,56.337,4.338,2.500e-16,-,0
16,4,16,z:il3d,nat-oop,908,3968,56.372,4.369,2.500e-16,-,1
16,4,32,z:il3d,nat-oop,2176,6186,51.754,2.842,2.480e-16,-,0
16,4,32,z:il3d,nat-oop,2142,6221,52.584,2.904,2.480e-16,-,1
16,4,64,z:il3d,nat-oop,4983,11683,49.324,2.345,4.265e-16,-,0
16,4,64,z:il3d,nat-oop,4982,11579,49.326,2.324,4.265e-16,-,1
16,4,128,z:il3d,nat-oop,10336,21603,51.517,2.090,4.233e-16,-,0
16,4,128,z:il3d,nat-oop,10321,21546,51.590,2.088,4.233e-16,-,1
16,4,256,z:il3d,nat-oop,23252,41786,49.323,1.797,3.262e-16,-,0
16,4,256,z:il3d,nat-oop,23336,42089,49.146,1.804,3.262e-16,-,1
16,4,512,z:il3d,nat-oop,50095,82818,49.059,1.653,3.788e-16,-,0
16,4,512,z:il3d,nat-oop,50407,83616,48.756,1.659,3.788e-16,-,1
16,4,1024,z:il3d,nat-oop,107197,171827,48.909,1.603,4.376e-16,-,0
16,4,1024,z:il3d,nat-oop,107047,172307,48.978,1.610,4.376e-16,-,1
16,4,2048,z:il3d,nat-oop,244673,381580,45.535,1.560,3.941e-16,-,0
16,4,2048,z:il3d,nat-oop,246493,391600,45.198,1.589,3.941e-16,-,1
16,4,4096,z:il3d,nat-oop,540775,779075,43.628,1.441,4.142e-16,-,0
16,4,4096,z:il3d,nat-oop,541513,779650,43.569,1.440,4.142e-16,-,1
16,4,8192,z:il3d,nat-oop,1166012,1609438,42.716,1.380,8.687e-16,-,0
16,4,8192,z:il3d,nat-oop,1177525,1608000,42.298,1.366,8.687e-16,-,1
16,8,2,z:il3d,nat-oop,361,2807,28.344,7.771,3.521e-16,-,0
16,8,2,z:il3d,nat-oop,361,2812,28.334,7.782,3.521e-16,-,1
16,8,4,z:il3d,nat-oop,508,3129,45.391,6.164,2.254e-16,-,0
16,8,4,z:il3d,nat-oop,512,3137,45.029,6.130,2.254e-16,-,1
16,8,8,z:il3d,nat-oop,832,3666,61.506,4.404,3.347e-16,-,0
16,8,8,z:il3d,nat-oop,830,3667,61.665,4.417,3.347e-16,-,1
16,8,16,z:il3d,nat-oop,2038,5206,55.281,2.555,2.869e-16,-,0
16,8,16,z:il3d,nat-oop,2153,5276,52.313,2.451,2.869e-16,-,1
16,8,32,z:il3d,nat-oop,4923,9408,49.919,1.911,2.635e-16,-,0
16,8,32,z:il3d,nat-oop,4941,9464,49.739,1.915,2.635e-16,-,1
16,8,64,z:il3d,nat-oop,10457,18130,50.921,1.734,3.187e-16,-,0
16,8,64,z:il3d,nat-oop,10446,18130,50.975,1.736,3.187e-16,-,1
16,8,128,z:il3d,nat-oop,22569,35259,50.817,1.562,3.916e-16,-,0
16,8,128,z:il3d,nat-oop,22815,35329,50.269,1.549,3.916e-16,-,1
16,8,256,z:il3d,nat-oop,48836,70726,50.323,1.448,3.900e-16,-,0
16,8,256,z:il3d,nat-oop,51043,70589,48.148,1.383,3.900e-16,-,1
16,8,512,z:il3d,nat-oop,95000,145580,55.188,1.532,4.215e-16,-,0
16,8,512,z:il3d,nat-oop,102140,144910,51.330,1.419,4.215e-16,-,1
16,8,1024,z:il3d,nat-oop,216860,321027,51.375,1.480,4.725e-16,-,0
16,8,1024,z:il3d,nat-oop,242807,322127,45.885,1.327,4.725e-16,-,1
16,8,2048,z:il3d,nat-oop,533200,666388,44.248,1.250,4.116e-16,-,0
16,8,2048,z:il3d,nat-oop,535387,668138,44.067,1.248,4.116e-16,-,1
16,8,4096,z:il3d,nat-oop,1141913,1375725,43.617,1.205,9.860e-16,-,0
16,8,4096,z:il3d,nat-oop,1139450,1382312,43.712,1.213,9.860e-16,-,1
16,8,8192,z:il3d,nat-oop,2635325,3147250,39.789,1.194,1.134e-15,-,0
16,8,8192,z:il3d,nat-oop,2625562,3236225,39.937,1.233,1.134e-15,-,1
16,16,2,z:il3d,nat-oop,544,3373,42.391,6.207,2.854e-16,-,0
16,16,2,z:il3d,nat-oop,545,3375,42.256,6.189,2.854e-16,-,1
16,16,4,z:il3d,nat-oop,871,3969,58.794,4.557,2.064e-16,-,0
16,16,4,z:il3d,nat-oop,871,3962,58.777,4.548,2.064e-16,-,1
16,16,8,z:il3d,nat-oop,1870,5035,60.233,2.693,3.001e-16,-,0
16,16,8,z:il3d,nat-oop,1988,5101,56.648,2.565,3.001e-16,-,1
16,16,16,z:il3d,nat-oop,4998,6939,49.172,1.388,3.469e-16,-,0
16,16,16,z:il3d,nat-oop,5028,7021,48.880,1.396,3.469e-16,-,1
16,16,32,z:il3d,nat-oop,10940,11585,48.672,1.059,3.942e-16,-,0
16,16,32,z:il3d,nat-oop,11103,11575,47.957,1.043,3.942e-16,-,1
16,16,64,z:il3d,nat-oop,24296,25011,47.205,1.029,3.705e-16,-,0
16,16,64,z:il3d,nat-oop,24363,25075,47.074,1.029,3.705e-16,-,1
16,16,128,z:il3d,nat-oop,52551,50543,46.766,0.962,3.185e-16,-,0
16,16,128,z:il3d,nat-oop,52561,51143,46.757,0.973,3.185e-16,-,1
16,16,256,z:il3d,nat-oop,110053,160657,47.639,1.460,4.604e-16,-,0
16,16,256,z:il3d,nat-oop,108610,161420,48.273,1.486,4.604e-16,-,1
16,16,512,z:il3d,nat-oop,256213,373900,43.484,1.459,3.550e-16,-,0
16,16,512,z:il3d,nat-oop,257200,367960,43.317,1.431,3.550e-16,-,1
16,16,1024,z:il3d,nat-oop,546200,749100,43.195,1.371,5.324e-16,-,0
16,16,1024,z:il3d,nat-oop,541263,743113,43.589,1.373,5.324e-16,-,1
16,16,2048,z:il3d,nat-oop,1127225,1550850,44.186,1.376,9.053e-16,-,0
16,16,2048,z:il3d,nat-oop,1135700,1586788,43.856,1.397,9.053e-16,-,1
16,16,4096,z:il3d,nat-oop,2730787,3408912,38.398,1.248,1.151e-15,-,0
16,16,4096,z:il3d,nat-oop,2705887,3446288,38.752,1.274,1.151e-15,-,1
16,16,8192,z:il3d,nat-oop,6734100,8343175,32.699,1.239,1.846e-15,-,0
16,16,8192,z:il3d,nat-oop,6806225,8331188,32.353,1.224,1.846e-15,-,1
16,32,2,z:il3d,nat-oop,1082,4901,47.337,4.531,3.384e-16,-,0
16,32,2,z:il3d,nat-oop,1075,4893,47.624,4.551,3.384e-16,-,1
16,32,4,z:il3d,nat-oop,2209,6178,51.003,2.797,3.491e-16,-,0
16,32,4,z:il3d,nat-oop,2010,6242,56.033,3.105,3.491e-16,-,1
16,32,8,z:il3d,nat-oop,4933,9772,49.824,1.981,2.165e-16,-,0
16,32,8,z:il3d,nat-oop,4919,9921,49.957,2.017,2.165e-16,-,1
16,32,16,z:il3d,nat-oop,10990,12422,48.452,1.130,3.008e-16,-,0
16,32,16,z:il3d,nat-oop,11045,12336,48.210,1.117,3.008e-16,-,1
16,32,32,z:il3d,nat-oop,23960,24540,47.867,1.024,2.884e-16,-,0
16,32,32,z:il3d,nat-oop,24130,24665,47.530,1.022,2.884e-16,-,1
16,32,64,z:il3d,nat-oop,50789,54464,48.389,1.072,3.198e-16,-,0
16,32,64,z:il3d,nat-oop,50269,54461,48.889,1.083,3.198e-16,-,1
16,32,128,z:il3d,nat-oop,111260,159870,47.123,1.437,3.775e-16,-,0
16,32,128,z:il3d,nat-oop,115067,159640,45.564,1.387,3.775e-16,-,1
16,32,256,z:il3d,nat-oop,327280,370013,34.042,1.131,3.361e-16,-,0
16,32,256,z:il3d,nat-oop,293620,367547,37.944,1.252,3.361e-16,-,1
16,32,512,z:il3d,nat-oop,606125,784325,38.924,1.294,4.914e-16,-,0
16,32,512,z:il3d,nat-oop,587175,780650,40.180,1.330,4.914e-16,-,1
16,32,1024,z:il3d,nat-oop,1286763,1594475,38.708,1.239,9.314e-16,-,0
16,32,1024,z:il3d,nat-oop,1264150,1613012,39.400,1.276,9.314e-16,-,1
16,32,2048,z:il3d,nat-oop,2914963,3592425,35.972,1.232,1.117e-15,-,0
16,32,2048,z:il3d,nat-oop,2795825,3592763,37.505,1.285,1.117e-15,-,1
16,32,4096,z:il3d,nat-oop,6927388,8345475,31.787,1.205,1.662e-15,-,0
16,32,4096,z:il3d,nat-oop,6935962,8402113,31.748,1.211,1.662e-15,-,1
16,32,8192,z:il3d,nat-oop,15566587,18836062,29.639,1.210,3.569e-15,-,0
16,32,8192,z:il3d,nat-oop,15740125,18900425,29.312,1.201,3.569e-15,-,1
16,64,2,z:il3d,nat-oop,2908,7662,38.740,2.635,2.870e-16,-,0
16,64,2,z:il3d,nat-oop,2461,7761,45.775,3.154,2.870e-16,-,1
16,64,4,z:il3d,nat-oop,5268,11131,46.651,2.113,3.248e-16,-,0
16,64,4,z:il3d,nat-oop,5353,11184,45.912,2.089,3.248e-16,-,1
16,64,8,z:il3d,nat-oop,10876,17899,48.960,1.646,3.258e-16,-,0
16,64,8,z:il3d,nat-oop,11207,17932,47.513,1.600,3.258e-16,-,1
16,64,16,z:il3d,nat-oop,24529,26943,46.757,1.098,3.421e-16,-,0
16,64,16,z:il3d,nat-oop,24076,26961,47.635,1.120,3.421e-16,-,1
16,64,32,z:il3d,nat-oop,48303,56474,50.879,1.169,3.921e-16,-,0
16,64,32,z:il3d,nat-oop,48575,56367,50.593,1.160,3.921e-16,-,1
16,64,64,z:il3d,nat-oop,139417,159757,37.606,1.146,4.160e-16,-,0
16,64,64,z:il3d,nat-oop,142357,159633,36.829,1.121,4.160e-16,-,1
16,64,128,z:il3d,nat-oop,287447,344147,38.759,1.197,4.378e-16,-,0
16,64,128,z:il3d,nat-oop,293153,344453,38.004,1.175,4.378e-16,-,1
16,64,256,z:il3d,nat-oop,600975,770225,39.258,1.282,4.427e-16,-,0
16,64,256,z:il3d,nat-oop,598188,773862,39.441,1.294,4.427e-16,-,1
16,64,512,z:il3d,nat-oop,1323762,1632000,37.626,1.233,9.698e-16,-,0
16,64,512,z:il3d,nat-oop,1327337,1638887,37.524,1.235,9.698e-16,-,1
16,64,1024,z:il3d,nat-oop,3253375,3760425,32.230,1.156,1.139e-15,-,0
16,64,1024,z:il3d,nat-oop,3266737,3647937,32.099,1.117,1.139e-15,-,1
16,64,2048,z:il3d,nat-oop,8049000,8348612,27.358,1.037,1.793e-15,-,0
16,64,2048,z:il3d,nat-oop,8212200,8315188,26.814,1.013,1.793e-15,-,1
16,64,4096,z:il3d,nat-oop,17416063,18563025,26.491,1.066,3.431e-15,-,0
16,64,4096,z:il3d,nat-oop,17630913,18625637,26.168,1.056,3.431e-15,-,1
16,128,2,z:il3d,nat-oop,5688,14687,43.209,2.582,4.258e-16,-,0
16,128,2,z:il3d,nat-oop,5798,14714,42.387,2.538,4.258e-16,-,1
16,128,4,z:il3d,nat-oop,12271,21813,43.392,1.778,3.620e-16,-,0
16,128,4,z:il3d,nat-oop,12203,21756,43.636,1.783,3.620e-16,-,1
16,128,8,z:il3d,nat-oop,27244,39652,42.096,1.455,3.553e-16,-,0
16,128,8,z:il3d,nat-oop,27040,39666,42.414,1.467,3.553e-16,-,1
16,128,16,z:il3d,nat-oop,65636,57033,37.443,0.869,2.931e-16,-,0
16,128,16,z:il3d,nat-oop,65244,57428,37.668,0.880,2.931e-16,-,1
16,128,32,z:il3d,nat-oop,149017,162663,35.183,1.092,3.629e-16,-,0
16,128,32,z:il3d,nat-oop,130303,162597,40.236,1.248,3.629e-16,-,1
16,128,64,z:il3d,nat-oop,303727,361160,36.681,1.189,3.627e-16,-,0
16,128,64,z:il3d,nat-oop,290593,359200,38.339,1.236,3.627e-16,-,1
16,128,128,z:il3d,nat-oop,618825,728375,38.125,1.177,4.319e-16,-,0
16,128,128,z:il3d,nat-oop,642688,724725,36.710,1.128,4.319e-16,-,1
16,128,256,z:il3d,nat-oop,1264813,1516825,39.379,1.199,9.128e-16,-,0
16,128,256,z:il3d,nat-oop,1273450,1515462,39.112,1.190,9.128e-16,-,1
16,128,512,z:il3d,nat-oop,3325050,3681087,31.536,1.107,1.106e-15,-,0
16,128,512,z:il3d,nat-oop,3357587,3622700,31.230,1.079,1.106e-15,-,1
16,128,1024,z:il3d,nat-oop,7752350,9030763,28.404,1.165,1.856e-15,-,0
16,128,1024,z:il3d,nat-oop,7753388,8871162,28.401,1.144,1.856e-15,-,1
16,128,2048,z:il3d,nat-oop,17557150,18605238,26.278,1.060,3.451e-15,-,0
16,128,2048,z:il3d,nat-oop,17441338,20647387,26.453,1.184,3.451e-15,-,1
16,256,2,z:il3d,nat-oop,12075,28178,44.098,2.334,3.586e-16,-,0
16,256,2,z:il3d,nat-oop,12160,28143,43.790,2.314,3.586e-16,-,1
16,256,4,z:il3d,nat-oop,26905,45280,42.627,1.683,3.499e-16,-,0
16,256,4,z:il3d,nat-oop,26858,44898,42.701,1.672,3.499e-16,-,1
16,256,8,z:il3d,nat-oop,58821,82595,41.781,1.404,3.748e-16,-,0
16,256,8,z:il3d,nat-oop,59659,83608,41.194,1.401,3.748e-16,-,1
16,256,16,z:il3d,nat-oop,155737,167003,33.665,1.072,3.589e-16,-,0
16,256,16,z:il3d,nat-oop,136400,166727,38.438,1.222,3.589e-16,-,1
16,256,32,z:il3d,nat-oop,314420,347867,35.434,1.106,3.493e-16,-,0
16,256,32,z:il3d,nat-oop,314853,348033,35.385,1.105,3.493e-16,-,1
16,256,64,z:il3d,nat-oop,631050,740775,37.387,1.174,4.585e-16,-,0
16,256,64,z:il3d,nat-oop,630125,741950,37.442,1.177,4.585e-16,-,1
16,256,128,z:il3d,nat-oop,1309888,1506950,38.024,1.150,9.384e-16,-,0
16,256,128,z:il3d,nat-oop,1305400,1504812,38.155,1.153,9.384e-16,-,1
16,256,256,z:il3d,nat-oop,3220237,3540862,32.562,1.100,1.149e-15,-,0
16,256,256,z:il3d,nat-oop,3195950,3607775,32.810,1.129,1.149e-15,-,1
16,256,512,z:il3d,nat-oop,8262025,9428638,26.652,1.141,1.922e-15,-,0
16,256,512,z:il3d,nat-oop,8215925,9412737,26.802,1.146,1.922e-15,-,1
16,256,1024,z:il3d,nat-oop,17360612,20864925,26.576,1.202,3.466e-15,-,0
16,256,1024,z:il3d,nat-oop,17526075,25805913,26.325,1.472,3.466e-15,-,1
16,512,2,z:il3d,nat-oop,27963,59297,41.014,2.121,3.407e-16,-,0
16,512,2,z:il3d,nat-oop,27670,59276,41.449,2.142,3.407e-16,-,1
16,512,4,z:il3d,nat-oop,59967,91911,40.982,1.533,4.438e-16,-,0
16,512,4,z:il3d,nat-oop,59331,91395,41.422,1.540,4.438e-16,-,1
16,512,8,z:il3d,nat-oop,126150,171093,41.561,1.356,4.985e-16,-,0
16,512,8,z:il3d,nat-oop,126510,171277,41.442,1.354,4.985e-16,-,1
16,512,16,z:il3d,nat-oop,356760,397027,31.229,1.113,4.717e-16,-,0
16,512,16,z:il3d,nat-oop,315093,397113,35.358,1.260,4.717e-16,-,1
16,512,32,z:il3d,nat-oop,672725,787450,35.071,1.171,4.624e-16,-,0
16,512,32,z:il3d,nat-oop,761075,784700,31.000,1.031,4.624e-16,-,1
16,512,64,z:il3d,nat-oop,1581363,1649488,31.496,1.043,9.659e-16,-,0
16,512,64,z:il3d,nat-oop,1562687,1716638,31.873,1.099,9.659e-16,-,1
16,512,128,z:il3d,nat-oop,3332988,3843775,31.461,1.153,1.049e-15,-,0
16,512,128,z:il3d,nat-oop,3409388,3857887,30.756,1.132,1.049e-15,-,1
16,512,256,z:il3d,nat-oop,7560013,9898825,29.127,1.309,1.749e-15,-,0
16,512,256,z:il3d,nat-oop,7580050,10012063,29.050,1.321,1.749e-15,-,1
16,512,512,z:il3d,nat-oop,17507438,28588925,26.353,1.633,3.241e-15,-,0
16,512,512,z:il3d,nat-oop,17653375,28704675,26.135,1.626,3.241e-15,-,1
16,1024,2,z:il3d,nat-oop,64928,123798,37.851,1.907,3.587e-16,-,0
16,1024,2,z:il3d,nat-oop,61544,124115,39.932,2.017,3.587e-16,-,1
16,1024,4,z:il3d,nat-oop,125140,189493,41.896,1.514,3.857e-16,-,0
16,1024,4,z:il3d,nat-oop,125557,189660,41.757,1.511,3.857e-16,-,1
16,1024,8,z:il3d,nat-oop,290780,367213,38.315,1.263,3.392e-16,-,0
16,1024,8,z:il3d,nat-oop,290373,367147,38.368,1.264,3.392e-16,-,1
16,1024,16,z:il3d,nat-oop,715225,846862,32.987,1.184,4.496e-16,-,0
16,1024,16,z:il3d,nat-oop,743088,843850,31.750,1.136,4.496e-16,-,1
16,1024,32,z:il3d,nat-oop,1536100,1691113,32.425,1.101,9.043e-16,-,0
16,1024,32,z:il3d,nat-oop,1545000,1683075,32.238,1.089,9.043e-16,-,1
16,1024,64,z:il3d,nat-oop,3460737,3715725,30.299,1.074,1.165e-15,-,0
16,1024,64,z:il3d,nat-oop,3450413,3741688,30.390,1.084,1.165e-15,-,1
16,1024,128,z:il3d,nat-oop,7812200,10291125,28.187,1.317,1.720e-15,-,0
16,1024,128,z:il3d,nat-oop,7794262,10380612,28.252,1.332,1.720e-15,-,1
16,1024,256,z:il3d,nat-oop,16696675,35464550,27.633,2.124,3.570e-15,-,0
16,1024,256,z:il3d,nat-oop,16496737,34870000,27.968,2.114,3.570e-15,-,1
16,2048,2,z:il3d,nat-oop,133283,253257,39.336,1.900,3.348e-16,-,0
16,2048,2,z:il3d,nat-oop,133393,253753,39.304,1.902,3.348e-16,-,1
16,2048,4,z:il3d,nat-oop,296933,401493,37.521,1.352,3.370e-16,-,0
16,2048,4,z:il3d,nat-oop,295507,402860,37.702,1.363,3.370e-16,-,1
16,2048,8,z:il3d,nat-oop,644838,766675,36.587,1.189,4.888e-16,-,0
16,2048,8,z:il3d,nat-oop,648325,771837,36.391,1.191,4.888e-16,-,1
16,2048,16,z:il3d,nat-oop,1557137,1738887,31.986,1.117,9.462e-16,-,0
16,2048,16,z:il3d,nat-oop,1505525,1741938,33.083,1.157,9.462e-16,-,1
16,2048,32,z:il3d,nat-oop,3966375,3708575,26.437,0.935,9.174e-16,-,0
16,2048,32,z:il3d,nat-oop,3980588,3728025,26.342,0.937,9.174e-16,-,1
16,2048,64,z:il3d,nat-oop,8839725,10254100,24.910,1.160,1.773e-15,-,0
16,2048,64,z:il3d,nat-oop,8805550,10254313,25.007,1.165,1.773e-15,-,1
16,2048,128,z:il3d,nat-oop,18333587,30049937,25.165,1.639,3.554e-15,-,0
16,2048,128,z:il3d,nat-oop,20124988,29272675,22.925,1.455,3.554e-15,-,1
16,4096,2,z:il3d,nat-oop,307420,555087,36.241,1.806,4.732e-16,-,0
16,4096,2,z:il3d,nat-oop,304907,523093,36.539,1.716,4.732e-16,-,1
16,4096,4,z:il3d,nat-oop,641913,823100,36.754,1.282,5.512e-16,-,0
16,4096,4,z:il3d,nat-oop,636313,821063,37.078,1.290,5.512e-16,-,1
16,4096,8,z:il3d,nat-oop,1422000,1580512,35.026,1.111,8.943e-16,-,0
16,4096,8,z:il3d,nat-oop,1424725,1583837,34.959,1.112,8.943e-16,-,1
16,4096,16,z:il3d,nat-oop,3261937,3549575,32.146,1.088,1.084e-15,-,0
16,4096,16,z:il3d,nat-oop,3240750,3520862,32.356,1.086,1.084e-15,-,1
16,4096,32,z:il3d,nat-oop,8689962,9531900,25.340,1.097,1.673e-15,-,0
16,4096,32,z:il3d,nat-oop,8572700,9345863,25.686,1.090,1.673e-15,-,1
16,4096,64,z:il3d,nat-oop,18646563,22478738,24.743,1.206,3.246e-15,-,0
16,4096,64,z:il3d,nat-oop,18300000,22490163,25.212,1.229,3.246e-15,-,1
16,8192,2,z:il3d,nat-oop,664113,1070013,35.526,1.611,4.660e-16,-,0
16,8192,2,z:il3d,nat-oop,688175,1075825,34.283,1.563,4.660e-16,-,1
16,8192,4,z:il3d,nat-oop,1419825,1704900,35.080,1.201,9.446e-16,-,0
16,8192,4,z:il3d,nat-oop,1413612,1688138,35.234,1.194,9.446e-16,-,1
16,8192,8,z:il3d,nat-oop,3266762,3720063,32.098,1.139,1.217e-15,-,0
16,8192,8,z:il3d,nat-oop,3317462,3715812,31.608,1.120,1.217e-15,-,1
16,8192,16,z:il3d,nat-oop,8477825,10256850,25.974,1.210,1.700e-15,-,0
16,8192,16,z:il3d,nat-oop,8501488,10338775,25.901,1.216,1.700e-15,-,1
16,8192,32,z:il3d,nat-oop,18977375,23192475,24.312,1.222,3.431e-15,-,0
16,8192,32,z:il3d,nat-oop,18953100,23901600,24.343,1.261,3.431e-15,-,1
32,2,2,z:il3d,nat-oop,450,4547,9.955,10.103,2.907e-16,-,0
32,2,2,z:il3d,nat-oop,450,4548,9.956,10.108,2.907e-16,-,1
32,2,4,z:il3d,nat-oop,542,5015,18.882,9.248,2.591e-16,-,0
32,2,4,z:il3d,nat-oop,542,5012,18.909,9.255,2.591e-16,-,1
32,2,8,z:il3d,nat-oop,767,5473,30.052,7.139,3.032e-16,-,0
32,2,8,z:il3d,nat-oop,759,5476,30.339,7.211,3.032e-16,-,1
32,2,16,z:il3d,nat-oop,1247,7026,41.060,5.635,2.346e-16,-,0
32,2,16,z:il3d,nat-oop,1248,7019,41.023,5.624,2.346e-16,-,1
32,2,32,z:il3d,nat-oop,3148,10803,35.787,3.432,2.968e-16,-,0
32,2,32,z:il3d,nat-oop,3045,10841,36.986,3.560,2.968e-16,-,1
32,2,64,z:il3d,nat-oop,5056,18200,48.604,3.600,2.775e-16,-,0
32,2,64,z:il3d,nat-oop,4975,18211,49.401,3.661,2.775e-16,-,1
32,2,128,z:il3d,nat-oop,10193,33123,52.242,3.250,4.378e-16,-,0
32,2,128,z:il3d,nat-oop,10205,33036,52.179,3.237,4.378e-16,-,1
32,2,256,z:il3d,nat-oop,21594,62307,53.110,2.885,3.684e-16,-,0
32,2,256,z:il3d,nat-oop,21576,62389,53.155,2.892,3.684e-16,-,1
32,2,512,z:il3d,nat-oop,51423,121266,47.792,2.358,3.745e-16,-,0
32,2,512,z:il3d,nat-oop,52984,121213,46.384,2.288,3.745e-16,-,1
32,2,1024,z:il3d,nat-oop,106143,248440,49.394,2.341,4.141e-16,-,0
32,2,1024,z:il3d,nat-oop,107023,247833,48.988,2.316,4.141e-16,-,1
32,2,2048,z:il3d,nat-oop,247380,540673,45.036,2.186,3.741e-16,-,0
32,2,2048,z:il3d,nat-oop,248800,540320,44.779,2.172,3.741e-16,-,1
32,2,4096,z:il3d,nat-oop,542075,1112787,43.523,2.053,5.291e-16,-,0
32,2,4096,z:il3d,nat-oop,541375,1125000,43.580,2.078,5.291e-16,-,1
32,2,8192,z:il3d,nat-oop,1148525,2235712,43.366,1.947,8.802e-16,-,0
32,2,8192,z:il3d,nat-oop,1153925,2218688,43.163,1.923,8.802e-16,-,1
32,4,2,z:il3d,nat-oop,540,4930,18.965,9.130,2.307e-16,-,0
32,4,2,z:il3d,nat-oop,543,4924,18.861,9.070,2.307e-16,-,1
32,4,4,z:il3d,nat-oop,695,5284,33.135,7.599,2.401e-16,-,0
32,4,4,z:il3d,nat-oop,698,5278,33.004,7.561,2.401e-16,-,1
32,4,8,z:il3d,nat-oop,1084,6058,47.241,5.590,1.876e-16,-,0
32,4,8,z:il3d,nat-oop,1094,6042,46.803,5.523,1.876e-16,-,1
32,4,16,z:il3d,nat-oop,2355,7900,47.836,3.355,3.097e-16,-,0
32,4,16,z:il3d,nat-oop,2279,7929,49.416,3.478,3.097e-16,-,1
32,4,32,z:il3d,nat-oop,4867,12995,50.497,2.670,2.831e-16,-,0
32,4,32,z:il3d,nat-oop,4892,13029,50.235,2.663,2.831e-16,-,1
32,4,64,z:il3d,nat-oop,9780,22943,54.446,2.346,2.879e-16,-,0
32,4,64,z:il3d,nat-oop,9829,23041,54.174,2.344,2.879e-16,-,1
32,4,128,z:il3d,nat-oop,20743,43644,55.289,2.104,3.345e-16,-,0
32,4,128,z:il3d,nat-oop,21119,43680,54.306,2.068,3.345e-16,-,1
32,4,256,z:il3d,nat-oop,46628,84130,52.707,1.804,3.565e-16,-,0
32,4,256,z:il3d,nat-oop,46464,84825,52.893,1.826,3.565e-16,-,1
32,4,512,z:il3d,nat-oop,102257,171753,51.272,1.680,5.187e-16,-,0
32,4,512,z:il3d,nat-oop,100413,172323,52.213,1.716,5.187e-16,-,1
32,4,1024,z:il3d,nat-oop,231987,384840,48.025,1.659,4.322e-16,-,0
32,4,1024,z:il3d,nat-oop,233253,377927,47.764,1.620,4.322e-16,-,1
32,4,2048,z:il3d,nat-oop,506537,837213,46.577,1.653,3.651e-16,-,0
32,4,2048,z:il3d,nat-oop,507513,837700,46.487,1.651,3.651e-16,-,1
32,4,4096,z:il3d,nat-oop,1073125,1594175,46.413,1.486,9.103e-16,-,0
32,4,4096,z:il3d,nat-oop,1075525,1607875,46.310,1.495,9.103e-16,-,1
32,4,8192,z:il3d,nat-oop,2680900,3562363,39.113,1.329,1.207e-15,-,0
32,4,8192,z:il3d,nat-oop,2704237,3623125,38.775,1.340,1.207e-15,-,1
32,8,2,z:il3d,nat-oop,749,5464,30.766,7.296,2.063e-16,-,0
32,8,2,z:il3d,nat-oop,747,5425,30.848,7.263,2.063e-16,-,1
32,8,4,z:il3d,nat-oop,1085,6226,47.192,5.739,2.191e-16,-,0
32,8,4,z:il3d,nat-oop,1075,6226,47.642,5.794,2.191e-16,-,1
32,8,8,z:il3d,nat-oop,2186,7392,51.536,3.382,2.911e-16,-,0
32,8,8,z:il3d,nat-oop,2185,7396,51.551,3.385,2.911e-16,-,1
32,8,16,z:il3d,nat-oop,4778,11099,51.435,2.323,2.994e-16,-,0
32,8,16,z:il3d,nat-oop,4790,11077,51.307,2.313,2.994e-16,-,1
32,8,32,z:il3d,nat-oop,9552,19070,55.745,1.996,3.175e-16,-,0
32,8,32,z:il3d,nat-oop,9701,19170,54.890,1.976,3.175e-16,-,1
32,8,64,z:il3d,nat-oop,20425,36166,56.150,1.771,3.130e-16,-,0
32,8,64,z:il3d,nat-oop,20648,36182,55.546,1.752,3.130e-16,-,1
32,8,128,z:il3d,nat-oop,46452,71390,52.906,1.537,4.877e-16,-,0
32,8,128,z:il3d,nat-oop,45470,71495,54.048,1.572,4.877e-16,-,1
32,8,256,z:il3d,nat-oop,99843,145990,52.511,1.462,4.177e-16,-,0
32,8,256,z:il3d,nat-oop,100230,146153,52.308,1.458,4.177e-16,-,1
32,8,512,z:il3d,nat-oop,240807,321267,46.266,1.334,4.717e-16,-,0
32,8,512,z:il3d,nat-oop,245073,323273,45.460,1.319,4.717e-16,-,1
32,8,1024,z:il3d,nat-oop,523075,685650,45.104,1.311,4.211e-16,-,0
32,8,1024,z:il3d,nat-oop,521388,703537,45.250,1.349,4.211e-16,-,1
32,8,2048,z:il3d,nat-oop,1034750,1368512,48.135,1.323,8.142e-16,-,0
32,8,2048,z:il3d,nat-oop,1063950,1520600,46.814,1.429,8.142e-16,-,1
32,8,4096,z:il3d,nat-oop,2571775,3075213,40.772,1.196,1.215e-15,-,0
32,8,4096,z:il3d,nat-oop,2619262,3076987,40.033,1.175,1.215e-15,-,1
32,8,8192,z:il3d,nat-oop,5889100,7632763,37.391,1.296,1.729e-15,-,0
32,8,8192,z:il3d,nat-oop,5900250,7702950,37.321,1.306,1.729e-15,-,1
32,16,2,z:il3d,nat-oop,1162,6735,44.067,5.797,3.000e-16,-,0
32,16,2,z:il3d,nat-oop,1175,6750,43.584,5.746,3.000e-16,-,1
32,16,4,z:il3d,nat-oop,2244,7960,50.190,3.547,3.044e-16,-,0
32,16,4,z:il3d,nat-oop,2270,7958,49.626,3.506,3.044e-16,-,1
32,16,8,z:il3d,nat-oop,4643,10908,52.936,2.349,2.542e-16,-,0
32,16,8,z:il3d,nat-oop,4520,10894,54.366,2.410,2.542e-16,-,1
32,16,16,z:il3d,nat-oop,9832,12021,54.160,1.223,2.861e-16,-,0
32,16,16,z:il3d,nat-oop,9855,12190,54.034,1.237,2.861e-16,-,1
32,16,32,z:il3d,nat-oop,21256,23913,53.956,1.125,3.565e-16,-,0
32,16,32,z:il3d,nat-oop,20902,24118,54.870,1.154,3.565e-16,-,1
32,16,64,z:il3d,nat-oop,46787,51403,52.528,1.099,3.483e-16,-,0
32,16,64,z:il3d,nat-oop,46087,51769,53.325,1.123,3.483e-16,-,1
32,16,128,z:il3d,nat-oop,95917,108020,54.661,1.126,3.442e-16,-,0
32,16,128,z:il3d,nat-oop,98117,106327,53.435,1.084,3.442e-16,-,1
32,16,256,z:il3d,nat-oop,238847,359560,46.645,1.505,4.517e-16,-,0
32,16,256,z:il3d,nat-oop,243940,360507,45.672,1.478,4.517e-16,-,1
32,16,512,z:il3d,nat-oop,566863,809475,41.620,1.428,4.227e-16,-,0
32,16,512,z:il3d,nat-oop,533262,823775,44.243,1.545,4.227e-16,-,1
32,16,1024,z:il3d,nat-oop,1071625,1552863,46.478,1.449,8.465e-16,-,0
32,16,1024,z:il3d,nat-oop,1048225,1636100,47.516,1.561,8.465e-16,-,1
32,16,2048,z:il3d,nat-oop,2589700,3434825,40.490,1.326,1.152e-15,-,0
32,16,2048,z:il3d,nat-oop,2570250,3442250,40.797,1.339,1.152e-15,-,1
32,16,4096,z:il3d,nat-oop,6932100,8074562,31.765,1.165,1.228e-15,-,0
32,16,4096,z:il3d,nat-oop,6923988,8042350,31.803,1.162,1.228e-15,-,1
32,16,8192,z:il3d,nat-oop,13974738,17832375,33.015,1.276,2.978e-15,-,0
32,16,8192,z:il3d,nat-oop,13877750,18096137,33.246,1.304,2.978e-15,-,1
32,32,2,z:il3d,nat-oop,2752,9753,40.928,3.544,3.077e-16,-,0
32,32,2,z:il3d,nat-oop,2667,9699,42.233,3.637,3.077e-16,-,1
32,32,4,z:il3d,nat-oop,5089,13132,48.291,2.580,2.549e-16,-,0
32,32,4,z:il3d,nat-oop,4973,13084,49.415,2.631,2.549e-16,-,1
32,32,8,z:il3d,nat-oop,10050,19599,52.983,1.950,3.358e-16,-,0
32,32,8,z:il3d,nat-oop,10319,19639,51.603,1.903,3.023e-16,-,1
32,32,16,z:il3d,nat-oop,21678,25830,52.906,1.192,3.751e-16,-,0
32,32,16,z:il3d,nat-oop,21716,25598,52.814,1.179,3.751e-16,-,1
32,32,32,z:il3d,nat-oop,49184,62261,49.968,1.266,2.940e-16,-,0
32,32,32,z:il3d,nat-oop,50693,62211,48.480,1.227,2.940e-16,-,1
32,32,64,z:il3d,nat-oop,102753,113470,51.024,1.104,3.333e-16,-,0
32,32,64,z:il3d,nat-oop,103480,114543,50.666,1.107,3.333e-16,-,1
32,32,128,z:il3d,nat-oop,244433,358333,45.579,1.466,3.842e-16,-,0
32,32,128,z:il3d,nat-oop,247460,355540,45.022,1.437,3.842e-16,-,1
32,32,256,z:il3d,nat-oop,665238,815487,35.465,1.226,4.233e-16,-,0
32,32,256,z:il3d,nat-oop,667538,812550,35.343,1.217,4.233e-16,-,1
32,32,512,z:il3d,nat-oop,1219200,1705525,40.852,1.399,9.156e-16,-,0
32,32,512,z:il3d,nat-oop,1255900,1721225,39.659,1.371,9.156e-16,-,1
32,32,1024,z:il3d,nat-oop,2866787,3943463,36.577,1.376,1.297e-15,-,0
32,32,1024,z:il3d,nat-oop,2854338,3951325,36.736,1.384,1.297e-15,-,1
32,32,2048,z:il3d,nat-oop,6249025,8162588,35.238,1.306,1.338e-15,-,0
32,32,2048,z:il3d,nat-oop,6318250,8352550,34.852,1.322,1.338e-15,-,1
32,32,4096,z:il3d,nat-oop,14359075,17902625,32.131,1.247,2.995e-15,-,0
32,32,4096,z:il3d,nat-oop,14037363,17999225,32.868,1.282,2.995e-15,-,1
32,64,2,z:il3d,nat-oop,5832,16046,42.137,2.751,3.969e-16,-,0
32,64,2,z:il3d,nat-oop,5847,16092,42.032,2.752,3.969e-16,-,1
32,64,4,z:il3d,nat-oop,10790,22482,49.349,2.084,4.429e-16,-,0
32,64,4,z:il3d,nat-oop,10890,22475,48.895,2.064,4.429e-16,-,1
32,64,8,z:il3d,nat-oop,21762,36270,52.700,1.667,3.981e-16,-,0
32,64,8,z:il3d,nat-oop,21510,35946,53.319,1.671,3.981e-16,-,1
32,64,16,z:il3d,nat-oop,48959,55956,50.197,1.143,3.822e-16,-,0
32,64,16,z:il3d,nat-oop,49331,56000,49.818,1.135,3.822e-16,-,1
32,64,32,z:il3d,nat-oop,111973,116740,46.823,1.043,2.930e-16,-,0
32,64,32,z:il3d,nat-oop,112497,116967,46.605,1.040,2.930e-16,-,1
32,64,64,z:il3d,nat-oop,255967,353113,43.526,1.380,3.603e-16,-,0
32,64,64,z:il3d,nat-oop,256780,351687,43.388,1.370,3.603e-16,-,1
32,64,128,z:il3d,nat-oop,616150,765037,38.291,1.242,4.530e-16,-,0
32,64,128,z:il3d,nat-oop,614650,765237,38.384,1.245,4.530e-16,-,1
32,64,256,z:il3d,nat-oop,1173738,1703125,42.435,1.451,1.028e-15,-,0
32,64,256,z:il3d,nat-oop,1173213,1728550,42.454,1.473,1.028e-15,-,1
32,64,512,z:il3d,nat-oop,2911187,4078888,36.019,1.401,1.210e-15,-,0
32,64,512,z:il3d,nat-oop,2919863,4002913,35.912,1.371,1.210e-15,-,1
32,64,1024,z:il3d,nat-oop,6796900,8566950,32.397,1.260,1.471e-15,-,0
32,64,1024,z:il3d,nat-oop,7092350,9147500,31.048,1.290,1.471e-15,-,1
32,64,2048,z:il3d,nat-oop,15070037,18010512,30.615,1.195,2.690e-15,-,0
32,64,2048,z:il3d,nat-oop,15407587,19835025,29.945,1.287,2.690e-15,-,1
32,128,2,z:il3d,nat-oop,11378,29499,46.800,2.593,5.032e-16,-,0
32,128,2,z:il3d,nat-oop,11323,29488,47.027,2.604,5.032e-16,-,1
32,128,4,z:il3d,nat-oop,24229,44003,47.336,1.816,3.818e-16,-,0
32,128,4,z:il3d,nat-oop,25228,44271,45.461,1.755,3.818e-16,-,1
32,128,8,z:il3d,nat-oop,52066,80202,47.202,1.540,3.575e-16,-,0
32,128,8,z:il3d,nat-oop,51525,80208,47.698,1.557,3.575e-16,-,1
32,128,16,z:il3d,nat-oop,125957,118523,41.624,0.941,4.283e-16,-,0
32,128,16,z:il3d,nat-oop,116550,118550,44.984,1.017,4.283e-16,-,1
32,128,32,z:il3d,nat-oop,282040,354207,39.502,1.256,3.520e-16,-,0
32,128,32,z:il3d,nat-oop,279500,359320,39.861,1.286,3.520e-16,-,1
32,128,64,z:il3d,nat-oop,649688,790587,36.314,1.217,4.855e-16,-,0
32,128,64,z:il3d,nat-oop,663338,794363,35.567,1.198,4.855e-16,-,1
32,128,128,z:il3d,nat-oop,1229350,1601463,40.515,1.303,8.935e-16,-,0
32,128,128,z:il3d,nat-oop,1233862,1609388,40.367,1.304,8.935e-16,-,1
32,128,256,z:il3d,nat-oop,2827900,3846825,37.080,1.360,1.159e-15,-,0
32,128,256,z:il3d,nat-oop,2847987,3768713,36.818,1.323,1.159e-15,-,1
32,128,512,z:il3d,nat-oop,7622100,9144912,28.890,1.200,1.345e-15,-,0
32,128,512,z:il3d,nat-oop,7592213,9144612,29.004,1.204,1.345e-15,-,1
32,128,1024,z:il3d,nat-oop,17569250,18845550,26.260,1.073,2.964e-15,-,0
32,128,1024,z:il3d,nat-oop,17726913,20428238,26.027,1.152,2.964e-15,-,1
32,256,2,z:il3d,nat-oop,24196,56345,47.400,2.329,3.360e-16,-,0
32,256,2,z:il3d,nat-oop,23746,56516,48.298,2.380,3.360e-16,-,1
32,256,4,z:il3d,nat-oop,51392,91343,47.821,1.777,4.696e-16,-,0
32,256,4,z:il3d,nat-oop,51133,91072,48.063,1.781,4.696e-16,-,1
32,256,8,z:il3d,nat-oop,115437,167707,45.418,1.453,4.155e-16,-,0
32,256,8,z:il3d,nat-oop,117363,168313,44.672,1.434,4.155e-16,-,1
32,256,16,z:il3d,nat-oop,309740,367973,35.969,1.188,4.220e-16,-,0
32,256,16,z:il3d,nat-oop,332720,369220,33.485,1.110,3.919e-16,-,1
32,256,32,z:il3d,nat-oop,594350,765550,39.695,1.288,4.439e-16,-,0
32,256,32,z:il3d,nat-oop,670862,762850,35.168,1.137,4.439e-16,-,1
32,256,64,z:il3d,nat-oop,1337350,1613738,37.243,1.207,9.309e-16,-,0
32,256,64,z:il3d,nat-oop,1345437,1614087,37.019,1.200,9.309e-16,-,1
32,256,128,z:il3d,nat-oop,2897000,3734113,36.195,1.289,1.216e-15,-,0
32,256,128,z:il3d,nat-oop,2905725,3752250,36.087,1.291,1.216e-15,-,1
32,256,256,z:il3d,nat-oop,7433250,8998875,29.624,1.211,1.333e-15,-,0
32,256,256,z:il3d,nat-oop,7489262,9017362,29.402,1.204,1.333e-15,-,1
32,256,512,z:il3d,nat-oop,16200450,21923125,28.479,1.353,2.863e-15,-,0
32,256,512,z:il3d,nat-oop,16121650,22139400,28.618,1.373,2.863e-15,-,1
32,512,2,z:il3d,nat-oop,52949,119828,46.414,2.263,5.284e-16,-,0
32,512,2,z:il3d,nat-oop,53321,120466,46.090,2.259,5.284e-16,-,1
32,512,4,z:il3d,nat-oop,118927,184630,44.085,1.552,3.890e-16,-,0
32,512,4,z:il3d,nat-oop,115043,185447,45.573,1.612,3.890e-16,-,1
32,512,8,z:il3d,nat-oop,271420,362800,41.048,1.337,4.983e-16,-,0
32,512,8,z:il3d,nat-oop,285247,367887,39.058,1.290,4.983e-16,-,1
32,512,16,z:il3d,nat-oop,719925,867175,32.771,1.205,4.820e-16,-,0
32,512,16,z:il3d,nat-oop,715650,867100,32.967,1.212,4.820e-16,-,1
32,512,32,z:il3d,nat-oop,1272713,1734325,39.135,1.363,9.274e-16,-,0
32,512,32,z:il3d,nat-oop,1421250,1712062,35.045,1.205,9.274e-16,-,1
32,512,64,z:il3d,nat-oop,2900938,3815838,36.146,1.315,1.304e-15,-,0
32,512,64,z:il3d,nat-oop,2972850,3670675,35.272,1.235,1.304e-15,-,1
32,512,128,z:il3d,nat-oop,7734125,9218038,28.471,1.192,1.204e-15,-,0
32,512,128,z:il3d,nat-oop,7686162,9226150,28.649,1.200,1.204e-15,-,1
32,512,256,z:il3d,nat-oop,15454100,27121212,29.854,1.755,2.828e-15,-,0
32,512,256,z:il3d,nat-oop,15274138,26368625,30.206,1.726,2.828e-15,-,1
32,1024,2,z:il3d,nat-oop,122407,249773,42.832,2.041,4.675e-16,-,0
32,1024,2,z:il3d,nat-oop,122700,249447,42.729,2.033,4.675e-16,-,1
32,1024,4,z:il3d,nat-oop,280460,396240,39.724,1.413,3.599e-16,-,0
32,1024,4,z:il3d,nat-oop,269060,395487,41.408,1.470,3.599e-16,-,1
32,1024,8,z:il3d,nat-oop,597088,807375,39.513,1.352,4.146e-16,-,0
32,1024,8,z:il3d,nat-oop,594975,804325,39.654,1.352,4.146e-16,-,1
32,1024,16,z:il3d,nat-oop,1313838,1851725,37.910,1.409,7.716e-16,-,0
32,1024,16,z:il3d,nat-oop,1351400,1849075,36.856,1.368,7.716e-16,-,1
32,1024,32,z:il3d,nat-oop,3083900,3858663,34.002,1.251,1.068e-15,-,0
32,1024,32,z:il3d,nat-oop,3211062,3876625,32.655,1.207,1.068e-15,-,1
32,1024,64,z:il3d,nat-oop,8012825,9369937,27.481,1.169,1.611e-15,-,0
32,1024,64,z:il3d,nat-oop,7987213,9286775,27.569,1.163,1.611e-15,-,1
32,1024,128,z:il3d,nat-oop,15905125,23937337,29.008,1.505,3.053e-15,-,0
32,1024,128,z:il3d,nat-oop,15746287,24230250,29.300,1.539,3.053e-15,-,1
32,2048,2,z:il3d,nat-oop,285440,522107,39.031,1.829,3.393e-16,-,0
32,2048,2,z:il3d,nat-oop,286213,524253,38.926,1.832,3.393e-16,-,1
32,2048,4,z:il3d,nat-oop,604463,893888,39.031,1.479,5.636e-16,-,0
32,2048,4,z:il3d,nat-oop,609425,878275,38.713,1.441,5.636e-16,-,1
32,2048,8,z:il3d,nat-oop,1284362,1695212,38.780,1.320,8.806e-16,-,0
32,2048,8,z:il3d,nat-oop,1288313,1704288,38.661,1.323,8.806e-16,-,1
32,2048,16,z:il3d,nat-oop,3227400,3998000,32.490,1.239,1.023e-15,-,0
32,2048,16,z:il3d,nat-oop,3275312,4022475,32.015,1.228,1.023e-15,-,1
32,2048,32,z:il3d,nat-oop,9544100,9283575,23.072,0.973,1.361e-15,-,0
32,2048,32,z:il3d,nat-oop,9511725,9432275,23.150,0.992,1.361e-15,-,1
32,2048,64,z:il3d,nat-oop,17271675,23277750,26.713,1.348,2.857e-15,-,0
32,2048,64,z:il3d,nat-oop,17048350,23457275,27.063,1.376,2.857e-15,-,1
32,4096,2,z:il3d,nat-oop,619038,1120213,38.112,1.810,5.312e-16,-,0
32,4096,2,z:il3d,nat-oop,619350,1120175,38.093,1.809,5.312e-16,-,1
32,4096,4,z:il3d,nat-oop,1272863,1792850,39.130,1.409,1.044e-15,-,0
32,4096,4,z:il3d,nat-oop,1276000,1802913,39.034,1.413,1.044e-15,-,1
32,4096,8,z:il3d,nat-oop,3133875,3701000,33.459,1.181,1.087e-15,-,0
32,4096,8,z:il3d,nat-oop,3115288,3695775,33.659,1.186,1.087e-15,-,1
32,4096,16,z:il3d,nat-oop,7360638,8712812,29.916,1.184,1.570e-15,-,0
32,4096,16,z:il3d,nat-oop,7304000,8772312,30.148,1.201,1.570e-15,-,1
32,4096,32,z:il3d,nat-oop,17558825,20998213,26.276,1.196,2.697e-15,-,0
32,4096,32,z:il3d,nat-oop,17727888,21193400,26.025,1.195,2.697e-15,-,1
32,8192,2,z:il3d,nat-oop,1337912,2319413,37.228,1.734,1.018e-15,-,0
32,8192,2,z:il3d,nat-oop,1303375,2293213,38.214,1.759,1.018e-15,-,1
32,8192,4,z:il3d,nat-oop,3198613,3910575,32.782,1.223,1.121e-15,-,0
32,8192,4,z:il3d,nat-oop,3078850,3929575,34.057,1.276,1.121e-15,-,1
32,8192,8,z:il3d,nat-oop,7304775,9067938,30.145,1.241,1.663e-15,-,0
32,8192,8,z:il3d,nat-oop,7414275,9071425,29.700,1.224,1.663e-15,-,1
32,8192,16,z:il3d,nat-oop,18217950,22437475,25.325,1.232,2.979e-15,-,0
32,8192,16,z:il3d,nat-oop,18323138,22716113,25.180,1.240,2.979e-15,-,1
64,2,2,z:il3d,nat-oop,909,8954,11.269,9.853,2.295e-16,-,0
64,2,2,z:il3d,nat-oop,912,8962,11.234,9.832,2.295e-16,-,1
64,2,4,z:il3d,nat-oop,1099,9922,20.968,9.030,2.562e-16,-,0
64,2,4,z:il3d,nat-oop,1096,9917,21.028,9.051,2.562e-16,-,1
64,2,8,z:il3d,nat-oop,1579,10805,32.432,6.845,3.023e-16,-,0
64,2,8,z:il3d,nat-oop,1580,10831,32.410,6.856,3.023e-16,-,1
64,2,16,z:il3d,nat-oop,3087,13981,36.486,4.529,2.930e-16,-,0
64,2,16,z:il3d,nat-oop,3053,14065,36.896,4.607,2.930e-16,-,1
64,2,32,z:il3d,nat-oop,6083,22008,40.401,3.618,2.979e-16,-,0
64,2,32,z:il3d,nat-oop,6109,21968,40.228,3.596,2.979e-16,-,1
64,2,64,z:il3d,nat-oop,10862,36784,49.023,3.387,3.646e-16,-,0
64,2,64,z:il3d,nat-oop,10724,36841,49.652,3.435,3.646e-16,-,1
64,2,128,z:il3d,nat-oop,23964,66846,47.859,2.789,3.796e-16,-,0
64,2,128,z:il3d,nat-oop,23770,66833,48.248,2.812,3.796e-16,-,1
64,2,256,z:il3d,nat-oop,48066,126198,51.130,2.626,3.915e-16,-,0
64,2,256,z:il3d,nat-oop,48580,126039,50.588,2.594,3.915e-16,-,1
64,2,512,z:il3d,nat-oop,105543,250827,49.675,2.377,4.602e-16,-,0
64,2,512,z:il3d,nat-oop,107027,250680,48.987,2.342,4.602e-16,-,1
64,2,1024,z:il3d,nat-oop,258053,533133,43.174,2.066,4.445e-16,-,0
64,2,1024,z:il3d,nat-oop,254940,536600,43.701,2.105,4.445e-16,-,1
64,2,2048,z:il3d,nat-oop,554438,1125475,42.553,2.030,5.751e-16,-,0
64,2,2048,z:il3d,nat-oop,552200,1134812,42.725,2.055,5.751e-16,-,1
64,2,4096,z:il3d,nat-oop,1171538,2252850,42.515,1.923,1.162e-15,-,0
64,2,4096,z:il3d,nat-oop,1172725,2276313,42.471,1.941,1.162e-15,-,1
64,2,8192,z:il3d,nat-oop,2748075,4869250,38.157,1.772,1.259e-15,-,0
64,2,8192,z:il3d,nat-oop,2698025,4846738,38.865,1.796,1.259e-15,-,1
64,4,2,z:il3d,nat-oop,1094,9730,21.070,8.898,2.987e-16,-,0
64,4,2,z:il3d,nat-oop,1099,9657,20.968,8.789,2.987e-16,-,1
64,4,4,z:il3d,nat-oop,1703,10483,30.071,6.157,2.320e-16,-,0
64,4,4,z:il3d,nat-oop,1719,10487,29.787,6.101,2.320e-16,-,1
64,4,8,z:il3d,nat-oop,2462,12153,45.755,4.937,2.429e-16,-,0
64,4,8,z:il3d,nat-oop,3122,12038,36.081,3.856,2.429e-16,-,1
64,4,16,z:il3d,nat-oop,5442,16228,45.163,2.982,2.554e-16,-,0
64,4,16,z:il3d,nat-oop,5351,16217,45.931,3.031,2.554e-16,-,1
64,4,32,z:il3d,nat-oop,11454,26582,46.490,2.321,2.687e-16,-,0
64,4,32,z:il3d,nat-oop,11368,26584,46.838,2.338,2.687e-16,-,1
64,4,64,z:il3d,nat-oop,23213,46941,49.407,2.022,3.580e-16,-,0
64,4,64,z:il3d,nat-oop,23048,46867,49.760,2.033,3.580e-16,-,1
64,4,128,z:il3d,nat-oop,47975,89369,51.226,1.863,5.368e-16,-,0
64,4,128,z:il3d,nat-oop,47628,89121,51.600,1.871,5.368e-16,-,1
64,4,256,z:il3d,nat-oop,108273,176150,48.423,1.627,4.123e-16,-,0
64,4,256,z:il3d,nat-oop,106197,177210,49.370,1.669,4.123e-16,-,1
64,4,512,z:il3d,nat-oop,236967,376627,47.016,1.589,5.018e-16,-,0
64,4,512,z:il3d,nat-oop,238393,378673,46.734,1.588,5.018e-16,-,1
64,4,1024,z:il3d,nat-oop,527312,817200,44.742,1.550,4.755e-16,-,0
64,4,1024,z:il3d,nat-oop,529162,821763,44.585,1.553,4.755e-16,-,1
64,4,2048,z:il3d,nat-oop,1103587,1702475,45.132,1.543,1.322e-15,-,0
64,4,2048,z:il3d,nat-oop,1121363,1646338,44.417,1.468,1.322e-15,-,1
64,4,4096,z:il3d,nat-oop,2640137,3653062,39.717,1.384,1.231e-15,-,0
64,4,4096,z:il3d,nat-oop,2662750,3596000,39.379,1.350,1.231e-15,-,1
64,4,8192,z:il3d,nat-oop,6894312,8454963,31.940,1.226,1.708e-15,-,0
64,4,8192,z:il3d,nat-oop,7041612,8574163,31.271,1.218,1.708e-15,-,1
64,8,2,z:il3d,nat-oop,1569,10814,32.634,6.893,3.538e-16,-,0
64,8,2,z:il3d,nat-oop,1578,10820,32.451,6.858,3.538e-16,-,1
64,8,4,z:il3d,nat-oop,2690,12368,41.874,4.598,2.687e-16,-,0
64,8,4,z:il3d,nat-oop,2651,12395,42.496,4.676,2.687e-16,-,1
64,8,8,z:il3d,nat-oop,5136,15180,47.846,2.955,2.535e-16,-,0
64,8,8,z:il3d,nat-oop,5019,15161,48.961,3.020,2.535e-16,-,1
64,8,16,z:il3d,nat-oop,11193,22745,47.574,2.032,3.277e-16,-,0
64,8,16,z:il3d,nat-oop,11189,22809,47.590,2.039,3.277e-16,-,1
64,8,32,z:il3d,nat-oop,22989,39120,49.889,1.702,3.948e-16,-,0
64,8,32,z:il3d,nat-oop,22979,39410,49.911,1.715,3.948e-16,-,1
64,8,64,z:il3d,nat-oop,48149,74175,51.041,1.541,4.014e-16,-,0
64,8,64,z:il3d,nat-oop,48410,74408,50.767,1.537,4.014e-16,-,1
64,8,128,z:il3d,nat-oop,105657,149950,49.622,1.419,3.968e-16,-,0
64,8,128,z:il3d,nat-oop,94487,149290,55.488,1.580,3.968e-16,-,1
64,8,256,z:il3d,nat-oop,236320,322733,47.144,1.366,3.546e-16,-,0
64,8,256,z:il3d,nat-oop,245380,322647,45.404,1.315,3.546e-16,-,1
64,8,512,z:il3d,nat-oop,548137,708612,43.042,1.293,5.678e-16,-,0
64,8,512,z:il3d,nat-oop,532800,709575,44.281,1.332,5.678e-16,-,1
64,8,1024,z:il3d,nat-oop,1178575,1420125,42.261,1.205,1.135e-15,-,0
64,8,1024,z:il3d,nat-oop,1118312,1493787,44.538,1.336,1.135e-15,-,1
64,8,2048,z:il3d,nat-oop,2560063,3226100,40.959,1.260,1.394e-15,-,0
64,8,2048,z:il3d,nat-oop,2558588,3340475,40.983,1.306,1.394e-15,-,1
64,8,4096,z:il3d,nat-oop,6672838,7407450,33.000,1.110,1.737e-15,-,0
64,8,4096,z:il3d,nat-oop,6892913,7440950,31.946,1.080,1.737e-15,-,1
64,8,8192,z:il3d,nat-oop,12822950,16471750,35.980,1.285,2.846e-15,-,0
64,8,8192,z:il3d,nat-oop,12778525,16255337,36.105,1.272,2.846e-15,-,1
64,16,2,z:il3d,nat-oop,2877,13373,39.158,4.649,3.035e-16,-,0
64,16,2,z:il3d,nat-oop,2966,13464,37.981,4.540,3.035e-16,-,1
64,16,4,z:il3d,nat-oop,5823,16245,42.202,2.790,3.078e-16,-,0
64,16,4,z:il3d,nat-oop,5761,16276,42.657,2.825,3.078e-16,-,1
64,16,8,z:il3d,nat-oop,9908,22494,53.741,2.270,2.650e-16,-,0
64,16,8,z:il3d,nat-oop,9924,22478,53.657,2.265,2.650e-16,-,1
64,16,16,z:il3d,nat-oop,23105,27913,49.638,1.208,3.150e-16,-,0
64,16,16,z:il3d,nat-oop,23217,27757,49.398,1.196,3.150e-16,-,1
64,16,32,z:il3d,nat-oop,51031,54820,48.159,1.074,3.298e-16,-,0
64,16,32,z:il3d,nat-oop,50593,54795,48.575,1.083,3.298e-16,-,1
64,16,64,z:il3d,nat-oop,99563,117317,52.659,1.178,3.382e-16,-,0
64,16,64,z:il3d,nat-oop,99943,117880,52.459,1.179,3.382e-16,-,1
64,16,128,z:il3d,nat-oop,244207,262187,45.622,1.074,3.795e-16,-,0
64,16,128,z:il3d,nat-oop,238260,262147,46.760,1.100,3.795e-16,-,1
64,16,256,z:il3d,nat-oop,537912,823037,43.860,1.530,4.412e-16,-,0
64,16,256,z:il3d,nat-oop,539925,816988,43.697,1.513,4.412e-16,-,1
64,16,512,z:il3d,nat-oop,1171975,1730887,42.499,1.477,1.386e-15,-,0
64,16,512,z:il3d,nat-oop,1142862,1724275,43.581,1.509,1.386e-15,-,1
64,16,1024,z:il3d,nat-oop,2582237,3669688,40.607,1.421,1.124e-15,-,0
64,16,1024,z:il3d,nat-oop,2501350,3652688,41.920,1.460,1.124e-15,-,1
64,16,2048,z:il3d,nat-oop,6607062,8124875,33.328,1.230,1.577e-15,-,0
64,16,2048,z:il3d,nat-oop,6725362,8145987,32.742,1.211,1.577e-15,-,1
64,16,4096,z:il3d,nat-oop,12251963,17736688,37.657,1.448,2.934e-15,-,0
64,16,4096,z:il3d,nat-oop,13332825,17794400,34.604,1.335,2.934e-15,-,1
64,32,2,z:il3d,nat-oop,6577,19895,37.367,3.025,2.760e-16,-,0
64,32,2,z:il3d,nat-oop,6613,19900,37.165,3.009,2.760e-16,-,1
64,32,4,z:il3d,nat-oop,10922,26748,48.754,2.449,3.822e-16,-,0
64,32,4,z:il3d,nat-oop,10914,26791,48.789,2.455,3.822e-16,-,1
64,32,8,z:il3d,nat-oop,23743,40044,48.305,1.687,3.012e-16,-,0
64,32,8,z:il3d,nat-oop,23646,40414,48.502,1.709,3.012e-16,-,1
64,32,16,z:il3d,nat-oop,50223,58395,48.934,1.163,3.465e-16,-,0
64,32,16,z:il3d,nat-oop,50110,58146,49.044,1.160,3.465e-16,-,1
64,32,32,z:il3d,nat-oop,101727,116093,51.539,1.141,3.551e-16,-,0
64,32,32,z:il3d,nat-oop,99390,116363,52.751,1.171,3.551e-16,-,1
64,32,64,z:il3d,nat-oop,250967,276273,44.393,1.101,4.022e-16,-,0
64,32,64,z:il3d,nat-oop,251260,275340,44.341,1.096,4.022e-16,-,1
64,32,128,z:il3d,nat-oop,616225,805438,38.286,1.307,5.394e-16,-,0
64,32,128,z:il3d,nat-oop,573350,803600,41.149,1.402,5.394e-16,-,1
64,32,256,z:il3d,nat-oop,1290062,1742837,38.608,1.351,1.159e-15,-,0
64,32,256,z:il3d,nat-oop,1420675,1777250,35.059,1.251,1.159e-15,-,1
64,32,512,z:il3d,nat-oop,2985200,4133100,35.126,1.385,1.275e-15,-,0
64,32,512,z:il3d,nat-oop,2922850,4102525,35.875,1.404,1.275e-15,-,1
64,32,1024,z:il3d,nat-oop,7238000,8877475,30.423,1.227,1.481e-15,-,0
64,32,1024,z:il3d,nat-oop,7358462,8882625,29.925,1.207,1.481e-15,-,1
64,32,2048,z:il3d,nat-oop,12855275,18025537,35.890,1.402,2.975e-15,-,0
64,32,2048,z:il3d,nat-oop,12661462,19182175,36.439,1.515,2.975e-15,-,1
64,64,2,z:il3d,nat-oop,12173,32721,43.743,2.688,3.603e-16,-,0
64,64,2,z:il3d,nat-oop,12274,32880,43.382,2.679,3.603e-16,-,1
64,64,4,z:il3d,nat-oop,24798,46025,46.248,1.856,3.474e-16,-,0
64,64,4,z:il3d,nat-oop,25022,46028,45.835,1.839,3.474e-16,-,1
64,64,8,z:il3d,nat-oop,50064,73725,49.089,1.473,3.451e-16,-,0
64,64,8,z:il3d,nat-oop,50295,73784,48.864,1.467,3.451e-16,-,1
64,64,16,z:il3d,nat-oop,101887,125783,51.458,1.235,3.306e-16,-,0
64,64,16,z:il3d,nat-oop,101640,125933,51.583,1.239,3.306e-16,-,1
64,64,32,z:il3d,nat-oop,243200,276333,45.811,1.136,4.175e-16,-,0
64,64,32,z:il3d,nat-oop,254393,277060,43.795,1.089,4.175e-16,-,1
64,64,64,z:il3d,nat-oop,581500,794613,40.573,1.366,4.609e-16,-,0
64,64,64,z:il3d,nat-oop,584663,798400,40.353,1.366,4.609e-16,-,1
64,64,128,z:il3d,nat-oop,1273387,1666225,39.114,1.308,1.216e-15,-,0
64,64,128,z:il3d,nat-oop,1259937,1679362,39.532,1.333,1.216e-15,-,1
64,64,256,z:il3d,nat-oop,2824150,4018925,37.129,1.423,1.231e-15,-,0
64,64,256,z:il3d,nat-oop,2814400,4017862,37.258,1.428,1.231e-15,-,1
64,64,512,z:il3d,nat-oop,7399950,9713050,29.757,1.313,1.673e-15,-,0
64,64,512,z:il3d,nat-oop,7608613,9833438,28.941,1.292,1.673e-15,-,1
64,64,1024,z:il3d,nat-oop,14567400,20332638,31.672,1.396,2.957e-15,-,0
64,64,1024,z:il3d,nat-oop,14183175,19630750,32.530,1.384,2.957e-15,-,1
64,128,2,z:il3d,nat-oop,27294,60066,42.019,2.201,3.481e-16,-,0
64,128,2,z:il3d,nat-oop,26602,60075,43.112,2.258,3.481e-16,-,1
64,128,4,z:il3d,nat-oop,55284,90156,44.454,1.631,3.413e-16,-,0
64,128,4,z:il3d,nat-oop,55859,90164,43.996,1.614,3.413e-16,-,1
64,128,8,z:il3d,nat-oop,113183,163983,46.322,1.449,4.353e-16,-,0
64,128,8,z:il3d,nat-oop,113050,164823,46.377,1.458,4.353e-16,-,1
64,128,16,z:il3d,nat-oop,268653,281327,41.470,1.047,3.278e-16,-,0
64,128,16,z:il3d,nat-oop,278720,281140,39.972,1.009,3.278e-16,-,1
64,128,32,z:il3d,nat-oop,704712,793212,33.479,1.126,5.018e-16,-,0
64,128,32,z:il3d,nat-oop,695787,796538,33.908,1.145,5.018e-16,-,1
64,128,64,z:il3d,nat-oop,1257825,1683788,39.598,1.339,1.414e-15,-,0
64,128,64,z:il3d,nat-oop,1397825,1690425,35.632,1.209,1.414e-15,-,1
64,128,128,z:il3d,nat-oop,2928975,3866187,35.800,1.320,1.282e-15,-,0
64,128,128,z:il3d,nat-oop,2910575,3932038,36.026,1.351,1.282e-15,-,1
64,128,256,z:il3d,nat-oop,7231200,9383325,30.452,1.298,1.501e-15,-,0
64,128,256,z:il3d,nat-oop,7278487,9394138,30.254,1.291,1.501e-15,-,1
64,128,512,z:il3d,nat-oop,15831963,21579575,29.142,1.363,2.815e-15,-,0
64,128,512,z:il3d,nat-oop,15561650,20700963,29.648,1.330,2.815e-15,-,1
64,256,2,z:il3d,nat-oop,55936,115125,43.936,2.058,3.766e-16,-,0
64,256,2,z:il3d,nat-oop,61667,115408,39.853,1.871,3.766e-16,-,1
64,256,4,z:il3d,nat-oop,113017,186347,46.390,1.649,4.162e-16,-,0
64,256,4,z:il3d,nat-oop,110707,186057,47.358,1.681,4.162e-16,-,1
64,256,8,z:il3d,nat-oop,279860,361567,39.810,1.292,4.945e-16,-,0
64,256,8,z:il3d,nat-oop,270987,359260,41.113,1.326,4.945e-16,-,1
64,256,16,z:il3d,nat-oop,741825,809525,31.804,1.091,5.257e-16,-,0
64,256,16,z:il3d,nat-oop,725063,811513,32.539,1.119,5.257e-16,-,1
64,256,32,z:il3d,nat-oop,1349213,1647075,36.916,1.221,1.057e-15,-,0
64,256,32,z:il3d,nat-oop,1364000,1660687,36.516,1.218,1.057e-15,-,1
64,256,64,z:il3d,nat-oop,3141312,3580287,33.380,1.140,1.294e-15,-,0
64,256,64,z:il3d,nat-oop,2908737,3610962,36.049,1.241,1.294e-15,-,1
64,256,128,z:il3d,nat-oop,7481737,9045112,29.432,1.209,1.635e-15,-,0
64,256,128,z:il3d,nat-oop,7529375,9029663,29.246,1.199,1.635e-15,-,1
64,256,256,z:il3d,nat-oop,14419938,20431175,31.996,1.417,2.767e-15,-,0
64,256,256,z:il3d,nat-oop,14247950,20898725,32.382,1.467,2.767e-15,-,1
64,512,2,z:il3d,nat-oop,121057,243713,43.309,2.013,5.108e-16,-,0
64,512,2,z:il3d,nat-oop,114300,243887,45.869,2.134,5.108e-16,-,1
64,512,4,z:il3d,nat-oop,284220,387240,39.199,1.362,4.413e-16,-,0
64,512,4,z:il3d,nat-oop,270793,387780,41.143,1.432,4.413e-16,-,1
64,512,8,z:il3d,nat-oop,609487,793050,38.710,1.301,6.669e-16,-,0
64,512,8,z:il3d,nat-oop,607388,794000,38.843,1.307,6.669e-16,-,1
64,512,16,z:il3d,nat-oop,1365912,1853475,36.465,1.357,1.105e-15,-,0
64,512,16,z:il3d,nat-oop,1528838,1843938,32.579,1.206,1.105e-15,-,1
64,512,32,z:il3d,nat-oop,3344275,3836688,31.354,1.147,1.225e-15,-,0
64,512,32,z:il3d,nat-oop,3310725,3849550,31.672,1.163,1.225e-15,-,1
64,512,64,z:il3d,nat-oop,7453550,9120662,29.543,1.224,1.699e-15,-,0
64,512,64,z:il3d,nat-oop,7641800,9154600,28.815,1.198,1.699e-15,-,1
64,512,128,z:il3d,nat-oop,14423813,20630500,31.987,1.430,2.934e-15,-,0
64,512,128,z:il3d,nat-oop,15161700,20651025,30.430,1.362,2.934e-15,-,1
64,1024,2,z:il3d,nat-oop,286827,521233,38.843,1.817,4.965e-16,-,0
64,1024,2,z:il3d,nat-oop,283140,526853,39.348,1.861,4.965e-16,-,1
64,1024,4,z:il3d,nat-oop,607975,853138,38.806,1.403,6.457e-16,-,0
64,1024,4,z:il3d,nat-oop,604287,857650,39.043,1.419,6.457e-16,-,1
64,1024,8,z:il3d,nat-oop,1295512,1660262,38.446,1.282,1.254e-15,-,0
64,1024,8,z:il3d,nat-oop,1283900,1661488,38.794,1.294,1.254e-15,-,1
64,1024,16,z:il3d,nat-oop,3100513,4137425,33.819,1.334,1.350e-15,-,0
64,1024,16,z:il3d,nat-oop,3179075,4226975,32.984,1.330,1.350e-15,-,1
64,1024,32,z:il3d,nat-oop,6864013,9435013,32.081,1.375,1.683e-15,-,0
64,1024,32,z:il3d,nat-oop,6951300,9528913,31.678,1.371,1.683e-15,-,1
64,1024,64,z:il3d,nat-oop,14422012,21113287,31.991,1.464,2.773e-15,-,0
64,1024,64,z:il3d,nat-oop,14471975,21016700,31.880,1.452,2.773e-15,-,1
64,2048,2,z:il3d,nat-oop,634125,1120912,37.206,1.768,6.552e-16,-,0
64,2048,2,z:il3d,nat-oop,641800,1119587,36.761,1.744,6.552e-16,-,1
64,2048,4,z:il3d,nat-oop,1308487,1799025,38.065,1.375,1.156e-15,-,0
64,2048,4,z:il3d,nat-oop,1300400,1799587,38.302,1.384,1.156e-15,-,1
64,2048,8,z:il3d,nat-oop,3095375,3651825,33.876,1.180,1.265e-15,-,0
64,2048,8,z:il3d,nat-oop,3013500,3741000,34.796,1.241,1.265e-15,-,1
64,2048,16,z:il3d,nat-oop,8098387,9637363,27.191,1.190,1.504e-15,-,0
64,2048,16,z:il3d,nat-oop,8145750,9571238,27.033,1.175,1.504e-15,-,1
64,2048,32,z:il3d,nat-oop,20379312,20877225,22.639,1.024,2.993e-15,-,0
64,2048,32,z:il3d,nat-oop,20652237,20940600,22.340,1.014,2.993e-15,-,1
64,4096,2,z:il3d,nat-oop,1320575,2275012,37.716,1.723,1.230e-15,-,0
64,4096,2,z:il3d,nat-oop,1355988,2283088,36.731,1.684,1.230e-15,-,1
64,4096,4,z:il3d,nat-oop,3013337,3883863,34.798,1.289,1.269e-15,-,0
64,4096,4,z:il3d,nat-oop,2930825,3852875,35.778,1.315,1.269e-15,-,1
64,4096,8,z:il3d,nat-oop,7913400,8416262,27.826,1.064,1.659e-15,-,0
64,4096,8,z:il3d,nat-oop,7856863,8412763,28.027,1.071,1.659e-15,-,1
64,4096,16,z:il3d,nat-oop,16326325,19803775,28.259,1.213,2.865e-15,-,0
64,4096,16,z:il3d,nat-oop,16768750,20115688,27.514,1.200,2.865e-15,-,1
64,8192,2,z:il3d,nat-oop,3040225,4770475,34.490,1.569,1.207e-15,-,0
64,8192,2,z:il3d,nat-oop,3038487,4766400,34.510,1.569,1.207e-15,-,1
64,8192,4,z:il3d,nat-oop,7923487,8881662,27.791,1.121,1.553e-15,-,0
64,8192,4,z:il3d,nat-oop,8022125,8867600,27.449,1.105,1.553e-15,-,1
64,8192,8,z:il3d,nat-oop,16054125,19561662,28.739,1.218,2.696e-15,-,0
64,8192,8,z:il3d,nat-oop,17043300,19464850,27.071,1.142,2.696e-15,-,1
128,2,2,z:il3d,nat-oop,1770,17887,13.013,10.103,3.393e-16,-,0
128,2,2,z:il3d,nat-oop,1762,17887,13.079,10.154,3.393e-16,-,1
128,2,4,z:il3d,nat-oop,2202,20061,23.248,9.109,3.440e-16,-,0
128,2,4,z:il3d,nat-oop,2193,20088,23.348,9.161,3.440e-16,-,1
128,2,8,z:il3d,nat-oop,3615,22226,31.156,6.148,3.347e-16,-,0
128,2,8,z:il3d,nat-oop,3588,22238,31.391,6.197,3.347e-16,-,1
128,2,16,z:il3d,nat-oop,6929,29159,35.468,4.208,4.256e-16,-,0
128,2,16,z:il3d,nat-oop,7114,29224,34.546,4.108,4.256e-16,-,1
128,2,32,z:il3d,nat-oop,12468,45699,42.706,3.665,4.215e-16,-,0
128,2,32,z:il3d,nat-oop,12558,45617,42.402,3.633,4.215e-16,-,1
128,2,64,z:il3d,nat-oop,24384,75610,47.033,3.101,3.851e-16,-,0
128,2,64,z:il3d,nat-oop,24439,75692,46.929,3.097,3.851e-16,-,1
128,2,128,z:il3d,nat-oop,46428,139231,52.934,2.999,4.970e-16,-,0
128,2,128,z:il3d,nat-oop,46711,139649,52.612,2.990,4.970e-16,-,1
128,2,256,z:il3d,nat-oop,97370,268180,53.845,2.754,4.170e-16,-,0
128,2,256,z:il3d,nat-oop,97000,268547,54.050,2.769,4.170e-16,-,1
128,2,512,z:il3d,nat-oop,252327,571800,44.154,2.266,6.576e-16,-,0
128,2,512,z:il3d,nat-oop,258133,555647,43.160,2.153,6.576e-16,-,1
128,2,1024,z:il3d,nat-oop,557150,1141125,42.346,2.048,4.828e-16,-,0
128,2,1024,z:il3d,nat-oop,557725,1162475,42.302,2.084,4.828e-16,-,1
128,2,2048,z:il3d,nat-oop,1144925,2329000,43.503,2.034,9.883e-16,-,0
128,2,2048,z:il3d,nat-oop,1155787,2345550,43.094,2.029,9.883e-16,-,1
128,2,4096,z:il3d,nat-oop,2832500,5115962,37.019,1.806,1.126e-15,-,0
128,2,4096,z:il3d,nat-oop,2835725,5186000,36.977,1.829,1.126e-15,-,1
128,2,8192,z:il3d,nat-oop,7219963,11706562,30.499,1.621,1.485e-15,-,0
128,2,8192,z:il3d,nat-oop,7302025,11600463,30.156,1.589,1.485e-15,-,1
128,4,2,z:il3d,nat-oop,2203,19552,23.242,8.876,3.108e-16,-,0
128,4,2,z:il3d,nat-oop,2197,19580,23.304,8.912,3.108e-16,-,1
128,4,4,z:il3d,nat-oop,3467,21438,32.488,6.183,2.597e-16,-,0
128,4,4,z:il3d,nat-oop,3260,21492,34.552,6.593,2.597e-16,-,1
128,4,8,z:il3d,nat-oop,6301,25252,39.003,4.008,2.879e-16,-,0
128,4,8,z:il3d,nat-oop,6274,25281,39.174,4.030,2.879e-16,-,1
128,4,16,z:il3d,nat-oop,11954,34181,44.545,2.859,4.981e-16,-,0
128,4,16,z:il3d,nat-oop,12048,34301,44.198,2.847,4.981e-16,-,1
128,4,32,z:il3d,nat-oop,23361,55468,49.095,2.374,3.623e-16,-,0
128,4,32,z:il3d,nat-oop,23604,55394,48.588,2.347,3.623e-16,-,1
128,4,64,z:il3d,nat-oop,44880,99723,54.759,2.222,3.591e-16,-,0
128,4,64,z:il3d,nat-oop,44667,99818,55.020,2.235,3.591e-16,-,1
128,4,128,z:il3d,nat-oop,95653,193320,54.811,2.021,3.829e-16,-,0
128,4,128,z:il3d,nat-oop,95903,194497,54.668,2.028,3.829e-16,-,1
128,4,256,z:il3d,nat-oop,231233,404113,48.181,1.748,4.242e-16,-,0
128,4,256,z:il3d,nat-oop,230367,399453,48.363,1.734,4.242e-16,-,1
128,4,512,z:il3d,nat-oop,518150,840138,45.533,1.621,6.363e-16,-,0
128,4,512,z:il3d,nat-oop,519275,838063,45.434,1.614,6.363e-16,-,1
128,4,1024,z:il3d,nat-oop,1090287,1726350,45.683,1.583,8.893e-16,-,0
128,4,1024,z:il3d,nat-oop,1105375,1726650,45.059,1.562,8.893e-16,-,1
128,4,2048,z:il3d,nat-oop,2622013,3891363,39.991,1.484,9.857e-16,-,0
128,4,2048,z:il3d,nat-oop,2675500,3838263,39.192,1.435,9.857e-16,-,1
128,4,4096,z:il3d,nat-oop,6957400,10018775,31.650,1.440,1.370e-15,-,0
128,4,4096,z:il3d,nat-oop,6841000,9938425,32.188,1.453,1.370e-15,-,1
128,4,8192,z:il3d,nat-oop,14781487,19507112,31.213,1.320,2.904e-15,-,0
128,4,8192,z:il3d,nat-oop,15045475,19684587,30.665,1.308,2.904e-15,-,1
128,8,2,z:il3d,nat-oop,3611,22274,31.193,6.168,3.140e-16,-,0
128,8,2,z:il3d,nat-oop,3514,22146,32.058,6.303,3.140e-16,-,1
128,8,4,z:il3d,nat-oop,6284,25954,39.111,4.130,4.117e-16,-,0
128,8,4,z:il3d,nat-oop,6315,25853,38.917,4.094,4.117e-16,-,1
128,8,8,z:il3d,nat-oop,11486,31996,46.357,2.786,4.025e-16,-,0
128,8,8,z:il3d,nat-oop,11485,31970,46.364,2.784,4.025e-16,-,1
128,8,16,z:il3d,nat-oop,22968,47702,49.934,2.077,3.880e-16,-,0
128,8,16,z:il3d,nat-oop,23048,47634,49.760,2.067,3.880e-16,-,1
128,8,32,z:il3d,nat-oop,44295,84798,55.482,1.914,3.388e-16,-,0
128,8,32,z:il3d,nat-oop,43708,84711,56.227,1.938,3.388e-16,-,1
128,8,64,z:il3d,nat-oop,93270,163183,56.212,1.750,4.705e-16,-,0
128,8,64,z:il3d,nat-oop,92887,162243,56.444,1.747,4.705e-16,-,1
128,8,128,z:il3d,nat-oop,226787,343400,49.126,1.514,4.603e-16,-,0
128,8,128,z:il3d,nat-oop,238200,346267,46.772,1.454,4.603e-16,-,1
128,8,256,z:il3d,nat-oop,518637,731163,45.490,1.410,4.638e-16,-,0
128,8,256,z:il3d,nat-oop,518800,734425,45.476,1.416,4.638e-16,-,1
128,8,512,z:il3d,nat-oop,1123562,1522863,44.330,1.355,9.902e-16,-,0
128,8,512,z:il3d,nat-oop,1102537,1514213,45.175,1.373,9.902e-16,-,1
128,8,1024,z:il3d,nat-oop,2689500,3587275,38.988,1.334,9.865e-16,-,0
128,8,1024,z:il3d,nat-oop,2643812,3612700,39.662,1.366,9.865e-16,-,1
128,8,2048,z:il3d,nat-oop,6679525,9150638,32.967,1.370,1.506e-15,-,0
128,8,2048,z:il3d,nat-oop,6814438,8025812,32.314,1.178,1.506e-15,-,1
128,8,4096,z:il3d,nat-oop,14349338,17578500,32.153,1.225,3.019e-15,-,0
128,8,4096,z:il3d,nat-oop,14397725,17633100,32.045,1.225,3.019e-15,-,1
128,16,2,z:il3d,nat-oop,6689,27963,36.740,4.180,3.560e-16,-,0
128,16,2,z:il3d,nat-oop,6710,27925,36.627,4.162,3.560e-16,-,1
128,16,4,z:il3d,nat-oop,11855,34482,44.916,2.909,3.786e-16,-,0
128,16,4,z:il3d,nat-oop,11922,34599,44.663,2.902,3.786e-16,-,1
128,16,8,z:il3d,nat-oop,22980,46910,49.909,2.041,3.605e-16,-,0
128,16,8,z:il3d,nat-oop,23050,47066,49.756,2.042,3.605e-16,-,1
128,16,16,z:il3d,nat-oop,43977,59308,55.884,1.349,3.650e-16,-,0
128,16,16,z:il3d,nat-oop,44231,58782,55.563,1.329,3.650e-16,-,1
128,16,32,z:il3d,nat-oop,93763,119793,55.916,1.278,3.206e-16,-,0
128,16,32,z:il3d,nat-oop,94130,117387,55.698,1.247,3.206e-16,-,1
128,16,64,z:il3d,nat-oop,229540,266760,48.537,1.162,3.468e-16,-,0
128,16,64,z:il3d,nat-oop,226033,267727,49.290,1.184,3.468e-16,-,1
128,16,128,z:il3d,nat-oop,541037,575475,43.607,1.064,4.399e-16,-,0
128,16,128,z:il3d,nat-oop,507137,577963,46.522,1.140,4.399e-16,-,1
128,16,256,z:il3d,nat-oop,1128900,1676850,44.120,1.485,1.041e-15,-,0
128,16,256,z:il3d,nat-oop,1140237,1669363,43.682,1.464,1.041e-15,-,1
128,16,512,z:il3d,nat-oop,2841125,4197875,36.907,1.478,1.105e-15,-,0
128,16,512,z:il3d,nat-oop,2675500,4234463,39.192,1.583,1.105e-15,-,1
128,16,1024,z:il3d,nat-oop,6769037,9030800,32.531,1.334,1.643e-15,-,0
128,16,1024,z:il3d,nat-oop,6742137,9015787,32.660,1.337,1.643e-15,-,1
128,16,2048,z:il3d,nat-oop,13706763,18949513,33.660,1.382,3.106e-15,-,0
128,16,2048,z:il3d,nat-oop,13839738,18562775,33.337,1.341,3.106e-15,-,1
128,32,2,z:il3d,nat-oop,13494,41476,39.461,3.074,3.299e-16,-,0
128,32,2,z:il3d,nat-oop,13748,41577,38.732,3.024,3.299e-16,-,1
128,32,4,z:il3d,nat-oop,24516,55607,46.780,2.268,4.104e-16,-,0
128,32,4,z:il3d,nat-oop,24507,55731,46.797,2.274,4.104e-16,-,1
128,32,8,z:il3d,nat-oop,46549,86679,52.796,1.862,3.851e-16,-,0
128,32,8,z:il3d,nat-oop,47034,86748,52.251,1.844,3.851e-16,-,1
128,32,16,z:il3d,nat-oop,98077,125017,53.457,1.275,3.705e-16,-,0
128,32,16,z:il3d,nat-oop,99153,127223,52.876,1.283,3.705e-16,-,1
128,32,32,z:il3d,nat-oop,233407,259440,47.733,1.112,3.349e-16,-,0
128,32,32,z:il3d,nat-oop,243153,260707,45.819,1.072,3.349e-16,-,1
128,32,64,z:il3d,nat-oop,519088,601200,45.451,1.158,5.351e-16,-,0
128,32,64,z:il3d,nat-oop,513337,603950,45.960,1.177,5.351e-16,-,1
128,32,128,z:il3d,nat-oop,1187025,1660387,41.960,1.399,1.121e-15,-,0
128,32,128,z:il3d,nat-oop,1136838,1668775,43.812,1.468,1.121e-15,-,1
128,32,256,z:il3d,nat-oop,2760212,4168487,37.989,1.510,1.211e-15,-,0
128,32,256,z:il3d,nat-oop,2773663,4292213,37.805,1.547,1.211e-15,-,1
128,32,512,z:il3d,nat-oop,7669463,10620825,28.711,1.385,1.645e-15,-,0
128,32,512,z:il3d,nat-oop,7570500,10533350,29.087,1.391,1.645e-15,-,1
128,32,1024,z:il3d,nat-oop,16937150,20103363,27.240,1.187,2.403e-15,-,0
128,32,1024,z:il3d,nat-oop,16941700,23124600,27.233,1.365,2.403e-15,-,1
128,64,2,z:il3d,nat-oop,34848,67700,32.911,1.943,3.582e-16,-,0
128,64,2,z:il3d,nat-oop,27705,67422,41.396,2.434,4.478e-16,-,1
128,64,4,z:il3d,nat-oop,49210,97702,49.941,1.985,3.754e-16,-,0
128,64,4,z:il3d,nat-oop,48736,98426,50.427,2.020,3.910e-16,-,1
128,64,8,z:il3d,nat-oop,98520,160147,53.216,1.626,4.132e-16,-,0
128,64,8,z:il3d,nat-oop,99323,159763,52.786,1.609,4.132e-16,-,1
128,64,16,z:il3d,nat-oop,229793,285053,48.483,1.240,3.814e-16,-,0
128,64,16,z:il3d,nat-oop,227580,283540,48.955,1.246,3.814e-16,-,1
128,64,32,z:il3d,nat-oop,563163,607488,41.894,1.079,3.986e-16,-,0
128,64,32,z:il3d,nat-oop,558237,615663,42.263,1.103,3.986e-16,-,1
128,64,64,z:il3d,nat-oop,1194912,1620412,41.683,1.356,8.806e-16,-,0
128,64,64,z:il3d,nat-oop,1178613,1663325,42.259,1.411,8.806e-16,-,1
128,64,128,z:il3d,nat-oop,3289425,4021562,31.877,1.223,1.083e-15,-,0
128,64,128,z:il3d,nat-oop,3266825,3915775,32.098,1.199,1.083e-15,-,1
128,64,256,z:il3d,nat-oop,7634375,10372950,28.843,1.359,1.674e-15,-,0
128,64,256,z:il3d,nat-oop,8014750,10374887,27.474,1.294,1.674e-15,-,1
128,64,512,z:il3d,nat-oop,16594962,24143562,27.802,1.455,2.932e-15,-,0
128,64,512,z:il3d,nat-oop,16512050,24045050,27.942,1.456,2.932e-15,-,1
128,128,2,z:il3d,nat-oop,53461,126630,45.970,2.369,4.639e-16,-,0
128,128,2,z:il3d,nat-oop,51105,125952,48.089,2.465,4.639e-16,-,1
128,128,4,z:il3d,nat-oop,109717,191237,47.786,1.743,4.945e-16,-,0
128,128,4,z:il3d,nat-oop,109070,191913,48.069,1.760,4.945e-16,-,1
128,128,8,z:il3d,nat-oop,250493,368580,44.477,1.471,4.205e-16,-,0
128,128,8,z:il3d,nat-oop,249887,378120,44.585,1.513,4.205e-16,-,1
128,128,16,z:il3d,nat-oop,583850,620413,40.409,1.063,4.629e-16,-,0
128,128,16,z:il3d,nat-oop,604612,626850,39.022,1.037,4.629e-16,-,1
128,128,32,z:il3d,nat-oop,1264900,1630488,39.377,1.289,9.611e-16,-,0
128,128,32,z:il3d,nat-oop,1275738,1659812,39.042,1.301,9.611e-16,-,1
128,128,64,z:il3d,nat-oop,2958475,3751987,35.443,1.268,1.044e-15,-,0
128,128,64,z:il3d,nat-oop,3306162,3822763,31.716,1.156,1.044e-15,-,1
128,128,128,z:il3d,nat-oop,7722238,10159425,28.515,1.316,1.590e-15,-,0
128,128,128,z:il3d,nat-oop,7683037,9986125,28.661,1.300,1.590e-15,-,1
128,128,256,z:il3d,nat-oop,17649025,20536750,26.142,1.164,2.732e-15,-,0
128,128,256,z:il3d,nat-oop,17614225,20294900,26.193,1.152,2.732e-15,-,1
128,256,2,z:il3d,nat-oop,105847,241703,49.533,2.284,5.140e-16,-,0
128,256,2,z:il3d,nat-oop,105633,241240,49.633,2.284,5.140e-16,-,1
128,256,4,z:il3d,nat-oop,248380,406087,44.855,1.635,4.768e-16,-,0
128,256,4,z:il3d,nat-oop,247020,407273,45.102,1.649,4.768e-16,-,1
128,256,8,z:il3d,nat-oop,581650,804025,40.562,1.382,4.822e-16,-,0
128,256,8,z:il3d,nat-oop,579962,802013,40.680,1.383,4.822e-16,-,1
128,256,16,z:il3d,nat-oop,1471275,1665213,33.853,1.132,9.171e-16,-,0
128,256,16,z:il3d,nat-oop,1315363,1676087,37.866,1.274,9.171e-16,-,1
128,256,32,z:il3d,nat-oop,3180775,3839138,32.966,1.207,1.013e-15,-,0
128,256,32,z:il3d,nat-oop,3188838,3755637,32.883,1.178,1.013e-15,-,1
128,256,64,z:il3d,nat-oop,7921263,9802400,27.799,1.237,1.613e-15,-,0
128,256,64,z:il3d,nat-oop,7452325,9937012,29.548,1.333,1.613e-15,-,1
128,256,128,z:il3d,nat-oop,17112863,22141950,26.961,1.294,2.821e-15,-,0
128,256,128,z:il3d,nat-oop,17028863,22418963,27.094,1.317,2.821e-15,-,1
128,512,2,z:il3d,nat-oop,252107,530453,44.192,2.104,4.501e-16,-,0
128,512,2,z:il3d,nat-oop,261160,521507,42.660,1.997,4.501e-16,-,1
128,512,4,z:il3d,nat-oop,595762,857200,39.601,1.439,4.751e-16,-,0
128,512,4,z:il3d,nat-oop,589062,856500,40.052,1.454,4.751e-16,-,1
128,512,8,z:il3d,nat-oop,1249537,1667862,39.861,1.335,1.055e-15,-,0
128,512,8,z:il3d,nat-oop,1249187,1705075,39.872,1.365,1.055e-15,-,1
128,512,16,z:il3d,nat-oop,3592700,4227125,29.186,1.177,1.087e-15,-,0
128,512,16,z:il3d,nat-oop,3560975,4144037,29.446,1.164,1.087e-15,-,1
128,512,32,z:il3d,nat-oop,7750175,10164963,28.412,1.312,1.529e-15,-,0
128,512,32,z:il3d,nat-oop,7710312,10138400,28.559,1.315,1.529e-15,-,1
128,512,64,z:il3d,nat-oop,17779037,22950400,25.950,1.291,2.878e-15,-,0
128,512,64,z:il3d,nat-oop,17806850,23010662,25.910,1.292,2.878e-15,-,1
128,1024,2,z:il3d,nat-oop,617200,1122913,38.226,1.819,5.949e-16,-,0
128,1024,2,z:il3d,nat-oop,628700,1126988,37.527,1.793,5.949e-16,-,1
128,1024,4,z:il3d,nat-oop,1246925,1798200,39.944,1.442,8.487e-16,-,0
128,1024,4,z:il3d,nat-oop,1239600,1798488,40.180,1.451,8.487e-16,-,1
128,1024,8,z:il3d,nat-oop,3008813,3880900,34.850,1.290,1.168e-15,-,0
128,1024,8,z:il3d,nat-oop,3120975,3883163,33.598,1.244,1.168e-15,-,1
128,1024,16,z:il3d,nat-oop,7858088,10653662,28.022,1.356,1.583e-15,-,0
128,1024,16,z:il3d,nat-oop,7981062,10765350,27.590,1.349,1.583e-15,-,1
128,1024,32,z:il3d,nat-oop,18365637,23519300,25.122,1.281,2.925e-15,-,0
128,1024,32,z:il3d,nat-oop,18563637,23475213,24.854,1.265,2.925e-15,-,1
128,2048,2,z:il3d,nat-oop,1307075,2330650,38.106,1.783,1.061e-15,-,0
128,2048,2,z:il3d,nat-oop,1318325,2329325,37.781,1.767,1.061e-15,-,1
128,2048,4,z:il3d,nat-oop,3041875,4083612,34.471,1.342,1.055e-15,-,0
128,2048,4,z:il3d,nat-oop,3036375,4040063,34.534,1.331,1.055e-15,-,1
128,2048,8,z:il3d,nat-oop,7835025,9639287,28.105,1.230,1.635e-15,-,0
128,2048,8,z:il3d,nat-oop,7838600,9597788,28.092,1.224,1.635e-15,-,1
128,2048,16,z:il3d,nat-oop,19593450,23990925,23.547,1.224,2.639e-15,-,0
128,2048,16,z:il3d,nat-oop,19757912,24102812,23.351,1.220,2.639e-15,-,1
128,4096,2,z:il3d,nat-oop,3155863,4993012,33.226,1.582,9.780e-16,-,0
128,4096,2,z:il3d,nat-oop,3085263,4988587,33.987,1.617,9.780e-16,-,1
128,4096,4,z:il3d,nat-oop,7826663,10038475,28.135,1.283,1.623e-15,-,0
128,4096,4,z:il3d,nat-oop,7926762,9923138,27.779,1.252,1.623e-15,-,1
128,4096,8,z:il3d,nat-oop,19732525,22487525,23.381,1.140,2.814e-15,-,0
128,4096,8,z:il3d,nat-oop,19446000,22146775,23.726,1.139,2.814e-15,-,1
128,8192,2,z:il3d,nat-oop,7982337,11358850,27.586,1.423,1.621e-15,-,0
128,8192,2,z:il3d,nat-oop,8087313,11324225,27.228,1.400,1.621e-15,-,1
128,8192,4,z:il3d,nat-oop,17254787,22618100,26.739,1.311,3.047e-15,-,0
128,8192,4,z:il3d,nat-oop,16920525,22954962,27.267,1.357,3.047e-15,-,1
256,2,2,z:il3d,nat-oop,4030,35493,12.704,8.807,4.531e-16,-,0
256,2,2,z:il3d,nat-oop,4065,35501,12.594,8.732,4.531e-16,-,1
256,2,4,z:il3d,nat-oop,5123,39996,21.989,7.808,3.783e-16,-,0
256,2,4,z:il3d,nat-oop,5139,40144,21.919,7.812,3.783e-16,-,1
256,2,8,z:il3d,nat-oop,7932,44770,30.983,5.644,3.964e-16,-,0
256,2,8,z:il3d,nat-oop,7889,44749,31.153,5.673,3.964e-16,-,1
256,2,16,z:il3d,nat-oop,14722,58436,36.169,3.969,3.679e-16,-,0
256,2,16,z:il3d,nat-oop,14695,58559,36.234,3.985,3.679e-16,-,1
256,2,32,z:il3d,nat-oop,24677,92066,46.476,3.731,3.796e-16,-,0
256,2,32,z:il3d,nat-oop,24906,91663,46.049,3.680,3.796e-16,-,1
256,2,64,z:il3d,nat-oop,49259,152639,49.891,3.099,5.340e-16,-,0
256,2,64,z:il3d,nat-oop,49079,152277,50.075,3.103,5.340e-16,-,1
256,2,128,z:il3d,nat-oop,98870,284460,53.028,2.877,4.680e-16,-,0
256,2,128,z:il3d,nat-oop,98400,284187,53.281,2.888,4.680e-16,-,1
256,2,256,z:il3d,nat-oop,230767,565747,48.279,2.452,4.464e-16,-,0
256,2,256,z:il3d,nat-oop,217387,565947,51.250,2.603,4.464e-16,-,1
256,2,512,z:il3d,nat-oop,554300,1147000,42.564,2.069,6.036e-16,-,0
256,2,512,z:il3d,nat-oop,556138,1149063,42.423,2.066,6.036e-16,-,1
256,2,1024,z:il3d,nat-oop,1194550,2329887,41.696,1.950,1.195e-15,-,0
256,2,1024,z:il3d,nat-oop,1195013,2314187,41.679,1.937,1.195e-15,-,1
256,2,2048,z:il3d,nat-oop,2840375,5176250,36.917,1.822,1.032e-15,-,0
256,2,2048,z:il3d,nat-oop,2833350,5440525,37.008,1.920,1.032e-15,-,1
256,2,4096,z:il3d,nat-oop,7270087,11617900,30.289,1.598,1.571e-15,-,0
256,2,4096,z:il3d,nat-oop,7374850,11644700,29.858,1.579,1.571e-15,-,1
256,2,8192,z:il3d,nat-oop,14961900,25091300,30.837,1.677,2.969e-15,-,0
256,2,8192,z:il3d,nat-oop,15145412,25006950,30.463,1.651,2.969e-15,-,1
256,4,2,z:il3d,nat-oop,5163,39336,21.815,7.618,2.433e-16,-,0
256,4,2,z:il3d,nat-oop,5223,39345,21.567,7.533,2.433e-16,-,1
256,4,4,z:il3d,nat-oop,8001,43105,30.717,5.388,4.356e-16,-,0
256,4,4,z:il3d,nat-oop,7990,43259,30.760,5.414,4.356e-16,-,1
256,4,8,z:il3d,nat-oop,13490,50636,39.472,3.754,3.837e-16,-,0
256,4,8,z:il3d,nat-oop,13244,50947,40.205,3.847,3.837e-16,-,1
256,4,16,z:il3d,nat-oop,24268,69036,47.259,2.845,3.834e-16,-,0
256,4,16,z:il3d,nat-oop,24233,69255,47.328,2.858,3.834e-16,-,1
256,4,32,z:il3d,nat-oop,46415,112218,52.949,2.418,3.519e-16,-,0
256,4,32,z:il3d,nat-oop,47170,112234,52.100,2.379,3.519e-16,-,1
256,4,64,z:il3d,nat-oop,94067,202453,55.736,2.152,4.029e-16,-,0
256,4,64,z:il3d,nat-oop,94983,201863,55.198,2.125,4.029e-16,-,1
256,4,128,z:il3d,nat-oop,219227,418513,50.820,1.909,4.528e-16,-,0
256,4,128,z:il3d,nat-oop,217300,411713,51.271,1.895,4.528e-16,-,1
256,4,256,z:il3d,nat-oop,523637,844663,45.056,1.613,6.288e-16,-,0
256,4,256,z:il3d,nat-oop,521500,848737,45.241,1.627,6.288e-16,-,1
256,4,512,z:il3d,nat-oop,1141150,1711150,43.647,1.499,1.097e-15,-,0
256,4,512,z:il3d,nat-oop,1134463,1712100,43.904,1.509,1.097e-15,-,1
256,4,1024,z:il3d,nat-oop,2652975,3969788,39.525,1.496,9.852e-16,-,0
256,4,1024,z:il3d,nat-oop,2680663,4023887,39.116,1.501,9.852e-16,-,1
256,4,2048,z:il3d,nat-oop,7017537,9118963,31.379,1.299,1.594e-15,-,0
256,4,2048,z:il3d,nat-oop,6956775,9140600,31.653,1.314,1.594e-15,-,1
256,4,4096,z:il3d,nat-oop,14991037,19688013,30.777,1.313,2.899e-15,-,0
256,4,4096,z:il3d,nat-oop,14379100,19708950,32.086,1.371,2.899e-15,-,1
256,8,2,z:il3d,nat-oop,7802,44422,31.499,5.694,4.110e-16,-,0
256,8,2,z:il3d,nat-oop,7787,44558,31.562,5.722,4.110e-16,-,1
256,8,4,z:il3d,nat-oop,13363,52048,39.848,3.895,3.657e-16,-,0
256,8,4,z:il3d,nat-oop,13433,52265,39.640,3.891,3.657e-16,-,1
256,8,8,z:il3d,nat-oop,22922,64444,50.034,2.811,3.491e-16,-,0
256,8,8,z:il3d,nat-oop,22872,64687,50.143,2.828,3.491e-16,-,1
256,8,16,z:il3d,nat-oop,45951,96525,53.483,2.101,3.984e-16,-,0
256,8,16,z:il3d,nat-oop,45826,96718,53.629,2.111,3.984e-16,-,1
256,8,32,z:il3d,nat-oop,93550,170003,56.044,1.817,4.167e-16,-,0
256,8,32,z:il3d,nat-oop,93300,171560,56.194,1.839,4.167e-16,-,1
256,8,64,z:il3d,nat-oop,220500,358500,50.527,1.626,4.083e-16,-,0
256,8,64,z:il3d,nat-oop,220940,365433,50.426,1.654,4.083e-16,-,1
256,8,128,z:il3d,nat-oop,513500,735613,45.945,1.433,5.684e-16,-,0
256,8,128,z:il3d,nat-oop,512263,729363,46.056,1.424,5.684e-16,-,1
256,8,256,z:il3d,nat-oop,1148000,1505038,43.386,1.311,1.271e-15,-,0
256,8,256,z:il3d,nat-oop,1155362,1504200,43.110,1.302,1.271e-15,-,1
256,8,512,z:il3d,nat-oop,2627300,3617975,39.911,1.377,9.657e-16,-,0
256,8,512,z:il3d,nat-oop,2641650,3644412,39.694,1.380,9.657e-16,-,1
256,8,1024,z:il3d,nat-oop,6215162,8489200,35.430,1.366,1.692e-15,-,0
256,8,1024,z:il3d,nat-oop,6331962,9421175,34.776,1.488,1.692e-15,-,1
256,8,2048,z:il3d,nat-oop,13556862,17697225,34.032,1.305,2.745e-15,-,0
256,8,2048,z:il3d,nat-oop,13673663,17859625,33.742,1.306,2.745e-15,-,1
256,16,2,z:il3d,nat-oop,14405,55825,36.964,3.875,3.981e-16,-,0
256,16,2,z:il3d,nat-oop,14288,56341,37.267,3.943,3.981e-16,-,1
256,16,4,z:il3d,nat-oop,23620,69230,48.554,2.931,3.818e-16,-,0
256,16,4,z:il3d,nat-oop,23535,69070,48.730,2.935,3.818e-16,-,1
256,16,8,z:il3d,nat-oop,44593,95667,55.111,2.145,4.268e-16,-,0
256,16,8,z:il3d,nat-oop,45152,95243,54.429,2.109,4.268e-16,-,1
256,16,16,z:il3d,nat-oop,94533,133560,55.461,1.413,3.481e-16,-,0
256,16,16,z:il3d,nat-oop,94440,134593,55.515,1.425,3.481e-16,-,1
256,16,32,z:il3d,nat-oop,221973,284273,50.191,1.281,3.317e-16,-,0
256,16,32,z:il3d,nat-oop,223787,284420,49.785,1.271,3.317e-16,-,1
256,16,64,z:il3d,nat-oop,526013,632625,44.852,1.203,4.926e-16,-,0
256,16,64,z:il3d,nat-oop,523438,634313,45.073,1.212,4.926e-16,-,1
256,16,128,z:il3d,nat-oop,1133062,1314450,43.958,1.160,1.222e-15,-,0
256,16,128,z:il3d,nat-oop,1149800,1318925,43.318,1.147,1.222e-15,-,1
256,16,256,z:il3d,nat-oop,2723813,4437337,38.497,1.629,1.214e-15,-,0
256,16,256,z:il3d,nat-oop,2743163,4267825,38.225,1.556,1.214e-15,-,1
256,16,512,z:il3d,nat-oop,6904187,10710775,31.894,1.551,1.341e-15,-,0
256,16,512,z:il3d,nat-oop,6721463,11005450,32.761,1.637,1.341e-15,-,1
256,16,1024,z:il3d,nat-oop,14279350,21435625,32.311,1.501,2.755e-15,-,0
256,16,1024,z:il3d,nat-oop,14061437,21776563,32.811,1.549,2.755e-15,-,1
256,32,2,z:il3d,nat-oop,27442,83614,41.793,3.047,3.275e-16,-,0
256,32,2,z:il3d,nat-oop,27057,83434,42.388,3.084,3.275e-16,-,1
256,32,4,z:il3d,nat-oop,50403,112433,48.759,2.231,3.330e-16,-,0
256,32,4,z:il3d,nat-oop,49130,112311,50.023,2.286,3.330e-16,-,1
256,32,8,z:il3d,nat-oop,97817,176187,53.599,1.801,5.172e-16,-,0
256,32,8,z:il3d,nat-oop,100080,175953,52.387,1.758,5.172e-16,-,1
256,32,16,z:il3d,nat-oop,226587,299993,49.169,1.324,3.591e-16,-,0
256,32,16,z:il3d,nat-oop,226180,305773,49.258,1.352,3.591e-16,-,1
256,32,32,z:il3d,nat-oop,546475,620100,43.173,1.135,5.226e-16,-,0
256,32,32,z:il3d,nat-oop,545625,620650,43.240,1.138,5.226e-16,-,1
256,32,64,z:il3d,nat-oop,1198163,1383425,41.570,1.155,1.158e-15,-,0
256,32,64,z:il3d,nat-oop,1211862,1356287,41.100,1.119,1.158e-15,-,1
256,32,128,z:il3d,nat-oop,2884688,4157000,36.350,1.441,1.086e-15,-,0
256,32,128,z:il3d,nat-oop,3203125,4238400,32.736,1.323,1.086e-15,-,1
256,32,256,z:il3d,nat-oop,8193200,11154625,26.876,1.361,1.357e-15,-,0
256,32,256,z:il3d,nat-oop,7899113,11180200,27.877,1.415,1.357e-15,-,1
256,32,512,z:il3d,nat-oop,14771625,22574975,31.234,1.528,2.595e-15,-,0
256,32,512,z:il3d,nat-oop,15808887,22398550,29.184,1.417,2.595e-15,-,1
256,64,2,z:il3d,nat-oop,54344,137021,45.223,2.521,4.322e-16,-,0
256,64,2,z:il3d,nat-oop,54920,136143,44.749,2.479,4.322e-16,-,1
256,64,4,z:il3d,nat-oop,104290,197653,50.272,1.895,4.355e-16,-,0
256,64,4,z:il3d,nat-oop,105367,197230,49.758,1.872,4.355e-16,-,1
256,64,8,z:il3d,nat-oop,230873,349300,48.256,1.513,4.493e-16,-,0
256,64,8,z:il3d,nat-oop,237233,345120,46.963,1.455,4.493e-16,-,1
256,64,16,z:il3d,nat-oop,540012,662525,43.690,1.227,4.181e-16,-,0
256,64,16,z:il3d,nat-oop,540950,658050,43.614,1.216,4.181e-16,-,1
256,64,32,z:il3d,nat-oop,1232862,1380400,40.400,1.120,1.045e-15,-,0
256,64,32,z:il3d,nat-oop,1245200,1372300,39.999,1.102,1.045e-15,-,1
256,64,64,z:il3d,nat-oop,2831200,3830375,37.036,1.353,9.668e-16,-,0
256,64,64,z:il3d,nat-oop,2805513,3831887,37.376,1.366,9.668e-16,-,1
256,64,128,z:il3d,nat-oop,7386800,10295950,29.810,1.394,1.734e-15,-,0
256,64,128,z:il3d,nat-oop,7459413,10169838,29.520,1.363,1.734e-15,-,1
256,64,256,z:il3d,nat-oop,16248088,21994975,28.396,1.354,2.679e-15,-,0
256,64,256,z:il3d,nat-oop,16125113,21984625,28.612,1.363,2.679e-15,-,1
256,128,2,z:il3d,nat-oop,124127,253697,42.238,2.044,5.093e-16,-,0
256,128,2,z:il3d,nat-oop,107033,254163,48.984,2.375,5.093e-16,-,1
256,128,4,z:il3d,nat-oop,247067,398753,45.094,1.614,5.962e-16,-,0
256,128,4,z:il3d,nat-oop,248287,407733,44.872,1.642,5.962e-16,-,1
256,128,8,z:il3d,nat-oop,589213,781700,40.042,1.327,6.694e-16,-,0
256,128,8,z:il3d,nat-oop,582375,779850,40.512,1.339,6.694e-16,-,1
256,128,16,z:il3d,nat-oop,1282012,1395612,38.851,1.089,1.091e-15,-,0
256,128,16,z:il3d,nat-oop,1267413,1392713,39.298,1.099,1.091e-15,-,1
256,128,32,z:il3d,nat-oop,2975512,3965163,35.240,1.333,1.004e-15,-,0
256,128,32,z:il3d,nat-oop,3295300,3917250,31.820,1.189,1.004e-15,-,1
256,128,64,z:il3d,nat-oop,7351500,10299775,29.953,1.401,1.613e-15,-,0
256,128,64,z:il3d,nat-oop,6993087,10351375,31.488,1.480,1.613e-15,-,1
256,128,128,z:il3d,nat-oop,15798700,21197275,29.203,1.342,2.903e-15,-,0
256,128,128,z:il3d,nat-oop,15363363,21119425,30.031,1.375,2.903e-15,-,1
256,256,2,z:il3d,nat-oop,247533,503913,45.009,2.036,4.930e-16,-,0
256,256,2,z:il3d,nat-oop,245927,517180,45.303,2.103,4.930e-16,-,1
256,256,4,z:il3d,nat-oop,582300,857462,40.517,1.473,8.101e-16,-,0
256,256,4,z:il3d,nat-oop,581863,861438,40.547,1.480,8.101e-16,-,1
256,256,8,z:il3d,nat-oop,1336887,1632988,37.256,1.221,1.216e-15,-,0
256,256,8,z:il3d,nat-oop,1378900,1641900,36.121,1.191,1.216e-15,-,1
256,256,16,z:il3d,nat-oop,3383100,4082075,30.995,1.207,9.862e-16,-,0
256,256,16,z:il3d,nat-oop,3151363,4045675,33.274,1.284,9.862e-16,-,1
256,256,32,z:il3d,nat-oop,7779200,9869212,28.306,1.269,1.304e-15,-,0
256,256,32,z:il3d,nat-oop,7754200,9697600,28.398,1.251,1.304e-15,-,1
256,256,64,z:il3d,nat-oop,15674450,20814313,29.435,1.328,2.931e-15,-,0
256,256,64,z:il3d,nat-oop,15934313,21169837,28.955,1.329,2.931e-15,-,1
256,512,2,z:il3d,nat-oop,588887,1086975,40.064,1.846,7.042e-16,-,0
256,512,2,z:il3d,nat-oop,603700,1088013,39.081,1.802,7.042e-16,-,1
256,512,4,z:il3d,nat-oop,1268025,1746575,39.279,1.377,1.124e-15,-,0
256,512,4,z:il3d,nat-oop,1265413,1756887,39.361,1.388,1.124e-15,-,1
256,512,8,z:il3d,nat-oop,2994038,3735175,35.022,1.248,1.064e-15,-,0
256,512,8,z:il3d,nat-oop,2914338,3820537,35.980,1.311,1.064e-15,-,1
256,512,16,z:il3d,nat-oop,7709875,11087450,28.561,1.438,1.598e-15,-,0
256,512,16,z:il3d,nat-oop,8196663,10941625,26.865,1.335,1.598e-15,-,1
256,512,32,z:il3d,nat-oop,16504313,21958687,27.955,1.330,2.880e-15,-,0
256,512,32,z:il3d,nat-oop,17210113,21763988,26.808,1.265,2.880e-15,-,1
256,1024,2,z:il3d,nat-oop,1307938,2281800,38.081,1.745,1.122e-15,-,0
256,1024,2,z:il3d,nat-oop,1326212,2294775,37.556,1.730,1.122e-15,-,1
256,1024,4,z:il3d,nat-oop,2973950,4021175,35.259,1.352,1.058e-15,-,0
256,1024,4,z:il3d,nat-oop,2966850,3986125,35.343,1.344,1.058e-15,-,1
256,1024,8,z:il3d,nat-oop,7556663,9503138,29.140,1.258,1.725e-15,-,0
256,1024,8,z:il3d,nat-oop,7502787,9357587,29.349,1.247,1.725e-15,-,1
256,1024,16,z:il3d,nat-oop,17067225,22409000,27.033,1.313,2.768e-15,-,0
256,1024,16,z:il3d,nat-oop,16797375,22417225,27.467,1.335,2.768e-15,-,1
256,2048,2,z:il3d,nat-oop,3095225,4967000,33.877,1.605,1.065e-15,-,0
256,2048,2,z:il3d,nat-oop,3084400,4927275,33.996,1.597,1.065e-15,-,1
256,2048,4,z:il3d,nat-oop,7824362,9858950,28.143,1.260,1.424e-15,-,0
256,2048,4,z:il3d,nat-oop,7800375,10082038,28.230,1.293,1.424e-15,-,1
256,2048,8,z:il3d,nat-oop,15947100,22301025,28.931,1.398,3.075e-15,-,0
256,2048,8,z:il3d,nat-oop,16320413,22308475,28.270,1.367,3.075e-15,-,1
256,4096,2,z:il3d,nat-oop,8011950,11257537,27.484,1.405,1.597e-15,-,0
256,4096,2,z:il3d,nat-oop,7989937,11412175,27.560,1.428,1.597e-15,-,1
256,4096,4,z:il3d,nat-oop,15763412,22727837,29.269,1.442,2.828e-15,-,0
256,4096,4,z:il3d,nat-oop,16295838,22651912,28.312,1.390,2.828e-15,-,1
256,8192,2,z:il3d,nat-oop,16207063,25049625,28.467,1.546,2.975e-15,-,0
256,8192,2,z:il3d,nat-oop,16422025,25226587,28.095,1.536,2.975e-15,-,1
512,2,2,z:il3d,nat-oop,8433,71288,13.356,8.453,4.225e-16,-,0
512,2,2,z:il3d,nat-oop,8500,71157,13.252,8.372,4.225e-16,-,1
512,2,4,z:il3d,nat-oop,11280,80151,21.787,7.106,3.881e-16,-,0
512,2,4,z:il3d,nat-oop,11276,80291,21.795,7.120,3.881e-16,-,1
512,2,8,z:il3d,nat-oop,17167,90026,31.018,5.244,3.708e-16,-,0
512,2,8,z:il3d,nat-oop,17217,90266,30.927,5.243,3.708e-16,-,1
512,2,16,z:il3d,nat-oop,29061,120054,39.464,4.131,4.597e-16,-,0
512,2,16,z:il3d,nat-oop,29224,120169,39.245,4.112,4.597e-16,-,1
512,2,32,z:il3d,nat-oop,52474,191270,46.835,3.645,4.931e-16,-,0
512,2,32,z:il3d,nat-oop,56639,202257,43.390,3.571,4.931e-16,-,1
512,2,64,z:il3d,nat-oop,101500,323370,51.654,3.186,4.980e-16,-,0
512,2,64,z:il3d,nat-oop,101283,323230,51.764,3.191,4.980e-16,-,1
512,2,128,z:il3d,nat-oop,231100,625687,48.209,2.707,5.331e-16,-,0
512,2,128,z:il3d,nat-oop,226133,626387,49.268,2.770,5.331e-16,-,1
512,2,256,z:il3d,nat-oop,500387,1228200,47.149,2.454,6.436e-16,-,0
512,2,256,z:il3d,nat-oop,504713,1233075,46.745,2.443,6.436e-16,-,1
512,2,512,z:il3d,nat-oop,1169300,2458800,42.596,2.103,1.137e-15,-,0
512,2,512,z:il3d,nat-oop,1184625,2459000,42.045,2.076,1.137e-15,-,1
512,2,1024,z:il3d,nat-oop,2713562,5464037,38.642,2.014,1.199e-15,-,0
512,2,1024,z:il3d,nat-oop,2708750,5426412,38.711,2.003,1.199e-15,-,1
512,2,2048,z:il3d,nat-oop,7000738,11913037,31.454,1.702,1.700e-15,-,0
512,2,2048,z:il3d,nat-oop,6975563,11988538,31.567,1.719,1.700e-15,-,1
512,2,4096,z:il3d,nat-oop,15387425,27976850,29.984,1.818,2.652e-15,-,0
512,2,4096,z:il3d,nat-oop,17419500,25267100,26.486,1.451,2.652e-15,-,1
512,4,2,z:il3d,nat-oop,11136,79034,22.069,7.097,5.077e-16,-,0
512,4,2,z:il3d,nat-oop,11228,78761,21.888,7.015,5.077e-16,-,1
512,4,4,z:il3d,nat-oop,16350,87390,32.568,5.345,4.086e-16,-,0
512,4,4,z:il3d,nat-oop,16304,86951,32.659,5.333,4.086e-16,-,1
512,4,8,z:il3d,nat-oop,28489,104150,40.256,3.656,4.532e-16,-,0
512,4,8,z:il3d,nat-oop,28446,104484,40.318,3.673,4.532e-16,-,1
512,4,16,z:il3d,nat-oop,50064,145079,49.089,2.898,4.882e-16,-,0
512,4,16,z:il3d,nat-oop,50779,145211,48.398,2.860,4.882e-16,-,1
512,4,32,z:il3d,nat-oop,99540,241290,52.671,2.424,4.378e-16,-,0
512,4,32,z:il3d,nat-oop,97677,240880,53.676,2.466,4.378e-16,-,1
512,4,64,z:il3d,nat-oop,223860,468133,49.768,2.091,4.832e-16,-,0
512,4,64,z:il3d,nat-oop,219687,469593,50.714,2.138,4.832e-16,-,1
512,4,128,z:il3d,nat-oop,493375,915213,47.820,1.855,6.265e-16,-,0
512,4,128,z:il3d,nat-oop,491175,917075,48.034,1.867,6.265e-16,-,1
512,4,256,z:il3d,nat-oop,1118588,1843825,44.527,1.648,1.245e-15,-,0
512,4,256,z:il3d,nat-oop,1124375,1869825,44.298,1.663,1.245e-15,-,1
512,4,512,z:il3d,nat-oop,2567037,4177475,40.848,1.627,1.244e-15,-,0
512,4,512,z:il3d,nat-oop,2576075,4210212,40.704,1.634,1.244e-15,-,1
512,4,1024,z:il3d,nat-oop,6824325,9511062,32.267,1.394,1.509e-15,-,0
512,4,1024,z:il3d,nat-oop,6785412,9622825,32.452,1.418,1.509e-15,-,1
512,4,2048,z:il3d,nat-oop,16072425,20325488,28.706,1.265,2.830e-15,-,0
512,4,2048,z:il3d,nat-oop,15966750,20289187,28.896,1.271,2.830e-15,-,1
512,8,2,z:il3d,nat-oop,17068,90005,31.197,5.273,5.589e-16,-,0
512,8,2,z:il3d,nat-oop,16917,89757,31.476,5.306,5.589e-16,-,1
512,8,4,z:il3d,nat-oop,26678,107961,42.990,4.047,4.778e-16,-,0
512,8,4,z:il3d,nat-oop,26142,107449,43.871,4.110,4.778e-16,-,1
512,8,8,z:il3d,nat-oop,48780,136310,50.381,2.794,4.259e-16,-,0
512,8,8,z:il3d,nat-oop,48825,136372,50.335,2.793,4.259e-16,-,1
512,8,16,z:il3d,nat-oop,96360,209963,54.409,2.179,4.866e-16,-,0
512,8,16,z:il3d,nat-oop,96913,209687,54.099,2.164,4.866e-16,-,1
512,8,32,z:il3d,nat-oop,220547,401140,50.516,1.819,4.562e-16,-,0
512,8,32,z:il3d,nat-oop,222447,405793,50.084,1.824,4.562e-16,-,1
512,8,64,z:il3d,nat-oop,497700,809537,47.404,1.627,4.231e-16,-,0
512,8,64,z:il3d,nat-oop,500125,824513,47.174,1.649,4.231e-16,-,1
512,8,128,z:il3d,nat-oop,1081925,1647600,46.036,1.523,9.540e-16,-,0
512,8,128,z:il3d,nat-oop,1084325,1619875,45.934,1.494,9.540e-16,-,1
512,8,256,z:il3d,nat-oop,2563437,3747262,40.905,1.462,1.163e-15,-,0
512,8,256,z:il3d,nat-oop,2557337,3812862,41.003,1.491,1.163e-15,-,1
512,8,512,z:il3d,nat-oop,6862975,9330588,32.085,1.360,1.740e-15,-,0
512,8,512,z:il3d,nat-oop,6963625,9491587,31.622,1.363,1.740e-15,-,1
512,8,1024,z:il3d,nat-oop,15915175,18787638,28.990,1.180,3.145e-15,-,0
512,8,1024,z:il3d,nat-oop,16007050,18832112,28.823,1.176,3.145e-15,-,1
512,16,2,z:il3d,nat-oop,28211,115262,40.653,4.086,3.838e-16,-,0
512,16,2,z:il3d,nat-oop,28312,115068,40.508,4.064,3.838e-16,-,1
512,16,4,z:il3d,nat-oop,49736,146115,49.413,2.938,5.134e-16,-,0
512,16,4,z:il3d,nat-oop,50084,145438,49.070,2.904,5.134e-16,-,1
512,16,8,z:il3d,nat-oop,96333,206810,54.424,2.147,4.450e-16,-,0
512,16,8,z:il3d,nat-oop,95420,208800,54.945,2.188,4.450e-16,-,1
512,16,16,z:il3d,nat-oop,220107,431360,50.617,1.960,3.357e-16,-,0
512,16,16,z:il3d,nat-oop,221200,433700,50.367,1.961,3.357e-16,-,1
512,16,32,z:il3d,nat-oop,522475,921450,45.156,1.764,4.897e-16,-,0
512,16,32,z:il3d,nat-oop,543825,924563,43.383,1.700,4.897e-16,-,1
512,16,64,z:il3d,nat-oop,1129838,1919362,44.084,1.699,1.242e-15,-,0
512,16,64,z:il3d,nat-oop,1132725,1899650,43.971,1.677,1.242e-15,-,1
512,16,128,z:il3d,nat-oop,2501375,4323287,41.920,1.728,1.255e-15,-,0
512,16,128,z:il3d,nat-oop,2588375,4325450,40.511,1.671,1.255e-15,-,1
512,16,256,z:il3d,nat-oop,6863838,12983875,32.081,1.892,1.383e-15,-,0
512,16,256,z:il3d,nat-oop,6762225,13007125,32.563,1.923,1.383e-15,-,1
512,16,512,z:il3d,nat-oop,14473437,29139100,31.877,2.013,2.833e-15,-,0
512,16,512,z:il3d,nat-oop,16635263,29124038,27.735,1.751,2.833e-15,-,1
512,32,2,z:il3d,nat-oop,57549,175354,42.704,3.047,5.118e-16,-,0
512,32,2,z:il3d,nat-oop,55961,174095,43.917,3.111,5.118e-16,-,1
512,32,4,z:il3d,nat-oop,103590,240413,50.612,2.321,4.887e-16,-,0
512,32,4,z:il3d,nat-oop,102717,241273,51.042,2.349,4.887e-16,-,1
512,32,8,z:il3d,nat-oop,227600,407493,48.950,1.790,5.702e-16,-,0
512,32,8,z:il3d,nat-oop,231720,410220,48.080,1.770,5.702e-16,-,1
512,32,16,z:il3d,nat-oop,519213,932700,45.440,1.796,4.718e-16,-,0
512,32,16,z:il3d,nat-oop,529125,932138,44.589,1.762,4.718e-16,-,1
512,32,32,z:il3d,nat-oop,1133150,1871675,43.955,1.652,1.206e-15,-,0
512,32,32,z:il3d,nat-oop,1126612,1891238,44.210,1.679,1.206e-15,-,1
512,32,64,z:il3d,nat-oop,2629212,4148050,39.882,1.578,1.356e-15,-,0
512,32,64,z:il3d,nat-oop,2828013,4160263,37.078,1.471,1.356e-15,-,1
512,32,128,z:il3d,nat-oop,7114225,12507762,30.952,1.758,1.533e-15,-,0
512,32,128,z:il3d,nat-oop,7065612,12484075,31.165,1.767,1.533e-15,-,1
512,32,256,z:il3d,nat-oop,15504838,28295050,29.757,1.825,2.711e-15,-,0
512,32,256,z:il3d,nat-oop,17436775,29616200,26.460,1.698,2.711e-15,-,1
512,64,2,z:il3d,nat-oop,114187,292633,45.915,2.563,4.789e-16,-,0
512,64,2,z:il3d,nat-oop,114707,291600,45.707,2.542,4.789e-16,-,1
512,64,4,z:il3d,nat-oop,238113,440300,46.789,1.849,4.782e-16,-,0
512,64,4,z:il3d,nat-oop,236860,440460,47.037,1.860,4.782e-16,-,1
512,64,8,z:il3d,nat-oop,512200,784125,46.062,1.531,4.883e-16,-,0
512,64,8,z:il3d,nat-oop,512813,775500,46.007,1.512,4.883e-16,-,1
512,64,16,z:il3d,nat-oop,1147850,1958175,43.392,1.706,1.078e-15,-,0
512,64,16,z:il3d,nat-oop,1138350,1962612,43.754,1.724,1.078e-15,-,1
512,64,32,z:il3d,nat-oop,2741538,4263275,38.248,1.555,1.380e-15,-,0
512,64,32,z:il3d,nat-oop,2710775,4270663,38.682,1.575,1.380e-15,-,1
512,64,64,z:il3d,nat-oop,7721950,12125238,28.516,1.570,1.432e-15,-,0
512,64,64,z:il3d,nat-oop,7861712,12094225,28.009,1.538,1.432e-15,-,1
512,64,128,z:il3d,nat-oop,17618912,28053750,26.186,1.592,2.962e-15,-,0
512,64,128,z:il3d,nat-oop,18875037,27596825,24.444,1.462,2.962e-15,-,1
512,128,2,z:il3d,nat-oop,251120,555880,44.366,2.214,5.616e-16,-,0
512,128,2,z:il3d,nat-oop,249520,553407,44.650,2.218,5.616e-16,-,1
512,128,4,z:il3d,nat-oop,549750,896600,42.916,1.631,6.362e-16,-,0
512,128,4,z:il3d,nat-oop,554900,887412,42.517,1.599,6.362e-16,-,1
512,128,8,z:il3d,nat-oop,1255275,1692338,39.678,1.348,1.146e-15,-,0
512,128,8,z:il3d,nat-oop,1229113,1718187,40.523,1.398,1.146e-15,-,1
512,128,16,z:il3d,nat-oop,2805675,4428187,37.373,1.578,1.299e-15,-,0
512,128,16,z:il3d,nat-oop,2944800,4315387,35.608,1.465,1.299e-15,-,1
512,128,32,z:il3d,nat-oop,8006975,12286437,27.501,1.534,1.568e-15,-,0
512,128,32,z:il3d,nat-oop,7478750,12317662,29.444,1.647,1.568e-15,-,1
512,128,64,z:il3d,nat-oop,18263462,28869712,25.262,1.581,2.750e-15,-,0
512,128,64,z:il3d,nat-oop,18013200,28469337,25.613,1.580,2.750e-15,-,1
512,256,2,z:il3d,nat-oop,565887,1089238,41.692,1.925,6.225e-16,-,0
512,256,2,z:il3d,nat-oop,562050,1106863,41.977,1.969,6.225e-16,-,1
512,256,4,z:il3d,nat-oop,1212362,1869037,41.083,1.542,1.204e-15,-,0
512,256,4,z:il3d,nat-oop,1216800,1870663,40.933,1.537,1.204e-15,-,1
512,256,8,z:il3d,nat-oop,2892063,3861088,36.257,1.335,1.442e-15,-,0
512,256,8,z:il3d,nat-oop,2867125,3809300,36.572,1.329,1.442e-15,-,1
512,256,16,z:il3d,nat-oop,8410450,12413400,26.182,1.476,1.520e-15,-,0
512,256,16,z:il3d,nat-oop,7773650,12422912,28.327,1.598,1.520e-15,-,1
512,256,32,z:il3d,nat-oop,18697125,24591963,24.676,1.315,2.864e-15,-,0
512,256,32,z:il3d,nat-oop,19027400,24864175,24.248,1.307,2.864e-15,-,1
512,512,2,z:il3d,nat-oop,1236200,2339900,40.291,1.893,1.152e-15,-,0
512,512,2,z:il3d,nat-oop,1235600,2332750,40.310,1.888,1.152e-15,-,1
512,512,4,z:il3d,nat-oop,3122875,4083113,33.577,1.307,1.212e-15,-,0
512,512,4,z:il3d,nat-oop,2813050,4086637,37.275,1.453,1.212e-15,-,1
512,512,8,z:il3d,nat-oop,7451163,9562000,29.553,1.283,1.645e-15,-,0
512,512,8,z:il3d,nat-oop,7414550,9617613,29.698,1.297,1.645e-15,-,1
512,512,16,z:il3d,nat-oop,19506200,28291350,23.653,1.450,2.814e-15,-,0
512,512,16,z:il3d,nat-oop,19943850,28395862,23.134,1.424,2.814e-15,-,1
512,1024,2,z:il3d,nat-oop,2958750,4969712,35.440,1.680,1.179e-15,-,0
512,1024,2,z:il3d,nat-oop,2965738,5124925,35.356,1.728,1.179e-15,-,1
512,1024,4,z:il3d,nat-oop,7496812,9808288,29.373,1.308,1.514e-15,-,0
512,1024,4,z:il3d,nat-oop,7525762,9872787,29.260,1.312,1.514e-15,-,1
512,1024,8,z:il3d,nat-oop,17749988,22527738,25.993,1.269,2.921e-15,-,0
512,1024,8,z:il3d,nat-oop,17898138,22886013,25.778,1.279,2.921e-15,-,1
512,2048,2,z:il3d,nat-oop,7739375,11446837,28.452,1.479,1.453e-15,-,0
512,2048,2,z:il3d,nat-oop,7730800,11463750,28.484,1.483,1.453e-15,-,1
512,2048,4,z:il3d,nat-oop,17895525,22142300,25.781,1.237,2.804e-15,-,0
512,2048,4,z:il3d,nat-oop,17918437,22359725,25.749,1.248,2.804e-15,-,1
512,4096,2,z:il3d,nat-oop,18366650,24471887,25.120,1.332,2.869e-15,-,0
512,4096,2,z:il3d,nat-oop,18126637,24819825,25.453,1.369,2.869e-15,-,1
1024,2,2,z:il3d,nat-oop,17301,148557,14.205,8.587,3.967e-16,-,0
1024,2,2,z:il3d,nat-oop,17315,148101,14.194,8.553,3.967e-16,-,1
1024,2,4,z:il3d,nat-oop,23227,165822,22.925,7.139,3.780e-16,-,0
1024,2,4,z:il3d,nat-oop,23348,165930,22.806,7.107,3.780e-16,-,1
1024,2,8,z:il3d,nat-oop,35661,186343,32.161,5.225,4.443e-16,-,0
1024,2,8,z:il3d,nat-oop,35666,185676,32.156,5.206,4.443e-16,-,1
1024,2,16,z:il3d,nat-oop,64011,248290,38.393,3.879,4.350e-16,-,0
1024,2,16,z:il3d,nat-oop,63613,247770,38.634,3.895,4.350e-16,-,1
1024,2,32,z:il3d,nat-oop,108717,392850,48.225,3.614,4.671e-16,-,0
1024,2,32,z:il3d,nat-oop,109397,396770,47.925,3.627,4.671e-16,-,1
1024,2,64,z:il3d,nat-oop,231900,701760,48.043,3.026,4.757e-16,-,0
1024,2,64,z:il3d,nat-oop,233440,703213,47.726,3.012,4.757e-16,-,1
1024,2,128,z:il3d,nat-oop,536662,1326825,43.962,2.472,6.310e-16,-,0
1024,2,128,z:il3d,nat-oop,542338,1329675,43.502,2.452,6.310e-16,-,1
1024,2,256,z:il3d,nat-oop,1126912,2584837,44.198,2.294,1.176e-15,-,0
1024,2,256,z:il3d,nat-oop,1133938,2609625,43.924,2.301,1.176e-15,-,1
1024,2,512,z:il3d,nat-oop,2886775,5611087,36.323,1.944,1.323e-15,-,0
1024,2,512,z:il3d,nat-oop,2774525,5669237,37.793,2.043,1.323e-15,-,1
1024,2,1024,z:il3d,nat-oop,7434200,13141475,29.620,1.768,1.616e-15,-,0
1024,2,1024,z:il3d,nat-oop,7446437,12276962,29.571,1.649,1.616e-15,-,1
1024,2,2048,z:il3d,nat-oop,16565412,31212225,27.852,1.884,2.933e-15,-,0
1024,2,2048,z:il3d,nat-oop,16505388,25359638,27.953,1.536,2.933e-15,-,1
1024,4,2,z:il3d,nat-oop,22829,162700,23.325,7.127,3.918e-16,-,0
1024,4,2,z:il3d,nat-oop,22861,162678,23.292,7.116,3.918e-16,-,1
1024,4,4,z:il3d,nat-oop,34404,179865,33.336,5.228,5.185e-16,-,0
1024,4,4,z:il3d,nat-oop,34580,179922,33.166,5.203,5.185e-16,-,1
1024,4,8,z:il3d,nat-oop,59207,215920,41.509,3.647,4.636e-16,-,0
1024,4,8,z:il3d,nat-oop,58003,217961,42.370,3.758,4.636e-16,-,1
1024,4,16,z:il3d,nat-oop,106260,302950,49.340,2.851,4.464e-16,-,0
1024,4,16,z:il3d,nat-oop,111730,308513,46.925,2.761,4.464e-16,-,1
1024,4,32,z:il3d,nat-oop,224100,539573,49.715,2.408,4.556e-16,-,0
1024,4,32,z:il3d,nat-oop,223480,533913,49.853,2.389,4.556e-16,-,1
1024,4,64,z:il3d,nat-oop,521900,1014912,45.206,1.945,5.524e-16,-,0
1024,4,64,z:il3d,nat-oop,527050,1011212,44.764,1.919,5.524e-16,-,1
1024,4,128,z:il3d,nat-oop,1115363,1960625,44.656,1.758,9.959e-16,-,0
1024,4,128,z:il3d,nat-oop,1100575,1970213,45.256,1.790,9.959e-16,-,1
1024,4,256,z:il3d,nat-oop,2572537,4379775,40.760,1.703,1.162e-15,-,0
1024,4,256,z:il3d,nat-oop,2612338,4370587,40.139,1.673,1.162e-15,-,1
1024,4,512,z:il3d,nat-oop,7112750,10513013,30.959,1.478,1.546e-15,-,0
1024,4,512,z:il3d,nat-oop,7262062,10431087,30.322,1.436,1.546e-15,-,1
1024,4,1024,z:il3d,nat-oop,17964338,20534662,25.683,1.143,3.061e-15,-,0
1024,4,1024,z:il3d,nat-oop,18004725,20808863,25.625,1.156,3.061e-15,-,1
1024,8,2,z:il3d,nat-oop,35284,185726,32.505,5.264,4.066e-16,-,0
1024,8,2,z:il3d,nat-oop,35502,185066,32.304,5.213,4.066e-16,-,1
1024,8,4,z:il3d,nat-oop,59038,221703,41.628,3.755,4.925e-16,-,0
1024,8,4,z:il3d,nat-oop,59225,221667,41.496,3.743,4.925e-16,-,1
1024,8,8,z:il3d,nat-oop,102383,283723,51.208,2.771,4.792e-16,-,0
1024,8,8,z:il3d,nat-oop,102847,284483,50.978,2.766,4.792e-16,-,1
1024,8,16,z:il3d,nat-oop,226487,472240,49.191,2.085,6.145e-16,-,0
1024,8,16,z:il3d,nat-oop,224820,468460,49.556,2.084,6.145e-16,-,1
1024,8,32,z:il3d,nat-oop,522225,871500,45.178,1.669,5.273e-16,-,0
1024,8,32,z:il3d,nat-oop,519962,871038,45.374,1.675,5.273e-16,-,1
1024,8,64,z:il3d,nat-oop,1113450,1733263,44.732,1.557,1.173e-15,-,0
1024,8,64,z:il3d,nat-oop,1104675,1732075,45.088,1.568,1.173e-15,-,1
1024,8,128,z:il3d,nat-oop,2512312,3974938,41.737,1.582,1.234e-15,-,0
1024,8,128,z:il3d,nat-oop,2693975,4049625,38.923,1.503,1.234e-15,-,1
1024,8,256,z:il3d,nat-oop,7084450,9684863,31.082,1.367,1.552e-15,-,0
1024,8,256,z:il3d,nat-oop,7145387,9609350,30.817,1.345,1.552e-15,-,1
1024,8,512,z:il3d,nat-oop,18086637,19694462,25.509,1.089,2.968e-15,-,0
1024,8,512,z:il3d,nat-oop,17854350,24827738,25.841,1.391,2.968e-15,-,1
1024,16,2,z:il3d,nat-oop,62611,238452,39.252,3.808,5.234e-16,-,0
1024,16,2,z:il3d,nat-oop,63020,237875,38.997,3.775,5.234e-16,-,1
1024,16,4,z:il3d,nat-oop,103780,301203,50.519,2.902,3.851e-16,-,0
1024,16,4,z:il3d,nat-oop,104523,301277,50.160,2.882,3.851e-16,-,1
1024,16,8,z:il3d,nat-oop,218273,461913,51.042,2.116,4.922e-16,-,0
1024,16,8,z:il3d,nat-oop,222747,463967,50.017,2.083,4.922e-16,-,1
1024,16,16,z:il3d,nat-oop,522850,955637,45.124,1.828,4.254e-16,-,0
1024,16,16,z:il3d,nat-oop,519575,959925,45.408,1.848,4.254e-16,-,1
1024,16,32,z:il3d,nat-oop,1113675,1906887,44.723,1.712,1.216e-15,-,0
1024,16,32,z:il3d,nat-oop,1126225,1907237,44.225,1.693,1.216e-15,-,1
1024,16,64,z:il3d,nat-oop,2611087,4137475,40.159,1.585,1.271e-15,-,0
1024,16,64,z:il3d,nat-oop,2607963,4098425,40.207,1.572,1.271e-15,-,1
1024,16,128,z:il3d,nat-oop,7162588,11149475,30.743,1.557,1.590e-15,-,0
1024,16,128,z:il3d,nat-oop,7250612,11006025,30.370,1.518,1.590e-15,-,1
1024,16,256,z:il3d,nat-oop,16047588,32002238,28.750,1.994,3.075e-15,-,0
1024,16,256,z:il3d,nat-oop,16091663,32105725,28.672,1.995,3.075e-15,-,1
1024,32,2,z:il3d,nat-oop,118013,361247,44.426,3.061,5.167e-16,-,0
1024,32,2,z:il3d,nat-oop,117183,361930,44.741,3.089,5.167e-16,-,1
1024,32,4,z:il3d,nat-oop,238313,522047,46.750,2.191,5.656e-16,-,0
1024,32,4,z:il3d,nat-oop,243700,520427,45.717,2.136,5.656e-16,-,1
1024,32,8,z:il3d,nat-oop,535275,882862,44.076,1.649,6.421e-16,-,0
1024,32,8,z:il3d,nat-oop,539200,879963,43.755,1.632,6.421e-16,-,1
1024,32,16,z:il3d,nat-oop,1146013,1967162,43.461,1.717,1.297e-15,-,0
1024,32,16,z:il3d,nat-oop,1153875,1969312,43.165,1.707,1.297e-15,-,1
1024,32,32,z:il3d,nat-oop,2733725,4141800,38.357,1.515,1.312e-15,-,0
1024,32,32,z:il3d,nat-oop,2787712,4101712,37.614,1.471,1.312e-15,-,1
1024,32,64,z:il3d,nat-oop,7321738,10996575,30.075,1.502,1.575e-15,-,0
1024,32,64,z:il3d,nat-oop,7317950,10946375,30.091,1.496,1.575e-15,-,1
1024,32,128,z:il3d,nat-oop,19278613,31034988,23.932,1.610,2.816e-15,-,0
1024,32,128,z:il3d,nat-oop,18837850,30914700,24.492,1.641,2.816e-15,-,1
1024,64,2,z:il3d,nat-oop,265587,620633,41.949,2.337,4.898e-16,-,0
1024,64,2,z:il3d,nat-oop,264333,620453,42.148,2.347,4.898e-16,-,1
1024,64,4,z:il3d,nat-oop,590725,959613,39.939,1.624,7.036e-16,-,0
1024,64,4,z:il3d,nat-oop,576300,960725,40.939,1.667,7.036e-16,-,1
1024,64,8,z:il3d,nat-oop,1153875,1682063,43.165,1.458,1.261e-15,-,0
1024,64,8,z:il3d,nat-oop,1153163,1674338,43.192,1.452,1.261e-15,-,1
1024,64,16,z:il3d,nat-oop,2677150,4386400,39.168,1.638,1.345e-15,-,0
1024,64,16,z:il3d,nat-oop,2777463,4414663,37.753,1.589,1.345e-15,-,1
1024,64,32,z:il3d,nat-oop,7878925,11084987,27.948,1.407,1.580e-15,-,0
1024,64,32,z:il3d,nat-oop,7801562,10972213,28.225,1.406,1.580e-15,-,1
1024,64,64,z:il3d,nat-oop,19362475,30385663,23.828,1.569,3.028e-15,-,0
1024,64,64,z:il3d,nat-oop,19289987,30539437,23.918,1.583,3.028e-15,-,1
1024,128,2,z:il3d,nat-oop,570587,1191600,41.349,2.088,6.565e-16,-,0
1024,128,2,z:il3d,nat-oop,569987,1188300,41.392,2.085,6.565e-16,-,1
1024,128,4,z:il3d,nat-oop,1245925,1903187,39.976,1.528,1.113e-15,-,0
1024,128,4,z:il3d,nat-oop,1219275,1900100,40.850,1.558,1.113e-15,-,1
1024,128,8,z:il3d,nat-oop,2750587,3889225,38.122,1.414,1.157e-15,-,0
1024,128,8,z:il3d,nat-oop,2750350,3957588,38.125,1.439,1.157e-15,-,1
1024,128,16,z:il3d,nat-oop,7860213,11149825,28.015,1.419,1.578e-15,-,0
1024,128,16,z:il3d,nat-oop,7794637,11148075,28.250,1.430,1.578e-15,-,1
1024,128,32,z:il3d,nat-oop,17895525,30523862,25.781,1.706,3.118e-15,-,0
1024,128,32,z:il3d,nat-oop,17873512,30449475,25.813,1.704,3.118e-15,-,1
1024,256,2,z:il3d,nat-oop,1230687,2318000,40.471,1.884,1.236e-15,-,0
1024,256,2,z:il3d,nat-oop,1240063,2292275,40.165,1.849,1.236e-15,-,1
1024,256,4,z:il3d,nat-oop,2798075,4270263,37.475,1.526,1.369e-15,-,0
1024,256,4,z:il3d,nat-oop,2761875,4164800,37.966,1.508,1.369e-15,-,1
1024,256,8,z:il3d,nat-oop,7749962,9655413,28.413,1.246,1.567e-15,-,0
1024,256,8,z:il3d,nat-oop,7751863,9746150,28.406,1.257,1.567e-15,-,1
1024,256,16,z:il3d,nat-oop,17928875,30844637,25.734,1.720,3.113e-15,-,0
1024,256,16,z:il3d,nat-oop,17980900,30376937,25.659,1.689,3.113e-15,-,1
1024,512,2,z:il3d,nat-oop,2794938,4951375,37.517,1.772,1.332e-15,-,0
1024,512,2,z:il3d,nat-oop,2758138,5055775,38.018,1.833,1.332e-15,-,1
1024,512,4,z:il3d,nat-oop,7731212,9929013,28.482,1.284,1.339e-15,-,0
1024,512,4,z:il3d,nat-oop,7815875,9925900,28.174,1.270,1.339e-15,-,1
1024,512,8,z:il3d,nat-oop,17927675,25247875,25.735,1.408,2.817e-15,-,0
1024,512,8,z:il3d,nat-oop,17874900,25090375,25.811,1.404,2.817e-15,-,1
1024,1024,2,z:il3d,nat-oop,8027813,11393625,27.430,1.419,1.516e-15,-,0
1024,1024,2,z:il3d,nat-oop,8014300,11484487,27.476,1.433,1.516e-15,-,1
1024,1024,4,z:il3d,nat-oop,17814988,25754025,25.898,1.446,3.032e-15,-,0
1024,1024,4,z:il3d,nat-oop,17750825,25584138,25.992,1.441,3.032e-15,-,1
1024,2048,2,z:il3d,nat-oop,22431088,28272863,20.568,1.260,2.738e-15,-,0
1024,2048,2,z:il3d,nat-oop,20004563,28221925,23.063,1.411,2.738e-15,-,1
2048,2,2,z:il3d,nat-oop,38283,297415,13.909,7.769,4.054e-16,-,0
2048,2,2,z:il3d,nat-oop,39039,297153,13.640,7.612,4.054e-16,-,1
2048,2,4,z:il3d,nat-oop,55806,333997,20.551,5.985,3.762e-16,-,0
2048,2,4,z:il3d,nat-oop,55612,334948,20.623,6.023,3.762e-16,-,1
2048,2,8,z:il3d,nat-oop,86720,376298,28.340,4.339,4.223e-16,-,0
2048,2,8,z:il3d,nat-oop,86518,376862,28.406,4.356,4.223e-16,-,1
2048,2,16,z:il3d,nat-oop,150623,508967,34.808,3.379,4.277e-16,-,0
2048,2,16,z:il3d,nat-oop,151687,508283,34.564,3.351,4.277e-16,-,1
2048,2,32,z:il3d,nat-oop,296467,846933,37.580,2.857,4.506e-16,-,0
2048,2,32,z:il3d,nat-oop,300340,837333,37.095,2.788,4.506e-16,-,1
2048,2,64,z:il3d,nat-oop,688963,1497200,34.244,2.173,6.424e-16,-,0
2048,2,64,z:il3d,nat-oop,706713,1487662,33.384,2.105,6.424e-16,-,1
2048,2,128,z:il3d,nat-oop,1492275,2792575,33.377,1.871,1.180e-15,-,0
2048,2,128,z:il3d,nat-oop,1522500,2775775,32.714,1.823,1.180e-15,-,1
2048,2,256,z:il3d,nat-oop,3217825,5921638,32.586,1.840,1.329e-15,-,0
2048,2,256,z:il3d,nat-oop,3238838,5863900,32.375,1.810,1.329e-15,-,1
2048,2,512,z:il3d,nat-oop,7782350,13382100,28.295,1.720,1.725e-15,-,0
2048,2,512,z:il3d,nat-oop,7749975,13275113,28.413,1.713,1.725e-15,-,1
2048,2,1024,z:il3d,nat-oop,19788338,26564175,23.315,1.342,2.716e-15,-,0
2048,2,1024,z:il3d,nat-oop,19756412,29280662,23.353,1.482,2.716e-15,-,1
2048,4,2,z:il3d,nat-oop,53452,327517,21.456,6.127,3.890e-16,-,0
2048,4,2,z:il3d,nat-oop,53384,327979,21.484,6.144,3.890e-16,-,1
2048,4,4,z:il3d,nat-oop,82120,364310,29.927,4.436,4.936e-16,-,0
2048,4,4,z:il3d,nat-oop,84467,364841,29.095,4.319,4.936e-16,-,1
2048,4,8,z:il3d,nat-oop,145107,442840,36.131,3.052,4.077e-16,-,0
2048,4,8,z:il3d,nat-oop,146130,444080,35.878,3.039,4.077e-16,-,1
2048,4,16,z:il3d,nat-oop,287693,657153,38.726,2.284,4.332e-16,-,0
2048,4,16,z:il3d,nat-oop,287807,655800,38.710,2.279,4.332e-16,-,1
2048,4,32,z:il3d,nat-oop,751600,1150950,31.390,1.531,4.343e-16,-,0
2048,4,32,z:il3d,nat-oop,690012,1154563,34.192,1.673,4.343e-16,-,1
2048,4,64,z:il3d,nat-oop,1491100,2116800,33.403,1.420,1.124e-15,-,0
2048,4,64,z:il3d,nat-oop,1480100,2123875,33.651,1.435,1.124e-15,-,1
2048,4,128,z:il3d,nat-oop,3211000,4695925,32.656,1.462,1.250e-15,-,0
2048,4,128,z:il3d,nat-oop,3208725,4681338,32.679,1.459,1.250e-15,-,1
2048,4,256,z:il3d,nat-oop,7470462,10668762,29.476,1.428,1.487e-15,-,0
2048,4,256,z:il3d,nat-oop,7514150,10711113,29.305,1.425,1.487e-15,-,1
2048,4,512,z:il3d,nat-oop,19380863,27084637,23.806,1.397,3.050e-15,-,0
2048,4,512,z:il3d,nat-oop,19401137,27021963,23.781,1.393,3.050e-15,-,1
2048,8,2,z:il3d,nat-oop,84456,374611,29.099,4.436,5.216e-16,-,0
2048,8,2,z:il3d,nat-oop,85518,374930,28.738,4.384,5.216e-16,-,1
2048,8,4,z:il3d,nat-oop,145723,454797,35.978,3.121,4.159e-16,-,0
2048,8,4,z:il3d,nat-oop,141143,453963,37.146,3.216,4.159e-16,-,1
2048,8,8,z:il3d,nat-oop,288540,620207,38.612,2.149,4.869e-16,-,0
2048,8,8,z:il3d,nat-oop,280460,621360,39.724,2.216,4.869e-16,-,1
2048,8,16,z:il3d,nat-oop,685225,1029600,34.431,1.503,5.174e-16,-,0
2048,8,16,z:il3d,nat-oop,735825,1027937,32.063,1.397,5.174e-16,-,1
2048,8,32,z:il3d,nat-oop,1469600,1844513,33.892,1.255,1.083e-15,-,0
2048,8,32,z:il3d,nat-oop,1498263,1847863,33.243,1.233,1.083e-15,-,1
2048,8,64,z:il3d,nat-oop,3238000,3822600,32.383,1.181,1.219e-15,-,0
2048,8,64,z:il3d,nat-oop,3169888,3839400,33.079,1.211,1.219e-15,-,1
2048,8,128,z:il3d,nat-oop,7515825,9949350,29.298,1.324,1.622e-15,-,0
2048,8,128,z:il3d,nat-oop,7552263,9965700,29.157,1.320,1.622e-15,-,1
2048,8,256,z:il3d,nat-oop,19431775,25417425,23.743,1.308,3.081e-15,-,0
2048,8,256,z:il3d,nat-oop,19542000,25459000,23.609,1.303,3.081e-15,-,1
2048,16,2,z:il3d,nat-oop,165910,491043,31.601,2.960,3.811e-16,-,0
2048,16,2,z:il3d,nat-oop,166847,485100,31.423,2.907,3.811e-16,-,1
2048,16,4,z:il3d,nat-oop,302247,669827,36.861,2.216,4.592e-16,-,0
2048,16,4,z:il3d,nat-oop,324433,659980,34.340,2.034,4.592e-16,-,1
2048,16,8,z:il3d,nat-oop,672275,1014837,35.094,1.510,4.672e-16,-,0
2048,16,8,z:il3d,nat-oop,678087,1013362,34.793,1.494,4.672e-16,-,1
2048,16,16,z:il3d,nat-oop,1503162,1987013,33.135,1.322,1.152e-15,-,0
2048,16,16,z:il3d,nat-oop,1489212,1991513,33.445,1.337,1.152e-15,-,1
2048,16,32,z:il3d,nat-oop,3165762,4218025,33.122,1.332,1.154e-15,-,0
2048,16,32,z:il3d,nat-oop,3153575,4253900,33.250,1.349,1.154e-15,-,1
2048,16,64,z:il3d,nat-oop,7712925,10789663,28.550,1.399,1.683e-15,-,0
2048,16,64,z:il3d,nat-oop,7788338,10731475,28.273,1.378,1.683e-15,-,1
2048,16,128,z:il3d,nat-oop,19396862,28394475,23.786,1.464,2.876e-15,-,0
2048,16,128,z:il3d,nat-oop,19311512,28358113,23.891,1.468,2.876e-15,-,1
2048,32,2,z:il3d,nat-oop,316987,770987,35.147,2.432,5.226e-16,-,0
2048,32,2,z:il3d,nat-oop,319233,770487,34.900,2.414,5.226e-16,-,1
2048,32,4,z:il3d,nat-oop,716987,1140638,32.906,1.591,6.994e-16,-,0
2048,32,4,z:il3d,nat-oop,740300,1138500,31.869,1.538,6.994e-16,-,1
2048,32,8,z:il3d,nat-oop,1569200,1871437,31.741,1.193,1.184e-15,-,0
2048,32,8,z:il3d,nat-oop,1559163,1865825,31.945,1.197,1.184e-15,-,1
2048,32,16,z:il3d,nat-oop,3239787,4410775,32.366,1.361,1.239e-15,-,0
2048,32,16,z:il3d,nat-oop,3303038,4361925,31.746,1.321,1.239e-15,-,1
2048,32,32,z:il3d,nat-oop,8191075,10697437,26.883,1.306,1.641e-15,-,0
2048,32,32,z:il3d,nat-oop,8018613,10581887,27.461,1.320,1.641e-15,-,1
2048,32,64,z:il3d,nat-oop,20289213,27883825,22.740,1.374,3.033e-15,-,0
2048,32,64,z:il3d,nat-oop,20112675,27906587,22.939,1.388,3.033e-15,-,1
2048,64,2,z:il3d,nat-oop,753525,1335075,31.310,1.772,5.555e-16,-,0
2048,64,2,z:il3d,nat-oop,751525,1330550,31.393,1.770,5.555e-16,-,1
2048,64,4,z:il3d,nat-oop,1569225,2039750,31.740,1.300,1.224e-15,-,0
2048,64,4,z:il3d,nat-oop,1548062,2033225,32.174,1.313,1.224e-15,-,1
2048,64,8,z:il3d,nat-oop,3375400,3804700,31.065,1.127,1.192e-15,-,0
2048,64,8,z:il3d,nat-oop,3315600,3774725,31.626,1.138,1.192e-15,-,1
2048,64,16,z:il3d,nat-oop,8528125,11201150,25.821,1.313,1.512e-15,-,0
2048,64,16,z:il3d,nat-oop,7971950,11141975,27.622,1.398,1.512e-15,-,1
2048,64,32,z:il3d,nat-oop,20404262,28141637,22.612,1.379,2.646e-15,-,0
2048,64,32,z:il3d,nat-oop,20534475,28169812,22.468,1.372,2.646e-15,-,1
2048,128,2,z:il3d,nat-oop,1575662,2477400,31.610,1.572,1.152e-15,-,0
2048,128,2,z:il3d,nat-oop,1569862,2479738,31.727,1.580,1.152e-15,-,1
2048,128,4,z:il3d,nat-oop,3536063,4234475,29.654,1.198,1.317e-15,-,0
2048,128,4,z:il3d,nat-oop,3526325,4222438,29.736,1.197,1.317e-15,-,1
2048,128,8,z:il3d,nat-oop,8616462,9754375,25.556,1.132,1.440e-15,-,0
2048,128,8,z:il3d,nat-oop,8647100,9844787,25.465,1.139,1.440e-15,-,1
2048,128,16,z:il3d,nat-oop,20991962,28245538,21.979,1.346,2.913e-15,-,0
2048,128,16,z:il3d,nat-oop,20602200,28550338,22.394,1.386,2.913e-15,-,1
2048,256,2,z:il3d,nat-oop,3387250,4865450,30.957,1.436,1.152e-15,-,0
2048,256,2,z:il3d,nat-oop,3412425,4954800,30.728,1.452,1.152e-15,-,1
2048,256,4,z:il3d,nat-oop,8086937,10127637,27.229,1.252,1.651e-15,-,0
2048,256,4,z:il3d,nat-oop,8093075,10135000,27.209,1.252,1.651e-15,-,1
2048,256,8,z:il3d,nat-oop,20745900,25412738,22.239,1.225,2.860e-15,-,0
2048,256,8,z:il3d,nat-oop,20675950,25724612,22.314,1.244,2.860e-15,-,1
2048,512,2,z:il3d,nat-oop,8318913,11500087,26.470,1.382,1.656e-15,-,0
2048,512,2,z:il3d,nat-oop,8331188,11477100,26.431,1.378,1.656e-15,-,1
2048,512,4,z:il3d,nat-oop,20812625,25925550,22.168,1.246,2.969e-15,-,0
2048,512,4,z:il3d,nat-oop,20831675,26053263,22.148,1.251,2.969e-15,-,1
2048,1024,2,z:il3d,nat-oop,20990100,29039512,21.981,1.383,2.818e-15,-,0
2048,1024,2,z:il3d,nat-oop,21113125,28699500,21.852,1.359,2.818e-15,-,1
4096,2,2,z:il3d,nat-oop,79968,594711,14.342,7.437,3.920e-16,-,0
4096,2,2,z:il3d,nat-oop,78875,595420,14.541,7.549,3.920e-16,-,1
4096,2,4,z:il3d,nat-oop,109623,670346,22.419,6.115,3.810e-16,-,0
4096,2,4,z:il3d,nat-oop,111074,670418,22.126,6.036,3.810e-16,-,1
4096,2,8,z:il3d,nat-oop,176870,760497,29.643,4.300,3.980e-16,-,0
4096,2,8,z:il3d,nat-oop,180233,766107,29.089,4.251,3.980e-16,-,1
4096,2,16,z:il3d,nat-oop,334680,1062627,33.289,3.175,4.822e-16,-,0
4096,2,16,z:il3d,nat-oop,367013,1066387,30.356,2.906,4.822e-16,-,1
4096,2,32,z:il3d,nat-oop,806762,1756475,29.244,2.177,5.012e-16,-,0
4096,2,32,z:il3d,nat-oop,830750,1771500,28.400,2.132,5.012e-16,-,1
4096,2,64,z:il3d,nat-oop,1578263,3074625,31.558,1.948,1.108e-15,-,0
4096,2,64,z:il3d,nat-oop,1667063,3082650,29.877,1.849,1.108e-15,-,1
4096,2,128,z:il3d,nat-oop,3626850,6191613,28.911,1.707,1.304e-15,-,0
4096,2,128,z:il3d,nat-oop,3574538,6235287,29.335,1.744,1.304e-15,-,1
4096,2,256,z:il3d,nat-oop,8043612,13648787,27.376,1.697,1.688e-15,-,0
4096,2,256,z:il3d,nat-oop,7916125,13655700,27.817,1.725,1.688e-15,-,1
4096,2,512,z:il3d,nat-oop,21825013,32166925,21.140,1.474,3.152e-15,-,0
4096,2,512,z:il3d,nat-oop,21587287,31714100,21.372,1.469,3.152e-15,-,1
4096,4,2,z:il3d,nat-oop,119261,667834,20.607,5.600,4.483e-16,-,0
4096,4,2,z:il3d,nat-oop,109125,658880,22.521,6.038,4.483e-16,-,1
4096,4,4,z:il3d,nat-oop,172090,736787,30.466,4.281,4.371e-16,-,0
4096,4,4,z:il3d,nat-oop,173733,737713,30.178,4.246,4.371e-16,-,1
4096,4,8,z:il3d,nat-oop,326440,933300,34.129,2.859,4.163e-16,-,0
4096,4,8,z:il3d,nat-oop,331860,934707,33.572,2.817,4.163e-16,-,1
4096,4,16,z:il3d,nat-oop,793212,1384463,29.744,1.745,4.611e-16,-,0
4096,4,16,z:il3d,nat-oop,816538,1381975,28.894,1.692,4.611e-16,-,1
4096,4,32,z:il3d,nat-oop,1537400,2370287,32.397,1.542,1.096e-15,-,0
4096,4,32,z:il3d,nat-oop,1568513,2369487,31.755,1.511,1.096e-15,-,1
4096,4,64,z:il3d,nat-oop,3546225,4682688,29.569,1.320,1.161e-15,-,0
4096,4,64,z:il3d,nat-oop,3519012,4486437,29.797,1.275,1.161e-15,-,1
4096,4,128,z:il3d,nat-oop,8416237,11400887,26.164,1.355,1.501e-15,-,0
4096,4,128,z:il3d,nat-oop,8057188,11417750,27.330,1.417,1.501e-15,-,1
4096,4,256,z:il3d,nat-oop,20919000,27061600,22.055,1.294,2.768e-15,-,0
4096,4,256,z:il3d,nat-oop,20896588,27027037,22.079,1.293,2.768e-15,-,1
4096,8,2,z:il3d,nat-oop,176437,760537,29.715,4.311,4.386e-16,-,0
4096,8,2,z:il3d,nat-oop,175423,758657,29.887,4.325,4.386e-16,-,1
4096,8,4,z:il3d,nat-oop,322353,954780,34.562,2.962,6.130e-16,-,0
4096,8,4,z:il3d,nat-oop,321207,956993,34.685,2.979,6.130e-16,-,1
4096,8,8,z:il3d,nat-oop,752463,1315013,31.354,1.748,5.050e-16,-,0
4096,8,8,z:il3d,nat-oop,790162,1315175,29.858,1.664,5.050e-16,-,1
4096,8,16,z:il3d,nat-oop,1794363,2123100,27.758,1.183,1.183e-15,-,0
4096,8,16,z:il3d,nat-oop,1691762,2135500,29.441,1.262,1.183e-15,-,1
4096,8,32,z:il3d,nat-oop,3562512,4040962,29.434,1.134,1.262e-15,-,0
4096,8,32,z:il3d,nat-oop,3507225,4003075,29.898,1.141,1.262e-15,-,1
4096,8,64,z:il3d,nat-oop,8031413,10014688,27.417,1.247,1.748e-15,-,0
4096,8,64,z:il3d,nat-oop,7957887,10085500,27.671,1.267,1.748e-15,-,1
4096,8,128,z:il3d,nat-oop,20799000,25244025,22.182,1.214,2.781e-15,-,0
4096,8,128,z:il3d,nat-oop,20975400,25218650,21.996,1.202,2.781e-15,-,1
4096,16,2,z:il3d,nat-oop,340213,1016580,32.747,2.988,4.803e-16,-,0
4096,16,2,z:il3d,nat-oop,344787,1017467,32.313,2.951,4.803e-16,-,1
4096,16,4,z:il3d,nat-oop,864013,1372650,27.306,1.589,6.174e-16,-,0
4096,16,4,z:il3d,nat-oop,809300,1374188,29.152,1.698,6.174e-16,-,1
4096,16,8,z:il3d,nat-oop,1707375,2109125,29.172,1.235,1.227e-15,-,0
4096,16,8,z:il3d,nat-oop,1709212,2101925,29.141,1.230,1.227e-15,-,1
4096,16,16,z:il3d,nat-oop,3550150,4045625,29.536,1.140,1.290e-15,-,0
4096,16,16,z:il3d,nat-oop,3510413,4111000,29.870,1.171,1.290e-15,-,1
4096,16,32,z:il3d,nat-oop,8029100,10016037,27.425,1.247,1.615e-15,-,0
4096,16,32,z:il3d,nat-oop,8009800,10092488,27.491,1.260,1.615e-15,-,1
4096,16,64,z:il3d,nat-oop,21579325,25644012,21.380,1.188,3.170e-15,-,0
4096,16,64,z:il3d,nat-oop,21597900,25759712,21.362,1.193,3.170e-15,-,1
4096,32,2,z:il3d,nat-oop,854275,1616100,27.618,1.892,5.524e-16,-,0
4096,32,2,z:il3d,nat-oop,884525,1649700,26.673,1.865,5.524e-16,-,1
4096,32,4,z:il3d,nat-oop,1580362,2349150,31.516,1.486,1.204e-15,-,0
4096,32,4,z:il3d,nat-oop,1587737,2374038,31.370,1.495,1.204e-15,-,1
4096,32,8,z:il3d,nat-oop,3615300,4017038,29.004,1.111,1.382e-15,-,0
4096,32,8,z:il3d,nat-oop,3604938,4082112,29.087,1.132,1.382e-15,-,1
4096,32,16,z:il3d,nat-oop,8182925,10303650,26.910,1.259,1.586e-15,-,0
4096,32,16,z:il3d,nat-oop,8154863,10282625,27.002,1.261,1.586e-15,-,1
4096,32,32,z:il3d,nat-oop,21659825,25787000,21.301,1.191,2.935e-15,-,0
4096,32,32,z:il3d,nat-oop,21505563,25719925,21.454,1.196,2.935e-15,-,1
4096,64,2,z:il3d,nat-oop,1907287,2748712,26.114,1.441,1.225e-15,-,0
4096,64,2,z:il3d,nat-oop,1921950,2729875,25.915,1.420,1.225e-15,-,1
4096,64,4,z:il3d,nat-oop,3671850,4326988,28.557,1.178,1.433e-15,-,0
4096,64,4,z:il3d,nat-oop,3834337,4304487,27.347,1.123,1.433e-15,-,1
4096,64,8,z:il3d,nat-oop,7933800,9304525,27.755,1.173,1.404e-15,-,0
4096,64,8,z:il3d,nat-oop,7944725,9275038,27.717,1.167,1.404e-15,-,1
4096,64,16,z:il3d,nat-oop,22268363,26450900,20.719,1.188,2.881e-15,-,0
4096,64,16,z:il3d,nat-oop,22245750,26411037,20.740,1.187,2.881e-15,-,1
4096,128,2,z:il3d,nat-oop,3779225,5172387,27.746,1.369,1.228e-15,-,0
4096,128,2,z:il3d,nat-oop,3823538,5181525,27.424,1.355,1.228e-15,-,1
4096,128,4,z:il3d,nat-oop,8701138,10309288,25.307,1.185,1.492e-15,-,0
4096,128,4,z:il3d,nat-oop,8645725,9993837,25.469,1.156,1.492e-15,-,1
4096,128,8,z:il3d,nat-oop,22066762,24788025,20.908,1.123,3.078e-15,-,0
4096,128,8,z:il3d,nat-oop,22117350,24661125,20.860,1.115,3.078e-15,-,1
4096,256,2,z:il3d,nat-oop,8493062,11202787,25.927,1.319,1.573e-15,-,0
4096,256,2,z:il3d,nat-oop,8543750,11226962,25.773,1.314,1.573e-15,-,1
4096,256,4,z:il3d,nat-oop,23471775,25529912,19.657,1.088,2.747e-15,-,0
4096,256,4,z:il3d,nat-oop,23396100,25387025,19.720,1.085,2.747e-15,-,1
4096,512,2,z:il3d,nat-oop,21755650,27768562,21.207,1.276,2.848e-15,-,0
4096,512,2,z:il3d,nat-oop,22128687,27356875,20.850,1.236,2.848e-15,-,1
8192,2,2,z:il3d,nat-oop,161428,1196159,15.224,7.410,4.677e-16,-,0
8192,2,2,z:il3d,nat-oop,158557,1195630,15.500,7.541,4.677e-16,-,1
8192,2,4,z:il3d,nat-oop,244713,1355007,21.425,5.537,5.328e-16,-,0
8192,2,4,z:il3d,nat-oop,241517,1359487,21.708,5.629,5.328e-16,-,1
8192,2,8,z:il3d,nat-oop,417287,1580007,26.699,3.786,4.750e-16,-,0
8192,2,8,z:il3d,nat-oop,395907,1582733,28.141,3.998,4.750e-16,-,1
8192,2,16,z:il3d,nat-oop,896225,2195800,26.325,2.450,5.851e-16,-,0
8192,2,16,z:il3d,nat-oop,828388,2201500,28.481,2.658,5.851e-16,-,1
8192,2,32,z:il3d,nat-oop,1687263,3609800,29.520,2.139,1.278e-15,-,0
8192,2,32,z:il3d,nat-oop,1762050,3612700,28.267,2.050,1.278e-15,-,1
8192,2,64,z:il3d,nat-oop,3709312,6558512,28.269,1.768,1.126e-15,-,0
8192,2,64,z:il3d,nat-oop,3745075,6458513,27.999,1.725,1.126e-15,-,1
8192,2,128,z:il3d,nat-oop,8513988,14408662,25.863,1.692,1.642e-15,-,0
8192,2,128,z:il3d,nat-oop,8869788,14503512,24.826,1.635,1.642e-15,-,1
8192,2,256,z:il3d,nat-oop,20589662,33033425,22.408,1.604,3.014e-15,-,0
8192,2,256,z:il3d,nat-oop,21720850,32789825,21.241,1.510,3.014e-15,-,1
8192,4,2,z:il3d,nat-oop,240110,1337767,21.835,5.571,5.285e-16,-,0
8192,4,2,z:il3d,nat-oop,245790,1335020,21.331,5.432,5.285e-16,-,1
8192,4,4,z:il3d,nat-oop,386300,1530120,28.841,3.961,4.629e-16,-,0
8192,4,4,z:il3d,nat-oop,424967,1553033,26.216,3.654,4.629e-16,-,1
8192,4,8,z:il3d,nat-oop,866425,1946487,27.230,2.247,5.681e-16,-,0
8192,4,8,z:il3d,nat-oop,856163,1937425,27.557,2.263,5.681e-16,-,1
8192,4,16,z:il3d,nat-oop,1692775,2860463,29.423,1.690,1.292e-15,-,0
8192,4,16,z:il3d,nat-oop,1712687,2863400,29.081,1.672,1.292e-15,-,1
8192,4,32,z:il3d,nat-oop,3752313,5274725,27.945,1.406,1.379e-15,-,0
8192,4,32,z:il3d,nat-oop,3755387,5189975,27.922,1.382,1.379e-15,-,1
8192,4,64,z:il3d,nat-oop,8773600,11706700,25.098,1.334,1.488e-15,-,0
8192,4,64,z:il3d,nat-oop,8843888,11625825,24.899,1.315,1.488e-15,-,1
8192,4,128,z:il3d,nat-oop,18286200,28104713,25.231,1.537,2.909e-15,-,0
8192,4,128,z:il3d,nat-oop,17891163,27909350,25.788,1.560,2.909e-15,-,1
8192,8,2,z:il3d,nat-oop,400453,1575013,27.821,3.933,5.110e-16,-,0
8192,8,2,z:il3d,nat-oop,441380,1599640,25.242,3.624,5.110e-16,-,1
8192,8,4,z:il3d,nat-oop,821812,2000413,28.708,2.434,6.090e-16,-,0
8192,8,4,z:il3d,nat-oop,874125,1997500,26.990,2.285,6.090e-16,-,1
8192,8,8,z:il3d,nat-oop,1689250,2737475,29.485,1.621,1.216e-15,-,0
8192,8,8,z:il3d,nat-oop,1788837,2768250,27.843,1.548,1.216e-15,-,1
8192,8,16,z:il3d,nat-oop,3650362,4616275,28.725,1.265,1.419e-15,-,0
8192,8,16,z:il3d,nat-oop,3781925,4548975,27.726,1.203,1.419e-15,-,1
8192,8,32,z:il3d,nat-oop,8900250,10554462,24.741,1.186,1.664e-15,-,0
8192,8,32,z:il3d,nat-oop,9273838,10570363,23.744,1.140,1.664e-15,-,1
8192,8,64,z:il3d,nat-oop,20508325,23413325,22.497,1.142,3.228e-15,-,0
8192,8,64,z:il3d,nat-oop,20561937,24632500,22.438,1.198,3.228e-15,-,1
8192,16,2,z:il3d,nat-oop,877625,2101212,26.883,2.394,5.328e-16,-,0
8192,16,2,z:il3d,nat-oop,958475,2098775,24.615,2.190,5.328e-16,-,1
8192,16,4,z:il3d,nat-oop,1721362,2848813,28.935,1.655,1.149e-15,-,0
8192,16,4,z:il3d,nat-oop,1723375,2872113,28.901,1.667,1.149e-15,-,1
8192,16,8,z:il3d,nat-oop,3613575,4567337,29.018,1.264,1.266e-15,-,0
8192,16,8,z:il3d,nat-oop,3627863,4490100,28.903,1.238,1.266e-15,-,1
8192,16,16,z:il3d,nat-oop,8866113,11037550,24.836,1.245,1.524e-15,-,0
8192,16,16,z:il3d,nat-oop,8887100,11277950,24.778,1.269,1.524e-15,-,1
8192,16,32,z:il3d,nat-oop,22230213,24564400,20.754,1.105,2.925e-15,-,0
8192,16,32,z:il3d,nat-oop,22153825,27382138,20.826,1.236,2.925e-15,-,1
8192,32,2,z:il3d,nat-oop,1791725,3321638,27.799,1.854,1.136e-15,-,0
8192,32,2,z:il3d,nat-oop,1781663,3352537,27.956,1.882,1.136e-15,-,1
8192,32,4,z:il3d,nat-oop,3772400,5073925,27.796,1.345,1.380e-15,-,0
8192,32,4,z:il3d,nat-oop,3726875,4984875,28.136,1.338,1.380e-15,-,1
8192,32,8,z:il3d,nat-oop,8914862,9960625,24.700,1.117,1.641e-15,-,0
8192,32,8,z:il3d,nat-oop,9364725,10013525,23.514,1.069,1.641e-15,-,1
8192,32,16,z:il3d,nat-oop,20622837,25674600,22.372,1.245,2.991e-15,-,0
8192,32,16,z:il3d,nat-oop,20941813,26146538,22.031,1.249,2.991e-15,-,1
8192,64,2,z:il3d,nat-oop,3959137,5755500,26.485,1.454,1.131e-15,-,0
8192,64,2,z:il3d,nat-oop,4002562,5705338,26.198,1.425,1.131e-15,-,1
8192,64,4,z:il3d,nat-oop,8929550,10239400,24.660,1.147,1.597e-15,-,0
8192,64,4,z:il3d,nat-oop,8815250,10311550,24.980,1.170,1.597e-15,-,1
8192,64,8,z:il3d,nat-oop,21273650,22247888,21.688,1.046,3.132e-15,-,0
8192,64,8,z:il3d,nat-oop,20522100,22319850,22.482,1.088,3.132e-15,-,1
8192,128,2,z:il3d,nat-oop,9017287,11765238,24.420,1.305,1.695e-15,-,0
8192,128,2,z:il3d,nat-oop,9130025,11685700,24.118,1.280,1.695e-15,-,1
8192,128,4,z:il3d,nat-oop,23595775,25265900,19.553,1.071,3.098e-15,-,0
8192,128,4,z:il3d,nat-oop,21752850,25127375,21.210,1.155,3.098e-15,-,1
8192,256,2,z:il3d,nat-oop,22026987,26713838,20.946,1.213,2.878e-15,-,0
8192,256,2,z:il3d,nat-oop,21984200,26034613,20.987,1.184,2.878e-15,-,1
