library,N,l2_error,max_error,rt_error
VectorFFT,2,3.292e-20,3.982e-20,0.000e+00
MKL,2,3.292e-20,3.982e-20,0.000e+00
VectorFFT,3,1.668e-16,1.784e-16,3.037e-16
MKL,3,6.983e-17,5.270e-17,2.170e-16
VectorFFT,4,3.553e-17,5.992e-17,5.679e-17
MKL,4,3.553e-17,5.992e-17,5.679e-17
VectorFFT,5,1.527e-16,2.037e-16,2.270e-16
MKL,5,1.320e-16,1.339e-16,2.270e-16
VectorFFT,6,2.020e-16,2.759e-16,2.116e-16
MKL,6,6.233e-17,8.103e-17,1.896e-16
VectorFFT,7,1.596e-16,1.620e-16,2.244e-16
MKL,7,1.330e-16,1.528e-16,3.094e-16
VectorFFT,8,9.060e-17,9.773e-17,2.242e-16
MKL,8,8.881e-17,9.881e-17,1.681e-16
VectorFFT,9,2.546e-16,2.310e-16,3.122e-16
MKL,9,9.017e-17,1.167e-16,2.063e-16
VectorFFT,10,1.820e-16,1.802e-16,3.878e-16
MKL,10,1.168e-16,1.263e-16,2.965e-16
VectorFFT,11,2.073e-16,2.150e-16,4.203e-16
MKL,11,1.250e-16,1.359e-16,1.914e-16
VectorFFT,12,1.928e-16,2.133e-16,3.535e-16
MKL,12,1.147e-16,1.645e-16,2.086e-16
VectorFFT,13,3.166e-16,4.517e-16,3.802e-16
MKL,13,1.348e-16,1.345e-16,2.786e-16
VectorFFT,14,1.539e-16,2.724e-16,3.102e-16
MKL,14,1.493e-16,1.539e-16,3.314e-16
VectorFFT,15,2.436e-16,2.399e-16,5.411e-16
MKL,15,1.524e-16,1.512e-16,2.844e-16
VectorFFT,16,8.321e-17,7.447e-17,2.278e-16
MKL,16,8.594e-17,7.005e-17,2.278e-16
VectorFFT,17,3.247e-16,3.185e-16,4.894e-16
MKL,17,1.776e-16,2.080e-16,2.147e-16
VectorFFT,18,2.722e-16,3.541e-16,5.432e-16
MKL,18,1.687e-16,2.788e-16,3.817e-16
VectorFFT,19,2.674e-16,2.991e-16,5.288e-16
MKL,19,2.247e-16,1.959e-16,3.532e-16
VectorFFT,20,1.372e-16,1.091e-16,3.166e-16
MKL,20,1.621e-16,1.459e-16,3.088e-16
VectorFFT,21,2.495e-16,2.297e-16,4.761e-16
MKL,21,1.339e-16,1.122e-16,4.100e-16
VectorFFT,22,2.457e-16,3.376e-16,4.706e-16
MKL,22,1.456e-16,1.602e-16,2.696e-16
VectorFFT,23,3.085e-16,4.347e-16,5.177e-16
MKL,23,2.197e-16,2.840e-16,4.558e-16
VectorFFT,24,1.976e-16,2.878e-16,4.005e-16
MKL,24,1.346e-16,1.477e-16,2.865e-16
VectorFFT,25,1.779e-16,1.569e-16,4.628e-16
MKL,25,2.072e-16,1.918e-16,2.743e-16
VectorFFT,26,3.906e-16,4.634e-16,6.391e-16
MKL,26,1.992e-16,1.994e-16,4.029e-16
VectorFFT,27,3.402e-16,3.196e-16,9.809e-16
MKL,27,1.909e-16,1.625e-16,5.378e-16
VectorFFT,28,1.798e-16,1.689e-16,3.336e-16
MKL,28,1.997e-16,1.927e-16,5.956e-16
VectorFFT,29,2.901e-16,3.573e-16,5.918e-16
MKL,29,1.896e-16,1.892e-16,4.044e-16
VectorFFT,30,2.678e-16,3.033e-16,7.378e-16
MKL,30,1.848e-16,2.281e-16,3.861e-16
VectorFFT,31,2.707e-16,2.618e-16,5.191e-16
MKL,31,1.707e-16,1.497e-16,4.704e-16
VectorFFT,32,9.809e-17,7.897e-17,2.277e-16
MKL,32,1.248e-16,9.644e-17,2.277e-16
VectorFFT,33,2.623e-16,3.028e-16,5.590e-16
MKL,33,2.266e-16,2.546e-16,3.574e-16
VectorFFT,34,3.648e-16,3.234e-16,8.383e-16
MKL,34,1.845e-16,2.026e-16,4.195e-16
VectorFFT,35,2.052e-16,2.287e-16,5.059e-16
MKL,35,1.951e-16,2.167e-16,3.874e-16
VectorFFT,36,2.725e-16,2.542e-16,5.341e-16
MKL,36,1.619e-16,1.943e-16,3.183e-16
VectorFFT,37,2.956e-16,3.988e-16,5.980e-16
MKL,37,2.120e-16,4.040e-16,5.302e-16
VectorFFT,38,3.880e-16,3.640e-16,9.160e-16
MKL,38,1.803e-16,1.833e-16,4.574e-16
VectorFFT,39,3.556e-16,4.291e-16,7.261e-16
MKL,39,2.289e-16,3.266e-16,4.421e-16
VectorFFT,40,1.737e-16,2.160e-16,3.374e-16
MKL,40,1.445e-16,1.567e-16,4.266e-16
VectorFFT,41,2.662e-16,3.141e-16,5.991e-16
MKL,41,2.394e-16,2.508e-16,5.195e-16
VectorFFT,42,2.950e-16,2.786e-16,5.111e-16
MKL,42,1.763e-16,2.496e-16,4.311e-16
VectorFFT,43,5.551e-16,6.384e-16,1.401e-15
MKL,43,2.088e-16,3.338e-16,4.206e-16
VectorFFT,44,2.356e-16,2.383e-16,5.826e-16
MKL,44,1.872e-16,1.999e-16,4.176e-16
VectorFFT,45,3.079e-16,3.300e-16,7.901e-16
MKL,45,2.275e-16,2.556e-16,6.350e-16
VectorFFT,46,4.134e-16,3.738e-16,9.760e-16
MKL,46,1.785e-16,1.872e-16,4.012e-16
VectorFFT,47,2.547e-16,2.132e-16,5.698e-16
MKL,47,2.520e-16,3.085e-16,5.979e-16
VectorFFT,48,2.518e-16,2.931e-16,5.184e-16
MKL,48,1.670e-16,1.585e-16,4.950e-16
VectorFFT,49,2.116e-16,2.614e-16,5.550e-16
MKL,49,2.425e-16,3.275e-16,4.775e-16
VectorFFT,50,2.313e-16,2.260e-16,5.065e-16
MKL,50,2.145e-16,2.714e-16,4.127e-16
VectorFFT,51,4.091e-16,5.686e-16,9.657e-16
MKL,51,2.158e-16,2.463e-16,5.485e-16
VectorFFT,52,3.621e-16,6.850e-16,6.210e-16
MKL,52,1.687e-16,1.878e-16,4.793e-16
VectorFFT,53,5.606e-16,4.777e-16,1.010e-15
MKL,53,2.060e-16,1.956e-16,5.467e-16
VectorFFT,54,3.420e-16,3.529e-16,9.912e-16
MKL,54,1.499e-16,1.406e-16,3.888e-16
VectorFFT,55,2.526e-16,2.861e-16,6.861e-16
MKL,55,2.375e-16,2.462e-16,5.394e-16
VectorFFT,56,1.817e-16,1.870e-16,4.676e-16
MKL,56,1.497e-16,1.384e-16,4.537e-16
VectorFFT,57,3.234e-16,3.485e-16,7.760e-16
MKL,57,2.370e-16,3.045e-16,5.362e-16
VectorFFT,58,3.682e-16,3.548e-16,6.849e-16
MKL,58,2.167e-16,2.456e-16,4.837e-16
VectorFFT,59,2.872e-16,3.122e-16,1.141e-15
MKL,59,2.794e-16,3.300e-16,7.699e-16
VectorFFT,60,3.048e-16,2.723e-16,7.412e-16
MKL,60,1.989e-16,1.657e-16,5.332e-16
VectorFFT,61,5.745e-16,5.012e-16,1.252e-15
MKL,61,2.690e-16,3.016e-16,5.892e-16
VectorFFT,62,3.838e-16,5.559e-16,9.185e-16
MKL,62,2.000e-16,2.611e-16,5.745e-16
VectorFFT,63,3.155e-16,3.199e-16,7.655e-16
MKL,63,2.218e-16,2.445e-16,5.014e-16
VectorFFT,64,1.401e-16,1.219e-16,3.385e-16
MKL,64,1.405e-16,1.223e-16,3.385e-16
VectorFFT,65,3.633e-16,5.794e-16,7.729e-16
MKL,65,2.776e-16,3.963e-16,7.623e-16
VectorFFT,66,2.701e-16,3.028e-16,5.360e-16
MKL,66,1.868e-16,1.771e-16,4.278e-16
VectorFFT,67,5.002e-16,5.129e-16,1.212e-15
MKL,67,2.498e-16,2.578e-16,5.308e-16
VectorFFT,68,3.498e-16,2.975e-16,7.018e-16
MKL,68,1.777e-16,1.464e-16,4.164e-16
VectorFFT,69,3.740e-16,3.870e-16,8.215e-16
MKL,69,2.570e-16,4.325e-16,5.057e-16
VectorFFT,70,2.419e-16,2.501e-16,5.195e-16
MKL,70,1.837e-16,1.574e-16,4.204e-16
VectorFFT,71,4.208e-16,4.421e-16,8.778e-16
MKL,71,2.710e-16,2.697e-16,5.873e-16
VectorFFT,72,2.744e-16,2.542e-16,5.584e-16
MKL,72,1.650e-16,1.648e-16,4.780e-16
VectorFFT,73,5.804e-16,4.497e-16,1.245e-15
MKL,73,2.145e-16,2.235e-16,4.475e-16
VectorFFT,74,3.878e-16,4.244e-16,1.071e-15
MKL,74,2.183e-16,2.256e-16,6.732e-16
VectorFFT,75,3.042e-16,2.386e-16,6.209e-16
MKL,75,3.801e-16,3.677e-16,7.917e-16
VectorFFT,76,2.962e-16,4.470e-16,6.885e-16
MKL,76,1.712e-16,1.769e-16,5.407e-16
VectorFFT,77,2.439e-16,2.792e-16,4.948e-16
MKL,77,2.507e-16,2.870e-16,5.050e-16
VectorFFT,78,4.177e-16,5.301e-16,1.186e-15
MKL,78,2.261e-16,2.922e-16,4.914e-16
VectorFFT,79,6.402e-16,8.494e-16,1.682e-15
MKL,79,2.622e-16,3.107e-16,5.204e-16
VectorFFT,80,1.943e-16,2.655e-16,5.558e-16
MKL,80,1.699e-16,2.027e-16,5.445e-16
VectorFFT,81,3.759e-16,3.863e-16,7.391e-16
MKL,81,3.001e-16,3.717e-16,7.301e-16
VectorFFT,82,2.809e-16,2.758e-16,7.632e-16
MKL,82,2.421e-16,2.902e-16,5.657e-16
VectorFFT,83,2.644e-16,2.549e-16,8.011e-16
MKL,83,2.477e-16,2.201e-16,5.247e-16
VectorFFT,84,2.636e-16,3.178e-16,7.172e-16
MKL,84,2.051e-16,2.830e-16,5.510e-16
VectorFFT,85,4.155e-16,4.850e-16,9.256e-16
MKL,85,2.669e-16,2.905e-16,5.539e-16
VectorFFT,86,3.234e-16,3.647e-16,9.671e-16
MKL,86,2.024e-16,2.690e-16,4.762e-16
VectorFFT,87,3.770e-16,6.317e-16,9.509e-16
MKL,87,2.321e-16,2.638e-16,8.745e-16
VectorFFT,88,2.180e-16,2.702e-16,6.254e-16
MKL,88,1.935e-16,1.991e-16,4.728e-16
VectorFFT,89,3.903e-16,3.203e-16,9.829e-16
MKL,89,2.755e-16,3.331e-16,7.621e-16
VectorFFT,90,3.334e-16,3.639e-16,6.147e-16
MKL,90,2.056e-16,2.130e-16,5.202e-16
VectorFFT,91,3.583e-16,4.906e-16,7.627e-16
MKL,91,2.503e-16,2.378e-16,5.038e-16
VectorFFT,92,3.701e-16,6.768e-16,1.209e-15
MKL,92,1.752e-16,2.088e-16,4.242e-16
VectorFFT,93,3.933e-16,3.885e-16,1.014e-15
MKL,93,2.299e-16,2.560e-16,5.417e-16
VectorFFT,94,3.510e-16,2.879e-16,9.944e-16
MKL,94,2.304e-16,2.536e-16,6.569e-16
VectorFFT,95,3.162e-16,3.328e-16,7.380e-16
MKL,95,2.961e-16,3.584e-16,8.985e-16
VectorFFT,96,2.331e-16,2.277e-16,6.124e-16
MKL,96,1.687e-16,1.959e-16,4.663e-16
VectorFFT,97,4.617e-16,3.650e-16,1.485e-15
MKL,97,4.070e-16,4.010e-16,8.824e-16
VectorFFT,98,3.595e-16,4.269e-16,9.674e-16
MKL,98,2.161e-16,2.398e-16,5.906e-16
VectorFFT,99,3.516e-16,2.991e-16,8.192e-16
MKL,99,2.186e-16,2.230e-16,5.718e-16
VectorFFT,100,2.458e-16,2.870e-16,6.090e-16
MKL,100,2.115e-16,2.041e-16,4.925e-16
VectorFFT,101,3.882e-16,3.628e-16,1.302e-15
MKL,101,4.271e-16,5.389e-16,1.001e-15
VectorFFT,102,3.887e-16,4.326e-16,8.855e-16
MKL,102,2.111e-16,2.526e-16,5.306e-16
VectorFFT,103,7.858e-16,8.110e-16,1.830e-15
MKL,103,4.172e-16,4.838e-16,1.342e-15
VectorFFT,104,3.234e-16,4.121e-16,8.495e-16
MKL,104,2.221e-16,3.190e-16,6.267e-16
VectorFFT,105,3.084e-16,3.245e-16,5.480e-16
MKL,105,2.437e-16,3.471e-16,5.490e-16
VectorFFT,106,3.740e-16,3.349e-16,8.891e-16
MKL,106,1.944e-16,2.188e-16,4.448e-16
VectorFFT,107,4.029e-16,4.352e-16,9.501e-16
MKL,107,3.686e-16,3.819e-16,9.509e-16
VectorFFT,108,3.853e-16,4.268e-16,9.752e-16
MKL,108,1.794e-16,2.437e-16,5.739e-16
VectorFFT,109,6.021e-16,5.788e-16,1.277e-15
MKL,109,4.873e-16,3.993e-16,1.224e-15
VectorFFT,110,2.692e-16,3.505e-16,6.744e-16
MKL,110,2.033e-16,2.476e-16,6.819e-16
VectorFFT,111,3.652e-16,3.492e-16,7.762e-16
MKL,111,2.264e-16,2.476e-16,4.900e-16
VectorFFT,112,1.821e-16,2.602e-16,5.650e-16
MKL,112,1.826e-16,2.827e-16,5.334e-16
VectorFFT,113,3.947e-16,3.270e-16,8.769e-16
MKL,113,4.465e-16,5.003e-16,1.190e-15
VectorFFT,114,3.541e-16,3.658e-16,8.771e-16
MKL,114,2.177e-16,2.463e-16,5.315e-16
VectorFFT,115,3.744e-16,3.989e-16,8.833e-16
MKL,115,2.181e-16,2.292e-16,6.675e-16
VectorFFT,116,3.207e-16,3.333e-16,7.799e-16
MKL,116,1.918e-16,1.805e-16,4.711e-16
VectorFFT,117,3.697e-16,3.841e-16,1.041e-15
MKL,117,2.275e-16,2.479e-16,5.167e-16
VectorFFT,118,3.388e-16,4.969e-16,8.676e-16
MKL,118,2.443e-16,3.557e-16,5.261e-16
VectorFFT,119,3.674e-16,4.238e-16,9.856e-16
MKL,119,2.213e-16,2.497e-16,4.844e-16
VectorFFT,120,3.014e-16,2.714e-16,7.855e-16
MKL,120,2.202e-16,2.480e-16,5.443e-16
VectorFFT,121,2.893e-16,3.617e-16,7.958e-16
MKL,121,2.264e-16,3.269e-16,5.408e-16
VectorFFT,122,3.784e-16,3.181e-16,1.067e-15
MKL,122,2.671e-16,2.520e-16,6.039e-16
VectorFFT,123,3.895e-16,5.586e-16,1.078e-15
MKL,123,3.084e-16,3.635e-16,8.692e-16
VectorFFT,124,3.396e-16,3.877e-16,1.096e-15
MKL,124,2.144e-16,3.361e-16,4.940e-16
VectorFFT,125,2.900e-16,3.140e-16,8.758e-16
MKL,125,2.755e-16,2.985e-16,5.332e-16
VectorFFT,126,3.255e-16,2.882e-16,9.722e-16
MKL,126,2.055e-16,1.782e-16,5.713e-16
VectorFFT,127,7.164e-16,8.766e-16,1.805e-15
MKL,127,4.406e-16,5.719e-16,1.269e-15
VectorFFT,128,1.685e-16,1.942e-16,4.445e-16
MKL,128,1.498e-16,1.740e-16,5.556e-16
VectorFFT,129,3.654e-16,4.228e-16,8.926e-16
MKL,129,2.883e-16,4.024e-16,5.384e-16
VectorFFT,130,3.798e-16,3.911e-16,8.755e-16
MKL,130,2.418e-16,2.220e-16,5.531e-16
VectorFFT,131,6.364e-16,6.974e-16,1.529e-15
MKL,131,4.434e-16,3.750e-16,1.134e-15
VectorFFT,132,3.480e-16,3.221e-16,7.469e-16
MKL,132,2.016e-16,2.106e-16,5.086e-16
VectorFFT,133,3.139e-16,3.553e-16,1.074e-15
MKL,133,2.561e-16,3.426e-16,5.302e-16
VectorFFT,134,2.810e-16,3.161e-16,7.378e-16
MKL,134,2.359e-16,3.519e-16,5.256e-16
VectorFFT,135,3.640e-16,3.273e-16,8.443e-16
MKL,135,2.537e-16,2.499e-16,6.264e-16
VectorFFT,136,3.666e-16,3.619e-16,6.724e-16
MKL,136,1.846e-16,1.924e-16,4.077e-16
VectorFFT,137,6.642e-16,6.115e-16,1.674e-15
MKL,137,3.835e-16,3.597e-16,1.235e-15
VectorFFT,138,3.844e-16,3.346e-16,8.442e-16
MKL,138,2.166e-16,2.304e-16,6.699e-16
VectorFFT,139,7.026e-16,6.145e-16,1.918e-15
MKL,139,3.506e-16,3.026e-16,1.004e-15
VectorFFT,140,2.479e-16,2.402e-16,6.738e-16
MKL,140,2.339e-16,3.450e-16,5.195e-16
VectorFFT,141,3.554e-16,3.648e-16,8.120e-16
MKL,141,2.641e-16,4.162e-16,6.771e-16
VectorFFT,142,3.401e-16,4.672e-16,1.206e-15
MKL,142,2.716e-16,4.085e-16,6.397e-16
VectorFFT,143,3.818e-16,4.430e-16,8.620e-16
MKL,143,2.151e-16,1.567e-16,6.130e-16
VectorFFT,144,3.013e-16,3.418e-16,9.089e-16
MKL,144,1.905e-16,3.163e-16,5.045e-16
VectorFFT,145,3.291e-16,3.529e-16,7.513e-16
MKL,145,2.522e-16,2.674e-16,6.077e-16
VectorFFT,146,3.398e-16,3.118e-16,1.010e-15
MKL,146,2.568e-16,3.068e-16,5.083e-16
VectorFFT,147,2.799e-16,3.479e-16,7.790e-16
MKL,147,2.579e-16,2.843e-16,7.537e-16
VectorFFT,148,3.163e-16,2.832e-16,6.921e-16
MKL,148,2.108e-16,2.546e-16,5.344e-16
VectorFFT,149,5.258e-16,6.074e-16,1.546e-15
MKL,149,3.725e-16,4.943e-16,9.569e-16
VectorFFT,150,3.282e-16,4.467e-16,1.075e-15
MKL,150,2.589e-16,2.922e-16,6.244e-16
VectorFFT,151,5.330e-16,5.364e-16,1.236e-15
MKL,151,4.012e-16,3.252e-16,1.062e-15
VectorFFT,152,2.706e-16,2.393e-16,5.795e-16
MKL,152,2.479e-16,3.717e-16,5.724e-16
VectorFFT,153,4.860e-16,5.865e-16,8.793e-16
MKL,153,3.934e-16,4.778e-16,9.154e-16
VectorFFT,154,3.574e-16,5.811e-16,1.194e-15
MKL,154,2.141e-16,2.332e-16,6.049e-16
VectorFFT,155,3.804e-16,3.690e-16,7.870e-16
MKL,155,2.738e-16,2.365e-16,5.863e-16
VectorFFT,156,3.808e-16,4.904e-16,9.123e-16
MKL,156,2.139e-16,2.484e-16,5.517e-16
VectorFFT,157,6.860e-16,8.378e-16,1.920e-15
MKL,157,3.812e-16,4.020e-16,8.435e-16
VectorFFT,158,2.944e-16,2.869e-16,8.278e-16
MKL,158,2.506e-16,3.711e-16,6.072e-16
VectorFFT,159,2.894e-16,3.160e-16,9.662e-16
MKL,159,2.479e-16,3.181e-16,6.084e-16
VectorFFT,160,2.107e-16,2.187e-16,5.244e-16
MKL,160,1.899e-16,2.074e-16,5.414e-16
VectorFFT,161,3.634e-16,3.847e-16,1.028e-15
MKL,161,2.352e-16,2.103e-16,5.323e-16
VectorFFT,162,3.966e-16,3.944e-16,1.220e-15
MKL,162,2.207e-16,2.257e-16,6.730e-16
VectorFFT,163,7.656e-16,9.005e-16,1.898e-15
MKL,163,3.698e-16,4.018e-16,1.130e-15
VectorFFT,164,2.910e-16,2.692e-16,7.692e-16
MKL,164,2.220e-16,2.485e-16,4.994e-16
VectorFFT,165,3.260e-16,3.433e-16,7.956e-16
MKL,165,2.679e-16,2.553e-16,6.570e-16
VectorFFT,166,3.299e-16,3.446e-16,9.408e-16
MKL,166,2.766e-16,3.056e-16,6.665e-16
VectorFFT,167,3.832e-16,2.936e-16,1.427e-15
MKL,167,4.057e-16,3.208e-16,1.379e-15
VectorFFT,168,2.753e-16,3.302e-16,8.048e-16
MKL,168,2.334e-16,2.329e-16,6.247e-16
VectorFFT,169,4.360e-16,5.371e-16,1.020e-15
MKL,169,2.438e-16,3.306e-16,5.041e-16
VectorFFT,170,4.130e-16,4.380e-16,8.610e-16
MKL,170,2.255e-16,3.176e-16,5.713e-16
VectorFFT,171,3.821e-16,3.119e-16,6.959e-16
MKL,171,3.034e-16,2.328e-16,6.255e-16
VectorFFT,172,3.304e-16,4.263e-16,9.273e-16
MKL,172,2.078e-16,2.919e-16,5.602e-16
VectorFFT,173,3.049e-16,5.174e-16,7.433e-16
MKL,173,3.929e-16,4.233e-16,1.147e-15
VectorFFT,174,3.936e-16,4.084e-16,8.170e-16
MKL,174,2.329e-16,2.974e-16,5.235e-16
VectorFFT,175,2.683e-16,2.506e-16,7.357e-16
MKL,175,3.378e-16,3.679e-16,8.558e-16
VectorFFT,176,2.430e-16,2.367e-16,6.429e-16
MKL,176,1.846e-16,1.909e-16,5.791e-16
VectorFFT,177,3.588e-16,4.788e-16,1.265e-15
MKL,177,2.582e-16,3.343e-16,6.223e-16
VectorFFT,178,3.219e-16,2.802e-16,9.148e-16
MKL,178,2.518e-16,2.665e-16,7.526e-16
VectorFFT,179,3.133e-16,2.734e-16,9.474e-16
MKL,179,3.954e-16,3.972e-16,1.093e-15
VectorFFT,180,3.805e-16,4.814e-16,9.023e-16
MKL,180,2.102e-16,2.287e-16,6.034e-16
VectorFFT,181,5.727e-16,5.524e-16,1.759e-15
MKL,181,3.833e-16,3.808e-16,1.287e-15
VectorFFT,182,4.718e-16,7.276e-16,1.023e-15
MKL,182,2.189e-16,2.919e-16,6.455e-16
VectorFFT,183,3.289e-16,2.601e-16,9.782e-16
MKL,183,2.645e-16,2.037e-16,7.211e-16
VectorFFT,184,3.511e-16,4.350e-16,1.050e-15
MKL,184,2.075e-16,2.659e-16,8.114e-16
VectorFFT,185,3.387e-16,3.209e-16,8.521e-16
MKL,185,2.505e-16,2.808e-16,6.563e-16
VectorFFT,186,3.926e-16,4.012e-16,9.406e-16
MKL,186,2.210e-16,2.221e-16,5.804e-16
VectorFFT,187,5.179e-16,6.684e-16,1.218e-15
MKL,187,3.435e-16,4.958e-16,1.239e-15
VectorFFT,188,3.250e-16,3.929e-16,8.492e-16
MKL,188,2.326e-16,2.721e-16,5.520e-16
VectorFFT,189,3.406e-16,3.377e-16,9.726e-16
MKL,189,2.780e-16,3.678e-16,7.969e-16
VectorFFT,190,3.337e-16,4.248e-16,9.430e-16
MKL,190,2.572e-16,2.589e-16,6.024e-16
VectorFFT,191,6.015e-16,7.181e-16,2.182e-15
MKL,191,4.263e-16,5.221e-16,1.260e-15
VectorFFT,192,2.499e-16,3.205e-16,7.194e-16
MKL,192,1.830e-16,2.114e-16,5.603e-16
VectorFFT,193,5.022e-16,3.654e-16,1.734e-15
MKL,193,4.270e-16,3.052e-16,1.106e-15
VectorFFT,194,3.149e-16,2.644e-16,1.060e-15
MKL,194,2.778e-16,3.762e-16,7.867e-16
VectorFFT,195,4.099e-16,5.915e-16,1.135e-15
MKL,195,3.015e-16,3.387e-16,7.874e-16
VectorFFT,196,2.329e-16,2.228e-16,7.142e-16
MKL,196,2.187e-16,2.011e-16,7.599e-16
VectorFFT,197,4.121e-16,6.827e-16,1.158e-15
MKL,197,4.660e-16,6.073e-16,1.210e-15
VectorFFT,198,3.587e-16,4.143e-16,7.936e-16
MKL,198,2.356e-16,3.225e-16,5.714e-16
VectorFFT,199,5.831e-16,5.497e-16,1.436e-15
MKL,199,4.357e-16,3.682e-16,9.987e-16
VectorFFT,200,2.450e-16,2.823e-16,8.054e-16
MKL,200,2.154e-16,2.107e-16,6.638e-16
VectorFFT,201,3.922e-16,3.869e-16,1.203e-15
MKL,201,2.882e-16,4.271e-16,8.677e-16
VectorFFT,202,3.044e-16,3.331e-16,1.067e-15
MKL,202,2.816e-16,3.847e-16,1.023e-15
VectorFFT,203,3.523e-16,3.859e-16,6.392e-16
MKL,203,2.501e-16,2.291e-16,5.901e-16
VectorFFT,204,4.203e-16,5.945e-16,1.115e-15
MKL,204,2.275e-16,2.781e-16,7.485e-16
VectorFFT,205,3.180e-16,3.090e-16,7.532e-16
MKL,205,2.803e-16,2.472e-16,7.421e-16
VectorFFT,206,3.860e-16,2.860e-16,9.199e-16
MKL,206,2.979e-16,3.177e-16,7.176e-16
VectorFFT,207,4.459e-16,4.797e-16,1.376e-15
MKL,207,3.125e-16,3.169e-16,7.493e-16
VectorFFT,208,3.603e-16,4.274e-16,1.142e-15
MKL,208,2.063e-16,1.859e-16,5.066e-16
VectorFFT,209,3.674e-16,3.986e-16,9.419e-16
MKL,209,3.021e-16,3.066e-16,8.134e-16
VectorFFT,210,2.713e-16,3.379e-16,7.171e-16
MKL,210,2.040e-16,1.928e-16,6.382e-16
VectorFFT,211,6.012e-16,7.086e-16,1.299e-15
MKL,211,4.669e-16,4.996e-16,1.436e-15
VectorFFT,212,4.088e-16,4.962e-16,1.190e-15
MKL,212,2.300e-16,2.544e-16,5.382e-16
VectorFFT,213,3.889e-16,4.458e-16,1.160e-15
MKL,213,2.792e-16,3.918e-16,7.654e-16
VectorFFT,214,3.809e-16,3.113e-16,1.136e-15
MKL,214,3.086e-16,3.675e-16,9.895e-16
VectorFFT,215,3.906e-16,5.119e-16,1.066e-15
MKL,215,2.780e-16,2.959e-16,8.463e-16
VectorFFT,216,3.472e-16,4.269e-16,1.052e-15
MKL,216,1.933e-16,2.154e-16,5.036e-16
VectorFFT,217,3.671e-16,4.463e-16,1.015e-15
MKL,217,2.717e-16,2.443e-16,7.510e-16
VectorFFT,218,3.210e-16,3.957e-16,9.133e-16
MKL,218,2.862e-16,3.602e-16,7.768e-16
VectorFFT,219,3.833e-16,4.182e-16,9.505e-16
MKL,219,2.618e-16,3.028e-16,6.988e-16
VectorFFT,220,2.751e-16,2.359e-16,7.391e-16
MKL,220,2.250e-16,2.645e-16,7.178e-16
VectorFFT,221,5.150e-16,5.083e-16,1.059e-15
MKL,221,2.668e-16,2.409e-16,6.945e-16
VectorFFT,222,3.796e-16,4.121e-16,8.276e-16
MKL,222,2.374e-16,3.126e-16,5.847e-16
VectorFFT,223,3.855e-16,3.453e-16,1.008e-15
MKL,223,4.549e-16,4.578e-16,1.486e-15
VectorFFT,224,1.950e-16,2.547e-16,5.598e-16
MKL,224,1.850e-16,2.059e-16,5.999e-16
VectorFFT,225,3.819e-16,3.098e-16,7.708e-16
MKL,225,2.794e-16,2.372e-16,7.537e-16
VectorFFT,226,3.003e-16,3.174e-16,8.727e-16
MKL,226,2.831e-16,4.219e-16,8.021e-16
VectorFFT,227,3.825e-16,3.844e-16,1.518e-15
MKL,227,4.611e-16,5.120e-16,1.167e-15
VectorFFT,228,8.157e-16,1.423e-15,3.356e-15
MKL,228,2.285e-16,2.676e-16,6.552e-16
VectorFFT,229,6.486e-16,8.357e-16,1.637e-15
MKL,229,5.081e-16,6.764e-16,1.593e-15
VectorFFT,230,3.608e-16,4.063e-16,1.006e-15
MKL,230,2.451e-16,3.117e-16,8.318e-16
VectorFFT,231,3.107e-16,3.455e-16,9.928e-16
MKL,231,2.981e-16,3.127e-16,7.146e-16
VectorFFT,232,3.793e-16,5.452e-16,1.256e-15
MKL,232,2.104e-16,2.763e-16,6.228e-16
VectorFFT,233,3.560e-16,5.963e-16,8.121e-16
MKL,233,5.030e-16,5.607e-16,1.221e-15
VectorFFT,234,4.247e-16,4.615e-16,1.357e-15
MKL,234,2.291e-16,2.363e-16,5.806e-16
VectorFFT,235,3.724e-16,3.408e-16,9.244e-16
MKL,235,2.603e-16,2.365e-16,6.959e-16
VectorFFT,236,4.290e-16,4.343e-16,1.146e-15
MKL,236,2.523e-16,2.316e-16,6.584e-16
VectorFFT,237,4.162e-16,5.410e-16,1.217e-15
MKL,237,2.585e-16,2.041e-16,8.047e-16
VectorFFT,238,6.884e-16,7.017e-16,1.895e-15
MKL,238,2.223e-16,2.185e-16,5.866e-16
VectorFFT,239,4.243e-16,4.358e-16,1.290e-15
MKL,239,5.196e-16,4.835e-16,1.751e-15
VectorFFT,240,2.668e-16,2.994e-16,6.565e-16
MKL,240,2.159e-16,1.940e-16,5.388e-16
VectorFFT,241,4.815e-16,4.800e-16,1.475e-15
MKL,241,5.132e-16,4.928e-16,1.463e-15
VectorFFT,242,5.144e-16,5.840e-16,1.860e-15
MKL,242,2.048e-16,2.065e-16,5.362e-16
VectorFFT,243,4.673e-16,5.959e-16,1.007e-15
MKL,243,3.464e-16,4.549e-16,7.474e-16
VectorFFT,244,4.226e-16,4.311e-16,1.120e-15
MKL,244,2.457e-16,4.087e-16,6.129e-16
VectorFFT,245,2.739e-16,3.598e-16,7.542e-16
MKL,245,2.542e-16,3.106e-16,6.859e-16
VectorFFT,246,3.452e-16,3.340e-16,8.831e-16
MKL,246,2.550e-16,2.433e-16,7.702e-16
VectorFFT,247,4.375e-16,5.119e-16,1.091e-15
MKL,247,3.005e-16,2.848e-16,7.918e-16
VectorFFT,248,4.030e-16,4.222e-16,1.151e-15
MKL,248,2.169e-16,2.420e-16,6.536e-16
VectorFFT,249,4.581e-16,4.718e-16,1.148e-15
MKL,249,3.449e-16,4.218e-16,1.170e-15
VectorFFT,250,2.796e-16,3.686e-16,7.662e-16
MKL,250,2.660e-16,3.126e-16,6.225e-16
VectorFFT,251,4.975e-16,6.553e-16,1.502e-15
MKL,251,5.236e-16,6.550e-16,1.332e-15
VectorFFT,252,3.455e-16,4.800e-16,9.704e-16
MKL,252,2.202e-16,2.338e-16,5.462e-16
VectorFFT,253,3.830e-16,5.021e-16,1.001e-15
MKL,253,3.255e-16,3.663e-16,7.594e-16
VectorFFT,254,3.652e-16,3.148e-16,8.083e-16
MKL,254,2.984e-16,3.465e-16,7.711e-16
VectorFFT,255,4.584e-16,4.735e-16,1.060e-15
MKL,255,3.060e-16,3.070e-16,8.063e-16
VectorFFT,256,1.737e-16,1.689e-16,4.443e-16
MKL,256,1.737e-16,1.689e-16,5.554e-16
VectorFFT,257,3.583e-16,3.797e-16,1.258e-15
MKL,257,4.121e-16,4.673e-16,1.275e-15
VectorFFT,258,4.013e-16,4.528e-16,9.676e-16
MKL,258,2.528e-16,3.018e-16,5.883e-16
VectorFFT,259,3.413e-16,4.137e-16,9.360e-16
MKL,259,2.591e-16,2.667e-16,6.905e-16
VectorFFT,260,3.644e-16,5.013e-16,9.962e-16
MKL,260,2.279e-16,2.473e-16,5.582e-16
VectorFFT,261,4.101e-16,4.702e-16,8.681e-16
MKL,261,2.596e-16,2.832e-16,7.230e-16
VectorFFT,262,3.362e-16,3.323e-16,8.404e-16
MKL,262,2.760e-16,2.950e-16,1.012e-15
VectorFFT,263,3.488e-16,3.246e-16,8.985e-16
MKL,263,4.333e-16,4.432e-16,1.115e-15
VectorFFT,264,3.244e-16,3.501e-16,1.030e-15
MKL,264,2.012e-16,2.158e-16,5.045e-16
VectorFFT,265,3.704e-16,4.087e-16,1.318e-15
MKL,265,3.022e-16,2.998e-16,7.801e-16
VectorFFT,266,4.124e-16,9.464e-16,9.028e-16
MKL,266,2.337e-16,4.112e-16,6.241e-16
VectorFFT,267,3.418e-16,3.672e-16,1.120e-15
MKL,267,2.930e-16,3.562e-16,9.521e-16
VectorFFT,268,3.600e-16,3.763e-16,1.115e-15
MKL,268,2.360e-16,2.579e-16,6.580e-16
VectorFFT,269,2.845e-16,3.312e-16,6.848e-16
MKL,269,4.007e-16,3.718e-16,1.370e-15
VectorFFT,270,3.693e-16,2.786e-16,1.021e-15
MKL,270,2.281e-16,2.048e-16,6.596e-16
VectorFFT,271,6.917e-16,6.660e-16,1.697e-15
MKL,271,4.165e-16,3.230e-16,1.061e-15
VectorFFT,272,3.895e-16,3.307e-16,9.884e-16
MKL,272,2.019e-16,1.895e-16,4.874e-16
VectorFFT,273,4.039e-16,4.820e-16,9.537e-16
MKL,273,3.581e-16,4.077e-16,9.210e-16
VectorFFT,274,3.870e-16,4.347e-16,1.199e-15
MKL,274,3.097e-16,3.965e-16,8.027e-16
VectorFFT,275,2.906e-16,3.542e-16,9.132e-16
MKL,275,2.592e-16,2.844e-16,6.246e-16
VectorFFT,276,4.250e-16,5.752e-16,1.358e-15
MKL,276,2.169e-16,2.409e-16,8.710e-16
VectorFFT,277,7.551e-16,7.842e-16,2.003e-15
MKL,277,4.107e-16,3.916e-16,1.288e-15
VectorFFT,278,3.680e-16,4.433e-16,1.014e-15
MKL,278,3.314e-16,4.017e-16,7.654e-16
VectorFFT,279,4.448e-16,5.877e-16,9.927e-16
MKL,279,2.472e-16,3.440e-16,8.587e-16
VectorFFT,280,2.446e-16,3.164e-16,6.133e-16
MKL,280,2.203e-16,2.513e-16,6.147e-16
VectorFFT,281,4.287e-16,4.688e-16,1.225e-15
MKL,281,4.631e-16,4.545e-16,1.361e-15
VectorFFT,282,3.842e-16,3.735e-16,8.037e-16
MKL,282,2.437e-16,3.408e-16,6.484e-16
VectorFFT,283,2.997e-16,2.969e-16,6.992e-16
MKL,283,4.135e-16,3.859e-16,1.369e-15
VectorFFT,284,2.938e-16,3.049e-16,7.544e-16
MKL,284,2.502e-16,3.705e-16,7.257e-16
VectorFFT,285,3.818e-16,3.834e-16,8.687e-16
MKL,285,2.748e-16,2.458e-16,6.693e-16
VectorFFT,286,5.582e-16,8.605e-16,1.481e-15
MKL,286,2.263e-16,2.354e-16,6.255e-16
VectorFFT,287,3.202e-16,3.680e-16,8.001e-16
MKL,287,2.760e-16,3.084e-16,8.400e-16
VectorFFT,288,3.049e-16,3.836e-16,7.455e-16
MKL,288,2.077e-16,2.423e-16,5.444e-16
VectorFFT,289,5.316e-16,4.361e-16,1.073e-15
MKL,289,4.350e-16,3.732e-16,9.999e-16
VectorFFT,290,3.446e-16,3.447e-16,8.339e-16
MKL,290,2.431e-16,3.225e-16,6.534e-16
VectorFFT,291,3.767e-16,4.946e-16,1.070e-15
MKL,291,4.136e-16,5.109e-16,1.143e-15
VectorFFT,292,3.512e-16,3.171e-16,1.114e-15
MKL,292,2.519e-16,3.069e-16,7.519e-16
VectorFFT,293,2.726e-16,2.654e-16,7.898e-16
MKL,293,4.142e-16,4.904e-16,1.022e-15
VectorFFT,294,3.309e-16,3.483e-16,7.568e-16
MKL,294,2.441e-16,2.342e-16,6.516e-16
VectorFFT,295,3.633e-16,3.572e-16,9.258e-16
MKL,295,3.095e-16,3.901e-16,8.435e-16
VectorFFT,296,3.340e-16,3.036e-16,9.541e-16
MKL,296,2.272e-16,2.289e-16,5.471e-16
VectorFFT,297,4.004e-16,5.518e-16,1.014e-15
MKL,297,3.534e-16,3.615e-16,1.061e-15
VectorFFT,298,2.921e-16,2.747e-16,7.436e-16
MKL,298,3.424e-16,5.777e-16,9.644e-16
VectorFFT,299,4.744e-16,4.957e-16,1.174e-15
MKL,299,2.407e-16,2.124e-16,6.908e-16
VectorFFT,300,3.200e-16,3.891e-16,7.705e-16
MKL,300,2.578e-16,2.817e-16,6.415e-16
VectorFFT,301,4.132e-16,3.381e-16,1.108e-15
MKL,301,2.731e-16,1.952e-16,6.080e-16
VectorFFT,302,3.348e-16,2.812e-16,1.057e-15
MKL,302,3.896e-16,3.922e-16,9.779e-16
VectorFFT,303,3.515e-16,3.605e-16,9.845e-16
MKL,303,4.020e-16,4.831e-16,1.178e-15
VectorFFT,304,3.024e-16,3.168e-16,8.747e-16
MKL,304,2.065e-16,2.866e-16,6.750e-16
VectorFFT,305,3.492e-16,3.735e-16,1.052e-15
MKL,305,3.044e-16,3.987e-16,7.002e-16
VectorFFT,306,4.437e-16,4.181e-16,1.426e-15
MKL,306,2.713e-16,2.886e-16,8.021e-16
VectorFFT,307,8.203e-16,6.776e-16,1.952e-15
MKL,307,4.105e-16,3.208e-16,1.338e-15
VectorFFT,308,2.717e-16,3.064e-16,7.020e-16
MKL,308,2.150e-16,2.633e-16,5.617e-16
VectorFFT,309,3.135e-16,3.257e-16,1.040e-15
MKL,309,4.083e-16,4.343e-16,1.394e-15
VectorFFT,310,3.775e-16,6.028e-16,1.103e-15
MKL,310,2.501e-16,3.472e-16,7.175e-16
VectorFFT,311,6.645e-16,8.209e-16,1.696e-15
MKL,311,4.211e-16,4.157e-16,1.524e-15
VectorFFT,312,3.830e-16,5.441e-16,1.150e-15
MKL,312,2.259e-16,2.069e-16,6.524e-16
VectorFFT,313,7.073e-16,6.135e-16,1.616e-15
MKL,313,4.337e-16,3.648e-16,1.425e-15
VectorFFT,314,3.753e-16,3.527e-16,1.213e-15
MKL,314,4.096e-16,4.411e-16,1.082e-15
VectorFFT,315,3.556e-16,3.459e-16,1.033e-15
MKL,315,3.997e-16,4.617e-16,1.153e-15
VectorFFT,316,2.944e-16,2.415e-16,8.261e-16
MKL,316,2.316e-16,3.717e-16,5.968e-16
VectorFFT,317,2.906e-16,2.960e-16,8.194e-16
MKL,317,4.483e-16,4.276e-16,1.142e-15
VectorFFT,318,3.538e-16,3.539e-16,1.073e-15
MKL,318,2.458e-16,2.765e-16,6.529e-16
VectorFFT,319,3.596e-16,5.732e-16,7.916e-16
MKL,319,2.612e-16,2.823e-16,6.123e-16
VectorFFT,320,2.254e-16,2.542e-16,7.577e-16
MKL,320,1.984e-16,2.307e-16,5.422e-16
VectorFFT,321,3.401e-16,3.072e-16,1.121e-15
MKL,321,3.954e-16,3.479e-16,1.307e-15
VectorFFT,322,4.369e-16,4.330e-16,1.236e-15
MKL,322,2.286e-16,2.881e-16,5.746e-16
VectorFFT,323,4.318e-16,4.988e-16,9.510e-16
MKL,323,3.861e-16,5.333e-16,1.002e-15
VectorFFT,324,3.812e-16,3.232e-16,1.132e-15
MKL,324,2.407e-16,1.832e-16,6.608e-16
VectorFFT,325,4.068e-16,4.775e-16,1.039e-15
MKL,325,3.051e-16,3.736e-16,8.374e-16
VectorFFT,326,3.706e-16,3.479e-16,9.755e-16
MKL,326,4.072e-16,3.412e-16,1.258e-15
VectorFFT,327,3.632e-16,4.821e-16,1.225e-15
MKL,327,3.806e-16,4.767e-16,1.075e-15
VectorFFT,328,3.058e-16,3.156e-16,7.008e-16
MKL,328,2.381e-16,2.338e-16,7.145e-16
VectorFFT,329,3.618e-16,3.762e-16,9.961e-16
MKL,329,2.687e-16,2.770e-16,6.643e-16
VectorFFT,330,3.536e-16,3.450e-16,1.006e-15
MKL,330,2.347e-16,2.599e-16,7.130e-16
VectorFFT,331,5.920e-16,6.431e-16,1.996e-15
MKL,331,3.857e-16,4.468e-16,1.080e-15
VectorFFT,332,3.693e-16,3.841e-16,1.091e-15
MKL,332,2.825e-16,4.259e-16,9.360e-16
VectorFFT,333,4.008e-16,4.875e-16,8.929e-16
MKL,333,3.818e-16,5.866e-16,1.055e-15
VectorFFT,334,3.819e-16,5.088e-16,1.255e-15
MKL,334,4.080e-16,4.925e-16,1.247e-15
VectorFFT,335,3.817e-16,4.490e-16,1.057e-15
MKL,335,2.945e-16,3.857e-16,7.160e-16
VectorFFT,336,2.632e-16,3.404e-16,6.749e-16
MKL,336,2.223e-16,2.490e-16,6.749e-16
VectorFFT,337,4.826e-16,3.142e-16,1.310e-15
MKL,337,4.150e-16,2.531e-16,1.155e-15
VectorFFT,338,6.791e-16,8.781e-16,1.868e-15
MKL,338,2.493e-16,2.228e-16,6.382e-16
VectorFFT,339,3.927e-16,5.344e-16,1.011e-15
MKL,339,4.288e-16,4.479e-16,1.325e-15
VectorFFT,340,3.966e-16,4.831e-16,8.624e-16
MKL,340,2.315e-16,2.349e-16,7.398e-16
VectorFFT,341,4.686e-16,5.299e-16,1.051e-15
MKL,341,2.532e-16,3.093e-16,8.916e-16
VectorFFT,342,3.972e-16,4.049e-16,9.757e-16
MKL,342,2.616e-16,3.687e-16,8.288e-16
VectorFFT,343,2.632e-16,2.753e-16,6.321e-16
MKL,343,4.164e-16,3.606e-16,1.102e-15
VectorFFT,344,3.542e-16,3.800e-16,9.139e-16
MKL,344,2.199e-16,2.949e-16,6.699e-16
VectorFFT,345,4.012e-16,4.374e-16,1.098e-15
MKL,345,4.486e-16,4.650e-16,1.072e-15
VectorFFT,346,3.134e-16,3.080e-16,9.100e-16
MKL,346,4.228e-16,5.084e-16,1.307e-15
VectorFFT,347,3.759e-16,3.883e-16,1.153e-15
MKL,347,4.216e-16,4.052e-16,1.417e-15
VectorFFT,348,3.843e-16,4.245e-16,8.790e-16
MKL,348,2.212e-16,2.441e-16,7.418e-16
VectorFFT,349,7.216e-16,5.874e-16,1.962e-15
MKL,349,3.957e-16,3.338e-16,1.112e-15
VectorFFT,350,2.808e-16,3.196e-16,8.134e-16
MKL,350,2.854e-16,3.360e-16,7.250e-16
VectorFFT,351,4.428e-16,5.657e-16,1.102e-15
MKL,351,3.269e-16,4.234e-16,7.790e-16
VectorFFT,352,2.697e-16,3.377e-16,7.437e-16
MKL,352,2.027e-16,2.895e-16,7.011e-16
VectorFFT,353,4.709e-16,4.904e-16,1.382e-15
MKL,353,4.198e-16,6.436e-16,1.163e-15
VectorFFT,354,3.903e-16,4.315e-16,1.159e-15
MKL,354,2.514e-16,3.651e-16,8.943e-16
VectorFFT,355,3.551e-16,3.573e-16,1.080e-15
MKL,355,4.014e-16,3.534e-16,1.149e-15
VectorFFT,356,3.210e-16,4.082e-16,9.486e-16
MKL,356,2.679e-16,3.514e-16,9.986e-16
VectorFFT,357,4.217e-16,4.236e-16,1.107e-15
MKL,357,2.534e-16,2.334e-16,8.411e-16
VectorFFT,358,3.655e-16,3.914e-16,1.206e-15
MKL,358,3.873e-16,3.868e-16,1.319e-15
VectorFFT,359,3.832e-16,3.165e-16,1.145e-15
MKL,359,4.930e-16,6.592e-16,1.297e-15
VectorFFT,360,3.228e-16,3.161e-16,7.724e-16
MKL,360,2.292e-16,2.305e-16,6.997e-16
VectorFFT,361,3.835e-16,3.203e-16,8.936e-16
MKL,361,3.470e-16,3.450e-16,1.091e-15
VectorFFT,362,3.607e-16,3.178e-16,1.132e-15
MKL,362,3.991e-16,3.721e-16,1.030e-15
VectorFFT,363,3.365e-16,3.057e-16,1.084e-15
MKL,363,2.908e-16,4.235e-16,7.977e-16
VectorFFT,364,3.695e-16,5.513e-16,8.787e-16
MKL,364,2.371e-16,2.975e-16,7.324e-16
VectorFFT,365,3.678e-16,4.226e-16,1.066e-15
MKL,365,3.950e-16,4.922e-16,1.084e-15
VectorFFT,366,3.901e-16,3.983e-16,1.421e-15
MKL,366,2.482e-16,2.927e-16,6.877e-16
VectorFFT,367,3.269e-16,3.926e-16,9.106e-16
MKL,367,4.202e-16,4.653e-16,1.278e-15
VectorFFT,368,3.420e-16,3.699e-16,9.771e-16
MKL,368,2.152e-16,2.832e-16,5.251e-16
VectorFFT,369,3.760e-16,3.979e-16,8.566e-16
MKL,369,3.584e-16,3.828e-16,1.207e-15
VectorFFT,370,3.570e-16,2.998e-16,9.045e-16
MKL,370,2.516e-16,2.421e-16,8.064e-16
VectorFFT,371,3.217e-16,2.718e-16,8.885e-16
MKL,371,3.168e-16,2.845e-16,7.553e-16
VectorFFT,372,4.207e-16,4.917e-16,1.201e-15
MKL,372,2.245e-16,2.497e-16,7.718e-16
VectorFFT,373,3.699e-16,2.729e-16,1.216e-15
MKL,373,3.853e-16,3.130e-16,1.395e-15
VectorFFT,374,6.534e-16,7.464e-16,2.355e-15
MKL,374,2.764e-16,2.492e-16,7.032e-16
VectorFFT,375,3.372e-16,3.438e-16,1.074e-15
MKL,375,4.377e-16,5.713e-16,1.166e-15
VectorFFT,376,3.377e-16,4.487e-16,7.224e-16
MKL,376,2.362e-16,3.258e-16,5.747e-16
VectorFFT,377,4.601e-16,5.856e-16,1.163e-15
MKL,377,2.921e-16,3.000e-16,6.861e-16
VectorFFT,378,3.689e-16,3.665e-16,1.189e-15
MKL,378,2.494e-16,2.694e-16,7.116e-16
VectorFFT,379,7.482e-16,6.719e-16,2.260e-15
MKL,379,4.685e-16,4.776e-16,1.239e-15
VectorFFT,380,3.251e-16,3.338e-16,1.008e-15
MKL,380,2.520e-16,2.568e-16,6.615e-16
VectorFFT,381,3.837e-16,4.252e-16,1.071e-15
MKL,381,4.241e-16,4.821e-16,1.265e-15
VectorFFT,382,3.716e-16,3.810e-16,1.093e-15
MKL,382,4.121e-16,4.447e-16,1.369e-15
VectorFFT,383,4.017e-16,4.099e-16,1.100e-15
MKL,383,4.354e-16,5.129e-16,1.301e-15
VectorFFT,384,2.800e-16,3.401e-16,7.881e-16
MKL,384,2.102e-16,2.434e-16,5.569e-16
VectorFFT,385,2.964e-16,3.242e-16,1.015e-15
MKL,385,2.738e-16,2.975e-16,7.125e-16
VectorFFT,386,3.918e-16,4.662e-16,1.248e-15
MKL,386,4.440e-16,4.396e-16,1.217e-15
VectorFFT,387,4.225e-16,5.321e-16,1.105e-15
MKL,387,3.352e-16,3.911e-16,9.769e-16
VectorFFT,388,3.286e-16,4.379e-16,9.321e-16
MKL,388,2.865e-16,3.383e-16,8.268e-16
VectorFFT,389,3.816e-16,3.302e-16,1.243e-15
MKL,389,4.696e-16,4.810e-16,1.491e-15
VectorFFT,390,4.225e-16,5.275e-16,1.056e-15
MKL,390,2.683e-16,3.384e-16,7.190e-16
VectorFFT,391,4.900e-16,6.598e-16,1.174e-15
MKL,391,2.482e-16,2.225e-16,7.399e-16
VectorFFT,392,2.460e-16,2.415e-16,8.398e-16
MKL,392,2.258e-16,2.732e-16,7.047e-16
VectorFFT,393,3.300e-16,2.562e-16,8.437e-16
MKL,393,5.078e-16,4.103e-16,1.889e-15
VectorFFT,394,3.634e-16,3.351e-16,1.180e-15
MKL,394,4.266e-16,4.667e-16,1.186e-15
VectorFFT,395,3.712e-16,3.416e-16,1.106e-15
MKL,395,3.039e-16,2.627e-16,8.161e-16
VectorFFT,396,3.961e-16,4.762e-16,1.039e-15
MKL,396,2.257e-16,2.943e-16,6.028e-16
VectorFFT,397,6.272e-16,6.691e-16,1.589e-15
MKL,397,4.706e-16,4.834e-16,1.503e-15
VectorFFT,398,3.789e-16,3.516e-16,1.031e-15
MKL,398,4.585e-16,4.129e-16,1.246e-15
VectorFFT,399,3.745e-16,2.622e-16,1.030e-15
MKL,399,2.968e-16,2.307e-16,9.068e-16
VectorFFT,400,2.858e-16,2.860e-16,8.685e-16
MKL,400,2.522e-16,2.860e-16,6.817e-16
VectorFFT,401,4.760e-16,5.062e-16,1.241e-15
MKL,401,4.637e-16,4.378e-16,1.348e-15
VectorFFT,402,3.947e-16,4.486e-16,1.195e-15
MKL,402,2.623e-16,3.199e-16,7.678e-16
VectorFFT,403,4.589e-16,5.119e-16,1.271e-15
MKL,403,2.489e-16,2.282e-16,7.038e-16
VectorFFT,404,3.889e-16,4.404e-16,1.517e-15
MKL,404,2.657e-16,3.218e-16,7.391e-16
VectorFFT,405,3.830e-16,4.147e-16,1.128e-15
MKL,405,3.403e-16,4.034e-16,8.311e-16
VectorFFT,406,3.894e-16,5.464e-16,1.202e-15
MKL,406,2.342e-16,2.662e-16,7.489e-16
VectorFFT,407,3.612e-16,4.210e-16,9.181e-16
MKL,407,2.585e-16,3.584e-16,6.437e-16
VectorFFT,408,4.060e-16,5.234e-16,1.071e-15
MKL,408,2.341e-16,2.317e-16,5.480e-16
VectorFFT,409,7.547e-16,8.306e-16,2.025e-15
MKL,409,4.541e-16,5.245e-16,1.590e-15
VectorFFT,410,3.257e-16,3.526e-16,7.858e-16
MKL,410,2.622e-16,2.970e-16,7.938e-16
VectorFFT,411,4.164e-16,4.161e-16,1.635e-15
MKL,411,5.101e-16,6.557e-16,1.489e-15
VectorFFT,412,3.490e-16,2.948e-16,9.993e-16
MKL,412,2.891e-16,2.666e-16,9.014e-16
VectorFFT,413,3.534e-16,5.090e-16,9.387e-16
MKL,413,2.749e-16,2.938e-16,7.642e-16
VectorFFT,414,4.382e-16,5.497e-16,1.367e-15
MKL,414,2.453e-16,2.739e-16,6.982e-16
VectorFFT,415,4.293e-16,4.514e-16,1.366e-15
MKL,415,3.077e-16,3.756e-16,8.182e-16
VectorFFT,416,3.379e-16,3.921e-16,9.353e-16
MKL,416,2.145e-16,2.254e-16,7.207e-16
VectorFFT,417,4.132e-16,4.463e-16,1.177e-15
MKL,417,4.797e-16,5.663e-16,1.484e-15
VectorFFT,418,5.914e-16,1.206e-15,1.824e-15
MKL,418,2.553e-16,3.022e-16,8.291e-16
VectorFFT,419,3.834e-16,3.764e-16,1.651e-15
MKL,419,4.894e-16,5.878e-16,1.438e-15
VectorFFT,420,3.322e-16,3.101e-16,8.931e-16
MKL,420,2.431e-16,2.571e-16,6.508e-16
VectorFFT,421,6.064e-16,6.340e-16,1.578e-15
MKL,421,4.776e-16,5.096e-16,1.721e-15
VectorFFT,422,3.618e-16,3.874e-16,1.084e-15
MKL,422,4.775e-16,5.462e-16,1.344e-15
VectorFFT,423,4.421e-16,4.294e-16,1.241e-15
MKL,423,3.171e-16,3.265e-16,1.000e-15
VectorFFT,424,3.758e-16,3.937e-16,1.070e-15
MKL,424,2.581e-16,3.357e-16,6.455e-16
VectorFFT,425,4.473e-16,6.380e-16,1.179e-15
MKL,425,2.791e-16,2.935e-16,9.884e-16
VectorFFT,426,3.888e-16,5.531e-16,9.844e-16
MKL,426,2.665e-16,4.271e-16,7.815e-16
VectorFFT,427,3.850e-16,3.842e-16,1.161e-15
MKL,427,2.930e-16,3.186e-16,8.270e-16
VectorFFT,428,4.147e-16,4.589e-16,1.326e-15
MKL,428,2.905e-16,3.035e-16,7.781e-16
VectorFFT,429,4.234e-16,3.757e-16,1.201e-15
MKL,429,2.625e-16,3.094e-16,7.428e-16
VectorFFT,430,3.611e-16,3.791e-16,1.070e-15
MKL,430,2.454e-16,2.897e-16,6.833e-16
VectorFFT,431,3.887e-16,3.389e-16,9.256e-16
MKL,431,4.743e-16,3.473e-16,1.820e-15
VectorFFT,432,3.725e-16,5.144e-16,1.085e-15
MKL,432,2.176e-16,2.800e-16,6.701e-16
VectorFFT,433,6.423e-16,7.129e-16,2.049e-15
MKL,433,4.750e-16,5.613e-16,1.586e-15
VectorFFT,434,4.635e-16,7.333e-16,1.794e-15
MKL,434,2.592e-16,3.064e-16,7.743e-16
VectorFFT,435,3.959e-16,4.710e-16,9.884e-16
MKL,435,3.742e-16,4.364e-16,1.008e-15
VectorFFT,436,4.237e-16,4.097e-16,1.294e-15
MKL,436,2.923e-16,4.602e-16,1.081e-15
VectorFFT,437,4.021e-16,4.719e-16,1.399e-15
MKL,437,2.711e-16,3.325e-16,7.152e-16
VectorFFT,438,3.895e-16,3.500e-16,1.261e-15
MKL,438,2.557e-16,3.033e-16,7.418e-16
VectorFFT,439,3.960e-16,4.428e-16,1.153e-15
MKL,439,4.857e-16,4.250e-16,1.471e-15
VectorFFT,440,2.973e-16,2.435e-16,9.238e-16
MKL,440,2.333e-16,1.841e-16,6.321e-16
VectorFFT,441,3.587e-16,3.568e-16,9.837e-16
MKL,441,3.069e-16,3.127e-16,7.888e-16
VectorFFT,442,7.166e-16,1.384e-15,2.284e-15
MKL,442,2.639e-16,3.178e-16,7.916e-16
VectorFFT,443,3.820e-16,4.138e-16,1.226e-15
MKL,443,4.919e-16,5.439e-16,1.543e-15
VectorFFT,444,3.956e-16,6.550e-16,9.480e-16
MKL,444,2.351e-16,2.828e-16,6.884e-16
VectorFFT,445,3.599e-16,3.634e-16,1.002e-15
MKL,445,3.367e-16,3.284e-16,8.107e-16
VectorFFT,446,3.980e-16,4.729e-16,1.053e-15
MKL,446,4.926e-16,5.865e-16,1.530e-15
VectorFFT,447,3.826e-16,4.667e-16,1.165e-15
MKL,447,4.878e-16,6.982e-16,1.612e-15
VectorFFT,448,2.218e-16,3.338e-16,6.986e-16
MKL,448,2.046e-16,3.093e-16,5.255e-16
VectorFFT,449,4.351e-16,4.538e-16,1.252e-15
MKL,449,4.939e-16,5.019e-16,1.495e-15
VectorFFT,450,3.662e-16,4.170e-16,9.611e-16
MKL,450,2.551e-16,3.040e-16,8.161e-16
VectorFFT,451,3.585e-16,3.369e-16,1.235e-15
MKL,451,3.056e-16,2.617e-16,9.624e-16
VectorFFT,452,3.996e-16,4.167e-16,1.210e-15
MKL,452,2.957e-16,3.345e-16,7.742e-16
VectorFFT,453,4.105e-16,4.242e-16,1.189e-15
MKL,453,4.958e-16,7.917e-16,1.541e-15
VectorFFT,454,3.938e-16,3.999e-16,1.554e-15
MKL,454,4.569e-16,5.571e-16,1.404e-15
VectorFFT,455,4.055e-16,6.526e-16,1.025e-15
MKL,455,2.760e-16,3.129e-16,7.299e-16
VectorFFT,456,3.252e-16,3.703e-16,9.765e-16
MKL,456,2.296e-16,2.806e-16,8.039e-16
VectorFFT,457,6.259e-16,5.600e-16,1.873e-15
MKL,457,4.859e-16,5.998e-16,1.473e-15
VectorFFT,458,3.961e-16,4.130e-16,1.060e-15
MKL,458,4.825e-16,4.687e-16,1.354e-15
VectorFFT,459,5.060e-16,5.780e-16,1.410e-15
MKL,459,2.680e-16,3.354e-16,9.014e-16
VectorFFT,460,3.923e-16,4.619e-16,1.179e-15
MKL,460,2.126e-16,2.189e-16,6.304e-16
VectorFFT,461,4.057e-16,4.721e-16,1.213e-15
MKL,461,4.957e-16,6.653e-16,1.478e-15
VectorFFT,462,3.455e-16,3.501e-16,9.954e-16
MKL,462,2.546e-16,2.731e-16,7.908e-16
VectorFFT,463,6.309e-16,4.341e-16,1.700e-15
MKL,463,5.106e-16,4.740e-16,1.356e-15
VectorFFT,464,3.280e-16,3.854e-16,8.593e-16
MKL,464,2.273e-16,4.043e-16,6.643e-16
VectorFFT,465,4.322e-16,5.598e-16,1.356e-15
MKL,465,2.798e-16,4.759e-16,8.088e-16
VectorFFT,466,3.953e-16,5.008e-16,1.364e-15
MKL,466,4.893e-16,5.654e-16,1.813e-15
VectorFFT,467,3.746e-16,3.674e-16,1.476e-15
MKL,467,5.218e-16,3.839e-16,1.522e-15
VectorFFT,468,4.455e-16,4.653e-16,1.133e-15
MKL,468,2.294e-16,2.282e-16,6.493e-16
VectorFFT,469,3.750e-16,4.476e-16,1.234e-15
MKL,469,2.813e-16,3.033e-16,8.074e-16
VectorFFT,470,3.750e-16,4.074e-16,9.056e-16
MKL,470,2.659e-16,2.796e-16,8.083e-16
VectorFFT,471,4.081e-16,3.952e-16,1.491e-15
MKL,471,4.807e-16,5.493e-16,1.320e-15
VectorFFT,472,4.078e-16,4.462e-16,1.261e-15
MKL,472,2.578e-16,3.252e-16,6.610e-16
VectorFFT,473,3.866e-16,3.901e-16,9.495e-16
MKL,473,3.559e-16,3.543e-16,1.040e-15
VectorFFT,474,3.645e-16,4.811e-16,9.761e-16
MKL,474,2.569e-16,4.180e-16,7.967e-16
VectorFFT,475,3.658e-16,3.853e-16,9.647e-16
MKL,475,2.949e-16,3.436e-16,8.594e-16
VectorFFT,476,4.076e-16,4.739e-16,1.032e-15
MKL,476,2.321e-16,2.302e-16,6.445e-16
VectorFFT,477,4.138e-16,3.722e-16,1.288e-15
MKL,477,2.762e-16,2.504e-16,7.329e-16
VectorFFT,478,3.968e-16,3.973e-16,1.016e-15
MKL,478,4.914e-16,6.288e-16,1.498e-15
VectorFFT,479,3.902e-16,3.971e-16,1.050e-15
MKL,479,4.964e-16,5.831e-16,1.478e-15
VectorFFT,480,2.980e-16,2.883e-16,8.116e-16
MKL,480,2.423e-16,2.413e-16,6.026e-16
VectorFFT,481,4.429e-16,5.411e-16,1.388e-15
MKL,481,2.654e-16,3.355e-16,7.652e-16
VectorFFT,482,4.217e-16,4.594e-16,1.243e-15
MKL,482,4.602e-16,4.848e-16,1.393e-15
VectorFFT,483,4.165e-16,4.451e-16,1.059e-15
MKL,483,3.607e-16,4.335e-16,1.010e-15
VectorFFT,484,3.139e-16,3.347e-16,8.827e-16
MKL,484,2.281e-16,1.981e-16,6.415e-16
VectorFFT,485,4.098e-16,3.234e-16,1.292e-15
MKL,485,5.214e-16,4.120e-16,1.710e-15
VectorFFT,486,4.407e-16,6.405e-16,1.220e-15
MKL,486,2.702e-16,3.019e-16,6.945e-16
VectorFFT,487,3.661e-16,4.208e-16,1.053e-15
MKL,487,5.177e-16,5.296e-16,1.469e-15
VectorFFT,488,4.306e-16,4.673e-16,1.388e-15
MKL,488,2.600e-16,3.104e-16,7.729e-16
VectorFFT,489,3.711e-16,3.911e-16,9.683e-16
MKL,489,5.158e-16,5.568e-16,1.375e-15
VectorFFT,490,2.735e-16,3.673e-16,7.251e-16
MKL,490,2.545e-16,2.663e-16,7.992e-16
VectorFFT,491,4.920e-16,4.876e-16,1.245e-15
MKL,491,5.093e-16,5.831e-16,1.503e-15
VectorFFT,492,3.870e-16,3.703e-16,8.890e-16
MKL,492,2.391e-16,3.547e-16,7.198e-16
VectorFFT,493,4.748e-16,5.117e-16,1.232e-15
MKL,493,2.768e-16,2.954e-16,7.641e-16
VectorFFT,494,7.324e-16,8.851e-16,2.529e-15
MKL,494,2.778e-16,2.538e-16,7.829e-16
VectorFFT,495,4.250e-16,5.342e-16,1.159e-15
MKL,495,3.268e-16,3.486e-16,1.075e-15
VectorFFT,496,4.829e-16,5.366e-16,1.541e-15
MKL,496,2.130e-16,2.586e-16,5.651e-16
VectorFFT,497,4.036e-16,3.749e-16,1.127e-15
MKL,497,2.932e-16,2.761e-16,9.287e-16
VectorFFT,498,3.628e-16,4.025e-16,9.377e-16
MKL,498,2.815e-16,3.774e-16,8.160e-16
VectorFFT,499,4.145e-16,4.540e-16,1.172e-15
MKL,499,5.030e-16,5.216e-16,1.552e-15
VectorFFT,500,2.851e-16,3.120e-16,8.230e-16
MKL,500,2.462e-16,2.561e-16,6.614e-16
VectorFFT,501,4.076e-16,3.928e-16,1.157e-15
MKL,501,5.188e-16,6.297e-16,1.701e-15
VectorFFT,502,3.690e-16,4.579e-16,1.133e-15
MKL,502,4.860e-16,5.645e-16,1.391e-15
VectorFFT,503,4.082e-16,4.358e-16,1.046e-15
MKL,503,5.004e-16,6.298e-16,1.507e-15
VectorFFT,504,3.891e-16,4.034e-16,9.919e-16
MKL,504,2.188e-16,2.254e-16,6.597e-16
VectorFFT,505,4.147e-16,3.883e-16,1.448e-15
MKL,505,4.979e-16,4.864e-16,1.446e-15
VectorFFT,506,7.787e-16,9.652e-16,2.965e-15
MKL,506,2.583e-16,2.546e-16,7.926e-16
VectorFFT,507,4.716e-16,5.346e-16,1.612e-15
MKL,507,2.690e-16,3.076e-16,6.567e-16
VectorFFT,508,4.041e-16,4.295e-16,1.102e-15
MKL,508,3.059e-16,4.063e-16,8.327e-16
VectorFFT,509,3.734e-16,3.651e-16,1.026e-15
MKL,509,4.810e-16,6.180e-16,1.465e-15
VectorFFT,510,4.323e-16,5.148e-16,1.249e-15
MKL,510,2.558e-16,2.881e-16,6.911e-16
VectorFFT,511,4.201e-16,5.217e-16,1.057e-15
MKL,511,3.203e-16,3.101e-16,8.345e-16
VectorFFT,512,1.877e-16,1.879e-16,7.772e-16
MKL,512,1.821e-16,1.904e-16,5.551e-16
VectorFFT,513,4.328e-16,3.621e-16,1.468e-15
MKL,513,3.073e-16,3.334e-16,9.183e-16
VectorFFT,514,3.125e-16,4.515e-16,8.735e-16
MKL,514,4.015e-16,4.222e-16,1.191e-15
VectorFFT,515,3.088e-16,3.150e-16,1.022e-15
MKL,515,4.281e-16,4.168e-16,1.293e-15
VectorFFT,516,4.002e-16,4.469e-16,1.287e-15
MKL,516,2.514e-16,3.290e-16,7.552e-16
VectorFFT,517,4.534e-16,5.223e-16,1.430e-15
MKL,517,3.419e-16,3.325e-16,1.183e-15
VectorFFT,518,3.968e-16,4.001e-16,1.154e-15
MKL,518,2.416e-16,3.262e-16,7.766e-16
VectorFFT,519,3.125e-16,3.602e-16,8.123e-16
MKL,519,4.450e-16,5.638e-16,1.273e-15
VectorFFT,520,3.842e-16,5.948e-16,9.748e-16
MKL,520,2.483e-16,3.159e-16,6.884e-16
VectorFFT,521,6.542e-16,7.571e-16,1.879e-15
MKL,521,4.125e-16,4.952e-16,1.397e-15
VectorFFT,522,4.081e-16,4.762e-16,1.083e-15
MKL,522,2.525e-16,2.765e-16,7.840e-16
VectorFFT,523,7.774e-16,7.444e-16,2.337e-15
MKL,523,4.310e-16,4.326e-16,1.313e-15
VectorFFT,524,3.061e-16,3.020e-16,8.336e-16
MKL,524,3.041e-16,3.639e-16,9.838e-16
VectorFFT,525,3.424e-16,4.121e-16,9.816e-16
MKL,525,2.845e-16,3.781e-16,7.942e-16
VectorFFT,526,3.009e-16,3.313e-16,8.769e-16
MKL,526,4.251e-16,3.856e-16,1.292e-15
VectorFFT,527,4.812e-16,5.409e-16,1.356e-15
MKL,527,2.649e-16,3.035e-16,7.271e-16
VectorFFT,528,3.137e-16,3.543e-16,1.058e-15
MKL,528,2.293e-16,2.541e-16,5.855e-16
VectorFFT,529,4.553e-16,6.410e-16,1.230e-15
MKL,529,3.404e-16,3.625e-16,9.610e-16
VectorFFT,530,3.096e-16,2.886e-16,1.085e-15
MKL,530,2.730e-16,3.197e-16,8.355e-16
VectorFFT,531,3.130e-16,3.182e-16,9.172e-16
MKL,531,2.915e-16,3.927e-16,7.836e-16
VectorFFT,532,3.445e-16,2.963e-16,9.055e-16
MKL,532,2.500e-16,2.513e-16,7.556e-16
VectorFFT,533,4.476e-16,4.899e-16,1.121e-15
MKL,533,2.812e-16,2.594e-16,8.976e-16
VectorFFT,534,2.882e-16,3.802e-16,8.888e-16
MKL,534,2.911e-16,3.826e-16,9.053e-16
VectorFFT,535,3.029e-16,3.108e-16,9.520e-16
MKL,535,4.514e-16,4.883e-16,1.656e-15
VectorFFT,536,3.049e-16,3.139e-16,8.376e-16
MKL,536,2.697e-16,2.795e-16,7.394e-16
VectorFFT,537,3.051e-16,3.406e-16,8.055e-16
MKL,537,4.693e-16,5.837e-16,1.565e-15
VectorFFT,538,3.673e-16,4.716e-16,1.088e-15
MKL,538,4.386e-16,5.246e-16,1.237e-15
VectorFFT,539,4.136e-16,4.920e-16,1.224e-15
MKL,539,2.726e-16,2.626e-16,6.425e-16
VectorFFT,540,3.914e-16,4.171e-16,1.247e-15
MKL,540,2.349e-16,2.742e-16,6.202e-16
VectorFFT,541,6.410e-16,5.007e-16,1.588e-15
MKL,541,4.398e-16,3.196e-16,1.250e-15
VectorFFT,542,3.182e-16,2.887e-16,8.786e-16
MKL,542,4.259e-16,3.695e-16,1.256e-15
VectorFFT,543,2.968e-16,2.374e-16,8.883e-16
MKL,543,4.368e-16,3.781e-16,1.192e-15
VectorFFT,544,3.831e-16,4.197e-16,8.602e-16
MKL,544,2.110e-16,2.335e-16,6.521e-16
VectorFFT,545,3.014e-16,2.588e-16,8.642e-16
MKL,545,4.192e-16,3.268e-16,1.358e-15
VectorFFT,546,4.019e-16,4.969e-16,1.122e-15
MKL,546,2.714e-16,2.895e-16,9.463e-16
VectorFFT,547,7.557e-16,1.097e-15,2.602e-15
MKL,547,4.633e-16,5.662e-16,1.332e-15
VectorFFT,548,3.091e-16,2.737e-16,7.825e-16
MKL,548,3.133e-16,3.737e-16,9.511e-16
VectorFFT,549,3.741e-16,3.150e-16,1.200e-15
MKL,549,3.640e-16,3.619e-16,1.014e-15
VectorFFT,550,3.057e-16,2.867e-16,9.495e-16
MKL,550,2.545e-16,2.739e-16,6.996e-16
VectorFFT,551,4.098e-16,3.940e-16,1.064e-15
MKL,551,2.856e-16,2.517e-16,7.618e-16
VectorFFT,552,5.096e-16,6.293e-16,1.662e-15
MKL,552,2.242e-16,2.510e-16,6.638e-16
VectorFFT,553,3.682e-16,4.311e-16,1.174e-15
MKL,553,3.946e-16,3.845e-16,1.322e-15
VectorFFT,554,3.093e-16,3.380e-16,1.079e-15
MKL,554,4.343e-16,4.376e-16,1.357e-15
VectorFFT,555,3.887e-16,5.239e-16,9.916e-16
MKL,555,2.966e-16,3.526e-16,7.533e-16
VectorFFT,556,3.092e-16,3.244e-16,9.295e-16
MKL,556,3.088e-16,3.905e-16,1.163e-15
VectorFFT,557,3.110e-16,3.447e-16,8.316e-16
MKL,557,4.247e-16,4.707e-16,1.251e-15
VectorFFT,558,4.459e-16,5.114e-16,1.319e-15
MKL,558,2.497e-16,3.350e-16,8.375e-16
VectorFFT,559,4.645e-16,3.879e-16,1.135e-15
MKL,559,2.587e-16,2.141e-16,7.562e-16
VectorFFT,560,2.556e-16,3.017e-16,7.075e-16
MKL,560,2.341e-16,2.251e-16,7.198e-16
VectorFFT,561,7.122e-16,9.299e-16,2.205e-15
MKL,561,4.125e-16,5.572e-16,1.277e-15
VectorFFT,562,3.066e-16,3.360e-16,8.981e-16
MKL,562,4.302e-16,4.282e-16,1.327e-15
VectorFFT,563,3.882e-16,2.968e-16,1.208e-15
MKL,563,4.482e-16,3.670e-16,1.535e-15
VectorFFT,564,4.131e-16,3.716e-16,1.131e-15
MKL,564,2.564e-16,3.200e-16,6.556e-16
VectorFFT,565,3.087e-16,2.439e-16,8.753e-16
MKL,565,4.620e-16,4.182e-16,1.493e-15
VectorFFT,566,3.736e-16,3.618e-16,1.290e-15
MKL,566,4.432e-16,4.024e-16,1.465e-15
VectorFFT,567,4.250e-16,5.427e-16,1.579e-15
MKL,567,4.365e-16,5.818e-16,1.092e-15
VectorFFT,568,3.225e-16,2.844e-16,1.043e-15
MKL,568,2.588e-16,3.575e-16,8.888e-16
VectorFFT,569,3.172e-16,2.822e-16,1.001e-15
MKL,569,4.594e-16,4.949e-16,1.384e-15
VectorFFT,570,4.053e-16,4.990e-16,1.011e-15
MKL,570,2.627e-16,3.122e-16,8.138e-16
VectorFFT,571,6.364e-16,5.123e-16,1.940e-15
MKL,571,4.468e-16,3.582e-16,1.312e-15
VectorFFT,572,4.025e-16,5.160e-16,1.002e-15
MKL,572,2.345e-16,2.542e-16,6.219e-16
VectorFFT,573,3.854e-16,4.334e-16,1.247e-15
MKL,573,4.550e-16,4.159e-16,1.371e-15
VectorFFT,574,1.391e-15,2.879e-15,5.476e-15
MKL,574,2.614e-16,2.894e-16,8.144e-16
VectorFFT,575,3.932e-16,4.299e-16,1.074e-15
MKL,575,2.868e-16,3.224e-16,1.041e-15
VectorFFT,576,3.248e-16,3.706e-16,7.937e-16
MKL,576,2.077e-16,2.701e-16,5.951e-16
VectorFFT,577,5.872e-16,6.123e-16,1.503e-15
MKL,577,4.160e-16,4.268e-16,1.211e-15
VectorFFT,578,7.114e-16,1.076e-15,2.136e-15
MKL,578,3.195e-16,3.256e-16,9.174e-16
VectorFFT,579,3.245e-16,2.992e-16,9.092e-16
MKL,579,4.560e-16,4.269e-16,1.357e-15
VectorFFT,580,3.574e-16,3.647e-16,8.269e-16
MKL,580,2.492e-16,2.362e-16,8.371e-16
VectorFFT,581,3.112e-16,2.965e-16,7.917e-16
MKL,581,3.051e-16,2.698e-16,8.129e-16
VectorFFT,582,3.152e-16,3.573e-16,9.729e-16
MKL,582,2.957e-16,3.784e-16,9.562e-16
VectorFFT,583,4.068e-16,5.846e-16,1.365e-15
MKL,583,2.777e-16,3.269e-16,9.155e-16
VectorFFT,584,3.210e-16,3.915e-16,1.029e-15
MKL,584,2.538e-16,3.047e-16,8.066e-16
VectorFFT,585,4.363e-16,6.319e-16,1.228e-15
MKL,585,3.135e-16,3.152e-16,8.491e-16
VectorFFT,586,3.198e-16,3.844e-16,9.712e-16
MKL,586,4.163e-16,4.044e-16,1.123e-15
VectorFFT,587,4.022e-16,4.418e-16,1.306e-15
MKL,587,4.117e-16,3.772e-16,1.079e-15
VectorFFT,588,2.816e-16,3.119e-16,8.710e-16
MKL,588,2.343e-16,2.721e-16,7.061e-16
VectorFFT,589,4.253e-16,5.015e-16,1.393e-15
MKL,589,2.832e-16,3.288e-16,7.464e-16
VectorFFT,590,4.158e-16,4.816e-16,1.273e-15
MKL,590,2.907e-16,3.434e-16,8.746e-16
VectorFFT,591,3.927e-16,4.487e-16,1.220e-15
MKL,591,4.612e-16,5.322e-16,1.234e-15
VectorFFT,592,3.171e-16,3.505e-16,9.658e-16
MKL,592,2.279e-16,2.848e-16,6.096e-16
VectorFFT,593,5.827e-16,6.352e-16,1.583e-15
MKL,593,4.460e-16,4.497e-16,1.196e-15
VectorFFT,594,4.356e-16,4.782e-16,1.111e-15
MKL,594,2.657e-16,2.669e-16,9.726e-16
VectorFFT,595,4.209e-16,5.423e-16,1.111e-15
MKL,595,4.284e-16,5.216e-16,1.137e-15
VectorFFT,596,3.245e-16,3.259e-16,9.257e-16
MKL,596,3.242e-16,3.656e-16,8.489e-16
VectorFFT,597,4.009e-16,4.113e-16,1.155e-15
MKL,597,4.181e-16,4.786e-16,1.398e-15
VectorFFT,598,6.253e-16,7.725e-16,1.847e-15
MKL,598,2.534e-16,2.496e-16,7.368e-16
VectorFFT,599,3.967e-16,5.056e-16,1.280e-15
MKL,599,4.362e-16,4.938e-16,1.350e-15
VectorFFT,600,3.573e-16,5.050e-16,9.891e-16
MKL,600,2.478e-16,2.816e-16,6.648e-16
VectorFFT,601,6.543e-16,6.716e-16,1.668e-15
MKL,601,4.258e-16,3.895e-16,1.303e-15
VectorFFT,602,4.214e-16,3.547e-16,1.266e-15
MKL,602,2.597e-16,2.508e-16,7.298e-16
VectorFFT,603,3.104e-16,2.806e-16,8.474e-16
MKL,603,2.863e-16,3.798e-16,8.448e-16
VectorFFT,604,3.218e-16,3.655e-16,1.150e-15
MKL,604,4.406e-16,4.634e-16,1.545e-15
VectorFFT,605,3.912e-16,5.744e-16,1.293e-15
MKL,605,3.790e-16,4.472e-16,1.087e-15
VectorFFT,606,3.143e-16,2.536e-16,1.027e-15
MKL,606,2.956e-16,2.882e-16,8.037e-16
VectorFFT,607,4.054e-16,4.630e-16,1.297e-15
MKL,607,4.241e-16,4.177e-16,1.269e-15
VectorFFT,608,2.986e-16,2.204e-16,9.489e-16
MKL,608,2.147e-16,3.188e-16,7.526e-16
VectorFFT,609,3.950e-16,3.967e-16,1.006e-15
MKL,609,3.698e-16,4.625e-16,1.240e-15
VectorFFT,610,3.119e-16,2.935e-16,9.153e-16
MKL,610,2.855e-16,2.872e-16,8.145e-16
VectorFFT,611,5.729e-16,8.598e-16,1.735e-15
MKL,611,2.941e-16,3.585e-16,8.405e-16
VectorFFT,612,4.519e-16,4.677e-16,1.106e-15
MKL,612,2.408e-16,2.181e-16,7.377e-16
VectorFFT,613,7.901e-16,9.208e-16,2.072e-15
MKL,613,4.454e-16,5.673e-16,1.494e-15
VectorFFT,614,3.179e-16,3.968e-16,8.803e-16
MKL,614,4.150e-16,5.513e-16,1.187e-15
VectorFFT,615,3.868e-16,4.200e-16,1.202e-15
MKL,615,4.473e-16,5.078e-16,1.218e-15
VectorFFT,616,2.868e-16,3.826e-16,6.963e-16
MKL,616,2.339e-16,2.485e-16,7.307e-16
VectorFFT,617,5.125e-16,4.893e-16,1.552e-15
MKL,617,4.190e-16,4.776e-16,1.182e-15
VectorFFT,618,3.265e-16,4.280e-16,1.085e-15
MKL,618,2.899e-16,4.439e-16,1.080e-15
VectorFFT,619,3.326e-16,3.819e-16,8.835e-16
MKL,619,4.336e-16,4.222e-16,1.454e-15
VectorFFT,620,4.305e-16,4.431e-16,1.372e-15
MKL,620,2.454e-16,2.680e-16,6.132e-16
VectorFFT,621,4.557e-16,5.468e-16,1.530e-15
MKL,621,4.410e-16,4.349e-16,1.195e-15
VectorFFT,622,4.029e-16,3.699e-16,1.178e-15
MKL,622,4.184e-16,4.148e-16,1.164e-15
VectorFFT,623,3.116e-16,3.858e-16,1.055e-15
MKL,623,3.133e-16,3.359e-16,8.821e-16
VectorFFT,624,4.104e-16,5.248e-16,1.038e-15
MKL,624,2.436e-16,2.959e-16,6.691e-16
VectorFFT,625,3.434e-16,3.696e-16,1.047e-15
MKL,625,3.177e-16,3.248e-16,8.484e-16
VectorFFT,626,3.925e-16,4.207e-16,1.372e-15
MKL,626,4.396e-16,4.443e-16,1.139e-15
VectorFFT,627,5.173e-16,6.430e-16,1.741e-15
MKL,627,3.116e-16,3.467e-16,8.059e-16
VectorFFT,628,4.087e-16,4.851e-16,1.343e-15
MKL,628,4.255e-16,4.704e-16,1.366e-15
VectorFFT,629,4.849e-16,5.352e-16,1.290e-15
MKL,629,4.261e-16,5.741e-16,1.239e-15
VectorFFT,630,3.513e-16,4.362e-16,9.882e-16
MKL,630,2.961e-16,3.799e-16,8.070e-16
VectorFFT,631,6.863e-16,5.798e-16,1.850e-15
MKL,631,4.353e-16,3.885e-16,1.163e-15
VectorFFT,632,3.274e-16,4.561e-16,8.874e-16
MKL,632,2.720e-16,2.994e-16,8.846e-16
VectorFFT,633,3.126e-16,3.074e-16,9.715e-16
MKL,633,4.103e-16,4.170e-16,1.434e-15
VectorFFT,634,3.200e-16,2.858e-16,9.593e-16
MKL,634,4.198e-16,3.271e-16,1.767e-15
VectorFFT,635,3.156e-16,3.669e-16,8.006e-16
MKL,635,4.224e-16,4.314e-16,1.434e-15
VectorFFT,636,3.083e-16,3.058e-16,1.028e-15
MKL,636,2.467e-16,2.568e-16,7.287e-16
VectorFFT,637,5.508e-16,8.941e-16,1.488e-15
MKL,637,2.824e-16,2.694e-16,9.256e-16
VectorFFT,638,5.447e-16,7.126e-16,1.441e-15
MKL,638,2.441e-16,2.844e-16,8.277e-16
VectorFFT,639,3.107e-16,3.127e-16,1.004e-15
MKL,639,2.936e-16,3.438e-16,1.061e-15
VectorFFT,640,2.545e-16,2.453e-16,8.049e-16
MKL,640,2.092e-16,2.169e-16,5.792e-16
VectorFFT,641,4.547e-16,4.987e-16,1.411e-15
MKL,641,4.126e-16,4.767e-16,1.183e-15
VectorFFT,642,3.333e-16,2.858e-16,9.753e-16
MKL,642,3.114e-16,3.793e-16,1.305e-15
VectorFFT,643,4.244e-16,4.787e-16,1.297e-15
MKL,643,4.405e-16,4.963e-16,1.328e-15
VectorFFT,644,4.711e-16,5.689e-16,1.386e-15
MKL,644,2.296e-16,2.465e-16,7.595e-16
VectorFFT,645,4.224e-16,5.163e-16,1.030e-15
MKL,645,4.486e-16,5.412e-16,1.239e-15
VectorFFT,646,8.209e-16,1.302e-15,2.844e-15
MKL,646,3.062e-16,2.672e-16,8.223e-16
VectorFFT,647,3.933e-16,3.158e-16,1.297e-15
MKL,647,4.439e-16,3.651e-16,1.443e-15
VectorFFT,648,4.376e-16,4.796e-16,1.173e-15
MKL,648,2.362e-16,2.509e-16,8.184e-16
VectorFFT,649,3.318e-16,3.857e-16,9.174e-16
MKL,649,3.002e-16,3.395e-16,8.427e-16
VectorFFT,650,3.878e-16,5.595e-16,1.366e-15
MKL,650,2.780e-16,2.755e-16,9.818e-16
VectorFFT,651,4.089e-16,4.494e-16,1.314e-15
MKL,651,2.782e-16,2.617e-16,9.518e-16
VectorFFT,652,3.236e-16,2.624e-16,9.869e-16
MKL,652,4.015e-16,3.470e-16,1.064e-15
VectorFFT,653,3.377e-16,2.873e-16,9.848e-16
MKL,653,4.074e-16,3.375e-16,1.202e-15
VectorFFT,654,3.146e-16,3.556e-16,8.971e-16
MKL,654,3.081e-16,5.291e-16,9.867e-16
VectorFFT,655,4.030e-16,4.136e-16,1.341e-15
MKL,655,4.127e-16,4.415e-16,1.370e-15
VectorFFT,656,3.030e-16,2.668e-16,1.013e-15
MKL,656,2.320e-16,2.280e-16,8.246e-16
VectorFFT,657,3.187e-16,4.158e-16,8.556e-16
MKL,657,3.008e-16,3.905e-16,8.616e-16
VectorFFT,658,4.215e-16,5.388e-16,1.304e-15
MKL,658,2.711e-16,3.099e-16,8.439e-16
VectorFFT,659,3.382e-16,3.694e-16,9.666e-16
MKL,659,4.546e-16,4.192e-16,1.619e-15
VectorFFT,660,3.561e-16,4.381e-16,1.187e-15
MKL,660,2.460e-16,2.972e-16,8.971e-16
VectorFFT,661,5.721e-16,4.755e-16,1.623e-15
MKL,661,4.089e-16,3.651e-16,1.236e-15
VectorFFT,662,4.017e-16,4.366e-16,1.464e-15
MKL,662,4.181e-16,4.227e-16,1.335e-15
VectorFFT,663,6.871e-16,1.023e-15,2.308e-15
MKL,663,2.634e-16,3.631e-16,7.020e-16
VectorFFT,664,3.284e-16,3.660e-16,1.203e-15
MKL,664,2.734e-16,4.397e-16,8.567e-16
VectorFFT,665,3.899e-16,4.074e-16,1.121e-15
MKL,665,3.793e-16,3.736e-16,1.307e-15
VectorFFT,666,4.159e-16,5.127e-16,1.155e-15
MKL,666,2.815e-16,2.846e-16,9.548e-16
VectorFFT,667,4.570e-16,5.037e-16,1.354e-15
MKL,667,2.793e-16,3.202e-16,7.926e-16
VectorFFT,668,3.318e-16,3.105e-16,1.112e-15
MKL,668,4.249e-16,4.850e-16,1.331e-15
VectorFFT,669,3.265e-16,3.560e-16,8.744e-16
MKL,669,4.065e-16,4.291e-16,1.275e-15
VectorFFT,670,3.412e-16,3.653e-16,9.637e-16
MKL,670,2.744e-16,3.546e-16,8.647e-16
VectorFFT,671,3.973e-16,4.167e-16,1.256e-15
MKL,671,3.039e-16,3.132e-16,8.757e-16
VectorFFT,672,2.719e-16,2.980e-16,8.364e-16
MKL,672,2.193e-16,2.600e-16,5.714e-16
VectorFFT,673,4.909e-16,4.482e-16,1.693e-15
MKL,673,4.377e-16,5.640e-16,1.404e-15
VectorFFT,674,4.156e-16,4.208e-16,1.439e-15
MKL,674,4.034e-16,4.297e-16,1.178e-15
VectorFFT,675,4.217e-16,4.752e-16,1.127e-15
MKL,675,3.542e-16,3.710e-16,1.119e-15
VectorFFT,676,4.690e-16,6.212e-16,1.546e-15
MKL,676,2.370e-16,2.895e-16,8.036e-16
VectorFFT,677,8.126e-16,8.082e-16,2.508e-15
MKL,677,4.321e-16,4.756e-16,1.314e-15
VectorFFT,678,3.359e-16,3.459e-16,1.138e-15
MKL,678,3.342e-16,3.251e-16,8.237e-16
VectorFFT,679,3.289e-16,3.286e-16,1.161e-15
MKL,679,4.558e-16,4.109e-16,1.452e-15
VectorFFT,680,4.849e-16,6.542e-16,1.714e-15
MKL,680,2.522e-16,3.596e-16,7.610e-16
VectorFFT,681,3.416e-16,3.270e-16,9.722e-16
MKL,681,4.224e-16,4.985e-16,1.171e-15
VectorFFT,682,5.381e-16,6.927e-16,1.509e-15
MKL,682,2.522e-16,3.604e-16,7.783e-16
VectorFFT,683,3.339e-16,3.276e-16,9.866e-16
MKL,683,4.244e-16,3.805e-16,1.143e-15
VectorFFT,684,4.082e-16,5.527e-16,1.299e-15
MKL,684,2.583e-16,2.987e-16,7.727e-16
VectorFFT,685,3.350e-16,3.486e-16,1.014e-15
MKL,685,4.333e-16,4.982e-16,1.339e-15
VectorFFT,686,3.669e-16,4.551e-16,1.292e-15
MKL,686,3.175e-16,2.797e-16,9.406e-16
VectorFFT,687,3.338e-16,4.078e-16,1.122e-15
MKL,687,4.436e-16,5.775e-16,1.188e-15
VectorFFT,688,3.566e-16,3.851e-16,1.224e-15
MKL,688,2.238e-16,2.293e-16,7.354e-16
VectorFFT,689,4.196e-16,3.748e-16,1.156e-15
MKL,689,2.856e-16,3.074e-16,1.020e-15
VectorFFT,690,4.038e-16,5.105e-16,1.111e-15
MKL,690,3.210e-16,3.298e-16,9.430e-16
VectorFFT,691,7.173e-16,7.642e-16,1.839e-15
MKL,691,4.298e-16,5.323e-16,1.550e-15
VectorFFT,692,3.281e-16,2.925e-16,1.056e-15
MKL,692,4.127e-16,4.042e-16,1.068e-15
VectorFFT,693,4.537e-16,6.792e-16,1.493e-15
MKL,693,4.477e-16,5.169e-16,1.119e-15
VectorFFT,694,3.914e-16,4.805e-16,1.239e-15
MKL,694,4.191e-16,3.873e-16,1.192e-15
VectorFFT,695,4.141e-16,5.023e-16,1.275e-15
MKL,695,4.620e-16,5.779e-16,1.655e-15
VectorFFT,696,4.386e-16,5.481e-16,1.412e-15
MKL,696,2.387e-16,2.668e-16,6.477e-16
VectorFFT,697,4.637e-16,6.226e-16,1.385e-15
MKL,697,4.512e-16,4.965e-16,1.279e-15
VectorFFT,698,3.356e-16,2.545e-16,9.433e-16
MKL,698,4.314e-16,4.345e-16,1.271e-15
VectorFFT,699,4.293e-16,3.988e-16,1.238e-15
MKL,699,4.684e-16,4.328e-16,1.378e-15
VectorFFT,700,2.919e-16,3.410e-16,7.429e-16
MKL,700,2.661e-16,2.933e-16,8.194e-16
VectorFFT,701,6.862e-16,7.080e-16,1.751e-15
MKL,701,4.635e-16,5.748e-16,1.656e-15
VectorFFT,702,4.748e-16,7.757e-16,1.548e-15
MKL,702,2.665e-16,2.947e-16,8.022e-16
VectorFFT,703,4.046e-16,3.564e-16,1.061e-15
MKL,703,3.239e-16,3.233e-16,1.069e-15
VectorFFT,704,2.843e-16,3.622e-16,7.457e-16
MKL,704,2.139e-16,2.418e-16,6.130e-16
VectorFFT,705,4.060e-16,3.537e-16,1.075e-15
MKL,705,4.443e-16,3.886e-16,1.371e-15
VectorFFT,706,3.410e-16,2.834e-16,9.309e-16
MKL,706,4.324e-16,3.924e-16,1.439e-15
VectorFFT,707,4.012e-16,4.529e-16,1.106e-15
MKL,707,4.141e-16,4.749e-16,1.211e-15
VectorFFT,708,3.998e-16,3.947e-16,1.141e-15
MKL,708,2.612e-16,3.390e-16,8.064e-16
VectorFFT,709,4.106e-16,4.364e-16,1.103e-15
MKL,709,4.436e-16,4.898e-16,1.297e-15
VectorFFT,710,3.438e-16,3.910e-16,1.027e-15
MKL,710,3.149e-16,3.748e-16,9.927e-16
VectorFFT,711,3.308e-16,3.719e-16,1.049e-15
MKL,711,4.793e-16,5.370e-16,1.360e-15
VectorFFT,712,3.411e-16,3.141e-16,1.173e-15
MKL,712,2.791e-16,3.403e-16,8.325e-16
VectorFFT,713,4.678e-16,5.247e-16,1.231e-15
MKL,713,4.009e-16,4.275e-16,1.214e-15
VectorFFT,714,4.625e-16,6.136e-16,1.276e-15
MKL,714,2.430e-16,2.431e-16,8.603e-16
VectorFFT,715,4.431e-16,4.703e-16,1.315e-15
MKL,715,2.945e-16,2.814e-16,8.322e-16
VectorFFT,716,4.146e-16,5.163e-16,1.321e-15
MKL,716,4.357e-16,4.135e-16,1.224e-15
VectorFFT,717,4.083e-16,5.118e-16,1.180e-15
MKL,717,4.198e-16,4.687e-16,1.317e-15
VectorFFT,718,3.498e-16,4.016e-16,1.018e-15
MKL,718,4.483e-16,5.340e-16,1.210e-15
VectorFFT,719,3.396e-16,2.930e-16,1.084e-15
MKL,719,4.617e-16,4.405e-16,1.708e-15
VectorFFT,720,3.878e-16,4.410e-16,1.168e-15
MKL,720,2.422e-16,3.253e-16,6.708e-16
VectorFFT,721,3.411e-16,4.006e-16,9.221e-16
MKL,721,4.367e-16,4.675e-16,1.281e-15
VectorFFT,722,7.724e-16,1.655e-15,3.286e-15
MKL,722,2.898e-16,3.811e-16,8.587e-16
VectorFFT,723,3.379e-16,3.606e-16,1.007e-15
MKL,723,4.352e-16,5.221e-16,1.590e-15
VectorFFT,724,3.372e-16,3.444e-16,8.692e-16
MKL,724,4.243e-16,4.564e-16,1.311e-15
VectorFFT,725,4.208e-16,4.232e-16,1.189e-15
MKL,725,3.326e-16,3.422e-16,9.627e-16
VectorFFT,726,3.691e-16,3.736e-16,1.070e-15
MKL,726,2.478e-16,2.366e-16,6.531e-16
VectorFFT,727,6.452e-16,5.477e-16,2.049e-15
MKL,727,4.660e-16,4.851e-16,1.537e-15
VectorFFT,728,3.812e-16,5.053e-16,1.001e-15
MKL,728,2.451e-16,2.727e-16,7.773e-16
VectorFFT,729,4.910e-16,5.600e-16,1.490e-15
MKL,729,3.391e-16,4.613e-16,1.066e-15
VectorFFT,730,3.455e-16,3.813e-16,9.010e-16
MKL,730,3.143e-16,4.279e-16,1.115e-15
VectorFFT,731,4.925e-16,5.092e-16,1.505e-15
MKL,731,2.816e-16,3.095e-16,1.026e-15
VectorFFT,732,3.418e-16,3.304e-16,1.067e-15
MKL,732,2.629e-16,3.104e-16,7.239e-16
VectorFFT,733,3.855e-16,4.361e-16,1.215e-15
MKL,733,4.728e-16,6.186e-16,1.609e-15
VectorFFT,734,3.332e-16,3.500e-16,1.242e-15
MKL,734,4.322e-16,4.735e-16,1.355e-15
VectorFFT,735,3.620e-16,3.501e-16,1.189e-15
MKL,735,3.839e-16,3.674e-16,1.030e-15
VectorFFT,736,3.484e-16,3.688e-16,1.223e-15
MKL,736,2.185e-16,2.649e-16,6.881e-16
VectorFFT,737,3.579e-16,4.329e-16,1.279e-15
MKL,737,3.823e-16,4.823e-16,1.306e-15
VectorFFT,738,4.089e-16,4.808e-16,1.292e-15
MKL,738,2.798e-16,2.943e-16,9.685e-16
VectorFFT,739,3.441e-16,3.438e-16,1.073e-15
MKL,739,4.214e-16,3.777e-16,1.281e-15
VectorFFT,740,3.987e-16,4.661e-16,1.083e-15
MKL,740,2.562e-16,3.370e-16,7.118e-16
VectorFFT,741,4.609e-16,5.827e-16,1.440e-15
MKL,741,2.826e-16,3.570e-16,7.498e-16
VectorFFT,742,3.518e-16,3.292e-16,1.200e-15
MKL,742,2.820e-16,2.926e-16,1.001e-15
VectorFFT,743,4.152e-16,4.760e-16,1.416e-15
MKL,743,4.732e-16,5.642e-16,1.456e-15
VectorFFT,744,4.532e-16,4.901e-16,1.287e-15
MKL,744,2.397e-16,2.790e-16,6.906e-16
VectorFFT,745,3.425e-16,3.498e-16,9.650e-16
MKL,745,4.521e-16,4.592e-16,1.543e-15
VectorFFT,746,4.343e-16,4.345e-16,1.371e-15
MKL,746,4.165e-16,4.090e-16,1.273e-15
VectorFFT,747,4.340e-16,4.007e-16,1.421e-15
MKL,747,3.159e-16,3.076e-16,9.168e-16
VectorFFT,748,6.039e-16,7.168e-16,2.274e-15
MKL,748,2.461e-16,2.355e-16,6.897e-16
VectorFFT,749,3.648e-16,3.609e-16,1.195e-15
MKL,749,4.378e-16,3.793e-16,1.286e-15
VectorFFT,750,3.542e-16,2.566e-16,1.139e-15
MKL,750,3.178e-16,2.916e-16,8.893e-16
VectorFFT,751,4.148e-16,3.898e-16,1.235e-15
MKL,751,4.528e-16,4.126e-16,1.304e-15
VectorFFT,752,3.774e-16,4.457e-16,1.233e-15
MKL,752,2.481e-16,4.141e-16,7.521e-16
VectorFFT,753,4.113e-16,5.091e-16,1.200e-15
MKL,753,4.536e-16,5.483e-16,1.644e-15
VectorFFT,754,6.295e-16,1.096e-15,2.082e-15
MKL,754,2.699e-16,2.851e-16,9.372e-16
VectorFFT,755,3.528e-16,4.034e-16,1.224e-15
MKL,755,4.599e-16,4.215e-16,1.321e-15
VectorFFT,756,3.970e-16,5.044e-16,1.016e-15
MKL,756,2.441e-16,2.898e-16,7.648e-16
VectorFFT,757,6.743e-16,7.415e-16,2.021e-15
MKL,757,4.325e-16,5.910e-16,1.327e-15
VectorFFT,758,4.018e-16,4.096e-16,1.410e-15
MKL,758,4.398e-16,4.384e-16,1.314e-15
VectorFFT,759,4.617e-16,4.670e-16,1.487e-15
MKL,759,3.457e-16,3.765e-16,1.067e-15
VectorFFT,760,4.396e-16,5.092e-16,1.546e-15
MKL,760,2.567e-16,3.520e-16,7.298e-16
VectorFFT,761,5.632e-16,4.631e-16,1.663e-15
MKL,761,4.517e-16,4.471e-16,1.321e-15
VectorFFT,762,3.657e-16,5.544e-16,9.758e-16
MKL,762,3.166e-16,3.820e-16,1.086e-15
VectorFFT,763,3.517e-16,3.463e-16,1.137e-15
MKL,763,4.414e-16,5.008e-16,1.393e-15
VectorFFT,764,3.419e-16,3.422e-16,1.052e-15
MKL,764,4.574e-16,4.477e-16,1.308e-15
VectorFFT,765,5.108e-16,7.854e-16,1.487e-15
MKL,765,2.888e-16,3.142e-16,9.725e-16
VectorFFT,766,3.530e-16,4.005e-16,1.002e-15
MKL,766,4.307e-16,4.198e-16,1.474e-15
VectorFFT,767,3.520e-16,3.336e-16,1.007e-15
MKL,767,3.981e-16,4.098e-16,1.069e-15
VectorFFT,768,3.257e-16,3.428e-16,8.651e-16
MKL,768,2.101e-16,2.156e-16,5.533e-16
VectorFFT,769,5.496e-16,4.851e-16,1.674e-15
MKL,769,4.489e-16,4.513e-16,1.379e-15
VectorFFT,770,3.239e-16,4.332e-16,1.148e-15
MKL,770,2.781e-16,2.844e-16,8.068e-16
VectorFFT,771,3.515e-16,3.771e-16,1.250e-15
MKL,771,4.793e-16,4.028e-16,1.363e-15
VectorFFT,772,3.486e-16,3.365e-16,1.153e-15
MKL,772,4.654e-16,5.500e-16,1.700e-15
VectorFFT,773,3.547e-16,3.722e-16,1.019e-15
MKL,773,4.627e-16,4.549e-16,1.338e-15
VectorFFT,774,4.340e-16,4.244e-16,1.267e-15
MKL,774,2.815e-16,2.693e-16,8.319e-16
VectorFFT,775,4.171e-16,4.393e-16,1.198e-15
MKL,775,2.924e-16,2.731e-16,8.934e-16
VectorFFT,776,3.457e-16,4.463e-16,1.119e-15
MKL,776,2.885e-16,5.427e-16,9.018e-16
VectorFFT,777,3.707e-16,4.200e-16,1.267e-15
MKL,777,3.716e-16,3.624e-16,1.027e-15
VectorFFT,778,4.339e-16,3.518e-16,1.591e-15
MKL,778,4.659e-16,4.090e-16,1.448e-15
VectorFFT,779,3.945e-16,4.443e-16,1.033e-15
MKL,779,3.714e-16,4.011e-16,1.183e-15
VectorFFT,780,4.403e-16,4.730e-16,1.508e-15
MKL,780,2.563e-16,2.161e-16,7.830e-16
VectorFFT,781,3.554e-16,4.996e-16,1.040e-15
MKL,781,3.071e-16,3.057e-16,8.868e-16
VectorFFT,782,1.260e-15,2.687e-15,4.556e-15
MKL,782,2.457e-16,2.782e-16,8.363e-16
VectorFFT,783,5.018e-16,5.688e-16,1.477e-15
MKL,783,2.992e-16,3.849e-16,8.490e-16
VectorFFT,784,2.509e-16,3.598e-16,6.939e-16
MKL,784,2.451e-16,4.031e-16,7.367e-16
VectorFFT,785,4.138e-16,4.214e-16,1.083e-15
MKL,785,4.721e-16,4.347e-16,1.477e-15
VectorFFT,786,3.547e-16,3.851e-16,1.165e-15
MKL,786,3.634e-16,3.992e-16,1.097e-15
VectorFFT,787,4.414e-16,4.275e-16,1.433e-15
MKL,787,4.723e-16,4.905e-16,1.445e-15
VectorFFT,788,4.267e-16,5.625e-16,1.331e-15
MKL,788,4.722e-16,5.939e-16,1.474e-15
VectorFFT,789,4.033e-16,4.167e-16,1.108e-15
MKL,789,4.895e-16,5.790e-16,1.282e-15
VectorFFT,790,3.438e-16,3.041e-16,1.025e-15
MKL,790,2.987e-16,2.995e-16,8.627e-16
VectorFFT,791,4.161e-16,4.358e-16,1.377e-15
MKL,791,4.823e-16,4.890e-16,1.158e-15
VectorFFT,792,4.070e-16,5.429e-16,1.064e-15
MKL,792,2.256e-16,2.520e-16,7.112e-16
VectorFFT,793,3.578e-16,4.385e-16,1.017e-15
MKL,793,3.306e-16,3.849e-16,8.328e-16
VectorFFT,794,4.365e-16,4.129e-16,1.249e-15
MKL,794,4.808e-16,4.346e-16,1.501e-15
VectorFFT,795,3.493e-16,4.833e-16,1.293e-15
MKL,795,4.702e-16,6.292e-16,1.806e-15
VectorFFT,796,4.183e-16,3.358e-16,1.457e-15
MKL,796,4.632e-16,4.795e-16,1.509e-15
VectorFFT,797,3.581e-16,4.016e-16,1.074e-15
MKL,797,4.867e-16,5.725e-16,1.351e-15
VectorFFT,798,4.308e-16,5.503e-16,1.252e-15
MKL,798,2.640e-16,3.069e-16,9.182e-16
VectorFFT,799,4.730e-16,5.373e-16,1.121e-15
MKL,799,2.819e-16,2.977e-16,8.105e-16
VectorFFT,800,2.866e-16,3.035e-16,7.252e-16
MKL,800,2.520e-16,2.964e-16,8.472e-16
VectorFFT,801,4.162e-16,4.658e-16,1.332e-15
MKL,801,4.606e-16,5.706e-16,1.417e-15
VectorFFT,802,3.544e-16,4.085e-16,1.203e-15
MKL,802,3.800e-16,3.628e-16,1.144e-15
VectorFFT,803,3.573e-16,3.449e-16,1.193e-15
MKL,803,2.876e-16,2.572e-16,8.846e-16
VectorFFT,804,3.548e-16,3.173e-16,1.112e-15
MKL,804,2.666e-16,2.991e-16,8.676e-16
VectorFFT,805,4.747e-16,5.900e-16,1.339e-15
MKL,805,3.093e-16,3.811e-16,8.505e-16
VectorFFT,806,7.363e-16,1.157e-15,2.942e-15
MKL,806,2.553e-16,2.902e-16,7.248e-16
VectorFFT,807,3.534e-16,4.109e-16,1.027e-15
MKL,807,3.757e-16,3.993e-16,1.276e-15
VectorFFT,808,4.289e-16,3.767e-16,1.356e-15
MKL,808,3.076e-16,3.326e-16,1.058e-15
VectorFFT,809,3.589e-16,3.539e-16,1.102e-15
MKL,809,4.066e-16,4.166e-16,1.608e-15
VectorFFT,810,4.549e-16,5.499e-16,1.117e-15
MKL,810,2.796e-16,3.534e-16,9.103e-16
VectorFFT,811,3.566e-16,3.430e-16,1.156e-15
MKL,811,3.893e-16,3.768e-16,1.332e-15
VectorFFT,812,4.455e-16,6.123e-16,1.225e-15
MKL,812,2.418e-16,2.316e-16,6.906e-16
VectorFFT,813,3.551e-16,4.195e-16,1.320e-15
MKL,813,4.054e-16,4.454e-16,1.340e-15
VectorFFT,814,5.239e-16,7.383e-16,1.671e-15
MKL,814,2.489e-16,2.298e-16,7.651e-16
VectorFFT,815,3.518e-16,3.558e-16,1.048e-15
MKL,815,4.071e-16,4.429e-16,1.181e-15
VectorFFT,816,4.550e-16,5.198e-16,1.165e-15
MKL,816,2.387e-16,2.929e-16,6.209e-16
VectorFFT,817,6.323e-16,1.180e-15,1.974e-15
MKL,817,3.894e-16,3.849e-16,1.034e-15
VectorFFT,818,3.483e-16,3.790e-16,1.041e-15
MKL,818,3.826e-16,4.489e-16,1.107e-15
VectorFFT,819,5.568e-16,6.726e-16,1.650e-15
MKL,819,2.976e-16,3.766e-16,1.031e-15
VectorFFT,820,3.751e-16,4.471e-16,1.124e-15
MKL,820,2.554e-16,2.768e-16,8.802e-16
VectorFFT,821,3.548e-16,3.431e-16,1.273e-15
MKL,821,4.125e-16,4.202e-16,1.221e-15
VectorFFT,822,3.730e-16,3.646e-16,9.147e-16
MKL,822,3.474e-16,4.317e-16,1.459e-15
VectorFFT,823,4.213e-16,4.763e-16,1.203e-15
MKL,823,3.905e-16,3.711e-16,1.339e-15
VectorFFT,824,4.215e-16,4.827e-16,1.313e-15
MKL,824,2.959e-16,3.899e-16,9.937e-16
VectorFFT,825,3.761e-16,4.323e-16,1.049e-15
MKL,825,3.176e-16,3.452e-16,1.020e-15
VectorFFT,826,3.473e-16,3.597e-16,1.001e-15
MKL,826,2.710e-16,2.994e-16,1.101e-15
VectorFFT,827,3.588e-16,3.342e-16,1.128e-15
MKL,827,4.098e-16,4.619e-16,1.187e-15
VectorFFT,828,4.284e-16,4.743e-16,1.142e-15
MKL,828,2.457e-16,2.662e-16,6.874e-16
VectorFFT,829,7.625e-16,8.349e-16,2.056e-15
MKL,829,4.124e-16,3.962e-16,1.446e-15
VectorFFT,830,3.608e-16,3.400e-16,1.023e-15
MKL,830,2.931e-16,3.857e-16,8.236e-16
VectorFFT,831,3.597e-16,2.946e-16,1.053e-15
MKL,831,4.010e-16,3.569e-16,1.251e-15
VectorFFT,832,3.722e-16,4.911e-16,1.081e-15
MKL,832,2.254e-16,2.616e-16,7.331e-16
VectorFFT,833,4.905e-16,5.742e-16,1.591e-15
MKL,833,3.500e-16,3.879e-16,1.134e-15
VectorFFT,834,3.540e-16,3.462e-16,1.080e-15
MKL,834,3.325e-16,4.130e-16,1.191e-15
VectorFFT,835,4.333e-16,3.657e-16,1.214e-15
MKL,835,3.993e-16,3.187e-16,1.299e-15
VectorFFT,836,6.008e-16,8.111e-16,2.059e-15
MKL,836,2.402e-16,2.744e-16,7.202e-16
VectorFFT,837,5.563e-16,6.337e-16,1.660e-15
MKL,837,3.494e-16,4.364e-16,1.196e-15
VectorFFT,838,3.619e-16,3.258e-16,1.138e-15
MKL,838,4.181e-16,5.539e-16,1.189e-15
VectorFFT,839,3.555e-16,3.341e-16,1.163e-15
MKL,839,3.957e-16,3.622e-16,1.193e-15
VectorFFT,840,3.415e-16,3.391e-16,1.017e-15
MKL,840,2.390e-16,2.168e-16,7.013e-16
VectorFFT,841,8.312e-16,1.663e-15,2.522e-15
MKL,841,2.777e-16,2.692e-16,8.960e-16
VectorFFT,842,3.571e-16,4.281e-16,1.012e-15
MKL,842,4.060e-16,4.945e-16,1.319e-15
VectorFFT,843,3.686e-16,3.719e-16,1.279e-15
MKL,843,4.271e-16,4.435e-16,1.308e-15
VectorFFT,844,3.579e-16,3.438e-16,1.029e-15
MKL,844,3.861e-16,4.336e-16,1.186e-15
VectorFFT,845,6.524e-16,1.309e-15,2.217e-15
MKL,845,2.910e-16,3.312e-16,8.127e-16
VectorFFT,846,4.285e-16,3.703e-16,1.252e-15
MKL,846,2.789e-16,2.687e-16,7.954e-16
VectorFFT,847,4.373e-16,5.158e-16,1.238e-15
MKL,847,2.968e-16,2.716e-16,7.784e-16
VectorFFT,848,3.596e-16,3.295e-16,1.029e-15
MKL,848,2.399e-16,2.666e-16,8.652e-16
VectorFFT,849,3.683e-16,4.177e-16,1.347e-15
MKL,849,3.987e-16,4.576e-16,1.519e-15
VectorFFT,850,4.329e-16,4.476e-16,1.473e-15
MKL,850,2.686e-16,3.058e-16,8.063e-16
VectorFFT,851,4.508e-16,4.954e-16,1.274e-15
MKL,851,3.599e-16,3.856e-16,1.027e-15
VectorFFT,852,4.268e-16,5.358e-16,1.246e-15
MKL,852,2.576e-16,3.639e-16,8.184e-16
VectorFFT,853,4.504e-16,3.784e-16,1.136e-15
MKL,853,3.904e-16,3.301e-16,1.174e-15
VectorFFT,854,4.374e-16,4.380e-16,1.290e-15
MKL,854,2.826e-16,3.710e-16,8.095e-16
VectorFFT,855,4.482e-16,5.030e-16,1.361e-15
MKL,855,3.032e-16,2.966e-16,9.504e-16
VectorFFT,856,4.398e-16,5.114e-16,1.469e-15
MKL,856,3.129e-16,4.234e-16,1.040e-15
VectorFFT,857,3.563e-16,4.657e-16,1.025e-15
MKL,857,4.282e-16,4.425e-16,1.311e-15
VectorFFT,858,5.654e-16,8.182e-16,1.788e-15
MKL,858,2.409e-16,3.036e-16,8.714e-16
VectorFFT,859,7.638e-16,8.623e-16,2.228e-15
MKL,859,3.887e-16,5.034e-16,1.268e-15
VectorFFT,860,4.066e-16,4.257e-16,1.202e-15
MKL,860,2.538e-16,3.634e-16,7.965e-16
VectorFFT,861,3.856e-16,4.025e-16,1.160e-15
MKL,861,3.363e-16,3.199e-16,8.685e-16
VectorFFT,862,3.661e-16,3.634e-16,1.002e-15
MKL,862,4.037e-16,4.425e-16,1.206e-15
VectorFFT,863,3.814e-16,4.567e-16,1.458e-15
MKL,863,3.950e-16,4.838e-16,1.125e-15
VectorFFT,864,3.731e-16,4.904e-16,1.110e-15
MKL,864,2.268e-16,2.742e-16,7.049e-16
VectorFFT,865,3.592e-16,3.364e-16,1.158e-15
MKL,865,4.035e-16,4.128e-16,1.338e-15
VectorFFT,866,3.717e-16,4.118e-16,1.035e-15
MKL,866,4.023e-16,4.986e-16,1.197e-15
VectorFFT,867,8.253e-16,9.190e-16,2.742e-15
MKL,867,3.354e-16,3.759e-16,9.817e-16
VectorFFT,868,4.676e-16,6.112e-16,1.490e-15
MKL,868,2.498e-16,2.577e-16,7.685e-16
VectorFFT,869,3.632e-16,3.991e-16,1.048e-15
MKL,869,3.078e-16,3.245e-16,8.148e-16
VectorFFT,870,4.310e-16,5.803e-16,1.334e-15
MKL,870,2.975e-16,3.517e-16,7.459e-16
VectorFFT,871,3.797e-16,3.538e-16,1.007e-15
MKL,871,3.481e-16,3.708e-16,1.033e-15
VectorFFT,872,3.757e-16,3.441e-16,1.175e-15
MKL,872,3.146e-16,4.127e-16,1.189e-15
VectorFFT,873,3.665e-16,3.179e-16,1.146e-15
MKL,873,3.961e-16,3.602e-16,1.156e-15
VectorFFT,874,7.134e-16,1.269e-15,2.542e-15
MKL,874,2.690e-16,2.694e-16,7.260e-16
VectorFFT,875,3.667e-16,4.185e-16,1.171e-15
MKL,875,3.134e-16,3.657e-16,1.042e-15
VectorFFT,876,3.566e-16,3.684e-16,1.043e-15
MKL,876,2.710e-16,3.080e-16,8.725e-16
VectorFFT,877,3.731e-16,3.436e-16,1.202e-15
MKL,877,4.095e-16,3.395e-16,1.203e-15
VectorFFT,878,3.598e-16,4.162e-16,1.045e-15
MKL,878,3.955e-16,3.963e-16,1.377e-15
VectorFFT,879,4.442e-16,4.841e-16,1.163e-15
MKL,879,4.205e-16,4.373e-16,1.484e-15
VectorFFT,880,2.844e-16,3.822e-16,9.237e-16
MKL,880,2.361e-16,2.348e-16,6.456e-16
VectorFFT,881,5.184e-16,4.833e-16,1.562e-15
MKL,881,4.004e-16,3.662e-16,1.297e-15
VectorFFT,882,4.543e-16,6.899e-16,1.470e-15
MKL,882,2.633e-16,2.779e-16,7.348e-16
VectorFFT,883,4.448e-16,3.932e-16,1.516e-15
MKL,883,4.056e-16,5.446e-16,1.266e-15
VectorFFT,884,4.954e-16,6.116e-16,1.374e-15
MKL,884,2.613e-16,3.299e-16,7.736e-16
VectorFFT,885,3.755e-16,3.251e-16,1.174e-15
MKL,885,3.125e-16,3.038e-16,1.064e-15
VectorFFT,886,4.369e-16,4.284e-16,1.466e-15
MKL,886,3.931e-16,3.357e-16,1.365e-15
VectorFFT,887,3.703e-16,3.368e-16,9.951e-16
MKL,887,4.035e-16,3.412e-16,1.132e-15
VectorFFT,888,3.666e-16,3.654e-16,1.096e-15
MKL,888,2.292e-16,2.711e-16,6.713e-16
VectorFFT,889,3.784e-16,3.252e-16,1.129e-15
MKL,889,4.088e-16,5.027e-16,1.290e-15
VectorFFT,890,3.726e-16,3.815e-16,1.202e-15
MKL,890,3.057e-16,3.576e-16,1.089e-15
VectorFFT,891,4.252e-16,5.001e-16,1.180e-15
MKL,891,3.506e-16,3.251e-16,1.145e-15
VectorFFT,892,3.702e-16,5.140e-16,1.020e-15
MKL,892,4.192e-16,4.823e-16,1.284e-15
VectorFFT,893,5.919e-16,1.181e-15,1.748e-15
MKL,893,3.107e-16,4.434e-16,8.093e-16
VectorFFT,894,3.774e-16,3.345e-16,1.316e-15
MKL,894,3.453e-16,4.161e-16,1.054e-15
VectorFFT,895,3.702e-16,3.924e-16,1.005e-15
MKL,895,4.404e-16,3.777e-16,1.490e-15
VectorFFT,896,2.261e-16,3.039e-16,7.421e-16
MKL,896,2.216e-16,2.683e-16,5.909e-16
VectorFFT,897,6.962e-16,7.534e-16,2.175e-15
MKL,897,2.899e-16,3.409e-16,9.319e-16
VectorFFT,898,3.712e-16,3.106e-16,1.198e-15
MKL,898,3.976e-16,3.748e-16,1.253e-15
VectorFFT,899,4.457e-16,4.517e-16,1.106e-15
MKL,899,2.818e-16,2.692e-16,9.021e-16
VectorFFT,900,3.801e-16,3.722e-16,1.060e-15
MKL,900,2.629e-16,3.028e-16,8.468e-16
VectorFFT,901,4.538e-16,4.929e-16,1.412e-15
MKL,901,2.968e-16,3.029e-16,9.100e-16
VectorFFT,902,5.119e-16,7.923e-16,1.897e-15
MKL,902,2.709e-16,3.353e-16,9.298e-16
VectorFFT,903,1.100e-15,2.510e-15,3.609e-15
MKL,903,3.175e-16,3.889e-16,9.045e-16
VectorFFT,904,4.366e-16,4.413e-16,1.340e-15
MKL,904,3.117e-16,4.425e-16,8.390e-16
VectorFFT,905,3.708e-16,4.259e-16,1.057e-15
MKL,905,4.125e-16,4.455e-16,1.204e-15
VectorFFT,906,3.798e-16,4.530e-16,1.196e-15
MKL,906,3.963e-16,4.305e-16,1.119e-15
VectorFFT,907,4.388e-16,4.556e-16,1.509e-15
MKL,907,4.026e-16,4.092e-16,1.132e-15
VectorFFT,908,3.708e-16,3.913e-16,1.333e-15
MKL,908,3.899e-16,5.592e-16,1.323e-15
VectorFFT,909,4.576e-16,4.755e-16,1.360e-15
MKL,909,4.043e-16,4.214e-16,1.193e-15
VectorFFT,910,3.950e-16,5.804e-16,1.193e-15
MKL,910,2.646e-16,2.565e-16,7.175e-16
VectorFFT,911,4.493e-16,4.058e-16,1.434e-15
MKL,911,4.108e-16,4.775e-16,1.201e-15
VectorFFT,912,3.778e-16,4.210e-16,1.521e-15
MKL,912,2.459e-16,3.067e-16,7.166e-16
VectorFFT,913,3.874e-16,3.923e-16,1.049e-15
MKL,913,3.286e-16,4.411e-16,8.975e-16
VectorFFT,914,3.753e-16,3.639e-16,1.260e-15
MKL,914,3.980e-16,3.761e-16,1.431e-15
VectorFFT,915,3.744e-16,5.070e-16,1.129e-15
MKL,915,3.217e-16,3.693e-16,9.138e-16
VectorFFT,916,4.406e-16,4.549e-16,1.263e-15
MKL,916,4.206e-16,3.822e-16,1.171e-15
VectorFFT,917,4.473e-16,4.195e-16,1.607e-15
MKL,917,4.016e-16,3.738e-16,1.220e-15
VectorFFT,918,5.851e-16,6.723e-16,1.858e-15
MKL,918,2.619e-16,3.315e-16,6.956e-16
VectorFFT,919,3.772e-16,4.216e-16,1.174e-15
MKL,919,4.178e-16,4.611e-16,1.339e-15
VectorFFT,920,3.752e-16,4.542e-16,1.398e-15
MKL,920,2.377e-16,2.435e-16,6.650e-16
VectorFFT,921,3.654e-16,3.954e-16,1.260e-15
MKL,921,4.107e-16,4.293e-16,1.454e-15
VectorFFT,922,4.384e-16,3.891e-16,1.306e-15
MKL,922,3.993e-16,3.302e-16,1.304e-15
VectorFFT,923,3.737e-16,3.682e-16,1.146e-15
MKL,923,2.969e-16,2.940e-16,8.788e-16
VectorFFT,924,3.620e-16,4.085e-16,1.070e-15
MKL,924,2.453e-16,3.355e-16,7.963e-16
VectorFFT,925,3.878e-16,3.667e-16,9.580e-16
MKL,925,3.071e-16,3.402e-16,8.399e-16
VectorFFT,926,3.829e-16,3.143e-16,1.210e-15
MKL,926,4.154e-16,3.073e-16,1.421e-15
VectorFFT,927,4.538e-16,3.620e-16,1.338e-15
MKL,927,4.101e-16,3.770e-16,1.458e-15
VectorFFT,928,3.297e-16,3.825e-16,1.052e-15
MKL,928,2.276e-16,2.521e-16,6.692e-16
VectorFFT,929,5.908e-16,5.557e-16,1.845e-15
MKL,929,4.318e-16,4.967e-16,1.452e-15
VectorFFT,930,4.240e-16,4.098e-16,1.178e-15
MKL,930,2.583e-16,3.246e-16,9.262e-16
VectorFFT,931,4.284e-16,4.357e-16,1.410e-15
MKL,931,3.284e-16,3.409e-16,9.604e-16
VectorFFT,932,3.865e-16,3.740e-16,1.273e-15
MKL,932,4.202e-16,4.498e-16,1.321e-15
VectorFFT,933,4.569e-16,4.658e-16,1.274e-15
MKL,933,4.038e-16,4.963e-16,1.180e-15
VectorFFT,934,4.412e-16,3.826e-16,1.740e-15
MKL,934,4.351e-16,4.189e-16,1.324e-15
VectorFFT,935,4.763e-16,6.705e-16,1.313e-15
MKL,935,2.831e-16,3.599e-16,8.506e-16
VectorFFT,936,4.851e-16,6.173e-16,1.439e-15
MKL,936,2.435e-16,3.190e-16,6.625e-16
VectorFFT,937,7.564e-16,8.184e-16,2.238e-15
MKL,937,4.431e-16,5.010e-16,1.299e-15
VectorFFT,938,4.354e-16,4.167e-16,1.506e-15
MKL,938,2.877e-16,3.347e-16,8.070e-16
VectorFFT,939,3.789e-16,3.979e-16,1.101e-15
MKL,939,4.175e-16,4.757e-16,1.226e-15
VectorFFT,940,3.962e-16,4.020e-16,1.209e-15
MKL,940,2.627e-16,2.494e-16,8.726e-16
VectorFFT,941,3.870e-16,4.180e-16,1.122e-15
MKL,941,4.178e-16,4.727e-16,1.362e-15
VectorFFT,942,3.798e-16,4.031e-16,1.288e-15
MKL,942,4.016e-16,3.646e-16,1.146e-15
VectorFFT,943,4.286e-16,4.773e-16,1.335e-15
MKL,943,2.877e-16,3.013e-16,9.227e-16
VectorFFT,944,3.751e-16,3.089e-16,1.089e-15
MKL,944,2.561e-16,2.459e-16,7.192e-16
VectorFFT,945,4.047e-16,4.110e-16,1.023e-15
MKL,945,3.699e-16,5.603e-16,1.041e-15
VectorFFT,946,5.334e-16,6.236e-16,2.024e-15
MKL,946,2.924e-16,2.990e-16,7.890e-16
VectorFFT,947,4.633e-16,4.325e-16,1.504e-15
MKL,947,4.268e-16,5.242e-16,1.468e-15
VectorFFT,948,4.432e-16,4.332e-16,1.252e-15
MKL,948,2.827e-16,5.156e-16,8.561e-16
VectorFFT,949,3.871e-16,4.266e-16,1.162e-15
MKL,949,3.399e-16,3.793e-16,1.025e-15
VectorFFT,950,3.937e-16,4.780e-16,1.298e-15
MKL,950,2.681e-16,3.121e-16,8.501e-16
VectorFFT,951,3.745e-16,4.088e-16,1.137e-15
MKL,951,4.182e-16,4.870e-16,1.331e-15
VectorFFT,952,4.996e-16,4.954e-16,1.839e-15
MKL,952,2.440e-16,2.291e-16,6.365e-16
VectorFFT,953,7.082e-16,6.386e-16,1.947e-15
MKL,953,4.056e-16,4.280e-16,1.152e-15
VectorFFT,954,4.522e-16,4.863e-16,1.467e-15
MKL,954,2.716e-16,3.053e-16,6.937e-16
VectorFFT,955,3.820e-16,3.959e-16,1.304e-15
MKL,955,4.359e-16,5.037e-16,1.342e-15
VectorFFT,956,3.799e-16,4.143e-16,9.745e-16
MKL,956,4.119e-16,3.968e-16,1.236e-15
VectorFFT,957,4.291e-16,4.163e-16,1.087e-15
MKL,957,2.796e-16,3.266e-16,9.077e-16
VectorFFT,958,3.723e-16,3.376e-16,1.092e-15
MKL,958,4.077e-16,4.512e-16,1.328e-15
VectorFFT,959,4.569e-16,4.533e-16,1.428e-15
MKL,959,4.063e-16,5.075e-16,1.161e-15
VectorFFT,960,3.344e-16,3.581e-16,9.088e-16
MKL,960,2.418e-16,2.569e-16,7.048e-16
VectorFFT,961,7.851e-16,9.429e-16,2.386e-15
MKL,961,4.020e-16,4.996e-16,1.240e-15
VectorFFT,962,6.382e-16,8.714e-16,2.976e-15
MKL,962,2.592e-16,2.896e-16,9.480e-16
VectorFFT,963,3.958e-16,4.557e-16,1.094e-15
MKL,963,4.179e-16,4.918e-16,1.414e-15
VectorFFT,964,4.502e-16,4.875e-16,1.386e-15
MKL,964,4.052e-16,3.525e-16,1.407e-15
VectorFFT,965,4.450e-16,5.619e-16,1.549e-15
MKL,965,4.511e-16,6.023e-16,1.445e-15
VectorFFT,966,4.091e-16,4.799e-16,1.085e-15
MKL,966,2.728e-16,2.559e-16,8.289e-16
VectorFFT,967,3.874e-16,4.004e-16,1.274e-15
MKL,967,4.402e-16,4.320e-16,1.169e-15
VectorFFT,968,3.127e-16,3.367e-16,1.012e-15
MKL,968,2.322e-16,3.294e-16,7.194e-16
VectorFFT,969,6.749e-16,8.597e-16,1.869e-15
MKL,969,2.929e-16,3.071e-16,1.019e-15
VectorFFT,970,4.408e-16,4.087e-16,1.723e-15
MKL,970,3.180e-16,3.736e-16,9.756e-16
VectorFFT,971,4.512e-16,5.135e-16,1.233e-15
MKL,971,4.104e-16,5.115e-16,1.189e-15
VectorFFT,972,4.560e-16,3.990e-16,1.285e-15
MKL,972,2.595e-16,2.419e-16,8.138e-16
VectorFFT,973,4.571e-16,5.667e-16,1.364e-15
MKL,973,4.226e-16,4.916e-16,1.278e-15
VectorFFT,974,3.935e-16,4.908e-16,1.181e-15
MKL,974,4.270e-16,5.177e-16,1.155e-15
VectorFFT,975,4.665e-16,6.333e-16,1.373e-15
MKL,975,3.070e-16,4.129e-16,9.032e-16
VectorFFT,976,3.904e-16,5.076e-16,1.321e-15
MKL,976,2.641e-16,3.195e-16,8.716e-16
VectorFFT,977,4.537e-16,4.309e-16,1.327e-15
MKL,977,3.992e-16,3.457e-16,1.349e-15
VectorFFT,978,3.842e-16,4.869e-16,1.244e-15
MKL,978,4.112e-16,4.225e-16,1.150e-15
VectorFFT,979,4.581e-16,4.583e-16,1.446e-15
MKL,979,3.451e-16,2.887e-16,1.037e-15
VectorFFT,980,2.676e-16,4.221e-16,7.961e-16
MKL,980,2.590e-16,2.999e-16,7.575e-16
VectorFFT,981,4.779e-16,5.745e-16,1.414e-15
MKL,981,4.164e-16,3.622e-16,1.432e-15
VectorFFT,982,3.815e-16,3.713e-16,1.162e-15
MKL,982,4.061e-16,5.130e-16,1.469e-15
VectorFFT,983,3.951e-16,4.209e-16,1.075e-15
MKL,983,4.218e-16,4.166e-16,1.488e-15
VectorFFT,984,3.462e-16,3.851e-16,1.008e-15
MKL,984,2.509e-16,2.907e-16,7.697e-16
VectorFFT,985,4.554e-16,4.407e-16,1.527e-15
MKL,985,4.101e-16,3.984e-16,1.126e-15
VectorFFT,986,6.899e-16,1.047e-15,2.083e-15
MKL,986,2.574e-16,2.537e-16,7.699e-16
VectorFFT,987,3.935e-16,4.261e-16,1.020e-15
MKL,987,3.243e-16,4.122e-16,1.004e-15
VectorFFT,988,4.336e-16,5.040e-16,1.154e-15
MKL,988,2.729e-16,3.012e-16,7.742e-16
VectorFFT,989,7.252e-16,1.113e-15,2.166e-15
MKL,989,3.967e-16,4.592e-16,1.484e-15
VectorFFT,990,3.882e-16,4.035e-16,1.109e-15
MKL,990,2.851e-16,2.574e-16,8.236e-16
VectorFFT,991,3.945e-16,3.448e-16,1.237e-15
MKL,991,4.415e-16,4.448e-16,1.373e-15
VectorFFT,992,9.982e-16,1.236e-15,3.804e-15
MKL,992,2.272e-16,2.518e-16,6.497e-16
VectorFFT,993,3.700e-16,4.146e-16,1.232e-15
MKL,993,4.068e-16,4.478e-16,1.388e-15
VectorFFT,994,3.819e-16,3.903e-16,1.159e-15
MKL,994,2.894e-16,3.992e-16,8.854e-16
VectorFFT,995,3.954e-16,4.836e-16,1.400e-15
MKL,995,4.247e-16,5.263e-16,1.328e-15
VectorFFT,996,4.488e-16,4.812e-16,1.300e-15
MKL,996,2.844e-16,3.689e-16,8.287e-16
VectorFFT,997,3.858e-16,3.729e-16,1.176e-15
MKL,997,4.283e-16,4.148e-16,1.352e-15
VectorFFT,998,3.876e-16,4.606e-16,1.302e-15
MKL,998,4.146e-16,5.890e-16,1.243e-15
VectorFFT,999,4.615e-16,4.542e-16,1.431e-15
MKL,999,4.411e-16,3.986e-16,1.498e-15
VectorFFT,1000,3.138e-16,3.455e-16,9.671e-16
MKL,1000,2.653e-16,3.199e-16,7.574e-16
VectorFFT,1001,5.039e-16,5.823e-16,1.624e-15
MKL,1001,2.886e-16,3.137e-16,8.653e-16
VectorFFT,1002,4.692e-16,3.754e-16,1.354e-15
MKL,1002,4.052e-16,4.778e-16,1.270e-15
VectorFFT,1003,3.947e-16,4.101e-16,1.118e-15
MKL,1003,3.444e-16,3.793e-16,1.106e-15
VectorFFT,1004,3.890e-16,3.646e-16,1.410e-15
MKL,1004,4.199e-16,4.614e-16,1.266e-15
VectorFFT,1005,3.792e-16,3.271e-16,1.355e-15
MKL,1005,3.191e-16,3.150e-16,1.071e-15
VectorFFT,1006,3.838e-16,3.662e-16,1.093e-15
MKL,1006,4.176e-16,3.812e-16,1.469e-15
VectorFFT,1007,4.587e-16,4.369e-16,1.328e-15
MKL,1007,3.371e-16,3.423e-16,1.030e-15
VectorFFT,1008,3.996e-16,4.358e-16,1.252e-15
MKL,1008,2.445e-16,2.488e-16,7.327e-16
VectorFFT,1009,4.684e-16,6.488e-16,1.642e-15
MKL,1009,4.222e-16,4.869e-16,1.270e-15
VectorFFT,1010,3.966e-16,4.382e-16,1.401e-15
MKL,1010,3.088e-16,3.941e-16,9.081e-16
VectorFFT,1011,3.909e-16,4.204e-16,1.067e-15
MKL,1011,4.304e-16,4.824e-16,1.427e-15
VectorFFT,1012,3.929e-16,5.070e-16,1.261e-15
MKL,1012,2.371e-16,2.576e-16,6.749e-16
VectorFFT,1013,4.704e-16,5.442e-16,1.411e-15
MKL,1013,4.489e-16,4.747e-16,1.586e-15
VectorFFT,1014,5.197e-16,6.103e-16,1.386e-15
MKL,1014,2.589e-16,3.270e-16,7.894e-16
VectorFFT,1015,4.472e-16,5.248e-16,1.374e-15
MKL,1015,3.952e-16,4.038e-16,1.155e-15
VectorFFT,1016,3.876e-16,4.025e-16,1.194e-15
MKL,1016,3.047e-16,4.178e-16,9.395e-16
VectorFFT,1017,4.659e-16,5.241e-16,1.666e-15
MKL,1017,4.204e-16,5.490e-16,1.604e-15
VectorFFT,1018,3.836e-16,3.608e-16,1.301e-15
MKL,1018,4.075e-16,3.370e-16,1.315e-15
VectorFFT,1019,4.714e-16,5.707e-16,1.307e-15
MKL,1019,4.502e-16,5.361e-16,1.434e-15
VectorFFT,1020,4.527e-16,5.259e-16,1.304e-15
MKL,1020,2.633e-16,2.892e-16,9.201e-16
VectorFFT,1021,4.725e-16,4.510e-16,1.420e-15
MKL,1021,4.320e-16,4.513e-16,1.145e-15
VectorFFT,1022,3.853e-16,4.132e-16,1.280e-15
MKL,1022,3.017e-16,3.474e-16,9.459e-16
VectorFFT,1023,4.309e-16,4.948e-16,1.237e-15
MKL,1023,2.966e-16,4.227e-16,8.384e-16
VectorFFT,1024,1.906e-16,2.246e-16,5.000e-16
MKL,1024,1.907e-16,2.340e-16,5.556e-16
VectorFFT,1025,3.701e-16,4.140e-16,9.375e-16
MKL,1025,3.998e-16,4.264e-16,1.166e-15
VectorFFT,1026,4.332e-16,4.533e-16,1.269e-15
MKL,1026,2.791e-16,3.043e-16,9.269e-16
VectorFFT,1027,3.161e-16,3.310e-16,1.017e-15
MKL,1027,3.400e-16,3.731e-16,1.170e-15
VectorFFT,1028,3.070e-16,3.562e-16,9.487e-16
MKL,1028,4.284e-16,5.908e-16,1.317e-15
VectorFFT,1029,4.274e-16,5.687e-16,1.316e-15
MKL,1029,2.909e-16,3.626e-16,7.910e-16
VectorFFT,1030,3.111e-16,3.019e-16,9.043e-16
MKL,1030,3.247e-16,4.682e-16,9.740e-16
VectorFFT,1031,3.190e-16,3.017e-16,9.706e-16
MKL,1031,4.451e-16,4.180e-16,1.282e-15
VectorFFT,1032,3.925e-16,4.438e-16,1.316e-15
MKL,1032,2.561e-16,3.446e-16,8.549e-16
VectorFFT,1033,6.772e-16,6.749e-16,2.063e-15
MKL,1033,4.480e-16,4.768e-16,1.347e-15
VectorFFT,1034,5.353e-16,7.799e-16,1.895e-15
MKL,1034,2.857e-16,2.960e-16,8.749e-16
VectorFFT,1035,4.943e-16,5.048e-16,1.428e-15
MKL,1035,4.046e-16,4.708e-16,1.184e-15
VectorFFT,1036,4.348e-16,5.941e-16,1.293e-15
MKL,1036,2.447e-16,4.249e-16,8.793e-16
VectorFFT,1037,3.124e-16,3.607e-16,1.053e-15
MKL,1037,3.001e-16,3.554e-16,8.852e-16
VectorFFT,1038,3.232e-16,3.393e-16,9.956e-16
MKL,1038,4.527e-16,5.591e-16,1.604e-15
VectorFFT,1039,3.320e-16,2.687e-16,1.021e-15
MKL,1039,4.576e-16,3.462e-16,1.257e-15
VectorFFT,1040,3.801e-16,4.603e-16,1.021e-15
MKL,1040,2.520e-16,3.568e-16,8.582e-16
VectorFFT,1041,3.138e-16,3.193e-16,1.005e-15
MKL,1041,4.646e-16,4.428e-16,1.542e-15
VectorFFT,1042,3.145e-16,2.422e-16,8.850e-16
MKL,1042,4.439e-16,3.662e-16,1.394e-15
VectorFFT,1043,3.235e-16,2.960e-16,9.590e-16
MKL,1043,4.370e-16,4.232e-16,1.192e-15
VectorFFT,1044,4.185e-16,4.748e-16,1.159e-15
MKL,1044,2.564e-16,3.468e-16,8.903e-16
VectorFFT,1045,4.270e-16,4.754e-16,1.175e-15
MKL,1045,2.875e-16,3.370e-16,9.066e-16
VectorFFT,1046,3.213e-16,4.093e-16,1.015e-15
MKL,1046,4.491e-16,5.270e-16,1.445e-15
VectorFFT,1047,3.191e-16,3.273e-16,1.075e-15
MKL,1047,4.646e-16,5.855e-16,1.471e-15
VectorFFT,1048,3.106e-16,3.585e-16,1.014e-15
MKL,1048,3.189e-16,3.749e-16,9.459e-16
VectorFFT,1049,3.209e-16,3.147e-16,9.597e-16
MKL,1049,4.514e-16,4.155e-16,1.333e-15
VectorFFT,1050,3.563e-16,4.800e-16,1.121e-15
MKL,1050,2.814e-16,3.421e-16,8.383e-16
VectorFFT,1051,6.933e-16,1.215e-15,2.077e-15
MKL,1051,4.399e-16,3.911e-16,1.428e-15
VectorFFT,1052,3.124e-16,2.702e-16,8.656e-16
MKL,1052,4.568e-16,3.791e-16,1.246e-15
VectorFFT,1053,5.091e-16,6.179e-16,1.309e-15
MKL,1053,4.474e-16,5.350e-16,1.403e-15
VectorFFT,1054,7.114e-16,7.923e-16,2.211e-15
MKL,1054,2.650e-16,2.812e-16,8.385e-16
VectorFFT,1055,3.286e-16,5.001e-16,1.001e-15
MKL,1055,4.543e-16,5.100e-16,1.336e-15
VectorFFT,1056,3.473e-16,3.689e-16,1.057e-15
MKL,1056,2.379e-16,2.687e-16,7.255e-16
VectorFFT,1057,3.155e-16,3.485e-16,1.169e-15
MKL,1057,4.587e-16,4.726e-16,1.444e-15
VectorFFT,1058,8.665e-16,1.632e-15,2.931e-15
MKL,1058,2.772e-16,3.209e-16,8.605e-16
VectorFFT,1059,3.235e-16,4.186e-16,1.089e-15
MKL,1059,4.810e-16,5.764e-16,1.557e-15
VectorFFT,1060,3.209e-16,3.413e-16,1.049e-15
MKL,1060,2.730e-16,3.726e-16,7.969e-16
VectorFFT,1061,3.232e-16,3.553e-16,1.162e-15
MKL,1061,4.780e-16,5.523e-16,1.553e-15
VectorFFT,1062,3.329e-16,3.375e-16,9.978e-16
MKL,1062,2.743e-16,3.256e-16,7.996e-16
VectorFFT,1063,3.195e-16,3.679e-16,1.186e-15
MKL,1063,4.573e-16,4.762e-16,1.550e-15
VectorFFT,1064,3.254e-16,3.216e-16,1.006e-15
MKL,1064,2.564e-16,3.115e-16,9.122e-16
VectorFFT,1065,3.103e-16,3.456e-16,1.059e-15
MKL,1065,3.882e-16,4.467e-16,9.810e-16
VectorFFT,1066,5.681e-16,7.254e-16,2.020e-15
MKL,1066,2.696e-16,3.557e-16,8.136e-16
VectorFFT,1067,3.193e-16,4.120e-16,1.251e-15
MKL,1067,4.548e-16,5.324e-16,1.320e-15
VectorFFT,1068,3.208e-16,3.357e-16,8.891e-16
MKL,1068,2.937e-16,3.738e-16,1.038e-15
VectorFFT,1069,3.196e-16,3.269e-16,9.705e-16
MKL,1069,4.421e-16,4.958e-16,1.583e-15
VectorFFT,1070,3.243e-16,2.923e-16,1.006e-15
MKL,1070,3.324e-16,3.738e-16,9.470e-16
VectorFFT,1071,5.474e-16,6.329e-16,1.681e-15
MKL,1071,3.485e-16,3.161e-16,9.437e-16
VectorFFT,1072,3.040e-16,2.838e-16,8.681e-16
MKL,1072,2.610e-16,2.867e-16,7.168e-16
VectorFFT,1073,4.410e-16,4.361e-16,1.099e-15
MKL,1073,3.348e-16,3.153e-16,9.801e-16
VectorFFT,1074,3.193e-16,2.790e-16,9.250e-16
MKL,1074,4.592e-16,4.256e-16,1.481e-15
VectorFFT,1075,4.074e-16,4.294e-16,1.074e-15
MKL,1075,3.163e-16,3.724e-16,9.063e-16
VectorFFT,1076,3.212e-16,3.402e-16,1.042e-15
MKL,1076,4.588e-16,6.799e-16,1.517e-15
VectorFFT,1077,3.153e-16,3.191e-16,9.855e-16
MKL,1077,4.440e-16,4.347e-16,1.539e-15
VectorFFT,1078,4.110e-16,4.353e-16,1.366e-15
MKL,1078,2.682e-16,2.461e-16,8.894e-16
VectorFFT,1079,3.185e-16,3.154e-16,9.896e-16
MKL,1079,3.222e-16,3.243e-16,9.589e-16
VectorFFT,1080,4.159e-16,4.770e-16,1.096e-15
MKL,1080,2.514e-16,2.506e-16,7.102e-16
VectorFFT,1081,4.354e-16,4.184e-16,1.251e-15
MKL,1081,3.729e-16,4.163e-16,1.001e-15
VectorFFT,1082,3.267e-16,3.778e-16,8.897e-16
MKL,1082,4.395e-16,4.936e-16,1.511e-15
VectorFFT,1083,4.311e-16,4.745e-16,1.171e-15
MKL,1083,3.255e-16,3.747e-16,1.065e-15
VectorFFT,1084,3.219e-16,3.644e-16,1.066e-15
MKL,1084,4.377e-16,5.802e-16,1.526e-15
VectorFFT,1085,4.111e-16,4.682e-16,1.455e-15
MKL,1085,3.577e-16,4.566e-16,8.870e-16
VectorFFT,1086,3.094e-16,3.438e-16,9.536e-16
MKL,1086,4.469e-16,4.650e-16,1.403e-15
VectorFFT,1087,3.133e-16,3.184e-16,9.441e-16
MKL,1087,4.633e-16,5.187e-16,1.532e-15
VectorFFT,1088,4.226e-16,5.154e-16,1.075e-15
MKL,1088,2.229e-16,3.031e-16,6.315e-16
VectorFFT,1089,4.055e-16,4.379e-16,1.033e-15
MKL,1089,3.797e-16,4.548e-16,1.158e-15
VectorFFT,1090,3.270e-16,3.553e-16,1.073e-15
MKL,1090,3.232e-16,4.975e-16,9.657e-16
VectorFFT,1091,3.200e-16,3.414e-16,1.045e-15
MKL,1091,4.532e-16,4.549e-16,1.314e-15
VectorFFT,1092,4.489e-16,5.872e-16,1.309e-15
MKL,1092,2.518e-16,2.737e-16,7.138e-16
VectorFFT,1093,7.906e-16,8.306e-16,2.152e-15
MKL,1093,4.554e-16,4.582e-16,1.536e-15
VectorFFT,1094,3.238e-16,3.340e-16,9.686e-16
MKL,1094,4.610e-16,4.638e-16,1.541e-15
VectorFFT,1095,3.287e-16,2.796e-16,1.094e-15
MKL,1095,4.522e-16,4.014e-16,1.613e-15
VectorFFT,1096,3.353e-16,3.825e-16,1.026e-15
MKL,1096,3.183e-16,4.549e-16,1.050e-15
VectorFFT,1097,3.255e-16,3.777e-16,9.579e-16
MKL,1097,4.515e-16,4.350e-16,1.360e-15
VectorFFT,1098,3.243e-16,2.951e-16,8.630e-16
MKL,1098,3.050e-16,3.581e-16,8.493e-16
VectorFFT,1099,3.287e-16,3.408e-16,9.760e-16
MKL,1099,4.590e-16,4.854e-16,1.570e-15
VectorFFT,1100,3.263e-16,3.494e-16,1.095e-15
MKL,1100,2.632e-16,2.606e-16,7.172e-16
VectorFFT,1101,3.238e-16,2.987e-16,1.054e-15
MKL,1101,4.698e-16,4.732e-16,1.544e-15
VectorFFT,1102,7.127e-16,7.877e-16,2.480e-15
MKL,1102,2.578e-16,2.601e-16,8.961e-16
VectorFFT,1103,3.215e-16,3.375e-16,9.791e-16
MKL,1103,4.550e-16,5.047e-16,1.358e-15
VectorFFT,1104,4.077e-16,4.734e-16,1.298e-15
MKL,1104,2.397e-16,2.552e-16,7.421e-16
VectorFFT,1105,5.343e-16,5.113e-16,1.556e-15
MKL,1105,3.141e-16,2.505e-16,7.980e-16
VectorFFT,1106,3.277e-16,3.299e-16,1.019e-15
MKL,1106,3.364e-16,3.982e-16,9.896e-16
VectorFFT,1107,4.393e-16,4.760e-16,1.361e-15
MKL,1107,3.237e-16,5.260e-16,1.122e-15
VectorFFT,1108,3.208e-16,3.773e-16,1.014e-15
MKL,1108,4.533e-16,4.258e-16,1.597e-15
VectorFFT,1109,3.217e-16,2.748e-16,1.047e-15
MKL,1109,4.647e-16,4.440e-16,1.477e-15
VectorFFT,1110,4.041e-16,4.213e-16,1.297e-15
MKL,1110,2.715e-16,2.704e-16,8.810e-16
VectorFFT,1111,3.224e-16,3.080e-16,9.748e-16
MKL,1111,4.548e-16,3.968e-16,1.467e-15
VectorFFT,1112,3.273e-16,2.728e-16,1.163e-15
MKL,1112,3.336e-16,4.254e-16,9.676e-16
VectorFFT,1113,3.269e-16,3.225e-16,1.115e-15
MKL,1113,3.232e-16,2.528e-16,9.106e-16
VectorFFT,1114,3.228e-16,3.334e-16,1.033e-15
MKL,1114,4.657e-16,4.803e-16,1.215e-15
VectorFFT,1115,3.207e-16,3.189e-16,9.670e-16
MKL,1115,4.631e-16,4.840e-16,1.283e-15
VectorFFT,1116,4.096e-16,4.509e-16,1.285e-15
MKL,1116,2.533e-16,3.058e-16,7.374e-16
VectorFFT,1117,7.754e-16,1.119e-15,2.053e-15
MKL,1117,4.700e-16,4.551e-16,1.642e-15
VectorFFT,1118,6.583e-16,8.813e-16,2.956e-15
MKL,1118,2.610e-16,3.225e-16,8.082e-16
VectorFFT,1119,3.222e-16,3.211e-16,1.090e-15
MKL,1119,4.558e-16,5.291e-16,1.489e-15
VectorFFT,1120,2.697e-16,2.747e-16,8.478e-16
MKL,1120,2.468e-16,2.600e-16,7.204e-16
VectorFFT,1121,3.244e-16,4.162e-16,1.156e-15
MKL,1121,3.127e-16,3.346e-16,9.242e-16
VectorFFT,1122,4.845e-16,6.240e-16,1.429e-15
MKL,1122,3.025e-16,3.272e-16,8.839e-16
VectorFFT,1123,8.565e-16,7.578e-16,2.232e-15
MKL,1123,4.622e-16,4.298e-16,1.451e-15
VectorFFT,1124,3.202e-16,3.372e-16,1.012e-15
MKL,1124,4.753e-16,7.172e-16,1.621e-15
VectorFFT,1125,4.311e-16,5.645e-16,1.458e-15
MKL,1125,5.165e-16,5.106e-16,1.532e-15
VectorFFT,1126,3.435e-16,2.982e-16,1.020e-15
MKL,1126,4.634e-16,4.148e-16,1.615e-15
VectorFFT,1127,3.865e-16,3.375e-16,1.058e-15
MKL,1127,3.209e-16,3.427e-16,9.442e-16
VectorFFT,1128,4.767e-16,6.118e-16,1.396e-15
MKL,1128,2.559e-16,2.964e-16,7.653e-16
VectorFFT,1129,3.213e-16,3.332e-16,9.175e-16
MKL,1129,4.464e-16,4.657e-16,1.280e-15
VectorFFT,1130,3.366e-16,3.352e-16,8.913e-16
MKL,1130,3.452e-16,4.504e-16,1.033e-15
VectorFFT,1131,4.908e-16,5.488e-16,1.430e-15
MKL,1131,3.970e-16,5.588e-16,1.219e-15
VectorFFT,1132,3.266e-16,3.403e-16,9.656e-16
MKL,1132,4.633e-16,5.177e-16,1.423e-15
VectorFFT,1133,3.268e-16,3.151e-16,1.168e-15
MKL,1133,4.525e-16,4.345e-16,1.427e-15
VectorFFT,1134,4.323e-16,5.631e-16,1.196e-15
MKL,1134,2.916e-16,3.328e-16,9.418e-16
VectorFFT,1135,3.332e-16,3.260e-16,1.002e-15
MKL,1135,4.681e-16,4.882e-16,1.432e-15
VectorFFT,1136,3.308e-16,3.521e-16,1.019e-15
MKL,1136,2.650e-16,2.705e-16,8.096e-16
VectorFFT,1137,3.307e-16,3.443e-16,1.026e-15
MKL,1137,4.530e-16,4.678e-16,1.308e-15
VectorFFT,1138,3.290e-16,3.615e-16,1.002e-15
MKL,1138,4.598e-16,5.780e-16,1.500e-15
VectorFFT,1139,3.262e-16,2.743e-16,1.007e-15
MKL,1139,3.019e-16,3.160e-16,8.561e-16
VectorFFT,1140,4.016e-16,4.061e-16,1.260e-15
MKL,1140,2.571e-16,2.819e-16,7.343e-16
VectorFFT,1141,3.528e-16,3.211e-16,1.465e-15
MKL,1141,4.685e-16,4.775e-16,1.544e-15
VectorFFT,1142,3.272e-16,2.966e-16,1.017e-15
MKL,1142,4.705e-16,4.789e-16,1.430e-15
VectorFFT,1143,3.298e-16,3.249e-16,9.791e-16
MKL,1143,4.890e-16,5.480e-16,1.539e-15
VectorFFT,1144,4.042e-16,5.343e-16,1.266e-15
MKL,1144,2.436e-16,2.542e-16,8.646e-16
VectorFFT,1145,3.136e-16,3.783e-16,1.031e-15
MKL,1145,4.692e-16,4.910e-16,1.492e-15
VectorFFT,1146,3.261e-16,3.184e-16,9.253e-16
MKL,1146,4.517e-16,6.444e-16,1.474e-15
VectorFFT,1147,7.442e-16,1.258e-15,2.351e-15
MKL,1147,2.951e-16,3.593e-16,8.936e-16
VectorFFT,1148,3.354e-16,4.139e-16,1.034e-15
MKL,1148,2.571e-16,2.984e-16,7.405e-16
VectorFFT,1149,3.243e-16,4.481e-16,9.856e-16
MKL,1149,4.821e-16,4.905e-16,1.670e-15
VectorFFT,1150,4.014e-16,4.819e-16,1.219e-15
MKL,1150,2.774e-16,2.731e-16,8.430e-16
VectorFFT,1151,7.092e-16,7.672e-16,2.150e-15
MKL,1151,4.647e-16,5.104e-16,1.439e-15
VectorFFT,1152,3.239e-16,3.308e-16,7.576e-16
MKL,1152,2.267e-16,2.620e-16,7.555e-16
VectorFFT,1153,5.754e-16,6.084e-16,1.447e-15
MKL,1153,4.614e-16,4.631e-16,1.310e-15
VectorFFT,1154,3.284e-16,3.371e-16,9.234e-16
MKL,1154,4.384e-16,4.290e-16,1.339e-15
VectorFFT,1155,3.618e-16,4.063e-16,9.461e-16
MKL,1155,4.114e-16,6.388e-16,1.165e-15
VectorFFT,1156,5.215e-16,4.354e-16,1.234e-15
MKL,1156,2.792e-16,2.224e-16,8.740e-16
VectorFFT,1157,3.191e-16,2.974e-16,1.153e-15
MKL,1157,3.159e-16,2.907e-16,9.727e-16
VectorFFT,1158,3.371e-16,3.693e-16,1.041e-15
MKL,1158,4.508e-16,3.738e-16,1.415e-15
VectorFFT,1159,3.205e-16,3.108e-16,1.077e-15
MKL,1159,3.189e-16,3.517e-16,1.082e-15
VectorFFT,1160,4.850e-16,8.089e-16,1.401e-15
MKL,1160,2.461e-16,3.066e-16,7.703e-16
VectorFFT,1161,4.759e-16,5.806e-16,1.400e-15
MKL,1161,3.868e-16,4.738e-16,1.156e-15
VectorFFT,1162,3.313e-16,3.070e-16,1.293e-15
MKL,1162,3.005e-16,3.143e-16,1.088e-15
VectorFFT,1163,3.304e-16,3.816e-16,1.097e-15
MKL,1163,4.654e-16,5.579e-16,1.400e-15
VectorFFT,1164,3.352e-16,3.486e-16,1.055e-15
MKL,1164,2.950e-16,3.616e-16,9.312e-16
VectorFFT,1165,3.343e-16,3.038e-16,1.219e-15
MKL,1165,4.285e-16,4.783e-16,1.311e-15
VectorFFT,1166,3.267e-16,3.240e-16,1.177e-15
MKL,1166,2.818e-16,4.420e-16,8.370e-16
VectorFFT,1167,3.205e-16,3.412e-16,9.122e-16
MKL,1167,4.507e-16,4.126e-16,1.342e-15
VectorFFT,1168,3.302e-16,3.508e-16,1.017e-15
MKL,1168,2.695e-16,3.551e-16,7.872e-16
VectorFFT,1169,3.282e-16,3.471e-16,8.587e-16
MKL,1169,4.435e-16,5.014e-16,1.233e-15
VectorFFT,1170,4.673e-16,5.454e-16,1.307e-15
MKL,1170,2.808e-16,2.976e-16,8.899e-16
VectorFFT,1171,8.206e-16,8.145e-16,2.341e-15
MKL,1171,4.314e-16,4.840e-16,1.393e-15
VectorFFT,1172,3.253e-16,3.778e-16,1.140e-15
MKL,1172,4.388e-16,5.440e-16,1.431e-15
VectorFFT,1173,6.814e-16,7.899e-16,2.541e-15
MKL,1173,3.963e-16,4.123e-16,1.169e-15
VectorFFT,1174,3.315e-16,3.519e-16,1.037e-15
MKL,1174,4.366e-16,4.282e-16,1.556e-15
VectorFFT,1175,4.334e-16,4.226e-16,1.261e-15
MKL,1175,3.088e-16,2.898e-16,1.187e-15
VectorFFT,1176,3.040e-16,3.174e-16,8.694e-16
MKL,1176,2.430e-16,2.555e-16,6.374e-16
VectorFFT,1177,3.191e-16,2.845e-16,1.104e-15
MKL,1177,4.445e-16,3.891e-16,1.417e-15
VectorFFT,1178,7.381e-16,1.085e-15,2.413e-15
MKL,1178,2.690e-16,3.587e-16,7.352e-16
VectorFFT,1179,3.378e-16,3.303e-16,9.461e-16
MKL,1179,4.446e-16,4.590e-16,1.404e-15
VectorFFT,1180,3.245e-16,3.527e-16,8.949e-16
MKL,1180,2.797e-16,3.591e-16,8.893e-16
VectorFFT,1181,3.332e-16,3.296e-16,9.215e-16
MKL,1181,4.376e-16,4.352e-16,1.528e-15
VectorFFT,1182,3.238e-16,3.581e-16,9.364e-16
MKL,1182,4.463e-16,4.475e-16,1.498e-15
VectorFFT,1183,4.855e-16,5.553e-16,1.410e-15
MKL,1183,2.905e-16,2.659e-16,1.176e-15
VectorFFT,1184,3.341e-16,2.865e-16,8.842e-16
MKL,1184,2.408e-16,2.150e-16,7.805e-16
VectorFFT,1185,3.289e-16,2.960e-16,1.355e-15
MKL,1185,3.778e-16,3.386e-16,1.079e-15
VectorFFT,1186,3.410e-16,3.941e-16,1.085e-15
MKL,1186,4.373e-16,5.841e-16,1.320e-15
VectorFFT,1187,3.349e-16,3.752e-16,1.046e-15
MKL,1187,4.815e-16,5.649e-16,1.530e-15
VectorFFT,1188,4.217e-16,5.003e-16,1.316e-15
MKL,1188,2.580e-16,2.592e-16,7.183e-16
VectorFFT,1189,4.174e-16,4.503e-16,1.052e-15
MKL,1189,2.947e-16,3.355e-16,8.924e-16
VectorFFT,1190,4.202e-16,4.538e-16,1.124e-15
MKL,1190,3.033e-16,3.783e-16,9.499e-16
VectorFFT,1191,3.275e-16,3.778e-16,9.736e-16
MKL,1191,4.832e-16,5.367e-16,1.703e-15
VectorFFT,1192,3.347e-16,3.696e-16,1.084e-15
MKL,1192,3.362e-16,5.297e-16,9.286e-16
VectorFFT,1193,3.229e-16,4.190e-16,1.089e-15
MKL,1193,4.457e-16,4.997e-16,1.239e-15
VectorFFT,1194,3.357e-16,3.333e-16,1.052e-15
MKL,1194,4.345e-16,3.959e-16,1.219e-15
VectorFFT,1195,3.427e-16,4.063e-16,1.047e-15
MKL,1195,4.353e-16,5.326e-16,1.390e-15
VectorFFT,1196,4.663e-16,6.064e-16,1.455e-15
MKL,1196,2.486e-16,2.716e-16,6.821e-16
VectorFFT,1197,7.947e-16,1.211e-15,2.580e-15
MKL,1197,3.280e-16,4.250e-16,9.240e-16
VectorFFT,1198,3.331e-16,3.194e-16,1.027e-15
MKL,1198,4.342e-16,4.487e-16,1.454e-15
VectorFFT,1199,3.367e-16,3.977e-16,9.807e-16
MKL,1199,4.432e-16,4.587e-16,1.154e-15
VectorFFT,1200,3.668e-16,3.782e-16,1.089e-15
MKL,1200,2.636e-16,3.232e-16,8.225e-16
VectorFFT,1201,6.910e-16,8.385e-16,1.996e-15
MKL,1201,4.877e-16,6.251e-16,1.434e-15
VectorFFT,1202,3.274e-16,3.943e-16,9.916e-16
MKL,1202,4.374e-16,4.290e-16,1.455e-15
VectorFFT,1203,3.347e-16,4.953e-16,1.094e-15
MKL,1203,4.310e-16,4.534e-16,1.230e-15
VectorFFT,1204,4.496e-16,5.459e-16,1.357e-15
MKL,1204,2.634e-16,2.814e-16,8.181e-16
VectorFFT,1205,3.336e-16,3.540e-16,9.722e-16
MKL,1205,4.492e-16,4.258e-16,1.320e-15
VectorFFT,1206,3.350e-16,3.478e-16,1.032e-15
MKL,1206,2.925e-16,3.826e-16,9.101e-16
VectorFFT,1207,3.310e-16,2.950e-16,9.703e-16
MKL,1207,3.178e-16,2.595e-16,1.108e-15
VectorFFT,1208,3.401e-16,3.633e-16,9.699e-16
MKL,1208,4.357e-16,4.604e-16,1.438e-15
VectorFFT,1209,5.138e-16,5.374e-16,1.393e-15
MKL,1209,3.106e-16,3.728e-16,1.046e-15
VectorFFT,1210,3.398e-16,3.335e-16,1.126e-15
MKL,1210,2.988e-16,2.819e-16,8.854e-16
VectorFFT,1211,3.479e-16,3.658e-16,1.166e-15
MKL,1211,4.723e-16,4.623e-16,1.368e-15
VectorFFT,1212,3.303e-16,3.498e-16,1.089e-15
MKL,1212,3.040e-16,3.947e-16,9.430e-16
VectorFFT,1213,3.290e-16,2.930e-16,9.988e-16
MKL,1213,4.361e-16,4.049e-16,1.245e-15
VectorFFT,1214,3.283e-16,2.961e-16,1.306e-15
MKL,1214,4.469e-16,4.768e-16,1.313e-15
VectorFFT,1215,4.610e-16,5.265e-16,1.275e-15
MKL,1215,4.843e-16,5.898e-16,1.402e-15
VectorFFT,1216,3.348e-16,3.871e-16,9.517e-16
MKL,1216,2.413e-16,2.645e-16,6.872e-16
VectorFFT,1217,5.615e-16,5.561e-16,1.380e-15
MKL,1217,4.851e-16,5.895e-16,1.758e-15
VectorFFT,1218,4.745e-16,4.896e-16,1.906e-15
MKL,1218,2.875e-16,3.113e-16,9.924e-16
VectorFFT,1219,3.452e-16,2.971e-16,1.051e-15
MKL,1219,3.058e-16,3.596e-16,8.191e-16
VectorFFT,1220,3.356e-16,3.008e-16,9.063e-16
MKL,1220,2.833e-16,3.570e-16,7.798e-16
VectorFFT,1221,4.096e-16,4.788e-16,1.416e-15
MKL,1221,4.017e-16,4.843e-16,1.057e-15
VectorFFT,1222,6.053e-16,8.639e-16,2.151e-15
MKL,1222,2.666e-16,2.750e-16,9.361e-16
VectorFFT,1223,3.328e-16,4.025e-16,9.581e-16
MKL,1223,4.496e-16,4.905e-16,1.575e-15
VectorFFT,1224,5.013e-16,5.133e-16,1.318e-15
MKL,1224,2.609e-16,2.316e-16,7.355e-16
VectorFFT,1225,3.605e-16,4.865e-16,1.214e-15
MKL,1225,3.140e-16,3.469e-16,9.415e-16
VectorFFT,1226,3.425e-16,3.420e-16,1.090e-15
MKL,1226,4.570e-16,4.415e-16,1.588e-15
VectorFFT,1227,3.295e-16,3.355e-16,1.162e-15
MKL,1227,4.760e-16,5.666e-16,1.606e-15
VectorFFT,1228,3.365e-16,3.206e-16,1.007e-15
MKL,1228,4.432e-16,4.083e-16,1.450e-15
VectorFFT,1229,3.321e-16,3.001e-16,1.130e-15
MKL,1229,4.541e-16,4.098e-16,1.309e-15
VectorFFT,1230,3.791e-16,3.315e-16,1.163e-15
MKL,1230,3.149e-16,2.975e-16,9.163e-16
VectorFFT,1231,3.311e-16,3.622e-16,1.167e-15
MKL,1231,4.790e-16,4.668e-16,1.599e-15
VectorFFT,1232,2.901e-16,3.292e-16,8.069e-16
MKL,1232,2.424e-16,2.492e-16,7.308e-16
VectorFFT,1233,3.459e-16,3.691e-16,1.031e-15
MKL,1233,4.662e-16,4.369e-16,1.377e-15
VectorFFT,1234,3.354e-16,4.152e-16,1.092e-15
MKL,1234,4.368e-16,5.424e-16,1.514e-15
VectorFFT,1235,4.717e-16,5.530e-16,1.199e-15
MKL,1235,4.081e-16,4.385e-16,1.209e-15
VectorFFT,1236,3.324e-16,3.443e-16,8.833e-16
MKL,1236,3.115e-16,4.653e-16,8.502e-16
VectorFFT,1237,3.313e-16,3.471e-16,1.067e-15
MKL,1237,4.554e-16,4.547e-16,1.368e-15
VectorFFT,1238,3.469e-16,3.665e-16,1.206e-15
MKL,1238,4.529e-16,5.126e-16,1.383e-15
VectorFFT,1239,3.383e-16,4.192e-16,9.726e-16
MKL,1239,4.252e-16,4.124e-16,1.087e-15
VectorFFT,1240,3.927e-16,4.396e-16,1.213e-15
MKL,1240,2.651e-16,3.478e-16,7.483e-16
VectorFFT,1241,3.366e-16,3.402e-16,9.865e-16
MKL,1241,3.238e-16,3.522e-16,1.160e-15
VectorFFT,1242,5.743e-16,8.041e-16,2.168e-15
MKL,1242,3.028e-16,3.714e-16,8.348e-16
VectorFFT,1243,3.389e-16,3.937e-16,1.105e-15
MKL,1243,4.507e-16,4.274e-16,1.150e-15
VectorFFT,1244,3.423e-16,2.650e-16,1.089e-15
MKL,1244,4.439e-16,3.527e-16,1.281e-15
VectorFFT,1245,3.434e-16,3.521e-16,1.065e-15
MKL,1245,3.236e-16,2.710e-16,9.165e-16
VectorFFT,1246,3.309e-16,3.686e-16,1.017e-15
MKL,1246,3.110e-16,4.046e-16,9.137e-16
VectorFFT,1247,1.119e-15,2.184e-15,4.780e-15
MKL,1247,3.015e-16,3.384e-16,1.035e-15
VectorFFT,1248,4.216e-16,6.150e-16,1.350e-15
MKL,1248,2.457e-16,2.884e-16,7.673e-16
VectorFFT,1249,6.984e-16,8.151e-16,1.791e-15
MKL,1249,4.452e-16,4.290e-16,1.402e-15
VectorFFT,1250,3.358e-16,3.152e-16,1.153e-15
MKL,1250,2.959e-16,2.794e-16,7.729e-16
VectorFFT,1251,3.372e-16,3.728e-16,1.031e-15
MKL,1251,4.584e-16,4.577e-16,1.454e-15
VectorFFT,1252,3.360e-16,3.687e-16,9.756e-16
MKL,1252,4.669e-16,5.867e-16,1.501e-15
VectorFFT,1253,3.431e-16,4.575e-16,1.009e-15
MKL,1253,4.573e-16,4.505e-16,1.593e-15
VectorFFT,1254,4.089e-16,3.646e-16,1.201e-15
MKL,1254,2.732e-16,3.502e-16,7.835e-16
VectorFFT,1255,3.413e-16,3.530e-16,1.080e-15
MKL,1255,4.580e-16,4.451e-16,1.296e-15
VectorFFT,1256,3.277e-16,2.837e-16,1.092e-15
MKL,1256,4.535e-16,4.069e-16,1.531e-15
VectorFFT,1257,3.432e-16,3.462e-16,1.066e-15
MKL,1257,4.525e-16,4.957e-16,1.423e-15
VectorFFT,1258,7.202e-16,9.948e-16,3.134e-15
MKL,1258,3.325e-16,3.911e-16,9.293e-16
VectorFFT,1259,3.354e-16,3.861e-16,1.195e-15
MKL,1259,4.716e-16,4.972e-16,1.379e-15
VectorFFT,1260,4.135e-16,4.443e-16,1.432e-15
MKL,1260,2.701e-16,2.857e-16,8.340e-16
VectorFFT,1261,3.450e-16,3.636e-16,1.085e-15
MKL,1261,4.640e-16,5.299e-16,1.422e-15
VectorFFT,1262,3.339e-16,3.126e-16,1.112e-15
MKL,1262,4.733e-16,5.509e-16,1.483e-15
VectorFFT,1263,3.417e-16,4.203e-16,1.046e-15
MKL,1263,4.482e-16,5.006e-16,1.513e-15
VectorFFT,1264,3.400e-16,3.105e-16,1.085e-15
MKL,1264,2.796e-16,2.986e-16,9.943e-16
VectorFFT,1265,5.640e-16,5.365e-16,2.171e-15
MKL,1265,4.395e-16,4.107e-16,1.270e-15
VectorFFT,1266,3.391e-16,3.126e-16,1.134e-15
MKL,1266,4.428e-16,4.189e-16,1.396e-15
VectorFFT,1267,3.449e-16,4.566e-16,1.151e-15
MKL,1267,4.671e-16,7.546e-16,1.600e-15
VectorFFT,1268,3.410e-16,3.547e-16,1.212e-15
MKL,1268,4.498e-16,3.550e-16,1.438e-15
VectorFFT,1269,4.514e-16,4.208e-16,1.400e-15
MKL,1269,3.730e-16,4.567e-16,1.115e-15
VectorFFT,1270,3.508e-16,3.704e-16,1.265e-15
MKL,1270,3.394e-16,5.415e-16,1.056e-15
VectorFFT,1271,7.853e-16,9.739e-16,2.974e-15
MKL,1271,5.118e-16,5.973e-16,2.204e-15
VectorFFT,1272,3.448e-16,3.421e-16,1.058e-15
MKL,1272,2.638e-16,4.021e-16,7.612e-16
VectorFFT,1273,3.478e-16,3.989e-16,1.142e-15
MKL,1273,3.198e-16,3.829e-16,1.057e-15
VectorFFT,1274,4.749e-16,5.252e-16,1.662e-15
MKL,1274,2.688e-16,3.246e-16,8.926e-16
VectorFFT,1275,4.957e-16,5.386e-16,1.470e-15
MKL,1275,3.965e-16,4.017e-16,1.130e-15
VectorFFT,1276,3.884e-16,4.477e-16,1.155e-15
MKL,1276,2.539e-16,2.715e-16,7.249e-16
VectorFFT,1277,6.838e-16,6.546e-16,2.146e-15
MKL,1277,4.718e-16,4.466e-16,1.464e-15
VectorFFT,1278,3.443e-16,4.168e-16,1.048e-15
MKL,1278,2.910e-16,4.541e-16,1.083e-15
VectorFFT,1279,3.427e-16,3.530e-16,1.005e-15
MKL,1279,4.434e-16,3.971e-16,1.403e-15
VectorFFT,1280,2.441e-16,2.448e-16,7.975e-16
MKL,1280,2.280e-16,2.266e-16,6.498e-16
VectorFFT,1281,3.335e-16,3.306e-16,1.056e-15
MKL,1281,3.105e-16,2.808e-16,8.138e-16
VectorFFT,1282,3.355e-16,3.259e-16,1.239e-15
MKL,1282,4.245e-16,3.995e-16,1.336e-15
VectorFFT,1283,3.469e-16,4.490e-16,1.200e-15
MKL,1283,4.350e-16,4.356e-16,1.337e-15
VectorFFT,1284,3.352e-16,3.728e-16,1.035e-15
MKL,1284,3.139e-16,4.297e-16,1.355e-15
VectorFFT,1285,3.395e-16,3.234e-16,1.065e-15
MKL,1285,4.242e-16,4.421e-16,1.393e-15
VectorFFT,1286,3.327e-16,2.795e-16,1.137e-15
MKL,1286,4.338e-16,3.422e-16,1.268e-15
VectorFFT,1287,4.717e-16,5.302e-16,1.403e-15
MKL,1287,2.952e-16,3.227e-16,8.527e-16
VectorFFT,1288,3.763e-16,4.091e-16,1.300e-15
MKL,1288,2.504e-16,2.688e-16,7.954e-16
VectorFFT,1289,6.657e-16,6.455e-16,1.755e-15
MKL,1289,4.429e-16,4.639e-16,1.312e-15
VectorFFT,1290,4.407e-16,5.016e-16,1.373e-15
MKL,1290,3.178e-16,4.473e-16,1.012e-15
VectorFFT,1291,3.561e-16,3.753e-16,1.135e-15
MKL,1291,4.319e-16,3.878e-16,1.422e-15
VectorFFT,1292,4.565e-16,5.489e-16,1.251e-15
MKL,1292,2.801e-16,3.268e-16,8.076e-16
VectorFFT,1293,3.435e-16,3.913e-16,1.147e-15
MKL,1293,4.283e-16,4.362e-16,1.588e-15
VectorFFT,1294,3.425e-16,3.903e-16,1.026e-15
MKL,1294,4.333e-16,4.045e-16,1.369e-15
VectorFFT,1295,4.355e-16,5.961e-16,1.485e-15
MKL,1295,4.186e-16,4.854e-16,1.290e-15
VectorFFT,1296,4.658e-16,4.600e-16,1.243e-15
MKL,1296,2.541e-16,3.047e-16,8.484e-16
VectorFFT,1297,7.090e-16,6.817e-16,2.191e-15
MKL,1297,4.224e-16,3.896e-16,1.331e-15
VectorFFT,1298,3.429e-16,4.330e-16,1.176e-15
MKL,1298,2.831e-16,3.354e-16,8.237e-16
VectorFFT,1299,3.381e-16,3.182e-16,1.118e-15
MKL,1299,4.302e-16,4.196e-16,1.509e-15
VectorFFT,1300,4.345e-16,6.683e-16,1.368e-15
MKL,1300,2.692e-16,3.581e-16,8.382e-16
VectorFFT,1301,8.340e-16,8.175e-16,2.615e-15
MKL,1301,4.229e-16,4.163e-16,1.225e-15
VectorFFT,1302,4.312e-16,4.623e-16,1.295e-15
MKL,1302,2.628e-16,2.755e-16,8.788e-16
VectorFFT,1303,3.458e-16,3.497e-16,1.171e-15
MKL,1303,4.542e-16,5.084e-16,1.525e-15
VectorFFT,1304,3.474e-16,3.838e-16,1.045e-15
MKL,1304,4.185e-16,4.315e-16,1.596e-15
VectorFFT,1305,4.392e-16,4.315e-16,1.432e-15
MKL,1305,3.200e-16,3.883e-16,1.125e-15
VectorFFT,1306,3.447e-16,3.812e-16,1.131e-15
MKL,1306,4.233e-16,3.664e-16,1.477e-15
VectorFFT,1307,3.442e-16,4.322e-16,1.100e-15
MKL,1307,4.518e-16,5.032e-16,1.511e-15
VectorFFT,1308,3.451e-16,3.172e-16,1.020e-15
MKL,1308,3.051e-16,3.158e-16,9.423e-16
VectorFFT,1309,6.201e-16,1.085e-15,2.046e-15
MKL,1309,3.554e-16,3.798e-16,9.975e-16
VectorFFT,1310,3.414e-16,3.565e-16,1.080e-15
MKL,1310,3.404e-16,3.613e-16,1.130e-15
VectorFFT,1311,4.703e-16,4.253e-16,1.259e-15
MKL,1311,3.232e-16,3.050e-16,1.037e-15
VectorFFT,1312,3.192e-16,3.209e-16,9.362e-16
MKL,1312,2.413e-16,2.780e-16,7.424e-16
VectorFFT,1313,3.457e-16,3.967e-16,1.012e-15
MKL,1313,4.392e-16,5.063e-16,1.368e-15
VectorFFT,1314,3.414e-16,3.906e-16,9.346e-16
MKL,1314,2.999e-16,4.902e-16,8.727e-16
VectorFFT,1315,3.489e-16,3.219e-16,1.027e-15
MKL,1315,4.418e-16,4.312e-16,1.661e-15
VectorFFT,1316,3.617e-16,3.928e-16,1.020e-15
MKL,1316,2.607e-16,3.443e-16,8.095e-16
VectorFFT,1317,3.390e-16,4.083e-16,1.027e-15
MKL,1317,4.529e-16,5.279e-16,1.198e-15
VectorFFT,1318,3.363e-16,3.330e-16,1.031e-15
MKL,1318,4.306e-16,5.009e-16,1.458e-15
VectorFFT,1319,3.477e-16,3.671e-16,9.457e-16
MKL,1319,4.253e-16,4.315e-16,1.470e-15
VectorFFT,1320,3.781e-16,3.845e-16,1.018e-15
MKL,1320,2.516e-16,2.986e-16,7.845e-16
VectorFFT,1321,6.112e-16,1.298e-15,1.534e-15
MKL,1321,4.274e-16,4.283e-16,1.405e-15
VectorFFT,1322,3.419e-16,3.257e-16,1.090e-15
MKL,1322,4.208e-16,3.816e-16,1.237e-15
VectorFFT,1323,4.835e-16,6.841e-16,1.828e-15
MKL,1323,3.495e-16,4.727e-16,8.318e-16
VectorFFT,1324,3.334e-16,3.625e-16,1.076e-15
MKL,1324,4.327e-16,4.606e-16,1.285e-15
VectorFFT,1325,3.420e-16,3.535e-16,9.848e-16
MKL,1325,4.296e-16,5.177e-16,1.366e-15
VectorFFT,1326,5.385e-16,5.357e-16,1.333e-15
MKL,1326,2.581e-16,2.388e-16,7.520e-16
VectorFFT,1327,9.251e-16,8.458e-16,2.984e-15
MKL,1327,4.245e-16,3.651e-16,1.458e-15
VectorFFT,1328,3.429e-16,3.674e-16,1.022e-15
MKL,1328,2.800e-16,3.708e-16,9.113e-16
VectorFFT,1329,3.441e-16,4.223e-16,1.268e-15
MKL,1329,4.390e-16,4.436e-16,1.423e-15
VectorFFT,1330,3.577e-16,3.761e-16,1.033e-15
MKL,1330,2.828e-16,3.378e-16,8.670e-16
VectorFFT,1331,3.669e-16,4.673e-16,1.152e-15
MKL,1331,2.926e-16,3.195e-16,7.605e-16
VectorFFT,1332,4.354e-16,5.081e-16,1.352e-15
MKL,1332,2.609e-16,2.685e-16,8.308e-16
VectorFFT,1333,4.690e-16,5.053e-16,1.349e-15
MKL,1333,3.170e-16,3.111e-16,8.695e-16
VectorFFT,1334,9.525e-16,1.160e-15,3.687e-15
MKL,1334,2.660e-16,3.496e-16,8.852e-16
VectorFFT,1335,3.451e-16,3.496e-16,1.080e-15
MKL,1335,3.616e-16,4.758e-16,1.072e-15
VectorFFT,1336,3.478e-16,3.373e-16,1.009e-15
MKL,1336,4.482e-16,5.267e-16,1.443e-15
VectorFFT,1337,3.465e-16,3.647e-16,9.875e-16
MKL,1337,4.355e-16,4.200e-16,1.395e-15
VectorFFT,1338,3.432e-16,3.579e-16,1.225e-15
MKL,1338,4.199e-16,5.091e-16,1.261e-15
VectorFFT,1339,3.501e-16,3.826e-16,1.041e-15
MKL,1339,4.310e-16,4.595e-16,1.392e-15
VectorFFT,1340,3.407e-16,4.851e-16,1.161e-15
MKL,1340,2.914e-16,3.321e-16,8.874e-16
VectorFFT,1341,3.490e-16,3.220e-16,1.035e-15
MKL,1341,4.552e-16,4.020e-16,1.446e-15
VectorFFT,1342,3.421e-16,4.907e-16,1.055e-15
MKL,1342,2.879e-16,3.772e-16,8.459e-16
VectorFFT,1343,3.395e-16,3.013e-16,9.787e-16
MKL,1343,3.146e-16,2.852e-16,1.041e-15
VectorFFT,1344,3.114e-16,4.238e-16,9.299e-16
MKL,1344,2.354e-16,2.850e-16,7.213e-16
VectorFFT,1345,3.448e-16,3.130e-16,1.088e-15
MKL,1345,4.380e-16,4.502e-16,1.511e-15
VectorFFT,1346,3.434e-16,4.313e-16,1.029e-15
MKL,1346,4.249e-16,4.205e-16,1.289e-15
VectorFFT,1347,3.506e-16,2.844e-16,1.171e-15
MKL,1347,4.303e-16,3.486e-16,1.274e-15
VectorFFT,1348,3.483e-16,2.834e-16,1.185e-15
MKL,1348,4.401e-16,4.590e-16,1.308e-15
VectorFFT,1349,3.601e-16,3.013e-16,1.115e-15
MKL,1349,4.256e-16,3.711e-16,1.222e-15
VectorFFT,1350,4.120e-16,4.083e-16,1.108e-15
MKL,1350,3.029e-16,3.311e-16,1.124e-15
VectorFFT,1351,3.407e-16,2.633e-16,1.062e-15
MKL,1351,4.427e-16,3.932e-16,1.735e-15
VectorFFT,1352,4.711e-16,7.763e-16,1.360e-15
MKL,1352,2.509e-16,2.931e-16,7.896e-16
VectorFFT,1353,3.956e-16,4.888e-16,1.094e-15
MKL,1353,2.922e-16,3.592e-16,9.979e-16
VectorFFT,1354,3.440e-16,3.244e-16,1.058e-15
MKL,1354,4.280e-16,4.582e-16,1.386e-15
VectorFFT,1355,3.483e-16,3.140e-16,1.097e-15
MKL,1355,4.394e-16,4.212e-16,1.214e-15
VectorFFT,1356,3.433e-16,3.385e-16,1.042e-15
MKL,1356,3.198e-16,3.955e-16,1.132e-15
VectorFFT,1357,3.396e-16,3.848e-16,1.149e-15
MKL,1357,3.912e-16,3.660e-16,1.123e-15
VectorFFT,1358,3.511e-16,3.689e-16,1.089e-15
MKL,1358,3.152e-16,4.859e-16,1.195e-15
VectorFFT,1359,3.502e-16,2.777e-16,1.284e-15
MKL,1359,4.778e-16,4.042e-16,1.482e-15
VectorFFT,1360,4.208e-16,4.055e-16,1.075e-15
MKL,1360,2.570e-16,2.598e-16,7.958e-16
VectorFFT,1361,7.269e-16,7.477e-16,2.270e-15
MKL,1361,4.762e-16,4.719e-16,1.343e-15
VectorFFT,1362,3.482e-16,3.903e-16,1.312e-15
MKL,1362,4.412e-16,5.019e-16,1.370e-15
VectorFFT,1363,4.429e-16,4.198e-16,1.296e-15
MKL,1363,3.035e-16,3.622e-16,8.859e-16
VectorFFT,1364,5.784e-16,7.042e-16,2.061e-15
MKL,1364,2.528e-16,3.117e-16,7.286e-16
VectorFFT,1365,4.435e-16,6.223e-16,1.140e-15
MKL,1365,3.126e-16,3.789e-16,9.040e-16
VectorFFT,1366,3.436e-16,4.177e-16,9.454e-16
MKL,1366,4.375e-16,4.294e-16,1.553e-15
VectorFFT,1367,3.475e-16,3.201e-16,1.261e-15
MKL,1367,4.733e-16,4.564e-16,1.405e-15
VectorFFT,1368,4.426e-16,5.030e-16,1.472e-15
MKL,1368,2.579e-16,2.907e-16,9.952e-16
VectorFFT,1369,4.371e-16,3.964e-16,1.221e-15
MKL,1369,3.390e-16,3.392e-16,8.626e-16
VectorFFT,1370,3.513e-16,3.702e-16,1.157e-15
MKL,1370,3.661e-16,4.707e-16,1.193e-15
VectorFFT,1371,3.525e-16,3.435e-16,1.079e-15
MKL,1371,4.385e-16,4.608e-16,1.360e-15
VectorFFT,1372,2.702e-16,3.638e-16,9.476e-16
MKL,1372,2.868e-16,3.271e-16,9.544e-16
VectorFFT,1373,3.569e-16,3.138e-16,1.047e-15
MKL,1373,4.592e-16,4.370e-16,1.567e-15
VectorFFT,1374,3.723e-16,3.572e-16,1.041e-15
MKL,1374,4.305e-16,4.576e-16,1.385e-15
VectorFFT,1375,3.672e-16,3.554e-16,1.255e-15
MKL,1375,3.080e-16,3.087e-16,1.054e-15
VectorFFT,1376,3.609e-16,3.776e-16,1.170e-15
MKL,1376,2.450e-16,2.900e-16,9.308e-16
VectorFFT,1377,5.328e-16,6.048e-16,1.579e-15
MKL,1377,3.417e-16,4.358e-16,9.813e-16
VectorFFT,1378,3.532e-16,4.107e-16,9.910e-16
MKL,1378,2.778e-16,2.833e-16,9.450e-16
VectorFFT,1379,3.456e-16,3.503e-16,1.329e-15
MKL,1379,4.705e-16,4.600e-16,1.626e-15
VectorFFT,1380,4.281e-16,4.912e-16,1.303e-15
MKL,1380,2.779e-16,3.284e-16,9.503e-16
VectorFFT,1381,7.131e-16,7.705e-16,2.246e-15
MKL,1381,4.477e-16,5.427e-16,1.542e-15
VectorFFT,1382,3.647e-16,4.155e-16,1.288e-15
MKL,1382,4.280e-16,5.451e-16,1.652e-15
VectorFFT,1383,3.837e-16,3.974e-16,1.410e-15
MKL,1383,4.568e-16,5.083e-16,1.425e-15
VectorFFT,1384,3.511e-16,3.030e-16,9.836e-16
MKL,1384,4.233e-16,3.700e-16,1.336e-15
VectorFFT,1385,3.521e-16,3.374e-16,1.317e-15
MKL,1385,4.534e-16,5.192e-16,1.552e-15
VectorFFT,1386,4.025e-16,4.157e-16,1.233e-15
MKL,1386,3.297e-16,2.957e-16,1.021e-15
VectorFFT,1387,3.513e-16,3.272e-16,1.115e-15
MKL,1387,3.233e-16,3.297e-16,9.163e-16
VectorFFT,1388,3.468e-16,3.213e-16,1.308e-15
MKL,1388,4.371e-16,4.443e-16,1.620e-15
VectorFFT,1389,3.548e-16,3.545e-16,1.131e-15
MKL,1389,4.852e-16,5.972e-16,1.729e-15
VectorFFT,1390,3.488e-16,3.570e-16,1.284e-15
MKL,1390,3.820e-16,4.682e-16,1.066e-15
VectorFFT,1391,3.567e-16,3.179e-16,1.097e-15
MKL,1391,4.445e-16,4.254e-16,1.434e-15
VectorFFT,1392,4.149e-16,4.742e-16,1.265e-15
MKL,1392,2.494e-16,3.504e-16,9.383e-16
VectorFFT,1393,3.539e-16,3.742e-16,1.126e-15
MKL,1393,4.557e-16,5.129e-16,1.479e-15
VectorFFT,1394,7.424e-16,1.362e-15,3.232e-15
MKL,1394,3.392e-16,3.655e-16,1.170e-15
VectorFFT,1395,4.941e-16,5.708e-16,1.400e-15
MKL,1395,3.084e-16,3.639e-16,9.019e-16
VectorFFT,1396,3.525e-16,3.694e-16,1.045e-15
MKL,1396,4.327e-16,5.869e-16,1.423e-15
VectorFFT,1397,3.529e-16,3.914e-16,1.184e-15
MKL,1397,4.752e-16,7.082e-16,1.771e-15
VectorFFT,1398,3.473e-16,3.311e-16,9.838e-16
MKL,1398,4.441e-16,3.959e-16,1.420e-15
VectorFFT,1399,3.492e-16,3.290e-16,1.139e-15
MKL,1399,4.738e-16,5.119e-16,1.722e-15
VectorFFT,1400,3.089e-16,3.019e-16,1.149e-15
MKL,1400,2.765e-16,2.847e-16,8.636e-16
VectorFFT,1401,3.505e-16,4.077e-16,1.079e-15
MKL,1401,4.814e-16,5.137e-16,1.682e-15
VectorFFT,1402,3.494e-16,3.924e-16,1.144e-15
MKL,1402,4.468e-16,4.880e-16,1.592e-15
VectorFFT,1403,3.549e-16,4.793e-16,1.098e-15
MKL,1403,3.311e-16,3.895e-16,1.022e-15
VectorFFT,1404,4.933e-16,5.855e-16,1.388e-15
MKL,1404,2.541e-16,2.604e-16,9.897e-16
VectorFFT,1405,3.540e-16,3.729e-16,1.153e-15
MKL,1405,4.470e-16,5.024e-16,1.598e-15
VectorFFT,1406,7.218e-16,1.262e-15,2.883e-15
MKL,1406,2.871e-16,2.573e-16,1.043e-15
VectorFFT,1407,3.488e-16,3.680e-16,9.696e-16
MKL,1407,4.835e-16,5.275e-16,1.444e-15
VectorFFT,1408,2.697e-16,3.247e-16,9.476e-16
MKL,1408,2.238e-16,2.446e-16,6.739e-16
VectorFFT,1409,4.907e-16,5.109e-16,1.669e-15
MKL,1409,4.420e-16,5.322e-16,1.378e-15
VectorFFT,1410,4.437e-16,5.419e-16,1.495e-15
MKL,1410,3.065e-16,4.473e-16,8.724e-16
VectorFFT,1411,3.517e-16,3.988e-16,1.186e-15
MKL,1411,3.587e-16,3.844e-16,1.132e-15
VectorFFT,1412,3.773e-16,3.929e-16,1.373e-15
MKL,1412,4.335e-16,4.047e-16,1.321e-15
VectorFFT,1413,3.549e-16,4.392e-16,1.010e-15
MKL,1413,4.525e-16,5.023e-16,1.483e-15
VectorFFT,1414,3.579e-16,3.501e-16,1.242e-15
MKL,1414,3.155e-16,4.332e-16,1.151e-15
VectorFFT,1415,3.551e-16,3.594e-16,1.078e-15
MKL,1415,4.359e-16,5.013e-16,1.323e-15
VectorFFT,1416,3.514e-16,3.678e-16,1.145e-15
MKL,1416,2.673e-16,3.220e-16,8.487e-16
VectorFFT,1417,3.596e-16,3.541e-16,1.072e-15
MKL,1417,4.359e-16,5.395e-16,1.305e-15
VectorFFT,1418,3.575e-16,3.573e-16,1.134e-15
MKL,1418,4.458e-16,4.421e-16,1.434e-15
VectorFFT,1419,5.098e-16,5.310e-16,1.478e-15
MKL,1419,3.006e-16,3.040e-16,8.662e-16
VectorFFT,1420,3.520e-16,2.819e-16,1.059e-15
MKL,1420,2.944e-16,3.004e-16,8.224e-16
VectorFFT,1421,3.668e-16,3.405e-16,1.123e-15
MKL,1421,3.936e-16,3.826e-16,1.269e-15
VectorFFT,1422,3.567e-16,3.472e-16,1.196e-15
MKL,1422,3.660e-16,4.978e-16,1.091e-15
VectorFFT,1423,3.526e-16,3.320e-16,1.085e-15
MKL,1423,4.836e-16,5.810e-16,1.837e-15
VectorFFT,1424,3.569e-16,4.129e-16,1.181e-15
MKL,1424,2.917e-16,4.095e-16,8.357e-16
VectorFFT,1425,4.298e-16,4.294e-16,1.202e-15
MKL,1425,3.181e-16,3.095e-16,9.168e-16
VectorFFT,1426,8.899e-16,1.901e-15,3.238e-15
MKL,1426,3.206e-16,3.939e-16,9.627e-16
VectorFFT,1427,3.607e-16,4.026e-16,1.190e-15
MKL,1427,4.908e-16,5.040e-16,1.737e-15
VectorFFT,1428,4.764e-16,5.729e-16,1.253e-15
MKL,1428,2.515e-16,3.123e-16,8.027e-16
VectorFFT,1429,8.178e-16,1.044e-15,2.322e-15
MKL,1429,4.431e-16,5.465e-16,1.438e-15
VectorFFT,1430,4.303e-16,5.743e-16,1.320e-15
MKL,1430,2.790e-16,2.976e-16,8.683e-16
VectorFFT,1431,3.455e-16,3.356e-16,1.166e-15
MKL,1431,5.140e-16,5.608e-16,1.433e-15
VectorFFT,1432,3.457e-16,3.398e-16,1.238e-15
MKL,1432,4.539e-16,6.528e-16,1.252e-15
VectorFFT,1433,3.527e-16,3.218e-16,1.245e-15
MKL,1433,4.802e-16,4.519e-16,1.670e-15
VectorFFT,1434,3.493e-16,3.081e-16,1.108e-15
MKL,1434,4.460e-16,3.538e-16,1.217e-15
VectorFFT,1435,3.596e-16,3.642e-16,1.090e-15
MKL,1435,3.954e-16,4.281e-16,1.497e-15
VectorFFT,1436,3.622e-16,3.631e-16,1.083e-15
MKL,1436,4.516e-16,4.714e-16,1.438e-15
VectorFFT,1437,3.584e-16,3.207e-16,1.252e-15
MKL,1437,4.326e-16,4.618e-16,1.395e-15
VectorFFT,1438,3.523e-16,3.403e-16,1.134e-15
MKL,1438,4.429e-16,4.805e-16,1.384e-15
VectorFFT,1439,3.567e-16,2.989e-16,1.073e-15
MKL,1439,4.588e-16,3.580e-16,1.375e-15
VectorFFT,1440,3.509e-16,3.990e-16,9.208e-16
MKL,1440,2.448e-16,2.746e-16,9.159e-16
VectorFFT,1441,3.613e-16,4.388e-16,1.253e-15
MKL,1441,4.531e-16,4.327e-16,1.344e-15
VectorFFT,1442,3.516e-16,3.354e-16,1.043e-15
MKL,1442,3.413e-16,5.101e-16,1.283e-15
VectorFFT,1443,5.630e-16,6.752e-16,1.613e-15
MKL,1443,4.911e-16,6.368e-16,1.523e-15
VectorFFT,1444,3.889e-16,4.355e-16,9.926e-16
MKL,1444,2.617e-16,2.547e-16,8.339e-16
VectorFFT,1445,5.304e-16,5.237e-16,1.502e-15
MKL,1445,4.805e-16,4.313e-16,1.476e-15
VectorFFT,1446,3.619e-16,3.105e-16,1.177e-15
MKL,1446,4.360e-16,4.245e-16,1.343e-15
VectorFFT,1447,3.609e-16,2.823e-16,1.105e-15
MKL,1447,4.635e-16,3.903e-16,1.424e-15
VectorFFT,1448,3.655e-16,5.144e-16,1.118e-15
MKL,1448,4.351e-16,4.446e-16,1.393e-15
VectorFFT,1449,5.184e-16,5.227e-16,1.520e-15
MKL,1449,3.708e-16,3.376e-16,1.163e-15
VectorFFT,1450,4.000e-16,4.908e-16,1.077e-15
MKL,1450,2.879e-16,3.003e-16,1.097e-15
VectorFFT,1451,3.603e-16,3.265e-16,1.073e-15
MKL,1451,4.470e-16,4.798e-16,1.421e-15
VectorFFT,1452,3.874e-16,4.526e-16,1.043e-15
MKL,1452,2.412e-16,2.080e-16,8.601e-16
VectorFFT,1453,6.904e-16,7.534e-16,2.304e-15
MKL,1453,4.630e-16,4.732e-16,1.692e-15
VectorFFT,1454,3.468e-16,2.796e-16,1.214e-15
MKL,1454,4.486e-16,4.066e-16,1.285e-15
VectorFFT,1455,3.556e-16,3.786e-16,1.096e-15
MKL,1455,4.460e-16,4.826e-16,1.282e-15
VectorFFT,1456,3.881e-16,6.496e-16,1.332e-15
MKL,1456,2.484e-16,2.372e-16,8.095e-16
VectorFFT,1457,4.559e-16,3.941e-16,1.350e-15
MKL,1457,3.355e-16,3.023e-16,9.667e-16
VectorFFT,1458,5.093e-16,5.965e-16,1.624e-15
MKL,1458,2.814e-16,3.414e-16,9.984e-16
VectorFFT,1459,8.642e-16,6.997e-16,3.142e-15
MKL,1459,4.526e-16,4.046e-16,1.580e-15
VectorFFT,1460,3.661e-16,3.435e-16,1.250e-15
MKL,1460,2.985e-16,3.788e-16,8.976e-16
VectorFFT,1461,3.592e-16,3.978e-16,1.274e-15
MKL,1461,4.527e-16,4.240e-16,1.469e-15
VectorFFT,1462,6.804e-16,8.480e-16,2.459e-15
MKL,1462,2.723e-16,2.938e-16,7.927e-16
VectorFFT,1463,3.692e-16,3.998e-16,1.061e-15
MKL,1463,4.772e-16,5.805e-16,1.473e-15
VectorFFT,1464,3.553e-16,3.391e-16,1.083e-15
MKL,1464,2.760e-16,3.094e-16,8.427e-16
VectorFFT,1465,3.537e-16,3.150e-16,1.243e-15
MKL,1465,4.630e-16,4.330e-16,1.387e-15
VectorFFT,1466,3.645e-16,4.517e-16,1.133e-15
MKL,1466,4.648e-16,4.912e-16,1.594e-15
VectorFFT,1467,3.641e-16,3.696e-16,1.255e-15
MKL,1467,4.965e-16,5.119e-16,1.597e-15
VectorFFT,1468,3.593e-16,3.607e-16,1.286e-15
MKL,1468,4.466e-16,4.266e-16,2.021e-15
VectorFFT,1469,3.596e-16,2.679e-16,1.256e-15
MKL,1469,4.536e-16,4.041e-16,1.640e-15
VectorFFT,1470,3.421e-16,3.675e-16,1.146e-15
MKL,1470,3.045e-16,3.192e-16,8.714e-16
VectorFFT,1471,6.921e-16,8.559e-16,2.337e-15
MKL,1471,4.463e-16,4.002e-16,1.409e-15
VectorFFT,1472,3.745e-16,4.983e-16,1.219e-15
MKL,1472,2.327e-16,2.640e-16,6.753e-16
VectorFFT,1473,3.671e-16,3.998e-16,1.246e-15
MKL,1473,4.700e-16,5.797e-16,1.574e-15
VectorFFT,1474,3.475e-16,3.244e-16,1.107e-15
MKL,1474,3.229e-16,4.020e-16,1.008e-15
VectorFFT,1475,3.511e-16,3.730e-16,1.087e-15
MKL,1475,4.509e-16,4.720e-16,1.320e-15
VectorFFT,1476,4.047e-16,4.052e-16,1.209e-15
MKL,1476,2.647e-16,3.066e-16,9.291e-16
VectorFFT,1477,3.645e-16,2.902e-16,1.185e-15
MKL,1477,4.437e-16,3.439e-16,1.440e-15
VectorFFT,1478,3.623e-16,3.029e-16,1.173e-15
MKL,1478,4.461e-16,4.297e-16,1.330e-15
VectorFFT,1479,7.305e-16,1.219e-15,2.618e-15
MKL,1479,4.592e-16,5.162e-16,1.357e-15
VectorFFT,1480,4.624e-16,6.414e-16,1.431e-15
MKL,1480,2.573e-16,3.029e-16,7.456e-16
VectorFFT,1481,3.627e-16,3.713e-16,1.216e-15
MKL,1481,4.837e-16,4.071e-16,1.548e-15
VectorFFT,1482,4.742e-16,6.158e-16,1.299e-15
MKL,1482,2.698e-16,2.745e-16,8.251e-16
VectorFFT,1483,8.298e-16,6.859e-16,2.352e-15
MKL,1483,4.493e-16,3.498e-16,1.419e-15
VectorFFT,1484,3.687e-16,3.807e-16,1.220e-15
MKL,1484,2.715e-16,2.841e-16,8.610e-16
VectorFFT,1485,4.345e-16,4.776e-16,1.365e-15
MKL,1485,3.510e-16,4.202e-16,9.869e-16
VectorFFT,1486,3.622e-16,3.233e-16,1.177e-15
MKL,1486,4.539e-16,3.720e-16,1.523e-15
VectorFFT,1487,3.529e-16,3.018e-16,1.121e-15
MKL,1487,4.492e-16,3.994e-16,1.508e-15
VectorFFT,1488,4.044e-16,4.317e-16,1.244e-15
MKL,1488,2.487e-16,2.626e-16,7.722e-16
VectorFFT,1489,3.551e-16,3.366e-16,1.059e-15
MKL,1489,4.476e-16,4.858e-16,1.443e-15
VectorFFT,1490,3.622e-16,3.343e-16,1.149e-15
MKL,1490,3.476e-16,4.089e-16,1.139e-15
VectorFFT,1491,3.653e-16,3.886e-16,9.943e-16
MKL,1491,3.724e-16,4.715e-16,1.208e-15
VectorFFT,1492,3.682e-16,3.223e-16,1.214e-15
MKL,1492,4.519e-16,4.046e-16,1.479e-15
VectorFFT,1493,3.565e-16,4.483e-16,1.091e-15
MKL,1493,4.506e-16,5.529e-16,1.564e-15
VectorFFT,1494,3.568e-16,4.094e-16,1.016e-15
MKL,1494,3.002e-16,4.911e-16,1.000e-15
VectorFFT,1495,4.794e-16,6.256e-16,1.313e-15
MKL,1495,4.339e-16,5.249e-16,1.324e-15
VectorFFT,1496,4.381e-16,4.933e-16,1.102e-15
MKL,1496,2.652e-16,2.807e-16,9.014e-16
VectorFFT,1497,3.607e-16,3.312e-16,1.158e-15
MKL,1497,4.737e-16,5.155e-16,1.531e-15
VectorFFT,1498,3.617e-16,3.643e-16,1.166e-15
MKL,1498,3.195e-16,3.821e-16,1.185e-15
VectorFFT,1499,3.634e-16,3.196e-16,1.177e-15
MKL,1499,4.503e-16,3.873e-16,1.585e-15
VectorFFT,1500,3.742e-16,3.997e-16,1.145e-15
MKL,1500,2.856e-16,3.068e-16,8.575e-16
VectorFFT,1501,3.593e-16,3.214e-16,1.030e-15
MKL,1501,3.705e-16,3.449e-16,1.422e-15
VectorFFT,1502,3.639e-16,3.740e-16,1.078e-15
MKL,1502,4.464e-16,5.551e-16,1.302e-15
VectorFFT,1503,3.597e-16,3.228e-16,1.230e-15
MKL,1503,4.885e-16,6.108e-16,1.697e-15
VectorFFT,1504,3.603e-16,4.147e-16,1.101e-15
MKL,1504,2.581e-16,2.982e-16,9.790e-16
VectorFFT,1505,3.924e-16,4.099e-16,1.118e-15
MKL,1505,3.939e-16,4.343e-16,1.142e-15
VectorFFT,1506,3.821e-16,5.078e-16,1.175e-15
MKL,1506,4.645e-16,4.499e-16,1.417e-15
VectorFFT,1507,3.671e-16,3.858e-16,1.234e-15
MKL,1507,4.538e-16,4.352e-16,1.481e-15
VectorFFT,1508,6.609e-16,9.437e-16,2.307e-15
MKL,1508,2.639e-16,2.872e-16,8.831e-16
VectorFFT,1509,3.501e-16,3.767e-16,1.014e-15
MKL,1509,4.613e-16,4.876e-16,1.647e-15
VectorFFT,1510,3.634e-16,2.763e-16,1.037e-15
MKL,1510,4.505e-16,3.606e-16,1.441e-15
VectorFFT,1511,3.546e-16,3.657e-16,1.088e-15
MKL,1511,4.557e-16,4.581e-16,1.619e-15
VectorFFT,1512,4.465e-16,4.576e-16,1.395e-15
MKL,1512,2.495e-16,2.274e-16,7.951e-16
VectorFFT,1513,3.642e-16,3.332e-16,1.221e-15
MKL,1513,3.611e-16,3.448e-16,1.077e-15
VectorFFT,1514,3.609e-16,3.392e-16,1.004e-15
MKL,1514,4.415e-16,3.816e-16,1.309e-15
VectorFFT,1515,3.981e-16,4.171e-16,1.379e-15
MKL,1515,4.453e-16,4.024e-16,1.484e-15
VectorFFT,1516,3.613e-16,3.825e-16,1.174e-15
MKL,1516,4.622e-16,4.720e-16,1.557e-15
VectorFFT,1517,4.110e-16,3.724e-16,1.174e-15
MKL,1517,3.820e-16,3.219e-16,1.065e-15
VectorFFT,1518,4.441e-16,4.446e-16,1.345e-15
MKL,1518,2.834e-16,3.098e-16,8.354e-16
VectorFFT,1519,4.880e-16,5.323e-16,1.608e-15
MKL,1519,4.855e-16,5.695e-16,1.329e-15
VectorFFT,1520,3.305e-16,3.252e-16,9.900e-16
MKL,1520,2.592e-16,2.835e-16,8.014e-16
VectorFFT,1521,5.169e-16,5.098e-16,1.670e-15
MKL,1521,4.288e-16,4.643e-16,1.220e-15
VectorFFT,1522,3.606e-16,3.954e-16,1.220e-15
MKL,1522,4.560e-16,4.729e-16,1.312e-15
VectorFFT,1523,3.753e-16,4.323e-16,1.343e-15
MKL,1523,4.839e-16,5.530e-16,1.605e-15
VectorFFT,1524,3.694e-16,3.940e-16,1.118e-15
MKL,1524,3.238e-16,5.025e-16,1.051e-15
VectorFFT,1525,3.552e-16,3.575e-16,1.052e-15
MKL,1525,3.379e-16,3.302e-16,9.857e-16
VectorFFT,1526,3.610e-16,3.614e-16,1.248e-15
MKL,1526,3.337e-16,4.477e-16,9.938e-16
VectorFFT,1527,3.714e-16,4.739e-16,1.283e-15
MKL,1527,4.618e-16,5.297e-16,1.628e-15
VectorFFT,1528,3.613e-16,3.566e-16,9.790e-16
MKL,1528,4.638e-16,4.541e-16,1.455e-15
VectorFFT,1529,3.556e-16,3.724e-16,1.245e-15
MKL,1529,4.519e-16,5.936e-16,1.706e-15
VectorFFT,1530,4.804e-16,4.785e-16,1.360e-15
MKL,1530,2.748e-16,3.286e-16,8.152e-16
VectorFFT,1531,8.690e-16,9.520e-16,2.391e-15
MKL,1531,4.532e-16,4.665e-16,1.250e-15
VectorFFT,1532,3.565e-16,3.610e-16,1.136e-15
MKL,1532,4.554e-16,4.808e-16,1.436e-15
VectorFFT,1533,3.570e-16,3.662e-16,1.095e-15
MKL,1533,3.231e-16,3.479e-16,9.463e-16
VectorFFT,1534,3.614e-16,3.805e-16,1.151e-15
MKL,1534,3.258e-16,3.908e-16,1.002e-15
VectorFFT,1535,3.704e-16,3.930e-16,1.205e-15
MKL,1535,5.002e-16,5.444e-16,1.524e-15
VectorFFT,1536,3.103e-16,3.155e-16,9.975e-16
MKL,1536,2.298e-16,2.884e-16,6.877e-16
VectorFFT,1537,3.607e-16,3.102e-16,1.064e-15
MKL,1537,5.404e-16,5.288e-16,1.846e-15
VectorFFT,1538,3.650e-16,3.357e-16,1.134e-15
MKL,1538,4.802e-16,4.234e-16,1.558e-15
VectorFFT,1539,4.652e-16,6.211e-16,1.656e-15
MKL,1539,4.566e-16,5.264e-16,1.414e-15
VectorFFT,1540,3.631e-16,4.521e-16,1.276e-15
MKL,1540,2.692e-16,3.060e-16,7.879e-16
VectorFFT,1541,3.665e-16,4.296e-16,1.124e-15
MKL,1541,3.174e-16,3.208e-16,8.728e-16
VectorFFT,1542,3.663e-16,3.692e-16,1.170e-15
MKL,1542,4.830e-16,4.222e-16,1.566e-15
VectorFFT,1543,3.740e-16,4.201e-16,1.119e-15
MKL,1543,4.868e-16,6.009e-16,1.459e-15
VectorFFT,1544,3.639e-16,4.128e-16,1.046e-15
MKL,1544,4.893e-16,4.747e-16,1.319e-15
VectorFFT,1545,3.659e-16,3.429e-16,1.140e-15
MKL,1545,4.830e-16,5.705e-16,1.677e-15
VectorFFT,1546,3.581e-16,4.100e-16,1.057e-15
MKL,1546,4.661e-16,4.851e-16,1.594e-15
VectorFFT,1547,5.916e-16,1.068e-15,1.962e-15
MKL,1547,4.736e-16,6.561e-16,1.450e-15
VectorFFT,1548,4.485e-16,7.215e-16,1.388e-15
MKL,1548,2.617e-16,2.971e-16,9.940e-16
VectorFFT,1549,3.921e-16,4.163e-16,1.618e-15
MKL,1549,5.189e-16,5.298e-16,1.707e-15
VectorFFT,1550,4.100e-16,4.731e-16,1.358e-15
MKL,1550,2.787e-16,2.936e-16,1.035e-15
VectorFFT,1551,4.145e-16,4.081e-16,1.251e-15
MKL,1551,2.948e-16,3.468e-16,8.699e-16
VectorFFT,1552,3.566e-16,3.731e-16,1.260e-15
MKL,1552,3.072e-16,4.145e-16,8.841e-16
VectorFFT,1553,3.707e-16,3.240e-16,1.112e-15
MKL,1553,5.284e-16,4.585e-16,1.608e-15
VectorFFT,1554,4.868e-16,5.985e-16,1.693e-15
MKL,1554,2.930e-16,3.406e-16,9.464e-16
VectorFFT,1555,3.823e-16,5.985e-16,1.148e-15
MKL,1555,4.835e-16,5.077e-16,1.433e-15
VectorFFT,1556,3.858e-16,4.666e-16,1.286e-15
MKL,1556,4.922e-16,5.408e-16,1.500e-15
VectorFFT,1557,3.894e-16,3.946e-16,1.377e-15
MKL,1557,4.870e-16,5.091e-16,1.423e-15
VectorFFT,1558,8.236e-16,1.248e-15,3.652e-15
MKL,1558,3.025e-16,4.756e-16,9.818e-16
VectorFFT,1559,3.654e-16,4.155e-16,1.173e-15
MKL,1559,4.833e-16,4.924e-16,1.394e-15
VectorFFT,1560,4.495e-16,6.207e-16,1.246e-15
MKL,1560,2.680e-16,3.657e-16,7.816e-16
VectorFFT,1561,3.619e-16,3.855e-16,1.150e-15
MKL,1561,4.888e-16,4.497e-16,1.597e-15
VectorFFT,1562,3.611e-16,3.379e-16,1.226e-15
MKL,1562,2.989e-16,3.670e-16,8.809e-16
VectorFFT,1563,3.660e-16,3.557e-16,1.068e-15
MKL,1563,4.935e-16,4.719e-16,1.471e-15
VectorFFT,1564,4.883e-16,5.027e-16,1.589e-15
MKL,1564,2.542e-16,2.977e-16,7.757e-16
VectorFFT,1565,3.742e-16,4.196e-16,1.252e-15
MKL,1565,5.168e-16,5.715e-16,1.717e-15
VectorFFT,1566,4.639e-16,4.888e-16,1.261e-15
MKL,1566,2.731e-16,2.793e-16,8.722e-16
VectorFFT,1567,3.687e-16,3.981e-16,1.205e-15
MKL,1567,5.155e-16,5.422e-16,1.603e-15
VectorFFT,1568,2.677e-16,2.639e-16,7.347e-16
MKL,1568,2.580e-16,2.893e-16,7.725e-16
VectorFFT,1569,3.674e-16,4.182e-16,1.064e-15
MKL,1569,4.999e-16,5.803e-16,1.504e-15
VectorFFT,1570,3.789e-16,3.597e-16,1.299e-15
MKL,1570,5.054e-16,4.610e-16,1.613e-15
VectorFFT,1571,3.746e-16,3.378e-16,1.164e-15
MKL,1571,5.168e-16,4.644e-16,1.702e-15
VectorFFT,1572,3.687e-16,3.578e-16,1.014e-15
MKL,1572,3.390e-16,4.287e-16,1.043e-15
VectorFFT,1573,4.328e-16,4.839e-16,1.298e-15
MKL,1573,3.149e-16,3.803e-16,9.934e-16
VectorFFT,1574,3.943e-16,4.215e-16,1.405e-15
MKL,1574,4.959e-16,5.179e-16,1.588e-15
VectorFFT,1575,4.199e-16,4.461e-16,1.331e-15
MKL,1575,4.713e-16,5.574e-16,1.242e-15
VectorFFT,1576,3.637e-16,3.520e-16,1.208e-15
MKL,1576,5.021e-16,5.134e-16,1.699e-15
VectorFFT,1577,3.666e-16,3.671e-16,1.186e-15
MKL,1577,3.347e-16,3.187e-16,9.778e-16
VectorFFT,1578,3.752e-16,3.010e-16,1.159e-15
MKL,1578,4.978e-16,5.080e-16,1.650e-15
VectorFFT,1579,3.679e-16,4.907e-16,1.096e-15
MKL,1579,4.988e-16,5.336e-16,1.498e-15
VectorFFT,1580,3.687e-16,3.238e-16,1.173e-15
MKL,1580,2.942e-16,3.076e-16,9.005e-16
VectorFFT,1581,5.291e-16,5.107e-16,1.455e-15
MKL,1581,5.449e-16,5.802e-16,2.104e-15
VectorFFT,1582,3.691e-16,3.698e-16,1.385e-15
MKL,1582,3.287e-16,4.127e-16,1.072e-15
VectorFFT,1583,3.730e-16,4.451e-16,1.085e-15
MKL,1583,4.983e-16,5.234e-16,1.583e-15
VectorFFT,1584,3.701e-16,4.023e-16,1.069e-15
MKL,1584,2.412e-16,3.080e-16,7.525e-16
VectorFFT,1585,3.673e-16,3.501e-16,1.176e-15
MKL,1585,4.841e-16,4.803e-16,1.418e-15
VectorFFT,1586,3.674e-16,4.202e-16,1.149e-15
MKL,1586,3.018e-16,3.696e-16,1.017e-15
VectorFFT,1587,8.851e-16,1.485e-15,3.858e-15
MKL,1587,3.896e-16,3.994e-16,1.292e-15
VectorFFT,1588,3.735e-16,3.956e-16,1.164e-15
MKL,1588,4.941e-16,6.092e-16,1.339e-15
VectorFFT,1589,3.699e-16,3.629e-16,1.524e-15
MKL,1589,4.908e-16,5.534e-16,1.849e-15
VectorFFT,1590,3.701e-16,3.598e-16,1.204e-15
MKL,1590,3.386e-16,3.200e-16,1.195e-15
VectorFFT,1591,4.442e-16,4.638e-16,1.369e-15
MKL,1591,3.686e-16,4.503e-16,1.188e-15
VectorFFT,1592,3.687e-16,3.521e-16,9.960e-16
MKL,1592,4.966e-16,5.008e-16,1.322e-15
VectorFFT,1593,3.697e-16,4.053e-16,1.133e-15
MKL,1593,4.015e-16,4.215e-16,1.302e-15
VectorFFT,1594,3.795e-16,4.335e-16,1.123e-15
MKL,1594,4.866e-16,4.602e-16,1.411e-15
VectorFFT,1595,5.500e-16,7.305e-16,1.736e-15
MKL,1595,5.247e-16,6.956e-16,1.793e-15
VectorFFT,1596,4.051e-16,3.579e-16,1.271e-15
MKL,1596,2.567e-16,2.426e-16,9.298e-16
VectorFFT,1597,3.793e-16,3.452e-16,1.302e-15
MKL,1597,4.767e-16,5.169e-16,1.609e-15
VectorFFT,1598,7.789e-16,1.149e-15,2.915e-15
MKL,1598,2.746e-16,2.756e-16,8.973e-16
VectorFFT,1599,4.678e-16,5.462e-16,1.496e-15
MKL,1599,3.048e-16,3.603e-16,8.734e-16
VectorFFT,1600,2.822e-16,2.562e-16,7.860e-16
MKL,1600,2.600e-16,2.695e-16,7.028e-16
VectorFFT,1601,4.921e-16,4.860e-16,1.667e-15
MKL,1601,3.987e-16,3.856e-16,1.412e-15
VectorFFT,1602,3.662e-16,3.671e-16,1.219e-15
MKL,1602,3.521e-16,3.834e-16,9.962e-16
VectorFFT,1603,3.700e-16,3.746e-16,1.081e-15
MKL,1603,4.029e-16,3.368e-16,1.303e-15
VectorFFT,1604,3.957e-16,3.780e-16,1.243e-15
MKL,1604,3.872e-16,4.069e-16,1.189e-15
VectorFFT,1605,3.754e-16,3.467e-16,1.109e-15
MKL,1605,3.960e-16,4.472e-16,1.220e-15
VectorFFT,1606,3.756e-16,4.068e-16,1.155e-15
MKL,1606,2.953e-16,3.120e-16,9.280e-16
VectorFFT,1607,3.674e-16,3.206e-16,1.160e-15
MKL,1607,3.949e-16,4.227e-16,1.370e-15
VectorFFT,1608,3.606e-16,4.427e-16,1.121e-15
MKL,1608,2.729e-16,3.517e-16,8.701e-16
VectorFFT,1609,3.789e-16,3.629e-16,1.049e-15
MKL,1609,3.929e-16,3.568e-16,1.366e-15
VectorFFT,1610,3.962e-16,4.807e-16,1.455e-15
MKL,1610,2.802e-16,2.960e-16,9.392e-16
VectorFFT,1611,3.711e-16,3.706e-16,1.199e-15
MKL,1611,4.080e-16,4.087e-16,1.250e-15
VectorFFT,1612,6.399e-16,9.129e-16,2.284e-15
MKL,1612,2.547e-16,3.953e-16,8.279e-16
VectorFFT,1613,3.687e-16,3.241e-16,1.155e-15
MKL,1613,3.958e-16,3.838e-16,1.491e-15
VectorFFT,1614,3.680e-16,4.004e-16,1.051e-15
MKL,1614,3.896e-16,4.443e-16,1.321e-15
VectorFFT,1615,4.720e-16,6.516e-16,1.154e-15
MKL,1615,3.042e-16,2.767e-16,9.972e-16
VectorFFT,1616,3.754e-16,3.752e-16,1.420e-15
MKL,1616,2.973e-16,3.594e-16,9.118e-16
VectorFFT,1617,3.744e-16,4.701e-16,1.224e-15
MKL,1617,2.977e-16,3.753e-16,9.425e-16
VectorFFT,1618,3.691e-16,3.491e-16,1.154e-15
MKL,1618,3.928e-16,3.435e-16,1.298e-15
VectorFFT,1619,3.612e-16,3.637e-16,1.168e-15
MKL,1619,4.128e-16,4.262e-16,1.278e-15
VectorFFT,1620,4.756e-16,6.099e-16,1.193e-15
MKL,1620,2.683e-16,3.404e-16,7.817e-16
VectorFFT,1621,3.692e-16,3.963e-16,1.131e-15
MKL,1621,4.164e-16,3.862e-16,1.213e-15
VectorFFT,1622,3.784e-16,4.197e-16,1.179e-15
MKL,1622,3.892e-16,4.988e-16,1.221e-15
VectorFFT,1623,3.962e-16,4.583e-16,1.187e-15
MKL,1623,4.024e-16,4.682e-16,1.381e-15
VectorFFT,1624,4.699e-16,5.444e-16,1.797e-15
MKL,1624,2.576e-16,3.521e-16,7.949e-16
VectorFFT,1625,4.464e-16,5.038e-16,1.750e-15
MKL,1625,3.622e-16,3.799e-16,9.284e-16
VectorFFT,1626,3.775e-16,3.632e-16,1.094e-15
MKL,1626,3.970e-16,3.949e-16,1.594e-15
VectorFFT,1627,3.788e-16,3.269e-16,1.329e-15
MKL,1627,3.984e-16,3.629e-16,1.095e-15
VectorFFT,1628,3.827e-16,3.925e-16,1.205e-15
MKL,1628,2.542e-16,2.719e-16,9.784e-16
VectorFFT,1629,3.751e-16,3.753e-16,1.425e-15
MKL,1629,3.958e-16,3.692e-16,1.432e-15
VectorFFT,1630,3.768e-16,3.747e-16,1.500e-15
MKL,1630,3.791e-16,4.164e-16,1.370e-15
VectorFFT,1631,3.850e-16,3.660e-16,1.116e-15
MKL,1631,4.158e-16,4.250e-16,1.429e-15
VectorFFT,1632,4.537e-16,5.754e-16,1.215e-15
MKL,1632,2.476e-16,3.159e-16,7.908e-16
VectorFFT,1633,3.756e-16,3.616e-16,1.138e-15
MKL,1633,3.659e-16,3.932e-16,1.020e-15
VectorFFT,1634,7.119e-16,1.061e-15,2.886e-15
MKL,1634,3.143e-16,3.453e-16,1.141e-15
VectorFFT,1635,3.710e-16,3.319e-16,1.139e-15
MKL,1635,4.071e-16,3.444e-16,1.417e-15
VectorFFT,1636,3.633e-16,4.605e-16,1.184e-15
MKL,1636,3.975e-16,4.515e-16,1.345e-15
VectorFFT,1637,3.737e-16,3.597e-16,1.371e-15
MKL,1637,4.200e-16,3.836e-16,1.186e-15
VectorFFT,1638,4.615e-16,4.508e-16,1.724e-15
MKL,1638,2.747e-16,2.271e-16,8.898e-16
VectorFFT,1639,3.717e-16,3.531e-16,1.183e-15
MKL,1639,3.968e-16,3.308e-16,1.292e-15
VectorFFT,1640,3.915e-16,5.138e-16,1.147e-15
MKL,1640,2.709e-16,3.587e-16,8.790e-16
VectorFFT,1641,3.765e-16,3.891e-16,1.134e-15
MKL,1641,4.045e-16,4.486e-16,1.389e-15
VectorFFT,1642,3.748e-16,3.989e-16,1.184e-15
MKL,1642,3.886e-16,4.615e-16,1.148e-15
VectorFFT,1643,3.961e-16,3.923e-16,1.274e-15
MKL,1643,3.084e-16,4.029e-16,8.792e-16
VectorFFT,1644,3.757e-16,4.650e-16,1.251e-15
MKL,1644,3.315e-16,5.779e-16,1.071e-15
VectorFFT,1645,4.566e-16,4.920e-16,1.715e-15
MKL,1645,3.247e-16,3.463e-16,9.924e-16
VectorFFT,1646,3.657e-16,3.268e-16,1.170e-15
MKL,1646,3.857e-16,3.912e-16,1.281e-15
VectorFFT,1647,3.802e-16,4.459e-16,1.165e-15
MKL,1647,4.064e-16,5.223e-16,1.145e-15
VectorFFT,1648,3.678e-16,3.488e-16,1.236e-15
MKL,1648,3.047e-16,3.727e-16,9.188e-16
VectorFFT,1649,3.713e-16,5.158e-16,1.130e-15
MKL,1649,3.974e-16,5.366e-16,1.288e-15
VectorFFT,1650,3.803e-16,3.710e-16,1.087e-15
MKL,1650,2.880e-16,2.972e-16,8.587e-16
VectorFFT,1651,3.830e-16,4.433e-16,1.207e-15
MKL,1651,4.270e-16,4.129e-16,1.391e-15
VectorFFT,1652,3.803e-16,3.568e-16,1.368e-15
MKL,1652,2.770e-16,3.051e-16,8.512e-16
VectorFFT,1653,4.447e-16,5.394e-16,1.118e-15
MKL,1653,3.265e-16,3.548e-16,8.879e-16
VectorFFT,1654,3.768e-16,4.274e-16,1.244e-15
MKL,1654,4.036e-16,4.230e-16,1.556e-15
VectorFFT,1655,3.776e-16,3.327e-16,1.182e-15
MKL,1655,4.018e-16,4.293e-16,1.378e-15
VectorFFT,1656,4.379e-16,4.630e-16,1.465e-15
MKL,1656,2.538e-16,3.414e-16,7.487e-16
VectorFFT,1657,3.743e-16,3.591e-16,1.208e-15
MKL,1657,4.010e-16,4.023e-16,1.228e-15
VectorFFT,1658,3.840e-16,3.726e-16,1.171e-15
MKL,1658,3.979e-16,3.876e-16,1.344e-15
VectorFFT,1659,3.828e-16,3.919e-16,1.120e-15
MKL,1659,3.452e-16,3.569e-16,1.084e-15
VectorFFT,1660,3.727e-16,4.171e-16,1.114e-15
MKL,1660,3.010e-16,3.829e-16,1.073e-15
VectorFFT,1661,4.014e-16,4.294e-16,1.251e-15
MKL,1661,4.303e-16,4.595e-16,1.430e-15
VectorFFT,1662,3.850e-16,3.902e-16,1.255e-15
MKL,1662,3.954e-16,3.977e-16,1.269e-15
VectorFFT,1663,3.762e-16,3.359e-16,1.182e-15
MKL,1663,3.911e-16,3.675e-16,1.596e-15
VectorFFT,1664,3.715e-16,5.550e-16,1.160e-15
MKL,1664,2.374e-16,2.419e-16,6.599e-16
VectorFFT,1665,4.432e-16,4.881e-16,1.209e-15
MKL,1665,3.491e-16,3.720e-16,9.885e-16
VectorFFT,1666,5.118e-16,5.847e-16,1.579e-15
MKL,1666,2.924e-16,2.986e-16,7.609e-16
VectorFFT,1667,3.747e-16,3.621e-16,1.244e-15
MKL,1667,3.954e-16,3.729e-16,1.349e-15
VectorFFT,1668,3.758e-16,5.145e-16,1.301e-15
MKL,1668,3.327e-16,4.193e-16,1.122e-15
VectorFFT,1669,3.723e-16,3.011e-16,1.257e-15
MKL,1669,4.162e-16,3.729e-16,1.180e-15
VectorFFT,1670,3.767e-16,4.671e-16,1.135e-15
MKL,1670,3.901e-16,4.679e-16,1.239e-15
VectorFFT,1671,3.767e-16,3.643e-16,1.286e-15
MKL,1671,4.198e-16,4.418e-16,1.321e-15
VectorFFT,1672,3.647e-16,4.956e-16,1.034e-15
MKL,1672,2.576e-16,3.146e-16,8.061e-16
VectorFFT,1673,3.834e-16,4.029e-16,1.224e-15
MKL,1673,4.033e-16,4.603e-16,1.341e-15
VectorFFT,1674,6.020e-16,8.872e-16,2.110e-15
MKL,1674,2.861e-16,3.926e-16,9.804e-16
VectorFFT,1675,3.739e-16,3.825e-16,1.068e-15
MKL,1675,3.332e-16,4.336e-16,9.182e-16
VectorFFT,1676,3.782e-16,3.196e-16,1.276e-15
MKL,1676,3.961e-16,3.512e-16,1.374e-15
VectorFFT,1677,4.996e-16,5.728e-16,1.771e-15
MKL,1677,3.176e-16,3.161e-16,9.743e-16
VectorFFT,1678,3.841e-16,4.450e-16,1.223e-15
MKL,1678,3.856e-16,4.311e-16,1.356e-15
VectorFFT,1679,3.761e-16,4.619e-16,1.202e-15
MKL,1679,3.058e-16,3.142e-16,9.921e-16
VectorFFT,1680,3.352e-16,4.111e-16,9.985e-16
MKL,1680,2.555e-16,2.821e-16,1.177e-15
VectorFFT,1681,4.064e-16,5.137e-16,1.309e-15
MKL,1681,3.316e-16,3.783e-16,1.070e-15
VectorFFT,1682,1.094e-15,2.534e-15,4.620e-15
MKL,1682,2.653e-16,3.069e-16,7.539e-16
VectorFFT,1683,4.911e-16,5.184e-16,1.432e-15
MKL,1683,2.907e-16,3.346e-16,8.663e-16
VectorFFT,1684,3.862e-16,3.924e-16,1.146e-15
MKL,1684,4.006e-16,4.688e-16,1.385e-15
VectorFFT,1685,3.763e-16,3.429e-16,1.196e-15
MKL,1685,4.373e-16,4.767e-16,1.753e-15
VectorFFT,1686,3.699e-16,3.413e-16,1.350e-15
MKL,1686,4.037e-16,4.583e-16,1.214e-15
VectorFFT,1687,3.837e-16,3.670e-16,1.269e-15
MKL,1687,4.138e-16,4.966e-16,1.320e-15
VectorFFT,1688,3.753e-16,3.281e-16,1.295e-15
MKL,1688,3.949e-16,3.719e-16,1.296e-15
VectorFFT,1689,3.794e-16,3.471e-16,1.637e-15
MKL,1689,4.001e-16,3.865e-16,1.321e-15
VectorFFT,1690,4.924e-16,5.639e-16,1.391e-15
MKL,1690,2.782e-16,2.993e-16,8.851e-16
VectorFFT,1691,3.786e-16,4.100e-16,1.293e-15
MKL,1691,4.033e-16,5.046e-16,1.216e-15
VectorFFT,1692,4.365e-16,4.653e-16,1.449e-15
MKL,1692,2.671e-16,3.168e-16,7.819e-16
VectorFFT,1693,3.786e-16,5.126e-16,1.038e-15
MKL,1693,4.177e-16,5.241e-16,1.566e-15
VectorFFT,1694,5.173e-16,7.297e-16,1.778e-15
MKL,1694,2.729e-16,2.509e-16,9.494e-16
VectorFFT,1695,3.819e-16,3.833e-16,1.178e-15
MKL,1695,4.031e-16,4.074e-16,1.293e-15
VectorFFT,1696,3.870e-16,4.369e-16,1.217e-15
MKL,1696,2.543e-16,3.418e-16,8.746e-16
VectorFFT,1697,3.865e-16,3.875e-16,1.142e-15
MKL,1697,3.975e-16,4.107e-16,1.206e-15
VectorFFT,1698,3.781e-16,4.015e-16,1.112e-15
MKL,1698,3.922e-16,3.425e-16,1.374e-15
VectorFFT,1699,3.811e-16,3.921e-16,1.199e-15
MKL,1699,4.118e-16,4.848e-16,1.422e-15
VectorFFT,1700,4.386e-16,4.472e-16,1.070e-15
MKL,1700,2.703e-16,2.721e-16,9.138e-16
VectorFFT,1701,4.642e-16,4.578e-16,1.468e-15
MKL,1701,3.776e-16,4.217e-16,1.202e-15
VectorFFT,1702,8.373e-16,1.365e-15,3.184e-15
MKL,1702,2.976e-16,3.628e-16,9.975e-16
VectorFFT,1703,3.827e-16,4.277e-16,1.239e-15
MKL,1703,4.064e-16,4.195e-16,1.277e-15
VectorFFT,1704,3.936e-16,4.234e-16,1.319e-15
MKL,1704,2.735e-16,2.518e-16,8.313e-16
VectorFFT,1705,4.301e-16,4.590e-16,1.482e-15
MKL,1705,3.186e-16,3.382e-16,1.041e-15
VectorFFT,1706,3.859e-16,3.860e-16,1.203e-15
MKL,1706,3.987e-16,3.224e-16,1.221e-15
VectorFFT,1707,3.860e-16,4.501e-16,1.312e-15
MKL,1707,4.219e-16,4.003e-16,1.319e-15
VectorFFT,1708,3.918e-16,4.073e-16,1.247e-15
MKL,1708,2.786e-16,4.165e-16,8.228e-16
VectorFFT,1709,3.847e-16,5.557e-16,1.309e-15
MKL,1709,4.060e-16,4.146e-16,1.333e-15
VectorFFT,1710,4.240e-16,5.165e-16,1.154e-15
MKL,1710,2.859e-16,3.199e-16,8.823e-16
VectorFFT,1711,3.879e-16,3.433e-16,1.175e-15
MKL,1711,3.107e-16,2.730e-16,1.009e-15
VectorFFT,1712,3.868e-16,3.805e-16,1.121e-15
MKL,1712,3.148e-16,5.119e-16,1.104e-15
VectorFFT,1713,3.830e-16,3.784e-16,1.162e-15
MKL,1713,4.178e-16,4.111e-16,1.227e-15
VectorFFT,1714,3.809e-16,4.728e-16,1.345e-15
MKL,1714,4.088e-16,4.645e-16,1.222e-15
VectorFFT,1715,3.959e-16,5.775e-16,1.290e-15
MKL,1715,3.100e-16,3.462e-16,1.031e-15
VectorFFT,1716,4.576e-16,4.955e-16,1.322e-15
MKL,1716,2.557e-16,2.223e-16,8.379e-16
VectorFFT,1717,4.074e-16,4.674e-16,1.213e-15
MKL,1717,4.004e-16,3.844e-16,1.381e-15
VectorFFT,1718,3.756e-16,3.813e-16,1.388e-15
MKL,1718,3.976e-16,4.389e-16,1.213e-15
VectorFFT,1719,3.893e-16,3.957e-16,1.100e-15
MKL,1719,4.213e-16,4.455e-16,1.349e-15
VectorFFT,1720,3.816e-16,3.704e-16,1.250e-15
MKL,1720,2.648e-16,2.865e-16,8.421e-16
VectorFFT,1721,3.841e-16,3.816e-16,1.140e-15
MKL,1721,4.073e-16,4.266e-16,1.273e-15
VectorFFT,1722,3.982e-16,5.281e-16,1.265e-15
MKL,1722,2.789e-16,3.557e-16,9.886e-16
VectorFFT,1723,3.897e-16,3.704e-16,1.337e-15
MKL,1723,4.346e-16,4.816e-16,1.303e-15
VectorFFT,1724,3.912e-16,2.910e-16,1.269e-15
MKL,1724,3.981e-16,3.254e-16,1.173e-15
VectorFFT,1725,4.408e-16,5.585e-16,1.403e-15
MKL,1725,4.176e-16,4.457e-16,1.237e-15
VectorFFT,1726,4.080e-16,4.765e-16,1.272e-15
MKL,1726,3.983e-16,3.831e-16,1.241e-15
VectorFFT,1727,3.769e-16,3.628e-16,1.230e-15
MKL,1727,4.073e-16,4.132e-16,1.388e-15
VectorFFT,1728,4.866e-16,6.174e-16,1.493e-15
MKL,1728,2.420e-16,3.116e-16,9.588e-16
VectorFFT,1729,4.496e-16,4.646e-16,1.237e-15
MKL,1729,3.266e-16,3.376e-16,1.038e-15
VectorFFT,1730,3.887e-16,4.053e-16,1.278e-15
MKL,1730,3.986e-16,3.421e-16,1.319e-15
VectorFFT,1731,3.793e-16,3.847e-16,1.351e-15
MKL,1731,4.171e-16,3.858e-16,1.573e-15
VectorFFT,1732,4.117e-16,5.269e-16,1.369e-15
MKL,1732,4.100e-16,4.129e-16,1.226e-15
VectorFFT,1733,3.938e-16,3.847e-16,1.230e-15
MKL,1733,4.240e-16,4.054e-16,1.351e-15
VectorFFT,1734,5.629e-16,5.538e-16,1.592e-15
MKL,1734,2.825e-16,2.471e-16,8.572e-16
VectorFFT,1735,3.790e-16,4.161e-16,1.219e-15
MKL,1735,4.173e-16,4.694e-16,1.239e-15
VectorFFT,1736,4.691e-16,6.006e-16,1.481e-15
MKL,1736,2.627e-16,3.580e-16,8.828e-16
VectorFFT,1737,3.797e-16,4.531e-16,1.376e-15
MKL,1737,4.070e-16,4.178e-16,1.194e-15
VectorFFT,1738,3.756e-16,3.512e-16,1.245e-15
MKL,1738,3.033e-16,3.554e-16,1.005e-15
VectorFFT,1739,1.058e-15,1.469e-15,3.955e-15
MKL,1739,3.155e-16,3.620e-16,9.684e-16
VectorFFT,1740,4.256e-16,4.041e-16,1.281e-15
MKL,1740,2.732e-16,2.805e-16,7.914e-16
VectorFFT,1741,3.891e-16,3.700e-16,1.042e-15
MKL,1741,4.240e-16,4.279e-16,1.417e-15
VectorFFT,1742,3.841e-16,3.977e-16,1.133e-15
MKL,1742,3.137e-16,3.607e-16,1.013e-15
VectorFFT,1743,3.775e-16,3.499e-16,1.337e-15
MKL,1743,3.310e-16,3.557e-16,1.181e-15
VectorFFT,1744,3.836e-16,3.482e-16,1.181e-15
MKL,1744,3.090e-16,4.251e-16,9.927e-16
VectorFFT,1745,3.849e-16,3.918e-16,1.276e-15
MKL,1745,4.089e-16,4.025e-16,1.364e-15
VectorFFT,1746,3.829e-16,3.383e-16,1.105e-15
MKL,1746,3.211e-16,4.304e-16,9.868e-16
VectorFFT,1747,3.898e-16,4.464e-16,1.268e-15
MKL,1747,4.094e-16,3.943e-16,1.347e-15
VectorFFT,1748,4.229e-16,4.591e-16,1.398e-15
MKL,1748,2.552e-16,2.913e-16,7.515e-16
VectorFFT,1749,3.902e-16,4.785e-16,1.156e-15
MKL,1749,2.890e-16,3.461e-16,8.784e-16
VectorFFT,1750,3.421e-16,3.535e-16,1.132e-15
MKL,1750,2.967e-16,3.187e-16,9.499e-16
VectorFFT,1751,3.844e-16,3.728e-16,1.138e-15
MKL,1751,4.114e-16,3.792e-16,1.286e-15
VectorFFT,1752,3.827e-16,4.269e-16,1.567e-15
MKL,1752,2.765e-16,3.270e-16,8.900e-16
VectorFFT,1753,3.851e-16,3.930e-16,1.236e-15
MKL,1753,4.102e-16,4.606e-16,1.478e-15
VectorFFT,1754,3.882e-16,3.584e-16,1.307e-15
MKL,1754,4.046e-16,4.191e-16,1.125e-15
VectorFFT,1755,5.138e-16,5.501e-16,1.405e-15
MKL,1755,3.248e-16,5.668e-16,1.090e-15
VectorFFT,1756,3.801e-16,3.226e-16,1.180e-15
MKL,1756,4.043e-16,3.894e-16,1.390e-15
VectorFFT,1757,3.837e-16,4.491e-16,1.223e-15
MKL,1757,4.081e-16,4.603e-16,1.276e-15
VectorFFT,1758,3.847e-16,4.969e-16,1.176e-15
MKL,1758,4.091e-16,4.995e-16,1.419e-15
VectorFFT,1759,3.810e-16,3.573e-16,1.211e-15
MKL,1759,4.117e-16,4.361e-16,1.440e-15
VectorFFT,1760,3.066e-16,4.011e-16,9.979e-16
MKL,1760,2.539e-16,3.042e-16,7.824e-16
VectorFFT,1761,3.758e-16,3.041e-16,1.471e-15
MKL,1761,4.215e-16,3.437e-16,1.459e-15
VectorFFT,1762,3.830e-16,2.745e-16,1.084e-15
MKL,1762,3.993e-16,3.783e-16,1.231e-15
VectorFFT,1763,4.298e-16,6.227e-16,1.213e-15
MKL,1763,3.463e-16,3.524e-16,1.083e-15
VectorFFT,1764,3.923e-16,4.574e-16,1.276e-15
MKL,1764,2.661e-16,3.322e-16,8.997e-16
VectorFFT,1765,3.932e-16,3.562e-16,1.299e-15
MKL,1765,4.044e-16,4.395e-16,1.275e-15
VectorFFT,1766,3.919e-16,4.350e-16,1.315e-15
MKL,1766,4.115e-16,4.140e-16,1.187e-15
VectorFFT,1767,4.675e-16,6.109e-16,1.453e-15
MKL,1767,2.988e-16,3.588e-16,8.585e-16
VectorFFT,1768,4.896e-16,5.854e-16,1.451e-15
MKL,1768,2.659e-16,2.581e-16,9.183e-16
VectorFFT,1769,3.821e-16,2.982e-16,1.171e-15
MKL,1769,3.252e-16,3.550e-16,1.123e-15
VectorFFT,1770,3.974e-16,3.939e-16,1.180e-15
MKL,1770,3.057e-16,4.251e-16,9.652e-16
VectorFFT,1771,5.722e-16,8.568e-16,2.129e-15
MKL,1771,3.537e-16,4.364e-16,1.281e-15
VectorFFT,1772,3.859e-16,4.561e-16,1.279e-15
MKL,1772,4.009e-16,4.621e-16,1.276e-15
VectorFFT,1773,3.848e-16,3.844e-16,1.145e-15
MKL,1773,4.137e-16,3.797e-16,1.245e-15
VectorFFT,1774,3.925e-16,3.433e-16,1.177e-15
MKL,1774,4.055e-16,3.740e-16,1.354e-15
VectorFFT,1775,3.957e-16,4.058e-16,1.399e-15
MKL,1775,4.347e-16,5.146e-16,1.683e-15
VectorFFT,1776,4.003e-16,3.895e-16,1.211e-15
MKL,1776,2.545e-16,3.753e-16,7.683e-16
VectorFFT,1777,3.953e-16,4.457e-16,1.257e-15
MKL,1777,4.141e-16,4.938e-16,1.518e-15
VectorFFT,1778,4.012e-16,4.889e-16,1.355e-15
MKL,1778,3.483e-16,4.229e-16,1.255e-15
VectorFFT,1779,3.860e-16,3.684e-16,1.232e-15
MKL,1779,4.196e-16,4.458e-16,1.478e-15
VectorFFT,1780,3.914e-16,3.547e-16,1.280e-15
MKL,1780,3.092e-16,4.166e-16,1.006e-15
VectorFFT,1781,3.923e-16,3.904e-16,1.136e-15
MKL,1781,4.182e-16,4.085e-16,1.231e-15
VectorFFT,1782,4.766e-16,4.734e-16,1.283e-15
MKL,1782,2.826e-16,3.365e-16,9.230e-16
VectorFFT,1783,3.937e-16,3.958e-16,1.188e-15
MKL,1783,4.145e-16,3.787e-16,1.234e-15
VectorFFT,1784,3.829e-16,3.372e-16,1.102e-15
MKL,1784,4.020e-16,3.826e-16,1.231e-15
VectorFFT,1785,4.676e-16,5.326e-16,1.397e-15
MKL,1785,3.047e-16,3.348e-16,8.960e-16
VectorFFT,1786,8.041e-16,1.563e-15,3.204e-15
MKL,1786,2.949e-16,3.841e-16,9.570e-16
VectorFFT,1787,3.936e-16,3.863e-16,1.216e-15
MKL,1787,4.161e-16,4.104e-16,1.743e-15
VectorFFT,1788,4.016e-16,4.851e-16,1.260e-15
MKL,1788,3.489e-16,4.742e-16,1.084e-15
VectorFFT,1789,3.857e-16,4.456e-16,1.328e-15
MKL,1789,4.073e-16,5.312e-16,1.359e-15
VectorFFT,1790,3.880e-16,4.508e-16,1.296e-15
MKL,1790,4.027e-16,3.976e-16,1.448e-15
VectorFFT,1791,3.883e-16,2.865e-16,1.245e-15
MKL,1791,4.099e-16,3.825e-16,1.280e-15
VectorFFT,1792,2.395e-16,3.140e-16,6.830e-16
MKL,1792,2.386e-16,2.828e-16,8.033e-16
VectorFFT,1793,4.010e-16,4.476e-16,1.281e-15
MKL,1793,4.420e-16,4.371e-16,1.863e-15
VectorFFT,1794,4.967e-16,5.786e-16,1.665e-15
MKL,1794,2.683e-16,3.610e-16,9.036e-16
VectorFFT,1795,3.935e-16,4.027e-16,1.058e-15
MKL,1795,4.145e-16,4.582e-16,1.193e-15
VectorFFT,1796,3.864e-16,3.699e-16,1.242e-15
MKL,1796,4.184e-16,4.775e-16,1.256e-15
VectorFFT,1797,3.962e-16,3.083e-16,1.239e-15
MKL,1797,4.044e-16,3.758e-16,1.292e-15
VectorFFT,1798,1.163e-15,2.070e-15,4.637e-15
MKL,1798,2.758e-16,3.152e-16,8.917e-16
VectorFFT,1799,3.892e-16,3.998e-16,1.187e-15
MKL,1799,4.308e-16,4.632e-16,1.410e-15
VectorFFT,1800,4.217e-16,4.362e-16,1.408e-15
MKL,1800,2.706e-16,3.133e-16,7.842e-16
VectorFFT,1801,3.818e-16,3.754e-16,1.330e-15
MKL,1801,4.422e-16,5.038e-16,1.517e-15
VectorFFT,1802,3.913e-16,4.389e-16,1.308e-15
MKL,1802,2.879e-16,3.265e-16,9.155e-16
VectorFFT,1803,4.196e-16,3.977e-16,1.295e-15
MKL,1803,3.983e-16,3.734e-16,1.327e-15
VectorFFT,1804,3.616e-16,4.357e-16,1.096e-15
MKL,1804,2.698e-16,3.236e-16,8.567e-16
VectorFFT,1805,7.766e-16,1.028e-15,2.581e-15
MKL,1805,3.559e-16,4.212e-16,9.883e-16
VectorFFT,1806,4.304e-16,4.367e-16,1.250e-15
MKL,1806,2.811e-16,3.719e-16,7.733e-16
VectorFFT,1807,3.868e-16,3.487e-16,1.244e-15
MKL,1807,4.155e-16,3.850e-16,1.416e-15
VectorFFT,1808,3.906e-16,3.649e-16,1.049e-15
MKL,1808,3.076e-16,3.626e-16,9.907e-16
VectorFFT,1809,3.962e-16,3.672e-16,1.187e-15
MKL,1809,3.253e-16,3.449e-16,1.095e-15
VectorFFT,1810,3.914e-16,4.518e-16,1.342e-15
MKL,1810,4.222e-16,4.369e-16,1.125e-15
VectorFFT,1811,4.013e-16,3.836e-16,1.261e-15
MKL,1811,4.329e-16,4.684e-16,1.385e-15
VectorFFT,1812,3.885e-16,4.993e-16,1.179e-15
MKL,1812,4.186e-16,3.914e-16,1.188e-15
VectorFFT,1813,3.769e-16,4.240e-16,1.167e-15
MKL,1813,3.267e-16,3.495e-16,1.106e-15
VectorFFT,1814,3.855e-16,3.965e-16,1.165e-15
MKL,1814,4.139e-16,4.343e-16,1.295e-15
VectorFFT,1815,4.025e-16,4.947e-16,1.490e-15
MKL,1815,3.428e-16,4.277e-16,1.020e-15
VectorFFT,1816,3.803e-16,3.683e-16,1.158e-15
MKL,1816,4.071e-16,3.922e-16,1.271e-15
VectorFFT,1817,3.963e-16,3.695e-16,1.277e-15
MKL,1817,3.833e-16,3.530e-16,1.561e-15
VectorFFT,1818,3.844e-16,4.206e-16,1.387e-15
MKL,1818,3.261e-16,4.505e-16,1.067e-15
VectorFFT,1819,3.890e-16,4.039e-16,1.170e-15
MKL,1819,4.234e-16,4.135e-16,1.407e-15
VectorFFT,1820,4.377e-16,4.187e-16,1.366e-15
MKL,1820,2.686e-16,2.815e-16,7.252e-16
VectorFFT,1821,3.890e-16,3.858e-16,1.447e-15
MKL,1821,4.411e-16,4.451e-16,1.565e-15
VectorFFT,1822,3.827e-16,4.130e-16,1.164e-15
MKL,1822,4.182e-16,3.774e-16,1.205e-15
VectorFFT,1823,3.929e-16,4.180e-16,1.247e-15
MKL,1823,4.213e-16,4.300e-16,1.270e-15
VectorFFT,1824,3.694e-16,4.264e-16,1.048e-15
MKL,1824,2.458e-16,2.328e-16,8.587e-16
VectorFFT,1825,3.969e-16,4.400e-16,1.252e-15
MKL,1825,3.229e-16,3.598e-16,1.078e-15
VectorFFT,1826,3.989e-16,3.108e-16,1.189e-15
MKL,1826,3.070e-16,3.020e-16,1.131e-15
VectorFFT,1827,5.224e-16,6.008e-16,1.850e-15
MKL,1827,2.954e-16,2.854e-16,8.888e-16
VectorFFT,1828,3.818e-16,3.602e-16,1.162e-15
MKL,1828,4.070e-16,4.152e-16,1.537e-15
VectorFFT,1829,3.909e-16,3.944e-16,1.432e-15
MKL,1829,3.252e-16,3.393e-16,1.036e-15
VectorFFT,1830,4.196e-16,4.460e-16,1.277e-15
MKL,1830,3.074e-16,4.044e-16,1.034e-15
VectorFFT,1831,3.989e-16,4.488e-16,1.278e-15
MKL,1831,4.197e-16,4.442e-16,1.268e-15
VectorFFT,1832,3.886e-16,4.310e-16,1.213e-15
MKL,1832,4.161e-16,4.091e-16,1.354e-15
VectorFFT,1833,5.803e-16,7.339e-16,1.622e-15
MKL,1833,3.920e-16,4.083e-16,1.265e-15
VectorFFT,1834,4.022e-16,4.729e-16,1.207e-15
MKL,1834,3.427e-16,4.257e-16,1.136e-15
VectorFFT,1835,3.933e-16,5.489e-16,1.396e-15
MKL,1835,4.269e-16,4.407e-16,1.504e-15
VectorFFT,1836,5.095e-16,4.409e-16,1.542e-15
MKL,1836,2.712e-16,3.159e-16,8.033e-16
VectorFFT,1837,4.033e-16,3.776e-16,1.402e-15
MKL,1837,4.257e-16,4.875e-16,1.409e-15
VectorFFT,1838,3.935e-16,4.231e-16,1.328e-15
MKL,1838,4.161e-16,5.251e-16,1.225e-15
VectorFFT,1839,4.015e-16,3.867e-16,1.260e-15
MKL,1839,4.224e-16,4.153e-16,1.644e-15
VectorFFT,1840,3.811e-16,3.929e-16,1.177e-15
MKL,1840,2.484e-16,2.699e-16,8.811e-16
VectorFFT,1841,3.919e-16,3.534e-16,1.263e-15
MKL,1841,4.378e-16,3.895e-16,1.423e-15
VectorFFT,1842,4.161e-16,4.124e-16,1.374e-15
MKL,1842,4.120e-16,4.964e-16,1.444e-15
VectorFFT,1843,4.000e-16,4.369e-16,1.132e-15
MKL,1843,4.228e-16,4.776e-16,1.489e-15
VectorFFT,1844,3.973e-16,4.507e-16,1.255e-15
MKL,1844,4.101e-16,4.456e-16,1.269e-15
VectorFFT,1845,4.275e-16,5.140e-16,1.256e-15
MKL,1845,3.439e-16,3.557e-16,1.078e-15
VectorFFT,1846,3.938e-16,3.619e-16,1.083e-15
MKL,1846,3.051e-16,4.014e-16,8.790e-16
VectorFFT,1847,3.952e-16,5.372e-16,1.306e-15
MKL,1847,4.226e-16,4.676e-16,1.444e-15
VectorFFT,1848,5.166e-16,8.001e-16,1.945e-15
MKL,1848,2.542e-16,2.900e-16,7.092e-16
VectorFFT,1849,9.838e-16,2.128e-15,4.018e-15
MKL,1849,3.402e-16,4.054e-16,1.065e-15
VectorFFT,1850,3.806e-16,3.494e-16,1.204e-15
MKL,1850,2.868e-16,3.949e-16,1.001e-15
VectorFFT,1851,3.946e-16,4.068e-16,1.282e-15
MKL,1851,4.353e-16,3.629e-16,1.401e-15
VectorFFT,1852,4.013e-16,4.013e-16,1.263e-15
MKL,1852,4.197e-16,4.475e-16,1.123e-15
VectorFFT,1853,3.955e-16,3.756e-16,1.252e-15
MKL,1853,4.480e-16,4.934e-16,1.642e-15
VectorFFT,1854,3.938e-16,3.931e-16,1.417e-15
MKL,1854,3.338e-16,4.239e-16,1.126e-15
VectorFFT,1855,3.924e-16,4.085e-16,1.357e-15
MKL,1855,4.240e-16,4.292e-16,1.186e-15
VectorFFT,1856,3.627e-16,3.750e-16,1.079e-15
MKL,1856,2.434e-16,2.544e-16,7.665e-16
VectorFFT,1857,3.971e-16,4.406e-16,1.362e-15
MKL,1857,4.185e-16,4.597e-16,1.316e-15
VectorFFT,1858,3.942e-16,4.139e-16,1.324e-15
MKL,1858,4.179e-16,4.172e-16,1.775e-15
VectorFFT,1859,5.087e-16,7.304e-16,1.474e-15
MKL,1859,2.907e-16,2.655e-16,9.504e-16
VectorFFT,1860,4.471e-16,6.226e-16,1.575e-15
MKL,1860,2.699e-16,3.233e-16,1.032e-15
VectorFFT,1861,3.958e-16,4.143e-16,1.105e-15
MKL,1861,4.311e-16,4.902e-16,1.614e-15
VectorFFT,1862,4.446e-16,6.893e-16,1.477e-15
MKL,1862,2.927e-16,2.990e-16,1.048e-15
VectorFFT,1863,5.131e-16,4.754e-16,1.352e-15
MKL,1863,4.257e-16,4.699e-16,1.204e-15
VectorFFT,1864,3.888e-16,4.398e-16,1.559e-15
MKL,1864,4.113e-16,4.728e-16,1.211e-15
VectorFFT,1865,4.195e-16,5.413e-16,1.581e-15
MKL,1865,4.364e-16,4.497e-16,1.358e-15
VectorFFT,1866,3.878e-16,4.072e-16,1.184e-15
MKL,1866,4.078e-16,4.568e-16,1.273e-15
VectorFFT,1867,4.020e-16,5.723e-16,1.252e-15
MKL,1867,4.216e-16,4.481e-16,1.337e-15
VectorFFT,1868,4.046e-16,3.791e-16,1.363e-15
MKL,1868,4.064e-16,3.988e-16,1.327e-15
VectorFFT,1869,3.980e-16,3.814e-16,1.297e-15
MKL,1869,3.903e-16,4.408e-16,1.292e-15
VectorFFT,1870,4.557e-16,4.544e-16,1.251e-15
MKL,1870,2.716e-16,2.886e-16,8.423e-16
VectorFFT,1871,3.963e-16,4.482e-16,1.271e-15
MKL,1871,4.313e-16,5.572e-16,1.544e-15
VectorFFT,1872,5.069e-16,5.730e-16,1.243e-15
MKL,1872,2.586e-16,2.602e-16,7.862e-16
VectorFFT,1873,7.707e-16,6.966e-16,2.116e-15
MKL,1873,4.321e-16,4.086e-16,1.506e-15
VectorFFT,1874,4.010e-16,3.768e-16,1.200e-15
MKL,1874,4.127e-16,4.134e-16,1.486e-15
VectorFFT,1875,3.821e-16,4.254e-16,1.198e-15
MKL,1875,4.586e-16,5.424e-16,1.196e-15
VectorFFT,1876,3.963e-16,4.138e-16,1.234e-15
MKL,1876,2.861e-16,4.205e-16,8.587e-16
VectorFFT,1877,4.134e-16,4.955e-16,1.470e-15
MKL,1877,4.227e-16,3.535e-16,1.350e-15
VectorFFT,1878,3.880e-16,4.189e-16,1.387e-15
MKL,1878,4.197e-16,4.871e-16,1.467e-15
VectorFFT,1879,3.859e-16,3.768e-16,1.215e-15
MKL,1879,4.535e-16,4.325e-16,1.517e-15
VectorFFT,1880,4.726e-16,5.781e-16,1.481e-15
MKL,1880,2.794e-16,3.237e-16,9.442e-16
VectorFFT,1881,4.308e-16,4.557e-16,1.032e-15
MKL,1881,3.189e-16,3.347e-16,8.901e-16
VectorFFT,1882,3.971e-16,4.537e-16,1.274e-15
MKL,1882,4.102e-16,5.108e-16,1.618e-15
VectorFFT,1883,3.973e-16,4.188e-16,1.193e-15
MKL,1883,4.300e-16,4.439e-16,1.410e-15
VectorFFT,1884,3.992e-16,3.604e-16,1.624e-15
MKL,1884,4.108e-16,3.667e-16,1.191e-15
VectorFFT,1885,4.831e-16,6.526e-16,1.431e-15
MKL,1885,3.425e-16,4.252e-16,9.863e-16
VectorFFT,1886,7.637e-16,1.255e-15,4.360e-15
MKL,1886,2.864e-16,3.012e-16,9.109e-16
VectorFFT,1887,5.087e-16,7.505e-16,1.464e-15
MKL,1887,3.052e-16,3.102e-16,7.990e-16
VectorFFT,1888,3.902e-16,3.562e-16,1.218e-15
MKL,1888,2.746e-16,3.231e-16,9.346e-16
VectorFFT,1889,3.903e-16,3.891e-16,1.221e-15
MKL,1889,4.428e-16,4.015e-16,1.498e-15
VectorFFT,1890,4.100e-16,4.809e-16,1.118e-15
MKL,1890,3.133e-16,3.397e-16,1.133e-15
VectorFFT,1891,3.936e-16,4.423e-16,1.238e-15
MKL,1891,3.827e-16,4.013e-16,1.074e-15
VectorFFT,1892,4.062e-16,4.252e-16,1.183e-15
MKL,1892,2.790e-16,3.060e-16,9.379e-16
VectorFFT,1893,3.909e-16,3.274e-16,1.246e-15
MKL,1893,4.221e-16,4.176e-16,1.244e-15
VectorFFT,1894,3.966e-16,3.582e-16,1.485e-15
MKL,1894,4.195e-16,3.853e-16,1.661e-15
VectorFFT,1895,4.047e-16,4.458e-16,1.248e-15
MKL,1895,4.183e-16,4.553e-16,1.241e-15
VectorFFT,1896,3.993e-16,4.036e-16,1.321e-15
MKL,1896,2.883e-16,3.691e-16,9.437e-16
VectorFFT,1897,4.015e-16,4.480e-16,1.439e-15
MKL,1897,4.165e-16,4.343e-16,1.282e-15
VectorFFT,1898,3.960e-16,3.839e-16,1.262e-15
MKL,1898,3.149e-16,3.041e-16,9.697e-16
VectorFFT,1899,3.985e-16,3.729e-16,1.401e-15
MKL,1899,4.241e-16,4.491e-16,1.388e-15
VectorFFT,1900,3.973e-16,3.850e-16,1.245e-15
MKL,1900,2.760e-16,2.451e-16,8.251e-16
VectorFFT,1901,4.029e-16,3.780e-16,1.587e-15
MKL,1901,4.398e-16,3.866e-16,1.817e-15
VectorFFT,1902,3.949e-16,3.810e-16,1.151e-15
MKL,1902,4.231e-16,4.683e-16,1.254e-15
VectorFFT,1903,3.987e-16,4.425e-16,1.111e-15
MKL,1903,4.228e-16,4.717e-16,1.738e-15
VectorFFT,1904,4.173e-16,4.770e-16,1.107e-15
MKL,1904,2.508e-16,2.426e-16,8.257e-16
VectorFFT,1905,4.271e-16,4.387e-16,1.473e-15
MKL,1905,4.428e-16,4.804e-16,1.546e-15
VectorFFT,1906,3.998e-16,4.998e-16,1.270e-15
MKL,1906,4.183e-16,4.450e-16,1.315e-15
VectorFFT,1907,3.949e-16,3.319e-16,1.194e-15
MKL,1907,4.222e-16,4.376e-16,1.430e-15
VectorFFT,1908,3.953e-16,4.165e-16,1.332e-15
MKL,1908,2.718e-16,3.479e-16,8.454e-16
VectorFFT,1909,4.014e-16,3.929e-16,1.114e-15
MKL,1909,3.527e-16,3.680e-16,1.143e-15
VectorFFT,1910,4.075e-16,4.697e-16,1.442e-15
MKL,1910,4.197e-16,4.153e-16,1.229e-15
VectorFFT,1911,4.374e-16,5.796e-16,1.272e-15
MKL,1911,3.673e-16,3.987e-16,1.112e-15
VectorFFT,1912,3.933e-16,4.073e-16,1.370e-15
MKL,1912,4.273e-16,5.671e-16,1.386e-15
VectorFFT,1913,4.114e-16,3.801e-16,1.374e-15
MKL,1913,4.279e-16,4.096e-16,1.346e-15
VectorFFT,1914,1.096e-15,1.847e-15,4.584e-15
MKL,1914,2.666e-16,3.969e-16,8.195e-16
VectorFFT,1915,4.017e-16,3.926e-16,1.353e-15
MKL,1915,4.475e-16,4.160e-16,1.589e-15
VectorFFT,1916,4.049e-16,4.616e-16,1.282e-15
MKL,1916,4.136e-16,4.574e-16,1.485e-15
VectorFFT,1917,3.959e-16,4.321e-16,1.364e-15
MKL,1917,4.042e-16,4.901e-16,1.262e-15
VectorFFT,1918,3.936e-16,3.238e-16,1.421e-15
MKL,1918,3.467e-16,3.500e-16,1.041e-15
VectorFFT,1919,4.074e-16,5.061e-16,1.261e-15
MKL,1919,4.205e-16,4.296e-16,1.334e-15
VectorFFT,1920,3.331e-16,3.281e-16,9.859e-16
MKL,1920,2.522e-16,2.541e-16,7.801e-16
VectorFFT,1921,3.854e-16,3.740e-16,1.265e-15
MKL,1921,4.540e-16,5.230e-16,1.755e-15
VectorFFT,1922,1.221e-15,2.268e-15,6.104e-15
MKL,1922,3.168e-16,3.170e-16,1.080e-15
VectorFFT,1923,4.046e-16,4.707e-16,1.613e-15
MKL,1923,4.337e-16,5.440e-16,1.528e-15
VectorFFT,1924,4.615e-16,5.254e-16,1.360e-15
MKL,1924,2.644e-16,3.635e-16,7.993e-16
VectorFFT,1925,4.146e-16,4.052e-16,1.381e-15
MKL,1925,3.127e-16,3.282e-16,1.053e-15
VectorFFT,1926,3.984e-16,3.823e-16,1.365e-15
MKL,1926,3.228e-16,4.329e-16,9.377e-16
VectorFFT,1927,4.068e-16,3.957e-16,1.193e-15
MKL,1927,3.727e-16,3.956e-16,1.099e-15
VectorFFT,1928,3.951e-16,3.711e-16,1.185e-15
MKL,1928,4.136e-16,4.516e-16,1.284e-15
VectorFFT,1929,4.015e-16,3.632e-16,1.152e-15
MKL,1929,4.417e-16,4.509e-16,1.302e-15
VectorFFT,1930,4.017e-16,4.551e-16,1.260e-15
MKL,1930,4.252e-16,4.880e-16,1.383e-15
VectorFFT,1931,3.975e-16,4.439e-16,1.241e-15
MKL,1931,4.256e-16,4.313e-16,1.467e-15
VectorFFT,1932,4.927e-16,6.728e-16,1.805e-15
MKL,1932,2.566e-16,2.991e-16,7.778e-16
VectorFFT,1933,3.963e-16,4.024e-16,1.114e-15
MKL,1933,4.132e-16,4.612e-16,1.229e-15
VectorFFT,1934,4.003e-16,5.706e-16,1.220e-15
MKL,1934,4.312e-16,5.239e-16,1.275e-15
VectorFFT,1935,4.923e-16,5.236e-16,1.637e-15
MKL,1935,3.276e-16,4.174e-16,1.004e-15
VectorFFT,1936,3.236e-16,3.258e-16,9.905e-16
MKL,1936,2.353e-16,1.909e-16,8.408e-16
VectorFFT,1937,4.008e-16,3.890e-16,1.334e-15
MKL,1937,4.302e-16,4.104e-16,1.470e-15
VectorFFT,1938,4.998e-16,5.204e-16,1.410e-15
MKL,1938,2.753e-16,2.749e-16,9.021e-16
VectorFFT,1939,3.983e-16,3.326e-16,1.157e-15
MKL,1939,4.273e-16,3.635e-16,1.381e-15
VectorFFT,1940,4.255e-16,5.265e-16,1.594e-15
MKL,1940,3.126e-16,4.838e-16,1.130e-15
VectorFFT,1941,4.043e-16,4.489e-16,1.399e-15
MKL,1941,4.252e-16,4.697e-16,1.388e-15
VectorFFT,1942,4.071e-16,3.880e-16,1.573e-15
MKL,1942,4.209e-16,4.302e-16,1.375e-15
VectorFFT,1943,4.258e-16,4.240e-16,1.468e-15
MKL,1943,3.517e-16,4.242e-16,1.224e-15
VectorFFT,1944,4.531e-16,4.682e-16,1.287e-15
MKL,1944,2.599e-16,3.144e-16,9.646e-16
VectorFFT,1945,4.233e-16,3.548e-16,1.324e-15
MKL,1945,4.246e-16,4.109e-16,1.417e-15
VectorFFT,1946,4.020e-16,4.627e-16,1.138e-15
MKL,1946,3.531e-16,3.976e-16,1.373e-15
VectorFFT,1947,4.035e-16,4.327e-16,1.300e-15
MKL,1947,3.103e-16,3.771e-16,1.003e-15
VectorFFT,1948,4.121e-16,4.244e-16,1.154e-15
MKL,1948,4.420e-16,4.545e-16,1.446e-15
VectorFFT,1949,4.040e-16,3.261e-16,1.215e-15
MKL,1949,4.201e-16,3.631e-16,1.506e-15
VectorFFT,1950,4.479e-16,5.026e-16,1.125e-15
MKL,1950,2.858e-16,2.791e-16,9.956e-16
VectorFFT,1951,4.151e-16,4.367e-16,1.327e-15
MKL,1951,4.282e-16,4.322e-16,1.421e-15
VectorFFT,1952,4.044e-16,3.707e-16,1.292e-15
MKL,1952,2.732e-16,2.790e-16,8.969e-16
VectorFFT,1953,5.608e-16,7.142e-16,2.033e-15
MKL,1953,3.114e-16,3.880e-16,1.200e-15
VectorFFT,1954,4.066e-16,4.303e-16,1.281e-15
MKL,1954,4.224e-16,4.315e-16,1.360e-15
VectorFFT,1955,5.241e-16,6.013e-16,1.467e-15
MKL,1955,4.072e-16,5.513e-16,1.271e-15
VectorFFT,1956,4.069e-16,4.625e-16,1.310e-15
MKL,1956,4.196e-16,4.432e-16,1.230e-15
VectorFFT,1957,3.987e-16,4.354e-16,1.650e-15
MKL,1957,4.277e-16,4.349e-16,1.282e-15
VectorFFT,1958,4.035e-16,3.528e-16,1.165e-15
MKL,1958,3.216e-16,3.551e-16,1.096e-15
VectorFFT,1959,4.062e-16,4.566e-16,1.125e-15
MKL,1959,4.329e-16,4.437e-16,1.357e-15
VectorFFT,1960,3.756e-16,6.109e-16,1.629e-15
MKL,1960,2.736e-16,4.132e-16,1.130e-15
VectorFFT,1961,4.031e-16,4.388e-16,1.270e-15
MKL,1961,4.111e-16,4.384e-16,1.394e-15
VectorFFT,1962,4.091e-16,3.727e-16,1.176e-15
MKL,1962,3.269e-16,4.769e-16,1.077e-15
VectorFFT,1963,4.036e-16,3.141e-16,1.285e-15
MKL,1963,4.293e-16,3.491e-16,1.297e-15
VectorFFT,1964,4.089e-16,4.607e-16,1.273e-15
MKL,1964,4.220e-16,4.286e-16,1.425e-15
VectorFFT,1965,4.040e-16,3.300e-16,1.281e-15
MKL,1965,4.272e-16,3.342e-16,1.350e-15
VectorFFT,1966,4.072e-16,3.596e-16,1.248e-15
MKL,1966,4.164e-16,3.914e-16,1.224e-15
VectorFFT,1967,4.048e-16,4.745e-16,1.340e-15
MKL,1967,4.153e-16,4.047e-16,1.310e-15
VectorFFT,1968,3.919e-16,4.757e-16,1.276e-15
MKL,1968,2.666e-16,2.751e-16,7.935e-16
VectorFFT,1969,4.053e-16,4.418e-16,1.406e-15
MKL,1969,4.281e-16,4.595e-16,1.401e-15
VectorFFT,1970,4.103e-16,3.871e-16,1.252e-15
MKL,1970,4.166e-16,4.474e-16,1.483e-15
VectorFFT,1971,4.056e-16,4.218e-16,1.242e-15
MKL,1971,3.344e-16,4.239e-16,1.106e-15
VectorFFT,1972,6.239e-16,6.114e-16,2.177e-15
MKL,1972,2.630e-16,2.756e-16,8.598e-16
VectorFFT,1973,3.999e-16,4.690e-16,1.301e-15
MKL,1973,4.514e-16,5.564e-16,1.584e-15
VectorFFT,1974,4.100e-16,4.751e-16,1.234e-15
MKL,1974,2.845e-16,3.921e-16,9.890e-16
VectorFFT,1975,3.963e-16,4.626e-16,1.453e-15
MKL,1975,3.434e-16,3.342e-16,1.048e-15
VectorFFT,1976,4.374e-16,5.465e-16,1.179e-15
MKL,1976,2.656e-16,3.193e-16,8.084e-16
VectorFFT,1977,4.051e-16,4.150e-16,1.463e-15
MKL,1977,4.425e-16,4.473e-16,1.520e-15
VectorFFT,1978,9.309e-16,2.419e-15,4.065e-15
MKL,1978,3.217e-16,4.463e-16,1.056e-15
VectorFFT,1979,4.103e-16,3.577e-16,1.233e-15
MKL,1979,4.448e-16,4.505e-16,1.499e-15
VectorFFT,1980,4.306e-16,4.389e-16,1.396e-15
MKL,1980,2.798e-16,3.175e-16,8.651e-16
VectorFFT,1981,4.046e-16,3.995e-16,1.242e-15
MKL,1981,4.597e-16,6.007e-16,1.464e-15
VectorFFT,1982,4.037e-16,3.621e-16,1.212e-15
MKL,1982,4.310e-16,4.269e-16,1.325e-15
VectorFFT,1983,4.066e-16,4.289e-16,1.296e-15
MKL,1983,4.282e-16,4.245e-16,1.125e-15
VectorFFT,1984,3.850e-16,4.395e-16,1.171e-15
MKL,1984,2.365e-16,2.728e-16,7.712e-16
VectorFFT,1985,4.063e-16,4.755e-16,1.246e-15
MKL,1985,4.272e-16,4.983e-16,1.356e-15
VectorFFT,1986,3.911e-16,4.862e-16,1.226e-15
MKL,1986,4.178e-16,4.492e-16,1.322e-15
VectorFFT,1987,4.058e-16,3.410e-16,1.241e-15
MKL,1987,4.515e-16,4.527e-16,1.534e-15
VectorFFT,1988,3.997e-16,5.318e-16,1.263e-15
MKL,1988,2.906e-16,3.650e-16,9.378e-16
VectorFFT,1989,5.585e-16,5.551e-16,1.505e-15
MKL,1989,3.504e-16,3.003e-16,1.043e-15
VectorFFT,1990,4.178e-16,4.148e-16,1.441e-15
MKL,1990,4.175e-16,3.732e-16,1.238e-15
VectorFFT,1991,4.109e-16,4.253e-16,1.316e-15
MKL,1991,4.364e-16,4.687e-16,1.351e-15
VectorFFT,1992,4.034e-16,4.555e-16,1.234e-15
MKL,1992,2.998e-16,3.598e-16,1.162e-15
VectorFFT,1993,4.118e-16,4.266e-16,1.411e-15
MKL,1993,4.264e-16,4.865e-16,1.306e-15
VectorFFT,1994,4.084e-16,4.541e-16,1.376e-15
MKL,1994,4.352e-16,4.395e-16,1.439e-15
VectorFFT,1995,4.037e-16,4.013e-16,1.318e-15
MKL,1995,3.633e-16,3.611e-16,1.141e-15
VectorFFT,1996,4.067e-16,3.585e-16,1.332e-15
MKL,1996,4.205e-16,3.584e-16,1.458e-15
VectorFFT,1997,3.994e-16,4.971e-16,1.231e-15
MKL,1997,4.315e-16,4.519e-16,1.484e-15
VectorFFT,1998,4.704e-16,4.542e-16,1.329e-15
MKL,1998,3.133e-16,3.534e-16,1.075e-15
VectorFFT,1999,4.032e-16,4.099e-16,1.482e-15
MKL,1999,4.368e-16,4.909e-16,1.627e-15
VectorFFT,2000,3.230e-16,3.559e-16,1.094e-15
MKL,2000,2.724e-16,2.548e-16,8.547e-16
VectorFFT,2001,4.802e-16,4.821e-16,1.662e-15
MKL,2001,3.062e-16,3.272e-16,9.038e-16
VectorFFT,2002,5.032e-16,6.323e-16,1.782e-15
MKL,2002,2.775e-16,3.037e-16,9.429e-16
VectorFFT,2003,4.107e-16,4.149e-16,1.292e-15
MKL,2003,4.285e-16,4.510e-16,1.380e-15
VectorFFT,2004,4.167e-16,3.732e-16,1.243e-15
MKL,2004,4.234e-16,3.917e-16,1.417e-15
VectorFFT,2005,4.015e-16,3.787e-16,1.320e-15
MKL,2005,4.342e-16,3.646e-16,1.468e-15
VectorFFT,2006,4.143e-16,4.509e-16,1.496e-15
MKL,2006,2.989e-16,3.655e-16,1.080e-15
VectorFFT,2007,4.079e-16,4.307e-16,1.178e-15
MKL,2007,4.415e-16,4.547e-16,1.340e-15
VectorFFT,2008,4.036e-16,4.218e-16,1.475e-15
MKL,2008,4.252e-16,4.847e-16,1.261e-15
VectorFFT,2009,3.557e-16,3.557e-16,1.168e-15
MKL,2009,3.135e-16,2.990e-16,1.162e-15
VectorFFT,2010,4.133e-16,4.309e-16,1.611e-15
MKL,2010,2.977e-16,3.630e-16,1.009e-15
VectorFFT,2011,4.133e-16,4.326e-16,1.434e-15
MKL,2011,4.394e-16,3.915e-16,1.579e-15
VectorFFT,2012,4.121e-16,3.573e-16,1.375e-15
MKL,2012,4.280e-16,4.967e-16,1.501e-15
VectorFFT,2013,4.078e-16,3.937e-16,1.223e-15
MKL,2013,3.304e-16,2.675e-16,9.086e-16
VectorFFT,2014,4.118e-16,4.218e-16,1.635e-15
MKL,2014,2.997e-16,4.468e-16,9.550e-16
VectorFFT,2015,5.253e-16,6.572e-16,1.553e-15
MKL,2015,3.259e-16,3.629e-16,8.665e-16
VectorFFT,2016,3.487e-16,4.165e-16,9.409e-16
MKL,2016,2.470e-16,2.295e-16,7.757e-16
VectorFFT,2017,4.062e-16,3.519e-16,1.200e-15
MKL,2017,4.299e-16,4.115e-16,1.455e-15
VectorFFT,2018,3.996e-16,3.884e-16,1.375e-15
MKL,2018,4.219e-16,3.932e-16,1.452e-15
VectorFFT,2019,4.102e-16,3.602e-16,1.170e-15
MKL,2019,4.507e-16,3.904e-16,1.556e-15
VectorFFT,2020,4.075e-16,4.262e-16,1.246e-15
MKL,2020,3.154e-16,3.830e-16,1.118e-15
VectorFFT,2021,4.197e-16,4.937e-16,1.510e-15
MKL,2021,3.102e-16,3.454e-16,1.017e-15
VectorFFT,2022,4.163e-16,4.854e-16,1.269e-15
MKL,2022,4.278e-16,4.592e-16,1.479e-15
VectorFFT,2023,5.362e-16,5.897e-16,1.474e-15
MKL,2023,4.748e-16,5.209e-16,1.419e-15
VectorFFT,2024,3.959e-16,4.374e-16,1.241e-15
MKL,2024,2.547e-16,2.423e-16,7.589e-16
VectorFFT,2025,4.534e-16,4.453e-16,1.093e-15
MKL,2025,3.991e-16,4.259e-16,1.119e-15
VectorFFT,2026,4.079e-16,3.966e-16,1.274e-15
MKL,2026,4.244e-16,4.215e-16,1.342e-15
VectorFFT,2027,4.145e-16,4.835e-16,1.273e-15
MKL,2027,4.566e-16,5.646e-16,1.901e-15
VectorFFT,2028,5.290e-16,6.720e-16,1.752e-15
MKL,2028,2.696e-16,2.974e-16,8.692e-16
VectorFFT,2029,8.910e-16,9.055e-16,2.537e-15
MKL,2029,4.373e-16,5.066e-16,1.341e-15
VectorFFT,2030,4.259e-16,4.554e-16,1.341e-15
MKL,2030,3.048e-16,3.373e-16,1.031e-15
VectorFFT,2031,4.041e-16,3.937e-16,1.369e-15
MKL,2031,4.686e-16,4.092e-16,1.334e-15
VectorFFT,2032,4.105e-16,3.967e-16,1.254e-15
MKL,2032,3.248e-16,3.743e-16,1.114e-15
VectorFFT,2033,4.257e-16,4.911e-16,1.670e-15
MKL,2033,4.304e-16,4.595e-16,1.457e-15
VectorFFT,2034,4.144e-16,4.435e-16,1.462e-15
MKL,2034,3.363e-16,4.659e-16,1.016e-15
VectorFFT,2035,4.100e-16,5.108e-16,1.247e-15
MKL,2035,3.123e-16,2.868e-16,9.370e-16
VectorFFT,2036,4.046e-16,3.698e-16,1.427e-15
MKL,2036,4.311e-16,4.204e-16,1.324e-15
VectorFFT,2037,4.136e-16,4.228e-16,1.319e-15
MKL,2037,4.270e-16,4.695e-16,1.401e-15
VectorFFT,2038,3.952e-16,4.295e-16,1.260e-15
MKL,2038,4.310e-16,4.191e-16,1.388e-15
VectorFFT,2039,4.065e-16,3.925e-16,1.232e-15
MKL,2039,4.445e-16,4.075e-16,1.421e-15
VectorFFT,2040,4.691e-16,5.377e-16,1.140e-15
MKL,2040,2.711e-16,2.556e-16,8.181e-16
VectorFFT,2041,4.073e-16,4.656e-16,1.286e-15
MKL,2041,4.595e-16,5.207e-16,1.556e-15
VectorFFT,2042,4.102e-16,3.511e-16,1.331e-15
MKL,2042,4.339e-16,3.747e-16,1.489e-15
VectorFFT,2043,4.176e-16,4.358e-16,1.387e-15
MKL,2043,4.593e-16,5.499e-16,1.561e-15
VectorFFT,2044,4.110e-16,4.102e-16,1.224e-15
MKL,2044,2.883e-16,3.102e-16,9.455e-16
VectorFFT,2045,4.186e-16,4.714e-16,1.529e-15
MKL,2045,4.514e-16,5.031e-16,1.494e-15
VectorFFT,2046,4.479e-16,4.485e-16,1.455e-15
MKL,2046,2.726e-16,2.799e-16,7.994e-16
VectorFFT,2047,4.182e-16,4.738e-16,1.275e-15
MKL,2047,3.259e-16,3.821e-16,1.046e-15
VectorFFT,2048,2.064e-16,2.602e-16,6.107e-16
MKL,2048,2.012e-16,2.408e-16,6.662e-16
VectorFFT,2049,3.407e-16,3.142e-16,1.164e-15
MKL,2049,4.565e-16,4.492e-16,1.473e-15
VectorFFT,2050,3.711e-16,3.848e-16,1.171e-15
MKL,2050,3.191e-16,3.348e-16,8.812e-16
VectorFFT,2051,3.335e-16,3.431e-16,1.053e-15
MKL,2051,4.640e-16,4.614e-16,1.802e-15
VectorFFT,2052,4.696e-16,4.481e-16,1.360e-15
MKL,2052,2.669e-16,3.454e-16,8.915e-16
VectorFFT,2053,7.689e-16,7.758e-16,2.312e-15
MKL,2053,4.568e-16,4.676e-16,1.411e-15
VectorFFT,2054,3.388e-16,3.934e-16,9.854e-16
MKL,2054,3.281e-16,3.706e-16,1.013e-15
VectorFFT,2055,3.478e-16,3.825e-16,1.050e-15
MKL,2055,4.791e-16,4.678e-16,1.553e-15
VectorFFT,2056,3.292e-16,2.850e-16,1.031e-15
MKL,2056,4.619e-16,4.426e-16,1.417e-15
VectorFFT,2057,6.439e-16,8.231e-16,2.009e-15
MKL,2057,3.400e-16,3.613e-16,1.158e-15
VectorFFT,2058,4.255e-16,5.647e-16,1.381e-15
MKL,2058,2.776e-16,2.714e-16,8.587e-16
VectorFFT,2059,3.366e-16,3.144e-16,1.212e-15
MKL,2059,4.288e-16,4.134e-16,1.644e-15
VectorFFT,2060,3.358e-16,3.847e-16,1.060e-15
MKL,2060,3.170e-16,3.775e-16,1.079e-15
VectorFFT,2061,3.383e-16,3.234e-16,1.091e-15
MKL,2061,4.565e-16,4.763e-16,1.621e-15
VectorFFT,2062,3.342e-16,3.946e-16,1.344e-15
MKL,2062,4.582e-16,4.857e-16,1.581e-15
VectorFFT,2063,3.367e-16,3.543e-16,1.203e-15
MKL,2063,4.631e-16,5.277e-16,1.470e-15
VectorFFT,2064,4.143e-16,4.660e-16,1.267e-15
MKL,2064,2.702e-16,3.188e-16,7.931e-16
VectorFFT,2065,3.273e-16,3.324e-16,1.003e-15
MKL,2065,3.214e-16,3.450e-16,9.307e-16
VectorFFT,2066,3.377e-16,3.854e-16,1.273e-15
MKL,2066,4.559e-16,4.953e-16,1.535e-15
VectorFFT,2067,3.374e-16,3.678e-16,1.111e-15
MKL,2067,3.138e-16,2.930e-16,1.001e-15
VectorFFT,2068,3.873e-16,4.820e-16,1.162e-15
MKL,2068,2.768e-16,3.325e-16,8.050e-16
VectorFFT,2069,3.339e-16,3.102e-16,1.188e-15
MKL,2069,4.598e-16,4.515e-16,1.554e-15
VectorFFT,2070,4.610e-16,4.327e-16,1.165e-15
MKL,2070,3.097e-16,2.996e-16,9.423e-16
VectorFFT,2071,3.363e-16,4.027e-16,1.012e-15
MKL,2071,4.624e-16,6.453e-16,1.510e-15
VectorFFT,2072,3.532e-16,3.982e-16,1.148e-15
MKL,2072,2.629e-16,3.500e-16,7.632e-16
VectorFFT,2073,3.354e-16,2.981e-16,1.115e-15
MKL,2073,4.618e-16,5.259e-16,1.470e-15
VectorFFT,2074,3.264e-16,2.414e-16,1.033e-15
MKL,2074,2.906e-16,2.819e-16,1.001e-15
VectorFFT,2075,3.315e-16,3.472e-16,1.111e-15
MKL,2075,4.247e-16,4.702e-16,1.305e-15
VectorFFT,2076,3.287e-16,3.588e-16,1.001e-15
MKL,2076,4.562e-16,4.782e-16,1.601e-15
VectorFFT,2077,3.378e-16,3.425e-16,1.218e-15
MKL,2077,3.236e-16,3.437e-16,9.779e-16
VectorFFT,2078,3.348e-16,3.500e-16,1.094e-15
MKL,2078,4.552e-16,5.289e-16,1.396e-15
VectorFFT,2079,4.282e-16,4.618e-16,1.408e-15
MKL,2079,4.308e-16,5.130e-16,1.150e-15
VectorFFT,2080,3.942e-16,4.111e-16,1.377e-15
MKL,2080,2.598e-16,2.329e-16,9.059e-16
VectorFFT,2081,6.821e-16,6.118e-16,2.069e-15
MKL,2081,4.683e-16,4.048e-16,1.558e-15
VectorFFT,2082,3.367e-16,3.349e-16,1.075e-15
MKL,2082,4.620e-16,4.255e-16,1.567e-15
VectorFFT,2083,3.315e-16,3.832e-16,9.408e-16
MKL,2083,4.554e-16,3.761e-16,1.546e-15
VectorFFT,2084,3.352e-16,3.382e-16,1.247e-15
MKL,2084,4.607e-16,4.051e-16,1.733e-15
VectorFFT,2085,3.252e-16,3.834e-16,1.137e-15
MKL,2085,4.806e-16,5.600e-16,1.403e-15
VectorFFT,2086,3.364e-16,3.148e-16,1.217e-15
MKL,2086,3.569e-16,4.087e-16,1.141e-15
VectorFFT,2087,3.246e-16,3.439e-16,1.080e-15
MKL,2087,4.670e-16,4.331e-16,1.557e-15
VectorFFT,2088,5.345e-16,6.706e-16,1.867e-15
MKL,2088,2.639e-16,2.775e-16,7.974e-16
VectorFFT,2089,7.585e-16,7.306e-16,2.290e-15
MKL,2089,4.697e-16,5.129e-16,1.693e-15
VectorFFT,2090,3.818e-16,5.095e-16,1.235e-15
MKL,2090,2.872e-16,3.557e-16,1.054e-15
VectorFFT,2091,4.927e-16,4.979e-16,1.496e-15
MKL,2091,3.133e-16,3.332e-16,9.488e-16
VectorFFT,2092,3.327e-16,3.805e-16,1.051e-15
MKL,2092,4.635e-16,4.698e-16,1.459e-15
VectorFFT,2093,5.605e-16,8.180e-16,2.018e-15
MKL,2093,2.947e-16,3.573e-16,8.315e-16
VectorFFT,2094,3.319e-16,2.429e-16,9.827e-16
MKL,2094,4.672e-16,3.621e-16,2.004e-15
VectorFFT,2095,3.290e-16,3.445e-16,1.027e-15
MKL,2095,4.661e-16,4.373e-16,1.453e-15
VectorFFT,2096,3.312e-16,4.116e-16,1.141e-15
MKL,2096,3.203e-16,5.107e-16,1.256e-15
VectorFFT,2097,3.349e-16,3.859e-16,9.921e-16
MKL,2097,4.552e-16,4.925e-16,1.425e-15
VectorFFT,2098,3.396e-16,4.876e-16,1.255e-15
MKL,2098,4.588e-16,6.287e-16,1.857e-15
VectorFFT,2099,3.453e-16,2.541e-16,1.139e-15
MKL,2099,4.787e-16,4.273e-16,1.586e-15
VectorFFT,2100,3.512e-16,3.236e-16,1.273e-15
MKL,2100,2.838e-16,2.585e-16,9.590e-16
VectorFFT,2101,3.348e-16,4.177e-16,1.129e-15
MKL,2101,4.838e-16,5.409e-16,1.499e-15
VectorFFT,2102,3.268e-16,2.848e-16,1.023e-15
MKL,2102,4.566e-16,4.361e-16,1.377e-15
VectorFFT,2103,3.336e-16,3.543e-16,1.384e-15
MKL,2103,4.740e-16,5.934e-16,1.474e-15
VectorFFT,2104,3.259e-16,3.389e-16,1.050e-15
MKL,2104,4.606e-16,5.333e-16,1.412e-15
VectorFFT,2105,3.378e-16,4.317e-16,1.070e-15
MKL,2105,4.698e-16,4.408e-16,1.531e-15
VectorFFT,2106,5.257e-16,6.755e-16,1.851e-15
MKL,2106,3.041e-16,3.532e-16,1.050e-15
VectorFFT,2107,3.974e-16,4.333e-16,1.078e-15
MKL,2107,3.026e-16,2.957e-16,8.590e-16
VectorFFT,2108,6.484e-16,7.258e-16,2.010e-15
MKL,2108,2.646e-16,2.957e-16,8.117e-16
VectorFFT,2109,5.882e-16,7.785e-16,2.211e-15
MKL,2109,3.403e-16,3.801e-16,1.270e-15
VectorFFT,2110,3.393e-16,3.403e-16,1.092e-15
MKL,2110,4.574e-16,4.435e-16,1.463e-15
VectorFFT,2111,3.320e-16,3.901e-16,1.181e-15
MKL,2111,4.714e-16,4.604e-16,1.420e-15
VectorFFT,2112,3.463e-16,3.728e-16,9.614e-16
MKL,2112,2.471e-16,3.413e-16,7.424e-16
VectorFFT,2113,6.066e-16,6.457e-16,2.138e-15
MKL,2113,4.891e-16,5.297e-16,1.540e-15
VectorFFT,2114,3.341e-16,3.911e-16,1.082e-15
MKL,2114,4.595e-16,5.930e-16,1.468e-15
VectorFFT,2115,4.524e-16,4.809e-16,1.453e-15
MKL,2115,3.239e-16,2.923e-16,9.354e-16
VectorFFT,2116,9.252e-16,2.043e-15,3.840e-15
MKL,2116,2.588e-16,3.279e-16,8.937e-16
VectorFFT,2117,3.411e-16,3.480e-16,1.185e-15
MKL,2117,3.353e-16,3.729e-16,1.005e-15
VectorFFT,2118,3.383e-16,3.373e-16,1.081e-15
MKL,2118,4.645e-16,5.197e-16,1.435e-15
VectorFFT,2119,3.301e-16,2.581e-16,1.059e-15
MKL,2119,4.624e-16,4.150e-16,1.621e-15
VectorFFT,2120,3.306e-16,3.990e-16,1.165e-15
MKL,2120,2.822e-16,3.441e-16,8.280e-16
VectorFFT,2121,3.418e-16,3.104e-16,1.202e-15
MKL,2121,4.700e-16,3.905e-16,1.440e-15
VectorFFT,2122,3.303e-16,3.005e-16,1.059e-15
MKL,2122,4.593e-16,4.312e-16,1.533e-15
VectorFFT,2123,3.271e-16,3.281e-16,1.271e-15
MKL,2123,4.593e-16,5.884e-16,1.478e-15
VectorFFT,2124,3.430e-16,3.800e-16,1.196e-15
MKL,2124,2.833e-16,3.198e-16,9.005e-16
VectorFFT,2125,4.709e-16,4.535e-16,1.444e-15
MKL,2125,3.702e-16,4.058e-16,1.173e-15
VectorFFT,2126,3.353e-16,3.646e-16,1.082e-15
MKL,2126,4.617e-16,5.091e-16,1.397e-15
VectorFFT,2127,3.350e-16,3.606e-16,1.111e-15
MKL,2127,4.694e-16,5.240e-16,1.812e-15
VectorFFT,2128,3.426e-16,4.322e-16,9.494e-16
MKL,2128,2.550e-16,2.231e-16,9.021e-16
VectorFFT,2129,5.967e-16,7.664e-16,1.588e-15
MKL,2129,4.671e-16,5.143e-16,1.554e-15
VectorFFT,2130,3.514e-16,3.616e-16,1.130e-15
MKL,2130,3.219e-16,4.468e-16,1.010e-15
VectorFFT,2131,3.384e-16,3.854e-16,1.150e-15
MKL,2131,4.732e-16,4.853e-16,1.599e-15
VectorFFT,2132,4.423e-16,6.765e-16,1.309e-15
MKL,2132,2.684e-16,3.355e-16,8.501e-16
VectorFFT,2133,3.299e-16,3.125e-16,1.371e-15
MKL,2133,3.334e-16,3.857e-16,1.226e-15
VectorFFT,2134,3.361e-16,4.090e-16,1.104e-15
MKL,2134,3.162e-16,3.915e-16,1.129e-15
VectorFFT,2135,3.365e-16,3.656e-16,1.102e-15
MKL,2135,3.230e-16,3.385e-16,9.529e-16
VectorFFT,2136,3.295e-16,3.332e-16,1.077e-15
MKL,2136,3.051e-16,4.790e-16,9.849e-16
VectorFFT,2137,3.411e-16,4.251e-16,1.099e-15
MKL,2137,4.890e-16,5.183e-16,1.823e-15
VectorFFT,2138,3.362e-16,3.097e-16,1.083e-15
MKL,2138,4.560e-16,3.911e-16,1.652e-15
VectorFFT,2139,7.258e-16,1.024e-15,2.529e-15
MKL,2139,4.557e-16,4.656e-16,1.498e-15
VectorFFT,2140,3.443e-16,3.266e-16,1.372e-15
MKL,2140,3.340e-16,4.584e-16,1.145e-15
VectorFFT,2141,3.299e-16,3.817e-16,1.097e-15
MKL,2141,4.606e-16,4.638e-16,1.520e-15
VectorFFT,2142,4.944e-16,5.523e-16,1.399e-15
MKL,2142,2.834e-16,3.141e-16,1.071e-15
VectorFFT,2143,8.912e-16,8.500e-16,2.711e-15
MKL,2143,4.667e-16,3.962e-16,1.607e-15
VectorFFT,2144,3.341e-16,3.685e-16,9.723e-16
MKL,2144,2.750e-16,3.171e-16,1.059e-15
VectorFFT,2145,4.667e-16,5.372e-16,1.452e-15
MKL,2145,3.338e-16,4.571e-16,1.061e-15
VectorFFT,2146,1.511e-15,2.821e-15,6.357e-15
MKL,2146,2.926e-16,4.036e-16,8.819e-16
VectorFFT,2147,3.390e-16,3.121e-16,1.081e-15
MKL,2147,4.701e-16,4.733e-16,1.294e-15
VectorFFT,2148,3.351e-16,3.346e-16,1.261e-15
MKL,2148,4.625e-16,5.087e-16,1.651e-15
VectorFFT,2149,3.294e-16,3.457e-16,1.089e-15
MKL,2149,4.614e-16,5.362e-16,1.278e-15
VectorFFT,2150,4.063e-16,4.538e-16,1.336e-15
MKL,2150,3.000e-16,3.224e-16,1.041e-15
VectorFFT,2151,3.482e-16,3.171e-16,1.334e-15
MKL,2151,4.785e-16,4.505e-16,1.556e-15
VectorFFT,2152,3.263e-16,3.202e-16,1.096e-15
MKL,2152,4.562e-16,4.765e-16,1.388e-15
VectorFFT,2153,3.356e-16,3.305e-16,1.055e-15
MKL,2153,4.671e-16,5.021e-16,1.569e-15
VectorFFT,2154,3.440e-16,4.207e-16,1.086e-15
MKL,2154,4.717e-16,5.404e-16,1.918e-15
VectorFFT,2155,3.382e-16,2.946e-16,1.348e-15
MKL,2155,4.608e-16,4.709e-16,1.484e-15
VectorFFT,2156,4.207e-16,5.584e-16,1.320e-15
MKL,2156,2.706e-16,3.050e-16,9.372e-16
VectorFFT,2157,3.369e-16,3.002e-16,1.083e-15
MKL,2157,4.691e-16,3.966e-16,1.463e-15
VectorFFT,2158,3.444e-16,3.073e-16,1.169e-15
MKL,2158,3.112e-16,3.205e-16,9.642e-16
VectorFFT,2159,3.361e-16,3.684e-16,1.107e-15
MKL,2159,4.771e-16,5.052e-16,1.491e-15
VectorFFT,2160,4.164e-16,4.782e-16,1.189e-15
MKL,2160,2.677e-16,3.268e-16,8.476e-16
VectorFFT,2161,5.693e-16,6.142e-16,1.713e-15
MKL,2161,4.750e-16,5.123e-16,1.479e-15
VectorFFT,2162,8.085e-16,1.103e-15,2.737e-15
MKL,2162,3.117e-16,4.907e-16,9.470e-16
VectorFFT,2163,3.336e-16,3.688e-16,1.179e-15
MKL,2163,4.621e-16,4.572e-16,1.478e-15
VectorFFT,2164,3.357e-16,2.532e-16,1.290e-15
MKL,2164,4.532e-16,3.831e-16,1.388e-15
VectorFFT,2165,3.358e-16,3.119e-16,1.369e-15
MKL,2165,4.825e-16,5.112e-16,1.704e-15
VectorFFT,2166,4.464e-16,4.300e-16,1.404e-15
MKL,2166,2.825e-16,3.543e-16,1.007e-15
VectorFFT,2167,3.381e-16,3.528e-16,1.315e-15
MKL,2167,4.704e-16,4.735e-16,1.554e-15
VectorFFT,2168,3.538e-16,4.453e-16,1.194e-15
MKL,2168,4.544e-16,5.748e-16,1.632e-15
VectorFFT,2169,3.373e-16,3.532e-16,1.251e-15
MKL,2169,4.801e-16,5.136e-16,1.660e-15
VectorFFT,2170,4.076e-16,5.518e-16,1.338e-15
MKL,2170,2.959e-16,3.332e-16,8.951e-16
VectorFFT,2171,3.485e-16,4.689e-16,1.072e-15
MKL,2171,5.012e-16,5.578e-16,1.825e-15
VectorFFT,2172,3.360e-16,3.289e-16,1.100e-15
MKL,2172,4.655e-16,4.025e-16,1.485e-15
VectorFFT,2173,3.512e-16,3.994e-16,1.095e-15
MKL,2173,4.201e-16,4.679e-16,1.535e-15
VectorFFT,2174,3.397e-16,3.737e-16,1.102e-15
MKL,2174,4.686e-16,5.269e-16,1.700e-15
VectorFFT,2175,4.236e-16,4.292e-16,1.200e-15
MKL,2175,3.246e-16,3.148e-16,9.906e-16
VectorFFT,2176,3.932e-16,4.608e-16,1.115e-15
MKL,2176,2.356e-16,3.316e-16,8.332e-16
VectorFFT,2177,3.386e-16,4.028e-16,1.242e-15
MKL,2177,4.696e-16,4.988e-16,1.689e-15
VectorFFT,2178,5.578e-16,6.474e-16,1.708e-15
MKL,2178,2.902e-16,3.442e-16,9.379e-16
VectorFFT,2179,3.379e-16,3.789e-16,1.174e-15
MKL,2179,4.923e-16,5.787e-16,1.663e-15
VectorFFT,2180,3.365e-16,3.198e-16,1.013e-15
MKL,2180,3.245e-16,5.320e-16,9.655e-16
VectorFFT,2181,3.383e-16,4.917e-16,1.166e-15
MKL,2181,4.913e-16,5.252e-16,1.631e-15
VectorFFT,2182,3.435e-16,3.529e-16,1.059e-15
MKL,2182,4.711e-16,5.306e-16,1.524e-15
VectorFFT,2183,3.433e-16,3.395e-16,1.162e-15
MKL,2183,3.816e-16,4.250e-16,1.385e-15
VectorFFT,2184,4.195e-16,5.420e-16,1.154e-15
MKL,2184,2.663e-16,3.061e-16,8.347e-16
VectorFFT,2185,4.442e-16,5.871e-16,1.384e-15
MKL,2185,3.900e-16,4.565e-16,1.171e-15
VectorFFT,2186,3.435e-16,3.380e-16,1.229e-15
MKL,2186,4.526e-16,5.532e-16,1.447e-15
VectorFFT,2187,5.161e-16,6.696e-16,1.300e-15
MKL,2187,4.073e-16,5.422e-16,1.280e-15
VectorFFT,2188,3.471e-16,3.737e-16,1.238e-15
MKL,2188,4.541e-16,4.826e-16,1.635e-15
VectorFFT,2189,3.340e-16,4.252e-16,1.103e-15
MKL,2189,4.733e-16,5.386e-16,1.513e-15
VectorFFT,2190,3.392e-16,3.274e-16,1.005e-15
MKL,2190,3.440e-16,4.022e-16,1.307e-15
VectorFFT,2191,3.342e-16,4.523e-16,1.092e-15
MKL,2191,4.806e-16,5.013e-16,1.756e-15
VectorFFT,2192,3.337e-16,3.581e-16,9.903e-16
MKL,2192,3.338e-16,5.580e-16,1.050e-15
VectorFFT,2193,5.191e-16,6.007e-16,1.444e-15
MKL,2193,3.705e-16,3.320e-16,1.150e-15
VectorFFT,2194,3.402e-16,3.497e-16,1.155e-15
MKL,2194,4.725e-16,5.282e-16,1.440e-15
VectorFFT,2195,3.433e-16,3.250e-16,1.231e-15
MKL,2195,4.676e-16,4.840e-16,1.475e-15
VectorFFT,2196,3.365e-16,3.096e-16,1.081e-15
MKL,2196,2.869e-16,3.015e-16,9.497e-16
VectorFFT,2197,7.484e-16,8.666e-16,2.632e-15
MKL,2197,3.043e-16,3.181e-16,9.442e-16
VectorFFT,2198,3.380e-16,3.230e-16,1.157e-15
MKL,2198,4.668e-16,4.949e-16,1.531e-15
VectorFFT,2199,3.420e-16,3.717e-16,1.047e-15
MKL,2199,4.706e-16,5.448e-16,1.568e-15
VectorFFT,2200,3.743e-16,4.892e-16,1.346e-15
MKL,2200,2.654e-16,2.485e-16,8.466e-16
VectorFFT,2201,3.417e-16,3.244e-16,1.028e-15
MKL,2201,3.322e-16,3.470e-16,1.089e-15
VectorFFT,2202,3.363e-16,4.026e-16,1.276e-15
MKL,2202,4.756e-16,5.665e-16,1.579e-15
VectorFFT,2203,3.277e-16,3.872e-16,1.163e-15
MKL,2203,4.865e-16,4.886e-16,1.411e-15
VectorFFT,2204,6.653e-16,9.746e-16,2.978e-15
MKL,2204,2.788e-16,3.189e-16,8.925e-16
VectorFFT,2205,3.885e-16,4.320e-16,1.100e-15
MKL,2205,3.233e-16,3.014e-16,1.276e-15
VectorFFT,2206,3.391e-16,3.673e-16,1.117e-15
MKL,2206,4.671e-16,3.906e-16,1.482e-15
VectorFFT,2207,3.375e-16,3.597e-16,1.047e-15
MKL,2207,4.660e-16,4.262e-16,1.374e-15
VectorFFT,2208,4.196e-16,4.112e-16,1.344e-15
MKL,2208,2.454e-16,2.535e-16,8.778e-16
VectorFFT,2209,1.203e-15,2.391e-15,4.461e-15
MKL,2209,4.092e-16,4.545e-16,1.306e-15
VectorFFT,2210,5.171e-16,5.352e-16,1.355e-15
MKL,2210,2.894e-16,2.277e-16,9.064e-16
VectorFFT,2211,3.380e-16,3.324e-16,1.001e-15
MKL,2211,3.664e-16,4.430e-16,1.228e-15
VectorFFT,2212,3.467e-16,4.336e-16,1.232e-15
MKL,2212,2.988e-16,4.009e-16,9.518e-16
VectorFFT,2213,3.508e-16,3.470e-16,1.130e-15
MKL,2213,4.737e-16,4.449e-16,1.544e-15
VectorFFT,2214,4.563e-16,4.773e-16,1.248e-15
MKL,2214,2.878e-16,3.153e-16,9.054e-16
VectorFFT,2215,3.404e-16,2.842e-16,9.804e-16
MKL,2215,4.771e-16,4.413e-16,1.718e-15
VectorFFT,2216,3.378e-16,3.808e-16,1.098e-15
MKL,2216,4.695e-16,5.321e-16,1.479e-15
VectorFFT,2217,3.432e-16,3.261e-16,1.028e-15
MKL,2217,4.684e-16,5.167e-16,1.580e-15
VectorFFT,2218,3.343e-16,2.979e-16,1.072e-15
MKL,2218,4.665e-16,4.409e-16,1.451e-15
VectorFFT,2219,3.396e-16,3.545e-16,1.223e-15
MKL,2219,4.925e-16,4.136e-16,1.513e-15
VectorFFT,2220,4.151e-16,5.092e-16,1.128e-15
MKL,2220,2.780e-16,3.011e-16,8.896e-16
VectorFFT,2221,6.966e-16,7.836e-16,1.959e-15
MKL,2221,4.780e-16,5.872e-16,1.566e-15
VectorFFT,2222,3.404e-16,4.737e-16,9.791e-16
MKL,2222,3.209e-16,5.125e-16,1.231e-15
VectorFFT,2223,7.559e-16,1.070e-15,2.688e-15
MKL,2223,4.490e-16,4.763e-16,1.313e-15
VectorFFT,2224,3.403e-16,3.304e-16,1.119e-15
MKL,2224,3.311e-16,4.801e-16,1.126e-15
VectorFFT,2225,3.312e-16,3.559e-16,1.144e-15
MKL,2225,3.586e-16,4.133e-16,1.110e-15
VectorFFT,2226,3.422e-16,3.684e-16,1.084e-15
MKL,2226,2.999e-16,3.450e-16,9.459e-16
VectorFFT,2227,3.386e-16,3.313e-16,1.196e-15
MKL,2227,4.901e-16,6.311e-16,1.822e-15
VectorFFT,2228,3.411e-16,3.660e-16,1.233e-15
MKL,2228,4.623e-16,5.239e-16,1.507e-15
VectorFFT,2229,3.327e-16,3.689e-16,1.238e-15
MKL,2229,4.851e-16,4.574e-16,1.365e-15
VectorFFT,2230,3.471e-16,3.590e-16,1.101e-15
MKL,2230,4.638e-16,4.983e-16,1.597e-15
VectorFFT,2231,3.458e-16,3.906e-16,1.043e-15
MKL,2231,4.801e-16,5.108e-16,1.374e-15
VectorFFT,2232,4.579e-16,5.767e-16,1.457e-15
MKL,2232,2.664e-16,3.831e-16,9.423e-16
VectorFFT,2233,4.018e-16,3.921e-16,1.165e-15
MKL,2233,3.641e-16,4.716e-16,1.174e-15
VectorFFT,2234,3.510e-16,3.461e-16,1.134e-15
MKL,2234,4.673e-16,4.520e-16,1.587e-15
VectorFFT,2235,3.408e-16,4.062e-16,1.314e-15
MKL,2235,4.638e-16,5.383e-16,1.615e-15
VectorFFT,2236,4.647e-16,6.239e-16,1.231e-15
MKL,2236,2.652e-16,3.383e-16,1.138e-15
VectorFFT,2237,3.429e-16,4.309e-16,1.052e-15
MKL,2237,4.921e-16,5.193e-16,1.610e-15
VectorFFT,2238,3.374e-16,4.005e-16,1.102e-15
MKL,2238,4.636e-16,5.134e-16,1.539e-15
VectorFFT,2239,3.388e-16,3.611e-16,1.146e-15
MKL,2239,4.918e-16,4.427e-16,1.550e-15
VectorFFT,2240,2.203e-16,2.576e-16,7.312e-16
MKL,2240,2.542e-16,3.569e-16,8.325e-16
VectorFFT,2241,3.376e-16,4.014e-16,1.084e-15
MKL,2241,3.818e-16,4.241e-16,1.211e-15
VectorFFT,2242,3.520e-16,3.002e-16,1.132e-15
MKL,2242,3.072e-16,3.106e-16,1.065e-15
VectorFFT,2243,3.421e-16,3.935e-16,1.094e-15
MKL,2243,4.758e-16,5.018e-16,1.644e-15
VectorFFT,2244,4.813e-16,6.815e-16,1.283e-15
MKL,2244,2.756e-16,3.586e-16,9.993e-16
VectorFFT,2245,3.416e-16,4.277e-16,1.129e-15
MKL,2245,4.595e-16,4.857e-16,1.857e-15
VectorFFT,2246,3.399e-16,3.116e-16,1.258e-15
MKL,2246,4.718e-16,5.237e-16,1.598e-15
VectorFFT,2247,3.379e-16,4.060e-16,1.043e-15
MKL,2247,5.078e-16,5.433e-16,1.866e-15
VectorFFT,2248,3.450e-16,4.728e-16,1.190e-15
MKL,2248,4.777e-16,5.078e-16,1.691e-15
VectorFFT,2249,3.415e-16,3.193e-16,1.021e-15
MKL,2249,4.789e-16,4.439e-16,1.493e-15
VectorFFT,2250,3.891e-16,4.118e-16,1.210e-15
MKL,2250,3.436e-16,4.379e-16,1.013e-15
VectorFFT,2251,7.948e-16,7.151e-16,2.727e-15
MKL,2251,4.914e-16,5.717e-16,1.659e-15
VectorFFT,2252,3.427e-16,3.848e-16,1.200e-15
MKL,2252,4.846e-16,4.379e-16,1.720e-15
VectorFFT,2253,3.396e-16,3.289e-16,1.684e-15
MKL,2253,4.862e-16,5.212e-16,1.836e-15
VectorFFT,2254,4.579e-16,5.987e-16,1.407e-15
MKL,2254,2.875e-16,3.319e-16,1.065e-15
VectorFFT,2255,3.817e-16,4.672e-16,1.190e-15
MKL,2255,3.568e-16,3.538e-16,1.120e-15
VectorFFT,2256,3.828e-16,5.429e-16,1.120e-15
MKL,2256,2.706e-16,3.819e-16,9.162e-16
VectorFFT,2257,3.477e-16,4.646e-16,9.813e-16
MKL,2257,3.659e-16,4.198e-16,1.286e-15
VectorFFT,2258,3.425e-16,3.702e-16,1.087e-15
MKL,2258,4.768e-16,5.716e-16,1.701e-15
VectorFFT,2259,3.413e-16,3.310e-16,9.940e-16
MKL,2259,4.903e-16,5.943e-16,1.624e-15
VectorFFT,2260,3.456e-16,3.806e-16,1.164e-15
MKL,2260,3.292e-16,3.727e-16,1.035e-15
VectorFFT,2261,5.502e-16,6.528e-16,1.741e-15
MKL,2261,4.506e-16,4.590e-16,1.443e-15
VectorFFT,2262,5.033e-16,6.519e-16,1.637e-15
MKL,2262,3.078e-16,4.257e-16,1.026e-15
VectorFFT,2263,3.452e-16,3.388e-16,1.211e-15
MKL,2263,3.104e-16,3.010e-16,1.146e-15
VectorFFT,2264,3.347e-16,3.013e-16,1.221e-15
MKL,2264,4.728e-16,4.034e-16,1.576e-15
VectorFFT,2265,3.483e-16,3.304e-16,1.144e-15
MKL,2265,4.748e-16,5.738e-16,1.599e-15
VectorFFT,2266,3.476e-16,4.135e-16,1.254e-15
MKL,2266,3.219e-16,4.166e-16,1.028e-15
VectorFFT,2267,3.353e-16,3.206e-16,1.047e-15
MKL,2267,4.898e-16,4.677e-16,1.551e-15
VectorFFT,2268,4.605e-16,4.741e-16,1.565e-15
MKL,2268,2.681e-16,3.037e-16,8.688e-16
VectorFFT,2269,7.848e-16,8.521e-16,2.390e-15
MKL,2269,4.775e-16,5.172e-16,1.679e-15
VectorFFT,2270,3.431e-16,3.781e-16,1.520e-15
MKL,2270,4.818e-16,5.237e-16,1.760e-15
VectorFFT,2271,3.496e-16,3.985e-16,1.078e-15
MKL,2271,4.855e-16,5.167e-16,1.583e-15
VectorFFT,2272,3.408e-16,3.359e-16,1.327e-15
MKL,2272,2.751e-16,2.785e-16,9.181e-16
VectorFFT,2273,3.394e-16,4.516e-16,1.098e-15
MKL,2273,4.859e-16,5.982e-16,1.650e-15
VectorFFT,2274,3.439e-16,3.909e-16,1.453e-15
MKL,2274,4.765e-16,6.112e-16,1.602e-15
VectorFFT,2275,4.264e-16,4.318e-16,1.362e-15
MKL,2275,4.132e-16,3.749e-16,1.215e-15
VectorFFT,2276,3.407e-16,3.358e-16,1.174e-15
MKL,2276,4.796e-16,5.452e-16,1.595e-15
VectorFFT,2277,4.782e-16,4.844e-16,1.385e-15
MKL,2277,4.641e-16,5.572e-16,1.317e-15
VectorFFT,2278,3.475e-16,3.669e-16,1.135e-15
MKL,2278,2.894e-16,3.451e-16,1.129e-15
VectorFFT,2279,3.413e-16,3.131e-16,1.301e-15
MKL,2279,3.294e-16,3.140e-16,1.096e-15
VectorFFT,2280,4.224e-16,5.169e-16,1.183e-15
MKL,2280,2.675e-16,2.393e-16,9.477e-16
VectorFFT,2281,6.653e-16,6.832e-16,2.194e-15
MKL,2281,4.831e-16,5.170e-16,1.490e-15
VectorFFT,2282,3.460e-16,3.977e-16,1.165e-15
MKL,2282,4.705e-16,5.303e-16,1.529e-15
VectorFFT,2283,3.519e-16,4.055e-16,1.597e-15
MKL,2283,4.876e-16,4.755e-16,1.630e-15
VectorFFT,2284,3.529e-16,3.200e-16,1.128e-15
MKL,2284,4.836e-16,4.268e-16,1.470e-15
VectorFFT,2285,3.374e-16,3.553e-16,1.294e-15
MKL,2285,4.820e-16,5.175e-16,1.582e-15
VectorFFT,2286,3.553e-16,4.856e-16,1.114e-15
MKL,2286,3.509e-16,4.084e-16,1.286e-15
VectorFFT,2287,3.465e-16,3.735e-16,1.150e-15
MKL,2287,4.770e-16,4.788e-16,1.537e-15
VectorFFT,2288,4.133e-16,5.159e-16,1.291e-15
MKL,2288,2.487e-16,2.359e-16,7.756e-16
VectorFFT,2289,3.379e-16,5.156e-16,1.162e-15
MKL,2289,5.040e-16,6.208e-16,1.762e-15
VectorFFT,2290,3.495e-16,2.910e-16,1.401e-15
MKL,2290,4.747e-16,5.108e-16,1.432e-15
VectorFFT,2291,3.416e-16,3.488e-16,1.202e-15
MKL,2291,3.872e-16,4.330e-16,1.335e-15
VectorFFT,2292,3.390e-16,3.459e-16,1.079e-15
MKL,2292,4.775e-16,4.682e-16,1.490e-15
VectorFFT,2293,3.502e-16,3.731e-16,1.228e-15
MKL,2293,4.853e-16,4.639e-16,1.648e-15
VectorFFT,2294,1.031e-15,1.959e-15,4.373e-15
MKL,2294,2.857e-16,4.232e-16,8.544e-16
VectorFFT,2295,5.364e-16,6.040e-16,1.558e-15
MKL,2295,3.203e-16,3.789e-16,1.131e-15
VectorFFT,2296,4.380e-16,5.511e-16,1.662e-15
MKL,2296,2.680e-16,2.961e-16,9.782e-16
VectorFFT,2297,3.512e-16,3.762e-16,1.313e-15
MKL,2297,4.810e-16,4.475e-16,1.539e-15
VectorFFT,2298,3.407e-16,3.165e-16,1.137e-15
MKL,2298,4.895e-16,4.514e-16,1.725e-15
VectorFFT,2299,8.103e-16,1.367e-15,2.985e-15
MKL,2299,3.521e-16,4.178e-16,9.607e-16
VectorFFT,2300,4.204e-16,4.826e-16,1.193e-15
MKL,2300,2.741e-16,3.013e-16,9.208e-16
VectorFFT,2301,3.481e-16,3.198e-16,1.244e-15
MKL,2301,4.452e-16,5.562e-16,1.202e-15
VectorFFT,2302,3.501e-16,3.733e-16,1.081e-15
MKL,2302,4.765e-16,4.914e-16,1.511e-15
VectorFFT,2303,3.864e-16,3.730e-16,1.477e-15
MKL,2303,4.435e-16,5.449e-16,1.853e-15
VectorFFT,2304,2.553e-16,3.585e-16,8.840e-16
MKL,2304,2.366e-16,2.554e-16,8.058e-16
VectorFFT,2305,3.444e-16,3.962e-16,1.312e-15
MKL,2305,4.523e-16,4.081e-16,1.272e-15
VectorFFT,2306,3.401e-16,3.487e-16,1.056e-15
MKL,2306,4.502e-16,4.766e-16,1.353e-15
VectorFFT,2307,3.473e-16,3.400e-16,9.763e-16
MKL,2307,4.567e-16,5.369e-16,1.485e-15
VectorFFT,2308,3.540e-16,3.568e-16,1.049e-15
MKL,2308,4.493e-16,3.705e-16,1.430e-15
VectorFFT,2309,3.444e-16,3.071e-16,9.379e-16
MKL,2309,4.422e-16,3.785e-16,1.443e-15
VectorFFT,2310,3.639e-16,3.279e-16,1.244e-15
MKL,2310,3.122e-16,3.388e-16,1.008e-15
VectorFFT,2311,7.034e-16,7.062e-16,2.414e-15
MKL,2311,4.716e-16,4.838e-16,1.628e-15
VectorFFT,2312,5.344e-16,5.172e-16,1.413e-15
MKL,2312,2.846e-16,3.232e-16,9.539e-16
VectorFFT,2313,3.495e-16,3.827e-16,1.076e-15
MKL,2313,4.770e-16,5.211e-16,1.680e-15
VectorFFT,2314,3.378e-16,3.270e-16,1.163e-15
MKL,2314,3.205e-16,3.403e-16,9.246e-16
VectorFFT,2315,3.448e-16,4.081e-16,1.154e-15
MKL,2315,4.807e-16,5.663e-16,1.596e-15
VectorFFT,2316,3.538e-16,3.925e-16,1.367e-15
MKL,2316,4.544e-16,4.378e-16,1.633e-15
VectorFFT,2317,3.447e-16,4.311e-16,1.108e-15
MKL,2317,4.658e-16,4.395e-16,1.507e-15
VectorFFT,2318,3.462e-16,3.118e-16,1.125e-15
MKL,2318,3.087e-16,3.303e-16,9.552e-16
VectorFFT,2319,3.522e-16,3.721e-16,1.221e-15
MKL,2319,4.916e-16,6.165e-16,1.562e-15
VectorFFT,2320,4.100e-16,4.954e-16,1.242e-15
MKL,2320,2.629e-16,3.525e-16,7.768e-16
VectorFFT,2321,3.463e-16,4.178e-16,1.126e-15
MKL,2321,4.712e-16,5.320e-16,1.560e-15
VectorFFT,2322,4.783e-16,6.137e-16,1.282e-15
MKL,2322,3.158e-16,3.865e-16,1.163e-15
VectorFFT,2323,3.482e-16,3.320e-16,1.261e-15
MKL,2323,4.523e-16,4.847e-16,1.603e-15
VectorFFT,2324,3.383e-16,3.244e-16,1.010e-15
MKL,2324,3.054e-16,3.617e-16,8.724e-16
VectorFFT,2325,4.447e-16,3.434e-16,1.388e-15
MKL,2325,3.188e-16,3.366e-16,1.093e-15
VectorFFT,2326,3.410e-16,3.596e-16,1.172e-15
MKL,2326,4.485e-16,5.391e-16,1.482e-15
VectorFFT,2327,3.632e-16,5.363e-16,1.197e-15
MKL,2327,4.557e-16,5.352e-16,1.459e-15
VectorFFT,2328,3.467e-16,3.818e-16,1.222e-15
MKL,2328,3.130e-16,3.848e-16,9.157e-16
VectorFFT,2329,3.468e-16,3.342e-16,1.385e-15
MKL,2329,4.511e-16,4.485e-16,1.723e-15
VectorFFT,2330,3.505e-16,3.960e-16,1.244e-15
MKL,2330,4.586e-16,4.927e-16,1.312e-15
VectorFFT,2331,4.335e-16,4.243e-16,1.323e-15
MKL,2331,3.257e-16,4.029e-16,1.023e-15
VectorFFT,2332,3.468e-16,3.532e-16,1.251e-15
MKL,2332,2.751e-16,3.339e-16,1.028e-15
VectorFFT,2333,3.512e-16,3.249e-16,1.208e-15
MKL,2333,4.558e-16,4.585e-16,1.542e-15
VectorFFT,2334,3.528e-16,3.302e-16,1.187e-15
MKL,2334,4.510e-16,3.687e-16,1.460e-15
VectorFFT,2335,3.478e-16,3.415e-16,1.187e-15
MKL,2335,4.701e-16,5.025e-16,1.623e-15
VectorFFT,2336,3.367e-16,3.566e-16,1.029e-15
MKL,2336,2.793e-16,3.640e-16,9.178e-16
VectorFFT,2337,4.261e-16,3.913e-16,1.203e-15
MKL,2337,4.136e-16,3.772e-16,1.195e-15
VectorFFT,2338,3.626e-16,4.112e-16,1.200e-15
MKL,2338,4.435e-16,4.616e-16,1.287e-15
VectorFFT,2339,3.389e-16,3.023e-16,9.982e-16
MKL,2339,4.558e-16,4.586e-16,1.435e-15
VectorFFT,2340,5.016e-16,6.873e-16,1.329e-15
MKL,2340,2.763e-16,3.814e-16,9.058e-16
VectorFFT,2341,8.251e-16,8.276e-16,2.453e-15
MKL,2341,4.608e-16,5.284e-16,1.355e-15
VectorFFT,2342,3.447e-16,3.415e-16,1.088e-15
MKL,2342,4.498e-16,4.636e-16,1.404e-15
VectorFFT,2343,3.592e-16,3.569e-16,1.125e-15
MKL,2343,3.141e-16,2.853e-16,9.296e-16
VectorFFT,2344,3.503e-16,4.122e-16,1.384e-15
MKL,2344,4.428e-16,4.224e-16,1.474e-15
VectorFFT,2345,3.630e-16,3.798e-16,1.187e-15
MKL,2345,3.809e-16,4.488e-16,1.174e-15
VectorFFT,2346,5.309e-16,5.929e-16,1.481e-15
MKL,2346,2.993e-16,2.896e-16,9.736e-16
VectorFFT,2347,9.191e-16,9.601e-16,2.782e-15
MKL,2347,4.809e-16,4.436e-16,1.510e-15
VectorFFT,2348,3.485e-16,2.783e-16,1.105e-15
MKL,2348,4.485e-16,4.867e-16,1.411e-15
VectorFFT,2349,4.982e-16,5.651e-16,1.155e-15
MKL,2349,4.734e-16,6.228e-16,1.352e-15
VectorFFT,2350,4.007e-16,4.032e-16,1.176e-15
MKL,2350,3.023e-16,2.974e-16,1.010e-15
VectorFFT,2351,3.456e-16,3.201e-16,1.055e-15
MKL,2351,4.694e-16,4.238e-16,1.594e-15
VectorFFT,2352,2.630e-16,2.348e-16,7.580e-16
MKL,2352,2.632e-16,2.257e-16,8.980e-16
VectorFFT,2353,3.495e-16,3.471e-16,1.283e-15
MKL,2353,4.725e-16,5.930e-16,1.538e-15
VectorFFT,2354,3.456e-16,3.745e-16,1.213e-15
MKL,2354,3.169e-16,4.913e-16,9.744e-16
VectorFFT,2355,3.470e-16,3.420e-16,1.061e-15
MKL,2355,4.978e-16,5.571e-16,1.598e-15
VectorFFT,2356,4.368e-16,4.716e-16,1.377e-15
MKL,2356,2.718e-16,3.786e-16,8.319e-16
VectorFFT,2357,3.497e-16,3.676e-16,1.225e-15
MKL,2357,4.587e-16,4.159e-16,1.469e-15
VectorFFT,2358,3.526e-16,3.376e-16,1.243e-15
MKL,2358,3.497e-16,4.847e-16,1.219e-15
VectorFFT,2359,3.488e-16,3.374e-16,1.225e-15
MKL,2359,4.532e-16,3.722e-16,1.269e-15
VectorFFT,2360,3.598e-16,3.055e-16,1.156e-15
MKL,2360,2.911e-16,3.770e-16,9.924e-16
VectorFFT,2361,3.485e-16,3.475e-16,1.296e-15
MKL,2361,4.639e-16,4.981e-16,1.351e-15
VectorFFT,2362,3.473e-16,3.741e-16,1.188e-15
MKL,2362,4.537e-16,4.485e-16,1.475e-15
VectorFFT,2363,3.478e-16,3.978e-16,1.231e-15
MKL,2363,4.529e-16,4.227e-16,1.478e-15
VectorFFT,2364,3.442e-16,3.544e-16,1.112e-15
MKL,2364,4.679e-16,6.034e-16,1.442e-15
VectorFFT,2365,4.173e-16,5.591e-16,1.364e-15
MKL,2365,3.630e-16,3.650e-16,1.130e-15
VectorFFT,2366,7.262e-16,8.918e-16,2.891e-15
MKL,2366,2.791e-16,2.553e-16,8.283e-16
VectorFFT,2367,3.477e-16,3.042e-16,1.076e-15
MKL,2367,4.769e-16,5.297e-16,1.636e-15
VectorFFT,2368,3.622e-16,3.724e-16,1.120e-15
MKL,2368,2.528e-16,2.824e-16,8.920e-16
VectorFFT,2369,3.485e-16,3.680e-16,1.215e-15
MKL,2369,4.479e-16,4.125e-16,1.573e-15
VectorFFT,2370,3.499e-16,3.004e-16,1.224e-15
MKL,2370,3.237e-16,4.186e-16,9.793e-16
VectorFFT,2371,3.537e-16,3.158e-16,1.156e-15
MKL,2371,4.711e-16,4.011e-16,1.640e-15
VectorFFT,2372,3.474e-16,4.191e-16,1.133e-15
MKL,2372,4.518e-16,4.764e-16,1.477e-15
VectorFFT,2373,3.525e-16,3.198e-16,1.440e-15
MKL,2373,4.493e-16,4.247e-16,1.358e-15
VectorFFT,2374,3.491e-16,4.670e-16,1.278e-15
MKL,2374,4.586e-16,4.593e-16,1.368e-15
VectorFFT,2375,4.287e-16,5.232e-16,1.530e-15
MKL,2375,4.271e-16,4.355e-16,1.265e-15
VectorFFT,2376,4.061e-16,5.550e-16,1.658e-15
MKL,2376,2.641e-16,3.244e-16,8.642e-16
VectorFFT,2377,6.880e-16,7.081e-16,2.132e-15
MKL,2377,4.863e-16,5.046e-16,1.944e-15
VectorFFT,2378,1.122e-15,1.731e-15,4.413e-15
MKL,2378,2.841e-16,3.154e-16,9.074e-16
VectorFFT,2379,3.484e-16,3.475e-16,1.191e-15
MKL,2379,4.040e-16,4.441e-16,1.150e-15
VectorFFT,2380,4.750e-16,5.457e-16,1.455e-15
MKL,2380,2.868e-16,2.728e-16,8.964e-16
VectorFFT,2381,3.413e-16,3.892e-16,1.351e-15
MKL,2381,4.665e-16,4.426e-16,1.539e-15
VectorFFT,2382,3.518e-16,3.291e-16,1.230e-15
MKL,2382,4.590e-16,5.953e-16,1.591e-15
VectorFFT,2383,3.463e-16,3.000e-16,1.133e-15
MKL,2383,4.613e-16,4.720e-16,1.426e-15
VectorFFT,2384,3.491e-16,3.317e-16,1.258e-15
MKL,2384,3.425e-16,4.736e-16,1.050e-15
VectorFFT,2385,3.432e-16,3.515e-16,1.297e-15
MKL,2385,3.435e-16,3.849e-16,1.134e-15
VectorFFT,2386,3.488e-16,3.103e-16,1.117e-15
MKL,2386,4.543e-16,4.436e-16,1.482e-15
VectorFFT,2387,4.361e-16,4.845e-16,1.445e-15
MKL,2387,3.013e-16,3.228e-16,8.948e-16
VectorFFT,2388,3.553e-16,3.810e-16,1.165e-15
MKL,2388,4.439e-16,4.431e-16,1.363e-15
VectorFFT,2389,3.502e-16,3.851e-16,1.111e-15
MKL,2389,4.775e-16,4.806e-16,1.274e-15
VectorFFT,2390,3.466e-16,4.133e-16,1.162e-15
MKL,2390,4.569e-16,5.587e-16,1.471e-15
VectorFFT,2391,3.508e-16,3.410e-16,1.492e-15
MKL,2391,4.619e-16,5.064e-16,1.489e-15
VectorFFT,2392,4.791e-16,6.650e-16,1.373e-15
MKL,2392,2.592e-16,2.817e-16,8.583e-16
VectorFFT,2393,8.275e-16,7.427e-16,2.586e-15
MKL,2393,4.617e-16,4.469e-16,1.694e-15
VectorFFT,2394,4.382e-16,4.580e-16,1.319e-15
MKL,2394,2.857e-16,2.738e-16,1.117e-15
VectorFFT,2395,3.563e-16,4.045e-16,1.158e-15
MKL,2395,4.575e-16,5.010e-16,1.490e-15
VectorFFT,2396,3.532e-16,3.268e-16,1.159e-15
MKL,2396,4.619e-16,4.263e-16,1.675e-15
VectorFFT,2397,7.999e-16,1.145e-15,3.096e-15
MKL,2397,3.451e-16,3.601e-16,1.096e-15
VectorFFT,2398,3.515e-16,3.634e-16,1.109e-15
MKL,2398,3.288e-16,4.401e-16,1.308e-15
VectorFFT,2399,3.506e-16,3.733e-16,1.213e-15
MKL,2399,4.580e-16,4.322e-16,1.556e-15
VectorFFT,2400,2.929e-16,3.899e-16,9.067e-16
MKL,2400,2.685e-16,3.086e-16,9.809e-16
VectorFFT,2401,4.131e-16,5.831e-16,1.377e-15
MKL,2401,3.355e-16,3.673e-16,1.151e-15
VectorFFT,2402,3.518e-16,3.520e-16,1.204e-15
MKL,2402,4.709e-16,4.133e-16,1.562e-15
VectorFFT,2403,3.490e-16,3.497e-16,1.186e-15
MKL,2403,3.476e-16,3.538e-16,1.045e-15
VectorFFT,2404,3.462e-16,3.470e-16,1.134e-15
MKL,2404,4.594e-16,4.837e-16,1.438e-15
VectorFFT,2405,4.727e-16,6.915e-16,1.437e-15
MKL,2405,3.253e-16,4.058e-16,1.100e-15
VectorFFT,2406,3.386e-16,4.003e-16,1.188e-15
MKL,2406,4.408e-16,4.379e-16,1.465e-15
VectorFFT,2407,3.427e-16,3.343e-16,1.200e-15
MKL,2407,4.370e-16,3.911e-16,1.423e-15
VectorFFT,2408,3.772e-16,4.853e-16,1.397e-15
MKL,2408,2.678e-16,3.092e-16,9.954e-16
VectorFFT,2409,3.501e-16,3.449e-16,1.127e-15
MKL,2409,3.097e-16,3.344e-16,1.057e-15
VectorFFT,2410,3.471e-16,3.211e-16,1.180e-15
MKL,2410,4.587e-16,5.435e-16,1.473e-15
VectorFFT,2411,3.349e-16,3.352e-16,1.101e-15
MKL,2411,4.680e-16,4.097e-16,1.522e-15
VectorFFT,2412,3.565e-16,3.482e-16,1.229e-15
MKL,2412,2.900e-16,3.203e-16,1.062e-15
VectorFFT,2413,3.548e-16,3.801e-16,1.255e-15
MKL,2413,4.907e-16,6.035e-16,1.512e-15
VectorFFT,2414,3.447e-16,3.424e-16,1.067e-15
MKL,2414,3.037e-16,3.577e-16,1.170e-15
VectorFFT,2415,4.372e-16,4.527e-16,1.232e-15
MKL,2415,5.015e-16,5.773e-16,1.435e-15
VectorFFT,2416,3.456e-16,3.523e-16,1.131e-15
MKL,2416,4.636e-16,4.355e-16,1.578e-15
VectorFFT,2417,3.468e-16,4.214e-16,1.088e-15
MKL,2417,4.710e-16,6.058e-16,1.363e-15
VectorFFT,2418,7.296e-16,8.937e-16,2.554e-15
MKL,2418,2.921e-16,2.831e-16,8.787e-16
VectorFFT,2419,3.461e-16,3.429e-16,1.202e-15
MKL,2419,4.365e-16,4.274e-16,1.326e-15
VectorFFT,2420,5.079e-16,7.331e-16,1.791e-15
MKL,2420,2.795e-16,3.851e-16,8.028e-16
VectorFFT,2421,3.532e-16,2.805e-16,1.071e-15
MKL,2421,4.627e-16,3.759e-16,1.651e-15
VectorFFT,2422,3.527e-16,3.120e-16,1.308e-15
MKL,2422,4.628e-16,4.691e-16,1.569e-15
VectorFFT,2423,3.497e-16,3.262e-16,1.316e-15
MKL,2423,4.577e-16,4.716e-16,1.567e-15
VectorFFT,2424,3.517e-16,4.239e-16,1.050e-15
MKL,2424,3.085e-16,4.375e-16,1.037e-15
VectorFFT,2425,3.502e-16,3.303e-16,1.130e-15
MKL,2425,5.016e-16,4.527e-16,1.567e-15
VectorFFT,2426,3.461e-16,3.324e-16,1.198e-15
MKL,2426,4.539e-16,4.302e-16,1.445e-15
VectorFFT,2427,3.499e-16,4.161e-16,1.196e-15
MKL,2427,4.732e-16,5.606e-16,1.578e-15
VectorFFT,2428,3.588e-16,3.591e-16,1.135e-15
MKL,2428,4.598e-16,4.677e-16,1.377e-15
VectorFFT,2429,3.500e-16,3.239e-16,1.196e-15
MKL,2429,4.580e-16,4.197e-16,1.843e-15
VectorFFT,2430,4.829e-16,5.074e-16,1.594e-15
MKL,2430,3.230e-16,3.962e-16,1.046e-15
VectorFFT,2431,5.287e-16,6.324e-16,1.564e-15
MKL,2431,2.919e-16,3.551e-16,8.571e-16
VectorFFT,2432,3.241e-16,3.056e-16,1.078e-15
MKL,2432,2.473e-16,2.346e-16,7.256e-16
VectorFFT,2433,3.521e-16,3.340e-16,1.137e-15
MKL,2433,4.669e-16,5.225e-16,1.492e-15
VectorFFT,2434,3.502e-16,3.630e-16,1.129e-15
MKL,2434,4.616e-16,5.355e-16,1.575e-15
VectorFFT,2435,3.522e-16,3.972e-16,1.159e-15
MKL,2435,4.854e-16,5.111e-16,1.596e-15
VectorFFT,2436,4.344e-16,4.409e-16,1.584e-15
MKL,2436,2.720e-16,3.295e-16,8.310e-16
VectorFFT,2437,7.672e-16,8.102e-16,2.444e-15
MKL,2437,4.514e-16,4.220e-16,1.566e-15
VectorFFT,2438,3.471e-16,3.439e-16,1.158e-15
MKL,2438,2.879e-16,4.247e-16,9.677e-16
VectorFFT,2439,3.441e-16,3.752e-16,1.222e-15
MKL,2439,4.746e-16,4.743e-16,1.354e-15
VectorFFT,2440,3.531e-16,3.649e-16,1.330e-15
MKL,2440,2.908e-16,4.323e-16,8.993e-16
VectorFFT,2441,3.559e-16,4.018e-16,1.174e-15
MKL,2441,4.651e-16,4.915e-16,1.674e-15
VectorFFT,2442,4.257e-16,4.950e-16,1.274e-15
MKL,2442,3.165e-16,3.129e-16,9.196e-16
VectorFFT,2443,3.510e-16,3.497e-16,1.133e-15
MKL,2443,4.717e-16,5.734e-16,1.585e-15
VectorFFT,2444,5.579e-16,6.716e-16,2.034e-15
MKL,2444,2.816e-16,3.275e-16,9.302e-16
VectorFFT,2445,3.552e-16,3.379e-16,1.418e-15
MKL,2445,4.817e-16,4.448e-16,1.418e-15
VectorFFT,2446,3.567e-16,3.545e-16,1.145e-15
MKL,2446,4.584e-16,4.210e-16,1.411e-15
VectorFFT,2447,3.538e-16,3.251e-16,1.315e-15
MKL,2447,4.654e-16,4.557e-16,1.408e-15
VectorFFT,2448,4.751e-16,5.401e-16,1.399e-15
MKL,2448,2.746e-16,2.797e-16,8.194e-16
VectorFFT,2449,3.592e-16,3.372e-16,1.110e-15
MKL,2449,3.282e-16,3.555e-16,1.215e-15
VectorFFT,2450,3.615e-16,3.208e-16,1.482e-15
MKL,2450,2.967e-16,2.762e-16,8.943e-16
VectorFFT,2451,8.383e-16,1.160e-15,3.141e-15
MKL,2451,4.277e-16,3.836e-16,1.291e-15
VectorFFT,2452,3.497e-16,3.282e-16,1.161e-15
MKL,2452,4.659e-16,4.637e-16,1.676e-15
VectorFFT,2453,3.602e-16,3.480e-16,1.151e-15
MKL,2453,4.821e-16,4.604e-16,1.478e-15
VectorFFT,2454,3.529e-16,3.566e-16,1.036e-15
MKL,2454,4.664e-16,4.670e-16,1.865e-15
VectorFFT,2455,3.574e-16,3.791e-16,1.112e-15
MKL,2455,4.719e-16,4.116e-16,1.427e-15
VectorFFT,2456,3.494e-16,3.627e-16,1.417e-15
MKL,2456,4.559e-16,4.781e-16,1.492e-15
VectorFFT,2457,4.959e-16,5.189e-16,1.713e-15
MKL,2457,4.232e-16,4.535e-16,1.552e-15
VectorFFT,2458,3.580e-16,3.418e-16,1.611e-15
MKL,2458,4.508e-16,4.832e-16,1.472e-15
VectorFFT,2459,3.519e-16,4.002e-16,1.252e-15
MKL,2459,4.986e-16,5.162e-16,1.676e-15
VectorFFT,2460,4.020e-16,5.555e-16,1.352e-15
MKL,2460,2.894e-16,3.179e-16,8.931e-16
VectorFFT,2461,3.593e-16,3.414e-16,1.212e-15
MKL,2461,4.628e-16,4.605e-16,1.540e-15
VectorFFT,2462,3.586e-16,3.912e-16,1.077e-15
MKL,2462,4.571e-16,4.356e-16,1.370e-15
VectorFFT,2463,3.506e-16,3.533e-16,1.247e-15
MKL,2463,4.668e-16,5.044e-16,1.477e-15
VectorFFT,2464,3.035e-16,3.387e-16,9.895e-16
MKL,2464,2.506e-16,2.241e-16,8.588e-16
VectorFFT,2465,8.281e-16,9.170e-16,2.677e-15
MKL,2465,2.989e-16,2.739e-16,8.530e-16
VectorFFT,2466,3.464e-16,4.859e-16,1.138e-15
MKL,2466,3.718e-16,5.377e-16,1.308e-15
VectorFFT,2467,3.472e-16,4.071e-16,1.143e-15
MKL,2467,4.811e-16,5.741e-16,1.897e-15
VectorFFT,2468,3.528e-16,3.268e-16,1.118e-15
MKL,2468,4.598e-16,3.854e-16,1.419e-15
VectorFFT,2469,3.595e-16,3.422e-16,1.205e-15
MKL,2469,4.686e-16,4.368e-16,1.443e-15
VectorFFT,2470,4.595e-16,6.007e-16,1.390e-15
MKL,2470,3.374e-16,3.373e-16,1.199e-15
VectorFFT,2471,3.514e-16,4.036e-16,1.340e-15
MKL,2471,4.778e-16,5.164e-16,1.447e-15
VectorFFT,2472,3.565e-16,3.576e-16,1.191e-15
MKL,2472,3.145e-16,5.107e-16,1.198e-15
VectorFFT,2473,3.422e-16,3.919e-16,1.206e-15
MKL,2473,4.686e-16,4.681e-16,1.690e-15
VectorFFT,2474,3.555e-16,3.084e-16,1.185e-15
MKL,2474,4.692e-16,5.386e-16,1.685e-15
VectorFFT,2475,4.300e-16,5.777e-16,1.332e-15
MKL,2475,3.245e-16,4.051e-16,9.176e-16
VectorFFT,2476,3.567e-16,4.499e-16,1.230e-15
MKL,2476,4.657e-16,4.888e-16,1.464e-15
VectorFFT,2477,3.525e-16,3.441e-16,1.269e-15
MKL,2477,4.526e-16,5.570e-16,1.457e-15
VectorFFT,2478,3.627e-16,3.863e-16,1.169e-15
MKL,2478,3.303e-16,3.800e-16,9.551e-16
VectorFFT,2479,3.429e-16,3.247e-16,1.125e-15
MKL,2479,4.691e-16,4.718e-16,1.786e-15
VectorFFT,2480,4.008e-16,4.452e-16,1.323e-15
MKL,2480,2.700e-16,3.008e-16,7.545e-16
VectorFFT,2481,3.511e-16,3.784e-16,1.147e-15
MKL,2481,4.716e-16,5.351e-16,1.616e-15
VectorFFT,2482,3.378e-16,3.403e-16,1.009e-15
MKL,2482,3.142e-16,4.185e-16,1.118e-15
VectorFFT,2483,3.524e-16,3.665e-16,1.277e-15
MKL,2483,4.714e-16,4.466e-16,1.501e-15
VectorFFT,2484,4.924e-16,4.813e-16,1.334e-15
MKL,2484,2.659e-16,3.586e-16,9.797e-16
VectorFFT,2485,3.599e-16,3.435e-16,1.323e-15
MKL,2485,4.093e-16,4.542e-16,1.209e-15
VectorFFT,2486,3.491e-16,2.810e-16,1.409e-15
MKL,2486,3.371e-16,3.434e-16,1.097e-15
VectorFFT,2487,3.530e-16,3.647e-16,1.184e-15
MKL,2487,4.929e-16,4.879e-16,1.381e-15
VectorFFT,2488,3.545e-16,3.834e-16,1.505e-15
MKL,2488,4.686e-16,6.389e-16,1.612e-15
VectorFFT,2489,3.482e-16,2.741e-16,1.261e-15
MKL,2489,4.657e-16,5.750e-16,1.405e-15
VectorFFT,2490,3.488e-16,3.060e-16,1.034e-15
MKL,2490,3.152e-16,3.520e-16,9.642e-16
VectorFFT,2491,3.543e-16,3.381e-16,1.262e-15
MKL,2491,4.594e-16,5.047e-16,1.613e-15
VectorFFT,2492,3.535e-16,4.071e-16,1.117e-15
MKL,2492,3.076e-16,4.425e-16,9.635e-16
VectorFFT,2493,3.519e-16,3.833e-16,1.378e-15
MKL,2493,4.689e-16,4.826e-16,1.439e-15
VectorFFT,2494,1.579e-15,2.397e-15,7.840e-15
MKL,2494,2.856e-16,3.444e-16,8.798e-16
VectorFFT,2495,3.551e-16,3.972e-16,1.116e-15
MKL,2495,4.751e-16,5.056e-16,1.466e-15
VectorFFT,2496,4.235e-16,4.652e-16,1.182e-15
MKL,2496,2.560e-16,3.137e-16,7.495e-16
VectorFFT,2497,3.457e-16,2.890e-16,1.066e-15
MKL,2497,4.784e-16,5.376e-16,1.401e-15
VectorFFT,2498,3.551e-16,3.927e-16,1.209e-15
MKL,2498,4.603e-16,4.691e-16,1.543e-15
VectorFFT,2499,4.774e-16,6.743e-16,1.418e-15
MKL,2499,3.201e-16,3.578e-16,9.950e-16
VectorFFT,2500,3.519e-16,4.022e-16,1.310e-15
MKL,2500,2.937e-16,3.392e-16,9.023e-16
VectorFFT,2501,3.550e-16,3.469e-16,1.213e-15
MKL,2501,3.422e-16,3.977e-16,1.295e-15
VectorFFT,2502,3.551e-16,4.087e-16,1.279e-15
MKL,2502,3.465e-16,5.139e-16,1.241e-15
VectorFFT,2503,3.616e-16,3.929e-16,1.230e-15
MKL,2503,4.590e-16,4.604e-16,1.426e-15
VectorFFT,2504,3.608e-16,3.819e-16,1.076e-15
MKL,2504,4.766e-16,4.353e-16,1.524e-15
VectorFFT,2505,3.561e-16,4.537e-16,1.318e-15
MKL,2505,4.855e-16,5.522e-16,1.709e-15
VectorFFT,2506,3.547e-16,3.808e-16,1.204e-15
MKL,2506,4.615e-16,4.480e-16,1.525e-15
VectorFFT,2507,3.508e-16,4.064e-16,1.088e-15
MKL,2507,4.769e-16,4.340e-16,1.794e-15
VectorFFT,2508,8.105e-16,1.393e-15,3.130e-15
MKL,2508,2.649e-16,2.471e-16,7.773e-16
VectorFFT,2509,3.532e-16,3.911e-16,1.254e-15
MKL,2509,4.613e-16,5.002e-16,1.482e-15
VectorFFT,2510,3.557e-16,3.316e-16,1.091e-15
MKL,2510,4.658e-16,4.756e-16,1.588e-15
VectorFFT,2511,6.195e-16,7.677e-16,1.913e-15
MKL,2511,3.542e-16,3.405e-16,1.289e-15
VectorFFT,2512,3.637e-16,4.083e-16,1.458e-15
MKL,2512,4.692e-16,4.779e-16,1.458e-15
VectorFFT,2513,3.594e-16,3.459e-16,1.096e-15
MKL,2513,4.936e-16,4.372e-16,1.523e-15
VectorFFT,2514,3.464e-16,3.475e-16,1.094e-15
MKL,2514,4.682e-16,5.021e-16,1.489e-15
VectorFFT,2515,3.542e-16,4.198e-16,1.260e-15
MKL,2515,4.637e-16,5.006e-16,1.776e-15
VectorFFT,2516,4.820e-16,5.642e-16,1.391e-15
MKL,2516,2.935e-16,3.865e-16,1.112e-15
VectorFFT,2517,3.537e-16,3.985e-16,1.216e-15
MKL,2517,4.664e-16,4.961e-16,1.417e-15
VectorFFT,2518,3.575e-16,3.489e-16,1.249e-15
MKL,2518,4.678e-16,4.730e-16,1.732e-15
VectorFFT,2519,3.625e-16,4.161e-16,1.201e-15
MKL,2519,4.732e-16,5.206e-16,1.645e-15
VectorFFT,2520,4.075e-16,3.808e-16,1.349e-15
MKL,2520,2.775e-16,2.916e-16,9.036e-16
VectorFFT,2521,6.969e-16,6.507e-16,2.287e-15
MKL,2521,4.767e-16,4.367e-16,1.845e-15
VectorFFT,2522,3.597e-16,3.701e-16,1.228e-15
MKL,2522,3.352e-16,4.043e-16,1.025e-15
VectorFFT,2523,1.101e-15,2.354e-15,4.369e-15
MKL,2523,3.655e-16,4.284e-16,1.162e-15
VectorFFT,2524,3.607e-16,4.446e-16,1.203e-15
MKL,2524,4.619e-16,4.818e-16,1.327e-15
VectorFFT,2525,3.669e-16,4.279e-16,1.299e-15
MKL,2525,4.661e-16,4.998e-16,1.492e-15
VectorFFT,2526,3.625e-16,4.678e-16,1.235e-15
MKL,2526,4.700e-16,4.366e-16,1.541e-15
VectorFFT,2527,4.113e-16,5.040e-16,1.212e-15
MKL,2527,3.251e-16,4.458e-16,1.015e-15
VectorFFT,2528,3.495e-16,4.058e-16,9.956e-16
MKL,2528,2.799e-16,4.565e-16,8.837e-16
VectorFFT,2529,3.513e-16,3.697e-16,1.305e-15
MKL,2529,4.615e-16,5.077e-16,1.503e-15
VectorFFT,2530,4.269e-16,4.156e-16,1.457e-15
MKL,2530,3.264e-16,3.123e-16,1.141e-15
VectorFFT,2531,7.482e-16,7.447e-16,2.541e-15
MKL,2531,4.736e-16,4.720e-16,1.505e-15
VectorFFT,2532,3.523e-16,3.330e-16,1.105e-15
MKL,2532,4.639e-16,4.504e-16,1.654e-15
VectorFFT,2533,3.581e-16,3.594e-16,1.247e-15
MKL,2533,4.760e-16,5.074e-16,1.494e-15
VectorFFT,2534,3.573e-16,3.524e-16,1.088e-15
MKL,2534,4.707e-16,5.065e-16,1.619e-15
VectorFFT,2535,5.281e-16,7.381e-16,1.612e-15
MKL,2535,4.542e-16,6.809e-16,1.399e-15
VectorFFT,2536,3.489e-16,3.975e-16,1.321e-15
MKL,2536,4.681e-16,4.542e-16,1.542e-15
VectorFFT,2537,3.532e-16,3.563e-16,1.219e-15
MKL,2537,4.252e-16,4.540e-16,1.354e-15
VectorFFT,2538,4.682e-16,5.840e-16,1.255e-15
MKL,2538,3.040e-16,4.513e-16,9.648e-16
VectorFFT,2539,3.491e-16,3.237e-16,1.201e-15
MKL,2539,4.703e-16,4.760e-16,1.440e-15
VectorFFT,2540,3.555e-16,3.618e-16,1.297e-15
MKL,2540,3.412e-16,5.357e-16,1.091e-15
VectorFFT,2541,4.788e-16,5.125e-16,1.642e-15
MKL,2541,4.577e-16,4.253e-16,1.326e-15
VectorFFT,2542,1.250e-15,2.280e-15,5.276e-15
MKL,2542,3.695e-16,3.885e-16,1.110e-15
VectorFFT,2543,3.599e-16,4.364e-16,1.218e-15
MKL,2543,4.660e-16,4.381e-16,1.383e-15
VectorFFT,2544,3.548e-16,4.669e-16,1.097e-15
MKL,2544,2.715e-16,3.751e-16,8.441e-16
VectorFFT,2545,3.609e-16,3.300e-16,1.261e-15
MKL,2545,4.719e-16,4.077e-16,1.540e-15
VectorFFT,2546,3.588e-16,4.714e-16,1.384e-15
MKL,2546,2.975e-16,4.039e-16,1.025e-15
VectorFFT,2547,3.473e-16,3.347e-16,1.463e-15
MKL,2547,4.736e-16,4.631e-16,1.502e-15
VectorFFT,2548,4.708e-16,6.505e-16,1.918e-15
MKL,2548,2.765e-16,3.259e-16,9.176e-16
VectorFFT,2549,3.570e-16,3.716e-16,1.260e-15
MKL,2549,4.772e-16,4.779e-16,1.587e-15
VectorFFT,2550,4.726e-16,5.211e-16,1.209e-15
MKL,2550,3.231e-16,2.845e-16,1.116e-15
VectorFFT,2551,8.268e-16,7.630e-16,2.543e-15
MKL,2551,4.799e-16,4.901e-16,1.532e-15
VectorFFT,2552,3.894e-16,3.611e-16,1.043e-15
MKL,2552,2.642e-16,2.675e-16,8.111e-16
VectorFFT,2553,6.983e-16,9.640e-16,2.462e-15
MKL,2553,3.895e-16,5.387e-16,1.341e-15
VectorFFT,2554,3.614e-16,3.767e-16,1.140e-15
MKL,2554,4.784e-16,5.030e-16,1.489e-15
VectorFFT,2555,3.532e-16,4.006e-16,1.108e-15
MKL,2555,3.342e-16,3.640e-16,1.089e-15
VectorFFT,2556,3.561e-16,3.365e-16,1.444e-15
MKL,2556,2.955e-16,5.023e-16,1.049e-15
VectorFFT,2557,3.498e-16,3.769e-16,1.116e-15
MKL,2557,4.771e-16,6.086e-16,1.532e-15
VectorFFT,2558,3.541e-16,3.887e-16,1.248e-15
MKL,2558,4.764e-16,4.867e-16,1.384e-15
VectorFFT,2559,3.667e-16,3.673e-16,1.210e-15
MKL,2559,4.571e-16,5.408e-16,1.482e-15
VectorFFT,2560,2.186e-16,2.762e-16,7.638e-16
MKL,2560,2.408e-16,3.505e-16,8.541e-16
VectorFFT,2561,3.649e-16,3.953e-16,1.228e-15
MKL,2561,4.515e-16,4.639e-16,1.382e-15
VectorFFT,2562,3.621e-16,3.327e-16,1.167e-15
MKL,2562,2.927e-16,3.232e-16,8.479e-16
VectorFFT,2563,3.587e-16,3.570e-16,1.224e-15
MKL,2563,4.709e-16,4.484e-16,1.731e-15
VectorFFT,2564,3.594e-16,4.408e-16,1.132e-15
MKL,2564,4.412e-16,4.644e-16,1.428e-15
VectorFFT,2565,4.608e-16,4.562e-16,1.264e-15
MKL,2565,5.269e-16,6.002e-16,1.538e-15
VectorFFT,2566,3.612e-16,3.681e-16,1.260e-15
MKL,2566,4.410e-16,4.100e-16,1.286e-15
VectorFFT,2567,3.536e-16,3.885e-16,1.255e-15
MKL,2567,4.522e-16,5.303e-16,1.476e-15
VectorFFT,2568,3.583e-16,4.090e-16,1.329e-15
MKL,2568,3.179e-16,5.034e-16,1.015e-15
VectorFFT,2569,3.649e-16,3.814e-16,1.361e-15
MKL,2569,4.434e-16,4.516e-16,1.450e-15
VectorFFT,2570,3.576e-16,4.034e-16,1.283e-15
MKL,2570,4.435e-16,4.753e-16,1.513e-15
VectorFFT,2571,3.563e-16,3.207e-16,1.034e-15
MKL,2571,4.420e-16,4.112e-16,1.503e-15
VectorFFT,2572,3.541e-16,2.899e-16,1.190e-15
MKL,2572,4.465e-16,3.558e-16,1.361e-15
VectorFFT,2573,3.508e-16,3.803e-16,1.209e-15
MKL,2573,4.933e-16,4.857e-16,1.603e-15
VectorFFT,2574,6.585e-16,1.038e-15,2.480e-15
MKL,2574,2.717e-16,3.125e-16,9.610e-16
VectorFFT,2575,3.621e-16,3.731e-16,1.194e-15
MKL,2575,4.461e-16,5.354e-16,1.489e-15
VectorFFT,2576,4.482e-16,5.201e-16,1.534e-15
MKL,2576,2.547e-16,2.623e-16,7.737e-16
VectorFFT,2577,3.582e-16,3.529e-16,1.164e-15
MKL,2577,4.450e-16,4.630e-16,1.571e-15
VectorFFT,2578,3.614e-16,4.320e-16,1.170e-15
MKL,2578,4.480e-16,5.379e-16,1.584e-15
VectorFFT,2579,3.618e-16,4.303e-16,1.022e-15
MKL,2579,4.509e-16,6.487e-16,1.562e-15
VectorFFT,2580,4.374e-16,4.421e-16,1.237e-15
MKL,2580,2.960e-16,2.888e-16,1.002e-15
VectorFFT,2581,3.589e-16,3.734e-16,1.180e-15
MKL,2581,4.461e-16,4.720e-16,1.573e-15
VectorFFT,2582,3.571e-16,2.914e-16,1.097e-15
MKL,2582,4.472e-16,4.094e-16,1.534e-15
VectorFFT,2583,4.150e-16,5.457e-16,1.421e-15
MKL,2583,4.972e-16,6.481e-16,1.412e-15
VectorFFT,2584,4.740e-16,5.090e-16,1.220e-15
MKL,2584,2.817e-16,2.932e-16,9.527e-16
VectorFFT,2585,4.153e-16,4.321e-16,1.552e-15
MKL,2585,3.211e-16,3.616e-16,9.836e-16
VectorFFT,2586,3.661e-16,3.832e-16,1.301e-15
MKL,2586,4.468e-16,4.456e-16,1.763e-15
VectorFFT,2587,3.537e-16,3.545e-16,1.232e-15
MKL,2587,4.754e-16,4.696e-16,1.783e-15
VectorFFT,2588,3.676e-16,4.233e-16,1.283e-15
MKL,2588,4.540e-16,4.631e-16,1.582e-15
VectorFFT,2589,3.555e-16,4.608e-16,1.223e-15
MKL,2589,4.520e-16,4.135e-16,1.397e-15
VectorFFT,2590,4.489e-16,5.274e-16,1.441e-15
MKL,2590,3.291e-16,3.453e-16,1.070e-15
VectorFFT,2591,3.550e-16,3.500e-16,1.168e-15
MKL,2591,4.619e-16,4.785e-16,1.449e-15
VectorFFT,2592,2.963e-16,2.520e-16,1.016e-15
MKL,2592,2.572e-16,2.206e-16,8.621e-16
VectorFFT,2593,5.707e-16,1.222e-15,1.986e-15
MKL,2593,4.528e-16,4.721e-16,1.496e-15
VectorFFT,2594,3.617e-16,3.169e-16,1.095e-15
MKL,2594,4.503e-16,4.142e-16,1.450e-15
VectorFFT,2595,3.592e-16,3.887e-16,1.219e-15
MKL,2595,4.545e-16,4.646e-16,1.561e-15
VectorFFT,2596,3.550e-16,3.760e-16,1.278e-15
MKL,2596,2.819e-16,3.372e-16,1.112e-15
VectorFFT,2597,3.677e-16,4.890e-16,1.392e-15
MKL,2597,4.686e-16,5.335e-16,1.636e-15
VectorFFT,2598,3.537e-16,3.174e-16,1.377e-15
MKL,2598,4.493e-16,5.398e-16,1.596e-15
VectorFFT,2599,3.579e-16,3.222e-16,1.163e-15
MKL,2599,4.632e-16,4.130e-16,1.544e-15
VectorFFT,2600,4.493e-16,4.729e-16,1.854e-15
MKL,2600,2.721e-16,2.723e-16,8.453e-16
VectorFFT,2601,5.757e-16,7.577e-16,1.538e-15
MKL,2601,5.456e-16,6.736e-16,1.526e-15
VectorFFT,2602,3.603e-16,3.920e-16,1.293e-15
MKL,2602,4.435e-16,5.137e-16,1.478e-15
VectorFFT,2603,3.537e-16,3.038e-16,1.133e-15
MKL,2603,4.694e-16,4.400e-16,1.724e-15
VectorFFT,2604,4.567e-16,5.462e-16,1.315e-15
MKL,2604,2.696e-16,3.184e-16,9.663e-16
VectorFFT,2605,3.579e-16,4.226e-16,1.222e-15
MKL,2605,4.469e-16,4.820e-16,1.512e-15
VectorFFT,2606,3.670e-16,4.168e-16,1.254e-15
MKL,2606,4.463e-16,4.356e-16,1.643e-15
VectorFFT,2607,3.544e-16,3.698e-16,1.123e-15
MKL,2607,3.436e-16,3.713e-16,1.040e-15
VectorFFT,2608,3.621e-16,3.240e-16,1.165e-15
MKL,2608,4.463e-16,3.700e-16,1.374e-15
VectorFFT,2609,3.578e-16,3.555e-16,1.341e-15
MKL,2609,4.497e-16,5.639e-16,1.293e-15
VectorFFT,2610,4.763e-16,5.931e-16,1.303e-15
MKL,2610,2.798e-16,3.285e-16,8.395e-16
VectorFFT,2611,3.621e-16,3.473e-16,1.149e-15
MKL,2611,4.866e-16,4.483e-16,1.729e-15
VectorFFT,2612,3.656e-16,4.458e-16,1.241e-15
MKL,2612,4.463e-16,5.224e-16,1.650e-15
VectorFFT,2613,3.567e-16,3.557e-16,1.247e-15
MKL,2613,3.843e-16,4.764e-16,1.522e-15
VectorFFT,2614,3.502e-16,3.386e-16,1.240e-15
MKL,2614,4.513e-16,4.372e-16,1.423e-15
VectorFFT,2615,3.551e-16,4.041e-16,1.043e-15
MKL,2615,4.496e-16,4.685e-16,1.660e-15
VectorFFT,2616,3.652e-16,4.594e-16,1.195e-15
MKL,2616,3.143e-16,4.014e-16,1.104e-15
VectorFFT,2617,3.607e-16,3.585e-16,1.287e-15
MKL,2617,4.468e-16,4.734e-16,1.357e-15
VectorFFT,2618,6.163e-16,7.259e-16,2.035e-15
MKL,2618,3.015e-16,3.927e-16,8.972e-16
VectorFFT,2619,3.612e-16,4.179e-16,1.128e-15
MKL,2619,4.563e-16,4.952e-16,1.404e-15
VectorFFT,2620,3.651e-16,5.375e-16,1.157e-15
MKL,2620,3.425e-16,4.671e-16,1.185e-15
VectorFFT,2621,3.610e-16,3.752e-16,1.337e-15
MKL,2621,4.506e-16,5.220e-16,1.354e-15
VectorFFT,2622,9.964e-16,1.948e-15,3.713e-15
MKL,2622,2.887e-16,2.979e-16,9.358e-16
VectorFFT,2623,3.659e-16,4.232e-16,1.245e-15
MKL,2623,3.565e-16,4.673e-16,1.363e-15
VectorFFT,2624,3.421e-16,3.572e-16,9.132e-16
MKL,2624,2.571e-16,3.094e-16,8.309e-16
VectorFFT,2625,3.918e-16,3.982e-16,1.374e-15
MKL,2625,4.862e-16,5.184e-16,1.344e-15
VectorFFT,2626,3.632e-16,4.043e-16,1.251e-15
MKL,2626,3.430e-16,4.953e-16,1.055e-15
VectorFFT,2627,3.554e-16,3.538e-16,1.269e-15
MKL,2627,3.300e-16,3.195e-16,1.071e-15
VectorFFT,2628,3.752e-16,4.689e-16,1.193e-15
MKL,2628,3.006e-16,4.173e-16,1.106e-15
VectorFFT,2629,3.633e-16,3.400e-16,1.145e-15
MKL,2629,4.598e-16,4.171e-16,1.466e-15
VectorFFT,2630,3.580e-16,3.992e-16,1.287e-15
MKL,2630,4.498e-16,5.143e-16,1.480e-15
VectorFFT,2631,3.568e-16,3.228e-16,1.121e-15
MKL,2631,4.811e-16,4.434e-16,1.890e-15
VectorFFT,2632,4.566e-16,5.352e-16,1.600e-15
MKL,2632,2.748e-16,3.962e-16,9.563e-16
VectorFFT,2633,3.619e-16,3.661e-16,1.189e-15
MKL,2633,4.868e-16,5.774e-16,1.622e-15
VectorFFT,2634,3.599e-16,3.468e-16,1.187e-15
MKL,2634,4.560e-16,4.318e-16,1.612e-15
VectorFFT,2635,5.538e-16,5.949e-16,1.711e-15
MKL,2635,5.581e-16,5.721e-16,2.187e-15
VectorFFT,2636,3.701e-16,4.490e-16,1.141e-15
MKL,2636,4.531e-16,4.763e-16,1.791e-15
VectorFFT,2637,3.648e-16,3.857e-16,1.237e-15
MKL,2637,4.508e-16,4.249e-16,1.467e-15
VectorFFT,2638,3.597e-16,3.897e-16,1.155e-15
MKL,2638,4.539e-16,4.038e-16,1.333e-15
VectorFFT,2639,4.807e-16,4.720e-16,1.352e-15
MKL,2639,3.646e-16,3.490e-16,1.167e-15
VectorFFT,2640,3.616e-16,3.667e-16,9.862e-16
MKL,2640,2.641e-16,2.683e-16,8.083e-16
VectorFFT,2641,3.552e-16,3.500e-16,1.262e-15
MKL,2641,4.493e-16,4.671e-16,1.573e-15
VectorFFT,2642,3.617e-16,3.695e-16,1.397e-15
MKL,2642,4.484e-16,4.954e-16,1.491e-15
VectorFFT,2643,3.637e-16,3.568e-16,1.150e-15
MKL,2643,4.570e-16,4.113e-16,1.607e-15
VectorFFT,2644,3.626e-16,3.855e-16,1.255e-15
MKL,2644,4.447e-16,4.221e-16,1.376e-15
VectorFFT,2645,9.537e-16,1.226e-15,3.864e-15
MKL,2645,3.124e-16,3.315e-16,9.361e-16
VectorFFT,2646,4.371e-16,5.570e-16,1.432e-15
MKL,2646,2.892e-16,3.583e-16,9.627e-16
VectorFFT,2647,8.354e-16,7.792e-16,2.713e-15
MKL,2647,4.878e-16,4.655e-16,1.829e-15
VectorFFT,2648,3.600e-16,4.376e-16,1.127e-15
MKL,2648,4.494e-16,5.114e-16,1.490e-15
VectorFFT,2649,3.565e-16,3.763e-16,1.173e-15
MKL,2649,4.909e-16,5.453e-16,1.611e-15
VectorFFT,2650,3.610e-16,3.532e-16,1.226e-15
MKL,2650,3.301e-16,3.827e-16,1.010e-15
VectorFFT,2651,3.575e-16,3.437e-16,1.297e-15
MKL,2651,4.719e-16,4.673e-16,1.620e-15
VectorFFT,2652,5.489e-16,4.998e-16,1.641e-15
MKL,2652,2.665e-16,2.689e-16,8.285e-16
VectorFFT,2653,3.642e-16,4.448e-16,1.235e-15
MKL,2653,4.529e-16,6.379e-16,1.445e-15
VectorFFT,2654,3.726e-16,4.543e-16,1.224e-15
MKL,2654,4.479e-16,5.658e-16,1.621e-15
VectorFFT,2655,3.646e-16,4.219e-16,1.332e-15
MKL,2655,3.360e-16,3.415e-16,1.180e-15
VectorFFT,2656,3.665e-16,2.945e-16,1.312e-15
MKL,2656,2.883e-16,2.769e-16,9.227e-16
VectorFFT,2657,3.596e-16,4.012e-16,1.088e-15
MKL,2657,4.618e-16,4.350e-16,1.602e-15
VectorFFT,2658,3.629e-16,3.159e-16,1.099e-15
MKL,2658,4.513e-16,4.109e-16,1.604e-15
VectorFFT,2659,3.604e-16,3.633e-16,1.265e-15
MKL,2659,4.588e-16,4.908e-16,1.476e-15
VectorFFT,2660,3.998e-16,4.245e-16,1.345e-15
MKL,2660,2.823e-16,3.001e-16,8.958e-16
VectorFFT,2661,3.682e-16,3.927e-16,1.232e-15
MKL,2661,4.652e-16,4.888e-16,1.704e-15
VectorFFT,2662,5.425e-16,6.727e-16,1.905e-15
MKL,2662,2.668e-16,2.261e-16,8.114e-16
VectorFFT,2663,3.691e-16,3.356e-16,1.286e-15
MKL,2663,4.893e-16,4.443e-16,1.726e-15
VectorFFT,2664,5.204e-16,7.233e-16,1.841e-15
MKL,2664,2.724e-16,3.078e-16,9.016e-16
VectorFFT,2665,4.590e-16,4.471e-16,1.415e-15
MKL,2665,4.062e-16,4.191e-16,1.205e-15
VectorFFT,2666,1.542e-15,2.129e-15,6.507e-15
MKL,2666,2.915e-16,3.416e-16,9.628e-16
VectorFFT,2667,3.581e-16,3.542e-16,1.131e-15
MKL,2667,4.666e-16,4.157e-16,1.619e-15
VectorFFT,2668,4.543e-16,4.708e-16,1.555e-15
MKL,2668,2.627e-16,2.507e-16,8.449e-16
VectorFFT,2669,3.727e-16,4.224e-16,1.274e-15
MKL,2669,4.434e-16,4.671e-16,1.397e-15
VectorFFT,2670,3.611e-16,3.314e-16,1.262e-15
MKL,2670,3.285e-16,4.309e-16,1.089e-15
VectorFFT,2671,3.629e-16,3.780e-16,1.271e-15
MKL,2671,4.950e-16,4.811e-16,1.543e-15
VectorFFT,2672,3.595e-16,3.546e-16,1.124e-15
MKL,2672,4.532e-16,4.301e-16,1.460e-15
VectorFFT,2673,4.847e-16,5.070e-16,1.510e-15
MKL,2673,5.777e-16,7.294e-16,1.751e-15
VectorFFT,2674,3.615e-16,3.087e-16,1.275e-15
MKL,2674,4.492e-16,4.559e-16,1.476e-15
VectorFFT,2675,3.686e-16,4.137e-16,1.145e-15
MKL,2675,4.598e-16,4.645e-16,1.566e-15
VectorFFT,2676,3.576e-16,3.943e-16,1.074e-15
MKL,2676,4.443e-16,4.459e-16,1.447e-15
VectorFFT,2677,3.632e-16,5.716e-16,1.348e-15
MKL,2677,4.691e-16,6.180e-16,1.672e-15
VectorFFT,2678,3.678e-16,3.706e-16,1.356e-15
MKL,2678,3.464e-16,4.583e-16,1.013e-15
VectorFFT,2679,4.586e-16,3.961e-16,1.328e-15
MKL,2679,4.199e-16,4.685e-16,1.348e-15
VectorFFT,2680,3.630e-16,3.439e-16,1.043e-15
MKL,2680,2.906e-16,2.876e-16,9.283e-16
VectorFFT,2681,3.643e-16,4.049e-16,1.247e-15
MKL,2681,4.465e-16,4.359e-16,1.591e-15
VectorFFT,2682,3.581e-16,4.058e-16,1.199e-15
MKL,2682,3.949e-16,6.502e-16,1.404e-15
VectorFFT,2683,3.604e-16,3.878e-16,1.095e-15
MKL,2683,4.575e-16,5.986e-16,1.841e-15
VectorFFT,2684,3.651e-16,3.995e-16,1.187e-15
MKL,2684,2.815e-16,4.811e-16,1.017e-15
VectorFFT,2685,3.663e-16,3.278e-16,1.178e-15
MKL,2685,4.531e-16,4.187e-16,1.476e-15
VectorFFT,2686,3.695e-16,3.624e-16,1.090e-15
MKL,2686,3.099e-16,4.775e-16,1.015e-15
VectorFFT,2687,3.575e-16,3.470e-16,1.277e-15
MKL,2687,4.634e-16,4.467e-16,1.316e-15
VectorFFT,2688,2.614e-16,2.542e-16,8.573e-16
MKL,2688,2.474e-16,2.741e-16,9.616e-16
VectorFFT,2689,4.687e-16,4.245e-16,1.729e-15
MKL,2689,4.820e-16,4.569e-16,1.698e-15
VectorFFT,2690,3.685e-16,3.449e-16,1.301e-15
MKL,2690,4.475e-16,3.976e-16,1.751e-15
VectorFFT,2691,5.421e-16,5.842e-16,1.608e-15
MKL,2691,3.276e-16,2.919e-16,1.042e-15
VectorFFT,2692,3.630e-16,3.107e-16,1.167e-15
MKL,2692,4.531e-16,4.235e-16,1.447e-15
VectorFFT,2693,3.595e-16,4.360e-16,1.116e-15
MKL,2693,4.583e-16,6.074e-16,1.449e-15
VectorFFT,2694,3.647e-16,3.863e-16,1.003e-15
MKL,2694,4.547e-16,4.257e-16,1.639e-15
VectorFFT,2695,4.132e-16,4.398e-16,1.716e-15
MKL,2695,3.206e-16,4.273e-16,1.016e-15
VectorFFT,2696,3.621e-16,3.924e-16,1.262e-15
MKL,2696,4.550e-16,4.728e-16,1.342e-15
VectorFFT,2697,1.513e-15,2.871e-15,6.652e-15
MKL,2697,3.092e-16,3.070e-16,1.075e-15
VectorFFT,2698,3.658e-16,3.812e-16,1.162e-15
MKL,2698,3.411e-16,4.126e-16,1.050e-15
VectorFFT,2699,3.615e-16,3.636e-16,1.089e-15
MKL,2699,4.491e-16,5.204e-16,1.526e-15
VectorFFT,2700,4.393e-16,4.994e-16,1.219e-15
MKL,2700,2.889e-16,3.167e-16,9.607e-16
VectorFFT,2701,3.657e-16,3.844e-16,1.241e-15
MKL,2701,3.273e-16,3.751e-16,1.199e-15
VectorFFT,2702,3.678e-16,3.902e-16,1.440e-15
MKL,2702,4.479e-16,4.282e-16,1.599e-15
VectorFFT,2703,3.672e-16,3.325e-16,1.360e-15
MKL,2703,4.826e-16,4.702e-16,1.626e-15
VectorFFT,2704,4.761e-16,7.453e-16,1.352e-15
MKL,2704,2.577e-16,2.867e-16,7.987e-16
VectorFFT,2705,3.678e-16,3.829e-16,1.191e-15
MKL,2705,4.521e-16,4.903e-16,1.434e-15
VectorFFT,2706,5.786e-16,1.209e-15,1.986e-15
MKL,2706,2.788e-16,3.036e-16,9.915e-16
VectorFFT,2707,3.688e-16,3.842e-16,1.118e-15
MKL,2707,5.051e-16,5.774e-16,1.633e-15
VectorFFT,2708,3.636e-16,3.690e-16,1.286e-15
MKL,2708,4.502e-16,3.992e-16,1.458e-15
VectorFFT,2709,4.538e-16,3.810e-16,1.515e-15
MKL,2709,4.663e-16,4.738e-16,1.341e-15
VectorFFT,2710,3.622e-16,4.280e-16,1.125e-15
MKL,2710,4.617e-16,4.997e-16,1.521e-15
VectorFFT,2711,3.638e-16,3.446e-16,1.363e-15
MKL,2711,4.907e-16,4.240e-16,1.767e-15
VectorFFT,2712,3.636e-16,4.091e-16,1.360e-15
MKL,2712,3.282e-16,4.279e-16,9.944e-16
VectorFFT,2713,3.745e-16,3.633e-16,1.253e-15
MKL,2713,4.740e-16,5.045e-16,1.710e-15
VectorFFT,2714,3.620e-16,4.142e-16,1.205e-15
MKL,2714,3.321e-16,3.879e-16,1.208e-15
VectorFFT,2715,3.619e-16,3.240e-16,1.264e-15
MKL,2715,4.527e-16,4.670e-16,1.343e-15
VectorFFT,2716,3.660e-16,3.777e-16,1.061e-15
MKL,2716,3.147e-16,4.527e-16,1.049e-15
VectorFFT,2717,6.838e-16,8.914e-16,2.556e-15
MKL,2717,3.747e-16,3.599e-16,1.195e-15
VectorFFT,2718,3.647e-16,3.758e-16,1.117e-15
MKL,2718,4.496e-16,4.824e-16,1.662e-15
VectorFFT,2719,3.619e-16,3.771e-16,1.154e-15
MKL,2719,4.690e-16,4.859e-16,1.609e-15
VectorFFT,2720,4.327e-16,5.088e-16,1.195e-15
MKL,2720,2.680e-16,2.626e-16,8.673e-16
VectorFFT,2721,3.592e-16,3.781e-16,1.189e-15
MKL,2721,4.642e-16,4.412e-16,1.629e-15
VectorFFT,2722,3.650e-16,3.405e-16,1.252e-15
MKL,2722,4.650e-16,5.039e-16,1.686e-15
VectorFFT,2723,3.711e-16,3.543e-16,1.317e-15
MKL,2723,4.632e-16,3.762e-16,1.949e-15
VectorFFT,2724,3.621e-16,3.273e-16,1.114e-15
MKL,2724,4.611e-16,4.516e-16,1.368e-15
VectorFFT,2725,3.708e-16,3.792e-16,1.210e-15
MKL,2725,4.714e-16,4.964e-16,1.847e-15
VectorFFT,2726,1.886e-15,3.874e-15,8.475e-15
MKL,2726,2.863e-16,3.542e-16,1.148e-15
VectorFFT,2727,3.688e-16,3.622e-16,1.170e-15
MKL,2727,4.516e-16,3.901e-16,1.363e-15
VectorFFT,2728,6.065e-16,8.803e-16,2.229e-15
MKL,2728,2.587e-16,2.536e-16,8.312e-16
VectorFFT,2729,3.683e-16,3.657e-16,1.322e-15
MKL,2729,4.602e-16,4.360e-16,1.508e-15
VectorFFT,2730,4.639e-16,5.730e-16,1.645e-15
MKL,2730,2.908e-16,3.281e-16,1.112e-15
VectorFFT,2731,8.181e-16,9.313e-16,2.548e-15
MKL,2731,4.546e-16,3.957e-16,1.447e-15
VectorFFT,2732,3.660e-16,3.159e-16,1.296e-15
MKL,2732,4.588e-16,4.308e-16,1.476e-15
VectorFFT,2733,3.712e-16,3.700e-16,1.228e-15
MKL,2733,4.788e-16,4.537e-16,1.517e-15
VectorFFT,2734,3.622e-16,4.832e-16,1.387e-15
MKL,2734,4.678e-16,5.272e-16,1.512e-15
VectorFFT,2735,3.747e-16,4.036e-16,1.146e-15
MKL,2735,4.553e-16,4.370e-16,1.545e-15
VectorFFT,2736,4.071e-16,4.445e-16,1.154e-15
MKL,2736,2.637e-16,3.462e-16,9.273e-16
VectorFFT,2737,8.070e-16,1.166e-15,2.919e-15
MKL,2737,3.178e-16,3.328e-16,9.053e-16
VectorFFT,2738,1.543e-15,2.406e-15,6.272e-15
MKL,2738,3.002e-16,3.419e-16,9.705e-16
VectorFFT,2739,3.699e-16,4.202e-16,1.151e-15
MKL,2739,4.167e-16,4.809e-16,1.583e-15
VectorFFT,2740,3.633e-16,3.570e-16,1.166e-15
MKL,2740,3.491e-16,7.457e-16,1.170e-15
VectorFFT,2741,3.685e-16,4.266e-16,1.156e-15
MKL,2741,4.771e-16,5.620e-16,1.639e-15
VectorFFT,2742,3.649e-16,3.854e-16,1.161e-15
MKL,2742,4.570e-16,4.473e-16,1.560e-15
VectorFFT,2743,3.665e-16,3.773e-16,1.188e-15
MKL,2743,4.682e-16,5.652e-16,1.467e-15
VectorFFT,2744,4.044e-16,5.323e-16,1.869e-15
MKL,2744,2.938e-16,2.761e-16,9.561e-16
VectorFFT,2745,3.610e-16,3.976e-16,1.329e-15
MKL,2745,3.473e-16,3.694e-16,1.091e-15
VectorFFT,2746,3.698e-16,3.952e-16,1.393e-15
MKL,2746,4.513e-16,4.957e-16,1.580e-15
VectorFFT,2747,3.758e-16,3.299e-16,1.160e-15
MKL,2747,4.840e-16,4.743e-16,1.709e-15
VectorFFT,2748,3.715e-16,3.382e-16,1.235e-15
MKL,2748,4.564e-16,4.233e-16,1.663e-15
VectorFFT,2749,3.689e-16,3.668e-16,1.274e-15
MKL,2749,4.640e-16,4.370e-16,1.621e-15
VectorFFT,2750,3.685e-16,4.314e-16,1.616e-15
MKL,2750,3.000e-16,3.570e-16,1.090e-15
VectorFFT,2751,3.679e-16,3.990e-16,1.451e-15
MKL,2751,4.581e-16,4.556e-16,1.608e-15
VectorFFT,2752,3.796e-16,3.570e-16,1.103e-15
MKL,2752,2.487e-16,2.952e-16,8.185e-16
VectorFFT,2753,3.668e-16,3.955e-16,1.327e-15
MKL,2753,4.753e-16,5.618e-16,1.744e-15
VectorFFT,2754,5.520e-16,5.940e-16,1.605e-15
MKL,2754,2.953e-16,3.891e-16,1.241e-15
VectorFFT,2755,4.460e-16,4.867e-16,1.401e-15
MKL,2755,4.048e-16,4.194e-16,1.391e-15
VectorFFT,2756,3.653e-16,4.429e-16,1.422e-15
MKL,2756,2.783e-16,3.545e-16,9.356e-16
VectorFFT,2757,3.746e-16,3.452e-16,1.209e-15
MKL,2757,4.616e-16,4.859e-16,1.409e-15
VectorFFT,2758,3.752e-16,3.535e-16,1.131e-15
MKL,2758,4.551e-16,3.742e-16,1.422e-15
VectorFFT,2759,3.618e-16,3.975e-16,1.224e-15
MKL,2759,3.339e-16,4.275e-16,1.048e-15
VectorFFT,2760,4.526e-16,4.077e-16,1.311e-15
MKL,2760,2.929e-16,3.184e-16,9.107e-16
VectorFFT,2761,3.645e-16,3.612e-16,1.199e-15
MKL,2761,4.663e-16,3.885e-16,1.392e-15
VectorFFT,2762,3.698e-16,3.866e-16,1.145e-15
MKL,2762,4.609e-16,5.002e-16,1.552e-15
VectorFFT,2763,3.699e-16,3.748e-16,1.194e-15
MKL,2763,4.667e-16,4.565e-16,1.445e-15
VectorFFT,2764,3.625e-16,3.587e-16,1.244e-15
MKL,2764,4.560e-16,4.719e-16,1.636e-15
VectorFFT,2765,3.678e-16,3.946e-16,1.246e-15
MKL,2765,3.517e-16,3.710e-16,1.187e-15
VectorFFT,2766,3.903e-16,4.373e-16,1.250e-15
MKL,2766,4.578e-16,4.720e-16,1.416e-15
VectorFFT,2767,3.667e-16,3.504e-16,1.221e-15
MKL,2767,4.683e-16,5.583e-16,1.520e-15
VectorFFT,2768,3.717e-16,3.334e-16,1.153e-15
MKL,2768,4.502e-16,4.025e-16,1.498e-15
VectorFFT,2769,3.664e-16,3.169e-16,1.082e-15
MKL,2769,4.865e-16,5.201e-16,1.384e-15
VectorFFT,2770,3.689e-16,3.607e-16,1.294e-15
MKL,2770,4.523e-16,3.545e-16,1.483e-15
VectorFFT,2771,3.675e-16,3.864e-16,1.386e-15
MKL,2771,4.609e-16,5.357e-16,1.491e-15
VectorFFT,2772,4.156e-16,4.061e-16,1.468e-15
MKL,2772,2.918e-16,2.867e-16,9.968e-16
VectorFFT,2773,3.705e-16,4.144e-16,1.211e-15
MKL,2773,4.933e-16,5.570e-16,1.759e-15
VectorFFT,2774,3.658e-16,4.256e-16,1.180e-15
MKL,2774,3.038e-16,3.658e-16,1.098e-15
VectorFFT,2775,4.227e-16,3.808e-16,1.350e-15
MKL,2775,3.699e-16,3.571e-16,1.181e-15
VectorFFT,2776,3.628e-16,3.477e-16,1.131e-15
MKL,2776,4.528e-16,3.808e-16,1.420e-15
VectorFFT,2777,3.671e-16,3.829e-16,1.091e-15
MKL,2777,4.666e-16,4.665e-16,1.471e-15
VectorFFT,2778,3.686e-16,3.969e-16,1.158e-15
MKL,2778,4.609e-16,4.738e-16,1.770e-15
VectorFFT,2779,3.660e-16,3.917e-16,1.269e-15
MKL,2779,5.022e-16,4.692e-16,1.789e-15
VectorFFT,2780,3.803e-16,3.157e-16,1.182e-15
MKL,2780,3.596e-16,4.530e-16,1.154e-15
VectorFFT,2781,3.630e-16,4.175e-16,1.227e-15
MKL,2781,4.547e-16,4.145e-16,1.609e-15
VectorFFT,2782,3.709e-16,3.944e-16,1.321e-15
MKL,2782,3.342e-16,5.282e-16,1.129e-15
VectorFFT,2783,6.121e-16,9.022e-16,2.456e-15
MKL,2783,4.913e-16,4.901e-16,1.298e-15
VectorFFT,2784,4.045e-16,4.802e-16,1.231e-15
MKL,2784,2.616e-16,3.095e-16,9.383e-16
VectorFFT,2785,3.603e-16,4.014e-16,1.330e-15
MKL,2785,4.695e-16,4.847e-16,1.719e-15
VectorFFT,2786,3.712e-16,4.308e-16,1.428e-15
MKL,2786,4.551e-16,5.290e-16,1.371e-15
VectorFFT,2787,3.777e-16,3.414e-16,1.217e-15
MKL,2787,4.605e-16,3.986e-16,1.472e-15
VectorFFT,2788,4.624e-16,6.582e-16,1.270e-15
MKL,2788,2.967e-16,4.204e-16,9.900e-16
VectorFFT,2789,3.658e-16,4.248e-16,1.266e-15
MKL,2789,4.667e-16,4.603e-16,1.388e-15
VectorFFT,2790,4.749e-16,4.969e-16,1.474e-15
MKL,2790,2.902e-16,3.395e-16,1.011e-15
VectorFFT,2791,3.610e-16,4.611e-16,1.112e-15
MKL,2791,4.672e-16,5.080e-16,1.694e-15
VectorFFT,2792,3.723e-16,3.187e-16,1.155e-15
MKL,2792,4.559e-16,3.866e-16,1.673e-15
VectorFFT,2793,3.999e-16,3.620e-16,1.280e-15
MKL,2793,3.277e-16,3.323e-16,1.017e-15
VectorFFT,2794,3.717e-16,3.243e-16,1.300e-15
MKL,2794,3.699e-16,5.598e-16,1.255e-15
VectorFFT,2795,4.865e-16,7.997e-16,1.477e-15
MKL,2795,3.198e-16,3.813e-16,1.023e-15
VectorFFT,2796,3.780e-16,4.333e-16,1.383e-15
MKL,2796,4.654e-16,5.043e-16,1.846e-15
VectorFFT,2797,3.684e-16,4.163e-16,1.308e-15
MKL,2797,4.858e-16,5.706e-16,1.756e-15
VectorFFT,2798,3.692e-16,2.787e-16,1.526e-15
MKL,2798,4.650e-16,4.467e-16,1.787e-15
VectorFFT,2799,3.671e-16,3.970e-16,1.210e-15
MKL,2799,4.678e-16,4.646e-16,1.730e-15
VectorFFT,2800,2.260e-16,2.203e-16,8.176e-16
MKL,2800,2.811e-16,2.903e-16,8.038e-16
VectorFFT,2801,4.294e-16,1.627e-15,1.393e-15
MKL,2801,4.574e-16,5.105e-16,1.486e-15
VectorFFT,2802,3.817e-16,3.656e-16,1.523e-15
MKL,2802,4.775e-16,4.184e-16,1.719e-15
VectorFFT,2803,3.691e-16,3.203e-16,1.239e-15
MKL,2803,4.942e-16,5.359e-16,1.686e-15
VectorFFT,2804,3.698e-16,3.808e-16,1.289e-15
MKL,2804,4.658e-16,4.591e-16,1.579e-15
VectorFFT,2805,4.998e-16,5.129e-16,1.401e-15
MKL,2805,3.841e-16,3.698e-16,1.237e-15
VectorFFT,2806,3.677e-16,3.814e-16,1.426e-15
MKL,2806,3.042e-16,3.464e-16,9.339e-16
VectorFFT,2807,3.736e-16,3.696e-16,1.107e-15
MKL,2807,4.713e-16,5.088e-16,1.500e-15
VectorFFT,2808,7.179e-16,9.187e-16,3.319e-15
MKL,2808,2.660e-16,2.978e-16,7.583e-16
VectorFFT,2809,3.667e-16,4.379e-16,1.202e-15
MKL,2809,3.838e-16,5.282e-16,1.305e-15
VectorFFT,2810,3.718e-16,3.576e-16,1.176e-15
MKL,2810,4.548e-16,5.035e-16,1.620e-15
VectorFFT,2811,3.817e-16,4.518e-16,1.174e-15
MKL,2811,4.716e-16,6.194e-16,1.925e-15
VectorFFT,2812,4.147e-16,5.503e-16,1.220e-15
MKL,2812,2.841e-16,3.025e-16,8.556e-16
VectorFFT,2813,3.715e-16,3.957e-16,1.244e-15
MKL,2813,4.729e-16,6.388e-16,1.466e-15
VectorFFT,2814,3.700e-16,3.445e-16,1.213e-15
MKL,2814,3.608e-16,4.584e-16,1.333e-15
VectorFFT,2815,3.671e-16,4.161e-16,1.219e-15
MKL,2815,4.772e-16,4.786e-16,1.790e-15
VectorFFT,2816,2.793e-16,3.981e-16,9.830e-16
MKL,2816,2.354e-16,2.749e-16,7.879e-16
VectorFFT,2817,3.626e-16,3.162e-16,1.254e-15
MKL,2817,4.737e-16,4.910e-16,1.449e-15
VectorFFT,2818,3.725e-16,3.491e-16,1.326e-15
MKL,2818,4.671e-16,4.776e-16,1.577e-15
VectorFFT,2819,3.896e-16,4.992e-16,1.341e-15
MKL,2819,4.988e-16,5.069e-16,1.778e-15
VectorFFT,2820,4.352e-16,4.976e-16,1.332e-15
MKL,2820,2.945e-16,4.207e-16,9.726e-16
VectorFFT,2821,4.906e-16,6.720e-16,1.610e-15
MKL,2821,3.033e-16,3.915e-16,1.402e-15
VectorFFT,2822,3.724e-16,4.060e-16,1.043e-15
MKL,2822,3.260e-16,3.925e-16,9.433e-16
VectorFFT,2823,3.683e-16,3.663e-16,1.183e-15
MKL,2823,4.676e-16,5.565e-16,1.516e-15
VectorFFT,2824,3.831e-16,4.293e-16,1.216e-15
MKL,2824,4.614e-16,4.497e-16,1.561e-15
VectorFFT,2825,3.781e-16,4.047e-16,1.249e-15
MKL,2825,4.672e-16,4.166e-16,1.784e-15
VectorFFT,2826,3.756e-16,3.574e-16,1.213e-15
MKL,2826,4.547e-16,4.591e-16,1.451e-15
VectorFFT,2827,3.580e-16,3.701e-16,1.186e-15
MKL,2827,4.567e-16,4.924e-16,1.730e-15
VectorFFT,2828,3.771e-16,3.058e-16,1.364e-15
MKL,2828,3.163e-16,3.433e-16,1.168e-15
VectorFFT,2829,6.580e-16,7.049e-16,2.141e-15
MKL,2829,3.206e-16,2.757e-16,8.917e-16
VectorFFT,2830,3.781e-16,4.872e-16,1.209e-15
MKL,2830,4.599e-16,5.398e-16,1.583e-15
VectorFFT,2831,3.719e-16,3.501e-16,1.121e-15
MKL,2831,4.617e-16,4.513e-16,1.719e-15
VectorFFT,2832,3.643e-16,5.224e-16,1.339e-15
MKL,2832,2.839e-16,3.840e-16,8.388e-16
VectorFFT,2833,3.640e-16,3.792e-16,1.196e-15
MKL,2833,4.678e-16,5.148e-16,1.449e-15
VectorFFT,2834,3.638e-16,3.871e-16,1.242e-15
MKL,2834,3.354e-16,4.018e-16,1.095e-15
VectorFFT,2835,4.607e-16,4.809e-16,1.272e-15
MKL,2835,4.072e-16,4.933e-16,1.079e-15
VectorFFT,2836,3.787e-16,4.419e-16,1.095e-15
MKL,2836,4.588e-16,4.518e-16,1.469e-15
VectorFFT,2837,3.749e-16,3.762e-16,1.373e-15
MKL,2837,4.976e-16,4.820e-16,1.949e-15
VectorFFT,2838,4.406e-16,5.179e-16,1.162e-15
MKL,2838,2.784e-16,3.376e-16,9.804e-16
VectorFFT,2839,3.723e-16,4.330e-16,1.120e-15
MKL,2839,4.525e-16,4.349e-16,1.477e-15
VectorFFT,2840,3.666e-16,4.242e-16,1.309e-15
MKL,2840,3.099e-16,4.478e-16,9.715e-16
VectorFFT,2841,3.754e-16,4.044e-16,1.102e-15
MKL,2841,4.799e-16,5.215e-16,1.550e-15
VectorFFT,2842,9.886e-16,1.701e-15,4.275e-15
MKL,2842,3.103e-16,3.272e-16,9.592e-16
VectorFFT,2843,3.699e-16,3.808e-16,1.179e-15
MKL,2843,4.627e-16,5.008e-16,1.575e-15
VectorFFT,2844,3.801e-16,3.808e-16,1.265e-15
MKL,2844,3.111e-16,4.253e-16,9.439e-16
VectorFFT,2845,3.734e-16,4.159e-16,1.089e-15
MKL,2845,4.649e-16,4.116e-16,1.507e-15
VectorFFT,2846,3.738e-16,3.249e-16,1.355e-15
MKL,2846,4.834e-16,5.295e-16,1.795e-15
VectorFFT,2847,3.594e-16,3.668e-16,1.162e-15
MKL,2847,3.552e-16,3.450e-16,1.156e-15
VectorFFT,2848,3.663e-16,3.863e-16,1.247e-15
MKL,2848,3.015e-16,3.823e-16,1.012e-15
VectorFFT,2849,4.840e-16,4.633e-16,1.529e-15
MKL,2849,3.097e-16,2.984e-16,9.764e-16
VectorFFT,2850,4.389e-16,4.462e-16,1.760e-15
MKL,2850,2.952e-16,2.780e-16,1.168e-15
VectorFFT,2851,6.969e-16,5.945e-16,2.747e-15
MKL,2851,4.574e-16,3.943e-16,1.512e-15
VectorFFT,2852,4.748e-16,4.720e-16,1.511e-15
MKL,2852,2.769e-16,3.582e-16,8.541e-16
VectorFFT,2853,3.623e-16,4.274e-16,1.288e-15
MKL,2853,4.651e-16,5.042e-16,1.562e-15
VectorFFT,2854,3.653e-16,3.892e-16,1.419e-15
MKL,2854,4.641e-16,5.558e-16,1.569e-15
VectorFFT,2855,3.726e-16,4.122e-16,1.255e-15
MKL,2855,4.662e-16,5.074e-16,1.567e-15
VectorFFT,2856,4.468e-16,6.055e-16,1.278e-15
MKL,2856,2.601e-16,2.609e-16,8.195e-16
VectorFFT,2857,8.370e-16,8.546e-16,2.683e-15
MKL,2857,5.040e-16,5.429e-16,1.726e-15
VectorFFT,2858,3.771e-16,4.257e-16,1.480e-15
MKL,2858,4.497e-16,4.595e-16,1.424e-15
VectorFFT,2859,3.784e-16,4.312e-16,1.235e-15
MKL,2859,4.707e-16,5.616e-16,2.079e-15
VectorFFT,2860,4.642e-16,5.298e-16,1.953e-15
MKL,2860,2.766e-16,2.841e-16,8.538e-16
VectorFFT,2861,3.763e-16,3.967e-16,1.200e-15
MKL,2861,4.630e-16,5.246e-16,1.629e-15
VectorFFT,2862,3.722e-16,3.777e-16,1.267e-15
MKL,2862,3.464e-16,3.452e-16,1.416e-15
VectorFFT,2863,3.753e-16,5.148e-16,1.339e-15
MKL,2863,4.746e-16,5.367e-16,1.665e-15
VectorFFT,2864,3.744e-16,3.656e-16,1.323e-15
MKL,2864,4.772e-16,4.228e-16,1.500e-15
VectorFFT,2865,3.733e-16,3.218e-16,1.258e-15
MKL,2865,4.710e-16,4.600e-16,1.618e-15
VectorFFT,2866,3.648e-16,3.843e-16,1.352e-15
MKL,2866,4.696e-16,4.942e-16,1.654e-15
VectorFFT,2867,3.731e-16,3.873e-16,1.111e-15
MKL,2867,3.829e-16,4.203e-16,1.462e-15
VectorFFT,2868,3.674e-16,3.651e-16,1.265e-15
MKL,2868,4.598e-16,4.636e-16,1.616e-15
VectorFFT,2869,3.723e-16,4.201e-16,1.338e-15
MKL,2869,4.629e-16,4.473e-16,1.502e-15
VectorFFT,2870,4.390e-16,4.486e-16,1.481e-15
MKL,2870,3.123e-16,2.895e-16,9.648e-16
VectorFFT,2871,5.907e-16,8.962e-16,1.898e-15
MKL,2871,3.421e-16,3.995e-16,1.347e-15
VectorFFT,2872,3.715e-16,4.526e-16,1.319e-15
MKL,2872,4.704e-16,4.867e-16,1.548e-15
VectorFFT,2873,5.925e-16,6.727e-16,1.663e-15
MKL,2873,3.479e-16,4.734e-16,1.082e-15
VectorFFT,2874,3.750e-16,4.025e-16,1.354e-15
MKL,2874,4.656e-16,4.678e-16,1.695e-15
VectorFFT,2875,4.384e-16,5.434e-16,1.620e-15
MKL,2875,5.268e-16,5.808e-16,1.525e-15
VectorFFT,2876,3.722e-16,4.073e-16,1.138e-15
MKL,2876,4.691e-16,4.511e-16,1.486e-15
VectorFFT,2877,3.710e-16,3.626e-16,1.301e-15
MKL,2877,4.701e-16,4.360e-16,1.714e-15
VectorFFT,2878,3.832e-16,4.053e-16,1.251e-15
MKL,2878,4.592e-16,4.814e-16,1.786e-15
VectorFFT,2879,3.747e-16,3.390e-16,1.202e-15
MKL,2879,4.743e-16,4.857e-16,1.661e-15
VectorFFT,2880,3.342e-16,3.160e-16,9.890e-16
MKL,2880,2.572e-16,2.533e-16,8.051e-16
VectorFFT,2881,3.780e-16,3.510e-16,1.151e-15
MKL,2881,3.266e-16,3.105e-16,1.132e-15
VectorFFT,2882,3.709e-16,5.009e-16,1.523e-15
MKL,2882,3.437e-16,4.721e-16,1.359e-15
VectorFFT,2883,1.105e-15,1.775e-15,4.988e-15
MKL,2883,3.076e-16,3.127e-16,9.865e-16
VectorFFT,2884,3.701e-16,3.760e-16,1.369e-15
MKL,2884,3.267e-16,3.456e-16,1.160e-15
VectorFFT,2885,3.732e-16,4.793e-16,1.209e-15
MKL,2885,4.738e-16,4.581e-16,1.451e-15
VectorFFT,2886,4.992e-16,6.158e-16,1.530e-15
MKL,2886,3.495e-16,3.213e-16,1.276e-15
VectorFFT,2887,3.752e-16,3.337e-16,1.180e-15
MKL,2887,4.880e-16,4.534e-16,1.544e-15
VectorFFT,2888,8.016e-16,1.290e-15,3.111e-15
MKL,2888,2.702e-16,3.642e-16,7.928e-16
VectorFFT,2889,3.729e-16,4.029e-16,1.538e-15
MKL,2889,4.684e-16,4.903e-16,1.384e-15
VectorFFT,2890,5.517e-16,6.053e-16,1.476e-15
MKL,2890,3.500e-16,3.285e-16,1.102e-15
VectorFFT,2891,3.686e-16,3.486e-16,1.142e-15
MKL,2891,3.441e-16,3.196e-16,1.083e-15
VectorFFT,2892,3.702e-16,3.979e-16,1.297e-15
MKL,2892,4.591e-16,4.272e-16,1.669e-15
VectorFFT,2893,3.734e-16,4.348e-16,1.182e-15
MKL,2893,4.902e-16,4.986e-16,1.864e-15
VectorFFT,2894,3.806e-16,4.357e-16,1.318e-15
MKL,2894,4.745e-16,4.917e-16,1.767e-15
VectorFFT,2895,3.717e-16,4.136e-16,1.376e-15
MKL,2895,4.950e-16,5.857e-16,1.825e-15
VectorFFT,2896,3.766e-16,3.798e-16,1.264e-15
MKL,2896,4.537e-16,4.664e-16,1.378e-15
VectorFFT,2897,3.828e-16,3.171e-16,1.307e-15
MKL,2897,4.708e-16,5.708e-16,1.496e-15
VectorFFT,2898,5.313e-16,6.249e-16,1.954e-15
MKL,2898,3.048e-16,3.706e-16,1.060e-15
VectorFFT,2899,3.851e-16,3.828e-16,1.511e-15
MKL,2899,4.961e-16,5.836e-16,1.582e-15
VectorFFT,2900,4.329e-16,4.672e-16,1.450e-15
MKL,2900,2.875e-16,2.973e-16,1.035e-15
VectorFFT,2901,3.710e-16,4.776e-16,1.209e-15
MKL,2901,4.846e-16,6.314e-16,1.592e-15
VectorFFT,2902,3.727e-16,3.873e-16,1.188e-15
MKL,2902,4.593e-16,4.430e-16,1.669e-15
VectorFFT,2903,3.763e-16,3.373e-16,1.491e-15
MKL,2903,4.757e-16,4.490e-16,1.810e-15
VectorFFT,2904,5.520e-16,6.173e-16,1.855e-15
MKL,2904,2.583e-16,2.756e-16,9.645e-16
VectorFFT,2905,3.745e-16,4.224e-16,1.452e-15
MKL,2905,3.706e-16,4.591e-16,1.269e-15
VectorFFT,2906,3.768e-16,3.990e-16,1.334e-15
MKL,2906,4.705e-16,4.675e-16,1.840e-15
VectorFFT,2907,8.904e-16,1.271e-15,3.732e-15
MKL,2907,4.062e-16,4.660e-16,1.166e-15
VectorFFT,2908,3.766e-16,2.906e-16,1.278e-15
MKL,2908,4.690e-16,4.323e-16,1.605e-15
VectorFFT,2909,3.673e-16,3.597e-16,1.308e-15
MKL,2909,4.739e-16,5.611e-16,1.621e-15
VectorFFT,2910,3.783e-16,4.018e-16,1.353e-15
MKL,2910,3.236e-16,3.688e-16,1.066e-15
VectorFFT,2911,3.716e-16,3.825e-16,1.147e-15
MKL,2911,3.410e-16,3.521e-16,1.179e-15
VectorFFT,2912,3.902e-16,5.016e-16,1.391e-15
MKL,2912,2.587e-16,3.956e-16,9.093e-16
VectorFFT,2913,3.692e-16,3.647e-16,1.197e-15
MKL,2913,4.674e-16,5.493e-16,1.485e-15
VectorFFT,2914,9.935e-16,1.887e-15,4.287e-15
MKL,2914,3.001e-16,3.923e-16,1.060e-15
VectorFFT,2915,3.761e-16,3.327e-16,1.142e-15
MKL,2915,3.356e-16,2.630e-16,1.027e-15
VectorFFT,2916,5.188e-16,5.230e-16,1.600e-15
MKL,2916,2.790e-16,3.227e-16,9.887e-16
VectorFFT,2917,3.765e-16,4.073e-16,1.266e-15
MKL,2917,4.755e-16,5.557e-16,1.569e-15
VectorFFT,2918,3.724e-16,4.533e-16,1.192e-15
MKL,2918,4.697e-16,5.725e-16,1.364e-15
VectorFFT,2919,3.703e-16,3.760e-16,1.361e-15
MKL,2919,4.719e-16,5.392e-16,1.611e-15
VectorFFT,2920,3.674e-16,3.808e-16,1.163e-15
MKL,2920,3.088e-16,3.764e-16,1.038e-15
VectorFFT,2921,3.786e-16,3.828e-16,1.138e-15
MKL,2921,4.751e-16,5.389e-16,1.489e-15
VectorFFT,2922,3.721e-16,3.959e-16,1.208e-15
MKL,2922,4.663e-16,4.844e-16,1.477e-15
VectorFFT,2923,3.784e-16,4.198e-16,1.128e-15
MKL,2923,4.620e-16,4.839e-16,1.377e-15
VectorFFT,2924,4.916e-16,5.655e-16,1.308e-15
MKL,2924,2.762e-16,2.990e-16,9.934e-16
VectorFFT,2925,4.969e-16,5.954e-16,1.367e-15
MKL,2925,4.093e-16,4.485e-16,1.383e-15
VectorFFT,2926,7.927e-16,1.525e-15,3.424e-15
MKL,2926,3.552e-16,4.410e-16,1.084e-15
VectorFFT,2927,3.727e-16,3.788e-16,1.401e-15
MKL,2927,4.874e-16,5.860e-16,1.503e-15
VectorFFT,2928,3.734e-16,3.914e-16,1.226e-15
MKL,2928,2.810e-16,3.355e-16,9.977e-16
VectorFFT,2929,3.684e-16,2.919e-16,1.436e-15
MKL,2929,4.663e-16,3.949e-16,1.510e-15
VectorFFT,2930,3.802e-16,4.316e-16,1.202e-15
MKL,2930,4.739e-16,4.820e-16,1.510e-15
VectorFFT,2931,3.667e-16,3.900e-16,1.149e-15
MKL,2931,4.840e-16,4.893e-16,1.465e-15
VectorFFT,2932,3.760e-16,4.184e-16,1.285e-15
MKL,2932,4.811e-16,5.236e-16,1.652e-15
VectorFFT,2933,3.758e-16,3.373e-16,1.153e-15
MKL,2933,4.710e-16,6.034e-16,1.842e-15
VectorFFT,2934,3.786e-16,4.735e-16,1.233e-15
MKL,2934,4.764e-16,5.072e-16,1.513e-15
VectorFFT,2935,3.793e-16,3.944e-16,1.139e-15
MKL,2935,4.731e-16,6.102e-16,1.480e-15
VectorFFT,2936,3.785e-16,3.536e-16,1.271e-15
MKL,2936,4.612e-16,4.241e-16,1.546e-15
VectorFFT,2937,3.735e-16,4.295e-16,1.206e-15
MKL,2937,3.406e-16,4.693e-16,1.179e-15
VectorFFT,2938,3.780e-16,3.400e-16,1.080e-15
MKL,2938,3.426e-16,3.484e-16,1.281e-15
VectorFFT,2939,3.784e-16,4.395e-16,1.270e-15
MKL,2939,4.642e-16,4.327e-16,1.469e-15
VectorFFT,2940,3.780e-16,4.451e-16,1.210e-15
MKL,2940,2.845e-16,3.240e-16,9.067e-16
VectorFFT,2941,3.679e-16,3.594e-16,1.366e-15
MKL,2941,4.764e-16,5.437e-16,1.409e-15
VectorFFT,2942,3.786e-16,4.498e-16,1.342e-15
MKL,2942,4.759e-16,3.823e-16,1.512e-15
VectorFFT,2943,3.780e-16,4.280e-16,1.155e-15
MKL,2943,4.664e-16,4.101e-16,1.538e-15
VectorFFT,2944,3.712e-16,4.788e-16,1.105e-15
MKL,2944,2.446e-16,3.222e-16,8.189e-16
VectorFFT,2945,4.674e-16,4.364e-16,1.421e-15
MKL,2945,3.210e-16,3.272e-16,1.017e-15
VectorFFT,2946,3.741e-16,3.406e-16,1.196e-15
MKL,2946,4.763e-16,4.478e-16,1.649e-15
VectorFFT,2947,3.700e-16,4.275e-16,1.362e-15
MKL,2947,4.772e-16,4.991e-16,1.710e-15
VectorFFT,2948,3.690e-16,4.264e-16,1.282e-15
MKL,2948,3.006e-16,3.391e-16,9.781e-16
VectorFFT,2949,3.710e-16,3.943e-16,1.194e-15
MKL,2949,4.861e-16,5.000e-16,1.507e-15
VectorFFT,2950,3.821e-16,4.412e-16,1.247e-15
MKL,2950,3.546e-16,4.787e-16,1.069e-15
VectorFFT,2951,3.744e-16,4.379e-16,1.243e-15
MKL,2951,4.714e-16,6.161e-16,1.676e-15
VectorFFT,2952,4.524e-16,3.636e-16,1.718e-15
MKL,2952,2.801e-16,2.526e-16,8.322e-16
VectorFFT,2953,3.803e-16,3.857e-16,1.215e-15
MKL,2953,4.669e-16,5.179e-16,1.455e-15
VectorFFT,2954,3.747e-16,4.244e-16,1.270e-15
MKL,2954,4.741e-16,5.265e-16,1.535e-15
VectorFFT,2955,3.723e-16,3.643e-16,1.414e-15
MKL,2955,4.995e-16,5.309e-16,1.983e-15
VectorFFT,2956,3.778e-16,4.374e-16,1.166e-15
MKL,2956,4.689e-16,5.405e-16,1.414e-15
VectorFFT,2957,3.729e-16,3.960e-16,1.379e-15
MKL,2957,4.707e-16,4.735e-16,1.704e-15
VectorFFT,2958,7.839e-16,1.196e-15,3.444e-15
MKL,2958,3.325e-16,3.033e-16,1.290e-15
VectorFFT,2959,3.760e-16,3.933e-16,1.169e-15
MKL,2959,4.702e-16,5.024e-16,1.627e-15
VectorFFT,2960,3.967e-16,4.069e-16,1.346e-15
MKL,2960,2.701e-16,3.347e-16,7.654e-16
VectorFFT,2961,5.344e-16,5.311e-16,1.778e-15
MKL,2961,3.194e-16,2.772e-16,9.967e-16
VectorFFT,2962,3.820e-16,3.281e-16,1.192e-15
MKL,2962,4.841e-16,5.005e-16,1.763e-15
VectorFFT,2963,3.755e-16,3.835e-16,1.223e-15
MKL,2963,4.984e-16,5.332e-16,1.691e-15
VectorFFT,2964,4.888e-16,6.421e-16,1.662e-15
MKL,2964,2.742e-16,3.570e-16,1.015e-15
VectorFFT,2965,3.807e-16,3.097e-16,1.178e-15
MKL,2965,4.779e-16,4.318e-16,1.667e-15
VectorFFT,2966,3.719e-16,3.958e-16,1.142e-15
MKL,2966,4.736e-16,4.865e-16,1.617e-15
VectorFFT,2967,4.877e-16,4.798e-16,1.614e-15
MKL,2967,3.472e-16,3.172e-16,1.358e-15
VectorFFT,2968,3.815e-16,3.626e-16,1.234e-15
MKL,2968,2.855e-16,3.470e-16,1.064e-15
VectorFFT,2969,3.719e-16,4.097e-16,1.385e-15
MKL,2969,4.847e-16,5.860e-16,1.641e-15
VectorFFT,2970,4.436e-16,5.190e-16,1.308e-15
MKL,2970,3.033e-16,3.368e-16,9.822e-16
VectorFFT,2971,3.828e-16,4.152e-16,1.252e-15
MKL,2971,4.919e-16,4.664e-16,1.561e-15
VectorFFT,2972,3.723e-16,3.816e-16,1.078e-15
MKL,2972,4.779e-16,4.204e-16,1.488e-15
VectorFFT,2973,3.719e-16,4.964e-16,1.210e-15
MKL,2973,4.670e-16,5.896e-16,1.600e-15
VectorFFT,2974,3.830e-16,3.202e-16,1.456e-15
MKL,2974,4.663e-16,4.651e-16,1.591e-15
VectorFFT,2975,4.803e-16,5.646e-16,1.792e-15
MKL,2975,3.614e-16,4.332e-16,1.070e-15
VectorFFT,2976,4.364e-16,6.780e-16,1.299e-15
MKL,2976,2.540e-16,3.223e-16,8.315e-16
VectorFFT,2977,3.761e-16,4.286e-16,1.176e-15
MKL,2977,4.929e-16,5.338e-16,1.669e-15
VectorFFT,2978,3.783e-16,4.119e-16,1.258e-15
MKL,2978,4.709e-16,4.117e-16,1.496e-15
VectorFFT,2979,3.815e-16,3.603e-16,1.255e-15
MKL,2979,4.737e-16,4.886e-16,1.689e-15
VectorFFT,2980,3.847e-16,4.235e-16,1.473e-15
MKL,2980,3.597e-16,4.603e-16,1.307e-15
VectorFFT,2981,3.737e-16,3.473e-16,1.292e-15
MKL,2981,4.825e-16,4.368e-16,1.565e-15
VectorFFT,2982,3.782e-16,4.371e-16,1.446e-15
MKL,2982,3.201e-16,3.798e-16,1.257e-15
VectorFFT,2983,3.885e-16,4.771e-16,1.267e-15
MKL,2983,4.820e-16,5.225e-16,1.561e-15
VectorFFT,2984,3.765e-16,3.291e-16,1.326e-15
MKL,2984,4.750e-16,4.464e-16,1.588e-15
VectorFFT,2985,3.717e-16,3.810e-16,1.284e-15
MKL,2985,4.688e-16,5.035e-16,1.386e-15
VectorFFT,2986,3.764e-16,3.922e-16,1.374e-15
MKL,2986,4.735e-16,4.456e-16,1.602e-15
VectorFFT,2987,3.751e-16,3.936e-16,1.418e-15
MKL,2987,4.635e-16,5.905e-16,1.554e-15
VectorFFT,2988,3.772e-16,3.681e-16,1.204e-15
MKL,2988,3.034e-16,3.347e-16,9.659e-16
VectorFFT,2989,3.802e-16,4.424e-16,1.381e-15
MKL,2989,4.363e-16,5.330e-16,1.437e-15
VectorFFT,2990,5.291e-16,5.815e-16,2.235e-15
MKL,2990,3.321e-16,3.003e-16,1.169e-15
VectorFFT,2991,3.798e-16,3.697e-16,1.304e-15
MKL,2991,5.073e-16,4.903e-16,1.804e-15
VectorFFT,2992,4.421e-16,5.042e-16,1.531e-15
MKL,2992,2.727e-16,2.883e-16,9.919e-16
VectorFFT,2993,3.803e-16,3.301e-16,1.468e-15
MKL,2993,3.556e-16,3.941e-16,1.030e-15
VectorFFT,2994,3.924e-16,4.040e-16,1.201e-15
MKL,2994,4.722e-16,4.862e-16,1.580e-15
VectorFFT,2995,3.760e-16,3.099e-16,1.292e-15
MKL,2995,4.720e-16,4.778e-16,1.985e-15
VectorFFT,2996,3.751e-16,3.736e-16,1.398e-15
MKL,2996,3.275e-16,4.514e-16,1.047e-15
VectorFFT,2997,4.926e-16,4.961e-16,1.623e-15
MKL,2997,3.576e-16,4.260e-16,1.083e-15
VectorFFT,2998,3.796e-16,3.706e-16,1.172e-15
MKL,2998,4.853e-16,4.514e-16,1.512e-15
VectorFFT,2999,3.764e-16,3.609e-16,1.168e-15
MKL,2999,4.800e-16,4.955e-16,1.628e-15
VectorFFT,3000,4.033e-16,4.308e-16,1.490e-15
MKL,3000,2.924e-16,3.126e-16,9.208e-16
VectorFFT,3001,7.391e-16,9.781e-16,2.400e-15
MKL,3001,4.957e-16,5.164e-16,1.967e-15
VectorFFT,3002,3.765e-16,3.475e-16,1.442e-15
MKL,3002,3.350e-16,4.090e-16,1.339e-15
VectorFFT,3003,4.630e-16,4.558e-16,1.669e-15
MKL,3003,3.932e-16,3.949e-16,1.374e-15
VectorFFT,3004,3.790e-16,3.989e-16,1.227e-15
MKL,3004,4.818e-16,5.395e-16,1.448e-15
VectorFFT,3005,3.851e-16,4.392e-16,1.280e-15
MKL,3005,4.772e-16,5.374e-16,1.509e-15
VectorFFT,3006,3.881e-16,3.958e-16,1.365e-15
MKL,3006,4.714e-16,5.055e-16,1.615e-15
VectorFFT,3007,3.762e-16,3.940e-16,1.221e-15
MKL,3007,4.939e-16,4.463e-16,1.692e-15
VectorFFT,3008,3.798e-16,4.820e-16,1.186e-15
MKL,3008,2.642e-16,3.583e-16,9.240e-16
VectorFFT,3009,3.811e-16,4.350e-16,1.245e-15
MKL,3009,5.115e-16,5.844e-16,1.718e-15
VectorFFT,3010,4.035e-16,4.100e-16,1.236e-15
MKL,3010,3.162e-16,3.449e-16,1.028e-15
VectorFFT,3011,3.819e-16,4.094e-16,1.352e-15
MKL,3011,4.743e-16,4.896e-16,1.594e-15
VectorFFT,3012,3.829e-16,3.538e-16,1.233e-15
MKL,3012,4.779e-16,5.138e-16,1.671e-15
VectorFFT,3013,3.838e-16,4.147e-16,1.226e-15
MKL,3013,4.803e-16,5.373e-16,1.753e-15
VectorFFT,3014,3.775e-16,4.445e-16,1.384e-15
MKL,3014,3.543e-16,4.794e-16,1.102e-15
VectorFFT,3015,3.761e-16,3.601e-16,1.095e-15
MKL,3015,3.435e-16,4.045e-16,1.377e-15
VectorFFT,3016,5.537e-16,6.197e-16,2.024e-15
MKL,3016,2.754e-16,2.377e-16,8.799e-16
VectorFFT,3017,3.778e-16,4.178e-16,1.277e-15
MKL,3017,4.964e-16,4.836e-16,1.791e-15
VectorFFT,3018,3.829e-16,3.583e-16,1.337e-15
MKL,3018,4.837e-16,5.540e-16,1.631e-15
VectorFFT,3019,3.881e-16,4.392e-16,1.461e-15
MKL,3019,4.987e-16,5.235e-16,1.744e-15
VectorFFT,3020,3.868e-16,3.365e-16,1.369e-15
MKL,3020,4.805e-16,5.357e-16,1.696e-15
VectorFFT,3021,3.779e-16,4.105e-16,1.192e-15
MKL,3021,3.687e-16,3.924e-16,1.253e-15
VectorFFT,3022,3.895e-16,4.070e-16,1.229e-15
MKL,3022,4.750e-16,4.849e-16,1.546e-15
VectorFFT,3023,3.748e-16,4.032e-16,1.308e-15
MKL,3023,4.993e-16,5.900e-16,1.623e-15
VectorFFT,3024,3.055e-16,3.163e-16,1.049e-15
MKL,3024,2.697e-16,2.693e-16,7.952e-16
VectorFFT,3025,5.293e-16,7.085e-16,1.746e-15
MKL,3025,4.526e-16,5.157e-16,1.321e-15
VectorFFT,3026,3.705e-16,3.983e-16,1.216e-15
MKL,3026,3.324e-16,4.510e-16,1.481e-15
VectorFFT,3027,3.796e-16,4.143e-16,1.304e-15
MKL,3027,4.835e-16,5.165e-16,1.876e-15
VectorFFT,3028,3.817e-16,4.138e-16,1.151e-15
MKL,3028,4.812e-16,5.953e-16,1.576e-15
VectorFFT,3029,3.742e-16,3.080e-16,1.374e-15
MKL,3029,5.153e-16,4.866e-16,1.938e-15
VectorFFT,3030,3.826e-16,4.105e-16,1.188e-15
MKL,3030,3.294e-16,4.856e-16,1.032e-15
VectorFFT,3031,3.766e-16,4.768e-16,1.158e-15
MKL,3031,5.209e-16,5.702e-16,1.708e-15
VectorFFT,3032,3.750e-16,3.867e-16,1.360e-15
MKL,3032,4.884e-16,4.632e-16,1.605e-15
VectorFFT,3033,3.772e-16,3.678e-16,1.259e-15
MKL,3033,4.731e-16,5.765e-16,1.637e-15
VectorFFT,3034,1.489e-15,3.020e-15,6.667e-15
MKL,3034,3.224e-16,4.142e-16,1.098e-15
VectorFFT,3035,3.837e-16,3.694e-16,1.483e-15
MKL,3035,4.951e-16,5.598e-16,1.489e-15
VectorFFT,3036,4.556e-16,5.296e-16,1.443e-15
MKL,3036,2.660e-16,3.397e-16,7.881e-16
VectorFFT,3037,8.150e-16,1.154e-15,2.669e-15
MKL,3037,4.695e-16,4.908e-16,1.678e-15
VectorFFT,3038,4.917e-16,4.745e-16,2.016e-15
MKL,3038,3.459e-16,3.730e-16,1.187e-15
VectorFFT,3039,3.920e-16,5.329e-16,1.216e-15
MKL,3039,4.899e-16,6.193e-16,1.701e-15
VectorFFT,3040,3.542e-16,3.475e-16,1.063e-15
MKL,3040,2.763e-16,2.793e-16,8.914e-16
VectorFFT,3041,6.055e-16,6.988e-16,1.927e-15
MKL,3041,5.098e-16,5.471e-16,1.724e-15
VectorFFT,3042,7.406e-16,1.138e-15,2.336e-15
MKL,3042,3.243e-16,3.835e-16,1.002e-15
VectorFFT,3043,3.766e-16,3.625e-16,1.487e-15
MKL,3043,4.804e-16,4.867e-16,1.489e-15
VectorFFT,3044,3.810e-16,2.890e-16,1.273e-15
MKL,3044,4.665e-16,3.686e-16,1.656e-15
VectorFFT,3045,5.021e-16,4.816e-16,1.854e-15
MKL,3045,4.449e-16,4.799e-16,1.288e-15
VectorFFT,3046,3.825e-16,3.687e-16,1.168e-15
MKL,3046,4.851e-16,5.240e-16,1.579e-15
VectorFFT,3047,3.869e-16,3.777e-16,1.207e-15
MKL,3047,4.867e-16,4.848e-16,1.604e-15
VectorFFT,3048,3.776e-16,4.304e-16,1.311e-15
MKL,3048,3.312e-16,4.590e-16,1.117e-15
VectorFFT,3049,3.791e-16,3.886e-16,1.303e-15
MKL,3049,4.803e-16,5.276e-16,1.592e-15
VectorFFT,3050,3.879e-16,3.927e-16,1.504e-15
MKL,3050,3.145e-16,3.939e-16,1.022e-15
VectorFFT,3051,3.787e-16,3.085e-16,1.360e-15
MKL,3051,4.904e-16,3.748e-16,1.524e-15
VectorFFT,3052,3.820e-16,4.234e-16,1.166e-15
MKL,3052,3.248e-16,3.749e-16,1.128e-15
VectorFFT,3053,3.775e-16,4.208e-16,1.233e-15
MKL,3053,4.469e-16,5.693e-16,1.409e-15
VectorFFT,3054,3.795e-16,4.082e-16,1.200e-15
MKL,3054,4.718e-16,5.004e-16,1.646e-15
VectorFFT,3055,4.784e-16,5.158e-16,1.662e-15
MKL,3055,3.498e-16,3.823e-16,1.036e-15
VectorFFT,3056,3.730e-16,4.667e-16,1.202e-15
MKL,3056,4.693e-16,5.605e-16,1.476e-15
VectorFFT,3057,3.787e-16,4.642e-16,1.351e-15
MKL,3057,4.979e-16,5.958e-16,1.532e-15
VectorFFT,3058,3.780e-16,4.296e-16,1.358e-15
MKL,3058,3.489e-16,5.710e-16,1.143e-15
VectorFFT,3059,5.247e-16,6.259e-16,1.711e-15
MKL,3059,3.184e-16,3.184e-16,1.011e-15
VectorFFT,3060,5.224e-16,5.477e-16,1.488e-15
MKL,3060,2.750e-16,2.743e-16,9.951e-16
VectorFFT,3061,8.897e-16,8.921e-16,2.823e-15
MKL,3061,4.995e-16,4.685e-16,1.585e-15
VectorFFT,3062,3.838e-16,3.904e-16,1.328e-15
MKL,3062,4.739e-16,4.534e-16,1.566e-15
VectorFFT,3063,3.829e-16,3.764e-16,1.220e-15
MKL,3063,4.740e-16,4.202e-16,1.608e-15
VectorFFT,3064,3.817e-16,4.066e-16,1.256e-15
MKL,3064,4.739e-16,6.192e-16,1.423e-15
VectorFFT,3065,3.877e-16,4.790e-16,1.367e-15
MKL,3065,4.974e-16,5.357e-16,1.972e-15
VectorFFT,3066,3.771e-16,4.434e-16,1.353e-15
MKL,3066,3.054e-16,5.148e-16,9.824e-16
VectorFFT,3067,3.853e-16,3.461e-16,1.245e-15
MKL,3067,4.725e-16,4.239e-16,1.558e-15
VectorFFT,3068,3.866e-16,4.228e-16,1.290e-15
MKL,3068,3.072e-16,3.917e-16,9.941e-16
VectorFFT,3069,4.850e-16,5.586e-16,1.521e-15
MKL,3069,5.489e-16,5.171e-16,1.885e-15
VectorFFT,3070,3.788e-16,4.328e-16,1.266e-15
MKL,3070,4.904e-16,6.270e-16,1.882e-15
VectorFFT,3071,3.697e-16,3.560e-16,1.341e-15
MKL,3071,4.316e-16,3.944e-16,1.376e-15
VectorFFT,3072,2.658e-16,2.916e-16,1.030e-15
MKL,3072,2.359e-16,2.727e-16,7.814e-16
VectorFFT,3073,3.823e-16,3.531e-16,1.253e-15
MKL,3073,5.066e-16,4.609e-16,1.794e-15
VectorFFT,3074,3.800e-16,4.413e-16,1.263e-15
MKL,3074,3.883e-16,3.801e-16,1.187e-15
VectorFFT,3075,4.100e-16,6.340e-16,1.227e-15
MKL,3075,3.787e-16,4.785e-16,1.035e-15
VectorFFT,3076,3.781e-16,3.634e-16,1.284e-15
MKL,3076,5.014e-16,6.540e-16,1.559e-15
VectorFFT,3077,3.781e-16,3.877e-16,1.190e-15
MKL,3077,5.129e-16,5.217e-16,1.975e-15
VectorFFT,3078,5.055e-16,5.331e-16,1.719e-15
MKL,3078,3.143e-16,3.613e-16,1.124e-15
VectorFFT,3079,3.870e-16,4.034e-16,1.267e-15
MKL,3079,5.046e-16,6.274e-16,1.612e-15
VectorFFT,3080,3.676e-16,4.844e-16,1.243e-15
MKL,3080,2.775e-16,3.506e-16,8.780e-16
VectorFFT,3081,3.866e-16,4.432e-16,1.248e-15
MKL,3081,3.407e-16,3.303e-16,1.061e-15
VectorFFT,3082,3.814e-16,4.019e-16,1.183e-15
MKL,3082,3.080e-16,3.669e-16,9.994e-16
VectorFFT,3083,3.804e-16,3.428e-16,1.429e-15
MKL,3083,4.931e-16,4.689e-16,1.543e-15
VectorFFT,3084,3.803e-16,4.785e-16,1.258e-15
MKL,3084,4.991e-16,5.635e-16,1.735e-15
VectorFFT,3085,3.888e-16,3.990e-16,1.297e-15
MKL,3085,4.963e-16,5.194e-16,1.629e-15
VectorFFT,3086,3.852e-16,4.511e-16,1.136e-15
MKL,3086,5.106e-16,6.276e-16,1.739e-15
VectorFFT,3087,3.868e-16,3.751e-16,1.454e-15
MKL,3087,3.266e-16,4.234e-16,9.235e-16
VectorFFT,3088,3.862e-16,4.130e-16,1.264e-15
MKL,3088,4.949e-16,5.331e-16,1.530e-15
VectorFFT,3089,3.864e-16,4.661e-16,1.323e-15
MKL,3089,5.578e-16,6.660e-16,2.074e-15
VectorFFT,3090,3.790e-16,3.872e-16,1.391e-15
MKL,3090,3.299e-16,4.489e-16,1.124e-15
VectorFFT,3091,3.845e-16,3.701e-16,1.346e-15
MKL,3091,5.346e-16,5.462e-16,1.926e-15
VectorFFT,3092,3.828e-16,3.586e-16,1.298e-15
MKL,3092,4.985e-16,4.883e-16,1.591e-15
VectorFFT,3093,3.918e-16,4.233e-16,1.261e-15
MKL,3093,5.080e-16,5.928e-16,1.610e-15
VectorFFT,3094,8.628e-16,1.525e-15,3.220e-15
MKL,3094,3.501e-16,3.671e-16,1.237e-15
VectorFFT,3095,3.864e-16,3.980e-16,1.317e-15
MKL,3095,5.247e-16,5.085e-16,1.821e-15
VectorFFT,3096,4.745e-16,5.225e-16,1.379e-15
MKL,3096,2.695e-16,3.884e-16,7.992e-16
VectorFFT,3097,3.870e-16,3.818e-16,1.301e-15
MKL,3097,5.191e-16,5.748e-16,1.722e-15
VectorFFT,3098,3.918e-16,4.110e-16,1.268e-15
MKL,3098,5.150e-16,4.767e-16,1.722e-15
VectorFFT,3099,3.877e-16,4.372e-16,1.247e-15
MKL,3099,5.259e-16,5.506e-16,1.813e-15
VectorFFT,3100,4.472e-16,4.016e-16,1.485e-15
MKL,3100,2.893e-16,3.242e-16,9.261e-16
VectorFFT,3101,3.813e-16,3.745e-16,1.477e-15
MKL,3101,4.991e-16,4.475e-16,1.592e-15
VectorFFT,3102,5.526e-16,7.409e-16,1.926e-15
MKL,3102,2.876e-16,3.200e-16,1.053e-15
VectorFFT,3103,3.816e-16,3.394e-16,1.495e-15
MKL,3103,5.060e-16,5.450e-16,1.746e-15
VectorFFT,3104,3.871e-16,3.729e-16,1.243e-15
MKL,3104,3.102e-16,3.383e-16,1.009e-15
VectorFFT,3105,4.962e-16,4.652e-16,1.406e-15
MKL,3105,4.116e-16,4.693e-16,1.501e-15
VectorFFT,3106,3.865e-16,4.240e-16,1.177e-15
MKL,3106,5.097e-16,6.491e-16,1.592e-15
VectorFFT,3107,3.918e-16,4.277e-16,1.322e-15
MKL,3107,5.063e-16,5.721e-16,1.359e-15
VectorFFT,3108,4.250e-16,4.196e-16,1.324e-15
MKL,3108,2.787e-16,2.705e-16,9.959e-16
VectorFFT,3109,3.861e-16,3.797e-16,1.527e-15
MKL,3109,4.958e-16,4.544e-16,1.576e-15
VectorFFT,3110,3.866e-16,4.222e-16,1.138e-15
MKL,3110,4.939e-16,5.010e-16,1.535e-15
VectorFFT,3111,3.800e-16,3.900e-16,1.173e-15
MKL,3111,5.467e-16,6.198e-16,2.021e-15
VectorFFT,3112,3.819e-16,3.747e-16,1.360e-15
MKL,3112,5.042e-16,4.826e-16,1.604e-15
VectorFFT,3113,3.935e-16,3.753e-16,1.255e-15
MKL,3113,4.973e-16,5.060e-16,1.682e-15
VectorFFT,3114,3.814e-16,3.706e-16,1.341e-15
MKL,3114,4.981e-16,4.218e-16,1.734e-15
VectorFFT,3115,3.882e-16,3.935e-16,1.264e-15
MKL,3115,4.760e-16,4.938e-16,1.642e-15
VectorFFT,3116,3.997e-16,3.505e-16,1.412e-15
MKL,3116,2.871e-16,3.005e-16,1.203e-15
VectorFFT,3117,3.844e-16,3.944e-16,1.298e-15
MKL,3117,5.014e-16,4.749e-16,1.754e-15
VectorFFT,3118,3.822e-16,3.016e-16,1.416e-15
MKL,3118,5.060e-16,4.042e-16,1.536e-15
VectorFFT,3119,3.898e-16,3.760e-16,1.308e-15
MKL,3119,5.154e-16,5.146e-16,1.664e-15
VectorFFT,3120,4.347e-16,5.428e-16,1.271e-15
MKL,3120,2.716e-16,3.244e-16,9.553e-16
VectorFFT,3121,7.436e-16,7.551e-16,2.290e-15
MKL,3121,4.970e-16,4.699e-16,1.587e-15
VectorFFT,3122,3.864e-16,3.578e-16,1.252e-15
MKL,3122,5.062e-16,4.767e-16,1.782e-15
VectorFFT,3123,3.864e-16,3.581e-16,1.242e-15
MKL,3123,5.016e-16,4.933e-16,1.665e-15
VectorFFT,3124,3.871e-16,4.203e-16,1.218e-15
MKL,3124,2.887e-16,3.996e-16,9.655e-16
VectorFFT,3125,3.906e-16,4.741e-16,1.389e-15
MKL,3125,6.005e-16,7.856e-16,1.437e-15
VectorFFT,3126,3.869e-16,3.671e-16,1.548e-15
MKL,3126,4.993e-16,4.836e-16,1.559e-15
VectorFFT,3127,3.923e-16,3.921e-16,1.361e-15
MKL,3127,4.993e-16,5.548e-16,1.755e-15
VectorFFT,3128,4.964e-16,6.177e-16,1.712e-15
MKL,3128,2.568e-16,2.948e-16,1.044e-15
VectorFFT,3129,3.918e-16,4.268e-16,1.283e-15
MKL,3129,5.037e-16,5.477e-16,1.544e-15
VectorFFT,3130,3.870e-16,3.690e-16,1.346e-15
MKL,3130,5.025e-16,5.177e-16,1.462e-15
VectorFFT,3131,3.813e-16,4.172e-16,1.439e-15
MKL,3131,5.047e-16,5.931e-16,1.622e-15
VectorFFT,3132,4.846e-16,5.031e-16,1.587e-15
MKL,3132,2.743e-16,4.241e-16,8.572e-16
VectorFFT,3133,3.846e-16,3.188e-16,1.206e-15
MKL,3133,5.040e-16,3.984e-16,1.452e-15
VectorFFT,3134,3.812e-16,4.332e-16,1.218e-15
MKL,3134,5.023e-16,4.874e-16,1.646e-15
VectorFFT,3135,4.366e-16,5.462e-16,1.379e-15
MKL,3135,4.215e-16,4.895e-16,1.235e-15
VectorFFT,3136,2.335e-16,3.437e-16,7.235e-16
MKL,3136,2.613e-16,2.958e-16,8.070e-16
VectorFFT,3137,4.025e-16,7.952e-16,1.659e-15
MKL,3137,5.132e-16,5.595e-16,1.512e-15
VectorFFT,3138,3.978e-16,3.786e-16,1.277e-15
MKL,3138,5.015e-16,4.803e-16,1.525e-15
VectorFFT,3139,3.781e-16,3.158e-16,1.215e-15
MKL,3139,5.602e-16,4.698e-16,2.474e-15
VectorFFT,3140,3.852e-16,3.888e-16,1.306e-15
MKL,3140,5.103e-16,5.823e-16,1.709e-15
VectorFFT,3141,3.849e-16,4.360e-16,1.241e-15
MKL,3141,5.050e-16,5.543e-16,1.527e-15
VectorFFT,3142,3.893e-16,4.946e-16,1.397e-15
MKL,3142,5.040e-16,5.784e-16,1.850e-15
VectorFFT,3143,3.825e-16,4.281e-16,1.322e-15
MKL,3143,5.095e-16,5.672e-16,1.686e-15
VectorFFT,3144,3.973e-16,4.197e-16,1.332e-15
MKL,3144,3.448e-16,4.864e-16,1.380e-15
VectorFFT,3145,4.973e-16,4.564e-16,1.461e-15
MKL,3145,4.111e-16,3.482e-16,1.271e-15
VectorFFT,3146,6.811e-16,9.410e-16,2.371e-15
MKL,3146,2.929e-16,3.531e-16,9.355e-16
VectorFFT,3147,3.859e-16,4.056e-16,1.353e-15
MKL,3147,5.396e-16,5.895e-16,1.886e-15
VectorFFT,3148,3.867e-16,3.903e-16,1.260e-15
MKL,3148,5.035e-16,5.682e-16,1.567e-15
VectorFFT,3149,3.891e-16,4.705e-16,1.305e-15
MKL,3149,4.592e-16,4.793e-16,1.706e-15
VectorFFT,3150,4.102e-16,4.959e-16,1.273e-15
MKL,3150,3.527e-16,3.872e-16,1.066e-15
VectorFFT,3151,3.769e-16,3.362e-16,1.384e-15
MKL,3151,5.210e-16,4.922e-16,1.700e-15
VectorFFT,3152,3.854e-16,3.907e-16,1.534e-15
MKL,3152,5.183e-16,5.503e-16,1.636e-15
VectorFFT,3153,3.858e-16,4.307e-16,1.364e-15
MKL,3153,5.053e-16,4.987e-16,1.642e-15
VectorFFT,3154,3.904e-16,3.649e-16,1.186e-15
MKL,3154,3.210e-16,3.592e-16,1.222e-15
VectorFFT,3155,3.905e-16,4.052e-16,1.294e-15
MKL,3155,5.220e-16,6.122e-16,1.611e-15
VectorFFT,3156,3.837e-16,3.970e-16,1.359e-15
MKL,3156,5.008e-16,5.326e-16,1.772e-15
VectorFFT,3157,3.824e-16,3.869e-16,1.148e-15
MKL,3157,3.302e-16,3.699e-16,1.110e-15
VectorFFT,3158,3.940e-16,4.604e-16,1.249e-15
MKL,3158,4.947e-16,5.035e-16,1.845e-15
VectorFFT,3159,5.544e-16,6.387e-16,1.834e-15
MKL,3159,5.251e-16,7.503e-16,1.655e-15
VectorFFT,3160,3.876e-16,3.914e-16,1.796e-15
MKL,3160,2.987e-16,3.079e-16,1.104e-15
VectorFFT,3161,3.859e-16,4.057e-16,1.389e-15
MKL,3161,5.321e-16,6.105e-16,2.028e-15
VectorFFT,3162,7.953e-16,9.303e-16,2.791e-15
MKL,3162,3.633e-16,3.392e-16,1.147e-15
VectorFFT,3163,3.872e-16,3.700e-16,1.404e-15
MKL,3163,5.118e-16,5.919e-16,1.508e-15
VectorFFT,3164,3.858e-16,4.093e-16,1.369e-15
MKL,3164,3.301e-16,4.349e-16,1.220e-15
VectorFFT,3165,3.793e-16,3.546e-16,1.373e-15
MKL,3165,5.030e-16,5.408e-16,1.610e-15
VectorFFT,3166,3.911e-16,3.613e-16,1.177e-15
MKL,3166,5.140e-16,4.917e-16,1.615e-15
VectorFFT,3167,3.834e-16,4.197e-16,1.413e-15
MKL,3167,5.133e-16,4.601e-16,1.654e-15
VectorFFT,3168,3.744e-16,3.578e-16,1.112e-15
MKL,3168,2.488e-16,2.390e-16,8.393e-16
VectorFFT,3169,6.739e-16,1.059e-15,2.271e-15
MKL,3169,5.218e-16,5.368e-16,1.864e-15
VectorFFT,3170,3.878e-16,4.103e-16,1.433e-15
MKL,3170,5.033e-16,5.635e-16,1.713e-15
VectorFFT,3171,3.881e-16,3.697e-16,1.454e-15
MKL,3171,5.069e-16,4.683e-16,1.571e-15
VectorFFT,3172,3.874e-16,4.443e-16,1.290e-15
MKL,3172,2.938e-16,3.160e-16,1.070e-15
VectorFFT,3173,3.867e-16,3.464e-16,1.410e-15
MKL,3173,5.061e-16,4.910e-16,1.719e-15
VectorFFT,3174,5.032e-16,5.807e-16,1.676e-15
MKL,3174,3.051e-16,3.898e-16,1.084e-15
VectorFFT,3175,3.864e-16,3.807e-16,1.317e-15
MKL,3175,5.166e-16,5.662e-16,1.661e-15
VectorFFT,3176,3.793e-16,4.066e-16,1.128e-15
MKL,3176,5.119e-16,5.494e-16,1.833e-15
VectorFFT,3177,3.856e-16,3.535e-16,1.385e-15
MKL,3177,5.093e-16,5.461e-16,1.681e-15
VectorFFT,3178,3.869e-16,3.962e-16,1.269e-15
MKL,3178,5.071e-16,4.937e-16,1.949e-15
VectorFFT,3179,7.218e-16,1.063e-15,2.793e-15
MKL,3179,2.978e-16,4.312e-16,9.269e-16
VectorFFT,3180,3.841e-16,4.459e-16,1.173e-15
MKL,3180,3.173e-16,4.393e-16,1.004e-15
VectorFFT,3181,3.901e-16,4.504e-16,1.328e-15
MKL,3181,5.358e-16,5.791e-16,1.975e-15
VectorFFT,3182,1.406e-15,2.896e-15,6.252e-15
MKL,3182,3.125e-16,3.432e-16,1.027e-15
VectorFFT,3183,3.878e-16,4.160e-16,1.138e-15
MKL,3183,5.308e-16,5.487e-16,1.829e-15
VectorFFT,3184,3.818e-16,3.910e-16,1.262e-15
MKL,3184,4.976e-16,5.131e-16,1.558e-15
VectorFFT,3185,4.912e-16,5.843e-16,2.048e-15
MKL,3185,3.668e-16,4.119e-16,1.152e-15
VectorFFT,3186,3.945e-16,4.666e-16,1.332e-15
MKL,3186,3.283e-16,4.039e-16,1.035e-15
VectorFFT,3187,3.862e-16,3.816e-16,1.230e-15
MKL,3187,5.118e-16,4.513e-16,1.512e-15
VectorFFT,3188,3.913e-16,4.050e-16,1.210e-15
MKL,3188,5.065e-16,5.223e-16,1.424e-15
VectorFFT,3189,3.883e-16,4.452e-16,1.213e-15
MKL,3189,5.252e-16,5.755e-16,1.856e-15
VectorFFT,3190,4.128e-16,4.972e-16,1.169e-15
MKL,3190,3.929e-16,5.146e-16,1.417e-15
VectorFFT,3191,3.823e-16,4.310e-16,1.294e-15
MKL,3191,5.227e-16,5.677e-16,1.640e-15
VectorFFT,3192,3.777e-16,4.267e-16,1.325e-15
MKL,3192,2.633e-16,3.160e-16,9.240e-16
VectorFFT,3193,3.850e-16,3.146e-16,1.215e-15
MKL,3193,5.228e-16,4.666e-16,1.721e-15
VectorFFT,3194,3.868e-16,4.418e-16,1.208e-15
MKL,3194,5.016e-16,5.558e-16,1.524e-15
VectorFFT,3195,3.867e-16,3.435e-16,1.174e-15
MKL,3195,4.188e-16,3.706e-16,1.553e-15
VectorFFT,3196,6.298e-16,6.699e-16,2.121e-15
MKL,3196,2.782e-16,3.085e-16,9.381e-16
VectorFFT,3197,3.919e-16,4.459e-16,1.329e-15
MKL,3197,4.998e-16,5.291e-16,1.622e-15
VectorFFT,3198,4.751e-16,5.464e-16,1.606e-15
MKL,3198,2.813e-16,3.162e-16,9.656e-16
VectorFFT,3199,3.791e-16,4.425e-16,1.293e-15
MKL,3199,5.092e-16,5.240e-16,1.685e-15
VectorFFT,3200,2.271e-16,2.337e-16,7.511e-16
MKL,3200,2.715e-16,2.611e-16,7.911e-16
VectorFFT,3201,3.835e-16,3.402e-16,1.277e-15
MKL,3201,4.750e-16,4.584e-16,1.751e-15
VectorFFT,3202,3.885e-16,4.717e-16,1.248e-15
MKL,3202,4.805e-16,5.637e-16,1.854e-15
VectorFFT,3203,3.877e-16,3.210e-16,1.256e-15
MKL,3203,4.950e-16,4.788e-16,1.614e-15
VectorFFT,3204,3.865e-16,4.227e-16,1.228e-15
MKL,3204,3.194e-16,4.208e-16,1.071e-15
VectorFFT,3205,3.837e-16,4.209e-16,1.290e-15
MKL,3205,5.245e-16,5.965e-16,1.966e-15
VectorFFT,3206,3.864e-16,4.010e-16,1.230e-15
MKL,3206,4.835e-16,6.027e-16,1.704e-15
VectorFFT,3207,3.815e-16,3.974e-16,1.463e-15
MKL,3207,4.785e-16,5.448e-16,1.803e-15
VectorFFT,3208,3.857e-16,4.539e-16,1.210e-15
MKL,3208,4.941e-16,6.789e-16,1.607e-15
VectorFFT,3209,3.837e-16,3.718e-16,1.392e-15
MKL,3209,4.828e-16,5.910e-16,1.633e-15
VectorFFT,3210,3.839e-16,3.435e-16,1.128e-15
MKL,3210,3.337e-16,4.065e-16,1.129e-15
VectorFFT,3211,7.315e-16,1.190e-15,2.660e-15
MKL,3211,4.216e-16,4.509e-16,1.248e-15
VectorFFT,3212,3.884e-16,3.501e-16,1.334e-15
MKL,3212,2.922e-16,3.480e-16,1.131e-15
VectorFFT,3213,5.171e-16,4.502e-16,1.617e-15
MKL,3213,6.069e-16,6.958e-16,1.870e-15
VectorFFT,3214,3.903e-16,4.435e-16,1.201e-15
MKL,3214,4.773e-16,5.381e-16,1.687e-15
VectorFFT,3215,3.903e-16,4.524e-16,1.325e-15
MKL,3215,4.852e-16,4.822e-16,1.643e-15
VectorFFT,3216,3.986e-16,3.779e-16,1.363e-15
MKL,3216,2.856e-16,3.716e-16,9.910e-16
VectorFFT,3217,3.906e-16,3.849e-16,1.276e-15
MKL,3217,4.726e-16,6.345e-16,1.562e-15
VectorFFT,3218,3.950e-16,4.132e-16,1.245e-15
MKL,3218,4.718e-16,4.919e-16,1.650e-15
VectorFFT,3219,1.553e-15,2.458e-15,7.555e-15
MKL,3219,3.300e-16,3.502e-16,1.078e-15
VectorFFT,3220,4.472e-16,4.392e-16,1.389e-15
MKL,3220,2.722e-16,2.867e-16,9.808e-16
VectorFFT,3221,3.845e-16,3.927e-16,1.301e-15
MKL,3221,4.864e-16,5.510e-16,1.649e-15
VectorFFT,3222,3.853e-16,5.024e-16,1.299e-15
MKL,3222,4.806e-16,4.870e-16,1.761e-15
VectorFFT,3223,3.901e-16,4.575e-16,1.363e-15
MKL,3223,4.902e-16,5.635e-16,1.710e-15
VectorFFT,3224,4.789e-16,5.592e-16,1.445e-15
MKL,3224,2.687e-16,2.850e-16,7.907e-16
VectorFFT,3225,4.455e-16,5.239e-16,1.507e-15
MKL,3225,3.447e-16,3.912e-16,1.093e-15
VectorFFT,3226,3.934e-16,3.917e-16,1.432e-15
MKL,3226,4.905e-16,5.676e-16,2.052e-15
VectorFFT,3227,3.877e-16,4.214e-16,1.398e-15
MKL,3227,4.909e-16,5.006e-16,1.721e-15
VectorFFT,3228,3.823e-16,4.324e-16,1.188e-15
MKL,3228,4.751e-16,5.169e-16,1.730e-15
VectorFFT,3229,3.917e-16,3.953e-16,1.208e-15
MKL,3229,4.853e-16,5.566e-16,1.609e-15
VectorFFT,3230,4.794e-16,4.778e-16,1.362e-15
MKL,3230,2.926e-16,4.201e-16,8.450e-16
VectorFFT,3231,3.823e-16,3.620e-16,1.540e-15
MKL,3231,4.940e-16,4.700e-16,1.581e-15
VectorFFT,3232,3.896e-16,3.997e-16,1.453e-15
MKL,3232,3.095e-16,3.942e-16,1.090e-15
VectorFFT,3233,3.857e-16,3.641e-16,1.282e-15
MKL,3233,4.328e-16,4.723e-16,1.690e-15
VectorFFT,3234,4.575e-16,5.505e-16,1.498e-15
MKL,3234,2.800e-16,2.604e-16,9.947e-16
VectorFFT,3235,3.906e-16,3.993e-16,1.356e-15
MKL,3235,4.953e-16,5.261e-16,1.573e-15
VectorFFT,3236,3.879e-16,3.641e-16,1.313e-15
MKL,3236,4.750e-16,5.043e-16,1.910e-15
VectorFFT,3237,3.901e-16,3.720e-16,1.252e-15
MKL,3237,4.065e-16,3.820e-16,1.296e-15
VectorFFT,3238,3.887e-16,4.369e-16,1.379e-15
MKL,3238,4.784e-16,5.864e-16,1.622e-15
VectorFFT,3239,3.899e-16,3.848e-16,1.166e-15
MKL,3239,3.480e-16,3.528e-16,1.044e-15
VectorFFT,3240,4.831e-16,5.860e-16,1.570e-15
MKL,3240,2.769e-16,3.438e-16,1.062e-15
VectorFFT,3241,3.898e-16,3.733e-16,1.260e-15
MKL,3241,4.828e-16,5.425e-16,1.984e-15
VectorFFT,3242,3.867e-16,4.178e-16,1.172e-15
MKL,3242,4.891e-16,5.378e-16,1.684e-15
VectorFFT,3243,4.951e-16,7.782e-16,1.714e-15
MKL,3243,3.410e-16,4.285e-16,1.234e-15
VectorFFT,3244,3.902e-16,4.673e-16,1.513e-15
MKL,3244,4.782e-16,5.837e-16,1.635e-15
VectorFFT,3245,3.869e-16,4.096e-16,1.278e-15
MKL,3245,3.687e-16,3.729e-16,1.153e-15
VectorFFT,3246,3.873e-16,3.779e-16,1.252e-15
MKL,3246,4.781e-16,5.153e-16,1.543e-15
VectorFFT,3247,3.833e-16,3.860e-16,1.114e-15
MKL,3247,4.942e-16,6.474e-16,1.626e-15
VectorFFT,3248,3.669e-16,3.395e-16,9.864e-16
MKL,3248,2.644e-16,2.598e-16,8.094e-16
VectorFFT,3249,7.591e-16,1.267e-15,2.778e-15
MKL,3249,3.534e-16,4.106e-16,1.337e-15
VectorFFT,3250,4.521e-16,4.760e-16,1.575e-15
MKL,3250,3.186e-16,3.391e-16,9.299e-16
VectorFFT,3251,3.880e-16,3.819e-16,1.285e-15
MKL,3251,4.880e-16,4.698e-16,1.709e-15
VectorFFT,3252,3.867e-16,3.511e-16,1.271e-15
MKL,3252,4.755e-16,4.223e-16,1.682e-15
VectorFFT,3253,3.969e-16,4.438e-16,1.563e-15
MKL,3253,4.832e-16,5.451e-16,1.717e-15
VectorFFT,3254,3.868e-16,4.942e-16,1.227e-15
MKL,3254,4.733e-16,4.943e-16,1.795e-15
VectorFFT,3255,4.735e-16,4.693e-16,1.695e-15
MKL,3255,3.353e-16,3.243e-16,1.105e-15
VectorFFT,3256,4.914e-16,5.872e-16,1.566e-15
MKL,3256,2.633e-16,2.888e-16,9.040e-16
VectorFFT,3257,3.881e-16,3.877e-16,1.333e-15
MKL,3257,4.904e-16,5.410e-16,1.736e-15
VectorFFT,3258,3.929e-16,3.655e-16,1.240e-15
MKL,3258,4.802e-16,4.637e-16,1.790e-15
VectorFFT,3259,3.832e-16,4.345e-16,1.398e-15
MKL,3259,4.895e-16,6.064e-16,1.708e-15
VectorFFT,3260,3.822e-16,3.886e-16,1.281e-15
MKL,3260,4.841e-16,4.804e-16,1.835e-15
VectorFFT,3261,3.846e-16,4.080e-16,1.318e-15
MKL,3261,4.800e-16,4.992e-16,1.682e-15
VectorFFT,3262,3.794e-16,4.270e-16,1.280e-15
MKL,3262,4.845e-16,5.677e-16,1.659e-15
VectorFFT,3263,3.820e-16,3.658e-16,1.265e-15
MKL,3263,4.815e-16,5.440e-16,1.578e-15
VectorFFT,3264,4.577e-16,5.263e-16,1.228e-15
MKL,3264,2.580e-16,2.723e-16,8.193e-16
VectorFFT,3265,3.885e-16,4.012e-16,1.387e-15
MKL,3265,5.063e-16,5.524e-16,1.626e-15
VectorFFT,3266,4.012e-16,4.308e-16,1.392e-15
MKL,3266,3.248e-16,4.479e-16,1.073e-15
VectorFFT,3267,4.595e-16,4.889e-16,1.670e-15
MKL,3267,3.630e-16,4.181e-16,1.147e-15
VectorFFT,3268,8.310e-16,1.346e-15,3.356e-15
MKL,3268,2.926e-16,3.987e-16,9.911e-16
VectorFFT,3269,3.930e-16,3.886e-16,1.509e-15
MKL,3269,4.839e-16,6.021e-16,1.544e-15
VectorFFT,3270,4.017e-16,4.707e-16,1.342e-15
MKL,3270,3.495e-16,4.537e-16,1.189e-15
VectorFFT,3271,3.958e-16,4.036e-16,1.643e-15
MKL,3271,4.788e-16,5.035e-16,1.796e-15
VectorFFT,3272,3.884e-16,4.434e-16,1.291e-15
MKL,3272,4.773e-16,5.481e-16,1.622e-15
VectorFFT,3273,3.876e-16,3.963e-16,1.207e-15
MKL,3273,4.950e-16,5.877e-16,2.128e-15
VectorFFT,3274,3.886e-16,4.153e-16,1.296e-15
MKL,3274,4.842e-16,5.241e-16,1.795e-15
VectorFFT,3275,3.903e-16,3.545e-16,1.361e-15
MKL,3275,4.961e-16,5.966e-16,1.718e-15
VectorFFT,3276,4.888e-16,6.847e-16,1.848e-15
MKL,3276,2.671e-16,2.671e-16,9.182e-16
VectorFFT,3277,3.931e-16,3.694e-16,1.262e-15
MKL,3277,4.968e-16,5.362e-16,1.737e-15
VectorFFT,3278,3.924e-16,3.380e-16,1.217e-15
MKL,3278,3.563e-16,4.267e-16,1.338e-15
VectorFFT,3279,3.879e-16,3.902e-16,1.376e-15
MKL,3279,4.954e-16,6.515e-16,1.999e-15
VectorFFT,3280,3.847e-16,4.470e-16,1.219e-15
MKL,3280,2.786e-16,2.941e-16,8.001e-16
VectorFFT,3281,3.921e-16,4.110e-16,1.442e-15
MKL,3281,4.948e-16,5.335e-16,1.879e-15
VectorFFT,3282,3.909e-16,3.970e-16,1.371e-15
MKL,3282,4.889e-16,6.085e-16,1.686e-15
VectorFFT,3283,4.050e-16,4.272e-16,1.185e-15
MKL,3283,3.398e-16,3.480e-16,1.179e-15
VectorFFT,3284,3.981e-16,4.499e-16,1.299e-15
MKL,3284,4.845e-16,4.181e-16,1.504e-15
VectorFFT,3285,3.957e-16,5.354e-16,1.371e-15
MKL,3285,3.837e-16,4.582e-16,1.103e-15
VectorFFT,3286,3.813e-16,3.444e-16,1.349e-15
MKL,3286,3.003e-16,3.240e-16,1.006e-15
VectorFFT,3287,3.929e-16,5.075e-16,1.213e-15
MKL,3287,4.808e-16,5.954e-16,1.787e-15
VectorFFT,3288,3.938e-16,4.046e-16,1.357e-15
MKL,3288,3.460e-16,5.576e-16,1.170e-15
VectorFFT,3289,5.075e-16,5.241e-16,1.498e-15
MKL,3289,3.947e-16,4.588e-16,1.283e-15
VectorFFT,3290,4.524e-16,6.424e-16,1.330e-15
MKL,3290,2.997e-16,3.372e-16,1.063e-15
VectorFFT,3291,3.951e-16,4.260e-16,1.311e-15
MKL,3291,4.878e-16,6.909e-16,1.674e-15
VectorFFT,3292,3.927e-16,4.456e-16,1.384e-15
MKL,3292,4.794e-16,5.225e-16,1.844e-15
VectorFFT,3293,3.893e-16,2.987e-16,1.229e-15
MKL,3293,3.479e-16,2.697e-16,1.121e-15
VectorFFT,3294,3.875e-16,3.747e-16,1.274e-15
MKL,3294,3.306e-16,3.558e-16,1.048e-15
VectorFFT,3295,3.942e-16,5.325e-16,1.379e-15
MKL,3295,4.903e-16,5.937e-16,1.691e-15
VectorFFT,3296,3.935e-16,4.222e-16,1.246e-15
MKL,3296,3.085e-16,4.100e-16,9.737e-16
VectorFFT,3297,3.887e-16,4.313e-16,1.362e-15
MKL,3297,4.994e-16,5.615e-16,1.863e-15
VectorFFT,3298,3.910e-16,4.247e-16,1.340e-15
MKL,3298,3.411e-16,4.491e-16,1.203e-15
VectorFFT,3299,3.924e-16,4.754e-16,1.229e-15
MKL,3299,5.051e-16,5.598e-16,1.596e-15
VectorFFT,3300,4.130e-16,4.628e-16,1.492e-15
MKL,3300,2.844e-16,3.123e-16,9.035e-16
VectorFFT,3301,3.967e-16,4.149e-16,1.363e-15
MKL,3301,4.781e-16,5.042e-16,1.729e-15
VectorFFT,3302,3.948e-16,3.573e-16,1.325e-15
MKL,3302,3.753e-16,3.853e-16,1.114e-15
VectorFFT,3303,3.933e-16,3.831e-16,1.329e-15
MKL,3303,4.950e-16,5.457e-16,1.801e-15
VectorFFT,3304,3.956e-16,3.839e-16,1.298e-15
MKL,3304,2.935e-16,3.351e-16,8.708e-16
VectorFFT,3305,3.918e-16,4.193e-16,1.446e-15
MKL,3305,4.812e-16,5.038e-16,1.783e-15
VectorFFT,3306,4.596e-16,5.647e-16,1.387e-15
MKL,3306,2.880e-16,3.367e-16,8.304e-16
VectorFFT,3307,3.951e-16,4.042e-16,1.188e-15
MKL,3307,4.935e-16,4.857e-16,1.897e-15
VectorFFT,3308,3.867e-16,3.794e-16,1.280e-15
MKL,3308,4.919e-16,5.683e-16,1.914e-15
VectorFFT,3309,3.973e-16,3.770e-16,1.297e-15
MKL,3309,4.858e-16,5.198e-16,1.789e-15
VectorFFT,3310,3.871e-16,4.285e-16,1.375e-15
MKL,3310,4.855e-16,4.805e-16,1.592e-15
VectorFFT,3311,4.245e-16,3.654e-16,1.655e-15
MKL,3311,3.460e-16,3.168e-16,1.232e-15
VectorFFT,3312,4.512e-16,5.260e-16,1.197e-15
MKL,3312,2.658e-16,3.874e-16,9.759e-16
VectorFFT,3313,7.708e-16,7.391e-16,2.585e-15
MKL,3313,5.059e-16,5.914e-16,2.024e-15
VectorFFT,3314,3.928e-16,3.692e-16,1.337e-15
MKL,3314,4.797e-16,5.118e-16,1.861e-15
VectorFFT,3315,7.945e-16,9.663e-16,3.712e-15
MKL,3315,4.018e-16,3.776e-16,1.111e-15
VectorFFT,3316,3.913e-16,3.471e-16,1.424e-15
MKL,3316,4.782e-16,4.742e-16,1.747e-15
VectorFFT,3317,3.892e-16,4.355e-16,1.264e-15
MKL,3317,4.860e-16,5.815e-16,1.491e-15
VectorFFT,3318,3.978e-16,3.627e-16,1.237e-15
MKL,3318,3.119e-16,4.474e-16,1.080e-15
VectorFFT,3319,3.999e-16,5.208e-16,1.248e-15
MKL,3319,4.886e-16,5.658e-16,1.718e-15
VectorFFT,3320,3.989e-16,4.157e-16,1.407e-15
MKL,3320,3.096e-16,3.769e-16,1.079e-15
VectorFFT,3321,4.770e-16,5.665e-16,1.731e-15
MKL,3321,4.254e-16,5.452e-16,1.250e-15
VectorFFT,3322,3.962e-16,3.716e-16,1.417e-15
MKL,3322,4.977e-16,5.134e-16,1.667e-15
VectorFFT,3323,3.929e-16,3.919e-16,1.356e-15
MKL,3323,4.895e-16,5.256e-16,1.781e-15
VectorFFT,3324,3.880e-16,4.027e-16,1.334e-15
MKL,3324,4.837e-16,5.597e-16,1.634e-15
VectorFFT,3325,3.960e-16,4.193e-16,1.565e-15
MKL,3325,4.205e-16,4.855e-16,1.382e-15
VectorFFT,3326,3.978e-16,3.383e-16,1.396e-15
MKL,3326,4.809e-16,5.038e-16,1.489e-15
VectorFFT,3327,3.897e-16,4.202e-16,1.423e-15
MKL,3327,4.889e-16,4.858e-16,1.717e-15
VectorFFT,3328,3.744e-16,5.133e-16,1.190e-15
MKL,3328,2.469e-16,2.604e-16,8.445e-16
VectorFFT,3329,6.776e-16,8.014e-16,2.246e-15
MKL,3329,4.925e-16,5.248e-16,1.656e-15
VectorFFT,3330,4.449e-16,4.747e-16,1.321e-15
MKL,3330,3.117e-16,3.389e-16,1.120e-15
VectorFFT,3331,3.930e-16,3.634e-16,1.192e-15
MKL,3331,4.952e-16,5.824e-16,1.540e-15
VectorFFT,3332,5.209e-16,5.690e-16,1.878e-15
MKL,3332,2.821e-16,2.870e-16,8.145e-16
VectorFFT,3333,3.929e-16,3.740e-16,1.345e-15
MKL,3333,4.907e-16,5.029e-16,1.865e-15
VectorFFT,3334,3.927e-16,3.696e-16,1.545e-15
MKL,3334,4.815e-16,4.367e-16,1.692e-15
VectorFFT,3335,4.681e-16,4.902e-16,1.577e-15
MKL,3335,4.130e-16,4.204e-16,1.219e-15
VectorFFT,3336,3.861e-16,4.309e-16,1.296e-15
MKL,3336,3.448e-16,4.290e-16,1.044e-15
VectorFFT,3337,3.945e-16,3.769e-16,1.260e-15
MKL,3337,3.390e-16,3.380e-16,1.073e-15
VectorFFT,3338,3.981e-16,3.982e-16,1.686e-15
MKL,3338,4.782e-16,5.294e-16,1.546e-15
VectorFFT,3339,3.982e-16,4.003e-16,1.433e-15
MKL,3339,4.053e-16,3.881e-16,1.506e-15
VectorFFT,3340,3.935e-16,3.699e-16,1.256e-15
MKL,3340,4.771e-16,5.064e-16,1.524e-15
VectorFFT,3341,3.886e-16,3.688e-16,1.504e-15
MKL,3341,4.949e-16,5.750e-16,1.548e-15
VectorFFT,3342,3.981e-16,4.490e-16,1.252e-15
MKL,3342,4.801e-16,5.629e-16,1.571e-15
VectorFFT,3343,3.961e-16,4.875e-16,1.214e-15
MKL,3343,4.907e-16,5.867e-16,1.595e-15
VectorFFT,3344,3.682e-16,4.146e-16,1.095e-15
MKL,3344,2.602e-16,2.865e-16,7.704e-16
VectorFFT,3345,3.927e-16,3.685e-16,1.265e-15
MKL,3345,4.846e-16,5.313e-16,1.453e-15
VectorFFT,3346,4.024e-16,4.613e-16,1.445e-15
MKL,3346,4.847e-16,4.946e-16,2.063e-15
VectorFFT,3347,3.938e-16,3.312e-16,1.250e-15
MKL,3347,4.889e-16,4.891e-16,1.647e-15
VectorFFT,3348,5.043e-16,5.711e-16,1.677e-15
MKL,3348,2.753e-16,2.895e-16,9.038e-16
VectorFFT,3349,3.960e-16,5.230e-16,1.402e-15
MKL,3349,4.891e-16,5.775e-16,1.807e-15
VectorFFT,3350,3.945e-16,3.787e-16,1.380e-15
MKL,3350,3.117e-16,4.247e-16,1.265e-15
VectorFFT,3351,3.906e-16,3.376e-16,1.912e-15
MKL,3351,4.871e-16,4.822e-16,1.637e-15
VectorFFT,3352,3.979e-16,3.843e-16,1.421e-15
MKL,3352,4.855e-16,4.480e-16,1.640e-15
VectorFFT,3353,3.975e-16,3.930e-16,1.259e-15
MKL,3353,5.038e-16,5.412e-16,1.672e-15
VectorFFT,3354,5.033e-16,6.261e-16,1.587e-15
MKL,3354,2.952e-16,4.005e-16,9.234e-16
VectorFFT,3355,3.960e-16,3.661e-16,1.309e-15
MKL,3355,3.395e-16,3.657e-16,1.248e-15
VectorFFT,3356,3.914e-16,4.245e-16,1.349e-15
MKL,3356,4.901e-16,4.806e-16,1.866e-15
VectorFFT,3357,3.981e-16,3.835e-16,1.247e-15
MKL,3357,4.823e-16,4.376e-16,1.630e-15
VectorFFT,3358,3.946e-16,4.159e-16,1.461e-15
MKL,3358,3.034e-16,3.009e-16,9.776e-16
VectorFFT,3359,3.982e-16,4.036e-16,1.371e-15
MKL,3359,4.872e-16,5.333e-16,1.723e-15
VectorFFT,3360,3.488e-16,3.496e-16,1.120e-15
MKL,3360,2.644e-16,2.833e-16,7.544e-16
VectorFFT,3361,5.202e-16,1.165e-15,2.169e-15
MKL,3361,5.089e-16,5.347e-16,1.861e-15
VectorFFT,3362,4.069e-16,3.939e-16,1.341e-15
MKL,3362,3.036e-16,3.602e-16,1.058e-15
VectorFFT,3363,4.007e-16,4.474e-16,1.169e-15
MKL,3363,3.554e-16,3.606e-16,1.129e-15
VectorFFT,3364,4.494e-16,6.117e-16,1.223e-15
MKL,3364,2.795e-16,3.814e-16,9.956e-16
VectorFFT,3365,4.076e-16,5.293e-16,1.351e-15
MKL,3365,5.064e-16,5.583e-16,1.872e-15
VectorFFT,3366,6.669e-16,8.424e-16,2.888e-15
MKL,3366,2.831e-16,3.213e-16,1.045e-15
VectorFFT,3367,4.705e-16,5.641e-16,1.334e-15
MKL,3367,3.090e-16,2.940e-16,9.302e-16
VectorFFT,3368,3.898e-16,3.205e-16,1.375e-15
MKL,3368,4.847e-16,4.553e-16,1.656e-15
VectorFFT,3369,3.951e-16,4.143e-16,1.298e-15
MKL,3369,4.879e-16,5.319e-16,1.594e-15
VectorFFT,3370,3.953e-16,3.893e-16,1.355e-15
MKL,3370,4.957e-16,5.945e-16,1.693e-15
VectorFFT,3371,3.915e-16,4.268e-16,1.328e-15
MKL,3371,4.818e-16,5.453e-16,1.588e-15
VectorFFT,3372,3.945e-16,3.894e-16,1.476e-15
MKL,3372,4.964e-16,5.545e-16,1.839e-15
VectorFFT,3373,4.165e-16,4.854e-16,1.352e-15
MKL,3373,4.861e-16,5.616e-16,1.850e-15
VectorFFT,3374,3.950e-16,3.556e-16,1.372e-15
MKL,3374,4.852e-16,5.375e-16,1.714e-15
VectorFFT,3375,4.853e-16,5.645e-16,1.288e-15
MKL,3375,4.813e-16,5.403e-16,1.493e-15
VectorFFT,3376,3.965e-16,4.780e-16,1.264e-15
MKL,3376,4.941e-16,5.524e-16,1.645e-15
VectorFFT,3377,4.024e-16,4.751e-16,1.485e-15
MKL,3377,4.940e-16,5.299e-16,1.765e-15
VectorFFT,3378,4.014e-16,3.870e-16,1.236e-15
MKL,3378,4.929e-16,4.510e-16,1.770e-15
VectorFFT,3379,3.974e-16,4.807e-16,1.356e-15
MKL,3379,4.928e-16,5.485e-16,1.565e-15
VectorFFT,3380,5.233e-16,6.749e-16,1.760e-15
MKL,3380,2.829e-16,3.367e-16,8.573e-16
VectorFFT,3381,4.801e-16,5.672e-16,1.863e-15
MKL,3381,4.415e-16,5.560e-16,1.510e-15
VectorFFT,3382,4.020e-16,4.684e-16,1.309e-15
MKL,3382,3.452e-16,4.978e-16,1.054e-15
VectorFFT,3383,3.933e-16,4.404e-16,1.402e-15
MKL,3383,4.868e-16,4.909e-16,1.739e-15
VectorFFT,3384,5.237e-16,6.422e-16,1.841e-15
MKL,3384,2.838e-16,4.099e-16,8.383e-16
VectorFFT,3385,3.959e-16,4.912e-16,1.203e-15
MKL,3385,4.931e-16,6.317e-16,1.850e-15
VectorFFT,3386,3.937e-16,4.022e-16,1.267e-15
MKL,3386,4.950e-16,5.955e-16,1.759e-15
VectorFFT,3387,3.953e-16,4.557e-16,1.256e-15
MKL,3387,5.034e-16,5.985e-16,2.129e-15
VectorFFT,3388,4.406e-16,5.918e-16,1.552e-15
MKL,3388,2.704e-16,3.303e-16,1.142e-15
VectorFFT,3389,3.909e-16,3.842e-16,1.260e-15
MKL,3389,4.899e-16,5.469e-16,1.675e-15
VectorFFT,3390,4.028e-16,4.316e-16,1.500e-15
MKL,3390,3.541e-16,4.939e-16,1.096e-15
VectorFFT,3391,4.003e-16,3.833e-16,1.583e-15
MKL,3391,4.799e-16,6.699e-16,1.536e-15
VectorFFT,3392,3.940e-16,4.354e-16,1.295e-15
MKL,3392,2.644e-16,3.306e-16,7.611e-16
VectorFFT,3393,7.470e-16,9.673e-16,2.773e-15
MKL,3393,3.220e-16,3.286e-16,1.055e-15
VectorFFT,3394,3.990e-16,4.764e-16,1.316e-15
MKL,3394,4.966e-16,6.060e-16,1.708e-15
VectorFFT,3395,3.992e-16,4.729e-16,1.446e-15
MKL,3395,5.100e-16,6.369e-16,1.870e-15
VectorFFT,3396,3.948e-16,4.080e-16,1.464e-15
MKL,3396,4.925e-16,5.259e-16,1.689e-15
VectorFFT,3397,3.958e-16,3.756e-16,1.387e-15
MKL,3397,3.453e-16,3.552e-16,1.124e-15
VectorFFT,3398,3.972e-16,4.098e-16,1.494e-15
MKL,3398,4.933e-16,4.900e-16,1.702e-15
VectorFFT,3399,4.005e-16,3.826e-16,1.342e-15
MKL,3399,4.853e-16,5.236e-16,1.683e-15
VectorFFT,3400,4.517e-16,4.607e-16,1.506e-15
MKL,3400,2.800e-16,2.949e-16,1.119e-15
VectorFFT,3401,3.959e-16,4.126e-16,1.188e-15
MKL,3401,5.128e-16,5.279e-16,1.735e-15
VectorFFT,3402,5.013e-16,5.910e-16,1.696e-15
MKL,3402,3.054e-16,3.547e-16,1.099e-15
VectorFFT,3403,3.949e-16,3.691e-16,1.270e-15
MKL,3403,3.471e-16,3.511e-16,1.161e-15
VectorFFT,3404,6.759e-16,1.153e-15,2.247e-15
MKL,3404,2.752e-16,3.394e-16,8.908e-16
VectorFFT,3405,4.107e-16,6.201e-16,1.404e-15
MKL,3405,5.174e-16,6.393e-16,2.173e-15
VectorFFT,3406,3.966e-16,4.000e-16,1.351e-15
MKL,3406,3.599e-16,6.146e-16,1.142e-15
VectorFFT,3407,4.028e-16,4.229e-16,1.454e-15
MKL,3407,5.164e-16,6.436e-16,1.738e-15
VectorFFT,3408,3.964e-16,3.398e-16,1.409e-15
MKL,3408,2.898e-16,4.361e-16,8.698e-16
VectorFFT,3409,3.969e-16,4.768e-16,1.334e-15
MKL,3409,5.075e-16,5.575e-16,1.785e-15
VectorFFT,3410,4.713e-16,5.061e-16,1.486e-15
MKL,3410,2.967e-16,3.672e-16,1.009e-15
VectorFFT,3411,4.000e-16,4.125e-16,1.198e-15
MKL,3411,5.094e-16,5.428e-16,1.799e-15
VectorFFT,3412,4.019e-16,3.648e-16,1.292e-15
MKL,3412,4.848e-16,5.023e-16,1.656e-15
VectorFFT,3413,4.012e-16,3.839e-16,1.333e-15
MKL,3413,4.900e-16,5.057e-16,1.587e-15
VectorFFT,3414,3.987e-16,3.695e-16,1.213e-15
MKL,3414,4.849e-16,4.768e-16,1.551e-15
VectorFFT,3415,4.012e-16,4.190e-16,1.305e-15
MKL,3415,5.039e-16,5.205e-16,1.760e-15
VectorFFT,3416,4.003e-16,3.412e-16,1.309e-15
MKL,3416,2.933e-16,2.729e-16,9.527e-16
VectorFFT,3417,4.035e-16,4.124e-16,1.292e-15
MKL,3417,3.567e-16,4.195e-16,1.146e-15
VectorFFT,3418,4.005e-16,3.875e-16,1.393e-15
MKL,3418,4.866e-16,5.674e-16,1.735e-15
VectorFFT,3419,3.973e-16,3.625e-16,1.532e-15
MKL,3419,4.941e-16,4.787e-16,1.890e-15
VectorFFT,3420,4.742e-16,5.391e-16,1.420e-15
MKL,3420,2.891e-16,3.215e-16,9.558e-16
VectorFFT,3421,3.989e-16,3.767e-16,1.595e-15
MKL,3421,4.902e-16,5.197e-16,1.782e-15
VectorFFT,3422,4.024e-16,5.567e-16,1.457e-15
MKL,3422,3.029e-16,3.534e-16,1.102e-15
VectorFFT,3423,3.891e-16,4.399e-16,1.264e-15
MKL,3423,4.931e-16,5.588e-16,1.551e-15
VectorFFT,3424,4.010e-16,3.789e-16,1.237e-15
MKL,3424,3.294e-16,3.889e-16,1.063e-15
VectorFFT,3425,3.988e-16,4.140e-16,1.317e-15
MKL,3425,4.932e-16,6.919e-16,1.673e-15
VectorFFT,3426,3.995e-16,2.882e-16,1.487e-15
MKL,3426,4.882e-16,3.982e-16,1.737e-15
VectorFFT,3427,3.977e-16,4.510e-16,1.511e-15
MKL,3427,4.989e-16,6.578e-16,1.784e-15
VectorFFT,3428,4.003e-16,4.577e-16,1.235e-15
MKL,3428,4.851e-16,5.591e-16,1.642e-15
VectorFFT,3429,3.979e-16,4.346e-16,1.349e-15
MKL,3429,5.064e-16,5.830e-16,1.871e-15
VectorFFT,3430,4.258e-16,9.113e-16,1.526e-15
MKL,3430,2.966e-16,3.089e-16,1.057e-15
VectorFFT,3431,3.936e-16,4.283e-16,1.325e-15
MKL,3431,3.343e-16,3.432e-16,1.167e-15
VectorFFT,3432,5.180e-16,5.730e-16,1.719e-15
MKL,3432,2.638e-16,2.924e-16,7.767e-16
VectorFFT,3433,3.933e-16,3.535e-16,1.250e-15
MKL,3433,4.949e-16,5.016e-16,1.690e-15
VectorFFT,3434,4.040e-16,4.914e-16,1.368e-15
MKL,3434,3.248e-16,4.843e-16,1.130e-15
VectorFFT,3435,4.036e-16,3.939e-16,1.377e-15
MKL,3435,5.034e-16,5.529e-16,1.641e-15
VectorFFT,3436,3.922e-16,4.384e-16,1.234e-15
MKL,3436,4.883e-16,6.189e-16,1.560e-15
VectorFFT,3437,3.908e-16,3.389e-16,1.225e-15
MKL,3437,4.964e-16,5.056e-16,1.661e-15
VectorFFT,3438,4.037e-16,4.184e-16,1.419e-15
MKL,3438,4.884e-16,5.310e-16,1.803e-15
VectorFFT,3439,4.030e-16,4.537e-16,1.262e-15
MKL,3439,5.064e-16,6.344e-16,1.904e-15
VectorFFT,3440,3.859e-16,4.594e-16,1.308e-15
MKL,3440,2.789e-16,3.493e-16,9.091e-16
VectorFFT,3441,1.097e-15,2.183e-15,4.884e-15
MKL,3441,3.126e-16,3.317e-16,9.955e-16
VectorFFT,3442,4.001e-16,4.770e-16,1.312e-15
MKL,3442,4.911e-16,6.099e-16,1.645e-15
VectorFFT,3443,4.031e-16,4.387e-16,1.275e-15
MKL,3443,4.971e-16,5.549e-16,1.680e-15
VectorFFT,3444,4.027e-16,4.407e-16,1.382e-15
MKL,3444,2.759e-16,3.060e-16,8.782e-16
VectorFFT,3445,3.982e-16,4.424e-16,1.628e-15
MKL,3445,4.217e-16,4.131e-16,1.363e-15
VectorFFT,3446,3.966e-16,4.011e-16,1.361e-15
MKL,3446,4.803e-16,5.734e-16,1.780e-15
VectorFFT,3447,3.948e-16,3.455e-16,1.411e-15
MKL,3447,4.888e-16,5.234e-16,1.622e-15
VectorFFT,3448,4.092e-16,3.756e-16,1.243e-15
MKL,3448,4.847e-16,5.662e-16,1.666e-15
VectorFFT,3449,3.950e-16,4.273e-16,1.338e-15
MKL,3449,5.044e-16,5.754e-16,1.703e-15
VectorFFT,3450,4.635e-16,4.986e-16,1.356e-15
MKL,3450,3.249e-16,3.287e-16,1.069e-15
VectorFFT,3451,5.069e-16,7.239e-16,1.411e-15
MKL,3451,3.192e-16,3.465e-16,1.019e-15
VectorFFT,3452,3.988e-16,3.279e-16,1.252e-15
MKL,3452,4.865e-16,4.147e-16,1.564e-15
VectorFFT,3453,3.999e-16,4.165e-16,1.242e-15
MKL,3453,5.125e-16,4.747e-16,2.108e-15
VectorFFT,3454,4.061e-16,4.059e-16,1.351e-15
MKL,3454,4.901e-16,5.236e-16,1.736e-15
VectorFFT,3455,4.079e-16,3.459e-16,1.324e-15
MKL,3455,5.040e-16,4.292e-16,1.675e-15
VectorFFT,3456,3.041e-16,3.303e-16,9.300e-16
MKL,3456,2.475e-16,2.628e-16,8.693e-16
VectorFFT,3457,5.843e-16,1.014e-15,2.035e-15
MKL,3457,4.968e-16,5.281e-16,1.880e-15
VectorFFT,3458,5.375e-16,6.442e-16,2.151e-15
MKL,3458,2.915e-16,3.600e-16,9.574e-16
VectorFFT,3459,4.085e-16,3.839e-16,1.426e-15
MKL,3459,4.927e-16,5.221e-16,1.650e-15
VectorFFT,3460,3.994e-16,4.135e-16,1.342e-15
MKL,3460,5.052e-16,5.319e-16,1.732e-15
VectorFFT,3461,4.000e-16,4.479e-16,1.385e-15
MKL,3461,5.003e-16,6.048e-16,1.644e-15
VectorFFT,3462,4.099e-16,4.665e-16,1.500e-15
MKL,3462,4.854e-16,5.088e-16,1.732e-15
VectorFFT,3463,3.996e-16,3.959e-16,1.474e-15
MKL,3463,4.992e-16,5.411e-16,1.403e-15
VectorFFT,3464,4.014e-16,3.679e-16,1.201e-15
MKL,3464,5.025e-16,6.618e-16,1.732e-15
VectorFFT,3465,4.238e-16,4.716e-16,1.164e-15
MKL,3465,3.952e-16,5.309e-16,1.194e-15
VectorFFT,3466,4.004e-16,3.971e-16,1.320e-15
MKL,3466,4.839e-16,5.611e-16,1.673e-15
VectorFFT,3467,3.999e-16,4.092e-16,1.376e-15
MKL,3467,4.976e-16,6.710e-16,1.928e-15
VectorFFT,3468,8.030e-16,8.928e-16,3.194e-15
MKL,3468,2.847e-16,2.963e-16,9.877e-16
VectorFFT,3469,9.934e-16,1.099e-15,3.080e-15
MKL,3469,5.019e-16,5.212e-16,1.604e-15
VectorFFT,3470,3.975e-16,4.786e-16,1.235e-15
MKL,3470,5.019e-16,5.483e-16,1.753e-15
VectorFFT,3471,4.070e-16,3.720e-16,1.311e-15
MKL,3471,3.453e-16,3.106e-16,1.052e-15
VectorFFT,3472,3.924e-16,3.880e-16,1.356e-15
MKL,3472,2.737e-16,3.246e-16,8.653e-16
VectorFFT,3473,3.985e-16,4.279e-16,1.254e-15
MKL,3473,4.997e-16,5.276e-16,1.825e-15
VectorFFT,3474,4.118e-16,4.507e-16,1.246e-15
MKL,3474,4.871e-16,6.255e-16,1.703e-15
VectorFFT,3475,4.051e-16,5.120e-16,1.290e-15
MKL,3475,5.100e-16,5.952e-16,1.828e-15
VectorFFT,3476,4.018e-16,4.114e-16,1.631e-15
MKL,3476,3.018e-16,3.302e-16,1.049e-15
VectorFFT,3477,4.045e-16,5.533e-16,1.601e-15
MKL,3477,3.365e-16,3.449e-16,1.050e-15
VectorFFT,3478,4.035e-16,4.273e-16,1.446e-15
MKL,3478,3.025e-16,3.390e-16,9.752e-16
VectorFFT,3479,3.973e-16,4.132e-16,1.355e-15
MKL,3479,3.371e-16,3.132e-16,1.023e-15
VectorFFT,3480,5.084e-16,5.552e-16,1.673e-15
MKL,3480,2.820e-16,2.708e-16,8.830e-16
VectorFFT,3481,3.990e-16,4.314e-16,1.504e-15
MKL,3481,3.721e-16,4.220e-16,1.206e-15
VectorFFT,3482,4.125e-16,4.264e-16,1.565e-15
MKL,3482,4.933e-16,6.076e-16,1.808e-15
VectorFFT,3483,5.145e-16,5.874e-16,1.622e-15
MKL,3483,4.333e-16,6.013e-16,1.351e-15
VectorFFT,3484,3.991e-16,4.508e-16,1.235e-15
MKL,3484,3.034e-16,4.616e-16,1.060e-15
VectorFFT,3485,4.852e-16,4.977e-16,1.472e-15
MKL,3485,3.288e-16,4.040e-16,1.115e-15
VectorFFT,3486,4.038e-16,3.974e-16,1.237e-15
MKL,3486,3.146e-16,3.798e-16,9.500e-16
VectorFFT,3487,4.032e-16,4.318e-16,1.313e-15
MKL,3487,4.929e-16,5.323e-16,1.735e-15
VectorFFT,3488,4.031e-16,3.553e-16,1.320e-15
MKL,3488,3.116e-16,4.123e-16,1.138e-15
VectorFFT,3489,4.050e-16,3.766e-16,1.316e-15
MKL,3489,5.177e-16,5.931e-16,1.932e-15
VectorFFT,3490,4.074e-16,4.121e-16,1.445e-15
MKL,3490,4.981e-16,5.078e-16,1.633e-15
VectorFFT,3491,4.018e-16,4.737e-16,1.265e-15
MKL,3491,4.974e-16,5.950e-16,1.695e-15
VectorFFT,3492,4.052e-16,3.911e-16,1.290e-15
MKL,3492,3.212e-16,3.341e-16,1.115e-15
VectorFFT,3493,3.962e-16,4.814e-16,1.515e-15
MKL,3493,4.965e-16,5.952e-16,1.820e-15
VectorFFT,3494,4.057e-16,3.911e-16,1.350e-15
MKL,3494,4.886e-16,7.024e-16,1.634e-15
VectorFFT,3495,4.054e-16,4.646e-16,1.652e-15
MKL,3495,4.994e-16,5.789e-16,1.674e-15
VectorFFT,3496,4.352e-16,4.107e-16,1.493e-15
MKL,3496,2.669e-16,2.978e-16,8.882e-16
VectorFFT,3497,4.096e-16,4.424e-16,1.350e-15
MKL,3497,5.180e-16,6.371e-16,1.828e-15
VectorFFT,3498,3.980e-16,4.044e-16,1.395e-15
MKL,3498,2.884e-16,2.902e-16,1.070e-15
VectorFFT,3499,3.952e-16,5.743e-16,1.305e-15
MKL,3499,5.073e-16,8.486e-16,1.792e-15
VectorFFT,3500,3.707e-16,4.323e-16,1.539e-15
MKL,3500,2.937e-16,2.934e-16,1.078e-15
VectorFFT,3501,4.036e-16,4.011e-16,1.262e-15
MKL,3501,4.914e-16,5.735e-16,1.835e-15
VectorFFT,3502,4.033e-16,4.628e-16,1.394e-15
MKL,3502,3.242e-16,4.310e-16,1.000e-15
VectorFFT,3503,4.018e-16,4.399e-16,1.570e-15
MKL,3503,5.078e-16,7.055e-16,1.753e-15
VectorFFT,3504,4.040e-16,3.986e-16,1.298e-15
MKL,3504,2.911e-16,3.477e-16,1.076e-15
VectorFFT,3505,3.980e-16,3.318e-16,1.325e-15
MKL,3505,4.981e-16,4.370e-16,1.796e-15
VectorFFT,3506,4.060e-16,3.830e-16,1.250e-15
MKL,3506,5.027e-16,5.451e-16,1.668e-15
VectorFFT,3507,3.957e-16,4.186e-16,1.356e-15
MKL,3507,4.973e-16,6.721e-16,1.776e-15
VectorFFT,3508,4.122e-16,4.848e-16,1.506e-15
MKL,3508,4.889e-16,5.484e-16,1.823e-15
VectorFFT,3509,4.261e-16,4.719e-16,1.256e-15
MKL,3509,3.575e-16,4.013e-16,1.098e-15
VectorFFT,3510,5.007e-16,5.842e-16,1.551e-15
MKL,3510,2.926e-16,3.081e-16,1.035e-15
VectorFFT,3511,3.998e-16,4.101e-16,1.376e-15
MKL,3511,4.930e-16,6.146e-16,1.733e-15
VectorFFT,3512,4.039e-16,4.094e-16,1.254e-15
MKL,3512,5.002e-16,5.956e-16,1.817e-15
VectorFFT,3513,4.060e-16,4.558e-16,1.282e-15
MKL,3513,4.951e-16,5.988e-16,1.573e-15
VectorFFT,3514,4.007e-16,3.845e-16,1.267e-15
MKL,3514,5.039e-16,5.218e-16,1.816e-15
VectorFFT,3515,4.334e-16,4.600e-16,1.522e-15
MKL,3515,3.477e-16,4.198e-16,1.063e-15
VectorFFT,3516,4.063e-16,3.769e-16,1.313e-15
MKL,3516,4.998e-16,4.913e-16,2.040e-15
VectorFFT,3517,3.970e-16,4.846e-16,1.301e-15
MKL,3517,5.267e-16,5.978e-16,1.932e-15
VectorFFT,3518,4.086e-16,4.331e-16,1.298e-15
MKL,3518,4.954e-16,5.481e-16,1.645e-15
VectorFFT,3519,6.552e-16,7.152e-16,1.976e-15
MKL,3519,4.272e-16,5.118e-16,1.336e-15
VectorFFT,3520,3.195e-16,3.328e-16,9.676e-16
MKL,3520,2.627e-16,2.708e-16,9.315e-16
VectorFFT,3521,4.059e-16,4.612e-16,1.374e-15
MKL,3521,4.922e-16,5.139e-16,1.526e-15
VectorFFT,3522,4.081e-16,4.872e-16,1.289e-15
MKL,3522,4.968e-16,5.902e-16,1.738e-15
VectorFFT,3523,4.066e-16,5.090e-16,1.335e-15
MKL,3523,5.110e-16,5.707e-16,1.928e-15
VectorFFT,3524,4.091e-16,4.254e-16,1.533e-15
MKL,3524,4.824e-16,6.600e-16,1.626e-15
VectorFFT,3525,4.633e-16,4.924e-16,1.473e-15
MKL,3525,3.931e-16,5.065e-16,1.474e-15
VectorFFT,3526,1.545e-15,2.100e-15,7.620e-15
MKL,3526,3.110e-16,3.015e-16,9.778e-16
VectorFFT,3527,4.068e-16,3.914e-16,1.524e-15
MKL,3527,5.194e-16,5.919e-16,1.781e-15
VectorFFT,3528,3.685e-16,4.008e-16,1.394e-15
MKL,3528,2.701e-16,2.779e-16,7.663e-16
VectorFFT,3529,4.023e-16,5.107e-16,1.412e-15
MKL,3529,5.165e-16,5.615e-16,1.754e-15
VectorFFT,3530,4.041e-16,4.204e-16,1.168e-15
MKL,3530,4.987e-16,5.658e-16,1.725e-15
VectorFFT,3531,4.080e-16,3.420e-16,1.734e-15
MKL,3531,4.943e-16,5.443e-16,1.657e-15
VectorFFT,3532,4.016e-16,3.524e-16,1.441e-15
MKL,3532,5.056e-16,5.455e-16,1.622e-15
VectorFFT,3533,4.041e-16,4.018e-16,1.331e-15
MKL,3533,5.032e-16,4.398e-16,1.670e-15
VectorFFT,3534,4.866e-16,5.861e-16,1.515e-15
MKL,3534,2.948e-16,3.639e-16,9.866e-16
VectorFFT,3535,4.053e-16,4.101e-16,1.386e-15
MKL,3535,4.970e-16,5.364e-16,1.593e-15
VectorFFT,3536,6.738e-16,9.082e-16,2.390e-15
MKL,3536,2.760e-16,2.368e-16,8.604e-16
VectorFFT,3537,4.067e-16,3.808e-16,1.392e-15
MKL,3537,5.014e-16,5.534e-16,1.769e-15
VectorFFT,3538,4.007e-16,4.859e-16,1.258e-15
MKL,3538,3.043e-16,3.396e-16,9.610e-16
VectorFFT,3539,4.084e-16,4.206e-16,1.238e-15
MKL,3539,5.002e-16,6.110e-16,1.709e-15
VectorFFT,3540,3.997e-16,3.687e-16,1.282e-15
MKL,3540,3.009e-16,3.593e-16,1.112e-15
VectorFFT,3541,3.922e-16,3.607e-16,1.436e-15
MKL,3541,5.037e-16,4.431e-16,1.894e-15
VectorFFT,3542,5.010e-16,8.002e-16,1.788e-15
MKL,3542,3.033e-16,3.454e-16,1.022e-15
VectorFFT,3543,4.032e-16,3.608e-16,1.500e-15
MKL,3543,4.977e-16,5.450e-16,1.637e-15
VectorFFT,3544,4.096e-16,4.399e-16,1.328e-15
MKL,3544,4.903e-16,5.751e-16,1.683e-15
VectorFFT,3545,4.005e-16,4.085e-16,1.356e-15
MKL,3545,5.101e-16,6.045e-16,1.844e-15
VectorFFT,3546,4.027e-16,4.273e-16,1.416e-15
MKL,3546,4.936e-16,5.441e-16,1.659e-15
VectorFFT,3547,4.019e-16,3.717e-16,1.377e-15
MKL,3547,4.894e-16,4.716e-16,1.691e-15
VectorFFT,3548,4.041e-16,4.076e-16,1.402e-15
MKL,3548,4.975e-16,6.145e-16,1.595e-15
VectorFFT,3549,5.126e-16,6.041e-16,1.538e-15
MKL,3549,3.619e-16,4.503e-16,1.226e-15
VectorFFT,3550,4.080e-16,4.405e-16,1.287e-15
MKL,3550,3.472e-16,4.986e-16,1.134e-15
VectorFFT,3551,4.000e-16,3.680e-16,1.372e-15
MKL,3551,4.096e-16,4.680e-16,1.425e-15
VectorFFT,3552,4.888e-16,6.008e-16,1.648e-15
MKL,3552,2.607e-16,3.307e-16,8.881e-16
VectorFFT,3553,4.968e-16,5.275e-16,1.314e-15
MKL,3553,3.137e-16,3.454e-16,9.264e-16
VectorFFT,3554,4.080e-16,4.193e-16,1.401e-15
MKL,3554,4.878e-16,5.107e-16,1.733e-15
VectorFFT,3555,4.072e-16,4.938e-16,1.353e-15
MKL,3555,3.491e-16,3.727e-16,1.060e-15
VectorFFT,3556,4.120e-16,4.831e-16,1.355e-15
MKL,3556,3.447e-16,5.826e-16,1.085e-15
VectorFFT,3557,4.035e-16,3.894e-16,1.276e-15
MKL,3557,4.994e-16,5.465e-16,1.755e-15
VectorFFT,3558,4.027e-16,4.023e-16,1.418e-15
MKL,3558,4.989e-16,5.267e-16,1.685e-15
VectorFFT,3559,4.006e-16,4.345e-16,1.522e-15
MKL,3559,5.198e-16,4.790e-16,1.722e-15
VectorFFT,3560,4.093e-16,3.691e-16,1.644e-15
MKL,3560,3.192e-16,5.793e-16,1.152e-15
VectorFFT,3561,4.019e-16,4.417e-16,1.434e-15
MKL,3561,4.978e-16,5.505e-16,1.568e-15
VectorFFT,3562,4.145e-16,4.425e-16,1.474e-15
MKL,3562,3.564e-16,5.185e-16,1.377e-15
VectorFFT,3563,4.095e-16,4.482e-16,1.592e-15
MKL,3563,5.017e-16,5.679e-16,1.695e-15
VectorFFT,3564,4.887e-16,5.695e-16,1.908e-15
MKL,3564,2.688e-16,3.272e-16,8.651e-16
VectorFFT,3565,9.985e-16,1.988e-15,3.876e-15
MKL,3565,3.304e-16,4.000e-16,9.264e-16
VectorFFT,3566,4.133e-16,3.763e-16,1.243e-15
MKL,3566,4.932e-16,5.690e-16,1.511e-15
VectorFFT,3567,1.026e-15,1.879e-15,4.363e-15
MKL,3567,3.705e-16,4.984e-16,1.223e-15
VectorFFT,3568,4.175e-16,4.212e-16,1.349e-15
MKL,3568,4.963e-16,5.726e-16,1.675e-15
VectorFFT,3569,4.150e-16,3.796e-16,1.271e-15
MKL,3569,3.456e-16,3.553e-16,1.219e-15
VectorFFT,3570,4.772e-16,6.317e-16,1.477e-15
MKL,3570,2.897e-16,3.241e-16,1.072e-15
VectorFFT,3571,4.075e-16,3.574e-16,1.428e-15
MKL,3571,5.082e-16,4.683e-16,1.840e-15
VectorFFT,3572,4.251e-16,3.774e-16,1.259e-15
MKL,3572,2.914e-16,3.018e-16,1.004e-15
VectorFFT,3573,4.140e-16,5.156e-16,1.399e-15
MKL,3573,5.171e-16,6.756e-16,2.140e-15
VectorFFT,3574,4.061e-16,4.297e-16,1.309e-15
MKL,3574,5.009e-16,5.535e-16,1.729e-15
VectorFFT,3575,4.613e-16,4.387e-16,1.691e-15
MKL,3575,4.007e-16,3.673e-16,1.273e-15
VectorFFT,3576,4.083e-16,5.380e-16,1.363e-15
MKL,3576,3.513e-16,4.963e-16,1.172e-15
VectorFFT,3577,4.113e-16,4.216e-16,1.486e-15
MKL,3577,3.556e-16,3.970e-16,1.151e-15
VectorFFT,3578,4.045e-16,4.659e-16,1.393e-15
MKL,3578,4.939e-16,5.773e-16,1.915e-15
VectorFFT,3579,4.032e-16,4.703e-16,1.416e-15
MKL,3579,4.940e-16,5.651e-16,1.569e-15
VectorFFT,3580,4.058e-16,4.964e-16,1.330e-15
MKL,3580,4.876e-16,5.447e-16,1.878e-15
VectorFFT,3581,4.068e-16,4.324e-16,1.256e-15
MKL,3581,5.177e-16,5.344e-16,1.685e-15
VectorFFT,3582,4.012e-16,4.464e-16,1.480e-15
MKL,3582,4.856e-16,5.765e-16,1.686e-15
VectorFFT,3583,3.964e-16,4.208e-16,1.303e-15
MKL,3583,4.947e-16,4.788e-16,1.963e-15
VectorFFT,3584,2.198e-16,2.897e-16,7.492e-16
MKL,3584,2.439e-16,3.054e-16,8.206e-16
VectorFFT,3585,4.004e-16,2.946e-16,1.227e-15
MKL,3585,5.122e-16,4.011e-16,1.803e-15
VectorFFT,3586,4.101e-16,3.557e-16,1.533e-15
MKL,3586,5.038e-16,4.750e-16,1.693e-15
VectorFFT,3587,4.103e-16,4.466e-16,1.543e-15
MKL,3587,5.123e-16,5.556e-16,1.823e-15
VectorFFT,3588,5.257e-16,6.158e-16,1.493e-15
MKL,3588,2.647e-16,2.408e-16,8.897e-16
VectorFFT,3589,4.073e-16,5.368e-16,1.601e-15
MKL,3589,5.230e-16,7.779e-16,1.559e-15
VectorFFT,3590,4.056e-16,4.066e-16,1.407e-15
MKL,3590,5.025e-16,4.610e-16,1.700e-15
VectorFFT,3591,4.557e-16,4.203e-16,1.490e-15
MKL,3591,4.498e-16,4.472e-16,1.458e-15
VectorFFT,3592,4.049e-16,3.943e-16,1.250e-15
MKL,3592,4.908e-16,5.068e-16,1.692e-15
VectorFFT,3593,4.115e-16,3.848e-16,1.505e-15
MKL,3593,5.057e-16,4.849e-16,1.648e-15
VectorFFT,3594,4.086e-16,4.365e-16,1.583e-15
MKL,3594,5.062e-16,5.422e-16,1.558e-15
VectorFFT,3595,4.086e-16,4.427e-16,1.416e-15
MKL,3595,5.061e-16,5.302e-16,1.684e-15
VectorFFT,3596,4.676e-16,5.375e-16,1.335e-15
MKL,3596,2.873e-16,3.839e-16,8.581e-16
VectorFFT,3597,4.148e-16,4.552e-16,1.518e-15
MKL,3597,4.957e-16,5.137e-16,1.565e-15
VectorFFT,3598,4.007e-16,4.326e-16,1.369e-15
MKL,3598,4.992e-16,5.542e-16,1.664e-15
VectorFFT,3599,4.029e-16,5.382e-16,1.141e-15
MKL,3599,4.396e-16,5.730e-16,1.443e-15
VectorFFT,3600,3.591e-16,3.846e-16,1.102e-15
MKL,3600,2.802e-16,3.413e-16,8.836e-16
VectorFFT,3601,4.025e-16,4.489e-16,1.315e-15
MKL,3601,5.058e-16,5.367e-16,1.651e-15
VectorFFT,3602,4.112e-16,4.091e-16,1.330e-15
MKL,3602,5.159e-16,5.517e-16,1.602e-15
VectorFFT,3603,4.093e-16,4.176e-16,1.407e-15
MKL,3603,5.055e-16,6.641e-16,1.683e-15
VectorFFT,3604,4.122e-16,4.079e-16,1.309e-15
MKL,3604,2.753e-16,3.239e-16,8.650e-16
VectorFFT,3605,4.157e-16,4.418e-16,1.379e-15
MKL,3605,5.110e-16,5.360e-16,1.676e-15
VectorFFT,3606,4.211e-16,4.064e-16,1.639e-15
MKL,3606,4.838e-16,5.301e-16,1.534e-15
VectorFFT,3607,4.043e-16,3.817e-16,1.610e-15
MKL,3607,5.060e-16,5.166e-16,1.756e-15
VectorFFT,3608,3.657e-16,3.958e-16,1.196e-15
MKL,3608,2.788e-16,3.377e-16,1.079e-15
VectorFFT,3609,4.120e-16,4.192e-16,1.297e-15
MKL,3609,5.031e-16,5.375e-16,1.883e-15
VectorFFT,3610,4.260e-16,3.561e-16,1.461e-15
MKL,3610,3.097e-16,2.939e-16,9.802e-16
VectorFFT,3611,4.065e-16,4.084e-16,1.433e-15
MKL,3611,5.119e-16,5.726e-16,1.763e-15
VectorFFT,3612,4.215e-16,4.554e-16,1.377e-15
MKL,3612,2.835e-16,3.866e-16,9.869e-16
VectorFFT,3613,4.105e-16,4.972e-16,1.377e-15
MKL,3613,5.064e-16,5.296e-16,2.166e-15
VectorFFT,3614,3.984e-16,3.656e-16,1.241e-15
MKL,3614,3.760e-16,4.890e-16,1.224e-15
VectorFFT,3615,4.110e-16,3.657e-16,1.319e-15
MKL,3615,4.944e-16,4.547e-16,1.715e-15
VectorFFT,3616,4.096e-16,4.290e-16,1.427e-15
MKL,3616,3.198e-16,5.808e-16,1.113e-15
VectorFFT,3617,4.064e-16,4.404e-16,1.321e-15
MKL,3617,5.058e-16,6.399e-16,1.766e-15
VectorFFT,3618,4.090e-16,3.767e-16,1.395e-15
MKL,3618,3.083e-16,4.312e-16,1.139e-15
VectorFFT,3619,4.096e-16,4.374e-16,1.414e-15
MKL,3619,3.209e-16,3.662e-16,1.087e-15
VectorFFT,3620,4.025e-16,4.245e-16,1.218e-15
MKL,3620,4.943e-16,5.187e-16,1.752e-15
VectorFFT,3621,4.097e-16,4.737e-16,1.376e-15
MKL,3621,3.235e-16,3.518e-16,1.166e-15
VectorFFT,3622,4.114e-16,4.333e-16,1.428e-15
MKL,3622,4.955e-16,5.869e-16,1.699e-15
VectorFFT,3623,4.126e-16,3.739e-16,1.518e-15
MKL,3623,5.013e-16,4.686e-16,1.727e-15
VectorFFT,3624,4.109e-16,3.748e-16,1.167e-15
MKL,3624,4.917e-16,4.790e-16,1.781e-15
VectorFFT,3625,4.284e-16,4.512e-16,1.232e-15
MKL,3625,3.872e-16,4.007e-16,1.142e-15
VectorFFT,3626,4.662e-16,5.070e-16,1.597e-15
MKL,3626,2.988e-16,3.327e-16,1.120e-15
VectorFFT,3627,7.588e-16,1.063e-15,2.841e-15
MKL,3627,4.731e-16,5.358e-16,1.392e-15
VectorFFT,3628,4.149e-16,4.493e-16,1.451e-15
MKL,3628,4.869e-16,5.449e-16,1.503e-15
VectorFFT,3629,4.156e-16,4.197e-16,1.325e-15
MKL,3629,5.039e-16,5.544e-16,1.693e-15
VectorFFT,3630,4.362e-16,5.226e-16,1.475e-15
MKL,3630,2.952e-16,3.452e-16,1.019e-15
VectorFFT,3631,4.082e-16,4.785e-16,1.277e-15
MKL,3631,4.999e-16,5.412e-16,1.708e-15
VectorFFT,3632,4.162e-16,4.952e-16,1.637e-15
MKL,3632,4.872e-16,6.109e-16,1.462e-15
VectorFFT,3633,4.062e-16,4.289e-16,1.320e-15
MKL,3633,5.050e-16,4.947e-16,2.029e-15
VectorFFT,3634,4.082e-16,3.809e-16,1.443e-15
MKL,3634,3.313e-16,2.915e-16,1.124e-15
VectorFFT,3635,4.075e-16,4.381e-16,1.430e-15
MKL,3635,5.037e-16,7.162e-16,1.634e-15
VectorFFT,3636,4.037e-16,4.535e-16,1.499e-15
MKL,3636,3.203e-16,4.005e-16,1.080e-15
VectorFFT,3637,4.165e-16,4.414e-16,1.310e-15
MKL,3637,5.122e-16,4.682e-16,1.621e-15
VectorFFT,3638,4.117e-16,3.734e-16,1.488e-15
MKL,3638,3.470e-16,4.133e-16,1.141e-15
VectorFFT,3639,4.179e-16,3.795e-16,1.362e-15
MKL,3639,4.956e-16,4.957e-16,1.966e-15
VectorFFT,3640,4.369e-16,5.112e-16,1.660e-15
MKL,3640,2.811e-16,2.754e-16,8.557e-16
VectorFFT,3641,4.090e-16,4.136e-16,1.472e-15
MKL,3641,5.212e-16,5.889e-16,1.857e-15
VectorFFT,3642,4.101e-16,4.378e-16,1.325e-15
MKL,3642,5.041e-16,6.002e-16,1.712e-15
VectorFFT,3643,4.038e-16,3.965e-16,1.491e-15
MKL,3643,5.084e-16,5.666e-16,1.866e-15
VectorFFT,3644,4.105e-16,5.257e-16,1.419e-15
MKL,3644,5.095e-16,5.534e-16,1.754e-15
VectorFFT,3645,5.239e-16,5.510e-16,1.679e-15
MKL,3645,3.460e-16,4.133e-16,1.123e-15
VectorFFT,3646,4.151e-16,4.086e-16,1.286e-15
MKL,3646,4.894e-16,5.726e-16,1.836e-15
VectorFFT,3647,4.078e-16,3.803e-16,1.233e-15
MKL,3647,5.109e-16,5.138e-16,1.951e-15
VectorFFT,3648,3.868e-16,3.770e-16,1.340e-15
MKL,3648,2.586e-16,2.651e-16,8.855e-16
VectorFFT,3649,4.059e-16,4.207e-16,1.424e-15
MKL,3649,3.611e-16,4.169e-16,1.054e-15
VectorFFT,3650,4.133e-16,4.904e-16,1.441e-15
MKL,3650,3.187e-16,3.779e-16,1.061e-15
VectorFFT,3651,4.097e-16,4.356e-16,1.372e-15
MKL,3651,5.150e-16,5.083e-16,1.811e-15
VectorFFT,3652,4.155e-16,4.052e-16,1.424e-15
MKL,3652,3.029e-16,4.184e-16,1.106e-15
VectorFFT,3653,4.175e-16,4.102e-16,1.431e-15
MKL,3653,5.280e-16,5.651e-16,1.747e-15
VectorFFT,3654,5.210e-16,5.629e-16,1.876e-15
MKL,3654,2.813e-16,3.535e-16,8.322e-16
VectorFFT,3655,5.128e-16,6.239e-16,1.535e-15
MKL,3655,3.847e-16,4.237e-16,1.378e-15
VectorFFT,3656,4.160e-16,4.248e-16,1.527e-15
MKL,3656,4.958e-16,4.922e-16,1.773e-15
VectorFFT,3657,4.163e-16,4.281e-16,1.381e-15
MKL,3657,3.535e-16,3.457e-16,1.148e-15
VectorFFT,3658,4.134e-16,3.791e-16,1.611e-15
MKL,3658,3.061e-16,3.646e-16,1.101e-15
VectorFFT,3659,4.077e-16,3.919e-16,1.519e-15
MKL,3659,5.274e-16,5.722e-16,2.076e-15
VectorFFT,3660,4.199e-16,4.246e-16,1.573e-15
MKL,3660,2.969e-16,3.487e-16,9.428e-16
VectorFFT,3661,4.169e-16,4.402e-16,1.308e-15
MKL,3661,5.274e-16,6.397e-16,1.912e-15
VectorFFT,3662,4.137e-16,4.113e-16,1.321e-15
MKL,3662,4.986e-16,4.923e-16,2.000e-15
VectorFFT,3663,1.416e-15,2.072e-15,5.630e-15
MKL,3663,3.170e-16,2.859e-16,1.098e-15
VectorFFT,3664,4.084e-16,4.223e-16,1.533e-15
MKL,3664,5.077e-16,5.252e-16,1.743e-15
VectorFFT,3665,4.173e-16,3.477e-16,1.404e-15
MKL,3665,4.976e-16,5.299e-16,1.629e-15
VectorFFT,3666,5.079e-16,6.097e-16,1.638e-15
MKL,3666,3.210e-16,4.097e-16,1.012e-15
VectorFFT,3667,4.086e-16,5.495e-16,1.691e-15
MKL,3667,4.978e-16,5.716e-16,1.992e-15
VectorFFT,3668,4.178e-16,4.014e-16,1.419e-15
MKL,3668,3.424e-16,3.720e-16,1.242e-15
VectorFFT,3669,4.142e-16,4.762e-16,1.253e-15
MKL,3669,4.991e-16,5.123e-16,1.796e-15
VectorFFT,3670,4.072e-16,4.199e-16,1.480e-15
MKL,3670,4.956e-16,5.028e-16,1.798e-15
VectorFFT,3671,4.117e-16,4.115e-16,1.502e-15
MKL,3671,5.105e-16,5.969e-16,1.709e-15
VectorFFT,3672,5.084e-16,6.417e-16,1.362e-15
MKL,3672,2.659e-16,2.865e-16,7.611e-16
VectorFFT,3673,4.069e-16,3.793e-16,1.465e-15
MKL,3673,5.300e-16,6.684e-16,1.843e-15
VectorFFT,3674,4.162e-16,4.118e-16,1.409e-15
MKL,3674,5.024e-16,6.734e-16,1.715e-15
VectorFFT,3675,3.895e-16,4.543e-16,1.280e-15
MKL,3675,4.024e-16,4.661e-16,1.219e-15
VectorFFT,3676,4.253e-16,4.587e-16,1.328e-15
MKL,3676,5.005e-16,5.570e-16,1.571e-15
VectorFFT,3677,4.125e-16,4.533e-16,1.303e-15
MKL,3677,5.162e-16,6.004e-16,1.720e-15
VectorFFT,3678,4.130e-16,3.658e-16,1.391e-15
MKL,3678,5.014e-16,4.512e-16,1.833e-15
VectorFFT,3679,4.128e-16,4.411e-16,1.422e-15
MKL,3679,5.040e-16,5.767e-16,1.702e-15
VectorFFT,3680,4.359e-16,4.740e-16,1.518e-15
MKL,3680,2.615e-16,3.363e-16,9.408e-16
VectorFFT,3681,4.176e-16,4.714e-16,1.226e-15
MKL,3681,4.998e-16,5.695e-16,1.825e-15
VectorFFT,3682,4.146e-16,4.548e-16,1.259e-15
MKL,3682,5.177e-16,5.879e-16,2.028e-15
VectorFFT,3683,4.124e-16,3.637e-16,1.383e-15
MKL,3683,5.130e-16,4.273e-16,1.888e-15
VectorFFT,3684,4.123e-16,3.752e-16,1.547e-15
MKL,3684,5.017e-16,4.904e-16,1.511e-15
VectorFFT,3685,4.236e-16,4.364e-16,1.429e-15
MKL,3685,3.304e-16,3.727e-16,1.054e-15
VectorFFT,3686,4.182e-16,3.695e-16,1.381e-15
MKL,3686,3.347e-16,4.347e-16,1.127e-15
VectorFFT,3687,4.128e-16,4.573e-16,1.282e-15
MKL,3687,5.132e-16,5.143e-16,1.713e-15
VectorFFT,3688,4.160e-16,4.032e-16,1.628e-15
MKL,3688,5.068e-16,5.571e-16,1.760e-15
VectorFFT,3689,5.202e-16,6.120e-16,1.501e-15
MKL,3689,3.462e-16,3.524e-16,1.167e-15
VectorFFT,3690,4.349e-16,4.663e-16,1.303e-15
MKL,3690,2.979e-16,3.371e-16,1.082e-15
VectorFFT,3691,4.096e-16,4.055e-16,1.461e-15
MKL,3691,5.103e-16,6.181e-16,1.739e-15
VectorFFT,3692,4.125e-16,4.505e-16,1.549e-15
MKL,3692,2.990e-16,4.084e-16,1.056e-15
VectorFFT,3693,4.073e-16,3.541e-16,1.517e-15
MKL,3693,5.055e-16,4.725e-16,1.743e-15
VectorFFT,3694,4.128e-16,3.539e-16,1.374e-15
MKL,3694,5.052e-16,5.367e-16,1.548e-15
VectorFFT,3695,4.068e-16,4.968e-16,1.551e-15
MKL,3695,4.964e-16,5.665e-16,1.518e-15
VectorFFT,3696,3.544e-16,4.166e-16,1.348e-15
MKL,3696,2.614e-16,2.943e-16,8.114e-16
VectorFFT,3697,4.111e-16,4.541e-16,1.370e-15
MKL,3697,5.022e-16,5.674e-16,1.992e-15
VectorFFT,3698,1.453e-15,2.214e-15,6.320e-15
MKL,3698,3.107e-16,4.505e-16,1.133e-15
VectorFFT,3699,4.145e-16,3.416e-16,1.344e-15
MKL,3699,5.157e-16,4.711e-16,1.579e-15
VectorFFT,3700,4.243e-16,4.221e-16,1.430e-15
MKL,3700,2.939e-16,2.924e-16,1.212e-15
VectorFFT,3701,4.184e-16,3.955e-16,1.452e-15
MKL,3701,5.168e-16,5.142e-16,1.848e-15
VectorFFT,3702,4.133e-16,3.918e-16,1.559e-15
MKL,3702,5.005e-16,5.533e-16,1.805e-15
VectorFFT,3703,4.804e-16,4.322e-16,1.590e-15
MKL,3703,4.076e-16,3.075e-16,1.750e-15
VectorFFT,3704,4.165e-16,5.012e-16,1.475e-15
MKL,3704,4.991e-16,5.843e-16,1.540e-15
VectorFFT,3705,4.975e-16,6.172e-16,1.607e-15
MKL,3705,3.311e-16,3.698e-16,1.038e-15
VectorFFT,3706,4.138e-16,4.805e-16,1.325e-15
MKL,3706,3.760e-16,4.472e-16,1.457e-15
VectorFFT,3707,4.106e-16,4.569e-16,1.466e-15
MKL,3707,5.062e-16,5.128e-16,1.805e-15
VectorFFT,3708,4.169e-16,3.742e-16,1.530e-15
MKL,3708,3.233e-16,3.612e-16,1.211e-15
VectorFFT,3709,4.189e-16,3.826e-16,1.627e-15
MKL,3709,5.110e-16,5.745e-16,1.754e-15
VectorFFT,3710,4.132e-16,4.023e-16,1.480e-15
MKL,3710,3.252e-16,3.728e-16,1.065e-15
VectorFFT,3711,4.120e-16,3.961e-16,1.425e-15
MKL,3711,5.035e-16,5.197e-16,2.159e-15
VectorFFT,3712,4.632e-16,4.780e-16,1.708e-15
MKL,3712,2.517e-16,2.607e-16,9.078e-16
VectorFFT,3713,4.141e-16,3.248e-16,1.621e-15
MKL,3713,3.431e-16,3.250e-16,1.059e-15
VectorFFT,3714,4.261e-16,5.020e-16,1.662e-15
MKL,3714,5.031e-16,5.804e-16,1.721e-15
VectorFFT,3715,4.048e-16,4.009e-16,1.421e-15
MKL,3715,5.086e-16,4.832e-16,1.867e-15
VectorFFT,3716,4.145e-16,4.021e-16,1.383e-15
MKL,3716,4.993e-16,5.108e-16,1.848e-15
VectorFFT,3717,4.101e-16,3.705e-16,1.286e-15
MKL,3717,3.866e-16,3.067e-16,1.237e-15
VectorFFT,3718,6.814e-16,9.409e-16,2.478e-15
MKL,3718,2.838e-16,2.935e-16,9.368e-16
VectorFFT,3719,4.136e-16,4.744e-16,1.542e-15
MKL,3719,5.147e-16,6.211e-16,1.556e-15
VectorFFT,3720,4.658e-16,5.249e-16,1.414e-15
MKL,3720,2.770e-16,2.775e-16,8.750e-16
VectorFFT,3721,4.074e-16,4.058e-16,1.348e-15
MKL,3721,3.473e-16,3.537e-16,1.333e-15
VectorFFT,3722,4.130e-16,4.561e-16,1.232e-15
MKL,3722,5.093e-16,6.795e-16,1.697e-15
VectorFFT,3723,4.093e-16,3.986e-16,1.361e-15
MKL,3723,3.273e-16,3.520e-16,1.348e-15
VectorFFT,3724,4.584e-16,5.679e-16,1.577e-15
MKL,3724,2.845e-16,3.177e-16,1.040e-15
VectorFFT,3725,4.191e-16,5.407e-16,1.608e-15
MKL,3725,5.106e-16,5.109e-16,1.871e-15
VectorFFT,3726,5.283e-16,4.620e-16,1.524e-15
MKL,3726,3.097e-16,3.094e-16,9.953e-16
VectorFFT,3727,4.137e-16,4.356e-16,1.436e-15
MKL,3727,5.126e-16,5.960e-16,1.579e-15
VectorFFT,3728,4.124e-16,3.996e-16,1.450e-15
MKL,3728,5.051e-16,5.166e-16,1.866e-15
VectorFFT,3729,4.077e-16,3.755e-16,1.339e-15
MKL,3729,5.223e-16,5.165e-16,1.795e-15
VectorFFT,3730,4.129e-16,3.390e-16,1.322e-15
MKL,3730,4.976e-16,4.647e-16,1.596e-15
VectorFFT,3731,4.520e-16,5.856e-16,1.251e-15
MKL,3731,4.142e-16,4.883e-16,1.436e-15
VectorFFT,3732,4.155e-16,4.341e-16,1.604e-15
MKL,3732,4.996e-16,6.224e-16,2.022e-15
VectorFFT,3733,4.212e-16,4.540e-16,1.329e-15
MKL,3733,5.046e-16,5.801e-16,1.680e-15
VectorFFT,3734,4.162e-16,4.009e-16,1.405e-15
MKL,3734,4.987e-16,5.967e-16,1.728e-15
VectorFFT,3735,4.201e-16,4.867e-16,1.326e-15
MKL,3735,3.466e-16,3.753e-16,1.119e-15
VectorFFT,3736,4.172e-16,3.860e-16,1.304e-15
MKL,3736,5.127e-16,5.370e-16,1.545e-15
VectorFFT,3737,4.113e-16,4.391e-16,1.441e-15
MKL,3737,5.135e-16,5.517e-16,1.834e-15
VectorFFT,3738,4.090e-16,4.506e-16,1.521e-15
MKL,3738,3.285e-16,3.721e-16,1.342e-15
VectorFFT,3739,4.155e-16,4.169e-16,1.453e-15
MKL,3739,5.133e-16,5.634e-16,1.809e-15
VectorFFT,3740,4.879e-16,4.525e-16,1.616e-15
MKL,3740,2.810e-16,2.652e-16,8.731e-16
VectorFFT,3741,1.630e-15,3.770e-15,8.430e-15
MKL,3741,3.687e-16,3.337e-16,1.217e-15
VectorFFT,3742,4.107e-16,3.497e-16,1.273e-15
MKL,3742,5.063e-16,5.195e-16,1.827e-15
VectorFFT,3743,4.086e-16,5.303e-16,1.283e-15
MKL,3743,5.224e-16,5.754e-16,1.756e-15
VectorFFT,3744,4.542e-16,6.208e-16,1.178e-15
MKL,3744,2.629e-16,2.995e-16,7.696e-16
VectorFFT,3745,4.115e-16,3.774e-16,1.266e-15
MKL,3745,5.193e-16,5.212e-16,1.948e-15
VectorFFT,3746,4.199e-16,4.026e-16,1.386e-15
MKL,3746,5.085e-16,6.230e-16,1.911e-15
VectorFFT,3747,4.204e-16,4.227e-16,1.373e-15
MKL,3747,5.095e-16,6.217e-16,1.770e-15
VectorFFT,3748,4.174e-16,4.611e-16,1.569e-15
MKL,3748,4.975e-16,5.870e-16,1.597e-15
VectorFFT,3749,4.153e-16,4.068e-16,1.250e-15
MKL,3749,4.992e-16,5.495e-16,1.833e-15
VectorFFT,3750,3.988e-16,3.460e-16,1.375e-15
MKL,3750,3.450e-16,3.347e-16,1.223e-15
VectorFFT,3751,6.101e-16,9.789e-16,2.285e-15
MKL,3751,3.023e-16,2.807e-16,9.648e-16
VectorFFT,3752,4.133e-16,4.498e-16,1.535e-15
MKL,3752,2.925e-16,3.395e-16,9.705e-16
VectorFFT,3753,4.106e-16,4.406e-16,1.493e-15
MKL,3753,5.167e-16,5.265e-16,1.903e-15
VectorFFT,3754,4.186e-16,3.904e-16,1.351e-15
MKL,3754,4.994e-16,6.274e-16,1.743e-15
VectorFFT,3755,4.225e-16,5.000e-16,1.512e-15
MKL,3755,5.031e-16,7.104e-16,2.026e-15
VectorFFT,3756,4.196e-16,3.862e-16,1.449e-15
MKL,3756,5.021e-16,5.037e-16,1.789e-15
VectorFFT,3757,6.071e-16,7.401e-16,1.991e-15
MKL,3757,3.038e-16,3.348e-16,9.622e-16
VectorFFT,3758,4.153e-16,4.138e-16,1.290e-15
MKL,3758,5.048e-16,4.979e-16,2.020e-15
VectorFFT,3759,4.155e-16,4.099e-16,1.468e-15
MKL,3759,5.121e-16,5.880e-16,1.809e-15
VectorFFT,3760,3.795e-16,4.820e-16,1.392e-15
MKL,3760,2.814e-16,3.179e-16,9.308e-16
VectorFFT,3761,4.170e-16,4.670e-16,1.354e-15
MKL,3761,4.922e-16,5.706e-16,1.716e-15
VectorFFT,3762,6.322e-16,9.044e-16,2.314e-15
MKL,3762,2.930e-16,3.084e-16,1.077e-15
VectorFFT,3763,4.171e-16,5.004e-16,1.384e-15
MKL,3763,3.570e-16,3.678e-16,1.203e-15
VectorFFT,3764,4.124e-16,4.847e-16,1.389e-15
MKL,3764,5.069e-16,5.241e-16,1.660e-15
VectorFFT,3765,4.143e-16,4.347e-16,1.268e-15
MKL,3765,5.132e-16,6.145e-16,1.801e-15
VectorFFT,3766,4.161e-16,3.970e-16,1.411e-15
MKL,3766,5.105e-16,5.673e-16,1.993e-15
VectorFFT,3767,4.161e-16,4.099e-16,1.472e-15
MKL,3767,5.196e-16,5.157e-16,1.631e-15
VectorFFT,3768,4.174e-16,3.828e-16,1.587e-15
MKL,3768,4.923e-16,5.719e-16,1.986e-15
VectorFFT,3769,4.199e-16,4.011e-16,1.381e-15
MKL,3769,4.973e-16,5.691e-16,1.830e-15
VectorFFT,3770,4.894e-16,6.337e-16,1.519e-15
MKL,3770,3.109e-16,3.585e-16,1.032e-15
VectorFFT,3771,4.194e-16,4.050e-16,1.535e-15
MKL,3771,5.159e-16,5.342e-16,1.780e-15
VectorFFT,3772,9.556e-16,1.756e-15,4.122e-15
MKL,3772,2.720e-16,2.872e-16,8.731e-16
VectorFFT,3773,4.320e-16,6.239e-16,1.664e-15
MKL,3773,4.092e-16,4.729e-16,1.424e-15
VectorFFT,3774,5.174e-16,7.015e-16,1.470e-15
MKL,3774,2.819e-16,4.443e-16,9.429e-16
VectorFFT,3775,4.168e-16,3.956e-16,1.312e-15
MKL,3775,5.123e-16,5.551e-16,1.809e-15
VectorFFT,3776,4.107e-16,3.534e-16,1.365e-15
MKL,3776,2.788e-16,2.520e-16,9.584e-16
VectorFFT,3777,4.222e-16,4.132e-16,1.322e-15
MKL,3777,5.169e-16,5.524e-16,1.563e-15
VectorFFT,3778,4.164e-16,4.775e-16,1.491e-15
MKL,3778,5.066e-16,6.920e-16,1.748e-15
VectorFFT,3779,4.213e-16,5.867e-16,1.555e-15
MKL,3779,5.227e-16,6.955e-16,1.832e-15
VectorFFT,3780,4.638e-16,4.895e-16,1.579e-15
MKL,3780,2.920e-16,2.761e-16,9.146e-16
VectorFFT,3781,4.256e-16,4.299e-16,1.599e-15
MKL,3781,5.012e-16,5.351e-16,1.947e-15
VectorFFT,3782,4.229e-16,5.099e-16,1.640e-15
MKL,3782,3.239e-16,3.943e-16,1.317e-15
VectorFFT,3783,4.199e-16,4.569e-16,1.371e-15
MKL,3783,5.091e-16,4.900e-16,1.969e-15
VectorFFT,3784,3.995e-16,4.545e-16,1.110e-15
MKL,3784,2.827e-16,3.217e-16,1.042e-15
VectorFFT,3785,4.112e-16,3.833e-16,1.341e-15
MKL,3785,5.099e-16,4.534e-16,1.633e-15
VectorFFT,3786,4.198e-16,4.980e-16,1.434e-15
MKL,3786,5.063e-16,5.559e-16,1.572e-15
VectorFFT,3787,4.122e-16,4.544e-16,1.587e-15
MKL,3787,5.052e-16,5.064e-16,1.748e-15
VectorFFT,3788,4.161e-16,4.376e-16,1.453e-15
MKL,3788,5.037e-16,5.288e-16,1.851e-15
VectorFFT,3789,4.175e-16,4.653e-16,1.549e-15
MKL,3789,5.061e-16,5.102e-16,1.765e-15
VectorFFT,3790,4.165e-16,3.880e-16,1.535e-15
MKL,3790,5.055e-16,5.815e-16,1.733e-15
VectorFFT,3791,4.147e-16,4.150e-16,1.358e-15
MKL,3791,5.071e-16,5.872e-16,1.647e-15
VectorFFT,3792,4.169e-16,4.117e-16,1.321e-15
MKL,3792,3.013e-16,4.804e-16,1.027e-15
VectorFFT,3793,4.259e-16,4.777e-16,1.375e-15
MKL,3793,5.048e-16,5.449e-16,1.569e-15
VectorFFT,3794,4.415e-16,4.864e-16,1.357e-15
MKL,3794,5.009e-16,5.254e-16,1.763e-15
VectorFFT,3795,4.719e-16,4.587e-16,1.504e-15
MKL,3795,4.100e-16,3.996e-16,1.533e-15
VectorFFT,3796,4.184e-16,3.335e-16,1.322e-15
MKL,3796,3.133e-16,3.228e-16,9.609e-16
VectorFFT,3797,4.253e-16,5.131e-16,1.471e-15
MKL,3797,5.107e-16,5.036e-16,1.927e-15
VectorFFT,3798,4.192e-16,3.596e-16,1.432e-15
MKL,3798,4.940e-16,5.670e-16,1.752e-15
VectorFFT,3799,4.162e-16,4.173e-16,1.434e-15
MKL,3799,5.131e-16,5.654e-16,1.742e-15
VectorFFT,3800,4.041e-16,4.181e-16,1.443e-15
MKL,3800,2.839e-16,2.764e-16,9.032e-16
VectorFFT,3801,4.205e-16,3.677e-16,1.349e-15
MKL,3801,5.191e-16,5.130e-16,2.452e-15
VectorFFT,3802,4.166e-16,4.760e-16,1.539e-15
MKL,3802,5.087e-16,6.010e-16,1.806e-15
VectorFFT,3803,4.183e-16,4.237e-16,1.256e-15
MKL,3803,5.025e-16,5.704e-16,1.694e-15
VectorFFT,3804,4.193e-16,4.616e-16,1.548e-15
MKL,3804,5.021e-16,4.901e-16,1.921e-15
VectorFFT,3805,4.188e-16,4.827e-16,1.378e-15
MKL,3805,5.281e-16,6.547e-16,1.796e-15
VectorFFT,3806,4.202e-16,4.555e-16,1.323e-15
MKL,3806,5.018e-16,5.417e-16,2.117e-15
VectorFFT,3807,4.922e-16,5.355e-16,1.581e-15
MKL,3807,3.374e-16,3.700e-16,1.060e-15
VectorFFT,3808,4.288e-16,4.668e-16,1.249e-15
MKL,3808,2.560e-16,2.597e-16,8.353e-16
VectorFFT,3809,4.228e-16,5.216e-16,1.517e-15
MKL,3809,5.144e-16,5.946e-16,1.828e-15
VectorFFT,3810,4.125e-16,4.154e-16,1.355e-15
MKL,3810,3.727e-16,5.167e-16,1.461e-15
VectorFFT,3811,4.232e-16,3.786e-16,1.611e-15
MKL,3811,5.242e-16,4.235e-16,1.878e-15
VectorFFT,3812,4.128e-16,3.807e-16,1.336e-15
MKL,3812,5.066e-16,5.624e-16,1.747e-15
VectorFFT,3813,1.052e-15,1.886e-15,3.948e-15
MKL,3813,3.270e-16,3.541e-16,1.128e-15
VectorFFT,3814,4.237e-16,4.859e-16,1.402e-15
MKL,3814,5.010e-16,5.659e-16,1.713e-15
VectorFFT,3815,4.182e-16,4.272e-16,1.300e-15
MKL,3815,5.302e-16,6.521e-16,1.823e-15
VectorFFT,3816,4.239e-16,4.136e-16,1.505e-15
MKL,3816,2.812e-16,3.569e-16,8.516e-16
VectorFFT,3817,4.195e-16,4.602e-16,1.413e-15
MKL,3817,5.122e-16,5.927e-16,1.934e-15
VectorFFT,3818,4.170e-16,4.476e-16,1.379e-15
MKL,3818,3.224e-16,3.803e-16,1.126e-15
VectorFFT,3819,4.114e-16,4.297e-16,1.298e-15
MKL,3819,3.476e-16,3.775e-16,1.027e-15
VectorFFT,3820,4.183e-16,3.739e-16,1.414e-15
MKL,3820,5.039e-16,5.585e-16,1.725e-15
VectorFFT,3821,4.194e-16,3.615e-16,1.625e-15
MKL,3821,5.095e-16,4.990e-16,1.770e-15
VectorFFT,3822,5.173e-16,7.489e-16,1.666e-15
MKL,3822,2.984e-16,4.275e-16,1.031e-15
VectorFFT,3823,4.195e-16,3.839e-16,1.435e-15
MKL,3823,5.351e-16,4.636e-16,2.110e-15
VectorFFT,3824,4.220e-16,4.058e-16,1.335e-15
MKL,3824,5.004e-16,5.391e-16,1.748e-15
VectorFFT,3825,5.426e-16,7.240e-16,1.855e-15
MKL,3825,4.387e-16,5.067e-16,1.242e-15
VectorFFT,3826,4.127e-16,3.615e-16,1.228e-15
MKL,3826,5.077e-16,6.440e-16,1.650e-15
VectorFFT,3827,4.168e-16,4.154e-16,1.529e-15
MKL,3827,3.720e-16,3.870e-16,1.273e-15
VectorFFT,3828,4.516e-16,5.022e-16,1.552e-15
MKL,3828,2.698e-16,2.971e-16,8.759e-16
VectorFFT,3829,4.236e-16,4.487e-16,1.360e-15
MKL,3829,5.032e-16,5.914e-16,1.515e-15
VectorFFT,3830,4.167e-16,3.834e-16,1.386e-15
MKL,3830,5.155e-16,4.911e-16,1.811e-15
VectorFFT,3831,4.233e-16,5.164e-16,1.482e-15
MKL,3831,5.134e-16,6.027e-16,1.798e-15
VectorFFT,3832,4.205e-16,4.445e-16,1.272e-15
MKL,3832,5.067e-16,5.164e-16,1.895e-15
VectorFFT,3833,4.127e-16,3.423e-16,1.368e-15
MKL,3833,5.217e-16,4.863e-16,1.848e-15
VectorFFT,3834,4.112e-16,3.842e-16,1.437e-15
MKL,3834,3.303e-16,3.620e-16,1.233e-15
VectorFFT,3835,4.173e-16,5.268e-16,1.372e-15
MKL,3835,3.611e-16,3.838e-16,1.376e-15
VectorFFT,3836,4.233e-16,3.748e-16,1.538e-15
MKL,3836,3.423e-16,3.838e-16,1.189e-15
VectorFFT,3837,4.156e-16,3.802e-16,1.328e-15
MKL,3837,5.151e-16,5.280e-16,1.728e-15
VectorFFT,3838,4.164e-16,4.903e-16,1.373e-15
MKL,3838,3.323e-16,4.307e-16,1.277e-15
VectorFFT,3839,4.177e-16,4.007e-16,1.976e-15
MKL,3839,5.272e-16,5.987e-16,1.758e-15
VectorFFT,3840,2.889e-16,3.098e-16,8.212e-16
MKL,3840,2.673e-16,2.665e-16,9.129e-16
VectorFFT,3841,4.129e-16,4.791e-16,1.807e-15
MKL,3841,5.041e-16,6.602e-16,1.883e-15
VectorFFT,3842,4.194e-16,4.402e-16,1.524e-15
MKL,3842,3.880e-16,5.196e-16,1.253e-15
VectorFFT,3843,4.168e-16,3.999e-16,1.284e-15
MKL,3843,3.456e-16,4.196e-16,1.065e-15
VectorFFT,3844,4.877e-16,5.154e-16,1.589e-15
MKL,3844,2.937e-16,2.815e-16,1.003e-15
VectorFFT,3845,4.143e-16,4.347e-16,1.275e-15
MKL,3845,5.029e-16,4.876e-16,1.663e-15
VectorFFT,3846,4.207e-16,4.029e-16,1.541e-15
MKL,3846,5.127e-16,6.225e-16,1.567e-15
VectorFFT,3847,4.193e-16,4.224e-16,1.531e-15
MKL,3847,4.973e-16,5.777e-16,1.900e-15
VectorFFT,3848,4.567e-16,5.508e-16,1.416e-15
MKL,3848,2.737e-16,3.293e-16,8.543e-16
VectorFFT,3849,4.214e-16,4.008e-16,1.478e-15
MKL,3849,5.064e-16,5.189e-16,1.602e-15
VectorFFT,3850,3.881e-16,4.507e-16,1.215e-15
MKL,3850,2.899e-16,3.456e-16,1.016e-15
VectorFFT,3851,4.182e-16,3.872e-16,1.249e-15
MKL,3851,5.204e-16,4.738e-16,1.873e-15
VectorFFT,3852,4.213e-16,4.346e-16,1.288e-15
MKL,3852,3.241e-16,4.127e-16,1.056e-15
VectorFFT,3853,4.306e-16,4.245e-16,1.372e-15
MKL,3853,5.369e-16,5.971e-16,2.124e-15
VectorFFT,3854,4.158e-16,4.452e-16,1.301e-15
MKL,3854,3.195e-16,3.854e-16,1.089e-15
VectorFFT,3855,4.182e-16,4.182e-16,1.393e-15
MKL,3855,5.063e-16,5.455e-16,1.707e-15
VectorFFT,3856,4.141e-16,4.450e-16,1.424e-15
MKL,3856,5.017e-16,5.347e-16,2.066e-15
VectorFFT,3857,4.384e-16,4.819e-16,1.384e-15
MKL,3857,3.284e-16,3.944e-16,1.037e-15
VectorFFT,3858,4.183e-16,3.898e-16,1.529e-15
MKL,3858,4.998e-16,5.347e-16,1.902e-15
VectorFFT,3859,4.205e-16,4.672e-16,1.490e-15
MKL,3859,5.019e-16,6.211e-16,2.098e-15
VectorFFT,3860,4.228e-16,4.752e-16,1.374e-15
MKL,3860,5.250e-16,5.616e-16,1.828e-15
VectorFFT,3861,6.696e-16,8.887e-16,2.499e-15
MKL,3861,4.292e-16,5.580e-16,1.264e-15
VectorFFT,3862,4.283e-16,4.334e-16,1.371e-15
MKL,3862,5.096e-16,5.007e-16,1.807e-15
VectorFFT,3863,4.142e-16,4.016e-16,1.575e-15
MKL,3863,5.099e-16,5.826e-16,1.785e-15
VectorFFT,3864,4.972e-16,6.215e-16,1.839e-15
MKL,3864,2.700e-16,2.739e-16,9.969e-16
VectorFFT,3865,4.214e-16,4.261e-16,1.466e-15
MKL,3865,5.302e-16,6.035e-16,2.275e-15
VectorFFT,3866,4.197e-16,3.905e-16,1.491e-15
MKL,3866,4.932e-16,5.012e-16,1.949e-15
VectorFFT,3867,4.252e-16,4.919e-16,1.368e-15
MKL,3867,5.117e-16,5.939e-16,1.763e-15
VectorFFT,3868,4.247e-16,4.674e-16,1.446e-15
MKL,3868,5.117e-16,6.030e-16,1.587e-15
VectorFFT,3869,4.129e-16,5.051e-16,1.377e-15
MKL,3869,3.672e-16,3.991e-16,1.333e-15
VectorFFT,3870,4.658e-16,4.953e-16,1.516e-15
MKL,3870,3.022e-16,4.305e-16,1.071e-15
VectorFFT,3871,4.226e-16,3.868e-16,1.535e-15
MKL,3871,3.439e-16,3.344e-16,1.128e-15
VectorFFT,3872,3.332e-16,3.591e-16,1.056e-15
MKL,3872,2.539e-16,2.896e-16,7.845e-16
VectorFFT,3873,4.317e-16,4.519e-16,1.573e-15
MKL,3873,5.168e-16,5.887e-16,1.836e-15
VectorFFT,3874,4.197e-16,4.597e-16,1.459e-15
MKL,3874,3.789e-16,6.487e-16,1.285e-15
VectorFFT,3875,4.493e-16,5.089e-16,1.484e-15
MKL,3875,4.944e-16,4.744e-16,1.763e-15
VectorFFT,3876,5.161e-16,5.924e-16,1.460e-15
MKL,3876,2.782e-16,3.208e-16,1.219e-15
VectorFFT,3877,4.252e-16,3.742e-16,1.572e-15
MKL,3877,5.131e-16,4.478e-16,1.473e-15
VectorFFT,3878,4.184e-16,3.934e-16,1.248e-15
MKL,3878,5.039e-16,4.899e-16,1.583e-15
VectorFFT,3879,4.184e-16,5.073e-16,1.323e-15
MKL,3879,5.162e-16,6.044e-16,1.912e-15
VectorFFT,3880,4.190e-16,3.966e-16,1.321e-15
MKL,3880,3.313e-16,3.876e-16,1.208e-15
VectorFFT,3881,4.136e-16,4.323e-16,1.429e-15
MKL,3881,4.990e-16,5.110e-16,1.740e-15
VectorFFT,3882,4.186e-16,4.517e-16,1.548e-15
MKL,3882,5.103e-16,5.392e-16,1.644e-15
VectorFFT,3883,4.199e-16,4.089e-16,1.458e-15
MKL,3883,5.220e-16,5.032e-16,1.683e-15
VectorFFT,3884,4.153e-16,5.362e-16,1.434e-15
MKL,3884,5.073e-16,6.091e-16,1.979e-15
VectorFFT,3885,4.279e-16,5.311e-16,1.355e-15
MKL,3885,3.306e-16,3.810e-16,1.201e-15
VectorFFT,3886,4.191e-16,5.359e-16,1.315e-15
MKL,3886,3.166e-16,4.455e-16,1.018e-15
VectorFFT,3887,7.519e-16,1.067e-15,2.621e-15
MKL,3887,3.109e-16,3.725e-16,1.055e-15
VectorFFT,3888,3.546e-16,4.002e-16,1.442e-15
MKL,3888,2.824e-16,3.108e-16,9.135e-16
VectorFFT,3889,6.386e-16,1.264e-15,2.282e-15
MKL,3889,5.101e-16,6.680e-16,2.022e-15
VectorFFT,3890,4.163e-16,4.071e-16,1.691e-15
MKL,3890,5.076e-16,5.341e-16,1.673e-15
VectorFFT,3891,4.218e-16,4.453e-16,1.610e-15
MKL,3891,5.192e-16,5.855e-16,1.712e-15
VectorFFT,3892,4.215e-16,4.274e-16,1.387e-15
MKL,3892,3.448e-16,4.851e-16,1.131e-15
VectorFFT,3893,4.229e-16,3.882e-16,1.399e-15
MKL,3893,5.198e-16,4.910e-16,1.963e-15
VectorFFT,3894,4.240e-16,3.837e-16,1.502e-15
MKL,3894,2.999e-16,2.921e-16,9.968e-16
VectorFFT,3895,4.195e-16,4.323e-16,1.208e-15
MKL,3895,3.549e-16,3.726e-16,1.171e-15
VectorFFT,3896,4.213e-16,3.692e-16,1.458e-15
MKL,3896,5.154e-16,5.662e-16,1.843e-15
VectorFFT,3897,4.168e-16,4.538e-16,1.448e-15
MKL,3897,5.077e-16,5.432e-16,1.795e-15
VectorFFT,3898,4.163e-16,4.125e-16,1.304e-15
MKL,3898,5.110e-16,5.509e-16,1.673e-15
VectorFFT,3899,4.212e-16,4.483e-16,1.340e-15
MKL,3899,5.216e-16,5.436e-16,1.698e-15
VectorFFT,3900,4.857e-16,5.620e-16,1.566e-15
MKL,3900,2.924e-16,3.053e-16,9.500e-16
VectorFFT,3901,4.270e-16,5.439e-16,1.329e-15
MKL,3901,3.562e-16,4.419e-16,1.276e-15
VectorFFT,3902,4.265e-16,4.345e-16,1.422e-15
MKL,3902,5.094e-16,5.134e-16,1.769e-15
VectorFFT,3903,4.215e-16,4.495e-16,1.757e-15
MKL,3903,5.239e-16,6.869e-16,1.909e-15
VectorFFT,3904,4.197e-16,3.949e-16,1.282e-15
MKL,3904,2.816e-16,3.821e-16,9.402e-16
VectorFFT,3905,4.233e-16,4.172e-16,1.476e-15
MKL,3905,3.357e-16,3.337e-16,1.358e-15
VectorFFT,3906,4.788e-16,5.414e-16,1.752e-15
MKL,3906,2.859e-16,2.781e-16,9.130e-16
VectorFFT,3907,4.260e-16,4.595e-16,1.336e-15
MKL,3907,5.187e-16,5.553e-16,1.946e-15
VectorFFT,3908,4.243e-16,4.688e-16,1.427e-15
MKL,3908,5.068e-16,6.425e-16,1.948e-15
VectorFFT,3909,4.131e-16,4.193e-16,1.385e-15
MKL,3909,5.088e-16,5.915e-16,2.173e-15
VectorFFT,3910,5.189e-16,5.892e-16,1.476e-15
MKL,3910,3.190e-16,3.497e-16,1.194e-15
VectorFFT,3911,4.197e-16,5.147e-16,1.562e-15
MKL,3911,5.164e-16,6.938e-16,1.864e-15
VectorFFT,3912,4.217e-16,3.977e-16,1.648e-15
MKL,3912,5.160e-16,5.021e-16,1.686e-15
VectorFFT,3913,4.888e-16,5.787e-16,1.628e-15
MKL,3913,3.570e-16,3.967e-16,1.080e-15
VectorFFT,3914,4.235e-16,4.454e-16,1.425e-15
MKL,3914,3.406e-16,4.071e-16,1.100e-15
VectorFFT,3915,5.171e-16,5.974e-16,2.234e-15
MKL,3915,3.378e-16,4.906e-16,1.105e-15
VectorFFT,3916,4.241e-16,4.708e-16,1.363e-15
MKL,3916,3.160e-16,4.614e-16,1.094e-15
VectorFFT,3917,4.239e-16,4.327e-16,1.327e-15
MKL,3917,5.450e-16,6.374e-16,1.727e-15
VectorFFT,3918,4.190e-16,4.275e-16,1.404e-15
MKL,3918,5.130e-16,4.950e-16,2.024e-15
VectorFFT,3919,4.110e-16,5.697e-16,1.351e-15
MKL,3919,5.274e-16,5.399e-16,1.836e-15
VectorFFT,3920,2.298e-16,2.746e-16,1.001e-15
MKL,3920,2.762e-16,2.970e-16,9.018e-16
VectorFFT,3921,4.222e-16,5.066e-16,1.433e-15
MKL,3921,5.196e-16,5.263e-16,1.737e-15
VectorFFT,3922,4.266e-16,4.224e-16,1.461e-15
MKL,3922,3.316e-16,3.843e-16,1.240e-15
VectorFFT,3923,4.188e-16,4.044e-16,1.433e-15
MKL,3923,5.218e-16,5.697e-16,1.817e-15
VectorFFT,3924,4.279e-16,4.979e-16,1.530e-15
MKL,3924,3.286e-16,4.323e-16,1.097e-15
VectorFFT,3925,4.214e-16,4.613e-16,1.363e-15
MKL,3925,5.053e-16,6.325e-16,1.873e-15
VectorFFT,3926,4.244e-16,4.416e-16,1.537e-15
MKL,3926,5.102e-16,5.100e-16,1.621e-15
VectorFFT,3927,4.903e-16,5.678e-16,1.637e-15
MKL,3927,3.061e-16,3.482e-16,1.028e-15
VectorFFT,3928,4.289e-16,3.986e-16,1.518e-15
MKL,3928,5.168e-16,5.438e-16,1.999e-15
VectorFFT,3929,4.210e-16,4.374e-16,1.309e-15
MKL,3929,5.119e-16,5.599e-16,1.738e-15
VectorFFT,3930,4.254e-16,5.550e-16,1.310e-15
MKL,3930,3.541e-16,4.617e-16,1.510e-15
VectorFFT,3931,4.272e-16,4.261e-16,1.473e-15
MKL,3931,5.164e-16,4.556e-16,1.857e-15
VectorFFT,3932,4.266e-16,4.993e-16,1.500e-15
MKL,3932,5.113e-16,5.317e-16,1.690e-15
VectorFFT,3933,5.051e-16,5.643e-16,1.574e-15
MKL,3933,4.444e-16,5.725e-16,1.514e-15
VectorFFT,3934,4.242e-16,3.488e-16,1.593e-15
MKL,3934,5.025e-16,4.305e-16,1.955e-15
VectorFFT,3935,4.283e-16,5.094e-16,1.687e-15
MKL,3935,5.070e-16,6.814e-16,1.813e-15
VectorFFT,3936,3.888e-16,4.771e-16,1.198e-15
MKL,3936,2.724e-16,3.120e-16,1.132e-15
VectorFFT,3937,4.286e-16,3.985e-16,1.362e-15
MKL,3937,5.136e-16,4.563e-16,2.139e-15
VectorFFT,3938,4.193e-16,3.477e-16,1.396e-15
MKL,3938,5.134e-16,4.391e-16,1.800e-15
VectorFFT,3939,4.267e-16,4.483e-16,1.561e-15
MKL,3939,5.133e-16,5.718e-16,1.608e-15
VectorFFT,3940,4.265e-16,5.104e-16,1.688e-15
MKL,3940,5.049e-16,5.439e-16,1.527e-15
VectorFFT,3941,4.260e-16,3.992e-16,1.496e-15
MKL,3941,5.214e-16,5.574e-16,1.633e-15
VectorFFT,3942,4.285e-16,4.733e-16,1.337e-15
MKL,3942,3.205e-16,4.408e-16,1.061e-15
VectorFFT,3943,4.192e-16,4.335e-16,1.329e-15
MKL,3943,5.350e-16,6.180e-16,1.967e-15
VectorFFT,3944,5.774e-16,7.727e-16,1.800e-15
MKL,3944,2.713e-16,3.835e-16,1.090e-15
VectorFFT,3945,4.268e-16,4.530e-16,1.512e-15
MKL,3945,5.111e-16,5.135e-16,1.929e-15
VectorFFT,3946,4.303e-16,3.868e-16,1.353e-15
MKL,3946,5.195e-16,5.432e-16,1.874e-15
VectorFFT,3947,4.191e-16,4.749e-16,1.501e-15
MKL,3947,5.120e-16,5.238e-16,1.652e-15
VectorFFT,3948,4.756e-16,6.308e-16,1.822e-15
MKL,3948,2.845e-16,2.881e-16,9.008e-16
VectorFFT,3949,4.223e-16,4.169e-16,1.393e-15
MKL,3949,5.179e-16,7.118e-16,1.893e-15
VectorFFT,3950,4.221e-16,3.646e-16,1.451e-15
MKL,3950,3.326e-16,4.580e-16,1.110e-15
VectorFFT,3951,4.245e-16,3.825e-16,1.535e-15
MKL,3951,5.092e-16,5.386e-16,2.105e-15
VectorFFT,3952,4.376e-16,5.052e-16,1.338e-15
MKL,3952,2.759e-16,3.120e-16,9.403e-16
VectorFFT,3953,4.171e-16,4.601e-16,1.255e-15
MKL,3953,4.053e-16,4.807e-16,1.376e-15
VectorFFT,3954,4.306e-16,4.709e-16,1.421e-15
MKL,3954,5.191e-16,6.048e-16,1.602e-15
VectorFFT,3955,4.266e-16,4.446e-16,1.354e-15
MKL,3955,5.146e-16,5.431e-16,1.829e-15
VectorFFT,3956,4.685e-16,5.787e-16,1.308e-15
MKL,3956,2.783e-16,3.482e-16,8.739e-16
VectorFFT,3957,4.193e-16,3.715e-16,1.414e-15
MKL,3957,5.203e-16,4.707e-16,1.848e-15
VectorFFT,3958,4.225e-16,4.145e-16,1.545e-15
MKL,3958,5.115e-16,4.973e-16,1.574e-15
VectorFFT,3959,4.228e-16,4.818e-16,1.376e-15
MKL,3959,5.099e-16,6.067e-16,1.718e-15
VectorFFT,3960,4.400e-16,5.661e-16,1.425e-15
MKL,3960,2.831e-16,3.364e-16,9.338e-16
VectorFFT,3961,4.244e-16,4.541e-16,1.470e-15
MKL,3961,5.157e-16,5.780e-16,1.835e-15
VectorFFT,3962,4.215e-16,4.158e-16,1.308e-15
MKL,3962,5.164e-16,5.432e-16,1.869e-15
VectorFFT,3963,4.293e-16,4.184e-16,1.362e-15
MKL,3963,5.133e-16,5.426e-16,1.664e-15
VectorFFT,3964,4.260e-16,4.785e-16,1.658e-15
MKL,3964,5.118e-16,5.637e-16,1.843e-15
VectorFFT,3965,4.159e-16,3.973e-16,1.647e-15
MKL,3965,4.192e-16,4.359e-16,1.292e-15
VectorFFT,3966,4.349e-16,5.024e-16,1.525e-15
MKL,3966,5.101e-16,6.176e-16,1.761e-15
VectorFFT,3967,4.223e-16,4.250e-16,1.505e-15
MKL,3967,5.244e-16,5.503e-16,1.888e-15
VectorFFT,3968,3.777e-16,4.908e-16,1.223e-15
MKL,3968,2.535e-16,3.660e-16,8.197e-16
VectorFFT,3969,4.553e-16,5.938e-16,1.541e-15
MKL,3969,3.278e-16,3.679e-16,1.062e-15
VectorFFT,3970,4.240e-16,3.566e-16,1.412e-15
MKL,3970,5.211e-16,4.428e-16,1.952e-15
VectorFFT,3971,4.366e-16,4.902e-16,1.218e-15
MKL,3971,3.262e-16,3.606e-16,1.129e-15
VectorFFT,3972,4.249e-16,3.449e-16,1.335e-15
MKL,3972,5.189e-16,4.820e-16,1.713e-15
VectorFFT,3973,4.263e-16,4.807e-16,1.537e-15
MKL,3973,5.095e-16,5.179e-16,1.583e-15
VectorFFT,3974,4.269e-16,4.766e-16,1.298e-15
MKL,3974,5.139e-16,6.268e-16,1.815e-15
VectorFFT,3975,4.172e-16,4.098e-16,1.703e-15
MKL,3975,3.686e-16,3.812e-16,1.208e-15
VectorFFT,3976,4.265e-16,4.213e-16,1.561e-15
MKL,3976,2.967e-16,3.393e-16,1.126e-15
VectorFFT,3977,4.188e-16,4.392e-16,1.420e-15
MKL,3977,5.147e-16,5.688e-16,1.781e-15
VectorFFT,3978,8.601e-16,1.367e-15,3.389e-15
MKL,3978,3.022e-16,3.178e-16,1.151e-15
VectorFFT,3979,4.145e-16,4.491e-16,1.277e-15
MKL,3979,5.157e-16,4.944e-16,1.743e-15
VectorFFT,3980,4.193e-16,3.732e-16,1.457e-15
MKL,3980,5.180e-16,4.598e-16,1.573e-15
VectorFFT,3981,4.178e-16,4.522e-16,1.535e-15
MKL,3981,5.132e-16,6.436e-16,1.788e-15
VectorFFT,3982,4.241e-16,4.313e-16,1.457e-15
MKL,3982,5.121e-16,5.341e-16,1.810e-15
VectorFFT,3983,4.233e-16,3.614e-16,1.440e-15
MKL,3983,5.110e-16,4.683e-16,1.714e-15
VectorFFT,3984,4.287e-16,3.815e-16,1.662e-15
MKL,3984,3.045e-16,3.232e-16,1.022e-15
VectorFFT,3985,4.297e-16,5.043e-16,1.348e-15
MKL,3985,5.185e-16,4.808e-16,1.914e-15
VectorFFT,3986,4.247e-16,3.509e-16,1.466e-15
MKL,3986,5.259e-16,4.706e-16,2.103e-15
VectorFFT,3987,4.235e-16,3.815e-16,1.553e-15
MKL,3987,5.216e-16,5.173e-16,1.991e-15
VectorFFT,3988,4.222e-16,4.092e-16,1.353e-15
MKL,3988,5.099e-16,6.008e-16,1.611e-15
VectorFFT,3989,4.431e-16,3.769e-16,1.724e-15
MKL,3989,5.227e-16,5.064e-16,2.053e-15
VectorFFT,3990,4.058e-16,4.526e-16,1.520e-15
MKL,3990,3.030e-16,3.837e-16,9.626e-16
VectorFFT,3991,4.223e-16,5.315e-16,1.468e-15
MKL,3991,5.042e-16,5.419e-16,1.565e-15
VectorFFT,3992,4.267e-16,4.776e-16,1.352e-15
MKL,3992,5.166e-16,6.383e-16,1.889e-15
VectorFFT,3993,5.658e-16,1.087e-15,1.958e-15
MKL,3993,2.958e-16,3.617e-16,9.106e-16
VectorFFT,3994,4.268e-16,5.114e-16,1.402e-15
MKL,3994,5.098e-16,6.669e-16,1.874e-15
VectorFFT,3995,5.092e-16,6.614e-16,1.769e-15
MKL,3995,4.834e-16,4.607e-16,1.544e-15
VectorFFT,3996,4.813e-16,4.456e-16,1.402e-15
MKL,3996,2.960e-16,3.442e-16,1.077e-15
VectorFFT,3997,4.291e-16,4.009e-16,1.308e-15
MKL,3997,5.278e-16,5.131e-16,1.874e-15
VectorFFT,3998,4.299e-16,3.969e-16,1.477e-15
MKL,3998,5.085e-16,4.646e-16,1.822e-15
VectorFFT,3999,5.094e-16,5.081e-16,1.540e-15
MKL,3999,3.513e-16,4.069e-16,1.216e-15
VectorFFT,4000,2.357e-16,2.464e-16,8.589e-16
MKL,4000,2.866e-16,3.411e-16,9.216e-16
VectorFFT,4001,4.400e-16,4.892e-16,3.074e-15
MKL,4001,5.184e-16,5.060e-16,2.045e-15
VectorFFT,4002,1.177e-15,3.009e-15,4.950e-15
MKL,4002,2.817e-16,3.140e-16,8.665e-16
VectorFFT,4003,4.310e-16,4.751e-16,1.462e-15
MKL,4003,5.195e-16,5.245e-16,1.765e-15
VectorFFT,4004,5.067e-16,5.700e-16,1.791e-15
MKL,4004,2.747e-16,3.195e-16,8.132e-16
VectorFFT,4005,4.164e-16,3.239e-16,1.337e-15
MKL,4005,4.834e-16,4.973e-16,1.822e-15
VectorFFT,4006,4.281e-16,5.291e-16,1.578e-15
MKL,4006,5.126e-16,5.833e-16,1.749e-15
VectorFFT,4007,4.245e-16,5.399e-16,1.450e-15
MKL,4007,5.507e-16,6.009e-16,1.828e-15
VectorFFT,4008,4.264e-16,4.521e-16,1.408e-15
MKL,4008,5.243e-16,5.563e-16,2.131e-15
VectorFFT,4009,4.235e-16,4.111e-16,1.429e-15
MKL,4009,5.203e-16,6.497e-16,1.664e-15
VectorFFT,4010,4.321e-16,5.029e-16,1.561e-15
MKL,4010,5.094e-16,6.680e-16,1.814e-15
VectorFFT,4011,4.318e-16,4.614e-16,1.770e-15
MKL,4011,5.348e-16,5.903e-16,2.207e-15
VectorFFT,4012,4.323e-16,5.038e-16,1.268e-15
MKL,4012,3.020e-16,3.120e-16,1.088e-15
VectorFFT,4013,4.209e-16,4.254e-16,1.392e-15
MKL,4013,5.164e-16,5.234e-16,1.827e-15
VectorFFT,4014,4.300e-16,3.953e-16,1.282e-15
MKL,4014,5.109e-16,5.442e-16,1.954e-15
VectorFFT,4015,4.310e-16,4.854e-16,1.439e-15
MKL,4015,3.575e-16,3.990e-16,1.181e-15
VectorFFT,4016,4.268e-16,3.995e-16,1.277e-15
MKL,4016,5.205e-16,5.634e-16,1.738e-15
VectorFFT,4017,4.271e-16,4.874e-16,1.437e-15
MKL,4017,5.162e-16,5.561e-16,1.715e-15
VectorFFT,4018,1.572e-15,2.502e-15,6.517e-15
MKL,4018,2.988e-16,3.208e-16,1.119e-15
VectorFFT,4019,4.271e-16,4.317e-16,1.507e-15
MKL,4019,5.442e-16,6.425e-16,1.976e-15
VectorFFT,4020,4.254e-16,4.353e-16,1.557e-15
MKL,4020,2.990e-16,3.875e-16,1.092e-15
VectorFFT,4021,4.244e-16,3.837e-16,1.580e-15
MKL,4021,5.215e-16,4.986e-16,1.919e-15
VectorFFT,4022,4.234e-16,3.592e-16,1.416e-15
MKL,4022,5.188e-16,5.508e-16,1.970e-15
VectorFFT,4023,4.274e-16,3.312e-16,1.437e-15
MKL,4023,5.332e-16,4.541e-16,2.048e-15
VectorFFT,4024,4.217e-16,4.030e-16,1.700e-15
MKL,4024,5.192e-16,4.997e-16,1.746e-15
VectorFFT,4025,4.414e-16,5.023e-16,1.418e-15
MKL,4025,3.326e-16,4.083e-16,1.123e-15
VectorFFT,4026,4.263e-16,3.939e-16,1.512e-15
MKL,4026,3.006e-16,3.821e-16,1.004e-15
VectorFFT,4027,4.319e-16,4.167e-16,1.349e-15
MKL,4027,5.178e-16,4.779e-16,1.844e-15
VectorFFT,4028,4.198e-16,4.252e-16,1.528e-15
MKL,4028,2.974e-16,3.551e-16,1.124e-15
VectorFFT,4029,4.218e-16,4.582e-16,1.533e-15
MKL,4029,3.432e-16,3.591e-16,1.167e-15
VectorFFT,4030,5.344e-16,5.700e-16,1.756e-15
MKL,4030,3.118e-16,3.335e-16,9.916e-16
VectorFFT,4031,4.241e-16,4.324e-16,1.282e-15
MKL,4031,5.342e-16,5.270e-16,1.829e-15
VectorFFT,4032,2.625e-16,3.001e-16,1.128e-15
MKL,4032,2.592e-16,2.888e-16,9.980e-16
VectorFFT,4033,4.312e-16,4.853e-16,1.260e-15
MKL,4033,5.186e-16,5.791e-16,1.749e-15
VectorFFT,4034,4.301e-16,4.816e-16,1.387e-15
MKL,4034,5.170e-16,5.091e-16,1.879e-15
VectorFFT,4035,4.402e-16,4.719e-16,1.427e-15
MKL,4035,5.183e-16,6.353e-16,1.765e-15
VectorFFT,4036,4.199e-16,3.960e-16,1.365e-15
MKL,4036,5.156e-16,5.723e-16,1.713e-15
VectorFFT,4037,4.306e-16,4.218e-16,1.524e-15
MKL,4037,5.214e-16,5.466e-16,1.866e-15
VectorFFT,4038,4.274e-16,4.709e-16,1.423e-15
MKL,4038,5.280e-16,5.281e-16,1.883e-15
VectorFFT,4039,4.294e-16,5.505e-16,1.433e-15
MKL,4039,5.162e-16,4.761e-16,1.720e-15
VectorFFT,4040,4.315e-16,4.940e-16,1.297e-15
MKL,4040,3.252e-16,5.004e-16,1.186e-15
VectorFFT,4041,4.224e-16,4.544e-16,1.467e-15
MKL,4041,5.440e-16,5.921e-16,1.909e-15
VectorFFT,4042,4.303e-16,4.348e-16,1.552e-15
MKL,4042,2.990e-16,3.458e-16,9.938e-16
VectorFFT,4043,4.260e-16,4.155e-16,1.498e-15
MKL,4043,5.215e-16,5.244e-16,1.616e-15
VectorFFT,4044,4.257e-16,4.711e-16,1.510e-15
MKL,4044,5.154e-16,5.672e-16,1.746e-15
VectorFFT,4045,4.312e-16,4.490e-16,1.435e-15
MKL,4045,5.056e-16,5.640e-16,1.631e-15
VectorFFT,4046,6.046e-16,8.048e-16,2.156e-15
MKL,4046,3.598e-16,3.396e-16,1.443e-15
VectorFFT,4047,4.290e-16,3.669e-16,1.497e-15
MKL,4047,4.600e-16,4.133e-16,1.509e-15
VectorFFT,4048,4.034e-16,4.609e-16,1.638e-15
MKL,4048,2.619e-16,3.099e-16,8.602e-16
VectorFFT,4049,4.269e-16,4.766e-16,1.353e-15
MKL,4049,5.194e-16,6.014e-16,1.808e-15
VectorFFT,4050,4.914e-16,6.146e-16,1.555e-15
MKL,4050,3.291e-16,3.730e-16,1.170e-15
VectorFFT,4051,4.320e-16,5.077e-16,1.466e-15
MKL,4051,5.281e-16,5.072e-16,1.955e-15
VectorFFT,4052,4.347e-16,5.269e-16,1.424e-15
MKL,4052,5.284e-16,7.110e-16,2.145e-15
VectorFFT,4053,4.324e-16,3.756e-16,1.573e-15
MKL,4053,5.159e-16,4.591e-16,2.028e-15
VectorFFT,4054,4.333e-16,4.570e-16,1.633e-15
MKL,4054,5.174e-16,5.789e-16,1.609e-15
VectorFFT,4055,4.368e-16,5.228e-16,1.457e-15
MKL,4055,5.086e-16,6.022e-16,1.879e-15
VectorFFT,4056,5.934e-16,9.677e-16,1.916e-15
MKL,4056,2.732e-16,3.039e-16,9.951e-16
VectorFFT,4057,4.303e-16,3.967e-16,1.612e-15
MKL,4057,5.123e-16,5.037e-16,1.910e-15
VectorFFT,4058,4.269e-16,4.156e-16,1.381e-15
MKL,4058,5.139e-16,6.326e-16,1.873e-15
VectorFFT,4059,4.505e-16,5.156e-16,1.285e-15
MKL,4059,3.637e-16,3.967e-16,1.148e-15
VectorFFT,4060,4.811e-16,5.119e-16,2.068e-15
MKL,4060,2.837e-16,2.949e-16,9.914e-16
VectorFFT,4061,4.303e-16,4.263e-16,1.328e-15
MKL,4061,5.278e-16,5.528e-16,1.822e-15
VectorFFT,4062,4.347e-16,4.568e-16,1.560e-15
MKL,4062,5.294e-16,5.742e-16,1.797e-15
VectorFFT,4063,4.293e-16,4.155e-16,1.381e-15
MKL,4063,5.147e-16,5.440e-16,1.921e-15
VectorFFT,4064,4.240e-16,5.325e-16,1.309e-15
MKL,4064,3.292e-16,4.780e-16,1.101e-15
VectorFFT,4065,4.349e-16,3.975e-16,1.338e-15
MKL,4065,5.182e-16,4.814e-16,2.245e-15
VectorFFT,4066,4.266e-16,4.502e-16,1.414e-15
MKL,4066,3.267e-16,3.963e-16,1.211e-15
VectorFFT,4067,4.289e-16,4.110e-16,1.683e-15
MKL,4067,4.519e-16,4.670e-16,2.322e-15
VectorFFT,4068,4.386e-16,5.693e-16,1.397e-15
MKL,4068,3.316e-16,4.712e-16,1.160e-15
VectorFFT,4069,4.312e-16,3.981e-16,1.517e-15
MKL,4069,5.319e-16,4.775e-16,2.101e-15
VectorFFT,4070,4.065e-16,3.803e-16,1.426e-15
MKL,4070,2.972e-16,2.877e-16,9.986e-16
VectorFFT,4071,4.266e-16,4.304e-16,1.469e-15
MKL,4071,3.229e-16,3.174e-16,9.995e-16
VectorFFT,4072,4.400e-16,4.177e-16,1.456e-15
MKL,4072,5.170e-16,4.927e-16,1.983e-15
VectorFFT,4073,4.279e-16,3.716e-16,1.439e-15
MKL,4073,5.331e-16,4.963e-16,1.728e-15
VectorFFT,4074,4.333e-16,4.173e-16,1.345e-15
MKL,4074,3.287e-16,4.044e-16,1.141e-15
VectorFFT,4075,4.299e-16,3.716e-16,1.604e-15
MKL,4075,5.245e-16,5.038e-16,1.856e-15
VectorFFT,4076,4.293e-16,4.857e-16,1.505e-15
MKL,4076,5.189e-16,5.786e-16,1.708e-15
VectorFFT,4077,4.299e-16,4.209e-16,1.628e-15
MKL,4077,5.209e-16,5.140e-16,1.916e-15
VectorFFT,4078,4.302e-16,4.251e-16,1.357e-15
MKL,4078,5.245e-16,6.513e-16,1.630e-15
VectorFFT,4079,4.238e-16,5.033e-16,1.482e-15
MKL,4079,5.177e-16,5.991e-16,1.867e-15
VectorFFT,4080,4.722e-16,6.029e-16,1.324e-15
MKL,4080,2.744e-16,4.039e-16,9.506e-16
VectorFFT,4081,4.306e-16,4.158e-16,1.457e-15
MKL,4081,3.234e-16,3.206e-16,1.308e-15
VectorFFT,4082,4.310e-16,4.408e-16,1.411e-15
MKL,4082,5.219e-16,5.093e-16,1.866e-15
VectorFFT,4083,4.359e-16,4.303e-16,1.538e-15
MKL,4083,5.291e-16,6.762e-16,1.979e-15
VectorFFT,4084,4.332e-16,4.277e-16,1.525e-15
MKL,4084,5.209e-16,5.892e-16,1.809e-15
VectorFFT,4085,8.185e-16,1.167e-15,3.891e-15
MKL,4085,3.535e-16,3.353e-16,1.069e-15
VectorFFT,4086,4.359e-16,4.015e-16,1.428e-15
MKL,4086,5.165e-16,4.510e-16,2.053e-15
VectorFFT,4087,4.313e-16,4.520e-16,1.657e-15
MKL,4087,3.959e-16,3.980e-16,1.213e-15
VectorFFT,4088,4.371e-16,4.275e-16,1.390e-15
MKL,4088,3.059e-16,3.617e-16,9.455e-16
VectorFFT,4089,4.771e-16,5.291e-16,1.413e-15
MKL,4089,3.297e-16,3.189e-16,1.065e-15
VectorFFT,4090,4.398e-16,4.186e-16,1.281e-15
MKL,4090,5.117e-16,5.078e-16,1.885e-15
VectorFFT,4091,4.240e-16,4.343e-16,1.584e-15
MKL,4091,5.406e-16,5.204e-16,1.958e-15
VectorFFT,4092,4.759e-16,5.695e-16,1.367e-15
MKL,4092,2.720e-16,2.979e-16,8.463e-16
VectorFFT,4093,4.403e-16,4.457e-16,1.399e-15
MKL,4093,5.390e-16,6.191e-16,1.785e-15
VectorFFT,4094,4.292e-16,4.158e-16,1.590e-15
MKL,4094,3.225e-16,4.056e-16,1.196e-15
VectorFFT,4095,4.881e-16,8.026e-16,1.539e-15
MKL,4095,3.497e-16,4.158e-16,1.196e-15
VectorFFT,4096,2.256e-16,2.379e-16,7.772e-16
MKL,4096,2.356e-16,2.664e-16,8.327e-16
