library,N,l2_error,max_error,rt_error
VectorFFT,2,3.292e-20,3.982e-20,0.000e+00
MKL,2,3.292e-20,3.982e-20,0.000e+00
VectorFFT,3,1.668e-16,1.784e-16,3.037e-16
MKL,3,6.983e-17,5.270e-17,2.170e-16
VectorFFT,4,3.553e-17,5.992e-17,5.679e-17
MKL,4,3.553e-17,5.992e-17,5.679e-17
VectorFFT,5,1.527e-16,2.037e-16,2.270e-16
MKL,5,1.320e-16,1.339e-16,2.270e-16
VectorFFT,6,2.020e-16,2.759e-16,2.116e-16
MKL,6,6.233e-17,8.103e-17,1.896e-16
VectorFFT,7,1.485e-16,1.620e-16,2.156e-16
MKL,7,1.330e-16,1.528e-16,3.094e-16
VectorFFT,8,9.060e-17,9.773e-17,2.242e-16
MKL,8,8.881e-17,9.881e-17,1.681e-16
VectorFFT,9,4.808e-16,5.500e-16,1.016e-15
MKL,9,9.017e-17,1.167e-16,2.063e-16
VectorFFT,10,1.820e-16,1.802e-16,3.878e-16
MKL,10,1.168e-16,1.263e-16,2.965e-16
VectorFFT,11,5.420e-16,5.218e-16,8.010e-16
MKL,11,1.250e-16,1.359e-16,1.914e-16
VectorFFT,12,2.369e-16,3.101e-16,3.535e-16
MKL,12,1.147e-16,1.645e-16,2.086e-16
VectorFFT,13,6.742e-16,9.041e-16,1.274e-15
MKL,13,1.348e-16,1.345e-16,2.786e-16
VectorFFT,14,1.672e-16,1.730e-16,3.123e-16
MKL,14,1.493e-16,1.539e-16,3.314e-16
VectorFFT,15,2.632e-16,3.656e-16,4.772e-16
MKL,15,1.524e-16,1.512e-16,2.844e-16
VectorFFT,16,8.321e-17,7.447e-17,2.278e-16
MKL,16,8.594e-17,7.005e-17,2.278e-16
VectorFFT,17,7.452e-16,9.594e-16,8.751e-16
MKL,17,1.776e-16,2.080e-16,2.147e-16
VectorFFT,18,2.918e-16,2.726e-16,6.443e-16
MKL,18,1.687e-16,2.788e-16,3.817e-16
VectorFFT,19,7.452e-16,9.586e-16,1.239e-15
MKL,19,2.247e-16,1.959e-16,3.532e-16
VectorFFT,20,1.526e-16,1.328e-16,3.481e-16
MKL,20,1.621e-16,1.459e-16,3.088e-16
VectorFFT,21,2.319e-16,2.048e-16,4.762e-16
MKL,21,1.339e-16,1.122e-16,4.100e-16
VectorFFT,22,4.447e-16,7.030e-16,7.244e-16
MKL,22,1.456e-16,1.602e-16,2.696e-16
VectorFFT,23,1.001e-15,1.995e-15,1.586e-15
MKL,23,2.197e-16,2.840e-16,4.558e-16
VectorFFT,24,1.850e-16,2.154e-16,4.005e-16
MKL,24,1.346e-16,1.477e-16,2.865e-16
VectorFFT,25,2.029e-16,2.659e-16,4.805e-16
MKL,25,2.072e-16,1.918e-16,2.743e-16
VectorFFT,26,5.816e-16,7.169e-16,1.263e-15
MKL,26,1.992e-16,1.994e-16,4.029e-16
VectorFFT,27,5.314e-16,5.563e-16,1.125e-15
MKL,27,1.909e-16,1.625e-16,5.378e-16
VectorFFT,28,2.810e-16,2.747e-16,5.689e-16
MKL,28,1.997e-16,1.927e-16,5.956e-16
VectorFFT,29,1.372e-15,2.231e-15,2.452e-15
MKL,29,1.896e-16,1.892e-16,4.044e-16
VectorFFT,30,3.681e-16,5.139e-16,6.019e-16
MKL,30,1.848e-16,2.281e-16,3.861e-16
VectorFFT,31,1.026e-15,1.386e-15,2.222e-15
MKL,31,1.707e-16,1.497e-16,4.704e-16
VectorFFT,32,1.204e-16,1.028e-16,3.416e-16
MKL,32,1.248e-16,9.644e-17,2.277e-16
VectorFFT,33,4.853e-16,8.282e-16,8.762e-16
MKL,33,2.266e-16,2.546e-16,3.574e-16
VectorFFT,34,8.269e-16,8.303e-16,1.673e-15
MKL,34,1.845e-16,2.026e-16,4.195e-16
VectorFFT,35,2.549e-16,2.260e-16,5.059e-16
MKL,35,1.951e-16,2.167e-16,3.874e-16
VectorFFT,36,4.666e-16,6.038e-16,8.754e-16
MKL,36,1.619e-16,1.943e-16,3.183e-16
VectorFFT,37,1.800e-15,3.229e-15,5.671e-15
MKL,37,2.120e-16,4.040e-16,5.302e-16
VectorFFT,38,6.546e-16,6.718e-16,1.473e-15
MKL,38,1.803e-16,1.833e-16,4.574e-16
VectorFFT,39,7.630e-16,1.314e-15,1.504e-15
MKL,39,2.289e-16,3.266e-16,4.421e-16
VectorFFT,40,2.050e-16,2.283e-16,4.441e-16
MKL,40,1.445e-16,1.567e-16,4.266e-16
VectorFFT,41,1.088e-15,1.119e-15,2.333e-15
MKL,41,2.394e-16,2.508e-16,5.195e-16
VectorFFT,42,3.263e-16,3.391e-16,5.957e-16
MKL,42,1.763e-16,2.496e-16,4.311e-16
VectorFFT,43,6.580e-16,7.633e-16,1.971e-15
MKL,43,2.088e-16,3.338e-16,4.206e-16
VectorFFT,44,4.493e-16,6.186e-16,7.327e-16
MKL,44,1.872e-16,1.999e-16,4.176e-16
VectorFFT,45,4.402e-16,5.414e-16,8.647e-16
MKL,45,2.275e-16,2.556e-16,6.350e-16
VectorFFT,46,8.940e-16,9.685e-16,1.894e-15
MKL,46,1.785e-16,1.872e-16,4.012e-16
VectorFFT,47,1.472e-15,1.533e-15,5.454e-15
MKL,47,2.520e-16,3.085e-16,5.979e-16
VectorFFT,48,2.749e-16,3.097e-16,5.184e-16
MKL,48,1.670e-16,1.585e-16,4.950e-16
VectorFFT,49,3.018e-16,4.281e-16,8.332e-16
MKL,49,2.425e-16,3.275e-16,4.775e-16
VectorFFT,50,2.574e-16,2.973e-16,5.543e-16
MKL,50,2.145e-16,2.714e-16,4.127e-16
VectorFFT,51,8.117e-16,1.258e-15,1.407e-15
MKL,51,2.158e-16,2.463e-16,5.485e-16
VectorFFT,52,7.384e-16,1.112e-15,1.254e-15
MKL,52,1.687e-16,1.878e-16,4.793e-16
VectorFFT,53,1.165e-15,9.738e-16,3.080e-15
MKL,53,2.060e-16,1.956e-16,5.467e-16
VectorFFT,54,5.332e-16,6.405e-16,1.152e-15
MKL,54,1.499e-16,1.406e-16,3.888e-16
VectorFFT,55,5.520e-16,8.970e-16,1.178e-15
MKL,55,2.375e-16,2.462e-16,5.394e-16
VectorFFT,56,2.955e-16,3.406e-16,6.698e-16
MKL,56,1.497e-16,1.384e-16,4.537e-16
VectorFFT,57,6.407e-16,7.935e-16,1.172e-15
MKL,57,2.370e-16,3.045e-16,5.362e-16
VectorFFT,58,9.888e-16,8.417e-16,2.379e-15
MKL,58,2.167e-16,2.456e-16,4.837e-16
VectorFFT,59,5.683e-16,7.124e-16,1.122e-15
MKL,59,2.794e-16,3.300e-16,7.699e-16
VectorFFT,60,3.567e-16,3.063e-16,7.854e-16
MKL,60,1.989e-16,1.657e-16,5.332e-16
VectorFFT,61,7.338e-16,6.633e-16,1.678e-15
MKL,61,2.690e-16,3.016e-16,5.892e-16
VectorFFT,62,1.192e-15,1.894e-15,3.618e-15
MKL,62,2.000e-16,2.611e-16,5.745e-16
VectorFFT,63,4.822e-16,5.951e-16,8.485e-16
MKL,63,2.218e-16,2.445e-16,5.014e-16
VectorFFT,64,1.689e-16,1.431e-16,3.385e-16
MKL,64,1.405e-16,1.223e-16,3.385e-16
VectorFFT,65,7.785e-16,1.285e-15,1.825e-15
MKL,65,2.776e-16,3.963e-16,7.623e-16
VectorFFT,66,5.332e-16,6.738e-16,1.136e-15
MKL,66,1.868e-16,1.771e-16,4.278e-16
VectorFFT,67,1.036e-15,1.187e-15,1.806e-15
MKL,67,2.498e-16,2.578e-16,5.308e-16
VectorFFT,68,6.323e-16,7.749e-16,8.562e-16
MKL,68,1.777e-16,1.464e-16,4.164e-16
VectorFFT,69,9.870e-16,1.081e-15,2.882e-15
MKL,69,2.570e-16,4.325e-16,5.057e-16
VectorFFT,70,2.654e-16,2.439e-16,6.083e-16
MKL,70,1.837e-16,1.574e-16,4.204e-16
VectorFFT,71,5.419e-16,5.997e-16,1.053e-15
MKL,71,2.710e-16,2.697e-16,5.873e-16
VectorFFT,72,4.191e-16,5.199e-16,9.329e-16
MKL,72,1.650e-16,1.648e-16,4.780e-16
VectorFFT,73,7.600e-16,7.148e-16,1.584e-15
MKL,73,2.145e-16,2.235e-16,4.475e-16
VectorFFT,74,1.556e-15,1.992e-15,3.809e-15
MKL,74,2.183e-16,2.256e-16,6.732e-16
VectorFFT,75,3.134e-16,3.506e-16,5.257e-16
MKL,75,3.801e-16,3.677e-16,7.917e-16
VectorFFT,76,6.801e-16,9.503e-16,1.377e-15
MKL,76,1.712e-16,1.769e-16,5.407e-16
VectorFFT,77,5.065e-16,6.180e-16,1.161e-15
MKL,77,2.507e-16,2.870e-16,5.050e-16
VectorFFT,78,6.970e-16,8.360e-16,1.605e-15
MKL,78,2.261e-16,2.922e-16,4.914e-16
VectorFFT,79,1.152e-15,1.292e-15,2.270e-15
MKL,79,2.622e-16,3.107e-16,5.204e-16
VectorFFT,80,2.127e-16,2.655e-16,4.917e-16
MKL,80,1.699e-16,2.027e-16,5.445e-16
VectorFFT,81,6.095e-16,6.144e-16,1.389e-15
MKL,81,3.001e-16,3.717e-16,7.301e-16
VectorFFT,82,5.212e-16,5.479e-16,1.219e-15
MKL,82,2.421e-16,2.902e-16,5.657e-16
VectorFFT,83,6.290e-16,7.108e-16,8.426e-16
MKL,83,2.477e-16,2.201e-16,5.247e-16
VectorFFT,84,2.797e-16,2.954e-16,7.281e-16
MKL,84,2.051e-16,2.830e-16,5.510e-16
VectorFFT,85,9.134e-16,1.208e-15,1.669e-15
MKL,85,2.669e-16,2.905e-16,5.539e-16
VectorFFT,86,6.636e-16,9.564e-16,8.155e-16
MKL,86,2.024e-16,2.690e-16,4.762e-16
VectorFFT,87,9.899e-16,1.487e-15,2.850e-15
MKL,87,2.321e-16,2.638e-16,8.745e-16
VectorFFT,88,5.015e-16,8.409e-16,1.095e-15
MKL,88,1.935e-16,1.991e-16,4.728e-16
VectorFFT,89,8.098e-16,6.385e-16,1.722e-15
MKL,89,2.755e-16,3.331e-16,7.621e-16
VectorFFT,90,4.938e-16,6.943e-16,1.346e-15
MKL,90,2.056e-16,2.130e-16,5.202e-16
VectorFFT,91,6.615e-16,9.131e-16,1.616e-15
MKL,91,2.503e-16,2.378e-16,5.038e-16
VectorFFT,92,9.394e-16,1.995e-15,2.386e-15
MKL,92,1.752e-16,2.088e-16,4.242e-16
VectorFFT,93,1.223e-15,1.115e-15,3.252e-15
MKL,93,2.299e-16,2.560e-16,5.417e-16
VectorFFT,94,5.341e-16,5.442e-16,1.130e-15
MKL,94,2.304e-16,2.536e-16,6.569e-16
VectorFFT,95,6.423e-16,8.835e-16,1.872e-15
MKL,95,2.961e-16,3.584e-16,8.985e-16
VectorFFT,96,2.727e-16,2.723e-16,7.186e-16
MKL,96,1.687e-16,1.959e-16,4.663e-16
VectorFFT,97,6.344e-16,5.886e-16,1.255e-15
MKL,97,4.070e-16,4.010e-16,8.824e-16
VectorFFT,98,4.299e-16,3.229e-16,1.111e-15
MKL,98,2.161e-16,2.398e-16,5.906e-16
VectorFFT,99,6.493e-16,5.598e-16,1.362e-15
MKL,99,2.186e-16,2.230e-16,5.718e-16
VectorFFT,100,2.797e-16,2.630e-16,6.090e-16
MKL,100,2.115e-16,2.041e-16,4.925e-16
VectorFFT,101,5.813e-16,6.403e-16,1.320e-15
MKL,101,4.271e-16,5.389e-16,1.001e-15
VectorFFT,102,7.476e-16,1.191e-15,1.975e-15
MKL,102,2.111e-16,2.526e-16,5.306e-16
VectorFFT,103,1.408e-15,1.649e-15,2.590e-15
MKL,103,4.172e-16,4.838e-16,1.342e-15
VectorFFT,104,6.594e-16,8.998e-16,2.061e-15
MKL,104,2.221e-16,3.190e-16,6.267e-16
VectorFFT,105,3.673e-16,3.975e-16,6.512e-16
MKL,105,2.437e-16,3.471e-16,5.490e-16
VectorFFT,106,7.384e-16,8.516e-16,1.155e-15
MKL,106,1.944e-16,2.188e-16,4.448e-16
VectorFFT,107,5.500e-16,6.356e-16,1.332e-15
MKL,107,3.686e-16,3.819e-16,9.509e-16
VectorFFT,108,5.190e-16,4.704e-16,1.259e-15
MKL,108,1.794e-16,2.437e-16,5.739e-16
VectorFFT,109,1.008e-15,1.176e-15,2.119e-15
MKL,109,4.873e-16,3.993e-16,1.224e-15
VectorFFT,110,5.705e-16,9.566e-16,1.199e-15
MKL,110,2.033e-16,2.476e-16,6.819e-16
VectorFFT,111,6.824e-16,8.722e-16,1.306e-15
MKL,111,2.264e-16,2.476e-16,4.900e-16
VectorFFT,112,3.136e-16,4.502e-16,5.054e-16
MKL,112,1.826e-16,2.827e-16,5.334e-16
VectorFFT,113,6.323e-16,5.335e-16,1.188e-15
MKL,113,4.465e-16,5.003e-16,1.190e-15
VectorFFT,114,7.950e-16,1.462e-15,2.188e-15
MKL,114,2.177e-16,2.463e-16,5.315e-16
VectorFFT,115,1.025e-15,1.367e-15,2.776e-15
MKL,115,2.181e-16,2.292e-16,6.675e-16
VectorFFT,116,1.072e-15,1.163e-15,2.266e-15
MKL,116,1.918e-16,1.805e-16,4.711e-16
VectorFFT,117,8.049e-16,1.245e-15,1.721e-15
MKL,117,2.275e-16,2.479e-16,5.167e-16
VectorFFT,118,6.605e-16,7.692e-16,1.101e-15
MKL,118,2.443e-16,3.557e-16,5.261e-16
VectorFFT,119,7.508e-16,1.455e-15,1.883e-15
MKL,119,2.213e-16,2.497e-16,4.844e-16
VectorFFT,120,3.950e-16,4.100e-16,1.024e-15
MKL,120,2.202e-16,2.480e-16,5.443e-16
VectorFFT,121,6.858e-16,8.860e-16,1.607e-15
MKL,121,2.264e-16,3.269e-16,5.408e-16
VectorFFT,122,6.668e-16,8.509e-16,1.894e-15
MKL,122,2.671e-16,2.520e-16,6.039e-16
VectorFFT,123,6.227e-16,5.793e-16,1.666e-15
MKL,123,3.084e-16,3.635e-16,8.692e-16
VectorFFT,124,1.343e-15,1.528e-15,3.806e-15
MKL,124,2.144e-16,3.361e-16,4.940e-16
VectorFFT,125,3.060e-16,3.257e-16,6.689e-16
MKL,125,2.755e-16,2.985e-16,5.332e-16
VectorFFT,126,3.735e-16,4.300e-16,9.095e-16
MKL,126,2.055e-16,1.782e-16,5.713e-16
VectorFFT,127,1.486e-15,1.606e-15,3.693e-15
MKL,127,4.406e-16,5.719e-16,1.269e-15
VectorFFT,128,2.139e-16,2.641e-16,6.667e-16
MKL,128,1.498e-16,1.740e-16,5.556e-16
VectorFFT,129,1.692e-15,2.634e-15,3.724e-15
MKL,129,2.883e-16,4.024e-16,5.384e-16
VectorFFT,130,6.749e-16,1.125e-15,1.937e-15
MKL,130,2.418e-16,2.220e-16,5.531e-16
VectorFFT,131,1.094e-15,1.118e-15,2.832e-15
MKL,131,4.434e-16,3.750e-16,1.134e-15
VectorFFT,132,6.347e-16,8.346e-16,1.319e-15
MKL,132,2.016e-16,2.106e-16,5.086e-16
VectorFFT,133,7.414e-16,1.135e-15,1.814e-15
MKL,133,2.561e-16,3.426e-16,5.302e-16
VectorFFT,134,5.593e-16,7.655e-16,8.492e-16
MKL,134,2.359e-16,3.519e-16,5.256e-16
VectorFFT,135,5.183e-16,5.823e-16,1.099e-15
MKL,135,2.537e-16,2.499e-16,6.264e-16
VectorFFT,136,8.096e-16,1.066e-15,1.281e-15
MKL,136,1.846e-16,1.924e-16,4.077e-16
VectorFFT,137,1.229e-15,1.256e-15,2.531e-15
MKL,137,3.835e-16,3.597e-16,1.235e-15
VectorFFT,138,9.612e-16,1.146e-15,3.182e-15
MKL,138,2.166e-16,2.304e-16,6.699e-16
VectorFFT,139,1.664e-15,1.669e-15,3.710e-15
MKL,139,3.506e-16,3.026e-16,1.004e-15
VectorFFT,140,3.325e-16,4.537e-16,7.343e-16
MKL,140,2.339e-16,3.450e-16,5.195e-16
VectorFFT,141,1.736e-15,2.308e-15,4.957e-15
MKL,141,2.641e-16,4.162e-16,6.771e-16
VectorFFT,142,6.280e-16,6.051e-16,1.273e-15
MKL,142,2.716e-16,4.085e-16,6.397e-16
VectorFFT,143,8.502e-16,8.344e-16,1.965e-15
MKL,143,2.151e-16,1.567e-16,6.130e-16
VectorFFT,144,3.694e-16,4.958e-16,9.445e-16
MKL,144,1.905e-16,3.163e-16,5.045e-16
VectorFFT,145,1.045e-15,1.309e-15,3.160e-15
MKL,145,2.522e-16,2.674e-16,6.077e-16
VectorFFT,146,5.614e-16,6.860e-16,1.017e-15
MKL,146,2.568e-16,3.068e-16,5.083e-16
VectorFFT,147,3.734e-16,4.589e-16,9.156e-16
MKL,147,2.579e-16,2.843e-16,7.537e-16
VectorFFT,148,1.444e-15,1.615e-15,4.178e-15
MKL,148,2.108e-16,2.546e-16,5.344e-16
VectorFFT,149,2.507e-15,3.449e-15,5.338e-15
MKL,149,3.725e-16,4.943e-16,9.569e-16
VectorFFT,150,3.562e-16,4.534e-16,8.094e-16
MKL,150,2.589e-16,2.922e-16,6.244e-16
VectorFFT,151,7.259e-16,5.722e-16,2.005e-15
MKL,151,4.012e-16,3.252e-16,1.062e-15
VectorFFT,152,7.767e-16,1.144e-15,2.067e-15
MKL,152,2.479e-16,3.717e-16,5.724e-16
VectorFFT,153,7.998e-16,9.701e-16,1.715e-15
MKL,153,3.934e-16,4.778e-16,9.154e-16
VectorFFT,154,5.964e-16,7.625e-16,2.027e-15
MKL,154,2.141e-16,2.332e-16,6.049e-16
VectorFFT,155,1.289e-15,1.574e-15,4.276e-15
MKL,155,2.738e-16,2.365e-16,5.863e-16
VectorFFT,156,6.944e-16,9.332e-16,1.609e-15
MKL,156,2.139e-16,2.484e-16,5.517e-16
VectorFFT,157,1.381e-15,1.752e-15,3.004e-15
MKL,157,3.812e-16,4.020e-16,8.435e-16
VectorFFT,158,5.046e-16,6.465e-16,1.123e-15
MKL,158,2.506e-16,3.711e-16,6.072e-16
VectorFFT,159,4.642e-16,5.046e-16,9.075e-16
MKL,159,2.479e-16,3.181e-16,6.084e-16
VectorFFT,160,2.655e-16,2.699e-16,5.835e-16
MKL,160,1.899e-16,2.074e-16,5.414e-16
VectorFFT,161,9.867e-16,1.147e-15,2.732e-15
MKL,161,2.352e-16,2.103e-16,5.323e-16
VectorFFT,162,4.582e-16,4.753e-16,1.132e-15
MKL,162,2.207e-16,2.257e-16,6.730e-16
VectorFFT,163,1.056e-15,1.226e-15,2.042e-15
MKL,163,3.698e-16,4.018e-16,1.130e-15
VectorFFT,164,1.417e-15,1.675e-15,4.167e-15
MKL,164,2.220e-16,2.485e-16,4.994e-16
VectorFFT,165,5.662e-16,7.547e-16,1.152e-15
MKL,165,2.679e-16,2.553e-16,6.570e-16
VectorFFT,166,6.161e-16,7.092e-16,1.168e-15
MKL,166,2.766e-16,3.056e-16,6.665e-16
VectorFFT,167,6.392e-16,6.982e-16,1.387e-15
MKL,167,4.057e-16,3.208e-16,1.379e-15
VectorFFT,168,3.728e-16,4.637e-16,9.614e-16
MKL,168,2.334e-16,2.329e-16,6.247e-16
VectorFFT,169,8.736e-16,1.280e-15,3.111e-15
MKL,169,2.438e-16,3.306e-16,5.041e-16
VectorFFT,170,7.248e-16,1.028e-15,1.435e-15
MKL,170,2.255e-16,3.176e-16,5.713e-16
VectorFFT,171,7.876e-16,8.172e-16,1.814e-15
MKL,171,3.034e-16,2.328e-16,6.255e-16
VectorFFT,172,1.622e-15,2.568e-15,3.948e-15
MKL,172,2.078e-16,2.919e-16,5.602e-16
VectorFFT,173,5.398e-16,6.650e-16,8.356e-16
MKL,173,3.929e-16,4.233e-16,1.147e-15
VectorFFT,174,1.041e-15,1.175e-15,3.581e-15
MKL,174,2.329e-16,2.974e-16,5.235e-16
VectorFFT,175,3.360e-16,3.896e-16,7.765e-16
MKL,175,3.378e-16,3.679e-16,8.558e-16
VectorFFT,176,5.268e-16,5.825e-16,1.128e-15
MKL,176,1.846e-16,1.909e-16,5.791e-16
VectorFFT,177,7.334e-16,8.302e-16,1.426e-15
MKL,177,2.582e-16,3.343e-16,6.223e-16
VectorFFT,178,5.692e-16,8.715e-16,1.070e-15
MKL,178,2.518e-16,2.665e-16,7.526e-16
VectorFFT,179,5.740e-16,9.159e-16,1.018e-15
MKL,179,3.954e-16,3.972e-16,1.093e-15
VectorFFT,180,4.398e-16,4.814e-16,8.354e-16
MKL,180,2.102e-16,2.287e-16,6.034e-16
VectorFFT,181,1.029e-15,1.254e-15,2.692e-15
MKL,181,3.833e-16,3.808e-16,1.287e-15
VectorFFT,182,7.656e-16,1.335e-15,2.259e-15
MKL,182,2.189e-16,2.919e-16,6.455e-16
VectorFFT,183,5.664e-16,7.732e-16,1.116e-15
MKL,183,2.645e-16,2.037e-16,7.211e-16
VectorFFT,184,9.472e-16,1.401e-15,2.771e-15
MKL,184,2.075e-16,2.659e-16,8.114e-16
VectorFFT,185,1.516e-15,2.225e-15,3.612e-15
MKL,185,2.505e-16,2.808e-16,6.563e-16
VectorFFT,186,1.350e-15,2.147e-15,4.728e-15
MKL,186,2.210e-16,2.221e-16,5.804e-16
VectorFFT,187,9.634e-16,1.332e-15,2.396e-15
MKL,187,3.435e-16,4.958e-16,1.239e-15
VectorFFT,188,1.905e-15,3.173e-15,5.625e-15
MKL,188,2.326e-16,2.721e-16,5.520e-16
VectorFFT,189,5.011e-16,7.586e-16,1.318e-15
MKL,189,2.780e-16,3.678e-16,7.969e-16
VectorFFT,190,6.944e-16,1.193e-15,2.152e-15
MKL,190,2.572e-16,2.589e-16,6.024e-16
VectorFFT,191,1.269e-15,1.382e-15,2.531e-15
MKL,191,4.263e-16,5.221e-16,1.260e-15
VectorFFT,192,2.923e-16,4.034e-16,9.273e-16
MKL,192,1.830e-16,2.114e-16,5.603e-16
VectorFFT,193,6.481e-16,4.865e-16,1.686e-15
MKL,193,4.270e-16,3.052e-16,1.106e-15
VectorFFT,194,5.685e-16,8.297e-16,9.475e-16
MKL,194,2.778e-16,3.762e-16,7.867e-16
VectorFFT,195,7.544e-16,1.816e-15,1.820e-15
MKL,195,3.015e-16,3.387e-16,7.874e-16
VectorFFT,196,3.402e-16,3.785e-16,9.133e-16
MKL,196,2.187e-16,2.011e-16,7.599e-16
VectorFFT,197,6.348e-16,6.827e-16,1.346e-15
MKL,197,4.660e-16,6.073e-16,1.210e-15
VectorFFT,198,6.115e-16,6.490e-16,1.275e-15
MKL,198,2.356e-16,3.225e-16,5.714e-16
VectorFFT,199,1.092e-15,9.973e-16,2.102e-15
MKL,199,4.357e-16,3.682e-16,9.987e-16
VectorFFT,200,3.218e-16,3.793e-16,6.713e-16
MKL,200,2.154e-16,2.107e-16,6.638e-16
VectorFFT,201,6.205e-16,7.231e-16,1.243e-15
MKL,201,2.882e-16,4.271e-16,8.677e-16
VectorFFT,202,5.082e-16,5.370e-16,1.012e-15
MKL,202,2.816e-16,3.847e-16,1.023e-15
VectorFFT,203,1.148e-15,1.347e-15,3.010e-15
MKL,203,2.501e-16,2.291e-16,5.901e-16
VectorFFT,204,7.507e-16,9.835e-16,1.588e-15
MKL,204,2.275e-16,2.781e-16,7.485e-16
VectorFFT,205,1.368e-15,1.765e-15,3.398e-15
MKL,205,2.803e-16,2.472e-16,7.421e-16
VectorFFT,206,7.286e-16,6.541e-16,1.575e-15
MKL,206,2.979e-16,3.177e-16,7.176e-16
VectorFFT,207,1.059e-15,1.953e-15,2.258e-15
MKL,207,3.125e-16,3.169e-16,7.493e-16
VectorFFT,208,6.704e-16,6.640e-16,1.880e-15
MKL,208,2.063e-16,1.859e-16,5.066e-16
VectorFFT,209,9.146e-16,1.264e-15,2.482e-15
MKL,209,3.021e-16,3.066e-16,8.134e-16
VectorFFT,210,3.621e-16,4.098e-16,7.519e-16
MKL,210,2.040e-16,1.928e-16,6.382e-16
VectorFFT,211,1.636e-15,2.134e-15,4.319e-15
MKL,211,4.669e-16,4.996e-16,1.436e-15
VectorFFT,212,6.118e-16,6.485e-16,1.537e-15
MKL,212,2.300e-16,2.544e-16,5.382e-16
VectorFFT,213,7.254e-16,1.134e-15,1.350e-15
MKL,213,2.792e-16,3.918e-16,7.654e-16
VectorFFT,214,6.672e-16,7.405e-16,1.269e-15
MKL,214,3.086e-16,3.675e-16,9.895e-16
VectorFFT,215,1.584e-15,2.266e-15,4.114e-15
MKL,215,2.780e-16,2.959e-16,8.463e-16
VectorFFT,216,4.050e-16,5.822e-16,1.020e-15
MKL,216,1.933e-16,2.154e-16,5.036e-16
VectorFFT,217,1.326e-15,1.783e-15,3.206e-15
MKL,217,2.717e-16,2.443e-16,7.510e-16
VectorFFT,218,6.416e-16,7.639e-16,1.283e-15
MKL,218,2.862e-16,3.602e-16,7.768e-16
VectorFFT,219,6.248e-16,6.765e-16,1.342e-15
MKL,219,2.618e-16,3.028e-16,6.988e-16
VectorFFT,220,5.678e-16,6.512e-16,1.154e-15
MKL,220,2.250e-16,2.645e-16,7.178e-16
VectorFFT,221,9.303e-16,8.274e-16,2.139e-15
MKL,221,2.668e-16,2.409e-16,6.945e-16
VectorFFT,222,1.472e-15,2.295e-15,4.727e-15
MKL,222,2.374e-16,3.126e-16,5.847e-16
VectorFFT,223,6.679e-16,7.206e-16,1.244e-15
MKL,223,4.549e-16,4.578e-16,1.486e-15
VectorFFT,224,2.884e-16,4.629e-16,1.012e-15
MKL,224,1.850e-16,2.059e-16,5.999e-16
VectorFFT,225,5.110e-16,4.516e-16,1.294e-15
MKL,225,2.794e-16,2.372e-16,7.537e-16
VectorFFT,226,5.897e-16,7.491e-16,1.081e-15
MKL,226,2.831e-16,4.219e-16,8.021e-16
VectorFFT,227,6.755e-16,7.366e-16,1.568e-15
MKL,227,4.611e-16,5.120e-16,1.167e-15
VectorFFT,228,1.034e-15,1.979e-15,3.469e-15
MKL,228,2.285e-16,2.676e-16,6.552e-16
VectorFFT,229,1.429e-15,1.378e-15,3.236e-15
MKL,229,5.081e-16,6.764e-16,1.593e-15
VectorFFT,230,1.013e-15,1.727e-15,3.416e-15
MKL,230,2.451e-16,3.117e-16,8.318e-16
VectorFFT,231,5.635e-16,5.723e-16,1.536e-15
MKL,231,2.981e-16,3.127e-16,7.146e-16
VectorFFT,232,1.216e-15,1.968e-15,3.947e-15
MKL,232,2.104e-16,2.763e-16,6.228e-16
VectorFFT,233,6.010e-16,8.488e-16,1.145e-15
MKL,233,5.030e-16,5.607e-16,1.221e-15
VectorFFT,234,7.122e-16,1.001e-15,1.984e-15
MKL,234,2.291e-16,2.363e-16,5.806e-16
VectorFFT,235,1.758e-15,2.368e-15,4.992e-15
MKL,235,2.603e-16,2.365e-16,6.959e-16
VectorFFT,236,5.959e-16,5.692e-16,1.324e-15
MKL,236,2.523e-16,2.316e-16,6.584e-16
VectorFFT,237,6.653e-16,7.320e-16,1.541e-15
MKL,237,2.585e-16,2.041e-16,8.047e-16
VectorFFT,238,9.595e-16,7.607e-16,3.083e-15
MKL,238,2.223e-16,2.185e-16,5.866e-16
VectorFFT,239,6.494e-16,6.660e-16,1.145e-15
MKL,239,5.196e-16,4.835e-16,1.751e-15
VectorFFT,240,3.853e-16,4.937e-16,7.084e-16
MKL,240,2.159e-16,1.940e-16,5.388e-16
VectorFFT,241,5.886e-16,5.192e-16,1.489e-15
MKL,241,5.132e-16,4.928e-16,1.463e-15
VectorFFT,242,8.062e-16,9.020e-16,2.496e-15
MKL,242,2.048e-16,2.065e-16,5.362e-16
VectorFFT,243,6.021e-16,6.634e-16,1.777e-15
MKL,243,3.464e-16,4.549e-16,7.474e-16
VectorFFT,244,6.714e-16,7.859e-16,1.369e-15
MKL,244,2.457e-16,4.087e-16,6.129e-16
VectorFFT,245,3.625e-16,5.158e-16,8.129e-16
MKL,245,2.542e-16,3.106e-16,6.859e-16
VectorFFT,246,1.533e-15,2.164e-15,4.033e-15
MKL,246,2.550e-16,2.433e-16,7.702e-16
VectorFFT,247,9.804e-16,1.473e-15,2.975e-15
MKL,247,3.005e-16,2.848e-16,7.918e-16
VectorFFT,248,1.356e-15,1.758e-15,4.061e-15
MKL,248,2.169e-16,2.420e-16,6.536e-16
VectorFFT,249,6.435e-16,8.134e-16,1.388e-15
MKL,249,3.449e-16,4.218e-16,1.170e-15
VectorFFT,250,3.214e-16,5.204e-16,7.696e-16
MKL,250,2.660e-16,3.126e-16,6.225e-16
VectorFFT,251,6.684e-16,7.041e-16,1.720e-15
MKL,251,5.236e-16,6.550e-16,1.332e-15
VectorFFT,252,4.550e-16,5.329e-16,1.112e-15
MKL,252,2.202e-16,2.338e-16,5.462e-16
VectorFFT,253,1.185e-15,2.162e-15,3.313e-15
MKL,253,3.255e-16,3.663e-16,7.594e-16
VectorFFT,254,5.959e-16,8.060e-16,1.158e-15
MKL,254,2.984e-16,3.465e-16,7.711e-16
VectorFFT,255,8.675e-16,9.850e-16,1.862e-15
MKL,255,3.060e-16,3.070e-16,8.063e-16
VectorFFT,256,2.447e-16,2.779e-16,4.443e-16
MKL,256,1.737e-16,1.689e-16,5.554e-16
VectorFFT,257,5.159e-16,6.537e-16,1.237e-15
MKL,257,4.121e-16,4.673e-16,1.275e-15
VectorFFT,258,1.617e-15,2.359e-15,3.978e-15
MKL,258,2.528e-16,3.018e-16,5.883e-16
VectorFFT,259,1.490e-15,2.891e-15,4.346e-15
MKL,259,2.591e-16,2.667e-16,6.905e-16
VectorFFT,260,6.913e-16,9.771e-16,1.708e-15
MKL,260,2.279e-16,2.473e-16,5.582e-16
VectorFFT,261,1.145e-15,1.451e-15,3.751e-15
MKL,261,2.596e-16,2.832e-16,7.230e-16
VectorFFT,262,6.090e-16,7.927e-16,1.225e-15
MKL,262,2.760e-16,2.950e-16,1.012e-15
VectorFFT,263,6.267e-16,8.199e-16,1.286e-15
MKL,263,4.333e-16,4.432e-16,1.115e-15
VectorFFT,264,5.861e-16,7.826e-16,1.112e-15
MKL,264,2.012e-16,2.158e-16,5.045e-16
VectorFFT,265,6.237e-16,6.924e-16,1.497e-15
MKL,265,3.022e-16,2.998e-16,7.801e-16
VectorFFT,266,7.595e-16,1.238e-15,2.507e-15
MKL,266,2.337e-16,4.112e-16,6.241e-16
VectorFFT,267,6.670e-16,9.393e-16,1.473e-15
MKL,267,2.930e-16,3.562e-16,9.521e-16
VectorFFT,268,6.304e-16,7.439e-16,1.236e-15
MKL,268,2.360e-16,2.579e-16,6.580e-16
VectorFFT,269,5.189e-16,5.277e-16,8.801e-16
MKL,269,4.007e-16,3.718e-16,1.370e-15
VectorFFT,270,5.338e-16,5.511e-16,1.431e-15
MKL,270,2.281e-16,2.048e-16,6.596e-16
VectorFFT,271,9.479e-16,9.236e-16,2.462e-15
MKL,271,4.165e-16,3.230e-16,1.061e-15
VectorFFT,272,7.279e-16,8.817e-16,1.727e-15
MKL,272,2.019e-16,1.895e-16,4.874e-16
VectorFFT,273,6.948e-16,8.390e-16,2.135e-15
MKL,273,3.581e-16,4.077e-16,9.210e-16
VectorFFT,274,7.341e-16,9.610e-16,1.524e-15
MKL,274,3.097e-16,3.965e-16,8.027e-16
VectorFFT,275,5.824e-16,7.962e-16,1.201e-15
MKL,275,2.592e-16,2.844e-16,6.246e-16
VectorFFT,276,1.031e-15,1.534e-15,2.864e-15
MKL,276,2.169e-16,2.409e-16,8.710e-16
VectorFFT,277,1.795e-15,1.838e-15,3.625e-15
MKL,277,4.107e-16,3.916e-16,1.288e-15
VectorFFT,278,6.651e-16,1.189e-15,1.538e-15
MKL,278,3.314e-16,4.017e-16,7.654e-16
VectorFFT,279,1.323e-15,2.037e-15,3.565e-15
MKL,279,2.472e-16,3.440e-16,8.587e-16
VectorFFT,280,3.243e-16,4.596e-16,8.860e-16
MKL,280,2.203e-16,2.513e-16,6.147e-16
VectorFFT,281,6.758e-16,8.004e-16,1.806e-15
MKL,281,4.631e-16,4.545e-16,1.361e-15
VectorFFT,282,1.674e-15,1.759e-15,5.253e-15
MKL,282,2.437e-16,3.408e-16,6.484e-16
VectorFFT,283,5.519e-16,1.055e-15,1.020e-15
MKL,283,4.135e-16,3.859e-16,1.369e-15
VectorFFT,284,5.314e-16,7.857e-16,1.139e-15
MKL,284,2.502e-16,3.705e-16,7.257e-16
VectorFFT,285,7.416e-16,9.317e-16,1.780e-15
MKL,285,2.748e-16,2.458e-16,6.693e-16
VectorFFT,286,8.400e-16,1.112e-15,2.691e-15
MKL,286,2.263e-16,2.354e-16,6.255e-16
VectorFFT,287,1.389e-15,1.698e-15,3.951e-15
MKL,287,2.760e-16,3.084e-16,8.400e-16
VectorFFT,288,4.995e-16,6.740e-16,1.486e-15
MKL,288,2.077e-16,2.423e-16,5.444e-16
VectorFFT,289,1.025e-15,9.912e-16,1.730e-15
MKL,289,4.350e-16,3.732e-16,9.999e-16
VectorFFT,290,1.092e-15,1.761e-15,3.483e-15
MKL,290,2.431e-16,3.225e-16,6.534e-16
VectorFFT,291,6.213e-16,7.741e-16,1.215e-15
MKL,291,4.136e-16,5.109e-16,1.143e-15
VectorFFT,292,6.274e-16,7.022e-16,1.629e-15
MKL,292,2.519e-16,3.069e-16,7.519e-16
VectorFFT,293,5.397e-16,7.803e-16,1.155e-15
MKL,293,4.142e-16,4.904e-16,1.022e-15
VectorFFT,294,4.714e-16,3.775e-16,1.095e-15
MKL,294,2.441e-16,2.342e-16,6.516e-16
VectorFFT,295,6.393e-16,7.560e-16,1.386e-15
MKL,295,3.095e-16,3.901e-16,8.435e-16
VectorFFT,296,1.511e-15,1.752e-15,5.656e-15
MKL,296,2.272e-16,2.289e-16,5.471e-16
VectorFFT,297,7.033e-16,8.872e-16,2.571e-15
MKL,297,3.534e-16,3.615e-16,1.061e-15
VectorFFT,298,5.617e-16,7.209e-16,1.239e-15
MKL,298,3.424e-16,5.777e-16,9.644e-16
VectorFFT,299,1.149e-15,1.230e-15,2.951e-15
MKL,299,2.407e-16,2.124e-16,6.908e-16
VectorFFT,300,4.087e-16,5.196e-16,7.789e-16
MKL,300,2.578e-16,2.817e-16,6.415e-16
VectorFFT,301,1.651e-15,1.738e-15,4.532e-15
MKL,301,2.731e-16,1.952e-16,6.080e-16
VectorFFT,302,6.871e-16,7.384e-16,1.375e-15
MKL,302,3.896e-16,3.922e-16,9.779e-16
VectorFFT,303,6.440e-16,7.169e-16,1.378e-15
MKL,303,4.020e-16,4.831e-16,1.178e-15
VectorFFT,304,7.800e-16,1.084e-15,1.750e-15
MKL,304,2.065e-16,2.866e-16,6.750e-16
VectorFFT,305,6.619e-16,8.652e-16,1.345e-15
MKL,305,3.044e-16,3.987e-16,7.002e-16
VectorFFT,306,8.452e-16,1.064e-15,2.492e-15
MKL,306,2.713e-16,2.886e-16,8.021e-16
VectorFFT,307,1.419e-15,1.595e-15,3.421e-15
MKL,307,4.105e-16,3.208e-16,1.338e-15
VectorFFT,308,5.296e-16,7.813e-16,1.271e-15
MKL,308,2.150e-16,2.633e-16,5.617e-16
VectorFFT,309,5.008e-16,7.372e-16,8.990e-16
MKL,309,4.083e-16,4.343e-16,1.394e-15
VectorFFT,310,1.291e-15,2.050e-15,4.219e-15
MKL,310,2.501e-16,3.472e-16,7.175e-16
VectorFFT,311,2.361e-15,2.634e-15,6.118e-15
MKL,311,4.211e-16,4.157e-16,1.524e-15
VectorFFT,312,6.898e-16,1.047e-15,2.428e-15
MKL,312,2.259e-16,2.069e-16,6.524e-16
VectorFFT,313,1.256e-15,1.091e-15,3.496e-15
MKL,313,4.337e-16,3.648e-16,1.425e-15
VectorFFT,314,6.527e-16,6.152e-16,1.502e-15
MKL,314,4.096e-16,4.411e-16,1.082e-15
VectorFFT,315,4.411e-16,4.657e-16,1.196e-15
MKL,315,3.997e-16,4.617e-16,1.153e-15
VectorFFT,316,5.441e-16,5.490e-16,1.065e-15
MKL,316,2.316e-16,3.717e-16,5.968e-16
VectorFFT,317,5.292e-16,6.464e-16,1.008e-15
MKL,317,4.483e-16,4.276e-16,1.142e-15
VectorFFT,318,6.319e-16,7.529e-16,1.345e-15
MKL,318,2.458e-16,2.765e-16,6.529e-16
VectorFFT,319,1.227e-15,1.362e-15,3.299e-15
MKL,319,2.612e-16,2.823e-16,6.123e-16
VectorFFT,320,2.634e-16,2.769e-16,7.118e-16
MKL,320,1.984e-16,2.307e-16,5.422e-16
VectorFFT,321,6.468e-16,6.459e-16,1.253e-15
MKL,321,3.954e-16,3.479e-16,1.307e-15
VectorFFT,322,1.027e-15,1.164e-15,3.502e-15
MKL,322,2.286e-16,2.881e-16,5.746e-16
VectorFFT,323,9.596e-16,1.639e-15,1.962e-15
MKL,323,3.861e-16,5.333e-16,1.002e-15
VectorFFT,324,4.349e-16,4.478e-16,1.273e-15
MKL,324,2.407e-16,1.832e-16,6.608e-16
VectorFFT,325,6.767e-16,8.165e-16,2.087e-15
MKL,325,3.051e-16,3.736e-16,8.374e-16
VectorFFT,326,6.508e-16,7.512e-16,1.245e-15
MKL,326,4.072e-16,3.412e-16,1.258e-15
VectorFFT,327,6.297e-16,7.160e-16,1.511e-15
MKL,327,3.806e-16,4.767e-16,1.075e-15
VectorFFT,328,1.490e-15,1.720e-15,4.228e-15
MKL,328,2.381e-16,2.338e-16,7.145e-16
VectorFFT,329,1.668e-15,2.089e-15,4.548e-15
MKL,329,2.687e-16,2.770e-16,6.643e-16
VectorFFT,330,5.584e-16,5.221e-16,1.301e-15
MKL,330,2.347e-16,2.599e-16,7.130e-16
VectorFFT,331,1.004e-15,1.083e-15,2.682e-15
MKL,331,3.857e-16,4.468e-16,1.080e-15
VectorFFT,332,6.725e-16,7.153e-16,1.324e-15
MKL,332,2.825e-16,4.259e-16,9.360e-16
VectorFFT,333,1.616e-15,2.743e-15,4.354e-15
MKL,333,3.818e-16,5.866e-16,1.055e-15
VectorFFT,334,6.612e-16,9.833e-16,1.530e-15
MKL,334,4.080e-16,4.925e-16,1.247e-15
VectorFFT,335,6.312e-16,7.945e-16,1.512e-15
MKL,335,2.945e-16,3.857e-16,7.160e-16
VectorFFT,336,3.350e-16,3.805e-16,7.306e-16
MKL,336,2.223e-16,2.490e-16,6.749e-16
VectorFFT,337,6.923e-16,4.304e-16,1.978e-15
MKL,337,4.150e-16,2.531e-16,1.155e-15
VectorFFT,338,1.052e-15,1.213e-15,2.966e-15
MKL,338,2.493e-16,2.228e-16,6.382e-16
VectorFFT,339,6.947e-16,9.093e-16,1.615e-15
MKL,339,4.288e-16,4.479e-16,1.325e-15
VectorFFT,340,7.902e-16,1.072e-15,1.890e-15
MKL,340,2.315e-16,2.349e-16,7.398e-16
VectorFFT,341,1.415e-15,1.941e-15,4.107e-15
MKL,341,2.532e-16,3.093e-16,8.916e-16
VectorFFT,342,7.241e-16,1.129e-15,2.025e-15
MKL,342,2.616e-16,3.687e-16,8.288e-16
VectorFFT,343,3.893e-16,4.133e-16,1.044e-15
MKL,343,4.164e-16,3.606e-16,1.102e-15
VectorFFT,344,1.730e-15,2.386e-15,4.753e-15
MKL,344,2.199e-16,2.949e-16,6.699e-16
VectorFFT,345,9.517e-16,1.399e-15,2.755e-15
MKL,345,4.486e-16,4.650e-16,1.072e-15
VectorFFT,346,5.222e-16,7.762e-16,9.793e-16
MKL,346,4.228e-16,5.084e-16,1.307e-15
VectorFFT,347,6.294e-16,7.377e-16,1.435e-15
MKL,347,4.216e-16,4.052e-16,1.417e-15
VectorFFT,348,1.099e-15,1.396e-15,2.704e-15
MKL,348,2.212e-16,2.441e-16,7.418e-16
VectorFFT,349,1.961e-15,1.492e-15,4.402e-15
MKL,349,3.957e-16,3.338e-16,1.112e-15
VectorFFT,350,3.463e-16,4.220e-16,8.952e-16
MKL,350,2.854e-16,3.360e-16,7.250e-16
VectorFFT,351,8.138e-16,1.318e-15,2.187e-15
MKL,351,3.269e-16,4.234e-16,7.790e-16
VectorFFT,352,5.344e-16,7.795e-16,1.386e-15
MKL,352,2.027e-16,2.895e-16,7.011e-16
VectorFFT,353,9.786e-16,1.159e-15,3.262e-15
MKL,353,4.198e-16,6.436e-16,1.163e-15
VectorFFT,354,6.781e-16,9.587e-16,1.417e-15
MKL,354,2.514e-16,3.651e-16,8.943e-16
VectorFFT,355,6.909e-16,7.414e-16,1.639e-15
MKL,355,4.014e-16,3.534e-16,1.149e-15
VectorFFT,356,5.410e-16,7.355e-16,9.599e-16
MKL,356,2.679e-16,3.514e-16,9.986e-16
VectorFFT,357,7.954e-16,1.006e-15,1.816e-15
MKL,357,2.534e-16,2.334e-16,8.411e-16
VectorFFT,358,6.711e-16,9.528e-16,1.572e-15
MKL,358,3.873e-16,3.868e-16,1.319e-15
VectorFFT,359,6.638e-16,7.889e-16,1.553e-15
MKL,359,4.930e-16,6.592e-16,1.297e-15
VectorFFT,360,5.468e-16,7.103e-16,1.209e-15
MKL,360,2.292e-16,2.305e-16,6.997e-16
VectorFFT,361,9.556e-16,9.570e-16,2.253e-15
MKL,361,3.470e-16,3.450e-16,1.091e-15
VectorFFT,362,6.544e-16,7.463e-16,1.345e-15
MKL,362,3.991e-16,3.721e-16,1.030e-15
VectorFFT,363,6.943e-16,8.386e-16,2.141e-15
MKL,363,2.908e-16,4.235e-16,7.977e-16
VectorFFT,364,7.336e-16,9.622e-16,1.999e-15
MKL,364,2.371e-16,2.975e-16,7.324e-16
VectorFFT,365,6.674e-16,9.047e-16,1.318e-15
MKL,365,3.950e-16,4.922e-16,1.084e-15
VectorFFT,366,6.982e-16,1.101e-15,1.844e-15
MKL,366,2.482e-16,2.927e-16,6.877e-16
VectorFFT,367,5.321e-16,7.920e-16,1.104e-15
MKL,367,4.202e-16,4.653e-16,1.278e-15
VectorFFT,368,1.011e-15,1.694e-15,2.838e-15
MKL,368,2.152e-16,2.832e-16,5.251e-16
VectorFFT,369,1.492e-15,1.889e-15,3.444e-15
MKL,369,3.584e-16,3.828e-16,1.207e-15
VectorFFT,370,1.533e-15,1.920e-15,3.756e-15
MKL,370,2.516e-16,2.421e-16,8.064e-16
VectorFFT,371,5.842e-16,9.208e-16,1.385e-15
MKL,371,3.168e-16,2.845e-16,7.553e-16
VectorFFT,372,1.318e-15,1.596e-15,4.355e-15
MKL,372,2.245e-16,2.497e-16,7.718e-16
VectorFFT,373,7.088e-16,7.260e-16,1.407e-15
MKL,373,3.853e-16,3.130e-16,1.395e-15
VectorFFT,374,1.074e-15,1.180e-15,3.600e-15
MKL,374,2.764e-16,2.492e-16,7.032e-16
VectorFFT,375,4.087e-16,5.051e-16,1.137e-15
MKL,375,4.377e-16,5.713e-16,1.166e-15
VectorFFT,376,1.663e-15,2.280e-15,4.737e-15
MKL,376,2.362e-16,3.258e-16,5.747e-16
VectorFFT,377,1.230e-15,1.454e-15,3.562e-15
MKL,377,2.921e-16,3.000e-16,6.861e-16
VectorFFT,378,5.576e-16,6.172e-16,1.359e-15
MKL,378,2.494e-16,2.694e-16,7.116e-16
VectorFFT,379,1.580e-15,1.493e-15,4.696e-15
MKL,379,4.685e-16,4.776e-16,1.239e-15
VectorFFT,380,6.679e-16,9.506e-16,2.543e-15
MKL,380,2.520e-16,2.568e-16,6.615e-16
VectorFFT,381,6.661e-16,1.038e-15,1.795e-15
MKL,381,4.241e-16,4.821e-16,1.265e-15
VectorFFT,382,6.631e-16,8.279e-16,1.377e-15
MKL,382,4.121e-16,4.447e-16,1.369e-15
VectorFFT,383,7.043e-16,9.722e-16,1.610e-15
MKL,383,4.354e-16,5.129e-16,1.301e-15
VectorFFT,384,3.705e-16,4.402e-16,7.846e-16
MKL,384,2.102e-16,2.434e-16,5.569e-16
VectorFFT,385,5.795e-16,7.707e-16,1.364e-15
MKL,385,2.738e-16,2.975e-16,7.125e-16
VectorFFT,386,6.730e-16,6.750e-16,1.545e-15
MKL,386,4.440e-16,4.396e-16,1.217e-15
VectorFFT,387,1.599e-15,2.271e-15,4.671e-15
MKL,387,3.352e-16,3.911e-16,9.769e-16
VectorFFT,388,5.601e-16,7.283e-16,9.642e-16
MKL,388,2.865e-16,3.383e-16,8.268e-16
VectorFFT,389,6.824e-16,8.100e-16,1.530e-15
MKL,389,4.696e-16,4.810e-16,1.491e-15
VectorFFT,390,6.917e-16,8.755e-16,2.032e-15
MKL,390,2.683e-16,3.384e-16,7.190e-16
VectorFFT,391,1.222e-15,1.599e-15,3.036e-15
MKL,391,2.482e-16,2.225e-16,7.399e-16
VectorFFT,392,3.679e-16,4.233e-16,9.849e-16
MKL,392,2.258e-16,2.732e-16,7.047e-16
VectorFFT,393,5.707e-16,6.326e-16,1.141e-15
MKL,393,5.078e-16,4.103e-16,1.889e-15
VectorFFT,394,6.904e-16,8.278e-16,1.610e-15
MKL,394,4.266e-16,4.667e-16,1.186e-15
VectorFFT,395,6.435e-16,8.776e-16,1.456e-15
MKL,395,3.039e-16,2.627e-16,8.161e-16
VectorFFT,396,6.380e-16,8.171e-16,1.466e-15
MKL,396,2.257e-16,2.943e-16,6.028e-16
VectorFFT,397,1.228e-15,1.404e-15,3.107e-15
MKL,397,4.706e-16,4.834e-16,1.503e-15
VectorFFT,398,6.453e-16,5.813e-16,1.226e-15
MKL,398,4.585e-16,4.129e-16,1.246e-15
VectorFFT,399,7.379e-16,6.662e-16,2.498e-15
MKL,399,2.968e-16,2.307e-16,9.068e-16
VectorFFT,400,3.220e-16,3.329e-16,7.303e-16
MKL,400,2.522e-16,2.860e-16,6.817e-16
VectorFFT,401,6.199e-16,6.297e-16,1.728e-15
MKL,401,4.637e-16,4.378e-16,1.348e-15
VectorFFT,402,6.580e-16,7.953e-16,1.255e-15
MKL,402,2.623e-16,3.199e-16,7.678e-16
VectorFFT,403,1.431e-15,2.047e-15,3.967e-15
MKL,403,2.489e-16,2.282e-16,7.038e-16
VectorFFT,404,6.929e-16,8.324e-16,1.510e-15
MKL,404,2.657e-16,3.218e-16,7.391e-16
VectorFFT,405,4.588e-16,5.067e-16,1.269e-15
MKL,405,3.403e-16,4.034e-16,8.311e-16
VectorFFT,406,1.107e-15,1.848e-15,3.627e-15
MKL,406,2.342e-16,2.662e-16,7.489e-16
VectorFFT,407,1.478e-15,2.542e-15,3.810e-15
MKL,407,2.585e-16,3.584e-16,6.437e-16
VectorFFT,408,7.832e-16,1.215e-15,1.979e-15
MKL,408,2.341e-16,2.317e-16,5.480e-16
VectorFFT,409,1.434e-15,1.584e-15,3.235e-15
MKL,409,4.541e-16,5.245e-16,1.590e-15
VectorFFT,410,1.472e-15,1.774e-15,4.061e-15
MKL,410,2.622e-16,2.970e-16,7.938e-16
VectorFFT,411,6.744e-16,5.107e-16,1.458e-15
MKL,411,5.101e-16,6.557e-16,1.489e-15
VectorFFT,412,5.554e-16,4.711e-16,1.071e-15
MKL,412,2.891e-16,2.666e-16,9.014e-16
VectorFFT,413,5.603e-16,6.761e-16,1.277e-15
MKL,413,2.749e-16,2.938e-16,7.642e-16
VectorFFT,414,9.875e-16,1.724e-15,3.066e-15
MKL,414,2.453e-16,2.739e-16,6.982e-16
VectorFFT,415,7.293e-16,8.809e-16,1.686e-15
MKL,415,3.077e-16,3.756e-16,8.182e-16
VectorFFT,416,6.213e-16,8.655e-16,1.962e-15
MKL,416,2.145e-16,2.254e-16,7.207e-16
VectorFFT,417,6.666e-16,7.799e-16,1.384e-15
MKL,417,4.797e-16,5.663e-16,1.484e-15
VectorFFT,418,9.849e-16,1.410e-15,2.840e-15
MKL,418,2.553e-16,3.022e-16,8.291e-16
VectorFFT,419,7.054e-16,6.561e-16,1.402e-15
MKL,419,4.894e-16,5.878e-16,1.438e-15
VectorFFT,420,4.555e-16,4.975e-16,9.157e-16
MKL,420,2.431e-16,2.571e-16,6.508e-16
VectorFFT,421,1.628e-15,1.886e-15,5.629e-15
MKL,421,4.776e-16,5.096e-16,1.721e-15
VectorFFT,422,5.883e-16,1.090e-15,1.229e-15
MKL,422,4.775e-16,5.462e-16,1.344e-15
VectorFFT,423,1.876e-15,2.466e-15,5.071e-15
MKL,423,3.171e-16,3.265e-16,1.000e-15
VectorFFT,424,6.962e-16,8.302e-16,1.620e-15
MKL,424,2.581e-16,3.357e-16,6.455e-16
VectorFFT,425,7.445e-16,1.282e-15,3.978e-15
MKL,425,2.791e-16,2.935e-16,9.884e-16
VectorFFT,426,6.524e-16,8.519e-16,1.597e-15
MKL,426,2.665e-16,4.271e-16,7.815e-16
VectorFFT,427,6.819e-16,8.984e-16,1.433e-15
MKL,427,2.930e-16,3.186e-16,8.270e-16
VectorFFT,428,6.720e-16,1.073e-15,1.566e-15
MKL,428,2.905e-16,3.035e-16,7.781e-16
VectorFFT,429,8.295e-16,1.037e-15,3.039e-15
MKL,429,2.625e-16,3.094e-16,7.428e-16
VectorFFT,430,1.655e-15,2.072e-15,4.796e-15
MKL,430,2.454e-16,2.897e-16,6.833e-16
VectorFFT,431,7.229e-16,7.382e-16,1.274e-15
MKL,431,4.743e-16,3.473e-16,1.820e-15
VectorFFT,432,4.277e-16,5.077e-16,1.130e-15
MKL,432,2.176e-16,2.800e-16,6.701e-16
VectorFFT,433,9.773e-16,1.338e-15,2.528e-15
MKL,433,4.750e-16,5.613e-16,1.586e-15
VectorFFT,434,1.246e-15,1.757e-15,5.266e-15
MKL,434,2.592e-16,3.064e-16,7.743e-16
VectorFFT,435,1.143e-15,1.679e-15,3.506e-15
MKL,435,3.742e-16,4.364e-16,1.008e-15
VectorFFT,436,7.185e-16,9.542e-16,1.712e-15
MKL,436,2.923e-16,4.602e-16,1.081e-15
VectorFFT,437,1.212e-15,1.675e-15,3.281e-15
MKL,437,2.711e-16,3.325e-16,7.152e-16
VectorFFT,438,7.037e-16,1.279e-15,1.466e-15
MKL,438,2.557e-16,3.033e-16,7.418e-16
VectorFFT,439,6.658e-16,5.962e-16,1.478e-15
MKL,439,4.857e-16,4.250e-16,1.471e-15
VectorFFT,440,5.449e-16,6.763e-16,1.428e-15
MKL,440,2.333e-16,1.841e-16,6.321e-16
VectorFFT,441,5.535e-16,6.856e-16,1.251e-15
MKL,441,3.069e-16,3.127e-16,7.888e-16
VectorFFT,442,1.059e-15,1.231e-15,3.145e-15
MKL,442,2.639e-16,3.178e-16,7.916e-16
VectorFFT,443,6.921e-16,7.269e-16,1.780e-15
MKL,443,4.919e-16,5.439e-16,1.543e-15
VectorFFT,444,1.536e-15,2.609e-15,5.789e-15
MKL,444,2.351e-16,2.828e-16,6.884e-16
VectorFFT,445,5.846e-16,9.164e-16,1.273e-15
MKL,445,3.367e-16,3.284e-16,8.107e-16
VectorFFT,446,6.739e-16,1.016e-15,1.491e-15
MKL,446,4.926e-16,5.865e-16,1.530e-15
VectorFFT,447,6.931e-16,8.271e-16,1.654e-15
MKL,447,4.878e-16,6.982e-16,1.612e-15
VectorFFT,448,3.212e-16,4.288e-16,8.845e-16
MKL,448,2.046e-16,3.093e-16,5.255e-16
VectorFFT,449,6.553e-16,6.339e-16,1.535e-15
MKL,449,4.939e-16,5.019e-16,1.495e-15
VectorFFT,450,5.294e-16,5.671e-16,1.717e-15
MKL,450,2.551e-16,3.040e-16,8.161e-16
VectorFFT,451,1.601e-15,1.653e-15,4.603e-15
MKL,451,3.056e-16,2.617e-16,9.624e-16
VectorFFT,452,7.196e-16,7.665e-16,1.465e-15
MKL,452,2.957e-16,3.345e-16,7.742e-16
VectorFFT,453,6.880e-16,9.052e-16,1.531e-15
MKL,453,4.958e-16,7.917e-16,1.541e-15
VectorFFT,454,6.663e-16,8.264e-16,1.570e-15
MKL,454,4.569e-16,5.571e-16,1.404e-15
VectorFFT,455,7.101e-16,9.932e-16,2.271e-15
MKL,455,2.760e-16,3.129e-16,7.299e-16
VectorFFT,456,7.299e-16,9.440e-16,2.356e-15
MKL,456,2.296e-16,2.806e-16,8.039e-16
VectorFFT,457,1.273e-15,1.904e-15,3.679e-15
MKL,457,4.859e-16,5.998e-16,1.473e-15
VectorFFT,458,7.184e-16,8.549e-16,1.483e-15
MKL,458,4.825e-16,4.687e-16,1.354e-15
VectorFFT,459,9.209e-16,1.037e-15,2.201e-15
MKL,459,2.680e-16,3.354e-16,9.014e-16
VectorFFT,460,1.035e-15,1.357e-15,3.083e-15
MKL,460,2.126e-16,2.189e-16,6.304e-16
VectorFFT,461,7.056e-16,8.677e-16,1.869e-15
MKL,461,4.957e-16,6.653e-16,1.478e-15
VectorFFT,462,6.234e-16,9.100e-16,1.531e-15
MKL,462,2.546e-16,2.731e-16,7.908e-16
VectorFFT,463,1.094e-15,8.339e-16,2.729e-15
MKL,463,5.106e-16,4.740e-16,1.356e-15
VectorFFT,464,1.009e-15,1.196e-15,2.838e-15
MKL,464,2.273e-16,4.043e-16,6.643e-16
VectorFFT,465,1.333e-15,1.794e-15,4.107e-15
MKL,465,2.798e-16,4.759e-16,8.088e-16
VectorFFT,466,7.427e-16,9.268e-16,1.579e-15
MKL,466,4.893e-16,5.654e-16,1.813e-15
VectorFFT,467,6.049e-16,6.384e-16,1.287e-15
MKL,467,5.218e-16,3.839e-16,1.522e-15
VectorFFT,468,8.081e-16,1.114e-15,2.196e-15
MKL,468,2.294e-16,2.282e-16,6.493e-16
VectorFFT,469,5.946e-16,8.221e-16,1.355e-15
MKL,469,2.813e-16,3.033e-16,8.074e-16
VectorFFT,470,1.660e-15,2.376e-15,5.792e-15
MKL,470,2.659e-16,2.796e-16,8.083e-16
VectorFFT,471,7.108e-16,9.460e-16,1.311e-15
MKL,471,4.807e-16,5.493e-16,1.320e-15
VectorFFT,472,7.157e-16,8.264e-16,1.503e-15
MKL,472,2.578e-16,3.252e-16,6.610e-16
VectorFFT,473,1.686e-15,2.137e-15,4.772e-15
MKL,473,3.559e-16,3.543e-16,1.040e-15
VectorFFT,474,5.877e-16,7.320e-16,1.132e-15
MKL,474,2.569e-16,4.180e-16,7.967e-16
VectorFFT,475,7.009e-16,1.188e-15,1.966e-15
MKL,475,2.949e-16,3.436e-16,8.594e-16
VectorFFT,476,8.206e-16,1.330e-15,1.877e-15
MKL,476,2.321e-16,2.302e-16,6.445e-16
VectorFFT,477,6.705e-16,6.648e-16,1.639e-15
MKL,477,2.762e-16,2.504e-16,7.329e-16
VectorFFT,478,6.787e-16,9.252e-16,1.314e-15
MKL,478,4.914e-16,6.288e-16,1.498e-15
VectorFFT,479,6.942e-16,8.875e-16,1.649e-15
MKL,479,4.964e-16,5.831e-16,1.478e-15
VectorFFT,480,3.936e-16,3.941e-16,6.969e-16
MKL,480,2.423e-16,2.413e-16,6.026e-16
VectorFFT,481,1.620e-15,2.981e-15,4.885e-15
MKL,481,2.654e-16,3.355e-16,7.652e-16
VectorFFT,482,7.225e-16,9.495e-16,1.653e-15
MKL,482,4.602e-16,4.848e-16,1.393e-15
VectorFFT,483,1.012e-15,1.646e-15,3.966e-15
MKL,483,3.607e-16,4.335e-16,1.010e-15
VectorFFT,484,7.549e-16,7.468e-16,1.822e-15
MKL,484,2.281e-16,1.981e-16,6.415e-16
VectorFFT,485,7.010e-16,7.862e-16,1.570e-15
MKL,485,5.214e-16,4.120e-16,1.710e-15
VectorFFT,486,7.024e-16,9.402e-16,2.156e-15
MKL,486,2.702e-16,3.019e-16,6.945e-16
VectorFFT,487,6.077e-16,6.697e-16,1.479e-15
MKL,487,5.177e-16,5.296e-16,1.469e-15
VectorFFT,488,7.335e-16,1.147e-15,1.806e-15
MKL,488,2.600e-16,3.104e-16,7.729e-16
VectorFFT,489,6.164e-16,8.751e-16,1.251e-15
MKL,489,5.158e-16,5.568e-16,1.375e-15
VectorFFT,490,3.764e-16,4.405e-16,8.961e-16
MKL,490,2.545e-16,2.663e-16,7.992e-16
VectorFFT,491,7.109e-16,5.415e-16,1.842e-15
MKL,491,5.093e-16,5.831e-16,1.503e-15
VectorFFT,492,1.499e-15,2.036e-15,4.780e-15
MKL,492,2.391e-16,3.547e-16,7.198e-16
VectorFFT,493,1.300e-15,1.798e-15,3.766e-15
MKL,493,2.768e-16,2.954e-16,7.641e-16
VectorFFT,494,1.207e-15,1.310e-15,4.094e-15
MKL,494,2.778e-16,2.538e-16,7.829e-16
VectorFFT,495,7.220e-16,1.053e-15,1.982e-15
MKL,495,3.268e-16,3.486e-16,1.075e-15
VectorFFT,496,1.384e-15,1.731e-15,4.438e-15
MKL,496,2.130e-16,2.586e-16,5.651e-16
VectorFFT,497,6.978e-16,7.421e-16,1.632e-15
MKL,497,2.932e-16,2.761e-16,9.287e-16
VectorFFT,498,6.050e-16,6.783e-16,1.448e-15
MKL,498,2.815e-16,3.774e-16,8.160e-16
VectorFFT,499,6.848e-16,8.369e-16,1.489e-15
MKL,499,5.030e-16,5.216e-16,1.552e-15
VectorFFT,500,3.350e-16,3.706e-16,9.705e-16
MKL,500,2.462e-16,2.561e-16,6.614e-16
VectorFFT,501,7.067e-16,9.206e-16,1.672e-15
MKL,501,5.188e-16,6.297e-16,1.701e-15
VectorFFT,502,5.704e-16,8.644e-16,1.152e-15
MKL,502,4.860e-16,5.645e-16,1.391e-15
VectorFFT,503,6.738e-16,7.670e-16,1.581e-15
MKL,503,5.004e-16,6.298e-16,1.507e-15
VectorFFT,504,4.827e-16,5.461e-16,9.890e-16
MKL,504,2.188e-16,2.254e-16,6.597e-16
VectorFFT,505,7.221e-16,8.109e-16,1.905e-15
MKL,505,4.979e-16,4.864e-16,1.446e-15
VectorFFT,506,1.309e-15,1.366e-15,4.320e-15
MKL,506,2.583e-16,2.546e-16,7.926e-16
VectorFFT,507,9.198e-16,1.106e-15,2.648e-15
MKL,507,2.690e-16,3.076e-16,6.567e-16
VectorFFT,508,7.154e-16,9.611e-16,1.484e-15
MKL,508,3.059e-16,4.063e-16,8.327e-16
VectorFFT,509,6.064e-16,7.550e-16,1.251e-15
MKL,509,4.810e-16,6.180e-16,1.465e-15
VectorFFT,510,8.162e-16,1.339e-15,2.709e-15
MKL,510,2.558e-16,2.881e-16,6.911e-16
VectorFFT,511,7.656e-16,8.656e-16,1.446e-15
MKL,511,3.203e-16,3.101e-16,8.345e-16
VectorFFT,512,2.728e-16,3.216e-16,7.772e-16
MKL,512,1.821e-16,1.904e-16,5.551e-16
VectorFFT,513,7.690e-16,8.587e-16,2.153e-15
MKL,513,3.073e-16,3.334e-16,9.183e-16
VectorFFT,514,5.346e-16,7.051e-16,1.273e-15
MKL,514,4.015e-16,4.222e-16,1.191e-15
VectorFFT,515,5.148e-16,5.965e-16,1.299e-15
MKL,515,4.281e-16,4.168e-16,1.293e-15
VectorFFT,516,1.622e-15,1.977e-15,5.350e-15
MKL,516,2.514e-16,3.290e-16,7.552e-16
VectorFFT,517,1.810e-15,2.221e-15,5.249e-15
MKL,517,3.419e-16,3.325e-16,1.183e-15
VectorFFT,518,1.447e-15,2.541e-15,5.923e-15
MKL,518,2.416e-16,3.262e-16,7.766e-16
VectorFFT,519,5.621e-16,6.838e-16,1.111e-15
MKL,519,4.450e-16,5.638e-16,1.273e-15
VectorFFT,520,6.984e-16,1.089e-15,2.613e-15
MKL,520,2.483e-16,3.159e-16,6.884e-16
VectorFFT,521,1.258e-15,1.291e-15,3.927e-15
MKL,521,4.125e-16,4.952e-16,1.397e-15
VectorFFT,522,1.152e-15,1.635e-15,2.793e-15
MKL,522,2.525e-16,2.765e-16,7.840e-16
VectorFFT,523,1.940e-15,1.954e-15,6.065e-15
MKL,523,4.310e-16,4.326e-16,1.313e-15
VectorFFT,524,4.923e-16,8.184e-16,9.636e-16
MKL,524,3.041e-16,3.639e-16,9.838e-16
VectorFFT,525,4.238e-16,7.133e-16,8.181e-16
MKL,525,2.845e-16,3.781e-16,7.942e-16
VectorFFT,526,5.126e-16,5.949e-16,1.173e-15
MKL,526,4.251e-16,3.856e-16,1.292e-15
VectorFFT,527,1.414e-15,1.966e-15,4.290e-15
MKL,527,2.649e-16,3.035e-16,7.271e-16
VectorFFT,528,6.104e-16,6.565e-16,1.444e-15
MKL,528,2.293e-16,2.541e-16,5.855e-16
VectorFFT,529,1.336e-15,2.322e-15,4.944e-15
MKL,529,3.404e-16,3.625e-16,9.610e-16
VectorFFT,530,5.116e-16,5.967e-16,9.444e-16
MKL,530,2.730e-16,3.197e-16,8.355e-16
VectorFFT,531,5.804e-16,6.692e-16,1.286e-15
MKL,531,2.915e-16,3.927e-16,7.836e-16
VectorFFT,532,7.318e-16,1.253e-15,2.477e-15
MKL,532,2.500e-16,2.513e-16,7.556e-16
VectorFFT,533,1.640e-15,2.261e-15,4.497e-15
MKL,533,2.812e-16,2.594e-16,8.976e-16
VectorFFT,534,5.302e-16,6.804e-16,1.197e-15
MKL,534,2.911e-16,3.826e-16,9.053e-16
VectorFFT,535,5.552e-16,8.818e-16,1.405e-15
MKL,535,4.514e-16,4.883e-16,1.656e-15
VectorFFT,536,5.395e-16,5.946e-16,1.127e-15
MKL,536,2.697e-16,2.795e-16,7.394e-16
VectorFFT,537,5.423e-16,9.038e-16,9.964e-16
MKL,537,4.693e-16,5.837e-16,1.565e-15
VectorFFT,538,6.908e-16,8.380e-16,1.539e-15
MKL,538,4.386e-16,5.246e-16,1.237e-15
VectorFFT,539,6.582e-16,7.059e-16,2.061e-15
MKL,539,2.726e-16,2.626e-16,6.425e-16
VectorFFT,540,5.778e-16,5.909e-16,1.405e-15
MKL,540,2.349e-16,2.742e-16,6.202e-16
VectorFFT,541,1.771e-15,1.776e-15,4.985e-15
MKL,541,4.398e-16,3.196e-16,1.250e-15
VectorFFT,542,5.186e-16,4.699e-16,1.247e-15
MKL,542,4.259e-16,3.695e-16,1.256e-15
VectorFFT,543,5.526e-16,8.427e-16,1.198e-15
MKL,543,4.368e-16,3.781e-16,1.192e-15
VectorFFT,544,7.590e-16,1.319e-15,2.031e-15
MKL,544,2.110e-16,2.335e-16,6.521e-16
VectorFFT,545,5.275e-16,4.737e-16,1.399e-15
MKL,545,4.192e-16,3.268e-16,1.358e-15
VectorFFT,546,7.356e-16,1.228e-15,2.387e-15
MKL,546,2.714e-16,2.895e-16,9.463e-16
VectorFFT,547,1.312e-15,1.634e-15,3.445e-15
MKL,547,4.633e-16,5.662e-16,1.332e-15
VectorFFT,548,5.165e-16,7.314e-16,1.080e-15
MKL,548,3.133e-16,3.737e-16,9.511e-16
VectorFFT,549,6.759e-16,7.753e-16,1.570e-15
MKL,549,3.640e-16,3.619e-16,1.014e-15
VectorFFT,550,5.427e-16,6.395e-16,1.339e-15
MKL,550,2.545e-16,2.739e-16,6.996e-16
VectorFFT,551,1.315e-15,1.682e-15,3.751e-15
MKL,551,2.856e-16,2.517e-16,7.618e-16
VectorFFT,552,1.085e-15,1.713e-15,3.692e-15
MKL,552,2.242e-16,2.510e-16,6.638e-16
VectorFFT,553,6.845e-16,7.262e-16,1.483e-15
MKL,553,3.946e-16,3.845e-16,1.322e-15
VectorFFT,554,5.848e-16,7.643e-16,1.368e-15
MKL,554,4.343e-16,4.376e-16,1.357e-15
VectorFFT,555,1.559e-15,2.069e-15,4.324e-15
MKL,555,2.966e-16,3.526e-16,7.533e-16
VectorFFT,556,5.435e-16,8.131e-16,1.157e-15
MKL,556,3.088e-16,3.905e-16,1.163e-15
VectorFFT,557,5.219e-16,7.848e-16,9.413e-16
MKL,557,4.247e-16,4.707e-16,1.251e-15
VectorFFT,558,1.389e-15,2.121e-15,3.924e-15
MKL,558,2.497e-16,3.350e-16,8.375e-16
VectorFFT,559,1.770e-15,1.930e-15,5.016e-15
MKL,559,2.587e-16,2.141e-16,7.562e-16
VectorFFT,560,3.148e-16,3.888e-16,7.437e-16
MKL,560,2.341e-16,2.251e-16,7.198e-16
VectorFFT,561,1.102e-15,1.407e-15,3.543e-15
MKL,561,4.125e-16,5.572e-16,1.277e-15
VectorFFT,562,4.918e-16,6.797e-16,9.078e-16
MKL,562,4.302e-16,4.282e-16,1.327e-15
VectorFFT,563,7.042e-16,6.400e-16,1.248e-15
MKL,563,4.482e-16,3.670e-16,1.535e-15
VectorFFT,564,1.775e-15,1.947e-15,5.276e-15
MKL,564,2.564e-16,3.200e-16,6.556e-16
VectorFFT,565,5.423e-16,7.327e-16,1.051e-15
MKL,565,4.620e-16,4.182e-16,1.493e-15
VectorFFT,566,7.203e-16,7.564e-16,1.482e-15
MKL,566,4.432e-16,4.024e-16,1.465e-15
VectorFFT,567,4.923e-16,6.962e-16,1.349e-15
MKL,567,4.365e-16,5.818e-16,1.092e-15
VectorFFT,568,5.350e-16,5.743e-16,1.246e-15
MKL,568,2.588e-16,3.575e-16,8.888e-16
VectorFFT,569,5.324e-16,6.197e-16,1.200e-15
MKL,569,4.594e-16,4.949e-16,1.384e-15
VectorFFT,570,7.415e-16,1.049e-15,2.333e-15
MKL,570,2.627e-16,3.122e-16,8.138e-16
VectorFFT,571,1.308e-15,1.148e-15,3.366e-15
MKL,571,4.468e-16,3.582e-16,1.312e-15
VectorFFT,572,8.355e-16,9.236e-16,2.541e-15
MKL,572,2.345e-16,2.542e-16,6.219e-16
VectorFFT,573,6.710e-16,7.086e-16,1.393e-15
MKL,573,4.550e-16,4.159e-16,1.371e-15
VectorFFT,574,2.057e-15,3.042e-15,7.144e-15
MKL,574,2.614e-16,2.894e-16,8.144e-16
VectorFFT,575,9.942e-16,1.469e-15,2.900e-15
MKL,575,2.868e-16,3.224e-16,1.041e-15
VectorFFT,576,5.035e-16,5.158e-16,1.214e-15
MKL,576,2.077e-16,2.701e-16,5.951e-16
VectorFFT,577,9.563e-16,9.525e-16,2.535e-15
MKL,577,4.160e-16,4.268e-16,1.211e-15
VectorFFT,578,1.220e-15,1.669e-15,3.410e-15
MKL,578,3.195e-16,3.256e-16,9.174e-16
VectorFFT,579,5.665e-16,6.779e-16,1.282e-15
MKL,579,4.560e-16,4.269e-16,1.357e-15
VectorFFT,580,1.148e-15,1.674e-15,3.189e-15
MKL,580,2.492e-16,2.362e-16,8.371e-16
VectorFFT,581,5.533e-16,5.195e-16,1.120e-15
MKL,581,3.051e-16,2.698e-16,8.129e-16
VectorFFT,582,5.311e-16,7.270e-16,1.173e-15
MKL,582,2.957e-16,3.784e-16,9.562e-16
VectorFFT,583,6.629e-16,1.032e-15,1.712e-15
MKL,583,2.777e-16,3.269e-16,9.155e-16
VectorFFT,584,5.369e-16,7.182e-16,1.390e-15
MKL,584,2.538e-16,3.047e-16,8.066e-16
VectorFFT,585,7.933e-16,9.542e-16,2.599e-15
MKL,585,3.135e-16,3.152e-16,8.491e-16
VectorFFT,586,5.016e-16,5.687e-16,1.017e-15
MKL,586,4.163e-16,4.044e-16,1.123e-15
VectorFFT,587,6.844e-16,6.622e-16,1.500e-15
MKL,587,4.117e-16,3.772e-16,1.079e-15
VectorFFT,588,3.984e-16,5.712e-16,1.086e-15
MKL,588,2.343e-16,2.721e-16,7.061e-16
VectorFFT,589,1.456e-15,2.048e-15,4.700e-15
MKL,589,2.832e-16,3.288e-16,7.464e-16
VectorFFT,590,7.083e-16,7.003e-16,1.710e-15
MKL,590,2.907e-16,3.434e-16,8.746e-16
VectorFFT,591,6.759e-16,9.289e-16,1.426e-15
MKL,591,4.612e-16,5.322e-16,1.234e-15
VectorFFT,592,1.399e-15,1.502e-15,6.747e-15
MKL,592,2.279e-16,2.848e-16,6.096e-16
VectorFFT,593,2.566e-15,2.571e-15,7.931e-15
MKL,593,4.460e-16,4.497e-16,1.196e-15
VectorFFT,594,7.254e-16,7.958e-16,2.059e-15
MKL,594,2.657e-16,2.669e-16,9.726e-16
VectorFFT,595,7.883e-16,1.376e-15,1.930e-15
MKL,595,4.284e-16,5.216e-16,1.137e-15
VectorFFT,596,5.304e-16,5.777e-16,1.166e-15
MKL,596,3.242e-16,3.656e-16,8.489e-16
VectorFFT,597,6.763e-16,1.026e-15,1.729e-15
MKL,597,4.181e-16,4.786e-16,1.398e-15
VectorFFT,598,1.263e-15,1.586e-15,3.602e-15
MKL,598,2.534e-16,2.496e-16,7.368e-16
VectorFFT,599,6.529e-16,9.786e-16,1.423e-15
MKL,599,4.362e-16,4.938e-16,1.350e-15
VectorFFT,600,4.678e-16,6.556e-16,1.133e-15
MKL,600,2.478e-16,2.816e-16,6.648e-16
VectorFFT,601,1.800e-15,2.231e-15,4.868e-15
MKL,601,4.258e-16,3.895e-16,1.303e-15
VectorFFT,602,1.687e-15,2.074e-15,5.338e-15
MKL,602,2.597e-16,2.508e-16,7.298e-16
VectorFFT,603,5.568e-16,6.144e-16,1.160e-15
MKL,603,2.863e-16,3.798e-16,8.448e-16
VectorFFT,604,5.146e-16,6.384e-16,1.246e-15
MKL,604,4.406e-16,4.634e-16,1.545e-15
VectorFFT,605,7.477e-16,9.396e-16,2.341e-15
MKL,605,3.790e-16,4.472e-16,1.087e-15
VectorFFT,606,4.943e-16,5.262e-16,1.030e-15
MKL,606,2.956e-16,2.882e-16,8.037e-16
VectorFFT,607,6.815e-16,7.357e-16,1.658e-15
MKL,607,4.241e-16,4.177e-16,1.269e-15
VectorFFT,608,6.984e-16,7.364e-16,2.532e-15
MKL,608,2.147e-16,3.188e-16,7.526e-16
VectorFFT,609,1.122e-15,1.406e-15,3.898e-15
MKL,609,3.698e-16,4.625e-16,1.240e-15
VectorFFT,610,5.695e-16,6.899e-16,1.118e-15
MKL,610,2.855e-16,2.872e-16,8.145e-16
VectorFFT,611,1.922e-15,2.885e-15,6.197e-15
MKL,611,2.941e-16,3.585e-16,8.405e-16
VectorFFT,612,8.604e-16,1.199e-15,2.028e-15
MKL,612,2.408e-16,2.181e-16,7.377e-16
VectorFFT,613,1.533e-15,1.566e-15,4.248e-15
MKL,613,4.454e-16,5.673e-16,1.494e-15
VectorFFT,614,5.474e-16,6.584e-16,1.339e-15
MKL,614,4.150e-16,5.513e-16,1.187e-15
VectorFFT,615,1.436e-15,1.659e-15,5.718e-15
MKL,615,4.473e-16,5.078e-16,1.218e-15
VectorFFT,616,5.773e-16,8.074e-16,1.694e-15
MKL,616,2.339e-16,2.485e-16,7.307e-16
VectorFFT,617,1.038e-15,1.262e-15,2.737e-15
MKL,617,4.190e-16,4.776e-16,1.182e-15
VectorFFT,618,5.304e-16,7.418e-16,1.256e-15
MKL,618,2.899e-16,4.439e-16,1.080e-15
VectorFFT,619,5.445e-16,6.770e-16,1.045e-15
MKL,619,4.336e-16,4.222e-16,1.454e-15
VectorFFT,620,1.375e-15,1.556e-15,4.441e-15
MKL,620,2.454e-16,2.680e-16,6.132e-16
VectorFFT,621,1.051e-15,1.601e-15,3.297e-15
MKL,621,4.410e-16,4.349e-16,1.195e-15
VectorFFT,622,6.808e-16,9.111e-16,1.525e-15
MKL,622,4.184e-16,4.148e-16,1.164e-15
VectorFFT,623,5.398e-16,5.973e-16,1.224e-15
MKL,623,3.133e-16,3.359e-16,8.821e-16
VectorFFT,624,7.018e-16,1.103e-15,2.595e-15
MKL,624,2.436e-16,2.959e-16,6.691e-16
VectorFFT,625,4.070e-16,4.529e-16,8.895e-16
MKL,625,3.177e-16,3.248e-16,8.484e-16
VectorFFT,626,6.598e-16,8.772e-16,1.827e-15
MKL,626,4.396e-16,4.443e-16,1.139e-15
VectorFFT,627,8.920e-16,1.376e-15,2.743e-15
MKL,627,3.116e-16,3.467e-16,8.059e-16
VectorFFT,628,6.818e-16,8.010e-16,1.419e-15
MKL,628,4.255e-16,4.704e-16,1.366e-15
VectorFFT,629,1.644e-15,2.629e-15,4.330e-15
MKL,629,4.261e-16,5.741e-16,1.239e-15
VectorFFT,630,5.206e-16,5.710e-16,1.530e-15
MKL,630,2.961e-16,3.799e-16,8.070e-16
VectorFFT,631,1.746e-15,2.148e-15,5.266e-15
MKL,631,4.353e-16,3.885e-16,1.163e-15
VectorFFT,632,5.455e-16,5.521e-16,1.358e-15
MKL,632,2.720e-16,2.994e-16,8.846e-16
VectorFFT,633,5.393e-16,8.636e-16,1.212e-15
MKL,633,4.103e-16,4.170e-16,1.434e-15
VectorFFT,634,5.637e-16,6.568e-16,1.337e-15
MKL,634,4.198e-16,3.271e-16,1.767e-15
VectorFFT,635,5.391e-16,7.506e-16,1.125e-15
MKL,635,4.224e-16,4.314e-16,1.434e-15
VectorFFT,636,5.256e-16,5.999e-16,1.310e-15
MKL,636,2.467e-16,2.568e-16,7.287e-16
VectorFFT,637,8.105e-16,9.641e-16,2.667e-15
MKL,637,2.824e-16,2.694e-16,9.256e-16
VectorFFT,638,1.292e-15,1.823e-15,4.417e-15
MKL,638,2.441e-16,2.844e-16,8.277e-16
VectorFFT,639,5.358e-16,5.951e-16,1.387e-15
MKL,639,2.936e-16,3.438e-16,1.061e-15
VectorFFT,640,3.319e-16,3.783e-16,7.593e-16
MKL,640,2.092e-16,2.169e-16,5.792e-16
VectorFFT,641,6.162e-16,7.837e-16,1.876e-15
MKL,641,4.126e-16,4.767e-16,1.183e-15
VectorFFT,642,5.281e-16,6.197e-16,9.420e-16
MKL,642,3.114e-16,3.793e-16,1.305e-15
VectorFFT,643,6.810e-16,8.394e-16,1.591e-15
MKL,643,4.405e-16,4.963e-16,1.328e-15
VectorFFT,644,1.066e-15,1.395e-15,3.742e-15
MKL,644,2.296e-16,2.465e-16,7.595e-16
VectorFFT,645,1.682e-15,2.448e-15,4.775e-15
MKL,645,4.486e-16,5.412e-16,1.239e-15
VectorFFT,646,1.151e-15,1.201e-15,3.674e-15
MKL,646,3.062e-16,2.672e-16,8.223e-16
VectorFFT,647,6.769e-16,7.976e-16,1.571e-15
MKL,647,4.439e-16,3.651e-16,1.443e-15
VectorFFT,648,5.908e-16,5.590e-16,1.560e-15
MKL,648,2.362e-16,2.509e-16,8.184e-16
VectorFFT,649,5.082e-16,6.749e-16,1.201e-15
MKL,649,3.002e-16,3.395e-16,8.427e-16
VectorFFT,650,6.846e-16,1.048e-15,2.031e-15
MKL,650,2.780e-16,2.755e-16,9.818e-16
VectorFFT,651,1.346e-15,1.723e-15,4.751e-15
MKL,651,2.782e-16,2.617e-16,9.518e-16
VectorFFT,652,4.888e-16,4.243e-16,1.180e-15
MKL,652,4.015e-16,3.470e-16,1.064e-15
VectorFFT,653,5.324e-16,5.390e-16,1.182e-15
MKL,653,4.074e-16,3.375e-16,1.202e-15
VectorFFT,654,5.234e-16,7.090e-16,1.153e-15
MKL,654,3.081e-16,5.291e-16,9.867e-16
VectorFFT,655,6.756e-16,9.018e-16,1.365e-15
MKL,655,4.127e-16,4.415e-16,1.370e-15
VectorFFT,656,1.468e-15,1.829e-15,5.356e-15
MKL,656,2.320e-16,2.280e-16,8.246e-16
VectorFFT,657,5.411e-16,7.952e-16,1.085e-15
MKL,657,3.008e-16,3.905e-16,8.616e-16
VectorFFT,658,1.750e-15,2.530e-15,5.594e-15
MKL,658,2.711e-16,3.099e-16,8.439e-16
VectorFFT,659,5.214e-16,5.635e-16,1.215e-15
MKL,659,4.546e-16,4.192e-16,1.619e-15
VectorFFT,660,6.261e-16,9.622e-16,1.725e-15
MKL,660,2.460e-16,2.972e-16,8.971e-16
VectorFFT,661,1.306e-15,1.562e-15,3.173e-15
MKL,661,4.089e-16,3.651e-16,1.236e-15
VectorFFT,662,6.797e-16,9.457e-16,1.470e-15
MKL,662,4.181e-16,4.227e-16,1.335e-15
VectorFFT,663,1.092e-15,1.595e-15,3.188e-15
MKL,663,2.634e-16,3.631e-16,7.020e-16
VectorFFT,664,5.418e-16,6.510e-16,1.094e-15
MKL,664,2.734e-16,4.397e-16,8.567e-16
VectorFFT,665,7.640e-16,1.123e-15,3.138e-15
MKL,665,3.793e-16,3.736e-16,1.307e-15
VectorFFT,666,1.471e-15,1.969e-15,5.063e-15
MKL,666,2.815e-16,2.846e-16,9.548e-16
VectorFFT,667,1.393e-15,1.756e-15,4.715e-15
MKL,667,2.793e-16,3.202e-16,7.926e-16
VectorFFT,668,5.035e-16,5.712e-16,1.186e-15
MKL,668,4.249e-16,4.850e-16,1.331e-15
VectorFFT,669,5.722e-16,7.501e-16,1.068e-15
MKL,669,4.065e-16,4.291e-16,1.275e-15
VectorFFT,670,5.435e-16,8.966e-16,1.058e-15
MKL,670,2.744e-16,3.546e-16,8.647e-16
VectorFFT,671,6.618e-16,8.651e-16,1.633e-15
MKL,671,3.039e-16,3.132e-16,8.757e-16
VectorFFT,672,3.573e-16,3.902e-16,9.224e-16
MKL,672,2.193e-16,2.600e-16,5.714e-16
VectorFFT,673,6.835e-16,7.162e-16,1.801e-15
MKL,673,4.377e-16,5.640e-16,1.404e-15
VectorFFT,674,6.706e-16,7.870e-16,1.756e-15
MKL,674,4.034e-16,4.297e-16,1.178e-15
VectorFFT,675,4.680e-16,5.589e-16,1.295e-15
MKL,675,3.542e-16,3.710e-16,1.119e-15
VectorFFT,676,9.312e-16,1.228e-15,3.056e-15
MKL,676,2.370e-16,2.895e-16,8.036e-16
VectorFFT,677,1.675e-15,1.992e-15,5.138e-15
MKL,677,4.321e-16,4.756e-16,1.314e-15
VectorFFT,678,5.434e-16,8.609e-16,1.068e-15
MKL,678,3.342e-16,3.251e-16,8.237e-16
VectorFFT,679,5.581e-16,6.871e-16,1.257e-15
MKL,679,4.558e-16,4.109e-16,1.452e-15
VectorFFT,680,8.331e-16,1.283e-15,2.716e-15
MKL,680,2.522e-16,3.596e-16,7.610e-16
VectorFFT,681,5.848e-16,6.440e-16,1.218e-15
MKL,681,4.224e-16,4.985e-16,1.171e-15
VectorFFT,682,1.404e-15,1.753e-15,4.717e-15
MKL,682,2.522e-16,3.604e-16,7.783e-16
VectorFFT,683,5.666e-16,7.722e-16,1.302e-15
MKL,683,4.244e-16,3.805e-16,1.143e-15
VectorFFT,684,8.153e-16,1.077e-15,2.735e-15
MKL,684,2.583e-16,2.987e-16,7.727e-16
VectorFFT,685,5.464e-16,7.673e-16,1.268e-15
MKL,685,4.333e-16,4.982e-16,1.339e-15
VectorFFT,686,4.596e-16,7.261e-16,1.566e-15
MKL,686,3.175e-16,2.797e-16,9.406e-16
VectorFFT,687,5.702e-16,7.726e-16,1.466e-15
MKL,687,4.436e-16,5.775e-16,1.188e-15
VectorFFT,688,1.599e-15,2.536e-15,5.748e-15
MKL,688,2.238e-16,2.293e-16,7.354e-16
VectorFFT,689,6.660e-16,1.007e-15,1.454e-15
MKL,689,2.856e-16,3.074e-16,1.020e-15
VectorFFT,690,1.022e-15,1.501e-15,2.816e-15
MKL,690,3.210e-16,3.298e-16,9.430e-16
VectorFFT,691,1.763e-15,1.938e-15,6.319e-15
MKL,691,4.298e-16,5.323e-16,1.550e-15
VectorFFT,692,5.613e-16,6.785e-16,1.129e-15
MKL,692,4.127e-16,4.042e-16,1.068e-15
VectorFFT,693,7.491e-16,9.754e-16,2.559e-15
MKL,693,4.477e-16,5.169e-16,1.119e-15
VectorFFT,694,6.960e-16,8.215e-16,1.607e-15
MKL,694,4.191e-16,3.873e-16,1.192e-15
VectorFFT,695,6.760e-16,8.710e-16,1.630e-15
MKL,695,4.620e-16,5.779e-16,1.655e-15
VectorFFT,696,1.113e-15,1.852e-15,3.843e-15
MKL,696,2.387e-16,2.668e-16,6.477e-16
VectorFFT,697,1.639e-15,2.724e-15,4.809e-15
MKL,697,4.512e-16,4.965e-16,1.279e-15
VectorFFT,698,5.723e-16,5.764e-16,1.280e-15
MKL,698,4.314e-16,4.345e-16,1.271e-15
VectorFFT,699,6.786e-16,8.907e-16,1.611e-15
MKL,699,4.684e-16,4.328e-16,1.378e-15
VectorFFT,700,3.739e-16,4.053e-16,9.087e-16
MKL,700,2.661e-16,2.933e-16,8.194e-16
VectorFFT,701,1.830e-15,2.393e-15,4.918e-15
MKL,701,4.635e-16,5.748e-16,1.656e-15
VectorFFT,702,8.656e-16,1.125e-15,2.455e-15
MKL,702,2.665e-16,2.947e-16,8.022e-16
VectorFFT,703,1.610e-15,1.801e-15,4.505e-15
MKL,703,3.239e-16,3.233e-16,1.069e-15
VectorFFT,704,5.474e-16,6.881e-16,1.339e-15
MKL,704,2.139e-16,2.418e-16,6.130e-16
VectorFFT,705,1.729e-15,1.943e-15,6.760e-15
MKL,705,4.443e-16,3.886e-16,1.371e-15
VectorFFT,706,5.358e-16,5.164e-16,1.352e-15
MKL,706,4.324e-16,3.924e-16,1.439e-15
VectorFFT,707,6.979e-16,8.972e-16,1.695e-15
MKL,707,4.141e-16,4.749e-16,1.211e-15
VectorFFT,708,7.124e-16,1.360e-15,1.524e-15
MKL,708,2.612e-16,3.390e-16,8.064e-16
VectorFFT,709,6.966e-16,1.296e-15,1.810e-15
MKL,709,4.436e-16,4.898e-16,1.297e-15
VectorFFT,710,5.349e-16,8.067e-16,1.148e-15
MKL,710,3.149e-16,3.748e-16,9.927e-16
VectorFFT,711,5.083e-16,5.972e-16,1.157e-15
MKL,711,4.793e-16,5.370e-16,1.360e-15
VectorFFT,712,5.751e-16,9.167e-16,1.153e-15
MKL,712,2.791e-16,3.403e-16,8.325e-16
VectorFFT,713,1.535e-15,2.075e-15,3.882e-15
MKL,713,4.009e-16,4.275e-16,1.214e-15
VectorFFT,714,8.142e-16,1.144e-15,2.498e-15
MKL,714,2.430e-16,2.431e-16,8.603e-16
VectorFFT,715,8.417e-16,1.091e-15,2.845e-15
MKL,715,2.945e-16,2.814e-16,8.322e-16
VectorFFT,716,7.004e-16,7.646e-16,1.653e-15
MKL,716,4.357e-16,4.135e-16,1.224e-15
VectorFFT,717,7.108e-16,8.927e-16,1.570e-15
MKL,717,4.198e-16,4.687e-16,1.317e-15
VectorFFT,718,5.296e-16,8.148e-16,1.085e-15
MKL,718,4.483e-16,5.340e-16,1.210e-15
VectorFFT,719,5.489e-16,6.075e-16,1.240e-15
MKL,719,4.617e-16,4.405e-16,1.708e-15
VectorFFT,720,5.568e-16,7.807e-16,1.326e-15
MKL,720,2.422e-16,3.253e-16,6.708e-16
VectorFFT,721,5.602e-16,8.958e-16,1.396e-15
MKL,721,4.367e-16,4.675e-16,1.281e-15
VectorFFT,722,1.139e-15,2.075e-15,3.899e-15
MKL,722,2.898e-16,3.811e-16,8.587e-16
VectorFFT,723,5.685e-16,8.602e-16,1.274e-15
MKL,723,4.352e-16,5.221e-16,1.590e-15
VectorFFT,724,5.427e-16,8.967e-16,1.238e-15
MKL,724,4.243e-16,4.564e-16,1.311e-15
VectorFFT,725,1.103e-15,1.350e-15,3.663e-15
MKL,725,3.326e-16,3.422e-16,9.627e-16
VectorFFT,726,7.423e-16,9.413e-16,1.580e-15
MKL,726,2.478e-16,2.366e-16,6.531e-16
VectorFFT,727,1.323e-15,1.413e-15,3.815e-15
MKL,727,4.660e-16,4.851e-16,1.537e-15
VectorFFT,728,7.202e-16,1.213e-15,3.017e-15
MKL,728,2.451e-16,2.727e-16,7.773e-16
VectorFFT,729,5.462e-16,5.600e-16,1.591e-15
MKL,729,3.391e-16,4.613e-16,1.066e-15
VectorFFT,730,5.727e-16,8.889e-16,1.159e-15
MKL,730,3.143e-16,4.279e-16,1.115e-15
VectorFFT,731,1.749e-15,2.228e-15,4.758e-15
MKL,731,2.816e-16,3.095e-16,1.026e-15
VectorFFT,732,5.750e-16,8.829e-16,1.343e-15
MKL,732,2.629e-16,3.104e-16,7.239e-16
VectorFFT,733,6.825e-16,9.238e-16,1.560e-15
MKL,733,4.728e-16,6.186e-16,1.609e-15
VectorFFT,734,5.756e-16,8.513e-16,1.252e-15
MKL,734,4.322e-16,4.735e-16,1.355e-15
VectorFFT,735,4.546e-16,5.233e-16,1.211e-15
MKL,735,3.839e-16,3.674e-16,1.030e-15
VectorFFT,736,9.893e-16,1.559e-15,3.035e-15
MKL,736,2.185e-16,2.649e-16,6.881e-16
VectorFFT,737,5.882e-16,7.519e-16,1.298e-15
MKL,737,3.823e-16,4.823e-16,1.306e-15
VectorFFT,738,1.509e-15,2.286e-15,4.411e-15
MKL,738,2.798e-16,2.943e-16,9.685e-16
VectorFFT,739,5.728e-16,5.751e-16,1.537e-15
MKL,739,4.214e-16,3.777e-16,1.281e-15
VectorFFT,740,1.402e-15,2.198e-15,5.180e-15
MKL,740,2.562e-16,3.370e-16,7.118e-16
VectorFFT,741,9.700e-16,1.366e-15,2.897e-15
MKL,741,2.826e-16,3.570e-16,7.498e-16
VectorFFT,742,5.752e-16,7.840e-16,1.238e-15
MKL,742,2.820e-16,2.926e-16,1.001e-15
VectorFFT,743,6.697e-16,1.171e-15,1.501e-15
MKL,743,4.732e-16,5.642e-16,1.456e-15
VectorFFT,744,1.366e-15,1.859e-15,3.858e-15
MKL,744,2.397e-16,2.790e-16,6.906e-16
VectorFFT,745,5.698e-16,8.416e-16,1.177e-15
MKL,745,4.521e-16,4.592e-16,1.543e-15
VectorFFT,746,7.707e-16,9.179e-16,1.766e-15
MKL,746,4.165e-16,4.090e-16,1.273e-15
VectorFFT,747,7.150e-16,7.125e-16,1.497e-15
MKL,747,3.159e-16,3.076e-16,9.168e-16
VectorFFT,748,9.732e-16,9.202e-16,2.684e-15
MKL,748,2.461e-16,2.355e-16,6.897e-16
VectorFFT,749,5.997e-16,6.687e-16,1.233e-15
MKL,749,4.378e-16,3.793e-16,1.286e-15
VectorFFT,750,4.277e-16,4.418e-16,1.568e-15
MKL,750,3.178e-16,2.916e-16,8.893e-16
VectorFFT,751,7.356e-16,1.028e-15,1.683e-15
MKL,751,4.528e-16,4.126e-16,1.304e-15
VectorFFT,752,1.721e-15,2.401e-15,7.420e-15
MKL,752,2.481e-16,4.141e-16,7.521e-16
VectorFFT,753,7.005e-16,9.014e-16,1.344e-15
MKL,753,4.536e-16,5.483e-16,1.644e-15
VectorFFT,754,1.349e-15,2.025e-15,4.882e-15
MKL,754,2.699e-16,2.851e-16,9.372e-16
VectorFFT,755,6.066e-16,7.521e-16,1.235e-15
MKL,755,4.599e-16,4.215e-16,1.321e-15
VectorFFT,756,5.618e-16,7.221e-16,1.600e-15
MKL,756,2.441e-16,2.898e-16,7.648e-16
VectorFFT,757,1.874e-15,2.145e-15,5.286e-15
MKL,757,4.325e-16,5.910e-16,1.327e-15
VectorFFT,758,7.021e-16,8.845e-16,1.387e-15
MKL,758,4.398e-16,4.384e-16,1.314e-15
VectorFFT,759,1.126e-15,1.495e-15,4.970e-15
MKL,759,3.457e-16,3.765e-16,1.067e-15
VectorFFT,760,7.856e-16,1.064e-15,2.442e-15
MKL,760,2.567e-16,3.520e-16,7.298e-16
VectorFFT,761,1.248e-15,1.308e-15,3.036e-15
MKL,761,4.517e-16,4.471e-16,1.321e-15
VectorFFT,762,5.435e-16,6.952e-16,1.443e-15
MKL,762,3.166e-16,3.820e-16,1.086e-15
VectorFFT,763,5.925e-16,1.106e-15,1.485e-15
MKL,763,4.414e-16,5.008e-16,1.393e-15
VectorFFT,764,5.666e-16,7.147e-16,1.484e-15
MKL,764,4.574e-16,4.477e-16,1.308e-15
VectorFFT,765,9.308e-16,1.296e-15,2.873e-15
MKL,765,2.888e-16,3.142e-16,9.725e-16
VectorFFT,766,5.572e-16,6.405e-16,1.218e-15
MKL,766,4.307e-16,4.198e-16,1.474e-15
VectorFFT,767,5.853e-16,6.548e-16,1.440e-15
MKL,767,3.981e-16,4.098e-16,1.069e-15
VectorFFT,768,4.016e-16,4.080e-16,8.651e-16
MKL,768,2.101e-16,2.156e-16,5.533e-16
VectorFFT,769,7.467e-16,9.530e-16,1.853e-15
MKL,769,4.489e-16,4.513e-16,1.379e-15
VectorFFT,770,5.746e-16,7.550e-16,1.561e-15
MKL,770,2.781e-16,2.844e-16,8.068e-16
VectorFFT,771,5.790e-16,7.040e-16,1.312e-15
MKL,771,4.793e-16,4.028e-16,1.363e-15
VectorFFT,772,5.786e-16,7.088e-16,1.374e-15
MKL,772,4.654e-16,5.500e-16,1.700e-15
VectorFFT,773,5.887e-16,1.029e-15,1.190e-15
MKL,773,4.627e-16,4.549e-16,1.338e-15
VectorFFT,774,1.625e-15,2.123e-15,4.154e-15
MKL,774,2.815e-16,2.693e-16,8.319e-16
VectorFFT,775,1.294e-15,1.890e-15,3.911e-15
MKL,775,2.924e-16,2.731e-16,8.934e-16
VectorFFT,776,5.667e-16,9.466e-16,1.396e-15
MKL,776,2.885e-16,5.427e-16,9.018e-16
VectorFFT,777,1.518e-15,2.683e-15,5.892e-15
MKL,777,3.716e-16,3.624e-16,1.027e-15
VectorFFT,778,7.210e-16,6.942e-16,1.514e-15
MKL,778,4.659e-16,4.090e-16,1.448e-15
VectorFFT,779,1.570e-15,2.093e-15,5.575e-15
MKL,779,3.714e-16,4.011e-16,1.183e-15
VectorFFT,780,7.737e-16,7.159e-16,2.534e-15
MKL,780,2.563e-16,2.161e-16,7.830e-16
VectorFFT,781,6.034e-16,8.037e-16,1.335e-15
MKL,781,3.071e-16,3.057e-16,8.868e-16
VectorFFT,782,1.654e-15,2.895e-15,6.054e-15
MKL,782,2.457e-16,2.782e-16,8.363e-16
VectorFFT,783,1.223e-15,1.469e-15,4.249e-15
MKL,783,2.992e-16,3.849e-16,8.490e-16
VectorFFT,784,3.784e-16,6.005e-16,8.687e-16
MKL,784,2.451e-16,4.031e-16,7.367e-16
VectorFFT,785,7.074e-16,9.899e-16,1.608e-15
MKL,785,4.721e-16,4.347e-16,1.477e-15
VectorFFT,786,5.623e-16,7.646e-16,1.214e-15
MKL,786,3.634e-16,3.992e-16,1.097e-15
VectorFFT,787,7.216e-16,1.007e-15,1.776e-15
MKL,787,4.723e-16,4.905e-16,1.445e-15
VectorFFT,788,7.161e-16,1.024e-15,1.479e-15
MKL,788,4.722e-16,5.939e-16,1.474e-15
VectorFFT,789,7.054e-16,1.027e-15,1.583e-15
MKL,789,4.895e-16,5.790e-16,1.282e-15
VectorFFT,790,5.810e-16,7.459e-16,1.306e-15
MKL,790,2.987e-16,2.995e-16,8.627e-16
VectorFFT,791,7.338e-16,9.195e-16,2.134e-15
MKL,791,4.823e-16,4.890e-16,1.158e-15
VectorFFT,792,6.729e-16,8.535e-16,1.511e-15
MKL,792,2.256e-16,2.520e-16,7.112e-16
VectorFFT,793,5.905e-16,9.161e-16,1.472e-15
MKL,793,3.306e-16,3.849e-16,8.328e-16
VectorFFT,794,7.130e-16,7.369e-16,1.880e-15
MKL,794,4.808e-16,4.346e-16,1.501e-15
VectorFFT,795,6.001e-16,9.468e-16,1.380e-15
MKL,795,4.702e-16,6.292e-16,1.806e-15
VectorFFT,796,7.196e-16,9.215e-16,1.541e-15
MKL,796,4.632e-16,4.795e-16,1.509e-15
VectorFFT,797,5.884e-16,8.110e-16,1.655e-15
MKL,797,4.867e-16,5.725e-16,1.351e-15
VectorFFT,798,8.597e-16,1.386e-15,2.762e-15
MKL,798,2.640e-16,3.069e-16,9.182e-16
VectorFFT,799,1.897e-15,2.316e-15,4.935e-15
MKL,799,2.819e-16,2.977e-16,8.105e-16
VectorFFT,800,3.539e-16,4.292e-16,9.900e-16
MKL,800,2.520e-16,2.964e-16,8.472e-16
VectorFFT,801,7.102e-16,1.133e-15,1.649e-15
MKL,801,4.606e-16,5.706e-16,1.417e-15
VectorFFT,802,5.760e-16,7.037e-16,1.412e-15
MKL,802,3.800e-16,3.628e-16,1.144e-15
VectorFFT,803,5.901e-16,7.011e-16,1.289e-15
MKL,803,2.876e-16,2.572e-16,8.846e-16
VectorFFT,804,5.694e-16,6.965e-16,1.395e-15
MKL,804,2.666e-16,2.991e-16,8.676e-16
VectorFFT,805,1.057e-15,1.891e-15,3.860e-15
MKL,805,3.093e-16,3.811e-16,8.505e-16
VectorFFT,806,1.522e-15,1.690e-15,5.003e-15
MKL,806,2.553e-16,2.902e-16,7.248e-16
VectorFFT,807,5.711e-16,7.488e-16,1.317e-15
MKL,807,3.757e-16,3.993e-16,1.276e-15
VectorFFT,808,6.945e-16,8.065e-16,1.781e-15
MKL,808,3.076e-16,3.326e-16,1.058e-15
VectorFFT,809,6.118e-16,1.143e-15,1.319e-15
MKL,809,4.066e-16,4.166e-16,1.608e-15
VectorFFT,810,6.290e-16,7.386e-16,2.038e-15
MKL,810,2.796e-16,3.534e-16,9.103e-16
VectorFFT,811,5.750e-16,7.857e-16,1.343e-15
MKL,811,3.893e-16,3.768e-16,1.332e-15
VectorFFT,812,1.098e-15,1.693e-15,4.641e-15
MKL,812,2.418e-16,2.316e-16,6.906e-16
VectorFFT,813,5.951e-16,8.185e-16,1.171e-15
MKL,813,4.054e-16,4.454e-16,1.340e-15
VectorFFT,814,1.627e-15,2.398e-15,6.983e-15
MKL,814,2.489e-16,2.298e-16,7.651e-16
VectorFFT,815,5.722e-16,7.297e-16,1.616e-15
MKL,815,4.071e-16,4.429e-16,1.181e-15
VectorFFT,816,8.243e-16,1.413e-15,2.690e-15
MKL,816,2.387e-16,2.929e-16,6.209e-16
VectorFFT,817,1.831e-15,2.415e-15,5.513e-15
MKL,817,3.894e-16,3.849e-16,1.034e-15
VectorFFT,818,5.742e-16,8.114e-16,1.709e-15
MKL,818,3.826e-16,4.489e-16,1.107e-15
VectorFFT,819,8.823e-16,1.256e-15,2.994e-15
MKL,819,2.976e-16,3.766e-16,1.031e-15
VectorFFT,820,1.400e-15,1.569e-15,4.329e-15
MKL,820,2.554e-16,2.768e-16,8.802e-16
VectorFFT,821,5.954e-16,6.569e-16,1.337e-15
MKL,821,4.125e-16,4.202e-16,1.221e-15
VectorFFT,822,6.030e-16,6.613e-16,1.169e-15
MKL,822,3.474e-16,4.317e-16,1.459e-15
VectorFFT,823,7.241e-16,8.353e-16,1.920e-15
MKL,823,3.905e-16,3.711e-16,1.339e-15
VectorFFT,824,7.239e-16,9.594e-16,1.866e-15
MKL,824,2.959e-16,3.899e-16,9.937e-16
VectorFFT,825,6.258e-16,9.967e-16,1.855e-15
MKL,825,3.176e-16,3.452e-16,1.020e-15
VectorFFT,826,5.548e-16,6.923e-16,1.376e-15
MKL,826,2.710e-16,2.994e-16,1.101e-15
VectorFFT,827,5.722e-16,7.218e-16,1.429e-15
MKL,827,4.098e-16,4.619e-16,1.187e-15
VectorFFT,828,1.083e-15,1.761e-15,3.060e-15
MKL,828,2.457e-16,2.662e-16,6.874e-16
VectorFFT,829,2.030e-15,2.503e-15,5.947e-15
MKL,829,4.124e-16,3.962e-16,1.446e-15
VectorFFT,830,5.807e-16,8.314e-16,1.571e-15
MKL,830,2.931e-16,3.857e-16,8.236e-16
VectorFFT,831,6.108e-16,8.570e-16,1.384e-15
MKL,831,4.010e-16,3.569e-16,1.251e-15
VectorFFT,832,6.982e-16,8.733e-16,2.144e-15
MKL,832,2.254e-16,2.616e-16,7.331e-16
VectorFFT,833,8.599e-16,1.314e-15,3.048e-15
MKL,833,3.500e-16,3.879e-16,1.134e-15
VectorFFT,834,5.972e-16,9.578e-16,1.347e-15
MKL,834,3.325e-16,4.130e-16,1.191e-15
VectorFFT,835,6.931e-16,6.588e-16,1.451e-15
MKL,835,3.993e-16,3.187e-16,1.299e-15
VectorFFT,836,9.724e-16,1.333e-15,3.221e-15
MKL,836,2.402e-16,2.744e-16,7.202e-16
VectorFFT,837,1.419e-15,1.459e-15,3.800e-15
MKL,837,3.494e-16,4.364e-16,1.196e-15
VectorFFT,838,5.751e-16,8.185e-16,1.333e-15
MKL,838,4.181e-16,5.539e-16,1.189e-15
VectorFFT,839,5.958e-16,6.802e-16,1.358e-15
MKL,839,3.957e-16,3.622e-16,1.193e-15
VectorFFT,840,4.633e-16,4.571e-16,1.084e-15
MKL,840,2.390e-16,2.168e-16,7.013e-16
VectorFFT,841,1.631e-15,2.257e-15,4.730e-15
MKL,841,2.777e-16,2.692e-16,8.960e-16
VectorFFT,842,5.892e-16,8.209e-16,1.340e-15
MKL,842,4.060e-16,4.945e-16,1.319e-15
VectorFFT,843,6.152e-16,1.309e-15,1.240e-15
MKL,843,4.271e-16,4.435e-16,1.308e-15
VectorFFT,844,5.786e-16,5.874e-16,1.245e-15
MKL,844,3.861e-16,4.336e-16,1.186e-15
VectorFFT,845,1.019e-15,1.281e-15,3.200e-15
MKL,845,2.910e-16,3.312e-16,8.127e-16
VectorFFT,846,1.729e-15,2.732e-15,6.007e-15
MKL,846,2.789e-16,2.687e-16,7.954e-16
VectorFFT,847,7.904e-16,9.793e-16,2.193e-15
MKL,847,2.968e-16,2.716e-16,7.784e-16
VectorFFT,848,5.529e-16,6.370e-16,1.300e-15
MKL,848,2.399e-16,2.666e-16,8.652e-16
VectorFFT,849,5.821e-16,7.382e-16,1.390e-15
MKL,849,3.987e-16,4.576e-16,1.519e-15
VectorFFT,850,7.784e-16,1.096e-15,2.020e-15
MKL,850,2.686e-16,3.058e-16,8.063e-16
VectorFFT,851,1.861e-15,2.456e-15,6.380e-15
MKL,851,3.599e-16,3.856e-16,1.027e-15
VectorFFT,852,6.884e-16,1.006e-15,1.635e-15
MKL,852,2.576e-16,3.639e-16,8.184e-16
VectorFFT,853,7.158e-16,9.404e-16,1.993e-15
MKL,853,3.904e-16,3.301e-16,1.174e-15
VectorFFT,854,7.033e-16,9.435e-16,1.554e-15
MKL,854,2.826e-16,3.710e-16,8.095e-16
VectorFFT,855,8.457e-16,1.238e-15,2.927e-15
MKL,855,3.032e-16,2.966e-16,9.504e-16
VectorFFT,856,7.513e-16,7.671e-16,1.868e-15
MKL,856,3.129e-16,4.234e-16,1.040e-15
VectorFFT,857,6.034e-16,9.494e-16,1.296e-15
MKL,857,4.282e-16,4.425e-16,1.311e-15
VectorFFT,858,9.382e-16,1.438e-15,2.681e-15
MKL,858,2.409e-16,3.036e-16,8.714e-16
VectorFFT,859,1.522e-15,1.725e-15,4.221e-15
MKL,859,3.887e-16,5.034e-16,1.268e-15
VectorFFT,860,1.667e-15,1.916e-15,4.827e-15
MKL,860,2.538e-16,3.634e-16,7.965e-16
VectorFFT,861,1.441e-15,2.095e-15,6.169e-15
MKL,861,3.363e-16,3.199e-16,8.685e-16
VectorFFT,862,5.742e-16,8.522e-16,1.336e-15
MKL,862,4.037e-16,4.425e-16,1.206e-15
VectorFFT,863,5.862e-16,7.289e-16,1.340e-15
MKL,863,3.950e-16,4.838e-16,1.125e-15
VectorFFT,864,4.449e-16,6.468e-16,1.175e-15
MKL,864,2.268e-16,2.742e-16,7.049e-16
VectorFFT,865,6.018e-16,6.804e-16,1.373e-15
MKL,865,4.035e-16,4.128e-16,1.338e-15
VectorFFT,866,5.936e-16,7.428e-16,1.671e-15
MKL,866,4.023e-16,4.986e-16,1.197e-15
VectorFFT,867,1.223e-15,1.359e-15,3.726e-15
MKL,867,3.354e-16,3.759e-16,9.817e-16
VectorFFT,868,1.330e-15,1.892e-15,4.194e-15
MKL,868,2.498e-16,2.577e-16,7.685e-16
VectorFFT,869,6.193e-16,9.436e-16,1.510e-15
MKL,869,3.078e-16,3.245e-16,8.148e-16
VectorFFT,870,1.146e-15,1.495e-15,4.165e-15
MKL,870,2.975e-16,3.517e-16,7.459e-16
VectorFFT,871,5.976e-16,6.084e-16,1.308e-15
MKL,871,3.481e-16,3.708e-16,1.033e-15
VectorFFT,872,6.364e-16,7.891e-16,1.359e-15
MKL,872,3.146e-16,4.127e-16,1.189e-15
VectorFFT,873,5.884e-16,6.889e-16,1.538e-15
MKL,873,3.961e-16,3.602e-16,1.156e-15
VectorFFT,874,1.338e-15,1.673e-15,4.117e-15
MKL,874,2.690e-16,2.694e-16,7.260e-16
VectorFFT,875,5.029e-16,6.295e-16,1.358e-15
MKL,875,3.134e-16,3.657e-16,1.042e-15
VectorFFT,876,5.795e-16,6.080e-16,1.281e-15
MKL,876,2.710e-16,3.080e-16,8.725e-16
VectorFFT,877,5.896e-16,8.119e-16,1.383e-15
MKL,877,4.095e-16,3.395e-16,1.203e-15
VectorFFT,878,5.797e-16,7.035e-16,1.477e-15
MKL,878,3.955e-16,3.963e-16,1.377e-15
VectorFFT,879,7.182e-16,7.831e-16,1.605e-15
MKL,879,4.205e-16,4.373e-16,1.484e-15
VectorFFT,880,5.664e-16,8.375e-16,1.544e-15
MKL,880,2.361e-16,2.348e-16,6.456e-16
VectorFFT,881,1.011e-15,1.019e-15,2.732e-15
MKL,881,4.004e-16,3.662e-16,1.297e-15
VectorFFT,882,5.852e-16,6.865e-16,1.602e-15
MKL,882,2.633e-16,2.779e-16,7.348e-16
VectorFFT,883,7.359e-16,1.497e-15,1.600e-15
MKL,883,4.056e-16,5.446e-16,1.266e-15
VectorFFT,884,1.009e-15,1.279e-15,3.188e-15
MKL,884,2.613e-16,3.299e-16,7.736e-16
VectorFFT,885,6.088e-16,9.444e-16,1.237e-15
MKL,885,3.125e-16,3.038e-16,1.064e-15
VectorFFT,886,7.520e-16,9.146e-16,1.697e-15
MKL,886,3.931e-16,3.357e-16,1.365e-15
VectorFFT,887,5.762e-16,4.969e-16,1.513e-15
MKL,887,4.035e-16,3.412e-16,1.132e-15
VectorFFT,888,1.510e-15,2.520e-15,4.553e-15
MKL,888,2.292e-16,2.711e-16,6.713e-16
VectorFFT,889,5.895e-16,6.796e-16,1.358e-15
MKL,889,4.088e-16,5.027e-16,1.290e-15
VectorFFT,890,6.321e-16,8.601e-16,1.494e-15
MKL,890,3.057e-16,3.576e-16,1.089e-15
VectorFFT,891,8.203e-16,1.221e-15,3.046e-15
MKL,891,3.506e-16,3.251e-16,1.145e-15
VectorFFT,892,5.904e-16,9.306e-16,1.329e-15
MKL,892,4.192e-16,4.823e-16,1.284e-15
VectorFFT,893,1.942e-15,3.066e-15,7.000e-15
MKL,893,3.107e-16,4.434e-16,8.093e-16
VectorFFT,894,5.658e-16,6.612e-16,1.204e-15
MKL,894,3.453e-16,4.161e-16,1.054e-15
VectorFFT,895,5.760e-16,6.142e-16,1.321e-15
MKL,895,4.404e-16,3.777e-16,1.490e-15
VectorFFT,896,3.484e-16,5.317e-16,8.719e-16
MKL,896,2.216e-16,2.683e-16,5.909e-16
VectorFFT,897,1.325e-15,1.597e-15,3.840e-15
MKL,897,2.899e-16,3.409e-16,9.319e-16
VectorFFT,898,5.961e-16,7.523e-16,1.362e-15
MKL,898,3.976e-16,3.748e-16,1.253e-15
VectorFFT,899,1.650e-15,1.883e-15,4.481e-15
MKL,899,2.818e-16,2.692e-16,9.021e-16
VectorFFT,900,5.685e-16,7.167e-16,1.253e-15
MKL,900,2.629e-16,3.028e-16,8.468e-16
VectorFFT,901,7.493e-16,8.988e-16,1.873e-15
MKL,901,2.968e-16,3.029e-16,9.100e-16
VectorFFT,902,1.659e-15,1.944e-15,5.214e-15
MKL,902,2.709e-16,3.353e-16,9.298e-16
VectorFFT,903,1.994e-15,2.510e-15,6.939e-15
MKL,903,3.175e-16,3.889e-16,9.045e-16
VectorFFT,904,7.657e-16,1.052e-15,1.675e-15
MKL,904,3.117e-16,4.425e-16,8.390e-16
VectorFFT,905,5.881e-16,7.650e-16,1.248e-15
MKL,905,4.125e-16,4.455e-16,1.204e-15
VectorFFT,906,5.607e-16,8.193e-16,1.340e-15
MKL,906,3.963e-16,4.305e-16,1.119e-15
VectorFFT,907,7.335e-16,8.770e-16,1.858e-15
MKL,907,4.026e-16,4.092e-16,1.132e-15
VectorFFT,908,5.929e-16,7.951e-16,1.305e-15
MKL,908,3.899e-16,5.592e-16,1.323e-15
VectorFFT,909,7.073e-16,7.110e-16,1.664e-15
MKL,909,4.043e-16,4.214e-16,1.193e-15
VectorFFT,910,7.022e-16,9.467e-16,2.419e-15
MKL,910,2.646e-16,2.565e-16,7.175e-16
VectorFFT,911,7.446e-16,1.134e-15,1.550e-15
MKL,911,4.108e-16,4.775e-16,1.201e-15
VectorFFT,912,7.821e-16,1.263e-15,2.152e-15
MKL,912,2.459e-16,3.067e-16,7.166e-16
VectorFFT,913,6.442e-16,1.051e-15,1.477e-15
MKL,913,3.286e-16,4.411e-16,8.975e-16
VectorFFT,914,6.005e-16,7.249e-16,1.592e-15
MKL,914,3.980e-16,3.761e-16,1.431e-15
VectorFFT,915,6.202e-16,7.370e-16,1.408e-15
MKL,915,3.217e-16,3.693e-16,9.138e-16
VectorFFT,916,7.154e-16,5.990e-16,1.920e-15
MKL,916,4.206e-16,3.822e-16,1.171e-15
VectorFFT,917,7.440e-16,9.884e-16,1.700e-15
MKL,917,4.016e-16,3.738e-16,1.220e-15
VectorFFT,918,9.644e-16,1.484e-15,2.973e-15
MKL,918,2.619e-16,3.315e-16,6.956e-16
VectorFFT,919,6.165e-16,8.512e-16,1.800e-15
MKL,919,4.178e-16,4.611e-16,1.339e-15
VectorFFT,920,1.063e-15,1.628e-15,3.056e-15
MKL,920,2.377e-16,2.435e-16,6.650e-16
VectorFFT,921,6.073e-16,6.245e-16,1.448e-15
MKL,921,4.107e-16,4.293e-16,1.454e-15
VectorFFT,922,7.330e-16,9.104e-16,1.681e-15
MKL,922,3.993e-16,3.302e-16,1.304e-15
VectorFFT,923,5.968e-16,7.092e-16,1.431e-15
MKL,923,2.969e-16,2.940e-16,8.788e-16
VectorFFT,924,6.399e-16,1.238e-15,1.748e-15
MKL,924,2.453e-16,3.355e-16,7.963e-16
VectorFFT,925,1.438e-15,1.705e-15,4.235e-15
MKL,925,3.071e-16,3.402e-16,8.399e-16
VectorFFT,926,5.971e-16,5.912e-16,1.561e-15
MKL,926,4.154e-16,3.073e-16,1.421e-15
VectorFFT,927,7.399e-16,9.012e-16,2.093e-15
MKL,927,4.101e-16,3.770e-16,1.458e-15
VectorFFT,928,1.086e-15,1.473e-15,3.432e-15
MKL,928,2.276e-16,2.521e-16,6.692e-16
VectorFFT,929,1.955e-15,2.545e-15,4.886e-15
MKL,929,4.318e-16,4.967e-16,1.452e-15
VectorFFT,930,1.299e-15,1.864e-15,4.482e-15
MKL,930,2.583e-16,3.246e-16,9.262e-16
VectorFFT,931,8.063e-16,1.314e-15,2.658e-15
MKL,931,3.284e-16,3.409e-16,9.604e-16
VectorFFT,932,6.354e-16,8.341e-16,1.539e-15
MKL,932,4.202e-16,4.498e-16,1.321e-15
VectorFFT,933,7.394e-16,8.232e-16,1.767e-15
MKL,933,4.038e-16,4.963e-16,1.180e-15
VectorFFT,934,7.168e-16,8.086e-16,1.948e-15
MKL,934,4.351e-16,4.189e-16,1.324e-15
VectorFFT,935,9.473e-16,1.560e-15,3.518e-15
MKL,935,2.831e-16,3.599e-16,8.506e-16
VectorFFT,936,7.865e-16,1.064e-15,2.612e-15
MKL,936,2.435e-16,3.190e-16,6.625e-16
VectorFFT,937,1.441e-15,1.433e-15,4.483e-15
MKL,937,4.431e-16,5.010e-16,1.299e-15
VectorFFT,938,7.254e-16,7.741e-16,1.779e-15
MKL,938,2.877e-16,3.347e-16,8.070e-16
VectorFFT,939,5.950e-16,8.977e-16,1.466e-15
MKL,939,4.175e-16,4.757e-16,1.226e-15
VectorFFT,940,1.711e-15,2.616e-15,6.352e-15
MKL,940,2.627e-16,2.494e-16,8.726e-16
VectorFFT,941,6.205e-16,9.453e-16,1.282e-15
MKL,941,4.178e-16,4.727e-16,1.362e-15
VectorFFT,942,5.875e-16,8.845e-16,1.291e-15
MKL,942,4.016e-16,3.646e-16,1.146e-15
VectorFFT,943,1.742e-15,2.219e-15,5.502e-15
MKL,943,2.877e-16,3.013e-16,9.227e-16
VectorFFT,944,5.721e-16,6.378e-16,1.167e-15
MKL,944,2.561e-16,2.459e-16,7.192e-16
VectorFFT,945,5.884e-16,8.222e-16,1.902e-15
MKL,945,3.699e-16,5.603e-16,1.041e-15
VectorFFT,946,1.667e-15,2.366e-15,4.953e-15
MKL,946,2.924e-16,2.990e-16,7.890e-16
VectorFFT,947,7.545e-16,1.154e-15,1.694e-15
MKL,947,4.268e-16,5.242e-16,1.468e-15
VectorFFT,948,7.161e-16,1.135e-15,1.628e-15
MKL,948,2.827e-16,5.156e-16,8.561e-16
VectorFFT,949,6.195e-16,9.520e-16,1.394e-15
MKL,949,3.399e-16,3.793e-16,1.025e-15
VectorFFT,950,7.937e-16,9.401e-16,2.836e-15
MKL,950,2.681e-16,3.121e-16,8.501e-16
VectorFFT,951,6.009e-16,7.714e-16,1.441e-15
MKL,951,4.182e-16,4.870e-16,1.331e-15
VectorFFT,952,8.061e-16,1.245e-15,2.629e-15
MKL,952,2.440e-16,2.291e-16,6.365e-16
VectorFFT,953,1.375e-15,1.551e-15,3.713e-15
MKL,953,4.056e-16,4.280e-16,1.152e-15
VectorFFT,954,7.500e-16,8.653e-16,1.861e-15
MKL,954,2.716e-16,3.053e-16,6.937e-16
VectorFFT,955,6.197e-16,8.061e-16,1.689e-15
MKL,955,4.359e-16,5.037e-16,1.342e-15
VectorFFT,956,5.931e-16,7.094e-16,1.277e-15
MKL,956,4.119e-16,3.968e-16,1.236e-15
VectorFFT,957,1.197e-15,1.478e-15,3.773e-15
MKL,957,2.796e-16,3.266e-16,9.077e-16
VectorFFT,958,5.738e-16,9.939e-16,1.264e-15
MKL,958,4.077e-16,4.512e-16,1.328e-15
VectorFFT,959,7.335e-16,1.379e-15,1.866e-15
MKL,959,4.063e-16,5.075e-16,1.161e-15
VectorFFT,960,3.961e-16,4.644e-16,9.737e-16
MKL,960,2.418e-16,2.569e-16,7.048e-16
VectorFFT,961,1.817e-15,2.007e-15,5.298e-15
MKL,961,4.020e-16,4.996e-16,1.240e-15
VectorFFT,962,1.689e-15,2.475e-15,5.490e-15
MKL,962,2.592e-16,2.896e-16,9.480e-16
VectorFFT,963,6.112e-16,6.408e-16,1.315e-15
MKL,963,4.179e-16,4.918e-16,1.414e-15
VectorFFT,964,7.299e-16,8.499e-16,1.625e-15
MKL,964,4.052e-16,3.525e-16,1.407e-15
VectorFFT,965,7.559e-16,1.233e-15,1.548e-15
MKL,965,4.511e-16,6.023e-16,1.445e-15
VectorFFT,966,1.007e-15,1.417e-15,4.314e-15
MKL,966,2.728e-16,2.559e-16,8.289e-16
VectorFFT,967,5.807e-16,8.375e-16,1.690e-15
MKL,967,4.402e-16,4.320e-16,1.169e-15
VectorFFT,968,7.367e-16,9.734e-16,2.225e-15
MKL,968,2.322e-16,3.294e-16,7.194e-16
VectorFFT,969,1.101e-15,1.407e-15,3.684e-15
MKL,969,2.929e-16,3.071e-16,1.019e-15
VectorFFT,970,7.702e-16,9.702e-16,1.822e-15
MKL,970,3.180e-16,3.736e-16,9.756e-16
VectorFFT,971,7.918e-16,1.071e-15,1.579e-15
MKL,971,4.104e-16,5.115e-16,1.189e-15
VectorFFT,972,6.909e-16,6.050e-16,1.698e-15
MKL,972,2.595e-16,2.419e-16,8.138e-16
VectorFFT,973,7.223e-16,1.100e-15,1.684e-15
MKL,973,4.226e-16,4.916e-16,1.278e-15
VectorFFT,974,5.783e-16,6.572e-16,1.519e-15
MKL,974,4.270e-16,5.177e-16,1.155e-15
VectorFFT,975,8.138e-16,1.203e-15,2.586e-15
MKL,975,3.070e-16,4.129e-16,9.032e-16
VectorFFT,976,5.898e-16,7.740e-16,1.554e-15
MKL,976,2.641e-16,3.195e-16,8.716e-16
VectorFFT,977,7.464e-16,8.565e-16,1.990e-15
MKL,977,3.992e-16,3.457e-16,1.349e-15
VectorFFT,978,5.676e-16,7.722e-16,1.332e-15
MKL,978,4.112e-16,4.225e-16,1.150e-15
VectorFFT,979,7.440e-16,8.040e-16,1.759e-15
MKL,979,3.451e-16,2.887e-16,1.037e-15
VectorFFT,980,3.539e-16,4.067e-16,1.111e-15
MKL,980,2.590e-16,2.999e-16,7.575e-16
VectorFFT,981,7.259e-16,9.725e-16,1.777e-15
MKL,981,4.164e-16,3.622e-16,1.432e-15
VectorFFT,982,6.073e-16,8.608e-16,1.261e-15
MKL,982,4.061e-16,5.130e-16,1.469e-15
VectorFFT,983,6.017e-16,9.594e-16,1.468e-15
MKL,983,4.218e-16,4.166e-16,1.488e-15
VectorFFT,984,1.444e-15,1.501e-15,4.565e-15
MKL,984,2.509e-16,2.907e-16,7.697e-16
VectorFFT,985,7.469e-16,8.861e-16,1.745e-15
MKL,985,4.101e-16,3.984e-16,1.126e-15
VectorFFT,986,1.425e-15,1.704e-15,4.560e-15
MKL,986,2.574e-16,2.537e-16,7.699e-16
VectorFFT,987,1.771e-15,2.487e-15,6.294e-15
MKL,987,3.243e-16,4.122e-16,1.004e-15
VectorFFT,988,9.366e-16,1.200e-15,2.663e-15
MKL,988,2.729e-16,3.012e-16,7.742e-16
VectorFFT,989,1.924e-15,3.559e-15,6.584e-15
MKL,989,3.967e-16,4.592e-16,1.484e-15
VectorFFT,990,7.056e-16,6.597e-16,2.031e-15
MKL,990,2.851e-16,2.574e-16,8.236e-16
VectorFFT,991,6.053e-16,6.934e-16,1.493e-15
MKL,991,4.415e-16,4.448e-16,1.373e-15
VectorFFT,992,1.541e-15,1.652e-15,4.929e-15
MKL,992,2.272e-16,2.518e-16,6.497e-16
VectorFFT,993,6.134e-16,1.034e-15,1.607e-15
MKL,993,4.068e-16,4.478e-16,1.388e-15
VectorFFT,994,6.263e-16,9.414e-16,1.347e-15
MKL,994,2.894e-16,3.992e-16,8.854e-16
VectorFFT,995,5.964e-16,6.775e-16,1.564e-15
MKL,995,4.247e-16,5.263e-16,1.328e-15
VectorFFT,996,7.228e-16,8.515e-16,1.802e-15
MKL,996,2.844e-16,3.689e-16,8.287e-16
VectorFFT,997,6.242e-16,8.764e-16,1.394e-15
MKL,997,4.283e-16,4.148e-16,1.352e-15
VectorFFT,998,5.960e-16,8.119e-16,1.314e-15
MKL,998,4.146e-16,5.890e-16,1.243e-15
VectorFFT,999,1.572e-15,2.149e-15,5.456e-15
MKL,999,4.411e-16,3.986e-16,1.498e-15
VectorFFT,1000,3.868e-16,5.910e-16,8.437e-16
MKL,1000,2.653e-16,3.199e-16,7.574e-16
VectorFFT,1001,8.838e-16,1.032e-15,2.845e-15
MKL,1001,2.886e-16,3.137e-16,8.653e-16
VectorFFT,1002,7.547e-16,1.179e-15,1.772e-15
MKL,1002,4.052e-16,4.778e-16,1.270e-15
VectorFFT,1003,5.896e-16,9.033e-16,1.476e-15
MKL,1003,3.444e-16,3.793e-16,1.106e-15
VectorFFT,1004,5.665e-16,6.093e-16,1.703e-15
MKL,1004,4.199e-16,4.614e-16,1.266e-15
VectorFFT,1005,6.102e-16,6.339e-16,1.390e-15
MKL,1005,3.191e-16,3.150e-16,1.071e-15
VectorFFT,1006,6.013e-16,6.028e-16,1.494e-15
MKL,1006,4.176e-16,3.812e-16,1.469e-15
VectorFFT,1007,7.485e-16,8.827e-16,1.600e-15
MKL,1007,3.371e-16,3.423e-16,1.030e-15
VectorFFT,1008,5.277e-16,6.025e-16,1.214e-15
MKL,1008,2.445e-16,2.488e-16,7.327e-16
VectorFFT,1009,7.320e-16,1.000e-15,1.668e-15
MKL,1009,4.222e-16,4.869e-16,1.270e-15
VectorFFT,1010,5.874e-16,6.636e-16,1.479e-15
MKL,1010,3.088e-16,3.941e-16,9.081e-16
VectorFFT,1011,5.958e-16,6.953e-16,1.558e-15
MKL,1011,4.304e-16,4.824e-16,1.427e-15
VectorFFT,1012,1.079e-15,1.662e-15,3.797e-15
MKL,1012,2.371e-16,2.576e-16,6.749e-16
VectorFFT,1013,7.377e-16,1.042e-15,1.899e-15
MKL,1013,4.489e-16,4.747e-16,1.586e-15
VectorFFT,1014,9.634e-16,1.514e-15,4.041e-15
MKL,1014,2.589e-16,3.270e-16,7.894e-16
VectorFFT,1015,1.117e-15,1.958e-15,3.718e-15
MKL,1015,3.952e-16,4.038e-16,1.155e-15
VectorFFT,1016,5.898e-16,1.008e-15,1.414e-15
MKL,1016,3.047e-16,4.178e-16,9.395e-16
VectorFFT,1017,7.326e-16,9.024e-16,2.007e-15
MKL,1017,4.204e-16,5.490e-16,1.604e-15
VectorFFT,1018,6.011e-16,7.195e-16,1.571e-15
MKL,1018,4.075e-16,3.370e-16,1.315e-15
VectorFFT,1019,7.333e-16,1.136e-15,1.591e-15
MKL,1019,4.502e-16,5.361e-16,1.434e-15
VectorFFT,1020,8.632e-16,1.209e-15,2.280e-15
MKL,1020,2.633e-16,2.892e-16,9.201e-16
VectorFFT,1021,7.770e-16,9.188e-16,1.752e-15
MKL,1021,4.320e-16,4.513e-16,1.145e-15
VectorFFT,1022,5.961e-16,7.687e-16,1.279e-15
MKL,1022,3.017e-16,3.474e-16,9.459e-16
VectorFFT,1023,1.379e-15,1.913e-15,5.396e-15
MKL,1023,2.966e-16,4.227e-16,8.384e-16
VectorFFT,1024,1.906e-16,2.246e-16,5.000e-16
MKL,1024,1.907e-16,2.340e-16,5.556e-16
VectorFFT,1025,1.476e-15,1.996e-15,5.342e-15
MKL,1025,3.998e-16,4.264e-16,1.166e-15
VectorFFT,1026,8.650e-16,1.049e-15,2.476e-15
MKL,1026,2.791e-16,3.043e-16,9.269e-16
VectorFFT,1027,5.454e-16,1.071e-15,1.178e-15
MKL,1027,3.400e-16,3.731e-16,1.170e-15
VectorFFT,1028,5.621e-16,8.905e-16,1.192e-15
MKL,1028,4.284e-16,5.908e-16,1.317e-15
VectorFFT,1029,5.045e-16,8.035e-16,1.596e-15
MKL,1029,2.909e-16,3.626e-16,7.910e-16
VectorFFT,1030,5.616e-16,7.187e-16,1.244e-15
MKL,1030,3.247e-16,4.682e-16,9.740e-16
VectorFFT,1031,5.619e-16,7.654e-16,1.315e-15
MKL,1031,4.451e-16,4.180e-16,1.282e-15
VectorFFT,1032,1.622e-15,2.210e-15,5.114e-15
MKL,1032,2.561e-16,3.446e-16,8.549e-16
VectorFFT,1033,2.894e-15,3.034e-15,9.094e-15
MKL,1033,4.480e-16,4.768e-16,1.347e-15
VectorFFT,1034,1.794e-15,2.296e-15,7.012e-15
MKL,1034,2.857e-16,2.960e-16,8.749e-16
VectorFFT,1035,1.113e-15,1.609e-15,3.479e-15
MKL,1035,4.046e-16,4.708e-16,1.184e-15
VectorFFT,1036,1.532e-15,2.561e-15,5.948e-15
MKL,1036,2.447e-16,4.249e-16,8.793e-16
VectorFFT,1037,5.554e-16,6.131e-16,1.301e-15
MKL,1037,3.001e-16,3.554e-16,8.852e-16
VectorFFT,1038,5.536e-16,5.831e-16,1.354e-15
MKL,1038,4.527e-16,5.591e-16,1.604e-15
VectorFFT,1039,5.508e-16,5.584e-16,1.142e-15
MKL,1039,4.576e-16,3.462e-16,1.257e-15
VectorFFT,1040,6.972e-16,1.039e-15,2.569e-15
MKL,1040,2.520e-16,3.568e-16,8.582e-16
VectorFFT,1041,5.489e-16,8.130e-16,1.276e-15
MKL,1041,4.646e-16,4.428e-16,1.542e-15
VectorFFT,1042,5.481e-16,6.232e-16,1.295e-15
MKL,1042,4.439e-16,3.662e-16,1.394e-15
VectorFFT,1043,5.470e-16,5.938e-16,1.271e-15
MKL,1043,4.370e-16,4.232e-16,1.192e-15
VectorFFT,1044,1.182e-15,1.819e-15,3.708e-15
MKL,1044,2.564e-16,3.468e-16,8.903e-16
VectorFFT,1045,9.072e-16,1.168e-15,3.379e-15
MKL,1045,2.875e-16,3.370e-16,9.066e-16
VectorFFT,1046,5.649e-16,8.113e-16,1.139e-15
MKL,1046,4.491e-16,5.270e-16,1.445e-15
VectorFFT,1047,5.706e-16,7.982e-16,1.307e-15
MKL,1047,4.646e-16,5.855e-16,1.471e-15
VectorFFT,1048,5.409e-16,6.530e-16,1.196e-15
MKL,1048,3.189e-16,3.749e-16,9.459e-16
VectorFFT,1049,5.411e-16,5.798e-16,1.162e-15
MKL,1049,4.514e-16,4.155e-16,1.333e-15
VectorFFT,1050,4.669e-16,6.052e-16,1.618e-15
MKL,1050,2.814e-16,3.421e-16,8.383e-16
VectorFFT,1051,1.660e-15,1.422e-15,5.741e-15
MKL,1051,4.399e-16,3.911e-16,1.428e-15
VectorFFT,1052,5.384e-16,6.173e-16,1.071e-15
MKL,1052,4.568e-16,3.791e-16,1.246e-15
VectorFFT,1053,9.382e-16,1.122e-15,2.404e-15
MKL,1053,4.474e-16,5.350e-16,1.403e-15
VectorFFT,1054,1.597e-15,1.887e-15,4.566e-15
MKL,1054,2.650e-16,2.812e-16,8.385e-16
VectorFFT,1055,5.260e-16,7.992e-16,1.275e-15
MKL,1055,4.543e-16,5.100e-16,1.336e-15
VectorFFT,1056,6.575e-16,7.819e-16,1.867e-15
MKL,1056,2.379e-16,2.687e-16,7.255e-16
VectorFFT,1057,5.507e-16,8.131e-16,1.203e-15
MKL,1057,4.587e-16,4.726e-16,1.444e-15
VectorFFT,1058,1.576e-15,2.334e-15,4.640e-15
MKL,1058,2.772e-16,3.209e-16,8.605e-16
VectorFFT,1059,5.417e-16,8.805e-16,1.400e-15
MKL,1059,4.810e-16,5.764e-16,1.557e-15
VectorFFT,1060,5.438e-16,6.388e-16,1.138e-15
MKL,1060,2.730e-16,3.726e-16,7.969e-16
VectorFFT,1061,5.691e-16,7.070e-16,1.472e-15
MKL,1061,4.780e-16,5.523e-16,1.553e-15
VectorFFT,1062,5.539e-16,7.006e-16,1.172e-15
MKL,1062,2.743e-16,3.256e-16,7.996e-16
VectorFFT,1063,5.679e-16,9.891e-16,1.446e-15
MKL,1063,4.573e-16,4.762e-16,1.550e-15
VectorFFT,1064,7.385e-16,1.132e-15,2.750e-15
MKL,1064,2.564e-16,3.115e-16,9.122e-16
VectorFFT,1065,5.242e-16,6.650e-16,1.213e-15
MKL,1065,3.882e-16,4.467e-16,9.810e-16
VectorFFT,1066,1.637e-15,2.311e-15,6.323e-15
MKL,1066,2.696e-16,3.557e-16,8.136e-16
VectorFFT,1067,6.222e-16,9.359e-16,1.390e-15
MKL,1067,4.548e-16,5.324e-16,1.320e-15
VectorFFT,1068,5.505e-16,8.565e-16,1.029e-15
MKL,1068,2.937e-16,3.738e-16,1.038e-15
VectorFFT,1069,5.566e-16,6.676e-16,1.250e-15
MKL,1069,4.421e-16,4.958e-16,1.583e-15
VectorFFT,1070,5.939e-16,6.234e-16,1.283e-15
MKL,1070,3.324e-16,3.738e-16,9.470e-16
VectorFFT,1071,9.287e-16,1.210e-15,2.832e-15
MKL,1071,3.485e-16,3.161e-16,9.437e-16
VectorFFT,1072,5.563e-16,6.031e-16,1.158e-15
MKL,1072,2.610e-16,2.867e-16,7.168e-16
VectorFFT,1073,1.767e-15,2.246e-15,6.644e-15
MKL,1073,3.348e-16,3.153e-16,9.801e-16
VectorFFT,1074,5.921e-16,7.059e-16,1.103e-15
MKL,1074,4.592e-16,4.256e-16,1.481e-15
VectorFFT,1075,1.623e-15,1.949e-15,5.370e-15
MKL,1075,3.163e-16,3.724e-16,9.063e-16
VectorFFT,1076,5.387e-16,6.762e-16,1.461e-15
MKL,1076,4.588e-16,6.799e-16,1.517e-15
VectorFFT,1077,5.731e-16,6.502e-16,1.156e-15
MKL,1077,4.440e-16,4.347e-16,1.539e-15
VectorFFT,1078,6.556e-16,7.255e-16,2.148e-15
MKL,1078,2.682e-16,2.461e-16,8.894e-16
VectorFFT,1079,5.540e-16,7.934e-16,1.337e-15
MKL,1079,3.222e-16,3.243e-16,9.589e-16
VectorFFT,1080,6.152e-16,7.658e-16,1.747e-15
MKL,1080,2.514e-16,2.506e-16,7.102e-16
VectorFFT,1081,1.935e-15,2.372e-15,5.731e-15
MKL,1081,3.729e-16,4.163e-16,1.001e-15
VectorFFT,1082,5.416e-16,8.270e-16,1.108e-15
MKL,1082,4.395e-16,4.936e-16,1.511e-15
VectorFFT,1083,9.857e-16,1.314e-15,3.046e-15
MKL,1083,3.255e-16,3.747e-16,1.065e-15
VectorFFT,1084,5.425e-16,7.178e-16,1.257e-15
MKL,1084,4.377e-16,5.802e-16,1.526e-15
VectorFFT,1085,1.287e-15,1.684e-15,4.377e-15
MKL,1085,3.577e-16,4.566e-16,8.870e-16
VectorFFT,1086,5.564e-16,9.428e-16,1.120e-15
MKL,1086,4.469e-16,4.650e-16,1.403e-15
VectorFFT,1087,5.550e-16,8.258e-16,1.216e-15
MKL,1087,4.633e-16,5.187e-16,1.532e-15
VectorFFT,1088,7.971e-16,1.134e-15,2.313e-15
MKL,1088,2.229e-16,3.031e-16,6.315e-16
VectorFFT,1089,8.335e-16,1.323e-15,2.035e-15
MKL,1089,3.797e-16,4.548e-16,1.158e-15
VectorFFT,1090,5.800e-16,8.210e-16,1.232e-15
MKL,1090,3.232e-16,4.975e-16,9.657e-16
VectorFFT,1091,5.649e-16,9.131e-16,1.146e-15
MKL,1091,4.532e-16,4.549e-16,1.314e-15
VectorFFT,1092,7.726e-16,8.864e-16,2.546e-15
MKL,1092,2.518e-16,2.737e-16,7.138e-16
VectorFFT,1093,1.981e-15,3.010e-15,5.510e-15
MKL,1093,4.554e-16,4.582e-16,1.536e-15
VectorFFT,1094,5.680e-16,5.561e-16,1.391e-15
MKL,1094,4.610e-16,4.638e-16,1.541e-15
VectorFFT,1095,5.400e-16,5.411e-16,1.138e-15
MKL,1095,4.522e-16,4.014e-16,1.613e-15
VectorFFT,1096,5.601e-16,6.892e-16,1.262e-15
MKL,1096,3.183e-16,4.549e-16,1.050e-15
VectorFFT,1097,5.496e-16,6.625e-16,1.370e-15
MKL,1097,4.515e-16,4.350e-16,1.360e-15
VectorFFT,1098,5.290e-16,6.961e-16,1.167e-15
MKL,1098,3.050e-16,3.581e-16,8.493e-16
VectorFFT,1099,5.528e-16,6.953e-16,1.255e-15
MKL,1099,4.590e-16,4.854e-16,1.570e-15
VectorFFT,1100,5.755e-16,6.948e-16,1.295e-15
MKL,1100,2.632e-16,2.606e-16,7.172e-16
VectorFFT,1101,5.479e-16,5.803e-16,1.237e-15
MKL,1101,4.698e-16,4.732e-16,1.544e-15
VectorFFT,1102,1.406e-15,1.317e-15,5.147e-15
MKL,1102,2.578e-16,2.601e-16,8.961e-16
VectorFFT,1103,5.325e-16,6.529e-16,1.365e-15
MKL,1103,4.550e-16,5.047e-16,1.358e-15
VectorFFT,1104,1.023e-15,1.358e-15,4.131e-15
MKL,1104,2.397e-16,2.552e-16,7.421e-16
VectorFFT,1105,1.015e-15,1.139e-15,3.149e-15
MKL,1105,3.141e-16,2.505e-16,7.980e-16
VectorFFT,1106,5.616e-16,7.135e-16,1.260e-15
MKL,1106,3.364e-16,3.982e-16,9.896e-16
VectorFFT,1107,1.564e-15,2.450e-15,4.775e-15
MKL,1107,3.237e-16,5.260e-16,1.122e-15
VectorFFT,1108,5.539e-16,6.404e-16,1.317e-15
MKL,1108,4.533e-16,4.258e-16,1.597e-15
VectorFFT,1109,5.544e-16,6.641e-16,1.174e-15
MKL,1109,4.647e-16,4.440e-16,1.477e-15
VectorFFT,1110,1.489e-15,2.384e-15,5.993e-15
MKL,1110,2.715e-16,2.704e-16,8.810e-16
VectorFFT,1111,5.632e-16,9.422e-16,1.194e-15
MKL,1111,4.548e-16,3.968e-16,1.467e-15
VectorFFT,1112,5.688e-16,6.490e-16,1.183e-15
MKL,1112,3.336e-16,4.254e-16,9.676e-16
VectorFFT,1113,5.402e-16,5.815e-16,1.287e-15
MKL,1113,3.232e-16,2.528e-16,9.106e-16
VectorFFT,1114,5.712e-16,7.001e-16,1.350e-15
MKL,1114,4.657e-16,4.803e-16,1.215e-15
VectorFFT,1115,5.352e-16,6.574e-16,1.287e-15
MKL,1115,4.631e-16,4.840e-16,1.283e-15
VectorFFT,1116,1.362e-15,1.725e-15,3.906e-15
MKL,1116,2.533e-16,3.058e-16,7.374e-16
VectorFFT,1117,2.415e-15,2.923e-15,6.947e-15
MKL,1117,4.700e-16,4.551e-16,1.642e-15
VectorFFT,1118,1.804e-15,2.730e-15,7.227e-15
MKL,1118,2.610e-16,3.225e-16,8.082e-16
VectorFFT,1119,5.555e-16,6.283e-16,1.178e-15
MKL,1119,4.558e-16,5.291e-16,1.489e-15
VectorFFT,1120,3.878e-16,4.100e-16,8.225e-16
MKL,1120,2.468e-16,2.600e-16,7.204e-16
VectorFFT,1121,5.695e-16,6.308e-16,1.440e-15
MKL,1121,3.127e-16,3.346e-16,9.242e-16
VectorFFT,1122,9.493e-16,1.225e-15,2.836e-15
MKL,1122,3.025e-16,3.272e-16,8.839e-16
VectorFFT,1123,1.642e-15,1.547e-15,4.151e-15
MKL,1123,4.622e-16,4.298e-16,1.451e-15
VectorFFT,1124,5.071e-16,8.666e-16,1.330e-15
MKL,1124,4.753e-16,7.172e-16,1.621e-15
VectorFFT,1125,5.671e-16,7.343e-16,1.888e-15
MKL,1125,5.165e-16,5.106e-16,1.532e-15
VectorFFT,1126,5.638e-16,5.162e-16,1.321e-15
MKL,1126,4.634e-16,4.148e-16,1.615e-15
VectorFFT,1127,1.003e-15,1.833e-15,2.813e-15
MKL,1127,3.209e-16,3.427e-16,9.442e-16
VectorFFT,1128,1.811e-15,1.967e-15,5.634e-15
MKL,1128,2.559e-16,2.964e-16,7.653e-16
VectorFFT,1129,5.605e-16,6.593e-16,1.139e-15
MKL,1129,4.464e-16,4.657e-16,1.280e-15
VectorFFT,1130,5.514e-16,8.573e-16,1.104e-15
MKL,1130,3.452e-16,4.504e-16,1.033e-15
VectorFFT,1131,1.267e-15,1.508e-15,3.542e-15
MKL,1131,3.970e-16,5.588e-16,1.219e-15
VectorFFT,1132,5.529e-16,8.528e-16,1.186e-15
MKL,1132,4.633e-16,5.177e-16,1.423e-15
VectorFFT,1133,5.828e-16,6.937e-16,1.109e-15
MKL,1133,4.525e-16,4.345e-16,1.427e-15
VectorFFT,1134,5.932e-16,7.832e-16,1.537e-15
MKL,1134,2.916e-16,3.328e-16,9.418e-16
VectorFFT,1135,5.446e-16,7.146e-16,1.281e-15
MKL,1135,4.681e-16,4.882e-16,1.432e-15
VectorFFT,1136,5.364e-16,6.603e-16,1.314e-15
MKL,1136,2.650e-16,2.705e-16,8.096e-16
VectorFFT,1137,5.410e-16,5.988e-16,1.161e-15
MKL,1137,4.530e-16,4.678e-16,1.308e-15
VectorFFT,1138,5.624e-16,7.827e-16,1.377e-15
MKL,1138,4.598e-16,5.780e-16,1.500e-15
VectorFFT,1139,5.319e-16,5.697e-16,1.160e-15
MKL,1139,3.019e-16,3.160e-16,8.561e-16
VectorFFT,1140,7.863e-16,1.059e-15,2.390e-15
MKL,1140,2.571e-16,2.819e-16,7.343e-16
VectorFFT,1141,5.711e-16,7.149e-16,1.416e-15
MKL,1141,4.685e-16,4.775e-16,1.544e-15
VectorFFT,1142,5.613e-16,6.585e-16,1.272e-15
MKL,1142,4.705e-16,4.789e-16,1.430e-15
VectorFFT,1143,5.573e-16,7.352e-16,1.190e-15
MKL,1143,4.890e-16,5.480e-16,1.539e-15
VectorFFT,1144,8.568e-16,1.143e-15,2.565e-15
MKL,1144,2.436e-16,2.542e-16,8.646e-16
VectorFFT,1145,5.457e-16,6.539e-16,1.170e-15
MKL,1145,4.692e-16,4.910e-16,1.492e-15
VectorFFT,1146,5.452e-16,6.821e-16,1.270e-15
MKL,1146,4.517e-16,6.444e-16,1.474e-15
VectorFFT,1147,2.059e-15,3.060e-15,6.865e-15
MKL,1147,2.951e-16,3.593e-16,8.936e-16
VectorFFT,1148,1.462e-15,2.409e-15,5.910e-15
MKL,1148,2.571e-16,2.984e-16,7.405e-16
VectorFFT,1149,5.367e-16,7.199e-16,1.480e-15
MKL,1149,4.821e-16,4.905e-16,1.670e-15
VectorFFT,1150,1.048e-15,1.741e-15,3.350e-15
MKL,1150,2.774e-16,2.731e-16,8.430e-16
VectorFFT,1151,1.779e-15,2.180e-15,5.023e-15
MKL,1151,4.647e-16,5.104e-16,1.439e-15
VectorFFT,1152,5.145e-16,8.494e-16,1.200e-15
MKL,1152,2.267e-16,2.620e-16,7.555e-16
VectorFFT,1153,9.798e-16,1.021e-15,2.792e-15
MKL,1153,4.614e-16,4.631e-16,1.310e-15
VectorFFT,1154,5.653e-16,6.923e-16,1.375e-15
MKL,1154,4.384e-16,4.290e-16,1.339e-15
VectorFFT,1155,6.246e-16,1.004e-15,2.154e-15
MKL,1155,4.114e-16,6.388e-16,1.165e-15
VectorFFT,1156,1.074e-15,1.130e-15,2.681e-15
MKL,1156,2.792e-16,2.224e-16,8.740e-16
VectorFFT,1157,5.471e-16,6.290e-16,1.093e-15
MKL,1157,3.159e-16,2.907e-16,9.727e-16
VectorFFT,1158,5.514e-16,6.456e-16,1.106e-15
MKL,1158,4.508e-16,3.738e-16,1.415e-15
VectorFFT,1159,5.396e-16,6.528e-16,1.178e-15
MKL,1159,3.189e-16,3.517e-16,1.082e-15
VectorFFT,1160,1.143e-15,1.890e-15,3.752e-15
MKL,1160,2.461e-16,3.066e-16,7.703e-16
VectorFFT,1161,1.660e-15,2.422e-15,5.715e-15
MKL,1161,3.868e-16,4.738e-16,1.156e-15
VectorFFT,1162,5.676e-16,7.539e-16,1.144e-15
MKL,1162,3.005e-16,3.143e-16,1.088e-15
VectorFFT,1163,5.417e-16,8.322e-16,1.103e-15
MKL,1163,4.654e-16,5.579e-16,1.400e-15
VectorFFT,1164,5.031e-16,4.969e-16,1.261e-15
MKL,1164,2.950e-16,3.616e-16,9.312e-16
VectorFFT,1165,5.384e-16,6.448e-16,1.242e-15
MKL,1165,4.285e-16,4.783e-16,1.311e-15
VectorFFT,1166,5.297e-16,8.149e-16,1.325e-15
MKL,1166,2.818e-16,4.420e-16,8.370e-16
VectorFFT,1167,5.423e-16,6.285e-16,1.160e-15
MKL,1167,4.507e-16,4.126e-16,1.342e-15
VectorFFT,1168,5.447e-16,6.914e-16,1.282e-15
MKL,1168,2.695e-16,3.551e-16,7.872e-16
VectorFFT,1169,5.499e-16,6.194e-16,1.309e-15
MKL,1169,4.435e-16,5.014e-16,1.233e-15
VectorFFT,1170,8.150e-16,1.223e-15,2.574e-15
MKL,1170,2.808e-16,2.976e-16,8.899e-16
VectorFFT,1171,1.467e-15,1.336e-15,4.170e-15
MKL,1171,4.314e-16,4.840e-16,1.393e-15
VectorFFT,1172,5.526e-16,7.418e-16,1.211e-15
MKL,1172,4.388e-16,5.440e-16,1.431e-15
VectorFFT,1173,1.291e-15,1.710e-15,4.248e-15
MKL,1173,3.963e-16,4.123e-16,1.169e-15
VectorFFT,1174,5.601e-16,5.671e-16,1.212e-15
MKL,1174,4.366e-16,4.282e-16,1.556e-15
VectorFFT,1175,1.694e-15,1.960e-15,5.193e-15
MKL,1175,3.088e-16,2.898e-16,1.187e-15
VectorFFT,1176,4.384e-16,6.895e-16,3.125e-15
MKL,1176,2.430e-16,2.555e-16,6.374e-16
VectorFFT,1177,5.936e-16,7.724e-16,1.054e-15
MKL,1177,4.445e-16,3.891e-16,1.417e-15
VectorFFT,1178,1.560e-15,2.315e-15,4.782e-15
MKL,1178,2.690e-16,3.587e-16,7.352e-16
VectorFFT,1179,5.364e-16,6.407e-16,1.178e-15
MKL,1179,4.446e-16,4.590e-16,1.404e-15
VectorFFT,1180,5.436e-16,6.368e-16,1.233e-15
MKL,1180,2.797e-16,3.591e-16,8.893e-16
VectorFFT,1181,5.468e-16,7.329e-16,1.107e-15
MKL,1181,4.376e-16,4.352e-16,1.528e-15
VectorFFT,1182,5.543e-16,5.922e-16,1.404e-15
MKL,1182,4.463e-16,4.475e-16,1.498e-15
VectorFFT,1183,9.481e-16,8.572e-16,2.716e-15
MKL,1183,2.905e-16,2.659e-16,1.176e-15
VectorFFT,1184,1.527e-15,1.858e-15,6.456e-15
MKL,1184,2.408e-16,2.150e-16,7.805e-16
VectorFFT,1185,5.576e-16,5.252e-16,1.172e-15
MKL,1185,3.778e-16,3.386e-16,1.079e-15
VectorFFT,1186,5.657e-16,9.976e-16,1.450e-15
MKL,1186,4.373e-16,5.841e-16,1.320e-15
VectorFFT,1187,5.404e-16,8.793e-16,1.160e-15
MKL,1187,4.815e-16,5.649e-16,1.530e-15
VectorFFT,1188,7.453e-16,9.218e-16,2.287e-15
MKL,1188,2.580e-16,2.592e-16,7.183e-16
VectorFFT,1189,1.838e-15,2.173e-15,5.321e-15
MKL,1189,2.947e-16,3.355e-16,8.924e-16
VectorFFT,1190,7.898e-16,1.222e-15,2.021e-15
MKL,1190,3.033e-16,3.783e-16,9.499e-16
VectorFFT,1191,5.477e-16,6.250e-16,1.295e-15
MKL,1191,4.832e-16,5.367e-16,1.703e-15
VectorFFT,1192,5.695e-16,7.058e-16,1.305e-15
MKL,1192,3.362e-16,5.297e-16,9.286e-16
VectorFFT,1193,5.258e-16,1.017e-15,1.371e-15
MKL,1193,4.457e-16,4.997e-16,1.239e-15
VectorFFT,1194,5.615e-16,6.907e-16,1.486e-15
MKL,1194,4.345e-16,3.959e-16,1.219e-15
VectorFFT,1195,5.597e-16,9.522e-16,1.278e-15
MKL,1195,4.353e-16,5.326e-16,1.390e-15
VectorFFT,1196,1.153e-15,1.497e-15,3.562e-15
MKL,1196,2.486e-16,2.716e-16,6.821e-16
VectorFFT,1197,1.156e-15,1.788e-15,4.158e-15
MKL,1197,3.280e-16,4.250e-16,9.240e-16
VectorFFT,1198,5.553e-16,6.618e-16,1.123e-15
MKL,1198,4.342e-16,4.487e-16,1.454e-15
VectorFFT,1199,5.711e-16,7.216e-16,1.170e-15
MKL,1199,4.432e-16,4.587e-16,1.154e-15
VectorFFT,1200,4.869e-16,5.650e-16,3.943e-15
MKL,1200,2.636e-16,3.232e-16,8.225e-16
VectorFFT,1201,1.856e-15,2.177e-15,5.620e-15
MKL,1201,4.877e-16,6.251e-16,1.434e-15
VectorFFT,1202,5.461e-16,8.070e-16,1.325e-15
MKL,1202,4.374e-16,4.290e-16,1.455e-15
VectorFFT,1203,5.405e-16,6.192e-16,1.120e-15
MKL,1203,4.310e-16,4.534e-16,1.230e-15
VectorFFT,1204,1.644e-15,2.164e-15,6.214e-15
MKL,1204,2.634e-16,2.814e-16,8.181e-16
VectorFFT,1205,5.502e-16,8.328e-16,1.116e-15
MKL,1205,4.492e-16,4.258e-16,1.320e-15
VectorFFT,1206,5.360e-16,7.562e-16,1.210e-15
MKL,1206,2.925e-16,3.826e-16,9.101e-16
VectorFFT,1207,5.709e-16,6.666e-16,1.313e-15
MKL,1207,3.178e-16,2.595e-16,1.108e-15
VectorFFT,1208,5.339e-16,5.793e-16,1.313e-15
MKL,1208,4.357e-16,4.604e-16,1.438e-15
VectorFFT,1209,1.416e-15,1.899e-15,4.413e-15
MKL,1209,3.106e-16,3.728e-16,1.046e-15
VectorFFT,1210,7.270e-16,7.866e-16,1.832e-15
MKL,1210,2.988e-16,2.819e-16,8.854e-16
VectorFFT,1211,5.627e-16,6.360e-16,1.379e-15
MKL,1211,4.723e-16,4.623e-16,1.368e-15
VectorFFT,1212,5.228e-16,6.848e-16,1.190e-15
MKL,1212,3.040e-16,3.947e-16,9.430e-16
VectorFFT,1213,5.519e-16,5.843e-16,1.045e-15
MKL,1213,4.361e-16,4.049e-16,1.245e-15
VectorFFT,1214,5.514e-16,7.025e-16,1.179e-15
MKL,1214,4.469e-16,4.768e-16,1.313e-15
VectorFFT,1215,7.146e-16,7.541e-16,2.703e-15
MKL,1215,4.843e-16,5.898e-16,1.402e-15
VectorFFT,1216,7.410e-16,9.230e-16,3.166e-15
MKL,1216,2.413e-16,2.645e-16,6.872e-16
VectorFFT,1217,1.290e-15,1.719e-15,3.065e-15
MKL,1217,4.851e-16,5.895e-16,1.758e-15
VectorFFT,1218,1.204e-15,1.201e-15,4.054e-15
MKL,1218,2.875e-16,3.113e-16,9.924e-16
VectorFFT,1219,5.352e-16,7.101e-16,1.313e-15
MKL,1219,3.058e-16,3.596e-16,8.191e-16
VectorFFT,1220,5.393e-16,4.994e-16,1.371e-15
MKL,1220,2.833e-16,3.570e-16,7.798e-16
VectorFFT,1221,1.552e-15,2.357e-15,5.526e-15
MKL,1221,4.017e-16,4.843e-16,1.057e-15
VectorFFT,1222,1.883e-15,2.672e-15,6.630e-15
MKL,1222,2.666e-16,2.750e-16,9.361e-16
VectorFFT,1223,5.337e-16,6.774e-16,1.071e-15
MKL,1223,4.496e-16,4.905e-16,1.575e-15
VectorFFT,1224,8.316e-16,1.494e-15,2.564e-15
MKL,1224,2.609e-16,2.316e-16,7.355e-16
VectorFFT,1225,5.249e-16,7.058e-16,1.498e-15
MKL,1225,3.140e-16,3.469e-16,9.415e-16
VectorFFT,1226,5.620e-16,6.994e-16,1.336e-15
MKL,1226,4.570e-16,4.415e-16,1.588e-15
VectorFFT,1227,5.235e-16,6.306e-16,1.300e-15
MKL,1227,4.760e-16,5.666e-16,1.606e-15
VectorFFT,1228,5.729e-16,8.869e-16,1.514e-15
MKL,1228,4.432e-16,4.083e-16,1.450e-15
VectorFFT,1229,5.461e-16,7.813e-16,1.360e-15
MKL,1229,4.541e-16,4.098e-16,1.309e-15
VectorFFT,1230,1.517e-15,1.559e-15,6.091e-15
MKL,1230,3.149e-16,2.975e-16,9.163e-16
VectorFFT,1231,5.603e-16,8.097e-16,1.278e-15
MKL,1231,4.790e-16,4.668e-16,1.599e-15
VectorFFT,1232,5.842e-16,6.110e-16,1.693e-15
MKL,1232,2.424e-16,2.492e-16,7.308e-16
VectorFFT,1233,5.669e-16,6.996e-16,1.656e-15
MKL,1233,4.662e-16,4.369e-16,1.377e-15
VectorFFT,1234,5.673e-16,7.961e-16,1.442e-15
MKL,1234,4.368e-16,5.424e-16,1.514e-15
VectorFFT,1235,9.770e-16,1.319e-15,3.627e-15
MKL,1235,4.081e-16,4.385e-16,1.209e-15
VectorFFT,1236,5.483e-16,7.190e-16,1.233e-15
MKL,1236,3.115e-16,4.653e-16,8.502e-16
VectorFFT,1237,5.645e-16,8.759e-16,1.402e-15
MKL,1237,4.554e-16,4.547e-16,1.368e-15
VectorFFT,1238,5.548e-16,7.437e-16,1.392e-15
MKL,1238,4.529e-16,5.126e-16,1.383e-15
VectorFFT,1239,5.545e-16,5.448e-16,1.140e-15
MKL,1239,4.252e-16,4.124e-16,1.087e-15
VectorFFT,1240,1.282e-15,1.670e-15,4.731e-15
MKL,1240,2.651e-16,3.478e-16,7.483e-16
VectorFFT,1241,5.449e-16,6.336e-16,1.213e-15
MKL,1241,3.238e-16,3.522e-16,1.160e-15
VectorFFT,1242,1.117e-15,1.684e-15,4.475e-15
MKL,1242,3.028e-16,3.714e-16,8.348e-16
VectorFFT,1243,5.609e-16,7.970e-16,1.120e-15
MKL,1243,4.507e-16,4.274e-16,1.150e-15
VectorFFT,1244,5.374e-16,5.369e-16,1.146e-15
MKL,1244,4.439e-16,3.527e-16,1.281e-15
VectorFFT,1245,5.320e-16,7.626e-16,1.306e-15
MKL,1245,3.236e-16,2.710e-16,9.165e-16
VectorFFT,1246,5.498e-16,6.031e-16,1.239e-15
MKL,1246,3.110e-16,4.046e-16,9.137e-16
VectorFFT,1247,2.127e-15,2.594e-15,7.534e-15
MKL,1247,3.015e-16,3.384e-16,1.035e-15
VectorFFT,1248,7.595e-16,1.063e-15,2.353e-15
MKL,1248,2.457e-16,2.884e-16,7.673e-16
VectorFFT,1249,1.275e-15,1.602e-15,2.991e-15
MKL,1249,4.452e-16,4.290e-16,1.402e-15
VectorFFT,1250,4.304e-16,4.946e-16,3.311e-15
MKL,1250,2.959e-16,2.794e-16,7.729e-16
VectorFFT,1251,5.254e-16,5.770e-16,1.283e-15
MKL,1251,4.584e-16,4.577e-16,1.454e-15
VectorFFT,1252,5.322e-16,7.141e-16,1.339e-15
MKL,1252,4.669e-16,5.867e-16,1.501e-15
VectorFFT,1253,5.801e-16,8.866e-16,1.228e-15
MKL,1253,4.573e-16,4.505e-16,1.593e-15
VectorFFT,1254,9.131e-16,1.180e-15,2.272e-15
MKL,1254,2.732e-16,3.502e-16,7.835e-16
VectorFFT,1255,5.636e-16,7.137e-16,1.218e-15
MKL,1255,4.580e-16,4.451e-16,1.296e-15
VectorFFT,1256,5.641e-16,9.828e-16,1.251e-15
MKL,1256,4.535e-16,4.069e-16,1.531e-15
VectorFFT,1257,5.442e-16,6.503e-16,1.459e-15
MKL,1257,4.525e-16,4.957e-16,1.423e-15
VectorFFT,1258,1.731e-15,3.469e-15,6.623e-15
MKL,1258,3.325e-16,3.911e-16,9.293e-16
VectorFFT,1259,5.600e-16,7.524e-16,1.161e-15
MKL,1259,4.716e-16,4.972e-16,1.379e-15
VectorFFT,1260,5.011e-16,7.450e-16,2.125e-15
MKL,1260,2.701e-16,2.857e-16,8.340e-16
VectorFFT,1261,5.516e-16,8.052e-16,1.432e-15
MKL,1261,4.640e-16,5.299e-16,1.422e-15
VectorFFT,1262,5.376e-16,7.800e-16,1.258e-15
MKL,1262,4.733e-16,5.509e-16,1.483e-15
VectorFFT,1263,5.611e-16,7.333e-16,1.312e-15
MKL,1263,4.482e-16,5.006e-16,1.513e-15
VectorFFT,1264,5.430e-16,5.895e-16,1.408e-15
MKL,1264,2.796e-16,2.986e-16,9.943e-16
VectorFFT,1265,1.166e-15,1.217e-15,3.613e-15
MKL,1265,4.395e-16,4.107e-16,1.270e-15
VectorFFT,1266,5.211e-16,5.228e-16,1.269e-15
MKL,1266,4.428e-16,4.189e-16,1.396e-15
VectorFFT,1267,5.727e-16,8.016e-16,1.196e-15
MKL,1267,4.671e-16,7.546e-16,1.600e-15
VectorFFT,1268,5.745e-16,5.724e-16,1.184e-15
MKL,1268,4.498e-16,3.550e-16,1.438e-15
VectorFFT,1269,1.736e-15,2.347e-15,5.583e-15
MKL,1269,3.730e-16,4.567e-16,1.115e-15
VectorFFT,1270,5.628e-16,6.794e-16,1.169e-15
MKL,1270,3.394e-16,5.415e-16,1.056e-15
VectorFFT,1271,2.059e-15,2.571e-15,6.314e-15
MKL,1271,5.118e-16,5.973e-16,2.204e-15
VectorFFT,1272,5.415e-16,6.085e-16,1.281e-15
MKL,1272,2.638e-16,4.021e-16,7.612e-16
VectorFFT,1273,5.592e-16,9.071e-16,1.234e-15
MKL,1273,3.198e-16,3.829e-16,1.057e-15
VectorFFT,1274,7.851e-16,1.284e-15,2.433e-15
MKL,1274,2.688e-16,3.246e-16,8.926e-16
VectorFFT,1275,9.538e-16,1.001e-15,3.016e-15
MKL,1275,3.965e-16,4.017e-16,1.130e-15
VectorFFT,1276,1.216e-15,1.322e-15,3.814e-15
MKL,1276,2.539e-16,2.715e-16,7.249e-16
VectorFFT,1277,2.177e-15,2.391e-15,5.732e-15
MKL,1277,4.718e-16,4.466e-16,1.464e-15
VectorFFT,1278,5.258e-16,5.630e-16,1.152e-15
MKL,1278,2.910e-16,4.541e-16,1.083e-15
VectorFFT,1279,5.588e-16,7.723e-16,1.267e-15
MKL,1279,4.434e-16,3.971e-16,1.403e-15
VectorFFT,1280,3.461e-16,3.649e-16,7.536e-16
MKL,1280,2.280e-16,2.266e-16,6.498e-16
VectorFFT,1281,5.523e-16,6.404e-16,1.206e-15
MKL,1281,3.105e-16,2.808e-16,8.138e-16
VectorFFT,1282,5.704e-16,7.741e-16,1.322e-15
MKL,1282,4.245e-16,3.995e-16,1.336e-15
VectorFFT,1283,5.596e-16,6.500e-16,1.415e-15
MKL,1283,4.350e-16,4.356e-16,1.337e-15
VectorFFT,1284,5.467e-16,8.322e-16,1.381e-15
MKL,1284,3.139e-16,4.297e-16,1.355e-15
VectorFFT,1285,5.467e-16,8.207e-16,1.228e-15
MKL,1285,4.242e-16,4.421e-16,1.393e-15
VectorFFT,1286,5.466e-16,7.406e-16,1.330e-15
MKL,1286,4.338e-16,3.422e-16,1.268e-15
VectorFFT,1287,9.188e-16,1.227e-15,3.093e-15
MKL,1287,2.952e-16,3.227e-16,8.527e-16
VectorFFT,1288,1.020e-15,1.588e-15,3.150e-15
MKL,1288,2.504e-16,2.688e-16,7.954e-16
VectorFFT,1289,1.747e-15,2.473e-15,5.297e-15
MKL,1289,4.429e-16,4.639e-16,1.312e-15
VectorFFT,1290,1.631e-15,2.089e-15,6.159e-15
MKL,1290,3.178e-16,4.473e-16,1.012e-15
VectorFFT,1291,5.365e-16,6.651e-16,1.276e-15
MKL,1291,4.319e-16,3.878e-16,1.422e-15
VectorFFT,1292,1.007e-15,1.404e-15,2.758e-15
MKL,1292,2.801e-16,3.268e-16,8.076e-16
VectorFFT,1293,5.718e-16,7.447e-16,1.196e-15
MKL,1293,4.283e-16,4.362e-16,1.588e-15
VectorFFT,1294,5.512e-16,6.733e-16,1.245e-15
MKL,1294,4.333e-16,4.045e-16,1.369e-15
VectorFFT,1295,1.469e-15,2.783e-15,5.476e-15
MKL,1295,