N,K,plan,path,vfft_ns,mkl_ns,vfft_gflops,ratio_vs_mkl,rt_err,route,flip
64,1,z:r2c,nat-oop,25,35,38.182,1.394,2.369e-16,-,0
64,1,z:r2c,nat-oop,26,35,37.462,1.361,2.369e-16,-,1
66,1,z:r2c,nat-oop,40,63,25.105,1.593,3.410e-16,-,0
66,1,z:r2c,nat-oop,40,65,25.165,1.649,3.410e-16,-,1
68,1,z:r2c,nat-oop,73,78,14.256,1.071,6.637e-16,-,0
68,1,z:r2c,nat-oop,66,78,15.665,1.174,6.637e-16,-,1
70,1,z:r2c,nat-oop,40,50,26.858,1.262,2.690e-16,-,0
70,1,z:r2c,nat-oop,41,47,25.898,1.134,2.690e-16,-,1
72,1,z:r2c,nat-oop,34,124,32.331,3.622,3.816e-16,-,0
72,1,z:r2c,nat-oop,34,124,32.559,3.644,3.816e-16,-,1
74,1,z:r2c,nat-oop,91,145,12.682,1.598,9.934e-16,-,0
74,1,z:r2c,nat-oop,91,145,12.671,1.598,9.934e-16,-,1
76,1,z:r2c,nat-oop,82,99,14.432,1.198,3.289e-16,-,0
76,1,z:r2c,nat-oop,82,98,14.487,1.200,3.289e-16,-,1
78,1,z:r2c,nat-oop,51,78,24.027,1.526,6.552e-16,-,0
78,1,z:r2c,nat-oop,50,77,24.595,1.539,6.552e-16,-,1
80,1,z:r2c,nat-oop,34,134,37.608,3.971,2.477e-16,-,0
80,1,z:r2c,nat-oop,34,133,37.484,3.950,2.477e-16,-,1
82,1,z:r2c,nat-oop,107,172,12.151,1.601,3.600e-16,-,0
82,1,z:r2c,nat-oop,107,172,12.157,1.601,3.600e-16,-,1
84,1,z:r2c,nat-oop,43,68,31.514,1.589,4.061e-16,-,0
84,1,z:r2c,nat-oop,44,68,30.585,1.543,4.061e-16,-,1
86,1,z:r2c,nat-oop,117,194,11.800,1.656,2.607e-16,-,0
86,1,z:r2c,nat-oop,117,194,11.838,1.660,2.607e-16,-,1
88,1,z:r2c,nat-oop,46,98,30.685,2.112,4.308e-16,-,0
88,1,z:r2c,nat-oop,46,98,30.652,2.112,4.308e-16,-,1
90,1,z:r2c,nat-oop,50,74,29.057,1.478,5.803e-16,-,0
90,1,z:r2c,nat-oop,51,74,28.868,1.454,5.803e-16,-,1
92,1,z:r2c,nat-oop,88,138,17.088,1.567,7.525e-16,-,0
92,1,z:r2c,nat-oop,87,139,17.160,1.591,7.525e-16,-,1
94,1,z:r2c,nat-oop,135,233,11.418,1.725,3.326e-16,-,0
94,1,z:r2c,nat-oop,135,232,11.407,1.718,3.326e-16,-,1
96,1,z:r2c,nat-oop,42,49,37.230,1.148,3.827e-16,-,0
96,1,z:r2c,nat-oop,42,50,37.192,1.170,3.827e-16,-,1
98,1,z:r2c,nat-oop,53,61,30.734,1.164,1.562e-16,-,0
98,1,z:r2c,nat-oop,53,60,30.735,1.141,1.562e-16,-,1
100,1,z:r2c,nat-oop,45,73,37.235,1.634,5.027e-16,-,0
100,1,z:r2c,nat-oop,45,74,37.279,1.653,5.027e-16,-,1
102,1,z:r2c,nat-oop,75,115,22.691,1.528,5.794e-16,-,0
102,1,z:r2c,nat-oop,75,114,22.536,1.511,5.794e-16,-,1
104,1,z:r2c,nat-oop,56,116,30.978,2.055,6.003e-16,-,0
104,1,z:r2c,nat-oop,56,119,31.162,2.135,6.003e-16,-,1
106,1,z:r2c,nat-oop,153,281,11.625,1.832,1.081e-15,-,0
106,1,z:r2c,nat-oop,153,281,11.651,1.834,1.081e-15,-,1
108,1,z:r2c,nat-oop,55,166,33.107,3.020,5.013e-16,-,0
108,1,z:r2c,nat-oop,55,171,33.110,3.101,5.013e-16,-,1
110,1,z:r2c,nat-oop,74,100,25.043,1.348,5.716e-16,-,0
110,1,z:r2c,nat-oop,67,100,27.757,1.495,5.716e-16,-,1
112,1,z:r2c,nat-oop,54,181,35.037,3.326,2.020e-16,-,0
112,1,z:r2c,nat-oop,54,181,35.123,3.334,2.020e-16,-,1
114,1,z:r2c,nat-oop,85,146,23.039,1.723,5.071e-16,-,0
114,1,z:r2c,nat-oop,85,146,22.883,1.713,5.071e-16,-,1
116,1,z:r2c,nat-oop,119,190,16.725,1.598,6.606e-16,-,0
116,1,z:r2c,nat-oop,116,190,17.189,1.641,6.606e-16,-,1
118,1,z:r2c,nat-oop,243,348,8.360,1.434,6.208e-16,-,0
118,1,z:r2c,nat-oop,243,348,8.359,1.433,6.208e-16,-,1
120,1,z:r2c,nat-oop,52,58,39.854,1.108,3.584e-16,-,0
120,1,z:r2c,nat-oop,77,58,26.777,0.752,3.584e-16,-,1
122,1,z:r2c,nat-oop,164,367,12.873,2.233,6.575e-16,-,0
122,1,z:r2c,nat-oop,166,366,12.720,2.204,6.575e-16,-,1
124,1,z:r2c,nat-oop,125,231,17.218,1.842,5.382e-16,-,0
124,1,z:r2c,nat-oop,129,223,16.656,1.726,5.382e-16,-,1
126,1,z:r2c,nat-oop,70,93,31.593,1.336,3.672e-16,-,0
126,1,z:r2c,nat-oop,69,94,31.802,1.359,3.672e-16,-,1
128,1,z:r2c,nat-oop,51,63,43.669,1.234,1.903e-16,-,0
128,1,z:r2c,nat-oop,51,63,43.705,1.234,1.903e-16,-,1
130,1,z:r2c,nat-oop,74,122,30.880,1.644,5.267e-16,-,0
130,1,z:r2c,nat-oop,74,120,30.889,1.622,5.267e-16,-,1
132,1,z:r2c,nat-oop,68,137,34.435,2.033,6.843e-16,-,0
132,1,z:r2c,nat-oop,68,138,34.412,2.046,6.843e-16,-,1
134,1,z:r2c,nat-oop,186,451,12.726,2.422,5.085e-16,-,0
134,1,z:r2c,nat-oop,184,451,12.895,2.457,5.085e-16,-,1
136,1,z:r2c,nat-oop,80,174,30.048,2.173,4.140e-16,-,0
136,1,z:r2c,nat-oop,81,169,29.831,2.096,4.140e-16,-,1
138,1,z:r2c,nat-oop,108,211,22.604,1.940,6.310e-16,-,0
138,1,z:r2c,nat-oop,109,201,22.580,1.853,6.310e-16,-,1
140,1,z:r2c,nat-oop,69,94,36.237,1.367,3.116e-16,-,0
140,1,z:r2c,nat-oop,68,94,36.519,1.378,3.116e-16,-,1
142,1,z:r2c,nat-oop,198,506,12.834,2.558,4.709e-16,-,0
142,1,z:r2c,nat-oop,198,505,12.831,2.552,4.709e-16,-,1
144,1,z:r2c,nat-oop,68,248,37.971,3.643,6.077e-16,-,0
144,1,z:r2c,nat-oop,68,248,38.169,3.664,6.077e-16,-,1
146,1,z:r2c,nat-oop,219,522,11.972,2.381,5.690e-16,-,0
146,1,z:r2c,nat-oop,220,519,11.938,2.362,5.690e-16,-,1
148,1,z:r2c,nat-oop,156,292,17.065,1.866,5.196e-16,-,0
148,1,z:r2c,nat-oop,160,293,16.667,1.832,5.196e-16,-,1
150,1,z:r2c,nat-oop,81,103,33.315,1.266,4.883e-16,-,0
150,1,z:r2c,nat-oop,81,104,33.328,1.273,4.883e-16,-,1
152,1,z:r2c,nat-oop,103,212,26.747,2.055,5.686e-16,-,0
152,1,z:r2c,nat-oop,184,212,14.954,1.149,5.686e-16,-,1
154,1,z:r2c,nat-oop,84,141,33.264,1.682,5.740e-16,-,0
154,1,z:r2c,nat-oop,84,139,33.276,1.659,5.740e-16,-,1
156,1,z:r2c,nat-oop,84,169,33.950,2.020,4.718e-16,-,0
156,1,z:r2c,nat-oop,83,171,34.205,2.062,4.718e-16,-,1
158,1,z:r2c,nat-oop,328,621,8.796,1.895,8.108e-16,-,0
158,1,z:r2c,nat-oop,302,621,9.558,2.058,8.108e-16,-,1
160,1,z:r2c,nat-oop,66,259,44.485,3.933,3.086e-16,-,0
160,1,z:r2c,nat-oop,66,259,44.501,3.931,3.086e-16,-,1
162,1,z:r2c,nat-oop,86,219,34.757,2.564,4.662e-16,-,0
162,1,z:r2c,nat-oop,85,223,34.875,2.615,4.662e-16,-,1
164,1,z:r2c,nat-oop,182,344,16.532,1.884,7.088e-16,-,0
164,1,z:r2c,nat-oop,180,343,16.794,1.907,7.088e-16,-,1
166,1,z:r2c,nat-oop,463,674,6.609,1.456,5.595e-16,-,0
166,1,z:r2c,nat-oop,565,671,5.418,1.189,5.595e-16,-,1
168,1,z:r2c,nat-oop,81,259,38.205,3.184,3.763e-16,-,0
168,1,z:r2c,nat-oop,81,259,38.223,3.183,3.763e-16,-,1
170,1,z:r2c,nat-oop,109,186,28.848,1.704,4.913e-16,-,0
170,1,z:r2c,nat-oop,109,186,28.993,1.711,4.913e-16,-,1
172,1,z:r2c,nat-oop,194,388,16.503,2.007,1.501e-15,-,0
172,1,z:r2c,nat-oop,192,389,16.589,2.019,1.501e-15,-,1
174,1,z:r2c,nat-oop,153,284,21.112,1.855,6.009e-16,-,0
174,1,z:r2c,nat-oop,153,286,21.127,1.866,6.009e-16,-,1
176,1,z:r2c,nat-oop,86,333,38.216,3.878,3.642e-16,-,0
176,1,z:r2c,nat-oop,86,333,38.276,3.887,3.642e-16,-,1
178,1,z:r2c,nat-oop,236,755,14.106,3.200,5.802e-16,-,0
178,1,z:r2c,nat-oop,236,758,14.097,3.211,5.802e-16,-,1
180,1,z:r2c,nat-oop,86,254,39.316,2.968,4.324e-16,-,0
180,1,z:r2c,nat-oop,86,255,39.343,2.980,4.324e-16,-,1
182,1,z:r2c,nat-oop,105,171,32.501,1.631,5.258e-16,-,0
182,1,z:r2c,nat-oop,105,171,32.409,1.624,5.258e-16,-,1
184,1,z:r2c,nat-oop,113,299,30.517,2.639,4.992e-16,-,0
184,1,z:r2c,nat-oop,113,295,30.492,2.595,4.992e-16,-,1
186,1,z:r2c,nat-oop,167,333,20.986,1.993,6.563e-16,-,0
186,1,z:r2c,nat-oop,167,338,20.974,2.022,6.563e-16,-,1
188,1,z:r2c,nat-oop,220,467,16.122,2.119,4.717e-16,-,0
188,1,z:r2c,nat-oop,223,468,15.908,2.099,4.717e-16,-,1
190,1,z:r2c,nat-oop,125,238,28.685,1.900,4.867e-16,-,0
190,1,z:r2c,nat-oop,125,238,28.725,1.902,4.867e-16,-,1
192,1,z:r2c,nat-oop,81,337,45.036,4.172,3.251e-16,-,0
192,1,z:r2c,nat-oop,81,343,45.163,4.256,3.251e-16,-,1
194,1,z:r2c,nat-oop,257,895,14.315,3.478,7.113e-16,-,0
194,1,z:r2c,nat-oop,250,891,14.771,3.570,7.113e-16,-,1
196,1,z:r2c,nat-oop,147,130,25.323,0.885,4.812e-16,-,0
196,1,z:r2c,nat-oop,145,133,25.820,0.922,4.812e-16,-,1
198,1,z:r2c,nat-oop,107,201,35.364,1.884,5.857e-16,-,0
198,1,z:r2c,nat-oop,107,201,35.219,1.875,5.857e-16,-,1
200,1,z:r2c,nat-oop,93,294,41.069,3.154,4.342e-16,-,0
200,1,z:r2c,nat-oop,93,295,41.042,3.169,4.342e-16,-,1
202,1,z:r2c,nat-oop,263,473,14.680,1.797,7.126e-16,-,0
202,1,z:r2c,nat-oop,264,470,14.631,1.780,7.126e-16,-,1
204,1,z:r2c,nat-oop,129,252,30.233,1.948,5.881e-16,-,0
204,1,z:r2c,nat-oop,119,252,32.941,2.122,5.881e-16,-,1
206,1,z:r2c,nat-oop,331,474,11.958,1.432,9.194e-16,-,0
206,1,z:r2c,nat-oop,322,477,12.304,1.482,9.194e-16,-,1
208,1,z:r2c,nat-oop,112,401,35.621,3.565,5.194e-16,-,0
208,1,z:r2c,nat-oop,112,417,35.658,3.715,5.194e-16,-,1
210,1,z:r2c,nat-oop,113,140,35.995,1.248,3.375e-16,-,0
210,1,z:r2c,nat-oop,112,138,36.252,1.233,3.375e-16,-,1
212,1,z:r2c,nat-oop,493,577,8.309,1.171,4.274e-16,-,0
212,1,z:r2c,nat-oop,490,571,8.352,1.165,4.274e-16,-,1
214,1,z:r2c,nat-oop,471,473,8.799,1.006,4.561e-16,-,0
214,1,z:r2c,nat-oop,471,474,8.798,1.007,4.561e-16,-,1
216,1,z:r2c,nat-oop,108,362,38.717,3.350,5.181e-16,-,0
216,1,z:r2c,nat-oop,108,362,38.714,3.350,5.181e-16,-,1
218,1,z:r2c,nat-oop,309,477,13.708,1.544,6.972e-16,-,0
218,1,z:r2c,nat-oop,309,478,13.714,1.549,6.972e-16,-,1
220,1,z:r2c,nat-oop,109,227,39.171,2.081,5.012e-16,-,0
220,1,z:r2c,nat-oop,109,228,39.205,2.084,5.012e-16,-,1
222,1,z:r2c,nat-oop,215,444,20.082,2.059,6.288e-16,-,0
222,1,z:r2c,nat-oop,215,444,20.075,2.059,6.288e-16,-,1
224,1,z:r2c,nat-oop,107,354,40.859,3.311,4.194e-16,-,0
224,1,z:r2c,nat-oop,107,353,40.887,3.302,4.194e-16,-,1
226,1,z:r2c,nat-oop,312,475,14.147,1.520,5.776e-16,-,0
226,1,z:r2c,nat-oop,310,474,14.234,1.525,5.776e-16,-,1
228,1,z:r2c,nat-oop,146,316,30.623,2.165,4.343e-16,-,0
228,1,z:r2c,nat-oop,148,317,30.180,2.141,4.343e-16,-,1
230,1,z:r2c,nat-oop,163,339,27.601,2.076,6.981e-16,-,0
230,1,z:r2c,nat-oop,162,339,27.909,2.096,6.981e-16,-,1
232,1,z:r2c,nat-oop,159,415,28.699,2.614,4.887e-16,-,0
232,1,z:r2c,nat-oop,159,413,28.687,2.597,4.887e-16,-,1
234,1,z:r2c,nat-oop,133,246,34.549,1.850,4.087e-16,-,0
234,1,z:r2c,nat-oop,132,256,34.884,1.938,4.087e-16,-,1
236,1,z:r2c,nat-oop,493,704,9.433,1.429,3.754e-16,-,0
236,1,z:r2c,nat-oop,492,706,9.453,1.434,3.754e-16,-,1
238,1,z:r2c,nat-oop,158,262,29.793,1.662,6.902e-16,-,0
238,1,z:r2c,nat-oop,160,262,29.379,1.639,6.902e-16,-,1
240,1,z:r2c,nat-oop,112,382,42.416,3.417,3.622e-16,-,0
240,1,z:r2c,nat-oop,112,382,42.481,3.419,3.622e-16,-,1
242,1,z:r2c,nat-oop,137,329,35.038,2.409,6.416e-16,-,0
242,1,z:r2c,nat-oop,136,329,35.329,2.425,6.416e-16,-,1
244,1,z:r2c,nat-oop,583,747,8.292,1.279,5.506e-16,-,0
244,1,z:r2c,nat-oop,497,747,9.737,1.504,5.506e-16,-,1
246,1,z:r2c,nat-oop,254,523,19.239,2.060,6.585e-16,-,0
246,1,z:r2c,nat-oop,261,523,18.696,2.003,6.585e-16,-,1
248,1,z:r2c,nat-oop,173,481,28.533,2.781,4.722e-16,-,0
248,1,z:r2c,nat-oop,173,482,28.471,2.781,4.722e-16,-,1
250,1,z:r2c,nat-oop,138,164,36.030,1.187,4.704e-16,-,0
250,1,z:r2c,nat-oop,140,163,35.660,1.168,4.704e-16,-,1
252,1,z:r2c,nat-oop,127,344,39.566,2.706,4.478e-16,-,0
252,1,z:r2c,nat-oop,126,349,39.765,2.760,4.478e-16,-,1
254,1,z:r2c,nat-oop,388,489,13.087,1.261,9.047e-16,-,0
254,1,z:r2c,nat-oop,391,487,12.963,1.244,9.047e-16,-,1
256,1,z:r2c,nat-oop,101,112,50.641,1.105,3.284e-16,-,0
256,1,z:r2c,nat-oop,101,111,50.599,1.101,3.284e-16,-,1
258,1,z:r2c,nat-oop,278,590,18.605,2.124,7.151e-16,-,0
258,1,z:r2c,nat-oop,271,589,19.042,2.169,7.151e-16,-,1
260,1,z:r2c,nat-oop,132,274,39.413,2.068,3.974e-16,-,0
260,1,z:r2c,nat-oop,133,275,39.201,2.065,3.974e-16,-,1
262,1,z:r2c,nat-oop,379,951,13.880,2.509,7.075e-16,-,0
262,1,z:r2c,nat-oop,380,954,13.862,2.512,7.075e-16,-,1
264,1,z:r2c,nat-oop,134,526,39.656,3.928,6.237e-16,-,0
264,1,z:r2c,nat-oop,134,479,39.698,3.585,6.237e-16,-,1
266,1,z:r2c,nat-oop,171,345,31.243,2.014,4.373e-16,-,0
266,1,z:r2c,nat-oop,168,342,31.809,2.033,4.373e-16,-,1
268,1,z:r2c,nat-oop,979,911,5.522,0.931,5.649e-16,-,0
268,1,z:r2c,nat-oop,978,911,5.528,0.932,5.649e-16,-,1
270,1,z:r2c,nat-oop,149,354,36.512,2.371,6.288e-16,-,0
270,1,z:r2c,nat-oop,150,357,36.446,2.389,6.288e-16,-,1
272,1,z:r2c,nat-oop,149,576,36.814,3.858,4.758e-16,-,0
272,1,z:r2c,nat-oop,150,574,36.660,3.825,4.758e-16,-,1
274,1,z:r2c,nat-oop,438,954,12.666,2.177,9.414e-16,-,0
274,1,z:r2c,nat-oop,434,953,12.793,2.197,9.414e-16,-,1
276,1,z:r2c,nat-oop,172,444,32.526,2.582,7.068e-16,-,0
276,1,z:r2c,nat-oop,173,444,32.310,2.562,7.068e-16,-,1
278,1,z:r2c,nat-oop,501,956,11.253,1.907,7.401e-16,-,0
278,1,z:r2c,nat-oop,538,957,10.497,1.780,7.401e-16,-,1
280,1,z:r2c,nat-oop,159,402,35.722,2.526,3.768e-16,-,0
280,1,z:r2c,nat-oop,152,403,37.473,2.651,3.768e-16,-,1
282,1,z:r2c,nat-oop,313,718,18.346,2.297,4.776e-16,-,0
282,1,z:r2c,nat-oop,314,708,18.287,2.257,4.776e-16,-,1
284,1,z:r2c,nat-oop,994,1036,5.823,1.043,5.137e-16,-,0
284,1,z:r2c,nat-oop,986,1030,5.868,1.044,5.137e-16,-,1
286,1,z:r2c,nat-oop,165,400,35.391,2.425,5.289e-16,-,0
286,1,z:r2c,nat-oop,165,401,35.440,2.434,5.289e-16,-,1
288,1,z:r2c,nat-oop,155,491,37.852,3.160,5.035e-16,-,0
288,1,z:r2c,nat-oop,130,492,45.145,3.773,5.035e-16,-,1
290,1,z:r2c,nat-oop,228,480,25.967,2.100,5.086e-16,-,0
290,1,z:r2c,nat-oop,227,480,26.102,2.111,5.086e-16,-,1
292,1,z:r2c,nat-oop,992,1074,6.027,1.082,4.870e-16,-,0
292,1,z:r2c,nat-oop,1173,1049,5.098,0.894,4.870e-16,-,1
294,1,z:r2c,nat-oop,160,192,37.551,1.199,4.791e-16,-,0
294,1,z:r2c,nat-oop,161,193,37.461,1.201,4.791e-16,-,1
296,1,z:r2c,nat-oop,224,624,27.129,2.786,5.565e-16,-,0
296,1,z:r2c,nat-oop,223,624,27.254,2.799,5.565e-16,-,1
298,1,z:r2c,nat-oop,652,965,9.398,1.482,4.739e-16,-,0
298,1,z:r2c,nat-oop,787,966,7.785,1.227,4.739e-16,-,1
300,1,z:r2c,nat-oop,152,409,40.656,2.691,5.331e-16,-,0
300,1,z:r2c,nat-oop,153,412,40.445,2.702,5.331e-16,-,1
302,1,z:r2c,nat-oop,460,963,13.534,2.096,6.607e-16,-,0
302,1,z:r2c,nat-oop,460,965,13.534,2.100,6.607e-16,-,1
304,1,z:r2c,nat-oop,172,692,36.380,4.013,6.649e-16,-,0
304,1,z:r2c,nat-oop,172,693,36.423,4.028,6.649e-16,-,1
306,1,z:r2c,nat-oop,183,372,34.436,2.030,4.613e-16,-,0
306,1,z:r2c,nat-oop,185,386,34.189,2.090,4.613e-16,-,1
308,1,z:r2c,nat-oop,248,315,25.638,1.270,4.741e-16,-,0
308,1,z:r2c,nat-oop,250,316,25.437,1.261,4.741e-16,-,1
310,1,z:r2c,nat-oop,249,563,25.715,2.258,5.016e-16,-,0
310,1,z:r2c,nat-oop,250,564,25.654,2.255,5.016e-16,-,1
312,1,z:r2c,nat-oop,167,590,38.621,3.526,5.850e-16,-,0
312,1,z:r2c,nat-oop,169,594,38.271,3.516,5.850e-16,-,1
314,1,z:r2c,nat-oop,472,969,13.797,2.053,1.156e-15,-,0
314,1,z:r2c,nat-oop,475,967,13.721,2.039,1.156e-15,-,1
316,1,z:r2c,nat-oop,1067,1259,6.149,1.180,3.588e-16,-,0
316,1,z:r2c,nat-oop,1070,1262,6.133,1.179,3.588e-16,-,1
318,1,z:r2c,nat-oop,1004,864,6.584,0.860,4.944e-16,-,0
318,1,z:r2c,nat-oop,1011,865,6.539,0.856,4.944e-16,-,1
320,1,z:r2c,nat-oop,155,524,42.859,3.370,4.032e-16,-,0
320,1,z:r2c,nat-oop,150,523,44.372,3.486,4.032e-16,-,1
322,1,z:r2c,nat-oop,220,476,30.456,2.160,5.169e-16,-,0
322,1,z:r2c,nat-oop,221,476,30.323,2.150,5.169e-16,-,1
324,1,z:r2c,nat-oop,164,479,41.160,2.916,5.903e-16,-,0
324,1,z:r2c,nat-oop,167,480,40.568,2.885,5.903e-16,-,1
326,1,z:r2c,nat-oop,503,972,13.531,1.933,9.838e-16,-,0
326,1,z:r2c,nat-oop,505,970,13.471,1.921,9.838e-16,-,1
328,1,z:r2c,nat-oop,263,744,26.051,2.826,5.338e-16,-,0
328,1,z:r2c,nat-oop,263,733,26.075,2.791,5.338e-16,-,1
330,1,z:r2c,nat-oop,184,332,37.582,1.810,6.934e-16,-,0
330,1,z:r2c,nat-oop,183,332,37.809,1.820,6.934e-16,-,1
332,1,z:r2c,nat-oop,1015,1368,6.846,1.347,8.023e-16,-,0
332,1,z:r2c,nat-oop,1013,1366,6.859,1.348,8.023e-16,-,1
334,1,z:r2c,nat-oop,1023,972,6.842,0.950,7.315e-16,-,0
334,1,z:r2c,nat-oop,1026,973,6.820,0.948,7.315e-16,-,1
336,1,z:r2c,nat-oop,165,520,42.769,3.157,3.575e-16,-,0
336,1,z:r2c,nat-oop,164,520,42.867,3.163,3.575e-16,-,1
338,1,z:r2c,nat-oop,201,489,35.276,2.428,4.523e-16,-,0
338,1,z:r2c,nat-oop,203,489,35.028,2.411,4.523e-16,-,1
340,1,z:r2c,nat-oop,187,423,38.324,2.267,3.872e-16,-,0
340,1,z:r2c,nat-oop,188,426,37.989,2.265,3.872e-16,-,1
342,1,z:r2c,nat-oop,230,476,31.255,2.065,7.047e-16,-,0
342,1,z:r2c,nat-oop,230,477,31.261,2.073,7.047e-16,-,1
344,1,z:r2c,nat-oop,283,832,25.647,2.945,4.453e-16,-,0
344,1,z:r2c,nat-oop,283,827,25.630,2.924,4.453e-16,-,1
346,1,z:r2c,nat-oop,1010,977,7.220,0.967,5.327e-16,-,0
346,1,z:r2c,nat-oop,1007,981,7.243,0.974,5.327e-16,-,1
348,1,z:r2c,nat-oop,242,625,30.347,2.584,4.860e-16,-,0
348,1,z:r2c,nat-oop,243,618,30.290,2.546,4.860e-16,-,1
350,1,z:r2c,nat-oop,197,225,37.445,1.138,4.361e-16,-,0
350,1,z:r2c,nat-oop,197,226,37.576,1.146,4.361e-16,-,1
352,1,z:r2c,nat-oop,188,673,39.586,3.579,5.786e-16,-,0
352,1,z:r2c,nat-oop,163,672,45.776,4.130,5.786e-16,-,1
354,1,z:r2c,nat-oop,1019,1069,7.356,1.050,5.431e-16,-,0
354,1,z:r2c,nat-oop,1015,1072,7.384,1.057,5.431e-16,-,1
356,1,z:r2c,nat-oop,1034,1540,7.297,1.490,4.856e-16,-,0
356,1,z:r2c,nat-oop,1060,1533,7.119,1.447,4.856e-16,-,1
358,1,z:r2c,nat-oop,1033,979,7.349,0.947,4.424e-16,-,0
358,1,z:r2c,nat-oop,1024,979,7.413,0.956,4.424e-16,-,1
360,1,z:r2c,nat-oop,186,565,41.094,3.040,4.405e-16,-,0
360,1,z:r2c,nat-oop,182,560,41.945,3.075,4.405e-16,-,1
362,1,z:r2c,nat-oop,552,985,13.944,1.786,5.868e-16,-,0
362,1,z:r2c,nat-oop,555,986,13.853,1.776,5.868e-16,-,1
364,1,z:r2c,nat-oop,307,393,25.219,1.281,6.944e-16,-,0
364,1,z:r2c,nat-oop,307,387,25.199,1.260,6.944e-16,-,1
366,1,z:r2c,nat-oop,1013,1134,7.690,1.119,6.784e-16,-,0
366,1,z:r2c,nat-oop,1013,1185,7.690,1.170,6.784e-16,-,1
368,1,z:r2c,nat-oop,226,934,34.640,4.127,6.640e-16,-,0
368,1,z:r2c,nat-oop,227,905,34.605,3.994,6.640e-16,-,1
370,1,z:r2c,nat-oop,324,741,24.323,2.285,4.154e-16,-,0
370,1,z:r2c,nat-oop,325,740,24.318,2.282,4.154e-16,-,1
372,1,z:r2c,nat-oop,289,719,27.454,2.487,5.757e-16,-,0
372,1,z:r2c,nat-oop,275,720,28.858,2.616,5.757e-16,-,1
374,1,z:r2c,nat-oop,251,587,31.816,2.336,6.481e-16,-,0
374,1,z:r2c,nat-oop,253,586,31.635,2.321,6.481e-16,-,1
376,1,z:r2c,nat-oop,325,985,24.756,3.034,4.197e-16,-,0
376,1,z:r2c,nat-oop,325,984,24.729,3.025,4.197e-16,-,1
378,1,z:r2c,nat-oop,210,490,38.468,2.331,6.302e-16,-,0
378,1,z:r2c,nat-oop,216,494,37.381,2.282,6.302e-16,-,1
380,1,z:r2c,nat-oop,220,532,37.000,2.418,5.236e-16,-,0
380,1,z:r2c,nat-oop,225,530,36.159,2.353,5.236e-16,-,1
382,1,z:r2c,nat-oop,663,990,12.347,1.492,7.484e-16,-,0
382,1,z:r2c,nat-oop,663,989,12.355,1.491,7.484e-16,-,1
384,1,z:r2c,nat-oop,166,659,49.636,3.970,4.651e-16,-,0
384,1,z:r2c,nat-oop,187,660,44.045,3.525,4.651e-16,-,1
386,1,z:r2c,nat-oop,524,986,15.816,1.882,6.180e-16,-,0
386,1,z:r2c,nat-oop,543,984,15.279,1.814,6.180e-16,-,1
388,1,z:r2c,nat-oop,1089,1828,7.657,1.678,6.203e-16,-,0
388,1,z:r2c,nat-oop,1077,1839,7.747,1.708,6.203e-16,-,1
390,1,z:r2c,nat-oop,228,410,36.784,1.796,5.326e-16,-,0
390,1,z:r2c,nat-oop,228,408,36.781,1.790,5.326e-16,-,1
392,1,z:r2c,nat-oop,218,566,38.740,2.598,4.291e-16,-,0
392,1,z:r2c,nat-oop,218,569,38.736,2.611,4.291e-16,-,1
394,1,z:r2c,nat-oop,723,994,11.743,1.375,6.609e-16,-,0
394,1,z:r2c,nat-oop,636,990,13.363,1.558,6.609e-16,-,1
396,1,z:r2c,nat-oop,225,678,38.005,3.015,5.834e-16,-,0
396,1,z:r2c,nat-oop,229,679,37.377,2.971,5.834e-16,-,1
398,1,z:r2c,nat-oop,708,989,12.144,1.398,7.827e-16,-,0
398,1,z:r2c,nat-oop,679,991,12.657,1.460,7.827e-16,-,1
400,1,z:r2c,nat-oop,194,613,44.611,3.164,5.197e-16,-,0
400,1,z:r2c,nat-oop,193,613,44.734,3.174,5.197e-16,-,1
402,1,z:r2c,nat-oop,1039,1398,8.370,1.346,4.282e-16,-,0
402,1,z:r2c,nat-oop,1039,1374,8.367,1.322,4.282e-16,-,1
404,1,z:r2c,nat-oop,1024,989,8.536,0.966,4.601e-16,-,0
404,1,z:r2c,nat-oop,1026,988,8.520,0.962,4.601e-16,-,1
406,1,z:r2c,nat-oop,316,682,27.848,2.158,6.140e-16,-,0
406,1,z:r2c,nat-oop,315,680,27.943,2.161,6.140e-16,-,1
408,1,z:r2c,nat-oop,236,828,37.504,3.513,3.971e-16,-,0
408,1,z:r2c,nat-oop,235,824,37.569,3.499,3.971e-16,-,1
410,1,z:r2c,nat-oop,382,878,23.261,2.295,4.965e-16,-,0
410,1,z:r2c,nat-oop,384,877,23.176,2.284,4.965e-16,-,1
412,1,z:r2c,nat-oop,1108,1001,8.076,0.903,5.850e-16,-,0
412,1,z:r2c,nat-oop,1124,997,7.961,0.887,5.850e-16,-,1
414,1,z:r2c,nat-oop,300,664,30.005,2.213,7.039e-16,-,0
414,1,z:r2c,nat-oop,306,659,29.445,2.157,7.039e-16,-,1
416,1,z:r2c,nat-oop,206,811,43.907,3.936,3.613e-16,-,0
416,1,z:r2c,nat-oop,206,814,43.992,3.957,3.613e-16,-,1
418,1,z:r2c,nat-oop,273,717,33.299,2.626,6.120e-16,-,0
418,1,z:r2c,nat-oop,273,719,33.293,2.631,6.120e-16,-,1
420,1,z:r2c,nat-oop,220,559,41.506,2.538,5.231e-16,-,0
420,1,z:r2c,nat-oop,221,571,41.362,2.580,5.231e-16,-,1
422,1,z:r2c,nat-oop,769,999,11.968,1.300,6.364e-16,-,0
422,1,z:r2c,nat-oop,752,996,12.240,1.325,6.364e-16,-,1
424,1,z:r2c,nat-oop,1045,1192,8.854,1.141,5.891e-16,-,0
424,1,z:r2c,nat-oop,1046,1217,8.846,1.164,5.891e-16,-,1
426,1,z:r2c,nat-oop,1043,1552,8.920,1.488,6.301e-16,-,0
426,1,z:r2c,nat-oop,1055,1550,8.814,1.469,6.301e-16,-,1
428,1,z:r2c,nat-oop,1050,998,8.911,0.951,5.912e-16,-,0
428,1,z:r2c,nat-oop,1043,996,8.969,0.955,5.912e-16,-,1
430,1,z:r2c,nat-oop,412,989,22.820,2.400,4.661e-16,-,0
430,1,z:r2c,nat-oop,412,992,22.846,2.409,4.661e-16,-,1
432,1,z:r2c,nat-oop,220,726,42.903,3.296,5.077e-16,-,0
432,1,z:r2c,nat-oop,220,726,43.060,3.306,5.077e-16,-,1
434,1,z:r2c,nat-oop,341,792,27.906,2.324,5.612e-16,-,0
434,1,z:r2c,nat-oop,341,791,27.917,2.322,5.612e-16,-,1
436,1,z:r2c,nat-oop,1044,1004,9.152,0.961,5.278e-16,-,0
436,1,z:r2c,nat-oop,1044,999,9.158,0.958,5.278e-16,-,1
438,1,z:r2c,nat-oop,1107,1592,8.682,1.439,5.499e-16,-,0
438,1,z:r2c,nat-oop,1082,1580,8.880,1.460,5.499e-16,-,1
440,1,z:r2c,nat-oop,317,789,30.466,2.490,3.978e-16,-,0
440,1,z:r2c,nat-oop,244,788,39.602,3.230,3.978e-16,-,1
442,1,z:r2c,nat-oop,341,716,28.515,2.102,5.878e-16,-,0
442,1,z:r2c,nat-oop,286,716,33.977,2.504,5.878e-16,-,1
444,1,z:r2c,nat-oop,340,939,28.740,2.765,7.419e-16,-,0
444,1,z:r2c,nat-oop,342,939,28.531,2.746,7.419e-16,-,1
446,1,z:r2c,nat-oop,1056,1011,9.289,0.957,6.697e-16,-,0
446,1,z:r2c,nat-oop,1059,1005,9.266,0.949,6.697e-16,-,1
448,1,z:r2c,nat-oop,218,714,45.239,3.276,5.856e-16,-,0
448,1,z:r2c,nat-oop,216,717,45.575,3.315,5.856e-16,-,1
450,1,z:r2c,nat-oop,252,593,39.401,2.357,4.986e-16,-,0
450,1,z:r2c,nat-oop,258,595,38.419,2.307,4.986e-16,-,1
452,1,z:r2c,nat-oop,1089,1004,9.151,0.922,4.329e-16,-,0
452,1,z:r2c,nat-oop,1050,1006,9.492,0.958,4.329e-16,-,1
454,1,z:r2c,nat-oop,1046,1005,9.577,0.961,5.548e-16,-,0
454,1,z:r2c,nat-oop,1044,1009,9.596,0.967,5.548e-16,-,1
456,1,z:r2c,nat-oop,281,987,35.834,3.514,5.690e-16,-,0
456,1,z:r2c,nat-oop,272,1042,36.964,3.826,5.690e-16,-,1
458,1,z:r2c,nat-oop,809,1009,12.513,1.248,8.846e-16,-,0
458,1,z:r2c,nat-oop,823,1007,12.298,1.224,8.846e-16,-,1
460,1,z:r2c,nat-oop,294,731,34.566,2.486,6.466e-16,-,0
460,1,z:r2c,nat-oop,294,731,34.584,2.486,6.466e-16,-,1
462,1,z:r2c,nat-oop,266,475,38.370,1.781,6.629e-16,-,0
462,1,z:r2c,nat-oop,267,472,38.329,1.768,6.629e-16,-,1
464,1,z:r2c,nat-oop,318,1230,32.275,3.862,7.667e-16,-,0
464,1,z:r2c,nat-oop,319,1224,32.239,3.842,7.667e-16,-,1
466,1,z:r2c,nat-oop,1260,1007,8.195,0.799,8.062e-16,-,0
466,1,z:r2c,nat-oop,967,1012,10.675,1.047,8.062e-16,-,1
468,1,z:r2c,nat-oop,272,827,38.123,3.036,6.851e-16,-,0
468,1,z:r2c,nat-oop,271,827,38.242,3.046,6.851e-16,-,1
470,1,z:r2c,nat-oop,486,1204,21.450,2.476,4.591e-16,-,0
470,1,z:r2c,nat-oop,486,1183,21.456,2.434,4.591e-16,-,1
472,1,z:r2c,nat-oop,1056,1474,9.927,1.396,7.197e-16,-,0
472,1,z:r2c,nat-oop,1055,1472,9.937,1.395,7.197e-16,-,1
474,1,z:r2c,nat-oop,1067,1901,9.868,1.781,6.468e-16,-,0
474,1,z:r2c,nat-oop,1067,1898,9.875,1.779,6.468e-16,-,1
476,1,z:r2c,nat-oop,406,589,26.077,1.452,5.271e-16,-,0
476,1,z:r2c,nat-oop,420,595,25.217,1.418,5.271e-16,-,1
478,1,z:r2c,nat-oop,1069,1015,9.948,0.950,5.526e-16,-,0
478,1,z:r2c,nat-oop,1073,1014,9.910,0.945,5.526e-16,-,1
480,1,z:r2c,nat-oop,231,799,46.196,3.452,4.734e-16,-,0
480,1,z:r2c,nat-oop,232,772,46.076,3.327,4.734e-16,-,1
482,1,z:r2c,nat-oop,751,1012,14.304,1.348,6.432e-16,-,0
482,1,z:r2c,nat-oop,765,1010,14.047,1.320,6.432e-16,-,1
484,1,z:r2c,nat-oop,399,711,27.044,1.781,6.093e-16,-,0
484,1,z:r2c,nat-oop,389,710,27.771,1.827,6.093e-16,-,1
486,1,z:r2c,nat-oop,284,675,38.140,2.373,5.589e-16,-,0
486,1,z:r2c,nat-oop,285,666,38.047,2.339,5.589e-16,-,1
488,1,z:r2c,nat-oop,1081,1550,10.079,1.434,5.858e-16,-,0
488,1,z:r2c,nat-oop,1078,1545,10.104,1.433,5.858e-16,-,1
490,1,z:r2c,nat-oop,292,323,37.483,1.106,6.013e-16,-,0
490,1,z:r2c,nat-oop,292,323,37.517,1.106,6.013e-16,-,1
492,1,z:r2c,nat-oop,401,1107,27.409,2.759,6.293e-16,-,0
492,1,z:r2c,nat-oop,401,1107,27.419,2.760,6.293e-16,-,1
494,1,z:r2c,nat-oop,339,881,32.579,2.598,4.788e-16,-,0
494,1,z:r2c,nat-oop,332,877,33.240,2.637,4.788e-16,-,1
496,1,z:r2c,nat-oop,359,1383,30.907,3.850,6.765e-16,-,0
496,1,z:r2c,nat-oop,360,1380,30.856,3.834,6.765e-16,-,1
498,1,z:r2c,nat-oop,1065,2067,10.472,1.940,7.606e-16,-,0
498,1,z:r2c,nat-oop,1062,2059,10.500,1.938,7.606e-16,-,1
500,1,z:r2c,nat-oop,254,633,44.066,2.489,5.982e-16,-,0
500,1,z:r2c,nat-oop,255,625,44.009,2.453,5.982e-16,-,1
502,1,z:r2c,nat-oop,788,1020,14.297,1.295,5.488e-16,-,0
502,1,z:r2c,nat-oop,774,1020,14.541,1.317,5.488e-16,-,1
504,1,z:r2c,nat-oop,272,774,41.533,2.840,4.278e-16,-,0
504,1,z:r2c,nat-oop,272,771,41.560,2.833,4.278e-16,-,1
506,1,z:r2c,nat-oop,365,978,31.154,2.682,9.005e-16,-,0
506,1,z:r2c,nat-oop,364,976,31.231,2.682,9.005e-16,-,1
508,1,z:r2c,nat-oop,1063,1021,10.736,0.960,6.403e-16,-,0
508,1,z:r2c,nat-oop,1068,1022,10.691,0.957,6.403e-16,-,1
510,1,z:r2c,nat-oop,324,628,35.376,1.937,4.256e-16,-,0
510,1,z:r2c,nat-oop,324,626,35.421,1.934,4.256e-16,-,1
512,1,z:r2c,nat-oop,231,214,49.896,0.927,4.120e-16,-,0
512,1,z:r2c,nat-oop,230,214,50.008,0.928,4.120e-16,-,1
514,1,z:r2c,nat-oop,701,2152,16.517,3.072,7.156e-16,-,0
514,1,z:r2c,nat-oop,707,2152,16.357,3.042,7.156e-16,-,1
516,1,z:r2c,nat-oop,430,1246,27.054,2.900,6.658e-16,-,0
516,1,z:r2c,nat-oop,430,1252,27.060,2.915,6.658e-16,-,1
518,1,z:r2c,nat-oop,441,1046,26.493,2.373,5.814e-16,-,0
518,1,z:r2c,nat-oop,443,1043,26.353,2.354,5.814e-16,-,1
520,1,z:r2c,nat-oop,301,955,38.963,3.172,5.835e-16,-,0
520,1,z:r2c,nat-oop,299,959,39.174,3.203,5.835e-16,-,1
522,1,z:r2c,nat-oop,406,923,29.047,2.276,6.943e-16,-,0
522,1,z:r2c,nat-oop,401,923,29.396,2.303,6.943e-16,-,1
524,1,z:r2c,nat-oop,2295,2155,5.157,0.939,6.249e-16,-,0
524,1,z:r2c,nat-oop,2276,2150,5.200,0.945,6.249e-16,-,1
526,1,z:r2c,nat-oop,2238,2168,5.311,0.969,8.937e-16,-,0
526,1,z:r2c,nat-oop,2748,2164,4.325,0.787,8.937e-16,-,1
528,1,z:r2c,nat-oop,294,1005,40.663,3.424,4.539e-16,-,0
528,1,z:r2c,nat-oop,294,993,40.613,3.379,4.539e-16,-,1
530,1,z:r2c,nat-oop,2223,1443,5.393,0.649,6.297e-16,-,0
530,1,z:r2c,nat-oop,2230,1440,5.378,0.646,6.297e-16,-,1
532,1,z:r2c,nat-oop,473,741,25.455,1.566,6.482e-16,-,0
532,1,z:r2c,nat-oop,475,760,25.335,1.599,6.482e-16,-,1
534,1,z:r2c,nat-oop,2296,2336,5.269,1.018,6.231e-16,-,0
534,1,z:r2c,nat-oop,2271,2328,5.325,1.025,6.231e-16,-,1
536,1,z:r2c,nat-oop,2204,1881,5.511,0.853,5.505e-16,-,0
536,1,z:r2c,nat-oop,2221,1894,5.471,0.853,5.505e-16,-,1
538,1,z:r2c,nat-oop,2142,2173,5.696,1.015,5.959e-16,-,0
538,1,z:r2c,nat-oop,2145,2151,5.689,1.003,5.959e-16,-,1
540,1,z:r2c,nat-oop,292,782,42.019,2.681,5.860e-16,-,0
540,1,z:r2c,nat-oop,292,780,42.020,2.674,5.860e-16,-,1
542,1,z:r2c,nat-oop,895,2180,13.757,2.437,7.428e-16,-,0
542,1,z:r2c,nat-oop,890,2178,13.825,2.446,7.428e-16,-,1
544,1,z:r2c,nat-oop,354,1131,34.915,3.195,4.539e-16,-,0
544,1,z:r2c,nat-oop,304,1154,40.609,3.792,4.539e-16,-,1
546,1,z:r2c,nat-oop,331,582,37.550,1.761,7.517e-16,-,0
546,1,z:r2c,nat-oop,341,586,36.363,1.715,7.517e-16,-,1
548,1,z:r2c,nat-oop,2165,2162,5.756,0.998,4.683e-16,-,0
548,1,z:r2c,nat-oop,2168,2185,5.749,1.008,4.683e-16,-,1
550,1,z:r2c,nat-oop,321,556,38.961,1.730,4.797e-16,-,0
550,1,z:r2c,nat-oop,324,557,38.653,1.721,4.797e-16,-,1
552,1,z:r2c,nat-oop,362,1394,34.729,3.851,6.869e-16,-,0
552,1,z:r2c,nat-oop,362,1325,34.717,3.659,6.869e-16,-,1
554,1,z:r2c,nat-oop,1113,2174,11.344,1.954,8.996e-16,-,0
554,1,z:r2c,nat-oop,1135,2177,11.123,1.919,8.996e-16,-,1
556,1,z:r2c,nat-oop,2230,2163,5.685,0.970,6.778e-16,-,0
556,1,z:r2c,nat-oop,2293,2170,5.527,0.946,6.778e-16,-,1
558,1,z:r2c,nat-oop,444,1073,28.694,2.419,5.507e-16,-,0
558,1,z:r2c,nat-oop,438,1075,29.029,2.451,5.507e-16,-,1
560,1,z:r2c,nat-oop,305,848,41.870,2.778,5.000e-16,-,0
560,1,z:r2c,nat-oop,301,850,42.434,2.821,5.000e-16,-,1
562,1,z:r2c,nat-oop,919,2166,13.958,2.355,6.954e-16,-,0
562,1,z:r2c,nat-oop,913,2169,14.058,2.376,6.954e-16,-,1
564,1,z:r2c,nat-oop,494,1487,26.072,3.008,4.300e-16,-,0
564,1,z:r2c,nat-oop,494,1489,26.097,3.015,4.300e-16,-,1
566,1,z:r2c,nat-oop,1705,2177,7.587,1.276,8.557e-16,-,0
566,1,z:r2c,nat-oop,2000,2170,6.470,1.085,8.557e-16,-,1
568,1,z:r2c,nat-oop,2137,2118,6.080,0.991,6.484e-16,-,0
568,1,z:r2c,nat-oop,2147,2151,6.050,1.002,6.484e-16,-,1
570,1,z:r2c,nat-oop,385,789,33.873,2.048,4.491e-16,-,0
570,1,z:r2c,nat-oop,382,791,34.181,2.071,4.491e-16,-,1
572,1,z:r2c,nat-oop,474,867,27.627,1.829,7.105e-16,-,0
572,1,z:r2c,nat-oop,476,868,27.515,1.823,7.105e-16,-,1
574,1,z:r2c,nat-oop,524,1242,25.109,2.372,5.461e-16,-,0
574,1,z:r2c,nat-oop,524,1238,25.084,2.361,5.461e-16,-,1
576,1,z:r2c,nat-oop,271,977,48.799,3.611,5.565e-16,-,0
576,1,z:r2c,nat-oop,273,979,48.317,3.580,5.565e-16,-,1
578,1,z:r2c,nat-oop,445,1064,29.801,2.393,5.053e-16,-,0
578,1,z:r2c,nat-oop,452,1060,29.313,2.345,5.053e-16,-,1
580,1,z:r2c,nat-oop,404,1027,32.982,2.544,5.922e-16,-,0
580,1,z:r2c,nat-oop,407,1039,32.710,2.553,5.922e-16,-,1
582,1,z:r2c,nat-oop,2259,2765,5.917,1.224,7.318e-16,-,0
582,1,z:r2c,nat-oop,2309,2772,5.787,1.200,7.318e-16,-,1
584,1,z:r2c,nat-oop,2173,2174,6.174,1.000,5.876e-16,-,0
584,1,z:r2c,nat-oop,2153,2180,6.231,1.012,5.876e-16,-,1
586,1,z:r2c,nat-oop,2192,2178,6.146,0.994,4.308e-16,-,0
586,1,z:r2c,nat-oop,2168,2177,6.213,1.004,4.308e-16,-,1
588,1,z:r2c,nat-oop,332,765,40.763,2.306,3.329e-16,-,0
588,1,z:r2c,nat-oop,330,765,40.983,2.317,3.329e-16,-,1
590,1,z:r2c,nat-oop,2282,1786,5.949,0.783,6.389e-16,-,0
590,1,z:r2c,nat-oop,2321,1786,5.849,0.769,6.389e-16,-,1
592,1,z:r2c,nat-oop,452,1764,30.141,3.901,6.208e-16,-,0
592,1,z:r2c,nat-oop,447,1758,30.505,3.935,6.208e-16,-,1
594,1,z:r2c,nat-oop,354,972,38.674,2.748,6.826e-16,-,0
594,1,z:r2c,nat-oop,352,1012,38.858,2.874,6.826e-16,-,1
596,1,z:r2c,nat-oop,2261,2176,6.077,0.963,5.465e-16,-,0
596,1,z:r2c,nat-oop,2277,2179,6.034,0.957,5.465e-16,-,1
598,1,z:r2c,nat-oop,439,1188,31.379,2.704,6.805e-16,-,0
598,1,z:r2c,nat-oop,438,1187,31.469,2.709,6.805e-16,-,1
600,1,z:r2c,nat-oop,310,914,44.698,2.952,4.210e-16,-,0
600,1,z:r2c,nat-oop,308,923,44.947,2.997,4.210e-16,-,1
602,1,z:r2c,nat-oop,561,1394,24.761,2.484,5.311e-16,-,0
602,1,z:r2c,nat-oop,564,1395,24.650,2.475,5.311e-16,-,1
604,1,z:r2c,nat-oop,2215,2189,6.297,0.988,5.437e-16,-,0
604,1,z:r2c,nat-oop,2200,2176,6.341,0.989,5.437e-16,-,1
606,1,z:r2c,nat-oop,2271,2189,6.166,0.964,5.584e-16,-,0
606,1,z:r2c,nat-oop,2284,2214,6.131,0.969,5.584e-16,-,1
608,1,z:r2c,nat-oop,338,1378,41.633,4.081,3.768e-16,-,0
608,1,z:r2c,nat-oop,337,1379,41.699,4.092,3.768e-16,-,1
610,1,z:r2c,nat-oop,2175,1879,6.488,0.864,5.779e-16,-,0
610,1,z:r2c,nat-oop,2203,1885,6.406,0.856,5.779e-16,-,1
612,1,z:r2c,nat-oop,408,1156,34.697,2.833,6.175e-16,-,0
612,1,z:r2c,nat-oop,452,1156,31.322,2.556,6.175e-16,-,1
614,1,z:r2c,nat-oop,1322,2194,10.758,1.660,9.582e-16,-,0
614,1,z:r2c,nat-oop,1291,2192,11.009,1.698,9.582e-16,-,1
616,1,z:r2c,nat-oop,355,1111,40.195,3.130,4.959e-16,-,0
616,1,z:r2c,nat-oop,358,1115,39.886,3.116,4.959e-16,-,1
618,1,z:r2c,nat-oop,2159,2189,6.636,1.014,5.677e-16,-,0
618,1,z:r2c,nat-oop,2214,2203,6.469,0.995,5.677e-16,-,1
620,1,z:r2c,nat-oop,443,1197,32.434,2.699,7.514e-16,-,0
620,1,z:r2c,nat-oop,443,1200,32.441,2.706,7.514e-16,-,1
622,1,z:r2c,nat-oop,1905,2204,7.576,1.157,1.019e-15,-,0
622,1,z:r2c,nat-oop,1470,2201,9.816,1.497,1.019e-15,-,1
624,1,z:r2c,nat-oop,357,1219,40.530,3.411,6.689e-16,-,0
624,1,z:r2c,nat-oop,359,1206,40.323,3.356,6.689e-16,-,1
626,1,z:r2c,nat-oop,1177,2203,12.357,1.872,7.640e-16,-,0
626,1,z:r2c,nat-oop,1167,2186,12.463,1.874,7.640e-16,-,1
628,1,z:r2c,nat-oop,2328,2187,6.267,0.939,4.001e-16,-,0
628,1,z:r2c,nat-oop,2353,2193,6.201,0.932,4.001e-16,-,1
630,1,z:r2c,nat-oop,366,807,39.998,2.203,5.321e-16,-,0
630,1,z:r2c,nat-oop,362,808,40.419,2.229,5.321e-16,-,1
632,1,z:r2c,nat-oop,2257,2603,6.514,1.153,6.146e-16,-,0
632,1,z:r2c,nat-oop,2263,2627,6.495,1.161,6.146e-16,-,1
634,1,z:r2c,nat-oop,2280,2190,6.471,0.960,5.670e-16,-,0
634,1,z:r2c,nat-oop,2272,2201,6.494,0.969,5.670e-16,-,1
636,1,z:r2c,nat-oop,2186,1803,6.774,0.825,5.101e-16,-,0
636,1,z:r2c,nat-oop,2202,1802,6.725,0.819,5.101e-16,-,1
638,1,z:r2c,nat-oop,504,1352,29.489,2.683,7.022e-16,-,0
638,1,z:r2c,nat-oop,504,1352,29.504,2.684,7.022e-16,-,1
640,1,z:r2c,nat-oop,300,1040,49.717,3.467,3.487e-16,-,0
640,1,z:r2c,nat-oop,299,1039,49.944,3.480,3.487e-16,-,1
642,1,z:r2c,nat-oop,2193,2200,6.825,1.003,4.233e-16,-,0
642,1,z:r2c,nat-oop,2186,2202,6.848,1.008,4.233e-16,-,1
644,1,z:r2c,nat-oop,640,1030,23.468,1.609,9.202e-16,-,0
644,1,z:r2c,nat-oop,619,1031,24.277,1.666,9.202e-16,-,1
646,1,z:r2c,nat-oop,497,1289,30.312,2.592,5.977e-16,-,0
646,1,z:r2c,nat-oop,497,1291,30.308,2.595,5.977e-16,-,1
648,1,z:r2c,nat-oop,357,1076,42.339,3.010,6.029e-16,-,0
648,1,z:r2c,nat-oop,362,1082,41.757,2.985,6.029e-16,-,1
650,1,z:r2c,nat-oop,393,691,38.643,1.758,5.284e-16,-,0
650,1,z:r2c,nat-oop,393,690,38.680,1.758,5.284e-16,-,1
652,1,z:r2c,nat-oop,2282,2209,6.679,0.968,4.733e-16,-,0
652,1,z:r2c,nat-oop,2333,2189,6.531,0.938,4.733e-16,-,1
654,1,z:r2c,nat-oop,2517,2204,6.075,0.876,5.069e-16,-,0
654,1,z:r2c,nat-oop,2380,2211,6.425,0.929,5.069e-16,-,1
656,1,z:r2c,nat-oop,547,2031,28.077,3.715,5.294e-16,-,0
656,1,z:r2c,nat-oop,537,2056,28.569,3.828,5.294e-16,-,1
658,1,z:r2c,nat-oop,649,1668,23.719,2.569,5.125e-16,-,0
658,1,z:r2c,nat-oop,645,1676,23.868,2.597,5.125e-16,-,1
660,1,z:r2c,nat-oop,376,1128,41.053,2.998,5.998e-16,-,0
660,1,z:r2c,nat-oop,387,1125,39.911,2.906,5.998e-16,-,1
662,1,z:r2c,nat-oop,1249,2205,12.418,1.765,9.035e-16,-,0
662,1,z:r2c,nat-oop,1214,2202,12.774,1.814,9.035e-16,-,1
664,1,z:r2c,nat-oop,2275,2843,6.841,1.250,5.804e-16,-,0
664,1,z:r2c,nat-oop,2294,2838,6.785,1.237,5.804e-16,-,1
666,1,z:r2c,nat-oop,562,1412,27.784,2.512,5.410e-16,-,0
666,1,z:r2c,nat-oop,567,1414,27.557,2.495,5.410e-16,-,1
668,1,z:r2c,nat-oop,2202,2216,7.117,1.007,4.935e-16,-,0
668,1,z:r2c,nat-oop,2200,2208,7.124,1.004,4.935e-16,-,1
670,1,z:r2c,nat-oop,2199,2305,7.153,1.049,6.094e-16,-,0
670,1,z:r2c,nat-oop,2206,2301,7.128,1.043,6.094e-16,-,1
672,1,z:r2c,nat-oop,397,1065,39.709,2.680,5.492e-16,-,0
672,1,z:r2c,nat-oop,416,1065,37.899,2.558,5.492e-16,-,1
674,1,z:r2c,nat-oop,1172,2216,13.511,1.891,7.224e-16,-,0
674,1,z:r2c,nat-oop,1177,2204,13.458,1.873,7.224e-16,-,1
676,1,z:r2c,nat-oop,576,1069,27.603,1.857,9.925e-16,-,0
676,1,z:r2c,nat-oop,572,1068,27.770,1.867,9.925e-16,-,1
678,1,z:r2c,nat-oop,2315,2208,6.886,0.954,4.932e-16,-,0
678,1,z:r2c,nat-oop,2305,2200,6.917,0.955,4.932e-16,-,1
680,1,z:r2c,nat-oop,470,1350,34.064,2.875,6.499e-16,-,0
680,1,z:r2c,nat-oop,609,1437,26.276,2.360,6.499e-16,-,1
682,1,z:r2c,nat-oop,554,1557,28.972,2.810,6.874e-16,-,0
682,1,z:r2c,nat-oop,549,1565,29.259,2.852,6.874e-16,-,1
684,1,z:r2c,nat-oop,479,1414,33.599,2.950,7.031e-16,-,0
684,1,z:r2c,nat-oop,474,1416,33.948,2.985,7.031e-16,-,1
686,1,z:r2c,nat-oop,433,461,37.347,1.065,4.263e-16,-,0
686,1,z:r2c,nat-oop,439,462,36.808,1.052,4.263e-16,-,1
688,1,z:r2c,nat-oop,578,2238,28.043,3.871,6.096e-16,-,0
688,1,z:r2c,nat-oop,579,2251,28.004,3.888,6.096e-16,-,1
690,1,z:r2c,nat-oop,493,1102,32.969,2.233,6.115e-16,-,0
690,1,z:r2c,nat-oop,493,1101,33.009,2.235,6.115e-16,-,1
692,1,z:r2c,nat-oop,2195,2217,7.435,1.010,5.643e-16,-,0
692,1,z:r2c,nat-oop,2216,2208,7.364,0.996,5.643e-16,-,1
694,1,z:r2c,nat-oop,2221,2218,7.375,0.999,5.803e-16,-,0
694,1,z:r2c,nat-oop,2222,2232,7.370,1.004,5.803e-16,-,1
696,1,z:r2c,nat-oop,509,1796,32.284,3.529,5.769e-16,-,0
696,1,z:r2c,nat-oop,505,1795,32.528,3.554,5.769e-16,-,1
698,1,z:r2c,nat-oop,1825,2223,9.034,1.218,1.063e-15,-,0
698,1,z:r2c,nat-oop,1923,2226,8.571,1.157,1.063e-15,-,1
700,1,z:r2c,nat-oop,372,865,44.458,2.326,5.561e-16,-,0
700,1,z:r2c,nat-oop,373,860,44.372,2.307,5.561e-16,-,1
702,1,z:r2c,nat-oop,434,1203,38.222,2.771,4.661e-16,-,0
702,1,z:r2c,nat-oop,433,1201,38.280,2.770,4.661e-16,-,1
704,1,z:r2c,nat-oop,339,1360,49.160,4.015,6.365e-16,-,0
704,1,z:r2c,nat-oop,338,1359,49.291,4.023,6.365e-16,-,1
706,1,z:r2c,nat-oop,1118,2229,14.938,1.993,6.184e-16,-,0
706,1,z:r2c,nat-oop,1117,2223,14.952,1.990,6.184e-16,-,1
708,1,z:r2c,nat-oop,2334,2226,7.179,0.954,5.266e-16,-,0
708,1,z:r2c,nat-oop,2370,2221,7.072,0.937,5.266e-16,-,1
710,1,z:r2c,nat-oop,2218,2599,7.581,1.172,7.235e-16,-,0
710,1,z:r2c,nat-oop,2241,2604,7.504,1.162,7.235e-16,-,1
712,1,z:r2c,nat-oop,2196,3200,7.679,1.457,6.138e-16,-,0
712,1,z:r2c,nat-oop,2215,3239,7.615,1.462,6.138e-16,-,1
714,1,z:r2c,nat-oop,455,886,37.195,1.948,3.593e-16,-,0
714,1,z:r2c,nat-oop,461,887,36.731,1.926,3.593e-16,-,1
716,1,z:r2c,nat-oop,2192,2234,7.745,1.019,5.581e-16,-,0
716,1,z:r2c,nat-oop,2229,2226,7.616,0.999,5.581e-16,-,1
718,1,z:r2c,nat-oop,2219,2227,7.675,1.004,5.955e-16,-,0
718,1,z:r2c,nat-oop,2217,2226,7.681,1.004,5.955e-16,-,1
720,1,z:r2c,nat-oop,375,1146,45.570,3.058,4.681e-16,-,0
720,1,z:r2c,nat-oop,374,1155,45.642,3.086,4.681e-16,-,1
722,1,z:r2c,nat-oop,575,1558,29.793,2.709,6.062e-16,-,0
722,1,z:r2c,nat-oop,572,1559,29.980,2.727,6.062e-16,-,1
724,1,z:r2c,nat-oop,2218,2215,7.753,0.999,6.557e-16,-,0
724,1,z:r2c,nat-oop,2249,2227,7.645,0.990,6.557e-16,-,1
726,1,z:r2c,nat-oop,482,1074,35.818,2.231,6.406e-16,-,0
726,1,z:r2c,nat-oop,485,1072,35.574,2.211,6.406e-16,-,1
728,1,z:r2c,nat-oop,431,1357,40.140,3.147,6.407e-16,-,0
728,1,z:r2c,nat-oop,436,1350,39.651,3.094,6.407e-16,-,1
730,1,z:r2c,nat-oop,2256,2674,7.694,1.185,5.726e-16,-,0
730,1,z:r2c,nat-oop,2250,2671,7.715,1.187,5.726e-16,-,1
732,1,z:r2c,nat-oop,2685,2348,6.486,0.875,5.913e-16,-,0
732,1,z:r2c,nat-oop,2376,2341,7.330,0.985,5.913e-16,-,1
734,1,z:r2c,nat-oop,2392,2231,7.303,0.933,6.112e-16,-,0
734,1,z:r2c,nat-oop,2379,2239,7.341,0.941,6.112e-16,-,1
736,1,z:r2c,nat-oop,452,1833,38.774,4.055,6.852e-16,-,0
736,1,z:r2c,nat-oop,455,1830,38.528,4.024,6.852e-16,-,1
738,1,z:r2c,nat-oop,716,1661,24.536,2.318,6.309e-16,-,0
738,1,z:r2c,nat-oop,669,1663,26.266,2.485,6.309e-16,-,1
740,1,z:r2c,nat-oop,576,1575,30.598,2.733,4.783e-16,-,0
740,1,z:r2c,nat-oop,577,1569,30.582,2.722,4.783e-16,-,1
742,1,z:r2c,nat-oop,2351,2032,7.524,0.864,6.889e-16,-,0
742,1,z:r2c,nat-oop,2428,2029,7.285,0.836,6.889e-16,-,1
744,1,z:r2c,nat-oop,548,2046,32.401,3.735,6.025e-16,-,0
744,1,z:r2c,nat-oop,546,2044,32.468,3.741,6.025e-16,-,1
746,1,z:r2c,nat-oop,1787,2241,9.958,1.254,7.296e-16,-,0
746,1,z:r2c,nat-oop,2235,2242,7.964,1.003,7.296e-16,-,1
748,1,z:r2c,nat-oop,767,1259,23.275,1.641,7.843e-16,-,0
748,1,z:r2c,nat-oop,711,1259,25.100,1.770,7.843e-16,-,1
750,1,z:r2c,nat-oop,441,920,40.617,2.087,5.175e-16,-,0
750,1,z:r2c,nat-oop,438,928,40.859,2.118,5.175e-16,-,1
752,1,z:r2c,nat-oop,670,2621,26.805,3.910,3.878e-16,-,0
752,1,z:r2c,nat-oop,671,2614,26.782,3.897,3.878e-16,-,1
754,1,z:r2c,nat-oop,607,1639,29.687,2.700,5.628e-16,-,0
754,1,z:r2c,nat-oop,608,1643,29.639,2.703,5.628e-16,-,1
756,1,z:r2c,nat-oop,439,1098,41.194,2.503,6.060e-16,-,0
756,1,z:r2c,nat-oop,431,1086,41.970,2.523,6.060e-16,-,1
758,1,z:r2c,nat-oop,1808,2240,10.027,1.239,9.859e-16,-,0
758,1,z:r2c,nat-oop,1885,2248,9.615,1.192,9.859e-16,-,1
760,1,z:r2c,nat-oop,547,1642,33.245,3.002,6.081e-16,-,0
760,1,z:r2c,nat-oop,556,1641,32.705,2.952,6.081e-16,-,1
762,1,z:r2c,nat-oop,2321,2242,7.859,0.966,7.106e-16,-,0
762,1,z:r2c,nat-oop,2305,2244,7.912,0.974,7.106e-16,-,1
764,1,z:r2c,nat-oop,2240,2233,8.167,0.997,4.340e-16,-,0
764,1,z:r2c,nat-oop,2245,2238,8.149,0.997,4.340e-16,-,1
766,1,z:r2c,nat-oop,2348,2248,7.815,0.957,7.306e-16,-,0
766,1,z:r2c,nat-oop,2370,2247,7.741,0.948,7.306e-16,-,1
768,1,z:r2c,nat-oop,357,1333,51.482,3.730,6.148e-16,-,0
768,1,z:r2c,nat-oop,358,1340,51.440,3.746,6.148e-16,-,1
770,1,z:r2c,nat-oop,480,796,38.459,1.658,6.820e-16,-,0
770,1,z:r2c,nat-oop,475,796,38.862,1.675,6.820e-16,-,1
772,1,z:r2c,nat-oop,2324,2234,7.967,0.961,5.052e-16,-,0
772,1,z:r2c,nat-oop,2324,2234,7.967,0.961,5.052e-16,-,1
774,1,z:r2c,nat-oop,726,1874,25.575,2.581,7.136e-16,-,0
774,1,z:r2c,nat-oop,723,1876,25.667,2.593,7.136e-16,-,1
776,1,z:r2c,nat-oop,2339,3799,7.961,1.624,4.255e-16,-,0
776,1,z:r2c,nat-oop,2334,3793,7.979,1.625,4.255e-16,-,1
778,1,z:r2c,nat-oop,2853,2239,6.547,0.785,5.325e-16,-,0
778,1,z:r2c,nat-oop,2369,2246,7.884,0.948,5.325e-16,-,1
780,1,z:r2c,nat-oop,469,1382,39.911,2.945,6.840e-16,-,0
780,1,z:r2c,nat-oop,468,1372,40.051,2.933,6.840e-16,-,1
782,1,z:r2c,nat-oop,661,1725,28.415,2.609,6.384e-16,-,0
782,1,z:r2c,nat-oop,651,1725,28.860,2.649,6.384e-16,-,1
784,1,z:r2c,nat-oop,432,1186,43.603,2.744,3.573e-16,-,0
784,1,z:r2c,nat-oop,433,1192,43.562,2.756,3.573e-16,-,1
786,1,z:r2c,nat-oop,2322,2248,8.138,0.968,5.266e-16,-,0
786,1,z:r2c,nat-oop,2399,2250,7.878,0.938,5.266e-16,-,1
788,1,z:r2c,nat-oop,2242,2256,8.457,1.006,6.405e-16,-,0
788,1,z:r2c,nat-oop,2247,2243,8.435,0.998,6.405e-16,-,1
790,1,z:r2c,nat-oop,2251,3196,8.444,1.419,5.680e-16,-,0
790,1,z:r2c,nat-oop,2291,3199,8.299,1.397,5.680e-16,-,1
792,1,z:r2c,nat-oop,465,1491,41.010,3.207,6.812e-16,-,0
792,1,z:r2c,nat-oop,466,1488,40.898,3.191,6.812e-16,-,1
794,1,z:r2c,nat-oop,1628,2253,11.747,1.384,6.741e-16,-,0
794,1,z:r2c,nat-oop,1647,2260,11.613,1.373,6.741e-16,-,1
796,1,z:r2c,nat-oop,2347,2245,8.173,0.957,5.475e-16,-,0
796,1,z:r2c,nat-oop,2353,2253,8.151,0.958,5.475e-16,-,1
798,1,z:r2c,nat-oop,542,1121,35.500,2.070,5.208e-16,-,0
798,1,z:r2c,nat-oop,547,1122,35.189,2.052,5.208e-16,-,1
800,1,z:r2c,nat-oop,388,1254,49.738,3.235,4.062e-16,-,0
800,1,z:r2c,nat-oop,388,1255,49.763,3.238,4.062e-16,-,1
802,1,z:r2c,nat-oop,1443,2253,13.404,1.561,6.414e-16,-,0
802,1,z:r2c,nat-oop,1437,2253,13.461,1.568,6.414e-16,-,1
804,1,z:r2c,nat-oop,2294,2869,8.457,1.251,6.008e-16,-,0
804,1,z:r2c,nat-oop,2265,2844,8.563,1.256,6.008e-16,-,1
806,1,z:r2c,nat-oop,657,1881,29.595,2.862,5.094e-16,-,0
806,1,z:r2c,nat-oop,660,1881,29.470,2.850,5.094e-16,-,1
808,1,z:r2c,nat-oop,2301,2272,8.480,0.988,6.827e-16,-,0
808,1,z:r2c,nat-oop,2288,2250,8.528,0.983,6.827e-16,-,1
810,1,z:r2c,nat-oop,494,1080,39.566,2.184,6.079e-16,-,0
810,1,z:r2c,nat-oop,495,1092,39.527,2.205,6.079e-16,-,1
812,1,z:r2c,nat-oop,827,1450,23.738,1.754,5.122e-16,-,0
812,1,z:r2c,nat-oop,829,1450,23.682,1.750,5.122e-16,-,1
814,1,z:r2c,nat-oop,709,2015,27.735,2.841,7.336e-16,-,0
814,1,z:r2c,nat-oop,710,2019,27.697,2.843,7.336e-16,-,1
816,1,z:r2c,nat-oop,523,1709,37.711,3.266,5.171e-16,-,0
816,1,z:r2c,nat-oop,524,1713,37.624,3.266,5.171e-16,-,1
818,1,z:r2c,nat-oop,1774,2263,11.152,1.275,1.441e-15,-,0
818,1,z:r2c,nat-oop,1767,2256,11.200,1.277,1.441e-15,-,1
820,1,z:r2c,nat-oop,685,1854,28.971,2.707,5.125e-16,-,0
820,1,z:r2c,nat-oop,710,1858,27.944,2.616,5.125e-16,-,1
822,1,z:r2c,nat-oop,2260,2260,8.805,1.000,7.896e-16,-,0
822,1,z:r2c,nat-oop,2264,2279,8.790,1.007,7.896e-16,-,1
824,1,z:r2c,nat-oop,2297,2271,8.686,0.989,5.493e-16,-,0
824,1,z:r2c,nat-oop,2322,2257,8.595,0.972,5.493e-16,-,1
826,1,z:r2c,nat-oop,2337,2518,8.564,1.078,5.714e-16,-,0
826,1,z:r2c,nat-oop,2348,2517,8.523,1.072,5.714e-16,-,1
828,1,z:r2c,nat-oop,619,1895,32.426,3.063,5.474e-16,-,0
828,1,z:r2c,nat-oop,619,1904,32.405,3.076,5.474e-16,-,1
830,1,z:r2c,nat-oop,2346,3494,8.577,1.489,6.157e-16,-,0
830,1,z:r2c,nat-oop,2357,3507,8.538,1.488,6.157e-16,-,1
832,1,z:r2c,nat-oop,425,1657,47.529,3.903,4.538e-16,-,0
832,1,z:r2c,nat-oop,465,1648,43.435,3.548,4.538e-16,-,1
834,1,z:r2c,nat-oop,2299,2266,8.800,0.986,6.186e-16,-,0
834,1,z:r2c,nat-oop,2304,2261,8.782,0.981,6.186e-16,-,1
836,1,z:r2c,nat-oop,760,1538,26.700,2.025,8.369e-16,-,0
836,1,z:r2c,nat-oop,759,1548,26.714,2.038,8.369e-16,-,1
838,1,z:r2c,nat-oop,2343,2269,8.684,0.969,5.514e-16,-,0
838,1,z:r2c,nat-oop,2355,2262,8.641,0.961,5.514e-16,-,1
840,1,z:r2c,nat-oop,477,1272,42.770,2.666,6.339e-16,-,0
840,1,z:r2c,nat-oop,487,1270,41.855,2.606,6.339e-16,-,1
842,1,z:r2c,nat-oop,2023,2272,10.111,1.123,6.875e-16,-,0
842,1,z:r2c,nat-oop,2006,2268,10.198,1.131,6.875e-16,-,1
844,1,z:r2c,nat-oop,2290,2270,8.957,0.991,6.085e-16,-,0
844,1,z:r2c,nat-oop,2337,2279,8.777,0.975,6.085e-16,-,1
846,1,z:r2c,nat-oop,844,2242,24.381,2.658,6.812e-16,-,0
846,1,z:r2c,nat-oop,845,2235,24.338,2.644,6.812e-16,-,1
848,1,z:r2c,nat-oop,2383,3134,8.653,1.315,5.614e-16,-,0
848,1,z:r2c,nat-oop,2390,3120,8.628,1.305,5.614e-16,-,1
850,1,z:r2c,nat-oop,604,1054,34.257,1.747,4.110e-16,-,0
850,1,z:r2c,nat-oop,596,1056,34.698,1.772,4.110e-16,-,1
852,1,z:r2c,nat-oop,2267,3224,9.145,1.422,4.733e-16,-,0
852,1,z:r2c,nat-oop,2260,3254,9.176,1.440,4.733e-16,-,1
854,1,z:r2c,nat-oop,2351,2672,8.842,1.136,5.981e-16,-,0
854,1,z:r2c,nat-oop,2354,2669,8.833,1.134,5.981e-16,-,1
856,1,z:r2c,nat-oop,2401,2276,8.684,0.948,5.136e-16,-,0
856,1,z:r2c,nat-oop,2759,2275,7.555,0.824,5.136e-16,-,1
858,1,z:r2c,nat-oop,565,1311,37.013,2.322,7.489e-16,-,0
858,1,z:r2c,nat-oop,568,1309,36.824,2.306,7.489e-16,-,1
860,1,z:r2c,nat-oop,741,2091,28.298,2.824,5.141e-16,-,0
860,1,z:r2c,nat-oop,745,2090,28.138,2.807,5.141e-16,-,1
862,1,z:r2c,nat-oop,2273,2290,9.244,1.007,6.987e-16,-,0
862,1,z:r2c,nat-oop,2284,2292,9.202,1.004,6.987e-16,-,1
864,1,z:r2c,nat-oop,445,1484,47.354,3.335,6.943e-16,-,0
864,1,z:r2c,nat-oop,445,1482,47.361,3.332,6.943e-16,-,1
866,1,z:r2c,nat-oop,1609,2275,13.132,1.414,8.153e-16,-,0
866,1,z:r2c,nat-oop,1633,2283,12.941,1.398,8.153e-16,-,1
868,1,z:r2c,nat-oop,899,1693,23.550,1.882,1.096e-15,-,0
868,1,z:r2c,nat-oop,902,1691,23.492,1.875,1.096e-15,-,1
870,1,z:r2c,nat-oop,697,1546,30.458,2.217,5.015e-16,-,0
870,1,z:r2c,nat-oop,746,1556,28.460,2.084,5.015e-16,-,1
872,1,z:r2c,nat-oop,2285,2282,9.319,0.999,5.687e-16,-,0
872,1,z:r2c,nat-oop,2284,2283,9.324,1.000,5.687e-16,-,1
874,1,z:r2c,nat-oop,738,2075,28.931,2.812,7.174e-16,-,0
874,1,z:r2c,nat-oop,732,2098,29.179,2.867,7.174e-16,-,1
876,1,z:r2c,nat-oop,2388,3309,8.964,1.385,6.105e-16,-,0
876,1,z:r2c,nat-oop,2408,3318,8.891,1.378,6.105e-16,-,1
878,1,z:r2c,nat-oop,2300,2283,9.333,0.993,7.216e-16,-,0
878,1,z:r2c,nat-oop,2275,2278,9.434,1.001,7.216e-16,-,1
880,1,z:r2c,nat-oop,505,1661,42.589,3.287,5.291e-16,-,0
880,1,z:r2c,nat-oop,505,1661,42.613,3.289,5.291e-16,-,1
882,1,z:r2c,nat-oop,534,982,40.423,1.839,6.489e-16,-,0
882,1,z:r2c,nat-oop,540,994,39.988,1.843,6.489e-16,-,1
884,1,z:r2c,nat-oop,795,1541,27.215,1.939,9.485e-16,-,0
884,1,z:r2c,nat-oop,800,1539,27.053,1.925,9.485e-16,-,1
886,1,z:r2c,nat-oop,2388,2287,9.080,0.958,6.458e-16,-,0
886,1,z:r2c,nat-oop,2404,2284,9.021,0.950,6.458e-16,-,1
888,1,z:r2c,nat-oop,716,2617,30.379,3.656,4.609e-16,-,0
888,1,z:r2c,nat-oop,715,2603,30.406,3.639,4.609e-16,-,1
890,1,z:r2c,nat-oop,2386,3956,9.137,1.658,6.547e-16,-,0
890,1,z:r2c,nat-oop,2398,4007,9.090,1.671,6.547e-16,-,1
892,1,z:r2c,nat-oop,2288,2294,9.552,1.002,5.120e-16,-,0
892,1,z:r2c,nat-oop,2303,2295,9.491,0.997,5.120e-16,-,1
894,1,z:r2c,nat-oop,2381,2295,9.203,0.964,7.197e-16,-,0
894,1,z:r2c,nat-oop,2415,2289,9.075,0.948,7.197e-16,-,1
896,1,z:r2c,nat-oop,439,1451,50.060,3.307,4.573e-16,-,0
896,1,z:r2c,nat-oop,441,1449,49.859,3.289,4.573e-16,-,1
898,1,z:r2c,nat-oop,1622,2285,13.579,1.409,6.276e-16,-,0
898,1,z:r2c,nat-oop,1621,2284,13.587,1.409,6.276e-16,-,1
900,1,z:r2c,nat-oop,502,1296,44.005,2.583,5.282e-16,-,0
900,1,z:r2c,nat-oop,504,1303,43.838,2.587,5.282e-16,-,1
902,1,z:r2c,nat-oop,834,2353,26.535,2.820,5.177e-16,-,0
902,1,z:r2c,nat-oop,834,2369,26.544,2.840,5.177e-16,-,1
904,1,z:r2c,nat-oop,2403,2292,9.236,0.954,6.184e-16,-,0
904,1,z:r2c,nat-oop,3068,2299,7.235,0.749,6.184e-16,-,1
906,1,z:r2c,nat-oop,2401,2300,9.268,0.958,4.896e-16,-,0
906,1,z:r2c,nat-oop,2405,2299,9.251,0.956,4.896e-16,-,1
908,1,z:r2c,nat-oop,2458,2293,9.074,0.933,5.395e-16,-,0
908,1,z:r2c,nat-oop,2379,2288,9.376,0.962,5.395e-16,-,1
910,1,z:r2c,nat-oop,616,1004,36.302,1.630,6.400e-16,-,0
910,1,z:r2c,nat-oop,587,993,38.095,1.691,6.400e-16,-,1
912,1,z:r2c,nat-oop,726,2060,30.880,2.837,6.050e-16,-,0
912,1,z:r2c,nat-oop,726,2064,30.878,2.843,6.050e-16,-,1
914,1,z:r2c,nat-oop,2076,2307,10.828,1.112,1.236e-15,-,0
914,1,z:r2c,nat-oop,2095,2298,10.730,1.097,1.236e-15,-,1
916,1,z:r2c,nat-oop,2378,2301,9.477,0.968,5.947e-16,-,0
916,1,z:r2c,nat-oop,2375,2289,9.489,0.964,5.947e-16,-,1
918,1,z:r2c,nat-oop,617,1703,36.593,2.759,5.850e-16,-,0
918,1,z:r2c,nat-oop,612,1697,36.889,2.771,5.850e-16,-,1
920,1,z:r2c,nat-oop,739,2194,30.661,2.971,6.329e-16,-,0
920,1,z:r2c,nat-oop,740,2192,30.591,2.961,6.329e-16,-,1
922,1,z:r2c,nat-oop,2403,2310,9.446,0.961,8.278e-16,-,0
922,1,z:r2c,nat-oop,2394,2294,9.484,0.958,8.278e-16,-,1
924,1,z:r2c,nat-oop,580,1534,39.256,2.646,5.689e-16,-,0
924,1,z:r2c,nat-oop,596,1532,38.189,2.571,5.689e-16,-,1
926,1,z:r2c,nat-oop,1929,2302,11.828,1.194,1.071e-15,-,0
926,1,z:r2c,nat-oop,1927,2306,11.836,1.196,1.071e-15,-,1
928,1,z:r2c,nat-oop,638,2490,35.827,3.900,7.132e-16,-,0
928,1,z:r2c,nat-oop,680,2493,33.634,3.666,7.132e-16,-,1
930,1,z:r2c,nat-oop,750,1805,30.584,2.408,5.132e-16,-,0
930,1,z:r2c,nat-oop,748,1804,30.646,2.411,5.132e-16,-,1
932,1,z:r2c,nat-oop,2297,2304,10.007,1.003,5.755e-16,-,0
932,1,z:r2c,nat-oop,2311,2319,9.946,1.004,5.755e-16,-,1
934,1,z:r2c,nat-oop,2325,2316,9.908,0.996,5.454e-16,-,0
934,1,z:r2c,nat-oop,2306,2299,9.991,0.997,5.454e-16,-,1
936,1,z:r2c,nat-oop,599,1811,38.555,3.023,7.334e-16,-,0
936,1,z:r2c,nat-oop,596,1812,38.723,3.038,7.334e-16,-,1
938,1,z:r2c,nat-oop,2302,3227,10.057,1.402,6.111e-16,-,0
938,1,z:r2c,nat-oop,2317,3257,9.993,1.406,6.111e-16,-,1
940,1,z:r2c,nat-oop,865,2509,26.828,2.900,3.725e-16,-,0
940,1,z:r2c,nat-oop,867,2490,26.768,2.872,3.725e-16,-,1
942,1,z:r2c,nat-oop,2399,2311,9.698,0.963,5.820e-16,-,0
942,1,z:r2c,nat-oop,2382,2305,9.769,0.968,5.820e-16,-,1
944,1,z:r2c,nat-oop,2306,3775,10.116,1.637,6.412e-16,-,0
944,1,z:r2c,nat-oop,2319,3752,10.059,1.618,6.412e-16,-,1
946,1,z:r2c,nat-oop,1015,2625,23.030,2.586,5.704e-16,-,0
946,1,z:r2c,nat-oop,903,2622,25.897,2.904,5.704e-16,-,1
948,1,z:r2c,nat-oop,2376,3973,9.862,1.672,7.638e-16,-,0
948,1,z:r2c,nat-oop,2379,3959,9.852,1.664,7.638e-16,-,1
950,1,z:r2c,nat-oop,688,1332,34.130,1.935,6.884e-16,-,0
950,1,z:r2c,nat-oop,711,1333,33.057,1.875,6.884e-16,-,1
952,1,z:r2c,nat-oop,695,1751,33.879,2.519,5.651e-16,-,0
952,1,z:r2c,nat-oop,683,1777,34.472,2.601,5.651e-16,-,1
954,1,z:r2c,nat-oop,2379,2749,9.922,1.155,6.514e-16,-,0
954,1,z:r2c,nat-oop,2390,2722,9.877,1.139,6.514e-16,-,1
956,1,z:r2c,nat-oop,3045,2319,7.771,0.762,6.199e-16,-,0
956,1,z:r2c,nat-oop,2408,2327,9.826,0.966,6.199e-16,-,1
958,1,z:r2c,nat-oop,2317,2318,10.237,1.000,1.004e-15,-,0
958,1,z:r2c,nat-oop,2348,2317,10.102,0.987,1.004e-15,-,1
960,1,z:r2c,nat-oop,481,1573,49.429,3.270,4.640e-16,-,0
960,1,z:r2c,nat-oop,471,1584,50.445,3.361,4.640e-16,-,1
962,1,z:r2c,nat-oop,846,2438,28.171,2.882,7.175e-16,-,0
962,1,z:r2c,nat-oop,865,2446,27.567,2.829,7.175e-16,-,1
964,1,z:r2c,nat-oop,2420,2311,9.874,0.955,6.797e-16,-,0
964,1,z:r2c,nat-oop,2445,2313,9.771,0.946,6.797e-16,-,1
966,1,z:r2c,nat-oop,743,1558,32.216,2.095,7.258e-16,-,0
966,1,z:r2c,nat-oop,737,1556,32.483,2.111,7.258e-16,-,1
968,1,z:r2c,nat-oop,664,1835,36.156,2.764,6.102e-16,-,0
968,1,z:r2c,nat-oop,660,1828,36.358,2.769,6.102e-16,-,1
970,1,z:r2c,nat-oop,2311,4738,10.411,2.050,6.918e-16,-,0
970,1,z:r2c,nat-oop,2314,4722,10.398,2.041,6.918e-16,-,1
972,1,z:r2c,nat-oop,629,1580,38.352,2.513,6.116e-16,-,0
972,1,z:r2c,nat-oop,622,1535,38.782,2.468,6.116e-16,-,1
974,1,z:r2c,nat-oop,2366,2318,10.219,0.980,6.401e-16,-,0
974,1,z:r2c,nat-oop,2381,2319,10.154,0.974,6.401e-16,-,1
976,1,z:r2c,nat-oop,2333,3973,10.386,1.703,8.089e-16,-,0
976,1,z:r2c,nat-oop,2397,4027,10.107,1.680,8.089e-16,-,1
978,1,z:r2c,nat-oop,2426,2323,10.011,0.958,6.998e-16,-,0
978,1,z:r2c,nat-oop,2425,2339,10.015,0.964,6.998e-16,-,1
980,1,z:r2c,nat-oop,588,930,41.386,1.581,4.369e-16,-,0
980,1,z:r2c,nat-oop,568,941,42.843,1.655,4.369e-16,-,1
982,1,z:r2c,nat-oop,2030,2330,12.019,1.148,6.762e-16,-,0
982,1,z:r2c,nat-oop,1991,2331,12.259,1.171,6.762e-16,-,1
984,1,z:r2c,nat-oop,862,3026,28.363,3.509,7.769e-16,-,0
984,1,z:r2c,nat-oop,849,3014,28.802,3.549,7.769e-16,-,1
986,1,z:r2c,nat-oop,868,2368,28.257,2.729,8.092e-16,-,0
986,1,z:r2c,nat-oop,900,2374,27.254,2.639,8.092e-16,-,1
988,1,z:r2c,nat-oop,926,1876,26.534,2.026,9.175e-16,-,0
988,1,z:r2c,nat-oop,912,1885,26.946,2.067,9.175e-16,-,1
990,1,z:r2c,nat-oop,690,1662,35.706,2.409,5.421e-16,-,0
990,1,z:r2c,nat-oop,692,1650,35.588,2.384,5.421e-16,-,1
992,1,z:r2c,nat-oop,698,2819,35.379,4.040,5.563e-16,-,0
992,1,z:r2c,nat-oop,941,2835,26.232,3.012,5.563e-16,-,1
994,1,z:r2c,nat-oop,2401,3688,10.306,1.536,5.924e-16,-,0
994,1,z:r2c,nat-oop,2397,3698,10.324,1.543,5.924e-16,-,1
996,1,z:r2c,nat-oop,2323,4339,10.677,1.868,6.419e-16,-,0
996,1,z:r2c,nat-oop,2349,4335,10.557,1.845,6.419e-16,-,1
998,1,z:r2c,nat-oop,2444,2340,10.172,0.958,4.855e-16,-,0
998,1,z:r2c,nat-oop,2337,2333,10.637,0.998,4.855e-16,-,1
1000,1,z:r2c,nat-oop,603,1486,41.341,2.466,5.815e-16,-,0
1000,1,z:r2c,nat-oop,599,1486,41.618,2.482,5.815e-16,-,1
1002,1,z:r2c,nat-oop,2402,2355,10.395,0.980,5.882e-16,-,0
1002,1,z:r2c,nat-oop,2403,2329,10.393,0.969,5.882e-16,-,1
1004,1,z:r2c,nat-oop,2325,2331,10.764,1.002,5.123e-16,-,0
1004,1,z:r2c,nat-oop,2338,2324,10.704,0.994,5.123e-16,-,1
1006,1,z:r2c,nat-oop,2441,2334,10.278,0.956,5.565e-16,-,0
1006,1,z:r2c,nat-oop,2450,2332,10.238,0.952,5.565e-16,-,1
1008,1,z:r2c,nat-oop,575,1606,43.734,2.793,5.105e-16,-,0
1008,1,z:r2c,nat-oop,586,1602,42.923,2.734,5.105e-16,-,1
1010,1,z:r2c,nat-oop,2326,2329,10.832,1.001,5.212e-16,-,0
1010,1,z:r2c,nat-oop,2329,2324,10.818,0.998,5.212e-16,-,1
1012,1,z:r2c,nat-oop,995,2076,25.377,2.086,1.060e-15,-,0
1012,1,z:r2c,nat-oop,1004,2080,25.155,2.072,1.060e-15,-,1
1014,1,z:r2c,nat-oop,790,1612,32.039,2.040,5.783e-16,-,0
1014,1,z:r2c,nat-oop,803,1610,31.537,2.006,5.783e-16,-,1
1016,1,z:r2c,nat-oop,2360,2327,10.751,0.986,6.947e-16,-,0
1016,1,z:r2c,nat-oop,2326,2326,10.907,1.000,6.947e-16,-,1
1018,1,z:r2c,nat-oop,2411,2332,10.546,0.967,6.750e-16,-,0
1018,1,z:r2c,nat-oop,2410,2327,10.549,0.966,6.750e-16,-,1
1020,1,z:r2c,nat-oop,734,1950,34.738,2.658,7.391e-16,-,0
1020,1,z:r2c,nat-oop,750,2007,33.991,2.676,7.391e-16,-,1
1022,1,z:r2c,nat-oop,2325,3776,10.988,1.624,6.015e-16,-,0
1022,1,z:r2c,nat-oop,2364,3787,10.805,1.602,6.015e-16,-,1
1024,1,z:r2c,nat-oop,439,465,58.281,1.059,3.396e-16,-,0
1024,1,z:r2c,nat-oop,441,465,58.020,1.055,3.396e-16,-,1
1026,1,z:r2c,nat-oop,726,2068,35.359,2.850,5.832e-16,-,0
1026,1,z:r2c,nat-oop,722,2072,35.515,2.869,5.832e-16,-,1
1028,1,z:r2c,nat-oop,4881,4664,5.269,0.955,6.510e-16,-,0
1028,1,z:r2c,nat-oop,4902,4695,5.246,0.958,6.510e-16,-,1
1030,1,z:r2c,nat-oop,4870,4686,5.292,0.962,6.648e-16,-,0
1030,1,z:r2c,nat-oop,4888,4663,5.273,0.954,6.648e-16,-,1
1032,1,z:r2c,nat-oop,916,3357,28.200,3.665,5.697e-16,-,0
1032,1,z:r2c,nat-oop,917,3449,28.166,3.761,5.697e-16,-,1
1034,1,z:r2c,nat-oop,1055,3117,24.540,2.955,5.556e-16,-,0
1034,1,z:r2c,nat-oop,1059,3100,24.455,2.929,5.556e-16,-,1
1036,1,z:r2c,nat-oop,1175,2243,22.080,1.909,6.358e-16,-,0
1036,1,z:r2c,nat-oop,1181,2280,21.976,1.932,6.358e-16,-,1
1038,1,z:r2c,nat-oop,4968,4704,5.234,0.947,7.175e-16,-,0
1038,1,z:r2c,nat-oop,5736,4681,4.533,0.816,7.175e-16,-,1
1040,1,z:r2c,nat-oop,680,2013,38.301,2.959,6.067e-16,-,0
1040,1,z:r2c,nat-oop,696,2013,37.457,2.894,6.067e-16,-,1
1042,1,z:r2c,nat-oop,2255,4686,11.583,2.078,6.207e-16,-,0
1042,1,z:r2c,nat-oop,2125,4679,12.288,2.202,6.207e-16,-,1
1044,1,z:r2c,nat-oop,941,2597,27.802,2.759,7.289e-16,-,0
1044,1,z:r2c,nat-oop,947,2610,27.643,2.757,7.289e-16,-,1
1046,1,z:r2c,nat-oop,2929,4688,8.956,1.601,1.087e-15,-,0
1046,1,z:r2c,nat-oop,3315,4675,7.912,1.410,1.087e-15,-,1
1048,1,z:r2c,nat-oop,4883,4674,5.384,0.957,5.016e-16,-,0
1048,1,z:r2c,nat-oop,4846,4681,5.425,0.966,5.016e-16,-,1
1050,1,z:r2c,nat-oop,736,1319,35.800,1.792,6.088e-16,-,0
1050,1,z:r2c,nat-oop,748,1310,35.206,1.751,6.088e-16,-,1
1052,1,z:r2c,nat-oop,6294,5046,4.195,0.802,5.207e-16,-,0
1052,1,z:r2c,nat-oop,5596,4711,4.718,0.842,5.207e-16,-,1
1054,1,z:r2c,nat-oop,977,2716,27.088,2.780,6.259e-16,-,0
1054,1,z:r2c,nat-oop,944,2713,28.031,2.875,6.259e-16,-,1
1056,1,z:r2c,nat-oop,658,2050,40.312,3.116,5.761e-16,-,0
1056,1,z:r2c,nat-oop,664,2048,39.922,3.083,5.761e-16,-,1
1058,1,z:r2c,nat-oop,1077,2757,24.670,2.559,7.884e-16,-,0
1058,1,z:r2c,nat-oop,1009,2761,26.345,2.737,7.884e-16,-,1
1060,1,z:r2c,nat-oop,4893,3027,5.443,0.619,7.167e-16,-,0
1060,1,z:r2c,nat-oop,4917,3027,5.417,0.616,7.167e-16,-,1
1062,1,z:r2c,nat-oop,4919,3348,5.426,0.681,5.291e-16,-,0
1062,1,z:r2c,nat-oop,4902,3353,5.445,0.684,5.291e-16,-,1
1064,1,z:r2c,nat-oop,774,2224,34.543,2.873,6.424e-16,-,0
1064,1,z:r2c,nat-oop,789,2178,33.917,2.761,6.424e-16,-,1
1066,1,z:r2c,nat-oop,1005,2857,26.679,2.843,6.042e-16,-,0
1066,1,z:r2c,nat-oop,1013,2867,26.460,2.830,6.042e-16,-,1
1068,1,z:r2c,nat-oop,4930,4879,5.449,0.990,6.543e-16,-,0
1068,1,z:r2c,nat-oop,4930,4884,5.448,0.991,6.543e-16,-,1
1070,1,z:r2c,nat-oop,4951,4683,5.437,0.946,6.002e-16,-,0
1070,1,z:r2c,nat-oop,4948,4687,5.441,0.947,6.002e-16,-,1
1072,1,z:r2c,nat-oop,4946,4723,5.454,0.955,7.112e-16,-,0
1072,1,z:r2c,nat-oop,4895,4794,5.511,0.979,7.112e-16,-,1
1074,1,z:r2c,nat-oop,4945,4688,5.467,0.948,5.981e-16,-,0
1074,1,z:r2c,nat-oop,4971,4684,5.439,0.942,5.981e-16,-,1
1076,1,z:r2c,nat-oop,4871,4699,5.562,0.965,5.840e-16,-,0
1076,1,z:r2c,nat-oop,4816,4719,5.626,0.980,5.840e-16,-,1
1078,1,z:r2c,nat-oop,793,1145,34.219,1.443,6.408e-16,-,0
1078,1,z:r2c,nat-oop,774,1134,35.087,1.466,6.408e-16,-,1
1080,1,z:r2c,nat-oop,689,1757,39.463,2.548,7.282e-16,-,0
1080,1,z:r2c,nat-oop,672,1749,40.471,2.601,7.282e-16,-,1
1082,1,z:r2c,nat-oop,3293,4697,8.279,1.426,7.380e-16,-,0
1082,1,z:r2c,nat-oop,3013,4671,9.050,1.551,7.380e-16,-,1
1084,1,z:r2c,nat-oop,4878,4686,5.601,0.961,6.502e-16,-,0
1084,1,z:r2c,nat-oop,4879,4696,5.600,0.963,6.502e-16,-,1
1086,1,z:r2c,nat-oop,4942,4683,5.540,0.947,5.028e-16,-,0
1086,1,z:r2c,nat-oop,4950,4689,5.531,0.947,5.028e-16,-,1
1088,1,z:r2c,nat-oop,592,2319,46.321,3.915,5.368e-16,-,0
1088,1,z:r2c,nat-oop,598,2314,45.855,3.867,5.368e-16,-,1
1090,1,z:r2c,nat-oop,4929,4701,5.579,0.954,4.866e-16,-,0
1090,1,z:r2c,nat-oop,4898,4688,5.614,0.957,4.866e-16,-,1
1092,1,z:r2c,nat-oop,832,1872,33.133,2.251,5.025e-16,-,0
1092,1,z:r2c,nat-oop,805,1873,34.212,2.326,5.025e-16,-,1
1094,1,z:r2c,nat-oop,2438,4704,11.325,1.929,9.100e-16,-,0
1094,1,z:r2c,nat-oop,2437,4693,11.330,1.925,9.100e-16,-,1
1096,1,z:r2c,nat-oop,4883,4687,5.667,0.960,4.985e-16,-,0
1096,1,z:r2c,nat-oop,4894,4700,5.654,0.960,4.985e-16,-,1
1098,1,z:r2c,nat-oop,4991,3586,5.555,0.718,6.509e-16,-,0
1098,1,z:r2c,nat-oop,4897,3559,5.662,0.727,6.509e-16,-,1
1100,1,z:r2c,nat-oop,729,1751,38.112,2.402,4.396e-16,-,0
1100,1,z:r2c,nat-oop,719,1757,38.632,2.443,4.396e-16,-,1
1102,1,z:r2c,nat-oop,1050,2842,26.521,2.707,5.241e-16,-,0
1102,1,z:r2c,nat-oop,1060,2888,26.260,2.724,5.241e-16,-,1
1104,1,z:r2c,nat-oop,908,2738,30.728,3.016,6.738e-16,-,0
1104,1,z:r2c,nat-oop,909,2741,30.685,3.015,6.738e-16,-,1
1106,1,z:r2c,nat-oop,4942,4540,5.657,0.918,6.564e-16,-,0
1106,1,z:r2c,nat-oop,4837,4525,5.779,0.935,6.564e-16,-,1
1108,1,z:r2c,nat-oop,4908,4692,5.708,0.956,5.365e-16,-,0
1108,1,z:r2c,nat-oop,4923,4684,5.691,0.951,5.365e-16,-,1
1110,1,z:r2c,nat-oop,978,2429,28.700,2.483,5.076e-16,-,0
1110,1,z:r2c,nat-oop,970,2377,28.951,2.451,5.076e-16,-,1
1112,1,z:r2c,nat-oop,6388,4775,4.404,0.748,4.769e-16,-,0
1112,1,z:r2c,nat-oop,4967,4688,5.664,0.944,4.769e-16,-,1
1114,1,z:r2c,nat-oop,4960,4694,5.684,0.946,5.435e-16,-,0
1114,1,z:r2c,nat-oop,4966,4716,5.676,0.950,5.435e-16,-,1
1116,1,z:r2c,nat-oop,1072,2960,26.354,2.762,7.947e-16,-,0
1116,1,z:r2c,nat-oop,1086,2960,26.019,2.726,7.947e-16,-,1
1118,1,z:r2c,nat-oop,1079,3188,26.235,2.955,5.914e-16,-,0
1118,1,z:r2c,nat-oop,1080,3193,26.201,2.956,5.914e-16,-,1
1120,1,z:r2c,nat-oop,695,1757,40.833,2.530,4.370e-16,-,0
1120,1,z:r2c,nat-oop,690,1756,41.107,2.545,4.370e-16,-,1
1122,1,z:r2c,nat-oop,994,2064,28.599,2.077,6.851e-16,-,0
1122,1,z:r2c,nat-oop,942,1911,30.156,2.028,6.851e-16,-,1
1124,1,z:r2c,nat-oop,4856,4690,5.865,0.966,5.206e-16,-,0
1124,1,z:r2c,nat-oop,4996,4691,5.700,0.939,5.206e-16,-,1
1126,1,z:r2c,nat-oop,4902,4709,5.821,0.961,5.078e-16,-,0
1126,1,z:r2c,nat-oop,4925,4742,5.794,0.963,5.078e-16,-,1
1128,1,z:r2c,nat-oop,1071,3919,26.710,3.661,7.788e-16,-,0
1128,1,z:r2c,nat-oop,1074,3920,26.616,3.649,7.788e-16,-,1
1130,1,z:r2c,nat-oop,5060,4703,5.662,0.929,5.428e-16,-,0
1130,1,z:r2c,nat-oop,5047,4709,5.677,0.933,5.428e-16,-,1
1132,1,z:r2c,nat-oop,6260,4754,4.586,0.759,5.718e-16,-,0
1132,1,z:r2c,nat-oop,6329,4729,4.536,0.747,5.718e-16,-,1
1134,1,z:r2c,nat-oop,970,1542,29.656,1.589,6.271e-16,-,0
1134,1,z:r2c,nat-oop,994,1536,28.939,1.545,6.271e-16,-,1
1136,1,z:r2c,nat-oop,4959,5281,5.812,1.065,6.684e-16,-,0
1136,1,z:r2c,nat-oop,5015,5291,5.748,1.055,6.684e-16,-,1
1138,1,z:r2c,nat-oop,6023,4753,4.795,0.789,5.165e-16,-,0
1138,1,z:r2c,nat-oop,4925,4695,5.864,0.953,5.165e-16,-,1
1140,1,z:r2c,nat-oop,972,2363,29.763,2.431,5.072e-16,-,0
1140,1,z:r2c,nat-oop,940,2514,30.785,2.674,5.072e-16,-,1
1142,1,z:r2c,nat-oop,2736,4697,10.599,1.717,6.756e-16,-,0
1142,1,z:r2c,nat-oop,2810,4706,10.320,1.675,6.756e-16,-,1
1144,1,z:r2c,nat-oop,904,2203,32.148,2.437,9.166e-16,-,0
1144,1,z:r2c,nat-oop,892,2209,32.574,2.476,9.166e-16,-,1
1146,1,z:r2c,nat-oop,4958,4722,5.872,0.952,4.582e-16,-,0
1146,1,z:r2c,nat-oop,4917,4711,5.921,0.958,4.582e-16,-,1
1148,1,z:r2c,nat-oop,1446,2629,20.169,1.818,5.816e-16,-,0
1148,1,z:r2c,nat-oop,1442,2633,20.232,1.826,5.816e-16,-,1
1150,1,z:r2c,nat-oop,878,1907,33.287,2.172,6.299e-16,-,0
1150,1,z:r2c,nat-oop,874,1949,33.456,2.231,6.299e-16,-,1
1152,1,z:r2c,nat-oop,572,2037,51.219,3.562,4.665e-16,-,0
1152,1,z:r2c,nat-oop,572,2034,51.212,3.556,4.665e-16,-,1
1154,1,z:r2c,nat-oop,2106,4714,13.933,2.238,9.370e-16,-,0
1154,1,z:r2c,nat-oop,2121,4700,13.834,2.216,9.370e-16,-,1
1156,1,z:r2c,nat-oop,1082,2420,27.179,2.237,9.672e-16,-,0
1156,1,z:r2c,nat-oop,1181,2290,24.893,1.938,9.672e-16,-,1
1158,1,z:r2c,nat-oop,6438,4779,4.576,0.742,5.230e-16,-,0
1158,1,z:r2c,nat-oop,4926,4735,5.981,0.961,5.230e-16,-,1
1160,1,z:r2c,nat-oop,1221,3059,24.172,2.505,6.938e-16,-,0
1160,1,z:r2c,nat-oop,1333,2978,22.144,2.234,6.938e-16,-,1
1162,1,z:r2c,nat-oop,5007,4978,5.908,0.994,6.069e-16,-,0
1162,1,z:r2c,nat-oop,4932,4965,5.997,1.007,6.069e-16,-,1
1164,1,z:r2c,nat-oop,4928,5750,6.014,1.167,6.334e-16,-,0
1164,1,z:r2c,nat-oop,4956,5751,5.980,1.160,6.334e-16,-,1
1166,1,z:r2c,nat-oop,4908,3738,6.051,0.762,6.899e-16,-,0
1166,1,z:r2c,nat-oop,4964,3760,5.982,0.757,6.899e-16,-,1
1168,1,z:r2c,nat-oop,5076,5437,5.862,1.071,5.625e-16,-,0
1168,1,z:r2c,nat-oop,4967,5418,5.990,1.091,5.625e-16,-,1
1170,1,z:r2c,nat-oop,891,2034,33.451,2.282,6.894e-16,-,0
1170,1,z:r2c,nat-oop,881,2022,33.836,2.295,6.894e-16,-,1
1172,1,z:r2c,nat-oop,5224,4736,5.718,0.907,6.408e-16,-,0
1172,1,z:r2c,nat-oop,5110,4735,5.845,0.927,6.408e-16,-,1
1174,1,z:r2c,nat-oop,4988,4718,6.000,0.946,4.978e-16,-,0
1174,1,z:r2c,nat-oop,4989,4737,5.999,0.950,4.978e-16,-,1
1176,1,z:r2c,nat-oop,783,1808,38.290,2.309,5.254e-16,-,0
1176,1,z:r2c,nat-oop,752,1814,39.868,2.412,5.254e-16,-,1
1178,1,z:r2c,nat-oop,1139,3233,26.390,2.839,7.479e-16,-,0
1178,1,z:r2c,nat-oop,1096,3242,27.407,2.957,7.479e-16,-,1
1180,1,z:r2c,nat-oop,4997,3786,6.025,0.758,4.593e-16,-,0
1180,1,z:r2c,nat-oop,4883,3779,6.164,0.774,4.593e-16,-,1
1182,1,z:r2c,nat-oop,4956,4711,6.086,0.951,5.779e-16,-,0
1182,1,z:r2c,nat-oop,4928,4718,6.120,0.957,5.779e-16,-,1
1184,1,z:r2c,nat-oop,904,3598,33.420,3.979,5.616e-16,-,0
1184,1,z:r2c,nat-oop,915,3589,33.029,3.922,5.616e-16,-,1
1186,1,z:r2c,nat-oop,3086,4727,9.813,1.532,7.056e-16,-,0
1186,1,z:r2c,nat-oop,3101,4719,9.764,1.522,7.056e-16,-,1
1188,1,z:r2c,nat-oop,888,2152,34.172,2.424,9.266e-16,-,0
1188,1,z:r2c,nat-oop,887,2155,34.193,2.429,9.266e-16,-,1
1190,1,z:r2c,nat-oop,953,1505,31.909,1.580,7.106e-16,-,0
1190,1,z:r2c,nat-oop,1008,1502,30.165,1.490,7.106e-16,-,1
1192,1,z:r2c,nat-oop,4985,4740,6.109,0.951,6.335e-16,-,0
1192,1,z:r2c,nat-oop,4932,4751,6.175,0.963,6.335e-16,-,1
1194,1,z:r2c,nat-oop,4935,4742,6.183,0.961,5.529e-16,-,0
1194,1,z:r2c,nat-oop,4945,4733,6.170,0.957,5.529e-16,-,1
1196,1,z:r2c,nat-oop,1197,2533,25.533,2.115,6.922e-16,-,0
1196,1,z:r2c,nat-oop,1187,2523,25.753,2.125,6.922e-16,-,1
1198,1,z:r2c,nat-oop,4998,4714,6.128,0.943,4.615e-16,-,0
1198,1,z:r2c,nat-oop,4998,4761,6.128,0.953,4.615e-16,-,1
1200,1,z:r2c,nat-oop,781,1896,39.306,2.429,4.080e-16,-,0
1200,1,z:r2c,nat-oop,756,1896,40.594,2.508,4.080e-16,-,1
1202,1,z:r2c,nat-oop,3175,4716,9.682,1.485,9.162e-16,-,0
1202,1,z:r2c,nat-oop,3084,4716,9.971,1.529,9.162e-16,-,1
1204,1,z:r2c,nat-oop,1607,2958,19.163,1.840,2.942e-15,-,0
1204,1,z:r2c,nat-oop,1551,2972,19.862,1.917,2.942e-15,-,1
1206,1,z:r2c,nat-oop,4932,4372,6.257,0.886,5.615e-16,-,0
1206,1,z:r2c,nat-oop,4917,4324,6.276,0.879,5.615e-16,-,1
1208,1,z:r2c,nat-oop,6242,4766,4.954,0.764,5.124e-16,-,0
1208,1,z:r2c,nat-oop,4982,4734,6.207,0.950,5.124e-16,-,1
1210,1,z:r2c,nat-oop,895,1817,34.602,2.030,8.106e-16,-,0
1210,1,z:r2c,nat-oop,919,1824,33.695,1.984,8.106e-16,-,1
1212,1,z:r2c,nat-oop,4894,4734,6.342,0.967,5.463e-16,-,0
1212,1,z:r2c,nat-oop,4971,4708,6.244,0.947,5.463e-16,-,1
1214,1,z:r2c,nat-oop,4969,4746,6.257,0.955,5.939e-16,-,0
1214,1,z:r2c,nat-oop,5021,4737,6.193,0.944,5.939e-16,-,1
1216,1,z:r2c,nat-oop,737,2796,42.247,3.792,5.265e-16,-,0
1216,1,z:r2c,nat-oop,784,2799,39.750,3.571,5.265e-16,-,1
1218,1,z:r2c,nat-oop,1069,2184,29.201,2.043,5.457e-16,-,0
1218,1,z:r2c,nat-oop,988,2185,31.579,2.211,5.457e-16,-,1
1220,1,z:r2c,nat-oop,4886,3966,6.400,0.812,8.085e-16,-,0
1220,1,z:r2c,nat-oop,4936,3958,6.335,0.802,8.085e-16,-,1
1222,1,z:r2c,nat-oop,1266,3743,24.747,2.957,4.248e-16,-,0
1222,1,z:r2c,nat-oop,1260,3751,24.858,2.977,4.248e-16,-,1
1224,1,z:r2c,nat-oop,985,2560,31.873,2.600,5.946e-16,-,0
1224,1,z:r2c,nat-oop,970,2563,32.358,2.642,5.946e-16,-,1
1226,1,z:r2c,nat-oop,2939,4732,10.700,1.610,1.189e-15,-,0
1226,1,z:r2c,nat-oop,2869,4728,10.962,1.648,1.189e-15,-,1
1228,1,z:r2c,nat-oop,5155,4767,6.112,0.925,6.861e-16,-,0
1228,1,z:r2c,nat-oop,5103,4712,6.174,0.924,6.861e-16,-,1
1230,1,z:r2c,nat-oop,1149,2806,27.464,2.441,6.136e-16,-,0
1230,1,z:r2c,nat-oop,1155,2815,27.326,2.437,6.136e-16,-,1
1232,1,z:r2c,nat-oop,836,2342,37.830,2.802,5.595e-16,-,0
1232,1,z:r2c,nat-oop,833,2351,37.947,2.822,5.595e-16,-,1
1234,1,z:r2c,nat-oop,2484,4761,12.753,1.916,6.936e-16,-,0
1234,1,z:r2c,nat-oop,2645,4738,11.979,1.791,6.936e-16,-,1
1236,1,z:r2c,nat-oop,4902,4740,6.475,0.967,5.477e-16,-,0
1236,1,z:r2c,nat-oop,5014,4749,6.331,0.947,5.477e-16,-,1
1238,1,z:r2c,nat-oop,4938,4751,6.439,0.962,5.979e-16,-,0
1238,1,z:r2c,nat-oop,6508,4761,4.886,0.731,5.979e-16,-,1
1240,1,z:r2c,nat-oop,1689,3403,18.866,2.015,9.316e-16,-,0
1240,1,z:r2c,nat-oop,1350,3405,23.594,2.522,9.316e-16,-,1
1242,1,z:r2c,nat-oop,947,2827,33.692,2.984,8.221e-16,-,0
1242,1,z:r2c,nat-oop,941,2794,33.900,2.968,8.221e-16,-,1
1244,1,z:r2c,nat-oop,4991,4739,6.406,0.949,7.271e-16,-,0
1244,1,z:r2c,nat-oop,5007,4727,6.385,0.944,7.271e-16,-,1
1246,1,z:r2c,nat-oop,5171,5612,6.194,1.085,7.323e-16,-,0
1246,1,z:r2c,nat-oop,5028,5563,6.371,1.107,7.323e-16,-,1
1248,1,z:r2c,nat-oop,1166,2502,27.523,2.146,5.430e-16,-,0
1248,1,z:r2c,nat-oop,877,2495,36.600,2.846,5.430e-16,-,1
1250,1,z:r2c,nat-oop,835,1410,38.492,1.688,5.928e-16,-,0
1250,1,z:r2c,nat-oop,839,1427,38.308,1.700,5.928e-16,-,1
1252,1,z:r2c,nat-oop,5024,4760,6.411,0.947,6.404e-16,-,0
1252,1,z:r2c,nat-oop,4968,4724,6.484,0.951,6.404e-16,-,1
1254,1,z:r2c,nat-oop,1126,2321,28.664,2.062,1.025e-15,-,0
1254,1,z:r2c,nat-oop,1130,2347,28.551,2.077,1.025e-15,-,1
1256,1,z:r2c,nat-oop,4966,4757,6.510,0.958,6.757e-16,-,0
1256,1,z:r2c,nat-oop,4995,4771,6.472,0.955,6.757e-16,-,1
1258,1,z:r2c,nat-oop,1246,3609,25.993,2.896,6.024e-16,-,0
1258,1,z:r2c,nat-oop,1209,3503,26.790,2.897,6.024e-16,-,1
1260,1,z:r2c,nat-oop,851,1843,38.113,2.165,4.843e-16,-,0
1260,1,z:r2c,nat-oop,853,1829,38.043,2.145,4.843e-16,-,1
1262,1,z:r2c,nat-oop,3243,4812,10.023,1.484,8.629e-16,-,0
1262,1,z:r2c,nat-oop,3203,4853,10.148,1.515,8.629e-16,-,1
1264,1,z:r2c,nat-oop,4978,6349,6.541,1.275,4.640e-16,-,0
1264,1,z:r2c,nat-oop,4996,6323,6.517,1.266,4.640e-16,-,1
1266,1,z:r2c,nat-oop,5002,4755,6.521,0.951,5.129e-16,-,0
1266,1,z:r2c,nat-oop,4968,4731,6.565,0.952,5.129e-16,-,1
1268,1,z:r2c,nat-oop,4976,4742,6.566,0.953,6.041e-16,-,0
1268,1,z:r2c,nat-oop,4936,4758,6.621,0.964,6.041e-16,-,1
1270,1,z:r2c,nat-oop,5024,4755,6.515,0.946,6.081e-16,-,0
1270,1,z:r2c,nat-oop,4974,4760,6.582,0.957,6.081e-16,-,1
1272,1,z:r2c,nat-oop,5025,4723,6.526,0.940,5.580e-16,-,0
1272,1,z:r2c,nat-oop,4895,4666,6.700,0.953,5.580e-16,-,1
1274,1,z:r2c,nat-oop,1002,1413,32.786,1.410,5.663e-16,-,0
1274,1,z:r2c,nat-oop,991,1412,33.166,1.425,5.663e-16,-,1
1276,1,z:r2c,nat-oop,1347,2874,24.427,2.133,1.513e-15,-,0
1276,1,z:r2c,nat-oop,1373,2881,23.979,2.099,1.513e-15,-,1
1278,1,z:r2c,nat-oop,5400,4884,6.106,0.904,4.871e-16,-,0
1278,1,z:r2c,nat-oop,5010,4890,6.581,0.976,4.871e-16,-,1
1280,1,z:r2c,nat-oop,616,2163,53.641,3.513,4.339e-16,-,0
1280,1,z:r2c,nat-oop,613,2166,53.848,3.531,4.339e-16,-,1
1282,1,z:r2c,nat-oop,2064,4796,16.034,2.324,5.670e-16,-,0
1282,1,z:r2c,nat-oop,2135,4741,15.495,2.220,5.670e-16,-,1
1284,1,z:r2c,nat-oop,5021,4745,6.601,0.945,5.364e-16,-,0
1284,1,z:r2c,nat-oop,4918,4750,6.739,0.966,5.364e-16,-,1
1286,1,z:r2c,nat-oop,4937,4765,6.726,0.965,4.863e-16,-,0
1286,1,z:r2c,nat-oop,4955,4807,6.701,0.970,4.863e-16,-,1
1288,1,z:r2c,nat-oop,1054,3149,31.564,2.988,5.557e-16,-,0
1288,1,z:r2c,nat-oop,1057,2969,31.476,2.810,5.557e-16,-,1
1290,1,z:r2c,nat-oop,1245,3154,26.764,2.533,5.803e-16,-,0
1290,1,z:r2c,nat-oop,1239,3166,26.906,2.556,5.803e-16,-,1
1292,1,z:r2c,nat-oop,1232,2775,27.098,2.253,7.521e-16,-,0
1292,1,z:r2c,nat-oop,1279,2803,26.103,2.192,7.521e-16,-,1
1294,1,z:r2c,nat-oop,4980,4798,6.715,0.963,5.732e-16,-,0
1294,1,z:r2c,nat-oop,5006,4778,6.681,0.954,5.732e-16,-,1
1296,1,z:r2c,nat-oop,834,2310,40.161,2.770,4.671e-16,-,0
1296,1,z:r2c,nat-oop,842,2303,39.780,2.735,4.671e-16,-,1
1298,1,z:r2c,nat-oop,4967,4628,6.756,0.932,5.815e-16,-,0
1298,1,z:r2c,nat-oop,4973,4570,6.749,0.919,5.815e-16,-,1
1300,1,z:r2c,nat-oop,987,2194,34.051,2.222,4.545e-16,-,0
1300,1,z:r2c,nat-oop,1073,2234,31.318,2.081,4.545e-16,-,1
1302,1,z:r2c,nat-oop,1073,2574,31.393,2.400,4.934e-16,-,0
1302,1,z:r2c,nat-oop,1087,2558,30.983,2.353,4.934e-16,-,1
1304,1,z:r2c,nat-oop,4964,4795,6.796,0.966,6.847e-16,-,0
1304,1,z:r2c,nat-oop,4952,4785,6.813,0.966,6.847e-16,-,1
1306,1,z:r2c,nat-oop,4913,4788,6.879,0.975,4.895e-16,-,0
1306,1,z:r2c,nat-oop,5037,4789,6.709,0.951,4.895e-16,-,1
1308,1,z:r2c,nat-oop,5032,4775,6.728,0.949,5.009e-16,-,0
1308,1,z:r2c,nat-oop,5034,4778,6.725,0.949,5.009e-16,-,1
1310,1,z:r2c,nat-oop,5021,4769,6.754,0.950,6.525e-16,-,0
1310,1,z:r2c,nat-oop,4967,4782,6.828,0.963,6.525e-16,-,1
1312,1,z:r2c,nat-oop,1252,4251,27.136,3.396,6.377e-16,-,0
1312,1,z:r2c,nat-oop,1123,4131,30.249,3.678,6.377e-16,-,1
1314,1,z:r2c,nat-oop,5029,5030,6.766,1.000,7.119e-16,-,0
1314,1,z:r2c,nat-oop,4924,5029,6.911,1.021,7.119e-16,-,1
1316,1,z:r2c,nat-oop,1763,3544,19.338,2.010,6.835e-16,-,0
1316,1,z:r2c,nat-oop,1826,3540,18.669,1.938,6.835e-16,-,1
1318,1,z:r2c,nat-oop,5267,4794,6.484,0.910,5.905e-16,-,0
1318,1,z:r2c,nat-oop,5002,4803,6.828,0.960,5.905e-16,-,1
1320,1,z:r2c,nat-oop,884,2537,38.693,2.869,5.899e-16,-,0
1320,1,z:r2c,nat-oop,975,2509,35.085,2.573,5.899e-16,-,1
1322,1,z:r2c,nat-oop,3157,4790,10.855,1.517,9.602e-16,-,0
1322,1,z:r2c,nat-oop,3173,4755,10.801,1.499,9.602e-16,-,1
1324,1,z:r2c,nat-oop,5129,4770,6.693,0.930,6.920e-16,-,0
1324,1,z:r2c,nat-oop,5135,4806,6.685,0.936,6.920e-16,-,1
1326,1,z:r2c,nat-oop,1185,2328,29.028,1.965,7.754e-16,-,0
1326,1,z:r2c,nat-oop,1212,2346,28.368,1.936,7.754e-16,-,1
1328,1,z:r2c,nat-oop,5005,6832,6.882,1.365,5.911e-16,-,0
1328,1,z:r2c,nat-oop,5028,6829,6.851,1.358,5.911e-16,-,1
1330,1,z:r2c,nat-oop,1155,1908,29.881,1.652,6.202e-16,-,0
1330,1,z:r2c,nat-oop,1158,1906,29.809,1.647,6.202e-16,-,1
1332,1,z:r2c,nat-oop,1434,3821,24.096,2.664,7.112e-16,-,0
1332,1,z:r2c,nat-oop,1473,3815,23.470,2.590,7.112e-16,-,1
1334,1,z:r2c,nat-oop,1383,3771,25.043,2.727,7.060e-16,-,0
1334,1,z:r2c,nat-oop,1389,3794,24.922,2.731,7.060e-16,-,1
1336,1,z:r2c,nat-oop,5050,4808,6.868,0.952,4.409e-16,-,0
1336,1,z:r2c,nat-oop,4991,4785,6.948,0.959,4.409e-16,-,1
1338,1,z:r2c,nat-oop,5036,4784,6.898,0.950,4.932e-16,-,0
1338,1,z:r2c,nat-oop,5053,4752,6.875,0.940,4.932e-16,-,1
1340,1,z:r2c,nat-oop,4970,4854,7.002,0.977,6.254e-16,-,0
1340,1,z:r2c,nat-oop,5009,4850,6.947,0.968,6.254e-16,-,1
1342,1,z:r2c,nat-oop,4994,4842,6.981,0.970,7.247e-16,-,0
1342,1,z:r2c,nat-oop,5023,4891,6.940,0.974,7.247e-16,-,1
1344,1,z:r2c,nat-oop,692,2217,50.473,3.205,5.414e-16,-,0
1344,1,z:r2c,nat-oop,697,2215,50.107,3.179,5.414e-16,-,1
1346,1,z:r2c,nat-oop,2873,4784,12.176,1.665,9.315e-16,-,0
1346,1,z:r2c,nat-oop,2660,4774,13.149,1.795,9.315e-16,-,1
1348,1,z:r2c,nat-oop,4992,4775,7.018,0.957,5.162e-16,-,0
1348,1,z:r2c,nat-oop,5024,4765,6.974,0.949,5.162e-16,-,1
1350,1,z:r2c,nat-oop,997,1885,35.185,1.889,6.982e-16,-,0
1350,1,z:r2c,nat-oop,979,2015,35.858,2.059,6.982e-16,-,1
1352,1,z:r2c,nat-oop,1108,2677,31.730,2.416,9.344e-16,-,0
1352,1,z:r2c,nat-oop,1117,2683,31.480,2.403,9.344e-16,-,1
1354,1,z:r2c,nat-oop,3204,4786,10.992,1.494,8.499e-16,-,0
1354,1,z:r2c,nat-oop,3256,4795,10.815,1.473,8.499e-16,-,1
1356,1,z:r2c,nat-oop,5061,4813,6.970,0.951,6.106e-16,-,0
1356,1,z:r2c,nat-oop,5049,4807,6.986,0.952,6.106e-16,-,1
1358,1,z:r2c,nat-oop,4981,6555,7.094,1.316,1.053e-15,-,0
1358,1,z:r2c,nat-oop,5001,6587,7.066,1.317,1.053e-15,-,1
1360,1,z:r2c,nat-oop,1023,2885,34.608,2.821,5.903e-16,-,0
1360,1,z:r2c,nat-oop,1007,2867,35.130,2.845,5.903e-16,-,1
1362,1,z:r2c,nat-oop,5057,4820,7.011,0.953,5.326e-16,-,0
1362,1,z:r2c,nat-oop,4946,4775,7.168,0.965,5.326e-16,-,1
1364,1,z:r2c,nat-oop,1529,3322,23.230,2.173,8.331e-16,-,0
1364,1,z:r2c,nat-oop,1525,3325,23.289,2.181,8.331e-16,-,1
1366,1,z:r2c,nat-oop,4989,4772,7.130,0.956,6.546e-16,-,0
1366,1,z:r2c,nat-oop,4935,4812,7.208,0.975,6.546e-16,-,1
1368,1,z:r2c,nat-oop,1099,3079,32.431,2.803,5.943e-16,-,0
1368,1,z:r2c,nat-oop,1140,3113,31.245,2.730,5.943e-16,-,1
1370,1,z:r2c,nat-oop,4996,4830,7.144,0.967,4.312e-16,-,0
1370,1,z:r2c,nat-oop,5070,4814,7.039,0.949,4.312e-16,-,1
1372,1,z:r2c,nat-oop,1134,1320,31.527,1.164,5.077e-16,-,0
1372,1,z:r2c,nat-oop,1143,1321,31.288,1.156,5.077e-16,-,1
1374,1,z:r2c,nat-oop,5092,4799,7.031,0.942,4.810e-16,-,0
1374,1,z:r2c,nat-oop,5060,4811,7.076,0.951,4.810e-16,-,1
1376,1,z:r2c,nat-oop,1166,4583,30.760,3.930,5.626e-16,-,0
1376,1,z:r2c,nat-oop,1169,4588,30.688,3.926,5.626e-16,-,1
1378,1,z:r2c,nat-oop,5008,4505,7.173,0.900,5.538e-16,-,0
1378,1,z:r2c,nat-oop,5060,4513,7.100,0.892,5.538e-16,-,1
1380,1,z:r2c,nat-oop,1249,3183,28.810,2.548,6.793e-16,-,0
1380,1,z:r2c,nat-oop,1261,3194,28.543,2.534,6.793e-16,-,1
1382,1,z:r2c,nat-oop,3668,4782,9.827,1.304,8.357e-16,-,0
1382,1,z:r2c,nat-oop,3685,4820,9.782,1.308,8.357e-16,-,1
1384,1,z:r2c,nat-oop,5425,4844,6.655,0.893,5.617e-16,-,0
1384,1,z:r2c,nat-oop,5150,4812,7.010,0.934,5.617e-16,-,1
1386,1,z:r2c,nat-oop,1077,2108,33.577,1.958,7.058e-16,-,0
1386,1,z:r2c,nat-oop,1084,2089,33.347,1.926,7.058e-16,-,1
1388,1,z:r2c,nat-oop,5023,4796,7.211,0.955,5.344e-16,-,0
1388,1,z:r2c,nat-oop,5033,4816,7.196,0.957,5.344e-16,-,1
1390,1,z:r2c,nat-oop,5000,4821,7.257,0.964,5.220e-16,-,0
1390,1,z:r2c,nat-oop,5001,4818,7.255,0.963,5.220e-16,-,1
1392,1,z:r2c,nat-oop,1326,3727,27.407,2.810,6.853e-16,-,0
1392,1,z:r2c,nat-oop,1344,3729,27.049,2.775,6.853e-16,-,1
1394,1,z:r2c,nat-oop,1427,4082,25.507,2.860,7.516e-16,-,0
1394,1,z:r2c,nat-oop,1414,4098,25.748,2.899,7.516e-16,-,1
1396,1,z:r2c,nat-oop,5036,4822,7.240,0.957,5.393e-16,-,0
1396,1,z:r2c,nat-oop,5144,4797,7.088,0.932,5.393e-16,-,1
1398,1,z:r2c,nat-oop,5046,4803,7.237,0.952,6.297e-16,-,0
1398,1,z:r2c,nat-oop,4974,4828,7.343,0.971,6.297e-16,-,1
1400,1,z:r2c,nat-oop,942,2116,38.846,2.247,4.904e-16,-,0
1400,1,z:r2c,nat-oop,934,2130,39.177,2.282,4.904e-16,-,1
1402,1,z:r2c,nat-oop,4106,4797,8.922,1.168,7.558e-16,-,0
1402,1,z:r2c,nat-oop,3771,4806,9.716,1.274,7.558e-16,-,1
1404,1,z:r2c,nat-oop,1124,2648,32.653,2.356,5.080e-16,-,0
1404,1,z:r2c,nat-oop,1200,2648,30.585,2.207,5.080e-16,-,1
1406,1,z:r2c,nat-oop,1420,4147,25.877,2.919,6.036e-16,-,0
1406,1,z:r2c,nat-oop,1408,4158,26.114,2.954,6.036e-16,-,1
1408,1,z:r2c,nat-oop,847,2797,43.493,3.304,5.143e-16,-,0
1408,1,z:r2c,nat-oop,876,2824,42.014,3.223,5.143e-16,-,1
1410,1,z:r2c,nat-oop,1456,3768,25.322,2.587,5.855e-16,-,0
1410,1,z:r2c,nat-oop,1445,3806,25.522,2.634,5.855e-16,-,1
1412,1,z:r2c,nat-oop,5003,4830,7.383,0.965,4.273e-16,-,0
1412,1,z:r2c,nat-oop,4997,4832,7.391,0.967,4.273e-16,-,1
1414,1,z:r2c,nat-oop,5052,4821,7.323,0.954,4.073e-16,-,0
1414,1,z:r2c,nat-oop,6539,4838,5.658,0.740,4.073e-16,-,1
1416,1,z:r2c,nat-oop,4954,5696,7.480,1.150,7.165e-16,-,0
1416,1,z:r2c,nat-oop,4949,5633,7.488,1.138,7.165e-16,-,1
1418,1,z:r2c,nat-oop,5024,4833,7.387,0.962,5.649e-16,-,0
1418,1,z:r2c,nat-oop,5052,4839,7.347,0.958,5.649e-16,-,1
1420,1,z:r2c,nat-oop,4987,5488,7.454,1.100,5.670e-16,-,0
1420,1,z:r2c,nat-oop,5000,5546,7.436,1.109,5.670e-16,-,1
1422,1,z:r2c,nat-oop,5075,6020,7.337,1.186,5.981e-16,-,0
1422,1,z:r2c,nat-oop,5064,6011,7.353,1.187,5.981e-16,-,1
1424,1,z:r2c,nat-oop,5162,7662,7.225,1.484,7.214e-16,-,0
1424,1,z:r2c,nat-oop,5307,7664,7.027,1.444,7.214e-16,-,1
1426,1,z:r2c,nat-oop,1581,4269,23.621,2.700,1.026e-15,-,0
1426,1,z:r2c,nat-oop,1613,4268,23.151,2.645,1.026e-15,-,1
1428,1,z:r2c,nat-oop,1277,2405,29.294,1.883,5.740e-16,-,0
1428,1,z:r2c,nat-oop,1284,2399,29.143,1.869,5.740e-16,-,1
1430,1,z:r2c,nat-oop,1177,2231,31.840,1.895,8.400e-16,-,0
1430,1,z:r2c,nat-oop,1142,2213,32.811,1.937,8.400e-16,-,1
1432,1,z:r2c,nat-oop,5092,4837,7.371,0.950,5.017e-16,-,0
1432,1,z:r2c,nat-oop,5038,4831,7.449,0.959,5.017e-16,-,1
1434,1,z:r2c,nat-oop,5087,4828,7.389,0.949,5.740e-16,-,0
1434,1,z:r2c,nat-oop,5048,4863,7.447,0.963,5.740e-16,-,1
1436,1,z:r2c,nat-oop,5075,4822,7.419,0.950,4.937e-16,-,0
1436,1,z:r2c,nat-oop,5003,4835,7.526,0.967,4.937e-16,-,1
1438,1,z:r2c,nat-oop,5018,4829,7.515,0.962,5.802e-16,-,0
1438,1,z:r2c,nat-oop,5029,4871,7.498,0.969,5.802e-16,-,1
1440,1,z:r2c,nat-oop,915,2465,41.291,2.695,3.904e-16,-,0
1440,1,z:r2c,nat-oop,911,2415,41.456,2.650,3.904e-16,-,1
1442,1,z:r2c,nat-oop,5077,4860,7.452,0.957,5.143e-16,-,0
1442,1,z:r2c,nat-oop,5102,4843,7.415,0.949,5.143e-16,-,1
1444,1,z:r2c,nat-oop,1494,3440,25.369,2.303,1.527e-15,-,0
1444,1,z:r2c,nat-oop,1462,3410,25.917,2.332,1.527e-15,-,1
1446,1,z:r2c,nat-oop,4983,4869,7.616,0.977,5.205e-16,-,0
1446,1,z:r2c,nat-oop,5123,4863,7.407,0.949,5.205e-16,-,1
1448,1,z:r2c,nat-oop,5050,4852,7.527,0.961,5.263e-16,-,0
1448,1,z:r2c,nat-oop,5052,4804,7.523,0.951,5.263e-16,-,1
1450,1,z:r2c,nat-oop,1213,2633,31.378,2.171,5.806e-16,-,0
1450,1,z:r2c,nat-oop,1209,2624,31.496,2.171,5.806e-16,-,1
1452,1,z:r2c,nat-oop,1226,2784,31.088,2.270,5.130e-16,-,0
1452,1,z:r2c,nat-oop,1423,2791,26.789,1.961,5.130e-16,-,1
1454,1,z:r2c,nat-oop,3385,4821,11.281,1.424,5.808e-16,-,0
1454,1,z:r2c,nat-oop,3387,4818,11.274,1.422,5.808e-16,-,1
1456,1,z:r2c,nat-oop,1134,2857,33.737,2.520,6.332e-16,-,0
1456,1,z:r2c,nat-oop,1069,2865,35.779,2.680,6.332e-16,-,1
1458,1,z:r2c,nat-oop,1022,2350,37.495,2.300,4.816e-16,-,0
1458,1,z:r2c,nat-oop,1033,2295,37.089,2.222,4.816e-16,-,1
1460,1,z:r2c,nat-oop,5050,5650,7.598,1.119,7.409e-16,-,0
1460,1,z:r2c,nat-oop,5026,5641,7.634,1.123,7.409e-16,-,1
1462,1,z:r2c,nat-oop,1576,4520,24.382,2.868,5.592e-16,-,0
1462,1,z:r2c,nat-oop,1572,4537,24.449,2.887,5.592e-16,-,1
1464,1,z:r2c,nat-oop,5019,5955,7.668,1.186,6.100e-16,-,0
1464,1,z:r2c,nat-oop,4976,5959,7.734,1.197,6.100e-16,-,1
1466,1,z:r2c,nat-oop,5026,4875,7.669,0.970,5.881e-16,-,0
1466,1,z:r2c,nat-oop,4981,4822,7.739,0.968,5.881e-16,-,1
1468,1,z:r2c,nat-oop,4956,4837,7.790,0.976,9.134e-16,-,0
1468,1,z:r2c,nat-oop,5001,4848,7.720,0.970,9.134e-16,-,1
1470,1,z:r2c,nat-oop,1113,1521,34.740,1.367,7.101e-16,-,0
1470,1,z:r2c,nat-oop,1121,1496,34.490,1.335,7.101e-16,-,1
1472,1,z:r2c,nat-oop,979,3705,39.553,3.784,6.142e-16,-,0
1472,1,z:r2c,nat-oop,986,3702,39.283,3.756,6.142e-16,-,1
1474,1,z:r2c,nat-oop,5057,5807,7.669,1.148,7.896e-16,-,0
1474,1,z:r2c,nat-oop,5069,5827,7.652,1.150,7.896e-16,-,1
1476,1,z:r2c,nat-oop,1803,4469,21.540,2.478,5.982e-16,-,0
1476,1,z:r2c,nat-oop,1812,4462,21.441,2.463,5.982e-16,-,1
1478,1,z:r2c,nat-oop,5093,4871,7.640,0.956,5.444e-16,-,0
1478,1,z:r2c,nat-oop,5078,4860,7.662,0.957,5.444e-16,-,1
1480,1,z:r2c,nat-oop,1409,4350,27.648,3.086,4.358e-16,-,0
1480,1,z:r2c,nat-oop,1411,4348,27.616,3.082,4.358e-16,-,1
1482,1,z:r2c,nat-oop,1525,2907,25.590,1.906,1.056e-15,-,0
1482,1,z:r2c,nat-oop,1436,2918,27.176,2.032,1.056e-15,-,1
1484,1,z:r2c,nat-oop,5061,4336,7.722,0.857,8.062e-16,-,0
1484,1,z:r2c,nat-oop,5080,4330,7.694,0.852,8.062e-16,-,1
1486,1,z:r2c,nat-oop,5101,4848,7.673,0.950,6.775e-16,-,0
1486,1,z:r2c,nat-oop,5084,4834,7.700,0.951,6.775e-16,-,1
1488,1,z:r2c,nat-oop,1430,4235,27.408,2.961,5.532e-16,-,0
1488,1,z:r2c,nat-oop,1469,4236,26.687,2.884,5.532e-16,-,1
1490,1,z:r2c,nat-oop,6149,4896,6.385,0.796,7.173e-16,-,0
1490,1,z:r2c,nat-oop,5072,4826,7.742,0.952,7.173e-16,-,1
1492,1,z:r2c,nat-oop,4958,4816,7.932,0.971,6.668e-16,-,0
1492,1,z:r2c,nat-oop,5078,4885,7.744,0.962,6.668e-16,-,1
1494,1,z:r2c,nat-oop,5044,6560,7.808,1.300,6.397e-16,-,0
1494,1,z:r2c,nat-oop,5039,6528,7.816,1.295,6.397e-16,-,1
1496,1,z:r2c,nat-oop,1252,3142,31.496,2.508,9.314e-16,-,0
1496,1,z:r2c,nat-oop,1248,3161,31.615,2.534,9.314e-16,-,1
1498,1,z:r2c,nat-oop,4977,4854,7.937,0.975,7.067e-16,-,0
1498,1,z:r2c,nat-oop,5075,4882,7.784,0.962,7.067e-16,-,1
1500,1,z:r2c,nat-oop,1143,2255,34.603,1.972,5.075e-16,-,0
1500,1,z:r2c,nat-oop,1186,2254,33.350,1.900,5.075e-16,-,1
1502,1,z:r2c,nat-oop,4070,4836,9.735,1.188,8.569e-16,-,0
1502,1,z:r2c,nat-oop,4305,4834,9.204,1.123,8.569e-16,-,1
1504,1,z:r2c,nat-oop,1367,5349,29.024,3.912,5.817e-16,-,0
1504,1,z:r2c,nat-oop,1399,5347,28.363,3.821,5.817e-16,-,1
1506,1,z:r2c,nat-oop,4996,4860,7.955,0.973,6.908e-16,-,0
1506,1,z:r2c,nat-oop,5093,4839,7.803,0.950,6.908e-16,-,1
1508,1,z:r2c,nat-oop,1680,3567,23.701,2.124,8.113e-16,-,0
1508,1,z:r2c,nat-oop,1732,3573,22.977,2.062,8.113e-16,-,1
1510,1,z:r2c,nat-oop,4995,4852,7.982,0.971,5.969e-16,-,0
1510,1,z:r2c,nat-oop,5050,4864,7.894,0.963,5.969e-16,-,1
1512,1,z:r2c,nat-oop,950,2446,42.017,2.574,5.250e-16,-,0
1512,1,z:r2c,nat-oop,966,2452,41.315,2.538,5.250e-16,-,1
1514,1,z:r2c,nat-oop,4834,4858,8.272,1.005,1.038e-15,-,0
1514,1,z:r2c,nat-oop,4821,4859,8.294,1.008,1.038e-15,-,1
1516,1,z:r2c,nat-oop,5055,4877,7.922,0.965,5.872e-16,-,0
1516,1,z:r2c,nat-oop,4966,4866,8.065,0.980,5.872e-16,-,1
1518,1,z:r2c,nat-oop,1539,3223,26.054,2.094,8.737e-16,-,0
1518,1,z:r2c,nat-oop,1587,3324,25.267,2.094,8.737e-16,-,1
1520,1,z:r2c,nat-oop,1177,3462,34.123,2.941,6.098e-16,-,0
1520,1,z:r2c,nat-oop,1231,3619,32.623,2.940,6.098e-16,-,1
1522,1,z:r2c,nat-oop,3685,4887,10.916,1.326,7.694e-16,-,0
1522,1,z:r2c,nat-oop,3696,4852,10.884,1.313,7.694e-16,-,1
1524,1,z:r2c,nat-oop,5099,4869,7.901,0.955,4.694e-16,-,0
1524,1,z:r2c,nat-oop,5053,4898,7.973,0.969,4.694e-16,-,1
1526,1,z:r2c,nat-oop,4972,4854,8.115,0.976,5.961e-16,-,0
1526,1,z:r2c,nat-oop,5047,4910,7.994,0.973,5.961e-16,-,1
1528,1,z:r2c,nat-oop,4985,4869,8.106,0.977,5.370e-16,-,0
1528,1,z:r2c,nat-oop,5022,4890,8.045,0.974,5.370e-16,-,1
1530,1,z:r2c,nat-oop,1317,2888,30.727,2.193,6.988e-16,-,0
1530,1,z:r2c,nat-oop,1318,2880,30.692,2.184,6.988e-16,-,1
1532,1,z:r2c,nat-oop,5329,4909,7.604,0.921,7.074e-16,-,0
1532,1,z:r2c,nat-oop,5252,4891,7.716,0.931,7.074e-16,-,1
1534,1,z:r2c,nat-oop,5090,5543,7.973,1.089,5.067e-16,-,0
1534,1,z:r2c,nat-oop,5168,5516,7.854,1.067,5.067e-16,-,1
1536,1,z:r2c,nat-oop,751,2844,54.126,3.788,5.586e-16,-,0
1536,1,z:r2c,nat-oop,752,2845,54.065,3.784,5.586e-16,-,1
1538,1,z:r2c,nat-oop,2504,4907,16.256,1.959,7.727e-16,-,0
1538,1,z:r2c,nat-oop,2594,4907,15.690,1.891,7.727e-16,-,1
1540,1,z:r2c,nat-oop,1162,2262,35.073,1.946,6.575e-16,-,0
1540,1,z:r2c,nat-oop,1222,2245,33.374,1.838,6.575e-16,-,1
1542,1,z:r2c,nat-oop,5021,4857,8.131,0.967,5.167e-16,-,0
1542,1,z:r2c,nat-oop,5028,4902,8.120,0.975,5.167e-16,-,1
1544,1,z:r2c,nat-oop,5074,4882,8.059,0.962,7.125e-16,-,0
1544,1,z:r2c,nat-oop,4990,4878,8.194,0.978,7.125e-16,-,1
1546,1,z:r2c,nat-oop,5246,4880,7.805,0.930,7.310e-16,-,0
1546,1,z:r2c,nat-oop,5227,4901,7.834,0.938,7.310e-16,-,1
1548,1,z:r2c,nat-oop,1954,5031,20.987,2.575,6.240e-16,-,0
1548,1,z:r2c,nat-oop,1923,4916,21.328,2.557,6.240e-16,-,1
1550,1,z:r2c,nat-oop,1311,3063,31.326,2.336,6.032e-16,-,0
1550,1,z:r2c,nat-oop,1323,3066,31.037,2.317,6.032e-16,-,1
1552,1,z:r2c,nat-oop,4974,8910,8.269,1.791,5.776e-16,-,0
1552,1,z:r2c,nat-oop,6376,8916,6.450,1.398,5.776e-16,-,1
1554,1,z:r2c,nat-oop,1411,3361,29.190,2.382,7.120e-16,-,0
1554,1,z:r2c,nat-oop,1391,3372,29.618,2.425,7.120e-16,-,1
1556,1,z:r2c,nat-oop,5091,4885,8.101,0.960,6.967e-16,-,0
1556,1,z:r2c,nat-oop,5103,4893,8.084,0.959,6.967e-16,-,1
1558,1,z:r2c,nat-oop,1647,4831,25.080,2.933,6.195e-16,-,0
1558,1,z:r2c,nat-oop,1656,4831,24.940,2.917,6.195e-16,-,1
1560,1,z:r2c,nat-oop,1110,3057,37.262,2.753,6.171e-16,-,0
1560,1,z:r2c,nat-oop,1092,3068,37.890,2.810,6.171e-16,-,1
1562,1,z:r2c,nat-oop,5043,6504,8.216,1.290,6.248e-16,-,0
1562,1,z:r2c,nat-oop,5035,6534,8.228,1.298,6.248e-16,-,1
1564,1,z:r2c,nat-oop,1687,3827,24.599,2.269,1.641e-15,-,0
1564,1,z:r2c,nat-oop,1687,3787,24.592,2.245,1.641e-15,-,1
1566,1,z:r2c,nat-oop,1322,3842,31.441,2.907,6.546e-16,-,0
1566,1,z:r2c,nat-oop,1322,3906,31.427,2.954,6.546e-16,-,1
1568,1,z:r2c,nat-oop,993,2537,41.899,2.555,3.619e-16,-,0
1568,1,z:r2c,nat-oop,998,2549,41.700,2.554,3.619e-16,-,1
1570,1,z:r2c,nat-oop,5068,4855,8.222,0.958,5.839e-16,-,0
1570,1,z:r2c,nat-oop,5103,4880,8.166,0.956,5.839e-16,-,1
1572,1,z:r2c,nat-oop,5107,4879,8.171,0.955,5.769e-16,-,0
1572,1,z:r2c,nat-oop,4998,4936,8.350,0.988,5.769e-16,-,1
1574,1,z:r2c,nat-oop,5090,4942,8.211,0.971,5.866e-16,-,0
1574,1,z:r2c,nat-oop,5053,4906,8.270,0.971,5.866e-16,-,1
1576,1,z:r2c,nat-oop,5021,4906,8.335,0.977,4.686e-16,-,0
1576,1,z:r2c,nat-oop,5103,4898,8.201,0.960,4.686e-16,-,1
1578,1,z:r2c,nat-oop,5070,4920,8.266,0.970,6.771e-16,-,0
1578,1,z:r2c,nat-oop,5088,5018,8.237,0.986,6.771e-16,-,1
1580,1,z:r2c,nat-oop,5096,6754,8.236,1.325,5.660e-16,-,0
1580,1,z:r2c,nat-oop,6520,6737,6.437,1.033,5.660e-16,-,1
1582,1,z:r2c,nat-oop,5105,4878,8.234,0.955,6.365e-16,-,0
1582,1,z:r2c,nat-oop,5076,4871,8.280,0.960,6.365e-16,-,1
1584,1,z:r2c,nat-oop,1095,3096,38.435,2.827,6.041e-16,-,0
1584,1,z:r2c,nat-oop,1045,3111,40.296,2.978,6.041e-16,-,1
1586,1,z:r2c,nat-oop,5086,5858,8.288,1.152,5.502e-16,-,0
1586,1,z:r2c,nat-oop,5113,5852,8.244,1.144,5.502e-16,-,1
1588,1,z:r2c,nat-oop,5109,4876,8.262,0.954,6.242e-16,-,0
1588,1,z:r2c,nat-oop,5076,4888,8.317,0.963,6.242e-16,-,1
1590,1,z:r2c,nat-oop,5070,4672,8.338,0.922,7.193e-16,-,0
1590,1,z:r2c,nat-oop,5110,4598,8.272,0.900,7.193e-16,-,1
1592,1,z:r2c,nat-oop,5098,4903,8.305,0.962,5.820e-16,-,0
1592,1,z:r2c,nat-oop,5084,4924,8.327,0.969,5.820e-16,-,1
1594,1,z:r2c,nat-oop,5101,4906,8.310,0.962,5.725e-16,-,0
1594,1,z:r2c,nat-oop,5092,4899,8.326,0.962,5.725e-16,-,1
1596,1,z:r2c,nat-oop,1516,3023,28.000,1.994,7.165e-16,-,0
1596,1,z:r2c,nat-oop,1519,3209,27.944,2.112,7.165e-16,-,1
1598,1,z:r2c,nat-oop,1796,5313,23.676,2.959,5.261e-16,-,0
1598,1,z:r2c,nat-oop,1837,5331,23.145,2.902,5.261e-16,-,1
1600,1,z:r2c,nat-oop,820,2657,51.901,3.240,4.891e-16,-,0
1600,1,z:r2c,nat-oop,818,2674,52.067,3.271,4.891e-16,-,1
1602,1,z:r2c,nat-oop,5093,7309,8.372,1.435,6.643e-16,-,0
1602,1,z:r2c,nat-oop,5062,7339,8.422,1.450,6.643e-16,-,1
1604,1,z:r2c,nat-oop,5009,4907,8.524,0.980,5.453e-16,-,0
1604,1,z:r2c,nat-oop,5052,4926,8.451,0.975,5.453e-16,-,1
1606,1,z:r2c,nat-oop,5104,6680,8.378,1.309,7.686e-16,-,0
1606,1,z:r2c,nat-oop,5008,6661,8.537,1.330,7.686e-16,-,1
1608,1,z:r2c,nat-oop,5056,7095,8.469,1.403,5.065e-16,-,0
1608,1,z:r2c,nat-oop,5076,7106,8.434,1.400,5.065e-16,-,1
1610,1,z:r2c,nat-oop,1608,2655,26.665,1.651,4.289e-16,-,0
1610,1,z:r2c,nat-oop,1629,2748,26.326,1.687,4.289e-16,-,1
1612,1,z:r2c,nat-oop,2017,4094,21.287,2.030,9.362e-16,-,0
1612,1,z:r2c,nat-oop,1919,4155,22.376,2.165,9.362e-16,-,1
1614,1,z:r2c,nat-oop,5005,4924,8.591,0.984,4.656e-16,-,0
1614,1,z:r2c,nat-oop,5025,4929,8.557,0.981,4.656e-16,-,1
1616,1,z:r2c,nat-oop,5471,4875,7.871,0.891,6.291e-16,-,0
1616,1,z:r2c,nat-oop,5246,4905,8.209,0.935,6.291e-16,-,1
1618,1,z:r2c,nat-oop,5089,4899,8.473,0.963,6.904e-16,-,0
1618,1,z:r2c,nat-oop,5066,4913,8.512,0.970,6.904e-16,-,1
1620,1,z:r2c,nat-oop,1272,2619,33.951,2.059,5.571e-16,-,0
1620,1,z:r2c,nat-oop,1271,2614,33.973,2.056,5.571e-16,-,1
1622,1,z:r2c,nat-oop,5009,4925,8.633,0.983,6.014e-16,-,0
1622,1,z:r2c,nat-oop,5044,4915,8.573,0.975,6.014e-16,-,1
1624,1,z:r2c,nat-oop,1640,4100,26.408,2.500,5.942e-16,-,0
1624,1,z:r2c,nat-oop,1606,4208,26.958,2.620,5.942e-16,-,1
1626,1,z:r2c,nat-oop,5028,4933,8.625,0.981,7.247e-16,-,0
1626,1,z:r2c,nat-oop,5076,4932,8.542,0.972,7.247e-16,-,1
1628,1,z:r2c,nat-oop,2060,4374,21.081,2.124,1.640e-15,-,0
1628,1,z:r2c,nat-oop,2091,4370,20.771,2.091,1.640e-15,-,1
1630,1,z:r2c,nat-oop,5141,4917,8.458,0.956,5.589e-16,-,0
1630,1,z:r2c,nat-oop,5078,4926,8.563,0.970,5.589e-16,-,1
1632,1,z:r2c,nat-oop,1287,3526,33.824,2.739,6.816e-16,-,0
1632,1,z:r2c,nat-oop,1318,3526,33.048,2.676,6.816e-16,-,1
1634,1,z:r2c,nat-oop,1832,5350,23.806,2.921,6.186e-16,-,0
1634,1,z:r2c,nat-oop,1831,5497,23.814,3.002,6.186e-16,-,1
1636,1,z:r2c,nat-oop,5037,4960,8.669,0.985,5.429e-16,-,0
1636,1,z:r2c,nat-oop,5043,4938,8.658,0.979,5.429e-16,-,1
1638,1,z:r2c,nat-oop,1315,2632,33.256,2.002,6.320e-16,-,0
1638,1,z:r2c,nat-oop,1320,2584,33.118,1.957,6.320e-16,-,1
1640,1,z:r2c,nat-oop,1677,5075,26.115,3.027,6.449e-16,-,0
1640,1,z:r2c,nat-oop,1659,5053,26.400,3.046,6.449e-16,-,1
1642,1,z:r2c,nat-oop,5139,4920,8.532,0.957,5.344e-16,-,0
1642,1,z:r2c,nat-oop,5095,4914,8.607,0.965,5.344e-16,-,1
1644,1,z:r2c,nat-oop,5138,4941,8.546,0.962,6.721e-16,-,0
1644,1,z:r2c,nat-oop,5063,4927,8.672,0.973,6.721e-16,-,1
1646,1,z:r2c,nat-oop,5306,4908,8.286,0.925,7.024e-16,-,0
1646,1,z:r2c,nat-oop,5304,4903,8.289,0.924,7.024e-16,-,1
1648,1,z:r2c,nat-oop,5094,4926,8.644,0.967,5.708e-16,-,0
1648,1,z:r2c,nat-oop,5135,4906,8.574,0.955,5.708e-16,-,1
1650,1,z:r2c,nat-oop,1355,2693,32.538,1.988,6.207e-16,-,0
1650,1,z:r2c,nat-oop,1299,2690,33.943,2.071,6.207e-16,-,1
1652,1,z:r2c,nat-oop,5027,5411,8.783,1.076,5.524e-16,-,0
1652,1,z:r2c,nat-oop,5016,5360,8.801,1.068,5.524e-16,-,1
1654,1,z:r2c,nat-oop,5069,4956,8.723,0.978,5.461e-16,-,0
1654,1,z:r2c,nat-oop,5107,4954,8.657,0.970,5.461e-16,-,1
1656,1,z:r2c,nat-oop,1432,4265,30.908,2.978,7.419e-16,-,0
1656,1,z:r2c,nat-oop,1432,4121,30.924,2.879,7.419e-16,-,1
1658,1,z:r2c,nat-oop,4818,4904,9.201,1.018,8.542e-16,-,0
1658,1,z:r2c,nat-oop,4726,4961,9.381,1.050,8.542e-16,-,1
1660,1,z:r2c,nat-oop,5060,7318,8.773,1.446,5.067e-16,-,0
1660,1,z:r2c,nat-oop,5047,7319,8.796,1.450,5.067e-16,-,1
1662,1,z:r2c,nat-oop,5092,4954,8.729,0.973,6.670e-16,-,0
1662,1,z:r2c,nat-oop,5089,4957,8.736,0.974,6.670e-16,-,1
1664,1,z:r2c,nat-oop,1024,3407,43.486,3.328,5.912e-16,-,0
1664,1,z:r2c,nat-oop,1018,3401,43.729,3.341,5.912e-16,-,1
1666,1,z:r2c,nat-oop,1524,2304,29.243,1.511,6.841e-16,-,0
1666,1,z:r2c,nat-oop,1638,2126,27.209,1.298,6.841e-16,-,1
1668,1,z:r2c,nat-oop,5057,4919,8.827,0.973,6.187e-16,-,0
1668,1,z:r2c,nat-oop,5040,4963,8.855,0.985,6.187e-16,-,1
1670,1,z:r2c,nat-oop,5101,4933,8.762,0.967,5.673e-16,-,0
1670,1,z:r2c,nat-oop,5113,4947,8.741,0.967,5.673e-16,-,1
1672,1,z:r2c,nat-oop,1542,3820,29.034,2.478,9.939e-16,-,0
1672,1,z:r2c,nat-oop,1571,3840,28.483,2.444,9.939e-16,-,1
1674,1,z:r2c,nat-oop,1442,4443,31.076,3.081,7.789e-16,-,0
1674,1,z:r2c,nat-oop,1427,4364,31.397,3.057,7.789e-16,-,1
1676,1,z:r2c,nat-oop,5042,4970,8.901,0.986,5.575e-16,-,0
1676,1,z:r2c,nat-oop,5090,4927,8.818,0.968,5.575e-16,-,1
1678,1,z:r2c,nat-oop,5046,4939,8.906,0.979,6.976e-16,-,0
1678,1,z:r2c,nat-oop,5053,4953,8.894,0.980,6.976e-16,-,1
1680,1,z:r2c,nat-oop,1048,2731,42.934,2.605,7.345e-16,-,0
1680,1,z:r2c,nat-oop,1087,2721,41.392,2.503,7.345e-16,-,1
1682,1,z:r2c,nat-oop,2764,5078,16.303,1.837,5.732e-16,-,0
1682,1,z:r2c,nat-oop,2456,5104,18.348,2.078,5.732e-16,-,1
1684,1,z:r2c,nat-oop,5018,4951,8.993,0.987,5.853e-16,-,0
1684,1,z:r2c,nat-oop,5036,4966,8.959,0.986,5.853e-16,-,1
1686,1,z:r2c,nat-oop,5124,4936,8.818,0.963,7.238e-16,-,0
1686,1,z:r2c,nat-oop,5131,4938,8.805,0.962,7.238e-16,-,1
1688,1,z:r2c,nat-oop,5074,4944,8.916,0.974,6.139e-16,-,0
1688,1,z:r2c,nat-oop,5126,4923,8.826,0.960,6.139e-16,-,1
1690,1,z:r2c,nat-oop,1616,2827,28.027,1.749,7.578e-16,-,0
1690,1,z:r2c,nat-oop,1585,2841,28.583,1.792,7.578e-16,-,1
1692,1,z:r2c,nat-oop,2104,5816,21.557,2.764,6.151e-16,-,0
1692,1,z:r2c,nat-oop,2136,5792,21.242,2.712,6.151e-16,-,1
1694,1,z:r2c,nat-oop,1404,2610,32.353,1.859,7.427e-16,-,0
1694,1,z:r2c,nat-oop,1429,2639,31.780,1.846,7.427e-16,-,1
1696,1,z:r2c,nat-oop,5161,6387,8.813,1.238,5.304e-16,-,0
1696,1,z:r2c,nat-oop,5005,6387,9.088,1.276,5.304e-16,-,1
1698,1,z:r2c,nat-oop,5035,4940,9.046,0.981,6.477e-16,-,0
1698,1,z:r2c,nat-oop,5040,4954,9.038,0.983,6.477e-16,-,1
1700,1,z:r2c,nat-oop,1455,2756,31.341,1.894,4.839e-16,-,0
1700,1,z:r2c,nat-oop,1498,2720,30.443,1.816,4.839e-16,-,1
1702,1,z:r2c,nat-oop,2457,5443,18.589,2.216,6.117e-16,-,0
1702,1,z:r2c,nat-oop,1906,5433,23.959,2.850,6.117e-16,-,1
1704,1,z:r2c,nat-oop,6887,8011,6.640,1.163,6.427e-16,-,0
1704,1,z:r2c,nat-oop,5135,7919,8.905,1.542,6.427e-16,-,1
1706,1,z:r2c,nat-oop,5106,4977,8.968,0.975,4.192e-16,-,0
1706,1,z:r2c,nat-oop,6435,5342,7.116,0.830,4.192e-16,-,1
1708,1,z:r2c,nat-oop,5070,5742,9.043,1.133,6.348e-16,-,0
1708,1,z:r2c,nat-oop,5058,5692,9.065,1.125,6.348e-16,-,1
1710,1,z:r2c,nat-oop,1681,3576,27.313,2.127,4.996e-16,-,0
1710,1,z:r2c,nat-oop,1700,3523,27.012,2.073,4.996e-16,-,1
1712,1,z:r2c,nat-oop,5126,4924,8.969,0.961,7.903e-16,-,0
1712,1,z:r2c,nat-oop,5130,4948,8.961,0.964,7.903e-16,-,1
1714,1,z:r2c,nat-oop,5090,4935,9.043,0.969,5.122e-16,-,0
1714,1,z:r2c,nat-oop,5098,4946,9.030,0.970,5.122e-16,-,1
1716,1,z:r2c,nat-oop,1463,3484,31.506,2.381,6.732e-16,-,0
1716,1,z:r2c,nat-oop,1478,3479,31.187,2.354,6.732e-16,-,1
1718,1,z:r2c,nat-oop,3971,4978,11.624,1.254,1.138e-15,-,0
1718,1,z:r2c,nat-oop,4041,4960,11.422,1.227,1.138e-15,-,1
1720,1,z:r2c,nat-oop,1813,5592,25.486,3.084,6.890e-16,-,0
1720,1,z:r2c,nat-oop,1795,5592,25.741,3.114,6.890e-16,-,1
1722,1,z:r2c,nat-oop,1655,4007,27.966,2.421,6.912e-16,-,0
1722,1,z:r2c,nat-oop,1643,4002,28.170,2.436,6.912e-16,-,1
1724,1,z:r2c,nat-oop,5093,4975,9.099,0.977,6.843e-16,-,0
1724,1,z:r2c,nat-oop,5187,4961,8.933,0.956,6.843e-16,-,1
1726,1,z:r2c,nat-oop,5186,4981,8.947,0.960,4.582e-16,-,0
1726,1,z:r2c,nat-oop,5143,5000,9.022,0.972,4.582e-16,-,1
1728,1,z:r2c,nat-oop,910,3191,51.049,3.506,7.232e-16,-,0
1728,1,z:r2c,nat-oop,925,3187,50.235,3.446,7.232e-16,-,1
1730,1,z:r2c,nat-oop,5166,4980,9.005,0.964,5.878e-16,-,0
1730,1,z:r2c,nat-oop,5034,4937,9.242,0.981,5.878e-16,-,1
1732,1,z:r2c,nat-oop,5060,4931,9.207,0.975,6.699e-16,-,0
1732,1,z:r2c,nat-oop,5131,4968,9.078,0.968,6.699e-16,-,1
1734,1,z:r2c,nat-oop,1842,3606,25.327,1.958,1.050e-15,-,0
1734,1,z:r2c,nat-oop,1849,3572,25.233,1.932,1.050e-15,-,1
1736,1,z:r2c,nat-oop,1680,4668,27.805,2.779,5.539e-16,-,0
1736,1,z:r2c,nat-oop,1720,4724,27.160,2.747,5.539e-16,-,1
1738,1,z:r2c,nat-oop,5098,7888,9.173,1.547,7.077e-16,-,0
1738,1,z:r2c,nat-oop,5059,7866,9.244,1.555,7.077e-16,-,1
1740,1,z:r2c,nat-oop,1743,4485,26.871,2.574,6.846e-16,-,0
1740,1,z:r2c,nat-oop,1745,4392,26.829,2.516,6.846e-16,-,1
1742,1,z:r2c,nat-oop,5181,6986,9.049,1.348,7.779e-16,-,0
1742,1,z:r2c,nat-oop,5135,6961,9.130,1.355,7.779e-16,-,1
1744,1,z:r2c,nat-oop,5061,4954,9.276,0.979,4.870e-16,-,0
1744,1,z:r2c,nat-oop,5096,4966,9.213,0.975,4.870e-16,-,1
1746,1,z:r2c,nat-oop,5151,8653,9.127,1.680,6.370e-16,-,0
1746,1,z:r2c,nat-oop,5153,8667,9.123,1.682,6.370e-16,-,1
1748,1,z:r2c,nat-oop,2019,4571,23.315,2.264,1.088e-15,-,0
1748,1,z:r2c,nat-oop,2044,4754,23.035,2.327,1.088e-15,-,1
1750,1,z:r2c,nat-oop,1768,2159,26.666,1.222,6.053e-16,-,0
1750,1,z:r2c,nat-oop,1784,2218,26.414,1.243,6.053e-16,-,1
1752,1,z:r2c,nat-oop,5064,8173,9.320,1.614,6.663e-16,-,0
1752,1,z:r2c,nat-oop,5103,8146,9.249,1.596,6.663e-16,-,1
1754,1,z:r2c,nat-oop,5078,4982,9.306,0.981,6.386e-16,-,0
1754,1,z:r2c,nat-oop,5183,5026,9.118,0.970,6.386e-16,-,1
1756,1,z:r2c,nat-oop,5141,4980,9.204,0.969,5.236e-16,-,0
1756,1,z:r2c,nat-oop,5048,4995,9.373,0.989,5.236e-16,-,1
1758,1,z:r2c,nat-oop,5087,5006,9.314,0.984,6.457e-16,-,0
1758,1,z:r2c,nat-oop,5121,4972,9.252,0.971,6.457e-16,-,1
1760,1,z:r2c,nat-oop,1183,3466,40.097,2.930,6.898e-16,-,0
1760,1,z:r2c,nat-oop,1360,3463,34.890,2.547,6.898e-16,-,1
1762,1,z:r2c,nat-oop,3702,4979,12.831,1.345,1.689e-15,-,0
1762,1,z:r2c,nat-oop,3626,5019,13.100,1.384,1.689e-15,-,1
1764,1,z:r2c,nat-oop,1577,2812,30.166,1.783,5.238e-16,-,0
1764,1,z:r2c,nat-oop,1524,2764,31.212,1.814,5.238e-16,-,1
1766,1,z:r2c,nat-oop,4789,4972,9.944,1.038,1.137e-15,-,0
1766,1,z:r2c,nat-oop,4594,4946,10.366,1.077,1.137e-15,-,1
1768,1,z:r2c,nat-oop,1686,3928,28.275,2.329,8.040e-16,-,0
1768,1,z:r2c,nat-oop,1721,3904,27.706,2.268,8.040e-16,-,1
1770,1,z:r2c,nat-oop,5158,5754,9.256,1.115,6.691e-16,-,0
1770,1,z:r2c,nat-oop,5102,5775,9.358,1.132,6.691e-16,-,1
1772,1,z:r2c,nat-oop,5167,4974,9.253,0.963,5.940e-16,-,0
1772,1,z:r2c,nat-oop,5238,4954,9.126,0.946,5.940e-16,-,1
1774,1,z:r2c,nat-oop,5177,4997,9.246,0.965,6.423e-16,-,0
1774,1,z:r2c,nat-oop,5060,4959,9.459,0.980,6.423e-16,-,1
1776,1,z:r2c,nat-oop,1929,5405,24.847,2.802,4.653e-16,-,0
1776,1,z:r2c,nat-oop,1848,5409,25.936,2.927,4.653e-16,-,1
1778,1,z:r2c,nat-oop,5112,4979,9.388,0.974,6.040e-16,-,0
1778,1,z:r2c,nat-oop,5059,4997,9.486,0.988,6.040e-16,-,1
1780,1,z:r2c,nat-oop,5130,8201,9.367,1.599,7.035e-16,-,0
1780,1,z:r2c,nat-oop,5160,8170,9.312,1.583,7.035e-16,-,1
1782,1,z:r2c,nat-oop,1493,3152,32.220,2.111,8.193e-16,-,0
1782,1,z:r2c,nat-oop,1513,3116,31.792,2.059,8.193e-16,-,1
1784,1,z:r2c,nat-oop,5084,5019,9.475,0.987,6.946e-16,-,0
1784,1,z:r2c,nat-oop,5020,4977,9.595,0.991,6.946e-16,-,1
1786,1,z:r2c,nat-oop,2246,6262,21.475,2.788,6.128e-16,-,0
1786,1,z:r2c,nat-oop,2230,6269,21.633,2.812,6.128e-16,-,1
1788,1,z:r2c,nat-oop,6528,4976,7.398,0.762,4.905e-16,-,0
1788,1,z:r2c,nat-oop,5109,5014,9.453,0.982,4.905e-16,-,1
1790,1,z:r2c,nat-oop,5040,4997,9.594,0.991,9.024e-16,-,0
1790,1,z:r2c,nat-oop,5114,5027,9.456,0.983,9.024e-16,-,1
1792,1,z:r2c,nat-oop,930,3107,52.058,3.340,4.030e-16,-,0
1792,1,z:r2c,nat-oop,919,3110,52.686,3.385,4.030e-16,-,1
1794,1,z:r2c,nat-oop,2127,3963,22.791,1.863,8.977e-16,-,0
1794,1,z:r2c,nat-oop,1953,3956,24.825,2.026,8.977e-16,-,1
1796,1,z:r2c,nat-oop,5127,4977,9.467,0.971,6.121e-16,-,0
1796,1,z:r2c,nat-oop,5114,4973,9.491,0.972,6.121e-16,-,1
1798,1,z:r2c,nat-oop,2322,5740,20.927,2.472,9.207e-16,-,0
1798,1,z:r2c,nat-oop,2713,5737,17.915,2.115,9.207e-16,-,1
1800,1,z:r2c,nat-oop,1247,2974,39.033,2.385,6.724e-16,-,0
1800,1,z:r2c,nat-oop,1232,2936,39.503,2.384,6.724e-16,-,1
1802,1,z:r2c,nat-oop,5084,6389,9.584,1.257,5.482e-16,-,0
1802,1,z:r2c,nat-oop,5178,6346,9.410,1.226,5.482e-16,-,1
1804,1,z:r2c,nat-oop,2481,5128,19.663,2.067,7.774e-16,-,0
1804,1,z:r2c,nat-oop,2528,5133,19.296,2.030,7.774e-16,-,1
1806,1,z:r2c,nat-oop,1777,4591,27.485,2.584,6.897e-16,-,0
1806,1,z:r2c,nat-oop,1766,4545,27.664,2.574,6.897e-16,-,1
1808,1,z:r2c,nat-oop,5162,4976,9.474,0.964,6.532e-16,-,0
1808,1,z:r2c,nat-oop,5076,4962,9.636,0.978,6.532e-16,-,1
1810,1,z:r2c,nat-oop,5096,5022,9.609,0.985,6.362e-16,-,0
1810,1,z:r2c,nat-oop,5142,5044,9.523,0.981,6.362e-16,-,1
1812,1,z:r2c,nat-oop,5154,4982,9.513,0.967,5.877e-16,-,0
1812,1,z:r2c,nat-oop,5139,5005,9.541,0.974,5.877e-16,-,1
1814,1,z:r2c,nat-oop,5183,5007,9.472,0.966,5.405e-16,-,0
1814,1,z:r2c,nat-oop,5198,5008,9.445,0.963,5.405e-16,-,1
1816,1,z:r2c,nat-oop,5249,5038,9.364,0.960,5.165e-16,-,0
1816,1,z:r2c,nat-oop,5246,4991,9.370,0.951,5.165e-16,-,1
1818,1,z:r2c,nat-oop,5103,5007,9.644,0.981,7.144e-16,-,0
1818,1,z:r2c,nat-oop,5084,5013,9.679,0.986,7.144e-16,-,1
1820,1,z:r2c,nat-oop,1426,2757,34.548,1.933,5.119e-16,-,0
1820,1,z:r2c,nat-oop,1463,2778,33.672,1.898,5.119e-16,-,1
1822,1,z:r2c,nat-oop,4313,5031,11.440,1.167,8.868e-16,-,0
1822,1,z:r2c,nat-oop,4128,4994,11.951,1.210,8.868e-16,-,1
1824,1,z:r2c,nat-oop,1487,4406,33.228,2.964,5.647e-16,-,0
1824,1,z:r2c,nat-oop,1496,4257,33.026,2.846,5.647e-16,-,1
1826,1,z:r2c,nat-oop,5247,8534,9.426,1.626,7.568e-16,-,0
1826,1,z:r2c,nat-oop,5278,8557,9.370,1.621,7.568e-16,-,1
1828,1,z:r2c,nat-oop,5167,5030,9.585,0.974,7.339e-16,-,0
1828,1,z:r2c,nat-oop,5293,5048,9.356,0.954,7.339e-16,-,1
1830,1,z:r2c,nat-oop,5110,6057,9.703,1.185,7.464e-16,-,0
1830,1,z:r2c,nat-oop,5172,6053,9.587,1.170,7.464e-16,-,1
1832,1,z:r2c,nat-oop,5031,4997,9.868,0.993,6.951e-16,-,0
1832,1,z:r2c,nat-oop,5077,4992,9.779,0.983,6.951e-16,-,1
1834,1,z:r2c,nat-oop,5173,5018,9.609,0.970,6.229e-16,-,0
1834,1,z:r2c,nat-oop,5149,5016,9.653,0.974,6.229e-16,-,1
1836,1,z:r2c,nat-oop,1626,3801,30.598,2.337,7.254e-16,-,0
1836,1,z:r2c,nat-oop,1644,3771,30.278,2.294,7.254e-16,-,1
1838,1,z:r2c,nat-oop,4561,5014,10.924,1.099,1.059e-15,-,0
1838,1,z:r2c,nat-oop,4469,5023,11.150,1.124,1.059e-15,-,1
1840,1,z:r2c,nat-oop,1595,4616,31.282,2.894,5.477e-16,-,0
1840,1,z:r2c,nat-oop,1573,4705,31.711,2.991,5.477e-16,-,1
1842,1,z:r2c,nat-oop,5279,5039,9.462,0.955,5.909e-16,-,0
1842,1,z:r2c,nat-oop,5305,4999,9.417,0.942,5.909e-16,-,1
1844,1,z:r2c,nat-oop,5089,5023,9.828,0.987,7.412e-16,-,0
1844,1,z:r2c,nat-oop,5186,5013,9.644,0.967,7.412e-16,-,1
1846,1,z:r2c,nat-oop,5111,7807,9.798,1.527,5.242e-16,-,0
1846,1,z:r2c,nat-oop,5184,7835,9.659,1.511,5.242e-16,-,1
1848,1,z:r2c,nat-oop,1292,3612,38.817,2.797,6.593e-16,-,0
1848,1,z:r2c,nat-oop,1350,3598,37.133,2.665,6.593e-16,-,1
1850,1,z:r2c,nat-oop,1715,4057,29.271,2.366,5.698e-16,-,0
1850,1,z:r2c,nat-oop,1712,4079,29.324,2.383,5.698e-16,-,1
1852,1,z:r2c,nat-oop,5122,5023,9.812,0.981,6.691e-16,-,0
1852,1,z:r2c,nat-oop,5133,5014,9.791,0.977,6.691e-16,-,1
1854,1,z:r2c,nat-oop,6699,5430,7.512,0.811,5.333e-16,-,0
1854,1,z:r2c,nat-oop,5145,4987,9.780,0.969,5.333e-16,-,1
1856,1,z:r2c,nat-oop,1374,5078,36.664,3.696,5.661e-16,-,0
1856,1,z:r2c,nat-oop,1397,5080,36.067,3.636,5.661e-16,-,1
1858,1,z:r2c,nat-oop,4412,5031,11.432,1.140,7.361e-16,-,0
1858,1,z:r2c,nat-oop,4410,5021,11.439,1.139,7.361e-16,-,1
1860,1,z:r2c,nat-oop,1916,5012,26.365,2.616,4.514e-16,-,0
1860,1,z:r2c,nat-oop,1895,5113,26.652,2.698,4.514e-16,-,1
1862,1,z:r2c,nat-oop,1657,2679,30.522,1.617,6.629e-16,-,0
1862,1,z:r2c,nat-oop,1659,2694,30.471,1.623,6.629e-16,-,1
1864,1,z:r2c,nat-oop,5238,5073,9.666,0.968,5.471e-16,-,0
1864,1,z:r2c,nat-oop,5715,5038,8.859,0.882,5.471e-16,-,1
1866,1,z:r2c,nat-oop,5228,5029,9.695,0.962,8.304e-16,-,0
1866,1,z:r2c,nat-oop,5192,5031,9.763,0.969,8.304e-16,-,1
1868,1,z:r2c,nat-oop,5121,5051,9.909,0.986,6.266e-16,-,0
1868,1,z:r2c,nat-oop,5172,5117,9.813,0.989,6.266e-16,-,1
1870,1,z:r2c,nat-oop,1721,3368,29.533,1.958,7.601e-16,-,0
1870,1,z:r2c,nat-oop,1840,3366,27.610,1.829,7.601e-16,-,1
1872,1,z:r2c,nat-oop,1308,3814,38.901,2.916,5.655e-16,-,0
1872,1,z:r2c,nat-oop,1289,3808,39.481,2.956,5.655e-16,-,1
1874,1,z:r2c,nat-oop,4051,5029,12.573,1.241,1.204e-15,-,0
1874,1,z:r2c,nat-oop,4006,5033,12.716,1.256,1.204e-15,-,1
1876,1,z:r2c,nat-oop,5230,6974,9.751,1.333,7.236e-16,-,0
1876,1,z:r2c,nat-oop,5106,6943,9.988,1.360,7.236e-16,-,1
1878,1,z:r2c,nat-oop,5157,5045,9.902,0.978,8.044e-16,-,0
1878,1,z:r2c,nat-oop,5254,5035,9.719,0.958,8.044e-16,-,1
1880,1,z:r2c,nat-oop,2058,6575,24.845,3.196,7.105e-16,-,0
1880,1,z:r2c,nat-oop,2058,6552,24.834,3.183,7.105e-16,-,1
1882,1,z:r2c,nat-oop,5163,5016,9.913,0.972,6.924e-16,-,0
1882,1,z:r2c,nat-oop,5170,5041,9.900,0.975,6.924e-16,-,1
1884,1,z:r2c,nat-oop,5081,5033,10.085,0.991,5.657e-16,-,0
1884,1,z:r2c,nat-oop,5209,5032,9.837,0.966,5.657e-16,-,1
1886,1,z:r2c,nat-oop,2339,6302,21.931,2.694,1.002e-15,-,0
1886,1,z:r2c,nat-oop,2344,6282,21.885,2.680,1.002e-15,-,1
1888,1,z:r2c,nat-oop,5155,7732,9.965,1.500,5.900e-16,-,0
1888,1,z:r2c,nat-oop,5148,7682,9.978,1.492,5.900e-16,-,1
1890,1,z:r2c,nat-oop,1605,2745,32.044,1.710,7.071e-16,-,0
1890,1,z:r2c,nat-oop,1620,2800,31.748,1.729,7.071e-16,-,1
1892,1,z:r2c,nat-oop,2620,5703,19.654,2.177,3.155e-15,-,0
1892,1,z:r2c,nat-oop,2654,5694,19.404,2.146,3.155e-15,-,1
1894,1,z:r2c,nat-oop,5089,5012,10.130,0.985,6.886e-16,-,0
1894,1,z:r2c,nat-oop,5224,5006,9.868,0.958,6.886e-16,-,1
1896,1,z:r2c,nat-oop,5210,9593,9.906,1.841,7.228e-16,-,0
1896,1,z:r2c,nat-oop,5144,9567,10.033,1.860,7.228e-16,-,1
1898,1,z:r2c,nat-oop,5262,8096,9.820,1.539,6.636e-16,-,0
1898,1,z:r2c,nat-oop,5130,8030,10.072,1.565,6.636e-16,-,1
1900,1,z:r2c,nat-oop,1707,3366,30.312,1.972,5.389e-16,-,0
1900,1,z:r2c,nat-oop,1787,3388,28.954,1.896,5.389e-16,-,1
1902,1,z:r2c,nat-oop,5195,5039,9.971,0.970,5.268e-16,-,0
1902,1,z:r2c,nat-oop,5248,5030,9.869,0.958,5.268e-16,-,1
1904,1,z:r2c,nat-oop,1608,4065,32.254,2.528,8.587e-16,-,0
1904,1,z:r2c,nat-oop,1659,4050,31.261,2.442,8.587e-16,-,1
1906,1,z:r2c,nat-oop,4251,5023,12.214,1.182,7.521e-16,-,0
1906,1,z:r2c,nat-oop,4377,5036,11.863,1.151,7.521e-16,-,1
1908,1,z:r2c,nat-oop,6395,7011,8.128,1.096,6.149e-16,-,0
1908,1,z:r2c,nat-oop,5355,6960,9.708,1.300,6.149e-16,-,1
1910,1,z:r2c,nat-oop,5263,5045,9.889,0.959,7.546e-16,-,0
1910,1,z:r2c,nat-oop,5161,5037,10.085,0.976,7.546e-16,-,1
1912,1,z:r2c,nat-oop,5383,5026,9.680,0.934,4.909e-16,-,0
1912,1,z:r2c,nat-oop,5551,5030,9.387,0.906,4.909e-16,-,1
1914,1,z:r2c,nat-oop,2138,4511,24.400,2.110,6.072e-16,-,0
1914,1,z:r2c,nat-oop,2215,4539,23.556,2.050,6.072e-16,-,1
1916,1,z:r2c,nat-oop,5329,5062,9.802,0.950,6.336e-16,-,0
1916,1,z:r2c,nat-oop,5236,5053,9.975,0.965,6.336e-16,-,1
1918,1,z:r2c,nat-oop,5298,5043,9.870,0.952,4.320e-16,-,0
1918,1,z:r2c,nat-oop,5249,5045,9.962,0.961,4.320e-16,-,1
1920,1,z:r2c,nat-oop,996,3359,52.570,3.373,4.450e-16,-,0
1920,1,z:r2c,nat-oop,993,3357,52.738,3.382,4.450e-16,-,1
1922,1,z:r2c,nat-oop,2522,6433,20.780,2.550,8.867e-16,-,0
1922,1,z:r2c,nat-oop,2578,6539,20.329,2.536,8.867e-16,-,1
1924,1,z:r2c,nat-oop,2494,5343,21.045,2.143,1.227e-15,-,0
1924,1,z:r2c,nat-oop,2499,5331,21.000,2.133,1.227e-15,-,1
1926,1,z:r2c,nat-oop,5213,5041,10.079,0.967,6.402e-16,-,0
1926,1,z:r2c,nat-oop,5115,5040,10.270,0.985,6.402e-16,-,1
1928,1,z:r2c,nat-oop,5090,5063,10.334,0.995,4.688e-16,-,0
1928,1,z:r2c,nat-oop,5180,5030,10.154,0.971,4.688e-16,-,1
1930,1,z:r2c,nat-oop,5202,5067,10.123,0.974,7.798e-16,-,0
1930,1,z:r2c,nat-oop,5173,5059,10.179,0.978,7.798e-16,-,1
1932,1,z:r2c,nat-oop,1853,4185,28.461,2.259,8.330e-16,-,0
1932,1,z:r2c,nat-oop,1831,4054,28.792,2.214,8.330e-16,-,1
1934,1,z:r2c,nat-oop,5353,5064,9.861,0.946,8.133e-16,-,0
1934,1,z:r2c,nat-oop,5412,5055,9.754,0.934,8.133e-16,-,1
1936,1,z:r2c,nat-oop,1465,4708,36.071,3.213,7.402e-16,-,0
1936,1,z:r2c,nat-oop,1497,4699,35.313,3.140,7.402e-16,-,1
1938,1,z:r2c,nat-oop,2171,4363,24.376,2.010,8.852e-16,-,0
1938,1,z:r2c,nat-oop,2095,4386,25.255,2.094,8.852e-16,-,1
1940,1,z:r2c,nat-oop,5384,9640,9.838,1.790,6.220e-16,-,0
1940,1,z:r2c,nat-oop,5380,9669,9.845,1.797,6.220e-16,-,1
1942,1,z:r2c,nat-oop,5151,5055,10.296,0.981,7.425e-16,-,0
1942,1,z:r2c,nat-oop,5176,5060,10.246,0.978,7.425e-16,-,1
1944,1,z:r2c,nat-oop,1290,3508,41.158,2.719,8.586e-16,-,0
1944,1,z:r2c,nat-oop,1276,3499,41.602,2.742,8.586e-16,-,1
1946,1,z:r2c,nat-oop,5248,5045,10.128,0.961,7.213e-16,-,0
1946,1,z:r2c,nat-oop,5230,5174,10.163,0.989,7.213e-16,-,1
1948,1,z:r2c,nat-oop,5147,5026,10.339,0.976,6.838e-16,-,0
1948,1,z:r2c,nat-oop,5115,5071,10.404,0.991,6.838e-16,-,1
1950,1,z:r2c,nat-oop,1587,3397,33.582,2.141,6.680e-16,-,0
1950,1,z:r2c,nat-oop,1645,3422,32.384,2.080,6.680e-16,-,1
1952,1,z:r2c,nat-oop,5239,8137,10.181,1.553,6.300e-16,-,0
1952,1,z:r2c,nat-oop,5217,8229,10.225,1.577,6.300e-16,-,1
1954,1,z:r2c,nat-oop,5156,5052,10.358,0.980,6.491e-16,-,0
1954,1,z:r2c,nat-oop,5220,5077,10.231,0.973,6.491e-16,-,1
1956,1,z:r2c,nat-oop,5224,5105,10.235,0.977,5.894e-16,-,0
1956,1,z:r2c,nat-oop,5160,5054,10.362,0.979,5.894e-16,-,1
1958,1,z:r2c,nat-oop,5191,9581,10.311,1.846,8.607e-16,-,0
1958,1,z:r2c,nat-oop,5257,9585,10.182,1.823,8.607e-16,-,1
1960,1,z:r2c,nat-oop,1544,3076,34.718,1.992,5.491e-16,-,0
1960,1,z:r2c,nat-oop,1520,3067,35.248,2.017,5.491e-16,-,1
1962,1,z:r2c,nat-oop,5121,5044,10.477,0.985,7.079e-16,-,0
1962,1,z:r2c,nat-oop,5207,5060,10.303,0.972,7.079e-16,-,1
1964,1,z:r2c,nat-oop,5227,5043,10.276,0.965,5.471e-16,-,0
1964,1,z:r2c,nat-oop,5221,5078,10.288,0.973,5.471e-16,-,1
1966,1,z:r2c,nat-oop,5299,5061,10.148,0.955,4.914e-16,-,0
1966,1,z:r2c,nat-oop,5298,5085,10.150,0.960,4.914e-16,-,1
1968,1,z:r2c,nat-oop,2201,6277,24.460,2.852,6.393e-16,-,0
1968,1,z:r2c,nat-oop,2187,6294,24.619,2.878,6.393e-16,-,1
1970,1,z:r2c,nat-oop,5242,5071,10.282,0.967,7.901e-16,-,0
1970,1,z:r2c,nat-oop,5138,5053,10.490,0.984,7.901e-16,-,1
1972,1,z:r2c,nat-oop,2390,5262,22.578,2.202,1.087e-15,-,0
1972,1,z:r2c,nat-oop,2366,5368,22.804,2.269,1.087e-15,-,1
1974,1,z:r2c,nat-oop,2054,5430,26.297,2.643,6.467e-16,-,0
1974,1,z:r2c,nat-oop,2099,5415,25.741,2.580,6.467e-16,-,1
1976,1,z:r2c,nat-oop,1965,4912,27.524,2.500,9.857e-16,-,0
1976,1,z:r2c,nat-oop,1990,4785,27.176,2.404,9.857e-16,-,1
1978,1,z:r2c,nat-oop,2393,6942,22.627,2.901,7.661e-16,-,0
1978,1,z:r2c,nat-oop,2393,6932,22.631,2.897,7.661e-16,-,1
1980,1,z:r2c,nat-oop,1504,3724,36.044,2.476,7.046e-16,-,0
1980,1,z:r2c,nat-oop,1533,3731,35.360,2.434,7.046e-16,-,1
1982,1,z:r2c,nat-oop,4351,5083,12.472,1.168,8.402e-16,-,0
1982,1,z:r2c,nat-oop,4381,5064,12.388,1.156,8.402e-16,-,1
1984,1,z:r2c,nat-oop,1546,5758,35.149,3.725,5.551e-16,-,0
1984,1,z:r2c,nat-oop,1493,5768,36.384,3.863,5.551e-16,-,1
1986,1,z:r2c,nat-oop,5577,5044,9.753,0.904,6.071e-16,-,0
1986,1,z:r2c,nat-oop,5491,5053,9.906,0.920,6.071e-16,-,1
1988,1,z:r2c,nat-oop,5226,7825,10.420,1.497,5.791e-16,-,0
1988,1,z:r2c,nat-oop,5193,7803,10.487,1.503,5.791e-16,-,1
1990,1,z:r2c,nat-oop,5232,5038,10.420,0.963,7.203e-16,-,0
1990,1,z:r2c,nat-oop,5185,5052,10.514,0.974,7.203e-16,-,1
1992,1,z:r2c,nat-oop,5308,10311,10.283,1.943,7.647e-16,-,0
1992,1,z:r2c,nat-oop,5289,10307,10.319,1.949,7.647e-16,-,1
1994,1,z:r2c,nat-oop,5203,5071,10.502,0.975,6.608e-16,-,0
1994,1,z:r2c,nat-oop,5161,5032,10.588,0.975,6.608e-16,-,1
1996,1,z:r2c,nat-oop,5447,5066,10.044,0.930,5.638e-16,-,0
1996,1,z:r2c,nat-oop,5365,5064,10.197,0.944,5.638e-16,-,1
1998,1,z:r2c,nat-oop,1890,5653,28.978,2.991,6.734e-16,-,0
1998,1,z:r2c,nat-oop,1864,5641,29.375,3.026,6.734e-16,-,1
2000,1,z:r2c,nat-oop,1292,3261,42.439,2.524,5.016e-16,-,0
2000,1,z:r2c,nat-oop,1294,3254,42.367,2.514,5.016e-16,-,1
2002,1,z:r2c,nat-oop,1779,3319,30.863,1.866,6.802e-16,-,0
2002,1,z:r2c,nat-oop,1763,3265,31.127,1.851,6.802e-16,-,1
2004,1,z:r2c,nat-oop,5198,5067,10.573,0.975,7.551e-16,-,0
2004,1,z:r2c,nat-oop,5181,5072,10.606,0.979,7.551e-16,-,1
2006,1,z:r2c,nat-oop,5219,7762,10.542,1.487,5.956e-16,-,0
2006,1,z:r2c,nat-oop,5210,7784,10.560,1.494,5.956e-16,-,1
2008,1,z:r2c,nat-oop,5050,5031,10.907,0.996,6.321e-16,-,0
2008,1,z:r2c,nat-oop,5146,5042,10.704,0.980,6.321e-16,-,1
2010,1,z:r2c,nat-oop,5196,7483,10.611,1.440,6.015e-16,-,0
2010,1,z:r2c,nat-oop,5200,7445,10.604,1.432,6.015e-16,-,1
2012,1,z:r2c,nat-oop,5304,5049,10.408,0.952,5.978e-16,-,0
2012,1,z:r2c,nat-oop,5267,5087,10.481,0.966,5.978e-16,-,1
2014,1,z:r2c,nat-oop,5108,7527,10.819,1.474,7.668e-16,-,0
2014,1,z:r2c,nat-oop,5232,7488,10.563,1.431,7.668e-16,-,1
2016,1,z:r2c,nat-oop,1285,3460,43.063,2.693,6.769e-16,-,0
2016,1,z:r2c,nat-oop,1292,3462,42.832,2.680,6.769e-16,-,1
2018,1,z:r2c,nat-oop,5343,5043,10.366,0.944,8.706e-16,-,0
2018,1,z:r2c,nat-oop,5344,5056,10.365,0.946,8.706e-16,-,1
2020,1,z:r2c,nat-oop,5178,5055,10.709,0.976,6.507e-16,-,0
2020,1,z:r2c,nat-oop,5093,5052,10.887,0.992,6.507e-16,-,1
2022,1,z:r2c,nat-oop,5132,5056,10.817,0.985,5.785e-16,-,0
2022,1,z:r2c,nat-oop,5191,5075,10.694,0.978,5.785e-16,-,1
2024,1,z:r2c,nat-oop,1944,5184,28.591,2.667,9.335e-16,-,0
2024,1,z:r2c,nat-oop,1959,5249,28.368,2.679,9.335e-16,-,1
2026,1,z:r2c,nat-oop,5083,5083,10.946,1.000,5.120e-16,-,0
2026,1,z:r2c,nat-oop,5175,5055,10.751,0.977,5.120e-16,-,1
2028,1,z:r2c,nat-oop,1858,4257,29.975,2.291,5.389e-16,-,0
2028,1,z:r2c,nat-oop,1843,4269,30.227,2.317,5.389e-16,-,1
2030,1,z:r2c,nat-oop,2350,3744,23.731,1.593,6.098e-16,-,0
2030,1,z:r2c,nat-oop,2373,3769,23.494,1.588,6.098e-16,-,1
2032,1,z:r2c,nat-oop,5199,5030,10.736,0.967,7.098e-16,-,0
2032,1,z:r2c,nat-oop,5207,5053,10.721,0.971,7.098e-16,-,1
2034,1,z:r2c,nat-oop,5888,5098,9.492,0.866,6.270e-16,-,0
2034,1,z:r2c,nat-oop,5141,5082,10.870,0.989,6.270e-16,-,1
2036,1,z:r2c,nat-oop,5112,5080,10.943,0.994,6.501e-16,-,0
2036,1,z:r2c,nat-oop,5096,5109,10.979,1.003,6.501e-16,-,1
2038,1,z:r2c,nat-oop,5161,5077,10.852,0.984,5.945e-16,-,0
2038,1,z:r2c,nat-oop,5092,5133,10.999,1.008,5.945e-16,-,1
2040,1,z:r2c,nat-oop,1594,4376,35.174,2.745,5.454e-16,-,0
2040,1,z:r2c,nat-oop,1619,4395,34.634,2.715,5.454e-16,-,1
2042,1,z:r2c,nat-oop,5184,5041,10.829,0.973,6.608e-16,-,0
2042,1,z:r2c,nat-oop,5143,5035,10.915,0.979,6.608e-16,-,1
2044,1,z:r2c,nat-oop,6497,8028,8.649,1.236,6.062e-16,-,0
2044,1,z:r2c,nat-oop,5135,8074,10.944,1.572,6.062e-16,-,1
2046,1,z:r2c,nat-oop,2293,5186,24.534,2.262,8.190e-16,-,0
2046,1,z:r2c,nat-oop,2301,5180,24.451,2.251,8.190e-16,-,1
2048,1,z:r2c,nat-oop,962,1064,58.562,1.107,3.030e-16,-,0
2048,1,z:r2c,nat-oop,966,1067,58.304,1.104,3.030e-16,-,1
