N,K,plan,path,vfft_ns,mkl_ns,vfft_gflops,ratio_vs_mkl,rt_err,route,flip
2050,1,z:r2c,nat-oop,2013,4843,28.013,2.406,6.605e-16,-,0
2050,1,z:r2c,nat-oop,2008,4841,28.078,2.411,6.605e-16,-,1
2052,1,z:r2c,nat-oop,1909,4630,29.574,2.426,6.109e-16,-,0
2052,1,z:r2c,nat-oop,1864,4620,30.281,2.478,6.109e-16,-,1
2054,1,z:r2c,nat-oop,10377,9412,5.445,0.907,6.374e-16,-,0
2054,1,z:r2c,nat-oop,10364,9419,5.452,0.909,6.374e-16,-,1
2056,1,z:r2c,nat-oop,10388,10801,5.446,1.040,5.886e-16,-,0
2056,1,z:r2c,nat-oop,10361,10812,5.460,1.044,5.886e-16,-,1
2058,1,z:r2c,nat-oop,1912,2927,29.621,1.531,6.925e-16,-,0
2058,1,z:r2c,nat-oop,1902,2907,29.776,1.528,6.925e-16,-,1
2060,1,z:r2c,nat-oop,10577,10831,5.360,1.024,6.791e-16,-,0
2060,1,z:r2c,nat-oop,10633,10831,5.332,1.019,6.791e-16,-,1
2062,1,z:r2c,nat-oop,10691,10857,5.309,1.016,6.562e-16,-,0
2062,1,z:r2c,nat-oop,10717,10869,5.296,1.014,6.562e-16,-,1
2064,1,z:r2c,nat-oop,2357,6952,24.104,2.949,6.079e-16,-,0
2064,1,z:r2c,nat-oop,2399,6953,23.680,2.898,6.079e-16,-,1
2066,1,z:r2c,nat-oop,7765,10849,7.325,1.397,9.878e-16,-,0
2066,1,z:r2c,nat-oop,8852,10823,6.425,1.223,9.878e-16,-,1
2068,1,z:r2c,nat-oop,2994,6759,19.017,2.257,6.536e-16,-,0
2068,1,z:r2c,nat-oop,3127,6802,18.212,2.175,6.536e-16,-,1
2070,1,z:r2c,nat-oop,2067,4791,27.574,2.318,6.962e-16,-,0
2070,1,z:r2c,nat-oop,2115,4748,26.950,2.245,6.962e-16,-,1
2072,1,z:r2c,nat-oop,2150,6203,26.538,2.885,5.668e-16,-,0
2072,1,z:r2c,nat-oop,2098,6215,27.200,2.962,5.668e-16,-,1
2074,1,z:r2c,nat-oop,10378,8144,5.505,0.785,5.979e-16,-,0
2074,1,z:r2c,nat-oop,10568,8170,5.406,0.773,5.979e-16,-,1
2076,1,z:r2c,nat-oop,10581,10825,5.405,1.023,4.967e-16,-,0
2076,1,z:r2c,nat-oop,10689,10855,5.351,1.016,4.967e-16,-,1
2078,1,z:r2c,nat-oop,10426,10846,5.491,1.040,4.518e-16,-,0
2078,1,z:r2c,nat-oop,10708,10830,5.347,1.011,4.518e-16,-,1
2080,1,z:r2c,nat-oop,1482,4248,38.671,2.866,5.386e-16,-,0
2080,1,z:r2c,nat-oop,1512,4244,37.916,2.807,5.386e-16,-,1
2082,1,z:r2c,nat-oop,10365,10891,5.536,1.051,5.040e-16,-,0
2082,1,z:r2c,nat-oop,10389,10859,5.523,1.045,5.040e-16,-,1
2084,1,z:r2c,nat-oop,10609,10812,5.414,1.019,6.850e-16,-,0
2084,1,z:r2c,nat-oop,10321,10845,5.565,1.051,6.850e-16,-,1
2086,1,z:r2c,nat-oop,10615,10870,5.417,1.024,4.662e-16,-,0
2086,1,z:r2c,nat-oop,10637,10868,5.406,1.022,4.662e-16,-,1
2088,1,z:r2c,nat-oop,2015,5710,28.570,2.834,7.119e-16,-,0
2088,1,z:r2c,nat-oop,1986,5683,28.988,2.862,7.119e-16,-,1
2090,1,z:r2c,nat-oop,1994,4152,28.899,2.082,6.116e-16,-,0
2090,1,z:r2c,nat-oop,1962,4162,29.379,2.122,6.116e-16,-,1
2092,1,z:r2c,nat-oop,10616,10847,5.434,1.022,6.036e-16,-,0
2092,1,z:r2c,nat-oop,10530,10862,5.479,1.032,6.036e-16,-,1
2094,1,z:r2c,nat-oop,10323,10849,5.594,1.051,5.638e-16,-,0
2094,1,z:r2c,nat-oop,10342,10874,5.584,1.051,5.638e-16,-,1
2096,1,z:r2c,nat-oop,10525,10809,5.493,1.027,5.467e-16,-,0
2096,1,z:r2c,nat-oop,10455,10856,5.530,1.038,5.467e-16,-,1
2098,1,z:r2c,nat-oop,14668,10872,3.946,0.741,5.198e-16,-,0
2098,1,z:r2c,nat-oop,10498,10818,5.513,1.030,5.198e-16,-,1
2100,1,z:r2c,nat-oop,1675,3332,34.590,1.989,4.696e-16,-,0
2100,1,z:r2c,nat-oop,1638,3317,35.368,2.025,4.696e-16,-,1
2102,1,z:r2c,nat-oop,5736,10871,10.112,1.895,9.308e-16,-,0
2102,1,z:r2c,nat-oop,5537,10884,10.475,1.965,9.308e-16,-,1
2104,1,z:r2c,nat-oop,10622,10846,5.466,1.021,6.892e-16,-,0
2104,1,z:r2c,nat-oop,10693,10851,5.430,1.015,6.892e-16,-,1
2106,1,z:r2c,nat-oop,1904,3848,30.531,2.021,7.188e-16,-,0
2106,1,z:r2c,nat-oop,1936,3842,30.019,1.984,7.188e-16,-,1
2108,1,z:r2c,nat-oop,2758,6036,21.096,2.188,1.344e-15,-,0
2108,1,z:r2c,nat-oop,2733,6007,21.289,2.198,1.344e-15,-,1
2110,1,z:r2c,nat-oop,10323,10840,5.643,1.050,5.790e-16,-,0
2110,1,z:r2c,nat-oop,10610,10877,5.490,1.025,5.790e-16,-,1
2112,1,z:r2c,nat-oop,1396,4305,41.784,3.085,4.716e-16,-,0
2112,1,z:r2c,nat-oop,1421,4305,41.049,3.030,4.716e-16,-,1
2114,1,z:r2c,nat-oop,10761,10878,5.425,1.011,5.018e-16,-,0
2114,1,z:r2c,nat-oop,10648,10869,5.482,1.021,5.018e-16,-,1
2116,1,z:r2c,nat-oop,2627,6185,22.249,2.355,1.274e-15,-,0
2116,1,z:r2c,nat-oop,2692,6078,21.709,2.258,1.274e-15,-,1
2118,1,z:r2c,nat-oop,10613,10865,5.512,1.024,4.945e-16,-,0
2118,1,z:r2c,nat-oop,10573,10821,5.533,1.023,4.945e-16,-,1
2120,1,z:r2c,nat-oop,10369,7882,5.648,0.760,6.482e-16,-,0
2120,1,z:r2c,nat-oop,10604,7899,5.523,0.745,6.482e-16,-,1
2122,1,z:r2c,nat-oop,10570,10838,5.546,1.025,5.582e-16,-,0
2122,1,z:r2c,nat-oop,10517,10878,5.575,1.034,5.582e-16,-,1
2124,1,z:r2c,nat-oop,10499,8506,5.590,0.810,6.658e-16,-,0
2124,1,z:r2c,nat-oop,10540,8592,5.568,0.815,6.658e-16,-,1
2126,1,z:r2c,nat-oop,10541,10858,5.574,1.030,5.327e-16,-,0
2126,1,z:r2c,nat-oop,10540,10887,5.574,1.033,5.327e-16,-,1
2128,1,z:r2c,nat-oop,1747,4929,33.659,2.821,6.625e-16,-,0
2128,1,z:r2c,nat-oop,1797,5129,32.734,2.855,6.625e-16,-,1
2130,1,z:r2c,nat-oop,10384,8356,5.670,0.805,6.403e-16,-,0
2130,1,z:r2c,nat-oop,10442,8374,5.638,0.802,6.403e-16,-,1
2132,1,z:r2c,nat-oop,3033,6241,19.432,2.058,7.322e-16,-,0
2132,1,z:r2c,nat-oop,2977,6305,19.797,2.118,7.322e-16,-,1
2134,1,z:r2c,nat-oop,10409,11294,5.668,1.085,7.552e-16,-,0
2134,1,z:r2c,nat-oop,10599,11224,5.567,1.059,7.552e-16,-,1
2136,1,z:r2c,nat-oop,10590,11589,5.578,1.094,7.128e-16,-,0
2136,1,z:r2c,nat-oop,10420,11591,5.668,1.112,7.128e-16,-,1
2138,1,z:r2c,nat-oop,10581,10860,5.588,1.026,6.146e-16,-,0
2138,1,z:r2c,nat-oop,10500,10929,5.631,1.041,6.146e-16,-,1
2140,1,z:r2c,nat-oop,10530,10904,5.621,1.036,5.298e-16,-,0
2140,1,z:r2c,nat-oop,10565,10843,5.603,1.026,5.298e-16,-,1
2142,1,z:r2c,nat-oop,2010,3645,29.474,1.813,6.229e-16,-,0
2142,1,z:r2c,nat-oop,2006,3443,29.536,1.716,6.229e-16,-,1
2144,1,z:r2c,nat-oop,10380,9676,5.714,0.932,6.488e-16,-,0
2144,1,z:r2c,nat-oop,10346,9608,5.733,0.929,6.488e-16,-,1
2146,1,z:r2c,nat-oop,2642,7283,22.472,2.756,1.239e-15,-,0
2146,1,z:r2c,nat-oop,2653,7339,22.384,2.767,1.239e-15,-,1
2148,1,z:r2c,nat-oop,10316,10840,5.762,1.051,5.114e-16,-,0
2148,1,z:r2c,nat-oop,10648,10883,5.582,1.022,5.114e-16,-,1
2150,1,z:r2c,nat-oop,2196,5460,27.100,2.487,6.397e-16,-,0
2150,1,z:r2c,nat-oop,2172,5466,27.396,2.517,6.397e-16,-,1
2152,1,z:r2c,nat-oop,10532,10879,5.656,1.033,5.526e-16,-,0
2152,1,z:r2c,nat-oop,10512,10878,5.666,1.035,5.526e-16,-,1
2154,1,z:r2c,nat-oop,10626,10874,5.611,1.023,6.233e-16,-,0
2154,1,z:r2c,nat-oop,10696,10937,5.575,1.023,6.233e-16,-,1
2156,1,z:r2c,nat-oop,2312,3048,25.816,1.318,6.521e-16,-,0
2156,1,z:r2c,nat-oop,2335,3045,25.567,1.304,6.521e-16,-,1
2158,1,z:r2c,nat-oop,10356,10146,5.770,0.980,7.501e-16,-,0
2158,1,z:r2c,nat-oop,10399,10228,5.746,0.984,7.501e-16,-,1
2160,1,z:r2c,nat-oop,1429,3756,41.860,2.628,5.257e-16,-,0
2160,1,z:r2c,nat-oop,1438,3754,41.590,2.610,5.257e-16,-,1
2162,1,z:r2c,nat-oop,2841,8073,21.080,2.842,8.415e-16,-,0
2162,1,z:r2c,nat-oop,2915,8066,20.540,2.767,8.415e-16,-,1
2164,1,z:r2c,nat-oop,10538,10844,5.688,1.029,5.237e-16,-,0
2164,1,z:r2c,nat-oop,10521,10860,5.697,1.032,5.237e-16,-,1
2166,1,z:r2c,nat-oop,2439,5274,24.599,2.162,1.083e-15,-,0
2166,1,z:r2c,nat-oop,2683,5274,22.363,1.966,1.083e-15,-,1
2168,1,z:r2c,nat-oop,10599,10847,5.667,1.023,4.768e-16,-,0
2168,1,z:r2c,nat-oop,10691,10856,5.618,1.015,4.768e-16,-,1
2170,1,z:r2c,nat-oop,3109,4393,19.337,1.413,6.393e-16,-,0
2170,1,z:r2c,nat-oop,2760,4424,21.786,1.603,6.393e-16,-,1
2172,1,z:r2c,nat-oop,10798,10864,5.574,1.006,5.912e-16,-,0
2172,1,z:r2c,nat-oop,10580,10911,5.689,1.031,5.912e-16,-,1
2174,1,z:r2c,nat-oop,10404,10854,5.792,1.043,4.907e-16,-,0
2174,1,z:r2c,nat-oop,10342,10879,5.826,1.052,4.907e-16,-,1
2176,1,z:r2c,nat-oop,1461,4866,41.287,3.331,5.758e-16,-,0
2176,1,z:r2c,nat-oop,1464,4858,41.193,3.318,5.758e-16,-,1
2178,1,z:r2c,nat-oop,1943,4208,31.071,2.165,7.692e-16,-,0
2178,1,z:r2c,nat-oop,1948,4245,30.990,2.179,7.692e-16,-,1
2180,1,z:r2c,nat-oop,10427,10880,5.796,1.043,5.500e-16,-,0
2180,1,z:r2c,nat-oop,10447,10842,5.785,1.038,5.500e-16,-,1
2182,1,z:r2c,nat-oop,10408,10874,5.813,1.045,4.982e-16,-,0
2182,1,z:r2c,nat-oop,10638,10905,5.688,1.025,4.982e-16,-,1
2184,1,z:r2c,nat-oop,1626,4432,37.252,2.726,6.320e-16,-,0
2184,1,z:r2c,nat-oop,1658,4434,36.536,2.675,6.320e-16,-,1
2186,1,z:r2c,nat-oop,6282,10968,9.652,1.746,9.752e-16,-,0
2186,1,z:r2c,nat-oop,6175,10877,9.819,1.762,9.752e-16,-,1
2188,1,z:r2c,nat-oop,10680,10878,5.683,1.019,5.036e-16,-,0
2188,1,z:r2c,nat-oop,10678,10871,5.684,1.018,5.036e-16,-,1
2190,1,z:r2c,nat-oop,10618,8607,5.722,0.811,6.508e-16,-,0
2190,1,z:r2c,nat-oop,10433,8614,5.824,0.826,6.508e-16,-,1
2192,1,z:r2c,nat-oop,10551,10889,5.764,1.032,6.287e-16,-,0
2192,1,z:r2c,nat-oop,10505,10817,5.790,1.030,6.287e-16,-,1
2194,1,z:r2c,nat-oop,10593,10881,5.747,1.027,7.180e-16,-,0
2194,1,z:r2c,nat-oop,10637,10912,5.724,1.026,7.180e-16,-,1
2196,1,z:r2c,nat-oop,10663,8958,5.715,0.840,6.663e-16,-,0
2196,1,z:r2c,nat-oop,12708,8965,4.796,0.705,6.663e-16,-,1
2198,1,z:r2c,nat-oop,10557,10842,5.778,1.027,6.790e-16,-,0
2198,1,z:r2c,nat-oop,10518,10897,5.800,1.036,6.790e-16,-,1
2200,1,z:r2c,nat-oop,1629,4282,37.494,2.629,6.986e-16,-,0
2200,1,z:r2c,nat-oop,1612,4271,37.873,2.649,6.986e-16,-,1
2202,1,z:r2c,nat-oop,10585,10917,5.775,1.031,6.163e-16,-,0
2202,1,z:r2c,nat-oop,10586,10888,5.775,1.029,6.163e-16,-,1
2204,1,z:r2c,nat-oop,3021,6455,20.258,2.137,1.056e-15,-,0
2204,1,z:r2c,nat-oop,2992,6302,20.452,2.106,1.056e-15,-,1
2206,1,z:r2c,nat-oop,10634,10905,5.761,1.025,5.184e-16,-,0
2206,1,z:r2c,nat-oop,12591,10876,4.865,0.864,5.184e-16,-,1
2208,1,z:r2c,nat-oop,1840,5677,33.330,3.086,6.738e-16,-,0
2208,1,z:r2c,nat-oop,1863,5682,32.923,3.051,6.738e-16,-,1
2210,1,z:r2c,nat-oop,2166,4152,28.341,1.917,8.115e-16,-,0
2210,1,z:r2c,nat-oop,2188,4174,28.048,1.907,8.115e-16,-,1
2212,1,z:r2c,nat-oop,10504,9556,5.850,0.910,5.909e-16,-,0
2212,1,z:r2c,nat-oop,10489,9499,5.858,0.906,5.909e-16,-,1
2214,1,z:r2c,nat-oop,2201,6606,27.950,3.002,6.300e-16,-,0
2214,1,z:r2c,nat-oop,2196,6596,28.009,3.004,6.300e-16,-,1
2216,1,z:r2c,nat-oop,10670,10916,5.770,1.023,5.788e-16,-,0
2216,1,z:r2c,nat-oop,10703,10900,5.753,1.018,5.788e-16,-,1
2218,1,z:r2c,nat-oop,10763,10919,5.726,1.015,6.511e-16,-,0
2218,1,z:r2c,nat-oop,10410,10956,5.921,1.052,6.511e-16,-,1
2220,1,z:r2c,nat-oop,2446,6564,25.221,2.683,5.211e-16,-,0
2220,1,z:r2c,nat-oop,2487,6651,24.804,2.674,5.211e-16,-,1
2222,1,z:r2c,nat-oop,10660,10872,5.794,1.020,5.680e-16,-,0
2222,1,z:r2c,nat-oop,10615,10909,5.818,1.028,5.680e-16,-,1
2224,1,z:r2c,nat-oop,10542,10863,5.864,1.030,4.148e-16,-,0
2224,1,z:r2c,nat-oop,10587,10865,5.839,1.026,4.148e-16,-,1
2226,1,z:r2c,nat-oop,10591,6646,5.843,0.628,6.558e-16,-,0
2226,1,z:r2c,nat-oop,14531,6667,4.259,0.459,6.558e-16,-,1
2228,1,z:r2c,nat-oop,10447,10882,5.930,1.042,6.497e-16,-,0
2228,1,z:r2c,nat-oop,10440,10882,5.933,1.042,6.497e-16,-,1
2230,1,z:r2c,nat-oop,10401,10894,5.962,1.047,4.732e-16,-,0
2230,1,z:r2c,nat-oop,10450,10902,5.934,1.043,4.732e-16,-,1
2232,1,z:r2c,nat-oop,2146,6479,28.921,3.019,7.936e-16,-,0
2232,1,z:r2c,nat-oop,2159,6461,28.746,2.992,7.936e-16,-,1
2234,1,z:r2c,nat-oop,7082,10876,8.773,1.536,9.949e-16,-,0
2234,1,z:r2c,nat-oop,7089,10876,8.766,1.534,9.949e-16,-,1
2236,1,z:r2c,nat-oop,3377,6960,18.416,2.061,2.550e-15,-,0
2236,1,z:r2c,nat-oop,3245,6967,19.170,2.147,2.550e-15,-,1
2238,1,z:r2c,nat-oop,10583,10895,5.883,1.030,6.269e-16,-,0
2238,1,z:r2c,nat-oop,10375,10867,6.001,1.047,6.269e-16,-,1
2240,1,z:r2c,nat-oop,1220,3835,51.085,3.144,4.761e-16,-,0
2240,1,z:r2c,nat-oop,1216,3837,51.247,3.155,4.761e-16,-,1
2242,1,z:r2c,nat-oop,10579,9008,5.897,0.851,6.382e-16,-,0
2242,1,z:r2c,nat-oop,10400,9027,5.999,0.868,6.382e-16,-,1
2244,1,z:r2c,nat-oop,2051,4913,30.451,2.395,6.404e-16,-,0
2244,1,z:r2c,nat-oop,2082,4886,29.995,2.347,6.404e-16,-,1
2246,1,z:r2c,nat-oop,5910,11134,10.578,1.884,1.029e-15,-,0
2246,1,z:r2c,nat-oop,5799,10900,10.779,1.880,1.029e-15,-,1
2248,1,z:r2c,nat-oop,10451,10903,5.987,1.043,6.594e-16,-,0
2248,1,z:r2c,nat-oop,10325,10901,6.061,1.056,6.594e-16,-,1
2250,1,z:r2c,nat-oop,1911,3453,32.777,1.807,5.652e-16,-,0
2250,1,z:r2c,nat-oop,1917,3399,32.675,1.773,5.652e-16,-,1
2252,1,z:r2c,nat-oop,10703,10924,5.858,1.021,5.317e-16,-,0
2252,1,z:r2c,nat-oop,10664,10926,5.880,1.025,5.317e-16,-,1
2254,1,z:r2c,nat-oop,2413,3839,26.006,1.591,8.113e-16,-,0
2254,1,z:r2c,nat-oop,2243,3786,27.987,1.688,8.113e-16,-,1
2256,1,z:r2c,nat-oop,2691,8102,23.351,3.011,6.293e-16,-,0
2256,1,z:r2c,nat-oop,2693,8145,23.328,3.024,6.293e-16,-,1
2258,1,z:r2c,nat-oop,10672,10925,5.893,1.024,6.731e-16,-,0
2258,1,z:r2c,nat-oop,10527,10907,5.974,1.036,6.731e-16,-,1
2260,1,z:r2c,nat-oop,10578,10886,5.951,1.029,5.485e-16,-,0
2260,1,z:r2c,nat-oop,10542,10877,5.971,1.032,5.485e-16,-,1
2262,1,z:r2c,nat-oop,2464,5547,25.579,2.252,5.984e-16,-,0
2262,1,z:r2c,nat-oop,2499,5540,25.216,2.217,5.984e-16,-,1
2264,1,z:r2c,nat-oop,10538,10871,5.986,1.032,4.274e-16,-,0
2264,1,z:r2c,nat-oop,10576,10911,5.965,1.032,4.274e-16,-,1
2266,1,z:r2c,nat-oop,10520,10926,6.002,1.039,7.156e-16,-,0
2266,1,z:r2c,nat-oop,10713,10944,5.894,1.022,7.156e-16,-,1
2268,1,z:r2c,nat-oop,1901,3830,33.245,2.015,6.820e-16,-,0
2268,1,z:r2c,nat-oop,1909,3826,33.115,2.005,6.820e-16,-,1
2270,1,z:r2c,nat-oop,10477,10942,6.039,1.044,6.767e-16,-,0
2270,1,z:r2c,nat-oop,10423,10896,6.070,1.045,6.767e-16,-,1
2272,1,z:r2c,nat-oop,10567,10768,5.993,1.019,7.336e-16,-,0
2272,1,z:r2c,nat-oop,10594,10780,5.978,1.018,7.336e-16,-,1
2274,1,z:r2c,nat-oop,10548,10947,6.010,1.038,5.604e-16,-,0
2274,1,z:r2c,nat-oop,10586,10896,5.989,1.029,5.604e-16,-,1
2276,1,z:r2c,nat-oop,10587,10902,5.994,1.030,5.455e-16,-,0
2276,1,z:r2c,nat-oop,10648,10905,5.959,1.024,5.455e-16,-,1
2278,1,z:r2c,nat-oop,10675,9697,5.950,0.908,6.104e-16,-,0
2278,1,z:r2c,nat-oop,10486,9833,6.058,0.938,6.104e-16,-,1
2280,1,z:r2c,nat-oop,1882,5350,33.785,2.843,5.673e-16,-,0
2280,1,z:r2c,nat-oop,1809,5497,35.155,3.039,5.673e-16,-,1
2282,1,z:r2c,nat-oop,10686,10885,5.956,1.019,5.383e-16,-,0
2282,1,z:r2c,nat-oop,10465,10933,6.082,1.045,5.383e-16,-,1
2284,1,z:r2c,nat-oop,10407,10902,6.122,1.047,6.389e-16,-,0
2284,1,z:r2c,nat-oop,10415,10911,6.117,1.048,6.389e-16,-,1
2286,1,z:r2c,nat-oop,10474,10917,6.088,1.042,5.433e-16,-,0
2286,1,z:r2c,nat-oop,10657,10881,5.984,1.021,5.433e-16,-,1
2288,1,z:r2c,nat-oop,1845,5699,34.607,3.089,9.964e-16,-,0
2288,1,z:r2c,nat-oop,1791,5694,35.635,3.179,9.964e-16,-,1
2290,1,z:r2c,nat-oop,10798,10892,5.917,1.009,5.813e-16,-,0
2290,1,z:r2c,nat-oop,10606,10893,6.025,1.027,5.813e-16,-,1
2292,1,z:r2c,nat-oop,10477,10957,6.105,1.046,7.613e-16,-,0
2292,1,z:r2c,nat-oop,10442,10982,6.126,1.052,7.613e-16,-,1
2294,1,z:r2c,nat-oop,2884,8138,22.197,2.822,1.045e-15,-,0
2294,1,z:r2c,nat-oop,2858,8229,22.399,2.879,1.045e-15,-,1
2296,1,z:r2c,nat-oop,2431,7284,26.359,2.996,7.916e-16,-,0
2296,1,z:r2c,nat-oop,2452,7497,26.133,3.057,7.916e-16,-,1
2298,1,z:r2c,nat-oop,10641,10905,6.028,1.025,7.079e-16,-,0
2298,1,z:r2c,nat-oop,10662,10886,6.017,1.021,7.079e-16,-,1
2300,1,z:r2c,nat-oop,2166,4927,29.645,2.275,8.240e-16,-,0
2300,1,z:r2c,nat-oop,2186,4899,29.375,2.241,8.240e-16,-,1
2302,1,z:r2c,nat-oop,6769,10952,9.496,1.618,8.490e-16,-,0
2302,1,z:r2c,nat-oop,6996,10899,9.187,1.558,8.490e-16,-,1
2304,1,z:r2c,nat-oop,1206,4320,53.369,3.583,5.365e-16,-,0
2304,1,z:r2c,nat-oop,1212,4316,53.080,3.561,5.365e-16,-,1
2306,1,z:r2c,nat-oop,4528,10930,14.223,2.414,7.324e-16,-,0
2306,1,z:r2c,nat-oop,4475,10888,14.391,2.433,7.324e-16,-,1
2308,1,z:r2c,nat-oop,10823,10906,5.956,1.008,5.777e-16,-,0
2308,1,z:r2c,nat-oop,10565,10910,6.102,1.033,5.777e-16,-,1
2310,1,z:r2c,nat-oop,2035,3721,31.714,1.829,5.677e-16,-,0
2310,1,z:r2c,nat-oop,2054,3676,31.414,1.790,5.677e-16,-,1
2312,1,z:r2c,nat-oop,2422,5781,26.670,2.387,8.449e-16,-,0
2312,1,z:r2c,nat-oop,2512,5815,25.710,2.315,8.449e-16,-,1
2314,1,z:r2c,nat-oop,10428,11519,6.200,1.105,4.021e-16,-,0
2314,1,z:r2c,nat-oop,10645,11458,6.074,1.076,4.021e-16,-,1
2316,1,z:r2c,nat-oop,10502,10977,6.162,1.045,7.019e-16,-,0
2316,1,z:r2c,nat-oop,10454,10904,6.191,1.043,7.019e-16,-,1
2318,1,z:r2c,nat-oop,10602,9559,6.110,0.902,6.070e-16,-,0
2318,1,z:r2c,nat-oop,10640,9530,6.089,0.896,6.070e-16,-,1
2320,1,z:r2c,nat-oop,2176,6324,29.799,2.906,5.960e-16,-,0
2320,1,z:r2c,nat-oop,2259,6323,28.699,2.798,5.960e-16,-,1
2322,1,z:r2c,nat-oop,2353,7502,27.584,3.188,6.660e-16,-,0
2322,1,z:r2c,nat-oop,2371,7349,27.381,3.100,6.660e-16,-,1
2324,1,z:r2c,nat-oop,10357,10385,6.273,1.003,6.387e-16,-,0
2324,1,z:r2c,nat-oop,10576,10208,6.143,0.965,6.387e-16,-,1
2326,1,z:r2c,nat-oop,10687,10967,6.085,1.026,5.274e-16,-,0
2326,1,z:r2c,nat-oop,10597,10885,6.137,1.027,5.274e-16,-,1
2328,1,z:r2c,nat-oop,10576,13461,6.155,1.273,6.377e-16,-,0
2328,1,z:r2c,nat-oop,10849,13519,6.000,1.246,6.377e-16,-,1
2330,1,z:r2c,nat-oop,10582,10884,6.157,1.029,6.281e-16,-,0
2330,1,z:r2c,nat-oop,10620,11009,6.136,1.037,6.281e-16,-,1
2332,1,z:r2c,nat-oop,10360,8142,6.296,0.786,5.082e-16,-,0
2332,1,z:r2c,nat-oop,10606,8180,6.149,0.771,5.082e-16,-,1
2334,1,z:r2c,nat-oop,12088,10943,5.401,0.905,4.675e-16,-,0
2334,1,z:r2c,nat-oop,10558,10887,6.184,1.031,4.675e-16,-,1
2336,1,z:r2c,nat-oop,10490,11089,6.230,1.057,6.429e-16,-,0
2336,1,z:r2c,nat-oop,10522,11072,6.211,1.052,6.429e-16,-,1
2338,1,z:r2c,nat-oop,10696,10946,6.115,1.023,4.207e-16,-,0
2338,1,z:r2c,nat-oop,10871,10977,6.017,1.010,4.207e-16,-,1
2340,1,z:r2c,nat-oop,1835,4623,35.674,2.519,5.220e-16,-,0
2340,1,z:r2c,nat-oop,1847,4604,35.458,2.493,5.220e-16,-,1
2342,1,z:r2c,nat-oop,5035,10904,13.017,2.166,9.354e-16,-,0
2342,1,z:r2c,nat-oop,5090,10953,12.877,2.152,9.354e-16,-,1
2344,1,z:r2c,nat-oop,10621,10938,6.177,1.030,4.835e-16,-,0
2344,1,z:r2c,nat-oop,10476,10918,6.262,1.042,4.835e-16,-,1
2346,1,z:r2c,nat-oop,2939,5842,22.343,1.988,8.984e-16,-,0
2346,1,z:r2c,nat-oop,2752,5918,23.859,2.150,8.984e-16,-,1
2348,1,z:r2c,nat-oop,10631,11021,6.182,1.037,6.350e-16,-,0
2348,1,z:r2c,nat-oop,10613,10907,6.193,1.028,6.350e-16,-,1
2350,1,z:r2c,nat-oop,2545,6551,25.853,2.574,4.320e-16,-,0
2350,1,z:r2c,nat-oop,2658,6538,24.749,2.459,4.320e-16,-,1
2352,1,z:r2c,nat-oop,1794,3973,36.700,2.214,5.396e-16,-,0
2352,1,z:r2c,nat-oop,1804,3973,36.506,2.202,5.396e-16,-,1
2354,1,z:r2c,nat-oop,10577,11010,6.232,1.041,5.388e-16,-,0
2354,1,z:r2c,nat-oop,10813,10951,6.096,1.013,5.388e-16,-,1
2356,1,z:r2c,nat-oop,3289,7161,20.061,2.177,1.849e-15,-,0
2356,1,z:r2c,nat-oop,3002,7204,21.981,2.400,1.849e-15,-,1
2358,1,z:r2c,nat-oop,10429,10910,6.333,1.046,5.835e-16,-,0
2358,1,z:r2c,nat-oop,10462,10990,6.313,1.050,5.835e-16,-,1
2360,1,z:r2c,nat-oop,10713,9527,6.170,0.889,6.011e-16,-,0
2360,1,z:r2c,nat-oop,10494,9533,6.300,0.908,6.011e-16,-,1
2362,1,z:r2c,nat-oop,10745,10956,6.158,1.020,5.580e-16,-,0
2362,1,z:r2c,nat-oop,10537,10957,6.280,1.040,5.580e-16,-,1
2364,1,z:r2c,nat-oop,10615,10940,6.240,1.031,5.213e-16,-,0
2364,1,z:r2c,nat-oop,10414,10941,6.360,1.051,5.213e-16,-,1
2366,1,z:r2c,nat-oop,2706,4128,24.498,1.525,6.718e-16,-,0
2366,1,z:r2c,nat-oop,2227,4119,29.773,1.850,6.718e-16,-,1
2368,1,z:r2c,nat-oop,1979,7410,33.529,3.744,6.294e-16,-,0
2368,1,z:r2c,nat-oop,1954,7502,33.962,3.840,6.294e-16,-,1
2370,1,z:r2c,nat-oop,10466,10251,6.347,0.979,5.614e-16,-,0
2370,1,z:r2c,nat-oop,10505,10149,6.323,0.966,5.614e-16,-,1
2372,1,z:r2c,nat-oop,10478,10912,6.345,1.041,5.590e-16,-,0
2372,1,z:r2c,nat-oop,10444,10990,6.366,1.052,5.590e-16,-,1
2374,1,z:r2c,nat-oop,10449,10971,6.369,1.050,5.957e-16,-,0
2374,1,z:r2c,nat-oop,10382,10901,6.410,1.050,5.957e-16,-,1
2376,1,z:r2c,nat-oop,1674,4800,39.799,2.868,5.968e-16,-,0
2376,1,z:r2c,nat-oop,1638,4790,40.676,2.925,5.968e-16,-,1
2378,1,z:r2c,nat-oop,3091,8441,21.571,2.731,1.004e-15,-,0
2378,1,z:r2c,nat-oop,3077,8432,21.669,2.740,1.004e-15,-,1
2380,1,z:r2c,nat-oop,2105,3927,31.709,1.866,6.028e-16,-,0
2380,1,z:r2c,nat-oop,2061,3895,32.382,1.890,6.028e-16,-,1
2382,1,z:r2c,nat-oop,10704,10943,6.241,1.022,7.704e-16,-,0
2382,1,z:r2c,nat-oop,10777,10929,6.198,1.014,7.704e-16,-,1
2384,1,z:r2c,nat-oop,10678,10907,6.262,1.021,6.397e-16,-,0
2384,1,z:r2c,nat-oop,10618,10965,6.297,1.033,6.397e-16,-,1
2386,1,z:r2c,nat-oop,10702,10949,6.254,1.023,6.767e-16,-,0
2386,1,z:r2c,nat-oop,10551,10956,6.344,1.038,6.767e-16,-,1
2388,1,z:r2c,nat-oop,10538,10928,6.357,1.037,5.039e-16,-,0
2388,1,z:r2c,nat-oop,10703,10971,6.259,1.025,5.039e-16,-,1
2390,1,z:r2c,nat-oop,10494,10945,6.390,1.043,5.478e-16,-,0
2390,1,z:r2c,nat-oop,10519,10955,6.375,1.041,5.478e-16,-,1
2392,1,z:r2c,nat-oop,2447,6291,27.425,2.570,7.435e-16,-,0
2392,1,z:r2c,nat-oop,2409,6291,27.863,2.612,7.435e-16,-,1
2394,1,z:r2c,nat-oop,2502,4315,26.847,1.724,7.417e-16,-,0
2394,1,z:r2c,nat-oop,2569,4306,26.147,1.676,7.417e-16,-,1
2396,1,z:r2c,nat-oop,10599,10947,6.344,1.033,5.141e-16,-,0
2396,1,z:r2c,nat-oop,10448,10946,6.436,1.048,5.141e-16,-,1
2398,1,z:r2c,nat-oop,13748,11033,4.896,0.802,5.112e-16,-,0
2398,1,z:r2c,nat-oop,10485,10950,6.420,1.044,5.112e-16,-,1
2400,1,z:r2c,nat-oop,1568,4144,42.976,2.644,5.134e-16,-,0
2400,1,z:r2c,nat-oop,1573,4135,42.832,2.629,5.134e-16,-,1
2402,1,z:r2c,nat-oop,7046,10951,9.570,1.554,7.661e-16,-,0
2402,1,z:r2c,nat-oop,6920,10962,9.745,1.584,7.661e-16,-,1
2404,1,z:r2c,nat-oop,10685,10955,6.317,1.025,7.243e-16,-,0
2404,1,z:r2c,nat-oop,10495,10911,6.432,1.040,7.243e-16,-,1
2406,1,z:r2c,nat-oop,10481,10961,6.446,1.046,5.130e-16,-,0
2406,1,z:r2c,nat-oop,10805,10966,6.253,1.015,5.130e-16,-,1
2408,1,z:r2c,nat-oop,2721,8002,24.856,2.941,7.515e-16,-,0
2408,1,z:r2c,nat-oop,2739,8022,24.689,2.929,7.515e-16,-,1
2410,1,z:r2c,nat-oop,10623,10942,6.372,1.030,5.475e-16,-,0
2410,1,z:r2c,nat-oop,10658,10967,6.351,1.029,5.475e-16,-,1
2412,1,z:r2c,nat-oop,10723,10681,6.318,0.996,6.256e-16,-,0
2412,1,z:r2c,nat-oop,10716,10687,6.323,0.997,6.256e-16,-,1
2414,1,z:r2c,nat-oop,10621,10817,6.385,1.018,6.161e-16,-,0
2414,1,z:r2c,nat-oop,10699,10946,6.338,1.023,6.161e-16,-,1
2416,1,z:r2c,nat-oop,10564,10929,6.425,1.035,5.087e-16,-,0
2416,1,z:r2c,nat-oop,10621,10912,6.391,1.027,5.087e-16,-,1
2418,1,z:r2c,nat-oop,2950,6308,23.034,2.138,6.947e-16,-,0
2418,1,z:r2c,nat-oop,2861,6432,23.749,2.248,6.947e-16,-,1
2420,1,z:r2c,nat-oop,1979,4757,34.359,2.404,6.394e-16,-,0
2420,1,z:r2c,nat-oop,1955,4693,34.792,2.401,6.394e-16,-,1
2422,1,z:r2c,nat-oop,10650,10919,6.392,1.025,6.197e-16,-,0
2422,1,z:r2c,nat-oop,10475,10938,6.498,1.044,6.197e-16,-,1
2424,1,z:r2c,nat-oop,10614,10950,6.419,1.032,6.954e-16,-,0
2424,1,z:r2c,nat-oop,12097,10941,5.632,0.904,6.954e-16,-,1
2426,1,z:r2c,nat-oop,12223,10954,5.579,0.896,5.759e-16,-,0
2426,1,z:r2c,nat-oop,10645,10945,6.406,1.028,5.759e-16,-,1
2428,1,z:r2c,nat-oop,10704,10971,6.377,1.025,5.826e-16,-,0
2428,1,z:r2c,nat-oop,10533,10986,6.480,1.043,5.826e-16,-,1
2430,1,z:r2c,nat-oop,2074,3980,32.936,1.919,6.701e-16,-,0
2430,1,z:r2c,nat-oop,2109,3872,32.397,1.836,6.701e-16,-,1
2432,1,z:r2c,nat-oop,1688,5888,40.508,3.488,4.772e-16,-,0
2432,1,z:r2c,nat-oop,1811,5905,37.763,3.261,4.772e-16,-,1
2434,1,z:r2c,nat-oop,5472,10968,12.508,2.004,7.425e-16,-,0
2434,1,z:r2c,nat-oop,5455,10943,12.549,2.006,7.425e-16,-,1
2436,1,z:r2c,nat-oop,2581,5935,26.543,2.299,5.969e-16,-,0
2436,1,z:r2c,nat-oop,2610,5928,26.248,2.271,5.969e-16,-,1
2438,1,z:r2c,nat-oop,10485,9624,6.540,0.918,5.674e-16,-,0
2438,1,z:r2c,nat-oop,10560,9582,6.494,0.907,5.674e-16,-,1
2440,1,z:r2c,nat-oop,10587,10045,6.484,0.949,6.581e-16,-,0
2440,1,z:r2c,nat-oop,10561,10051,6.500,0.952,6.581e-16,-,1
2442,1,z:r2c,nat-oop,3039,6743,22.609,2.219,7.328e-16,-,0
2442,1,z:r2c,nat-oop,3020,6779,22.750,2.245,7.328e-16,-,1
2444,1,z:r2c,nat-oop,3701,8222,18.582,2.222,6.316e-16,-,0
2444,1,z:r2c,nat-oop,3806,8205,18.071,2.156,6.316e-16,-,1
2446,1,z:r2c,nat-oop,10470,11019,6.574,1.052,7.157e-16,-,0
2446,1,z:r2c,nat-oop,10465,10975,6.578,1.049,7.157e-16,-,1
2448,1,z:r2c,nat-oop,1857,5445,37.108,2.933,5.910e-16,-,0
2448,1,z:r2c,nat-oop,1866,5455,36.917,2.923,5.910e-16,-,1
2450,1,z:r2c,nat-oop,2250,3482,30.642,1.547,5.457e-16,-,0
2450,1,z:r2c,nat-oop,2303,3403,29.946,1.478,5.457e-16,-,1
2452,1,z:r2c,nat-oop,10854,10967,6.359,1.010,5.773e-16,-,0
2452,1,z:r2c,nat-oop,10677,10940,6.465,1.025,5.773e-16,-,1
2454,1,z:r2c,nat-oop,10661,10964,6.480,1.028,4.559e-16,-,0
2454,1,z:r2c,nat-oop,10530,10957,6.561,1.041,4.559e-16,-,1
2456,1,z:r2c,nat-oop,10539,10957,6.562,1.040,6.634e-16,-,0
2456,1,z:r2c,nat-oop,10737,10963,6.440,1.021,6.634e-16,-,1
2458,1,z:r2c,nat-oop,10704,10959,6.466,1.024,5.953e-16,-,0
2458,1,z:r2c,nat-oop,10712,10948,6.461,1.022,5.953e-16,-,1
2460,1,z:r2c,nat-oop,2826,7617,24.512,2.695,5.764e-16,-,0
2460,1,z:r2c,nat-oop,2856,7582,24.259,2.655,5.764e-16,-,1
2462,1,z:r2c,nat-oop,10238,10955,6.773,1.070,9.693e-16,-,0
2462,1,z:r2c,nat-oop,10624,10974,6.527,1.033,9.693e-16,-,1
2464,1,z:r2c,nat-oop,1667,5042,41.646,3.025,6.213e-16,-,0
2464,1,z:r2c,nat-oop,1677,4998,41.375,2.980,6.213e-16,-,1
2466,1,z:r2c,nat-oop,10529,10936,6.597,1.039,7.311e-16,-,0
2466,1,z:r2c,nat-oop,10439,10949,6.655,1.049,7.311e-16,-,1
2468,1,z:r2c,nat-oop,10514,10952,6.613,1.042,6.202e-16,-,0
2468,1,z:r2c,nat-oop,10711,10928,6.491,1.020,6.202e-16,-,1
2470,1,z:r2c,nat-oop,2481,5080,28.053,2.048,7.554e-16,-,0
2470,1,z:r2c,nat-oop,2639,5089,26.370,1.928,7.554e-16,-,1
2472,1,z:r2c,nat-oop,10566,10947,6.593,1.036,6.158e-16,-,0
2472,1,z:r2c,nat-oop,10832,10977,6.431,1.013,6.158e-16,-,1
2474,1,z:r2c,nat-oop,10748,10965,6.487,1.020,6.029e-16,-,0
2474,1,z:r2c,nat-oop,10548,10940,6.610,1.037,6.029e-16,-,1
2476,1,z:r2c,nat-oop,10603,10939,6.581,1.032,7.028e-16,-,0
2476,1,z:r2c,nat-oop,10612,10939,6.576,1.031,7.028e-16,-,1
2478,1,z:r2c,nat-oop,10520,8205,6.639,0.780,5.786e-16,-,0
2478,1,z:r2c,nat-oop,10796,8290,6.470,0.768,5.786e-16,-,1
2480,1,z:r2c,nat-oop,2370,7197,29.493,3.036,6.696e-16,-,0
2480,1,z:r2c,nat-oop,2404,7225,29.086,3.006,6.696e-16,-,1
2482,1,z:r2c,nat-oop,10492,11102,6.670,1.058,7.763e-16,-,0
2482,1,z:r2c,nat-oop,10512,11093,6.657,1.055,7.763e-16,-,1
2484,1,z:r2c,nat-oop,2359,6314,29.693,2.677,7.788e-16,-,0
2484,1,z:r2c,nat-oop,2356,6293,29.722,2.670,7.788e-16,-,1
2486,1,z:r2c,nat-oop,10808,11003,6.486,1.018,5.001e-16,-,0
2486,1,z:r2c,nat-oop,10793,10970,6.495,1.016,5.001e-16,-,1
2488,1,z:r2c,nat-oop,10725,10957,6.543,1.022,6.041e-16,-,0
2488,1,z:r2c,nat-oop,10993,10985,6.383,0.999,6.041e-16,-,1
2490,1,z:r2c,nat-oop,10655,11007,6.591,1.033,5.458e-16,-,0
2490,1,z:r2c,nat-oop,10880,11091,6.455,1.019,5.458e-16,-,1
2492,1,z:r2c,nat-oop,10818,11535,6.498,1.066,5.752e-16,-,0
2492,1,z:r2c,nat-oop,10733,11546,6.549,1.076,5.752e-16,-,1
2494,1,z:r2c,nat-oop,3310,9205,21.253,2.781,1.167e-15,-,0
2494,1,z:r2c,nat-oop,3279,9232,21.456,2.815,1.167e-15,-,1
2496,1,z:r2c,nat-oop,1688,5264,41.723,3.119,5.458e-16,-,0
2496,1,z:r2c,nat-oop,1702,5277,41.366,3.100,5.458e-16,-,1
2498,1,z:r2c,nat-oop,5746,11017,12.266,1.917,1.200e-15,-,0
2498,1,z:r2c,nat-oop,5672,10997,12.427,1.939,1.200e-15,-,1
2500,1,z:r2c,nat-oop,2227,3735,31.675,1.677,5.362e-16,-,0
2500,1,z:r2c,nat-oop,2238,3839,31.526,1.715,5.362e-16,-,1
2502,1,z:r2c,nat-oop,10841,11003,6.514,1.015,5.709e-16,-,0
2502,1,z:r2c,nat-oop,10863,10976,6.500,1.010,5.709e-16,-,1
2504,1,z:r2c,nat-oop,10445,10936,6.766,1.047,5.481e-16,-,0
2504,1,z:r2c,nat-oop,10568,10959,6.688,1.037,5.481e-16,-,1
2506,1,z:r2c,nat-oop,10735,11028,6.590,1.027,5.239e-16,-,0
2506,1,z:r2c,nat-oop,10713,10990,6.603,1.026,5.239e-16,-,1
2508,1,z:r2c,nat-oop,2569,5920,27.562,2.304,8.182e-16,-,0
2508,1,z:r2c,nat-oop,2625,5945,26.973,2.265,8.182e-16,-,1
2510,1,z:r2c,nat-oop,10796,11011,6.564,1.020,5.335e-16,-,0
2510,1,z:r2c,nat-oop,10849,10953,6.532,1.010,5.335e-16,-,1
2512,1,z:r2c,nat-oop,10582,10943,6.703,1.034,5.069e-16,-,0
2512,1,z:r2c,nat-oop,10523,10953,6.740,1.041,5.069e-16,-,1
2514,1,z:r2c,nat-oop,10547,11009,6.731,1.044,5.365e-16,-,0
2514,1,z:r2c,nat-oop,10760,10992,6.598,1.022,5.365e-16,-,1
2516,1,z:r2c,nat-oop,3396,7735,20.921,2.277,1.293e-15,-,0
2516,1,z:r2c,nat-oop,3353,7752,21.193,2.312,1.293e-15,-,1
2518,1,z:r2c,nat-oop,10770,11009,6.604,1.022,4.905e-16,-,0
2518,1,z:r2c,nat-oop,10465,10997,6.796,1.051,4.905e-16,-,1
2520,1,z:r2c,nat-oop,1716,4282,41.483,2.495,5.939e-16,-,0
2520,1,z:r2c,nat-oop,1702,4259,41.821,2.502,5.939e-16,-,1
2522,1,z:r2c,nat-oop,10779,13500,6.610,1.252,8.352e-16,-,0
2522,1,z:r2c,nat-oop,10536,13451,6.763,1.277,8.352e-16,-,1
2524,1,z:r2c,nat-oop,10852,10959,6.572,1.010,6.522e-16,-,0
2524,1,z:r2c,nat-oop,10597,11012,6.729,1.039,6.522e-16,-,1
2526,1,z:r2c,nat-oop,10496,10935,6.800,1.042,4.915e-16,-,0
2526,1,z:r2c,nat-oop,10612,10983,6.726,1.035,4.915e-16,-,1
2528,1,z:r2c,nat-oop,10722,12896,6.663,1.203,6.355e-16,-,0
2528,1,z:r2c,nat-oop,10734,12923,6.655,1.204,6.355e-16,-,1
2530,1,z:r2c,nat-oop,2578,5736,27.737,2.225,6.649e-16,-,0
2530,1,z:r2c,nat-oop,2631,5578,27.181,2.120,6.649e-16,-,1
2532,1,z:r2c,nat-oop,10672,12019,6.706,1.126,6.113e-16,-,0
2532,1,z:r2c,nat-oop,10943,10952,6.540,1.001,6.113e-16,-,1
2534,1,z:r2c,nat-oop,10751,10962,6.663,1.020,6.312e-16,-,0
2534,1,z:r2c,nat-oop,10552,10977,6.788,1.040,6.312e-16,-,1
2536,1,z:r2c,nat-oop,10738,11001,6.677,1.025,6.776e-16,-,0
2536,1,z:r2c,nat-oop,10780,10935,6.651,1.014,6.776e-16,-,1
2538,1,z:r2c,nat-oop,2742,8613,26.169,3.141,5.319e-16,-,0
2538,1,z:r2c,nat-oop,2782,8571,25.795,3.081,5.319e-16,-,1
2540,1,z:r2c,nat-oop,10682,11006,6.724,1.030,5.707e-16,-,0
2540,1,z:r2c,nat-oop,10869,10962,6.608,1.009,5.707e-16,-,1
2542,1,z:r2c,nat-oop,3415,9367,21.049,2.743,1.252e-15,-,0
2542,1,z:r2c,nat-oop,3340,9363,21.520,2.803,1.252e-15,-,1
2544,1,z:r2c,nat-oop,10461,9757,6.878,0.933,6.726e-16,-,0
2544,1,z:r2c,nat-oop,10515,9712,6.842,0.924,6.726e-16,-,1
2546,1,z:r2c,nat-oop,10470,11322,6.878,1.081,5.464e-16,-,0
2546,1,z:r2c,nat-oop,14503,11383,4.965,0.785,5.464e-16,-,1
2548,1,z:r2c,nat-oop,2727,3870,26.429,1.419,7.924e-16,-,0
2548,1,z:r2c,nat-oop,2696,3840,26.731,1.424,7.924e-16,-,1
2550,1,z:r2c,nat-oop,2485,4910,29.036,1.976,5.307e-16,-,0
2550,1,z:r2c,nat-oop,2660,4833,27.118,1.817,5.307e-16,-,1
2552,1,z:r2c,nat-oop,2729,7100,26.459,2.602,5.974e-16,-,0
2552,1,z:r2c,nat-oop,2804,7113,25.754,2.537,5.974e-16,-,1
2554,1,z:r2c,nat-oop,7861,11013,9.193,1.401,9.891e-16,-,0
2554,1,z:r2c,nat-oop,7830,10988,9.230,1.403,9.891e-16,-,1
2556,1,z:r2c,nat-oop,10718,11915,6.749,1.112,6.854e-16,-,0
2556,1,z:r2c,nat-oop,10675,11881,6.776,1.113,6.854e-16,-,1
2558,1,z:r2c,nat-oop,10853,10988,6.670,1.012,7.179e-16,-,0
2558,1,z:r2c,nat-oop,10761,11006,6.728,1.023,7.179e-16,-,1
2560,1,z:r2c,nat-oop,1323,4664,54.770,3.525,4.233e-16,-,0
2560,1,z:r2c,nat-oop,1325,4672,54.682,3.526,4.233e-16,-,1
2562,1,z:r2c,nat-oop,10818,8712,6.704,0.805,6.674e-16,-,0
2562,1,z:r2c,nat-oop,10792,8734,6.720,0.809,6.674e-16,-,1
2564,1,z:r2c,nat-oop,10633,10999,6.827,1.034,7.379e-16,-,0
2564,1,z:r2c,nat-oop,10607,11055,6.843,1.042,7.379e-16,-,1
2566,1,z:r2c,nat-oop,10773,11028,6.744,1.024,5.614e-16,-,0
2566,1,z:r2c,nat-oop,10783,10994,6.738,1.020,5.614e-16,-,1
2568,1,z:r2c,nat-oop,10849,10982,6.703,1.012,6.482e-16,-,0
2568,1,z:r2c,nat-oop,12684,12051,5.733,0.950,6.482e-16,-,1
2570,1,z:r2c,nat-oop,10803,11006,6.737,1.019,5.687e-16,-,0
2570,1,z:r2c,nat-oop,10516,11019,6.921,1.048,5.687e-16,-,1
2572,1,z:r2c,nat-oop,10617,10988,6.861,1.035,6.058e-16,-,0
2572,1,z:r2c,nat-oop,10806,11017,6.741,1.020,6.058e-16,-,1
2574,1,z:r2c,nat-oop,2417,5151,30.167,2.132,6.884e-16,-,0
2574,1,z:r2c,nat-oop,2319,5188,31.435,2.237,6.884e-16,-,1
2576,1,z:r2c,nat-oop,2207,6630,33.071,3.005,5.969e-16,-,0
2576,1,z:r2c,nat-oop,2228,6590,32.752,2.958,5.969e-16,-,1
2578,1,z:r2c,nat-oop,7398,10980,9.873,1.484,8.584e-16,-,0
2578,1,z:r2c,nat-oop,7583,11016,9.631,1.453,8.584e-16,-,1
2580,1,z:r2c,nat-oop,3096,8427,23.610,2.722,8.057e-16,-,0
2580,1,z:r2c,nat-oop,3074,8468,23.778,2.754,8.057e-16,-,1
2582,1,z:r2c,nat-oop,9835,10998,7.439,1.118,8.785e-16,-,0
2582,1,z:r2c,nat-oop,9743,11037,7.509,1.133,8.785e-16,-,1
2584,1,z:r2c,nat-oop,2865,6825,25.562,2.383,7.676e-16,-,0
2584,1,z:r2c,nat-oop,3177,6861,23.050,2.160,7.676e-16,-,1
2586,1,z:r2c,nat-oop,10519,11064,6.967,1.052,5.219e-16,-,0
2586,1,z:r2c,nat-oop,10792,10981,6.791,1.018,5.219e-16,-,1
2588,1,z:r2c,nat-oop,10484,11029,6.997,1.052,5.875e-16,-,0
2588,1,z:r2c,nat-oop,10713,11334,6.847,1.058,5.875e-16,-,1
2590,1,z:r2c,nat-oop,2879,6041,25.504,2.098,6.746e-16,-,0
2590,1,z:r2c,nat-oop,2912,6087,25.212,2.090,6.746e-16,-,1
2592,1,z:r2c,nat-oop,1688,4881,43.522,2.891,5.795e-16,-,0
2592,1,z:r2c,nat-oop,1684,4899,43.639,2.909,5.795e-16,-,1
2594,1,z:r2c,nat-oop,8067,11008,9.117,1.365,9.244e-16,-,0
2594,1,z:r2c,nat-oop,9135,10993,8.051,1.203,9.244e-16,-,1
2596,1,z:r2c,nat-oop,10673,9913,6.897,0.929,6.378e-16,-,0
2596,1,z:r2c,nat-oop,10685,9932,6.889,0.930,6.378e-16,-,1
2598,1,z:r2c,nat-oop,10558,11046,6.978,1.046,5.658e-16,-,0
2598,1,z:r2c,nat-oop,10736,11004,6.862,1.025,5.658e-16,-,1
2600,1,z:r2c,nat-oop,2680,5246,27.517,1.958,6.206e-16,-,0
2600,1,z:r2c,nat-oop,2015,5237,36.592,2.599,6.206e-16,-,1
2602,1,z:r2c,nat-oop,8256,11031,8.940,1.336,1.341e-15,-,0
2602,1,z:r2c,nat-oop,8673,11104,8.509,1.280,1.341e-15,-,1
2604,1,z:r2c,nat-oop,2874,6844,25.697,2.381,5.267e-16,-,0
2604,1,z:r2c,nat-oop,2898,6852,25.489,2.364,5.267e-16,-,1
2606,1,z:r2c,nat-oop,9487,11052,7.793,1.165,8.595e-16,-,0
2606,1,z:r2c,nat-oop,9472,10986,7.805,1.160,8.595e-16,-,1
2608,1,z:r2c,nat-oop,10519,10969,7.035,1.043,5.973e-16,-,0
2608,1,z:r2c,nat-oop,10631,11018,6.960,1.036,5.973e-16,-,1
2610,1,z:r2c,nat-oop,3030,6582,24.445,2.172,6.540e-16,-,0
2610,1,z:r2c,nat-oop,2900,6688,25.534,2.306,6.540e-16,-,1
2612,1,z:r2c,nat-oop,10813,11000,6.855,1.017,4.931e-16,-,0
2612,1,z:r2c,nat-oop,10752,11006,6.894,1.024,4.931e-16,-,1
2614,1,z:r2c,nat-oop,10595,11079,7.002,1.046,6.637e-16,-,0
2614,1,z:r2c,nat-oop,10769,10999,6.889,1.021,6.637e-16,-,1
2616,1,z:r2c,nat-oop,10540,11015,7.044,1.045,6.366e-16,-,0
2616,1,z:r2c,nat-oop,10679,10981,6.953,1.028,6.366e-16,-,1
2618,1,z:r2c,nat-oop,2515,4873,29.551,1.938,7.687e-16,-,0
2618,1,z:r2c,nat-oop,2611,4854,28.461,1.859,7.687e-16,-,1
2620,1,z:r2c,nat-oop,10618,10998,7.005,1.036,6.787e-16,-,0
2620,1,z:r2c,nat-oop,14337,11079,5.188,0.773,6.787e-16,-,1
2622,1,z:r2c,nat-oop,3093,7035,24.069,2.275,1.499e-15,-,0
2622,1,z:r2c,nat-oop,3061,7006,24.320,2.289,1.499e-15,-,1
2624,1,z:r2c,nat-oop,2298,8585,32.417,3.735,4.803e-16,-,0
2624,1,z:r2c,nat-oop,2429,8583,30.671,3.533,4.803e-16,-,1
2626,1,z:r2c,nat-oop,10526,11107,7.084,1.055,4.587e-16,-,0
2626,1,z:r2c,nat-oop,10741,11003,6.942,1.024,4.587e-16,-,1
2628,1,z:r2c,nat-oop,10569,12208,7.062,1.155,8.798e-16,-,0
2628,1,z:r2c,nat-oop,10723,12160,6.960,1.134,8.798e-16,-,1
2630,1,z:r2c,nat-oop,10556,10986,7.076,1.041,6.165e-16,-,0
2630,1,z:r2c,nat-oop,10519,11024,7.101,1.048,6.165e-16,-,1
2632,1,z:r2c,nat-oop,3142,9349,23.798,2.976,5.450e-16,-,0
2632,1,z:r2c,nat-oop,3222,9428,23.206,2.926,5.450e-16,-,1
2634,1,z:r2c,nat-oop,10700,11008,6.993,1.029,5.650e-16,-,0
2634,1,z:r2c,nat-oop,10684,11086,7.003,1.038,5.650e-16,-,1
2636,1,z:r2c,nat-oop,10723,11040,6.984,1.030,6.005e-16,-,0
2636,1,z:r2c,nat-oop,10560,11035,7.092,1.045,6.005e-16,-,1
2638,1,z:r2c,nat-oop,10801,11022,6.939,1.020,6.019e-16,-,0
2638,1,z:r2c,nat-oop,10786,11009,6.949,1.021,6.019e-16,-,1
2640,1,z:r2c,nat-oop,1849,5383,40.572,2.911,6.276e-16,-,0
2640,1,z:r2c,nat-oop,1824,5384,41.126,2.951,6.276e-16,-,1
2642,1,z:r2c,nat-oop,6221,11072,12.068,1.780,7.065e-16,-,0
2642,1,z:r2c,nat-oop,6205,11045,12.101,1.780,7.065e-16,-,1
2644,1,z:r2c,nat-oop,10685,10982,7.033,1.028,5.956e-16,-,0
2644,1,z:r2c,nat-oop,10693,11053,7.028,1.034,5.956e-16,-,1
2646,1,z:r2c,nat-oop,2209,4142,34.041,1.875,6.379e-16,-,0
2646,1,z:r2c,nat-oop,2333,4023,32.240,1.724,6.379e-16,-,1
2648,1,z:r2c,nat-oop,10804,11014,6.968,1.019,5.885e-16,-,0
2648,1,z:r2c,nat-oop,10818,11061,6.958,1.023,5.885e-16,-,1
2650,1,z:r2c,nat-oop,10567,7955,7.130,0.753,6.032e-16,-,0
2650,1,z:r2c,nat-oop,10620,7964,7.094,0.750,6.032e-16,-,1
2652,1,z:r2c,nat-oop,2746,5975,27.463,2.176,7.463e-16,-,0
2652,1,z:r2c,nat-oop,2607,6032,28.923,2.314,7.463e-16,-,1
2654,1,z:r2c,nat-oop,6959,11015,10.844,1.583,1.088e-15,-,0
2654,1,z:r2c,nat-oop,7239,11052,10.425,1.527,1.088e-15,-,1
2656,1,z:r2c,nat-oop,10563,14014,7.150,1.327,7.002e-16,-,0
2656,1,z:r2c,nat-oop,10572,13932,7.144,1.318,7.002e-16,-,1
2658,1,z:r2c,nat-oop,10551,11073,7.164,1.049,6.667e-16,-,0
2658,1,z:r2c,nat-oop,10577,11039,7.147,1.044,6.667e-16,-,1
2660,1,z:r2c,nat-oop,2458,4900,30.781,1.994,6.302e-16,-,0
2660,1,z:r2c,nat-oop,2374,4929,31.865,2.076,6.302e-16,-,1
2662,1,z:r2c,nat-oop,2491,5478,30.402,2.199,8.568e-16,-,0
2662,1,z:r2c,nat-oop,2499,5488,30.297,2.196,8.568e-16,-,1
2664,1,z:r2c,nat-oop,2946,8391,25.728,2.849,5.951e-16,-,0
2664,1,z:r2c,nat-oop,2841,8296,26.680,2.921,5.951e-16,-,1
2666,1,z:r2c,nat-oop,3551,10278,21.360,2.894,1.231e-15,-,0
2666,1,z:r2c,nat-oop,3574,10334,21.221,2.891,1.231e-15,-,1
2668,1,z:r2c,nat-oop,3719,8413,20.413,2.262,1.239e-15,-,0
2668,1,z:r2c,nat-oop,3728,8335,20.366,2.236,1.239e-15,-,1
2670,1,z:r2c,nat-oop,10794,12380,7.039,1.147,6.859e-16,-,0
2670,1,z:r2c,nat-oop,10717,12384,7.089,1.155,6.859e-16,-,1
2672,1,z:r2c,nat-oop,10626,11018,7.156,1.037,5.732e-16,-,0
2672,1,z:r2c,nat-oop,10644,11021,7.144,1.035,5.732e-16,-,1
2674,1,z:r2c,nat-oop,10762,11036,7.072,1.025,5.496e-16,-,0
2674,1,z:r2c,nat-oop,10694,11037,7.117,1.032,5.496e-16,-,1
2676,1,z:r2c,nat-oop,10738,11013,7.094,1.026,6.243e-16,-,0
2676,1,z:r2c,nat-oop,10575,11021,7.203,1.042,6.243e-16,-,1
2678,1,z:r2c,nat-oop,10729,11060,7.105,1.031,6.611e-16,-,0
2678,1,z:r2c,nat-oop,10449,11019,7.296,1.055,6.611e-16,-,1
2680,1,z:r2c,nat-oop,10944,12027,6.972,1.099,6.345e-16,-,0
2680,1,z:r2c,nat-oop,10941,11942,6.974,1.092,6.345e-16,-,1
2682,1,z:r2c,nat-oop,10724,11054,7.121,1.031,7.076e-16,-,0
2682,1,z:r2c,nat-oop,10679,11034,7.151,1.033,7.076e-16,-,1
2684,1,z:r2c,nat-oop,10686,10416,7.152,0.975,7.136e-16,-,0
2684,1,z:r2c,nat-oop,10679,10486,7.157,0.982,7.136e-16,-,1
2686,1,z:r2c,nat-oop,10590,13033,7.223,1.231,5.405e-16,-,0
2686,1,z:r2c,nat-oop,10593,13066,7.221,1.233,5.405e-16,-,1
2688,1,z:r2c,nat-oop,1481,4815,51.696,3.252,6.389e-16,-,0
2688,1,z:r2c,nat-oop,1530,4803,50.028,3.139,6.389e-16,-,1
2690,1,z:r2c,nat-oop,10730,11032,7.141,1.028,5.419e-16,-,0
2690,1,z:r2c,nat-oop,10807,11081,7.090,1.025,5.419e-16,-,1
2692,1,z:r2c,nat-oop,10587,11017,7.243,1.041,6.866e-16,-,0
2692,1,z:r2c,nat-oop,10675,11008,7.183,1.031,6.866e-16,-,1
2694,1,z:r2c,nat-oop,10565,11036,7.265,1.045,6.255e-16,-,0
2694,1,z:r2c,nat-oop,10540,11079,7.282,1.051,6.255e-16,-,1
2696,1,z:r2c,nat-oop,10575,11044,7.263,1.044,7.236e-16,-,0
2696,1,z:r2c,nat-oop,10571,11097,7.266,1.050,7.236e-16,-,1
2698,1,z:r2c,nat-oop,10680,12722,7.198,1.191,7.949e-16,-,0
2698,1,z:r2c,nat-oop,10933,12601,7.032,1.153,7.949e-16,-,1
2700,1,z:r2c,nat-oop,2114,4510,36.399,2.133,4.625e-16,-,0
2700,1,z:r2c,nat-oop,2132,4535,36.091,2.127,4.625e-16,-,1
2702,1,z:r2c,nat-oop,10807,11058,7.126,1.023,5.524e-16,-,0
2702,1,z:r2c,nat-oop,10573,11033,7.284,1.044,5.524e-16,-,1
2704,1,z:r2c,nat-oop,2289,6913,33.664,3.020,8.722e-16,-,0
2704,1,z:r2c,nat-oop,2222,6927,34.681,3.117,8.722e-16,-,1
2706,1,z:r2c,nat-oop,3520,7928,21.910,2.252,6.609e-16,-,0
2706,1,z:r2c,nat-oop,3483,7930,22.147,2.277,6.609e-16,-,1
2708,1,z:r2c,nat-oop,10516,11023,7.341,1.048,4.275e-16,-,0
2708,1,z:r2c,nat-oop,10546,11006,7.320,1.044,4.275e-16,-,1
2710,1,z:r2c,nat-oop,10746,11077,7.190,1.031,4.952e-16,-,0
2710,1,z:r2c,nat-oop,10600,11047,7.289,1.042,4.952e-16,-,1
2712,1,z:r2c,nat-oop,12734,12156,6.073,0.955,5.241e-16,-,0
2712,1,z:r2c,nat-oop,12356,11047,6.258,0.894,5.241e-16,-,1
2714,1,z:r2c,nat-oop,10829,11504,7.147,1.062,7.687e-16,-,0
2714,1,z:r2c,nat-oop,10596,11540,7.304,1.089,7.687e-16,-,1
2716,1,z:r2c,nat-oop,10613,13647,7.298,1.286,5.719e-16,-,0
2716,1,z:r2c,nat-oop,10705,13693,7.235,1.279,5.719e-16,-,1
2718,1,z:r2c,nat-oop,10787,11159,7.187,1.035,5.932e-16,-,0
2718,1,z:r2c,nat-oop,10816,11057,7.167,1.022,5.932e-16,-,1
2720,1,z:r2c,nat-oop,2089,6346,37.146,3.038,5.077e-16,-,0
2720,1,z:r2c,nat-oop,2082,6052,37.270,2.907,5.077e-16,-,1
2722,1,z:r2c,nat-oop,6605,11055,11.756,1.674,7.430e-16,-,0
2722,1,z:r2c,nat-oop,6473,11043,11.995,1.706,7.430e-16,-,1
2724,1,z:r2c,nat-oop,10910,11026,7.123,1.011,5.267e-16,-,0
2724,1,z:r2c,nat-oop,10820,11066,7.182,1.023,5.267e-16,-,1
2726,1,z:r2c,nat-oop,3705,10688,20.991,2.885,1.550e-15,-,0
2726,1,z:r2c,nat-oop,3723,10730,20.889,2.882,1.550e-15,-,1
2728,1,z:r2c,nat-oop,2906,8119,26.782,2.793,6.957e-16,-,0
2728,1,z:r2c,nat-oop,2857,8110,27.243,2.838,6.957e-16,-,1
2730,1,z:r2c,nat-oop,2555,4741,30.487,1.855,7.493e-16,-,0
2730,1,z:r2c,nat-oop,2603,4620,29.927,1.775,7.493e-16,-,1
2732,1,z:r2c,nat-oop,10754,11059,7.251,1.028,6.546e-16,-,0
2732,1,z:r2c,nat-oop,10710,11110,7.280,1.037,6.546e-16,-,1
2734,1,z:r2c,nat-oop,10915,11048,7.149,1.012,6.342e-16,-,0
2734,1,z:r2c,nat-oop,10945,11038,7.130,1.009,6.342e-16,-,1
2736,1,z:r2c,nat-oop,2160,6685,36.152,3.095,6.366e-16,-,0
2736,1,z:r2c,nat-oop,2201,6717,35.477,3.051,6.366e-16,-,1
2738,1,z:r2c,nat-oop,3798,10282,20.579,2.707,1.872e-15,-,0
2738,1,z:r2c,nat-oop,3787,10269,20.638,2.711,1.872e-15,-,1
2740,1,z:r2c,nat-oop,10610,11037,7.373,1.040,4.949e-16,-,0
2740,1,z:r2c,nat-oop,10579,11046,7.394,1.044,4.949e-16,-,1
2742,1,z:r2c,nat-oop,10739,11073,7.290,1.031,5.396e-16,-,0
2742,1,z:r2c,nat-oop,10880,11064,7.196,1.017,5.396e-16,-,1
2744,1,z:r2c,nat-oop,2406,4547,32.568,1.890,6.709e-16,-,0
2744,1,z:r2c,nat-oop,2337,4539,33.527,1.942,6.709e-16,-,1
2746,1,z:r2c,nat-oop,10598,11061,7.400,1.044,5.654e-16,-,0
2746,1,z:r2c,nat-oop,10899,11082,7.195,1.017,5.654e-16,-,1
2748,1,z:r2c,nat-oop,10540,11063,7.446,1.050,6.089e-16,-,0
2748,1,z:r2c,nat-oop,10598,11059,7.406,1.044,6.089e-16,-,1
2750,1,z:r2c,nat-oop,2402,4490,32.706,1.870,6.543e-16,-,0
2750,1,z:r2c,nat-oop,2417,4456,32.494,1.843,6.543e-16,-,1
2752,1,z:r2c,nat-oop,2587,9426,30.382,3.643,6.073e-16,-,0
2752,1,z:r2c,nat-oop,2615,9443,30.057,3.610,6.073e-16,-,1
2754,1,z:r2c,nat-oop,2666,5557,29.509,2.084,5.867e-16,-,0
2754,1,z:r2c,nat-oop,2604,5704,30.209,2.190,5.867e-16,-,1
2756,1,z:r2c,nat-oop,13773,9852,5.717,0.715,5.963e-16,-,0
2756,1,z:r2c,nat-oop,10740,9809,7.332,0.913,5.963e-16,-,1
2758,1,z:r2c,nat-oop,10908,11086,7.225,1.016,7.251e-16,-,0
2758,1,z:r2c,nat-oop,10668,11084,7.387,1.039,7.251e-16,-,1
2760,1,z:r2c,nat-oop,2338,7085,33.729,3.030,7.033e-16,-,0
2760,1,z:r2c,nat-oop,2344,7100,33.645,3.029,7.033e-16,-,1
2762,1,z:r2c,nat-oop,8383,11074,9.416,1.321,1.028e-15,-,0
2762,1,z:r2c,nat-oop,9019,11070,8.752,1.227,1.028e-15,-,1
2764,1,z:r2c,nat-oop,10606,11041,7.448,1.041,4.865e-16,-,0
2764,1,z:r2c,nat-oop,10740,11063,7.355,1.030,4.865e-16,-,1
2766,1,z:r2c,nat-oop,10760,11088,7.348,1.030,7.152e-16,-,0
2766,1,z:r2c,nat-oop,10597,11058,7.461,1.043,7.152e-16,-,1
2768,1,z:r2c,nat-oop,10675,11034,7.413,1.034,6.473e-16,-,0
2768,1,z:r2c,nat-oop,10630,11058,7.444,1.040,6.473e-16,-,1
2770,1,z:r2c,nat-oop,10804,11063,7.330,1.024,5.156e-16,-,0
2770,1,z:r2c,nat-oop,10863,11049,7.290,1.017,5.156e-16,-,1
2772,1,z:r2c,nat-oop,2671,5452,29.668,2.041,6.182e-16,-,0
2772,1,z:r2c,nat-oop,2699,5432,29.369,2.013,6.182e-16,-,1
2774,1,z:r2c,nat-oop,10642,12871,7.454,1.209,8.473e-16,-,0
2774,1,z:r2c,nat-oop,10647,12938,7.450,1.215,8.473e-16,-,1
2776,1,z:r2c,nat-oop,10936,11050,7.259,1.011,5.669e-16,-,0
2776,1,z:r2c,nat-oop,10936,11076,7.259,1.013,5.669e-16,-,1
2778,1,z:r2c,nat-oop,10624,11073,7.478,1.042,6.080e-16,-,0
2778,1,z:r2c,nat-oop,10627,11046,7.476,1.039,6.080e-16,-,1
2780,1,z:r2c,nat-oop,10737,11061,7.406,1.030,5.877e-16,-,0
2780,1,z:r2c,nat-oop,10932,11093,7.274,1.015,5.877e-16,-,1
2782,1,z:r2c,nat-oop,10644,11036,7.476,1.037,5.416e-16,-,0
2782,1,z:r2c,nat-oop,10790,11070,7.375,1.026,5.416e-16,-,1
2784,1,z:r2c,nat-oop,2655,7803,29.993,2.938,7.271e-16,-,0
2784,1,z:r2c,nat-oop,2625,7735,30.342,2.947,7.271e-16,-,1
2786,1,z:r2c,nat-oop,10623,11054,7.503,1.041,8.057e-16,-,0
2786,1,z:r2c,nat-oop,10575,11065,7.537,1.046,8.057e-16,-,1
2788,1,z:r2c,nat-oop,4000,9016,19.945,2.254,1.882e-15,-,0
2788,1,z:r2c,nat-oop,3969,9098,20.100,2.292,1.882e-15,-,1
2790,1,z:r2c,nat-oop,3061,7666,26.084,2.505,6.614e-16,-,0
2790,1,z:r2c,nat-oop,3077,7517,25.945,2.443,6.614e-16,-,1
2792,1,z:r2c,nat-oop,10835,11094,7.374,1.024,5.895e-16,-,0
2792,1,z:r2c,nat-oop,10837,11095,7.373,1.024,5.895e-16,-,1
2794,1,z:r2c,nat-oop,10720,11076,7.459,1.033,6.882e-16,-,0
2794,1,z:r2c,nat-oop,10713,12108,7.464,1.130,6.882e-16,-,1
2796,1,z:r2c,nat-oop,10691,11064,7.485,1.035,5.930e-16,-,0
2796,1,z:r2c,nat-oop,10708,11112,7.474,1.038,5.930e-16,-,1
2798,1,z:r2c,nat-oop,10810,11063,7.410,1.023,6.345e-16,-,0
2798,1,z:r2c,nat-oop,10718,11104,7.473,1.036,6.345e-16,-,1
2800,1,z:r2c,nat-oop,2229,4744,35.968,2.129,6.049e-16,-,0
2800,1,z:r2c,nat-oop,2184,4733,36.696,2.167,6.049e-16,-,1
2802,1,z:r2c,nat-oop,10773,11162,7.447,1.036,7.496e-16,-,0
2802,1,z:r2c,nat-oop,10714,11073,7.488,1.033,7.496e-16,-,1
2804,1,z:r2c,nat-oop,10875,11057,7.383,1.017,6.844e-16,-,0
2804,1,z:r2c,nat-oop,10650,11096,7.539,1.042,6.844e-16,-,1
2806,1,z:r2c,nat-oop,10689,12181,7.517,1.140,5.902e-16,-,0
2806,1,z:r2c,nat-oop,10960,12158,7.332,1.109,5.902e-16,-,1
2808,1,z:r2c,nat-oop,2076,5882,38.745,2.834,9.125e-16,-,0
2808,1,z:r2c,nat-oop,2033,5877,39.554,2.890,9.125e-16,-,1
2810,1,z:r2c,nat-oop,10786,11071,7.462,1.026,6.459e-16,-,0
2810,1,z:r2c,nat-oop,14643,11067,5.496,0.756,6.459e-16,-,1
2812,1,z:r2c,nat-oop,4064,9135,19.818,2.248,2.221e-15,-,0
2812,1,z:r2c,nat-oop,4162,9199,19.350,2.210,2.221e-15,-,1
2814,1,z:r2c,nat-oop,10889,10536,7.403,0.968,6.500e-16,-,0
2814,1,z:r2c,nat-oop,10875,10568,7.413,0.972,6.500e-16,-,1
2816,1,z:r2c,nat-oop,2782,5931,29.002,2.132,5.593e-16,-,0
2816,1,z:r2c,nat-oop,2329,5920,34.633,2.542,5.593e-16,-,1
2818,1,z:r2c,nat-oop,5800,12155,13.921,2.096,7.954e-16,-,0
2818,1,z:r2c,nat-oop,5878,11082,13.735,1.885,7.954e-16,-,1
2820,1,z:r2c,nat-oop,3520,9863,22.955,2.802,5.381e-16,-,0
2820,1,z:r2c,nat-oop,3714,9916,21.754,2.670,5.381e-16,-,1
2822,1,z:r2c,nat-oop,12670,14163,6.383,1.118,6.888e-16,-,0
2822,1,z:r2c,nat-oop,10718,14127,7.545,1.318,6.888e-16,-,1
2824,1,z:r2c,nat-oop,10639,11089,7.607,1.042,5.774e-16,-,0
2824,1,z:r2c,nat-oop,10792,11060,7.499,1.025,5.774e-16,-,1
2826,1,z:r2c,nat-oop,10565,11089,7.666,1.050,5.859e-16,-,0
2826,1,z:r2c,nat-oop,10847,11073,7.467,1.021,5.859e-16,-,1
2828,1,z:r2c,nat-oop,10558,11059,7.678,1.047,8.226e-16,-,0
2828,1,z:r2c,nat-oop,10570,11099,7.669,1.050,8.226e-16,-,1
2830,1,z:r2c,nat-oop,10568,11124,7.677,1.053,5.546e-16,-,0
2830,1,z:r2c,nat-oop,10645,11080,7.621,1.041,5.546e-16,-,1
2832,1,z:r2c,nat-oop,14681,11779,5.530,0.802,5.643e-16,-,0
2832,1,z:r2c,nat-oop,10898,11736,7.450,1.077,5.643e-16,-,1
2834,1,z:r2c,nat-oop,10873,11130,7.473,1.024,6.374e-16,-,0
2834,1,z:r2c,nat-oop,10639,11103,7.638,1.044,6.374e-16,-,1
2836,1,z:r2c,nat-oop,10558,11086,7.702,1.050,5.973e-16,-,0
2836,1,z:r2c,nat-oop,10817,11078,7.518,1.024,5.973e-16,-,1
2838,1,z:r2c,nat-oop,3671,8798,22.168,2.396,7.210e-16,-,0
2838,1,z:r2c,nat-oop,3709,8798,21.942,2.372,7.210e-16,-,1
2840,1,z:r2c,nat-oop,10809,13363,7.535,1.236,6.554e-16,-,0
2840,1,z:r2c,nat-oop,10570,13349,7.706,1.263,6.554e-16,-,1
2842,1,z:r2c,nat-oop,3275,5584,24.892,1.705,7.529e-16,-,0
2842,1,z:r2c,nat-oop,3271,5548,24.922,1.696,7.529e-16,-,1
2844,1,z:r2c,nat-oop,10622,14327,7.680,1.349,7.572e-16,-,0
2844,1,z:r2c,nat-oop,10631,14276,7.674,1.343,7.572e-16,-,1
2846,1,z:r2c,nat-oop,10860,11143,7.517,1.026,5.462e-16,-,0
2846,1,z:r2c,nat-oop,10702,11106,7.629,1.038,5.462e-16,-,1
2848,1,z:r2c,nat-oop,10867,15651,7.519,1.440,6.389e-16,-,0
2848,1,z:r2c,nat-oop,11071,15594,7.380,1.409,6.389e-16,-,1
2850,1,z:r2c,nat-oop,2734,6128,29.909,2.241,7.490e-16,-,0
2850,1,z:r2c,nat-oop,2939,6173,27.824,2.100,7.490e-16,-,1
2852,1,z:r2c,nat-oop,3912,9491,20.918,2.426,1.850e-15,-,0
2852,1,z:r2c,nat-oop,3876,9366,21.116,2.417,1.850e-15,-,1
2854,1,z:r2c,nat-oop,10705,11138,7.651,1.041,5.271e-16,-,0
2854,1,z:r2c,nat-oop,10899,11186,7.515,1.026,5.271e-16,-,1
2856,1,z:r2c,nat-oop,2202,6532,37.226,2.967,5.072e-16,-,0
2856,1,z:r2c,nat-oop,2265,6351,36.189,2.804,5.072e-16,-,1
2858,1,z:r2c,nat-oop,8700,11119,9.429,1.278,1.048e-15,-,0
2858,1,z:r2c,nat-oop,8676,11117,9.455,1.281,1.048e-15,-,1
2860,1,z:r2c,nat-oop,2994,5848,27.422,1.953,7.661e-16,-,0
2860,1,z:r2c,nat-oop,2358,5893,34.821,2.500,7.661e-16,-,1
2862,1,z:r2c,nat-oop,10561,10312,7.780,0.976,6.899e-16,-,0
2862,1,z:r2c,nat-oop,10652,10393,7.713,0.976,6.899e-16,-,1
2864,1,z:r2c,nat-oop,10615,11060,7.746,1.042,6.216e-16,-,0
2864,1,z:r2c,nat-oop,10598,11101,7.758,1.047,6.216e-16,-,1
2866,1,z:r2c,nat-oop,10566,11120,7.788,1.052,7.584e-16,-,0
2866,1,z:r2c,nat-oop,10864,11166,7.575,1.028,7.584e-16,-,1
2868,1,z:r2c,nat-oop,10746,11099,7.664,1.033,4.918e-16,-,0
2868,1,z:r2c,nat-oop,10744,11099,7.665,1.033,4.918e-16,-,1
2870,1,z:r2c,nat-oop,3355,7041,24.562,2.098,6.034e-16,-,0
2870,1,z:r2c,nat-oop,3335,6978,24.713,2.092,6.034e-16,-,1
2872,1,z:r2c,nat-oop,10788,11109,7.645,1.030,5.313e-16,-,0
2872,1,z:r2c,nat-oop,10794,11074,7.642,1.026,5.313e-16,-,1
2874,1,z:r2c,nat-oop,11038,11147,7.478,1.010,6.469e-16,-,0
2874,1,z:r2c,nat-oop,10855,11127,7.605,1.025,6.469e-16,-,1
2876,1,z:r2c,nat-oop,10631,11090,7.771,1.043,5.798e-16,-,0
2876,1,z:r2c,nat-oop,10647,11124,7.759,1.045,5.798e-16,-,1
2878,1,z:r2c,nat-oop,10810,11145,7.648,1.031,7.991e-16,-,0
2878,1,z:r2c,nat-oop,10728,11098,7.706,1.034,7.991e-16,-,1
2880,1,z:r2c,nat-oop,1573,5222,52.590,3.319,6.998e-16,-,0
2880,1,z:r2c,nat-oop,1585,5205,52.191,3.283,6.998e-16,-,1
2882,1,z:r2c,nat-oop,10601,11110,7.812,1.048,5.461e-16,-,0
2882,1,z:r2c,nat-oop,10613,11104,7.802,1.046,5.461e-16,-,1
2884,1,z:r2c,nat-oop,10850,11122,7.638,1.025,6.397e-16,-,0
2884,1,z:r2c,nat-oop,10842,11108,7.644,1.025,6.397e-16,-,1
2886,1,z:r2c,nat-oop,3478,8412,23.846,2.419,5.900e-16,-,0
2886,1,z:r2c,nat-oop,3511,8247,23.619,2.349,5.900e-16,-,1
2888,1,z:r2c,nat-oop,3428,8269,24.216,2.413,1.026e-15,-,0
2888,1,z:r2c,nat-oop,3329,8177,24.932,2.456,1.026e-15,-,1
2890,1,z:r2c,nat-oop,3127,6325,26.560,2.023,8.791e-16,-,0
2890,1,z:r2c,nat-oop,3329,6334,24.955,1.903,8.791e-16,-,1
2892,1,z:r2c,nat-oop,10821,11101,7.683,1.026,6.608e-16,-,0
2892,1,z:r2c,nat-oop,10853,11140,7.660,1.026,6.608e-16,-,1
2894,1,z:r2c,nat-oop,10658,11244,7.806,1.055,6.234e-16,-,0
2894,1,z:r2c,nat-oop,10643,11116,7.817,1.044,6.234e-16,-,1
2896,1,z:r2c,nat-oop,10828,11148,7.689,1.030,5.852e-16,-,0
2896,1,z:r2c,nat-oop,10807,11094,7.704,1.027,5.852e-16,-,1
2898,1,z:r2c,nat-oop,3006,6190,27.722,2.060,7.847e-16,-,0
2898,1,z:r2c,nat-oop,3045,6047,27.368,1.986,7.847e-16,-,1
2900,1,z:r2c,nat-oop,3009,6920,27.716,2.300,6.829e-16,-,0
2900,1,z:r2c,nat-oop,2988,7052,27.910,2.360,6.829e-16,-,1
2902,1,z:r2c,nat-oop,10300,11120,8.102,1.080,7.780e-16,-,0
2902,1,z:r2c,nat-oop,10568,11198,7.896,1.060,7.780e-16,-,1
2904,1,z:r2c,nat-oop,2182,7248,38.271,3.321,7.489e-16,-,0
2904,1,z:r2c,nat-oop,2132,7264,39.167,3.407,7.489e-16,-,1
2906,1,z:r2c,nat-oop,6348,11123,13.167,1.752,8.046e-16,-,0
2906,1,z:r2c,nat-oop,6375,11403,13.110,1.789,8.046e-16,-,1
2908,1,z:r2c,nat-oop,10772,11117,7.765,1.032,6.374e-16,-,0
2908,1,z:r2c,nat-oop,10750,11179,7.781,1.040,6.374e-16,-,1
2910,1,z:r2c,nat-oop,10795,14618,7.755,1.354,7.347e-16,-,0
2910,1,z:r2c,nat-oop,10763,14592,7.778,1.356,7.347e-16,-,1
2912,1,z:r2c,nat-oop,2035,6098,41.171,2.997,5.492e-16,-,0
2912,1,z:r2c,nat-oop,2094,6102,40.009,2.914,5.492e-16,-,1
2914,1,z:r2c,nat-oop,4313,11882,19.438,2.755,1.242e-15,-,0
2914,1,z:r2c,nat-oop,4040,11960,20.754,2.960,1.242e-15,-,1
2916,1,z:r2c,nat-oop,2902,5398,28.911,1.860,7.617e-16,-,0
2916,1,z:r2c,nat-oop,2908,5410,28.858,1.861,7.617e-16,-,1
2918,1,z:r2c,nat-oop,9076,11155,9.252,1.229,9.727e-16,-,0
2918,1,z:r2c,nat-oop,9825,11152,8.547,1.135,9.727e-16,-,1
2920,1,z:r2c,nat-oop,10667,13863,7.878,1.300,7.464e-16,-,0
2920,1,z:r2c,nat-oop,10661,13885,7.883,1.302,7.464e-16,-,1
2922,1,z:r2c,nat-oop,10902,11156,7.714,1.023,7.059e-16,-,0
2922,1,z:r2c,nat-oop,10644,11166,7.901,1.049,7.059e-16,-,1
2924,1,z:r2c,nat-oop,4378,9913,19.225,2.264,1.206e-15,-,0
2924,1,z:r2c,nat-oop,4392,9943,19.164,2.264,1.206e-15,-,1
2926,1,z:r2c,nat-oop,3485,5960,24.170,1.710,6.749e-16,-,0
2926,1,z:r2c,nat-oop,3050,5979,27.618,1.960,6.749e-16,-,1
2928,1,z:r2c,nat-oop,10658,12297,7.909,1.154,6.657e-16,-,0
2928,1,z:r2c,nat-oop,10914,12339,7.723,1.131,6.657e-16,-,1
2930,1,z:r2c,nat-oop,10879,11226,7.755,1.032,5.944e-16,-,0
2930,1,z:r2c,nat-oop,10597,11134,7.961,1.051,5.944e-16,-,1
2932,1,z:r2c,nat-oop,10940,11149,7.717,1.019,5.444e-16,-,0
2932,1,z:r2c,nat-oop,10671,11140,7.911,1.044,5.444e-16,-,1
2934,1,z:r2c,nat-oop,10865,11161,7.777,1.027,6.348e-16,-,0
2934,1,z:r2c,nat-oop,10708,11154,7.890,1.042,6.348e-16,-,1
2936,1,z:r2c,nat-oop,10685,11125,7.913,1.041,7.708e-16,-,0
2936,1,z:r2c,nat-oop,10801,11137,7.828,1.031,7.708e-16,-,1
2938,1,z:r2c,nat-oop,10894,11216,7.767,1.029,5.778e-16,-,0
2938,1,z:r2c,nat-oop,10582,11174,7.996,1.056,5.778e-16,-,1
2940,1,z:r2c,nat-oop,2585,4955,32.760,1.917,5.974e-16,-,0
2940,1,z:r2c,nat-oop,2699,4974,31.379,1.843,5.974e-16,-,1
2942,1,z:r2c,nat-oop,7909,11179,10.716,1.413,7.376e-16,-,0
2942,1,z:r2c,nat-oop,8031,11128,10.553,1.386,7.376e-16,-,1
2944,1,z:r2c,nat-oop,2249,7783,37.707,3.460,6.091e-16,-,0
2944,1,z:r2c,nat-oop,2285,7790,37.114,3.409,6.091e-16,-,1
2946,1,z:r2c,nat-oop,10770,11153,7.881,1.036,6.846e-16,-,0
2946,1,z:r2c,nat-oop,11088,11143,7.655,1.005,6.846e-16,-,1
2948,1,z:r2c,nat-oop,10888,12378,7.802,1.137,7.093e-16,-,0
2948,1,z:r2c,nat-oop,10643,12503,7.981,1.175,7.093e-16,-,1
2950,1,z:r2c,nat-oop,10653,9777,7.979,0.918,6.627e-16,-,0
2950,1,z:r2c,nat-oop,10687,9795,7.954,0.917,6.627e-16,-,1
2952,1,z:r2c,nat-oop,3229,9579,26.344,2.966,6.012e-16,-,0
2952,1,z:r2c,nat-oop,3223,9574,26.399,2.971,6.012e-16,-,1
2954,1,z:r2c,nat-oop,10903,11161,7.808,1.024,5.359e-16,-,0
2954,1,z:r2c,nat-oop,10867,11170,7.835,1.028,5.359e-16,-,1
2956,1,z:r2c,nat-oop,10615,11167,8.027,1.052,9.282e-16,-,0
2956,1,z:r2c,nat-oop,10684,11107,7.975,1.040,9.282e-16,-,1
2958,1,z:r2c,nat-oop,3450,8065,24.714,2.338,6.877e-16,-,0
2958,1,z:r2c,nat-oop,3477,8065,24.525,2.320,6.877e-16,-,1
2960,1,z:r2c,nat-oop,2993,9174,28.511,3.065,6.034e-16,-,0
2960,1,z:r2c,nat-oop,3104,9143,27.494,2.946,6.034e-16,-,1
2962,1,z:r2c,nat-oop,10962,11151,7.790,1.017,7.033e-16,-,0
2962,1,z:r2c,nat-oop,10820,11147,7.893,1.030,7.033e-16,-,1
2964,1,z:r2c,nat-oop,2861,7310,29.868,2.555,6.426e-16,-,0
2964,1,z:r2c,nat-oop,2880,7270,29.678,2.525,6.426e-16,-,1
2966,1,z:r2c,nat-oop,8341,11148,10.253,1.336,9.674e-16,-,0
2966,1,z:r2c,nat-oop,8251,11238,10.366,1.362,9.674e-16,-,1
2968,1,z:r2c,nat-oop,10985,11249,7.792,1.024,6.910e-16,-,0
2968,1,z:r2c,nat-oop,10773,11161,7.945,1.036,6.910e-16,-,1
2970,1,z:r2c,nat-oop,2614,5458,32.769,2.088,8.792e-16,-,0
2970,1,z:r2c,nat-oop,2651,5539,32.314,2.089,8.792e-16,-,1
2972,1,z:r2c,nat-oop,10715,11158,8.000,1.041,6.267e-16,-,0
2972,1,z:r2c,nat-oop,10978,11133,7.808,1.014,6.267e-16,-,1
2974,1,z:r2c,nat-oop,10684,11117,8.030,1.041,5.143e-16,-,0
2974,1,z:r2c,nat-oop,10952,11122,7.833,1.015,5.143e-16,-,1
2976,1,z:r2c,nat-oop,2796,8789,30.704,3.143,6.373e-16,-,0
2976,1,z:r2c,nat-oop,2757,8817,31.142,3.198,6.373e-16,-,1
2978,1,z:r2c,nat-oop,10627,11129,8.085,1.047,4.972e-16,-,0
2978,1,z:r2c,nat-oop,10845,11119,7.922,1.025,4.972e-16,-,1
2980,1,z:r2c,nat-oop,10879,11123,7.904,1.022,4.084e-16,-,0
2980,1,z:r2c,nat-oop,10816,11101,7.949,1.026,4.084e-16,-,1
2982,1,z:r2c,nat-oop,10948,11841,7.859,1.082,6.982e-16,-,0
2982,1,z:r2c,nat-oop,10904,11813,7.891,1.083,6.982e-16,-,1
2984,1,z:r2c,nat-oop,10886,11157,7.910,1.025,7.886e-16,-,0
2984,1,z:r2c,nat-oop,10587,11110,8.134,1.049,7.886e-16,-,1
2986,1,z:r2c,nat-oop,10646,11114,8.095,1.044,5.994e-16,-,0
2986,1,z:r2c,nat-oop,10947,11136,7.872,1.017,5.994e-16,-,1
2988,1,z:r2c,nat-oop,10689,15489,8.068,1.449,5.574e-16,-,0
2988,1,z:r2c,nat-oop,10689,15431,8.068,1.444,5.574e-16,-,1
2990,1,z:r2c,nat-oop,3263,6926,26.453,2.123,6.988e-16,-,0
2990,1,z:r2c,nat-oop,3236,6954,26.671,2.149,6.988e-16,-,1
2992,1,z:r2c,nat-oop,2594,7993,33.291,3.081,8.243e-16,-,0
2992,1,z:r2c,nat-oop,2609,7978,33.107,3.058,8.243e-16,-,1
2994,1,z:r2c,nat-oop,10947,11187,7.896,1.022,4.754e-16,-,0
2994,1,z:r2c,nat-oop,10813,11146,7.994,1.031,4.754e-16,-,1
2996,1,z:r2c,nat-oop,10671,11131,8.106,1.043,5.912e-16,-,0
2996,1,z:r2c,nat-oop,10692,11173,8.090,1.045,5.912e-16,-,1
2998,1,z:r2c,nat-oop,10905,11160,7.938,1.023,6.153e-16,-,0
2998,1,z:r2c,nat-oop,10723,11150,8.073,1.040,6.153e-16,-,1
3000,1,z:r2c,nat-oop,2252,5142,38.469,2.283,6.229e-16,-,0
3000,1,z:r2c,nat-oop,2224,5133,38.944,2.308,6.229e-16,-,1
3002,1,z:r2c,nat-oop,10657,15169,8.135,1.423,6.746e-16,-,0
3002,1,z:r2c,nat-oop,10838,15089,7.999,1.392,6.746e-16,-,1
3004,1,z:r2c,nat-oop,10705,11122,8.104,1.039,6.991e-16,-,0
3004,1,z:r2c,nat-oop,10885,11206,7.971,1.030,6.991e-16,-,1
3006,1,z:r2c,nat-oop,10823,11160,8.023,1.031,5.809e-16,-,0
3006,1,z:r2c,nat-oop,10833,11180,8.015,1.032,5.809e-16,-,1
3008,1,z:r2c,nat-oop,2975,11028,29.211,3.707,7.229e-16,-,0
3008,1,z:r2c,nat-oop,2973,11006,29.228,3.702,7.229e-16,-,1
3010,1,z:r2c,nat-oop,3607,7869,24.109,2.182,7.253e-16,-,0
3010,1,z:r2c,nat-oop,3530,7873,24.637,2.231,7.253e-16,-,1
3012,1,z:r2c,nat-oop,10864,11187,8.010,1.030,6.477e-16,-,0
3012,1,z:r2c,nat-oop,10884,11115,7.995,1.021,6.477e-16,-,1
3014,1,z:r2c,nat-oop,11006,11180,7.913,1.016,7.107e-16,-,0
3014,1,z:r2c,nat-oop,10964,11136,7.943,1.016,7.107e-16,-,1
3016,1,z:r2c,nat-oop,3205,8709,27.190,2.717,5.824e-16,-,0
3016,1,z:r2c,nat-oop,3311,8740,26.325,2.640,5.824e-16,-,1
3018,1,z:r2c,nat-oop,10671,11185,8.173,1.048,6.336e-16,-,0
3018,1,z:r2c,nat-oop,10940,11143,7.972,1.018,6.336e-16,-,1
3020,1,z:r2c,nat-oop,10854,11168,8.041,1.029,8.860e-16,-,0
3020,1,z:r2c,nat-oop,10920,11207,7.993,1.026,8.860e-16,-,1
3022,1,z:r2c,nat-oop,14067,11217,6.209,0.797,5.605e-16,-,0
3022,1,z:r2c,nat-oop,10703,11143,8.161,1.041,5.605e-16,-,1
3024,1,z:r2c,nat-oop,2219,5395,39.384,2.431,6.279e-16,-,0
3024,1,z:r2c,nat-oop,2266,5374,38.576,2.372,6.279e-16,-,1
3026,1,z:r2c,nat-oop,10848,15703,8.064,1.448,5.665e-16,-,0
3026,1,z:r2c,nat-oop,10850,15740,8.063,1.451,5.665e-16,-,1
3028,1,z:r2c,nat-oop,10909,11165,8.024,1.023,5.208e-16,-,0
3028,1,z:r2c,nat-oop,11057,11162,7.917,1.009,5.208e-16,-,1
3030,1,z:r2c,nat-oop,10942,11154,8.006,1.019,6.884e-16,-,0
3030,1,z:r2c,nat-oop,10617,11202,8.251,1.055,6.884e-16,-,1
3032,1,z:r2c,nat-oop,10915,11140,8.032,1.021,4.946e-16,-,0
3032,1,z:r2c,nat-oop,10686,11125,8.205,1.041,4.946e-16,-,1
3034,1,z:r2c,nat-oop,4137,12067,21.207,2.917,1.647e-15,-,0
3034,1,z:r2c,nat-oop,4358,11859,20.131,2.721,1.647e-15,-,1
3036,1,z:r2c,nat-oop,2965,8050,29.611,2.715,8.649e-16,-,0
3036,1,z:r2c,nat-oop,2988,8067,29.384,2.700,8.649e-16,-,1
3038,1,z:r2c,nat-oop,3624,6463,24.246,1.784,5.965e-16,-,0
3038,1,z:r2c,nat-oop,3505,6419,25.065,1.831,5.965e-16,-,1
3040,1,z:r2c,nat-oop,2517,7450,34.936,2.960,5.909e-16,-,0
3040,1,z:r2c,nat-oop,2438,7286,36.064,2.988,5.909e-16,-,1
3042,1,z:r2c,nat-oop,2903,6456,30.310,2.224,7.300e-16,-,0
3042,1,z:r2c,nat-oop,2914,6397,30.202,2.196,7.300e-16,-,1
3044,1,z:r2c,nat-oop,10792,11178,8.160,1.036,5.020e-16,-,0
3044,1,z:r2c,nat-oop,11045,11165,7.973,1.011,5.020e-16,-,1
3046,1,z:r2c,nat-oop,10944,11154,8.053,1.019,6.840e-16,-,0
3046,1,z:r2c,nat-oop,10944,11245,8.053,1.028,6.840e-16,-,1
3048,1,z:r2c,nat-oop,10701,11175,8.241,1.044,8.727e-16,-,0
3048,1,z:r2c,nat-oop,10738,11156,8.213,1.039,8.727e-16,-,1
3050,1,z:r2c,nat-oop,10784,10326,8.184,0.958,5.853e-16,-,0
3050,1,z:r2c,nat-oop,10800,10308,8.172,0.954,5.853e-16,-,1
3052,1,z:r2c,nat-oop,10860,11160,8.133,1.028,8.121e-16,-,0
3052,1,z:r2c,nat-oop,10878,11164,8.120,1.026,8.121e-16,-,1
3054,1,z:r2c,nat-oop,10692,11239,8.267,1.051,5.593e-16,-,0
3054,1,z:r2c,nat-oop,10894,11156,8.114,1.024,5.593e-16,-,1
3056,1,z:r2c,nat-oop,10761,11192,8.220,1.040,6.666e-16,-,0
3056,1,z:r2c,nat-oop,10727,11136,8.245,1.038,6.666e-16,-,1
3058,1,z:r2c,nat-oop,10830,11159,8.173,1.030,6.032e-16,-,0
3058,1,z:r2c,nat-oop,10800,11248,8.196,1.041,6.032e-16,-,1
3060,1,z:r2c,nat-oop,2604,6725,34.023,2.583,5.396e-16,-,0
3060,1,z:r2c,nat-oop,2521,6735,35.141,2.672,5.396e-16,-,1
3062,1,z:r2c,nat-oop,7285,11188,12.169,1.536,8.703e-16,-,0
3062,1,z:r2c,nat-oop,7543,11216,11.752,1.487,8.703e-16,-,1
3064,1,z:r2c,nat-oop,10662,11179,8.320,1.048,7.222e-16,-,0
3064,1,z:r2c,nat-oop,10948,11175,8.103,1.021,7.222e-16,-,1
3066,1,z:r2c,nat-oop,10977,12217,8.088,1.113,5.505e-16,-,0
3066,1,z:r2c,nat-oop,10715,12135,8.285,1.133,5.505e-16,-,1
3068,1,z:r2c,nat-oop,10982,11886,8.090,1.082,5.985e-16,-,0
3068,1,z:r2c,nat-oop,13728,11959,6.472,0.871,5.985e-16,-,1
3070,1,z:r2c,nat-oop,10922,11168,8.141,1.023,5.232e-16,-,0
3070,1,z:r2c,nat-oop,10691,11192,8.316,1.047,5.232e-16,-,1
3072,1,z:r2c,nat-oop,1613,5963,55.163,3.697,4.992e-16,-,0
3072,1,z:r2c,nat-oop,1605,5944,55.445,3.704,4.992e-16,-,1
3074,1,z:r2c,nat-oop,10717,12714,8.308,1.186,7.068e-16,-,0
3074,1,z:r2c,nat-oop,10871,12688,8.190,1.167,7.068e-16,-,1
3076,1,z:r2c,nat-oop,10919,11227,8.161,1.028,7.180e-16,-,0
3076,1,z:r2c,nat-oop,10672,11177,8.350,1.047,7.180e-16,-,1
3078,1,z:r2c,nat-oop,3130,6905,28.493,2.206,1.068e-15,-,0
3078,1,z:r2c,nat-oop,2989,6866,29.835,2.297,1.068e-15,-,1
3080,1,z:r2c,nat-oop,2525,6196,35.337,2.453,6.963e-16,-,0
3080,1,z:r2c,nat-oop,2526,6180,35.331,2.447,6.963e-16,-,1
3082,1,z:r2c,nat-oop,10913,14370,8.183,1.317,6.084e-16,-,0
3082,1,z:r2c,nat-oop,10712,14463,8.336,1.350,6.084e-16,-,1
3084,1,z:r2c,nat-oop,14177,11197,6.303,0.790,5.977e-16,-,0
3084,1,z:r2c,nat-oop,10716,11169,8.339,1.042,5.977e-16,-,1
3086,1,z:r2c,nat-oop,10894,11204,8.209,1.028,6.365e-16,-,0
3086,1,z:r2c,nat-oop,10965,11194,8.156,1.021,6.365e-16,-,1
3088,1,z:r2c,nat-oop,10768,11153,8.311,1.036,5.154e-16,-,0
3088,1,z:r2c,nat-oop,10711,11185,8.356,1.044,5.154e-16,-,1
3090,1,z:r2c,nat-oop,10631,11264,8.424,1.060,6.867e-16,-,0
3090,1,z:r2c,nat-oop,10920,11160,8.201,1.022,6.867e-16,-,1
3092,1,z:r2c,nat-oop,11026,11147,8.128,1.011,4.237e-16,-,0
3092,1,z:r2c,nat-oop,10777,11222,8.316,1.041,4.237e-16,-,1
3094,1,z:r2c,nat-oop,3173,6193,28.269,1.952,7.414e-16,-,0
3094,1,z:r2c,nat-oop,3180,6020,28.204,1.893,7.414e-16,-,1
3096,1,z:r2c,nat-oop,3538,10618,25.366,3.001,6.825e-16,-,0
3096,1,z:r2c,nat-oop,3531,10665,25.422,3.021,6.825e-16,-,1
3098,1,z:r2c,nat-oop,10754,11189,8.352,1.040,5.292e-16,-,0
3098,1,z:r2c,nat-oop,10884,11227,8.252,1.031,5.292e-16,-,1
3100,1,z:r2c,nat-oop,3275,8187,27.447,2.500,6.216e-16,-,0
3100,1,z:r2c,nat-oop,3262,8084,27.552,2.478,6.216e-16,-,1
3102,1,z:r2c,nat-oop,4278,10345,21.026,2.418,6.263e-16,-,0
3102,1,z:r2c,nat-oop,4164,10287,21.600,2.470,6.263e-16,-,1
3104,1,z:r2c,nat-oop,12270,18160,7.336,1.480,5.844e-16,-,0
3104,1,z:r2c,nat-oop,10894,18172,8.263,1.668,5.844e-16,-,1
3106,1,z:r2c,nat-oop,10897,11198,8.266,1.028,5.947e-16,-,0
3106,1,z:r2c,nat-oop,10934,11153,8.239,1.020,5.947e-16,-,1
3108,1,z:r2c,nat-oop,3672,8879,24.552,2.418,6.058e-16,-,0
3108,1,z:r2c,nat-oop,3610,8941,24.972,2.477,6.058e-16,-,1
3110,1,z:r2c,nat-oop,10951,11206,8.238,1.023,6.481e-16,-,0
3110,1,z:r2c,nat-oop,11037,11259,8.174,1.020,6.481e-16,-,1
3112,1,z:r2c,nat-oop,11053,11198,8.167,1.013,6.731e-16,-,0
3112,1,z:r2c,nat-oop,13761,11217,6.561,0.815,6.731e-16,-,1
3114,1,z:r2c,nat-oop,10947,11199,8.253,1.023,5.357e-16,-,0
3114,1,z:r2c,nat-oop,10967,11196,8.238,1.021,5.357e-16,-,1
3116,1,z:r2c,nat-oop,4883,10571,18.513,2.165,2.933e-15,-,0
3116,1,z:r2c,nat-oop,4735,10711,19.094,2.262,2.933e-15,-,1
3118,1,z:r2c,nat-oop,11080,11234,8.166,1.014,5.869e-16,-,0
3118,1,z:r2c,nat-oop,11073,11158,8.171,1.008,5.869e-16,-,1
3120,1,z:r2c,nat-oop,2251,6512,40.228,2.894,6.717e-16,-,0
3120,1,z:r2c,nat-oop,2253,6535,40.178,2.900,6.717e-16,-,1
3122,1,z:r2c,nat-oop,10616,11217,8.534,1.057,6.874e-16,-,0
3122,1,z:r2c,nat-oop,10792,11208,8.395,1.039,6.874e-16,-,1
3124,1,z:r2c,nat-oop,11018,13900,8.229,1.262,7.418e-16,-,0
3124,1,z:r2c,nat-oop,11081,13854,8.182,1.250,7.418e-16,-,1
3126,1,z:r2c,nat-oop,10745,11200,8.444,1.042,6.785e-16,-,0
3126,1,z:r2c,nat-oop,10967,11188,8.273,1.020,6.785e-16,-,1
3128,1,z:r2c,nat-oop,3387,9156,26.805,2.703,6.540e-16,-,0
3128,1,z:r2c,nat-oop,3574,9103,25.407,2.547,6.540e-16,-,1
3130,1,z:r2c,nat-oop,11036,11217,8.233,1.016,6.421e-16,-,0
3130,1,z:r2c,nat-oop,10880,11268,8.352,1.036,6.421e-16,-,1
3132,1,z:r2c,nat-oop,3205,8707,28.372,2.717,6.816e-16,-,0
3132,1,z:r2c,nat-oop,3195,8558,28.461,2.679,6.816e-16,-,1
3134,1,z:r2c,nat-oop,10827,11193,8.404,1.034,6.483e-16,-,0
3134,1,z:r2c,nat-oop,10645,11227,8.548,1.055,6.483e-16,-,1
3136,1,z:r2c,nat-oop,1802,5517,50.542,3.062,4.172e-16,-,0
3136,1,z:r2c,nat-oop,1818,5512,50.082,3.032,4.172e-16,-,1
3138,1,z:r2c,nat-oop,10978,11212,8.300,1.021,6.174e-16,-,0
3138,1,z:r2c,nat-oop,10935,11212,8.333,1.025,6.174e-16,-,1
3140,1,z:r2c,nat-oop,14214,11189,6.416,0.787,6.550e-16,-,0
3140,1,z:r2c,nat-oop,10701,11192,8.521,1.046,6.550e-16,-,1
3142,1,z:r2c,nat-oop,10679,11216,8.545,1.050,7.184e-16,-,0
3142,1,z:r2c,nat-oop,10643,11237,8.574,1.056,7.184e-16,-,1
3144,1,z:r2c,nat-oop,10751,11234,8.494,1.045,5.929e-16,-,0
3144,1,z:r2c,nat-oop,10879,11211,8.394,1.031,5.929e-16,-,1
3146,1,z:r2c,nat-oop,3083,6660,29.640,2.160,9.496e-16,-,0
3146,1,z:r2c,nat-oop,3093,6678,29.543,2.159,9.496e-16,-,1
3148,1,z:r2c,nat-oop,10875,11202,8.410,1.030,6.845e-16,-,0
3148,1,z:r2c,nat-oop,10820,11190,8.452,1.034,6.845e-16,-,1
3150,1,z:r2c,nat-oop,2748,4890,33.302,1.779,4.479e-16,-,0
3150,1,z:r2c,nat-oop,2716,4871,33.701,1.794,4.479e-16,-,1
3152,1,z:r2c,nat-oop,10799,11183,8.480,1.036,4.946e-16,-,0
3152,1,z:r2c,nat-oop,10923,11181,8.384,1.024,4.946e-16,-,1
3154,1,z:r2c,nat-oop,10958,16379,8.363,1.495,7.097e-16,-,0
3154,1,z:r2c,nat-oop,10943,16408,8.375,1.499,7.097e-16,-,1
3156,1,z:r2c,nat-oop,14183,11229,6.466,0.792,7.939e-16,-,0
3156,1,z:r2c,nat-oop,11038,11237,8.309,1.018,7.939e-16,-,1
3158,1,z:r2c,nat-oop,10742,11228,8.544,1.045,6.876e-16,-,0
3158,1,z:r2c,nat-oop,10923,11240,8.402,1.029,6.876e-16,-,1
3160,1,z:r2c,nat-oop,10949,16088,8.388,1.469,5.423e-16,-,0
3160,1,z:r2c,nat-oop,10991,16077,8.356,1.463,5.423e-16,-,1
3162,1,z:r2c,nat-oop,4208,9252,21.843,2.199,1.135e-15,-,0
3162,1,z:r2c,nat-oop,4218,9337,21.791,2.214,1.135e-15,-,1
3164,1,z:r2c,nat-oop,10753,11237,8.554,1.045,5.997e-16,-,0
3164,1,z:r2c,nat-oop,10769,11210,8.540,1.041,5.997e-16,-,1
3166,1,z:r2c,nat-oop,10927,11272,8.423,1.032,4.539e-16,-,0
3166,1,z:r2c,nat-oop,10811,11231,8.513,1.039,4.539e-16,-,1
3168,1,z:r2c,nat-oop,2189,6611,42.077,3.020,5.696e-16,-,0
3168,1,z:r2c,nat-oop,2189,6648,42.080,3.037,5.696e-16,-,1
3170,1,z:r2c,nat-oop,13743,11217,6.707,0.816,5.791e-16,-,0
3170,1,z:r2c,nat-oop,10729,11220,8.591,1.046,5.791e-16,-,1
3172,1,z:r2c,nat-oop,10743,12521,8.586,1.166,7.086e-16,-,0
3172,1,z:r2c,nat-oop,10746,12545,8.583,1.167,7.086e-16,-,1
3174,1,z:r2c,nat-oop,3905,9466,23.639,2.424,1.802e-15,-,0
3174,1,z:r2c,nat-oop,4056,9446,22.756,2.329,1.802e-15,-,1
3176,1,z:r2c,nat-oop,10852,11210,8.512,1.033,6.102e-16,-,0
3176,1,z:r2c,nat-oop,10935,11192,8.447,1.024,6.102e-16,-,1
3178,1,z:r2c,nat-oop,10915,11214,8.468,1.027,5.503e-16,-,0
3178,1,z:r2c,nat-oop,10759,11243,8.591,1.045,5.503e-16,-,1
3180,1,z:r2c,nat-oop,10756,11882,8.599,1.105,6.424e-16,-,0
3180,1,z:r2c,nat-oop,10752,11859,8.603,1.103,6.424e-16,-,1
3182,1,z:r2c,nat-oop,4405,12919,21.013,2.933,1.509e-15,-,0
3182,1,z:r2c,nat-oop,4444,13090,20.827,2.945,1.509e-15,-,1
3184,1,z:r2c,nat-oop,10980,11211,8.436,1.021,6.973e-16,-,0
3184,1,z:r2c,nat-oop,10912,11194,8.489,1.026,6.973e-16,-,1
3186,1,z:r2c,nat-oop,10786,12479,8.594,1.157,6.638e-16,-,0
3186,1,z:r2c,nat-oop,10931,12677,8.480,1.160,6.638e-16,-,1
3188,1,z:r2c,nat-oop,10964,11229,8.460,1.024,6.922e-16,-,0
3188,1,z:r2c,nat-oop,10884,11230,8.523,1.032,6.922e-16,-,1
3190,1,z:r2c,nat-oop,3631,7894,25.563,2.174,5.984e-16,-,0
3190,1,z:r2c,nat-oop,3599,7885,25.793,2.191,5.984e-16,-,1
3192,1,z:r2c,nat-oop,2609,7635,35.605,2.926,7.966e-16,-,0
3192,1,z:r2c,nat-oop,2738,7666,33.929,2.800,7.966e-16,-,1
3194,1,z:r2c,nat-oop,10919,11235,8.513,1.029,6.066e-16,-,0
3194,1,z:r2c,nat-oop,10875,11200,8.548,1.030,6.066e-16,-,1
3196,1,z:r2c,nat-oop,4996,11571,18.619,2.316,3.016e-15,-,0
3196,1,z:r2c,nat-oop,5018,11509,18.536,2.293,3.016e-15,-,1
3198,1,z:r2c,nat-oop,4083,9532,22.798,2.335,6.868e-16,-,0
3198,1,z:r2c,nat-oop,4117,9592,22.612,2.330,6.868e-16,-,1
3200,1,z:r2c,nat-oop,1742,5642,53.487,3.240,4.865e-16,-,0
3200,1,z:r2c,nat-oop,1735,5640,53.690,3.251,4.865e-16,-,1
3202,1,z:r2c,nat-oop,6765,11191,13.778,1.654,7.972e-16,-,0
3202,1,z:r2c,nat-oop,6779,11196,13.750,1.651,7.972e-16,-,1
3204,1,z:r2c,nat-oop,10987,17268,8.490,1.572,6.242e-16,-,0
3204,1,z:r2c,nat-oop,10984,17191,8.492,1.565,6.242e-16,-,1
3206,1,z:r2c,nat-oop,11005,11240,8.482,1.021,6.646e-16,-,0
3206,1,z:r2c,nat-oop,11105,11215,8.406,1.010,6.646e-16,-,1
3208,1,z:r2c,nat-oop,10997,11233,8.494,1.021,7.525e-16,-,0
3208,1,z:r2c,nat-oop,11052,11270,8.452,1.020,7.525e-16,-,1
3210,1,z:r2c,nat-oop,10641,11339,8.785,1.066,5.960e-16,-,0
3210,1,z:r2c,nat-oop,10930,11310,8.552,1.035,5.960e-16,-,1
3212,1,z:r2c,nat-oop,10927,14232,8.561,1.302,7.716e-16,-,0
3212,1,z:r2c,nat-oop,10960,14250,8.535,1.300,7.716e-16,-,1
3214,1,z:r2c,nat-oop,10895,11193,8.592,1.027,7.037e-16,-,0
3214,1,z:r2c,nat-oop,10793,11233,8.673,1.041,7.037e-16,-,1
3216,1,z:r2c,nat-oop,10980,14629,8.531,1.332,6.026e-16,-,0
3216,1,z:r2c,nat-oop,10712,14598,8.745,1.363,6.026e-16,-,1
3218,1,z:r2c,nat-oop,10794,11226,8.685,1.040,7.139e-16,-,0
3218,1,z:r2c,nat-oop,10971,11199,8.545,1.021,7.139e-16,-,1
3220,1,z:r2c,nat-oop,3060,6974,30.654,2.279,5.923e-16,-,0
3220,1,z:r2c,nat-oop,3070,6875,30.558,2.240,5.923e-16,-,1
3222,1,z:r2c,nat-oop,10790,11218,8.700,1.040,7.197e-16,-,0
3222,1,z:r2c,nat-oop,10903,11231,8.610,1.030,7.197e-16,-,1
3224,1,z:r2c,nat-oop,3533,10027,26.588,2.838,6.679e-16,-,0
3224,1,z:r2c,nat-oop,3526,10008,26.642,2.838,6.679e-16,-,1
3226,1,z:r2c,nat-oop,10930,11268,8.601,1.031,5.869e-16,-,0
3226,1,z:r2c,nat-oop,10956,11198,8.580,1.022,5.869e-16,-,1
3228,1,z:r2c,nat-oop,10677,11191,8.811,1.048,9.774e-16,-,0
3228,1,z:r2c,nat-oop,10973,11235,8.572,1.024,9.774e-16,-,1
3230,1,z:r2c,nat-oop,3678,7592,25.597,2.064,8.444e-16,-,0
3230,1,z:r2c,nat-oop,3415,7617,27.568,2.231,8.444e-16,-,1
3232,1,z:r2c,nat-oop,10920,11261,8.626,1.031,6.281e-16,-,0
3232,1,z:r2c,nat-oop,10972,11240,8.586,1.024,6.281e-16,-,1
3234,1,z:r2c,nat-oop,2962,5784,31.828,1.953,8.117e-16,-,0
3234,1,z:r2c,nat-oop,3094,5748,30.466,1.858,8.117e-16,-,1
3236,1,z:r2c,nat-oop,10724,11246,8.796,1.049,6.944e-16,-,0
3236,1,z:r2c,nat-oop,10979,11277,8.592,1.027,6.944e-16,-,1
3238,1,z:r2c,nat-oop,10981,11218,8.596,1.022,5.736e-16,-,0
3238,1,z:r2c,nat-oop,11034,11236,8.555,1.018,5.736e-16,-,1
3240,1,z:r2c,nat-oop,2301,5830,41.058,2.534,5.309e-16,-,0
3240,1,z:r2c,nat-oop,2295,5844,41.163,2.546,5.309e-16,-,1
3242,1,z:r2c,nat-oop,10638,11221,8.886,1.055,7.996e-16,-,0
3242,1,z:r2c,nat-oop,10915,11283,8.660,1.034,7.996e-16,-,1
3244,1,z:r2c,nat-oop,10964,11456,8.627,1.045,8.172e-16,-,0
3244,1,z:r2c,nat-oop,10978,11178,8.616,1.018,8.172e-16,-,1
3246,1,z:r2c,nat-oop,10912,11213,8.674,1.028,6.122e-16,-,0
3246,1,z:r2c,nat-oop,10986,11210,8.616,1.020,6.122e-16,-,1
3248,1,z:r2c,nat-oop,3132,8933,30.240,2.852,6.122e-16,-,0
3248,1,z:r2c,nat-oop,3048,8921,31.075,2.927,6.122e-16,-,1
3250,1,z:r2c,nat-oop,3005,5701,31.543,1.897,8.060e-16,-,0
3250,1,z:r2c,nat-oop,2975,5792,31.866,1.947,8.060e-16,-,1
3252,1,z:r2c,nat-oop,10775,11225,8.803,1.042,7.198e-16,-,0
3252,1,z:r2c,nat-oop,15324,11314,6.190,0.738,7.198e-16,-,1
3254,1,z:r2c,nat-oop,10856,11259,8.743,1.037,6.727e-16,-,0
3254,1,z:r2c,nat-oop,10889,11292,8.717,1.037,6.727e-16,-,1
3256,1,z:r2c,nat-oop,3663,10591,25.930,2.891,5.979e-16,-,0
3256,1,z:r2c,nat-oop,3685,10695,25.775,2.902,5.979e-16,-,1
3258,1,z:r2c,nat-oop,10770,11227,8.826,1.043,6.294e-16,-,0
3258,1,z:r2c,nat-oop,10719,11197,8.868,1.045,6.294e-16,-,1
3260,1,z:r2c,nat-oop,10906,11205,8.721,1.027,6.246e-16,-,0
3260,1,z:r2c,nat-oop,10858,11213,8.760,1.033,6.246e-16,-,1
3262,1,z:r2c,nat-oop,11094,11243,8.579,1.013,5.497e-16,-,0
3262,1,z:r2c,nat-oop,11175,11247,8.517,1.006,5.497e-16,-,1
3264,1,z:r2c,nat-oop,2489,7444,38.266,2.991,5.040e-16,-,0
3264,1,z:r2c,nat-oop,2426,7463,39.259,3.076,5.040e-16,-,1
3266,1,z:r2c,nat-oop,10755,15940,8.862,1.482,7.354e-16,-,0
3266,1,z:r2c,nat-oop,10773,15948,8.847,1.480,7.354e-16,-,1
3268,1,z:r2c,nat-oop,4789,11638,19.917,2.430,2.472e-15,-,0
3268,1,z:r2c,nat-oop,4633,11569,20.585,2.497,2.472e-15,-,1
3270,1,z:r2c,nat-oop,10686,11232,8.932,1.051,6.264e-16,-,0
3270,1,z:r2c,nat-oop,10701,11268,8.919,1.053,6.264e-16,-,1
3272,1,z:r2c,nat-oop,10738,11230,8.894,1.046,5.253e-16,-,0
3272,1,z:r2c,nat-oop,15812,12343,6.040,0.781,5.253e-16,-,1
3274,1,z:r2c,nat-oop,10948,11255,8.730,1.028,8.785e-16,-,0
3274,1,z:r2c,nat-oop,10986,11248,8.700,1.024,8.785e-16,-,1
3276,1,z:r2c,nat-oop,3468,6699,27.578,1.932,7.987e-16,-,0
3276,1,z:r2c,nat-oop,3363,6734,28.436,2.002,7.987e-16,-,1
3278,1,z:r2c,nat-oop,11188,11268,8.554,1.007,6.367e-16,-,0
3278,1,z:r2c,nat-oop,10811,11258,8.853,1.041,6.367e-16,-,1
3280,1,z:r2c,nat-oop,3600,10587,26.606,2.941,5.485e-16,-,0
3280,1,z:r2c,nat-oop,3531,10576,27.121,2.995,5.485e-16,-,1
3282,1,z:r2c,nat-oop,10948,11295,8.754,1.032,5.900e-16,-,0
3282,1,z:r2c,nat-oop,10943,11246,8.758,1.028,5.900e-16,-,1
3284,1,z:r2c,nat-oop,11015,11259,8.707,1.022,5.943e-16,-,0
3284,1,z:r2c,nat-oop,10721,11386,8.945,1.062,5.943e-16,-,1
3286,1,z:r2c,nat-oop,10720,14070,8.952,1.312,7.494e-16,-,0
3286,1,z:r2c,nat-oop,10807,14081,8.880,1.303,7.494e-16,-,1
3288,1,z:r2c,nat-oop,11011,11274,8.722,1.024,6.971e-16,-,0
3288,1,z:r2c,nat-oop,10921,11271,8.793,1.032,6.971e-16,-,1
3290,1,z:r2c,nat-oop,4087,9318,23.514,2.280,7.431e-16,-,0
3290,1,z:r2c,nat-oop,4092,9319,23.483,2.277,7.431e-16,-,1
3292,1,z:r2c,nat-oop,10968,11229,8.768,1.024,6.154e-16,-,0
3292,1,z:r2c,nat-oop,10724,11259,8.967,1.050,6.154e-16,-,1
3294,1,z:r2c,nat-oop,10725,13154,8.973,1.226,7.570e-16,-,0
3294,1,z:r2c,nat-oop,10777,13218,8.930,1.227,7.570e-16,-,1
3296,1,z:r2c,nat-oop,10762,11245,8.948,1.045,5.766e-16,-,0
3296,1,z:r2c,nat-oop,10847,11238,8.878,1.036,5.766e-16,-,1
3298,1,z:r2c,nat-oop,11002,18485,8.759,1.680,8.731e-16,-,0
3298,1,z:r2c,nat-oop,11037,18336,8.731,1.661,8.731e-16,-,1
3300,1,z:r2c,nat-oop,2634,6507,36.612,2.471,4.691e-16,-,0
3300,1,z:r2c,nat-oop,2621,6497,36.796,2.479,4.691e-16,-,1
3302,1,z:r2c,nat-oop,10799,12317,8.935,1.141,5.746e-16,-,0
3302,1,z:r2c,nat-oop,10722,11256,9.000,1.050,5.746e-16,-,1
3304,1,z:r2c,nat-oop,10746,13571,8.986,1.263,7.302e-16,-,0
3304,1,z:r2c,nat-oop,10843,13497,8.905,1.245,7.302e-16,-,1
3306,1,z:r2c,nat-oop,4457,9624,21.680,2.159,1.173e-15,-,0
3306,1,z:r2c,nat-oop,4564,9781,21.171,2.143,1.173e-15,-,1
3308,1,z:r2c,nat-oop,10992,11288,8.796,1.027,5.747e-16,-,0
3308,1,z:r2c,nat-oop,11164,11206,8.661,1.004,5.747e-16,-,1
3310,1,z:r2c,nat-oop,11081,11300,8.732,1.020,7.175e-16,-,0
3310,1,z:r2c,nat-oop,10829,11264,8.935,1.040,7.175e-16,-,1
3312,1,z:r2c,nat-oop,2748,8680,35.238,3.159,6.885e-16,-,0
3312,1,z:r2c,nat-oop,2753,8660,35.170,3.146,6.885e-16,-,1
3314,1,z:r2c,nat-oop,10054,11221,9.637,1.116,1.129e-15,-,0
3314,1,z:r2c,nat-oop,9435,11250,10.269,1.192,1.129e-15,-,1
3316,1,z:r2c,nat-oop,11043,11256,8.780,1.019,6.221e-16,-,0
3316,1,z:r2c,nat-oop,10711,11328,9.052,1.058,6.221e-16,-,1
3318,1,z:r2c,nat-oop,10906,14330,8.896,1.314,6.492e-16,-,0
3318,1,z:r2c,nat-oop,10860,14321,8.934,1.319,6.492e-16,-,1
3320,1,z:r2c,nat-oop,11008,17388,8.820,1.580,6.857e-16,-,0
3320,1,z:r2c,nat-oop,11035,17394,8.798,1.576,6.857e-16,-,1
3322,1,z:r2c,nat-oop,10831,11246,8.969,1.038,7.076e-16,-,0
3322,1,z:r2c,nat-oop,10666,11257,9.108,1.055,7.076e-16,-,1
3324,1,z:r2c,nat-oop,10890,11242,8.927,1.032,6.336e-16,-,0
3324,1,z:r2c,nat-oop,10856,11261,8.955,1.037,6.336e-16,-,1
3326,1,z:r2c,nat-oop,10677,11255,9.111,1.054,5.511e-16,-,0
3326,1,z:r2c,nat-oop,11001,11231,8.843,1.021,5.511e-16,-,1
3328,1,z:r2c,nat-oop,2372,7144,41.033,3.011,4.750e-16,-,0
3328,1,z:r2c,nat-oop,3138,7163,31.027,2.283,4.750e-16,-,1
3330,1,z:r2c,nat-oop,3811,9640,25.562,2.530,7.170e-16,-,0
3330,1,z:r2c,nat-oop,3796,9665,25.665,2.546,7.170e-16,-,1
3332,1,z:r2c,nat-oop,3908,6054,24.941,1.549,1.273e-15,-,0
3332,1,z:r2c,nat-oop,3807,6087,25.609,1.599,1.273e-15,-,1
3334,1,z:r2c,nat-oop,10966,11286,8.895,1.029,7.085e-16,-,0
3334,1,z:r2c,nat-oop,10663,11278,9.148,1.058,7.085e-16,-,1
3336,1,z:r2c,nat-oop,10926,11231,8.933,1.028,5.848e-16,-,0
3336,1,z:r2c,nat-oop,11031,11258,8.849,1.021,5.848e-16,-,1
3338,1,z:r2c,nat-oop,10681,11273,9.145,1.055,6.125e-16,-,0
3338,1,z:r2c,nat-oop,10750,11298,9.086,1.051,6.125e-16,-,1
3340,1,z:r2c,nat-oop,10871,11249,8.991,1.035,6.397e-16,-,0
3340,1,z:r2c,nat-oop,11020,11268,8.869,1.022,6.397e-16,-,1
3342,1,z:r2c,nat-oop,10996,11210,8.895,1.019,5.651e-16,-,0
3342,1,z:r2c,nat-oop,11017,11271,8.878,1.023,5.651e-16,-,1
3344,1,z:r2c,nat-oop,3115,9458,31.420,3.036,4.430e-16,-,0
3344,1,z:r2c,nat-oop,3199,9640,30.595,3.013,4.430e-16,-,1
3346,1,z:r2c,nat-oop,11113,11263,8.813,1.013,6.743e-16,-,0
3346,1,z:r2c,nat-oop,11045,11261,8.867,1.020,6.743e-16,-,1
3348,1,z:r2c,nat-oop,3473,9722,28.215,2.799,7.411e-16,-,0
3348,1,z:r2c,nat-oop,3512,9767,27.909,2.781,7.411e-16,-,1
3350,1,z:r2c,nat-oop,10846,12560,9.042,1.158,5.617e-16,-,0
3350,1,z:r2c,nat-oop,11079,12538,8.852,1.132,5.617e-16,-,1
3352,1,z:r2c,nat-oop,11065,11290,8.869,1.020,5.438e-16,-,0
3352,1,z:r2c,nat-oop,10837,11278,9.055,1.041,5.438e-16,-,1
3354,1,z:r2c,nat-oop,4461,10608,22.015,2.378,6.721e-16,-,0
3354,1,z:r2c,nat-oop,4465,10559,21.995,2.365,6.721e-16,-,1
3356,1,z:r2c,nat-oop,10800,11250,9.099,1.042,5.641e-16,-,0
3356,1,z:r2c,nat-oop,10690,11274,9.193,1.055,5.641e-16,-,1
3358,1,z:r2c,nat-oop,11192,16446,8.786,1.469,6.726e-16,-,0
3358,1,z:r2c,nat-oop,11265,16397,8.729,1.456,6.726e-16,-,1
3360,1,z:r2c,nat-oop,2321,5907,42.404,2.546,5.511e-16,-,0
3360,1,z:r2c,nat-oop,2312,5921,42.566,2.561,5.511e-16,-,1
3362,1,z:r2c,nat-oop,4850,13667,20.302,2.818,1.575e-15,-,0
3362,1,z:r2c,nat-oop,4915,13830,20.034,2.814,1.575e-15,-,1
3364,1,z:r2c,nat-oop,4736,11129,20.806,2.350,1.737e-15,-,0
3364,1,z:r2c,nat-oop,4697,11141,20.976,2.372,1.737e-15,-,1
3366,1,z:r2c,nat-oop,3525,7646,27.973,2.169,8.169e-16,-,0
3366,1,z:r2c,nat-oop,3295,7649,29.925,2.322,8.169e-16,-,1
3368,1,z:r2c,nat-oop,11138,11259,8.858,1.011,6.662e-16,-,0
3368,1,z:r2c,nat-oop,14491,11299,6.808,0.780,6.662e-16,-,1
3370,1,z:r2c,nat-oop,10779,11286,9.160,1.047,6.935e-16,-,0
3370,1,z:r2c,nat-oop,10958,11260,9.010,1.028,6.935e-16,-,1
3372,1,z:r2c,nat-oop,10935,11308,9.035,1.034,5.600e-16,-,0
3372,1,z:r2c,nat-oop,10946,11283,9.025,1.031,5.600e-16,-,1
3374,1,z:r2c,nat-oop,10837,11314,9.122,1.044,6.622e-16,-,0
3374,1,z:r2c,nat-oop,10740,11302,9.205,1.052,6.622e-16,-,1
3376,1,z:r2c,nat-oop,11175,11301,8.853,1.011,6.819e-16,-,0
3376,1,z:r2c,nat-oop,11160,11287,8.864,1.011,6.819e-16,-,1
3378,1,z:r2c,nat-oop,11337,11302,8.732,0.997,6.301e-16,-,0
3378,1,z:r2c,nat-oop,10984,11311,9.012,1.030,6.301e-16,-,1
3380,1,z:r2c,nat-oop,2882,7314,34.370,2.538,6.209e-16,-,0
3380,1,z:r2c,nat-oop,2896,7335,34.201,2.532,6.209e-16,-,1
3382,1,z:r2c,nat-oop,10798,18314,9.179,1.696,6.816e-16,-,0
3382,1,z:r2c,nat-oop,11020,18182,8.995,1.650,6.816e-16,-,1
3384,1,z:r2c,nat-oop,4034,12380,24.586,3.069,6.772e-16,-,0
3384,1,z:r2c,nat-oop,4067,12375,24.387,3.043,6.772e-16,-,1
3386,1,z:r2c,nat-oop,11054,11314,8.979,1.023,8.105e-16,-,0
3386,1,z:r2c,nat-oop,10796,11272,9.193,1.044,8.105e-16,-,1
3388,1,z:r2c,nat-oop,4152,6915,23.921,1.665,6.422e-16,-,0
3388,1,z:r2c,nat-oop,3828,6909,25.945,1.805,6.422e-16,-,1
3390,1,z:r2c,nat-oop,11047,11349,8.996,1.027,6.415e-16,-,0
3390,1,z:r2c,nat-oop,10834,11260,9.174,1.039,6.415e-16,-,1
3392,1,z:r2c,nat-oop,10917,13110,9.110,1.201,6.491e-16,-,0
3392,1,z:r2c,nat-oop,10900,13103,9.124,1.202,6.491e-16,-,1
3394,1,z:r2c,nat-oop,11012,11296,9.038,1.026,6.114e-16,-,0
3394,1,z:r2c,nat-oop,10836,11304,9.184,1.043,6.114e-16,-,1
3396,1,z:r2c,nat-oop,10840,11312,9.187,1.044,7.244e-16,-,0
3396,1,z:r2c,nat-oop,10823,11275,9.201,1.042,7.244e-16,-,1
3398,1,z:r2c,nat-oop,10921,11397,9.125,1.044,8.733e-16,-,0
3398,1,z:r2c,nat-oop,10939,11338,9.110,1.036,8.733e-16,-,1
3400,1,z:r2c,nat-oop,2919,7493,34.159,2.567,5.552e-16,-,0
3400,1,z:r2c,nat-oop,2859,7479,34.878,2.616,5.552e-16,-,1
3402,1,z:r2c,nat-oop,3097,5609,32.218,1.811,9.822e-16,-,0
3402,1,z:r2c,nat-oop,3800,5604,26.260,1.475,9.822e-16,-,1
3404,1,z:r2c,nat-oop,5276,11874,18.926,2.251,2.451e-15,-,0
3404,1,z:r2c,nat-oop,5440,11876,18.354,2.183,2.451e-15,-,1
3406,1,z:r2c,nat-oop,10844,11281,9.214,1.040,6.664e-16,-,0
3406,1,z:r2c,nat-oop,10945,11281,9.129,1.031,6.664e-16,-,1
3408,1,z:r2c,nat-oop,11055,16289,9.044,1.473,6.584e-16,-,0
3408,1,z:r2c,nat-oop,11136,16226,8.978,1.457,6.584e-16,-,1
3410,1,z:r2c,nat-oop,4029,8996,24.830,2.233,6.961e-16,-,0
3410,1,z:r2c,nat-oop,3901,8950,25.643,2.294,6.961e-16,-,1
3412,1,z:r2c,nat-oop,11016,11286,9.088,1.025,6.211e-16,-,0
3412,1,z:r2c,nat-oop,11017,11259,9.087,1.022,6.211e-16,-,1
3414,1,z:r2c,nat-oop,10962,11314,9.139,1.032,6.662e-16,-,0
3414,1,z:r2c,nat-oop,10873,11325,9.213,1.042,6.662e-16,-,1
3416,1,z:r2c,nat-oop,11087,14327,9.041,1.292,5.090e-16,-,0
3416,1,z:r2c,nat-oop,11144,14285,8.995,1.282,5.090e-16,-,1
3418,1,z:r2c,nat-oop,15947,12338,6.290,0.774,6.411e-16,-,0
3418,1,z:r2c,nat-oop,10716,11286,9.360,1.053,6.411e-16,-,1
3420,1,z:r2c,nat-oop,3047,8081,32.941,2.652,7.058e-16,-,0
3420,1,z:r2c,nat-oop,3202,8054,31.352,2.516,7.058e-16,-,1
3422,1,z:r2c,nat-oop,11033,15165,9.103,1.374,8.009e-16,-,0
3422,1,z:r2c,nat-oop,11097,15378,9.051,1.386,8.009e-16,-,1
3424,1,z:r2c,nat-oop,11045,11302,9.099,1.023,5.706e-16,-,0
3424,1,z:r2c,nat-oop,11010,11295,9.129,1.026,5.706e-16,-,1
3426,1,z:r2c,nat-oop,10960,11287,9.177,1.030,7.057e-16,-,0
3426,1,z:r2c,nat-oop,11017,11311,9.129,1.027,7.057e-16,-,1
3428,1,z:r2c,nat-oop,11016,11261,9.136,1.022,5.551e-16,-,0
3428,1,z:r2c,nat-oop,10845,11311,9.280,1.043,5.551e-16,-,1
3430,1,z:r2c,nat-oop,3315,4690,30.377,1.415,9.319e-16,-,0
3430,1,z:r2c,nat-oop,3312,4837,30.407,1.460,9.319e-16,-,1
3432,1,z:r2c,nat-oop,2604,8730,38.698,3.353,6.674e-16,-,0
3432,1,z:r2c,nat-oop,2603,8718,38.712,3.349,6.674e-16,-,1
3434,1,z:r2c,nat-oop,11038,11307,9.136,1.024,5.639e-16,-,0
3434,1,z:r2c,nat-oop,11043,11304,9.131,1.024,5.639e-16,-,1
3436,1,z:r2c,nat-oop,11024,11345,9.153,1.029,7.406e-16,-,0
3436,1,z:r2c,nat-oop,10881,11286,9.273,1.037,7.406e-16,-,1
3438,1,z:r2c,nat-oop,11024,11293,9.159,1.024,5.984e-16,-,0
3438,1,z:r2c,nat-oop,10943,11317,9.227,1.034,5.984e-16,-,1
3440,1,z:r2c,nat-oop,3829,11715,26.385,3.060,6.282e-16,-,0
3440,1,z:r2c,nat-oop,3911,11729,25.832,2.999,6.282e-16,-,1
3442,1,z:r2c,nat-oop,10982,11266,9.206,1.026,5.770e-16,-,0
3442,1,z:r2c,nat-oop,11028,11360,9.168,1.030,5.770e-16,-,1
3444,1,z:r2c,nat-oop,4131,10296,24.487,2.492,5.873e-16,-,0
3444,1,z:r2c,nat-oop,4132,10576,24.482,2.559,5.873e-16,-,1
3446,1,z:r2c,nat-oop,14295,11311,7.082,0.791,5.923e-16,-,0
3446,1,z:r2c,nat-oop,10842,11317,9.337,1.044,5.923e-16,-,1
3448,1,z:r2c,nat-oop,11055,11331,9.163,1.025,6.601e-16,-,0
3448,1,z:r2c,nat-oop,10796,11283,9.383,1.045,6.601e-16,-,1
3450,1,z:r2c,nat-oop,3554,8135,28.517,2.289,6.361e-16,-,0
3450,1,z:r2c,nat-oop,3533,8126,28.694,2.300,6.361e-16,-,1
3452,1,z:r2c,nat-oop,10735,11331,9.448,1.055,7.178e-16,-,0
3452,1,z:r2c,nat-oop,10776,11305,9.413,1.049,7.178e-16,-,1
3454,1,z:r2c,nat-oop,11237,11346,9.032,1.010,6.600e-16,-,0
3454,1,z:r2c,nat-oop,10996,11314,9.230,1.029,6.600e-16,-,1
3456,1,z:r2c,nat-oop,1966,6692,51.671,3.405,6.956e-16,-,0
3456,1,z:r2c,nat-oop,2008,6676,50.589,3.326,6.956e-16,-,1
3458,1,z:r2c,nat-oop,3526,7442,28.822,2.110,7.718e-16,-,0
3458,1,z:r2c,nat-oop,3589,7554,28.316,2.105,7.718e-16,-,1
3460,1,z:r2c,nat-oop,10942,11307,9.294,1.033,6.186e-16,-,0
3460,1,z:r2c,nat-oop,11034,11351,9.217,1.029,6.186e-16,-,1
3462,1,z:r2c,nat-oop,11005,11569,9.247,1.051,6.666e-16,-,0
3462,1,z:r2c,nat-oop,10974,11319,9.273,1.031,6.666e-16,-,1
3464,1,z:r2c,nat-oop,10870,11322,9.368,1.042,6.070e-16,-,0
3464,1,z:r2c,nat-oop,10825,11310,9.406,1.045,6.070e-16,-,1
3466,1,z:r2c,nat-oop,11060,11321,9.213,1.024,6.966e-16,-,0
3466,1,z:r2c,nat-oop,11022,11325,9.244,1.027,6.966e-16,-,1
3468,1,z:r2c,nat-oop,3599,8925,28.329,2.480,6.141e-16,-,0
3468,1,z:r2c,nat-oop,3703,9130,27.536,2.466,6.141e-16,-,1
3470,1,z:r2c,nat-oop,10841,11312,9.411,1.043,7.003e-16,-,0
3470,1,z:r2c,nat-oop,10725,11330,9.513,1.056,7.003e-16,-,1
3472,1,z:r2c,nat-oop,3335,10217,30.611,3.063,6.439e-16,-,0
3472,1,z:r2c,nat-oop,3370,10210,30.291,3.029,6.439e-16,-,1
3474,1,z:r2c,nat-oop,11097,11320,9.206,1.020,6.570e-16,-,0
3474,1,z:r2c,nat-oop,10778,11366,9.478,1.055,6.570e-16,-,1
3476,1,z:r2c,nat-oop,10800,16647,9.465,1.541,7.353e-16,-,0
3476,1,z:r2c,nat-oop,10856,16726,9.416,1.541,7.353e-16,-,1
3478,1,z:r2c,nat-oop,5159,14977,19.828,2.903,1.288e-15,-,0
3478,1,z:r2c,nat-oop,5184,14935,19.731,2.881,1.288e-15,-,1
3480,1,z:r2c,nat-oop,3265,9634,31.347,2.950,6.777e-16,-,0
3480,1,z:r2c,nat-oop,3215,9634,31.840,2.997,6.777e-16,-,1
3482,1,z:r2c,nat-oop,11076,11322,9.247,1.022,7.127e-16,-,0
3482,1,z:r2c,nat-oop,11066,11303,9.256,1.021,7.127e-16,-,1
3484,1,z:r2c,nat-oop,10908,14956,9.395,1.371,6.150e-16,-,0
3484,1,z:r2c,nat-oop,11055,14952,9.270,1.352,6.150e-16,-,1
3486,1,z:r2c,nat-oop,10803,15483,9.493,1.433,7.384e-16,-,0
3486,1,z:r2c,nat-oop,10842,15605,9.458,1.439,7.384e-16,-,1
3488,1,z:r2c,nat-oop,10909,11342,9.407,1.040,6.838e-16,-,0
3488,1,z:r2c,nat-oop,10913,11291,9.403,1.035,6.838e-16,-,1
3490,1,z:r2c,nat-oop,11071,11348,9.275,1.025,6.312e-16,-,0
3490,1,z:r2c,nat-oop,10803,11353,9.506,1.051,6.312e-16,-,1
3492,1,z:r2c,nat-oop,11098,20122,9.258,1.813,7.587e-16,-,0
3492,1,z:r2c,nat-oop,10818,20197,9.498,1.867,7.587e-16,-,1
3494,1,z:r2c,nat-oop,10840,11406,9.485,1.052,5.921e-16,-,0
3494,1,z:r2c,nat-oop,10864,11329,9.464,1.043,5.921e-16,-,1
3496,1,z:r2c,nat-oop,3881,10969,26.507,2.826,7.796e-16,-,0
3496,1,z:r2c,nat-oop,3898,11110,26.392,2.850,7.796e-16,-,1
3498,1,z:r2c,nat-oop,10854,12227,9.484,1.126,6.953e-16,-,0
3498,1,z:r2c,nat-oop,10834,12218,9.503,1.128,6.953e-16,-,1
3500,1,z:r2c,nat-oop,3428,5360,30.055,1.564,5.548e-16,-,0
3500,1,z:r2c,nat-oop,3495,5570,29.471,1.593,5.548e-16,-,1
3502,1,z:r2c,nat-oop,10977,11380,9.391,1.037,6.551e-16,-,0
3502,1,z:r2c,nat-oop,10952,11379,9.412,1.039,6.551e-16,-,1
3504,1,z:r2c,nat-oop,10949,16693,9.421,1.525,8.061e-16,-,0
3504,1,z:r2c,nat-oop,10995,16682,9.381,1.517,8.061e-16,-,1
3506,1,z:r2c,nat-oop,10951,11337,9.425,1.035,6.291e-16,-,0
3506,1,z:r2c,nat-oop,11213,11330,9.205,1.010,6.291e-16,-,1
3508,1,z:r2c,nat-oop,10990,11348,9.397,1.033,7.568e-16,-,0
3508,1,z:r2c,nat-oop,11104,11335,9.302,1.021,7.568e-16,-,1
3510,1,z:r2c,nat-oop,3211,6807,32.181,2.120,5.826e-16,-,0
3510,1,z:r2c,nat-oop,3657,6733,28.258,1.841,5.826e-16,-,1
3512,1,z:r2c,nat-oop,11001,11324,9.401,1.029,6.727e-16,-,0
3512,1,z:r2c,nat-oop,10884,11326,9.501,1.041,6.727e-16,-,1
3514,1,z:r2c,nat-oop,10758,11387,9.619,1.058,6.592e-16,-,0
3514,1,z:r2c,nat-oop,10828,11399,9.557,1.053,6.592e-16,-,1
3516,1,z:r2c,nat-oop,10858,11345,9.536,1.045,6.301e-16,-,0
3516,1,z:r2c,nat-oop,11078,11328,9.346,1.023,6.301e-16,-,1
3518,1,z:r2c,nat-oop,10944,11337,9.467,1.036,5.998e-16,-,0
3518,1,z:r2c,nat-oop,14401,11359,7.195,0.789,5.998e-16,-,1
3520,1,z:r2c,nat-oop,2472,7416,41.948,3.000,6.747e-16,-,0
3520,1,z:r2c,nat-oop,2442,7432,42.458,3.044,6.747e-16,-,1
3522,1,z:r2c,nat-oop,11307,11354,9.175,1.004,8.199e-16,-,0
3522,1,z:r2c,nat-oop,11151,11403,9.303,1.023,8.199e-16,-,1
3524,1,z:r2c,nat-oop,11183,11326,9.283,1.013,5.744e-16,-,0
3524,1,z:r2c,nat-oop,11145,11370,9.315,1.020,5.744e-16,-,1
3526,1,z:r2c,nat-oop,5310,14854,19.561,2.797,1.756e-15,-,0
3526,1,z:r2c,nat-oop,5274,14872,19.694,2.820,1.756e-15,-,1
3528,1,z:r2c,nat-oop,2655,6213,39.143,2.340,5.753e-16,-,0
3528,1,z:r2c,nat-oop,2690,6218,38.640,2.311,5.753e-16,-,1
3530,1,z:r2c,nat-oop,11089,11326,9.379,1.021,6.596e-16,-,0
3530,1,z:r2c,nat-oop,10825,11312,9.608,1.045,6.596e-16,-,1
3532,1,z:r2c,nat-oop,11028,11447,9.437,1.038,6.436e-16,-,0
3532,1,z:r2c,nat-oop,11133,11346,9.348,1.019,6.436e-16,-,1
3534,1,z:r2c,nat-oop,4904,10847,21.234,2.212,7.925e-16,-,0
3534,1,z:r2c,nat-oop,4424,10810,23.540,2.444,7.925e-16,-,1
3536,1,z:r2c,nat-oop,3278,9829,31.787,2.998,7.449e-16,-,0
3536,1,z:r2c,nat-oop,3430,9785,30.383,2.853,7.449e-16,-,1
3538,1,z:r2c,nat-oop,11083,15964,9.408,1.440,7.564e-16,-,0
3538,1,z:r2c,nat-oop,10923,16012,9.546,1.466,7.564e-16,-,1
3540,1,z:r2c,nat-oop,10851,14382,9.616,1.325,5.289e-16,-,0
3540,1,z:r2c,nat-oop,10925,14368,9.550,1.315,5.289e-16,-,1
3542,1,z:r2c,nat-oop,3768,8174,27.709,2.169,7.441e-16,-,0
3542,1,z:r2c,nat-oop,3745,8196,27.875,2.188,7.441e-16,-,1
3544,1,z:r2c,nat-oop,10939,11331,9.551,1.036,7.735e-16,-,0
3544,1,z:r2c,nat-oop,10998,11321,9.499,1.029,7.735e-16,-,1
3546,1,z:r2c,nat-oop,11027,11357,9.480,1.030,5.192e-16,-,0
3546,1,z:r2c,nat-oop,11051,11377,9.460,1.030,5.192e-16,-,1
3548,1,z:r2c,nat-oop,10855,11369,9.636,1.047,8.186e-16,-,0
3548,1,z:r2c,nat-oop,11153,11317,9.379,1.015,8.186e-16,-,1
3550,1,z:r2c,nat-oop,10902,14090,9.601,1.293,6.194e-16,-,0
3550,1,z:r2c,nat-oop,11043,14049,9.478,1.272,6.194e-16,-,1
3552,1,z:r2c,nat-oop,3595,11202,29.135,3.116,7.535e-16,-,0
3552,1,z:r2c,nat-oop,3660,11243,28.619,3.072,7.535e-16,-,1
3554,1,z:r2c,nat-oop,11111,11343,9.432,1.021,6.189e-16,-,0
3554,1,z:r2c,nat-oop,11268,11455,9.300,1.017,6.189e-16,-,1
3556,1,z:r2c,nat-oop,11015,11402,9.520,1.035,7.335e-16,-,0
3556,1,z:r2c,nat-oop,10953,11445,9.574,1.045,7.335e-16,-,1
3558,1,z:r2c,nat-oop,10970,11327,9.565,1.033,6.794e-16,-,0
3558,1,z:r2c,nat-oop,11255,11361,9.323,1.009,6.794e-16,-,1
3560,1,z:r2c,nat-oop,11296,19389,9.295,1.717,5.600e-16,-,0
3560,1,z:r2c,nat-oop,10880,19354,9.651,1.779,5.600e-16,-,1
3562,1,z:r2c,nat-oop,11076,11341,9.486,1.024,5.782e-16,-,0
3562,1,z:r2c,nat-oop,11077,11391,9.485,1.028,5.782e-16,-,1
3564,1,z:r2c,nat-oop,3616,7222,29.076,1.997,9.153e-16,-,0
3564,1,z:r2c,nat-oop,3578,7269,29.387,2.032,9.153e-16,-,1
3566,1,z:r2c,nat-oop,11042,11394,9.527,1.032,6.855e-16,-,0
3566,1,z:r2c,nat-oop,14984,11356,7.021,0.758,6.855e-16,-,1
3568,1,z:r2c,nat-oop,10890,11321,9.666,1.040,6.423e-16,-,0
3568,1,z:r2c,nat-oop,10899,11306,9.658,1.037,6.423e-16,-,1
3570,1,z:r2c,nat-oop,3735,6382,28.198,1.709,7.153e-16,-,0
3570,1,z:r2c,nat-oop,3734,6607,28.212,1.770,7.153e-16,-,1
3572,1,z:r2c,nat-oop,5750,13555,18.331,2.358,3.053e-15,-,0
3572,1,z:r2c,nat-oop,5578,13520,18.896,2.424,3.053e-15,-,1
3574,1,z:r2c,nat-oop,10782,11342,9.781,1.052,7.738e-16,-,0
3574,1,z:r2c,nat-oop,10843,11390,9.726,1.050,7.738e-16,-,1
3576,1,z:r2c,nat-oop,10842,11318,9.733,1.044,6.314e-16,-,0
3576,1,z:r2c,nat-oop,11053,11318,9.548,1.024,6.314e-16,-,1
3578,1,z:r2c,nat-oop,11073,11381,9.536,1.028,6.577e-16,-,0
3578,1,z:r2c,nat-oop,11101,11341,9.512,1.022,6.577e-16,-,1
3580,1,z:r2c,nat-oop,11051,11347,9.561,1.027,7.806e-16,-,0
3580,1,z:r2c,nat-oop,11073,11355,9.542,1.026,7.806e-16,-,1
3582,1,z:r2c,nat-oop,10769,11471,9.818,1.065,5.990e-16,-,0
3582,1,z:r2c,nat-oop,11007,11352,9.606,1.031,5.990e-16,-,1
3584,1,z:r2c,nat-oop,2298,6712,46.042,2.921,4.385e-16,-,0
3584,1,z:r2c,nat-oop,1992,6704,53.116,3.366,4.385e-16,-,1
3586,1,z:r2c,nat-oop,11154,11356,9.491,1.018,5.833e-16,-,0
3586,1,z:r2c,nat-oop,11049,11362,9.581,1.028,5.833e-16,-,1
3588,1,z:r2c,nat-oop,3626,9885,29.216,2.726,7.169e-16,-,0
3588,1,z:r2c,nat-oop,3712,9832,28.537,2.649,7.169e-16,-,1
3590,1,z:r2c,nat-oop,10779,11354,9.833,1.053,7.925e-16,-,0
3590,1,z:r2c,nat-oop,10887,11318,9.736,1.040,7.925e-16,-,1
3592,1,z:r2c,nat-oop,14937,11398,7.100,0.763,6.052e-16,-,0
3592,1,z:r2c,nat-oop,10795,11329,9.825,1.050,6.052e-16,-,1
3594,1,z:r2c,nat-oop,10864,11373,9.768,1.047,6.867e-16,-,0
3594,1,z:r2c,nat-oop,11125,11349,9.540,1.020,6.867e-16,-,1
3596,1,z:r2c,nat-oop,5434,12406,19.543,2.283,1.601e-15,-,0
3596,1,z:r2c,nat-oop,5387,12399,19.713,2.302,1.601e-15,-,1
3598,1,z:r2c,nat-oop,10899,11391,9.749,1.045,5.461e-16,-,0
3598,1,z:r2c,nat-oop,10914,11376,9.736,1.042,5.461e-16,-,1
3600,1,z:r2c,nat-oop,2521,6321,42.172,2.507,5.502e-16,-,0
3600,1,z:r2c,nat-oop,2529,6335,42.042,2.505,5.502e-16,-,1
3602,1,z:r2c,nat-oop,10829,11372,9.824,1.050,5.860e-16,-,0
3602,1,z:r2c,nat-oop,11110,11383,9.576,1.025,5.860e-16,-,1
3604,1,z:r2c,nat-oop,10994,13671,9.683,1.243,6.410e-16,-,0
3604,1,z:r2c,nat-oop,11067,13696,9.619,1.238,6.410e-16,-,1
3606,1,z:r2c,nat-oop,11127,11423,9.573,1.027,5.417e-16,-,0
3606,1,z:r2c,nat-oop,11018,11352,9.668,1.030,5.417e-16,-,1
3608,1,z:r2c,nat-oop,4369,12293,24.399,2.814,7.369e-16,-,0
3608,1,z:r2c,nat-oop,4810,12463,22.161,2.591,7.369e-16,-,1
3610,1,z:r2c,nat-oop,4178,9114,25.529,2.181,5.060e-16,-,0
3610,1,z:r2c,nat-oop,4190,9198,25.455,2.195,5.060e-16,-,1
3612,1,z:r2c,nat-oop,4630,11537,23.051,2.492,6.146e-16,-,0
3612,1,z:r2c,nat-oop,4736,11442,22.535,2.416,6.146e-16,-,1
3614,1,z:r2c,nat-oop,10863,11424,9.830,1.052,6.498e-16,-,0
3614,1,z:r2c,nat-oop,10870,11360,9.824,1.045,6.498e-16,-,1
3616,1,z:r2c,nat-oop,10898,11375,9.805,1.044,6.443e-16,-,0
3616,1,z:r2c,nat-oop,10772,11337,9.920,1.052,6.443e-16,-,1
3618,1,z:r2c,nat-oop,11097,15682,9.635,1.413,6.271e-16,-,0
3618,1,z:r2c,nat-oop,11283,15708,9.476,1.392,6.271e-16,-,1
3620,1,z:r2c,nat-oop,10915,11380,9.802,1.043,7.357e-16,-,0
3620,1,z:r2c,nat-oop,10930,11393,9.788,1.042,7.357e-16,-,1
3622,1,z:r2c,nat-oop,11315,11402,9.461,1.008,6.492e-16,-,0
3622,1,z:r2c,nat-oop,11059,11396,9.680,1.030,6.492e-16,-,1
3624,1,z:r2c,nat-oop,10867,11329,9.857,1.042,6.314e-16,-,0
3624,1,z:r2c,nat-oop,10940,11406,9.791,1.043,6.314e-16,-,1
3626,1,z:r2c,nat-oop,4338,8968,24.711,2.067,7.718e-16,-,0
3626,1,z:r2c,nat-oop,4146,8860,25.855,2.137,7.718e-16,-,1
3628,1,z:r2c,nat-oop,11121,11482,9.644,1.032,6.753e-16,-,0
3628,1,z:r2c,nat-oop,10914,11378,9.827,1.043,6.753e-16,-,1
3630,1,z:r2c,nat-oop,3279,7634,32.731,2.328,7.654e-16,-,0
3630,1,z:r2c,nat-oop,3344,7612,32.098,2.277,7.654e-16,-,1
3632,1,z:r2c,nat-oop,11060,11400,9.710,1.031,7.718e-16,-,0
3632,1,z:r2c,nat-oop,10859,11389,9.889,1.049,7.718e-16,-,1
3634,1,z:r2c,nat-oop,10925,19091,9.835,1.747,7.457e-16,-,0
3634,1,z:r2c,nat-oop,10928,19038,9.833,1.742,7.457e-16,-,1
3636,1,z:r2c,nat-oop,11188,11394,9.610,1.018,6.553e-16,-,0
3636,1,z:r2c,nat-oop,11070,11402,9.712,1.030,6.553e-16,-,1
3638,1,z:r2c,nat-oop,11002,11410,9.778,1.037,8.002e-16,-,0
3638,1,z:r2c,nat-oop,11018,11392,9.764,1.034,8.002e-16,-,1
3640,1,z:r2c,nat-oop,3112,7551,34.594,2.426,7.573e-16,-,0
3640,1,z:r2c,nat-oop,3149,7546,34.183,2.396,7.573e-16,-,1
3642,1,z:r2c,nat-oop,15556,11479,6.924,0.738,6.465e-16,-,0
3642,1,z:r2c,nat-oop,10925,11363,9.859,1.040,6.465e-16,-,1
3644,1,z:r2c,nat-oop,10898,12464,9.890,1.144,6.897e-16,-,0
3644,1,z:r2c,nat-oop,11111,11354,9.701,1.022,6.897e-16,-,1
3646,1,z:r2c,nat-oop,10924,11405,9.872,1.044,6.433e-16,-,0
3646,1,z:r2c,nat-oop,10916,11423,9.880,1.046,6.433e-16,-,1
3648,1,z:r2c,nat-oop,2908,9007,37.105,3.097,6.444e-16,-,0
3648,1,z:r2c,nat-oop,2814,8989,38.345,3.194,6.444e-16,-,1
3650,1,z:r2c,nat-oop,10870,14462,9.934,1.330,6.058e-16,-,0
3650,1,z:r2c,nat-oop,11170,14534,9.667,1.301,6.058e-16,-,1
3652,1,z:r2c,nat-oop,10918,18056,9.897,1.654,8.247e-16,-,0
3652,1,z:r2c,nat-oop,10915,18071,9.899,1.656,8.247e-16,-,1
3654,1,z:r2c,nat-oop,4195,8817,25.774,2.102,7.056e-16,-,0
3654,1,z:r2c,nat-oop,4048,8936,26.710,2.208,7.056e-16,-,1
3656,1,z:r2c,nat-oop,10915,11372,9.911,1.042,6.863e-16,-,0
3656,1,z:r2c,nat-oop,11189,11363,9.669,1.016,6.863e-16,-,1
3658,1,z:r2c,nat-oop,10929,16802,9.904,1.537,7.314e-16,-,0
3658,1,z:r2c,nat-oop,10918,16957,9.915,1.553,7.314e-16,-,1
3660,1,z:r2c,nat-oop,11028,15112,9.822,1.370,6.930e-16,-,0
3660,1,z:r2c,nat-oop,10974,15169,9.870,1.382,6.930e-16,-,1
3662,1,z:r2c,nat-oop,10871,11406,9.969,1.049,6.613e-16,-,0
3662,1,z:r2c,nat-oop,11059,11648,9.800,1.053,6.613e-16,-,1
3664,1,z:r2c,nat-oop,11124,11359,9.749,1.021,6.178e-16,-,0
3664,1,z:r2c,nat-oop,11101,11337,9.769,1.021,6.178e-16,-,1
3666,1,z:r2c,nat-oop,5095,12401,21.299,2.434,7.588e-16,-,0
3666,1,z:r2c,nat-oop,5049,12372,21.494,2.451,7.588e-16,-,1
3668,1,z:r2c,nat-oop,10995,11365,9.875,1.034,5.918e-16,-,0
3668,1,z:r2c,nat-oop,10996,11382,9.875,1.035,5.918e-16,-,1
3670,1,z:r2c,nat-oop,11023,11446,9.857,1.038,6.798e-16,-,0
3670,1,z:r2c,nat-oop,11103,11391,9.785,1.026,6.798e-16,-,1
3672,1,z:r2c,nat-oop,2920,8398,37.233,2.876,7.278e-16,-,0
3672,1,z:r2c,nat-oop,2878,8658,37.778,3.009,7.278e-16,-,1
3674,1,z:r2c,nat-oop,11065,11411,9.831,1.031,7.227e-16,-,0
3674,1,z:r2c,nat-oop,10939,11405,9.944,1.043,7.227e-16,-,1
3676,1,z:r2c,nat-oop,11125,11425,9.784,1.027,7.572e-16,-,0
3676,1,z:r2c,nat-oop,10903,11378,9.983,1.044,7.572e-16,-,1
3678,1,z:r2c,nat-oop,11152,11409,9.766,1.023,6.995e-16,-,0
3678,1,z:r2c,nat-oop,10919,11393,9.974,1.043,6.995e-16,-,1
3680,1,z:r2c,nat-oop,3221,9787,33.839,3.039,5.638e-16,-,0
3680,1,z:r2c,nat-oop,3228,9732,33.764,3.015,5.638e-16,-,1
3682,1,z:r2c,nat-oop,11118,11628,9.808,1.046,6.138e-16,-,0
3682,1,z:r2c,nat-oop,11330,11412,9.624,1.007,6.138e-16,-,1
3684,1,z:r2c,nat-oop,11365,11359,9.601,0.999,7.198e-16,-,0
3684,1,z:r2c,nat-oop,11144,11394,9.791,1.022,7.198e-16,-,1
3686,1,z:r2c,nat-oop,11006,21229,9.920,1.929,7.950e-16,-,0
3686,1,z:r2c,nat-oop,11260,21218,9.697,1.884,7.950e-16,-,1
3688,1,z:r2c,nat-oop,11110,11369,9.833,1.023,7.512e-16,-,0
3688,1,z:r2c,nat-oop,11022,11375,9.912,1.032,7.512e-16,-,1
3690,1,z:r2c,nat-oop,4380,11302,24.959,2.581,6.710e-16,-,0
3690,1,z:r2c,nat-oop,4462,11248,24.497,2.521,6.710e-16,-,1
3692,1,z:r2c,nat-oop,10857,16584,10.075,1.528,7.048e-16,-,0
3692,1,z:r2c,nat-oop,10931,16664,10.006,1.525,7.048e-16,-,1
3694,1,z:r2c,nat-oop,10920,11387,10.022,1.043,6.430e-16,-,0
3694,1,z:r2c,nat-oop,10906,11463,10.035,1.051,6.430e-16,-,1
3696,1,z:r2c,nat-oop,3138,7705,34.899,2.455,7.138e-16,-,0
3696,1,z:r2c,nat-oop,3324,7709,32.946,2.319,7.138e-16,-,1
3698,1,z:r2c,nat-oop,5491,16161,19.955,2.943,1.587e-15,-,0
3698,1,z:r2c,nat-oop,5638,16169,19.435,2.868,1.587e-15,-,1
3700,1,z:r2c,nat-oop,4235,10503,25.887,2.480,5.352e-16,-,0
3700,1,z:r2c,nat-oop,4256,10622,25.764,2.496,5.352e-16,-,1
3702,1,z:r2c,nat-oop,11256,11436,9.746,1.016,6.139e-16,-,0
3702,1,z:r2c,nat-oop,10987,11423,9.985,1.040,6.139e-16,-,1
3704,1,z:r2c,nat-oop,10854,11386,10.114,1.049,5.790e-16,-,0
3704,1,z:r2c,nat-oop,10921,11377,10.052,1.042,5.790e-16,-,1
3706,1,z:r2c,nat-oop,11002,11399,9.984,1.036,7.681e-16,-,0
3706,1,z:r2c,nat-oop,11001,11417,9.985,1.038,7.681e-16,-,1
3708,1,z:r2c,nat-oop,11123,11391,9.882,1.024,6.363e-16,-,0
3708,1,z:r2c,nat-oop,10918,11417,10.067,1.046,6.363e-16,-,1
3710,1,z:r2c,nat-oop,11157,11302,9.857,1.013,7.297e-16,-,0
3710,1,z:r2c,nat-oop,11133,11247,9.878,1.010,7.297e-16,-,1
3712,1,z:r2c,nat-oop,3124,10654,35.220,3.410,6.054e-16,-,0
3712,1,z:r2c,nat-oop,3122,10528,35.242,3.372,6.054e-16,-,1
3714,1,z:r2c,nat-oop,11071,11415,9.946,1.031,6.465e-16,-,0
3714,1,z:r2c,nat-oop,11027,11391,9.985,1.033,6.465e-16,-,1
3716,1,z:r2c,nat-oop,10885,11381,10.122,1.046,6.831e-16,-,0
3716,1,z:r2c,nat-oop,11005,11384,10.012,1.034,6.831e-16,-,1
3718,1,z:r2c,nat-oop,3730,8140,29.557,2.182,7.046e-16,-,0
3718,1,z:r2c,nat-oop,3675,8121,29.999,2.210,7.046e-16,-,1
3720,1,z:r2c,nat-oop,3650,11065,30.220,3.031,6.600e-16,-,0
3720,1,z:r2c,nat-oop,3572,10936,30.882,3.062,6.600e-16,-,1
3722,1,z:r2c,nat-oop,11306,11442,9.763,1.012,6.411e-16,-,0
3722,1,z:r2c,nat-oop,11111,11439,9.934,1.029,6.411e-16,-,1
3724,1,z:r2c,nat-oop,4623,7347,23.891,1.589,6.683e-16,-,0
3724,1,z:r2c,nat-oop,4626,7350,23.872,1.589,6.683e-16,-,1
3726,1,z:r2c,nat-oop,3854,9164,28.676,2.378,1.021e-15,-,0
3726,1,z:r2c,nat-oop,3849,9055,28.709,2.352,1.021e-15,-,1
3728,1,z:r2c,nat-oop,11000,11490,10.052,1.045,6.906e-16,-,0
3728,1,z:r2c,nat-oop,11099,11358,9.962,1.023,6.906e-16,-,1
3730,1,z:r2c,nat-oop,10860,11399,10.188,1.050,6.058e-16,-,0
3730,1,z:r2c,nat-oop,10912,11442,10.139,1.049,6.058e-16,-,1
3732,1,z:r2c,nat-oop,11147,11403,9.931,1.023,6.996e-16,-,0
3732,1,z:r2c,nat-oop,11062,11364,10.008,1.027,6.996e-16,-,1
3734,1,z:r2c,nat-oop,11100,11414,9.980,1.028,7.004e-16,-,0
3734,1,z:r2c,nat-oop,10974,11400,10.095,1.039,7.004e-16,-,1
3736,1,z:r2c,nat-oop,10960,11398,10.113,1.040,5.792e-16,-,0
3736,1,z:r2c,nat-oop,11118,11414,9.969,1.027,5.792e-16,-,1
3738,1,z:r2c,nat-oop,10943,17487,10.135,1.598,6.631e-16,-,0
3738,1,z:r2c,nat-oop,11117,17520,9.976,1.576,6.631e-16,-,1
3740,1,z:r2c,nat-oop,3568,8643,31.100,2.422,7.049e-16,-,0
3740,1,z:r2c,nat-oop,3637,8674,30.512,2.385,7.049e-16,-,1
3742,1,z:r2c,nat-oop,9580,11430,11.591,1.193,1.052e-15,-,0
3742,1,z:r2c,nat-oop,9737,11456,11.404,1.177,1.052e-15,-,1
3744,1,z:r2c,nat-oop,2718,8051,40.885,2.963,4.807e-16,-,0
3744,1,z:r2c,nat-oop,2724,8057,40.791,2.958,4.807e-16,-,1
3746,1,z:r2c,nat-oop,11458,11412,9.703,0.996,7.009e-16,-,0
3746,1,z:r2c,nat-oop,11252,11473,9.881,1.020,7.009e-16,-,1
3748,1,z:r2c,nat-oop,11247,11392,9.891,1.013,6.293e-16,-,0
3748,1,z:r2c,nat-oop,11024,12426,10.091,1.127,6.293e-16,-,1
3750,1,z:r2c,nat-oop,3815,5700,29.174,1.494,5.955e-16,-,0
3750,1,z:r2c,nat-oop,3751,5893,29.677,1.571,5.955e-16,-,1
3752,1,z:r2c,nat-oop,10950,16999,10.171,1.552,7.298e-16,-,0
3752,1,z:r2c,nat-oop,14971,16958,7.439,1.133,7.298e-16,-,1
3754,1,z:r2c,nat-oop,10978,11391,10.152,1.038,7.438e-16,-,0
3754,1,z:r2c,nat-oop,11029,11414,10.104,1.035,7.438e-16,-,1
3756,1,z:r2c,nat-oop,11186,11410,9.968,1.020,6.544e-16,-,0
3756,1,z:r2c,nat-oop,11170,11506,9.983,1.030,6.544e-16,-,1
3758,1,z:r2c,nat-oop,10986,11413,10.156,1.039,6.700e-16,-,0
3758,1,z:r2c,nat-oop,11087,11471,10.064,1.035,6.700e-16,-,1
3760,1,z:r2c,nat-oop,4640,13670,24.058,2.946,7.497e-16,-,0
3760,1,z:r2c,nat-oop,4443,13675,25.128,3.078,7.497e-16,-,1
3762,1,z:r2c,nat-oop,3704,9300,30.158,2.511,7.271e-16,-,0
3762,1,z:r2c,nat-oop,3681,9326,30.343,2.533,7.271e-16,-,1
3764,1,z:r2c,nat-oop,11332,11436,9.864,1.009,7.058e-16,-,0
3764,1,z:r2c,nat-oop,11359,11433,9.840,1.007,7.058e-16,-,1
3766,1,z:r2c,nat-oop,11116,11411,10.061,1.027,6.410e-16,-,0
3766,1,z:r2c,nat-oop,11126,11428,10.052,1.027,6.410e-16,-,1
3768,1,z:r2c,nat-oop,11059,11391,10.119,1.030,6.488e-16,-,0
3768,1,z:r2c,nat-oop,11055,11409,10.122,1.032,6.488e-16,-,1
3770,1,z:r2c,nat-oop,4302,9498,26.029,2.208,8.141e-16,-,0
3770,1,z:r2c,nat-oop,4250,9494,26.345,2.234,8.141e-16,-,1
3772,1,z:r2c,nat-oop,5877,13653,19.063,2.323,1.474e-15,-,0
3772,1,z:r2c,nat-oop,5819,13629,19.253,2.342,1.474e-15,-,1
3774,1,z:r2c,nat-oop,4842,11646,23.152,2.405,1.038e-15,-,0
3774,1,z:r2c,nat-oop,4862,11760,23.057,2.419,1.038e-15,-,1
3776,1,z:r2c,nat-oop,10862,15795,10.327,1.454,6.113e-16,-,0
3776,1,z:r2c,nat-oop,11133,15731,10.075,1.413,6.113e-16,-,1
3778,1,z:r2c,nat-oop,10954,11405,10.246,1.041,5.543e-16,-,0
3778,1,z:r2c,nat-oop,11109,11454,10.103,1.031,5.543e-16,-,1
3780,1,z:r2c,nat-oop,3160,6618,35.544,2.095,6.842e-16,-,0
3780,1,z:r2c,nat-oop,3183,6632,35.280,2.084,6.842e-16,-,1
3782,1,z:r2c,nat-oop,11220,17673,10.015,1.575,8.365e-16,-,0
3782,1,z:r2c,nat-oop,10959,17683,10.254,1.614,8.365e-16,-,1
3784,1,z:r2c,nat-oop,4545,13490,24.739,2.968,6.035e-16,-,0
3784,1,z:r2c,nat-oop,4573,13561,24.588,2.966,6.035e-16,-,1
3786,1,z:r2c,nat-oop,11121,11434,10.116,1.028,6.361e-16,-,0
3786,1,z:r2c,nat-oop,11012,11484,10.217,1.043,6.361e-16,-,1
3788,1,z:r2c,nat-oop,11084,11386,10.156,1.027,6.830e-16,-,0
3788,1,z:r2c,nat-oop,11051,11442,10.186,1.035,6.830e-16,-,1
3790,1,z:r2c,nat-oop,11040,11441,10.203,1.036,7.820e-16,-,0
3790,1,z:r2c,nat-oop,11149,11457,10.103,1.028,7.820e-16,-,1
3792,1,z:r2c,nat-oop,10926,19465,10.316,1.782,8.366e-16,-,0
3792,1,z:r2c,nat-oop,10953,19483,10.290,1.779,8.366e-16,-,1
3794,1,z:r2c,nat-oop,10965,11440,10.285,1.043,6.165e-16,-,0
3794,1,z:r2c,nat-oop,10939,11415,10.309,1.043,6.165e-16,-,1
3796,1,z:r2c,nat-oop,10898,17088,10.354,1.568,7.699e-16,-,0
3796,1,z:r2c,nat-oop,11129,17141,10.139,1.540,7.699e-16,-,1
3798,1,z:r2c,nat-oop,10937,11522,10.323,1.054,6.676e-16,-,0
3798,1,z:r2c,nat-oop,11075,11440,10.195,1.033,6.676e-16,-,1
3800,1,z:r2c,nat-oop,3316,9271,34.065,2.795,5.551e-16,-,0
3800,1,z:r2c,nat-oop,3292,9051,34.318,2.750,5.551e-16,-,1
3802,1,z:r2c,nat-oop,11318,11456,9.988,1.012,7.131e-16,-,0
3802,1,z:r2c,nat-oop,11138,11436,10.149,1.027,7.131e-16,-,1
3804,1,z:r2c,nat-oop,11142,11378,10.151,1.021,5.837e-16,-,0
3804,1,z:r2c,nat-oop,11218,11438,10.082,1.020,5.837e-16,-,1
3806,1,z:r2c,nat-oop,11141,11452,10.158,1.028,6.628e-16,-,0
3806,1,z:r2c,nat-oop,10968,11430,10.319,1.042,6.628e-16,-,1
3808,1,z:r2c,nat-oop,2965,8804,38.198,2.970,5.288e-16,-,0
3808,1,z:r2c,nat-oop,2912,8649,38.882,2.970,5.288e-16,-,1
3810,1,z:r2c,nat-oop,10871,11469,10.422,1.055,6.723e-16,-,0
3810,1,z:r2c,nat-oop,15076,11471,7.515,0.761,6.723e-16,-,1
3812,1,z:r2c,nat-oop,11005,11437,10.302,1.039,6.469e-16,-,0
3812,1,z:r2c,nat-oop,11054,11433,10.256,1.034,6.469e-16,-,1
3814,1,z:r2c,nat-oop,10922,11469,10.387,1.050,9.156e-16,-,0
3814,1,z:r2c,nat-oop,10970,11455,10.341,1.044,9.156e-16,-,1
3816,1,z:r2c,nat-oop,10942,14761,10.373,1.349,6.240e-16,-,0
3816,1,z:r2c,nat-oop,10917,14774,10.397,1.353,6.240e-16,-,1
3818,1,z:r2c,nat-oop,11060,20551,10.268,1.858,6.555e-16,-,0
3818,1,z:r2c,nat-oop,11177,20693,10.161,1.851,6.555e-16,-,1
3820,1,z:r2c,nat-oop,11131,11496,10.210,1.033,6.547e-16,-,0
3820,1,z:r2c,nat-oop,10975,11489,10.354,1.047,6.547e-16,-,1
3822,1,z:r2c,nat-oop,3654,7076,31.115,1.936,7.381e-16,-,0
3822,1,z:r2c,nat-oop,3583,7119,31.738,1.987,7.381e-16,-,1
3824,1,z:r2c,nat-oop,10882,11471,10.455,1.054,6.507e-16,-,0
3824,1,z:r2c,nat-oop,10870,11390,10.467,1.048,6.507e-16,-,1
3826,1,z:r2c,nat-oop,10983,11433,10.365,1.041,9.972e-16,-,0
3826,1,z:r2c,nat-oop,10890,11464,10.454,1.053,9.972e-16,-,1
3828,1,z:r2c,nat-oop,4192,11092,27.172,2.646,6.139e-16,-,0
3828,1,z:r2c,nat-oop,4150,11151,27.449,2.687,6.139e-16,-,1
3830,1,z:r2c,nat-oop,11059,11446,10.305,1.035,7.008e-16,-,0
3830,1,z:r2c,nat-oop,11000,11423,10.361,1.038,7.008e-16,-,1
3832,1,z:r2c,nat-oop,11009,11455,10.359,1.041,6.900e-16,-,0
3832,1,z:r2c,nat-oop,10853,11416,10.508,1.052,6.900e-16,-,1
3834,1,z:r2c,nat-oop,16155,17594,7.063,1.089,6.740e-16,-,0
3834,1,z:r2c,nat-oop,11050,17748,10.326,1.606,6.740e-16,-,1
3836,1,z:r2c,nat-oop,11444,11434,9.977,0.999,5.819e-16,-,0
3836,1,z:r2c,nat-oop,11276,11492,10.125,1.019,5.819e-16,-,1
3838,1,z:r2c,nat-oop,10880,11468,10.500,1.054,5.477e-16,-,0
3838,1,z:r2c,nat-oop,15025,11503,7.603,0.766,5.477e-16,-,1
3840,1,z:r2c,nat-oop,2091,7211,54.667,3.449,5.763e-16,-,0
3840,1,z:r2c,nat-oop,2419,7157,47.246,2.958,5.763e-16,-,1
3842,1,z:r2c,nat-oop,10976,11407,10.420,1.039,5.990e-16,-,0
3842,1,z:r2c,nat-oop,10973,11474,10.423,1.046,5.990e-16,-,1
3844,1,z:r2c,nat-oop,5592,14038,20.465,2.510,2.019e-15,-,0
3844,1,z:r2c,nat-oop,5986,14202,19.117,2.373,2.019e-15,-,1
3846,1,z:r2c,nat-oop,10983,11467,10.426,1.044,7.241e-16,-,0
3846,1,z:r2c,nat-oop,10976,11449,10.432,1.043,7.241e-16,-,1
3848,1,z:r2c,nat-oop,4439,12764,25.813,2.876,7.714e-16,-,0
3848,1,z:r2c,nat-oop,4446,12811,25.770,2.882,7.714e-16,-,1
3850,1,z:r2c,nat-oop,3669,6851,31.245,1.867,7.769e-16,-,0
3850,1,z:r2c,nat-oop,3585,6815,31.980,1.901,7.769e-16,-,1
3852,1,z:r2c,nat-oop,10992,11438,10.435,1.041,7.539e-16,-,0
3852,1,z:r2c,nat-oop,11068,11505,10.364,1.040,7.539e-16,-,1
3854,1,z:r2c,nat-oop,6049,17107,18.974,2.828,1.685e-15,-,0
3854,1,z:r2c,nat-oop,5938,17106,19.327,2.881,1.685e-15,-,1
3856,1,z:r2c,nat-oop,11084,11481,10.360,1.036,6.859e-16,-,0
3856,1,z:r2c,nat-oop,11124,11445,10.324,1.029,6.859e-16,-,1
3858,1,z:r2c,nat-oop,11348,11463,10.125,1.010,6.611e-16,-,0
3858,1,z:r2c,nat-oop,10899,11490,10.543,1.054,6.611e-16,-,1
3860,1,z:r2c,nat-oop,10993,11454,10.459,1.042,6.705e-16,-,0
3860,1,z:r2c,nat-oop,10984,11454,10.468,1.043,6.705e-16,-,1
3862,1,z:r2c,nat-oop,11212,11460,10.260,1.022,6.357e-16,-,0
3862,1,z:r2c,nat-oop,11179,11435,10.291,1.023,6.357e-16,-,1
3864,1,z:r2c,nat-oop,3248,10123,35.443,3.117,6.697e-16,-,0
3864,1,z:r2c,nat-oop,3267,10238,35.233,3.134,6.697e-16,-,1
3866,1,z:r2c,nat-oop,11177,11485,10.305,1.028,5.557e-16,-,0
3866,1,z:r2c,nat-oop,10987,11474,10.483,1.044,5.557e-16,-,1
3868,1,z:r2c,nat-oop,10968,12501,10.507,1.140,8.423e-16,-,0
3868,1,z:r2c,nat-oop,10955,11474,10.520,1.047,8.423e-16,-,1
3870,1,z:r2c,nat-oop,4767,12549,24.190,2.633,6.567e-16,-,0
3870,1,z:r2c,nat-oop,4754,12532,24.256,2.636,6.567e-16,-,1
3872,1,z:r2c,nat-oop,5238,9897,22.025,1.889,8.664e-16,-,0
3872,1,z:r2c,nat-oop,2901,9873,39.764,3.403,8.664e-16,-,1
3874,1,z:r2c,nat-oop,10830,11578,10.659,1.069,6.345e-16,-,0
3874,1,z:r2c,nat-oop,10909,11427,10.582,1.047,6.345e-16,-,1
3876,1,z:r2c,nat-oop,4145,10745,27.864,2.592,6.191e-16,-,0
3876,1,z:r2c,nat-oop,4084,10990,28.281,2.691,6.191e-16,-,1
3878,1,z:r2c,nat-oop,11127,11506,10.387,1.034,6.125e-16,-,0
3878,1,z:r2c,nat-oop,10816,11531,10.686,1.066,6.125e-16,-,1
3880,1,z:r2c,nat-oop,11101,22784,10.417,2.052,9.961e-16,-,0
3880,1,z:r2c,nat-oop,10930,22697,10.580,2.077,9.961e-16,-,1
3882,1,z:r2c,nat-oop,10996,11565,10.523,1.052,7.618e-16,-,0
3882,1,z:r2c,nat-oop,11211,11483,10.321,1.024,7.618e-16,-,1
3884,1,z:r2c,nat-oop,11072,11504,10.457,1.039,6.128e-16,-,0
3884,1,z:r2c,nat-oop,11089,11493,10.441,1.036,6.128e-16,-,1
3886,1,z:r2c,nat-oop,11035,18903,10.498,1.713,6.663e-16,-,0
3886,1,z:r2c,nat-oop,11088,18941,10.448,1.708,6.663e-16,-,1
3888,1,z:r2c,nat-oop,3321,7577,34.906,2.282,6.480e-16,-,0
3888,1,z:r2c,nat-oop,3001,7558,38.619,2.518,6.480e-16,-,1
3890,1,z:r2c,nat-oop,10904,11442,10.636,1.049,7.299e-16,-,0
3890,1,z:r2c,nat-oop,11116,11477,10.433,1.033,7.299e-16,-,1
3892,1,z:r2c,nat-oop,10930,11485,10.617,1.051,7.748e-16,-,0
3892,1,z:r2c,nat-oop,10917,11515,10.629,1.055,7.748e-16,-,1
3894,1,z:r2c,nat-oop,11210,14906,10.357,1.330,6.774e-16,-,0
3894,1,z:r2c,nat-oop,11000,14891,10.556,1.354,6.774e-16,-,1
3896,1,z:r2c,nat-oop,11208,11540,10.365,1.030,6.903e-16,-,0
3896,1,z:r2c,nat-oop,11390,11510,10.200,1.011,6.903e-16,-,1
3898,1,z:r2c,nat-oop,10987,11492,10.581,1.046,6.559e-16,-,0
3898,1,z:r2c,nat-oop,10929,11449,10.636,1.048,6.559e-16,-,1
3900,1,z:r2c,nat-oop,3169,7966,36.701,2.514,5.410e-16,-,0
3900,1,z:r2c,nat-oop,3252,7965,35.763,2.449,5.410e-16,-,1
3902,1,z:r2c,nat-oop,10095,11499,11.529,1.139,7.893e-16,-,0
3902,1,z:r2c,nat-oop,9950,11481,11.696,1.154,7.893e-16,-,1
3904,1,z:r2c,nat-oop,11079,16662,10.511,1.504,7.114e-16,-,0
3904,1,z:r2c,nat-oop,11033,16629,10.554,1.507,7.114e-16,-,1
3906,1,z:r2c,nat-oop,4578,10256,25.451,2.240,8.231e-16,-,0
3906,1,z:r2c,nat-oop,4546,10287,25.627,2.263,8.231e-16,-,1
3908,1,z:r2c,nat-oop,11158,11522,10.448,1.033,5.835e-16,-,0
3908,1,z:r2c,nat-oop,11078,11537,10.524,1.041,5.835e-16,-,1
3910,1,z:r2c,nat-oop,4930,9987,23.662,2.026,8.079e-16,-,0
3910,1,z:r2c,nat-oop,4683,10085,24.909,2.154,8.079e-16,-,1
3912,1,z:r2c,nat-oop,10943,11453,10.666,1.047,6.711e-16,-,0
3912,1,z:r2c,nat-oop,14245,11546,8.193,0.811,6.711e-16,-,1
3914,1,z:r2c,nat-oop,10918,11513,10.696,1.054,6.711e-16,-,0
3914,1,z:r2c,nat-oop,11202,11478,10.425,1.025,6.711e-16,-,1
3916,1,z:r2c,nat-oop,11209,20161,10.424,1.799,6.613e-16,-,0
3916,1,z:r2c,nat-oop,11209,20242,10.424,1.806,6.613e-16,-,1
3918,1,z:r2c,nat-oop,11071,11546,10.561,1.043,6.550e-16,-,0
3918,1,z:r2c,nat-oop,11261,11515,10.382,1.023,6.550e-16,-,1
3920,1,z:r2c,nat-oop,3446,6864,33.948,1.992,4.546e-16,-,0
3920,1,z:r2c,nat-oop,3438,6857,34.027,1.995,4.546e-16,-,1
3922,1,z:r2c,nat-oop,11191,17583,10.459,1.571,7.400e-16,-,0
3922,1,z:r2c,nat-oop,10962,17620,10.677,1.607,7.400e-16,-,1
3924,1,z:r2c,nat-oop,11377,11501,10.294,1.011,5.126e-16,-,0
3924,1,z:r2c,nat-oop,11308,11477,10.356,1.015,5.126e-16,-,1
3926,1,z:r2c,nat-oop,11315,11519,10.356,1.018,6.848e-16,-,0
3926,1,z:r2c,nat-oop,11220,11527,10.444,1.027,6.848e-16,-,1
3928,1,z:r2c,nat-oop,11002,11476,10.657,1.043,6.209e-16,-,0
3928,1,z:r2c,nat-oop,11172,11472,10.495,1.027,6.209e-16,-,1
3930,1,z:r2c,nat-oop,10912,11571,10.751,1.060,5.957e-16,-,0
3930,1,z:r2c,nat-oop,11128,11549,10.542,1.038,5.957e-16,-,1
3932,1,z:r2c,nat-oop,11116,11498,10.559,1.034,7.607e-16,-,0
3932,1,z:r2c,nat-oop,10850,11520,10.818,1.062,7.607e-16,-,1
3934,1,z:r2c,nat-oop,11257,11487,10.433,1.020,5.892e-16,-,0
3934,1,z:r2c,nat-oop,11211,11582,10.476,1.033,5.892e-16,-,1
3936,1,z:r2c,nat-oop,4234,13044,27.754,3.081,5.263e-16,-,0
3936,1,z:r2c,nat-oop,4212,13022,27.901,3.092,5.263e-16,-,1
3938,1,z:r2c,nat-oop,11042,11547,10.648,1.046,7.076e-16,-,0
3938,1,z:r2c,nat-oop,11001,11515,10.688,1.047,7.076e-16,-,1
3940,1,z:r2c,nat-oop,11351,11460,10.364,1.010,9.407e-16,-,0
3940,1,z:r2c,nat-oop,11348,11479,10.368,1.012,9.407e-16,-,1
3942,1,z:r2c,nat-oop,11017,18031,10.684,1.637,8.097e-16,-,0
3942,1,z:r2c,nat-oop,11234,17957,10.479,1.598,8.097e-16,-,1
3944,1,z:r2c,nat-oop,4677,12671,25.185,2.709,9.673e-16,-,0
3944,1,z:r2c,nat-oop,4600,12481,25.602,2.713,9.673e-16,-,1
3946,1,z:r2c,nat-oop,11033,11532,10.681,1.045,6.036e-16,-,0
3946,1,z:r2c,nat-oop,11013,11481,10.701,1.042,6.036e-16,-,1
3948,1,z:r2c,nat-oop,5183,13479,22.751,2.601,6.182e-16,-,0
3948,1,z:r2c,nat-oop,5109,13433,23.079,2.629,6.182e-16,-,1
3950,1,z:r2c,nat-oop,11213,17081,10.522,1.523,6.650e-16,-,0
3950,1,z:r2c,nat-oop,10988,17155,10.737,1.561,6.650e-16,-,1
3952,1,z:r2c,nat-oop,3613,11442,32.675,3.167,7.471e-16,-,0
3952,1,z:r2c,nat-oop,3719,11555,31.740,3.107,7.471e-16,-,1
3954,1,z:r2c,nat-oop,10957,11510,10.780,1.051,6.066e-16,-,0
3954,1,z:r2c,nat-oop,11017,11527,10.722,1.046,6.066e-16,-,1
3956,1,z:r2c,nat-oop,6082,15100,19.431,2.483,1.797e-15,-,0
3956,1,z:r2c,nat-oop,6422,14957,18.404,2.329,1.797e-15,-,1
3958,1,z:r2c,nat-oop,11088,11479,10.665,1.035,7.489e-16,-,0
3958,1,z:r2c,nat-oop,10997,11530,10.753,1.049,7.489e-16,-,1
3960,1,z:r2c,nat-oop,2911,8357,40.642,2.871,6.304e-16,-,0
3960,1,z:r2c,nat-oop,2931,8366,40.370,2.855,6.304e-16,-,1
3962,1,z:r2c,nat-oop,11240,11486,10.533,1.022,5.796e-16,-,0
3962,1,z:r2c,nat-oop,11048,11552,10.715,1.046,5.796e-16,-,1
3964,1,z:r2c,nat-oop,11068,11533,10.703,1.042,8.715e-16,-,0
3964,1,z:r2c,nat-oop,11292,11490,10.489,1.017,8.715e-16,-,1
3966,1,z:r2c,nat-oop,11212,11500,10.571,1.026,6.860e-16,-,0
3966,1,z:r2c,nat-oop,10941,11563,10.833,1.057,6.860e-16,-,1
3968,1,z:r2c,nat-oop,3480,11928,34.081,3.428,5.980e-16,-,0
3968,1,z:r2c,nat-oop,3431,11915,34.567,3.473,5.980e-16,-,1
3970,1,z:r2c,nat-oop,10940,11505,10.846,1.052,5.243e-16,-,0
3970,1,z:r2c,nat-oop,11109,11561,10.681,1.041,5.243e-16,-,1
3972,1,z:r2c,nat-oop,11249,11491,10.554,1.021,6.920e-16,-,0
3972,1,z:r2c,nat-oop,11011,11492,10.782,1.044,6.920e-16,-,1
3974,1,z:r2c,nat-oop,10987,11519,10.811,1.048,6.827e-16,-,0
3974,1,z:r2c,nat-oop,11012,11537,10.787,1.048,6.827e-16,-,1
3976,1,z:r2c,nat-oop,11043,18897,10.763,1.711,6.758e-16,-,0
3976,1,z:r2c,nat-oop,11047,18971,10.758,1.717,6.758e-16,-,1
3978,1,z:r2c,nat-oop,3944,9426,30.149,2.390,6.889e-16,-,0
3978,1,z:r2c,nat-oop,3895,9444,30.529,2.425,6.889e-16,-,1
3980,1,z:r2c,nat-oop,11110,11477,10.710,1.033,7.137e-16,-,0
3980,1,z:r2c,nat-oop,10954,11484,10.862,1.048,7.137e-16,-,1
3982,1,z:r2c,nat-oop,11205,11532,10.625,1.029,7.568e-16,-,0
3982,1,z:r2c,nat-oop,11160,11498,10.668,1.030,7.568e-16,-,1
3984,1,z:r2c,nat-oop,10999,21096,10.831,1.918,6.883e-16,-,0
3984,1,z:r2c,nat-oop,11059,21180,10.771,1.915,6.883e-16,-,1
3986,1,z:r2c,nat-oop,11356,11531,10.495,1.015,7.583e-16,-,0
3986,1,z:r2c,nat-oop,11015,11523,10.821,1.046,7.583e-16,-,1
3988,1,z:r2c,nat-oop,11250,11476,10.600,1.020,7.096e-16,-,0
3988,1,z:r2c,nat-oop,11200,11502,10.648,1.027,7.096e-16,-,1
3990,1,z:r2c,nat-oop,4077,8103,29.268,1.988,5.557e-16,-,0
3990,1,z:r2c,nat-oop,3740,7921,31.907,2.118,5.557e-16,-,1
3992,1,z:r2c,nat-oop,10959,11535,10.894,1.053,5.782e-16,-,0
3992,1,z:r2c,nat-oop,11269,11518,10.595,1.022,5.782e-16,-,1
3994,1,z:r2c,nat-oop,11069,11505,10.792,1.039,7.678e-16,-,0
3994,1,z:r2c,nat-oop,11030,11533,10.830,1.046,7.678e-16,-,1
3996,1,z:r2c,nat-oop,4429,12405,26.988,2.801,7.475e-16,-,0
3996,1,z:r2c,nat-oop,4409,12404,27.110,2.813,7.475e-16,-,1
3998,1,z:r2c,nat-oop,11246,11514,10.634,1.024,7.741e-16,-,0
3998,1,z:r2c,nat-oop,11039,11554,10.834,1.047,7.741e-16,-,1
4000,1,z:r2c,nat-oop,3266,7098,36.632,2.173,4.720e-16,-,0
4000,1,z:r2c,nat-oop,3169,7070,37.764,2.231,4.720e-16,-,1
4002,1,z:r2c,nat-oop,5803,12579,20.632,2.168,1.267e-15,-,0
4002,1,z:r2c,nat-oop,5675,12472,21.096,2.198,1.267e-15,-,1
4004,1,z:r2c,nat-oop,4666,8599,25.675,1.843,7.500e-16,-,0
4004,1,z:r2c,nat-oop,4525,8587,26.472,1.898,7.500e-16,-,1
4006,1,z:r2c,nat-oop,11173,11522,10.727,1.031,5.986e-16,-,0
4006,1,z:r2c,nat-oop,11004,11543,10.892,1.049,5.986e-16,-,1
4008,1,z:r2c,nat-oop,11074,11520,10.829,1.040,9.075e-16,-,0
4008,1,z:r2c,nat-oop,11105,11518,10.799,1.037,9.075e-16,-,1
4010,1,z:r2c,nat-oop,11137,11526,10.775,1.035,7.764e-16,-,0
4010,1,z:r2c,nat-oop,11110,11528,10.801,1.038,7.764e-16,-,1
4012,1,z:r2c,nat-oop,11099,16564,10.817,1.492,7.242e-16,-,0
4012,1,z:r2c,nat-oop,11054,16649,10.862,1.506,7.242e-16,-,1
4014,1,z:r2c,nat-oop,11121,11502,10.802,1.034,7.222e-16,-,0
4014,1,z:r2c,nat-oop,11373,11533,10.562,1.014,7.222e-16,-,1
4016,1,z:r2c,nat-oop,11104,11538,10.824,1.039,5.270e-16,-,0
4016,1,z:r2c,nat-oop,11141,11497,10.789,1.032,5.270e-16,-,1
4018,1,z:r2c,nat-oop,4812,9962,24.990,2.070,9.746e-16,-,0
4018,1,z:r2c,nat-oop,4836,9917,24.870,2.051,9.746e-16,-,1
4020,1,z:r2c,nat-oop,11010,18003,10.929,1.635,7.634e-16,-,0
4020,1,z:r2c,nat-oop,11024,18058,10.915,1.638,7.634e-16,-,1
4022,1,z:r2c,nat-oop,11247,11524,10.704,1.025,7.074e-16,-,0
4022,1,z:r2c,nat-oop,11059,11720,10.887,1.060,7.074e-16,-,1
4024,1,z:r2c,nat-oop,11561,11494,10.420,0.994,6.699e-16,-,0
4024,1,z:r2c,nat-oop,11362,11508,10.602,1.013,6.699e-16,-,1
4026,1,z:r2c,nat-oop,10984,15643,10.974,1.424,7.573e-16,-,0
4026,1,z:r2c,nat-oop,14683,15731,8.209,1.071,7.573e-16,-,1
4028,1,z:r2c,nat-oop,11086,16062,10.879,1.449,6.801e-16,-,0
4028,1,z:r2c,nat-oop,11086,16224,10.878,1.463,6.801e-16,-,1
4030,1,z:r2c,nat-oop,4874,10746,24.756,2.205,7.201e-16,-,0
4030,1,z:r2c,nat-oop,5347,10691,22.565,1.999,7.201e-16,-,1
4032,1,z:r2c,nat-oop,2341,7424,51.564,3.171,7.085e-16,-,0
4032,1,z:r2c,nat-oop,2347,7436,51.447,3.169,7.085e-16,-,1
4034,1,z:r2c,nat-oop,11311,11567,10.679,1.023,9.221e-16,-,0
4034,1,z:r2c,nat-oop,10976,11521,11.006,1.050,9.221e-16,-,1
4036,1,z:r2c,nat-oop,11100,11528,10.889,1.039,7.660e-16,-,0
4036,1,z:r2c,nat-oop,11134,11570,10.856,1.039,7.660e-16,-,1
4038,1,z:r2c,nat-oop,11174,11498,10.822,1.029,5.599e-16,-,0
4038,1,z:r2c,nat-oop,11111,11519,10.884,1.037,5.599e-16,-,1
4040,1,z:r2c,nat-oop,10966,11479,11.034,1.047,6.787e-16,-,0
4040,1,z:r2c,nat-oop,10977,11517,11.023,1.049,6.787e-16,-,1
4042,1,z:r2c,nat-oop,6549,18571,18.485,2.836,1.297e-15,-,0
4042,1,z:r2c,nat-oop,6290,18696,19.248,2.972,1.297e-15,-,1
4044,1,z:r2c,nat-oop,11181,11514,10.834,1.030,5.797e-16,-,0
4044,1,z:r2c,nat-oop,11219,11562,10.797,1.031,5.797e-16,-,1
4046,1,z:r2c,nat-oop,4599,8963,26.352,1.949,7.608e-16,-,0
4046,1,z:r2c,nat-oop,4296,8971,28.210,2.088,7.608e-16,-,1
4048,1,z:r2c,nat-oop,3828,12294,31.680,3.212,8.934e-16,-,0
4048,1,z:r2c,nat-oop,3739,12306,32.436,3.292,8.934e-16,-,1
4050,1,z:r2c,nat-oop,3546,6742,34.217,1.901,7.094e-16,-,0
4050,1,z:r2c,nat-oop,3777,6613,32.126,1.751,7.094e-16,-,1
4052,1,z:r2c,nat-oop,10980,11480,11.056,1.046,6.259e-16,-,0
4052,1,z:r2c,nat-oop,10961,11516,11.076,1.051,6.259e-16,-,1
4054,1,z:r2c,nat-oop,11046,11536,10.997,1.044,6.566e-16,-,0
4054,1,z:r2c,nat-oop,11079,11560,10.964,1.043,6.566e-16,-,1
4056,1,z:r2c,nat-oop,3242,10671,37.484,3.291,5.295e-16,-,0
4056,1,z:r2c,nat-oop,3210,10667,37.865,3.323,5.295e-16,-,1
4058,1,z:r2c,nat-oop,9411,11530,12.921,1.225,9.433e-16,-,0
4058,1,z:r2c,nat-oop,9596,11559,12.672,1.205,9.433e-16,-,1
4060,1,z:r2c,nat-oop,4240,9904,28.698,2.336,6.167e-16,-,0
4060,1,z:r2c,nat-oop,4223,9807,28.811,2.322,6.167e-16,-,1
4062,1,z:r2c,nat-oop,11023,11563,11.044,1.049,8.089e-16,-,0
4062,1,z:r2c,nat-oop,11260,11524,10.812,1.024,8.089e-16,-,1
4064,1,z:r2c,nat-oop,11025,11535,11.048,1.046,6.123e-16,-,0
4064,1,z:r2c,nat-oop,15175,11511,8.026,0.759,6.123e-16,-,1
4066,1,z:r2c,nat-oop,11536,11546,10.564,1.001,6.548e-16,-,0
4066,1,z:r2c,nat-oop,11463,11501,10.632,1.003,6.548e-16,-,1
4068,1,z:r2c,nat-oop,11213,11509,10.875,1.026,5.821e-16,-,0
4068,1,z:r2c,nat-oop,11327,11527,10.765,1.018,5.821e-16,-,1
4070,1,z:r2c,nat-oop,4866,11338,25.075,2.330,7.143e-16,-,0
4070,1,z:r2c,nat-oop,4833,11435,25.245,2.366,7.143e-16,-,1
4072,1,z:r2c,nat-oop,11044,11520,11.054,1.043,7.075e-16,-,0
4072,1,z:r2c,nat-oop,11075,11535,11.022,1.042,7.075e-16,-,1
4074,1,z:r2c,nat-oop,11036,20794,11.068,1.884,6.823e-16,-,0
4074,1,z:r2c,nat-oop,11252,20542,10.855,1.826,6.823e-16,-,1
4076,1,z:r2c,nat-oop,10947,11568,11.163,1.057,5.755e-16,-,0
4076,1,z:r2c,nat-oop,11177,11561,10.934,1.034,5.755e-16,-,1
4078,1,z:r2c,nat-oop,11242,11531,10.877,1.026,7.739e-16,-,0
4078,1,z:r2c,nat-oop,11090,11608,11.026,1.047,7.739e-16,-,1
4080,1,z:r2c,nat-oop,3149,9408,38.850,2.988,8.353e-16,-,0
4080,1,z:r2c,nat-oop,3181,9243,38.462,2.906,8.353e-16,-,1
4082,1,z:r2c,nat-oop,11152,11619,10.977,1.042,7.374e-16,-,0
4082,1,z:r2c,nat-oop,11131,11621,10.998,1.044,7.374e-16,-,1
4084,1,z:r2c,nat-oop,11240,11587,10.897,1.031,6.613e-16,-,0
4084,1,z:r2c,nat-oop,11061,11662,11.073,1.054,6.613e-16,-,1
4086,1,z:r2c,nat-oop,10941,11636,11.201,1.064,5.712e-16,-,0
4086,1,z:r2c,nat-oop,10967,11641,11.174,1.062,5.712e-16,-,1
4088,1,z:r2c,nat-oop,11291,19464,10.860,1.724,7.889e-16,-,0
4088,1,z:r2c,nat-oop,11063,19584,11.083,1.770,7.889e-16,-,1
4090,1,z:r2c,nat-oop,11021,11660,11.131,1.058,7.591e-16,-,0
4090,1,z:r2c,nat-oop,11034,11675,11.118,1.058,7.591e-16,-,1
4092,1,z:r2c,nat-oop,4372,12565,28.077,2.874,7.508e-16,-,0
4092,1,z:r2c,nat-oop,4599,12516,26.687,2.721,7.508e-16,-,1
4094,1,z:r2c,nat-oop,11522,23070,10.659,2.002,8.457e-16,-,0
4094,1,z:r2c,nat-oop,11332,23083,10.838,2.037,8.457e-16,-,1
4096,1,z:r2c,nat-oop,2089,2522,58.830,1.207,3.440e-16,-,0
4096,1,z:r2c,nat-oop,2089,2519,58.813,1.205,3.440e-16,-,1
