333        banked        92ms replayed  prime
334        banked       102ms raced     zr2c:child_oop_il
335        banked       267ms raced     prime
336        banked       104ms raced     zr2c:child_oop_il
337        banked       260ms raced     chain3
338        banked       100ms raced     zr2c:child_nat_ip
339        banked       269ms raced     2p
340        banked       100ms raced     zr2c:child_oop_il
341        banked        93ms replayed  2p
342        banked       107ms raced     zr2c:child_oop_il
343        banked       288ms raced     bridge
344        banked       101ms raced     zr2c:child_oop_il
345        banked        93ms replayed  2p
346        banked       110ms raced     zr2c:child_oop_il
347        banked       263ms raced     prime
348        banked       101ms raced     zr2c:child_oop_il
349        banked       304ms raced     2p
350        banked        92ms replayed  zr2c:child_oop_il
351        banked        99ms raced     bridge
352        banked       101ms raced     zr2c:child_oop_il
353        banked       258ms raced     2p
354        banked       100ms raced     zr2c:child_oop_il
355        banked       260ms raced     prime
356        banked       311ms raced     zr2c:child_oop_il
357        banked       100ms raced     bridge
358        banked       101ms raced     zr2c:child_oop_il
359        banked       260ms raced     prime
360        banked        92ms replayed  zr2c:child_oop_il
361        banked       101ms raced     bridge
362        banked       101ms raced     zr2c:child_oop_il
363        banked        99ms raced     bridge
364        banked        99ms raced     zr2c:child_oop_il
365        banked       259ms raced     flat
366        banked       101ms raced     zr2c:child_oop_il
367        banked       261ms raced     prime
368        banked       100ms raced     zr2c:child_oop_il
369        banked        92ms replayed  2p
370        banked       101ms raced     zr2c:child_nat_ip
371        banked       262ms raced     2p
372        banked        99ms raced     zr2c:child_oop_il
373        banked       260ms raced     2p
374        banked       101ms raced     zr2c:child_nat_ip
375        banked      2162ms raced     bridge
376        banked       101ms raced     zr2c:child_nat_ip
377        banked        93ms replayed  2p
378        banked        94ms replayed  zr2c:child_oop_il
379        banked       296ms raced     chain3
380        banked       100ms raced     zr2c:child_oop_il
381        banked       260ms raced     2p
382        banked       100ms raced     zr2c:child_oop_il
383        banked       263ms raced     prime
384        banked        94ms replayed  zr2c:child_oop_il
385        banked       100ms raced     bridge
386        banked       100ms raced     zr2c:child_nat_ip
387        banked        93ms replayed  prime
388        banked       264ms raced     zr2c:child_oop_il
389        banked       262ms raced     prime
390        banked       102ms raced     zr2c:child_oop_il
391        banked        99ms replayed  chain3
392        banked       103ms raced     zr2c:child_oop_il
393        banked       266ms raced     chain3
394        banked       104ms raced     zr2c:child_oop_il
395        banked       260ms raced     prime
396        banked       101ms raced     zr2c:child_oop_il
397        banked       299ms raced     chain3
398        banked       103ms raced     zr2c:child_oop_il
399        banked       102ms raced     bridge
400        banked        93ms replayed  zr2c:child_oop_il
401        banked       271ms raced     chain3
402        banked       101ms raced     zr2c:child_oop_il
403        banked        93ms replayed  prime
404        banked       317ms raced     zr2c:child_oop_il
405        banked        95ms replayed  bridge
406        banked       100ms raced     zr2c:child_oop_il
407        banked        93ms replayed  2p
408        banked       101ms raced     zr2c:child_oop_il
409        banked       291ms raced     chain3
410        banked       100ms raced     zr2c:child_oop_il
411        banked       267ms raced     2p
412        banked       267ms raced     zr2c:child_oop_il
413        banked       263ms raced     prime
414        banked       101ms raced     zr2c:child_oop_il
415        banked       265ms raced     2p
416        banked       102ms raced     zr2c:child_oop_il
417        banked       264ms raced     2p
418        banked       104ms raced     zr2c:child_oop_il
419        banked       262ms raced     2p
420        banked       105ms raced     zr2c:child_oop_il
421        banked       306ms raced     chain3
422        banked       101ms raced     zr2c:child_oop_il
423        banked        94ms replayed  prime
424        banked       273ms raced     zr2c:child_oop_il
425        banked       102ms raced     bridge
426        banked       103ms raced     zr2c:child_oop_il
427        banked       264ms raced     prime
428        banked       268ms raced     zr2c:child_oop_il
429        banked       104ms raced     bridge
430        banked       102ms raced     zr2c:child_nat_ip
431        banked       264ms raced     flat
432        banked        93ms replayed  zr2c:child_oop_il
433        banked       284ms raced     2p
434        banked       100ms raced     zr2c:child_oop_il
435        banked        93ms replayed  2p
436        banked       269ms raced     zr2c:child_oop_il
437        banked        95ms replayed  prime
438        banked       102ms raced     zr2c:child_oop_il
439        banked       265ms raced     prime
440        banked       100ms raced     zr2c:child_oop_il
441        banked        92ms replayed  bridge
442        banked       101ms raced     zr2c:child_oop_il
443        banked       263ms raced     2p
444        banked       101ms raced     zr2c:child_oop_il
445        banked       270ms raced     2p
446        banked       101ms raced     zr2c:child_oop_il
447        banked       266ms raced     prime
448        banked        95ms replayed  2p
449        banked       282ms raced     2p
450        banked        95ms replayed  zr2c:child_oop_il
451        banked        96ms replayed  2p
452        banked       266ms raced     zr2c:child_oop_il
453        banked       264ms raced     prime
454        banked       104ms raced     zr2c:child_oop_il
455        banked       105ms raced     bridge
456        banked       106ms raced     zr2c:child_nat_ip
457        banked       259ms raced     flat
458        banked       103ms raced     zr2c:child_oop_il
459        banked       105ms raced     bridge
460        banked       102ms raced     zr2c:child_nat_ip
461        banked       269ms raced     2p
462        banked       104ms raced     zr2c:child_oop_il
463        banked       301ms raced     chain3
464        banked       120ms raced     zr2c:child_oop_il
465        banked        95ms replayed  flat
466        banked       103ms raced     zr2c:child_oop_il
467        banked       269ms raced     prime
468        banked       104ms raced     zr2c:child_nat_ip
469        banked       267ms raced     chain3
470        banked       102ms raced     zr2c:child_nat_ip
471        banked       267ms raced     2p
472        banked       270ms raced     zr2c:child_oop_il
473        banked        93ms replayed  prime
474        banked       103ms raced     zr2c:child_oop_il
475        banked       103ms raced     bridge
476        banked       103ms raced     zr2c:child_oop_il
477        banked       267ms raced     flat
478        banked       104ms raced     zr2c:child_oop_il
479        banked       264ms raced     prime
480        banked        93ms replayed  zr2c:child_nat_ip
481        banked        95ms replayed  2p
482        banked       102ms raced     zr2c:child_oop_il
483        banked        93ms replayed  prime
484        banked       105ms raced     zr2c:child_oop_il
485        banked       263ms raced     flat
486        banked        98ms replayed  zr2c:child_oop_il
487        banked       270ms raced     2p
488        banked       271ms raced     zr2c:child_oop_il
489        banked       269ms raced     prime
490        banked        95ms replayed  zr2c:child_oop_il
491        banked       310ms raced     chain3
492        banked       102ms raced     zr2c:child_oop_il
493        banked        96ms replayed  2p
494        banked       103ms raced     zr2c:child_oop_il
495        banked       105ms raced     bridge
496        banked       104ms raced     zr2c:child_oop_il
497        banked       270ms raced     flat
498        banked       110ms raced     zr2c:child_nat_ip
499        banked       272ms raced     prime
500        banked       101ms raced     zr2c:child_oop_il
501        banked       271ms raced     chain3
502        banked       106ms raced     zr2c:child_oop_il
503        banked       268ms raced     prime
504        banked       105ms raced     zr2c:child_oop_il
505        banked       269ms raced     chain3
506        banked       103ms raced     zr2c:child_oop_il
507        banked       102ms raced     bridge
508        banked       270ms raced     zr2c:child_oop_il
509        banked       268ms raced     prime
510        banked        97ms replayed  zr2c:child_oop_il
511        banked       267ms raced     2p
512        banked        96ms replayed  zr2c:child_oop_il
513        banked       103ms raced     bridge
514        banked       103ms raced     zr2c:child_oop_il
515        banked       273ms raced     prime
516        banked       103ms raced     zr2c:child_nat_ip
517        banked        96ms replayed  2p
518        banked       104ms raced     zr2c:child_oop_il
519        banked       273ms raced     2p
520        banked       102ms raced     zr2c:child_oop_il
521        banked       273ms raced     chain3
522        banked       104ms raced     zr2c:child_oop_il
523        banked       286ms raced     2p
524        banked       290ms raced     zr2c:child_oop_il
525        banked        96ms replayed  bridge
526        banked       104ms raced     zr2c:child_oop_il
527        banked        95ms replayed  prime
528        banked       105ms raced     zr2c:child_oop_il
529        banked        95ms replayed  chain3
530        banked       104ms raced     zr2c:child_oop_il
531        banked       272ms raced     prime
532        banked       118ms raced     zr2c:child_oop_il
533        banked        94ms replayed  flat
534        banked       106ms raced     zr2c:child_oop_il
535        banked       270ms raced     prime
536        banked       276ms raced     zr2c:child_oop_il
537        banked       271ms raced     prime
538        banked       105ms raced     zr2c:child_oop_il
539        banked       102ms raced     bridge
540        banked       103ms raced     zr2c:child_oop_il
541        banked       285ms raced     chain3
542        banked       104ms raced     zr2c:child_oop_il
543        banked       273ms raced     prime
544        banked       102ms raced     zr2c:child_oop_il
545        banked       273ms raced     2p
546        banked       106ms raced     zr2c:child_nat_ip
547        banked       269ms raced     2p
548        banked       276ms raced     zr2c:child_nat_ip
549        banked       272ms raced     prime
550        banked       102ms raced     zr2c:child_nat_ip
551        banked        94ms replayed  chain3
552        banked       102ms raced     zr2c:child_oop_il
553        banked       274ms raced     2p
554        banked       102ms raced     zr2c:child_oop_il
555        banked        96ms replayed  prime
556        banked       276ms raced     zr2c:child_oop_il
557        banked       271ms raced     prime
558        banked       102ms raced     zr2c:child_nat_ip
559        banked        93ms replayed  2p
560        banked       102ms raced     zr2c:child_oop_il
561        banked       102ms raced     bridge
562        banked       105ms raced     zr2c:child_oop_il
563        banked       274ms raced     prime
564        banked       104ms raced     zr2c:child_nat_ip
565        banked       272ms raced     2p
566        banked       104ms raced     zr2c:child_oop_il
567        banked       104ms raced     bridge
568        banked       277ms raced     zr2c:child_oop_il
569        banked       271ms raced     prime
570        banked       104ms raced     zr2c:child_oop_il
571        banked       277ms raced     2p
572        banked       103ms raced     zr2c:child_oop_il
573        banked       275ms raced     flat
574        banked       104ms raced     zr2c:child_oop_il
575        banked        95ms replayed  2p
576        banked        97ms replayed  zr2c:child_oop_il
577        banked       310ms raced     2p
578        banked       104ms raced     zr2c:child_oop_il
579        banked       273ms raced     2p
580        banked       105ms raced     zr2c:child_oop_il
581        banked       279ms raced     2p
582        banked       107ms raced     zr2c:child_oop_il
583        banked       286ms raced     prime
584        banked       273ms raced     zr2c:child_oop_il
585        banked       105ms raced     bridge
586        banked       105ms raced     zr2c:child_oop_il
587        banked       277ms raced     prime
588        banked       106ms raced     zr2c:child_oop_il
589        banked        94ms replayed  chain3
590        banked       105ms raced     zr2c:child_oop_il
591        banked       280ms raced     prime
592        banked       106ms raced     zr2c:child_oop_il
593        banked       266ms raced     2p
594        banked       106ms raced     zr2c:child_nat_ip
595        banked       107ms raced     bridge
596        banked       276ms raced     zr2c:child_oop_il
597        banked       278ms raced     prime
598        banked       103ms raced     zr2c:child_oop_il
599        banked       278ms raced     2p
600        banked       104ms raced     zr2c:child_nat_ip
601        banked       288ms raced     chain3
602        banked       106ms raced     zr2c:child_nat_ip
603        banked       273ms raced     flat
604        banked       275ms raced     zr2c:child_oop_il
605        banked       107ms raced     bridge
606        banked       106ms raced     zr2c:child_oop_il
607        banked       281ms raced     prime
608        banked       106ms raced     zr2c:child_nat_ip
609        banked        95ms replayed  2p
610        banked       105ms raced     zr2c:child_oop_il
611        banked        96ms replayed  prime
612        banked       104ms raced     zr2c:child_oop_il
613        banked       283ms raced     chain3
614        banked       107ms raced     zr2c:child_oop_il
615        banked        97ms replayed  prime
616        banked       104ms raced     zr2c:child_oop_il
617        banked       272ms raced     chain3
618        banked       105ms raced     zr2c:child_oop_il
619        banked       276ms raced     prime
620        banked       104ms raced     zr2c:child_nat_ip
621        banked        96ms replayed  2p
622        banked       104ms raced     zr2c:child_nat_ip
623        banked       275ms raced     prime
624        banked       104ms raced     zr2c:child_oop_il
625        banked        95ms replayed  bridge
626        banked       105ms raced     zr2c:child_oop_il
627        banked       103ms raced     bridge
628        banked       274ms raced     zr2c:child_oop_il
629        banked        95ms replayed  prime
630        banked        94ms replayed  zr2c:child_oop_il
631        banked       287ms raced     chain3
632        banked       278ms raced     zr2c:child_oop_il
633        banked       277ms raced     prime
634        banked       103ms raced     zr2c:child_oop_il
635        banked       274ms raced     prime
636        banked       273ms raced     zr2c:child_oop_il
637        banked       104ms raced     bridge
638        banked       104ms raced     zr2c:child_oop_il
639        banked       276ms raced     2p
640        banked        95ms replayed  2p
641        banked       309ms raced     2p
642        banked       107ms raced     zr2c:child_oop_il
643        banked       277ms raced     prime
644        banked       104ms raced     zr2c:child_oop_il
645        banked        94ms replayed  flat
646        banked       105ms raced     zr2c:child_oop_il
647        banked       279ms raced     2p
648        banked       104ms raced     zr2c:child_oop_il
649        banked       274ms raced     chain3
650        banked       104ms raced     zr2c:child_oop_il
651        banked        94ms replayed  2p
652        banked       276ms raced     zr2c:child_oop_il
653        banked       292ms raced     prime
654        banked       105ms raced     zr2c:child_oop_il
655        banked       277ms raced     prime
656        banked       103ms raced     zr2c:child_nat_ip
657        banked       275ms raced     2p
658        banked       105ms raced     zr2c:child_nat_ip
659        banked       278ms raced     flat
660        banked       104ms raced     zr2c:child_oop_il
661        banked       289ms raced     chain3
662        banked       104ms raced     zr2c:child_oop_il
663        banked       103ms raced     bridge
664        banked       275ms raced     zr2c:child_oop_il
665        banked       104ms raced     bridge
666        banked       105ms raced     zr2c:child_nat_ip
667        banked        96ms replayed  2p
668        banked       276ms raced     zr2c:child_oop_il
669        banked       276ms raced     prime
670        banked       107ms raced     zr2c:child_oop_il
671        banked       275ms raced     prime
672        banked       105ms raced     zr2c:child_oop_il
673        banked       281ms raced     2p
674        banked       104ms raced     zr2c:child_oop_il
675        banked        95ms replayed  bridge
676        banked       104ms raced     zr2c:child_oop_il
677        banked       291ms raced     flat
678        banked       106ms raced     zr2c:child_oop_il
679        banked       277ms raced     prime
680        banked       104ms raced     zr2c:child_nat_ip
681        banked       277ms raced     chain3
682        banked       105ms raced     zr2c:child_nat_ip
683        banked       277ms raced     flat
684        banked       104ms raced     zr2c:child_nat_ip
685        banked       275ms raced     chain3
686        banked        95ms replayed  zr2c:child_oop_il
687        banked       275ms raced     chain3
688        banked       104ms raced     zr2c:child_oop_il
689        banked       277ms raced     2p
690        banked       105ms raced     zr2c:child_nat_ip
691        banked       300ms raced     2p
692        banked       277ms raced     zr2c:child_oop_il
693        banked       105ms raced     bridge
694        banked       105ms raced     zr2c:child_oop_il
695        banked       277ms raced     prime
696        banked       105ms raced     zr2c:child_oop_il
697        banked        95ms replayed  2p
698        banked       110ms raced     zr2c:child_oop_il
699        banked       281ms raced     prime
700        banked       105ms raced     zr2c:child_oop_il
701        banked       307ms raced     chain3
702        banked       105ms raced     zr2c:child_oop_il
703        banked        97ms replayed  chain3
704        banked       106ms raced     zr2c:child_oop_il
705        banked        97ms replayed  2p
706        banked       106ms raced     zr2c:child_oop_il
707        banked       282ms raced     prime
708        banked       284ms raced     zr2c:child_oop_il
709        banked       280ms raced     prime
710        banked       106ms raced     zr2c:child_oop_il
711        banked       278ms raced     prime
712        banked       281ms raced     zr2c:child_oop_il
713        banked        96ms replayed  prime
714        banked       113ms raced     zr2c:child_nat_ip
715        banked       105ms raced     bridge
716        banked       279ms raced     zr2c:child_oop_il
717        banked       278ms raced     prime
718        banked       107ms raced     zr2c:child_oop_il
719        banked       282ms raced     prime
720        banked        95ms replayed  zr2c:child_oop_il
721        banked       280ms raced     chain3
722        banked       107ms raced     zr2c:child_oop_il
723        banked       277ms raced     2p
724        banked       279ms raced     zr2c:child_oop_il
725        banked        95ms replayed  prime
726        banked       109ms raced     zr2c:child_oop_il
727        banked       295ms raced     chain3
728        banked       109ms raced     zr2c:child_oop_il
729        banked        96ms replayed  bridge
730        banked       107ms raced     zr2c:child_oop_il
731        banked        97ms replayed  prime
732        banked       282ms raced     zr2c:child_oop_il
733        banked       284ms raced     prime
734        banked       110ms raced     zr2c:child_oop_il
735        banked      6604ms raced     bridge
736        banked       111ms raced     zr2c:child_oop_il
737        banked       283ms raced     2p
738        banked       105ms raced     zr2c:child_nat_ip
739        banked       278ms raced     2p
740        banked       109ms raced     zr2c:child_oop_il
741        banked       106ms raced     bridge
742        banked       107ms raced     zr2c:child_oop_il
743        banked       280ms raced     prime
744        banked       106ms raced     zr2c:child_nat_ip
745        banked       279ms raced     flat
746        banked       111ms raced     zr2c:child_oop_il
747        banked       281ms raced     prime
748        banked       108ms raced     zr2c:child_oop_il
749        banked       282ms raced     flat
750        banked        96ms replayed  zr2c:child_oop_il
751        banked       282ms raced     chain3
752        banked       108ms raced     zr2c:child_nat_ip
753        banked       284ms raced     2p
754        banked       110ms raced     zr2c:child_nat_ip
755        banked       280ms raced     2p
756        banked       106ms raced     zr2c:child_oop_il
757        banked       275ms raced     chain3
758        banked       110ms raced     zr2c:child_oop_il
759        banked        99ms replayed  prime
760        banked       108ms raced     zr2c:child_oop_il
761        banked       304ms raced     chain3
762        banked       107ms raced     zr2c:child_oop_il
763        banked       279ms raced     prime
764        banked       282ms raced     zr2c:child_oop_il
765        banked       106ms raced     bridge
766        banked       108ms raced     zr2c:child_oop_il
767        banked       279ms raced     prime
768        banked        98ms replayed  2p
769        banked       279ms raced     2p
770        banked       111ms raced     zr2c:child_oop_il
771        banked       283ms raced     chain3
772        banked       285ms raced     zr2c:child_oop_il
773        banked       280ms raced     prime
774        banked       109ms raced     zr2c:child_oop_il
775        banked        98ms replayed  2p
776        banked       287ms raced     zr2c:child_oop_il
777        banked        96ms replayed  prime
778        banked       108ms raced     zr2c:child_oop_il
779        banked        98ms replayed  prime
780        banked       108ms raced     zr2c:child_oop_il
781        banked       279ms raced     chain3
782        banked       109ms raced     zr2c:child_oop_il
783        banked        98ms replayed  2p
784        banked       109ms raced     zr2c:child_oop_il
785        banked       282ms raced     chain3
786        banked       109ms raced     zr2c:child_oop_il
787        banked       281ms raced     prime
788        banked       282ms raced     zr2c:child_oop_il
789        banked       285ms raced     prime
790        banked       107ms raced     zr2c:child_oop_il
791        banked       283ms raced     prime
792        banked       107ms raced     zr2c:child_oop_il
793        banked       284ms raced     chain3
794        banked       107ms raced     zr2c:child_oop_il
795        banked       281ms raced     prime
796        banked       285ms raced     zr2c:child_oop_il
797        banked       294ms raced     prime
798        banked       108ms raced     zr2c:child_oop_il
799        banked        96ms replayed  chain3
800        banked       100ms replayed  zr2c:child_oop_il
801        banked       284ms raced     2p
802        banked       108ms raced     zr2c:child_oop_il
803        banked       282ms raced     prime
804        banked       290ms raced     zr2c:child_oop_il
805        banked        96ms replayed  prime
806        banked       106ms raced     zr2c:child_oop_il
807        banked       283ms raced     2p
808        banked       287ms raced     zr2c:child_oop_il
809        banked       283ms raced     prime
810        banked        97ms replayed  zr2c:child_oop_il
811        banked       301ms raced     chain3
812        banked       109ms raced     zr2c:child_oop_il
813        banked       282ms raced     flat
814        banked       106ms raced     zr2c:child_oop_il
815        banked       282ms raced     2p
816        banked       108ms raced     zr2c:child_nat_ip
817        banked        98ms replayed  chain3
818        banked       108ms raced     zr2c:child_oop_il
819        banked       109ms raced     bridge
820        banked       108ms raced     zr2c:child_nat_ip
821        banked       288ms raced     2p
822        banked       108ms raced     zr2c:child_oop_il
823        banked       283ms raced     prime
824        banked       290ms raced     zr2c:child_oop_il
825        banked       110ms raced     bridge
826        banked       108ms raced     zr2c:child_oop_il
827        banked       282ms raced     prime
828        banked       107ms raced     zr2c:child_oop_il
829        banked       276ms raced     chain3
830        banked       108ms raced     zr2c:child_oop_il
831        banked       285ms raced     prime
832        banked       108ms raced     zr2c:child_oop_il
833        banked       110ms raced     bridge
834        banked       110ms raced     zr2c:child_oop_il
835        banked       283ms raced     prime
836        banked       111ms raced     zr2c:child_oop_il
837        banked        99ms replayed  flat
838        banked       109ms raced     zr2c:child_oop_il
839        banked       288ms raced     prime
840        banked       107ms raced     zr2c:child_oop_il
841        banked        97ms replayed  chain3
842        banked       109ms raced     zr2c:child_oop_il
843        banked       285ms raced     prime
844        banked       284ms raced     zr2c:child_oop_il
845        banked       106ms raced     bridge
846        banked       108ms raced     zr2c:child_nat_ip
847        banked       106ms raced     bridge
848        banked       283ms raced     zr2c:child_oop_il
849        banked       283ms raced     prime
850        banked       109ms raced     zr2c:child_oop_il
851        banked       107ms replayed  2p
852        banked       288ms raced     zr2c:child_oop_il
853        banked       286ms raced     prime
854        banked       109ms raced     zr2c:child_oop_il
855        banked       107ms raced     bridge
856        banked       293ms raced     zr2c:child_oop_il
857        banked       286ms raced     prime
858        banked       106ms raced     zr2c:child_nat_ip
859        banked       312ms raced     chain3
860        banked       107ms raced     zr2c:child_nat_ip
861        banked        97ms replayed  2p
862        banked       109ms raced     zr2c:child_oop_il
863        banked       285ms raced     prime
864        banked        98ms replayed  zr2c:child_oop_il
865        banked       284ms raced     2p
866        banked       108ms raced     zr2c:child_oop_il
867        banked       109ms raced     bridge
868        banked       109ms raced     zr2c:child_oop_il
869        banked       282ms raced     flat
870        banked       111ms raced     zr2c:child_nat_ip
871        banked       283ms raced     2p
872        banked       289ms raced     zr2c:child_oop_il
873        banked       283ms raced     prime
874        banked       112ms raced     zr2c:child_oop_il
875        banked      2238ms raced     bridge
876        banked       286ms raced     zr2c:child_oop_il
877        banked       288ms raced     prime
878        banked       107ms raced     zr2c:child_oop_il
879        banked       284ms raced     prime
880        banked       111ms raced     zr2c:child_oop_il
881        banked       310ms raced     chain3
882        banked        98ms replayed  zr2c:child_oop_il
883        banked       285ms raced     chain3
884        banked       108ms raced     zr2c:child_oop_il
885        banked       289ms raced     flat
886        banked       108ms raced     zr2c:child_oop_il
887        banked       289ms raced     prime
888        banked       111ms raced     zr2c:child_oop_il
889        banked       284ms raced     2p
890        banked       109ms raced     zr2c:child_oop_il
891        banked       108ms raced     bridge
892        banked       284ms raced     zr2c:child_oop_il
893        banked       100ms replayed  prime
894        banked       124ms raced     zr2c:child_oop_il
895        banked       285ms raced     prime
896        banked        98ms replayed  chain3
897        banked        97ms replayed  chain3
898        banked       108ms raced     zr2c:child_oop_il
899        banked       100ms replayed  prime
900        banked       111ms raced     zr2c:child_oop_il
901        banked       288ms raced     chain3
902        banked       110ms raced     zr2c:child_nat_ip
903        banked        98ms replayed  2p
904        banked       288ms raced     zr2c:child_oop_il
905        banked       283ms raced     prime
906        banked       109ms raced     zr2c:child_oop_il
907        banked       288ms raced     prime
908        banked       284ms raced     zr2c:child_oop_il
909        banked       283ms raced     prime
910        banked       108ms raced     zr2c:child_nat_ip
911        banked       287ms raced     chain3
912        banked       109ms raced     zr2c:child_oop_il
913        banked       286ms raced     chain3
914        banked       109ms raced     zr2c:child_oop_il
915        banked       299ms raced     prime
916        banked       294ms raced     zr2c:child_oop_il
917        banked       285ms raced     prime
918        banked       109ms raced     zr2c:child_oop_il
919        banked       285ms raced     chain3
920        banked       109ms raced     zr2c:child_oop_il
921        banked       306ms raced     flat
922        banked       113ms raced     zr2c:child_oop_il
923        banked       283ms raced     prime
924        banked       110ms raced     zr2c:child_oop_il
925        banked        98ms replayed  chain3
926        banked       110ms raced     zr2c:child_oop_il
927        banked       287ms raced     prime
928        banked       108ms raced     zr2c:child_nat_ip
929        banked       277ms raced     2p
930        banked       109ms raced     zr2c:child_oop_il
931        banked       108ms raced     bridge
932        banked       287ms raced     zr2c:child_oop_il
933        banked       288ms raced     prime
934        banked       111ms raced     zr2c:child_oop_il
935        banked       112ms raced     bridge
936        banked       112ms raced     zr2c:child_oop_il
937        banked       277ms raced     chain3
938        banked       112ms raced     zr2c:child_oop_il
939        banked       285ms raced     prime
940        banked       108ms raced     zr2c:child_nat_ip
941        banked       287ms raced     2p
942        banked       110ms raced     zr2c:child_oop_il
943        banked        98ms replayed  prime
944        banked       288ms raced     zr2c:child_oop_il
945        banked        99ms replayed  bridge
946        banked       109ms raced     zr2c:child_nat_ip
947        banked       291ms raced     2p
948        banked       289ms raced     zr2c:child_oop_il
949        banked       285ms raced     prime
950        banked       109ms raced     zr2c:child_oop_il
951        banked       287ms raced     2p
952        banked       109ms raced     zr2c:child_oop_il
953        banked       274ms raced     chain3
954        banked       109ms raced     zr2c:child_oop_il
955        banked       286ms raced     prime
956        banked       288ms raced     zr2c:child_oop_il
957        banked        98ms replayed  prime
958        banked       113ms raced     zr2c:child_oop_il
959        banked       292ms raced     prime
960        banked        98ms replayed  2p
961        banked        98ms replayed  2p
962        banked       110ms raced     zr2c:child_oop_il
963        banked       287ms raced     2p
964        banked       292ms raced     zr2c:child_oop_il
965        banked       289ms raced     prime
966        banked       109ms raced     zr2c:child_oop_il
967        banked       289ms raced     2p
968        banked       110ms raced     zr2c:child_nat_ip
969        banked       111ms raced     bridge
970        banked       110ms raced     zr2c:child_oop_il
971        banked       300ms raced     prime
972        banked       112ms raced     zr2c:child_oop_il
973        banked       290ms raced     chain3
974        banked       113ms raced     zr2c:child_oop_il
975        banked       110ms raced     bridge
976        banked       289ms raced     zr2c:child_oop_il
977        banked       293ms raced     prime
978        banked       110ms raced     zr2c:child_oop_il
979        banked       290ms raced     prime
980        banked       110ms raced     zr2c:child_oop_il
981        banked       289ms raced     chain3
982        banked       111ms raced     zr2c:child_oop_il
983        banked       289ms raced     prime
984        banked       110ms raced     zr2c:child_nat_ip
985        banked       288ms raced     2p
986        banked       110ms raced     zr2c:child_oop_il
987        banked        98ms replayed  2p
988        banked       110ms raced     zr2c:child_nat_ip
989        banked        99ms replayed  flat
990        banked       110ms raced     zr2c:child_oop_il
991        banked       294ms raced     flat
992        banked       112ms raced     zr2c:child_nat_ip
993        banked       288ms raced     flat
994        banked       112ms raced     zr2c:child_oop_il
995        banked       290ms raced     prime
996        banked       295ms raced     zr2c:child_oop_il
997        banked       290ms raced     prime
998        banked       112ms raced     zr2c:child_oop_il
999        banked       102ms replayed  prime
1000       banked       105ms replayed  zr2c:child_oop_il
1001       banked       100ms replayed  bridge
1002       banked       111ms raced     zr2c:child_oop_il
1003       banked       290ms raced     prime
1004       banked       292ms raced     zr2c:child_oop_il
1005       banked       288ms raced     prime
1006       banked       111ms raced     zr2c:child_oop_il
1007       banked       293ms raced     prime
1008       banked       114ms raced     zr2c:child_nat_ip
1009       banked       294ms raced     chain3
1010       banked       111ms raced     zr2c:child_oop_il
1011       banked       289ms raced     prime
1012       banked       110ms raced     zr2c:child_oop_il
1013       banked       291ms raced     flat
1014       banked       113ms raced     zr2c:child_oop_il
1015       banked       105ms replayed  chain3
1016       banked       291ms raced     zr2c:child_oop_il
1017       banked       291ms raced     prime
1018       banked       113ms raced     zr2c:child_oop_il
1019       banked       292ms raced     prime
1020       banked       110ms raced     zr2c:child_oop_il
1021       banked       293ms raced     chain3
1022       banked       114ms raced     zr2c:child_oop_il
1023       banked        99ms replayed  prime
1024       banked       100ms replayed  zr2c:child_oop_il
1025       banked       102ms replayed  2p
1026       banked       120ms raced     zr2c:child_nat_ip
1027       banked       295ms raced     2p
1028       banked       298ms raced     zr2c:child_oop_il
1029       banked      2406ms raced     bridge
1030       banked       113ms raced     zr2c:child_oop_il
1031       banked       293ms raced     prime
1032       banked       120ms raced     zr2c:child_nat_ip
1033       banked       104ms replayed  flat
1034       banked       112ms raced     zr2c:child_nat_ip
1035       banked       100ms replayed  flat
1036       banked       111ms raced     zr2c:child_oop_il
1037       banked       291ms raced     flat
1038       banked       113ms raced     zr2c:child_oop_il
1039       banked       296ms raced     prime
1040       banked       116ms raced     zr2c:child_oop_il
1041       banked       294ms raced     chain3
1042       banked       112ms raced     zr2c:child_oop_il
1043       banked       293ms raced     prime
1044       banked       112ms raced     zr2c:child_nat_ip
1045       banked       111ms raced     bridge
1046       banked       115ms raced     zr2c:child_oop_il
1047       banked       295ms raced     prime
1048       banked       296ms raced     zr2c:child_oop_il
1049       banked       293ms raced     prime
1050       banked       100ms replayed  zr2c:child_oop_il
1051       banked       289ms raced     2p
1052       banked       297ms raced     zr2c:child_oop_il
1053       banked       112ms raced     bridge
1054       banked       111ms raced     zr2c:child_oop_il
1055       banked       291ms raced     2p
1056       banked       114ms raced     zr2c:child_oop_il
1057       banked       295ms raced     chain3
1058       banked       113ms raced     zr2c:child_nat_ip
1059       banked       291ms raced     2p
1060       banked       303ms raced     zr2c:child_oop_il
1061       banked       298ms raced     prime
1062       banked       117ms raced     zr2c:child_oop_il
1063       banked       295ms raced     prime
1064       banked       111ms raced     zr2c:child_oop_il
1065       banked       293ms raced     flat
1066       banked       115ms raced     zr2c:child_oop_il
1067       banked       297ms raced     2p
1068       banked       299ms raced     zr2c:child_oop_il
1069       banked       296ms raced     prime
1070       banked       113ms raced     zr2c:child_oop_il
1071       banked       112ms raced     bridge
1072       banked       298ms raced     zr2c:child_oop_il
1073       banked       105ms replayed  prime
1074       banked       114ms raced     zr2c:child_oop_il
1075       banked       103ms replayed  prime
1076       banked       301ms raced     zr2c:child_oop_il
1077       banked       292ms raced     prime
1078       banked       112ms raced     zr2c:child_oop_il
1079       banked       294ms raced     flat
1080       banked       114ms raced     zr2c:child_oop_il
1081       banked       100ms replayed  chain3
1082       banked       113ms raced     zr2c:child_oop_il
1083       banked       112ms raced     bridge
1084       banked       298ms raced     zr2c:child_oop_il
1085       banked       101ms replayed  prime
1086       banked       113ms raced     zr2c:child_oop_il
1087       banked       295ms raced     prime
1088       banked       111ms raced     zr2c:child_nat_ip
1089       banked       111ms raced     bridge
1090       banked       114ms raced     zr2c:child_oop_il
1091       banked       292ms raced     prime
1092       banked       112ms raced     zr2c:child_oop_il
1093       banked       304ms raced     chain3
1094       banked       114ms raced     zr2c:child_oop_il
1095       banked       292ms raced     prime
1096       banked       297ms raced     zr2c:child_oop_il
1097       banked       294ms raced     prime
1098       banked       116ms raced     zr2c:child_oop_il
1099       banked       293ms raced     prime
1100       banked       112ms raced     zr2c:child_nat_ip
1101       banked       292ms raced     chain3
1102       banked       114ms raced     zr2c:child_oop_il
1103       banked       293ms raced     2p
1104       banked       116ms raced     zr2c:child_oop_il
1105       banked       111ms raced     bridge
1106       banked       113ms raced     zr2c:child_oop_il
1107       banked       101ms replayed  prime
1108       banked       301ms raced     zr2c:child_oop_il
1109       banked       304ms raced     prime
1110       banked       116ms raced     zr2c:child_oop_il
1111       banked       292ms raced     2p
1112       banked       301ms raced     zr2c:child_oop_il
1113       banked       295ms raced     prime
1114       banked       115ms raced     zr2c:child_oop_il
1115       banked       294ms raced     prime
1116       banked       113ms raced     zr2c:child_oop_il
1117       banked       313ms raced     chain3
1118       banked       112ms raced     zr2c:child_oop_il
1119       banked       292ms raced     2p
1120       banked       116ms raced     zr2c:child_oop_il
1121       banked       293ms raced     chain3
1122       banked       113ms raced     zr2c:child_oop_il
1123       banked       300ms raced     flat
1124       banked       300ms raced     zr2c:child_oop_il
1125       banked       123ms raced     bridge
1126       banked       117ms raced     zr2c:child_oop_il
1127       banked       102ms replayed  prime
1128       banked       112ms raced     zr2c:child_nat_ip
1129       banked       295ms raced     flat
1130       banked       114ms raced     zr2c:child_oop_il
1131       banked       103ms replayed  prime
1132       banked       301ms raced     zr2c:child_oop_il
1133       banked       294ms raced     prime
1134       banked       100ms replayed  zr2c:child_oop_il
1135       banked       297ms raced     2p
1136       banked       322ms raced     zr2c:child_oop_il
1137       banked       295ms raced     prime
1138       banked       114ms raced     zr2c:child_oop_il
1139       banked       293ms raced     prime
1140       banked       113ms raced     zr2c:child_nat_ip
1141       banked       296ms raced     flat
1142       banked       118ms raced     zr2c:child_oop_il
1143       banked       295ms raced     prime
1144       banked       113ms raced     zr2c:child_nat_ip
1145       banked       296ms raced     chain3
1146       banked       114ms raced     zr2c:child_oop_il
1147       banked       102ms replayed  prime
1148       banked       114ms raced     zr2c:child_oop_il
1149       banked       300ms raced     flat
1150       banked       112ms raced     zr2c:child_nat_ip
1151       banked       313ms raced     2p
1152       banked       101ms replayed  2p
1153       banked       284ms raced     2p
1154       banked       119ms raced     zr2c:child_oop_il
1155       banked       113ms raced     bridge
1156       banked       113ms raced     zr2c:child_nat_ip
1157       banked       296ms raced     flat
1158       banked       118ms raced     zr2c:child_oop_il
1159       banked       297ms raced     prime
1160       banked       117ms raced     zr2c:child_oop_il
1161       banked       103ms replayed  chain3
1162       banked       116ms raced     zr2c:child_oop_il
1163       banked       303ms raced     prime
1164       banked       316ms raced     zr2c:child_oop_il
1165       banked       295ms raced     prime
1166       banked       116ms raced     zr2c:child_oop_il
1167       banked       298ms raced     prime
1168       banked       305ms raced     zr2c:child_oop_il
1169       banked       292ms raced     prime
1170       banked       114ms raced     zr2c:child_nat_ip
1171       banked       290ms raced     chain3
1172       banked       302ms raced     zr2c:child_oop_il
1173       banked       101ms replayed  prime
1174       banked       115ms raced     zr2c:child_oop_il
1175       banked       102ms replayed  prime
1176       banked       114ms raced     zr2c:child_oop_il
1177       banked       297ms raced     flat
1178       banked       114ms raced     zr2c:child_oop_il
1179       banked       296ms raced     2p
1180       banked       303ms raced     zr2c:child_oop_il
1181       banked       297ms raced     prime
1182       banked       115ms raced     zr2c:child_oop_il
1183       banked       114ms raced     bridge
1184       banked       115ms raced     zr2c:child_oop_il
1185       banked       297ms raced     2p
1186       banked       116ms raced     zr2c:child_oop_il
1187       banked       298ms raced     prime
1188       banked       114ms raced     zr2c:child_oop_il
1189       banked       102ms replayed  chain3
1190       banked       113ms raced     zr2c:child_oop_il
1191       banked       295ms raced     chain3
1192       banked       306ms raced     zr2c:child_oop_il
1193       banked       298ms raced     prime
1194       banked       116ms raced     zr2c:child_oop_il
1195       banked       297ms raced     prime
1196       banked       114ms raced     zr2c:child_oop_il
1197       banked       114ms raced     bridge
1198       banked       116ms raced     zr2c:child_oop_il
1199       banked       295ms raced     prime
1200       banked       114ms raced     zr2c:child_nat_ip
1201       banked       323ms raced     chain3
1202       banked       115ms raced     zr2c:child_oop_il
1203       banked       294ms raced     prime
1204       banked       114ms raced     zr2c:child_oop_il
1205       banked       297ms raced     flat
1206       banked       116ms raced     zr2c:child_oop_il
1207       banked       311ms raced     prime
1208       banked       304ms raced     zr2c:child_oop_il
1209       banked       101ms replayed  prime
1210       banked       114ms raced     zr2c:child_nat_ip
1211       banked       297ms raced     flat
1212       banked       304ms raced     zr2c:child_oop_il
1213       banked       299ms raced     prime
1214       banked       115ms raced     zr2c:child_oop_il
1215       banked       102ms replayed  bridge
1216       banked       117ms raced     zr2c:child_oop_il
1217       banked       314ms raced     2p
1218       banked       114ms raced     zr2c:child_oop_il
1219       banked       294ms raced     2p
1220       banked       304ms raced     zr2c:child_oop_il
1221       banked       102ms replayed  prime
1222       banked       115ms raced     zr2c:child_nat_ip
1223       banked       298ms raced     flat
1224       banked       115ms raced     zr2c:child_nat_ip
1225       banked      3641ms raced     bridge
1226       banked       116ms raced     zr2c:child_oop_il
1227       banked       297ms raced     prime
1228       banked       308ms raced     zr2c:child_oop_il
1229       banked       300ms raced     prime
1230       banked       115ms raced     zr2c:child_oop_il
1231       banked       302ms raced     2p
1232       banked       114ms raced     zr2c:child_oop_il
1233       banked       298ms raced     chain3
1234       banked       115ms raced     zr2c:child_oop_il
1235       banked       114ms raced     bridge
1236       banked       304ms raced     zr2c:child_oop_il
1237       banked       302ms raced     prime
1238       banked       118ms raced     zr2c:child_oop_il
1239       banked       303ms raced     prime
1240       banked       114ms raced     zr2c:child_oop_il
1241       banked       307ms raced     flat
1242       banked       118ms raced     zr2c:child_oop_il
1243       banked       307ms raced     2p
1244       banked       316ms raced     zr2c:child_oop_il
1245       banked       301ms raced     prime
1246       banked       120ms raced     zr2c:child_oop_il
1247       banked       110ms replayed  prime
1248       banked       118ms raced     zr2c:child_oop_il
1249       banked       314ms raced     chain3
1250       banked       103ms replayed  zr2c:child_oop_il
1251       banked       312ms raced     2p
1252       banked       316ms raced     zr2c:child_oop_il
1253       banked       300ms raced     prime
1254       banked       121ms raced     zr2c:child_nat_ip
1255       banked       307ms raced     flat
1256       banked       318ms raced     zr2c:child_oop_il
1257       banked       304ms raced     prime
1258       banked       122ms raced     zr2c:child_nat_ip
1259       banked       309ms raced     2p
1260       banked       117ms raced     zr2c:child_nat_ip
1261       banked       303ms raced     chain3
1262       banked       123ms raced     zr2c:child_oop_il
1263       banked       308ms raced     prime
1264       banked       311ms raced     zr2c:child_oop_il
1265       banked       104ms replayed  prime
1266       banked       121ms raced     zr2c:child_oop_il
1267       banked       305ms raced     prime
1268       banked       316ms raced     zr2c:child_oop_il
1269       banked       107ms replayed  prime
1270       banked       119ms raced     zr2c:child_oop_il
1271       banked       104ms replayed  prime
1272       banked       311ms raced     zr2c:child_oop_il
1273       banked       305ms raced     prime
1274       banked       117ms raced     zr2c:child_nat_ip
1275       banked       121ms raced     bridge
1276       banked       122ms raced     zr2c:child_oop_il
1277       banked       337ms raced     flat
1278       banked       119ms raced     zr2c:child_oop_il
1279       banked       311ms raced     prime
1280       banked       105ms replayed  2p
1281       banked       304ms raced     2p
1282       banked       125ms raced     zr2c:child_oop_il
1283       banked       315ms raced     prime
1284       banked       307ms raced     zr2c:child_oop_il
1285       banked       299ms raced     prime
1286       banked       117ms raced     zr2c:child_oop_il
1287       banked       116ms raced     bridge
1288       banked       117ms raced     zr2c:child_oop_il
1289       banked       328ms raced     flat
1290       banked       117ms raced     zr2c:child_oop_il
1291       banked       307ms raced     2p
1292       banked       122ms raced     zr2c:child_oop_il
1293       banked       302ms raced     flat
1294       banked       116ms raced     zr2c:child_oop_il
1295       banked       105ms replayed  prime
1296       banked       115ms raced     zr2c:child_oop_il
1297       banked       336ms raced     chain3
1298       banked       119ms raced     zr2c:child_oop_il
1299       banked       302ms raced     prime
1300       banked       117ms raced     zr2c:child_oop_il
1301       banked       286ms raced     chain3
1302       banked       121ms raced     zr2c:child_nat_ip
1303       banked       309ms raced     2p
1304       banked       316ms raced     zr2c:child_oop_il
1305       banked       111ms replayed  prime
1306       banked       120ms raced     zr2c:child_oop_il
1307       banked       307ms raced     prime
1308       banked       310ms raced     zr2c:child_oop_il
1309       banked       117ms raced     bridge
1310       banked       120ms raced     zr2c:child_oop_il
1311       banked       108ms replayed  prime
1312       banked       118ms raced     zr2c:child_oop_il
1313       banked       308ms raced     2p
1314       banked       121ms raced     zr2c:child_oop_il
1315       banked       320ms raced     prime
1316       banked       116ms raced     zr2c:child_oop_il
1317       banked       302ms raced     flat
1318       banked       120ms raced     zr2c:child_oop_il
1319       banked       303ms raced     prime
1320       banked       116ms raced     zr2c:child_oop_il
1321       banked       312ms raced     chain3
1322       banked       118ms raced     zr2c:child_oop_il
1323       banked       118ms raced     bridge
1324       banked       310ms raced     zr2c:child_oop_il
1325       banked       300ms raced     prime
1326       banked       119ms raced     zr2c:child_oop_il
1327       banked       327ms raced     flat
1328       banked       309ms raced     zr2c:child_oop_il
1329       banked       300ms raced     prime
1330       banked       116ms raced     zr2c:child_oop_il
1331       banked       103ms replayed  bridge
1332       banked       117ms raced     zr2c:child_nat_ip
1333       banked       106ms replayed  chain3
1334       banked       116ms raced     zr2c:child_oop_il
1335       banked       304ms raced     2p
1336       banked       311ms raced     zr2c:child_oop_il
1337       banked       306ms raced     prime
1338       banked       118ms raced     zr2c:child_oop_il
1339       banked       299ms raced     prime
1340       banked       310ms raced     zr2c:child_oop_il
1341       banked       301ms raced     prime
1342       banked       119ms raced     zr2c:child_oop_il
1343       banked       301ms raced     prime
1344       banked       338ms raced     2p
1345       banked       303ms raced     2p
1346       banked       118ms raced     zr2c:child_oop_il
1347       banked       303ms raced     prime
1348       banked       312ms raced     zr2c:child_oop_il
1349       banked       302ms raced     prime
1350       banked       106ms replayed  zr2c:child_oop_il
1351       banked       303ms raced     2p
1352       banked       117ms raced     zr2c:child_oop_il
1353       banked       103ms replayed  chain3
1354       banked       120ms raced     zr2c:child_oop_il
1355       banked       301ms raced     prime
1356       banked       310ms raced     zr2c:child_oop_il
1357       banked       303ms raced     prime
1358       banked       118ms raced     zr2c:child_oop_il
1359       banked       307ms raced     prime
1360       banked       117ms raced     zr2c:child_oop_il
1361       banked       316ms raced     flat
1362       banked       124ms raced     zr2c:child_oop_il
1363       banked       104ms replayed  prime
1364       banked       116ms raced     zr2c:child_oop_il
1365       banked       119ms raced     bridge
1366       banked       122ms raced     zr2c:child_oop_il
1367       banked       307ms raced     prime
1368       banked       119ms raced     zr2c:child_oop_il
1369       banked       103ms replayed  chain3
1370       banked       122ms raced     zr2c:child_oop_il
1371       banked       302ms raced     prime
1372       banked       116ms raced     zr2c:child_oop_il
1373       banked       307ms raced     flat
1374       banked       120ms raced     zr2c:child_oop_il
1375       banked       117ms raced     bridge
1376       banked       117ms raced     zr2c:child_nat_ip
1377       banked       116ms raced     bridge
1378       banked       118ms raced     zr2c:child_oop_il
1379       banked       305ms raced     prime
1380       banked       117ms raced     zr2c:child_oop_il
1381       banked       296ms raced     chain3
1382       banked       123ms raced     zr2c:child_oop_il
1383       banked       305ms raced     prime
1384       banked       311ms raced     zr2c:child_oop_il
1385       banked       308ms raced     prime
1386       banked       169ms raced     zr2c:child_oop_il
1387       banked       306ms raced     flat
1388       banked       314ms raced     zr2c:child_oop_il
1389       banked       305ms raced     prime
1390       banked       122ms raced     zr2c:child_oop_il
1391       banked       305ms raced     prime
1392       banked       117ms raced     zr2c:child_nat_ip
1393       banked       306ms raced     flat
1394       banked       116ms raced     zr2c:child_oop_il
1395       banked       104ms replayed  2p
1396       banked       314ms raced     zr2c:child_oop_il
1397       banked       304ms raced     prime
1398       banked       119ms raced     zr2c:child_oop_il
1399       banked       307ms raced     prime
1400       banked       119ms raced     zr2c:child_oop_il
1401       banked       312ms raced     chain3
1402       banked       119ms raced     zr2c:child_oop_il
1403       banked       304ms raced     prime
1404       banked       118ms raced     zr2c:child_oop_il
1405       banked       304ms raced     chain3
1406       banked       119ms raced     zr2c:child_oop_il
1407       banked       301ms raced     2p
1408       banked       117ms raced     zr2c:child_oop_il
1409       banked       324ms raced     2p
1410       banked       118ms raced     zr2c:child_oop_il
1411       banked       304ms raced     2p
1412       banked       332ms raced     zr2c:child_oop_il
1413       banked       303ms raced     prime
1414       banked       119ms raced     zr2c:child_oop_il
1415       banked       303ms raced     prime
1416       banked       318ms raced     zr2c:child_oop_il
1417       banked       303ms raced     prime
1418       banked       119ms raced     zr2c:child_oop_il
1419       banked       105ms replayed  prime
1420       banked       314ms raced     zr2c:child_oop_il
1421       banked       109ms replayed  prime
1422       banked       131ms raced     zr2c:child_oop_il
1423       banked       308ms raced     prime
1424       banked       317ms raced     zr2c:child_oop_il
1425       banked       119ms raced     bridge
1426       banked       119ms raced     zr2c:child_nat_ip
1427       banked       306ms raced     2p
1428       banked       118ms raced     zr2c:child_oop_il
1429       banked       296ms raced     chain3
1430       banked       121ms raced     zr2c:child_oop_il
1431       banked       303ms raced     flat
1432       banked       317ms raced     zr2c:child_oop_il
1433       banked       326ms raced     prime
1434       banked       119ms raced     zr2c:child_oop_il
1435       banked       105ms replayed  prime
1436       banked       313ms raced     zr2c:child_oop_il
1437       banked       305ms raced     prime
1438       banked       124ms raced     zr2c:child_oop_il
1439       banked       307ms raced     prime
1440       banked       104ms replayed  zr2c:child_nat_ip
1441       banked       302ms raced     chain3
1442       banked       123ms raced     zr2c:child_oop_il
1443       banked       109ms replayed  prime
1444       banked       124ms raced     zr2c:child_oop_il
1445       banked       118ms raced     bridge
1446       banked       123ms raced     zr2c:child_oop_il
1447       banked       309ms raced     prime
1448       banked       317ms raced     zr2c:child_oop_il
1449       banked       104ms replayed  prime
1450       banked       121ms raced     zr2c:child_oop_il
1451       banked       310ms raced     flat
1452       banked       118ms raced     zr2c:child_nat_ip
1453       banked       317ms raced     chain3
1454       banked       119ms raced     zr2c:child_oop_il
1455       banked       305ms raced     prime
1456       banked       122ms raced     zr2c:child_oop_il
1457       banked       104ms replayed  chain3
1458       banked       105ms replayed  zr2c:child_oop_il
1459       banked       302ms raced     2p
1460       banked       315ms raced     zr2c:child_oop_il
1461       banked       308ms raced     prime
1462       banked       118ms raced     zr2c:child_oop_il
1463       banked       119ms raced     bridge
1464       banked       314ms raced     zr2c:child_oop_il
1465       banked       322ms raced     prime
1466       banked       120ms raced     zr2c:child_oop_il
1467       banked       315ms raced     prime
1468       banked       315ms raced     zr2c:child_oop_il
1469       banked       322ms raced     prime
1470       banked       107ms replayed  zr2c:child_oop_il
1471       banked       292ms raced     flat
1472       banked       118ms raced     zr2c:child_oop_il
1473       banked       317ms raced     2p
1474       banked       120ms raced     zr2c:child_oop_il
1475       banked       319ms raced     prime
1476       banked       121ms raced     zr2c:child_nat_ip
1477       banked       321ms raced     chain3
1478       banked       121ms raced     zr2c:child_oop_il
1479       banked       107ms replayed  prime
1480       banked       118ms raced     zr2c:child_nat_ip
1481       banked       309ms raced     flat
1482       banked       121ms raced     zr2c:child_nat_ip
1483       banked       296ms raced     chain3
1484       banked       316ms raced     zr2c:child_oop_il
1485       banked       119ms raced     bridge
1486       banked       121ms raced     zr2c:child_oop_il
1487       banked       313ms raced     prime
1488       banked       123ms raced     zr2c:child_oop_il
1489       banked       312ms raced     flat
1490       banked       121ms raced     zr2c:child_oop_il
1491       banked       308ms raced     prime
1492       banked       318ms raced     zr2c:child_oop_il
1493       banked       315ms raced     prime
1494       banked       122ms raced     zr2c:child_oop_il
1495       banked       105ms replayed  prime
1496       banked       119ms raced     zr2c:child_nat_ip
1497       banked       307ms raced     flat
1498       banked       121ms raced     zr2c:child_oop_il
1499       banked       315ms raced     prime
1500       banked       120ms raced     zr2c:child_nat_ip
1501       banked       307ms raced     chain3
1502       banked       120ms raced     zr2c:child_oop_il
1503       banked       306ms raced     prime
1504       banked       119ms raced     zr2c:child_nat_ip
1505       banked       108ms replayed  flat
1506       banked       127ms raced     zr2c:child_oop_il
1507       banked       310ms raced     prime
1508       banked       121ms raced     zr2c:child_oop_il
1509       banked       311ms raced     flat
1510       banked       123ms raced     zr2c:child_oop_il
1511       banked       314ms raced     prime
1512       banked       120ms raced     zr2c:child_oop_il
1513       banked       307ms raced     chain3
1514       banked       122ms raced     zr2c:child_oop_il
1515       banked       310ms raced     prime
1516       banked       318ms raced     zr2c:child_oop_il
1517       banked       105ms replayed  prime
1518       banked       121ms raced     zr2c:child_nat_ip
1519       banked       106ms replayed  flat
1520       banked       122ms raced     zr2c:child_nat_ip
1521       banked       120ms raced     bridge
1522       banked       126ms raced     zr2c:child_oop_il
1523       banked       316ms raced     prime
1524       banked       318ms raced     zr2c:child_oop_il
1525       banked       328ms raced     prime
1526       banked       126ms raced     zr2c:child_oop_il
1527       banked       307ms raced     prime
1528       banked       317ms raced     zr2c:child_oop_il
1529       banked       307ms raced     prime
1530       banked       119ms raced     zr2c:child_oop_il
1531       banked       330ms raced     flat
1532       banked       319ms raced     zr2c:child_oop_il
1533       banked       308ms raced     prime
1534       banked       122ms raced     zr2c:child_oop_il
1535       banked       309ms raced     prime
1536       banked       106ms replayed  2p
1537       banked       310ms raced     2p
1538       banked       121ms raced     zr2c:child_oop_il
1539       banked       120ms raced     bridge
1540       banked       121ms raced     zr2c:child_oop_il
1541       banked       307ms raced     chain3
1542       banked       122ms raced     zr2c:child_oop_il
1543       banked       318ms raced     prime
1544       banked       318ms raced     zr2c:child_oop_il
1545       banked       306ms raced     prime
1546       banked       122ms raced     zr2c:child_oop_il
1547       banked       123ms raced     bridge
1548       banked       124ms raced     zr2c:child_nat_ip
1549       banked       313ms raced     chain3
1550       banked       119ms raced     zr2c:child_oop_il
1551       banked       108ms replayed  2p
1552       banked       318ms raced     zr2c:child_oop_il
1553       banked       322ms raced     prime
1554       banked       120ms raced     zr2c:child_oop_il
1555       banked       312ms raced     2p
1556       banked       320ms raced     zr2c:child_oop_il
1557       banked       311ms raced     prime
1558       banked       124ms raced     zr2c:child_oop_il
1559       banked       316ms raced     2p
1560       banked       124ms raced     zr2c:child_oop_il
1561       banked       307ms raced     chain3
1562       banked       124ms raced     zr2c:child_oop_il
1563       banked       323ms raced     prime
1564       banked       120ms raced     zr2c:child_oop_il
1565       banked       313ms raced     flat
1566       banked       122ms raced     zr2c:child_nat_ip
1567       banked       313ms raced     flat
1568       banked       127ms raced     zr2c:child_oop_il
1569       banked       308ms raced     chain3
1570       banked       121ms raced     zr2c:child_oop_il
1571       banked       318ms raced     prime
1572       banked       321ms raced     zr2c:child_oop_il
1573       banked       130ms raced     bridge
1574       banked       126ms raced     zr2c:child_oop_il
1575       banked       107ms replayed  bridge
1576       banked       320ms raced     zr2c:child_oop_il
1577       banked       310ms raced     prime
1578       banked       122ms raced     zr2c:child_oop_il
1579       banked       316ms raced     prime
1580       banked       318ms raced     zr2c:child_oop_il
1581       banked       106ms replayed  prime
1582       banked       121ms raced     zr2c:child_oop_il
1583       banked       316ms raced     prime
1584       banked       125ms raced     zr2c:child_oop_il
1585       banked       319ms raced     chain3
1586       banked       123ms raced     zr2c:child_oop_il
1587       banked       109ms replayed  prime
1588       banked       325ms raced     zr2c:child_oop_il
1589       banked       311ms raced     prime
1590       banked       124ms raced     zr2c:child_oop_il
1591       banked       107ms replayed  prime
1592       banked       328ms raced     zr2c:child_oop_il
1593       banked       310ms raced     prime
1594       banked       125ms raced     zr2c:child_oop_il
1595       banked       110ms replayed  prime
1596       banked       121ms raced     zr2c:child_nat_ip
1597       banked       316ms raced     flat
1598       banked       122ms raced     zr2c:child_oop_il
1599       banked       106ms replayed  2p
1600       banked       107ms replayed  2p
1601       banked       328ms raced     2p
1602       banked       125ms raced     zr2c:child_oop_il
1603       banked       310ms raced     prime
1604       banked       320ms raced     zr2c:child_oop_il
1605       banked       313ms raced     prime
1606       banked       127ms raced     zr2c:child_oop_il
1607       banked       320ms raced     prime
1608       banked       320ms raced     zr2c:child_oop_il
1609       banked       315ms raced     prime
1610       banked       132ms raced     zr2c:child_nat_ip
1611       banked       312ms raced     flat
1612       banked       122ms raced     zr2c:child_oop_il
1613       banked       330ms raced     flat
1614       banked       125ms raced     zr2c:child_oop_il
1615       banked       122ms raced     bridge
1616       banked       326ms raced     zr2c:child_oop_il
1617       banked       121ms raced     bridge
1618       banked       123ms raced     zr2c:child_oop_il
1619       banked       315ms raced     prime
1620       banked       121ms raced     zr2c:child_nat_ip
1621       banked       317ms raced     chain3
1622       banked       123ms raced     zr2c:child_oop_il
1623       banked       312ms raced     prime
1624       banked       121ms raced     zr2c:child_oop_il
1625       banked       122ms raced     bridge
1626       banked       123ms raced     zr2c:child_oop_il
1627       banked       320ms raced     prime
1628       banked       122ms raced     zr2c:child_oop_il
1629       banked       311ms raced     flat
1630       banked       124ms raced     zr2c:child_oop_il
1631       banked       310ms raced     prime
1632       banked       124ms raced     zr2c:child_nat_ip
1633       banked       311ms raced     chain3
1634       banked       122ms raced     zr2c:child_oop_il
1635       banked       310ms raced     flat
1636       banked       323ms raced     zr2c:child_oop_il
1637       banked       316ms raced     prime
1638       banked       123ms raced     zr2c:child_oop_il
1639       banked       311ms raced     flat
1640       banked       122ms raced     zr2c:child_oop_il
1641       banked       315ms raced     flat
1642       banked       124ms raced     zr2c:child_oop_il
1643       banked       315ms raced     prime
1644       banked       324ms raced     zr2c:child_oop_il
1645       banked       109ms replayed  prime
1646       banked       125ms raced     zr2c:child_oop_il
1647       banked       312ms raced     prime
1648       banked       327ms raced     zr2c:child_oop_il
1649       banked       325ms raced     prime
1650       banked       125ms raced     zr2c:child_nat_ip
1651       banked       313ms raced     chain3
1652       banked       322ms raced     zr2c:child_oop_il
1653       banked       107ms replayed  prime
1654       banked       127ms raced     zr2c:child_oop_il
1655       banked       314ms raced     prime
1656       banked       124ms raced     zr2c:child_oop_il
1657       banked       321ms raced     chain3
1658       banked       123ms raced     zr2c:child_oop_il
1659       banked       312ms raced     prime
1660       banked       324ms raced     zr2c:child_oop_il
1661       banked       315ms raced     prime
1662       banked       125ms raced     zr2c:child_oop_il
1663       banked       326ms raced     prime
1664       banked       122ms raced     zr2c:child_oop_il
1665       banked       107ms replayed  2p
1666       banked       125ms raced     zr2c:child_oop_il
1667       banked       319ms raced     flat
1668       banked       323ms raced     zr2c:child_oop_il
1669       banked       318ms raced     prime
1670       banked       123ms raced     zr2c:child_oop_il
1671       banked       313ms raced     prime
1672       banked       123ms raced     zr2c:child_oop_il
1673       banked       319ms raced     flat
1674       banked       123ms raced     zr2c:child_nat_ip
1675       banked       316ms raced     flat
1676       banked       322ms raced     zr2c:child_oop_il
1677       banked       113ms replayed  prime
1678       banked       128ms raced     zr2c:child_oop_il
1679       banked       312ms raced     prime
1680       banked       125ms raced     zr2c:child_oop_il
1681       banked       107ms replayed  chain3
1682       banked       123ms raced     zr2c:child_oop_il
1683       banked       126ms raced     bridge
1684       banked       326ms raced     zr2c:child_oop_il
1685       banked       318ms raced     prime
1686       banked       126ms raced     zr2c:child_oop_il
1687       banked       313ms raced     prime
1688       banked       326ms raced     zr2c:child_oop_il
1689       banked       315ms raced     prime
1690       banked       123ms raced     zr2c:child_nat_ip
1691       banked       315ms raced     flat
1692       banked       123ms raced     zr2c:child_nat_ip
1693       banked       320ms raced     flat
1694       banked       137ms raced     zr2c:child_oop_il
1695       banked       334ms raced     flat
1696       banked       324ms raced     zr2c:child_oop_il
1697       banked       317ms raced     prime
1698       banked       126ms raced     zr2c:child_oop_il
1699       banked       318ms raced     prime
1700       banked       126ms raced     zr2c:child_nat_ip
1701       banked       110ms replayed  bridge
1702       banked       123ms raced     zr2c:child_oop_il
1703       banked       294ms raced     2p
1704       banked       329ms raced     zr2c:child_oop_il
1705       banked       107ms replayed  prime
1706       banked       124ms raced     zr2c:child_oop_il
1707       banked       317ms raced     prime
1708       banked       326ms raced     zr2c:child_oop_il
1709       banked       321ms raced     prime
1710       banked       124ms raced     zr2c:child_oop_il
1711       banked       315ms raced     flat
1712       banked       326ms raced     zr2c:child_oop_il
1713       banked       314ms raced     prime
1714       banked       128ms raced     zr2c:child_oop_il
1715       banked      2771ms raced     bridge
1716       banked       124ms raced     zr2c:child_nat_ip
1717       banked       319ms raced     flat
1718       banked       132ms raced     zr2c:child_oop_il
1719       banked       317ms raced     prime
1720       banked       123ms raced     zr2c:child_oop_il
1721       banked       341ms raced     flat
1722       banked       127ms raced     zr2c:child_oop_il
1723       banked       322ms raced     2p
1724       banked       328ms raced     zr2c:child_oop_il
1725       banked       108ms replayed  prime
1726       banked       126ms raced     zr2c:child_oop_il
1727       banked       319ms raced     prime
1728       banked       109ms replayed  2p
1729       banked       125ms raced     bridge
1730       banked       131ms raced     zr2c:child_oop_il
1731       banked       318ms raced     prime
1732       banked       326ms raced     zr2c:child_oop_il
1733       banked       326ms raced     prime
1734       banked       126ms raced     zr2c:child_nat_ip
1735       banked       325ms raced     flat
1736       banked       123ms raced     zr2c:child_oop_il
1737       banked       315ms raced     flat
1738       banked       126ms raced     zr2c:child_oop_il
1739       banked       112ms replayed  prime
1740       banked       129ms raced     zr2c:child_nat_ip
1741       banked       322ms raced     flat
1742       banked       125ms raced     zr2c:child_oop_il
1743       banked       313ms raced     prime
1744       banked       327ms raced     zr2c:child_oop_il
1745       banked       314ms raced     prime
1746       banked       125ms raced     zr2c:child_oop_il
1747       banked       323ms raced     prime
1748       banked       126ms raced     zr2c:child_oop_il
1749       banked       317ms raced     flat
1750       banked       110ms replayed  zr2c:child_oop_il
1751       banked       314ms raced     flat
1752       banked       328ms raced     zr2c:child_oop_il
1753       banked       321ms raced     prime
1754       banked       126ms raced     zr2c:child_oop_il
1755       banked       125ms raced     bridge
1756       banked       343ms raced     zr2c:child_oop_il
1757       banked       316ms raced     prime
1758       banked       129ms raced     zr2c:child_oop_il
1759       banked       323ms raced     prime
1760       banked       124ms raced     zr2c:child_oop_il
1761       banked       319ms raced     chain3
1762       banked       127ms raced     zr2c:child_oop_il
1763       banked       111ms replayed  prime
1764       banked       144ms raced     zr2c:child_nat_ip
1765       banked       315ms raced     flat
1766       banked       125ms raced     zr2c:child_oop_il
1767       banked       112ms replayed  prime
1768       banked       126ms raced     zr2c:child_oop_il
1769       banked       318ms raced     chain3
1770       banked       127ms raced     zr2c:child_oop_il
1771       banked       109ms replayed  prime
1772       banked       331ms raced     zr2c:child_oop_il
1773       banked       320ms raced     prime
1774       banked       126ms raced     zr2c:child_oop_il
1775       banked       321ms raced     prime
1776       banked       124ms raced     zr2c:child_nat_ip
1777       banked       322ms raced     chain3
1778       banked       129ms raced     zr2c:child_oop_il
1779       banked       317ms raced     prime
1780       banked       351ms raced     zr2c:child_oop_il
1781       banked       315ms raced     prime
1782       banked       127ms raced     zr2c:child_oop_il
1783       banked       324ms raced     chain3
1784       banked       333ms raced     zr2c:child_oop_il
1785       banked       124ms raced     bridge
1786       banked       126ms raced     zr2c:child_nat_ip
1787       banked       323ms raced     flat
1788       banked       328ms raced     zr2c:child_oop_il
1789       banked       323ms raced     prime
1790       banked       127ms raced     zr2c:child_oop_il
1791       banked       322ms raced     prime
1792       banked       109ms replayed  chain3
1793       banked       318ms raced     chain3
1794       banked       128ms raced     zr2c:child_oop_il
1795       banked       330ms raced     flat
1796       banked       333ms raced     zr2c:child_oop_il
1797       banked       321ms raced     prime
1798       banked       124ms raced     zr2c:child_oop_il
1799       banked       321ms raced     2p
1800       banked       124ms raced     zr2c:child_oop_il
1801       banked       322ms raced     chain3
1802       banked       127ms raced     zr2c:child_oop_il
1803       banked       324ms raced     prime
1804       banked       126ms raced     zr2c:child_oop_il
1805       banked       132ms raced     bridge
1806       banked       125ms raced     zr2c:child_nat_ip
1807       banked       318ms raced     flat
1808       banked       333ms raced     zr2c:child_oop_il
1809       banked       321ms raced     prime
1810       banked       128ms raced     zr2c:child_oop_il
1811       banked       326ms raced     prime
1812       banked       328ms raced     zr2c:child_oop_il
1813       banked       114ms replayed  prime
1814       banked       126ms raced     zr2c:child_oop_il
1815       banked       128ms raced     bridge
1816       banked       329ms raced     zr2c:child_oop_il
1817       banked       315ms raced     prime
1818       banked       127ms raced     zr2c:child_oop_il
1819       banked       322ms raced     prime
1820       banked       126ms raced     zr2c:child_oop_il
1821       banked       322ms raced     chain3
1822       banked       131ms raced     zr2c:child_oop_il
1823       banked       325ms raced     prime
1824       banked       126ms raced     zr2c:child_oop_il
1825       banked       322ms raced     chain3
1826       banked       130ms raced     zr2c:child_oop_il
1827       banked       110ms replayed  prime
1828       banked       331ms raced     zr2c:child_oop_il
1829       banked       320ms raced     prime
1830       banked       127ms raced     zr2c:child_oop_il
1831       banked       326ms raced     prime
1832       banked       338ms raced     zr2c:child_oop_il
1833       banked       111ms replayed  prime
1834       banked       131ms raced     zr2c:child_oop_il
1835       banked       320ms raced     prime
1836       banked       126ms raced     zr2c:child_nat_ip
1837       banked       320ms raced     flat
1838       banked       128ms raced     zr2c:child_oop_il
1839       banked       322ms raced     prime
1840       banked       125ms raced     zr2c:child_oop_il
1841       banked       318ms raced     chain3
1842       banked       128ms raced     zr2c:child_oop_il
1843       banked       320ms raced     prime
1844       banked       336ms raced     zr2c:child_oop_il
1845       banked       109ms replayed  prime
1846       banked       127ms raced     zr2c:child_oop_il
1847       banked       330ms raced     prime
1848       banked       126ms raced     zr2c:child_oop_il
1849       banked       111ms replayed  chain3
1850       banked       126ms raced     zr2c:child_nat_ip
1851       banked       322ms raced     2p
1852       banked       333ms raced     zr2c:child_oop_il
1853       banked       322ms raced     prime
1854       banked       131ms raced     zr2c:child_oop_il
1855       banked       318ms raced     prime
1856       banked       125ms raced     zr2c:child_oop_il
1857       banked       322ms raced     2p
1858       banked       126ms raced     zr2c:child_oop_il
1859       banked       128ms raced     bridge
1860       banked       131ms raced     zr2c:child_nat_ip
1861       banked       325ms raced     chain3
1862       banked       128ms raced     zr2c:child_oop_il
1863       banked       110ms replayed  flat
1864       banked       332ms raced     zr2c:child_oop_il
1865       banked       323ms raced     prime
1866       banked       127ms raced     zr2c:child_oop_il
1867       banked       327ms raced     prime
1868       banked       337ms raced     zr2c:child_oop_il
1869       banked       321ms raced     prime
1870       banked       125ms raced     zr2c:child_oop_il
1871       banked       325ms raced     flat
1872       banked       126ms raced     zr2c:child_oop_il
1873       banked       309ms raced     chain3
1874       banked       130ms raced     zr2c:child_oop_il
1875       banked       129ms raced     bridge
1876       banked       340ms raced     zr2c:child_oop_il
1877       banked       328ms raced     prime
1878       banked       128ms raced     zr2c:child_oop_il
1879       banked       329ms raced     prime
1880       banked       127ms raced     zr2c:child_oop_il
1881       banked       128ms raced     bridge
1882       banked       128ms raced     zr2c:child_oop_il
1883       banked       324ms raced     prime
1884       banked       340ms raced     zr2c:child_oop_il
1885       banked       110ms replayed  prime
1886       banked       126ms raced     zr2c:child_oop_il
1887       banked       110ms replayed  2p
1888       banked       333ms raced     zr2c:child_oop_il
1889       banked       328ms raced     prime
1890       banked       113ms replayed  zr2c:child_oop_il
1891       banked       322ms raced     chain3
1892       banked       126ms raced     zr2c:child_oop_il
1893       banked       323ms raced     flat
1894       banked       131ms raced     zr2c:child_oop_il
1895       banked       327ms raced     prime
1896       banked       335ms raced     zr2c:child_oop_il
1897       banked       324ms raced     prime
1898       banked       130ms raced     zr2c:child_oop_il
1899       banked       321ms raced     prime
1900       banked       126ms raced     zr2c:child_nat_ip
1901       banked       331ms raced     flat
1902       banked       132ms raced     zr2c:child_oop_il
1903       banked       323ms raced     prime
1904       banked       130ms raced     zr2c:child_nat_ip
1905       banked       329ms raced     flat
1906       banked       129ms raced     zr2c:child_oop_il
1907       banked       330ms raced     prime
1908       banked       341ms raced     zr2c:child_oop_il
1909       banked       325ms raced     prime
1910       banked       129ms raced     zr2c:child_oop_il
1911       banked       127ms raced     bridge
1912       banked       333ms raced     zr2c:child_oop_il
1913       banked       330ms raced     prime
1914       banked       131ms raced     zr2c:child_oop_il
1915       banked       322ms raced     chain3
1916       banked       336ms raced     zr2c:child_oop_il
1917       banked       322ms raced     prime
1918       banked       129ms raced     zr2c:child_oop_il
1919       banked       323ms raced     prime
1920       banked       111ms replayed  2p
1921       banked       322ms raced     2p
1922       banked       127ms raced     zr2c:child_oop_il
1923       banked       328ms raced     flat
1924       banked       127ms raced     zr2c:child_oop_il
1925       banked       128ms raced     bridge
1926       banked       130ms raced     zr2c:child_oop_il
1927       banked       110ms replayed  prime
1928       banked       340ms raced     zr2c:child_oop_il
1929       banked       346ms raced     prime
1930       banked       128ms raced     zr2c:child_oop_il
1931       banked       332ms raced     prime
1932       banked       128ms raced     zr2c:child_oop_il
1933       banked       332ms raced     chain3
1934       banked       132ms raced     zr2c:child_oop_il
1935       banked       114ms replayed  prime
1936       banked       128ms raced     zr2c:child_oop_il
1937       banked       323ms raced     chain3
1938       banked       127ms raced     zr2c:child_oop_il
1939       banked       324ms raced     flat
1940       banked       337ms raced     zr2c:child_oop_il
1941       banked       325ms raced     prime
1942       banked       128ms raced     zr2c:child_oop_il
1943       banked       327ms raced     prime
1944       banked       129ms raced     zr2c:child_oop_il
1945       banked       325ms raced     chain3
1946       banked       129ms raced     zr2c:child_oop_il
1947       banked       322ms raced     prime
1948       banked       337ms raced     zr2c:child_oop_il
1949       banked       336ms raced     prime
1950       banked       130ms raced     zr2c:child_oop_il
1951       banked       331ms raced     flat
1952       banked       352ms raced     zr2c:child_oop_il
1953       banked       111ms replayed  prime
1954       banked       129ms raced     zr2c:child_oop_il
1955       banked       114ms replayed  prime
1956       banked       336ms raced     zr2c:child_oop_il
1957       banked       322ms raced     prime
1958       banked       130ms raced     zr2c:child_oop_il
1959       banked       324ms raced     prime
1960       banked       136ms raced     zr2c:child_nat_ip
1961       banked       325ms raced     flat
1962       banked       130ms raced     zr2c:child_oop_il
1963       banked       330ms raced     prime
1964       banked       336ms raced     zr2c:child_oop_il
1965       banked       350ms raced     prime
1966       banked       130ms raced     zr2c:child_oop_il
1967       banked       324ms raced     prime
1968       banked       131ms raced     zr2c:child_oop_il
1969       banked       327ms raced     chain3
1970       banked       129ms raced     zr2c:child_oop_il
1971       banked       328ms raced     prime
1972       banked       130ms raced     zr2c:child_oop_il
1973       banked       331ms raced     flat
1974       banked       134ms raced     zr2c:child_oop_il
1975       banked       329ms raced     2p
1976       banked       128ms raced     zr2c:child_oop_il
1977       banked       328ms raced     chain3
1978       banked       135ms raced     zr2c:child_oop_il
1979       banked       331ms raced     flat
1980       banked       128ms raced     zr2c:child_oop_il
1981       banked       329ms raced     chain3
1982       banked       132ms raced     zr2c:child_oop_il
1983       banked       327ms raced     prime
1984       banked       128ms raced     zr2c:child_nat_ip
1985       banked       327ms raced     flat
1986       banked       133ms raced     zr2c:child_oop_il
1987       banked       345ms raced     prime
1988       banked       335ms raced     zr2c:child_oop_il
1989       banked       131ms raced     bridge
1990       banked       132ms raced     zr2c:child_oop_il
1991       banked       327ms raced     prime
1992       banked       339ms raced     zr2c:child_oop_il
1993       banked       333ms raced     prime
1994       banked       135ms raced     zr2c:child_oop_il
1995       banked       131ms raced     bridge
1996       banked       342ms raced     zr2c:child_oop_il
1997       banked       332ms raced     prime
1998       banked       130ms raced     zr2c:child_nat_ip
1999       banked       338ms raced     2p
2000       banked       112ms replayed  zr2c:child_oop_il
2001       banked       112ms replayed  chain3
2002       banked       132ms raced     zr2c:child_oop_il
2003       banked       335ms raced     flat
2004       banked       348ms raced     zr2c:child_oop_il
2005       banked       328ms raced     prime
2006       banked       130ms raced     zr2c:child_oop_il
2007       banked       326ms raced     prime
2008       banked       367ms raced     zr2c:child_oop_il
2009       banked       116ms replayed  prime
2010       banked       131ms raced     zr2c:child_oop_il
2011       banked       332ms raced     prime
2012       banked       348ms raced     zr2c:child_oop_il
2013       banked       326ms raced     prime
2014       banked       132ms raced     zr2c:child_oop_il
2015       banked       116ms replayed  prime
2016       banked       133ms raced     zr2c:child_oop_il
2017       banked       335ms raced     chain3
2018       banked       135ms raced     zr2c:child_oop_il
2019       banked       332ms raced     prime
2020       banked       343ms raced     zr2c:child_oop_il
2021       banked       112ms replayed  prime
2022       banked       131ms raced     zr2c:child_oop_il
2023       banked       133ms raced     bridge
2024       banked       134ms raced     zr2c:child_oop_il
2025       banked       129ms raced     bridge
2026       banked       137ms raced     zr2c:child_oop_il
2027       banked       338ms raced     prime
2028       banked       130ms raced     zr2c:child_oop_il
2029       banked       323ms raced     chain3
2030       banked       129ms raced     zr2c:child_oop_il
2031       banked       328ms raced     flat
2032       banked       342ms raced     zr2c:child_oop_il
2033       banked       328ms raced     prime
2034       banked       131ms raced     zr2c:child_oop_il
2035       banked       115ms replayed  prime
2036       banked       340ms raced     zr2c:child_oop_il
2037       banked       327ms raced     prime
2038       banked       132ms raced     zr2c:child_oop_il
2039       banked       337ms raced     prime
2040       banked       136ms raced     zr2c:child_nat_ip
2041       banked       346ms raced     chain3
2042       banked       130ms raced     zr2c:child_oop_il
2043       banked       328ms raced     prime
2044       banked       373ms raced     zr2c:child_oop_il
2045       banked       330ms raced     prime
2046       banked       130ms raced     zr2c:child_oop_il
2047       banked       329ms raced     chain3
2048       banked       113ms replayed  zr2c:child_oop_il
2          banked       159ms replayed  mono
3          banked       113ms replayed  rfft
4          banked       112ms replayed  mono
5          banked       112ms replayed  bridge
6          banked       112ms replayed  mono
7          banked       113ms replayed  bridge
8          banked       112ms replayed  mono
9          banked       112ms replayed  bridge
10         banked       111ms replayed  mono
11         banked       112ms replayed  bridge
12         banked       112ms replayed  mono
13         banked       112ms replayed  bridge
14         banked       112ms replayed  mono
15         banked       113ms replayed  bridge
16         banked       112ms replayed  mono
17         banked       112ms replayed  bridge
18         banked       112ms replayed  zr2c:child_oop_il
19         banked       112ms replayed  bridge
20         banked       112ms replayed  zr2c:child_oop_il
21         banked       112ms replayed  bridge
22         banked       113ms replayed  mono
23         banked       114ms replayed  mono
24         banked       115ms replayed  zrp:4.6:r2z
25         banked       114ms replayed  bridge
26         banked       114ms replayed  zr2c:child_oop_il
27         banked       114ms replayed  rfft
28         banked       113ms replayed  zr2c:child_oop_il
29         banked       116ms replayed  mono
30         banked       112ms replayed  zr2c:child_nat_ip
31         banked       112ms replayed  2p
32         banked       112ms replayed  zrp:4.8:r2z
33         banked       120ms replayed  bridge
34         banked       132ms replayed  zr2c:child_oop_il
35         banked       125ms replayed  bridge
36         banked       116ms replayed  zrp:6.6:r2z
37         banked       115ms replayed  2p
38         banked       112ms replayed  zr2c:child_oop_il
39         banked       113ms replayed  bridge
40         banked       113ms replayed  zrp:4.10:r2z
41         banked       113ms replayed  2p
42         banked       113ms replayed  zr2c:child_oop_il
43         banked       115ms replayed  2p
44         banked       118ms replayed  zr2c:child_oop_il
45         banked       116ms replayed  bridge
46         banked       112ms replayed  zr2c:child_oop_il
47         banked       113ms replayed  mono
48         banked       115ms replayed  zrp:4.12:r2z
49         banked       114ms replayed  bridge
50         banked       112ms replayed  zr2c:child_oop_il
51         banked       114ms replayed  bridge
52         banked       113ms replayed  zr2c:child_oop_il
53         banked       113ms replayed  mono
54         banked       115ms replayed  zr2c:child_oop_il
55         banked       113ms replayed  bridge
56         banked       113ms replayed  zr2c:child_oop_il
57         banked       113ms replayed  bridge
58         banked       116ms replayed  zr2c:child_oop_il
59         banked       113ms replayed  mono
60         banked       113ms replayed  zrp:6.10:r2z
61         banked       116ms replayed  2p
62         banked       115ms replayed  zr2c:child_oop_il
63         banked       117ms replayed  bridge
64         banked       117ms replayed  zrp:4.16:r2z
65         banked       114ms replayed  bridge
66         banked       112ms replayed  zr2c:child_oop_il
67         banked       113ms replayed  2p
68         banked       114ms replayed  zr2c:child_oop_il
69         banked       115ms replayed  flat
70         banked       112ms replayed  zr2c:child_oop_il
71         banked       112ms replayed  2p
72         banked       114ms replayed  zrp:6.12:r2z
73         banked       113ms replayed  2p
74         banked       129ms replayed  zr2c:child_oop_il
75         banked       112ms replayed  bridge
76         banked       112ms replayed  zr2c:child_oop_il
77         banked       113ms replayed  bridge
78         banked       114ms replayed  zr2c:child_oop_il
79         banked       114ms replayed  2p
80         banked       112ms replayed  zrp:8.10:r2z
81         banked       113ms replayed  bridge
82         banked       112ms replayed  zr2c:child_oop_il
83         banked       116ms replayed  mono
84         banked       115ms replayed  zr2c:child_oop_il
85         banked       115ms replayed  bridge
86         banked       115ms replayed  zr2c:child_oop_il
87         banked       112ms replayed  prime
88         banked       114ms replayed  zr2c:child_oop_il
89         banked       112ms replayed  2p
90         banked       113ms replayed  zr2c:child_oop_il
91         banked       113ms replayed  bridge
92         banked       113ms replayed  zr2c:child_oop_il
93         banked       115ms replayed  flat
94         banked       116ms replayed  zr2c:child_oop_il
95         banked       116ms replayed  bridge
96         banked       112ms replayed  zrp:6.16:r2z
97         banked       113ms replayed  2p
98         banked       118ms replayed  zr2c:child_oop_il
99         banked       139ms replayed  bridge
100        banked       124ms replayed  zrp:10.10:r2z
101        banked       115ms replayed  2p
102        banked       117ms replayed  zr2c:child_oop_il
103        banked       116ms replayed  2p
104        banked       119ms replayed  zr2c:child_oop_il
105        banked       112ms replayed  bridge
106        banked       116ms replayed  zr2c:child_oop_il
107        banked       113ms replayed  prime
108        banked       113ms replayed  zr2c:child_oop_il
109        banked       112ms replayed  2p
110        banked       113ms replayed  zr2c:child_oop_il
111        banked       320ms replayed  2p
112        banked       113ms replayed  zr2c:child_oop_il
113        banked       114ms replayed  2p
114        banked       113ms replayed  zr2c:child_oop_il
115        banked       112ms replayed  2p
116        banked       116ms replayed  zr2c:child_oop_il
117        banked       112ms replayed  bridge
118        banked       113ms replayed  zr2c:child_oop_il
119        banked       115ms replayed  bridge
120        banked       115ms replayed  zr2c:child_oop_il
121        banked       115ms replayed  bridge
122        banked       128ms replayed  zr2c:child_nat_ip
123        banked       321ms replayed  prime
124        banked       113ms replayed  zr2c:child_oop_il
125        banked       112ms replayed  bridge
126        banked       112ms replayed  zr2c:child_oop_il
127        banked       113ms replayed  2p
128        banked       112ms replayed  zr2c:child_oop_il
129        banked       114ms replayed  2p
130        banked       112ms replayed  zr2c:child_oop_il
131        banked       116ms replayed  2p
132        banked       114ms replayed  zr2c:child_oop_il
133        banked       115ms replayed  bridge
134        banked       112ms replayed  zr2c:child_oop_il
135        banked       114ms replayed  bridge
136        banked       113ms replayed  zr2c:child_oop_il
137        banked       116ms replayed  2p
138        banked       112ms replayed  zr2c:child_oop_il
139        banked       112ms replayed  2p
140        banked       119ms replayed  zr2c:child_oop_il
141        banked       118ms replayed  2p
142        banked       115ms replayed  zr2c:child_nat_ip
143        banked       112ms replayed  bridge
144        banked       113ms replayed  zr2c:child_oop_il
145        banked       114ms replayed  2p
146        banked       115ms replayed  zr2c:child_oop_il
147        banked       116ms replayed  bridge
148        banked       113ms replayed  zr2c:child_nat_ip
149        banked       112ms replayed  flat
150        banked       113ms replayed  zr2c:child_oop_il
151        banked       113ms replayed  2p
152        banked       112ms replayed  zr2c:child_oop_il
153        banked       115ms replayed  bridge
154        banked       113ms replayed  zr2c:child_oop_il
155        banked       113ms replayed  2p
156        banked       112ms replayed  zr2c:child_oop_il
157        banked       112ms replayed  2p
158        banked       112ms replayed  zr2c:child_oop_il
159        banked       114ms replayed  prime
160        banked       115ms replayed  zrp:16.10:r2z
161        banked       117ms replayed  2p
162        banked       117ms replayed  zr2c:child_oop_il
163        banked       114ms replayed  2p
164        banked       113ms replayed  zr2c:child_nat_ip
165        banked       112ms replayed  bridge
166        banked       112ms replayed  zr2c:child_oop_il
167        banked       114ms replayed  prime
168        banked       112ms replayed  zr2c:child_oop_il
169        banked       113ms replayed  bridge
170        banked       112ms replayed  zr2c:child_oop_il
171        banked       116ms replayed  bridge
172        banked       114ms replayed  zr2c:child_nat_ip
173        banked       113ms replayed  prime
174        banked       111ms replayed  zr2c:child_nat_ip
175        banked       113ms replayed  bridge
176        banked       113ms replayed  zr2c:child_oop_il
177        banked       114ms replayed  2p
178        banked       112ms replayed  zr2c:child_oop_il
179        banked       113ms replayed  prime
180        banked       113ms replayed  zr2c:child_oop_il
181        banked       116ms replayed  2p
182        banked       116ms replayed  zr2c:child_oop_il
183        banked       116ms replayed  2p
184        banked       112ms replayed  zr2c:child_oop_il
185        banked       112ms replayed  2p
186        banked       116ms replayed  zr2c:child_nat_ip
187        banked       113ms replayed  bridge
188        banked       115ms replayed  zr2c:child_nat_ip
189        banked       112ms replayed  bridge
190        banked       112ms replayed  zr2c:child_nat_ip
191        banked       119ms replayed  2p
192        banked       116ms replayed  zr2c:child_oop_il
193        banked       113ms replayed  2p
194        banked       113ms replayed  zr2c:child_oop_il
195        banked       122ms replayed  bridge
196        banked       112ms replayed  zr2c:child_oop_il
197        banked       115ms replayed  flat
198        banked       112ms replayed  zr2c:child_oop_il
199        banked       114ms replayed  2p
200        banked       113ms replayed  zr2c:child_oop_il
201        banked       115ms replayed  2p
202        banked       120ms replayed  zr2c:child_nat_ip
203        banked       120ms replayed  prime
204        banked       112ms replayed  zr2c:child_oop_il
205        banked       112ms replayed  2p
206        banked       117ms replayed  zr2c:child_oop_il
207        banked       113ms replayed  prime
208        banked       112ms replayed  zr2c:child_oop_il
209        banked       116ms replayed  bridge
210        banked       113ms replayed  zr2c:child_oop_il
211        banked       115ms replayed  2p
212        banked       115ms replayed  zr2c:child_oop_il
213        banked       113ms replayed  prime
214        banked       112ms replayed  zr2c:child_oop_il
215        banked       112ms replayed  prime
216        banked       112ms replayed  zr2c:child_oop_il
217        banked       112ms replayed  2p
218        banked       113ms replayed  zr2c:child_oop_il
219        banked       115ms replayed  prime
220        banked       112ms replayed  zr2c:child_oop_il
221        banked       115ms replayed  bridge
222        banked       118ms replayed  zr2c:child_nat_ip
223        banked       112ms replayed  prime
224        banked       115ms replayed  zr2c:child_oop_il
225        banked       121ms replayed  bridge
226        banked       140ms replayed  zr2c:child_oop_il
227        banked       127ms replayed  prime
228        banked       112ms replayed  zr2c:child_nat_ip
229        banked       115ms replayed  2p
230        banked       112ms replayed  zr2c:child_nat_ip
231        banked       115ms replayed  bridge
232        banked       113ms replayed  zr2c:child_nat_ip
233        banked       112ms replayed  flat
234        banked       112ms replayed  zr2c:child_oop_il
235        banked       113ms replayed  2p
236        banked       112ms replayed  zr2c:child_nat_ip
237        banked       112ms replayed  prime
238        banked       116ms replayed  zr2c:child_oop_il
239        banked       116ms replayed  2p
240        banked       115ms replayed  zr2c:child_oop_il
241        banked       114ms replayed  2p
242        banked       118ms replayed  zr2c:child_oop_il
243        banked       113ms replayed  bridge
244        banked       114ms replayed  zr2c:child_nat_ip
245        banked       112ms replayed  bridge
246        banked       113ms replayed  zr2c:child_nat_ip
247        banked       114ms replayed  bridge
248        banked       111ms replayed  zr2c:child_oop_il
249        banked       112ms replayed  flat
250        banked       112ms replayed  zr2c:child_oop_il
251        banked       112ms replayed  2p
252        banked       116ms replayed  zr2c:child_oop_il
253        banked       116ms replayed  2p
254        banked       115ms replayed  zr2c:child_oop_il
255        banked       116ms replayed  bridge
256        banked       111ms replayed  zr2c:child_oop_il
257        banked       112ms replayed  2p
258        banked       113ms replayed  zr2c:child_oop_il
259        banked       111ms replayed  flat
260        banked       112ms replayed  zr2c:child_oop_il
261        banked       116ms replayed  2p
262        banked       119ms replayed  zr2c:child_oop_il
263        banked       112ms replayed  prime
264        banked       112ms replayed  zr2c:child_oop_il
265        banked       112ms replayed  2p
266        banked       117ms replayed  zr2c:child_oop_il
267        banked       112ms replayed  2p
268        banked       112ms replayed  zr2c:child_oop_il
269        banked       113ms replayed  prime
270        banked       115ms replayed  zr2c:child_oop_il
271        banked       113ms replayed  2p
272        banked       114ms replayed  zr2c:child_oop_il
273        banked       112ms replayed  bridge
274        banked       112ms replayed  zr2c:child_oop_il
275        banked       112ms replayed  bridge
276        banked       116ms replayed  zr2c:child_oop_il
277        banked       112ms replayed  2p
278        banked       112ms replayed  zr2c:child_oop_il
279        banked       114ms replayed  prime
280        banked       113ms replayed  zr2c:child_oop_il
281        banked       113ms replayed  chain3
282        banked       120ms replayed  zr2c:child_oop_il
283        banked       113ms replayed  flat
284        banked       114ms replayed  zr2c:child_oop_il
285        banked       116ms replayed  bridge
286        banked       119ms replayed  zr2c:child_oop_il
287        banked       115ms replayed  2p
288        banked       113ms replayed  zr2c:child_nat_ip
289        banked       112ms replayed  bridge
290        banked       112ms replayed  zr2c:child_oop_il
291        banked       123ms replayed  2p
292        banked       116ms replayed  zr2c:child_oop_il
293        banked       116ms replayed  prime
294        banked       114ms replayed  zr2c:child_oop_il
295        banked       112ms replayed  chain3
296        banked       114ms replayed  zr2c:child_oop_il
297        banked       114ms replayed  bridge
298        banked       115ms replayed  zr2c:child_oop_il
299        banked       115ms replayed  prime
300        banked       112ms replayed  zr2c:child_oop_il
301        banked       117ms replayed  2p
302        banked       114ms replayed  zr2c:child_oop_il
303        banked       112ms replayed  prime
304        banked       114ms replayed  zr2c:child_oop_il
305        banked       115ms replayed  2p
306        banked       115ms replayed  zr2c:child_oop_il
307        banked       112ms replayed  2p
308        banked       112ms replayed  zr2c:child_oop_il
309        banked       115ms replayed  flat
310        banked       115ms replayed  zr2c:child_nat_ip
311        banked       114ms replayed  2p
312        banked       113ms replayed  zr2c:child_oop_il
313        banked       113ms replayed  2p
314        banked       112ms replayed  zr2c:child_oop_il
315        banked       115ms replayed  bridge
316        banked       112ms replayed  zr2c:child_oop_il
317        banked       112ms replayed  prime
318        banked       123ms replayed  zr2c:child_oop_il
319        banked       114ms replayed  prime
320        banked       113ms replayed  2p
321        banked       115ms replayed  2p
322        banked       122ms replayed  zr2c:child_oop_il
323        banked       114ms replayed  bridge
324        banked       112ms replayed  zr2c:child_oop_il
325        banked       113ms replayed  bridge
326        banked       112ms replayed  zr2c:child_oop_il
327        banked       115ms replayed  prime
328        banked       113ms replayed  zr2c:child_nat_ip
329        banked       112ms replayed  2p
330        banked       112ms replayed  zr2c:child_oop_il
331        banked       115ms replayed  2p
332        banked       116ms replayed  zr2c:child_oop_il
