N,K,plan,path,vfft_ns,mkl_ns,vfft_gflops,ratio_vs_mkl,rt_err,route,flip
333,1,z:r2c,nat-oop,855,2035,8.155,2.378,6.499e-16,-,0
333,1,z:r2c,nat-oop,856,2036,8.153,2.380,6.499e-16,-,1
334,1,z:r2c,nat-oop,1029,1321,6.800,1.283,7.315e-16,-,0
334,1,z:r2c,nat-oop,1034,1320,6.773,1.277,7.315e-16,-,1
335,1,z:r2c,nat-oop,2380,4278,2.952,1.797,5.031e-16,-,0
335,1,z:r2c,nat-oop,2355,4273,2.983,1.815,5.031e-16,-,1
336,1,z:r2c,nat-oop,173,246,40.748,1.419,3.250e-16,-,0
336,1,z:r2c,nat-oop,173,246,40.721,1.420,3.250e-16,-,1
337,1,z:r2c,nat-oop,1213,2677,5.831,2.207,5.596e-16,-,0
337,1,z:r2c,nat-oop,1209,2681,5.849,2.217,5.596e-16,-,1
338,1,z:r2c,nat-oop,223,264,31.840,1.186,5.277e-16,-,0
338,1,z:r2c,nat-oop,256,264,27.743,1.030,5.277e-16,-,1
339,1,z:r2c,nat-oop,2354,2693,3.026,1.144,5.006e-16,-,0
339,1,z:r2c,nat-oop,2399,2687,2.969,1.120,5.006e-16,-,1
340,1,z:r2c,nat-oop,186,437,38.419,2.347,4.890e-16,-,0
340,1,z:r2c,nat-oop,186,437,38.392,2.346,4.890e-16,-,1
341,1,z:r2c,nat-oop,660,1712,10.863,2.593,7.672e-16,-,0
341,1,z:r2c,nat-oop,768,1711,9.336,2.227,7.672e-16,-,1
342,1,z:r2c,nat-oop,238,514,30.191,2.155,6.365e-16,-,0
342,1,z:r2c,nat-oop,229,510,31.434,2.225,6.365e-16,-,1
343,1,z:r2c,nat-oop,413,421,17.484,1.018,5.729e-16,-,0
343,1,z:r2c,nat-oop,412,421,17.513,1.022,5.729e-16,-,1
344,1,z:r2c,nat-oop,283,882,25.598,3.117,4.453e-16,-,0
344,1,z:r2c,nat-oop,283,881,25.580,3.111,4.453e-16,-,1
345,1,z:r2c,nat-oop,567,1328,12.817,2.341,4.420e-16,-,0
345,1,z:r2c,nat-oop,570,1324,12.748,2.321,4.420e-16,-,1
346,1,z:r2c,nat-oop,1030,1330,7.083,1.292,3.995e-16,-,0
346,1,z:r2c,nat-oop,1024,1330,7.123,1.298,3.995e-16,-,1
347,1,z:r2c,nat-oop,2289,2695,3.198,1.177,6.622e-16,-,0
347,1,z:r2c,nat-oop,2308,2691,3.171,1.166,6.622e-16,-,1
348,1,z:r2c,nat-oop,244,615,30.071,2.517,4.401e-16,-,0
348,1,z:r2c,nat-oop,245,614,30.041,2.512,4.401e-16,-,1
349,1,z:r2c,nat-oop,1869,2698,3.944,1.444,7.061e-16,-,0
349,1,z:r2c,nat-oop,1834,2693,4.019,1.469,7.061e-16,-,1
350,1,z:r2c,nat-oop,200,263,36.971,1.314,3.634e-16,-,0
350,1,z:r2c,nat-oop,200,262,37.028,1.314,3.634e-16,-,1
351,1,z:r2c,nat-oop,435,462,17.039,1.062,4.380e-16,-,0
351,1,z:r2c,nat-oop,436,462,17.023,1.060,4.380e-16,-,1
352,1,z:r2c,nat-oop,170,241,43.820,1.419,2.893e-16,-,0
352,1,z:r2c,nat-oop,170,241,43.832,1.419,2.893e-16,-,1
353,1,z:r2c,nat-oop,1124,2709,6.648,2.411,6.172e-16,-,0
353,1,z:r2c,nat-oop,1141,2693,6.545,2.360,6.172e-16,-,1
354,1,z:r2c,nat-oop,1047,1749,7.158,1.670,6.207e-16,-,0
354,1,z:r2c,nat-oop,1044,1746,7.180,1.673,6.207e-16,-,1
355,1,z:r2c,nat-oop,2286,4859,3.289,2.126,4.476e-16,-,0
355,1,z:r2c,nat-oop,2305,4865,3.262,2.111,4.476e-16,-,1
356,1,z:r2c,nat-oop,1029,2234,7.329,2.170,4.046e-16,-,0
356,1,z:r2c,nat-oop,1027,2232,7.346,2.173,4.046e-16,-,1
357,1,z:r2c,nat-oop,470,1038,16.088,2.207,4.810e-16,-,0
357,1,z:r2c,nat-oop,687,1034,11.017,1.505,4.810e-16,-,1
358,1,z:r2c,nat-oop,1030,1337,7.369,1.298,4.746e-16,-,0
358,1,z:r2c,nat-oop,1033,1338,7.347,1.294,4.746e-16,-,1
359,1,z:r2c,nat-oop,2270,2710,3.356,1.194,5.998e-16,-,0
359,1,z:r2c,nat-oop,2299,2710,3.314,1.179,5.998e-16,-,1
360,1,z:r2c,nat-oop,186,277,41.008,1.485,3.304e-16,-,0
360,1,z:r2c,nat-oop,192,277,39.855,1.444,3.304e-16,-,1
361,1,z:r2c,nat-oop,552,1618,13.898,2.933,3.518e-16,-,0
361,1,z:r2c,nat-oop,568,1604,13.507,2.826,3.518e-16,-,1
362,1,z:r2c,nat-oop,574,1343,13.398,2.340,6.559e-16,-,0
362,1,z:r2c,nat-oop,639,1342,12.041,2.100,6.559e-16,-,1
363,1,z:r2c,nat-oop,435,511,17.725,1.174,3.591e-16,-,0
363,1,z:r2c,nat-oop,437,503,17.667,1.153,3.591e-16,-,1
364,1,z:r2c,nat-oop,287,319,26.963,1.111,5.682e-16,-,0
364,1,z:r2c,nat-oop,286,319,27.036,1.113,5.682e-16,-,1
365,1,z:r2c,nat-oop,2340,5144,3.320,2.199,6.391e-16,-,0
365,1,z:r2c,nat-oop,2313,5139,3.359,2.222,6.391e-16,-,1
366,1,z:r2c,nat-oop,1026,1909,7.594,1.861,5.587e-16,-,0
366,1,z:r2c,nat-oop,1028,1909,7.581,1.857,5.587e-16,-,1
367,1,z:r2c,nat-oop,2379,2703,3.285,1.136,7.746e-16,-,0
367,1,z:r2c,nat-oop,2396,2725,3.263,1.137,7.746e-16,-,1
368,1,z:r2c,nat-oop,259,552,30.263,2.132,4.293e-16,-,0
368,1,z:r2c,nat-oop,259,549,30.263,2.120,4.293e-16,-,1
369,1,z:r2c,nat-oop,1092,2522,7.204,2.310,4.343e-16,-,0
369,1,z:r2c,nat-oop,1093,2524,7.197,2.309,4.343e-16,-,1
370,1,z:r2c,nat-oop,337,1026,23.433,3.047,2.967e-16,-,0
370,1,z:r2c,nat-oop,332,1027,23.805,3.097,2.967e-16,-,1
371,1,z:r2c,nat-oop,2430,3525,3.258,1.451,4.947e-16,-,0
371,1,z:r2c,nat-oop,2418,3525,3.274,1.458,4.947e-16,-,1
372,1,z:r2c,nat-oop,265,688,29.989,2.598,5.757e-16,-,0
372,1,z:r2c,nat-oop,265,689,29.993,2.603,5.757e-16,-,1
373,1,z:r2c,nat-oop,2289,2725,3.480,1.190,5.769e-16,-,0
373,1,z:r2c,nat-oop,2233,2739,3.568,1.227,5.769e-16,-,1
374,1,z:r2c,nat-oop,258,528,30.975,2.047,4.775e-16,-,0
374,1,z:r2c,nat-oop,250,528,31.951,2.110,4.775e-16,-,1
375,1,z:r2c,nat-oop,466,475,17.220,1.020,3.930e-16,-,0
375,1,z:r2c,nat-oop,450,467,17.814,1.037,3.930e-16,-,1
376,1,z:r2c,nat-oop,335,1094,24.000,3.265,4.854e-16,-,0
376,1,z:r2c,nat-oop,334,1096,24.046,3.278,4.854e-16,-,1
377,1,z:r2c,nat-oop,852,1801,9.462,2.112,8.568e-16,-,0
377,1,z:r2c,nat-oop,694,1803,11.628,2.600,8.568e-16,-,1
378,1,z:r2c,nat-oop,220,302,36.731,1.372,5.462e-16,-,0
378,1,z:r2c,nat-oop,218,303,37.109,1.392,5.462e-16,-,1
379,1,z:r2c,nat-oop,1799,2829,4.513,1.573,7.822e-16,-,0
379,1,z:r2c,nat-oop,1784,2817,4.549,1.579,7.822e-16,-,1
380,1,z:r2c,nat-oop,219,518,37.239,2.370,4.833e-16,-,0
380,1,z:r2c,nat-oop,224,518,36.319,2.312,4.833e-16,-,1
381,1,z:r2c,nat-oop,2303,2781,3.547,1.208,8.478e-16,-,0
381,1,z:r2c,nat-oop,2329,2834,3.506,1.217,8.478e-16,-,1
382,1,z:r2c,nat-oop,651,1354,12.583,2.081,8.263e-16,-,0
382,1,z:r2c,nat-oop,801,1354,10.223,1.690,8.263e-16,-,1
383,1,z:r2c,nat-oop,2412,2739,3.406,1.136,4.891e-16,-,0
383,1,z:r2c,nat-oop,2385,2733,3.445,1.146,4.891e-16,-,1
384,1,z:r2c,nat-oop,160,258,51.362,1.611,3.256e-16,-,0
384,1,z:r2c,nat-oop,160,259,51.402,1.613,3.256e-16,-,1
385,1,z:r2c,nat-oop,447,523,18.475,1.169,3.733e-16,-,0
385,1,z:r2c,nat-oop,472,523,17.532,1.109,3.733e-16,-,1
386,1,z:r2c,nat-oop,530,1370,15.633,2.582,7.271e-16,-,0
386,1,z:r2c,nat-oop,533,1367,15.562,2.566,7.271e-16,-,1
387,1,z:r2c,nat-oop,692,2828,12.020,4.086,6.184e-16,-,0
387,1,z:r2c,nat-oop,692,2828,12.018,4.086,6.184e-16,-,1
388,1,z:r2c,nat-oop,1042,2653,8.006,2.547,4.652e-16,-,0
388,1,z:r2c,nat-oop,1041,2650,8.010,2.545,4.652e-16,-,1
389,1,z:r2c,nat-oop,2314,3185,3.616,1.377,6.239e-16,-,0
389,1,z:r2c,nat-oop,2335,3178,3.583,1.361,6.239e-16,-,1
390,1,z:r2c,nat-oop,229,310,36.638,1.354,4.827e-16,-,0
390,1,z:r2c,nat-oop,228,309,36.795,1.354,4.827e-16,-,1
391,1,z:r2c,nat-oop,594,1975,14.171,3.325,7.332e-16,-,0
391,1,z:r2c,nat-oop,617,1946,13.645,3.154,7.332e-16,-,1
392,1,z:r2c,nat-oop,217,303,38.877,1.395,3.433e-16,-,0
392,1,z:r2c,nat-oop,217,303,38.870,1.394,3.433e-16,-,1
393,1,z:r2c,nat-oop,2449,3184,3.458,1.300,5.951e-16,-,0
393,1,z:r2c,nat-oop,2375,3188,3.566,1.343,5.951e-16,-,1
394,1,z:r2c,nat-oop,641,1378,13.240,2.148,7.343e-16,-,0
394,1,z:r2c,nat-oop,641,1377,13.243,2.147,7.343e-16,-,1
395,1,z:r2c,nat-oop,2267,6145,3.757,2.711,5.190e-16,-,0
395,1,z:r2c,nat-oop,2280,6146,3.737,2.696,5.190e-16,-,1
396,1,z:r2c,nat-oop,299,310,28.549,1.036,6.668e-16,-,0
396,1,z:r2c,nat-oop,224,310,38.152,1.386,6.668e-16,-,1
397,1,z:r2c,nat-oop,1624,3189,5.275,1.964,6.215e-16,-,0
397,1,z:r2c,nat-oop,1572,3196,5.451,2.033,6.215e-16,-,1
398,1,z:r2c,nat-oop,677,1376,12.686,2.032,7.827e-16,-,0
398,1,z:r2c,nat-oop,677,1377,12.702,2.035,7.827e-16,-,1
399,1,z:r2c,nat-oop,581,1286,14.846,2.216,4.362e-16,-,0
399,1,z:r2c,nat-oop,616,1285,13.991,2.086,4.362e-16,-,1
400,1,z:r2c,nat-oop,192,302,45.046,1.574,3.712e-16,-,0
400,1,z:r2c,nat-oop,192,301,45.046,1.571,3.712e-16,-,1
401,1,z:r2c,nat-oop,1460,2631,5.937,1.802,9.427e-16,-,0
401,1,z:r2c,nat-oop,1442,2644,6.011,1.833,9.427e-16,-,1
402,1,z:r2c,nat-oop,1108,2336,7.845,2.108,3.670e-16,-,0
402,1,z:r2c,nat-oop,1058,2334,8.221,2.207,3.670e-16,-,1
403,1,z:r2c,nat-oop,813,2076,10.730,2.554,5.531e-16,-,0
403,1,z:r2c,nat-oop,793,2078,11.000,2.621,5.531e-16,-,1
404,1,z:r2c,nat-oop,1030,2910,8.487,2.824,4.601e-16,-,0
404,1,z:r2c,nat-oop,1159,2902,7.547,2.505,4.601e-16,-,1
405,1,z:r2c,nat-oop,508,517,17.279,1.019,4.128e-16,-,0
405,1,z:r2c,nat-oop,557,517,15.758,0.929,4.128e-16,-,1
406,1,z:r2c,nat-oop,315,865,27.964,2.751,4.605e-16,-,0
406,1,z:r2c,nat-oop,313,866,28.075,2.765,4.605e-16,-,1
407,1,z:r2c,nat-oop,674,2478,13.087,3.677,4.379e-16,-,0
407,1,z:r2c,nat-oop,692,2476,12.749,3.579,4.379e-16,-,1
408,1,z:r2c,nat-oop,262,518,33.811,1.981,4.983e-16,-,0
408,1,z:r2c,nat-oop,247,518,35.861,2.102,4.983e-16,-,1
409,1,z:r2c,nat-oop,1767,2661,5.020,1.506,8.973e-16,-,0
409,1,z:r2c,nat-oop,1734,2666,5.116,1.537,8.973e-16,-,1
410,1,z:r2c,nat-oop,381,1309,23.368,3.439,4.280e-16,-,0
410,1,z:r2c,nat-oop,382,1309,23.286,3.425,4.280e-16,-,1
411,1,z:r2c,nat-oop,2432,2638,3.669,1.085,8.909e-16,-,0
411,1,z:r2c,nat-oop,2422,2640,3.683,1.090,8.909e-16,-,1
412,1,z:r2c,nat-oop,1105,2980,8.100,2.698,4.473e-16,-,0
412,1,z:r2c,nat-oop,1077,2983,8.307,2.769,4.473e-16,-,1
413,1,z:r2c,nat-oop,2352,4514,3.816,1.919,4.503e-16,-,0
413,1,z:r2c,nat-oop,2357,4515,3.807,1.916,4.503e-16,-,1
414,1,z:r2c,nat-oop,324,713,27.759,2.200,5.187e-16,-,0
414,1,z:r2c,nat-oop,325,713,27.682,2.193,5.187e-16,-,1
415,1,z:r2c,nat-oop,2405,6851,3.752,2.849,5.011e-16,-,0
415,1,z:r2c,nat-oop,2404,6848,3.753,2.848,5.011e-16,-,1
416,1,z:r2c,nat-oop,200,287,45.344,1.439,4.215e-16,-,0
416,1,z:r2c,nat-oop,199,288,45.394,1.442,4.215e-16,-,1
417,1,z:r2c,nat-oop,2451,2661,3.702,1.086,9.514e-16,-,0
417,1,z:r2c,nat-oop,2732,2665,3.322,0.975,9.514e-16,-,1
418,1,z:r2c,nat-oop,270,612,33.706,2.266,5.355e-16,-,0
418,1,z:r2c,nat-oop,275,616,33.133,2.243,5.355e-16,-,1
419,1,z:r2c,nat-oop,2358,2654,3.869,1.125,6.445e-16,-,0
419,1,z:r2c,nat-oop,2269,2657,4.021,1.171,6.445e-16,-,1
420,1,z:r2c,nat-oop,219,307,41.724,1.402,3.923e-16,-,0
420,1,z:r2c,nat-oop,220,308,41.580,1.398,3.923e-16,-,1
421,1,z:r2c,nat-oop,1976,2682,4.643,1.357,9.651e-16,-,0
421,1,z:r2c,nat-oop,2002,2722,4.583,1.360,9.651e-16,-,1
422,1,z:r2c,nat-oop,747,1317,12.317,1.763,7.875e-16,-,0
422,1,z:r2c,nat-oop,748,1316,12.301,1.759,7.875e-16,-,1
423,1,z:r2c,nat-oop,939,3493,9.823,3.719,5.473e-16,-,0
423,1,z:r2c,nat-oop,924,3492,9.983,3.779,5.473e-16,-,1
424,1,z:r2c,nat-oop,1078,1418,8.583,1.315,6.628e-16,-,0
424,1,z:r2c,nat-oop,1099,1415,8.417,1.288,6.628e-16,-,1
425,1,z:r2c,nat-oop,528,1257,17.579,2.383,5.846e-16,-,0
425,1,z:r2c,nat-oop,522,1241,17.757,2.376,5.846e-16,-,1
426,1,z:r2c,nat-oop,1048,2647,8.874,2.525,5.041e-16,-,0
426,1,z:r2c,nat-oop,1056,2647,8.809,2.507,5.041e-16,-,1
427,1,z:r2c,nat-oop,2341,4861,3.984,2.076,4.214e-16,-,0
427,1,z:r2c,nat-oop,2300,4860,4.056,2.113,4.214e-16,-,1
428,1,z:r2c,nat-oop,1071,3235,8.737,3.022,6.651e-16,-,0
428,1,z:r2c,nat-oop,1083,3232,8.634,2.984,6.651e-16,-,1
429,1,z:r2c,nat-oop,596,595,15.732,0.998,6.989e-16,-,0
429,1,z:r2c,nat-oop,593,595,15.819,1.003,6.989e-16,-,1
430,1,z:r2c,nat-oop,423,1440,22.224,3.402,4.078e-16,-,0
430,1,z:r2c,nat-oop,423,1440,22.232,3.404,4.078e-16,-,1
431,1,z:r2c,nat-oop,2358,2663,3.999,1.129,7.298e-16,-,0
431,1,z:r2c,nat-oop,2375,2663,3.970,1.121,7.298e-16,-,1
432,1,z:r2c,nat-oop,217,336,43.479,1.544,4.778e-16,-,0
432,1,z:r2c,nat-oop,217,336,43.638,1.550,4.778e-16,-,1
433,1,z:r2c,nat-oop,1633,2683,5.806,1.643,6.151e-16,-,0
433,1,z:r2c,nat-oop,1607,2701,5.900,1.681,6.151e-16,-,1
434,1,z:r2c,nat-oop,416,975,22.878,2.347,4.209e-16,-,0
434,1,z:r2c,nat-oop,518,975,18.359,1.883,4.209e-16,-,1
435,1,z:r2c,nat-oop,712,2059,13.384,2.892,4.791e-16,-,0
435,1,z:r2c,nat-oop,653,2058,14.603,3.153,4.791e-16,-,1
436,1,z:r2c,nat-oop,1175,3432,8.131,2.920,4.692e-16,-,0
436,1,z:r2c,nat-oop,1063,3431,8.991,3.228,4.692e-16,-,1
437,1,z:r2c,nat-oop,691,2221,13.866,3.214,5.092e-16,-,0
437,1,z:r2c,nat-oop,718,2234,13.341,3.110,5.092e-16,-,1
438,1,z:r2c,nat-oop,1198,2844,8.019,2.373,3.666e-16,-,0
438,1,z:r2c,nat-oop,1087,2841,8.835,2.612,3.666e-16,-,1
439,1,z:r2c,nat-oop,2346,2693,4.107,1.148,6.880e-16,-,0
439,1,z:r2c,nat-oop,2373,2691,4.060,1.134,6.880e-16,-,1
440,1,z:r2c,nat-oop,248,342,38.968,1.378,2.984e-16,-,0
440,1,z:r2c,nat-oop,247,342,39.072,1.382,2.984e-16,-,1
441,1,z:r2c,nat-oop,668,576,14.496,0.862,6.318e-16,-,0
441,1,z:r2c,nat-oop,626,581,15.473,0.928,6.318e-16,-,1
442,1,z:r2c,nat-oop,287,638,33.850,2.224,5.878e-16,-,0
442,1,z:r2c,nat-oop,286,638,34.004,2.232,5.878e-16,-,1
443,1,z:r2c,nat-oop,2380,2692,4.091,1.131,5.976e-16,-,0
443,1,z:r2c,nat-oop,2291,2675,4.250,1.168,5.976e-16,-,1
444,1,z:r2c,nat-oop,343,976,28.492,2.849,4.946e-16,-,0
444,1,z:r2c,nat-oop,342,976,28.507,2.850,4.946e-16,-,1
445,1,z:r2c,nat-oop,2448,7922,3.998,3.236,4.918e-16,-,0
445,1,z:r2c,nat-oop,2611,7924,3.748,3.035,4.918e-16,-,1
446,1,z:r2c,nat-oop,1079,1334,9.097,1.236,1.042e-15,-,0
446,1,z:r2c,nat-oop,1072,1328,9.156,1.239,1.042e-15,-,1
447,1,z:r2c,nat-oop,2345,2699,4.195,1.151,6.301e-16,-,0
447,1,z:r2c,nat-oop,2344,2694,4.197,1.149,6.301e-16,-,1
448,1,z:r2c,nat-oop,202,317,48.729,1.566,2.928e-16,-,0
448,1,z:r2c,nat-oop,203,317,48.538,1.561,2.928e-16,-,1
449,1,z:r2c,nat-oop,1565,2719,6.320,1.738,7.907e-16,-,0
449,1,z:r2c,nat-oop,1575,2718,6.280,1.726,7.907e-16,-,1
450,1,z:r2c,nat-oop,258,355,38.495,1.380,3.520e-16,-,0
450,1,z:r2c,nat-oop,256,359,38.673,1.401,3.520e-16,-,1
451,1,z:r2c,nat-oop,1696,3057,5.861,1.803,4.434e-16,-,0
451,1,z:r2c,nat-oop,1285,3059,7.738,2.381,4.434e-16,-,1
452,1,z:r2c,nat-oop,1078,3702,9.246,3.434,4.329e-16,-,0
452,1,z:r2c,nat-oop,1070,3702,9.315,3.460,4.329e-16,-,1
453,1,z:r2c,nat-oop,2377,2733,4.204,1.150,6.699e-16,-,0
453,1,z:r2c,nat-oop,2333,2717,4.282,1.165,6.699e-16,-,1
454,1,z:r2c,nat-oop,1067,1338,9.387,1.253,6.424e-16,-,0
454,1,z:r2c,nat-oop,1054,1337,9.502,1.268,6.424e-16,-,1
455,1,z:r2c,nat-oop,677,616,14.844,0.910,4.588e-16,-,0
455,1,z:r2c,nat-oop,643,618,15.616,0.961,4.588e-16,-,1
456,1,z:r2c,nat-oop,303,614,33.187,2.024,4.978e-16,-,0
456,1,z:r2c,nat-oop,306,615,32.944,2.011,4.978e-16,-,1
457,1,z:r2c,nat-oop,2036,2723,4.959,1.338,1.343e-15,-,0
457,1,z:r2c,nat-oop,2116,2717,4.771,1.284,1.343e-15,-,1
458,1,z:r2c,nat-oop,802,1341,12.616,1.672,8.846e-16,-,0
458,1,z:r2c,nat-oop,821,1340,12.334,1.633,8.846e-16,-,1
459,1,z:r2c,nat-oop,780,1351,13.005,1.731,5.473e-16,-,0
459,1,z:r2c,nat-oop,777,1350,13.051,1.736,5.473e-16,-,1
460,1,z:r2c,nat-oop,303,725,33.573,2.393,5.173e-16,-,0
460,1,z:r2c,nat-oop,303,725,33.588,2.395,5.173e-16,-,1
461,1,z:r2c,nat-oop,2375,2745,4.294,1.156,5.560e-16,-,0
461,1,z:r2c,nat-oop,2367,2734,4.309,1.155,5.560e-16,-,1
462,1,z:r2c,nat-oop,279,363,36.681,1.302,4.640e-16,-,0
462,1,z:r2c,nat-oop,275,361,37.148,1.312,4.640e-16,-,1
463,1,z:r2c,nat-oop,1938,2713,5.290,1.400,6.481e-16,-,0
463,1,z:r2c,nat-oop,2000,2715,5.126,1.358,6.481e-16,-,1
464,1,z:r2c,nat-oop,402,834,25.586,2.077,5.750e-16,-,0
464,1,z:r2c,nat-oop,418,834,24.557,1.993,5.750e-16,-,1
465,1,z:r2c,nat-oop,898,2381,11.476,2.652,4.014e-16,-,0
465,1,z:r2c,nat-oop,1195,2412,8.618,2.018,4.014e-16,-,1
466,1,z:r2c,nat-oop,1375,1350,7.511,0.982,6.719e-16,-,0
466,1,z:r2c,nat-oop,1058,1350,9.758,1.276,6.719e-16,-,1
467,1,z:r2c,nat-oop,2399,2732,4.316,1.139,7.886e-16,-,0
467,1,z:r2c,nat-oop,2867,2714,3.610,0.947,7.886e-16,-,1
468,1,z:r2c,nat-oop,282,372,36.745,1.317,7.536e-16,-,0
468,1,z:r2c,nat-oop,288,372,36.027,1.291,7.536e-16,-,1
469,1,z:r2c,nat-oop,2436,6004,4.272,2.465,4.886e-16,-,0
469,1,z:r2c,nat-oop,2468,5997,4.216,2.430,4.886e-16,-,1
470,1,z:r2c,nat-oop,520,1758,20.056,3.381,4.591e-16,-,0
470,1,z:r2c,nat-oop,530,1755,19.689,3.312,4.591e-16,-,1
471,1,z:r2c,nat-oop,2325,2729,4.496,1.173,6.341e-16,-,0
471,1,z:r2c,nat-oop,2409,2739,4.341,1.137,6.341e-16,-,1
472,1,z:r2c,nat-oop,1106,1768,9.477,1.599,5.998e-16,-,0
472,1,z:r2c,nat-oop,1102,1768,9.514,1.605,5.998e-16,-,1
473,1,z:r2c,nat-oop,912,3433,11.515,3.763,5.197e-16,-,0
473,1,z:r2c,nat-oop,889,3442,11.821,3.873,5.197e-16,-,1
474,1,z:r2c,nat-oop,1149,3372,9.166,2.934,5.175e-16,-,0
474,1,z:r2c,nat-oop,1080,3369,9.749,3.118,5.175e-16,-,1
475,1,z:r2c,nat-oop,617,1537,17.116,2.492,4.780e-16,-,0
475,1,z:r2c,nat-oop,612,1538,17.250,2.512,4.780e-16,-,1
476,1,z:r2c,nat-oop,406,663,26.073,1.633,9.882e-16,-,0
476,1,z:r2c,nat-oop,416,663,25.425,1.592,9.882e-16,-,1
477,1,z:r2c,nat-oop,2325,4604,4.564,1.980,4.406e-16,-,0
477,1,z:r2c,nat-oop,2408,4602,4.406,1.911,4.406e-16,-,1
478,1,z:r2c,nat-oop,1123,1352,9.475,1.204,7.579e-16,-,0
478,1,z:r2c,nat-oop,1106,1353,9.615,1.223,7.579e-16,-,1
479,1,z:r2c,nat-oop,2404,2749,4.436,1.144,8.013e-16,-,0
479,1,z:r2c,nat-oop,2400,2745,4.442,1.143,8.013e-16,-,1
480,1,z:r2c,nat-oop,251,350,42.589,1.395,5.316e-16,-,0
480,1,z:r2c,nat-oop,244,345,43.844,1.415,5.316e-16,-,1
481,1,z:r2c,nat-oop,1011,2990,10.597,2.957,5.494e-16,-,0
481,1,z:r2c,nat-oop,859,2992,12.479,3.485,5.494e-16,-,1
482,1,z:r2c,nat-oop,720,1357,14.910,1.884,7.017e-16,-,0
482,1,z:r2c,nat-oop,725,1360,14.821,1.876,7.017e-16,-,1
483,1,z:r2c,nat-oop,868,1868,12.408,2.153,4.203e-16,-,0
483,1,z:r2c,nat-oop,846,1875,12.725,2.216,4.203e-16,-,1
484,1,z:r2c,nat-oop,400,462,26.988,1.155,4.974e-16,-,0
484,1,z:r2c,nat-oop,388,461,27.804,1.188,4.974e-16,-,1
485,1,z:r2c,nat-oop,2330,2772,4.643,1.190,8.297e-16,-,0
485,1,z:r2c,nat-oop,2330,2767,4.644,1.188,8.297e-16,-,1
486,1,z:r2c,nat-oop,295,395,36.800,1.342,4.833e-16,-,0
486,1,z:r2c,nat-oop,280,392,38.690,1.399,4.833e-16,-,1
487,1,z:r2c,nat-oop,2416,2735,4.499,1.132,6.792e-16,-,0
487,1,z:r2c,nat-oop,2439,2759,4.456,1.131,6.792e-16,-,1
488,1,z:r2c,nat-oop,1406,1921,7.748,1.366,5.858e-16,-,0
488,1,z:r2c,nat-oop,1078,1923,10.109,1.784,5.858e-16,-,1
489,1,z:r2c,nat-oop,2412,2759,4.527,1.144,4.686e-16,-,0
489,1,z:r2c,nat-oop,2397,2777,4.556,1.158,4.686e-16,-,1
490,1,z:r2c,nat-oop,291,379,37.557,1.300,5.345e-16,-,0
490,1,z:r2c,nat-oop,291,378,37.576,1.298,5.345e-16,-,1
491,1,z:r2c,nat-oop,2082,2753,5.270,1.322,6.182e-16,-,0
491,1,z:r2c,nat-oop,2061,2742,5.326,1.331,6.182e-16,-,1
492,1,z:r2c,nat-oop,403,1204,27.303,2.988,4.405e-16,-,0
492,1,z:r2c,nat-oop,403,1204,27.278,2.985,4.405e-16,-,1
493,1,z:r2c,nat-oop,864,2915,12.767,3.376,6.967e-16,-,0
493,1,z:r2c,nat-oop,863,2912,12.769,3.373,6.967e-16,-,1
494,1,z:r2c,nat-oop,335,749,32.992,2.237,6.135e-16,-,0
494,1,z:r2c,nat-oop,360,752,30.678,2.088,6.135e-16,-,1
495,1,z:r2c,nat-oop,673,697,16.469,1.036,4.566e-16,-,0
495,1,z:r2c,nat-oop,667,692,16.608,1.038,4.566e-16,-,1
496,1,z:r2c,nat-oop,442,933,25.099,2.109,5.851e-16,-,0
496,1,z:r2c,nat-oop,442,933,25.116,2.110,5.851e-16,-,1
497,1,z:r2c,nat-oop,2396,6823,4.646,2.848,6.031e-16,-,0
497,1,z:r2c,nat-oop,2367,6821,4.701,2.881,6.031e-16,-,1
498,1,z:r2c,nat-oop,1123,3833,9.934,3.414,5.705e-16,-,0
498,1,z:r2c,nat-oop,1117,3832,9.983,3.429,5.705e-16,-,1
499,1,z:r2c,nat-oop,2369,2759,4.720,1.164,7.874e-16,-,0
499,1,z:r2c,nat-oop,2353,2766,4.752,1.176,7.874e-16,-,1
500,1,z:r2c,nat-oop,254,409,44.081,1.610,4.860e-16,-,0
500,1,z:r2c,nat-oop,254,409,44.153,1.610,4.860e-16,-,1
501,1,z:r2c,nat-oop,2411,2778,4.660,1.152,7.955e-16,-,0
501,1,z:r2c,nat-oop,2444,2784,4.596,1.139,7.955e-16,-,1
502,1,z:r2c,nat-oop,774,1374,14.549,1.775,6.795e-16,-,0
502,1,z:r2c,nat-oop,765,1373,14.723,1.795,6.795e-16,-,1
503,1,z:r2c,nat-oop,2344,2768,4.814,1.181,7.718e-16,-,0
503,1,z:r2c,nat-oop,2393,2754,4.715,1.151,7.718e-16,-,1
504,1,z:r2c,nat-oop,277,387,40.872,1.397,4.278e-16,-,0
504,1,z:r2c,nat-oop,277,405,40.844,1.464,4.278e-16,-,1
505,1,z:r2c,nat-oop,2460,2767,4.609,1.125,6.076e-16,-,0
505,1,z:r2c,nat-oop,2367,2782,4.790,1.176,6.076e-16,-,1
506,1,z:r2c,nat-oop,375,875,30.335,2.336,5.589e-16,-,0
506,1,z:r2c,nat-oop,360,867,31.597,2.410,5.589e-16,-,1
507,1,z:r2c,nat-oop,906,783,12.569,0.864,7.700e-16,-,0
507,1,z:r2c,nat-oop,870,782,13.095,0.899,7.700e-16,-,1
508,1,z:r2c,nat-oop,1115,4634,10.238,4.156,5.691e-16,-,0
508,1,z:r2c,nat-oop,1099,4633,10.391,4.218,5.691e-16,-,1
509,1,z:r2c,nat-oop,2498,2801,4.580,1.121,6.436e-16,-,0
509,1,z:r2c,nat-oop,2473,2785,4.626,1.126,6.436e-16,-,1
510,1,z:r2c,nat-oop,324,739,35.390,2.280,5.159e-16,-,0
510,1,z:r2c,nat-oop,332,739,34.593,2.228,5.159e-16,-,1
511,1,z:r2c,nat-oop,2430,7232,4.731,2.977,4.798e-16,-,0
511,1,z:r2c,nat-oop,2436,7225,4.718,2.966,4.798e-16,-,1
512,1,z:r2c,nat-oop,200,261,57.489,1.304,4.120e-16,-,0
512,1,z:r2c,nat-oop,201,260,57.382,1.298,4.120e-16,-,1
513,1,z:r2c,nat-oop,702,1730,16.453,2.465,7.353e-16,-,0
513,1,z:r2c,nat-oop,680,1728,16.976,2.541,7.353e-16,-,1
514,1,z:r2c,nat-oop,920,2180,12.574,2.369,6.606e-16,-,0
514,1,z:r2c,nat-oop,734,2177,15.756,2.964,6.606e-16,-,1
515,1,z:r2c,nat-oop,4981,4628,2.328,0.929,5.352e-16,-,0
515,1,z:r2c,nat-oop,5017,4631,2.312,0.923,5.352e-16,-,1
516,1,z:r2c,nat-oop,447,1326,26.010,2.967,4.439e-16,-,0
516,1,z:r2c,nat-oop,446,1329,26.059,2.980,4.439e-16,-,1
517,1,z:r2c,nat-oop,1158,4248,10.058,3.667,4.859e-16,-,0
517,1,z:r2c,nat-oop,1123,4252,10.370,3.785,4.859e-16,-,1
518,1,z:r2c,nat-oop,439,1449,26.584,3.298,3.488e-16,-,0
518,1,z:r2c,nat-oop,439,1445,26.574,3.288,3.488e-16,-,1
519,1,z:r2c,nat-oop,5054,4641,2.315,0.918,4.852e-16,-,0
519,1,z:r2c,nat-oop,5089,4711,2.300,0.926,4.852e-16,-,1
520,1,z:r2c,nat-oop,294,430,39.849,1.460,4.741e-16,-,0
520,1,z:r2c,nat-oop,296,404,39.586,1.364,4.741e-16,-,1
521,1,z:r2c,nat-oop,2168,4660,5.422,2.150,7.073e-16,-,0
521,1,z:r2c,nat-oop,2429,4648,4.840,1.914,7.073e-16,-,1
522,1,z:r2c,nat-oop,404,1165,29.175,2.884,5.246e-16,-,0
522,1,z:r2c,nat-oop,400,1171,29.426,2.925,5.246e-16,-,1
523,1,z:r2c,nat-oop,3562,4642,3.315,1.303,8.611e-16,-,0
523,1,z:r2c,nat-oop,3317,4634,3.560,1.397,8.611e-16,-,1
524,1,z:r2c,nat-oop,2185,4954,5.417,2.267,6.943e-16,-,0
524,1,z:r2c,nat-oop,2132,4956,5.549,2.324,6.943e-16,-,1
525,1,z:r2c,nat-oop,644,723,18.410,1.122,5.178e-16,-,0
525,1,z:r2c,nat-oop,650,723,18.234,1.111,5.178e-16,-,1
526,1,z:r2c,nat-oop,2152,2178,5.523,1.012,6.384e-16,-,0
526,1,z:r2c,nat-oop,2142,2181,5.549,1.018,6.384e-16,-,1
527,1,z:r2c,nat-oop,945,3301,12.607,3.493,4.720e-16,-,0
527,1,z:r2c,nat-oop,1192,3300,9.996,2.769,4.720e-16,-,1
528,1,z:r2c,nat-oop,293,421,40.685,1.435,4.539e-16,-,0
528,1,z:r2c,nat-oop,294,419,40.652,1.426,4.539e-16,-,1
529,1,z:r2c,nat-oop,1113,2883,10.753,2.591,5.360e-16,-,0
529,1,z:r2c,nat-oop,1017,2886,11.761,2.836,5.360e-16,-,1
530,1,z:r2c,nat-oop,2153,2338,5.569,1.086,5.667e-16,-,0
530,1,z:r2c,nat-oop,2207,2341,5.433,1.061,5.667e-16,-,1
531,1,z:r2c,nat-oop,4989,5874,2.409,1.177,3.991e-16,-,0
531,1,z:r2c,nat-oop,6324,5875,1.900,0.929,3.991e-16,-,1
532,1,z:r2c,nat-oop,483,788,24.918,1.629,5.942e-16,-,0
532,1,z:r2c,nat-oop,456,789,26.432,1.731,5.942e-16,-,1
533,1,z:r2c,nat-oop,994,3698,12.145,3.722,5.460e-16,-,0
533,1,z:r2c,nat-oop,1045,3702,11.554,3.544,5.460e-16,-,1
534,1,z:r2c,nat-oop,2134,4641,5.667,2.175,4.985e-16,-,0
534,1,z:r2c,nat-oop,2151,4644,5.622,2.159,4.985e-16,-,1
535,1,z:r2c,nat-oop,5128,4655,2.364,0.908,4.564e-16,-,0
535,1,z:r2c,nat-oop,4968,4650,2.440,0.936,4.564e-16,-,1
536,1,z:r2c,nat-oop,2285,2334,5.317,1.021,5.794e-16,-,0
536,1,z:r2c,nat-oop,2258,2336,5.379,1.034,5.794e-16,-,1
537,1,z:r2c,nat-oop,5074,4665,2.400,0.919,6.567e-16,-,0
537,1,z:r2c,nat-oop,5018,4671,2.426,0.931,6.567e-16,-,1
538,1,z:r2c,nat-oop,2204,2193,5.536,0.995,5.028e-16,-,0
538,1,z:r2c,nat-oop,2204,2201,5.536,0.998,5.028e-16,-,1
539,1,z:r2c,nat-oop,763,790,16.024,1.036,5.136e-16,-,0
539,1,z:r2c,nat-oop,790,792,15.473,1.002,5.136e-16,-,1
540,1,z:r2c,nat-oop,291,437,42.140,1.504,4.688e-16,-,0
540,1,z:r2c,nat-oop,291,437,42.144,1.503,4.688e-16,-,1
541,1,z:r2c,nat-oop,3019,4677,4.068,1.549,9.362e-16,-,0
541,1,z:r2c,nat-oop,3336,4673,3.681,1.401,9.362e-16,-,1
542,1,z:r2c,nat-oop,873,2195,14.089,2.512,6.366e-16,-,0
542,1,z:r2c,nat-oop,883,2196,13.940,2.487,6.366e-16,-,1
543,1,z:r2c,nat-oop,6087,4658,2.026,0.765,4.154e-16,-,0
543,1,z:r2c,nat-oop,5029,4662,2.452,0.927,4.154e-16,-,1
544,1,z:r2c,nat-oop,289,656,42.785,2.271,5.673e-16,-,0
544,1,z:r2c,nat-oop,411,680,30.064,1.653,5.673e-16,-,1
545,1,z:r2c,nat-oop,5201,4680,2.381,0.900,4.698e-16,-,0
545,1,z:r2c,nat-oop,5160,4683,2.400,0.908,4.698e-16,-,1
546,1,z:r2c,nat-oop,419,439,29.590,1.048,5.883e-16,-,0
546,1,z:r2c,nat-oop,349,439,35.572,1.259,5.883e-16,-,1
547,1,z:r2c,nat-oop,2433,4663,5.112,1.916,1.278e-15,-,0
547,1,z:r2c,nat-oop,2411,4658,5.160,1.932,1.278e-15,-,1
548,1,z:r2c,nat-oop,2297,5522,5.427,2.404,6.690e-16,-,0
548,1,z:r2c,nat-oop,2290,5524,5.442,2.412,6.690e-16,-,1
549,1,z:r2c,nat-oop,5010,6324,2.493,1.262,5.673e-16,-,0
549,1,z:r2c,nat-oop,5042,6320,2.477,1.253,5.673e-16,-,1
550,1,z:r2c,nat-oop,337,437,37.115,1.295,4.264e-16,-,0
550,1,z:r2c,nat-oop,334,436,37.468,1.304,4.264e-16,-,1
551,1,z:r2c,nat-oop,993,3319,12.630,3.342,4.528e-16,-,0
551,1,z:r2c,nat-oop,1076,3319,11.659,3.085,4.528e-16,-,1
552,1,z:r2c,nat-oop,357,864,35.214,2.422,6.421e-16,-,0
552,1,z:r2c,nat-oop,358,864,35.131,2.414,6.421e-16,-,1
553,1,z:r2c,nat-oop,5087,8617,2.476,1.694,4.805e-16,-,0
553,1,z:r2c,nat-oop,5033,8623,2.503,1.713,4.805e-16,-,1
554,1,z:r2c,nat-oop,1164,2203,10.842,1.892,7.408e-16,-,0
554,1,z:r2c,nat-oop,1072,2210,11.773,2.062,7.408e-16,-,1
555,1,z:r2c,nat-oop,961,3427,13.158,3.565,4.565e-16,-,0
555,1,z:r2c,nat-oop,999,3426,12.664,3.430,4.565e-16,-,1
556,1,z:r2c,nat-oop,2277,5588,5.566,2.453,5.649e-16,-,0
556,1,z:r2c,nat-oop,2350,5590,5.393,2.379,5.649e-16,-,1
557,1,z:r2c,nat-oop,4983,4691,2.549,0.941,6.145e-16,-,0
557,1,z:r2c,nat-oop,5043,4689,2.519,0.930,6.145e-16,-,1
558,1,z:r2c,nat-oop,696,1303,18.278,1.870,4.956e-16,-,0
558,1,z:r2c,nat-oop,708,1300,17.974,1.836,4.956e-16,-,1
559,1,z:r2c,nat-oop,1156,4145,11.035,3.586,4.988e-16,-,0
559,1,z:r2c,nat-oop,1132,4154,11.270,3.670,4.988e-16,-,1
560,1,z:r2c,nat-oop,281,415,45.483,1.477,4.473e-16,-,0
560,1,z:r2c,nat-oop,282,415,45.286,1.471,4.473e-16,-,1
561,1,z:r2c,nat-oop,957,1690,13.389,1.767,1.012e-15,-,0
561,1,z:r2c,nat-oop,939,1690,13.633,1.799,1.012e-15,-,1
562,1,z:r2c,nat-oop,911,2212,14.083,2.428,6.375e-16,-,0
562,1,z:r2c,nat-oop,915,2212,14.023,2.417,6.375e-16,-,1
563,1,z:r2c,nat-oop,5180,4684,2.483,0.904,6.863e-16,-,0
563,1,z:r2c,nat-oop,5232,4682,2.458,0.895,6.863e-16,-,1
564,1,z:r2c,nat-oop,510,1645,25.293,3.229,5.374e-16,-,0
564,1,z:r2c,nat-oop,511,1648,25.236,3.227,5.374e-16,-,1
565,1,z:r2c,nat-oop,5095,4706,2.534,0.924,5.788e-16,-,0
565,1,z:r2c,nat-oop,5028,4699,2.568,0.935,5.788e-16,-,1
566,1,z:r2c,nat-oop,2240,2223,5.778,0.993,4.973e-16,-,0
566,1,z:r2c,nat-oop,2273,2216,5.694,0.975,4.973e-16,-,1
567,1,z:r2c,nat-oop,718,792,18.054,1.103,5.952e-16,-,0
567,1,z:r2c,nat-oop,786,803,16.505,1.022,5.952e-16,-,1
568,1,z:r2c,nat-oop,2232,2653,5.821,1.189,5.305e-16,-,0
568,1,z:r2c,nat-oop,2221,2650,5.849,1.193,5.305e-16,-,1
569,1,z:r2c,nat-oop,5071,4712,2.568,0.929,4.400e-16,-,0
569,1,z:r2c,nat-oop,5030,4705,2.588,0.935,4.400e-16,-,1
570,1,z:r2c,nat-oop,592,864,22.024,1.459,4.772e-16,-,0
570,1,z:r2c,nat-oop,416,864,31.344,2.075,4.772e-16,-,1
571,1,z:r2c,nat-oop,2773,4689,4.715,1.691,6.311e-16,-,0
571,1,z:r2c,nat-oop,2846,4696,4.593,1.650,6.311e-16,-,1
572,1,z:r2c,nat-oop,480,552,27.301,1.151,8.120e-16,-,0
572,1,z:r2c,nat-oop,475,552,27.548,1.161,8.120e-16,-,1
573,1,z:r2c,nat-oop,5127,4712,2.560,0.919,7.241e-16,-,0
573,1,z:r2c,nat-oop,5100,4720,2.574,0.926,7.241e-16,-,1
574,1,z:r2c,nat-oop,545,1844,24.133,3.383,5.201e-16,-,0
574,1,z:r2c,nat-oop,525,1841,25.063,3.509,5.201e-16,-,1
575,1,z:r2c,nat-oop,1547,2262,8.518,1.462,5.370e-16,-,0
575,1,z:r2c,nat-oop,1146,2265,11.498,1.977,5.370e-16,-,1
576,1,z:r2c,nat-oop,285,449,46.393,1.578,5.101e-16,-,0
576,1,z:r2c,nat-oop,270,451,48.943,1.671,5.101e-16,-,1
577,1,z:r2c,nat-oop,2061,4869,6.421,2.363,9.589e-16,-,0
577,1,z:r2c,nat-oop,2054,4862,6.441,2.367,9.589e-16,-,1
578,1,z:r2c,nat-oop,415,1218,31.970,2.938,6.738e-16,-,0
578,1,z:r2c,nat-oop,413,1226,32.081,2.966,6.738e-16,-,1
579,1,z:r2c,nat-oop,7573,4931,1.754,0.651,3.800e-16,-,0
579,1,z:r2c,nat-oop,5099,4844,2.605,0.950,3.800e-16,-,1
580,1,z:r2c,nat-oop,404,1098,32.958,2.718,5.330e-16,-,0
580,1,z:r2c,nat-oop,404,1098,32.949,2.717,5.330e-16,-,1
581,1,z:r2c,nat-oop,5063,9612,2.634,1.898,5.172e-16,-,0
581,1,z:r2c,nat-oop,5073,9631,2.629,1.898,5.172e-16,-,1
582,1,z:r2c,nat-oop,2170,2518,6.159,1.160,6.708e-16,-,0
582,1,z:r2c,nat-oop,2157,2524,6.195,1.170,6.708e-16,-,1
583,1,z:r2c,nat-oop,5302,5619,2.526,1.060,4.102e-16,-,0
583,1,z:r2c,nat-oop,5186,5611,2.582,1.082,4.102e-16,-,1
584,1,z:r2c,nat-oop,2186,2843,6.139,1.301,5.629e-16,-,0
584,1,z:r2c,nat-oop,2183,2840,6.146,1.301,5.629e-16,-,1
585,1,z:r2c,nat-oop,950,867,14.149,0.912,6.732e-16,-,0
585,1,z:r2c,nat-oop,991,867,13.570,0.875,6.732e-16,-,1
586,1,z:r2c,nat-oop,2227,2524,6.047,1.133,3.829e-16,-,0
586,1,z:r2c,nat-oop,2230,2531,6.041,1.135,3.829e-16,-,1
587,1,z:r2c,nat-oop,5074,4856,2.660,0.957,5.103e-16,-,0
587,1,z:r2c,nat-oop,5144,4852,2.624,0.943,5.103e-16,-,1
588,1,z:r2c,nat-oop,333,458,40.626,1.376,2.704e-16,-,0
588,1,z:r2c,nat-oop,335,458,40.361,1.367,2.704e-16,-,1
589,1,z:r2c,nat-oop,1140,3761,11.883,3.298,5.192e-16,-,0
589,1,z:r2c,nat-oop,1138,3763,11.903,3.306,5.192e-16,-,1
590,1,z:r2c,nat-oop,2176,2926,6.240,1.345,5.324e-16,-,0
590,1,z:r2c,nat-oop,2226,2928,6.100,1.316,5.324e-16,-,1
591,1,z:r2c,nat-oop,5140,4858,2.646,0.945,6.014e-16,-,0
591,1,z:r2c,nat-oop,5249,4864,2.592,0.927,6.014e-16,-,1
592,1,z:r2c,nat-oop,446,1321,30.587,2.965,4.138e-16,-,0
592,1,z:r2c,nat-oop,445,1317,30.613,2.958,4.138e-16,-,1
593,1,z:r2c,nat-oop,3215,4882,4.248,1.519,7.993e-16,-,0
593,1,z:r2c,nat-oop,3961,4882,3.447,1.232,7.993e-16,-,1
594,1,z:r2c,nat-oop,380,510,35.991,1.342,4.964e-16,-,0
594,1,z:r2c,nat-oop,378,512,36.203,1.354,4.964e-16,-,1
595,1,z:r2c,nat-oop,1208,1776,11.346,1.470,5.560e-16,-,0
595,1,z:r2c,nat-oop,1133,1777,12.102,1.568,5.560e-16,-,1
596,1,z:r2c,nat-oop,2359,6620,5.824,2.807,6.328e-16,-,0
596,1,z:r2c,nat-oop,2260,6598,6.079,2.920,6.328e-16,-,1
597,1,z:r2c,nat-oop,5138,4891,2.679,0.952,6.627e-16,-,0
597,1,z:r2c,nat-oop,5157,4886,2.669,0.947,6.627e-16,-,1
598,1,z:r2c,nat-oop,432,1065,31.901,2.464,4.899e-16,-,0
598,1,z:r2c,nat-oop,437,1068,31.545,2.442,4.899e-16,-,1
599,1,z:r2c,nat-oop,5059,4870,2.731,0.963,6.031e-16,-,0
599,1,z:r2c,nat-oop,5061,4868,2.730,0.962,6.031e-16,-,1
600,1,z:r2c,nat-oop,325,475,42.587,1.462,5.262e-16,-,0
600,1,z:r2c,nat-oop,324,475,42.682,1.466,5.262e-16,-,1
601,1,z:r2c,nat-oop,3116,4887,4.452,1.568,8.944e-16,-,0
601,1,z:r2c,nat-oop,3251,4885,4.266,1.503,8.944e-16,-,1
602,1,z:r2c,nat-oop,580,2022,23.948,3.485,4.345e-16,-,0
602,1,z:r2c,nat-oop,583,2027,23.854,3.479,4.345e-16,-,1
603,1,z:r2c,nat-oop,5080,7790,2.741,1.534,4.069e-16,-,0
603,1,z:r2c,nat-oop,5027,7788,2.770,1.549,4.069e-16,-,1
604,1,z:r2c,nat-oop,2193,2539,6.361,1.158,6.524e-16,-,0
604,1,z:r2c,nat-oop,2215,2541,6.299,1.147,6.524e-16,-,1
605,1,z:r2c,nat-oop,908,918,15.397,1.011,5.714e-16,-,0
605,1,z:r2c,nat-oop,924,920,15.122,0.996,5.714e-16,-,1
606,1,z:r2c,nat-oop,2186,2544,6.405,1.164,6.204e-16,-,0
606,1,z:r2c,nat-oop,2192,2534,6.387,1.156,6.204e-16,-,1
607,1,z:r2c,nat-oop,5189,4878,2.704,0.940,6.735e-16,-,0
607,1,z:r2c,nat-oop,5085,4882,2.759,0.960,6.735e-16,-,1
608,1,z:r2c,nat-oop,380,784,36.953,2.062,2.512e-16,-,0
608,1,z:r2c,nat-oop,406,787,34.655,1.940,2.512e-16,-,1
609,1,z:r2c,nat-oop,1243,2923,11.327,2.351,4.787e-16,-,0
609,1,z:r2c,nat-oop,1236,2926,11.398,2.368,4.787e-16,-,1
610,1,z:r2c,nat-oop,2204,3206,6.402,1.454,5.057e-16,-,0
610,1,z:r2c,nat-oop,2193,3206,6.436,1.462,5.057e-16,-,1
611,1,z:r2c,nat-oop,1454,5098,9.725,3.507,6.247e-16,-,0
611,1,z:r2c,nat-oop,1450,5105,9.747,3.520,6.247e-16,-,1
612,1,z:r2c,nat-oop,395,806,35.875,2.042,4.888e-16,-,0
612,1,z:r2c,nat-oop,417,806,33.934,1.931,4.888e-16,-,1
613,1,z:r2c,nat-oop,3022,4906,4.696,1.623,7.651e-16,-,0
613,1,z:r2c,nat-oop,3036,4912,4.674,1.618,7.651e-16,-,1
614,1,z:r2c,nat-oop,1429,2540,9.946,1.777,9.292e-16,-,0
614,1,z:r2c,nat-oop,1319,2551,10.783,1.935,9.292e-16,-,1
615,1,z:r2c,nat-oop,1194,4228,11.926,3.540,5.537e-16,-,0
615,1,z:r2c,nat-oop,1175,4226,12.123,3.597,5.537e-16,-,1
616,1,z:r2c,nat-oop,356,510,40.134,1.435,3.606e-16,-,0
616,1,z:r2c,nat-oop,353,510,40.479,1.447,3.606e-16,-,1
617,1,z:r2c,nat-oop,2524,4902,5.665,1.942,5.986e-16,-,0
617,1,z:r2c,nat-oop,2558,4902,5.589,1.916,5.986e-16,-,1
618,1,z:r2c,nat-oop,2247,2548,6.375,1.134,4.644e-16,-,0
618,1,z:r2c,nat-oop,2251,2552,6.365,1.134,4.644e-16,-,1
619,1,z:r2c,nat-oop,5129,4885,2.798,0.952,5.436e-16,-,0
619,1,z:r2c,nat-oop,5116,4888,2.805,0.956,5.436e-16,-,1
620,1,z:r2c,nat-oop,460,1276,31.273,2.774,5.009e-16,-,0
620,1,z:r2c,nat-oop,460,1226,31.272,2.667,5.009e-16,-,1
621,1,z:r2c,nat-oop,922,2470,15.626,2.679,6.816e-16,-,0
621,1,z:r2c,nat-oop,946,2471,15.231,2.613,6.816e-16,-,1
622,1,z:r2c,nat-oop,1417,2549,10.184,1.799,8.865e-16,-,0
622,1,z:r2c,nat-oop,1413,2549,10.214,1.804,8.865e-16,-,1
623,1,z:r2c,nat-oop,5103,11123,2.834,2.180,5.202e-16,-,0
623,1,z:r2c,nat-oop,5109,11127,2.830,2.178,5.202e-16,-,1
624,1,z:r2c,nat-oop,354,495,40.930,1.398,6.689e-16,-,0
624,1,z:r2c,nat-oop,360,493,40.182,1.368,6.689e-16,-,1
625,1,z:r2c,nat-oop,896,886,16.205,0.989,4.357e-16,-,0
625,1,z:r2c,nat-oop,900,887,16.132,0.986,4.357e-16,-,1
626,1,z:r2c,nat-oop,1166,2557,12.467,2.193,8.186e-16,-,0
626,1,z:r2c,nat-oop,1181,2558,12.307,2.166,8.186e-16,-,1
627,1,z:r2c,nat-oop,1254,2096,11.615,1.671,6.275e-16,-,0
627,1,z:r2c,nat-oop,1161,2096,12.543,1.805,6.275e-16,-,1
628,1,z:r2c,nat-oop,2207,2557,6.613,1.159,5.335e-16,-,0
628,1,z:r2c,nat-oop,2174,2555,6.713,1.175,5.335e-16,-,1
629,1,z:r2c,nat-oop,1707,4612,8.562,2.701,6.918e-16,-,0
629,1,z:r2c,nat-oop,1693,4605,8.635,2.720,6.918e-16,-,1
630,1,z:r2c,nat-oop,373,519,39.268,1.391,5.321e-16,-,0
630,1,z:r2c,nat-oop,377,519,38.811,1.375,5.321e-16,-,1
631,1,z:r2c,nat-oop,3094,4905,4.743,1.586,7.470e-16,-,0
631,1,z:r2c,nat-oop,3259,4906,4.503,1.505,7.470e-16,-,1
632,1,z:r2c,nat-oop,2267,3340,6.484,1.474,4.470e-16,-,0
632,1,z:r2c,nat-oop,2270,3343,6.476,1.473,4.470e-16,-,1
633,1,z:r2c,nat-oop,5381,4937,2.737,0.917,4.898e-16,-,0
633,1,z:r2c,nat-oop,5333,4932,2.762,0.925,4.898e-16,-,1
634,1,z:r2c,nat-oop,2297,2563,6.424,1.116,5.387e-16,-,0
634,1,z:r2c,nat-oop,2248,2565,6.564,1.141,5.387e-16,-,1
635,1,z:r2c,nat-oop,5099,4910,2.899,0.963,4.187e-16,-,0
635,1,z:r2c,nat-oop,5099,4908,2.899,0.963,4.187e-16,-,1
636,1,z:r2c,nat-oop,2191,2131,6.760,0.973,4.336e-16,-,0
636,1,z:r2c,nat-oop,2184,2134,6.781,0.977,4.336e-16,-,1
637,1,z:r2c,nat-oop,1070,947,13.862,0.885,7.907e-16,-,0
637,1,z:r2c,nat-oop,1026,949,14.453,0.925,7.907e-16,-,1
638,1,z:r2c,nat-oop,504,1385,29.512,2.750,6.144e-16,-,0
638,1,z:r2c,nat-oop,505,1388,29.439,2.749,6.144e-16,-,1
639,1,z:r2c,nat-oop,5097,8848,2.921,1.736,4.840e-16,-,0
639,1,z:r2c,nat-oop,5110,8851,2.913,1.732,4.840e-16,-,1
640,1,z:r2c,nat-oop,279,450,53.375,1.609,3.487e-16,-,0
640,1,z:r2c,nat-oop,278,450,53.699,1.618,3.487e-16,-,1
641,1,z:r2c,nat-oop,2132,6310,7.008,2.959,9.216e-16,-,0
641,1,z:r2c,nat-oop,2052,6309,7.282,3.075,9.216e-16,-,1
642,1,z:r2c,nat-oop,2203,2790,6.794,1.266,5.291e-16,-,0
642,1,z:r2c,nat-oop,2248,2804,6.657,1.247,5.291e-16,-,1
643,1,z:r2c,nat-oop,5156,6293,2.908,1.221,6.193e-16,-,0
643,1,z:r2c,nat-oop,5189,6300,2.890,1.214,6.193e-16,-,1
644,1,z:r2c,nat-oop,601,1088,24.976,1.809,5.751e-16,-,0
644,1,z:r2c,nat-oop,611,1089,24.598,1.784,5.751e-16,-,1
645,1,z:r2c,nat-oop,1447,4752,10.404,3.285,5.419e-16,-,0
645,1,z:r2c,nat-oop,1311,4753,11.476,3.625,5.419e-16,-,1
646,1,z:r2c,nat-oop,493,1403,30.583,2.845,5.705e-16,-,0
646,1,z:r2c,nat-oop,504,1407,29.940,2.794,5.705e-16,-,1
647,1,z:r2c,nat-oop,5240,6294,2.883,1.201,6.579e-16,-,0
647,1,z:r2c,nat-oop,5082,6289,2.972,1.238,6.579e-16,-,1
648,1,z:r2c,nat-oop,356,538,42.466,1.510,3.710e-16,-,0
648,1,z:r2c,nat-oop,356,538,42.532,1.514,3.710e-16,-,1
649,1,z:r2c,nat-oop,5141,7163,2.948,1.393,3.194e-16,-,0
649,1,z:r2c,nat-oop,5094,7165,2.976,1.407,3.194e-16,-,1
650,1,z:r2c,nat-oop,405,537,37.482,1.326,5.813e-16,-,0
650,1,z:r2c,nat-oop,413,540,36.783,1.307,5.813e-16,-,1
651,1,z:r2c,nat-oop,1455,3355,10.457,2.307,6.027e-16,-,0
651,1,z:r2c,nat-oop,1501,3361,10.137,2.240,6.027e-16,-,1
652,1,z:r2c,nat-oop,2285,2802,6.667,1.226,5.680e-16,-,0
652,1,z:r2c,nat-oop,2334,2798,6.529,1.199,5.680e-16,-,1
653,1,z:r2c,nat-oop,5184,6326,2.945,1.220,6.547e-16,-,0
653,1,z:r2c,nat-oop,5104,6337,2.991,1.242,6.547e-16,-,1
654,1,z:r2c,nat-oop,2180,2794,7.014,1.281,4.224e-16,-,0
654,1,z:r2c,nat-oop,2198,2790,6.958,1.269,4.224e-16,-,1
655,1,z:r2c,nat-oop,5241,6294,2.923,1.201,7.194e-16,-,0
655,1,z:r2c,nat-oop,5123,6300,2.991,1.230,7.194e-16,-,1
656,1,z:r2c,nat-oop,552,1623,27.804,2.940,4.332e-16,-,0
656,1,z:r2c,nat-oop,554,1624,27.684,2.930,4.332e-16,-,1
657,1,z:r2c,nat-oop,5147,9362,2.987,1.819,4.585e-16,-,0
657,1,z:r2c,nat-oop,5119,9364,3.003,1.829,4.585e-16,-,1
658,1,z:r2c,nat-oop,671,2469,22.964,3.681,4.869e-16,-,0
658,1,z:r2c,nat-oop,677,2466,22.740,3.642,4.869e-16,-,1
659,1,z:r2c,nat-oop,5181,6314,2.977,1.219,5.625e-16,-,0
659,1,z:r2c,nat-oop,5035,6303,3.064,1.252,5.625e-16,-,1
660,1,z:r2c,nat-oop,387,529,39.904,1.365,4.303e-16,-,0
660,1,z:r2c,nat-oop,383,529,40.351,1.380,4.303e-16,-,1
661,1,z:r2c,nat-oop,3205,6338,4.830,1.977,6.958e-16,-,0
661,1,z:r2c,nat-oop,3234,6350,4.787,1.963,6.958e-16,-,1
662,1,z:r2c,nat-oop,1217,2805,12.745,2.306,9.856e-16,-,0
662,1,z:r2c,nat-oop,1351,2808,11.480,2.078,9.856e-16,-,1
663,1,z:r2c,nat-oop,1254,2086,12.384,1.663,1.182e-15,-,0
663,1,z:r2c,nat-oop,1289,2083,12.052,1.616,1.182e-15,-,1
664,1,z:r2c,nat-oop,2184,3711,7.124,1.699,4.836e-16,-,0
664,1,z:r2c,nat-oop,2233,3710,6.970,1.662,4.836e-16,-,1
665,1,z:r2c,nat-oop,1237,2217,12.604,1.792,6.150e-16,-,0
665,1,z:r2c,nat-oop,1131,2223,13.786,1.966,6.150e-16,-,1
666,1,z:r2c,nat-oop,582,1917,26.851,3.296,6.492e-16,-,0
666,1,z:r2c,nat-oop,581,1906,26.895,3.282,6.492e-16,-,1
667,1,z:r2c,nat-oop,2213,4255,7.069,1.923,5.080e-16,-,0
667,1,z:r2c,nat-oop,2034,4253,7.693,2.091,5.080e-16,-,1
668,1,z:r2c,nat-oop,2220,2820,7.059,1.270,5.922e-16,-,0
668,1,z:r2c,nat-oop,2187,2801,7.165,1.281,5.922e-16,-,1
669,1,z:r2c,nat-oop,5123,6352,3.064,1.240,5.459e-16,-,0
669,1,z:r2c,nat-oop,5142,6341,3.053,1.233,5.459e-16,-,1
670,1,z:r2c,nat-oop,2313,3907,6.798,1.689,5.078e-16,-,0
670,1,z:r2c,nat-oop,2418,3904,6.504,1.615,5.078e-16,-,1
671,1,z:r2c,nat-oop,5216,7727,3.020,1.481,5.659e-16,-,0
671,1,z:r2c,nat-oop,5341,7722,2.949,1.446,5.659e-16,-,1
672,1,z:r2c,nat-oop,331,482,47.655,1.457,3.570e-16,-,0
672,1,z:r2c,nat-oop,333,481,47.452,1.445,3.570e-16,-,1
673,1,z:r2c,nat-oop,2674,6345,5.911,2.373,4.352e-16,-,0
673,1,z:r2c,nat-oop,2702,6361,5.850,2.354,4.352e-16,-,1
674,1,z:r2c,nat-oop,1196,2829,13.238,2.366,7.826e-16,-,0
674,1,z:r2c,nat-oop,1156,2823,13.695,2.442,7.826e-16,-,1
675,1,z:r2c,nat-oop,936,954,16.944,1.019,4.319e-16,-,0
675,1,z:r2c,nat-oop,979,952,16.205,0.972,4.319e-16,-,1
676,1,z:r2c,nat-oop,579,684,27.461,1.182,1.103e-15,-,0
676,1,z:r2c,nat-oop,576,684,27.594,1.188,1.103e-15,-,1
677,1,z:r2c,nat-oop,3248,6361,4.899,1.958,7.362e-16,-,0
677,1,z:r2c,nat-oop,3240,6358,4.912,1.962,7.362e-16,-,1
678,1,z:r2c,nat-oop,2346,2810,6.795,1.198,7.892e-16,-,0
678,1,z:r2c,nat-oop,2306,2821,6.913,1.223,7.892e-16,-,1
679,1,z:r2c,nat-oop,5032,6329,3.174,1.258,5.863e-16,-,0
679,1,z:r2c,nat-oop,5141,6339,3.106,1.233,5.863e-16,-,1
680,1,z:r2c,nat-oop,494,884,32.382,1.789,5.957e-16,-,0
680,1,z:r2c,nat-oop,488,884,32.808,1.813,5.957e-16,-,1
681,1,z:r2c,nat-oop,5157,6354,3.107,1.232,5.406e-16,-,0
681,1,z:r2c,nat-oop,5174,6354,3.097,1.228,5.406e-16,-,1
682,1,z:r2c,nat-oop,571,1562,28.123,2.737,4.100e-16,-,0
682,1,z:r2c,nat-oop,571,1559,28.119,2.731,4.100e-16,-,1
683,1,z:r2c,nat-oop,5219,6324,3.081,1.212,4.207e-16,-,0
683,1,z:r2c,nat-oop,5103,6322,3.150,1.239,4.207e-16,-,1
684,1,z:r2c,nat-oop,511,953,31.496,1.865,5.846e-16,-,0
684,1,z:r2c,nat-oop,508,953,31.677,1.874,5.846e-16,-,1
685,1,z:r2c,nat-oop,5193,6357,3.107,1.224,6.503e-16,-,0
685,1,z:r2c,nat-oop,5175,6366,3.117,1.230,6.503e-16,-,1
686,1,z:r2c,nat-oop,433,535,37.326,1.236,4.488e-16,-,0
686,1,z:r2c,nat-oop,432,534,37.399,1.236,4.488e-16,-,1
687,1,z:r2c,nat-oop,5144,6327,3.147,1.230,7.847e-16,-,0
687,1,z:r2c,nat-oop,5115,6322,3.164,1.236,7.847e-16,-,1
688,1,z:r2c,nat-oop,574,1782,28.227,3.103,4.064e-16,-,0
688,1,z:r2c,nat-oop,575,1779,28.193,3.094,4.064e-16,-,1
689,1,z:r2c,nat-oop,5193,6719,3.127,1.294,5.053e-16,-,0
689,1,z:r2c,nat-oop,5286,6725,3.072,1.272,5.053e-16,-,1
690,1,z:r2c,nat-oop,511,1251,31.811,2.447,4.892e-16,-,0
690,1,z:r2c,nat-oop,512,1256,31.768,2.452,4.892e-16,-,1
691,1,z:r2c,nat-oop,3915,6335,4.162,1.618,7.391e-16,-,0
691,1,z:r2c,nat-oop,3699,6336,4.406,1.713,7.391e-16,-,1
692,1,z:r2c,nat-oop,2332,2840,6.998,1.218,5.643e-16,-,0
692,1,z:r2c,nat-oop,2288,2828,7.134,1.236,5.643e-16,-,1
693,1,z:r2c,nat-oop,1150,1055,14.217,0.917,1.106e-15,-,0
693,1,z:r2c,nat-oop,1076,1056,15.194,0.981,1.106e-15,-,1
694,1,z:r2c,nat-oop,2208,2822,7.418,1.278,5.803e-16,-,0
694,1,z:r2c,nat-oop,2227,2818,7.352,1.265,5.803e-16,-,1
695,1,z:r2c,nat-oop,5224,6348,3.140,1.215,5.880e-16,-,0
695,1,z:r2c,nat-oop,5250,6335,3.124,1.207,5.880e-16,-,1
696,1,z:r2c,nat-oop,519,1302,31.667,2.509,6.031e-16,-,0
696,1,z:r2c,nat-oop,501,1304,32.780,2.601,6.031e-16,-,1
697,1,z:r2c,nat-oop,1570,5589,10.485,3.561,7.986e-16,-,0
697,1,z:r2c,nat-oop,1545,5590,10.655,3.619,7.986e-16,-,1
698,1,z:r2c,nat-oop,1863,2841,8.847,1.525,9.512e-16,-,0
698,1,z:r2c,nat-oop,1613,2835,10.223,1.758,9.512e-16,-,1
699,1,z:r2c,nat-oop,5269,6327,3.134,1.201,7.158e-16,-,0
699,1,z:r2c,nat-oop,5307,6321,3.112,1.191,7.158e-16,-,1
700,1,z:r2c,nat-oop,372,576,44.488,1.550,4.634e-16,-,0
700,1,z:r2c,nat-oop,373,575,44.360,1.542,4.634e-16,-,1
701,1,z:r2c,nat-oop,4425,6373,3.744,1.440,7.835e-16,-,0
701,1,z:r2c,nat-oop,3840,6375,4.315,1.660,7.835e-16,-,1
702,1,z:r2c,nat-oop,446,615,37.232,1.381,5.932e-16,-,0
702,1,z:r2c,nat-oop,439,616,37.826,1.403,5.932e-16,-,1
703,1,z:r2c,nat-oop,1488,5244,11.169,3.524,5.605e-16,-,0
703,1,z:r2c,nat-oop,1418,5240,11.720,3.695,5.605e-16,-,1
704,1,z:r2c,nat-oop,344,567,48.371,1.648,3.183e-16,-,0
704,1,z:r2c,nat-oop,345,547,48.327,1.588,3.183e-16,-,1
705,1,z:r2c,nat-oop,1459,5850,11.432,4.011,5.761e-16,-,0
705,1,z:r2c,nat-oop,1458,5847,11.435,4.009,5.761e-16,-,1
706,1,z:r2c,nat-oop,1102,2840,15.152,2.576,5.585e-16,-,0
706,1,z:r2c,nat-oop,1112,2839,15.026,2.554,5.585e-16,-,1
707,1,z:r2c,nat-oop,5396,6351,3.101,1.177,5.406e-16,-,0
707,1,z:r2c,nat-oop,5596,6343,2.990,1.133,5.406e-16,-,1
708,1,z:r2c,nat-oop,2305,2667,7.270,1.157,5.266e-16,-,0
708,1,z:r2c,nat-oop,2352,2670,7.126,1.135,5.266e-16,-,1
709,1,z:r2c,nat-oop,5209,6382,3.222,1.225,6.473e-16,-,0
709,1,z:r2c,nat-oop,5233,6387,3.207,1.221,6.473e-16,-,1
710,1,z:r2c,nat-oop,2395,4439,7.021,1.854,5.426e-16,-,0
710,1,z:r2c,nat-oop,2226,4439,7.554,1.994,5.426e-16,-,1
711,1,z:r2c,nat-oop,5244,11159,3.211,2.128,5.289e-16,-,0
711,1,z:r2c,nat-oop,5134,11159,3.280,2.173,5.289e-16,-,1
712,1,z:r2c,nat-oop,2353,4455,7.168,1.893,4.384e-16,-,0
712,1,z:r2c,nat-oop,2354,4466,7.164,1.897,4.384e-16,-,1
713,1,z:r2c,nat-oop,1842,4814,9.173,2.614,4.865e-16,-,0
713,1,z:r2c,nat-oop,1841,4825,9.177,2.621,4.865e-16,-,1
714,1,z:r2c,nat-oop,478,1057,35.401,2.211,5.670e-16,-,0
714,1,z:r2c,nat-oop,477,1056,35.491,2.215,5.670e-16,-,1
715,1,z:r2c,nat-oop,1147,1076,14.773,0.938,5.545e-16,-,0
715,1,z:r2c,nat-oop,1265,1076,13.402,0.851,5.545e-16,-,1
716,1,z:r2c,nat-oop,2217,2846,7.656,1.283,6.088e-16,-,0
716,1,z:r2c,nat-oop,2302,2850,7.374,1.238,6.088e-16,-,1
717,1,z:r2c,nat-oop,5365,6396,3.169,1.192,8.259e-16,-,0
717,1,z:r2c,nat-oop,5400,6379,3.149,1.181,8.259e-16,-,1
718,1,z:r2c,nat-oop,2267,2849,7.512,1.256,5.955e-16,-,0
718,1,z:r2c,nat-oop,2347,2845,7.255,1.212,5.955e-16,-,1
719,1,z:r2c,nat-oop,5175,6348,3.296,1.227,6.047e-16,-,0
719,1,z:r2c,nat-oop,6696,6361,2.548,0.950,6.047e-16,-,1
720,1,z:r2c,nat-oop,387,579,44.123,1.496,3.830e-16,-,0
720,1,z:r2c,nat-oop,391,579,43.715,1.481,3.830e-16,-,1
721,1,z:r2c,nat-oop,6228,6445,2.748,1.035,4.471e-16,-,0
721,1,z:r2c,nat-oop,5522,6525,3.099,1.182,4.471e-16,-,1
722,1,z:r2c,nat-oop,599,1676,28.628,2.799,4.197e-16,-,0
722,1,z:r2c,nat-oop,576,1768,29.754,3.070,4.197e-16,-,1
723,1,z:r2c,nat-oop,8888,6498,1.931,0.731,4.964e-16,-,0
723,1,z:r2c,nat-oop,5655,6359,3.036,1.124,4.964e-16,-,1
724,1,z:r2c,nat-oop,3197,3026,5.379,0.947,5.620e-16,-,0
724,1,z:r2c,nat-oop,2218,2853,7.753,1.287,5.620e-16,-,1
725,1,z:r2c,nat-oop,1607,3576,10.714,2.225,4.506e-16,-,0
725,1,z:r2c,nat-oop,1785,3518,9.649,1.971,4.506e-16,-,1
726,1,z:r2c,nat-oop,465,599,37.103,1.288,3.660e-16,-,0
726,1,z:r2c,nat-oop,470,599,36.733,1.276,3.660e-16,-,1
727,1,z:r2c,nat-oop,3429,6461,5.038,1.884,6.558e-16,-,0
727,1,z:r2c,nat-oop,3401,6354,5.080,1.868,6.558e-16,-,1
728,1,z:r2c,nat-oop,439,608,39.424,1.385,5.175e-16,-,0
728,1,z:r2c,nat-oop,437,608,39.601,1.391,5.175e-16,-,1
729,1,z:r2c,nat-oop,1235,1091,14.028,0.883,6.186e-16,-,0
729,1,z:r2c,nat-oop,1049,1087,16.524,1.036,6.186e-16,-,1
730,1,z:r2c,nat-oop,2226,4758,7.798,2.137,6.704e-16,-,0
730,1,z:r2c,nat-oop,2280,4753,7.613,2.084,6.704e-16,-,1
731,1,z:r2c,nat-oop,1667,6191,10.431,3.715,5.121e-16,-,0
731,1,z:r2c,nat-oop,1635,6201,10.637,3.794,5.121e-16,-,1
732,1,z:r2c,nat-oop,2415,2900,7.211,1.201,4.928e-16,-,0
732,1,z:r2c,nat-oop,3092,2925,5.632,0.946,4.928e-16,-,1
733,1,z:r2c,nat-oop,5223,6404,3.340,1.226,4.880e-16,-,0
733,1,z:r2c,nat-oop,6498,6637,2.684,1.021,4.880e-16,-,1
734,1,z:r2c,nat-oop,2358,2855,7.407,1.211,5.642e-16,-,0
734,1,z:r2c,nat-oop,2294,2855,7.615,1.244,5.642e-16,-,1
735,1,z:r2c,nat-oop,1362,1048,12.849,0.770,5.183e-16,-,0
735,1,z:r2c,nat-oop,1380,1049,12.675,0.760,5.183e-16,-,1
736,1,z:r2c,nat-oop,521,1102,33.626,2.115,3.829e-16,-,0
736,1,z:r2c,nat-oop,526,1104,33.313,2.098,3.829e-16,-,1
737,1,z:r2c,nat-oop,5112,9502,3.433,1.859,5.017e-16,-,0
737,1,z:r2c,nat-oop,5167,9504,3.397,1.840,5.017e-16,-,1
738,1,z:r2c,nat-oop,692,2429,25.396,3.509,5.408e-16,-,0
738,1,z:r2c,nat-oop,688,2426,25.547,3.526,5.408e-16,-,1
739,1,z:r2c,nat-oop,6170,6431,2.854,1.042,6.059e-16,-,0
739,1,z:r2c,nat-oop,5126,6382,3.434,1.245,6.059e-16,-,1
740,1,z:r2c,nat-oop,577,1714,30.543,2.969,5.739e-16,-,0
740,1,z:r2c,nat-oop,573,1718,30.800,3.000,5.739e-16,-,1
741,1,z:r2c,nat-oop,1680,2576,10.514,1.534,6.885e-16,-,0
741,1,z:r2c,nat-oop,1622,2579,10.885,1.590,6.885e-16,-,1
742,1,z:r2c,nat-oop,2324,3291,7.612,1.416,3.875e-16,-,0
742,1,z:r2c,nat-oop,2319,3290,7.628,1.419,3.875e-16,-,1
743,1,z:r2c,nat-oop,5270,6395,3.361,1.213,5.081e-16,-,0
743,1,z:r2c,nat-oop,5256,6407,3.371,1.219,5.081e-16,-,1
744,1,z:r2c,nat-oop,725,1454,24.469,2.005,5.021e-16,-,0
744,1,z:r2c,nat-oop,763,1455,23.260,1.908,5.021e-16,-,1
745,1,z:r2c,nat-oop,5197,6411,3.419,1.234,7.638e-16,-,0
745,1,z:r2c,nat-oop,5140,6423,3.457,1.250,7.638e-16,-,1
746,1,z:r2c,nat-oop,2249,2892,7.915,1.286,6.156e-16,-,0
746,1,z:r2c,nat-oop,2506,2938,7.102,1.172,6.156e-16,-,1
747,1,z:r2c,nat-oop,5680,12414,3.138,2.185,5.294e-16,-,0
747,1,z:r2c,nat-oop,5439,12430,3.277,2.285,5.294e-16,-,1
748,1,z:r2c,nat-oop,647,1113,27.591,1.720,1.220e-15,-,0
748,1,z:r2c,nat-oop,651,1112,27.404,1.708,1.220e-15,-,1
749,1,z:r2c,nat-oop,10511,6552,1.701,0.623,5.449e-16,-,0
749,1,z:r2c,nat-oop,5304,6661,3.371,1.256,5.449e-16,-,1
750,1,z:r2c,nat-oop,441,617,40.598,1.400,4.370e-16,-,0
750,1,z:r2c,nat-oop,446,669,40.173,1.501,4.370e-16,-,1
751,1,z:r2c,nat-oop,5603,6392,3.201,1.141,5.230e-16,-,0
751,1,z:r2c,nat-oop,5361,6404,3.346,1.195,5.230e-16,-,1
752,1,z:r2c,nat-oop,687,2205,26.128,3.207,3.878e-16,-,0
752,1,z:r2c,nat-oop,701,2202,25.613,3.140,3.878e-16,-,1
753,1,z:r2c,nat-oop,5308,6433,3.389,1.212,6.445e-16,-,0
753,1,z:r2c,nat-oop,5354,6423,3.360,1.200,6.445e-16,-,1
754,1,z:r2c,nat-oop,628,1673,28.700,2.664,5.628e-16,-,0
754,1,z:r2c,nat-oop,648,1676,27.806,2.587,5.628e-16,-,1
755,1,z:r2c,nat-oop,5271,6395,3.423,1.213,6.413e-16,-,0
755,1,z:r2c,nat-oop,5270,6417,3.424,1.218,6.413e-16,-,1
756,1,z:r2c,nat-oop,451,608,40.113,1.349,5.128e-16,-,0
756,1,z:r2c,nat-oop,434,608,41.639,1.400,5.128e-16,-,1
757,1,z:r2c,nat-oop,5570,6441,3.250,1.156,9.760e-16,-,0
757,1,z:r2c,nat-oop,4441,8139,4.075,1.833,9.760e-16,-,1
758,1,z:r2c,nat-oop,2002,2874,9.053,1.435,8.873e-16,-,0
758,1,z:r2c,nat-oop,1800,2867,10.069,1.592,8.873e-16,-,1
759,1,z:r2c,nat-oop,1894,3011,9.583,1.589,8.299e-16,-,0
759,1,z:r2c,nat-oop,1737,3020,10.449,1.738,8.299e-16,-,1
760,1,z:r2c,nat-oop,612,1054,29.717,1.723,4.422e-16,-,0
760,1,z:r2c,nat-oop,509,1053,35.730,2.069,4.422e-16,-,1
761,1,z:r2c,nat-oop,3692,6439,4.933,1.744,1.214e-15,-,0
761,1,z:r2c,nat-oop,3701,6445,4.920,1.741,1.214e-15,-,1
762,1,z:r2c,nat-oop,2261,2883,8.066,1.275,7.106e-16,-,0
762,1,z:r2c,nat-oop,2327,2884,7.837,1.239,7.106e-16,-,1
763,1,z:r2c,nat-oop,5557,6415,3.287,1.154,6.570e-16,-,0
763,1,z:r2c,nat-oop,5204,6401,3.510,1.230,6.570e-16,-,1
764,1,z:r2c,nat-oop,2258,2887,8.101,1.278,3.979e-16,-,0
764,1,z:r2c,nat-oop,2319,2889,7.887,1.246,3.979e-16,-,1
765,1,z:r2c,nat-oop,1377,2360,13.306,1.714,6.650e-16,-,0
765,1,z:r2c,nat-oop,1392,2359,13.160,1.694,6.650e-16,-,1
766,1,z:r2c,nat-oop,2411,2879,7.611,1.194,6.443e-16,-,0
766,1,z:r2c,nat-oop,2352,2876,7.802,1.223,6.443e-16,-,1
767,1,z:r2c,nat-oop,9326,8597,1.970,0.922,4.130e-16,-,0
767,1,z:r2c,nat-oop,5311,8583,3.460,1.616,4.130e-16,-,1
768,1,z:r2c,nat-oop,335,592,54.966,1.768,3.074e-16,-,0
768,1,z:r2c,nat-oop,333,590,55.255,1.773,3.074e-16,-,1
769,1,z:r2c,nat-oop,2548,6407,7.232,2.514,9.220e-16,-,0
769,1,z:r2c,nat-oop,2495,6403,7.386,2.566,9.220e-16,-,1
770,1,z:r2c,nat-oop,475,630,38.854,1.327,4.384e-16,-,0
770,1,z:r2c,nat-oop,508,648,36.369,1.277,4.384e-16,-,1
771,1,z:r2c,nat-oop,5562,6662,3.324,1.198,5.324e-16,-,0
771,1,z:r2c,nat-oop,5255,6379,3.518,1.214,5.324e-16,-,1
772,1,z:r2c,nat-oop,2417,3321,7.661,1.374,5.473e-16,-,0
772,1,z:r2c,nat-oop,2386,3320,7.759,1.392,5.473e-16,-,1
773,1,z:r2c,nat-oop,5224,6407,3.549,1.226,7.539e-16,-,0
773,1,z:r2c,nat-oop,5147,6405,3.602,1.244,7.539e-16,-,1
774,1,z:r2c,nat-oop,725,2696,25.608,3.718,6.851e-16,-,0
774,1,z:r2c,nat-oop,741,2660,25.074,3.592,6.851e-16,-,1
775,1,z:r2c,nat-oop,1388,4026,13.394,2.900,4.437e-16,-,0
775,1,z:r2c,nat-oop,1399,4027,13.293,2.878,4.437e-16,-,1
776,1,z:r2c,nat-oop,2535,5369,7.346,2.118,4.255e-16,-,0
776,1,z:r2c,nat-oop,2304,5371,8.085,2.332,4.255e-16,-,1
777,1,z:r2c,nat-oop,1409,4839,13.237,3.434,3.987e-16,-,0
777,1,z:r2c,nat-oop,1482,4848,12.588,3.272,3.987e-16,-,1
778,1,z:r2c,nat-oop,2290,3328,8.155,1.453,7.322e-16,-,0
778,1,z:r2c,nat-oop,2271,3446,8.226,1.518,7.322e-16,-,1
779,1,z:r2c,nat-oop,1853,6327,10.093,3.414,5.965e-16,-,0
779,1,z:r2c,nat-oop,1747,6327,10.709,3.622,5.965e-16,-,1
780,1,z:r2c,nat-oop,473,632,39.606,1.337,6.275e-16,-,0
780,1,z:r2c,nat-oop,467,636,40.084,1.361,6.275e-16,-,1
781,1,z:r2c,nat-oop,5150,10810,3.643,2.099,5.362e-16,-,0
781,1,z:r2c,nat-oop,5153,10814,3.641,2.098,5.362e-16,-,1
782,1,z:r2c,nat-oop,646,1935,29.104,2.997,6.384e-16,-,0
782,1,z:r2c,nat-oop,636,1919,29.549,3.019,6.384e-16,-,1
783,1,z:r2c,nat-oop,1853,3850,10.156,2.078,6.432e-16,-,0
783,1,z:r2c,nat-oop,2026,3823,9.287,1.887,6.432e-16,-,1
784,1,z:r2c,nat-oop,434,589,43.457,1.357,3.573e-16,-,0
784,1,z:r2c,nat-oop,460,588,40.945,1.277,3.573e-16,-,1
785,1,z:r2c,nat-oop,5362,6416,3.520,1.197,6.441e-16,-,0
785,1,z:r2c,nat-oop,5347,6428,3.530,1.202,6.441e-16,-,1
786,1,z:r2c,nat-oop,2436,3326,7.760,1.366,6.143e-16,-,0
786,1,z:r2c,nat-oop,2378,3325,7.949,1.398,6.143e-16,-,1
787,1,z:r2c,nat-oop,6270,6719,3.019,1.072,5.378e-16,-,0
787,1,z:r2c,nat-oop,5518,6386,3.430,1.157,5.378e-16,-,1
788,1,z:r2c,nat-oop,2238,3343,8.470,1.494,7.473e-16,-,0
788,1,z:r2c,nat-oop,2295,3329,8.259,1.450,7.473e-16,-,1
789,1,z:r2c,nat-oop,5427,6426,3.498,1.184,9.315e-16,-,0
789,1,z:r2c,nat-oop,5333,6536,3.560,1.226,9.315e-16,-,1
790,1,z:r2c,nat-oop,2258,5652,8.420,2.503,4.733e-16,-,0
790,1,z:r2c,nat-oop,2272,5656,8.366,2.489,4.733e-16,-,1
791,1,z:r2c,nat-oop,5457,6385,3.489,1.170,5.519e-16,-,0
791,1,z:r2c,nat-oop,5272,6420,3.611,1.218,5.519e-16,-,1
792,1,z:r2c,nat-oop,485,668,39.317,1.377,6.358e-16,-,0
792,1,z:r2c,nat-oop,472,668,40.377,1.414,6.358e-16,-,1
793,1,z:r2c,nat-oop,5206,9228,3.668,1.773,4.973e-16,-,0
793,1,z:r2c,nat-oop,5250,9225,3.637,1.757,4.973e-16,-,1
794,1,z:r2c,nat-oop,1648,3336,11.605,2.025,8.668e-16,-,0
794,1,z:r2c,nat-oop,1650,3339,11.590,2.024,8.668e-16,-,1
795,1,z:r2c,nat-oop,6882,7713,2.782,1.121,6.135e-16,-,0
795,1,z:r2c,nat-oop,6288,7709,3.045,1.226,6.135e-16,-,1
796,1,z:r2c,nat-oop,2254,3390,8.510,1.504,6.388e-16,-,0
796,1,z:r2c,nat-oop,2265,3336,8.467,1.473,6.388e-16,-,1
797,1,z:r2c,nat-oop,5374,6427,3.574,1.196,5.815e-16,-,0
797,1,z:r2c,nat-oop,5304,6426,3.621,1.212,5.815e-16,-,1
798,1,z:r2c,nat-oop,623,1237,30.872,1.986,4.007e-16,-,0
798,1,z:r2c,nat-oop,597,1273,32.238,2.134,4.007e-16,-,1
799,1,z:r2c,nat-oop,1930,7550,9.982,3.913,4.871e-16,-,0
799,1,z:r2c,nat-oop,1930,7548,9.979,3.911,4.871e-16,-,1
800,1,z:r2c,nat-oop,409,596,47.165,1.457,4.062e-16,-,0
800,1,z:r2c,nat-oop,407,597,47.439,1.467,4.062e-16,-,1
801,1,z:r2c,nat-oop,5356,14417,3.606,2.692,6.476e-16,-,0
801,1,z:r2c,nat-oop,5292,14389,3.650,2.719,6.476e-16,-,1
802,1,z:r2c,nat-oop,1436,2793,13.467,1.944,7.331e-16,-,0
802,1,z:r2c,nat-oop,1436,2893,13.473,2.015,7.331e-16,-,1
803,1,z:r2c,nat-oop,5287,11443,3.664,2.164,4.556e-16,-,0
803,1,z:r2c,nat-oop,5331,11453,3.634,2.148,4.556e-16,-,1
804,1,z:r2c,nat-oop,2409,3519,8.052,1.461,5.007e-16,-,0
804,1,z:r2c,nat-oop,2429,3517,7.986,1.448,5.007e-16,-,1
805,1,z:r2c,nat-oop,1624,3205,11.959,1.973,5.063e-16,-,0
805,1,z:r2c,nat-oop,1685,3205,11.526,1.902,5.063e-16,-,1
806,1,z:r2c,nat-oop,827,1881,23.510,2.274,5.094e-16,-,0
806,1,z:r2c,nat-oop,813,1884,23.939,2.318,5.094e-16,-,1
807,1,z:r2c,nat-oop,5445,5857,3.578,1.076,5.422e-16,-,0
807,1,z:r2c,nat-oop,5484,5862,3.552,1.069,5.422e-16,-,1
808,1,z:r2c,nat-oop,2442,5944,7.990,2.434,6.302e-16,-,0
808,1,z:r2c,nat-oop,2398,5941,8.135,2.477,6.302e-16,-,1
809,1,z:r2c,nat-oop,5266,6006,3.710,1.141,4.426e-16,-,0
809,1,z:r2c,nat-oop,5307,5895,3.682,1.111,4.426e-16,-,1
810,1,z:r2c,nat-oop,542,706,36.082,1.301,5.573e-16,-,0
810,1,z:r2c,nat-oop,488,706,40.101,1.446,5.573e-16,-,1
811,1,z:r2c,nat-oop,5524,5985,3.547,1.084,5.983e-16,-,0
811,1,z:r2c,nat-oop,5285,5868,3.707,1.110,5.983e-16,-,1
812,1,z:r2c,nat-oop,819,1626,23.952,1.985,5.587e-16,-,0
812,1,z:r2c,nat-oop,820,1629,23.925,1.987,5.587e-16,-,1
813,1,z:r2c,nat-oop,5811,7100,3.381,1.222,6.063e-16,-,0
813,1,z:r2c,nat-oop,5423,6008,3.623,1.108,6.063e-16,-,1
814,1,z:r2c,nat-oop,704,2305,27.947,3.274,5.502e-16,-,0
814,1,z:r2c,nat-oop,703,2376,27.985,3.379,5.502e-16,-,1
815,1,z:r2c,nat-oop,5176,5860,3.807,1.132,6.012e-16,-,0
815,1,z:r2c,nat-oop,5457,6153,3.611,1.128,6.012e-16,-,1
816,1,z:r2c,nat-oop,558,1066,35.361,1.911,4.554e-16,-,0
816,1,z:r2c,nat-oop,557,1071,35.397,1.922,4.554e-16,-,1
817,1,z:r2c,nat-oop,2139,7025,9.236,3.284,1.334e-15,-,0
817,1,z:r2c,nat-oop,2110,7016,9.364,3.325,1.334e-15,-,1
818,1,z:r2c,nat-oop,1809,2797,10.940,1.546,9.606e-16,-,0
818,1,z:r2c,nat-oop,1735,2788,11.407,1.608,9.606e-16,-,1
819,1,z:r2c,nat-oop,1519,1235,13.048,0.813,5.367e-16,-,0
819,1,z:r2c,nat-oop,1504,1247,13.175,0.829,5.367e-16,-,1
820,1,z:r2c,nat-oop,706,2101,28.119,2.978,3.942e-16,-,0
820,1,z:r2c,nat-oop,709,2100,27.989,2.961,3.942e-16,-,1
821,1,z:r2c,nat-oop,5256,5889,3.780,1.120,5.996e-16,-,0
821,1,z:r2c,nat-oop,5290,5905,3.756,1.116,5.996e-16,-,1
822,1,z:r2c,nat-oop,2442,2826,8.150,1.157,7.432e-16,-,0
822,1,z:r2c,nat-oop,2426,2800,8.203,1.154,7.432e-16,-,1
823,1,z:r2c,nat-oop,5356,5881,3.720,1.098,5.605e-16,-,0
823,1,z:r2c,nat-oop,5289,6021,3.768,1.139,5.605e-16,-,1
824,1,z:r2c,nat-oop,2370,6041,8.418,2.549,5.381e-16,-,0
824,1,z:r2c,nat-oop,2662,6040,7.495,2.269,5.381e-16,-,1
825,1,z:r2c,nat-oop,1494,1277,13.372,0.855,4.713e-16,-,0
825,1,z:r2c,nat-oop,1366,1277,14.629,0.935,4.713e-16,-,1
826,1,z:r2c,nat-oop,2619,4113,7.640,1.570,4.526e-16,-,0
826,1,z:r2c,nat-oop,2336,4112,8.567,1.760,4.526e-16,-,1
827,1,z:r2c,nat-oop,5267,5874,3.804,1.115,5.333e-16,-,0
827,1,z:r2c,nat-oop,5255,5905,3.813,1.124,5.333e-16,-,1
828,1,z:r2c,nat-oop,621,1536,32.332,2.475,4.359e-16,-,0
828,1,z:r2c,nat-oop,619,1325,32.435,2.142,4.359e-16,-,1
829,1,z:r2c,nat-oop,4569,5942,4.397,1.300,7.214e-16,-,0
829,1,z:r2c,nat-oop,4871,6005,4.125,1.233,7.214e-16,-,1
830,1,z:r2c,nat-oop,2449,6415,8.217,2.620,5.644e-16,-,0
830,1,z:r2c,nat-oop,2424,6420,8.300,2.648,5.644e-16,-,1
831,1,z:r2c,nat-oop,5228,5871,3.854,1.123,6.711e-16,-,0
831,1,z:r2c,nat-oop,5813,6238,3.466,1.073,6.711e-16,-,1
832,1,z:r2c,nat-oop,420,660,47.993,1.570,4.951e-16,-,0
832,1,z:r2c,nat-oop,423,656,47.697,1.551,4.951e-16,-,1
833,1,z:r2c,nat-oop,1596,2541,12.658,1.592,7.872e-16,-,0
833,1,z:r2c,nat-oop,1510,2537,13.382,1.680,7.872e-16,-,1
834,1,z:r2c,nat-oop,2458,2807,8.232,1.142,7.070e-16,-,0
834,1,z:r2c,nat-oop,2461,2808,8.221,1.141,7.070e-16,-,1
835,1,z:r2c,nat-oop,5321,5864,3.808,1.102,5.413e-16,-,0
835,1,z:r2c,nat-oop,5480,5876,3.697,1.072,5.413e-16,-,1
836,1,z:r2c,nat-oop,754,1311,26.920,1.739,6.695e-16,-,0
836,1,z:r2c,nat-oop,759,1309,26.731,1.725,6.695e-16,-,1
837,1,z:r2c,nat-oop,2572,4434,7.900,1.724,5.033e-16,-,0
837,1,z:r2c,nat-oop,2979,4431,6.820,1.488,5.033e-16,-,1
838,1,z:r2c,nat-oop,2287,2803,8.895,1.225,8.484e-16,-,0
838,1,z:r2c,nat-oop,2338,2814,8.700,1.204,8.484e-16,-,1
839,1,z:r2c,nat-oop,5213,5879,3.908,1.128,5.053e-16,-,0
839,1,z:r2c,nat-oop,5419,5875,3.759,1.084,5.053e-16,-,1
840,1,z:r2c,nat-oop,463,664,44.063,1.433,4.876e-16,-,0
840,1,z:r2c,nat-oop,463,662,44.049,1.430,4.876e-16,-,1
841,1,z:r2c,nat-oop,2635,5978,7.754,2.269,1.221e-15,-,0
841,1,z:r2c,nat-oop,2465,5984,8.287,2.428,1.221e-15,-,1
842,1,z:r2c,nat-oop,2055,2810,9.952,1.367,7.279e-16,-,0
842,1,z:r2c,nat-oop,1978,2819,10.341,1.425,7.279e-16,-,1
843,1,z:r2c,nat-oop,5298,5889,3.866,1.112,5.611e-16,-,0
843,1,z:r2c,nat-oop,5286,5883,3.875,1.113,5.611e-16,-,1
844,1,z:r2c,nat-oop,2353,2814,8.716,1.196,8.114e-16,-,0
844,1,z:r2c,nat-oop,2370,2825,8.656,1.192,8.114e-16,-,1
845,1,z:r2c,nat-oop,1729,1381,11.881,0.799,8.349e-16,-,0
845,1,z:r2c,nat-oop,1760,1524,11.668,0.866,8.349e-16,-,1
846,1,z:r2c,nat-oop,868,3241,23.705,3.736,5.298e-16,-,0
846,1,z:r2c,nat-oop,867,3233,23.729,3.730,5.298e-16,-,1
847,1,z:r2c,nat-oop,1479,1325,13.925,0.896,5.101e-16,-,0
847,1,z:r2c,nat-oop,1777,1332,11.588,0.749,5.101e-16,-,1
848,1,z:r2c,nat-oop,2272,2861,9.078,1.259,4.444e-16,-,0
848,1,z:r2c,nat-oop,2374,2857,8.686,1.203,4.444e-16,-,1
849,1,z:r2c,nat-oop,5851,6016,3.530,1.028,4.107e-16,-,0
849,1,z:r2c,nat-oop,5629,6448,3.669,1.146,4.107e-16,-,1
850,1,z:r2c,nat-oop,565,1262,36.585,2.232,4.584e-16,-,0
850,1,z:r2c,nat-oop,569,1262,36.337,2.217,4.584e-16,-,1
851,1,z:r2c,nat-oop,2089,6713,9.911,3.213,7.148e-16,-,0
851,1,z:r2c,nat-oop,2096,6705,9.880,3.200,7.148e-16,-,1
852,1,z:r2c,nat-oop,2278,3992,9.103,1.752,4.455e-16,-,0
852,1,z:r2c,nat-oop,2291,3990,9.050,1.741,4.455e-16,-,1
853,1,z:r2c,nat-oop,5417,5963,3.833,1.101,4.177e-16,-,0
853,1,z:r2c,nat-oop,5379,5955,3.860,1.107,4.177e-16,-,1
854,1,z:r2c,nat-oop,2271,4503,9.154,1.983,5.127e-16,-,0
854,1,z:r2c,nat-oop,2283,4506,9.105,1.973,5.127e-16,-,1
855,1,z:r2c,nat-oop,1680,2906,12.395,1.730,7.100e-16,-,0
855,1,z:r2c,nat-oop,1683,2914,12.367,1.731,7.100e-16,-,1
856,1,z:r2c,nat-oop,2446,6539,8.522,2.673,5.136e-16,-,0
856,1,z:r2c,nat-oop,2475,6538,8.423,2.642,5.136e-16,-,1
857,1,z:r2c,nat-oop,6866,6000,3.040,0.874,5.495e-16,-,0
857,1,z:r2c,nat-oop,5326,6101,3.920,1.146,5.495e-16,-,1
858,1,z:r2c,nat-oop,619,729,33.779,1.178,4.993e-16,-,0
858,1,z:r2c,nat-oop,812,727,25.746,0.895,4.993e-16,-,1
859,1,z:r2c,nat-oop,4097,5937,5.109,1.449,7.588e-16,-,0
859,1,z:r2c,nat-oop,4045,5881,5.174,1.454,7.588e-16,-,1
860,1,z:r2c,nat-oop,769,2302,27.238,2.992,4.713e-16,-,0
860,1,z:r2c,nat-oop,775,2306,27.043,2.975,4.713e-16,-,1
861,1,z:r2c,nat-oop,1734,5964,12.104,3.439,5.037e-16,-,0
861,1,z:r2c,nat-oop,1742,5966,12.048,3.425,5.037e-16,-,1
862,1,z:r2c,nat-oop,2308,2826,9.104,1.224,6.746e-16,-,0
862,1,z:r2c,nat-oop,2284,2834,9.202,1.241,6.746e-16,-,1
863,1,z:r2c,nat-oop,5311,5887,3.962,1.108,5.065e-16,-,0
863,1,z:r2c,nat-oop,5288,5887,3.979,1.113,5.065e-16,-,1
864,1,z:r2c,nat-oop,439,679,47.983,1.546,4.959e-16,-,0
864,1,z:r2c,nat-oop,439,678,48.011,1.544,4.959e-16,-,1
865,1,z:r2c,nat-oop,5330,5935,3.959,1.114,5.672e-16,-,0
865,1,z:r2c,nat-oop,5514,10181,3.827,1.847,5.672e-16,-,1
866,1,z:r2c,nat-oop,1619,2917,13.046,1.801,6.625e-16,-,0
866,1,z:r2c,nat-oop,1628,2881,12.978,1.770,6.625e-16,-,1
867,1,z:r2c,nat-oop,1923,3655,11.003,1.901,1.036e-15,-,0
867,1,z:r2c,nat-oop,1979,3673,10.688,1.856,1.036e-15,-,1
868,1,z:r2c,nat-oop,889,1803,23.821,2.027,7.308e-16,-,0
868,1,z:r2c,nat-oop,902,1801,23.486,1.997,7.308e-16,-,1
869,1,z:r2c,nat-oop,5263,13693,4.030,2.602,5.262e-16,-,0
869,1,z:r2c,nat-oop,5639,13830,3.761,2.452,5.262e-16,-,1
870,1,z:r2c,nat-oop,717,1949,29.616,2.718,4.629e-16,-,0
870,1,z:r2c,nat-oop,772,1952,27.512,2.528,4.629e-16,-,1
871,1,z:r2c,nat-oop,5327,11384,3.992,2.137,3.805e-16,-,0
871,1,z:r2c,nat-oop,5352,11380,3.974,2.126,3.805e-16,-,1
872,1,z:r2c,nat-oop,2484,6950,8.573,2.798,6.343e-16,-,0
872,1,z:r2c,nat-oop,2483,6972,8.576,2.808,6.343e-16,-,1
873,1,z:r2c,nat-oop,5340,5951,3.993,1.114,5.418e-16,-,0
873,1,z:r2c,nat-oop,5844,5946,3.649,1.018,5.418e-16,-,1
874,1,z:r2c,nat-oop,729,2249,29.303,3.086,5.261e-16,-,0
874,1,z:r2c,nat-oop,729,2255,29.304,3.096,5.261e-16,-,1
875,1,z:r2c,nat-oop,1432,1275,14.927,0.890,3.916e-16,-,0
875,1,z:r2c,nat-oop,1442,1276,14.827,0.885,3.916e-16,-,1
876,1,z:r2c,nat-oop,2383,4281,8.982,1.796,5.233e-16,-,0
876,1,z:r2c,nat-oop,2367,4268,9.043,1.803,5.233e-16,-,1
877,1,z:r2c,nat-oop,5383,5959,3.982,1.107,4.530e-16,-,0
877,1,z:r2c,nat-oop,5292,5954,4.050,1.125,4.530e-16,-,1
878,1,z:r2c,nat-oop,2320,2832,9.250,1.220,5.943e-16,-,0
878,1,z:r2c,nat-oop,2270,2819,9.456,1.242,5.943e-16,-,1
879,1,z:r2c,nat-oop,5431,5898,3.957,1.086,6.238e-16,-,0
879,1,z:r2c,nat-oop,5450,5901,3.943,1.083,6.238e-16,-,1
880,1,z:r2c,nat-oop,493,717,43.693,1.455,4.810e-16,-,0
880,1,z:r2c,nat-oop,526,716,40.945,1.363,4.810e-16,-,1
881,1,z:r2c,nat-oop,3732,5990,5.773,1.605,6.131e-16,-,0
881,1,z:r2c,nat-oop,3813,5953,5.651,1.561,6.131e-16,-,1
882,1,z:r2c,nat-oop,569,739,37.923,1.298,4.922e-16,-,0
882,1,z:r2c,nat-oop,563,740,38.320,1.314,4.922e-16,-,1
883,1,z:r2c,nat-oop,5435,5923,3.975,1.090,6.620e-16,-,0
883,1,z:r2c,nat-oop,5520,5911,3.913,1.071,6.620e-16,-,1
884,1,z:r2c,nat-oop,803,1352,26.925,1.683,9.485e-16,-,0
884,1,z:r2c,nat-oop,777,1352,27.838,1.740,9.485e-16,-,1
885,1,z:r2c,nat-oop,5619,9834,3.854,1.750,5.556e-16,-,0
885,1,z:r2c,nat-oop,5628,9848,3.849,1.750,5.556e-16,-,1
886,1,z:r2c,nat-oop,2307,2874,9.399,1.246,8.303e-16,-,0
886,1,z:r2c,nat-oop,2286,2849,9.487,1.246,8.303e-16,-,1
887,1,z:r2c,nat-oop,5246,5926,4.140,1.130,5.080e-16,-,0
887,1,z:r2c,nat-oop,5250,5973,4.136,1.138,5.080e-16,-,1
888,1,z:r2c,nat-oop,708,2035,30.732,2.876,4.255e-16,-,0
888,1,z:r2c,nat-oop,720,2034,30.183,2.824,4.255e-16,-,1
889,1,z:r2c,nat-oop,5382,5997,4.046,1.114,6.568e-16,-,0
889,1,z:r2c,nat-oop,5378,5964,4.048,1.109,6.568e-16,-,1
890,1,z:r2c,nat-oop,2363,7774,9.225,3.290,6.079e-16,-,0
890,1,z:r2c,nat-oop,2394,7771,9.107,3.246,6.079e-16,-,1
891,1,z:r2c,nat-oop,1503,1390,14.518,0.924,5.077e-16,-,0
891,1,z:r2c,nat-oop,1567,1402,13.928,0.894,5.077e-16,-,1
892,1,z:r2c,nat-oop,2366,2848,9.237,1.203,6.583e-16,-,0
892,1,z:r2c,nat-oop,2301,2843,9.497,1.235,6.583e-16,-,1
893,1,z:r2c,nat-oop,2434,8544,8.989,3.509,7.885e-16,-,0
893,1,z:r2c,nat-oop,2464,8535,8.882,3.464,7.885e-16,-,1
894,1,z:r2c,nat-oop,2303,2836,9.516,1.231,5.896e-16,-,0
894,1,z:r2c,nat-oop,2308,2876,9.493,1.246,5.896e-16,-,1
895,1,z:r2c,nat-oop,5316,6910,4.127,1.300,4.820e-16,-,0
895,1,z:r2c,nat-oop,6774,5947,3.239,0.878,4.820e-16,-,1
896,1,z:r2c,nat-oop,413,624,53.140,1.509,2.744e-16,-,0
896,1,z:r2c,nat-oop,416,623,52.788,1.497,2.744e-16,-,1
897,1,z:r2c,nat-oop,2103,3679,10.458,1.749,9.477e-16,-,0
897,1,z:r2c,nat-oop,2019,3680,10.896,1.823,9.477e-16,-,1
898,1,z:r2c,nat-oop,1684,2888,13.082,1.715,5.907e-16,-,0
898,1,z:r2c,nat-oop,1636,2849,13.459,1.741,5.907e-16,-,1
899,1,z:r2c,nat-oop,2716,6721,8.119,2.474,5.775e-16,-,0
899,1,z:r2c,nat-oop,2366,6720,9.321,2.841,5.775e-16,-,1
900,1,z:r2c,nat-oop,516,754,42.756,1.459,4.063e-16,-,0
900,1,z:r2c,nat-oop,523,748,42.214,1.430,4.063e-16,-,1
901,1,z:r2c,nat-oop,5466,9813,4.045,1.795,4.108e-16,-,0
901,1,z:r2c,nat-oop,5440,9776,4.064,1.797,4.108e-16,-,1
902,1,z:r2c,nat-oop,869,2928,25.481,3.370,4.284e-16,-,0
902,1,z:r2c,nat-oop,908,3010,24.391,3.317,4.284e-16,-,1
903,1,z:r2c,nat-oop,2300,6680,9.638,2.904,1.774e-15,-,0
903,1,z:r2c,nat-oop,2293,6680,9.665,2.913,1.774e-15,-,1
904,1,z:r2c,nat-oop,2283,7482,9.719,3.276,4.859e-16,-,0
904,1,z:r2c,nat-oop,2312,7488,9.598,3.238,4.859e-16,-,1
905,1,z:r2c,nat-oop,5491,5996,4.047,1.092,5.590e-16,-,0
905,1,z:r2c,nat-oop,6101,5979,3.642,0.980,5.590e-16,-,1
906,1,z:r2c,nat-oop,2294,2879,9.699,1.255,6.026e-16,-,0
906,1,z:r2c,nat-oop,2305,3524,9.654,1.529,6.026e-16,-,1
907,1,z:r2c,nat-oop,5543,6110,4.019,1.102,5.668e-16,-,0
907,1,z:r2c,nat-oop,5512,5932,4.042,1.076,5.668e-16,-,1
908,1,z:r2c,nat-oop,2353,2849,9.480,1.211,7.506e-16,-,0
908,1,z:r2c,nat-oop,2319,2854,9.617,1.231,7.506e-16,-,1
909,1,z:r2c,nat-oop,5477,5991,4.078,1.094,6.206e-16,-,0
909,1,z:r2c,nat-oop,9533,5983,2.343,0.628,6.206e-16,-,1
910,1,z:r2c,nat-oop,635,766,35.227,1.207,5.760e-16,-,0
910,1,z:r2c,nat-oop,600,765,37.254,1.275,5.760e-16,-,1
911,1,z:r2c,nat-oop,5589,5941,4.007,1.063,7.361e-16,-,0
911,1,z:r2c,nat-oop,5448,5928,4.110,1.088,7.361e-16,-,1
912,1,z:r2c,nat-oop,629,1264,35.629,2.008,4.537e-16,-,0
912,1,z:r2c,nat-oop,647,1271,34.652,1.965,4.537e-16,-,1
913,1,z:r2c,nat-oop,5388,15203,4.167,2.822,5.595e-16,-,0
913,1,z:r2c,nat-oop,5390,15239,4.164,2.827,5.595e-16,-,1
914,1,z:r2c,nat-oop,2134,2859,10.530,1.339,1.197e-15,-,0
914,1,z:r2c,nat-oop,2104,2880,10.681,1.369,1.197e-15,-,1
915,1,z:r2c,nat-oop,6477,10578,3.474,1.633,5.044e-16,-,0
915,1,z:r2c,nat-oop,5262,10576,4.277,2.010,5.044e-16,-,1
916,1,z:r2c,nat-oop,2314,2875,9.737,1.242,7.048e-16,-,0
916,1,z:r2c,nat-oop,2296,2872,9.813,1.251,7.048e-16,-,1
917,1,z:r2c,nat-oop,5462,6001,4.131,1.099,5.792e-16,-,0
917,1,z:r2c,nat-oop,5418,5993,4.164,1.106,5.792e-16,-,1
918,1,z:r2c,nat-oop,799,1385,28.274,1.734,7.312e-16,-,0
918,1,z:r2c,nat-oop,729,1386,30.978,1.901,7.312e-16,-,1
919,1,z:r2c,nat-oop,5347,5936,4.230,1.110,6.619e-16,-,0
919,1,z:r2c,nat-oop,5368,5933,4.213,1.105,6.619e-16,-,1
920,1,z:r2c,nat-oop,760,1469,29.782,1.932,5.063e-16,-,0
920,1,z:r2c,nat-oop,760,1468,29.813,1.933,5.063e-16,-,1
921,1,z:r2c,nat-oop,5293,6008,4.283,1.135,5.635e-16,-,0
921,1,z:r2c,nat-oop,6421,5999,3.531,0.934,5.635e-16,-,1
922,1,z:r2c,nat-oop,2302,2892,9.859,1.256,8.765e-16,-,0
922,1,z:r2c,nat-oop,2338,2885,9.712,1.234,8.765e-16,-,1
923,1,z:r2c,nat-oop,7124,13236,3.191,1.858,6.142e-16,-,0
923,1,z:r2c,nat-oop,5682,12907,4.000,2.271,6.142e-16,-,1
924,1,z:r2c,nat-oop,623,787,36.529,1.264,4.814e-16,-,0
924,1,z:r2c,nat-oop,600,787,37.954,1.313,4.814e-16,-,1
925,1,z:r2c,nat-oop,2782,5807,8.190,2.087,3.818e-16,-,0
925,1,z:r2c,nat-oop,3628,5805,6.281,1.600,3.818e-16,-,1
926,1,z:r2c,nat-oop,1960,2875,11.639,1.467,7.140e-16,-,0
926,1,z:r2c,nat-oop,1930,2866,11.819,1.485,7.140e-16,-,1
927,1,z:r2c,nat-oop,5428,5950,4.208,1.096,6.342e-16,-,0
927,1,z:r2c,nat-oop,5607,6106,4.074,1.089,6.342e-16,-,1
928,1,z:r2c,nat-oop,704,1672,32.464,2.373,4.302e-16,-,0
928,1,z:r2c,nat-oop,669,1670,34.196,2.496,4.302e-16,-,1
929,1,z:r2c,nat-oop,4564,6024,5.018,1.320,6.971e-16,-,0
929,1,z:r2c,nat-oop,5078,5999,4.510,1.181,6.971e-16,-,1
930,1,z:r2c,nat-oop,919,2196,24.953,2.390,5.866e-16,-,0
930,1,z:r2c,nat-oop,919,2199,24.955,2.393,5.866e-16,-,1
931,1,z:r2c,nat-oop,1855,3151,12.376,1.699,5.048e-16,-,0
931,1,z:r2c,nat-oop,1878,3130,12.225,1.667,5.048e-16,-,1
932,1,z:r2c,nat-oop,2403,2879,9.566,1.198,7.969e-16,-,0
932,1,z:r2c,nat-oop,2330,2898,9.866,1.244,7.969e-16,-,1
933,1,z:r2c,nat-oop,5507,6013,4.179,1.092,6.198e-16,-,0
933,1,z:r2c,nat-oop,5486,6008,4.194,1.095,6.198e-16,-,1
934,1,z:r2c,nat-oop,2373,2870,9.710,1.209,4.772e-16,-,0
934,1,z:r2c,nat-oop,2364,2886,9.746,1.221,4.772e-16,-,1
935,1,z:r2c,nat-oop,1729,2902,13.339,1.678,5.704e-16,-,0
935,1,z:r2c,nat-oop,1751,2897,13.177,1.655,5.704e-16,-,1
936,1,z:r2c,nat-oop,617,797,37.458,1.292,7.334e-16,-,0
936,1,z:r2c,nat-oop,711,797,32.476,1.121,7.334e-16,-,1
937,1,z:r2c,nat-oop,4117,6013,5.617,1.461,1.020e-15,-,0
937,1,z:r2c,nat-oop,4078,6026,5.671,1.478,1.020e-15,-,1
938,1,z:r2c,nat-oop,2394,5488,9.672,2.293,3.819e-16,-,0
938,1,z:r2c,nat-oop,2714,5527,8.530,2.036,3.819e-16,-,1
939,1,z:r2c,nat-oop,6496,6073,3.569,0.935,7.152e-16,-,0
939,1,z:r2c,nat-oop,6721,6117,3.449,0.910,7.152e-16,-,1
940,1,z:r2c,nat-oop,887,2839,26.157,3.200,3.725e-16,-,0
940,1,z:r2c,nat-oop,884,2837,26.245,3.208,3.725e-16,-,1
941,1,z:r2c,nat-oop,5482,6055,4.239,1.105,6.348e-16,-,0
941,1,z:r2c,nat-oop,5872,6007,3.957,1.023,6.348e-16,-,1
942,1,z:r2c,nat-oop,2321,2865,10.022,1.234,6.208e-16,-,0
942,1,z:r2c,nat-oop,2322,2877,10.018,1.239,6.208e-16,-,1
943,1,z:r2c,nat-oop,2432,8088,9.580,3.326,5.305e-16,-,0
943,1,z:r2c,nat-oop,2429,8076,9.590,3.325,5.305e-16,-,1
944,1,z:r2c,nat-oop,2299,3571,10.144,1.553,5.611e-16,-,0
944,1,z:r2c,nat-oop,2314,3570,10.078,1.543,5.611e-16,-,1
945,1,z:r2c,nat-oop,1573,1423,14.846,0.905,3.927e-16,-,0
945,1,z:r2c,nat-oop,1571,1421,14.864,0.904,3.927e-16,-,1
946,1,z:r2c,nat-oop,940,3224,24.862,3.429,5.265e-16,-,0
946,1,z:r2c,nat-oop,946,3228,24.718,3.413,5.265e-16,-,1
947,1,z:r2c,nat-oop,5473,5948,4.277,1.087,6.435e-16,-,0
947,1,z:r2c,nat-oop,5581,5960,4.194,1.068,6.435e-16,-,1
948,1,z:r2c,nat-oop,2385,5019,9.827,2.105,5.729e-16,-,0
948,1,z:r2c,nat-oop,2383,5022,9.836,2.108,5.729e-16,-,1
949,1,z:r2c,nat-oop,5523,13745,4.248,2.488,6.084e-16,-,0
949,1,z:r2c,nat-oop,5532,13739,4.241,2.483,6.084e-16,-,1
950,1,z:r2c,nat-oop,748,1480,31.422,1.980,5.507e-16,-,0
950,1,z:r2c,nat-oop,664,1472,35.358,2.216,5.507e-16,-,1
951,1,z:r2c,nat-oop,5375,8820,4.376,1.641,4.448e-16,-,0
951,1,z:r2c,nat-oop,5390,6003,4.364,1.114,4.448e-16,-,1
952,1,z:r2c,nat-oop,719,1296,32.763,1.803,4.843e-16,-,0
952,1,z:r2c,nat-oop,749,1294,31.443,1.728,4.843e-16,-,1
953,1,z:r2c,nat-oop,4401,6030,5.357,1.370,9.926e-16,-,0
953,1,z:r2c,nat-oop,4577,6020,5.152,1.315,9.926e-16,-,1
954,1,z:r2c,nat-oop,2370,4298,9.959,1.813,4.885e-16,-,0
954,1,z:r2c,nat-oop,2305,4298,10.240,1.865,4.885e-16,-,1
955,1,z:r2c,nat-oop,6503,6042,3.635,0.929,4.497e-16,-,0
955,1,z:r2c,nat-oop,5260,6018,4.493,1.144,4.497e-16,-,1
956,1,z:r2c,nat-oop,2339,2979,10.117,1.274,6.199e-16,-,0
956,1,z:r2c,nat-oop,2333,2909,10.144,1.247,6.199e-16,-,1
957,1,z:r2c,nat-oop,2088,4684,11.344,2.243,4.404e-16,-,0
957,1,z:r2c,nat-oop,2132,4687,11.112,2.198,4.404e-16,-,1
958,1,z:r2c,nat-oop,2323,2905,10.211,1.250,9.563e-16,-,0
958,1,z:r2c,nat-oop,2299,2909,10.319,1.266,9.563e-16,-,1
959,1,z:r2c,nat-oop,6226,5983,3.815,0.961,6.015e-16,-,0
959,1,z:r2c,nat-oop,5635,5975,4.215,1.060,6.015e-16,-,1
960,1,z:r2c,nat-oop,444,777,53.581,1.750,2.855e-16,-,0
960,1,z:r2c,nat-oop,442,809,53.832,1.831,2.855e-16,-,1
961,1,z:r2c,nat-oop,2622,7315,9.079,2.790,1.073e-15,-,0
961,1,z:r2c,nat-oop,2977,7319,7.997,2.459,1.073e-15,-,1
962,1,z:r2c,nat-oop,875,2769,27.230,3.164,6.726e-16,-,0
962,1,z:r2c,nat-oop,850,2768,28.047,3.258,6.726e-16,-,1
963,1,z:r2c,nat-oop,5375,6031,4.439,1.122,7.571e-16,-,0
963,1,z:r2c,nat-oop,5357,6018,4.454,1.123,7.571e-16,-,1
964,1,z:r2c,nat-oop,2338,2919,10.219,1.249,5.437e-16,-,0
964,1,z:r2c,nat-oop,2407,2917,9.924,1.212,5.437e-16,-,1
965,1,z:r2c,nat-oop,5868,6208,4.076,1.058,6.629e-16,-,0
965,1,z:r2c,nat-oop,5756,6082,4.155,1.056,6.629e-16,-,1
966,1,z:r2c,nat-oop,884,1776,27.088,2.009,5.337e-16,-,0
966,1,z:r2c,nat-oop,916,1769,26.145,1.932,5.337e-16,-,1
967,1,z:r2c,nat-oop,5457,6133,4.393,1.124,7.046e-16,-,0
967,1,z:r2c,nat-oop,5893,5969,4.068,1.013,7.046e-16,-,1
968,1,z:r2c,nat-oop,672,849,35.710,1.264,4.068e-16,-,0
968,1,z:r2c,nat-oop,689,850,34.838,1.234,4.068e-16,-,1
969,1,z:r2c,nat-oop,2138,4436,11.242,2.075,8.428e-16,-,0
969,1,z:r2c,nat-oop,2224,4458,10.806,2.005,8.428e-16,-,1
970,1,z:r2c,nat-oop,2323,2922,10.359,1.258,7.351e-16,-,0
970,1,z:r2c,nat-oop,2334,2897,10.310,1.242,7.351e-16,-,1
971,1,z:r2c,nat-oop,5952,6061,4.047,1.018,6.359e-16,-,0
971,1,z:r2c,nat-oop,5573,6015,4.322,1.079,6.359e-16,-,1
972,1,z:r2c,nat-oop,634,869,38.047,1.372,4.587e-16,-,0
972,1,z:r2c,nat-oop,627,872,38.476,1.392,4.587e-16,-,1
973,1,z:r2c,nat-oop,5685,6161,4.247,1.084,5.480e-16,-,0
973,1,z:r2c,nat-oop,5475,6067,4.410,1.108,5.480e-16,-,1
974,1,z:r2c,nat-oop,2391,2919,10.110,1.221,6.827e-16,-,0
974,1,z:r2c,nat-oop,2388,2898,10.121,1.213,6.827e-16,-,1
975,1,z:r2c,nat-oop,1657,1499,14.608,0.905,5.568e-16,-,0
975,1,z:r2c,nat-oop,1728,1615,14.009,0.935,5.568e-16,-,1
976,1,z:r2c,nat-oop,2373,3876,10.209,1.633,5.662e-16,-,0
976,1,z:r2c,nat-oop,2391,3875,10.134,1.620,5.662e-16,-,1
977,1,z:r2c,nat-oop,5592,6076,4.338,1.087,6.338e-16,-,0
977,1,z:r2c,nat-oop,5499,6079,4.412,1.106,6.338e-16,-,1
978,1,z:r2c,nat-oop,2953,2925,8.225,0.990,8.126e-16,-,0
978,1,z:r2c,nat-oop,2382,2925,10.195,1.228,8.126e-16,-,1
979,1,z:r2c,nat-oop,5603,17694,4.340,3.158,5.450e-16,-,0
979,1,z:r2c,nat-oop,5606,17672,4.338,3.153,5.450e-16,-,1
980,1,z:r2c,nat-oop,608,922,40.053,1.517,4.033e-16,-,0
980,1,z:r2c,nat-oop,606,899,40.149,1.483,4.033e-16,-,1
981,1,z:r2c,nat-oop,5492,6186,4.438,1.126,6.110e-16,-,0
981,1,z:r2c,nat-oop,5438,6053,4.482,1.113,6.110e-16,-,1
982,1,z:r2c,nat-oop,1951,2928,12.508,1.501,7.213e-16,-,0
982,1,z:r2c,nat-oop,2045,2920,11.932,1.428,7.213e-16,-,1
983,1,z:r2c,nat-oop,5302,6417,4.608,1.210,6.234e-16,-,0
983,1,z:r2c,nat-oop,5497,6130,4.445,1.115,6.234e-16,-,1
984,1,z:r2c,nat-oop,876,2504,27.905,2.857,4.316e-16,-,0
984,1,z:r2c,nat-oop,878,2502,27.848,2.849,4.316e-16,-,1
985,1,z:r2c,nat-oop,5513,6073,4.442,1.102,5.272e-16,-,0
985,1,z:r2c,nat-oop,5614,6091,4.362,1.085,5.272e-16,-,1
986,1,z:r2c,nat-oop,925,2855,26.506,3.087,7.036e-16,-,0
986,1,z:r2c,nat-oop,901,2881,27.201,3.197,7.036e-16,-,1
987,1,z:r2c,nat-oop,2169,8291,11.317,3.823,5.786e-16,-,0
987,1,z:r2c,nat-oop,2081,8281,11.792,3.978,5.786e-16,-,1
988,1,z:r2c,nat-oop,957,1590,25.684,1.662,1.070e-15,-,0
988,1,z:r2c,nat-oop,966,1591,25.433,1.646,1.070e-15,-,1
989,1,z:r2c,nat-oop,2532,9027,9.717,3.566,1.091e-15,-,0
989,1,z:r2c,nat-oop,2529,9028,9.729,3.570,1.091e-15,-,1
990,1,z:r2c,nat-oop,706,861,34.899,1.221,5.808e-16,-,0
990,1,z:r2c,nat-oop,705,884,34.924,1.254,5.808e-16,-,1
991,1,z:r2c,nat-oop,5421,6022,4.549,1.111,6.463e-16,-,0
991,1,z:r2c,nat-oop,5624,6042,4.385,1.074,6.463e-16,-,1
992,1,z:r2c,nat-oop,919,1886,26.871,2.053,3.974e-16,-,0
992,1,z:r2c,nat-oop,1252,1871,19.716,1.494,3.974e-16,-,1
993,1,z:r2c,nat-oop,5611,6356,4.404,1.133,5.267e-16,-,0
993,1,z:r2c,nat-oop,5393,6097,4.583,1.131,5.267e-16,-,1
994,1,z:r2c,nat-oop,2357,6240,10.499,2.648,5.077e-16,-,0
994,1,z:r2c,nat-oop,2412,6236,10.260,2.586,5.077e-16,-,1
995,1,z:r2c,nat-oop,5452,6146,4.544,1.127,5.514e-16,-,0
995,1,z:r2c,nat-oop,5510,6077,4.496,1.103,5.514e-16,-,1
996,1,z:r2c,nat-oop,2553,5578,9.713,2.184,4.814e-16,-,0
996,1,z:r2c,nat-oop,2471,5583,10.036,2.259,4.814e-16,-,1
997,1,z:r2c,nat-oop,5792,6100,4.287,1.053,5.562e-16,-,0
997,1,z:r2c,nat-oop,5527,6065,4.493,1.097,5.562e-16,-,1
998,1,z:r2c,nat-oop,2341,2933,10.620,1.253,6.878e-16,-,0
998,1,z:r2c,nat-oop,2401,2902,10.354,1.209,6.878e-16,-,1
999,1,z:r2c,nat-oop,2985,6382,8.338,2.138,6.169e-16,-,0
999,1,z:r2c,nat-oop,3870,6376,6.431,1.648,6.169e-16,-,1
1000,1,z:r2c,nat-oop,559,835,44.530,1.492,4.812e-16,-,0
1000,1,z:r2c,nat-oop,592,833,42.108,1.408,4.812e-16,-,1
1001,1,z:r2c,nat-oop,2053,1581,12.151,0.770,6.470e-16,-,0
1001,1,z:r2c,nat-oop,2002,1580,12.457,0.789,6.470e-16,-,1
1002,1,z:r2c,nat-oop,2320,2956,10.764,1.274,6.723e-16,-,0
1002,1,z:r2c,nat-oop,2350,2940,10.627,1.251,6.723e-16,-,1
1003,1,z:r2c,nat-oop,5406,12390,4.625,2.292,5.337e-16,-,0
1003,1,z:r2c,nat-oop,5406,12359,4.624,2.286,5.337e-16,-,1
1004,1,z:r2c,nat-oop,2405,2933,10.408,1.220,5.123e-16,-,0
1004,1,z:r2c,nat-oop,2408,2951,10.394,1.226,5.123e-16,-,1
1005,1,z:r2c,nat-oop,5503,13127,4.554,2.385,4.300e-16,-,0
1005,1,z:r2c,nat-oop,5461,13125,4.588,2.403,4.300e-16,-,1
1006,1,z:r2c,nat-oop,2358,3027,10.637,1.283,5.936e-16,-,0
1006,1,z:r2c,nat-oop,2338,2936,10.728,1.256,5.936e-16,-,1
1007,1,z:r2c,nat-oop,5578,11155,4.502,2.000,6.239e-16,-,0
1007,1,z:r2c,nat-oop,5700,11142,4.406,1.955,6.239e-16,-,1
1008,1,z:r2c,nat-oop,606,872,41.470,1.438,4.467e-16,-,0
1008,1,z:r2c,nat-oop,647,873,38.834,1.349,4.467e-16,-,1
1009,1,z:r2c,nat-oop,5554,6087,4.533,1.096,6.963e-16,-,0
1009,1,z:r2c,nat-oop,5511,6194,4.567,1.124,6.963e-16,-,1
1010,1,z:r2c,nat-oop,2344,2946,10.751,1.257,8.019e-16,-,0
1010,1,z:r2c,nat-oop,2349,2941,10.728,1.252,8.019e-16,-,1
1011,1,z:r2c,nat-oop,5410,6041,4.663,1.117,7.401e-16,-,0
1011,1,z:r2c,nat-oop,5430,6061,4.646,1.116,7.401e-16,-,1
1012,1,z:r2c,nat-oop,962,1952,26.260,2.029,1.280e-15,-,0
1012,1,z:r2c,nat-oop,965,1954,26.169,2.025,1.280e-15,-,1
1013,1,z:r2c,nat-oop,5608,6371,4.509,1.136,8.665e-16,-,0
1013,1,z:r2c,nat-oop,5560,6132,4.548,1.103,8.665e-16,-,1
1014,1,z:r2c,nat-oop,1135,1216,22.312,1.072,6.169e-16,-,0
1014,1,z:r2c,nat-oop,833,925,30.406,1.111,6.169e-16,-,1
1015,1,z:r2c,nat-oop,2977,5009,8.512,1.682,5.776e-16,-,0
1015,1,z:r2c,nat-oop,2323,5017,10.909,2.159,5.776e-16,-,1
1016,1,z:r2c,nat-oop,2351,9339,10.793,3.973,6.275e-16,-,0
1016,1,z:r2c,nat-oop,2360,9335,10.749,3.955,6.275e-16,-,1
1017,1,z:r2c,nat-oop,5604,6131,4.532,1.094,5.942e-16,-,0
1017,1,z:r2c,nat-oop,5510,6103,4.610,1.108,5.942e-16,-,1
1018,1,z:r2c,nat-oop,2451,2946,10.376,1.202,6.943e-16,-,0
1018,1,z:r2c,nat-oop,2454,2948,10.363,1.201,6.943e-16,-,1
1019,1,z:r2c,nat-oop,5602,6041,4.544,1.078,6.104e-16,-,0
1019,1,z:r2c,nat-oop,5502,6032,4.627,1.096,6.104e-16,-,1
1020,1,z:r2c,nat-oop,852,1471,29.922,1.727,4.927e-16,-,0
1020,1,z:r2c,nat-oop,767,1471,33.218,1.917,4.927e-16,-,1
1021,1,z:r2c,nat-oop,5692,6122,4.482,1.076,6.078e-16,-,0
1021,1,z:r2c,nat-oop,5685,6121,4.488,1.077,6.078e-16,-,1
1022,1,z:r2c,nat-oop,2356,6683,10.843,2.837,5.155e-16,-,0
1022,1,z:r2c,nat-oop,2357,6681,10.835,2.834,5.155e-16,-,1
1023,1,z:r2c,nat-oop,2290,5435,11.164,2.373,6.427e-16,-,0
1023,1,z:r2c,nat-oop,2223,5439,11.502,2.446,6.427e-16,-,1
1024,1,z:r2c,nat-oop,509,533,50.332,1.048,3.396e-16,-,0
1024,1,z:r2c,nat-oop,486,533,52.678,1.098,3.396e-16,-,1
1025,1,z:r2c,nat-oop,2253,7229,11.376,3.209,4.283e-16,-,0
1025,1,z:r2c,nat-oop,2242,7262,11.431,3.239,4.283e-16,-,1
1026,1,z:r2c,nat-oop,833,1807,30.814,2.170,5.415e-16,-,0
1026,1,z:r2c,nat-oop,835,1789,30.716,2.141,5.415e-16,-,1
1027,1,z:r2c,nat-oop,11083,16361,2.318,1.476,3.461e-16,-,0
1027,1,z:r2c,nat-oop,10781,16359,2.382,1.517,3.461e-16,-,1
1028,1,z:r2c,nat-oop,7330,4803,3.508,0.655,4.394e-16,-,0
1028,1,z:r2c,nat-oop,5152,4786,4.991,0.929,4.394e-16,-,1
1029,1,z:r2c,nat-oop,1996,1571,12.900,0.787,4.969e-16,-,0
1029,1,z:r2c,nat-oop,1885,1573,13.655,0.834,4.969e-16,-,1
1030,1,z:r2c,nat-oop,4951,4792,5.206,0.968,6.648e-16,-,0
1030,1,z:r2c,nat-oop,4979,4787,5.176,0.962,6.648e-16,-,1
1031,1,z:r2c,nat-oop,10694,9954,2.413,0.931,5.359e-16,-,0
1031,1,z:r2c,nat-oop,14791,9934,1.744,0.672,5.359e-16,-,1
1032,1,z:r2c,nat-oop,951,2979,27.164,3.133,4.883e-16,-,0
1032,1,z:r2c,nat-oop,956,2977,27.012,3.114,4.883e-16,-,1
1033,1,z:r2c,nat-oop,9067,10042,2.852,1.107,9.044e-16,-,0
1033,1,z:r2c,nat-oop,8869,10005,2.915,1.128,9.044e-16,-,1
1034,1,z:r2c,nat-oop,1085,3917,23.860,3.611,4.861e-16,-,0
1034,1,z:r2c,nat-oop,1103,3961,23.469,3.591,4.861e-16,-,1
1035,1,z:r2c,nat-oop,2108,4270,12.294,2.026,6.617e-16,-,0
1035,1,z:r2c,nat-oop,2233,4266,11.606,1.911,6.617e-16,-,1
1036,1,z:r2c,nat-oop,1202,2742,21.579,2.281,5.563e-16,-,0
1036,1,z:r2c,nat-oop,1174,2740,22.100,2.334,5.563e-16,-,1
1037,1,z:r2c,nat-oop,10969,13276,2.368,1.210,3.974e-16,-,0
1037,1,z:r2c,nat-oop,10847,13268,2.394,1.223,3.974e-16,-,1
1038,1,z:r2c,nat-oop,4981,4784,5.221,0.960,7.175e-16,-,0
1038,1,z:r2c,nat-oop,4968,4793,5.234,0.965,7.175e-16,-,1
1039,1,z:r2c,nat-oop,10791,9954,2.412,0.922,7.486e-16,-,0
1039,1,z:r2c,nat-oop,10811,9931,2.408,0.919,7.486e-16,-,1
1040,1,z:r2c,nat-oop,755,1081,34.494,1.431,4.551e-16,-,0
1040,1,z:r2c,nat-oop,698,989,37.325,1.417,4.551e-16,-,1
1041,1,z:r2c,nat-oop,10964,10032,2.379,0.915,5.531e-16,-,0
1041,1,z:r2c,nat-oop,10755,10015,2.426,0.931,5.531e-16,-,1
1042,1,z:r2c,nat-oop,2173,4803,12.019,2.210,7.162e-16,-,0
1042,1,z:r2c,nat-oop,2091,4811,12.491,2.301,7.162e-16,-,1
1043,1,z:r2c,nat-oop,10964,9952,2.385,0.908,4.719e-16,-,0
1043,1,z:r2c,nat-oop,11103,9971,2.355,0.898,4.719e-16,-,1
1044,1,z:r2c,nat-oop,982,2177,26.642,2.216,5.145e-16,-,0
1044,1,z:r2c,nat-oop,957,2178,27.361,2.277,5.145e-16,-,1
1045,1,z:r2c,nat-oop,2117,3675,12.375,1.736,4.708e-16,-,0
1045,1,z:r2c,nat-oop,2059,3667,12.726,1.781,4.708e-16,-,1
1046,1,z:r2c,nat-oop,3265,4797,8.034,1.469,9.318e-16,-,0
1046,1,z:r2c,nat-oop,3343,4796,7.846,1.434,9.318e-16,-,1
1047,1,z:r2c,nat-oop,13170,9939,1.994,0.755,4.436e-16,-,0
1047,1,z:r2c,nat-oop,11002,9998,2.387,0.909,4.436e-16,-,1
1048,1,z:r2c,nat-oop,5161,9980,5.093,1.934,4.630e-16,-,0
1048,1,z:r2c,nat-oop,5217,9981,5.039,1.913,4.630e-16,-,1
1049,1,z:r2c,nat-oop,10780,10016,2.441,0.929,4.925e-16,-,0
1049,1,z:r2c,nat-oop,10727,10027,2.453,0.935,4.925e-16,-,1
1050,1,z:r2c,nat-oop,740,1055,35.604,1.426,4.566e-16,-,0
1050,1,z:r2c,nat-oop,677,934,38.920,1.379,4.566e-16,-,1
1051,1,z:r2c,nat-oop,5460,9940,4.830,1.820,7.319e-16,-,0
1051,1,z:r2c,nat-oop,5613,10203,4.699,1.818,7.319e-16,-,1
1052,1,z:r2c,nat-oop,5188,4812,5.089,0.928,6.408e-16,-,0
1052,1,z:r2c,nat-oop,5553,4944,4.755,0.890,6.408e-16,-,1
1053,1,z:r2c,nat-oop,1881,1727,14.049,0.918,7.512e-16,-,0
1053,1,z:r2c,nat-oop,2077,1738,12.723,0.837,7.512e-16,-,1
1054,1,z:r2c,nat-oop,941,3174,28.128,3.374,5.477e-16,-,0
1054,1,z:r2c,nat-oop,985,3200,26.869,3.250,5.477e-16,-,1
1055,1,z:r2c,nat-oop,11008,10101,2.406,0.918,6.155e-16,-,0
1055,1,z:r2c,nat-oop,10781,9965,2.457,0.924,6.155e-16,-,1
1056,1,z:r2c,nat-oop,671,952,39.492,1.418,4.115e-16,-,0
1056,1,z:r2c,nat-oop,693,948,38.263,1.368,4.115e-16,-,1
1057,1,z:r2c,nat-oop,10837,10014,2.449,0.924,6.281e-16,-,0
1057,1,z:r2c,nat-oop,15822,10026,1.678,0.634,6.281e-16,-,1
1058,1,z:r2c,nat-oop,1192,2983,22.288,2.501,4.479e-16,-,0
1058,1,z:r2c,nat-oop,1048,3217,25.365,3.070,4.479e-16,-,1
1059,1,z:r2c,nat-oop,11287,9947,2.357,0.881,7.233e-16,-,0
1059,1,z:r2c,nat-oop,11328,9980,2.348,0.881,7.233e-16,-,1
1060,1,z:r2c,nat-oop,4955,4190,5.375,0.846,4.300e-16,-,0
1060,1,z:r2c,nat-oop,4906,4188,5.429,0.854,4.300e-16,-,1
1061,1,z:r2c,nat-oop,11513,10036,2.316,0.872,5.936e-16,-,0
1061,1,z:r2c,nat-oop,10797,10042,2.469,0.930,5.936e-16,-,1
1062,1,z:r2c,nat-oop,5094,5379,5.239,1.056,4.535e-16,-,0
1062,1,z:r2c,nat-oop,4919,5379,5.426,1.094,4.535e-16,-,1
1063,1,z:r2c,nat-oop,10935,9966,2.443,0.911,5.821e-16,-,0
1063,1,z:r2c,nat-oop,10756,10000,2.484,0.930,5.821e-16,-,1
1064,1,z:r2c,nat-oop,948,1657,28.222,1.748,4.535e-16,-,0
1064,1,z:r2c,nat-oop,783,1657,34.156,2.116,4.535e-16,-,1
1065,1,z:r2c,nat-oop,14381,14898,1.862,1.036,5.681e-16,-,0
1065,1,z:r2c,nat-oop,10890,14904,2.459,1.369,5.681e-16,-,1
1066,1,z:r2c,nat-oop,1003,3527,26.716,3.515,5.287e-16,-,0
1066,1,z:r2c,nat-oop,998,3523,26.866,3.531,5.287e-16,-,1
1067,1,z:r2c,nat-oop,11114,9982,2.414,0.898,4.932e-16,-,0
1067,1,z:r2c,nat-oop,10759,10002,2.494,0.930,4.932e-16,-,1
1068,1,z:r2c,nat-oop,4918,6686,5.462,1.359,4.362e-16,-,0
1068,1,z:r2c,nat-oop,4955,6687,5.421,1.349,4.362e-16,-,1
1069,1,z:r2c,nat-oop,10965,10081,2.452,0.919,5.687e-16,-,0
1069,1,z:r2c,nat-oop,11029,10149,2.438,0.920,5.687e-16,-,1
1070,1,z:r2c,nat-oop,5987,4793,4.497,0.801,6.859e-16,-,0
1070,1,z:r2c,nat-oop,5448,4908,4.941,0.901,6.859e-16,-,1
1071,1,z:r2c,nat-oop,2124,3399,12.689,1.600,6.103e-16,-,0
1071,1,z:r2c,nat-oop,2138,3398,12.603,1.589,6.103e-16,-,1
1072,1,z:r2c,nat-oop,5706,4703,4.728,0.824,4.445e-16,-,0
1072,1,z:r2c,nat-oop,4979,4705,5.418,0.945,4.445e-16,-,1
1073,1,z:r2c,nat-oop,4189,9232,6.448,2.204,5.716e-16,-,0
1073,1,z:r2c,nat-oop,3600,9238,7.502,2.566,5.716e-16,-,1
1074,1,z:r2c,nat-oop,4932,4823,5.481,0.978,6.835e-16,-,0
1074,1,z:r2c,nat-oop,4911,4879,5.505,0.994,6.835e-16,-,1
1075,1,z:r2c,nat-oop,2428,8063,11.148,3.321,5.399e-16,-,0
1075,1,z:r2c,nat-oop,2325,8069,11.639,3.470,5.399e-16,-,1
1076,1,z:r2c,nat-oop,4942,4841,5.482,0.979,5.750e-16,-,0
1076,1,z:r2c,nat-oop,5586,6037,4.850,1.081,5.750e-16,-,1
1077,1,z:r2c,nat-oop,10891,10045,2.490,0.922,4.947e-16,-,0
1077,1,z:r2c,nat-oop,10818,10070,2.507,0.931,4.947e-16,-,1
1078,1,z:r2c,nat-oop,808,939,33.619,1.163,4.272e-16,-,0
1078,1,z:r2c,nat-oop,804,946,33.767,1.176,4.272e-16,-,1
1079,1,z:r2c,nat-oop,10906,18232,2.492,1.672,4.738e-16,-,0
1079,1,z:r2c,nat-oop,10799,18213,2.517,1.686,4.738e-16,-,1
1080,1,z:r2c,nat-oop,694,974,39.209,1.403,5.997e-16,-,0
1080,1,z:r2c,nat-oop,643,1072,42.317,1.668,5.997e-16,-,1
1081,1,z:r2c,nat-oop,5526,10831,4.928,1.960,5.889e-16,-,0
1081,1,z:r2c,nat-oop,4036,10790,6.749,2.674,5.889e-16,-,1
1082,1,z:r2c,nat-oop,3006,4846,9.072,1.612,6.542e-16,-,0
1082,1,z:r2c,nat-oop,3002,4846,9.082,1.614,6.542e-16,-,1
1083,1,z:r2c,nat-oop,2360,5163,11.565,2.188,4.366e-16,-,0
1083,1,z:r2c,nat-oop,2728,5119,10.004,1.876,4.366e-16,-,1
1084,1,z:r2c,nat-oop,5155,4838,5.300,0.939,6.095e-16,-,0
1084,1,z:r2c,nat-oop,5195,5385,5.259,1.037,6.095e-16,-,1
1085,1,z:r2c,nat-oop,3962,5769,6.904,1.456,4.654e-16,-,0
1085,1,z:r2c,nat-oop,4372,5767,6.256,1.319,4.654e-16,-,1
1086,1,z:r2c,nat-oop,4900,4817,5.587,0.983,5.387e-16,-,0
1086,1,z:r2c,nat-oop,4932,4914,5.551,0.996,5.387e-16,-,1
1087,1,z:r2c,nat-oop,11102,10006,2.469,0.901,5.634e-16,-,0
1087,1,z:r2c,nat-oop,11047,9999,2.481,0.905,5.634e-16,-,1
1088,1,z:r2c,nat-oop,650,1573,42.185,2.419,6.262e-16,-,0
1088,1,z:r2c,nat-oop,660,1574,41.566,2.384,6.262e-16,-,1
1089,1,z:r2c,nat-oop,1895,1834,14.492,0.967,6.129e-16,-,0
1089,1,z:r2c,nat-oop,1857,1834,14.790,0.988,6.129e-16,-,1
1090,1,z:r2c,nat-oop,5186,4850,5.302,0.935,6.083e-16,-,0
1090,1,z:r2c,nat-oop,6624,4845,4.151,0.732,6.083e-16,-,1
1091,1,z:r2c,nat-oop,14587,10044,1.887,0.689,8.189e-16,-,0
1091,1,z:r2c,nat-oop,10764,10052,2.557,0.934,8.189e-16,-,1
1092,1,z:r2c,nat-oop,846,1037,32.566,1.226,4.666e-16,-,0
1092,1,z:r2c,nat-oop,821,1037,33.563,1.264,4.666e-16,-,1
1093,1,z:r2c,nat-oop,7198,14053,3.832,1.952,9.351e-16,-,0
1093,1,z:r2c,nat-oop,6363,10370,4.335,1.630,9.351e-16,-,1
1094,1,z:r2c,nat-oop,2355,4826,11.725,2.049,9.927e-16,-,0
1094,1,z:r2c,nat-oop,2393,4831,11.536,2.019,9.927e-16,-,1
1095,1,z:r2c,nat-oop,10894,15735,2.537,1.444,6.624e-16,-,0
1095,1,z:r2c,nat-oop,10989,15739,2.515,1.432,6.624e-16,-,1
1096,1,z:r2c,nat-oop,4982,11107,5.553,2.229,4.653e-16,-,0
1096,1,z:r2c,nat-oop,4934,11117,5.607,2.253,4.653e-16,-,1
1097,1,z:r2c,nat-oop,11087,10087,2.498,0.910,5.412e-16,-,0
1097,1,z:r2c,nat-oop,11021,10078,2.513,0.914,5.412e-16,-,1
1098,1,z:r2c,nat-oop,5078,5882,5.460,1.158,5.696e-16,-,0
1098,1,z:r2c,nat-oop,5064,5883,5.475,1.162,5.696e-16,-,1
1099,1,z:r2c,nat-oop,13091,10042,2.120,0.767,5.177e-16,-,0
1099,1,z:r2c,nat-oop,11111,10022,2.498,0.902,5.177e-16,-,1
1100,1,z:r2c,nat-oop,713,1045,38.989,1.466,4.220e-16,-,0
1100,1,z:r2c,nat-oop,713,1047,38.983,1.469,4.220e-16,-,1
1101,1,z:r2c,nat-oop,10958,10113,2.538,0.923,5.569e-16,-,0
1101,1,z:r2c,nat-oop,11168,10095,2.490,0.904,5.569e-16,-,1
1102,1,z:r2c,nat-oop,1047,3326,26.600,3.178,4.914e-16,-,0
1102,1,z:r2c,nat-oop,1014,3433,27.455,3.385,4.914e-16,-,1
1103,1,z:r2c,nat-oop,12308,10477,2.264,0.851,4.889e-16,-,0
1103,1,z:r2c,nat-oop,11195,10033,2.490,0.896,4.889e-16,-,1
1104,1,z:r2c,nat-oop,926,1981,30.141,2.141,7.486e-16,-,0
1104,1,z:r2c,nat-oop,941,1970,29.639,2.093,7.486e-16,-,1
1105,1,z:r2c,nat-oop,2162,3671,12.920,1.698,6.526e-16,-,0
1105,1,z:r2c,nat-oop,2162,3685,12.919,1.705,6.526e-16,-,1
1106,1,z:r2c,nat-oop,5204,7942,5.372,1.526,5.743e-16,-,0
1106,1,z:r2c,nat-oop,5122,7938,5.458,1.550,5.743e-16,-,1
1107,1,z:r2c,nat-oop,2333,7881,11.994,3.377,5.339e-16,-,0
1107,1,z:r2c,nat-oop,2467,7866,11.343,3.188,5.339e-16,-,1
1108,1,z:r2c,nat-oop,4952,4851,5.657,0.980,5.365e-16,-,0
1108,1,z:r2c,nat-oop,5201,4861,5.387,0.935,5.365e-16,-,1
1109,1,z:r2c,nat-oop,10890,10083,2.575,0.926,4.925e-16,-,0
1109,1,z:r2c,nat-oop,11582,10081,2.421,0.870,4.925e-16,-,1
1110,1,z:r2c,nat-oop,965,3232,29.083,3.348,3.371e-16,-,0
1110,1,z:r2c,nat-oop,963,3233,29.152,3.358,3.371e-16,-,1
1111,1,z:r2c,nat-oop,10991,10025,2.557,0.912,5.403e-16,-,0
1111,1,z:r2c,nat-oop,10884,10031,2.582,0.922,5.403e-16,-,1
1112,1,z:r2c,nat-oop,4887,11243,5.756,2.300,4.769e-16,-,0
1112,1,z:r2c,nat-oop,4912,11251,5.727,2.290,4.769e-16,-,1
1113,1,z:r2c,nat-oop,10902,10923,2.583,1.002,4.980e-16,-,0
1113,1,z:r2c,nat-oop,10893,10922,2.585,1.003,4.980e-16,-,1
1114,1,z:r2c,nat-oop,4951,4891,5.693,0.988,4.416e-16,-,0
1114,1,z:r2c,nat-oop,5010,4859,5.627,0.970,4.416e-16,-,1
1115,1,z:r2c,nat-oop,10836,10039,2.604,0.926,6.263e-16,-,0
1115,1,z:r2c,nat-oop,11704,10051,2.411,0.859,6.263e-16,-,1
1116,1,z:r2c,nat-oop,1038,2421,27.215,2.333,5.563e-16,-,0
1116,1,z:r2c,nat-oop,1042,2422,27.099,2.324,5.563e-16,-,1
1117,1,z:r2c,nat-oop,7031,10084,4.021,1.434,9.815e-16,-,0
1117,1,z:r2c,nat-oop,7128,10481,3.967,1.471,9.815e-16,-,1
1118,1,z:r2c,nat-oop,1093,4041,25.891,3.696,5.175e-16,-,0
1118,1,z:r2c,nat-oop,1086,4360,26.061,4.015,5.175e-16,-,1
1119,1,z:r2c,nat-oop,10780,10043,2.628,0.932,5.803e-16,-,0
1119,1,z:r2c,nat-oop,11365,10052,2.493,0.884,5.803e-16,-,1
1120,1,z:r2c,nat-oop,719,881,39.433,1.224,4.370e-16,-,0
1120,1,z:r2c,nat-oop,712,881,39.817,1.237,4.370e-16,-,1
1121,1,z:r2c,nat-oop,11030,13928,2.574,1.263,5.159e-16,-,0
1121,1,z:r2c,nat-oop,11120,13917,2.553,1.252,5.159e-16,-,1
1122,1,z:r2c,nat-oop,977,1706,29.082,1.746,1.370e-15,-,0
1122,1,z:r2c,nat-oop,1087,1706,26.134,1.569,1.370e-15,-,1
1123,1,z:r2c,nat-oop,5917,10860,4.808,1.835,9.647e-16,-,0
1123,1,z:r2c,nat-oop,7194,10070,3.955,1.400,9.647e-16,-,1
1124,1,z:r2c,nat-oop,5054,4853,5.635,0.960,5.950e-16,-,0
1124,1,z:r2c,nat-oop,5017,4868,5.677,0.970,5.950e-16,-,1
1125,1,z:r2c,nat-oop,1902,1762,14.984,0.926,6.590e-16,-,0
1125,1,z:r2c,nat-oop,2003,1756,14.229,0.876,6.590e-16,-,1
1126,1,z:r2c,nat-oop,6695,4853,4.262,0.725,5.713e-16,-,0
1126,1,z:r2c,nat-oop,6023,4850,4.738,0.805,5.713e-16,-,1
1127,1,z:r2c,nat-oop,2249,4596,12.701,2.044,6.286e-16,-,0
1127,1,z:r2c,nat-oop,2383,4594,11.985,1.928,6.286e-16,-,1
1128,1,z:r2c,nat-oop,1114,3652,25.666,3.278,4.219e-16,-,0
1128,1,z:r2c,nat-oop,1107,3654,25.826,3.300,4.219e-16,-,1
1129,1,z:r2c,nat-oop,10932,10123,2.618,0.926,7.404e-16,-,0
1129,1,z:r2c,nat-oop,11184,10094,2.559,0.903,7.404e-16,-,1
1130,1,z:r2c,nat-oop,7743,4871,3.700,0.629,6.979e-16,-,0
1130,1,z:r2c,nat-oop,5031,4884,5.695,0.971,6.979e-16,-,1
1131,1,z:r2c,nat-oop,2565,5752,11.180,2.242,6.105e-16,-,0
1131,1,z:r2c,nat-oop,2507,5753,11.442,2.295,6.105e-16,-,1
1132,1,z:r2c,nat-oop,5086,4873,5.645,0.958,7.037e-16,-,0
1132,1,z:r2c,nat-oop,5071,5075,5.662,1.001,7.037e-16,-,1
1133,1,z:r2c,nat-oop,11050,10125,2.601,0.916,4.757e-16,-,0
1133,1,z:r2c,nat-oop,10997,10146,2.613,0.923,4.757e-16,-,1
1134,1,z:r2c,nat-oop,745,1055,38.610,1.416,4.877e-16,-,0
1134,1,z:r2c,nat-oop,746,1056,38.579,1.417,4.877e-16,-,1
1135,1,z:r2c,nat-oop,14496,10179,1.986,0.702,5.735e-16,-,0
1135,1,z:r2c,nat-oop,14781,10066,1.948,0.681,5.735e-16,-,1
1136,1,z:r2c,nat-oop,5047,5334,5.711,1.057,4.177e-16,-,0
1136,1,z:r2c,nat-oop,5017,5336,5.745,1.064,4.177e-16,-,1
1137,1,z:r2c,nat-oop,11098,10140,2.600,0.914,6.545e-16,-,0
1137,1,z:r2c,nat-oop,10839,10132,2.662,0.935,6.545e-16,-,1
1138,1,z:r2c,nat-oop,4992,4873,5.786,0.976,5.165e-16,-,0
1138,1,z:r2c,nat-oop,5001,4881,5.775,0.976,5.165e-16,-,1
1139,1,z:r2c,nat-oop,14997,16132,1.928,1.076,4.316e-16,-,0
1139,1,z:r2c,nat-oop,10863,16140,2.662,1.486,4.316e-16,-,1
1140,1,z:r2c,nat-oop,939,1740,30.834,1.854,5.072e-16,-,0
1140,1,z:r2c,nat-oop,935,1743,30.948,1.864,5.072e-16,-,1
1141,1,z:r2c,nat-oop,11130,10146,2.603,0.912,5.107e-16,-,0
1141,1,z:r2c,nat-oop,11132,10167,2.603,0.913,5.107e-16,-,1
1142,1,z:r2c,nat-oop,2790,4895,10.393,1.754,6.756e-16,-,0
1142,1,z:r2c,nat-oop,2797,4863,10.367,1.739,6.756e-16,-,1
1143,1,z:r2c,nat-oop,10876,10058,2.669,0.925,6.571e-16,-,0
1143,1,z:r2c,nat-oop,10944,10041,2.652,0.917,6.571e-16,-,1
1144,1,z:r2c,nat-oop,894,1102,32.500,1.233,6.666e-16,-,0
1144,1,z:r2c,nat-oop,917,1103,31.695,1.203,6.666e-16,-,1
1145,1,z:r2c,nat-oop,11014,10138,2.641,0.920,7.368e-16,-,0
1145,1,z:r2c,nat-oop,11153,10134,2.608,0.909,7.368e-16,-,1
1146,1,z:r2c,nat-oop,5063,4883,5.750,0.964,6.110e-16,-,0
1146,1,z:r2c,nat-oop,4973,4874,5.855,0.980,6.110e-16,-,1
1147,1,z:r2c,nat-oop,3015,9995,9.665,3.315,8.399e-16,-,0
1147,1,z:r2c,nat-oop,3018,9991,9.658,3.311,8.399e-16,-,1
1148,1,z:r2c,nat-oop,1540,3656,18.942,2.374,1.642e-15,-,0
1148,1,z:r2c,nat-oop,1458,3294,20.016,2.260,1.642e-15,-,1
1149,1,z:r2c,nat-oop,13507,10181,2.162,0.754,5.170e-16,-,0
1149,1,z:r2c,nat-oop,10946,10154,2.668,0.928,5.170e-16,-,1
1150,1,z:r2c,nat-oop,912,2123,32.043,2.327,5.039e-16,-,0
1150,1,z:r2c,nat-oop,938,2119,31.170,2.260,5.039e-16,-,1
1151,1,z:r2c,nat-oop,6884,10071,4.251,1.463,8.312e-16,-,0
1151,1,z:r2c,nat-oop,6752,10080,4.334,1.493,8.312e-16,-,1
1152,1,z:r2c,nat-oop,536,943,54.679,1.760,3.861e-16,-,0
1152,1,z:r2c,nat-oop,543,957,53.918,1.762,3.861e-16,-,1
1153,1,z:r2c,nat-oop,4592,11657,6.385,2.539,9.823e-16,-,0
1153,1,z:r2c,nat-oop,4676,11677,6.271,2.497,9.823e-16,-,1
1154,1,z:r2c,nat-oop,2083,5052,14.092,2.426,8.329e-16,-,0
1154,1,z:r2c,nat-oop,2061,5055,14.241,2.453,8.329e-16,-,1
1155,1,z:r2c,nat-oop,1974,1885,14.880,0.955,5.169e-16,-,0
1155,1,z:r2c,nat-oop,1933,1886,15.199,0.976,5.169e-16,-,1
1156,1,z:r2c,nat-oop,1107,2307,26.573,2.085,8.290e-16,-,0
1156,1,z:r2c,nat-oop,1119,2308,26.267,2.061,8.290e-16,-,1
1157,1,z:r2c,nat-oop,10948,21079,2.689,1.925,4.258e-16,-,0
1157,1,z:r2c,nat-oop,11082,21052,2.656,1.900,4.258e-16,-,1
1158,1,z:r2c,nat-oop,4970,5028,5.929,1.012,6.086e-16,-,0
1158,1,z:r2c,nat-oop,5170,5134,5.699,0.993,6.086e-16,-,1
1159,1,z:r2c,nat-oop,11047,14993,2.670,1.357,4.847e-16,-,0
1159,1,z:r2c,nat-oop,11149,14976,2.645,1.343,4.847e-16,-,1
1160,1,z:r2c,nat-oop,1148,2353,25.710,2.050,6.083e-16,-,0
1160,1,z:r2c,nat-oop,1109,2354,26.627,2.123,6.083e-16,-,1
1161,1,z:r2c,nat-oop,2822,8846,10.472,3.135,4.568e-16,-,0
1161,1,z:r2c,nat-oop,2433,8837,12.144,3.632,4.568e-16,-,1
1162,1,z:r2c,nat-oop,5035,8996,5.875,1.787,4.552e-16,-,0
1162,1,z:r2c,nat-oop,4983,9001,5.936,1.806,4.552e-16,-,1
1163,1,z:r2c,nat-oop,11574,11543,2.558,0.997,4.812e-16,-,0
1163,1,z:r2c,nat-oop,11350,11556,2.609,1.018,4.812e-16,-,1
1164,1,z:r2c,nat-oop,5011,8073,5.915,1.611,6.334e-16,-,0
1164,1,z:r2c,nat-oop,5208,8081,5.691,1.552,6.334e-16,-,1
1165,1,z:r2c,nat-oop,10914,11875,2.718,1.088,5.230e-16,-,0
1165,1,z:r2c,nat-oop,11052,11637,2.684,1.053,5.230e-16,-,1
1166,1,z:r2c,nat-oop,4993,5347,5.948,1.071,5.519e-16,-,0
1166,1,z:r2c,nat-oop,5101,5214,5.822,1.022,5.519e-16,-,1
1167,1,z:r2c,nat-oop,11077,11554,2.684,1.043,7.008e-16,-,0
1167,1,z:r2c,nat-oop,11083,11626,2.682,1.049,7.008e-16,-,1
1168,1,z:r2c,nat-oop,5008,5711,5.941,1.140,3.750e-16,-,0
1168,1,z:r2c,nat-oop,5058,5712,5.882,1.129,3.750e-16,-,1
1169,1,z:r2c,nat-oop,11050,11892,2.695,1.076,4.841e-16,-,0
1169,1,z:r2c,nat-oop,10848,11679,2.745,1.077,4.841e-16,-,1
1170,1,z:r2c,nat-oop,949,1088,31.427,1.147,6.083e-16,-,0
1170,1,z:r2c,nat-oop,922,1097,32.348,1.190,6.083e-16,-,1
1171,1,z:r2c,nat-oop,5245,11589,5.689,2.209,8.175e-16,-,0
1171,1,z:r2c,nat-oop,5231,11580,5.704,2.214,8.175e-16,-,1
1172,1,z:r2c,nat-oop,4973,5058,6.007,1.017,5.607e-16,-,0
1172,1,z:r2c,nat-oop,4965,5057,6.016,1.018,5.607e-16,-,1
1173,1,z:r2c,nat-oop,3036,6241,9.847,2.055,7.898e-16,-,0
1173,1,z:r2c,nat-oop,3005,6141,9.950,2.044,7.898e-16,-,1
1174,1,z:r2c,nat-oop,5057,5040,5.919,0.997,6.127e-16,-,0
1174,1,z:r2c,nat-oop,5109,5032,5.858,0.985,6.127e-16,-,1
1175,1,z:r2c,nat-oop,2812,9908,10.652,3.523,4.102e-16,-,0
1175,1,z:r2c,nat-oop,2795,9901,10.719,3.542,4.102e-16,-,1
1176,1,z:r2c,nat-oop,1112,1061,26.967,0.954,3.753e-16,-,0
1176,1,z:r2c,nat-oop,815,1062,36.794,1.303,3.753e-16,-,1
1177,1,z:r2c,nat-oop,11002,11680,2.728,1.062,5.694e-16,-,0
1177,1,z:r2c,nat-oop,11243,11676,2.670,1.039,5.694e-16,-,1
1178,1,z:r2c,nat-oop,1092,3677,27.518,3.368,5.235e-16,-,0
1178,1,z:r2c,nat-oop,1137,3714,26.433,3.267,5.235e-16,-,1
1179,1,z:r2c,nat-oop,11094,11597,2.711,1.045,8.280e-16,-,0
1179,1,z:r2c,nat-oop,11108,11613,2.707,1.045,8.280e-16,-,1
1180,1,z:r2c,nat-oop,5096,5153,5.907,1.011,5.359e-16,-,0
1180,1,z:r2c,nat-oop,4977,5148,6.049,1.034,5.359e-16,-,1
1181,1,z:r2c,nat-oop,11983,11643,2.515,0.972,6.612e-16,-,0
1181,1,z:r2c,nat-oop,11172,11694,2.697,1.047,6.612e-16,-,1
1182,1,z:r2c,nat-oop,4983,5043,6.053,1.012,5.779e-16,-,0
1182,1,z:r2c,nat-oop,4976,5038,6.061,1.012,5.779e-16,-,1
1183,1,z:r2c,nat-oop,2124,2058,14.214,0.969,6.922e-16,-,0
1183,1,z:r2c,nat-oop,2286,2062,13.207,0.902,6.922e-16,-,1
1184,1,z:r2c,nat-oop,900,2633,33.574,2.925,4.320e-16,-,0
1184,1,z:r2c,nat-oop,901,2643,33.552,2.934,4.320e-16,-,1
1185,1,z:r2c,nat-oop,11230,18769,2.694,1.671,4.251e-16,-,0
1185,1,z:r2c,nat-oop,11135,18789,2.717,1.687,4.251e-16,-,1
1186,1,z:r2c,nat-oop,3927,5066,7.711,1.290,7.761e-16,-,0
1186,1,z:r2c,nat-oop,3208,5067,9.440,1.580,7.761e-16,-,1
1187,1,z:r2c,nat-oop,11062,11608,2.740,1.049,6.857e-16,-,0
1187,1,z:r2c,nat-oop,10909,15971,2.778,1.464,6.857e-16,-,1
1188,1,z:r2c,nat-oop,905,1188,33.537,1.313,4.633e-16,-,0
1188,1,z:r2c,nat-oop,872,1133,34.781,1.299,4.633e-16,-,1
1189,1,z:r2c,nat-oop,5000,11154,6.073,2.231,5.171e-16,-,0
1189,1,z:r2c,nat-oop,3495,11095,8.689,3.175,5.171e-16,-,1
1190,1,z:r2c,nat-oop,1107,1813,27.460,1.638,6.239e-16,-,0
1190,1,z:r2c,nat-oop,1163,1813,26.132,1.559,6.239e-16,-,1
1191,1,z:r2c,nat-oop,11065,11604,2.750,1.049,5.602e-16,-,0
1191,1,z:r2c,nat-oop,11073,11656,2.748,1.053,5.602e-16,-,1
1192,1,z:r2c,nat-oop,5141,13217,5.923,2.571,4.927e-16,-,0
1192,1,z:r2c,nat-oop,4944,13204,6.160,2.671,4.927e-16,-,1
1193,1,z:r2c,nat-oop,10858,11677,2.807,1.075,4.410e-16,-,0
1193,1,z:r2c,nat-oop,11110,11698,2.744,1.053,4.410e-16,-,1
1194,1,z:r2c,nat-oop,5123,5074,5.956,0.991,6.292e-16,-,0
1194,1,z:r2c,nat-oop,5022,5066,6.075,1.009,6.292e-16,-,1
1195,1,z:r2c,nat-oop,11625,11622,2.627,1.000,5.413e-16,-,0
1195,1,z:r2c,nat-oop,10964,11941,2.786,1.089,5.413e-16,-,1
1196,1,z:r2c,nat-oop,1232,2356,24.810,1.912,5.768e-16,-,0
1196,1,z:r2c,nat-oop,1220,2357,25.059,1.932,5.768e-16,-,1
1197,1,z:r2c,nat-oop,2722,4205,11.241,1.545,1.625e-15,-,0
1197,1,z:r2c,nat-oop,2886,4217,10.604,1.461,1.625e-15,-,1
1198,1,z:r2c,nat-oop,4989,5048,6.139,1.012,5.275e-16,-,0
1198,1,z:r2c,nat-oop,5054,5049,6.060,0.999,5.275e-16,-,1
1199,1,z:r2c,nat-oop,11080,11643,2.767,1.051,5.488e-16,-,0
1199,1,z:r2c,nat-oop,11013,11545,2.784,1.048,5.488e-16,-,1
1200,1,z:r2c,nat-oop,770,1065,39.851,1.384,3.840e-16,-,0
1200,1,z:r2c,nat-oop,769,1065,39.910,1.386,3.840e-16,-,1
1201,1,z:r2c,nat-oop,7498,11852,4.096,1.581,7.191e-16,-,0
1201,1,z:r2c,nat-oop,7864,11725,3.906,1.491,7.191e-16,-,1
1202,1,z:r2c,nat-oop,3081,5071,9.977,1.646,9.162e-16,-,0
1202,1,z:r2c,nat-oop,3257,5080,9.439,1.560,9.162e-16,-,1
1203,1,z:r2c,nat-oop,11132,11639,2.764,1.046,5.906e-16,-,0
1203,1,z:r2c,nat-oop,11017,11632,2.793,1.056,5.906e-16,-,1
1204,1,z:r2c,nat-oop,1562,3596,19.722,2.302,5.613e-16,-,0
1204,1,z:r2c,nat-oop,1878,3599,16.398,1.916,5.613e-16,-,1
1205,1,z:r2c,nat-oop,11052,11679,2.790,1.057,5.163e-16,-,0
1205,1,z:r2c,nat-oop,11031,11719,2.795,1.062,5.163e-16,-,1
1206,1,z:r2c,nat-oop,6203,7152,4.976,1.153,4.562e-16,-,0
1206,1,z:r2c,nat-oop,5060,7151,6.099,1.413,4.562e-16,-,1
1207,1,z:r2c,nat-oop,12374,18282,2.497,1.477,4.773e-16,-,0
1207,1,z:r2c,nat-oop,10862,18250,2.844,1.680,4.773e-16,-,1
1208,1,z:r2c,nat-oop,5208,5054,5.937,0.970,5.124e-16,-,0
1208,1,z:r2c,nat-oop,5300,5062,5.834,0.955,5.124e-16,-,1
1209,1,z:r2c,nat-oop,2809,6859,11.016,2.441,5.360e-16,-,0
1209,1,z:r2c,nat-oop,2754,6607,11.237,2.399,5.360e-16,-,1
1210,1,z:r2c,nat-oop,959,1069,32.316,1.116,4.864e-16,-,0
1210,1,z:r2c,nat-oop,968,1095,31.991,1.131,4.864e-16,-,1
1211,1,z:r2c,nat-oop,11135,11586,2.785,1.040,5.278e-16,-,0
1211,1,z:r2c,nat-oop,10993,11655,2.821,1.060,5.278e-16,-,1
1212,1,z:r2c,nat-oop,4999,9304,6.208,1.861,4.097e-16,-,0
1212,1,z:r2c,nat-oop,5122,8926,6.059,1.742,4.097e-16,-,1
1213,1,z:r2c,nat-oop,11675,11712,2.661,1.003,4.911e-16,-,0
1213,1,z:r2c,nat-oop,15232,11718,2.040,0.769,4.911e-16,-,1
1214,1,z:r2c,nat-oop,5091,5065,6.108,0.995,5.568e-16,-,0
1214,1,z:r2c,nat-oop,5159,5061,6.027,0.981,5.568e-16,-,1
1215,1,z:r2c,nat-oop,2116,1918,14.710,0.907,6.180e-16,-,0
1215,1,z:r2c,nat-oop,2113,1927,14.728,0.912,6.180e-16,-,1
1216,1,z:r2c,nat-oop,705,1863,44.205,2.643,3.949e-16,-,0
1216,1,z:r2c,nat-oop,715,1865,43.554,2.607,3.949e-16,-,1
1217,1,z:r2c,nat-oop,5553,11751,5.615,2.116,8.322e-16,-,0
1217,1,z:r2c,nat-oop,5207,11705,5.989,2.248,8.322e-16,-,1
1218,1,z:r2c,nat-oop,1213,2768,25.726,2.282,4.366e-16,-,0
1218,1,z:r2c,nat-oop,1473,2761,21.186,1.874,4.366e-16,-,1
1219,1,z:r2c,nat-oop,11283,13869,2.769,1.229,5.072e-16,-,0
1219,1,z:r2c,nat-oop,11259,13875,2.775,1.232,5.072e-16,-,1
1220,1,z:r2c,nat-oop,5229,5556,5.981,1.063,5.255e-16,-,0
1220,1,z:r2c,nat-oop,5053,5553,6.189,1.099,5.255e-16,-,1
1221,1,z:r2c,nat-oop,3308,7797,9.461,2.357,5.341e-16,-,0
1221,1,z:r2c,nat-oop,2999,7805,10.436,2.602,5.341e-16,-,1
1222,1,z:r2c,nat-oop,1329,4703,23.573,3.539,5.947e-16,-,0
1222,1,z:r2c,nat-oop,1309,4810,23.926,3.673,5.947e-16,-,1
1223,1,z:r2c,nat-oop,11335,11582,2.767,1.022,6.713e-16,-,0
1223,1,z:r2c,nat-oop,10935,11580,2.868,1.059,6.713e-16,-,1
1224,1,z:r2c,nat-oop,948,1859,33.103,1.960,5.946e-16,-,0
1224,1,z:r2c,nat-oop,940,1852,33.388,1.970,5.946e-16,-,1
1225,1,z:r2c,nat-oop,2202,1963,14.269,0.891,4.847e-16,-,0
1225,1,z:r2c,nat-oop,2308,1950,13.614,0.845,4.847e-16,-,1
1226,1,z:r2c,nat-oop,3020,5094,10.411,1.687,1.031e-15,-,0
1226,1,z:r2c,nat-oop,2877,5090,10.930,1.769,1.031e-15,-,1
1227,1,z:r2c,nat-oop,10985,11634,2.865,1.059,5.976e-16,-,0
1227,1,z:r2c,nat-oop,11123,11661,2.830,1.048,5.976e-16,-,1
1228,1,z:r2c,nat-oop,4939,5090,6.379,1.031,6.432e-16,-,0
1228,1,z:r2c,nat-oop,4969,5094,6.340,1.025,6.432e-16,-,1
1229,1,z:r2c,nat-oop,11134,11894,2.832,1.068,6.237e-16,-,0
1229,1,z:r2c,nat-oop,11133,11737,2.833,1.054,6.237e-16,-,1
1230,1,z:r2c,nat-oop,1144,4090,27.579,3.574,5.053e-16,-,0
1230,1,z:r2c,nat-oop,1144,4099,27.593,3.584,5.053e-16,-,1
1231,1,z:r2c,nat-oop,11639,11676,2.714,1.003,6.019e-16,-,0
1231,1,z:r2c,nat-oop,11110,11670,2.843,1.050,6.019e-16,-,1
1232,1,z:r2c,nat-oop,852,1180,37.120,1.385,4.065e-16,-,0
1232,1,z:r2c,nat-oop,867,1132,36.471,1.306,4.065e-16,-,1
1233,1,z:r2c,nat-oop,11078,11752,2.857,1.061,6.118e-16,-,0
1233,1,z:r2c,nat-oop,11006,11732,2.876,1.066,6.118e-16,-,1
1234,1,z:r2c,nat-oop,2492,5095,12.711,2.044,5.615e-16,-,0
1234,1,z:r2c,nat-oop,2469,5096,12.829,2.064,5.615e-16,-,1
1235,1,z:r2c,nat-oop,2702,4505,11.734,1.667,7.277e-16,-,0
1235,1,z:r2c,nat-oop,2613,4496,12.136,1.721,7.277e-16,-,1
1236,1,z:r2c,nat-oop,5053,9078,6.282,1.797,4.792e-16,-,0
1236,1,z:r2c,nat-oop,5063,9076,6.269,1.793,4.792e-16,-,1
1237,1,z:r2c,nat-oop,11123,11765,2.856,1.058,5.871e-16,-,0
1237,1,z:r2c,nat-oop,11230,11746,2.829,1.046,5.871e-16,-,1
1238,1,z:r2c,nat-oop,5080,5073,6.260,0.999,6.171e-16,-,0
1238,1,z:r2c,nat-oop,5098,5076,6.238,0.996,6.171e-16,-,1
1239,1,z:r2c,nat-oop,11221,13905,2.836,1.239,4.722e-16,-,0
1239,1,z:r2c,nat-oop,11285,13900,2.820,1.232,4.722e-16,-,1
1240,1,z:r2c,nat-oop,1347,2625,23.657,1.949,5.324e-16,-,0
1240,1,z:r2c,nat-oop,1341,2620,23.760,1.954,5.324e-16,-,1
1241,1,z:r2c,nat-oop,11910,19272,2.677,1.618,4.483e-16,-,0
1241,1,z:r2c,nat-oop,11205,19256,2.846,1.719,4.483e-16,-,1
1242,1,z:r2c,nat-oop,945,2340,33.756,2.475,5.979e-16,-,0
1242,1,z:r2c,nat-oop,950,2340,33.594,2.463,5.979e-16,-,1
1243,1,z:r2c,nat-oop,11142,12935,2.867,1.161,6.601e-16,-,0
1243,1,z:r2c,nat-oop,11245,11649,2.841,1.036,6.601e-16,-,1
1244,1,z:r2c,nat-oop,5250,5108,6.091,0.973,5.655e-16,-,0
1244,1,z:r2c,nat-oop,5608,5102,5.701,0.910,5.655e-16,-,1
1245,1,z:r2c,nat-oop,11320,20892,2.827,1.846,4.706e-16,-,0
1245,1,z:r2c,nat-oop,14696,20902,2.178,1.422,4.706e-16,-,1
1246,1,z:r2c,nat-oop,5216,10903,6.141,2.090,5.126e-16,-,0
1246,1,z:r2c,nat-oop,5035,10903,6.362,2.166,5.126e-16,-,1
1247,1,z:r2c,nat-oop,4483,12233,7.152,2.729,1.332e-15,-,0
1247,1,z:r2c,nat-oop,4058,12223,7.900,3.012,1.332e-15,-,1
1248,1,z:r2c,nat-oop,895,1137,35.839,1.269,6.593e-16,-,0
1248,1,z:r2c,nat-oop,896,1137,35.824,1.270,6.593e-16,-,1
1249,1,z:r2c,nat-oop,5815,11715,5.523,2.014,8.285e-16,-,0
1249,1,z:r2c,nat-oop,5728,11756,5.608,2.052,8.285e-16,-,1
1250,1,z:r2c,nat-oop,869,1126,36.975,1.296,4.065e-16,-,0
1250,1,z:r2c,nat-oop,853,1129,37.685,1.323,4.065e-16,-,1
1251,1,z:r2c,nat-oop,11079,11612,2.904,1.048,5.189e-16,-,0
1251,1,z:r2c,nat-oop,11156,11679,2.884,1.047,5.189e-16,-,1
1252,1,z:r2c,nat-oop,5004,5109,6.437,1.021,6.781e-16,-,0
1252,1,z:r2c,nat-oop,5143,5108,6.263,0.993,6.781e-16,-,1
1253,1,z:r2c,nat-oop,11571,13587,2.786,1.174,6.725e-16,-,0
1253,1,z:r2c,nat-oop,12980,11769,2.484,0.907,6.725e-16,-,1
1254,1,z:r2c,nat-oop,1410,2004,22.888,1.422,5.674e-16,-,0
1254,1,z:r2c,nat-oop,1753,2000,18.405,1.141,5.674e-16,-,1
1255,1,z:r2c,nat-oop,15136,11652,2.134,0.770,6.548e-16,-,0
1255,1,z:r2c,nat-oop,11347,12027,2.846,1.060,6.548e-16,-,1
1256,1,z:r2c,nat-oop,5005,5094,6.459,1.018,5.565e-16,-,0
1256,1,z:r2c,nat-oop,5187,5083,6.232,0.980,5.565e-16,-,1
1257,1,z:r2c,nat-oop,11007,11802,2.939,1.072,4.891e-16,-,0
1257,1,z:r2c,nat-oop,11023,11802,2.935,1.071,4.891e-16,-,1
1258,1,z:r2c,nat-oop,1304,4475,24.831,3.431,5.648e-16,-,0
1258,1,z:r2c,nat-oop,2384,4487,13.586,1.883,5.648e-16,-,1
1259,1,z:r2c,nat-oop,10942,11715,2.962,1.071,6.306e-16,-,0
1259,1,z:r2c,nat-oop,11018,11648,2.942,1.057,6.306e-16,-,1
1260,1,z:r2c,nat-oop,844,1095,38.421,1.297,4.843e-16,-,0
1260,1,z:r2c,nat-oop,861,1094,37.686,1.271,4.843e-16,-,1
1261,1,z:r2c,nat-oop,11014,11727,2.948,1.065,5.909e-16,-,0
1261,1,z:r2c,nat-oop,10925,11832,2.972,1.083,5.909e-16,-,1
1262,1,z:r2c,nat-oop,3309,5093,9.823,1.539,9.414e-16,-,0
1262,1,z:r2c,nat-oop,3072,5089,10.580,1.657,9.414e-16,-,1
1263,1,z:r2c,nat-oop,11231,11632,2.897,1.036,4.564e-16,-,0
1263,1,z:r2c,nat-oop,11224,11670,2.898,1.040,4.564e-16,-,1
1264,1,z:r2c,nat-oop,6511,6714,5.001,1.031,3.977e-16,-,0
1264,1,z:r2c,nat-oop,5095,6714,6.391,1.318,3.977e-16,-,1
1265,1,z:r2c,nat-oop,2942,5270,11.077,1.791,1.021e-15,-,0
1265,1,z:r2c,nat-oop,2994,5239,10.883,1.750,1.021e-15,-,1
1266,1,z:r2c,nat-oop,5521,5560,5.909,1.007,6.839e-16,-,0
1266,1,z:r2c,nat-oop,5785,5115,5.638,0.884,6.839e-16,-,1
1267,1,z:r2c,nat-oop,11311,11718,2.886,1.036,5.326e-16,-,0
1267,1,z:r2c,nat-oop,11092,11738,2.943,1.058,5.326e-16,-,1
1268,1,z:r2c,nat-oop,5316,5455,6.147,1.026,5.664e-16,-,0
1268,1,z:r2c,nat-oop,5043,5121,6.480,1.016,5.664e-16,-,1
1269,1,z:r2c,nat-oop,3518,10798,9.296,3.069,6.064e-16,-,0
1269,1,z:r2c,nat-oop,3560,10803,9.188,3.035,6.064e-16,-,1
1270,1,z:r2c,nat-oop,5473,5135,5.981,0.938,6.841e-16,-,0
1270,1,z:r2c,nat-oop,5192,6795,6.305,1.309,6.841e-16,-,1
1271,1,z:r2c,nat-oop,3426,12030,9.562,3.511,1.400e-15,-,0
1271,1,z:r2c,nat-oop,3353,12053,9.772,3.595,1.400e-15,-,1
1272,1,z:r2c,nat-oop,5057,4672,6.485,0.924,4.185e-16,-,0
1272,1,z:r2c,nat-oop,5012,4675,6.543,0.933,4.185e-16,-,1
1273,1,z:r2c,nat-oop,11079,18218,2.963,1.644,4.404e-16,-,0
1273,1,z:r2c,nat-oop,11065,18310,2.967,1.655,4.404e-16,-,1
1274,1,z:r2c,nat-oop,1064,1135,30.889,1.067,4.955e-16,-,0
1274,1,z:r2c,nat-oop,1131,1134,29.060,1.003,4.955e-16,-,1
1275,1,z:r2c,nat-oop,2730,4313,12.046,1.580,6.478e-16,-,0
1275,1,z:r2c,nat-oop,2628,4090,12.515,1.557,6.478e-16,-,1
1276,1,z:r2c,nat-oop,1444,2863,22.787,1.982,5.263e-16,-,0
1276,1,z:r2c,nat-oop,1356,2859,24.274,2.109,5.263e-16,-,1
1277,1,z:r2c,nat-oop,8672,11870,3.799,1.369,8.469e-16,-,0
1277,1,z:r2c,nat-oop,7933,11789,4.153,1.486,8.469e-16,-,1
1278,1,z:r2c,nat-oop,5032,8123,6.552,1.614,3.510e-16,-,0
1278,1,z:r2c,nat-oop,5561,8110,5.929,1.458,3.510e-16,-,1
1279,1,z:r2c,nat-oop,10957,11722,3.012,1.070,4.660e-16,-,0
1279,1,z:r2c,nat-oop,11198,11736,2.947,1.048,4.660e-16,-,1
1280,1,z:r2c,nat-oop,587,1085,56.308,1.850,4.339e-16,-,0
1280,1,z:r2c,nat-oop,573,1101,57.608,1.919,4.339e-16,-,1
1281,1,z:r2c,nat-oop,11253,14993,2.938,1.332,4.262e-16,-,0
1281,1,z:r2c,nat-oop,11215,14992,2.948,1.337,4.262e-16,-,1
1282,1,z:r2c,nat-oop,2123,6551,15.589,3.086,6.300e-16,-,0
1282,1,z:r2c,nat-oop,2177,6519,15.201,2.995,6.300e-16,-,1
1283,1,z:r2c,nat-oop,10916,13611,3.034,1.247,6.695e-16,-,0
1283,1,z:r2c,nat-oop,11199,13578,2.957,1.212,6.695e-16,-,1
1284,1,z:r2c,nat-oop,5053,9843,6.560,1.948,5.048e-16,-,0
1284,1,z:r2c,nat-oop,5252,9851,6.311,1.876,5.048e-16,-,1
1285,1,z:r2c,nat-oop,11585,13693,2.864,1.182,5.862e-16,-,0
1285,1,z:r2c,nat-oop,11276,13716,2.942,1.216,5.862e-16,-,1
1286,1,z:r2c,nat-oop,5148,6495,6.450,1.262,6.252e-16,-,0
1286,1,z:r2c,nat-oop,5200,6519,6.386,1.254,6.252e-16,-,1
1287,1,z:r2c,nat-oop,2531,2233,13.132,0.882,5.894e-16,-,0
1287,1,z:r2c,nat-oop,2425,2144,13.704,0.884,5.894e-16,-,1
1288,1,z:r2c,nat-oop,1130,2290,29.431,2.026,5.557e-16,-,0
1288,1,z:r2c,nat-oop,1054,2292,31.568,2.175,5.557e-16,-,1
1289,1,z:r2c,nat-oop,7580,13701,4.392,1.808,8.272e-16,-,0
1289,1,z:r2c,nat-oop,7519,13712,4.428,1.824,8.272e-16,-,1
1290,1,z:r2c,nat-oop,1245,4498,26.758,3.612,6.190e-16,-,0
1290,1,z:r2c,nat-oop,1244,4500,26.789,3.617,6.190e-16,-,1
1291,1,z:r2c,nat-oop,11259,13604,2.963,1.208,5.280e-16,-,0
1291,1,z:r2c,nat-oop,11180,13608,2.983,1.217,5.280e-16,-,1
1292,1,z:r2c,nat-oop,1224,2715,27.270,2.218,9.572e-16,-,0
1292,1,z:r2c,nat-oop,1281,2723,26.058,2.125,9.572e-16,-,1
1293,1,z:r2c,nat-oop,10987,13716,3.041,1.248,5.216e-16,-,0
1293,1,z:r2c,nat-oop,11057,13708,3.022,1.240,5.216e-16,-,1
1294,1,z:r2c,nat-oop,5039,6485,6.637,1.287,6.807e-16,-,0
1294,1,z:r2c,nat-oop,5175,6592,6.463,1.274,6.807e-16,-,1
1295,1,z:r2c,nat-oop,2972,8262,11.264,2.780,7.560e-16,-,0
1295,1,z:r2c,nat-oop,2943,8253,11.372,2.804,7.560e-16,-,1
1296,1,z:r2c,nat-oop,804,1153,41.665,1.433,5.476e-16,-,0
1296,1,z:r2c,nat-oop,822,1163,40.750,1.415,5.476e-16,-,1
1297,1,z:r2c,nat-oop,8986,13707,3.731,1.525,7.306e-16,-,0
1297,1,z:r2c,nat-oop,11609,15980,2.888,1.377,7.306e-16,-,1
1298,1,z:r2c,nat-oop,5090,6513,6.594,1.280,3.877e-16,-,0
1298,1,z:r2c,nat-oop,5100,6524,6.580,1.279,3.877e-16,-,1
1299,1,z:r2c,nat-oop,11825,13642,2.840,1.154,5.502e-16,-,0
1299,1,z:r2c,nat-oop,13264,13634,2.532,1.028,5.502e-16,-,1
1300,1,z:r2c,nat-oop,1014,1254,33.169,1.237,6.493e-16,-,0
1300,1,z:r2c,nat-oop,1018,1287,33.033,1.265,6.493e-16,-,1
1301,1,z:r2c,nat-oop,8517,13713,3.951,1.610,9.684e-16,-,0
1301,1,z:r2c,nat-oop,8410,13710,4.001,1.630,9.684e-16,-,1
1302,1,z:r2c,nat-oop,1271,3106,26.491,2.443,4.764e-16,-,0
1302,1,z:r2c,nat-oop,1137,3107,29.619,2.732,4.764e-16,-,1
1303,1,z:r2c,nat-oop,11076,13615,3.043,1.229,6.902e-16,-,0
1303,1,z:r2c,nat-oop,10994,13700,3.066,1.246,6.902e-16,-,1
1304,1,z:r2c,nat-oop,4994,6500,6.755,1.301,6.847e-16,-,0
1304,1,z:r2c,nat-oop,5448,6506,6.193,1.194,6.847e-16,-,1
1305,1,z:r2c,nat-oop,2917,6574,11.577,2.254,5.748e-16,-,0
1305,1,z:r2c,nat-oop,2974,6568,11.354,2.208,5.748e-16,-,1
1306,1,z:r2c,nat-oop,5040,6530,6.705,1.296,4.590e-16,-,0
1306,1,z:r2c,nat-oop,5012,6527,6.743,1.302,4.590e-16,-,1
1307,1,z:r2c,nat-oop,11208,13612,3.018,1.215,5.764e-16,-,0
1307,1,z:r2c,nat-oop,14216,13637,2.379,0.959,5.764e-16,-,1
1308,1,z:r2c,nat-oop,6582,10438,5.143,1.586,4.383e-16,-,0
1308,1,z:r2c,nat-oop,5034,10445,6.726,2.075,4.383e-16,-,1
1309,1,z:r2c,nat-oop,2773,4223,12.219,1.523,9.950e-16,-,0
1309,1,z:r2c,nat-oop,2853,4230,11.878,1.483,9.950e-16,-,1
1310,1,z:r2c,nat-oop,5161,6505,6.571,1.261,8.700e-16,-,0
1310,1,z:r2c,nat-oop,5304,6504,6.394,1.226,8.700e-16,-,1
1311,1,z:r2c,nat-oop,2980,6982,11.391,2.343,6.095e-16,-,0
1311,1,z:r2c,nat-oop,2992,6979,11.343,2.332,6.095e-16,-,1
1312,1,z:r2c,nat-oop,1071,3245,31.732,3.031,3.826e-16,-,0
1312,1,z:r2c,nat-oop,1075,3248,31.608,3.022,3.826e-16,-,1
1313,1,z:r2c,nat-oop,13938,13715,2.440,0.984,6.650e-16,-,0
1313,1,z:r2c,nat-oop,11207,13746,3.034,1.227,6.650e-16,-,1
1314,1,z:r2c,nat-oop,5306,8703,6.414,1.640,7.119e-16,-,0
1314,1,z:r2c,nat-oop,5096,8720,6.678,1.711,7.119e-16,-,1
1315,1,z:r2c,nat-oop,10975,13642,3.104,1.243,7.086e-16,-,0
1315,1,z:r2c,nat-oop,10982,13650,3.102,1.243,7.086e-16,-,1
1316,1,z:r2c,nat-oop,1821,4402,18.719,2.417,5.468e-16,-,0
1316,1,z:r2c,nat-oop,1760,4404,19.369,2.502,5.468e-16,-,1
1317,1,z:r2c,nat-oop,10977,13741,3.108,1.252,5.654e-16,-,0
1317,1,z:r2c,nat-oop,12356,21635,2.761,1.751,5.654e-16,-,1
1318,1,z:r2c,nat-oop,5034,6513,6.784,1.294,5.577e-16,-,0
1318,1,z:r2c,nat-oop,5061,6504,6.748,1.285,5.577e-16,-,1
1319,1,z:r2c,nat-oop,11142,13645,3.068,1.225,4.716e-16,-,0
1319,1,z:r2c,nat-oop,13174,13648,2.595,1.036,4.716e-16,-,1
1320,1,z:r2c,nat-oop,890,1251,38.445,1.406,4.261e-16,-,0
1320,1,z:r2c,nat-oop,886,1253,38.611,1.414,4.261e-16,-,1
1321,1,z:r2c,nat-oop,6400,13747,5.349,2.148,6.387e-16,-,0
1321,1,z:r2c,nat-oop,6361,13738,5.382,2.160,6.387e-16,-,1
1322,1,z:r2c,nat-oop,3375,6549,10.154,1.941,9.202e-16,-,0
1322,1,z:r2c,nat-oop,3162,6541,10.838,2.069,9.202e-16,-,1
1323,1,z:r2c,nat-oop,2460,2095,13.944,0.852,6.228e-16,-,0
1323,1,z:r2c,nat-oop,2423,2090,14.153,0.862,6.228e-16,-,1
1324,1,z:r2c,nat-oop,5186,6540,6.619,1.261,7.689e-16,-,0
1324,1,z:r2c,nat-oop,5096,6552,6.736,1.286,7.689e-16,-,1
1325,1,z:r2c,nat-oop,11108,13100,3.093,1.179,5.632e-16,-,0
1325,1,z:r2c,nat-oop,12439,13156,2.762,1.058,5.632e-16,-,1
1326,1,z:r2c,nat-oop,1240,2152,27.731,1.735,9.970e-16,-,0
1326,1,z:r2c,nat-oop,1246,2132,27.603,1.711,9.970e-16,-,1
1327,1,z:r2c,nat-oop,7136,13638,4.823,1.911,9.971e-16,-,0
1327,1,z:r2c,nat-oop,6812,13679,5.053,2.008,9.971e-16,-,1
1328,1,z:r2c,nat-oop,5005,7473,6.882,1.493,5.911e-16,-,0
1328,1,z:r2c,nat-oop,5059,7460,6.809,1.475,5.911e-16,-,1
1329,1,z:r2c,nat-oop,11086,13758,3.110,1.241,5.318e-16,-,0
1329,1,z:r2c,nat-oop,10974,13746,3.142,1.253,5.318e-16,-,1
1330,1,z:r2c,nat-oop,1083,2129,31.853,1.965,5.363e-16,-,0
1330,1,z:r2c,nat-oop,1085,2127,31.801,1.960,5.363e-16,-,1
1331,1,z:r2c,nat-oop,2431,2405,14.207,0.989,3.440e-16,-,0
1331,1,z:r2c,nat-oop,2400,2317,14.388,0.965,3.440e-16,-,1
1332,1,z:r2c,nat-oop,1477,3361,23.397,2.275,4.978e-16,-,0
1332,1,z:r2c,nat-oop,1460,3361,23.680,2.302,4.978e-16,-,1
1333,1,z:r2c,nat-oop,5509,13251,6.279,2.405,6.703e-16,-,0
1333,1,z:r2c,nat-oop,4676,13249,7.398,2.833,6.703e-16,-,1
1334,1,z:r2c,nat-oop,1799,4370,19.247,2.429,4.518e-16,-,0
1334,1,z:r2c,nat-oop,2078,4369,16.659,2.102,4.518e-16,-,1
1335,1,z:r2c,nat-oop,11220,24159,3.088,2.153,4.451e-16,-,0
1335,1,z:r2c,nat-oop,11189,24154,3.097,2.159,4.451e-16,-,1
1336,1,z:r2c,nat-oop,5005,6522,6.930,1.303,4.409e-16,-,0
1336,1,z:r2c,nat-oop,5129,6508,6.762,1.269,4.409e-16,-,1
1337,1,z:r2c,nat-oop,11274,13770,3.079,1.221,6.281e-16,-,0
1337,1,z:r2c,nat-oop,11254,13758,3.084,1.223,6.281e-16,-,1
1338,1,z:r2c,nat-oop,5079,6566,6.840,1.293,4.932e-16,-,0
1338,1,z:r2c,nat-oop,5143,6552,6.755,1.274,4.932e-16,-,1
1339,1,z:r2c,nat-oop,11316,13651,3.073,1.206,6.247e-16,-,0
1339,1,z:r2c,nat-oop,11254,13664,3.089,1.214,6.247e-16,-,1
1340,1,z:r2c,nat-oop,5666,6668,6.142,1.177,5.559e-16,-,0
1340,1,z:r2c,nat-oop,5009,6665,6.948,1.331,5.559e-16,-,1
1341,1,z:r2c,nat-oop,11091,13803,3.140,1.245,5.956e-16,-,0
1341,1,z:r2c,nat-oop,11271,13765,3.090,1.221,5.956e-16,-,1
1342,1,z:r2c,nat-oop,5121,7127,6.807,1.392,5.797e-16,-,0
1342,1,z:r2c,nat-oop,5070,7130,6.876,1.406,5.797e-16,-,1
1343,1,z:r2c,nat-oop,11025,22807,3.165,2.069,4.786e-16,-,0
1343,1,z:r2c,nat-oop,11071,22938,3.151,2.072,4.786e-16,-,1
1344,1,z:r2c,nat-oop,665,1158,52.528,1.742,3.384e-16,-,0
1344,1,z:r2c,nat-oop,657,1158,53.182,1.764,3.384e-16,-,1
1345,1,z:r2c,nat-oop,11123,13743,3.142,1.236,5.509e-16,-,0
1345,1,z:r2c,nat-oop,11021,13789,3.171,1.251,5.509e-16,-,1
1346,1,z:r2c,nat-oop,2679,6554,13.056,2.446,8.539e-16,-,0
1346,1,z:r2c,nat-oop,2637,6557,13.265,2.487,8.539e-16,-,1
1347,1,z:r2c,nat-oop,11307,13694,3.096,1.211,5.389e-16,-,0
1347,1,z:r2c,nat-oop,11035,13686,3.172,1.240,5.389e-16,-,1
1348,1,z:r2c,nat-oop,5098,6563,6.872,1.287,6.073e-16,-,0
1348,1,z:r2c,nat-oop,5090,6555,6.883,1.288,6.073e-16,-,1
1349,1,z:r2c,nat-oop,11028,20573,3.180,1.866,5.800e-16,-,0
1349,1,z:r2c,nat-oop,10970,20583,3.196,1.876,5.800e-16,-,1
1350,1,z:r2c,nat-oop,942,1263,37.269,1.341,5.395e-16,-,0
1350,1,z:r2c,nat-oop,975,1264,36.005,1.297,5.395e-16,-,1
1351,1,z:r2c,nat-oop,11303,13710,3.108,1.213,5.813e-16,-,0
1351,1,z:r2c,nat-oop,11320,13703,3.103,1.210,5.813e-16,-,1
1352,1,z:r2c,nat-oop,1242,1306,28.315,1.052,6.619e-16,-,0
1352,1,z:r2c,nat-oop,1262,1306,27.860,1.035,6.619e-16,-,1
1353,1,z:r2c,nat-oop,3575,9603,9.843,2.686,5.240e-16,-,0
1353,1,z:r2c,nat-oop,3414,9616,10.307,2.817,5.240e-16,-,1
1354,1,z:r2c,nat-oop,3190,6566,11.040,2.059,7.082e-16,-,0
1354,1,z:r2c,nat-oop,3312,6566,10.633,1.983,7.082e-16,-,1
1355,1,z:r2c,nat-oop,11350,13694,3.105,1.206,4.928e-16,-,0
1355,1,z:r2c,nat-oop,11299,13682,3.119,1.211,4.928e-16,-,1
1356,1,z:r2c,nat-oop,5075,11252,6.950,2.217,6.106e-16,-,0
1356,1,z:r2c,nat-oop,5060,11240,6.971,2.221,6.106e-16,-,1
1357,1,z:r2c,nat-oop,11584,17466,3.048,1.508,4.946e-16,-,0
1357,1,z:r2c,nat-oop,11361,17473,3.108,1.538,4.946e-16,-,1
1358,1,z:r2c,nat-oop,5115,6530,6.907,1.277,6.015e-16,-,0
1358,1,z:r2c,nat-oop,5125,6539,6.895,1.276,6.015e-16,-,1
1359,1,z:r2c,nat-oop,11371,13704,3.110,1.205,5.339e-16,-,0
1359,1,z:r2c,nat-oop,11464,13702,3.085,1.195,5.339e-16,-,1
1360,1,z:r2c,nat-oop,1142,1995,30.998,1.748,7.674e-16,-,0
1360,1,z:r2c,nat-oop,1070,1995,33.064,1.864,7.674e-16,-,1
1361,1,z:r2c,nat-oop,6625,13770,5.347,2.078,9.328e-16,-,0
1361,1,z:r2c,nat-oop,6615,13790,5.355,2.085,9.328e-16,-,1
1362,1,z:r2c,nat-oop,5147,6580,6.888,1.278,7.989e-16,-,0
1362,1,z:r2c,nat-oop,5158,6579,6.872,1.275,7.989e-16,-,1
1363,1,z:r2c,nat-oop,5385,14607,6.589,2.713,5.340e-16,-,0
1363,1,z:r2c,nat-oop,5422,14660,6.544,2.704,5.340e-16,-,1
1364,1,z:r2c,nat-oop,1571,3180,22.602,2.024,8.331e-16,-,0
1364,1,z:r2c,nat-oop,1539,3184,23.075,2.069,8.331e-16,-,1
1365,1,z:r2c,nat-oop,2862,2260,12.420,0.790,5.577e-16,-,0
1365,1,z:r2c,nat-oop,2746,2257,12.945,0.822,5.577e-16,-,1
1366,1,z:r2c,nat-oop,5143,7044,6.916,1.370,6.546e-16,-,0
1366,1,z:r2c,nat-oop,5136,6539,6.925,1.273,6.546e-16,-,1
1367,1,z:r2c,nat-oop,11311,13721,3.147,1.213,6.405e-16,-,0
1367,1,z:r2c,nat-oop,11046,13730,3.223,1.243,6.405e-16,-,1
1368,1,z:r2c,nat-oop,1095,2183,32.537,1.994,4.754e-16,-,0
1368,1,z:r2c,nat-oop,1098,2253,32.440,2.051,4.754e-16,-,1
1369,1,z:r2c,nat-oop,5955,13091,5.988,2.198,4.901e-16,-,0
1369,1,z:r2c,nat-oop,4715,13069,7.563,2.772,4.901e-16,-,1
1370,1,z:r2c,nat-oop,5146,6576,6.935,1.278,4.451e-16,-,0
1370,1,z:r2c,nat-oop,5122,6610,6.968,1.291,4.451e-16,-,1
1371,1,z:r2c,nat-oop,11271,13690,3.169,1.215,6.761e-16,-,0
1371,1,z:r2c,nat-oop,11341,13751,3.150,1.213,6.761e-16,-,1
1372,1,z:r2c,nat-oop,1133,1349,31.538,1.190,5.711e-16,-,0
1372,1,z:r2c,nat-oop,1129,1349,31.657,1.194,5.711e-16,-,1
1373,1,z:r2c,nat-oop,11031,13826,3.243,1.253,6.111e-16,-,0
1373,1,z:r2c,nat-oop,11388,13832,3.142,1.215,6.111e-16,-,1
1374,1,z:r2c,nat-oop,5084,6555,7.043,1.289,5.345e-16,-,0
1374,1,z:r2c,nat-oop,6329,6939,5.658,1.096,5.345e-16,-,1
1375,1,z:r2c,nat-oop,2749,2358,13.037,0.858,4.643e-16,-,0
1375,1,z:r2c,nat-oop,3030,2285,11.828,0.754,4.643e-16,-,1
1376,1,z:r2c,nat-oop,1271,3567,28.229,2.807,4.571e-16,-,0
1376,1,z:r2c,nat-oop,1271,3561,28.215,2.801,4.571e-16,-,1
1377,1,z:r2c,nat-oop,2870,4505,12.506,1.569,4.437e-16,-,0
1377,1,z:r2c,nat-oop,2876,4517,12.482,1.571,4.437e-16,-,1
1378,1,z:r2c,nat-oop,5172,6243,6.946,1.207,5.907e-16,-,0
1378,1,z:r2c,nat-oop,5165,6242,6.955,1.208,5.907e-16,-,1
1379,1,z:r2c,nat-oop,11359,13733,3.165,1.209,5.225e-16,-,0
1379,1,z:r2c,nat-oop,11242,13718,3.198,1.220,5.225e-16,-,1
1380,1,z:r2c,nat-oop,1295,2421,27.798,1.870,4.076e-16,-,0
1380,1,z:r2c,nat-oop,1308,2410,27.510,1.843,4.076e-16,-,1
1381,1,z:r2c,nat-oop,9096,13819,3.960,1.519,1.247e-15,-,0
1381,1,z:r2c,nat-oop,9090,13813,3.962,1.520,1.247e-15,-,1
1382,1,z:r2c,nat-oop,3596,7695,10.022,2.140,7.714e-16,-,0
1382,1,z:r2c,nat-oop,3802,6644,9.480,1.747,7.714e-16,-,1
1383,1,z:r2c,nat-oop,11298,13762,3.193,1.218,6.828e-16,-,0
1383,1,z:r2c,nat-oop,18036,13696,2.000,0.759,6.828e-16,-,1
1384,1,z:r2c,nat-oop,5301,6590,6.811,1.243,6.319e-16,-,0
1384,1,z:r2c,nat-oop,5099,6552,7.081,1.285,6.319e-16,-,1
1385,1,z:r2c,nat-oop,13845,13836,2.610,0.999,7.333e-16,-,0
1385,1,z:r2c,nat-oop,11054,13830,3.269,1.251,7.333e-16,-,1
1386,1,z:r2c,nat-oop,1060,1278,34.105,1.205,8.066e-16,-,0
1386,1,z:r2c,nat-oop,1116,1285,32.398,1.151,8.066e-16,-,1
1387,1,z:r2c,nat-oop,11311,21679,3.200,1.917,6.039e-16,-,0
1387,1,z:r2c,nat-oop,11262,21663,3.214,1.924,6.039e-16,-,1
1388,1,z:r2c,nat-oop,5276,6582,6.866,1.248,7.125e-16,-,0
1388,1,z:r2c,nat-oop,5143,6592,7.043,1.282,7.125e-16,-,1
1389,1,z:r2c,nat-oop,11284,13826,3.213,1.225,6.569e-16,-,0
1389,1,z:r2c,nat-oop,11266,13828,3.218,1.227,6.569e-16,-,1
1390,1,z:r2c,nat-oop,5207,6548,6.968,1.257,5.495e-16,-,0
1390,1,z:r2c,nat-oop,5147,6547,7.050,1.272,5.495e-16,-,1
1391,1,z:r2c,nat-oop,11093,13746,3.273,1.239,7.809e-16,-,0
1391,1,z:r2c,nat-oop,11450,13789,3.171,1.204,7.809e-16,-,1
1392,1,z:r2c,nat-oop,1324,2916,27.441,2.202,5.049e-16,-,0
1392,1,z:r2c,nat-oop,1326,2918,27.403,2.200,5.049e-16,-,1
1393,1,z:r2c,nat-oop,11341,13862,3.207,1.222,4.791e-16,-,0
1393,1,z:r2c,nat-oop,11249,13849,3.233,1.231,4.791e-16,-,1
1394,1,z:r2c,nat-oop,1466,5566,24.823,3.796,7.516e-16,-,0
1394,1,z:r2c,nat-oop,1510,5561,24.110,3.683,7.516e-16,-,1
1395,1,z:r2c,nat-oop,4075,7508,8.941,1.843,5.191e-16,-,0
1395,1,z:r2c,nat-oop,3434,7516,10.609,2.189,5.191e-16,-,1
1396,1,z:r2c,nat-oop,5263,6604,6.928,1.255,5.093e-16,-,0
1396,1,z:r2c,nat-oop,5704,6588,6.393,1.155,5.093e-16,-,1
1397,1,z:r2c,nat-oop,13073,13838,2.791,1.059,5.381e-16,-,0
1397,1,z:r2c,nat-oop,11223,13843,3.251,1.233,5.381e-16,-,1
1398,1,z:r2c,nat-oop,5208,6572,7.012,1.262,6.667e-16,-,0
1398,1,z:r2c,nat-oop,5154,6555,7.086,1.272,6.667e-16,-,1
1399,1,z:r2c,nat-oop,11267,13762,3.244,1.221,6.308e-16,-,0
1399,1,z:r2c,nat-oop,11367,13761,3.215,1.211,6.308e-16,-,1
1400,1,z:r2c,nat-oop,931,1218,39.309,1.308,3.269e-16,-,0
1400,1,z:r2c,nat-oop,952,1214,38.440,1.276,3.269e-16,-,1
1401,1,z:r2c,nat-oop,11077,13853,3.305,1.251,6.182e-16,-,0
1401,1,z:r2c,nat-oop,11154,13849,3.282,1.242,6.182e-16,-,1
1402,1,z:r2c,nat-oop,3745,6598,9.782,1.762,8.551e-16,-,0
1402,1,z:r2c,nat-oop,4094,6592,8.950,1.610,8.551e-16,-,1
1403,1,z:r2c,nat-oop,11212,18630,3.270,1.662,4.019e-16,-,0
1403,1,z:r2c,nat-oop,11237,18648,3.263,1.659,4.019e-16,-,1
1404,1,z:r2c,nat-oop,1102,1357,33.300,1.232,4.853e-16,-,0
1404,1,z:r2c,nat-oop,1164,1357,31.535,1.166,4.853e-16,-,1
1405,1,z:r2c,nat-oop,11063,13848,3.320,1.252,5.393e-16,-,0
1405,1,z:r2c,nat-oop,11287,13882,3.254,1.230,5.393e-16,-,1
1406,1,z:r2c,nat-oop,1405,5202,26.165,3.703,4.864e-16,-,0
1406,1,z:r2c,nat-oop,1397,5180,26.316,3.709,4.864e-16,-,1
1407,1,z:r2c,nat-oop,11031,18422,3.335,1.670,6.511e-16,-,0
1407,1,z:r2c,nat-oop,19985,18434,1.841,0.922,6.511e-16,-,1
1408,1,z:r2c,nat-oop,840,1190,43.840,1.417,3.857e-16,-,0
1408,1,z:r2c,nat-oop,828,1190,44.460,1.437,3.857e-16,-,1
1409,1,z:r2c,nat-oop,5871,13888,6.276,2.365,6.589e-16,-,0
1409,1,z:r2c,nat-oop,5992,13858,6.149,2.313,6.589e-16,-,1
1410,1,z:r2c,nat-oop,1435,5461,25.702,3.806,5.204e-16,-,0
1410,1,z:r2c,nat-oop,1436,5463,25.682,3.805,5.204e-16,-,1
1411,1,z:r2c,nat-oop,11233,25234,3.286,2.246,4.650e-16,-,0
1411,1,z:r2c,nat-oop,11345,25269,3.253,2.227,4.650e-16,-,1
1412,1,z:r2c,nat-oop,5096,6609,7.248,1.297,5.341e-16,-,0
1412,1,z:r2c,nat-oop,5149,6607,7.173,1.283,5.341e-16,-,1
1413,1,z:r2c,nat-oop,11219,13836,3.295,1.233,6.715e-16,-,0
1413,1,z:r2c,nat-oop,11239,13853,3.289,1.233,6.715e-16,-,1
1414,1,z:r2c,nat-oop,5115,6637,7.233,1.298,4.791e-16,-,0
1414,1,z:r2c,nat-oop,5090,6550,7.268,1.287,4.791e-16,-,1
1415,1,z:r2c,nat-oop,11239,13752,3.294,1.224,6.083e-16,-,0
1415,1,z:r2c,nat-oop,11307,13763,3.274,1.217,6.083e-16,-,1
1416,1,z:r2c,nat-oop,5088,5792,7.283,1.138,5.732e-16,-,0
1416,1,z:r2c,nat-oop,5090,5792,7.280,1.138,5.732e-16,-,1
1417,1,z:r2c,nat-oop,13290,13985,2.790,1.052,6.057e-16,-,0
1417,1,z:r2c,nat-oop,11176,13868,3.318,1.241,6.057e-16,-,1
1418,1,z:r2c,nat-oop,5232,6607,7.093,1.263,7.532e-16,-,0
1418,1,z:r2c,nat-oop,5190,6611,7.152,1.274,7.532e-16,-,1
1419,1,z:r2c,nat-oop,3823,10750,9.716,2.812,6.445e-16,-,0
1419,1,z:r2c,nat-oop,3815,10763,9.737,2.821,6.445e-16,-,1
1420,1,z:r2c,nat-oop,5056,7503,7.353,1.484,5.315e-16,-,0
1420,1,z:r2c,nat-oop,6533,7500,5.690,1.148,5.315e-16,-,1
1421,1,z:r2c,nat-oop,3156,7124,11.787,2.257,4.498e-16,-,0
1421,1,z:r2c,nat-oop,3326,7121,11.186,2.141,4.498e-16,-,1
1422,1,z:r2c,nat-oop,5138,10311,7.247,2.007,5.150e-16,-,0
1422,1,z:r2c,nat-oop,5232,10320,7.117,1.972,5.150e-16,-,1
1423,1,z:r2c,nat-oop,11376,13780,3.276,1.211,6.729e-16,-,0
1423,1,z:r2c,nat-oop,11073,13795,3.365,1.246,6.729e-16,-,1
1424,1,z:r2c,nat-oop,5081,8927,7.340,1.757,7.214e-16,-,0
1424,1,z:r2c,nat-oop,5077,8900,7.345,1.753,7.214e-16,-,1
1425,1,z:r2c,nat-oop,2784,5096,13.407,1.831,5.723e-16,-,0
1425,1,z:r2c,nat-oop,2773,5056,13.462,1.824,5.723e-16,-,1
1426,1,z:r2c,nat-oop,2415,4859,15.464,2.012,4.830e-16,-,0
1426,1,z:r2c,nat-oop,1950,4849,19.156,2.487,4.830e-16,-,1
1427,1,z:r2c,nat-oop,11104,13787,3.367,1.242,4.783e-16,-,0
1427,1,z:r2c,nat-oop,11426,13789,3.272,1.207,4.783e-16,-,1
1428,1,z:r2c,nat-oop,1278,2096,29.268,1.640,6.099e-16,-,0
1428,1,z:r2c,nat-oop,1273,2339,29.394,1.837,6.099e-16,-,1
1429,1,z:r2c,nat-oop,8745,13972,4.282,1.598,1.324e-15,-,0
1429,1,z:r2c,nat-oop,8804,13892,4.253,1.578,1.324e-15,-,1
1430,1,z:r2c,nat-oop,1143,1296,32.781,1.133,6.720e-16,-,0
1430,1,z:r2c,nat-oop,1108,1315,33.805,1.187,6.720e-16,-,1
1431,1,z:r2c,nat-oop,11428,14161,3.282,1.239,7.299e-16,-,0
1431,1,z:r2c,nat-oop,11619,14221,3.228,1.224,7.299e-16,-,1
1432,1,z:r2c,nat-oop,5299,6580,7.082,1.242,6.898e-16,-,0
1432,1,z:r2c,nat-oop,5110,6603,7.344,1.292,6.898e-16,-,1
1433,1,z:r2c,nat-oop,14372,13879,2.614,0.966,6.488e-16,-,0
1433,1,z:r2c,nat-oop,13392,13880,2.805,1.036,6.488e-16,-,1
1434,1,z:r2c,nat-oop,6005,6621,6.260,1.103,5.887e-16,-,0
1434,1,z:r2c,nat-oop,5243,6623,7.170,1.263,5.887e-16,-,1
1435,1,z:r2c,nat-oop,3807,10137,9.883,2.663,4.063e-16,-,0
1435,1,z:r2c,nat-oop,3835,10120,9.811,2.639,4.063e-16,-,1
1436,1,z:r2c,nat-oop,5125,6626,7.346,1.293,5.554e-16,-,0
1436,1,z:r2c,nat-oop,5155,6619,7.304,1.284,5.554e-16,-,1
1437,1,z:r2c,nat-oop,13360,13934,2.820,1.043,4.695e-16,-,0
1437,1,z:r2c,nat-oop,11801,13969,3.193,1.184,4.695e-16,-,1
1438,1,z:r2c,nat-oop,5362,6576,7.033,1.226,6.143e-16,-,0
1438,1,z:r2c,nat-oop,5059,6591,7.454,1.303,6.143e-16,-,1
1439,1,z:r2c,nat-oop,11364,14707,3.321,1.294,5.132e-16,-,0
1439,1,z:r2c,nat-oop,11399,13852,3.311,1.215,5.132e-16,-,1
1440,1,z:r2c,nat-oop,949,1234,39.803,1.300,3.660e-16,-,0
1440,1,z:r2c,nat-oop,935,1234,40.375,1.319,3.660e-16,-,1
1441,1,z:r2c,nat-oop,11355,13889,3.329,1.223,7.557e-16,-,0
1441,1,z:r2c,nat-oop,11343,13867,3.332,1.222,7.557e-16,-,1
1442,1,z:r2c,nat-oop,5138,6625,7.362,1.289,6.429e-16,-,0
1442,1,z:r2c,nat-oop,5152,6623,7.343,1.285,6.429e-16,-,1
1443,1,z:r2c,nat-oop,3617,9449,10.468,2.613,7.888e-16,-,0
1443,1,z:r2c,nat-oop,3604,9436,10.504,2.618,7.888e-16,-,1
1444,1,z:r2c,nat-oop,1580,3108,23.985,1.968,1.527e-15,-,0
1444,1,z:r2c,nat-oop,1521,3106,24.913,2.042,1.527e-15,-,1
1445,1,z:r2c,nat-oop,4084,6352,9.285,1.555,7.330e-16,-,0
1445,1,z:r2c,nat-oop,3169,6314,11.967,1.993,7.330e-16,-,1
1446,1,z:r2c,nat-oop,5118,6581,7.415,1.286,7.157e-16,-,0
1446,1,z:r2c,nat-oop,6485,6596,5.852,1.017,7.157e-16,-,1
1447,1,z:r2c,nat-oop,14854,13827,2.557,0.931,5.921e-16,-,0
1447,1,z:r2c,nat-oop,11437,13816,3.321,1.208,5.921e-16,-,1
1448,1,z:r2c,nat-oop,5136,6585,7.401,1.282,4.954e-16,-,0
1448,1,z:r2c,nat-oop,5164,6589,7.360,1.276,4.954e-16,-,1
1449,1,z:r2c,nat-oop,3155,6027,12.055,1.910,5.899e-16,-,0
1449,1,z:r2c,nat-oop,4277,6036,8.894,1.411,5.899e-16,-,1
1450,1,z:r2c,nat-oop,1667,3325,22.839,1.995,4.838e-16,-,0
1450,1,z:r2c,nat-oop,1446,3324,26.319,2.298,4.838e-16,-,1
1451,1,z:r2c,nat-oop,13002,13832,2.930,1.064,5.281e-16,-,0
1451,1,z:r2c,nat-oop,11340,13807,3.360,1.217,5.281e-16,-,1
1452,1,z:r2c,nat-oop,1180,1390,32.323,1.178,3.990e-16,-,0
1452,1,z:r2c,nat-oop,1224,1385,31.159,1.132,3.990e-16,-,1
1453,1,z:r2c,nat-oop,6450,13945,5.916,2.162,9.772e-16,-,0
1453,1,z:r2c,nat-oop,7436,13911,5.132,1.871,9.772e-16,-,1
1454,1,z:r2c,nat-oop,3329,6596,11.471,1.981,6.061e-16,-,0
1454,1,z:r2c,nat-oop,3369,6596,11.335,1.958,6.061e-16,-,1
1455,1,z:r2c,nat-oop,11018,13826,3.469,1.255,4.782e-16,-,0
1455,1,z:r2c,nat-oop,15886,13836,2.406,0.871,4.782e-16,-,1
1456,1,z:r2c,nat-oop,1045,1354,36.588,1.295,6.683e-16,-,0
1456,1,z:r2c,nat-oop,1037,1350,36.877,1.302,6.683e-16,-,1
1457,1,z:r2c,nat-oop,8203,15780,4.667,1.924,5.360e-16,-,0
1457,1,z:r2c,nat-oop,5801,15826,6.599,2.728,5.360e-16,-,1
1458,1,z:r2c,nat-oop,1122,1381,34.147,1.231,4.816e-16,-,0
1458,1,z:r2c,nat-oop,1021,1381,37.503,1.352,4.816e-16,-,1
1459,1,z:r2c,nat-oop,9193,13817,4.170,1.503,1.074e-15,-,0
1459,1,z:r2c,nat-oop,9191,13827,4.171,1.504,1.074e-15,-,1
1460,1,z:r2c,nat-oop,5099,8001,7.524,1.569,5.928e-16,-,0
1460,1,z:r2c,nat-oop,5074,7999,7.562,1.577,5.928e-16,-,1
1461,1,z:r2c,nat-oop,11100,13904,3.459,1.253,5.758e-16,-,0
1461,1,z:r2c,nat-oop,11114,13931,3.455,1.253,5.758e-16,-,1
1462,1,z:r2c,nat-oop,1542,6056,24.920,3.928,4.971e-16,-,0
1462,1,z:r2c,nat-oop,1581,6054,24.308,3.829,4.971e-16,-,1
1463,1,z:r2c,nat-oop,3031,5182,12.687,1.710,6.955e-16,-,0
1463,1,z:r2c,nat-oop,3119,5197,12.331,1.666,6.955e-16,-,1
1464,1,z:r2c,nat-oop,5093,6274,7.556,1.232,3.853e-16,-,0
1464,1,z:r2c,nat-oop,5119,6260,7.519,1.223,3.853e-16,-,1
1465,1,z:r2c,nat-oop,11276,13922,3.416,1.235,4.833e-16,-,0
1465,1,z:r2c,nat-oop,11136,13905,3.459,1.249,4.833e-16,-,1
1466,1,z:r2c,nat-oop,5213,6636,7.395,1.273,7.351e-16,-,0
1466,1,z:r2c,nat-oop,5257,6645,7.333,1.264,7.351e-16,-,1
1467,1,z:r2c,nat-oop,11328,13862,3.406,1.224,6.296e-16,-,0
1467,1,z:r2c,nat-oop,13600,13955,2.837,1.026,6.296e-16,-,1
1468,1,z:r2c,nat-oop,5192,6642,7.436,1.279,6.524e-16,-,0
1468,1,z:r2c,nat-oop,7831,6637,4.930,0.847,6.524e-16,-,1
1469,1,z:r2c,nat-oop,11227,13918,3.441,1.240,5.817e-16,-,0
1469,1,z:r2c,nat-oop,11112,13952,3.477,1.256,5.817e-16,-,1
1470,1,z:r2c,nat-oop,1253,1333,30.854,1.063,5.326e-16,-,0
1470,1,z:r2c,nat-oop,1310,1332,29.516,1.017,5.326e-16,-,1
1471,1,z:r2c,nat-oop,8290,13836,4.668,1.669,9.386e-16,-,0
1471,1,z:r2c,nat-oop,8384,13858,4.616,1.653,9.386e-16,-,1
1472,1,z:r2c,nat-oop,971,2570,39.884,2.647,4.777e-16,-,0
1472,1,z:r2c,nat-oop,975,2570,39.713,2.635,4.777e-16,-,1
1473,1,z:r2c,nat-oop,11111,13928,3.488,1.253,6.425e-16,-,0
1473,1,z:r2c,nat-oop,11336,13940,3.419,1.230,6.425e-16,-,1
1474,1,z:r2c,nat-oop,5634,11448,6.884,2.032,4.935e-16,-,0
1474,1,z:r2c,nat-oop,5116,8680,7.582,1.697,4.935e-16,-,1
1475,1,z:r2c,nat-oop,11377,16605,3.412,1.460,4.524e-16,-,0
1475,1,z:r2c,nat-oop,11225,16610,3.458,1.480,4.524e-16,-,1
1476,1,z:r2c,nat-oop,1755,4088,22.131,2.329,5.630e-16,-,0
1476,1,z:r2c,nat-oop,1714,4077,22.659,2.378,5.630e-16,-,1
1477,1,z:r2c,nat-oop,11236,13959,3.460,1.242,5.814e-16,-,0
1477,1,z:r2c,nat-oop,11281,13954,3.446,1.237,5.814e-16,-,1
1478,1,z:r2c,nat-oop,5209,6630,7.469,1.273,4.900e-16,-,0
1478,1,z:r2c,nat-oop,5169,6617,7.527,1.280,4.900e-16,-,1
1479,1,z:r2c,nat-oop,3773,9059,10.320,2.401,9.105e-16,-,0
1479,1,z:r2c,nat-oop,3814,9063,10.210,2.377,9.105e-16,-,1
1480,1,z:r2c,nat-oop,1452,3648,26.845,2.513,4.226e-16,-,0
1480,1,z:r2c,nat-oop,1433,3649,27.190,2.546,4.226e-16,-,1
1481,1,z:r2c,nat-oop,11117,14531,3.508,1.307,7.152e-16,-,0
1481,1,z:r2c,nat-oop,11151,13919,3.497,1.248,7.152e-16,-,1
1482,1,z:r2c,nat-oop,1509,2465,25.869,1.634,6.598e-16,-,0
1482,1,z:r2c,nat-oop,1475,2439,26.458,1.653,6.598e-16,-,1
1483,1,z:r2c,nat-oop,8461,13883,4.616,1.641,9.835e-16,-,0
1483,1,z:r2c,nat-oop,8583,13876,4.550,1.617,9.835e-16,-,1
1484,1,z:r2c,nat-oop,5165,5617,7.567,1.087,6.450e-16,-,0
1484,1,z:r2c,nat-oop,5187,5606,7.536,1.081,6.450e-16,-,1
1485,1,z:r2c,nat-oop,2646,2546,14.781,0.962,4.627e-16,-,0
1485,1,z:r2c,nat-oop,2697,2599,14.503,0.964,4.627e-16,-,1
1486,1,z:r2c,nat-oop,5227,6599,7.489,1.262,6.775e-16,-,0
1486,1,z:r2c,nat-oop,5286,6599,7.405,1.248,6.775e-16,-,1
1487,1,z:r2c,nat-oop,11361,13891,3.448,1.223,5.415e-16,-,0
1487,1,z:r2c,nat-oop,11202,13959,3.497,1.246,5.415e-16,-,1
1488,1,z:r2c,nat-oop,1550,3238,25.297,2.089,4.702e-16,-,0
1488,1,z:r2c,nat-oop,1796,3255,21.832,1.812,4.702e-16,-,1
1489,1,z:r2c,nat-oop,11198,13950,3.504,1.246,5.374e-16,-,0
1489,1,z:r2c,nat-oop,11410,13920,3.439,1.220,5.374e-16,-,1
1490,1,z:r2c,nat-oop,5173,6657,7.591,1.287,5.189e-16,-,0
1490,1,z:r2c,nat-oop,5112,6662,7.681,1.303,5.189e-16,-,1
1491,1,z:r2c,nat-oop,11386,20936,3.451,1.839,5.092e-16,-,0
1491,1,z:r2c,nat-oop,11300,20927,3.477,1.852,5.092e-16,-,1
1492,1,z:r2c,nat-oop,5095,6653,7.718,1.306,6.001e-16,-,0
1492,1,z:r2c,nat-oop,5376,6666,7.315,1.240,6.001e-16,-,1
1493,1,z:r2c,nat-oop,11320,13955,3.477,1.233,4.888e-16,-,0
1493,1,z:r2c,nat-oop,11140,14009,3.533,1.257,4.888e-16,-,1
1494,1,z:r2c,nat-oop,5197,11710,7.578,2.253,4.993e-16,-,0
1494,1,z:r2c,nat-oop,5255,11716,7.494,2.229,4.993e-16,-,1
1495,1,z:r2c,nat-oop,3144,6351,12.539,2.020,7.129e-16,-,0
1495,1,z:r2c,nat-oop,3129,6332,12.596,2.023,7.129e-16,-,1
1496,1,z:r2c,nat-oop,1328,2231,29.695,1.680,6.653e-16,-,0
1496,1,z:r2c,nat-oop,1372,2231,28.748,1.626,6.653e-16,-,1
1497,1,z:r2c,nat-oop,11295,13973,3.495,1.237,6.471e-16,-,0
1497,1,z:r2c,nat-oop,11348,13964,3.479,1.231,6.471e-16,-,1
1498,1,z:r2c,nat-oop,5196,6663,7.602,1.282,4.568e-16,-,0
1498,1,z:r2c,nat-oop,5190,6660,7.611,1.283,4.568e-16,-,1
1499,1,z:r2c,nat-oop,11165,13882,3.541,1.243,7.086e-16,-,0
1499,1,z:r2c,nat-oop,11411,13862,3.465,1.215,7.086e-16,-,1
1500,1,z:r2c,nat-oop,1180,1331,33.537,1.128,5.893e-16,-,0
1500,1,z:r2c,nat-oop,1163,1330,34.010,1.144,5.893e-16,-,1
1501,1,z:r2c,nat-oop,11131,25743,3.557,2.313,5.600e-16,-,0
1501,1,z:r2c,nat-oop,11246,25735,3.521,2.288,5.600e-16,-,1
1502,1,z:r2c,nat-oop,5257,6621,7.537,1.259,8.569e-16,-,0
1502,1,z:r2c,nat-oop,5134,6629,7.718,1.291,8.569e-16,-,1
1503,1,z:r2c,nat-oop,11244,13884,3.527,1.235,5.286e-16,-,0
1503,1,z:r2c,nat-oop,11370,13879,3.488,1.221,5.286e-16,-,1
1504,1,z:r2c,nat-oop,1490,4429,26.632,2.972,4.106e-16,-,0
1504,1,z:r2c,nat-oop,1528,4422,25.980,2.895,4.106e-16,-,1
1505,1,z:r2c,nat-oop,5913,11372,6.716,1.923,4.820e-16,-,0
1505,1,z:r2c,nat-oop,7377,11371,5.384,1.542,4.820e-16,-,1
1506,1,z:r2c,nat-oop,5303,6671,7.494,1.258,6.280e-16,-,0
1506,1,z:r2c,nat-oop,5266,6668,7.548,1.266,6.280e-16,-,1
1507,1,z:r2c,nat-oop,11373,13910,3.497,1.223,6.041e-16,-,0
1507,1,z:r2c,nat-oop,11122,13869,3.576,1.247,6.041e-16,-,1
1508,1,z:r2c,nat-oop,1841,3456,21.622,1.877,8.865e-16,-,0
1508,1,z:r2c,nat-oop,1692,3452,23.529,2.041,8.865e-16,-,1
1509,1,z:r2c,nat-oop,11281,13968,3.531,1.238,5.091e-16,-,0
1509,1,z:r2c,nat-oop,11144,13976,3.574,1.254,5.091e-16,-,1
1510,1,z:r2c,nat-oop,5185,6626,7.689,1.278,5.969e-16,-,0
1510,1,z:r2c,nat-oop,5141,6618,7.754,1.287,5.969e-16,-,1
1511,1,z:r2c,nat-oop,11327,13857,3.522,1.223,5.579e-16,-,0
1511,1,z:r2c,nat-oop,11366,13873,3.510,1.221,5.579e-16,-,1
1512,1,z:r2c,nat-oop,951,1368,41.978,1.438,4.200e-16,-,0
1512,1,z:r2c,nat-oop,944,1367,42.310,1.448,4.200e-16,-,1
1513,1,z:r2c,nat-oop,11557,29198,3.457,2.526,5.158e-16,-,0
1513,1,z:r2c,nat-oop,11521,29229,3.468,2.537,5.158e-16,-,1
1514,1,z:r2c,nat-oop,4390,6674,9.108,1.520,1.002e-15,-,0
1514,1,z:r2c,nat-oop,4578,6680,8.735,1.459,1.002e-15,-,1
1515,1,z:r2c,nat-oop,11389,13874,3.513,1.218,7.206e-16,-,0
1515,1,z:r2c,nat-oop,11396,13871,3.511,1.217,7.206e-16,-,1
1516,1,z:r2c,nat-oop,5443,6661,7.357,1.224,6.799e-16,-,0
1516,1,z:r2c,nat-oop,5266,6684,7.605,1.269,6.799e-16,-,1
1517,1,z:r2c,nat-oop,6986,15630,5.737,2.237,7.080e-16,-,0
1517,1,z:r2c,nat-oop,5434,15647,7.375,2.879,7.080e-16,-,1
1518,1,z:r2c,nat-oop,1549,2856,25.884,1.843,1.281e-15,-,0
1518,1,z:r2c,nat-oop,1588,2849,25.255,1.794,1.281e-15,-,1
1519,1,z:r2c,nat-oop,3873,8129,10.362,2.099,6.537e-16,-,0
1519,1,z:r2c,nat-oop,3683,8124,10.899,2.206,6.537e-16,-,1
1520,1,z:r2c,nat-oop,1327,2360,30.277,1.779,4.654e-16,-,0
1520,1,z:r2c,nat-oop,1288,2361,31.190,1.833,4.654e-16,-,1
1521,1,z:r2c,nat-oop,2981,2829,13.485,0.949,6.545e-16,-,0
1521,1,z:r2c,nat-oop,2872,2829,13.998,0.985,6.545e-16,-,1
1522,1,z:r2c,nat-oop,3639,6682,11.054,1.836,6.438e-16,-,0
1522,1,z:r2c,nat-oop,3614,6678,11.129,1.848,6.438e-16,-,1
1523,1,z:r2c,nat-oop,11395,13909,3.533,1.221,5.630e-16,-,0
1523,1,z:r2c,nat-oop,11481,13914,3.506,1.212,5.630e-16,-,1
1524,1,z:r2c,nat-oop,5219,14095,7.719,2.701,4.694e-16,-,0
1524,1,z:r2c,nat-oop,5159,14090,7.808,2.731,4.694e-16,-,1
1525,1,z:r2c,nat-oop,11387,17895,3.541,1.572,5.163e-16,-,0
1525,1,z:r2c,nat-oop,11307,17909,3.566,1.584,5.163e-16,-,1
1526,1,z:r2c,nat-oop,5129,6627,7.866,1.292,5.961e-16,-,0
1526,1,z:r2c,nat-oop,5219,6646,7.731,1.273,5.961e-16,-,1
1527,1,z:r2c,nat-oop,11428,13920,3.533,1.218,7.168e-16,-,0
1527,1,z:r2c,nat-oop,11430,13902,3.532,1.216,7.168e-16,-,1
1528,1,z:r2c,nat-oop,5154,6643,7.840,1.289,4.773e-16,-,0
1528,1,z:r2c,nat-oop,5173,6644,7.811,1.284,4.773e-16,-,1
1529,1,z:r2c,nat-oop,11222,14064,3.603,1.253,5.093e-16,-,0
1529,1,z:r2c,nat-oop,11438,14059,3.535,1.229,5.093e-16,-,1
1530,1,z:r2c,nat-oop,1333,2427,30.360,1.821,5.823e-16,-,0
1530,1,z:r2c,nat-oop,1358,2431,29.801,1.790,5.823e-16,-,1
1531,1,z:r2c,nat-oop,7577,13920,5.345,1.837,1.100e-15,-,0
1531,1,z:r2c,nat-oop,7447,13920,5.438,1.869,1.100e-15,-,1
1532,1,z:r2c,nat-oop,5194,6693,7.802,1.288,6.738e-16,-,0
1532,1,z:r2c,nat-oop,5194,6694,7.803,1.289,6.738e-16,-,1
1533,1,z:r2c,nat-oop,13477,22159,3.009,1.644,5.025e-16,-,0
1533,1,z:r2c,nat-oop,11428,22139,3.549,1.937,5.025e-16,-,1
1534,1,z:r2c,nat-oop,5160,7785,7.866,1.509,5.067e-16,-,0
1534,1,z:r2c,nat-oop,5218,7780,7.778,1.491,5.067e-16,-,1
1535,1,z:r2c,nat-oop,11259,13951,3.608,1.239,6.914e-16,-,0
1535,1,z:r2c,nat-oop,11264,13911,3.606,1.235,6.914e-16,-,1
1536,1,z:r2c,nat-oop,773,1211,52.585,1.566,3.724e-16,-,0
1536,1,z:r2c,nat-oop,842,1212,48.260,1.438,3.724e-16,-,1
1537,1,z:r2c,nat-oop,11445,18645,3.554,1.629,6.405e-16,-,0
1537,1,z:r2c,nat-oop,11457,18647,3.550,1.627,6.405e-16,-,1
1538,1,z:r2c,nat-oop,2531,6652,16.086,2.629,8.025e-16,-,0
1538,1,z:r2c,nat-oop,2542,6648,16.014,2.615,8.025e-16,-,1
1539,1,z:r2c,nat-oop,3322,5649,12.263,1.701,5.386e-16,-,0
1539,1,z:r2c,nat-oop,3307,5646,12.320,1.708,5.386e-16,-,1
1540,1,z:r2c,nat-oop,1177,1613,34.643,1.371,3.945e-16,-,0
1540,1,z:r2c,nat-oop,1168,1612,34.900,1.380,3.945e-16,-,1
1541,1,z:r2c,nat-oop,11190,22711,3.646,2.029,5.055e-16,-,0
1541,1,z:r2c,nat-oop,11375,22708,3.586,1.996,5.055e-16,-,1
1542,1,z:r2c,nat-oop,7770,6614,5.255,0.851,5.741e-16,-,0
1542,1,z:r2c,nat-oop,5219,6614,7.823,1.267,5.741e-16,-,1
1543,1,z:r2c,nat-oop,11619,15730,3.516,1.354,6.651e-16,-,0
1543,1,z:r2c,nat-oop,11252,15717,3.631,1.397,6.651e-16,-,1
1544,1,z:r2c,nat-oop,5174,6594,7.902,1.274,6.815e-16,-,0
1544,1,z:r2c,nat-oop,5123,6603,7.980,1.289,6.815e-16,-,1
1545,1,z:r2c,nat-oop,11427,15868,3.581,1.389,5.259e-16,-,0
1545,1,z:r2c,nat-oop,11424,15867,3.582,1.389,5.259e-16,-,1
1546,1,z:r2c,nat-oop,5186,6655,7.896,1.283,4.873e-16,-,0
1546,1,z:r2c,nat-oop,6228,6649,6.574,1.068,4.873e-16,-,1
1547,1,z:r2c,nat-oop,3063,5241,13.378,1.711,6.975e-16,-,0
1547,1,z:r2c,nat-oop,3229,5208,12.691,1.613,6.975e-16,-,1
1548,1,z:r2c,nat-oop,1998,4464,20.527,2.235,5.720e-16,-,0
1548,1,z:r2c,nat-oop,1935,4481,21.196,2.316,5.720e-16,-,1
1549,1,z:r2c,nat-oop,11428,15871,3.591,1.389,5.216e-16,-,0
1549,1,z:r2c,nat-oop,11556,15880,3.551,1.374,5.216e-16,-,1
1550,1,z:r2c,nat-oop,1314,3741,31.248,2.846,5.428e-16,-,0
1550,1,z:r2c,nat-oop,1578,3742,26.033,2.372,5.428e-16,-,1
1551,1,z:r2c,nat-oop,6189,13182,6.640,2.130,4.939e-16,-,0
1551,1,z:r2c,nat-oop,6302,13190,6.521,2.093,4.939e-16,-,1
1552,1,z:r2c,nat-oop,5104,10822,8.057,2.120,4.621e-16,-,0
1552,1,z:r2c,nat-oop,5161,10812,7.969,2.095,4.621e-16,-,1
1553,1,z:r2c,nat-oop,11468,15864,3.589,1.383,7.720e-16,-,0
1553,1,z:r2c,nat-oop,11444,15874,3.597,1.387,7.720e-16,-,1
1554,1,z:r2c,nat-oop,1402,4573,29.385,3.262,4.153e-16,-,0
1554,1,z:r2c,nat-oop,1388,4560,29.665,3.285,4.153e-16,-,1
1555,1,z:r2c,nat-oop,11431,15763,3.606,1.379,8.174e-16,-,0
1555,1,z:r2c,nat-oop,11438,15756,3.604,1.378,8.174e-16,-,1
1556,1,z:r2c,nat-oop,5347,6662,7.715,1.246,6.017e-16,-,0
1556,1,z:r2c,nat-oop,5252,6658,7.853,1.268,6.017e-16,-,1
1557,1,z:r2c,nat-oop,11457,15883,3.603,1.386,7.099e-16,-,0
1557,1,z:r2c,nat-oop,11454,15860,3.604,1.385,7.099e-16,-,1
1558,1,z:r2c,nat-oop,1648,6405,25.067,3.887,4.337e-16,-,0
1558,1,z:r2c,nat-oop,1858,6438,22.233,3.465,4.337e-16,-,1
1559,1,z:r2c,nat-oop,11546,15775,3.580,1.366,4.647e-16,-,0
1559,1,z:r2c,nat-oop,11360,15745,3.639,1.386,4.647e-16,-,1
1560,1,z:r2c,nat-oop,1084,1499,38.163,1.382,5.091e-16,-,0
1560,1,z:r2c,nat-oop,1083,1512,38.213,1.396,5.091e-16,-,1
1561,1,z:r2c,nat-oop,11437,15888,3.620,1.389,6.483e-16,-,0
1561,1,z:r2c,nat-oop,11455,15859,3.614,1.385,6.483e-16,-,1
1562,1,z:r2c,nat-oop,5204,9853,7.961,1.893,4.686e-16,-,0
1562,1,z:r2c,nat-oop,5114,9853,8.101,1.927,4.686e-16,-,1
1563,1,z:r2c,nat-oop,11251,15770,3.685,1.402,5.375e-16,-,0
1563,1,z:r2c,nat-oop,11430,15762,3.627,1.379,5.375e-16,-,1
1564,1,z:r2c,nat-oop,1819,3591,22.802,1.974,1.772e-15,-,0
1564,1,z:r2c,nat-oop,1842,3590,22.530,1.949,1.772e-15,-,1
1565,1,z:r2c,nat-oop,11419,15881,3.636,1.391,6.264e-16,-,0
1565,1,z:r2c,nat-oop,11429,15845,3.633,1.386,6.264e-16,-,1
1566,1,z:r2c,nat-oop,1389,3713,29.919,2.673,5.951e-16,-,0
1566,1,z:r2c,nat-oop,1380,3712,30.110,2.690,5.951e-16,-,1
1567,1,z:r2c,nat-oop,11345,15792,3.665,1.392,6.417e-16,-,0
1567,1,z:r2c,nat-oop,11345,15787,3.665,1.392,6.417e-16,-,1
1568,1,z:r2c,nat-oop,984,1225,42.279,1.245,2.715e-16,-,0
1568,1,z:r2c,nat-oop,982,1222,42.382,1.245,2.715e-16,-,1
1569,1,z:r2c,nat-oop,11431,15895,3.643,1.391,7.220e-16,-,0
1569,1,z:r2c,nat-oop,11393,15865,3.655,1.393,7.220e-16,-,1
1570,1,z:r2c,nat-oop,5198,6671,8.016,1.283,6.147e-16,-,0
1570,1,z:r2c,nat-oop,5222,6666,7.980,1.277,6.147e-16,-,1
1571,1,z:r2c,nat-oop,11392,15764,3.660,1.384,7.270e-16,-,0
1571,1,z:r2c,nat-oop,11441,15793,3.645,1.380,7.270e-16,-,1
1572,1,z:r2c,nat-oop,5135,15055,8.127,2.932,6.410e-16,-,0
1572,1,z:r2c,nat-oop,5117,15054,8.156,2.942,6.410e-16,-,1
1573,1,z:r2c,nat-oop,3104,2797,13.453,0.901,7.247e-16,-,0
1573,1,z:r2c,nat-oop,2920,2774,14.303,0.950,7.247e-16,-,1
1574,1,z:r2c,nat-oop,5365,6625,7.790,1.235,7.821e-16,-,0
1574,1,z:r2c,nat-oop,5415,6628,7.718,1.224,7.821e-16,-,1
1575,1,z:r2c,nat-oop,2925,2595,14.299,0.887,5.560e-16,-,0
1575,1,z:r2c,nat-oop,3501,2600,11.946,0.743,5.560e-16,-,1
1576,1,z:r2c,nat-oop,5340,6636,7.837,1.243,5.207e-16,-,0
1576,1,z:r2c,nat-oop,5269,6625,7.943,1.257,5.207e-16,-,1
1577,1,z:r2c,nat-oop,11212,28402,3.736,2.533,4.880e-16,-,0
1577,1,z:r2c,nat-oop,11547,28417,3.627,2.461,4.880e-16,-,1
1578,1,z:r2c,nat-oop,5335,6675,7.856,1.251,6.990e-16,-,0
1578,1,z:r2c,nat-oop,5328,6671,7.866,1.252,6.990e-16,-,1
1579,1,z:r2c,nat-oop,11222,15767,3.737,1.405,5.879e-16,-,0
1579,1,z:r2c,nat-oop,11452,15768,3.662,1.377,5.879e-16,-,1
1580,1,z:r2c,nat-oop,5142,9327,8.163,1.814,3.962e-16,-,0
1580,1,z:r2c,nat-oop,5204,9334,8.066,1.794,3.962e-16,-,1
1581,1,z:r2c,nat-oop,6341,10295,6.624,1.624,8.285e-16,-,0
1581,1,z:r2c,nat-oop,5326,10338,7.886,1.941,8.285e-16,-,1
1582,1,z:r2c,nat-oop,5332,6627,7.883,1.243,4.896e-16,-,0
1582,1,z:r2c,nat-oop,5403,6630,7.780,1.227,4.896e-16,-,1
1583,1,z:r2c,nat-oop,11213,15785,3.751,1.408,6.166e-16,-,0
1583,1,z:r2c,nat-oop,11220,15771,3.749,1.406,6.166e-16,-,1
1584,1,z:r2c,nat-oop,1050,1597,40.077,1.521,5.370e-16,-,0
1584,1,z:r2c,nat-oop,1039,1512,40.516,1.455,5.370e-16,-,1
1585,1,z:r2c,nat-oop,11457,15918,3.676,1.389,6.984e-16,-,0
1585,1,z:r2c,nat-oop,11444,15910,3.681,1.390,6.984e-16,-,1
1586,1,z:r2c,nat-oop,5173,8582,8.148,1.659,4.344e-16,-,0
1586,1,z:r2c,nat-oop,5221,8591,8.074,1.646,4.344e-16,-,1
1587,1,z:r2c,nat-oop,4324,9068,9.756,2.097,1.247e-15,-,0
1587,1,z:r2c,nat-oop,3973,9062,10.616,2.281,1.247e-15,-,1
1588,1,z:r2c,nat-oop,5283,7036,7.991,1.332,6.936e-16,-,0
1588,1,z:r2c,nat-oop,5364,6681,7.870,1.246,6.936e-16,-,1
1589,1,z:r2c,nat-oop,11392,15905,3.708,1.396,6.622e-16,-,0
1589,1,z:r2c,nat-oop,11405,15919,3.704,1.396,6.622e-16,-,1
1590,1,z:r2c,nat-oop,5205,7242,8.122,1.391,5.755e-16,-,0
1590,1,z:r2c,nat-oop,5159,7244,8.193,1.404,5.755e-16,-,1
1591,1,z:r2c,nat-oop,6345,17118,6.668,2.698,5.384e-16,-,0
1591,1,z:r2c,nat-oop,6250,17110,6.768,2.738,5.384e-16,-,1
1592,1,z:r2c,nat-oop,5438,6634,7.785,1.220,6.467e-16,-,0
1592,1,z:r2c,nat-oop,5187,6631,8.161,1.278,6.467e-16,-,1
1593,1,z:r2c,nat-oop,11257,18128,3.763,1.610,4.799e-16,-,0
1593,1,z:r2c,nat-oop,11434,18122,3.705,1.585,4.799e-16,-,1
1594,1,z:r2c,nat-oop,5119,6684,8.282,1.306,7.156e-16,-,0
1594,1,z:r2c,nat-oop,5208,6688,8.141,1.284,7.156e-16,-,1
1595,1,z:r2c,nat-oop,4233,7998,10.022,1.889,8.356e-16,-,0
1595,1,z:r2c,nat-oop,4238,8003,10.011,1.888,8.356e-16,-,1
1596,1,z:r2c,nat-oop,1463,2483,29.016,1.697,4.729e-16,-,0
1596,1,z:r2c,nat-oop,1445,2488,29.390,1.723,4.729e-16,-,1
1597,1,z:r2c,nat-oop,11558,15926,3.676,1.378,5.381e-16,-,0
1597,1,z:r2c,nat-oop,11230,15917,3.783,1.417,5.381e-16,-,1
1598,1,z:r2c,nat-oop,1815,7220,23.429,3.979,5.725e-16,-,0
1598,1,z:r2c,nat-oop,1812,7226,23.462,3.988,5.725e-16,-,1
1599,1,z:r2c,nat-oop,4130,11563,10.301,2.800,6.123e-16,-,0
1599,1,z:r2c,nat-oop,3958,11554,10.749,2.919,6.123e-16,-,1
1600,1,z:r2c,nat-oop,772,1419,55.164,1.839,3.057e-16,-,0
1600,1,z:r2c,nat-oop,785,1421,54.232,1.810,3.057e-16,-,1
1601,1,z:r2c,nat-oop,6911,12835,6.165,1.857,7.631e-16,-,0
1601,1,z:r2c,nat-oop,6851,12890,6.219,1.881,7.631e-16,-,1
1602,1,z:r2c,nat-oop,5203,14149,8.194,2.719,6.039e-16,-,0
1602,1,z:r2c,nat-oop,5545,14142,7.689,2.550,6.039e-16,-,1
1603,1,z:r2c,nat-oop,11432,12584,3.732,1.101,4.932e-16,-,0
1603,1,z:r2c,nat-oop,11216,12581,3.804,1.122,4.932e-16,-,1
1604,1,z:r2c,nat-oop,5902,6148,7.234,1.042,5.166e-16,-,0
1604,1,z:r2c,nat-oop,5189,6146,8.228,1.184,5.166e-16,-,1
1605,1,z:r2c,nat-oop,11555,12812,3.698,1.109,5.953e-16,-,0
1605,1,z:r2c,nat-oop,11235,12705,3.803,1.131,5.953e-16,-,1
1606,1,z:r2c,nat-oop,5217,10570,8.195,2.026,4.730e-16,-,0
1606,1,z:r2c,nat-oop,6256,10564,6.834,1.689,4.730e-16,-,1
1607,1,z:r2c,nat-oop,11436,12584,3.741,1.100,5.274e-16,-,0
1607,1,z:r2c,nat-oop,11553,12596,3.704,1.090,5.274e-16,-,1
1608,1,z:r2c,nat-oop,5151,7553,8.313,1.466,4.767e-16,-,0
1608,1,z:r2c,nat-oop,5117,7553,8.367,1.476,4.767e-16,-,1
1609,1,z:r2c,nat-oop,11438,12716,3.746,1.112,5.955e-16,-,0
1609,1,z:r2c,nat-oop,11216,12742,3.820,1.136,5.955e-16,-,1
1610,1,z:r2c,nat-oop,1595,3002,26.887,1.883,4.718e-16,-,0
1610,1,z:r2c,nat-oop,1623,3002,26.417,1.849,4.718e-16,-,1
1611,1,z:r2c,nat-oop,11399,12599,3.764,1.105,5.731e-16,-,0
1611,1,z:r2c,nat-oop,11209,12693,3.828,1.132,5.731e-16,-,1
1612,1,z:r2c,nat-oop,1954,3827,21.970,1.958,9.362e-16,-,0
1612,1,z:r2c,nat-oop,1904,3838,22.547,2.015,9.362e-16,-,1
1613,1,z:r2c,nat-oop,11433,12743,3.758,1.115,4.840e-16,-,0
1613,1,z:r2c,nat-oop,11443,12731,3.755,1.113,4.840e-16,-,1
1614,1,z:r2c,nat-oop,5459,6086,7.877,1.115,4.656e-16,-,0
1614,1,z:r2c,nat-oop,5496,6092,7.824,1.109,4.656e-16,-,1
1615,1,z:r2c,nat-oop,3983,7553,10.804,1.897,4.857e-16,-,0
1615,1,z:r2c,nat-oop,4556,7551,9.444,1.657,4.857e-16,-,1
1616,1,z:r2c,nat-oop,5262,11930,8.183,2.267,5.662e-16,-,0
1616,1,z:r2c,nat-oop,5402,11924,7.971,2.207,5.662e-16,-,1
1617,1,z:r2c,nat-oop,3134,2915,13.749,0.930,5.244e-16,-,0
1617,1,z:r2c,nat-oop,3302,2910,13.051,0.882,5.244e-16,-,1
1618,1,z:r2c,nat-oop,5212,6158,8.273,1.181,6.751e-16,-,0
1618,1,z:r2c,nat-oop,5239,6175,8.231,1.179,6.751e-16,-,1
1619,1,z:r2c,nat-oop,11434,12654,3.774,1.107,5.614e-16,-,0
1619,1,z:r2c,nat-oop,11386,12592,3.790,1.106,5.614e-16,-,1
1620,1,z:r2c,nat-oop,1255,1563,34.401,1.245,5.571e-16,-,0
1620,1,z:r2c,nat-oop,1227,1529,35.191,1.246,5.571e-16,-,1
1621,1,z:r2c,nat-oop,11254,12745,3.839,1.132,6.018e-16,-,0
1621,1,z:r2c,nat-oop,11325,12729,3.816,1.124,6.018e-16,-,1
1622,1,z:r2c,nat-oop,5209,6112,8.301,1.173,4.374e-16,-,0
1622,1,z:r2c,nat-oop,5244,6099,8.246,1.163,4.374e-16,-,1
1623,1,z:r2c,nat-oop,11501,12625,3.762,1.098,4.645e-16,-,0
1623,1,z:r2c,nat-oop,11494,12586,3.765,1.095,4.645e-16,-,1
1624,1,z:r2c,nat-oop,1933,3405,22.404,1.762,7.263e-16,-,0
1624,1,z:r2c,nat-oop,1782,3401,24.299,1.909,7.263e-16,-,1
1625,1,z:r2c,nat-oop,3118,2751,13.897,0.882,5.440e-16,-,0
1625,1,z:r2c,nat-oop,3066,2749,14.131,0.896,5.440e-16,-,1
1626,1,z:r2c,nat-oop,5184,6164,8.365,1.189,5.270e-16,-,0
1626,1,z:r2c,nat-oop,5394,6165,8.039,1.143,5.270e-16,-,1
1627,1,z:r2c,nat-oop,11441,12625,3.793,1.104,5.692e-16,-,0
1627,1,z:r2c,nat-oop,11404,12602,3.805,1.105,5.692e-16,-,1
1628,1,z:r2c,nat-oop,2488,4375,17.455,1.759,6.445e-16,-,0
1628,1,z:r2c,nat-oop,2076,4369,20.919,2.105,6.445e-16,-,1
1629,1,z:r2c,nat-oop,11379,12784,3.819,1.124,5.419e-16,-,0
1629,1,z:r2c,nat-oop,14116,12736,3.078,0.902,5.419e-16,-,1
1630,1,z:r2c,nat-oop,5188,6106,8.382,1.177,5.589e-16,-,0
1630,1,z:r2c,nat-oop,5215,6095,8.338,1.169,5.589e-16,-,1
1631,1,z:r2c,nat-oop,11446,12689,3.802,1.109,6.138e-16,-,0
1631,1,z:r2c,nat-oop,11438,12616,3.804,1.103,6.138e-16,-,1
1632,1,z:r2c,nat-oop,1299,2342,33.533,1.803,5.112e-16,-,0
1632,1,z:r2c,nat-oop,1344,2346,32.388,1.745,5.112e-16,-,1
1633,1,z:r2c,nat-oop,11445,25551,3.807,2.233,4.465e-16,-,0
1633,1,z:r2c,nat-oop,11254,25526,3.872,2.268,4.465e-16,-,1
1634,1,z:r2c,nat-oop,2047,6978,21.297,3.408,9.897e-16,-,0
1634,1,z:r2c,nat-oop,1990,6982,21.912,3.508,9.897e-16,-,1
1635,1,z:r2c,nat-oop,11261,12686,3.875,1.127,5.546e-16,-,0
1635,1,z:r2c,nat-oop,11493,12645,3.797,1.100,5.546e-16,-,1
1636,1,z:r2c,nat-oop,5204,6172,8.391,1.186,4.886e-16,-,0
1636,1,z:r2c,nat-oop,6573,6181,6.644,0.940,4.886e-16,-,1
1637,1,z:r2c,nat-oop,11514,12716,3.795,1.104,5.559e-16,-,0
1637,1,z:r2c,nat-oop,11497,12752,3.800,1.109,5.559e-16,-,1
1638,1,z:r2c,nat-oop,1394,1553,31.378,1.115,5.267e-16,-,0
1638,1,z:r2c,nat-oop,1366,1544,32.013,1.130,5.267e-16,-,1
1639,1,z:r2c,nat-oop,11435,12617,3.826,1.103,4.243e-16,-,0
1639,1,z:r2c,nat-oop,11423,12651,3.830,1.107,4.243e-16,-,1
1640,1,z:r2c,nat-oop,1667,4453,26.259,2.670,5.159e-16,-,0
1640,1,z:r2c,nat-oop,1701,4444,25.737,2.612,5.159e-16,-,1
1641,1,z:r2c,nat-oop,11412,12746,3.839,1.117,7.031e-16,-,0
1641,1,z:r2c,nat-oop,11522,12738,3.803,1.106,7.031e-16,-,1
1642,1,z:r2c,nat-oop,5227,6192,8.388,1.185,4.751e-16,-,0
1642,1,z:r2c,nat-oop,5236,6185,8.375,1.181,4.751e-16,-,1
1643,1,z:r2c,nat-oop,11514,20106,3.811,1.746,8.290e-16,-,0
1643,1,z:r2c,nat-oop,11517,20081,3.810,1.744,8.290e-16,-,1
1644,1,z:r2c,nat-oop,5152,16777,8.522,3.256,6.721e-16,-,0
1644,1,z:r2c,nat-oop,5207,16770,8.433,3.221,6.721e-16,-,1
1645,1,z:r2c,nat-oop,4257,13972,10.322,3.283,6.329e-16,-,0
1645,1,z:r2c,nat-oop,4315,13980,10.183,3.240,6.329e-16,-,1
1646,1,z:r2c,nat-oop,5403,6108,8.138,1.130,8.429e-16,-,0
1646,1,z:r2c,nat-oop,5238,6105,8.394,1.166,8.429e-16,-,1
1647,1,z:r2c,nat-oop,11544,19469,3.811,1.686,5.311e-16,-,0
1647,1,z:r2c,nat-oop,13733,19459,3.204,1.417,5.311e-16,-,1
1648,1,z:r2c,nat-oop,5574,12187,7.899,2.186,5.708e-16,-,0
1648,1,z:r2c,nat-oop,5244,12182,8.396,2.323,5.708e-16,-,1
1649,1,z:r2c,nat-oop,11437,12766,3.852,1.116,5.128e-16,-,0
1649,1,z:r2c,nat-oop,11512,12762,3.827,1.109,5.128e-16,-,1
1650,1,z:r2c,nat-oop,1335,1552,33.015,1.162,6.207e-16,-,0
1650,1,z:r2c,nat-oop,1315,1549,33.515,1.177,6.207e-16,-,1
1651,1,z:r2c,nat-oop,11507,12647,3.834,1.099,6.773e-16,-,0
1651,1,z:r2c,nat-oop,11495,12674,3.838,1.103,6.773e-16,-,1
1652,1,z:r2c,nat-oop,5197,6930,8.495,1.333,4.419e-16,-,0
1652,1,z:r2c,nat-oop,5163,6936,8.551,1.343,4.419e-16,-,1
1653,1,z:r2c,nat-oop,4162,10370,10.614,2.491,4.443e-16,-,0
1653,1,z:r2c,nat-oop,4196,10358,10.530,2.469,4.443e-16,-,1
1654,1,z:r2c,nat-oop,5309,6114,8.328,1.152,5.748e-16,-,0
1654,1,z:r2c,nat-oop,5215,6122,8.478,1.174,5.748e-16,-,1
1655,1,z:r2c,nat-oop,11482,12650,3.853,1.102,4.558e-16,-,0
1655,1,z:r2c,nat-oop,11327,12657,3.906,1.117,4.558e-16,-,1
1656,1,z:r2c,nat-oop,1474,3009,30.042,2.042,5.136e-16,-,0
1656,1,z:r2c,nat-oop,1497,3004,29.580,2.007,5.136e-16,-,1
1657,1,z:r2c,nat-oop,14785,12776,2.996,0.864,5.151e-16,-,0
1657,1,z:r2c,nat-oop,11426,12823,3.877,1.122,5.151e-16,-,1
1658,1,z:r2c,nat-oop,4461,6185,9.938,1.387,8.613e-16,-,0
1658,1,z:r2c,nat-oop,4842,6197,9.155,1.280,8.613e-16,-,1
1659,1,z:r2c,nat-oop,11315,26345,3.921,2.328,5.554e-16,-,0
1659,1,z:r2c,nat-oop,11300,26383,3.926,2.335,5.554e-16,-,1
1660,1,z:r2c,nat-oop,5255,10319,8.448,1.964,5.067e-16,-,0
1660,1,z:r2c,nat-oop,5241,10320,8.470,1.969,5.067e-16,-,1
1661,1,z:r2c,nat-oop,11567,12817,3.841,1.108,5.644e-16,-,0
1661,1,z:r2c,nat-oop,11565,12826,3.841,1.109,5.644e-16,-,1
1662,1,z:r2c,nat-oop,5282,6138,8.415,1.162,5.457e-16,-,0
1662,1,z:r2c,nat-oop,5285,6147,8.411,1.163,5.457e-16,-,1
1663,1,z:r2c,nat-oop,11410,12679,3.899,1.111,6.387e-16,-,0
1663,1,z:r2c,nat-oop,11288,12747,3.941,1.129,6.387e-16,-,1
1664,1,z:r2c,nat-oop,1028,1445,43.280,1.405,5.830e-16,-,0
1664,1,z:r2c,nat-oop,1283,1427,34.700,1.113,5.830e-16,-,1
1665,1,z:r2c,nat-oop,6670,10817,6.678,1.622,5.719e-16,-,0
1665,1,z:r2c,nat-oop,5465,10812,8.151,1.978,5.719e-16,-,1
1666,1,z:r2c,nat-oop,1429,2573,31.201,1.801,5.701e-16,-,0
1666,1,z:r2c,nat-oop,1485,2574,30.008,1.733,5.701e-16,-,1
1667,1,z:r2c,nat-oop,11430,12656,3.903,1.107,6.767e-16,-,0
1667,1,z:r2c,nat-oop,11473,12680,3.888,1.105,6.767e-16,-,1
1668,1,z:r2c,nat-oop,5216,16968,8.558,3.253,6.187e-16,-,0
1668,1,z:r2c,nat-oop,5222,16986,8.548,3.253,6.187e-16,-,1
1669,1,z:r2c,nat-oop,11309,12817,3.949,1.133,5.743e-16,-,0
1669,1,z:r2c,nat-oop,12861,12806,3.473,0.996,5.743e-16,-,1
1670,1,z:r2c,nat-oop,5412,6132,8.259,1.133,6.303e-16,-,0
1670,1,z:r2c,nat-oop,5257,6132,8.502,1.166,6.303e-16,-,1
1671,1,z:r2c,nat-oop,11398,12707,3.924,1.115,4.472e-16,-,0
1671,1,z:r2c,nat-oop,11325,12721,3.949,1.123,4.472e-16,-,1
1672,1,z:r2c,nat-oop,1556,2652,28.767,1.704,8.016e-16,-,0
1672,1,z:r2c,nat-oop,1572,2652,28.465,1.686,8.016e-16,-,1
1673,1,z:r2c,nat-oop,11618,12832,3.855,1.104,8.659e-16,-,0
1673,1,z:r2c,nat-oop,11411,12810,3.925,1.123,8.659e-16,-,1
1674,1,z:r2c,nat-oop,1725,4148,25.981,2.404,6.373e-16,-,0
1674,1,z:r2c,nat-oop,1597,4156,28.072,2.603,6.373e-16,-,1
1675,1,z:r2c,nat-oop,11459,22006,3.914,1.920,6.422e-16,-,0
1675,1,z:r2c,nat-oop,12816,22020,3.499,1.718,6.422e-16,-,1
1676,1,z:r2c,nat-oop,5172,6195,8.677,1.198,6.328e-16,-,0
1676,1,z:r2c,nat-oop,5183,6217,8.659,1.200,6.328e-16,-,1
1677,1,z:r2c,nat-oop,4399,13019,10.209,2.959,5.579e-16,-,0
1677,1,z:r2c,nat-oop,4542,12978,9.887,2.857,5.579e-16,-,1
1678,1,z:r2c,nat-oop,5159,6141,8.711,1.190,4.925e-16,-,0
1678,1,z:r2c,nat-oop,5200,6147,8.642,1.182,4.925e-16,-,1
1679,1,z:r2c,nat-oop,11507,26996,3.908,2.346,4.526e-16,-,0
1679,1,z:r2c,nat-oop,11540,27005,3.897,2.340,4.526e-16,-,1
1680,1,z:r2c,nat-oop,1081,1491,41.633,1.379,4.197e-16,-,0
1680,1,z:r2c,nat-oop,1084,1491,41.512,1.376,4.197e-16,-,1
1681,1,z:r2c,nat-oop,8670,18208,5.194,2.100,4.766e-16,-,0
1681,1,z:r2c,nat-oop,6162,18179,7.307,2.950,4.766e-16,-,1
1682,1,z:r2c,nat-oop,2209,6350,20.395,2.874,1.032e-15,-,0
1682,1,z:r2c,nat-oop,2353,6405,19.151,2.722,1.032e-15,-,1
1683,1,z:r2c,nat-oop,3232,5611,13.952,1.736,5.657e-16,-,0
1683,1,z:r2c,nat-oop,3268,5607,13.797,1.716,5.657e-16,-,1
1684,1,z:r2c,nat-oop,5181,6212,8.710,1.199,5.131e-16,-,0
1684,1,z:r2c,nat-oop,5222,6231,8.641,1.193,5.131e-16,-,1
1685,1,z:r2c,nat-oop,11572,12809,3.902,1.107,5.005e-16,-,0
1685,1,z:r2c,nat-oop,11324,12857,3.987,1.135,5.005e-16,-,1
1686,1,z:r2c,nat-oop,5241,6138,8.621,1.171,6.515e-16,-,0
1686,1,z:r2c,nat-oop,5261,6168,8.589,1.173,6.515e-16,-,1
1687,1,z:r2c,nat-oop,11438,12691,3.953,1.110,5.993e-16,-,0
1687,1,z:r2c,nat-oop,11439,12726,3.952,1.112,5.993e-16,-,1
1688,1,z:r2c,nat-oop,5235,6168,8.642,1.178,5.816e-16,-,0
1688,1,z:r2c,nat-oop,5240,6159,8.634,1.175,5.816e-16,-,1
1689,1,z:r2c,nat-oop,11667,12838,3.880,1.100,5.758e-16,-,0
1689,1,z:r2c,nat-oop,11427,12895,3.962,1.128,5.758e-16,-,1
1690,1,z:r2c,nat-oop,1630,1606,27.800,0.986,8.237e-16,-,0
1690,1,z:r2c,nat-oop,1486,1600,30.482,1.076,8.237e-16,-,1
1691,1,z:r2c,nat-oop,11309,32750,4.009,2.896,5.896e-16,-,0
1691,1,z:r2c,nat-oop,11419,32741,3.970,2.867,5.896e-16,-,1
1692,1,z:r2c,nat-oop,2082,5503,21.784,2.643,4.921e-16,-,0
1692,1,z:r2c,nat-oop,2090,5494,21.704,2.629,4.921e-16,-,1
1693,1,z:r2c,nat-oop,11476,12829,3.956,1.118,6.651e-16,-,0
1693,1,z:r2c,nat-oop,11459,12855,3.961,1.122,6.651e-16,-,1
1694,1,z:r2c,nat-oop,2016,1536,22.534,0.762,6.190e-16,-,0
1694,1,z:r2c,nat-oop,1405,1540,32.334,1.096,6.190e-16,-,1
1695,1,z:r2c,nat-oop,11493,12750,3.955,1.109,6.099e-16,-,0
1695,1,z:r2c,nat-oop,11485,12832,3.958,1.117,6.099e-16,-,1
1696,1,z:r2c,nat-oop,5266,5741,8.638,1.090,4.352e-16,-,0
1696,1,z:r2c,nat-oop,5259,5734,8.648,1.090,4.352e-16,-,1
1697,1,z:r2c,nat-oop,11587,12878,3.928,1.111,5.073e-16,-,0
1697,1,z:r2c,nat-oop,13531,12868,3.364,0.951,5.073e-16,-,1
1698,1,z:r2c,nat-oop,5232,6211,8.706,1.187,5.829e-16,-,0
1698,1,z:r2c,nat-oop,5176,6213,8.800,1.200,5.829e-16,-,1
1699,1,z:r2c,nat-oop,11429,12672,3.988,1.109,5.513e-16,-,0
1699,1,z:r2c,nat-oop,11599,12712,3.929,1.096,5.513e-16,-,1
1700,1,z:r2c,nat-oop,1497,2536,30.471,1.694,5.108e-16,-,0
1700,1,z:r2c,nat-oop,1490,2539,30.601,1.704,5.108e-16,-,1
1701,1,z:r2c,nat-oop,3009,2910,15.166,0.967,5.394e-16,-,0
1701,1,z:r2c,nat-oop,3073,2962,14.853,0.964,5.394e-16,-,1
1702,1,z:r2c,nat-oop,1890,6731,24.163,3.561,4.155e-16,-,0
1702,1,z:r2c,nat-oop,1898,6729,24.067,3.546,4.155e-16,-,1
1703,1,z:r2c,nat-oop,11513,12722,3.969,1.105,4.363e-16,-,0
1703,1,z:r2c,nat-oop,11510,12757,3.970,1.108,4.363e-16,-,1
1704,1,z:r2c,nat-oop,5295,8545,8.636,1.614,5.088e-16,-,0
1704,1,z:r2c,nat-oop,5262,8536,8.690,1.622,5.088e-16,-,1
1705,1,z:r2c,nat-oop,5465,9275,8.373,1.697,4.757e-16,-,0
1705,1,z:r2c,nat-oop,6855,9251,6.676,1.350,4.757e-16,-,1
1706,1,z:r2c,nat-oop,5274,6214,8.682,1.178,4.791e-16,-,0
1706,1,z:r2c,nat-oop,5320,6214,8.607,1.168,4.791e-16,-,1
1707,1,z:r2c,nat-oop,11522,12743,3.977,1.106,5.401e-16,-,0
1707,1,z:r2c,nat-oop,11291,12721,4.058,1.127,5.401e-16,-,1
1708,1,z:r2c,nat-oop,5407,7501,8.479,1.387,5.290e-16,-,0
1708,1,z:r2c,nat-oop,5239,7510,8.752,1.434,5.290e-16,-,1
1709,1,z:r2c,nat-oop,11658,12885,3.936,1.105,5.545e-16,-,0
1709,1,z:r2c,nat-oop,11640,12897,3.942,1.108,5.545e-16,-,1
1710,1,z:r2c,nat-oop,1614,2855,28.450,1.769,4.844e-16,-,0
1710,1,z:r2c,nat-oop,1606,2854,28.581,1.777,4.844e-16,-,1
1711,1,z:r2c,nat-oop,11565,23248,3.973,2.010,4.580e-16,-,0
1711,1,z:r2c,nat-oop,11413,23249,4.026,2.037,4.580e-16,-,1
1712,1,z:r2c,nat-oop,5257,13211,8.746,2.513,5.167e-16,-,0
1712,1,z:r2c,nat-oop,5283,13194,8.702,2.497,5.167e-16,-,1
1713,1,z:r2c,nat-oop,11487,12904,4.005,1.123,5.464e-16,-,0
1713,1,z:r2c,nat-oop,11570,12856,3.976,1.111,5.464e-16,-,1
1714,1,z:r2c,nat-oop,5261,6229,8.750,1.184,6.147e-16,-,0
1714,1,z:r2c,nat-oop,5319,6207,8.655,1.167,6.147e-16,-,1
1715,1,z:r2c,nat-oop,3304,2742,13.941,0.830,4.792e-16,-,0
1715,1,z:r2c,nat-oop,3266,2740,14.106,0.839,4.792e-16,-,1
1716,1,z:r2c,nat-oop,1747,1681,26.382,0.962,8.078e-16,-,0
1716,1,z:r2c,nat-oop,1467,1683,31.430,1.147,8.078e-16,-,1
1717,1,z:r2c,nat-oop,11557,12879,3.991,1.114,5.122e-16,-,0
1717,1,z:r2c,nat-oop,11578,12869,3.984,1.111,5.122e-16,-,1
1718,1,z:r2c,nat-oop,3950,6165,11.684,1.561,9.542e-16,-,0
1718,1,z:r2c,nat-oop,3967,6183,11.635,1.559,9.542e-16,-,1
1719,1,z:r2c,nat-oop,11343,12703,4.072,1.120,7.114e-16,-,0
1719,1,z:r2c,nat-oop,11537,12765,4.003,1.106,7.114e-16,-,1
1720,1,z:r2c,nat-oop,1918,4875,24.092,2.541,5.638e-16,-,0
1720,1,z:r2c,nat-oop,1932,4864,23.924,2.518,5.638e-16,-,1
1721,1,z:r2c,nat-oop,11544,12919,4.006,1.119,5.250e-16,-,0
1721,1,z:r2c,nat-oop,11566,12847,3.999,1.111,5.250e-16,-,1
1722,1,z:r2c,nat-oop,1651,5768,28.027,3.493,5.027e-16,-,0
1722,1,z:r2c,nat-oop,1658,5779,27.918,3.486,5.027e-16,-,1
1723,1,z:r2c,nat-oop,11614,12782,3.987,1.101,5.587e-16,-,0
1723,1,z:r2c,nat-oop,11653,12854,3.974,1.103,5.587e-16,-,1
1724,1,z:r2c,nat-oop,5176,6222,8.952,1.202,5.132e-16,-,0
1724,1,z:r2c,nat-oop,5176,6229,8.953,1.203,5.132e-16,-,1
1725,1,z:r2c,nat-oop,3758,7356,12.340,1.958,5.939e-16,-,0
1725,1,z:r2c,nat-oop,3613,7352,12.835,2.035,5.939e-16,-,1
1726,1,z:r2c,nat-oop,5264,6187,8.815,1.175,5.944e-16,-,0
1726,1,z:r2c,nat-oop,5204,6169,8.916,1.185,5.944e-16,-,1
1727,1,z:r2c,nat-oop,12759,12788,3.639,1.002,5.622e-16,-,0
1727,1,z:r2c,nat-oop,11689,12757,3.972,1.091,5.622e-16,-,1
1728,1,z:r2c,nat-oop,865,1551,53.682,1.792,5.062e-16,-,0
1728,1,z:r2c,nat-oop,862,1550,53.890,1.797,5.062e-16,-,1
1729,1,z:r2c,nat-oop,3872,6423,12.007,1.659,6.414e-16,-,0
1729,1,z:r2c,nat-oop,5903,6448,7.876,1.092,6.414e-16,-,1
1730,1,z:r2c,nat-oop,5304,6215,8.771,1.172,4.997e-16,-,0
1730,1,z:r2c,nat-oop,5313,6249,8.756,1.176,4.997e-16,-,1
1731,1,z:r2c,nat-oop,11376,12774,4.092,1.123,5.107e-16,-,0
1731,1,z:r2c,nat-oop,11371,12738,4.094,1.120,5.107e-16,-,1
1732,1,z:r2c,nat-oop,5233,6229,8.901,1.190,5.582e-16,-,0
1732,1,z:r2c,nat-oop,5287,6243,8.811,1.181,5.582e-16,-,1
1733,1,z:r2c,nat-oop,11356,12959,4.105,1.141,5.593e-16,-,0
1733,1,z:r2c,nat-oop,11319,12894,4.118,1.139,5.593e-16,-,1
1734,1,z:r2c,nat-oop,1886,3869,24.729,2.051,6.303e-16,-,0
1734,1,z:r2c,nat-oop,1837,3912,25.395,2.130,6.303e-16,-,1
1735,1,z:r2c,nat-oop,11577,12703,4.032,1.097,6.625e-16,-,0
1735,1,z:r2c,nat-oop,11704,12804,3.988,1.094,6.625e-16,-,1
1736,1,z:r2c,nat-oop,1818,3802,25.697,2.092,7.186e-16,-,0
1736,1,z:r2c,nat-oop,2104,3797,22.201,1.805,7.186e-16,-,1
1737,1,z:r2c,nat-oop,11689,12879,3.998,1.102,5.225e-16,-,0
1737,1,z:r2c,nat-oop,11589,12958,4.033,1.118,5.225e-16,-,1
1738,1,z:r2c,nat-oop,5325,12557,8.782,2.358,4.923e-16,-,0
1738,1,z:r2c,nat-oop,5473,12542,8.545,2.292,4.923e-16,-,1
1739,1,z:r2c,nat-oop,5412,20276,8.647,3.747,1.164e-15,-,0
1739,1,z:r2c,nat-oop,5556,20272,8.423,3.649,1.164e-15,-,1
1740,1,z:r2c,nat-oop,1855,3596,25.244,1.938,6.224e-16,-,0
1740,1,z:r2c,nat-oop,1778,3602,26.343,2.026,6.224e-16,-,1
1741,1,z:r2c,nat-oop,11785,12900,3.976,1.095,7.039e-16,-,0
1741,1,z:r2c,nat-oop,14767,12880,3.173,0.872,7.039e-16,-,1
1742,1,z:r2c,nat-oop,5280,10426,8.881,1.975,5.834e-16,-,0
1742,1,z:r2c,nat-oop,5287,10513,8.869,1.989,5.834e-16,-,1
1743,1,z:r2c,nat-oop,11491,29341,4.083,2.553,4.666e-16,-,0
1743,1,z:r2c,nat-oop,11370,29322,4.126,2.579,4.666e-16,-,1
1744,1,z:r2c,nat-oop,5213,13997,9.007,2.685,5.070e-16,-,0
1744,1,z:r2c,nat-oop,5310,14005,8.842,2.638,5.070e-16,-,1
1745,1,z:r2c,nat-oop,11682,12909,4.021,1.105,5.309e-16,-,0
1745,1,z:r2c,nat-oop,11597,12894,4.051,1.112,5.309e-16,-,1
1746,1,z:r2c,nat-oop,5282,6258,8.901,1.185,6.067e-16,-,0
1746,1,z:r2c,nat-oop,5244,6250,8.965,1.192,6.067e-16,-,1
1747,1,z:r2c,nat-oop,11651,12789,4.037,1.098,5.823e-16,-,0
1747,1,z:r2c,nat-oop,13366,12791,3.520,0.957,5.823e-16,-,1
1748,1,z:r2c,nat-oop,2048,4154,22.986,2.028,9.672e-16,-,0
1748,1,z:r2c,nat-oop,2039,4157,23.089,2.039,9.672e-16,-,1
1749,1,z:r2c,nat-oop,11351,17438,4.150,1.536,4.879e-16,-,0
1749,1,z:r2c,nat-oop,11356,17432,4.148,1.535,4.879e-16,-,1
1750,1,z:r2c,nat-oop,1419,1643,33.212,1.157,6.726e-16,-,0
1750,1,z:r2c,nat-oop,1365,1642,34.533,1.203,6.726e-16,-,1
1751,1,z:r2c,nat-oop,11482,12795,4.108,1.114,5.691e-16,-,0
1751,1,z:r2c,nat-oop,11543,12782,4.086,1.107,5.691e-16,-,1
1752,1,z:r2c,nat-oop,5344,9184,8.830,1.718,5.331e-16,-,0
1752,1,z:r2c,nat-oop,6771,9191,6.970,1.358,5.331e-16,-,1
1753,1,z:r2c,nat-oop,11360,12885,4.157,1.134,5.660e-16,-,0
1753,1,z:r2c,nat-oop,11560,12883,4.085,1.114,5.660e-16,-,1
1754,1,z:r2c,nat-oop,5541,6260,8.528,1.130,5.225e-16,-,0
1754,1,z:r2c,nat-oop,5241,6236,9.016,1.190,5.225e-16,-,1
1755,1,z:r2c,nat-oop,3305,3090,14.308,0.935,7.332e-16,-,0
1755,1,z:r2c,nat-oop,3374,3090,14.015,0.916,7.332e-16,-,1
1756,1,z:r2c,nat-oop,5311,6256,8.909,1.178,3.989e-16,-,0
1756,1,z:r2c,nat-oop,5253,6249,9.007,1.189,3.989e-16,-,1
1757,1,z:r2c,nat-oop,11551,12913,4.099,1.118,5.991e-16,-,0
1757,1,z:r2c,nat-oop,11616,12933,4.076,1.113,5.991e-16,-,1
1758,1,z:r2c,nat-oop,5390,6183,8.789,1.147,5.870e-16,-,0
1758,1,z:r2c,nat-oop,5332,6186,8.886,1.160,5.870e-16,-,1
1759,1,z:r2c,nat-oop,11545,12782,4.106,1.107,5.045e-16,-,0
1759,1,z:r2c,nat-oop,11564,12794,4.099,1.106,5.045e-16,-,1
1760,1,z:r2c,nat-oop,1188,1557,39.920,1.310,4.390e-16,-,0
1760,1,z:r2c,nat-oop,1208,1555,39.274,1.287,4.390e-16,-,1
1761,1,z:r2c,nat-oop,11586,12928,4.097,1.116,6.413e-16,-,0
1761,1,z:r2c,nat-oop,11415,12927,4.158,1.132,6.413e-16,-,1
1762,1,z:r2c,nat-oop,3872,6253,12.267,1.615,1.689e-15,-,0
1762,1,z:r2c,nat-oop,3791,6258,12.529,1.651,1.689e-15,-,1
1763,1,z:r2c,nat-oop,8965,19863,5.302,2.216,6.009e-16,-,0
1763,1,z:r2c,nat-oop,7053,19844,6.739,2.814,6.009e-16,-,1
1764,1,z:r2c,nat-oop,1566,1613,30.363,1.030,4.191e-16,-,0
1764,1,z:r2c,nat-oop,1517,1616,31.352,1.065,4.191e-16,-,1
1765,1,z:r2c,nat-oop,11653,12942,4.084,1.111,7.193e-16,-,0
1765,1,z:r2c,nat-oop,11527,12907,4.129,1.120,7.193e-16,-,1
1766,1,z:r2c,nat-oop,5324,6191,8.945,1.163,7.582e-16,-,0
1766,1,z:r2c,nat-oop,5472,6223,8.702,1.137,7.582e-16,-,1
1767,1,z:r2c,nat-oop,4536,11719,10.505,2.583,5.003e-16,-,0
1767,1,z:r2c,nat-oop,4953,11708,9.621,2.364,5.003e-16,-,1
1768,1,z:r2c,nat-oop,1690,2665,28.212,1.577,5.276e-16,-,0
1768,1,z:r2c,nat-oop,1685,2660,28.301,1.579,5.276e-16,-,1
1769,1,z:r2c,nat-oop,11615,24813,4.108,2.136,4.755e-16,-,0
1769,1,z:r2c,nat-oop,11515,24784,4.144,2.152,4.755e-16,-,1
1770,1,z:r2c,nat-oop,5487,9039,8.701,1.647,5.018e-16,-,0
1770,1,z:r2c,nat-oop,5589,9039,8.542,1.617,5.018e-16,-,1
1771,1,z:r2c,nat-oop,4248,7388,11.245,1.739,1.013e-15,-,0
1771,1,z:r2c,nat-oop,4143,7400,11.530,1.786,1.013e-15,-,1
1772,1,z:r2c,nat-oop,5370,6267,8.903,1.167,7.503e-16,-,0
1772,1,z:r2c,nat-oop,5345,6241,8.944,1.168,7.503e-16,-,1
1773,1,z:r2c,nat-oop,11608,12952,4.121,1.116,5.554e-16,-,0
1773,1,z:r2c,nat-oop,11597,12926,4.125,1.115,5.554e-16,-,1
1774,1,z:r2c,nat-oop,5214,6205,9.179,1.190,6.423e-16,-,0
1774,1,z:r2c,nat-oop,5285,6197,9.057,1.173,6.423e-16,-,1
1775,1,z:r2c,nat-oop,11777,24980,4.067,2.121,6.402e-16,-,0
1775,1,z:r2c,nat-oop,11712,24978,4.090,2.133,6.402e-16,-,1
1776,1,z:r2c,nat-oop,1951,4492,24.560,2.302,5.816e-16,-,0
1776,1,z:r2c,nat-oop,1913,4500,25.048,2.352,5.816e-16,-,1
1777,1,z:r2c,nat-oop,11435,12918,4.194,1.130,6.490e-16,-,0
1777,1,z:r2c,nat-oop,11579,12996,4.142,1.122,6.490e-16,-,1
1778,1,z:r2c,nat-oop,5399,6247,8.889,1.157,5.436e-16,-,0
1778,1,z:r2c,nat-oop,5386,6253,8.910,1.161,5.436e-16,-,1
1779,1,z:r2c,nat-oop,11464,12778,4.189,1.115,8.455e-16,-,0
1779,1,z:r2c,nat-oop,11628,12772,4.130,1.098,8.455e-16,-,1
1780,1,z:r2c,nat-oop,5208,12269,9.225,2.356,5.756e-16,-,0
1780,1,z:r2c,nat-oop,5789,12284,8.299,2.122,5.756e-16,-,1
1781,1,z:r2c,nat-oop,11507,12858,4.178,1.117,5.893e-16,-,0
1781,1,z:r2c,nat-oop,11582,12907,4.151,1.114,5.893e-16,-,1
1782,1,z:r2c,nat-oop,1540,1786,31.238,1.160,6.303e-16,-,0
1782,1,z:r2c,nat-oop,1570,1778,30.639,1.133,6.303e-16,-,1
1783,1,z:r2c,nat-oop,11415,12776,4.217,1.119,7.045e-16,-,0
1783,1,z:r2c,nat-oop,11620,12760,4.143,1.098,7.045e-16,-,1
1784,1,z:r2c,nat-oop,5257,6213,9.163,1.182,5.789e-16,-,0
1784,1,z:r2c,nat-oop,5285,6195,9.114,1.172,5.789e-16,-,1
1785,1,z:r2c,nat-oop,3371,5912,14.300,1.754,6.115e-16,-,0
1785,1,z:r2c,nat-oop,3437,5907,14.026,1.719,6.115e-16,-,1
1786,1,z:r2c,nat-oop,2216,8307,21.768,3.749,3.632e-16,-,0
1786,1,z:r2c,nat-oop,2244,8293,21.498,3.696,3.632e-16,-,1
1787,1,z:r2c,nat-oop,11596,12828,4.162,1.106,5.076e-16,-,0
1787,1,z:r2c,nat-oop,11574,12781,4.170,1.104,5.076e-16,-,1
1788,1,z:r2c,nat-oop,5314,19934,9.088,3.751,5.163e-16,-,0
1788,1,z:r2c,nat-oop,5170,19951,9.341,3.859,5.163e-16,-,1
1789,1,z:r2c,nat-oop,11616,12926,4.160,1.113,5.961e-16,-,0
1789,1,z:r2c,nat-oop,11653,12892,4.147,1.106,5.961e-16,-,1
1790,1,z:r2c,nat-oop,5255,6209,9.202,1.182,6.446e-16,-,0
1790,1,z:r2c,nat-oop,5254,6196,9.203,1.179,6.446e-16,-,1
1791,1,z:r2c,nat-oop,11436,12844,4.231,1.123,7.536e-16,-,0
1791,1,z:r2c,nat-oop,11453,12795,4.225,1.117,7.536e-16,-,1
1792,1,z:r2c,nat-oop,877,1520,55.211,1.734,3.454e-16,-,0
1792,1,z:r2c,nat-oop,904,1518,53.546,1.679,3.454e-16,-,1
1793,1,z:r2c,nat-oop,11642,12913,4.161,1.109,5.688e-16,-,0
1793,1,z:r2c,nat-oop,11634,12932,4.164,1.112,5.688e-16,-,1
1794,1,z:r2c,nat-oop,1947,3460,24.903,1.777,9.618e-16,-,0
1794,1,z:r2c,nat-oop,1949,3455,24.869,1.772,9.618e-16,-,1
1795,1,z:r2c,nat-oop,11412,12791,4.251,1.121,5.827e-16,-,0
1795,1,z:r2c,nat-oop,11371,12782,4.266,1.124,5.827e-16,-,1
1796,1,z:r2c,nat-oop,5361,6264,9.054,1.168,5.247e-16,-,0
1796,1,z:r2c,nat-oop,5365,6261,9.047,1.167,5.247e-16,-,1
1797,1,z:r2c,nat-oop,11651,12878,4.169,1.105,5.705e-16,-,0
1797,1,z:r2c,nat-oop,11725,12912,4.142,1.101,5.705e-16,-,1
1798,1,z:r2c,nat-oop,2222,7003,21.874,3.152,5.115e-16,-,0
1798,1,z:r2c,nat-oop,2173,7008,22.364,3.225,5.115e-16,-,1
1799,1,z:r2c,nat-oop,11633,12765,4.180,1.097,5.576e-16,-,0
1799,1,z:r2c,nat-oop,11641,12773,4.177,1.097,5.576e-16,-,1
1800,1,z:r2c,nat-oop,1227,1672,39.671,1.363,4.483e-16,-,0
1800,1,z:r2c,nat-oop,1232,1672,39.483,1.356,4.483e-16,-,1
1801,1,z:r2c,nat-oop,11613,12911,4.193,1.112,5.771e-16,-,0
1801,1,z:r2c,nat-oop,11371,12944,4.282,1.138,5.771e-16,-,1
1802,1,z:r2c,nat-oop,5461,9400,8.922,1.721,5.208e-16,-,0
1802,1,z:r2c,nat-oop,5399,9384,9.025,1.738,5.208e-16,-,1
1803,1,z:r2c,nat-oop,11625,12793,4.194,1.100,4.996e-16,-,0
1803,1,z:r2c,nat-oop,11669,12781,4.178,1.095,4.996e-16,-,1
1804,1,z:r2c,nat-oop,2539,5275,19.212,2.078,6.108e-16,-,0
1804,1,z:r2c,nat-oop,2544,5280,19.173,2.075,6.108e-16,-,1
1805,1,z:r2c,nat-oop,4548,8691,10.734,1.911,1.312e-15,-,0
1805,1,z:r2c,nat-oop,5079,8691,9.611,1.711,1.312e-15,-,1
1806,1,z:r2c,nat-oop,2022,6350,24.156,3.140,7.070e-16,-,0
1806,1,z:r2c,nat-oop,1899,6329,25.727,3.333,7.070e-16,-,1
1807,1,z:r2c,nat-oop,11598,12746,4.214,1.099,5.988e-16,-,0
1807,1,z:r2c,nat-oop,11363,12809,4.302,1.127,5.988e-16,-,1
1808,1,z:r2c,nat-oop,5347,15093,9.147,2.823,5.345e-16,-,0
1808,1,z:r2c,nat-oop,5523,15091,8.856,2.732,5.345e-16,-,1
1809,1,z:r2c,nat-oop,11426,23962,4.283,2.097,5.766e-16,-,0
1809,1,z:r2c,nat-oop,11738,23969,4.169,2.042,5.766e-16,-,1
1810,1,z:r2c,nat-oop,5316,6273,9.211,1.180,4.772e-16,-,0
1810,1,z:r2c,nat-oop,5908,6267,8.289,1.061,4.772e-16,-,1
1811,1,z:r2c,nat-oop,11422,12797,4.290,1.120,6.943e-16,-,0
1811,1,z:r2c,nat-oop,11637,12820,4.211,1.102,6.943e-16,-,1
1812,1,z:r2c,nat-oop,5308,6285,9.237,1.184,4.702e-16,-,0
1812,1,z:r2c,nat-oop,6683,6329,7.337,0.947,4.702e-16,-,1
1813,1,z:r2c,nat-oop,4800,11715,10.222,2.441,4.943e-16,-,0
1813,1,z:r2c,nat-oop,4853,11692,10.110,2.409,4.943e-16,-,1
1814,1,z:r2c,nat-oop,5602,6227,8.763,1.112,5.147e-16,-,0
1814,1,z:r2c,nat-oop,5348,6243,9.180,1.167,5.147e-16,-,1
1815,1,z:r2c,nat-oop,3412,3286,14.398,0.963,4.734e-16,-,0
1815,1,z:r2c,nat-oop,3265,3436,15.043,1.052,4.734e-16,-,1
1816,1,z:r2c,nat-oop,5231,6234,9.397,1.192,5.903e-16,-,0
1816,1,z:r2c,nat-oop,6361,6237,7.728,0.981,5.903e-16,-,1
1817,1,z:r2c,nat-oop,11431,31753,4.303,2.778,5.932e-16,-,0
1817,1,z:r2c,nat-oop,11382,31764,4.321,2.791,5.932e-16,-,1
1818,1,z:r2c,nat-oop,5440,6303,9.046,1.158,7.257e-16,-,0
1818,1,z:r2c,nat-oop,5362,6291,9.178,1.173,7.257e-16,-,1
1819,1,z:r2c,nat-oop,11542,12778,4.267,1.107,5.970e-16,-,0
1819,1,z:r2c,nat-oop,11433,12815,4.307,1.121,5.970e-16,-,1
1820,1,z:r2c,nat-oop,1478,1929,33.336,1.305,7.021e-16,-,0
1820,1,z:r2c,nat-oop,1473,1925,33.450,1.307,7.021e-16,-,1
1821,1,z:r2c,nat-oop,11563,12938,4.264,1.119,5.350e-16,-,0
1821,1,z:r2c,nat-oop,11633,12985,4.238,1.116,5.350e-16,-,1
1822,1,z:r2c,nat-oop,5468,6239,9.023,1.141,6.866e-16,-,0
1822,1,z:r2c,nat-oop,5478,6231,9.007,1.138,6.866e-16,-,1
1823,1,z:r2c,nat-oop,11702,12799,4.219,1.094,6.504e-16,-,0
1823,1,z:r2c,nat-oop,11850,12802,4.166,1.080,6.504e-16,-,1
1824,1,z:r2c,nat-oop,1436,2784,34.400,1.939,5.647e-16,-,0
1824,1,z:r2c,nat-oop,1431,2779,34.528,1.943,5.647e-16,-,1
1825,1,z:r2c,nat-oop,11404,26419,4.334,2.317,5.826e-16,-,0
1825,1,z:r2c,nat-oop,11529,26427,4.287,2.292,5.826e-16,-,1
1826,1,z:r2c,nat-oop,5329,14240,9.280,2.672,4.485e-16,-,0
1826,1,z:r2c,nat-oop,5321,14270,9.295,2.682,4.485e-16,-,1
1827,1,z:r2c,nat-oop,4544,9332,10.891,2.054,6.135e-16,-,0
1827,1,z:r2c,nat-oop,4346,9318,11.386,2.144,6.135e-16,-,1
1828,1,z:r2c,nat-oop,5233,6281,9.463,1.200,4.718e-16,-,0
1828,1,z:r2c,nat-oop,5287,6274,9.367,1.187,4.718e-16,-,1
1829,1,z:r2c,nat-oop,11398,25076,4.347,2.200,4.221e-16,-,0
1829,1,z:r2c,nat-oop,11421,25100,4.339,2.198,4.221e-16,-,1
1830,1,z:r2c,nat-oop,5274,9868,9.401,1.871,5.598e-16,-,0
1830,1,z:r2c,nat-oop,5319,9876,9.322,1.857,5.598e-16,-,1
1831,1,z:r2c,nat-oop,11411,12795,4.348,1.121,5.854e-16,-,0
1831,1,z:r2c,nat-oop,11747,12800,4.224,1.090,5.854e-16,-,1
1832,1,z:r2c,nat-oop,5358,6244,9.265,1.165,8.110e-16,-,0
1832,1,z:r2c,nat-oop,5461,6237,9.090,1.142,8.110e-16,-,1
1833,1,z:r2c,nat-oop,5194,15861,9.564,3.054,7.992e-16,-,0
1833,1,z:r2c,nat-oop,5042,15900,9.852,3.154,7.992e-16,-,1
1834,1,z:r2c,nat-oop,5602,6300,8.873,1.125,6.796e-16,-,0
1834,1,z:r2c,nat-oop,5382,6299,9.235,1.170,6.796e-16,-,1
1835,1,z:r2c,nat-oop,11540,12827,4.310,1.112,4.874e-16,-,0
1835,1,z:r2c,nat-oop,11437,12823,4.349,1.121,4.874e-16,-,1
1836,1,z:r2c,nat-oop,1601,2757,31.084,1.722,7.254e-16,-,0
1836,1,z:r2c,nat-oop,1607,2757,30.978,1.716,7.254e-16,-,1
1837,1,z:r2c,nat-oop,11443,12931,4.352,1.130,5.945e-16,-,0
1837,1,z:r2c,nat-oop,11414,12980,4.363,1.137,5.945e-16,-,1
1838,1,z:r2c,nat-oop,5370,6219,9.279,1.158,5.883e-16,-,0
1838,1,z:r2c,nat-oop,5292,6226,9.415,1.176,5.883e-16,-,1
1839,1,z:r2c,nat-oop,11730,12839,4.250,1.095,7.098e-16,-,0
1839,1,z:r2c,nat-oop,11597,12828,4.299,1.106,7.098e-16,-,1
1840,1,z:r2c,nat-oop,1633,3260,30.556,1.997,4.195e-16,-,0
1840,1,z:r2c,nat-oop,1671,3261,29.850,1.951,4.195e-16,-,1
1841,1,z:r2c,nat-oop,11379,12984,4.387,1.141,7.025e-16,-,0
1841,1,z:r2c,nat-oop,11679,12953,4.274,1.109,7.025e-16,-,1
1842,1,z:r2c,nat-oop,5283,6296,9.455,1.192,4.924e-16,-,0
1842,1,z:r2c,nat-oop,5268,6296,9.482,1.195,4.924e-16,-,1
1843,1,z:r2c,nat-oop,11624,12830,4.300,1.104,4.389e-16,-,0
1843,1,z:r2c,nat-oop,11415,12801,4.378,1.121,4.389e-16,-,1
1844,1,z:r2c,nat-oop,5422,6297,9.224,1.161,8.029e-16,-,0
1844,1,z:r2c,nat-oop,5338,6298,9.368,1.180,8.029e-16,-,1
1845,1,z:r2c,nat-oop,4631,13306,10.805,2.873,4.876e-16,-,0
1845,1,z:r2c,nat-oop,4580,13304,10.926,2.905,4.876e-16,-,1
1846,1,z:r2c,nat-oop,5797,11804,8.638,2.036,4.980e-16,-,0
1846,1,z:r2c,nat-oop,5385,11835,9.299,2.198,4.980e-16,-,1
1847,1,z:r2c,nat-oop,11862,12807,4.224,1.080,7.157e-16,-,0
1847,1,z:r2c,nat-oop,11686,12844,4.288,1.099,7.157e-16,-,1
1848,1,z:r2c,nat-oop,1225,1849,40.924,1.509,5.994e-16,-,0
1848,1,z:r2c,nat-oop,1240,1848,40.442,1.491,5.994e-16,-,1
1849,1,z:r2c,nat-oop,5780,21125,8.679,3.655,1.286e-15,-,0
1849,1,z:r2c,nat-oop,5585,21120,8.982,3.781,1.286e-15,-,1
1850,1,z:r2c,nat-oop,1988,5464,25.247,2.748,5.248e-16,-,0
1850,1,z:r2c,nat-oop,2013,5466,24.942,2.716,5.248e-16,-,1
1851,1,z:r2c,nat-oop,11791,12832,4.260,1.088,7.284e-16,-,0
1851,1,z:r2c,nat-oop,13728,12811,3.659,0.933,7.284e-16,-,1
1852,1,z:r2c,nat-oop,5469,6308,9.190,1.154,5.576e-16,-,0
1852,1,z:r2c,nat-oop,5526,6308,9.095,1.142,5.576e-16,-,1
1853,1,z:r2c,nat-oop,11703,13011,4.297,1.112,5.237e-16,-,0
1853,1,z:r2c,nat-oop,11619,12952,4.328,1.115,5.237e-16,-,1
1854,1,z:r2c,nat-oop,5454,6254,9.226,1.147,6.399e-16,-,0
1854,1,z:r2c,nat-oop,5547,6256,9.071,1.128,6.399e-16,-,1
1855,1,z:r2c,nat-oop,11622,18319,4.332,1.576,4.930e-16,-,0
1855,1,z:r2c,nat-oop,11582,18334,4.347,1.583,4.930e-16,-,1
1856,1,z:r2c,nat-oop,1366,3826,36.874,2.800,3.397e-16,-,0
1856,1,z:r2c,nat-oop,1449,3832,34.779,2.645,3.397e-16,-,1
1857,1,z:r2c,nat-oop,11441,12968,4.406,1.133,5.470e-16,-,0
1857,1,z:r2c,nat-oop,11571,12947,4.357,1.119,5.470e-16,-,1
1858,1,z:r2c,nat-oop,4522,6318,11.155,1.397,7.975e-16,-,0
1858,1,z:r2c,nat-oop,4501,6311,11.207,1.402,7.975e-16,-,1
1859,1,z:r2c,nat-oop,3786,3635,13.330,0.960,6.111e-16,-,0
1859,1,z:r2c,nat-oop,3776,3643,13.367,0.965,6.111e-16,-,1
1860,1,z:r2c,nat-oop,1953,4004,25.854,2.050,4.276e-16,-,0
1860,1,z:r2c,nat-oop,1913,4008,26.403,2.095,4.276e-16,-,1
1861,1,z:r2c,nat-oop,11684,12962,4.325,1.109,5.957e-16,-,0
1861,1,z:r2c,nat-oop,11419,12975,4.426,1.136,5.957e-16,-,1
1862,1,z:r2c,nat-oop,1856,3019,27.245,1.626,5.525e-16,-,0
1862,1,z:r2c,nat-oop,1874,3018,26.986,1.611,5.525e-16,-,1
1863,1,z:r2c,nat-oop,3899,7964,12.977,2.043,7.413e-16,-,0
1863,1,z:r2c,nat-oop,3882,7957,13.035,2.050,7.413e-16,-,1
1864,1,z:r2c,nat-oop,5272,6265,9.603,1.188,5.471e-16,-,0
1864,1,z:r2c,nat-oop,5328,6253,9.501,1.173,5.471e-16,-,1
1865,1,z:r2c,nat-oop,11739,12938,4.315,1.102,5.276e-16,-,0
1865,1,z:r2c,nat-oop,11691,12974,4.333,1.110,5.276e-16,-,1
1866,1,z:r2c,nat-oop,5428,6311,9.338,1.163,7.118e-16,-,0
1866,1,z:r2c,nat-oop,5479,6315,9.252,1.153,7.118e-16,-,1
1867,1,z:r2c,nat-oop,11606,12856,4.370,1.108,6.218e-16,-,0
1867,1,z:r2c,nat-oop,11841,12854,4.283,1.086,6.218e-16,-,1
1868,1,z:r2c,nat-oop,5377,6324,9.438,1.176,6.835e-16,-,0
1868,1,z:r2c,nat-oop,5359,6315,9.469,1.178,6.835e-16,-,1
1869,1,z:r2c,nat-oop,11733,33940,4.328,2.893,6.130e-16,-,0
1869,1,z:r2c,nat-oop,11514,33963,4.411,2.950,6.130e-16,-,1
1870,1,z:r2c,nat-oop,1768,2927,28.742,1.656,5.630e-16,-,0
1870,1,z:r2c,nat-oop,1781,2927,28.535,1.644,5.630e-16,-,1
1871,1,z:r2c,nat-oop,11585,12840,4.389,1.108,5.052e-16,-,0
1871,1,z:r2c,nat-oop,11528,12889,4.410,1.118,5.052e-16,-,1
1872,1,z:r2c,nat-oop,1310,1813,38.828,1.384,7.002e-16,-,0
1872,1,z:r2c,nat-oop,1287,1816,39.540,1.411,7.002e-16,-,1
1873,1,z:r2c,nat-oop,8464,12984,6.014,1.534,9.119e-16,-,0
1873,1,z:r2c,nat-oop,8442,12974,6.030,1.537,9.119e-16,-,1
1874,1,z:r2c,nat-oop,3953,6305,12.886,1.595,1.084e-15,-,0
1874,1,z:r2c,nat-oop,4356,6345,11.694,1.457,1.084e-15,-,1
1875,1,z:r2c,nat-oop,4053,3175,12.575,0.783,5.077e-16,-,0
1875,1,z:r2c,nat-oop,4007,3178,12.718,0.793,5.077e-16,-,1
1876,1,z:r2c,nat-oop,5400,9098,9.443,1.685,6.030e-16,-,0
1876,1,z:r2c,nat-oop,5463,9102,9.335,1.666,6.030e-16,-,1
1877,1,z:r2c,nat-oop,11868,12968,4.300,1.093,5.335e-16,-,0
1877,1,z:r2c,nat-oop,11855,12989,4.304,1.096,5.335e-16,-,1
1878,1,z:r2c,nat-oop,5280,6261,9.670,1.186,6.895e-16,-,0
1878,1,z:r2c,nat-oop,5377,6271,9.495,1.166,6.895e-16,-,1
1879,1,z:r2c,nat-oop,11681,12885,4.374,1.103,5.784e-16,-,0
1879,1,z:r2c,nat-oop,11701,12938,4.366,1.106,5.784e-16,-,1
1880,1,z:r2c,nat-oop,2116,6075,24.157,2.871,5.362e-16,-,0
1880,1,z:r2c,nat-oop,2084,6062,24.532,2.909,5.362e-16,-,1
1881,1,z:r2c,nat-oop,5886,6912,8.690,1.174,5.351e-16,-,0
1881,1,z:r2c,nat-oop,3991,6902,12.818,1.730,5.351e-16,-,1
1882,1,z:r2c,nat-oop,5374,6327,9.523,1.177,5.770e-16,-,0
1882,1,z:r2c,nat-oop,5400,6349,9.478,1.176,5.770e-16,-,1
1883,1,z:r2c,nat-oop,11615,12892,4.409,1.110,5.048e-16,-,0
1883,1,z:r2c,nat-oop,11675,12851,4.387,1.101,5.048e-16,-,1
1884,1,z:r2c,nat-oop,5422,6344,9.450,1.170,5.657e-16,-,0
1884,1,z:r2c,nat-oop,5405,6342,9.481,1.173,5.657e-16,-,1
1885,1,z:r2c,nat-oop,5206,9780,9.849,1.879,5.963e-16,-,0
1885,1,z:r2c,nat-oop,5009,9835,10.236,1.963,5.963e-16,-,1
1886,1,z:r2c,nat-oop,2431,8246,21.102,3.392,6.418e-16,-,0
1886,1,z:r2c,nat-oop,2229,8251,23.020,3.702,6.418e-16,-,1
1887,1,z:r2c,nat-oop,4875,14278,10.530,2.929,6.906e-16,-,0
1887,1,z:r2c,nat-oop,4808,14294,10.676,2.973,6.906e-16,-,1
1888,1,z:r2c,nat-oop,5315,7216,9.664,1.358,4.720e-16,-,0
1888,1,z:r2c,nat-oop,5301,7224,9.689,1.363,4.720e-16,-,1
1889,1,z:r2c,nat-oop,11843,13233,4.340,1.117,5.315e-16,-,0
1889,1,z:r2c,nat-oop,11461,12981,4.484,1.133,5.315e-16,-,1
1890,1,z:r2c,nat-oop,1614,1834,31.867,1.136,4.352e-16,-,0
1890,1,z:r2c,nat-oop,1639,1837,31.382,1.121,4.352e-16,-,1
1891,1,z:r2c,nat-oop,11645,26701,4.419,2.293,5.458e-16,-,0
1891,1,z:r2c,nat-oop,11765,26732,4.374,2.272,5.458e-16,-,1
1892,1,z:r2c,nat-oop,2675,6024,19.252,2.252,7.281e-16,-,0
1892,1,z:r2c,nat-oop,2651,5897,19.420,2.224,7.281e-16,-,1
1893,1,z:r2c,nat-oop,11765,12999,4.379,1.105,5.813e-16,-,0
1893,1,z:r2c,nat-oop,11755,12989,4.383,1.105,5.813e-16,-,1
1894,1,z:r2c,nat-oop,5401,6284,9.545,1.164,8.034e-16,-,0
1894,1,z:r2c,nat-oop,5443,6279,9.471,1.153,8.034e-16,-,1
1895,1,z:r2c,nat-oop,11613,12850,4.442,1.107,4.803e-16,-,0
1895,1,z:r2c,nat-oop,11556,12856,4.464,1.112,4.803e-16,-,1
1896,1,z:r2c,nat-oop,5784,10731,8.923,1.855,7.228e-16,-,0
1896,1,z:r2c,nat-oop,5481,10724,9.416,1.957,7.228e-16,-,1
1897,1,z:r2c,nat-oop,11711,12998,4.410,1.110,6.126e-16,-,0
1897,1,z:r2c,nat-oop,11717,13039,4.408,1.113,6.126e-16,-,1
1898,1,z:r2c,nat-oop,5384,12855,9.599,2.388,4.977e-16,-,0
1898,1,z:r2c,nat-oop,5385,12770,9.595,2.371,4.977e-16,-,1
1899,1,z:r2c,nat-oop,11441,12862,4.519,1.124,7.493e-16,-,0
1899,1,z:r2c,nat-oop,11845,12849,4.365,1.085,7.493e-16,-,1
1900,1,z:r2c,nat-oop,1729,3003,29.917,1.737,5.389e-16,-,0
1900,1,z:r2c,nat-oop,1814,3003,28.526,1.656,5.389e-16,-,1
1901,1,z:r2c,nat-oop,11680,12991,4.432,1.112,5.041e-16,-,0
1901,1,z:r2c,nat-oop,11765,13062,4.400,1.110,5.041e-16,-,1
1902,1,z:r2c,nat-oop,5322,6279,9.733,1.180,6.244e-16,-,0
1902,1,z:r2c,nat-oop,5292,6266,9.787,1.184,6.244e-16,-,1
1903,1,z:r2c,nat-oop,11683,12865,4.436,1.101,6.027e-16,-,0
1903,1,z:r2c,nat-oop,11724,12874,4.421,1.098,6.027e-16,-,1
1904,1,z:r2c,nat-oop,1535,2792,33.778,1.818,5.330e-16,-,0
1904,1,z:r2c,nat-oop,1539,2840,33.704,1.845,5.330e-16,-,1
1905,1,z:r2c,nat-oop,11713,12997,4.430,1.110,7.173e-16,-,0
1905,1,z:r2c,nat-oop,11807,13180,4.395,1.116,7.173e-16,-,1
1906,1,z:r2c,nat-oop,4432,6338,11.715,1.430,6.581e-16,-,0
1906,1,z:r2c,nat-oop,4270,6336,12.160,1.484,6.581e-16,-,1
1907,1,z:r2c,nat-oop,11572,12927,4.489,1.117,6.879e-16,-,0
1907,1,z:r2c,nat-oop,11710,12868,4.436,1.099,6.879e-16,-,1
1908,1,z:r2c,nat-oop,5381,7092,9.660,1.318,6.149e-16,-,0
1908,1,z:r2c,nat-oop,5554,7093,9.359,1.277,6.149e-16,-,1
1909,1,z:r2c,nat-oop,11539,35274,4.508,3.057,4.532e-16,-,0
1909,1,z:r2c,nat-oop,11469,35249,4.535,3.073,4.532e-16,-,1
1910,1,z:r2c,nat-oop,5330,6280,9.765,1.178,6.966e-16,-,0
1910,1,z:r2c,nat-oop,5370,6280,9.692,1.169,6.966e-16,-,1
1911,1,z:r2c,nat-oop,3544,3389,14.695,0.956,5.561e-16,-,0
1911,1,z:r2c,nat-oop,3504,3385,14.863,0.966,5.561e-16,-,1
1912,1,z:r2c,nat-oop,5252,6295,9.921,1.198,4.657e-16,-,0
1912,1,z:r2c,nat-oop,5418,6295,9.617,1.162,4.657e-16,-,1
1913,1,z:r2c,nat-oop,11620,13173,4.487,1.134,6.498e-16,-,0
1913,1,z:r2c,nat-oop,15004,13064,3.475,0.871,6.498e-16,-,1
1914,1,z:r2c,nat-oop,2174,4429,23.992,2.037,4.174e-16,-,0
1914,1,z:r2c,nat-oop,2126,4426,24.537,2.082,4.174e-16,-,1
1915,1,z:r2c,nat-oop,11645,12902,4.483,1.108,6.451e-16,-,0
1915,1,z:r2c,nat-oop,11678,12884,4.470,1.103,6.451e-16,-,1
1916,1,z:r2c,nat-oop,5520,6345,9.462,1.149,5.760e-16,-,0
1916,1,z:r2c,nat-oop,5575,6340,9.369,1.137,5.760e-16,-,1
1917,1,z:r2c,nat-oop,11507,27176,4.542,2.362,5.472e-16,-,0
1917,1,z:r2c,nat-oop,11534,27176,4.531,2.356,5.472e-16,-,1
1918,1,z:r2c,nat-oop,5728,6290,9.129,1.098,5.184e-16,-,0
1918,1,z:r2c,nat-oop,5560,6287,9.404,1.131,5.184e-16,-,1
1919,1,z:r2c,nat-oop,13053,12959,4.009,0.993,5.561e-16,-,0
1919,1,z:r2c,nat-oop,11871,12937,4.407,1.090,5.561e-16,-,1
1920,1,z:r2c,nat-oop,940,1668,55.719,1.775,3.567e-16,-,0
1920,1,z:r2c,nat-oop,943,1669,55.500,1.769,3.567e-16,-,1
1921,1,z:r2c,nat-oop,11727,13024,4.467,1.111,5.197e-16,-,0
1921,1,z:r2c,nat-oop,11751,13023,4.458,1.108,5.197e-16,-,1
1922,1,z:r2c,nat-oop,2860,7753,18.329,2.711,8.867e-16,-,0
1922,1,z:r2c,nat-oop,2523,7756,20.771,3.074,8.867e-16,-,1
1923,1,z:r2c,nat-oop,11720,13101,4.475,1.118,5.267e-16,-,0
1923,1,z:r2c,nat-oop,11503,12976,4.559,1.128,5.267e-16,-,1
1924,1,z:r2c,nat-oop,2461,5309,21.325,2.158,9.814e-16,-,0
1924,1,z:r2c,nat-oop,2460,5310,21.329,2.158,9.814e-16,-,1
1925,1,z:r2c,nat-oop,3623,3356,14.493,0.926,4.821e-16,-,0
1925,1,z:r2c,nat-oop,3856,3349,13.618,0.869,4.821e-16,-,1
1926,1,z:r2c,nat-oop,5381,6293,9.763,1.169,5.335e-16,-,0
1926,1,z:r2c,nat-oop,5292,6290,9.928,1.189,5.335e-16,-,1
1927,1,z:r2c,nat-oop,11670,23546,4.505,2.018,3.988e-16,-,0
1927,1,z:r2c,nat-oop,11674,23572,4.503,2.019,3.988e-16,-,1
1928,1,z:r2c,nat-oop,5521,6298,9.527,1.141,4.688e-16,-,0
1928,1,z:r2c,nat-oop,5439,6290,9.671,1.156,4.688e-16,-,1
1929,1,z:r2c,nat-oop,11707,13024,4.496,1.112,5.055e-16,-,0
1929,1,z:r2c,nat-oop,11514,13053,4.571,1.134,5.055e-16,-,1
1930,1,z:r2c,nat-oop,5564,6354,9.464,1.142,6.684e-16,-,0
1930,1,z:r2c,nat-oop,5434,6365,9.691,1.171,6.684e-16,-,1
1931,1,z:r2c,nat-oop,11716,12896,4.498,1.101,6.264e-16,-,0
1931,1,z:r2c,nat-oop,11475,12889,4.592,1.123,6.264e-16,-,1
1932,1,z:r2c,nat-oop,1864,3426,28.288,1.838,5.745e-16,-,0
1932,1,z:r2c,nat-oop,1823,3425,28.916,1.878,5.745e-16,-,1
1933,1,z:r2c,nat-oop,11740,13179,4.493,1.123,7.026e-16,-,0
1933,1,z:r2c,nat-oop,11506,13051,4.585,1.134,7.026e-16,-,1
1934,1,z:r2c,nat-oop,5387,6298,9.798,1.169,5.609e-16,-,0
1934,1,z:r2c,nat-oop,5410,6294,9.757,1.163,5.609e-16,-,1
1935,1,z:r2c,nat-oop,4666,14815,11.318,3.175,6.444e-16,-,0
1935,1,z:r2c,nat-oop,4835,14817,10.923,3.064,6.444e-16,-,1
1936,1,z:r2c,nat-oop,1520,1849,34.759,1.216,4.293e-16,-,0
1936,1,z:r2c,nat-oop,1446,1849,36.557,1.279,4.293e-16,-,1
1937,1,z:r2c,nat-oop,14508,13065,3.645,0.901,7.457e-16,-,0
1937,1,z:r2c,nat-oop,11642,13059,4.542,1.122,7.457e-16,-,1
1938,1,z:r2c,nat-oop,2000,4478,26.448,2.238,9.179e-16,-,0
1938,1,z:r2c,nat-oop,2017,4487,26.233,2.225,9.179e-16,-,1
1939,1,z:r2c,nat-oop,11454,12925,4.622,1.128,6.468e-16,-,0
1939,1,z:r2c,nat-oop,15620,12896,3.389,0.826,6.468e-16,-,1
1940,1,z:r2c,nat-oop,5542,14740,9.557,2.659,6.786e-16,-,0
1940,1,z:r2c,nat-oop,5412,14704,9.788,2.717,6.786e-16,-,1
1941,1,z:r2c,nat-oop,11838,13127,4.477,1.109,5.065e-16,-,0
1941,1,z:r2c,nat-oop,11469,13041,4.621,1.137,5.065e-16,-,1
1942,1,z:r2c,nat-oop,5541,6297,9.571,1.136,7.425e-16,-,0
1942,1,z:r2c,nat-oop,5494,6305,9.652,1.147,7.425e-16,-,1
1943,1,z:r2c,nat-oop,11740,30019,4.520,2.557,5.764e-16,-,0
1943,1,z:r2c,nat-oop,11749,30001,4.516,2.553,5.764e-16,-,1
1944,1,z:r2c,nat-oop,1299,1863,40.863,1.434,5.903e-16,-,0
1944,1,z:r2c,nat-oop,1272,1862,41.731,1.463,5.903e-16,-,1
1945,1,z:r2c,nat-oop,11838,13090,4.488,1.106,5.352e-16,-,0
1945,1,z:r2c,nat-oop,11801,13046,4.502,1.105,5.352e-16,-,1
1946,1,z:r2c,nat-oop,5505,6380,9.656,1.159,7.213e-16,-,0
1946,1,z:r2c,nat-oop,5653,6488,9.402,1.148,7.213e-16,-,1
1947,1,z:r2c,nat-oop,11897,22129,4.471,1.860,4.849e-16,-,0
1947,1,z:r2c,nat-oop,11486,22175,4.630,1.931,4.849e-16,-,1
1948,1,z:r2c,nat-oop,5249,6367,10.138,1.213,7.978e-16,-,0
1948,1,z:r2c,nat-oop,5366,6369,9.918,1.187,7.978e-16,-,1
1949,1,z:r2c,nat-oop,11540,13189,4.614,1.143,5.694e-16,-,0
1949,1,z:r2c,nat-oop,11530,13082,4.618,1.135,5.694e-16,-,1
1950,1,z:r2c,nat-oop,1643,1911,32.430,1.163,5.612e-16,-,0
1950,1,z:r2c,nat-oop,1683,1908,31.651,1.134,5.612e-16,-,1
1951,1,z:r2c,nat-oop,11741,13114,4.540,1.117,5.400e-16,-,0
1951,1,z:r2c,nat-oop,11647,12947,4.577,1.112,5.400e-16,-,1
1952,1,z:r2c,nat-oop,5361,7837,9.950,1.462,4.362e-16,-,0
1952,1,z:r2c,nat-oop,6798,7841,7.847,1.153,4.362e-16,-,1
1953,1,z:r2c,nat-oop,5057,10704,10.555,2.117,8.194e-16,-,0
1953,1,z:r2c,nat-oop,4891,10713,10.914,2.191,8.194e-16,-,1
1954,1,z:r2c,nat-oop,5500,6375,9.709,1.159,7.032e-16,-,0
1954,1,z:r2c,nat-oop,5521,6374,9.673,1.155,7.032e-16,-,1
1955,1,z:r2c,nat-oop,6343,10406,8.424,1.640,7.467e-16,-,0
1955,1,z:r2c,nat-oop,5555,10374,9.619,1.867,7.467e-16,-,1
1956,1,z:r2c,nat-oop,5345,6378,10.004,1.193,4.912e-16,-,0
1956,1,z:r2c,nat-oop,5413,6364,9.877,1.176,4.912e-16,-,1
1957,1,z:r2c,nat-oop,11534,13124,4.638,1.138,5.438e-16,-,0
1957,1,z:r2c,nat-oop,11498,13064,4.653,1.136,5.438e-16,-,1
1958,1,z:r2c,nat-oop,5597,17278,9.564,3.087,6.456e-16,-,0
1958,1,z:r2c,nat-oop,5624,17277,9.518,3.072,6.456e-16,-,1
1959,1,z:r2c,nat-oop,11701,13012,4.577,1.112,5.904e-16,-,0
1959,1,z:r2c,nat-oop,11771,12993,4.550,1.104,5.904e-16,-,1
1960,1,z:r2c,nat-oop,1556,1806,34.437,1.161,4.392e-16,-,0
1960,1,z:r2c,nat-oop,1523,1807,35.192,1.187,4.392e-16,-,1
1961,1,z:r2c,nat-oop,11782,25655,4.551,2.178,5.633e-16,-,0
1961,1,z:r2c,nat-oop,11712,25662,4.578,2.191,5.633e-16,-,1
1962,1,z:r2c,nat-oop,5417,6373,9.904,1.176,8.259e-16,-,0
1962,1,z:r2c,nat-oop,5449,6379,9.846,1.171,8.259e-16,-,1
1963,1,z:r2c,nat-oop,11752,12967,4.568,1.103,4.873e-16,-,0
1963,1,z:r2c,nat-oop,11525,12980,4.658,1.126,4.873e-16,-,1
1964,1,z:r2c,nat-oop,5400,6391,9.946,1.183,6.107e-16,-,0
1964,1,z:r2c,nat-oop,5547,6449,9.684,1.163,6.107e-16,-,1
1965,1,z:r2c,nat-oop,11887,13197,4.521,1.110,5.953e-16,-,0
1965,1,z:r2c,nat-oop,11854,13084,4.534,1.104,5.953e-16,-,1
1966,1,z:r2c,nat-oop,5414,6315,9.933,1.166,4.504e-16,-,0
1966,1,z:r2c,nat-oop,5578,6320,9.641,1.133,4.504e-16,-,1
1967,1,z:r2c,nat-oop,11835,12949,4.546,1.094,5.540e-16,-,0
1967,1,z:r2c,nat-oop,11639,12920,4.623,1.110,5.540e-16,-,1
1968,1,z:r2c,nat-oop,2154,5538,24.994,2.571,3.653e-16,-,0
1968,1,z:r2c,nat-oop,2197,5534,24.510,2.520,3.653e-16,-,1
1969,1,z:r2c,nat-oop,11899,13080,4.527,1.099,5.432e-16,-,0
1969,1,z:r2c,nat-oop,11537,13041,4.669,1.130,5.432e-16,-,1
1970,1,z:r2c,nat-oop,5645,6389,9.548,1.132,7.336e-16,-,0
1970,1,z:r2c,nat-oop,5455,6382,9.880,1.170,7.336e-16,-,1
1971,1,z:r2c,nat-oop,11522,28727,4.681,2.493,5.099e-16,-,0
1971,1,z:r2c,nat-oop,13851,28720,3.893,2.073,5.099e-16,-,1
1972,1,z:r2c,nat-oop,2438,5201,22.131,2.133,1.030e-15,-,0
1972,1,z:r2c,nat-oop,2419,5204,22.309,2.151,1.030e-15,-,1
1973,1,z:r2c,nat-oop,11565,13060,4.669,1.129,5.272e-16,-,0
1973,1,z:r2c,nat-oop,11709,13094,4.611,1.118,5.272e-16,-,1
1974,1,z:r2c,nat-oop,2043,7753,26.444,3.795,5.389e-16,-,0
1974,1,z:r2c,nat-oop,2085,7750,25.916,3.718,5.389e-16,-,1
1975,1,z:r2c,nat-oop,11694,31441,4.623,2.689,5.365e-16,-,0
1975,1,z:r2c,nat-oop,11774,31401,4.591,2.667,5.365e-16,-,1
1976,1,z:r2c,nat-oop,2007,3208,26.954,1.599,7.885e-16,-,0
1976,1,z:r2c,nat-oop,2003,3233,27.006,1.614,7.885e-16,-,1
1977,1,z:r2c,nat-oop,11692,13088,4.628,1.119,5.474e-16,-,0
1977,1,z:r2c,nat-oop,11545,13075,4.688,1.133,5.474e-16,-,1
1978,1,z:r2c,nat-oop,2430,9036,22.285,3.719,9.849e-16,-,0
1978,1,z:r2c,nat-oop,2420,9037,22.376,3.734,9.849e-16,-,1
1979,1,z:r2c,nat-oop,11767,12937,4.604,1.099,7.134e-16,-,0
1979,1,z:r2c,nat-oop,11677,12962,4.640,1.110,7.134e-16,-,1
1980,1,z:r2c,nat-oop,1520,1902,35.668,1.252,4.607e-16,-,0
1980,1,z:r2c,nat-oop,1545,1909,35.090,1.236,4.607e-16,-,1
1981,1,z:r2c,nat-oop,11559,13070,4.692,1.131,5.983e-16,-,0
1981,1,z:r2c,nat-oop,11788,13076,4.601,1.109,5.983e-16,-,1
1982,1,z:r2c,nat-oop,5373,6325,10.102,1.177,6.002e-16,-,0
1982,1,z:r2c,nat-oop,5345,6317,10.153,1.182,6.002e-16,-,1
1983,1,z:r2c,nat-oop,11495,12958,4.724,1.127,4.339e-16,-,0
1983,1,z:r2c,nat-oop,11719,12931,4.634,1.103,4.339e-16,-,1
1984,1,z:r2c,nat-oop,1714,4326,31.703,2.524,4.494e-16,-,0
1984,1,z:r2c,nat-oop,1676,4325,32.409,2.580,4.494e-16,-,1
1985,1,z:r2c,nat-oop,14901,13174,3.648,0.884,5.447e-16,-,0
1985,1,z:r2c,nat-oop,11556,14789,4.704,1.280,5.447e-16,-,1
1986,1,z:r2c,nat-oop,5336,6396,10.195,1.199,6.071e-16,-,0
1986,1,z:r2c,nat-oop,5376,6394,10.118,1.189,6.071e-16,-,1
1987,1,z:r2c,nat-oop,11541,12964,4.716,1.123,5.601e-16,-,0
1987,1,z:r2c,nat-oop,11743,12969,4.635,1.104,5.601e-16,-,1
1988,1,z:r2c,nat-oop,5428,10255,10.033,1.889,6.949e-16,-,0
1988,1,z:r2c,nat-oop,5400,10265,10.084,1.901,6.949e-16,-,1
1989,1,z:r2c,nat-oop,4169,7009,13.071,1.681,7.000e-16,-,0
1989,1,z:r2c,nat-oop,3991,6924,13.651,1.735,7.000e-16,-,1
1990,1,z:r2c,nat-oop,5354,6330,10.183,1.182,6.003e-16,-,0
1990,1,z:r2c,nat-oop,5320,6355,10.249,1.195,6.003e-16,-,1
1991,1,z:r2c,nat-oop,11566,13127,4.716,1.135,6.839e-16,-,0
1991,1,z:r2c,nat-oop,11711,12926,4.658,1.104,6.839e-16,-,1
1992,1,z:r2c,nat-oop,5444,11878,10.025,2.182,5.462e-16,-,0
1992,1,z:r2c,nat-oop,5462,11892,9.993,2.177,5.462e-16,-,1
1993,1,z:r2c,nat-oop,11861,13124,4.604,1.106,7.842e-16,-,0
1993,1,z:r2c,nat-oop,11769,13141,4.640,1.117,7.842e-16,-,1
1994,1,z:r2c,nat-oop,6455,6393,8.465,0.990,6.608e-16,-,0
1994,1,z:r2c,nat-oop,5407,6430,10.107,1.189,6.608e-16,-,1
1995,1,z:r2c,nat-oop,4038,7190,13.538,1.780,4.647e-16,-,0
1995,1,z:r2c,nat-oop,4588,7200,11.918,1.570,4.647e-16,-,1
1996,1,z:r2c,nat-oop,5432,6396,10.071,1.177,5.883e-16,-,0
1996,1,z:r2c,nat-oop,5413,6392,10.106,1.181,5.883e-16,-,1
1997,1,z:r2c,nat-oop,11745,13083,4.660,1.114,6.271e-16,-,0
1997,1,z:r2c,nat-oop,11720,13087,4.670,1.117,6.271e-16,-,1
1998,1,z:r2c,nat-oop,2281,6083,24.005,2.666,8.198e-16,-,0
1998,1,z:r2c,nat-oop,2313,6070,23.680,2.625,8.198e-16,-,1
1999,1,z:r2c,nat-oop,11754,12981,4.662,1.104,5.596e-16,-,0
1999,1,z:r2c,nat-oop,11824,12991,4.634,1.099,5.596e-16,-,1
2000,1,z:r2c,nat-oop,1295,1826,42.337,1.410,5.160e-16,-,0
2000,1,z:r2c,nat-oop,1295,1825,42.351,1.410,5.160e-16,-,1
2001,1,z:r2c,nat-oop,7030,13338,7.803,1.897,6.362e-16,-,0
2001,1,z:r2c,nat-oop,7226,13336,7.592,1.846,6.362e-16,-,1
2002,1,z:r2c,nat-oop,1775,1855,30.920,1.045,5.756e-16,-,0
2002,1,z:r2c,nat-oop,1869,1859,29.371,0.995,5.756e-16,-,1
2003,1,z:r2c,nat-oop,11907,12937,4.612,1.086,4.685e-16,-,0
2003,1,z:r2c,nat-oop,11705,12969,4.692,1.108,4.685e-16,-,1
2004,1,z:r2c,nat-oop,5676,6395,9.682,1.127,8.181e-16,-,0
2004,1,z:r2c,nat-oop,5660,6407,9.709,1.132,8.181e-16,-,1
2005,1,z:r2c,nat-oop,11752,13125,4.679,1.117,7.078e-16,-,0
2005,1,z:r2c,nat-oop,11795,13156,4.662,1.115,7.078e-16,-,1
2006,1,z:r2c,nat-oop,5349,11629,10.285,2.174,4.661e-16,-,0
2006,1,z:r2c,nat-oop,5357,11617,10.269,2.169,4.661e-16,-,1
2007,1,z:r2c,nat-oop,11761,13004,4.681,1.106,7.205e-16,-,0
2007,1,z:r2c,nat-oop,11817,13000,4.658,1.100,7.205e-16,-,1
2008,1,z:r2c,nat-oop,5397,6354,10.204,1.177,9.194e-16,-,0
2008,1,z:r2c,nat-oop,5298,6351,10.396,1.199,9.194e-16,-,1
2009,1,z:r2c,nat-oop,10532,14357,5.233,1.363,5.019e-16,-,0
2009,1,z:r2c,nat-oop,7362,14351,7.486,1.949,5.019e-16,-,1
2010,1,z:r2c,nat-oop,5391,12085,10.229,2.242,5.468e-16,-,0
2010,1,z:r2c,nat-oop,5400,12075,10.211,2.236,5.468e-16,-,1
2011,1,z:r2c,nat-oop,11555,12998,4.775,1.125,5.136e-16,-,0
2011,1,z:r2c,nat-oop,11577,13108,4.766,1.132,5.136e-16,-,1
2012,1,z:r2c,nat-oop,5451,6397,10.126,1.173,6.832e-16,-,0
2012,1,z:r2c,nat-oop,5356,6398,10.307,1.195,6.832e-16,-,1
2013,1,z:r2c,nat-oop,11605,23859,4.759,2.056,4.094e-16,-,0
2013,1,z:r2c,nat-oop,11809,23868,4.677,2.021,4.094e-16,-,1
2014,1,z:r2c,nat-oop,5506,10846,10.037,1.970,7.078e-16,-,0
2014,1,z:r2c,nat-oop,5483,10813,10.079,1.972,7.078e-16,-,1
2015,1,z:r2c,nat-oop,5100,11143,10.842,2.185,7.152e-16,-,0
2015,1,z:r2c,nat-oop,5695,11142,9.710,1.956,7.152e-16,-,1
2016,1,z:r2c,nat-oop,1283,1735,43.115,1.352,6.769e-16,-,0
2016,1,z:r2c,nat-oop,1331,1731,41.564,1.300,6.769e-16,-,1
2017,1,z:r2c,nat-oop,13892,13204,3.985,0.950,5.580e-16,-,0
2017,1,z:r2c,nat-oop,11890,13132,4.656,1.104,5.580e-16,-,1
2018,1,z:r2c,nat-oop,5491,6408,10.087,1.167,6.529e-16,-,0
2018,1,z:r2c,nat-oop,5648,6421,9.807,1.137,6.529e-16,-,1
2019,1,z:r2c,nat-oop,14010,12971,3.956,0.926,5.108e-16,-,0
2019,1,z:r2c,nat-oop,11513,12985,4.813,1.128,5.108e-16,-,1
2020,1,z:r2c,nat-oop,5435,16070,10.203,2.957,5.506e-16,-,0
2020,1,z:r2c,nat-oop,5458,16066,10.160,2.944,5.506e-16,-,1
2021,1,z:r2c,nat-oop,11850,25073,4.682,2.116,4.209e-16,-,0
2021,1,z:r2c,nat-oop,11763,25056,4.717,2.130,4.209e-16,-,1
2022,1,z:r2c,nat-oop,5370,6370,10.338,1.186,5.785e-16,-,0
2022,1,z:r2c,nat-oop,5323,6382,10.430,1.199,5.785e-16,-,1
2023,1,z:r2c,nat-oop,4302,8927,12.911,2.075,1.001e-15,-,0
2023,1,z:r2c,nat-oop,4147,8914,13.392,2.149,1.001e-15,-,1
2024,1,z:r2c,nat-oop,1927,3706,28.846,1.924,4.818e-16,-,0
2024,1,z:r2c,nat-oop,1927,3718,28.839,1.930,4.818e-16,-,1
2025,1,z:r2c,nat-oop,3954,3506,14.061,0.887,5.618e-16,-,0
2025,1,z:r2c,nat-oop,4234,3507,13.134,0.828,5.618e-16,-,1
2026,1,z:r2c,nat-oop,5661,6423,9.828,1.135,6.656e-16,-,0
2026,1,z:r2c,nat-oop,5740,6416,9.693,1.118,6.656e-16,-,1
2027,1,z:r2c,nat-oop,11809,12996,4.714,1.100,7.403e-16,-,0
2027,1,z:r2c,nat-oop,11824,13010,4.708,1.100,7.403e-16,-,1
2028,1,z:r2c,nat-oop,1873,2012,29.735,1.074,6.678e-16,-,0
2028,1,z:r2c,nat-oop,1799,2019,30.956,1.122,6.678e-16,-,1
2029,1,z:r2c,nat-oop,9555,13192,5.832,1.381,1.082e-15,-,0
2029,1,z:r2c,nat-oop,9521,13120,5.853,1.378,1.082e-15,-,1
2030,1,z:r2c,nat-oop,2254,4773,24.740,2.118,5.063e-16,-,0
2030,1,z:r2c,nat-oop,2226,4761,25.055,2.139,5.063e-16,-,1
2031,1,z:r2c,nat-oop,11682,13010,4.776,1.114,5.646e-16,-,0
2031,1,z:r2c,nat-oop,11689,13013,4.773,1.113,5.646e-16,-,1
2032,1,z:r2c,nat-oop,5306,18806,10.520,3.544,7.098e-16,-,0
2032,1,z:r2c,nat-oop,5460,18807,10.224,3.444,7.098e-16,-,1
2033,1,z:r2c,nat-oop,11871,13131,4.705,1.106,5.633e-16,-,0
2033,1,z:r2c,nat-oop,11822,13124,4.724,1.110,5.633e-16,-,1
2034,1,z:r2c,nat-oop,5427,6422,10.297,1.183,6.793e-16,-,0
2034,1,z:r2c,nat-oop,5572,6456,10.029,1.159,6.793e-16,-,1
2035,1,z:r2c,nat-oop,9375,13193,5.964,1.407,5.499e-16,-,0
2035,1,z:r2c,nat-oop,6857,13195,8.155,1.924,5.499e-16,-,1
2036,1,z:r2c,nat-oop,5470,6419,10.228,1.174,6.501e-16,-,0
2036,1,z:r2c,nat-oop,5406,6431,10.348,1.190,6.501e-16,-,1
2037,1,z:r2c,nat-oop,11660,13157,4.801,1.128,6.946e-16,-,0
2037,1,z:r2c,nat-oop,11649,13153,4.805,1.129,6.946e-16,-,1
2038,1,z:r2c,nat-oop,5695,6372,9.835,1.119,7.926e-16,-,0
2038,1,z:r2c,nat-oop,5486,6372,10.209,1.161,7.926e-16,-,1
2039,1,z:r2c,nat-oop,11661,12998,4.806,1.115,5.085e-16,-,0
2039,1,z:r2c,nat-oop,11866,13002,4.723,1.096,5.085e-16,-,1
2040,1,z:r2c,nat-oop,1639,3117,34.208,1.902,5.227e-16,-,0
2040,1,z:r2c,nat-oop,1656,3115,33.849,1.880,5.227e-16,-,1
2041,1,z:r2c,nat-oop,11671,13123,4.807,1.124,5.278e-16,-,0
2041,1,z:r2c,nat-oop,11714,13232,4.790,1.130,5.278e-16,-,1
2042,1,z:r2c,nat-oop,5510,6432,10.187,1.167,5.507e-16,-,0
2042,1,z:r2c,nat-oop,5507,6466,10.192,1.174,5.507e-16,-,1
2043,1,z:r2c,nat-oop,11639,13001,4.825,1.117,6.449e-16,-,0
2043,1,z:r2c,nat-oop,11876,13120,4.729,1.105,6.449e-16,-,1
2044,1,z:r2c,nat-oop,5368,10934,10.469,2.037,4.547e-16,-,0
2044,1,z:r2c,nat-oop,5430,10927,10.349,2.012,4.547e-16,-,1
2045,1,z:r2c,nat-oop,11663,13152,4.821,1.128,7.161e-16,-,0
2045,1,z:r2c,nat-oop,13962,13180,4.027,0.944,7.161e-16,-,1
2046,1,z:r2c,nat-oop,2330,5044,24.143,2.165,5.850e-16,-,0
2046,1,z:r2c,nat-oop,2272,5045,24.764,2.221,5.850e-16,-,1
2047,1,z:r2c,nat-oop,11864,40663,4.745,3.427,5.086e-16,-,0
2047,1,z:r2c,nat-oop,11641,40630,4.835,3.490,5.086e-16,-,1
2048,1,z:r2c,nat-oop,974,1192,57.850,1.225,3.030e-16,-,0
2048,1,z:r2c,nat-oop,966,1193,58.332,1.236,3.030e-16,-,1
2,1,z:r2c,nat-oop,9,12,0.565,1.306,0.000e+00,-,0
2,1,z:r2c,nat-oop,9,12,0.563,1.306,0.000e+00,-,1
3,1,z:r2c,nat-oop,4,12,2.939,2.913,0.000e+00,-,0
3,1,z:r2c,nat-oop,4,12,2.939,2.911,0.000e+00,-,1
4,1,z:r2c,nat-oop,4,12,5.168,3.041,0.000e+00,-,0
4,1,z:r2c,nat-oop,4,12,5.168,3.034,0.000e+00,-,1
5,1,z:r2c,nat-oop,5,12,6.105,2.555,1.289e-16,-,0
5,1,z:r2c,nat-oop,5,12,6.110,2.557,1.289e-16,-,1
6,1,z:r2c,nat-oop,5,12,7.238,2.265,1.243e-16,-,0
6,1,z:r2c,nat-oop,5,12,7.241,2.256,1.243e-16,-,1
7,1,z:r2c,nat-oop,6,13,8.302,2.197,8.076e-17,-,0
7,1,z:r2c,nat-oop,6,13,8.324,2.204,8.076e-17,-,1
8,1,z:r2c,nat-oop,6,12,10.897,2.235,7.351e-17,-,0
8,1,z:r2c,nat-oop,6,12,10.895,2.214,7.351e-17,-,1
9,1,z:r2c,nat-oop,7,13,10.169,1.829,2.711e-16,-,0
9,1,z:r2c,nat-oop,7,13,10.175,1.802,2.711e-16,-,1
10,1,z:r2c,nat-oop,7,13,11.775,1.817,1.585e-16,-,0
10,1,z:r2c,nat-oop,7,13,11.773,1.810,1.585e-16,-,1
11,1,z:r2c,nat-oop,9,14,10.626,1.569,1.187e-16,-,0
11,1,z:r2c,nat-oop,9,14,10.284,1.522,1.187e-16,-,1
12,1,z:r2c,nat-oop,8,13,13.074,1.548,2.691e-16,-,0
12,1,z:r2c,nat-oop,8,16,13.068,1.888,2.691e-16,-,1
13,1,z:r2c,nat-oop,12,15,10.135,1.234,3.587e-16,-,0
13,1,z:r2c,nat-oop,12,15,10.138,1.235,3.587e-16,-,1
14,1,z:r2c,nat-oop,10,14,12.943,1.333,1.482e-16,-,0
14,1,z:r2c,nat-oop,10,14,12.893,1.329,1.482e-16,-,1
15,1,z:r2c,nat-oop,15,15,9.588,0.955,1.878e-16,-,0
15,1,z:r2c,nat-oop,15,15,9.737,0.968,1.878e-16,-,1
16,1,z:r2c,nat-oop,10,14,15.627,1.324,4.617e-17,-,0
16,1,z:r2c,nat-oop,10,14,15.662,1.325,4.617e-17,-,1
17,1,z:r2c,nat-oop,20,37,8.577,1.846,2.126e-16,-,0
17,1,z:r2c,nat-oop,20,37,8.566,1.848,2.126e-16,-,1
18,1,z:r2c,nat-oop,18,19,10.188,1.029,3.505e-16,-,0
18,1,z:r2c,nat-oop,18,19,10.215,1.032,3.505e-16,-,1
19,1,z:r2c,nat-oop,25,40,8.033,1.576,2.151e-16,-,0
19,1,z:r2c,nat-oop,25,40,8.018,1.576,2.151e-16,-,1
20,1,z:r2c,nat-oop,18,19,11.972,1.032,1.857e-16,-,0
20,1,z:r2c,nat-oop,18,19,11.991,1.034,1.857e-16,-,1
21,1,z:r2c,nat-oop,28,27,8.120,0.966,2.547e-16,-,0
21,1,z:r2c,nat-oop,28,28,8.304,0.993,2.547e-16,-,1
22,1,z:r2c,nat-oop,20,20,12.058,0.990,2.433e-16,-,0
22,1,z:r2c,nat-oop,20,20,12.083,0.993,2.433e-16,-,1
23,1,z:r2c,nat-oop,36,59,7.202,1.621,3.660e-16,-,0
23,1,z:r2c,nat-oop,36,59,7.193,1.620,3.660e-16,-,1
24,1,z:r2c,nat-oop,21,20,12.981,0.921,2.445e-16,-,0
24,1,z:r2c,nat-oop,17,20,16.536,1.173,2.445e-16,-,1
25,1,z:r2c,nat-oop,30,31,9.660,1.025,1.992e-16,-,0
25,1,z:r2c,nat-oop,29,30,9.922,1.041,1.992e-16,-,1
26,1,z:r2c,nat-oop,23,22,13.042,0.929,4.426e-16,-,0
26,1,z:r2c,nat-oop,23,22,13.050,0.929,4.426e-16,-,1
27,1,z:r2c,nat-oop,48,36,6.699,0.744,4.339e-16,-,0
27,1,z:r2c,nat-oop,48,36,6.697,0.743,4.339e-16,-,1
28,1,z:r2c,nat-oop,22,21,15.386,0.942,1.373e-16,-,0
28,1,z:r2c,nat-oop,25,23,13.299,0.924,1.373e-16,-,1
29,1,z:r2c,nat-oop,55,98,6.397,1.788,2.304e-16,-,0
29,1,z:r2c,nat-oop,55,99,6.395,1.794,2.304e-16,-,1
30,1,z:r2c,nat-oop,28,22,13.311,0.785,1.514e-16,-,0
30,1,z:r2c,nat-oop,28,22,13.068,0.771,1.514e-16,-,1
31,1,z:r2c,nat-oop,62,101,6.226,1.636,4.945e-16,-,0
31,1,z:r2c,nat-oop,62,102,6.225,1.647,4.945e-16,-,1
32,1,z:r2c,nat-oop,18,20,22.360,1.138,1.172e-16,-,0
32,1,z:r2c,nat-oop,18,20,22.067,1.123,1.172e-16,-,1
33,1,z:r2c,nat-oop,39,39,10.802,1.017,1.837e-16,-,0
33,1,z:r2c,nat-oop,40,39,10.532,0.990,1.837e-16,-,1
34,1,z:r2c,nat-oop,27,46,15.954,1.680,4.403e-16,-,0
34,1,z:r2c,nat-oop,27,46,15.841,1.672,4.403e-16,-,1
35,1,z:r2c,nat-oop,37,39,12.256,1.059,2.846e-16,-,0
35,1,z:r2c,nat-oop,36,39,12.568,1.087,2.846e-16,-,1
36,1,z:r2c,nat-oop,22,42,21.244,1.936,2.904e-16,-,0
36,1,z:r2c,nat-oop,22,31,21.387,1.411,2.904e-16,-,1
37,1,z:r2c,nat-oop,84,169,5.731,2.010,3.953e-16,-,0
37,1,z:r2c,nat-oop,84,169,5.747,2.017,3.953e-16,-,1
38,1,z:r2c,nat-oop,32,52,15.526,1.612,3.098e-16,-,0
38,1,z:r2c,nat-oop,32,52,15.511,1.612,3.098e-16,-,1
39,1,z:r2c,nat-oop,46,45,11.180,0.982,3.162e-16,-,0
39,1,z:r2c,nat-oop,44,45,11.602,1.020,3.162e-16,-,1
40,1,z:r2c,nat-oop,19,31,28.240,1.641,2.250e-16,-,0
40,1,z:r2c,nat-oop,19,34,28.245,1.783,2.250e-16,-,1
41,1,z:r2c,nat-oop,103,220,5.343,2.140,3.971e-16,-,0
41,1,z:r2c,nat-oop,102,219,5.377,2.144,3.971e-16,-,1
42,1,z:r2c,nat-oop,31,33,18.319,1.072,3.624e-16,-,0
42,1,z:r2c,nat-oop,31,33,18.304,1.072,3.624e-16,-,1
43,1,z:r2c,nat-oop,117,235,5.005,2.017,6.054e-16,-,0
43,1,z:r2c,nat-oop,116,236,5.036,2.034,6.054e-16,-,1
44,1,z:r2c,nat-oop,34,39,17.734,1.155,3.099e-16,-,0
44,1,z:r2c,nat-oop,34,41,17.739,1.198,3.099e-16,-,1
45,1,z:r2c,nat-oop,45,49,13.641,1.079,3.416e-16,-,0
45,1,z:r2c,nat-oop,49,49,12.702,1.000,3.416e-16,-,1
46,1,z:r2c,nat-oop,42,74,15.100,1.760,4.391e-16,-,0
46,1,z:r2c,nat-oop,42,73,15.107,1.740,4.391e-16,-,1
47,1,z:r2c,nat-oop,129,291,5.061,2.256,3.655e-16,-,0
47,1,z:r2c,nat-oop,132,290,4.950,2.198,3.655e-16,-,1
48,1,z:r2c,nat-oop,22,42,31.141,1.962,2.747e-16,-,0
48,1,z:r2c,nat-oop,22,42,31.156,1.966,2.747e-16,-,1
49,1,z:r2c,nat-oop,47,53,14.767,1.145,3.212e-16,-,0
49,1,z:r2c,nat-oop,47,53,14.725,1.140,3.212e-16,-,1
50,1,z:r2c,nat-oop,33,37,21.544,1.126,5.005e-16,-,0
50,1,z:r2c,nat-oop,33,37,21.473,1.124,5.005e-16,-,1
51,1,z:r2c,nat-oop,65,135,11.206,2.097,4.072e-16,-,0
51,1,z:r2c,nat-oop,62,135,11.596,2.171,4.072e-16,-,1
52,1,z:r2c,nat-oop,42,46,17.853,1.113,6.065e-16,-,0
52,1,z:r2c,nat-oop,41,46,17.950,1.114,6.065e-16,-,1
53,1,z:r2c,nat-oop,218,409,3.481,1.877,3.869e-16,-,0
53,1,z:r2c,nat-oop,218,409,3.483,1.877,3.869e-16,-,1
54,1,z:r2c,nat-oop,39,55,19.963,1.405,5.718e-16,-,0
54,1,z:r2c,nat-oop,39,43,19.946,1.105,5.718e-16,-,1
55,1,z:r2c,nat-oop,54,64,14.609,1.171,3.122e-16,-,0
55,1,z:r2c,nat-oop,54,64,14.764,1.184,3.122e-16,-,1
56,1,z:r2c,nat-oop,31,42,25.963,1.355,2.105e-16,-,0
56,1,z:r2c,nat-oop,31,43,25.966,1.389,2.105e-16,-,1
57,1,z:r2c,nat-oop,76,169,10.878,2.217,3.402e-16,-,0
57,1,z:r2c,nat-oop,77,170,10.855,2.216,3.402e-16,-,1
58,1,z:r2c,nat-oop,61,117,13.967,1.921,3.677e-16,-,0
58,1,z:r2c,nat-oop,63,117,13.393,1.840,3.677e-16,-,1
59,1,z:r2c,nat-oop,208,506,4.163,2.426,3.558e-16,-,0
59,1,z:r2c,nat-oop,210,506,4.138,2.414,3.558e-16,-,1
60,1,z:r2c,nat-oop,29,44,30.651,1.509,3.811e-16,-,0
60,1,z:r2c,nat-oop,29,44,30.902,1.523,3.811e-16,-,1
61,1,z:r2c,nat-oop,158,571,5.737,3.620,5.045e-16,-,0
61,1,z:r2c,nat-oop,155,571,5.844,3.689,5.045e-16,-,1
62,1,z:r2c,nat-oop,71,132,13.028,1.861,4.223e-16,-,0
62,1,z:r2c,nat-oop,71,132,13.022,1.860,4.223e-16,-,1
63,1,z:r2c,nat-oop,67,69,14.064,1.028,4.072e-16,-,0
63,1,z:r2c,nat-oop,60,69,15.613,1.144,4.072e-16,-,1
64,1,z:r2c,nat-oop,26,30,36.969,1.161,1.579e-16,-,0
64,1,z:r2c,nat-oop,26,30,37.004,1.152,1.579e-16,-,1
65,1,z:r2c,nat-oop,65,73,15.070,1.120,5.518e-16,-,0
65,1,z:r2c,nat-oop,65,73,15.074,1.121,5.518e-16,-,1
66,1,z:r2c,nat-oop,40,47,24.967,1.189,2.273e-16,-,0
66,1,z:r2c,nat-oop,40,47,25.034,1.189,2.273e-16,-,1
67,1,z:r2c,nat-oop,187,682,5.428,3.643,1.013e-15,-,0
67,1,z:r2c,nat-oop,187,682,5.437,3.648,1.013e-15,-,1
68,1,z:r2c,nat-oop,66,88,15.677,1.340,5.255e-16,-,0
68,1,z:r2c,nat-oop,67,89,15.362,1.318,5.255e-16,-,1
69,1,z:r2c,nat-oop,109,247,9.642,2.258,3.279e-16,-,0
69,1,z:r2c,nat-oop,104,247,10.138,2.374,3.279e-16,-,1
70,1,z:r2c,nat-oop,40,48,27.004,1.202,2.690e-16,-,0
70,1,z:r2c,nat-oop,39,48,27.831,1.247,2.690e-16,-,1
71,1,z:r2c,nat-oop,183,781,5.974,4.275,4.758e-16,-,0
71,1,z:r2c,nat-oop,182,780,6.005,4.292,4.758e-16,-,1
72,1,z:r2c,nat-oop,35,55,31.949,1.589,2.981e-16,-,0
72,1,z:r2c,nat-oop,35,55,31.939,1.588,2.981e-16,-,1
73,1,z:r2c,nat-oop,184,862,6.144,4.690,7.803e-16,-,0
73,1,z:r2c,nat-oop,181,862,6.255,4.774,7.803e-16,-,1
74,1,z:r2c,nat-oop,88,196,12.991,2.217,5.960e-16,-,0
74,1,z:r2c,nat-oop,88,196,12.990,2.218,5.960e-16,-,1
75,1,z:r2c,nat-oop,72,81,16.139,1.126,6.193e-16,-,0
75,1,z:r2c,nat-oop,71,81,16.540,1.153,6.193e-16,-,1
76,1,z:r2c,nat-oop,78,103,15.300,1.328,2.467e-16,-,0
76,1,z:r2c,nat-oop,80,103,14.912,1.294,2.467e-16,-,1
77,1,z:r2c,nat-oop,73,89,16.576,1.220,3.190e-16,-,0
77,1,z:r2c,nat-oop,80,89,15.013,1.107,3.190e-16,-,1
78,1,z:r2c,nat-oop,50,57,24.742,1.150,5.460e-16,-,0
78,1,z:r2c,nat-oop,50,57,24.428,1.134,5.460e-16,-,1
79,1,z:r2c,nat-oop,288,1014,4.330,3.529,6.766e-16,-,0
79,1,z:r2c,nat-oop,285,1014,4.369,3.560,6.766e-16,-,1
80,1,z:r2c,nat-oop,34,57,36.914,1.672,1.592e-16,-,0
80,1,z:r2c,nat-oop,34,58,36.930,1.685,1.592e-16,-,1
81,1,z:r2c,nat-oop,77,92,16.727,1.201,4.023e-16,-,0
81,1,z:r2c,nat-oop,74,92,17.384,1.248,4.023e-16,-,1
82,1,z:r2c,nat-oop,107,251,12.226,2.354,3.150e-16,-,0
82,1,z:r2c,nat-oop,108,251,12.072,2.323,3.150e-16,-,1
83,1,z:r2c,nat-oop,468,1180,2.827,2.523,3.404e-16,-,0
83,1,z:r2c,nat-oop,475,1182,2.783,2.488,3.404e-16,-,1
84,1,z:r2c,nat-oop,42,57,31.687,1.354,2.267e-16,-,0
84,1,z:r2c,nat-oop,46,57,29.270,1.246,2.267e-16,-,1
85,1,z:r2c,nat-oop,95,226,14.295,2.372,4.257e-16,-,0
85,1,z:r2c,nat-oop,96,226,14.208,2.353,4.257e-16,-,1
86,1,z:r2c,nat-oop,123,276,11.265,2.252,4.055e-16,-,0
86,1,z:r2c,nat-oop,122,276,11.331,2.264,4.055e-16,-,1
87,1,z:r2c,nat-oop,164,388,8.536,2.364,3.606e-16,-,0
87,1,z:r2c,nat-oop,165,388,8.482,2.350,3.606e-16,-,1
88,1,z:r2c,nat-oop,46,63,30.674,1.355,3.446e-16,-,0
88,1,z:r2c,nat-oop,46,63,31.018,1.376,3.446e-16,-,1
89,1,z:r2c,nat-oop,230,1444,6.253,6.265,2.527e-16,-,0
89,1,z:r2c,nat-oop,232,1443,6.204,6.214,2.527e-16,-,1
90,1,z:r2c,nat-oop,51,64,28.482,1.246,4.202e-16,-,0
90,1,z:r2c,nat-oop,63,63,23.240,1.007,4.202e-16,-,1
91,1,z:r2c,nat-oop,90,103,16.363,1.136,5.247e-16,-,0
91,1,z:r2c,nat-oop,89,103,16.585,1.150,5.247e-16,-,1
92,1,z:r2c,nat-oop,87,140,17.265,1.605,7.082e-16,-,0
92,1,z:r2c,nat-oop,87,140,17.152,1.597,7.082e-16,-,1
93,1,z:r2c,nat-oop,238,456,6.378,1.912,5.678e-16,-,0
93,1,z:r2c,nat-oop,185,454,8.207,2.448,5.678e-16,-,1
94,1,z:r2c,nat-oop,134,338,11.481,2.522,5.321e-16,-,0
94,1,z:r2c,nat-oop,134,339,11.491,2.526,5.321e-16,-,1
95,1,z:r2c,nat-oop,118,283,13.215,2.401,4.151e-16,-,0
95,1,z:r2c,nat-oop,119,283,13.159,2.388,4.151e-16,-,1
96,1,z:r2c,nat-oop,43,62,37.081,1.447,4.175e-16,-,0
96,1,z:r2c,nat-oop,43,62,37.078,1.447,4.175e-16,-,1
97,1,z:r2c,nat-oop,234,641,6.835,2.739,6.979e-16,-,0
97,1,z:r2c,nat-oop,234,641,6.854,2.746,6.979e-16,-,1
98,1,z:r2c,nat-oop,61,67,26.477,1.089,2.083e-16,-,0
98,1,z:r2c,nat-oop,53,66,30.811,1.262,2.083e-16,-,1
99,1,z:r2c,nat-oop,95,117,17.326,1.231,5.397e-16,-,0
99,1,z:r2c,nat-oop,95,117,17.208,1.222,5.397e-16,-,1
100,1,z:r2c,nat-oop,62,74,26.900,1.193,5.027e-16,-,0
100,1,z:r2c,nat-oop,48,74,34.554,1.531,5.027e-16,-,1
101,1,z:r2c,nat-oop,252,560,6.677,2.223,5.586e-16,-,0
101,1,z:r2c,nat-oop,251,558,6.707,2.228,5.586e-16,-,1
102,1,z:r2c,nat-oop,82,134,20.814,1.645,5.794e-16,-,0
102,1,z:r2c,nat-oop,74,130,22.863,1.753,5.794e-16,-,1
103,1,z:r2c,nat-oop,388,559,4.436,1.441,9.343e-16,-,0
103,1,z:r2c,nat-oop,307,572,5.605,1.863,9.343e-16,-,1
104,1,z:r2c,nat-oop,57,73,30.730,1.284,4.127e-16,-,0
104,1,z:r2c,nat-oop,56,73,31.063,1.299,4.127e-16,-,1
105,1,z:r2c,nat-oop,107,115,16.491,1.080,2.680e-16,-,0
105,1,z:r2c,nat-oop,105,116,16.772,1.100,2.680e-16,-,1
106,1,z:r2c,nat-oop,221,455,8.058,2.057,6.148e-16,-,0
106,1,z:r2c,nat-oop,219,455,8.131,2.075,6.148e-16,-,1
107,1,z:r2c,nat-oop,467,562,3.865,1.205,7.645e-16,-,0
107,1,z:r2c,nat-oop,475,562,3.793,1.183,7.645e-16,-,1
108,1,z:r2c,nat-oop,55,78,33.203,1.413,4.476e-16,-,0
108,1,z:r2c,nat-oop,55,78,33.200,1.414,4.476e-16,-,1
109,1,z:r2c,nat-oop,285,564,6.462,1.976,8.653e-16,-,0
109,1,z:r2c,nat-oop,286,564,6.453,1.972,8.653e-16,-,1
110,1,z:r2c,nat-oop,62,74,30.220,1.195,4.083e-16,-,0
110,1,z:r2c,nat-oop,62,74,30.058,1.200,4.083e-16,-,1
111,1,z:r2c,nat-oop,478,655,3.944,1.371,4.728e-16,-,0
111,1,z:r2c,nat-oop,477,655,3.951,1.372,6.304e-16,-,1
112,1,z:r2c,nat-oop,54,79,35.057,1.451,2.308e-16,-,0
112,1,z:r2c,nat-oop,57,79,33.169,1.376,2.308e-16,-,1
113,1,z:r2c,nat-oop,292,567,6.589,1.939,4.698e-16,-,0
113,1,z:r2c,nat-oop,292,566,6.593,1.938,4.698e-16,-,1
114,1,z:r2c,nat-oop,84,155,23.242,1.855,3.592e-16,-,0
114,1,z:r2c,nat-oop,84,155,23.258,1.854,3.592e-16,-,1
115,1,z:r2c,nat-oop,168,415,11.742,2.474,4.167e-16,-,0
115,1,z:r2c,nat-oop,173,414,11.349,2.390,4.167e-16,-,1
116,1,z:r2c,nat-oop,114,207,17.433,1.811,4.404e-16,-,0
116,1,z:r2c,nat-oop,114,206,17.386,1.805,4.404e-16,-,1
117,1,z:r2c,nat-oop,138,148,14.527,1.066,4.368e-16,-,0
117,1,z:r2c,nat-oop,117,142,17.123,1.212,4.368e-16,-,1
118,1,z:r2c,nat-oop,220,572,9.220,2.595,4.656e-16,-,0
118,1,z:r2c,nat-oop,248,571,8.191,2.304,4.656e-16,-,1
119,1,z:r2c,nat-oop,135,316,15.175,2.338,2.634e-16,-,0
119,1,z:r2c,nat-oop,135,316,15.154,2.335,2.634e-16,-,1
120,1,z:r2c,nat-oop,58,84,35.979,1.467,3.226e-16,-,0
120,1,z:r2c,nat-oop,58,85,35.646,1.455,3.226e-16,-,1
121,1,z:r2c,nat-oop,121,149,17.318,1.234,2.582e-16,-,0
121,1,z:r2c,nat-oop,121,153,17.274,1.267,2.582e-16,-,1
122,1,z:r2c,nat-oop,167,621,12.674,3.722,4.384e-16,-,0
122,1,z:r2c,nat-oop,166,621,12.711,3.732,4.384e-16,-,1
123,1,z:r2c,nat-oop,491,810,4.345,1.650,4.519e-16,-,0
123,1,z:r2c,nat-oop,502,811,4.249,1.614,3.796e-16,-,1
124,1,z:r2c,nat-oop,127,232,17.021,1.830,4.036e-16,-,0
124,1,z:r2c,nat-oop,127,230,16.929,1.810,4.036e-16,-,1
125,1,z:r2c,nat-oop,124,138,17.607,1.117,5.265e-16,-,0
125,1,z:r2c,nat-oop,123,138,17.672,1.120,5.265e-16,-,1
126,1,z:r2c,nat-oop,71,89,31.063,1.261,4.273e-16,-,0
126,1,z:r2c,nat-oop,68,89,32.244,1.309,4.273e-16,-,1
127,1,z:r2c,nat-oop,413,577,5.368,1.397,6.342e-16,-,0
127,1,z:r2c,nat-oop,475,577,4.671,1.215,6.342e-16,-,1
128,1,z:r2c,nat-oop,51,57,43.694,1.116,1.985e-16,-,0
128,1,z:r2c,nat-oop,51,57,43.495,1.110,1.985e-16,-,1
129,1,z:r2c,nat-oop,269,912,8.394,3.385,4.410e-16,-,0
129,1,z:r2c,nat-oop,269,917,8.393,3.405,4.410e-16,-,1
130,1,z:r2c,nat-oop,74,91,31.031,1.241,3.950e-16,-,0
130,1,z:r2c,nat-oop,74,90,31.038,1.223,3.950e-16,-,1
131,1,z:r2c,nat-oop,381,945,6.043,2.480,9.050e-16,-,0
131,1,z:r2c,nat-oop,413,954,5.578,2.311,9.050e-16,-,1
132,1,z:r2c,nat-oop,68,91,34.173,1.336,4.790e-16,-,0
132,1,z:r2c,nat-oop,68,91,34.296,1.339,4.790e-16,-,1
133,1,z:r2c,nat-oop,248,397,9.476,1.605,2.588e-16,-,0
133,1,z:r2c,nat-oop,161,397,14.565,2.468,2.588e-16,-,1
134,1,z:r2c,nat-oop,195,761,12.167,3.912,5.085e-16,-,0
134,1,z:r2c,nat-oop,193,761,12.280,3.948,5.085e-16,-,1
135,1,z:r2c,nat-oop,131,149,18.197,1.137,4.333e-16,-,0
135,1,z:r2c,nat-oop,131,149,18.173,1.134,4.333e-16,-,1
136,1,z:r2c,nat-oop,78,163,30.886,2.094,4.140e-16,-,0
136,1,z:r2c,nat-oop,78,163,30.942,2.098,4.140e-16,-,1
137,1,z:r2c,nat-oop,453,953,5.372,2.105,7.783e-16,-,0
137,1,z:r2c,nat-oop,413,954,5.880,2.307,7.783e-16,-,1
138,1,z:r2c,nat-oop,116,221,21.152,1.907,5.314e-16,-,0
138,1,z:r2c,nat-oop,116,229,21.135,1.976,5.314e-16,-,1
139,1,z:r2c,nat-oop,585,953,4.230,1.629,5.016e-16,-,0
139,1,z:r2c,nat-oop,494,1078,5.006,2.182,5.016e-16,-,1
140,1,z:r2c,nat-oop,67,105,36.996,1.560,2.493e-16,-,0
140,1,z:r2c,nat-oop,67,107,36.977,1.593,2.493e-16,-,1
141,1,z:r2c,nat-oop,310,1130,8.124,3.648,4.441e-16,-,0
141,1,z:r2c,nat-oop,310,1128,8.119,3.639,4.441e-16,-,1
142,1,z:r2c,nat-oop,193,863,13.128,4.461,4.414e-16,-,0
142,1,z:r2c,nat-oop,214,864,11.885,4.046,4.414e-16,-,1
143,1,z:r2c,nat-oop,152,169,16.791,1.111,4.198e-16,-,0
143,1,z:r2c,nat-oop,152,170,16.797,1.113,4.198e-16,-,1
144,1,z:r2c,nat-oop,71,105,36.399,1.476,5.402e-16,-,0
144,1,z:r2c,nat-oop,69,105,37.599,1.523,5.402e-16,-,1
145,1,z:r2c,nat-oop,214,663,12.163,3.100,4.020e-16,-,0
145,1,z:r2c,nat-oop,214,655,12.173,3.062,4.020e-16,-,1
146,1,z:r2c,nat-oop,187,928,13.998,4.952,5.690e-16,-,0
146,1,z:r2c,nat-oop,187,933,14.028,4.985,5.690e-16,-,1
147,1,z:r2c,nat-oop,159,172,16.602,1.080,2.383e-16,-,0
147,1,z:r2c,nat-oop,158,167,16.737,1.055,2.383e-16,-,1
148,1,z:r2c,nat-oop,161,326,16.610,2.032,5.846e-16,-,0
148,1,z:r2c,nat-oop,159,326,16.739,2.045,5.846e-16,-,1
149,1,z:r2c,nat-oop,637,967,4.221,1.518,6.817e-16,-,0
149,1,z:r2c,nat-oop,644,969,4.176,1.505,6.817e-16,-,1
150,1,z:r2c,nat-oop,86,112,31.428,1.303,3.662e-16,-,0
150,1,z:r2c,nat-oop,81,110,33.437,1.353,3.662e-16,-,1
151,1,z:r2c,nat-oop,423,964,6.456,2.277,4.603e-16,-,0
151,1,z:r2c,nat-oop,434,965,6.289,2.222,4.603e-16,-,1
152,1,z:r2c,nat-oop,92,194,29.953,2.112,4.474e-16,-,0
152,1,z:r2c,nat-oop,90,198,30.518,2.190,4.474e-16,-,1
153,1,z:r2c,nat-oop,169,425,16.410,2.513,4.983e-16,-,0
153,1,z:r2c,nat-oop,173,424,16.004,2.447,4.983e-16,-,1
154,1,z:r2c,nat-oop,85,104,32.722,1.214,4.305e-16,-,0
154,1,z:r2c,nat-oop,86,104,32.652,1.212,4.305e-16,-,1
155,1,z:r2c,nat-oop,374,755,7.542,2.021,4.580e-16,-,0
155,1,z:r2c,nat-oop,288,756,9.789,2.624,4.580e-16,-,1
156,1,z:r2c,nat-oop,84,108,33.826,1.289,4.440e-16,-,0
156,1,z:r2c,nat-oop,83,111,34.243,1.332,4.440e-16,-,1
157,1,z:r2c,nat-oop,456,988,6.282,2.168,1.087e-15,-,0
157,1,z:r2c,nat-oop,455,977,6.295,2.148,1.087e-15,-,1
158,1,z:r2c,nat-oop,300,1114,9.615,3.713,7.051e-16,-,0
158,1,z:r2c,nat-oop,299,1115,9.653,3.731,7.051e-16,-,1
159,1,z:r2c,nat-oop,1035,1497,2.809,1.447,2.928e-16,-,0
159,1,z:r2c,nat-oop,1031,1497,2.819,1.452,2.928e-16,-,1
160,1,z:r2c,nat-oop,69,104,42.311,1.498,2.805e-16,-,0
160,1,z:r2c,nat-oop,120,102,24.463,0.849,2.805e-16,-,1
161,1,z:r2c,nat-oop,206,585,14.316,2.841,6.501e-16,-,0
161,1,z:r2c,nat-oop,206,584,14.299,2.832,6.501e-16,-,1
162,1,z:r2c,nat-oop,93,116,32.035,1.255,5.245e-16,-,0
162,1,z:r2c,nat-oop,86,116,34.704,1.357,5.245e-16,-,1
163,1,z:r2c,nat-oop,565,1289,5.302,2.283,4.901e-16,-,0
163,1,z:r2c,nat-oop,496,1291,6.040,2.603,4.901e-16,-,1
164,1,z:r2c,nat-oop,194,400,15.547,2.060,5.906e-16,-,0
164,1,z:r2c,nat-oop,187,400,16.170,2.146,5.906e-16,-,1
165,1,z:r2c,nat-oop,175,203,17.389,1.160,3.637e-16,-,0
165,1,z:r2c,nat-oop,172,203,17.705,1.180,3.637e-16,-,1
166,1,z:r2c,nat-oop,483,1274,6.332,2.635,4.721e-16,-,0
166,1,z:r2c,nat-oop,551,1272,5.552,2.308,4.721e-16,-,1
167,1,z:r2c,nat-oop,1050,1249,2.937,1.190,5.548e-16,-,0
167,1,z:r2c,nat-oop,1043,1245,2.957,1.194,5.548e-16,-,1
168,1,z:r2c,nat-oop,97,122,32.017,1.255,3.763e-16,-,0
168,1,z:r2c,nat-oop,81,137,38.352,1.697,3.763e-16,-,1
169,1,z:r2c,nat-oop,227,224,13.781,0.988,5.213e-16,-,0
169,1,z:r2c,nat-oop,226,220,13.818,0.972,5.213e-16,-,1
170,1,z:r2c,nat-oop,109,220,28.981,2.028,4.299e-16,-,0
170,1,z:r2c,nat-oop,108,220,29.122,2.036,4.299e-16,-,1
171,1,z:r2c,nat-oop,220,532,14.382,2.412,5.346e-16,-,0
171,1,z:r2c,nat-oop,225,532,14.077,2.362,5.346e-16,-,1
172,1,z:r2c,nat-oop,197,439,16.204,2.229,1.180e-15,-,0
172,1,z:r2c,nat-oop,197,439,16.221,2.230,1.180e-15,-,1
173,1,z:r2c,nat-oop,1066,1253,3.016,1.175,5.173e-16,-,0
173,1,z:r2c,nat-oop,1047,1305,3.072,1.247,5.173e-16,-,1
174,1,z:r2c,nat-oop,158,362,20.434,2.286,4.370e-16,-,0
174,1,z:r2c,nat-oop,158,362,20.439,2.287,4.370e-16,-,1
175,1,z:r2c,nat-oop,180,199,18.125,1.107,4.004e-16,-,0
175,1,z:r2c,nat-oop,200,199,16.296,0.995,4.004e-16,-,1
176,1,z:r2c,nat-oop,90,124,36.375,1.379,3.122e-16,-,0
176,1,z:r2c,nat-oop,88,124,37.379,1.417,3.122e-16,-,1
177,1,z:r2c,nat-oop,1073,1916,3.079,1.786,4.577e-16,-,0
177,1,z:r2c,nat-oop,1079,1916,3.064,1.776,4.577e-16,-,1
178,1,z:r2c,nat-oop,240,1540,13.879,6.427,4.642e-16,-,0
178,1,z:r2c,nat-oop,240,1542,13.861,6.424,4.642e-16,-,1
179,1,z:r2c,nat-oop,1054,1257,3.178,1.192,3.293e-16,-,0
179,1,z:r2c,nat-oop,1058,1346,3.167,1.273,3.293e-16,-,1
180,1,z:r2c,nat-oop,85,131,39.714,1.545,4.324e-16,-,0
180,1,z:r2c,nat-oop,85,130,39.725,1.536,4.324e-16,-,1
181,1,z:r2c,nat-oop,551,1375,6.158,2.496,7.727e-16,-,0
181,1,z:r2c,nat-oop,550,1261,6.166,2.291,7.727e-16,-,1
182,1,z:r2c,nat-oop,103,126,33.124,1.218,6.354e-16,-,0
182,1,z:r2c,nat-oop,103,125,33.121,1.211,6.354e-16,-,1
183,1,z:r2c,nat-oop,1035,2069,3.323,1.999,4.025e-16,-,0
183,1,z:r2c,nat-oop,1039,2069,3.310,1.992,4.025e-16,-,1
184,1,z:r2c,nat-oop,113,270,30.582,2.384,3.328e-16,-,0
184,1,z:r2c,nat-oop,113,270,30.644,2.389,3.328e-16,-,1
185,1,z:r2c,nat-oop,621,1100,5.607,1.770,3.235e-16,-,0
185,1,z:r2c,nat-oop,692,1099,5.030,1.587,3.235e-16,-,1
186,1,z:r2c,nat-oop,172,409,20.365,2.376,4.773e-16,-,0
186,1,z:r2c,nat-oop,172,410,20.370,2.382,4.773e-16,-,1
187,1,z:r2c,nat-oop,283,515,12.448,1.818,6.929e-16,-,0
187,1,z:r2c,nat-oop,275,514,12.839,1.872,6.929e-16,-,1
188,1,z:r2c,nat-oop,223,543,15.904,2.434,4.717e-16,-,0
188,1,z:r2c,nat-oop,223,543,15.934,2.439,4.717e-16,-,1
189,1,z:r2c,nat-oop,199,224,17.916,1.123,3.587e-16,-,0
189,1,z:r2c,nat-oop,199,225,17.978,1.131,3.587e-16,-,1
190,1,z:r2c,nat-oop,133,261,27.132,1.970,4.259e-16,-,0
190,1,z:r2c,nat-oop,133,261,27.009,1.961,4.259e-16,-,1
191,1,z:r2c,nat-oop,621,1321,5.825,2.127,7.547e-16,-,0
191,1,z:r2c,nat-oop,622,1299,5.819,2.089,7.547e-16,-,1
192,1,z:r2c,nat-oop,79,136,46.129,1.721,3.793e-16,-,0
192,1,z:r2c,nat-oop,79,136,45.993,1.715,3.793e-16,-,1
193,1,z:r2c,nat-oop,510,1292,7.182,2.532,6.229e-16,-,0
193,1,z:r2c,nat-oop,502,1279,7.300,2.548,6.229e-16,-,1
194,1,z:r2c,nat-oop,254,681,14.484,2.675,6.639e-16,-,0
194,1,z:r2c,nat-oop,243,680,15.138,2.792,6.639e-16,-,1
195,1,z:r2c,nat-oop,211,239,17.535,1.128,3.761e-16,-,0
195,1,z:r2c,nat-oop,209,238,17.769,1.142,3.761e-16,-,1
196,1,z:r2c,nat-oop,145,163,25.700,1.126,3.208e-16,-,0
196,1,z:r2c,nat-oop,146,164,25.538,1.119,3.208e-16,-,1
197,1,z:r2c,nat-oop,686,1283,5.476,1.871,5.326e-16,-,0
197,1,z:r2c,nat-oop,638,1295,5.886,2.031,5.326e-16,-,1
198,1,z:r2c,nat-oop,106,149,35.591,1.407,4.685e-16,-,0
198,1,z:r2c,nat-oop,106,149,35.484,1.402,4.685e-16,-,1
199,1,z:r2c,nat-oop,663,1285,5.730,1.939,7.720e-16,-,0
199,1,z:r2c,nat-oop,656,1513,5.792,2.307,7.720e-16,-,1
200,1,z:r2c,nat-oop,92,142,41.508,1.540,4.342e-16,-,0
200,1,z:r2c,nat-oop,92,142,41.655,1.546,4.342e-16,-,1
201,1,z:r2c,nat-oop,1072,2548,3.587,2.377,4.980e-16,-,0
201,1,z:r2c,nat-oop,1101,2546,3.493,2.313,4.980e-16,-,1
202,1,z:r2c,nat-oop,336,613,11.499,1.824,7.435e-16,-,0
202,1,z:r2c,nat-oop,268,602,14.420,2.245,7.435e-16,-,1
203,1,z:r2c,nat-oop,294,922,13.235,3.138,2.896e-16,-,0
203,1,z:r2c,nat-oop,296,923,13.147,3.119,2.896e-16,-,1
204,1,z:r2c,nat-oop,120,248,32.530,2.064,7.939e-16,-,0
204,1,z:r2c,nat-oop,122,242,32.007,1.978,7.939e-16,-,1
205,1,z:r2c,nat-oop,362,1367,10.863,3.772,2.687e-16,-,0
205,1,z:r2c,nat-oop,363,1367,10.845,3.766,2.687e-16,-,1
206,1,z:r2c,nat-oop,320,603,12.384,1.885,9.734e-16,-,0
206,1,z:r2c,nat-oop,319,603,12.401,1.889,9.734e-16,-,1
207,1,z:r2c,nat-oop,325,773,12.241,2.376,5.324e-16,-,0
207,1,z:r2c,nat-oop,302,772,13.171,2.553,5.324e-16,-,1
208,1,z:r2c,nat-oop,106,146,37.809,1.375,4.328e-16,-,0
208,1,z:r2c,nat-oop,106,146,37.954,1.381,4.328e-16,-,1
209,1,z:r2c,nat-oop,287,646,14.034,2.251,4.445e-16,-,0
209,1,z:r2c,nat-oop,258,651,15.598,2.522,4.445e-16,-,1
210,1,z:r2c,nat-oop,114,152,35.494,1.329,3.375e-16,-,0
210,1,z:r2c,nat-oop,114,152,35.522,1.331,3.375e-16,-,1
211,1,z:r2c,nat-oop,746,1218,5.459,1.633,6.567e-16,-,0
211,1,z:r2c,nat-oop,728,1219,5.596,1.675,6.567e-16,-,1
212,1,z:r2c,nat-oop,481,707,8.510,1.468,2.992e-16,-,0
212,1,z:r2c,nat-oop,476,732,8.609,1.538,2.992e-16,-,1
213,1,z:r2c,nat-oop,1107,2903,3.722,2.623,5.765e-16,-,0
213,1,z:r2c,nat-oop,1066,2903,3.862,2.722,5.765e-16,-,1
214,1,z:r2c,nat-oop,478,609,8.658,1.274,5.390e-16,-,0
214,1,z:r2c,nat-oop,478,685,8.658,1.432,5.390e-16,-,1
215,1,z:r2c,nat-oop,428,1534,9.729,3.584,4.905e-16,-,0
215,1,z:r2c,nat-oop,420,1533,9.921,3.652,4.905e-16,-,1
216,1,z:r2c,nat-oop,108,161,38.796,1.496,5.485e-16,-,0
216,1,z:r2c,nat-oop,108,162,38.716,1.495,5.485e-16,-,1
217,1,z:r2c,nat-oop,399,1072,10.545,2.684,5.099e-16,-,0
217,1,z:r2c,nat-oop,400,1072,10.523,2.679,5.099e-16,-,1
218,1,z:r2c,nat-oop,298,612,14.196,2.051,8.134e-16,-,0
218,1,z:r2c,nat-oop,298,611,14.230,2.054,8.134e-16,-,1
219,1,z:r2c,nat-oop,1083,3072,3.929,2.836,3.971e-16,-,0
219,1,z:r2c,nat-oop,1096,3071,3.884,2.802,3.971e-16,-,1
220,1,z:r2c,nat-oop,108,185,39.531,1.712,3.759e-16,-,0
220,1,z:r2c,nat-oop,109,169,39.285,1.553,3.759e-16,-,1
221,1,z:r2c,nat-oop,305,644,14.112,2.112,5.887e-16,-,0
221,1,z:r2c,nat-oop,265,640,16.257,2.417,5.887e-16,-,1
222,1,z:r2c,nat-oop,223,606,19.417,2.718,4.192e-16,-,0
222,1,z:r2c,nat-oop,220,605,19.697,2.753,4.192e-16,-,1
223,1,z:r2c,nat-oop,1128,1228,3.855,1.089,8.094e-16,-,0
223,1,z:r2c,nat-oop,1110,1231,3.917,1.109,8.094e-16,-,1
224,1,z:r2c,nat-oop,103,140,42.403,1.359,3.145e-16,-,0
224,1,z:r2c,nat-oop,113,140,38.784,1.242,3.145e-16,-,1
225,1,z:r2c,nat-oop,241,264,18.223,1.095,3.635e-16,-,0
225,1,z:r2c,nat-oop,243,275,18.122,1.134,3.635e-16,-,1
226,1,z:r2c,nat-oop,302,617,14.627,2.044,5.022e-16,-,0
226,1,z:r2c,nat-oop,302,623,14.628,2.061,5.022e-16,-,1
227,1,z:r2c,nat-oop,1094,1234,4.062,1.129,6.549e-16,-,0
227,1,z:r2c,nat-oop,1079,1243,4.117,1.152,6.549e-16,-,1
228,1,z:r2c,nat-oop,146,288,30.645,1.978,3.257e-16,-,0
228,1,z:r2c,nat-oop,223,289,19.980,1.291,3.257e-16,-,1
229,1,z:r2c,nat-oop,773,1240,5.806,1.604,8.245e-16,-,0
229,1,z:r2c,nat-oop,774,1239,5.798,1.600,8.245e-16,-,1
230,1,z:r2c,nat-oop,168,377,26.906,2.251,4.114e-16,-,0
230,1,z:r2c,nat-oop,168,375,26.925,2.239,4.114e-16,-,1
231,1,z:r2c,nat-oop,252,301,17.967,1.193,3.697e-16,-,0
231,1,z:r2c,nat-oop,254,302,17.828,1.186,3.697e-16,-,1
232,1,z:r2c,nat-oop,193,412,23.566,2.131,3.309e-16,-,0
232,1,z:r2c,nat-oop,192,409,23.754,2.130,3.309e-16,-,1
233,1,z:r2c,nat-oop,1087,1239,4.214,1.139,5.535e-16,-,0
233,1,z:r2c,nat-oop,1087,1240,4.214,1.141,5.535e-16,-,1
234,1,z:r2c,nat-oop,131,182,35.031,1.383,3.716e-16,-,0
234,1,z:r2c,nat-oop,140,182,32.993,1.302,3.716e-16,-,1
235,1,z:r2c,nat-oop,921,1893,5.022,2.055,4.310e-16,-,0
235,1,z:r2c,nat-oop,1180,1893,3.922,1.604,4.310e-16,-,1
236,1,z:r2c,nat-oop,497,882,9.363,1.776,3.545e-16,-,0
236,1,z:r2c,nat-oop,491,882,9.468,1.796,3.545e-16,-,1
237,1,z:r2c,nat-oop,1160,3668,4.029,3.162,5.317e-16,-,0
237,1,z:r2c,nat-oop,1115,3665,4.192,3.288,5.317e-16,-,1
238,1,z:r2c,nat-oop,149,318,31.522,2.136,5.328e-16,-,0
238,1,z:r2c,nat-oop,147,318,31.904,2.162,5.328e-16,-,1
239,1,z:r2c,nat-oop,1136,1248,4.154,1.098,8.955e-16,-,0
239,1,z:r2c,nat-oop,1105,1247,4.271,1.129,8.955e-16,-,1
240,1,z:r2c,nat-oop,111,223,42.824,2.010,3.409e-16,-,0
240,1,z:r2c,nat-oop,111,174,42.742,1.571,3.409e-16,-,1
241,1,z:r2c,nat-oop,773,1263,6.169,1.634,6.454e-16,-,0
241,1,z:r2c,nat-oop,723,1254,6.595,1.734,6.454e-16,-,1
242,1,z:r2c,nat-oop,134,170,35.855,1.269,4.583e-16,-,0
242,1,z:r2c,nat-oop,134,170,35.790,1.266,4.583e-16,-,1
243,1,z:r2c,nat-oop,256,297,18.805,1.160,4.784e-16,-,0
243,1,z:r2c,nat-oop,256,297,18.794,1.161,4.784e-16,-,1
244,1,z:r2c,nat-oop,496,959,9.756,1.934,4.130e-16,-,0
244,1,z:r2c,nat-oop,495,959,9.768,1.936,4.130e-16,-,1
245,1,z:r2c,nat-oop,267,297,18.196,1.112,4.160e-16,-,0
245,1,z:r2c,nat-oop,269,296,18.099,1.101,4.160e-16,-,1
246,1,z:r2c,nat-oop,260,778,18.821,2.998,4.390e-16,-,0
246,1,z:r2c,nat-oop,260,774,18.785,2.976,4.390e-16,-,1
247,1,z:r2c,nat-oop,306,801,16.033,2.615,5.575e-16,-,0
247,1,z:r2c,nat-oop,341,801,14.374,2.346,5.575e-16,-,1
248,1,z:r2c,nat-oop,215,457,22.935,2.123,4.014e-16,-,0
248,1,z:r2c,nat-oop,251,456,19.665,1.820,4.014e-16,-,1
249,1,z:r2c,nat-oop,1128,4084,4.391,3.619,6.189e-16,-,0
249,1,z:r2c,nat-oop,1125,4083,4.403,3.629,6.189e-16,-,1
250,1,z:r2c,nat-oop,141,180,35.322,1.278,3.175e-16,-,0
250,1,z:r2c,nat-oop,140,180,35.653,1.286,3.175e-16,-,1
251,1,z:r2c,nat-oop,778,1262,6.430,1.622,8.190e-16,-,0
251,1,z:r2c,nat-oop,770,1263,6.499,1.640,8.190e-16,-,1
252,1,z:r2c,nat-oop,126,186,39.940,1.476,4.478e-16,-,0
252,1,z:r2c,nat-oop,126,185,40.002,1.471,4.478e-16,-,1
253,1,z:r2c,nat-oop,411,941,12.297,2.293,5.214e-16,-,0
253,1,z:r2c,nat-oop,336,947,15.034,2.819,5.214e-16,-,1
254,1,z:r2c,nat-oop,429,633,11.834,1.477,8.042e-16,-,0
254,1,z:r2c,nat-oop,427,631,11.867,1.476,8.042e-16,-,1
255,1,z:r2c,nat-oop,301,727,16.913,2.411,5.235e-16,-,0
255,1,z:r2c,nat-oop,301,724,16.944,2.406,5.235e-16,-,1
256,1,z:r2c,nat-oop,100,128,51.042,1.274,3.284e-16,-,0
256,1,z:r2c,nat-oop,101,128,50.781,1.265,3.284e-16,-,1
257,1,z:r2c,nat-oop,725,2061,7.095,2.842,4.484e-16,-,0
257,1,z:r2c,nat-oop,707,2062,7.278,2.918,4.484e-16,-,1
258,1,z:r2c,nat-oop,280,852,18.442,3.042,4.470e-16,-,0
258,1,z:r2c,nat-oop,281,851,18.392,3.030,4.470e-16,-,1
259,1,z:r2c,nat-oop,417,1547,12.434,3.706,3.650e-16,-,0
259,1,z:r2c,nat-oop,417,1553,12.439,3.721,3.650e-16,-,1
260,1,z:r2c,nat-oop,133,204,39.186,1.536,7.088e-16,-,0
260,1,z:r2c,nat-oop,132,204,39.603,1.548,7.088e-16,-,1
261,1,z:r2c,nat-oop,379,1215,13.825,3.207,4.137e-16,-,0
261,1,z:r2c,nat-oop,377,1213,13.898,3.219,4.137e-16,-,1
262,1,z:r2c,nat-oop,390,1004,13.494,2.575,6.682e-16,-,0
262,1,z:r2c,nat-oop,394,1023,13.365,2.599,6.682e-16,-,1
263,1,z:r2c,nat-oop,2189,2063,2.414,0.942,5.617e-16,-,0
263,1,z:r2c,nat-oop,2206,2081,2.397,0.943,5.617e-16,-,1
264,1,z:r2c,nat-oop,137,198,38.733,1.448,4.620e-16,-,0
264,1,z:r2c,nat-oop,137,199,38.641,1.447,4.620e-16,-,1
265,1,z:r2c,nat-oop,2167,2511,2.461,1.159,4.313e-16,-,0
265,1,z:r2c,nat-oop,2165,2505,2.463,1.157,4.313e-16,-,1
266,1,z:r2c,nat-oop,193,377,27.804,1.957,3.936e-16,-,0
266,1,z:r2c,nat-oop,183,377,29.303,2.064,3.936e-16,-,1
267,1,z:r2c,nat-oop,2185,4735,2.463,2.167,4.039e-16,-,0
267,1,z:r2c,nat-oop,2173,4738,2.476,2.180,4.039e-16,-,1
268,1,z:r2c,nat-oop,1016,1164,5.321,1.146,4.707e-16,-,0
268,1,z:r2c,nat-oop,975,1164,5.544,1.194,4.707e-16,-,1
269,1,z:r2c,nat-oop,2227,2077,2.437,0.933,3.978e-16,-,0
269,1,z:r2c,nat-oop,2223,2078,2.441,0.934,3.978e-16,-,1
270,1,z:r2c,nat-oop,148,206,36.912,1.393,4.057e-16,-,0
270,1,z:r2c,nat-oop,147,206,37.009,1.398,4.057e-16,-,1
271,1,z:r2c,nat-oop,891,2068,6.143,2.320,1.019e-15,-,0
271,1,z:r2c,nat-oop,888,2073,6.164,2.334,1.019e-15,-,1
272,1,z:r2c,nat-oop,150,327,36.578,2.173,6.343e-16,-,0
272,1,z:r2c,nat-oop,150,327,36.603,2.176,6.343e-16,-,1
273,1,z:r2c,nat-oop,305,358,18.097,1.172,5.755e-16,-,0
273,1,z:r2c,nat-oop,299,354,18.472,1.184,5.755e-16,-,1
274,1,z:r2c,nat-oop,425,1132,13.049,2.663,7.845e-16,-,0
274,1,z:r2c,nat-oop,468,1173,11.862,2.509,7.845e-16,-,1
275,1,z:r2c,nat-oop,296,360,18.797,1.215,3.574e-16,-,0
275,1,z:r2c,nat-oop,296,360,18.850,1.219,3.574e-16,-,1
276,1,z:r2c,nat-oop,175,404,31.969,2.307,4.635e-16,-,0
276,1,z:r2c,nat-oop,175,404,31.937,2.305,4.635e-16,-,1
277,1,z:r2c,nat-oop,1096,2085,5.126,1.902,7.814e-16,-,0
277,1,z:r2c,nat-oop,1066,2081,5.273,1.953,7.814e-16,-,1
278,1,z:r2c,nat-oop,513,1025,11.009,1.999,9.251e-16,-,0
278,1,z:r2c,nat-oop,508,1135,11.097,2.232,9.251e-16,-,1
279,1,z:r2c,nat-oop,664,1412,8.528,2.125,4.163e-16,-,0
279,1,z:r2c,nat-oop,510,1411,11.104,2.765,4.163e-16,-,1
280,1,z:r2c,nat-oop,149,201,38.297,1.350,3.349e-16,-,0
280,1,z:r2c,nat-oop,148,201,38.320,1.352,3.349e-16,-,1
281,1,z:r2c,nat-oop,950,2085,6.013,2.194,6.050e-16,-,0
281,1,z:r2c,nat-oop,913,2126,6.257,2.328,6.050e-16,-,1
282,1,z:r2c,nat-oop,324,1038,17.684,3.199,4.378e-16,-,0
282,1,z:r2c,nat-oop,325,1038,17.675,3.198,4.378e-16,-,1
283,1,z:r2c,nat-oop,2302,2079,2.503,0.903,4.073e-16,-,0
283,1,z:r2c,nat-oop,2487,2080,2.317,0.836,4.073e-16,-,1
284,1,z:r2c,nat-oop,1029,1322,5.625,1.285,4.067e-16,-,0
284,1,z:r2c,nat-oop,1036,1323,5.583,1.277,4.067e-16,-,1
285,1,z:r2c,nat-oop,376,904,15.466,2.407,2.981e-16,-,0
285,1,z:r2c,nat-oop,390,905,14.883,2.319,2.981e-16,-,1
286,1,z:r2c,nat-oop,164,204,35.490,1.242,5.696e-16,-,0
286,1,z:r2c,nat-oop,163,204,35.736,1.252,5.696e-16,-,1
287,1,z:r2c,nat-oop,498,1924,11.757,3.860,3.992e-16,-,0
287,1,z:r2c,nat-oop,498,1926,11.771,3.869,3.992e-16,-,1
288,1,z:r2c,nat-oop,137,200,42.892,1.462,3.776e-16,-,0
288,1,z:r2c,nat-oop,141,201,41.844,1.431,3.776e-16,-,1
289,1,z:r2c,nat-oop,390,1156,15.157,2.968,5.345e-16,-,0
289,1,z:r2c,nat-oop,391,1158,15.087,2.959,5.345e-16,-,1
290,1,z:r2c,nat-oop,227,612,26.123,2.696,3.905e-16,-,0
290,1,z:r2c,nat-oop,227,611,26.121,2.692,3.905e-16,-,1
291,1,z:r2c,nat-oop,2197,2458,2.710,1.119,6.316e-16,-,0
291,1,z:r2c,nat-oop,2249,2599,2.648,1.155,6.316e-16,-,1
292,1,z:r2c,nat-oop,1008,1418,5.928,1.407,4.427e-16,-,0
292,1,z:r2c,nat-oop,999,1418,5.983,1.419,4.427e-16,-,1
293,1,z:r2c,nat-oop,2243,2391,2.676,1.066,5.126e-16,-,0
293,1,z:r2c,nat-oop,2257,2398,2.660,1.063,5.126e-16,-,1
294,1,z:r2c,nat-oop,175,214,34.411,1.220,3.194e-16,-,0
294,1,z:r2c,nat-oop,175,214,34.459,1.222,3.194e-16,-,1
295,1,z:r2c,nat-oop,2237,3218,2.705,1.438,4.008e-16,-,0
295,1,z:r2c,nat-oop,2277,3216,2.657,1.412,4.008e-16,-,1
296,1,z:r2c,nat-oop,223,645,27.263,2.896,5.102e-16,-,0
296,1,z:r2c,nat-oop,223,646,27.191,2.894,5.102e-16,-,1
297,1,z:r2c,nat-oop,335,394,18.217,1.177,4.691e-16,-,0
297,1,z:r2c,nat-oop,340,394,17.923,1.157,4.691e-16,-,1
298,1,z:r2c,nat-oop,817,1034,7.499,1.266,5.416e-16,-,0
298,1,z:r2c,nat-oop,916,1032,6.687,1.127,5.416e-16,-,1
299,1,z:r2c,nat-oop,430,1157,14.305,2.691,5.923e-16,-,0
299,1,z:r2c,nat-oop,410,1158,14.993,2.825,5.923e-16,-,1
300,1,z:r2c,nat-oop,151,219,40.933,1.452,4.443e-16,-,0
300,1,z:r2c,nat-oop,160,219,38.675,1.374,4.443e-16,-,1
301,1,z:r2c,nat-oop,610,2162,10.160,3.545,4.798e-16,-,0
301,1,z:r2c,nat-oop,600,2164,10.321,3.605,4.798e-16,-,1
302,1,z:r2c,nat-oop,440,1134,14.149,2.579,5.988e-16,-,0
302,1,z:r2c,nat-oop,438,1140,14.194,2.601,5.988e-16,-,1
303,1,z:r2c,nat-oop,2252,2405,2.773,1.068,5.582e-16,-,0
303,1,z:r2c,nat-oop,2282,2493,2.737,1.092,5.582e-16,-,1
304,1,z:r2c,nat-oop,177,389,35.442,2.201,2.955e-16,-,0
304,1,z:r2c,nat-oop,194,389,32.355,2.008,2.955e-16,-,1
305,1,z:r2c,nat-oop,2193,3455,2.869,1.575,4.072e-16,-,0
305,1,z:r2c,nat-oop,2213,3458,2.843,1.562,4.072e-16,-,1
306,1,z:r2c,nat-oop,186,429,34.017,2.312,4.613e-16,-,0
306,1,z:r2c,nat-oop,185,429,34.155,2.318,4.613e-16,-,1
307,1,z:r2c,nat-oop,1352,2419,4.689,1.789,8.113e-16,-,0
307,1,z:r2c,nat-oop,1509,2403,4.202,1.592,8.113e-16,-,1
308,1,z:r2c,nat-oop,229,266,27.766,1.160,3.857e-16,-,0
308,1,z:r2c,nat-oop,232,266,27.488,1.150,3.857e-16,-,1
309,1,z:r2c,nat-oop,2289,2416,2.792,1.056,5.292e-16,-,0
309,1,z:r2c,nat-oop,2261,2417,2.825,1.069,5.292e-16,-,1
310,1,z:r2c,nat-oop,261,691,24.535,2.643,4.437e-16,-,0
310,1,z:r2c,nat-oop,258,692,24.884,2.685,4.437e-16,-,1
311,1,z:r2c,nat-oop,1652,2409,3.898,1.458,5.127e-16,-,0
311,1,z:r2c,nat-oop,1395,2403,4.616,1.723,5.127e-16,-,1
312,1,z:r2c,nat-oop,177,236,36.424,1.331,6.216e-16,-,0
312,1,z:r2c,nat-oop,166,236,38.851,1.419,6.216e-16,-,1
313,1,z:r2c,nat-oop,1170,2412,5.545,2.061,1.214e-15,-,0
313,1,z:r2c,nat-oop,1181,2418,5.493,2.047,1.214e-15,-,1
314,1,z:r2c,nat-oop,472,1045,13.806,2.215,8.134e-16,-,0
314,1,z:r2c,nat-oop,474,1045,13.735,2.204,8.134e-16,-,1
315,1,z:r2c,nat-oop,389,389,16.821,1.001,4.951e-16,-,0
315,1,z:r2c,nat-oop,352,388,18.590,1.105,4.951e-16,-,1
316,1,z:r2c,nat-oop,1011,1713,6.491,1.695,2.990e-16,-,0
316,1,z:r2c,nat-oop,1045,1671,6.276,1.598,2.990e-16,-,1
317,1,z:r2c,nat-oop,2304,2417,2.858,1.049,5.026e-16,-,0
317,1,z:r2c,nat-oop,2367,2418,2.781,1.022,5.026e-16,-,1
318,1,z:r2c,nat-oop,1013,1389,6.527,1.372,3.708e-16,-,0
318,1,z:r2c,nat-oop,1011,1390,6.534,1.374,3.708e-16,-,1
319,1,z:r2c,nat-oop,475,1483,13.973,3.123,4.373e-16,-,0
319,1,z:r2c,nat-oop,502,1487,13.214,2.963,4.373e-16,-,1
320,1,z:r2c,nat-oop,141,231,47.311,1.638,3.226e-16,-,0
320,1,z:r2c,nat-oop,143,230,46.644,1.614,3.226e-16,-,1
321,1,z:r2c,nat-oop,2258,2665,2.959,1.180,5.308e-16,-,0
321,1,z:r2c,nat-oop,2192,2667,3.048,1.217,5.308e-16,-,1
322,1,z:r2c,nat-oop,224,548,29.981,2.450,4.219e-16,-,0
322,1,z:r2c,nat-oop,220,548,30.538,2.496,4.219e-16,-,1
323,1,z:r2c,nat-oop,458,1400,14.689,3.055,5.086e-16,-,0
323,1,z:r2c,nat-oop,466,1399,14.445,3.002,5.086e-16,-,1
324,1,z:r2c,nat-oop,164,262,41.093,1.591,7.870e-16,-,0
324,1,z:r2c,nat-oop,179,252,37.709,1.407,7.870e-16,-,1
325,1,z:r2c,nat-oop,368,426,18.422,1.157,6.945e-16,-,0
325,1,z:r2c,nat-oop,375,434,18.065,1.156,6.945e-16,-,1
326,1,z:r2c,nat-oop,512,1327,13.290,2.592,8.608e-16,-,0
326,1,z:r2c,nat-oop,513,1317,13.268,2.568,8.608e-16,-,1
327,1,z:r2c,nat-oop,2209,2674,3.091,1.211,5.924e-16,-,0
327,1,z:r2c,nat-oop,2258,2669,3.024,1.182,5.924e-16,-,1
328,1,z:r2c,nat-oop,275,801,24.901,2.912,3.813e-16,-,0
328,1,z:r2c,nat-oop,275,803,24.932,2.921,3.813e-16,-,1
329,1,z:r2c,nat-oop,689,2664,9.976,3.864,3.974e-16,-,0
329,1,z:r2c,nat-oop,690,2664,9.962,3.859,3.974e-16,-,1
330,1,z:r2c,nat-oop,188,250,36.719,1.330,3.852e-16,-,0
330,1,z:r2c,nat-oop,213,250,32.466,1.175,3.852e-16,-,1
331,1,z:r2c,nat-oop,1448,2719,4.785,1.879,6.008e-16,-,0
331,1,z:r2c,nat-oop,1263,2676,5.486,2.119,6.008e-16,-,1
332,1,z:r2c,nat-oop,1025,1853,6.784,1.808,5.348e-16,-,0
332,1,z:r2c,nat-oop,1010,1854,6.882,1.835,5.348e-16,-,1
