64         banked       175ms replayed  2p
65         banked       140ms replayed  2p
66         banked       140ms replayed  2p
67         banked       141ms replayed  prime
68         banked       139ms replayed  2p
69         banked       139ms replayed  2p
70         banked       140ms replayed  2p
71         banked       140ms replayed  prime
72         banked       140ms replayed  2p
73         banked       140ms replayed  prime
74         banked       141ms replayed  flat
75         banked       140ms replayed  2p
76         banked       139ms replayed  2p
77         banked       139ms replayed  2p
78         banked       139ms replayed  2p
79         banked       140ms replayed  prime
80         banked       140ms replayed  2p
81         banked       139ms replayed  2p
82         banked      1631ms raced     flat
83         banked       141ms replayed  prime
84         banked       149ms replayed  2p
85         banked       143ms replayed  2p
86         banked      1620ms raced     flat
87         banked       143ms replayed  flat
88         banked       145ms replayed  2p
89         banked       142ms replayed  prime
90         banked       141ms replayed  2p
91         banked       144ms replayed  2p
92         banked       152ms replayed  2p
93         banked       141ms replayed  flat
94         banked      1628ms raced     flat
95         banked       140ms replayed  2p
96         banked       141ms replayed  2p
97         banked       142ms replayed  prime
98         banked       140ms replayed  flat
99         banked       141ms replayed  2p
100        banked       142ms replayed  2p
101        banked       141ms replayed  prime
102        banked       143ms replayed  2p
103        banked       141ms replayed  prime
104        banked       140ms replayed  2p
105        banked       140ms replayed  2p
106        banked       141ms replayed  prime
107        banked       141ms replayed  prime
108        banked       140ms replayed  2p
109        banked       141ms replayed  prime
110        banked       140ms replayed  2p
111        banked      5231ms raced     2p
112        banked       143ms replayed  2p
113        banked       143ms replayed  prime
114        banked       140ms replayed  2p
115        banked       141ms replayed  2p
116        banked       145ms replayed  flat
117        banked       140ms replayed  2p
118        banked       146ms replayed  prime
119        banked       139ms replayed  2p
120        banked       143ms replayed  2p
121        banked       142ms replayed  2p
122        banked       143ms replayed  prime
123        banked      5161ms raced     2p
124        banked       143ms replayed  flat
125        banked       143ms replayed  2p
126        banked       141ms replayed  2p
127        banked       140ms replayed  prime
128        banked       141ms replayed  2p
129        banked       143ms replayed  flat
130        banked       142ms replayed  2p
131        banked       139ms replayed  prime
132        banked       141ms replayed  2p
133        banked       143ms replayed  2p
134        banked       140ms replayed  prime
135        banked       142ms replayed  2p
136        banked       140ms replayed  2p
137        banked       141ms replayed  prime
138        banked       140ms replayed  2p
139        banked       142ms replayed  prime
140        banked       140ms replayed  chain3
141        banked       143ms replayed  flat
142        banked       140ms replayed  prime
143        banked       140ms replayed  2p
144        banked       140ms replayed  chain3
145        banked       138ms replayed  2p
146        banked       140ms replayed  prime
147        banked       139ms replayed  chain3
148        banked       139ms replayed  2p
149        banked       140ms replayed  prime
150        banked       144ms replayed  2p
151        banked       141ms replayed  prime
152        banked       139ms replayed  2p
153        banked       141ms replayed  2p
154        banked       141ms replayed  flat
155        banked       139ms replayed  2p
156        banked       142ms replayed  2p
157        banked       140ms replayed  prime
158        banked       152ms replayed  prime
159        banked       153ms replayed  prime
160        banked       143ms replayed  2p
161        banked       139ms replayed  2p
162        banked       142ms replayed  2p
163        banked       143ms replayed  prime
164        banked       140ms replayed  2p
165        banked       141ms replayed  2p
166        banked       146ms replayed  prime
167        banked       142ms replayed  prime
168        banked       141ms replayed  chain3
169        banked       139ms replayed  2p
170        banked       146ms replayed  2p
171        banked       140ms replayed  2p
172        banked       141ms replayed  2p
173        banked       141ms replayed  prime
174        banked       144ms replayed  2p
175        banked       139ms replayed  chain3
176        banked       140ms replayed  2p
177        banked       139ms replayed  prime
178        banked       141ms replayed  prime
179        banked       162ms replayed  prime
180        banked       140ms replayed  2p
181        banked       140ms replayed  prime
182        banked       152ms replayed  flat
183        banked       145ms replayed  prime
184        banked       141ms replayed  2p
185        banked       141ms replayed  2p
186        banked       140ms replayed  2p
187        banked       139ms replayed  flat
188        banked       141ms replayed  2p
189        banked       139ms replayed  chain3
190        banked       143ms replayed  2p
191        banked       143ms replayed  prime
192        banked       143ms replayed  2p
193        banked       141ms replayed  prime
194        banked       139ms replayed  prime
195        banked       139ms replayed  chain3
196        banked       139ms replayed  chain3
197        banked       141ms replayed  prime
198        banked       139ms replayed  chain3
199        banked       144ms replayed  prime
200        banked       139ms replayed  chain3
201        banked       141ms replayed  prime
202        banked       139ms replayed  prime
203        banked       139ms replayed  2p
204        banked       139ms replayed  chain3
205        banked       142ms replayed  2p
206        banked       143ms replayed  prime
207        banked       143ms replayed  2p
208        banked       140ms replayed  2p
209        banked       139ms replayed  2p
210        banked       141ms replayed  chain3
211        banked       144ms replayed  prime
212        banked       152ms replayed  prime
213        banked       140ms replayed  prime
214        banked       142ms replayed  prime
215        banked       141ms replayed  flat
216        banked       148ms replayed  2p
217        banked       143ms replayed  2p
218        banked       141ms replayed  prime
219        banked       139ms replayed  prime
220        banked       140ms replayed  chain3
221        banked       139ms replayed  2p
222        banked       141ms replayed  2p
223        banked       143ms replayed  prime
224        banked       144ms replayed  2p
225        banked       142ms replayed  2p
226        banked       140ms replayed  prime
227        banked       145ms replayed  prime
228        banked       140ms replayed  flat
229        banked       140ms replayed  prime
230        banked       140ms replayed  2p
231        banked       142ms replayed  chain3
232        banked       154ms replayed  flat
233        banked       139ms replayed  prime
234        banked       139ms replayed  chain3
235        banked       143ms replayed  2p
236        banked       147ms replayed  prime
237        banked       142ms replayed  prime
238        banked       140ms replayed  flat
239        banked       140ms replayed  prime
240        banked       151ms replayed  2p
241        banked       165ms replayed  prime
242        banked       139ms replayed  flat
243        banked       140ms replayed  2p
244        banked       141ms replayed  prime
245        banked       143ms replayed  chain3
246        banked       143ms replayed  2p
247        banked       139ms replayed  2p
248        banked       143ms replayed  flat
249        banked       141ms replayed  prime
250        banked       139ms replayed  chain3
251        banked       139ms replayed  prime
252        banked       142ms replayed  chain3
253        banked       144ms replayed  2p
254        banked       140ms replayed  prime
255        banked       143ms replayed  2p
256        banked       153ms replayed  2p
257        banked       167ms replayed  prime
258        banked       143ms replayed  2p
259        banked       143ms replayed  2p
260        banked       140ms replayed  chain3
261        banked       139ms replayed  2p
262        banked       139ms replayed  prime
263        banked       140ms replayed  prime
264        banked       147ms replayed  chain3
265        banked       144ms replayed  prime
266        banked       141ms replayed  flat
267        banked       139ms replayed  prime
268        banked       139ms replayed  prime
269        banked       140ms replayed  prime
270        banked       139ms replayed  chain3
271        banked       139ms replayed  prime
272        banked       144ms replayed  2p
273        banked       142ms replayed  2p
274        banked       141ms replayed  prime
275        banked       140ms replayed  chain3
276        banked       138ms replayed  2p
277        banked       141ms replayed  prime
278        banked       139ms replayed  prime
279        banked       139ms replayed  2p
280        banked       143ms replayed  chain3
281        banked       145ms replayed  prime
282        banked       139ms replayed  2p
283        banked       142ms replayed  prime
284        banked       140ms replayed  prime
285        banked       141ms replayed  2p
286        banked       141ms replayed  flat
287        banked       139ms replayed  2p
288        banked       141ms replayed  2p
289        banked       143ms replayed  2p
290        banked       144ms replayed  2p
291        banked       139ms replayed  prime
292        banked       141ms replayed  prime
293        banked       143ms replayed  prime
294        banked       140ms replayed  chain3
295        banked       142ms replayed  prime
296        banked       140ms replayed  2p
297        banked       142ms replayed  chain3
298        banked       140ms replayed  prime
299        banked       139ms replayed  2p
300        banked       140ms replayed  chain3
301        banked       141ms replayed  flat
302        banked       146ms replayed  prime
303        banked       140ms replayed  prime
304        banked       145ms replayed  2p
305        banked       140ms replayed  prime
306        banked       140ms replayed  chain3
307        banked       140ms replayed  prime
308        banked       142ms replayed  chain3
309        banked       141ms replayed  prime
310        banked       139ms replayed  2p
311        banked       142ms replayed  prime
312        banked       143ms replayed  chain3
313        banked       140ms replayed  prime
314        banked       144ms replayed  prime
315        banked       139ms replayed  chain3
316        banked       140ms replayed  prime
317        banked       140ms replayed  prime
318        banked       139ms replayed  prime
319        banked       139ms replayed  2p
320        banked       139ms replayed  2p
321        banked       140ms replayed  prime
322        banked       142ms replayed  flat
323        banked       142ms replayed  2p
324        banked       140ms replayed  chain3
325        banked       139ms replayed  2p
326        banked       142ms replayed  prime
327        banked       140ms replayed  prime
328        banked       144ms replayed  2p
329        banked       140ms replayed  flat
330        banked       139ms replayed  chain3
331        banked       143ms replayed  prime
332        banked       140ms replayed  prime
333        banked       139ms replayed  2p
334        banked       140ms replayed  prime
335        banked       139ms replayed  prime
336        banked       140ms replayed  2p
337        banked       139ms replayed  prime
338        banked       142ms replayed  flat
339        banked       144ms replayed  prime
340        banked       140ms replayed  chain3
341        banked       141ms replayed  flat
342        banked       142ms replayed  chain3
343        banked       140ms replayed  chain3
344        banked       139ms replayed  2p
345        banked       144ms replayed  2p
346        banked       140ms replayed  prime
347        banked       142ms replayed  prime
348        banked       144ms replayed  2p
349        banked       141ms replayed  prime
350        banked       141ms replayed  chain3
351        banked       139ms replayed  chain3
352        banked       140ms replayed  2p
353        banked       142ms replayed  prime
354        banked       139ms replayed  prime
355        banked       143ms replayed  prime
356        banked       143ms replayed  prime
357        banked       140ms replayed  chain3
358        banked       139ms replayed  prime
359        banked       139ms replayed  prime
360        banked       141ms replayed  chain3
361        banked       139ms replayed  2p
362        banked       140ms replayed  prime
363        banked       141ms replayed  chain3
364        banked       140ms replayed  chain3
365        banked       144ms replayed  prime
366        banked       140ms replayed  prime
367        banked       142ms replayed  prime
368        banked       140ms replayed  2p
369        banked       141ms replayed  2p
370        banked       142ms replayed  2p
371        banked       140ms replayed  prime
372        banked       140ms replayed  flat
373        banked       144ms replayed  prime
374        banked       144ms replayed  flat
375        banked       141ms replayed  chain3
376        banked       140ms replayed  2p
377        banked       140ms replayed  2p
378        banked       140ms replayed  chain3
379        banked       139ms replayed  prime
380        banked       141ms replayed  chain3
381        banked       139ms replayed  prime
382        banked       149ms replayed  prime
383        banked       139ms replayed  prime
384        banked       139ms replayed  2p
385        banked       139ms replayed  chain3
386        banked       140ms replayed  prime
387        banked       138ms replayed  2p
388        banked       143ms replayed  prime
389        banked       147ms replayed  prime
390        banked       164ms replayed  chain3
391        banked       151ms replayed  2p
392        banked       140ms replayed  chain3
393        banked       140ms replayed  prime
394        banked       141ms replayed  prime
395        banked       140ms replayed  prime
396        banked       140ms replayed  chain3
397        banked       140ms replayed  prime
398        banked       147ms replayed  prime
399        banked       149ms replayed  chain3
400        banked       139ms replayed  2p
401        banked       139ms replayed  prime
402        banked       140ms replayed  prime
403        banked       140ms replayed  2p
404        banked       140ms replayed  prime
405        banked       141ms replayed  chain3
406        banked       143ms replayed  flat
407        banked       145ms replayed  2p
408        banked       154ms replayed  chain3
409        banked       142ms replayed  prime
410        banked       139ms replayed  2p
411        banked       140ms replayed  prime
412        banked       142ms replayed  prime
413        banked       141ms replayed  prime
414        banked       143ms replayed  chain3
415        banked       146ms replayed  prime
416        banked       167ms replayed  2p
417        banked       140ms replayed  prime
418        banked       139ms replayed  flat
419        banked       140ms replayed  prime
420        banked       140ms replayed  chain3
421        banked       141ms replayed  prime
422        banked       143ms replayed  prime
423        banked       155ms replayed  flat
424        banked       149ms replayed  prime
425        banked       140ms replayed  2p
426        banked       142ms replayed  prime
427        banked       140ms replayed  prime
428        banked       143ms replayed  prime
429        banked       140ms replayed  chain3
430        banked       142ms replayed  2p
431        banked       146ms replayed  prime
432        banked       144ms replayed  2p
433        banked       142ms replayed  prime
434        banked       146ms replayed  flat
435        banked       140ms replayed  2p
436        banked       142ms replayed  prime
437        banked       143ms replayed  2p
438        banked       144ms replayed  prime
439        banked       144ms replayed  prime
440        banked       139ms replayed  chain3
441        banked       139ms replayed  chain3
442        banked       141ms replayed  flat
443        banked       139ms replayed  prime
444        banked       140ms replayed  2p
445        banked       140ms replayed  prime
446        banked       142ms replayed  prime
447        banked       144ms replayed  prime
448        banked       142ms replayed  chain3
449        banked       140ms replayed  prime
450        banked       143ms replayed  chain3
451        banked       140ms replayed  2p
452        banked       140ms replayed  prime
453        banked       141ms replayed  prime
454        banked       139ms replayed  prime
455        banked       140ms replayed  chain3
456        banked       146ms replayed  chain3
457        banked       145ms replayed  prime
458        banked       139ms replayed  prime
459        banked       140ms replayed  chain3
460        banked       141ms replayed  flat
461        banked       139ms replayed  prime
462        banked       140ms replayed  chain3
463        banked       140ms replayed  prime
464        banked       146ms replayed  2p
465        banked       151ms replayed  2p
466        banked       139ms replayed  prime
467        banked       146ms replayed  prime
468        banked       140ms replayed  chain3
469        banked       139ms replayed  prime
470        banked       141ms replayed  2p
471        banked       141ms replayed  prime
472        banked       141ms replayed  prime
473        banked       150ms replayed  2p
474        banked       142ms replayed  prime
475        banked       140ms replayed  2p
476        banked       142ms replayed  chain3
477        banked       142ms replayed  prime
478        banked       141ms replayed  prime
479        banked       140ms replayed  prime
480        banked       140ms replayed  2p
481        banked       140ms replayed  2p
482        banked       139ms replayed  prime
483        banked       143ms replayed  2p
484        banked       139ms replayed  chain3
485        banked       140ms replayed  prime
486        banked       144ms replayed  chain3
487        banked       140ms replayed  prime
488        banked       140ms replayed  prime
489        banked       143ms replayed  prime
490        banked       146ms replayed  chain3
491        banked       140ms replayed  prime
492        banked       142ms replayed  2p
493        banked       140ms replayed  2p
494        banked       141ms replayed  flat
495        banked       144ms replayed  flat
496        banked       143ms replayed  flat
497        banked       143ms replayed  prime
498        banked       158ms replayed  prime
499        banked       140ms replayed  prime
500        banked       140ms replayed  chain3
501        banked       142ms replayed  prime
502        banked       142ms replayed  prime
503        banked       140ms replayed  prime
504        banked       140ms replayed  chain3
505        banked       146ms replayed  prime
506        banked       144ms replayed  flat
507        banked       150ms replayed  chain3
508        banked       140ms replayed  prime
509        banked       139ms replayed  prime
510        banked       143ms replayed  chain3
511        banked       139ms replayed  prime
512        banked       141ms replayed  2p
513        banked       139ms replayed  2p
514        banked       145ms replayed  prime
515        banked       140ms replayed  prime
516        banked       139ms replayed  flat
517        banked       139ms replayed  flat
518        banked       139ms replayed  flat
519        banked       138ms replayed  prime
520        banked       139ms replayed  chain3
521        banked       143ms replayed  prime
522        banked       143ms replayed  chain3
523        banked       145ms replayed  prime
524        banked       140ms replayed  prime
525        banked       142ms replayed  2p
526        banked       140ms replayed  prime
527        banked       140ms replayed  2p
528        banked       139ms replayed  chain3
529        banked       139ms replayed  2p
530        banked       140ms replayed  prime
531        banked       142ms replayed  prime
532        banked       141ms replayed  flat
533        banked       138ms replayed  2p
534        banked       141ms replayed  prime
535        banked       142ms replayed  prime
536        banked       142ms replayed  prime
537        banked       139ms replayed  prime
538        banked       141ms replayed  prime
539        banked       139ms replayed  flat
540        banked       139ms replayed  chain3
541        banked       141ms replayed  prime
542        banked       144ms replayed  prime
543        banked       139ms replayed  prime
544        banked       140ms replayed  2p
545        banked       141ms replayed  prime
546        banked       140ms replayed  chain3
547        banked       143ms replayed  prime
548        banked       145ms replayed  prime
549        banked       139ms replayed  prime
550        banked       139ms replayed  chain3
551        banked       139ms replayed  2p
552        banked       139ms replayed  flat
553        banked       140ms replayed  prime
554        banked       140ms replayed  prime
555        banked       138ms replayed  2p
556        banked       150ms replayed  prime
557        banked       158ms replayed  prime
558        banked       139ms replayed  chain3
559        banked       139ms replayed  2p
560        banked       141ms replayed  chain3
561        banked       145ms replayed  flat
562        banked       139ms replayed  prime
563        banked       143ms replayed  prime
564        banked       144ms replayed  flat
565        banked       139ms replayed  prime
566        banked       141ms replayed  prime
567        banked       139ms replayed  2p
568        banked       142ms replayed  prime
569        banked       140ms replayed  prime
570        banked       139ms replayed  flat
571        banked       143ms replayed  prime
572        banked       142ms replayed  chain3
573        banked       139ms replayed  prime
574        banked       144ms replayed  flat
575        banked       139ms replayed  2p
576        banked       150ms replayed  2p
577        banked       141ms replayed  prime
578        banked       139ms replayed  flat
579        banked       143ms replayed  prime
580        banked       140ms replayed  chain3
581        banked       144ms replayed  prime
582        banked       143ms replayed  prime
583        banked       143ms replayed  prime
584        banked       141ms replayed  prime
585        banked       140ms replayed  chain3
586        banked       139ms replayed  prime
587        banked       141ms replayed  prime
588        banked       148ms replayed  flat
589        banked       149ms replayed  2p
590        banked       139ms replayed  prime
591        banked       141ms replayed  prime
592        banked       139ms replayed  2p
593        banked       139ms replayed  prime
594        banked       139ms replayed  chain3
595        banked       139ms replayed  chain3
596        banked       140ms replayed  prime
597        banked       145ms replayed  prime
598        banked       140ms replayed  flat
599        banked       144ms replayed  prime
600        banked       139ms replayed  chain3
601        banked       143ms replayed  prime
602        banked       141ms replayed  flat
603        banked       139ms replayed  prime
604        banked       139ms replayed  prime
605        banked       144ms replayed  flat
606        banked       145ms replayed  prime
607        banked       140ms replayed  prime
608        banked       141ms replayed  2p
609        banked       143ms replayed  2p
610        banked       139ms replayed  prime
611        banked       145ms replayed  flat
612        banked       138ms replayed  chain3
613        banked       142ms replayed  prime
614        banked       154ms replayed  prime
615        banked       142ms replayed  2p
616        banked       139ms replayed  chain3
617        banked       142ms replayed  prime
618        banked       139ms replayed  prime
619        banked       140ms replayed  prime
620        banked       140ms replayed  flat
621        banked       146ms replayed  2p
622        banked       157ms replayed  prime
623        banked       153ms replayed  prime
624        banked       139ms replayed  chain3
625        banked       140ms replayed  2p
626        banked       141ms replayed  prime
627        banked       140ms replayed  flat
628        banked       140ms replayed  prime
629        banked       140ms replayed  2p
630        banked       153ms replayed  chain3
631        banked       143ms replayed  prime
632        banked       141ms replayed  prime
633        banked       141ms replayed  prime
634        banked       139ms replayed  prime
635        banked       139ms replayed  prime
636        banked       139ms replayed  prime
637        banked       140ms replayed  flat
638        banked       159ms replayed  flat
639        banked       145ms replayed  prime
640        banked       139ms replayed  2p
641        banked       140ms replayed  prime
642        banked       140ms replayed  prime
643        banked       141ms replayed  prime
644        banked       139ms replayed  flat
645        banked       139ms replayed  2p
646        banked       142ms replayed  flat
647        banked       151ms replayed  prime
648        banked       139ms replayed  chain3
649        banked       139ms replayed  prime
650        banked       141ms replayed  chain3
651        banked       139ms replayed  2p
652        banked       139ms replayed  prime
653        banked       143ms replayed  prime
654        banked       144ms replayed  prime
655        banked       148ms replayed  prime
656        banked       139ms replayed  2p
657        banked       139ms replayed  prime
658        banked       139ms replayed  flat
659        banked       144ms replayed  prime
660        banked       144ms replayed  chain3
661        banked       140ms replayed  prime
662        banked       140ms replayed  prime
663        banked       142ms replayed  flat
664        banked       145ms replayed  prime
665        banked       139ms replayed  flat
666        banked       139ms replayed  chain3
667        banked       140ms replayed  2p
668        banked       143ms replayed  prime
669        banked       140ms replayed  prime
670        banked       140ms replayed  prime
671        banked       150ms replayed  prime
672        banked       139ms replayed  2p
673        banked       142ms replayed  prime
674        banked       139ms replayed  prime
675        banked       139ms replayed  2p
676        banked       140ms replayed  chain3
677        banked       139ms replayed  prime
678        banked       140ms replayed  prime
679        banked       140ms replayed  prime
680        banked       145ms replayed  flat
681        banked       139ms replayed  prime
682        banked       141ms replayed  flat
683        banked       139ms replayed  prime
684        banked       139ms replayed  chain3
685        banked       139ms replayed  prime
686        banked       139ms replayed  flat
687        banked       142ms replayed  prime
688        banked       145ms replayed  flat
689        banked       139ms replayed  prime
690        banked       143ms replayed  chain3
691        banked       143ms replayed  prime
692        banked       139ms replayed  prime
693        banked       141ms replayed  flat
694        banked       140ms replayed  prime
695        banked       139ms replayed  prime
696        banked       139ms replayed  flat
697        banked       150ms replayed  2p
698        banked       139ms replayed  prime
699        banked       141ms replayed  prime
700        banked       139ms replayed  chain3
701        banked       141ms replayed  prime
702        banked       143ms replayed  chain3
703        banked       141ms replayed  2p
704        banked       139ms replayed  2p
705        banked       146ms replayed  2p
706        banked       145ms replayed  prime
707        banked       140ms replayed  prime
708        banked       141ms replayed  prime
709        banked       139ms replayed  prime
710        banked       146ms replayed  prime
711        banked       140ms replayed  prime
712        banked       140ms replayed  prime
713        banked       145ms replayed  2p
714        banked       140ms replayed  chain3
715        banked       142ms replayed  flat
716        banked       140ms replayed  prime
717        banked       141ms replayed  prime
718        banked       140ms replayed  prime
719        banked       143ms replayed  prime
720        banked       140ms replayed  chain3
721        banked       146ms replayed  prime
722        banked       139ms replayed  flat
723        banked       139ms replayed  prime
724        banked       139ms replayed  prime
725        banked       146ms replayed  flat
726        banked       142ms replayed  chain3
727        banked       143ms replayed  prime
728        banked       139ms replayed  chain3
729        banked       139ms replayed  2p
730        banked       144ms replayed  prime
731        banked       141ms replayed  2p
732        banked       139ms replayed  prime
733        banked       140ms replayed  prime
734        banked       139ms replayed  prime
735        banked       140ms replayed  flat
736        banked       141ms replayed  2p
737        banked       143ms replayed  prime
738        banked       158ms replayed  chain3
739        banked       160ms replayed  prime
740        banked       139ms replayed  flat
741        banked       139ms replayed  chain3
742        banked       139ms replayed  prime
743        banked       140ms replayed  prime
744        banked       138ms replayed  flat
745        banked       140ms replayed  prime
746        banked       145ms replayed  prime
747        banked       139ms replayed  prime
748        banked       140ms replayed  flat
749        banked       139ms replayed  prime
750        banked       141ms replayed  chain3
751        banked       140ms replayed  prime
752        banked       140ms replayed  flat
753        banked       144ms replayed  prime
754        banked       145ms replayed  flat
755        banked       140ms replayed  prime
756        banked       139ms replayed  chain3
757        banked       139ms replayed  prime
758        banked       140ms replayed  prime
759        banked       139ms replayed  flat
760        banked       139ms replayed  flat
761        banked       139ms replayed  prime
762        banked       139ms replayed  prime
763        banked       145ms replayed  prime
764        banked       139ms replayed  prime
765        banked       139ms replayed  flat
766        banked       139ms replayed  prime
767        banked       139ms replayed  prime
768        banked       139ms replayed  2p
769        banked       140ms replayed  prime
770        banked       141ms replayed  chain3
771        banked       142ms replayed  prime
772        banked       139ms replayed  prime
773        banked       139ms replayed  prime
774        banked       140ms replayed  chain3
775        banked       139ms replayed  2p
776        banked       141ms replayed  prime
777        banked       140ms replayed  2p
778        banked       139ms replayed  prime
779        banked       140ms replayed  2p
780        banked       164ms replayed  chain3
781        banked       139ms replayed  prime
782        banked       139ms replayed  flat
783        banked       139ms replayed  flat
784        banked       139ms replayed  chain3
785        banked       139ms replayed  prime
786        banked       143ms replayed  prime
787        banked       143ms replayed  prime
788        banked       143ms replayed  prime
789        banked       165ms replayed  prime
790        banked       142ms replayed  prime
791        banked       142ms replayed  prime
792        banked       139ms replayed  chain3
793        banked       140ms replayed  prime
794        banked       141ms replayed  prime
795        banked       140ms replayed  prime
796        banked       144ms replayed  prime
797        banked       154ms replayed  prime
798        banked       140ms replayed  flat
799        banked       139ms replayed  2p
800        banked       141ms replayed  2p
801        banked       139ms replayed  prime
802        banked       140ms replayed  prime
803        banked       143ms replayed  prime
804        banked       147ms replayed  prime
805        banked       146ms replayed  flat
806        banked       142ms replayed  flat
807        banked       144ms replayed  prime
808        banked       142ms replayed  prime
809        banked       141ms replayed  prime
810        banked       140ms replayed  chain3
811        banked       139ms replayed  prime
812        banked       139ms replayed  flat
813        banked       143ms replayed  prime
814        banked       144ms replayed  flat
815        banked       139ms replayed  prime
816        banked       139ms replayed  chain3
817        banked       140ms replayed  flat
818        banked       139ms replayed  prime
819        banked       141ms replayed  flat
820        banked       140ms replayed  flat
821        banked       140ms replayed  prime
822        banked       139ms replayed  prime
823        banked       140ms replayed  prime
824        banked       142ms replayed  prime
825        banked       140ms replayed  chain3
826        banked       144ms replayed  prime
827        banked       139ms replayed  prime
828        banked       139ms replayed  chain3
829        banked       140ms replayed  prime
830        banked       145ms replayed  prime
831        banked       139ms replayed  prime
832        banked       139ms replayed  2p
833        banked       139ms replayed  flat
834        banked       139ms replayed  prime
835        banked       139ms replayed  prime
836        banked       138ms replayed  flat
837        banked       142ms replayed  flat
838        banked       157ms replayed  prime
839        banked       144ms replayed  prime
840        banked       141ms replayed  chain3
841        banked       139ms replayed  flat
842        banked       141ms replayed  prime
843        banked       139ms replayed  prime
844        banked       141ms replayed  prime
845        banked       141ms replayed  flat
846        banked       144ms replayed  flat
847        banked       142ms replayed  flat
848        banked       142ms replayed  prime
849        banked       139ms replayed  prime
850        banked       140ms replayed  chain3
851        banked       139ms replayed  2p
852        banked       142ms replayed  prime
853        banked       140ms replayed  prime
854        banked       144ms replayed  prime
855        banked       140ms replayed  flat
856        banked       140ms replayed  prime
857        banked       143ms replayed  prime
858        banked       140ms replayed  flat
859        banked       141ms replayed  prime
860        banked       142ms replayed  flat
861        banked       140ms replayed  2p
862        banked       141ms replayed  prime
863        banked       140ms replayed  prime
864        banked       141ms replayed  2p
865        banked       141ms replayed  prime
866        banked       139ms replayed  prime
867        banked       139ms replayed  flat
868        banked       142ms replayed  flat
869        banked       140ms replayed  prime
870        banked       141ms replayed  flat
871        banked       156ms replayed  prime
872        banked       156ms replayed  prime
873        banked       140ms replayed  prime
874        banked       139ms replayed  flat
875        banked       139ms replayed  flat
876        banked       139ms replayed  prime
877        banked       141ms replayed  prime
878        banked       140ms replayed  prime
879        banked       142ms replayed  prime
880        banked       141ms replayed  chain3
881        banked       140ms replayed  prime
882        banked       139ms replayed  flat
883        banked       140ms replayed  prime
884        banked       139ms replayed  chain3
885        banked       139ms replayed  prime
886        banked       140ms replayed  prime
887        banked       145ms replayed  prime
888        banked       139ms replayed  chain3
889        banked       141ms replayed  prime
890        banked       142ms replayed  prime
891        banked       141ms replayed  chain3
892        banked       142ms replayed  prime
893        banked       142ms replayed  flat
894        banked       140ms replayed  prime
895        banked       142ms replayed  prime
896        banked       150ms replayed  chain3
897        banked       139ms replayed  flat
898        banked       141ms replayed  prime
899        banked       140ms replayed  2p
900        banked       140ms replayed  chain3
901        banked       142ms replayed  prime
902        banked       139ms replayed  flat
903        banked       143ms replayed  flat
904        banked       160ms replayed  prime
905        banked       144ms replayed  prime
906        banked       139ms replayed  prime
907        banked       141ms replayed  prime
908        banked       147ms replayed  prime
909        banked       140ms replayed  prime
910        banked       139ms replayed  chain3
911        banked       144ms replayed  prime
912        banked       144ms replayed  chain3
913        banked       141ms replayed  prime
914        banked       139ms replayed  prime
915        banked       140ms replayed  prime
916        banked       143ms replayed  prime
917        banked       139ms replayed  prime
918        banked       139ms replayed  flat
919        banked       140ms replayed  prime
920        banked       145ms replayed  chain3
921        banked       142ms replayed  prime
922        banked       140ms replayed  prime
923        banked       144ms replayed  prime
924        banked       140ms replayed  chain3
925        banked       146ms replayed  2p
926        banked       140ms replayed  prime
927        banked       139ms replayed  prime
928        banked       144ms replayed  2p
929        banked       144ms replayed  prime
930        banked       141ms replayed  chain3
931        banked       138ms replayed  flat
932        banked       140ms replayed  prime
933        banked       142ms replayed  prime
934        banked       146ms replayed  prime
935        banked       139ms replayed  flat
936        banked       140ms replayed  chain3
937        banked       148ms replayed  prime
938        banked       139ms replayed  prime
939        banked       139ms replayed  prime
940        banked       139ms replayed  flat
941        banked       144ms replayed  prime
942        banked       139ms replayed  prime
943        banked       140ms replayed  2p
944        banked       143ms replayed  prime
945        banked       144ms replayed  chain3
946        banked       157ms replayed  flat
947        banked       139ms replayed  prime
948        banked       139ms replayed  prime
949        banked       140ms replayed  prime
950        banked       139ms replayed  flat
951        banked       140ms replayed  prime
952        banked       139ms replayed  flat
953        banked       140ms replayed  prime
954        banked       150ms replayed  prime
955        banked       170ms replayed  prime
956        banked       142ms replayed  prime
957        banked       142ms replayed  chain3
958        banked       141ms replayed  prime
959        banked       143ms replayed  prime
960        banked       146ms replayed  2p
961        banked       145ms replayed  flat
962        banked       149ms replayed  flat
963        banked       166ms replayed  prime
964        banked       140ms replayed  prime
965        banked       143ms replayed  prime
966        banked       144ms replayed  chain3
967        banked       139ms replayed  prime
968        banked       141ms replayed  chain3
969        banked       140ms replayed  flat
970        banked       143ms replayed  prime
971        banked       145ms replayed  prime
972        banked       139ms replayed  chain3
973        banked       141ms replayed  prime
974        banked       141ms replayed  prime
975        banked       140ms replayed  flat
976        banked       139ms replayed  prime
977        banked       140ms replayed  prime
978        banked       141ms replayed  prime
979        banked       154ms replayed  prime
980        banked       143ms replayed  flat
981        banked       140ms replayed  prime
982        banked       145ms replayed  prime
983        banked       140ms replayed  prime
984        banked       140ms replayed  chain3
985        banked       144ms replayed  prime
986        banked       155ms replayed  flat
987        banked       152ms replayed  2p
988        banked       140ms replayed  chain3
989        banked       140ms replayed  flat
990        banked       141ms replayed  chain3
991        banked       139ms replayed  prime
992        banked       139ms replayed  flat
993        banked       140ms replayed  prime
994        banked       140ms replayed  prime
995        banked       139ms replayed  prime
996        banked       139ms replayed  prime
997        banked       140ms replayed  prime
998        banked       140ms replayed  prime
999        banked       140ms replayed  2p
1000       banked       140ms replayed  chain3
1001       banked       140ms replayed  flat
1002       banked       141ms replayed  prime
1003       banked       144ms replayed  prime
1004       banked       139ms replayed  prime
1005       banked       140ms replayed  prime
1006       banked       141ms replayed  prime
1007       banked       141ms replayed  prime
1008       banked       143ms replayed  chain3
1009       banked       140ms replayed  prime
1010       banked       140ms replayed  prime
1011       banked       140ms replayed  prime
1012       banked       140ms replayed  chain3
1013       banked       139ms replayed  prime
1014       banked       141ms replayed  chain3
1015       banked       142ms replayed  flat
1016       banked       142ms replayed  prime
1017       banked       139ms replayed  prime
1018       banked       140ms replayed  prime
1019       banked       146ms replayed  prime
1020       banked       145ms replayed  chain3
1021       banked       143ms replayed  prime
1022       banked       143ms replayed  prime
1023       banked       143ms replayed  chain3
1024       banked       141ms replayed  2p
1025       banked       144ms replayed  2p
1026       banked       141ms replayed  chain3
1027       banked       140ms replayed  prime
1028       banked       744ms raced     prime
1029       banked       145ms replayed  flat
1030       banked       747ms raced     prime
1031       banked       141ms replayed  prime
1032       banked       139ms replayed  chain3
1033       banked       141ms replayed  prime
1034       banked       139ms replayed  flat
1035       banked       140ms replayed  flat
1036       banked       144ms replayed  flat
1037       banked       143ms replayed  prime
1038       banked       739ms raced     prime
1039       banked       141ms replayed  prime
1040       banked       152ms replayed  chain3
1041       banked       152ms replayed  prime
1042       banked       733ms raced     prime
1043       banked       141ms replayed  prime
1044       banked       156ms replayed  chain3
1045       banked       141ms replayed  flat
1046       banked       737ms raced     prime
1047       banked       140ms replayed  prime
1048       banked       740ms raced     prime
1049       banked       141ms replayed  prime
1050       banked       139ms replayed  chain3
1051       banked       141ms replayed  prime
1052       banked       733ms raced     prime
1053       banked       140ms replayed  chain3
1054       banked       140ms replayed  flat
1055       banked       141ms replayed  prime
1056       banked       147ms replayed  chain3
1057       banked       152ms replayed  prime
1058       banked       146ms replayed  flat
1059       banked       140ms replayed  prime
1060       banked       734ms raced     prime
1061       banked       140ms replayed  prime
1062       banked       765ms raced     prime
1063       banked       140ms replayed  prime
1064       banked       147ms replayed  chain3
1065       banked       158ms replayed  prime
1066       banked       157ms replayed  flat
1067       banked       140ms replayed  prime
1068       banked       735ms raced     prime
1069       banked       146ms replayed  prime
1070       banked       760ms raced     prime
1071       banked       141ms replayed  flat
1072       banked       756ms raced     prime
1073       banked       142ms replayed  2p
1074       banked       744ms raced     prime
1075       banked       140ms replayed  2p
1076       banked       746ms raced     prime
1077       banked       152ms replayed  prime
1078       banked       159ms replayed  flat
1079       banked       139ms replayed  prime
1080       banked       140ms replayed  chain3
1081       banked       140ms replayed  2p
1082       banked       742ms raced     prime
1083       banked       141ms replayed  chain3
1084       banked       740ms raced     prime
1085       banked       145ms replayed  chain3
1086       banked       733ms raced     prime
1087       banked       141ms replayed  prime
1088       banked       145ms replayed  2p
1089       banked       150ms replayed  chain3
1090       banked       768ms raced     prime
1091       banked       141ms replayed  prime
1092       banked       145ms replayed  chain3
1093       banked       142ms replayed  prime
1094       banked       743ms raced     prime
1095       banked       140ms replayed  prime
1096       banked       725ms raced     prime
1097       banked       142ms replayed  prime
1098       banked       733ms raced     prime
1099       banked       140ms replayed  prime
1100       banked       142ms replayed  chain3
1101       banked       141ms replayed  prime
1102       banked       141ms replayed  flat
1103       banked       144ms replayed  prime
1104       banked       141ms replayed  chain3
1105       banked       140ms replayed  flat
1106       banked       750ms raced     prime
1107       banked       139ms replayed  2p
1108       banked       745ms raced     prime
1109       banked       141ms replayed  prime
1110       banked       140ms replayed  chain3
1111       banked       144ms replayed  prime
1112       banked       737ms raced     prime
1113       banked       139ms replayed  prime
1114       banked       742ms raced     prime
1115       banked       145ms replayed  prime
1116       banked       140ms replayed  flat
1117       banked       140ms replayed  prime
1118       banked       139ms replayed  flat
1119       banked       143ms replayed  prime
1120       banked       141ms replayed  chain3
1121       banked       140ms replayed  prime
1122       banked       142ms replayed  chain3
1123       banked       148ms replayed  prime
1124       banked       729ms raced     prime
1125       banked       141ms replayed  flat
1126       banked       748ms raced     prime
1127       banked       141ms replayed  chain3
1128       banked       142ms replayed  flat
1129       banked       141ms replayed  prime
1130       banked       735ms raced     prime
1131       banked       141ms replayed  chain3
1132       banked       740ms raced     prime
1133       banked       142ms replayed  prime
1134       banked       143ms replayed  chain3
1135       banked       140ms replayed  prime
1136       banked       741ms raced     prime
1137       banked       141ms replayed  prime
1138       banked       744ms raced     prime
1139       banked       145ms replayed  prime
1140       banked       140ms replayed  chain3
1141       banked       142ms replayed  prime
1142       banked       752ms raced     prime
1143       banked       154ms replayed  prime
1144       banked       144ms replayed  chain3
1145       banked       141ms replayed  prime
1146       banked       742ms raced     prime
1147       banked       144ms replayed  flat
1148       banked       147ms replayed  chain3
1149       banked       144ms replayed  prime
1150       banked       145ms replayed  chain3
1151       banked       143ms replayed  prime
1152       banked       148ms replayed  chain3
1153       banked       145ms replayed  prime
1154       banked       735ms raced     prime
1155       banked       144ms replayed  chain3
1156       banked       144ms replayed  chain3
1157       banked       144ms replayed  prime
1158       banked       746ms raced     prime
1159       banked       142ms replayed  prime
1160       banked       142ms replayed  flat
1161       banked       141ms replayed  2p
1162       banked       741ms raced     prime
1163       banked       142ms replayed  prime
1164       banked       747ms raced     prime
1165       banked       146ms replayed  prime
1166       banked       737ms raced     prime
1167       banked       144ms replayed  prime
1168       banked       749ms raced     prime
1169       banked       141ms replayed  prime
1170       banked       141ms replayed  chain3
1171       banked       142ms replayed  prime
1172       banked       743ms raced     prime
1173       banked       140ms replayed  flat
1174       banked       732ms raced     prime
1175       banked       142ms replayed  flat
1176       banked       143ms replayed  chain3
1177       banked       144ms replayed  prime
1178       banked       141ms replayed  flat
1179       banked       142ms replayed  prime
1180       banked       742ms raced     prime
1181       banked       141ms replayed  prime
1182       banked       743ms raced     prime
1183       banked       142ms replayed  chain3
1184       banked       144ms replayed  2p
1185       banked       142ms replayed  prime
1186       banked       742ms raced     prime
1187       banked       141ms replayed  prime
1188       banked       143ms replayed  chain3
1189       banked       146ms replayed  2p
1190       banked       142ms replayed  chain3
1191       banked       146ms replayed  prime
1192       banked       745ms raced     prime
1193       banked       143ms replayed  prime
1194       banked       755ms raced     prime
1195       banked       142ms replayed  prime
1196       banked       144ms replayed  chain3
1197       banked       141ms replayed  flat
1198       banked       737ms raced     prime
1199       banked       142ms replayed  prime
1200       banked       143ms replayed  chain3
1201       banked       142ms replayed  prime
1202       banked       743ms raced     prime
1203       banked       148ms replayed  prime
1204       banked       142ms replayed  flat
1205       banked       142ms replayed  prime
1206       banked       751ms raced     prime
1207       banked       143ms replayed  prime
1208       banked       744ms raced     prime
1209       banked       142ms replayed  chain3
1210       banked       156ms replayed  chain3
1211       banked       141ms replayed  prime
1212       banked       737ms raced     prime
1213       banked       148ms replayed  prime
1214       banked       750ms raced     prime
1215       banked       141ms replayed  chain3
1216       banked       141ms replayed  2p
1217       banked       142ms replayed  prime
1218       banked       149ms replayed  flat
1219       banked       145ms replayed  prime
1220       banked       746ms raced     prime
1221       banked       143ms replayed  chain3
1222       banked       144ms replayed  flat
1223       banked       154ms replayed  prime
1224       banked       142ms replayed  chain3
1225       banked       143ms replayed  flat
1226       banked       743ms raced     prime
1227       banked       151ms replayed  prime
1228       banked       755ms raced     prime
1229       banked       142ms replayed  prime
1230       banked       142ms replayed  chain3
1231       banked       145ms replayed  prime
1232       banked       142ms replayed  chain3
1233       banked       141ms replayed  prime
1234       banked       742ms raced     prime
1235       banked       155ms replayed  flat
1236       banked       753ms raced     prime
1237       banked       142ms replayed  prime
1238       banked       736ms raced     prime
1239       banked       146ms replayed  prime
1240       banked       142ms replayed  chain3
1241       banked       143ms replayed  prime
1242       banked       142ms replayed  flat
1243       banked       155ms replayed  prime
1244       banked       735ms raced     prime
1245       banked       145ms replayed  prime
1246       banked       737ms raced     prime
1247       banked       146ms replayed  flat
1248       banked       140ms replayed  chain3
1249       banked       145ms replayed  prime
1250       banked       145ms replayed  chain3
1251       banked       145ms replayed  prime
1252       banked       749ms raced     prime
1253       banked       144ms replayed  prime
1254       banked       143ms replayed  chain3
1255       banked       159ms replayed  prime
1256       banked       763ms raced     prime
1257       banked       145ms replayed  prime
1258       banked       148ms replayed  flat
1259       banked       157ms replayed  prime
1260       banked       148ms replayed  chain3
1261       banked       144ms replayed  prime
1262       banked       761ms raced     prime
1263       banked       149ms replayed  prime
1264       banked       744ms raced     prime
1265       banked       145ms replayed  flat
1266       banked       736ms raced     prime
1267       banked       158ms replayed  prime
1268       banked       750ms raced     prime
1269       banked       150ms replayed  flat
1270       banked       772ms raced     prime
1271       banked       146ms replayed  flat
1272       banked       747ms raced     prime
1273       banked       144ms replayed  prime
1274       banked       146ms replayed  flat
1275       banked       164ms replayed  flat
1276       banked       142ms replayed  chain3
1277       banked       144ms replayed  prime
1278       banked       776ms raced     prime
1279       banked       144ms replayed  prime
1280       banked       147ms replayed  chain3
1281       banked       146ms replayed  prime
1282       banked       824ms raced     prime
1283       banked       153ms replayed  prime
1284       banked       753ms raced     prime
1285       banked       145ms replayed  prime
1286       banked       744ms raced     prime
1287       banked       147ms replayed  chain3
1288       banked       151ms replayed  chain3
1289       banked       252ms replayed  prime
1290       banked       151ms replayed  flat
1291       banked       149ms replayed  prime
1292       banked       155ms replayed  chain3
1293       banked       162ms replayed  prime
1294       banked       769ms raced     prime
1295       banked       148ms replayed  flat
1296       banked       151ms replayed  chain3
1297       banked       145ms replayed  prime
1298       banked       743ms raced     prime
1299       banked       152ms replayed  prime
1300       banked       148ms replayed  flat
1301       banked       143ms replayed  prime
1302       banked       152ms replayed  chain3
1303       banked       143ms replayed  prime
1304       banked       806ms raced     prime
1305       banked       145ms replayed  chain3
1306       banked       753ms raced     prime
1307       banked       158ms replayed  prime
1308       banked       771ms raced     prime
1309       banked       144ms replayed  flat
1310       banked       776ms raced     prime
1311       banked       158ms replayed  chain3
1312       banked       145ms replayed  2p
1313       banked       147ms replayed  prime
1314       banked       777ms raced     prime
1315       banked       171ms replayed  prime
1316       banked       161ms replayed  chain3
1317       banked       157ms replayed  prime
1318       banked       753ms raced     prime
1319       banked       146ms replayed  prime
1320       banked       143ms replayed  chain3
1321       banked       143ms replayed  prime
1322       banked       750ms raced     prime
1323       banked       146ms replayed  flat
1324       banked       753ms raced     prime
1325       banked       144ms replayed  prime
1326       banked       145ms replayed  chain3
1327       banked       145ms replayed  prime
1328       banked       763ms raced     prime
1329       banked       143ms replayed  prime
1330       banked       147ms replayed  chain3
1331       banked       143ms replayed  chain3
1332       banked       143ms replayed  chain3
1333       banked       145ms replayed  2p
1334       banked       143ms replayed  flat
1335       banked       144ms replayed  prime
1336       banked       745ms raced     prime
1337       banked       145ms replayed  prime
1338       banked       753ms raced     prime
1339       banked       144ms replayed  prime
1340       banked       753ms raced     prime
1341       banked       151ms replayed  prime
1342       banked       739ms raced     prime
1343       banked       146ms replayed  prime
1344       banked       151ms replayed  2p
1345       banked       148ms replayed  prime
1346       banked       739ms raced     prime
1347       banked       145ms replayed  prime
1348       banked       766ms raced     prime
1349       banked       143ms replayed  prime
1350       banked       145ms replayed  chain3
1351       banked       145ms replayed  prime
1352       banked       155ms replayed  chain3
1353       banked       146ms replayed  chain3
1354       banked       737ms raced     prime
1355       banked       146ms replayed  prime
1356       banked       743ms raced     prime
1357       banked       146ms replayed  prime
1358       banked       748ms raced     prime
1359       banked       147ms replayed  prime
1360       banked       146ms replayed  chain3
1361       banked       144ms replayed  prime
1362       banked       742ms raced     prime
1363       banked       144ms replayed  2p
1364       banked       147ms replayed  flat
1365       banked       146ms replayed  chain3
1366       banked       745ms raced     prime
1367       banked       143ms replayed  prime
1368       banked       142ms replayed  chain3
1369       banked       145ms replayed  2p
1370       banked       738ms raced     prime
1371       banked       147ms replayed  prime
1372       banked       143ms replayed  flat
1373       banked       143ms replayed  prime
1374       banked       750ms raced     prime
1375       banked       147ms replayed  chain3
1376       banked       145ms replayed  2p
1377       banked       144ms replayed  chain3
1378       banked       754ms raced     prime
1379       banked       144ms replayed  prime
1380       banked       143ms replayed  chain3
1381       banked       142ms replayed  prime
1382       banked       745ms raced     prime
1383       banked       144ms replayed  prime
1384       banked       746ms raced     prime
1385       banked       150ms replayed  prime
1386       banked       143ms replayed  chain3
1387       banked       143ms replayed  prime
1388       banked       747ms raced     prime
1389       banked       153ms replayed  prime
1390       banked       755ms raced     prime
1391       banked       151ms replayed  prime
1392       banked       144ms replayed  flat
1393       banked       149ms replayed  prime
1394       banked       150ms replayed  flat
1395       banked       145ms replayed  flat
1396       banked       741ms raced     prime
1397       banked       148ms replayed  prime
1398       banked       741ms raced     prime
1399       banked       144ms replayed  prime
1400       banked       146ms replayed  chain3
1401       banked       145ms replayed  prime
1402       banked       755ms raced     prime
1403       banked       143ms replayed  prime
1404       banked       145ms replayed  chain3
1405       banked       143ms replayed  prime
1406       banked       148ms replayed  flat
1407       banked       152ms replayed  prime
1408       banked       146ms replayed  chain3
1409       banked       144ms replayed  prime
1410       banked       148ms replayed  flat
1411       banked       143ms replayed  prime
1412       banked       748ms raced     prime
1413       banked       144ms replayed  prime
1414       banked       740ms raced     prime
1415       banked       159ms replayed  prime
1416       banked       745ms raced     prime
1417       banked       145ms replayed  prime
1418       banked       749ms raced     prime
1419       banked       144ms replayed  flat
1420       banked       742ms raced     prime
1421       banked       143ms replayed  chain3
1422       banked       737ms raced     prime
1423       banked       149ms replayed  prime
1424       banked       735ms raced     prime
1425       banked       143ms replayed  flat
1426       banked       147ms replayed  flat
1427       banked       145ms replayed  prime
1428       banked       143ms replayed  chain3
1429       banked       143ms replayed  prime
1430       banked       143ms replayed  chain3
1431       banked       143ms replayed  prime
1432       banked       737ms raced     prime
1433       banked       147ms replayed  prime
1434       banked       747ms raced     prime
1435       banked       146ms replayed  chain3
1436       banked       766ms raced     prime
1437       banked       144ms replayed  prime
1438       banked       752ms raced     prime
1439       banked       143ms replayed  prime
1440       banked       146ms replayed  chain3
1441       banked       143ms replayed  prime
1442       banked       747ms raced     prime
1443       banked       146ms replayed  flat
1444       banked       144ms replayed  chain3
1445       banked       147ms replayed  chain3
1446       banked       747ms raced     prime
1447       banked       145ms replayed  prime
1448       banked       737ms raced     prime
1449       banked       145ms replayed  flat
1450       banked       143ms replayed  chain3
1451       banked       148ms replayed  prime
1452       banked       143ms replayed  chain3
1453       banked       143ms replayed  prime
1454       banked       756ms raced     prime
1455       banked       145ms replayed  prime
1456       banked       147ms replayed  chain3
1457       banked       145ms replayed  2p
1458       banked       149ms replayed  chain3
1459       banked       147ms replayed  prime
1460       banked       751ms raced     prime
1461       banked       145ms replayed  prime
1462       banked       147ms replayed  flat
1463       banked       148ms replayed  chain3
1464       banked       761ms raced     prime
1465       banked       144ms replayed  prime
1466       banked       740ms raced     prime
1467       banked       145ms replayed  prime
1468       banked       743ms raced     prime
1469       banked       149ms replayed  prime
1470       banked       146ms replayed  chain3
1471       banked       146ms replayed  prime
1472       banked       146ms replayed  2p
1473       banked       144ms replayed  prime
1474       banked       744ms raced     prime
1475       banked       144ms replayed  prime
1476       banked       145ms replayed  chain3
1477       banked       146ms replayed  prime
1478       banked       742ms raced     prime
1479       banked       143ms replayed  flat
1480       banked       145ms replayed  flat
1481       banked       148ms replayed  prime
1482       banked       144ms replayed  chain3
1483       banked       148ms replayed  prime
1484       banked       753ms raced     prime
1485       banked       147ms replayed  chain3
1486       banked       737ms raced     prime
1487       banked       148ms replayed  prime
1488       banked       145ms replayed  chain3
1489       banked       144ms replayed  prime
1490       banked       737ms raced     prime
1491       banked       149ms replayed  prime
1492       banked       743ms raced     prime
1493       banked       162ms replayed  prime
1494       banked       739ms raced     prime
1495       banked       144ms replayed  chain3
1496       banked       146ms replayed  chain3
1497       banked       149ms replayed  prime
1498       banked       746ms raced     prime
1499       banked       148ms replayed  prime
1500       banked       151ms replayed  chain3
1501       banked       157ms replayed  prime
1502       banked       745ms raced     prime
1503       banked       149ms replayed  prime
1504       banked       151ms replayed  2p
1505       banked       146ms replayed  chain3
1506       banked       745ms raced     prime
1507       banked       146ms replayed  prime
1508       banked       147ms replayed  flat
1509       banked       148ms replayed  prime
1510       banked       737ms raced     prime
1511       banked       144ms replayed  prime
1512       banked       149ms replayed  chain3
1513       banked       153ms replayed  prime
1514       banked       746ms raced     prime
1515       banked       145ms replayed  prime
1516       banked       739ms raced     prime
1517       banked       144ms replayed  2p
1518       banked       144ms replayed  chain3
1519       banked       144ms replayed  flat
1520       banked       152ms replayed  chain3
1521       banked       151ms replayed  chain3
1522       banked       750ms raced     prime
1523       banked       144ms replayed  prime
1524       banked       750ms raced     prime
1525       banked       144ms replayed  prime
1526       banked       740ms raced     prime
1527       banked       144ms replayed  prime
1528       banked       745ms raced     prime
1529       banked       144ms replayed  prime
1530       banked       145ms replayed  chain3
1531       banked       145ms replayed  prime
1532       banked       740ms raced     prime
1533       banked       147ms replayed  prime
1534       banked       749ms raced     prime
1535       banked       146ms replayed  prime
1536       banked       149ms replayed  chain3
1537       banked       150ms replayed  prime
1538       banked       765ms raced     prime
1539       banked       148ms replayed  chain3
1540       banked       146ms replayed  flat
1541       banked       147ms replayed  prime
1542       banked       735ms raced     prime
1543       banked       146ms replayed  prime
1544       banked       747ms raced     prime
1545       banked       153ms replayed  prime
1546       banked       746ms raced     prime
1547       banked       146ms replayed  flat
1548       banked       145ms replayed  chain3
1549       banked       144ms replayed  prime
1550       banked       143ms replayed  chain3
1551       banked       142ms replayed  chain3
1552       banked       733ms raced     prime
1553       banked       144ms replayed  prime
1554       banked       144ms replayed  flat
1555       banked       145ms replayed  prime
1556       banked       739ms raced     prime
1557       banked       149ms replayed  prime
1558       banked       146ms replayed  flat
1559       banked       144ms replayed  prime
1560       banked       143ms replayed  chain3
1561       banked       148ms replayed  prime
1562       banked       750ms raced     prime
1563       banked       145ms replayed  prime
1564       banked       145ms replayed  chain3
1565       banked       145ms replayed  prime
1566       banked       149ms replayed  chain3
1567       banked       143ms replayed  prime
1568       banked       145ms replayed  chain3
1569       banked       145ms replayed  prime
1570       banked       756ms raced     prime
1571       banked       148ms replayed  prime
1572       banked       740ms raced     prime
1573       banked       145ms replayed  chain3
1574       banked       751ms raced     prime
1575       banked       146ms replayed  flat
1576       banked       736ms raced     prime
1577       banked       148ms replayed  prime
1578       banked       739ms raced     prime
1579       banked       159ms replayed  prime
1580       banked       748ms raced     prime
1581       banked       143ms replayed  chain3
1582       banked       754ms raced     prime
1583       banked       148ms replayed  prime
1584       banked       145ms replayed  chain3
1585       banked       145ms replayed  prime
1586       banked       745ms raced     prime
1587       banked       147ms replayed  flat
1588       banked       742ms raced     prime
1589       banked       144ms replayed  prime
1590       banked       754ms raced     prime
1591       banked       166ms replayed  2p
1592       banked       754ms raced     prime
1593       banked       143ms replayed  prime
1594       banked       749ms raced     prime
1595       banked       146ms replayed  flat
1596       banked       150ms replayed  chain3
1597       banked       144ms replayed  prime
1598       banked       144ms replayed  flat
1599       banked       154ms replayed  chain3
1600       banked       150ms replayed  chain3
1601       banked       145ms replayed  prime
1602       banked       737ms raced     prime
1603       banked       144ms replayed  prime
1604       banked       763ms raced     prime
1605       banked       144ms replayed  prime
1606       banked       743ms raced     prime
1607       banked       144ms replayed  prime
1608       banked       741ms raced     prime
1609       banked       145ms replayed  prime
1610       banked       146ms replayed  chain3
1611       banked       148ms replayed  prime
1612       banked       144ms replayed  flat
1613       banked       144ms replayed  prime
1614       banked       747ms raced     prime
1615       banked       145ms replayed  chain3
1616       banked       755ms raced     prime
1617       banked       148ms replayed  chain3
1618       banked       743ms raced     prime
1619       banked       146ms replayed  prime
1620       banked       151ms replayed  chain3
1621       banked       144ms replayed  prime
1622       banked       748ms raced     prime
1623       banked       152ms replayed  prime
1624       banked       144ms replayed  flat
1625       banked       181ms replayed  flat
1626       banked       748ms raced     prime
1627       banked       145ms replayed  prime
1628       banked       147ms replayed  chain3
1629       banked       144ms replayed  prime
1630       banked       745ms raced     prime
1631       banked       148ms replayed  prime
1632       banked       144ms replayed  chain3
1633       banked       147ms replayed  prime
1634       banked       144ms replayed  flat
1635       banked       145ms replayed  prime
1636       banked       752ms raced     prime
1637       banked       144ms replayed  prime
1638       banked       147ms replayed  chain3
1639       banked       145ms replayed  prime
1640       banked       147ms replayed  flat
1641       banked       143ms replayed  prime
1642       banked       762ms raced     prime
1643       banked       145ms replayed  prime
1644       banked       742ms raced     prime
1645       banked       144ms replayed  flat
1646       banked       747ms raced     prime
1647       banked       150ms replayed  prime
1648       banked       758ms raced     prime
1649       banked       145ms replayed  prime
1650       banked       147ms replayed  chain3
1651       banked       145ms replayed  prime
1652       banked       759ms raced     prime
1653       banked       145ms replayed  chain3
1654       banked       769ms raced     prime
1655       banked       144ms replayed  prime
1656       banked       147ms replayed  chain3
1657       banked       143ms replayed  prime
1658       banked       746ms raced     prime
1659       banked       144ms replayed  prime
1660       banked       742ms raced     prime
1661       banked       147ms replayed  prime
1662       banked       747ms raced     prime
1663       banked       150ms replayed  prime
1664       banked       144ms replayed  chain3
1665       banked       144ms replayed  chain3
1666       banked       143ms replayed  flat
1667       banked       143ms replayed  prime
1668       banked       744ms raced     prime
1669       banked       148ms replayed  prime
1670       banked       751ms raced     prime
1671       banked       150ms replayed  prime
1672       banked       146ms replayed  chain3
1673       banked       149ms replayed  prime
1674       banked       147ms replayed  flat
1675       banked       147ms replayed  prime
1676       banked       745ms raced     prime
1677       banked       145ms replayed  chain3
1678       banked       752ms raced     prime
1679       banked       164ms replayed  prime
1680       banked       148ms replayed  chain3
1681       banked       149ms replayed  2p
1682       banked       144ms replayed  flat
1683       banked       144ms replayed  chain3
1684       banked       771ms raced     prime
1685       banked       144ms replayed  prime
1686       banked       752ms raced     prime
1687       banked       153ms replayed  prime
1688       banked       750ms raced     prime
1689       banked       145ms replayed  prime
1690       banked       147ms replayed  chain3
1691       banked       150ms replayed  prime
1692       banked       146ms replayed  chain3
1693       banked       149ms replayed  prime
1694       banked       145ms replayed  flat
1695       banked       146ms replayed  prime
1696       banked       748ms raced     prime
1697       banked       144ms replayed  prime
1698       banked       755ms raced     prime
1699       banked       153ms replayed  prime
1700       banked       145ms replayed  chain3
1701       banked       148ms replayed  chain3
1702       banked       145ms replayed  flat
1703       banked       144ms replayed  prime
1704       banked       740ms raced     prime
1705       banked       147ms replayed  chain3
1706       banked       753ms raced     prime
1707       banked       151ms replayed  prime
1708       banked       760ms raced     prime
1709       banked       144ms replayed  prime
1710       banked       145ms replayed  chain3
1711       banked       147ms replayed  prime
1712       banked       762ms raced     prime
1713       banked       145ms replayed  prime
1714       banked       763ms raced     prime
1715       banked       144ms replayed  flat
1716       banked       147ms replayed  chain3
1717       banked       147ms replayed  prime
1718       banked       745ms raced     prime
1719       banked       145ms replayed  prime
1720       banked       148ms replayed  chain3
1721       banked       146ms replayed  prime
1722       banked       146ms replayed  chain3
1723       banked       150ms replayed  prime
1724       banked       741ms raced     prime
1725       banked       144ms replayed  chain3
1726       banked       742ms raced     prime
1727       banked       145ms replayed  prime
1728       banked       144ms replayed  chain3
1729       banked       145ms replayed  chain3
1730       banked       745ms raced     prime
1731       banked       145ms replayed  prime
1732       banked       754ms raced     prime
1733       banked       145ms replayed  prime
1734       banked       145ms replayed  chain3
1735       banked       144ms replayed  prime
1736       banked       146ms replayed  flat
1737       banked       144ms replayed  prime
1738       banked       761ms raced     prime
1739       banked       144ms replayed  flat
1740       banked       143ms replayed  flat
1741       banked       144ms replayed  prime
1742       banked       740ms raced     prime
1743       banked       145ms replayed  prime
1744       banked       744ms raced     prime
1745       banked       145ms replayed  prime
1746       banked       753ms raced     prime
1747       banked       145ms replayed  prime
1748       banked       150ms replayed  chain3
1749       banked       145ms replayed  prime
1750       banked       146ms replayed  chain3
1751       banked       145ms replayed  prime
1752       banked       745ms raced     prime
1753       banked       145ms replayed  prime
1754       banked       741ms raced     prime
1755       banked       144ms replayed  chain3
1756       banked       752ms raced     prime
1757       banked       145ms replayed  prime
1758       banked       737ms raced     prime
1759       banked       145ms replayed  prime
1760       banked       147ms replayed  chain3
1761       banked       147ms replayed  prime
1762       banked       761ms raced     prime
1763       banked       145ms replayed  2p
1764       banked       149ms replayed  chain3
1765       banked       146ms replayed  prime
1766       banked       758ms raced     prime
1767       banked       145ms replayed  chain3
1768       banked       147ms replayed  chain3
1769       banked       145ms replayed  prime
1770       banked       748ms raced     prime
1771       banked       145ms replayed  flat
1772       banked       742ms raced     prime
1773       banked       145ms replayed  prime
1774       banked       748ms raced     prime
1775       banked       145ms replayed  prime
1776       banked       149ms replayed  chain3
1777       banked       166ms replayed  prime
1778       banked       738ms raced     prime
1779       banked       146ms replayed  prime
1780       banked       752ms raced     prime
1781       banked       145ms replayed  prime
1782       banked       150ms replayed  chain3
1783       banked       147ms replayed  prime
1784       banked       744ms raced     prime
1785       banked       144ms replayed  chain3
1786       banked       145ms replayed  flat
1787       banked       149ms replayed  prime
1788       banked       758ms raced     prime
1789       banked       145ms replayed  prime
1790       banked       754ms raced     prime
1791       banked       145ms replayed  prime
1792       banked       148ms replayed  chain3
1793       banked       150ms replayed  prime
1794       banked       149ms replayed  chain3
1795       banked       146ms replayed  prime
1796       banked       756ms raced     prime
1797       banked       145ms replayed  prime
1798       banked       149ms replayed  flat
1799       banked       146ms replayed  prime
1800       banked       144ms replayed  chain3
1801       banked       146ms replayed  prime
1802       banked       747ms raced     prime
1803       banked       147ms replayed  prime
1804       banked       150ms replayed  chain3
1805       banked       168ms replayed  flat
1806       banked       146ms replayed  chain3
1807       banked       146ms replayed  prime
1808       banked       744ms raced     prime
1809       banked       145ms replayed  prime
1810       banked       750ms raced     prime
1811       banked       148ms replayed  prime
1812       banked       765ms raced     prime
1813       banked       145ms replayed  chain3
1814       banked       777ms raced     prime
1815       banked       145ms replayed  chain3
1816       banked       758ms raced     prime
1817       banked       149ms replayed  prime
1818       banked       746ms raced     prime
1819       banked       148ms replayed  prime
1820       banked       149ms replayed  flat
1821       banked       149ms replayed  prime
1822       banked       751ms raced     prime
1823       banked       149ms replayed  prime
1824       banked       162ms replayed  chain3
1825       banked       145ms replayed  prime
1826       banked       741ms raced     prime
1827       banked       145ms replayed  flat
1828       banked       767ms raced     prime
1829       banked       151ms replayed  prime
1830       banked       748ms raced     prime
1831       banked       149ms replayed  prime
1832       banked       745ms raced     prime
1833       banked       147ms replayed  flat
1834       banked       752ms raced     prime
1835       banked       171ms replayed  prime
1836       banked       159ms replayed  chain3
1837       banked       147ms replayed  prime
1838       banked       743ms raced     prime
1839       banked       150ms replayed  prime
1840       banked       147ms replayed  chain3
1841       banked       146ms replayed  prime
1842       banked       753ms raced     prime
1843       banked       150ms replayed  prime
1844       banked       754ms raced     prime
1845       banked       146ms replayed  chain3
1846       banked       764ms raced     prime
1847       banked       146ms replayed  prime
1848       banked       149ms replayed  flat
1849       banked       150ms replayed  flat
1850       banked       149ms replayed  chain3
1851       banked       157ms replayed  prime
1852       banked       759ms raced     prime
1853       banked       147ms replayed  prime
1854       banked       743ms raced     prime
1855       banked       145ms replayed  prime
1856       banked       148ms replayed  2p
1857       banked       150ms replayed  prime
1858       banked       770ms raced     prime
1859       banked       146ms replayed  chain3
1860       banked       145ms replayed  chain3
1861       banked       147ms replayed  prime
1862       banked       146ms replayed  flat
1863       banked       150ms replayed  chain3
1864       banked       746ms raced     prime
1865       banked       148ms replayed  prime
1866       banked       749ms raced     prime
1867       banked       147ms replayed  prime
1868       banked       756ms raced     prime
1869       banked       145ms replayed  prime
1870       banked       148ms replayed  chain3
1871       banked       148ms replayed  prime
1872       banked       145ms replayed  chain3
1873       banked       147ms replayed  prime
1874       banked       820ms raced     prime
1875       banked       149ms replayed  flat
1876       banked       815ms raced     prime
1877       banked       146ms replayed  prime
1878       banked       827ms raced     prime
1879       banked       148ms replayed  prime
1880       banked       147ms replayed  flat
1881       banked       146ms replayed  chain3
1882       banked       838ms raced     prime
1883       banked       150ms replayed  prime
1884       banked       817ms raced     prime
1885       banked       154ms replayed  chain3
1886       banked       151ms replayed  flat
1887       banked       156ms replayed  chain3
1888       banked       823ms raced     prime
1889       banked       151ms replayed  prime
1890       banked       146ms replayed  chain3
1891       banked       146ms replayed  prime
1892       banked       148ms replayed  chain3
1893       banked       146ms replayed  prime
1894       banked       875ms raced     prime
1895       banked       148ms replayed  prime
1896       banked       829ms raced     prime
1897       banked       146ms replayed  prime
1898       banked       851ms raced     prime
1899       banked       155ms replayed  prime
1900       banked       146ms replayed  flat
1901       banked       147ms replayed  prime
1902       banked       823ms raced     prime
1903       banked       147ms replayed  prime
1904       banked       149ms replayed  chain3
1905       banked       147ms replayed  prime
1906       banked       840ms raced     prime
1907       banked       150ms replayed  prime
1908       banked       801ms raced     prime
1909       banked       146ms replayed  prime
1910       banked       836ms raced     prime
1911       banked       148ms replayed  chain3
1912       banked       846ms raced     prime
1913       banked       146ms replayed  prime
1914       banked       146ms replayed  flat
1915       banked       151ms replayed  prime
1916       banked       919ms raced     prime
1917       banked       152ms replayed  prime
1918       banked       886ms raced     prime
1919       banked       149ms replayed  prime
1920       banked       152ms replayed  chain3
1921       banked       151ms replayed  prime
1922       banked       146ms replayed  flat
1923       banked       148ms replayed  prime
1924       banked       145ms replayed  chain3
1925       banked       147ms replayed  flat
1926       banked       885ms raced     prime
1927       banked      4973ms raced     flat
1928       banked       884ms raced     prime
1929       banked       160ms replayed  prime
1930       banked       892ms raced     prime
1931       banked       153ms replayed  prime
1932       banked       151ms replayed  flat
1933       banked       150ms replayed  prime
1934       banked       898ms raced     prime
1935       banked       153ms replayed  flat
1936       banked       162ms replayed  chain3
1937       banked       151ms replayed  prime
1938       banked       150ms replayed  chain3
1939       banked       149ms replayed  prime
1940       banked       897ms raced     prime
1941       banked       150ms replayed  prime
1942       banked       939ms raced     prime
1943       banked       146ms replayed  prime
1944       banked       154ms replayed  chain3
1945       banked       154ms replayed  prime
1946       banked       754ms raced     prime
1947       banked       146ms replayed  prime
1948       banked       753ms raced     prime
1949       banked       151ms replayed  prime
1950       banked       146ms replayed  chain3
1951       banked       146ms replayed  prime
1952       banked       756ms raced     prime
1953       banked       147ms replayed  flat
1954       banked       750ms raced     prime
1955       banked       147ms replayed  chain3
1956       banked       756ms raced     prime
1957       banked       147ms replayed  prime
1958       banked       752ms raced     prime
1959       banked       148ms replayed  prime
1960       banked       146ms replayed  flat
1961       banked       149ms replayed  prime
1962       banked       753ms raced     prime
1963       banked       147ms replayed  prime
1964       banked       763ms raced     prime
1965       banked       148ms replayed  prime
1966       banked       758ms raced     prime
1967       banked       146ms replayed  prime
1968       banked       150ms replayed  flat
1969       banked       147ms replayed  prime
1970       banked       756ms raced     prime
1971       banked       147ms replayed  prime
1972       banked       165ms replayed  flat
1973       banked       163ms replayed  prime
1974       banked       146ms replayed  chain3
1975       banked       148ms replayed  prime
1976       banked       147ms replayed  chain3
1977       banked       146ms replayed  prime
1978       banked       147ms replayed  flat
1979       banked       147ms replayed  prime
1980       banked       151ms replayed  chain3
1981       banked       146ms replayed  prime
1982       banked       753ms raced     prime
1983       banked       156ms replayed  prime
1984       banked       155ms replayed  2p
1985       banked       148ms replayed  prime
1986       banked       756ms raced     prime
1987       banked       148ms replayed  prime
1988       banked       765ms raced     prime
1989       banked       148ms replayed  chain3
1990       banked       764ms raced     prime
1991       banked       146ms replayed  prime
1992       banked       754ms raced     prime
1993       banked       148ms replayed  prime
1994       banked       751ms raced     prime
1995       banked       158ms replayed  chain3
1996       banked       749ms raced     prime
1997       banked       153ms replayed  prime
1998       banked       147ms replayed  chain3
1999       banked       152ms replayed  prime
2000       banked       147ms replayed  chain3
2001       banked       146ms replayed  chain3
2002       banked       146ms replayed  flat
2003       banked       149ms replayed  prime
2004       banked       759ms raced     prime
2005       banked       152ms replayed  prime
2006       banked       757ms raced     prime
2007       banked       154ms replayed  prime
2008       banked       752ms raced     prime
2009       banked       147ms replayed  chain3
2010       banked       767ms raced     prime
2011       banked       147ms replayed  prime
2012       banked       754ms raced     prime
2013       banked       148ms replayed  prime
2014       banked       747ms raced     prime
2015       banked       155ms replayed  flat
2016       banked       149ms replayed  chain3
2017       banked       149ms replayed  prime
2018       banked       773ms raced     prime
2019       banked       147ms replayed  prime
2020       banked       753ms raced     prime
2021       banked      4698ms raced     flat
2022       banked       773ms raced     prime
2023       banked       147ms replayed  chain3
2024       banked       148ms replayed  chain3
2025       banked       155ms replayed  chain3
2026       banked       744ms raced     prime
2027       banked       148ms replayed  prime
2028       banked       147ms replayed  chain3
2029       banked       149ms replayed  prime
2030       banked       150ms replayed  flat
2031       banked       150ms replayed  prime
2032       banked       768ms raced     prime
2033       banked       147ms replayed  prime
2034       banked       764ms raced     prime
2035       banked       146ms replayed  chain3
2036       banked       756ms raced     prime
2037       banked       152ms replayed  prime
2038       banked       750ms raced     prime
2039       banked       147ms replayed  prime
2040       banked       150ms replayed  chain3
2041       banked       155ms replayed  prime
2042       banked       754ms raced     prime
2043       banked       148ms replayed  prime
2044       banked       761ms raced     prime
2045       banked       147ms replayed  prime
2046       banked       150ms replayed  chain3
2047       banked       148ms replayed  prime
2048       banked       149ms replayed  2p
2049       banked       164ms replayed  prime
2050       banked       149ms replayed  chain3
2051       banked       147ms replayed  prime
2052       banked       147ms replayed  chain3
2053       banked       146ms replayed  prime
2054       banked       148ms replayed  prime
2055       banked       148ms replayed  prime
2056       banked       153ms replayed  prime
2057       banked       153ms replayed  flat
2058       banked       148ms replayed  flat
2059       banked       146ms replayed  prime
2060       banked       150ms replayed  prime
2061       banked       148ms replayed  prime
2062       banked       146ms replayed  prime
2063       banked       148ms replayed  prime
2064       banked       161ms replayed  flat
2065       banked       147ms replayed  prime
2066       banked       146ms replayed  prime
2067       banked       147ms replayed  prime
2068       banked       149ms replayed  chain3
2069       banked       147ms replayed  prime
2070       banked       146ms replayed  chain3
2071       banked       150ms replayed  prime
2072       banked       165ms replayed  chain3
2073       banked       146ms replayed  prime
2074       banked       150ms replayed  prime
2075       banked       146ms replayed  prime
2076       banked       146ms replayed  prime
2077       banked       149ms replayed  prime
2078       banked       147ms replayed  prime
2079       banked       146ms replayed  chain3
2080       banked       169ms replayed  chain3
2081       banked       149ms replayed  prime
2082       banked       151ms replayed  prime
2083       banked       146ms replayed  prime
2084       banked       148ms replayed  prime
2085       banked       146ms replayed  prime
2086       banked       150ms replayed  prime
2087       banked       159ms replayed  prime
2088       banked       147ms replayed  flat
2089       banked       148ms replayed  prime
2090       banked       149ms replayed  chain3
2091       banked       146ms replayed  chain3
2092       banked       153ms replayed  prime
2093       banked       148ms replayed  flat
2094       banked       148ms replayed  prime
2095       banked       153ms replayed  prime
2096       banked       147ms replayed  prime
2097       banked       148ms replayed  prime
2098       banked       146ms replayed  prime
2099       banked       147ms replayed  prime
2100       banked       146ms replayed  chain3
2101       banked       148ms replayed  prime
2102       banked       147ms replayed  prime
2103       banked       155ms replayed  prime
2104       banked       148ms replayed  prime
2105       banked       147ms replayed  prime
2106       banked       151ms replayed  chain3
2107       banked       151ms replayed  chain3
2108       banked       150ms replayed  flat
2109       banked       147ms replayed  flat
2110       banked       148ms replayed  prime
2111       banked       158ms replayed  prime
2112       banked       146ms replayed  chain3
2113       banked       155ms replayed  prime
2114       banked       147ms replayed  prime
2115       banked       148ms replayed  chain3
2116       banked       150ms replayed  flat
2117       banked       151ms replayed  prime
2118       banked       160ms replayed  prime
2119       banked       160ms replayed  prime
2120       banked       161ms replayed  prime
2121       banked       147ms replayed  prime
2122       banked       148ms replayed  prime
2123       banked       151ms replayed  prime
2124       banked       147ms replayed  prime
2125       banked       150ms replayed  chain3
2126       banked       147ms replayed  prime
2127       banked       159ms replayed  prime
2128       banked       146ms replayed  chain3
2129       banked       147ms replayed  prime
2130       banked       148ms replayed  prime
2131       banked       147ms replayed  prime
2132       banked       148ms replayed  chain3
2133       banked       149ms replayed  prime
2134       banked       157ms replayed  prime
2135       banked       147ms replayed  prime
2136       banked       147ms replayed  prime
2137       banked       149ms replayed  prime
2138       banked       146ms replayed  prime
2139       banked       150ms replayed  flat
2140       banked       147ms replayed  prime
2141       banked       147ms replayed  prime
2142       banked       158ms replayed  chain3
2143       banked       162ms replayed  prime
2144       banked       146ms replayed  prime
2145       banked       147ms replayed  chain3
2146       banked       147ms replayed  flat
2147       banked       150ms replayed  prime
2148       banked       146ms replayed  prime
2149       banked       148ms replayed  prime
2150       banked       183ms replayed  chain3
2151       banked       161ms replayed  prime
2152       banked       147ms replayed  prime
2153       banked       148ms replayed  prime
2154       banked       151ms replayed  prime
2155       banked       149ms replayed  prime
2156       banked       146ms replayed  flat
2157       banked       147ms replayed  prime
2158       banked       163ms replayed  prime
2159       banked       150ms replayed  prime
2160       banked       148ms replayed  chain3
2161       banked       149ms replayed  prime
2162       banked       155ms replayed  flat
2163       banked       146ms replayed  prime
2164       banked       148ms replayed  prime
2165       banked       151ms replayed  prime
2166       banked       153ms replayed  chain3
2167       banked       151ms replayed  prime
2168       banked       149ms replayed  prime
2169       banked       146ms replayed  prime
2170       banked       146ms replayed  chain3
2171       banked       149ms replayed  prime
2172       banked       150ms replayed  prime
2173       banked       148ms replayed  prime
2174       banked       171ms replayed  prime
2175       banked       146ms replayed  chain3
2176       banked       148ms replayed  chain3
2177       banked       147ms replayed  prime
2178       banked       147ms replayed  flat
2179       banked       149ms replayed  prime
2180       banked       148ms replayed  prime
2181       banked       150ms replayed  prime
2182       banked       156ms replayed  prime
2183       banked       149ms replayed  prime
2184       banked       146ms replayed  chain3
2185       banked       149ms replayed  chain3
2186       banked       147ms replayed  prime
2187       banked       148ms replayed  chain3
2188       banked       148ms replayed  prime
2189       banked       153ms replayed  prime
2190       banked       163ms replayed  prime
2191       banked       147ms replayed  prime
2192       banked       149ms replayed  prime
2193       banked       149ms replayed  chain3
2194       banked       149ms replayed  prime
2195       banked       149ms replayed  prime
2196       banked       149ms replayed  prime
2197       banked       150ms replayed  flat
2198       banked       161ms replayed  prime
2199       banked       147ms replayed  prime
2200       banked       147ms replayed  flat
2201       banked       151ms replayed  prime
2202       banked       150ms replayed  prime
2203       banked       148ms replayed  prime
2204       banked       150ms replayed  flat
2205       banked       157ms replayed  chain3
2206       banked       147ms replayed  prime
2207       banked       147ms replayed  prime
2208       banked       149ms replayed  chain3
2209       banked       146ms replayed  flat
2210       banked       148ms replayed  chain3
2211       banked       149ms replayed  prime
2212       banked       147ms replayed  prime
2213       banked       158ms replayed  prime
2214       banked       164ms replayed  chain3
2215       banked       147ms replayed  prime
2216       banked       148ms replayed  prime
2217       banked       147ms replayed  prime
2218       banked       153ms replayed  prime
2219       banked       148ms replayed  prime
2220       banked       148ms replayed  chain3
2221       banked       158ms replayed  prime
2222       banked       146ms replayed  prime
2223       banked       146ms replayed  flat
2224       banked       147ms replayed  prime
2225       banked       151ms replayed  prime
2226       banked       147ms replayed  prime
2227       banked       151ms replayed  prime
2228       banked       151ms replayed  prime
2229       banked       154ms replayed  prime
2230       banked       150ms replayed  prime
2231       banked       148ms replayed  prime
2232       banked       146ms replayed  flat
2233       banked       148ms replayed  chain3
2234       banked       147ms replayed  prime
2235       banked       146ms replayed  prime
2236       banked       147ms replayed  chain3
2237       banked       153ms replayed  prime
2238       banked       146ms replayed  prime
2239       banked       147ms replayed  prime
2240       banked       148ms replayed  ztt
2241       banked       152ms replayed  prime
2242       banked       149ms replayed  prime
2243       banked       151ms replayed  prime
2244       banked       158ms replayed  chain3
2245       banked       152ms replayed  prime
2246       banked       149ms replayed  prime
2247       banked       147ms replayed  prime
2248       banked       150ms replayed  prime
2249       banked       153ms replayed  prime
2250       banked       147ms replayed  chain3
2251       banked       149ms replayed  prime
2252       banked       152ms replayed  prime
2253       banked       148ms replayed  prime
2254       banked       147ms replayed  flat
2255       banked       149ms replayed  chain3
2256       banked       147ms replayed  chain3
2257       banked       147ms replayed  prime
2258       banked       147ms replayed  prime
2259       banked       150ms replayed  prime
2260       banked       152ms replayed  prime
2261       banked       147ms replayed  flat
2262       banked       147ms replayed  chain3
2263       banked       149ms replayed  prime
2264       banked       147ms replayed  prime
2265       banked       151ms replayed  prime
2266       banked       147ms replayed  prime
2267       banked       150ms replayed  prime
2268       banked       155ms replayed  chain3
2269       banked       161ms replayed  prime
2270       banked       147ms replayed  prime
2271       banked       147ms replayed  prime
2272       banked       147ms replayed  prime
2273       banked       147ms replayed  prime
2274       banked       150ms replayed  prime
2275       banked       149ms replayed  chain3
2276       banked       155ms replayed  prime
2277       banked       148ms replayed  chain3
2278       banked       148ms replayed  prime
2279       banked       147ms replayed  prime
2280       banked       146ms replayed  chain3
2281       banked       156ms replayed  prime
2282       banked       147ms replayed  prime
2283       banked       150ms replayed  prime
2284       banked       147ms replayed  prime
2285       banked       149ms replayed  prime
2286       banked       147ms replayed  prime
2287       banked       147ms replayed  prime
2288       banked       154ms replayed  chain3
2289       banked       151ms replayed  prime
2290       banked       151ms replayed  prime
2291       banked       147ms replayed  prime
2292       banked       154ms replayed  prime
2293       banked       158ms replayed  prime
2294       banked       147ms replayed  flat
2295       banked       147ms replayed  chain3
2296       banked       148ms replayed  flat
2297       banked       149ms replayed  prime
2298       banked       147ms replayed  prime
2299       banked       149ms replayed  flat
2300       banked       161ms replayed  chain3
2301       banked       148ms replayed  prime
2302       banked       147ms replayed  prime
2303       banked       146ms replayed  chain3
2304       banked       146ms replayed  ztt
2305       banked       148ms replayed  prime
2306       banked       149ms replayed  prime
2307       banked       147ms replayed  prime
2308       banked       149ms replayed  prime
2309       banked       147ms replayed  prime
2310       banked       147ms replayed  chain3
2311       banked       147ms replayed  prime
2312       banked       150ms replayed  chain3
2313       banked       147ms replayed  prime
2314       banked       147ms replayed  prime
2315       banked       148ms replayed  prime
2316       banked       158ms replayed  prime
2317       banked       150ms replayed  prime
2318       banked       146ms replayed  prime
2319       banked       146ms replayed  prime
2320       banked       150ms replayed  flat
2321       banked       147ms replayed  prime
2322       banked       147ms replayed  chain3
2323       banked       154ms replayed  prime
2324       banked       152ms replayed  prime
2325       banked       148ms replayed  chain3
2326       banked       148ms replayed  prime
2327       banked       146ms replayed  prime
2328       banked       150ms replayed  prime
2329       banked       148ms replayed  prime
2330       banked       147ms replayed  prime
2331       banked       156ms replayed  chain3
2332       banked       147ms replayed  prime
2333       banked       147ms replayed  prime
2334       banked       147ms replayed  prime
2335       banked       147ms replayed  prime
2336       banked       147ms replayed  prime
2337       banked       146ms replayed  chain3
2338       banked       147ms replayed  prime
2339       banked       159ms replayed  prime
2340       banked       149ms replayed  chain3
2341       banked       151ms replayed  prime
2342       banked       149ms replayed  prime
2343       banked       147ms replayed  prime
2344       banked       146ms replayed  prime
2345       banked       148ms replayed  prime
2346       banked       146ms replayed  chain3
2347       banked       151ms replayed  prime
2348       banked       147ms replayed  prime
2349       banked       146ms replayed  chain3
2350       banked       148ms replayed  chain3
2351       banked       149ms replayed  prime
2352       banked       149ms replayed  ztt
2353       banked       146ms replayed  prime
2354       banked       150ms replayed  prime
2355       banked       151ms replayed  prime
2356       banked       168ms replayed  chain3
2357       banked       146ms replayed  prime
2358       banked       147ms replayed  prime
2359       banked       151ms replayed  prime
2360       banked       149ms replayed  prime
2361       banked       150ms replayed  prime
2362       banked       148ms replayed  prime
2363       banked       150ms replayed  prime
2364       banked       148ms replayed  prime
2365       banked       146ms replayed  chain3
2366       banked       148ms replayed  flat
2367       banked       147ms replayed  prime
2368       banked       147ms replayed  2p
2369       banked       151ms replayed  prime
2370       banked       152ms replayed  prime
2371       banked       156ms replayed  prime
2372       banked       147ms replayed  prime
2373       banked       148ms replayed  prime
2374       banked       146ms replayed  prime
2375       banked       149ms replayed  flat
2376       banked       149ms replayed  chain3
2377       banked       146ms replayed  prime
2378       banked       147ms replayed  flat
2379       banked       151ms replayed  prime
2380       banked       152ms replayed  flat
2381       banked       150ms replayed  prime
2382       banked       148ms replayed  prime
2383       banked       148ms replayed  prime
2384       banked       147ms replayed  prime
2385       banked       150ms replayed  prime
2386       banked       155ms replayed  prime
2387       banked       162ms replayed  chain3
2388       banked       146ms replayed  prime
2389       banked       148ms replayed  prime
2390       banked       148ms replayed  prime
2391       banked       148ms replayed  prime
2392       banked       149ms replayed  chain3
2393       banked       148ms replayed  prime
2394       banked       147ms replayed  chain3
2395       banked       164ms replayed  prime
2396       banked       150ms replayed  prime
2397       banked       146ms replayed  flat
2398       banked       150ms replayed  prime
2399       banked       148ms replayed  prime
2400       banked       148ms replayed  ztt
2401       banked       147ms replayed  flat
2402       banked       152ms replayed  prime
2403       banked       159ms replayed  prime
2404       banked       148ms replayed  prime
2405       banked       153ms replayed  chain3
2406       banked       151ms replayed  prime
2407       banked       148ms replayed  prime
2408       banked       147ms replayed  chain3
2409       banked       150ms replayed  prime
2410       banked       146ms replayed  prime
2411       banked       160ms replayed  prime
2412       banked       149ms replayed  prime
2413       banked       148ms replayed  prime
2414       banked       147ms replayed  prime
2415       banked       151ms replayed  chain3
2416       banked       147ms replayed  prime
2417       banked       148ms replayed  prime
2418       banked       155ms replayed  flat
2419       banked       148ms replayed  prime
2420       banked       148ms replayed  flat
2421       banked       147ms replayed  prime
2422       banked       147ms replayed  prime
2423       banked       147ms replayed  prime
2424       banked       150ms replayed  prime
2425       banked       148ms replayed  prime
2426       banked       155ms replayed  prime
2427       banked       156ms replayed  prime
2428       banked       146ms replayed  prime
2429       banked       150ms replayed  prime
2430       banked       149ms replayed  chain3
2431       banked       155ms replayed  chain3
2432       banked       148ms replayed  chain3
2433       banked       148ms replayed  prime
2434       banked       153ms replayed  prime
2435       banked       158ms replayed  prime
2436       banked       147ms replayed  flat
2437       banked       147ms replayed  prime
2438       banked       147ms replayed  prime
2439       banked       147ms replayed  prime
2440       banked       147ms replayed  prime
2441       banked       149ms replayed  prime
2442       banked       149ms replayed  chain3
2443       banked       147ms replayed  prime
2444       banked       146ms replayed  flat
2445       banked       148ms replayed  prime
2446       banked       147ms replayed  prime
2447       banked       147ms replayed  prime
2448       banked       147ms replayed  chain3
2449       banked       150ms replayed  prime
2450       banked       164ms replayed  flat
2451       banked       151ms replayed  flat
2452       banked       147ms replayed  prime
2453       banked       150ms replayed  prime
2454       banked       147ms replayed  prime
2455       banked       148ms replayed  prime
2456       banked       151ms replayed  prime
2457       banked       148ms replayed  chain3
2458       banked       157ms replayed  prime
2459       banked       161ms replayed  prime
2460       banked       147ms replayed  flat
2461       banked       148ms replayed  prime
2462       banked       148ms replayed  prime
2463       banked       152ms replayed  prime
2464       banked       150ms replayed  chain3
2465       banked       152ms replayed  flat
2466       banked       157ms replayed  prime
2467       banked       164ms replayed  prime
2468       banked       150ms replayed  prime
2469       banked       151ms replayed  prime
2470       banked       152ms replayed  chain3
2471       banked       150ms replayed  prime
2472       banked       147ms replayed  prime
2473       banked       148ms replayed  prime
2474       banked       149ms replayed  prime
2475       banked       147ms replayed  chain3
2476       banked       151ms replayed  prime
2477       banked       147ms replayed  prime
2478       banked       147ms replayed  prime
2479       banked       146ms replayed  prime
2480       banked       147ms replayed  flat
2481       banked       150ms replayed  prime
2482       banked       154ms replayed  prime
2483       banked       155ms replayed  prime
2484       banked       149ms replayed  chain3
2485       banked       149ms replayed  prime
2486       banked       146ms replayed  prime
2487       banked       148ms replayed  prime
2488       banked       147ms replayed  prime
2489       banked       147ms replayed  prime
2490       banked       156ms replayed  prime
2491       banked       153ms replayed  prime
2492       banked       147ms replayed  prime
2493       banked       146ms replayed  prime
2494       banked       148ms replayed  flat
2495       banked       149ms replayed  prime
2496       banked       146ms replayed  chain3
2497       banked       149ms replayed  prime
2498       banked       154ms replayed  prime
2499       banked       151ms replayed  chain3
2500       banked       147ms replayed  chain3
2501       banked       146ms replayed  prime
2502       banked       146ms replayed  prime
2503       banked       149ms replayed  prime
2504       banked       152ms replayed  prime
2505       banked       154ms replayed  prime
2506       banked       158ms replayed  prime
2507       banked       155ms replayed  prime
2508       banked       150ms replayed  flat
2509       banked       152ms replayed  prime
2510       banked       146ms replayed  prime
2511       banked       147ms replayed  flat
2512       banked       152ms replayed  prime
2513       banked       147ms replayed  prime
2514       banked       166ms replayed  prime
2515       banked       167ms replayed  prime
2516       banked       150ms replayed  chain3
2517       banked       153ms replayed  prime
2518       banked       150ms replayed  prime
2519       banked       151ms replayed  prime
2520       banked       151ms replayed  chain3
2521       banked       151ms replayed  prime
2522       banked       168ms replayed  prime
2523       banked       145ms replayed  flat
2524       banked       149ms replayed  prime
2525       banked       150ms replayed  prime
2526       banked       151ms replayed  prime
2527       banked       147ms replayed  chain3
2528       banked       151ms replayed  prime
2529       banked       156ms replayed  prime
2530       banked       162ms replayed  chain3
2531       banked       146ms replayed  prime
2532       banked       150ms replayed  prime
2533       banked       149ms replayed  prime
2534       banked       151ms replayed  prime
2535       banked       146ms replayed  chain3
2536       banked       148ms replayed  prime
2537       banked       153ms replayed  prime
2538       banked       148ms replayed  chain3
2539       banked       151ms replayed  prime
2540       banked       151ms replayed  prime
2541       banked       146ms replayed  flat
2542       banked       146ms replayed  flat
2543       banked       147ms replayed  prime
2544       banked       150ms replayed  prime
2545       banked       149ms replayed  prime
2546       banked       148ms replayed  prime
2547       banked       152ms replayed  prime
2548       banked       147ms replayed  flat
2549       banked       152ms replayed  prime
2550       banked       147ms replayed  chain3
2551       banked       147ms replayed  prime
2552       banked       150ms replayed  chain3
2553       banked       152ms replayed  flat
2554       banked       147ms replayed  prime
2555       banked       149ms replayed  prime
2556       banked       150ms replayed  prime
2557       banked       146ms replayed  prime
2558       banked       148ms replayed  prime
2559       banked       146ms replayed  prime
2560       banked       152ms replayed  ztt
2561       banked       152ms replayed  prime
2562       banked       153ms replayed  prime
2563       banked       149ms replayed  prime
2564       banked       149ms replayed  prime
2565       banked       148ms replayed  chain3
2566       banked       150ms replayed  prime
2567       banked       148ms replayed  prime
2568       banked       151ms replayed  prime
2569       banked       152ms replayed  prime
2570       banked       148ms replayed  prime
2571       banked       149ms replayed  prime
2572       banked       147ms replayed  prime
2573       banked       151ms replayed  prime
2574       banked       147ms replayed  flat
2575       banked       149ms replayed  prime
2576       banked       154ms replayed  flat
2577       banked       149ms replayed  prime
2578       banked       147ms replayed  prime
2579       banked       147ms replayed  prime
2580       banked       146ms replayed  flat
2581       banked       148ms replayed  prime
2582       banked       148ms replayed  prime
2583       banked       148ms replayed  chain3
2584       banked       155ms replayed  chain3
2585       banked       152ms replayed  chain3
2586       banked       147ms replayed  prime
2587       banked       148ms replayed  prime
2588       banked       148ms replayed  prime
2589       banked       147ms replayed  prime
2590       banked       148ms replayed  flat
2591       banked       160ms replayed  prime
2592       banked       153ms replayed  ztt
2593       banked       161ms replayed  prime
2594       banked       150ms replayed  prime
2595       banked       149ms replayed  prime
2596       banked       148ms replayed  prime
2597       banked       151ms replayed  prime
2598       banked       152ms replayed  prime
2599       banked       150ms replayed  prime
2600       banked       149ms replayed  flat
2601       banked       164ms replayed  chain3
2602       banked       147ms replayed  prime
2603       banked       151ms replayed  prime
2604       banked       152ms replayed  chain3
2605       banked       149ms replayed  prime
2606       banked       150ms replayed  prime
2607       banked       149ms replayed  prime
2608       banked       160ms replayed  prime
2609       banked       147ms replayed  prime
2610       banked       147ms replayed  flat
2611       banked       148ms replayed  prime
2612       banked       149ms replayed  prime
2613       banked       148ms replayed  prime
2614       banked       147ms replayed  prime
2615       banked       149ms replayed  prime
2616       banked       150ms replayed  prime
2617       banked       151ms replayed  prime
2618       banked       146ms replayed  flat
2619       banked       150ms replayed  prime
2620       banked       147ms replayed  prime
2621       banked       150ms replayed  prime
2622       banked       150ms replayed  flat
2623       banked       161ms replayed  prime
2624       banked       155ms replayed  2p
2625       banked       155ms replayed  flat
2626       banked       147ms replayed  prime
2627       banked       152ms replayed  prime
2628       banked       148ms replayed  prime
2629       banked       157ms replayed  prime
2630       banked       149ms replayed  prime
2631       banked       147ms replayed  prime
2632       banked       153ms replayed  flat
2633       banked       150ms replayed  prime
2634       banked       150ms replayed  prime
2635       banked       146ms replayed  flat
2636       banked       147ms replayed  prime
2637       banked       148ms replayed  prime
2638       banked       149ms replayed  prime
2639       banked       152ms replayed  chain3
2640       banked       170ms replayed  chain3
2641       banked       148ms replayed  prime
2642       banked       154ms replayed  prime
2643       banked       149ms replayed  prime
2644       banked       150ms replayed  prime
2645       banked       149ms replayed  flat
2646       banked       150ms replayed  chain3
2647       banked       149ms replayed  prime
2648       banked       157ms replayed  prime
2649       banked       148ms replayed  prime
2650       banked       149ms replayed  prime
2651       banked       146ms replayed  prime
2652       banked       151ms replayed  chain3
2653       banked       148ms replayed  prime
2654       banked       147ms replayed  prime
2655       banked       154ms replayed  prime
2656       banked       147ms replayed  prime
2657       banked       147ms replayed  prime
2658       banked       150ms replayed  prime
2659       banked       148ms replayed  prime
2660       banked       147ms replayed  flat
2661       banked       148ms replayed  prime
2662       banked       148ms replayed  flat
2663       banked       151ms replayed  prime
2664       banked       171ms replayed  flat
2665       banked       147ms replayed  chain3
2666       banked       149ms replayed  flat
2667       banked       147ms replayed  prime
2668       banked       146ms replayed  chain3
2669       banked       152ms replayed  prime
2670       banked       146ms replayed  prime
2671       banked       173ms replayed  prime
2672       banked       148ms replayed  prime
2673       banked       147ms replayed  chain3
2674       banked       153ms replayed  prime
2675       banked       150ms replayed  prime
2676       banked       150ms replayed  prime
2677       banked       147ms replayed  prime
2678       banked       147ms replayed  prime
2679       banked       162ms replayed  chain3
2680       banked       147ms replayed  prime
2681       banked       151ms replayed  prime
2682       banked       147ms replayed  prime
2683       banked       149ms replayed  prime
2684       banked       149ms replayed  prime
2685       banked       148ms replayed  prime
2686       banked       153ms replayed  prime
2687       banked       147ms replayed  prime
2688       banked       147ms replayed  ztt
2689       banked       148ms replayed  prime
2690       banked       147ms replayed  prime
2691       banked       153ms replayed  chain3
2692       banked       151ms replayed  prime
2693       banked       150ms replayed  prime
2694       banked       152ms replayed  prime
2695       banked       171ms replayed  flat
2696       banked       146ms replayed  prime
2697       banked       146ms replayed  flat
2698       banked       149ms replayed  prime
2699       banked       147ms replayed  prime
2700       banked       151ms replayed  flat
2701       banked       151ms replayed  prime
2702       banked       153ms replayed  prime
2703       banked       154ms replayed  prime
2704       banked       149ms replayed  chain3
2705       banked       151ms replayed  prime
2706       banked       147ms replayed  flat
2707       banked       148ms replayed  prime
2708       banked       148ms replayed  prime
2709       banked       151ms replayed  chain3
2710       banked       147ms replayed  prime
2711       banked       159ms replayed  prime
2712       banked       148ms replayed  prime
2713       banked       148ms replayed  prime
2714       banked       147ms replayed  prime
2715       banked       151ms replayed  prime
2716       banked       157ms replayed  prime
2717       banked       159ms replayed  flat
2718       banked       148ms replayed  prime
2719       banked       150ms replayed  prime
2720       banked       147ms replayed  chain3
2721       banked       151ms replayed  prime
2722       banked       149ms replayed  prime
2723       banked       147ms replayed  prime
2724       banked       147ms replayed  prime
2725       banked       152ms replayed  prime
2726       banked       151ms replayed  flat
2727       banked       150ms replayed  prime
2728       banked       149ms replayed  flat
2729       banked       150ms replayed  prime
2730       banked       147ms replayed  flat
2731       banked       150ms replayed  prime
2732       banked       147ms replayed  prime
2733       banked       147ms replayed  prime
2734       banked       163ms replayed  prime
2735       banked       148ms replayed  prime
2736       banked       153ms replayed  chain3
2737       banked       148ms replayed  flat
2738       banked       148ms replayed  flat
2739       banked       151ms replayed  prime
2740       banked       152ms replayed  prime
2741       banked       147ms replayed  prime
2742       banked       151ms replayed  prime
2743       banked       146ms replayed  prime
2744       banked       148ms replayed  flat
2745       banked       149ms replayed  prime
2746       banked       147ms replayed  prime
2747       banked       148ms replayed  prime
2748       banked       147ms replayed  prime
2749       banked       151ms replayed  prime
2750       banked       174ms replayed  chain3
2751       banked       148ms replayed  prime
2752       banked       147ms replayed  2p
2753       banked       148ms replayed  prime
2754       banked       147ms replayed  chain3
2755       banked       149ms replayed  chain3
2756       banked       148ms replayed  prime
2757       banked       147ms replayed  prime
2758       banked       151ms replayed  prime
2759       banked       147ms replayed  prime
2760       banked       148ms replayed  chain3
2761       banked       153ms replayed  prime
2762       banked       147ms replayed  prime
2763       banked       149ms replayed  prime
2764       banked       150ms replayed  prime
2765       banked       154ms replayed  prime
2766       banked       166ms replayed  prime
2767       banked       147ms replayed  prime
2768       banked       150ms replayed  prime
2769       banked       146ms replayed  prime
2770       banked       149ms replayed  prime
2771       banked       148ms replayed  prime
2772       banked       155ms replayed  chain3
2773       banked       146ms replayed  prime
2774       banked       180ms replayed  prime
2775       banked       147ms replayed  chain3
2776       banked       148ms replayed  prime
2777       banked       147ms replayed  prime
2778       banked       148ms replayed  prime
2779       banked       146ms replayed  prime
2780       banked       149ms replayed  prime
2781       banked       156ms replayed  prime
2782       banked       147ms replayed  prime
2783       banked       148ms replayed  flat
2784       banked       149ms replayed  flat
2785       banked       149ms replayed  prime
2786       banked       147ms replayed  prime
2787       banked       151ms replayed  prime
2788       banked       148ms replayed  chain3
2789       banked       151ms replayed  prime
2790       banked       148ms replayed  chain3
2791       banked       153ms replayed  prime
2792       banked       148ms replayed  prime
2793       banked       146ms replayed  chain3
2794       banked       148ms replayed  prime
2795       banked       146ms replayed  chain3
2796       banked       158ms replayed  prime
2797       banked       162ms replayed  prime
2798       banked       172ms replayed  prime
2799       banked       146ms replayed  prime
2800       banked       151ms replayed  ztt
2801       banked       151ms replayed  prime
2802       banked       149ms replayed  prime
2803       banked       147ms replayed  prime
2804       banked       148ms replayed  prime
2805       banked       158ms replayed  chain3
2806       banked       151ms replayed  prime
2807       banked       151ms replayed  prime
2808       banked       149ms replayed  flat
2809       banked       147ms replayed  prime
2810       banked       147ms replayed  prime
2811       banked       150ms replayed  prime
2812       banked       155ms replayed  chain3
2813       banked       147ms replayed  prime
2814       banked       148ms replayed  prime
2815       banked       148ms replayed  prime
2816       banked       150ms replayed  chain3
2817       banked       148ms replayed  prime
2818       banked       146ms replayed  prime
2819       banked       148ms replayed  prime
2820       banked       153ms replayed  chain3
2821       banked       147ms replayed  chain3
2822       banked       148ms replayed  prime
2823       banked       156ms replayed  prime
2824       banked       145ms replayed  prime
2825       banked       148ms replayed  prime
2826       banked       147ms replayed  prime
2827       banked       152ms replayed  prime
2828       banked       167ms replayed  prime
2829       banked       148ms replayed  flat
2830       banked       147ms replayed  prime
2831       banked       149ms replayed  prime
2832       banked       147ms replayed  prime
2833       banked       148ms replayed  prime
2834       banked       146ms replayed  prime
2835       banked       151ms replayed  chain3
2836       banked       147ms replayed  prime
2837       banked       147ms replayed  prime
2838       banked       149ms replayed  chain3
2839       banked       147ms replayed  prime
2840       banked       148ms replayed  prime
2841       banked       151ms replayed  prime
2842       banked       148ms replayed  flat
2843       banked       151ms replayed  prime
2844       banked       148ms replayed  prime
2845       banked       150ms replayed  prime
2846       banked       149ms replayed  prime
2847       banked       148ms replayed  prime
2848       banked       152ms replayed  prime
2849       banked       150ms replayed  flat
2850       banked       148ms replayed  flat
2851       banked       152ms replayed  prime
2852       banked       150ms replayed  chain3
2853       banked       148ms replayed  prime
2854       banked       147ms replayed  prime
2855       banked       150ms replayed  prime
2856       banked       147ms replayed  chain3
2857       banked       147ms replayed  prime
2858       banked       159ms replayed  prime
2859       banked       155ms replayed  prime
2860       banked       175ms replayed  flat
2861       banked       147ms replayed  prime
2862       banked       146ms replayed  prime
2863       banked       148ms replayed  prime
2864       banked       149ms replayed  prime
2865       banked       149ms replayed  prime
2866       banked       152ms replayed  prime
2867       banked       159ms replayed  prime
2868       banked       149ms replayed  prime
2869       banked       149ms replayed  prime
2870       banked       146ms replayed  flat
2871       banked       146ms replayed  flat
2872       banked       148ms replayed  prime
2873       banked       153ms replayed  chain3
2874       banked       151ms replayed  prime
2875       banked       147ms replayed  chain3
2876       banked       147ms replayed  prime
2877       banked       152ms replayed  prime
2878       banked       146ms replayed  prime
2879       banked       148ms replayed  prime
2880       banked       149ms replayed  ztt
2881       banked       148ms replayed  prime
2882       banked       149ms replayed  prime
2883       banked       158ms replayed  flat
2884       banked       148ms replayed  prime
2885       banked       147ms replayed  prime
2886       banked       147ms replayed  chain3
2887       banked       152ms replayed  prime
2888       banked       147ms replayed  flat
2889       banked       147ms replayed  prime
2890       banked       155ms replayed  chain3
2891       banked       151ms replayed  prime
2892       banked       154ms replayed  prime
2893       banked       149ms replayed  prime
2894       banked       148ms replayed  prime
2895       banked       147ms replayed  prime
2896       banked       149ms replayed  prime
2897       banked       151ms replayed  prime
2898       banked       150ms replayed  flat
2899       banked       148ms replayed  prime
2900       banked       146ms replayed  flat
2901       banked       147ms replayed  prime
2902       banked       151ms replayed  prime
2903       banked       147ms replayed  prime
2904       banked       147ms replayed  flat
2905       banked       147ms replayed  prime
2906       banked       152ms replayed  prime
2907       banked       147ms replayed  flat
2908       banked       153ms replayed  prime
2909       banked       148ms replayed  prime
2910       banked       150ms replayed  prime
2911       banked       148ms replayed  prime
2912       banked       149ms replayed  chain3
2913       banked       148ms replayed  prime
2914       banked       155ms replayed  flat
2915       banked       152ms replayed  prime
2916       banked       150ms replayed  chain3
2917       banked       147ms replayed  prime
2918       banked       149ms replayed  prime
2919       banked       147ms replayed  prime
2920       banked       146ms replayed  prime
2921       banked       146ms replayed  prime
2922       banked       150ms replayed  prime
2923       banked       150ms replayed  prime
2924       banked       148ms replayed  chain3
2925       banked       148ms replayed  chain3
2926       banked       151ms replayed  flat
2927       banked       151ms replayed  prime
2928       banked       149ms replayed  prime
2929       banked       148ms replayed  prime
2930       banked       147ms replayed  prime
2931       banked       148ms replayed  prime
2932       banked       147ms replayed  prime
2933       banked       147ms replayed  prime
2934       banked       147ms replayed  prime
2935       banked       147ms replayed  prime
2936       banked       148ms replayed  prime
2937       banked       150ms replayed  prime
2938       banked       155ms replayed  prime
2939       banked       147ms replayed  prime
2940       banked       150ms replayed  flat
2941       banked       147ms replayed  prime
2942       banked       150ms replayed  prime
2943       banked       147ms replayed  prime
2944       banked       147ms replayed  chain3
2945       banked       149ms replayed  chain3
2946       banked       153ms replayed  prime
2947       banked       149ms replayed  prime
2948       banked       146ms replayed  prime
2949       banked       150ms replayed  prime
2950       banked       150ms replayed  prime
2951       banked       147ms replayed  prime
2952       banked       149ms replayed  chain3
2953       banked       158ms replayed  prime
2954       banked       156ms replayed  prime
2955       banked       159ms replayed  prime
2956       banked       147ms replayed  prime
2957       banked       148ms replayed  prime
2958       banked       150ms replayed  flat
2959       banked       147ms replayed  prime
2960       banked       148ms replayed  flat
2961       banked       150ms replayed  flat
2962       banked       150ms replayed  prime
2963       banked       149ms replayed  prime
2964       banked       147ms replayed  chain3
2965       banked       150ms replayed  prime
2966       banked       151ms replayed  prime
2967       banked       147ms replayed  chain3
2968       banked       150ms replayed  prime
2969       banked       152ms replayed  prime
2970       banked       160ms replayed  chain3
2971       banked       171ms replayed  prime
2972       banked       149ms replayed  prime
2973       banked       148ms replayed  prime
2974       banked       150ms replayed  prime
2975       banked       146ms replayed  flat
2976       banked       149ms replayed  chain3
2977       banked       148ms replayed  prime
2978       banked       152ms replayed  prime
2979       banked       150ms replayed  prime
2980       banked       148ms replayed  prime
2981       banked       149ms replayed  prime
2982       banked       148ms replayed  prime
2983       banked       147ms replayed  prime
2984       banked       148ms replayed  prime
2985       banked       152ms replayed  prime
2986       banked       160ms replayed  prime
2987       banked       147ms replayed  prime
2988       banked       147ms replayed  prime
2989       banked       147ms replayed  prime
2990       banked       148ms replayed  flat
2991       banked       149ms replayed  prime
2992       banked       149ms replayed  chain3
2993       banked       149ms replayed  prime
2994       banked       168ms replayed  prime
2995       banked       150ms replayed  prime
2996       banked       149ms replayed  prime
2997       banked       147ms replayed  chain3
2998       banked       147ms replayed  prime
2999       banked       146ms replayed  prime
3000       banked       147ms replayed  chain3
3001       banked       152ms replayed  prime
3002       banked       154ms replayed  prime
3003       banked       147ms replayed  chain3
3004       banked       149ms replayed  prime
3005       banked       147ms replayed  prime
3006       banked       151ms replayed  prime
3007       banked       148ms replayed  prime
3008       banked       151ms replayed  2p
3009       banked       153ms replayed  prime
3010       banked       169ms replayed  chain3
3011       banked       147ms replayed  prime
3012       banked       147ms replayed  prime
3013       banked       149ms replayed  prime
3014       banked       150ms replayed  prime
3015       banked       148ms replayed  prime
3016       banked       150ms replayed  flat
3017       banked       152ms replayed  prime
3018       banked       147ms replayed  prime
3019       banked       147ms replayed  prime
3020       banked       150ms replayed  prime
3021       banked       151ms replayed  prime
3022       banked       151ms replayed  prime
3023       banked       146ms replayed  prime
3024       banked       147ms replayed  ztt
3025       banked       149ms replayed  flat
3026       banked       148ms replayed  prime
3027       banked       149ms replayed  prime
3028       banked       147ms replayed  prime
3029       banked       149ms replayed  prime
3030       banked       148ms replayed  prime
3031       banked       151ms replayed  prime
3032       banked       147ms replayed  prime
3033       banked       156ms replayed  prime
3034       banked       147ms replayed  flat
3035       banked       150ms replayed  prime
3036       banked       150ms replayed  flat
3037       banked       148ms replayed  prime
3038       banked       147ms replayed  flat
3039       banked       147ms replayed  prime
3040       banked       147ms replayed  chain3
3041       banked       150ms replayed  prime
3042       banked       154ms replayed  flat
3043       banked       147ms replayed  prime
3044       banked       148ms replayed  prime
3045       banked       148ms replayed  flat
3046       banked       148ms replayed  prime
3047       banked       148ms replayed  prime
3048       banked       148ms replayed  prime
3049       banked       150ms replayed  prime
3050       banked       167ms replayed  prime
3051       banked       147ms replayed  prime
3052       banked       148ms replayed  prime
3053       banked       148ms replayed  prime
3054       banked       150ms replayed  prime
3055       banked       149ms replayed  chain3
3056       banked       147ms replayed  prime
3057       banked       160ms replayed  prime
3058       banked       147ms replayed  prime
3059       banked       147ms replayed  flat
3060       banked       148ms replayed  chain3
3061       banked       147ms replayed  prime
3062       banked       148ms replayed  prime
3063       banked       148ms replayed  prime
3064       banked       151ms replayed  prime
3065       banked       160ms replayed  prime
3066       banked       146ms replayed  prime
3067       banked       147ms replayed  prime
3068       banked       150ms replayed  prime
3069       banked       151ms replayed  chain3
3070       banked       148ms replayed  prime
3071       banked       148ms replayed  prime
3072       banked       151ms replayed  ztt
3073       banked       152ms replayed  prime
3074       banked       148ms replayed  prime
3075       banked       146ms replayed  chain3
3076       banked       147ms replayed  prime
3077       banked       151ms replayed  prime
3078       banked       147ms replayed  chain3
3079       banked       149ms replayed  prime
3080       banked       160ms replayed  flat
3081       banked       149ms replayed  prime
3082       banked       147ms replayed  prime
3083       banked       148ms replayed  prime
3084       banked       150ms replayed  prime
3085       banked       147ms replayed  prime
3086       banked       149ms replayed  prime
3087       banked       146ms replayed  chain3
3088       banked       157ms replayed  prime
3089       banked       154ms replayed  prime
3090       banked       149ms replayed  prime
3091       banked       151ms replayed  prime
3092       banked       152ms replayed  prime
3093       banked       149ms replayed  prime
3094       banked       146ms replayed  flat
3095       banked       148ms replayed  prime
3096       banked       154ms replayed  chain3
3097       banked       148ms replayed  prime
3098       banked       147ms replayed  prime
3099       banked       147ms replayed  prime
3100       banked       146ms replayed  flat
3101       banked       149ms replayed  prime
3102       banked       146ms replayed  flat
3103       banked       149ms replayed  prime
3104       banked       152ms replayed  prime
3105       banked       151ms replayed  chain3
3106       banked       148ms replayed  prime
3107       banked       150ms replayed  prime
3108       banked       147ms replayed  chain3
3109       banked       150ms replayed  prime
3110       banked       146ms replayed  prime
3111       banked       149ms replayed  prime
3112       banked       164ms replayed  prime
3113       banked       154ms replayed  prime
3114       banked       148ms replayed  prime
3115       banked       148ms replayed  prime
3116       banked       149ms replayed  chain3
3117       banked       148ms replayed  prime
3118       banked       148ms replayed  prime
3119       banked       149ms replayed  prime
3120       banked       152ms replayed  chain3
3121       banked       147ms replayed  prime
3122       banked       146ms replayed  prime
3123       banked       150ms replayed  prime
3124       banked       148ms replayed  prime
3125       banked       150ms replayed  flat
3126       banked       149ms replayed  prime
3127       banked       159ms replayed  prime
3128       banked       163ms replayed  chain3
3129       banked       149ms replayed  prime
3130       banked       149ms replayed  prime
3131       banked       148ms replayed  prime
3132       banked       147ms replayed  chain3
3133       banked       147ms replayed  prime
3134       banked       148ms replayed  prime
3135       banked       150ms replayed  chain3
3136       banked       152ms replayed  ztt
3137       banked       149ms replayed  prime
3138       banked       149ms replayed  prime
3139       banked       147ms replayed  prime
3140       banked       148ms replayed  prime
3141       banked       147ms replayed  prime
3142       banked       147ms replayed  prime
3143       banked       156ms replayed  prime
3144       banked       151ms replayed  prime
3145       banked       149ms replayed  chain3
3146       banked       147ms replayed  flat
3147       banked       147ms replayed  prime
3148       banked       148ms replayed  prime
3149       banked       148ms replayed  prime
3150       banked       148ms replayed  chain3
3151       banked       149ms replayed  prime
3152       banked       149ms replayed  prime
3153       banked       146ms replayed  prime
3154       banked       146ms replayed  prime
3155       banked       150ms replayed  prime
3156       banked       146ms replayed  prime
3157       banked       147ms replayed  chain3
3158       banked       148ms replayed  prime
3159       banked       161ms replayed  chain3
3160       banked       173ms replayed  prime
3161       banked       149ms replayed  prime
3162       banked       148ms replayed  flat
3163       banked       148ms replayed  prime
3164       banked       147ms replayed  prime
3165       banked       150ms replayed  prime
3166       banked       148ms replayed  prime
3167       banked       151ms replayed  prime
3168       banked       148ms replayed  chain3
3169       banked       150ms replayed  prime
3170       banked       151ms replayed  prime
3171       banked       150ms replayed  prime
3172       banked       148ms replayed  prime
3173       banked       147ms replayed  prime
3174       banked       150ms replayed  chain3
3175       banked       164ms replayed  prime
3176       banked       151ms replayed  prime
3177       banked       150ms replayed  prime
3178       banked       146ms replayed  prime
3179       banked       148ms replayed  flat
3180       banked       146ms replayed  prime
3181       banked       150ms replayed  prime
3182       banked       149ms replayed  flat
3183       banked       152ms replayed  prime
3184       banked       146ms replayed  prime
3185       banked       148ms replayed  flat
3186       banked       150ms replayed  prime
3187       banked       148ms replayed  prime
3188       banked       148ms replayed  prime
3189       banked       147ms replayed  prime
3190       banked       153ms replayed  chain3
3191       banked       164ms replayed  prime
3192       banked       146ms replayed  chain3
3193       banked       149ms replayed  prime
3194       banked       146ms replayed  prime
3195       banked       153ms replayed  prime
3196       banked       146ms replayed  flat
3197       banked       150ms replayed  prime
3198       banked       147ms replayed  chain3
3199       banked       149ms replayed  prime
3200       banked       149ms replayed  ztt
3201       banked       146ms replayed  prime
3202       banked       148ms replayed  prime
3203       banked       148ms replayed  prime
3204       banked       147ms replayed  prime
3205       banked       147ms replayed  prime
3206       banked       154ms replayed  prime
3207       banked       153ms replayed  prime
3208       banked       147ms replayed  prime
3209       banked       148ms replayed  prime
3210       banked       149ms replayed  prime
3211       banked       149ms replayed  flat
3212       banked       150ms replayed  prime
3213       banked       147ms replayed  chain3
3214       banked       153ms replayed  prime
3215       banked       150ms replayed  prime
3216       banked       148ms replayed  prime
3217       banked       148ms replayed  prime
3218       banked       147ms replayed  prime
3219       banked       150ms replayed  flat
3220       banked       147ms replayed  flat
3221       banked       149ms replayed  prime
3222       banked       154ms replayed  prime
3223       banked       147ms replayed  prime
3224       banked       148ms replayed  chain3
3225       banked       148ms replayed  chain3
3226       banked       150ms replayed  prime
3227       banked       147ms replayed  prime
3228       banked       148ms replayed  prime
3229       banked       146ms replayed  prime
3230       banked       154ms replayed  chain3
3231       banked       167ms replayed  prime
3232       banked       149ms replayed  prime
3233       banked       147ms replayed  prime
3234       banked       149ms replayed  flat
3235       banked       146ms replayed  prime
3236       banked       150ms replayed  prime
3237       banked       147ms replayed  prime
3238       banked       153ms replayed  prime
3239       banked       147ms replayed  prime
3240       banked       146ms replayed  chain3
3241       banked       147ms replayed  prime
3242       banked       147ms replayed  prime
3243       banked       148ms replayed  chain3
3244       banked       146ms replayed  prime
3245       banked       149ms replayed  prime
3246       banked       151ms replayed  prime
3247       banked       160ms replayed  prime
3248       banked       148ms replayed  chain3
3249       banked       147ms replayed  flat
3250       banked       146ms replayed  chain3
3251       banked       147ms replayed  prime
3252       banked       150ms replayed  prime
3253       banked       149ms replayed  prime
3254       banked       166ms replayed  prime
3255       banked       158ms replayed  flat
3256       banked       147ms replayed  flat
3257       banked       148ms replayed  prime
3258       banked       147ms replayed  prime
3259       banked       148ms replayed  prime
3260       banked       149ms replayed  prime
3261       banked       158ms replayed  prime
3262       banked       177ms replayed  prime
3263       banked       149ms replayed  prime
3264       banked       148ms replayed  chain3
3265       banked       146ms replayed  prime
3266       banked       149ms replayed  prime
3267       banked       150ms replayed  flat
3268       banked       149ms replayed  flat
3269       banked       153ms replayed  prime
3270       banked       149ms replayed  prime
3271       banked       150ms replayed  prime
3272       banked       150ms replayed  prime
3273       banked       148ms replayed  prime
3274       banked       148ms replayed  prime
3275       banked       147ms replayed  prime
3276       banked       148ms replayed  chain3
3277       banked       151ms replayed  prime
3278       banked       146ms replayed  prime
3279       banked       147ms replayed  prime
3280       banked       147ms replayed  flat
3281       banked       161ms replayed  prime
3282       banked       147ms replayed  prime
3283       banked       148ms replayed  prime
3284       banked       150ms replayed  prime
3285       banked       156ms replayed  prime
3286       banked       147ms replayed  prime
3287       banked       147ms replayed  prime
3288       banked       147ms replayed  prime
3289       banked       148ms replayed  chain3
3290       banked       146ms replayed  flat
3291       banked       149ms replayed  prime
3292       banked       149ms replayed  prime
3293       banked       147ms replayed  prime
3294       banked       147ms replayed  prime
3295       banked       146ms replayed  prime
3296       banked       148ms replayed  prime
3297       banked       148ms replayed  prime
3298       banked       150ms replayed  prime
3299       banked       147ms replayed  prime
3300       banked       158ms replayed  chain3
3301       banked       147ms replayed  prime
3302       banked       148ms replayed  prime
3303       banked       149ms replayed  prime
3304       banked       157ms replayed  prime
3305       banked       148ms replayed  prime
3306       banked       146ms replayed  chain3
3307       banked       148ms replayed  prime
3308       banked       155ms replayed  prime
3309       banked       147ms replayed  prime
3310       banked       147ms replayed  prime
3311       banked       147ms replayed  chain3
3312       banked       146ms replayed  chain3
3313       banked       150ms replayed  prime
3314       banked       148ms replayed  prime
3315       banked       153ms replayed  flat
3316       banked       158ms replayed  prime
3317       banked       148ms replayed  prime
3318       banked       146ms replayed  prime
3319       banked       148ms replayed  prime
3320       banked       148ms replayed  prime
3321       banked       146ms replayed  chain3
3322       banked       146ms replayed  prime
3323       banked       149ms replayed  prime
3324       banked       150ms replayed  prime
3325       banked       147ms replayed  chain3
3326       banked       147ms replayed  prime
3327       banked       151ms replayed  prime
3328       banked       148ms replayed  chain3
3329       banked       147ms replayed  prime
3330       banked       152ms replayed  chain3
3331       banked       153ms replayed  prime
3332       banked       156ms replayed  flat
3333       banked       146ms replayed  prime
3334       banked       147ms replayed  prime
3335       banked       147ms replayed  chain3
3336       banked       148ms replayed  prime
3337       banked       147ms replayed  prime
3338       banked       148ms replayed  prime
3339       banked       153ms replayed  prime
3340       banked       164ms replayed  prime
3341       banked       147ms replayed  prime
3342       banked       148ms replayed  prime
3343       banked       148ms replayed  prime
3344       banked       152ms replayed  chain3
3345       banked       151ms replayed  prime
3346       banked       151ms replayed  prime
3347       banked       150ms replayed  prime
3348       banked       163ms replayed  flat
3349       banked       151ms replayed  prime
3350       banked       148ms replayed  prime
3351       banked       149ms replayed  prime
3352       banked       147ms replayed  prime
3353       banked       150ms replayed  prime
3354       banked       150ms replayed  chain3
3355       banked       152ms replayed  prime
3356       banked       147ms replayed  prime
3357       banked       147ms replayed  prime
3358       banked       150ms replayed  prime
3359       banked       147ms replayed  prime
3360       banked       147ms replayed  chain3
3361       banked       148ms replayed  prime
3362       banked      1658ms raced     flat
3363       banked       146ms replayed  prime
3364       banked       150ms replayed  chain3
3365       banked       150ms replayed  prime
3366       banked       148ms replayed  flat
3367       banked       146ms replayed  chain3
3368       banked       147ms replayed  prime
3369       banked       173ms replayed  prime
3370       banked       150ms replayed  prime
3371       banked       147ms replayed  prime
3372       banked       148ms replayed  prime
3373       banked       150ms replayed  prime
3374       banked       146ms replayed  prime
3375       banked       150ms replayed  chain3
3376       banked       148ms replayed  prime
3377       banked       152ms replayed  prime
3378       banked       149ms replayed  prime
3379       banked       152ms replayed  prime
3380       banked       150ms replayed  flat
3381       banked       148ms replayed  flat
3382       banked       148ms replayed  prime
3383       banked       149ms replayed  prime
3384       banked       149ms replayed  flat
3385       banked       154ms replayed  prime
3386       banked       148ms replayed  prime
3387       banked       147ms replayed  prime
3388       banked       149ms replayed  flat
3389       banked       146ms replayed  prime
3390       banked       150ms replayed  prime
3391       banked       146ms replayed  prime
3392       banked       148ms replayed  prime
3393       banked       150ms replayed  flat
3394       banked       147ms replayed  prime
3395       banked       147ms replayed  prime
3396       banked       147ms replayed  prime
3397       banked       147ms replayed  prime
3398       banked       151ms replayed  prime
3399       banked       149ms replayed  prime
3400       banked       147ms replayed  chain3
3401       banked       159ms replayed  prime
3402       banked       149ms replayed  chain3
3403       banked       146ms replayed  prime
3404       banked       147ms replayed  flat
3405       banked       147ms replayed  prime
3406       banked       147ms replayed  prime
3407       banked       150ms replayed  prime
3408       banked       148ms replayed  prime
3409       banked       148ms replayed  prime
3410       banked       147ms replayed  flat
3411       banked       148ms replayed  prime
3412       banked       148ms replayed  prime
3413       banked       146ms replayed  prime
3414       banked       149ms replayed  prime
3415       banked       151ms replayed  prime
3416       banked       148ms replayed  prime
3417       banked       156ms replayed  prime
3418       banked       156ms replayed  prime
3419       banked       146ms replayed  prime
3420       banked       146ms replayed  flat
3421       banked       149ms replayed  prime
3422       banked       146ms replayed  prime
3423       banked       148ms replayed  prime
3424       banked       148ms replayed  prime
3425       banked       158ms replayed  prime
3426       banked       147ms replayed  prime
3427       banked       146ms replayed  prime
3428       banked       146ms replayed  prime
3429       banked       147ms replayed  prime
3430       banked       148ms replayed  flat
3431       banked       148ms replayed  prime
3432       banked       154ms replayed  flat
3433       banked       155ms replayed  prime
3434       banked       147ms replayed  prime
3435       banked       146ms replayed  prime
3436       banked       147ms replayed  prime
3437       banked       147ms replayed  prime
3438       banked       146ms replayed  prime
3439       banked       146ms replayed  prime
3440       banked       152ms replayed  chain3
3441       banked       150ms replayed  flat
3442       banked       147ms replayed  prime
3443       banked       149ms replayed  prime
3444       banked       148ms replayed  flat
3445       banked       151ms replayed  prime
3446       banked       148ms replayed  prime
3447       banked       154ms replayed  prime
3448       banked       158ms replayed  prime
3449       banked       153ms replayed  prime
3450       banked       148ms replayed  chain3
3451       banked       148ms replayed  chain3
3452       banked       149ms replayed  prime
3453       banked       147ms replayed  prime
3454       banked       147ms replayed  prime
3455       banked       147ms replayed  prime
3456       banked       148ms replayed  ztt
3457       banked       149ms replayed  prime
3458       banked       156ms replayed  flat
3459       banked       146ms replayed  prime
3460       banked       148ms replayed  prime
3461       banked       147ms replayed  prime
3462       banked       148ms replayed  prime
3463       banked       148ms replayed  prime
3464       banked       163ms replayed  prime
3465       banked       159ms replayed  chain3
3466       banked       147ms replayed  prime
3467       banked       148ms replayed  prime
3468       banked       147ms replayed  flat
3469       banked       147ms replayed  prime
3470       banked       149ms replayed  prime
3471       banked       149ms replayed  prime
3472       banked       151ms replayed  flat
3473       banked       149ms replayed  prime
3474       banked       146ms replayed  prime
3475       banked       147ms replayed  prime
3476       banked       151ms replayed  prime
3477       banked       146ms replayed  prime
3478       banked      3632ms raced     flat
3479       banked       148ms replayed  prime
3480       banked       147ms replayed  flat
3481       banked       147ms replayed  prime
3482       banked       160ms replayed  prime
3483       banked       147ms replayed  chain3
3484       banked       147ms replayed  prime
3485       banked       150ms replayed  chain3
3486       banked       147ms replayed  prime
3487       banked       150ms replayed  prime
3488       banked       149ms replayed  prime
3489       banked       153ms replayed  prime
3490       banked       147ms replayed  prime
3491       banked       147ms replayed  prime
3492       banked       148ms replayed  prime
3493       banked       147ms replayed  prime
3494       banked       147ms replayed  prime
3495       banked       147ms replayed  prime
3496       banked       150ms replayed  chain3
3497       banked       151ms replayed  prime
3498       banked       162ms replayed  prime
3499       banked       150ms replayed  prime
3500       banked       147ms replayed  flat
3501       banked       148ms replayed  prime
3502       banked       147ms replayed  prime
3503       banked       147ms replayed  prime
3504       banked       150ms replayed  prime
3505       banked       160ms replayed  prime
3506       banked       149ms replayed  prime
3507       banked       148ms replayed  prime
3508       banked       146ms replayed  prime
3509       banked       147ms replayed  chain3
3510       banked       149ms replayed  chain3
3511       banked       150ms replayed  prime
3512       banked       149ms replayed  prime
3513       banked       153ms replayed  prime
3514       banked       156ms replayed  prime
3515       banked       147ms replayed  chain3
3516       banked       153ms replayed  prime
3517       banked       150ms replayed  prime
3518       banked       147ms replayed  prime
3519       banked       148ms replayed  flat
3520       banked       149ms replayed  chain3
3521       banked       151ms replayed  prime
3522       banked       149ms replayed  prime
3523       banked       147ms replayed  prime
3524       banked       147ms replayed  prime
3525       banked       147ms replayed  flat
3526       banked       149ms replayed  flat
3527       banked       147ms replayed  prime
3528       banked       146ms replayed  chain3
3529       banked       152ms replayed  prime
3530       banked       151ms replayed  prime
3531       banked       149ms replayed  prime
3532       banked       150ms replayed  prime
3533       banked       147ms replayed  prime
3534       banked       146ms replayed  chain3
3535       banked       147ms replayed  prime
3536       banked       148ms replayed  flat
3537       banked       159ms replayed  prime
3538       banked       147ms replayed  prime
3539       banked       149ms replayed  prime
3540       banked       147ms replayed  prime
3541       banked       147ms replayed  prime
3542       banked       148ms replayed  flat
3543       banked       148ms replayed  prime
3544       banked       149ms replayed  prime
3545       banked       147ms replayed  prime
3546       banked       147ms replayed  prime
3547       banked       148ms replayed  prime
3548       banked       149ms replayed  prime
3549       banked       148ms replayed  chain3
3550       banked       148ms replayed  prime
3551       banked       149ms replayed  prime
3552       banked       153ms replayed  flat
3553       banked       152ms replayed  chain3
3554       banked       160ms replayed  prime
3555       banked       148ms replayed  prime
3556       banked       149ms replayed  prime
3557       banked       150ms replayed  prime
3558       banked       147ms replayed  prime
3559       banked       148ms replayed  prime
3560       banked       147ms replayed  prime
3561       banked       162ms replayed  prime
3562       banked       149ms replayed  prime
3563       banked       146ms replayed  prime
3564       banked       147ms replayed  chain3
3565       banked       149ms replayed  flat
3566       banked       146ms replayed  prime
3567       banked       148ms replayed  flat
3568       banked       152ms replayed  prime
3569       banked       152ms replayed  prime
3570       banked       151ms replayed  chain3
3571       banked       149ms replayed  prime
3572       banked       146ms replayed  chain3
3573       banked       148ms replayed  prime
3574       banked       146ms replayed  prime
3575       banked       148ms replayed  chain3
3576       banked       151ms replayed  prime
3577       banked       163ms replayed  prime
3578       banked       146ms replayed  prime
3579       banked       147ms replayed  prime
3580       banked       150ms replayed  prime
3581       banked       147ms replayed  prime
3582       banked       147ms replayed  prime
3583       banked       150ms replayed  prime
3584       banked       172ms replayed  ztt
3585       banked       148ms replayed  prime
3586       banked       150ms replayed  prime
3587       banked       151ms replayed  prime
3588       banked       148ms replayed  chain3
3589       banked       147ms replayed  prime
3590       banked       147ms replayed  prime
3591       banked       149ms replayed  chain3
3592       banked       151ms replayed  prime
3593       banked       150ms replayed  prime
3594       banked       148ms replayed  prime
3595       banked       147ms replayed  prime
3596       banked       147ms replayed  chain3
3597       banked       146ms replayed  prime
3598       banked       147ms replayed  prime
3599       banked       161ms replayed  prime
3600       banked       163ms replayed  ztt
3601       banked       147ms replayed  prime
3602       banked       149ms replayed  prime
3603       banked       148ms replayed  prime
3604       banked       151ms replayed  prime
3605       banked       146ms replayed  prime
3606       banked       149ms replayed  prime
3607       banked       147ms replayed  prime
3608       banked       150ms replayed  chain3
3609       banked       149ms replayed  prime
3610       banked       148ms replayed  chain3
3611       banked       151ms replayed  prime
3612       banked       145ms replayed  flat
3613       banked       151ms replayed  prime
3614       banked       147ms replayed  prime
3615       banked       168ms replayed  prime
3616       banked       164ms replayed  prime
3617       banked       149ms replayed  prime
3618       banked       167ms replayed  prime
3619       banked       150ms replayed  chain3
3620       banked       150ms replayed  prime
3621       banked       147ms replayed  prime
3622       banked       147ms replayed  prime
3623       banked       154ms replayed  prime
3624       banked       175ms replayed  prime
3625       banked       146ms replayed  chain3
3626       banked       146ms replayed  flat
3627       banked       149ms replayed  flat
3628       banked       148ms replayed  prime
3629       banked       148ms replayed  prime
3630       banked       147ms replayed  flat
3631       banked       159ms replayed  prime
3632       banked       147ms replayed  prime
3633       banked       147ms replayed  prime
3634       banked       149ms replayed  prime
3635       banked       149ms replayed  prime
3636       banked       149ms replayed  prime
3637       banked       147ms replayed  prime
3638       banked       149ms replayed  prime
3639       banked       153ms replayed  prime
3640       banked       148ms replayed  flat
3641       banked       148ms replayed  prime
3642       banked       147ms replayed  prime
3643       banked       149ms replayed  prime
3644       banked       147ms replayed  prime
3645       banked       147ms replayed  chain3
3646       banked       147ms replayed  prime
3647       banked       157ms replayed  prime
3648       banked       151ms replayed  chain3
3649       banked       148ms replayed  prime
3650       banked       147ms replayed  prime
3651       banked       148ms replayed  prime
3652       banked       147ms replayed  prime
3653       banked       147ms replayed  prime
3654       banked       146ms replayed  flat
3655       banked       160ms replayed  chain3
3656       banked       147ms replayed  prime
3657       banked       150ms replayed  prime
3658       banked       147ms replayed  prime
3659       banked       149ms replayed  prime
3660       banked       147ms replayed  prime
3661       banked       151ms replayed  prime
3662       banked       150ms replayed  prime
3663       banked       146ms replayed  flat
3664       banked       147ms replayed  prime
3665       banked       148ms replayed  prime
3666       banked       148ms replayed  chain3
3667       banked       146ms replayed  prime
3668       banked       148ms replayed  prime
3669       banked       148ms replayed  prime
3670       banked       157ms replayed  prime
3671       banked       152ms replayed  prime
3672       banked       151ms replayed  chain3
3673       banked       148ms replayed  prime
3674       banked       153ms replayed  prime
3675       banked       152ms replayed  chain3
3676       banked       151ms replayed  prime
3677       banked       152ms replayed  prime
3678       banked       152ms replayed  prime
3679       banked       149ms replayed  prime
3680       banked       150ms replayed  flat
3681       banked       147ms replayed  prime
3682       banked       147ms replayed  prime
3683       banked       148ms replayed  prime
3684       banked       146ms replayed  prime
3685       banked       148ms replayed  prime
3686       banked       153ms replayed  prime
3687       banked       156ms replayed  prime
3688       banked       148ms replayed  prime
3689       banked       150ms replayed  chain3
3690       banked       147ms replayed  chain3
3691       banked       150ms replayed  prime
3692       banked       147ms replayed  prime
3693       banked       150ms replayed  prime
3694       banked       151ms replayed  prime
3695       banked       150ms replayed  prime
3696       banked       151ms replayed  chain3
3697       banked       147ms replayed  prime
3698       banked       146ms replayed  flat
3699       banked       147ms replayed  prime
3700       banked       147ms replayed  flat
3701       banked       147ms replayed  prime
3702       banked       151ms replayed  prime
3703       banked       148ms replayed  chain3
3704       banked       149ms replayed  prime
3705       banked       151ms replayed  chain3
3706       banked       151ms replayed  prime
3707       banked       151ms replayed  prime
3708       banked       148ms replayed  prime
3709       banked       157ms replayed  prime
3710       banked       160ms replayed  prime
3711       banked       149ms replayed  prime
3712       banked       147ms replayed  flat
3713       banked       148ms replayed  prime
3714       banked       149ms replayed  prime
3715       banked       150ms replayed  prime
3716       banked       148ms replayed  prime
3717       banked       147ms replayed  prime
3718       banked       146ms replayed  flat
3719       banked       149ms replayed  prime
3720       banked       147ms replayed  chain3
3721       banked       147ms replayed  prime
3722       banked       147ms replayed  prime
3723       banked       149ms replayed  prime
3724       banked       153ms replayed  flat
3725       banked       153ms replayed  prime
3726       banked       148ms replayed  chain3
3727       banked       149ms replayed  prime
3728       banked       147ms replayed  prime
3729       banked       149ms replayed  prime
3730       banked       147ms replayed  prime
3731       banked       147ms replayed  chain3
3732       banked       147ms replayed  prime
3733       banked       157ms replayed  prime
3734       banked       152ms replayed  prime
3735       banked       149ms replayed  prime
3736       banked       151ms replayed  prime
3737       banked       151ms replayed  prime
3738       banked       152ms replayed  prime
3739       banked       148ms replayed  prime
3740       banked       151ms replayed  flat
3741       banked       158ms replayed  flat
3742       banked       147ms replayed  prime
3743       banked       148ms replayed  prime
3744       banked       146ms replayed  chain3
3745       banked       150ms replayed  prime
3746       banked       148ms replayed  prime
3747       banked       147ms replayed  prime
3748       banked       148ms replayed  prime
3749       banked       150ms replayed  prime
3750       banked       147ms replayed  chain3
3751       banked       150ms replayed  flat
3752       banked       150ms replayed  prime
3753       banked       149ms replayed  prime
3754       banked       150ms replayed  prime
3755       banked       148ms replayed  prime
3756       banked       147ms replayed  prime
3757       banked       162ms replayed  chain3
3758       banked       149ms replayed  prime
3759       banked       147ms replayed  prime
3760       banked       146ms replayed  chain3
3761       banked       146ms replayed  prime
3762       banked       149ms replayed  flat
3763       banked       147ms replayed  prime
3764       banked       148ms replayed  prime
3765       banked       150ms replayed  prime
3766       banked       148ms replayed  prime
3767       banked       147ms replayed  prime
3768       banked       147ms replayed  prime
3769       banked       147ms replayed  prime
3770       banked       147ms replayed  chain3
3771       banked       147ms replayed  prime
3772       banked       147ms replayed  flat
3773       banked       151ms replayed  flat
3774       banked       149ms replayed  chain3
3775       banked       151ms replayed  prime
3776       banked       156ms replayed  prime
3777       banked       148ms replayed  prime
3778       banked       147ms replayed  prime
3779       banked       147ms replayed  prime
3780       banked       148ms replayed  chain3
3781       banked       153ms replayed  prime
3782       banked       148ms replayed  prime
3783       banked       147ms replayed  prime
3784       banked       149ms replayed  chain3
3785       banked       147ms replayed  prime
3786       banked       148ms replayed  prime
3787       banked       150ms replayed  prime
3788       banked       148ms replayed  prime
3789       banked       173ms replayed  prime
3790       banked       148ms replayed  prime
3791       banked       150ms replayed  prime
3792       banked       148ms replayed  prime
3793       banked       147ms replayed  prime
3794       banked       147ms replayed  prime
3795       banked       148ms replayed  chain3
3796       banked       150ms replayed  prime
3797       banked       169ms replayed  prime
3798       banked       149ms replayed  prime
3799       banked       150ms replayed  prime
3800       banked       148ms replayed  flat
3801       banked       151ms replayed  prime
3802       banked       148ms replayed  prime
3803       banked       148ms replayed  prime
3804       banked       155ms replayed  prime
3805       banked       148ms replayed  prime
3806       banked       148ms replayed  prime
3807       banked       147ms replayed  chain3
3808       banked       149ms replayed  chain3
3809       banked       149ms replayed  prime
3810       banked       149ms replayed  prime
3811       banked       147ms replayed  prime
3812       banked       158ms replayed  prime
3813       banked       160ms replayed  flat
3814       banked       148ms replayed  prime
3815       banked       147ms replayed  prime
3816       banked       149ms replayed  prime
3817       banked       147ms replayed  prime
3818       banked       147ms replayed  prime
3819       banked       147ms replayed  prime
3820       banked       161ms replayed  prime
3821       banked       147ms replayed  prime
3822       banked       147ms replayed  flat
3823       banked       148ms replayed  prime
3824       banked       148ms replayed  prime
3825       banked       149ms replayed  chain3
3826       banked       147ms replayed  prime
3827       banked       150ms replayed  prime
3828       banked       152ms replayed  chain3
3829       banked       152ms replayed  prime
3830       banked       147ms replayed  prime
3831       banked       147ms replayed  prime
3832       banked       147ms replayed  prime
3833       banked       149ms replayed  prime
3834       banked       151ms replayed  prime
3835       banked       149ms replayed  prime
3836       banked       152ms replayed  prime
3837       banked       147ms replayed  prime
3838       banked       147ms replayed  prime
3839       banked       147ms replayed  prime
3840       banked       147ms replayed  ztt
3841       banked       150ms replayed  prime
3842       banked       148ms replayed  prime
3843       banked       152ms replayed  prime
3844       banked       150ms replayed  chain3
3845       banked       147ms replayed  prime
3846       banked       149ms replayed  prime
3847       banked       147ms replayed  prime
3848       banked       149ms replayed  chain3
3849       banked       147ms replayed  prime
3850       banked       147ms replayed  flat
3851       banked       151ms replayed  prime
3852       banked       158ms replayed  prime
3853       banked       153ms replayed  prime
3854       banked      3603ms raced     flat
3855       banked       148ms replayed  prime
3856       banked       147ms replayed  prime
3857       banked       147ms replayed  chain3
3858       banked       149ms replayed  prime
3859       banked       148ms replayed  prime
3860       banked       150ms replayed  prime
3861       banked       161ms replayed  flat
3862       banked       162ms replayed  prime
3863       banked       146ms replayed  prime
3864       banked       146ms replayed  flat
3865       banked       149ms replayed  prime
3866       banked       150ms replayed  prime
3867       banked       148ms replayed  prime
3868       banked       150ms replayed  prime
3869       banked       151ms replayed  prime
3870       banked       149ms replayed  chain3
3871       banked       150ms replayed  prime
3872       banked       146ms replayed  chain3
3873       banked       149ms replayed  prime
3874       banked       147ms replayed  prime
3875       banked       149ms replayed  chain3
3876       banked       149ms replayed  chain3
3877       banked       151ms replayed  prime
3878       banked       151ms replayed  prime
3879       banked       147ms replayed  prime
3880       banked       147ms replayed  prime
3881       banked       147ms replayed  prime
3882       banked       148ms replayed  prime
3883       banked       149ms replayed  prime
3884       banked       154ms replayed  prime
3885       banked       146ms replayed  chain3
3886       banked       147ms replayed  prime
3887       banked       146ms replayed  flat
3888       banked       147ms replayed  ztt
3889       banked       148ms replayed  prime
3890       banked       148ms replayed  prime
3891       banked       149ms replayed  prime
3892       banked       158ms replayed  prime
3893       banked       147ms replayed  prime
3894       banked       149ms replayed  prime
3895       banked       146ms replayed  chain3
3896       banked       147ms replayed  prime
3897       banked       147ms replayed  prime
3898       banked       149ms replayed  prime
3899       banked       150ms replayed  prime
3900       banked       150ms replayed  chain3
3901       banked       165ms replayed  prime
3902       banked       148ms replayed  prime
3903       banked       148ms replayed  prime
3904       banked       147ms replayed  prime
3905       banked       147ms replayed  prime
3906       banked       146ms replayed  chain3
3907       banked       149ms replayed  prime
3908       banked       157ms replayed  prime
3909       banked       157ms replayed  prime
3910       banked       148ms replayed  chain3
3911       banked       151ms replayed  prime
3912       banked       152ms replayed  prime
3913       banked       147ms replayed  chain3
3914       banked       148ms replayed  prime
3915       banked       146ms replayed  flat
3916       banked       152ms replayed  prime
3917       banked       149ms replayed  prime
3918       banked       156ms replayed  prime
3919       banked       148ms replayed  prime
3920       banked       146ms replayed  ztt
3921       banked       147ms replayed  prime
3922       banked       149ms replayed  prime
3923       banked       160ms replayed  prime
3924       banked       172ms replayed  prime
3925       banked       147ms replayed  prime
3926       banked       148ms replayed  prime
3927       banked       147ms replayed  chain3
3928       banked       147ms replayed  prime
3929       banked       149ms replayed  prime
3930       banked       147ms replayed  prime
3931       banked       149ms replayed  prime
3932       banked       149ms replayed  prime
3933       banked       148ms replayed  chain3
3934       banked       147ms replayed  prime
3935       banked       148ms replayed  prime
3936       banked       147ms replayed  chain3
3937       banked       147ms replayed  prime
3938       banked       148ms replayed  prime
3939       banked       153ms replayed  prime
3940       banked       148ms replayed  prime
3941       banked       147ms replayed  prime
3942       banked       148ms replayed  prime
3943       banked       147ms replayed  prime
3944       banked       149ms replayed  flat
3945       banked       147ms replayed  prime
3946       banked       148ms replayed  prime
3947       banked       153ms replayed  prime
3948       banked       152ms replayed  flat
3949       banked       147ms replayed  prime
3950       banked       147ms replayed  prime
3951       banked       149ms replayed  prime
3952       banked       146ms replayed  chain3
3953       banked       147ms replayed  prime
3954       banked       148ms replayed  prime
3955       banked       152ms replayed  prime
3956       banked       148ms replayed  chain3
3957       banked       147ms replayed  prime
3958       banked       149ms replayed  prime
3959       banked       147ms replayed  prime
3960       banked       148ms replayed  flat
3961       banked       157ms replayed  prime
3962       banked       149ms replayed  prime
3963       banked       151ms replayed  prime
3964       banked       182ms replayed  prime
3965       banked       150ms replayed  prime
3966       banked       147ms replayed  prime
3967       banked       150ms replayed  prime
3968       banked       151ms replayed  chain3
3969       banked       150ms replayed  chain3
3970       banked       153ms replayed  prime
3971       banked       167ms replayed  chain3
3972       banked       154ms replayed  prime
3973       banked       148ms replayed  prime
3974       banked       152ms replayed  prime
3975       banked       148ms replayed  prime
3976       banked       148ms replayed  prime
3977       banked       146ms replayed  prime
3978       banked       150ms replayed  flat
3979       banked       151ms replayed  prime
3980       banked       146ms replayed  prime
3981       banked       148ms replayed  prime
3982       banked       149ms replayed  prime
3983       banked       148ms replayed  prime
3984       banked       149ms replayed  prime
3985       banked       150ms replayed  prime
3986       banked       152ms replayed  prime
3987       banked       151ms replayed  prime
3988       banked       148ms replayed  prime
3989       banked       148ms replayed  prime
3990       banked       148ms replayed  chain3
3991       banked       149ms replayed  prime
3992       banked       147ms replayed  prime
3993       banked       148ms replayed  flat
3994       banked       148ms replayed  prime
3995       banked       150ms replayed  chain3
3996       banked       147ms replayed  chain3
3997       banked       148ms replayed  prime
3998       banked       146ms replayed  prime
3999       banked       151ms replayed  chain3
4000       banked       148ms replayed  ztt
4001       banked       147ms replayed  prime
4002       banked       154ms replayed  flat
4003       banked       159ms replayed  prime
4004       banked       161ms replayed  flat
4005       banked       149ms replayed  prime
4006       banked       151ms replayed  prime
4007       banked       148ms replayed  prime
4008       banked       151ms replayed  prime
4009       banked       147ms replayed  prime
4010       banked       152ms replayed  prime
4011       banked       151ms replayed  prime
4012       banked       150ms replayed  prime
4013       banked       146ms replayed  prime
4014       banked       150ms replayed  prime
4015       banked       149ms replayed  prime
4016       banked       148ms replayed  prime
4017       banked       149ms replayed  prime
4018       banked       151ms replayed  flat
4019       banked       147ms replayed  prime
4020       banked       146ms replayed  prime
4021       banked       150ms replayed  prime
4022       banked       147ms replayed  prime
4023       banked       150ms replayed  prime
4024       banked       153ms replayed  prime
4025       banked       147ms replayed  chain3
4026       banked       150ms replayed  prime
4027       banked       147ms replayed  prime
4028       banked       148ms replayed  prime
4029       banked       147ms replayed  prime
4030       banked       147ms replayed  flat
4031       banked       149ms replayed  prime
4032       banked       147ms replayed  ztt
4033       banked       148ms replayed  prime
4034       banked       152ms replayed  prime
4035       banked       149ms replayed  prime
4036       banked       148ms replayed  prime
4037       banked       148ms replayed  prime
4038       banked       149ms replayed  prime
4039       banked       149ms replayed  prime
4040       banked       148ms replayed  prime
4041       banked       147ms replayed  prime
4042       banked      3627ms raced     flat
4043       banked       157ms replayed  prime
4044       banked       161ms replayed  prime
4045       banked       148ms replayed  prime
4046       banked       146ms replayed  flat
4047       banked       147ms replayed  prime
4048       banked       147ms replayed  chain3
4049       banked       147ms replayed  prime
4050       banked       148ms replayed  chain3
4051       banked       147ms replayed  prime
4052       banked       167ms replayed  prime
4053       banked       148ms replayed  prime
4054       banked       147ms replayed  prime
4055       banked       148ms replayed  prime
4056       banked       150ms replayed  flat
4057       banked       146ms replayed  prime
4058       banked       147ms replayed  prime
4059       banked       153ms replayed  chain3
4060       banked       147ms replayed  flat
4061       banked       146ms replayed  prime
4062       banked       150ms replayed  prime
4063       banked       147ms replayed  prime
4064       banked       147ms replayed  prime
4065       banked       147ms replayed  prime
4066       banked       149ms replayed  prime
4067       banked       146ms replayed  prime
4068       banked       153ms replayed  prime
4069       banked       149ms replayed  prime
4070       banked       147ms replayed  chain3
4071       banked       149ms replayed  prime
4072       banked       149ms replayed  prime
4073       banked       147ms replayed  prime
4074       banked       147ms replayed  prime
4075       banked       147ms replayed  prime
4076       banked       153ms replayed  prime
4077       banked       147ms replayed  prime
4078       banked       151ms replayed  prime
4079       banked       147ms replayed  prime
4080       banked       146ms replayed  chain3
4081       banked       147ms replayed  prime
4082       banked       150ms replayed  prime
4083       banked       149ms replayed  prime
4084       banked       148ms replayed  prime
4085       banked       148ms replayed  flat
4086       banked       147ms replayed  prime
4087       banked       149ms replayed  prime
4088       banked       150ms replayed  prime
4089       banked       148ms replayed  chain3
4090       banked       155ms replayed  prime
4091       banked       155ms replayed  prime
4092       banked       152ms replayed  chain3
4093       banked       151ms replayed  prime
4094       banked       147ms replayed  prime
4095       banked       148ms replayed  chain3
4096       banked       146ms replayed  2p
