N,K,plan,path,vfft_ns,mkl_ns,vfft_gflops,ratio_vs_mkl,rt_err,route,flip
64,1,z:ilp,nat-oop,31,39,62.714,1.285,1.530e-16,2p,0
64,1,z:ilp,nat-oop,30,40,63.414,1.330,1.530e-16,2p,1
65,1,z:ilp,nat-oop,53,101,37.030,1.912,6.301e-16,2p,0
65,1,z:ilp,nat-oop,53,105,36.689,1.975,6.301e-16,2p,1
66,1,z:ilp,nat-oop,46,118,43.527,2.580,2.985e-16,2p,0
66,1,z:ilp,nat-oop,46,118,43.619,2.585,2.985e-16,2p,1
67,1,z:ilp,nat-oop,175,421,11.644,2.415,4.904e-16,prime,0
67,1,z:ilp,nat-oop,173,421,11.726,2.429,4.904e-16,prime,1
68,1,z:ilp,nat-oop,56,148,37.020,2.650,3.737e-16,2p,0
68,1,z:ilp,nat-oop,60,148,34.302,2.456,3.737e-16,2p,1
69,1,z:ilp,nat-oop,93,181,22.642,1.945,4.051e-16,2p,0
69,1,z:ilp,nat-oop,93,181,22.616,1.947,4.051e-16,2p,1
70,1,z:ilp,nat-oop,46,73,47.045,1.608,2.337e-16,2p,0
70,1,z:ilp,nat-oop,45,74,47.281,1.634,2.337e-16,2p,1
71,1,z:ilp,nat-oop,187,477,11.705,2.557,6.372e-16,prime,0
71,1,z:ilp,nat-oop,173,477,12.588,2.750,6.372e-16,prime,1
72,1,z:ilp,nat-oop,44,222,50.593,5.057,2.953e-16,2p,0
72,1,z:ilp,nat-oop,44,227,50.543,5.166,2.953e-16,2p,1
73,1,z:ilp,nat-oop,173,492,13.047,2.842,8.677e-16,prime,0
73,1,z:ilp,nat-oop,239,492,9.468,2.060,8.677e-16,prime,1
74,1,z:ilp,nat-oop,174,269,13.168,1.539,4.842e-16,flat,0
74,1,z:ilp,nat-oop,177,269,12.969,1.521,4.842e-16,flat,1
75,1,z:ilp,nat-oop,65,79,36.055,1.216,4.430e-16,2p,0
75,1,z:ilp,nat-oop,57,79,40.653,1.376,4.430e-16,2p,1
76,1,z:ilp,nat-oop,70,189,34.110,2.717,3.582e-16,2p,0
76,1,z:ilp,nat-oop,68,189,34.892,2.776,3.582e-16,2p,1
77,1,z:ilp,nat-oop,61,115,39.606,1.887,3.561e-16,2p,0
77,1,z:ilp,nat-oop,60,115,39.951,1.898,3.561e-16,2p,1
78,1,z:ilp,nat-oop,58,145,42.161,2.497,5.747e-16,2p,0
78,1,z:ilp,nat-oop,57,145,42.742,2.535,5.747e-16,2p,1
79,1,z:ilp,nat-oop,300,588,8.307,1.961,1.299e-15,prime,0
79,1,z:ilp,nat-oop,289,587,8.612,2.030,1.299e-15,prime,1
80,1,z:ilp,nat-oop,45,234,56.200,5.193,3.453e-16,2p,0
80,1,z:ilp,nat-oop,45,233,56.276,5.191,3.453e-16,2p,1
81,1,z:ilp,nat-oop,60,192,42.556,3.185,4.272e-16,2p,0
81,1,z:ilp,nat-oop,60,193,42.791,3.223,4.272e-16,2p,1
82,1,z:ilp,nat-oop,162,320,16.134,1.978,6.174e-16,flat,0
82,1,z:ilp,nat-oop,155,320,16.807,2.060,6.174e-16,flat,1
83,1,z:ilp,nat-oop,453,642,5.846,1.418,5.395e-16,prime,0
83,1,z:ilp,nat-oop,454,641,5.831,1.413,5.395e-16,prime,1
84,1,z:ilp,nat-oop,54,233,49.619,4.299,3.135e-16,2p,0
84,1,z:ilp,nat-oop,54,233,49.596,4.303,3.135e-16,2p,1
85,1,z:ilp,nat-oop,85,160,31.937,1.881,4.705e-16,2p,0
85,1,z:ilp,nat-oop,82,160,33.333,1.963,4.705e-16,2p,1
86,1,z:ilp,nat-oop,165,363,16.727,2.196,1.334e-15,flat,0
86,1,z:ilp,nat-oop,170,364,16.228,2.135,1.334e-15,flat,1
87,1,z:ilp,nat-oop,149,258,18.850,1.738,6.574e-16,flat,0
87,1,z:ilp,nat-oop,223,259,12.550,1.159,6.574e-16,flat,1
88,1,z:ilp,nat-oop,60,308,47.765,5.168,2.784e-16,2p,0
88,1,z:ilp,nat-oop,60,310,47.761,5.203,2.784e-16,2p,1
89,1,z:ilp,nat-oop,217,736,13.302,3.398,3.935e-16,prime,0
89,1,z:ilp,nat-oop,216,734,13.319,3.393,3.935e-16,prime,1
90,1,z:ilp,nat-oop,60,230,48.464,3.822,3.991e-16,2p,0
90,1,z:ilp,nat-oop,60,228,48.662,3.800,3.991e-16,2p,1
91,1,z:ilp,nat-oop,75,143,39.673,1.921,4.960e-16,2p,0
91,1,z:ilp,nat-oop,75,143,39.678,1.921,4.960e-16,2p,1
92,1,z:ilp,nat-oop,88,269,34.080,3.058,5.688e-16,2p,0
92,1,z:ilp,nat-oop,88,270,34.022,3.067,5.688e-16,2p,1
93,1,z:ilp,nat-oop,191,314,15.923,1.642,4.370e-16,flat,0
93,1,z:ilp,nat-oop,185,307,16.404,1.654,4.370e-16,flat,1
94,1,z:ilp,nat-oop,198,437,15.555,2.208,8.633e-16,flat,0
94,1,z:ilp,nat-oop,189,438,16.259,2.313,8.633e-16,flat,1
95,1,z:ilp,nat-oop,98,213,31.826,2.170,4.439e-16,2p,0
95,1,z:ilp,nat-oop,98,209,31.875,2.136,4.439e-16,2p,1
96,1,z:ilp,nat-oop,51,308,62.060,6.040,2.959e-16,2p,0
96,1,z:ilp,nat-oop,51,309,61.742,6.029,2.959e-16,2p,1
97,1,z:ilp,nat-oop,219,869,14.622,3.972,6.523e-16,prime,0
97,1,z:ilp,nat-oop,219,869,14.589,3.960,6.523e-16,prime,1
98,1,z:ilp,nat-oop,118,103,27.480,0.875,4.977e-16,flat,0
98,1,z:ilp,nat-oop,116,103,27.911,0.884,4.977e-16,flat,1
99,1,z:ilp,nat-oop,78,172,42.136,2.215,4.716e-16,2p,0
99,1,z:ilp,nat-oop,77,172,42.416,2.218,4.716e-16,2p,1
100,1,z:ilp,nat-oop,64,263,52.118,4.132,3.154e-16,2p,0
100,1,z:ilp,nat-oop,64,261,52.209,4.108,3.154e-16,2p,1
101,1,z:ilp,nat-oop,235,438,14.335,1.867,8.038e-16,prime,0
101,1,z:ilp,nat-oop,234,439,14.344,1.871,8.038e-16,prime,1
102,1,z:ilp,nat-oop,88,225,38.584,2.552,5.772e-16,2p,0
102,1,z:ilp,nat-oop,100,223,33.952,2.229,5.772e-16,2p,1
103,1,z:ilp,nat-oop,292,439,11.778,1.501,9.646e-16,prime,0
103,1,z:ilp,nat-oop,302,440,11.385,1.453,9.646e-16,prime,1
104,1,z:ilp,nat-oop,74,372,46.917,5.015,4.772e-16,2p,0
104,1,z:ilp,nat-oop,74,369,46.987,4.975,4.772e-16,2p,1
105,1,z:ilp,nat-oop,85,107,41.481,1.254,4.983e-16,2p,0
105,1,z:ilp,nat-oop,85,107,41.452,1.264,4.983e-16,2p,1
106,1,z:ilp,nat-oop,447,546,7.979,1.221,3.150e-16,prime,0
106,1,z:ilp,nat-oop,450,540,7.926,1.200,3.150e-16,prime,1
107,1,z:ilp,nat-oop,448,440,8.051,0.981,1.000e-15,prime,0
107,1,z:ilp,nat-oop,460,440,7.839,0.955,1.000e-15,prime,1
108,1,z:ilp,nat-oop,77,343,47.409,4.455,4.442e-16,2p,0
108,1,z:ilp,nat-oop,77,328,47.665,4.292,4.442e-16,2p,1
109,1,z:ilp,nat-oop,268,441,13.759,1.644,8.012e-16,prime,0
109,1,z:ilp,nat-oop,268,441,13.744,1.642,8.012e-16,prime,1
110,1,z:ilp,nat-oop,78,195,47.824,2.501,3.673e-16,2p,0
110,1,z:ilp,nat-oop,78,195,47.682,2.495,3.673e-16,2p,1
111,1,z:ilp,nat-oop,182,417,20.740,2.295,4.827e-16,2p,0
111,1,z:ilp,nat-oop,182,415,20.770,2.285,4.827e-16,2p,1
112,1,z:ilp,nat-oop,71,320,53.830,4.522,2.893e-16,2p,0
112,1,z:ilp,nat-oop,71,321,53.834,4.535,2.893e-16,2p,1
113,1,z:ilp,nat-oop,273,441,14.100,1.612,5.272e-16,prime,0
113,1,z:ilp,nat-oop,274,439,14.069,1.602,5.272e-16,prime,1
114,1,z:ilp,nat-oop,107,285,36.241,2.655,4.841e-16,2p,0
114,1,z:ilp,nat-oop,105,285,36.991,2.706,4.841e-16,2p,1
115,1,z:ilp,nat-oop,147,308,26.857,2.104,4.578e-16,2p,0
115,1,z:ilp,nat-oop,208,308,18.936,1.481,4.578e-16,2p,1
116,1,z:ilp,nat-oop,161,384,24.735,2.385,5.482e-16,flat,0
116,1,z:ilp,nat-oop,161,383,24.764,2.385,5.482e-16,flat,1
117,1,z:ilp,nat-oop,98,213,41.131,2.179,5.201e-16,2p,0
117,1,z:ilp,nat-oop,98,213,40.943,2.170,5.201e-16,2p,1
118,1,z:ilp,nat-oop,459,679,8.850,1.479,2.823e-16,prime,0
118,1,z:ilp,nat-oop,456,681,8.911,1.495,2.823e-16,prime,1
119,1,z:ilp,nat-oop,112,228,36.664,2.035,3.727e-16,2p,0
119,1,z:ilp,nat-oop,112,235,36.770,2.105,3.727e-16,2p,1
120,1,z:ilp,nat-oop,77,346,53.696,4.477,3.733e-16,2p,0
120,1,z:ilp,nat-oop,77,348,53.772,4.522,3.733e-16,2p,1
121,1,z:ilp,nat-oop,101,292,41.575,2.901,3.745e-16,2p,0
121,1,z:ilp,nat-oop,101,292,41.437,2.887,3.745e-16,2p,1
122,1,z:ilp,nat-oop,465,716,9.089,1.539,4.193e-16,prime,0
122,1,z:ilp,nat-oop,457,715,9.259,1.566,4.193e-16,prime,1
123,1,z:ilp,nat-oop,219,492,19.511,2.250,4.666e-16,2p,0
123,1,z:ilp,nat-oop,218,492,19.541,2.254,4.666e-16,2p,1
124,1,z:ilp,nat-oop,218,451,19.783,2.069,5.339e-16,flat,0
124,1,z:ilp,nat-oop,220,449,19.593,2.041,5.339e-16,flat,1
125,1,z:ilp,nat-oop,103,127,42.351,1.232,4.847e-16,2p,0
125,1,z:ilp,nat-oop,105,130,41.504,1.239,4.847e-16,2p,1
126,1,z:ilp,nat-oop,90,314,48.866,3.491,3.110e-16,2p,0
126,1,z:ilp,nat-oop,90,309,48.921,3.440,3.110e-16,2p,1
127,1,z:ilp,nat-oop,404,447,10.989,1.106,5.386e-16,prime,0
127,1,z:ilp,nat-oop,404,447,10.981,1.106,5.386e-16,prime,1
128,1,z:ilp,nat-oop,65,73,69.204,1.132,3.213e-16,2p,0
128,1,z:ilp,nat-oop,65,73,68.991,1.124,3.213e-16,2p,1
129,1,z:ilp,nat-oop,246,557,18.379,2.263,4.052e-16,flat,0
129,1,z:ilp,nat-oop,246,557,18.371,2.264,4.052e-16,flat,1
130,1,z:ilp,nat-oop,99,241,46.150,2.439,4.560e-16,2p,0
130,1,z:ilp,nat-oop,99,240,46.340,2.442,4.560e-16,2p,1
131,1,z:ilp,nat-oop,356,910,12.958,2.559,5.672e-16,prime,0
131,1,z:ilp,nat-oop,360,911,12.797,2.530,5.672e-16,prime,1
132,1,z:ilp,nat-oop,100,442,46.281,4.400,4.124e-16,2p,0
132,1,z:ilp,nat-oop,101,446,46.165,4.427,4.124e-16,2p,1
133,1,z:ilp,nat-oop,139,312,33.705,2.240,4.463e-16,2p,0
133,1,z:ilp,nat-oop,145,303,32.295,2.084,4.463e-16,2p,1
134,1,z:ilp,nat-oop,937,875,5.055,0.935,3.617e-16,prime,0
134,1,z:ilp,nat-oop,936,876,5.058,0.936,3.617e-16,prime,1
135,1,z:ilp,nat-oop,110,323,43.592,2.948,3.196e-16,2p,0
135,1,z:ilp,nat-oop,109,312,43.738,2.857,3.196e-16,2p,1
136,1,z:ilp,nat-oop,114,539,42.280,4.728,4.276e-16,2p,0
136,1,z:ilp,nat-oop,116,538,41.598,4.646,4.276e-16,2p,1
137,1,z:ilp,nat-oop,393,914,12.379,2.328,7.404e-16,prime,0
137,1,z:ilp,nat-oop,411,912,11.818,2.216,7.404e-16,prime,1
138,1,z:ilp,nat-oop,137,408,35.758,2.973,4.808e-16,2p,0
138,1,z:ilp,nat-oop,137,407,35.732,2.962,4.808e-16,2p,1
139,1,z:ilp,nat-oop,521,915,9.493,1.755,7.465e-16,prime,0
139,1,z:ilp,nat-oop,597,914,8.291,1.531,7.465e-16,prime,1
140,1,z:ilp,nat-oop,111,375,45.078,3.389,2.726e-16,chain3,0
140,1,z:ilp,nat-oop,111,360,45.023,3.251,2.726e-16,chain3,1
141,1,z:ilp,nat-oop,285,673,17.637,2.358,5.356e-16,flat,0
141,1,z:ilp,nat-oop,286,675,17.621,2.363,5.356e-16,flat,1
142,1,z:ilp,nat-oop,961,989,5.285,1.030,4.349e-16,prime,0
142,1,z:ilp,nat-oop,993,993,5.114,1.000,4.349e-16,prime,1
143,1,z:ilp,nat-oop,124,357,41.415,2.888,4.768e-16,2p,0
143,1,z:ilp,nat-oop,123,357,41.507,2.895,4.768e-16,2p,1
144,1,z:ilp,nat-oop,106,448,48.514,4.214,3.598e-16,chain3,0
144,1,z:ilp,nat-oop,106,449,48.623,4.225,3.598e-16,chain3,1
145,1,z:ilp,nat-oop,190,484,27.415,2.552,4.411e-16,2p,0
145,1,z:ilp,nat-oop,190,440,27.411,2.316,4.411e-16,2p,1
146,1,z:ilp,nat-oop,972,1012,5.402,1.042,4.765e-16,prime,0
146,1,z:ilp,nat-oop,991,1012,5.296,1.021,4.765e-16,prime,1
147,1,z:ilp,nat-oop,135,154,39.101,1.135,3.969e-16,chain3,0
147,1,z:ilp,nat-oop,135,166,39.176,1.230,3.969e-16,chain3,1
148,1,z:ilp,nat-oop,184,586,29.057,3.192,3.170e-16,2p,0
148,1,z:ilp,nat-oop,183,598,29.091,3.260,3.170e-16,2p,1
149,1,z:ilp,nat-oop,608,920,8.851,1.513,5.760e-16,prime,0
149,1,z:ilp,nat-oop,743,919,7.238,1.237,5.760e-16,prime,1
150,1,z:ilp,nat-oop,111,375,49.023,3.392,3.509e-16,2p,0
150,1,z:ilp,nat-oop,111,366,48.923,3.307,3.509e-16,2p,1
151,1,z:ilp,nat-oop,406,918,13.446,2.258,6.510e-16,prime,0
151,1,z:ilp,nat-oop,405,922,13.509,2.279,6.510e-16,prime,1
152,1,z:ilp,nat-oop,137,650,40.233,4.750,3.552e-16,2p,0
152,1,z:ilp,nat-oop,132,662,41.609,5.002,3.552e-16,2p,1
153,1,z:ilp,nat-oop,144,331,38.473,2.292,5.645e-16,2p,0
153,1,z:ilp,nat-oop,150,333,37.115,2.223,5.645e-16,2p,1
154,1,z:ilp,nat-oop,192,278,29.144,1.449,3.520e-16,flat,0
154,1,z:ilp,nat-oop,190,277,29.438,1.459,3.520e-16,flat,1
155,1,z:ilp,nat-oop,258,521,21.854,2.017,4.323e-16,2p,0
155,1,z:ilp,nat-oop,259,520,21.766,2.008,4.323e-16,2p,1
156,1,z:ilp,nat-oop,124,549,45.677,4.416,5.565e-16,2p,0
156,1,z:ilp,nat-oop,125,548,45.637,4.398,5.565e-16,2p,1
157,1,z:ilp,nat-oop,431,924,13.297,2.146,9.910e-16,prime,0
157,1,z:ilp,nat-oop,430,922,13.308,2.142,9.910e-16,prime,1
158,1,z:ilp,nat-oop,958,1217,6.024,1.270,3.251e-16,prime,0
158,1,z:ilp,nat-oop,956,1215,6.036,1.271,3.251e-16,prime,1
159,1,z:ilp,nat-oop,957,820,6.072,0.857,3.024e-16,prime,0
159,1,z:ilp,nat-oop,955,824,6.087,0.863,3.024e-16,prime,1
160,1,z:ilp,nat-oop,91,480,64.483,5.289,2.951e-16,2p,0
160,1,z:ilp,nat-oop,91,479,64.672,5.286,2.951e-16,2p,1
161,1,z:ilp,nat-oop,180,450,32.822,2.503,4.528e-16,2p,0
161,1,z:ilp,nat-oop,180,432,32.784,2.402,4.528e-16,2p,1
162,1,z:ilp,nat-oop,127,437,46.930,3.453,4.602e-16,2p,0
162,1,z:ilp,nat-oop,123,434,48.515,3.544,4.602e-16,2p,1
163,1,z:ilp,nat-oop,465,1014,12.879,2.181,6.840e-16,prime,0
163,1,z:ilp,nat-oop,461,924,12.980,2.003,6.840e-16,prime,1
164,1,z:ilp,nat-oop,558,696,10.819,1.248,4.048e-16,2p,0
164,1,z:ilp,nat-oop,298,692,20.271,2.326,4.048e-16,2p,1
165,1,z:ilp,nat-oop,151,288,40.301,1.910,3.968e-16,2p,0
165,1,z:ilp,nat-oop,144,288,42.193,1.997,3.968e-16,2p,1
166,1,z:ilp,nat-oop,961,1392,6.370,1.449,4.623e-16,prime,0
166,1,z:ilp,nat-oop,948,1324,6.455,1.396,4.623e-16,prime,1
167,1,z:ilp,nat-oop,1041,926,5.924,0.889,4.068e-16,prime,0
167,1,z:ilp,nat-oop,973,926,6.337,0.952,4.068e-16,prime,1
168,1,z:ilp,nat-oop,126,477,49.437,3.796,2.713e-16,chain3,0
168,1,z:ilp,nat-oop,126,476,49.431,3.791,2.713e-16,chain3,1
169,1,z:ilp,nat-oop,158,439,39.564,2.778,7.263e-16,2p,0
169,1,z:ilp,nat-oop,157,440,39.754,2.797,7.263e-16,2p,1
170,1,z:ilp,nat-oop,145,374,43.578,2.586,7.780e-16,2p,0
170,1,z:ilp,nat-oop,144,390,43.832,2.711,7.780e-16,2p,1
171,1,z:ilp,nat-oop,186,428,34.119,2.303,6.271e-16,2p,0
171,1,z:ilp,nat-oop,194,429,32.616,2.204,6.271e-16,2p,1
172,1,z:ilp,nat-oop,238,783,26.889,3.297,5.197e-16,2p,0
172,1,z:ilp,nat-oop,238,797,26.811,3.344,5.197e-16,2p,1
173,1,z:ilp,nat-oop,965,927,6.667,0.962,3.041e-16,prime,0
173,1,z:ilp,nat-oop,962,931,6.687,0.968,3.041e-16,prime,1
174,1,z:ilp,nat-oop,196,597,33.011,3.045,4.851e-16,2p,0
174,1,z:ilp,nat-oop,196,591,33.049,3.018,4.851e-16,2p,1
175,1,z:ilp,nat-oop,152,176,42.853,1.157,3.710e-16,chain3,0
175,1,z:ilp,nat-oop,152,177,42.846,1.163,3.710e-16,chain3,1
176,1,z:ilp,nat-oop,123,624,53.287,5.063,2.576e-16,2p,0
176,1,z:ilp,nat-oop,132,626,49.835,4.749,2.576e-16,2p,1
177,1,z:ilp,nat-oop,1003,1021,6.587,1.018,5.085e-16,prime,0
177,1,z:ilp,nat-oop,999,1024,6.615,1.025,5.085e-16,prime,1
178,1,z:ilp,nat-oop,1181,1493,5.636,1.264,3.807e-16,prime,0
178,1,z:ilp,nat-oop,965,1495,6.892,1.548,3.807e-16,prime,1
179,1,z:ilp,nat-oop,968,926,6.920,0.956,6.297e-16,prime,0
179,1,z:ilp,nat-oop,966,929,6.936,0.962,6.297e-16,prime,1
180,1,z:ilp,nat-oop,140,511,48.024,3.643,4.001e-16,2p,0
180,1,z:ilp,nat-oop,143,510,47.101,3.566,4.001e-16,2p,1
181,1,z:ilp,nat-oop,659,932,10.307,1.416,7.486e-16,prime,0
181,1,z:ilp,nat-oop,524,934,12.955,1.782,7.486e-16,prime,1
182,1,z:ilp,nat-oop,236,343,28.929,1.452,4.678e-16,flat,0
182,1,z:ilp,nat-oop,238,343,28.677,1.439,4.678e-16,flat,1
183,1,z:ilp,nat-oop,964,1084,7.137,1.125,5.087e-16,prime,0
183,1,z:ilp,nat-oop,966,1084,7.121,1.122,5.087e-16,prime,1
184,1,z:ilp,nat-oop,237,856,29.266,3.617,3.829e-16,2p,0
184,1,z:ilp,nat-oop,241,858,28.737,3.564,3.829e-16,2p,1
185,1,z:ilp,nat-oop,643,692,10.826,1.076,3.191e-16,2p,0
185,1,z:ilp,nat-oop,578,690,12.058,1.195,3.191e-16,2p,1
186,1,z:ilp,nat-oop,216,670,32.465,3.104,4.318e-16,2p,0
186,1,z:ilp,nat-oop,215,670,32.578,3.115,4.318e-16,2p,1
187,1,z:ilp,nat-oop,244,533,28.940,2.188,6.530e-16,flat,0
187,1,z:ilp,nat-oop,244,534,28.874,2.183,6.530e-16,flat,1
188,1,z:ilp,nat-oop,410,987,17.312,2.406,4.476e-16,2p,0
188,1,z:ilp,nat-oop,809,936,8.776,1.156,4.476e-16,2p,1
189,1,z:ilp,nat-oop,173,436,41.195,2.515,4.376e-16,chain3,0
189,1,z:ilp,nat-oop,168,481,42.525,2.865,4.376e-16,chain3,1
190,1,z:ilp,nat-oop,178,477,40.426,2.684,4.993e-16,2p,0
190,1,z:ilp,nat-oop,186,485,38.588,2.601,4.993e-16,2p,1
191,1,z:ilp,nat-oop,608,929,11.897,1.528,8.017e-16,prime,0
191,1,z:ilp,nat-oop,609,931,11.881,1.529,8.017e-16,prime,1
192,1,z:ilp,nat-oop,110,608,66.325,5.539,3.363e-16,2p,0
192,1,z:ilp,nat-oop,112,612,64.960,5.464,3.363e-16,2p,1
193,1,z:ilp,nat-oop,478,1030,15.343,2.157,6.242e-16,prime,0
193,1,z:ilp,nat-oop,476,931,15.383,1.956,6.242e-16,prime,1
194,1,z:ilp,nat-oop,977,1770,7.547,1.812,4.713e-16,prime,0
194,1,z:ilp,nat-oop,1012,1777,7.287,1.757,4.713e-16,prime,1
195,1,z:ilp,nat-oop,176,356,42.164,2.022,7.094e-16,chain3,0
195,1,z:ilp,nat-oop,176,357,42.216,2.033,7.094e-16,chain3,1
196,1,z:ilp,nat-oop,167,517,44.732,3.101,3.064e-16,chain3,0
196,1,z:ilp,nat-oop,166,522,44.881,3.141,3.064e-16,chain3,1
197,1,z:ilp,nat-oop,578,936,12.991,1.620,5.265e-16,prime,0
197,1,z:ilp,nat-oop,576,936,13.036,1.624,5.265e-16,prime,1
198,1,z:ilp,nat-oop,174,622,43.421,3.578,4.918e-16,chain3,0
198,1,z:ilp,nat-oop,171,659,44.069,3.843,4.918e-16,chain3,1
199,1,z:ilp,nat-oop,622,933,12.225,1.501,6.756e-16,prime,0
199,1,z:ilp,nat-oop,625,934,12.149,1.494,6.756e-16,prime,1
200,1,z:ilp,nat-oop,140,561,54.517,4.001,2.523e-16,chain3,0
200,1,z:ilp,nat-oop,139,560,54.835,4.018,2.523e-16,chain3,1
201,1,z:ilp,nat-oop,1033,1320,7.440,1.277,4.791e-16,prime,0
201,1,z:ilp,nat-oop,1016,1321,7.566,1.300,4.791e-16,prime,1
202,1,z:ilp,nat-oop,966,933,8.006,0.966,3.597e-16,prime,0
202,1,z:ilp,nat-oop,967,933,7.996,0.964,3.597e-16,prime,1
203,1,z:ilp,nat-oop,261,621,29.776,2.377,4.500e-16,2p,0
203,1,z:ilp,nat-oop,261,638,29.758,2.441,4.500e-16,2p,1
204,1,z:ilp,nat-oop,206,769,37.973,3.731,6.104e-16,chain3,0
204,1,z:ilp,nat-oop,194,766,40.345,3.951,6.104e-16,chain3,1
205,1,z:ilp,nat-oop,329,822,23.910,2.496,5.691e-16,2p,0
205,1,z:ilp,nat-oop,330,821,23.833,2.486,5.691e-16,2p,1
206,1,z:ilp,nat-oop,1079,937,7.337,0.868,6.127e-16,prime,0
206,1,z:ilp,nat-oop,1014,1105,7.810,1.090,6.127e-16,prime,1
207,1,z:ilp,nat-oop,452,606,17.633,1.342,4.996e-16,2p,0
207,1,z:ilp,nat-oop,271,603,29.370,2.226,4.996e-16,2p,1
208,1,z:ilp,nat-oop,151,755,53.191,5.015,6.746e-16,2p,0
208,1,z:ilp,nat-oop,149,759,53.586,5.081,6.746e-16,2p,1
209,1,z:ilp,nat-oop,217,662,37.134,3.050,5.053e-16,2p,0
209,1,z:ilp,nat-oop,218,662,37.019,3.044,5.053e-16,2p,1
210,1,z:ilp,nat-oop,167,515,48.636,3.091,3.539e-16,chain3,0
210,1,z:ilp,nat-oop,167,511,48.583,3.063,3.539e-16,chain3,1
211,1,z:ilp,nat-oop,703,936,11.587,1.332,7.054e-16,prime,0
211,1,z:ilp,nat-oop,690,940,11.805,1.363,7.054e-16,prime,1
212,1,z:ilp,nat-oop,1025,1146,7.993,1.118,6.048e-16,prime,0
212,1,z:ilp,nat-oop,1025,1136,7.994,1.109,6.048e-16,prime,1
213,1,z:ilp,nat-oop,1005,1495,8.194,1.487,4.040e-16,prime,0
213,1,z:ilp,nat-oop,999,1494,8.245,1.495,4.040e-16,prime,1
214,1,z:ilp,nat-oop,1007,943,8.224,0.936,4.866e-16,prime,0
214,1,z:ilp,nat-oop,1122,940,7.384,0.838,4.866e-16,prime,1
215,1,z:ilp,nat-oop,388,930,21.461,2.395,5.217e-16,flat,0
215,1,z:ilp,nat-oop,389,931,21.423,2.395,5.217e-16,flat,1
216,1,z:ilp,nat-oop,160,665,52.206,4.146,3.919e-16,2p,0
216,1,z:ilp,nat-oop,160,667,52.376,4.172,3.919e-16,2p,1
217,1,z:ilp,nat-oop,488,733,17.266,1.503,5.431e-16,2p,0
217,1,z:ilp,nat-oop,464,732,18.138,1.577,5.431e-16,2p,1
218,1,z:ilp,nat-oop,1174,1105,7.212,0.941,3.602e-16,prime,0
218,1,z:ilp,nat-oop,985,938,8.598,0.953,3.602e-16,prime,1
219,1,z:ilp,nat-oop,1025,1533,8.310,1.496,5.488e-16,prime,0
219,1,z:ilp,nat-oop,1061,1530,8.021,1.441,5.488e-16,prime,1
220,1,z:ilp,nat-oop,188,729,45.489,3.877,2.814e-16,chain3,0
220,1,z:ilp,nat-oop,195,730,43.864,3.743,2.814e-16,chain3,1
221,1,z:ilp,nat-oop,225,661,38.229,2.938,5.502e-16,2p,0
221,1,z:ilp,nat-oop,226,656,38.124,2.905,5.502e-16,2p,1
222,1,z:ilp,nat-oop,283,883,30.560,3.121,3.880e-16,2p,0
222,1,z:ilp,nat-oop,284,885,30.455,3.114,3.880e-16,2p,1
223,1,z:ilp,nat-oop,1006,941,8.650,0.935,8.415e-16,prime,0
223,1,z:ilp,nat-oop,1005,941,8.657,0.936,8.415e-16,prime,1
224,1,z:ilp,nat-oop,148,656,58.963,4.425,2.621e-16,2p,0
224,1,z:ilp,nat-oop,146,658,59.982,4.516,2.621e-16,2p,1
225,1,z:ilp,nat-oop,222,532,39.633,2.400,4.832e-16,2p,0
225,1,z:ilp,nat-oop,207,540,42.567,2.614,4.832e-16,2p,1
226,1,z:ilp,nat-oop,993,939,8.902,0.946,5.818e-16,prime,0
226,1,z:ilp,nat-oop,1016,943,8.695,0.928,5.818e-16,prime,1
227,1,z:ilp,nat-oop,980,941,9.066,0.961,8.366e-16,prime,0
227,1,z:ilp,nat-oop,979,943,9.077,0.964,8.366e-16,prime,1
228,1,z:ilp,nat-oop,327,931,27.273,2.844,1.376e-15,flat,0
228,1,z:ilp,nat-oop,329,931,27.171,2.834,1.376e-15,flat,1
229,1,z:ilp,nat-oop,732,961,12.261,1.312,6.259e-16,prime,0
229,1,z:ilp,nat-oop,732,942,12.270,1.287,6.259e-16,prime,1
230,1,z:ilp,nat-oop,233,689,38.776,2.960,5.370e-16,2p,0
230,1,z:ilp,nat-oop,235,680,38.397,2.896,5.370e-16,2p,1
231,1,z:ilp,nat-oop,214,428,42.340,2.000,3.545e-16,chain3,0
231,1,z:ilp,nat-oop,215,413,42.196,1.922,3.545e-16,chain3,1
232,1,z:ilp,nat-oop,340,1208,26.826,3.556,5.150e-16,flat,0
232,1,z:ilp,nat-oop,394,1166,23.131,2.960,5.150e-16,flat,1
233,1,z:ilp,nat-oop,984,944,9.310,0.959,5.849e-16,prime,0
233,1,z:ilp,nat-oop,987,942,9.285,0.954,5.849e-16,prime,1
234,1,z:ilp,nat-oop,231,767,39.778,3.311,6.362e-16,chain3,0
234,1,z:ilp,nat-oop,232,769,39.693,3.316,6.362e-16,chain3,1
235,1,z:ilp,nat-oop,1098,1121,8.432,1.022,3.362e-16,2p,0
235,1,z:ilp,nat-oop,1055,1128,8.771,1.069,3.362e-16,2p,1
236,1,z:ilp,nat-oop,1121,1411,8.300,1.259,5.955e-16,prime,0
236,1,z:ilp,nat-oop,1029,1412,9.037,1.372,5.955e-16,prime,1
237,1,z:ilp,nat-oop,1033,1833,9.047,1.774,7.225e-16,prime,0
237,1,z:ilp,nat-oop,1053,1834,8.881,1.742,7.225e-16,prime,1
238,1,z:ilp,nat-oop,348,529,26.961,1.519,1.183e-15,flat,0
238,1,z:ilp,nat-oop,353,527,26.601,1.493,1.183e-15,flat,1
239,1,z:ilp,nat-oop,1048,950,9.009,0.907,8.529e-16,prime,0
239,1,z:ilp,nat-oop,1072,948,8.806,0.884,8.529e-16,prime,1
240,1,z:ilp,nat-oop,169,707,56.066,4.178,4.723e-16,2p,0
240,1,z:ilp,nat-oop,169,714,56.230,4.232,4.723e-16,2p,1
241,1,z:ilp,nat-oop,733,945,13.016,1.291,5.037e-16,prime,0
241,1,z:ilp,nat-oop,655,947,14.568,1.447,5.037e-16,prime,1
242,1,z:ilp,nat-oop,327,650,29.297,1.986,8.697e-16,flat,0
242,1,z:ilp,nat-oop,335,648,28.620,1.937,8.697e-16,flat,1
243,1,z:ilp,nat-oop,237,602,40.695,2.543,6.483e-16,2p,0
243,1,z:ilp,nat-oop,217,599,44.395,2.762,6.483e-16,2p,1
244,1,z:ilp,nat-oop,1088,1502,8.893,1.380,4.375e-16,prime,0
244,1,z:ilp,nat-oop,1063,1498,9.102,1.410,4.375e-16,prime,1
245,1,z:ilp,nat-oop,228,265,42.650,1.160,3.044e-16,chain3,0
245,1,z:ilp,nat-oop,229,262,42.453,1.144,3.044e-16,chain3,1
246,1,z:ilp,nat-oop,341,1044,28.618,3.059,3.201e-16,2p,0
246,1,z:ilp,nat-oop,338,1047,28.862,3.093,3.201e-16,2p,1
247,1,z:ilp,nat-oop,270,810,36.354,2.998,5.173e-16,2p,0
247,1,z:ilp,nat-oop,292,811,33.576,2.773,5.173e-16,2p,1
248,1,z:ilp,nat-oop,477,1311,20.659,2.746,7.150e-16,flat,0
248,1,z:ilp,nat-oop,492,1314,20.040,2.670,7.150e-16,flat,1
249,1,z:ilp,nat-oop,1022,1991,9.696,1.948,5.628e-16,prime,0
249,1,z:ilp,nat-oop,1024,2009,9.675,1.961,5.628e-16,prime,1
250,1,z:ilp,nat-oop,189,556,52.633,2.938,3.747e-16,chain3,0
250,1,z:ilp,nat-oop,189,565,52.609,2.983,3.747e-16,chain3,1
251,1,z:ilp,nat-oop,703,949,14.235,1.350,7.202e-16,prime,0
251,1,z:ilp,nat-oop,777,947,12.868,1.218,7.202e-16,prime,1
252,1,z:ilp,nat-oop,209,706,48.071,3.376,4.504e-16,chain3,0
252,1,z:ilp,nat-oop,209,708,48.097,3.386,4.504e-16,chain3,1
253,1,z:ilp,nat-oop,299,907,33.734,3.029,7.129e-16,2p,0
253,1,z:ilp,nat-oop,295,909,34.274,3.084,7.129e-16,2p,1
254,1,z:ilp,nat-oop,1004,955,10.101,0.951,4.294e-16,prime,0
254,1,z:ilp,nat-oop,1006,964,10.081,0.958,4.294e-16,prime,1
255,1,z:ilp,nat-oop,255,560,39.925,2.195,6.075e-16,2p,0
255,1,z:ilp,nat-oop,257,565,39.645,2.198,6.075e-16,2p,1
256,1,z:ilp,nat-oop,135,145,75.857,1.076,0.000e+00,2p,0
256,1,z:ilp,nat-oop,135,144,76.023,1.071,0.000e+00,2p,1
257,1,z:ilp,nat-oop,659,2060,15.603,3.124,5.803e-16,prime,0
257,1,z:ilp,nat-oop,663,2060,15.516,3.107,5.803e-16,prime,1
258,1,z:ilp,nat-oop,508,1187,20.349,2.337,4.634e-16,2p,0
258,1,z:ilp,nat-oop,512,1187,20.170,2.316,4.634e-16,2p,1
259,1,z:ilp,nat-oop,376,973,27.627,2.590,4.061e-16,2p,0
259,1,z:ilp,nat-oop,376,1051,27.640,2.798,4.061e-16,2p,1
260,1,z:ilp,nat-oop,226,888,46.144,3.928,4.121e-16,chain3,0
260,1,z:ilp,nat-oop,226,890,46.229,3.943,4.121e-16,chain3,1
261,1,z:ilp,nat-oop,335,857,31.260,2.558,4.241e-16,2p,0
261,1,z:ilp,nat-oop,335,857,31.316,2.562,4.241e-16,2p,1
262,1,z:ilp,nat-oop,2064,2087,5.098,1.011,5.493e-16,prime,0
262,1,z:ilp,nat-oop,2055,2065,5.122,1.005,5.493e-16,prime,1
263,1,z:ilp,nat-oop,2064,2069,5.122,1.003,5.402e-16,prime,0
263,1,z:ilp,nat-oop,2067,2068,5.115,1.001,5.402e-16,prime,1
264,1,z:ilp,nat-oop,225,929,47.121,4.124,3.773e-16,chain3,0
264,1,z:ilp,nat-oop,225,923,47.154,4.098,3.773e-16,chain3,1
265,1,z:ilp,nat-oop,2143,1376,4.977,0.642,5.748e-16,prime,0
265,1,z:ilp,nat-oop,2064,1369,5.168,0.663,5.748e-16,prime,1
266,1,z:ilp,nat-oop,395,674,27.143,1.707,5.998e-16,flat,0
266,1,z:ilp,nat-oop,567,672,18.898,1.186,5.998e-16,flat,1
267,1,z:ilp,nat-oop,2053,2258,5.241,1.100,4.926e-16,prime,0
267,1,z:ilp,nat-oop,2046,2264,5.259,1.107,4.926e-16,prime,1
268,1,z:ilp,nat-oop,2227,1822,4.854,0.818,6.915e-16,prime,0
268,1,z:ilp,nat-oop,2177,1813,4.966,0.833,6.915e-16,prime,1
269,1,z:ilp,nat-oop,2132,2069,5.092,0.971,6.184e-16,prime,0
269,1,z:ilp,nat-oop,2128,2078,5.102,0.977,6.184e-16,prime,1
270,1,z:ilp,nat-oop,223,705,48.867,3.158,4.928e-16,chain3,0
270,1,z:ilp,nat-oop,223,708,48.906,3.175,4.928e-16,chain3,1
271,1,z:ilp,nat-oop,796,2077,13.760,2.609,7.187e-16,prime,0
271,1,z:ilp,nat-oop,792,2078,13.825,2.624,7.187e-16,prime,1
272,1,z:ilp,nat-oop,218,1066,50.431,4.886,5.177e-16,2p,0
272,1,z:ilp,nat-oop,258,1064,42.575,4.117,5.177e-16,2p,1
273,1,z:ilp,nat-oop,262,514,42.203,1.965,6.814e-16,2p,0
273,1,z:ilp,nat-oop,265,514,41.656,1.938,6.814e-16,2p,1
274,1,z:ilp,nat-oop,2195,2076,5.054,0.946,5.844e-16,prime,0
274,1,z:ilp,nat-oop,2188,2071,5.071,0.946,5.844e-16,prime,1
275,1,z:ilp,nat-oop,256,488,43.579,1.909,3.412e-16,chain3,0
275,1,z:ilp,nat-oop,252,488,44.275,1.937,3.412e-16,chain3,1
276,1,z:ilp,nat-oop,290,1298,38.563,4.473,4.483e-16,2p,0
276,1,z:ilp,nat-oop,290,1288,38.652,4.449,4.483e-16,2p,1
277,1,z:ilp,nat-oop,1066,2075,10.544,1.947,7.463e-16,prime,0
277,1,z:ilp,nat-oop,996,2075,11.280,2.083,7.463e-16,prime,1
278,1,z:ilp,nat-oop,2239,2072,5.041,0.925,4.861e-16,prime,0
278,1,z:ilp,nat-oop,2216,2071,5.092,0.935,4.861e-16,prime,1
279,1,z:ilp,nat-oop,647,1005,17.510,1.553,4.342e-16,2p,0
279,1,z:ilp,nat-oop,607,1008,18.684,1.662,4.342e-16,2p,1
280,1,z:ilp,nat-oop,210,776,54.172,3.693,3.916e-16,chain3,0
280,1,z:ilp,nat-oop,210,774,54.107,3.682,3.916e-16,chain3,1
281,1,z:ilp,nat-oop,827,2066,13.825,2.500,6.308e-16,prime,0
281,1,z:ilp,nat-oop,816,2072,14.009,2.540,6.308e-16,prime,1
282,1,z:ilp,nat-oop,632,1434,18.170,2.270,4.314e-16,2p,0
282,1,z:ilp,nat-oop,634,1417,18.093,2.233,4.314e-16,2p,1
283,1,z:ilp,nat-oop,2216,2076,5.200,0.937,5.375e-16,prime,0
283,1,z:ilp,nat-oop,2171,2076,5.309,0.956,5.375e-16,prime,1
284,1,z:ilp,nat-oop,2153,2057,5.375,0.955,3.310e-16,prime,0
284,1,z:ilp,nat-oop,2135,2055,5.420,0.962,3.310e-16,prime,1
285,1,z:ilp,nat-oop,328,714,35.475,2.180,4.441e-16,2p,0
285,1,z:ilp,nat-oop,333,716,34.908,2.149,4.441e-16,2p,1
286,1,z:ilp,nat-oop,410,794,28.486,1.938,5.555e-16,flat,0
286,1,z:ilp,nat-oop,408,791,28.625,1.941,5.555e-16,flat,1
287,1,z:ilp,nat-oop,451,1159,25.970,2.570,3.687e-16,2p,0
287,1,z:ilp,nat-oop,451,1159,25.969,2.569,3.687e-16,2p,1
288,1,z:ilp,nat-oop,198,915,59.503,4.627,3.774e-16,2p,0
288,1,z:ilp,nat-oop,198,899,59.338,4.537,3.774e-16,2p,1
289,1,z:ilp,nat-oop,357,984,33.128,2.759,7.914e-16,2p,0
289,1,z:ilp,nat-oop,362,984,32.656,2.721,7.914e-16,2p,1
290,1,z:ilp,nat-oop,333,950,35.613,2.852,4.976e-16,2p,0
290,1,z:ilp,nat-oop,333,951,35.604,2.856,4.976e-16,2p,1
291,1,z:ilp,nat-oop,2076,2669,5.736,1.286,6.717e-16,prime,0
291,1,z:ilp,nat-oop,2070,2668,5.754,1.289,6.717e-16,prime,1
292,1,z:ilp,nat-oop,2081,2103,5.747,1.011,5.148e-16,prime,0
292,1,z:ilp,nat-oop,2079,2102,5.750,1.011,5.148e-16,prime,1
293,1,z:ilp,nat-oop,2149,2085,5.587,0.970,4.604e-16,prime,0
293,1,z:ilp,nat-oop,2132,2089,5.631,0.980,4.604e-16,prime,1
294,1,z:ilp,nat-oop,253,668,47.606,2.639,3.651e-16,chain3,0
294,1,z:ilp,nat-oop,253,691,47.567,2.728,3.651e-16,chain3,1
295,1,z:ilp,nat-oop,2085,1707,5.804,0.819,4.388e-16,prime,0
295,1,z:ilp,nat-oop,2070,1713,5.845,0.827,4.388e-16,prime,1
296,1,z:ilp,nat-oop,372,1742,32.644,4.682,3.964e-16,2p,0
296,1,z:ilp,nat-oop,372,1683,32.693,4.530,3.964e-16,2p,1
297,1,z:ilp,nat-oop,287,886,42.511,3.089,5.212e-16,chain3,0
297,1,z:ilp,nat-oop,287,929,42.572,3.241,5.212e-16,chain3,1
298,1,z:ilp,nat-oop,3091,2081,3.962,0.673,6.474e-16,prime,0
298,1,z:ilp,nat-oop,2221,2084,5.515,0.938,6.474e-16,prime,1
299,1,z:ilp,nat-oop,360,1105,34.193,3.073,4.954e-16,2p,0
299,1,z:ilp,nat-oop,356,1105,34.514,3.102,4.954e-16,2p,1
300,1,z:ilp,nat-oop,256,839,48.297,3.283,4.109e-16,chain3,0
300,1,z:ilp,nat-oop,233,836,52.933,3.583,4.109e-16,chain3,1
301,1,z:ilp,nat-oop,556,1316,22.289,2.367,4.613e-16,flat,0
301,1,z:ilp,nat-oop,554,1314,22.360,2.372,4.613e-16,flat,1
302,1,z:ilp,nat-oop,2207,2081,5.637,0.943,5.617e-16,prime,0
302,1,z:ilp,nat-oop,2070,2087,6.009,1.008,5.617e-16,prime,1
303,1,z:ilp,nat-oop,2091,2092,5.973,1.001,4.091e-16,prime,0
303,1,z:ilp,nat-oop,2073,2088,6.024,1.007,4.091e-16,prime,1
304,1,z:ilp,nat-oop,421,1299,29.759,3.085,2.721e-16,2p,0
304,1,z:ilp,nat-oop,307,1303,40.900,4.250,2.721e-16,2p,1
305,1,z:ilp,nat-oop,2104,1798,5.981,0.854,5.532e-16,prime,0
305,1,z:ilp,nat-oop,2095,1801,6.008,0.860,5.532e-16,prime,1
306,1,z:ilp,nat-oop,335,1079,37.765,3.225,6.009e-16,chain3,0
306,1,z:ilp,nat-oop,341,1080,37.072,3.169,6.009e-16,chain3,1
307,1,z:ilp,nat-oop,1216,2095,10.426,1.722,9.143e-16,prime,0
307,1,z:ilp,nat-oop,1252,2090,10.128,1.669,9.143e-16,prime,1
308,1,z:ilp,nat-oop,287,1029,44.331,3.583,4.526e-16,chain3,0
308,1,z:ilp,nat-oop,274,1055,46.485,3.850,4.526e-16,chain3,1
309,1,z:ilp,nat-oop,2150,2092,5.944,0.973,6.048e-16,prime,0
309,1,z:ilp,nat-oop,2154,2093,5.933,0.972,6.048e-16,prime,1
310,1,z:ilp,nat-oop,667,1119,19.222,1.677,3.950e-16,2p,0
310,1,z:ilp,nat-oop,728,1117,17.624,1.534,3.950e-16,2p,1
311,1,z:ilp,nat-oop,1302,2092,9.887,1.606,7.127e-16,prime,0
311,1,z:ilp,nat-oop,1292,2084,9.965,1.613,7.127e-16,prime,1
312,1,z:ilp,nat-oop,277,1126,46.660,4.065,5.067e-16,chain3,0
312,1,z:ilp,nat-oop,276,1126,46.885,4.086,5.067e-16,chain3,1
313,1,z:ilp,nat-oop,1076,2089,12.055,1.941,9.633e-16,prime,0
313,1,z:ilp,nat-oop,1079,2087,12.023,1.934,9.633e-16,prime,1
314,1,z:ilp,nat-oop,2298,2085,5.667,0.907,4.316e-16,prime,0
314,1,z:ilp,nat-oop,2082,2083,6.254,1.000,4.316e-16,prime,1
315,1,z:ilp,nat-oop,294,720,44.501,2.451,7.916e-16,chain3,0
315,1,z:ilp,nat-oop,292,736,44.800,2.524,7.916e-16,chain3,1
316,1,z:ilp,nat-oop,2185,2516,6.004,1.151,4.420e-16,prime,0
316,1,z:ilp,nat-oop,2225,2656,5.897,1.194,4.420e-16,prime,1
317,1,z:ilp,nat-oop,2179,2091,6.044,0.959,6.286e-16,prime,0
317,1,z:ilp,nat-oop,2196,2089,5.997,0.951,6.286e-16,prime,1
318,1,z:ilp,nat-oop,2085,1721,6.340,0.825,4.704e-16,prime,0
318,1,z:ilp,nat-oop,2080,1718,6.355,0.826,4.704e-16,prime,1
319,1,z:ilp,nat-oop,422,1264,31.422,2.993,5.635e-16,2p,0
319,1,z:ilp,nat-oop,424,1264,31.255,2.978,5.635e-16,2p,1
320,1,z:ilp,nat-oop,206,952,64.570,4.616,2.967e-16,2p,0
320,1,z:ilp,nat-oop,205,959,64.827,4.669,2.967e-16,2p,1
321,1,z:ilp,nat-oop,2104,2126,6.351,1.010,6.051e-16,prime,0
321,1,z:ilp,nat-oop,2110,2079,6.335,0.986,6.051e-16,prime,1
322,1,z:ilp,nat-oop,524,959,25.593,1.830,4.939e-16,flat,0
322,1,z:ilp,nat-oop,518,945,25.894,1.824,4.939e-16,flat,1
323,1,z:ilp,nat-oop,416,1202,32.343,2.887,6.774e-16,2p,0
323,1,z:ilp,nat-oop,419,1202,32.151,2.872,6.774e-16,2p,1
324,1,z:ilp,nat-oop,271,989,49.773,3.644,4.599e-16,chain3,0
324,1,z:ilp,nat-oop,306,1014,44.141,3.313,4.599e-16,chain3,1
325,1,z:ilp,nat-oop,318,607,42.627,1.909,7.456e-16,2p,0
325,1,z:ilp,nat-oop,322,605,42.060,1.875,7.456e-16,2p,1
326,1,z:ilp,nat-oop,2222,2089,6.123,0.940,5.403e-16,prime,0
326,1,z:ilp,nat-oop,2210,2082,6.157,0.942,5.403e-16,prime,1
327,1,z:ilp,nat-oop,2104,2095,6.491,0.996,6.582e-16,prime,0
327,1,z:ilp,nat-oop,2094,2103,6.523,1.005,6.582e-16,prime,1
328,1,z:ilp,nat-oop,611,1944,22.417,3.180,3.916e-16,2p,0
328,1,z:ilp,nat-oop,954,1951,14.367,2.045,3.916e-16,2p,1
329,1,z:ilp,nat-oop,635,1584,21.679,2.496,4.275e-16,flat,0
329,1,z:ilp,nat-oop,634,1586,21.692,2.501,4.275e-16,flat,1
330,1,z:ilp,nat-oop,301,1038,45.840,3.446,5.322e-16,chain3,0
330,1,z:ilp,nat-oop,302,1045,45.755,3.465,5.322e-16,chain3,1
331,1,z:ilp,nat-oop,1109,2089,12.495,1.884,5.737e-16,prime,0
331,1,z:ilp,nat-oop,1143,2091,12.125,1.830,5.737e-16,prime,1
332,1,z:ilp,nat-oop,2086,2736,6.666,1.312,6.507e-16,prime,0
332,1,z:ilp,nat-oop,2105,2734,6.605,1.299,6.507e-16,prime,1
333,1,z:ilp,nat-oop,1122,1324,12.437,1.180,5.936e-16,2p,0
333,1,z:ilp,nat-oop,999,1331,13.968,1.332,5.936e-16,2p,1
334,1,z:ilp,nat-oop,2140,2088,6.543,0.976,5.268e-16,prime,0
334,1,z:ilp,nat-oop,2131,2091,6.571,0.981,5.268e-16,prime,1
335,1,z:ilp,nat-oop,2241,2204,6.268,0.983,5.949e-16,prime,0
335,1,z:ilp,nat-oop,2216,2218,6.341,1.001,5.949e-16,prime,1
336,1,z:ilp,nat-oop,261,975,54.008,3.735,3.175e-16,2p,0
336,1,z:ilp,nat-oop,245,973,57.552,3.972,3.175e-16,2p,1
337,1,z:ilp,nat-oop,1073,2085,13.187,1.943,8.051e-16,prime,0
337,1,z:ilp,nat-oop,1051,2123,13.456,2.019,8.051e-16,prime,1
338,1,z:ilp,nat-oop,496,975,28.621,1.965,9.796e-16,flat,0
338,1,z:ilp,nat-oop,487,974,29.127,1.998,9.796e-16,flat,1
339,1,z:ilp,nat-oop,2527,2091,5.639,0.828,6.276e-16,prime,0
339,1,z:ilp,nat-oop,2395,2094,5.949,0.874,6.276e-16,prime,1
340,1,z:ilp,nat-oop,361,1270,39.582,3.515,6.307e-16,chain3,0
340,1,z:ilp,nat-oop,338,1284,42.267,3.798,6.307e-16,chain3,1
341,1,z:ilp,nat-oop,598,1461,23.990,2.444,6.769e-16,flat,0
341,1,z:ilp,nat-oop,719,1485,19.948,2.064,6.769e-16,flat,1
342,1,z:ilp,nat-oop,763,1319,18.876,1.730,4.179e-16,chain3,0
342,1,z:ilp,nat-oop,380,1318,37.906,3.471,4.179e-16,chain3,1
343,1,z:ilp,nat-oop,348,374,41.530,1.074,4.855e-16,chain3,0
343,1,z:ilp,nat-oop,352,383,41.073,1.090,4.855e-16,chain3,1
344,1,z:ilp,nat-oop,489,2152,29.652,4.404,4.398e-16,2p,0
344,1,z:ilp,nat-oop,491,2147,29.496,4.369,4.398e-16,2p,1
345,1,z:ilp,nat-oop,793,1017,18.330,1.282,5.894e-16,2p,0
345,1,z:ilp,nat-oop,477,1008,30.516,2.116,5.894e-16,2p,1
346,1,z:ilp,nat-oop,2174,2101,6.713,0.967,5.081e-16,prime,0
346,1,z:ilp,nat-oop,2214,2091,6.591,0.944,5.081e-16,prime,1
347,1,z:ilp,nat-oop,2116,2100,6.920,0.993,5.926e-16,prime,0
347,1,z:ilp,nat-oop,2145,2102,6.826,0.980,5.926e-16,prime,1
348,1,z:ilp,nat-oop,417,1700,35.205,4.074,4.547e-16,2p,0
348,1,z:ilp,nat-oop,419,1753,35.036,4.182,4.547e-16,2p,1
349,1,z:ilp,nat-oop,1451,2090,10.159,1.441,7.799e-16,prime,0
349,1,z:ilp,nat-oop,1881,2092,7.834,1.112,7.799e-16,prime,1
350,1,z:ilp,nat-oop,284,778,52.013,2.737,2.621e-16,chain3,0
350,1,z:ilp,nat-oop,284,641,52.006,2.256,2.621e-16,chain3,1
351,1,z:ilp,nat-oop,350,1108,42.341,3.161,5.707e-16,chain3,0
351,1,z:ilp,nat-oop,348,1108,42.617,3.181,5.707e-16,chain3,1
352,1,z:ilp,nat-oop,259,1266,57.443,4.886,2.128e-16,2p,0
352,1,z:ilp,nat-oop,286,1267,52.019,4.426,2.128e-16,2p,1
353,1,z:ilp,nat-oop,1039,2128,14.374,2.047,6.544e-16,prime,0
353,1,z:ilp,nat-oop,1031,2091,14.492,2.029,6.544e-16,prime,1
354,1,z:ilp,nat-oop,2239,2127,6.695,0.950,5.404e-16,prime,0
354,1,z:ilp,nat-oop,2237,2130,6.700,0.952,5.404e-16,prime,1
355,1,z:ilp,nat-oop,2092,2513,7.187,1.201,4.714e-16,prime,0
355,1,z:ilp,nat-oop,2106,2499,7.141,1.187,4.714e-16,prime,1
356,1,z:ilp,nat-oop,2215,3108,6.811,1.403,5.542e-16,prime,0
356,1,z:ilp,nat-oop,2201,3090,6.856,1.404,5.542e-16,prime,1
357,1,z:ilp,nat-oop,409,792,36.990,1.935,5.570e-16,chain3,0
357,1,z:ilp,nat-oop,450,792,33.670,1.761,5.570e-16,chain3,1
358,1,z:ilp,nat-oop,2143,2094,7.088,0.977,5.205e-16,prime,0
358,1,z:ilp,nat-oop,2113,2092,7.186,0.990,5.205e-16,prime,1
359,1,z:ilp,nat-oop,2127,2099,7.163,0.987,6.709e-16,prime,0
359,1,z:ilp,nat-oop,2108,2107,7.228,1.000,6.709e-16,prime,1
360,1,z:ilp,nat-oop,294,1049,52.018,3.569,4.920e-16,chain3,0
360,1,z:ilp,nat-oop,294,1063,51.967,3.615,4.920e-16,chain3,1
361,1,z:ilp,nat-oop,639,1465,23.983,2.291,4.960e-16,2p,0
361,1,z:ilp,nat-oop,477,1468,32.117,3.074,4.960e-16,2p,1
362,1,z:ilp,nat-oop,2118,2109,7.265,0.996,5.703e-16,prime,0
362,1,z:ilp,nat-oop,2116,2097,7.270,0.991,5.703e-16,prime,1
363,1,z:ilp,nat-oop,371,979,41.565,2.635,3.334e-16,chain3,0
363,1,z:ilp,nat-oop,376,979,41.000,2.601,3.334e-16,chain3,1
364,1,z:ilp,nat-oop,424,1254,36.557,2.960,5.567e-16,chain3,0
364,1,z:ilp,nat-oop,338,1252,45.853,3.708,5.567e-16,chain3,1
365,1,z:ilp,nat-oop,2138,2568,7.266,1.201,7.920e-16,prime,0
365,1,z:ilp,nat-oop,2102,2561,7.391,1.218,7.920e-16,prime,1
366,1,z:ilp,nat-oop,2308,2290,6.751,0.992,4.628e-16,prime,0
366,1,z:ilp,nat-oop,2317,2259,6.724,0.975,4.628e-16,prime,1
367,1,z:ilp,nat-oop,2699,2100,5.793,0.778,6.456e-16,prime,0
367,1,z:ilp,nat-oop,2207,2117,7.083,0.959,6.456e-16,prime,1
368,1,z:ilp,nat-oop,544,1736,28.855,3.194,3.756e-16,2p,0
368,1,z:ilp,nat-oop,478,1734,32.843,3.632,3.756e-16,2p,1
369,1,z:ilp,nat-oop,999,1568,15.756,1.570,5.392e-16,2p,0
369,1,z:ilp,nat-oop,1291,1574,12.189,1.219,5.392e-16,2p,1
370,1,z:ilp,nat-oop,485,1472,32.539,3.034,3.720e-16,2p,0
370,1,z:ilp,nat-oop,484,1480,32.593,3.056,3.720e-16,2p,1
371,1,z:ilp,nat-oop,2192,1950,7.224,0.890,4.879e-16,prime,0
371,1,z:ilp,nat-oop,2192,1932,7.222,0.881,4.879e-16,prime,1
372,1,z:ilp,nat-oop,792,1986,20.055,2.508,5.281e-16,flat,0
372,1,z:ilp,nat-oop,739,1953,21.495,2.643,5.281e-16,flat,1
373,1,z:ilp,nat-oop,2114,2101,7.536,0.994,6.909e-16,prime,0
373,1,z:ilp,nat-oop,2121,2111,7.513,0.995,6.909e-16,prime,1
374,1,z:ilp,nat-oop,558,1266,28.657,2.270,1.120e-15,flat,0
374,1,z:ilp,nat-oop,553,1161,28.914,2.100,1.120e-15,flat,1
375,1,z:ilp,nat-oop,355,821,45.152,2.313,6.788e-16,chain3,0
375,1,z:ilp,nat-oop,349,823,45.989,2.361,6.788e-16,chain3,1
376,1,z:ilp,nat-oop,831,2567,19.362,3.091,5.085e-16,2p,0
376,1,z:ilp,nat-oop,827,2523,19.446,3.051,5.085e-16,2p,1
377,1,z:ilp,nat-oop,782,1538,20.632,1.967,6.223e-16,2p,0
377,1,z:ilp,nat-oop,781,1541,20.664,1.974,6.223e-16,2p,1
378,1,z:ilp,nat-oop,336,989,48.173,2.943,4.786e-16,chain3,0
378,1,z:ilp,nat-oop,336,994,48.175,2.960,4.786e-16,chain3,1
379,1,z:ilp,nat-oop,1711,2113,9.486,1.235,1.108e-15,prime,0
379,1,z:ilp,nat-oop,1674,2106,9.697,1.258,1.108e-15,prime,1
380,1,z:ilp,nat-oop,430,1585,37.891,3.689,3.726e-16,chain3,0
380,1,z:ilp,nat-oop,408,1537,39.890,3.764,3.726e-16,chain3,1
381,1,z:ilp,nat-oop,2129,2101,7.673,0.987,5.234e-16,prime,0
381,1,z:ilp,nat-oop,2112,2115,7.732,1.001,5.234e-16,prime,1
382,1,z:ilp,nat-oop,2151,2106,7.618,0.979,7.207e-16,prime,0
382,1,z:ilp,nat-oop,2114,2104,7.748,0.995,7.207e-16,prime,1
383,1,z:ilp,nat-oop,2254,2114,7.292,0.938,6.439e-16,prime,0
383,1,z:ilp,nat-oop,2325,2126,7.068,0.915,6.439e-16,prime,1
384,1,z:ilp,nat-oop,252,1231,65.379,4.883,3.018e-16,2p,0
384,1,z:ilp,nat-oop,252,1232,65.474,4.894,3.018e-16,2p,1
385,1,z:ilp,nat-oop,378,699,43.748,1.849,5.637e-16,chain3,0
385,1,z:ilp,nat-oop,373,698,44.296,1.870,5.637e-16,chain3,1
386,1,z:ilp,nat-oop,2272,2112,7.298,0.929,7.630e-16,prime,0
386,1,z:ilp,nat-oop,2346,2121,7.069,0.904,7.630e-16,prime,1
387,1,z:ilp,nat-oop,625,1778,26.598,2.843,5.414e-16,2p,0
387,1,z:ilp,nat-oop,626,1770,26.562,2.826,5.414e-16,2p,1
388,1,z:ilp,nat-oop,2202,3680,7.578,1.672,4.725e-16,prime,0
388,1,z:ilp,nat-oop,2197,3656,7.594,1.664,4.725e-16,prime,1
389,1,z:ilp,nat-oop,2206,2109,7.586,0.956,6.068e-16,prime,0
389,1,z:ilp,nat-oop,2124,2113,7.878,0.995,6.068e-16,prime,1
390,1,z:ilp,nat-oop,367,1285,45.693,3.497,6.249e-16,chain3,0
390,1,z:ilp,nat-oop,370,1275,45.338,3.443,6.249e-16,chain3,1
391,1,z:ilp,nat-oop,551,1619,30.547,2.939,6.668e-16,2p,0
391,1,z:ilp,nat-oop,547,1619,30.772,2.960,6.668e-16,2p,1
392,1,z:ilp,nat-oop,332,1098,50.811,3.305,2.691e-16,chain3,0
392,1,z:ilp,nat-oop,331,1085,50.974,3.274,2.691e-16,chain3,1
393,1,z:ilp,nat-oop,2275,2108,7.445,0.927,7.438e-16,prime,0
393,1,z:ilp,nat-oop,2266,2114,7.472,0.933,7.438e-16,prime,1
394,1,z:ilp,nat-oop,2142,2115,7.928,0.987,5.961e-16,prime,0
394,1,z:ilp,nat-oop,2263,2109,7.504,0.932,5.961e-16,prime,1
395,1,z:ilp,nat-oop,2129,3071,8.001,1.443,5.096e-16,prime,0
395,1,z:ilp,nat-oop,2141,3072,7.959,1.435,5.096e-16,prime,1
396,1,z:ilp,nat-oop,372,1399,45.890,3.758,4.465e-16,chain3,0
396,1,z:ilp,nat-oop,377,1384,45.296,3.670,4.465e-16,chain3,1
397,1,z:ilp,nat-oop,1533,2135,11.180,1.393,8.852e-16,prime,0
397,1,z:ilp,nat-oop,1535,2119,11.167,1.381,8.852e-16,prime,1
398,1,z:ilp,nat-oop,2160,2110,7.958,0.977,5.621e-16,prime,0
398,1,z:ilp,nat-oop,2202,2104,7.805,0.956,5.621e-16,prime,1
399,1,z:ilp,nat-oop,466,1030,37.015,2.212,6.187e-16,chain3,0
399,1,z:ilp,nat-oop,491,1012,35.122,2.061,6.187e-16,chain3,1
400,1,z:ilp,nat-oop,308,1147,56.089,3.722,3.599e-16,2p,0
400,1,z:ilp,nat-oop,309,1153,55.961,3.733,3.599e-16,2p,1
401,1,z:ilp,nat-oop,1451,2110,11.953,1.454,7.553e-16,prime,0
401,1,z:ilp,nat-oop,1416,2118,12.246,1.496,7.553e-16,prime,1
402,1,z:ilp,nat-oop,2356,2756,7.381,1.170,5.914e-16,prime,0
402,1,z:ilp,nat-oop,2280,2747,7.626,1.205,5.914e-16,prime,1
403,1,z:ilp,nat-oop,701,1774,24.890,2.532,6.436e-16,2p,0
403,1,z:ilp,nat-oop,707,1776,24.681,2.513,6.436e-16,2p,1
404,1,z:ilp,nat-oop,2317,2124,7.549,0.917,4.934e-16,prime,0
404,1,z:ilp,nat-oop,2329,2119,7.510,0.910,4.934e-16,prime,1
405,1,z:ilp,nat-oop,386,974,45.465,2.524,5.247e-16,chain3,0
405,1,z:ilp,nat-oop,378,977,46.416,2.586,5.247e-16,chain3,1
406,1,z:ilp,nat-oop,717,1350,24.526,1.883,5.625e-16,flat,0
406,1,z:ilp,nat-oop,752,1345,23.403,1.790,5.625e-16,flat,1
407,1,z:ilp,nat-oop,606,1904,29.121,3.144,4.142e-16,2p,0
407,1,z:ilp,nat-oop,605,1912,29.180,3.162,4.142e-16,2p,1
408,1,z:ilp,nat-oop,439,1608,40.260,3.658,5.066e-16,chain3,0
408,1,z:ilp,nat-oop,420,1614,42.131,3.843,5.066e-16,chain3,1
409,1,z:ilp,nat-oop,1662,2108,10.675,1.268,8.091e-16,prime,0
409,1,z:ilp,nat-oop,1659,2125,10.696,1.281,8.091e-16,prime,1
410,1,z:ilp,nat-oop,791,1749,22.502,2.212,4.945e-16,2p,0
410,1,z:ilp,nat-oop,803,1751,22.151,2.180,4.945e-16,2p,1
411,1,z:ilp,nat-oop,2393,2116,7.455,0.884,1.025e-15,prime,0
411,1,z:ilp,nat-oop,2367,2125,7.537,0.897,1.025e-15,prime,1
412,1,z:ilp,nat-oop,2255,2255,7.936,1.000,5.540e-16,prime,0
412,1,z:ilp,nat-oop,2254,2127,7.940,0.944,5.540e-16,prime,1
413,1,z:ilp,nat-oop,2234,2403,8.034,1.076,4.854e-16,prime,0
413,1,z:ilp,nat-oop,2224,2408,8.067,1.083,4.854e-16,prime,1
414,1,z:ilp,nat-oop,515,1826,34.926,3.544,5.326e-16,chain3,0
414,1,z:ilp,nat-oop,511,1792,35.198,3.504,5.326e-16,chain3,1
415,1,z:ilp,nat-oop,2276,3381,7.927,1.485,4.736e-16,prime,0
415,1,z:ilp,nat-oop,2284,3390,7.900,1.484,4.736e-16,prime,1
416,1,z:ilp,nat-oop,327,1546,55.374,4.732,5.361e-16,2p,0
416,1,z:ilp,nat-oop,315,1539,57.403,4.881,5.361e-16,2p,1
417,1,z:ilp,nat-oop,2300,2112,7.892,0.918,6.403e-16,prime,0
417,1,z:ilp,nat-oop,2291,2134,7.922,0.932,6.403e-16,prime,1
418,1,z:ilp,nat-oop,658,1432,27.645,2.175,1.005e-15,flat,0
418,1,z:ilp,nat-oop,711,1438,25.588,2.022,1.005e-15,flat,1
419,1,z:ilp,nat-oop,2215,2120,8.241,0.957,6.047e-16,prime,0
419,1,z:ilp,nat-oop,2177,2115,8.382,0.971,6.047e-16,prime,1
420,1,z:ilp,nat-oop,358,1172,51.090,3.272,5.202e-16,chain3,0
420,1,z:ilp,nat-oop,357,1162,51.204,3.251,5.202e-16,chain3,1
421,1,z:ilp,nat-oop,1915,2144,9.585,1.120,7.035e-16,prime,0
421,1,z:ilp,nat-oop,1951,2115,9.407,1.084,7.035e-16,prime,1
422,1,z:ilp,nat-oop,2234,2147,8.236,0.961,7.924e-16,prime,0
422,1,z:ilp,nat-oop,2231,2138,8.247,0.958,7.924e-16,prime,1
423,1,z:ilp,nat-oop,819,2123,22.527,2.592,7.021e-16,flat,0
423,1,z:ilp,nat-oop,831,2136,22.202,2.570,7.021e-16,flat,1
424,1,z:ilp,nat-oop,2156,3014,8.582,1.398,4.440e-16,prime,0
424,1,z:ilp,nat-oop,2139,3076,8.649,1.438,4.440e-16,prime,1
425,1,z:ilp,nat-oop,459,948,40.442,2.066,6.372e-16,2p,0
425,1,z:ilp,nat-oop,455,953,40.799,2.095,6.372e-16,2p,1
426,1,z:ilp,nat-oop,2151,3235,8.649,1.504,5.190e-16,prime,0
426,1,z:ilp,nat-oop,2269,3101,8.201,1.367,5.190e-16,prime,1
427,1,z:ilp,nat-oop,2179,2554,8.560,1.172,4.270e-16,prime,0
427,1,z:ilp,nat-oop,2208,2576,8.448,1.167,4.270e-16,prime,1
428,1,z:ilp,nat-oop,2291,2142,8.165,0.935,5.392e-16,prime,0
428,1,z:ilp,nat-oop,2312,2133,8.090,0.923,5.392e-16,prime,1
429,1,z:ilp,nat-oop,465,1207,40.354,2.597,5.167e-16,chain3,0
429,1,z:ilp,nat-oop,469,1203,39.990,2.566,5.167e-16,chain3,1
430,1,z:ilp,nat-oop,631,2077,29.801,3.290,3.409e-16,2p,0
430,1,z:ilp,nat-oop,698,1986,26.942,2.844,3.409e-16,2p,1
431,1,z:ilp,nat-oop,2159,2143,8.736,0.993,7.737e-16,prime,0
431,1,z:ilp,nat-oop,2148,2127,8.779,0.990,7.737e-16,prime,1
432,1,z:ilp,nat-oop,334,1361,56.667,4.080,5.060e-16,2p,0
432,1,z:ilp,nat-oop,331,1368,57.048,4.128,5.060e-16,2p,1
433,1,z:ilp,nat-oop,1499,2123,12.646,1.416,8.762e-16,prime,0
433,1,z:ilp,nat-oop,1555,2124,12.192,1.366,8.762e-16,prime,1
434,1,z:ilp,nat-oop,789,1577,24.091,1.998,4.596e-16,flat,0
434,1,z:ilp,nat-oop,802,1579,23.710,1.969,4.596e-16,flat,1
435,1,z:ilp,nat-oop,581,1442,32.791,2.480,5.471e-16,2p,0
435,1,z:ilp,nat-oop,584,1446,32.668,2.478,5.471e-16,2p,1
436,1,z:ilp,nat-oop,2330,2130,8.205,0.914,5.421e-16,prime,0
436,1,z:ilp,nat-oop,2299,2138,8.313,0.930,5.421e-16,prime,1
437,1,z:ilp,nat-oop,621,1983,30.849,3.192,5.496e-16,2p,0
437,1,z:ilp,nat-oop,659,1965,29.098,2.983,5.496e-16,2p,1
438,1,z:ilp,nat-oop,2150,3202,8.936,1.489,5.303e-16,prime,0
438,1,z:ilp,nat-oop,2192,3188,8.769,1.455,5.303e-16,prime,1
439,1,z:ilp,nat-oop,2160,2133,8.919,0.987,6.739e-16,prime,0
439,1,z:ilp,nat-oop,2148,2128,8.970,0.991,6.739e-16,prime,1
440,1,z:ilp,nat-oop,392,1549,49.259,3.950,5.310e-16,chain3,0
440,1,z:ilp,nat-oop,381,1544,50.666,4.050,5.310e-16,chain3,1
441,1,z:ilp,nat-oop,444,798,43.647,1.799,4.945e-16,chain3,0
441,1,z:ilp,nat-oop,453,833,42.790,1.840,4.945e-16,chain3,1
442,1,z:ilp,nat-oop,672,1440,28.898,2.143,1.320e-15,flat,0
442,1,z:ilp,nat-oop,666,1429,29.148,2.145,1.320e-15,flat,1
443,1,z:ilp,nat-oop,2153,2150,9.046,0.999,6.104e-16,prime,0
443,1,z:ilp,nat-oop,2163,2132,9.002,0.986,6.104e-16,prime,1
444,1,z:ilp,nat-oop,604,2543,32.299,4.207,6.713e-16,2p,0
444,1,z:ilp,nat-oop,604,2506,32.308,4.148,6.713e-16,2p,1
445,1,z:ilp,nat-oop,2267,3828,8.634,1.689,4.461e-16,prime,0
445,1,z:ilp,nat-oop,2269,3801,8.628,1.675,4.461e-16,prime,1
446,1,z:ilp,nat-oop,2296,2136,8.548,0.930,8.598e-16,prime,0
446,1,z:ilp,nat-oop,2173,2132,9.032,0.981,8.598e-16,prime,1
447,1,z:ilp,nat-oop,2159,2135,9.116,0.989,7.278e-16,prime,0
447,1,z:ilp,nat-oop,2179,2139,9.029,0.981,7.278e-16,prime,1
448,1,z:ilp,nat-oop,351,1334,56.219,3.802,2.161e-16,chain3,0
448,1,z:ilp,nat-oop,351,1347,56.226,3.839,2.161e-16,chain3,1
449,1,z:ilp,nat-oop,1462,2125,13.525,1.453,8.334e-16,prime,0
449,1,z:ilp,nat-oop,1517,2133,13.040,1.406,8.334e-16,prime,1
450,1,z:ilp,nat-oop,388,1185,51.143,3.056,5.106e-16,chain3,0
450,1,z:ilp,nat-oop,389,1190,50.957,3.057,5.106e-16,chain3,1
451,1,z:ilp,nat-oop,1564,2244,12.711,1.435,4.992e-16,2p,0
451,1,z:ilp,nat-oop,1742,2234,11.412,1.282,4.992e-16,2p,1
452,1,z:ilp,nat-oop,2193,2132,9.088,0.972,6.983e-16,prime,0
452,1,z:ilp,nat-oop,2166,2142,9.202,0.989,6.983e-16,prime,1
453,1,z:ilp,nat-oop,2151,2135,9.290,0.993,6.863e-16,prime,0
453,1,z:ilp,nat-oop,2145,2131,9.316,0.993,6.863e-16,prime,1
454,1,z:ilp,nat-oop,2177,2193,9.202,1.007,7.632e-16,prime,0
454,1,z:ilp,nat-oop,2159,2137,9.278,0.989,7.632e-16,prime,1
455,1,z:ilp,nat-oop,462,876,43.470,1.896,6.044e-16,chain3,0
455,1,z:ilp,nat-oop,457,878,43.972,1.922,6.044e-16,chain3,1
456,1,z:ilp,nat-oop,497,1949,40.500,3.919,4.725e-16,chain3,0
456,1,z:ilp,nat-oop,496,1961,40.584,3.951,4.725e-16,chain3,1
457,1,z:ilp,nat-oop,1916,2136,10.537,1.115,8.171e-16,prime,0
457,1,z:ilp,nat-oop,1981,2148,10.190,1.084,8.171e-16,prime,1
458,1,z:ilp,nat-oop,2146,2138,9.432,0.996,5.867e-16,prime,0
458,1,z:ilp,nat-oop,2171,2137,9.326,0.984,5.867e-16,prime,1
459,1,z:ilp,nat-oop,527,1571,38.527,2.983,5.113e-16,chain3,0
459,1,z:ilp,nat-oop,575,1568,35.294,2.726,5.113e-16,chain3,1
460,1,z:ilp,nat-oop,648,2064,31.393,3.186,6.261e-16,flat,0
460,1,z:ilp,nat-oop,647,2092,31.437,3.233,6.261e-16,flat,1
461,1,z:ilp,nat-oop,2224,2147,9.170,0.965,7.430e-16,prime,0
461,1,z:ilp,nat-oop,2171,2144,9.394,0.987,7.430e-16,prime,1
462,1,z:ilp,nat-oop,473,1411,43.204,2.981,4.775e-16,chain3,0
462,1,z:ilp,nat-oop,464,1382,44.079,2.979,4.775e-16,chain3,1
463,1,z:ilp,nat-oop,1793,2152,11.432,1.200,6.360e-16,prime,0
463,1,z:ilp,nat-oop,1809,2135,11.330,1.180,6.360e-16,prime,1
464,1,z:ilp,nat-oop,652,2355,31.498,3.610,2.807e-16,2p,0
464,1,z:ilp,nat-oop,652,2353,31.495,3.607,2.807e-16,2p,1
465,1,z:ilp,nat-oop,816,1690,25.247,2.071,5.162e-16,2p,0
465,1,z:ilp,nat-oop,800,1694,25.749,2.117,5.162e-16,2p,1
466,1,z:ilp,nat-oop,2173,2166,9.506,0.997,8.277e-16,prime,0
466,1,z:ilp,nat-oop,2168,2141,9.526,0.988,8.277e-16,prime,1
467,1,z:ilp,nat-oop,2247,2128,9.214,0.947,6.209e-16,prime,0
467,1,z:ilp,nat-oop,2258,2139,9.169,0.947,6.209e-16,prime,1
468,1,z:ilp,nat-oop,477,1692,43.505,3.545,4.913e-16,chain3,0
468,1,z:ilp,nat-oop,477,1686,43.507,3.535,4.913e-16,chain3,1
469,1,z:ilp,nat-oop,2298,3123,9.053,1.359,3.924e-16,prime,0
469,1,z:ilp,nat-oop,2294,3120,9.071,1.360,3.924e-16,prime,1
470,1,z:ilp,nat-oop,1064,2390,19.608,2.246,4.428e-16,2p,0
470,1,z:ilp,nat-oop,1072,2372,19.460,2.213,4.428e-16,2p,1
471,1,z:ilp,nat-oop,2190,2139,9.547,0.977,7.672e-16,prime,0
471,1,z:ilp,nat-oop,2163,2156,9.668,0.997,7.672e-16,prime,1
472,1,z:ilp,nat-oop,2207,3661,9.501,1.659,4.700e-16,prime,0
472,1,z:ilp,nat-oop,2175,3634,9.638,1.671,4.700e-16,prime,1
473,1,z:ilp,nat-oop,780,2509,26.956,3.219,6.014e-16,2p,0
473,1,z:ilp,nat-oop,777,2500,27.031,3.215,6.014e-16,2p,1
474,1,z:ilp,nat-oop,2251,3842,9.359,1.707,4.676e-16,prime,0
474,1,z:ilp,nat-oop,2241,3827,9.399,1.707,4.676e-16,prime,1
475,1,z:ilp,nat-oop,543,1211,38.897,2.231,5.033e-16,2p,0
475,1,z:ilp,nat-oop,530,1209,39.857,2.282,5.033e-16,2p,1
476,1,z:ilp,nat-oop,559,1702,37.869,3.045,5.079e-16,chain3,0
476,1,z:ilp,nat-oop,575,1699,36.803,2.954,5.079e-16,chain3,1
477,1,z:ilp,nat-oop,2169,2586,9.783,1.192,5.109e-16,prime,0
477,1,z:ilp,nat-oop,2164,2586,9.805,1.195,5.109e-16,prime,1
478,1,z:ilp,nat-oop,2191,2142,9.707,0.977,6.545e-16,prime,0
478,1,z:ilp,nat-oop,2166,2146,9.820,0.991,6.545e-16,prime,1
479,1,z:ilp,nat-oop,2182,2149,9.772,0.985,6.053e-16,prime,0
479,1,z:ilp,nat-oop,2183,2151,9.766,0.985,6.053e-16,prime,1
480,1,z:ilp,nat-oop,376,1453,56.784,3.859,4.050e-16,2p,0
480,1,z:ilp,nat-oop,376,1448,56.816,3.848,4.050e-16,2p,1
481,1,z:ilp,nat-oop,724,2326,29.610,3.214,5.478e-16,2p,0
481,1,z:ilp,nat-oop,726,2313,29.499,3.184,5.478e-16,2p,1
482,1,z:ilp,nat-oop,2285,2147,9.400,0.939,7.266e-16,prime,0
482,1,z:ilp,nat-oop,2248,2146,9.555,0.955,7.266e-16,prime,1
483,1,z:ilp,nat-oop,770,1434,27.973,1.863,5.105e-16,2p,0
483,1,z:ilp,nat-oop,764,1434,28.165,1.876,5.105e-16,2p,1
484,1,z:ilp,nat-oop,600,1706,35.945,2.841,3.694e-16,chain3,0
484,1,z:ilp,nat-oop,589,1705,36.663,2.896,3.694e-16,chain3,1
485,1,z:ilp,nat-oop,2195,4589,9.858,2.091,5.860e-16,prime,0
485,1,z:ilp,nat-oop,2176,4589,9.945,2.110,5.860e-16,prime,1
486,1,z:ilp,nat-oop,483,1418,44.917,2.936,5.034e-16,chain3,0
486,1,z:ilp,nat-oop,479,1427,45.319,2.981,5.034e-16,chain3,1
487,1,z:ilp,nat-oop,2254,2154,9.646,0.956,4.239e-16,prime,0
487,1,z:ilp,nat-oop,2257,2147,9.630,0.951,4.239e-16,prime,1
488,1,z:ilp,nat-oop,2185,4007,9.972,1.834,4.479e-16,prime,0
488,1,z:ilp,nat-oop,2195,3843,9.925,1.751,4.479e-16,prime,1
489,1,z:ilp,nat-oop,2260,2145,9.663,0.949,6.071e-16,prime,0
489,1,z:ilp,nat-oop,2522,2155,8.659,0.854,6.071e-16,prime,1
490,1,z:ilp,nat-oop,447,781,49.007,1.748,6.595e-16,chain3,0
490,1,z:ilp,nat-oop,484,786,45.284,1.625,6.595e-16,chain3,1
491,1,z:ilp,nat-oop,1816,2148,12.084,1.183,7.096e-16,prime,0
491,1,z:ilp,nat-oop,1835,2144,11.963,1.169,7.096e-16,prime,1
492,1,z:ilp,nat-oop,954,2886,23.049,3.024,4.778e-16,2p,0
492,1,z:ilp,nat-oop,962,2895,22.877,3.011,4.778e-16,2p,1
493,1,z:ilp,nat-oop,774,2232,28.475,2.883,5.017e-16,2p,0
493,1,z:ilp,nat-oop,772,2361,28.550,3.057,5.017e-16,2p,1
494,1,z:ilp,nat-oop,848,1768,26.069,2.085,1.040e-15,flat,0
494,1,z:ilp,nat-oop,780,1753,28.324,2.246,1.040e-15,flat,1
495,1,z:ilp,nat-oop,585,1518,37.878,2.595,5.799e-16,flat,0
495,1,z:ilp,nat-oop,600,1525,36.913,2.541,5.799e-16,flat,1
496,1,z:ilp,nat-oop,957,2683,23.193,2.802,5.741e-16,flat,0
496,1,z:ilp,nat-oop,966,2684,22.987,2.778,5.741e-16,flat,1
497,1,z:ilp,nat-oop,2212,3522,10.062,1.592,4.743e-16,prime,0
497,1,z:ilp,nat-oop,2183,3531,10.198,1.618,4.743e-16,prime,1
498,1,z:ilp,nat-oop,3260,4195,6.844,1.287,5.314e-16,prime,0
498,1,z:ilp,nat-oop,2332,4171,9.566,1.789,5.314e-16,prime,1
499,1,z:ilp,nat-oop,2199,2148,10.169,0.977,8.266e-16,prime,0
499,1,z:ilp,nat-oop,2211,2157,10.114,0.976,8.266e-16,prime,1
500,1,z:ilp,nat-oop,432,1362,51.929,3.156,3.837e-16,chain3,0
500,1,z:ilp,nat-oop,425,1361,52.771,3.205,3.837e-16,chain3,1
501,1,z:ilp,nat-oop,2189,2156,10.265,0.985,7.470e-16,prime,0
501,1,z:ilp,nat-oop,2238,2162,10.037,0.966,7.470e-16,prime,1
502,1,z:ilp,nat-oop,2266,2160,9.937,0.953,5.191e-16,prime,0
502,1,z:ilp,nat-oop,2268,2157,9.927,0.951,5.191e-16,prime,1
503,1,z:ilp,nat-oop,2176,2156,10.373,0.991,5.635e-16,prime,0
503,1,z:ilp,nat-oop,2200,2156,10.260,0.980,5.635e-16,prime,1
504,1,z:ilp,nat-oop,482,1469,46.931,3.047,4.910e-16,chain3,0
504,1,z:ilp,nat-oop,458,1471,49.364,3.209,4.910e-16,chain3,1
505,1,z:ilp,nat-oop,2191,2165,10.350,0.988,6.327e-16,prime,0
505,1,z:ilp,nat-oop,2198,2156,10.317,0.981,6.327e-16,prime,1
506,1,z:ilp,nat-oop,814,1948,27.908,2.392,1.341e-15,flat,0
506,1,z:ilp,nat-oop,852,2029,26.663,2.380,1.341e-15,flat,1
507,1,z:ilp,nat-oop,624,1484,36.530,2.380,6.161e-16,chain3,0
507,1,z:ilp,nat-oop,589,1485,38.649,2.519,6.161e-16,chain3,1
508,1,z:ilp,nat-oop,2220,2164,10.284,0.975,5.135e-16,prime,0
508,1,z:ilp,nat-oop,2188,2155,10.433,0.985,5.135e-16,prime,1
509,1,z:ilp,nat-oop,2308,2158,9.914,0.935,4.989e-16,prime,0
509,1,z:ilp,nat-oop,2295,2153,9.969,0.938,4.989e-16,prime,1
510,1,z:ilp,nat-oop,543,1811,42.258,3.336,6.739e-16,chain3,0
510,1,z:ilp,nat-oop,549,1814,41.780,3.304,6.739e-16,chain3,1
511,1,z:ilp,nat-oop,2186,3629,10.516,1.660,6.622e-16,prime,0
511,1,z:ilp,nat-oop,2184,3629,10.526,1.662,6.622e-16,prime,1
512,1,z:ilp,nat-oop,320,332,72.067,1.040,2.310e-16,2p,0
512,1,z:ilp,nat-oop,297,333,77.677,1.122,2.310e-16,2p,1
513,1,z:ilp,nat-oop,601,1951,38.428,3.247,5.403e-16,2p,0
513,1,z:ilp,nat-oop,601,1946,38.415,3.237,5.403e-16,2p,1
514,1,z:ilp,nat-oop,4782,4505,4.840,0.942,6.868e-16,prime,0
514,1,z:ilp,nat-oop,4773,4493,4.849,0.941,6.868e-16,prime,1
515,1,z:ilp,nat-oop,4777,4500,4.856,0.942,6.109e-16,prime,0
515,1,z:ilp,nat-oop,4727,4506,4.907,0.953,6.109e-16,prime,1
516,1,z:ilp,nat-oop,952,3198,24.433,3.361,4.904e-16,flat,0
516,1,z:ilp,nat-oop,922,3204,25.207,3.474,4.904e-16,flat,1
517,1,z:ilp,nat-oop,1233,2970,18.906,2.410,6.422e-16,flat,0
517,1,z:ilp,nat-oop,1033,2971,22.568,2.877,6.422e-16,flat,1
518,1,z:ilp,nat-oop,1019,2095,22.915,2.056,6.662e-16,flat,0
518,1,z:ilp,nat-oop,1007,2090,23.202,2.077,6.662e-16,flat,1
519,1,z:ilp,nat-oop,4780,4519,4.897,0.945,4.722e-16,prime,0
519,1,z:ilp,nat-oop,4783,5215,4.893,1.090,4.722e-16,prime,1
520,1,z:ilp,nat-oop,523,1888,44.877,3.611,6.248e-16,chain3,0
520,1,z:ilp,nat-oop,487,1880,48.159,3.859,6.248e-16,chain3,1
521,1,z:ilp,nat-oop,1991,4526,11.809,2.273,1.129e-15,prime,0
521,1,z:ilp,nat-oop,1958,4520,12.004,2.308,1.129e-15,prime,1
522,1,z:ilp,nat-oop,740,2530,31.837,3.418,4.349e-16,chain3,0
522,1,z:ilp,nat-oop,741,2452,31.787,3.307,4.349e-16,chain3,1
523,1,z:ilp,nat-oop,3250,4526,7.266,1.393,7.388e-16,prime,0
523,1,z:ilp,nat-oop,3271,4524,7.219,1.383,7.388e-16,prime,1
524,1,z:ilp,nat-oop,4785,4532,4.946,0.947,4.665e-16,prime,0
524,1,z:ilp,nat-oop,4746,4529,4.987,0.954,4.665e-16,prime,1
525,1,z:ilp,nat-oop,559,1182,42.401,2.113,6.428e-16,2p,0
525,1,z:ilp,nat-oop,541,1181,43.851,2.183,6.428e-16,2p,1
526,1,z:ilp,nat-oop,4800,4531,4.953,0.944,6.825e-16,prime,0
526,1,z:ilp,nat-oop,4749,4511,5.006,0.950,6.825e-16,prime,1
527,1,z:ilp,nat-oop,836,2561,28.493,3.063,7.478e-16,2p,0
527,1,z:ilp,nat-oop,808,2570,29.471,3.179,7.478e-16,2p,1
528,1,z:ilp,nat-oop,495,1908,48.273,3.857,3.822e-16,chain3,0
528,1,z:ilp,nat-oop,515,1923,46.333,3.731,3.822e-16,chain3,1
529,1,z:ilp,nat-oop,1093,2618,21.884,2.394,6.526e-16,2p,0
529,1,z:ilp,nat-oop,941,2618,25.434,2.782,6.526e-16,2p,1
530,1,z:ilp,nat-oop,4752,2886,5.047,0.607,6.369e-16,prime,0
530,1,z:ilp,nat-oop,4779,2897,5.018,0.606,6.369e-16,prime,1
531,1,z:ilp,nat-oop,4815,3213,4.992,0.667,4.530e-16,prime,0
531,1,z:ilp,nat-oop,4781,3209,5.027,0.671,4.530e-16,prime,1
532,1,z:ilp,nat-oop,632,2063,38.118,3.264,4.995e-16,flat,0
532,1,z:ilp,nat-oop,631,2072,38.147,3.282,4.995e-16,flat,1
533,1,z:ilp,nat-oop,871,2708,27.726,3.110,6.408e-16,2p,0
533,1,z:ilp,nat-oop,867,2711,27.840,3.127,6.408e-16,2p,1
534,1,z:ilp,nat-oop,4720,4910,5.126,1.040,5.368e-16,prime,0
534,1,z:ilp,nat-oop,6261,4734,3.864,0.756,5.368e-16,prime,1
535,1,z:ilp,nat-oop,4779,4527,5.073,0.947,5.328e-16,prime,0
535,1,z:ilp,nat-oop,4787,4534,5.065,0.947,5.328e-16,prime,1
536,1,z:ilp,nat-oop,4747,4577,5.119,0.964,5.080e-16,prime,0
536,1,z:ilp,nat-oop,4825,4585,5.035,0.950,5.080e-16,prime,1
537,1,z:ilp,nat-oop,4740,4522,5.137,0.954,5.780e-16,prime,0
537,1,z:ilp,nat-oop,4734,4507,5.143,0.952,5.780e-16,prime,1
538,1,z:ilp,nat-oop,4777,4522,5.109,0.947,5.751e-16,prime,0
538,1,z:ilp,nat-oop,4819,4541,5.063,0.942,5.751e-16,prime,1
539,1,z:ilp,nat-oop,680,999,35.939,1.468,5.389e-16,flat,0
539,1,z:ilp,nat-oop,667,997,36.677,1.496,5.389e-16,flat,1
540,1,z:ilp,nat-oop,481,1588,50.967,3.303,4.989e-16,chain3,0
540,1,z:ilp,nat-oop,495,1649,49.486,3.329,4.989e-16,chain3,1
541,1,z:ilp,nat-oop,3168,4518,7.752,1.426,8.221e-16,prime,0
541,1,z:ilp,nat-oop,2891,4514,8.497,1.562,8.221e-16,prime,1
542,1,z:ilp,nat-oop,5142,4601,4.787,0.895,6.689e-16,prime,0
542,1,z:ilp,nat-oop,4771,4520,5.159,0.947,6.689e-16,prime,1
543,1,z:ilp,nat-oop,4753,4527,5.190,0.952,5.135e-16,prime,0
543,1,z:ilp,nat-oop,4739,5258,5.205,1.109,5.135e-16,prime,1
544,1,z:ilp,nat-oop,555,2262,44.513,4.074,3.992e-16,2p,0
544,1,z:ilp,nat-oop,546,2179,45.234,3.988,3.992e-16,2p,1
545,1,z:ilp,nat-oop,5069,4516,4.887,0.891,5.494e-16,prime,0
545,1,z:ilp,nat-oop,5076,4528,4.880,0.892,5.494e-16,prime,1
546,1,z:ilp,nat-oop,660,1736,37.620,2.632,5.885e-16,chain3,0
546,1,z:ilp,nat-oop,635,1741,39.108,2.742,5.885e-16,chain3,1
547,1,z:ilp,nat-oop,2245,4535,11.081,2.020,1.003e-15,prime,0
547,1,z:ilp,nat-oop,2245,4543,11.082,2.024,1.003e-15,prime,1
548,1,z:ilp,nat-oop,4769,4514,5.227,0.947,5.228e-16,prime,0
548,1,z:ilp,nat-oop,4733,4527,5.267,0.956,5.228e-16,prime,1
549,1,z:ilp,nat-oop,4953,3403,5.044,0.687,4.650e-16,prime,0
549,1,z:ilp,nat-oop,5168,3419,4.834,0.662,4.650e-16,prime,1
550,1,z:ilp,nat-oop,539,1610,46.422,2.986,3.853e-16,chain3,0
550,1,z:ilp,nat-oop,520,1580,48.170,3.040,3.853e-16,chain3,1
551,1,z:ilp,nat-oop,871,2738,28.800,3.144,3.984e-16,2p,0
551,1,z:ilp,nat-oop,907,2703,27.655,2.980,3.984e-16,2p,1
552,1,z:ilp,nat-oop,775,2596,32.423,3.348,5.300e-16,flat,0
552,1,z:ilp,nat-oop,777,2725,32.366,3.509,5.300e-16,flat,1
553,1,z:ilp,nat-oop,4855,4401,5.189,0.906,4.565e-16,prime,0
553,1,z:ilp,nat-oop,4862,4349,5.182,0.894,4.565e-16,prime,1
554,1,z:ilp,nat-oop,4750,4527,5.314,0.953,5.089e-16,prime,0
554,1,z:ilp,nat-oop,4738,4527,5.329,0.955,5.089e-16,prime,1
555,1,z:ilp,nat-oop,831,2227,30.442,2.680,5.969e-16,2p,0
555,1,z:ilp,nat-oop,832,2251,30.395,2.705,5.969e-16,2p,1
556,1,z:ilp,nat-oop,4734,4585,5.355,0.969,5.210e-16,prime,0
556,1,z:ilp,nat-oop,4726,4539,5.364,0.960,5.210e-16,prime,1
557,1,z:ilp,nat-oop,4729,4514,5.372,0.955,6.343e-16,prime,0
557,1,z:ilp,nat-oop,4757,4518,5.340,0.950,6.343e-16,prime,1
558,1,z:ilp,nat-oop,866,2863,29.403,3.306,4.981e-16,chain3,0
558,1,z:ilp,nat-oop,851,2878,29.899,3.380,4.981e-16,chain3,1
559,1,z:ilp,nat-oop,940,3014,27.142,3.207,5.586e-16,2p,0
559,1,z:ilp,nat-oop,933,3024,27.335,3.241,5.586e-16,2p,1
560,1,z:ilp,nat-oop,531,1606,48.152,3.025,3.439e-16,chain3,0
560,1,z:ilp,nat-oop,521,1612,49.025,3.091,3.439e-16,chain3,1
561,1,z:ilp,nat-oop,833,1767,30.768,2.123,1.215e-15,flat,0
561,1,z:ilp,nat-oop,825,1777,31.037,2.153,1.215e-15,flat,1
562,1,z:ilp,nat-oop,4697,4517,5.464,0.962,5.259e-16,prime,0
562,1,z:ilp,nat-oop,4799,4521,5.349,0.942,5.259e-16,prime,1
563,1,z:ilp,nat-oop,4817,4537,5.340,0.942,9.374e-16,prime,0
563,1,z:ilp,nat-oop,4842,4524,5.313,0.934,9.374e-16,prime,1
564,1,z:ilp,nat-oop,1100,3772,23.437,3.430,4.072e-16,flat,0
564,1,z:ilp,nat-oop,1099,3797,23.443,3.454,4.072e-16,flat,1
565,1,z:ilp,nat-oop,4772,4518,5.412,0.947,5.714e-16,prime,0
565,1,z:ilp,nat-oop,7046,4516,3.665,0.641,5.714e-16,prime,1
566,1,z:ilp,nat-oop,4902,4558,5.280,0.930,7.649e-16,prime,0
566,1,z:ilp,nat-oop,5205,4534,4.972,0.871,7.649e-16,prime,1
567,1,z:ilp,nat-oop,727,1388,35.694,1.910,6.445e-16,2p,0
567,1,z:ilp,nat-oop,596,1384,43.492,2.321,6.445e-16,2p,1
568,1,z:ilp,nat-oop,4810,5102,5.403,1.061,3.671e-16,prime,0
568,1,z:ilp,nat-oop,4813,5113,5.398,1.062,3.671e-16,prime,1
569,1,z:ilp,nat-oop,4771,4518,5.458,0.947,5.841e-16,prime,0
569,1,z:ilp,nat-oop,4759,4534,5.472,0.953,5.841e-16,prime,1
570,1,z:ilp,nat-oop,880,2201,29.665,2.503,4.728e-16,flat,0
570,1,z:ilp,nat-oop,852,2297,30.641,2.697,4.728e-16,flat,1
571,1,z:ilp,nat-oop,2655,4532,9.846,1.707,7.506e-16,prime,0
571,1,z:ilp,nat-oop,2625,4535,9.960,1.728,7.506e-16,prime,1
572,1,z:ilp,nat-oop,682,2040,38.404,2.991,5.282e-16,chain3,0
572,1,z:ilp,nat-oop,704,2033,37.196,2.886,5.282e-16,chain3,1
573,1,z:ilp,nat-oop,4801,4657,5.468,0.970,6.831e-16,prime,0
573,1,z:ilp,nat-oop,4841,4534,5.423,0.937,6.831e-16,prime,1
574,1,z:ilp,nat-oop,1262,2474,20.850,1.961,2.155e-15,flat,0
574,1,z:ilp,nat-oop,1257,2497,20.929,1.987,2.155e-15,flat,1
575,1,z:ilp,nat-oop,848,1701,31.065,2.005,5.834e-16,2p,0
575,1,z:ilp,nat-oop,857,1704,30.769,1.989,5.834e-16,2p,1
576,1,z:ilp,nat-oop,509,1866,51.870,3.665,3.549e-16,2p,0
576,1,z:ilp,nat-oop,502,1862,52.588,3.708,3.549e-16,2p,1
577,1,z:ilp,nat-oop,1911,4527,13.850,2.369,7.883e-16,prime,0
577,1,z:ilp,nat-oop,1919,4613,13.787,2.403,7.883e-16,prime,1
578,1,z:ilp,nat-oop,1034,2150,25.636,2.079,7.978e-16,flat,0
578,1,z:ilp,nat-oop,920,2141,28.820,2.327,7.978e-16,flat,1
579,1,z:ilp,nat-oop,4780,4539,5.559,0.950,4.887e-16,prime,0
579,1,z:ilp,nat-oop,4843,4545,5.486,0.938,4.887e-16,prime,1
580,1,z:ilp,nat-oop,922,2835,28.859,3.073,5.046e-16,chain3,0
580,1,z:ilp,nat-oop,910,2830,29.251,3.109,5.046e-16,chain3,1
581,1,z:ilp,nat-oop,4769,4783,5.593,1.003,4.991e-16,prime,0
581,1,z:ilp,nat-oop,4739,4758,5.629,1.004,4.991e-16,prime,1
582,1,z:ilp,nat-oop,4828,5587,5.536,1.157,6.038e-16,prime,0
582,1,z:ilp,nat-oop,6153,5578,4.344,0.907,6.038e-16,prime,1
583,1,z:ilp,nat-oop,5229,3575,5.122,0.684,5.051e-16,prime,0
583,1,z:ilp,nat-oop,4887,3621,5.480,0.741,5.051e-16,prime,1
584,1,z:ilp,nat-oop,5200,5316,5.160,1.022,4.374e-16,prime,0
584,1,z:ilp,nat-oop,4856,5259,5.526,1.083,4.374e-16,prime,1
585,1,z:ilp,nat-oop,768,1880,34.995,2.447,5.564e-16,chain3,0
585,1,z:ilp,nat-oop,782,1894,34.381,2.422,5.564e-16,chain3,1
586,1,z:ilp,nat-oop,4766,4542,5.652,0.953,5.962e-16,prime,0
586,1,z:ilp,nat-oop,4799,4526,5.614,0.943,5.962e-16,prime,1
587,1,z:ilp,nat-oop,5022,4527,5.375,0.901,6.561e-16,prime,0
587,1,z:ilp,nat-oop,4886,4532,5.525,0.928,6.561e-16,prime,1
588,1,z:ilp,nat-oop,850,1658,31.806,1.950,4.996e-16,flat,0
588,1,z:ilp,nat-oop,620,1654,43.626,2.668,4.996e-16,flat,1
589,1,z:ilp,nat-oop,950,3063,28.523,3.224,5.118e-16,2p,0
589,1,z:ilp,nat-oop,952,3119,28.477,3.277,5.118e-16,2p,1
590,1,z:ilp,nat-oop,4840,3578,5.610,0.739,4.613e-16,prime,0
590,1,z:ilp,nat-oop,4945,3579,5.492,0.724,4.613e-16,prime,1
591,1,z:ilp,nat-oop,4891,4544,5.563,0.929,5.230e-16,prime,0
591,1,z:ilp,nat-oop,4965,4536,5.480,0.914,5.230e-16,prime,1
592,1,z:ilp,nat-oop,752,3503,36.271,4.661,3.593e-16,2p,0
592,1,z:ilp,nat-oop,753,3425,36.194,4.548,3.593e-16,2p,1
593,1,z:ilp,nat-oop,3026,4576,9.028,1.512,7.020e-16,prime,0
593,1,z:ilp,nat-oop,3630,4523,7.525,1.246,7.020e-16,prime,1
594,1,z:ilp,nat-oop,728,1990,37.588,2.733,5.128e-16,chain3,0
594,1,z:ilp,nat-oop,697,1996,39.272,2.864,5.128e-16,chain3,1
595,1,z:ilp,nat-oop,918,1358,29.882,1.480,6.551e-16,chain3,0
595,1,z:ilp,nat-oop,898,1346,30.521,1.499,6.551e-16,chain3,1
596,1,z:ilp,nat-oop,4831,4532,5.687,0.938,5.441e-16,prime,0
596,1,z:ilp,nat-oop,4779,4633,5.749,0.970,5.441e-16,prime,1
597,1,z:ilp,nat-oop,4851,4541,5.675,0.936,4.934e-16,prime,0
597,1,z:ilp,nat-oop,4820,4533,5.710,0.940,4.934e-16,prime,1
598,1,z:ilp,nat-oop,1016,2397,27.137,2.359,9.142e-16,flat,0
598,1,z:ilp,nat-oop,1161,2367,23.765,2.040,9.142e-16,flat,1
599,1,z:ilp,nat-oop,4891,4534,5.650,0.927,5.572e-16,prime,0
599,1,z:ilp,nat-oop,4835,4533,5.715,0.937,5.572e-16,prime,1
600,1,z:ilp,nat-oop,600,1736,46.181,2.896,4.892e-16,chain3,0
600,1,z:ilp,nat-oop,622,1744,44.527,2.805,4.892e-16,chain3,1
601,1,z:ilp,nat-oop,3027,4540,9.166,1.500,8.909e-16,prime,0
601,1,z:ilp,nat-oop,3155,4519,8.793,1.432,8.909e-16,prime,1
602,1,z:ilp,nat-oop,1302,2812,21.344,2.159,6.511e-16,flat,0
602,1,z:ilp,nat-oop,1350,2801,20.584,2.075,6.511e-16,flat,1
603,1,z:ilp,nat-oop,4792,4157,5.811,0.867,3.888e-16,prime,0
603,1,z:ilp,nat-oop,4704,4170,5.920,0.887,3.888e-16,prime,1
604,1,z:ilp,nat-oop,4878,4534,5.719,0.929,5.964e-16,prime,0
604,1,z:ilp,nat-oop,4785,4554,5.831,0.952,5.964e-16,prime,1
605,1,z:ilp,nat-oop,752,1655,37.156,2.200,6.149e-16,flat,0
605,1,z:ilp,nat-oop,742,1656,37.653,2.231,6.149e-16,flat,1
606,1,z:ilp,nat-oop,4737,4523,5.912,0.955,4.764e-16,prime,0
606,1,z:ilp,nat-oop,4778,4550,5.861,0.952,4.764e-16,prime,1
607,1,z:ilp,nat-oop,4842,4552,5.795,0.940,6.552e-16,prime,0
607,1,z:ilp,nat-oop,4848,4544,5.788,0.937,6.552e-16,prime,1
608,1,z:ilp,nat-oop,564,2621,49.881,4.651,3.617e-16,2p,0
608,1,z:ilp,nat-oop,570,2662,49.322,4.670,3.617e-16,2p,1
609,1,z:ilp,nat-oop,1050,2102,26.834,2.003,5.831e-16,2p,0
609,1,z:ilp,nat-oop,1304,2038,21.605,1.563,5.831e-16,2p,1
610,1,z:ilp,nat-oop,4837,3781,5.834,0.782,6.228e-16,prime,0
610,1,z:ilp,nat-oop,4762,3799,5.926,0.798,6.228e-16,prime,1
611,1,z:ilp,nat-oop,1238,3578,22.833,2.890,7.770e-16,flat,0
611,1,z:ilp,nat-oop,1229,3575,23.005,2.909,7.770e-16,flat,1
612,1,z:ilp,nat-oop,902,2438,31.421,2.704,6.236e-16,chain3,0
612,1,z:ilp,nat-oop,849,2561,33.370,3.016,6.236e-16,chain3,1
613,1,z:ilp,nat-oop,2940,4700,9.654,1.599,1.028e-15,prime,0
613,1,z:ilp,nat-oop,2685,4539,10.571,1.691,1.028e-15,prime,1
614,1,z:ilp,nat-oop,4833,4535,5.884,0.938,6.170e-16,prime,0
614,1,z:ilp,nat-oop,4771,4540,5.960,0.952,6.170e-16,prime,1
615,1,z:ilp,nat-oop,1000,2659,28.486,2.659,6.267e-16,2p,0
615,1,z:ilp,nat-oop,1011,2662,28.181,2.633,6.267e-16,2p,1
616,1,z:ilp,nat-oop,677,2183,42.143,3.223,3.466e-16,chain3,0
616,1,z:ilp,nat-oop,662,2208,43.115,3.335,3.466e-16,chain3,1
617,1,z:ilp,nat-oop,2330,4535,12.272,1.946,7.318e-16,prime,0
617,1,z:ilp,nat-oop,2348,4572,12.177,1.947,7.318e-16,prime,1
618,1,z:ilp,nat-oop,4798,4550,5.971,0.948,6.208e-16,prime,0
618,1,z:ilp,nat-oop,4829,4547,5.933,0.942,6.208e-16,prime,1
619,1,z:ilp,nat-oop,4839,4538,5.932,0.938,6.014e-16,prime,0
619,1,z:ilp,nat-oop,4822,4764,5.953,0.988,6.014e-16,prime,1
620,1,z:ilp,nat-oop,1187,3228,24.234,2.721,6.215e-16,flat,0
620,1,z:ilp,nat-oop,1203,3264,23.911,2.714,6.215e-16,flat,1
621,1,z:ilp,nat-oop,787,2690,36.614,3.418,6.676e-16,2p,0
621,1,z:ilp,nat-oop,781,2685,36.909,3.440,6.676e-16,2p,1
622,1,z:ilp,nat-oop,4840,4550,5.964,0.940,6.400e-16,prime,0
622,1,z:ilp,nat-oop,5137,4545,5.619,0.885,6.400e-16,prime,1
623,1,z:ilp,nat-oop,4801,5395,6.024,1.124,4.768e-16,prime,0
623,1,z:ilp,nat-oop,4949,5377,5.843,1.086,4.768e-16,prime,1
624,1,z:ilp,nat-oop,713,2321,40.621,3.255,5.485e-16,chain3,0
624,1,z:ilp,nat-oop,710,2320,40.816,3.269,5.485e-16,chain3,1
625,1,z:ilp,nat-oop,691,1201,42.015,1.739,4.067e-16,2p,0
625,1,z:ilp,nat-oop,722,1227,40.196,1.700,4.067e-16,2p,1
626,1,z:ilp,nat-oop,4796,4537,6.063,0.946,6.281e-16,prime,0
626,1,z:ilp,nat-oop,4813,4541,6.042,0.944,6.281e-16,prime,1
627,1,z:ilp,nat-oop,1168,2171,24.935,1.858,6.894e-16,flat,0
627,1,z:ilp,nat-oop,979,2161,29.764,2.208,6.894e-16,flat,1
628,1,z:ilp,nat-oop,4857,4536,6.009,0.934,5.749e-16,prime,0
628,1,z:ilp,nat-oop,4893,4548,5.965,0.930,5.749e-16,prime,1
629,1,z:ilp,nat-oop,2096,3315,13.950,1.581,8.576e-16,2p,0
629,1,z:ilp,nat-oop,1522,3312,19.216,2.177,8.576e-16,2p,1
630,1,z:ilp,nat-oop,723,1658,40.522,2.293,4.535e-16,chain3,0
630,1,z:ilp,nat-oop,677,1653,43.291,2.443,4.535e-16,chain3,1
631,1,z:ilp,nat-oop,3018,4533,9.725,1.502,8.897e-16,prime,0
631,1,z:ilp,nat-oop,2967,4543,9.891,1.531,8.897e-16,prime,1
632,1,z:ilp,nat-oop,4865,6301,6.043,1.295,5.418e-16,prime,0
632,1,z:ilp,nat-oop,4811,6140,6.111,1.276,5.418e-16,prime,1
633,1,z:ilp,nat-oop,5085,4689,5.792,0.922,4.217e-16,prime,0
633,1,z:ilp,nat-oop,5017,4554,5.871,0.908,4.217e-16,prime,1
634,1,z:ilp,nat-oop,4775,4952,6.180,1.037,4.884e-16,prime,0
634,1,z:ilp,nat-oop,4735,4542,6.232,0.959,4.884e-16,prime,1
635,1,z:ilp,nat-oop,4772,4553,6.195,0.954,5.663e-16,prime,0
635,1,z:ilp,nat-oop,4847,4539,6.098,0.936,5.663e-16,prime,1
636,1,z:ilp,nat-oop,4771,4496,6.207,0.942,3.718e-16,prime,0
636,1,z:ilp,nat-oop,4812,4530,6.155,0.941,3.718e-16,prime,1
637,1,z:ilp,nat-oop,908,1252,32.676,1.379,6.276e-16,flat,0
637,1,z:ilp,nat-oop,910,1250,32.590,1.373,6.276e-16,flat,1
638,1,z:ilp,nat-oop,1191,2696,24.946,2.263,5.776e-16,flat,0
638,1,z:ilp,nat-oop,1190,2702,24.978,2.271,5.776e-16,flat,1
639,1,z:ilp,nat-oop,4845,4765,6.146,0.984,4.601e-16,prime,0
639,1,z:ilp,nat-oop,4800,4760,6.203,0.992,4.601e-16,prime,1
640,1,z:ilp,nat-oop,509,1985,58.583,3.899,4.159e-16,2p,0
640,1,z:ilp,nat-oop,509,1981,58.649,3.895,4.159e-16,2p,1
641,1,z:ilp,nat-oop,1971,4558,15.161,2.312,7.488e-16,prime,0
641,1,z:ilp,nat-oop,1924,4556,15.533,2.368,7.488e-16,prime,1
642,1,z:ilp,nat-oop,4865,4565,6.154,0.938,5.247e-16,prime,0
642,1,z:ilp,nat-oop,4811,4560,6.223,0.948,5.247e-16,prime,1
643,1,z:ilp,nat-oop,4840,6338,6.196,1.309,6.333e-16,prime,0
643,1,z:ilp,nat-oop,4880,4547,6.146,0.932,6.333e-16,prime,1
644,1,z:ilp,nat-oop,932,2798,32.238,3.002,6.650e-16,flat,0
644,1,z:ilp,nat-oop,971,2822,30.941,2.906,6.650e-16,flat,1
645,1,z:ilp,nat-oop,1076,2993,27.971,2.781,5.518e-16,2p,0
645,1,z:ilp,nat-oop,1074,2991,28.017,2.785,5.518e-16,2p,1
646,1,z:ilp,nat-oop,1069,2631,28.214,2.462,1.024e-15,flat,0
646,1,z:ilp,nat-oop,1150,2738,26.216,2.381,1.024e-15,flat,1
647,1,z:ilp,nat-oop,4948,4590,6.104,0.928,7.375e-16,prime,0
647,1,z:ilp,nat-oop,4801,4544,6.292,0.946,7.375e-16,prime,1
648,1,z:ilp,nat-oop,623,2098,48.595,3.368,5.218e-16,chain3,0
648,1,z:ilp,nat-oop,625,2114,48.403,3.381,5.218e-16,chain3,1
649,1,z:ilp,nat-oop,4810,4391,6.303,0.913,3.800e-16,prime,0
649,1,z:ilp,nat-oop,4819,4394,6.291,0.912,3.800e-16,prime,1
650,1,z:ilp,nat-oop,810,2007,37.472,2.476,6.691e-16,chain3,0
650,1,z:ilp,nat-oop,801,2019,37.910,2.520,6.691e-16,chain3,1
651,1,z:ilp,nat-oop,1197,2389,25.418,1.996,5.230e-16,2p,0
651,1,z:ilp,nat-oop,1190,2393,25.564,2.010,5.230e-16,2p,1
652,1,z:ilp,nat-oop,4840,4538,6.297,0.938,4.548e-16,prime,0
652,1,z:ilp,nat-oop,4827,4527,6.313,0.938,4.548e-16,prime,1
653,1,z:ilp,nat-oop,4807,4553,6.352,0.947,5.378e-16,prime,0
653,1,z:ilp,nat-oop,4823,4557,6.330,0.945,5.378e-16,prime,1
654,1,z:ilp,nat-oop,4830,5293,6.332,1.096,5.516e-16,prime,0
654,1,z:ilp,nat-oop,4872,4542,6.278,0.932,5.516e-16,prime,1
655,1,z:ilp,nat-oop,5042,4564,6.077,0.905,6.023e-16,prime,0
655,1,z:ilp,nat-oop,4957,4562,6.180,0.920,6.023e-16,prime,1
656,1,z:ilp,nat-oop,910,3984,33.715,4.376,5.342e-16,2p,0
656,1,z:ilp,nat-oop,1057,4021,29.044,3.805,5.342e-16,2p,1
657,1,z:ilp,nat-oop,4822,4903,6.377,1.017,5.983e-16,prime,0
657,1,z:ilp,nat-oop,4759,4877,6.461,1.025,5.983e-16,prime,1
658,1,z:ilp,nat-oop,1544,3351,19.945,2.170,6.533e-16,flat,0
658,1,z:ilp,nat-oop,1546,3365,19.922,2.177,6.533e-16,flat,1
659,1,z:ilp,nat-oop,4785,4567,6.449,0.955,6.016e-16,prime,0
659,1,z:ilp,nat-oop,4806,4562,6.420,0.949,6.016e-16,prime,1
660,1,z:ilp,nat-oop,707,2348,43.701,3.320,4.361e-16,chain3,0
660,1,z:ilp,nat-oop,701,2344,44.103,3.344,4.361e-16,chain3,1
661,1,z:ilp,nat-oop,3189,4529,9.710,1.420,7.388e-16,prime,0
661,1,z:ilp,nat-oop,3027,4538,10.230,1.499,7.388e-16,prime,1
662,1,z:ilp,nat-oop,4902,4548,6.327,0.928,7.763e-16,prime,0
662,1,z:ilp,nat-oop,4874,4568,6.363,0.937,7.763e-16,prime,1
663,1,z:ilp,nat-oop,991,2169,31.348,2.188,8.922e-16,flat,0
663,1,z:ilp,nat-oop,1018,2170,30.534,2.132,8.922e-16,flat,1
664,1,z:ilp,nat-oop,6528,6831,4.768,1.046,5.949e-16,prime,0
664,1,z:ilp,nat-oop,4851,6678,6.416,1.377,5.949e-16,prime,1
665,1,z:ilp,nat-oop,939,1715,33.216,1.827,5.131e-16,flat,0
665,1,z:ilp,nat-oop,919,1724,33.926,1.876,5.131e-16,flat,1
666,1,z:ilp,nat-oop,1242,3648,25.148,2.938,4.170e-16,chain3,0
666,1,z:ilp,nat-oop,1247,3632,25.051,2.913,4.170e-16,chain3,1
667,1,z:ilp,nat-oop,1580,3603,19.807,2.281,6.088e-16,2p,0
667,1,z:ilp,nat-oop,1295,3596,24.162,2.777,6.088e-16,2p,1
668,1,z:ilp,nat-oop,4866,4570,6.441,0.939,5.403e-16,prime,0
668,1,z:ilp,nat-oop,4746,4566,6.604,0.962,5.403e-16,prime,1
669,1,z:ilp,nat-oop,5135,5272,6.114,1.027,5.393e-16,prime,0
669,1,z:ilp,nat-oop,4849,4603,6.475,0.949,5.393e-16,prime,1
670,1,z:ilp,nat-oop,4791,4663,6.564,0.973,4.829e-16,prime,0
670,1,z:ilp,nat-oop,4829,4662,6.512,0.965,4.829e-16,prime,1
671,1,z:ilp,nat-oop,4878,4660,6.458,0.955,7.075e-16,prime,0
671,1,z:ilp,nat-oop,4903,4630,6.426,0.944,7.075e-16,prime,1
672,1,z:ilp,nat-oop,586,2024,53.882,3.456,3.288e-16,2p,0
672,1,z:ilp,nat-oop,767,2029,41.157,2.646,3.288e-16,2p,1
673,1,z:ilp,nat-oop,2653,4558,11.918,1.718,7.713e-16,prime,0
673,1,z:ilp,nat-oop,2532,4590,12.487,1.813,7.713e-16,prime,1
674,1,z:ilp,nat-oop,4817,4549,6.574,0.945,7.225e-16,prime,0
674,1,z:ilp,nat-oop,4962,4565,6.382,0.920,7.225e-16,prime,1
675,1,z:ilp,nat-oop,751,1655,42.211,2.202,5.851e-16,2p,0
675,1,z:ilp,nat-oop,763,1692,41.569,2.217,5.851e-16,2p,1
676,1,z:ilp,nat-oop,984,2477,32.283,2.517,7.498e-16,chain3,0
676,1,z:ilp,nat-oop,1001,2480,31.759,2.478,7.498e-16,chain3,1
677,1,z:ilp,nat-oop,3035,4553,10.489,1.500,9.170e-16,prime,0
677,1,z:ilp,nat-oop,3015,4566,10.556,1.514,9.170e-16,prime,1
678,1,z:ilp,nat-oop,4798,4543,6.645,0.947,4.889e-16,prime,0
678,1,z:ilp,nat-oop,4808,4625,6.632,0.962,4.889e-16,prime,1
679,1,z:ilp,nat-oop,4868,6361,6.561,1.307,5.772e-16,prime,0
679,1,z:ilp,nat-oop,4859,6383,6.572,1.314,5.772e-16,prime,1
680,1,z:ilp,nat-oop,854,2684,37.472,3.143,5.927e-16,flat,0
680,1,z:ilp,nat-oop,869,2679,36.819,3.083,5.927e-16,flat,1
681,1,z:ilp,nat-oop,4818,4552,6.651,0.945,6.597e-16,prime,0
681,1,z:ilp,nat-oop,4922,4571,6.511,0.929,6.597e-16,prime,1
682,1,z:ilp,nat-oop,1290,3175,24.889,2.461,6.904e-16,flat,0
682,1,z:ilp,nat-oop,1294,3104,24.808,2.399,6.904e-16,flat,1
683,1,z:ilp,nat-oop,4812,4575,6.682,0.951,4.799e-16,prime,0
683,1,z:ilp,nat-oop,4781,4556,6.726,0.953,4.799e-16,prime,1
684,1,z:ilp,nat-oop,906,2953,35.562,3.261,5.839e-16,chain3,0
684,1,z:ilp,nat-oop,881,2920,36.560,3.315,5.839e-16,chain3,1
685,1,z:ilp,nat-oop,4806,4564,6.713,0.950,6.237e-16,prime,0
685,1,z:ilp,nat-oop,4885,4548,6.604,0.931,6.237e-16,prime,1
686,1,z:ilp,nat-oop,964,1095,33.527,1.136,4.119e-16,flat,0
686,1,z:ilp,nat-oop,946,1110,34.171,1.173,4.119e-16,flat,1
687,1,z:ilp,nat-oop,4882,4585,6.631,0.939,5.435e-16,prime,0
687,1,z:ilp,nat-oop,5882,4567,5.504,0.776,5.435e-16,prime,1
688,1,z:ilp,nat-oop,1236,4411,26.239,3.570,4.340e-16,flat,0
688,1,z:ilp,nat-oop,1252,4402,25.893,3.515,4.340e-16,flat,1
689,1,z:ilp,nat-oop,4859,4336,6.685,0.892,4.997e-16,prime,0
689,1,z:ilp,nat-oop,4855,4313,6.690,0.888,4.997e-16,prime,1
690,1,z:ilp,nat-oop,1143,2998,28.464,2.623,4.794e-16,chain3,0
690,1,z:ilp,nat-oop,1130,3094,28.791,2.738,4.794e-16,chain3,1
691,1,z:ilp,nat-oop,3428,4572,9.507,1.334,7.967e-16,prime,0
691,1,z:ilp,nat-oop,3531,4569,9.229,1.294,7.967e-16,prime,1
692,1,z:ilp,nat-oop,4790,4570,6.814,0.954,4.786e-16,prime,0
692,1,z:ilp,nat-oop,4809,4570,6.788,0.950,4.786e-16,prime,1
693,1,z:ilp,nat-oop,891,1715,36.705,1.925,7.009e-16,flat,0
693,1,z:ilp,nat-oop,1256,1898,26.037,1.511,7.009e-16,flat,1
694,1,z:ilp,nat-oop,4808,4570,6.812,0.950,6.515e-16,prime,0
694,1,z:ilp,nat-oop,4862,4550,6.736,0.936,6.515e-16,prime,1
695,1,z:ilp,nat-oop,5093,4589,6.442,0.901,5.890e-16,prime,0
695,1,z:ilp,nat-oop,4916,4564,6.674,0.928,5.890e-16,prime,1
696,1,z:ilp,nat-oop,1228,3567,26.760,2.905,5.342e-16,flat,0
696,1,z:ilp,nat-oop,1404,3592,23.398,2.558,5.342e-16,flat,1
697,1,z:ilp,nat-oop,1243,3892,26.475,3.131,8.642e-16,2p,0
697,1,z:ilp,nat-oop,1285,3881,25.625,3.021,8.642e-16,2p,1
698,1,z:ilp,nat-oop,4880,4566,6.756,0.936,6.072e-16,prime,0
698,1,z:ilp,nat-oop,4819,4574,6.842,0.949,6.072e-16,prime,1
699,1,z:ilp,nat-oop,5071,4604,6.512,0.908,5.851e-16,prime,0
699,1,z:ilp,nat-oop,4920,4598,6.712,0.935,5.851e-16,prime,1
700,1,z:ilp,nat-oop,726,1916,45.561,2.639,3.678e-16,chain3,0
700,1,z:ilp,nat-oop,727,1915,45.515,2.635,3.678e-16,chain3,1
701,1,z:ilp,nat-oop,3585,4576,9.243,1.276,9.486e-16,prime,0
701,1,z:ilp,nat-oop,3607,4549,9.187,1.261,9.486e-16,prime,1
702,1,z:ilp,nat-oop,932,2498,35.607,2.680,5.700e-16,chain3,0
702,1,z:ilp,nat-oop,945,2495,35.112,2.639,5.700e-16,chain3,1
703,1,z:ilp,nat-oop,1224,3994,27.160,3.264,4.615e-16,2p,0
703,1,z:ilp,nat-oop,1279,4006,25.999,3.133,4.615e-16,2p,1
704,1,z:ilp,nat-oop,655,2607,50.838,3.981,3.101e-16,2p,0
704,1,z:ilp,nat-oop,674,2614,49.432,3.881,3.101e-16,2p,1
705,1,z:ilp,nat-oop,1272,3591,26.222,2.823,6.646e-16,2p,0
705,1,z:ilp,nat-oop,1259,3594,26.499,2.855,6.646e-16,2p,1
706,1,z:ilp,nat-oop,4802,4610,6.957,0.960,5.328e-16,prime,0
706,1,z:ilp,nat-oop,4803,4606,6.955,0.959,5.328e-16,prime,1
707,1,z:ilp,nat-oop,4989,4665,6.706,0.935,5.459e-16,prime,0
707,1,z:ilp,nat-oop,4837,4720,6.917,0.976,5.459e-16,prime,1
708,1,z:ilp,nat-oop,4835,5436,6.931,1.124,5.689e-16,prime,0
708,1,z:ilp,nat-oop,5063,5442,6.619,1.075,5.689e-16,prime,1
709,1,z:ilp,nat-oop,4898,4594,6.854,0.938,5.524e-16,prime,0
709,1,z:ilp,nat-oop,4871,4566,6.892,0.937,5.524e-16,prime,1
710,1,z:ilp,nat-oop,4801,5295,7.003,1.103,5.537e-16,prime,0
710,1,z:ilp,nat-oop,4858,5295,6.922,1.090,5.537e-16,prime,1
711,1,z:ilp,nat-oop,4827,5793,6.978,1.200,6.423e-16,prime,0
711,1,z:ilp,nat-oop,4856,5812,6.936,1.197,6.423e-16,prime,1
712,1,z:ilp,nat-oop,4824,7471,6.992,1.549,5.212e-16,prime,0
712,1,z:ilp,nat-oop,4842,7450,6.967,1.539,5.212e-16,prime,1
713,1,z:ilp,nat-oop,1892,4056,17.861,2.144,9.359e-16,2p,0
713,1,z:ilp,nat-oop,1500,4088,22.532,2.726,9.359e-16,2p,1
714,1,z:ilp,nat-oop,1179,2200,28.712,1.866,7.373e-16,chain3,0
714,1,z:ilp,nat-oop,1064,2204,31.801,2.071,7.373e-16,chain3,1
715,1,z:ilp,nat-oop,929,2035,36.504,2.191,6.447e-16,flat,0
715,1,z:ilp,nat-oop,924,2037,36.672,2.204,6.447e-16,flat,1
716,1,z:ilp,nat-oop,4900,4571,6.929,0.933,6.295e-16,prime,0
716,1,z:ilp,nat-oop,4929,4586,6.888,0.930,6.295e-16,prime,1
717,1,z:ilp,nat-oop,4977,4571,6.832,0.918,6.175e-16,prime,0
717,1,z:ilp,nat-oop,4910,4563,6.925,0.929,6.175e-16,prime,1
718,1,z:ilp,nat-oop,4843,4583,7.033,0.946,5.084e-16,prime,0
718,1,z:ilp,nat-oop,4848,4571,7.025,0.943,5.084e-16,prime,1
719,1,z:ilp,nat-oop,4790,4558,7.122,0.952,5.428e-16,prime,0
719,1,z:ilp,nat-oop,4819,4562,7.079,0.947,5.428e-16,prime,1
720,1,z:ilp,nat-oop,817,2219,41.846,2.717,4.429e-16,chain3,0
720,1,z:ilp,nat-oop,801,2243,42.638,2.798,4.429e-16,chain3,1
721,1,z:ilp,nat-oop,4774,4602,7.170,0.964,5.077e-16,prime,0
721,1,z:ilp,nat-oop,4777,4561,7.165,0.955,5.077e-16,prime,1
722,1,z:ilp,nat-oop,1556,3197,22.025,2.054,1.039e-15,flat,0
722,1,z:ilp,nat-oop,1231,3158,27.838,2.564,1.039e-15,flat,1
723,1,z:ilp,nat-oop,6298,4589,5.451,0.729,4.504e-16,prime,0
723,1,z:ilp,nat-oop,4895,4560,7.014,0.931,4.504e-16,prime,1
724,1,z:ilp,nat-oop,4857,4660,7.081,0.960,7.195e-16,prime,0
724,1,z:ilp,nat-oop,4912,4548,7.001,0.926,7.195e-16,prime,1
725,1,z:ilp,nat-oop,1465,2440,23.513,1.666,5.817e-16,flat,0
725,1,z:ilp,nat-oop,1254,2437,27.478,1.944,5.817e-16,flat,1
726,1,z:ilp,nat-oop,1018,2568,33.899,2.523,4.484e-16,chain3,0
726,1,z:ilp,nat-oop,1029,2577,33.542,2.506,4.484e-16,chain3,1
727,1,z:ilp,nat-oop,3058,4546,11.299,1.487,6.549e-16,prime,0
727,1,z:ilp,nat-oop,3107,4556,11.123,1.467,6.549e-16,prime,1
728,1,z:ilp,nat-oop,871,2667,39.737,3.062,5.056e-16,chain3,0
728,1,z:ilp,nat-oop,844,2657,40.996,3.148,5.056e-16,chain3,1
729,1,z:ilp,nat-oop,931,2125,37.232,2.283,5.079e-16,2p,0
729,1,z:ilp,nat-oop,917,2167,37.785,2.363,5.079e-16,2p,1
730,1,z:ilp,nat-oop,6293,5426,5.517,0.862,4.272e-16,prime,0
730,1,z:ilp,nat-oop,4879,5455,7.116,1.118,4.272e-16,prime,1
731,1,z:ilp,nat-oop,1365,4312,25.480,3.159,5.969e-16,2p,0
731,1,z:ilp,nat-oop,1394,4359,24.950,3.128,5.969e-16,2p,1
732,1,z:ilp,nat-oop,4771,5835,7.299,1.223,5.983e-16,prime,0
732,1,z:ilp,nat-oop,4900,5743,7.108,1.172,5.983e-16,prime,1
733,1,z:ilp,nat-oop,4913,4611,7.099,0.938,6.166e-16,prime,0
733,1,z:ilp,nat-oop,4911,4564,7.103,0.929,6.166e-16,prime,1
734,1,z:ilp,nat-oop,4834,4590,7.227,0.949,5.330e-16,prime,0
734,1,z:ilp,nat-oop,4844,4578,7.213,0.945,5.330e-16,prime,1
735,1,z:ilp,nat-oop,1003,1249,34.901,1.246,6.136e-16,flat,0
735,1,z:ilp,nat-oop,1010,1249,34.646,1.237,6.136e-16,flat,1
736,1,z:ilp,nat-oop,846,3531,41.403,4.171,3.307e-16,2p,0
736,1,z:ilp,nat-oop,784,3625,44.711,4.625,3.307e-16,2p,1
737,1,z:ilp,nat-oop,4749,5632,7.392,1.186,5.546e-16,prime,0
737,1,z:ilp,nat-oop,4842,5588,7.250,1.154,5.546e-16,prime,1
738,1,z:ilp,nat-oop,2272,4250,15.472,1.870,5.795e-16,chain3,0
738,1,z:ilp,nat-oop,2311,4286,15.215,1.855,5.795e-16,chain3,1
739,1,z:ilp,nat-oop,4754,4694,7.406,0.987,5.117e-16,prime,0
739,1,z:ilp,nat-oop,4830,4562,7.290,0.944,5.117e-16,prime,1
740,1,z:ilp,nat-oop,1446,4164,24.388,2.879,5.435e-16,flat,0
740,1,z:ilp,nat-oop,1311,4184,26.891,3.190,5.435e-16,flat,1
741,1,z:ilp,nat-oop,1413,2724,24.992,1.927,6.487e-16,chain3,0
741,1,z:ilp,nat-oop,1581,2683,22.344,1.697,6.487e-16,chain3,1
742,1,z:ilp,nat-oop,4870,4091,7.264,0.840,4.370e-16,prime,0
742,1,z:ilp,nat-oop,4876,4122,7.255,0.845,4.370e-16,prime,1
743,1,z:ilp,nat-oop,4903,4557,7.226,0.929,6.273e-16,prime,0
743,1,z:ilp,nat-oop,4942,4561,7.169,0.923,6.273e-16,prime,1
744,1,z:ilp,nat-oop,1558,4031,22.770,2.586,5.062e-16,flat,0
744,1,z:ilp,nat-oop,2032,4052,17.464,1.994,5.062e-16,flat,1
745,1,z:ilp,nat-oop,4868,4592,7.300,0.943,6.818e-16,prime,0
745,1,z:ilp,nat-oop,4845,4559,7.335,0.941,6.818e-16,prime,1
746,1,z:ilp,nat-oop,4859,4584,7.326,0.944,7.447e-16,prime,0
746,1,z:ilp,nat-oop,4849,4586,7.340,0.946,7.447e-16,prime,1
747,1,z:ilp,nat-oop,4943,6313,7.212,1.277,6.144e-16,prime,0
747,1,z:ilp,nat-oop,5004,6329,7.124,1.265,6.144e-16,prime,1
748,1,z:ilp,nat-oop,1216,2993,29.356,2.461,7.864e-16,flat,0
748,1,z:ilp,nat-oop,1208,2908,29.563,2.408,7.864e-16,flat,1
749,1,z:ilp,nat-oop,4892,4587,7.309,0.938,6.581e-16,prime,0
749,1,z:ilp,nat-oop,4889,4582,7.315,0.937,6.581e-16,prime,1
750,1,z:ilp,nat-oop,987,1995,36.290,2.021,4.662e-16,chain3,0
750,1,z:ilp,nat-oop,974,2007,36.754,2.060,4.662e-16,chain3,1
751,1,z:ilp,nat-oop,4848,5361,7.399,1.106,6.302e-16,prime,0
751,1,z:ilp,nat-oop,4984,4579,7.198,0.919,6.302e-16,prime,1
752,1,z:ilp,nat-oop,1473,5143,24.397,3.493,5.812e-16,flat,0
752,1,z:ilp,nat-oop,1479,5151,24.298,3.484,5.812e-16,flat,1
753,1,z:ilp,nat-oop,5009,4594,7.184,0.917,5.953e-16,prime,0
753,1,z:ilp,nat-oop,4888,4581,7.360,0.937,5.953e-16,prime,1
754,1,z:ilp,nat-oop,1489,3294,24.193,2.212,1.035e-15,flat,0
754,1,z:ilp,nat-oop,1429,3288,25.226,2.302,1.035e-15,flat,1
755,1,z:ilp,nat-oop,4890,4571,7.381,0.935,5.724e-16,prime,0
755,1,z:ilp,nat-oop,4911,4578,7.349,0.932,5.724e-16,prime,1
756,1,z:ilp,nat-oop,758,2229,47.715,2.943,3.904e-16,chain3,0
756,1,z:ilp,nat-oop,759,2246,47.612,2.959,3.904e-16,chain3,1
757,1,z:ilp,nat-oop,4262,4581,8.493,1.075,6.318e-16,prime,0
757,1,z:ilp,nat-oop,4600,4592,7.870,0.998,6.318e-16,prime,1
758,1,z:ilp,nat-oop,4954,4590,7.318,0.927,6.302e-16,prime,0
758,1,z:ilp,nat-oop,4911,4577,7.383,0.932,6.302e-16,prime,1
759,1,z:ilp,nat-oop,1368,2970,26.548,2.171,6.776e-16,flat,0
759,1,z:ilp,nat-oop,1662,2990,21.851,1.799,6.776e-16,flat,1
760,1,z:ilp,nat-oop,1036,3285,35.110,3.172,6.079e-16,flat,0
760,1,z:ilp,nat-oop,1003,3278,36.244,3.267,6.079e-16,flat,1
761,1,z:ilp,nat-oop,3557,4583,10.239,1.288,7.588e-16,prime,0
761,1,z:ilp,nat-oop,3449,4589,10.558,1.330,7.588e-16,prime,1
762,1,z:ilp,nat-oop,5777,4754,6.314,0.823,5.861e-16,prime,0
762,1,z:ilp,nat-oop,5023,6298,7.262,1.254,5.861e-16,prime,1
763,1,z:ilp,nat-oop,4892,4582,7.467,0.937,5.539e-16,prime,0
763,1,z:ilp,nat-oop,4761,4590,7.672,0.964,5.539e-16,prime,1
764,1,z:ilp,nat-oop,4810,4576,7.606,0.951,6.095e-16,prime,0
764,1,z:ilp,nat-oop,4833,4567,7.570,0.945,6.095e-16,prime,1
765,1,z:ilp,nat-oop,1071,2708,34.213,2.528,6.011e-16,flat,0
765,1,z:ilp,nat-oop,1075,2733,34.100,2.544,6.011e-16,flat,1
766,1,z:ilp,nat-oop,4841,4591,7.581,0.948,5.304e-16,prime,0
766,1,z:ilp,nat-oop,6388,4592,5.744,0.719,5.304e-16,prime,1
767,1,z:ilp,nat-oop,4810,5320,7.641,1.106,5.889e-16,prime,0
767,1,z:ilp,nat-oop,4858,5275,7.564,1.086,5.889e-16,prime,1
768,1,z:ilp,nat-oop,633,2617,58.103,4.132,4.306e-16,2p,0
768,1,z:ilp,nat-oop,622,2615,59.174,4.204,4.306e-16,2p,1
769,1,z:ilp,nat-oop,2332,4603,15.809,1.974,6.413e-16,prime,0
769,1,z:ilp,nat-oop,2372,4571,15.542,1.927,6.413e-16,prime,1
770,1,z:ilp,nat-oop,999,2027,36.936,2.028,3.925e-16,chain3,0
770,1,z:ilp,nat-oop,992,2061,37.231,2.079,3.925e-16,chain3,1
771,1,z:ilp,nat-oop,4854,4718,7.616,0.972,7.479e-16,prime,0
771,1,z:ilp,nat-oop,4861,4616,7.606,0.950,7.479e-16,prime,1
772,1,z:ilp,nat-oop,6224,4575,5.949,0.735,5.908e-16,prime,0
772,1,z:ilp,nat-oop,4917,4579,7.531,0.931,5.908e-16,prime,1
773,1,z:ilp,nat-oop,4810,4584,7.709,0.953,6.412e-16,prime,0
773,1,z:ilp,nat-oop,4767,4587,7.778,0.962,6.412e-16,prime,1
774,1,z:ilp,nat-oop,1649,4756,22.522,2.884,4.716e-16,chain3,0
774,1,z:ilp,nat-oop,1631,4718,22.770,2.893,4.716e-16,chain3,1
775,1,z:ilp,nat-oop,1134,2865,32.805,2.527,6.269e-16,2p,0
775,1,z:ilp,nat-oop,1120,2853,33.195,2.546,6.269e-16,2p,1
776,1,z:ilp,nat-oop,4799,8748,7.762,1.823,3.097e-16,prime,0
776,1,z:ilp,nat-oop,4805,8752,7.752,1.821,3.097e-16,prime,1
777,1,z:ilp,nat-oop,1205,3165,30.965,2.627,5.476e-16,2p,0
777,1,z:ilp,nat-oop,1191,3161,31.326,2.655,5.476e-16,2p,1
778,1,z:ilp,nat-oop,5108,4595,7.314,0.899,6.107e-16,prime,0
778,1,z:ilp,nat-oop,5008,4598,7.460,0.918,6.107e-16,prime,1
779,1,z:ilp,nat-oop,1510,4618,24.779,3.059,4.687e-16,2p,0
779,1,z:ilp,nat-oop,1453,4725,25.741,3.251,4.687e-16,2p,1
780,1,z:ilp,nat-oop,902,2891,41.561,3.207,7.120e-16,chain3,0
780,1,z:ilp,nat-oop,897,2848,41.751,3.174,7.120e-16,chain3,1
781,1,z:ilp,nat-oop,4931,6292,7.610,1.276,5.403e-16,prime,0
781,1,z:ilp,nat-oop,4814,6289,7.795,1.306,5.403e-16,prime,1
782,1,z:ilp,nat-oop,1418,3550,26.509,2.504,1.998e-15,flat,0
782,1,z:ilp,nat-oop,1446,3565,25.997,2.466,1.998e-15,flat,1
783,1,z:ilp,nat-oop,1663,3657,22.636,2.200,4.784e-16,flat,0
783,1,z:ilp,nat-oop,1458,3639,25.809,2.495,4.784e-16,flat,1
784,1,z:ilp,nat-oop,815,2302,46.267,2.826,3.896e-16,chain3,0
784,1,z:ilp,nat-oop,801,2308,47.024,2.880,3.896e-16,chain3,1
785,1,z:ilp,nat-oop,4946,4603,7.631,0.931,7.031e-16,prime,0
785,1,z:ilp,nat-oop,5274,4604,7.157,0.873,7.031e-16,prime,1
786,1,z:ilp,nat-oop,5038,4752,7.503,0.943,6.014e-16,prime,0
786,1,z:ilp,nat-oop,4880,4971,7.746,1.019,6.014e-16,prime,1
787,1,z:ilp,nat-oop,4915,4595,7.701,0.935,5.720e-16,prime,0
787,1,z:ilp,nat-oop,4853,4611,7.800,0.950,5.720e-16,prime,1
788,1,z:ilp,nat-oop,5034,4583,7.530,0.910,6.320e-16,prime,0
788,1,z:ilp,nat-oop,4977,4730,7.617,0.950,6.320e-16,prime,1
789,1,z:ilp,nat-oop,4879,4598,7.782,0.943,6.902e-16,prime,0
789,1,z:ilp,nat-oop,5045,4613,7.525,0.914,6.902e-16,prime,1
790,1,z:ilp,nat-oop,4884,6522,7.785,1.335,6.272e-16,prime,0
790,1,z:ilp,nat-oop,4864,6508,7.817,1.338,6.272e-16,prime,1
791,1,z:ilp,nat-oop,4877,4602,7.808,0.944,6.133e-16,prime,0
791,1,z:ilp,nat-oop,5243,4604,7.262,0.878,6.133e-16,prime,1
792,1,z:ilp,nat-oop,856,2889,44.556,3.376,5.848e-16,chain3,0
792,1,z:ilp,nat-oop,843,2894,45.235,3.433,5.848e-16,chain3,1
793,1,z:ilp,nat-oop,4835,5635,7.898,1.166,5.056e-16,prime,0
793,1,z:ilp,nat-oop,4782,5602,7.985,1.171,5.056e-16,prime,1
794,1,z:ilp,nat-oop,5105,4682,7.492,0.917,7.564e-16,prime,0
794,1,z:ilp,nat-oop,4879,4805,7.838,0.985,7.564e-16,prime,1
795,1,z:ilp,nat-oop,5081,4467,7.537,0.879,5.748e-16,prime,0
795,1,z:ilp,nat-oop,4816,4415,7.952,0.917,5.748e-16,prime,1
796,1,z:ilp,nat-oop,5261,4610,7.290,0.876,5.836e-16,prime,0
796,1,z:ilp,nat-oop,4856,4614,7.899,0.950,5.836e-16,prime,1
797,1,z:ilp,nat-oop,4876,4640,7.877,0.952,5.406e-16,prime,0
797,1,z:ilp,nat-oop,4794,4604,8.012,0.960,5.406e-16,prime,1
798,1,z:ilp,nat-oop,1320,2851,29.132,2.159,5.335e-16,flat,0
798,1,z:ilp,nat-oop,1306,2785,29.455,2.133,5.335e-16,flat,1
799,1,z:ilp,nat-oop,1770,5103,21.762,2.883,5.631e-16,2p,0
799,1,z:ilp,nat-oop,1645,5115,23.423,3.110,5.631e-16,2p,1
800,1,z:ilp,nat-oop,764,2441,50.503,3.196,3.140e-16,2p,0
800,1,z:ilp,nat-oop,767,2420,50.282,3.154,3.140e-16,2p,1
801,1,z:ilp,nat-oop,4967,7132,7.778,1.436,7.191e-16,prime,0
801,1,z:ilp,nat-oop,4884,7113,7.909,1.456,7.191e-16,prime,1
802,1,z:ilp,nat-oop,4807,4611,8.048,0.959,4.856e-16,prime,0
802,1,z:ilp,nat-oop,4791,4591,8.075,0.958,4.856e-16,prime,1
803,1,z:ilp,nat-oop,4916,6555,7.881,1.333,4.996e-16,prime,0
803,1,z:ilp,nat-oop,4827,6439,8.026,1.334,4.996e-16,prime,1
804,1,z:ilp,nat-oop,4898,6887,7.921,1.406,4.131e-16,prime,0
804,1,z:ilp,nat-oop,4927,6866,7.875,1.394,4.131e-16,prime,1
805,1,z:ilp,nat-oop,1335,2426,29.100,1.817,6.562e-16,flat,0
805,1,z:ilp,nat-oop,1352,2432,28.739,1.799,6.562e-16,flat,1
806,1,z:ilp,nat-oop,1606,3808,24.230,2.372,1.102e-15,flat,0
806,1,z:ilp,nat-oop,1606,3820,24.220,2.378,1.102e-15,flat,1
807,1,z:ilp,nat-oop,5222,4589,7.462,0.879,4.992e-16,prime,0
807,1,z:ilp,nat-oop,5132,4610,7.592,0.898,4.992e-16,prime,1
808,1,z:ilp,nat-oop,4911,4592,7.945,0.935,6.012e-16,prime,0
808,1,z:ilp,nat-oop,4915,4612,7.939,0.938,6.012e-16,prime,1
809,1,z:ilp,nat-oop,4889,4592,7.992,0.939,4.876e-16,prime,0
809,1,z:ilp,nat-oop,5409,4658,7.225,0.861,4.876e-16,prime,1
810,1,z:ilp,nat-oop,1099,2364,35.593,2.151,4.493e-16,chain3,0
810,1,z:ilp,nat-oop,1079,2383,36.253,2.208,4.493e-16,chain3,1
811,1,z:ilp,nat-oop,4916,4596,7.970,0.935,5.186e-16,prime,0
811,1,z:ilp,nat-oop,4852,4594,8.076,0.947,5.186e-16,prime,1
812,1,z:ilp,nat-oop,1359,3909,28.875,2.876,7.317e-16,flat,0
812,1,z:ilp,nat-oop,1554,3858,25.249,2.482,7.317e-16,flat,1
813,1,z:ilp,nat-oop,4830,4588,8.135,0.950,5.555e-16,prime,0
813,1,z:ilp,nat-oop,4823,4589,8.148,0.952,5.555e-16,prime,1
814,1,z:ilp,nat-oop,1738,4072,22.639,2.343,8.079e-16,flat,0
814,1,z:ilp,nat-oop,1928,4073,20.413,2.113,8.079e-16,flat,1
815,1,z:ilp,nat-oop,6335,4600,6.221,0.726,6.481e-16,prime,0
815,1,z:ilp,nat-oop,4886,4603,8.066,0.942,6.481e-16,prime,1
816,1,z:ilp,nat-oop,1300,3298,30.345,2.536,4.783e-16,chain3,0
816,1,z:ilp,nat-oop,1248,3303,31.632,2.647,4.783e-16,chain3,1
817,1,z:ilp,nat-oop,1723,5135,22.940,2.981,8.871e-16,flat,0
817,1,z:ilp,nat-oop,1733,5108,22.806,2.948,8.871e-16,flat,1
818,1,z:ilp,nat-oop,4923,4587,8.039,0.932,5.423e-16,prime,0
818,1,z:ilp,nat-oop,5982,4606,6.616,0.770,5.423e-16,prime,1
819,1,z:ilp,nat-oop,1124,2325,35.248,2.068,7.678e-16,flat,0
819,1,z:ilp,nat-oop,1121,2334,35.340,2.081,7.678e-16,flat,1
820,1,z:ilp,nat-oop,1478,4872,26.844,3.296,4.808e-16,flat,0
820,1,z:ilp,nat-oop,1453,4822,27.312,3.319,4.808e-16,flat,1
821,1,z:ilp,nat-oop,4905,4594,8.102,0.937,5.548e-16,prime,0
821,1,z:ilp,nat-oop,4889,4614,8.129,0.944,5.548e-16,prime,1
822,1,z:ilp,nat-oop,4843,4626,8.218,0.955,5.396e-16,prime,0
822,1,z:ilp,nat-oop,4911,4622,8.103,0.941,5.396e-16,prime,1
823,1,z:ilp,nat-oop,5056,4592,7.882,0.908,7.674e-16,prime,0
823,1,z:ilp,nat-oop,4993,4608,7.982,0.923,7.674e-16,prime,1
824,1,z:ilp,nat-oop,4864,5413,8.205,1.113,5.901e-16,prime,0
824,1,z:ilp,nat-oop,4974,4656,8.023,0.936,5.901e-16,prime,1
825,1,z:ilp,nat-oop,1485,2467,26.921,1.662,4.401e-16,chain3,0
825,1,z:ilp,nat-oop,1216,2452,32.867,2.016,4.401e-16,chain3,1
826,1,z:ilp,nat-oop,4827,5126,8.290,1.062,5.168e-16,prime,0
826,1,z:ilp,nat-oop,4910,5129,8.151,1.045,5.168e-16,prime,1
827,1,z:ilp,nat-oop,6295,4597,6.366,0.730,6.232e-16,prime,0
827,1,z:ilp,nat-oop,4778,4608,8.388,0.964,6.232e-16,prime,1
828,1,z:ilp,nat-oop,1343,3937,29.876,2.931,4.826e-16,chain3,0
828,1,z:ilp,nat-oop,1275,3924,31.481,3.078,4.826e-16,chain3,1
829,1,z:ilp,nat-oop,4576,4711,8.782,1.029,1.061e-15,prime,0
829,1,z:ilp,nat-oop,4552,4626,8.829,1.016,1.061e-15,prime,1
830,1,z:ilp,nat-oop,4892,7073,8.225,1.446,6.714e-16,prime,0
830,1,z:ilp,nat-oop,4842,7058,8.311,1.458,6.714e-16,prime,1
831,1,z:ilp,nat-oop,4853,4599,8.303,0.948,6.984e-16,prime,0
831,1,z:ilp,nat-oop,4915,4611,8.198,0.938,6.984e-16,prime,1
832,1,z:ilp,nat-oop,811,3195,49.761,3.940,4.981e-16,2p,0
832,1,z:ilp,nat-oop,819,3181,49.277,3.885,4.981e-16,2p,1
833,1,z:ilp,nat-oop,1211,1914,33.357,1.580,7.720e-16,flat,0
833,1,z:ilp,nat-oop,1251,1936,32.290,1.547,7.720e-16,flat,1
834,1,z:ilp,nat-oop,4876,4630,8.299,0.949,6.171e-16,prime,0
834,1,z:ilp,nat-oop,4867,4766,8.314,0.979,6.171e-16,prime,1
835,1,z:ilp,nat-oop,4874,4613,8.313,0.946,6.897e-16,prime,0
835,1,z:ilp,nat-oop,5003,4611,8.100,0.922,6.897e-16,prime,1
836,1,z:ilp,nat-oop,1319,3517,30.774,2.668,8.760e-16,flat,0
836,1,z:ilp,nat-oop,1358,3506,29.880,2.582,8.760e-16,flat,1
837,1,z:ilp,nat-oop,2074,4199,19.594,2.025,7.069e-16,flat,0
837,1,z:ilp,nat-oop,2091,4245,19.436,2.030,7.069e-16,flat,1
838,1,z:ilp,nat-oop,4939,4638,8.239,0.939,5.265e-16,prime,0
838,1,z:ilp,nat-oop,4847,4638,8.394,0.957,5.265e-16,prime,1
839,1,z:ilp,nat-oop,4837,4645,8.423,0.960,7.160e-16,prime,0
839,1,z:ilp,nat-oop,4798,4639,8.492,0.967,7.160e-16,prime,1
840,1,z:ilp,nat-oop,890,2489,45.843,2.796,4.039e-16,chain3,0
840,1,z:ilp,nat-oop,894,2492,45.625,2.787,4.039e-16,chain3,1
841,1,z:ilp,nat-oop,2098,4834,19.470,2.304,1.250e-15,flat,0
841,1,z:ilp,nat-oop,2042,4839,20.009,2.370,1.250e-15,flat,1
842,1,z:ilp,nat-oop,4903,4773,8.345,0.974,5.667e-16,prime,0
842,1,z:ilp,nat-oop,4924,4682,8.308,0.951,5.667e-16,prime,1
843,1,z:ilp,nat-oop,4855,4624,8.439,0.953,4.756e-16,prime,0
843,1,z:ilp,nat-oop,4845,4639,8.456,0.958,4.756e-16,prime,1
844,1,z:ilp,nat-oop,4847,4642,8.464,0.958,5.202e-16,prime,0
844,1,z:ilp,nat-oop,6436,5407,6.374,0.840,5.202e-16,prime,1
845,1,z:ilp,nat-oop,1318,2517,31.162,1.909,9.757e-16,flat,0
845,1,z:ilp,nat-oop,1272,2512,32.299,1.975,9.757e-16,flat,1
846,1,z:ilp,nat-oop,2527,5641,16.279,2.232,6.288e-16,flat,0
846,1,z:ilp,nat-oop,2453,5542,16.769,2.259,6.288e-16,flat,1
847,1,z:ilp,nat-oop,1358,2362,30.331,1.739,4.294e-16,flat,0
847,1,z:ilp,nat-oop,1323,2364,31.143,1.788,4.294e-16,flat,1
848,1,z:ilp,nat-oop,4904,6222,8.411,1.269,4.122e-16,prime,0
848,1,z:ilp,nat-oop,6345,6210,6.501,0.979,4.122e-16,prime,1
849,1,z:ilp,nat-oop,4780,4628,8.640,0.968,4.958e-16,prime,0
849,1,z:ilp,nat-oop,5146,4775,8.027,0.928,4.958e-16,prime,1
850,1,z:ilp,nat-oop,1439,2509,28.737,1.744,5.126e-16,chain3,0
850,1,z:ilp,nat-oop,1502,2474,27.535,1.647,5.126e-16,chain3,1
851,1,z:ilp,nat-oop,1947,5228,21.276,2.686,6.077e-16,2p,0
851,1,z:ilp,nat-oop,1694,5280,24.441,3.116,6.077e-16,2p,1
852,1,z:ilp,nat-oop,4981,7925,8.326,1.591,5.005e-16,prime,0
852,1,z:ilp,nat-oop,5001,7725,8.291,1.545,5.005e-16,prime,1
853,1,z:ilp,nat-oop,4975,4648,8.347,0.934,6.692e-16,prime,0
853,1,z:ilp,nat-oop,4953,4684,8.383,0.946,6.692e-16,prime,1
854,1,z:ilp,nat-oop,4918,5465,8.455,1.111,4.255e-16,prime,0
854,1,z:ilp,nat-oop,5103,5459,8.148,1.070,4.255e-16,prime,1
855,1,z:ilp,nat-oop,1317,3300,31.623,2.506,8.206e-16,flat,0
855,1,z:ilp,nat-oop,1287,3303,32.350,2.566,8.206e-16,flat,1
856,1,z:ilp,nat-oop,4889,4652,8.528,0.952,6.553e-16,prime,0
856,1,z:ilp,nat-oop,4955,4630,8.415,0.935,6.553e-16,prime,1
857,1,z:ilp,nat-oop,4938,4644,8.454,0.940,6.375e-16,prime,0
857,1,z:ilp,nat-oop,4931,4651,8.468,0.943,6.375e-16,prime,1
858,1,z:ilp,nat-oop,1411,3126,29.629,2.216,7.813e-16,flat,0
858,1,z:ilp,nat-oop,1424,3116,29.363,2.189,7.813e-16,flat,1
859,1,z:ilp,nat-oop,3933,4643,10.643,1.180,9.669e-16,prime,0
859,1,z:ilp,nat-oop,3732,4685,11.216,1.255,9.669e-16,prime,1
860,1,z:ilp,nat-oop,1653,5362,25.358,3.244,7.564e-16,flat,0
860,1,z:ilp,nat-oop,1660,5375,25.253,3.238,7.564e-16,flat,1
861,1,z:ilp,nat-oop,1419,3788,29.577,2.669,4.564e-16,2p,0
861,1,z:ilp,nat-oop,1432,3784,29.319,2.643,4.564e-16,2p,1
862,1,z:ilp,nat-oop,5563,4808,7.555,0.864,7.199e-16,prime,0
862,1,z:ilp,nat-oop,4818,4661,8.724,0.968,7.199e-16,prime,1
863,1,z:ilp,nat-oop,4927,4642,8.542,0.942,5.818e-16,prime,0
863,1,z:ilp,nat-oop,4935,4631,8.527,0.938,5.818e-16,prime,1
864,1,z:ilp,nat-oop,814,2977,51.778,3.658,5.838e-16,2p,0
864,1,z:ilp,nat-oop,811,2962,51.974,3.653,5.838e-16,2p,1
865,1,z:ilp,nat-oop,4919,4650,8.578,0.945,5.550e-16,prime,0
865,1,z:ilp,nat-oop,4883,4695,8.641,0.962,5.550e-16,prime,1
866,1,z:ilp,nat-oop,4943,4660,8.548,0.943,5.736e-16,prime,0
866,1,z:ilp,nat-oop,5122,4632,8.249,0.904,5.736e-16,prime,1
867,1,z:ilp,nat-oop,1508,3277,28.062,2.174,1.051e-15,flat,0
867,1,z:ilp,nat-oop,1554,3265,27.218,2.100,1.051e-15,flat,1
868,1,z:ilp,nat-oop,1536,4542,27.574,2.956,5.912e-16,flat,0
868,1,z:ilp,nat-oop,1555,4500,27.249,2.894,5.912e-16,flat,1
869,1,z:ilp,nat-oop,4886,7609,8.683,1.557,4.598e-16,prime,0
869,1,z:ilp,nat-oop,4876,7634,8.699,1.565,4.598e-16,prime,1
870,1,z:ilp,nat-oop,1815,4175,23.410,2.301,5.563e-16,flat,0
870,1,z:ilp,nat-oop,1834,4153,23.167,2.265,5.563e-16,flat,1
871,1,z:ilp,nat-oop,4901,6715,8.679,1.370,6.394e-16,prime,0
871,1,z:ilp,nat-oop,4884,6695,8.709,1.371,6.394e-16,prime,1
872,1,z:ilp,nat-oop,4862,4670,8.760,0.961,6.416e-16,prime,0
872,1,z:ilp,nat-oop,5988,5360,7.112,0.895,6.416e-16,prime,1
873,1,z:ilp,nat-oop,4864,8391,8.767,1.725,6.099e-16,prime,0
873,1,z:ilp,nat-oop,4920,8350,8.667,1.697,6.099e-16,prime,1
874,1,z:ilp,nat-oop,1706,4331,25.033,2.539,1.102e-15,flat,0
874,1,z:ilp,nat-oop,1715,4257,24.906,2.483,1.102e-15,flat,1
875,1,z:ilp,nat-oop,1147,1974,37.288,1.721,4.452e-16,flat,0
875,1,z:ilp,nat-oop,1517,1929,28.178,1.271,4.452e-16,flat,1
876,1,z:ilp,nat-oop,4867,7906,8.796,1.624,3.923e-16,prime,0
876,1,z:ilp,nat-oop,4947,7932,8.654,1.603,3.923e-16,prime,1
877,1,z:ilp,nat-oop,4829,4647,8.878,0.962,4.263e-16,prime,0
877,1,z:ilp,nat-oop,4913,4664,8.726,0.949,4.263e-16,prime,1
878,1,z:ilp,nat-oop,4902,4643,8.758,0.947,5.879e-16,prime,0
878,1,z:ilp,nat-oop,4888,5381,8.782,1.101,5.879e-16,prime,1
879,1,z:ilp,nat-oop,4927,4665,8.724,0.947,5.317e-16,prime,0
879,1,z:ilp,nat-oop,5050,4686,8.511,0.928,5.317e-16,prime,1
880,1,z:ilp,nat-oop,1024,3230,42.047,3.156,3.249e-16,chain3,0
880,1,z:ilp,nat-oop,1143,3243,37.644,2.837,3.249e-16,chain3,1
881,1,z:ilp,nat-oop,3439,4639,12.532,1.349,5.025e-16,prime,0
881,1,z:ilp,nat-oop,3495,4673,12.331,1.337,5.025e-16,prime,1
882,1,z:ilp,nat-oop,1344,2551,32.100,1.898,5.391e-16,flat,0
882,1,z:ilp,nat-oop,1370,2564,31.497,1.871,5.391e-16,flat,1
883,1,z:ilp,nat-oop,4921,4658,8.780,0.947,6.961e-16,prime,0
883,1,z:ilp,nat-oop,5113,4659,8.451,0.911,6.961e-16,prime,1
884,1,z:ilp,nat-oop,1518,3579,28.508,2.358,6.347e-16,chain3,0
884,1,z:ilp,nat-oop,1741,3613,24.854,2.076,6.347e-16,chain3,1
885,1,z:ilp,nat-oop,5275,5471,8.212,1.037,5.139e-16,prime,0
885,1,z:ilp,nat-oop,5100,5509,8.494,1.080,5.139e-16,prime,1
886,1,z:ilp,nat-oop,4956,4668,8.751,0.942,7.028e-16,prime,0
886,1,z:ilp,nat-oop,4938,6517,8.783,1.320,7.028e-16,prime,1
887,1,z:ilp,nat-oop,4880,5069,8.901,1.039,5.668e-16,prime,0
887,1,z:ilp,nat-oop,4841,4668,8.971,0.964,5.668e-16,prime,1
888,1,z:ilp,nat-oop,1604,5205,27.104,3.244,4.572e-16,chain3,0
888,1,z:ilp,nat-oop,1605,5189,27.097,3.233,4.572e-16,chain3,1
889,1,z:ilp,nat-oop,4914,4714,8.861,0.959,5.232e-16,prime,0
889,1,z:ilp,nat-oop,4897,4653,8.892,0.950,5.232e-16,prime,1
890,1,z:ilp,nat-oop,4776,8009,9.129,1.677,5.583e-16,prime,0
890,1,z:ilp,nat-oop,5974,7944,7.298,1.330,5.583e-16,prime,1
891,1,z:ilp,nat-oop,1340,2847,32.582,2.125,6.031e-16,chain3,0
891,1,z:ilp,nat-oop,1278,2834,34.164,2.218,6.031e-16,chain3,1
892,1,z:ilp,nat-oop,4898,4655,8.924,0.950,4.561e-16,prime,0
892,1,z:ilp,nat-oop,4812,4645,9.085,0.965,4.561e-16,prime,1
893,1,z:ilp,nat-oop,1950,6023,22.448,3.089,9.947e-16,flat,0
893,1,z:ilp,nat-oop,1930,6018,22.673,3.117,9.947e-16,flat,1
894,1,z:ilp,nat-oop,4944,5067,8.863,1.025,7.805e-16,prime,0
894,1,z:ilp,nat-oop,4913,4659,8.919,0.948,7.805e-16,prime,1
895,1,z:ilp,nat-oop,6394,4657,6.863,0.728,5.418e-16,prime,0
895,1,z:ilp,nat-oop,4860,4686,9.029,0.964,5.418e-16,prime,1
896,1,z:ilp,nat-oop,934,2896,47.019,3.100,3.974e-16,chain3,0
896,1,z:ilp,nat-oop,935,2884,46.987,3.084,3.974e-16,chain3,1
897,1,z:ilp,nat-oop,1655,3616,26.580,2.185,8.423e-16,flat,0
897,1,z:ilp,nat-oop,1644,3616,26.758,2.200,8.423e-16,flat,1
898,1,z:ilp,nat-oop,4967,4685,8.868,0.943,5.584e-16,prime,0
898,1,z:ilp,nat-oop,4932,4671,8.932,0.947,5.584e-16,prime,1
899,1,z:ilp,nat-oop,1940,5469,22.739,2.819,5.573e-16,2p,0
899,1,z:ilp,nat-oop,3090,5464,14.273,1.768,5.573e-16,2p,1
900,1,z:ilp,nat-oop,979,2760,45.099,2.819,3.721e-16,chain3,0
900,1,z:ilp,nat-oop,991,2704,44.566,2.728,3.721e-16,chain3,1
901,1,z:ilp,nat-oop,4993,6166,8.856,1.235,4.809e-16,prime,0
901,1,z:ilp,nat-oop,4959,6101,8.917,1.230,4.809e-16,prime,1
902,1,z:ilp,nat-oop,2213,4812,20.009,2.175,8.604e-16,flat,0
902,1,z:ilp,nat-oop,2131,4975,20.781,2.335,8.604e-16,flat,1
903,1,z:ilp,nat-oop,1990,4295,22.280,2.159,1.908e-15,flat,0
903,1,z:ilp,nat-oop,1957,4291,22.651,2.193,1.908e-15,flat,1
904,1,z:ilp,nat-oop,4945,6390,8.977,1.292,5.759e-16,prime,0
904,1,z:ilp,nat-oop,5150,4707,8.619,0.914,5.759e-16,prime,1
905,1,z:ilp,nat-oop,4858,4678,9.149,0.963,4.797e-16,prime,0
905,1,z:ilp,nat-oop,4899,4671,9.072,0.954,4.797e-16,prime,1
906,1,z:ilp,nat-oop,4851,4702,9.173,0.969,5.028e-16,prime,0
906,1,z:ilp,nat-oop,4830,4677,9.213,0.968,5.028e-16,prime,1
907,1,z:ilp,nat-oop,5045,4855,8.832,0.962,7.767e-16,prime,0
907,1,z:ilp,nat-oop,5165,4717,8.627,0.913,7.767e-16,prime,1
908,1,z:ilp,nat-oop,4850,5427,9.198,1.119,5.166e-16,prime,0
908,1,z:ilp,nat-oop,4845,4676,9.207,0.965,5.166e-16,prime,1
909,1,z:ilp,nat-oop,5060,4685,8.828,0.926,6.336e-16,prime,0
909,1,z:ilp,nat-oop,5083,4673,8.787,0.919,6.336e-16,prime,1
910,1,z:ilp,nat-oop,1233,2556,36.282,2.074,5.903e-16,chain3,0
910,1,z:ilp,nat-oop,1253,2574,35.687,2.054,5.903e-16,chain3,1
911,1,z:ilp,nat-oop,4966,4690,9.018,0.944,6.237e-16,prime,0
911,1,z:ilp,nat-oop,4929,4680,9.086,0.949,6.237e-16,prime,1
912,1,z:ilp,nat-oop,1219,3997,36.787,3.279,4.664e-16,chain3,0
912,1,z:ilp,nat-oop,1201,4024,37.342,3.352,4.664e-16,chain3,1
913,1,z:ilp,nat-oop,4925,8264,9.116,1.678,4.551e-16,prime,0
913,1,z:ilp,nat-oop,4858,8319,9.241,1.712,4.551e-16,prime,1
914,1,z:ilp,nat-oop,4836,4694,9.295,0.971,8.074e-16,prime,0
914,1,z:ilp,nat-oop,4815,4681,9.336,0.972,8.074e-16,prime,1
915,1,z:ilp,nat-oop,4905,5855,9.176,1.194,6.620e-16,prime,0
915,1,z:ilp,nat-oop,4854,5831,9.272,1.201,6.620e-16,prime,1
916,1,z:ilp,nat-oop,5385,4691,8.368,0.871,6.092e-16,prime,0
916,1,z:ilp,nat-oop,4989,4676,9.032,0.937,6.092e-16,prime,1
917,1,z:ilp,nat-oop,4917,4698,9.175,0.955,8.521e-16,prime,0
917,1,z:ilp,nat-oop,5032,4714,8.966,0.937,8.521e-16,prime,1
918,1,z:ilp,nat-oop,1539,3605,29.353,2.342,6.902e-16,flat,0
918,1,z:ilp,nat-oop,1632,3605,27.687,2.210,6.902e-16,flat,1
919,1,z:ilp,nat-oop,4907,4718,9.219,0.962,6.008e-16,prime,0
919,1,z:ilp,nat-oop,4920,4699,9.194,0.955,6.008e-16,prime,1
920,1,z:ilp,nat-oop,1442,4386,31.412,3.042,4.046e-16,chain3,0
920,1,z:ilp,nat-oop,1404,4368,32.254,3.110,4.046e-16,chain3,1
921,1,z:ilp,nat-oop,4864,4699,9.324,0.966,6.793e-16,prime,0
921,1,z:ilp,nat-oop,4904,4711,9.247,0.961,6.793e-16,prime,1
922,1,z:ilp,nat-oop,4970,4747,9.135,0.955,7.145e-16,prime,0
922,1,z:ilp,nat-oop,5094,4705,8.913,0.924,7.145e-16,prime,1
923,1,z:ilp,nat-oop,4917,7579,9.245,1.541,4.912e-16,prime,0
923,1,z:ilp,nat-oop,4945,7536,9.194,1.524,4.912e-16,prime,1
924,1,z:ilp,nat-oop,1008,3355,45.150,3.328,4.649e-16,chain3,0
924,1,z:ilp,nat-oop,1026,3363,44.346,3.276,4.649e-16,chain3,1
925,1,z:ilp,nat-oop,3433,3823,13.276,1.114,4.421e-16,2p,0
925,1,z:ilp,nat-oop,2289,3807,19.906,1.663,4.421e-16,2p,1
926,1,z:ilp,nat-oop,5098,4702,8.950,0.922,5.349e-16,prime,0
926,1,z:ilp,nat-oop,5205,4720,8.766,0.907,5.349e-16,prime,1
927,1,z:ilp,nat-oop,4908,4721,9.309,0.962,5.789e-16,prime,0
927,1,z:ilp,nat-oop,5054,4694,9.039,0.929,5.789e-16,prime,1
928,1,z:ilp,nat-oop,1261,4847,36.271,3.844,4.456e-16,2p,0
928,1,z:ilp,nat-oop,1171,4851,39.052,4.141,4.456e-16,2p,1
929,1,z:ilp,nat-oop,5166,4712,8.865,0.912,5.269e-16,prime,0
929,1,z:ilp,nat-oop,4809,4711,9.524,0.980,5.269e-16,prime,1
930,1,z:ilp,nat-oop,3335,4783,13.750,1.434,5.102e-16,chain3,0
930,1,z:ilp,nat-oop,2687,4826,17.065,1.796,5.102e-16,chain3,1
931,1,z:ilp,nat-oop,1480,2447,31.027,1.654,7.717e-16,flat,0
931,1,z:ilp,nat-oop,1484,2450,30.944,1.651,7.717e-16,flat,1
932,1,z:ilp,nat-oop,4951,4703,9.285,0.950,6.997e-16,prime,0
932,1,z:ilp,nat-oop,4907,4706,9.368,0.959,6.997e-16,prime,1
933,1,z:ilp,nat-oop,4901,4717,9.390,0.962,6.207e-16,prime,0
933,1,z:ilp,nat-oop,5005,4694,9.196,0.938,6.207e-16,prime,1
934,1,z:ilp,nat-oop,5038,4829,9.146,0.958,5.976e-16,prime,0
934,1,z:ilp,nat-oop,5058,4703,9.110,0.930,5.976e-16,prime,1
935,1,z:ilp,nat-oop,1448,3041,31.868,2.101,6.215e-16,flat,0
935,1,z:ilp,nat-oop,1421,2997,32.476,2.110,6.215e-16,flat,1
936,1,z:ilp,nat-oop,1081,3555,42.724,3.288,6.898e-16,chain3,0
936,1,z:ilp,nat-oop,1071,3560,43.120,3.324,6.898e-16,chain3,1
937,1,z:ilp,nat-oop,3675,4715,12.586,1.283,7.280e-16,prime,0
937,1,z:ilp,nat-oop,3708,4737,12.474,1.278,7.280e-16,prime,1
938,1,z:ilp,nat-oop,5024,6642,9.218,1.322,7.536e-16,prime,0
938,1,z:ilp,nat-oop,5230,6663,8.853,1.274,7.536e-16,prime,1
939,1,z:ilp,nat-oop,4922,4703,9.419,0.955,4.363e-16,prime,0
939,1,z:ilp,nat-oop,4939,4714,9.388,0.955,4.363e-16,prime,1
940,1,z:ilp,nat-oop,1810,6348,25.643,3.507,5.174e-16,flat,0
940,1,z:ilp,nat-oop,1905,6329,24.369,3.323,5.174e-16,flat,1
941,1,z:ilp,nat-oop,4952,4699,9.384,0.949,7.068e-16,prime,0
941,1,z:ilp,nat-oop,4999,4952,9.297,0.991,7.068e-16,prime,1
942,1,z:ilp,nat-oop,4914,4724,9.470,0.961,5.576e-16,prime,0
942,1,z:ilp,nat-oop,4912,4694,9.473,0.956,5.576e-16,prime,1
943,1,z:ilp,nat-oop,2046,6021,22.773,2.943,5.481e-16,2p,0
943,1,z:ilp,nat-oop,2138,6050,21.796,2.830,5.481e-16,2p,1
944,1,z:ilp,nat-oop,4961,7578,9.403,1.527,5.815e-16,prime,0
944,1,z:ilp,nat-oop,4894,7567,9.532,1.546,5.815e-16,prime,1
945,1,z:ilp,nat-oop,1364,2523,34.250,1.851,6.057e-16,chain3,0
945,1,z:ilp,nat-oop,1418,2508,32.943,1.769,6.057e-16,chain3,1
946,1,z:ilp,nat-oop,2414,5370,19.372,2.225,5.600e-16,flat,0
946,1,z:ilp,nat-oop,2305,5378,20.288,2.333,5.600e-16,flat,1
947,1,z:ilp,nat-oop,5074,4721,9.227,0.930,6.638e-16,prime,0
947,1,z:ilp,nat-oop,5039,4716,9.290,0.936,6.638e-16,prime,1
948,1,z:ilp,nat-oop,5098,9312,9.195,1.827,5.092e-16,prime,0
948,1,z:ilp,nat-oop,5118,9304,9.159,1.818,5.092e-16,prime,1
949,1,z:ilp,nat-oop,4865,7777,9.646,1.599,6.950e-16,prime,0
949,1,z:ilp,nat-oop,4868,7735,9.640,1.589,6.950e-16,prime,1
950,1,z:ilp,nat-oop,1771,3223,26.524,1.819,5.396e-16,flat,0
950,1,z:ilp,nat-oop,1664,3286,28.235,1.975,5.396e-16,flat,1
951,1,z:ilp,nat-oop,4934,4737,9.534,0.960,8.407e-16,prime,0
951,1,z:ilp,nat-oop,4887,4707,9.627,0.963,8.407e-16,prime,1
952,1,z:ilp,nat-oop,1551,4014,30.363,2.588,7.632e-16,flat,0
952,1,z:ilp,nat-oop,1286,3826,36.636,2.976,7.632e-16,flat,1
953,1,z:ilp,nat-oop,4223,4740,11.166,1.122,8.229e-16,prime,0
953,1,z:ilp,nat-oop,4260,4833,11.069,1.135,8.229e-16,prime,1
954,1,z:ilp,nat-oop,5086,6718,9.282,1.321,5.903e-16,prime,0
954,1,z:ilp,nat-oop,5382,6786,8.772,1.261,5.903e-16,prime,1
955,1,z:ilp,nat-oop,5920,4750,7.984,0.802,6.310e-16,prime,0
955,1,z:ilp,nat-oop,4981,4717,9.489,0.947,6.310e-16,prime,1
956,1,z:ilp,nat-oop,4907,4730,9.645,0.964,5.686e-16,prime,0
956,1,z:ilp,nat-oop,4860,4745,9.738,0.976,5.686e-16,prime,1
957,1,z:ilp,nat-oop,1865,4133,25.411,2.216,5.358e-16,chain3,0
957,1,z:ilp,nat-oop,1861,4154,25.459,2.232,5.358e-16,chain3,1
958,1,z:ilp,nat-oop,6267,4733,7.570,0.755,6.286e-16,prime,0
958,1,z:ilp,nat-oop,5124,4724,9.258,0.922,6.286e-16,prime,1
959,1,z:ilp,nat-oop,4948,4717,9.600,0.953,7.761e-16,prime,0
959,1,z:ilp,nat-oop,5080,4723,9.350,0.930,7.761e-16,prime,1
960,1,z:ilp,nat-oop,954,3128,49.850,3.280,4.434e-16,2p,0
960,1,z:ilp,nat-oop,938,3121,50.716,3.329,4.434e-16,2p,1
961,1,z:ilp,nat-oop,2336,6245,20.377,2.673,9.261e-16,flat,0
961,1,z:ilp,nat-oop,2490,6164,19.122,2.475,9.261e-16,flat,1
962,1,z:ilp,nat-oop,2160,5009,22.066,2.319,9.149e-16,flat,0
962,1,z:ilp,nat-oop,2175,5011,21.913,2.304,9.149e-16,flat,1
963,1,z:ilp,nat-oop,4948,4724,9.645,0.955,7.542e-16,prime,0
963,1,z:ilp,nat-oop,4816,4736,9.909,0.983,7.542e-16,prime,1
964,1,z:ilp,nat-oop,5082,4768,9.402,0.938,6.321e-16,prime,0
964,1,z:ilp,nat-oop,5088,4716,9.391,0.927,6.321e-16,prime,1
965,1,z:ilp,nat-oop,5043,4742,9.486,0.940,7.389e-16,prime,0
965,1,z:ilp,nat-oop,5025,5412,9.519,1.077,7.389e-16,prime,1
966,1,z:ilp,nat-oop,1625,3933,29.477,2.421,5.237e-16,chain3,0
966,1,z:ilp,nat-oop,1577,3902,30.370,2.474,5.237e-16,chain3,1
967,1,z:ilp,nat-oop,4926,4734,9.734,0.961,5.211e-16,prime,0
967,1,z:ilp,nat-oop,4926,4736,9.734,0.961,5.211e-16,prime,1
968,1,z:ilp,nat-oop,1296,4388,37.032,3.385,4.282e-16,chain3,0
968,1,z:ilp,nat-oop,1254,4342,38.294,3.464,4.282e-16,chain3,1
969,1,z:ilp,nat-oop,1810,4018,26.562,2.220,8.830e-16,flat,0
969,1,z:ilp,nat-oop,1842,4006,26.093,2.175,8.830e-16,flat,1
970,1,z:ilp,nat-oop,5062,9398,9.506,1.856,5.471e-16,prime,0
970,1,z:ilp,nat-oop,5087,9364,9.460,1.841,5.471e-16,prime,1
971,1,z:ilp,nat-oop,5200,4770,9.264,0.917,6.322e-16,prime,0
971,1,z:ilp,nat-oop,5042,5428,9.555,1.076,6.322e-16,prime,1
972,1,z:ilp,nat-oop,1029,3307,46.871,3.214,5.364e-16,chain3,0
972,1,z:ilp,nat-oop,1054,3307,45.769,3.138,5.364e-16,chain3,1
973,1,z:ilp,nat-oop,4920,4915,9.815,0.999,5.877e-16,prime,0
973,1,z:ilp,nat-oop,5063,4729,9.538,0.934,5.877e-16,prime,1
974,1,z:ilp,nat-oop,5000,4756,9.671,0.951,6.530e-16,prime,0
974,1,z:ilp,nat-oop,4884,4731,9.899,0.969,6.530e-16,prime,1
975,1,z:ilp,nat-oop,1356,3143,35.705,2.319,6.233e-16,flat,0
975,1,z:ilp,nat-oop,1343,3116,36.036,2.319,6.233e-16,flat,1
976,1,z:ilp,nat-oop,4875,7941,9.941,1.629,5.182e-16,prime,0
976,1,z:ilp,nat-oop,5967,7865,8.122,1.318,5.182e-16,prime,1
977,1,z:ilp,nat-oop,4939,4767,9.823,0.965,6.491e-16,prime,0
977,1,z:ilp,nat-oop,5122,4739,9.473,0.925,6.491e-16,prime,1
978,1,z:ilp,nat-oop,4848,4714,10.020,0.972,6.198e-16,prime,0
978,1,z:ilp,nat-oop,6373,4716,7.622,0.740,6.198e-16,prime,1
979,1,z:ilp,nat-oop,4954,9306,9.816,1.878,5.988e-16,prime,0
979,1,z:ilp,nat-oop,5168,9295,9.411,1.799,5.988e-16,prime,1
980,1,z:ilp,nat-oop,1247,2819,39.033,2.260,4.781e-16,flat,0
980,1,z:ilp,nat-oop,1234,2818,39.471,2.285,4.781e-16,flat,1
981,1,z:ilp,nat-oop,5209,4759,9.358,0.914,6.426e-16,prime,0
981,1,z:ilp,nat-oop,5058,4807,9.638,0.950,6.426e-16,prime,1
982,1,z:ilp,nat-oop,4932,4767,9.895,0.967,5.224e-16,prime,0
982,1,z:ilp,nat-oop,4934,4748,9.892,0.962,5.224e-16,prime,1
983,1,z:ilp,nat-oop,4976,4727,9.819,0.950,7.308e-16,prime,0
983,1,z:ilp,nat-oop,4980,4730,9.811,0.950,7.308e-16,prime,1
984,1,z:ilp,nat-oop,1913,6019,25.564,3.145,5.231e-16,chain3,0
984,1,z:ilp,nat-oop,1892,6048,25.853,3.197,5.231e-16,chain3,1
985,1,z:ilp,nat-oop,5096,4755,9.609,0.933,7.028e-16,prime,0
985,1,z:ilp,nat-oop,4983,4738,9.829,0.951,7.028e-16,prime,1
986,1,z:ilp,nat-oop,2022,4946,24.251,2.446,6.761e-16,flat,0
986,1,z:ilp,nat-oop,2054,4961,23.874,2.416,6.761e-16,flat,1
987,1,z:ilp,nat-oop,1828,5195,26.848,2.841,5.085e-16,2p,0
987,1,z:ilp,nat-oop,2094,5165,23.445,2.467,5.085e-16,2p,1
988,1,z:ilp,nat-oop,1794,4324,27.389,2.410,6.359e-16,chain3,0
988,1,z:ilp,nat-oop,2072,4396,23.722,2.122,6.359e-16,chain3,1
989,1,z:ilp,nat-oop,2248,6644,21.886,2.955,1.141e-15,flat,0
989,1,z:ilp,nat-oop,2333,6635,21.092,2.844,1.141e-15,flat,1
990,1,z:ilp,nat-oop,1238,3478,39.774,2.809,6.014e-16,chain3,0
990,1,z:ilp,nat-oop,1238,3463,39.787,2.797,6.014e-16,chain3,1
991,1,z:ilp,nat-oop,4961,4740,9.940,0.955,6.521e-16,prime,0
991,1,z:ilp,nat-oop,4892,4757,10.081,0.972,6.521e-16,prime,1
992,1,z:ilp,nat-oop,1801,5536,27.416,3.074,1.413e-15,flat,0
992,1,z:ilp,nat-oop,1812,5518,27.241,3.045,1.413e-15,flat,1
993,1,z:ilp,nat-oop,4901,4747,10.086,0.969,6.300e-16,prime,0
993,1,z:ilp,nat-oop,4901,4726,10.086,0.964,6.300e-16,prime,1
994,1,z:ilp,nat-oop,5052,7534,9.795,1.491,4.662e-16,prime,0
994,1,z:ilp,nat-oop,4892,7550,10.116,1.543,4.662e-16,prime,1
995,1,z:ilp,nat-oop,4856,5490,10.202,1.131,7.085e-16,prime,0
995,1,z:ilp,nat-oop,5004,4764,9.901,0.952,7.085e-16,prime,1
996,1,z:ilp,nat-oop,4999,10111,9.921,2.022,5.575e-16,prime,0
996,1,z:ilp,nat-oop,4924,10109,10.073,2.053,5.575e-16,prime,1
997,1,z:ilp,nat-oop,4938,4756,10.056,0.963,6.530e-16,prime,0
997,1,z:ilp,nat-oop,5104,6469,9.728,1.267,6.530e-16,prime,1
998,1,z:ilp,nat-oop,4917,4757,10.112,0.968,5.149e-16,prime,0
998,1,z:ilp,nat-oop,4862,5467,10.226,1.125,5.149e-16,prime,1
999,1,z:ilp,nat-oop,3493,5402,14.251,1.547,6.440e-16,2p,0
999,1,z:ilp,nat-oop,3526,5422,14.117,1.538,6.440e-16,2p,1
1000,1,z:ilp,nat-oop,1051,3048,47.402,2.900,3.693e-16,chain3,0
1000,1,z:ilp,nat-oop,1058,3039,47.106,2.872,3.693e-16,chain3,1
1001,1,z:ilp,nat-oop,1514,2917,32.954,1.927,7.078e-16,flat,0
1001,1,z:ilp,nat-oop,1608,2925,31.025,1.819,7.078e-16,flat,1
1002,1,z:ilp,nat-oop,5039,4771,9.911,0.947,7.144e-16,prime,0
1002,1,z:ilp,nat-oop,5090,4752,9.811,0.934,7.144e-16,prime,1
1003,1,z:ilp,nat-oop,4885,7583,10.235,1.552,4.470e-16,prime,0
1003,1,z:ilp,nat-oop,4849,7445,10.311,1.535,4.470e-16,prime,1
1004,1,z:ilp,nat-oop,4889,4769,10.239,0.976,5.794e-16,prime,0
1004,1,z:ilp,nat-oop,4852,4739,10.317,0.977,5.794e-16,prime,1
1005,1,z:ilp,nat-oop,5877,7152,8.528,1.217,5.508e-16,prime,0
1005,1,z:ilp,nat-oop,4924,7152,10.178,1.453,5.508e-16,prime,1
1006,1,z:ilp,nat-oop,4972,4757,10.090,0.957,5.866e-16,prime,0
1006,1,z:ilp,nat-oop,4878,4745,10.286,0.973,5.866e-16,prime,1
1007,1,z:ilp,nat-oop,4949,7218,10.148,1.458,6.442e-16,prime,0
1007,1,z:ilp,nat-oop,4981,7172,10.085,1.440,6.442e-16,prime,1
1008,1,z:ilp,nat-oop,1047,3182,48.041,3.040,5.545e-16,chain3,0
1008,1,z:ilp,nat-oop,1064,3224,47.264,3.030,5.545e-16,chain3,1
1009,1,z:ilp,nat-oop,5062,4781,9.946,0.945,7.947e-16,prime,0
1009,1,z:ilp,nat-oop,5021,4783,10.027,0.953,7.947e-16,prime,1
1010,1,z:ilp,nat-oop,4928,4788,10.227,0.972,4.999e-16,prime,0
1010,1,z:ilp,nat-oop,4940,5171,10.201,1.047,4.999e-16,prime,1
1011,1,z:ilp,nat-oop,4970,4773,10.152,0.960,6.759e-16,prime,0
1011,1,z:ilp,nat-oop,4952,4783,10.188,0.966,6.759e-16,prime,1
1012,1,z:ilp,nat-oop,1685,4837,29.981,2.871,5.117e-16,chain3,0
1012,1,z:ilp,nat-oop,1690,4756,29.899,2.815,5.117e-16,chain3,1
1013,1,z:ilp,nat-oop,5042,4771,10.031,0.946,6.753e-16,prime,0
1013,1,z:ilp,nat-oop,5438,4777,9.300,0.878,6.753e-16,prime,1
1014,1,z:ilp,nat-oop,1856,3914,27.281,2.109,6.311e-16,chain3,0
1014,1,z:ilp,nat-oop,1531,3870,33.071,2.528,6.311e-16,chain3,1
1015,1,z:ilp,nat-oop,1865,3502,27.182,1.878,5.790e-16,flat,0
1015,1,z:ilp,nat-oop,2125,3492,23.852,1.643,5.790e-16,flat,1
1016,1,z:ilp,nat-oop,4829,4918,10.509,1.019,5.014e-16,prime,0
1016,1,z:ilp,nat-oop,4874,4777,10.410,0.980,5.014e-16,prime,1
1017,1,z:ilp,nat-oop,4995,4829,10.169,0.967,6.730e-16,prime,0
1017,1,z:ilp,nat-oop,4984,4756,10.192,0.954,6.730e-16,prime,1
1018,1,z:ilp,nat-oop,4918,4749,10.342,0.966,4.992e-16,prime,0
1018,1,z:ilp,nat-oop,4913,4798,10.351,0.976,4.992e-16,prime,1
1019,1,z:ilp,nat-oop,5067,4794,10.047,0.946,7.198e-16,prime,0
1019,1,z:ilp,nat-oop,5149,4805,9.888,0.933,7.198e-16,prime,1
1020,1,z:ilp,nat-oop,1516,4214,33.613,2.779,4.670e-16,chain3,0
1020,1,z:ilp,nat-oop,1532,4193,33.263,2.737,4.670e-16,chain3,1
1021,1,z:ilp,nat-oop,5049,4771,10.107,0.945,6.571e-16,prime,0
1021,1,z:ilp,nat-oop,5091,4776,10.024,0.938,6.571e-16,prime,1
1022,1,z:ilp,nat-oop,6462,7747,7.906,1.199,6.627e-16,prime,0
1022,1,z:ilp,nat-oop,4964,7779,10.290,1.567,6.627e-16,prime,1
1023,1,z:ilp,nat-oop,2133,4805,23.973,2.252,6.326e-16,chain3,0
1023,1,z:ilp,nat-oop,2005,4915,25.507,2.451,6.326e-16,chain3,1
1024,1,z:ilp,nat-oop,722,1058,70.956,1.467,4.013e-16,ztt,0
1024,1,z:ilp,nat-oop,719,799,71.214,1.112,4.013e-16,ztt,1
1025,1,z:ilp,nat-oop,1756,4562,29.186,2.598,4.996e-16,2p,0
1025,1,z:ilp,nat-oop,1754,4567,29.216,2.603,4.996e-16,2p,1
1026,1,z:ilp,nat-oop,1605,4423,31.969,2.756,5.086e-16,chain3,0
1026,1,z:ilp,nat-oop,1613,4389,31.820,2.722,5.086e-16,chain3,1
1027,1,z:ilp,nat-oop,10335,9162,4.971,0.887,3.908e-16,prime,0
1027,1,z:ilp,nat-oop,10091,9130,5.091,0.905,3.908e-16,prime,1
1028,1,z:ilp,nat-oop,10219,10510,5.032,1.028,6.162e-16,prime,0
1028,1,z:ilp,nat-oop,10142,10533,5.071,1.039,6.162e-16,prime,1
1029,1,z:ilp,nat-oop,1550,2641,33.219,1.704,4.424e-16,flat,0
1029,1,z:ilp,nat-oop,1489,2686,34.581,1.804,4.424e-16,flat,1
1030,1,z:ilp,nat-oop,10311,10502,4.999,1.018,4.164e-16,prime,0
1030,1,z:ilp,nat-oop,10086,10515,5.110,1.043,4.164e-16,prime,1
1031,1,z:ilp,nat-oop,10091,10537,5.114,1.044,6.742e-16,prime,0
1031,1,z:ilp,nat-oop,10233,10546,5.043,1.031,6.742e-16,prime,1
1032,1,z:ilp,nat-oop,2064,6831,25.028,3.310,4.368e-16,chain3,0
1032,1,z:ilp,nat-oop,2085,6734,24.778,3.230,4.368e-16,chain3,1
1033,1,z:ilp,nat-oop,7258,10521,7.125,1.450,8.230e-16,prime,0
1033,1,z:ilp,nat-oop,8491,10566,6.091,1.244,8.230e-16,prime,1
1034,1,z:ilp,nat-oop,2665,6429,19.426,2.412,8.577e-16,flat,0
1034,1,z:ilp,nat-oop,2744,6398,18.868,2.332,8.577e-16,flat,1
1035,1,z:ilp,nat-oop,1979,4540,26.194,2.295,6.729e-16,flat,0
1035,1,z:ilp,nat-oop,1669,4565,31.050,2.735,6.729e-16,flat,1
1036,1,z:ilp,nat-oop,1911,5978,27.154,3.128,6.614e-16,flat,0
1036,1,z:ilp,nat-oop,1900,5967,27.313,3.141,6.614e-16,flat,1
1037,1,z:ilp,nat-oop,10343,7859,5.022,0.760,4.477e-16,prime,0
1037,1,z:ilp,nat-oop,10312,7867,5.037,0.763,4.477e-16,prime,1
1038,1,z:ilp,nat-oop,10376,10475,5.012,1.010,5.699e-16,prime,0
1038,1,z:ilp,nat-oop,10353,10514,5.023,1.016,5.699e-16,prime,1
1039,1,z:ilp,nat-oop,13704,10487,3.799,0.765,6.247e-16,prime,0
1039,1,z:ilp,nat-oop,10009,10622,5.201,1.061,6.247e-16,prime,1
1040,1,z:ilp,nat-oop,1199,4041,43.472,3.371,4.594e-16,chain3,0
1040,1,z:ilp,nat-oop,1240,4032,42.019,3.251,4.594e-16,chain3,1
1041,1,z:ilp,nat-oop,10306,10492,5.062,1.018,6.163e-16,prime,0
1041,1,z:ilp,nat-oop,10298,10516,5.066,1.021,6.163e-16,prime,1
1042,1,z:ilp,nat-oop,10296,10536,5.073,1.023,5.170e-16,prime,0
1042,1,z:ilp,nat-oop,10256,10509,5.093,1.025,5.170e-16,prime,1
1043,1,z:ilp,nat-oop,10186,10789,5.133,1.059,5.031e-16,prime,0
1043,1,z:ilp,nat-oop,10249,10485,5.102,1.023,5.031e-16,prime,1
1044,1,z:ilp,nat-oop,1775,5604,29.498,3.158,5.891e-16,chain3,0
1044,1,z:ilp,nat-oop,1778,5489,29.446,3.088,5.891e-16,chain3,1
1045,1,z:ilp,nat-oop,1775,3728,29.529,2.100,6.338e-16,flat,0
1045,1,z:ilp,nat-oop,1721,3948,30.455,2.294,6.338e-16,flat,1
1046,1,z:ilp,nat-oop,10318,10490,5.085,1.017,6.772e-16,prime,0
1046,1,z:ilp,nat-oop,10300,10483,5.093,1.018,6.772e-16,prime,1
1047,1,z:ilp,nat-oop,10309,10473,5.094,1.016,6.227e-16,prime,0
1047,1,z:ilp,nat-oop,10277,10497,5.110,1.021,6.227e-16,prime,1
1048,1,z:ilp,nat-oop,10064,10532,5.224,1.046,5.198e-16,prime,0
1048,1,z:ilp,nat-oop,10075,10521,5.219,1.044,5.198e-16,prime,1
1049,1,z:ilp,nat-oop,14176,11073,3.713,0.781,6.167e-16,prime,0
1049,1,z:ilp,nat-oop,10417,10486,5.052,1.007,6.167e-16,prime,1
1050,1,z:ilp,nat-oop,1625,3081,32.432,1.896,4.190e-16,chain3,0
1050,1,z:ilp,nat-oop,1636,3083,32.208,1.885,4.190e-16,chain3,1
1051,1,z:ilp,nat-oop,5288,10527,9.974,1.991,7.889e-16,prime,0
1051,1,z:ilp,nat-oop,5212,10491,10.120,2.013,7.889e-16,prime,1
1052,1,z:ilp,nat-oop,10435,10512,5.060,1.007,5.596e-16,prime,0
1052,1,z:ilp,nat-oop,10130,10686,5.213,1.055,5.596e-16,prime,1
1053,1,z:ilp,nat-oop,1713,3652,30.859,2.132,8.049e-16,chain3,0
1053,1,z:ilp,nat-oop,1730,3627,30.562,2.097,8.049e-16,chain3,1
1054,1,z:ilp,nat-oop,2313,5639,22.876,2.438,1.677e-15,flat,0
1054,1,z:ilp,nat-oop,2368,5709,22.350,2.411,1.677e-15,flat,1
1055,1,z:ilp,nat-oop,10177,10519,5.206,1.034,6.502e-16,prime,0
1055,1,z:ilp,nat-oop,10312,10521,5.137,1.020,6.502e-16,prime,1
1056,1,z:ilp,nat-oop,1260,4057,42.081,3.219,4.813e-16,chain3,0
1056,1,z:ilp,nat-oop,1278,4049,41.510,3.169,4.813e-16,chain3,1
1057,1,z:ilp,nat-oop,10122,10517,5.245,1.039,6.000e-16,prime,0
1057,1,z:ilp,nat-oop,10237,10606,5.186,1.036,6.000e-16,prime,1
1058,1,z:ilp,nat-oop,2231,5816,23.823,2.607,1.314e-15,flat,0
1058,1,z:ilp,nat-oop,2276,5747,23.355,2.525,1.314e-15,flat,1
1059,1,z:ilp,nat-oop,10054,10791,5.292,1.073,4.942e-16,prime,0
1059,1,z:ilp,nat-oop,10106,10535,5.265,1.042,4.942e-16,prime,1
1060,1,z:ilp,nat-oop,10273,7640,5.185,0.744,5.158e-16,prime,0
1060,1,z:ilp,nat-oop,10182,7660,5.231,0.752,5.158e-16,prime,1
1061,1,z:ilp,nat-oop,10340,10532,5.157,1.019,6.430e-16,prime,0
1061,1,z:ilp,nat-oop,10235,10497,5.210,1.026,6.430e-16,prime,1
1062,1,z:ilp,nat-oop,10320,8200,5.172,0.795,5.258e-16,prime,0
1062,1,z:ilp,nat-oop,10211,8206,5.227,0.804,5.258e-16,prime,1
1063,1,z:ilp,nat-oop,10221,10491,5.228,1.026,5.439e-16,prime,0
1063,1,z:ilp,nat-oop,10128,10523,5.276,1.039,5.439e-16,prime,1
1064,1,z:ilp,nat-oop,1518,4671,35.236,3.077,3.642e-16,chain3,0
1064,1,z:ilp,nat-oop,1450,4696,36.903,3.240,3.642e-16,chain3,1
1065,1,z:ilp,nat-oop,10201,8079,5.249,0.792,5.012e-16,prime,0
1065,1,z:ilp,nat-oop,10312,8141,5.193,0.789,5.012e-16,prime,1
1066,1,z:ilp,nat-oop,2644,5932,20.276,2.244,8.552e-16,flat,0
1066,1,z:ilp,nat-oop,2597,5916,20.642,2.278,8.552e-16,flat,1
1067,1,z:ilp,nat-oop,10324,10948,5.198,1.060,5.621e-16,prime,0
1067,1,z:ilp,nat-oop,10346,10951,5.187,1.058,5.621e-16,prime,1
1068,1,z:ilp,nat-oop,10250,11271,5.241,1.100,4.098e-16,prime,0
1068,1,z:ilp,nat-oop,10214,11371,5.260,1.113,4.098e-16,prime,1
1069,1,z:ilp,nat-oop,10263,10509,5.240,1.024,5.200e-16,prime,0
1069,1,z:ilp,nat-oop,11822,10535,4.549,0.891,5.200e-16,prime,1
1070,1,z:ilp,nat-oop,10138,10516,5.311,1.037,4.445e-16,prime,0
1070,1,z:ilp,nat-oop,10199,10807,5.279,1.060,4.445e-16,prime,1
1071,1,z:ilp,nat-oop,1731,3234,31.136,1.868,5.694e-16,flat,0
1071,1,z:ilp,nat-oop,1714,3246,31.442,1.893,5.694e-16,flat,1
1072,1,z:ilp,nat-oop,10101,9402,5.341,0.931,3.920e-16,prime,0
1072,1,z:ilp,nat-oop,11416,9420,4.726,0.825,3.920e-16,prime,1
1073,1,z:ilp,nat-oop,3200,6964,16.876,2.176,4.902e-16,2p,0
1073,1,z:ilp,nat-oop,3188,6975,16.941,2.188,4.902e-16,2p,1
1074,1,z:ilp,nat-oop,10387,11574,5.206,1.114,5.443e-16,prime,0
1074,1,z:ilp,nat-oop,10322,10528,5.238,1.020,5.443e-16,prime,1
1075,1,z:ilp,nat-oop,2345,5193,23.081,2.215,5.641e-16,2p,0
1075,1,z:ilp,nat-oop,1896,5140,28.552,2.711,5.641e-16,2p,1
1076,1,z:ilp,nat-oop,10113,10637,5.358,1.052,5.041e-16,prime,0
1076,1,z:ilp,nat-oop,10312,10573,5.255,1.025,5.041e-16,prime,1
1077,1,z:ilp,nat-oop,10293,10683,5.270,1.038,4.530e-16,prime,0
1077,1,z:ilp,nat-oop,10320,10544,5.256,1.022,4.530e-16,prime,1
1078,1,z:ilp,nat-oop,1840,2788,29.517,1.515,6.100e-16,flat,0
1078,1,z:ilp,nat-oop,1898,2806,28.604,1.478,6.100e-16,flat,1
1079,1,z:ilp,nat-oop,10123,9901,5.370,0.978,4.403e-16,prime,0
1079,1,z:ilp,nat-oop,10158,9908,5.351,0.975,4.403e-16,prime,1
1080,1,z:ilp,nat-oop,1166,3559,46.668,3.052,5.182e-16,chain3,0
1080,1,z:ilp,nat-oop,1163,3543,46.805,3.047,5.182e-16,chain3,1
1081,1,z:ilp,nat-oop,3673,7734,14.832,2.106,5.491e-16,2p,0
1081,1,z:ilp,nat-oop,3671,7847,14.839,2.138,5.491e-16,2p,1
1082,1,z:ilp,nat-oop,10118,10514,5.389,1.039,5.298e-16,prime,0
1082,1,z:ilp,nat-oop,10486,10617,5.200,1.013,5.298e-16,prime,1
1083,1,z:ilp,nat-oop,2114,5022,25.818,2.375,4.731e-16,chain3,0
1083,1,z:ilp,nat-oop,2192,5012,24.898,2.286,4.731e-16,chain3,1
1084,1,z:ilp,nat-oop,10036,10578,5.445,1.054,5.782e-16,prime,0
1084,1,z:ilp,nat-oop,10114,10560,5.403,1.044,5.782e-16,prime,1
1085,1,z:ilp,nat-oop,3952,4133,13.842,1.046,5.539e-16,chain3,0
1085,1,z:ilp,nat-oop,4286,4147,12.763,0.968,5.539e-16,chain3,1
1086,1,z:ilp,nat-oop,10211,10553,5.363,1.033,6.392e-16,prime,0
1086,1,z:ilp,nat-oop,10240,10572,5.348,1.032,6.392e-16,prime,1
1087,1,z:ilp,nat-oop,10161,10533,5.395,1.037,6.608e-16,prime,0
1087,1,z:ilp,nat-oop,10103,10541,5.426,1.043,6.608e-16,prime,1
1088,1,z:ilp,nat-oop,1324,4624,41.462,3.494,6.229e-16,2p,0
1088,1,z:ilp,nat-oop,2506,4769,21.894,1.903,6.229e-16,2p,1
1089,1,z:ilp,nat-oop,1665,3838,32.987,2.305,6.174e-16,chain3,0
1089,1,z:ilp,nat-oop,1653,3823,33.229,2.313,6.174e-16,chain3,1
1090,1,z:ilp,nat-oop,10335,10627,5.321,1.028,4.177e-16,prime,0
1090,1,z:ilp,nat-oop,10392,10536,5.292,1.014,4.177e-16,prime,1
1091,1,z:ilp,nat-oop,10339,10575,5.324,1.023,6.412e-16,prime,0
1091,1,z:ilp,nat-oop,10254,10542,5.369,1.028,6.412e-16,prime,1
1092,1,z:ilp,nat-oop,1266,4219,43.523,3.332,6.066e-16,chain3,0
1092,1,z:ilp,nat-oop,1273,4169,43.293,3.275,6.066e-16,chain3,1
1093,1,z:ilp,nat-oop,5824,10557,9.472,1.813,9.525e-16,prime,0
1093,1,z:ilp,nat-oop,6078,10537,9.077,1.734,9.525e-16,prime,1
1094,1,z:ilp,nat-oop,10197,10550,5.415,1.035,7.123e-16,prime,0
1094,1,z:ilp,nat-oop,10063,10571,5.488,1.050,7.123e-16,prime,1
1095,1,z:ilp,nat-oop,10132,8307,5.456,0.820,7.364e-16,prime,0
1095,1,z:ilp,nat-oop,10083,8340,5.483,0.827,7.364e-16,prime,1
1096,1,z:ilp,nat-oop,11746,10554,4.711,0.899,5.013e-16,prime,0
1096,1,z:ilp,nat-oop,10212,10565,5.419,1.035,5.013e-16,prime,1
1097,1,z:ilp,nat-oop,11753,10652,4.713,0.906,5.339e-16,prime,0
1097,1,z:ilp,nat-oop,10455,10530,5.298,1.007,5.339e-16,prime,1
1098,1,z:ilp,nat-oop,10328,8649,5.369,0.837,5.411e-16,prime,0
1098,1,z:ilp,nat-oop,10138,8788,5.470,0.867,5.411e-16,prime,1
1099,1,z:ilp,nat-oop,10138,10536,5.475,1.039,7.363e-16,prime,0
1099,1,z:ilp,nat-oop,10133,10565,5.478,1.043,7.363e-16,prime,1
1100,1,z:ilp,nat-oop,1309,4020,42.441,3.070,3.489e-16,chain3,0
1100,1,z:ilp,nat-oop,1334,4019,41.646,3.012,3.489e-16,chain3,1
1101,1,z:ilp,nat-oop,10261,10552,5.421,1.028,5.886e-16,prime,0
1101,1,z:ilp,nat-oop,10240,10547,5.432,1.030,5.886e-16,prime,1
1102,1,z:ilp,nat-oop,2534,5912,21.976,2.333,1.208e-15,flat,0
1102,1,z:ilp,nat-oop,2656,5984,20.965,2.253,1.208e-15,flat,1
1103,1,z:ilp,nat-oop,10419,10554,5.350,1.013,4.431e-16,prime,0
1103,1,z:ilp,nat-oop,10331,10563,5.395,1.022,4.431e-16,prime,1
1104,1,z:ilp,nat-oop,1586,5428,35.192,3.423,5.763e-16,chain3,0
1104,1,z:ilp,nat-oop,1572,5440,35.497,3.461,5.763e-16,chain3,1
1105,1,z:ilp,nat-oop,1750,3793,31.915,2.167,8.022e-16,flat,0
1105,1,z:ilp,nat-oop,1791,3774,31.182,2.107,8.022e-16,flat,1
1106,1,z:ilp,nat-oop,10134,9246,5.518,0.912,6.211e-16,prime,0
1106,1,z:ilp,nat-oop,10376,9197,5.389,0.886,6.211e-16,prime,1
1107,1,z:ilp,nat-oop,1902,6424,29.432,3.378,5.239e-16,2p,0
1107,1,z:ilp,nat-oop,1939,6397,28.860,3.298,5.239e-16,2p,1
1108,1,z:ilp,nat-oop,10430,10520,5.372,1.009,4.425e-16,prime,0
1108,1,z:ilp,nat-oop,10358,11601,5.409,1.120,4.425e-16,prime,1
1109,1,z:ilp,nat-oop,10141,10534,5.531,1.039,6.893e-16,prime,0
1109,1,z:ilp,nat-oop,10334,10562,5.428,1.022,6.893e-16,prime,1
1110,1,z:ilp,nat-oop,2195,6460,25.583,2.943,5.372e-16,chain3,0
1110,1,z:ilp,nat-oop,2200,6355,25.525,2.889,5.372e-16,chain3,1
1111,1,z:ilp,nat-oop,10078,10583,5.577,1.050,7.348e-16,prime,0
1111,1,z:ilp,nat-oop,10120,10567,5.553,1.044,7.348e-16,prime,1
1112,1,z:ilp,nat-oop,10052,10542,5.597,1.049,6.140e-16,prime,0
1112,1,z:ilp,nat-oop,10281,10540,5.472,1.025,6.140e-16,prime,1
1113,1,z:ilp,nat-oop,10335,6343,5.450,0.614,3.902e-16,prime,0
1113,1,z:ilp,nat-oop,10117,6376,5.567,0.630,3.902e-16,prime,1
1114,1,z:ilp,nat-oop,10128,10574,5.566,1.044,5.933e-16,prime,0
1114,1,z:ilp,nat-oop,10064,10628,5.602,1.056,5.933e-16,prime,1
1115,1,z:ilp,nat-oop,10334,10534,5.461,1.019,5.970e-16,prime,0
1115,1,z:ilp,nat-oop,10333,10599,5.461,1.026,5.970e-16,prime,1
1116,1,z:ilp,nat-oop,2112,6215,26.748,2.943,6.704e-16,flat,0
1116,1,z:ilp,nat-oop,2121,6215,26.631,2.930,6.704e-16,flat,1
1117,1,z:ilp,nat-oop,7539,10549,7.501,1.399,1.008e-15,prime,0
1117,1,z:ilp,nat-oop,7596,10556,7.445,1.390,1.008e-15,prime,1
1118,1,z:ilp,nat-oop,2862,6557,19.777,2.291,8.336e-16,flat,0
1118,1,z:ilp,nat-oop,2865,6589,19.756,2.300,8.336e-16,flat,1
1119,1,z:ilp,nat-oop,10170,10554,5.572,1.038,6.190e-16,prime,0
1119,1,z:ilp,nat-oop,10088,10571,5.617,1.048,6.190e-16,prime,1
1120,1,z:ilp,nat-oop,1156,3588,49.072,3.104,3.512e-16,chain3,0
1120,1,z:ilp,nat-oop,1177,3568,48.188,3.031,3.512e-16,chain3,1
1121,1,z:ilp,nat-oop,10312,8716,5.506,0.845,5.138e-16,prime,0
1121,1,z:ilp,nat-oop,10324,8698,5.500,0.842,5.138e-16,prime,1
1122,1,z:ilp,nat-oop,1914,4573,29.700,2.389,5.832e-16,chain3,0
1122,1,z:ilp,nat-oop,1867,4557,30.449,2.441,5.832e-16,chain3,1
1123,1,z:ilp,nat-oop,6512,10589,8.737,1.626,8.581e-16,prime,0
1123,1,z:ilp,nat-oop,5384,10662,10.568,1.980,8.581e-16,prime,1
1124,1,z:ilp,nat-oop,10150,10546,5.612,1.039,6.081e-16,prime,0
1124,1,z:ilp,nat-oop,12482,10596,4.563,0.849,6.081e-16,prime,1
1125,1,z:ilp,nat-oop,1566,3273,36.398,2.090,7.768e-16,flat,0
1125,1,z:ilp,nat-oop,1572,3226,36.275,2.052,7.768e-16,flat,1
1126,1,z:ilp,nat-oop,10149,10538,5.623,1.038,6.243e-16,prime,0
1126,1,z:ilp,nat-oop,10290,10579,5.546,1.028,6.243e-16,prime,1
1127,1,z:ilp,nat-oop,2081,3524,27.457,1.694,6.381e-16,chain3,0
1127,1,z:ilp,nat-oop,2065,3521,27.670,1.705,6.381e-16,chain3,1
1128,1,z:ilp,nat-oop,2727,7952,20.971,2.916,6.316e-16,flat,0
1128,1,z:ilp,nat-oop,2765,7863,20.679,2.843,6.316e-16,flat,1
1129,1,z:ilp,nat-oop,10459,10546,5.473,1.008,7.096e-16,prime,0
1129,1,z:ilp,nat-oop,10237,10550,5.592,1.031,7.096e-16,prime,1
1130,1,z:ilp,nat-oop,10242,10538,5.595,1.029,4.349e-16,prime,0
1130,1,z:ilp,nat-oop,10318,10537,5.554,1.021,4.349e-16,prime,1
1131,1,z:ilp,nat-oop,2215,5154,25.896,2.327,7.371e-16,chain3,0
1131,1,z:ilp,nat-oop,2195,5147,26.135,2.345,7.371e-16,chain3,1
1132,1,z:ilp,nat-oop,10150,10608,5.657,1.045,6.313e-16,prime,0
1132,1,z:ilp,nat-oop,10134,10545,5.666,1.041,6.313e-16,prime,1
1133,1,z:ilp,nat-oop,10137,10570,5.670,1.043,5.669e-16,prime,0
1133,1,z:ilp,nat-oop,10331,10563,5.563,1.022,5.669e-16,prime,1
1134,1,z:ilp,nat-oop,1702,3600,33.797,2.114,5.450e-16,chain3,0
1134,1,z:ilp,nat-oop,1776,3614,32.402,2.035,5.450e-16,chain3,1
1135,1,z:ilp,nat-oop,10096,10529,5.705,1.043,5.944e-16,prime,0
1135,1,z:ilp,nat-oop,10171,10533,5.663,1.036,5.944e-16,prime,1
1136,1,z:ilp,nat-oop,10336,10469,5.578,1.013,4.340e-16,prime,0
1136,1,z:ilp,nat-oop,10152,10457,5.679,1.030,4.340e-16,prime,1
1137,1,z:ilp,nat-oop,10126,10558,5.699,1.043,6.271e-16,prime,0
1137,1,z:ilp,nat-oop,10139,10569,5.692,1.042,6.271e-16,prime,1
1138,1,z:ilp,nat-oop,10177,10857,5.676,1.067,5.477e-16,prime,0
1138,1,z:ilp,nat-oop,10143,10544,5.695,1.040,5.477e-16,prime,1
1139,1,z:ilp,nat-oop,10200,9535,5.669,0.935,5.436e-16,prime,0
1139,1,z:ilp,nat-oop,10221,9356,5.657,0.915,5.436e-16,prime,1
1140,1,z:ilp,nat-oop,1613,5064,35.895,3.140,4.746e-16,chain3,0
1140,1,z:ilp,nat-oop,1552,5176,37.298,3.335,4.746e-16,chain3,1
1141,1,z:ilp,nat-oop,10352,10584,5.597,1.022,5.145e-16,prime,0
1141,1,z:ilp,nat-oop,10304,10546,5.623,1.023,5.145e-16,prime,1
1142,1,z:ilp,nat-oop,10136,10549,5.722,1.041,4.926e-16,prime,0
1142,1,z:ilp,nat-oop,10185,10589,5.695,1.040,4.926e-16,prime,1
1143,1,z:ilp,nat-oop,10435,10548,5.564,1.011,5.566e-16,prime,0
1143,1,z:ilp,nat-oop,10153,10576,5.718,1.042,5.566e-16,prime,1
1144,1,z:ilp,nat-oop,1515,5318,38.348,3.509,5.875e-16,chain3,0
1144,1,z:ilp,nat-oop,1536,5321,37.839,3.465,5.875e-16,chain3,1
1145,1,z:ilp,nat-oop,10511,10552,5.535,1.004,5.087e-16,prime,0
1145,1,z:ilp,nat-oop,10274,10535,5.662,1.025,5.087e-16,prime,1
1146,1,z:ilp,nat-oop,11998,12392,4.853,1.033,7.140e-16,prime,0
1146,1,z:ilp,nat-oop,10406,10575,5.596,1.016,7.140e-16,prime,1
1147,1,z:ilp,nat-oop,2576,7791,22.625,3.024,8.391e-16,flat,0
1147,1,z:ilp,nat-oop,2598,7844,22.436,3.019,8.391e-16,flat,1
1148,1,z:ilp,nat-oop,2265,6940,25.756,3.064,4.095e-16,chain3,0
1148,1,z:ilp,nat-oop,2238,6974,26.074,3.116,4.095e-16,chain3,1
1149,1,z:ilp,nat-oop,10371,10562,5.631,1.018,6.479e-16,prime,0
1149,1,z:ilp,nat-oop,10345,10612,5.645,1.026,6.479e-16,prime,1
1150,1,z:ilp,nat-oop,1945,4616,30.058,2.373,4.640e-16,chain3,0
1150,1,z:ilp,nat-oop,1879,4693,31.122,2.498,4.640e-16,chain3,1
1151,1,z:ilp,nat-oop,6351,10576,9.214,1.665,8.184e-16,prime,0
1151,1,z:ilp,nat-oop,7342,10644,7.970,1.450,8.184e-16,prime,1
1152,1,z:ilp,nat-oop,1409,4113,41.587,2.920,4.918e-16,chain3,0
1152,1,z:ilp,nat-oop,1298,4099,45.123,3.157,4.918e-16,chain3,1
1153,1,z:ilp,nat-oop,4250,10580,13.796,2.489,9.785e-16,prime,0
1153,1,z:ilp,nat-oop,4208,10658,13.936,2.533,9.785e-16,prime,1
1154,1,z:ilp,nat-oop,10131,10555,5.793,1.042,4.892e-16,prime,0
1154,1,z:ilp,nat-oop,10339,10564,5.677,1.022,4.892e-16,prime,1
1155,1,z:ilp,nat-oop,1714,3301,34.287,1.927,4.176e-16,chain3,0
1155,1,z:ilp,nat-oop,1705,3305,34.462,1.939,4.176e-16,chain3,1
1156,1,z:ilp,nat-oop,2081,5355,28.259,2.573,6.712e-16,chain3,0
1156,1,z:ilp,nat-oop,2223,5326,26.453,2.396,6.712e-16,chain3,1
1157,1,z:ilp,nat-oop,12347,11138,4.768,0.902,4.333e-16,prime,0
1157,1,z:ilp,nat-oop,10351,11221,5.687,1.084,4.333e-16,prime,1
1158,1,z:ilp,nat-oop,10303,10562,5.720,1.025,4.911e-16,prime,0
1158,1,z:ilp,nat-oop,10142,10573,5.810,1.043,4.911e-16,prime,1
1159,1,z:ilp,nat-oop,11732,9108,5.028,0.776,5.099e-16,prime,0
1159,1,z:ilp,nat-oop,11977,9190,4.925,0.767,5.099e-16,prime,1
1160,1,z:ilp,nat-oop,2124,6056,27.800,2.851,1.089e-15,flat,0
1160,1,z:ilp,nat-oop,2142,6041,27.569,2.821,1.089e-15,flat,1
1161,1,z:ilp,nat-oop,2296,7081,25.741,3.084,5.538e-16,2p,0
1161,1,z:ilp,nat-oop,2216,7124,26.667,3.214,5.538e-16,2p,1
1162,1,z:ilp,nat-oop,10169,10045,5.818,0.988,4.564e-16,prime,0
1162,1,z:ilp,nat-oop,10153,10010,5.827,0.986,4.564e-16,prime,1
1163,1,z:ilp,nat-oop,10474,10570,5.654,1.009,5.614e-16,prime,0
1163,1,z:ilp,nat-oop,10552,10555,5.612,1.000,5.614e-16,prime,1
1164,1,z:ilp,nat-oop,10388,13396,5.706,1.290,5.380e-16,prime,0
1164,1,z:ilp,nat-oop,10252,13235,5.782,1.291,5.380e-16,prime,1
1165,1,z:ilp,nat-oop,10342,10556,5.737,1.021,6.402e-16,prime,0
1165,1,z:ilp,nat-oop,10365,10559,5.724,1.019,6.402e-16,prime,1
1166,1,z:ilp,nat-oop,10356,7777,5.735,0.751,3.963e-16,prime,0
1166,1,z:ilp,nat-oop,10378,7754,5.723,0.747,3.963e-16,prime,1
1167,1,z:ilp,nat-oop,10390,10582,5.722,1.018,5.740e-16,prime,0
1167,1,z:ilp,nat-oop,10361,10573,5.738,1.020,5.740e-16,prime,1
1168,1,z:ilp,nat-oop,10124,10849,5.878,1.072,5.048e-16,prime,0
1168,1,z:ilp,nat-oop,10289,10737,5.784,1.043,5.048e-16,prime,1
1169,1,z:ilp,nat-oop,10099,10715,5.898,1.061,6.033e-16,prime,0
1169,1,z:ilp,nat-oop,10261,10591,5.805,1.032,6.033e-16,prime,1
1170,1,z:ilp,nat-oop,1522,4385,39.181,2.882,6.567e-16,chain3,0
1170,1,z:ilp,nat-oop,1502,4366,39.697,2.907,6.567e-16,chain3,1
1171,1,z:ilp,nat-oop,4865,10545,12.268,2.168,8.158e-16,prime,0
1171,1,z:ilp,nat-oop,4786,10567,12.469,2.208,8.158e-16,prime,1
1172,1,z:ilp,nat-oop,10398,10555,5.746,1.015,5.977e-16,prime,0
1172,1,z:ilp,nat-oop,10444,10600,5.720,1.015,5.977e-16,prime,1
1173,1,z:ilp,nat-oop,2413,5522,24.779,2.288,1.148e-15,flat,0
1173,1,z:ilp,nat-oop,2293,5422,26.076,2.364,1.148e-15,flat,1
1174,1,z:ilp,nat-oop,10109,10592,5.922,1.048,6.787e-16,prime,0
1174,1,z:ilp,nat-oop,10329,10582,5.795,1.024,6.787e-16,prime,1
1175,1,z:ilp,nat-oop,2468,6276,24.280,2.543,4.644e-16,flat,0
1175,1,z:ilp,nat-oop,2543,6284,23.561,2.471,4.644e-16,flat,1
1176,1,z:ilp,nat-oop,1968,3740,30.469,1.900,3.860e-16,chain3,0
1176,1,z:ilp,nat-oop,1506,3739,39.819,2.482,3.860e-16,chain3,1
1177,1,z:ilp,nat-oop,10341,10590,5.805,1.024,5.609e-16,prime,0
1177,1,z:ilp,nat-oop,10242,10573,5.861,1.032,5.609e-16,prime,1
1178,1,z:ilp,nat-oop,2712,6726,22.156,2.480,1.207e-15,flat,0
1178,1,z:ilp,nat-oop,2789,6781,21.547,2.431,1.207e-15,flat,1
1179,1,z:ilp,nat-oop,10232,10566,5.878,1.033,4.811e-16,prime,0
1179,1,z:ilp,nat-oop,10355,10575,5.808,1.021,4.811e-16,prime,1
1180,1,z:ilp,nat-oop,10278,9312,5.858,0.906,5.229e-16,prime,0
1180,1,z:ilp,nat-oop,10270,9442,5.863,0.919,5.229e-16,prime,1
1181,1,z:ilp,nat-oop,10377,10547,5.808,1.016,4.863e-16,prime,0
1181,1,z:ilp,nat-oop,10496,10769,5.742,1.026,4.863e-16,prime,1
1182,1,z:ilp,nat-oop,10148,10592,5.944,1.044,6.669e-16,prime,0
1182,1,z:ilp,nat-oop,10150,10587,5.943,1.043,6.669e-16,prime,1
1183,1,z:ilp,nat-oop,1910,3672,31.608,1.922,7.263e-16,chain3,0
1183,1,z:ilp,nat-oop,2339,3694,25.814,1.579,7.263e-16,chain3,1
1184,1,z:ilp,nat-oop,2797,7140,21.606,2.552,4.647e-16,2p,0
1184,1,z:ilp,nat-oop,4056,7131,14.902,1.758,4.647e-16,2p,1
1185,1,z:ilp,nat-oop,10343,9851,5.849,0.952,5.920e-16,prime,0
1185,1,z:ilp,nat-oop,10321,9849,5.862,0.954,5.920e-16,prime,1
1186,1,z:ilp,nat-oop,10366,10562,5.842,1.019,4.548e-16,prime,0
1186,1,z:ilp,nat-oop,10395,10735,5.825,1.033,4.548e-16,prime,1
1187,1,z:ilp,nat-oop,10358,10594,5.852,1.023,5.711e-16,prime,0
1187,1,z:ilp,nat-oop,10229,10681,5.926,1.044,5.711e-16,prime,1
1188,1,z:ilp,nat-oop,1376,4543,44.083,3.301,5.500e-16,chain3,0
1188,1,z:ilp,nat-oop,1406,4565,43.156,3.247,5.500e-16,chain3,1
1189,1,z:ilp,nat-oop,3804,8052,15.966,2.117,5.014e-16,2p,0
1189,1,z:ilp,nat-oop,3133,8057,19.386,2.572,5.014e-16,2p,1
1190,1,z:ilp,nat-oop,1747,3628,34.799,2.077,7.918e-16,chain3,0
1190,1,z:ilp,nat-oop,1787,3815,34.023,2.135,7.918e-16,chain3,1
1191,1,z:ilp,nat-oop,10373,10612,5.866,1.023,6.668e-16,prime,0
1191,1,z:ilp,nat-oop,10435,10731,5.831,1.028,6.668e-16,prime,1
1192,1,z:ilp,nat-oop,10295,10559,5.916,1.026,4.536e-16,prime,0
1192,1,z:ilp,nat-oop,10102,10572,6.029,1.047,4.536e-16,prime,1
1193,1,z:ilp,nat-oop,10279,10593,5.931,1.031,6.040e-16,prime,0
1193,1,z:ilp,nat-oop,10306,10564,5.916,1.025,6.040e-16,prime,1
1194,1,z:ilp,nat-oop,10337,10630,5.903,1.028,5.539e-16,prime,0
1194,1,z:ilp,nat-oop,10282,10542,5.935,1.025,5.539e-16,prime,1
1195,1,z:ilp,nat-oop,10183,10657,5.999,1.047,5.565e-16,prime,0
1195,1,z:ilp,nat-oop,10446,10624,5.847,1.017,5.565e-16,prime,1
1196,1,z:ilp,nat-oop,2116,5909,28.888,2.792,5.624e-16,chain3,0
1196,1,z:ilp,nat-oop,2077,5911,29.430,2.845,5.624e-16,chain3,1
1197,1,z:ilp,nat-oop,2196,4135,27.869,1.883,1.140e-15,flat,0
1197,1,z:ilp,nat-oop,2235,4107,27.381,1.838,1.140e-15,flat,1
1198,1,z:ilp,nat-oop,10449,10598,5.862,1.014,5.398e-16,prime,0
1198,1,z:ilp,nat-oop,10350,10593,5.918,1.023,5.398e-16,prime,1
1199,1,z:ilp,nat-oop,10156,10549,6.037,1.039,5.222e-16,prime,0
1199,1,z:ilp,nat-oop,10443,10604,5.872,1.015,5.222e-16,prime,1
1200,1,z:ilp,nat-oop,1847,3885,33.234,2.104,4.529e-16,chain3,0
1200,1,z:ilp,nat-oop,1699,3889,36.122,2.289,4.529e-16,chain3,1
1201,1,z:ilp,nat-oop,6711,10588,9.154,1.578,8.021e-16,prime,0
1201,1,z:ilp,nat-oop,7197,10571,8.535,1.469,8.021e-16,prime,1
1202,1,z:ilp,nat-oop,10325,10561,5.955,1.023,5.279e-16,prime,0
1202,1,z:ilp,nat-oop,10299,10700,5.970,1.039,5.279e-16,prime,1
1203,1,z:ilp,nat-oop,10170,10546,6.052,1.037,4.666e-16,prime,0
1203,1,z:ilp,nat-oop,10395,10575,5.921,1.017,4.666e-16,prime,1
1204,1,z:ilp,nat-oop,2495,7747,24.688,3.105,7.039e-16,flat,0
1204,1,z:ilp,nat-oop,2449,7743,25.158,3.162,7.039e-16,flat,1
1205,1,z:ilp,nat-oop,10199,10609,6.046,1.040,6.058e-16,prime,0
1205,1,z:ilp,nat-oop,10448,10573,5.902,1.012,6.058e-16,prime,1
1206,1,z:ilp,nat-oop,10298,10373,5.994,1.007,5.463e-16,prime,0
1206,1,z:ilp,nat-oop,10306,10352,5.989,1.004,5.463e-16,prime,1
1207,1,z:ilp,nat-oop,10106,10629,6.113,1.052,5.223e-16,prime,0
1207,1,z:ilp,nat-oop,10394,10466,5.944,1.007,5.223e-16,prime,1
1208,1,z:ilp,nat-oop,10187,10597,6.070,1.040,4.409e-16,prime,0
1208,1,z:ilp,nat-oop,10145,10594,6.095,1.044,4.409e-16,prime,1
1209,1,z:ilp,nat-oop,2478,5976,24.980,2.412,5.575e-16,chain3,0
1209,1,z:ilp,nat-oop,2460,5942,25.159,2.415,5.575e-16,chain3,1
1210,1,z:ilp,nat-oop,1709,4467,36.253,2.614,3.692e-16,chain3,0
1210,1,z:ilp,nat-oop,1650,4349,37.545,2.635,3.692e-16,chain3,1
1211,1,z:ilp,nat-oop,14370,12414,4.316,0.864,6.447e-16,prime,0
1211,1,z:ilp,nat-oop,10309,10909,6.015,1.058,6.447e-16,prime,1
1212,1,z:ilp,nat-oop,10364,11783,5.989,1.137,3.924e-16,prime,0
1212,1,z:ilp,nat-oop,10436,10564,5.948,1.012,3.924e-16,prime,1
1213,1,z:ilp,nat-oop,10167,10552,6.111,1.038,4.669e-16,prime,0
1213,1,z:ilp,nat-oop,10213,10622,6.083,1.040,4.669e-16,prime,1
1214,1,z:ilp,nat-oop,10318,10560,6.027,1.023,6.490e-16,prime,0
1214,1,z:ilp,nat-oop,10259,10571,6.062,1.030,6.490e-16,prime,1
1215,1,z:ilp,nat-oop,1791,3617,34.759,2.019,9.270e-16,chain3,0
1215,1,z:ilp,nat-oop,1764,3585,35.283,2.032,9.270e-16,chain3,1
1216,1,z:ilp,nat-oop,1531,5621,40.696,3.671,3.435e-16,2p,0
1216,1,z:ilp,nat-oop,1523,5627,40.912,3.695,3.435e-16,2p,1
1217,1,z:ilp,nat-oop,5096,10595,12.237,2.079,7.507e-16,prime,0
1217,1,z:ilp,nat-oop,4924,10657,12.666,2.164,7.507e-16,prime,1
1218,1,z:ilp,nat-oop,2817,5619,22.162,1.995,5.827e-16,flat,0
1218,1,z:ilp,nat-oop,2688,5796,23.226,2.156,5.827e-16,flat,1
1219,1,z:ilp,nat-oop,10794,9270,5.789,0.859,6.036e-16,prime,0
1219,1,z:ilp,nat-oop,10416,9250,5.999,0.888,6.036e-16,prime,1
1220,1,z:ilp,nat-oop,10165,9771,6.153,0.961,4.149e-16,prime,0
1220,1,z:ilp,nat-oop,10210,9806,6.126,0.961,4.149e-16,prime,1
1221,1,z:ilp,nat-oop,2675,6440,23.406,2.408,4.944e-16,chain3,0
1221,1,z:ilp,nat-oop,2752,6367,22.743,2.313,4.944e-16,chain3,1
1222,1,z:ilp,nat-oop,3323,7801,18.853,2.347,6.614e-16,flat,0
1222,1,z:ilp,nat-oop,3293,7812,19.029,2.372,6.614e-16,flat,1
1223,1,z:ilp,nat-oop,10186,10581,6.157,1.039,5.083e-16,prime,0
1223,1,z:ilp,nat-oop,10358,10617,6.055,1.025,5.083e-16,prime,1
1224,1,z:ilp,nat-oop,1573,5217,39.896,3.316,5.856e-16,chain3,0
1224,1,z:ilp,nat-oop,1558,5184,40.304,3.328,5.856e-16,chain3,1
1225,1,z:ilp,nat-oop,1803,3223,34.854,1.788,4.488e-16,flat,0
1225,1,z:ilp,nat-oop,1839,3126,34.169,1.700,4.488e-16,flat,1
1226,1,z:ilp,nat-oop,10478,10601,6.003,1.012,6.627e-16,prime,0
1226,1,z:ilp,nat-oop,10168,10578,6.186,1.040,6.627e-16,prime,1
1227,1,z:ilp,nat-oop,10382,10691,6.064,1.030,7.909e-16,prime,0
1227,1,z:ilp,nat-oop,10389,10688,6.060,1.029,7.909e-16,prime,1
1228,1,z:ilp,nat-oop,10209,10611,6.172,1.039,4.749e-16,prime,0
1228,1,z:ilp,nat-oop,10173,10587,6.194,1.041,4.749e-16,prime,1
1229,1,z:ilp,nat-oop,10368,10589,6.083,1.021,4.658e-16,prime,0
1229,1,z:ilp,nat-oop,10200,10592,6.183,1.038,4.658e-16,prime,1
1230,1,z:ilp,nat-oop,2645,7325,23.865,2.769,4.862e-16,chain3,0
1230,1,z:ilp,nat-oop,2509,7293,25.158,2.906,4.862e-16,chain3,1
1231,1,z:ilp,nat-oop,10230,10580,6.176,1.034,5.817e-16,prime,0
1231,1,z:ilp,nat-oop,10375,10749,6.090,1.036,5.817e-16,prime,1
1232,1,z:ilp,nat-oop,1430,4741,44.229,3.315,4.054e-16,chain3,0
1232,1,z:ilp,nat-oop,1609,4716,39.300,2.930,4.054e-16,chain3,1
1233,1,z:ilp,nat-oop,10371,10582,6.104,1.020,6.113e-16,prime,0
1233,1,z:ilp,nat-oop,10429,10593,6.070,1.016,6.113e-16,prime,1
1234,1,z:ilp,nat-oop,10449,10576,6.064,1.012,6.941e-16,prime,0
1234,1,z:ilp,nat-oop,10554,10574,6.003,1.002,6.941e-16,prime,1
1235,1,z:ilp,nat-oop,2094,4825,30.279,2.304,7.919e-16,flat,0
1235,1,z:ilp,nat-oop,2229,4684,28.452,2.101,7.919e-16,flat,1
1236,1,z:ilp,nat-oop,10178,10570,6.237,1.039,5.735e-16,prime,0
1236,1,z:ilp,nat-oop,10169,10580,6.242,1.040,5.735e-16,prime,1
1237,1,z:ilp,nat-oop,10309,10655,6.163,1.034,5.480e-16,prime,0
1237,1,z:ilp,nat-oop,10241,10666,6.204,1.042,5.480e-16,prime,1
1238,1,z:ilp,nat-oop,10342,10680,6.149,1.033,5.579e-16,prime,0
1238,1,z:ilp,nat-oop,10161,10608,6.259,1.044,5.579e-16,prime,1
1239,1,z:ilp,nat-oop,10235,7922,6.219,0.774,6.981e-16,prime,0
1239,1,z:ilp,nat-oop,10266,7925,6.200,0.772,6.981e-16,prime,1
1240,1,z:ilp,nat-oop,2167,7023,29.403,3.241,5.029e-16,chain3,0
1240,1,z:ilp,nat-oop,2153,6941,29.590,3.224,5.029e-16,chain3,1
1241,1,z:ilp,nat-oop,10408,10705,6.127,1.028,4.992e-16,prime,0
1241,1,z:ilp,nat-oop,10407,10808,6.128,1.039,4.992e-16,prime,1
1242,1,z:ilp,nat-oop,2537,5986,25.158,2.359,8.138e-16,flat,0
1242,1,z:ilp,nat-oop,2527,5961,25.255,2.358,8.138e-16,flat,1
1243,1,z:ilp,nat-oop,10182,10803,6.275,1.061,7.852e-16,prime,0
1243,1,z:ilp,nat-oop,10400,10638,6.143,1.023,7.852e-16,prime,1
1244,1,z:ilp,nat-oop,10306,10589,6.205,1.027,6.626e-16,prime,0
1244,1,z:ilp,nat-oop,10275,10605,6.224,1.032,6.626e-16,prime,1
1245,1,z:ilp,nat-oop,10180,10747,6.287,1.056,4.597e-16,prime,0
1245,1,z:ilp,nat-oop,10197,10694,6.277,1.049,4.597e-16,prime,1
1246,1,z:ilp,nat-oop,10416,11282,6.151,1.083,4.677e-16,prime,0
1246,1,z:ilp,nat-oop,10429,11344,6.143,1.088,4.677e-16,prime,1
1247,1,z:ilp,nat-oop,3478,8840,18.435,2.542,2.781e-15,flat,0
1247,1,z:ilp,nat-oop,3416,8851,18.773,2.591,2.781e-15,flat,1
1248,1,z:ilp,nat-oop,1380,5022,46.524,3.641,5.410e-16,chain3,0
1248,1,z:ilp,nat-oop,1379,5021,46.535,3.641,5.410e-16,chain3,1
1249,1,z:ilp,nat-oop,5440,10593,11.809,1.947,8.082e-16,prime,0
1249,1,z:ilp,nat-oop,5424,10615,11.843,1.957,8.082e-16,prime,1
1250,1,z:ilp,nat-oop,2316,3562,27.763,1.538,4.587e-16,chain3,0
1250,1,z:ilp,nat-oop,1933,3637,33.256,1.881,4.587e-16,chain3,1
1251,1,z:ilp,nat-oop,10298,10583,6.249,1.028,5.678e-16,prime,0
1251,1,z:ilp,nat-oop,10285,10633,6.257,1.034,5.678e-16,prime,1
1252,1,z:ilp,nat-oop,10300,10600,6.254,1.029,5.035e-16,prime,0
1252,1,z:ilp,nat-oop,10319,10585,6.243,1.026,5.035e-16,prime,1
1253,1,z:ilp,nat-oop,10269,10653,6.278,1.037,5.640e-16,prime,0
1253,1,z:ilp,nat-oop,10303,10617,6.258,1.030,5.640e-16,prime,1
1254,1,z:ilp,nat-oop,2720,5581,23.723,2.052,5.795e-16,chain3,0
1254,1,z:ilp,nat-oop,2616,5530,24.667,2.114,5.795e-16,chain3,1
1255,1,z:ilp,nat-oop,10224,10573,6.318,1.034,5.372e-16,prime,0
1255,1,z:ilp,nat-oop,10359,10690,6.235,1.032,5.372e-16,prime,1
1256,1,z:ilp,nat-oop,10297,10554,6.278,1.025,5.654e-16,prime,0
1256,1,z:ilp,nat-oop,10268,10628,6.296,1.035,5.654e-16,prime,1
1257,1,z:ilp,nat-oop,10481,10808,6.174,1.031,4.955e-16,prime,0
1257,1,z:ilp,nat-oop,10505,10607,6.160,1.010,4.955e-16,prime,1
1258,1,z:ilp,nat-oop,3032,7372,21.359,2.431,1.211e-15,flat,0
1258,1,z:ilp,nat-oop,3283,7468,19.727,2.274,1.211e-15,flat,1
1259,1,z:ilp,nat-oop,10182,10550,6.366,1.036,5.861e-16,prime,0
1259,1,z:ilp,nat-oop,10374,10621,6.249,1.024,5.861e-16,prime,1
1260,1,z:ilp,nat-oop,1404,3995,46.228,2.846,6.336e-16,chain3,0
1260,1,z:ilp,nat-oop,1418,4021,45.759,2.835,6.336e-16,chain3,1
1261,1,z:ilp,nat-oop,10175,13115,6.383,1.289,4.559e-16,prime,0
1261,1,z:ilp,nat-oop,10023,13117,6.480,1.309,4.559e-16,prime,1
1262,1,z:ilp,nat-oop,10277,10592,6.325,1.031,4.650e-16,prime,0
1262,1,z:ilp,nat-oop,10383,10595,6.260,1.020,4.650e-16,prime,1
1263,1,z:ilp,nat-oop,10141,10594,6.415,1.045,6.553e-16,prime,0
1263,1,z:ilp,nat-oop,10179,10667,6.392,1.048,6.553e-16,prime,1
1264,1,z:ilp,nat-oop,10475,12620,6.217,1.205,5.484e-16,prime,0
1264,1,z:ilp,nat-oop,10169,12588,6.404,1.238,5.484e-16,prime,1
1265,1,z:ilp,nat-oop,2437,5252,26.742,2.155,9.033e-16,flat,0
1265,1,z:ilp,nat-oop,2444,5246,26.665,2.146,9.033e-16,flat,1
1266,1,z:ilp,nat-oop,10136,10632,6.436,1.049,5.757e-16,prime,0
1266,1,z:ilp,nat-oop,10209,10590,6.390,1.037,5.757e-16,prime,1
1267,1,z:ilp,nat-oop,10539,10581,6.195,1.004,5.995e-16,prime,0
1267,1,z:ilp,nat-oop,10181,10595,6.413,1.041,5.995e-16,prime,1
1268,1,z:ilp,nat-oop,10318,10591,6.334,1.026,6.806e-16,prime,0
1268,1,z:ilp,nat-oop,10331,10629,6.326,1.029,6.806e-16,prime,1
1269,1,z:ilp,nat-oop,3115,8331,21.000,2.675,7.110e-16,flat,0
1269,1,z:ilp,nat-oop,3101,8327,21.097,2.686,7.110e-16,flat,1
1270,1,z:ilp,nat-oop,10470,10592,6.253,1.012,5.497e-16,prime,0
1270,1,z:ilp,nat-oop,13548,10594,4.833,0.782,5.497e-16,prime,1
1271,1,z:ilp,nat-oop,3002,9043,21.828,3.012,1.322e-15,flat,0
1271,1,z:ilp,nat-oop,3022,9125,21.684,3.019,1.322e-15,flat,1
1272,1,z:ilp,nat-oop,10414,9399,6.298,0.903,5.783e-16,prime,0
1272,1,z:ilp,nat-oop,10149,9376,6.463,0.924,5.783e-16,prime,1
1273,1,z:ilp,nat-oop,10454,10908,6.280,1.043,5.568e-16,prime,0
1273,1,z:ilp,nat-oop,10541,10911,6.228,1.035,5.568e-16,prime,1
1274,1,z:ilp,nat-oop,2281,3569,28.802,1.565,6.226e-16,flat,0
1274,1,z:ilp,nat-oop,2282,3585,28.800,1.571,6.226e-16,flat,1
1275,1,z:ilp,nat-oop,2298,4668,28.624,2.032,7.186e-16,flat,0
1275,1,z:ilp,nat-oop,2267,4672,29.007,2.060,7.186e-16,flat,1
1276,1,z:ilp,nat-oop,2370,6751,27.780,2.849,3.944e-16,chain3,0
1276,1,z:ilp,nat-oop,2333,6751,28.219,2.894,3.944e-16,chain3,1
1277,1,z:ilp,nat-oop,8824,10662,7.466,1.208,7.885e-16,prime,0
1277,1,z:ilp,nat-oop,7512,10624,8.771,1.414,7.885e-16,prime,1
1278,1,z:ilp,nat-oop,10281,11672,6.414,1.135,4.576e-16,prime,0
1278,1,z:ilp,nat-oop,10307,11572,6.398,1.123,4.576e-16,prime,1
1279,1,z:ilp,nat-oop,10390,10643,6.352,1.024,7.310e-16,prime,0
1279,1,z:ilp,nat-oop,10145,10747,6.506,1.059,7.310e-16,prime,1
1280,1,z:ilp,nat-oop,1468,4403,44.989,2.998,4.326e-16,chain3,0
1280,1,z:ilp,nat-oop,1480,4405,44.643,2.977,4.326e-16,chain3,1
1281,1,z:ilp,nat-oop,10463,8435,6.319,0.806,4.258e-16,prime,0
1281,1,z:ilp,nat-oop,10169,8502,6.502,0.836,4.258e-16,prime,1
1282,1,z:ilp,nat-oop,10272,10581,6.443,1.030,6.956e-16,prime,0
1282,1,z:ilp,nat-oop,10485,10610,6.311,1.012,6.956e-16,prime,1
1283,1,z:ilp,nat-oop,10322,10631,6.417,1.030,6.075e-16,prime,0
1283,1,z:ilp,nat-oop,10343,10596,6.404,1.025,6.075e-16,prime,1
1284,1,z:ilp,nat-oop,10304,10629,6.434,1.031,5.815e-16,prime,0
1284,1,z:ilp,nat-oop,10092,11686,6.569,1.158,5.815e-16,prime,1
1285,1,z:ilp,nat-oop,10256,10551,6.470,1.029,6.526e-16,prime,0
1285,1,z:ilp,nat-oop,10158,10571,6.532,1.041,6.526e-16,prime,1
1286,1,z:ilp,nat-oop,10363,10598,6.409,1.023,5.678e-16,prime,0
1286,1,z:ilp,nat-oop,14255,10621,4.659,0.745,5.678e-16,prime,1
1287,1,z:ilp,nat-oop,2083,4825,31.907,2.316,5.882e-16,chain3,0
1287,1,z:ilp,nat-oop,2067,4781,32.161,2.313,5.882e-16,chain3,1
1288,1,z:ilp,nat-oop,1888,6431,35.238,3.406,4.956e-16,chain3,0
1288,1,z:ilp,nat-oop,1923,6334,34.598,3.294,4.956e-16,chain3,1
1289,1,z:ilp,nat-oop,7081,10638,9.404,1.502,5.938e-16,prime,0
1289,1,z:ilp,nat-oop,6570,10585,10.136,1.611,5.938e-16,prime,1
1290,1,z:ilp,nat-oop,3479,8223,19.160,2.364,6.773e-16,flat,0
1290,1,z:ilp,nat-oop,3598,8141,18.524,2.263,6.773e-16,flat,1
1291,1,z:ilp,nat-oop,10348,10617,6.447,1.026,6.159e-16,prime,0
1291,1,z:ilp,nat-oop,10272,10631,6.494,1.035,6.159e-16,prime,1
1292,1,z:ilp,nat-oop,2373,6456,28.132,2.720,5.769e-16,chain3,0
1292,1,z:ilp,nat-oop,2448,6640,27.278,2.713,5.769e-16,chain3,1
1293,1,z:ilp,nat-oop,13499,10808,4.950,0.801,5.807e-16,prime,0
1293,1,z:ilp,nat-oop,10176,10898,6.567,1.071,5.807e-16,prime,1
1294,1,z:ilp,nat-oop,10383,10627,6.442,1.023,7.525e-16,prime,0
1294,1,z:ilp,nat-oop,10421,10622,6.418,1.019,7.525e-16,prime,1
1295,1,z:ilp,nat-oop,2494,5595,26.841,2.243,7.651e-16,flat,0
1295,1,z:ilp,nat-oop,2504,5602,26.730,2.237,7.651e-16,flat,1
1296,1,z:ilp,nat-oop,1394,4627,48.068,3.319,5.547e-16,chain3,0
1296,1,z:ilp,nat-oop,1387,4643,48.311,3.348,5.547e-16,chain3,1
1297,1,z:ilp,nat-oop,7793,10659,8.605,1.368,8.073e-16,prime,0
1297,1,z:ilp,nat-oop,8522,10764,7.869,1.263,8.073e-16,prime,1
1298,1,z:ilp,nat-oop,10189,9519,6.588,0.934,6.133e-16,prime,0
1298,1,z:ilp,nat-oop,10245,9533,6.551,0.930,6.133e-16,prime,1
1299,1,z:ilp,nat-oop,10286,10580,6.531,1.029,5.026e-16,prime,0
1299,1,z:ilp,nat-oop,10373,10861,6.476,1.047,5.026e-16,prime,1
1300,1,z:ilp,nat-oop,1729,4970,38.885,2.874,5.836e-16,flat,0
1300,1,z:ilp,nat-oop,1740,4967,38.651,2.855,5.836e-16,flat,1
1301,1,z:ilp,nat-oop,7486,10626,8.990,1.419,9.571e-16,prime,0
1301,1,z:ilp,nat-oop,7881,10597,8.539,1.345,9.571e-16,prime,1
1302,1,z:ilp,nat-oop,4616,6586,14.591,1.427,6.497e-16,chain3,0
1302,1,z:ilp,nat-oop,4796,6288,14.043,1.311,6.497e-16,chain3,1
1303,1,z:ilp,nat-oop,10383,10878,6.493,1.048,5.126e-16,prime,0
1303,1,z:ilp,nat-oop,10466,10656,6.442,1.018,5.126e-16,prime,1
1304,1,z:ilp,nat-oop,10160,10588,6.641,1.042,4.874e-16,prime,0
1304,1,z:ilp,nat-oop,10413,10697,6.479,1.027,4.874e-16,prime,1
1305,1,z:ilp,nat-oop,2598,6358,25.994,2.447,6.695e-16,chain3,0
1305,1,z:ilp,nat-oop,2569,6353,26.290,2.473,6.695e-16,chain3,1
1306,1,z:ilp,nat-oop,10475,10719,6.453,1.023,5.753e-16,prime,0
1306,1,z:ilp,nat-oop,10402,10641,6.498,1.023,5.753e-16,prime,1
1307,1,z:ilp,nat-oop,10228,10591,6.614,1.036,5.541e-16,prime,0
1307,1,z:ilp,nat-oop,10450,10601,6.474,1.015,5.541e-16,prime,1
1308,1,z:ilp,nat-oop,10201,10597,6.638,1.039,4.511e-16,prime,0
1308,1,z:ilp,nat-oop,10490,10665,6.455,1.017,4.511e-16,prime,1
1309,1,z:ilp,nat-oop,2319,4439,29.229,1.915,1.130e-15,flat,0
1309,1,z:ilp,nat-oop,2311,4428,29.328,1.916,1.130e-15,flat,1
1310,1,z:ilp,nat-oop,10293,10608,6.590,1.031,5.715e-16,prime,0
1310,1,z:ilp,nat-oop,10286,10673,6.594,1.038,5.715e-16,prime,1
1311,1,z:ilp,nat-oop,3002,6659,22.612,2.218,6.028e-16,chain3,0
1311,1,z:ilp,nat-oop,3019,6665,22.483,2.207,6.028e-16,chain3,1
1312,1,z:ilp,nat-oop,2047,8282,33.187,4.045,4.343e-16,2p,0
1312,1,z:ilp,nat-oop,2049,8310,33.166,4.056,4.343e-16,2p,1
1313,1,z:ilp,nat-oop,10198,10610,6.669,1.040,6.065e-16,prime,0
1313,1,z:ilp,nat-oop,10413,10615,6.531,1.019,6.065e-16,prime,1
1314,1,z:ilp,nat-oop,10387,12050,6.553,1.160,5.277e-16,prime,0
1314,1,z:ilp,nat-oop,10468,11965,6.502,1.143,5.277e-16,prime,1
1315,1,z:ilp,nat-oop,10383,10616,6.561,1.022,6.069e-16,prime,0
1315,1,z:ilp,nat-oop,10406,10591,6.547,1.018,6.069e-16,prime,1
1316,1,z:ilp,nat-oop,4649,9138,14.666,1.966,4.630e-16,chain3,0
1316,1,z:ilp,nat-oop,6967,9106,9.786,1.307,4.630e-16,chain3,1
1317,1,z:ilp,nat-oop,10210,10603,6.684,1.038,5.242e-16,prime,0
1317,1,z:ilp,nat-oop,10204,10597,6.688,1.039,5.242e-16,prime,1
1318,1,z:ilp,nat-oop,10166,10609,6.718,1.043,5.972e-16,prime,0
1318,1,z:ilp,nat-oop,10409,10655,6.561,1.024,5.972e-16,prime,1
1319,1,z:ilp,nat-oop,10301,10672,6.636,1.036,5.450e-16,prime,0
1319,1,z:ilp,nat-oop,10306,10597,6.633,1.028,5.450e-16,prime,1
1320,1,z:ilp,nat-oop,1652,5113,41.411,3.095,5.707e-16,chain3,0
1320,1,z:ilp,nat-oop,1611,5093,42.468,3.161,5.707e-16,chain3,1
1321,1,z:ilp,nat-oop,6027,10603,11.362,1.759,6.105e-16,prime,0
1321,1,z:ilp,nat-oop,6125,10622,11.180,1.734,6.105e-16,prime,1
1322,1,z:ilp,nat-oop,10310,10591,6.647,1.027,5.541e-16,prime,0
1322,1,z:ilp,nat-oop,10124,10622,6.770,1.049,5.541e-16,prime,1
1323,1,z:ilp,nat-oop,2109,3750,32.524,1.778,8.310e-16,flat,0
1323,1,z:ilp,nat-oop,3038,3778,22.579,1.244,8.310e-16,flat,1
1324,1,z:ilp,nat-oop,10351,10558,6.632,1.020,5.888e-16,prime,0
1324,1,z:ilp,nat-oop,10175,10624,6.747,1.044,5.888e-16,prime,1
1325,1,z:ilp,nat-oop,10485,7664,6.554,0.731,4.945e-16,prime,0
1325,1,z:ilp,nat-oop,10374,7644,6.624,0.737,4.945e-16,prime,1
1326,1,z:ilp,nat-oop,2162,5689,31.807,2.631,6.893e-16,chain3,0
1326,1,z:ilp,nat-oop,2263,5579,30.387,2.465,6.893e-16,chain3,1
1327,1,z:ilp,nat-oop,6767,10648,10.172,1.574,1.014e-15,prime,0
1327,1,z:ilp,nat-oop,6440,10640,10.688,1.652,1.014e-15,prime,1
1328,1,z:ilp,nat-oop,10195,13688,6.757,1.343,4.568e-16,prime,0
1328,1,z:ilp,nat-oop,10138,13682,6.795,1.350,4.568e-16,prime,1
1329,1,z:ilp,nat-oop,10336,10631,6.671,1.029,6.449e-16,prime,0
1329,1,z:ilp,nat-oop,10197,10653,6.762,1.045,6.449e-16,prime,1
1330,1,z:ilp,nat-oop,2088,4638,33.048,2.221,5.744e-16,chain3,0
1330,1,z:ilp,nat-oop,2010,4602,34.329,2.289,5.744e-16,chain3,1
1331,1,z:ilp,nat-oop,2131,5122,32.404,2.403,4.451e-16,chain3,0
1331,1,z:ilp,nat-oop,2223,5156,31.068,2.319,4.451e-16,chain3,1
1332,1,z:ilp,nat-oop,2460,8154,28.100,3.315,5.111e-16,chain3,0
1332,1,z:ilp,nat-oop,2418,7982,28.586,3.301,5.111e-16,chain3,1
1333,1,z:ilp,nat-oop,4017,9908,17.224,2.467,6.740e-16,2p,0
1333,1,z:ilp,nat-oop,5074,9986,13.636,1.968,6.740e-16,2p,1
1334,1,z:ilp,nat-oop,3304,8032,20.955,2.431,1.289e-15,flat,0
1334,1,z:ilp,nat-oop,3246,8145,21.329,2.509,1.289e-15,flat,1
1335,1,z:ilp,nat-oop,10282,12128,6.741,1.180,6.801e-16,prime,0
1335,1,z:ilp,nat-oop,10391,12130,6.670,1.167,6.801e-16,prime,1
1336,1,z:ilp,nat-oop,10318,10610,6.723,1.028,5.179e-16,prime,0
1336,1,z:ilp,nat-oop,10314,10602,6.725,1.028,5.179e-16,prime,1
1337,1,z:ilp,nat-oop,10262,10647,6.765,1.037,4.597e-16,prime,0
1337,1,z:ilp,nat-oop,10324,10628,6.724,1.029,4.597e-16,prime,1
1338,1,z:ilp,nat-oop,10289,10606,6.753,1.031,5.664e-16,prime,0
1338,1,z:ilp,nat-oop,10441,10773,6.655,1.032,5.664e-16,prime,1
1339,1,z:ilp,nat-oop,13629,10620,5.102,0.779,6.521e-16,prime,0
1339,1,z:ilp,nat-oop,10210,10618,6.811,1.040,6.521e-16,prime,1
1340,1,z:ilp,nat-oop,10233,11736,6.801,1.147,5.442e-16,prime,0
1340,1,z:ilp,nat-oop,10551,11747,6.596,1.113,5.442e-16,prime,1
1341,1,z:ilp,nat-oop,10498,10622,6.636,1.012,5.414e-16,prime,0
1341,1,z:ilp,nat-oop,10424,10681,6.682,1.025,5.414e-16,prime,1
1342,1,z:ilp,nat-oop,12191,10082,5.719,0.827,5.747e-16,prime,0
1342,1,z:ilp,nat-oop,10291,10099,6.774,0.981,5.747e-16,prime,1
1343,1,z:ilp,nat-oop,10415,12593,6.700,1.209,5.536e-16,prime,0
1343,1,z:ilp,nat-oop,10455,12753,6.674,1.220,5.536e-16,prime,1
1344,1,z:ilp,nat-oop,1396,4566,50.030,3.271,4.443e-16,2p,0
1344,1,z:ilp,nat-oop,1419,4536,49.225,3.198,4.443e-16,2p,1
1345,1,z:ilp,nat-oop,10440,10626,6.695,1.018,5.073e-16,prime,0
1345,1,z:ilp,nat-oop,10452,10627,6.687,1.017,5.073e-16,prime,1
1346,1,z:ilp,nat-oop,10142,10607,6.898,1.046,7.937e-16,prime,0
1346,1,z:ilp,nat-oop,10350,10626,6.759,1.027,7.937e-16,prime,1
1347,1,z:ilp,nat-oop,10213,11647,6.855,1.140,6.925e-16,prime,0
1347,1,z:ilp,nat-oop,10457,10613,6.696,1.015,6.925e-16,prime,1
1348,1,z:ilp,nat-oop,12572,10621,5.574,0.845,5.256e-16,prime,0
1348,1,z:ilp,nat-oop,11770,10649,5.954,0.905,5.256e-16,prime,1
1349,1,z:ilp,nat-oop,10174,12218,6.894,1.201,6.485e-16,prime,0
1349,1,z:ilp,nat-oop,10426,12190,6.727,1.169,6.485e-16,prime,1
1350,1,z:ilp,nat-oop,1763,4224,39.807,2.396,5.493e-16,chain3,0
1350,1,z:ilp,nat-oop,1795,4246,39.113,2.366,5.493e-16,chain3,1
1351,1,z:ilp,nat-oop,10433,10707,6.734,1.026,7.576e-16,prime,0
1351,1,z:ilp,nat-oop,10415,10633,6.745,1.021,7.576e-16,prime,1
1352,1,z:ilp,nat-oop,1844,6584,38.124,3.570,5.586e-16,chain3,0
1352,1,z:ilp,nat-oop,2704,6554,26.006,2.424,5.586e-16,chain3,1
1353,1,z:ilp,nat-oop,3256,7713,21.614,2.369,4.879e-16,chain3,0
1353,1,z:ilp,nat-oop,3212,7519,21.909,2.341,4.879e-16,chain3,1
1354,1,z:ilp,nat-oop,10371,10652,6.791,1.027,5.525e-16,prime,0
1354,1,z:ilp,nat-oop,10402,10882,6.771,1.046,5.525e-16,prime,1
1355,1,z:ilp,nat-oop,10433,10617,6.756,1.018,5.841e-16,prime,0
1355,1,z:ilp,nat-oop,10507,10893,6.709,1.037,5.841e-16,prime,1
1356,1,z:ilp,nat-oop,10215,10611,6.906,1.039,5.525e-16,prime,0
1356,1,z:ilp,nat-oop,10223,10632,6.901,1.040,5.525e-16,prime,1
1357,1,z:ilp,nat-oop,10732,11121,6.579,1.036,4.921e-16,prime,0
1357,1,z:ilp,nat-oop,10840,11135,6.513,1.027,4.921e-16,prime,1
1358,1,z:ilp,nat-oop,10271,13312,6.880,1.296,5.027e-16,prime,0
1358,1,z:ilp,nat-oop,10574,13334,6.683,1.261,5.027e-16,prime,1
1359,1,z:ilp,nat-oop,10623,10626,6.658,1.000,6.962e-16,prime,0
1359,1,z:ilp,nat-oop,10481,10695,6.748,1.020,6.962e-16,prime,1
1360,1,z:ilp,nat-oop,1811,5834,39.086,3.222,5.338e-16,chain3,0
1360,1,z:ilp,nat-oop,1749,5833,40.482,3.336,5.338e-16,chain3,1
1361,1,z:ilp,nat-oop,6221,10614,11.388,1.706,7.658e-16,prime,0
1361,1,z:ilp,nat-oop,6716,10891,10.548,1.622,7.658e-16,prime,1
1362,1,z:ilp,nat-oop,10275,10702,6.901,1.042,5.183e-16,prime,0
1362,1,z:ilp,nat-oop,10348,10630,6.852,1.027,5.183e-16,prime,1
1363,1,z:ilp,nat-oop,4809,10589,14.755,2.202,4.542e-16,2p,0
1363,1,z:ilp,nat-oop,6738,10459,10.532,1.552,4.542e-16,2p,1
1364,1,z:ilp,nat-oop,3030,7709,23.438,2.544,7.718e-16,flat,0
1364,1,z:ilp,nat-oop,3073,7721,23.113,2.513,7.718e-16,flat,1
1365,1,z:ilp,nat-oop,2290,4172,31.041,1.822,6.050e-16,chain3,0
1365,1,z:ilp,nat-oop,2266,4255,31.367,1.878,6.050e-16,chain3,1
1366,1,z:ilp,nat-oop,10214,10614,6.965,1.039,6.173e-16,prime,0
1366,1,z:ilp,nat-oop,10208,10654,6.969,1.044,6.173e-16,prime,1
1367,1,z:ilp,nat-oop,10229,10622,6.961,1.038,5.985e-16,prime,0
1367,1,z:ilp,nat-oop,10193,10622,6.985,1.042,5.985e-16,prime,1
1368,1,z:ilp,nat-oop,1833,6238,38.876,3.403,5.067e-16,chain3,0
1368,1,z:ilp,nat-oop,1905,6492,37.415,3.409,5.067e-16,chain3,1
1369,1,z:ilp,nat-oop,5984,9930,11.919,1.660,5.128e-16,2p,0
1369,1,z:ilp,nat-oop,4189,9938,17.024,2.372,5.128e-16,2p,1
1370,1,z:ilp,nat-oop,10526,10619,6.781,1.009,4.484e-16,prime,0
1370,1,z:ilp,nat-oop,10206,10601,6.993,1.039,4.484e-16,prime,1
1371,1,z:ilp,nat-oop,10210,10585,6.996,1.037,5.947e-16,prime,0
1371,1,z:ilp,nat-oop,10456,10629,6.832,1.017,5.947e-16,prime,1
1372,1,z:ilp,nat-oop,1909,4268,37.454,2.236,4.043e-16,flat,0
1372,1,z:ilp,nat-oop,1930,4266,37.053,2.211,4.043e-16,flat,1
1373,1,z:ilp,nat-oop,10508,10651,6.810,1.014,6.343e-16,prime,0
1373,1,z:ilp,nat-oop,10248,10656,6.982,1.040,6.343e-16,prime,1
1374,1,z:ilp,nat-oop,10439,10651,6.860,1.020,4.141e-16,prime,0
1374,1,z:ilp,nat-oop,10409,10620,6.880,1.020,4.141e-16,prime,1
1375,1,z:ilp,nat-oop,2353,4023,30.466,1.710,4.243e-16,chain3,0
1375,1,z:ilp,nat-oop,2317,4209,30.935,1.817,4.243e-16,chain3,1
1376,1,z:ilp,nat-oop,2464,9308,29.117,3.778,4.462e-16,2p,0
1376,1,z:ilp,nat-oop,2456,9140,29.209,3.722,4.462e-16,2p,1
1377,1,z:ilp,nat-oop,2515,5501,28.541,2.187,8.186e-16,chain3,0
1377,1,z:ilp,nat-oop,2922,5359,24.572,1.834,8.186e-16,chain3,1
1378,1,z:ilp,nat-oop,10320,9476,6.962,0.918,4.551e-16,prime,0
1378,1,z:ilp,nat-oop,10338,9435,6.950,0.913,4.551e-16,prime,1
1379,1,z:ilp,nat-oop,10178,10626,7.065,1.044,5.994e-16,prime,0
1379,1,z:ilp,nat-oop,10139,10656,7.093,1.051,5.994e-16,prime,1
1380,1,z:ilp,nat-oop,2008,6804,35.839,3.388,4.959e-16,chain3,0
1380,1,z:ilp,nat-oop,2005,6792,35.900,3.388,4.959e-16,chain3,1
1381,1,z:ilp,nat-oop,8662,10613,8.315,1.225,9.587e-16,prime,0
1381,1,z:ilp,nat-oop,8046,10616,8.952,1.319,9.587e-16,prime,1
1382,1,z:ilp,nat-oop,10379,10624,6.946,1.024,4.432e-16,prime,0
1382,1,z:ilp,nat-oop,10411,10594,6.924,1.018,4.432e-16,prime,1
1383,1,z:ilp,nat-oop,10466,10758,6.893,1.028,5.372e-16,prime,0
1383,1,z:ilp,nat-oop,10400,11686,6.937,1.124,5.372e-16,prime,1
1384,1,z:ilp,nat-oop,10239,10628,7.052,1.038,5.643e-16,prime,0
1384,1,z:ilp,nat-oop,10489,10621,6.884,1.013,5.643e-16,prime,1
1385,1,z:ilp,nat-oop,10393,10638,6.954,1.024,7.121e-16,prime,0
1385,1,z:ilp,nat-oop,10529,10612,6.863,1.008,7.121e-16,prime,1
1386,1,z:ilp,nat-oop,2323,5197,31.141,2.238,5.225e-16,chain3,0
1386,1,z:ilp,nat-oop,2291,5197,31.575,2.269,5.225e-16,chain3,1
1387,1,z:ilp,nat-oop,10432,12529,6.939,1.201,5.040e-16,prime,0
1387,1,z:ilp,nat-oop,10352,12668,6.992,1.224,5.040e-16,prime,1
1388,1,z:ilp,nat-oop,10316,10651,7.023,1.033,5.324e-16,prime,0
1388,1,z:ilp,nat-oop,10356,10652,6.996,1.029,5.324e-16,prime,1
1389,1,z:ilp,nat-oop,10454,10619,6.935,1.016,6.651e-16,prime,0
1389,1,z:ilp,nat-oop,10373,10747,6.990,1.036,6.651e-16,prime,1
1390,1,z:ilp,nat-oop,10213,10611,7.105,1.039,5.446e-16,prime,0
1390,1,z:ilp,nat-oop,12386,10679,5.859,0.862,5.446e-16,prime,1
1391,1,z:ilp,nat-oop,10596,10631,6.854,1.003,4.467e-16,prime,0
1391,1,z:ilp,nat-oop,10223,10640,7.104,1.041,4.467e-16,prime,1
1392,1,z:ilp,nat-oop,2877,7471,25.260,2.596,5.292e-16,flat,0
1392,1,z:ilp,nat-oop,2565,7486,28.339,2.919,5.292e-16,flat,1
1393,1,z:ilp,nat-oop,10341,10689,7.034,1.034,6.331e-16,prime,0
1393,1,z:ilp,nat-oop,11863,10681,6.132,0.900,6.331e-16,prime,1
1394,1,z:ilp,nat-oop,3628,8632,20.065,2.379,1.125e-15,flat,0
1394,1,z:ilp,nat-oop,3567,8621,20.413,2.417,1.125e-15,flat,1
1395,1,z:ilp,nat-oop,2788,7306,26.131,2.620,6.639e-16,flat,0
1395,1,z:ilp,nat-oop,2819,7264,25.847,2.577,6.639e-16,flat,1
1396,1,z:ilp,nat-oop,10157,10656,7.179,1.049,6.834e-16,prime,0
1396,1,z:ilp,nat-oop,10464,10747,6.968,1.027,6.834e-16,prime,1
1397,1,z:ilp,nat-oop,10358,10642,7.046,1.027,5.192e-16,prime,0
1397,1,z:ilp,nat-oop,10299,10631,7.086,1.032,5.192e-16,prime,1
1398,1,z:ilp,nat-oop,10250,10607,7.126,1.035,5.792e-16,prime,0
1398,1,z:ilp,nat-oop,10232,10630,7.139,1.039,5.792e-16,prime,1
1399,1,z:ilp,nat-oop,10468,10631,6.983,1.016,6.765e-16,prime,0
1399,1,z:ilp,nat-oop,10478,10609,6.976,1.013,6.765e-16,prime,1
1400,1,z:ilp,nat-oop,1867,4443,39.181,2.379,4.607e-16,chain3,0
1400,1,z:ilp,nat-oop,1883,4458,38.845,2.367,4.607e-16,chain3,1
1401,1,z:ilp,nat-oop,10443,10797,7.011,1.034,6.723e-16,prime,0
1401,1,z:ilp,nat-oop,10510,10877,6.966,1.035,6.723e-16,prime,1
1402,1,z:ilp,nat-oop,10331,10632,7.093,1.029,8.412e-16,prime,0
1402,1,z:ilp,nat-oop,10251,10636,7.148,1.038,8.412e-16,prime,1
1403,1,z:ilp,nat-oop,10325,11736,7.103,1.137,4.784e-16,prime,0
1403,1,z:ilp,nat-oop,10361,11968,7.078,1.155,4.784e-16,prime,1
1404,1,z:ilp,nat-oop,1696,5628,43.273,3.318,5.489e-16,chain3,0
1404,1,z:ilp,nat-oop,1701,5595,43.158,3.290,5.489e-16,chain3,1
1405,1,z:ilp,nat-oop,10499,10718,6.997,1.021,5.331e-16,prime,0
1405,1,z:ilp,nat-oop,10495,10661,6.999,1.016,5.331e-16,prime,1
1406,1,z:ilp,nat-oop,3735,8762,19.685,2.346,1.175e-15,flat,0
1406,1,z:ilp,nat-oop,3639,8733,20.203,2.400,1.175e-15,flat,1
1407,1,z:ilp,nat-oop,10255,10274,7.175,1.002,7.421e-16,prime,0
1407,1,z:ilp,nat-oop,10456,10157,7.037,0.971,7.421e-16,prime,1
1408,1,z:ilp,nat-oop,1646,5663,44.729,3.440,4.044e-16,chain3,0
1408,1,z:ilp,nat-oop,1818,5651,40.508,3.109,4.044e-16,chain3,1
1409,1,z:ilp,nat-oop,5467,10732,13.480,1.963,5.972e-16,prime,0
1409,1,z:ilp,nat-oop,5399,10762,13.650,1.993,5.972e-16,prime,1
1410,1,z:ilp,nat-oop,3970,9621,18.580,2.424,5.581e-16,flat,0
1410,1,z:ilp,nat-oop,3905,9556,18.887,2.447,5.581e-16,flat,1
1411,1,z:ilp,nat-oop,10414,13717,7.088,1.317,5.538e-16,prime,0
1411,1,z:ilp,nat-oop,10365,13897,7.121,1.341,5.538e-16,prime,1
1412,1,z:ilp,nat-oop,10381,10616,7.116,1.023,5.528e-16,prime,0
1412,1,z:ilp,nat-oop,10444,10641,7.074,1.019,5.528e-16,prime,1
1413,1,z:ilp,nat-oop,10380,10615,7.123,1.023,5.375e-16,prime,0
1413,1,z:ilp,nat-oop,10359,10725,7.137,1.035,5.375e-16,prime,1
1414,1,z:ilp,nat-oop,10256,10643,7.214,1.038,6.381e-16,prime,0
1414,1,z:ilp,nat-oop,10465,10622,7.070,1.015,6.381e-16,prime,1
1415,1,z:ilp,nat-oop,10363,10649,7.145,1.028,5.787e-16,prime,0
1415,1,z:ilp,nat-oop,10362,10657,7.147,1.028,5.787e-16,prime,1
1416,1,z:ilp,nat-oop,10530,11326,7.038,1.076,5.509e-16,prime,0
1416,1,z:ilp,nat-oop,10459,11354,7.086,1.085,5.509e-16,prime,1
1417,1,z:ilp,nat-oop,10520,10670,7.050,1.014,5.883e-16,prime,0
1417,1,z:ilp,nat-oop,10304,10650,7.198,1.034,5.883e-16,prime,1
1418,1,z:ilp,nat-oop,10608,10678,6.998,1.007,6.604e-16,prime,0
1418,1,z:ilp,nat-oop,13728,10687,5.407,0.779,6.604e-16,prime,1
1419,1,z:ilp,nat-oop,3360,8375,22.108,2.492,6.033e-16,flat,0
1419,1,z:ilp,nat-oop,3313,8389,22.426,2.532,6.033e-16,flat,1
1420,1,z:ilp,nat-oop,10397,13145,7.151,1.264,5.729e-16,prime,0
1420,1,z:ilp,nat-oop,10309,13027,7.212,1.264,5.729e-16,prime,1
1421,1,z:ilp,nat-oop,2925,5254,25.441,1.796,5.650e-16,chain3,0
1421,1,z:ilp,nat-oop,2886,5220,25.780,1.809,5.650e-16,chain3,1
1422,1,z:ilp,nat-oop,10532,14020,7.070,1.331,5.324e-16,prime,0
1422,1,z:ilp,nat-oop,10413,13925,7.151,1.337,5.324e-16,prime,1
1423,1,z:ilp,nat-oop,10192,10663,7.312,1.046,6.170e-16,prime,0
1423,1,z:ilp,nat-oop,13183,10672,5.653,0.810,6.170e-16,prime,1
1424,1,z:ilp,nat-oop,10470,15266,7.124,1.458,5.143e-16,prime,0
1424,1,z:ilp,nat-oop,10197,15266,7.315,1.497,5.143e-16,prime,1
1425,1,z:ilp,nat-oop,2253,5836,33.134,2.590,5.061e-16,flat,0
1425,1,z:ilp,nat-oop,2260,5714,33.029,2.528,5.061e-16,flat,1
1426,1,z:ilp,nat-oop,3592,9014,20.800,2.510,1.793e-15,flat,0
1426,1,z:ilp,nat-oop,3422,8996,21.829,2.629,1.793e-15,flat,1
1427,1,z:ilp,nat-oop,10209,10654,7.323,1.044,5.354e-16,prime,0
1427,1,z:ilp,nat-oop,11569,10671,6.462,0.922,5.354e-16,prime,1
1428,1,z:ilp,nat-oop,1866,6103,40.095,3.270,6.053e-16,chain3,0
1428,1,z:ilp,nat-oop,1826,6079,40.968,3.328,6.053e-16,chain3,1
1429,1,z:ilp,nat-oop,8286,10630,9.038,1.283,1.183e-15,prime,0
1429,1,z:ilp,nat-oop,8024,10638,9.333,1.326,1.183e-15,prime,1
1430,1,z:ilp,nat-oop,2039,5404,36.765,2.651,4.810e-16,chain3,0
1430,1,z:ilp,nat-oop,2026,5419,37.000,2.675,4.810e-16,chain3,1
1431,1,z:ilp,nat-oop,10350,9975,7.247,0.964,6.035e-16,prime,0
1431,1,z:ilp,nat-oop,10288,10166,7.291,0.988,6.035e-16,prime,1
1432,1,z:ilp,nat-oop,10229,10639,7.339,1.040,5.273e-16,prime,0
1432,1,z:ilp,nat-oop,10453,11001,7.181,1.052,5.273e-16,prime,1
1433,1,z:ilp,nat-oop,10191,10760,7.372,1.056,5.442e-16,prime,0
1433,1,z:ilp,nat-oop,10475,10738,7.172,1.025,5.442e-16,prime,1
1434,1,z:ilp,nat-oop,14326,10639,5.248,0.743,5.402e-16,prime,0
1434,1,z:ilp,nat-oop,10327,10628,7.280,1.029,5.402e-16,prime,1
1435,1,z:ilp,nat-oop,3497,6701,21.517,1.916,5.805e-16,chain3,0
1435,1,z:ilp,nat-oop,3496,6858,21.524,1.962,5.805e-16,chain3,1
1436,1,z:ilp,nat-oop,10166,10645,7.407,1.047,6.408e-16,prime,0
1436,1,z:ilp,nat-oop,10392,10651,7.246,1.025,6.408e-16,prime,1
1437,1,z:ilp,nat-oop,12365,10828,6.095,0.876,6.281e-16,prime,0
1437,1,z:ilp,nat-oop,10346,10641,7.284,1.029,6.281e-16,prime,1
1438,1,z:ilp,nat-oop,10247,10668,7.361,1.041,6.522e-16,prime,0
1438,1,z:ilp,nat-oop,10449,10653,7.218,1.020,6.522e-16,prime,1
1439,1,z:ilp,nat-oop,10476,10676,7.205,1.019,5.839e-16,prime,0
1439,1,z:ilp,nat-oop,10229,10671,7.379,1.043,5.839e-16,prime,1
1440,1,z:ilp,nat-oop,1545,4945,48.883,3.200,4.848e-16,chain3,0
1440,1,z:ilp,nat-oop,1529,4932,49.392,3.224,4.848e-16,chain3,1
1441,1,z:ilp,nat-oop,10194,10634,7.416,1.043,4.592e-16,prime,0
1441,1,z:ilp,nat-oop,10264,10635,7.366,1.036,4.592e-16,prime,1
1442,1,z:ilp,nat-oop,10458,10672,7.235,1.020,4.775e-16,prime,0
1442,1,z:ilp,nat-oop,10346,10674,7.313,1.032,4.775e-16,prime,1
1443,1,z:ilp,nat-oop,3231,7819,23.436,2.420,6.492e-16,flat,0
1443,1,z:ilp,nat-oop,3290,7839,23.012,2.382,6.492e-16,flat,1
1444,1,z:ilp,nat-oop,2950,7840,25.691,2.658,4.337e-16,chain3,0
1444,1,z:ilp,nat-oop,3039,8055,24.933,2.650,4.337e-16,chain3,1
1445,1,z:ilp,nat-oop,2661,5988,28.503,2.250,6.379e-16,chain3,0
1445,1,z:ilp,nat-oop,2794,5814,27.147,2.081,6.379e-16,chain3,1
1446,1,z:ilp,nat-oop,10261,10671,7.397,1.040,5.613e-16,prime,0
1446,1,z:ilp,nat-oop,10196,10639,7.444,1.043,5.613e-16,prime,1
1447,1,z:ilp,nat-oop,10331,10705,7.352,1.036,6.605e-16,prime,0
1447,1,z:ilp,nat-oop,10517,10655,7.223,1.013,6.605e-16,prime,1
1448,1,z:ilp,nat-oop,10205,10669,7.449,1.045,6.993e-16,prime,0
1448,1,z:ilp,nat-oop,10195,10667,7.457,1.046,6.993e-16,prime,1
1449,1,z:ilp,nat-oop,2780,5927,27.364,2.132,5.372e-16,flat,0
1449,1,z:ilp,nat-oop,2782,5803,27.343,2.086,5.372e-16,flat,1
1450,1,z:ilp,nat-oop,2606,6875,29.215,2.638,5.781e-16,chain3,0
1450,1,z:ilp,nat-oop,2728,6803,27.914,2.494,5.781e-16,chain3,1
1451,1,z:ilp,nat-oop,10438,10803,7.300,1.035,5.689e-16,prime,0
1451,1,z:ilp,nat-oop,10580,10843,7.202,1.025,5.689e-16,prime,1
1452,1,z:ilp,nat-oop,1755,6886,43.441,3.922,4.790e-16,chain3,0
1452,1,z:ilp,nat-oop,1759,6870,43.362,3.906,4.790e-16,chain3,1
1453,1,z:ilp,nat-oop,5958,10635,12.809,1.785,7.898e-16,prime,0
1453,1,z:ilp,nat-oop,5890,10645,12.956,1.807,7.898e-16,prime,1
1454,1,z:ilp,nat-oop,10510,10649,7.267,1.013,4.806e-16,prime,0
1454,1,z:ilp,nat-oop,10233,10615,7.464,1.037,4.806e-16,prime,1
1455,1,z:ilp,nat-oop,13677,14261,5.589,1.043,5.529e-16,prime,0
1455,1,z:ilp,nat-oop,10223,14237,7.477,1.393,5.529e-16,prime,1
1456,1,z:ilp,nat-oop,1749,5829,43.736,3.333,6.040e-16,chain3,0
1456,1,z:ilp,nat-oop,1675,5855,45.658,3.495,6.040e-16,chain3,1
1457,1,z:ilp,nat-oop,5240,11471,14.609,2.189,5.860e-16,2p,0
1457,1,z:ilp,nat-oop,5179,11647,14.782,2.249,5.860e-16,2p,1
1458,1,z:ilp,nat-oop,2548,5136,30.075,2.016,4.713e-16,chain3,0
1458,1,z:ilp,nat-oop,3098,5127,24.728,1.655,4.713e-16,chain3,1
1459,1,z:ilp,nat-oop,8783,10708,8.730,1.219,1.117e-15,prime,0
1459,1,z:ilp,nat-oop,9576,10751,8.007,1.123,1.117e-15,prime,1
1460,1,z:ilp,nat-oop,10445,13443,7.347,1.287,4.466e-16,prime,0
1460,1,z:ilp,nat-oop,10435,13573,7.354,1.301,4.466e-16,prime,1
1461,1,z:ilp,nat-oop,10492,10694,7.319,1.019,5.894e-16,prime,0
1461,1,z:ilp,nat-oop,10471,10709,7.334,1.023,5.894e-16,prime,1
1462,1,z:ilp,nat-oop,3923,9521,19.593,2.427,1.025e-15,flat,0
1462,1,z:ilp,nat-oop,3964,9645,19.388,2.433,1.025e-15,flat,1
1463,1,z:ilp,nat-oop,2562,5647,30.024,2.204,4.817e-16,chain3,0
1463,1,z:ilp,nat-oop,2603,5517,29.552,2.120,4.817e-16,chain3,1
1464,1,z:ilp,nat-oop,10549,11981,7.297,1.136,5.552e-16,prime,0
1464,1,z:ilp,nat-oop,10192,11977,7.552,1.175,5.552e-16,prime,1
1465,1,z:ilp,nat-oop,10253,10653,7.514,1.039,7.566e-16,prime,0
1465,1,z:ilp,nat-oop,10369,10670,7.429,1.029,7.566e-16,prime,1
1466,1,z:ilp,nat-oop,10441,10638,7.384,1.019,6.456e-16,prime,0
1466,1,z:ilp,nat-oop,10248,10649,7.523,1.039,6.456e-16,prime,1
1467,1,z:ilp,nat-oop,10464,10661,7.374,1.019,5.814e-16,prime,0
1467,1,z:ilp,nat-oop,10387,10669,7.428,1.027,5.814e-16,prime,1
1468,1,z:ilp,nat-oop,10452,10689,7.387,1.023,5.209e-16,prime,0
1468,1,z:ilp,nat-oop,10418,10696,7.412,1.027,5.209e-16,prime,1
1469,1,z:ilp,nat-oop,10473,10716,7.379,1.023,5.494e-16,prime,0
1469,1,z:ilp,nat-oop,10255,10770,7.535,1.050,5.494e-16,prime,1
1470,1,z:ilp,nat-oop,2261,4638,34.201,2.051,5.485e-16,chain3,0
1470,1,z:ilp,nat-oop,2303,4638,33.585,2.014,5.485e-16,chain3,1
1471,1,z:ilp,nat-oop,7861,11226,9.845,1.428,9.437e-16,prime,0
1471,1,z:ilp,nat-oop,7890,10639,9.809,1.348,9.437e-16,prime,1
1472,1,z:ilp,nat-oop,3042,7525,25.458,2.473,4.488e-16,2p,0
1472,1,z:ilp,nat-oop,2505,7483,30.924,2.988,4.488e-16,2p,1
1473,1,z:ilp,nat-oop,10287,10661,7.535,1.036,7.082e-16,prime,0
1473,1,z:ilp,nat-oop,10194,10637,7.604,1.044,7.082e-16,prime,1
1474,1,z:ilp,nat-oop,10183,12001,7.618,1.179,4.367e-16,prime,0
1474,1,z:ilp,nat-oop,10154,12043,7.639,1.186,4.367e-16,prime,1
1475,1,z:ilp,nat-oop,10537,9436,7.368,0.895,7.842e-16,prime,0
1475,1,z:ilp,nat-oop,10268,9419,7.561,0.917,7.842e-16,prime,1
1476,1,z:ilp,nat-oop,2936,9294,26.466,3.166,4.871e-16,chain3,0
1476,1,z:ilp,nat-oop,2944,9292,26.389,3.156,4.871e-16,chain3,1
1477,1,z:ilp,nat-oop,10321,10656,7.534,1.033,5.838e-16,prime,0
1477,1,z:ilp,nat-oop,10435,10663,7.451,1.022,5.838e-16,prime,1
1478,1,z:ilp,nat-oop,10172,10730,7.650,1.055,5.525e-16,prime,0
1478,1,z:ilp,nat-oop,10470,10706,7.432,1.023,5.525e-16,prime,1
1479,1,z:ilp,nat-oop,3390,7831,22.972,2.310,1.215e-15,flat,0
1479,1,z:ilp,nat-oop,3395,7788,22.939,2.294,1.215e-15,flat,1
1480,1,z:ilp,nat-oop,2932,8806,26.580,3.003,5.806e-16,flat,0
1480,1,z:ilp,nat-oop,3058,8854,25.486,2.895,5.806e-16,flat,1
1481,1,z:ilp,nat-oop,14363,10691,5.430,0.744,5.481e-16,prime,0
1481,1,z:ilp,nat-oop,10342,10798,7.541,1.044,5.481e-16,prime,1
1482,1,z:ilp,nat-oop,2471,6980,31.583,2.824,6.905e-16,chain3,0
1482,1,z:ilp,nat-oop,2524,6886,30.923,2.728,6.905e-16,chain3,1
1483,1,z:ilp,nat-oop,8380,10701,9.321,1.277,9.606e-16,prime,0
1483,1,z:ilp,nat-oop,7977,10666,9.792,1.337,9.606e-16,prime,1
1484,1,z:ilp,nat-oop,10348,10887,7.554,1.052,5.321e-16,prime,0
1484,1,z:ilp,nat-oop,10483,10867,7.457,1.037,5.321e-16,prime,1
1485,1,z:ilp,nat-oop,2298,5227,34.041,2.275,5.251e-16,chain3,0
1485,1,z:ilp,nat-oop,2349,5144,33.305,2.190,5.251e-16,chain3,1
1486,1,z:ilp,nat-oop,10256,10843,7.634,1.057,5.947e-16,prime,0
1486,1,z:ilp,nat-oop,10248,10685,7.639,1.043,5.947e-16,prime,1
1487,1,z:ilp,nat-oop,10291,10705,7.614,1.040,5.620e-16,prime,0
1487,1,z:ilp,nat-oop,10263,11199,7.635,1.091,5.620e-16,prime,1
1488,1,z:ilp,nat-oop,2713,8477,28.901,3.125,5.120e-16,chain3,0
1488,1,z:ilp,nat-oop,2480,8465,31.612,3.413,5.120e-16,chain3,1
1489,1,z:ilp,nat-oop,10242,10672,7.662,1.042,6.272e-16,prime,0
1489,1,z:ilp,nat-oop,10271,10803,7.640,1.052,6.272e-16,prime,1
1490,1,z:ilp,nat-oop,10310,10685,7.617,1.036,6.044e-16,prime,0
1490,1,z:ilp,nat-oop,10762,10659,7.297,0.990,6.044e-16,prime,1
1491,1,z:ilp,nat-oop,10356,11478,7.589,1.108,5.375e-16,prime,0
1491,1,z:ilp,nat-oop,10380,11448,7.571,1.103,5.375e-16,prime,1
1492,1,z:ilp,nat-oop,10209,10688,7.704,1.047,5.962e-16,prime,0
1492,1,z:ilp,nat-oop,10202,10694,7.710,1.048,5.962e-16,prime,1
1493,1,z:ilp,nat-oop,11779,10668,6.683,0.906,4.959e-16,prime,0
1493,1,z:ilp,nat-oop,10474,10659,7.515,1.018,4.959e-16,prime,1
1494,1,z:ilp,nat-oop,10474,15165,7.520,1.448,4.790e-16,prime,0
1494,1,z:ilp,nat-oop,10304,15115,7.645,1.467,4.790e-16,prime,1
1495,1,z:ilp,nat-oop,2958,6463,26.649,2.185,6.534e-16,chain3,0
1495,1,z:ilp,nat-oop,2813,6476,28.021,2.302,6.534e-16,chain3,1
1496,1,z:ilp,nat-oop,2229,7648,35.398,3.432,4.657e-16,chain3,0
1496,1,z:ilp,nat-oop,2224,7628,35.467,3.429,4.657e-16,chain3,1
1497,1,z:ilp,nat-oop,10620,10652,7.434,1.003,6.479e-16,prime,0
1497,1,z:ilp,nat-oop,10486,10705,7.529,1.021,6.479e-16,prime,1
1498,1,z:ilp,nat-oop,10268,10711,7.695,1.043,5.691e-16,prime,0
1498,1,z:ilp,nat-oop,10192,10701,7.752,1.050,5.691e-16,prime,1
1499,1,z:ilp,nat-oop,10285,10676,7.688,1.038,7.227e-16,prime,0
1499,1,z:ilp,nat-oop,10220,10668,7.737,1.044,7.227e-16,prime,1
1500,1,z:ilp,nat-oop,1845,4856,42.883,2.632,4.202e-16,chain3,0
1500,1,z:ilp,nat-oop,1866,4847,42.410,2.598,4.202e-16,chain3,1
1501,1,z:ilp,nat-oop,10286,14634,7.699,1.423,4.766e-16,prime,0
1501,1,z:ilp,nat-oop,10242,14633,7.732,1.429,4.766e-16,prime,1
1502,1,z:ilp,nat-oop,10249,11272,7.733,1.100,5.772e-16,prime,0
1502,1,z:ilp,nat-oop,10248,10699,7.733,1.044,5.772e-16,prime,1
1503,1,z:ilp,nat-oop,10526,10658,7.535,1.013,6.384e-16,prime,0
1503,1,z:ilp,nat-oop,10517,10810,7.541,1.028,6.384e-16,prime,1
1504,1,z:ilp,nat-oop,2662,10624,29.812,3.991,4.529e-16,2p,0
1504,1,z:ilp,nat-oop,2658,10716,29.862,4.032,4.529e-16,2p,1
1505,1,z:ilp,nat-oop,5436,7542,14.611,1.387,6.083e-16,chain3,0
1505,1,z:ilp,nat-oop,5566,7611,14.271,1.367,6.083e-16,chain3,1
1506,1,z:ilp,nat-oop,10454,10695,7.604,1.023,5.037e-16,prime,0
1506,1,z:ilp,nat-oop,10606,10685,7.495,1.007,5.037e-16,prime,1
1507,1,z:ilp,nat-oop,11046,10671,7.202,0.966,6.149e-16,prime,0
1507,1,z:ilp,nat-oop,10517,10655,7.564,1.013,6.149e-16,prime,1
1508,1,z:ilp,nat-oop,3365,8474,23.660,2.519,1.107e-15,flat,0
1508,1,z:ilp,nat-oop,3447,8326,23.094,2.415,1.107e-15,flat,1
1509,1,z:ilp,nat-oop,10308,10691,7.729,1.037,6.595e-16,prime,0
1509,1,z:ilp,nat-oop,10293,10656,7.740,1.035,6.595e-16,prime,1
1510,1,z:ilp,nat-oop,10326,10776,7.721,1.044,4.765e-16,prime,0
1510,1,z:ilp,nat-oop,10460,10705,7.622,1.023,4.765e-16,prime,1
1511,1,z:ilp,nat-oop,10301,10682,7.746,1.037,6.430e-16,prime,0
1511,1,z:ilp,nat-oop,10312,10683,7.738,1.036,6.430e-16,prime,1
1512,1,z:ilp,nat-oop,1920,5075,41.589,2.643,4.520e-16,chain3,0
1512,1,z:ilp,nat-oop,2072,5087,38.539,2.455,4.520e-16,chain3,1
1513,1,z:ilp,nat-oop,10288,15271,7.767,1.484,4.659e-16,prime,0
1513,1,z:ilp,nat-oop,10545,15477,7.578,1.468,4.659e-16,prime,1
1514,1,z:ilp,nat-oop,10514,10682,7.606,1.016,5.648e-16,prime,0
1514,1,z:ilp,nat-oop,10273,10789,7.785,1.050,5.648e-16,prime,1
1515,1,z:ilp,nat-oop,10424,10761,7.678,1.032,5.413e-16,prime,0
1515,1,z:ilp,nat-oop,10458,10669,7.653,1.020,5.413e-16,prime,1
1516,1,z:ilp,nat-oop,12448,10699,6.434,0.860,7.970e-16,prime,0
1516,1,z:ilp,nat-oop,10289,10690,7.784,1.039,7.970e-16,prime,1
1517,1,z:ilp,nat-oop,4874,11396,16.444,2.338,8.476e-16,2p,0
1517,1,z:ilp,nat-oop,6936,11417,11.556,1.646,8.476e-16,2p,1
1518,1,z:ilp,nat-oop,2611,7626,30.718,2.920,4.168e-16,chain3,0
1518,1,z:ilp,nat-oop,2611,7610,30.716,2.914,4.168e-16,chain3,1
1519,1,z:ilp,nat-oop,3431,6077,23.399,1.772,7.321e-16,flat,0
1519,1,z:ilp,nat-oop,3331,6097,24.100,1.831,7.321e-16,flat,1
1520,1,z:ilp,nat-oop,2401,7005,33.451,2.917,4.213e-16,chain3,0
1520,1,z:ilp,nat-oop,2155,7017,37.279,3.256,4.213e-16,chain3,1
1521,1,z:ilp,nat-oop,2496,6035,32.213,2.418,7.097e-16,chain3,0
1521,1,z:ilp,nat-oop,2455,6023,32.741,2.453,7.097e-16,chain3,1
1522,1,z:ilp,nat-oop,10470,10716,7.684,1.024,5.910e-16,prime,0
1522,1,z:ilp,nat-oop,10462,10797,7.690,1.032,5.910e-16,prime,1
1523,1,z:ilp,nat-oop,10621,10715,7.580,1.009,5.522e-16,prime,0
1523,1,z:ilp,nat-oop,10605,10940,7.592,1.032,5.522e-16,prime,1
1524,1,z:ilp,nat-oop,10517,10742,7.661,1.021,7.186e-16,prime,0
1524,1,z:ilp,nat-oop,10569,10952,7.623,1.036,7.186e-16,prime,1
1525,1,z:ilp,nat-oop,10254,9966,7.863,0.972,4.479e-16,prime,0
1525,1,z:ilp,nat-oop,10484,9956,7.691,0.950,4.479e-16,prime,1
1526,1,z:ilp,nat-oop,10297,10697,7.836,1.039,5.212e-16,prime,0
1526,1,z:ilp,nat-oop,10339,10659,7.805,1.031,5.212e-16,prime,1
1527,1,z:ilp,nat-oop,10240,10705,7.886,1.045,5.699e-16,prime,0
1527,1,z:ilp,nat-oop,10249,10684,7.879,1.042,5.699e-16,prime,1
1528,1,z:ilp,nat-oop,10353,10671,7.806,1.031,4.780e-16,prime,0
1528,1,z:ilp,nat-oop,10357,10669,7.802,1.030,4.780e-16,prime,1
1529,1,z:ilp,nat-oop,10256,10670,7.885,1.040,5.378e-16,prime,0
1529,1,z:ilp,nat-oop,10327,10670,7.831,1.033,5.378e-16,prime,1
1530,1,z:ilp,nat-oop,2392,6453,33.838,2.698,5.838e-16,chain3,0
1530,1,z:ilp,nat-oop,2281,6576,35.483,2.883,5.838e-16,chain3,1
1531,1,z:ilp,nat-oop,7179,10659,11.281,1.485,7.530e-16,prime,0
1531,1,z:ilp,nat-oop,7400,10750,10.946,1.453,7.530e-16,prime,1
1532,1,z:ilp,nat-oop,10525,10711,7.701,1.018,6.577e-16,prime,0
1532,1,z:ilp,nat-oop,10303,10718,7.867,1.040,6.577e-16,prime,1
1533,1,z:ilp,nat-oop,10304,11765,7.872,1.142,4.788e-16,prime,0
1533,1,z:ilp,nat-oop,10462,11804,7.753,1.128,4.788e-16,prime,1
1534,1,z:ilp,nat-oop,10282,11430,7.895,1.112,4.220e-16,prime,0
1534,1,z:ilp,nat-oop,10294,11585,7.886,1.125,4.220e-16,prime,1
1535,1,z:ilp,nat-oop,10332,10670,7.862,1.033,6.489e-16,prime,0
1535,1,z:ilp,nat-oop,10574,10687,7.682,1.011,6.489e-16,prime,1
1536,1,z:ilp,nat-oop,1627,5641,49.961,3.467,4.450e-16,chain3,0
1536,1,z:ilp,nat-oop,1643,5629,49.486,3.426,4.450e-16,chain3,1
1537,1,z:ilp,nat-oop,10260,12276,7.929,1.196,6.811e-16,prime,0
1537,1,z:ilp,nat-oop,10519,12241,7.734,1.164,6.811e-16,prime,1
1538,1,z:ilp,nat-oop,10528,10728,7.733,1.019,5.870e-16,prime,0
1538,1,z:ilp,nat-oop,10277,10665,7.922,1.038,5.870e-16,prime,1
1539,1,z:ilp,nat-oop,2882,6475,28.274,2.247,7.142e-16,chain3,0
1539,1,z:ilp,nat-oop,2920,6599,27.898,2.260,7.142e-16,chain3,1
1540,1,z:ilp,nat-oop,2097,5882,38.872,2.805,4.584e-16,flat,0
1540,1,z:ilp,nat-oop,2144,5849,38.027,2.728,4.584e-16,flat,1
1541,1,z:ilp,nat-oop,10471,13968,7.792,1.334,5.427e-16,prime,0
1541,1,z:ilp,nat-oop,10301,13969,7.921,1.356,5.427e-16,prime,1
1542,1,z:ilp,nat-oop,10491,10712,7.783,1.021,6.724e-16,prime,0
1542,1,z:ilp,nat-oop,10403,10855,7.849,1.044,6.724e-16,prime,1
1543,1,z:ilp,nat-oop,10566,10839,7.733,1.026,4.780e-16,prime,0
1543,1,z:ilp,nat-oop,10582,10711,7.722,1.012,4.780e-16,prime,1
1544,1,z:ilp,nat-oop,10510,10680,7.780,1.016,5.982e-16,prime,0
1544,1,z:ilp,nat-oop,10340,10690,7.908,1.034,5.982e-16,prime,1
1545,1,z:ilp,nat-oop,10500,10674,7.794,1.017,5.172e-16,prime,0
1545,1,z:ilp,nat-oop,10282,10749,7.959,1.045,5.172e-16,prime,1
1546,1,z:ilp,nat-oop,10488,10713,7.809,1.021,6.486e-16,prime,0
1546,1,z:ilp,nat-oop,10467,10701,7.824,1.022,6.486e-16,prime,1
1547,1,z:ilp,nat-oop,2827,5608,28.986,1.983,9.547e-16,flat,0
1547,1,z:ilp,nat-oop,2768,5604,29.605,2.024,9.547e-16,flat,1
1548,1,z:ilp,nat-oop,3170,10284,25.876,3.245,6.292e-16,chain3,0
1548,1,z:ilp,nat-oop,3097,10315,26.482,3.331,6.292e-16,chain3,1
1549,1,z:ilp,nat-oop,10444,10739,7.858,1.028,5.617e-16,prime,0
1549,1,z:ilp,nat-oop,10475,10728,7.835,1.024,5.617e-16,prime,1
1550,1,z:ilp,nat-oop,2912,7873,28.207,2.704,5.304e-16,chain3,0
1550,1,z:ilp,nat-oop,2933,7966,28.003,2.716,5.304e-16,chain3,1
1551,1,z:ilp,nat-oop,8369,9884,9.822,1.181,5.015e-16,chain3,0
1551,1,z:ilp,nat-oop,7638,9882,10.761,1.294,5.015e-16,chain3,1
1552,1,z:ilp,nat-oop,10555,17780,7.793,1.684,5.671e-16,prime,0
1552,1,z:ilp,nat-oop,10316,17769,7.973,1.722,5.671e-16,prime,1
1553,1,z:ilp,nat-oop,10421,10694,7.899,1.026,6.290e-16,prime,0
1553,1,z:ilp,nat-oop,10427,10712,7.894,1.027,6.290e-16,prime,1
1554,1,z:ilp,nat-oop,4127,8724,19.961,2.114,8.701e-16,flat,0
1554,1,z:ilp,nat-oop,4244,8598,19.411,2.026,8.701e-16,flat,1
1555,1,z:ilp,nat-oop,10393,10679,7.932,1.028,5.983e-16,prime,0
1555,1,z:ilp,nat-oop,10440,10664,7.896,1.021,5.983e-16,prime,1
1556,1,z:ilp,nat-oop,10516,10702,7.845,1.018,6.607e-16,prime,0
1556,1,z:ilp,nat-oop,10526,10710,7.838,1.018,6.607e-16,prime,1
1557,1,z:ilp,nat-oop,10463,10860,7.890,1.038,5.879e-16,prime,0
1557,1,z:ilp,nat-oop,10447,10719,7.903,1.026,5.879e-16,prime,1
1558,1,z:ilp,nat-oop,4362,10247,18.941,2.349,1.212e-15,flat,0
1558,1,z:ilp,nat-oop,4310,10348,19.168,2.401,1.212e-15,flat,1
1559,1,z:ilp,nat-oop,10272,10692,8.049,1.041,5.072e-16,prime,0
1559,1,z:ilp,nat-oop,10526,10684,7.855,1.015,5.072e-16,prime,1
1560,1,z:ilp,nat-oop,1886,6337,43.859,3.359,5.873e-16,chain3,0
1560,1,z:ilp,nat-oop,1895,6206,43.653,3.275,5.873e-16,chain3,1
1561,1,z:ilp,nat-oop,10496,10671,7.889,1.017,5.733e-16,prime,0
1561,1,z:ilp,nat-oop,10535,10711,7.859,1.017,5.733e-16,prime,1
1562,1,z:ilp,nat-oop,10508,13386,7.885,1.274,5.996e-16,prime,0
1562,1,z:ilp,nat-oop,10232,13394,8.098,1.309,5.996e-16,prime,1
1563,1,z:ilp,nat-oop,14399,10683,5.759,0.742,5.818e-16,prime,0
1563,1,z:ilp,nat-oop,10582,10767,7.836,1.017,5.818e-16,prime,1
1564,1,z:ilp,nat-oop,2986,8804,27.793,2.949,5.232e-16,chain3,0
1564,1,z:ilp,nat-oop,3277,8848,25.318,2.700,5.232e-16,chain3,1
1565,1,z:ilp,nat-oop,10335,10725,8.035,1.038,6.176e-16,prime,0
1565,1,z:ilp,nat-oop,10535,10679,7.883,1.014,6.176e-16,prime,1
1566,1,z:ilp,nat-oop,3590,8186,23.150,2.281,5.975e-16,chain3,0
1566,1,z:ilp,nat-oop,4611,8208,18.022,1.780,5.975e-16,chain3,1
1567,1,z:ilp,nat-oop,10288,10720,8.083,1.042,6.340e-16,prime,0
1567,1,z:ilp,nat-oop,10415,10792,7.985,1.036,6.340e-16,prime,1
1568,1,z:ilp,nat-oop,1842,5249,45.189,2.850,4.782e-16,chain3,0
1568,1,z:ilp,nat-oop,1757,5211,47.358,2.965,4.782e-16,chain3,1
1569,1,z:ilp,nat-oop,12908,10668,6.452,0.826,6.328e-16,prime,0
1569,1,z:ilp,nat-oop,10423,10682,7.990,1.025,6.328e-16,prime,1
1570,1,z:ilp,nat-oop,10308,10691,8.085,1.037,6.546e-16,prime,0
1570,1,z:ilp,nat-oop,10267,10663,8.117,1.039,6.546e-16,prime,1
1571,1,z:ilp,nat-oop,10584,10679,7.880,1.009,6.603e-16,prime,0
1571,1,z:ilp,nat-oop,10355,10702,8.054,1.034,6.603e-16,prime,1
1572,1,z:ilp,nat-oop,10551,10810,7.910,1.025,7.573e-16,prime,0
1572,1,z:ilp,nat-oop,10514,10699,7.938,1.018,7.573e-16,prime,1
1573,1,z:ilp,nat-oop,2638,6262,31.657,2.374,5.563e-16,chain3,0
1573,1,z:ilp,nat-oop,2579,6237,32.387,2.419,5.563e-16,chain3,1
1574,1,z:ilp,nat-oop,10451,10701,7.998,1.024,6.016e-16,prime,0
1574,1,z:ilp,nat-oop,10462,10697,7.989,1.022,6.016e-16,prime,1
1575,1,z:ilp,nat-oop,2422,4568,34.535,1.886,6.586e-16,flat,0
1575,1,z:ilp,nat-oop,2475,4663,33.791,1.884,6.586e-16,flat,1
1576,1,z:ilp,nat-oop,10368,10788,8.073,1.041,6.062e-16,prime,0
1576,1,z:ilp,nat-oop,10565,10653,7.923,1.008,6.062e-16,prime,1
1577,1,z:ilp,nat-oop,10500,15759,7.978,1.501,5.930e-16,prime,0
1577,1,z:ilp,nat-oop,10481,15737,7.992,1.502,5.930e-16,prime,1
1578,1,z:ilp,nat-oop,10500,10695,7.983,1.019,5.931e-16,prime,0
1578,1,z:ilp,nat-oop,10283,10696,8.151,1.040,5.931e-16,prime,1
1579,1,z:ilp,nat-oop,10518,10709,7.975,1.018,4.590e-16,prime,0
1579,1,z:ilp,nat-oop,10311,10681,8.136,1.036,4.590e-16,prime,1
1580,1,z:ilp,nat-oop,10512,15750,7.985,1.498,4.664e-16,prime,0
1580,1,z:ilp,nat-oop,10569,15689,7.943,1.485,4.664e-16,prime,1
1581,1,z:ilp,nat-oop,6421,8692,13.083,1.354,6.237e-16,chain3,0
1581,1,z:ilp,nat-oop,4841,8731,17.353,1.804,6.237e-16,chain3,1
1582,1,z:ilp,nat-oop,10300,10713,8.161,1.040,4.863e-16,prime,0
1582,1,z:ilp,nat-oop,10509,10697,7.999,1.018,4.863e-16,prime,1
1583,1,z:ilp,nat-oop,10522,10777,7.995,1.024,6.258e-16,prime,0
1583,1,z:ilp,nat-oop,10408,10739,8.083,1.032,6.258e-16,prime,1
1584,1,z:ilp,nat-oop,1992,6305,42.263,3.165,3.720e-16,chain3,0
1584,1,z:ilp,nat-oop,1805,6287,46.646,3.483,3.720e-16,chain3,1
1585,1,z:ilp,nat-oop,10477,10700,8.041,1.021,5.369e-16,prime,0
1585,1,z:ilp,nat-oop,10300,10766,8.179,1.045,5.369e-16,prime,1
1586,1,z:ilp,nat-oop,10291,12102,8.192,1.176,5.414e-16,prime,0
1586,1,z:ilp,nat-oop,10250,12191,8.225,1.189,5.414e-16,prime,1
1587,1,z:ilp,nat-oop,3887,8971,21.706,2.308,1.205e-15,flat,0
1587,1,z:ilp,nat-oop,3871,8939,21.795,2.309,1.205e-15,flat,1
1588,1,z:ilp,nat-oop,10519,10810,8.026,1.028,6.751e-16,prime,0
1588,1,z:ilp,nat-oop,10492,10696,8.047,1.019,6.751e-16,prime,1
1589,1,z:ilp,nat-oop,10323,10696,8.184,1.036,5.760e-16,prime,0
1589,1,z:ilp,nat-oop,10308,10675,8.196,1.036,5.760e-16,prime,1
1590,1,z:ilp,nat-oop,10307,11475,8.203,1.113,4.907e-16,prime,0
1590,1,z:ilp,nat-oop,10266,11453,8.236,1.116,4.907e-16,prime,1
1591,1,z:ilp,nat-oop,8019,12529,10.551,1.562,5.810e-16,2p,0
1591,1,z:ilp,nat-oop,5553,12505,15.237,2.252,5.810e-16,2p,1
1592,1,z:ilp,nat-oop,10292,10755,8.227,1.045,5.752e-16,prime,0
1592,1,z:ilp,nat-oop,10249,10694,8.261,1.043,5.752e-16,prime,1
1593,1,z:ilp,nat-oop,10334,12111,8.199,1.172,5.500e-16,prime,0
1593,1,z:ilp,nat-oop,10492,12098,8.076,1.153,5.500e-16,prime,1
1594,1,z:ilp,nat-oop,10347,10705,8.194,1.035,6.503e-16,prime,0
1594,1,z:ilp,nat-oop,10287,10788,8.242,1.049,6.503e-16,prime,1
1595,1,z:ilp,nat-oop,3554,7386,23.875,2.078,6.655e-16,flat,0
1595,1,z:ilp,nat-oop,3708,7433,22.885,2.005,6.655e-16,flat,1
1596,1,z:ilp,nat-oop,2156,7427,39.386,3.445,4.826e-16,chain3,0
1596,1,z:ilp,nat-oop,2187,7321,38.819,3.347,4.826e-16,chain3,1
1597,1,z:ilp,nat-oop,10335,10792,8.221,1.044,6.031e-16,prime,0
1597,1,z:ilp,nat-oop,10301,10715,8.249,1.040,6.031e-16,prime,1
1598,1,z:ilp,nat-oop,4487,11110,18.950,2.476,1.746e-15,flat,0
1598,1,z:ilp,nat-oop,4508,11154,18.863,2.474,1.746e-15,flat,1
1599,1,z:ilp,nat-oop,3695,9079,23.028,2.457,5.743e-16,chain3,0
1599,1,z:ilp,nat-oop,3649,9126,23.320,2.501,5.743e-16,chain3,1
1600,1,z:ilp,nat-oop,1735,5325,49.070,3.068,3.381e-16,chain3,0
1600,1,z:ilp,nat-oop,1727,5316,49.308,3.078,3.381e-16,chain3,1
1601,1,z:ilp,nat-oop,6270,10716,13.591,1.709,5.810e-16,prime,0
1601,1,z:ilp,nat-oop,6390,10731,13.336,1.680,5.810e-16,prime,1
1602,1,z:ilp,nat-oop,10512,16900,8.112,1.608,4.578e-16,prime,0
1602,1,z:ilp,nat-oop,10268,17025,8.304,1.658,4.578e-16,prime,1
1603,1,z:ilp,nat-oop,10507,10735,8.121,1.022,5.030e-16,prime,0
1603,1,z:ilp,nat-oop,11662,10741,7.317,0.921,5.030e-16,prime,1
1604,1,z:ilp,nat-oop,10485,10712,8.144,1.022,4.034e-16,prime,0
1604,1,z:ilp,nat-oop,10468,10745,8.158,1.026,4.034e-16,prime,1
1605,1,z:ilp,nat-oop,10290,10705,8.305,1.040,5.345e-16,prime,0
1605,1,z:ilp,nat-oop,10338,10723,8.266,1.037,5.345e-16,prime,1
1606,1,z:ilp,nat-oop,10197,13850,8.386,1.358,5.571e-16,prime,0
1606,1,z:ilp,nat-oop,10452,13804,8.182,1.321,5.571e-16,prime,1
1607,1,z:ilp,nat-oop,10340,10751,8.276,1.040,4.800e-16,prime,0
1607,1,z:ilp,nat-oop,10465,10722,8.177,1.025,4.800e-16,prime,1
1608,1,z:ilp,nat-oop,10505,14149,8.152,1.347,5.206e-16,prime,0
1608,1,z:ilp,nat-oop,10396,14191,8.237,1.365,5.206e-16,prime,1
1609,1,z:ilp,nat-oop,10329,10740,8.296,1.040,7.075e-16,prime,0
1609,1,z:ilp,nat-oop,10503,10721,8.159,1.021,7.075e-16,prime,1
1610,1,z:ilp,nat-oop,2597,6536,33.018,2.517,4.867e-16,chain3,0
1610,1,z:ilp,nat-oop,2602,6562,32.952,2.521,4.867e-16,chain3,1
1611,1,z:ilp,nat-oop,10327,10744,8.310,1.040,6.025e-16,prime,0
1611,1,z:ilp,nat-oop,10235,10726,8.384,1.048,6.025e-16,prime,1
1612,1,z:ilp,nat-oop,3766,9470,22.802,2.514,8.949e-16,flat,0
1612,1,z:ilp,nat-oop,3738,9444,22.977,2.527,8.949e-16,flat,1
1613,1,z:ilp,nat-oop,10505,10730,8.180,1.021,3.961e-16,prime,0
1613,1,z:ilp,nat-oop,10488,10699,8.194,1.020,3.961e-16,prime,1
1614,1,z:ilp,nat-oop,10312,10732,8.339,1.041,4.812e-16,prime,0
1614,1,z:ilp,nat-oop,10510,10731,8.182,1.021,4.812e-16,prime,1
1615,1,z:ilp,nat-oop,3435,7077,25.053,2.060,6.144e-16,chain3,0
1615,1,z:ilp,nat-oop,3629,7120,23.714,1.962,6.144e-16,chain3,1
1616,1,z:ilp,nat-oop,10355,10689,8.316,1.032,4.936e-16,prime,0
1616,1,z:ilp,nat-oop,10596,10714,8.128,1.011,4.936e-16,prime,1
1617,1,z:ilp,nat-oop,2852,5437,30.212,1.906,5.510e-16,chain3,0
1617,1,z:ilp,nat-oop,2855,5454,30.190,1.911,5.510e-16,chain3,1
1618,1,z:ilp,nat-oop,10607,10747,8.130,1.013,4.870e-16,prime,0
1618,1,z:ilp,nat-oop,10382,10745,8.307,1.035,4.870e-16,prime,1
1619,1,z:ilp,nat-oop,10395,11120,8.302,1.070,6.175e-16,prime,0
1619,1,z:ilp,nat-oop,10451,10725,8.257,1.026,6.175e-16,prime,1
1620,1,z:ilp,nat-oop,1893,5506,45.614,2.908,6.446e-16,chain3,0
1620,1,z:ilp,nat-oop,1887,5500,45.765,2.915,6.446e-16,chain3,1
1621,1,z:ilp,nat-oop,10331,10727,8.365,1.038,5.332e-16,prime,0
1621,1,z:ilp,nat-oop,10321,10763,8.373,1.043,5.332e-16,prime,1
1622,1,z:ilp,nat-oop,10409,10752,8.308,1.033,6.184e-16,prime,0
1622,1,z:ilp,nat-oop,12385,10709,6.983,0.865,6.184e-16,prime,1
1623,1,z:ilp,nat-oop,10449,10719,8.282,1.026,5.645e-16,prime,0
1623,1,z:ilp,nat-oop,10499,10771,8.243,1.026,5.645e-16,prime,1
1624,1,z:ilp,nat-oop,2967,8648,29.186,2.914,5.751e-16,flat,0
1624,1,z:ilp,nat-oop,4000,8649,21.651,2.162,5.751e-16,flat,1
1625,1,z:ilp,nat-oop,2585,5471,33.526,2.116,6.583e-16,flat,0
1625,1,z:ilp,nat-oop,2565,5438,33.782,2.120,6.583e-16,flat,1
1626,1,z:ilp,nat-oop,10523,11809,8.241,1.122,5.353e-16,prime,0
1626,1,z:ilp,nat-oop,10386,10683,8.350,1.029,5.353e-16,prime,1
1627,1,z:ilp,nat-oop,10489,10752,8.274,1.025,5.917e-16,prime,0
1627,1,z:ilp,nat-oop,12011,10778,7.225,0.897,5.917e-16,prime,1
1628,1,z:ilp,nat-oop,4730,10073,18.360,2.130,4.846e-16,chain3,0
1628,1,z:ilp,nat-oop,4809,10100,18.057,2.100,4.846e-16,chain3,1
1629,1,z:ilp,nat-oop,10518,10747,8.262,1.022,5.785e-16,prime,0
1629,1,z:ilp,nat-oop,10522,10725,8.260,1.019,5.785e-16,prime,1
1630,1,z:ilp,nat-oop,14399,10754,6.040,0.747,5.504e-16,prime,0
1630,1,z:ilp,nat-oop,10390,10753,8.370,1.035,5.504e-16,prime,1
1631,1,z:ilp,nat-oop,10462,10828,8.318,1.035,5.334e-16,prime,0
1631,1,z:ilp,nat-oop,10299,10736,8.450,1.042,5.334e-16,prime,1
1632,1,z:ilp,nat-oop,2076,7133,41.948,3.436,4.809e-16,chain3,0
1632,1,z:ilp,nat-oop,2091,7258,41.651,3.471,4.809e-16,chain3,1
1633,1,z:ilp,nat-oop,10533,15575,8.273,1.479,5.927e-16,prime,0
1633,1,z:ilp,nat-oop,10509,15471,8.292,1.472,5.927e-16,prime,1
1634,1,z:ilp,nat-oop,4501,11337,19.374,2.519,8.663e-16,flat,0
1634,1,z:ilp,nat-oop,4413,11222,19.762,2.543,8.663e-16,flat,1
1635,1,z:ilp,nat-oop,10299,10826,8.474,1.051,5.736e-16,prime,0
1635,1,z:ilp,nat-oop,10392,10712,8.398,1.031,5.736e-16,prime,1
1636,1,z:ilp,nat-oop,10566,11029,8.265,1.044,4.992e-16,prime,0
1636,1,z:ilp,nat-oop,10294,10764,8.484,1.046,4.992e-16,prime,1
1637,1,z:ilp,nat-oop,10437,10743,8.373,1.029,5.066e-16,prime,0
1637,1,z:ilp,nat-oop,10380,10829,8.419,1.043,5.066e-16,prime,1
1638,1,z:ilp,nat-oop,2768,6396,31.599,2.311,5.671e-16,chain3,0
1638,1,z:ilp,nat-oop,2686,6380,32.555,2.375,5.671e-16,chain3,1
1639,1,z:ilp,nat-oop,10413,10764,8.404,1.034,5.166e-16,prime,0
1639,1,z:ilp,nat-oop,10439,10834,8.383,1.038,5.166e-16,prime,1
1640,1,z:ilp,nat-oop,3269,10262,26.789,3.139,8.067e-16,flat,0
1640,1,z:ilp,nat-oop,3621,10267,24.184,2.835,8.067e-16,flat,1
1641,1,z:ilp,nat-oop,10315,10710,8.496,1.038,5.780e-16,prime,0
1641,1,z:ilp,nat-oop,10385,10683,8.438,1.029,5.780e-16,prime,1
1642,1,z:ilp,nat-oop,10319,10836,8.498,1.050,5.167e-16,prime,0
1642,1,z:ilp,nat-oop,10352,10739,8.471,1.037,5.167e-16,prime,1
1643,1,z:ilp,nat-oop,10591,13626,8.286,1.287,4.969e-16,prime,0
1643,1,z:ilp,nat-oop,10495,13569,8.361,1.293,4.969e-16,prime,1
1644,1,z:ilp,nat-oop,10542,10773,8.330,1.022,4.503e-16,prime,0
1644,1,z:ilp,nat-oop,10343,10755,8.490,1.040,4.503e-16,prime,1
1645,1,z:ilp,nat-oop,4552,9025,19.304,1.983,5.634e-16,flat,0
1645,1,z:ilp,nat-oop,3801,8985,23.120,2.364,5.634e-16,flat,1
1646,1,z:ilp,nat-oop,10334,10698,8.509,1.035,5.626e-16,prime,0
1646,1,z:ilp,nat-oop,10513,10724,8.365,1.020,5.626e-16,prime,1
1647,1,z:ilp,nat-oop,10334,12987,8.515,1.257,5.720e-16,prime,0
1647,1,z:ilp,nat-oop,10526,12842,8.360,1.220,5.720e-16,prime,1
1648,1,z:ilp,nat-oop,10575,10738,8.327,1.015,5.551e-16,prime,0
1648,1,z:ilp,nat-oop,10330,10765,8.525,1.042,5.551e-16,prime,1
1649,1,z:ilp,nat-oop,10359,17954,8.506,1.733,5.663e-16,prime,0
1649,1,z:ilp,nat-oop,10508,17919,8.385,1.705,5.663e-16,prime,1
1650,1,z:ilp,nat-oop,2243,6160,39.305,2.746,4.270e-16,chain3,0
1650,1,z:ilp,nat-oop,2433,6231,36.245,2.561,4.270e-16,chain3,1
1651,1,z:ilp,nat-oop,10547,10778,8.366,1.022,5.596e-16,prime,0
1651,1,z:ilp,nat-oop,13357,10713,6.606,0.802,5.596e-16,prime,1
1652,1,z:ilp,nat-oop,10400,13117,8.490,1.261,4.178e-16,prime,0
1652,1,z:ilp,nat-oop,10351,13114,8.531,1.267,4.178e-16,prime,1
1653,1,z:ilp,nat-oop,5405,9128,16.347,1.689,5.448e-16,chain3,0
1653,1,z:ilp,nat-oop,3828,9114,23.083,2.381,5.448e-16,chain3,1
1654,1,z:ilp,nat-oop,10479,10738,8.438,1.025,4.914e-16,prime,0
1654,1,z:ilp,nat-oop,10398,10745,8.504,1.033,4.914e-16,prime,1
1655,1,z:ilp,nat-oop,10369,10868,8.533,1.048,5.560e-16,prime,0
1655,1,z:ilp,nat-oop,10308,10779,8.584,1.046,5.560e-16,prime,1
1656,1,z:ilp,nat-oop,2497,8324,35.453,3.333,5.711e-16,chain3,0
1656,1,z:ilp,nat-oop,2538,8325,34.880,3.280,5.711e-16,chain3,1
1657,1,z:ilp,nat-oop,10348,10827,8.562,1.046,5.508e-16,prime,0
1657,1,z:ilp,nat-oop,10322,10709,8.584,1.038,5.508e-16,prime,1
1658,1,z:ilp,nat-oop,10624,10751,8.345,1.012,5.568e-16,prime,0
1658,1,z:ilp,nat-oop,10335,10750,8.579,1.040,5.568e-16,prime,1
1659,1,z:ilp,nat-oop,10509,14009,8.443,1.333,4.933e-16,prime,0
1659,1,z:ilp,nat-oop,10570,13958,8.394,1.321,4.933e-16,prime,1
1660,1,z:ilp,nat-oop,10422,16848,8.519,1.617,6.097e-16,prime,0
1660,1,z:ilp,nat-oop,10461,17086,8.487,1.633,6.097e-16,prime,1
1661,1,z:ilp,nat-oop,10457,10746,8.496,1.028,5.335e-16,prime,0
1661,1,z:ilp,nat-oop,10480,10823,8.478,1.033,5.335e-16,prime,1
1662,1,z:ilp,nat-oop,10349,10724,8.591,1.036,5.721e-16,prime,0
1662,1,z:ilp,nat-oop,10329,10693,8.607,1.035,5.721e-16,prime,1
1663,1,z:ilp,nat-oop,10588,10758,8.403,1.016,4.550e-16,prime,0
1663,1,z:ilp,nat-oop,10545,10795,8.437,1.024,4.550e-16,prime,1
1664,1,z:ilp,nat-oop,1919,6845,46.381,3.566,4.609e-16,chain3,0
1664,1,z:ilp,nat-oop,1922,6846,46.311,3.561,4.609e-16,chain3,1
1665,1,z:ilp,nat-oop,4920,9270,18.109,1.884,5.645e-16,chain3,0
1665,1,z:ilp,nat-oop,4911,9285,18.142,1.891,5.645e-16,chain3,1
1666,1,z:ilp,nat-oop,3388,5500,26.313,1.623,7.666e-16,flat,0
1666,1,z:ilp,nat-oop,3394,5579,26.266,1.644,7.666e-16,flat,1
1667,1,z:ilp,nat-oop,10483,10843,8.510,1.034,6.738e-16,prime,0
1667,1,z:ilp,nat-oop,10454,10736,8.534,1.027,6.738e-16,prime,1
1668,1,z:ilp,nat-oop,12010,10751,7.433,0.895,5.887e-16,prime,0
1668,1,z:ilp,nat-oop,10423,10751,8.565,1.032,5.887e-16,prime,1
1669,1,z:ilp,nat-oop,10598,11844,8.429,1.118,5.992e-16,prime,0
1669,1,z:ilp,nat-oop,10569,10714,8.452,1.014,5.992e-16,prime,1
1670,1,z:ilp,nat-oop,10533,10782,8.487,1.024,5.530e-16,prime,0
1670,1,z:ilp,nat-oop,10363,10738,8.626,1.036,5.530e-16,prime,1
1671,1,z:ilp,nat-oop,10517,10716,8.506,1.019,4.660e-16,prime,0
1671,1,z:ilp,nat-oop,10454,10704,8.557,1.024,4.660e-16,prime,1
1672,1,z:ilp,nat-oop,2604,9052,34.375,3.476,5.413e-16,chain3,0
1672,1,z:ilp,nat-oop,2617,9061,34.206,3.463,5.413e-16,chain3,1
1673,1,z:ilp,nat-oop,10635,10756,8.423,1.011,5.474e-16,prime,0
1673,1,z:ilp,nat-oop,10596,10778,8.454,1.017,5.474e-16,prime,1
1674,1,z:ilp,nat-oop,3970,9390,22.578,2.365,7.432e-16,flat,0
1674,1,z:ilp,nat-oop,3827,9363,23.419,2.446,7.432e-16,flat,1
1675,1,z:ilp,nat-oop,10389,12271,8.633,1.181,5.499e-16,prime,0
1675,1,z:ilp,nat-oop,10436,12127,8.595,1.162,5.499e-16,prime,1
1676,1,z:ilp,nat-oop,10567,10814,8.494,1.023,5.874e-16,prime,0
1676,1,z:ilp,nat-oop,10339,10789,8.681,1.044,5.874e-16,prime,1
1677,1,z:ilp,nat-oop,4094,10095,21.940,2.466,6.756e-16,chain3,0
1677,1,z:ilp,nat-oop,4073,10069,22.054,2.472,6.756e-16,chain3,1
1678,1,z:ilp,nat-oop,10289,10755,8.736,1.045,4.940e-16,prime,0
1678,1,z:ilp,nat-oop,10317,10728,8.711,1.040,4.940e-16,prime,1
1679,1,z:ilp,nat-oop,10563,15861,8.515,1.502,5.214e-16,prime,0
1679,1,z:ilp,nat-oop,10431,15969,8.622,1.531,5.214e-16,prime,1
1680,1,z:ilp,nat-oop,1894,5548,47.518,2.929,5.275e-16,chain3,0
1680,1,z:ilp,nat-oop,1905,5568,47.241,2.922,5.275e-16,chain3,1
1681,1,z:ilp,nat-oop,7330,13184,12.286,1.799,5.118e-16,2p,0
1681,1,z:ilp,nat-oop,7676,13339,11.733,1.738,5.118e-16,2p,1
1682,1,z:ilp,nat-oop,4291,10763,21.000,2.508,1.704e-15,flat,0
1682,1,z:ilp,nat-oop,4370,10720,20.622,2.453,1.704e-15,flat,1
1683,1,z:ilp,nat-oop,2856,7326,31.572,2.565,7.829e-16,chain3,0
1683,1,z:ilp,nat-oop,2825,7150,31.925,2.531,7.829e-16,chain3,1
1684,1,z:ilp,nat-oop,10429,10752,8.653,1.031,5.083e-16,prime,0
1684,1,z:ilp,nat-oop,10459,10790,8.629,1.032,5.083e-16,prime,1
1685,1,z:ilp,nat-oop,10332,10842,8.741,1.049,5.244e-16,prime,0
1685,1,z:ilp,nat-oop,10367,10782,8.710,1.040,5.244e-16,prime,1
1686,1,z:ilp,nat-oop,10294,10806,8.779,1.050,6.475e-16,prime,0
1686,1,z:ilp,nat-oop,10544,10774,8.570,1.022,6.475e-16,prime,1
1687,1,z:ilp,nat-oop,10426,10739,8.673,1.030,6.230e-16,prime,0
1687,1,z:ilp,nat-oop,10440,10740,8.662,1.029,6.230e-16,prime,1
1688,1,z:ilp,nat-oop,10350,10748,8.743,1.038,5.197e-16,prime,0
1688,1,z:ilp,nat-oop,10351,10818,8.742,1.045,5.197e-16,prime,1
1689,1,z:ilp,nat-oop,10634,10787,8.515,1.014,5.091e-16,prime,0
1689,1,z:ilp,nat-oop,10586,10778,8.553,1.018,5.091e-16,prime,1
1690,1,z:ilp,nat-oop,2440,6852,37.134,2.808,5.876e-16,chain3,0
1690,1,z:ilp,nat-oop,2562,6846,35.365,2.672,5.876e-16,chain3,1
1691,1,z:ilp,nat-oop,10631,17682,8.528,1.663,5.879e-16,prime,0
1691,1,z:ilp,nat-oop,10546,17733,8.598,1.682,5.879e-16,prime,1
1692,1,z:ilp,nat-oop,3621,11951,25.054,3.300,5.011e-16,chain3,0
1692,1,z:ilp,nat-oop,3569,11948,25.424,3.348,5.011e-16,chain3,1
1693,1,z:ilp,nat-oop,10416,11026,8.717,1.059,6.509e-16,prime,0
1693,1,z:ilp,nat-oop,10416,10812,8.717,1.038,6.509e-16,prime,1
1694,1,z:ilp,nat-oop,3501,6497,25.951,1.856,7.904e-16,flat,0
1694,1,z:ilp,nat-oop,3431,6559,26.478,1.911,7.904e-16,flat,1
1695,1,z:ilp,nat-oop,10329,10735,8.802,1.039,6.913e-16,prime,0
1695,1,z:ilp,nat-oop,10372,10762,8.765,1.038,6.913e-16,prime,1
1696,1,z:ilp,nat-oop,10329,12726,8.807,1.232,5.264e-16,prime,0
1696,1,z:ilp,nat-oop,10361,12827,8.780,1.238,5.264e-16,prime,1
1697,1,z:ilp,nat-oop,10395,10758,8.757,1.035,5.823e-16,prime,0
1697,1,z:ilp,nat-oop,10469,10778,8.696,1.030,5.823e-16,prime,1
1698,1,z:ilp,nat-oop,10623,10783,8.575,1.015,6.037e-16,prime,0
1698,1,z:ilp,nat-oop,10373,10765,8.781,1.038,6.037e-16,prime,1
1699,1,z:ilp,nat-oop,10345,10763,8.811,1.040,5.544e-16,prime,0
1699,1,z:ilp,nat-oop,10362,10833,8.797,1.045,5.544e-16,prime,1
1700,1,z:ilp,nat-oop,2623,7290,34.778,2.779,6.097e-16,chain3,0
1700,1,z:ilp,nat-oop,2445,7193,37.308,2.942,6.097e-16,chain3,1
1701,1,z:ilp,nat-oop,2736,5129,33.357,1.874,4.680e-16,chain3,0
1701,1,z:ilp,nat-oop,2672,5143,34.156,1.924,4.680e-16,chain3,1
1702,1,z:ilp,nat-oop,4525,11519,20.184,2.545,1.501e-15,flat,0
1702,1,z:ilp,nat-oop,4511,11399,20.248,2.527,1.501e-15,flat,1
1703,1,z:ilp,nat-oop,10288,10788,8.884,1.049,6.508e-16,prime,0
1703,1,z:ilp,nat-oop,10383,10762,8.802,1.036,6.508e-16,prime,1
1704,1,z:ilp,nat-oop,10522,15976,8.692,1.518,5.432e-16,prime,0
1704,1,z:ilp,nat-oop,10549,15867,8.670,1.504,5.432e-16,prime,1
1705,1,z:ilp,nat-oop,6010,8466,15.229,1.409,5.004e-16,chain3,0
1705,1,z:ilp,nat-oop,6039,8433,15.156,1.397,5.004e-16,chain3,1
1706,1,z:ilp,nat-oop,10458,10731,8.757,1.026,6.258e-16,prime,0
1706,1,z:ilp,nat-oop,10685,10769,8.571,1.008,6.258e-16,prime,1
1707,1,z:ilp,nat-oop,10326,10839,8.875,1.050,5.040e-16,prime,0
1707,1,z:ilp,nat-oop,10522,10779,8.710,1.024,5.040e-16,prime,1
1708,1,z:ilp,nat-oop,10365,13965,8.847,1.347,4.387e-16,prime,0
1708,1,z:ilp,nat-oop,10419,13906,8.801,1.335,4.387e-16,prime,1
1709,1,z:ilp,nat-oop,10409,10817,8.816,1.039,5.475e-16,prime,0
1709,1,z:ilp,nat-oop,10472,10877,8.763,1.039,5.475e-16,prime,1
1710,1,z:ilp,nat-oop,3062,7789,29.986,2.543,5.129e-16,chain3,0
1710,1,z:ilp,nat-oop,3037,7822,30.233,2.575,5.129e-16,chain3,1
1711,1,z:ilp,nat-oop,10564,14748,8.698,1.396,5.948e-16,prime,0
1711,1,z:ilp,nat-oop,10523,14699,8.732,1.397,5.948e-16,prime,1
1712,1,z:ilp,nat-oop,10215,10826,9.001,1.060,6.758e-16,prime,0
1712,1,z:ilp,nat-oop,10618,10731,8.659,1.011,6.758e-16,prime,1
1713,1,z:ilp,nat-oop,10445,10787,8.808,1.033,5.718e-16,prime,0
1713,1,z:ilp,nat-oop,10501,10758,8.762,1.025,5.718e-16,prime,1
1714,1,z:ilp,nat-oop,13749,10778,6.696,0.784,5.889e-16,prime,0
1714,1,z:ilp,nat-oop,10602,10773,8.684,1.016,5.889e-16,prime,1
1715,1,z:ilp,nat-oop,2729,4444,33.761,1.629,4.926e-16,flat,0
1715,1,z:ilp,nat-oop,2756,4489,33.430,1.629,4.926e-16,flat,1
1716,1,z:ilp,nat-oop,2161,8290,42.665,3.837,5.981e-16,chain3,0
1716,1,z:ilp,nat-oop,2246,8267,41.052,3.681,5.981e-16,chain3,1
1717,1,z:ilp,nat-oop,10499,10766,8.787,1.025,5.386e-16,prime,0
1717,1,z:ilp,nat-oop,10496,10783,8.789,1.027,5.386e-16,prime,1
1718,1,z:ilp,nat-oop,10564,10837,8.738,1.026,4.791e-16,prime,0
1718,1,z:ilp,nat-oop,10393,10737,8.882,1.033,4.791e-16,prime,1
1719,1,z:ilp,nat-oop,10368,10748,8.910,1.037,5.234e-16,prime,0
1719,1,z:ilp,nat-oop,10558,10811,8.749,1.024,5.234e-16,prime,1
1720,1,z:ilp,nat-oop,3398,11302,27.205,3.326,5.371e-16,chain3,0
1720,1,z:ilp,nat-oop,3452,11332,26.774,3.282,5.371e-16,chain3,1
1721,1,z:ilp,nat-oop,10804,10774,8.561,0.997,5.924e-16,prime,0
1721,1,z:ilp,nat-oop,10395,10727,8.898,1.032,5.924e-16,prime,1
1722,1,z:ilp,nat-oop,3625,9935,25.532,2.741,5.445e-16,chain3,0
1722,1,z:ilp,nat-oop,3712,10058,24.935,2.710,5.445e-16,chain3,1
1723,1,z:ilp,nat-oop,10415,10779,8.892,1.035,6.805e-16,prime,0
1723,1,z:ilp,nat-oop,10412,10789,8.896,1.036,6.805e-16,prime,1
1724,1,z:ilp,nat-oop,10362,10715,8.944,1.034,5.820e-16,prime,0
1724,1,z:ilp,nat-oop,10319,10793,8.982,1.046,5.820e-16,prime,1
1725,1,z:ilp,nat-oop,3127,7898,29.654,2.525,6.933e-16,chain3,0
1725,1,z:ilp,nat-oop,3063,7763,30.273,2.534,6.933e-16,chain3,1
1726,1,z:ilp,nat-oop,10480,10868,8.855,1.037,5.850e-16,prime,0
1726,1,z:ilp,nat-oop,10520,10822,8.821,1.029,5.850e-16,prime,1
1727,1,z:ilp,nat-oop,10371,10827,8.954,1.044,6.916e-16,prime,0
1727,1,z:ilp,nat-oop,10554,10805,8.799,1.024,6.916e-16,prime,1
1728,1,z:ilp,nat-oop,1868,6342,49.756,3.396,5.625e-16,chain3,0
1728,1,z:ilp,nat-oop,1875,6347,49.570,3.386,5.625e-16,chain3,1
1729,1,z:ilp,nat-oop,3413,6886,27.245,2.018,6.430e-16,chain3,0
1729,1,z:ilp,nat-oop,3850,6907,24.150,1.794,6.430e-16,chain3,1
1730,1,z:ilp,nat-oop,10510,10872,8.853,1.034,5.597e-16,prime,0
1730,1,z:ilp,nat-oop,10421,10777,8.929,1.034,5.597e-16,prime,1
1731,1,z:ilp,nat-oop,10323,11115,9.019,1.077,5.674e-16,prime,0
1731,1,z:ilp,nat-oop,10629,10794,8.759,1.016,5.674e-16,prime,1
1732,1,z:ilp,nat-oop,10495,10740,8.877,1.023,6.129e-16,prime,0
1732,1,z:ilp,nat-oop,10586,10837,8.801,1.024,6.129e-16,prime,1
1733,1,z:ilp,nat-oop,10576,10765,8.815,1.018,5.791e-16,prime,0
1733,1,z:ilp,nat-oop,10352,10773,9.005,1.041,5.791e-16,prime,1
1734,1,z:ilp,nat-oop,3162,8803,29.502,2.784,5.270e-16,chain3,0
1734,1,z:ilp,nat-oop,3275,8529,28.488,2.605,5.270e-16,chain3,1
1735,1,z:ilp,nat-oop,10317,10774,9.048,1.044,4.859e-16,prime,0
1735,1,z:ilp,nat-oop,10534,10768,8.862,1.022,4.859e-16,prime,1
1736,1,z:ilp,nat-oop,4042,9702,23.109,2.400,6.880e-16,flat,0
1736,1,z:ilp,nat-oop,3579,9873,26.103,2.759,6.880e-16,flat,1
1737,1,z:ilp,nat-oop,10429,10793,8.963,1.035,5.457e-16,prime,0
1737,1,z:ilp,nat-oop,14452,11385,6.468,0.788,5.457e-16,prime,1
1738,1,z:ilp,nat-oop,10619,16218,8.808,1.527,5.174e-16,prime,0
1738,1,z:ilp,nat-oop,10334,16215,9.051,1.569,5.174e-16,prime,1
1739,1,z:ilp,nat-oop,4797,14436,19.509,3.009,1.933e-15,flat,0
1739,1,z:ilp,nat-oop,4674,14491,20.024,3.100,1.933e-15,flat,1
1740,1,z:ilp,nat-oop,3921,9295,23.887,2.371,5.438e-16,flat,0
1740,1,z:ilp,nat-oop,3925,9262,23.861,2.360,5.438e-16,flat,1
1741,1,z:ilp,nat-oop,10649,11276,8.801,1.059,5.480e-16,prime,0
1741,1,z:ilp,nat-oop,12823,10807,7.309,0.843,5.480e-16,prime,1
1742,1,z:ilp,nat-oop,10599,14398,8.848,1.358,4.564e-16,prime,0
1742,1,z:ilp,nat-oop,10547,14389,8.892,1.364,4.564e-16,prime,1
1743,1,z:ilp,nat-oop,10380,15128,9.040,1.457,4.076e-16,prime,0
1743,1,z:ilp,nat-oop,10599,15116,8.853,1.426,4.076e-16,prime,1
1744,1,z:ilp,nat-oop,10598,10792,8.860,1.018,7.148e-16,prime,0
1744,1,z:ilp,nat-oop,10589,10786,8.867,1.019,7.148e-16,prime,1
1745,1,z:ilp,nat-oop,10347,10821,9.081,1.046,6.336e-16,prime,0
1745,1,z:ilp,nat-oop,10355,10814,9.074,1.044,6.336e-16,prime,1
1746,1,z:ilp,nat-oop,10599,19614,8.870,1.850,4.564e-16,prime,0
1746,1,z:ilp,nat-oop,10579,19754,8.888,1.867,4.564e-16,prime,1
1747,1,z:ilp,nat-oop,10655,10787,8.830,1.012,4.769e-16,prime,0
1747,1,z:ilp,nat-oop,10603,10772,8.873,1.016,4.769e-16,prime,1
1748,1,z:ilp,nat-oop,3350,10598,28.100,3.163,4.660e-16,chain3,0
1748,1,z:ilp,nat-oop,3441,10533,27.356,3.061,4.660e-16,chain3,1
1749,1,z:ilp,nat-oop,10593,11835,8.893,1.117,4.627e-16,prime,0
1749,1,z:ilp,nat-oop,13739,11751,6.857,0.855,4.627e-16,prime,1
1750,1,z:ilp,nat-oop,3002,5082,31.397,1.693,5.726e-16,chain3,0
1750,1,z:ilp,nat-oop,3323,5133,28.363,1.545,5.726e-16,chain3,1
1751,1,z:ilp,nat-oop,10386,10785,9.082,1.038,5.069e-16,prime,0
1751,1,z:ilp,nat-oop,10374,10759,9.092,1.037,5.069e-16,prime,1
1752,1,z:ilp,nat-oop,14478,16261,6.519,1.123,5.879e-16,prime,0
1752,1,z:ilp,nat-oop,10612,16329,8.894,1.539,5.879e-16,prime,1
1753,1,z:ilp,nat-oop,10634,10764,8.882,1.012,5.050e-16,prime,0
1753,1,z:ilp,nat-oop,10359,10824,9.118,1.045,5.050e-16,prime,1
1754,1,z:ilp,nat-oop,10352,10773,9.129,1.041,5.242e-16,prime,0
1754,1,z:ilp,nat-oop,10371,10776,9.113,1.039,5.242e-16,prime,1
1755,1,z:ilp,nat-oop,2909,6425,32.514,2.209,8.831e-16,chain3,0
1755,1,z:ilp,nat-oop,3120,6373,30.315,2.043,8.831e-16,chain3,1
1756,1,z:ilp,nat-oop,10546,10784,8.973,1.023,4.829e-16,prime,0
1756,1,z:ilp,nat-oop,10621,10957,8.910,1.032,4.829e-16,prime,1
1757,1,z:ilp,nat-oop,10464,10879,9.050,1.040,4.526e-16,prime,0
1757,1,z:ilp,nat-oop,10445,10805,9.065,1.034,4.526e-16,prime,1
1758,1,z:ilp,nat-oop,10473,10784,9.048,1.030,5.256e-16,prime,0
1758,1,z:ilp,nat-oop,10432,10801,9.083,1.035,5.256e-16,prime,1
1759,1,z:ilp,nat-oop,10556,10823,8.982,1.025,4.885e-16,prime,0
1759,1,z:ilp,nat-oop,10593,10815,8.951,1.021,4.885e-16,prime,1
1760,1,z:ilp,nat-oop,2027,7029,46.811,3.468,4.683e-16,chain3,0
1760,1,z:ilp,nat-oop,2004,7003,47.336,3.494,4.683e-16,chain3,1
1761,1,z:ilp,nat-oop,10271,10810,9.243,1.052,6.704e-16,prime,0
1761,1,z:ilp,nat-oop,10414,10788,9.117,1.036,6.704e-16,prime,1
1762,1,z:ilp,nat-oop,10604,10839,8.959,1.022,5.359e-16,prime,0
1762,1,z:ilp,nat-oop,13638,10819,6.966,0.793,5.359e-16,prime,1
1763,1,z:ilp,nat-oop,6411,14360,14.827,2.240,5.969e-16,2p,0
1763,1,z:ilp,nat-oop,6461,14357,14.714,2.222,5.969e-16,2p,1
1764,1,z:ilp,nat-oop,2195,5818,43.337,2.651,5.123e-16,chain3,0
1764,1,z:ilp,nat-oop,2213,5830,42.978,2.634,5.123e-16,chain3,1
1765,1,z:ilp,nat-oop,10289,11869,9.251,1.154,4.785e-16,prime,0
1765,1,z:ilp,nat-oop,10333,10764,9.211,1.042,4.785e-16,prime,1
1766,1,z:ilp,nat-oop,10315,10903,9.233,1.057,5.114e-16,prime,0
1766,1,z:ilp,nat-oop,10594,10803,8.990,1.020,5.114e-16,prime,1
1767,1,z:ilp,nat-oop,4451,10353,21.411,2.326,4.849e-16,chain3,0
1767,1,z:ilp,nat-oop,4011,10507,23.760,2.620,4.849e-16,chain3,1
1768,1,z:ilp,nat-oop,2637,9202,36.159,3.489,6.822e-16,chain3,0
1768,1,z:ilp,nat-oop,2789,9361,34.188,3.356,6.822e-16,chain3,1
1769,1,z:ilp,nat-oop,10354,15488,9.217,1.496,5.372e-16,prime,0
1769,1,z:ilp,nat-oop,10648,15434,8.962,1.449,5.372e-16,prime,1
1770,1,z:ilp,nat-oop,10673,13866,8.946,1.299,4.175e-16,prime,0
1770,1,z:ilp,nat-oop,10383,13906,9.196,1.339,4.175e-16,prime,1
1771,1,z:ilp,nat-oop,3585,7633,26.650,2.129,8.133e-16,flat,0
1771,1,z:ilp,nat-oop,3694,7618,25.867,2.062,8.133e-16,flat,1
1772,1,z:ilp,nat-oop,10359,11087,9.230,1.070,6.113e-16,prime,0
1772,1,z:ilp,nat-oop,10408,10809,9.186,1.039,6.113e-16,prime,1
1773,1,z:ilp,nat-oop,10374,10812,9.222,1.042,4.872e-16,prime,0
1773,1,z:ilp,nat-oop,10613,10774,9.014,1.015,4.872e-16,prime,1
1774,1,z:ilp,nat-oop,10477,10801,9.138,1.031,6.709e-16,prime,0
1774,1,z:ilp,nat-oop,10582,10817,9.047,1.022,6.709e-16,prime,1
1775,1,z:ilp,nat-oop,10669,13740,8.979,1.288,5.428e-16,prime,0
1775,1,z:ilp,nat-oop,10685,13713,8.965,1.283,5.428e-16,prime,1
1776,1,z:ilp,nat-oop,3147,10808,30.459,3.434,5.039e-16,chain3,0
1776,1,z:ilp,nat-oop,3158,10788,30.353,3.416,5.039e-16,chain3,1
1777,1,z:ilp,nat-oop,10614,10825,9.037,1.020,8.573e-16,prime,0
1777,1,z:ilp,nat-oop,10573,11829,9.072,1.119,8.573e-16,prime,1
1778,1,z:ilp,nat-oop,10390,10791,9.238,1.039,6.445e-16,prime,0
1778,1,z:ilp,nat-oop,10531,10792,9.114,1.025,6.445e-16,prime,1
1779,1,z:ilp,nat-oop,10434,10832,9.204,1.038,4.707e-16,prime,0
1779,1,z:ilp,nat-oop,10430,10803,9.208,1.036,4.707e-16,prime,1
1780,1,z:ilp,nat-oop,10399,18990,9.241,1.826,4.301e-16,prime,0
1780,1,z:ilp,nat-oop,10386,19043,9.253,1.834,4.301e-16,prime,1
1781,1,z:ilp,nat-oop,10559,10860,9.107,1.029,6.083e-16,prime,0
1781,1,z:ilp,nat-oop,10518,10789,9.143,1.026,6.083e-16,prime,1
1782,1,z:ilp,nat-oop,3337,6858,28.832,2.055,5.700e-16,chain3,0
1782,1,z:ilp,nat-oop,3110,6827,30.942,2.195,5.700e-16,chain3,1
1783,1,z:ilp,nat-oop,10441,10789,9.222,1.033,5.590e-16,prime,0
1783,1,z:ilp,nat-oop,10628,10784,9.059,1.015,5.590e-16,prime,1
1784,1,z:ilp,nat-oop,10571,10803,9.114,1.022,5.607e-16,prime,0
1784,1,z:ilp,nat-oop,10387,10760,9.275,1.036,5.607e-16,prime,1
1785,1,z:ilp,nat-oop,3178,6027,30.332,1.896,6.472e-16,chain3,0
1785,1,z:ilp,nat-oop,3128,6020,30.819,1.924,6.472e-16,chain3,1
1786,1,z:ilp,nat-oop,5253,13056,18.363,2.485,1.500e-15,flat,0
1786,1,z:ilp,nat-oop,5158,13097,18.702,2.539,1.500e-15,flat,1
1787,1,z:ilp,nat-oop,10526,10799,9.170,1.026,5.782e-16,prime,0
1787,1,z:ilp,nat-oop,11928,10765,8.092,0.902,5.782e-16,prime,1
1788,1,z:ilp,nat-oop,10308,10778,9.371,1.046,6.145e-16,prime,0
1788,1,z:ilp,nat-oop,10266,10755,9.408,1.048,6.145e-16,prime,1
1789,1,z:ilp,nat-oop,10550,10813,9.161,1.025,5.649e-16,prime,0
1789,1,z:ilp,nat-oop,10628,10882,9.094,1.024,5.649e-16,prime,1
1790,1,z:ilp,nat-oop,10591,10830,9.132,1.023,5.585e-16,prime,0
1790,1,z:ilp,nat-oop,10504,10791,9.207,1.027,5.585e-16,prime,1
1791,1,z:ilp,nat-oop,10343,10812,9.357,1.045,5.734e-16,prime,0
1791,1,z:ilp,nat-oop,10636,10797,9.099,1.015,5.734e-16,prime,1
1792,1,z:ilp,nat-oop,2019,6321,47.967,3.131,2.917e-16,chain3,0
1792,1,z:ilp,nat-oop,2201,6322,43.992,2.872,2.917e-16,chain3,1
1793,1,z:ilp,nat-oop,10517,10804,9.213,1.027,4.523e-16,prime,0
1793,1,z:ilp,nat-oop,10568,10824,9.169,1.024,4.523e-16,prime,1
1794,1,z:ilp,nat-oop,3451,9426,28.097,2.731,7.323e-16,chain3,0
1794,1,z:ilp,nat-oop,3481,9413,27.853,2.704,7.323e-16,chain3,1
1795,1,z:ilp,nat-oop,10393,10795,9.335,1.039,6.492e-16,prime,0
1795,1,z:ilp,nat-oop,10576,10828,9.174,1.024,6.492e-16,prime,1
1796,1,z:ilp,nat-oop,10585,10783,9.172,1.019,6.114e-16,prime,0
1796,1,z:ilp,nat-oop,10599,11885,9.159,1.121,6.114e-16,prime,1
1797,1,z:ilp,nat-oop,10375,10779,9.363,1.039,4.910e-16,prime,0
1797,1,z:ilp,nat-oop,10377,10824,9.361,1.043,4.910e-16,prime,1
1798,1,z:ilp,nat-oop,5064,11966,19.194,2.363,2.011e-15,flat,0
1798,1,z:ilp,nat-oop,4920,12093,19.757,2.458,2.011e-15,flat,1
1799,1,z:ilp,nat-oop,10429,10814,9.326,1.037,6.313e-16,prime,0
1799,1,z:ilp,nat-oop,10586,10897,9.188,1.029,6.313e-16,prime,1
1800,1,z:ilp,nat-oop,2082,5926,46.750,2.847,4.562e-16,chain3,0
1800,1,z:ilp,nat-oop,2056,5924,47.338,2.881,4.562e-16,chain3,1
1801,1,z:ilp,nat-oop,10408,10864,9.357,1.044,5.598e-16,prime,0
1801,1,z:ilp,nat-oop,10554,10838,9.227,1.027,5.598e-16,prime,1
1802,1,z:ilp,nat-oop,10412,13298,9.359,1.277,4.732e-16,prime,0
1802,1,z:ilp,nat-oop,10349,13276,9.416,1.283,4.732e-16,prime,1
1803,1,z:ilp,nat-oop,10508,10794,9.279,1.027,5.294e-16,prime,0
1803,1,z:ilp,nat-oop,10495,12642,9.291,1.205,5.294e-16,prime,1
1804,1,z:ilp,nat-oop,3836,11713,25.433,3.053,5.197e-16,chain3,0
1804,1,z:ilp,nat-oop,3778,11776,25.825,3.117,5.197e-16,chain3,1
1805,1,z:ilp,nat-oop,4230,8667,23.080,2.049,1.338e-15,flat,0
1805,1,z:ilp,nat-oop,3878,8650,25.174,2.230,1.338e-15,flat,1
1806,1,z:ilp,nat-oop,6275,11072,15.568,1.764,5.705e-16,chain3,0
1806,1,z:ilp,nat-oop,8674,11029,11.263,1.272,5.705e-16,chain3,1
1807,1,z:ilp,nat-oop,10642,10861,9.186,1.021,5.397e-16,prime,0
1807,1,z:ilp,nat-oop,10303,10804,9.488,1.049,5.397e-16,prime,1
1808,1,z:ilp,nat-oop,10340,10809,9.459,1.045,5.232e-16,prime,0
1808,1,z:ilp,nat-oop,10341,10770,9.459,1.041,5.232e-16,prime,1
1809,1,z:ilp,nat-oop,10418,15407,9.395,1.479,5.160e-16,prime,0
1809,1,z:ilp,nat-oop,10580,15340,9.251,1.450,5.160e-16,prime,1
1810,1,z:ilp,nat-oop,10569,10969,9.267,1.038,5.424e-16,prime,0
1810,1,z:ilp,nat-oop,10570,10779,9.265,1.020,5.424e-16,prime,1
1811,1,z:ilp,nat-oop,13580,10797,7.216,0.795,5.000e-16,prime,0
1811,1,z:ilp,nat-oop,10345,10809,9.473,1.045,5.000e-16,prime,1
1812,1,z:ilp,nat-oop,10355,10820,9.469,1.045,5.431e-16,prime,0
1812,1,z:ilp,nat-oop,10608,10848,9.244,1.023,5.431e-16,prime,1
1813,1,z:ilp,nat-oop,4213,8035,23.290,1.907,4.968e-16,chain3,0
1813,1,z:ilp,nat-oop,4331,8239,22.654,1.902,4.968e-16,chain3,1
1814,1,z:ilp,nat-oop,10612,10846,9.252,1.022,6.236e-16,prime,0
1814,1,z:ilp,nat-oop,10566,10867,9.292,1.028,6.236e-16,prime,1
1815,1,z:ilp,nat-oop,2882,7092,34.087,2.461,6.085e-16,chain3,0
1815,1,z:ilp,nat-oop,2923,7098,33.615,2.429,6.085e-16,chain3,1
1816,1,z:ilp,nat-oop,10573,11688,9.298,1.105,6.336e-16,prime,0
1816,1,z:ilp,nat-oop,10349,10774,9.499,1.041,6.336e-16,prime,1
1817,1,z:ilp,nat-oop,10370,18688,9.486,1.802,5.041e-16,prime,0
1817,1,z:ilp,nat-oop,11854,18682,8.298,1.576,5.041e-16,prime,1
1818,1,z:ilp,nat-oop,10410,10801,9.455,1.038,5.885e-16,prime,0
1818,1,z:ilp,nat-oop,10374,10823,9.488,1.043,5.885e-16,prime,1
1819,1,z:ilp,nat-oop,10422,10830,9.450,1.039,6.139e-16,prime,0
1819,1,z:ilp,nat-oop,10397,10832,9.473,1.042,6.139e-16,prime,1
1820,1,z:ilp,nat-oop,2571,7168,38.331,2.788,8.081e-16,flat,0
1820,1,z:ilp,nat-oop,2588,7135,38.081,2.757,8.081e-16,flat,1
1821,1,z:ilp,nat-oop,10391,10808,9.490,1.040,5.557e-16,prime,0
1821,1,z:ilp,nat-oop,10371,10803,9.508,1.042,5.557e-16,prime,1
1822,1,z:ilp,nat-oop,10373,10788,9.512,1.040,6.301e-16,prime,0
1822,1,z:ilp,nat-oop,10394,10851,9.493,1.044,6.301e-16,prime,1
1823,1,z:ilp,nat-oop,10651,11067,9.270,1.039,5.186e-16,prime,0
1823,1,z:ilp,nat-oop,10579,10892,9.333,1.030,5.186e-16,prime,1
1824,1,z:ilp,nat-oop,2576,8554,38.350,3.320,4.806e-16,chain3,0
1824,1,z:ilp,nat-oop,2903,8653,34.027,2.980,4.806e-16,chain3,1
1825,1,z:ilp,nat-oop,10648,14137,9.284,1.328,5.159e-16,prime,0
1825,1,z:ilp,nat-oop,10366,14096,9.536,1.360,5.159e-16,prime,1
1826,1,z:ilp,nat-oop,10383,17573,9.527,1.693,5.414e-16,prime,0
1826,1,z:ilp,nat-oop,10629,17572,9.306,1.653,5.414e-16,prime,1
1827,1,z:ilp,nat-oop,4041,8457,24.492,2.093,5.991e-16,flat,0
1827,1,z:ilp,nat-oop,3945,8652,25.090,2.193,5.991e-16,flat,1
1828,1,z:ilp,nat-oop,10635,10985,9.313,1.033,4.776e-16,prime,0
1828,1,z:ilp,nat-oop,10689,11915,9.266,1.115,4.776e-16,prime,1
1829,1,z:ilp,nat-oop,13842,16319,7.160,1.179,4.841e-16,prime,0
1829,1,z:ilp,nat-oop,10401,16305,9.528,1.568,4.841e-16,prime,1
1830,1,z:ilp,nat-oop,10535,14619,9.412,1.388,5.710e-16,prime,0
1830,1,z:ilp,nat-oop,10524,14695,9.422,1.396,5.710e-16,prime,1
1831,1,z:ilp,nat-oop,10571,10871,9.386,1.028,4.900e-16,prime,0
1831,1,z:ilp,nat-oop,10584,10838,9.375,1.024,4.900e-16,prime,1
1832,1,z:ilp,nat-oop,10446,10784,9.504,1.032,5.065e-16,prime,0
1832,1,z:ilp,nat-oop,10617,10834,9.352,1.020,5.065e-16,prime,1
1833,1,z:ilp,nat-oop,4613,11919,21.537,2.584,7.703e-16,flat,0
1833,1,z:ilp,nat-oop,4751,11839,20.912,2.492,7.703e-16,flat,1
1834,1,z:ilp,nat-oop,10364,11427,9.592,1.103,6.911e-16,prime,0
1834,1,z:ilp,nat-oop,10562,10867,9.412,1.029,6.911e-16,prime,1
1835,1,z:ilp,nat-oop,10398,10812,9.567,1.040,6.267e-16,prime,0
1835,1,z:ilp,nat-oop,10418,10850,9.548,1.041,6.267e-16,prime,1
1836,1,z:ilp,nat-oop,2485,7946,40.061,3.198,6.335e-16,chain3,0
1836,1,z:ilp,nat-oop,2459,7994,40.469,3.250,6.335e-16,chain3,1
1837,1,z:ilp,nat-oop,10463,10887,9.518,1.040,7.668e-16,prime,0
1837,1,z:ilp,nat-oop,10308,10890,9.662,1.056,7.668e-16,prime,1
1838,1,z:ilp,nat-oop,10604,10834,9.398,1.022,6.141e-16,prime,0
1838,1,z:ilp,nat-oop,10614,10797,9.389,1.017,6.141e-16,prime,1
1839,1,z:ilp,nat-oop,10451,10837,9.542,1.037,5.803e-16,prime,0
1839,1,z:ilp,nat-oop,10510,10830,9.488,1.031,5.803e-16,prime,1
1840,1,z:ilp,nat-oop,2732,9266,36.526,3.392,4.632e-16,chain3,0
1840,1,z:ilp,nat-oop,2771,9208,36.011,3.323,4.632e-16,chain3,1
1841,1,z:ilp,nat-oop,10330,10822,9.665,1.048,6.323e-16,prime,0
1841,1,z:ilp,nat-oop,10621,10830,9.400,1.020,6.323e-16,prime,1
1842,1,z:ilp,nat-oop,10530,10782,9.487,1.024,5.312e-16,prime,0
1842,1,z:ilp,nat-oop,10541,11104,9.477,1.053,5.312e-16,prime,1
1843,1,z:ilp,nat-oop,10354,20720,9.655,2.001,5.682e-16,prime,0
1843,1,z:ilp,nat-oop,10582,20791,9.447,1.965,5.682e-16,prime,1
1844,1,z:ilp,nat-oop,10515,10816,9.513,1.029,4.956e-16,prime,0
1844,1,z:ilp,nat-oop,10523,10809,9.505,1.027,4.956e-16,prime,1
1845,1,z:ilp,nat-oop,4170,10874,23.999,2.607,5.903e-16,chain3,0
1845,1,z:ilp,nat-oop,4349,10838,23.013,2.492,5.903e-16,chain3,1
1846,1,z:ilp,nat-oop,10547,16242,9.495,1.540,7.232e-16,prime,0
1846,1,z:ilp,nat-oop,10565,16202,9.479,1.534,7.232e-16,prime,1
1847,1,z:ilp,nat-oop,10655,10918,9.405,1.025,5.294e-16,prime,0
1847,1,z:ilp,nat-oop,10476,10813,9.565,1.032,5.294e-16,prime,1
1848,1,z:ilp,nat-oop,3135,7334,31.989,2.340,9.105e-16,flat,0
1848,1,z:ilp,nat-oop,3143,7282,31.899,2.317,9.105e-16,flat,1
1849,1,z:ilp,nat-oop,5085,15838,19.730,3.115,1.570e-15,flat,0
1849,1,z:ilp,nat-oop,5046,15705,19.883,3.112,1.570e-15,flat,1
1850,1,z:ilp,nat-oop,3893,10117,25.785,2.599,4.725e-16,chain3,0
1850,1,z:ilp,nat-oop,3725,10414,26.953,2.796,4.725e-16,chain3,1
1851,1,z:ilp,nat-oop,10577,10846,9.498,1.025,5.776e-16,prime,0
1851,1,z:ilp,nat-oop,10405,10843,9.654,1.042,5.776e-16,prime,1
1852,1,z:ilp,nat-oop,10590,10801,9.491,1.020,5.505e-16,prime,0
1852,1,z:ilp,nat-oop,10447,10871,9.622,1.041,5.505e-16,prime,1
1853,1,z:ilp,nat-oop,10481,10831,9.596,1.033,5.484e-16,prime,0
1853,1,z:ilp,nat-oop,10487,10797,9.591,1.030,5.484e-16,prime,1
1854,1,z:ilp,nat-oop,10507,10846,9.579,1.032,5.320e-16,prime,0
1854,1,z:ilp,nat-oop,10484,10819,9.599,1.032,5.320e-16,prime,1
1855,1,z:ilp,nat-oop,10498,10836,9.593,1.032,5.503e-16,prime,0
1855,1,z:ilp,nat-oop,10704,10888,9.408,1.017,5.503e-16,prime,1
1856,1,z:ilp,nat-oop,2740,10109,36.777,3.690,4.096e-16,2p,0
1856,1,z:ilp,nat-oop,2652,10076,37.995,3.800,4.096e-16,2p,1
1857,1,z:ilp,nat-oop,10601,10806,9.510,1.019,5.577e-16,prime,0
1857,1,z:ilp,nat-oop,10422,10844,9.674,1.041,5.577e-16,prime,1
1858,1,z:ilp,nat-oop,10471,10884,9.634,1.039,4.957e-16,prime,0
1858,1,z:ilp,nat-oop,10507,10831,9.602,1.031,4.957e-16,prime,1
1859,1,z:ilp,nat-oop,3255,7640,31.016,2.347,7.251e-16,chain3,0
1859,1,z:ilp,nat-oop,3266,7611,30.911,2.331,7.251e-16,chain3,1
1860,1,z:ilp,nat-oop,3142,10536,32.151,3.354,6.080e-16,chain3,0
1860,1,z:ilp,nat-oop,3122,10614,32.353,3.400,6.080e-16,chain3,1
1861,1,z:ilp,nat-oop,10419,10797,9.700,1.036,6.681e-16,prime,0
1861,1,z:ilp,nat-oop,10619,10832,9.518,1.020,6.681e-16,prime,1
1862,1,z:ilp,nat-oop,4105,6932,24.636,1.689,7.825e-16,flat,0
1862,1,z:ilp,nat-oop,4071,7052,24.843,1.732,7.825e-16,flat,1
1863,1,z:ilp,nat-oop,3414,8619,29.640,2.525,6.227e-16,chain3,0
1863,1,z:ilp,nat-oop,3431,8655,29.496,2.523,6.227e-16,chain3,1
1864,1,z:ilp,nat-oop,10512,10782,9.632,1.026,5.479e-16,prime,0
1864,1,z:ilp,nat-oop,10524,10829,9.621,1.029,5.479e-16,prime,1
1865,1,z:ilp,nat-oop,10567,10909,9.588,1.032,4.605e-16,prime,0
1865,1,z:ilp,nat-oop,10565,10830,9.590,1.025,4.605e-16,prime,1
1866,1,z:ilp,nat-oop,10383,10801,9.764,1.040,5.198e-16,prime,0
1866,1,z:ilp,nat-oop,10617,10813,9.549,1.018,5.198e-16,prime,1
1867,1,z:ilp,nat-oop,10409,10886,9.745,1.046,5.914e-16,prime,0
1867,1,z:ilp,nat-oop,10689,10790,9.490,1.009,5.914e-16,prime,1
1868,1,z:ilp,nat-oop,10626,10787,9.552,1.015,5.611e-16,prime,0
1868,1,z:ilp,nat-oop,10669,10854,9.513,1.017,5.611e-16,prime,1
1869,1,z:ilp,nat-oop,10442,17159,9.726,1.643,5.796e-16,prime,0
1869,1,z:ilp,nat-oop,10426,17072,9.741,1.637,5.796e-16,prime,1
1870,1,z:ilp,nat-oop,2827,8143,35.944,2.880,4.995e-16,chain3,0
1870,1,z:ilp,nat-oop,2812,8314,36.145,2.957,4.995e-16,chain3,1
1871,1,z:ilp,nat-oop,10376,10796,9.800,1.041,6.060e-16,prime,0
1871,1,z:ilp,nat-oop,10605,10821,9.588,1.020,6.060e-16,prime,1
1872,1,z:ilp,nat-oop,2247,7695,45.282,3.425,6.289e-16,chain3,0
1872,1,z:ilp,nat-oop,2307,7627,44.103,3.306,6.289e-16,chain3,1
1873,1,z:ilp,nat-oop,7967,10833,12.779,1.360,1.065e-15,prime,0
1873,1,z:ilp,nat-oop,8011,10837,12.708,1.353,1.065e-15,prime,1
1874,1,z:ilp,nat-oop,10632,10835,9.582,1.019,6.043e-16,prime,0
1874,1,z:ilp,nat-oop,10648,11883,9.567,1.116,6.043e-16,prime,1
1875,1,z:ilp,nat-oop,3382,5400,30.139,1.597,6.271e-16,flat,0
1875,1,z:ilp,nat-oop,3445,5435,29.592,1.578,6.271e-16,flat,1
1876,1,z:ilp,nat-oop,10652,16476,9.575,1.547,4.165e-16,prime,0
1876,1,z:ilp,nat-oop,10404,16461,9.803,1.582,4.165e-16,prime,1
1877,1,z:ilp,nat-oop,10704,10838,9.535,1.013,6.089e-16,prime,0
1877,1,z:ilp,nat-oop,10780,10842,9.467,1.006,6.089e-16,prime,1
1878,1,z:ilp,nat-oop,10647,10831,9.591,1.017,6.413e-16,prime,0
1878,1,z:ilp,nat-oop,10401,10821,9.818,1.040,6.413e-16,prime,1
1879,1,z:ilp,nat-oop,10460,10805,9.768,1.033,5.335e-16,prime,0
1879,1,z:ilp,nat-oop,10482,10844,9.748,1.035,5.335e-16,prime,1
1880,1,z:ilp,nat-oop,4322,13261,23.658,3.069,5.813e-16,flat,0
1880,1,z:ilp,nat-oop,4315,13219,23.696,3.064,5.813e-16,flat,1
1881,1,z:ilp,nat-oop,3475,8806,29.439,2.534,6.503e-16,chain3,0
1881,1,z:ilp,nat-oop,4076,8777,25.100,2.154,6.503e-16,chain3,1
1882,1,z:ilp,nat-oop,10492,10900,9.756,1.039,4.970e-16,prime,0
1882,1,z:ilp,nat-oop,10477,10844,9.771,1.035,4.970e-16,prime,1
1883,1,z:ilp,nat-oop,10392,10821,9.856,1.041,6.431e-16,prime,0
1883,1,z:ilp,nat-oop,10422,10811,9.828,1.037,6.431e-16,prime,1
1884,1,z:ilp,nat-oop,10718,10878,9.562,1.015,6.945e-16,prime,0
1884,1,z:ilp,nat-oop,10651,10836,9.622,1.017,6.945e-16,prime,1
1885,1,z:ilp,nat-oop,7047,8900,14.551,1.263,6.935e-16,chain3,0
1885,1,z:ilp,nat-oop,4552,8948,22.529,1.966,6.935e-16,chain3,1
1886,1,z:ilp,nat-oop,5293,13208,19.387,2.496,1.502e-15,flat,0
1886,1,z:ilp,nat-oop,5396,13121,19.015,2.431,1.502e-15,flat,1
1887,1,z:ilp,nat-oop,5040,11169,20.371,2.216,6.221e-16,chain3,0
1887,1,z:ilp,nat-oop,4333,11155,23.693,2.574,6.221e-16,chain3,1
1888,1,z:ilp,nat-oop,11825,15312,8.687,1.295,4.777e-16,prime,0
1888,1,z:ilp,nat-oop,10396,15320,9.882,1.474,4.777e-16,prime,1
1889,1,z:ilp,nat-oop,10371,10810,9.912,1.042,7.691e-16,prime,0
1889,1,z:ilp,nat-oop,10415,10849,9.870,1.042,7.691e-16,prime,1
1890,1,z:ilp,nat-oop,2788,6279,36.887,2.252,5.286e-16,chain3,0
1890,1,z:ilp,nat-oop,2851,6211,36.072,2.178,5.286e-16,chain3,1
1891,1,z:ilp,nat-oop,12628,17249,8.150,1.366,6.493e-16,prime,0
1891,1,z:ilp,nat-oop,10633,17074,9.679,1.606,6.493e-16,prime,1
1892,1,z:ilp,nat-oop,4049,13030,25.433,3.218,4.103e-16,chain3,0
1892,1,z:ilp,nat-oop,4065,13245,25.332,3.258,4.103e-16,chain3,1
1893,1,z:ilp,nat-oop,13739,10845,7.500,0.789,5.677e-16,prime,0
1893,1,z:ilp,nat-oop,10724,10857,9.608,1.012,5.677e-16,prime,1
1894,1,z:ilp,nat-oop,10411,10895,9.903,1.046,5.857e-16,prime,0
1894,1,z:ilp,nat-oop,10487,10844,9.832,1.034,5.857e-16,prime,1
1895,1,z:ilp,nat-oop,10475,10822,9.849,1.033,6.356e-16,prime,0
1895,1,z:ilp,nat-oop,10415,10818,9.905,1.039,6.356e-16,prime,1
1896,1,z:ilp,nat-oop,10702,19017,9.645,1.777,5.917e-16,prime,0
1896,1,z:ilp,nat-oop,10709,19059,9.639,1.780,5.917e-16,prime,1
1897,1,z:ilp,nat-oop,10457,10826,9.877,1.035,5.912e-16,prime,0
1897,1,z:ilp,nat-oop,10396,10829,9.936,1.042,5.912e-16,prime,1
1898,1,z:ilp,nat-oop,10395,16539,9.943,1.591,5.211e-16,prime,0
1898,1,z:ilp,nat-oop,10458,16583,9.882,1.586,5.211e-16,prime,1
1899,1,z:ilp,nat-oop,10367,10817,9.975,1.043,5.942e-16,prime,0
1899,1,z:ilp,nat-oop,10661,10869,9.699,1.019,5.942e-16,prime,1
1900,1,z:ilp,nat-oop,3465,8690,29.864,2.508,5.504e-16,flat,0
1900,1,z:ilp,nat-oop,3341,8633,30.972,2.584,5.504e-16,flat,1
1901,1,z:ilp,nat-oop,10598,10853,9.769,1.024,6.635e-16,prime,0
1901,1,z:ilp,nat-oop,10498,10790,9.862,1.028,6.635e-16,prime,1
1902,1,z:ilp,nat-oop,10432,10839,9.930,1.039,5.863e-16,prime,0
1902,1,z:ilp,nat-oop,10442,10786,9.921,1.033,5.863e-16,prime,1
1903,1,z:ilp,nat-oop,10490,10801,9.881,1.030,4.690e-16,prime,0
1903,1,z:ilp,nat-oop,10431,10845,9.938,1.040,4.690e-16,prime,1
1904,1,z:ilp,nat-oop,2651,8174,39.126,3.084,5.110e-16,chain3,0
1904,1,z:ilp,nat-oop,2467,8240,42.042,3.340,5.110e-16,chain3,1
1905,1,z:ilp,nat-oop,10770,10864,9.636,1.009,6.050e-16,prime,0
1905,1,z:ilp,nat-oop,10653,10903,9.742,1.023,6.050e-16,prime,1
1906,1,z:ilp,nat-oop,10459,10821,9.928,1.035,5.232e-16,prime,0
1906,1,z:ilp,nat-oop,10424,10816,9.962,1.038,5.232e-16,prime,1
1907,1,z:ilp,nat-oop,10619,10875,9.784,1.024,5.340e-16,prime,0
1907,1,z:ilp,nat-oop,10516,10824,9.881,1.029,5.340e-16,prime,1
1908,1,z:ilp,nat-oop,10373,14309,10.022,1.379,4.590e-16,prime,0
1908,1,z:ilp,nat-oop,10427,14266,9.971,1.368,4.590e-16,prime,1
1909,1,z:ilp,nat-oop,10582,19969,9.830,1.887,5.738e-16,prime,0
1909,1,z:ilp,nat-oop,10403,20197,9.999,1.941,5.738e-16,prime,1
1910,1,z:ilp,nat-oop,10755,10818,9.678,1.006,4.923e-16,prime,0
1910,1,z:ilp,nat-oop,10765,10830,9.669,1.006,4.923e-16,prime,1
1911,1,z:ilp,nat-oop,3194,6681,32.609,2.092,5.819e-16,chain3,0
1911,1,z:ilp,nat-oop,3107,6693,33.525,2.154,5.819e-16,chain3,1
1912,1,z:ilp,nat-oop,10454,10819,9.969,1.035,5.475e-16,prime,0
1912,1,z:ilp,nat-oop,10450,10823,9.972,1.036,5.475e-16,prime,1
1913,1,z:ilp,nat-oop,13422,10897,7.769,0.812,6.324e-16,prime,0
1913,1,z:ilp,nat-oop,10601,10878,9.836,1.026,6.324e-16,prime,1
1914,1,z:ilp,nat-oop,4439,10579,23.502,2.383,2.118e-15,flat,0
1914,1,z:ilp,nat-oop,4455,10572,23.419,2.373,2.118e-15,flat,1
1915,1,z:ilp,nat-oop,10507,10822,9.936,1.030,5.833e-16,prime,0
1915,1,z:ilp,nat-oop,10488,10827,9.954,1.032,5.833e-16,prime,1
1916,1,z:ilp,nat-oop,10446,10829,10.000,1.037,6.239e-16,prime,0
1916,1,z:ilp,nat-oop,10505,10810,9.944,1.029,6.239e-16,prime,1
1917,1,z:ilp,nat-oop,10617,17295,9.845,1.629,6.445e-16,prime,0
1917,1,z:ilp,nat-oop,10437,17333,10.014,1.661,6.445e-16,prime,1
1918,1,z:ilp,nat-oop,10591,10826,9.875,1.022,4.644e-16,prime,0
1918,1,z:ilp,nat-oop,10604,10849,9.862,1.023,4.644e-16,prime,1
1919,1,z:ilp,nat-oop,10435,10842,10.028,1.039,6.224e-16,prime,0
1919,1,z:ilp,nat-oop,10388,10846,10.074,1.044,6.224e-16,prime,1
1920,1,z:ilp,nat-oop,2087,6681,50.165,3.201,4.664e-16,chain3,0
1920,1,z:ilp,nat-oop,2154,6690,48.608,3.106,4.664e-16,chain3,1
1921,1,z:ilp,nat-oop,10839,10854,9.666,1.001,5.285e-16,prime,0
1921,1,z:ilp,nat-oop,10593,10874,9.891,1.027,5.285e-16,prime,1
1922,1,z:ilp,nat-oop,5045,13442,20.777,2.664,2.226e-15,flat,0
1922,1,z:ilp,nat-oop,5399,13473,19.417,2.495,2.226e-15,flat,1
1923,1,z:ilp,nat-oop,10606,10840,9.889,1.022,5.198e-16,prime,0
1923,1,z:ilp,nat-oop,10470,10833,10.018,1.035,5.198e-16,prime,1
1924,1,z:ilp,nat-oop,4112,12228,25.524,2.974,5.096e-16,chain3,0
1924,1,z:ilp,nat-oop,4007,12270,26.195,3.062,5.096e-16,chain3,1
1925,1,z:ilp,nat-oop,3123,6368,33.631,2.039,6.719e-16,flat,0
1925,1,z:ilp,nat-oop,3084,6408,34.051,2.078,6.719e-16,flat,1
1926,1,z:ilp,nat-oop,10465,10813,10.040,1.033,4.793e-16,prime,0
1926,1,z:ilp,nat-oop,10684,10807,9.835,1.011,4.793e-16,prime,1
1927,1,z:ilp,nat-oop,5500,16544,19.114,3.008,1.656e-15,flat,0
1927,1,z:ilp,nat-oop,5346,16568,19.668,3.099,1.656e-15,flat,1
1928,1,z:ilp,nat-oop,10420,10837,10.096,1.040,7.530e-16,prime,0
1928,1,z:ilp,nat-oop,10644,10854,9.884,1.020,7.530e-16,prime,1
1929,1,z:ilp,nat-oop,10654,11893,9.880,1.116,5.681e-16,prime,0
1929,1,z:ilp,nat-oop,13669,10846,7.701,0.793,5.681e-16,prime,1
1930,1,z:ilp,nat-oop,10422,10855,10.106,1.042,6.786e-16,prime,0
1930,1,z:ilp,nat-oop,10442,10808,10.087,1.035,6.786e-16,prime,1
1931,1,z:ilp,nat-oop,10614,10867,9.929,1.024,7.153e-16,prime,0
1931,1,z:ilp,nat-oop,10664,10822,9.882,1.015,7.153e-16,prime,1
1932,1,z:ilp,nat-oop,3988,9654,26.438,2.420,5.909e-16,flat,0
1932,1,z:ilp,nat-oop,3528,9718,29.885,2.754,5.909e-16,flat,1
1933,1,z:ilp,nat-oop,10380,10845,10.165,1.045,7.998e-16,prime,0
1933,1,z:ilp,nat-oop,10425,10846,10.120,1.040,7.998e-16,prime,1
1934,1,z:ilp,nat-oop,10420,10887,10.132,1.045,6.214e-16,prime,0
1934,1,z:ilp,nat-oop,10434,10845,10.118,1.039,6.214e-16,prime,1
1935,1,z:ilp,nat-oop,4204,12132,25.126,2.886,6.194e-16,flat,0
1935,1,z:ilp,nat-oop,4546,12044,23.235,2.649,6.194e-16,flat,1
1936,1,z:ilp,nat-oop,2422,9336,43.641,3.855,3.822e-16,chain3,0
1936,1,z:ilp,nat-oop,2322,9329,45.528,4.019,3.822e-16,chain3,1
1937,1,z:ilp,nat-oop,10601,10932,9.976,1.031,5.958e-16,prime,0
1937,1,z:ilp,nat-oop,10433,10833,10.137,1.038,5.958e-16,prime,1
1938,1,z:ilp,nat-oop,3697,10498,28.620,2.839,6.154e-16,chain3,0
1938,1,z:ilp,nat-oop,3708,10202,28.538,2.751,6.154e-16,chain3,1
1939,1,z:ilp,nat-oop,10416,10831,10.165,1.040,6.398e-16,prime,0
1939,1,z:ilp,nat-oop,10645,10855,9.947,1.020,6.398e-16,prime,1
1940,1,z:ilp,nat-oop,10549,22159,10.043,2.101,5.706e-16,prime,0
1940,1,z:ilp,nat-oop,10604,22032,9.991,2.078,5.706e-16,prime,1
1941,1,z:ilp,nat-oop,10622,10852,9.980,1.022,6.013e-16,prime,0
1941,1,z:ilp,nat-oop,10672,10850,9.933,1.017,6.013e-16,prime,1
1942,1,z:ilp,nat-oop,10528,10849,10.074,1.030,5.461e-16,prime,0
1942,1,z:ilp,nat-oop,10438,10866,10.161,1.041,5.461e-16,prime,1
1943,1,z:ilp,nat-oop,10732,18355,9.889,1.710,7.581e-16,prime,0
1943,1,z:ilp,nat-oop,10582,18245,10.029,1.724,7.581e-16,prime,1
1944,1,z:ilp,nat-oop,3395,7185,31.277,2.116,5.302e-16,chain3,0
1944,1,z:ilp,nat-oop,2957,7138,35.906,2.414,5.302e-16,chain3,1
1945,1,z:ilp,nat-oop,10611,10833,10.014,1.021,5.984e-16,prime,0
1945,1,z:ilp,nat-oop,10583,10843,10.040,1.025,5.984e-16,prime,1
1946,1,z:ilp,nat-oop,10433,10904,10.190,1.045,5.091e-16,prime,0
1946,1,z:ilp,nat-oop,10440,10871,10.184,1.041,5.091e-16,prime,1
1947,1,z:ilp,nat-oop,10663,14303,9.976,1.341,6.311e-16,prime,0
1947,1,z:ilp,nat-oop,10430,14351,10.199,1.376,6.311e-16,prime,1
1948,1,z:ilp,nat-oop,10464,10864,10.172,1.038,6.594e-16,prime,0
1948,1,z:ilp,nat-oop,10709,10859,9.939,1.014,6.594e-16,prime,1
1949,1,z:ilp,nat-oop,10652,10885,9.998,1.022,6.684e-16,prime,0
1949,1,z:ilp,nat-oop,10473,10859,10.169,1.037,6.684e-16,prime,1
1950,1,z:ilp,nat-oop,3697,7457,28.825,2.017,5.448e-16,chain3,0
1950,1,z:ilp,nat-oop,3137,7454,33.968,2.376,5.448e-16,chain3,1
1951,1,z:ilp,nat-oop,10449,10868,10.204,1.040,6.163e-16,prime,0
1951,1,z:ilp,nat-oop,10622,10853,10.038,1.022,6.163e-16,prime,1
1952,1,z:ilp,nat-oop,10539,16142,10.122,1.532,5.899e-16,prime,0
1952,1,z:ilp,nat-oop,10532,16210,10.129,1.539,5.899e-16,prime,1
1953,1,z:ilp,nat-oop,4461,9628,23.930,2.158,7.623e-16,flat,0
1953,1,z:ilp,nat-oop,4561,9709,23.406,2.129,7.623e-16,flat,1
1954,1,z:ilp,nat-oop,10637,10881,10.041,1.023,5.286e-16,prime,0
1954,1,z:ilp,nat-oop,10471,10863,10.200,1.037,5.286e-16,prime,1
1955,1,z:ilp,nat-oop,5327,9435,20.060,1.771,6.189e-16,chain3,0
1955,1,z:ilp,nat-oop,5694,9477,18.770,1.664,6.189e-16,chain3,1
1956,1,z:ilp,nat-oop,10635,10842,10.055,1.019,6.565e-16,prime,0
1956,1,z:ilp,nat-oop,10649,10837,10.042,1.018,6.565e-16,prime,1
1957,1,z:ilp,nat-oop,10659,10856,10.038,1.018,6.167e-16,prime,0
1957,1,z:ilp,nat-oop,10633,10865,10.063,1.022,6.167e-16,prime,1
1958,1,z:ilp,nat-oop,10465,19716,10.230,1.884,6.012e-16,prime,0
1958,1,z:ilp,nat-oop,10704,19688,10.001,1.839,6.012e-16,prime,1
1959,1,z:ilp,nat-oop,10426,10865,10.274,1.042,4.928e-16,prime,0
1959,1,z:ilp,nat-oop,10632,10921,10.075,1.027,4.928e-16,prime,1
1960,1,z:ilp,nat-oop,3015,6423,35.550,2.131,4.612e-16,flat,0
1960,1,z:ilp,nat-oop,3018,6383,35.508,2.115,4.612e-16,flat,1
1961,1,z:ilp,nat-oop,10640,17186,10.079,1.615,5.773e-16,prime,0
1961,1,z:ilp,nat-oop,10667,17107,10.053,1.604,5.773e-16,prime,1
1962,1,z:ilp,nat-oop,10447,11066,10.271,1.059,6.021e-16,prime,0
1962,1,z:ilp,nat-oop,10714,10980,10.015,1.025,6.021e-16,prime,1
1963,1,z:ilp,nat-oop,10444,10841,10.280,1.038,7.230e-16,prime,0
1963,1,z:ilp,nat-oop,10756,10979,9.982,1.021,7.230e-16,prime,1
1964,1,z:ilp,nat-oop,10513,10897,10.218,1.036,5.271e-16,prime,0
1964,1,z:ilp,nat-oop,10519,10821,10.213,1.029,5.271e-16,prime,1
1965,1,z:ilp,nat-oop,10712,10938,10.034,1.021,6.637e-16,prime,0
1965,1,z:ilp,nat-oop,10483,10884,10.254,1.038,6.637e-16,prime,1
1966,1,z:ilp,nat-oop,10628,10899,10.119,1.025,5.564e-16,prime,0
1966,1,z:ilp,nat-oop,10666,10910,10.083,1.023,5.564e-16,prime,1
1967,1,z:ilp,nat-oop,10466,10945,10.282,1.046,5.015e-16,prime,0
1967,1,z:ilp,nat-oop,10488,10854,10.261,1.035,5.015e-16,prime,1
1968,1,z:ilp,nat-oop,4063,12502,26.500,3.077,5.973e-16,flat,0
1968,1,z:ilp,nat-oop,4089,12545,26.331,3.068,5.973e-16,flat,1
1969,1,z:ilp,nat-oop,10655,10929,10.111,1.026,5.879e-16,prime,0
1969,1,z:ilp,nat-oop,10462,10863,10.298,1.038,5.879e-16,prime,1
1970,1,z:ilp,nat-oop,10703,10903,10.072,1.019,5.528e-16,prime,0
1970,1,z:ilp,nat-oop,10580,10858,10.189,1.026,5.528e-16,prime,1
1971,1,z:ilp,nat-oop,10687,17680,10.093,1.654,5.242e-16,prime,0
1971,1,z:ilp,nat-oop,10406,17727,10.365,1.704,5.242e-16,prime,1
1972,1,z:ilp,nat-oop,4515,12119,23.902,2.684,9.941e-16,flat,0
1972,1,z:ilp,nat-oop,5304,12160,20.347,2.293,9.941e-16,flat,1
1973,1,z:ilp,nat-oop,10465,10981,10.319,1.049,8.026e-16,prime,0
1973,1,z:ilp,nat-oop,10665,10914,10.125,1.023,8.026e-16,prime,1
1974,1,z:ilp,nat-oop,4515,12956,23.930,2.870,5.689e-16,chain3,0
1974,1,z:ilp,nat-oop,4547,13005,23.762,2.860,5.689e-16,chain3,1
1975,1,z:ilp,nat-oop,10492,16667,10.304,1.588,4.782e-16,prime,0
1975,1,z:ilp,nat-oop,10532,16585,10.264,1.575,4.782e-16,prime,1
1976,1,z:ilp,nat-oop,3101,11003,34.881,3.548,7.739e-16,chain3,0
1976,1,z:ilp,nat-oop,3179,10877,34.026,3.421,7.739e-16,chain3,1
1977,1,z:ilp,nat-oop,10488,10866,10.319,1.036,6.932e-16,prime,0
1977,1,z:ilp,nat-oop,10649,10863,10.163,1.020,6.932e-16,prime,1
1978,1,z:ilp,nat-oop,5601,14488,19.336,2.587,1.674e-15,flat,0
1978,1,z:ilp,nat-oop,5509,14569,19.657,2.644,1.674e-15,flat,1
1979,1,z:ilp,nat-oop,10613,10860,10.210,1.023,4.459e-16,prime,0
1979,1,z:ilp,nat-oop,10910,10921,9.932,1.001,4.459e-16,prime,1
1980,1,z:ilp,nat-oop,2447,7943,44.307,3.246,5.531e-16,chain3,0
1980,1,z:ilp,nat-oop,2453,7922,44.205,3.230,5.531e-16,chain3,1
1981,1,z:ilp,nat-oop,10458,10857,10.373,1.038,7.855e-16,prime,0
1981,1,z:ilp,nat-oop,10463,10830,10.368,1.035,7.855e-16,prime,1
1982,1,z:ilp,nat-oop,10684,10881,10.160,1.018,5.121e-16,prime,0
1982,1,z:ilp,nat-oop,10493,10850,10.345,1.034,5.121e-16,prime,1
1983,1,z:ilp,nat-oop,10686,10867,10.164,1.017,6.139e-16,prime,0
1983,1,z:ilp,nat-oop,10496,10868,10.347,1.035,6.139e-16,prime,1
1984,1,z:ilp,nat-oop,2905,11464,37.403,3.946,5.272e-16,2p,0
1984,1,z:ilp,nat-oop,2928,11437,37.116,3.906,5.272e-16,2p,1
1985,1,z:ilp,nat-oop,10455,10867,10.400,1.039,5.773e-16,prime,0
1985,1,z:ilp,nat-oop,10632,10867,10.226,1.022,5.773e-16,prime,1
1986,1,z:ilp,nat-oop,10433,10866,10.427,1.041,6.327e-16,prime,0
1986,1,z:ilp,nat-oop,10631,10888,10.233,1.024,6.327e-16,prime,1
1987,1,z:ilp,nat-oop,10644,10875,10.227,1.022,6.415e-16,prime,0
1987,1,z:ilp,nat-oop,11818,10898,9.211,0.922,6.415e-16,prime,1
1988,1,z:ilp,nat-oop,10440,18392,10.432,1.762,4.628e-16,prime,0
1988,1,z:ilp,nat-oop,10690,18502,10.189,1.731,4.628e-16,prime,1
1989,1,z:ilp,nat-oop,3727,8836,29.241,2.371,6.909e-16,chain3,0
1989,1,z:ilp,nat-oop,3665,8906,29.738,2.430,6.909e-16,chain3,1
1990,1,z:ilp,nat-oop,10582,10865,10.304,1.027,5.186e-16,prime,0
1990,1,z:ilp,nat-oop,10590,10889,10.296,1.028,5.186e-16,prime,1
1991,1,z:ilp,nat-oop,10471,11059,10.419,1.056,6.900e-16,prime,0
1991,1,z:ilp,nat-oop,10427,10865,10.463,1.042,6.900e-16,prime,1
1992,1,z:ilp,nat-oop,10544,20560,10.353,1.950,4.995e-16,prime,0
1992,1,z:ilp,nat-oop,10600,20631,10.299,1.946,4.995e-16,prime,1
1993,1,z:ilp,nat-oop,10583,10907,10.321,1.031,7.305e-16,prime,0
1993,1,z:ilp,nat-oop,10558,10853,10.345,1.028,7.305e-16,prime,1
1994,1,z:ilp,nat-oop,10569,10922,10.340,1.033,4.747e-16,prime,0
1994,1,z:ilp,nat-oop,10486,10879,10.423,1.038,4.747e-16,prime,1
1995,1,z:ilp,nat-oop,4781,7506,22.873,1.570,5.074e-16,chain3,0
1995,1,z:ilp,nat-oop,4160,7442,26.286,1.789,5.074e-16,chain3,1
1996,1,z:ilp,nat-oop,10473,10892,10.447,1.040,6.285e-16,prime,0
1996,1,z:ilp,nat-oop,10761,10942,10.167,1.017,6.285e-16,prime,1
1997,1,z:ilp,nat-oop,10666,11056,10.263,1.036,5.932e-16,prime,0
1997,1,z:ilp,nat-oop,10456,11191,10.469,1.070,5.932e-16,prime,1
1998,1,z:ilp,nat-oop,5703,12009,19.207,2.106,5.834e-16,chain3,0
1998,1,z:ilp,nat-oop,5623,11990,19.479,2.132,5.834e-16,chain3,1
1999,1,z:ilp,nat-oop,10710,10844,10.233,1.013,5.915e-16,prime,0
1999,1,z:ilp,nat-oop,10626,10882,10.314,1.024,5.915e-16,prime,1
2000,1,z:ilp,nat-oop,2761,6624,39.713,2.399,4.467e-16,chain3,0
2000,1,z:ilp,nat-oop,3012,6642,36.410,2.205,4.467e-16,chain3,1
2001,1,z:ilp,nat-oop,5664,12107,19.371,2.137,6.371e-16,chain3,0
2001,1,z:ilp,nat-oop,6387,12107,17.180,1.896,6.371e-16,chain3,1
2002,1,z:ilp,nat-oop,4234,8029,25.930,1.896,6.459e-16,flat,0
2002,1,z:ilp,nat-oop,5168,8012,21.243,1.550,6.459e-16,flat,1
2003,1,z:ilp,nat-oop,10597,10881,10.365,1.027,5.927e-16,prime,0
2003,1,z:ilp,nat-oop,10582,10933,10.380,1.033,5.927e-16,prime,1
2004,1,z:ilp,nat-oop,10652,10880,10.318,1.021,5.173e-16,prime,0
2004,1,z:ilp,nat-oop,10707,10861,10.265,1.014,5.173e-16,prime,1
2005,1,z:ilp,nat-oop,10478,10878,10.496,1.038,6.945e-16,prime,0
2005,1,z:ilp,nat-oop,10681,10888,10.295,1.019,6.945e-16,prime,1
2006,1,z:ilp,nat-oop,10463,16004,10.517,1.530,4.764e-16,prime,0
2006,1,z:ilp,nat-oop,10712,16172,10.272,1.510,4.764e-16,prime,1
2007,1,z:ilp,nat-oop,10718,10915,10.271,1.018,5.640e-16,prime,0
2007,1,z:ilp,nat-oop,10707,10872,10.282,1.015,5.640e-16,prime,1
2008,1,z:ilp,nat-oop,10493,10880,10.498,1.037,5.490e-16,prime,0
2008,1,z:ilp,nat-oop,10450,12725,10.541,1.218,5.490e-16,prime,1
2009,1,z:ilp,nat-oop,9146,9448,12.051,1.033,4.670e-16,chain3,0
2009,1,z:ilp,nat-oop,6485,9437,16.997,1.455,4.670e-16,chain3,1
2010,1,z:ilp,nat-oop,10448,17425,10.555,1.668,5.344e-16,prime,0
2010,1,z:ilp,nat-oop,10514,17710,10.489,1.684,5.344e-16,prime,1
2011,1,z:ilp,nat-oop,10439,10895,10.571,1.044,5.797e-16,prime,0
2011,1,z:ilp,nat-oop,10452,10886,10.557,1.042,5.797e-16,prime,1
2012,1,z:ilp,nat-oop,10501,10884,10.514,1.037,5.974e-16,prime,0
2012,1,z:ilp,nat-oop,10755,10866,10.265,1.010,5.974e-16,prime,1
2013,1,z:ilp,nat-oop,10474,15162,10.546,1.448,5.009e-16,prime,0
2013,1,z:ilp,nat-oop,10712,15270,10.312,1.425,5.009e-16,prime,1
2014,1,z:ilp,nat-oop,10538,15584,10.488,1.479,6.155e-16,prime,0
2014,1,z:ilp,nat-oop,10510,15484,10.516,1.473,6.155e-16,prime,1
2015,1,z:ilp,nat-oop,5303,10228,20.854,1.929,6.478e-16,flat,0
2015,1,z:ilp,nat-oop,4663,10105,23.716,2.167,6.478e-16,flat,1
2016,1,z:ilp,nat-oop,2223,6993,49.780,3.146,5.277e-16,chain3,0
2016,1,z:ilp,nat-oop,2213,6985,49.995,3.156,5.277e-16,chain3,1
2017,1,z:ilp,nat-oop,10703,10870,10.344,1.016,6.824e-16,prime,0
2017,1,z:ilp,nat-oop,10718,10897,10.330,1.017,6.824e-16,prime,1
2018,1,z:ilp,nat-oop,10712,10893,10.341,1.017,6.085e-16,prime,0
2018,1,z:ilp,nat-oop,10436,10875,10.615,1.042,6.085e-16,prime,1
2019,1,z:ilp,nat-oop,10564,11122,10.492,1.053,7.193e-16,prime,0
2019,1,z:ilp,nat-oop,10736,10887,10.324,1.014,7.193e-16,prime,1
2020,1,z:ilp,nat-oop,10509,10851,10.553,1.033,5.646e-16,prime,0
2020,1,z:ilp,nat-oop,10444,10865,10.618,1.040,5.646e-16,prime,1
2021,1,z:ilp,nat-oop,6007,18125,18.471,3.017,1.978e-15,flat,0
2021,1,z:ilp,nat-oop,6008,18076,18.470,3.009,1.978e-15,flat,1
2022,1,z:ilp,nat-oop,10526,10870,10.548,1.033,4.958e-16,prime,0
2022,1,z:ilp,nat-oop,10499,10872,10.574,1.036,4.958e-16,prime,1
2023,1,z:ilp,nat-oop,3668,8226,30.287,2.243,7.826e-16,chain3,0
2023,1,z:ilp,nat-oop,3803,8288,29.214,2.180,7.826e-16,chain3,1
2024,1,z:ilp,nat-oop,3285,11793,33.838,3.590,5.235e-16,chain3,0
2024,1,z:ilp,nat-oop,3291,11785,33.768,3.580,5.235e-16,chain3,1
2025,1,z:ilp,nat-oop,3739,6325,29.744,1.692,4.896e-16,chain3,0
2025,1,z:ilp,nat-oop,3668,6180,30.320,1.685,4.896e-16,chain3,1
2026,1,z:ilp,nat-oop,10455,10855,10.643,1.038,6.913e-16,prime,0
2026,1,z:ilp,nat-oop,10462,10855,10.635,1.038,6.913e-16,prime,1
2027,1,z:ilp,nat-oop,10735,10896,10.371,1.015,6.546e-16,prime,0
2027,1,z:ilp,nat-oop,10707,10868,10.398,1.015,6.546e-16,prime,1
2028,1,z:ilp,nat-oop,2802,10147,39.751,3.621,6.328e-16,chain3,0
2028,1,z:ilp,nat-oop,2756,10136,40.426,3.679,6.328e-16,chain3,1
2029,1,z:ilp,nat-oop,8835,11140,12.615,1.261,9.640e-16,prime,0
2029,1,z:ilp,nat-oop,8878,10903,12.555,1.228,9.640e-16,prime,1
2030,1,z:ilp,nat-oop,4976,9332,22.413,1.876,5.801e-16,flat,0
2030,1,z:ilp,nat-oop,5467,9327,20.397,1.706,5.801e-16,flat,1
2031,1,z:ilp,nat-oop,10794,10876,10.337,1.008,6.379e-16,prime,0
2031,1,z:ilp,nat-oop,10750,10923,10.380,1.016,6.379e-16,prime,1
2032,1,z:ilp,nat-oop,10507,10877,10.626,1.035,5.492e-16,prime,0
2032,1,z:ilp,nat-oop,10704,10926,10.430,1.021,5.492e-16,prime,1
2033,1,z:ilp,nat-oop,10655,10871,10.484,1.020,6.516e-16,prime,0
2033,1,z:ilp,nat-oop,10632,10818,10.507,1.018,6.516e-16,prime,1
2034,1,z:ilp,nat-oop,10481,10893,10.664,1.039,5.873e-16,prime,0
2034,1,z:ilp,nat-oop,10485,10891,10.660,1.039,5.873e-16,prime,1
2035,1,z:ilp,nat-oop,6247,10805,17.902,1.730,4.982e-16,chain3,0
2035,1,z:ilp,nat-oop,8642,10814,12.940,1.251,4.982e-16,chain3,1
2036,1,z:ilp,nat-oop,10495,10864,10.662,1.035,7.762e-16,prime,0
2036,1,z:ilp,nat-oop,10524,10957,10.632,1.041,7.762e-16,prime,1
2037,1,z:ilp,nat-oop,10496,20139,10.667,1.919,6.892e-16,prime,0
2037,1,z:ilp,nat-oop,10696,20055,10.467,1.875,6.892e-16,prime,1
2038,1,z:ilp,nat-oop,10540,10876,10.628,1.032,5.539e-16,prime,0
2038,1,z:ilp,nat-oop,10522,10938,10.646,1.039,5.539e-16,prime,1
2039,1,z:ilp,nat-oop,10659,10883,10.515,1.021,6.089e-16,prime,0
2039,1,z:ilp,nat-oop,10512,10877,10.662,1.035,6.089e-16,prime,1
2040,1,z:ilp,nat-oop,3096,8739,36.223,2.823,6.035e-16,chain3,0
2040,1,z:ilp,nat-oop,3045,9001,36.832,2.956,6.035e-16,chain3,1
2041,1,z:ilp,nat-oop,10540,10945,10.646,1.038,6.556e-16,prime,0
2041,1,z:ilp,nat-oop,10715,11014,10.472,1.028,6.556e-16,prime,1
2042,1,z:ilp,nat-oop,10539,10961,10.653,1.040,5.444e-16,prime,0
2042,1,z:ilp,nat-oop,10565,10987,10.626,1.040,5.444e-16,prime,1
2043,1,z:ilp,nat-oop,10714,11017,10.484,1.028,6.579e-16,prime,0
2043,1,z:ilp,nat-oop,10522,10922,10.676,1.038,6.579e-16,prime,1
2044,1,z:ilp,nat-oop,12060,18929,9.319,1.570,5.734e-16,prime,0
2044,1,z:ilp,nat-oop,10494,19082,10.710,1.818,5.734e-16,prime,1
2045,1,z:ilp,nat-oop,10715,10987,10.495,1.025,5.321e-16,prime,0
2045,1,z:ilp,nat-oop,10645,10986,10.564,1.032,5.321e-16,prime,1
2046,1,z:ilp,nat-oop,7220,12023,15.584,1.665,5.396e-16,chain3,0
2046,1,z:ilp,nat-oop,6327,12090,17.784,1.911,5.396e-16,chain3,1
2047,1,z:ilp,nat-oop,10689,22407,10.532,2.096,4.995e-16,prime,0
2047,1,z:ilp,nat-oop,10811,22406,10.413,2.072,4.995e-16,prime,1
2048,1,z:ilp,nat-oop,1608,2108,70.046,1.311,3.059e-16,ztt,0
2048,1,z:ilp,nat-oop,1606,1999,70.144,1.245,3.059e-16,ztt,1
2049,1,z:ilp,nat-oop,22483,23867,5.013,1.062,5.768e-16,prime,0
2049,1,z:ilp,nat-oop,22698,23917,4.965,1.054,5.768e-16,prime,1
2050,1,z:ilp,nat-oop,8973,12088,12.567,1.347,5.364e-16,chain3,0
2050,1,z:ilp,nat-oop,9662,11902,11.671,1.232,5.364e-16,chain3,1
2051,1,z:ilp,nat-oop,22664,24016,4.978,1.060,5.735e-16,prime,0
2051,1,z:ilp,nat-oop,22557,23901,5.002,1.060,5.735e-16,prime,1
2052,1,z:ilp,nat-oop,2948,9644,38.291,3.271,4.609e-16,chain3,0
2052,1,z:ilp,nat-oop,2862,9605,39.445,3.356,4.609e-16,chain3,1
2053,1,z:ilp,nat-oop,14370,23901,7.860,1.663,9.563e-16,prime,0
2053,1,z:ilp,nat-oop,15818,23910,7.141,1.512,9.563e-16,prime,1
2054,1,z:ilp,nat-oop,22087,19502,5.117,0.883,5.367e-16,prime,0
2054,1,z:ilp,nat-oop,22149,19459,5.102,0.879,5.367e-16,prime,1
2055,1,z:ilp,nat-oop,21634,24139,5.227,1.116,6.935e-16,prime,0
2055,1,z:ilp,nat-oop,21622,23976,5.230,1.109,6.935e-16,prime,1
2056,1,z:ilp,nat-oop,22128,23933,5.113,1.082,6.429e-16,prime,0
2056,1,z:ilp,nat-oop,22187,25892,5.099,1.167,6.429e-16,prime,1
2057,1,z:ilp,nat-oop,4187,9053,27.033,2.162,9.451e-16,flat,0
2057,1,z:ilp,nat-oop,3982,8905,28.426,2.236,9.451e-16,flat,1
2058,1,z:ilp,nat-oop,4046,6694,27.996,1.655,5.564e-16,flat,0
2058,1,z:ilp,nat-oop,3953,6778,28.656,1.715,5.564e-16,flat,1
2059,1,z:ilp,nat-oop,22161,20224,5.114,0.913,5.810e-16,prime,0
2059,1,z:ilp,nat-oop,22526,20398,5.031,0.905,5.810e-16,prime,1
2060,1,z:ilp,nat-oop,21962,23898,5.163,1.088,6.748e-16,prime,0
2060,1,z:ilp,nat-oop,22026,23949,5.148,1.087,6.748e-16,prime,1
2061,1,z:ilp,nat-oop,22530,23910,5.035,1.061,7.783e-16,prime,0
2061,1,z:ilp,nat-oop,22094,23900,5.135,1.082,7.783e-16,prime,1
2062,1,z:ilp,nat-oop,27144,23861,4.182,0.879,5.380e-16,prime,0
2062,1,z:ilp,nat-oop,21594,23918,5.257,1.108,5.380e-16,prime,1
2063,1,z:ilp,nat-oop,21631,23910,5.251,1.105,4.864e-16,prime,0
2063,1,z:ilp,nat-oop,21533,23979,5.274,1.114,4.864e-16,prime,1
2064,1,z:ilp,nat-oop,4269,13970,26.617,3.272,5.194e-16,flat,0
2064,1,z:ilp,nat-oop,4229,13808,26.874,3.266,5.194e-16,flat,1
2065,1,z:ilp,nat-oop,25536,13376,4.452,0.524,3.356e-16,prime,0
2065,1,z:ilp,nat-oop,21065,13418,5.397,0.637,3.356e-16,prime,1
2066,1,z:ilp,nat-oop,22139,24165,5.138,1.092,6.172e-16,prime,0
2066,1,z:ilp,nat-oop,21560,23960,5.276,1.111,6.172e-16,prime,1
2067,1,z:ilp,nat-oop,22521,14146,5.054,0.628,5.395e-16,prime,0
2067,1,z:ilp,nat-oop,22478,14268,5.064,0.635,5.395e-16,prime,1
2068,1,z:ilp,nat-oop,11036,15187,10.319,1.376,5.114e-16,chain3,0
2068,1,z:ilp,nat-oop,11013,15220,10.341,1.382,5.114e-16,chain3,1
2069,1,z:ilp,nat-oop,22174,23990,5.139,1.082,5.497e-16,prime,0
2069,1,z:ilp,nat-oop,21538,23911,5.291,1.110,5.497e-16,prime,1
2070,1,z:ilp,nat-oop,7007,10202,16.271,1.456,6.348e-16,chain3,0
2070,1,z:ilp,nat-oop,5814,10298,19.609,1.771,6.348e-16,chain3,1
2071,1,z:ilp,nat-oop,22664,23854,5.033,1.053,6.278e-16,prime,0
2071,1,z:ilp,nat-oop,21985,23880,5.189,1.086,6.278e-16,prime,1
2072,1,z:ilp,nat-oop,6479,12472,17.616,1.925,4.918e-16,chain3,0
2072,1,z:ilp,nat-oop,6226,12459,18.332,2.001,4.918e-16,chain3,1
2073,1,z:ilp,nat-oop,21980,23952,5.195,1.090,7.021e-16,prime,0
2073,1,z:ilp,nat-oop,22473,23853,5.081,1.061,7.021e-16,prime,1
2074,1,z:ilp,nat-oop,21919,16913,5.213,0.772,3.778e-16,prime,0
2074,1,z:ilp,nat-oop,21972,16908,5.200,0.770,3.778e-16,prime,1
2075,1,z:ilp,nat-oop,21580,18419,5.298,0.854,4.900e-16,prime,0
2075,1,z:ilp,nat-oop,21629,18119,5.285,0.838,4.900e-16,prime,1
2076,1,z:ilp,nat-oop,21990,23952,5.202,1.089,5.939e-16,prime,0
2076,1,z:ilp,nat-oop,21958,23876,5.209,1.087,5.939e-16,prime,1
2077,1,z:ilp,nat-oop,21567,20133,5.307,0.934,5.282e-16,prime,0
2077,1,z:ilp,nat-oop,22053,20173,5.190,0.915,5.282e-16,prime,1
2078,1,z:ilp,nat-oop,21594,23932,5.303,1.108,5.783e-16,prime,0
2078,1,z:ilp,nat-oop,21658,23864,5.287,1.102,5.783e-16,prime,1
2079,1,z:ilp,nat-oop,3223,7601,35.547,2.358,7.581e-16,chain3,0
2079,1,z:ilp,nat-oop,3186,7522,35.965,2.361,7.581e-16,chain3,1
2080,1,z:ilp,nat-oop,2522,8522,45.458,3.380,5.775e-16,chain3,0
2080,1,z:ilp,nat-oop,2499,8511,45.880,3.406,5.775e-16,chain3,1
2081,1,z:ilp,nat-oop,9416,23940,12.181,2.543,7.501e-16,prime,0
2081,1,z:ilp,nat-oop,9428,23893,12.165,2.534,7.501e-16,prime,1
2082,1,z:ilp,nat-oop,22098,25874,5.193,1.171,5.075e-16,prime,0
2082,1,z:ilp,nat-oop,22157,23874,5.179,1.078,5.075e-16,prime,1
2083,1,z:ilp,nat-oop,22112,23841,5.193,1.078,5.805e-16,prime,0
2083,1,z:ilp,nat-oop,27951,23887,4.108,0.855,5.805e-16,prime,1
2084,1,z:ilp,nat-oop,22334,23883,5.144,1.069,5.513e-16,prime,0
2084,1,z:ilp,nat-oop,22337,23847,5.143,1.068,5.513e-16,prime,1
2085,1,z:ilp,nat-oop,22623,23907,5.081,1.057,5.783e-16,prime,0
2085,1,z:ilp,nat-oop,22514,23911,5.105,1.062,5.783e-16,prime,1
2086,1,z:ilp,nat-oop,21637,23985,5.315,1.109,6.485e-16,prime,0
2086,1,z:ilp,nat-oop,22172,23931,5.187,1.079,6.485e-16,prime,1
2087,1,z:ilp,nat-oop,27632,30696,4.164,1.111,5.815e-16,prime,0
2087,1,z:ilp,nat-oop,25083,29617,4.588,1.181,5.815e-16,prime,1
2088,1,z:ilp,nat-oop,4038,11370,28.515,2.816,9.152e-16,flat,0
2088,1,z:ilp,nat-oop,4232,11334,27.204,2.678,9.152e-16,flat,1
2089,1,z:ilp,nat-oop,12078,23954,9.537,1.983,9.466e-16,prime,0
2089,1,z:ilp,nat-oop,13659,24023,8.433,1.759,9.466e-16,prime,1
2090,1,z:ilp,nat-oop,3384,9833,34.055,2.905,5.913e-16,chain3,0
2090,1,z:ilp,nat-oop,3282,9959,35.122,3.035,5.913e-16,chain3,1
2091,1,z:ilp,nat-oop,5094,12961,22.640,2.545,6.575e-16,chain3,0
2091,1,z:ilp,nat-oop,5270,13033,21.881,2.473,6.575e-16,chain3,1
2092,1,z:ilp,nat-oop,22490,23942,5.130,1.065,6.424e-16,prime,0
2092,1,z:ilp,nat-oop,22022,24015,5.239,1.091,6.424e-16,prime,1
2093,1,z:ilp,nat-oop,4541,9176,25.420,2.021,7.118e-16,flat,0
2093,1,z:ilp,nat-oop,4441,9158,25.996,2.062,7.118e-16,flat,1
2094,1,z:ilp,nat-oop,21569,23946,5.355,1.110,6.318e-16,prime,0
2094,1,z:ilp,nat-oop,22154,23914,5.214,1.079,6.318e-16,prime,1
2095,1,z:ilp,nat-oop,21890,23947,5.279,1.094,6.013e-16,prime,0
2095,1,z:ilp,nat-oop,22374,24007,5.165,1.073,6.013e-16,prime,1
2096,1,z:ilp,nat-oop,22105,23944,5.231,1.083,5.370e-16,prime,0
2096,1,z:ilp,nat-oop,21581,24001,5.358,1.112,5.370e-16,prime,1
2097,1,z:ilp,nat-oop,21986,23885,5.262,1.086,6.985e-16,prime,0
2097,1,z:ilp,nat-oop,22033,23939,5.251,1.087,6.985e-16,prime,1
2098,1,z:ilp,nat-oop,21631,23940,5.351,1.107,7.390e-16,prime,0
2098,1,z:ilp,nat-oop,21662,23981,5.344,1.107,7.390e-16,prime,1
2099,1,z:ilp,nat-oop,22549,23946,5.136,1.062,6.474e-16,prime,0
2099,1,z:ilp,nat-oop,22593,23976,5.126,1.061,6.474e-16,prime,1
2100,1,z:ilp,nat-oop,2982,6924,38.855,2.322,5.590e-16,chain3,0
2100,1,z:ilp,nat-oop,2944,6979,39.363,2.371,5.590e-16,chain3,1
2101,1,z:ilp,nat-oop,22642,23990,5.121,1.060,6.679e-16,prime,0
2101,1,z:ilp,nat-oop,22518,26782,5.149,1.189,6.679e-16,prime,1
2102,1,z:ilp,nat-oop,21978,23893,5.278,1.087,5.518e-16,prime,0
2102,1,z:ilp,nat-oop,21985,23879,5.277,1.086,5.518e-16,prime,1
2103,1,z:ilp,nat-oop,22477,23894,5.164,1.063,6.019e-16,prime,0
2103,1,z:ilp,nat-oop,22734,23937,5.105,1.053,6.019e-16,prime,1
2104,1,z:ilp,nat-oop,22005,23939,5.278,1.088,6.011e-16,prime,0
2104,1,z:ilp,nat-oop,21972,24055,5.285,1.095,6.011e-16,prime,1
2105,1,z:ilp,nat-oop,22062,23938,5.267,1.085,4.610e-16,prime,0
2105,1,z:ilp,nat-oop,21996,23958,5.283,1.089,4.610e-16,prime,1
2106,1,z:ilp,nat-oop,3984,8353,29.178,2.096,6.132e-16,chain3,0
2106,1,z:ilp,nat-oop,4477,8364,25.966,1.868,6.132e-16,chain3,1
2107,1,z:ilp,nat-oop,7251,10772,16.042,1.486,5.094e-16,chain3,0
2107,1,z:ilp,nat-oop,7233,10654,16.082,1.473,5.094e-16,chain3,1
2108,1,z:ilp,nat-oop,5901,13556,19.721,2.297,9.626e-16,flat,0
2108,1,z:ilp,nat-oop,5696,13879,20.431,2.437,9.626e-16,flat,1
2109,1,z:ilp,nat-oop,5091,13113,22.870,2.575,7.284e-16,flat,0
2109,1,z:ilp,nat-oop,5238,13145,22.231,2.510,7.284e-16,flat,1
2110,1,z:ilp,nat-oop,22196,23903,5.249,1.077,4.707e-16,prime,0
2110,1,z:ilp,nat-oop,21582,24060,5.398,1.115,4.707e-16,prime,1
2111,1,z:ilp,nat-oop,22573,23925,5.164,1.060,5.667e-16,prime,0
2111,1,z:ilp,nat-oop,22532,23999,5.173,1.065,5.667e-16,prime,1
2112,1,z:ilp,nat-oop,2485,8562,46.929,3.445,4.110e-16,chain3,0
2112,1,z:ilp,nat-oop,2442,8570,47.758,3.509,4.110e-16,chain3,1
2113,1,z:ilp,nat-oop,8913,23905,13.092,2.682,7.534e-16,prime,0
2113,1,z:ilp,nat-oop,8912,23991,13.094,2.692,7.534e-16,prime,1
2114,1,z:ilp,nat-oop,21980,23973,5.312,1.091,5.605e-16,prime,0
2114,1,z:ilp,nat-oop,22458,30724,5.199,1.368,5.605e-16,prime,1
2115,1,z:ilp,nat-oop,7701,14177,15.169,1.841,5.022e-16,chain3,0
2115,1,z:ilp,nat-oop,10732,14008,10.885,1.305,5.022e-16,chain3,1
2116,1,z:ilp,nat-oop,5032,13883,23.225,2.759,1.440e-15,flat,0
2116,1,z:ilp,nat-oop,4870,13837,23.998,2.841,1.440e-15,flat,1
2117,1,z:ilp,nat-oop,21581,20895,5.419,0.968,4.684e-16,prime,0
2117,1,z:ilp,nat-oop,22141,20841,5.282,0.941,4.684e-16,prime,1
2118,1,z:ilp,nat-oop,21995,23962,5.319,1.089,5.696e-16,prime,0
2118,1,z:ilp,nat-oop,22574,23943,5.183,1.061,5.696e-16,prime,1
2119,1,z:ilp,nat-oop,22197,23876,5.274,1.076,5.164e-16,prime,0
2119,1,z:ilp,nat-oop,21645,23866,5.408,1.103,5.164e-16,prime,1
2120,1,z:ilp,nat-oop,21880,15771,5.353,0.721,6.194e-16,prime,0
2120,1,z:ilp,nat-oop,22225,15742,5.270,0.708,6.194e-16,prime,1
2121,1,z:ilp,nat-oop,22565,23897,5.193,1.059,6.711e-16,prime,0
2121,1,z:ilp,nat-oop,22592,23860,5.187,1.056,6.711e-16,prime,1
2122,1,z:ilp,nat-oop,22429,23958,5.228,1.068,6.295e-16,prime,0
2122,1,z:ilp,nat-oop,21964,23967,5.339,1.091,6.295e-16,prime,1
2123,1,z:ilp,nat-oop,22554,23977,5.202,1.063,7.425e-16,prime,0
2123,1,z:ilp,nat-oop,22565,23938,5.199,1.061,7.425e-16,prime,1
2124,1,z:ilp,nat-oop,22509,17236,5.215,0.766,4.713e-16,prime,0
2124,1,z:ilp,nat-oop,21667,17314,5.417,0.799,4.713e-16,prime,1
2125,1,z:ilp,nat-oop,4007,7768,29.310,1.939,7.492e-16,chain3,0
2125,1,z:ilp,nat-oop,3883,7984,30.243,2.056,7.492e-16,chain3,1
2126,1,z:ilp,nat-oop,22082,23912,5.321,1.083,6.554e-16,prime,0
2126,1,z:ilp,nat-oop,22464,23935,5.231,1.065,6.554e-16,prime,1
2127,1,z:ilp,nat-oop,22963,24330,5.120,1.060,5.343e-16,prime,0
2127,1,z:ilp,nat-oop,22574,23966,5.208,1.062,5.343e-16,prime,1
2128,1,z:ilp,nat-oop,3109,9785,37.838,3.148,3.666e-16,chain3,0
2128,1,z:ilp,nat-oop,2825,9832,41.641,3.481,3.666e-16,chain3,1
2129,1,z:ilp,nat-oop,10519,23940,11.189,2.276,7.085e-16,prime,0
2129,1,z:ilp,nat-oop,10465,23873,11.247,2.281,7.085e-16,prime,1
2130,1,z:ilp,nat-oop,21984,19552,5.356,0.889,5.648e-16,prime,0
2130,1,z:ilp,nat-oop,22567,19608,5.218,0.869,5.648e-16,prime,1
2131,1,z:ilp,nat-oop,21628,23843,5.447,1.102,6.158e-16,prime,0
2131,1,z:ilp,nat-oop,22051,23902,5.343,1.084,6.158e-16,prime,1
2132,1,z:ilp,nat-oop,4570,14285,25.793,3.126,5.304e-16,chain3,0
2132,1,z:ilp,nat-oop,4584,14199,25.713,3.097,5.304e-16,chain3,1
2133,1,z:ilp,nat-oop,22008,20688,5.359,0.940,5.310e-16,prime,0
2133,1,z:ilp,nat-oop,22677,20807,5.201,0.918,5.310e-16,prime,1
2134,1,z:ilp,nat-oop,22260,23240,5.301,1.044,4.785e-16,prime,0
2134,1,z:ilp,nat-oop,22256,23186,5.302,1.042,4.785e-16,prime,1
2135,1,z:ilp,nat-oop,22603,14394,5.223,0.637,5.261e-16,prime,0
2135,1,z:ilp,nat-oop,28107,14332,4.201,0.510,5.261e-16,prime,1
2136,1,z:ilp,nat-oop,21925,23015,5.388,1.050,5.024e-16,prime,0
2136,1,z:ilp,nat-oop,22185,22981,5.325,1.036,5.024e-16,prime,1
2137,1,z:ilp,nat-oop,22679,23873,5.212,1.053,6.567e-16,prime,0
2137,1,z:ilp,nat-oop,22004,24030,5.371,1.092,6.567e-16,prime,1
2138,1,z:ilp,nat-oop,21643,24000,5.464,1.109,5.425e-16,prime,0
2138,1,z:ilp,nat-oop,22271,24041,5.310,1.079,5.425e-16,prime,1
2139,1,z:ilp,nat-oop,6750,13540,17.527,2.006,9.262e-16,flat,0
2139,1,z:ilp,nat-oop,7346,13497,16.107,1.837,9.262e-16,flat,1
2140,1,z:ilp,nat-oop,22629,23911,5.231,1.057,4.647e-16,prime,0
2140,1,z:ilp,nat-oop,24679,23940,4.797,0.970,4.647e-16,prime,1
2141,1,z:ilp,nat-oop,22279,23919,5.316,1.074,5.501e-16,prime,0
2141,1,z:ilp,nat-oop,22011,23886,5.381,1.085,5.501e-16,prime,1
2142,1,z:ilp,nat-oop,3470,9176,34.148,2.644,6.311e-16,chain3,0
2142,1,z:ilp,nat-oop,3625,9220,32.693,2.544,6.311e-16,chain3,1
2143,1,z:ilp,nat-oop,12089,24097,9.808,1.993,1.046e-15,prime,0
2143,1,z:ilp,nat-oop,12116,24237,9.786,2.000,1.046e-15,prime,1
2144,1,z:ilp,nat-oop,21641,19166,5.482,0.886,5.616e-16,prime,0
2144,1,z:ilp,nat-oop,21664,19085,5.476,0.881,5.616e-16,prime,1
2145,1,z:ilp,nat-oop,3442,8637,34.485,2.509,5.369e-16,chain3,0
2145,1,z:ilp,nat-oop,3504,8640,33.875,2.466,5.369e-16,chain3,1
2146,1,z:ilp,nat-oop,6021,15134,19.724,2.514,2.859e-15,flat,0
2146,1,z:ilp,nat-oop,5996,15113,19.805,2.520,2.859e-15,flat,1
2147,1,z:ilp,nat-oop,22018,24150,5.396,1.097,7.079e-16,prime,0
2147,1,z:ilp,nat-oop,22126,23932,5.370,1.082,7.079e-16,prime,1
2148,1,z:ilp,nat-oop,21580,26529,5.509,1.229,6.197e-16,prime,0
2148,1,z:ilp,nat-oop,21615,24017,5.500,1.111,6.197e-16,prime,1
2149,1,z:ilp,nat-oop,22576,23927,5.268,1.060,6.288e-16,prime,0
2149,1,z:ilp,nat-oop,22624,23872,5.257,1.055,6.288e-16,prime,1
2150,1,z:ilp,nat-oop,4717,13175,25.230,2.793,4.631e-16,chain3,0
2150,1,z:ilp,nat-oop,4716,13164,25.234,2.791,4.631e-16,chain3,1
2151,1,z:ilp,nat-oop,22852,23984,5.210,1.050,6.061e-16,prime,0
2151,1,z:ilp,nat-oop,22646,23866,5.258,1.054,6.061e-16,prime,1
2152,1,z:ilp,nat-oop,22212,24018,5.363,1.081,5.411e-16,prime,0
2152,1,z:ilp,nat-oop,22231,24065,5.359,1.082,5.411e-16,prime,1
2153,1,z:ilp,nat-oop,22444,24025,5.311,1.070,5.776e-16,prime,0
2153,1,z:ilp,nat-oop,22016,24056,5.414,1.093,5.776e-16,prime,1
2154,1,z:ilp,nat-oop,22032,24010,5.413,1.090,7.248e-16,prime,0
2154,1,z:ilp,nat-oop,22549,24007,5.289,1.065,7.248e-16,prime,1
2155,1,z:ilp,nat-oop,22569,24015,5.287,1.064,6.091e-16,prime,0
2155,1,z:ilp,nat-oop,27324,24039,4.367,0.880,6.091e-16,prime,1
2156,1,z:ilp,nat-oop,3313,8330,36.029,2.514,7.142e-16,flat,0
2156,1,z:ilp,nat-oop,3291,8317,36.269,2.527,7.142e-16,flat,1
2157,1,z:ilp,nat-oop,21658,23931,5.515,1.105,5.563e-16,prime,0
2157,1,z:ilp,nat-oop,21632,23964,5.521,1.108,5.563e-16,prime,1
2158,1,z:ilp,nat-oop,22625,21051,5.282,0.930,7.559e-16,prime,0
2158,1,z:ilp,nat-oop,22667,21021,5.272,0.927,7.559e-16,prime,1
2159,1,z:ilp,nat-oop,21656,23993,5.521,1.108,6.058e-16,prime,0
2159,1,z:ilp,nat-oop,21648,23988,5.523,1.108,6.058e-16,prime,1
2160,1,z:ilp,nat-oop,2508,7546,47.693,3.009,5.397e-16,chain3,0
2160,1,z:ilp,nat-oop,2526,7558,47.364,2.992,5.397e-16,chain3,1
2161,1,z:ilp,nat-oop,8358,23951,14.320,2.866,6.297e-16,prime,0
2161,1,z:ilp,nat-oop,8316,24064,14.394,2.894,6.297e-16,prime,1
2162,1,z:ilp,nat-oop,6241,16850,19.189,2.700,1.139e-15,flat,0
2162,1,z:ilp,nat-oop,6225,16693,19.239,2.682,1.139e-15,flat,1
2163,1,z:ilp,nat-oop,21647,23925,5.535,1.105,5.621e-16,prime,0
2163,1,z:ilp,nat-oop,22182,23948,5.402,1.080,5.621e-16,prime,1
2164,1,z:ilp,nat-oop,22595,23961,5.306,1.060,6.609e-16,prime,0
2164,1,z:ilp,nat-oop,22561,23896,5.313,1.059,6.609e-16,prime,1
2165,1,z:ilp,nat-oop,22217,23994,5.399,1.080,5.134e-16,prime,0
2165,1,z:ilp,nat-oop,22212,23927,5.400,1.077,5.134e-16,prime,1
2166,1,z:ilp,nat-oop,4522,12283,26.541,2.717,6.986e-16,chain3,0
2166,1,z:ilp,nat-oop,4018,12367,29.870,3.078,6.986e-16,chain3,1
2167,1,z:ilp,nat-oop,22379,24069,5.365,1.076,5.234e-16,prime,0
2167,1,z:ilp,nat-oop,23694,23934,5.068,1.010,5.234e-16,prime,1
2168,1,z:ilp,nat-oop,21682,23982,5.540,1.106,5.962e-16,prime,0
2168,1,z:ilp,nat-oop,22547,23971,5.328,1.063,5.962e-16,prime,1
2169,1,z:ilp,nat-oop,22583,23952,5.322,1.061,6.420e-16,prime,0
2169,1,z:ilp,nat-oop,22492,23920,5.344,1.064,6.420e-16,prime,1
2170,1,z:ilp,nat-oop,6293,10844,19.109,1.723,5.579e-16,chain3,0
2170,1,z:ilp,nat-oop,7555,10955,15.917,1.450,5.579e-16,chain3,1
2171,1,z:ilp,nat-oop,22185,24009,5.423,1.082,5.869e-16,prime,0
2171,1,z:ilp,nat-oop,22295,24006,5.397,1.077,5.869e-16,prime,1
2172,1,z:ilp,nat-oop,21674,23933,5.554,1.104,5.455e-16,prime,0
2172,1,z:ilp,nat-oop,21623,24059,5.567,1.113,5.455e-16,prime,1
2173,1,z:ilp,nat-oop,22615,19535,5.326,0.864,6.212e-16,prime,0
2173,1,z:ilp,nat-oop,22623,19594,5.324,0.866,6.212e-16,prime,1
2174,1,z:ilp,nat-oop,21783,24005,5.532,1.102,6.531e-16,prime,0
2174,1,z:ilp,nat-oop,21657,24143,5.564,1.115,6.531e-16,prime,1
2175,1,z:ilp,nat-oop,4531,10656,26.612,2.352,5.025e-16,chain3,0
2175,1,z:ilp,nat-oop,4748,10704,25.392,2.254,5.025e-16,chain3,1
2176,1,z:ilp,nat-oop,2912,9589,41.424,3.293,5.448e-16,chain3,0
2176,1,z:ilp,nat-oop,2847,9759,42.372,3.428,5.448e-16,chain3,1
2177,1,z:ilp,nat-oop,21645,23982,5.576,1.108,6.497e-16,prime,0
2177,1,z:ilp,nat-oop,21656,26665,5.573,1.231,6.497e-16,prime,1
2178,1,z:ilp,nat-oop,4726,10314,25.554,2.183,7.142e-16,flat,0
2178,1,z:ilp,nat-oop,4650,10349,25.969,2.226,7.142e-16,flat,1
2179,1,z:ilp,nat-oop,22324,23984,5.412,1.074,7.226e-16,prime,0
2179,1,z:ilp,nat-oop,22008,23981,5.490,1.090,7.226e-16,prime,1
2180,1,z:ilp,nat-oop,22203,23994,5.444,1.081,6.099e-16,prime,0
2180,1,z:ilp,nat-oop,21667,23878,5.579,1.102,6.099e-16,prime,1
2181,1,z:ilp,nat-oop,21646,23923,5.587,1.105,6.843e-16,prime,0
2181,1,z:ilp,nat-oop,22066,23954,5.481,1.086,6.843e-16,prime,1
2182,1,z:ilp,nat-oop,22587,23958,5.357,1.061,6.152e-16,prime,0
2182,1,z:ilp,nat-oop,22568,23940,5.362,1.061,6.152e-16,prime,1
2183,1,z:ilp,nat-oop,22230,20391,5.446,0.917,4.569e-16,prime,0
2183,1,z:ilp,nat-oop,22812,20396,5.307,0.894,4.569e-16,prime,1
2184,1,z:ilp,nat-oop,3552,8839,34.105,2.489,6.006e-16,chain3,0
2184,1,z:ilp,nat-oop,3413,8841,35.495,2.591,6.006e-16,chain3,1
2185,1,z:ilp,nat-oop,4617,11448,26.249,2.479,5.079e-16,chain3,0
2185,1,z:ilp,nat-oop,4613,11456,26.273,2.483,5.079e-16,chain3,1
2186,1,z:ilp,nat-oop,22606,24104,5.364,1.066,6.824e-16,prime,0
2186,1,z:ilp,nat-oop,21975,23996,5.518,1.092,6.824e-16,prime,1
2187,1,z:ilp,nat-oop,3870,7534,31.348,1.947,5.990e-16,chain3,0
2187,1,z:ilp,nat-oop,4012,7506,30.238,1.871,5.990e-16,chain3,1
2188,1,z:ilp,nat-oop,22651,23908,5.359,1.055,5.327e-16,prime,0
2188,1,z:ilp,nat-oop,22591,23986,5.373,1.062,5.327e-16,prime,1
2189,1,z:ilp,nat-oop,22541,23921,5.388,1.061,6.939e-16,prime,0
2189,1,z:ilp,nat-oop,22031,26460,5.512,1.201,6.939e-16,prime,1
2190,1,z:ilp,nat-oop,22518,20059,5.396,0.891,4.731e-16,prime,0
2190,1,z:ilp,nat-oop,22001,20006,5.523,0.909,4.731e-16,prime,1
2191,1,z:ilp,nat-oop,22070,23853,5.508,1.081,7.518e-16,prime,0
2191,1,z:ilp,nat-oop,22572,24033,5.386,1.065,7.518e-16,prime,1
2192,1,z:ilp,nat-oop,27813,23904,4.373,0.859,4.518e-16,prime,0
2192,1,z:ilp,nat-oop,21650,23988,5.618,1.108,4.518e-16,prime,1
2193,1,z:ilp,nat-oop,11330,14340,10.742,1.266,7.359e-16,chain3,0
2193,1,z:ilp,nat-oop,8184,14281,14.870,1.745,7.359e-16,chain3,1
2194,1,z:ilp,nat-oop,22345,23969,5.449,1.073,6.130e-16,prime,0
2194,1,z:ilp,nat-oop,22358,23930,5.446,1.070,6.130e-16,prime,1
2195,1,z:ilp,nat-oop,22167,23929,5.496,1.080,5.734e-16,prime,0
2195,1,z:ilp,nat-oop,22207,23897,5.486,1.076,5.734e-16,prime,1
2196,1,z:ilp,nat-oop,21648,18212,5.630,0.841,4.313e-16,prime,0
2196,1,z:ilp,nat-oop,22164,18266,5.499,0.824,4.313e-16,prime,1
2197,1,z:ilp,nat-oop,4024,9234,30.307,2.295,1.152e-15,flat,0
2197,1,z:ilp,nat-oop,4000,9264,30.489,2.316,1.152e-15,flat,1
2198,1,z:ilp,nat-oop,22197,23973,5.497,1.080,6.038e-16,prime,0
2198,1,z:ilp,nat-oop,22167,24074,5.504,1.086,6.038e-16,prime,1
2199,1,z:ilp,nat-oop,22177,23914,5.505,1.078,7.635e-16,prime,0
2199,1,z:ilp,nat-oop,22021,24169,5.544,1.098,7.635e-16,prime,1
2200,1,z:ilp,nat-oop,3355,8622,36.409,2.570,5.262e-16,flat,0
2200,1,z:ilp,nat-oop,3390,8649,36.024,2.551,5.262e-16,flat,1
2201,1,z:ilp,nat-oop,22125,22290,5.523,1.007,5.410e-16,prime,0
2201,1,z:ilp,nat-oop,22180,22393,5.510,1.010,5.410e-16,prime,1
2202,1,z:ilp,nat-oop,22595,23992,5.411,1.062,5.839e-16,prime,0
2202,1,z:ilp,nat-oop,22167,23956,5.516,1.081,5.839e-16,prime,1
2203,1,z:ilp,nat-oop,21872,23998,5.593,1.097,6.417e-16,prime,0
2203,1,z:ilp,nat-oop,22007,24066,5.558,1.094,6.417e-16,prime,1
2204,1,z:ilp,nat-oop,5286,14150,23.155,2.677,8.434e-16,flat,0
2204,1,z:ilp,nat-oop,5277,14260,23.195,2.703,8.434e-16,flat,1
2205,1,z:ilp,nat-oop,3648,6827,33.568,1.871,5.296e-16,chain3,0
2205,1,z:ilp,nat-oop,3642,6815,33.621,1.871,5.296e-16,chain3,1
2206,1,z:ilp,nat-oop,22513,23928,5.442,1.063,5.626e-16,prime,0
2206,1,z:ilp,nat-oop,22538,24229,5.436,1.075,5.626e-16,prime,1
2207,1,z:ilp,nat-oop,22226,23956,5.515,1.078,5.839e-16,prime,0
2207,1,z:ilp,nat-oop,21601,23904,5.674,1.107,5.839e-16,prime,1
2208,1,z:ilp,nat-oop,3124,11363,39.251,3.637,4.623e-16,chain3,0
2208,1,z:ilp,nat-oop,3071,11252,39.936,3.664,4.623e-16,chain3,1
2209,1,z:ilp,nat-oop,6724,20680,18.248,3.075,1.882e-15,flat,0
2209,1,z:ilp,nat-oop,6319,20690,19.418,3.274,1.882e-15,flat,1
2210,1,z:ilp,nat-oop,3793,10031,32.367,2.645,6.445e-16,chain3,0
2210,1,z:ilp,nat-oop,3819,9970,32.142,2.610,6.445e-16,chain3,1
2211,1,z:ilp,nat-oop,21755,18212,5.646,0.837,5.246e-16,prime,0
2211,1,z:ilp,nat-oop,21769,18155,5.642,0.834,5.246e-16,prime,1
2212,1,z:ilp,nat-oop,22033,22267,5.577,1.011,4.513e-16,prime,0
2212,1,z:ilp,nat-oop,22025,22126,5.579,1.005,4.513e-16,prime,1
2213,1,z:ilp,nat-oop,22802,23948,5.392,1.050,5.676e-16,prime,0
2213,1,z:ilp,nat-oop,22562,23916,5.449,1.060,5.676e-16,prime,1
2214,1,z:ilp,nat-oop,8996,13880,13.674,1.543,4.798e-16,chain3,0
2214,1,z:ilp,nat-oop,7763,13945,15.846,1.796,4.798e-16,chain3,1
2215,1,z:ilp,nat-oop,22488,23957,5.473,1.065,5.699e-16,prime,0
2215,1,z:ilp,nat-oop,21842,26785,5.635,1.226,5.699e-16,prime,1
2216,1,z:ilp,nat-oop,21637,23951,5.691,1.107,6.167e-16,prime,0
2216,1,z:ilp,nat-oop,22199,23994,5.547,1.081,6.167e-16,prime,1
2217,1,z:ilp,nat-oop,32602,27874,3.779,0.855,5.054e-16,prime,0
2217,1,z:ilp,nat-oop,21737,24041,5.668,1.106,5.054e-16,prime,1
2218,1,z:ilp,nat-oop,22029,23987,5.596,1.089,7.179e-16,prime,0
2218,1,z:ilp,nat-oop,22579,24307,5.459,1.077,7.179e-16,prime,1
2219,1,z:ilp,nat-oop,22623,24175,5.452,1.069,7.023e-16,prime,0
2219,1,z:ilp,nat-oop,22623,24222,5.451,1.071,7.023e-16,prime,1
2220,1,z:ilp,nat-oop,4008,13538,30.790,3.378,4.272e-16,chain3,0
2220,1,z:ilp,nat-oop,4067,13415,30.336,3.298,4.272e-16,chain3,1
2221,1,z:ilp,nat-oop,18710,24050,6.598,1.285,1.653e-15,prime,0
2221,1,z:ilp,nat-oop,15944,23930,7.743,1.501,1.653e-15,prime,1
2222,1,z:ilp,nat-oop,22590,23942,5.468,1.060,5.068e-16,prime,0
2222,1,z:ilp,nat-oop,22922,24006,5.389,1.047,5.068e-16,prime,1
2223,1,z:ilp,nat-oop,4077,10876,30.312,2.668,1.197e-15,flat,0
2223,1,z:ilp,nat-oop,4221,10819,29.278,2.563,1.197e-15,flat,1
2224,1,z:ilp,nat-oop,22367,23917,5.528,1.069,5.547e-16,prime,0
2224,1,z:ilp,nat-oop,22394,23984,5.521,1.071,5.547e-16,prime,1
2225,1,z:ilp,nat-oop,22168,20355,5.580,0.918,4.275e-16,prime,0
2225,1,z:ilp,nat-oop,30888,20441,4.005,0.662,4.275e-16,prime,1
2226,1,z:ilp,nat-oop,22032,15508,5.618,0.704,5.914e-16,prime,0
2226,1,z:ilp,nat-oop,22047,15644,5.614,0.710,5.914e-16,prime,1
2227,1,z:ilp,nat-oop,21688,24054,5.710,1.109,7.079e-16,prime,0
2227,1,z:ilp,nat-oop,22267,23928,5.561,1.075,7.079e-16,prime,1
2228,1,z:ilp,nat-oop,22177,23974,5.587,1.081,7.169e-16,prime,0
2228,1,z:ilp,nat-oop,22041,23990,5.621,1.088,7.169e-16,prime,1
2229,1,z:ilp,nat-oop,22043,23969,5.623,1.087,7.267e-16,prime,0
2229,1,z:ilp,nat-oop,22085,23932,5.613,1.084,7.267e-16,prime,1
2230,1,z:ilp,nat-oop,22637,23938,5.479,1.057,5.167e-16,prime,0
2230,1,z:ilp,nat-oop,22655,24266,5.474,1.071,5.167e-16,prime,1
2231,1,z:ilp,nat-oop,22611,26007,5.488,1.150,5.236e-16,prime,0
2231,1,z:ilp,nat-oop,22693,26288,5.468,1.158,5.236e-16,prime,1
2232,1,z:ilp,nat-oop,5747,12779,21.600,2.223,5.724e-16,flat,0
2232,1,z:ilp,nat-oop,5472,12849,22.689,2.348,5.724e-16,flat,1
2233,1,z:ilp,nat-oop,4536,10416,27.386,2.297,6.282e-16,chain3,0
2233,1,z:ilp,nat-oop,4604,10342,26.980,2.246,6.282e-16,chain3,1
2234,1,z:ilp,nat-oop,23901,23977,5.199,1.003,5.676e-16,prime,0
2234,1,z:ilp,nat-oop,22262,23975,5.582,1.077,5.676e-16,prime,1
2235,1,z:ilp,nat-oop,22484,23950,5.530,1.065,4.535e-16,prime,0
2235,1,z:ilp,nat-oop,22504,24021,5.525,1.067,4.535e-16,prime,1
2236,1,z:ilp,nat-oop,5018,15733,24.791,3.135,6.120e-16,chain3,0
2236,1,z:ilp,nat-oop,4964,15704,25.059,3.163,6.120e-16,chain3,1
2237,1,z:ilp,nat-oop,22669,24016,5.490,1.059,6.665e-16,prime,0
2237,1,z:ilp,nat-oop,22070,23975,5.639,1.086,6.665e-16,prime,1
2238,1,z:ilp,nat-oop,22201,24215,5.609,1.091,5.880e-16,prime,0
2238,1,z:ilp,nat-oop,22263,23968,5.593,1.077,5.880e-16,prime,1
2239,1,z:ilp,nat-oop,22449,24022,5.550,1.070,5.951e-16,prime,0
2239,1,z:ilp,nat-oop,22586,24089,5.516,1.067,5.951e-16,prime,1
2240,1,z:ilp,nat-oop,2052,7599,60.734,3.702,3.406e-16,ztt,0
2240,1,z:ilp,nat-oop,2040,7590,61.111,3.721,3.406e-16,ztt,1
2241,1,z:ilp,nat-oop,22566,22453,5.526,0.995,3.866e-16,prime,0
2241,1,z:ilp,nat-oop,22385,22126,5.571,0.988,3.866e-16,prime,1
2242,1,z:ilp,nat-oop,22641,19243,5.511,0.850,4.881e-16,prime,0
2242,1,z:ilp,nat-oop,23425,18622,5.327,0.795,4.881e-16,prime,1
2243,1,z:ilp,nat-oop,22304,24133,5.597,1.082,6.175e-16,prime,0
2243,1,z:ilp,nat-oop,22103,23992,5.648,1.085,6.175e-16,prime,1
2244,1,z:ilp,nat-oop,3148,11649,39.680,3.701,5.233e-16,chain3,0
2244,1,z:ilp,nat-oop,3167,11697,39.444,3.694,5.233e-16,chain3,1
2245,1,z:ilp,nat-oop,22388,23938,5.582,1.069,5.000e-16,prime,0
2245,1,z:ilp,nat-oop,22414,24292,5.575,1.084,5.000e-16,prime,1
2246,1,z:ilp,nat-oop,26988,24003,4.633,0.889,5.444e-16,prime,0
2246,1,z:ilp,nat-oop,22561,24134,5.542,1.070,5.444e-16,prime,1
2247,1,z:ilp,nat-oop,21691,24033,5.767,1.108,5.166e-16,prime,0
2247,1,z:ilp,nat-oop,22205,23970,5.633,1.080,5.166e-16,prime,1
2248,1,z:ilp,nat-oop,22125,24046,5.657,1.087,6.150e-16,prime,0
2248,1,z:ilp,nat-oop,22217,23917,5.633,1.077,6.150e-16,prime,1
2249,1,z:ilp,nat-oop,21681,24013,5.775,1.108,7.323e-16,prime,0
2249,1,z:ilp,nat-oop,21662,23985,5.780,1.107,7.323e-16,prime,1
2250,1,z:ilp,nat-oop,3406,7431,36.785,2.182,7.315e-16,chain3,0
2250,1,z:ilp,nat-oop,3293,7505,38.041,2.279,7.315e-16,chain3,1
2251,1,z:ilp,nat-oop,12770,24061,9.815,1.884,1.113e-15,prime,0
2251,1,z:ilp,nat-oop,13876,25999,9.033,1.874,1.113e-15,prime,1
2252,1,z:ilp,nat-oop,22351,23985,5.611,1.073,4.959e-16,prime,0
2252,1,z:ilp,nat-oop,22300,24113,5.623,1.081,4.959e-16,prime,1
2253,1,z:ilp,nat-oop,22663,24088,5.536,1.063,7.087e-16,prime,0
2253,1,z:ilp,nat-oop,21665,24037,5.791,1.109,7.087e-16,prime,1
2254,1,z:ilp,nat-oop,5454,9531,23.015,1.747,6.233e-16,flat,0
2254,1,z:ilp,nat-oop,5450,9505,23.034,1.744,6.233e-16,flat,1
2255,1,z:ilp,nat-oop,5350,12664,23.477,2.367,5.977e-16,chain3,0
2255,1,z:ilp,nat-oop,5363,12629,23.420,2.355,5.977e-16,chain3,1
2256,1,z:ilp,nat-oop,4736,16118,26.532,3.403,4.875e-16,chain3,0
2256,1,z:ilp,nat-oop,4715,16138,26.650,3.423,4.875e-16,chain3,1
2257,1,z:ilp,nat-oop,21703,21409,5.793,0.986,5.705e-16,prime,0
2257,1,z:ilp,nat-oop,21696,21311,5.794,0.982,5.705e-16,prime,1
2258,1,z:ilp,nat-oop,25198,29593,4.992,1.174,4.899e-16,prime,0
2258,1,z:ilp,nat-oop,22351,23972,5.628,1.073,4.899e-16,prime,1
2259,1,z:ilp,nat-oop,21904,23866,5.745,1.090,6.330e-16,prime,0
2259,1,z:ilp,nat-oop,21816,23920,5.768,1.096,6.330e-16,prime,1
2260,1,z:ilp,nat-oop,22170,23922,5.679,1.079,6.476e-16,prime,0
2260,1,z:ilp,nat-oop,22749,24007,5.535,1.055,6.476e-16,prime,1
2261,1,z:ilp,nat-oop,4734,10270,26.612,2.170,9.877e-16,flat,0
2261,1,z:ilp,nat-oop,4482,10141,28.105,2.263,9.877e-16,flat,1
2262,1,z:ilp,nat-oop,5334,12863,23.630,2.412,7.899e-16,chain3,0
2262,1,z:ilp,nat-oop,5320,12808,23.692,2.408,7.899e-16,chain3,1
2263,1,z:ilp,nat-oop,21693,23089,5.813,1.064,6.493e-16,prime,0
2263,1,z:ilp,nat-oop,22331,23041,5.647,1.032,6.493e-16,prime,1
2264,1,z:ilp,nat-oop,22229,24010,5.675,1.080,5.327e-16,prime,0
2264,1,z:ilp,nat-oop,26508,24112,4.759,0.910,5.327e-16,prime,1
2265,1,z:ilp,nat-oop,22019,23971,5.732,1.089,6.247e-16,prime,0
2265,1,z:ilp,nat-oop,22625,24054,5.579,1.063,6.247e-16,prime,1
2266,1,z:ilp,nat-oop,22079,24127,5.720,1.093,6.370e-16,prime,0
2266,1,z:ilp,nat-oop,22693,24011,5.565,1.058,6.370e-16,prime,1
2267,1,z:ilp,nat-oop,26006,24025,4.858,0.924,6.179e-16,prime,0
2267,1,z:ilp,nat-oop,22537,24004,5.606,1.065,6.179e-16,prime,1
2268,1,z:ilp,nat-oop,2902,7849,43.566,2.705,5.006e-16,chain3,0
2268,1,z:ilp,nat-oop,2895,7832,43.659,2.705,5.006e-16,chain3,1
2269,1,z:ilp,nat-oop,14962,24005,8.453,1.604,8.501e-16,prime,0
2269,1,z:ilp,nat-oop,15533,24049,8.142,1.548,8.501e-16,prime,1
2270,1,z:ilp,nat-oop,21825,23988,5.798,1.099,5.851e-16,prime,0
2270,1,z:ilp,nat-oop,21698,24122,5.832,1.112,5.851e-16,prime,1
2271,1,z:ilp,nat-oop,21749,24006,5.821,1.104,5.502e-16,prime,0
2271,1,z:ilp,nat-oop,22355,24029,5.663,1.075,5.502e-16,prime,1
2272,1,z:ilp,nat-oop,22078,21365,5.737,0.968,4.581e-16,prime,0
2272,1,z:ilp,nat-oop,22953,21318,5.518,0.929,4.581e-16,prime,1
2273,1,z:ilp,nat-oop,22434,24044,5.649,1.072,6.741e-16,prime,0
2273,1,z:ilp,nat-oop,21966,23920,5.769,1.089,6.741e-16,prime,1
2274,1,z:ilp,nat-oop,22085,24103,5.741,1.091,6.490e-16,prime,0
2274,1,z:ilp,nat-oop,22473,23985,5.642,1.067,6.490e-16,prime,1
2275,1,z:ilp,nat-oop,4258,7829,29.789,1.838,5.921e-16,chain3,0
2275,1,z:ilp,nat-oop,3909,7876,32.449,2.015,5.921e-16,chain3,1
2276,1,z:ilp,nat-oop,22343,24323,5.680,1.089,6.756e-16,prime,0
2276,1,z:ilp,nat-oop,22252,24029,5.703,1.080,6.756e-16,prime,1
2277,1,z:ilp,nat-oop,4414,11653,28.764,2.640,6.287e-16,chain3,0
2277,1,z:ilp,nat-oop,4349,11750,29.198,2.702,6.287e-16,chain3,1
2278,1,z:ilp,nat-oop,22069,20159,5.756,0.913,7.126e-16,prime,0
2278,1,z:ilp,nat-oop,22046,20166,5.762,0.915,7.126e-16,prime,1
2279,1,z:ilp,nat-oop,22523,21233,5.643,0.943,5.295e-16,prime,0
2279,1,z:ilp,nat-oop,22184,21281,5.729,0.959,5.295e-16,prime,1
2280,1,z:ilp,nat-oop,3126,10927,40.675,3.495,5.009e-16,chain3,0
2280,1,z:ilp,nat-oop,3111,10856,40.873,3.489,5.009e-16,chain3,1
2281,1,z:ilp,nat-oop,12508,23990,10.172,1.918,7.824e-16,prime,0
2281,1,z:ilp,nat-oop,13149,24022,9.676,1.827,7.824e-16,prime,1
2282,1,z:ilp,nat-oop,22768,24049,5.591,1.056,5.943e-16,prime,0
2282,1,z:ilp,nat-oop,22638,23978,5.623,1.059,5.943e-16,prime,1
2283,1,z:ilp,nat-oop,22278,24053,5.717,1.080,5.573e-16,prime,0
2283,1,z:ilp,nat-oop,22472,24041,5.667,1.070,5.573e-16,prime,1
2284,1,z:ilp,nat-oop,22480,23979,5.668,1.067,6.273e-16,prime,0
2284,1,z:ilp,nat-oop,22419,24033,5.683,1.072,6.273e-16,prime,1
2285,1,z:ilp,nat-oop,22342,24077,5.706,1.078,5.413e-16,prime,0
2285,1,z:ilp,nat-oop,21796,24054,5.849,1.104,5.413e-16,prime,1
2286,1,z:ilp,nat-oop,22312,24014,5.716,1.076,4.771e-16,prime,0
2286,1,z:ilp,nat-oop,21720,24245,5.872,1.116,4.771e-16,prime,1
2287,1,z:ilp,nat-oop,22237,23969,5.738,1.078,6.379e-16,prime,0
2287,1,z:ilp,nat-oop,21810,24256,5.851,1.112,6.379e-16,prime,1
2288,1,z:ilp,nat-oop,2978,11281,42.867,3.788,6.183e-16,chain3,0
2288,1,z:ilp,nat-oop,2992,11259,42.667,3.763,6.183e-16,chain3,1
2289,1,z:ilp,nat-oop,22484,23971,5.681,1.066,8.084e-16,prime,0
2289,1,z:ilp,nat-oop,22093,24021,5.782,1.087,8.084e-16,prime,1
2290,1,z:ilp,nat-oop,21717,24078,5.885,1.109,6.411e-16,prime,0
2290,1,z:ilp,nat-oop,22259,23950,5.741,1.076,6.411e-16,prime,1
2291,1,z:ilp,nat-oop,22323,24484,5.728,1.097,5.836e-16,prime,0
2291,1,z:ilp,nat-oop,21727,24374,5.885,1.122,5.836e-16,prime,1
2292,1,z:ilp,nat-oop,23146,23977,5.527,1.036,5.238e-16,prime,0
2292,1,z:ilp,nat-oop,22933,23965,5.578,1.045,5.238e-16,prime,1
2293,1,z:ilp,nat-oop,22268,24039,5.747,1.080,5.579e-16,prime,0
2293,1,z:ilp,nat-oop,21672,24011,5.906,1.108,5.579e-16,prime,1
2294,1,z:ilp,nat-oop,6618,16931,19.348,2.558,1.873e-15,flat,0
2294,1,z:ilp,nat-oop,6629,17289,19.317,2.608,1.873e-15,flat,1
2295,1,z:ilp,nat-oop,4129,9276,31.026,2.246,6.942e-16,chain3,0
2295,1,z:ilp,nat-oop,4212,9421,30.417,2.237,6.942e-16,chain3,1
2296,1,z:ilp,nat-oop,5082,14580,25.220,2.869,6.822e-16,flat,0
2296,1,z:ilp,nat-oop,5084,14449,25.211,2.842,6.822e-16,flat,1
2297,1,z:ilp,nat-oop,27559,24038,4.653,0.872,5.180e-16,prime,0
2297,1,z:ilp,nat-oop,23033,23984,5.568,1.041,5.180e-16,prime,1
2298,1,z:ilp,nat-oop,22111,23984,5.803,1.085,5.306e-16,prime,0
2298,1,z:ilp,nat-oop,31911,28088,4.021,0.880,5.306e-16,prime,1
2299,1,z:ilp,nat-oop,4816,10693,26.656,2.220,1.242e-15,flat,0
2299,1,z:ilp,nat-oop,4574,10891,28.063,2.381,1.242e-15,flat,1
2300,1,z:ilp,nat-oop,3679,11420,34.910,3.104,6.034e-16,chain3,0
2300,1,z:ilp,nat-oop,3706,11426,34.656,3.083,6.034e-16,chain3,1
2301,1,z:ilp,nat-oop,26322,17244,4.881,0.655,5.443e-16,prime,0
2301,1,z:ilp,nat-oop,22153,17214,5.800,0.777,5.443e-16,prime,1
2302,1,z:ilp,nat-oop,22242,24328,5.780,1.094,7.184e-16,prime,0
2302,1,z:ilp,nat-oop,22333,23983,5.756,1.074,7.184e-16,prime,1
2303,1,z:ilp,nat-oop,11415,12520,11.267,1.097,6.029e-16,chain3,0
2303,1,z:ilp,nat-oop,11398,12614,11.284,1.107,6.029e-16,chain3,1
2304,1,z:ilp,nat-oop,2175,8688,59.163,3.994,4.465e-16,ztt,0
2304,1,z:ilp,nat-oop,2182,8727,58.960,3.998,4.465e-16,ztt,1
2305,1,z:ilp,nat-oop,21680,24019,5.938,1.108,5.238e-16,prime,0
2305,1,z:ilp,nat-oop,21722,23979,5.927,1.104,5.238e-16,prime,1
2306,1,z:ilp,nat-oop,23018,23964,5.596,1.041,4.780e-16,prime,0
2306,1,z:ilp,nat-oop,22825,24204,5.643,1.060,4.780e-16,prime,1
2307,1,z:ilp,nat-oop,22275,24098,5.785,1.082,5.116e-16,prime,0
2307,1,z:ilp,nat-oop,21690,24011,5.941,1.107,5.116e-16,prime,1
2308,1,z:ilp,nat-oop,21824,24012,5.908,1.100,6.286e-16,prime,0
2308,1,z:ilp,nat-oop,22250,24092,5.795,1.083,6.286e-16,prime,1
2309,1,z:ilp,nat-oop,21714,23992,5.941,1.105,7.096e-16,prime,0
2309,1,z:ilp,nat-oop,21717,23921,5.940,1.101,7.096e-16,prime,1
2310,1,z:ilp,nat-oop,3556,8828,36.296,2.483,5.314e-16,chain3,0
2310,1,z:ilp,nat-oop,3783,8829,34.116,2.334,5.314e-16,chain3,1
2311,1,z:ilp,nat-oop,12369,23992,10.439,1.940,1.045e-15,prime,0
2311,1,z:ilp,nat-oop,12639,23899,10.216,1.891,1.045e-15,prime,1
2312,1,z:ilp,nat-oop,5715,13601,22.604,2.380,7.805e-16,chain3,0
2312,1,z:ilp,nat-oop,4572,13402,28.254,2.931,7.805e-16,chain3,1
2313,1,z:ilp,nat-oop,26873,24074,4.809,0.896,6.708e-16,prime,0
2313,1,z:ilp,nat-oop,22999,24030,5.620,1.045,6.708e-16,prime,1
2314,1,z:ilp,nat-oop,22349,23464,5.786,1.050,5.422e-16,prime,0
2314,1,z:ilp,nat-oop,22230,23571,5.817,1.060,5.422e-16,prime,1
2315,1,z:ilp,nat-oop,22027,23985,5.873,1.089,6.232e-16,prime,0
2315,1,z:ilp,nat-oop,22776,24033,5.680,1.055,6.232e-16,prime,1
2316,1,z:ilp,nat-oop,21680,23958,5.970,1.105,5.883e-16,prime,0
2316,1,z:ilp,nat-oop,21648,24005,5.979,1.109,5.883e-16,prime,1
2317,1,z:ilp,nat-oop,21605,23982,5.994,1.110,5.501e-16,prime,0
2317,1,z:ilp,nat-oop,22148,23956,5.847,1.082,5.501e-16,prime,1
2318,1,z:ilp,nat-oop,22339,19723,5.800,0.883,4.683e-16,prime,0
2318,1,z:ilp,nat-oop,22303,19756,5.809,0.886,4.683e-16,prime,1
2319,1,z:ilp,nat-oop,22556,24041,5.747,1.066,4.998e-16,prime,0
2319,1,z:ilp,nat-oop,22676,24044,5.716,1.060,4.998e-16,prime,1
2320,1,z:ilp,nat-oop,4994,12768,25.966,2.556,4.597e-16,flat,0
2320,1,z:ilp,nat-oop,4830,12543,26.849,2.597,4.597e-16,flat,1
2321,1,z:ilp,nat-oop,22706,23935,5.714,1.054,5.038e-16,prime,0
2321,1,z:ilp,nat-oop,22856,24144,5.677,1.056,5.038e-16,prime,1
2322,1,z:ilp,nat-oop,7963,15433,16.301,1.938,4.987e-16,chain3,0
2322,1,z:ilp,nat-oop,8189,15515,15.853,1.895,4.987e-16,chain3,1
2323,1,z:ilp,nat-oop,31955,24052,4.064,0.753,5.914e-16,prime,0
2323,1,z:ilp,nat-oop,21830,23969,5.949,1.098,5.914e-16,prime,1
2324,1,z:ilp,nat-oop,23285,23879,5.580,1.025,4.719e-16,prime,0
2324,1,z:ilp,nat-oop,22161,23911,5.864,1.079,4.719e-16,prime,1
2325,1,z:ilp,nat-oop,6739,12255,19.292,1.819,5.722e-16,chain3,0
2325,1,z:ilp,nat-oop,8410,12339,15.458,1.467,5.722e-16,chain3,1
2326,1,z:ilp,nat-oop,22257,24010,5.844,1.079,6.537e-16,prime,0
2326,1,z:ilp,nat-oop,22136,24060,5.876,1.087,6.537e-16,prime,1
2327,1,z:ilp,nat-oop,22434,24172,5.800,1.077,5.382e-16,prime,0
2327,1,z:ilp,nat-oop,22247,23989,5.849,1.078,5.382e-16,prime,1
2328,1,z:ilp,nat-oop,22575,26590,5.767,1.178,5.286e-16,prime,0
2328,1,z:ilp,nat-oop,22116,26752,5.887,1.210,5.286e-16,prime,1
2329,1,z:ilp,nat-oop,22656,23982,5.749,1.059,5.653e-16,prime,0
2329,1,z:ilp,nat-oop,22070,23981,5.902,1.087,5.653e-16,prime,1
2330,1,z:ilp,nat-oop,22285,23971,5.848,1.076,6.118e-16,prime,0
2330,1,z:ilp,nat-oop,21667,23981,6.014,1.107,6.118e-16,prime,1
2331,1,z:ilp,nat-oop,8790,12881,14.833,1.465,5.406e-16,chain3,0
2331,1,z:ilp,nat-oop,9561,12884,13.636,1.347,5.406e-16,chain3,1
2332,1,z:ilp,nat-oop,22210,17977,5.873,0.809,4.085e-16,prime,0
2332,1,z:ilp,nat-oop,22257,18113,5.861,0.814,4.085e-16,prime,1
2333,1,z:ilp,nat-oop,21692,26830,6.016,1.237,5.663e-16,prime,0
2333,1,z:ilp,nat-oop,22294,24125,5.854,1.082,5.663e-16,prime,1
2334,1,z:ilp,nat-oop,22333,23992,5.846,1.074,5.631e-16,prime,0
2334,1,z:ilp,nat-oop,22377,23990,5.835,1.072,5.631e-16,prime,1
2335,1,z:ilp,nat-oop,22351,23974,5.845,1.073,5.120e-16,prime,0
2335,1,z:ilp,nat-oop,28146,24050,4.641,0.854,5.120e-16,prime,1
2336,1,z:ilp,nat-oop,22816,22135,5.728,0.970,5.992e-16,prime,0
2336,1,z:ilp,nat-oop,23082,22140,5.662,0.959,5.992e-16,prime,1
2337,1,z:ilp,nat-oop,6111,15509,21.396,2.538,7.507e-16,chain3,0
2337,1,z:ilp,nat-oop,7525,15346,17.376,2.039,7.507e-16,chain3,1
2338,1,z:ilp,nat-oop,22780,24057,5.743,1.056,6.696e-16,prime,0
2338,1,z:ilp,nat-oop,22274,23970,5.873,1.076,6.696e-16,prime,1
2339,1,z:ilp,nat-oop,22388,24042,5.846,1.074,5.676e-16,prime,0
2339,1,z:ilp,nat-oop,21779,26738,6.010,1.228,5.676e-16,prime,1
2340,1,z:ilp,nat-oop,3023,9583,43.320,3.170,7.580e-16,chain3,0
2340,1,z:ilp,nat-oop,3029,9628,43.231,3.179,7.580e-16,chain3,1
2341,1,z:ilp,nat-oop,11039,24010,11.868,2.175,9.900e-16,prime,0
2341,1,z:ilp,nat-oop,11053,24039,11.853,2.175,9.900e-16,prime,1
2342,1,z:ilp,nat-oop,22178,24014,5.910,1.083,5.660e-16,prime,0
2342,1,z:ilp,nat-oop,22642,24005,5.789,1.060,5.660e-16,prime,1
2343,1,z:ilp,nat-oop,22266,20234,5.890,0.909,4.872e-16,prime,0
2343,1,z:ilp,nat-oop,22372,20320,5.862,0.908,4.872e-16,prime,1
2344,1,z:ilp,nat-oop,22467,24050,5.840,1.070,7.000e-16,prime,0
2344,1,z:ilp,nat-oop,22268,24244,5.892,1.089,7.000e-16,prime,1
2345,1,z:ilp,nat-oop,22570,17199,5.816,0.762,4.803e-16,prime,0
2345,1,z:ilp,nat-oop,22865,17178,5.741,0.751,4.803e-16,prime,1
2346,1,z:ilp,nat-oop,4476,13611,29.339,3.041,6.429e-16,chain3,0
2346,1,z:ilp,nat-oop,4629,13628,28.369,2.944,6.429e-16,chain3,1
2347,1,z:ilp,nat-oop,15922,24035,8.252,1.510,1.011e-15,prime,0
2347,1,z:ilp,nat-oop,16118,26768,8.152,1.661,1.011e-15,prime,1
2348,1,z:ilp,nat-oop,21680,24073,6.063,1.110,6.715e-16,prime,0
2348,1,z:ilp,nat-oop,22173,23939,5.929,1.080,6.715e-16,prime,1
2349,1,z:ilp,nat-oop,7657,12096,17.175,1.580,6.573e-16,chain3,0
2349,1,z:ilp,nat-oop,5604,12131,23.469,2.165,6.573e-16,chain3,1
2350,1,z:ilp,nat-oop,12888,15253,10.210,1.184,5.015e-16,chain3,0
2350,1,z:ilp,nat-oop,8657,15489,15.200,1.789,5.015e-16,chain3,1
2351,1,z:ilp,nat-oop,22267,24054,5.912,1.080,5.859e-16,prime,0
2351,1,z:ilp,nat-oop,22213,23955,5.927,1.078,5.859e-16,prime,1
2352,1,z:ilp,nat-oop,2259,7955,58.310,3.522,4.240e-16,ztt,0
2352,1,z:ilp,nat-oop,2275,7978,57.887,3.506,4.240e-16,ztt,1
2353,1,z:ilp,nat-oop,22327,24038,5.902,1.077,5.569e-16,prime,0
2353,1,z:ilp,nat-oop,21684,23979,6.077,1.106,5.569e-16,prime,1
2354,1,z:ilp,nat-oop,22422,24015,5.880,1.071,5.360e-16,prime,0
2354,1,z:ilp,nat-oop,22558,23986,5.844,1.063,5.360e-16,prime,1
2355,1,z:ilp,nat-oop,22302,26896,5.914,1.206,6.668e-16,prime,0
2355,1,z:ilp,nat-oop,23914,24029,5.516,1.005,6.668e-16,prime,1
2356,1,z:ilp,nat-oop,5391,16013,24.478,2.970,5.446e-16,chain3,0
2356,1,z:ilp,nat-oop,5343,16216,24.699,3.035,5.446e-16,chain3,1
2357,1,z:ilp,nat-oop,21774,24013,6.063,1.103,6.384e-16,prime,0
2357,1,z:ilp,nat-oop,22338,23949,5.910,1.072,6.384e-16,prime,1
2358,1,z:ilp,nat-oop,22608,24053,5.843,1.064,6.681e-16,prime,0
2358,1,z:ilp,nat-oop,22334,23975,5.914,1.073,6.681e-16,prime,1
2359,1,z:ilp,nat-oop,22243,23957,5.941,1.077,4.752e-16,prime,0
2359,1,z:ilp,nat-oop,22128,24179,5.972,1.093,4.752e-16,prime,1
2360,1,z:ilp,nat-oop,22249,18984,5.943,0.853,4.362e-16,prime,0
2360,1,z:ilp,nat-oop,22229,19082,5.948,0.858,4.362e-16,prime,1
2361,1,z:ilp,nat-oop,22318,24058,5.927,1.078,6.917e-16,prime,0
2361,1,z:ilp,nat-oop,21772,24016,6.075,1.103,6.917e-16,prime,1
2362,1,z:ilp,nat-oop,22081,23952,5.993,1.085,5.618e-16,prime,0
2362,1,z:ilp,nat-oop,22640,24031,5.845,1.061,5.618e-16,prime,1
2363,1,z:ilp,nat-oop,23161,26779,5.717,1.156,6.513e-16,prime,0
2363,1,z:ilp,nat-oop,22446,24011,5.899,1.070,6.513e-16,prime,1
2364,1,z:ilp,nat-oop,22746,24242,5.824,1.066,5.466e-16,prime,0
2364,1,z:ilp,nat-oop,22213,24140,5.963,1.087,5.466e-16,prime,1
2365,1,z:ilp,nat-oop,8448,14349,15.688,1.699,5.569e-16,chain3,0
2365,1,z:ilp,nat-oop,11151,14182,11.885,1.272,5.569e-16,chain3,1
2366,1,z:ilp,nat-oop,5434,9971,24.400,1.835,1.099e-15,flat,0
2366,1,z:ilp,nat-oop,6174,9827,21.476,1.592,1.099e-15,flat,1
2367,1,z:ilp,nat-oop,21717,23965,6.108,1.104,6.721e-16,prime,0
2367,1,z:ilp,nat-oop,22356,23980,5.934,1.073,6.721e-16,prime,1
2368,1,z:ilp,nat-oop,9039,14614,14.682,1.617,4.791e-16,2p,0
2368,1,z:ilp,nat-oop,8388,14643,15.822,1.746,4.791e-16,2p,1
2369,1,z:ilp,nat-oop,22059,24019,6.019,1.089,5.035e-16,prime,0
2369,1,z:ilp,nat-oop,22101,23958,6.008,1.084,5.035e-16,prime,1
2370,1,z:ilp,nat-oop,22545,23461,5.892,1.041,5.563e-16,prime,0
2370,1,z:ilp,nat-oop,22616,23413,5.874,1.035,5.563e-16,prime,1
2371,1,z:ilp,nat-oop,22371,23978,5.941,1.072,6.459e-16,prime,0
2371,1,z:ilp,nat-oop,21730,24064,6.116,1.107,6.459e-16,prime,1
2372,1,z:ilp,nat-oop,22202,23932,5.989,1.078,6.612e-16,prime,0
2372,1,z:ilp,nat-oop,22770,23998,5.840,1.054,6.612e-16,prime,1
2373,1,z:ilp,nat-oop,22259,23985,5.977,1.078,6.418e-16,prime,0
2373,1,z:ilp,nat-oop,22085,23961,6.024,1.085,6.418e-16,prime,1
2374,1,z:ilp,nat-oop,22064,24000,6.032,1.088,5.624e-16,prime,0
2374,1,z:ilp,nat-oop,22101,23991,6.022,1.086,5.624e-16,prime,1
2375,1,z:ilp,nat-oop,4006,9581,33.240,2.392,6.816e-16,flat,0
2375,1,z:ilp,nat-oop,4036,9565,32.997,2.370,6.816e-16,flat,1
2376,1,z:ilp,nat-oop,4150,9547,32.101,2.300,4.689e-16,chain3,0
2376,1,z:ilp,nat-oop,4243,9541,31.400,2.249,4.689e-16,chain3,1
2377,1,z:ilp,nat-oop,16661,24017,8.000,1.442,9.191e-16,prime,0
2377,1,z:ilp,nat-oop,16025,24045,8.318,1.500,9.191e-16,prime,1
2378,1,z:ilp,nat-oop,6919,17635,19.273,2.549,2.510e-15,flat,0
2378,1,z:ilp,nat-oop,6778,17513,19.675,2.584,2.510e-15,flat,1
2379,1,z:ilp,nat-oop,21830,18371,6.112,0.842,5.678e-16,prime,0
2379,1,z:ilp,nat-oop,21742,18246,6.136,0.839,5.678e-16,prime,1
2380,1,z:ilp,nat-oop,4971,10299,26.853,2.072,4.889e-16,flat,0
2380,1,z:ilp,nat-oop,4751,10155,28.093,2.137,4.889e-16,flat,1
2381,1,z:ilp,nat-oop,21710,24110,6.151,1.111,7.450e-16,prime,0
2381,1,z:ilp,nat-oop,21722,24071,6.148,1.108,7.450e-16,prime,1
2382,1,z:ilp,nat-oop,22618,24053,5.907,1.063,6.656e-16,prime,0
2382,1,z:ilp,nat-oop,25216,24034,5.298,0.953,6.656e-16,prime,1
2383,1,z:ilp,nat-oop,22213,24010,6.018,1.081,6.184e-16,prime,0
2383,1,z:ilp,nat-oop,22185,24169,6.025,1.089,6.184e-16,prime,1
2384,1,z:ilp,nat-oop,22395,23957,5.972,1.070,6.355e-16,prime,0
2384,1,z:ilp,nat-oop,21792,24004,6.137,1.102,6.355e-16,prime,1
2385,1,z:ilp,nat-oop,22530,17113,5.938,0.760,5.296e-16,prime,0
2385,1,z:ilp,nat-oop,22910,16989,5.840,0.742,5.296e-16,prime,1
2386,1,z:ilp,nat-oop,22234,24208,6.021,1.089,5.559e-16,prime,0
2386,1,z:ilp,nat-oop,22778,23993,5.877,1.053,5.559e-16,prime,1
2387,1,z:ilp,nat-oop,8716,11882,15.365,1.363,4.720e-16,chain3,0
2387,1,z:ilp,nat-oop,8599,11966,15.575,1.392,4.720e-16,chain3,1
2388,1,z:ilp,nat-oop,22738,24011,5.893,1.056,5.313e-16,prime,0
2388,1,z:ilp,nat-oop,22687,24006,5.906,1.058,5.313e-16,prime,1
2389,1,z:ilp,nat-oop,22059,24253,6.077,1.099,6.415e-16,prime,0
2389,1,z:ilp,nat-oop,21842,25509,6.137,1.168,6.415e-16,prime,1
2390,1,z:ilp,nat-oop,21759,24006,6.163,1.103,4.835e-16,prime,0
2390,1,z:ilp,nat-oop,22553,24105,5.947,1.069,4.835e-16,prime,1
2391,1,z:ilp,nat-oop,22697,23978,5.912,1.056,6.375e-16,prime,0
2391,1,z:ilp,nat-oop,22138,23940,6.061,1.081,6.375e-16,prime,1
2392,1,z:ilp,nat-oop,4734,14214,28.358,3.003,5.945e-16,chain3,0
2392,1,z:ilp,nat-oop,4657,14237,28.828,3.057,5.945e-16,chain3,1
2393,1,z:ilp,nat-oop,15023,24050,8.940,1.601,9.746e-16,prime,0
2393,1,z:ilp,nat-oop,15050,24030,8.924,1.597,9.746e-16,prime,1
2394,1,z:ilp,nat-oop,4437,10913,30.281,2.459,5.388e-16,chain3,0
2394,1,z:ilp,nat-oop,4468,11005,30.074,2.463,5.388e-16,chain3,1
2395,1,z:ilp,nat-oop,22518,24005,5.970,1.066,5.073e-16,prime,0
2395,1,z:ilp,nat-oop,22334,24058,6.019,1.077,5.073e-16,prime,1
2396,1,z:ilp,nat-oop,31867,24082,4.220,0.756,5.820e-16,prime,0
2396,1,z:ilp,nat-oop,22955,24078,5.859,1.049,5.820e-16,prime,1
2397,1,z:ilp,nat-oop,7429,16860,18.113,2.270,1.589e-15,flat,0
2397,1,z:ilp,nat-oop,6988,16752,19.256,2.397,1.589e-15,flat,1
2398,1,z:ilp,nat-oop,22392,24066,6.012,1.075,4.914e-16,prime,0
2398,1,z:ilp,nat-oop,21807,24038,6.173,1.102,4.914e-16,prime,1
2399,1,z:ilp,nat-oop,22431,24027,6.004,1.071,5.556e-16,prime,0
2399,1,z:ilp,nat-oop,21856,24101,6.162,1.103,5.556e-16,prime,1
2400,1,z:ilp,nat-oop,2437,8247,55.294,3.384,3.786e-16,ztt,0
2400,1,z:ilp,nat-oop,2415,8245,55.795,3.414,3.786e-16,ztt,1
2401,1,z:ilp,nat-oop,4561,6167,29.560,1.352,6.788e-16,flat,0
2401,1,z:ilp,nat-oop,4604,6209,29.283,1.349,6.788e-16,flat,1
2402,1,z:ilp,nat-oop,21833,23957,6.177,1.097,6.396e-16,prime,0
2402,1,z:ilp,nat-oop,22120,27815,6.097,1.257,6.396e-16,prime,1
2403,1,z:ilp,nat-oop,22377,24998,6.030,1.117,4.943e-16,prime,0
2403,1,z:ilp,nat-oop,22366,25259,6.033,1.129,4.943e-16,prime,1
2404,1,z:ilp,nat-oop,23111,24069,5.841,1.041,7.166e-16,prime,0
2404,1,z:ilp,nat-oop,22851,23971,5.908,1.049,7.166e-16,prime,1
2405,1,z:ilp,nat-oop,5929,13327,22.780,2.248,6.273e-16,chain3,0
2405,1,z:ilp,nat-oop,5360,13395,25.197,2.499,6.273e-16,chain3,1
2406,1,z:ilp,nat-oop,22560,24222,5.990,1.074,5.637e-16,prime,0
2406,1,z:ilp,nat-oop,22087,24050,6.118,1.089,5.637e-16,prime,1
2407,1,z:ilp,nat-oop,22107,26105,6.115,1.181,8.076e-16,prime,0
2407,1,z:ilp,nat-oop,22644,26190,5.970,1.157,8.076e-16,prime,1
2408,1,z:ilp,nat-oop,4740,15898,28.537,3.354,4.754e-16,chain3,0
2408,1,z:ilp,nat-oop,4765,15950,28.386,3.348,4.754e-16,chain3,1
2409,1,z:ilp,nat-oop,22152,20844,6.109,0.941,4.674e-16,prime,0
2409,1,z:ilp,nat-oop,22673,20775,5.968,0.916,4.674e-16,prime,1
2410,1,z:ilp,nat-oop,22840,24013,5.927,1.051,6.641e-16,prime,0
2410,1,z:ilp,nat-oop,22242,24025,6.087,1.080,6.641e-16,prime,1
2411,1,z:ilp,nat-oop,21452,24099,6.314,1.123,6.501e-16,prime,0
2411,1,z:ilp,nat-oop,21894,23993,6.186,1.096,6.501e-16,prime,1
2412,1,z:ilp,nat-oop,28905,21696,4.688,0.751,5.254e-16,prime,0
2412,1,z:ilp,nat-oop,22761,21701,5.953,0.953,5.254e-16,prime,1
2413,1,z:ilp,nat-oop,22711,24181,5.969,1.065,5.119e-16,prime,0
2413,1,z:ilp,nat-oop,22625,24089,5.992,1.065,5.119e-16,prime,1
2414,1,z:ilp,nat-oop,21938,22521,6.183,1.027,5.742e-16,prime,0
2414,1,z:ilp,nat-oop,21932,22438,6.184,1.023,5.742e-16,prime,1
2415,1,z:ilp,nat-oop,6498,10448,20.883,1.608,6.199e-16,chain3,0
2415,1,z:ilp,nat-oop,5712,10266,23.758,1.797,6.199e-16,chain3,1
2416,1,z:ilp,nat-oop,22393,23964,6.063,1.070,6.043e-16,prime,0
2416,1,z:ilp,nat-oop,22248,24123,6.102,1.084,6.043e-16,prime,1
2417,1,z:ilp,nat-oop,21389,26863,6.350,1.256,5.662e-16,prime,0
2417,1,z:ilp,nat-oop,21676,24124,6.266,1.113,5.662e-16,prime,1
2418,1,z:ilp,nat-oop,6462,14858,21.030,2.299,1.105e-15,flat,0
2418,1,z:ilp,nat-oop,6155,14492,22.077,2.354,1.105e-15,flat,1
2419,1,z:ilp,nat-oop,22773,23490,5.970,1.031,4.999e-16,prime,0
2419,1,z:ilp,nat-oop,22251,23420,6.110,1.053,4.999e-16,prime,1
2420,1,z:ilp,nat-oop,4016,11545,33.867,2.875,6.578e-16,flat,0
2420,1,z:ilp,nat-oop,4027,11593,33.777,2.879,6.578e-16,flat,1
2421,1,z:ilp,nat-oop,26798,24093,5.078,0.899,6.507e-16,prime,0
2421,1,z:ilp,nat-oop,22569,28028,6.029,1.242,6.507e-16,prime,1
2422,1,z:ilp,nat-oop,22601,24084,6.024,1.066,6.802e-16,prime,0
2422,1,z:ilp,nat-oop,22336,23991,6.095,1.074,6.802e-16,prime,1
2423,1,z:ilp,nat-oop,22323,24142,6.102,1.082,5.581e-16,prime,0
2423,1,z:ilp,nat-oop,22693,24012,6.002,1.058,5.581e-16,prime,1
2424,1,z:ilp,nat-oop,22674,26944,6.010,1.188,6.654e-16,prime,0
2424,1,z:ilp,nat-oop,22107,24077,6.164,1.089,6.654e-16,prime,1
2425,1,z:ilp,nat-oop,21722,23981,6.276,1.104,6.260e-16,prime,0
2425,1,z:ilp,nat-oop,22398,24407,6.087,1.090,6.260e-16,prime,1
2426,1,z:ilp,nat-oop,22580,23993,6.040,1.063,5.831e-16,prime,0
2426,1,z:ilp,nat-oop,22316,24255,6.112,1.087,5.831e-16,prime,1
2427,1,z:ilp,nat-oop,22317,24070,6.115,1.079,5.932e-16,prime,0
2427,1,z:ilp,nat-oop,21717,24021,6.284,1.106,5.932e-16,prime,1
2428,1,z:ilp,nat-oop,22955,24058,5.947,1.048,4.788e-16,prime,0
2428,1,z:ilp,nat-oop,24140,29851,5.655,1.237,4.788e-16,prime,1
2429,1,z:ilp,nat-oop,22182,24095,6.157,1.086,5.869e-16,prime,0
2429,1,z:ilp,nat-oop,22217,24089,6.148,1.084,5.869e-16,prime,1
2430,1,z:ilp,nat-oop,5086,8407,26.867,1.653,5.380e-16,chain3,0
2430,1,z:ilp,nat-oop,4410,8377,30.987,1.900,5.380e-16,chain3,1
2431,1,z:ilp,nat-oop,4548,11227,30.057,2.468,5.993e-16,chain3,0
2431,1,z:ilp,nat-oop,4663,10880,29.317,2.333,5.993e-16,chain3,1
2432,1,z:ilp,nat-oop,3653,11504,37.440,3.149,3.920e-16,chain3,0
2432,1,z:ilp,nat-oop,3524,11676,38.807,3.313,3.920e-16,chain3,1
2433,1,z:ilp,nat-oop,21750,23901,6.291,1.099,5.687e-16,prime,0
2433,1,z:ilp,nat-oop,21774,24041,6.285,1.104,5.687e-16,prime,1
2434,1,z:ilp,nat-oop,22725,24042,6.024,1.058,5.510e-16,prime,0
2434,1,z:ilp,nat-oop,22116,24077,6.190,1.089,5.510e-16,prime,1
2435,1,z:ilp,nat-oop,22753,24038,6.020,1.056,5.804e-16,prime,0
2435,1,z:ilp,nat-oop,22701,23998,6.034,1.057,5.804e-16,prime,1
2436,1,z:ilp,nat-oop,5309,13130,25.809,2.473,5.850e-16,flat,0
2436,1,z:ilp,nat-oop,5203,13210,26.336,2.539,5.850e-16,flat,1
2437,1,z:ilp,nat-oop,15969,24079,8.585,1.508,8.471e-16,prime,0
2437,1,z:ilp,nat-oop,17815,24097,7.695,1.353,8.471e-16,prime,1
2438,1,z:ilp,nat-oop,21759,20032,6.303,0.921,4.784e-16,prime,0
2438,1,z:ilp,nat-oop,21736,19892,6.310,0.915,4.784e-16,prime,1
2439,1,z:ilp,nat-oop,21729,24084,6.315,1.108,5.100e-16,prime,0
2439,1,z:ilp,nat-oop,21774,23989,6.302,1.102,5.100e-16,prime,1
2440,1,z:ilp,nat-oop,21737,20028,6.315,0.921,4.707e-16,prime,0
2440,1,z:ilp,nat-oop,21719,20039,6.321,0.923,4.707e-16,prime,1
2441,1,z:ilp,nat-oop,22291,25516,6.162,1.145,6.321e-16,prime,0
2441,1,z:ilp,nat-oop,22371,24093,6.140,1.077,6.321e-16,prime,1
2442,1,z:ilp,nat-oop,5235,15406,26.250,2.943,4.926e-16,chain3,0
2442,1,z:ilp,nat-oop,5074,15272,27.081,3.010,4.926e-16,chain3,1
2443,1,z:ilp,nat-oop,22290,23971,6.168,1.075,6.022e-16,prime,0
2443,1,z:ilp,nat-oop,22641,24005,6.072,1.060,6.022e-16,prime,1
2444,1,z:ilp,nat-oop,6055,18211,22.716,3.008,8.775e-16,flat,0
2444,1,z:ilp,nat-oop,6023,18254,22.835,3.031,8.775e-16,flat,1
2445,1,z:ilp,nat-oop,21703,30779,6.340,1.418,6.305e-16,prime,0
2445,1,z:ilp,nat-oop,22268,23982,6.179,1.077,6.305e-16,prime,1
2446,1,z:ilp,nat-oop,21678,24025,6.350,1.108,5.030e-16,prime,0
2446,1,z:ilp,nat-oop,21719,24016,6.338,1.106,5.030e-16,prime,1
2447,1,z:ilp,nat-oop,21615,24061,6.372,1.113,6.319e-16,prime,0
2447,1,z:ilp,nat-oop,21659,30846,6.359,1.424,6.319e-16,prime,1
2448,1,z:ilp,nat-oop,3272,10819,42.113,3.306,5.814e-16,chain3,0
2448,1,z:ilp,nat-oop,3228,10822,42.682,3.352,5.814e-16,chain3,1
2449,1,z:ilp,nat-oop,22651,26692,6.086,1.178,4.710e-16,prime,0
2449,1,z:ilp,nat-oop,22473,26655,6.134,1.186,4.710e-16,prime,1
2450,1,z:ilp,nat-oop,4664,7606,29.571,1.631,4.618e-16,flat,0
2450,1,z:ilp,nat-oop,4630,7616,29.789,1.645,4.618e-16,flat,1
2451,1,z:ilp,nat-oop,7366,17091,18.733,2.320,1.367e-15,flat,0
2451,1,z:ilp,nat-oop,7200,16828,19.164,2.337,1.367e-15,flat,1
2452,1,z:ilp,nat-oop,33073,29847,4.174,0.902,6.254e-16,prime,0
2452,1,z:ilp,nat-oop,21706,26616,6.360,1.226,6.254e-16,prime,1
2453,1,z:ilp,nat-oop,22065,23967,6.259,1.086,6.184e-16,prime,0
2453,1,z:ilp,nat-oop,22644,24041,6.099,1.062,6.184e-16,prime,1
2454,1,z:ilp,nat-oop,22622,24013,6.108,1.062,6.065e-16,prime,0
2454,1,z:ilp,nat-oop,23049,24082,5.995,1.045,6.065e-16,prime,1
2455,1,z:ilp,nat-oop,22984,24189,6.014,1.052,5.655e-16,prime,0
2455,1,z:ilp,nat-oop,33466,29546,4.131,0.883,5.655e-16,prime,1
2456,1,z:ilp,nat-oop,22229,24047,6.221,1.082,6.667e-16,prime,0
2456,1,z:ilp,nat-oop,21726,24081,6.366,1.108,6.667e-16,prime,1
2457,1,z:ilp,nat-oop,4376,9231,31.622,2.110,8.285e-16,chain3,0
2457,1,z:ilp,nat-oop,4392,9241,31.505,2.104,8.285e-16,chain3,1
2458,1,z:ilp,nat-oop,22290,24071,6.210,1.080,6.092e-16,prime,0
2458,1,z:ilp,nat-oop,22339,23972,6.197,1.073,6.092e-16,prime,1
2459,1,z:ilp,nat-oop,22120,24040,6.261,1.087,5.762e-16,prime,0
2459,1,z:ilp,nat-oop,22074,24021,6.274,1.088,5.762e-16,prime,1
2460,1,z:ilp,nat-oop,5289,15683,26.196,2.965,6.012e-16,flat,0
2460,1,z:ilp,nat-oop,5279,15674,26.244,2.969,6.012e-16,flat,1
2461,1,z:ilp,nat-oop,22068,24060,6.281,1.090,4.660e-16,prime,0
2461,1,z:ilp,nat-oop,23038,24030,6.017,1.043,4.660e-16,prime,1
2462,1,z:ilp,nat-oop,21743,24017,6.378,1.105,6.913e-16,prime,0
2462,1,z:ilp,nat-oop,22294,23977,6.220,1.075,6.913e-16,prime,1
2463,1,z:ilp,nat-oop,21734,24041,6.384,1.106,5.734e-16,prime,0
2463,1,z:ilp,nat-oop,22303,24026,6.221,1.077,5.734e-16,prime,1
2464,1,z:ilp,nat-oop,2945,9876,47.127,3.353,4.431e-16,chain3,0
2464,1,z:ilp,nat-oop,2940,9899,47.206,3.367,4.431e-16,chain3,1
2465,1,z:ilp,nat-oop,6456,12997,21.511,2.013,1.554e-15,flat,0
2465,1,z:ilp,nat-oop,6514,12908,21.319,1.982,1.554e-15,flat,1
2466,1,z:ilp,nat-oop,22636,24043,6.138,1.062,5.087e-16,prime,0
2466,1,z:ilp,nat-oop,23054,24046,6.026,1.043,5.087e-16,prime,1
2467,1,z:ilp,nat-oop,21792,24235,6.378,1.112,6.243e-16,prime,0
2467,1,z:ilp,nat-oop,22235,24074,6.251,1.083,6.243e-16,prime,1
2468,1,z:ilp,nat-oop,22654,24195,6.139,1.068,5.881e-16,prime,0
2468,1,z:ilp,nat-oop,22645,24060,6.141,1.062,5.881e-16,prime,1
2469,1,z:ilp,nat-oop,22263,23954,6.249,1.076,6.813e-16,prime,0
2469,1,z:ilp,nat-oop,22690,24027,6.131,1.059,6.813e-16,prime,1
2470,1,z:ilp,nat-oop,5463,12024,25.479,2.201,7.242e-16,chain3,0
2470,1,z:ilp,nat-oop,5501,12148,25.304,2.208,7.242e-16,chain3,1
2471,1,z:ilp,nat-oop,22124,24041,6.294,1.087,6.286e-16,prime,0
2471,1,z:ilp,nat-oop,22671,24474,6.142,1.080,6.286e-16,prime,1
2472,1,z:ilp,nat-oop,22384,23961,6.224,1.070,5.771e-16,prime,0
2472,1,z:ilp,nat-oop,22623,24154,6.158,1.068,5.771e-16,prime,1
2473,1,z:ilp,nat-oop,21763,24074,6.404,1.106,6.966e-16,prime,0
2473,1,z:ilp,nat-oop,21444,24104,6.500,1.124,6.966e-16,prime,1
2474,1,z:ilp,nat-oop,22095,24235,6.311,1.097,7.975e-16,prime,0
2474,1,z:ilp,nat-oop,33419,29846,4.173,0.893,7.975e-16,prime,1
2475,1,z:ilp,nat-oop,4167,8921,33.478,2.141,7.231e-16,chain3,0
2475,1,z:ilp,nat-oop,4117,8844,33.885,2.148,7.231e-16,chain3,1
2476,1,z:ilp,nat-oop,21749,24032,6.417,1.105,5.877e-16,prime,0
2476,1,z:ilp,nat-oop,21753,27463,6.416,1.262,5.877e-16,prime,1
2477,1,z:ilp,nat-oop,21834,24053,6.395,1.102,6.265e-16,prime,0
2477,1,z:ilp,nat-oop,22307,24344,6.260,1.091,6.265e-16,prime,1
2478,1,z:ilp,nat-oop,21746,18905,6.424,0.869,6.925e-16,prime,0
2478,1,z:ilp,nat-oop,21707,18879,6.436,0.870,6.925e-16,prime,1
2479,1,z:ilp,nat-oop,21722,25165,6.434,1.158,7.099e-16,prime,0
2479,1,z:ilp,nat-oop,21761,25203,6.422,1.158,7.099e-16,prime,1
2480,1,z:ilp,nat-oop,4846,14223,28.853,2.935,4.306e-16,flat,0
2480,1,z:ilp,nat-oop,5246,14202,26.651,2.707,4.306e-16,flat,1
2481,1,z:ilp,nat-oop,22732,24098,6.154,1.060,6.668e-16,prime,0
2481,1,z:ilp,nat-oop,21739,24032,6.435,1.105,6.668e-16,prime,1
2482,1,z:ilp,nat-oop,21435,23063,6.529,1.076,4.216e-16,prime,0
2482,1,z:ilp,nat-oop,21736,23280,6.439,1.071,4.216e-16,prime,1
2483,1,z:ilp,nat-oop,23113,23985,6.058,1.038,5.793e-16,prime,0
2483,1,z:ilp,nat-oop,22158,24008,6.319,1.083,5.793e-16,prime,1
2484,1,z:ilp,nat-oop,3714,12686,37.721,3.416,5.918e-16,chain3,0
2484,1,z:ilp,nat-oop,3644,12750,38.442,3.499,5.918e-16,chain3,1
2485,1,z:ilp,nat-oop,21821,19229,6.422,0.881,5.671e-16,prime,0
2485,1,z:ilp,nat-oop,22335,19347,6.275,0.866,5.671e-16,prime,1
2486,1,z:ilp,nat-oop,21753,24108,6.445,1.108,4.996e-16,prime,0
2486,1,z:ilp,nat-oop,22348,24084,6.274,1.078,4.996e-16,prime,1
2487,1,z:ilp,nat-oop,21757,24066,6.447,1.106,4.868e-16,prime,0
2487,1,z:ilp,nat-oop,22309,24053,6.288,1.078,4.868e-16,prime,1
2488,1,z:ilp,nat-oop,22106,24012,6.348,1.086,6.216e-16,prime,0
2488,1,z:ilp,nat-oop,22685,24021,6.186,1.059,6.216e-16,prime,1
2489,1,z:ilp,nat-oop,22270,23998,6.304,1.078,5.969e-16,prime,0
2489,1,z:ilp,nat-oop,21758,26756,6.453,1.230,5.969e-16,prime,1
2490,1,z:ilp,nat-oop,22423,25380,6.264,1.132,5.626e-16,prime,0
2490,1,z:ilp,nat-oop,22299,25442,6.299,1.141,5.626e-16,prime,1
2491,1,z:ilp,nat-oop,22727,24263,6.183,1.068,6.903e-16,prime,0
2491,1,z:ilp,nat-oop,22101,24333,6.358,1.101,6.903e-16,prime,1
2492,1,z:ilp,nat-oop,22102,26745,6.361,1.210,4.245e-16,prime,0
2492,1,z:ilp,nat-oop,22153,26802,6.346,1.210,4.245e-16,prime,1
2493,1,z:ilp,nat-oop,21704,24066,6.481,1.109,6.380e-16,prime,0
2493,1,z:ilp,nat-oop,22288,24051,6.311,1.079,6.380e-16,prime,1
2494,1,z:ilp,nat-oop,7686,19171,18.308,2.494,2.872e-15,flat,0
2494,1,z:ilp,nat-oop,7553,19196,18.630,2.541,2.872e-15,flat,1
2495,1,z:ilp,nat-oop,27047,24038,5.205,0.889,5.851e-16,prime,0
2495,1,z:ilp,nat-oop,22332,26827,6.304,1.201,5.851e-16,prime,1
2496,1,z:ilp,nat-oop,3052,10373,46.147,3.399,6.070e-16,chain3,0
2496,1,z:ilp,nat-oop,2958,10416,47.614,3.521,6.070e-16,chain3,1
2497,1,z:ilp,nat-oop,22315,24167,6.314,1.083,5.113e-16,prime,0
2497,1,z:ilp,nat-oop,25902,24035,5.440,0.928,5.113e-16,prime,1
2498,1,z:ilp,nat-oop,22221,23989,6.344,1.080,5.548e-16,prime,0
2498,1,z:ilp,nat-oop,21708,24018,6.494,1.106,5.548e-16,prime,1
2499,1,z:ilp,nat-oop,4448,9549,31.705,2.147,6.600e-16,chain3,0
2499,1,z:ilp,nat-oop,4088,9542,34.500,2.334,6.600e-16,chain3,1
2500,1,z:ilp,nat-oop,3717,8259,37.963,2.222,5.584e-16,chain3,0
2500,1,z:ilp,nat-oop,3666,8252,38.484,2.251,5.584e-16,chain3,1
2501,1,z:ilp,nat-oop,22099,24586,6.388,1.113,4.860e-16,prime,0
2501,1,z:ilp,nat-oop,22082,24411,6.392,1.105,4.860e-16,prime,1
2502,1,z:ilp,nat-oop,21768,24200,6.488,1.112,5.386e-16,prime,0
2502,1,z:ilp,nat-oop,21774,24032,6.486,1.104,5.386e-16,prime,1
2503,1,z:ilp,nat-oop,21778,24099,6.487,1.107,6.351e-16,prime,0
2503,1,z:ilp,nat-oop,21767,30887,6.491,1.419,6.351e-16,prime,1
2504,1,z:ilp,nat-oop,21795,24068,6.486,1.104,6.344e-16,prime,0
2504,1,z:ilp,nat-oop,21732,23967,6.504,1.103,6.344e-16,prime,1
2505,1,z:ilp,nat-oop,22071,24090,6.407,1.091,5.806e-16,prime,0
2505,1,z:ilp,nat-oop,22095,23967,6.400,1.085,5.806e-16,prime,1
2506,1,z:ilp,nat-oop,22328,24082,6.336,1.079,5.303e-16,prime,0
2506,1,z:ilp,nat-oop,22688,23995,6.236,1.058,5.303e-16,prime,1
2507,1,z:ilp,nat-oop,22313,24105,6.343,1.080,5.763e-16,prime,0
2507,1,z:ilp,nat-oop,22321,24017,6.341,1.076,5.763e-16,prime,1
2508,1,z:ilp,nat-oop,5747,13990,24.638,2.434,1.384e-15,flat,0
2508,1,z:ilp,nat-oop,4847,13954,29.215,2.879,1.384e-15,flat,1
2509,1,z:ilp,nat-oop,22262,26028,6.364,1.169,6.314e-16,prime,0
2509,1,z:ilp,nat-oop,21797,24070,6.499,1.104,6.314e-16,prime,1
2510,1,z:ilp,nat-oop,22269,24037,6.365,1.079,5.436e-16,prime,0
2510,1,z:ilp,nat-oop,21762,24179,6.513,1.111,5.436e-16,prime,1
2511,1,z:ilp,nat-oop,6728,13693,21.076,2.035,7.511e-16,flat,0
2511,1,z:ilp,nat-oop,5643,13500,25.126,2.392,7.511e-16,flat,1
2512,1,z:ilp,nat-oop,22182,24071,6.395,1.085,4.992e-16,prime,0
2512,1,z:ilp,nat-oop,21749,24111,6.523,1.109,4.992e-16,prime,1
2513,1,z:ilp,nat-oop,22305,24090,6.363,1.080,4.632e-16,prime,0
2513,1,z:ilp,nat-oop,26654,26839,5.325,1.007,4.632e-16,prime,1
2514,1,z:ilp,nat-oop,21752,24077,6.527,1.107,6.781e-16,prime,0
2514,1,z:ilp,nat-oop,22317,24253,6.362,1.087,6.781e-16,prime,1
2515,1,z:ilp,nat-oop,22284,24086,6.375,1.081,6.989e-16,prime,0
2515,1,z:ilp,nat-oop,21774,24061,6.524,1.105,6.989e-16,prime,1
2516,1,z:ilp,nat-oop,6393,17529,22.231,2.742,6.989e-16,chain3,0
2516,1,z:ilp,nat-oop,5579,17360,25.471,3.111,6.989e-16,chain3,1
2517,1,z:ilp,nat-oop,22340,24110,6.364,1.079,6.576e-16,prime,0
2517,1,z:ilp,nat-oop,22242,24135,6.392,1.085,6.576e-16,prime,1
2518,1,z:ilp,nat-oop,22218,24103,6.402,1.085,5.350e-16,prime,0
2518,1,z:ilp,nat-oop,22407,24129,6.348,1.077,5.350e-16,prime,1
2519,1,z:ilp,nat-oop,22760,24141,6.252,1.061,5.654e-16,prime,0
2519,1,z:ilp,nat-oop,22704,24124,6.268,1.063,5.654e-16,prime,1
2520,1,z:ilp,nat-oop,3172,8507,44.880,2.682,6.501e-16,chain3,0
2520,1,z:ilp,nat-oop,3210,8486,44.353,2.644,6.501e-16,chain3,1
2521,1,z:ilp,nat-oop,14116,24104,10.090,1.708,9.025e-16,prime,0
2521,1,z:ilp,nat-oop,14205,24432,10.027,1.720,9.025e-16,prime,1
2522,1,z:ilp,nat-oop,21799,27400,6.537,1.257,5.377e-16,prime,0
2522,1,z:ilp,nat-oop,25969,27595,5.487,1.063,5.377e-16,prime,1
2523,1,z:ilp,nat-oop,6509,16097,21.901,2.473,1.385e-15,flat,0
2523,1,z:ilp,nat-oop,6734,15959,21.171,2.370,1.385e-15,flat,1
2524,1,z:ilp,nat-oop,22513,23994,6.335,1.066,6.853e-16,prime,0
2524,1,z:ilp,nat-oop,23025,24156,6.194,1.049,6.853e-16,prime,1
2525,1,z:ilp,nat-oop,22328,26924,6.391,1.206,8.020e-16,prime,0
2525,1,z:ilp,nat-oop,22443,24186,6.358,1.078,8.020e-16,prime,1
2526,1,z:ilp,nat-oop,22739,24003,6.278,1.056,5.720e-16,prime,0
2526,1,z:ilp,nat-oop,22679,24030,6.295,1.060,5.720e-16,prime,1
2527,1,z:ilp,nat-oop,5089,12059,28.066,2.370,5.337e-16,chain3,0
2527,1,z:ilp,nat-oop,5816,12151,24.554,2.089,5.337e-16,chain3,1
2528,1,z:ilp,nat-oop,22666,25534,6.304,1.126,4.981e-16,prime,0
2528,1,z:ilp,nat-oop,23112,25597,6.182,1.108,4.981e-16,prime,1
2529,1,z:ilp,nat-oop,21770,24045,6.566,1.105,7.044e-16,prime,0
2529,1,z:ilp,nat-oop,21769,24063,6.566,1.105,7.044e-16,prime,1
2530,1,z:ilp,nat-oop,4069,13107,35.146,3.221,6.942e-16,chain3,0
2530,1,z:ilp,nat-oop,4064,13151,35.185,3.236,6.942e-16,chain3,1
2531,1,z:ilp,nat-oop,14359,24109,9.964,1.679,1.060e-15,prime,0
2531,1,z:ilp,nat-oop,14395,24231,9.939,1.683,1.060e-15,prime,1
2532,1,z:ilp,nat-oop,22344,24061,6.406,1.077,6.363e-16,prime,0
2532,1,z:ilp,nat-oop,22220,24071,6.442,1.083,6.363e-16,prime,1
2533,1,z:ilp,nat-oop,22323,24041,6.415,1.077,6.849e-16,prime,0
2533,1,z:ilp,nat-oop,22662,24032,6.319,1.060,6.849e-16,prime,1
2534,1,z:ilp,nat-oop,22238,24117,6.442,1.084,5.213e-16,prime,0
2534,1,z:ilp,nat-oop,22738,24061,6.300,1.058,5.213e-16,prime,1
2535,1,z:ilp,nat-oop,4588,10491,31.242,2.287,7.254e-16,chain3,0
2535,1,z:ilp,nat-oop,4604,10534,31.133,2.288,7.254e-16,chain3,1
2536,1,z:ilp,nat-oop,22424,24061,6.395,1.073,5.786e-16,prime,0
2536,1,z:ilp,nat-oop,22572,24143,6.353,1.070,5.786e-16,prime,1
2537,1,z:ilp,nat-oop,22479,25384,6.382,1.129,4.838e-16,prime,0
2537,1,z:ilp,nat-oop,22080,25306,6.497,1.146,4.838e-16,prime,1
2538,1,z:ilp,nat-oop,12054,18008,11.906,1.494,5.239e-16,chain3,0
2538,1,z:ilp,nat-oop,12054,17959,11.906,1.490,5.239e-16,chain3,1
2539,1,z:ilp,nat-oop,21768,24129,6.596,1.108,6.184e-16,prime,0
2539,1,z:ilp,nat-oop,22387,24022,6.414,1.073,6.184e-16,prime,1
2540,1,z:ilp,nat-oop,22520,24069,6.379,1.069,4.732e-16,prime,0
2540,1,z:ilp,nat-oop,22732,24092,6.319,1.060,4.732e-16,prime,1
2541,1,z:ilp,nat-oop,5333,10789,26.947,2.023,7.636e-16,flat,0
2541,1,z:ilp,nat-oop,5897,10830,24.372,1.837,7.636e-16,flat,1
2542,1,z:ilp,nat-oop,7761,19483,18.525,2.510,2.586e-15,flat,0
2542,1,z:ilp,nat-oop,7734,19479,18.589,2.519,2.586e-15,flat,1
2543,1,z:ilp,nat-oop,22659,24182,6.348,1.067,5.867e-16,prime,0
2543,1,z:ilp,nat-oop,22756,24093,6.321,1.059,5.867e-16,prime,1
2544,1,z:ilp,nat-oop,22027,19290,6.533,0.876,5.585e-16,prime,0
2544,1,z:ilp,nat-oop,27679,19320,5.199,0.698,5.585e-16,prime,1
2545,1,z:ilp,nat-oop,22181,24075,6.490,1.085,7.239e-16,prime,0
2545,1,z:ilp,nat-oop,22171,24043,6.493,1.084,7.239e-16,prime,1
2546,1,z:ilp,nat-oop,22132,23343,6.508,1.055,4.367e-16,prime,0
2546,1,z:ilp,nat-oop,22694,23223,6.346,1.023,4.367e-16,prime,1
2547,1,z:ilp,nat-oop,22726,24262,6.341,1.068,6.209e-16,prime,0
2547,1,z:ilp,nat-oop,22704,24132,6.346,1.063,6.209e-16,prime,1
2548,1,z:ilp,nat-oop,4131,10151,34.894,2.457,6.259e-16,flat,0
2548,1,z:ilp,nat-oop,3921,10220,36.763,2.606,6.259e-16,flat,1
2549,1,z:ilp,nat-oop,21770,24112,6.625,1.108,6.482e-16,prime,0
2549,1,z:ilp,nat-oop,22360,24119,6.450,1.079,6.482e-16,prime,1
2550,1,z:ilp,nat-oop,3806,10688,37.909,2.808,6.845e-16,chain3,0
2550,1,z:ilp,nat-oop,3958,10658,36.450,2.692,6.845e-16,chain3,1
2551,1,z:ilp,nat-oop,13772,24088,10.481,1.749,1.011e-15,prime,0
2551,1,z:ilp,nat-oop,13633,24075,10.588,1.766,1.011e-15,prime,1
2552,1,z:ilp,nat-oop,4602,15831,31.381,3.440,4.786e-16,chain3,0
2552,1,z:ilp,nat-oop,4497,15806,32.111,3.515,4.786e-16,chain3,1
2553,1,z:ilp,nat-oop,7018,17095,20.587,2.436,8.677e-16,flat,0
2553,1,z:ilp,nat-oop,6709,17081,21.534,2.546,8.677e-16,flat,1
2554,1,z:ilp,nat-oop,22800,24099,6.339,1.057,6.215e-16,prime,0
2554,1,z:ilp,nat-oop,22723,24143,6.361,1.062,6.215e-16,prime,1
2555,1,z:ilp,nat-oop,32984,20065,4.384,0.608,4.412e-16,prime,0
2555,1,z:ilp,nat-oop,22373,19975,6.463,0.893,4.412e-16,prime,1
2556,1,z:ilp,nat-oop,22170,24166,6.525,1.090,4.359e-16,prime,0
2556,1,z:ilp,nat-oop,22682,24109,6.378,1.063,4.359e-16,prime,1
2557,1,z:ilp,nat-oop,27645,24201,5.235,0.875,5.435e-16,prime,0
2557,1,z:ilp,nat-oop,21861,26732,6.620,1.223,5.435e-16,prime,1
2558,1,z:ilp,nat-oop,21791,24083,6.645,1.105,6.506e-16,prime,0
2558,1,z:ilp,nat-oop,22290,24124,6.496,1.082,6.506e-16,prime,1
2559,1,z:ilp,nat-oop,22356,24091,6.480,1.078,5.946e-16,prime,0
2559,1,z:ilp,nat-oop,22279,23987,6.502,1.077,5.946e-16,prime,1
2560,1,z:ilp,nat-oop,2193,9264,66.077,4.224,3.645e-16,ztt,0
2560,1,z:ilp,nat-oop,2185,9292,66.321,4.253,3.645e-16,ztt,1
2561,1,z:ilp,nat-oop,26312,24028,5.510,0.913,5.964e-16,prime,0
2561,1,z:ilp,nat-oop,22126,30890,6.553,1.396,5.964e-16,prime,1
2562,1,z:ilp,nat-oop,22145,19965,6.550,0.902,4.275e-16,prime,0
2562,1,z:ilp,nat-oop,22682,20124,6.395,0.887,4.275e-16,prime,1
2563,1,z:ilp,nat-oop,22210,24127,6.534,1.086,5.174e-16,prime,0
2563,1,z:ilp,nat-oop,22161,24140,6.548,1.089,5.174e-16,prime,1
2564,1,z:ilp,nat-oop,22138,24088,6.558,1.088,5.664e-16,prime,0
2564,1,z:ilp,nat-oop,22699,24060,6.396,1.060,5.664e-16,prime,1
2565,1,z:ilp,nat-oop,5521,11027,26.305,1.997,8.078e-16,chain3,0
2565,1,z:ilp,nat-oop,4725,11267,30.741,2.385,8.078e-16,chain3,1
2566,1,z:ilp,nat-oop,21808,24096,6.663,1.105,6.728e-16,prime,0
2566,1,z:ilp,nat-oop,21833,24007,6.655,1.100,6.728e-16,prime,1
2567,1,z:ilp,nat-oop,21810,24121,6.665,1.106,6.875e-16,prime,0
2567,1,z:ilp,nat-oop,22369,24086,6.499,1.077,6.875e-16,prime,1
2568,1,z:ilp,nat-oop,22656,24031,6.419,1.061,6.575e-16,prime,0
2568,1,z:ilp,nat-oop,22624,24092,6.428,1.065,6.575e-16,prime,1
2569,1,z:ilp,nat-oop,22785,24059,6.386,1.056,4.910e-16,prime,0
2569,1,z:ilp,nat-oop,22179,24026,6.560,1.083,4.910e-16,prime,1
2570,1,z:ilp,nat-oop,22179,24055,6.563,1.085,4.807e-16,prime,0
2570,1,z:ilp,nat-oop,22093,24022,6.588,1.087,4.807e-16,prime,1
2571,1,z:ilp,nat-oop,22152,24150,6.574,1.090,6.337e-16,prime,0
2571,1,z:ilp,nat-oop,22728,24000,6.407,1.056,6.337e-16,prime,1
2572,1,z:ilp,nat-oop,22670,24035,6.426,1.060,7.330e-16,prime,0
2572,1,z:ilp,nat-oop,22754,24037,6.403,1.056,7.330e-16,prime,1
2573,1,z:ilp,nat-oop,22201,28768,6.565,1.296,7.099e-16,prime,0
2573,1,z:ilp,nat-oop,27942,28819,5.216,1.031,7.099e-16,prime,1
2574,1,z:ilp,nat-oop,6456,12536,22.586,1.942,7.271e-16,flat,0
2574,1,z:ilp,nat-oop,6114,12495,23.850,2.044,7.271e-16,flat,1
2575,1,z:ilp,nat-oop,22618,24084,6.450,1.065,6.285e-16,prime,0
2575,1,z:ilp,nat-oop,21711,24072,6.719,1.109,6.285e-16,prime,1
2576,1,z:ilp,nat-oop,6447,13065,22.638,2.027,6.533e-16,flat,0
2576,1,z:ilp,nat-oop,4270,13255,34.182,3.104,6.533e-16,flat,1
2577,1,z:ilp,nat-oop,22173,24082,6.585,1.086,5.368e-16,prime,0
2577,1,z:ilp,nat-oop,22302,24039,6.547,1.078,5.368e-16,prime,1
2578,1,z:ilp,nat-oop,21717,24181,6.726,1.113,5.329e-16,prime,0
2578,1,z:ilp,nat-oop,22661,24085,6.446,1.063,5.329e-16,prime,1
2579,1,z:ilp,nat-oop,22657,24061,6.450,1.062,6.559e-16,prime,0
2579,1,z:ilp,nat-oop,22148,24077,6.598,1.087,6.559e-16,prime,1
2580,1,z:ilp,nat-oop,5694,17319,25.675,3.041,5.630e-16,flat,0
2580,1,z:ilp,nat-oop,5939,17418,24.615,2.933,5.630e-16,flat,1
2581,1,z:ilp,nat-oop,22563,29134,6.482,1.291,6.388e-16,prime,0
2581,1,z:ilp,nat-oop,22762,29257,6.426,1.285,6.388e-16,prime,1
2582,1,z:ilp,nat-oop,22578,24039,6.481,1.065,6.610e-16,prime,0
2582,1,z:ilp,nat-oop,22646,24095,6.461,1.064,6.610e-16,prime,1
2583,1,z:ilp,nat-oop,5994,14674,24.422,2.448,6.178e-16,chain3,0
2583,1,z:ilp,nat-oop,6008,14684,24.367,2.444,6.178e-16,chain3,1
2584,1,z:ilp,nat-oop,4803,15661,30.495,3.261,6.063e-16,chain3,0
2584,1,z:ilp,nat-oop,4839,15789,30.264,3.263,6.063e-16,chain3,1
2585,1,z:ilp,nat-oop,12549,16593,11.675,1.322,5.318e-16,chain3,0
2585,1,z:ilp,nat-oop,12991,16635,11.278,1.280,5.318e-16,chain3,1
2586,1,z:ilp,nat-oop,22424,24020,6.537,1.071,4.968e-16,prime,0
2586,1,z:ilp,nat-oop,22386,24079,6.548,1.076,4.968e-16,prime,1
2587,1,z:ilp,nat-oop,22111,24013,6.632,1.086,7.774e-16,prime,0
2587,1,z:ilp,nat-oop,22149,24036,6.621,1.085,7.774e-16,prime,1
2588,1,z:ilp,nat-oop,22359,24043,6.562,1.075,5.381e-16,prime,0
2588,1,z:ilp,nat-oop,24086,29516,6.091,1.225,5.381e-16,prime,1
2589,1,z:ilp,nat-oop,22184,30827,6.616,1.390,6.276e-16,prime,0
2589,1,z:ilp,nat-oop,22608,24141,6.492,1.068,6.276e-16,prime,1
2590,1,z:ilp,nat-oop,7129,13968,20.597,1.959,6.433e-16,flat,0
2590,1,z:ilp,nat-oop,7048,14015,20.835,1.989,6.433e-16,flat,1
2591,1,z:ilp,nat-oop,22084,24087,6.652,1.091,7.082e-16,prime,0
2591,1,z:ilp,nat-oop,22477,23990,6.536,1.067,7.082e-16,prime,1
2592,1,z:ilp,nat-oop,3348,9857,43.896,2.944,4.042e-16,ztt,0
2592,1,z:ilp,nat-oop,2600,9857,56.528,3.792,4.042e-16,ztt,1
2593,1,z:ilp,nat-oop,10273,26882,14.312,2.617,6.289e-16,prime,0
2593,1,z:ilp,nat-oop,9891,24048,14.865,2.431,6.289e-16,prime,1
2594,1,z:ilp,nat-oop,22073,24184,6.664,1.096,6.386e-16,prime,0
2594,1,z:ilp,nat-oop,22633,24084,6.499,1.064,6.386e-16,prime,1
2595,1,z:ilp,nat-oop,22334,24044,6.589,1.077,6.907e-16,prime,0
2595,1,z:ilp,nat-oop,22422,24106,6.563,1.075,6.907e-16,prime,1
2596,1,z:ilp,nat-oop,22266,21876,6.612,0.982,4.527e-16,prime,0
2596,1,z:ilp,nat-oop,21819,21846,6.747,1.001,4.527e-16,prime,1
2597,1,z:ilp,nat-oop,22744,15307,6.476,0.673,5.483e-16,prime,0
2597,1,z:ilp,nat-oop,22624,15335,6.510,0.678,5.483e-16,prime,1
2598,1,z:ilp,nat-oop,22719,23983,6.486,1.056,4.357e-16,prime,0
2598,1,z:ilp,nat-oop,22795,24071,6.464,1.056,4.357e-16,prime,1
2599,1,z:ilp,nat-oop,22752,24397,6.479,1.072,6.152e-16,prime,0
2599,1,z:ilp,nat-oop,22703,24092,6.493,1.061,6.152e-16,prime,1
2600,1,z:ilp,nat-oop,3955,10526,37.285,2.661,7.547e-16,flat,0
2600,1,z:ilp,nat-oop,3901,10535,37.803,2.700,7.547e-16,flat,1
2601,1,z:ilp,nat-oop,4957,13012,29.764,2.625,7.674e-16,chain3,0
2601,1,z:ilp,nat-oop,5867,13046,25.145,2.223,7.674e-16,chain3,1
2602,1,z:ilp,nat-oop,22805,24114,6.473,1.057,5.075e-16,prime,0
2602,1,z:ilp,nat-oop,22523,24015,6.553,1.066,5.075e-16,prime,1
2603,1,z:ilp,nat-oop,22351,24072,6.607,1.077,5.918e-16,prime,0
2603,1,z:ilp,nat-oop,21759,24071,6.787,1.106,5.918e-16,prime,1
2604,1,z:ilp,nat-oop,4285,14878,34.477,3.472,6.086e-16,chain3,0
2604,1,z:ilp,nat-oop,4265,14923,34.639,3.499,6.086e-16,chain3,1
2605,1,z:ilp,nat-oop,22195,24088,6.659,1.085,7.121e-16,prime,0
2605,1,z:ilp,nat-oop,22169,27586,6.667,1.244,7.121e-16,prime,1
2606,1,z:ilp,nat-oop,22629,24383,6.534,1.078,5.441e-16,prime,0
2606,1,z:ilp,nat-oop,22827,26879,6.477,1.178,5.441e-16,prime,1
2607,1,z:ilp,nat-oop,22220,24462,6.657,1.101,5.107e-16,prime,0
2607,1,z:ilp,nat-oop,22162,24467,6.675,1.104,5.107e-16,prime,1
2608,1,z:ilp,nat-oop,22308,24157,6.634,1.083,6.185e-16,prime,0
2608,1,z:ilp,nat-oop,22298,26847,6.637,1.204,6.185e-16,prime,1
2609,1,z:ilp,nat-oop,22172,24161,6.677,1.090,6.645e-16,prime,0
2609,1,z:ilp,nat-oop,22754,24065,6.507,1.058,6.645e-16,prime,1
2610,1,z:ilp,nat-oop,6282,13978,23.576,2.225,7.244e-16,flat,0
2610,1,z:ilp,nat-oop,6227,13894,23.787,2.231,7.244e-16,flat,1
2611,1,z:ilp,nat-oop,21761,24157,6.809,1.110,7.725e-16,prime,0
2611,1,z:ilp,nat-oop,22435,24072,6.605,1.073,7.725e-16,prime,1
2612,1,z:ilp,nat-oop,22147,24009,6.693,1.084,6.133e-16,prime,0
2612,1,z:ilp,nat-oop,22763,24098,6.512,1.059,6.133e-16,prime,1
2613,1,z:ilp,nat-oop,22127,21815,6.702,0.986,4.866e-16,prime,0
2613,1,z:ilp,nat-oop,22669,21798,6.542,0.962,4.866e-16,prime,1
2614,1,z:ilp,nat-oop,22137,24112,6.702,1.089,6.134e-16,prime,0
2614,1,z:ilp,nat-oop,22305,23983,6.652,1.075,6.134e-16,prime,1
2615,1,z:ilp,nat-oop,22768,24014,6.519,1.055,7.559e-16,prime,0
2615,1,z:ilp,nat-oop,22198,24000,6.687,1.081,7.559e-16,prime,1
2616,1,z:ilp,nat-oop,22730,24068,6.533,1.059,5.595e-16,prime,0
2616,1,z:ilp,nat-oop,22812,24022,6.510,1.053,5.595e-16,prime,1
2617,1,z:ilp,nat-oop,22793,24075,6.518,1.056,5.957e-16,prime,0
2617,1,z:ilp,nat-oop,22729,24011,6.536,1.056,5.957e-16,prime,1
2618,1,z:ilp,nat-oop,5629,11476,26.405,2.039,8.775e-16,flat,0
2618,1,z:ilp,nat-oop,5806,11509,25.599,1.982,8.775e-16,flat,1
2619,1,z:ilp,nat-oop,22754,29300,6.535,1.288,6.822e-16,prime,0
2619,1,z:ilp,nat-oop,22198,29211,6.699,1.316,6.822e-16,prime,1
2620,1,z:ilp,nat-oop,22221,24144,6.694,1.087,7.896e-16,prime,0
2620,1,z:ilp,nat-oop,22170,24243,6.710,1.093,7.896e-16,prime,1
2621,1,z:ilp,nat-oop,22139,24060,6.722,1.087,5.716e-16,prime,0
2621,1,z:ilp,nat-oop,22730,24061,6.547,1.059,5.716e-16,prime,1
2622,1,z:ilp,nat-oop,6494,16007,22.926,2.465,1.570e-15,flat,0
2622,1,z:ilp,nat-oop,6728,15915,22.129,2.366,1.570e-15,flat,1
2623,1,z:ilp,nat-oop,22214,26738,6.705,1.204,5.282e-16,prime,0
2623,1,z:ilp,nat-oop,22626,26517,6.583,1.172,5.282e-16,prime,1
2624,1,z:ilp,nat-oop,7014,16893,21.245,2.408,4.468e-16,2p,0
2624,1,z:ilp,nat-oop,6942,16867,21.464,2.429,4.468e-16,2p,1
2625,1,z:ilp,nat-oop,4871,7714,30.604,1.584,9.233e-16,flat,0
2625,1,z:ilp,nat-oop,4805,7667,31.028,1.596,9.233e-16,flat,1
2626,1,z:ilp,nat-oop,22629,24072,6.590,1.064,5.078e-16,prime,0
2626,1,z:ilp,nat-oop,22219,24156,6.712,1.087,5.078e-16,prime,1
2627,1,z:ilp,nat-oop,22735,27835,6.563,1.224,7.119e-16,prime,0
2627,1,z:ilp,nat-oop,22746,27758,6.559,1.220,7.119e-16,prime,1
2628,1,z:ilp,nat-oop,22830,24619,6.538,1.078,5.027e-16,prime,0
2628,1,z:ilp,nat-oop,22734,24586,6.566,1.081,5.027e-16,prime,1
2629,1,z:ilp,nat-oop,21830,24029,6.841,1.101,6.336e-16,prime,0
2629,1,z:ilp,nat-oop,21844,24060,6.836,1.101,6.336e-16,prime,1
2630,1,z:ilp,nat-oop,22328,24088,6.691,1.079,5.716e-16,prime,0
2630,1,z:ilp,nat-oop,22074,24170,6.768,1.095,5.716e-16,prime,1
2631,1,z:ilp,nat-oop,22249,24270,6.718,1.091,5.239e-16,prime,0
2631,1,z:ilp,nat-oop,22385,24084,6.677,1.076,5.239e-16,prime,1
2632,1,z:ilp,nat-oop,7673,18624,19.486,2.427,6.327e-16,flat,0
2632,1,z:ilp,nat-oop,6088,18624,24.559,3.059,6.327e-16,flat,1
2633,1,z:ilp,nat-oop,22767,24008,6.570,1.055,6.071e-16,prime,0
2633,1,z:ilp,nat-oop,22369,24069,6.687,1.076,6.071e-16,prime,1
2634,1,z:ilp,nat-oop,22641,24023,6.610,1.061,6.162e-16,prime,0
2634,1,z:ilp,nat-oop,22440,24168,6.669,1.077,6.162e-16,prime,1
2635,1,z:ilp,nat-oop,8030,14587,18.645,1.817,8.010e-16,flat,0
2635,1,z:ilp,nat-oop,7945,14557,18.844,1.832,8.010e-16,flat,1
2636,1,z:ilp,nat-oop,22705,24052,6.597,1.059,5.623e-16,prime,0
2636,1,z:ilp,nat-oop,22834,23978,6.560,1.050,5.623e-16,prime,1
2637,1,z:ilp,nat-oop,21858,24066,6.855,1.101,5.971e-16,prime,0
2637,1,z:ilp,nat-oop,22312,24015,6.716,1.076,5.971e-16,prime,1
2638,1,z:ilp,nat-oop,22263,27485,6.734,1.235,5.521e-16,prime,0
2638,1,z:ilp,nat-oop,22394,24017,6.694,1.072,5.521e-16,prime,1
2639,1,z:ilp,nat-oop,5508,12481,27.226,2.266,7.518e-16,chain3,0
2639,1,z:ilp,nat-oop,5385,12469,27.852,2.316,7.518e-16,chain3,1
2640,1,z:ilp,nat-oop,3383,10639,44.347,3.145,4.376e-16,chain3,0
2640,1,z:ilp,nat-oop,3297,10626,45.502,3.222,4.376e-16,chain3,1
2641,1,z:ilp,nat-oop,22236,24010,6.750,1.080,6.063e-16,prime,0
2641,1,z:ilp,nat-oop,22725,23997,6.605,1.056,6.063e-16,prime,1
2642,1,z:ilp,nat-oop,22438,24044,6.692,1.072,7.201e-16,prime,0
2642,1,z:ilp,nat-oop,21838,24101,6.876,1.104,7.201e-16,prime,1
2643,1,z:ilp,nat-oop,22758,23967,6.601,1.053,5.884e-16,prime,0
2643,1,z:ilp,nat-oop,24818,24084,6.053,0.970,5.884e-16,prime,1
2644,1,z:ilp,nat-oop,22341,24010,6.727,1.075,5.289e-16,prime,0
2644,1,z:ilp,nat-oop,22763,24047,6.603,1.056,5.289e-16,prime,1
2645,1,z:ilp,nat-oop,6265,14783,24.000,2.360,1.681e-15,flat,0
2645,1,z:ilp,nat-oop,6285,14999,23.922,2.386,1.681e-15,flat,1
2646,1,z:ilp,nat-oop,4786,8964,31.426,1.873,5.963e-16,chain3,0
2646,1,z:ilp,nat-oop,4741,9007,31.724,1.900,5.963e-16,chain3,1
2647,1,z:ilp,nat-oop,15589,24088,9.653,1.545,1.103e-15,prime,0
2647,1,z:ilp,nat-oop,15202,24065,9.899,1.583,1.103e-15,prime,1
2648,1,z:ilp,nat-oop,21841,24057,6.893,1.101,6.709e-16,prime,0
2648,1,z:ilp,nat-oop,22351,24019,6.736,1.075,6.709e-16,prime,1
2649,1,z:ilp,nat-oop,22385,24131,6.728,1.078,6.287e-16,prime,0
2649,1,z:ilp,nat-oop,22376,24040,6.731,1.074,6.287e-16,prime,1
2650,1,z:ilp,nat-oop,21921,18445,6.874,0.841,4.619e-16,prime,0
2650,1,z:ilp,nat-oop,22310,18574,6.754,0.833,4.619e-16,prime,1
2651,1,z:ilp,nat-oop,22604,28065,6.669,1.242,6.578e-16,prime,0
2651,1,z:ilp,nat-oop,22728,24075,6.632,1.059,6.578e-16,prime,1
2652,1,z:ilp,nat-oop,4486,14180,33.620,3.161,7.580e-16,chain3,0
2652,1,z:ilp,nat-oop,4682,14334,32.211,3.062,7.580e-16,chain3,1
2653,1,z:ilp,nat-oop,22408,24077,6.733,1.075,6.412e-16,prime,0
2653,1,z:ilp,nat-oop,21807,24067,6.918,1.104,6.412e-16,prime,1
2654,1,z:ilp,nat-oop,22821,24217,6.614,1.061,5.714e-16,prime,0
2654,1,z:ilp,nat-oop,22898,24108,6.592,1.053,5.714e-16,prime,1
2655,1,z:ilp,nat-oop,22771,20501,6.631,0.900,7.351e-16,prime,0
2655,1,z:ilp,nat-oop,22216,20424,6.797,0.919,7.351e-16,prime,1
2656,1,z:ilp,nat-oop,21818,27770,6.924,1.273,5.327e-16,prime,0
2656,1,z:ilp,nat-oop,21784,27730,6.934,1.273,5.327e-16,prime,1
2657,1,z:ilp,nat-oop,22385,24093,6.751,1.076,5.860e-16,prime,0
2657,1,z:ilp,nat-oop,22368,24116,6.756,1.078,5.860e-16,prime,1
2658,1,z:ilp,nat-oop,22671,27525,6.669,1.214,7.599e-16,prime,0
2658,1,z:ilp,nat-oop,22228,24059,6.802,1.082,7.599e-16,prime,1
2659,1,z:ilp,nat-oop,22788,26071,6.637,1.144,5.871e-16,prime,0
2659,1,z:ilp,nat-oop,22212,24086,6.810,1.084,5.871e-16,prime,1
2660,1,z:ilp,nat-oop,4695,12302,32.229,2.620,5.525e-16,flat,0
2660,1,z:ilp,nat-oop,4662,12246,32.454,2.626,5.525e-16,flat,1
2661,1,z:ilp,nat-oop,22811,24050,6.636,1.054,8.035e-16,prime,0
2661,1,z:ilp,nat-oop,22204,24004,6.818,1.081,8.035e-16,prime,1
2662,1,z:ilp,nat-oop,6506,13838,23.277,2.127,6.960e-16,flat,0
2662,1,z:ilp,nat-oop,6440,13739,23.517,2.133,6.960e-16,flat,1
2663,1,z:ilp,nat-oop,22787,24083,6.649,1.057,6.527e-16,prime,0
2663,1,z:ilp,nat-oop,22894,23979,6.618,1.047,6.527e-16,prime,1
2664,1,z:ilp,nat-oop,5379,16373,28.179,3.044,7.551e-16,flat,0
2664,1,z:ilp,nat-oop,5633,16324,26.906,2.898,7.551e-16,flat,1
2665,1,z:ilp,nat-oop,6148,15322,24.665,2.492,7.832e-16,chain3,0
2665,1,z:ilp,nat-oop,6149,15335,24.660,2.494,7.832e-16,chain3,1
2666,1,z:ilp,nat-oop,7783,21344,19.490,2.742,3.676e-15,flat,0
2666,1,z:ilp,nat-oop,7819,21393,19.401,2.736,3.676e-15,flat,1
2667,1,z:ilp,nat-oop,22756,24042,6.669,1.057,5.096e-16,prime,0
2667,1,z:ilp,nat-oop,22572,24123,6.724,1.069,5.096e-16,prime,1
2668,1,z:ilp,nat-oop,5695,18509,26.661,3.250,4.702e-16,chain3,0
2668,1,z:ilp,nat-oop,5848,18687,25.964,3.196,4.702e-16,chain3,1
2669,1,z:ilp,nat-oop,22410,23988,6.778,1.070,5.381e-16,prime,0
2669,1,z:ilp,nat-oop,22436,24165,6.770,1.077,5.381e-16,prime,1
2670,1,z:ilp,nat-oop,22369,28418,6.793,1.270,6.026e-16,prime,0
2670,1,z:ilp,nat-oop,21794,28448,6.972,1.305,6.026e-16,prime,1
2671,1,z:ilp,nat-oop,22857,24108,6.651,1.055,7.386e-16,prime,0
2671,1,z:ilp,nat-oop,22193,24277,6.850,1.094,7.386e-16,prime,1
2672,1,z:ilp,nat-oop,22324,24023,6.813,1.076,6.178e-16,prime,0
2672,1,z:ilp,nat-oop,22451,24042,6.774,1.071,6.178e-16,prime,1
2673,1,z:ilp,nat-oop,4727,9649,32.185,2.041,7.867e-16,chain3,0
2673,1,z:ilp,nat-oop,4762,9660,31.948,2.028,7.867e-16,chain3,1
2674,1,z:ilp,nat-oop,22376,24145,6.803,1.079,6.429e-16,prime,0
2674,1,z:ilp,nat-oop,22429,24060,6.786,1.073,6.429e-16,prime,1
2675,1,z:ilp,nat-oop,22805,24052,6.678,1.055,5.889e-16,prime,0
2675,1,z:ilp,nat-oop,23607,24016,6.450,1.017,5.889e-16,prime,1
2676,1,z:ilp,nat-oop,32858,26972,4.636,0.821,8.376e-16,prime,0
2676,1,z:ilp,nat-oop,22837,24319,6.671,1.065,8.376e-16,prime,1
2677,1,z:ilp,nat-oop,22179,24072,6.872,1.085,5.864e-16,prime,0
2677,1,z:ilp,nat-oop,22149,24077,6.881,1.087,5.864e-16,prime,1
2678,1,z:ilp,nat-oop,22831,24071,6.678,1.054,3.989e-16,prime,0
2678,1,z:ilp,nat-oop,22749,24081,6.702,1.059,3.989e-16,prime,1
2679,1,z:ilp,nat-oop,15846,19661,9.626,1.241,5.934e-16,chain3,0
2679,1,z:ilp,nat-oop,14593,19691,10.453,1.349,5.934e-16,chain3,1
2680,1,z:ilp,nat-oop,21861,23820,6.980,1.090,4.855e-16,prime,0
2680,1,z:ilp,nat-oop,21839,23799,6.987,1.090,4.855e-16,prime,1
2681,1,z:ilp,nat-oop,22362,24085,6.827,1.077,5.775e-16,prime,0
2681,1,z:ilp,nat-oop,22356,24248,6.829,1.085,5.775e-16,prime,1
2682,1,z:ilp,nat-oop,22647,24114,6.744,1.065,5.923e-16,prime,0
2682,1,z:ilp,nat-oop,22832,24036,6.689,1.053,5.923e-16,prime,1
2683,1,z:ilp,nat-oop,21861,26579,6.989,1.216,6.226e-16,prime,0
2683,1,z:ilp,nat-oop,21877,24051,6.984,1.099,6.226e-16,prime,1
2684,1,z:ilp,nat-oop,31457,22967,4.859,0.730,4.269e-16,prime,0
2684,1,z:ilp,nat-oop,28107,22894,5.438,0.815,4.269e-16,prime,1
2685,1,z:ilp,nat-oop,22426,24049,6.819,1.072,6.022e-16,prime,0
2685,1,z:ilp,nat-oop,28552,24101,5.356,0.844,6.022e-16,prime,1
2686,1,z:ilp,nat-oop,21816,27056,7.012,1.240,5.732e-16,prime,0
2686,1,z:ilp,nat-oop,21855,26881,7.000,1.230,5.732e-16,prime,1
2687,1,z:ilp,nat-oop,21859,24080,7.002,1.102,6.232e-16,prime,0
2687,1,z:ilp,nat-oop,21798,24070,7.021,1.104,6.232e-16,prime,1
2688,1,z:ilp,nat-oop,3284,9523,46.618,2.899,4.980e-16,ztt,0
2688,1,z:ilp,nat-oop,2517,9590,60.819,3.809,4.980e-16,ztt,1
2689,1,z:ilp,nat-oop,9783,24127,15.657,2.466,5.501e-16,prime,0
2689,1,z:ilp,nat-oop,9761,24167,15.693,2.476,5.501e-16,prime,1
2690,1,z:ilp,nat-oop,21831,24098,7.019,1.104,6.584e-16,prime,0
2690,1,z:ilp,nat-oop,22366,24077,6.852,1.077,6.584e-16,prime,1
2691,1,z:ilp,nat-oop,5076,14072,30.204,2.772,6.186e-16,chain3,0
2691,1,z:ilp,nat-oop,5005,14035,30.628,2.804,6.186e-16,chain3,1
2692,1,z:ilp,nat-oop,22396,24089,6.848,1.076,8.070e-16,prime,0
2692,1,z:ilp,nat-oop,21862,24067,7.015,1.101,8.070e-16,prime,1
2693,1,z:ilp,nat-oop,22351,24099,6.865,1.078,6.160e-16,prime,0
2693,1,z:ilp,nat-oop,22438,24150,6.838,1.076,6.160e-16,prime,1
2694,1,z:ilp,nat-oop,22318,24122,6.878,1.081,7.495e-16,prime,0
2694,1,z:ilp,nat-oop,21821,24317,7.034,1.114,7.495e-16,prime,1
2695,1,z:ilp,nat-oop,4650,8842,33.027,1.902,5.488e-16,flat,0
2695,1,z:ilp,nat-oop,4786,8909,32.087,1.862,5.488e-16,flat,1
2696,1,z:ilp,nat-oop,22797,24136,6.739,1.059,6.502e-16,prime,0
2696,1,z:ilp,nat-oop,22284,24044,6.894,1.079,6.502e-16,prime,1
2697,1,z:ilp,nat-oop,7080,18010,21.708,2.544,2.828e-15,flat,0
2697,1,z:ilp,nat-oop,7543,17986,20.376,2.385,2.828e-15,flat,1
2698,1,z:ilp,nat-oop,21954,25953,7.004,1.182,5.039e-16,prime,0
2698,1,z:ilp,nat-oop,21824,26022,7.045,1.192,5.039e-16,prime,1
2699,1,z:ilp,nat-oop,22718,24082,6.771,1.060,6.713e-16,prime,0
2699,1,z:ilp,nat-oop,22854,24107,6.730,1.055,6.713e-16,prime,1
2700,1,z:ilp,nat-oop,4034,9354,38.143,2.319,4.705e-16,flat,0
2700,1,z:ilp,nat-oop,4031,9340,38.177,2.317,4.705e-16,flat,1
2701,1,z:ilp,nat-oop,22318,28740,6.898,1.288,4.701e-16,prime,0
2701,1,z:ilp,nat-oop,22234,28536,6.924,1.283,4.701e-16,prime,1
2702,1,z:ilp,nat-oop,21865,24375,7.044,1.115,6.968e-16,prime,0
2702,1,z:ilp,nat-oop,22348,26849,6.891,1.201,6.968e-16,prime,1
2703,1,z:ilp,nat-oop,21780,19914,7.074,0.914,5.848e-16,prime,0
2703,1,z:ilp,nat-oop,22271,19945,6.918,0.896,5.848e-16,prime,1
2704,1,z:ilp,nat-oop,3560,13705,43.295,3.849,7.410e-16,chain3,0
2704,1,z:ilp,nat-oop,3538,13694,43.570,3.871,7.410e-16,chain3,1
2705,1,z:ilp,nat-oop,22302,24105,6.914,1.081,5.010e-16,prime,0
2705,1,z:ilp,nat-oop,21771,24050,7.083,1.105,5.010e-16,prime,1
2706,1,z:ilp,nat-oop,9450,17730,16.325,1.876,8.029e-16,flat,0
2706,1,z:ilp,nat-oop,7977,17752,19.339,2.225,8.029e-16,flat,1
2707,1,z:ilp,nat-oop,21831,24138,7.070,1.106,5.631e-16,prime,0
2707,1,z:ilp,nat-oop,22594,24090,6.831,1.066,5.631e-16,prime,1
2708,1,z:ilp,nat-oop,22419,24086,6.887,1.074,6.358e-16,prime,0
2708,1,z:ilp,nat-oop,21764,24066,7.094,1.106,6.358e-16,prime,1
2709,1,z:ilp,nat-oop,12970,16261,11.909,1.254,6.036e-16,chain3,0
2709,1,z:ilp,nat-oop,12238,16207,12.621,1.324,6.036e-16,chain3,1
2710,1,z:ilp,nat-oop,22312,24274,6.926,1.088,6.245e-16,prime,0
2710,1,z:ilp,nat-oop,22375,24328,6.906,1.087,6.245e-16,prime,1
2711,1,z:ilp,nat-oop,22802,24123,6.780,1.058,5.713e-16,prime,0
2711,1,z:ilp,nat-oop,22146,24094,6.981,1.088,5.713e-16,prime,1
2712,1,z:ilp,nat-oop,22159,24113,6.979,1.088,5.202e-16,prime,0
2712,1,z:ilp,nat-oop,22179,24171,6.973,1.090,5.202e-16,prime,1
2713,1,z:ilp,nat-oop,22895,24159,6.758,1.055,5.576e-16,prime,0
2713,1,z:ilp,nat-oop,22718,24170,6.810,1.064,5.576e-16,prime,1
2714,1,z:ilp,nat-oop,21785,24096,7.105,1.106,5.468e-16,prime,0
2714,1,z:ilp,nat-oop,21840,23964,7.087,1.097,5.468e-16,prime,1
2715,1,z:ilp,nat-oop,22228,24053,6.966,1.082,5.733e-16,prime,0
2715,1,z:ilp,nat-oop,22185,24130,6.980,1.088,5.733e-16,prime,1
2716,1,z:ilp,nat-oop,21844,31264,7.092,1.431,6.303e-16,prime,0
2716,1,z:ilp,nat-oop,21899,31244,7.074,1.427,6.303e-16,prime,1
2717,1,z:ilp,nat-oop,5257,13010,29.480,2.475,8.539e-16,flat,0
2717,1,z:ilp,nat-oop,6951,13217,22.295,1.901,8.539e-16,flat,1
2718,1,z:ilp,nat-oop,22438,24097,6.910,1.074,6.750e-16,prime,0
2718,1,z:ilp,nat-oop,22410,24067,6.918,1.074,6.750e-16,prime,1
2719,1,z:ilp,nat-oop,27513,24110,5.637,0.876,6.388e-16,prime,0
2719,1,z:ilp,nat-oop,22192,24179,6.989,1.090,6.388e-16,prime,1
2720,1,z:ilp,nat-oop,3603,12268,43.063,3.405,5.541e-16,chain3,0
2720,1,z:ilp,nat-oop,3540,12239,43.829,3.457,5.541e-16,chain3,1
2721,1,z:ilp,nat-oop,21836,24033,7.109,1.101,6.647e-16,prime,0
2721,1,z:ilp,nat-oop,22373,24039,6.938,1.074,6.647e-16,prime,1
2722,1,z:ilp,nat-oop,28157,24116,5.515,0.856,6.978e-16,prime,0
2722,1,z:ilp,nat-oop,22355,24080,6.947,1.077,6.978e-16,prime,1
2723,1,z:ilp,nat-oop,22326,24078,6.959,1.078,5.670e-16,prime,0
2723,1,z:ilp,nat-oop,22397,24063,6.937,1.074,5.670e-16,prime,1
2724,1,z:ilp,nat-oop,21854,25642,7.112,1.173,5.457e-16,prime,0
2724,1,z:ilp,nat-oop,21450,24050,7.246,1.121,5.457e-16,prime,1
2725,1,z:ilp,nat-oop,21843,24055,7.119,1.101,5.828e-16,prime,0
2725,1,z:ilp,nat-oop,28334,24111,5.488,0.851,5.828e-16,prime,1
2726,1,z:ilp,nat-oop,8687,22124,17.907,2.547,3.340e-15,flat,0
2726,1,z:ilp,nat-oop,8578,22173,18.133,2.585,3.340e-15,flat,1
2727,1,z:ilp,nat-oop,22510,24044,6.913,1.068,5.533e-16,prime,0
2727,1,z:ilp,nat-oop,22453,24008,6.931,1.069,5.533e-16,prime,1
2728,1,z:ilp,nat-oop,7185,17862,21.667,2.486,7.624e-16,flat,0
2728,1,z:ilp,nat-oop,7699,17859,20.222,2.320,7.624e-16,flat,1
2729,1,z:ilp,nat-oop,22358,24062,6.966,1.076,6.041e-16,prime,0
2729,1,z:ilp,nat-oop,22354,24079,6.967,1.077,6.041e-16,prime,1
2730,1,z:ilp,nat-oop,5610,10858,27.776,1.936,6.524e-16,flat,0
2730,1,z:ilp,nat-oop,5525,10801,28.202,1.955,6.524e-16,flat,1
2731,1,z:ilp,nat-oop,15113,24115,10.314,1.596,9.075e-16,prime,0
2731,1,z:ilp,nat-oop,14319,24058,10.886,1.680,9.075e-16,prime,1
2732,1,z:ilp,nat-oop,22240,24028,7.012,1.080,6.273e-16,prime,0
2732,1,z:ilp,nat-oop,22148,24021,7.041,1.085,6.273e-16,prime,1
2733,1,z:ilp,nat-oop,22884,24048,6.817,1.051,5.576e-16,prime,0
2733,1,z:ilp,nat-oop,22775,24000,6.850,1.054,5.576e-16,prime,1
2734,1,z:ilp,nat-oop,22453,24297,6.951,1.082,6.578e-16,prime,0
2734,1,z:ilp,nat-oop,31421,24102,4.967,0.767,6.578e-16,prime,1
2735,1,z:ilp,nat-oop,22358,24076,6.983,1.077,7.522e-16,prime,0
2735,1,z:ilp,nat-oop,22402,24130,6.970,1.077,7.522e-16,prime,1
2736,1,z:ilp,nat-oop,3989,13089,39.160,3.282,5.255e-16,chain3,0
2736,1,z:ilp,nat-oop,3878,13124,40.275,3.384,5.255e-16,chain3,1
2737,1,z:ilp,nat-oop,6414,13207,24.364,2.059,1.380e-15,flat,0
2737,1,z:ilp,nat-oop,6046,13301,25.844,2.200,1.380e-15,flat,1
2738,1,z:ilp,nat-oop,8124,21382,19.242,2.632,3.480e-15,flat,0
2738,1,z:ilp,nat-oop,7970,21387,19.615,2.684,3.480e-15,flat,1
2739,1,z:ilp,nat-oop,22756,26468,6.872,1.163,4.794e-16,prime,0
2739,1,z:ilp,nat-oop,22194,26456,7.046,1.192,4.794e-16,prime,1
2740,1,z:ilp,nat-oop,22336,24136,7.005,1.081,5.532e-16,prime,0
2740,1,z:ilp,nat-oop,22149,24163,7.064,1.091,5.532e-16,prime,1
2741,1,z:ilp,nat-oop,33528,29659,4.668,0.885,6.726e-16,prime,0
2741,1,z:ilp,nat-oop,22216,24129,7.045,1.086,6.726e-16,prime,1
2742,1,z:ilp,nat-oop,22835,24122,6.857,1.056,6.391e-16,prime,0
2742,1,z:ilp,nat-oop,22666,24122,6.908,1.064,6.391e-16,prime,1
2743,1,z:ilp,nat-oop,31033,24140,5.048,0.778,6.605e-16,prime,0
2743,1,z:ilp,nat-oop,21823,24128,7.178,1.106,6.605e-16,prime,1
2744,1,z:ilp,nat-oop,4548,9216,34.453,2.026,5.102e-16,flat,0
2744,1,z:ilp,nat-oop,4530,9225,34.590,2.036,5.102e-16,flat,1
2745,1,z:ilp,nat-oop,22786,21627,6.880,0.949,4.501e-16,prime,0
2745,1,z:ilp,nat-oop,22740,21645,6.894,0.952,4.501e-16,prime,1
2746,1,z:ilp,nat-oop,21848,24086,7.179,1.102,5.266e-16,prime,0
2746,1,z:ilp,nat-oop,21928,24142,7.152,1.101,5.266e-16,prime,1
2747,1,z:ilp,nat-oop,22425,28633,6.997,1.277,6.235e-16,prime,0
2747,1,z:ilp,nat-oop,22441,28783,6.992,1.283,6.235e-16,prime,1
2748,1,z:ilp,nat-oop,22202,24150,7.070,1.088,5.718e-16,prime,0
2748,1,z:ilp,nat-oop,22236,24161,7.059,1.087,5.718e-16,prime,1
2749,1,z:ilp,nat-oop,22704,24083,6.916,1.061,5.973e-16,prime,0
2749,1,z:ilp,nat-oop,22756,24028,6.901,1.056,5.973e-16,prime,1
2750,1,z:ilp,nat-oop,4290,9862,36.622,2.299,5.472e-16,chain3,0
2750,1,z:ilp,nat-oop,4214,10168,37.282,2.413,5.472e-16,chain3,1
2751,1,z:ilp,nat-oop,22768,24027,6.903,1.055,5.600e-16,prime,0
2751,1,z:ilp,nat-oop,22126,24086,7.103,1.089,5.600e-16,prime,1
2752,1,z:ilp,nat-oop,4939,18808,31.832,3.808,5.024e-16,2p,0
2752,1,z:ilp,nat-oop,4952,18724,31.749,3.781,5.024e-16,2p,1
2753,1,z:ilp,nat-oop,22153,24138,7.100,1.090,5.991e-16,prime,0
2753,1,z:ilp,nat-oop,22241,24471,7.072,1.100,5.991e-16,prime,1
2754,1,z:ilp,nat-oop,5747,11894,27.378,2.069,6.181e-16,chain3,0
2754,1,z:ilp,nat-oop,5709,11979,27.561,2.098,6.181e-16,chain3,1
2755,1,z:ilp,nat-oop,9255,15294,17.009,1.653,6.784e-16,chain3,0
2755,1,z:ilp,nat-oop,9124,15440,17.253,1.692,6.784e-16,chain3,1
2756,1,z:ilp,nat-oop,21815,21670,7.219,0.993,4.667e-16,prime,0
2756,1,z:ilp,nat-oop,22396,21699,7.032,0.969,4.667e-16,prime,1
2757,1,z:ilp,nat-oop,22402,24143,7.033,1.078,5.670e-16,prime,0
2757,1,z:ilp,nat-oop,22418,24077,7.028,1.074,5.670e-16,prime,1
2758,1,z:ilp,nat-oop,22202,24086,7.099,1.085,6.293e-16,prime,0
2758,1,z:ilp,nat-oop,22228,24144,7.091,1.086,6.293e-16,prime,1
2759,1,z:ilp,nat-oop,22403,32032,7.038,1.430,5.246e-16,prime,0
2759,1,z:ilp,nat-oop,22349,32094,7.055,1.436,5.246e-16,prime,1
2760,1,z:ilp,nat-oop,4008,14085,39.355,3.514,5.801e-16,chain3,0
2760,1,z:ilp,nat-oop,4029,14167,39.155,3.517,5.801e-16,chain3,1
2761,1,z:ilp,nat-oop,22808,24322,6.919,1.066,6.471e-16,prime,0
2761,1,z:ilp,nat-oop,22821,24049,6.915,1.054,6.471e-16,prime,1
2762,1,z:ilp,nat-oop,22651,24097,6.970,1.064,6.027e-16,prime,0
2762,1,z:ilp,nat-oop,22894,24097,6.896,1.053,6.027e-16,prime,1
2763,1,z:ilp,nat-oop,22825,24101,6.919,1.056,6.138e-16,prime,0
2763,1,z:ilp,nat-oop,28967,24076,5.452,0.831,6.138e-16,prime,1
2764,1,z:ilp,nat-oop,22507,24144,7.020,1.073,8.052e-16,prime,0
2764,1,z:ilp,nat-oop,22858,24154,6.912,1.057,8.052e-16,prime,1
2765,1,z:ilp,nat-oop,21867,23520,7.228,1.076,4.548e-16,prime,0
2765,1,z:ilp,nat-oop,22396,23621,7.058,1.055,4.548e-16,prime,1
2766,1,z:ilp,nat-oop,23058,24064,6.858,1.044,5.333e-16,prime,0
2766,1,z:ilp,nat-oop,23027,24140,6.867,1.048,5.333e-16,prime,1
2767,1,z:ilp,nat-oop,21961,26845,7.203,1.222,5.945e-16,prime,0
2767,1,z:ilp,nat-oop,31090,24146,5.088,0.777,5.945e-16,prime,1
2768,1,z:ilp,nat-oop,22381,24455,7.071,1.093,6.439e-16,prime,0
2768,1,z:ilp,nat-oop,21838,24109,7.247,1.104,6.439e-16,prime,1
2769,1,z:ilp,nat-oop,22794,24263,6.946,1.064,6.264e-16,prime,0
2769,1,z:ilp,nat-oop,22265,24251,7.111,1.089,6.264e-16,prime,1
2770,1,z:ilp,nat-oop,23240,24139,6.815,1.039,6.481e-16,prime,0
2770,1,z:ilp,nat-oop,23133,24096,6.847,1.042,6.481e-16,prime,1
2771,1,z:ilp,nat-oop,22855,24071,6.933,1.053,6.776e-16,prime,0
2771,1,z:ilp,nat-oop,22342,24073,7.092,1.077,6.776e-16,prime,1
2772,1,z:ilp,nat-oop,3811,11251,41.595,2.952,4.940e-16,chain3,0
2772,1,z:ilp,nat-oop,3839,11317,41.287,2.948,4.940e-16,chain3,1
2773,1,z:ilp,nat-oop,22252,28841,7.126,1.296,6.002e-16,prime,0
2773,1,z:ilp,nat-oop,22810,28951,6.952,1.269,6.002e-16,prime,1
2774,1,z:ilp,nat-oop,21853,26805,7.259,1.227,4.907e-16,prime,0
2774,1,z:ilp,nat-oop,21885,26530,7.249,1.212,4.907e-16,prime,1
2775,1,z:ilp,nat-oop,8569,15646,18.521,1.826,7.102e-16,chain3,0
2775,1,z:ilp,nat-oop,11961,15579,13.269,1.303,7.102e-16,chain3,1
2776,1,z:ilp,nat-oop,28772,24172,5.518,0.840,5.680e-16,prime,0
2776,1,z:ilp,nat-oop,22732,24356,6.984,1.071,5.680e-16,prime,1
2777,1,z:ilp,nat-oop,21852,24198,7.269,1.107,5.847e-16,prime,0
2777,1,z:ilp,nat-oop,22303,24088,7.122,1.080,5.847e-16,prime,1
2778,1,z:ilp,nat-oop,22358,24083,7.107,1.077,5.954e-16,prime,0
2778,1,z:ilp,nat-oop,21842,24143,7.275,1.105,5.954e-16,prime,1
2779,1,z:ilp,nat-oop,22776,24108,6.979,1.058,6.013e-16,prime,0
2779,1,z:ilp,nat-oop,22362,26197,7.109,1.171,6.013e-16,prime,1
2780,1,z:ilp,nat-oop,22456,24134,7.082,1.075,5.696e-16,prime,0
2780,1,z:ilp,nat-oop,22413,24173,7.096,1.079,5.696e-16,prime,1
2781,1,z:ilp,nat-oop,21501,24059,7.399,1.119,5.534e-16,prime,0
2781,1,z:ilp,nat-oop,21921,24103,7.258,1.100,5.534e-16,prime,1
2782,1,z:ilp,nat-oop,22492,24109,7.076,1.072,6.636e-16,prime,0
2782,1,z:ilp,nat-oop,33184,26894,4.796,0.810,6.636e-16,prime,1
2783,1,z:ilp,nat-oop,5893,14389,27.020,2.442,1.382e-15,flat,0
2783,1,z:ilp,nat-oop,6124,14384,25.998,2.349,1.382e-15,flat,1
2784,1,z:ilp,nat-oop,5531,15373,28.801,2.780,5.576e-16,flat,0
2784,1,z:ilp,nat-oop,6664,15479,23.904,2.323,5.576e-16,flat,1
2785,1,z:ilp,nat-oop,22105,24273,7.209,1.098,5.526e-16,prime,0
2785,1,z:ilp,nat-oop,23057,24188,6.911,1.049,5.526e-16,prime,1
2786,1,z:ilp,nat-oop,22826,24188,6.984,1.060,6.266e-16,prime,0
2786,1,z:ilp,nat-oop,22756,24105,7.005,1.059,6.266e-16,prime,1
2787,1,z:ilp,nat-oop,22564,24097,7.068,1.068,6.037e-16,prime,0
2787,1,z:ilp,nat-oop,22449,24081,7.104,1.073,6.037e-16,prime,1
2788,1,z:ilp,nat-oop,6542,20056,24.387,3.066,6.587e-16,chain3,0
2788,1,z:ilp,nat-oop,6404,20160,24.913,3.148,6.587e-16,chain3,1
2789,1,z:ilp,nat-oop,22791,24135,7.003,1.059,6.486e-16,prime,0
2789,1,z:ilp,nat-oop,22630,24041,7.053,1.062,6.486e-16,prime,1
2790,1,z:ilp,nat-oop,5044,15865,31.654,3.145,4.911e-16,chain3,0
2790,1,z:ilp,nat-oop,5044,15737,31.653,3.120,4.911e-16,chain3,1
2791,1,z:ilp,nat-oop,22410,24362,7.128,1.087,6.597e-16,prime,0
2791,1,z:ilp,nat-oop,21884,24071,7.299,1.100,6.597e-16,prime,1
2792,1,z:ilp,nat-oop,21899,24072,7.297,1.099,6.496e-16,prime,0
2792,1,z:ilp,nat-oop,21875,24077,7.305,1.101,6.496e-16,prime,1
2793,1,z:ilp,nat-oop,4972,11545,32.150,2.322,6.350e-16,chain3,0
2793,1,z:ilp,nat-oop,5144,11570,31.080,2.249,6.350e-16,chain3,1
2794,1,z:ilp,nat-oop,22795,24074,7.016,1.056,6.032e-16,prime,0
2794,1,z:ilp,nat-oop,22769,24085,7.024,1.058,6.032e-16,prime,1
2795,1,z:ilp,nat-oop,7297,16929,21.928,2.320,5.882e-16,chain3,0
2795,1,z:ilp,nat-oop,6912,16962,23.146,2.454,5.882e-16,chain3,1
2796,1,z:ilp,nat-oop,22541,24154,7.101,1.072,5.938e-16,prime,0
2796,1,z:ilp,nat-oop,22491,26842,7.116,1.193,5.938e-16,prime,1
2797,1,z:ilp,nat-oop,21830,24183,7.335,1.108,6.202e-16,prime,0
2797,1,z:ilp,nat-oop,21826,24350,7.336,1.116,6.202e-16,prime,1
2798,1,z:ilp,nat-oop,22382,24165,7.157,1.080,6.949e-16,prime,0
2798,1,z:ilp,nat-oop,22366,24144,7.162,1.079,6.949e-16,prime,1
2799,1,z:ilp,nat-oop,22818,24127,7.023,1.057,6.573e-16,prime,0
2799,1,z:ilp,nat-oop,28930,24083,5.539,0.832,6.573e-16,prime,1
2800,1,z:ilp,nat-oop,2713,9474,59.098,3.492,4.622e-16,ztt,0
2800,1,z:ilp,nat-oop,2736,9475,58.605,3.464,4.622e-16,ztt,1
2801,1,z:ilp,nat-oop,10479,24309,15.306,2.320,5.877e-16,prime,0
2801,1,z:ilp,nat-oop,10464,24194,15.327,2.312,5.877e-16,prime,1
2802,1,z:ilp,nat-oop,22488,24175,7.135,1.075,4.330e-16,prime,0
2802,1,z:ilp,nat-oop,22442,24081,7.150,1.073,4.330e-16,prime,1
2803,1,z:ilp,nat-oop,22245,24069,7.215,1.082,5.133e-16,prime,0
2803,1,z:ilp,nat-oop,22255,24171,7.212,1.086,5.133e-16,prime,1
2804,1,z:ilp,nat-oop,22250,24142,7.217,1.085,5.842e-16,prime,0
2804,1,z:ilp,nat-oop,22784,24168,7.048,1.061,5.842e-16,prime,1
2805,1,z:ilp,nat-oop,5390,12330,29.802,2.287,6.039e-16,chain3,0
2805,1,z:ilp,nat-oop,5053,12397,31.792,2.454,6.039e-16,chain3,1
2806,1,z:ilp,nat-oop,22819,25206,7.043,1.105,6.321e-16,prime,0
2806,1,z:ilp,nat-oop,22257,25128,7.220,1.129,6.321e-16,prime,1
2807,1,z:ilp,nat-oop,22440,24131,7.164,1.075,6.863e-16,prime,0
2807,1,z:ilp,nat-oop,22404,24154,7.176,1.078,6.863e-16,prime,1
2808,1,z:ilp,nat-oop,5040,11807,31.911,2.343,1.220e-15,flat,0
2808,1,z:ilp,nat-oop,5062,11690,31.772,2.309,1.220e-15,flat,1
2809,1,z:ilp,nat-oop,22251,28749,7.231,1.292,5.994e-16,prime,0
2809,1,z:ilp,nat-oop,22199,28593,7.248,1.288,5.994e-16,prime,1
2810,1,z:ilp,nat-oop,22417,24104,7.180,1.075,7.299e-16,prime,0
2810,1,z:ilp,nat-oop,22414,24078,7.181,1.074,7.299e-16,prime,1
2811,1,z:ilp,nat-oop,22565,24243,7.136,1.074,5.158e-16,prime,0
2811,1,z:ilp,nat-oop,22500,24097,7.157,1.071,5.158e-16,prime,1
2812,1,z:ilp,nat-oop,6371,20527,25.287,3.222,5.133e-16,chain3,0
2812,1,z:ilp,nat-oop,6337,20288,25.421,3.202,5.133e-16,chain3,1
2813,1,z:ilp,nat-oop,22412,33861,7.191,1.511,5.929e-16,prime,0
2813,1,z:ilp,nat-oop,22414,33887,7.190,1.512,5.929e-16,prime,1
2814,1,z:ilp,nat-oop,21847,23967,7.379,1.097,6.356e-16,prime,0
2814,1,z:ilp,nat-oop,22840,24266,7.059,1.062,6.356e-16,prime,1
2815,1,z:ilp,nat-oop,22358,24212,7.214,1.083,6.333e-16,prime,0
2815,1,z:ilp,nat-oop,22299,24066,7.233,1.079,6.333e-16,prime,1
2816,1,z:ilp,nat-oop,4010,11641,40.236,2.903,4.505e-16,chain3,0
2816,1,z:ilp,nat-oop,3989,11655,40.448,2.922,4.505e-16,chain3,1
2817,1,z:ilp,nat-oop,22793,24383,7.082,1.070,4.825e-16,prime,0
2817,1,z:ilp,nat-oop,22779,24130,7.086,1.059,4.825e-16,prime,1
2818,1,z:ilp,nat-oop,22236,24097,7.262,1.084,7.072e-16,prime,0
2818,1,z:ilp,nat-oop,22820,24131,7.076,1.057,7.072e-16,prime,1
2819,1,z:ilp,nat-oop,23033,24157,7.014,1.049,5.922e-16,prime,0
2819,1,z:ilp,nat-oop,23049,26724,7.009,1.159,5.922e-16,prime,1
2820,1,z:ilp,nat-oop,5843,20140,27.656,3.447,6.041e-16,chain3,0
2820,1,z:ilp,nat-oop,5849,20189,27.630,3.452,6.041e-16,chain3,1
2821,1,z:ilp,nat-oop,5985,14256,27.013,2.382,6.489e-16,chain3,0
2821,1,z:ilp,nat-oop,6108,14393,26.469,2.356,6.489e-16,chain3,1
2822,1,z:ilp,nat-oop,22599,29091,7.157,1.287,4.907e-16,prime,0
2822,1,z:ilp,nat-oop,22705,29205,7.123,1.286,4.907e-16,prime,1
2823,1,z:ilp,nat-oop,22410,24146,7.220,1.077,5.514e-16,prime,0
2823,1,z:ilp,nat-oop,22404,24146,7.222,1.078,5.514e-16,prime,1
2824,1,z:ilp,nat-oop,22527,24179,7.185,1.073,6.174e-16,prime,0
2824,1,z:ilp,nat-oop,22444,24129,7.212,1.075,6.174e-16,prime,1
2825,1,z:ilp,nat-oop,27038,24109,5.989,0.892,5.831e-16,prime,0
2825,1,z:ilp,nat-oop,22439,24158,7.217,1.077,5.831e-16,prime,1
2826,1,z:ilp,nat-oop,22556,26019,7.182,1.154,6.493e-16,prime,0
2826,1,z:ilp,nat-oop,22829,24134,7.096,1.057,6.493e-16,prime,1
2827,1,z:ilp,nat-oop,22223,24136,7.293,1.086,5.329e-16,prime,0
2827,1,z:ilp,nat-oop,31494,24156,5.146,0.767,5.329e-16,prime,1
2828,1,z:ilp,nat-oop,22725,24206,7.134,1.065,5.034e-16,prime,0
2828,1,z:ilp,nat-oop,22871,24167,7.088,1.057,5.034e-16,prime,1
2829,1,z:ilp,nat-oop,7804,19886,20.783,2.548,8.539e-16,flat,0
2829,1,z:ilp,nat-oop,7937,19714,20.434,2.484,8.539e-16,flat,1
2830,1,z:ilp,nat-oop,21819,24154,7.436,1.107,5.002e-16,prime,0
2830,1,z:ilp,nat-oop,22360,24172,7.256,1.081,5.002e-16,prime,1
2831,1,z:ilp,nat-oop,22727,24104,7.142,1.061,6.455e-16,prime,0
2831,1,z:ilp,nat-oop,22374,24134,7.255,1.079,6.455e-16,prime,1
2832,1,z:ilp,nat-oop,22733,23331,7.143,1.026,5.827e-16,prime,0
2832,1,z:ilp,nat-oop,22208,23268,7.312,1.048,5.827e-16,prime,1
2833,1,z:ilp,nat-oop,23181,24156,7.008,1.042,5.475e-16,prime,0
2833,1,z:ilp,nat-oop,22673,30845,7.165,1.360,5.475e-16,prime,1
2834,1,z:ilp,nat-oop,22821,24071,7.121,1.055,5.221e-16,prime,0
2834,1,z:ilp,nat-oop,22455,24189,7.237,1.077,5.221e-16,prime,1
2835,1,z:ilp,nat-oop,5055,8754,32.158,1.732,7.168e-16,chain3,0
2835,1,z:ilp,nat-oop,6016,8785,27.022,1.460,7.168e-16,chain3,1
2836,1,z:ilp,nat-oop,22402,24169,7.260,1.079,5.809e-16,prime,0
2836,1,z:ilp,nat-oop,21850,24107,7.443,1.103,5.809e-16,prime,1
2837,1,z:ilp,nat-oop,22471,25619,7.240,1.140,6.525e-16,prime,0
2837,1,z:ilp,nat-oop,22376,24381,7.271,1.090,6.525e-16,prime,1
2838,1,z:ilp,nat-oop,6643,19621,24.503,2.954,5.246e-16,chain3,0
2838,1,z:ilp,nat-oop,6677,19576,24.377,2.932,5.246e-16,chain3,1
2839,1,z:ilp,nat-oop,21802,24118,7.469,1.106,6.115e-16,prime,0
2839,1,z:ilp,nat-oop,22283,26749,7.308,1.200,6.115e-16,prime,1
2840,1,z:ilp,nat-oop,32335,26517,5.038,0.820,5.707e-16,prime,0
2840,1,z:ilp,nat-oop,22199,26577,7.338,1.197,5.707e-16,prime,1
2841,1,z:ilp,nat-oop,22813,24199,7.143,1.061,5.726e-16,prime,0
2841,1,z:ilp,nat-oop,21817,24098,7.470,1.105,5.726e-16,prime,1
2842,1,z:ilp,nat-oop,6948,13100,23.465,1.885,2.045e-15,flat,0
2842,1,z:ilp,nat-oop,6962,13094,23.417,1.881,2.045e-15,flat,1
2843,1,z:ilp,nat-oop,22349,24162,7.298,1.081,6.514e-16,prime,0
2843,1,z:ilp,nat-oop,21824,24133,7.473,1.106,6.514e-16,prime,1
2844,1,z:ilp,nat-oop,22134,28928,7.371,1.307,5.302e-16,prime,0
2844,1,z:ilp,nat-oop,22764,28818,7.167,1.266,5.302e-16,prime,1
2845,1,z:ilp,nat-oop,22175,24162,7.361,1.090,5.820e-16,prime,0
2845,1,z:ilp,nat-oop,22864,24088,7.139,1.054,5.820e-16,prime,1
2846,1,z:ilp,nat-oop,22697,24225,7.194,1.067,6.929e-16,prime,0
2846,1,z:ilp,nat-oop,22177,24124,7.363,1.088,6.929e-16,prime,1
2847,1,z:ilp,nat-oop,22218,25024,7.352,1.126,5.082e-16,prime,0
2847,1,z:ilp,nat-oop,22147,25055,7.376,1.131,5.082e-16,prime,1
2848,1,z:ilp,nat-oop,22887,31001,7.140,1.355,4.550e-16,prime,0
2848,1,z:ilp,nat-oop,22195,31059,7.363,1.399,4.550e-16,prime,1
2849,1,z:ilp,nat-oop,6238,15270,26.208,2.448,6.022e-16,flat,0
2849,1,z:ilp,nat-oop,6375,15333,25.645,2.405,6.022e-16,flat,1
2850,1,z:ilp,nat-oop,8928,13124,18.318,1.470,5.321e-16,flat,0
2850,1,z:ilp,nat-oop,6237,13112,26.221,2.102,5.321e-16,flat,1
2851,1,z:ilp,nat-oop,15547,24195,10.524,1.556,9.228e-16,prime,0
2851,1,z:ilp,nat-oop,15625,24131,10.471,1.544,9.228e-16,prime,1
2852,1,z:ilp,nat-oop,6173,20785,26.513,3.367,6.434e-16,chain3,0
2852,1,z:ilp,nat-oop,6191,20724,26.438,3.348,6.434e-16,chain3,1
2853,1,z:ilp,nat-oop,22239,24116,7.363,1.084,6.066e-16,prime,0
2853,1,z:ilp,nat-oop,22777,24195,7.189,1.062,6.066e-16,prime,1
2854,1,z:ilp,nat-oop,22209,24093,7.375,1.085,6.785e-16,prime,0
2854,1,z:ilp,nat-oop,22773,24090,7.193,1.058,6.785e-16,prime,1
2855,1,z:ilp,nat-oop,27136,24132,6.039,0.889,6.126e-16,prime,0
2855,1,z:ilp,nat-oop,21837,24106,7.504,1.104,6.126e-16,prime,1
2856,1,z:ilp,nat-oop,4616,12623,35.516,2.735,6.345e-16,chain3,0
2856,1,z:ilp,nat-oop,4689,12621,34.962,2.692,6.345e-16,chain3,1
2857,1,z:ilp,nat-oop,16605,24194,9.876,1.457,1.125e-15,prime,0
2857,1,z:ilp,nat-oop,16090,24194,10.193,1.504,1.125e-15,prime,1
2858,1,z:ilp,nat-oop,22457,24095,7.306,1.073,5.046e-16,prime,0
2858,1,z:ilp,nat-oop,22562,24173,7.272,1.071,5.046e-16,prime,1
2859,1,z:ilp,nat-oop,22208,24100,7.390,1.085,6.319e-16,prime,0
2859,1,z:ilp,nat-oop,23215,24077,7.070,1.037,6.319e-16,prime,1
2860,1,z:ilp,nat-oop,4694,13986,34.978,2.980,7.213e-16,flat,0
2860,1,z:ilp,nat-oop,4808,13896,34.147,2.890,7.213e-16,flat,1
2861,1,z:ilp,nat-oop,26087,24209,6.296,0.928,6.384e-16,prime,0
2861,1,z:ilp,nat-oop,21856,24158,7.515,1.105,6.384e-16,prime,1
2862,1,z:ilp,nat-oop,21807,21418,7.535,0.982,6.731e-16,prime,0
2862,1,z:ilp,nat-oop,21846,21409,7.522,0.980,6.731e-16,prime,1
2863,1,z:ilp,nat-oop,24428,24099,6.729,0.987,7.885e-16,prime,0
2863,1,z:ilp,nat-oop,23956,24173,6.862,1.009,7.885e-16,prime,1
2864,1,z:ilp,nat-oop,22279,24142,7.381,1.084,6.119e-16,prime,0
2864,1,z:ilp,nat-oop,23055,24122,7.133,1.046,6.119e-16,prime,1
2865,1,z:ilp,nat-oop,22228,24361,7.401,1.096,7.039e-16,prime,0
2865,1,z:ilp,nat-oop,22266,24101,7.388,1.082,7.039e-16,prime,1
2866,1,z:ilp,nat-oop,23255,24155,7.077,1.039,7.471e-16,prime,0
2866,1,z:ilp,nat-oop,22867,24261,7.197,1.061,7.471e-16,prime,1
2867,1,z:ilp,nat-oop,22713,30241,7.249,1.331,5.613e-16,prime,0
2867,1,z:ilp,nat-oop,22768,30331,7.231,1.332,5.613e-16,prime,1
2868,1,z:ilp,nat-oop,22519,24223,7.314,1.076,6.092e-16,prime,0
2868,1,z:ilp,nat-oop,22214,24363,7.414,1.097,6.092e-16,prime,1
2869,1,z:ilp,nat-oop,21882,24147,7.530,1.104,6.342e-16,prime,0
2869,1,z:ilp,nat-oop,22281,24109,7.395,1.082,6.342e-16,prime,1
2870,1,z:ilp,nat-oop,8194,16220,20.117,1.980,5.929e-16,flat,0
2870,1,z:ilp,nat-oop,8137,16253,20.257,1.997,5.929e-16,flat,1
2871,1,z:ilp,nat-oop,6126,15836,26.916,2.585,8.182e-16,flat,0
2871,1,z:ilp,nat-oop,6224,15856,26.496,2.548,8.182e-16,flat,1
2872,1,z:ilp,nat-oop,21870,24194,7.543,1.106,6.392e-16,prime,0
2872,1,z:ilp,nat-oop,22333,26731,7.387,1.197,6.392e-16,prime,1
2873,1,z:ilp,nat-oop,5569,13157,29.633,2.362,8.152e-16,chain3,0
2873,1,z:ilp,nat-oop,5580,13177,29.575,2.362,8.152e-16,chain3,1
2874,1,z:ilp,nat-oop,28204,24155,5.854,0.856,7.780e-16,prime,0
2874,1,z:ilp,nat-oop,22388,24067,7.374,1.075,7.780e-16,prime,1
2875,1,z:ilp,nat-oop,6158,12996,26.822,2.111,6.686e-16,chain3,0
2875,1,z:ilp,nat-oop,6351,12921,26.007,2.035,6.686e-16,chain3,1
2876,1,z:ilp,nat-oop,29104,24139,5.677,0.829,5.320e-16,prime,0
2876,1,z:ilp,nat-oop,22754,24362,7.261,1.071,5.320e-16,prime,1
2877,1,z:ilp,nat-oop,22848,24155,7.234,1.057,5.748e-16,prime,0
2877,1,z:ilp,nat-oop,22254,24136,7.427,1.085,5.748e-16,prime,1
2878,1,z:ilp,nat-oop,23951,30861,6.904,1.289,5.990e-16,prime,0
2878,1,z:ilp,nat-oop,22442,24190,7.368,1.078,5.990e-16,prime,1
2879,1,z:ilp,nat-oop,22479,24099,7.359,1.072,6.709e-16,prime,0
2879,1,z:ilp,nat-oop,22308,24130,7.415,1.082,6.709e-16,prime,1
2880,1,z:ilp,nat-oop,3054,10609,54.187,3.474,4.272e-16,ztt,0
2880,1,z:ilp,nat-oop,3137,10534,52.751,3.358,4.272e-16,ztt,1
2881,1,z:ilp,nat-oop,22417,31074,7.385,1.386,5.181e-16,prime,0
2881,1,z:ilp,nat-oop,21906,31052,7.557,1.418,5.181e-16,prime,1
2882,1,z:ilp,nat-oop,22466,24165,7.372,1.076,6.205e-16,prime,0
2882,1,z:ilp,nat-oop,21852,24215,7.579,1.108,6.205e-16,prime,1
2883,1,z:ilp,nat-oop,7805,20258,21.226,2.596,1.928e-15,flat,0
2883,1,z:ilp,nat-oop,7899,20261,20.973,2.565,1.928e-15,flat,1
2884,1,z:ilp,nat-oop,22827,24105,7.261,1.056,4.879e-16,prime,0
2884,1,z:ilp,nat-oop,22856,24128,7.252,1.056,4.879e-16,prime,1
2885,1,z:ilp,nat-oop,22860,24064,7.253,1.053,5.933e-16,prime,0
2885,1,z:ilp,nat-oop,22276,24151,7.443,1.084,5.933e-16,prime,1
2886,1,z:ilp,nat-oop,6018,18515,27.562,3.077,6.313e-16,chain3,0
2886,1,z:ilp,nat-oop,5982,18532,27.727,3.098,6.313e-16,chain3,1
2887,1,z:ilp,nat-oop,22779,24173,7.285,1.061,6.358e-16,prime,0
2887,1,z:ilp,nat-oop,22853,24069,7.261,1.053,6.358e-16,prime,1
2888,1,z:ilp,nat-oop,7065,18546,23.495,2.625,1.762e-15,flat,0
2888,1,z:ilp,nat-oop,7618,18594,21.792,2.441,1.762e-15,flat,1
2889,1,z:ilp,nat-oop,22552,24107,7.364,1.069,6.128e-16,prime,0
2889,1,z:ilp,nat-oop,22903,24104,7.251,1.052,6.128e-16,prime,1
2890,1,z:ilp,nat-oop,5385,14545,30.851,2.701,5.967e-16,chain3,0
2890,1,z:ilp,nat-oop,5351,14555,31.045,2.720,5.967e-16,chain3,1
2891,1,z:ilp,nat-oop,22229,18737,7.476,0.843,6.679e-16,prime,0
2891,1,z:ilp,nat-oop,22832,18847,7.279,0.825,6.679e-16,prime,1
2892,1,z:ilp,nat-oop,22507,24400,7.387,1.084,6.728e-16,prime,0
2892,1,z:ilp,nat-oop,21909,24159,7.589,1.103,6.728e-16,prime,1
2893,1,z:ilp,nat-oop,22408,24125,7.422,1.077,6.602e-16,prime,0
2893,1,z:ilp,nat-oop,21849,24118,7.612,1.104,6.602e-16,prime,1
2894,1,z:ilp,nat-oop,22883,24140,7.271,1.055,6.171e-16,prime,0
2894,1,z:ilp,nat-oop,22989,24089,7.238,1.048,6.171e-16,prime,1
2895,1,z:ilp,nat-oop,22818,24204,7.295,1.061,6.716e-16,prime,0
2895,1,z:ilp,nat-oop,22515,24115,7.393,1.071,6.716e-16,prime,1
2896,1,z:ilp,nat-oop,22457,24200,7.415,1.078,5.860e-16,prime,0
2896,1,z:ilp,nat-oop,22298,24320,7.468,1.091,5.860e-16,prime,1
2897,1,z:ilp,nat-oop,22484,24102,7.409,1.072,6.351e-16,prime,0
2897,1,z:ilp,nat-oop,21896,24265,7.608,1.108,6.351e-16,prime,1
2898,1,z:ilp,nat-oop,6994,14499,23.826,2.073,6.956e-16,flat,0
2898,1,z:ilp,nat-oop,6700,14516,24.873,2.167,6.956e-16,flat,1
2899,1,z:ilp,nat-oop,22449,24103,7.426,1.074,7.025e-16,prime,0
2899,1,z:ilp,nat-oop,21864,24288,7.625,1.111,7.025e-16,prime,1
2900,1,z:ilp,nat-oop,7289,15593,22.882,2.139,4.769e-16,flat,0
2900,1,z:ilp,nat-oop,6554,15549,25.445,2.372,4.769e-16,flat,1
2901,1,z:ilp,nat-oop,22962,24105,7.266,1.050,6.465e-16,prime,0
2901,1,z:ilp,nat-oop,28027,30822,5.953,1.100,6.465e-16,prime,1
2902,1,z:ilp,nat-oop,22308,24144,7.482,1.082,5.609e-16,prime,0
2902,1,z:ilp,nat-oop,22449,24084,7.435,1.073,5.609e-16,prime,1
2903,1,z:ilp,nat-oop,33610,29728,4.968,0.885,7.608e-16,prime,0
2903,1,z:ilp,nat-oop,22815,24148,7.318,1.058,7.608e-16,prime,1
2904,1,z:ilp,nat-oop,5122,14212,32.610,2.775,7.779e-16,flat,0
2904,1,z:ilp,nat-oop,5225,14230,31.967,2.723,7.779e-16,flat,1
2905,1,z:ilp,nat-oop,22435,25591,7.448,1.141,5.756e-16,prime,0
2905,1,z:ilp,nat-oop,21946,25560,7.614,1.165,5.756e-16,prime,1
2906,1,z:ilp,nat-oop,22369,24111,7.473,1.078,6.022e-16,prime,0
2906,1,z:ilp,nat-oop,22411,24181,7.459,1.079,6.022e-16,prime,1
2907,1,z:ilp,nat-oop,7645,15444,21.875,2.020,1.595e-15,flat,0
2907,1,z:ilp,nat-oop,6918,15474,24.171,2.237,1.595e-15,flat,1
2908,1,z:ilp,nat-oop,22826,24206,7.329,1.060,8.863e-16,prime,0
2908,1,z:ilp,nat-oop,22777,24365,7.345,1.070,8.863e-16,prime,1
2909,1,z:ilp,nat-oop,21910,24115,7.638,1.101,6.188e-16,prime,0
2909,1,z:ilp,nat-oop,21889,24169,7.646,1.104,6.188e-16,prime,1
2910,1,z:ilp,nat-oop,22852,33204,7.327,1.453,5.965e-16,prime,0
2910,1,z:ilp,nat-oop,22306,33207,7.506,1.489,5.965e-16,prime,1
2911,1,z:ilp,nat-oop,22732,31868,7.368,1.402,6.187e-16,prime,0
2911,1,z:ilp,nat-oop,22241,31941,7.531,1.436,6.187e-16,prime,1
2912,1,z:ilp,nat-oop,3702,12199,45.262,3.295,5.609e-16,chain3,0
2912,1,z:ilp,nat-oop,3536,12203,47.391,3.452,5.609e-16,chain3,1
2913,1,z:ilp,nat-oop,22666,24087,7.395,1.063,5.811e-16,prime,0
2913,1,z:ilp,nat-oop,22522,24088,7.443,1.070,5.811e-16,prime,1
2914,1,z:ilp,nat-oop,8927,24572,18.784,2.753,1.938e-15,flat,0
2914,1,z:ilp,nat-oop,8909,24516,18.823,2.752,1.938e-15,flat,1
2915,1,z:ilp,nat-oop,21883,19757,7.666,0.903,6.433e-16,prime,0
2915,1,z:ilp,nat-oop,22380,19775,7.495,0.884,6.433e-16,prime,1
2916,1,z:ilp,nat-oop,4052,11281,41.412,2.784,6.999e-16,chain3,0
2916,1,z:ilp,nat-oop,4015,11315,41.796,2.818,6.999e-16,chain3,1
2917,1,z:ilp,nat-oop,21909,24122,7.662,1.101,6.908e-16,prime,0
2917,1,z:ilp,nat-oop,31214,24135,5.378,0.773,6.908e-16,prime,1
2918,1,z:ilp,nat-oop,21926,24187,7.659,1.103,7.514e-16,prime,0
2918,1,z:ilp,nat-oop,22820,24163,7.359,1.059,7.514e-16,prime,1
2919,1,z:ilp,nat-oop,22871,24112,7.346,1.054,5.681e-16,prime,0
2919,1,z:ilp,nat-oop,22336,24195,7.522,1.083,5.681e-16,prime,1
2920,1,z:ilp,nat-oop,21519,27308,7.810,1.269,4.914e-16,prime,0
2920,1,z:ilp,nat-oop,21388,27409,7.858,1.282,4.914e-16,prime,1
2921,1,z:ilp,nat-oop,33657,29543,4.996,0.878,7.396e-16,prime,0
2921,1,z:ilp,nat-oop,22820,24085,7.368,1.055,7.396e-16,prime,1
2922,1,z:ilp,nat-oop,22461,26151,7.488,1.164,6.058e-16,prime,0
2922,1,z:ilp,nat-oop,22402,24159,7.508,1.078,6.058e-16,prime,1
2923,1,z:ilp,nat-oop,22693,33119,7.415,1.459,6.520e-16,prime,0
2923,1,z:ilp,nat-oop,22236,33036,7.567,1.486,6.520e-16,prime,1
2924,1,z:ilp,nat-oop,7138,22161,23.583,3.105,7.239e-16,chain3,0
2924,1,z:ilp,nat-oop,6953,22055,24.209,3.172,7.239e-16,chain3,1
2925,1,z:ilp,nat-oop,5190,10811,32.448,2.083,6.565e-16,chain3,0
2925,1,z:ilp,nat-oop,5235,10970,32.168,2.096,6.565e-16,chain3,1
2926,1,z:ilp,nat-oop,7163,13983,23.517,1.952,1.372e-15,flat,0
2926,1,z:ilp,nat-oop,7204,13869,23.385,1.925,1.372e-15,flat,1
2927,1,z:ilp,nat-oop,22462,24105,7.503,1.073,6.917e-16,prime,0
2927,1,z:ilp,nat-oop,22442,24127,7.509,1.075,6.917e-16,prime,1
2928,1,z:ilp,nat-oop,22649,24520,7.444,1.083,4.623e-16,prime,0
2928,1,z:ilp,nat-oop,22608,24577,7.457,1.087,4.623e-16,prime,1
2929,1,z:ilp,nat-oop,21884,24189,7.707,1.105,5.939e-16,prime,0
2929,1,z:ilp,nat-oop,21824,30849,7.728,1.413,5.939e-16,prime,1
2930,1,z:ilp,nat-oop,22538,24271,7.486,1.077,7.097e-16,prime,0
2930,1,z:ilp,nat-oop,22511,24215,7.495,1.076,7.097e-16,prime,1
2931,1,z:ilp,nat-oop,22511,24086,7.498,1.070,5.792e-16,prime,0
2931,1,z:ilp,nat-oop,22557,24161,7.483,1.071,5.792e-16,prime,1
2932,1,z:ilp,nat-oop,22405,24176,7.536,1.079,7.157e-16,prime,0
2932,1,z:ilp,nat-oop,21905,24161,7.708,1.103,7.157e-16,prime,1
2933,1,z:ilp,nat-oop,22782,24170,7.414,1.061,6.039e-16,prime,0
2933,1,z:ilp,nat-oop,22275,24120,7.583,1.083,6.039e-16,prime,1
2934,1,z:ilp,nat-oop,22468,24113,7.521,1.073,5.280e-16,prime,0
2934,1,z:ilp,nat-oop,22451,24149,7.527,1.076,5.280e-16,prime,1
2935,1,z:ilp,nat-oop,22390,24149,7.550,1.079,9.454e-16,prime,0
2935,1,z:ilp,nat-oop,21858,30963,7.734,1.417,9.454e-16,prime,1
2936,1,z:ilp,nat-oop,22296,24145,7.585,1.083,7.012e-16,prime,0
2936,1,z:ilp,nat-oop,21871,24095,7.732,1.102,7.012e-16,prime,1
2937,1,z:ilp,nat-oop,22410,29721,7.549,1.326,3.657e-16,prime,0
2937,1,z:ilp,nat-oop,21878,29895,7.733,1.366,3.657e-16,prime,1
2938,1,z:ilp,nat-oop,22456,24170,7.536,1.076,7.640e-16,prime,0
2938,1,z:ilp,nat-oop,22389,24253,7.559,1.083,7.640e-16,prime,1
2939,1,z:ilp,nat-oop,22844,24143,7.411,1.057,6.025e-16,prime,0
2939,1,z:ilp,nat-oop,22840,24121,7.413,1.056,6.025e-16,prime,1
2940,1,z:ilp,nat-oop,4644,10096,36.469,2.174,4.927e-16,flat,0
2940,1,z:ilp,nat-oop,4722,10102,35.871,2.140,4.927e-16,flat,1
2941,1,z:ilp,nat-oop,22808,24164,7.429,1.059,6.346e-16,prime,0
2941,1,z:ilp,nat-oop,22246,25643,7.616,1.153,6.346e-16,prime,1
2942,1,z:ilp,nat-oop,22217,24130,7.629,1.086,6.192e-16,prime,0
2942,1,z:ilp,nat-oop,22761,24084,7.447,1.058,6.192e-16,prime,1
2943,1,z:ilp,nat-oop,22822,24105,7.430,1.056,6.125e-16,prime,0
2943,1,z:ilp,nat-oop,22318,27057,7.597,1.212,6.125e-16,prime,1
2944,1,z:ilp,nat-oop,4442,15380,38.191,3.463,5.648e-16,chain3,0
2944,1,z:ilp,nat-oop,4265,15412,39.774,3.614,5.648e-16,chain3,1
2945,1,z:ilp,nat-oop,6923,17315,24.511,2.501,5.435e-16,chain3,0
2945,1,z:ilp,nat-oop,6755,17397,25.120,2.575,5.435e-16,chain3,1
2946,1,z:ilp,nat-oop,22473,24147,7.554,1.074,6.388e-16,prime,0
2946,1,z:ilp,nat-oop,22453,24186,7.560,1.077,6.388e-16,prime,1
2947,1,z:ilp,nat-oop,22700,24208,7.481,1.066,4.998e-16,prime,0
2947,1,z:ilp,nat-oop,22731,24129,7.471,1.062,4.998e-16,prime,1
2948,1,z:ilp,nat-oop,22343,27245,7.604,1.219,4.925e-16,prime,0
2948,1,z:ilp,nat-oop,31044,27414,5.472,0.883,4.925e-16,prime,1
2949,1,z:ilp,nat-oop,22837,24431,7.442,1.070,7.719e-16,prime,0
2949,1,z:ilp,nat-oop,22313,24156,7.617,1.083,7.719e-16,prime,1
2950,1,z:ilp,nat-oop,21864,22631,7.776,1.035,6.101e-16,prime,0
2950,1,z:ilp,nat-oop,22394,22200,7.592,0.991,6.101e-16,prime,1
2951,1,z:ilp,nat-oop,22280,24228,7.634,1.087,5.312e-16,prime,0
2951,1,z:ilp,nat-oop,22850,24126,7.443,1.056,5.312e-16,prime,1
2952,1,z:ilp,nat-oop,5495,19028,30.962,3.463,5.314e-16,chain3,0
2952,1,z:ilp,nat-oop,5610,18994,30.330,3.386,5.314e-16,chain3,1
2953,1,z:ilp,nat-oop,22251,25665,7.649,1.153,6.568e-16,prime,0
2953,1,z:ilp,nat-oop,22851,24271,7.449,1.062,6.568e-16,prime,1
2954,1,z:ilp,nat-oop,22407,24178,7.599,1.079,5.884e-16,prime,0
2954,1,z:ilp,nat-oop,22122,24181,7.697,1.093,5.884e-16,prime,1
2955,1,z:ilp,nat-oop,22291,24112,7.642,1.082,5.576e-16,prime,0
2955,1,z:ilp,nat-oop,22267,24394,7.650,1.096,5.576e-16,prime,1
2956,1,z:ilp,nat-oop,22533,24231,7.562,1.075,6.469e-16,prime,0
2956,1,z:ilp,nat-oop,22562,24177,7.553,1.072,6.469e-16,prime,1
2957,1,z:ilp,nat-oop,22384,24222,7.616,1.082,5.640e-16,prime,0
2957,1,z:ilp,nat-oop,21869,24423,7.795,1.117,5.640e-16,prime,1
2958,1,z:ilp,nat-oop,8700,18317,19.602,2.105,1.114e-15,flat,0
2958,1,z:ilp,nat-oop,8720,18166,19.557,2.083,1.114e-15,flat,1
2959,1,z:ilp,nat-oop,21842,27544,7.811,1.261,8.065e-16,prime,0
2959,1,z:ilp,nat-oop,21870,24156,7.801,1.105,8.065e-16,prime,1
2960,1,z:ilp,nat-oop,5579,18222,30.590,3.266,7.076e-16,flat,0
2960,1,z:ilp,nat-oop,5643,18359,30.246,3.254,7.076e-16,flat,1
2961,1,z:ilp,nat-oop,6899,19131,24.746,2.773,6.338e-16,flat,0
2961,1,z:ilp,nat-oop,6904,19163,24.730,2.776,6.338e-16,flat,1
2962,1,z:ilp,nat-oop,22400,24162,7.625,1.079,5.313e-16,prime,0
2962,1,z:ilp,nat-oop,28636,24208,5.964,0.845,5.313e-16,prime,1
2963,1,z:ilp,nat-oop,22207,24217,7.694,1.091,6.033e-16,prime,0
2963,1,z:ilp,nat-oop,22486,24287,7.598,1.080,6.033e-16,prime,1
2964,1,z:ilp,nat-oop,4482,16885,38.134,3.767,6.605e-16,chain3,0
2964,1,z:ilp,nat-oop,4491,16907,38.058,3.765,6.605e-16,chain3,1
2965,1,z:ilp,nat-oop,22278,24121,7.675,1.083,6.904e-16,prime,0
2965,1,z:ilp,nat-oop,26481,24180,6.457,0.913,6.904e-16,prime,1
2966,1,z:ilp,nat-oop,22189,24264,7.709,1.094,6.390e-16,prime,0
2966,1,z:ilp,nat-oop,22135,24166,7.728,1.092,6.390e-16,prime,1
2967,1,z:ilp,nat-oop,11237,21767,15.228,1.937,5.558e-16,chain3,0
2967,1,z:ilp,nat-oop,16010,21786,10.688,1.361,5.558e-16,chain3,1
2968,1,z:ilp,nat-oop,28496,22356,6.007,0.785,4.515e-16,prime,0
2968,1,z:ilp,nat-oop,22441,22366,7.628,0.997,4.515e-16,prime,1
2969,1,z:ilp,nat-oop,22321,24239,7.672,1.086,6.591e-16,prime,0
2969,1,z:ilp,nat-oop,22857,24125,7.492,1.055,6.591e-16,prime,1
2970,1,z:ilp,nat-oop,4910,11727,34.892,2.388,6.768e-16,chain3,0
2970,1,z:ilp,nat-oop,4784,11764,35.813,2.459,6.768e-16,chain3,1
2971,1,z:ilp,nat-oop,22281,24149,7.692,1.084,6.322e-16,prime,0
2971,1,z:ilp,nat-oop,22836,24222,7.505,1.061,6.322e-16,prime,1
2972,1,z:ilp,nat-oop,22368,24221,7.665,1.083,6.548e-16,prime,0
2972,1,z:ilp,nat-oop,22432,24194,7.643,1.079,6.548e-16,prime,1
2973,1,z:ilp,nat-oop,22235,24221,7.713,1.089,6.252e-16,prime,0
2973,1,z:ilp,nat-oop,22260,24172,7.705,1.086,6.252e-16,prime,1
2974,1,z:ilp,nat-oop,27171,24111,6.315,0.887,5.423e-16,prime,0
2974,1,z:ilp,nat-oop,22405,24313,7.658,1.085,5.423e-16,prime,1
2975,1,z:ilp,nat-oop,5986,11259,28.673,1.881,6.821e-16,flat,0
2975,1,z:ilp,nat-oop,7181,11458,23.901,1.595,6.821e-16,flat,1
2976,1,z:ilp,nat-oop,4845,17650,35.440,3.643,6.153e-16,chain3,0
2976,1,z:ilp,nat-oop,4752,17561,36.135,3.696,6.153e-16,chain3,1
2977,1,z:ilp,nat-oop,22847,24390,7.518,1.068,6.457e-16,prime,0
2977,1,z:ilp,nat-oop,22392,24144,7.671,1.078,6.457e-16,prime,1
2978,1,z:ilp,nat-oop,22882,24187,7.510,1.057,7.286e-16,prime,0
2978,1,z:ilp,nat-oop,22795,24177,7.538,1.061,7.286e-16,prime,1
2979,1,z:ilp,nat-oop,22382,24156,7.680,1.079,5.820e-16,prime,0
2979,1,z:ilp,nat-oop,21861,24179,7.863,1.106,5.820e-16,prime,1
2980,1,z:ilp,nat-oop,21887,24228,7.857,1.107,5.255e-16,prime,0
2980,1,z:ilp,nat-oop,21874,24066,7.861,1.100,5.255e-16,prime,1
2981,1,z:ilp,nat-oop,28700,24163,5.994,0.842,7.035e-16,prime,0
2981,1,z:ilp,nat-oop,21878,24219,7.863,1.107,7.035e-16,prime,1
2982,1,z:ilp,nat-oop,22697,26820,7.582,1.182,4.731e-16,prime,0
2982,1,z:ilp,nat-oop,23111,26669,7.446,1.154,4.731e-16,prime,1
2983,1,z:ilp,nat-oop,22552,24226,7.634,1.074,6.969e-16,prime,0
2983,1,z:ilp,nat-oop,22451,24207,7.668,1.078,6.969e-16,prime,1
2984,1,z:ilp,nat-oop,22277,24245,7.731,1.088,7.501e-16,prime,0
2984,1,z:ilp,nat-oop,22663,24167,7.599,1.066,7.501e-16,prime,1
2985,1,z:ilp,nat-oop,22203,24161,7.760,1.088,5.939e-16,prime,0
2985,1,z:ilp,nat-oop,22819,24143,7.550,1.058,5.939e-16,prime,1
2986,1,z:ilp,nat-oop,21873,24187,7.880,1.106,5.909e-16,prime,0
2986,1,z:ilp,nat-oop,21869,24075,7.881,1.101,5.909e-16,prime,1
2987,1,z:ilp,nat-oop,21897,24316,7.874,1.110,5.995e-16,prime,0
2987,1,z:ilp,nat-oop,22429,24172,7.687,1.078,5.995e-16,prime,1
2988,1,z:ilp,nat-oop,22220,31189,7.762,1.404,6.081e-16,prime,0
2988,1,z:ilp,nat-oop,22566,31158,7.644,1.381,6.081e-16,prime,1
2989,1,z:ilp,nat-oop,21918,19999,7.872,0.912,6.179e-16,prime,0
2989,1,z:ilp,nat-oop,21898,20083,7.880,0.917,6.179e-16,prime,1
2990,1,z:ilp,nat-oop,7698,15762,22.422,2.048,6.864e-16,flat,0
2990,1,z:ilp,nat-oop,7713,15988,22.379,2.073,6.864e-16,flat,1
2991,1,z:ilp,nat-oop,22434,24158,7.697,1.077,7.018e-16,prime,0
2991,1,z:ilp,nat-oop,22333,24184,7.732,1.083,7.018e-16,prime,1
2992,1,z:ilp,nat-oop,4223,15859,40.909,3.756,5.943e-16,chain3,0
2992,1,z:ilp,nat-oop,4219,15827,40.948,3.752,5.943e-16,chain3,1
2993,1,z:ilp,nat-oop,21931,32636,7.879,1.488,6.206e-16,prime,0
2993,1,z:ilp,nat-oop,21912,32621,7.886,1.489,6.206e-16,prime,1
2994,1,z:ilp,nat-oop,22429,24256,7.707,1.081,5.836e-16,prime,0
2994,1,z:ilp,nat-oop,22480,24247,7.690,1.079,5.836e-16,prime,1
2995,1,z:ilp,nat-oop,22912,24142,7.548,1.054,5.470e-16,prime,0
2995,1,z:ilp,nat-oop,22267,24222,7.767,1.088,5.470e-16,prime,1
2996,1,z:ilp,nat-oop,22889,24247,7.558,1.059,4.555e-16,prime,0
2996,1,z:ilp,nat-oop,22590,24291,7.658,1.075,4.555e-16,prime,1
2997,1,z:ilp,nat-oop,7706,17430,22.459,2.262,5.068e-16,chain3,0
2997,1,z:ilp,nat-oop,7292,17604,23.735,2.414,5.068e-16,chain3,1
2998,1,z:ilp,nat-oop,22409,24201,7.726,1.080,7.713e-16,prime,0
2998,1,z:ilp,nat-oop,22430,24290,7.719,1.083,7.713e-16,prime,1
2999,1,z:ilp,nat-oop,22334,24214,7.755,1.084,6.986e-16,prime,0
2999,1,z:ilp,nat-oop,22296,24185,7.768,1.085,6.986e-16,prime,1
3000,1,z:ilp,nat-oop,3927,10400,44.124,2.649,5.700e-16,chain3,0
3000,1,z:ilp,nat-oop,3986,10404,43.464,2.610,5.700e-16,chain3,1
3001,1,z:ilp,nat-oop,17974,24223,9.643,1.348,8.613e-16,prime,0
3001,1,z:ilp,nat-oop,19191,24158,9.032,1.259,8.613e-16,prime,1
3002,1,z:ilp,nat-oop,21875,30956,7.926,1.415,5.327e-16,prime,0
3002,1,z:ilp,nat-oop,22334,31159,7.764,1.395,5.327e-16,prime,1
3003,1,z:ilp,nat-oop,5216,13060,33.253,2.504,6.593e-16,chain3,0
3003,1,z:ilp,nat-oop,5023,12992,34.534,2.587,6.593e-16,chain3,1
3004,1,z:ilp,nat-oop,22269,24138,7.792,1.084,5.667e-16,prime,0
3004,1,z:ilp,nat-oop,22311,24154,7.777,1.083,5.667e-16,prime,1
3005,1,z:ilp,nat-oop,21861,27637,7.940,1.264,5.975e-16,prime,0
3005,1,z:ilp,nat-oop,21893,30961,7.929,1.414,5.975e-16,prime,1
3006,1,z:ilp,nat-oop,27670,24206,6.276,0.875,6.041e-16,prime,0
3006,1,z:ilp,nat-oop,22895,24194,7.585,1.057,6.041e-16,prime,1
3007,1,z:ilp,nat-oop,22278,37169,7.798,1.668,5.675e-16,prime,0
3007,1,z:ilp,nat-oop,22267,37049,7.802,1.664,5.675e-16,prime,1
3008,1,z:ilp,nat-oop,12852,21940,13.522,1.707,4.823e-16,2p,0
3008,1,z:ilp,nat-oop,9400,21898,18.488,2.330,4.823e-16,2p,1
3009,1,z:ilp,nat-oop,22301,24126,7.795,1.082,7.006e-16,prime,0
3009,1,z:ilp,nat-oop,22847,24205,7.609,1.059,7.006e-16,prime,1
3010,1,z:ilp,nat-oop,10111,18079,17.200,1.788,5.526e-16,chain3,0
3010,1,z:ilp,nat-oop,10033,18042,17.334,1.798,5.526e-16,chain3,1
3011,1,z:ilp,nat-oop,22787,24173,7.635,1.061,6.462e-16,prime,0
3011,1,z:ilp,nat-oop,22261,24185,7.815,1.086,6.462e-16,prime,1
3012,1,z:ilp,nat-oop,22859,24176,7.614,1.058,5.875e-16,prime,0
3012,1,z:ilp,nat-oop,22293,24196,7.807,1.085,5.875e-16,prime,1
3013,1,z:ilp,nat-oop,22635,24195,7.692,1.069,7.480e-16,prime,0
3013,1,z:ilp,nat-oop,22903,24197,7.602,1.056,7.480e-16,prime,1
3014,1,z:ilp,nat-oop,22472,24261,7.751,1.080,5.274e-16,prime,0
3014,1,z:ilp,nat-oop,22498,24208,7.741,1.076,5.274e-16,prime,1
3015,1,z:ilp,nat-oop,22794,25906,7.644,1.137,4.473e-16,prime,0
3015,1,z:ilp,nat-oop,22279,25904,7.821,1.163,4.473e-16,prime,1
3016,1,z:ilp,nat-oop,5874,19367,29.672,3.297,6.669e-16,flat,0
3016,1,z:ilp,nat-oop,6466,19307,26.957,2.986,6.669e-16,flat,1
3017,1,z:ilp,nat-oop,22838,24157,7.635,1.058,5.399e-16,prime,0
3017,1,z:ilp,nat-oop,28778,24113,6.059,0.838,5.399e-16,prime,1
3018,1,z:ilp,nat-oop,22290,24137,7.825,1.083,5.078e-16,prime,0
3018,1,z:ilp,nat-oop,23251,24172,7.502,1.040,5.078e-16,prime,1
3019,1,z:ilp,nat-oop,24256,24171,7.194,0.997,6.126e-16,prime,0
3019,1,z:ilp,nat-oop,22811,24113,7.650,1.057,6.126e-16,prime,1
3020,1,z:ilp,nat-oop,22445,24125,7.777,1.075,6.479e-16,prime,0
3020,1,z:ilp,nat-oop,21946,24197,7.954,1.103,6.479e-16,prime,1
3021,1,z:ilp,nat-oop,22464,23292,7.773,1.037,4.792e-16,prime,0
3021,1,z:ilp,nat-oop,22497,23313,7.762,1.036,4.792e-16,prime,1
3022,1,z:ilp,nat-oop,22342,24126,7.819,1.080,5.811e-16,prime,0
3022,1,z:ilp,nat-oop,22246,24241,7.853,1.090,5.811e-16,prime,1
3023,1,z:ilp,nat-oop,22832,24216,7.654,1.061,5.811e-16,prime,0
3023,1,z:ilp,nat-oop,22846,24184,7.649,1.059,5.811e-16,prime,1
3024,1,z:ilp,nat-oop,3284,10809,53.232,3.291,4.110e-16,ztt,0
3024,1,z:ilp,nat-oop,3283,10829,53.250,3.299,4.110e-16,ztt,1
3025,1,z:ilp,nat-oop,5910,12702,29.594,2.149,8.657e-16,flat,0
3025,1,z:ilp,nat-oop,5867,12728,29.807,2.169,8.657e-16,flat,1
3026,1,z:ilp,nat-oop,22739,32631,7.694,1.435,6.755e-16,prime,0
3026,1,z:ilp,nat-oop,22838,32313,7.660,1.415,6.755e-16,prime,1
3027,1,z:ilp,nat-oop,21902,24174,7.991,1.104,7.198e-16,prime,0
3027,1,z:ilp,nat-oop,21846,24162,8.011,1.106,7.198e-16,prime,1
3028,1,z:ilp,nat-oop,22810,24163,7.676,1.059,5.574e-16,prime,0
3028,1,z:ilp,nat-oop,22981,24155,7.618,1.051,5.574e-16,prime,1
3029,1,z:ilp,nat-oop,22306,24160,7.852,1.083,6.028e-16,prime,0
3029,1,z:ilp,nat-oop,22813,26200,7.677,1.148,6.028e-16,prime,1
3030,1,z:ilp,nat-oop,22684,30940,7.724,1.364,6.196e-16,prime,0
3030,1,z:ilp,nat-oop,22282,24213,7.863,1.087,6.196e-16,prime,1
3031,1,z:ilp,nat-oop,22835,24259,7.676,1.062,7.089e-16,prime,0
3031,1,z:ilp,nat-oop,22479,24171,7.797,1.075,7.089e-16,prime,1
3032,1,z:ilp,nat-oop,22324,24329,7.854,1.090,6.904e-16,prime,0
3032,1,z:ilp,nat-oop,22285,26932,7.868,1.209,6.904e-16,prime,1
3033,1,z:ilp,nat-oop,21952,24122,7.991,1.099,5.627e-16,prime,0
3033,1,z:ilp,nat-oop,21871,24280,8.020,1.110,5.627e-16,prime,1
3034,1,z:ilp,nat-oop,9166,24461,19.143,2.669,3.059e-15,flat,0
3034,1,z:ilp,nat-oop,9198,24466,19.077,2.660,3.059e-15,flat,1
3035,1,z:ilp,nat-oop,21889,24149,8.020,1.103,7.950e-16,prime,0
3035,1,z:ilp,nat-oop,22507,24231,7.799,1.077,7.950e-16,prime,1
3036,1,z:ilp,nat-oop,6430,18126,27.309,2.819,6.719e-16,flat,0
3036,1,z:ilp,nat-oop,6415,18198,27.372,2.837,6.719e-16,flat,1
3037,1,z:ilp,nat-oop,16928,24154,10.377,1.427,9.211e-16,prime,0
3037,1,z:ilp,nat-oop,17925,24208,9.800,1.351,9.211e-16,prime,1
3038,1,z:ilp,nat-oop,7926,15012,22.172,1.894,7.738e-16,flat,0
3038,1,z:ilp,nat-oop,7823,15015,22.464,1.919,7.738e-16,flat,1
3039,1,z:ilp,nat-oop,21958,24246,8.006,1.104,7.288e-16,prime,0
3039,1,z:ilp,nat-oop,21893,24225,8.030,1.107,7.288e-16,prime,1
3040,1,z:ilp,nat-oop,4194,14746,41.936,3.516,5.469e-16,chain3,0
3040,1,z:ilp,nat-oop,4272,14858,41.166,3.478,5.469e-16,chain3,1
3041,1,z:ilp,nat-oop,15546,24169,11.317,1.555,6.910e-16,prime,0
3041,1,z:ilp,nat-oop,15592,24184,11.283,1.551,6.910e-16,prime,1
3042,1,z:ilp,nat-oop,6854,15035,25.677,2.193,1.068e-15,flat,0
3042,1,z:ilp,nat-oop,6948,15044,25.331,2.165,1.068e-15,flat,1
3043,1,z:ilp,nat-oop,22474,24320,7.834,1.082,5.780e-16,prime,0
3043,1,z:ilp,nat-oop,21906,24220,8.037,1.106,5.780e-16,prime,1
3044,1,z:ilp,nat-oop,21949,24203,8.024,1.103,6.298e-16,prime,0
3044,1,z:ilp,nat-oop,22448,24185,7.846,1.077,6.298e-16,prime,1
3045,1,z:ilp,nat-oop,7242,14229,24.328,1.965,7.095e-16,flat,0
3045,1,z:ilp,nat-oop,7308,14012,24.108,1.917,7.095e-16,flat,1
3046,1,z:ilp,nat-oop,22316,24192,7.898,1.084,6.501e-16,prime,0
3046,1,z:ilp,nat-oop,22286,24445,7.909,1.097,6.501e-16,prime,1
3047,1,z:ilp,nat-oop,28725,24306,6.138,0.846,5.586e-16,prime,0
3047,1,z:ilp,nat-oop,23252,24415,7.583,1.050,5.586e-16,prime,1
3048,1,z:ilp,nat-oop,22407,24167,7.872,1.079,4.955e-16,prime,0
3048,1,z:ilp,nat-oop,22498,24206,7.840,1.076,4.955e-16,prime,1
3049,1,z:ilp,nat-oop,22491,24256,7.845,1.078,5.823e-16,prime,0
3049,1,z:ilp,nat-oop,22504,24424,7.841,1.085,5.823e-16,prime,1
3050,1,z:ilp,nat-oop,22846,23512,7.726,1.029,5.845e-16,prime,0
3050,1,z:ilp,nat-oop,22836,23939,7.730,1.048,5.845e-16,prime,1
3051,1,z:ilp,nat-oop,22571,24187,7.823,1.072,6.793e-16,prime,0
3051,1,z:ilp,nat-oop,22565,24282,7.825,1.076,6.793e-16,prime,1
3052,1,z:ilp,nat-oop,22221,24225,7.949,1.090,7.157e-16,prime,0
3052,1,z:ilp,nat-oop,22867,24242,7.725,1.060,7.157e-16,prime,1
3053,1,z:ilp,nat-oop,22958,34328,7.697,1.495,6.977e-16,prime,0
3053,1,z:ilp,nat-oop,22664,34225,7.797,1.510,6.977e-16,prime,1
3054,1,z:ilp,nat-oop,22475,26175,7.865,1.165,4.989e-16,prime,0
3054,1,z:ilp,nat-oop,22798,24227,7.754,1.063,4.989e-16,prime,1
3055,1,z:ilp,nat-oop,17029,19875,10.385,1.167,6.182e-16,chain3,0
3055,1,z:ilp,nat-oop,15229,19951,11.612,1.310,6.182e-16,chain3,1
3056,1,z:ilp,nat-oop,26726,24165,6.619,0.904,7.188e-16,prime,0
3056,1,z:ilp,nat-oop,22344,24215,7.917,1.084,7.188e-16,prime,1
3057,1,z:ilp,nat-oop,21898,24150,8.082,1.103,6.589e-16,prime,0
3057,1,z:ilp,nat-oop,21928,24170,8.070,1.102,6.589e-16,prime,1
3058,1,z:ilp,nat-oop,22560,24202,7.847,1.073,5.418e-16,prime,0
3058,1,z:ilp,nat-oop,21935,24339,8.071,1.110,5.418e-16,prime,1
3059,1,z:ilp,nat-oop,7003,15915,25.289,2.273,7.010e-16,flat,0
3059,1,z:ilp,nat-oop,7162,15897,24.728,2.220,7.010e-16,flat,1
3060,1,z:ilp,nat-oop,4470,13723,39.634,3.070,7.076e-16,chain3,0
3060,1,z:ilp,nat-oop,4391,13773,40.352,3.137,7.076e-16,chain3,1
3061,1,z:ilp,nat-oop,15574,24248,11.380,1.557,1.047e-15,prime,0
3061,1,z:ilp,nat-oop,16871,24240,10.505,1.437,1.047e-15,prime,1
3062,1,z:ilp,nat-oop,22833,24240,7.765,1.062,6.033e-16,prime,0
3062,1,z:ilp,nat-oop,22886,24316,7.747,1.062,6.033e-16,prime,1
3063,1,z:ilp,nat-oop,23278,24244,7.619,1.041,7.556e-16,prime,0
3063,1,z:ilp,nat-oop,22929,24190,7.735,1.055,7.556e-16,prime,1
3064,1,z:ilp,nat-oop,22765,24193,7.794,1.063,5.863e-16,prime,0
3064,1,z:ilp,nat-oop,22662,24173,7.829,1.067,5.863e-16,prime,1
3065,1,z:ilp,nat-oop,21996,26817,8.069,1.219,8.241e-16,prime,0
3065,1,z:ilp,nat-oop,22516,24241,7.883,1.077,8.241e-16,prime,1
3066,1,z:ilp,nat-oop,22837,27659,7.775,1.211,5.203e-16,prime,0
3066,1,z:ilp,nat-oop,22787,27692,7.792,1.215,5.203e-16,prime,1
3067,1,z:ilp,nat-oop,21935,24205,8.097,1.103,5.440e-16,prime,0
3067,1,z:ilp,nat-oop,21941,24176,8.095,1.102,5.440e-16,prime,1
3068,1,z:ilp,nat-oop,22926,26153,7.750,1.141,5.125e-16,prime,0
3068,1,z:ilp,nat-oop,22978,26340,7.733,1.146,5.125e-16,prime,1
3069,1,z:ilp,nat-oop,9135,18115,19.457,1.983,9.802e-16,chain3,0
3069,1,z:ilp,nat-oop,12182,18010,14.591,1.478,9.802e-16,chain3,1
3070,1,z:ilp,nat-oop,21916,24186,8.113,1.104,7.184e-16,prime,0
3070,1,z:ilp,nat-oop,21917,24281,8.113,1.108,7.184e-16,prime,1
3071,1,z:ilp,nat-oop,21913,35570,8.117,1.623,4.843e-16,prime,0
3071,1,z:ilp,nat-oop,21458,35579,8.290,1.658,4.843e-16,prime,1
3072,1,z:ilp,nat-oop,2731,12244,65.152,4.483,4.005e-16,ztt,0
3072,1,z:ilp,nat-oop,2728,12234,65.236,4.485,4.005e-16,ztt,1
3073,1,z:ilp,nat-oop,21942,24183,8.113,1.102,5.667e-16,prime,0
3073,1,z:ilp,nat-oop,22459,24185,7.926,1.077,5.667e-16,prime,1
3074,1,z:ilp,nat-oop,23268,26409,7.653,1.135,4.678e-16,prime,0
3074,1,z:ilp,nat-oop,26472,26352,6.727,0.995,4.678e-16,prime,1
3075,1,z:ilp,nat-oop,9890,18479,18.012,1.868,6.175e-16,chain3,0
3075,1,z:ilp,nat-oop,10032,18420,17.757,1.836,6.175e-16,chain3,1
3076,1,z:ilp,nat-oop,22473,24155,7.930,1.075,6.555e-16,prime,0
3076,1,z:ilp,nat-oop,21971,24213,8.111,1.102,6.555e-16,prime,1
3077,1,z:ilp,nat-oop,22547,24207,7.907,1.074,5.598e-16,prime,0
3077,1,z:ilp,nat-oop,22261,24215,8.008,1.088,5.598e-16,prime,1
3078,1,z:ilp,nat-oop,6893,14422,25.874,2.092,7.598e-16,chain3,0
3078,1,z:ilp,nat-oop,6903,14379,25.835,2.083,7.598e-16,chain3,1
3079,1,z:ilp,nat-oop,22495,24261,7.931,1.079,5.650e-16,prime,0
3079,1,z:ilp,nat-oop,28276,24193,6.309,0.856,5.650e-16,prime,1
3080,1,z:ilp,nat-oop,4830,12414,36.948,2.570,5.887e-16,flat,0
3080,1,z:ilp,nat-oop,4719,12401,37.819,2.628,5.887e-16,flat,1
3081,1,z:ilp,nat-oop,26817,29293,6.658,1.092,5.478e-16,prime,0
3081,1,z:ilp,nat-oop,22896,29323,7.797,1.281,5.478e-16,prime,1
3082,1,z:ilp,nat-oop,22351,29616,7.991,1.325,6.222e-16,prime,0
3082,1,z:ilp,nat-oop,22841,29716,7.819,1.301,6.222e-16,prime,1
3083,1,z:ilp,nat-oop,22475,24179,7.949,1.076,6.572e-16,prime,0
3083,1,z:ilp,nat-oop,22421,24305,7.968,1.084,6.572e-16,prime,1
3084,1,z:ilp,nat-oop,22297,24129,8.016,1.082,6.025e-16,prime,0
3084,1,z:ilp,nat-oop,22803,24170,7.838,1.060,6.025e-16,prime,1
3085,1,z:ilp,nat-oop,22406,24205,7.980,1.080,7.181e-16,prime,0
3085,1,z:ilp,nat-oop,22468,24159,7.958,1.075,7.181e-16,prime,1
3086,1,z:ilp,nat-oop,32104,28160,5.571,0.877,6.123e-16,prime,0
3086,1,z:ilp,nat-oop,22397,24223,7.986,1.082,6.123e-16,prime,1
3087,1,z:ilp,nat-oop,5620,9770,31.834,1.738,5.006e-16,chain3,0
3087,1,z:ilp,nat-oop,5302,9844,33.745,1.857,5.006e-16,chain3,1
3088,1,z:ilp,nat-oop,21857,30867,8.189,1.412,7.135e-16,prime,0
3088,1,z:ilp,nat-oop,21868,24176,8.185,1.106,7.135e-16,prime,1
3089,1,z:ilp,nat-oop,22514,24250,7.953,1.077,6.937e-16,prime,0
3089,1,z:ilp,nat-oop,22531,24206,7.947,1.074,6.937e-16,prime,1
3090,1,z:ilp,nat-oop,22502,24238,7.960,1.077,6.365e-16,prime,0
3090,1,z:ilp,nat-oop,21881,24248,8.186,1.108,6.365e-16,prime,1
3091,1,z:ilp,nat-oop,21836,24206,8.206,1.109,6.632e-16,prime,0
3091,1,z:ilp,nat-oop,33196,29772,5.398,0.897,6.632e-16,prime,1
3092,1,z:ilp,nat-oop,22408,24193,7.999,1.080,5.245e-16,prime,0
3092,1,z:ilp,nat-oop,22419,24182,7.995,1.079,5.245e-16,prime,1
3093,1,z:ilp,nat-oop,21886,24420,8.193,1.116,6.608e-16,prime,0
3093,1,z:ilp,nat-oop,22455,24549,7.985,1.093,6.608e-16,prime,1
3094,1,z:ilp,nat-oop,7108,13919,25.237,1.958,1.281e-15,flat,0
3094,1,z:ilp,nat-oop,7120,13905,25.194,1.953,1.281e-15,flat,1
3095,1,z:ilp,nat-oop,31454,28138,5.705,0.895,6.513e-16,prime,0
3095,1,z:ilp,nat-oop,22459,24216,7.990,1.078,6.513e-16,prime,1
3096,1,z:ilp,nat-oop,6213,21119,28.892,3.399,6.998e-16,chain3,0
3096,1,z:ilp,nat-oop,6207,20994,28.922,3.383,6.998e-16,chain3,1
3097,1,z:ilp,nat-oop,22510,24213,7.978,1.076,6.198e-16,prime,0
3097,1,z:ilp,nat-oop,22448,24159,7.999,1.076,6.198e-16,prime,1
3098,1,z:ilp,nat-oop,21930,26931,8.191,1.228,6.347e-16,prime,0
3098,1,z:ilp,nat-oop,21927,24211,8.193,1.104,6.347e-16,prime,1
3099,1,z:ilp,nat-oop,22425,27029,8.014,1.205,6.778e-16,prime,0
3099,1,z:ilp,nat-oop,21901,24211,8.205,1.105,6.778e-16,prime,1
3100,1,z:ilp,nat-oop,6750,17666,26.633,2.617,5.880e-16,flat,0
3100,1,z:ilp,nat-oop,7093,17756,25.345,2.503,5.880e-16,flat,1
3101,1,z:ilp,nat-oop,23169,24168,7.762,1.043,6.319e-16,prime,0
3101,1,z:ilp,nat-oop,22710,24224,7.919,1.067,6.319e-16,prime,1
3102,1,z:ilp,nat-oop,9627,22849,18.688,2.373,8.896e-16,flat,0
3102,1,z:ilp,nat-oop,9723,22878,18.503,2.353,8.896e-16,flat,1
3103,1,z:ilp,nat-oop,22270,25719,8.081,1.155,7.123e-16,prime,0
3103,1,z:ilp,nat-oop,22268,24259,8.082,1.089,7.123e-16,prime,1
3104,1,z:ilp,nat-oop,22740,36114,7.917,1.588,4.387e-16,prime,0
3104,1,z:ilp,nat-oop,22672,36129,7.941,1.594,4.387e-16,prime,1
3105,1,z:ilp,nat-oop,7560,14674,23.822,1.941,5.313e-16,chain3,0
3105,1,z:ilp,nat-oop,7401,14981,24.334,2.024,5.313e-16,chain3,1
3106,1,z:ilp,nat-oop,22447,24246,8.026,1.080,6.782e-16,prime,0
3106,1,z:ilp,nat-oop,21904,24223,8.225,1.106,6.782e-16,prime,1
3107,1,z:ilp,nat-oop,22333,24229,8.070,1.085,7.098e-16,prime,0
3107,1,z:ilp,nat-oop,22888,24238,7.874,1.059,7.098e-16,prime,1
3108,1,z:ilp,nat-oop,5526,19108,32.628,3.458,6.069e-16,chain3,0
3108,1,z:ilp,nat-oop,5533,19136,32.583,3.458,6.069e-16,chain3,1
3109,1,z:ilp,nat-oop,28625,24198,6.301,0.845,7.040e-16,prime,0
3109,1,z:ilp,nat-oop,22497,24253,8.017,1.078,7.040e-16,prime,1
3110,1,z:ilp,nat-oop,28874,24224,6.249,0.839,6.180e-16,prime,0
3110,1,z:ilp,nat-oop,22927,24252,7.869,1.058,6.180e-16,prime,1
3111,1,z:ilp,nat-oop,22273,25354,8.103,1.138,6.033e-16,prime,0
3111,1,z:ilp,nat-oop,28438,25468,6.347,0.896,6.033e-16,prime,1
3112,1,z:ilp,nat-oop,22565,24284,8.001,1.076,6.768e-16,prime,0
3112,1,z:ilp,nat-oop,22559,24216,8.004,1.073,6.768e-16,prime,1
3113,1,z:ilp,nat-oop,22950,24202,7.870,1.055,6.312e-16,prime,0
3113,1,z:ilp,nat-oop,22957,24257,7.868,1.057,6.312e-16,prime,1
3114,1,z:ilp,nat-oop,22500,24184,8.030,1.075,7.300e-16,prime,0
3114,1,z:ilp,nat-oop,21938,30938,8.236,1.410,7.300e-16,prime,1
3115,1,z:ilp,nat-oop,22498,28589,8.034,1.271,5.994e-16,prime,0
3115,1,z:ilp,nat-oop,21953,28676,8.234,1.306,5.994e-16,prime,1
3116,1,z:ilp,nat-oop,7543,23750,23.972,3.149,5.373e-16,chain3,0
3116,1,z:ilp,nat-oop,7609,23593,23.762,3.101,5.373e-16,chain3,1
3117,1,z:ilp,nat-oop,22416,25770,8.069,1.150,6.150e-16,prime,0
3117,1,z:ilp,nat-oop,22601,24189,8.003,1.070,6.150e-16,prime,1
3118,1,z:ilp,nat-oop,21912,24223,8.258,1.105,5.999e-16,prime,0
3118,1,z:ilp,nat-oop,21961,24194,8.239,1.102,5.999e-16,prime,1
3119,1,z:ilp,nat-oop,23014,24359,7.865,1.058,8.105e-16,prime,0
3119,1,z:ilp,nat-oop,22973,24143,7.879,1.051,8.105e-16,prime,1
3120,1,z:ilp,nat-oop,4152,13146,43.611,3.166,6.236e-16,chain3,0
3120,1,z:ilp,nat-oop,4047,13168,44.748,3.254,6.236e-16,chain3,1
3121,1,z:ilp,nat-oop,15490,24310,11.694,1.569,9.882e-16,prime,0
3121,1,z:ilp,nat-oop,16404,24190,11.042,1.475,9.882e-16,prime,1
3122,1,z:ilp,nat-oop,21975,24201,8.246,1.101,6.633e-16,prime,0
3122,1,z:ilp,nat-oop,21894,24203,8.277,1.105,6.633e-16,prime,1
3123,1,z:ilp,nat-oop,22705,24222,7.984,1.067,7.492e-16,prime,0
3123,1,z:ilp,nat-oop,22668,24266,7.997,1.071,7.492e-16,prime,1
3124,1,z:ilp,nat-oop,22973,30109,7.893,1.311,5.607e-16,prime,0
3124,1,z:ilp,nat-oop,22326,30276,8.122,1.356,5.607e-16,prime,1
3125,1,z:ilp,nat-oop,5800,9222,31.275,1.590,8.358e-16,flat,0
3125,1,z:ilp,nat-oop,5657,9177,32.066,1.622,8.358e-16,flat,1
3126,1,z:ilp,nat-oop,21924,24488,8.277,1.117,5.398e-16,prime,0
3126,1,z:ilp,nat-oop,22478,24248,8.073,1.079,5.398e-16,prime,1
3127,1,z:ilp,nat-oop,22522,33958,8.060,1.508,7.427e-16,prime,0
3127,1,z:ilp,nat-oop,22456,33982,8.084,1.513,7.427e-16,prime,1
3128,1,z:ilp,nat-oop,11965,20284,15.177,1.695,6.419e-16,chain3,0
3128,1,z:ilp,nat-oop,10836,20410,16.759,1.884,6.419e-16,chain3,1
3129,1,z:ilp,nat-oop,28565,24177,6.360,0.846,6.912e-16,prime,0
3129,1,z:ilp,nat-oop,22440,24345,8.096,1.085,6.912e-16,prime,1
3130,1,z:ilp,nat-oop,22889,28124,7.939,1.229,6.946e-16,prime,0
3130,1,z:ilp,nat-oop,22421,24141,8.105,1.077,6.946e-16,prime,1
3131,1,z:ilp,nat-oop,21947,24240,8.283,1.104,6.231e-16,prime,0
3131,1,z:ilp,nat-oop,22463,24359,8.093,1.084,6.231e-16,prime,1
3132,1,z:ilp,nat-oop,5147,17353,35.335,3.372,5.108e-16,chain3,0
3132,1,z:ilp,nat-oop,5143,17295,35.357,3.363,5.108e-16,chain3,1
3133,1,z:ilp,nat-oop,22894,24143,7.946,1.055,6.768e-16,prime,0
3133,1,z:ilp,nat-oop,21978,24204,8.277,1.101,6.768e-16,prime,1
3134,1,z:ilp,nat-oop,21968,27605,8.284,1.257,6.591e-16,prime,0
3134,1,z:ilp,nat-oop,21988,24217,8.277,1.101,6.591e-16,prime,1
3135,1,z:ilp,nat-oop,6596,14703,27.600,2.229,7.357e-16,chain3,0
3135,1,z:ilp,nat-oop,6747,14919,26.982,2.211,7.357e-16,chain3,1
3136,1,z:ilp,nat-oop,3069,11201,59.346,3.650,3.849e-16,ztt,0
3136,1,z:ilp,nat-oop,3066,11259,59.392,3.672,3.849e-16,ztt,1
3137,1,z:ilp,nat-oop,12122,24235,15.029,1.999,8.498e-16,prime,0
3137,1,z:ilp,nat-oop,12143,24239,15.003,1.996,8.498e-16,prime,1
3138,1,z:ilp,nat-oop,21920,24254,8.314,1.106,5.792e-16,prime,0
3138,1,z:ilp,nat-oop,22011,27551,8.280,1.252,5.792e-16,prime,1
3139,1,z:ilp,nat-oop,22825,35167,7.987,1.541,7.516e-16,prime,0
3139,1,z:ilp,nat-oop,22278,35221,8.183,1.581,7.516e-16,prime,1
3140,1,z:ilp,nat-oop,21938,24250,8.314,1.105,6.039e-16,prime,0
3140,1,z:ilp,nat-oop,22489,24181,8.110,1.075,6.039e-16,prime,1
3141,1,z:ilp,nat-oop,21975,24276,8.302,1.105,6.329e-16,prime,0
3141,1,z:ilp,nat-oop,22044,24255,8.277,1.100,6.329e-16,prime,1
3142,1,z:ilp,nat-oop,21950,24218,8.315,1.103,7.263e-16,prime,0
3142,1,z:ilp,nat-oop,22513,24274,8.107,1.078,7.263e-16,prime,1
3143,1,z:ilp,nat-oop,22307,24274,8.185,1.088,7.052e-16,prime,0
3143,1,z:ilp,nat-oop,22895,24197,7.974,1.057,7.052e-16,prime,1
3144,1,z:ilp,nat-oop,22555,24273,8.097,1.076,5.008e-16,prime,0
3144,1,z:ilp,nat-oop,22649,24203,8.064,1.069,5.008e-16,prime,1
3145,1,z:ilp,nat-oop,7405,18797,24.674,2.538,6.048e-16,chain3,0
3145,1,z:ilp,nat-oop,7393,18838,24.714,2.548,6.048e-16,chain3,1
3146,1,z:ilp,nat-oop,7145,16652,25.581,2.331,9.008e-16,flat,0
3146,1,z:ilp,nat-oop,7001,16588,26.106,2.369,9.008e-16,flat,1
3147,1,z:ilp,nat-oop,22895,24199,7.986,1.057,7.030e-16,prime,0
3147,1,z:ilp,nat-oop,21965,24251,8.324,1.104,7.030e-16,prime,1
3148,1,z:ilp,nat-oop,22506,24171,8.127,1.074,6.163e-16,prime,0
3148,1,z:ilp,nat-oop,22010,24244,8.310,1.101,6.163e-16,prime,1
3149,1,z:ilp,nat-oop,21963,35407,8.331,1.612,5.933e-16,prime,0
3149,1,z:ilp,nat-oop,22000,35389,8.317,1.609,5.933e-16,prime,1
3150,1,z:ilp,nat-oop,4860,10783,37.664,2.219,5.557e-16,chain3,0
3150,1,z:ilp,nat-oop,4656,10817,39.310,2.323,5.557e-16,chain3,1
3151,1,z:ilp,nat-oop,27480,24195,6.663,0.880,6.503e-16,prime,0
3151,1,z:ilp,nat-oop,21543,26297,8.499,1.221,6.503e-16,prime,1
3152,1,z:ilp,nat-oop,22317,24179,8.207,1.083,5.875e-16,prime,0
3152,1,z:ilp,nat-oop,22343,25696,8.198,1.150,5.875e-16,prime,1
3153,1,z:ilp,nat-oop,22010,24175,8.325,1.098,6.309e-16,prime,0
3153,1,z:ilp,nat-oop,21968,24261,8.341,1.104,6.309e-16,prime,1
3154,1,z:ilp,nat-oop,22516,33407,8.141,1.484,5.738e-16,prime,0
3154,1,z:ilp,nat-oop,22523,33553,8.138,1.490,5.738e-16,prime,1
3155,1,z:ilp,nat-oop,22358,24324,8.201,1.088,8.441e-16,prime,0
3155,1,z:ilp,nat-oop,22931,24227,7.996,1.057,8.441e-16,prime,1
3156,1,z:ilp,nat-oop,22507,24166,8.150,1.074,6.086e-16,prime,0
3156,1,z:ilp,nat-oop,22370,24442,8.200,1.093,6.086e-16,prime,1
3157,1,z:ilp,nat-oop,7630,17874,24.049,2.343,5.157e-16,chain3,0
3157,1,z:ilp,nat-oop,7783,17803,23.577,2.287,5.157e-16,chain3,1
3158,1,z:ilp,nat-oop,22062,24160,8.320,1.095,6.321e-16,prime,0
3158,1,z:ilp,nat-oop,22515,24204,8.152,1.075,6.321e-16,prime,1
3159,1,z:ilp,nat-oop,6916,11982,26.551,1.733,7.158e-16,chain3,0
3159,1,z:ilp,nat-oop,5727,11895,32.061,2.077,7.158e-16,chain3,1
3160,1,z:ilp,nat-oop,22413,31932,8.196,1.425,5.798e-16,prime,0
3160,1,z:ilp,nat-oop,22490,32052,8.167,1.425,5.798e-16,prime,1
3161,1,z:ilp,nat-oop,21935,24233,8.377,1.105,7.173e-16,prime,0
3161,1,z:ilp,nat-oop,21916,27628,8.384,1.261,7.173e-16,prime,1
3162,1,z:ilp,nat-oop,8460,20546,21.728,2.429,1.585e-15,flat,0
3162,1,z:ilp,nat-oop,8458,20633,21.732,2.439,1.585e-15,flat,1
3163,1,z:ilp,nat-oop,22877,24241,8.038,1.060,7.005e-16,prime,0
3163,1,z:ilp,nat-oop,22819,24318,8.058,1.066,7.005e-16,prime,1
3164,1,z:ilp,nat-oop,22460,24249,8.190,1.080,6.758e-16,prime,0
3164,1,z:ilp,nat-oop,22537,24314,8.162,1.079,6.758e-16,prime,1
3165,1,z:ilp,nat-oop,22743,24198,8.091,1.064,5.759e-16,prime,0
3165,1,z:ilp,nat-oop,22693,24161,8.109,1.065,5.759e-16,prime,1
3166,1,z:ilp,nat-oop,22911,26317,8.035,1.149,5.763e-16,prime,0
3166,1,z:ilp,nat-oop,21934,24243,8.392,1.105,5.763e-16,prime,1
3167,1,z:ilp,nat-oop,22338,24207,8.244,1.084,6.211e-16,prime,0
3167,1,z:ilp,nat-oop,23220,24220,7.930,1.043,6.211e-16,prime,1
3168,1,z:ilp,nat-oop,3850,13325,47.851,3.461,4.665e-16,chain3,0
3168,1,z:ilp,nat-oop,3906,13342,47.162,3.416,4.665e-16,chain3,1
3169,1,z:ilp,nat-oop,14574,24277,12.644,1.666,1.019e-15,prime,0
3169,1,z:ilp,nat-oop,14624,24254,12.601,1.658,1.019e-15,prime,1
3170,1,z:ilp,nat-oop,22520,24176,8.186,1.074,5.530e-16,prime,0
3170,1,z:ilp,nat-oop,22502,24227,8.192,1.077,5.530e-16,prime,1
3171,1,z:ilp,nat-oop,21965,24281,8.395,1.105,4.907e-16,prime,0
3171,1,z:ilp,nat-oop,21934,24269,8.407,1.106,4.907e-16,prime,1
3172,1,z:ilp,nat-oop,22324,27633,8.263,1.238,4.817e-16,prime,0
3172,1,z:ilp,nat-oop,22939,27708,8.042,1.208,4.817e-16,prime,1
3173,1,z:ilp,nat-oop,22313,24415,8.270,1.094,5.399e-16,prime,0
3173,1,z:ilp,nat-oop,22866,24229,8.070,1.060,5.399e-16,prime,1
3174,1,z:ilp,nat-oop,8369,20896,22.058,2.497,6.030e-16,chain3,0
3174,1,z:ilp,nat-oop,8298,20774,22.248,2.504,6.030e-16,chain3,1
3175,1,z:ilp,nat-oop,21952,24246,8.412,1.105,5.302e-16,prime,0
3175,1,z:ilp,nat-oop,22519,24272,8.201,1.078,5.302e-16,prime,1
3176,1,z:ilp,nat-oop,22250,24219,8.303,1.088,5.549e-16,prime,0
3176,1,z:ilp,nat-oop,22592,24242,8.177,1.073,5.549e-16,prime,1
3177,1,z:ilp,nat-oop,22994,24397,8.037,1.061,5.924e-16,prime,0
3177,1,z:ilp,nat-oop,22819,24262,8.098,1.063,5.924e-16,prime,1
3178,1,z:ilp,nat-oop,22379,24238,8.261,1.083,5.495e-16,prime,0
3178,1,z:ilp,nat-oop,22784,24214,8.114,1.063,5.495e-16,prime,1
3179,1,z:ilp,nat-oop,6940,15775,26.647,2.273,1.106e-15,flat,0
3179,1,z:ilp,nat-oop,6308,15660,29.314,2.482,1.106e-15,flat,1
3180,1,z:ilp,nat-oop,22910,24103,8.075,1.052,5.314e-16,prime,0
3180,1,z:ilp,nat-oop,22889,24086,8.082,1.052,5.314e-16,prime,1
3181,1,z:ilp,nat-oop,22973,24202,8.056,1.054,6.154e-16,prime,0
3181,1,z:ilp,nat-oop,22693,24199,8.155,1.066,6.154e-16,prime,1
3182,1,z:ilp,nat-oop,10131,26850,18.273,2.650,2.254e-15,flat,0
3182,1,z:ilp,nat-oop,10178,26814,18.188,2.634,2.254e-15,flat,1
3183,1,z:ilp,nat-oop,22873,24289,8.096,1.062,6.671e-16,prime,0
3183,1,z:ilp,nat-oop,22740,24180,8.144,1.063,6.671e-16,prime,1
3184,1,z:ilp,nat-oop,22617,24214,8.191,1.071,5.636e-16,prime,0
3184,1,z:ilp,nat-oop,22979,24177,8.062,1.052,5.636e-16,prime,1
3185,1,z:ilp,nat-oop,5679,10914,32.630,1.922,6.700e-16,flat,0
3185,1,z:ilp,nat-oop,5769,10705,32.124,1.856,6.700e-16,flat,1
3186,1,z:ilp,nat-oop,22985,26000,8.065,1.131,5.287e-16,prime,0
3186,1,z:ilp,nat-oop,24724,25990,7.498,1.051,5.287e-16,prime,1
3187,1,z:ilp,nat-oop,22334,24221,8.303,1.084,4.950e-16,prime,0
3187,1,z:ilp,nat-oop,22870,24228,8.109,1.059,4.950e-16,prime,1
3188,1,z:ilp,nat-oop,22890,24241,8.105,1.059,6.004e-16,prime,0
3188,1,z:ilp,nat-oop,22346,24225,8.302,1.084,6.004e-16,prime,1
3189,1,z:ilp,nat-oop,22400,24283,8.285,1.084,5.906e-16,prime,0
3189,1,z:ilp,nat-oop,22377,24248,8.293,1.084,5.906e-16,prime,1
3190,1,z:ilp,nat-oop,7582,17794,24.485,2.347,6.229e-16,chain3,0
3190,1,z:ilp,nat-oop,10084,17656,18.411,1.751,6.229e-16,chain3,1
3191,1,z:ilp,nat-oop,22373,24213,8.301,1.082,7.000e-16,prime,0
3191,1,z:ilp,nat-oop,22303,24234,8.327,1.087,7.000e-16,prime,1
3192,1,z:ilp,nat-oop,5608,15233,33.129,2.716,5.229e-16,chain3,0
3192,1,z:ilp,nat-oop,5445,15454,34.117,2.838,5.229e-16,chain3,1
3193,1,z:ilp,nat-oop,23011,24491,8.076,1.064,5.547e-16,prime,0
3193,1,z:ilp,nat-oop,22732,24297,8.175,1.069,5.547e-16,prime,1
3194,1,z:ilp,nat-oop,22479,24375,8.271,1.084,6.925e-16,prime,0
3194,1,z:ilp,nat-oop,22502,24165,8.262,1.074,6.925e-16,prime,1
3195,1,z:ilp,nat-oop,22870,28746,8.132,1.257,6.481e-16,prime,0
3195,1,z:ilp,nat-oop,22897,28718,8.122,1.254,6.481e-16,prime,1
3196,1,z:ilp,nat-oop,8424,25596,22.083,3.038,8.109e-16,flat,0
3196,1,z:ilp,nat-oop,8535,25790,21.797,3.022,8.109e-16,flat,1
3197,1,z:ilp,nat-oop,21961,24182,8.474,1.101,5.932e-16,prime,0
3197,1,z:ilp,nat-oop,21956,24260,8.476,1.105,5.932e-16,prime,1
3198,1,z:ilp,nat-oop,6974,21354,26.693,3.062,6.848e-16,chain3,0
3198,1,z:ilp,nat-oop,7025,21277,26.502,3.029,6.848e-16,chain3,1
3199,1,z:ilp,nat-oop,22362,24175,8.328,1.081,7.358e-16,prime,0
3199,1,z:ilp,nat-oop,22260,24254,8.367,1.090,7.358e-16,prime,1
3200,1,z:ilp,nat-oop,3465,11667,53.766,3.367,3.426e-16,ztt,0
3200,1,z:ilp,nat-oop,3033,11647,61.421,3.840,3.426e-16,ztt,1
3201,1,z:ilp,nat-oop,22817,34567,8.168,1.515,6.370e-16,prime,0
3201,1,z:ilp,nat-oop,22948,34470,8.121,1.502,6.370e-16,prime,1
3202,1,z:ilp,nat-oop,22351,27678,8.341,1.238,7.238e-16,prime,0
3202,1,z:ilp,nat-oop,22939,24297,8.127,1.059,7.238e-16,prime,1
3203,1,z:ilp,nat-oop,22692,24178,8.219,1.065,5.696e-16,prime,0
3203,1,z:ilp,nat-oop,29335,24326,6.358,0.829,5.696e-16,prime,1
3204,1,z:ilp,nat-oop,27575,34935,6.766,1.267,5.200e-16,prime,0
3204,1,z:ilp,nat-oop,22025,34966,8.471,1.588,5.200e-16,prime,1
3205,1,z:ilp,nat-oop,22252,24273,8.387,1.091,6.383e-16,prime,0
3205,1,z:ilp,nat-oop,22271,24217,8.380,1.087,6.383e-16,prime,1
3206,1,z:ilp,nat-oop,22014,24283,8.481,1.103,5.693e-16,prime,0
3206,1,z:ilp,nat-oop,22528,24287,8.287,1.078,5.693e-16,prime,1
3207,1,z:ilp,nat-oop,23501,24229,7.947,1.031,7.097e-16,prime,0
3207,1,z:ilp,nat-oop,22738,24298,8.214,1.069,7.097e-16,prime,1
3208,1,z:ilp,nat-oop,22532,24525,8.291,1.088,8.276e-16,prime,0
3208,1,z:ilp,nat-oop,22486,24207,8.309,1.077,8.276e-16,prime,1
3209,1,z:ilp,nat-oop,22893,26308,8.164,1.149,6.589e-16,prime,0
3209,1,z:ilp,nat-oop,22345,24263,8.364,1.086,6.589e-16,prime,1
3210,1,z:ilp,nat-oop,22906,24289,8.162,1.060,5.355e-16,prime,0
3210,1,z:ilp,nat-oop,36348,31056,5.143,0.854,5.355e-16,prime,1
3211,1,z:ilp,nat-oop,6276,15719,29.802,2.505,9.976e-16,flat,0
3211,1,z:ilp,nat-oop,6905,15816,27.086,2.291,9.976e-16,flat,1
3212,1,z:ilp,nat-oop,22488,31042,8.319,1.380,6.102e-16,prime,0
3212,1,z:ilp,nat-oop,22947,31044,8.153,1.353,6.102e-16,prime,1
3213,1,z:ilp,nat-oop,5780,13237,32.379,2.290,9.252e-16,chain3,0
3213,1,z:ilp,nat-oop,7988,13081,23.430,1.638,9.252e-16,chain3,1
3214,1,z:ilp,nat-oop,21969,24239,8.522,1.103,7.961e-16,prime,0
3214,1,z:ilp,nat-oop,22513,24305,8.316,1.080,7.961e-16,prime,1
3215,1,z:ilp,nat-oop,22834,24315,8.202,1.065,7.165e-16,prime,0
3215,1,z:ilp,nat-oop,22968,24281,8.154,1.057,7.165e-16,prime,1
3216,1,z:ilp,nat-oop,22589,29294,8.294,1.297,5.812e-16,prime,0
3216,1,z:ilp,nat-oop,22646,29241,8.273,1.291,5.812e-16,prime,1
3217,1,z:ilp,nat-oop,22345,24301,8.387,1.088,5.677e-16,prime,0
3217,1,z:ilp,nat-oop,22362,24309,8.381,1.087,5.677e-16,prime,1
3218,1,z:ilp,nat-oop,21985,24271,8.528,1.104,6.037e-16,prime,0
3218,1,z:ilp,nat-oop,21990,24245,8.526,1.103,6.037e-16,prime,1
3219,1,z:ilp,nat-oop,9231,22803,20.317,2.470,2.135e-15,flat,0
3219,1,z:ilp,nat-oop,9092,22717,20.627,2.498,2.135e-15,flat,1
3220,1,z:ilp,nat-oop,5806,16240,32.312,2.797,5.074e-16,flat,0
3220,1,z:ilp,nat-oop,5739,16206,32.688,2.824,5.074e-16,flat,1
3221,1,z:ilp,nat-oop,22513,24207,8.336,1.075,6.791e-16,prime,0
3221,1,z:ilp,nat-oop,21995,24534,8.533,1.115,6.791e-16,prime,1
3222,1,z:ilp,nat-oop,21952,24263,8.552,1.105,5.877e-16,prime,0
3222,1,z:ilp,nat-oop,22570,24315,8.318,1.077,5.877e-16,prime,1
3223,1,z:ilp,nat-oop,22590,24216,8.314,1.072,8.105e-16,prime,0
3223,1,z:ilp,nat-oop,31583,24271,5.946,0.768,8.105e-16,prime,1
3224,1,z:ilp,nat-oop,6039,21538,31.108,3.566,7.145e-16,chain3,0
3224,1,z:ilp,nat-oop,6133,21595,30.634,3.521,7.145e-16,chain3,1
3225,1,z:ilp,nat-oop,11164,20243,16.834,1.813,5.556e-16,chain3,0
3225,1,z:ilp,nat-oop,11301,20214,16.630,1.789,5.556e-16,chain3,1
3226,1,z:ilp,nat-oop,23019,24272,8.167,1.054,8.184e-16,prime,0
3226,1,z:ilp,nat-oop,23052,24250,8.156,1.052,8.184e-16,prime,1
3227,1,z:ilp,nat-oop,21943,24433,8.571,1.113,7.043e-16,prime,0
3227,1,z:ilp,nat-oop,21992,24290,8.552,1.105,7.043e-16,prime,1
3228,1,z:ilp,nat-oop,21764,28209,8.644,1.296,6.559e-16,prime,0
3228,1,z:ilp,nat-oop,21897,24201,8.592,1.105,6.559e-16,prime,1
3229,1,z:ilp,nat-oop,22376,24252,8.411,1.084,7.744e-16,prime,0
3229,1,z:ilp,nat-oop,22333,24468,8.427,1.096,7.744e-16,prime,1
3230,1,z:ilp,nat-oop,6102,17418,30.851,2.854,6.411e-16,chain3,0
3230,1,z:ilp,nat-oop,7114,17442,26.465,2.452,6.411e-16,chain3,1
3231,1,z:ilp,nat-oop,22549,24336,8.352,1.079,6.444e-16,prime,0
3231,1,z:ilp,nat-oop,22518,24212,8.364,1.075,6.444e-16,prime,1
3232,1,z:ilp,nat-oop,21989,24248,8.568,1.103,5.863e-16,prime,0
3232,1,z:ilp,nat-oop,21945,24218,8.585,1.104,5.863e-16,prime,1
3233,1,z:ilp,nat-oop,21999,35490,8.567,1.613,6.316e-16,prime,0
3233,1,z:ilp,nat-oop,22085,35564,8.534,1.610,6.316e-16,prime,1
3234,1,z:ilp,nat-oop,6722,12626,28.047,1.878,5.408e-16,flat,0
3234,1,z:ilp,nat-oop,6681,12656,28.217,1.894,5.408e-16,flat,1
3235,1,z:ilp,nat-oop,21928,24240,8.600,1.105,7.325e-16,prime,0
3235,1,z:ilp,nat-oop,22578,24283,8.353,1.076,7.325e-16,prime,1
3236,1,z:ilp,nat-oop,22351,24249,8.441,1.085,6.452e-16,prime,0
3236,1,z:ilp,nat-oop,22883,24247,8.244,1.060,6.452e-16,prime,1
3237,1,z:ilp,nat-oop,21941,31724,8.601,1.446,6.793e-16,prime,0
3237,1,z:ilp,nat-oop,22513,31635,8.383,1.405,6.793e-16,prime,1
3238,1,z:ilp,nat-oop,22884,24278,8.250,1.061,6.318e-16,prime,0
3238,1,z:ilp,nat-oop,26617,24242,7.093,0.911,6.318e-16,prime,1
3239,1,z:ilp,nat-oop,22597,37561,8.358,1.662,5.929e-16,prime,0
3239,1,z:ilp,nat-oop,21943,37640,8.607,1.715,5.929e-16,prime,1
3240,1,z:ilp,nat-oop,4508,11804,41.905,2.618,5.845e-16,chain3,0
3240,1,z:ilp,nat-oop,4515,11789,41.839,2.611,5.845e-16,chain3,1
3241,1,z:ilp,nat-oop,22025,24313,8.580,1.104,7.586e-16,prime,0
3241,1,z:ilp,nat-oop,27319,24273,6.918,0.889,7.586e-16,prime,1
3242,1,z:ilp,nat-oop,22456,24534,8.419,1.093,6.186e-16,prime,0
3242,1,z:ilp,nat-oop,22568,28909,8.377,1.281,6.186e-16,prime,1
3243,1,z:ilp,nat-oop,12691,25179,14.902,1.984,5.768e-16,chain3,0
3243,1,z:ilp,nat-oop,12632,25217,14.971,1.996,5.768e-16,chain3,1
3244,1,z:ilp,nat-oop,28692,24291,6.594,0.847,6.377e-16,prime,0
3244,1,z:ilp,nat-oop,21974,24360,8.610,1.109,6.377e-16,prime,1
3245,1,z:ilp,nat-oop,22585,24031,8.379,1.064,6.013e-16,prime,0
3245,1,z:ilp,nat-oop,21983,24029,8.609,1.093,6.013e-16,prime,1
3246,1,z:ilp,nat-oop,21961,24290,8.620,1.106,7.275e-16,prime,0
3246,1,z:ilp,nat-oop,21974,24355,8.615,1.108,7.275e-16,prime,1
3247,1,z:ilp,nat-oop,22377,24204,8.463,1.082,6.005e-16,prime,0
3247,1,z:ilp,nat-oop,22368,24281,8.466,1.085,6.005e-16,prime,1
3248,1,z:ilp,nat-oop,5317,17900,35.632,3.367,5.806e-16,chain3,0
3248,1,z:ilp,nat-oop,5338,18043,35.490,3.380,5.806e-16,chain3,1
3249,1,z:ilp,nat-oop,8730,18533,21.708,2.123,1.089e-15,flat,0
3249,1,z:ilp,nat-oop,8486,18521,22.332,2.182,1.089e-15,flat,1
3250,1,z:ilp,nat-oop,5907,11655,32.096,1.973,6.824e-16,chain3,0
3250,1,z:ilp,nat-oop,5981,11594,31.697,1.939,6.824e-16,chain3,1
3251,1,z:ilp,nat-oop,22909,24404,8.278,1.065,7.040e-16,prime,0
3251,1,z:ilp,nat-oop,22818,24205,8.311,1.061,7.040e-16,prime,1
3252,1,z:ilp,nat-oop,22050,24306,8.604,1.102,7.579e-16,prime,0
3252,1,z:ilp,nat-oop,21971,25369,8.635,1.155,7.579e-16,prime,1
3253,1,z:ilp,nat-oop,22655,24347,8.377,1.075,6.974e-16,prime,0
3253,1,z:ilp,nat-oop,22609,24248,8.394,1.073,6.974e-16,prime,1
3254,1,z:ilp,nat-oop,22381,24276,8.482,1.085,6.833e-16,prime,0
3254,1,z:ilp,nat-oop,33719,30019,5.630,0.890,6.833e-16,prime,1
3255,1,z:ilp,nat-oop,7942,16377,23.911,2.062,6.839e-16,flat,0
3255,1,z:ilp,nat-oop,8018,16225,23.685,2.024,6.839e-16,flat,1
3256,1,z:ilp,nat-oop,7206,22736,26.363,3.155,6.035e-16,flat,0
3256,1,z:ilp,nat-oop,7381,22651,25.736,3.069,6.035e-16,flat,1
3257,1,z:ilp,nat-oop,22142,24390,8.583,1.102,6.164e-16,prime,0
3257,1,z:ilp,nat-oop,21988,24249,8.643,1.103,6.164e-16,prime,1
3258,1,z:ilp,nat-oop,22503,24199,8.448,1.075,7.076e-16,prime,0
3258,1,z:ilp,nat-oop,22562,24304,8.426,1.077,7.076e-16,prime,1
3259,1,z:ilp,nat-oop,22607,24386,8.412,1.079,6.554e-16,prime,0
3259,1,z:ilp,nat-oop,31275,24388,6.080,0.780,6.554e-16,prime,1
3260,1,z:ilp,nat-oop,23435,24286,8.117,1.036,8.672e-16,prime,0
3260,1,z:ilp,nat-oop,22928,24359,8.297,1.062,8.672e-16,prime,1
3261,1,z:ilp,nat-oop,22591,24416,8.423,1.081,7.124e-16,prime,0
3261,1,z:ilp,nat-oop,22010,24330,8.646,1.105,7.124e-16,prime,1
3262,1,z:ilp,nat-oop,21701,24416,8.772,1.125,6.775e-16,prime,0
3262,1,z:ilp,nat-oop,22049,26996,8.634,1.224,6.775e-16,prime,1
3263,1,z:ilp,nat-oop,22001,24292,8.656,1.104,6.965e-16,prime,0
3263,1,z:ilp,nat-oop,21989,24356,8.660,1.108,6.965e-16,prime,1
3264,1,z:ilp,nat-oop,4482,15305,42.503,3.415,6.702e-16,chain3,0
3264,1,z:ilp,nat-oop,4296,15193,44.345,3.537,6.702e-16,chain3,1
3265,1,z:ilp,nat-oop,22620,24405,8.424,1.079,7.813e-16,prime,0
3265,1,z:ilp,nat-oop,22073,24551,8.633,1.112,7.813e-16,prime,1
3266,1,z:ilp,nat-oop,22668,33147,8.409,1.462,5.351e-16,prime,0
3266,1,z:ilp,nat-oop,22641,33076,8.420,1.461,5.351e-16,prime,1
3267,1,z:ilp,nat-oop,7030,14961,27.125,2.128,5.566e-16,flat,0
3267,1,z:ilp,nat-oop,7060,14861,27.012,2.105,5.566e-16,flat,1
3268,1,z:ilp,nat-oop,9001,25747,21.192,2.860,1.701e-15,flat,0
3268,1,z:ilp,nat-oop,9025,25741,21.137,2.852,1.701e-15,flat,1
3269,1,z:ilp,nat-oop,22461,24238,8.496,1.079,6.266e-16,prime,0
3269,1,z:ilp,nat-oop,31734,24401,6.013,0.769,6.266e-16,prime,1
3270,1,z:ilp,nat-oop,23244,24250,8.212,1.043,6.028e-16,prime,0
3270,1,z:ilp,nat-oop,23104,24317,8.262,1.053,6.028e-16,prime,1
3271,1,z:ilp,nat-oop,23136,27077,8.253,1.170,6.902e-16,prime,0
3271,1,z:ilp,nat-oop,23060,26260,8.281,1.139,6.902e-16,prime,1
3272,1,z:ilp,nat-oop,22095,24266,8.645,1.098,5.917e-16,prime,0
3272,1,z:ilp,nat-oop,22044,24368,8.665,1.105,5.917e-16,prime,1
3273,1,z:ilp,nat-oop,26488,24249,7.214,0.915,6.411e-16,prime,0
3273,1,z:ilp,nat-oop,22583,24421,8.461,1.081,6.411e-16,prime,1
3274,1,z:ilp,nat-oop,22567,24242,8.470,1.074,5.688e-16,prime,0
3274,1,z:ilp,nat-oop,22937,24329,8.334,1.061,5.688e-16,prime,1
3275,1,z:ilp,nat-oop,22115,24369,8.646,1.102,6.643e-16,prime,0
3275,1,z:ilp,nat-oop,22604,24346,8.459,1.077,6.643e-16,prime,1
3276,1,z:ilp,nat-oop,5077,13795,37.678,2.717,6.123e-16,chain3,0
3276,1,z:ilp,nat-oop,5250,13771,36.436,2.623,6.123e-16,chain3,1
3277,1,z:ilp,nat-oop,22676,24408,8.438,1.076,6.110e-16,prime,0
3277,1,z:ilp,nat-oop,22589,24379,8.471,1.079,6.110e-16,prime,1
3278,1,z:ilp,nat-oop,22382,24435,8.552,1.092,6.050e-16,prime,0
3278,1,z:ilp,nat-oop,22977,24319,8.331,1.058,6.050e-16,prime,1
3279,1,z:ilp,nat-oop,21986,24409,8.709,1.110,7.295e-16,prime,0
3279,1,z:ilp,nat-oop,22012,24412,8.699,1.109,7.295e-16,prime,1
3280,1,z:ilp,nat-oop,6505,21301,29.446,3.275,4.351e-16,flat,0
3280,1,z:ilp,nat-oop,6548,21323,29.254,3.257,4.351e-16,flat,1
3281,1,z:ilp,nat-oop,22955,24273,8.347,1.057,7.384e-16,prime,0
3281,1,z:ilp,nat-oop,22905,24363,8.365,1.064,7.384e-16,prime,1
3282,1,z:ilp,nat-oop,23078,24370,8.305,1.056,6.783e-16,prime,0
3282,1,z:ilp,nat-oop,22417,24340,8.550,1.086,6.783e-16,prime,1
3283,1,z:ilp,nat-oop,24537,24296,7.814,0.990,5.363e-16,prime,0
3283,1,z:ilp,nat-oop,22696,23969,8.448,1.056,5.363e-16,prime,1
3284,1,z:ilp,nat-oop,22961,24389,8.354,1.062,5.878e-16,prime,0
3284,1,z:ilp,nat-oop,23065,24563,8.316,1.065,5.878e-16,prime,1
3285,1,z:ilp,nat-oop,22997,29793,8.343,1.296,6.930e-16,prime,0
3285,1,z:ilp,nat-oop,22622,29775,8.481,1.316,6.930e-16,prime,1
3286,1,z:ilp,nat-oop,22013,29220,8.719,1.327,4.821e-16,prime,0
3286,1,z:ilp,nat-oop,22574,29255,8.503,1.296,4.821e-16,prime,1
3287,1,z:ilp,nat-oop,22924,26360,8.376,1.150,7.097e-16,prime,0
3287,1,z:ilp,nat-oop,22903,24637,8.383,1.076,7.097e-16,prime,1
3288,1,z:ilp,nat-oop,22713,24296,8.456,1.070,4.465e-16,prime,0
3288,1,z:ilp,nat-oop,22616,24326,8.493,1.076,4.465e-16,prime,1
3289,1,z:ilp,nat-oop,9393,17285,20.455,1.840,8.464e-16,chain3,0
3289,1,z:ilp,nat-oop,8158,17099,23.550,2.096,8.464e-16,chain3,1
3290,1,z:ilp,nat-oop,12007,21426,16.007,1.784,7.089e-16,flat,0
3290,1,z:ilp,nat-oop,9832,21183,19.549,2.155,7.089e-16,flat,1
3291,1,z:ilp,nat-oop,22627,26535,8.497,1.173,8.026e-16,prime,0
3291,1,z:ilp,nat-oop,33418,29894,5.753,0.895,8.026e-16,prime,1
3292,1,z:ilp,nat-oop,22035,24356,8.728,1.105,6.557e-16,prime,0
3292,1,z:ilp,nat-oop,22059,24443,8.719,1.108,6.557e-16,prime,1
3293,1,z:ilp,nat-oop,22475,39905,8.560,1.776,4.864e-16,prime,0
3293,1,z:ilp,nat-oop,22988,39691,8.370,1.727,4.864e-16,prime,1
3294,1,z:ilp,nat-oop,22987,27273,8.372,1.186,5.409e-16,prime,0
3294,1,z:ilp,nat-oop,22440,27362,8.577,1.219,5.409e-16,prime,1
3295,1,z:ilp,nat-oop,22059,24346,8.728,1.104,7.507e-16,prime,0
3295,1,z:ilp,nat-oop,22544,26249,8.540,1.164,7.507e-16,prime,1
3296,1,z:ilp,nat-oop,22059,24324,8.731,1.103,4.218e-16,prime,0
3296,1,z:ilp,nat-oop,22082,24369,8.722,1.104,4.218e-16,prime,1
3297,1,z:ilp,nat-oop,22080,24384,8.726,1.104,6.547e-16,prime,0
3297,1,z:ilp,nat-oop,22609,24542,8.521,1.085,6.547e-16,prime,1
3298,1,z:ilp,nat-oop,22911,37693,8.412,1.645,6.221e-16,prime,0
3298,1,z:ilp,nat-oop,22971,37975,8.390,1.653,6.221e-16,prime,1
3299,1,z:ilp,nat-oop,22451,26311,8.587,1.172,6.984e-16,prime,0
3299,1,z:ilp,nat-oop,33823,32008,5.700,0.946,6.984e-16,prime,1
3300,1,z:ilp,nat-oop,4531,13454,42.566,2.970,5.845e-16,chain3,0
3300,1,z:ilp,nat-oop,4531,13452,42.560,2.969,5.845e-16,chain3,1
3301,1,z:ilp,nat-oop,22088,24552,8.734,1.112,7.848e-16,prime,0
3301,1,z:ilp,nat-oop,28731,25594,6.715,0.891,7.848e-16,prime,1
3302,1,z:ilp,nat-oop,28564,24294,6.756,0.851,6.928e-16,prime,0
3302,1,z:ilp,nat-oop,22601,24361,8.539,1.078,6.928e-16,prime,1
3303,1,z:ilp,nat-oop,23017,24364,8.388,1.059,7.542e-16,prime,0
3303,1,z:ilp,nat-oop,22947,24392,8.413,1.063,7.542e-16,prime,1
3304,1,z:ilp,nat-oop,22150,26950,8.719,1.217,5.246e-16,prime,0
3304,1,z:ilp,nat-oop,22922,27027,8.425,1.179,5.246e-16,prime,1
3305,1,z:ilp,nat-oop,27724,24331,6.968,0.878,5.419e-16,prime,0
3305,1,z:ilp,nat-oop,22940,24451,8.421,1.066,5.419e-16,prime,1
3306,1,z:ilp,nat-oop,8607,21588,22.451,2.508,5.692e-16,chain3,0
3306,1,z:ilp,nat-oop,8691,21539,22.237,2.478,5.692e-16,chain3,1
3307,1,z:ilp,nat-oop,22575,24300,8.563,1.076,6.005e-16,prime,0
3307,1,z:ilp,nat-oop,22628,24358,8.543,1.076,6.005e-16,prime,1
3308,1,z:ilp,nat-oop,28522,24273,6.780,0.851,6.373e-16,prime,0
3308,1,z:ilp,nat-oop,22659,24373,8.534,1.076,6.373e-16,prime,1
3309,1,z:ilp,nat-oop,22683,24464,8.528,1.079,7.892e-16,prime,0
3309,1,z:ilp,nat-oop,22655,24438,8.539,1.079,7.892e-16,prime,1
3310,1,z:ilp,nat-oop,22812,24301,8.483,1.065,8.204e-16,prime,0
3310,1,z:ilp,nat-oop,23601,24417,8.199,1.035,8.204e-16,prime,1
3311,1,z:ilp,nat-oop,11490,19729,16.847,1.717,5.733e-16,chain3,0
3311,1,z:ilp,nat-oop,16664,19763,11.617,1.186,5.733e-16,chain3,1
3312,1,z:ilp,nat-oop,4956,17491,39.076,3.530,4.613e-16,chain3,0
3312,1,z:ilp,nat-oop,4913,17451,39.416,3.552,4.613e-16,chain3,1
3313,1,z:ilp,nat-oop,19738,26976,9.814,1.367,1.111e-15,prime,0
3313,1,z:ilp,nat-oop,18848,24376,10.278,1.293,1.111e-15,prime,1
3314,1,z:ilp,nat-oop,32751,30301,5.917,0.925,6.855e-16,prime,0
3314,1,z:ilp,nat-oop,23054,24458,8.405,1.061,6.855e-16,prime,1
3315,1,z:ilp,nat-oop,7149,14996,27.113,2.098,1.261e-15,flat,0
3315,1,z:ilp,nat-oop,6921,15173,28.009,2.192,1.261e-15,flat,1
3316,1,z:ilp,nat-oop,22564,26326,8.594,1.167,6.726e-16,prime,0
3316,1,z:ilp,nat-oop,22045,24363,8.796,1.105,6.726e-16,prime,1
3317,1,z:ilp,nat-oop,22982,24319,8.440,1.058,5.670e-16,prime,0
3317,1,z:ilp,nat-oop,22423,24331,8.651,1.085,5.670e-16,prime,1
3318,1,z:ilp,nat-oop,22100,32064,8.780,1.451,5.739e-16,prime,0
3318,1,z:ilp,nat-oop,22990,32248,8.440,1.403,5.739e-16,prime,1
3319,1,z:ilp,nat-oop,23068,24457,8.415,1.060,7.009e-16,prime,0
3319,1,z:ilp,nat-oop,23048,24500,8.422,1.063,7.009e-16,prime,1
3320,1,z:ilp,nat-oop,22416,34514,8.662,1.540,5.935e-16,prime,0
3320,1,z:ilp,nat-oop,23001,34597,8.442,1.504,5.935e-16,prime,1
3321,1,z:ilp,nat-oop,8094,20175,23.999,2.493,6.221e-16,chain3,0
3321,1,z:ilp,nat-oop,9156,20234,21.213,2.210,6.221e-16,chain3,1
3322,1,z:ilp,nat-oop,22664,24428,8.573,1.078,6.524e-16,prime,0
3322,1,z:ilp,nat-oop,22043,24320,8.815,1.103,6.524e-16,prime,1
3323,1,z:ilp,nat-oop,23060,24328,8.429,1.055,6.162e-16,prime,0
3323,1,z:ilp,nat-oop,22481,24346,8.646,1.083,6.162e-16,prime,1
3324,1,z:ilp,nat-oop,23022,24378,8.445,1.059,7.912e-16,prime,0
3324,1,z:ilp,nat-oop,22480,24356,8.649,1.083,7.912e-16,prime,1
3325,1,z:ilp,nat-oop,6588,14001,29.525,2.125,5.023e-16,chain3,0
3325,1,z:ilp,nat-oop,6549,13902,29.699,2.123,5.023e-16,chain3,1
3326,1,z:ilp,nat-oop,22644,24321,8.592,1.074,6.065e-16,prime,0
3326,1,z:ilp,nat-oop,22672,24401,8.582,1.076,6.065e-16,prime,1
3327,1,z:ilp,nat-oop,22809,24677,8.533,1.082,7.193e-16,prime,0
3327,1,z:ilp,nat-oop,22579,24405,8.620,1.081,7.193e-16,prime,1
3328,1,z:ilp,nat-oop,6503,18423,29.942,2.833,5.790e-16,chain3,0
3328,1,z:ilp,nat-oop,6529,18372,29.819,2.814,5.790e-16,chain3,1
3329,1,z:ilp,nat-oop,16287,24527,11.958,1.506,8.169e-16,prime,0
3329,1,z:ilp,nat-oop,18250,27050,10.672,1.482,8.169e-16,prime,1
3330,1,z:ilp,nat-oop,12876,20194,15.131,1.568,6.794e-16,chain3,0
3330,1,z:ilp,nat-oop,12592,20394,15.472,1.620,6.794e-16,chain3,1
3331,1,z:ilp,nat-oop,23045,24369,8.457,1.057,8.314e-16,prime,0
3331,1,z:ilp,nat-oop,22392,24363,8.704,1.088,8.314e-16,prime,1
3332,1,z:ilp,nat-oop,5702,14816,34.189,2.598,6.180e-16,flat,0
3332,1,z:ilp,nat-oop,5772,14704,33.778,2.548,6.180e-16,flat,1
3333,1,z:ilp,nat-oop,23037,24393,8.466,1.059,6.871e-16,prime,0
3333,1,z:ilp,nat-oop,23243,27196,8.391,1.170,6.871e-16,prime,1
3334,1,z:ilp,nat-oop,22525,25881,8.661,1.149,6.715e-16,prime,0
3334,1,z:ilp,nat-oop,22535,24380,8.657,1.082,6.715e-16,prime,1
3335,1,z:ilp,nat-oop,12337,20112,15.819,1.630,6.020e-16,chain3,0
3335,1,z:ilp,nat-oop,9206,20093,21.200,2.183,6.020e-16,chain3,1
3336,1,z:ilp,nat-oop,22609,24400,8.635,1.079,6.387e-16,prime,0
3336,1,z:ilp,nat-oop,22650,24350,8.619,1.075,6.387e-16,prime,1
3337,1,z:ilp,nat-oop,22683,39101,8.609,1.724,7.020e-16,prime,0
3337,1,z:ilp,nat-oop,31968,39027,6.109,1.221,7.020e-16,prime,1
3338,1,z:ilp,nat-oop,22098,24443,8.840,1.106,8.020e-16,prime,0
3338,1,z:ilp,nat-oop,22596,24381,8.646,1.079,8.020e-16,prime,1
3339,1,z:ilp,nat-oop,23031,23102,8.485,1.003,6.606e-16,prime,0
3339,1,z:ilp,nat-oop,23005,23410,8.495,1.018,6.606e-16,prime,1
3340,1,z:ilp,nat-oop,21549,24370,9.072,1.131,6.068e-16,prime,0
3340,1,z:ilp,nat-oop,22102,24613,8.845,1.114,6.068e-16,prime,1
3341,1,z:ilp,nat-oop,22600,24323,8.653,1.076,6.292e-16,prime,0
3341,1,z:ilp,nat-oop,23009,24301,8.499,1.056,6.292e-16,prime,1
3342,1,z:ilp,nat-oop,23028,24312,8.495,1.056,6.272e-16,prime,0
3342,1,z:ilp,nat-oop,22425,24354,8.723,1.086,6.272e-16,prime,1
3343,1,z:ilp,nat-oop,22485,24547,8.703,1.092,7.048e-16,prime,0
3343,1,z:ilp,nat-oop,21993,24320,8.898,1.106,7.048e-16,prime,1
3344,1,z:ilp,nat-oop,4874,18979,40.165,3.894,4.781e-16,chain3,0
3344,1,z:ilp,nat-oop,5470,19032,35.784,3.479,4.781e-16,chain3,1
3345,1,z:ilp,nat-oop,22792,24488,8.591,1.074,6.743e-16,prime,0
3345,1,z:ilp,nat-oop,27095,24415,7.227,0.901,6.743e-16,prime,1
3346,1,z:ilp,nat-oop,22787,24415,8.596,1.071,5.110e-16,prime,0
3346,1,z:ilp,nat-oop,24153,24332,8.110,1.007,5.110e-16,prime,1
3347,1,z:ilp,nat-oop,22891,24284,8.560,1.061,7.108e-16,prime,0
3347,1,z:ilp,nat-oop,23081,24406,8.489,1.057,7.108e-16,prime,1
3348,1,z:ilp,nat-oop,7427,19725,26.392,2.656,5.301e-16,flat,0
3348,1,z:ilp,nat-oop,7320,19601,26.778,2.678,5.301e-16,flat,1
3349,1,z:ilp,nat-oop,22093,24433,8.875,1.106,7.983e-16,prime,0
3349,1,z:ilp,nat-oop,22034,25897,8.899,1.175,7.983e-16,prime,1
3350,1,z:ilp,nat-oop,34035,28678,5.763,0.843,5.517e-16,prime,0
3350,1,z:ilp,nat-oop,22949,28620,8.547,1.247,5.517e-16,prime,1
3351,1,z:ilp,nat-oop,22949,24373,8.550,1.062,7.036e-16,prime,0
3351,1,z:ilp,nat-oop,22746,24360,8.626,1.071,7.036e-16,prime,1
3352,1,z:ilp,nat-oop,23387,24304,8.392,1.039,6.252e-16,prime,0
3352,1,z:ilp,nat-oop,22369,24338,8.774,1.088,6.252e-16,prime,1
3353,1,z:ilp,nat-oop,22722,24409,8.641,1.074,5.227e-16,prime,0
3353,1,z:ilp,nat-oop,28064,27801,6.996,0.991,5.227e-16,prime,1
3354,1,z:ilp,nat-oop,7593,23540,25.866,3.100,7.729e-16,chain3,0
3354,1,z:ilp,nat-oop,7776,23526,25.258,3.026,7.729e-16,chain3,1
3355,1,z:ilp,nat-oop,26306,25508,7.469,0.970,5.625e-16,prime,0
3355,1,z:ilp,nat-oop,22036,25631,8.916,1.163,5.625e-16,prime,1
3356,1,z:ilp,nat-oop,33701,29864,5.832,0.886,6.137e-16,prime,0
3356,1,z:ilp,nat-oop,23339,24594,8.421,1.054,6.137e-16,prime,1
3357,1,z:ilp,nat-oop,22916,24315,8.579,1.061,6.484e-16,prime,0
3357,1,z:ilp,nat-oop,22456,24439,8.755,1.088,6.484e-16,prime,1
3358,1,z:ilp,nat-oop,22035,33813,8.925,1.535,5.100e-16,prime,0
3358,1,z:ilp,nat-oop,22574,34221,8.712,1.516,5.100e-16,prime,1
3359,1,z:ilp,nat-oop,22964,24279,8.567,1.057,5.992e-16,prime,0
3359,1,z:ilp,nat-oop,22436,24341,8.769,1.085,5.992e-16,prime,1
3360,1,z:ilp,nat-oop,4192,12165,46.947,2.902,4.303e-16,chain3,0
3360,1,z:ilp,nat-oop,4616,12163,42.630,2.635,4.303e-16,chain3,1
3361,1,z:ilp,nat-oop,13722,24371,14.346,1.776,7.857e-16,prime,0
3361,1,z:ilp,nat-oop,14057,24350,14.005,1.732,7.857e-16,prime,1
3362,1,z:ilp,nat-oop,10956,28279,17.974,2.581,2.807e-15,flat,0
3362,1,z:ilp,nat-oop,10858,28407,18.137,2.616,2.807e-15,flat,1
3363,1,z:ilp,nat-oop,23086,28109,8.533,1.218,5.464e-16,prime,0
3363,1,z:ilp,nat-oop,22407,28153,8.792,1.256,5.464e-16,prime,1
3364,1,z:ilp,nat-oop,7930,24755,24.849,3.122,4.959e-16,chain3,0
3364,1,z:ilp,nat-oop,7781,24852,25.326,3.194,4.959e-16,chain3,1
3365,1,z:ilp,nat-oop,22619,26330,8.715,1.164,6.440e-16,prime,0
3365,1,z:ilp,nat-oop,22715,24427,8.678,1.075,6.440e-16,prime,1
3366,1,z:ilp,nat-oop,8059,17625,24.470,2.187,1.002e-15,flat,0
3366,1,z:ilp,nat-oop,7981,17468,24.707,2.189,1.002e-15,flat,1
3367,1,z:ilp,nat-oop,7635,18375,25.835,2.407,6.262e-16,chain3,0
3367,1,z:ilp,nat-oop,7446,18477,26.491,2.481,6.262e-16,chain3,1
3368,1,z:ilp,nat-oop,22676,24330,8.702,1.073,8.388e-16,prime,0
3368,1,z:ilp,nat-oop,22725,24388,8.683,1.073,8.388e-16,prime,1
3369,1,z:ilp,nat-oop,22586,24352,8.740,1.078,6.631e-16,prime,0
3369,1,z:ilp,nat-oop,22622,24328,8.726,1.075,6.631e-16,prime,1
3370,1,z:ilp,nat-oop,23018,24354,8.578,1.058,6.010e-16,prime,0
3370,1,z:ilp,nat-oop,27152,24387,7.272,0.898,6.010e-16,prime,1
3371,1,z:ilp,nat-oop,22444,26387,8.801,1.176,7.535e-16,prime,0
3371,1,z:ilp,nat-oop,22412,24312,8.813,1.085,7.535e-16,prime,1
3372,1,z:ilp,nat-oop,22611,24327,8.738,1.076,6.900e-16,prime,0
3372,1,z:ilp,nat-oop,22061,24443,8.957,1.108,6.900e-16,prime,1
3373,1,z:ilp,nat-oop,23268,24341,8.495,1.046,5.068e-16,prime,0
3373,1,z:ilp,nat-oop,23316,24341,8.477,1.044,5.068e-16,prime,1
3374,1,z:ilp,nat-oop,22447,24438,8.808,1.089,8.636e-16,prime,0
3374,1,z:ilp,nat-oop,22481,24493,8.795,1.089,8.636e-16,prime,1
3375,1,z:ilp,nat-oop,5497,10921,35.978,1.987,5.903e-16,chain3,0
3375,1,z:ilp,nat-oop,5498,10934,35.976,1.989,5.903e-16,chain3,1
3376,1,z:ilp,nat-oop,22445,24640,8.815,1.098,6.139e-16,prime,0
3376,1,z:ilp,nat-oop,22347,24491,8.854,1.096,6.139e-16,prime,1
3377,1,z:ilp,nat-oop,22700,24343,8.719,1.072,6.832e-16,prime,0
3377,1,z:ilp,nat-oop,22020,24379,8.988,1.107,6.832e-16,prime,1
3378,1,z:ilp,nat-oop,22811,24438,8.679,1.071,6.110e-16,prime,0
3378,1,z:ilp,nat-oop,22415,24429,8.833,1.090,6.110e-16,prime,1
3379,1,z:ilp,nat-oop,22119,24372,8.954,1.102,7.114e-16,prime,0
3379,1,z:ilp,nat-oop,22025,24343,8.992,1.105,7.114e-16,prime,1
3380,1,z:ilp,nat-oop,5737,16894,34.535,2.945,7.564e-16,flat,0
3380,1,z:ilp,nat-oop,5850,16911,33.864,2.891,7.564e-16,flat,1
3381,1,z:ilp,nat-oop,8051,15631,24.615,1.941,7.655e-16,flat,0
3381,1,z:ilp,nat-oop,7745,15510,25.588,2.003,7.655e-16,flat,1
3382,1,z:ilp,nat-oop,22052,37311,8.990,1.692,6.106e-16,prime,0
3382,1,z:ilp,nat-oop,23065,37326,8.595,1.618,6.106e-16,prime,1
3383,1,z:ilp,nat-oop,22944,24374,8.643,1.062,6.407e-16,prime,0
3383,1,z:ilp,nat-oop,23010,24426,8.619,1.062,6.407e-16,prime,1
3384,1,z:ilp,nat-oop,7782,24536,25.493,3.153,7.785e-16,flat,0
3384,1,z:ilp,nat-oop,7771,24558,25.529,3.160,7.785e-16,flat,1
3385,1,z:ilp,nat-oop,22095,24395,8.982,1.104,7.252e-16,prime,0
3385,1,z:ilp,nat-oop,22076,24335,8.989,1.102,7.252e-16,prime,1
3386,1,z:ilp,nat-oop,22910,24356,8.665,1.063,6.058e-16,prime,0
3386,1,z:ilp,nat-oop,22986,24393,8.636,1.061,6.058e-16,prime,1
3387,1,z:ilp,nat-oop,22091,24395,8.989,1.104,6.861e-16,prime,0
3387,1,z:ilp,nat-oop,22620,24334,8.779,1.076,6.861e-16,prime,1
3388,1,z:ilp,nat-oop,5619,16297,35.353,2.900,6.447e-16,flat,0
3388,1,z:ilp,nat-oop,5695,16329,34.883,2.867,6.447e-16,flat,1
3389,1,z:ilp,nat-oop,27802,27269,7.147,0.981,6.627e-16,prime,0
3389,1,z:ilp,nat-oop,22722,24425,8.745,1.075,6.627e-16,prime,1
3390,1,z:ilp,nat-oop,22123,24344,8.985,1.100,6.093e-16,prime,0
3390,1,z:ilp,nat-oop,22054,24323,9.013,1.103,6.093e-16,prime,1
3391,1,z:ilp,nat-oop,23093,24302,8.610,1.052,5.568e-16,prime,0
3391,1,z:ilp,nat-oop,23081,24587,8.615,1.065,5.568e-16,prime,1
3392,1,z:ilp,nat-oop,22643,26359,8.784,1.164,5.093e-16,prime,0
3392,1,z:ilp,nat-oop,22057,26455,9.018,1.199,5.093e-16,prime,1
3393,1,z:ilp,nat-oop,9093,19206,21.881,2.112,1.203e-15,flat,0
3393,1,z:ilp,nat-oop,9770,19141,20.365,1.959,1.203e-15,flat,1
3394,1,z:ilp,nat-oop,22130,24370,8.994,1.101,7.050e-16,prime,0
3394,1,z:ilp,nat-oop,22029,24351,9.035,1.105,7.050e-16,prime,1
3395,1,z:ilp,nat-oop,23091,33925,8.622,1.469,7.695e-16,prime,0
3395,1,z:ilp,nat-oop,22977,33758,8.665,1.469,7.695e-16,prime,1
3396,1,z:ilp,nat-oop,22077,24337,9.021,1.102,6.018e-16,prime,0
3396,1,z:ilp,nat-oop,22156,24381,8.989,1.100,6.018e-16,prime,1
3397,1,z:ilp,nat-oop,22941,40713,8.685,1.775,5.644e-16,prime,0
3397,1,z:ilp,nat-oop,22989,40654,8.667,1.768,5.644e-16,prime,1
3398,1,z:ilp,nat-oop,22178,24599,8.986,1.109,6.984e-16,prime,0
3398,1,z:ilp,nat-oop,22103,24479,9.017,1.108,6.984e-16,prime,1
3399,1,z:ilp,nat-oop,22709,24351,8.779,1.072,5.674e-16,prime,0
3399,1,z:ilp,nat-oop,22711,24363,8.778,1.073,5.674e-16,prime,1
3400,1,z:ilp,nat-oop,5713,15217,34.909,2.664,5.870e-16,chain3,0
3400,1,z:ilp,nat-oop,5623,15065,35.464,2.679,5.870e-16,chain3,1
3401,1,z:ilp,nat-oop,22487,24401,8.872,1.085,7.104e-16,prime,0
3401,1,z:ilp,nat-oop,23052,24377,8.654,1.057,7.104e-16,prime,1
3402,1,z:ilp,nat-oop,6981,12201,28.586,1.748,5.128e-16,chain3,0
3402,1,z:ilp,nat-oop,6271,12223,31.822,1.949,5.128e-16,chain3,1
3403,1,z:ilp,nat-oop,22791,40402,8.759,1.773,4.873e-16,prime,0
3403,1,z:ilp,nat-oop,22684,40590,8.801,1.789,4.873e-16,prime,1
3404,1,z:ilp,nat-oop,9038,26325,22.095,2.913,1.152e-15,flat,0
3404,1,z:ilp,nat-oop,8945,26356,22.325,2.946,1.152e-15,flat,1
3405,1,z:ilp,nat-oop,22713,24352,8.795,1.072,5.438e-16,prime,0
3405,1,z:ilp,nat-oop,22693,24386,8.803,1.075,5.438e-16,prime,1
3406,1,z:ilp,nat-oop,22603,24389,8.841,1.079,5.135e-16,prime,0
3406,1,z:ilp,nat-oop,22127,24523,9.031,1.108,5.135e-16,prime,1
3407,1,z:ilp,nat-oop,22655,24359,8.824,1.075,8.807e-16,prime,0
3407,1,z:ilp,nat-oop,22700,24379,8.806,1.074,8.807e-16,prime,1
3408,1,z:ilp,nat-oop,22409,32664,8.923,1.458,6.940e-16,prime,0
3408,1,z:ilp,nat-oop,22595,32661,8.850,1.446,6.940e-16,prime,1
3409,1,z:ilp,nat-oop,22612,24312,8.846,1.075,6.456e-16,prime,0
3409,1,z:ilp,nat-oop,22379,24357,8.938,1.088,6.456e-16,prime,1
3410,1,z:ilp,nat-oop,8552,20071,23.396,2.347,5.692e-16,flat,0
3410,1,z:ilp,nat-oop,8356,20087,23.946,2.404,5.692e-16,flat,1
3411,1,z:ilp,nat-oop,22644,24312,8.839,1.074,6.656e-16,prime,0
3411,1,z:ilp,nat-oop,22612,24409,8.852,1.079,6.656e-16,prime,1
3412,1,z:ilp,nat-oop,23026,24380,8.696,1.059,6.902e-16,prime,0
3412,1,z:ilp,nat-oop,22901,24315,8.743,1.062,6.902e-16,prime,1
3413,1,z:ilp,nat-oop,22998,24352,8.709,1.059,6.318e-16,prime,0
3413,1,z:ilp,nat-oop,23034,24405,8.695,1.060,6.318e-16,prime,1
3414,1,z:ilp,nat-oop,23032,24336,8.699,1.057,6.881e-16,prime,0
3414,1,z:ilp,nat-oop,23005,24341,8.709,1.058,6.881e-16,prime,1
3415,1,z:ilp,nat-oop,22559,24356,8.884,1.080,6.602e-16,prime,0
3415,1,z:ilp,nat-oop,22011,24448,9.106,1.111,6.602e-16,prime,1
3416,1,z:ilp,nat-oop,23033,28487,8.704,1.237,5.706e-16,prime,0
3416,1,z:ilp,nat-oop,22422,28428,8.941,1.268,5.706e-16,prime,1
3417,1,z:ilp,nat-oop,22054,30306,9.094,1.374,5.840e-16,prime,0
3417,1,z:ilp,nat-oop,22102,30430,9.074,1.377,5.840e-16,prime,1
3418,1,z:ilp,nat-oop,22633,24315,8.864,1.074,7.700e-16,prime,0
3418,1,z:ilp,nat-oop,22645,24312,8.859,1.074,7.700e-16,prime,1
3419,1,z:ilp,nat-oop,22478,24533,8.928,1.091,6.575e-16,prime,0
3419,1,z:ilp,nat-oop,22388,24384,8.964,1.089,6.575e-16,prime,1
3420,1,z:ilp,nat-oop,6261,16677,32.061,2.663,4.673e-16,flat,0
3420,1,z:ilp,nat-oop,6251,16568,32.115,2.651,4.673e-16,flat,1
3421,1,z:ilp,nat-oop,33866,29989,5.930,0.886,6.028e-16,prime,0
3421,1,z:ilp,nat-oop,22477,24341,8.934,1.083,6.028e-16,prime,1
3422,1,z:ilp,nat-oop,23007,31513,8.731,1.370,6.742e-16,prime,0
3422,1,z:ilp,nat-oop,23375,31719,8.594,1.357,6.742e-16,prime,1
3423,1,z:ilp,nat-oop,22723,24690,8.843,1.087,6.526e-16,prime,0
3423,1,z:ilp,nat-oop,22857,24423,8.792,1.069,6.526e-16,prime,1
3424,1,z:ilp,nat-oop,22631,24365,8.882,1.077,6.514e-16,prime,0
3424,1,z:ilp,nat-oop,23023,24286,8.731,1.055,6.514e-16,prime,1
3425,1,z:ilp,nat-oop,22455,25786,8.955,1.148,7.678e-16,prime,0
3425,1,z:ilp,nat-oop,22524,24436,8.927,1.085,7.678e-16,prime,1
3426,1,z:ilp,nat-oop,23042,24407,8.730,1.059,5.964e-16,prime,0
3426,1,z:ilp,nat-oop,23468,24444,8.571,1.042,5.964e-16,prime,1
3427,1,z:ilp,nat-oop,22741,24431,8.848,1.074,6.559e-16,prime,0
3427,1,z:ilp,nat-oop,22740,26483,8.848,1.165,6.559e-16,prime,1
3428,1,z:ilp,nat-oop,23111,24378,8.709,1.055,6.429e-16,prime,0
3428,1,z:ilp,nat-oop,27096,24377,7.428,0.900,6.429e-16,prime,1
3429,1,z:ilp,nat-oop,22401,24316,8.988,1.086,6.799e-16,prime,0
3429,1,z:ilp,nat-oop,22512,24541,8.944,1.090,6.799e-16,prime,1
3430,1,z:ilp,nat-oop,7448,10951,27.043,1.470,7.204e-16,flat,0
3430,1,z:ilp,nat-oop,7208,10862,27.943,1.507,7.204e-16,flat,1
3431,1,z:ilp,nat-oop,22878,40152,8.807,1.755,5.149e-16,prime,0
3431,1,z:ilp,nat-oop,22675,40158,8.885,1.771,5.149e-16,prime,1
3432,1,z:ilp,nat-oop,6084,17264,33.128,2.838,6.536e-16,flat,0
3432,1,z:ilp,nat-oop,5959,17287,33.824,2.901,6.536e-16,flat,1
3433,1,z:ilp,nat-oop,23023,24395,8.757,1.060,6.705e-16,prime,0
3433,1,z:ilp,nat-oop,22384,24388,9.007,1.090,6.705e-16,prime,1
3434,1,z:ilp,nat-oop,22887,24231,8.812,1.059,5.625e-16,prime,0
3434,1,z:ilp,nat-oop,23019,24258,8.761,1.054,5.625e-16,prime,1
3435,1,z:ilp,nat-oop,22068,24378,9.142,1.105,6.575e-16,prime,0
3435,1,z:ilp,nat-oop,22625,24674,8.916,1.091,6.575e-16,prime,1
3436,1,z:ilp,nat-oop,22761,24563,8.866,1.079,8.079e-16,prime,0
3436,1,z:ilp,nat-oop,23043,24365,8.758,1.057,8.079e-16,prime,1
3437,1,z:ilp,nat-oop,22010,24587,9.172,1.117,6.518e-16,prime,0
3437,1,z:ilp,nat-oop,22598,24352,8.933,1.078,6.518e-16,prime,1
3438,1,z:ilp,nat-oop,22101,31182,9.137,1.411,6.588e-16,prime,0
3438,1,z:ilp,nat-oop,22035,24326,9.164,1.104,6.588e-16,prime,1
3439,1,z:ilp,nat-oop,22951,24302,8.802,1.059,7.810e-16,prime,0
3439,1,z:ilp,nat-oop,23055,24346,8.762,1.056,7.810e-16,prime,1
3440,1,z:ilp,nat-oop,6966,23497,29.007,3.373,4.850e-16,chain3,0
3440,1,z:ilp,nat-oop,6843,23551,29.528,3.441,4.850e-16,chain3,1
3441,1,z:ilp,nat-oop,9802,25519,20.622,2.604,2.317e-15,flat,0
3441,1,z:ilp,nat-oop,9781,25525,20.667,2.610,2.317e-15,flat,1
3442,1,z:ilp,nat-oop,22653,24239,8.926,1.070,8.050e-16,prime,0
3442,1,z:ilp,nat-oop,22047,27780,9.171,1.260,8.050e-16,prime,1
3443,1,z:ilp,nat-oop,23015,24334,8.789,1.057,6.321e-16,prime,0
3443,1,z:ilp,nat-oop,22422,24360,9.021,1.086,6.321e-16,prime,1
3444,1,z:ilp,nat-oop,7686,22186,26.326,2.887,6.193e-16,flat,0
3444,1,z:ilp,nat-oop,7768,22098,26.047,2.845,6.193e-16,flat,1
3445,1,z:ilp,nat-oop,22974,23838,8.810,1.038,7.587e-16,prime,0
3445,1,z:ilp,nat-oop,23023,23884,8.791,1.037,7.587e-16,prime,1
3446,1,z:ilp,nat-oop,22837,24410,8.866,1.069,6.768e-16,prime,0
3446,1,z:ilp,nat-oop,22797,24343,8.881,1.068,6.768e-16,prime,1
3447,1,z:ilp,nat-oop,22464,24347,9.016,1.084,5.356e-16,prime,0
3447,1,z:ilp,nat-oop,22491,24353,9.005,1.083,5.356e-16,prime,1
3448,1,z:ilp,nat-oop,23000,24472,8.808,1.064,6.488e-16,prime,0
3448,1,z:ilp,nat-oop,23007,24354,8.806,1.059,6.488e-16,prime,1
3449,1,z:ilp,nat-oop,21590,24299,9.387,1.125,5.185e-16,prime,0
3449,1,z:ilp,nat-oop,22079,24369,9.179,1.104,5.185e-16,prime,1
3450,1,z:ilp,nat-oop,8102,17215,25.021,2.125,6.770e-16,chain3,0
3450,1,z:ilp,nat-oop,9415,17163,21.534,1.823,6.770e-16,chain3,1
3451,1,z:ilp,nat-oop,8496,18261,23.869,2.149,7.108e-16,chain3,0
3451,1,z:ilp,nat-oop,8517,17958,23.809,2.108,7.108e-16,chain3,1
3452,1,z:ilp,nat-oop,23013,24381,8.815,1.059,6.533e-16,prime,0
3452,1,z:ilp,nat-oop,23004,24357,8.818,1.059,6.533e-16,prime,1
3453,1,z:ilp,nat-oop,22755,24356,8.918,1.070,7.015e-16,prime,0
3453,1,z:ilp,nat-oop,23513,24330,8.630,1.035,7.015e-16,prime,1
3454,1,z:ilp,nat-oop,23061,24451,8.802,1.060,5.813e-16,prime,0
3454,1,z:ilp,nat-oop,22387,24388,9.067,1.089,5.813e-16,prime,1
3455,1,z:ilp,nat-oop,24565,27779,8.266,1.131,6.240e-16,prime,0
3455,1,z:ilp,nat-oop,22787,24291,8.911,1.066,6.240e-16,prime,1
3456,1,z:ilp,nat-oop,3654,14038,55.587,3.842,4.545e-16,ztt,0
3456,1,z:ilp,nat-oop,3597,14015,56.472,3.896,4.545e-16,ztt,1
3457,1,z:ilp,nat-oop,13675,24322,14.858,1.779,8.074e-16,prime,0
3457,1,z:ilp,nat-oop,13898,24370,14.621,1.754,8.074e-16,prime,1
3458,1,z:ilp,nat-oop,7812,16853,26.018,2.157,6.858e-16,flat,0
3458,1,z:ilp,nat-oop,8434,16718,24.099,1.982,6.858e-16,flat,1
3459,1,z:ilp,nat-oop,22643,24353,8.980,1.076,6.933e-16,prime,0
3459,1,z:ilp,nat-oop,22648,24281,8.977,1.072,6.933e-16,prime,1
3460,1,z:ilp,nat-oop,22583,24599,9.006,1.089,7.018e-16,prime,0
3460,1,z:ilp,nat-oop,22032,24336,9.231,1.105,7.018e-16,prime,1
3461,1,z:ilp,nat-oop,22099,24308,9.207,1.100,6.676e-16,prime,0
3461,1,z:ilp,nat-oop,22173,24407,9.176,1.101,6.676e-16,prime,1
3462,1,z:ilp,nat-oop,22726,24444,8.955,1.076,6.523e-16,prime,0
3462,1,z:ilp,nat-oop,22669,24402,8.978,1.076,6.523e-16,prime,1
3463,1,z:ilp,nat-oop,22483,24454,9.055,1.088,6.897e-16,prime,0
3463,1,z:ilp,nat-oop,22483,24390,9.055,1.085,6.897e-16,prime,1
3464,1,z:ilp,nat-oop,22592,24271,9.014,1.074,7.399e-16,prime,0
3464,1,z:ilp,nat-oop,22592,24395,9.014,1.080,7.399e-16,prime,1
3465,1,z:ilp,nat-oop,5946,12792,34.261,2.151,6.106e-16,chain3,0
3465,1,z:ilp,nat-oop,5842,12789,34.873,2.189,6.106e-16,chain3,1
3466,1,z:ilp,nat-oop,22489,24528,9.061,1.091,7.546e-16,prime,0
3466,1,z:ilp,nat-oop,22478,24348,9.066,1.083,7.546e-16,prime,1
3467,1,z:ilp,nat-oop,22642,24302,9.003,1.073,6.897e-16,prime,0
3467,1,z:ilp,nat-oop,22624,24399,9.010,1.078,6.897e-16,prime,1
3468,1,z:ilp,nat-oop,7289,20483,27.977,2.810,1.492e-15,flat,0
3468,1,z:ilp,nat-oop,7431,20445,27.440,2.751,1.492e-15,flat,1
3469,1,z:ilp,nat-oop,18950,24400,10.764,1.288,8.810e-16,prime,0
3469,1,z:ilp,nat-oop,18043,24369,11.305,1.351,8.810e-16,prime,1
3470,1,z:ilp,nat-oop,22054,24341,9.252,1.104,6.903e-16,prime,0
3470,1,z:ilp,nat-oop,22626,24416,9.018,1.079,6.903e-16,prime,1
3471,1,z:ilp,nat-oop,22353,35488,9.131,1.588,5.085e-16,prime,0
3471,1,z:ilp,nat-oop,22949,35378,8.894,1.542,5.085e-16,prime,1
3472,1,z:ilp,nat-oop,6959,20353,29.342,2.925,4.281e-16,flat,0
3472,1,z:ilp,nat-oop,9983,20386,20.453,2.042,4.281e-16,flat,1
3473,1,z:ilp,nat-oop,22454,24396,9.096,1.086,6.543e-16,prime,0
3473,1,z:ilp,nat-oop,23293,24557,8.769,1.054,6.543e-16,prime,1
3474,1,z:ilp,nat-oop,22594,24331,9.043,1.077,7.551e-16,prime,0
3474,1,z:ilp,nat-oop,22555,24379,9.058,1.081,7.551e-16,prime,1
3475,1,z:ilp,nat-oop,22607,24290,9.040,1.074,8.075e-16,prime,0
3475,1,z:ilp,nat-oop,22026,24391,9.279,1.107,8.075e-16,prime,1
3476,1,z:ilp,nat-oop,22122,36236,9.242,1.638,5.723e-16,prime,0
3476,1,z:ilp,nat-oop,22944,36367,8.911,1.585,5.723e-16,prime,1
3477,1,z:ilp,nat-oop,22933,29662,8.918,1.293,6.296e-16,prime,0
3477,1,z:ilp,nat-oop,33834,29598,6.044,0.875,6.296e-16,prime,1
3478,1,z:ilp,nat-oop,11374,30881,17.986,2.715,2.819e-15,flat,0
3478,1,z:ilp,nat-oop,11473,30845,17.831,2.689,2.819e-15,flat,1
3479,1,z:ilp,nat-oop,22583,26978,9.062,1.195,5.425e-16,prime,0
3479,1,z:ilp,nat-oop,22016,26857,9.295,1.220,5.425e-16,prime,1
3480,1,z:ilp,nat-oop,7298,19198,28.049,2.631,8.610e-16,flat,0
3480,1,z:ilp,nat-oop,7282,19237,28.111,2.642,8.610e-16,flat,1
3481,1,z:ilp,nat-oop,22605,39868,9.059,1.764,5.289e-16,prime,0
3481,1,z:ilp,nat-oop,22084,39916,9.273,1.807,5.289e-16,prime,1
3482,1,z:ilp,nat-oop,22764,24321,8.998,1.068,4.907e-16,prime,0
3482,1,z:ilp,nat-oop,22710,24342,9.020,1.072,4.907e-16,prime,1
3483,1,z:ilp,nat-oop,16604,22401,12.341,1.349,6.493e-16,chain3,0
3483,1,z:ilp,nat-oop,13140,22330,15.594,1.699,6.493e-16,chain3,1
3484,1,z:ilp,nat-oop,22730,32334,9.018,1.423,5.214e-16,prime,0
3484,1,z:ilp,nat-oop,22382,32735,9.158,1.463,5.214e-16,prime,1
3485,1,z:ilp,nat-oop,11235,21845,18.250,1.944,5.736e-16,chain3,0
3485,1,z:ilp,nat-oop,11148,21843,18.393,1.959,5.736e-16,chain3,1
3486,1,z:ilp,nat-oop,23044,34747,8.901,1.508,5.845e-16,prime,0
3486,1,z:ilp,nat-oop,23023,35162,8.909,1.527,5.845e-16,prime,1
3487,1,z:ilp,nat-oop,28397,24488,7.225,0.862,7.148e-16,prime,0
3487,1,z:ilp,nat-oop,22625,24335,9.068,1.076,7.148e-16,prime,1
3488,1,z:ilp,nat-oop,22977,24395,8.932,1.062,5.905e-16,prime,0
3488,1,z:ilp,nat-oop,23018,24402,8.916,1.060,5.905e-16,prime,1
3489,1,z:ilp,nat-oop,22084,24404,9.296,1.105,6.081e-16,prime,0
3489,1,z:ilp,nat-oop,22605,24531,9.082,1.085,6.081e-16,prime,1
3490,1,z:ilp,nat-oop,22823,24343,8.998,1.067,7.414e-16,prime,0
3490,1,z:ilp,nat-oop,22845,24349,8.990,1.066,7.414e-16,prime,1
3491,1,z:ilp,nat-oop,22993,24320,8.935,1.058,6.749e-16,prime,0
3491,1,z:ilp,nat-oop,22882,24402,8.978,1.066,6.749e-16,prime,1
3492,1,z:ilp,nat-oop,22570,40788,9.105,1.807,4.919e-16,prime,0
3492,1,z:ilp,nat-oop,22683,40521,9.060,1.786,4.919e-16,prime,1
3493,1,z:ilp,nat-oop,22775,24293,9.026,1.067,7.073e-16,prime,0
3493,1,z:ilp,nat-oop,23024,24364,8.928,1.058,7.073e-16,prime,1
3494,1,z:ilp,nat-oop,23025,24309,8.931,1.056,7.195e-16,prime,0
3494,1,z:ilp,nat-oop,23413,24363,8.783,1.041,7.195e-16,prime,1
3495,1,z:ilp,nat-oop,23072,26902,8.915,1.166,6.354e-16,prime,0
3495,1,z:ilp,nat-oop,28609,24411,7.190,0.853,6.354e-16,prime,1
3496,1,z:ilp,nat-oop,6590,24092,31.225,3.656,5.084e-16,chain3,0
3496,1,z:ilp,nat-oop,6644,24075,30.970,3.623,5.084e-16,chain3,1
3497,1,z:ilp,nat-oop,22163,24340,9.287,1.098,9.223e-16,prime,0
3497,1,z:ilp,nat-oop,22942,24433,8.972,1.065,9.223e-16,prime,1
3498,1,z:ilp,nat-oop,22802,27187,9.030,1.192,4.785e-16,prime,0
3498,1,z:ilp,nat-oop,22723,27228,9.061,1.198,4.785e-16,prime,1
3499,1,z:ilp,nat-oop,22515,24386,9.148,1.083,6.553e-16,prime,0
3499,1,z:ilp,nat-oop,29337,24327,7.021,0.829,6.553e-16,prime,1
3500,1,z:ilp,nat-oop,5733,11709,35.938,2.042,5.560e-16,flat,0
3500,1,z:ilp,nat-oop,5637,11721,36.551,2.079,5.560e-16,flat,1
3501,1,z:ilp,nat-oop,22451,24417,9.180,1.088,6.370e-16,prime,0
3501,1,z:ilp,nat-oop,22403,24349,9.199,1.087,6.370e-16,prime,1
3502,1,z:ilp,nat-oop,22648,24332,9.103,1.074,5.059e-16,prime,0
3502,1,z:ilp,nat-oop,22720,24366,9.074,1.072,5.059e-16,prime,1
3503,1,z:ilp,nat-oop,22601,24354,9.125,1.078,6.228e-16,prime,0
3503,1,z:ilp,nat-oop,22620,24352,9.117,1.077,6.228e-16,prime,1
3504,1,z:ilp,nat-oop,22002,33471,9.376,1.521,6.299e-16,prime,0
3504,1,z:ilp,nat-oop,22676,33494,9.097,1.477,6.299e-16,prime,1
3505,1,z:ilp,nat-oop,23112,24331,8.929,1.053,6.068e-16,prime,0
3505,1,z:ilp,nat-oop,22372,24321,9.224,1.087,6.068e-16,prime,1
3506,1,z:ilp,nat-oop,22438,24330,9.200,1.084,6.502e-16,prime,0
3506,1,z:ilp,nat-oop,22883,24345,9.021,1.064,6.502e-16,prime,1
3507,1,z:ilp,nat-oop,23009,24377,8.974,1.059,6.589e-16,prime,0
3507,1,z:ilp,nat-oop,23005,24358,8.976,1.059,6.589e-16,prime,1
3508,1,z:ilp,nat-oop,22121,24659,9.338,1.115,7.322e-16,prime,0
3508,1,z:ilp,nat-oop,22095,24387,9.349,1.104,7.322e-16,prime,1
3509,1,z:ilp,nat-oop,7442,19166,27.765,2.575,6.416e-16,chain3,0
3509,1,z:ilp,nat-oop,7452,19125,27.727,2.566,6.416e-16,chain3,1
3510,1,z:ilp,nat-oop,6529,14261,31.658,2.184,6.910e-16,chain3,0
3510,1,z:ilp,nat-oop,7237,14301,28.560,1.976,6.910e-16,chain3,1
3511,1,z:ilp,nat-oop,22014,24528,9.392,1.114,6.609e-16,prime,0
3511,1,z:ilp,nat-oop,22643,24321,9.131,1.074,6.609e-16,prime,1
3512,1,z:ilp,nat-oop,22057,24292,9.377,1.101,8.065e-16,prime,0
3512,1,z:ilp,nat-oop,22652,24378,9.131,1.076,8.065e-16,prime,1
3513,1,z:ilp,nat-oop,22038,27728,9.388,1.258,6.170e-16,prime,0
3513,1,z:ilp,nat-oop,22654,24294,9.133,1.072,6.170e-16,prime,1
3514,1,z:ilp,nat-oop,22498,24353,9.199,1.082,6.450e-16,prime,0
3514,1,z:ilp,nat-oop,22424,24391,9.229,1.088,6.450e-16,prime,1
3515,1,z:ilp,nat-oop,11957,22121,17.314,1.850,6.289e-16,chain3,0
3515,1,z:ilp,nat-oop,11476,22285,18.039,1.942,6.289e-16,chain3,1
3516,1,z:ilp,nat-oop,22700,24378,9.123,1.074,6.402e-16,prime,0
3516,1,z:ilp,nat-oop,22143,24395,9.352,1.102,6.402e-16,prime,1
3517,1,z:ilp,nat-oop,22420,24433,9.240,1.090,6.402e-16,prime,0
3517,1,z:ilp,nat-oop,22447,24288,9.229,1.082,6.402e-16,prime,1
3518,1,z:ilp,nat-oop,23051,24378,8.990,1.058,5.718e-16,prime,0
3518,1,z:ilp,nat-oop,23081,24364,8.978,1.056,5.718e-16,prime,1
3519,1,z:ilp,nat-oop,8059,20376,25.722,2.528,8.082e-16,flat,0
3519,1,z:ilp,nat-oop,7569,20367,27.386,2.691,8.082e-16,flat,1
3520,1,z:ilp,nat-oop,4407,14993,47.052,3.402,3.617e-16,chain3,0
3520,1,z:ilp,nat-oop,4332,14965,47.871,3.455,3.617e-16,chain3,1
3521,1,z:ilp,nat-oop,22635,24391,9.163,1.078,7.448e-16,prime,0
3521,1,z:ilp,nat-oop,22095,24385,9.387,1.104,7.448e-16,prime,1
3522,1,z:ilp,nat-oop,22008,24328,9.428,1.105,7.109e-16,prime,0
3522,1,z:ilp,nat-oop,22157,24398,9.364,1.101,7.109e-16,prime,1
3523,1,z:ilp,nat-oop,22454,24356,9.243,1.085,7.000e-16,prime,0
3523,1,z:ilp,nat-oop,22380,24436,9.274,1.092,7.000e-16,prime,1
3524,1,z:ilp,nat-oop,23127,24354,8.977,1.053,6.405e-16,prime,0
3524,1,z:ilp,nat-oop,23134,24520,8.974,1.060,6.405e-16,prime,1
3525,1,z:ilp,nat-oop,8217,23618,25.275,2.874,5.610e-16,flat,0
3525,1,z:ilp,nat-oop,8175,23535,25.406,2.879,5.610e-16,flat,1
3526,1,z:ilp,nat-oop,12050,30831,17.240,2.559,2.445e-15,flat,0
3526,1,z:ilp,nat-oop,11946,30747,17.391,2.574,2.445e-15,flat,1
3527,1,z:ilp,nat-oop,23035,24350,9.022,1.057,6.765e-16,prime,0
3527,1,z:ilp,nat-oop,22430,24520,9.265,1.093,6.765e-16,prime,1
3528,1,z:ilp,nat-oop,5568,12520,37.336,2.249,5.326e-16,chain3,0
3528,1,z:ilp,nat-oop,7752,12519,26.817,1.615,5.326e-16,chain3,1
3529,1,z:ilp,nat-oop,22602,24378,9.200,1.079,7.233e-16,prime,0
3529,1,z:ilp,nat-oop,22681,26224,9.168,1.156,7.233e-16,prime,1
3530,1,z:ilp,nat-oop,23001,24352,9.044,1.059,7.203e-16,prime,0
3530,1,z:ilp,nat-oop,22471,24369,9.257,1.084,7.203e-16,prime,1
3531,1,z:ilp,nat-oop,22968,24354,9.060,1.060,7.798e-16,prime,0
3531,1,z:ilp,nat-oop,22396,24370,9.291,1.088,7.798e-16,prime,1
3532,1,z:ilp,nat-oop,22617,24590,9.203,1.087,7.518e-16,prime,0
3532,1,z:ilp,nat-oop,22143,24364,9.400,1.100,7.518e-16,prime,1
3533,1,z:ilp,nat-oop,22976,24293,9.062,1.057,7.414e-16,prime,0
3533,1,z:ilp,nat-oop,22970,24546,9.064,1.069,7.414e-16,prime,1
3534,1,z:ilp,nat-oop,10806,24256,19.274,2.245,6.459e-16,chain3,0
3534,1,z:ilp,nat-oop,10574,24148,19.697,2.284,6.459e-16,chain3,1
3535,1,z:ilp,nat-oop,22081,27186,9.436,1.231,8.458e-16,prime,0
3535,1,z:ilp,nat-oop,22642,24306,9.201,1.073,8.458e-16,prime,1
3536,1,z:ilp,nat-oop,6887,19283,30.259,2.800,7.975e-16,flat,0
3536,1,z:ilp,nat-oop,6510,19493,32.016,2.994,7.975e-16,flat,1
3537,1,z:ilp,nat-oop,22384,24424,9.313,1.091,6.707e-16,prime,0
3537,1,z:ilp,nat-oop,22415,24444,9.301,1.091,6.707e-16,prime,1
3538,1,z:ilp,nat-oop,22068,32850,9.450,1.489,5.844e-16,prime,0
3538,1,z:ilp,nat-oop,22044,32934,9.460,1.494,5.844e-16,prime,1
3539,1,z:ilp,nat-oop,23420,24288,8.907,1.037,9.592e-16,prime,0
3539,1,z:ilp,nat-oop,22990,24530,9.074,1.067,9.592e-16,prime,1
3540,1,z:ilp,nat-oop,22121,28965,9.433,1.309,4.464e-16,prime,0
3540,1,z:ilp,nat-oop,22079,28933,9.451,1.310,4.464e-16,prime,1
3541,1,z:ilp,nat-oop,22060,24360,9.463,1.104,5.942e-16,prime,0
3541,1,z:ilp,nat-oop,21737,24370,9.603,1.121,5.942e-16,prime,1
3542,1,z:ilp,nat-oop,8982,18467,23.247,2.056,6.971e-16,flat,0
3542,1,z:ilp,nat-oop,8975,18390,23.266,2.049,6.971e-16,flat,1
3543,1,z:ilp,nat-oop,22068,24378,9.465,1.105,6.639e-16,prime,0
3543,1,z:ilp,nat-oop,23017,24370,9.075,1.059,6.639e-16,prime,1
3544,1,z:ilp,nat-oop,22047,25877,9.477,1.174,7.733e-16,prime,0
3544,1,z:ilp,nat-oop,22641,24481,9.229,1.081,7.733e-16,prime,1
3545,1,z:ilp,nat-oop,22659,24465,9.224,1.080,6.753e-16,prime,0
3545,1,z:ilp,nat-oop,22615,26304,9.242,1.163,6.753e-16,prime,1
3546,1,z:ilp,nat-oop,22477,24350,9.301,1.083,7.390e-16,prime,0
3546,1,z:ilp,nat-oop,22473,24385,9.303,1.085,7.390e-16,prime,1
3547,1,z:ilp,nat-oop,22560,24352,9.270,1.079,7.620e-16,prime,0
3547,1,z:ilp,nat-oop,22822,24359,9.164,1.067,7.620e-16,prime,1
3548,1,z:ilp,nat-oop,22371,24356,9.352,1.089,6.953e-16,prime,0
3548,1,z:ilp,nat-oop,22014,24450,9.503,1.111,6.953e-16,prime,1
3549,1,z:ilp,nat-oop,6456,15725,32.415,2.436,7.007e-16,chain3,0
3549,1,z:ilp,nat-oop,6704,15701,31.215,2.342,7.007e-16,chain3,1
3550,1,z:ilp,nat-oop,23019,31827,9.094,1.383,5.714e-16,prime,0
3550,1,z:ilp,nat-oop,23083,31790,9.069,1.377,5.714e-16,prime,1
3551,1,z:ilp,nat-oop,23066,41426,9.079,1.796,5.898e-16,prime,0
3551,1,z:ilp,nat-oop,22801,41417,9.184,1.816,5.898e-16,prime,1
3552,1,z:ilp,nat-oop,7980,22540,26.248,2.824,6.692e-16,flat,0
3552,1,z:ilp,nat-oop,7785,22548,26.906,2.896,6.692e-16,flat,1
3553,1,z:ilp,nat-oop,8057,18730,26.006,2.325,6.015e-16,chain3,0
3553,1,z:ilp,nat-oop,8159,18775,25.681,2.301,6.015e-16,chain3,1
3554,1,z:ilp,nat-oop,22586,26466,9.280,1.172,8.590e-16,prime,0
3554,1,z:ilp,nat-oop,22058,24419,9.502,1.107,8.590e-16,prime,1
3555,1,z:ilp,nat-oop,22545,34808,9.300,1.544,6.456e-16,prime,0
3555,1,z:ilp,nat-oop,31359,34768,6.686,1.109,6.456e-16,prime,1
3556,1,z:ilp,nat-oop,22473,24359,9.333,1.084,6.097e-16,prime,0
3556,1,z:ilp,nat-oop,22942,24589,9.142,1.072,6.097e-16,prime,1
3557,1,z:ilp,nat-oop,22660,24418,9.259,1.078,5.801e-16,prime,0
3557,1,z:ilp,nat-oop,22572,26370,9.295,1.168,5.801e-16,prime,1
3558,1,z:ilp,nat-oop,22536,24435,9.313,1.084,6.654e-16,prime,0
3558,1,z:ilp,nat-oop,22630,24299,9.274,1.074,6.654e-16,prime,1
3559,1,z:ilp,nat-oop,22633,24419,9.275,1.079,5.664e-16,prime,0
3559,1,z:ilp,nat-oop,23028,26330,9.116,1.143,5.664e-16,prime,1
3560,1,z:ilp,nat-oop,22705,38749,9.249,1.707,5.749e-16,prime,0
3560,1,z:ilp,nat-oop,22614,38705,9.286,1.712,5.749e-16,prime,1
3561,1,z:ilp,nat-oop,22125,24350,9.495,1.101,6.223e-16,prime,0
3561,1,z:ilp,nat-oop,22115,24427,9.499,1.105,6.223e-16,prime,1
3562,1,z:ilp,nat-oop,22742,24337,9.240,1.070,6.885e-16,prime,0
3562,1,z:ilp,nat-oop,23101,24414,9.096,1.057,6.885e-16,prime,1
3563,1,z:ilp,nat-oop,22667,24378,9.273,1.075,6.047e-16,prime,0
3563,1,z:ilp,nat-oop,22705,24353,9.258,1.073,6.047e-16,prime,1
3564,1,z:ilp,nat-oop,5410,14816,38.866,2.739,6.059e-16,chain3,0
3564,1,z:ilp,nat-oop,5155,14836,40.785,2.878,6.059e-16,chain3,1
3565,1,z:ilp,nat-oop,8833,22716,23.812,2.572,1.739e-15,flat,0
3565,1,z:ilp,nat-oop,8854,22648,23.755,2.558,1.739e-15,flat,1
3566,1,z:ilp,nat-oop,22683,24428,9.275,1.077,8.010e-16,prime,0
3566,1,z:ilp,nat-oop,22070,24427,9.533,1.107,8.010e-16,prime,1
3567,1,z:ilp,nat-oop,10397,26218,20.242,2.522,2.328e-15,flat,0
3567,1,z:ilp,nat-oop,10750,26213,19.578,2.438,2.328e-15,flat,1
3568,1,z:ilp,nat-oop,23051,24254,9.133,1.052,4.936e-16,prime,0
3568,1,z:ilp,nat-oop,22972,24472,9.165,1.065,4.936e-16,prime,1
3569,1,z:ilp,nat-oop,23050,43737,9.136,1.897,5.992e-16,prime,0
3569,1,z:ilp,nat-oop,23173,43706,9.088,1.886,5.992e-16,prime,1
3570,1,z:ilp,nat-oop,7027,15480,29.980,2.203,4.600e-16,chain3,0
3570,1,z:ilp,nat-oop,6410,15382,32.863,2.400,4.600e-16,chain3,1
3571,1,z:ilp,nat-oop,23223,24365,9.074,1.049,7.554e-16,prime,0
3571,1,z:ilp,nat-oop,22544,24349,9.347,1.080,7.554e-16,prime,1
3572,1,z:ilp,nat-oop,20589,29840,10.238,1.449,6.779e-16,chain3,0
3572,1,z:ilp,nat-oop,13277,29777,15.876,2.243,6.779e-16,chain3,1
3573,1,z:ilp,nat-oop,28318,24406,7.446,0.862,6.551e-16,prime,0
3573,1,z:ilp,nat-oop,22736,24491,9.274,1.077,6.551e-16,prime,1
3574,1,z:ilp,nat-oop,22696,24414,9.293,1.076,9.059e-16,prime,0
3574,1,z:ilp,nat-oop,22680,24279,9.300,1.070,9.059e-16,prime,1
3575,1,z:ilp,nat-oop,6653,15362,31.716,2.309,7.891e-16,chain3,0
3575,1,z:ilp,nat-oop,7225,15365,29.201,2.126,7.891e-16,chain3,1
3576,1,z:ilp,nat-oop,22693,24643,9.301,1.086,5.393e-16,prime,0
3576,1,z:ilp,nat-oop,22105,24320,9.548,1.100,5.393e-16,prime,1
3577,1,z:ilp,nat-oop,23073,28184,9.150,1.221,6.010e-16,prime,0
3577,1,z:ilp,nat-oop,22149,28049,9.532,1.266,6.010e-16,prime,1
3578,1,z:ilp,nat-oop,27448,24340,7.694,0.887,6.214e-16,prime,0
3578,1,z:ilp,nat-oop,22601,24304,9.344,1.075,6.214e-16,prime,1
3579,1,z:ilp,nat-oop,22101,24341,9.559,1.101,7.450e-16,prime,0
3579,1,z:ilp,nat-oop,22714,24438,9.301,1.076,7.450e-16,prime,1
3580,1,z:ilp,nat-oop,22109,25289,9.558,1.144,6.232e-16,prime,0
3580,1,z:ilp,nat-oop,22143,24373,9.544,1.101,6.232e-16,prime,1
3581,1,z:ilp,nat-oop,22123,24318,9.555,1.099,7.228e-16,prime,0
3581,1,z:ilp,nat-oop,22650,24335,9.333,1.074,7.228e-16,prime,1
3582,1,z:ilp,nat-oop,23414,24427,9.031,1.043,7.759e-16,prime,0
3582,1,z:ilp,nat-oop,28738,24402,7.358,0.849,7.759e-16,prime,1
3583,1,z:ilp,nat-oop,23081,27157,9.164,1.177,7.551e-16,prime,0
3583,1,z:ilp,nat-oop,22491,24452,9.405,1.087,7.551e-16,prime,1
3584,1,z:ilp,nat-oop,3525,14019,60.026,3.977,3.174e-16,ztt,0
3584,1,z:ilp,nat-oop,3511,13962,60.256,3.976,3.174e-16,ztt,1
3585,1,z:ilp,nat-oop,23305,24592,9.082,1.055,5.909e-16,prime,0
3585,1,z:ilp,nat-oop,22403,26233,9.448,1.171,5.909e-16,prime,1
3586,1,z:ilp,nat-oop,22631,24316,9.355,1.074,6.857e-16,prime,0
3586,1,z:ilp,nat-oop,22153,24306,9.557,1.097,6.857e-16,prime,1
3587,1,z:ilp,nat-oop,22182,24252,9.548,1.093,6.769e-16,prime,0
3587,1,z:ilp,nat-oop,22130,24391,9.570,1.102,6.769e-16,prime,1
3588,1,z:ilp,nat-oop,5847,22099,36.230,3.779,6.857e-16,chain3,0
3588,1,z:ilp,nat-oop,5757,22003,36.799,3.822,6.857e-16,chain3,1
3589,1,z:ilp,nat-oop,23088,45824,9.179,1.985,7.868e-16,prime,0
3589,1,z:ilp,nat-oop,23045,45815,9.196,1.988,7.868e-16,prime,1
3590,1,z:ilp,nat-oop,22152,26391,9.570,1.191,5.756e-16,prime,0
3590,1,z:ilp,nat-oop,22129,27838,9.580,1.258,5.756e-16,prime,1
3591,1,z:ilp,nat-oop,7272,15819,29.161,2.175,6.290e-16,chain3,0
3591,1,z:ilp,nat-oop,8548,16081,24.808,1.881,6.290e-16,chain3,1
3592,1,z:ilp,nat-oop,22139,24382,9.581,1.101,5.572e-16,prime,0
3592,1,z:ilp,nat-oop,22655,24388,9.363,1.077,5.572e-16,prime,1
3593,1,z:ilp,nat-oop,22049,24479,9.623,1.110,7.086e-16,prime,0
3593,1,z:ilp,nat-oop,22646,24263,9.370,1.071,7.086e-16,prime,1
3594,1,z:ilp,nat-oop,23119,24395,9.181,1.055,7.630e-16,prime,0
3594,1,z:ilp,nat-oop,23038,24351,9.213,1.057,7.630e-16,prime,1
3595,1,z:ilp,nat-oop,22545,24602,9.417,1.091,7.673e-16,prime,0
3595,1,z:ilp,nat-oop,23045,24441,9.213,1.061,7.673e-16,prime,1
3596,1,z:ilp,nat-oop,8467,27651,25.084,3.266,5.648e-16,chain3,0
3596,1,z:ilp,nat-oop,8375,27656,25.359,3.302,5.648e-16,chain3,1
3597,1,z:ilp,nat-oop,22098,24362,9.614,1.102,8.810e-16,prime,0
3597,1,z:ilp,nat-oop,22618,24406,9.393,1.079,8.810e-16,prime,1
3598,1,z:ilp,nat-oop,22976,24417,9.250,1.063,6.723e-16,prime,0
3598,1,z:ilp,nat-oop,22857,24739,9.298,1.082,6.723e-16,prime,1
3599,1,z:ilp,nat-oop,22504,41797,9.446,1.857,6.872e-16,prime,0
3599,1,z:ilp,nat-oop,22077,41968,9.629,1.901,6.872e-16,prime,1
3600,1,z:ilp,nat-oop,4521,13045,47.031,2.885,4.298e-16,ztt,0
3600,1,z:ilp,nat-oop,4518,13005,47.063,2.878,4.298e-16,ztt,1
3601,1,z:ilp,nat-oop,23024,24359,9.239,1.058,7.495e-16,prime,0
3601,1,z:ilp,nat-oop,23063,24411,9.223,1.058,7.495e-16,prime,1
3602,1,z:ilp,nat-oop,22109,24255,9.624,1.097,6.149e-16,prime,0
3602,1,z:ilp,nat-oop,22618,24390,9.407,1.078,6.149e-16,prime,1
3603,1,z:ilp,nat-oop,22634,24572,9.404,1.086,8.041e-16,prime,0
3603,1,z:ilp,nat-oop,22116,24314,9.624,1.099,8.041e-16,prime,1
3604,1,z:ilp,nat-oop,23102,30294,9.216,1.311,5.472e-16,prime,0
3604,1,z:ilp,nat-oop,23049,30661,9.237,1.330,5.472e-16,prime,1
3605,1,z:ilp,nat-oop,22641,24307,9.407,1.074,6.861e-16,prime,0
3605,1,z:ilp,nat-oop,22718,24451,9.375,1.076,6.861e-16,prime,1
3606,1,z:ilp,nat-oop,23370,24392,9.116,1.044,5.879e-16,prime,0
3606,1,z:ilp,nat-oop,23441,24483,9.089,1.044,5.879e-16,prime,1
3607,1,z:ilp,nat-oop,22045,24494,9.667,1.111,7.024e-16,prime,0
3607,1,z:ilp,nat-oop,22048,24387,9.666,1.106,7.024e-16,prime,1
3608,1,z:ilp,nat-oop,7402,26272,28.801,3.549,4.526e-16,chain3,0
3608,1,z:ilp,nat-oop,7399,26223,28.811,3.544,4.526e-16,chain3,1
3609,1,z:ilp,nat-oop,22674,24346,9.405,1.074,5.592e-16,prime,0
3609,1,z:ilp,nat-oop,22756,24359,9.371,1.070,5.592e-16,prime,1
3610,1,z:ilp,nat-oop,9854,20752,21.647,2.106,6.025e-16,chain3,0
3610,1,z:ilp,nat-oop,7907,20612,26.979,2.607,6.025e-16,chain3,1
3611,1,z:ilp,nat-oop,27188,28275,7.848,1.040,6.317e-16,prime,0
3611,1,z:ilp,nat-oop,21921,24337,9.734,1.110,6.317e-16,prime,1
3612,1,z:ilp,nat-oop,9304,24510,22.942,2.634,6.482e-16,flat,0
3612,1,z:ilp,nat-oop,9101,24421,23.453,2.683,6.482e-16,flat,1
3613,1,z:ilp,nat-oop,23124,24400,9.233,1.055,7.078e-16,prime,0
3613,1,z:ilp,nat-oop,22521,24387,9.480,1.083,7.078e-16,prime,1
3614,1,z:ilp,nat-oop,22636,24360,9.435,1.076,5.797e-16,prime,0
3614,1,z:ilp,nat-oop,22678,24350,9.418,1.074,5.797e-16,prime,1
3615,1,z:ilp,nat-oop,22519,24421,9.487,1.084,6.355e-16,prime,0
3615,1,z:ilp,nat-oop,22512,24348,9.490,1.082,6.355e-16,prime,1
3616,1,z:ilp,nat-oop,22186,24412,9.633,1.100,6.987e-16,prime,0
3616,1,z:ilp,nat-oop,22093,24395,9.673,1.104,6.987e-16,prime,1
3617,1,z:ilp,nat-oop,22203,24407,9.628,1.099,7.211e-16,prime,0
3617,1,z:ilp,nat-oop,22147,25987,9.653,1.173,7.211e-16,prime,1
3618,1,z:ilp,nat-oop,23087,32298,9.263,1.399,5.200e-16,prime,0
3618,1,z:ilp,nat-oop,23489,32332,9.104,1.376,5.200e-16,prime,1
3619,1,z:ilp,nat-oop,18666,23058,11.460,1.235,4.682e-16,chain3,0
3619,1,z:ilp,nat-oop,17216,23096,12.425,1.342,4.682e-16,chain3,1
3620,1,z:ilp,nat-oop,22685,24384,9.432,1.075,5.702e-16,prime,0
3620,1,z:ilp,nat-oop,22055,24371,9.702,1.105,5.702e-16,prime,1
3621,1,z:ilp,nat-oop,22118,33690,9.677,1.523,4.718e-16,prime,0
3621,1,z:ilp,nat-oop,22747,33687,9.410,1.481,4.718e-16,prime,1
3622,1,z:ilp,nat-oop,22144,24414,9.669,1.103,8.589e-16,prime,0
3622,1,z:ilp,nat-oop,22124,24340,9.678,1.100,8.589e-16,prime,1
3623,1,z:ilp,nat-oop,22115,24369,9.685,1.102,7.867e-16,prime,0
3623,1,z:ilp,nat-oop,22644,24521,9.458,1.083,7.867e-16,prime,1
3624,1,z:ilp,nat-oop,22671,24589,9.450,1.085,7.430e-16,prime,0
3624,1,z:ilp,nat-oop,22095,24347,9.696,1.102,7.430e-16,prime,1
3625,1,z:ilp,nat-oop,7647,17664,28.026,2.310,5.366e-16,chain3,0
3625,1,z:ilp,nat-oop,7519,17759,28.503,2.362,5.366e-16,chain3,1
3626,1,z:ilp,nat-oop,9558,19473,22.429,2.037,5.921e-16,flat,0
3626,1,z:ilp,nat-oop,9410,19434,22.781,2.065,5.921e-16,flat,1
3627,1,z:ilp,nat-oop,10441,21673,20.538,2.076,1.013e-15,flat,0
3627,1,z:ilp,nat-oop,9166,21552,23.394,2.351,1.013e-15,flat,1
3628,1,z:ilp,nat-oop,22752,24418,9.428,1.073,6.450e-16,prime,0
3628,1,z:ilp,nat-oop,22649,25442,9.471,1.123,6.450e-16,prime,1
3629,1,z:ilp,nat-oop,22149,24383,9.688,1.101,6.102e-16,prime,0
3629,1,z:ilp,nat-oop,23030,24534,9.317,1.065,6.102e-16,prime,1
3630,1,z:ilp,nat-oop,8601,17218,24.954,2.002,6.610e-16,flat,0
3630,1,z:ilp,nat-oop,8008,17147,26.803,2.141,6.610e-16,flat,1
3631,1,z:ilp,nat-oop,23039,24381,9.319,1.058,7.694e-16,prime,0
3631,1,z:ilp,nat-oop,23079,26392,9.303,1.144,7.694e-16,prime,1
3632,1,z:ilp,nat-oop,23069,24359,9.310,1.056,5.846e-16,prime,0
3632,1,z:ilp,nat-oop,22508,24321,9.542,1.081,5.846e-16,prime,1
3633,1,z:ilp,nat-oop,22072,31127,9.734,1.410,6.555e-16,prime,0
3633,1,z:ilp,nat-oop,22117,24408,9.714,1.104,6.555e-16,prime,1
3634,1,z:ilp,nat-oop,22194,39232,9.683,1.768,5.422e-16,prime,0
3634,1,z:ilp,nat-oop,22754,39268,9.445,1.726,5.422e-16,prime,1
3635,1,z:ilp,nat-oop,22613,25630,9.507,1.133,6.726e-16,prime,0
3635,1,z:ilp,nat-oop,23138,24347,9.291,1.052,6.726e-16,prime,1
3636,1,z:ilp,nat-oop,22096,27758,9.732,1.256,5.296e-16,prime,0
3636,1,z:ilp,nat-oop,22151,24395,9.708,1.101,5.296e-16,prime,1
3637,1,z:ilp,nat-oop,22733,24460,9.462,1.076,6.844e-16,prime,0
3637,1,z:ilp,nat-oop,22754,24474,9.453,1.076,6.844e-16,prime,1
3638,1,z:ilp,nat-oop,22656,24465,9.497,1.080,5.177e-16,prime,0
3638,1,z:ilp,nat-oop,28463,24317,7.560,0.854,5.177e-16,prime,1
3639,1,z:ilp,nat-oop,23166,24484,9.291,1.057,6.342e-16,prime,0
3639,1,z:ilp,nat-oop,25213,24334,8.537,0.965,6.342e-16,prime,1
3640,1,z:ilp,nat-oop,5878,15192,36.631,2.585,5.924e-16,flat,0
3640,1,z:ilp,nat-oop,5784,15158,37.221,2.621,5.924e-16,flat,1
3641,1,z:ilp,nat-oop,22711,24341,9.483,1.072,8.044e-16,prime,0
3641,1,z:ilp,nat-oop,22182,24457,9.709,1.103,8.044e-16,prime,1
3642,1,z:ilp,nat-oop,22143,24479,9.729,1.105,7.077e-16,prime,0
3642,1,z:ilp,nat-oop,22140,24359,9.731,1.100,7.077e-16,prime,1
3643,1,z:ilp,nat-oop,22675,24330,9.504,1.073,7.748e-16,prime,0
3643,1,z:ilp,nat-oop,22131,25890,9.738,1.170,7.748e-16,prime,1
3644,1,z:ilp,nat-oop,22695,24376,9.498,1.074,7.629e-16,prime,0
3644,1,z:ilp,nat-oop,22111,24324,9.749,1.100,7.629e-16,prime,1
3645,1,z:ilp,nat-oop,6854,12377,31.460,1.806,6.623e-16,chain3,0
3645,1,z:ilp,nat-oop,6996,12266,30.823,1.753,6.623e-16,chain3,1
3646,1,z:ilp,nat-oop,22155,24418,9.736,1.102,7.910e-16,prime,0
3646,1,z:ilp,nat-oop,22746,24425,9.483,1.074,7.910e-16,prime,1
3647,1,z:ilp,nat-oop,22116,24328,9.756,1.100,7.600e-16,prime,0
3647,1,z:ilp,nat-oop,22617,24368,9.540,1.077,7.600e-16,prime,1
3648,1,z:ilp,nat-oop,5145,18331,41.952,3.563,4.568e-16,chain3,0
3648,1,z:ilp,nat-oop,4961,18487,43.505,3.726,4.568e-16,chain3,1
3649,1,z:ilp,nat-oop,22849,45209,9.449,1.979,5.676e-16,prime,0
3649,1,z:ilp,nat-oop,22896,45006,9.430,1.966,5.676e-16,prime,1
3650,1,z:ilp,nat-oop,22704,32952,9.512,1.451,5.849e-16,prime,0
3650,1,z:ilp,nat-oop,22125,32798,9.761,1.482,5.849e-16,prime,1
3651,1,z:ilp,nat-oop,22128,24559,9.763,1.110,7.435e-16,prime,0
3651,1,z:ilp,nat-oop,22187,24361,9.737,1.098,7.435e-16,prime,1
3652,1,z:ilp,nat-oop,22821,38974,9.469,1.708,5.070e-16,prime,0
3652,1,z:ilp,nat-oop,22709,39147,9.516,1.724,5.070e-16,prime,1
3653,1,z:ilp,nat-oop,22501,24377,9.607,1.083,7.427e-16,prime,0
3653,1,z:ilp,nat-oop,33930,30013,6.371,0.885,7.427e-16,prime,1
3654,1,z:ilp,nat-oop,9795,19792,22.075,2.021,7.644e-16,flat,0
3654,1,z:ilp,nat-oop,9384,19752,23.042,2.105,7.644e-16,flat,1
3655,1,z:ilp,nat-oop,9971,24126,21.692,2.420,5.346e-16,chain3,0
3655,1,z:ilp,nat-oop,9929,24055,21.785,2.423,5.346e-16,chain3,1
3656,1,z:ilp,nat-oop,22848,24398,9.470,1.068,6.566e-16,prime,0
3656,1,z:ilp,nat-oop,22912,24632,9.443,1.075,6.566e-16,prime,1
3657,1,z:ilp,nat-oop,22722,29916,9.525,1.317,5.770e-16,prime,0
3657,1,z:ilp,nat-oop,22721,29885,9.526,1.315,5.770e-16,prime,1
3658,1,z:ilp,nat-oop,22681,34805,9.545,1.535,5.917e-16,prime,0
3658,1,z:ilp,nat-oop,22119,34775,9.788,1.572,5.917e-16,prime,1
3659,1,z:ilp,nat-oop,23046,26422,9.397,1.146,6.512e-16,prime,0
3659,1,z:ilp,nat-oop,22488,24708,9.630,1.099,6.512e-16,prime,1
3660,1,z:ilp,nat-oop,23103,30505,9.377,1.320,6.478e-16,prime,0
3660,1,z:ilp,nat-oop,22965,30608,9.433,1.333,6.478e-16,prime,1
3661,1,z:ilp,nat-oop,23049,24419,9.402,1.059,7.270e-16,prime,0
3661,1,z:ilp,nat-oop,22681,24372,9.554,1.075,7.270e-16,prime,1
3662,1,z:ilp,nat-oop,23124,24389,9.374,1.055,7.254e-16,prime,0
3662,1,z:ilp,nat-oop,22156,24456,9.783,1.104,7.254e-16,prime,1
3663,1,z:ilp,nat-oop,9094,23060,23.844,2.536,2.311e-15,flat,0
3663,1,z:ilp,nat-oop,9096,22872,23.837,2.514,2.311e-15,flat,1
3664,1,z:ilp,nat-oop,22480,24434,9.648,1.087,7.960e-16,prime,0
3664,1,z:ilp,nat-oop,23046,24373,9.411,1.058,7.960e-16,prime,1
3665,1,z:ilp,nat-oop,22542,24400,9.625,1.082,6.701e-16,prime,0
3665,1,z:ilp,nat-oop,26345,24445,8.235,0.928,6.701e-16,prime,1
3666,1,z:ilp,nat-oop,8845,27475,24.537,3.106,8.153e-16,chain3,0
3666,1,z:ilp,nat-oop,8705,27467,24.932,3.155,8.153e-16,chain3,1
3667,1,z:ilp,nat-oop,22915,26290,9.474,1.147,7.518e-16,prime,0
3667,1,z:ilp,nat-oop,23122,24462,9.389,1.058,7.518e-16,prime,1
3668,1,z:ilp,nat-oop,23149,24448,9.381,1.056,4.998e-16,prime,0
3668,1,z:ilp,nat-oop,23006,24428,9.439,1.062,4.998e-16,prime,1
3669,1,z:ilp,nat-oop,22077,24426,9.840,1.106,6.669e-16,prime,0
3669,1,z:ilp,nat-oop,22150,24974,9.807,1.127,6.669e-16,prime,1
3670,1,z:ilp,nat-oop,22136,24466,9.816,1.105,6.477e-16,prime,0
3670,1,z:ilp,nat-oop,22132,27782,9.818,1.255,6.477e-16,prime,1
3671,1,z:ilp,nat-oop,22497,24438,9.662,1.086,5.162e-16,prime,0
3671,1,z:ilp,nat-oop,22547,24419,9.640,1.083,5.162e-16,prime,1
3672,1,z:ilp,nat-oop,6419,16762,33.873,2.611,6.180e-16,chain3,0
3672,1,z:ilp,nat-oop,6647,16895,32.711,2.542,6.180e-16,chain3,1
3673,1,z:ilp,nat-oop,22000,24708,9.886,1.123,6.303e-16,prime,0
3673,1,z:ilp,nat-oop,21899,24363,9.931,1.112,6.303e-16,prime,1
3674,1,z:ilp,nat-oop,22632,24438,9.613,1.080,7.321e-16,prime,0
3674,1,z:ilp,nat-oop,22557,24456,9.645,1.084,7.321e-16,prime,1
3675,1,z:ilp,nat-oop,7437,11148,29.263,1.499,5.138e-16,chain3,0
3675,1,z:ilp,nat-oop,6471,11244,33.631,1.738,5.138e-16,chain3,1
3676,1,z:ilp,nat-oop,23172,24427,9.395,1.054,6.592e-16,prime,0
3676,1,z:ilp,nat-oop,23200,24442,9.383,1.054,6.592e-16,prime,1
3677,1,z:ilp,nat-oop,22770,24506,9.564,1.076,8.148e-16,prime,0
3677,1,z:ilp,nat-oop,31409,24406,6.933,0.777,8.148e-16,prime,1
3678,1,z:ilp,nat-oop,23124,24408,9.420,1.056,7.031e-16,prime,0
3678,1,z:ilp,nat-oop,23133,27289,9.416,1.180,7.031e-16,prime,1
3679,1,z:ilp,nat-oop,23007,24454,9.471,1.063,7.339e-16,prime,0
3679,1,z:ilp,nat-oop,22991,24420,9.477,1.062,7.339e-16,prime,1
3680,1,z:ilp,nat-oop,6334,19616,34.411,3.097,5.189e-16,flat,0
3680,1,z:ilp,nat-oop,6731,19605,32.382,2.913,5.189e-16,flat,1
3681,1,z:ilp,nat-oop,22141,24320,9.847,1.098,5.939e-16,prime,0
3681,1,z:ilp,nat-oop,22715,24379,9.598,1.073,5.939e-16,prime,1
3682,1,z:ilp,nat-oop,23122,24463,9.432,1.058,7.192e-16,prime,0
3682,1,z:ilp,nat-oop,22753,25816,9.585,1.135,7.192e-16,prime,1
3683,1,z:ilp,nat-oop,22548,24409,9.675,1.083,6.578e-16,prime,0
3683,1,z:ilp,nat-oop,22590,24369,9.657,1.079,6.578e-16,prime,1
3684,1,z:ilp,nat-oop,23125,24468,9.437,1.058,6.291e-16,prime,0
3684,1,z:ilp,nat-oop,32310,28409,6.754,0.879,6.291e-16,prime,1
3685,1,z:ilp,nat-oop,22680,30517,9.625,1.346,5.299e-16,prime,0
3685,1,z:ilp,nat-oop,22154,30604,9.853,1.381,5.299e-16,prime,1
3686,1,z:ilp,nat-oop,22156,43435,9.855,1.960,6.844e-16,prime,0
3686,1,z:ilp,nat-oop,22101,43384,9.880,1.963,6.844e-16,prime,1
3687,1,z:ilp,nat-oop,23115,24549,9.449,1.062,7.143e-16,prime,0
3687,1,z:ilp,nat-oop,23437,24342,9.319,1.039,7.143e-16,prime,1
3688,1,z:ilp,nat-oop,22161,24417,9.859,1.102,7.012e-16,prime,0
3688,1,z:ilp,nat-oop,22669,24374,9.638,1.075,7.012e-16,prime,1
3689,1,z:ilp,nat-oop,13627,20512,16.039,1.505,6.791e-16,chain3,0
3689,1,z:ilp,nat-oop,11401,20535,19.170,1.801,6.791e-16,chain3,1
3690,1,z:ilp,nat-oop,7574,23473,28.864,3.099,6.033e-16,chain3,0
3690,1,z:ilp,nat-oop,7599,23543,28.772,3.098,6.033e-16,chain3,1
3691,1,z:ilp,nat-oop,22477,24523,9.730,1.091,5.795e-16,prime,0
3691,1,z:ilp,nat-oop,23049,24419,9.488,1.059,5.795e-16,prime,1
3692,1,z:ilp,nat-oop,23482,35996,9.316,1.533,5.036e-16,prime,0
3692,1,z:ilp,nat-oop,22546,36130,9.702,1.602,5.036e-16,prime,1
3693,1,z:ilp,nat-oop,22498,24414,9.726,1.085,6.645e-16,prime,0
3693,1,z:ilp,nat-oop,23041,24314,9.497,1.055,6.645e-16,prime,1
3694,1,z:ilp,nat-oop,22534,24458,9.713,1.085,7.276e-16,prime,0
3694,1,z:ilp,nat-oop,23079,24422,9.484,1.058,7.276e-16,prime,1
3695,1,z:ilp,nat-oop,22537,24341,9.715,1.080,7.413e-16,prime,0
3695,1,z:ilp,nat-oop,22529,24436,9.719,1.085,7.413e-16,prime,1
3696,1,z:ilp,nat-oop,5047,15544,43.394,3.080,4.085e-16,chain3,0
3696,1,z:ilp,nat-oop,5233,15554,41.851,2.972,4.085e-16,chain3,1
3697,1,z:ilp,nat-oop,22592,24474,9.698,1.083,6.277e-16,prime,0
3697,1,z:ilp,nat-oop,22104,24401,9.912,1.104,6.277e-16,prime,1
3698,1,z:ilp,nat-oop,12533,33504,17.486,2.673,2.371e-15,flat,0
3698,1,z:ilp,nat-oop,12001,33393,18.261,2.782,2.371e-15,flat,1
3699,1,z:ilp,nat-oop,22097,24425,9.921,1.105,6.770e-16,prime,0
3699,1,z:ilp,nat-oop,22646,24342,9.680,1.075,6.770e-16,prime,1
3700,1,z:ilp,nat-oop,7408,22619,29.602,3.053,6.357e-16,flat,0
3700,1,z:ilp,nat-oop,7362,22565,29.787,3.065,6.357e-16,flat,1
3701,1,z:ilp,nat-oop,22730,24431,9.651,1.075,7.507e-16,prime,0
3701,1,z:ilp,nat-oop,22251,24368,9.858,1.095,7.507e-16,prime,1
3702,1,z:ilp,nat-oop,22717,26427,9.659,1.163,6.997e-16,prime,0
3702,1,z:ilp,nat-oop,22156,24596,9.903,1.110,6.997e-16,prime,1
3703,1,z:ilp,nat-oop,8490,20910,25.853,2.463,6.166e-16,chain3,0
3703,1,z:ilp,nat-oop,8488,20854,25.859,2.457,6.166e-16,chain3,1
3704,1,z:ilp,nat-oop,22564,24346,9.730,1.079,6.506e-16,prime,0
3704,1,z:ilp,nat-oop,22552,24453,9.735,1.084,6.506e-16,prime,1
3705,1,z:ilp,nat-oop,6680,18027,32.879,2.699,6.094e-16,chain3,0
3705,1,z:ilp,nat-oop,6743,17961,32.570,2.664,6.094e-16,chain3,1
3706,1,z:ilp,nat-oop,22495,24396,9.766,1.084,5.615e-16,prime,0
3706,1,z:ilp,nat-oop,23111,24568,9.506,1.063,5.615e-16,prime,1
3707,1,z:ilp,nat-oop,22151,24396,9.921,1.101,8.464e-16,prime,0
3707,1,z:ilp,nat-oop,22162,24429,9.916,1.102,8.464e-16,prime,1
3708,1,z:ilp,nat-oop,22540,24353,9.752,1.080,6.308e-16,prime,0
3708,1,z:ilp,nat-oop,22482,24354,9.778,1.083,6.308e-16,prime,1
3709,1,z:ilp,nat-oop,22194,24635,9.907,1.110,5.541e-16,prime,0
3709,1,z:ilp,nat-oop,22156,24471,9.924,1.105,5.541e-16,prime,1
3710,1,z:ilp,nat-oop,22480,25360,9.784,1.128,5.565e-16,prime,0
3710,1,z:ilp,nat-oop,22561,25527,9.749,1.131,5.565e-16,prime,1
3711,1,z:ilp,nat-oop,22156,24474,9.931,1.105,6.845e-16,prime,0
3711,1,z:ilp,nat-oop,22694,26302,9.695,1.159,6.845e-16,prime,1
3712,1,z:ilp,nat-oop,8259,21345,26.646,2.584,5.132e-16,flat,0
3712,1,z:ilp,nat-oop,8268,21346,26.617,2.582,5.132e-16,flat,1
3713,1,z:ilp,nat-oop,22138,46046,9.945,2.080,5.053e-16,prime,0
3713,1,z:ilp,nat-oop,23140,46049,9.514,1.990,5.053e-16,prime,1
3714,1,z:ilp,nat-oop,23033,24372,9.561,1.058,6.694e-16,prime,0
3714,1,z:ilp,nat-oop,23219,24411,9.484,1.051,6.694e-16,prime,1
3715,1,z:ilp,nat-oop,22535,24413,9.775,1.083,7.188e-16,prime,0
3715,1,z:ilp,nat-oop,23441,24402,9.397,1.041,7.188e-16,prime,1
3716,1,z:ilp,nat-oop,22151,24345,9.948,1.099,6.613e-16,prime,0
3716,1,z:ilp,nat-oop,23109,24392,9.535,1.056,6.613e-16,prime,1
3717,1,z:ilp,nat-oop,23162,27971,9.516,1.208,6.069e-16,prime,0
3717,1,z:ilp,nat-oop,22469,28178,9.810,1.254,6.069e-16,prime,1
3718,1,z:ilp,nat-oop,9121,19965,24.172,2.189,1.052e-15,flat,0
3718,1,z:ilp,nat-oop,9009,19875,24.474,2.206,1.052e-15,flat,1
3719,1,z:ilp,nat-oop,22634,25846,9.744,1.142,8.023e-16,prime,0
3719,1,z:ilp,nat-oop,22555,24403,9.778,1.082,8.023e-16,prime,1
3720,1,z:ilp,nat-oop,6098,21845,36.180,3.582,6.326e-16,chain3,0
3720,1,z:ilp,nat-oop,6133,21943,35.974,3.578,6.326e-16,chain3,1
3721,1,z:ilp,nat-oop,22174,43731,9.952,1.972,7.056e-16,prime,0
3721,1,z:ilp,nat-oop,22164,43665,9.957,1.970,7.056e-16,prime,1
3722,1,z:ilp,nat-oop,22755,24419,9.701,1.073,7.000e-16,prime,0
3722,1,z:ilp,nat-oop,22142,24389,9.970,1.102,7.000e-16,prime,1
3723,1,z:ilp,nat-oop,22514,34533,9.808,1.534,4.797e-16,prime,0
3723,1,z:ilp,nat-oop,23468,34510,9.409,1.471,4.797e-16,prime,1
3724,1,z:ilp,nat-oop,6636,17451,33.284,2.630,7.854e-16,flat,0
3724,1,z:ilp,nat-oop,6684,17452,33.046,2.611,7.854e-16,flat,1
3725,1,z:ilp,nat-oop,22775,25985,9.702,1.141,6.521e-16,prime,0
3725,1,z:ilp,nat-oop,22804,24360,9.689,1.068,6.521e-16,prime,1
3726,1,z:ilp,nat-oop,9972,19117,22.164,1.917,5.429e-16,chain3,0
3726,1,z:ilp,nat-oop,9851,18981,22.435,1.927,5.429e-16,chain3,1
3727,1,z:ilp,nat-oop,22422,24520,9.860,1.094,6.823e-16,prime,0
3727,1,z:ilp,nat-oop,23066,24420,9.585,1.059,6.823e-16,prime,1
3728,1,z:ilp,nat-oop,23112,24465,9.569,1.059,7.102e-16,prime,0
3728,1,z:ilp,nat-oop,23051,24432,9.594,1.060,7.102e-16,prime,1
3729,1,z:ilp,nat-oop,22496,26305,9.834,1.169,7.659e-16,prime,0
3729,1,z:ilp,nat-oop,22500,24398,9.832,1.084,7.659e-16,prime,1
3730,1,z:ilp,nat-oop,23092,24403,9.583,1.057,7.406e-16,prime,0
3730,1,z:ilp,nat-oop,23168,24554,9.551,1.060,7.406e-16,prime,1
3731,1,z:ilp,nat-oop,8629,21376,25.652,2.477,6.828e-16,chain3,0
3731,1,z:ilp,nat-oop,8746,21418,25.309,2.449,6.828e-16,chain3,1
3732,1,z:ilp,nat-oop,29049,24407,7.622,0.840,8.674e-16,prime,0
3732,1,z:ilp,nat-oop,23102,24403,9.584,1.056,8.674e-16,prime,1
3733,1,z:ilp,nat-oop,23025,24370,9.619,1.058,9.873e-16,prime,0
3733,1,z:ilp,nat-oop,23093,24472,9.591,1.060,9.873e-16,prime,1
3734,1,z:ilp,nat-oop,22789,24391,9.722,1.070,6.891e-16,prime,0
3734,1,z:ilp,nat-oop,22777,24370,9.727,1.070,6.891e-16,prime,1
3735,1,z:ilp,nat-oop,22713,37378,9.757,1.646,5.733e-16,prime,0
3735,1,z:ilp,nat-oop,23067,37443,9.607,1.623,5.733e-16,prime,1
3736,1,z:ilp,nat-oop,28238,31301,7.850,1.108,6.453e-16,prime,0
3736,1,z:ilp,nat-oop,22437,24492,9.880,1.092,6.453e-16,prime,1
3737,1,z:ilp,nat-oop,22238,24493,9.972,1.101,8.700e-16,prime,0
3737,1,z:ilp,nat-oop,22197,24424,9.990,1.100,8.700e-16,prime,1
3738,1,z:ilp,nat-oop,22590,38851,9.819,1.720,5.770e-16,prime,0
3738,1,z:ilp,nat-oop,23122,38990,9.593,1.686,5.770e-16,prime,1
3739,1,z:ilp,nat-oop,23254,24356,9.542,1.047,7.608e-16,prime,0
3739,1,z:ilp,nat-oop,23256,24463,9.541,1.052,7.608e-16,prime,1
3740,1,z:ilp,nat-oop,6469,19586,34.310,3.028,6.380e-16,flat,0
3740,1,z:ilp,nat-oop,7145,19790,31.064,2.770,6.380e-16,flat,1
3741,1,z:ilp,nat-oop,11135,28740,19.939,2.581,3.538e-15,flat,0
3741,1,z:ilp,nat-oop,11128,28802,19.951,2.588,3.538e-15,flat,1
3742,1,z:ilp,nat-oop,22486,26527,9.877,1.180,7.049e-16,prime,0
3742,1,z:ilp,nat-oop,22414,24462,9.908,1.091,7.049e-16,prime,1
3743,1,z:ilp,nat-oop,22691,24377,9.790,1.074,7.033e-16,prime,0
3743,1,z:ilp,nat-oop,23123,24454,9.607,1.058,7.033e-16,prime,1
3744,1,z:ilp,nat-oop,4632,16436,47.977,3.549,5.698e-16,chain3,0
3744,1,z:ilp,nat-oop,4824,16332,46.066,3.386,5.698e-16,chain3,1
3745,1,z:ilp,nat-oop,23557,24391,9.436,1.035,7.018e-16,prime,0
3745,1,z:ilp,nat-oop,23110,24391,9.618,1.055,7.018e-16,prime,1
3746,1,z:ilp,nat-oop,22794,24394,9.755,1.070,7.154e-16,prime,0
3746,1,z:ilp,nat-oop,22786,24441,9.758,1.073,7.154e-16,prime,1
3747,1,z:ilp,nat-oop,23131,24460,9.615,1.057,8.044e-16,prime,0
3747,1,z:ilp,nat-oop,23072,24517,9.640,1.063,8.044e-16,prime,1
3748,1,z:ilp,nat-oop,22156,26326,10.041,1.188,6.590e-16,prime,0
3748,1,z:ilp,nat-oop,22687,24386,9.806,1.075,6.590e-16,prime,1
3749,1,z:ilp,nat-oop,22718,24389,9.796,1.074,6.625e-16,prime,0
3749,1,z:ilp,nat-oop,22157,24474,10.044,1.105,6.625e-16,prime,1
3750,1,z:ilp,nat-oop,5832,12600,38.169,2.160,4.561e-16,chain3,0
3750,1,z:ilp,nat-oop,5833,12562,38.162,2.154,4.561e-16,chain3,1
3751,1,z:ilp,nat-oop,10674,21808,20.861,2.043,8.850e-16,flat,0
3751,1,z:ilp,nat-oop,11013,21767,20.219,1.976,8.850e-16,flat,1
3752,1,z:ilp,nat-oop,31908,33792,6.981,1.059,4.635e-16,prime,0
3752,1,z:ilp,nat-oop,22666,33922,9.827,1.497,4.635e-16,prime,1
3753,1,z:ilp,nat-oop,22568,24425,9.873,1.082,7.097e-16,prime,0
3753,1,z:ilp,nat-oop,23135,24415,9.631,1.055,7.097e-16,prime,1
3754,1,z:ilp,nat-oop,22571,24464,9.875,1.084,6.031e-16,prime,0
3754,1,z:ilp,nat-oop,32345,28435,6.891,0.879,6.031e-16,prime,1
3755,1,z:ilp,nat-oop,24186,26382,9.218,1.091,5.480e-16,prime,0
3755,1,z:ilp,nat-oop,22712,24490,9.816,1.078,5.480e-16,prime,1
3756,1,z:ilp,nat-oop,23045,26491,9.677,1.150,7.477e-16,prime,0
3756,1,z:ilp,nat-oop,23496,24448,9.491,1.041,7.477e-16,prime,1
3757,1,z:ilp,nat-oop,7585,19236,29.412,2.536,8.506e-16,chain3,0
3757,1,z:ilp,nat-oop,7444,19256,29.969,2.587,8.506e-16,chain3,1
3758,1,z:ilp,nat-oop,22566,26291,9.888,1.165,7.536e-16,prime,0
3758,1,z:ilp,nat-oop,22568,24616,9.888,1.091,7.536e-16,prime,1
3759,1,z:ilp,nat-oop,22798,24474,9.791,1.073,7.243e-16,prime,0
3759,1,z:ilp,nat-oop,22640,24468,9.859,1.081,7.243e-16,prime,1
3760,1,z:ilp,nat-oop,7959,27408,28.054,3.444,4.314e-16,chain3,0
3760,1,z:ilp,nat-oop,7948,27464,28.093,3.456,4.314e-16,chain3,1
3761,1,z:ilp,nat-oop,23076,26774,9.679,1.160,7.451e-16,prime,0
3761,1,z:ilp,nat-oop,22616,24437,9.876,1.081,7.451e-16,prime,1
3762,1,z:ilp,nat-oop,8817,20934,25.338,2.374,8.906e-16,flat,0
3762,1,z:ilp,nat-oop,8782,20864,25.441,2.376,8.906e-16,flat,1
3763,1,z:ilp,nat-oop,22719,45388,9.837,1.998,6.032e-16,prime,0
3763,1,z:ilp,nat-oop,22098,45610,10.113,2.064,6.032e-16,prime,1
3764,1,z:ilp,nat-oop,22846,24573,9.785,1.076,5.229e-16,prime,0
3764,1,z:ilp,nat-oop,22746,24454,9.828,1.075,5.229e-16,prime,1
3765,1,z:ilp,nat-oop,23131,27290,9.667,1.180,9.782e-16,prime,0
3765,1,z:ilp,nat-oop,23102,24518,9.679,1.061,9.782e-16,prime,1
3766,1,z:ilp,nat-oop,22534,24432,9.926,1.084,5.518e-16,prime,0
3766,1,z:ilp,nat-oop,22509,24397,9.937,1.084,5.518e-16,prime,1
3767,1,z:ilp,nat-oop,22696,24465,9.858,1.078,5.617e-16,prime,0
3767,1,z:ilp,nat-oop,23126,24411,9.675,1.056,5.617e-16,prime,1
3768,1,z:ilp,nat-oop,22755,24406,9.836,1.073,6.564e-16,prime,0
3768,1,z:ilp,nat-oop,22823,24414,9.806,1.070,6.564e-16,prime,1
3769,1,z:ilp,nat-oop,23149,24537,9.671,1.060,6.340e-16,prime,0
3769,1,z:ilp,nat-oop,22551,26052,9.928,1.155,6.340e-16,prime,1
3770,1,z:ilp,nat-oop,9075,21447,24.677,2.363,7.144e-16,chain3,0
3770,1,z:ilp,nat-oop,9009,21387,24.858,2.374,7.144e-16,chain3,1
3771,1,z:ilp,nat-oop,22216,24378,10.083,1.097,8.902e-16,prime,0
3771,1,z:ilp,nat-oop,22731,24416,9.855,1.074,8.902e-16,prime,1
3772,1,z:ilp,nat-oop,9770,30435,22.935,3.115,2.348e-15,flat,0
3772,1,z:ilp,nat-oop,9716,30243,23.062,3.113,2.348e-15,flat,1
3773,1,z:ilp,nat-oop,7166,11957,31.278,1.668,7.631e-16,flat,0
3773,1,z:ilp,nat-oop,7309,12059,30.666,1.650,7.631e-16,flat,1
3774,1,z:ilp,nat-oop,8362,26144,26.812,3.126,5.627e-16,chain3,0
3774,1,z:ilp,nat-oop,8266,26125,27.123,3.160,5.627e-16,chain3,1
3775,1,z:ilp,nat-oop,23103,24352,9.708,1.054,7.561e-16,prime,0
3775,1,z:ilp,nat-oop,31724,24539,7.070,0.774,7.561e-16,prime,1
3776,1,z:ilp,nat-oop,22561,31811,9.944,1.410,5.539e-16,prime,0
3776,1,z:ilp,nat-oop,22960,31888,9.771,1.389,5.539e-16,prime,1
3777,1,z:ilp,nat-oop,22613,24423,9.924,1.080,6.288e-16,prime,0
3777,1,z:ilp,nat-oop,22594,24399,9.932,1.080,6.288e-16,prime,1
3778,1,z:ilp,nat-oop,22777,24445,9.855,1.073,7.061e-16,prime,0
3778,1,z:ilp,nat-oop,22196,24402,10.114,1.099,7.061e-16,prime,1
3779,1,z:ilp,nat-oop,26665,24455,8.421,0.917,8.177e-16,prime,0
3779,1,z:ilp,nat-oop,22538,24404,9.963,1.083,8.177e-16,prime,1
3780,1,z:ilp,nat-oop,6597,13332,34.046,2.021,5.502e-16,chain3,0
3780,1,z:ilp,nat-oop,5282,13334,42.525,2.524,5.502e-16,chain3,1
3781,1,z:ilp,nat-oop,22519,25903,9.977,1.150,5.899e-16,prime,0
3781,1,z:ilp,nat-oop,23102,24492,9.726,1.060,5.899e-16,prime,1
3782,1,z:ilp,nat-oop,29040,36436,7.739,1.255,5.948e-16,prime,0
3782,1,z:ilp,nat-oop,22565,36572,9.960,1.621,5.948e-16,prime,1
3783,1,z:ilp,nat-oop,28830,41495,7.798,1.439,7.763e-16,prime,0
3783,1,z:ilp,nat-oop,23113,41529,9.727,1.797,7.763e-16,prime,1
3784,1,z:ilp,nat-oop,8353,28773,26.922,3.445,5.410e-16,chain3,0
3784,1,z:ilp,nat-oop,8109,28853,27.732,3.558,5.410e-16,chain3,1
3785,1,z:ilp,nat-oop,23164,24357,9.711,1.052,7.088e-16,prime,0
3785,1,z:ilp,nat-oop,22177,24633,10.143,1.111,7.088e-16,prime,1
3786,1,z:ilp,nat-oop,22783,24454,9.876,1.073,7.400e-16,prime,0
3786,1,z:ilp,nat-oop,22742,26485,9.894,1.165,7.400e-16,prime,1
3787,1,z:ilp,nat-oop,22674,24487,9.927,1.080,5.654e-16,prime,0
3787,1,z:ilp,nat-oop,22706,24351,9.913,1.072,5.654e-16,prime,1
3788,1,z:ilp,nat-oop,23323,24473,9.653,1.049,8.400e-16,prime,0
3788,1,z:ilp,nat-oop,22532,25871,9.992,1.148,8.400e-16,prime,1
3789,1,z:ilp,nat-oop,22527,24431,9.997,1.085,6.019e-16,prime,0
3789,1,z:ilp,nat-oop,22520,24359,10.000,1.082,6.019e-16,prime,1
3790,1,z:ilp,nat-oop,22107,24440,10.190,1.106,5.561e-16,prime,0
3790,1,z:ilp,nat-oop,22115,24511,10.187,1.108,5.561e-16,prime,1
3791,1,z:ilp,nat-oop,22559,24509,9.989,1.086,6.455e-16,prime,0
3791,1,z:ilp,nat-oop,22557,24377,9.990,1.081,6.455e-16,prime,1
3792,1,z:ilp,nat-oop,22775,39045,9.897,1.714,5.296e-16,prime,0
3792,1,z:ilp,nat-oop,22140,38959,10.181,1.760,5.296e-16,prime,1
3793,1,z:ilp,nat-oop,22210,24812,10.152,1.117,7.104e-16,prime,0
3793,1,z:ilp,nat-oop,22238,24411,10.139,1.098,7.104e-16,prime,1
3794,1,z:ilp,nat-oop,23445,24443,9.620,1.043,4.641e-16,prime,0
3794,1,z:ilp,nat-oop,23455,24392,9.616,1.040,4.641e-16,prime,1
3795,1,z:ilp,nat-oop,7198,19591,31.345,2.722,6.220e-16,chain3,0
3795,1,z:ilp,nat-oop,7068,19548,31.919,2.766,6.220e-16,chain3,1
3796,1,z:ilp,nat-oop,22122,37175,10.201,1.680,6.510e-16,prime,0
3796,1,z:ilp,nat-oop,22743,37305,9.923,1.640,6.510e-16,prime,1
3797,1,z:ilp,nat-oop,23154,26170,9.750,1.130,6.633e-16,prime,0
3797,1,z:ilp,nat-oop,22521,32996,10.024,1.465,6.633e-16,prime,1
3798,1,z:ilp,nat-oop,22738,24483,9.931,1.077,5.838e-16,prime,0
3798,1,z:ilp,nat-oop,22591,24610,9.995,1.089,5.838e-16,prime,1
3799,1,z:ilp,nat-oop,22509,24449,10.035,1.086,7.102e-16,prime,0
3799,1,z:ilp,nat-oop,23133,24534,9.764,1.061,7.102e-16,prime,1
3800,1,z:ilp,nat-oop,6897,18170,32.759,2.634,6.653e-16,flat,0
3800,1,z:ilp,nat-oop,6662,18156,33.914,2.725,6.653e-16,flat,1
3801,1,z:ilp,nat-oop,22871,24359,9.882,1.065,5.852e-16,prime,0
3801,1,z:ilp,nat-oop,22760,24503,9.930,1.077,5.852e-16,prime,1
3802,1,z:ilp,nat-oop,22745,24449,9.940,1.075,7.302e-16,prime,0
3802,1,z:ilp,nat-oop,22213,24441,10.178,1.100,7.302e-16,prime,1
3803,1,z:ilp,nat-oop,22216,24432,10.179,1.100,8.065e-16,prime,0
3803,1,z:ilp,nat-oop,22698,24585,9.963,1.083,8.065e-16,prime,1
3804,1,z:ilp,nat-oop,22177,24412,10.200,1.101,8.948e-16,prime,0
3804,1,z:ilp,nat-oop,22168,24580,10.204,1.109,8.948e-16,prime,1
3805,1,z:ilp,nat-oop,22510,24357,10.052,1.082,7.423e-16,prime,0
3805,1,z:ilp,nat-oop,22611,24466,10.007,1.082,7.423e-16,prime,1
3806,1,z:ilp,nat-oop,21705,24478,10.428,1.128,7.036e-16,prime,0
3806,1,z:ilp,nat-oop,21932,30281,10.320,1.381,7.036e-16,prime,1
3807,1,z:ilp,nat-oop,20966,26149,10.799,1.247,6.402e-16,chain3,0
3807,1,z:ilp,nat-oop,14866,26096,15.230,1.755,6.402e-16,chain3,1
3808,1,z:ilp,nat-oop,5089,17795,44.504,3.497,5.245e-16,chain3,0
3808,1,z:ilp,nat-oop,5496,17823,41.209,3.243,5.245e-16,chain3,1
3809,1,z:ilp,nat-oop,22499,24658,10.069,1.096,6.629e-16,prime,0
3809,1,z:ilp,nat-oop,23126,24377,9.796,1.054,6.629e-16,prime,1
3810,1,z:ilp,nat-oop,22502,24491,10.071,1.088,5.691e-16,prime,0
3810,1,z:ilp,nat-oop,23160,24448,9.785,1.056,5.691e-16,prime,1
3811,1,z:ilp,nat-oop,22745,24463,9.966,1.076,7.113e-16,prime,0
3811,1,z:ilp,nat-oop,22279,24381,10.174,1.094,7.113e-16,prime,1
3812,1,z:ilp,nat-oop,23188,24477,9.779,1.056,8.053e-16,prime,0
3812,1,z:ilp,nat-oop,22594,24509,10.036,1.085,8.053e-16,prime,1
3813,1,z:ilp,nat-oop,12179,29196,18.623,2.397,2.524e-15,flat,0
3813,1,z:ilp,nat-oop,11331,29231,20.017,2.580,2.524e-15,flat,1
3814,1,z:ilp,nat-oop,22704,24441,9.993,1.076,6.359e-16,prime,0
3814,1,z:ilp,nat-oop,22177,24450,10.230,1.102,6.359e-16,prime,1
3815,1,z:ilp,nat-oop,22602,24397,10.041,1.079,6.298e-16,prime,0
3815,1,z:ilp,nat-oop,22523,24448,10.076,1.085,6.298e-16,prime,1
3816,1,z:ilp,nat-oop,23169,29489,9.798,1.273,5.123e-16,prime,0
3816,1,z:ilp,nat-oop,23228,29278,9.773,1.260,5.123e-16,prime,1
3817,1,z:ilp,nat-oop,22710,24424,9.999,1.075,7.180e-16,prime,0
3817,1,z:ilp,nat-oop,27471,24485,8.266,0.891,7.180e-16,prime,1
3818,1,z:ilp,nat-oop,23120,42326,9.825,1.831,4.817e-16,prime,0
3818,1,z:ilp,nat-oop,22208,42402,10.228,1.909,4.817e-16,prime,1
3819,1,z:ilp,nat-oop,22461,35234,10.116,1.569,6.560e-16,prime,0
3819,1,z:ilp,nat-oop,22683,34998,10.017,1.543,6.560e-16,prime,1
3820,1,z:ilp,nat-oop,22228,24452,10.225,1.100,8.276e-16,prime,0
3820,1,z:ilp,nat-oop,22221,24493,10.228,1.102,8.276e-16,prime,1
3821,1,z:ilp,nat-oop,22841,24441,9.953,1.070,8.644e-16,prime,0
3821,1,z:ilp,nat-oop,22742,24543,9.997,1.079,8.644e-16,prime,1
3822,1,z:ilp,nat-oop,8824,15434,25.773,1.749,7.132e-16,flat,0
3822,1,z:ilp,nat-oop,8461,15440,26.878,1.825,7.132e-16,flat,1
3823,1,z:ilp,nat-oop,23217,24575,9.798,1.058,6.152e-16,prime,0
3823,1,z:ilp,nat-oop,23151,24644,9.826,1.064,6.152e-16,prime,1
3824,1,z:ilp,nat-oop,28154,24371,8.082,0.866,7.130e-16,prime,0
3824,1,z:ilp,nat-oop,23113,24395,9.845,1.055,7.130e-16,prime,1
3825,1,z:ilp,nat-oop,7859,15670,28.961,1.994,8.554e-16,chain3,0
3825,1,z:ilp,nat-oop,7959,15553,28.598,1.954,8.554e-16,chain3,1
3826,1,z:ilp,nat-oop,22832,24449,9.972,1.071,8.687e-16,prime,0
3826,1,z:ilp,nat-oop,22731,24503,10.016,1.078,8.687e-16,prime,1
3827,1,z:ilp,nat-oop,23168,48384,9.830,2.088,4.914e-16,prime,0
3827,1,z:ilp,nat-oop,22214,48477,10.252,2.182,4.914e-16,prime,1
3828,1,z:ilp,nat-oop,6653,24361,34.240,3.661,6.018e-16,chain3,0
3828,1,z:ilp,nat-oop,6490,24477,35.102,3.771,6.018e-16,chain3,1
3829,1,z:ilp,nat-oop,23199,24632,9.823,1.062,8.226e-16,prime,0
3829,1,z:ilp,nat-oop,22215,24416,10.258,1.099,8.226e-16,prime,1
3830,1,z:ilp,nat-oop,23552,24368,9.678,1.035,7.588e-16,prime,0
3830,1,z:ilp,nat-oop,22616,24461,10.079,1.082,7.588e-16,prime,1
3831,1,z:ilp,nat-oop,22810,24435,9.996,1.071,8.030e-16,prime,0
3831,1,z:ilp,nat-oop,22757,24443,10.019,1.074,8.030e-16,prime,1
3832,1,z:ilp,nat-oop,22731,24442,10.034,1.075,5.747e-16,prime,0
3832,1,z:ilp,nat-oop,22681,24588,10.056,1.084,5.747e-16,prime,1
3833,1,z:ilp,nat-oop,22803,24428,10.005,1.071,7.297e-16,prime,0
3833,1,z:ilp,nat-oop,22505,24475,10.138,1.088,7.297e-16,prime,1
3834,1,z:ilp,nat-oop,21775,36055,10.480,1.656,4.941e-16,prime,0
3834,1,z:ilp,nat-oop,21781,36051,10.477,1.655,4.941e-16,prime,1
3835,1,z:ilp,nat-oop,22591,29122,10.105,1.289,5.737e-16,prime,0
3835,1,z:ilp,nat-oop,22541,29122,10.127,1.292,5.737e-16,prime,1
3836,1,z:ilp,nat-oop,22267,24429,10.255,1.097,5.011e-16,prime,0
3836,1,z:ilp,nat-oop,22182,24332,10.294,1.097,5.011e-16,prime,1
3837,1,z:ilp,nat-oop,22812,24536,10.013,1.076,7.580e-16,prime,0
3837,1,z:ilp,nat-oop,23166,24393,9.860,1.053,7.580e-16,prime,1
3838,1,z:ilp,nat-oop,22751,24410,10.042,1.073,6.200e-16,prime,0
3838,1,z:ilp,nat-oop,22709,24323,10.061,1.071,6.200e-16,prime,1
3839,1,z:ilp,nat-oop,22600,24474,10.113,1.083,7.206e-16,prime,0
3839,1,z:ilp,nat-oop,23125,24678,9.883,1.067,7.206e-16,prime,1
3840,1,z:ilp,nat-oop,4124,15050,55.431,3.649,4.056e-16,ztt,0
3840,1,z:ilp,nat-oop,4098,15003,55.788,3.661,4.056e-16,ztt,1
3841,1,z:ilp,nat-oop,22562,24584,10.135,1.090,7.235e-16,prime,0
3841,1,z:ilp,nat-oop,23036,24439,9.927,1.061,7.235e-16,prime,1
3842,1,z:ilp,nat-oop,33547,30309,6.819,0.903,6.433e-16,prime,0
3842,1,z:ilp,nat-oop,22805,24516,10.030,1.075,6.433e-16,prime,1
3843,1,z:ilp,nat-oop,23108,29902,9.902,1.294,5.516e-16,prime,0
3843,1,z:ilp,nat-oop,23161,29933,9.879,1.292,5.516e-16,prime,1
3844,1,z:ilp,nat-oop,9288,30781,24.642,3.314,7.083e-16,chain3,0
3844,1,z:ilp,nat-oop,9117,30673,25.105,3.364,7.083e-16,chain3,1
3845,1,z:ilp,nat-oop,22213,24447,10.307,1.101,7.368e-16,prime,0
3845,1,z:ilp,nat-oop,22186,24384,10.320,1.099,7.368e-16,prime,1
3846,1,z:ilp,nat-oop,22748,24492,10.067,1.077,7.783e-16,prime,0
3846,1,z:ilp,nat-oop,22156,31110,10.336,1.404,7.783e-16,prime,1
3847,1,z:ilp,nat-oop,23177,26652,9.884,1.150,6.946e-16,prime,0
3847,1,z:ilp,nat-oop,22525,24495,10.170,1.087,6.946e-16,prime,1
3848,1,z:ilp,nat-oop,11507,27332,19.913,2.375,6.598e-16,chain3,0
3848,1,z:ilp,nat-oop,11404,27485,20.093,2.410,6.598e-16,chain3,1
3849,1,z:ilp,nat-oop,23124,24382,9.912,1.054,5.536e-16,prime,0
3849,1,z:ilp,nat-oop,22491,24403,10.191,1.085,5.536e-16,prime,1
3850,1,z:ilp,nat-oop,7898,14455,29.029,1.830,5.775e-16,flat,0
3850,1,z:ilp,nat-oop,7898,14551,29.029,1.842,5.775e-16,flat,1
3851,1,z:ilp,nat-oop,22522,24426,10.183,1.085,7.795e-16,prime,0
3851,1,z:ilp,nat-oop,23106,24423,9.926,1.057,7.795e-16,prime,1
3852,1,z:ilp,nat-oop,23133,24402,9.917,1.055,6.946e-16,prime,0
3852,1,z:ilp,nat-oop,22960,24371,9.992,1.061,6.946e-16,prime,1
3853,1,z:ilp,nat-oop,22648,24579,10.132,1.085,7.974e-16,prime,0
3853,1,z:ilp,nat-oop,22516,24431,10.192,1.085,7.974e-16,prime,1
3854,1,z:ilp,nat-oop,13395,35283,17.137,2.634,2.963e-15,flat,0
3854,1,z:ilp,nat-oop,13132,35486,17.480,2.702,2.963e-15,flat,1
3855,1,z:ilp,nat-oop,22684,24565,10.122,1.083,7.229e-16,prime,0
3855,1,z:ilp,nat-oop,22740,24451,10.097,1.075,7.229e-16,prime,1
3856,1,z:ilp,nat-oop,22774,24731,10.085,1.086,6.143e-16,prime,0
3856,1,z:ilp,nat-oop,22187,25695,10.352,1.158,6.143e-16,prime,1
3857,1,z:ilp,nat-oop,8786,21646,26.149,2.464,6.498e-16,chain3,0
3857,1,z:ilp,nat-oop,8632,21540,26.616,2.495,6.498e-16,chain3,1
3858,1,z:ilp,nat-oop,22225,24497,10.341,1.102,7.163e-16,prime,0
3858,1,z:ilp,nat-oop,22198,24430,10.353,1.101,7.163e-16,prime,1
3859,1,z:ilp,nat-oop,22747,24433,10.106,1.074,5.551e-16,prime,0
3859,1,z:ilp,nat-oop,22173,24441,10.368,1.102,5.551e-16,prime,1
3860,1,z:ilp,nat-oop,23130,24694,9.942,1.068,7.444e-16,prime,0
3860,1,z:ilp,nat-oop,31967,28404,7.193,0.889,7.444e-16,prime,1
3861,1,z:ilp,nat-oop,8804,18029,26.127,2.048,9.949e-16,flat,0
3861,1,z:ilp,nat-oop,8550,18087,26.901,2.115,9.949e-16,flat,1
3862,1,z:ilp,nat-oop,22759,24412,10.109,1.073,7.544e-16,prime,0
3862,1,z:ilp,nat-oop,22755,27338,10.111,1.201,7.544e-16,prime,1
3863,1,z:ilp,nat-oop,22738,24447,10.122,1.075,9.720e-16,prime,0
3863,1,z:ilp,nat-oop,23036,24567,9.991,1.066,9.720e-16,prime,1
3864,1,z:ilp,nat-oop,7846,20177,29.341,2.572,8.038e-16,flat,0
3864,1,z:ilp,nat-oop,8233,20249,27.962,2.459,8.038e-16,flat,1
3865,1,z:ilp,nat-oop,22327,27269,10.314,1.221,8.581e-16,prime,0
3865,1,z:ilp,nat-oop,22603,24397,10.188,1.079,8.581e-16,prime,1
3866,1,z:ilp,nat-oop,22558,24684,10.211,1.094,6.916e-16,prime,0
3866,1,z:ilp,nat-oop,22564,24454,10.209,1.084,6.916e-16,prime,1
3867,1,z:ilp,nat-oop,22575,24366,10.207,1.079,6.638e-16,prime,0
3867,1,z:ilp,nat-oop,27871,24331,8.267,0.873,6.638e-16,prime,1
3868,1,z:ilp,nat-oop,22739,24434,10.136,1.075,7.758e-16,prime,0
3868,1,z:ilp,nat-oop,22251,24434,10.358,1.098,7.758e-16,prime,1
3869,1,z:ilp,nat-oop,22547,46691,10.225,2.071,5.760e-16,prime,0
3869,1,z:ilp,nat-oop,22573,46786,10.214,2.073,5.760e-16,prime,1
3870,1,z:ilp,nat-oop,8243,25932,27.976,3.146,5.951e-16,chain3,0
3870,1,z:ilp,nat-oop,8156,25835,28.277,3.168,5.951e-16,chain3,1
3871,1,z:ilp,nat-oop,22556,32878,10.227,1.458,6.038e-16,prime,0
3871,1,z:ilp,nat-oop,23189,32878,9.948,1.418,6.038e-16,prime,1
3872,1,z:ilp,nat-oop,5449,19707,42.347,3.617,4.177e-16,chain3,0
3872,1,z:ilp,nat-oop,5385,19739,42.847,3.665,4.177e-16,chain3,1
3873,1,z:ilp,nat-oop,23485,27055,9.828,1.152,6.442e-16,prime,0
3873,1,z:ilp,nat-oop,23488,24468,9.827,1.042,6.442e-16,prime,1
3874,1,z:ilp,nat-oop,23590,24456,9.787,1.037,6.355e-16,prime,0
3874,1,z:ilp,nat-oop,22994,24412,10.041,1.062,6.355e-16,prime,1
3875,1,z:ilp,nat-oop,8534,20098,27.061,2.355,7.082e-16,chain3,0
3875,1,z:ilp,nat-oop,9151,20191,25.236,2.206,7.082e-16,chain3,1
3876,1,z:ilp,nat-oop,6999,24041,33.005,3.435,6.211e-16,chain3,0
3876,1,z:ilp,nat-oop,6689,24073,34.536,3.599,6.211e-16,chain3,1
3877,1,z:ilp,nat-oop,22819,24524,10.127,1.075,7.106e-16,prime,0
3877,1,z:ilp,nat-oop,22248,24423,10.387,1.098,7.106e-16,prime,1
3878,1,z:ilp,nat-oop,23180,24423,9.972,1.054,6.345e-16,prime,0
3878,1,z:ilp,nat-oop,23228,24481,9.951,1.054,6.345e-16,prime,1
3879,1,z:ilp,nat-oop,28779,24360,8.034,0.846,6.771e-16,prime,0
3879,1,z:ilp,nat-oop,22857,24515,10.116,1.073,6.771e-16,prime,1
3880,1,z:ilp,nat-oop,22995,45029,10.058,1.958,5.251e-16,prime,0
3880,1,z:ilp,nat-oop,22980,44903,10.064,1.954,5.251e-16,prime,1
3881,1,z:ilp,nat-oop,34027,29945,6.799,0.880,7.428e-16,prime,0
3881,1,z:ilp,nat-oop,22585,24466,10.244,1.083,7.428e-16,prime,1
3882,1,z:ilp,nat-oop,22154,24472,10.446,1.105,6.352e-16,prime,0
3882,1,z:ilp,nat-oop,22685,24459,10.201,1.078,6.352e-16,prime,1
3883,1,z:ilp,nat-oop,27787,24521,8.331,0.882,6.448e-16,prime,0
3883,1,z:ilp,nat-oop,22971,24483,10.077,1.066,6.448e-16,prime,1
3884,1,z:ilp,nat-oop,22498,24425,10.292,1.086,6.680e-16,prime,0
3884,1,z:ilp,nat-oop,22484,24508,10.299,1.090,6.680e-16,prime,1
3885,1,z:ilp,nat-oop,8815,20934,26.275,2.375,4.979e-16,chain3,0
3885,1,z:ilp,nat-oop,8585,21108,26.979,2.459,4.979e-16,chain3,1
3886,1,z:ilp,nat-oop,28997,38980,7.990,1.344,6.267e-16,prime,0
3886,1,z:ilp,nat-oop,22569,38908,10.265,1.724,6.267e-16,prime,1
3887,1,z:ilp,nat-oop,9101,20765,25.464,2.282,9.087e-16,flat,0
3887,1,z:ilp,nat-oop,8652,20673,26.786,2.389,9.087e-16,flat,1
3888,1,z:ilp,nat-oop,4572,15524,50.700,3.395,4.556e-16,ztt,0
3888,1,z:ilp,nat-oop,4472,15486,51.833,3.463,4.556e-16,ztt,1
3889,1,z:ilp,nat-oop,16030,24503,14.466,1.529,1.491e-15,prime,0
3889,1,z:ilp,nat-oop,16170,24422,14.340,1.510,1.491e-15,prime,1
3890,1,z:ilp,nat-oop,23228,24463,9.986,1.053,6.239e-16,prime,0
3890,1,z:ilp,nat-oop,23088,24496,10.046,1.061,6.239e-16,prime,1
3891,1,z:ilp,nat-oop,23501,24509,9.873,1.043,7.302e-16,prime,0
3891,1,z:ilp,nat-oop,22579,24473,10.276,1.084,7.302e-16,prime,1
3892,1,z:ilp,nat-oop,22272,24487,10.421,1.099,6.259e-16,prime,0
3892,1,z:ilp,nat-oop,22157,24469,10.474,1.104,6.259e-16,prime,1
3893,1,z:ilp,nat-oop,22597,27707,10.273,1.226,6.603e-16,prime,0
3893,1,z:ilp,nat-oop,22615,25855,10.266,1.143,6.603e-16,prime,1
3894,1,z:ilp,nat-oop,23078,32804,10.062,1.421,4.978e-16,prime,0
3894,1,z:ilp,nat-oop,23001,32749,10.096,1.424,4.978e-16,prime,1
3895,1,z:ilp,nat-oop,10481,25472,22.163,2.430,5.051e-16,chain3,0
3895,1,z:ilp,nat-oop,14095,25689,16.480,1.823,5.051e-16,chain3,1
3896,1,z:ilp,nat-oop,23154,25059,10.035,1.082,7.979e-16,prime,0
3896,1,z:ilp,nat-oop,22596,24416,10.283,1.081,7.979e-16,prime,1
3897,1,z:ilp,nat-oop,22971,24467,10.118,1.065,6.075e-16,prime,0
3897,1,z:ilp,nat-oop,23038,24498,10.088,1.063,6.075e-16,prime,1
3898,1,z:ilp,nat-oop,22236,24424,10.456,1.098,6.732e-16,prime,0
3898,1,z:ilp,nat-oop,31828,24458,7.304,0.768,6.732e-16,prime,1
3899,1,z:ilp,nat-oop,22606,24415,10.287,1.080,7.974e-16,prime,0
3899,1,z:ilp,nat-oop,22506,24464,10.333,1.087,7.974e-16,prime,1
3900,1,z:ilp,nat-oop,5864,16472,39.668,2.809,6.990e-16,chain3,0
3900,1,z:ilp,nat-oop,5798,16426,40.118,2.833,6.990e-16,chain3,1
3901,1,z:ilp,nat-oop,22149,49461,10.506,2.233,6.603e-16,prime,0
3901,1,z:ilp,nat-oop,22255,49525,10.456,2.225,6.603e-16,prime,1
3902,1,z:ilp,nat-oop,22583,24410,10.307,1.081,7.882e-16,prime,0
3902,1,z:ilp,nat-oop,23144,24461,10.057,1.057,7.882e-16,prime,1
3903,1,z:ilp,nat-oop,23140,24407,10.061,1.055,7.866e-16,prime,0
3903,1,z:ilp,nat-oop,23176,24561,10.046,1.060,7.866e-16,prime,1
3904,1,z:ilp,nat-oop,22865,33515,10.185,1.466,4.405e-16,prime,0
3904,1,z:ilp,nat-oop,22744,33665,10.240,1.480,4.405e-16,prime,1
3905,1,z:ilp,nat-oop,22932,33840,10.158,1.476,5.695e-16,prime,0
3905,1,z:ilp,nat-oop,22948,34009,10.152,1.482,5.695e-16,prime,1
3906,1,z:ilp,nat-oop,8184,22579,28.472,2.759,6.351e-16,chain3,0
3906,1,z:ilp,nat-oop,9147,22454,25.474,2.455,6.351e-16,chain3,1
3907,1,z:ilp,nat-oop,22563,29743,10.331,1.318,8.603e-16,prime,0
3907,1,z:ilp,nat-oop,22557,24472,10.334,1.085,8.603e-16,prime,1
3908,1,z:ilp,nat-oop,23286,24525,10.013,1.053,8.091e-16,prime,0
3908,1,z:ilp,nat-oop,22649,24588,10.294,1.086,8.091e-16,prime,1
3909,1,z:ilp,nat-oop,22861,24407,10.202,1.068,5.493e-16,prime,0
3909,1,z:ilp,nat-oop,22703,24448,10.273,1.077,5.493e-16,prime,1
3910,1,z:ilp,nat-oop,8216,22711,28.394,2.764,7.222e-16,chain3,0
3910,1,z:ilp,nat-oop,10044,22674,23.227,2.257,7.222e-16,chain3,1
3911,1,z:ilp,nat-oop,23171,24620,10.071,1.062,7.456e-16,prime,0
3911,1,z:ilp,nat-oop,23231,24360,10.045,1.049,7.456e-16,prime,1
3912,1,z:ilp,nat-oop,22251,24430,10.491,1.098,6.375e-16,prime,0
3912,1,z:ilp,nat-oop,22866,25662,10.208,1.122,6.375e-16,prime,1
3913,1,z:ilp,nat-oop,14172,23903,16.476,1.687,7.580e-16,chain3,0
3913,1,z:ilp,nat-oop,18343,24045,12.729,1.311,7.580e-16,chain3,1
3914,1,z:ilp,nat-oop,23163,24442,10.083,1.055,5.860e-16,prime,0
3914,1,z:ilp,nat-oop,28758,24495,8.121,0.852,5.860e-16,prime,1
3915,1,z:ilp,nat-oop,9478,20333,24.650,2.145,6.511e-16,flat,0
3915,1,z:ilp,nat-oop,9873,20266,23.663,2.053,6.511e-16,flat,1
3916,1,z:ilp,nat-oop,22148,43476,10.551,1.963,5.164e-16,prime,0
3916,1,z:ilp,nat-oop,22152,43425,10.549,1.960,5.164e-16,prime,1
3917,1,z:ilp,nat-oop,22586,24480,10.350,1.084,7.843e-16,prime,0
3917,1,z:ilp,nat-oop,22605,24522,10.341,1.085,7.843e-16,prime,1
3918,1,z:ilp,nat-oop,22686,26355,10.307,1.162,6.668e-16,prime,0
3918,1,z:ilp,nat-oop,22816,24547,10.248,1.076,6.668e-16,prime,1
3919,1,z:ilp,nat-oop,22270,24486,10.503,1.100,6.414e-16,prime,0
3919,1,z:ilp,nat-oop,21798,24590,10.730,1.128,6.414e-16,prime,1
3920,1,z:ilp,nat-oop,4233,14076,55.268,3.325,3.805e-16,ztt,0
3920,1,z:ilp,nat-oop,4246,14046,55.100,3.308,3.805e-16,ztt,1
3921,1,z:ilp,nat-oop,33942,30163,6.895,0.889,6.551e-16,prime,0
3921,1,z:ilp,nat-oop,22657,24472,10.329,1.080,6.551e-16,prime,1
3922,1,z:ilp,nat-oop,33600,36407,6.967,1.084,5.085e-16,prime,0
3922,1,z:ilp,nat-oop,22274,36363,10.510,1.633,5.085e-16,prime,1
3923,1,z:ilp,nat-oop,22217,27275,10.540,1.228,5.554e-16,prime,0
3923,1,z:ilp,nat-oop,22241,24455,10.528,1.100,5.554e-16,prime,1
3924,1,z:ilp,nat-oop,22637,24432,10.347,1.079,6.710e-16,prime,0
3924,1,z:ilp,nat-oop,22634,24454,10.348,1.080,6.710e-16,prime,1
3925,1,z:ilp,nat-oop,22686,24462,10.328,1.078,8.237e-16,prime,0
3925,1,z:ilp,nat-oop,22252,27925,10.529,1.255,8.237e-16,prime,1
3926,1,z:ilp,nat-oop,22600,24398,10.370,1.080,5.942e-16,prime,0
3926,1,z:ilp,nat-oop,22650,24502,10.347,1.082,5.942e-16,prime,1
3927,1,z:ilp,nat-oop,9408,18524,24.917,1.969,6.203e-16,chain3,0
3927,1,z:ilp,nat-oop,7592,18632,30.880,2.454,6.203e-16,chain3,1
3928,1,z:ilp,nat-oop,22333,24498,10.500,1.097,6.387e-16,prime,0
3928,1,z:ilp,nat-oop,22787,24517,10.291,1.076,6.387e-16,prime,1
3929,1,z:ilp,nat-oop,22566,24483,10.394,1.085,6.106e-16,prime,0
3929,1,z:ilp,nat-oop,22543,24609,10.405,1.092,6.106e-16,prime,1
3930,1,z:ilp,nat-oop,22822,24494,10.281,1.073,6.123e-16,prime,0
3930,1,z:ilp,nat-oop,22205,24416,10.566,1.100,6.123e-16,prime,1
3931,1,z:ilp,nat-oop,22685,24546,10.346,1.082,7.517e-16,prime,0
3931,1,z:ilp,nat-oop,22837,24503,10.277,1.073,7.517e-16,prime,1
3932,1,z:ilp,nat-oop,23168,24508,10.133,1.058,6.083e-16,prime,0
3932,1,z:ilp,nat-oop,23581,26560,9.955,1.126,6.083e-16,prime,1
3933,1,z:ilp,nat-oop,8119,24080,28.925,2.966,7.437e-16,chain3,0
3933,1,z:ilp,nat-oop,9353,24134,25.107,2.580,7.437e-16,chain3,1
3934,1,z:ilp,nat-oop,22305,24678,10.531,1.106,7.471e-16,prime,0
3934,1,z:ilp,nat-oop,22230,24441,10.567,1.099,7.471e-16,prime,1
3935,1,z:ilp,nat-oop,22830,24479,10.292,1.072,6.337e-16,prime,0
3935,1,z:ilp,nat-oop,22901,24454,10.260,1.068,6.337e-16,prime,1
3936,1,z:ilp,nat-oop,7188,26232,32.699,3.650,4.382e-16,chain3,0
3936,1,z:ilp,nat-oop,7208,26240,32.607,3.641,4.382e-16,chain3,1
3937,1,z:ilp,nat-oop,22249,24539,10.567,1.103,6.118e-16,prime,0
3937,1,z:ilp,nat-oop,23200,26473,10.134,1.141,6.118e-16,prime,1
3938,1,z:ilp,nat-oop,22303,24558,10.544,1.101,8.445e-16,prime,0
3938,1,z:ilp,nat-oop,22349,24447,10.522,1.094,8.445e-16,prime,1
3939,1,z:ilp,nat-oop,22775,24516,10.329,1.076,6.485e-16,prime,0
3939,1,z:ilp,nat-oop,22770,24473,10.330,1.075,6.485e-16,prime,1
3940,1,z:ilp,nat-oop,22625,24365,10.400,1.077,7.353e-16,prime,0
3940,1,z:ilp,nat-oop,22658,28926,10.385,1.277,7.353e-16,prime,1
3941,1,z:ilp,nat-oop,22870,24500,10.291,1.071,7.224e-16,prime,0
3941,1,z:ilp,nat-oop,22710,24458,10.364,1.077,7.224e-16,prime,1
3942,1,z:ilp,nat-oop,22568,37057,10.432,1.642,5.738e-16,prime,0
3942,1,z:ilp,nat-oop,23216,37135,10.141,1.600,5.738e-16,prime,1
3943,1,z:ilp,nat-oop,22838,24368,10.312,1.067,7.116e-16,prime,0
3943,1,z:ilp,nat-oop,23042,24528,10.221,1.065,7.116e-16,prime,1
3944,1,z:ilp,nat-oop,8824,27524,26.697,3.119,1.063e-15,flat,0
3944,1,z:ilp,nat-oop,8307,27325,28.357,3.289,1.063e-15,flat,1
3945,1,z:ilp,nat-oop,23218,24449,10.149,1.053,7.423e-16,prime,0
3945,1,z:ilp,nat-oop,23244,24419,10.137,1.051,7.423e-16,prime,1
3946,1,z:ilp,nat-oop,22942,24476,10.273,1.067,6.651e-16,prime,0
3946,1,z:ilp,nat-oop,22812,24488,10.332,1.073,6.651e-16,prime,1
3947,1,z:ilp,nat-oop,23231,24924,10.149,1.073,7.700e-16,prime,0
3947,1,z:ilp,nat-oop,23242,24527,10.144,1.055,7.700e-16,prime,1
3948,1,z:ilp,nat-oop,11616,28555,20.302,2.458,6.995e-16,flat,0
3948,1,z:ilp,nat-oop,11675,28573,20.201,2.447,6.995e-16,flat,1
3949,1,z:ilp,nat-oop,22628,24461,10.425,1.081,6.457e-16,prime,0
3949,1,z:ilp,nat-oop,23089,24364,10.217,1.055,6.457e-16,prime,1
3950,1,z:ilp,nat-oop,23180,38208,10.180,1.648,6.507e-16,prime,0
3950,1,z:ilp,nat-oop,22586,38672,10.448,1.712,6.507e-16,prime,1
3951,1,z:ilp,nat-oop,22808,24503,10.349,1.074,7.272e-16,prime,0
3951,1,z:ilp,nat-oop,23071,26543,10.231,1.150,7.272e-16,prime,1
3952,1,z:ilp,nat-oop,6173,23030,38.249,3.731,4.943e-16,chain3,0
3952,1,z:ilp,nat-oop,5800,22954,40.704,3.957,4.943e-16,chain3,1
3953,1,z:ilp,nat-oop,22029,48606,10.721,2.206,5.865e-16,prime,0
3953,1,z:ilp,nat-oop,22282,48429,10.599,2.173,5.865e-16,prime,1
3954,1,z:ilp,nat-oop,23227,24483,10.171,1.054,6.835e-16,prime,0
3954,1,z:ilp,nat-oop,23249,24555,10.161,1.056,6.835e-16,prime,1
3955,1,z:ilp,nat-oop,22743,24459,10.390,1.075,8.006e-16,prime,0
3955,1,z:ilp,nat-oop,22306,24397,10.594,1.094,8.006e-16,prime,1
3956,1,z:ilp,nat-oop,9948,32913,23.761,3.309,6.944e-16,chain3,0
3956,1,z:ilp,nat-oop,9974,32939,23.699,3.303,6.944e-16,chain3,1
3957,1,z:ilp,nat-oop,29223,24392,8.091,0.835,6.663e-16,prime,0
3957,1,z:ilp,nat-oop,22612,24490,10.456,1.083,6.663e-16,prime,1
3958,1,z:ilp,nat-oop,22297,27073,10.607,1.214,7.534e-16,prime,0
3958,1,z:ilp,nat-oop,22883,24438,10.335,1.068,7.534e-16,prime,1
3959,1,z:ilp,nat-oop,22644,24457,10.447,1.080,7.799e-16,prime,0
3959,1,z:ilp,nat-oop,23160,24604,10.215,1.062,7.799e-16,prime,1
3960,1,z:ilp,nat-oop,6750,16519,35.057,2.447,4.486e-16,flat,0
3960,1,z:ilp,nat-oop,6803,16520,34.786,2.428,4.486e-16,flat,1
3961,1,z:ilp,nat-oop,23353,24440,10.136,1.047,6.127e-16,prime,0
3961,1,z:ilp,nat-oop,22637,24490,10.456,1.082,6.127e-16,prime,1
3962,1,z:ilp,nat-oop,22242,24467,10.645,1.100,1.022e-15,prime,0
3962,1,z:ilp,nat-oop,22818,24391,10.376,1.069,1.022e-15,prime,1
3963,1,z:ilp,nat-oop,22836,24706,10.371,1.082,6.511e-16,prime,0
3963,1,z:ilp,nat-oop,22882,24409,10.350,1.067,6.511e-16,prime,1
3964,1,z:ilp,nat-oop,22291,27811,10.628,1.248,6.024e-16,prime,0
3964,1,z:ilp,nat-oop,22881,24833,10.354,1.085,6.024e-16,prime,1
3965,1,z:ilp,nat-oop,21910,30538,10.816,1.394,6.217e-16,prime,0
3965,1,z:ilp,nat-oop,22265,30537,10.643,1.372,6.217e-16,prime,1
3966,1,z:ilp,nat-oop,23133,24509,10.247,1.059,8.082e-16,prime,0
3966,1,z:ilp,nat-oop,22637,24478,10.471,1.081,8.082e-16,prime,1
3967,1,z:ilp,nat-oop,22705,24454,10.443,1.077,7.459e-16,prime,0
3967,1,z:ilp,nat-oop,22603,24586,10.490,1.088,7.459e-16,prime,1
3968,1,z:ilp,nat-oop,6619,24197,35.832,3.656,5.157e-16,chain3,0
3968,1,z:ilp,nat-oop,6512,24223,36.422,3.720,5.157e-16,chain3,1
3969,1,z:ilp,nat-oop,7201,13002,32.945,1.806,7.952e-16,chain3,0
3969,1,z:ilp,nat-oop,6648,13045,35.684,1.962,7.952e-16,chain3,1
3970,1,z:ilp,nat-oop,22782,24489,10.417,1.075,9.190e-16,prime,0
3970,1,z:ilp,nat-oop,22676,24613,10.465,1.085,9.190e-16,prime,1
3971,1,z:ilp,nat-oop,8925,22427,26.596,2.513,6.396e-16,chain3,0
3971,1,z:ilp,nat-oop,8471,22309,28.022,2.634,6.396e-16,chain3,1
3972,1,z:ilp,nat-oop,32196,24435,7.375,0.759,6.292e-16,prime,0
3972,1,z:ilp,nat-oop,23196,24458,10.236,1.054,6.292e-16,prime,1
3973,1,z:ilp,nat-oop,23264,24521,10.209,1.054,7.392e-16,prime,0
3973,1,z:ilp,nat-oop,23271,26327,10.206,1.131,7.392e-16,prime,1
3974,1,z:ilp,nat-oop,22904,24477,10.373,1.069,6.731e-16,prime,0
3974,1,z:ilp,nat-oop,25704,29980,9.243,1.166,6.731e-16,prime,1
3975,1,z:ilp,nat-oop,22719,28488,10.460,1.254,5.579e-16,prime,0
3975,1,z:ilp,nat-oop,22906,28255,10.375,1.234,5.579e-16,prime,1
3976,1,z:ilp,nat-oop,22640,37603,10.499,1.661,6.121e-16,prime,0
3976,1,z:ilp,nat-oop,27015,37561,8.799,1.390,6.121e-16,prime,1
3977,1,z:ilp,nat-oop,22608,51980,10.517,2.299,6.257e-16,prime,0
3977,1,z:ilp,nat-oop,26958,51885,8.820,1.925,6.257e-16,prime,1
3978,1,z:ilp,nat-oop,9589,21265,24.802,2.218,1.367e-15,flat,0
3978,1,z:ilp,nat-oop,9186,21314,25.891,2.320,1.367e-15,flat,1
3979,1,z:ilp,nat-oop,22315,24434,10.662,1.095,6.607e-16,prime,0
3979,1,z:ilp,nat-oop,21936,24399,10.845,1.112,6.607e-16,prime,1
3980,1,z:ilp,nat-oop,22646,27861,10.509,1.230,8.103e-16,prime,0
3980,1,z:ilp,nat-oop,22653,24530,10.505,1.083,8.103e-16,prime,1
3981,1,z:ilp,nat-oop,23079,24577,10.314,1.065,6.099e-16,prime,0
3981,1,z:ilp,nat-oop,22975,24462,10.361,1.065,6.099e-16,prime,1
3982,1,z:ilp,nat-oop,22854,26235,10.419,1.148,7.094e-16,prime,0
3982,1,z:ilp,nat-oop,22642,24519,10.516,1.083,7.094e-16,prime,1
3983,1,z:ilp,nat-oop,23212,24401,10.261,1.051,7.991e-16,prime,0
3983,1,z:ilp,nat-oop,22614,24491,10.532,1.083,7.991e-16,prime,1
3984,1,z:ilp,nat-oop,22769,42157,10.463,1.851,5.057e-16,prime,0
3984,1,z:ilp,nat-oop,22850,42162,10.427,1.845,5.057e-16,prime,1
3985,1,z:ilp,nat-oop,22257,24474,10.707,1.100,6.643e-16,prime,0
3985,1,z:ilp,nat-oop,22179,24460,10.745,1.103,6.643e-16,prime,1
3986,1,z:ilp,nat-oop,22805,24484,10.453,1.074,7.663e-16,prime,0
3986,1,z:ilp,nat-oop,22248,24531,10.714,1.103,7.663e-16,prime,1
3987,1,z:ilp,nat-oop,23186,24443,10.284,1.054,8.496e-16,prime,0
3987,1,z:ilp,nat-oop,22718,24427,10.496,1.075,8.496e-16,prime,1
3988,1,z:ilp,nat-oop,22292,24698,10.699,1.108,7.314e-16,prime,0
3988,1,z:ilp,nat-oop,22259,24455,10.715,1.099,7.314e-16,prime,1
3989,1,z:ilp,nat-oop,23482,24398,10.160,1.039,6.037e-16,prime,0
3989,1,z:ilp,nat-oop,23485,24596,10.159,1.047,6.037e-16,prime,1
3990,1,z:ilp,nat-oop,7084,18470,33.686,2.607,5.261e-16,chain3,0
3990,1,z:ilp,nat-oop,7108,18732,33.576,2.635,5.261e-16,chain3,1
3991,1,z:ilp,nat-oop,22269,24450,10.720,1.098,6.951e-16,prime,0
3991,1,z:ilp,nat-oop,22246,24497,10.731,1.101,6.951e-16,prime,1
3992,1,z:ilp,nat-oop,22782,24401,10.481,1.071,7.507e-16,prime,0
3992,1,z:ilp,nat-oop,22225,24454,10.744,1.100,7.507e-16,prime,1
3993,1,z:ilp,nat-oop,7726,20069,30.915,2.598,8.349e-16,flat,0
3993,1,z:ilp,nat-oop,7775,20115,30.721,2.587,8.349e-16,flat,1
3994,1,z:ilp,nat-oop,23564,24541,10.139,1.041,5.981e-16,prime,0
3994,1,z:ilp,nat-oop,22665,24515,10.541,1.082,5.981e-16,prime,1
3995,1,z:ilp,nat-oop,15196,28235,15.727,1.858,6.745e-16,chain3,0
3995,1,z:ilp,nat-oop,23237,28128,10.284,1.210,6.745e-16,chain3,1
3996,1,z:ilp,nat-oop,7200,25122,33.201,3.489,5.618e-16,chain3,0
3996,1,z:ilp,nat-oop,7256,25291,32.943,3.485,5.618e-16,chain3,1
3997,1,z:ilp,nat-oop,23174,24414,10.318,1.054,8.721e-16,prime,0
3997,1,z:ilp,nat-oop,22642,24473,10.561,1.081,8.721e-16,prime,1
3998,1,z:ilp,nat-oop,22867,24506,10.460,1.072,6.100e-16,prime,0
3998,1,z:ilp,nat-oop,22819,24424,10.482,1.070,6.100e-16,prime,1
3999,1,z:ilp,nat-oop,14682,32070,16.295,2.184,7.306e-16,chain3,0
3999,1,z:ilp,nat-oop,17134,32012,13.964,1.868,7.306e-16,chain3,1
4000,1,z:ilp,nat-oop,3986,14749,60.043,3.700,4.277e-16,ztt,0
4000,1,z:ilp,nat-oop,4011,14756,59.659,3.679,4.277e-16,ztt,1
4001,1,z:ilp,nat-oop,15216,24581,15.732,1.615,7.792e-16,prime,0
4001,1,z:ilp,nat-oop,15197,24650,15.752,1.622,7.792e-16,prime,1
4002,1,z:ilp,nat-oop,10568,27985,22.659,2.648,2.311e-15,flat,0
4002,1,z:ilp,nat-oop,10517,28020,22.768,2.664,2.311e-15,flat,1
4003,1,z:ilp,nat-oop,22757,24580,10.525,1.080,8.436e-16,prime,0
4003,1,z:ilp,nat-oop,22263,24512,10.759,1.101,8.436e-16,prime,1
4004,1,z:ilp,nat-oop,6977,19708,34.340,2.825,8.247e-16,flat,0
4004,1,z:ilp,nat-oop,6857,19789,34.940,2.886,8.247e-16,flat,1
4005,1,z:ilp,nat-oop,23280,41785,10.294,1.795,6.505e-16,prime,0
4005,1,z:ilp,nat-oop,23527,41698,10.186,1.772,6.505e-16,prime,1
4006,1,z:ilp,nat-oop,23185,24585,10.339,1.060,5.673e-16,prime,0
4006,1,z:ilp,nat-oop,22793,24427,10.517,1.072,5.673e-16,prime,1
4007,1,z:ilp,nat-oop,26715,24547,8.976,0.919,9.703e-16,prime,0
4007,1,z:ilp,nat-oop,22249,24491,10.777,1.101,9.703e-16,prime,1
4008,1,z:ilp,nat-oop,23176,26359,10.349,1.137,6.823e-16,prime,0
4008,1,z:ilp,nat-oop,22884,24454,10.481,1.069,6.823e-16,prime,1
4009,1,z:ilp,nat-oop,23222,24426,10.331,1.052,6.947e-16,prime,0
4009,1,z:ilp,nat-oop,23237,24673,10.325,1.062,6.947e-16,prime,1
4010,1,z:ilp,nat-oop,23208,24417,10.341,1.052,7.272e-16,prime,0
4010,1,z:ilp,nat-oop,22606,24488,10.616,1.083,7.272e-16,prime,1
4011,1,z:ilp,nat-oop,23008,25556,10.433,1.111,8.674e-16,prime,0
4011,1,z:ilp,nat-oop,23175,24464,10.358,1.056,8.674e-16,prime,1
4012,1,z:ilp,nat-oop,23031,36436,10.426,1.582,6.013e-16,prime,0
4012,1,z:ilp,nat-oop,23161,36056,10.368,1.557,6.013e-16,prime,1
4013,1,z:ilp,nat-oop,22970,24414,10.457,1.063,7.030e-16,prime,0
4013,1,z:ilp,nat-oop,23122,24433,10.388,1.057,7.030e-16,prime,1
4014,1,z:ilp,nat-oop,23202,24501,10.355,1.056,7.153e-16,prime,0
4014,1,z:ilp,nat-oop,22623,24434,10.620,1.080,7.153e-16,prime,1
4015,1,z:ilp,nat-oop,33657,35041,7.140,1.041,5.838e-16,prime,0
4015,1,z:ilp,nat-oop,22281,35054,10.786,1.573,5.838e-16,prime,1
4016,1,z:ilp,nat-oop,26909,24415,8.933,0.907,7.189e-16,prime,0
4016,1,z:ilp,nat-oop,23234,24644,10.346,1.061,7.189e-16,prime,1
4017,1,z:ilp,nat-oop,22889,24456,10.506,1.068,7.941e-16,prime,0
4017,1,z:ilp,nat-oop,22840,24481,10.528,1.072,7.941e-16,prime,1
4018,1,z:ilp,nat-oop,11174,22602,21.526,2.023,3.782e-15,flat,0
4018,1,z:ilp,nat-oop,11390,22644,21.118,1.988,3.782e-15,flat,1
4019,1,z:ilp,nat-oop,23286,24502,10.332,1.052,9.395e-16,prime,0
4019,1,z:ilp,nat-oop,23235,27910,10.355,1.201,9.395e-16,prime,1
4020,1,z:ilp,nat-oop,23301,36368,10.328,1.561,5.661e-16,prime,0
4020,1,z:ilp,nat-oop,23265,36430,10.344,1.566,5.661e-16,prime,1
4021,1,z:ilp,nat-oop,22676,24441,10.616,1.078,6.363e-16,prime,0
4021,1,z:ilp,nat-oop,22285,24493,10.802,1.099,6.363e-16,prime,1
4022,1,z:ilp,nat-oop,22703,24432,10.606,1.076,7.734e-16,prime,0
4022,1,z:ilp,nat-oop,23191,24432,10.383,1.054,7.734e-16,prime,1
4023,1,z:ilp,nat-oop,22716,26399,10.603,1.162,6.552e-16,prime,0
4023,1,z:ilp,nat-oop,23557,26338,10.224,1.118,6.552e-16,prime,1
4024,1,z:ilp,nat-oop,22644,24505,10.640,1.082,7.480e-16,prime,0
4024,1,z:ilp,nat-oop,23208,24436,10.381,1.053,7.480e-16,prime,1
4025,1,z:ilp,nat-oop,7972,18266,30.231,2.291,5.729e-16,chain3,0
4025,1,z:ilp,nat-oop,8619,18419,27.961,2.137,5.729e-16,chain3,1
4026,1,z:ilp,nat-oop,22789,34398,10.578,1.509,6.005e-16,prime,0
4026,1,z:ilp,nat-oop,22835,34686,10.556,1.519,6.005e-16,prime,1
4027,1,z:ilp,nat-oop,22802,24433,10.575,1.072,7.074e-16,prime,0
4027,1,z:ilp,nat-oop,22860,24490,10.548,1.071,7.074e-16,prime,1
4028,1,z:ilp,nat-oop,23190,35314,10.401,1.523,6.158e-16,prime,0
4028,1,z:ilp,nat-oop,22673,35172,10.638,1.551,6.158e-16,prime,1
4029,1,z:ilp,nat-oop,23269,40311,10.368,1.732,5.928e-16,prime,0
4029,1,z:ilp,nat-oop,22647,40354,10.653,1.782,5.928e-16,prime,1
4030,1,z:ilp,nat-oop,11548,24452,20.897,2.117,6.265e-16,flat,0
4030,1,z:ilp,nat-oop,11536,24210,20.920,2.099,6.265e-16,flat,1
4031,1,z:ilp,nat-oop,22691,24501,10.639,1.080,8.483e-16,prime,0
4031,1,z:ilp,nat-oop,23092,26527,10.454,1.149,8.483e-16,prime,1
4032,1,z:ilp,nat-oop,4356,15413,55.438,3.539,3.574e-16,ztt,0
4032,1,z:ilp,nat-oop,4337,15435,55.675,3.559,3.574e-16,ztt,1
4033,1,z:ilp,nat-oop,23052,29211,10.478,1.267,7.244e-16,prime,0
4033,1,z:ilp,nat-oop,23262,26422,10.383,1.136,7.244e-16,prime,1
4034,1,z:ilp,nat-oop,23192,24439,10.417,1.054,7.420e-16,prime,0
4034,1,z:ilp,nat-oop,23280,24522,10.378,1.053,7.420e-16,prime,1
4035,1,z:ilp,nat-oop,23229,24504,10.403,1.055,9.210e-16,prime,0
4035,1,z:ilp,nat-oop,22619,24489,10.684,1.083,9.210e-16,prime,1
4036,1,z:ilp,nat-oop,22818,24484,10.594,1.073,7.238e-16,prime,0
4036,1,z:ilp,nat-oop,22577,24604,10.707,1.090,7.238e-16,prime,1
4037,1,z:ilp,nat-oop,22304,24441,10.841,1.096,7.409e-16,prime,0
4037,1,z:ilp,nat-oop,22799,24455,10.606,1.073,7.409e-16,prime,1
4038,1,z:ilp,nat-oop,23166,24702,10.440,1.066,9.247e-16,prime,0
4038,1,z:ilp,nat-oop,22324,24504,10.834,1.098,9.247e-16,prime,1
4039,1,z:ilp,nat-oop,22622,25990,10.694,1.149,7.452e-16,prime,0
4039,1,z:ilp,nat-oop,23195,24577,10.430,1.060,7.452e-16,prime,1
4040,1,z:ilp,nat-oop,23600,24441,10.254,1.036,4.636e-16,prime,0
4040,1,z:ilp,nat-oop,22668,24468,10.676,1.079,4.636e-16,prime,1
4041,1,z:ilp,nat-oop,22812,24488,10.611,1.073,7.695e-16,prime,0
4041,1,z:ilp,nat-oop,22768,24564,10.632,1.079,7.695e-16,prime,1
4042,1,z:ilp,nat-oop,13785,38461,17.565,2.790,2.761e-15,flat,0
4042,1,z:ilp,nat-oop,13309,38401,18.194,2.885,2.761e-15,flat,1
4043,1,z:ilp,nat-oop,22315,26433,10.854,1.185,7.625e-16,prime,0
4043,1,z:ilp,nat-oop,22798,24474,10.624,1.073,7.625e-16,prime,1
4044,1,z:ilp,nat-oop,22883,26323,10.587,1.150,8.770e-16,prime,0
4044,1,z:ilp,nat-oop,22883,24457,10.587,1.069,8.770e-16,prime,1
4045,1,z:ilp,nat-oop,22681,24665,10.685,1.088,8.297e-16,prime,0
4045,1,z:ilp,nat-oop,22618,24671,10.714,1.091,8.297e-16,prime,1
4046,1,z:ilp,nat-oop,9768,20267,24.815,2.075,9.020e-16,flat,0
4046,1,z:ilp,nat-oop,12627,20401,19.198,1.616,9.020e-16,flat,1
4047,1,z:ilp,nat-oop,22245,38839,10.900,1.746,6.804e-16,prime,0
4047,1,z:ilp,nat-oop,22264,39117,10.891,1.757,6.804e-16,prime,1
4048,1,z:ilp,nat-oop,6345,24813,38.226,3.911,6.701e-16,chain3,0
4048,1,z:ilp,nat-oop,6408,24802,37.851,3.871,6.701e-16,chain3,1
4049,1,z:ilp,nat-oop,22763,24472,10.658,1.075,7.627e-16,prime,0
4049,1,z:ilp,nat-oop,22258,24554,10.899,1.103,7.627e-16,prime,1
4050,1,z:ilp,nat-oop,7177,14191,33.814,1.977,6.526e-16,chain3,0
4050,1,z:ilp,nat-oop,8493,14209,28.572,1.673,6.526e-16,chain3,1
4051,1,z:ilp,nat-oop,23295,26599,10.420,1.142,8.111e-16,prime,0
4051,1,z:ilp,nat-oop,23280,24557,10.427,1.055,8.111e-16,prime,1
4052,1,z:ilp,nat-oop,22862,24641,10.620,1.078,7.356e-16,prime,0
4052,1,z:ilp,nat-oop,22319,25106,10.879,1.125,7.356e-16,prime,1
4053,1,z:ilp,nat-oop,22945,26469,10.585,1.154,6.965e-16,prime,0
4053,1,z:ilp,nat-oop,24354,24559,9.973,1.008,6.965e-16,prime,1
4054,1,z:ilp,nat-oop,31650,24518,7.676,0.775,7.890e-16,prime,0
4054,1,z:ilp,nat-oop,22270,26428,10.909,1.187,7.890e-16,prime,1
4055,1,z:ilp,nat-oop,22273,27347,10.910,1.228,7.262e-16,prime,0
4055,1,z:ilp,nat-oop,28608,24561,8.494,0.859,7.262e-16,prime,1
4056,1,z:ilp,nat-oop,8402,20945,28.932,2.493,8.700e-16,flat,0
4056,1,z:ilp,nat-oop,7387,21032,32.906,2.847,8.700e-16,flat,1
4057,1,z:ilp,nat-oop,22350,24505,10.879,1.096,8.171e-16,prime,0
4057,1,z:ilp,nat-oop,22352,24585,10.878,1.100,8.171e-16,prime,1
4058,1,z:ilp,nat-oop,22638,24508,10.743,1.083,7.272e-16,prime,0
4058,1,z:ilp,nat-oop,22804,24512,10.665,1.075,7.272e-16,prime,1
4059,1,z:ilp,nat-oop,17774,26861,13.687,1.511,5.362e-16,chain3,0
4059,1,z:ilp,nat-oop,16898,26670,14.396,1.578,5.362e-16,chain3,1
4060,1,z:ilp,nat-oop,8919,22096,27.283,2.477,6.153e-16,flat,0
4060,1,z:ilp,nat-oop,8910,21988,27.312,2.468,6.153e-16,flat,1
4061,1,z:ilp,nat-oop,22242,24640,10.944,1.108,7.764e-16,prime,0
4061,1,z:ilp,nat-oop,22904,24501,10.627,1.070,7.764e-16,prime,1
4062,1,z:ilp,nat-oop,23228,26389,10.482,1.136,7.658e-16,prime,0
4062,1,z:ilp,nat-oop,22685,24498,10.733,1.080,7.658e-16,prime,1
4063,1,z:ilp,nat-oop,22672,24453,10.742,1.079,6.979e-16,prime,0
4063,1,z:ilp,nat-oop,23230,24541,10.484,1.056,6.979e-16,prime,1
4064,1,z:ilp,nat-oop,22226,24532,10.961,1.104,6.049e-16,prime,0
4064,1,z:ilp,nat-oop,23185,26552,10.507,1.145,6.049e-16,prime,1
4065,1,z:ilp,nat-oop,22323,24598,10.916,1.102,6.911e-16,prime,0
4065,1,z:ilp,nat-oop,22338,24579,10.909,1.100,6.911e-16,prime,1
4066,1,z:ilp,nat-oop,22814,24498,10.684,1.074,6.116e-16,prime,0
4066,1,z:ilp,nat-oop,22838,24628,10.673,1.078,6.116e-16,prime,1
4067,1,z:ilp,nat-oop,22287,35717,10.940,1.603,6.888e-16,prime,0
4067,1,z:ilp,nat-oop,22309,35679,10.929,1.599,6.888e-16,prime,1
4068,1,z:ilp,nat-oop,23295,24504,10.469,1.052,5.994e-16,prime,0
4068,1,z:ilp,nat-oop,23234,28405,10.497,1.223,5.994e-16,prime,1
4069,1,z:ilp,nat-oop,22855,24548,10.674,1.074,6.587e-16,prime,0
4069,1,z:ilp,nat-oop,22243,24593,10.967,1.106,6.587e-16,prime,1
4070,1,z:ilp,nat-oop,15646,25576,15.596,1.635,4.509e-16,chain3,0
4070,1,z:ilp,nat-oop,17357,25631,14.058,1.477,4.509e-16,chain3,1
4071,1,z:ilp,nat-oop,22648,36059,10.777,1.592,4.479e-16,prime,0
4071,1,z:ilp,nat-oop,23180,35816,10.530,1.545,4.479e-16,prime,1
4072,1,z:ilp,nat-oop,23294,24458,10.481,1.050,7.493e-16,prime,0
4072,1,z:ilp,nat-oop,22931,24779,10.647,1.081,7.493e-16,prime,1
4073,1,z:ilp,nat-oop,22623,24560,10.795,1.086,6.448e-16,prime,0
4073,1,z:ilp,nat-oop,22833,26364,10.696,1.155,6.448e-16,prime,1
4074,1,z:ilp,nat-oop,23336,45480,10.468,1.949,6.061e-16,prime,0
4074,1,z:ilp,nat-oop,23312,45267,10.479,1.942,6.061e-16,prime,1
4075,1,z:ilp,nat-oop,23231,24403,10.518,1.050,6.943e-16,prime,0
4075,1,z:ilp,nat-oop,22704,26711,10.763,1.177,6.943e-16,prime,1
4076,1,z:ilp,nat-oop,28608,24480,8.544,0.856,6.693e-16,prime,0
4076,1,z:ilp,nat-oop,22246,24499,10.987,1.101,6.693e-16,prime,1
4077,1,z:ilp,nat-oop,22724,24579,10.759,1.082,8.664e-16,prime,0
4077,1,z:ilp,nat-oop,34028,30678,7.185,0.902,8.664e-16,prime,1
4078,1,z:ilp,nat-oop,22594,24470,10.824,1.083,5.979e-16,prime,0
4078,1,z:ilp,nat-oop,22644,26533,10.800,1.172,5.979e-16,prime,1
4079,1,z:ilp,nat-oop,23230,24867,10.530,1.070,7.654e-16,prime,0
4079,1,z:ilp,nat-oop,22671,24486,10.790,1.080,7.654e-16,prime,1
4080,1,z:ilp,nat-oop,5845,18947,41.860,3.241,5.196e-16,chain3,0
4080,1,z:ilp,nat-oop,6389,19134,38.296,2.995,5.196e-16,chain3,1
4081,1,z:ilp,nat-oop,29062,27765,8.422,0.955,6.274e-16,prime,0
4081,1,z:ilp,nat-oop,28556,27806,8.571,0.974,6.274e-16,prime,1
4082,1,z:ilp,nat-oop,23098,24490,10.599,1.060,8.019e-16,prime,0
4082,1,z:ilp,nat-oop,23261,24492,10.525,1.053,8.019e-16,prime,1
4083,1,z:ilp,nat-oop,23289,24733,10.515,1.062,7.062e-16,prime,0
4083,1,z:ilp,nat-oop,23197,25152,10.557,1.084,7.062e-16,prime,1
4084,1,z:ilp,nat-oop,22696,24502,10.793,1.080,7.510e-16,prime,0
4084,1,z:ilp,nat-oop,23239,24699,10.541,1.063,7.510e-16,prime,1
4085,1,z:ilp,nat-oop,12369,28443,19.810,2.300,1.463e-15,flat,0
4085,1,z:ilp,nat-oop,12780,28356,19.173,2.219,1.463e-15,flat,1
4086,1,z:ilp,nat-oop,22879,24540,10.712,1.073,6.603e-16,prime,0
4086,1,z:ilp,nat-oop,22838,24805,10.732,1.086,6.603e-16,prime,1
4087,1,z:ilp,nat-oop,22682,50775,10.808,2.239,6.063e-16,prime,0
4087,1,z:ilp,nat-oop,23583,50826,10.395,2.155,6.063e-16,prime,1
4088,1,z:ilp,nat-oop,26909,38835,9.113,1.443,6.080e-16,prime,0
4088,1,z:ilp,nat-oop,22702,38489,10.802,1.695,6.080e-16,prime,1
4089,1,z:ilp,nat-oop,16699,33233,14.689,1.990,5.936e-16,chain3,0
4089,1,z:ilp,nat-oop,23694,33301,10.353,1.405,5.936e-16,chain3,1
4090,1,z:ilp,nat-oop,29005,24562,8.459,0.847,7.237e-16,prime,0
4090,1,z:ilp,nat-oop,22333,25987,10.986,1.164,7.237e-16,prime,1
4091,1,z:ilp,nat-oop,22892,25892,10.721,1.131,7.391e-16,prime,0
4091,1,z:ilp,nat-oop,22559,24643,10.879,1.092,7.391e-16,prime,1
4092,1,z:ilp,nat-oop,7195,27414,34.120,3.810,4.784e-16,chain3,0
4092,1,z:ilp,nat-oop,7166,27514,34.258,3.839,4.784e-16,chain3,1
4093,1,z:ilp,nat-oop,23246,24511,10.563,1.054,8.118e-16,prime,0
4093,1,z:ilp,nat-oop,23255,24499,10.560,1.054,8.118e-16,prime,1
4094,1,z:ilp,nat-oop,22888,46975,10.732,2.052,6.726e-16,prime,0
4094,1,z:ilp,nat-oop,23222,47115,10.577,2.029,6.726e-16,prime,1
4095,1,z:ilp,nat-oop,7197,15582,34.137,2.165,6.757e-16,chain3,0
4095,1,z:ilp,nat-oop,7577,15638,32.424,2.064,6.757e-16,chain3,1
4096,1,z:ilp,nat-oop,3556,4705,69.108,1.323,3.902e-16,ztt,0
4096,1,z:ilp,nat-oop,3560,4731,69.041,1.329,3.902e-16,ztt,1
