N,K,plan,path,vfft_ns,mkl_ns,vfft_gflops,ratio_vs_mkl,rt_err,route,flip
2,1,z:ilp,nat-oop,8,8,1.205,1.011,0.000e+00,mono,0
2,1,z:ilp,nat-oop,7,8,1.359,1.103,0.000e+00,mono,1
3,1,z:ilp,nat-oop,11,9,2.231,0.886,1.485e-16,mono,0
3,1,z:ilp,nat-oop,14,10,1.756,0.711,1.485e-16,mono,1
4,1,z:ilp,nat-oop,10,11,3.952,1.122,0.000e+00,mono,0
4,1,z:ilp,nat-oop,10,9,3.964,0.889,0.000e+00,mono,1
5,1,z:ilp,nat-oop,15,13,3.757,0.850,1.510e-16,mono,0
5,1,z:ilp,nat-oop,15,13,3.816,0.825,1.510e-16,mono,1
6,1,z:ilp,nat-oop,15,14,5.006,0.877,2.797e-16,mono,0
6,1,z:ilp,nat-oop,16,12,4.929,0.769,2.797e-16,mono,1
7,1,z:ilp,nat-oop,19,15,5.239,0.804,2.584e-16,mono,0
7,1,z:ilp,nat-oop,19,15,5.269,0.816,2.584e-16,mono,1
8,1,z:ilp,nat-oop,17,13,7.047,0.764,5.572e-17,mono,0
8,1,z:ilp,nat-oop,17,13,6.898,0.766,5.572e-17,mono,1
9,1,z:ilp,nat-oop,22,18,6.500,0.840,4.179e-16,mono,0
9,1,z:ilp,nat-oop,22,18,6.506,0.832,4.179e-16,mono,1
10,1,z:ilp,nat-oop,22,16,7.434,0.727,1.836e-16,mono,0
10,1,z:ilp,nat-oop,23,16,7.329,0.714,1.836e-16,mono,1
11,1,z:ilp,nat-oop,30,22,6.320,0.728,1.581e-16,mono,0
11,1,z:ilp,nat-oop,30,21,6.416,0.724,1.581e-16,mono,1
12,1,z:ilp,nat-oop,27,17,8.040,0.637,2.826e-16,2p,0
12,1,z:ilp,nat-oop,27,17,8.042,0.637,2.826e-16,2p,1
13,1,z:ilp,nat-oop,40,25,5.969,0.616,5.973e-16,mono,0
13,1,z:ilp,nat-oop,40,24,6.053,0.615,5.973e-16,mono,1
14,1,z:ilp,nat-oop,32,22,8.424,0.702,1.628e-16,mono,0
14,1,z:ilp,nat-oop,32,22,8.404,0.705,1.628e-16,mono,1
15,1,z:ilp,nat-oop,34,24,8.500,0.694,3.324e-16,2p,0
15,1,z:ilp,nat-oop,35,25,8.316,0.697,3.324e-16,2p,1
16,1,z:ilp,nat-oop,21,21,14.887,0.961,1.510e-16,ztt,0
16,1,z:ilp,nat-oop,22,21,14.823,0.960,1.510e-16,ztt,1
17,1,z:ilp,nat-oop,55,103,6.301,1.875,2.444e-16,mono,0
17,1,z:ilp,nat-oop,53,106,6.524,1.994,2.444e-16,mono,1
18,1,z:ilp,nat-oop,40,34,9.397,0.848,3.625e-16,2p,0
18,1,z:ilp,nat-oop,39,34,9.596,0.879,3.625e-16,2p,1
19,1,z:ilp,nat-oop,61,124,6.562,2.009,3.860e-16,mono,0
19,1,z:ilp,nat-oop,62,127,6.523,2.053,3.860e-16,mono,1
20,1,z:ilp,nat-oop,36,31,11.865,0.852,2.176e-16,2p,0
20,1,z:ilp,nat-oop,36,31,11.869,0.855,2.176e-16,2p,1
21,1,z:ilp,nat-oop,42,53,10.988,1.251,3.308e-16,2p,0
21,1,z:ilp,nat-oop,42,53,11.035,1.266,3.308e-16,2p,1
22,1,z:ilp,nat-oop,53,45,9.262,0.859,2.239e-16,mono,0
22,1,z:ilp,nat-oop,53,45,9.206,0.847,2.239e-16,mono,1
23,1,z:ilp,nat-oop,84,179,6.191,2.135,3.077e-16,mono,0
23,1,z:ilp,nat-oop,84,177,6.211,2.116,3.077e-16,mono,1
24,1,z:ilp,nat-oop,43,33,12.777,0.772,3.306e-16,2p,0
24,1,z:ilp,nat-oop,43,33,12.833,0.775,3.306e-16,2p,1
25,1,z:ilp,nat-oop,49,52,11.839,1.063,1.807e-16,2p,0
25,1,z:ilp,nat-oop,50,52,11.587,1.036,1.807e-16,2p,1
26,1,z:ilp,nat-oop,70,50,8.723,0.710,4.363e-16,mono,0
26,1,z:ilp,nat-oop,68,49,8.946,0.718,4.363e-16,mono,1
27,1,z:ilp,nat-oop,72,66,8.918,0.921,3.829e-16,flat,0
27,1,z:ilp,nat-oop,71,71,9.053,1.004,3.829e-16,flat,1
28,1,z:ilp,nat-oop,43,40,15.679,0.943,1.321e-16,2p,0
28,1,z:ilp,nat-oop,43,40,15.647,0.938,1.321e-16,2p,1
29,1,z:ilp,nat-oop,125,265,5.638,2.119,3.686e-16,mono,0
29,1,z:ilp,nat-oop,123,268,5.740,2.181,3.686e-16,mono,1
30,1,z:ilp,nat-oop,50,48,14.665,0.964,2.588e-16,2p,0
30,1,z:ilp,nat-oop,50,48,14.684,0.958,2.588e-16,2p,1
31,1,z:ilp,nat-oop,125,300,6.144,2.400,2.741e-16,mono,0
31,1,z:ilp,nat-oop,126,302,6.117,2.407,2.741e-16,mono,1
32,1,z:ilp,nat-oop,38,38,21.214,1.012,1.738e-16,2p,0
32,1,z:ilp,nat-oop,38,38,21.214,1.011,1.738e-16,2p,1
33,1,z:ilp,nat-oop,63,82,13.215,1.297,2.197e-16,2p,0
33,1,z:ilp,nat-oop,63,81,13.218,1.281,2.197e-16,2p,1
34,1,z:ilp,nat-oop,119,235,7.254,1.971,5.233e-16,flat,0
34,1,z:ilp,nat-oop,120,239,7.185,1.983,5.233e-16,flat,1
35,1,z:ilp,nat-oop,59,77,15.157,1.294,3.914e-16,2p,0
35,1,z:ilp,nat-oop,59,77,15.172,1.295,3.914e-16,2p,1
36,1,z:ilp,nat-oop,52,47,17.737,0.888,2.363e-16,2p,0
36,1,z:ilp,nat-oop,52,47,17.741,0.888,2.363e-16,2p,1
37,1,z:ilp,nat-oop,159,400,6.066,2.516,3.605e-16,mono,0
37,1,z:ilp,nat-oop,159,422,6.066,2.656,3.605e-16,mono,1
38,1,z:ilp,nat-oop,144,275,6.927,1.912,3.496e-16,flat,0
38,1,z:ilp,nat-oop,137,276,7.274,2.014,3.496e-16,flat,1
39,1,z:ilp,nat-oop,78,92,13.198,1.179,5.310e-16,2p,0
39,1,z:ilp,nat-oop,78,93,13.198,1.190,5.310e-16,2p,1
40,1,z:ilp,nat-oop,48,48,22.223,0.999,1.440e-16,2p,0
40,1,z:ilp,nat-oop,48,48,22.253,1.000,1.440e-16,2p,1
41,1,z:ilp,nat-oop,195,484,5.642,2.484,4.113e-16,mono,0
41,1,z:ilp,nat-oop,194,484,5.652,2.490,4.113e-16,mono,1
42,1,z:ilp,nat-oop,66,64,17.175,0.977,4.282e-16,2p,0
42,1,z:ilp,nat-oop,62,64,18.143,1.032,4.282e-16,2p,1
43,1,z:ilp,nat-oop,228,531,5.111,2.328,5.335e-16,prime,0
43,1,z:ilp,nat-oop,227,532,5.133,2.339,5.335e-16,prime,1
44,1,z:ilp,nat-oop,63,81,19.043,1.279,3.968e-16,2p,0
44,1,z:ilp,nat-oop,63,81,19.062,1.281,3.968e-16,2p,1
45,1,z:ilp,nat-oop,75,97,16.493,1.293,3.714e-16,2p,0
45,1,z:ilp,nat-oop,75,97,16.501,1.294,3.714e-16,2p,1
46,1,z:ilp,nat-oop,143,409,8.895,2.863,4.893e-16,flat,0
46,1,z:ilp,nat-oop,143,409,8.895,2.865,4.893e-16,flat,1
47,1,z:ilp,nat-oop,239,574,5.456,2.399,3.964e-16,mono,0
47,1,z:ilp,nat-oop,239,572,5.456,2.393,3.964e-16,mono,1
48,1,z:ilp,nat-oop,58,54,23.190,0.941,2.978e-16,2p,0
48,1,z:ilp,nat-oop,58,54,23.087,0.937,2.978e-16,2p,1
49,1,z:ilp,nat-oop,75,137,18.244,1.822,3.944e-16,2p,0
49,1,z:ilp,nat-oop,75,137,18.250,1.822,3.944e-16,2p,1
50,1,z:ilp,nat-oop,70,75,20.226,1.074,3.555e-16,2p,0
50,1,z:ilp,nat-oop,70,75,20.106,1.069,3.555e-16,2p,1
51,1,z:ilp,nat-oop,116,371,12.422,3.185,3.477e-16,2p,0
51,1,z:ilp,nat-oop,117,373,12.318,3.179,3.477e-16,2p,1
52,1,z:ilp,nat-oop,80,91,18.450,1.131,5.285e-16,2p,0
52,1,z:ilp,nat-oop,80,91,18.632,1.142,5.285e-16,2p,1
53,1,z:ilp,nat-oop,290,722,5.226,2.484,5.755e-16,prime,0
53,1,z:ilp,nat-oop,290,746,5.229,2.569,5.755e-16,prime,1
54,1,z:ilp,nat-oop,78,81,19.814,1.029,3.767e-16,2p,0
54,1,z:ilp,nat-oop,78,81,19.808,1.030,3.767e-16,2p,1
55,1,z:ilp,nat-oop,94,120,16.836,1.274,4.188e-16,2p,0
55,1,z:ilp,nat-oop,94,121,16.826,1.280,4.188e-16,2p,1
56,1,z:ilp,nat-oop,71,69,22.791,0.964,1.840e-16,2p,0
56,1,z:ilp,nat-oop,71,69,22.790,0.969,1.840e-16,2p,1
57,1,z:ilp,nat-oop,137,418,12.144,3.056,5.436e-16,2p,0
57,1,z:ilp,nat-oop,137,418,12.126,3.050,5.436e-16,2p,1
58,1,z:ilp,nat-oop,195,557,8.698,2.854,3.953e-16,flat,0
58,1,z:ilp,nat-oop,195,558,8.697,2.855,3.953e-16,flat,1
59,1,z:ilp,nat-oop,374,705,4.644,1.887,3.709e-16,prime,0
59,1,z:ilp,nat-oop,374,695,4.643,1.859,3.709e-16,prime,1
60,1,z:ilp,nat-oop,73,69,24.271,0.950,3.390e-16,2p,0
60,1,z:ilp,nat-oop,73,70,24.370,0.962,3.390e-16,2p,1
61,1,z:ilp,nat-oop,343,595,5.266,1.731,5.072e-16,prime,0
61,1,z:ilp,nat-oop,313,593,5.783,1.897,5.072e-16,prime,1
62,1,z:ilp,nat-oop,213,626,8.668,2.937,3.508e-16,flat,0
62,1,z:ilp,nat-oop,219,657,8.421,2.996,3.508e-16,flat,1
63,1,z:ilp,nat-oop,97,133,19.496,1.373,3.482e-16,2p,0
63,1,z:ilp,nat-oop,97,133,19.344,1.365,3.482e-16,2p,1
64,1,z:ilp,nat-oop,62,67,30.953,1.073,1.530e-16,2p,0
64,1,z:ilp,nat-oop,62,66,30.937,1.071,1.530e-16,2p,1
65,1,z:ilp,nat-oop,116,142,16.863,1.222,4.726e-16,2p,0
65,1,z:ilp,nat-oop,116,142,16.817,1.220,4.726e-16,2p,1
66,1,z:ilp,nat-oop,96,117,20.804,1.222,2.985e-16,2p,0
66,1,z:ilp,nat-oop,96,117,20.773,1.223,2.985e-16,2p,1
67,1,z:ilp,nat-oop,362,1078,5.618,2.981,4.598e-16,prime,0
67,1,z:ilp,nat-oop,361,1091,5.632,3.023,4.598e-16,prime,1
68,1,z:ilp,nat-oop,115,461,17.929,3.996,3.203e-16,2p,0
68,1,z:ilp,nat-oop,115,461,18.020,4.017,3.203e-16,2p,1
69,1,z:ilp,nat-oop,202,604,10.445,2.991,4.051e-16,2p,0
69,1,z:ilp,nat-oop,202,604,10.455,2.997,4.051e-16,2p,1
70,1,z:ilp,nat-oop,90,106,23.768,1.177,2.337e-16,2p,0
70,1,z:ilp,nat-oop,90,106,23.787,1.178,2.337e-16,2p,1
71,1,z:ilp,nat-oop,358,809,6.100,2.260,4.460e-16,prime,0
71,1,z:ilp,nat-oop,358,807,6.097,2.254,4.460e-16,prime,1
72,1,z:ilp,nat-oop,92,81,24.191,0.879,3.248e-16,2p,0
72,1,z:ilp,nat-oop,92,81,24.190,0.878,3.248e-16,2p,1
73,1,z:ilp,nat-oop,352,699,6.427,1.989,8.312e-16,prime,0
73,1,z:ilp,nat-oop,352,701,6.426,1.993,8.312e-16,prime,1
74,1,z:ilp,nat-oop,457,843,5.024,1.844,4.304e-16,flat,0
74,1,z:ilp,nat-oop,457,893,5.031,1.955,4.304e-16,flat,1
75,1,z:ilp,nat-oop,111,145,20.984,1.300,2.461e-16,2p,0
75,1,z:ilp,nat-oop,111,149,20.971,1.340,2.461e-16,2p,1
76,1,z:ilp,nat-oop,146,613,16.266,4.200,3.582e-16,2p,0
76,1,z:ilp,nat-oop,153,613,15.552,4.015,3.582e-16,2p,1
77,1,z:ilp,nat-oop,123,157,19.581,1.277,2.523e-16,2p,0
77,1,z:ilp,nat-oop,123,159,19.573,1.289,2.523e-16,2p,1
78,1,z:ilp,nat-oop,120,133,20.398,1.106,5.409e-16,2p,0
78,1,z:ilp,nat-oop,147,133,16.697,0.906,5.409e-16,2p,1
79,1,z:ilp,nat-oop,617,1018,4.038,1.652,1.082e-15,prime,0
79,1,z:ilp,nat-oop,443,1017,5.618,2.295,1.082e-15,prime,1
80,1,z:ilp,nat-oop,86,85,29.519,0.989,4.144e-16,2p,0
80,1,z:ilp,nat-oop,85,85,29.758,0.998,4.144e-16,2p,1
81,1,z:ilp,nat-oop,123,214,20.828,1.732,4.272e-16,2p,0
81,1,z:ilp,nat-oop,123,214,20.844,1.735,4.272e-16,2p,1
82,1,z:ilp,nat-oop,689,1066,3.783,1.547,3.704e-16,prime,0
82,1,z:ilp,nat-oop,711,1066,3.666,1.499,3.704e-16,prime,1
83,1,z:ilp,nat-oop,687,1054,3.852,1.535,4.721e-16,prime,0
83,1,z:ilp,nat-oop,686,1055,3.857,1.539,4.721e-16,prime,1
84,1,z:ilp,nat-oop,116,101,23.171,0.870,3.544e-16,2p,0
84,1,z:ilp,nat-oop,108,142,24.768,1.309,3.544e-16,2p,1
85,1,z:ilp,nat-oop,176,633,15.454,3.592,4.369e-16,2p,0
85,1,z:ilp,nat-oop,174,675,15.693,3.889,4.369e-16,2p,1
86,1,z:ilp,nat-oop,687,1112,4.020,1.617,2.859e-16,prime,0
86,1,z:ilp,nat-oop,701,1112,3.943,1.586,3.812e-16,prime,1
87,1,z:ilp,nat-oop,334,896,8.381,2.678,5.479e-16,flat,0
87,1,z:ilp,nat-oop,369,948,7.586,2.566,5.479e-16,flat,1
88,1,z:ilp,nat-oop,114,193,24.918,1.691,2.784e-16,2p,0
88,1,z:ilp,nat-oop,114,216,24.830,1.887,2.784e-16,2p,1
89,1,z:ilp,nat-oop,461,1074,6.247,2.327,4.372e-16,prime,0
89,1,z:ilp,nat-oop,460,1076,6.259,2.338,4.372e-16,prime,1
90,1,z:ilp,nat-oop,116,123,25.155,1.058,3.991e-16,2p,0
90,1,z:ilp,nat-oop,116,123,25.144,1.057,3.991e-16,2p,1
91,1,z:ilp,nat-oop,160,178,18.521,1.116,4.960e-16,2p,0
91,1,z:ilp,nat-oop,159,178,18.606,1.121,4.960e-16,2p,1
92,1,z:ilp,nat-oop,175,838,17.173,4.798,4.137e-16,2p,0
92,1,z:ilp,nat-oop,175,839,17.179,4.801,4.137e-16,2p,1
93,1,z:ilp,nat-oop,373,1001,8.160,2.686,4.370e-16,flat,0
93,1,z:ilp,nat-oop,370,1002,8.215,2.706,4.370e-16,flat,1
94,1,z:ilp,nat-oop,712,1388,4.329,1.950,4.933e-16,prime,0
94,1,z:ilp,nat-oop,711,1387,4.330,1.950,4.933e-16,prime,1
95,1,z:ilp,nat-oop,213,696,14.619,3.261,2.959e-16,2p,0
95,1,z:ilp,nat-oop,214,735,14.555,3.427,2.959e-16,2p,1
96,1,z:ilp,nat-oop,98,97,32.248,0.993,2.959e-16,2p,0
96,1,z:ilp,nat-oop,99,97,31.986,0.985,2.959e-16,2p,1
97,1,z:ilp,nat-oop,446,905,7.183,2.031,6.523e-16,prime,0
97,1,z:ilp,nat-oop,446,919,7.177,2.061,6.523e-16,prime,1
98,1,z:ilp,nat-oop,224,155,14.489,0.692,3.792e-16,flat,0
98,1,z:ilp,nat-oop,223,155,14.526,0.695,3.792e-16,flat,1
99,1,z:ilp,nat-oop,167,275,19.629,1.647,5.305e-16,2p,0
99,1,z:ilp,nat-oop,167,199,19.626,1.191,5.305e-16,2p,1
100,1,z:ilp,nat-oop,114,110,29.184,0.968,2.513e-16,2p,0
100,1,z:ilp,nat-oop,114,110,29.106,0.965,2.513e-16,2p,1
101,1,z:ilp,nat-oop,489,957,6.875,1.957,6.252e-16,prime,0
101,1,z:ilp,nat-oop,490,960,6.855,1.956,6.252e-16,prime,1
102,1,z:ilp,nat-oop,175,693,19.437,3.957,4.618e-16,2p,0
102,1,z:ilp,nat-oop,184,693,18.448,3.756,4.618e-16,2p,1
103,1,z:ilp,nat-oop,641,1391,5.373,2.170,1.169e-15,prime,0
103,1,z:ilp,nat-oop,621,1397,5.548,2.251,1.169e-15,prime,1
104,1,z:ilp,nat-oop,146,169,23.845,1.156,4.772e-16,2p,0
104,1,z:ilp,nat-oop,146,169,23.848,1.159,4.772e-16,2p,1
105,1,z:ilp,nat-oop,159,190,22.216,1.195,3.971e-16,2p,0
105,1,z:ilp,nat-oop,150,190,23.500,1.265,3.971e-16,2p,1
106,1,z:ilp,nat-oop,790,1692,4.514,2.142,3.891e-16,prime,0
106,1,z:ilp,nat-oop,806,1692,4.426,2.101,3.891e-16,prime,1
107,1,z:ilp,nat-oop,796,1402,4.531,1.762,6.250e-16,prime,0
107,1,z:ilp,nat-oop,809,1555,4.458,1.922,6.250e-16,prime,1
108,1,z:ilp,nat-oop,155,158,23.594,1.020,4.442e-16,2p,0
108,1,z:ilp,nat-oop,141,158,25.854,1.118,4.442e-16,2p,1
109,1,z:ilp,nat-oop,557,1111,6.627,1.996,6.944e-16,prime,0
109,1,z:ilp,nat-oop,558,1204,6.611,2.158,6.944e-16,prime,1
110,1,z:ilp,nat-oop,156,190,23.927,1.220,4.132e-16,2p,0
110,1,z:ilp,nat-oop,156,190,23.945,1.218,4.132e-16,2p,1
111,1,z:ilp,nat-oop,710,1342,5.313,1.891,3.218e-16,prime,0
111,1,z:ilp,nat-oop,730,1342,5.164,1.838,4.425e-16,prime,1
112,1,z:ilp,nat-oop,140,125,27.153,0.893,2.893e-16,2p,0
112,1,z:ilp,nat-oop,139,123,27.473,0.887,2.893e-16,2p,1
113,1,z:ilp,nat-oop,555,1627,6.938,2.929,6.326e-16,prime,0
113,1,z:ilp,nat-oop,555,1645,6.938,2.961,6.326e-16,prime,1
114,1,z:ilp,nat-oop,209,825,18.671,3.953,3.872e-16,2p,0
114,1,z:ilp,nat-oop,212,824,18.330,3.877,3.872e-16,2p,1
115,1,z:ilp,nat-oop,300,988,13.127,3.295,4.120e-16,2p,0
115,1,z:ilp,nat-oop,300,989,13.138,3.300,4.120e-16,2p,1
116,1,z:ilp,nat-oop,342,1115,11.640,3.262,5.482e-16,flat,0
116,1,z:ilp,nat-oop,603,1114,6.601,1.849,5.482e-16,flat,1
117,1,z:ilp,nat-oop,198,227,20.340,1.151,5.721e-16,2p,0
117,1,z:ilp,nat-oop,197,229,20.358,1.159,5.721e-16,2p,1
118,1,z:ilp,nat-oop,815,1699,4.983,2.085,3.882e-16,prime,0
118,1,z:ilp,nat-oop,801,1589,5.070,1.984,3.882e-16,prime,1
119,1,z:ilp,nat-oop,228,818,17.997,3.587,3.727e-16,2p,0
119,1,z:ilp,nat-oop,233,818,17.628,3.516,3.727e-16,2p,1
120,1,z:ilp,nat-oop,143,127,28.969,0.889,4.666e-16,2p,0
120,1,z:ilp,nat-oop,133,135,31.066,1.012,4.666e-16,2p,1
121,1,z:ilp,nat-oop,209,366,20.005,1.748,3.276e-16,2p,0
121,1,z:ilp,nat-oop,209,366,19.998,1.747,3.276e-16,2p,1
122,1,z:ilp,nat-oop,802,1248,5.269,1.555,4.193e-16,prime,0
122,1,z:ilp,nat-oop,815,1298,5.184,1.591,4.193e-16,prime,1
123,1,z:ilp,nat-oop,756,1539,5.648,2.035,3.393e-16,prime,0
123,1,z:ilp,nat-oop,731,1539,5.837,2.104,3.393e-16,prime,1
124,1,z:ilp,nat-oop,416,1250,10.367,3.005,5.872e-16,flat,0
124,1,z:ilp,nat-oop,372,1250,11.603,3.364,5.872e-16,flat,1
125,1,z:ilp,nat-oop,210,273,20.720,1.301,4.544e-16,2p,0
125,1,z:ilp,nat-oop,209,273,20.844,1.309,4.544e-16,2p,1
126,1,z:ilp,nat-oop,182,197,24.151,1.084,2.764e-16,2p,0
126,1,z:ilp,nat-oop,170,197,25.913,1.162,2.764e-16,2p,1
127,1,z:ilp,nat-oop,831,1364,5.342,1.642,9.234e-16,prime,0
127,1,z:ilp,nat-oop,840,1378,5.284,1.641,9.234e-16,prime,1
128,1,z:ilp,nat-oop,124,125,36.042,1.010,2.142e-16,2p,0
128,1,z:ilp,nat-oop,124,125,36.025,1.004,2.142e-16,2p,1
129,1,z:ilp,nat-oop,504,1816,8.965,3.600,4.368e-16,flat,0
129,1,z:ilp,nat-oop,506,1770,8.941,3.500,4.368e-16,flat,1
130,1,z:ilp,nat-oop,191,218,23.954,1.141,4.742e-16,2p,0
130,1,z:ilp,nat-oop,191,217,23.934,1.139,4.742e-16,2p,1
131,1,z:ilp,nat-oop,750,1771,6.141,2.361,6.735e-16,prime,0
131,1,z:ilp,nat-oop,726,1790,6.349,2.467,6.735e-16,prime,1
132,1,z:ilp,nat-oop,180,277,25.899,1.543,4.582e-16,2p,0
132,1,z:ilp,nat-oop,180,277,25.823,1.541,4.582e-16,2p,1
133,1,z:ilp,nat-oop,271,975,17.317,3.599,3.471e-16,2p,0
133,1,z:ilp,nat-oop,278,1125,16.884,4.048,3.471e-16,2p,1
134,1,z:ilp,nat-oop,1588,2358,2.981,1.485,4.069e-16,prime,0
134,1,z:ilp,nat-oop,1555,2594,3.044,1.668,4.069e-16,prime,1
135,1,z:ilp,nat-oop,194,245,24.657,1.263,3.008e-16,2p,0
135,1,z:ilp,nat-oop,194,247,24.618,1.273,3.008e-16,2p,1
136,1,z:ilp,nat-oop,215,921,22.399,4.280,3.848e-16,2p,0
136,1,z:ilp,nat-oop,215,922,22.435,4.291,3.848e-16,2p,1
137,1,z:ilp,nat-oop,810,1838,6.002,2.269,8.329e-16,prime,0
137,1,z:ilp,nat-oop,805,1700,6.036,2.110,8.329e-16,prime,1
138,1,z:ilp,nat-oop,266,1147,18.467,4.319,4.808e-16,2p,0
138,1,z:ilp,nat-oop,264,1149,18.579,4.351,4.808e-16,2p,1
139,1,z:ilp,nat-oop,963,1663,5.137,1.726,7.361e-16,prime,0
139,1,z:ilp,nat-oop,964,1689,5.132,1.752,7.361e-16,prime,1
140,1,z:ilp,nat-oop,261,193,19.138,0.739,2.726e-16,chain3,0
140,1,z:ilp,nat-oop,261,166,19.095,0.637,2.726e-16,chain3,1
141,1,z:ilp,nat-oop,577,2035,8.718,3.526,3.905e-16,flat,0
141,1,z:ilp,nat-oop,578,2036,8.715,3.526,3.905e-16,flat,1
142,1,z:ilp,nat-oop,1535,1789,3.306,1.165,5.871e-16,prime,0
142,1,z:ilp,nat-oop,1532,1777,3.314,1.160,5.871e-16,prime,1
143,1,z:ilp,nat-oop,262,423,19.531,1.614,4.035e-16,2p,0
143,1,z:ilp,nat-oop,261,452,19.582,1.731,4.035e-16,2p,1
144,1,z:ilp,nat-oop,232,157,22.289,0.676,3.598e-16,chain3,0
144,1,z:ilp,nat-oop,231,156,22.332,0.677,3.598e-16,chain3,1
145,1,z:ilp,nat-oop,384,1409,13.544,3.666,4.010e-16,2p,0
145,1,z:ilp,nat-oop,384,1420,13.559,3.700,4.010e-16,2p,1
146,1,z:ilp,nat-oop,1540,1486,3.407,0.964,6.195e-16,prime,0
146,1,z:ilp,nat-oop,1549,1485,3.388,0.959,6.195e-16,prime,1
147,1,z:ilp,nat-oop,310,413,17.050,1.332,3.087e-16,chain3,0
147,1,z:ilp,nat-oop,304,414,17.428,1.362,3.087e-16,chain3,1
148,1,z:ilp,nat-oop,353,1695,15.123,4.806,2.818e-16,2p,0
148,1,z:ilp,nat-oop,354,1794,15.063,5.065,2.818e-16,2p,1
149,1,z:ilp,nat-oop,1321,1717,4.071,1.299,5.845e-16,prime,0
149,1,z:ilp,nat-oop,1391,1719,3.866,1.236,5.845e-16,prime,1
150,1,z:ilp,nat-oop,186,208,29.141,1.120,3.509e-16,2p,0
150,1,z:ilp,nat-oop,187,223,28.964,1.190,3.509e-16,2p,1
151,1,z:ilp,nat-oop,904,1513,6.045,1.674,6.815e-16,prime,0
151,1,z:ilp,nat-oop,904,1529,6.049,1.693,6.815e-16,prime,1
152,1,z:ilp,nat-oop,267,1097,20.618,4.104,4.059e-16,2p,0
152,1,z:ilp,nat-oop,258,1097,21.352,4.252,4.059e-16,2p,1
153,1,z:ilp,nat-oop,303,1063,18.322,3.509,4.234e-16,2p,0
153,1,z:ilp,nat-oop,294,1064,18.888,3.619,4.234e-16,2p,1
154,1,z:ilp,nat-oop,362,391,15.451,1.081,4.576e-16,flat,0
154,1,z:ilp,nat-oop,365,402,15.328,1.101,4.576e-16,flat,1
155,1,z:ilp,nat-oop,639,1634,8.823,2.557,3.602e-16,2p,0
155,1,z:ilp,nat-oop,603,1634,9.356,2.710,3.602e-16,2p,1
156,1,z:ilp,nat-oop,228,306,24.884,1.338,5.892e-16,2p,0
156,1,z:ilp,nat-oop,228,306,24.895,1.339,5.892e-16,2p,1
157,1,z:ilp,nat-oop,866,1641,6.613,1.895,1.233e-15,prime,0
157,1,z:ilp,nat-oop,860,1630,6.661,1.896,1.233e-15,prime,1
158,1,z:ilp,nat-oop,1474,2077,3.914,1.409,4.877e-16,prime,0
158,1,z:ilp,nat-oop,1697,2119,3.400,1.249,4.877e-16,prime,1
159,1,z:ilp,nat-oop,1469,2468,3.958,1.680,4.536e-16,prime,0
159,1,z:ilp,nat-oop,1477,2468,3.935,1.670,4.536e-16,prime,1
160,1,z:ilp,nat-oop,161,164,36.276,1.017,2.951e-16,2p,0
160,1,z:ilp,nat-oop,162,164,36.225,1.015,2.951e-16,2p,1
161,1,z:ilp,nat-oop,378,1484,15.617,3.926,4.528e-16,2p,0
161,1,z:ilp,nat-oop,351,1485,16.831,4.234,4.528e-16,2p,1
162,1,z:ilp,nat-oop,214,316,27.784,1.478,4.248e-16,2p,0
162,1,z:ilp,nat-oop,228,316,26.084,1.388,4.248e-16,2p,1
163,1,z:ilp,nat-oop,1050,1811,5.705,1.725,6.840e-16,prime,0
163,1,z:ilp,nat-oop,1047,1809,5.718,1.727,6.840e-16,prime,1
164,1,z:ilp,nat-oop,768,2106,7.856,2.742,4.453e-16,2p,0
164,1,z:ilp,nat-oop,622,2085,9.699,3.352,4.453e-16,2p,1
165,1,z:ilp,nat-oop,253,367,24.003,1.451,3.759e-16,2p,0
165,1,z:ilp,nat-oop,253,368,23.978,1.452,3.759e-16,2p,1
166,1,z:ilp,nat-oop,1524,2836,4.017,1.861,6.472e-16,prime,0
166,1,z:ilp,nat-oop,1716,2886,3.568,1.682,6.472e-16,prime,1
167,1,z:ilp,nat-oop,1603,2358,3.846,1.471,4.939e-16,prime,0
167,1,z:ilp,nat-oop,1534,2223,4.018,1.449,4.939e-16,prime,1
168,1,z:ilp,nat-oop,284,199,21.886,0.700,2.554e-16,chain3,0
168,1,z:ilp,nat-oop,284,198,21.901,0.699,2.554e-16,chain3,1
169,1,z:ilp,nat-oop,318,584,19.679,1.836,5.982e-16,2p,0
169,1,z:ilp,nat-oop,318,711,19.669,2.237,5.982e-16,2p,1
170,1,z:ilp,nat-oop,278,1161,22.633,4.171,7.597e-16,2p,0
170,1,z:ilp,nat-oop,278,1164,22.616,4.180,7.597e-16,2p,1
171,1,z:ilp,nat-oop,350,1263,18.098,3.605,6.271e-16,2p,0
171,1,z:ilp,nat-oop,352,1266,17.995,3.593,6.271e-16,2p,1
172,1,z:ilp,nat-oop,464,2256,13.751,4.858,4.331e-16,2p,0
172,1,z:ilp,nat-oop,465,2253,13.729,4.844,4.331e-16,2p,1
173,1,z:ilp,nat-oop,1672,2187,3.845,1.308,4.633e-16,prime,0
173,1,z:ilp,nat-oop,1473,2250,4.366,1.528,4.633e-16,prime,1
174,1,z:ilp,nat-oop,381,1809,16.996,4.749,5.544e-16,2p,0
174,1,z:ilp,nat-oop,380,1808,17.046,4.758,5.544e-16,2p,1
175,1,z:ilp,nat-oop,414,385,15.751,0.931,3.710e-16,chain3,0
175,1,z:ilp,nat-oop,362,381,18.007,1.052,3.710e-16,chain3,1
176,1,z:ilp,nat-oop,238,351,27.537,1.471,2.433e-16,2p,0
176,1,z:ilp,nat-oop,351,351,18.676,0.999,2.433e-16,2p,1
177,1,z:ilp,nat-oop,1579,2413,4.186,1.528,5.456e-16,prime,0
177,1,z:ilp,nat-oop,1562,2419,4.232,1.549,5.456e-16,prime,1
178,1,z:ilp,nat-oop,1478,2744,4.501,1.856,5.520e-16,prime,0
178,1,z:ilp,nat-oop,1478,2753,4.503,1.863,5.520e-16,prime,1
179,1,z:ilp,nat-oop,1488,2220,4.500,1.492,6.297e-16,prime,0
179,1,z:ilp,nat-oop,1468,2220,4.562,1.512,6.297e-16,prime,1
180,1,z:ilp,nat-oop,220,242,30.675,1.099,4.001e-16,2p,0
180,1,z:ilp,nat-oop,222,242,30.360,1.088,4.001e-16,2p,1
181,1,z:ilp,nat-oop,1032,1790,6.577,1.734,6.910e-16,prime,0
181,1,z:ilp,nat-oop,1034,1815,6.562,1.754,6.910e-16,prime,1
182,1,z:ilp,nat-oop,442,450,15.457,1.019,5.263e-16,flat,0
182,1,z:ilp,nat-oop,447,446,15.269,0.996,5.263e-16,flat,1
183,1,z:ilp,nat-oop,1543,1999,4.457,1.296,4.875e-16,prime,0
183,1,z:ilp,nat-oop,1539,2005,4.469,1.303,4.875e-16,prime,1
184,1,z:ilp,nat-oop,441,1642,15.702,3.724,4.232e-16,2p,0
184,1,z:ilp,nat-oop,439,1643,15.767,3.742,4.232e-16,2p,1
185,1,z:ilp,nat-oop,816,2255,8.536,2.763,4.255e-16,2p,0
185,1,z:ilp,nat-oop,818,2286,8.515,2.795,4.255e-16,2p,1
186,1,z:ilp,nat-oop,417,1886,16.796,4.517,6.281e-16,2p,0
186,1,z:ilp,nat-oop,417,1887,16.802,4.521,6.281e-16,2p,1
187,1,z:ilp,nat-oop,463,1494,15.237,3.226,6.530e-16,flat,0
187,1,z:ilp,nat-oop,464,1496,15.224,3.227,6.530e-16,flat,1
188,1,z:ilp,nat-oop,957,2613,7.423,2.732,4.476e-16,2p,0
188,1,z:ilp,nat-oop,1002,2613,7.089,2.609,4.476e-16,2p,1
189,1,z:ilp,nat-oop,358,513,19.986,1.434,4.741e-16,chain3,0
189,1,z:ilp,nat-oop,357,513,20.033,1.438,4.741e-16,chain3,1
190,1,z:ilp,nat-oop,342,1391,20.997,4.062,3.457e-16,2p,0
190,1,z:ilp,nat-oop,336,1382,21.386,4.110,3.457e-16,2p,1
191,1,z:ilp,nat-oop,1201,1936,6.025,1.612,8.399e-16,prime,0
191,1,z:ilp,nat-oop,1202,2116,6.020,1.760,8.399e-16,prime,1
192,1,z:ilp,nat-oop,199,195,36.616,0.981,2.690e-16,2p,0
192,1,z:ilp,nat-oop,199,204,36.629,1.028,2.690e-16,2p,1
193,1,z:ilp,nat-oop,942,1791,7.775,1.900,5.399e-16,prime,0
193,1,z:ilp,nat-oop,951,1786,7.703,1.878,5.399e-16,prime,1
194,1,z:ilp,nat-oop,1718,1903,4.292,1.108,4.616e-16,prime,0
194,1,z:ilp,nat-oop,1482,1909,4.974,1.288,4.616e-16,prime,1
195,1,z:ilp,nat-oop,383,430,19.369,1.122,7.094e-16,chain3,0
195,1,z:ilp,nat-oop,382,430,19.438,1.127,7.094e-16,chain3,1
196,1,z:ilp,nat-oop,408,369,18.295,0.904,2.758e-16,chain3,0
196,1,z:ilp,nat-oop,408,371,18.290,0.909,2.758e-16,chain3,1
197,1,z:ilp,nat-oop,1428,2236,5.257,1.566,5.265e-16,prime,0
197,1,z:ilp,nat-oop,1363,2208,5.507,1.620,5.265e-16,prime,1
198,1,z:ilp,nat-oop,390,440,19.372,1.128,4.918e-16,chain3,0
198,1,z:ilp,nat-oop,363,471,20.804,1.296,4.918e-16,chain3,1
199,1,z:ilp,nat-oop,1363,2224,5.574,1.632,6.756e-16,prime,0
199,1,z:ilp,nat-oop,1358,2212,5.596,1.629,6.756e-16,prime,1
200,1,z:ilp,nat-oop,304,218,25.177,0.716,3.470e-16,chain3,0
200,1,z:ilp,nat-oop,301,220,25.353,0.731,3.470e-16,chain3,1
201,1,z:ilp,nat-oop,1595,3429,4.822,2.150,7.985e-16,prime,0
201,1,z:ilp,nat-oop,1584,3470,4.855,2.191,7.985e-16,prime,1
202,1,z:ilp,nat-oop,1578,2134,4.901,1.352,4.047e-16,prime,0
202,1,z:ilp,nat-oop,1598,2131,4.842,1.334,4.047e-16,prime,1
203,1,z:ilp,nat-oop,512,1977,15.203,3.864,4.500e-16,2p,0
203,1,z:ilp,nat-oop,506,1979,15.389,3.913,4.500e-16,2p,1
204,1,z:ilp,nat-oop,399,1490,19.636,3.740,5.341e-16,chain3,0
204,1,z:ilp,nat-oop,403,1491,19.435,3.703,5.341e-16,chain3,1
205,1,z:ilp,nat-oop,665,2198,11.846,3.308,4.268e-16,2p,0
205,1,z:ilp,nat-oop,666,2208,11.817,3.315,4.268e-16,2p,1
206,1,z:ilp,nat-oop,1653,4099,4.790,2.480,7.658e-16,prime,0
206,1,z:ilp,nat-oop,1657,4175,4.778,2.519,7.658e-16,prime,1
207,1,z:ilp,nat-oop,561,1777,14.205,3.171,4.371e-16,2p,0
207,1,z:ilp,nat-oop,553,1745,14.390,3.154,4.371e-16,2p,1
208,1,z:ilp,nat-oop,278,404,28.804,1.452,4.971e-16,2p,0
208,1,z:ilp,nat-oop,277,404,28.912,1.458,4.971e-16,2p,1
209,1,z:ilp,nat-oop,453,1758,17.795,3.884,3.609e-16,2p,0
209,1,z:ilp,nat-oop,453,1771,17.784,3.911,3.609e-16,2p,1
210,1,z:ilp,nat-oop,344,304,23.558,0.884,3.539e-16,chain3,0
210,1,z:ilp,nat-oop,340,304,23.795,0.894,3.539e-16,chain3,1
211,1,z:ilp,nat-oop,1480,2696,5.505,1.822,7.054e-16,prime,0
211,1,z:ilp,nat-oop,1380,2975,5.902,2.156,7.054e-16,prime,1
212,1,z:ilp,nat-oop,1584,3499,5.171,2.209,4.536e-16,prime,0
212,1,z:ilp,nat-oop,1584,3573,5.172,2.256,4.536e-16,prime,1
213,1,z:ilp,nat-oop,1601,2835,5.146,1.771,6.348e-16,prime,0
213,1,z:ilp,nat-oop,1597,2578,5.159,1.615,6.348e-16,prime,1
214,1,z:ilp,nat-oop,1591,2976,5.206,1.871,6.083e-16,prime,0
214,1,z:ilp,nat-oop,1582,3231,5.235,2.042,6.083e-16,prime,1
215,1,z:ilp,nat-oop,764,2823,10.908,3.697,4.471e-16,flat,0
215,1,z:ilp,nat-oop,763,2956,10.913,3.873,4.471e-16,flat,1
216,1,z:ilp,nat-oop,300,364,27.889,1.213,3.919e-16,2p,0
216,1,z:ilp,nat-oop,298,364,28.145,1.224,3.919e-16,2p,1
217,1,z:ilp,nat-oop,882,2217,9.548,2.514,4.243e-16,2p,0
217,1,z:ilp,nat-oop,739,2218,11.394,3.001,4.243e-16,2p,1
218,1,z:ilp,nat-oop,1607,2359,5.270,1.468,4.802e-16,prime,0
218,1,z:ilp,nat-oop,1507,2362,5.618,1.567,4.802e-16,prime,1
219,1,z:ilp,nat-oop,1599,2438,5.325,1.525,5.488e-16,prime,0
219,1,z:ilp,nat-oop,1643,2419,5.181,1.472,5.488e-16,prime,1
220,1,z:ilp,nat-oop,447,445,19.137,0.995,2.814e-16,chain3,0
220,1,z:ilp,nat-oop,388,445,22.033,1.144,2.814e-16,chain3,1
221,1,z:ilp,nat-oop,464,1765,18.542,3.804,6.150e-16,2p,0
221,1,z:ilp,nat-oop,456,1767,18.864,3.873,6.150e-16,2p,1
222,1,z:ilp,nat-oop,537,2550,16.118,4.751,3.880e-16,2p,0
222,1,z:ilp,nat-oop,537,2551,16.100,4.747,3.880e-16,2p,1
223,1,z:ilp,nat-oop,1586,2915,5.485,1.838,6.120e-16,prime,0
223,1,z:ilp,nat-oop,1594,2915,5.456,1.829,6.120e-16,prime,1
224,1,z:ilp,nat-oop,264,250,33.100,0.945,3.276e-16,2p,0
224,1,z:ilp,nat-oop,265,249,33.052,0.942,3.276e-16,2p,1
225,1,z:ilp,nat-oop,346,503,25.419,1.455,4.832e-16,2p,0
225,1,z:ilp,nat-oop,378,504,23.262,1.333,4.832e-16,2p,1
226,1,z:ilp,nat-oop,1619,3519,5.459,2.174,4.791e-16,prime,0
226,1,z:ilp,nat-oop,1521,3512,5.810,2.309,4.791e-16,prime,1
227,1,z:ilp,nat-oop,1577,2655,5.632,1.684,4.314e-16,prime,0
227,1,z:ilp,nat-oop,1582,2689,5.616,1.700,4.314e-16,prime,1
228,1,z:ilp,nat-oop,656,1895,13.614,2.889,1.101e-15,flat,0
228,1,z:ilp,nat-oop,718,1887,12.445,2.630,1.101e-15,flat,1
229,1,z:ilp,nat-oop,1427,2643,6.290,1.852,6.259e-16,prime,0
229,1,z:ilp,nat-oop,1436,2756,6.249,1.919,6.259e-16,prime,1
230,1,z:ilp,nat-oop,438,1912,20.597,4.365,4.654e-16,2p,0
230,1,z:ilp,nat-oop,437,1908,20.623,4.362,4.654e-16,2p,1
231,1,z:ilp,nat-oop,443,657,20.468,1.484,3.545e-16,chain3,0
231,1,z:ilp,nat-oop,440,629,20.627,1.431,3.545e-16,chain3,1
232,1,z:ilp,nat-oop,665,2265,13.698,3.404,5.311e-16,flat,0
232,1,z:ilp,nat-oop,676,2264,13.487,3.350,5.311e-16,flat,1
233,1,z:ilp,nat-oop,1600,2664,5.727,1.665,4.971e-16,prime,0
233,1,z:ilp,nat-oop,1639,2688,5.590,1.640,4.971e-16,prime,1
234,1,z:ilp,nat-oop,495,502,18.615,1.015,5.089e-16,chain3,0
234,1,z:ilp,nat-oop,538,502,17.104,0.933,5.089e-16,chain3,1
235,1,z:ilp,nat-oop,1283,3291,7.214,2.565,3.922e-16,2p,0
235,1,z:ilp,nat-oop,1265,3586,7.316,2.835,3.922e-16,2p,1
236,1,z:ilp,nat-oop,1612,3152,5.769,1.955,4.764e-16,prime,0
236,1,z:ilp,nat-oop,1598,3258,5.820,2.039,4.764e-16,prime,1
237,1,z:ilp,nat-oop,1630,3191,5.735,1.958,6.142e-16,prime,0
237,1,z:ilp,nat-oop,1603,3191,5.833,1.991,6.142e-16,prime,1
238,1,z:ilp,nat-oop,691,1751,13.603,2.536,1.183e-15,flat,0
238,1,z:ilp,nat-oop,677,1965,13.877,2.903,1.183e-15,flat,1
239,1,z:ilp,nat-oop,1611,2674,5.861,1.660,4.874e-16,prime,0
239,1,z:ilp,nat-oop,1609,2697,5.867,1.676,4.874e-16,prime,1
240,1,z:ilp,nat-oop,304,257,31.221,0.844,3.036e-16,2p,0
240,1,z:ilp,nat-oop,302,257,31.385,0.850,3.036e-16,2p,1
241,1,z:ilp,nat-oop,1478,2297,6.452,1.555,4.030e-16,prime,0
241,1,z:ilp,nat-oop,1401,2275,6.804,1.624,4.030e-16,prime,1
242,1,z:ilp,nat-oop,743,1013,12.889,1.363,7.610e-16,flat,0
242,1,z:ilp,nat-oop,604,1013,15.865,1.678,7.610e-16,flat,1
243,1,z:ilp,nat-oop,383,644,25.173,1.683,4.863e-16,2p,0
243,1,z:ilp,nat-oop,380,643,25.323,1.692,4.863e-16,2p,1
244,1,z:ilp,nat-oop,1660,2537,5.829,1.528,4.375e-16,prime,0
244,1,z:ilp,nat-oop,1636,2553,5.916,1.561,4.375e-16,prime,1
245,1,z:ilp,nat-oop,503,721,19.329,1.433,2.828e-16,chain3,0
245,1,z:ilp,nat-oop,502,721,19.352,1.435,2.828e-16,chain3,1
246,1,z:ilp,nat-oop,661,3166,14.791,4.793,2.955e-16,2p,0
246,1,z:ilp,nat-oop,661,3184,14.778,4.817,2.955e-16,2p,1
247,1,z:ilp,nat-oop,557,2078,17.610,3.728,4.655e-16,2p,0
247,1,z:ilp,nat-oop,559,2084,17.548,3.726,4.655e-16,2p,1
248,1,z:ilp,nat-oop,751,2802,13.138,3.732,4.469e-16,flat,0
248,1,z:ilp,nat-oop,748,2804,13.179,3.746,4.469e-16,flat,1
249,1,z:ilp,nat-oop,1631,3333,6.075,2.043,6.432e-16,prime,0
249,1,z:ilp,nat-oop,1710,3359,5.795,1.964,6.432e-16,prime,1
250,1,z:ilp,nat-oop,420,444,23.734,1.058,3.747e-16,chain3,0
250,1,z:ilp,nat-oop,419,418,23.759,0.997,3.747e-16,chain3,1
251,1,z:ilp,nat-oop,1542,2702,6.488,1.753,6.602e-16,prime,0
251,1,z:ilp,nat-oop,1534,2675,6.522,1.744,6.602e-16,prime,1
252,1,z:ilp,nat-oop,461,458,21.803,0.994,4.504e-16,chain3,0
252,1,z:ilp,nat-oop,458,444,21.958,0.970,4.504e-16,chain3,1
253,1,z:ilp,nat-oop,573,2390,17.621,4.170,5.050e-16,2p,0
253,1,z:ilp,nat-oop,571,2392,17.671,4.186,5.050e-16,2p,1
254,1,z:ilp,nat-oop,1534,2993,6.614,1.951,3.757e-16,prime,0
254,1,z:ilp,nat-oop,1526,2993,6.646,1.961,3.757e-16,prime,1
255,1,z:ilp,nat-oop,476,1864,21.431,3.918,5.523e-16,2p,0
255,1,z:ilp,nat-oop,466,1904,21.851,4.081,5.523e-16,2p,1
256,1,z:ilp,nat-oop,236,256,43.403,1.085,2.508e-16,2p,0
256,1,z:ilp,nat-oop,244,256,41.906,1.047,2.508e-16,2p,1
257,1,z:ilp,nat-oop,1294,2658,7.949,2.054,4.352e-16,prime,0
257,1,z:ilp,nat-oop,1277,2386,8.053,1.868,4.352e-16,prime,1
258,1,z:ilp,nat-oop,1201,3362,8.607,2.800,4.335e-16,2p,0
258,1,z:ilp,nat-oop,1037,3367,9.961,3.246,4.335e-16,2p,1
259,1,z:ilp,nat-oop,720,2997,14.416,4.162,4.373e-16,2p,0
259,1,z:ilp,nat-oop,725,3001,14.321,4.139,4.373e-16,2p,1
260,1,z:ilp,nat-oop,486,515,21.450,1.059,4.395e-16,chain3,0
260,1,z:ilp,nat-oop,485,533,21.502,1.099,4.395e-16,chain3,1
261,1,z:ilp,nat-oop,654,2809,16.009,4.292,4.506e-16,2p,0
261,1,z:ilp,nat-oop,653,2825,16.047,4.327,4.506e-16,2p,1
262,1,z:ilp,nat-oop,3386,3677,3.108,1.086,6.103e-16,prime,0
262,1,z:ilp,nat-oop,3271,3685,3.217,1.127,6.103e-16,prime,1
263,1,z:ilp,nat-oop,3403,3463,3.106,1.018,5.402e-16,prime,0
263,1,z:ilp,nat-oop,3256,3476,3.247,1.068,5.402e-16,prime,1
264,1,z:ilp,nat-oop,456,561,23.310,1.231,4.829e-16,chain3,0
264,1,z:ilp,nat-oop,459,560,23.115,1.219,4.829e-16,chain3,1
265,1,z:ilp,nat-oop,3354,4126,3.180,1.230,5.748e-16,prime,0
265,1,z:ilp,nat-oop,3272,4124,3.260,1.260,5.748e-16,prime,1
266,1,z:ilp,nat-oop,712,2080,15.055,2.923,4.362e-16,flat,0
266,1,z:ilp,nat-oop,730,2082,14.669,2.851,4.362e-16,flat,1
267,1,z:ilp,nat-oop,3377,3391,3.186,1.004,6.568e-16,prime,0
267,1,z:ilp,nat-oop,3375,3412,3.188,1.011,6.568e-16,prime,1
268,1,z:ilp,nat-oop,3408,4478,3.172,1.314,6.915e-16,prime,0
268,1,z:ilp,nat-oop,3351,4611,3.225,1.376,6.915e-16,prime,1
269,1,z:ilp,nat-oop,3313,3603,3.277,1.088,5.682e-16,prime,0
269,1,z:ilp,nat-oop,3269,3480,3.321,1.064,5.682e-16,prime,1
270,1,z:ilp,nat-oop,446,487,24.429,1.091,4.928e-16,chain3,0
270,1,z:ilp,nat-oop,446,486,24.452,1.091,4.928e-16,chain3,1
271,1,z:ilp,nat-oop,1640,2929,6.680,1.786,7.187e-16,prime,0
271,1,z:ilp,nat-oop,1668,2926,6.565,1.754,7.187e-16,prime,1
272,1,z:ilp,nat-oop,412,2075,26.693,5.036,5.752e-16,2p,0
272,1,z:ilp,nat-oop,453,2076,24.257,4.578,5.752e-16,2p,1
273,1,z:ilp,nat-oop,471,708,23.456,1.504,6.814e-16,2p,0
273,1,z:ilp,nat-oop,471,707,23.478,1.504,6.814e-16,2p,1
274,1,z:ilp,nat-oop,3494,4290,3.175,1.228,5.844e-16,prime,0
274,1,z:ilp,nat-oop,3354,4308,3.308,1.284,5.844e-16,prime,1
275,1,z:ilp,nat-oop,539,820,20.673,1.522,3.412e-16,chain3,0
275,1,z:ilp,nat-oop,538,812,20.695,1.508,3.412e-16,chain3,1
276,1,z:ilp,nat-oop,522,2847,21.454,5.459,4.483e-16,2p,0
276,1,z:ilp,nat-oop,521,3022,21.458,5.796,4.483e-16,2p,1
277,1,z:ilp,nat-oop,1922,3526,5.848,1.835,7.787e-16,prime,0
277,1,z:ilp,nat-oop,1963,3812,5.726,1.943,7.787e-16,prime,1
278,1,z:ilp,nat-oop,3505,3755,3.220,1.071,6.076e-16,prime,0
278,1,z:ilp,nat-oop,3511,3687,3.214,1.050,6.076e-16,prime,1
279,1,z:ilp,nat-oop,1077,2868,10.520,2.662,4.885e-16,2p,0
279,1,z:ilp,nat-oop,926,2977,12.233,3.213,4.885e-16,2p,1
280,1,z:ilp,nat-oop,417,328,27.284,0.785,3.636e-16,chain3,0
280,1,z:ilp,nat-oop,418,328,27.221,0.784,3.636e-16,chain3,1
281,1,z:ilp,nat-oop,1751,3438,6.528,1.964,5.448e-16,prime,0
281,1,z:ilp,nat-oop,1728,3444,6.613,1.993,5.448e-16,prime,1
282,1,z:ilp,nat-oop,1419,3933,8.087,2.771,4.314e-16,2p,0
282,1,z:ilp,nat-oop,1466,3934,7.828,2.684,4.314e-16,2p,1
283,1,z:ilp,nat-oop,3487,3515,3.305,1.008,4.837e-16,prime,0
283,1,z:ilp,nat-oop,3724,3524,3.095,0.946,4.837e-16,prime,1
284,1,z:ilp,nat-oop,3416,3427,3.387,1.003,4.413e-16,prime,0
284,1,z:ilp,nat-oop,3403,3415,3.401,1.004,4.413e-16,prime,1
285,1,z:ilp,nat-oop,583,2211,19.941,3.794,4.302e-16,2p,0
285,1,z:ilp,nat-oop,578,2339,20.088,4.044,4.302e-16,2p,1
286,1,z:ilp,nat-oop,741,989,15.741,1.334,4.861e-16,flat,0
286,1,z:ilp,nat-oop,1006,984,11.600,0.978,4.861e-16,flat,1
287,1,z:ilp,nat-oop,942,3604,12.440,3.827,2.996e-16,2p,0
287,1,z:ilp,nat-oop,887,3605,13.213,4.065,2.996e-16,2p,1
288,1,z:ilp,nat-oop,355,424,33.106,1.194,3.460e-16,2p,0
288,1,z:ilp,nat-oop,355,424,33.105,1.193,3.460e-16,2p,1
289,1,z:ilp,nat-oop,660,3787,17.902,5.738,7.914e-16,2p,0
289,1,z:ilp,nat-oop,826,3998,14.305,4.841,7.914e-16,2p,1
290,1,z:ilp,nat-oop,735,2835,16.139,3.858,4.976e-16,2p,0
290,1,z:ilp,nat-oop,675,2828,17.564,4.187,4.976e-16,2p,1
291,1,z:ilp,nat-oop,3393,3039,3.510,0.896,6.759e-16,prime,0
291,1,z:ilp,nat-oop,3319,3060,3.588,0.922,6.759e-16,prime,1
292,1,z:ilp,nat-oop,3658,2971,3.269,0.812,6.177e-16,prime,0
292,1,z:ilp,nat-oop,3695,2992,3.236,0.810,6.177e-16,prime,1
293,1,z:ilp,nat-oop,3309,3688,3.628,1.115,5.755e-16,prime,0
293,1,z:ilp,nat-oop,3319,4191,3.617,1.263,5.755e-16,prime,1
294,1,z:ilp,nat-oop,582,592,20.727,1.018,4.327e-16,chain3,0
294,1,z:ilp,nat-oop,546,608,22.060,1.112,4.327e-16,chain3,1
295,1,z:ilp,nat-oop,3342,4413,3.621,1.320,5.661e-16,prime,0
295,1,z:ilp,nat-oop,3458,4409,3.499,1.275,5.661e-16,prime,1
296,1,z:ilp,nat-oop,695,3394,17.488,4.885,3.964e-16,2p,0
296,1,z:ilp,nat-oop,696,3604,17.459,5.178,3.964e-16,2p,1
297,1,z:ilp,nat-oop,582,783,20.977,1.347,5.212e-16,chain3,0
297,1,z:ilp,nat-oop,585,787,20.864,1.346,5.212e-16,chain3,1
298,1,z:ilp,nat-oop,3324,4321,3.685,1.300,4.316e-16,prime,0
298,1,z:ilp,nat-oop,3317,4688,3.692,1.413,4.316e-16,prime,1
299,1,z:ilp,nat-oop,708,2962,17.370,4.184,4.843e-16,2p,0
299,1,z:ilp,nat-oop,705,3148,17.441,4.466,4.843e-16,2p,1
300,1,z:ilp,nat-oop,486,419,25.404,0.862,3.788e-16,chain3,0
300,1,z:ilp,nat-oop,489,419,25.235,0.856,3.788e-16,chain3,1
301,1,z:ilp,nat-oop,1073,4494,11.554,4.190,4.070e-16,flat,0
301,1,z:ilp,nat-oop,1068,4496,11.598,4.208,4.070e-16,flat,1
302,1,z:ilp,nat-oop,3288,3316,3.784,1.009,5.055e-16,prime,0
302,1,z:ilp,nat-oop,3472,3353,3.583,0.966,5.055e-16,prime,1
303,1,z:ilp,nat-oop,3356,3071,3.721,0.915,4.572e-16,prime,0
303,1,z:ilp,nat-oop,3370,3073,3.706,0.912,4.572e-16,prime,1
304,1,z:ilp,nat-oop,524,2294,23.920,4.376,2.721e-16,2p,0
304,1,z:ilp,nat-oop,530,2282,23.672,4.309,2.721e-16,2p,1
305,1,z:ilp,nat-oop,3291,3646,3.824,1.108,5.532e-16,prime,0
305,1,z:ilp,nat-oop,3359,3596,3.747,1.071,5.532e-16,prime,1
306,1,z:ilp,nat-oop,754,2281,16.765,3.027,6.009e-16,chain3,0
306,1,z:ilp,nat-oop,628,2283,20.109,3.634,6.009e-16,chain3,1
307,1,z:ilp,nat-oop,2455,5477,5.166,2.231,1.029e-15,prime,0
307,1,z:ilp,nat-oop,2406,5800,5.271,2.410,1.029e-15,prime,1
308,1,z:ilp,nat-oop,549,781,23.176,1.422,3.395e-16,chain3,0
308,1,z:ilp,nat-oop,594,737,21.423,1.240,3.395e-16,chain3,1
309,1,z:ilp,nat-oop,3308,4705,3.864,1.423,7.148e-16,prime,0
309,1,z:ilp,nat-oop,3292,4701,3.882,1.428,7.148e-16,prime,1
310,1,z:ilp,nat-oop,866,3154,14.809,3.641,3.950e-16,2p,0
310,1,z:ilp,nat-oop,866,3159,14.812,3.647,3.950e-16,2p,1
311,1,z:ilp,nat-oop,2730,5504,4.716,2.016,7.127e-16,prime,0
311,1,z:ilp,nat-oop,2514,5530,5.121,2.199,7.127e-16,prime,1
312,1,z:ilp,nat-oop,571,655,22.654,1.148,5.630e-16,chain3,0
312,1,z:ilp,nat-oop,569,689,22.730,1.212,5.630e-16,chain3,1
313,1,z:ilp,nat-oop,2101,5487,6.176,2.612,8.412e-16,prime,0
313,1,z:ilp,nat-oop,2157,5641,6.014,2.615,8.412e-16,prime,1
314,1,z:ilp,nat-oop,3320,4110,3.922,1.238,5.078e-16,prime,0
314,1,z:ilp,nat-oop,3325,4130,3.917,1.242,5.078e-16,prime,1
315,1,z:ilp,nat-oop,537,766,24.327,1.426,5.541e-16,chain3,0
315,1,z:ilp,nat-oop,539,768,24.267,1.427,5.541e-16,chain3,1
316,1,z:ilp,nat-oop,3318,4152,3.954,1.251,4.420e-16,prime,0
316,1,z:ilp,nat-oop,3329,4174,3.941,1.254,4.420e-16,prime,1
317,1,z:ilp,nat-oop,3330,3505,3.955,1.053,5.238e-16,prime,0
317,1,z:ilp,nat-oop,3288,3345,4.005,1.017,5.238e-16,prime,1
318,1,z:ilp,nat-oop,3406,5283,3.881,1.551,4.410e-16,prime,0
318,1,z:ilp,nat-oop,3612,5559,3.660,1.539,4.410e-16,prime,1
319,1,z:ilp,nat-oop,859,3517,15.443,4.094,4.508e-16,2p,0
319,1,z:ilp,nat-oop,819,3508,16.208,4.285,4.508e-16,2p,1
320,1,z:ilp,nat-oop,347,346,38.354,0.997,2.967e-16,2p,0
320,1,z:ilp,nat-oop,346,349,38.461,1.009,2.967e-16,2p,1
321,1,z:ilp,nat-oop,3391,4422,3.942,1.304,6.051e-16,prime,0
321,1,z:ilp,nat-oop,3422,5017,3.905,1.466,6.051e-16,prime,1
322,1,z:ilp,nat-oop,979,2865,13.698,2.926,5.927e-16,flat,0
322,1,z:ilp,nat-oop,966,2949,13.881,3.052,5.927e-16,flat,1
323,1,z:ilp,nat-oop,882,4448,15.269,5.045,5.806e-16,2p,0
323,1,z:ilp,nat-oop,909,4717,14.804,5.188,5.806e-16,2p,1
324,1,z:ilp,nat-oop,526,616,25.692,1.172,4.328e-16,chain3,0
324,1,z:ilp,nat-oop,518,628,26.086,1.212,4.328e-16,chain3,1
325,1,z:ilp,nat-oop,562,914,24.119,1.627,6.391e-16,2p,0
325,1,z:ilp,nat-oop,578,935,23.458,1.618,6.391e-16,2p,1
326,1,z:ilp,nat-oop,3606,4075,3.774,1.130,6.303e-16,prime,0
326,1,z:ilp,nat-oop,3855,3956,3.530,1.026,6.303e-16,prime,1
327,1,z:ilp,nat-oop,3507,3705,3.894,1.056,6.582e-16,prime,0
327,1,z:ilp,nat-oop,3400,3697,4.017,1.087,6.582e-16,prime,1
328,1,z:ilp,nat-oop,1239,4087,11.066,3.299,4.895e-16,2p,0
328,1,z:ilp,nat-oop,1226,4084,11.182,3.332,4.895e-16,2p,1
329,1,z:ilp,nat-oop,1237,5059,11.123,4.091,4.275e-16,flat,0
329,1,z:ilp,nat-oop,1236,5602,11.132,4.534,4.275e-16,flat,1
330,1,z:ilp,nat-oop,636,765,21.719,1.203,5.322e-16,chain3,0
330,1,z:ilp,nat-oop,636,713,21.707,1.121,5.322e-16,chain3,1
331,1,z:ilp,nat-oop,2129,5476,6.506,2.572,6.693e-16,prime,0
331,1,z:ilp,nat-oop,2128,5527,6.511,2.597,6.693e-16,prime,1
332,1,z:ilp,nat-oop,3312,4768,4.197,1.439,5.422e-16,prime,0
332,1,z:ilp,nat-oop,3303,4448,4.208,1.346,5.422e-16,prime,1
333,1,z:ilp,nat-oop,1342,3936,10.397,2.933,3.799e-16,2p,0
333,1,z:ilp,nat-oop,1321,3914,10.561,2.963,3.799e-16,2p,1
334,1,z:ilp,nat-oop,3308,6570,4.232,1.986,5.268e-16,prime,0
334,1,z:ilp,nat-oop,3453,6632,4.055,1.921,5.268e-16,prime,1
335,1,z:ilp,nat-oop,3657,6135,3.842,1.678,5.949e-16,prime,0
335,1,z:ilp,nat-oop,3429,6218,4.097,1.813,5.949e-16,prime,1
336,1,z:ilp,nat-oop,449,551,31.436,1.229,3.629e-16,2p,0
336,1,z:ilp,nat-oop,435,602,32.428,1.385,3.629e-16,2p,1
337,1,z:ilp,nat-oop,1935,5493,7.312,2.839,8.051e-16,prime,0
337,1,z:ilp,nat-oop,1905,5618,7.428,2.949,8.051e-16,prime,1
338,1,z:ilp,nat-oop,1071,1376,13.262,1.286,1.175e-15,flat,0
338,1,z:ilp,nat-oop,915,1364,15.518,1.491,1.175e-15,flat,1
339,1,z:ilp,nat-oop,3394,5160,4.197,1.520,5.527e-16,prime,0
339,1,z:ilp,nat-oop,3550,5393,4.013,1.519,5.527e-16,prime,1
340,1,z:ilp,nat-oop,690,2547,20.711,3.689,6.020e-16,chain3,0
340,1,z:ilp,nat-oop,682,2547,20.963,3.735,6.020e-16,chain3,1
341,1,z:ilp,nat-oop,1156,3859,12.404,3.337,9.025e-16,flat,0
341,1,z:ilp,nat-oop,1169,3865,12.274,3.307,9.025e-16,flat,1
342,1,z:ilp,nat-oop,751,2625,19.166,3.495,3.715e-16,chain3,0
342,1,z:ilp,nat-oop,1049,3739,13.723,3.564,3.715e-16,chain3,1
343,1,z:ilp,nat-oop,1016,1887,14.215,1.857,3.699e-16,chain3,0
343,1,z:ilp,nat-oop,1035,1888,13.950,1.823,3.699e-16,chain3,1
344,1,z:ilp,nat-oop,1318,6776,10.995,5.140,4.398e-16,2p,0
344,1,z:ilp,nat-oop,921,6766,15.735,7.346,4.398e-16,2p,1
345,1,z:ilp,nat-oop,897,3267,16.209,3.641,4.881e-16,2p,0
345,1,z:ilp,nat-oop,845,3267,17.205,3.865,4.881e-16,2p,1
346,1,z:ilp,nat-oop,3350,4619,4.356,1.379,5.081e-16,prime,0
346,1,z:ilp,nat-oop,3344,4595,4.364,1.374,5.081e-16,prime,1
347,1,z:ilp,nat-oop,3468,4338,4.222,1.251,6.464e-16,prime,0
347,1,z:ilp,nat-oop,3322,4492,4.407,1.352,6.464e-16,prime,1
348,1,z:ilp,nat-oop,806,3471,18.220,4.305,5.456e-16,2p,0
348,1,z:ilp,nat-oop,782,3471,18.795,4.441,5.456e-16,2p,1
349,1,z:ilp,nat-oop,2961,4878,4.978,1.647,7.799e-16,prime,0
349,1,z:ilp,nat-oop,2889,4502,5.101,1.558,7.799e-16,prime,1
350,1,z:ilp,nat-oop,587,620,25.186,1.056,2.621e-16,chain3,0
350,1,z:ilp,nat-oop,602,729,24.575,1.211,2.621e-16,chain3,1
351,1,z:ilp,nat-oop,720,900,20.604,1.249,5.268e-16,chain3,0
351,1,z:ilp,nat-oop,715,900,20.746,1.258,5.268e-16,chain3,1
352,1,z:ilp,nat-oop,494,701,30.130,1.419,2.553e-16,2p,0
352,1,z:ilp,nat-oop,505,701,29.472,1.388,2.553e-16,2p,1
353,1,z:ilp,nat-oop,1943,4351,7.687,2.239,6.544e-16,prime,0
353,1,z:ilp,nat-oop,1947,4682,7.671,2.404,6.544e-16,prime,1
354,1,z:ilp,nat-oop,3633,4386,4.125,1.207,5.404e-16,prime,0
354,1,z:ilp,nat-oop,3415,4446,4.388,1.302,5.404e-16,prime,1
355,1,z:ilp,nat-oop,3370,4518,4.462,1.341,5.657e-16,prime,0
355,1,z:ilp,nat-oop,3441,4510,4.370,1.311,5.657e-16,prime,1
356,1,z:ilp,nat-oop,3349,4713,4.505,1.407,7.390e-16,prime,0
356,1,z:ilp,nat-oop,3393,4613,4.447,1.359,7.390e-16,prime,1
357,1,z:ilp,nat-oop,856,2694,17.680,3.147,4.844e-16,chain3,0
357,1,z:ilp,nat-oop,784,2691,19.303,3.431,4.844e-16,chain3,1
358,1,z:ilp,nat-oop,3341,4653,4.546,1.393,6.246e-16,prime,0
358,1,z:ilp,nat-oop,3325,4659,4.567,1.401,6.246e-16,prime,1
359,1,z:ilp,nat-oop,3493,4372,4.362,1.252,5.271e-16,prime,0
359,1,z:ilp,nat-oop,3339,5194,4.563,1.556,5.271e-16,prime,1
360,1,z:ilp,nat-oop,657,614,23.274,0.934,3.827e-16,chain3,0
360,1,z:ilp,nat-oop,616,583,24.805,0.946,3.827e-16,chain3,1
361,1,z:ilp,nat-oop,912,5057,16.815,5.545,4.510e-16,2p,0
361,1,z:ilp,nat-oop,911,5060,16.841,5.557,4.510e-16,2p,1
362,1,z:ilp,nat-oop,3315,3768,4.641,1.137,6.844e-16,prime,0
362,1,z:ilp,nat-oop,3341,3778,4.605,1.131,6.844e-16,prime,1
363,1,z:ilp,nat-oop,813,1594,18.980,1.960,4.644e-16,chain3,0
363,1,z:ilp,nat-oop,785,1729,19.656,2.202,4.644e-16,chain3,1
364,1,z:ilp,nat-oop,713,839,21.728,1.177,4.872e-16,chain3,0
364,1,z:ilp,nat-oop,685,860,22.588,1.255,4.872e-16,chain3,1
365,1,z:ilp,nat-oop,3352,3792,4.634,1.131,5.280e-16,prime,0
365,1,z:ilp,nat-oop,3328,3825,4.667,1.149,5.280e-16,prime,1
366,1,z:ilp,nat-oop,3410,3805,4.570,1.116,5.460e-16,prime,0
366,1,z:ilp,nat-oop,3445,3809,4.524,1.106,5.460e-16,prime,1
367,1,z:ilp,nat-oop,3350,5303,4.667,1.583,8.607e-16,prime,0
367,1,z:ilp,nat-oop,3358,5034,4.656,1.499,8.607e-16,prime,1
368,1,z:ilp,nat-oop,787,3501,19.920,4.447,3.521e-16,2p,0
368,1,z:ilp,nat-oop,848,3495,18.489,4.120,3.521e-16,2p,1
369,1,z:ilp,nat-oop,1610,4671,9.775,2.902,3.763e-16,2p,0
369,1,z:ilp,nat-oop,1598,4662,9.847,2.918,3.763e-16,2p,1
370,1,z:ilp,nat-oop,912,4406,17.308,4.832,3.953e-16,2p,0
370,1,z:ilp,nat-oop,913,4412,17.294,4.834,3.953e-16,2p,1
371,1,z:ilp,nat-oop,3483,5903,4.545,1.695,3.904e-16,prime,0
371,1,z:ilp,nat-oop,4795,8321,3.302,1.735,3.904e-16,prime,1
372,1,z:ilp,nat-oop,2033,5590,7.811,2.749,4.401e-16,flat,0
372,1,z:ilp,nat-oop,1310,5590,12.120,4.266,4.401e-16,flat,1
373,1,z:ilp,nat-oop,3434,4972,4.640,1.448,5.629e-16,prime,0
373,1,z:ilp,nat-oop,3327,4933,4.790,1.483,5.629e-16,prime,1
374,1,z:ilp,nat-oop,1043,3726,15.326,3.573,1.120e-15,flat,0
374,1,z:ilp,nat-oop,1033,3735,15.465,3.614,1.120e-15,flat,1
375,1,z:ilp,nat-oop,828,926,19.358,1.118,5.091e-16,chain3,0
375,1,z:ilp,nat-oop,654,923,24.504,1.411,5.091e-16,chain3,1
376,1,z:ilp,nat-oop,1863,5481,8.634,2.942,3.698e-16,2p,0
376,1,z:ilp,nat-oop,1597,5894,10.068,3.690,3.698e-16,2p,1
377,1,z:ilp,nat-oop,1226,4091,13.164,3.338,5.334e-16,2p,0
377,1,z:ilp,nat-oop,1455,4206,11.085,2.890,5.334e-16,2p,1
378,1,z:ilp,nat-oop,710,769,22.780,1.082,4.786e-16,chain3,0
378,1,z:ilp,nat-oop,713,784,22.707,1.100,4.786e-16,chain3,1
379,1,z:ilp,nat-oop,3073,3981,5.283,1.296,9.314e-16,prime,0
379,1,z:ilp,nat-oop,3030,4117,5.358,1.359,9.314e-16,prime,1
380,1,z:ilp,nat-oop,819,2880,19.876,3.516,4.075e-16,chain3,0
380,1,z:ilp,nat-oop,795,2932,20.473,3.686,4.075e-16,chain3,1
381,1,z:ilp,nat-oop,3356,4310,4.866,1.284,4.677e-16,prime,0
381,1,z:ilp,nat-oop,3324,4327,4.913,1.301,4.677e-16,prime,1
382,1,z:ilp,nat-oop,3371,4064,4.860,1.206,5.544e-16,prime,0
382,1,z:ilp,nat-oop,3320,4082,4.935,1.230,5.544e-16,prime,1
383,1,z:ilp,nat-oop,3486,3996,4.714,1.146,5.289e-16,prime,0
383,1,z:ilp,nat-oop,3605,4011,4.558,1.113,5.289e-16,prime,1
384,1,z:ilp,nat-oop,411,410,40.149,0.998,3.520e-16,2p,0
384,1,z:ilp,nat-oop,454,410,36.301,0.903,3.520e-16,2p,1
385,1,z:ilp,nat-oop,777,1126,21.281,1.450,4.295e-16,chain3,0
385,1,z:ilp,nat-oop,1164,1604,14.201,1.378,4.295e-16,chain3,1
386,1,z:ilp,nat-oop,4854,5628,3.417,1.160,5.450e-16,prime,0
386,1,z:ilp,nat-oop,5012,5642,3.308,1.126,5.450e-16,prime,1
387,1,z:ilp,nat-oop,1742,5106,9.546,2.930,4.512e-16,2p,0
387,1,z:ilp,nat-oop,1222,5107,13.610,4.179,4.512e-16,2p,1
388,1,z:ilp,nat-oop,3379,3945,4.937,1.168,4.725e-16,prime,0
388,1,z:ilp,nat-oop,3342,3985,4.993,1.192,4.725e-16,prime,1
389,1,z:ilp,nat-oop,3381,4725,4.949,1.397,4.713e-16,prime,0
389,1,z:ilp,nat-oop,3322,4858,5.037,1.462,4.713e-16,prime,1
390,1,z:ilp,nat-oop,775,832,21.670,1.074,5.769e-16,chain3,0
390,1,z:ilp,nat-oop,769,829,21.820,1.078,5.769e-16,chain3,1
391,1,z:ilp,nat-oop,1033,5714,16.295,5.531,6.192e-16,2p,0
391,1,z:ilp,nat-oop,1025,5829,16.424,5.687,6.192e-16,2p,1
392,1,z:ilp,nat-oop,660,746,25.570,1.130,2.691e-16,chain3,0
392,1,z:ilp,nat-oop,660,779,25.592,1.181,2.691e-16,chain3,1
393,1,z:ilp,nat-oop,3379,5605,5.011,1.659,5.313e-16,prime,0
393,1,z:ilp,nat-oop,3376,5614,5.016,1.663,5.313e-16,prime,1
394,1,z:ilp,nat-oop,3355,4879,5.062,1.454,5.502e-16,prime,0
394,1,z:ilp,nat-oop,3388,4620,5.013,1.363,5.502e-16,prime,1
395,1,z:ilp,nat-oop,3400,5230,5.010,1.538,5.096e-16,prime,0
395,1,z:ilp,nat-oop,3430,5246,4.966,1.529,5.096e-16,prime,1
396,1,z:ilp,nat-oop,763,884,22.384,1.158,4.465e-16,chain3,0
396,1,z:ilp,nat-oop,747,899,22.859,1.203,4.465e-16,chain3,1
397,1,z:ilp,nat-oop,2879,4737,5.952,1.645,8.852e-16,prime,0
397,1,z:ilp,nat-oop,2863,4705,5.985,1.643,8.852e-16,prime,1
398,1,z:ilp,nat-oop,3395,4629,5.062,1.363,4.497e-16,prime,0
398,1,z:ilp,nat-oop,3457,4681,4.972,1.354,4.497e-16,prime,1
399,1,z:ilp,nat-oop,923,3192,18.685,3.459,5.672e-16,chain3,0
399,1,z:ilp,nat-oop,915,3194,18.829,3.489,5.672e-16,chain3,1
400,1,z:ilp,nat-oop,528,501,32.746,0.950,3.149e-16,2p,0
400,1,z:ilp,nat-oop,527,599,32.815,1.137,3.149e-16,2p,1
401,1,z:ilp,nat-oop,2317,3836,7.483,1.655,5.075e-16,prime,0
401,1,z:ilp,nat-oop,2366,3958,7.329,1.673,5.075e-16,prime,1
402,1,z:ilp,nat-oop,3537,6767,4.916,1.913,7.571e-16,prime,0
402,1,z:ilp,nat-oop,3745,6757,4.643,1.804,7.571e-16,prime,1
403,1,z:ilp,nat-oop,1578,4566,11.053,2.894,6.436e-16,2p,0
403,1,z:ilp,nat-oop,1375,4563,12.681,3.318,6.436e-16,2p,1
404,1,z:ilp,nat-oop,3544,4078,4.935,1.151,5.921e-16,prime,0
404,1,z:ilp,nat-oop,3426,4117,5.105,1.202,5.921e-16,prime,1
405,1,z:ilp,nat-oop,763,985,22.975,1.291,6.388e-16,chain3,0
405,1,z:ilp,nat-oop,714,1009,24.551,1.412,6.388e-16,chain3,1
406,1,z:ilp,nat-oop,1382,4145,12.733,3.000,5.625e-16,flat,0
406,1,z:ilp,nat-oop,1388,4297,12.676,3.096,5.625e-16,flat,1
407,1,z:ilp,nat-oop,1165,5171,15.147,4.440,4.603e-16,2p,0
407,1,z:ilp,nat-oop,1172,5185,15.057,4.426,4.603e-16,2p,1
408,1,z:ilp,nat-oop,832,3110,21.273,3.740,5.066e-16,chain3,0
408,1,z:ilp,nat-oop,811,3112,21.801,3.835,5.066e-16,chain3,1
409,1,z:ilp,nat-oop,3029,5560,5.858,1.836,8.517e-16,prime,0
409,1,z:ilp,nat-oop,4240,7539,4.184,1.778,8.517e-16,prime,1
410,1,z:ilp,nat-oop,2237,7688,7.952,3.436,3.503e-16,2p,0
410,1,z:ilp,nat-oop,2208,7678,8.060,3.478,3.503e-16,2p,1
411,1,z:ilp,nat-oop,3434,5485,5.196,1.597,8.201e-16,prime,0
411,1,z:ilp,nat-oop,3467,5451,5.147,1.572,8.201e-16,prime,1
412,1,z:ilp,nat-oop,3437,5807,5.207,1.690,6.094e-16,prime,0
412,1,z:ilp,nat-oop,3388,5820,5.281,1.718,6.094e-16,prime,1
413,1,z:ilp,nat-oop,3513,5991,5.108,1.705,5.825e-16,prime,0
413,1,z:ilp,nat-oop,3517,5988,5.102,1.703,5.825e-16,prime,1
414,1,z:ilp,nat-oop,1069,3613,16.831,3.379,5.073e-16,chain3,0
414,1,z:ilp,nat-oop,1057,4197,17.020,3.969,5.073e-16,chain3,1
415,1,z:ilp,nat-oop,3488,5580,5.174,1.600,5.684e-16,prime,0
415,1,z:ilp,nat-oop,3591,5660,5.025,1.576,5.684e-16,prime,1
416,1,z:ilp,nat-oop,603,828,29.987,1.372,4.914e-16,2p,0
416,1,z:ilp,nat-oop,590,856,30.696,1.453,4.914e-16,2p,1
417,1,z:ilp,nat-oop,3466,6642,5.236,1.916,4.802e-16,prime,0
417,1,z:ilp,nat-oop,3428,6994,5.294,2.040,4.802e-16,prime,1
418,1,z:ilp,nat-oop,1212,3770,15.014,3.110,1.005e-15,flat,0
418,1,z:ilp,nat-oop,1250,3907,14.562,3.127,1.005e-15,flat,1
419,1,z:ilp,nat-oop,3365,5311,5.423,1.578,6.911e-16,prime,0
419,1,z:ilp,nat-oop,3499,5282,5.215,1.509,6.911e-16,prime,1
420,1,z:ilp,nat-oop,683,736,26.808,1.078,4.335e-16,chain3,0
420,1,z:ilp,nat-oop,685,714,26.734,1.044,4.335e-16,chain3,1
421,1,z:ilp,nat-oop,5375,7495,3.414,1.394,6.815e-16,prime,0
421,1,z:ilp,nat-oop,5263,7511,3.487,1.427,6.815e-16,prime,1
422,1,z:ilp,nat-oop,4817,7921,3.820,1.645,5.943e-16,prime,0
422,1,z:ilp,nat-oop,4548,7804,4.046,1.716,5.943e-16,prime,1
423,1,z:ilp,nat-oop,1568,5968,11.767,3.806,6.268e-16,flat,0
423,1,z:ilp,nat-oop,1561,5967,11.821,3.823,6.268e-16,flat,1
424,1,z:ilp,nat-oop,3405,6566,5.435,1.929,4.933e-16,prime,0
424,1,z:ilp,nat-oop,3404,6565,5.436,1.929,4.933e-16,prime,1
425,1,z:ilp,nat-oop,825,3246,22.492,3.935,6.372e-16,2p,0
425,1,z:ilp,nat-oop,832,3235,22.304,3.889,6.372e-16,2p,1
426,1,z:ilp,nat-oop,3386,5145,5.495,1.520,4.791e-16,prime,0
426,1,z:ilp,nat-oop,3393,5705,5.483,1.681,4.791e-16,prime,1
427,1,z:ilp,nat-oop,3471,4482,5.374,1.291,5.124e-16,prime,0
427,1,z:ilp,nat-oop,3439,4605,5.424,1.339,5.124e-16,prime,1
428,1,z:ilp,nat-oop,3654,5916,5.119,1.619,7.190e-16,prime,0
428,1,z:ilp,nat-oop,3473,5935,5.387,1.709,7.190e-16,prime,1
429,1,z:ilp,nat-oop,945,1530,19.857,1.620,5.598e-16,chain3,0
429,1,z:ilp,nat-oop,947,1557,19.800,1.644,5.598e-16,chain3,1
430,1,z:ilp,nat-oop,1195,5828,15.736,4.876,3.409e-16,2p,0
430,1,z:ilp,nat-oop,1195,5814,15.739,4.866,3.409e-16,2p,1
431,1,z:ilp,nat-oop,3450,5287,5.466,1.532,6.878e-16,prime,0
431,1,z:ilp,nat-oop,3409,5321,5.532,1.561,6.878e-16,prime,1
432,1,z:ilp,nat-oop,651,747,29.051,1.147,4.217e-16,2p,0
432,1,z:ilp,nat-oop,569,704,33.252,1.237,4.217e-16,2p,1
433,1,z:ilp,nat-oop,2499,4688,7.588,1.876,7.578e-16,prime,0
433,1,z:ilp,nat-oop,2511,4643,7.550,1.849,7.578e-16,prime,1
434,1,z:ilp,nat-oop,1502,4638,12.659,3.088,4.596e-16,flat,0
434,1,z:ilp,nat-oop,1516,4629,12.542,3.053,4.596e-16,flat,1
435,1,z:ilp,nat-oop,1071,4532,17.808,4.233,4.757e-16,2p,0
435,1,z:ilp,nat-oop,1072,4504,17.781,4.201,4.757e-16,2p,1
436,1,z:ilp,nat-oop,3472,4700,5.506,1.354,6.324e-16,prime,0
436,1,z:ilp,nat-oop,3536,4720,5.406,1.335,6.324e-16,prime,1
437,1,z:ilp,nat-oop,1217,6594,15.743,5.416,4.711e-16,2p,0
437,1,z:ilp,nat-oop,1213,6650,15.803,5.483,4.711e-16,2p,1
438,1,z:ilp,nat-oop,3437,4491,5.591,1.307,6.187e-16,prime,0
438,1,z:ilp,nat-oop,3413,4614,5.630,1.352,6.187e-16,prime,1
439,1,z:ilp,nat-oop,3412,5784,5.647,1.695,7.221e-16,prime,0
439,1,z:ilp,nat-oop,3516,6705,5.479,1.907,7.221e-16,prime,1
440,1,z:ilp,nat-oop,754,927,25.620,1.229,3.983e-16,chain3,0
440,1,z:ilp,nat-oop,754,924,25.617,1.225,3.983e-16,chain3,1
441,1,z:ilp,nat-oop,1005,1230,19.268,1.223,4.451e-16,chain3,0
441,1,z:ilp,nat-oop,892,1231,21.718,1.380,4.451e-16,chain3,1
442,1,z:ilp,nat-oop,1765,4460,11.001,2.526,1.131e-15,flat,0
442,1,z:ilp,nat-oop,1290,4869,15.056,3.774,1.131e-15,flat,1
443,1,z:ilp,nat-oop,3731,5870,5.220,1.573,6.104e-16,prime,0
443,1,z:ilp,nat-oop,3479,6379,5.597,1.834,6.104e-16,prime,1
444,1,z:ilp,nat-oop,1115,5398,17.514,4.842,5.164e-16,2p,0
444,1,z:ilp,nat-oop,1101,5357,17.732,4.866,5.164e-16,2p,1
445,1,z:ilp,nat-oop,3900,5885,5.019,1.509,4.461e-16,prime,0
445,1,z:ilp,nat-oop,4057,5786,4.825,1.426,4.461e-16,prime,1
446,1,z:ilp,nat-oop,3423,6181,5.733,1.806,5.374e-16,prime,0
446,1,z:ilp,nat-oop,3499,6238,5.608,1.783,5.374e-16,prime,1
447,1,z:ilp,nat-oop,3660,6673,5.377,1.823,6.368e-16,prime,0
447,1,z:ilp,nat-oop,3443,7049,5.715,2.048,6.368e-16,prime,1
448,1,z:ilp,nat-oop,659,547,29.950,0.831,2.766e-16,chain3,0
448,1,z:ilp,nat-oop,623,553,31.656,0.887,2.766e-16,chain3,1
449,1,z:ilp,nat-oop,2535,5797,7.802,2.287,5.787e-16,prime,0
449,1,z:ilp,nat-oop,2559,5805,7.728,2.268,5.787e-16,prime,1
450,1,z:ilp,nat-oop,774,832,25.615,1.075,5.106e-16,chain3,0
450,1,z:ilp,nat-oop,776,827,25.558,1.066,5.106e-16,chain3,1
451,1,z:ilp,nat-oop,1977,6162,10.059,3.118,4.576e-16,2p,0
451,1,z:ilp,nat-oop,2403,6194,8.275,2.578,4.576e-16,2p,1
452,1,z:ilp,nat-oop,3590,6963,5.552,1.939,9.311e-16,prime,0
452,1,z:ilp,nat-oop,3455,7288,5.769,2.109,9.311e-16,prime,1
453,1,z:ilp,nat-oop,3382,5096,5.909,1.507,7.843e-16,prime,0
453,1,z:ilp,nat-oop,3380,5337,5.912,1.579,7.843e-16,prime,1
454,1,z:ilp,nat-oop,3626,5727,5.526,1.579,5.936e-16,prime,0
454,1,z:ilp,nat-oop,3381,5726,5.926,1.694,5.936e-16,prime,1
455,1,z:ilp,nat-oop,947,1203,21.217,1.271,4.533e-16,chain3,0
455,1,z:ilp,nat-oop,960,1210,20.933,1.261,4.533e-16,chain3,1
456,1,z:ilp,nat-oop,1019,3778,19.758,3.707,3.248e-16,chain3,0
456,1,z:ilp,nat-oop,1061,3777,18.987,3.561,3.248e-16,chain3,1
457,1,z:ilp,nat-oop,3455,5566,5.844,1.611,9.987e-16,prime,0
457,1,z:ilp,nat-oop,3418,5656,5.907,1.655,9.987e-16,prime,1
458,1,z:ilp,nat-oop,3418,5628,5.923,1.647,5.867e-16,prime,0
458,1,z:ilp,nat-oop,3403,5569,5.948,1.636,5.867e-16,prime,1
459,1,z:ilp,nat-oop,1029,3486,19.725,3.389,4.474e-16,chain3,0
459,1,z:ilp,nat-oop,1083,3504,18.734,3.235,4.474e-16,chain3,1
460,1,z:ilp,nat-oop,1278,4138,15.917,3.238,5.298e-16,flat,0
460,1,z:ilp,nat-oop,1297,4132,15.689,3.187,5.298e-16,flat,1
461,1,z:ilp,nat-oop,3783,5589,5.392,1.477,4.830e-16,prime,0
461,1,z:ilp,nat-oop,3460,5653,5.895,1.634,4.830e-16,prime,1
462,1,z:ilp,nat-oop,957,1077,21.373,1.126,3.979e-16,chain3,0
462,1,z:ilp,nat-oop,968,1120,21.122,1.157,3.979e-16,chain3,1
463,1,z:ilp,nat-oop,3337,5559,6.142,1.666,7.155e-16,prime,0
463,1,z:ilp,nat-oop,3234,6107,6.339,1.889,7.155e-16,prime,1
464,1,z:ilp,nat-oop,1231,4733,16.701,3.847,3.508e-16,2p,0
464,1,z:ilp,nat-oop,1432,4748,14.347,3.314,3.508e-16,2p,1
465,1,z:ilp,nat-oop,1505,5066,13.687,3.366,5.592e-16,2p,0
465,1,z:ilp,nat-oop,1538,5045,13.398,3.281,5.592e-16,2p,1
466,1,z:ilp,nat-oop,3447,7028,5.992,2.039,5.587e-16,prime,0
466,1,z:ilp,nat-oop,3469,7378,5.954,2.127,5.587e-16,prime,1
467,1,z:ilp,nat-oop,3456,5537,5.990,1.602,4.657e-16,prime,0
467,1,z:ilp,nat-oop,3402,5651,6.086,1.661,4.657e-16,prime,1
468,1,z:ilp,nat-oop,928,1016,22.370,1.095,5.110e-16,chain3,0
468,1,z:ilp,nat-oop,932,1026,22.263,1.100,5.110e-16,chain3,1
469,1,z:ilp,nat-oop,3434,8251,6.060,2.403,4.709e-16,prime,0
469,1,z:ilp,nat-oop,3461,7953,6.012,2.298,4.709e-16,prime,1
470,1,z:ilp,nat-oop,2468,6899,8.453,2.796,5.092e-16,2p,0
470,1,z:ilp,nat-oop,2012,7051,10.367,3.504,5.092e-16,2p,1
471,1,z:ilp,nat-oop,3496,5669,5.981,1.621,5.514e-16,prime,0
471,1,z:ilp,nat-oop,3869,5756,5.404,1.487,5.514e-16,prime,1
472,1,z:ilp,nat-oop,3537,6590,5.926,1.863,5.483e-16,prime,0
472,1,z:ilp,nat-oop,3396,6714,6.173,1.977,5.483e-16,prime,1
473,1,z:ilp,nat-oop,1518,6732,13.846,4.436,5.585e-16,2p,0
473,1,z:ilp,nat-oop,1578,7228,13.317,4.580,5.585e-16,2p,1
474,1,z:ilp,nat-oop,3478,6404,6.058,1.841,4.676e-16,prime,0
474,1,z:ilp,nat-oop,3413,6449,6.172,1.889,4.676e-16,prime,1
475,1,z:ilp,nat-oop,1003,4022,21.051,4.009,5.033e-16,2p,0
475,1,z:ilp,nat-oop,971,4073,21.743,4.193,5.033e-16,2p,1
476,1,z:ilp,nat-oop,1225,3787,17.281,3.091,4.656e-16,chain3,0
476,1,z:ilp,nat-oop,1243,3885,17.030,3.125,4.656e-16,chain3,1
477,1,z:ilp,nat-oop,3431,7947,6.185,2.316,5.109e-16,prime,0
477,1,z:ilp,nat-oop,3552,8254,5.975,2.324,5.109e-16,prime,1
478,1,z:ilp,nat-oop,3417,5625,6.226,1.646,5.727e-16,prime,0
478,1,z:ilp,nat-oop,3421,5694,6.218,1.664,5.727e-16,prime,1
479,1,z:ilp,nat-oop,3420,5626,6.236,1.645,5.296e-16,prime,0
479,1,z:ilp,nat-oop,3405,5605,6.262,1.646,5.296e-16,prime,1
480,1,z:ilp,nat-oop,666,658,32.088,0.988,3.645e-16,2p,0
480,1,z:ilp,nat-oop,647,726,33.015,1.121,3.645e-16,2p,1
481,1,z:ilp,nat-oop,1513,6326,14.165,4.182,5.478e-16,2p,0
481,1,z:ilp,nat-oop,1416,6451,15.137,4.557,5.478e-16,2p,1
482,1,z:ilp,nat-oop,3586,4794,5.990,1.337,4.360e-16,prime,0
482,1,z:ilp,nat-oop,3420,4768,6.280,1.394,4.360e-16,prime,1
483,1,z:ilp,nat-oop,1311,4361,16.420,3.326,5.105e-16,2p,0
483,1,z:ilp,nat-oop,1306,4475,16.490,3.427,5.105e-16,2p,1
484,1,z:ilp,nat-oop,1190,1987,18.136,1.670,3.325e-16,chain3,0
484,1,z:ilp,nat-oop,1181,1940,18.276,1.643,3.325e-16,chain3,1
485,1,z:ilp,nat-oop,3670,5152,5.895,1.404,4.557e-16,prime,0
485,1,z:ilp,nat-oop,3416,5198,6.333,1.522,4.557e-16,prime,1
486,1,z:ilp,nat-oop,1923,1471,11.275,0.765,4.647e-16,chain3,0
486,1,z:ilp,nat-oop,1307,1475,16.598,1.129,4.647e-16,chain3,1
487,1,z:ilp,nat-oop,4884,7960,4.451,1.630,4.239e-16,prime,0
487,1,z:ilp,nat-oop,5805,7962,3.745,1.371,4.239e-16,prime,1
488,1,z:ilp,nat-oop,4865,5144,4.479,1.057,4.479e-16,prime,0
488,1,z:ilp,nat-oop,3590,5073,6.070,1.413,4.479e-16,prime,1
489,1,z:ilp,nat-oop,3469,5844,6.297,1.685,6.938e-16,prime,0
489,1,z:ilp,nat-oop,3428,5837,6.372,1.703,6.938e-16,prime,1
490,1,z:ilp,nat-oop,842,1000,26.003,1.188,4.797e-16,chain3,0
490,1,z:ilp,nat-oop,832,1012,26.301,1.215,4.797e-16,chain3,1
491,1,z:ilp,nat-oop,3038,6484,7.225,2.134,7.096e-16,prime,0
491,1,z:ilp,nat-oop,3014,7080,7.281,2.349,7.096e-16,prime,1
492,1,z:ilp,nat-oop,1979,6563,11.114,3.316,3.982e-16,2p,0
492,1,z:ilp,nat-oop,2265,6725,9.711,2.968,3.982e-16,2p,1
493,1,z:ilp,nat-oop,1494,8012,14.755,5.361,5.619e-16,2p,0
493,1,z:ilp,nat-oop,1434,7908,15.377,5.514,5.619e-16,2p,1
494,1,z:ilp,nat-oop,1472,4569,15.017,3.105,1.213e-15,flat,0
494,1,z:ilp,nat-oop,1454,5153,15.205,3.545,1.213e-15,flat,1
495,1,z:ilp,nat-oop,1221,1483,18.144,1.215,4.970e-16,flat,0
495,1,z:ilp,nat-oop,1203,1415,18.409,1.176,4.970e-16,flat,1
496,1,z:ilp,nat-oop,1565,5583,14.188,3.567,6.561e-16,flat,0
496,1,z:ilp,nat-oop,1569,5643,14.156,3.597,6.561e-16,flat,1
497,1,z:ilp,nat-oop,3560,6528,6.252,1.834,5.533e-16,prime,0
497,1,z:ilp,nat-oop,3459,6818,6.434,1.971,5.533e-16,prime,1
498,1,z:ilp,nat-oop,3668,7272,6.082,1.982,8.857e-16,prime,0
498,1,z:ilp,nat-oop,3465,7430,6.439,2.145,8.857e-16,prime,1
499,1,z:ilp,nat-oop,3905,6391,5.727,1.637,7.181e-16,prime,0
499,1,z:ilp,nat-oop,3719,6624,6.014,1.781,7.181e-16,prime,1
500,1,z:ilp,nat-oop,831,937,26.963,1.127,5.417e-16,chain3,0
500,1,z:ilp,nat-oop,833,945,26.921,1.135,5.417e-16,chain3,1
501,1,z:ilp,nat-oop,3642,9993,6.169,2.744,5.653e-16,prime,0
501,1,z:ilp,nat-oop,3452,10701,6.509,3.100,5.653e-16,prime,1
502,1,z:ilp,nat-oop,3535,6413,6.370,1.814,5.562e-16,prime,0
502,1,z:ilp,nat-oop,3729,5695,6.038,1.527,5.562e-16,prime,1
503,1,z:ilp,nat-oop,4179,5622,5.401,1.345,4.640e-16,prime,0
503,1,z:ilp,nat-oop,3626,6062,6.224,1.672,4.640e-16,prime,1
504,1,z:ilp,nat-oop,935,873,24.199,0.934,4.343e-16,chain3,0
504,1,z:ilp,nat-oop,932,906,24.285,0.972,4.343e-16,chain3,1
505,1,z:ilp,nat-oop,3864,5151,5.868,1.333,5.536e-16,prime,0
505,1,z:ilp,nat-oop,4103,5791,5.527,1.411,5.536e-16,prime,1
506,1,z:ilp,nat-oop,1604,5076,14.170,3.165,1.490e-15,flat,0
506,1,z:ilp,nat-oop,1561,5097,14.556,3.264,1.490e-15,flat,1
507,1,z:ilp,nat-oop,1274,1918,17.883,1.506,5.164e-16,chain3,0
507,1,z:ilp,nat-oop,1150,1853,19.800,1.611,5.164e-16,chain3,1
508,1,z:ilp,nat-oop,3618,5789,6.311,1.600,5.563e-16,prime,0
508,1,z:ilp,nat-oop,3497,6334,6.528,1.811,5.563e-16,prime,1
509,1,z:ilp,nat-oop,3978,6064,5.753,1.525,5.345e-16,prime,0
509,1,z:ilp,nat-oop,3541,5899,6.463,1.666,5.345e-16,prime,1
510,1,z:ilp,nat-oop,1096,3985,20.923,3.635,5.897e-16,chain3,0
510,1,z:ilp,nat-oop,1080,3992,21.231,3.696,5.897e-16,chain3,1
511,1,z:ilp,nat-oop,4253,5753,5.405,1.353,7.063e-16,prime,0
511,1,z:ilp,nat-oop,3584,5821,6.413,1.624,7.063e-16,prime,1
512,1,z:ilp,nat-oop,520,613,44.331,1.179,3.080e-16,2p,0
512,1,z:ilp,nat-oop,528,569,43.659,1.077,3.080e-16,2p,1
513,1,z:ilp,nat-oop,1077,4204,21.444,3.904,6.175e-16,2p,0
513,1,z:ilp,nat-oop,1085,4233,21.283,3.902,6.175e-16,2p,1
514,1,z:ilp,nat-oop,7013,5211,3.300,0.743,5.887e-16,prime,0
514,1,z:ilp,nat-oop,6846,5206,3.381,0.760,5.887e-16,prime,1
515,1,z:ilp,nat-oop,8078,7432,2.872,0.920,5.345e-16,prime,0
515,1,z:ilp,nat-oop,7084,7523,3.275,1.062,5.345e-16,prime,1
516,1,z:ilp,nat-oop,1929,7002,12.055,3.630,4.291e-16,flat,0
516,1,z:ilp,nat-oop,1916,6973,12.132,3.639,4.291e-16,flat,1
517,1,z:ilp,nat-oop,1984,8247,11.742,4.156,5.504e-16,flat,0
517,1,z:ilp,nat-oop,1966,8122,11.854,4.132,5.504e-16,flat,1
518,1,z:ilp,nat-oop,1939,6269,12.046,3.234,5.829e-16,flat,0
518,1,z:ilp,nat-oop,1961,6524,11.910,3.327,5.829e-16,flat,1
519,1,z:ilp,nat-oop,9024,7162,2.594,0.794,3.457e-16,prime,0
519,1,z:ilp,nat-oop,7256,7046,3.226,0.971,3.457e-16,prime,1
520,1,z:ilp,nat-oop,932,1085,25.168,1.164,6.248e-16,chain3,0
520,1,z:ilp,nat-oop,952,1171,24.653,1.230,6.248e-16,chain3,1
521,1,z:ilp,nat-oop,3557,7132,6.610,2.005,9.879e-16,prime,0
521,1,z:ilp,nat-oop,3584,7807,6.560,2.178,9.879e-16,prime,1
522,1,z:ilp,nat-oop,1474,5276,15.991,3.580,3.896e-16,chain3,0
522,1,z:ilp,nat-oop,1468,5704,16.055,3.886,3.896e-16,chain3,1
523,1,z:ilp,nat-oop,5149,7137,4.586,1.386,6.884e-16,prime,0
523,1,z:ilp,nat-oop,4924,7224,4.796,1.467,6.884e-16,prime,1
524,1,z:ilp,nat-oop,8639,7812,2.740,0.904,4.307e-16,prime,0
524,1,z:ilp,nat-oop,8024,8264,2.950,1.030,4.307e-16,prime,1
525,1,z:ilp,nat-oop,936,1451,25.337,1.550,4.285e-16,2p,0
525,1,z:ilp,nat-oop,929,1434,25.541,1.544,4.285e-16,2p,1
526,1,z:ilp,nat-oop,8702,7355,2.732,0.845,5.545e-16,prime,0
526,1,z:ilp,nat-oop,8112,7400,2.930,0.912,5.545e-16,prime,1
527,1,z:ilp,nat-oop,1579,8700,15.090,5.510,7.537e-16,2p,0
527,1,z:ilp,nat-oop,1591,8702,14.975,5.470,7.537e-16,2p,1
528,1,z:ilp,nat-oop,974,1141,24.509,1.171,5.521e-16,chain3,0
528,1,z:ilp,nat-oop,978,1197,24.411,1.224,5.521e-16,chain3,1
529,1,z:ilp,nat-oop,1779,8602,13.451,4.836,4.487e-16,2p,0
529,1,z:ilp,nat-oop,1765,8651,13.557,4.901,4.487e-16,2p,1
530,1,z:ilp,nat-oop,8187,8603,2.929,1.051,3.980e-16,prime,0
530,1,z:ilp,nat-oop,8073,8879,2.971,1.100,3.980e-16,prime,1
531,1,z:ilp,nat-oop,8289,7885,2.900,0.951,5.285e-16,prime,0
531,1,z:ilp,nat-oop,8076,7975,2.976,0.988,5.285e-16,prime,1
532,1,z:ilp,nat-oop,1536,4684,15.678,3.049,4.995e-16,flat,0
532,1,z:ilp,nat-oop,1337,4501,18.012,3.366,4.995e-16,flat,1
533,1,z:ilp,nat-oop,2579,7387,9.362,2.865,5.607e-16,2p,0
533,1,z:ilp,nat-oop,2053,7341,11.758,3.576,5.607e-16,2p,1
534,1,z:ilp,nat-oop,8873,7033,2.727,0.793,6.134e-16,prime,0
534,1,z:ilp,nat-oop,8206,7592,2.948,0.925,6.134e-16,prime,1
535,1,z:ilp,nat-oop,8131,7530,2.982,0.926,5.328e-16,prime,0
535,1,z:ilp,nat-oop,8323,8136,2.913,0.978,5.328e-16,prime,1
536,1,z:ilp,nat-oop,9130,9611,2.661,1.053,5.927e-16,prime,0
536,1,z:ilp,nat-oop,8145,9305,2.983,1.142,5.927e-16,prime,1
537,1,z:ilp,nat-oop,7479,7367,3.256,0.985,6.193e-16,prime,0
537,1,z:ilp,nat-oop,7464,7411,3.262,0.993,6.193e-16,prime,1
538,1,z:ilp,nat-oop,7980,7454,3.058,0.934,5.367e-16,prime,0
538,1,z:ilp,nat-oop,8333,7363,2.928,0.884,5.367e-16,prime,1
539,1,z:ilp,nat-oop,1310,1544,18.670,1.179,4.619e-16,flat,0
539,1,z:ilp,nat-oop,1308,1642,18.702,1.256,4.619e-16,flat,1
540,1,z:ilp,nat-oop,935,983,26.210,1.051,4.789e-16,chain3,0
540,1,z:ilp,nat-oop,923,991,26.561,1.075,4.789e-16,chain3,1
541,1,z:ilp,nat-oop,5868,6062,4.186,1.033,6.850e-16,prime,0
541,1,z:ilp,nat-oop,5859,6021,4.192,1.028,6.850e-16,prime,1
542,1,z:ilp,nat-oop,9648,6566,2.551,0.681,5.797e-16,prime,0
542,1,z:ilp,nat-oop,8383,6564,2.936,0.783,5.797e-16,prime,1
543,1,z:ilp,nat-oop,8534,6132,2.890,0.718,4.401e-16,prime,0
543,1,z:ilp,nat-oop,8111,6183,3.041,0.762,4.401e-16,prime,1
544,1,z:ilp,nat-oop,1295,4019,19.085,3.103,4.391e-16,2p,0
544,1,z:ilp,nat-oop,1061,4038,23.302,3.806,4.391e-16,2p,1
545,1,z:ilp,nat-oop,8645,6128,2.865,0.709,5.494e-16,prime,0
545,1,z:ilp,nat-oop,8624,6101,2.872,0.707,5.494e-16,prime,1
546,1,z:ilp,nat-oop,1577,1685,15.742,1.068,6.988e-16,chain3,0
546,1,z:ilp,nat-oop,1196,1304,20.760,1.091,6.988e-16,chain3,1
547,1,z:ilp,nat-oop,4307,10631,5.776,2.468,9.404e-16,prime,0
547,1,z:ilp,nat-oop,3957,10719,6.286,2.709,9.404e-16,prime,1
548,1,z:ilp,nat-oop,8485,7264,2.938,0.856,4.481e-16,prime,0
548,1,z:ilp,nat-oop,8346,7964,2.987,0.954,4.481e-16,prime,1
549,1,z:ilp,nat-oop,9072,5822,2.754,0.642,6.200e-16,prime,0
549,1,z:ilp,nat-oop,8182,6026,3.053,0.737,6.200e-16,prime,1
550,1,z:ilp,nat-oop,1292,1260,19.370,0.975,4.055e-16,chain3,0
550,1,z:ilp,nat-oop,1053,1257,23.769,1.194,4.055e-16,chain3,1
551,1,z:ilp,nat-oop,1717,9397,14.610,5.472,3.984e-16,2p,0
551,1,z:ilp,nat-oop,1841,9429,13.623,5.120,3.984e-16,2p,1
552,1,z:ilp,nat-oop,1562,4938,16.098,3.162,5.300e-16,flat,0
552,1,z:ilp,nat-oop,1492,4958,16.855,3.324,5.300e-16,flat,1
553,1,z:ilp,nat-oop,8034,7910,3.136,0.985,3.913e-16,prime,0
553,1,z:ilp,nat-oop,7927,8225,3.178,1.038,3.913e-16,prime,1
554,1,z:ilp,nat-oop,8252,7615,3.059,0.923,4.957e-16,prime,0
554,1,z:ilp,nat-oop,8705,7810,2.900,0.897,4.957e-16,prime,1
555,1,z:ilp,nat-oop,1527,6727,16.565,4.405,5.116e-16,2p,0
555,1,z:ilp,nat-oop,1521,6748,16.632,4.437,5.116e-16,2p,1
556,1,z:ilp,nat-oop,8095,7139,3.132,0.882,6.252e-16,prime,0
556,1,z:ilp,nat-oop,8060,7122,3.145,0.884,6.252e-16,prime,1
557,1,z:ilp,nat-oop,8258,9799,3.076,1.187,7.136e-16,prime,0
557,1,z:ilp,nat-oop,8092,9946,3.139,1.229,7.136e-16,prime,1
558,1,z:ilp,nat-oop,1668,5990,15.260,3.591,5.915e-16,chain3,0
558,1,z:ilp,nat-oop,1618,5994,15.729,3.704,5.915e-16,chain3,1
559,1,z:ilp,nat-oop,1855,7969,13.751,4.296,6.384e-16,2p,0
559,1,z:ilp,nat-oop,1897,8040,13.450,4.239,6.384e-16,2p,1
560,1,z:ilp,nat-oop,851,886,30.022,1.040,3.543e-16,chain3,0
560,1,z:ilp,nat-oop,842,911,30.367,1.082,3.543e-16,chain3,1
561,1,z:ilp,nat-oop,1595,5116,16.055,3.207,1.258e-15,flat,0
561,1,z:ilp,nat-oop,1574,5196,16.275,3.301,1.258e-15,flat,1
562,1,z:ilp,nat-oop,8457,7280,3.035,0.861,5.461e-16,prime,0
562,1,z:ilp,nat-oop,8155,7293,3.147,0.894,5.461e-16,prime,1
563,1,z:ilp,nat-oop,8617,10055,2.985,1.167,6.250e-16,prime,0
563,1,z:ilp,nat-oop,8145,10043,3.158,1.233,6.250e-16,prime,1
564,1,z:ilp,nat-oop,2294,8424,11.236,3.673,4.072e-16,flat,0
564,1,z:ilp,nat-oop,2280,8439,11.306,3.702,4.072e-16,flat,1
565,1,z:ilp,nat-oop,7365,8832,3.507,1.199,5.000e-16,prime,0
565,1,z:ilp,nat-oop,6880,9367,3.754,1.362,5.000e-16,prime,1
566,1,z:ilp,nat-oop,8680,7132,2.982,0.822,6.119e-16,prime,0
566,1,z:ilp,nat-oop,8334,7315,3.105,0.878,6.119e-16,prime,1
567,1,z:ilp,nat-oop,997,1559,26.014,1.564,6.015e-16,2p,0
567,1,z:ilp,nat-oop,989,1611,26.224,1.629,6.015e-16,2p,1
568,1,z:ilp,nat-oop,7925,6933,3.279,0.875,3.671e-16,prime,0
568,1,z:ilp,nat-oop,6919,7308,3.756,1.056,3.671e-16,prime,1
569,1,z:ilp,nat-oop,7280,7177,3.577,0.986,5.007e-16,prime,0
569,1,z:ilp,nat-oop,7147,7225,3.643,1.011,5.007e-16,prime,1
570,1,z:ilp,nat-oop,2221,4709,11.750,2.121,5.368e-16,flat,0
570,1,z:ilp,nat-oop,1636,4718,15.943,2.883,5.368e-16,flat,1
571,1,z:ilp,nat-oop,4332,7219,6.035,1.666,6.929e-16,prime,0
571,1,z:ilp,nat-oop,4327,7233,6.042,1.672,6.929e-16,prime,1
572,1,z:ilp,nat-oop,1235,2084,21.214,1.687,4.528e-16,chain3,0
572,1,z:ilp,nat-oop,1546,2137,16.944,1.382,4.528e-16,chain3,1
573,1,z:ilp,nat-oop,7895,6199,3.325,0.785,6.831e-16,prime,0
573,1,z:ilp,nat-oop,7790,6825,3.370,0.876,6.831e-16,prime,1
574,1,z:ilp,nat-oop,2428,7745,10.832,3.190,2.078e-15,flat,0
574,1,z:ilp,nat-oop,2396,7761,10.977,3.239,2.078e-15,flat,1
575,1,z:ilp,nat-oop,1584,5509,16.642,3.479,6.612e-16,2p,0
575,1,z:ilp,nat-oop,1660,5483,15.878,3.303,6.612e-16,2p,1
576,1,z:ilp,nat-oop,850,925,31.066,1.088,3.549e-16,2p,0
576,1,z:ilp,nat-oop,842,885,31.372,1.051,3.549e-16,2p,1
577,1,z:ilp,nat-oop,3462,6362,7.643,1.837,6.111e-16,prime,0
577,1,z:ilp,nat-oop,4751,8455,5.570,1.780,6.111e-16,prime,1
578,1,z:ilp,nat-oop,2499,11699,10.611,4.681,7.978e-16,flat,0
578,1,z:ilp,nat-oop,2461,11703,10.772,4.755,7.978e-16,flat,1
579,1,z:ilp,nat-oop,11430,5792,2.324,0.507,4.887e-16,prime,0
579,1,z:ilp,nat-oop,8019,6114,3.313,0.762,4.887e-16,prime,1
580,1,z:ilp,nat-oop,1794,6135,14.840,3.420,4.075e-16,chain3,0
580,1,z:ilp,nat-oop,1789,6133,14.878,3.427,4.075e-16,chain3,1
581,1,z:ilp,nat-oop,8486,8728,3.144,1.029,5.406e-16,prime,0
581,1,z:ilp,nat-oop,8326,8752,3.204,1.051,5.406e-16,prime,1
582,1,z:ilp,nat-oop,8760,5858,3.051,0.669,4.830e-16,prime,0
582,1,z:ilp,nat-oop,8327,6067,3.210,0.729,4.830e-16,prime,1
583,1,z:ilp,nat-oop,8214,10684,3.260,1.301,4.510e-16,prime,0
583,1,z:ilp,nat-oop,10056,13302,2.663,1.323,4.510e-16,prime,1
584,1,z:ilp,nat-oop,9199,6192,2.917,0.673,4.374e-16,prime,0
584,1,z:ilp,nat-oop,9718,6953,2.761,0.715,4.374e-16,prime,1
585,1,z:ilp,nat-oop,1471,1977,18.283,1.345,5.087e-16,chain3,0
585,1,z:ilp,nat-oop,1272,1849,21.132,1.453,5.087e-16,chain3,1
586,1,z:ilp,nat-oop,8621,7956,3.125,0.923,5.757e-16,prime,0
586,1,z:ilp,nat-oop,9427,8360,2.858,0.887,5.757e-16,prime,1
587,1,z:ilp,nat-oop,8280,10692,3.260,1.291,6.216e-16,prime,0
587,1,z:ilp,nat-oop,9195,8110,2.936,0.882,6.216e-16,prime,1
588,1,z:ilp,nat-oop,1320,1226,20.495,0.929,4.996e-16,flat,0
588,1,z:ilp,nat-oop,1405,1155,19.248,0.822,4.996e-16,flat,1
589,1,z:ilp,nat-oop,1835,10260,14.770,5.592,5.118e-16,2p,0
589,1,z:ilp,nat-oop,1874,10301,14.462,5.497,5.118e-16,2p,1
590,1,z:ilp,nat-oop,9412,7615,2.885,0.809,4.613e-16,prime,0
590,1,z:ilp,nat-oop,8633,7722,3.145,0.895,4.613e-16,prime,1
591,1,z:ilp,nat-oop,11204,9754,2.428,0.871,5.771e-16,prime,0
591,1,z:ilp,nat-oop,8838,7941,3.078,0.899,5.771e-16,prime,1
592,1,z:ilp,nat-oop,1731,7399,15.747,4.274,4.311e-16,2p,0
592,1,z:ilp,nat-oop,1452,7394,18.772,5.092,4.311e-16,2p,1
593,1,z:ilp,nat-oop,6312,8356,4.327,1.324,6.884e-16,prime,0
593,1,z:ilp,nat-oop,5361,8592,5.095,1.603,6.884e-16,prime,1
594,1,z:ilp,nat-oop,1290,1618,21.209,1.254,5.317e-16,chain3,0
594,1,z:ilp,nat-oop,1324,1484,20.673,1.121,5.317e-16,chain3,1
595,1,z:ilp,nat-oop,1717,4780,15.967,2.783,5.096e-16,chain3,0
595,1,z:ilp,nat-oop,1415,5069,19.379,3.583,5.096e-16,chain3,1
596,1,z:ilp,nat-oop,10322,7286,2.662,0.706,4.664e-16,prime,0
596,1,z:ilp,nat-oop,8777,8270,3.130,0.942,4.664e-16,prime,1
597,1,z:ilp,nat-oop,8825,7104,3.119,0.805,4.605e-16,prime,0
597,1,z:ilp,nat-oop,8048,7059,3.420,0.877,4.605e-16,prime,1
598,1,z:ilp,nat-oop,1982,6592,13.914,3.326,8.438e-16,flat,0
598,1,z:ilp,nat-oop,1935,6838,14.256,3.535,8.438e-16,flat,1
599,1,z:ilp,nat-oop,8175,7893,3.380,0.965,7.190e-16,prime,0
599,1,z:ilp,nat-oop,8744,8527,3.160,0.975,7.190e-16,prime,1
600,1,z:ilp,nat-oop,1619,1393,17.098,0.860,3.844e-16,chain3,0
600,1,z:ilp,nat-oop,1102,1151,25.113,1.044,3.844e-16,chain3,1
601,1,z:ilp,nat-oop,5384,6623,5.153,1.230,7.636e-16,prime,0
601,1,z:ilp,nat-oop,5489,6488,5.054,1.182,7.636e-16,prime,1
602,1,z:ilp,nat-oop,2545,8565,10.920,3.365,6.511e-16,flat,0
602,1,z:ilp,nat-oop,2511,9508,11.069,3.787,6.511e-16,flat,1
603,1,z:ilp,nat-oop,9302,12260,2.994,1.318,4.536e-16,prime,0
603,1,z:ilp,nat-oop,8469,11303,3.288,1.335,4.536e-16,prime,1
604,1,z:ilp,nat-oop,8493,6996,3.285,0.824,5.566e-16,prime,0
604,1,z:ilp,nat-oop,8548,6791,3.264,0.795,5.566e-16,prime,1
605,1,z:ilp,nat-oop,1576,2305,17.735,1.463,4.247e-16,flat,0
605,1,z:ilp,nat-oop,1546,2317,18.079,1.499,4.247e-16,flat,1
606,1,z:ilp,nat-oop,8977,6737,3.120,0.750,4.083e-16,prime,0
606,1,z:ilp,nat-oop,8421,6800,3.326,0.807,4.083e-16,prime,1
607,1,z:ilp,nat-oop,8392,10501,3.344,1.251,7.597e-16,prime,0
607,1,z:ilp,nat-oop,8684,10461,3.231,1.205,7.597e-16,prime,1
608,1,z:ilp,nat-oop,1090,5056,25.797,4.639,3.844e-16,2p,0
608,1,z:ilp,nat-oop,1075,5131,26.148,4.773,3.844e-16,2p,1
609,1,z:ilp,nat-oop,2778,6571,10.139,2.365,4.464e-16,2p,0
609,1,z:ilp,nat-oop,2311,6583,12.189,2.849,4.464e-16,2p,1
610,1,z:ilp,nat-oop,8870,6785,3.182,0.765,6.873e-16,prime,0
610,1,z:ilp,nat-oop,8421,6644,3.351,0.789,6.873e-16,prime,1
611,1,z:ilp,nat-oop,2552,9557,11.077,3.744,6.475e-16,flat,0
611,1,z:ilp,nat-oop,2458,9618,11.502,3.912,6.475e-16,flat,1
612,1,z:ilp,nat-oop,1357,4797,20.869,3.534,7.275e-16,chain3,0
612,1,z:ilp,nat-oop,1339,4813,21.161,3.596,7.275e-16,chain3,1
613,1,z:ilp,nat-oop,5029,9698,5.644,1.928,8.746e-16,prime,0
613,1,z:ilp,nat-oop,5167,9796,5.492,1.896,8.746e-16,prime,1
614,1,z:ilp,nat-oop,8257,12267,3.444,1.486,6.170e-16,prime,0
614,1,z:ilp,nat-oop,8467,12174,3.358,1.438,6.170e-16,prime,1
615,1,z:ilp,nat-oop,1969,8584,14.467,4.359,3.953e-16,2p,0
615,1,z:ilp,nat-oop,1929,8622,14.771,4.470,3.953e-16,2p,1
616,1,z:ilp,nat-oop,1193,1437,23.924,1.205,3.639e-16,chain3,0
616,1,z:ilp,nat-oop,1198,1451,23.833,1.212,3.639e-16,chain3,1
617,1,z:ilp,nat-oop,4291,9807,6.664,2.285,7.607e-16,prime,0
617,1,z:ilp,nat-oop,4206,10258,6.798,2.439,7.607e-16,prime,1
618,1,z:ilp,nat-oop,7707,9538,3.717,1.238,5.518e-16,prime,0
618,1,z:ilp,nat-oop,7862,11072,3.644,1.408,5.518e-16,prime,1
619,1,z:ilp,nat-oop,7762,10559,3.698,1.360,5.638e-16,prime,0
619,1,z:ilp,nat-oop,7439,12292,3.858,1.652,5.638e-16,prime,1
620,1,z:ilp,nat-oop,2110,7070,13.626,3.350,5.614e-16,flat,0
620,1,z:ilp,nat-oop,2237,7636,12.855,3.413,5.614e-16,flat,1
621,1,z:ilp,nat-oop,1855,5823,15.527,3.138,5.193e-16,2p,0
621,1,z:ilp,nat-oop,1637,8822,17.600,5.389,5.193e-16,2p,1
622,1,z:ilp,nat-oop,10705,13820,2.696,1.291,6.400e-16,prime,0
622,1,z:ilp,nat-oop,8848,12361,3.262,1.397,6.400e-16,prime,1
623,1,z:ilp,nat-oop,8669,10194,3.336,1.176,4.427e-16,prime,0
623,1,z:ilp,nat-oop,8795,9593,3.288,1.091,4.427e-16,prime,1
624,1,z:ilp,nat-oop,1133,1372,25.574,1.211,4.701e-16,chain3,0
624,1,z:ilp,nat-oop,1112,1311,26.064,1.179,4.701e-16,chain3,1
625,1,z:ilp,nat-oop,1122,1813,25.860,1.616,4.437e-16,2p,0
625,1,z:ilp,nat-oop,1179,1858,24.609,1.576,4.437e-16,2p,1
626,1,z:ilp,nat-oop,8447,11828,3.442,1.400,5.710e-16,prime,0
626,1,z:ilp,nat-oop,8351,13156,3.482,1.575,5.710e-16,prime,1
627,1,z:ilp,nat-oop,1810,5918,16.097,3.270,7.583e-16,flat,0
627,1,z:ilp,nat-oop,1822,5791,15.992,3.179,7.583e-16,flat,1
628,1,z:ilp,nat-oop,7843,7576,3.721,0.966,4.472e-16,prime,0
628,1,z:ilp,nat-oop,8183,7343,3.567,0.897,4.472e-16,prime,1
629,1,z:ilp,nat-oop,2682,11319,10.903,4.221,7.797e-16,2p,0
629,1,z:ilp,nat-oop,2792,12735,10.474,4.562,7.797e-16,2p,1
630,1,z:ilp,nat-oop,1147,1236,25.544,1.078,3.628e-16,chain3,0
630,1,z:ilp,nat-oop,1195,1555,24.505,1.301,3.628e-16,chain3,1
631,1,z:ilp,nat-oop,6291,8264,4.665,1.314,7.528e-16,prime,0
631,1,z:ilp,nat-oop,5113,8662,5.739,1.694,7.528e-16,prime,1
632,1,z:ilp,nat-oop,7944,8754,3.701,1.102,5.225e-16,prime,0
632,1,z:ilp,nat-oop,8314,9765,3.536,1.175,5.225e-16,prime,1
633,1,z:ilp,nat-oop,9284,8890,3.173,0.958,4.498e-16,prime,0
633,1,z:ilp,nat-oop,8948,8785,3.292,0.982,4.498e-16,prime,1
634,1,z:ilp,nat-oop,9076,7488,3.251,0.825,4.426e-16,prime,0
634,1,z:ilp,nat-oop,8615,7152,3.425,0.830,4.426e-16,prime,1
635,1,z:ilp,nat-oop,8798,7546,3.360,0.858,4.601e-16,prime,0
635,1,z:ilp,nat-oop,8962,8442,3.299,0.942,4.601e-16,prime,1
636,1,z:ilp,nat-oop,9421,11496,3.144,1.220,3.904e-16,prime,0
636,1,z:ilp,nat-oop,8590,10721,3.448,1.248,3.904e-16,prime,1
637,1,z:ilp,nat-oop,1899,1832,15.627,0.965,8.368e-16,flat,0
637,1,z:ilp,nat-oop,2428,2010,12.221,0.828,8.368e-16,flat,1
638,1,z:ilp,nat-oop,2435,8376,12.204,3.439,6.498e-16,flat,0
638,1,z:ilp,nat-oop,2920,8877,10.178,3.040,6.498e-16,flat,1
639,1,z:ilp,nat-oop,9388,9649,3.172,1.028,6.135e-16,prime,0
639,1,z:ilp,nat-oop,8519,8301,3.495,0.975,6.135e-16,prime,1
640,1,z:ilp,nat-oop,1320,778,22.604,0.589,4.853e-16,2p,0
640,1,z:ilp,nat-oop,975,807,30.598,0.828,4.853e-16,2p,1
641,1,z:ilp,nat-oop,3547,6428,8.425,1.812,6.240e-16,prime,0
641,1,z:ilp,nat-oop,4086,8634,7.314,2.113,6.240e-16,prime,1
642,1,z:ilp,nat-oop,13120,11436,2.282,0.872,5.903e-16,prime,0
642,1,z:ilp,nat-oop,8784,11316,3.408,1.288,5.903e-16,prime,1
643,1,z:ilp,nat-oop,8659,12671,3.464,1.463,7.237e-16,prime,0
643,1,z:ilp,nat-oop,9300,10583,3.225,1.138,7.237e-16,prime,1
644,1,z:ilp,nat-oop,1894,6100,15.865,3.221,5.320e-16,flat,0
644,1,z:ilp,nat-oop,1904,6220,15.782,3.267,5.320e-16,flat,1
645,1,z:ilp,nat-oop,2216,12481,13.584,5.633,4.292e-16,2p,0
645,1,z:ilp,nat-oop,2119,13881,14.205,6.551,4.292e-16,2p,1
646,1,z:ilp,nat-oop,2306,11177,13.073,4.846,1.024e-15,flat,0
646,1,z:ilp,nat-oop,2077,10795,14.516,5.197,1.024e-15,flat,1
647,1,z:ilp,nat-oop,9087,9015,3.324,0.992,7.375e-16,prime,0
647,1,z:ilp,nat-oop,8278,9423,3.649,1.138,7.375e-16,prime,1
648,1,z:ilp,nat-oop,1205,1465,25.112,1.215,4.832e-16,chain3,0
648,1,z:ilp,nat-oop,1375,1524,22.016,1.109,4.832e-16,chain3,1
649,1,z:ilp,nat-oop,8257,10181,3.671,1.233,3.800e-16,prime,0
649,1,z:ilp,nat-oop,9117,11340,3.325,1.244,3.800e-16,prime,1
650,1,z:ilp,nat-oop,1340,1935,22.665,1.444,5.353e-16,chain3,0
650,1,z:ilp,nat-oop,1331,1469,22.808,1.103,5.353e-16,chain3,1
651,1,z:ilp,nat-oop,2274,7516,13.377,3.305,4.358e-16,2p,0
651,1,z:ilp,nat-oop,3239,8192,9.393,2.529,4.358e-16,2p,1
652,1,z:ilp,nat-oop,9415,7899,3.237,0.839,5.197e-16,prime,0
652,1,z:ilp,nat-oop,10640,9376,2.864,0.881,5.197e-16,prime,1
653,1,z:ilp,nat-oop,11254,15176,2.713,1.349,6.050e-16,prime,0
653,1,z:ilp,nat-oop,11096,10607,2.751,0.956,6.050e-16,prime,1
654,1,z:ilp,nat-oop,9570,8695,3.196,0.909,5.516e-16,prime,0
654,1,z:ilp,nat-oop,10129,8961,3.020,0.885,5.516e-16,prime,1
655,1,z:ilp,nat-oop,9412,12004,3.255,1.275,6.692e-16,prime,0
655,1,z:ilp,nat-oop,8616,10813,3.556,1.255,6.692e-16,prime,1
656,1,z:ilp,nat-oop,2741,10495,11.198,3.829,4.579e-16,2p,0
656,1,z:ilp,nat-oop,2617,9932,11.729,3.795,4.579e-16,2p,1
657,1,z:ilp,nat-oop,9596,10752,3.204,1.120,6.381e-16,prime,0
657,1,z:ilp,nat-oop,9447,8124,3.255,0.860,6.381e-16,prime,1
658,1,z:ilp,nat-oop,3077,10903,10.011,3.544,5.807e-16,flat,0
658,1,z:ilp,nat-oop,2879,10540,10.700,3.661,5.807e-16,flat,1
659,1,z:ilp,nat-oop,8838,10412,3.491,1.178,5.347e-16,prime,0
659,1,z:ilp,nat-oop,10677,11300,2.890,1.058,5.347e-16,prime,1
660,1,z:ilp,nat-oop,1384,1997,22.332,1.443,4.361e-16,chain3,0
660,1,z:ilp,nat-oop,1484,2029,20.821,1.367,4.361e-16,chain3,1
661,1,z:ilp,nat-oop,5406,9541,5.728,1.765,7.724e-16,prime,0
661,1,z:ilp,nat-oop,5430,9584,5.702,1.765,7.724e-16,prime,1
662,1,z:ilp,nat-oop,8818,12628,3.517,1.432,7.057e-16,prime,0
662,1,z:ilp,nat-oop,9375,12644,3.308,1.349,7.057e-16,prime,1
663,1,z:ilp,nat-oop,1885,6836,16.484,3.627,9.952e-16,flat,0
663,1,z:ilp,nat-oop,1909,6037,16.272,3.161,9.952e-16,flat,1
664,1,z:ilp,nat-oop,8676,10115,3.588,1.166,4.834e-16,prime,0
664,1,z:ilp,nat-oop,8609,10153,3.615,1.179,4.834e-16,prime,1
665,1,z:ilp,nat-oop,2147,5616,14.525,2.616,4.634e-16,flat,0
665,1,z:ilp,nat-oop,1851,5645,16.843,3.049,4.634e-16,flat,1
666,1,z:ilp,nat-oop,2499,9335,12.498,3.735,4.765e-16,chain3,0
666,1,z:ilp,nat-oop,2079,8207,15.021,3.947,4.765e-16,chain3,1
667,1,z:ilp,nat-oop,3163,13331,9.891,4.214,4.735e-16,2p,0
667,1,z:ilp,nat-oop,2581,12716,12.120,4.926,4.735e-16,2p,1
668,1,z:ilp,nat-oop,11732,12359,2.671,1.053,4.803e-16,prime,0
668,1,z:ilp,nat-oop,10038,9749,3.122,0.971,4.803e-16,prime,1
669,1,z:ilp,nat-oop,8271,10674,3.796,1.291,6.934e-16,prime,0
669,1,z:ilp,nat-oop,9787,12506,3.208,1.278,6.934e-16,prime,1
670,1,z:ilp,nat-oop,11856,12243,2.653,1.033,6.438e-16,prime,0
670,1,z:ilp,nat-oop,12255,12557,2.566,1.025,6.438e-16,prime,1
671,1,z:ilp,nat-oop,8667,8585,3.635,0.991,7.075e-16,prime,0
671,1,z:ilp,nat-oop,9210,9086,3.421,0.986,7.075e-16,prime,1
672,1,z:ilp,nat-oop,1106,1548,28.521,1.399,3.288e-16,2p,0
672,1,z:ilp,nat-oop,1010,1278,31.241,1.265,3.288e-16,2p,1
673,1,z:ilp,nat-oop,4045,10471,7.815,2.589,6.661e-16,prime,0
673,1,z:ilp,nat-oop,4360,10176,7.250,2.334,6.661e-16,prime,1
674,1,z:ilp,nat-oop,8686,11972,3.646,1.378,7.225e-16,prime,0
674,1,z:ilp,nat-oop,9730,14649,3.255,1.506,7.225e-16,prime,1
675,1,z:ilp,nat-oop,1679,2368,18.894,1.411,6.217e-16,2p,0
675,1,z:ilp,nat-oop,1598,1753,19.854,1.097,6.217e-16,2p,1
676,1,z:ilp,nat-oop,1789,2473,17.758,1.382,6.748e-16,chain3,0
676,1,z:ilp,nat-oop,2063,3255,15.399,1.577,6.748e-16,chain3,1
677,1,z:ilp,nat-oop,6576,10090,4.841,1.535,1.027e-15,prime,0
677,1,z:ilp,nat-oop,6572,10170,4.843,1.548,1.027e-15,prime,1
678,1,z:ilp,nat-oop,9430,11567,3.381,1.227,3.911e-16,prime,0
678,1,z:ilp,nat-oop,8567,10798,3.722,1.261,3.911e-16,prime,1
679,1,z:ilp,nat-oop,11568,7650,2.761,0.661,4.690e-16,prime,0
679,1,z:ilp,nat-oop,9624,9425,3.319,0.979,4.690e-16,prime,1
680,1,z:ilp,nat-oop,2133,5166,15.000,2.422,6.585e-16,flat,0
680,1,z:ilp,nat-oop,1797,5946,17.803,3.309,6.585e-16,flat,1
681,1,z:ilp,nat-oop,8752,13015,3.661,1.487,5.772e-16,prime,0
681,1,z:ilp,nat-oop,7566,9291,4.235,1.228,5.772e-16,prime,1
682,1,z:ilp,nat-oop,2466,11437,13.019,4.639,5.753e-16,flat,0
682,1,z:ilp,nat-oop,3548,10897,9.046,3.071,5.753e-16,flat,1
683,1,z:ilp,nat-oop,8982,9184,3.580,1.023,5.998e-16,prime,0
683,1,z:ilp,nat-oop,29677,12572,1.083,0.424,5.998e-16,prime,1
684,1,z:ilp,nat-oop,1607,5368,20.040,3.340,4.671e-16,chain3,0
684,1,z:ilp,nat-oop,1513,6032,21.293,3.988,4.671e-16,chain3,1
685,1,z:ilp,nat-oop,8890,9591,3.629,1.079,5.544e-16,prime,0
685,1,z:ilp,nat-oop,9923,10115,3.251,1.019,5.544e-16,prime,1
686,1,z:ilp,nat-oop,1750,1557,18.465,0.890,4.119e-16,flat,0
686,1,z:ilp,nat-oop,1740,1592,18.571,0.915,4.119e-16,flat,1
687,1,z:ilp,nat-oop,9041,11266,3.580,1.246,4.925e-16,prime,0
687,1,z:ilp,nat-oop,8514,10947,3.802,1.286,4.925e-16,prime,1
688,1,z:ilp,nat-oop,2529,9451,12.824,3.738,5.787e-16,flat,0
688,1,z:ilp,nat-oop,2535,10057,12.791,3.967,5.787e-16,flat,1
689,1,z:ilp,nat-oop,9518,11540,3.413,1.212,5.710e-16,prime,0
689,1,z:ilp,nat-oop,8164,12565,3.978,1.539,5.710e-16,prime,1
690,1,z:ilp,nat-oop,1656,6693,19.642,4.041,4.996e-16,chain3,0
690,1,z:ilp,nat-oop,1658,6470,19.618,3.902,4.996e-16,chain3,1
691,1,z:ilp,nat-oop,6125,9978,5.321,1.629,8.631e-16,prime,0
691,1,z:ilp,nat-oop,5537,9814,5.886,1.773,8.631e-16,prime,1
692,1,z:ilp,nat-oop,8257,10391,3.953,1.258,5.470e-16,prime,0
692,1,z:ilp,nat-oop,18082,10820,1.805,0.598,5.470e-16,prime,1
693,1,z:ilp,nat-oop,1699,1912,19.242,1.125,6.008e-16,flat,0
693,1,z:ilp,nat-oop,1684,2257,19.414,1.340,6.008e-16,flat,1
694,1,z:ilp,nat-oop,9143,9808,3.582,1.073,5.212e-16,prime,0
694,1,z:ilp,nat-oop,8237,9306,3.976,1.130,5.212e-16,prime,1
695,1,z:ilp,nat-oop,8708,8967,3.767,1.030,6.479e-16,prime,0
695,1,z:ilp,nat-oop,8285,9122,3.960,1.101,6.479e-16,prime,1
696,1,z:ilp,nat-oop,2571,8116,12.780,3.156,4.825e-16,flat,0
696,1,z:ilp,nat-oop,2606,7577,12.611,2.908,4.825e-16,flat,1
697,1,z:ilp,nat-oop,2773,14120,11.868,5.091,6.387e-16,2p,0
697,1,z:ilp,nat-oop,2507,14275,13.129,5.694,6.387e-16,2p,1
698,1,z:ilp,nat-oop,7768,9280,4.244,1.195,6.831e-16,prime,0
698,1,z:ilp,nat-oop,8845,21306,3.727,2.409,6.831e-16,prime,1
699,1,z:ilp,nat-oop,9498,9508,3.477,1.001,4.681e-16,prime,0
699,1,z:ilp,nat-oop,7887,8638,4.187,1.095,4.681e-16,prime,1
700,1,z:ilp,nat-oop,1457,1288,22.703,0.884,3.237e-16,chain3,0
700,1,z:ilp,nat-oop,1176,1456,28.130,1.238,3.237e-16,chain3,1
701,1,z:ilp,nat-oop,6762,9513,4.900,1.407,9.486e-16,prime,0
701,1,z:ilp,nat-oop,6688,10128,4.955,1.514,9.486e-16,prime,1
702,1,z:ilp,nat-oop,1512,1906,21.949,1.261,5.415e-16,chain3,0
702,1,z:ilp,nat-oop,1503,1703,22.088,1.133,5.415e-16,chain3,1
703,1,z:ilp,nat-oop,2341,12992,14.199,5.549,4.615e-16,2p,0
703,1,z:ilp,nat-oop,2325,13326,14.300,5.732,4.615e-16,2p,1
704,1,z:ilp,nat-oop,1193,1560,27.922,1.308,4.962e-16,2p,0
704,1,z:ilp,nat-oop,1127,1578,29.538,1.400,4.962e-16,2p,1
705,1,z:ilp,nat-oop,2823,14807,11.814,5.245,5.317e-16,2p,0
705,1,z:ilp,nat-oop,3366,14867,9.909,4.417,5.317e-16,2p,1
706,1,z:ilp,nat-oop,8363,9214,3.995,1.102,6.660e-16,prime,0
706,1,z:ilp,nat-oop,8205,9781,4.071,1.192,6.660e-16,prime,1
707,1,z:ilp,nat-oop,8300,7467,4.031,0.900,6.141e-16,prime,0
707,1,z:ilp,nat-oop,8448,7313,3.961,0.866,6.141e-16,prime,1
708,1,z:ilp,nat-oop,8231,10806,4.072,1.313,7.111e-16,prime,0
708,1,z:ilp,nat-oop,8026,10666,4.176,1.329,7.111e-16,prime,1
709,1,z:ilp,nat-oop,9455,11099,3.550,1.174,5.524e-16,prime,0
709,1,z:ilp,nat-oop,7943,10364,4.226,1.305,5.524e-16,prime,1
710,1,z:ilp,nat-oop,8236,8965,4.083,1.088,5.537e-16,prime,0
710,1,z:ilp,nat-oop,8174,9003,4.114,1.101,5.537e-16,prime,1
711,1,z:ilp,nat-oop,7020,9504,4.797,1.354,4.496e-16,prime,0
711,1,z:ilp,nat-oop,6946,10238,4.849,1.474,4.496e-16,prime,1
712,1,z:ilp,nat-oop,8290,9075,4.069,1.095,5.956e-16,prime,0
712,1,z:ilp,nat-oop,8138,9101,4.145,1.118,5.956e-16,prime,1
713,1,z:ilp,nat-oop,2821,13334,11.977,4.727,6.016e-16,2p,0
713,1,z:ilp,nat-oop,2784,13548,12.135,4.866,6.016e-16,2p,1
714,1,z:ilp,nat-oop,1714,5940,19.741,3.465,6.209e-16,chain3,0
714,1,z:ilp,nat-oop,1701,8974,19.892,5.275,6.209e-16,chain3,1
715,1,z:ilp,nat-oop,1835,2805,18.476,1.529,5.480e-16,flat,0
715,1,z:ilp,nat-oop,1831,2837,18.512,1.549,5.480e-16,flat,1
716,1,z:ilp,nat-oop,8594,10112,3.950,1.177,5.595e-16,prime,0
716,1,z:ilp,nat-oop,8024,11827,4.232,1.474,5.595e-16,prime,1
717,1,z:ilp,nat-oop,8206,8540,4.144,1.041,6.175e-16,prime,0
717,1,z:ilp,nat-oop,8058,8670,4.220,1.076,6.175e-16,prime,1
718,1,z:ilp,nat-oop,8741,12865,3.897,1.472,5.084e-16,prime,0
718,1,z:ilp,nat-oop,10435,13250,3.264,1.270,5.084e-16,prime,1
719,1,z:ilp,nat-oop,11642,13066,2.930,1.122,6.031e-16,prime,0
719,1,z:ilp,nat-oop,11659,12985,2.926,1.114,6.031e-16,prime,1
720,1,z:ilp,nat-oop,1286,1203,26.570,0.935,4.983e-16,chain3,0
720,1,z:ilp,nat-oop,1373,1199,24.888,0.873,4.983e-16,chain3,1
721,1,z:ilp,nat-oop,8939,10339,3.829,1.157,5.077e-16,prime,0
721,1,z:ilp,nat-oop,8161,10350,4.194,1.268,5.077e-16,prime,1
722,1,z:ilp,nat-oop,2366,10951,14.489,4.629,1.039e-15,flat,0
722,1,z:ilp,nat-oop,2327,11440,14.735,4.917,1.039e-15,flat,1
723,1,z:ilp,nat-oop,9743,7886,3.524,0.809,3.941e-16,prime,0
723,1,z:ilp,nat-oop,8217,7581,4.179,0.923,3.941e-16,prime,1
724,1,z:ilp,nat-oop,8228,7640,4.180,0.929,6.475e-16,prime,0
724,1,z:ilp,nat-oop,8147,7910,4.221,0.971,6.475e-16,prime,1
725,1,z:ilp,nat-oop,2810,7547,12.257,2.686,5.710e-16,flat,0
725,1,z:ilp,nat-oop,2815,7563,12.234,2.686,5.710e-16,flat,1
726,1,z:ilp,nat-oop,1752,2593,19.688,1.480,4.484e-16,chain3,0
726,1,z:ilp,nat-oop,1668,2562,20.685,1.536,4.484e-16,chain3,1
727,1,z:ilp,nat-oop,5286,11957,6.537,2.262,7.094e-16,prime,0
727,1,z:ilp,nat-oop,5293,11808,6.528,2.231,7.094e-16,prime,1
728,1,z:ilp,nat-oop,1437,1601,24.091,1.114,5.056e-16,chain3,0
728,1,z:ilp,nat-oop,1564,1616,22.121,1.033,5.056e-16,chain3,1
729,1,z:ilp,nat-oop,1333,2063,26.003,1.548,4.515e-16,2p,0
729,1,z:ilp,nat-oop,1899,2699,18.250,1.421,4.515e-16,2p,1
730,1,z:ilp,nat-oop,11584,10805,2.997,0.933,4.883e-16,prime,0
730,1,z:ilp,nat-oop,11663,10788,2.977,0.925,4.883e-16,prime,1
731,1,z:ilp,nat-oop,3690,20252,9.423,5.488,5.241e-16,2p,0
731,1,z:ilp,nat-oop,2592,14244,13.417,5.496,5.241e-16,2p,1
732,1,z:ilp,nat-oop,9162,7826,3.801,0.854,5.609e-16,prime,0
732,1,z:ilp,nat-oop,8199,7857,4.248,0.958,5.609e-16,prime,1
733,1,z:ilp,nat-oop,8244,10149,4.231,1.231,4.111e-16,prime,0
733,1,z:ilp,nat-oop,8006,10156,4.357,1.269,4.111e-16,prime,1
734,1,z:ilp,nat-oop,8545,10233,4.089,1.198,5.017e-16,prime,0
734,1,z:ilp,nat-oop,7119,10266,4.907,1.442,5.017e-16,prime,1
735,1,z:ilp,nat-oop,2419,1878,14.464,0.776,5.369e-16,flat,0
735,1,z:ilp,nat-oop,1942,2061,18.022,1.062,5.369e-16,flat,1
736,1,z:ilp,nat-oop,1434,6458,24.444,4.504,4.134e-16,2p,0
736,1,z:ilp,nat-oop,1436,6383,24.401,4.444,4.134e-16,2p,1
737,1,z:ilp,nat-oop,8188,13321,4.287,1.627,6.932e-16,prime,0
737,1,z:ilp,nat-oop,8187,13453,4.288,1.643,6.932e-16,prime,1
738,1,z:ilp,nat-oop,3039,10061,11.568,3.310,4.527e-16,chain3,0
738,1,z:ilp,nat-oop,3000,10057,11.719,3.352,4.527e-16,chain3,1
739,1,z:ilp,nat-oop,8278,10403,4.253,1.257,5.756e-16,prime,0
739,1,z:ilp,nat-oop,8229,10597,4.279,1.288,5.756e-16,prime,1
740,1,z:ilp,nat-oop,2621,9626,13.455,3.673,4.756e-16,flat,0
740,1,z:ilp,nat-oop,2624,9641,13.440,3.674,4.756e-16,flat,1
741,1,z:ilp,nat-oop,1929,6964,18.313,3.611,5.561e-16,chain3,0
741,1,z:ilp,nat-oop,1936,6960,18.246,3.595,5.561e-16,chain3,1
742,1,z:ilp,nat-oop,7349,11078,4.814,1.507,4.916e-16,prime,0
742,1,z:ilp,nat-oop,7324,11797,4.830,1.611,4.916e-16,prime,1
743,1,z:ilp,nat-oop,11473,14522,3.088,1.266,5.332e-16,prime,0
743,1,z:ilp,nat-oop,11251,14434,3.149,1.283,5.332e-16,prime,1
744,1,z:ilp,nat-oop,4538,11178,7.819,2.463,4.500e-16,flat,0
744,1,z:ilp,nat-oop,2622,7840,13.533,2.990,4.500e-16,flat,1
745,1,z:ilp,nat-oop,8204,9269,4.332,1.130,5.454e-16,prime,0
745,1,z:ilp,nat-oop,8147,9765,4.362,1.198,5.454e-16,prime,1
746,1,z:ilp,nat-oop,8137,10276,4.375,1.263,5.275e-16,prime,0
746,1,z:ilp,nat-oop,8124,10143,4.382,1.249,5.275e-16,prime,1
747,1,z:ilp,nat-oop,8085,10252,4.410,1.268,6.827e-16,prime,0
747,1,z:ilp,nat-oop,7980,10212,4.468,1.280,6.827e-16,prime,1
748,1,z:ilp,nat-oop,2346,6817,15.218,2.905,6.792e-16,flat,0
748,1,z:ilp,nat-oop,2341,6810,15.253,2.909,6.792e-16,flat,1
749,1,z:ilp,nat-oop,7336,10553,4.875,1.439,4.607e-16,prime,0
749,1,z:ilp,nat-oop,7260,10536,4.925,1.451,4.607e-16,prime,1
750,1,z:ilp,nat-oop,1511,1425,23.695,0.942,4.662e-16,chain3,0
750,1,z:ilp,nat-oop,1374,1408,26.075,1.025,4.662e-16,chain3,1
751,1,z:ilp,nat-oop,8789,8191,4.081,0.932,5.672e-16,prime,0
751,1,z:ilp,nat-oop,7979,8211,4.495,1.029,5.672e-16,prime,1
752,1,z:ilp,nat-oop,2938,10814,12.229,3.681,5.812e-16,flat,0
752,1,z:ilp,nat-oop,2917,10807,12.316,3.705,5.812e-16,flat,1
753,1,z:ilp,nat-oop,8360,8853,4.304,1.059,5.060e-16,prime,0
753,1,z:ilp,nat-oop,7892,8854,4.559,1.122,5.060e-16,prime,1
754,1,z:ilp,nat-oop,2684,9465,13.428,3.527,8.968e-16,flat,0
754,1,z:ilp,nat-oop,2640,9537,13.650,3.613,8.968e-16,flat,1
755,1,z:ilp,nat-oop,7966,8125,4.531,1.020,6.685e-16,prime,0
755,1,z:ilp,nat-oop,7745,8373,4.660,1.081,6.685e-16,prime,1
756,1,z:ilp,nat-oop,1304,1545,27.728,1.185,4.805e-16,chain3,0
756,1,z:ilp,nat-oop,1314,1625,27.505,1.237,4.805e-16,chain3,1
757,1,z:ilp,nat-oop,7340,9435,4.932,1.285,5.791e-16,prime,0
757,1,z:ilp,nat-oop,7672,9673,4.718,1.261,5.791e-16,prime,1
758,1,z:ilp,nat-oop,8256,8647,4.391,1.047,5.041e-16,prime,0
758,1,z:ilp,nat-oop,8157,8667,4.445,1.063,5.041e-16,prime,1
759,1,z:ilp,nat-oop,2505,7772,14.495,3.103,6.183e-16,flat,0
759,1,z:ilp,nat-oop,2563,7764,14.169,3.030,6.183e-16,flat,1
760,1,z:ilp,nat-oop,1928,5850,18.859,3.034,4.863e-16,flat,0
760,1,z:ilp,nat-oop,1949,6502,18.654,3.335,4.863e-16,flat,1
761,1,z:ilp,nat-oop,6498,9434,5.604,1.452,8.005e-16,prime,0
761,1,z:ilp,nat-oop,6105,9430,5.966,1.545,8.005e-16,prime,1
762,1,z:ilp,nat-oop,8082,9886,4.513,1.223,4.102e-16,prime,0
762,1,z:ilp,nat-oop,8311,9987,4.389,1.202,4.102e-16,prime,1
763,1,z:ilp,nat-oop,8303,8932,4.400,1.076,6.155e-16,prime,0
763,1,z:ilp,nat-oop,9685,8941,3.772,0.923,6.155e-16,prime,1
764,1,z:ilp,nat-oop,8399,8608,4.356,1.025,5.001e-16,prime,0
764,1,z:ilp,nat-oop,8391,8544,4.360,1.018,5.001e-16,prime,1
765,1,z:ilp,nat-oop,2078,6495,17.634,3.126,6.261e-16,flat,0
765,1,z:ilp,nat-oop,2097,6479,17.476,3.090,6.261e-16,flat,1
766,1,z:ilp,nat-oop,10797,8881,3.399,0.823,5.304e-16,prime,0
766,1,z:ilp,nat-oop,10578,11342,3.469,1.072,5.304e-16,prime,1
767,1,z:ilp,nat-oop,12502,14839,2.940,1.187,4.711e-16,prime,0
767,1,z:ilp,nat-oop,9688,13584,3.793,1.402,4.711e-16,prime,1
768,1,z:ilp,nat-oop,1410,1314,26.113,0.932,3.499e-16,2p,0
768,1,z:ilp,nat-oop,1034,1250,35.613,1.209,3.499e-16,2p,1
769,1,z:ilp,nat-oop,4197,8309,8.782,1.980,5.320e-16,prime,0
769,1,z:ilp,nat-oop,4194,7713,8.790,1.839,5.320e-16,prime,1
770,1,z:ilp,nat-oop,1507,1803,24.489,1.196,3.364e-16,chain3,0
770,1,z:ilp,nat-oop,1510,1830,24.443,1.212,3.364e-16,chain3,1
771,1,z:ilp,nat-oop,7946,8424,4.653,1.060,5.837e-16,prime,0
771,1,z:ilp,nat-oop,7708,8227,4.796,1.067,5.837e-16,prime,1
772,1,z:ilp,nat-oop,8537,8027,4.337,0.940,6.387e-16,prime,0
772,1,z:ilp,nat-oop,8979,8637,4.124,0.962,6.387e-16,prime,1
773,1,z:ilp,nat-oop,8252,10651,4.493,1.291,6.239e-16,prime,0
773,1,z:ilp,nat-oop,8195,11448,4.525,1.397,6.239e-16,prime,1
774,1,z:ilp,nat-oop,2757,11125,13.472,4.036,4.859e-16,chain3,0
774,1,z:ilp,nat-oop,2815,15940,13.191,5.662,4.859e-16,chain3,1
775,1,z:ilp,nat-oop,2070,8747,17.967,4.226,5.144e-16,2p,0
775,1,z:ilp,nat-oop,2118,8593,17.561,4.057,5.144e-16,2p,1
776,1,z:ilp,nat-oop,9388,8188,3.967,0.872,3.335e-16,prime,0
776,1,z:ilp,nat-oop,8236,8341,4.522,1.013,3.335e-16,prime,1
777,1,z:ilp,nat-oop,2291,10574,16.285,4.616,4.868e-16,2p,0
777,1,z:ilp,nat-oop,2276,10741,16.388,4.718,4.868e-16,2p,1
778,1,z:ilp,nat-oop,13534,10334,2.760,0.764,6.107e-16,prime,0
778,1,z:ilp,nat-oop,8287,11884,4.508,1.434,6.107e-16,prime,1
779,1,z:ilp,nat-oop,3032,15634,12.338,5.156,4.962e-16,2p,0
779,1,z:ilp,nat-oop,2896,15880,12.921,5.484,4.962e-16,2p,1
780,1,z:ilp,nat-oop,1532,1773,24.457,1.157,7.120e-16,chain3,0
780,1,z:ilp,nat-oop,1539,1751,24.345,1.137,7.120e-16,chain3,1
781,1,z:ilp,nat-oop,9834,11964,3.816,1.217,5.837e-16,prime,0
781,1,z:ilp,nat-oop,8736,12667,4.295,1.450,5.837e-16,prime,1
782,1,z:ilp,nat-oop,2771,12238,13.559,4.416,1.873e-15,flat,0
782,1,z:ilp,nat-oop,2851,12577,13.181,4.411,1.873e-15,flat,1
783,1,z:ilp,nat-oop,3388,9437,11.109,2.786,4.532e-16,flat,0
783,1,z:ilp,nat-oop,3509,9430,10.724,2.687,4.532e-16,flat,1
784,1,z:ilp,nat-oop,1377,1451,27.362,1.054,5.195e-16,chain3,0
784,1,z:ilp,nat-oop,1264,1466,29.821,1.160,5.195e-16,chain3,1
785,1,z:ilp,nat-oop,8487,9434,4.448,1.112,6.392e-16,prime,0
785,1,z:ilp,nat-oop,8523,9893,4.428,1.161,6.392e-16,prime,1
786,1,z:ilp,nat-oop,7976,11471,4.739,1.438,5.661e-16,prime,0
786,1,z:ilp,nat-oop,7909,12069,4.780,1.526,5.661e-16,prime,1
787,1,z:ilp,nat-oop,8325,10165,4.547,1.221,5.434e-16,prime,0
787,1,z:ilp,nat-oop,8090,10733,4.680,1.327,5.434e-16,prime,1
788,1,z:ilp,nat-oop,8259,10092,4.590,1.222,6.652e-16,prime,0
788,1,z:ilp,nat-oop,11938,10607,3.176,0.889,6.652e-16,prime,1
789,1,z:ilp,nat-oop,8634,11365,4.397,1.316,6.274e-16,prime,0
789,1,z:ilp,nat-oop,8213,13257,4.623,1.614,6.274e-16,prime,1
790,1,z:ilp,nat-oop,8134,11837,4.674,1.455,4.704e-16,prime,0
790,1,z:ilp,nat-oop,8554,14277,4.445,1.669,4.704e-16,prime,1
791,1,z:ilp,nat-oop,8660,12880,4.397,1.487,6.747e-16,prime,0
791,1,z:ilp,nat-oop,8447,14124,4.508,1.672,6.747e-16,prime,1
792,1,z:ilp,nat-oop,1610,1900,23.689,1.181,5.540e-16,chain3,0
792,1,z:ilp,nat-oop,1461,2001,26.107,1.370,5.540e-16,chain3,1
793,1,z:ilp,nat-oop,8681,9595,4.399,1.105,5.354e-16,prime,0
793,1,z:ilp,nat-oop,8240,9756,4.635,1.184,5.354e-16,prime,1
794,1,z:ilp,nat-oop,8626,11548,4.433,1.339,6.618e-16,prime,0
794,1,z:ilp,nat-oop,8954,12364,4.271,1.381,6.618e-16,prime,1
795,1,z:ilp,nat-oop,9709,13931,3.945,1.435,3.933e-16,prime,0
795,1,z:ilp,nat-oop,8418,14105,4.550,1.676,3.933e-16,prime,1
796,1,z:ilp,nat-oop,8311,10073,4.615,1.212,6.484e-16,prime,0
796,1,z:ilp,nat-oop,8366,10947,4.584,1.308,6.484e-16,prime,1
797,1,z:ilp,nat-oop,8256,10453,4.652,1.266,5.105e-16,prime,0
797,1,z:ilp,nat-oop,8253,10698,4.654,1.296,5.105e-16,prime,1
798,1,z:ilp,nat-oop,2712,7712,14.183,2.844,5.039e-16,flat,0
798,1,z:ilp,nat-oop,2423,8724,15.875,3.601,5.039e-16,flat,1
799,1,z:ilp,nat-oop,3064,16796,12.571,5.481,4.645e-16,2p,0
799,1,z:ilp,nat-oop,2992,17753,12.875,5.934,4.645e-16,2p,1
800,1,z:ilp,nat-oop,1231,1547,31.334,1.256,3.140e-16,2p,0
800,1,z:ilp,nat-oop,1289,1332,29.921,1.034,3.140e-16,2p,1
801,1,z:ilp,nat-oop,9690,11200,3.987,1.156,7.191e-16,prime,0
801,1,z:ilp,nat-oop,8585,11482,4.500,1.337,7.191e-16,prime,1
802,1,z:ilp,nat-oop,8802,8664,4.395,0.984,4.856e-16,prime,0
802,1,z:ilp,nat-oop,8198,9221,4.719,1.125,4.856e-16,prime,1
803,1,z:ilp,nat-oop,8628,10250,4.490,1.188,6.245e-16,prime,0
803,1,z:ilp,nat-oop,8140,10003,4.760,1.229,6.245e-16,prime,1
804,1,z:ilp,nat-oop,9383,14398,4.135,1.535,5.312e-16,prime,0
804,1,z:ilp,nat-oop,7909,14097,4.905,1.782,5.312e-16,prime,1
805,1,z:ilp,nat-oop,2630,7756,14.774,2.949,5.625e-16,flat,0
805,1,z:ilp,nat-oop,2553,8927,15.216,3.496,5.625e-16,flat,1
806,1,z:ilp,nat-oop,2996,9857,12.988,3.290,8.815e-16,flat,0
806,1,z:ilp,nat-oop,3083,10084,12.619,3.270,8.815e-16,flat,1
807,1,z:ilp,nat-oop,8832,11438,4.411,1.295,4.992e-16,prime,0
807,1,z:ilp,nat-oop,7815,12169,4.986,1.557,4.992e-16,prime,1
808,1,z:ilp,nat-oop,8144,8714,4.791,1.070,5.344e-16,prime,0
808,1,z:ilp,nat-oop,8556,8797,4.560,1.028,5.344e-16,prime,1
809,1,z:ilp,nat-oop,7627,11286,5.123,1.480,4.876e-16,prime,0
809,1,z:ilp,nat-oop,7367,12376,5.304,1.680,4.876e-16,prime,1
810,1,z:ilp,nat-oop,1609,1756,24.316,1.091,5.475e-16,chain3,0
810,1,z:ilp,nat-oop,1573,1909,24.883,1.214,5.475e-16,chain3,1
811,1,z:ilp,nat-oop,7599,9407,5.157,1.238,5.927e-16,prime,0
811,1,z:ilp,nat-oop,7605,9901,5.153,1.302,5.927e-16,prime,1
812,1,z:ilp,nat-oop,3226,9035,12.163,2.800,4.878e-16,flat,0
812,1,z:ilp,nat-oop,2798,9155,14.027,3.272,4.878e-16,flat,1
813,1,z:ilp,nat-oop,8363,9770,4.699,1.168,6.172e-16,prime,0
813,1,z:ilp,nat-oop,8219,9614,4.781,1.170,6.172e-16,prime,1
814,1,z:ilp,nat-oop,3458,12218,11.379,3.533,8.079e-16,flat,0
814,1,z:ilp,nat-oop,3145,11781,12.514,3.746,8.079e-16,flat,1
815,1,z:ilp,nat-oop,9056,9746,4.351,1.076,6.172e-16,prime,0
815,1,z:ilp,nat-oop,8339,10722,4.726,1.286,6.172e-16,prime,1
816,1,z:ilp,nat-oop,1857,6634,21.256,3.573,4.673e-16,chain3,0
816,1,z:ilp,nat-oop,1723,6576,22.908,3.817,4.673e-16,chain3,1
817,1,z:ilp,nat-oop,3248,16266,12.169,5.008,8.280e-16,flat,0
817,1,z:ilp,nat-oop,3313,17506,11.928,5.284,8.280e-16,flat,1
818,1,z:ilp,nat-oop,8232,11174,4.807,1.357,6.380e-16,prime,0
818,1,z:ilp,nat-oop,7857,11237,5.037,1.430,6.380e-16,prime,1
819,1,z:ilp,nat-oop,2097,2274,18.898,1.084,7.678e-16,flat,0
819,1,z:ilp,nat-oop,2071,2244,19.133,1.083,7.678e-16,flat,1
820,1,z:ilp,nat-oop,2933,12151,13.531,4.143,4.207e-16,flat,0
820,1,z:ilp,nat-oop,2904,11164,13.665,3.844,4.207e-16,flat,1
821,1,z:ilp,nat-oop,7538,12483,5.272,1.656,6.855e-16,prime,0
821,1,z:ilp,nat-oop,7861,11317,5.056,1.440,6.855e-16,prime,1
822,1,z:ilp,nat-oop,8458,11433,4.705,1.352,5.733e-16,prime,0
822,1,z:ilp,nat-oop,8335,11269,4.775,1.352,5.733e-16,prime,1
823,1,z:ilp,nat-oop,8902,11158,4.477,1.253,6.395e-16,prime,0
823,1,z:ilp,nat-oop,8731,11137,4.564,1.276,6.395e-16,prime,1
824,1,z:ilp,nat-oop,8168,11699,4.886,1.432,7.867e-16,prime,0
824,1,z:ilp,nat-oop,8117,12742,4.916,1.570,7.867e-16,prime,1
825,1,z:ilp,nat-oop,1754,2409,22.778,1.373,4.401e-16,chain3,0
825,1,z:ilp,nat-oop,1817,2411,21.991,1.327,4.401e-16,chain3,1
826,1,z:ilp,nat-oop,7883,11638,5.076,1.476,5.168e-16,prime,0
826,1,z:ilp,nat-oop,13727,11155,2.915,0.813,5.168e-16,prime,1
827,1,z:ilp,nat-oop,8332,12398,4.810,1.488,5.920e-16,prime,0
827,1,z:ilp,nat-oop,8556,15059,4.684,1.760,5.920e-16,prime,1
828,1,z:ilp,nat-oop,2250,7237,17.833,3.216,5.148e-16,chain3,0
828,1,z:ilp,nat-oop,2303,7327,17.425,3.182,5.148e-16,chain3,1
829,1,z:ilp,nat-oop,7572,12098,5.307,1.598,1.061e-15,prime,0
829,1,z:ilp,nat-oop,7562,11109,5.314,1.469,1.061e-15,prime,1
830,1,z:ilp,nat-oop,7915,11628,5.084,1.469,5.371e-16,prime,0
830,1,z:ilp,nat-oop,8343,12346,4.824,1.480,5.371e-16,prime,1
831,1,z:ilp,nat-oop,9369,11688,4.301,1.248,6.984e-16,prime,0
831,1,z:ilp,nat-oop,10144,12957,3.973,1.277,6.984e-16,prime,1
832,1,z:ilp,nat-oop,1521,1835,26.537,1.206,5.150e-16,2p,0
832,1,z:ilp,nat-oop,1449,1772,27.841,1.223,5.150e-16,2p,1
833,1,z:ilp,nat-oop,2784,6372,14.514,2.289,6.755e-16,flat,0
833,1,z:ilp,nat-oop,2345,6945,17.234,2.962,6.755e-16,flat,1
834,1,z:ilp,nat-oop,9215,11174,4.391,1.213,6.171e-16,prime,0
834,1,z:ilp,nat-oop,8700,12676,4.651,1.457,6.171e-16,prime,1
835,1,z:ilp,nat-oop,8687,11983,4.664,1.379,5.748e-16,prime,0
835,1,z:ilp,nat-oop,8711,11996,4.652,1.377,5.748e-16,prime,1
836,1,z:ilp,nat-oop,2874,7799,14.119,2.714,8.176e-16,flat,0
836,1,z:ilp,nat-oop,2764,7672,14.681,2.776,8.176e-16,flat,1
837,1,z:ilp,nat-oop,3469,9563,11.712,2.756,7.069e-16,flat,0
837,1,z:ilp,nat-oop,3737,11114,10.874,2.974,7.069e-16,flat,1
838,1,z:ilp,nat-oop,9881,13775,4.118,1.394,5.265e-16,prime,0
838,1,z:ilp,nat-oop,9418,13989,4.320,1.485,5.265e-16,prime,1
839,1,z:ilp,nat-oop,9649,11106,4.223,1.151,5.967e-16,prime,0
839,1,z:ilp,nat-oop,8091,11111,5.036,1.373,5.967e-16,prime,1
840,1,z:ilp,nat-oop,1367,1531,29.853,1.120,3.030e-16,chain3,0
840,1,z:ilp,nat-oop,1406,1778,29.010,1.264,3.030e-16,chain3,1
841,1,z:ilp,nat-oop,4590,16621,8.902,3.621,1.250e-15,flat,0
841,1,z:ilp,nat-oop,3835,16546,10.654,4.315,1.250e-15,flat,1
842,1,z:ilp,nat-oop,8122,11238,5.037,1.384,6.800e-16,prime,0
842,1,z:ilp,nat-oop,8652,11289,4.728,1.305,6.800e-16,prime,1
843,1,z:ilp,nat-oop,8937,11545,4.584,1.292,5.054e-16,prime,0
843,1,z:ilp,nat-oop,7763,12247,5.278,1.578,5.054e-16,prime,1
844,1,z:ilp,nat-oop,9455,12389,4.339,1.310,4.682e-16,prime,0
844,1,z:ilp,nat-oop,8228,12189,4.986,1.481,4.682e-16,prime,1
845,1,z:ilp,nat-oop,2340,3187,17.555,1.362,9.183e-16,flat,0
845,1,z:ilp,nat-oop,2389,3101,17.195,1.298,9.183e-16,flat,1
846,1,z:ilp,nat-oop,4962,13078,8.290,2.636,5.659e-16,flat,0
846,1,z:ilp,nat-oop,4710,12370,8.734,2.626,5.659e-16,flat,1
847,1,z:ilp,nat-oop,2282,3309,18.050,1.450,5.367e-16,flat,0
847,1,z:ilp,nat-oop,2240,3309,18.387,1.477,5.367e-16,flat,1
848,1,z:ilp,nat-oop,8370,13840,4.928,1.654,4.416e-16,prime,0
848,1,z:ilp,nat-oop,8578,13636,4.808,1.590,4.416e-16,prime,1
849,1,z:ilp,nat-oop,8656,11547,4.772,1.334,4.958e-16,prime,0
849,1,z:ilp,nat-oop,8408,11400,4.912,1.356,4.958e-16,prime,1
850,1,z:ilp,nat-oop,1910,6767,21.654,3.543,4.856e-16,chain3,0
850,1,z:ilp,nat-oop,1911,6682,21.646,3.497,4.856e-16,chain3,1
851,1,z:ilp,nat-oop,3391,16931,12.213,4.993,5.469e-16,2p,0
851,1,z:ilp,nat-oop,3172,17234,13.057,5.434,5.469e-16,2p,1
852,1,z:ilp,nat-oop,8477,10688,4.892,1.261,5.506e-16,prime,0
852,1,z:ilp,nat-oop,8397,10590,4.939,1.261,5.506e-16,prime,1
853,1,z:ilp,nat-oop,8101,11168,5.126,1.378,7.301e-16,prime,0
853,1,z:ilp,nat-oop,8542,11208,4.861,1.312,7.301e-16,prime,1
854,1,z:ilp,nat-oop,8601,9253,4.834,1.076,4.641e-16,prime,0
854,1,z:ilp,nat-oop,8238,9299,5.048,1.129,4.641e-16,prime,1
855,1,z:ilp,nat-oop,2396,7484,17.381,3.124,5.862e-16,flat,0
855,1,z:ilp,nat-oop,2437,7507,17.085,3.080,5.862e-16,flat,1
856,1,z:ilp,nat-oop,8202,11812,5.083,1.440,7.864e-16,prime,0
856,1,z:ilp,nat-oop,8184,11900,5.095,1.454,7.864e-16,prime,1
857,1,z:ilp,nat-oop,8119,11430,5.142,1.408,6.375e-16,prime,0
857,1,z:ilp,nat-oop,7872,11296,5.303,1.435,6.375e-16,prime,1
858,1,z:ilp,nat-oop,2558,3002,16.344,1.174,9.616e-16,flat,0
858,1,z:ilp,nat-oop,2516,3013,16.618,1.198,9.616e-16,flat,1
859,1,z:ilp,nat-oop,6579,11138,6.363,1.693,8.702e-16,prime,0
859,1,z:ilp,nat-oop,9176,14344,4.562,1.563,8.702e-16,prime,1
860,1,z:ilp,nat-oop,4660,17452,8.994,3.745,6.304e-16,flat,0
860,1,z:ilp,nat-oop,3369,12636,12.443,3.751,6.304e-16,flat,1
861,1,z:ilp,nat-oop,2760,11961,15.206,4.333,4.057e-16,2p,0
861,1,z:ilp,nat-oop,2779,12040,15.104,4.333,4.057e-16,2p,1
862,1,z:ilp,nat-oop,8238,11751,5.102,1.426,5.999e-16,prime,0
862,1,z:ilp,nat-oop,8056,12637,5.217,1.569,5.999e-16,prime,1
863,1,z:ilp,nat-oop,8927,11683,4.715,1.309,6.465e-16,prime,0
863,1,z:ilp,nat-oop,8235,12829,5.111,1.558,6.465e-16,prime,1
864,1,z:ilp,nat-oop,1423,1780,29.610,1.251,5.838e-16,2p,0
864,1,z:ilp,nat-oop,1473,1475,28.615,1.002,5.838e-16,2p,1
865,1,z:ilp,nat-oop,7060,11648,5.977,1.650,4.995e-16,prime,0
865,1,z:ilp,nat-oop,9382,12334,4.497,1.315,4.995e-16,prime,1
866,1,z:ilp,nat-oop,8156,10411,5.181,1.276,5.736e-16,prime,0
866,1,z:ilp,nat-oop,7883,9866,5.360,1.252,5.736e-16,prime,1
867,1,z:ilp,nat-oop,2602,12557,16.258,4.825,1.110e-15,flat,0
867,1,z:ilp,nat-oop,2621,12563,16.145,4.794,1.110e-15,flat,1
868,1,z:ilp,nat-oop,2997,9452,14.135,3.154,5.321e-16,flat,0
868,1,z:ilp,nat-oop,3272,9476,12.947,2.896,5.321e-16,flat,1
869,1,z:ilp,nat-oop,8593,12873,4.937,1.498,4.598e-16,prime,0
869,1,z:ilp,nat-oop,7941,12552,5.342,1.581,4.598e-16,prime,1
870,1,z:ilp,nat-oop,3138,9043,13.537,2.882,5.563e-16,flat,0
870,1,z:ilp,nat-oop,3203,9016,13.260,2.815,5.563e-16,flat,1
871,1,z:ilp,nat-oop,8218,15723,5.176,1.913,6.394e-16,prime,0
871,1,z:ilp,nat-oop,7419,15711,5.733,2.118,6.394e-16,prime,1
872,1,z:ilp,nat-oop,9538,9781,4.465,1.025,6.416e-16,prime,0
872,1,z:ilp,nat-oop,8160,9900,5.219,1.213,6.416e-16,prime,1
873,1,z:ilp,nat-oop,8612,10323,4.952,1.199,6.099e-16,prime,0
873,1,z:ilp,nat-oop,10222,9850,4.172,0.964,6.099e-16,prime,1
874,1,z:ilp,nat-oop,3466,15339,12.320,4.426,1.102e-15,flat,0
874,1,z:ilp,nat-oop,3455,15423,12.358,4.464,1.102e-15,flat,1
875,1,z:ilp,nat-oop,2156,2550,19.829,1.183,4.452e-16,flat,0
875,1,z:ilp,nat-oop,2128,2657,20.096,1.249,4.452e-16,flat,1
876,1,z:ilp,nat-oop,9408,9541,4.551,1.014,5.044e-16,prime,0
876,1,z:ilp,nat-oop,8511,9909,5.030,1.164,5.044e-16,prime,1
877,1,z:ilp,nat-oop,9399,11843,4.561,1.260,5.210e-16,prime,0
877,1,z:ilp,nat-oop,8190,13597,5.235,1.660,5.210e-16,prime,1
878,1,z:ilp,nat-oop,8141,12898,5.273,1.584,5.879e-16,prime,0
878,1,z:ilp,nat-oop,8177,12474,5.250,1.526,5.879e-16,prime,1
879,1,z:ilp,nat-oop,8683,12636,4.950,1.455,4.874e-16,prime,0
879,1,z:ilp,nat-oop,8636,13112,4.977,1.518,4.874e-16,prime,1
880,1,z:ilp,nat-oop,1560,1997,27.592,1.280,4.331e-16,chain3,0
880,1,z:ilp,nat-oop,1552,1964,27.733,1.265,4.331e-16,chain3,1
881,1,z:ilp,nat-oop,5809,12475,7.418,2.147,4.968e-16,prime,0
881,1,z:ilp,nat-oop,5886,12527,7.322,2.128,4.968e-16,prime,1
882,1,z:ilp,nat-oop,2459,1983,17.546,0.806,5.391e-16,flat,0
882,1,z:ilp,nat-oop,2483,1970,17.377,0.793,5.391e-16,flat,1
883,1,z:ilp,nat-oop,9785,14498,4.415,1.482,5.469e-16,prime,0
883,1,z:ilp,nat-oop,10176,13697,4.246,1.346,5.469e-16,prime,1
884,1,z:ilp,nat-oop,2255,8023,19.185,3.558,6.982e-16,chain3,0
884,1,z:ilp,nat-oop,2185,9308,19.800,4.260,6.982e-16,chain3,1
885,1,z:ilp,nat-oop,8586,12542,5.045,1.461,5.781e-16,prime,0
885,1,z:ilp,nat-oop,8370,12611,5.176,1.507,5.781e-16,prime,1
886,1,z:ilp,nat-oop,8988,14852,4.826,1.652,6.442e-16,prime,0
886,1,z:ilp,nat-oop,8654,13369,5.012,1.545,6.442e-16,prime,1
887,1,z:ilp,nat-oop,8635,12431,5.029,1.440,6.802e-16,prime,0
887,1,z:ilp,nat-oop,8244,12509,5.268,1.517,6.802e-16,prime,1
888,1,z:ilp,nat-oop,2910,11968,14.947,4.113,4.495e-16,chain3,0
888,1,z:ilp,nat-oop,2718,12072,16.000,4.442,4.495e-16,chain3,1
889,1,z:ilp,nat-oop,10049,10869,4.333,1.082,5.523e-16,prime,0
889,1,z:ilp,nat-oop,7587,10599,5.739,1.397,5.523e-16,prime,1
890,1,z:ilp,nat-oop,8820,11459,4.943,1.299,6.281e-16,prime,0
890,1,z:ilp,nat-oop,8441,11966,5.166,1.418,6.281e-16,prime,1
891,1,z:ilp,nat-oop,2166,2599,20.154,1.200,5.482e-16,chain3,0
891,1,z:ilp,nat-oop,2114,2655,20.648,1.256,5.482e-16,chain3,1
892,1,z:ilp,nat-oop,9446,12761,4.628,1.351,5.701e-16,prime,0
892,1,z:ilp,nat-oop,17957,12818,2.434,0.714,5.701e-16,prime,1
893,1,z:ilp,nat-oop,3832,19903,11.421,5.193,8.777e-16,flat,0
893,1,z:ilp,nat-oop,5034,25390,8.695,5.044,8.777e-16,flat,1
894,1,z:ilp,nat-oop,9200,16249,4.764,1.766,6.829e-16,prime,0
894,1,z:ilp,nat-oop,8973,14114,4.884,1.573,6.829e-16,prime,1
895,1,z:ilp,nat-oop,9331,12529,4.703,1.343,5.418e-16,prime,0
895,1,z:ilp,nat-oop,9936,14405,4.416,1.450,5.418e-16,prime,1
896,1,z:ilp,nat-oop,1337,1273,32.872,0.953,2.981e-16,chain3,0
896,1,z:ilp,nat-oop,1324,1520,33.188,1.148,2.981e-16,chain3,1
897,1,z:ilp,nat-oop,3352,10081,13.125,3.008,1.083e-15,flat,0
897,1,z:ilp,nat-oop,3199,9876,13.751,3.087,1.083e-15,flat,1
898,1,z:ilp,nat-oop,9260,13070,4.757,1.411,6.980e-16,prime,0
898,1,z:ilp,nat-oop,8751,14736,5.034,1.684,6.980e-16,prime,1
899,1,z:ilp,nat-oop,3763,18588,11.722,4.940,5.573e-16,2p,0
899,1,z:ilp,nat-oop,3763,18218,11.720,4.841,5.573e-16,2p,1
900,1,z:ilp,nat-oop,1595,1752,27.685,1.098,3.721e-16,chain3,0
900,1,z:ilp,nat-oop,1583,2089,27.894,1.319,3.721e-16,chain3,1
901,1,z:ilp,nat-oop,8918,20821,4.958,2.335,6.011e-16,prime,0
901,1,z:ilp,nat-oop,8450,22121,5.233,2.618,6.011e-16,prime,1
902,1,z:ilp,nat-oop,4381,13603,10.105,3.105,7.990e-16,flat,0
902,1,z:ilp,nat-oop,4082,17239,10.847,4.223,7.990e-16,flat,1
903,1,z:ilp,nat-oop,4389,14236,10.100,3.244,1.908e-15,flat,0
903,1,z:ilp,nat-oop,4204,15112,10.544,3.594,1.908e-15,flat,1
904,1,z:ilp,nat-oop,8745,14704,5.075,1.681,6.911e-16,prime,0
904,1,z:ilp,nat-oop,8579,15901,5.174,1.853,6.911e-16,prime,1
905,1,z:ilp,nat-oop,13404,10497,3.316,0.783,5.330e-16,prime,0
905,1,z:ilp,nat-oop,8404,10744,5.289,1.279,5.330e-16,prime,1
906,1,z:ilp,nat-oop,8974,11299,4.959,1.259,4.023e-16,prime,0
906,1,z:ilp,nat-oop,8638,12661,5.151,1.466,4.023e-16,prime,1
907,1,z:ilp,nat-oop,9061,22178,4.918,2.448,7.809e-16,prime,0
907,1,z:ilp,nat-oop,10534,23179,4.230,2.200,7.809e-16,prime,1
908,1,z:ilp,nat-oop,9056,12298,4.926,1.358,5.812e-16,prime,0
908,1,z:ilp,nat-oop,9054,13734,4.927,1.517,5.812e-16,prime,1
909,1,z:ilp,nat-oop,11841,10070,3.772,0.850,5.280e-16,prime,0
909,1,z:ilp,nat-oop,10025,10242,4.456,1.022,5.280e-16,prime,1
910,1,z:ilp,nat-oop,1795,2427,24.922,1.353,5.390e-16,chain3,0
910,1,z:ilp,nat-oop,1798,2359,24.876,1.312,5.390e-16,chain3,1
911,1,z:ilp,nat-oop,8179,18031,5.475,2.204,5.197e-16,prime,0
911,1,z:ilp,nat-oop,8506,17972,5.265,2.113,5.197e-16,prime,1
912,1,z:ilp,nat-oop,2301,7175,19.487,3.118,4.664e-16,chain3,0
912,1,z:ilp,nat-oop,1896,8008,23.645,4.223,4.664e-16,chain3,1
913,1,z:ilp,nat-oop,8002,13790,5.610,1.723,4.551e-16,prime,0
913,1,z:ilp,nat-oop,8015,13608,5.601,1.698,4.551e-16,prime,1
914,1,z:ilp,nat-oop,7939,11822,5.662,1.489,4.974e-16,prime,0
914,1,z:ilp,nat-oop,9159,12114,4.908,1.323,4.974e-16,prime,1
915,1,z:ilp,nat-oop,8598,10670,5.235,1.241,6.069e-16,prime,0
915,1,z:ilp,nat-oop,8569,11197,5.252,1.307,6.069e-16,prime,1
916,1,z:ilp,nat-oop,9687,12549,4.652,1.295,5.077e-16,prime,0
916,1,z:ilp,nat-oop,8798,13677,5.122,1.555,5.077e-16,prime,1
917,1,z:ilp,nat-oop,9680,13523,4.661,1.397,7.866e-16,prime,0
917,1,z:ilp,nat-oop,8571,13851,5.264,1.616,7.866e-16,prime,1
918,1,z:ilp,nat-oop,2740,8067,16.488,2.944,6.602e-16,flat,0
918,1,z:ilp,nat-oop,2650,8140,17.048,3.072,6.602e-16,flat,1
919,1,z:ilp,nat-oop,8858,20280,5.106,2.289,6.308e-16,prime,0
919,1,z:ilp,nat-oop,8221,20171,5.502,2.453,6.308e-16,prime,1
920,1,z:ilp,nat-oop,2346,8557,19.301,3.647,3.597e-16,chain3,0
920,1,z:ilp,nat-oop,2326,8531,19.468,3.667,3.597e-16,chain3,1
921,1,z:ilp,nat-oop,8956,18473,5.063,2.063,7.719e-16,prime,0
921,1,z:ilp,nat-oop,8216,18961,5.519,2.308,7.719e-16,prime,1
922,1,z:ilp,nat-oop,9100,13020,4.989,1.431,6.046e-16,prime,0
922,1,z:ilp,nat-oop,8502,13632,5.340,1.603,6.046e-16,prime,1
923,1,z:ilp,nat-oop,8045,14043,5.650,1.746,5.157e-16,prime,0
923,1,z:ilp,nat-oop,7506,12378,6.056,1.649,5.157e-16,prime,1
924,1,z:ilp,nat-oop,1778,2543,25.605,1.430,4.794e-16,chain3,0
924,1,z:ilp,nat-oop,1915,2629,23.770,1.373,4.794e-16,chain3,1
925,1,z:ilp,nat-oop,4789,12044,9.516,2.515,4.974e-16,2p,0
925,1,z:ilp,nat-oop,4550,12884,10.016,2.832,4.974e-16,2p,1
926,1,z:ilp,nat-oop,9072,12126,5.030,1.337,5.502e-16,prime,0
926,1,z:ilp,nat-oop,8350,12422,5.464,1.488,5.502e-16,prime,1
927,1,z:ilp,nat-oop,8777,15204,5.205,1.732,6.316e-16,prime,0
927,1,z:ilp,nat-oop,8492,15511,5.380,1.826,6.316e-16,prime,1
928,1,z:ilp,nat-oop,2165,12582,21.126,5.811,4.456e-16,2p,0
928,1,z:ilp,nat-oop,2116,12349,21.612,5.835,4.456e-16,2p,1
929,1,z:ilp,nat-oop,7665,17626,5.975,2.300,7.127e-16,prime,0
929,1,z:ilp,nat-oop,7392,17857,6.195,2.416,7.127e-16,prime,1
930,1,z:ilp,nat-oop,3821,11041,12.000,2.889,4.535e-16,chain3,0
930,1,z:ilp,nat-oop,3660,11313,12.527,3.091,4.535e-16,chain3,1
931,1,z:ilp,nat-oop,3330,7704,13.788,2.314,6.174e-16,flat,0
931,1,z:ilp,nat-oop,2733,8558,16.801,3.132,6.174e-16,flat,1
932,1,z:ilp,nat-oop,17982,12508,2.556,0.696,5.976e-16,prime,0
932,1,z:ilp,nat-oop,9309,13772,4.938,1.479,5.976e-16,prime,1
933,1,z:ilp,nat-oop,10198,17738,4.513,1.739,6.207e-16,prime,0
933,1,z:ilp,nat-oop,8530,18602,5.395,2.181,6.207e-16,prime,1
934,1,z:ilp,nat-oop,9752,12548,4.725,1.287,5.433e-16,prime,0
934,1,z:ilp,nat-oop,8921,12677,5.165,1.421,5.433e-16,prime,1
935,1,z:ilp,nat-oop,2740,9260,16.840,3.380,6.215e-16,flat,0
935,1,z:ilp,nat-oop,2832,9057,16.294,3.199,6.215e-16,flat,1
936,1,z:ilp,nat-oop,1819,2241,25.398,1.232,6.898e-16,chain3,0
936,1,z:ilp,nat-oop,2217,2551,20.833,1.150,6.898e-16,chain3,1
937,1,z:ilp,nat-oop,6638,18230,6.967,2.746,7.633e-16,prime,0
937,1,z:ilp,nat-oop,6759,20668,6.843,3.058,7.633e-16,prime,1
938,1,z:ilp,nat-oop,9980,17111,4.640,1.715,6.908e-16,prime,0
938,1,z:ilp,nat-oop,8663,17629,5.345,2.035,6.908e-16,prime,1
939,1,z:ilp,nat-oop,9339,17805,4.964,1.906,5.133e-16,prime,0
939,1,z:ilp,nat-oop,8324,20034,5.569,2.407,5.133e-16,prime,1
940,1,z:ilp,nat-oop,3636,14270,12.766,3.924,5.174e-16,flat,0
940,1,z:ilp,nat-oop,3622,15988,12.816,4.414,5.174e-16,flat,1
941,1,z:ilp,nat-oop,7706,12571,6.031,1.631,5.890e-16,prime,0
941,1,z:ilp,nat-oop,7403,12567,6.278,1.698,5.890e-16,prime,1
942,1,z:ilp,nat-oop,7810,10458,5.958,1.339,5.576e-16,prime,0
942,1,z:ilp,nat-oop,7692,11037,6.050,1.435,5.576e-16,prime,1
943,1,z:ilp,nat-oop,4521,18138,10.306,4.012,5.207e-16,2p,0
943,1,z:ilp,nat-oop,3772,18041,12.352,4.783,5.207e-16,2p,1
944,1,z:ilp,nat-oop,8370,12918,5.573,1.543,5.234e-16,prime,0
944,1,z:ilp,nat-oop,8116,12978,5.747,1.599,5.234e-16,prime,1
945,1,z:ilp,nat-oop,2118,2424,22.054,1.145,4.956e-16,chain3,0
945,1,z:ilp,nat-oop,2016,2425,23.163,1.203,4.956e-16,chain3,1
946,1,z:ilp,nat-oop,3944,15137,11.856,3.838,7.467e-16,flat,0
946,1,z:ilp,nat-oop,3973,15030,11.769,3.783,7.467e-16,flat,1
947,1,z:ilp,nat-oop,8845,14850,5.293,1.679,6.127e-16,prime,0
947,1,z:ilp,nat-oop,8946,17739,5.233,1.983,6.127e-16,prime,1
948,1,z:ilp,nat-oop,9114,13991,5.143,1.535,4.629e-16,prime,0
948,1,z:ilp,nat-oop,9043,13571,5.183,1.501,4.629e-16,prime,1
949,1,z:ilp,nat-oop,8640,11342,5.432,1.313,6.950e-16,prime,0
949,1,z:ilp,nat-oop,8739,11340,5.370,1.298,6.950e-16,prime,1
950,1,z:ilp,nat-oop,3276,7770,14.343,2.372,4.317e-16,flat,0
950,1,z:ilp,nat-oop,3785,8340,12.413,2.203,4.317e-16,flat,1
951,1,z:ilp,nat-oop,9004,11349,5.225,1.261,5.630e-16,prime,0
951,1,z:ilp,nat-oop,8462,11735,5.559,1.387,5.630e-16,prime,1
952,1,z:ilp,nat-oop,2375,7699,19.830,3.241,8.268e-16,flat,0
952,1,z:ilp,nat-oop,2469,9475,19.073,3.837,8.268e-16,flat,1
953,1,z:ilp,nat-oop,10394,12729,4.537,1.225,8.082e-16,prime,0
953,1,z:ilp,nat-oop,7469,13828,6.313,1.851,8.082e-16,prime,1
954,1,z:ilp,nat-oop,8803,19548,5.363,2.221,7.084e-16,prime,0
954,1,z:ilp,nat-oop,10746,20161,4.394,1.876,7.084e-16,prime,1
955,1,z:ilp,nat-oop,10793,10984,4.380,1.018,5.162e-16,prime,0
955,1,z:ilp,nat-oop,8786,10868,5.380,1.237,5.162e-16,prime,1
956,1,z:ilp,nat-oop,8316,12769,5.691,1.535,5.117e-16,prime,0
956,1,z:ilp,nat-oop,8503,12465,5.566,1.466,5.117e-16,prime,1
957,1,z:ilp,nat-oop,3940,15333,12.025,3.891,4.554e-16,chain3,0
957,1,z:ilp,nat-oop,3078,11960,15.394,3.885,4.554e-16,chain3,1
958,1,z:ilp,nat-oop,8744,12055,5.425,1.379,6.001e-16,prime,0
958,1,z:ilp,nat-oop,9016,13258,5.262,1.470,6.001e-16,prime,1
959,1,z:ilp,nat-oop,9186,13035,5.171,1.419,6.898e-16,prime,0
959,1,z:ilp,nat-oop,9487,24329,5.007,2.565,6.898e-16,prime,1
960,1,z:ilp,nat-oop,1788,1495,26.599,0.836,3.880e-16,2p,0
960,1,z:ilp,nat-oop,1529,1798,31.097,1.176,3.880e-16,2p,1
961,1,z:ilp,nat-oop,4737,20353,10.050,4.296,8.232e-16,flat,0
961,1,z:ilp,nat-oop,4467,21908,10.658,4.904,8.232e-16,flat,1
962,1,z:ilp,nat-oop,4343,16307,10.976,3.755,8.005e-16,flat,0
962,1,z:ilp,nat-oop,3727,15099,12.789,4.051,8.005e-16,flat,1
963,1,z:ilp,nat-oop,8153,13968,5.853,1.713,6.913e-16,prime,0
963,1,z:ilp,nat-oop,9613,15561,4.964,1.619,6.913e-16,prime,1
964,1,z:ilp,nat-oop,9642,9751,4.956,1.011,5.171e-16,prime,0
964,1,z:ilp,nat-oop,10830,10656,4.412,0.984,5.171e-16,prime,1
965,1,z:ilp,nat-oop,9549,10387,5.010,1.088,5.684e-16,prime,0
965,1,z:ilp,nat-oop,11147,12163,4.291,1.091,5.684e-16,prime,1
966,1,z:ilp,nat-oop,3536,11615,13.546,3.285,5.819e-16,chain3,0
966,1,z:ilp,nat-oop,2883,11013,16.615,3.821,5.819e-16,chain3,1
967,1,z:ilp,nat-oop,7822,18344,6.130,2.345,5.211e-16,prime,0
967,1,z:ilp,nat-oop,11872,17800,4.039,1.499,5.211e-16,prime,1
968,1,z:ilp,nat-oop,2143,3911,22.404,1.825,4.282e-16,chain3,0
968,1,z:ilp,nat-oop,2500,4228,19.202,1.691,4.282e-16,chain3,1
969,1,z:ilp,nat-oop,3300,13915,14.564,4.217,9.350e-16,flat,0
969,1,z:ilp,nat-oop,3311,14796,14.517,4.469,9.350e-16,flat,1
970,1,z:ilp,nat-oop,9361,9794,5.141,1.046,5.471e-16,prime,0
970,1,z:ilp,nat-oop,8756,11162,5.496,1.275,5.471e-16,prime,1
971,1,z:ilp,nat-oop,9998,15673,4.819,1.568,8.046e-16,prime,0
971,1,z:ilp,nat-oop,8621,17289,5.589,2.006,8.046e-16,prime,1
972,1,z:ilp,nat-oop,2131,2144,22.637,1.006,4.877e-16,chain3,0
972,1,z:ilp,nat-oop,1767,2097,27.295,1.187,4.877e-16,chain3,1
973,1,z:ilp,nat-oop,8561,13423,5.641,1.568,6.112e-16,prime,0
973,1,z:ilp,nat-oop,8576,15686,5.631,1.829,6.112e-16,prime,1
974,1,z:ilp,nat-oop,10929,14712,4.424,1.346,6.530e-16,prime,0
974,1,z:ilp,nat-oop,9281,13007,5.210,1.401,6.530e-16,prime,1
975,1,z:ilp,nat-oop,3303,3547,14.655,1.074,6.233e-16,flat,0
975,1,z:ilp,nat-oop,3084,3571,15.697,1.158,6.233e-16,flat,1
976,1,z:ilp,nat-oop,9283,11981,5.220,1.291,4.663e-16,prime,0
976,1,z:ilp,nat-oop,10719,13644,4.521,1.273,4.663e-16,prime,1
977,1,z:ilp,nat-oop,10011,14656,4.847,1.464,5.680e-16,prime,0
977,1,z:ilp,nat-oop,15630,19172,3.104,1.227,5.680e-16,prime,1
978,1,z:ilp,nat-oop,8927,12984,5.441,1.454,6.285e-16,prime,0
978,1,z:ilp,nat-oop,8515,12098,5.705,1.421,6.285e-16,prime,1
979,1,z:ilp,nat-oop,10469,17415,4.645,1.663,6.844e-16,prime,0
979,1,z:ilp,nat-oop,9150,17929,5.315,1.959,6.844e-16,prime,1
980,1,z:ilp,nat-oop,2454,2331,19.839,0.950,3.885e-16,flat,0
980,1,z:ilp,nat-oop,2299,1920,21.180,0.835,3.885e-16,flat,1
981,1,z:ilp,nat-oop,9598,12362,5.079,1.288,8.179e-16,prime,0
981,1,z:ilp,nat-oop,9261,12513,5.264,1.351,8.179e-16,prime,1
982,1,z:ilp,nat-oop,9870,14115,4.945,1.430,6.095e-16,prime,0
982,1,z:ilp,nat-oop,9029,15383,5.405,1.704,6.095e-16,prime,1
983,1,z:ilp,nat-oop,9665,13738,5.055,1.421,6.090e-16,prime,0
983,1,z:ilp,nat-oop,8397,13456,5.819,1.603,6.090e-16,prime,1
984,1,z:ilp,nat-oop,3308,12924,14.788,3.907,5.231e-16,chain3,0
984,1,z:ilp,nat-oop,3162,13400,15.473,4.238,5.231e-16,chain3,1
985,1,z:ilp,nat-oop,9666,15125,5.067,1.565,5.857e-16,prime,0
985,1,z:ilp,nat-oop,8807,11898,5.561,1.351,5.857e-16,prime,1
986,1,z:ilp,nat-oop,3947,22692,12.422,5.749,6.761e-16,flat,0
986,1,z:ilp,nat-oop,3841,17988,12.766,4.684,6.761e-16,flat,1
987,1,z:ilp,nat-oop,3759,15636,13.060,4.160,4.068e-16,2p,0
987,1,z:ilp,nat-oop,4237,17480,11.586,4.126,4.068e-16,2p,1
988,1,z:ilp,nat-oop,3073,15476,15.993,5.036,4.977e-16,chain3,0
988,1,z:ilp,nat-oop,2589,11414,18.980,4.408,4.977e-16,chain3,1
989,1,z:ilp,nat-oop,4306,20801,11.427,4.831,9.128e-16,flat,0
989,1,z:ilp,nat-oop,4499,23129,10.937,5.141,9.128e-16,flat,1
990,1,z:ilp,nat-oop,2018,2700,24.411,1.338,5.112e-16,chain3,0
990,1,z:ilp,nat-oop,1954,2643,25.215,1.353,5.112e-16,chain3,1
991,1,z:ilp,nat-oop,8147,13526,6.053,1.660,4.658e-16,prime,0
991,1,z:ilp,nat-oop,8048,14130,6.128,1.756,4.658e-16,prime,1
992,1,z:ilp,nat-oop,3309,12298,14.922,3.717,1.522e-15,flat,0
992,1,z:ilp,nat-oop,3140,12192,15.722,3.882,1.522e-15,flat,1
993,1,z:ilp,nat-oop,8090,18065,6.110,2.233,7.350e-16,prime,0
993,1,z:ilp,nat-oop,8066,18262,6.128,2.264,7.350e-16,prime,1
994,1,z:ilp,nat-oop,8451,13314,5.856,1.575,5.180e-16,prime,0
994,1,z:ilp,nat-oop,10619,15549,4.660,1.464,5.180e-16,prime,1
995,1,z:ilp,nat-oop,9723,19513,5.096,2.007,5.904e-16,prime,0
995,1,z:ilp,nat-oop,18980,17950,2.610,0.946,5.904e-16,prime,1
996,1,z:ilp,nat-oop,13818,24845,3.590,1.798,6.526e-16,prime,0
996,1,z:ilp,nat-oop,8876,14324,5.588,1.614,6.526e-16,prime,1
997,1,z:ilp,nat-oop,8683,13671,5.719,1.574,6.233e-16,prime,0
997,1,z:ilp,nat-oop,9352,14989,5.310,1.603,6.233e-16,prime,1
998,1,z:ilp,nat-oop,9669,13637,5.142,1.410,5.406e-16,prime,0
998,1,z:ilp,nat-oop,8551,16295,5.814,1.906,5.406e-16,prime,1
999,1,z:ilp,nat-oop,11357,12948,4.383,1.140,4.976e-16,2p,0
999,1,z:ilp,nat-oop,6026,14678,8.260,2.436,4.976e-16,2p,1
1000,1,z:ilp,nat-oop,1724,1804,28.908,1.047,4.076e-16,chain3,0
1000,1,z:ilp,nat-oop,1801,2145,27.665,1.191,4.076e-16,chain3,1
1001,1,z:ilp,nat-oop,3038,3744,16.420,1.232,6.067e-16,flat,0
1001,1,z:ilp,nat-oop,2880,5149,17.324,1.788,6.067e-16,flat,1
1002,1,z:ilp,nat-oop,12310,15484,4.057,1.258,8.335e-16,prime,0
1002,1,z:ilp,nat-oop,12332,14987,4.050,1.215,8.335e-16,prime,1
1003,1,z:ilp,nat-oop,9550,23088,5.236,2.418,5.646e-16,prime,0
1003,1,z:ilp,nat-oop,8729,29957,5.728,3.432,5.646e-16,prime,1
1004,1,z:ilp,nat-oop,10054,13614,4.979,1.354,4.587e-16,prime,0
1004,1,z:ilp,nat-oop,8210,12358,6.097,1.505,4.587e-16,prime,1
1005,1,z:ilp,nat-oop,7970,18875,6.288,2.368,6.148e-16,prime,0
1005,1,z:ilp,nat-oop,7891,18905,6.351,2.396,6.148e-16,prime,1
1006,1,z:ilp,nat-oop,8085,12144,6.205,1.502,5.377e-16,prime,0
1006,1,z:ilp,nat-oop,7733,12988,6.488,1.679,5.377e-16,prime,1
1007,1,z:ilp,nat-oop,9639,22782,5.211,2.364,6.442e-16,prime,0
1007,1,z:ilp,nat-oop,8943,24712,5.616,2.763,6.442e-16,prime,1
1008,1,z:ilp,nat-oop,1930,1799,26.049,0.932,5.070e-16,chain3,0
1008,1,z:ilp,nat-oop,1724,1869,29.165,1.084,5.070e-16,chain3,1
1009,1,z:ilp,nat-oop,8600,18047,5.854,2.098,7.521e-16,prime,0
1009,1,z:ilp,nat-oop,8790,18231,5.727,2.074,7.521e-16,prime,1
1010,1,z:ilp,nat-oop,7722,11765,6.527,1.524,5.499e-16,prime,0
1010,1,z:ilp,nat-oop,7602,11508,6.630,1.514,5.499e-16,prime,1
1011,1,z:ilp,nat-oop,8993,18918,5.611,2.104,5.518e-16,prime,0
1011,1,z:ilp,nat-oop,8220,18259,6.139,2.221,5.518e-16,prime,1
1012,1,z:ilp,nat-oop,3106,10553,16.263,3.398,5.532e-16,chain3,0
1012,1,z:ilp,nat-oop,3083,10803,16.384,3.504,5.532e-16,chain3,1
1013,1,z:ilp,nat-oop,9956,18446,5.080,1.853,6.271e-16,prime,0
1013,1,z:ilp,nat-oop,8884,21102,5.692,2.375,6.271e-16,prime,1
1014,1,z:ilp,nat-oop,2449,3571,20.676,1.458,7.363e-16,chain3,0
1014,1,z:ilp,nat-oop,2481,4753,20.405,1.916,7.363e-16,chain3,1
1015,1,z:ilp,nat-oop,4111,13615,12.330,3.312,5.539e-16,flat,0
1015,1,z:ilp,nat-oop,4657,13500,10.885,2.899,5.539e-16,flat,1
1016,1,z:ilp,nat-oop,9667,12871,5.249,1.331,4.826e-16,prime,0
1016,1,z:ilp,nat-oop,9944,13878,5.103,1.396,4.826e-16,prime,1
1017,1,z:ilp,nat-oop,9004,18915,5.642,2.101,5.769e-16,prime,0
1017,1,z:ilp,nat-oop,9212,17965,5.515,1.950,5.769e-16,prime,1
1018,1,z:ilp,nat-oop,8707,12438,5.841,1.428,4.742e-16,prime,0
1018,1,z:ilp,nat-oop,8837,13611,5.755,1.540,4.742e-16,prime,1
1019,1,z:ilp,nat-oop,9215,13198,5.525,1.432,5.656e-16,prime,0
1019,1,z:ilp,nat-oop,9248,13916,5.505,1.505,5.656e-16,prime,1
1020,1,z:ilp,nat-oop,2461,8238,20.713,3.348,5.605e-16,chain3,0
1020,1,z:ilp,nat-oop,2465,8306,20.681,3.370,5.605e-16,chain3,1
1021,1,z:ilp,nat-oop,9028,12620,5.652,1.398,6.092e-16,prime,0
1021,1,z:ilp,nat-oop,8420,13549,6.061,1.609,6.092e-16,prime,1
1022,1,z:ilp,nat-oop,8845,12599,5.776,1.424,5.522e-16,prime,0
1022,1,z:ilp,nat-oop,9247,11485,5.525,1.242,5.522e-16,prime,1
1023,1,z:ilp,nat-oop,3408,13160,15.008,3.862,5.272e-16,chain3,0
1023,1,z:ilp,nat-oop,3288,13318,15.557,4.051,5.272e-16,chain3,1
1024,1,z:ilp,nat-oop,1409,1331,36.327,0.944,4.013e-16,ztt,0
1024,1,z:ilp,nat-oop,1310,1444,39.087,1.103,4.013e-16,ztt,1
1025,1,z:ilp,nat-oop,5336,17747,9.606,3.326,4.996e-16,2p,0
1025,1,z:ilp,nat-oop,3775,15874,13.578,4.205,4.996e-16,2p,1
1026,1,z:ilp,nat-oop,3010,11040,17.046,3.667,5.353e-16,chain3,0
1026,1,z:ilp,nat-oop,2961,10570,17.332,3.570,5.353e-16,chain3,1
1027,1,z:ilp,nat-oop,18275,18081,2.811,0.989,4.885e-16,prime,0
1027,1,z:ilp,nat-oop,21160,18015,2.428,0.851,4.885e-16,prime,1
1028,1,z:ilp,nat-oop,18115,13427,2.839,0.741,4.782e-16,prime,0
1028,1,z:ilp,nat-oop,15863,11678,3.242,0.736,4.782e-16,prime,1
1029,1,z:ilp,nat-oop,2713,3747,18.974,1.381,4.916e-16,flat,0
1029,1,z:ilp,nat-oop,2579,3964,19.966,1.537,4.916e-16,flat,1
1030,1,z:ilp,nat-oop,17016,19161,3.029,1.126,6.246e-16,prime,0
1030,1,z:ilp,nat-oop,22851,17992,2.256,0.787,6.246e-16,prime,1
1031,1,z:ilp,nat-oop,19223,15080,2.684,0.785,6.180e-16,prime,0
1031,1,z:ilp,nat-oop,17725,17058,2.911,0.962,6.180e-16,prime,1
1032,1,z:ilp,nat-oop,3861,17697,13.380,4.584,5.187e-16,chain3,0
1032,1,z:ilp,nat-oop,3998,16672,12.919,4.170,5.187e-16,chain3,1
1033,1,z:ilp,nat-oop,13463,16059,3.841,1.193,1.062e-15,prime,0
1033,1,z:ilp,nat-oop,12138,16493,4.261,1.359,1.062e-15,prime,1
1034,1,z:ilp,nat-oop,4555,16978,11.366,3.727,7.624e-16,flat,0
1034,1,z:ilp,nat-oop,4487,17075,11.539,3.806,7.624e-16,flat,1
1035,1,z:ilp,nat-oop,3157,10482,16.420,3.321,5.667e-16,flat,0
1035,1,z:ilp,nat-oop,3279,10553,15.806,3.218,5.667e-16,flat,1
1036,1,z:ilp,nat-oop,3673,13627,14.125,3.710,4.724e-16,flat,0
1036,1,z:ilp,nat-oop,3678,13610,14.107,3.700,4.724e-16,flat,1
1037,1,z:ilp,nat-oop,15947,18033,3.257,1.131,4.477e-16,prime,0
1037,1,z:ilp,nat-oop,15644,18616,3.320,1.190,4.477e-16,prime,1
1038,1,z:ilp,nat-oop,23863,15732,2.179,0.659,7.587e-16,prime,0
1038,1,z:ilp,nat-oop,16497,16919,3.152,1.026,7.587e-16,prime,1
1039,1,z:ilp,nat-oop,17004,14871,3.061,0.875,5.726e-16,prime,0
1039,1,z:ilp,nat-oop,16424,15234,3.170,0.927,5.726e-16,prime,1
1040,1,z:ilp,nat-oop,1982,2317,26.293,1.169,6.125e-16,chain3,0
1040,1,z:ilp,nat-oop,1913,2531,27.242,1.323,6.125e-16,chain3,1
1041,1,z:ilp,nat-oop,16102,14398,3.240,0.894,6.163e-16,prime,0
1041,1,z:ilp,nat-oop,15788,14377,3.305,0.911,6.163e-16,prime,1
1042,1,z:ilp,nat-oop,14988,14792,3.485,0.987,6.530e-16,prime,0
1042,1,z:ilp,nat-oop,14975,15814,3.488,1.056,6.530e-16,prime,1
1043,1,z:ilp,nat-oop,15385,13051,3.399,0.848,4.528e-16,prime,0
1043,1,z:ilp,nat-oop,16719,13412,3.127,0.802,4.528e-16,prime,1
1044,1,z:ilp,nat-oop,3219,11220,16.260,3.485,5.302e-16,chain3,0
1044,1,z:ilp,nat-oop,3235,12266,16.179,3.791,5.302e-16,chain3,1
1045,1,z:ilp,nat-oop,3197,10173,16.392,3.182,5.511e-16,flat,0
1045,1,z:ilp,nat-oop,3113,10367,16.832,3.330,5.511e-16,flat,1
1046,1,z:ilp,nat-oop,17547,15460,2.990,0.881,5.529e-16,prime,0
1046,1,z:ilp,nat-oop,15195,15821,3.452,1.041,5.529e-16,prime,1
1047,1,z:ilp,nat-oop,16421,14325,3.198,0.872,6.227e-16,prime,0
1047,1,z:ilp,nat-oop,16502,15553,3.183,0.943,6.227e-16,prime,1
1048,1,z:ilp,nat-oop,15449,15657,3.403,1.013,5.718e-16,prime,0
1048,1,z:ilp,nat-oop,15423,16180,3.409,1.049,5.718e-16,prime,1
1049,1,z:ilp,nat-oop,17713,16145,2.971,0.911,5.607e-16,prime,0
1049,1,z:ilp,nat-oop,17487,16396,3.010,0.938,5.607e-16,prime,1
1050,1,z:ilp,nat-oop,2323,2117,22.684,0.911,4.321e-16,chain3,0
1050,1,z:ilp,nat-oop,2248,2122,23.439,0.944,4.321e-16,chain3,1
1051,1,z:ilp,nat-oop,10030,17593,5.259,1.754,7.326e-16,prime,0
1051,1,z:ilp,nat-oop,8480,15718,6.220,1.854,7.326e-16,prime,1
1052,1,z:ilp,nat-oop,21961,15210,2.404,0.693,5.246e-16,prime,0
1052,1,z:ilp,nat-oop,46830,15268,1.128,0.326,5.246e-16,prime,1
1053,1,z:ilp,nat-oop,2644,3696,19.990,1.398,6.899e-16,chain3,0
1053,1,z:ilp,nat-oop,2369,3179,22.315,1.342,6.899e-16,chain3,1
1054,1,z:ilp,nat-oop,4052,18676,13.061,4.609,1.558e-15,flat,0
1054,1,z:ilp,nat-oop,4073,19569,12.992,4.804,1.558e-15,flat,1
1055,1,z:ilp,nat-oop,15947,17156,3.322,1.076,6.502e-16,prime,0
1055,1,z:ilp,nat-oop,15368,18539,3.447,1.206,6.502e-16,prime,1
1056,1,z:ilp,nat-oop,2675,2406,19.826,0.899,4.813e-16,chain3,0
1056,1,z:ilp,nat-oop,2021,2489,26.246,1.232,4.813e-16,chain3,1
1057,1,z:ilp,nat-oop,18252,13928,2.909,0.763,5.454e-16,prime,0
1057,1,z:ilp,nat-oop,20937,15621,2.536,0.746,5.454e-16,prime,1
1058,1,z:ilp,nat-oop,4364,19212,12.180,4.403,1.369e-15,flat,0
1058,1,z:ilp,nat-oop,4216,21760,12.606,5.161,1.369e-15,flat,1
1059,1,z:ilp,nat-oop,19063,14332,2.791,0.752,5.751e-16,prime,0
1059,1,z:ilp,nat-oop,14580,14218,3.649,0.975,5.751e-16,prime,1
1060,1,z:ilp,nat-oop,15696,18452,3.393,1.176,4.585e-16,prime,0
1060,1,z:ilp,nat-oop,15822,21460,3.366,1.356,4.585e-16,prime,1
1061,1,z:ilp,nat-oop,15968,15473,3.339,0.969,5.845e-16,prime,0
1061,1,z:ilp,nat-oop,15333,16526,3.478,1.078,5.845e-16,prime,1
1062,1,z:ilp,nat-oop,16167,16139,3.302,0.998,5.258e-16,prime,0
1062,1,z:ilp,nat-oop,19809,15343,2.695,0.775,5.258e-16,prime,1
1063,1,z:ilp,nat-oop,18573,15719,2.877,0.846,6.526e-16,prime,0
1063,1,z:ilp,nat-oop,17658,16004,3.026,0.906,6.526e-16,prime,1
1064,1,z:ilp,nat-oop,3436,8592,15.571,2.501,4.162e-16,chain3,0
1064,1,z:ilp,nat-oop,2560,8978,20.898,3.507,4.162e-16,chain3,1
1065,1,z:ilp,nat-oop,16350,13953,3.275,0.853,4.507e-16,prime,0
1065,1,z:ilp,nat-oop,15840,15076,3.381,0.952,4.507e-16,prime,1
1066,1,z:ilp,nat-oop,5010,19372,10.701,3.867,1.069e-15,flat,0
1066,1,z:ilp,nat-oop,4527,19355,11.842,4.275,1.069e-15,flat,1
1067,1,z:ilp,nat-oop,17761,12901,3.022,0.726,5.059e-16,prime,0
1067,1,z:ilp,nat-oop,15520,13102,3.458,0.844,5.059e-16,prime,1
1068,1,z:ilp,nat-oop,16745,16065,3.208,0.959,6.402e-16,prime,0
1068,1,z:ilp,nat-oop,15378,16050,3.494,1.044,6.402e-16,prime,1
1069,1,z:ilp,nat-oop,16116,14861,3.337,0.922,4.940e-16,prime,0
1069,1,z:ilp,nat-oop,15572,14771,3.454,0.949,4.940e-16,prime,1
1070,1,z:ilp,nat-oop,16437,16122,3.276,0.981,5.334e-16,prime,0
1070,1,z:ilp,nat-oop,18950,15809,2.841,0.834,5.334e-16,prime,1
1071,1,z:ilp,nat-oop,3088,10187,17.454,3.299,5.256e-16,flat,0
1071,1,z:ilp,nat-oop,3075,10207,17.529,3.320,5.256e-16,flat,1
1072,1,z:ilp,nat-oop,15873,20341,3.399,1.282,4.900e-16,prime,0
1072,1,z:ilp,nat-oop,15673,20472,3.442,1.306,4.900e-16,prime,1
1073,1,z:ilp,nat-oop,5076,23308,10.641,4.592,4.902e-16,2p,0
1073,1,z:ilp,nat-oop,4718,23245,11.448,4.927,4.902e-16,2p,1
1074,1,z:ilp,nat-oop,15824,14565,3.417,0.920,5.311e-16,prime,0
1074,1,z:ilp,nat-oop,15805,14742,3.421,0.933,5.311e-16,prime,1
1075,1,z:ilp,nat-oop,3544,16852,15.274,4.755,5.077e-16,2p,0
1075,1,z:ilp,nat-oop,3605,17487,15.016,4.851,5.077e-16,2p,1
1076,1,z:ilp,nat-oop,15695,15308,3.452,0.975,6.049e-16,prime,0
1076,1,z:ilp,nat-oop,18951,17132,2.859,0.904,6.049e-16,prime,1
1077,1,z:ilp,nat-oop,20672,15110,2.624,0.731,5.436e-16,prime,0
1077,1,z:ilp,nat-oop,15913,14311,3.409,0.899,5.436e-16,prime,1
1078,1,z:ilp,nat-oop,4528,3628,11.992,0.801,6.100e-16,flat,0
1078,1,z:ilp,nat-oop,3136,3547,17.313,1.131,6.100e-16,flat,1
1079,1,z:ilp,nat-oop,16658,16148,3.263,0.969,5.032e-16,prime,0
1079,1,z:ilp,nat-oop,16706,16840,3.254,1.008,5.032e-16,prime,1
1080,1,z:ilp,nat-oop,1914,2038,28.426,1.064,4.664e-16,chain3,0
1080,1,z:ilp,nat-oop,1862,2578,29.223,1.384,4.664e-16,chain3,1
1081,1,z:ilp,nat-oop,7114,24985,7.657,3.512,4.992e-16,2p,0
1081,1,z:ilp,nat-oop,6002,26132,9.076,4.354,4.992e-16,2p,1
1082,1,z:ilp,nat-oop,16971,12578,3.213,0.741,5.298e-16,prime,0
1082,1,z:ilp,nat-oop,16612,14812,3.283,0.892,5.298e-16,prime,1
1083,1,z:ilp,nat-oop,3369,18584,16.202,5.516,3.785e-16,chain3,0
1083,1,z:ilp,nat-oop,3318,19196,16.451,5.785,3.785e-16,chain3,1
1084,1,z:ilp,nat-oop,19160,13275,2.852,0.693,5.140e-16,prime,0
1084,1,z:ilp,nat-oop,15786,14513,3.462,0.919,5.140e-16,prime,1
1085,1,z:ilp,nat-oop,4217,12011,12.970,2.848,4.242e-16,chain3,0
1085,1,z:ilp,nat-oop,4051,12912,13.504,3.188,4.242e-16,chain3,1
1086,1,z:ilp,nat-oop,17556,12120,3.119,0.690,5.327e-16,prime,0
1086,1,z:ilp,nat-oop,15891,13769,3.446,0.866,5.327e-16,prime,1
1087,1,z:ilp,nat-oop,16513,22338,3.320,1.353,6.608e-16,prime,0
1087,1,z:ilp,nat-oop,15507,25675,3.535,1.656,6.608e-16,prime,1
1088,1,z:ilp,nat-oop,2250,8555,24.388,3.802,5.687e-16,2p,0
1088,1,z:ilp,nat-oop,2242,8586,24.471,3.829,5.687e-16,2p,1
1089,1,z:ilp,nat-oop,2609,4286,21.054,1.643,5.659e-16,chain3,0
1089,1,z:ilp,nat-oop,2564,4425,21.427,1.726,5.659e-16,chain3,1
1090,1,z:ilp,nat-oop,15658,12703,3.512,0.811,5.569e-16,prime,0
1090,1,z:ilp,nat-oop,16092,13559,3.417,0.843,5.569e-16,prime,1
1091,1,z:ilp,nat-oop,15333,21924,3.590,1.430,8.550e-16,prime,0
1091,1,z:ilp,nat-oop,15292,23832,3.600,1.558,8.550e-16,prime,1
1092,1,z:ilp,nat-oop,2169,2935,25.408,1.353,4.757e-16,chain3,0
1092,1,z:ilp,nat-oop,2139,2966,25.768,1.387,4.757e-16,chain3,1
1093,1,z:ilp,nat-oop,11527,22548,4.785,1.956,1.058e-15,prime,0
1093,1,z:ilp,nat-oop,10665,22482,5.172,2.108,1.058e-15,prime,1
1094,1,z:ilp,nat-oop,17577,21080,3.142,1.199,8.013e-16,prime,0
1094,1,z:ilp,nat-oop,18589,27057,2.971,1.456,8.013e-16,prime,1
1095,1,z:ilp,nat-oop,15066,12461,3.669,0.827,5.775e-16,prime,0
1095,1,z:ilp,nat-oop,15780,17941,3.503,1.137,5.775e-16,prime,1
1096,1,z:ilp,nat-oop,16101,15321,3.437,0.952,5.619e-16,prime,0
1096,1,z:ilp,nat-oop,15658,15399,3.534,0.983,5.619e-16,prime,1
1097,1,z:ilp,nat-oop,19305,21901,2.869,1.134,5.339e-16,prime,0
1097,1,z:ilp,nat-oop,15830,18030,3.499,1.139,5.339e-16,prime,1
1098,1,z:ilp,nat-oop,15967,12577,3.473,0.788,5.411e-16,prime,0
1098,1,z:ilp,nat-oop,15663,12464,3.540,0.796,5.411e-16,prime,1
1099,1,z:ilp,nat-oop,16207,15351,3.425,0.947,5.259e-16,prime,0
1099,1,z:ilp,nat-oop,19263,16288,2.882,0.846,5.259e-16,prime,1
1100,1,z:ilp,nat-oop,2458,3287,22.605,1.337,3.987e-16,chain3,0
1100,1,z:ilp,nat-oop,2175,2625,25.547,1.207,3.987e-16,chain3,1
1101,1,z:ilp,nat-oop,18037,17461,3.084,0.968,5.619e-16,prime,0
1101,1,z:ilp,nat-oop,16050,17452,3.466,1.087,5.619e-16,prime,1
1102,1,z:ilp,nat-oop,4372,21332,12.737,4.879,1.099e-15,flat,0
1102,1,z:ilp,nat-oop,4277,20227,13.019,4.729,1.099e-15,flat,1
1103,1,z:ilp,nat-oop,16767,16699,3.324,0.996,4.874e-16,prime,0
1103,1,z:ilp,nat-oop,15599,17780,3.573,1.140,4.874e-16,prime,1
1104,1,z:ilp,nat-oop,3260,12972,17.115,3.979,7.060e-16,chain3,0
1104,1,z:ilp,nat-oop,2505,10762,22.278,4.297,7.060e-16,chain3,1
1105,1,z:ilp,nat-oop,3317,11116,16.838,3.351,6.876e-16,flat,0
1105,1,z:ilp,nat-oop,3526,12738,15.843,3.613,6.876e-16,flat,1
1106,1,z:ilp,nat-oop,18973,16129,2.947,0.850,4.658e-16,prime,0
1106,1,z:ilp,nat-oop,14636,16382,3.820,1.119,4.658e-16,prime,1
1107,1,z:ilp,nat-oop,3518,15907,15.910,4.522,5.239e-16,2p,0
1107,1,z:ilp,nat-oop,3525,15851,15.877,4.496,5.239e-16,2p,1
1108,1,z:ilp,nat-oop,19752,17014,2.837,0.861,5.310e-16,prime,0
1108,1,z:ilp,nat-oop,15971,16275,3.508,1.019,5.310e-16,prime,1
1109,1,z:ilp,nat-oop,16065,16113,3.491,1.003,6.893e-16,prime,0
1109,1,z:ilp,nat-oop,15822,16024,3.545,1.013,6.893e-16,prime,1
1110,1,z:ilp,nat-oop,3322,13459,16.903,4.052,5.655e-16,chain3,0
1110,1,z:ilp,nat-oop,3289,17006,17.072,5.171,5.655e-16,chain3,1
1111,1,z:ilp,nat-oop,14934,13221,3.763,0.885,6.217e-16,prime,0
1111,1,z:ilp,nat-oop,14684,14205,3.827,0.967,6.217e-16,prime,1
1112,1,z:ilp,nat-oop,18069,14278,3.114,0.790,5.116e-16,prime,0
1112,1,z:ilp,nat-oop,16736,16051,3.362,0.959,5.116e-16,prime,1
1113,1,z:ilp,nat-oop,16615,19088,3.390,1.149,3.780e-16,prime,0
1113,1,z:ilp,nat-oop,16674,21921,3.378,1.315,3.780e-16,prime,1
1114,1,z:ilp,nat-oop,19254,26924,2.928,1.398,5.438e-16,prime,0
1114,1,z:ilp,nat-oop,15309,25656,3.683,1.676,5.438e-16,prime,1
1115,1,z:ilp,nat-oop,17009,16268,3.318,0.956,5.427e-16,prime,0
1115,1,z:ilp,nat-oop,16236,18326,3.476,1.129,5.427e-16,prime,1
1116,1,z:ilp,nat-oop,4461,14654,12.664,3.285,5.307e-16,flat,0
1116,1,z:ilp,nat-oop,4139,13952,13.647,3.371,5.307e-16,flat,1
1117,1,z:ilp,nat-oop,13617,19300,4.153,1.417,9.013e-16,prime,0
1117,1,z:ilp,nat-oop,12231,18168,4.624,1.485,9.013e-16,prime,1
1118,1,z:ilp,nat-oop,5120,17029,11.056,3.326,1.019e-15,flat,0
1118,1,z:ilp,nat-oop,4924,17017,11.496,3.456,1.019e-15,flat,1
1119,1,z:ilp,nat-oop,16596,16035,3.414,0.966,5.767e-16,prime,0
1119,1,z:ilp,nat-oop,15586,16156,3.636,1.037,5.767e-16,prime,1
1120,1,z:ilp,nat-oop,2205,1986,25.727,0.901,4.322e-16,chain3,0
1120,1,z:ilp,nat-oop,1770,2030,32.056,1.147,4.322e-16,chain3,1
1121,1,z:ilp,nat-oop,15698,23569,3.617,1.501,4.624e-16,prime,0
1121,1,z:ilp,nat-oop,15244,23771,3.725,1.559,4.624e-16,prime,1
1122,1,z:ilp,nat-oop,3372,10010,16.854,2.968,5.302e-16,chain3,0
1122,1,z:ilp,nat-oop,3078,9976,18.469,3.241,5.302e-16,chain3,1
1123,1,z:ilp,nat-oop,9495,16458,5.992,1.733,8.366e-16,prime,0
1123,1,z:ilp,nat-oop,9610,18702,5.921,1.946,8.366e-16,prime,1
1124,1,z:ilp,nat-oop,17642,22092,3.228,1.252,5.528e-16,prime,0
1124,1,z:ilp,nat-oop,16695,16439,3.412,0.985,5.528e-16,prime,1
1125,1,z:ilp,nat-oop,3719,3896,15.330,1.048,5.895e-16,flat,0
1125,1,z:ilp,nat-oop,3137,3843,18.173,1.225,5.895e-16,flat,1
1126,1,z:ilp,nat-oop,21241,21500,2.687,1.012,6.243e-16,prime,0
1126,1,z:ilp,nat-oop,17456,22555,3.269,1.292,6.243e-16,prime,1
1127,1,z:ilp,nat-oop,3561,14654,16.042,4.115,5.221e-16,chain3,0
1127,1,z:ilp,nat-oop,3498,14713,16.334,4.207,5.221e-16,chain3,1
1128,1,z:ilp,nat-oop,4826,22726,11.851,4.710,6.890e-16,flat,0
1128,1,z:ilp,nat-oop,4545,17879,12.582,3.934,6.890e-16,flat,1
1129,1,z:ilp,nat-oop,15864,15084,3.608,0.951,5.322e-16,prime,0
1129,1,z:ilp,nat-oop,15927,17561,3.594,1.103,5.322e-16,prime,1
1130,1,z:ilp,nat-oop,15616,18341,3.670,1.175,5.218e-16,prime,0
1130,1,z:ilp,nat-oop,15270,20907,3.753,1.369,5.218e-16,prime,1
1131,1,z:ilp,nat-oop,3776,13610,15.192,3.605,6.006e-16,chain3,0
1131,1,z:ilp,nat-oop,3725,13652,15.398,3.665,6.006e-16,chain3,1
1132,1,z:ilp,nat-oop,21181,18201,2.711,0.859,4.735e-16,prime,0
1132,1,z:ilp,nat-oop,15885,19380,3.615,1.220,4.735e-16,prime,1
1133,1,z:ilp,nat-oop,19178,18488,2.997,0.964,5.669e-16,prime,0
1133,1,z:ilp,nat-oop,16033,19138,3.585,1.194,5.669e-16,prime,1
1134,1,z:ilp,nat-oop,2264,2623,25.417,1.159,6.540e-16,chain3,0
1134,1,z:ilp,nat-oop,2404,3224,23.937,1.341,6.540e-16,chain3,1
1135,1,z:ilp,nat-oop,17463,15184,3.298,0.870,5.449e-16,prime,0
1135,1,z:ilp,nat-oop,15820,14676,3.641,0.928,5.449e-16,prime,1
1136,1,z:ilp,nat-oop,15797,16481,3.649,1.043,5.787e-16,prime,0
1136,1,z:ilp,nat-oop,16163,15595,3.567,0.965,5.787e-16,prime,1
1137,1,z:ilp,nat-oop,18422,13527,3.133,0.734,5.226e-16,prime,0
1137,1,z:ilp,nat-oop,16377,14578,3.524,0.890,5.226e-16,prime,1
1138,1,z:ilp,nat-oop,16225,16114,3.560,0.993,3.716e-16,prime,0
1138,1,z:ilp,nat-oop,16034,16170,3.603,1.008,3.716e-16,prime,1
1139,1,z:ilp,nat-oop,17465,28951,3.311,1.658,5.436e-16,prime,0
1139,1,z:ilp,nat-oop,16131,31226,3.585,1.936,5.436e-16,prime,1
1140,1,z:ilp,nat-oop,2625,9514,22.053,3.625,4.746e-16,chain3,0
1140,1,z:ilp,nat-oop,2679,9454,21.607,3.529,4.746e-16,chain3,1
1141,1,z:ilp,nat-oop,16349,14052,3.544,0.859,4.888e-16,prime,0
1141,1,z:ilp,nat-oop,15999,15427,3.621,0.964,4.888e-16,prime,1
1142,1,z:ilp,nat-oop,16193,15750,3.582,0.973,5.912e-16,prime,0
1142,1,z:ilp,nat-oop,17275,20828,3.357,1.206,5.912e-16,prime,1
1143,1,z:ilp,nat-oop,23271,14710,2.495,0.632,5.138e-16,prime,0
1143,1,z:ilp,nat-oop,19336,19703,3.003,1.019,5.138e-16,prime,1
1144,1,z:ilp,nat-oop,2752,4399,21.120,1.599,5.596e-16,chain3,0
1144,1,z:ilp,nat-oop,2579,4327,22.533,1.678,5.596e-16,chain3,1
1145,1,z:ilp,nat-oop,18944,14842,3.071,0.783,3.815e-16,prime,0
1145,1,z:ilp,nat-oop,15821,14689,3.677,0.928,3.815e-16,prime,1
1146,1,z:ilp,nat-oop,16246,12948,3.584,0.797,4.335e-16,prime,0
1146,1,z:ilp,nat-oop,16215,13125,3.591,0.809,4.335e-16,prime,1
1147,1,z:ilp,nat-oop,5108,25400,11.412,4.973,1.026e-15,flat,0
1147,1,z:ilp,nat-oop,5105,27051,11.418,5.299,1.026e-15,flat,1
1148,1,z:ilp,nat-oop,4218,16239,13.832,3.850,4.095e-16,chain3,0
1148,1,z:ilp,nat-oop,4249,16162,13.733,3.804,4.095e-16,chain3,1
1149,1,z:ilp,nat-oop,16096,13421,3.629,0.834,5.399e-16,prime,0
1149,1,z:ilp,nat-oop,16009,13462,3.648,0.841,5.399e-16,prime,1
1150,1,z:ilp,nat-oop,2938,11404,19.900,3.882,4.640e-16,chain3,0
1150,1,z:ilp,nat-oop,2927,11400,19.971,3.894,4.640e-16,chain3,1
1151,1,z:ilp,nat-oop,9918,15017,5.900,1.514,7.510e-16,prime,0
1151,1,z:ilp,nat-oop,9819,15865,5.960,1.616,7.510e-16,prime,1
1152,1,z:ilp,nat-oop,1787,2049,32.780,1.146,4.918e-16,chain3,0
1152,1,z:ilp,nat-oop,1739,2353,33.683,1.353,4.918e-16,chain3,1
1153,1,z:ilp,nat-oop,7955,12788,7.371,1.608,8.755e-16,prime,0
1153,1,z:ilp,nat-oop,6867,12796,8.539,1.863,8.755e-16,prime,1
1154,1,z:ilp,nat-oop,18777,13676,3.126,0.728,4.447e-16,prime,0
1154,1,z:ilp,nat-oop,16023,14002,3.663,0.874,4.447e-16,prime,1
1155,1,z:ilp,nat-oop,2785,3579,21.093,1.285,3.463e-16,chain3,0
1155,1,z:ilp,nat-oop,2641,3713,22.246,1.406,3.463e-16,chain3,1
1156,1,z:ilp,nat-oop,4068,17089,14.456,4.200,5.753e-16,chain3,0
1156,1,z:ilp,nat-oop,3718,16982,15.818,4.567,5.753e-16,chain3,1
1157,1,z:ilp,nat-oop,19038,16890,3.092,0.887,4.767e-16,prime,0
1157,1,z:ilp,nat-oop,16115,18306,3.653,1.136,4.767e-16,prime,1
1158,1,z:ilp,nat-oop,17265,12105,3.413,0.701,5.893e-16,prime,0
1158,1,z:ilp,nat-oop,15860,11953,3.716,0.754,5.893e-16,prime,1
1159,1,z:ilp,nat-oop,16898,20856,3.491,1.234,4.294e-16,prime,0
1159,1,z:ilp,nat-oop,15837,22298,3.725,1.408,4.294e-16,prime,1
1160,1,z:ilp,nat-oop,4531,12532,13.032,2.766,8.908e-16,flat,0
1160,1,z:ilp,nat-oop,3704,13712,15.939,3.702,8.908e-16,flat,1
1161,1,z:ilp,nat-oop,4198,18769,14.079,4.471,5.769e-16,2p,0
1161,1,z:ilp,nat-oop,3896,18551,15.170,4.762,5.769e-16,2p,1
1162,1,z:ilp,nat-oop,17201,16794,3.439,0.976,5.325e-16,prime,0
1162,1,z:ilp,nat-oop,16230,16791,3.645,1.035,5.325e-16,prime,1
1163,1,z:ilp,nat-oop,18609,17832,3.182,0.958,4.750e-16,prime,0
1163,1,z:ilp,nat-oop,16579,16633,3.572,1.003,4.750e-16,prime,1
1164,1,z:ilp,nat-oop,16889,15953,3.510,0.945,5.380e-16,prime,0
1164,1,z:ilp,nat-oop,15860,15511,3.738,0.978,5.380e-16,prime,1
1165,1,z:ilp,nat-oop,16230,17611,3.656,1.085,5.122e-16,prime,0
1165,1,z:ilp,nat-oop,16230,17195,3.656,1.059,5.122e-16,prime,1
1166,1,z:ilp,nat-oop,18679,21621,3.180,1.157,4.458e-16,prime,0
1166,1,z:ilp,nat-oop,20693,21650,2.870,1.046,4.458e-16,prime,1
1167,1,z:ilp,nat-oop,16594,19047,3.583,1.148,5.088e-16,prime,0
1167,1,z:ilp,nat-oop,18930,20617,3.141,1.089,5.088e-16,prime,1
1168,1,z:ilp,nat-oop,15929,13248,3.736,0.832,6.058e-16,prime,0
1168,1,z:ilp,nat-oop,15455,13267,3.851,0.858,6.058e-16,prime,1
1169,1,z:ilp,nat-oop,24480,16906,2.433,0.691,6.581e-16,prime,0
1169,1,z:ilp,nat-oop,15534,18591,3.835,1.197,6.581e-16,prime,1
1170,1,z:ilp,nat-oop,2436,2920,24.473,1.198,5.610e-16,chain3,0
1170,1,z:ilp,nat-oop,2439,2829,24.445,1.160,5.610e-16,chain3,1
1171,1,z:ilp,nat-oop,9537,19276,6.258,2.021,8.273e-16,prime,0
1171,1,z:ilp,nat-oop,8454,16061,7.060,1.900,8.273e-16,prime,1
1172,1,z:ilp,nat-oop,15737,16803,3.796,1.068,5.850e-16,prime,0
1172,1,z:ilp,nat-oop,20742,16261,2.880,0.784,5.850e-16,prime,1
1173,1,z:ilp,nat-oop,6085,20288,9.828,3.334,8.347e-16,flat,0
1173,1,z:ilp,nat-oop,4738,20262,12.620,4.276,8.347e-16,flat,1
1174,1,z:ilp,nat-oop,17001,18311,3.521,1.077,5.868e-16,prime,0
1174,1,z:ilp,nat-oop,19303,19494,3.101,1.010,5.868e-16,prime,1
1175,1,z:ilp,nat-oop,5215,19623,11.488,3.763,5.572e-16,flat,0
1175,1,z:ilp,nat-oop,4981,20688,12.028,4.153,5.572e-16,flat,1
1176,1,z:ilp,nat-oop,2730,2322,21.972,0.851,3.860e-16,chain3,0
1176,1,z:ilp,nat-oop,2696,2381,22.249,0.883,3.860e-16,chain3,1
1177,1,z:ilp,nat-oop,16111,18845,3.726,1.170,5.609e-16,prime,0
1177,1,z:ilp,nat-oop,19314,19533,3.108,1.011,5.609e-16,prime,1
1178,1,z:ilp,nat-oop,4914,23751,12.229,4.834,1.207e-15,flat,0
1178,1,z:ilp,nat-oop,4650,25436,12.923,5.470,1.207e-15,flat,1
1179,1,z:ilp,nat-oop,16246,18823,3.702,1.159,4.923e-16,prime,0
1179,1,z:ilp,nat-oop,16232,19510,3.706,1.202,4.923e-16,prime,1
1180,1,z:ilp,nat-oop,15414,18676,3.906,1.212,4.706e-16,prime,0
1180,1,z:ilp,nat-oop,16663,18374,3.613,1.103,4.706e-16,prime,1
1181,1,z:ilp,nat-oop,38036,16358,1.584,0.430,5.694e-16,prime,0
1181,1,z:ilp,nat-oop,16025,17695,3.761,1.104,5.694e-16,prime,1
1182,1,z:ilp,nat-oop,18644,17826,3.235,0.956,5.336e-16,prime,0
1182,1,z:ilp,nat-oop,15770,17069,3.825,1.082,5.336e-16,prime,1
1183,1,z:ilp,nat-oop,2973,4554,20.307,1.532,7.263e-16,chain3,0
1183,1,z:ilp,nat-oop,3084,5671,19.579,1.839,7.263e-16,chain3,1
1184,1,z:ilp,nat-oop,4379,14934,13.803,3.411,3.718e-16,2p,0
1184,1,z:ilp,nat-oop,5507,15362,10.976,2.790,3.718e-16,2p,1
1185,1,z:ilp,nat-oop,16650,17937,3.634,1.077,4.687e-16,prime,0
1185,1,z:ilp,nat-oop,15910,17338,3.803,1.090,4.687e-16,prime,1
1186,1,z:ilp,nat-oop,24921,19479,2.430,0.782,4.548e-16,prime,0
1186,1,z:ilp,nat-oop,16174,16809,3.744,1.039,4.548e-16,prime,1
1187,1,z:ilp,nat-oop,15741,15788,3.851,1.003,6.391e-16,prime,0
1187,1,z:ilp,nat-oop,16092,17564,3.767,1.091,6.391e-16,prime,1
1188,1,z:ilp,nat-oop,2493,3295,24.333,1.321,4.500e-16,chain3,0
1188,1,z:ilp,nat-oop,2261,3337,26.835,1.476,4.500e-16,chain3,1
1189,1,z:ilp,nat-oop,5582,27395,10.880,4.908,5.014e-16,2p,0
1189,1,z:ilp,nat-oop,6348,28877,9.567,4.549,5.014e-16,2p,1
1190,1,z:ilp,nat-oop,2711,12858,22.422,4.742,6.007e-16,chain3,0
1190,1,z:ilp,nat-oop,2714,11398,22.400,4.200,6.007e-16,chain3,1
1191,1,z:ilp,nat-oop,17460,17875,3.485,1.024,6.668e-16,prime,0
1191,1,z:ilp,nat-oop,15787,18595,3.854,1.178,6.668e-16,prime,1
1192,1,z:ilp,nat-oop,15977,15195,3.812,0.951,5.041e-16,prime,0
1192,1,z:ilp,nat-oop,16009,15454,3.805,0.965,5.041e-16,prime,1
1193,1,z:ilp,nat-oop,21150,15847,2.882,0.749,5.033e-16,prime,0
1193,1,z:ilp,nat-oop,15176,16515,4.017,1.088,5.033e-16,prime,1
1194,1,z:ilp,nat-oop,15362,15842,3.972,1.031,4.804e-16,prime,0
1194,1,z:ilp,nat-oop,15410,14849,3.960,0.964,4.804e-16,prime,1
1195,1,z:ilp,nat-oop,16309,14932,3.745,0.916,5.565e-16,prime,0
1195,1,z:ilp,nat-oop,15769,14905,3.873,0.945,5.565e-16,prime,1
1196,1,z:ilp,nat-oop,3960,13404,15.439,3.385,5.624e-16,chain3,0
1196,1,z:ilp,nat-oop,3701,13650,16.522,3.689,5.624e-16,chain3,1
1197,1,z:ilp,nat-oop,3970,10286,15.415,2.591,1.045e-15,flat,0
1197,1,z:ilp,nat-oop,4101,11534,14.922,2.812,1.045e-15,flat,1
1198,1,z:ilp,nat-oop,18439,16998,3.322,0.922,5.888e-16,prime,0
1198,1,z:ilp,nat-oop,18569,18353,3.299,0.988,5.888e-16,prime,1
1199,1,z:ilp,nat-oop,19281,15301,3.180,0.794,6.267e-16,prime,0
1199,1,z:ilp,nat-oop,16305,16662,3.761,1.022,6.267e-16,prime,1
1200,1,z:ilp,nat-oop,2874,2237,21.351,0.778,6.039e-16,chain3,0
1200,1,z:ilp,nat-oop,2823,2125,21.738,0.753,6.039e-16,chain3,1
1201,1,z:ilp,nat-oop,10974,13401,5.598,1.221,7.203e-16,prime,0
1201,1,z:ilp,nat-oop,10581,13613,5.806,1.287,7.203e-16,prime,1
1202,1,z:ilp,nat-oop,16690,14467,3.684,0.867,5.279e-16,prime,0
1202,1,z:ilp,nat-oop,15610,14336,3.939,0.918,5.279e-16,prime,1
1203,1,z:ilp,nat-oop,18286,15717,3.366,0.860,3.983e-16,prime,0
1203,1,z:ilp,nat-oop,18013,14304,3.417,0.794,3.983e-16,prime,1
1204,1,z:ilp,nat-oop,5373,18071,11.466,3.363,6.498e-16,flat,0
1204,1,z:ilp,nat-oop,5194,18860,11.860,3.631,6.498e-16,flat,1
1205,1,z:ilp,nat-oop,25095,12673,2.457,0.505,5.553e-16,prime,0
1205,1,z:ilp,nat-oop,15876,12638,3.884,0.796,5.553e-16,prime,1
1206,1,z:ilp,nat-oop,16662,24873,3.704,1.493,6.111e-16,prime,0
1206,1,z:ilp,nat-oop,14859,23933,4.154,1.611,6.111e-16,prime,1
1207,1,z:ilp,nat-oop,14924,23325,4.140,1.563,6.268e-16,prime,0
1207,1,z:ilp,nat-oop,15451,25191,3.999,1.630,6.268e-16,prime,1
1208,1,z:ilp,nat-oop,17126,14505,3.611,0.847,4.629e-16,prime,0
1208,1,z:ilp,nat-oop,15823,13677,3.908,0.864,4.629e-16,prime,1
1209,1,z:ilp,nat-oop,4460,14947,13.880,3.352,6.505e-16,chain3,0
1209,1,z:ilp,nat-oop,4071,15896,15.205,3.905,6.505e-16,chain3,1
1210,1,z:ilp,nat-oop,2645,4788,23.427,1.810,3.282e-16,chain3,0
1210,1,z:ilp,nat-oop,2630,4453,23.560,1.693,3.282e-16,chain3,1
1211,1,z:ilp,nat-oop,17747,19648,3.494,1.107,5.775e-16,prime,0
1211,1,z:ilp,nat-oop,22969,19149,2.700,0.834,5.775e-16,prime,1
1212,1,z:ilp,nat-oop,17999,12858,3.449,0.714,4.796e-16,prime,0
1212,1,z:ilp,nat-oop,55319,13405,1.122,0.242,4.796e-16,prime,1
1213,1,z:ilp,nat-oop,18534,19769,3.352,1.067,6.537e-16,prime,0
1213,1,z:ilp,nat-oop,16294,22055,3.813,1.354,6.537e-16,prime,1
1214,1,z:ilp,nat-oop,16989,22383,3.661,1.318,5.991e-16,prime,0
1214,1,z:ilp,nat-oop,15803,25459,3.935,1.611,5.991e-16,prime,1
1215,1,z:ilp,nat-oop,2705,3315,23.016,1.226,5.408e-16,chain3,0
1215,1,z:ilp,nat-oop,2866,3331,21.717,1.162,5.408e-16,chain3,1
1216,1,z:ilp,nat-oop,2743,10390,22.712,3.787,3.865e-16,2p,0
1216,1,z:ilp,nat-oop,2739,10934,22.746,3.992,3.865e-16,2p,1
1217,1,z:ilp,nat-oop,8805,20762,7.083,2.358,7.065e-16,prime,0
1217,1,z:ilp,nat-oop,11315,20215,5.512,1.787,7.065e-16,prime,1
1218,1,z:ilp,nat-oop,4742,13030,13.164,2.748,7.769e-16,flat,0
1218,1,z:ilp,nat-oop,5435,14123,11.486,2.599,7.769e-16,flat,1
1219,1,z:ilp,nat-oop,16922,32089,3.692,1.896,4.599e-16,prime,0
1219,1,z:ilp,nat-oop,42241,32881,1.479,0.778,4.599e-16,prime,1
1220,1,z:ilp,nat-oop,16591,17214,3.770,1.038,4.881e-16,prime,0
1220,1,z:ilp,nat-oop,17233,14411,3.629,0.836,4.881e-16,prime,1
1221,1,z:ilp,nat-oop,4336,18580,14.439,4.286,4.551e-16,chain3,0
1221,1,z:ilp,nat-oop,4301,18678,14.553,4.342,4.551e-16,chain3,1
1222,1,z:ilp,nat-oop,6503,18453,9.636,2.838,7.559e-16,flat,0
1222,1,z:ilp,nat-oop,5538,18401,11.314,3.323,7.559e-16,flat,1
1223,1,z:ilp,nat-oop,15771,18911,3.977,1.199,4.852e-16,prime,0
1223,1,z:ilp,nat-oop,18196,19810,3.447,1.089,4.852e-16,prime,1
1224,1,z:ilp,nat-oop,2684,11407,23.393,4.251,5.368e-16,chain3,0
1224,1,z:ilp,nat-oop,2606,12658,24.090,4.858,5.368e-16,chain3,1
1225,1,z:ilp,nat-oop,3126,3873,20.100,1.239,4.987e-16,flat,0
1225,1,z:ilp,nat-oop,2945,3552,21.339,1.206,4.987e-16,flat,1
1226,1,z:ilp,nat-oop,17363,20427,3.622,1.176,5.400e-16,prime,0
1226,1,z:ilp,nat-oop,17703,20537,3.553,1.160,5.400e-16,prime,1
1227,1,z:ilp,nat-oop,21259,17821,2.961,0.838,7.909e-16,prime,0
1227,1,z:ilp,nat-oop,17493,17443,3.599,0.997,7.909e-16,prime,1
1228,1,z:ilp,nat-oop,16702,25578,3.772,1.531,4.749e-16,prime,0
1228,1,z:ilp,nat-oop,15719,24852,4.009,1.581,4.749e-16,prime,1
1229,1,z:ilp,nat-oop,16920,19567,3.727,1.156,5.590e-16,prime,0
1229,1,z:ilp,nat-oop,16610,23621,3.797,1.422,5.590e-16,prime,1
1230,1,z:ilp,nat-oop,4466,16564,14.134,3.709,4.375e-16,chain3,0
1230,1,z:ilp,nat-oop,4171,16605,15.135,3.981,4.375e-16,chain3,1
1231,1,z:ilp,nat-oop,17304,18354,3.651,1.061,5.332e-16,prime,0
1231,1,z:ilp,nat-oop,15961,20391,3.959,1.278,5.332e-16,prime,1
1232,1,z:ilp,nat-oop,2232,3286,28.338,1.473,4.054e-16,chain3,0
1232,1,z:ilp,nat-oop,2172,3346,29.122,1.541,4.054e-16,chain3,1
1233,1,z:ilp,nat-oop,15310,16579,4.135,1.083,5.434e-16,prime,0
1233,1,z:ilp,nat-oop,15277,19022,4.144,1.245,5.434e-16,prime,1
1234,1,z:ilp,nat-oop,16083,20708,3.940,1.288,6.674e-16,prime,0
1234,1,z:ilp,nat-oop,15976,20931,3.966,1.310,6.674e-16,prime,1
1235,1,z:ilp,nat-oop,3998,11244,15.863,2.812,6.731e-16,flat,0
1235,1,z:ilp,nat-oop,7621,11889,8.321,1.560,6.731e-16,flat,1
1236,1,z:ilp,nat-oop,19479,19910,3.259,1.022,5.735e-16,prime,0
1236,1,z:ilp,nat-oop,16798,21561,3.779,1.284,5.735e-16,prime,1
1237,1,z:ilp,nat-oop,15608,18963,4.071,1.215,6.671e-16,prime,0
1237,1,z:ilp,nat-oop,15167,18981,4.189,1.252,6.671e-16,prime,1
1238,1,z:ilp,nat-oop,15711,19493,4.048,1.241,5.728e-16,prime,0
1238,1,z:ilp,nat-oop,15186,20104,4.188,1.324,5.728e-16,prime,1
1239,1,z:ilp,nat-oop,15551,16276,4.093,1.047,4.799e-16,prime,0
1239,1,z:ilp,nat-oop,20337,23111,3.130,1.136,4.799e-16,prime,1
1240,1,z:ilp,nat-oop,5103,16715,12.484,3.275,4.526e-16,chain3,0
1240,1,z:ilp,nat-oop,3868,21058,16.471,5.444,4.526e-16,chain3,1
1241,1,z:ilp,nat-oop,22306,22960,2.859,1.029,4.992e-16,prime,0
1241,1,z:ilp,nat-oop,17176,24433,3.713,1.422,4.992e-16,prime,1
1242,1,z:ilp,nat-oop,4680,12877,13.639,2.752,9.155e-16,flat,0
1242,1,z:ilp,nat-oop,5178,14344,12.326,2.770,9.155e-16,flat,1
1243,1,z:ilp,nat-oop,23378,21357,2.733,0.914,5.889e-16,prime,0
1243,1,z:ilp,nat-oop,17753,24316,3.599,1.370,5.889e-16,prime,1
1244,1,z:ilp,nat-oop,15697,24329,4.074,1.550,6.626e-16,prime,0
1244,1,z:ilp,nat-oop,16842,27214,3.797,1.616,6.626e-16,prime,1
1245,1,z:ilp,nat-oop,17340,22205,3.691,1.281,4.827e-16,prime,0
1245,1,z:ilp,nat-oop,18560,23151,3.448,1.247,4.827e-16,prime,1
1246,1,z:ilp,nat-oop,19981,22900,3.206,1.146,4.677e-16,prime,0
1246,1,z:ilp,nat-oop,16559,23094,3.869,1.395,4.677e-16,prime,1
1247,1,z:ilp,nat-oop,6857,28982,9.351,4.227,2.781e-15,flat,0
1247,1,z:ilp,nat-oop,9200,32373,6.969,3.519,2.781e-15,flat,1
1248,1,z:ilp,nat-oop,2699,3505,23.780,1.298,5.570e-16,chain3,0
1248,1,z:ilp,nat-oop,2352,3303,27.286,1.404,5.570e-16,chain3,1
1249,1,z:ilp,nat-oop,8602,19597,7.468,2.278,9.983e-16,prime,0
1249,1,z:ilp,nat-oop,8140,20737,7.892,2.547,9.983e-16,prime,1
1250,1,z:ilp,nat-oop,4639,2866,13.859,0.618,5.097e-16,chain3,0
1250,1,z:ilp,nat-oop,3121,2921,20.602,0.936,5.097e-16,chain3,1
1251,1,z:ilp,nat-oop,16433,17839,3.916,1.086,5.086e-16,prime,0
1251,1,z:ilp,nat-oop,15642,17213,4.114,1.100,5.086e-16,prime,1
1252,1,z:ilp,nat-oop,15251,23680,4.224,1.553,5.588e-16,prime,0
1252,1,z:ilp,nat-oop,16727,23162,3.851,1.385,5.588e-16,prime,1
1253,1,z:ilp,nat-oop,15741,18565,4.096,1.179,6.152e-16,prime,0
1253,1,z:ilp,nat-oop,23768,17392,2.713,0.732,6.152e-16,prime,1
1254,1,z:ilp,nat-oop,4494,11785,14.360,2.622,5.012e-16,chain3,0
1254,1,z:ilp,nat-oop,3215,11689,20.072,3.636,5.012e-16,chain3,1
1255,1,z:ilp,nat-oop,39194,16730,1.648,0.427,5.372e-16,prime,0
1255,1,z:ilp,nat-oop,16354,15094,3.950,0.923,5.372e-16,prime,1
1256,1,z:ilp,nat-oop,18419,15562,3.510,0.845,6.168e-16,prime,0
1256,1,z:ilp,nat-oop,15538,14033,4.161,0.903,6.168e-16,prime,1
1257,1,z:ilp,nat-oop,17665,23156,3.663,1.311,7.551e-16,prime,0
1257,1,z:ilp,nat-oop,20082,19918,3.222,0.992,7.551e-16,prime,1
1258,1,z:ilp,nat-oop,5042,26411,12.846,5.238,1.110e-15,flat,0
1258,1,z:ilp,nat-oop,5458,28128,11.867,5.154,1.110e-15,flat,1
1259,1,z:ilp,nat-oop,18498,16799,3.504,0.908,5.636e-16,prime,0
1259,1,z:ilp,nat-oop,25545,18618,2.538,0.729,5.636e-16,prime,1
1260,1,z:ilp,nat-oop,2392,2590,27.131,1.083,5.848e-16,chain3,0
1260,1,z:ilp,nat-oop,2321,2781,27.952,1.198,5.848e-16,chain3,1
1261,1,z:ilp,nat-oop,15846,18115,4.098,1.143,3.880e-16,prime,0
1261,1,z:ilp,nat-oop,16844,15897,3.856,0.944,3.880e-16,prime,1
1262,1,z:ilp,nat-oop,19035,20848,3.415,1.095,4.650e-16,prime,0
1262,1,z:ilp,nat-oop,19424,17187,3.346,0.885,4.650e-16,prime,1
1263,1,z:ilp,nat-oop,18180,17750,3.579,0.976,6.049e-16,prime,0
1263,1,z:ilp,nat-oop,21510,19075,3.025,0.887,6.049e-16,prime,1
1264,1,z:ilp,nat-oop,22905,19882,2.843,0.868,5.484e-16,prime,0
1264,1,z:ilp,nat-oop,22532,22519,2.890,0.999,5.484e-16,prime,1
1265,1,z:ilp,nat-oop,5902,13679,11.043,2.318,8.029e-16,flat,0
1265,1,z:ilp,nat-oop,4390,13375,14.847,3.047,8.029e-16,flat,1
1266,1,z:ilp,nat-oop,18295,16770,3.566,0.917,7.327e-16,prime,0
1266,1,z:ilp,nat-oop,17318,18165,3.767,1.049,7.327e-16,prime,1
1267,1,z:ilp,nat-oop,15953,13647,4.093,0.855,5.995e-16,prime,0
1267,1,z:ilp,nat-oop,16670,13689,3.917,0.821,5.995e-16,prime,1
1268,1,z:ilp,nat-oop,18372,14180,3.557,0.772,4.861e-16,prime,0
1268,1,z:ilp,nat-oop,16089,14462,4.062,0.899,4.861e-16,prime,1
1269,1,z:ilp,nat-oop,6275,23774,10.424,3.789,6.439e-16,flat,0
1269,1,z:ilp,nat-oop,6322,19251,10.347,3.045,6.439e-16,flat,1
1270,1,z:ilp,nat-oop,17015,15893,3.848,0.934,4.581e-16,prime,0
1270,1,z:ilp,nat-oop,16096,16005,4.068,0.994,4.581e-16,prime,1
1271,1,z:ilp,nat-oop,5819,29226,11.262,5.022,1.133e-15,flat,0
1271,1,z:ilp,nat-oop,5841,30484,11.220,5.219,1.133e-15,flat,1
1272,1,z:ilp,nat-oop,18060,20508,3.632,1.136,3.855e-16,prime,0
1272,1,z:ilp,nat-oop,17881,22171,3.668,1.240,3.855e-16,prime,1
1273,1,z:ilp,nat-oop,15822,30157,4.149,1.906,6.496e-16,prime,0
1273,1,z:ilp,nat-oop,18978,30401,3.459,1.602,6.496e-16,prime,1
1274,1,z:ilp,nat-oop,3827,4189,17.170,1.095,5.337e-16,flat,0
1274,1,z:ilp,nat-oop,3580,3929,18.354,1.097,5.337e-16,flat,1
1275,1,z:ilp,nat-oop,3735,11185,17.609,2.995,6.938e-16,flat,0
1275,1,z:ilp,nat-oop,3787,10785,17.365,2.848,6.938e-16,flat,1
1276,1,z:ilp,nat-oop,4188,15196,15.719,3.629,4.141e-16,chain3,0
1276,1,z:ilp,nat-oop,4768,15107,13.807,3.169,4.141e-16,chain3,1
1277,1,z:ilp,nat-oop,17211,25952,3.828,1.508,7.009e-16,prime,0
1277,1,z:ilp,nat-oop,14168,16957,4.650,1.197,7.009e-16,prime,1
1278,1,z:ilp,nat-oop,19028,17843,3.466,0.938,4.576e-16,prime,0
1278,1,z:ilp,nat-oop,15359,20959,4.294,1.365,4.576e-16,prime,1
1279,1,z:ilp,nat-oop,16145,16343,4.088,1.012,5.482e-16,prime,0
1279,1,z:ilp,nat-oop,15677,16657,4.210,1.062,5.482e-16,prime,1
1280,1,z:ilp,nat-oop,2503,1790,26.396,0.715,4.326e-16,chain3,0
1280,1,z:ilp,nat-oop,2299,2721,28.735,1.184,4.326e-16,chain3,1
1281,1,z:ilp,nat-oop,17433,15750,3.793,0.903,3.885e-16,prime,0
1281,1,z:ilp,nat-oop,22760,15871,2.905,0.697,3.885e-16,prime,1
1282,1,z:ilp,nat-oop,16494,13806,4.012,0.837,4.720e-16,prime,0
1282,1,z:ilp,nat-oop,20204,13731,3.275,0.680,4.720e-16,prime,1
1283,1,z:ilp,nat-oop,16682,19475,3.971,1.167,6.075e-16,prime,0
1283,1,z:ilp,nat-oop,18427,19465,3.594,1.056,6.075e-16,prime,1
1284,1,z:ilp,nat-oop,17417,18933,3.806,1.087,6.300e-16,prime,0
1284,1,z:ilp,nat-oop,21778,19005,3.044,0.873,6.300e-16,prime,1
1285,1,z:ilp,nat-oop,15995,13242,4.148,0.828,5.424e-16,prime,0
1285,1,z:ilp,nat-oop,19597,15177,3.386,0.774,5.424e-16,prime,1
1286,1,z:ilp,nat-oop,29943,19121,2.218,0.639,5.678e-16,prime,0
1286,1,z:ilp,nat-oop,22106,22995,3.004,1.040,5.678e-16,prime,1
1287,1,z:ilp,nat-oop,4643,5068,14.316,1.091,5.771e-16,chain3,0
1287,1,z:ilp,nat-oop,3356,4977,19.806,1.483,5.771e-16,chain3,1
1288,1,z:ilp,nat-oop,3187,11665,20.878,3.660,4.956e-16,chain3,0
1288,1,z:ilp,nat-oop,3230,12866,20.599,3.984,4.956e-16,chain3,1
1289,1,z:ilp,nat-oop,11315,20464,5.885,1.809,6.667e-16,prime,0
1289,1,z:ilp,nat-oop,10974,21201,6.068,1.932,6.667e-16,prime,1
1290,1,z:ilp,nat-oop,6791,18871,9.815,2.779,7.373e-16,flat,0
1290,1,z:ilp,nat-oop,8040,21899,8.289,2.724,7.373e-16,flat,1
1291,1,z:ilp,nat-oop,18529,19331,3.600,1.043,7.185e-16,prime,0
1291,1,z:ilp,nat-oop,16107,19446,4.142,1.207,7.185e-16,prime,1
1292,1,z:ilp,nat-oop,4247,19277,15.720,4.539,5.892e-16,chain3,0
1292,1,z:ilp,nat-oop,4214,19901,15.845,4.723,5.892e-16,chain3,1
1293,1,z:ilp,nat-oop,16424,16993,4.069,1.035,5.807e-16,prime,0
1293,1,z:ilp,nat-oop,21929,18507,3.047,0.844,5.807e-16,prime,1
1294,1,z:ilp,nat-oop,15923,18306,4.200,1.150,6.584e-16,prime,0
1294,1,z:ilp,nat-oop,15121,19536,4.423,1.292,6.584e-16,prime,1
1295,1,z:ilp,nat-oop,5877,16633,11.390,2.830,7.651e-16,flat,0
1295,1,z:ilp,nat-oop,4783,16148,13.997,3.376,7.651e-16,flat,1
1296,1,z:ilp,nat-oop,2244,2963,29.859,1.320,5.418e-16,chain3,0
1296,1,z:ilp,nat-oop,2229,2443,30.057,1.096,5.418e-16,chain3,1
1297,1,z:ilp,nat-oop,12618,14418,5.315,1.143,9.936e-16,prime,0
1297,1,z:ilp,nat-oop,11259,14475,5.956,1.286,9.936e-16,prime,1
1298,1,z:ilp,nat-oop,16910,21226,3.969,1.255,6.133e-16,prime,0
1298,1,z:ilp,nat-oop,15496,22701,4.331,1.465,6.133e-16,prime,1
1299,1,z:ilp,nat-oop,16345,14461,4.110,0.885,5.884e-16,prime,0
1299,1,z:ilp,nat-oop,15288,14446,4.394,0.945,5.884e-16,prime,1
1300,1,z:ilp,nat-oop,3342,2892,20.120,0.865,6.669e-16,flat,0
1300,1,z:ilp,nat-oop,3325,2918,20.222,0.878,6.669e-16,flat,1
1301,1,z:ilp,nat-oop,13633,18555,4.936,1.361,8.135e-16,prime,0
1301,1,z:ilp,nat-oop,13030,18436,5.165,1.415,8.135e-16,prime,1
1302,1,z:ilp,nat-oop,4328,13985,15.561,3.231,6.367e-16,chain3,0
1302,1,z:ilp,nat-oop,4248,14878,15.855,3.502,6.367e-16,chain3,1
1303,1,z:ilp,nat-oop,18266,20559,3.691,1.126,4.486e-16,prime,0
1303,1,z:ilp,nat-oop,15288,20655,4.410,1.351,4.486e-16,prime,1
1304,1,z:ilp,nat-oop,16541,15475,4.079,0.936,5.317e-16,prime,0
1304,1,z:ilp,nat-oop,15537,17131,4.343,1.103,5.317e-16,prime,1
1305,1,z:ilp,nat-oop,3853,14485,17.527,3.759,7.811e-16,chain3,0
1305,1,z:ilp,nat-oop,3991,13999,16.923,3.508,7.811e-16,chain3,1
1306,1,z:ilp,nat-oop,17174,21654,3.936,1.261,5.753e-16,prime,0
1306,1,z:ilp,nat-oop,15797,22042,4.279,1.395,5.753e-16,prime,1
1307,1,z:ilp,nat-oop,17226,19688,3.927,1.143,4.749e-16,prime,0
1307,1,z:ilp,nat-oop,19730,19786,3.429,1.003,4.749e-16,prime,1
1308,1,z:ilp,nat-oop,16902,16298,4.006,0.964,4.921e-16,prime,0
1308,1,z:ilp,nat-oop,17514,15226,3.866,0.869,4.921e-16,prime,1
1309,1,z:ilp,nat-oop,3831,15407,17.691,4.022,9.413e-16,flat,0
1309,1,z:ilp,nat-oop,3704,12744,18.297,3.441,9.413e-16,flat,1
1310,1,z:ilp,nat-oop,15357,19185,4.417,1.249,6.668e-16,prime,0
1310,1,z:ilp,nat-oop,16329,19284,4.154,1.181,6.668e-16,prime,1
1311,1,z:ilp,nat-oop,4131,23529,16.433,5.696,5.598e-16,chain3,0
1311,1,z:ilp,nat-oop,4276,22088,15.876,5.166,5.598e-16,chain3,1
1312,1,z:ilp,nat-oop,4299,28510,15.805,6.632,4.585e-16,2p,0
1312,1,z:ilp,nat-oop,3800,22408,17.883,5.898,4.585e-16,2p,1
1313,1,z:ilp,nat-oop,17256,16325,3.941,0.946,6.065e-16,prime,0
1313,1,z:ilp,nat-oop,16079,16542,4.230,1.029,6.065e-16,prime,1
1314,1,z:ilp,nat-oop,16616,14582,4.096,0.878,5.277e-16,prime,0
1314,1,z:ilp,nat-oop,17893,15420,3.804,0.862,5.277e-16,prime,1
1315,1,z:ilp,nat-oop,18799,18770,3.624,0.998,6.069e-16,prime,0
1315,1,z:ilp,nat-oop,15718,22323,4.334,1.420,6.069e-16,prime,1
1316,1,z:ilp,nat-oop,6565,21158,10.385,3.223,4.514e-16,chain3,0
1316,1,z:ilp,nat-oop,6089,22783,11.198,3.742,4.514e-16,chain3,1
1317,1,z:ilp,nat-oop,16608,19036,4.109,1.146,5.242e-16,prime,0
1317,1,z:ilp,nat-oop,15312,19330,4.457,1.262,5.242e-16,prime,1
1318,1,z:ilp,nat-oop,19349,20750,3.530,1.072,5.733e-16,prime,0
1318,1,z:ilp,nat-oop,16833,20391,4.057,1.211,5.733e-16,prime,1
1319,1,z:ilp,nat-oop,18187,19250,3.759,1.058,7.007e-16,prime,0
1319,1,z:ilp,nat-oop,15280,19467,4.474,1.274,7.007e-16,prime,1
1320,1,z:ilp,nat-oop,2490,3030,27.482,1.217,5.116e-16,chain3,0
1320,1,z:ilp,nat-oop,2501,3159,27.361,1.263,5.116e-16,chain3,1
1321,1,z:ilp,nat-oop,12046,23870,5.685,1.982,6.868e-16,prime,0
1321,1,z:ilp,nat-oop,10091,20196,6.786,2.001,6.868e-16,prime,1
1322,1,z:ilp,nat-oop,16045,20248,4.271,1.262,5.541e-16,prime,0
1322,1,z:ilp,nat-oop,15328,22133,4.471,1.444,5.541e-16,prime,1
1323,1,z:ilp,nat-oop,3467,4809,19.786,1.387,8.310e-16,flat,0
1323,1,z:ilp,nat-oop,3431,4612,19.993,1.344,8.310e-16,flat,1
1324,1,z:ilp,nat-oop,15383,24511,4.463,1.593,6.747e-16,prime,0
1324,1,z:ilp,nat-oop,15386,24182,4.462,1.572,6.747e-16,prime,1
1325,1,z:ilp,nat-oop,15722,22080,4.371,1.404,4.945e-16,prime,0
1325,1,z:ilp,nat-oop,15322,22472,4.485,1.467,4.945e-16,prime,1
1326,1,z:ilp,nat-oop,3770,11839,18.241,3.140,6.180e-16,chain3,0
1326,1,z:ilp,nat-oop,3527,11921,19.499,3.380,6.180e-16,chain3,1
1327,1,z:ilp,nat-oop,11406,19906,6.035,1.745,9.333e-16,prime,0
1327,1,z:ilp,nat-oop,11397,19205,6.039,1.685,9.333e-16,prime,1
1328,1,z:ilp,nat-oop,19527,23898,3.528,1.224,4.568e-16,prime,0
1328,1,z:ilp,nat-oop,16581,19259,4.155,1.162,4.568e-16,prime,1
1329,1,z:ilp,nat-oop,17616,19420,3.914,1.102,5.528e-16,prime,0
1329,1,z:ilp,nat-oop,15786,20171,4.368,1.278,5.528e-16,prime,1
1330,1,z:ilp,nat-oop,4290,10988,16.086,2.561,4.786e-16,chain3,0
1330,1,z:ilp,nat-oop,3248,10769,21.244,3.315,4.786e-16,chain3,1
1331,1,z:ilp,nat-oop,3453,6493,20.001,1.880,4.896e-16,chain3,0
1331,1,z:ilp,nat-oop,3440,6531,20.080,1.899,4.896e-16,chain3,1
1332,1,z:ilp,nat-oop,4095,18589,16.881,4.540,5.537e-16,chain3,0
1332,1,z:ilp,nat-oop,3998,18186,17.289,4.548,5.537e-16,chain3,1
1333,1,z:ilp,nat-oop,6626,31960,10.441,4.823,6.259e-16,2p,0
1333,1,z:ilp,nat-oop,7432,35258,9.309,4.744,6.259e-16,2p,1
1334,1,z:ilp,nat-oop,5674,24814,12.204,4.373,1.473e-15,flat,0
1334,1,z:ilp,nat-oop,5626,25804,12.307,4.586,1.473e-15,flat,1
1335,1,z:ilp,nat-oop,16885,18660,4.104,1.105,7.063e-16,prime,0
1335,1,z:ilp,nat-oop,16731,22182,4.142,1.326,7.063e-16,prime,1
1336,1,z:ilp,nat-oop,18549,18906,3.739,1.019,4.971e-16,prime,0
1336,1,z:ilp,nat-oop,15178,20335,4.570,1.340,4.971e-16,prime,1
1337,1,z:ilp,nat-oop,16369,14755,4.241,0.901,4.654e-16,prime,0
1337,1,z:ilp,nat-oop,15631,14723,4.441,0.942,4.654e-16,prime,1
1338,1,z:ilp,nat-oop,16968,18924,4.095,1.115,5.664e-16,prime,0
1338,1,z:ilp,nat-oop,15668,20889,4.435,1.333,5.664e-16,prime,1
1339,1,z:ilp,nat-oop,15898,22285,4.374,1.402,5.589e-16,prime,0
1339,1,z:ilp,nat-oop,15917,22992,4.369,1.444,5.589e-16,prime,1
1340,1,z:ilp,nat-oop,17192,24282,4.048,1.412,6.349e-16,prime,0
1340,1,z:ilp,nat-oop,15721,24206,4.427,1.540,6.349e-16,prime,1
1341,1,z:ilp,nat-oop,16576,19180,4.202,1.157,5.414e-16,prime,0
1341,1,z:ilp,nat-oop,16164,20905,4.309,1.293,5.414e-16,prime,1
1342,1,z:ilp,nat-oop,17860,16804,3.904,0.941,4.909e-16,prime,0
1342,1,z:ilp,nat-oop,15340,18664,4.545,1.217,4.909e-16,prime,1
1343,1,z:ilp,nat-oop,18961,26710,3.680,1.409,4.613e-16,prime,0
1343,1,z:ilp,nat-oop,20777,29484,3.358,1.419,4.613e-16,prime,1
1344,1,z:ilp,nat-oop,2288,2685,30.524,1.174,4.109e-16,2p,0
1344,1,z:ilp,nat-oop,2226,2471,31.371,1.110,4.109e-16,2p,1
1345,1,z:ilp,nat-oop,15207,21359,4.596,1.405,5.285e-16,prime,0
1345,1,z:ilp,nat-oop,19472,23471,3.590,1.205,5.285e-16,prime,1
1346,1,z:ilp,nat-oop,16603,27609,4.213,1.663,7.937e-16,prime,0
1346,1,z:ilp,nat-oop,15672,20681,4.464,1.320,7.937e-16,prime,1
1347,1,z:ilp,nat-oop,15935,18446,4.394,1.158,5.441e-16,prime,0
1347,1,z:ilp,nat-oop,17051,20429,4.106,1.198,5.441e-16,prime,1
1348,1,z:ilp,nat-oop,16868,25151,4.154,1.491,5.694e-16,prime,0
1348,1,z:ilp,nat-oop,16353,25359,4.285,1.551,5.694e-16,prime,1
1349,1,z:ilp,nat-oop,22143,26698,3.167,1.206,7.263e-16,prime,0
1349,1,z:ilp,nat-oop,15742,30299,4.455,1.925,7.263e-16,prime,1
1350,1,z:ilp,nat-oop,2946,2819,23.830,0.957,4.578e-16,chain3,0
1350,1,z:ilp,nat-oop,2521,2786,27.848,1.106,4.578e-16,chain3,1
1351,1,z:ilp,nat-oop,19657,14198,3.574,0.722,5.051e-16,prime,0
1351,1,z:ilp,nat-oop,15323,16231,4.585,1.059,5.051e-16,prime,1
1352,1,z:ilp,nat-oop,3028,5205,23.219,1.719,6.926e-16,chain3,0
1352,1,z:ilp,nat-oop,3302,5456,21.291,1.652,6.926e-16,chain3,1
1353,1,z:ilp,nat-oop,6491,21595,10.841,3.327,5.101e-16,chain3,0
1353,1,z:ilp,nat-oop,5418,21286,12.987,3.929,5.101e-16,chain3,1
1354,1,z:ilp,nat-oop,16849,25885,4.180,1.536,5.870e-16,prime,0
1354,1,z:ilp,nat-oop,16195,22893,4.349,1.414,5.870e-16,prime,1
1355,1,z:ilp,nat-oop,16600,17615,4.246,1.061,5.841e-16,prime,0
1355,1,z:ilp,nat-oop,16431,18477,4.290,1.125,5.841e-16,prime,1
1356,1,z:ilp,nat-oop,18316,27310,3.852,1.491,5.985e-16,prime,0
1356,1,z:ilp,nat-oop,19843,30152,3.555,1.519,5.985e-16,prime,1
1357,1,z:ilp,nat-oop,17975,30189,3.928,1.679,4.510e-16,prime,0
1357,1,z:ilp,nat-oop,16386,30458,4.309,1.859,4.510e-16,prime,1
1358,1,z:ilp,nat-oop,19337,15311,3.654,0.792,4.399e-16,prime,0
1358,1,z:ilp,nat-oop,15337,16289,4.608,1.062,4.399e-16,prime,1
1359,1,z:ilp,nat-oop,16874,17568,4.191,1.041,5.570e-16,prime,0
1359,1,z:ilp,nat-oop,14970,17690,4.725,1.182,5.570e-16,prime,1
1360,1,z:ilp,nat-oop,2815,11768,25.148,4.181,5.338e-16,chain3,0
1360,1,z:ilp,nat-oop,2728,13025,25.951,4.775,5.338e-16,chain3,1
1361,1,z:ilp,nat-oop,12204,23464,5.805,1.923,8.041e-16,prime,0
1361,1,z:ilp,nat-oop,10467,21116,6.768,2.017,8.041e-16,prime,1
1362,1,z:ilp,nat-oop,15906,17789,4.458,1.118,5.615e-16,prime,0
1362,1,z:ilp,nat-oop,16385,20543,4.327,1.254,5.615e-16,prime,1
1363,1,z:ilp,nat-oop,10996,35999,6.453,3.274,4.542e-16,2p,0
1363,1,z:ilp,nat-oop,10456,36049,6.787,3.448,4.542e-16,2p,1
1364,1,z:ilp,nat-oop,5211,18398,13.630,3.531,7.264e-16,flat,0
1364,1,z:ilp,nat-oop,6236,18566,11.389,2.977,7.264e-16,flat,1
1365,1,z:ilp,nat-oop,3650,4089,19.473,1.120,6.914e-16,chain3,0
1365,1,z:ilp,nat-oop,3478,4376,20.437,1.258,6.914e-16,chain3,1
1366,1,z:ilp,nat-oop,19438,20000,3.660,1.029,6.173e-16,prime,0
1366,1,z:ilp,nat-oop,15690,20162,4.534,1.285,6.173e-16,prime,1
1367,1,z:ilp,nat-oop,16204,19102,4.394,1.179,5.525e-16,prime,0
1367,1,z:ilp,nat-oop,16742,19252,4.253,1.150,5.525e-16,prime,1
1368,1,z:ilp,nat-oop,3168,11426,22.493,3.607,5.912e-16,chain3,0
1368,1,z:ilp,nat-oop,3165,12054,22.511,3.808,5.912e-16,chain3,1
1369,1,z:ilp,nat-oop,10866,32854,6.563,3.023,6.837e-16,2p,0
1369,1,z:ilp,nat-oop,7153,35893,9.970,5.018,6.837e-16,2p,1
1370,1,z:ilp,nat-oop,22029,18425,3.240,0.836,4.484e-16,prime,0
1370,1,z:ilp,nat-oop,18362,21832,3.887,1.189,4.484e-16,prime,1
1371,1,z:ilp,nat-oop,18857,22216,3.788,1.178,5.947e-16,prime,0
1371,1,z:ilp,nat-oop,15910,21794,4.490,1.370,5.947e-16,prime,1
1372,1,z:ilp,nat-oop,3221,3485,22.197,1.082,4.043e-16,flat,0
1372,1,z:ilp,nat-oop,3155,3443,22.660,1.091,4.043e-16,flat,1
1373,1,z:ilp,nat-oop,16229,18613,4.409,1.147,5.536e-16,prime,0
1373,1,z:ilp,nat-oop,15670,22426,4.566,1.431,5.536e-16,prime,1
1374,1,z:ilp,nat-oop,22170,18667,3.230,0.842,4.141e-16,prime,0
1374,1,z:ilp,nat-oop,15758,18539,4.545,1.176,4.141e-16,prime,1
1375,1,z:ilp,nat-oop,2950,5119,24.294,1.735,4.243e-16,chain3,0
1375,1,z:ilp,nat-oop,2974,6049,24.101,2.034,4.243e-16,chain3,1
1376,1,z:ilp,nat-oop,4092,25998,17.532,6.354,4.685e-16,2p,0
1376,1,z:ilp,nat-oop,4760,26476,15.070,5.562,4.685e-16,2p,1
1377,1,z:ilp,nat-oop,3347,11456,21.449,3.423,6.651e-16,chain3,0
1377,1,z:ilp,nat-oop,3539,13041,20.288,3.685,6.651e-16,chain3,1
1378,1,z:ilp,nat-oop,25889,25176,2.775,0.972,4.551e-16,prime,0
1378,1,z:ilp,nat-oop,26393,27176,2.722,1.030,4.551e-16,prime,1
1379,1,z:ilp,nat-oop,17379,20168,4.138,1.161,5.275e-16,prime,0
1379,1,z:ilp,nat-oop,15938,18986,4.512,1.191,5.275e-16,prime,1
1380,1,z:ilp,nat-oop,3659,14856,19.667,4.060,4.387e-16,chain3,0
1380,1,z:ilp,nat-oop,3532,12725,20.379,3.603,4.387e-16,chain3,1
1381,1,z:ilp,nat-oop,14935,20110,4.823,1.346,8.628e-16,prime,0
1381,1,z:ilp,nat-oop,13801,24203,5.219,1.754,8.628e-16,prime,1
1382,1,z:ilp,nat-oop,16810,21996,4.289,1.309,4.924e-16,prime,0
1382,1,z:ilp,nat-oop,16510,25836,4.366,1.565,4.924e-16,prime,1
1383,1,z:ilp,nat-oop,18773,22631,3.843,1.206,5.372e-16,prime,0
1383,1,z:ilp,nat-oop,18216,23533,3.961,1.292,5.372e-16,prime,1
1384,1,z:ilp,nat-oop,17889,20992,4.037,1.173,7.524e-16,prime,0
1384,1,z:ilp,nat-oop,17758,24825,4.066,1.398,7.524e-16,prime,1
1385,1,z:ilp,nat-oop,17714,23375,4.080,1.320,5.785e-16,prime,0
1385,1,z:ilp,nat-oop,15060,24488,4.799,1.626,5.785e-16,prime,1
1386,1,z:ilp,nat-oop,3994,3985,18.108,0.998,5.109e-16,chain3,0
1386,1,z:ilp,nat-oop,3273,4542,22.095,1.388,5.109e-16,chain3,1
1387,1,z:ilp,nat-oop,16560,26575,4.371,1.605,5.040e-16,prime,0
1387,1,z:ilp,nat-oop,15555,26087,4.654,1.677,5.040e-16,prime,1
1388,1,z:ilp,nat-oop,15492,20166,4.676,1.302,5.324e-16,prime,0
1388,1,z:ilp,nat-oop,15569,24035,4.653,1.544,5.324e-16,prime,1
1389,1,z:ilp,nat-oop,15722,17940,4.612,1.141,6.176e-16,prime,0
1389,1,z:ilp,nat-oop,15468,20183,4.687,1.305,6.176e-16,prime,1
1390,1,z:ilp,nat-oop,18100,18629,4.009,1.029,5.446e-16,prime,0
1390,1,z:ilp,nat-oop,20790,18605,3.490,0.895,5.446e-16,prime,1
1391,1,z:ilp,nat-oop,16501,24240,4.401,1.469,5.211e-16,prime,0
1391,1,z:ilp,nat-oop,20317,23132,3.574,1.139,5.211e-16,prime,1
1392,1,z:ilp,nat-oop,6492,20634,11.196,3.179,5.733e-16,flat,0
1392,1,z:ilp,nat-oop,6768,24784,10.740,3.662,5.733e-16,flat,1
1393,1,z:ilp,nat-oop,20100,18186,3.619,0.905,6.331e-16,prime,0
1393,1,z:ilp,nat-oop,20105,18333,3.618,0.912,6.331e-16,prime,1
1394,1,z:ilp,nat-oop,8004,32379,9.095,4.045,1.385e-15,flat,0
1394,1,z:ilp,nat-oop,6509,35109,11.184,5.393,1.385e-15,flat,1
1395,1,z:ilp,nat-oop,6785,16123,10.739,2.376,5.224e-16,flat,0
1395,1,z:ilp,nat-oop,5583,16131,13.051,2.889,5.224e-16,flat,1
1396,1,z:ilp,nat-oop,16119,19105,4.524,1.185,6.102e-16,prime,0
1396,1,z:ilp,nat-oop,16980,19389,4.295,1.142,6.102e-16,prime,1
1397,1,z:ilp,nat-oop,16421,20779,4.444,1.265,5.192e-16,prime,0
1397,1,z:ilp,nat-oop,15781,19627,4.625,1.244,5.192e-16,prime,1
1398,1,z:ilp,nat-oop,16753,17979,4.360,1.073,5.372e-16,prime,0
1398,1,z:ilp,nat-oop,16081,19535,4.542,1.215,5.372e-16,prime,1
1399,1,z:ilp,nat-oop,26552,19656,2.753,0.740,5.798e-16,prime,0
1399,1,z:ilp,nat-oop,16240,19613,4.501,1.208,5.798e-16,prime,1
1400,1,z:ilp,nat-oop,3048,2632,23.999,0.864,4.146e-16,chain3,0
1400,1,z:ilp,nat-oop,3224,2761,22.695,0.857,4.146e-16,chain3,1
1401,1,z:ilp,nat-oop,22738,23407,3.220,1.029,5.883e-16,prime,0
1401,1,z:ilp,nat-oop,19196,18698,3.814,0.974,5.883e-16,prime,1
1402,1,z:ilp,nat-oop,16397,19978,4.469,1.218,7.477e-16,prime,0
1402,1,z:ilp,nat-oop,15336,20412,4.778,1.331,7.477e-16,prime,1
1403,1,z:ilp,nat-oop,15297,26195,4.794,1.712,5.219e-16,prime,0
1403,1,z:ilp,nat-oop,15461,27701,4.743,1.792,5.219e-16,prime,1
1404,1,z:ilp,nat-oop,3407,4617,21.545,1.355,5.604e-16,chain3,0
1404,1,z:ilp,nat-oop,3629,5330,20.224,1.469,5.604e-16,chain3,1
1405,1,z:ilp,nat-oop,18657,19478,3.937,1.044,4.887e-16,prime,0
1405,1,z:ilp,nat-oop,16557,21407,4.437,1.293,4.887e-16,prime,1
1406,1,z:ilp,nat-oop,9258,31621,7.940,3.415,1.511e-15,flat,0
1406,1,z:ilp,nat-oop,6102,32160,12.047,5.270,1.511e-15,flat,1
1407,1,z:ilp,nat-oop,19095,26758,3.853,1.401,5.565e-16,prime,0
1407,1,z:ilp,nat-oop,16485,28731,4.463,1.743,5.565e-16,prime,1
1408,1,z:ilp,nat-oop,2705,3417,27.227,1.264,4.044e-16,chain3,0
1408,1,z:ilp,nat-oop,2610,3382,28.209,1.296,4.044e-16,chain3,1
1409,1,z:ilp,nat-oop,8853,18640,8.324,2.106,5.972e-16,prime,0
1409,1,z:ilp,nat-oop,8674,19037,8.496,2.195,5.972e-16,prime,1
1410,1,z:ilp,nat-oop,6762,20464,10.907,3.026,5.581e-16,flat,0
1410,1,z:ilp,nat-oop,7988,26580,9.234,3.328,5.581e-16,flat,1
1411,1,z:ilp,nat-oop,17794,31441,4.148,1.767,6.460e-16,prime,0
1411,1,z:ilp,nat-oop,15815,34362,4.667,2.173,6.460e-16,prime,1
1412,1,z:ilp,nat-oop,19232,22292,3.841,1.159,5.528e-16,prime,0
1412,1,z:ilp,nat-oop,16443,21116,4.493,1.284,5.528e-16,prime,1
1413,1,z:ilp,nat-oop,16815,16024,4.397,0.953,7.166e-16,prime,0
1413,1,z:ilp,nat-oop,16432,18257,4.499,1.111,7.166e-16,prime,1
1414,1,z:ilp,nat-oop,17546,17040,4.217,0.971,5.241e-16,prime,0
1414,1,z:ilp,nat-oop,16484,17090,4.489,1.037,5.241e-16,prime,1
1415,1,z:ilp,nat-oop,16071,19349,4.608,1.204,6.752e-16,prime,0
1415,1,z:ilp,nat-oop,18215,21784,4.065,1.196,6.752e-16,prime,1
1416,1,z:ilp,nat-oop,21264,20968,3.485,0.986,6.054e-16,prime,0
1416,1,z:ilp,nat-oop,17293,24096,4.286,1.393,6.054e-16,prime,1
1417,1,z:ilp,nat-oop,15441,17318,4.804,1.122,5.883e-16,prime,0
1417,1,z:ilp,nat-oop,16697,20230,4.442,1.212,5.883e-16,prime,1
1418,1,z:ilp,nat-oop,16511,24974,4.496,1.513,5.661e-16,prime,0
1418,1,z:ilp,nat-oop,22585,37740,3.287,1.671,5.661e-16,prime,1
1419,1,z:ilp,nat-oop,6893,25460,10.778,3.694,6.033e-16,flat,0
1419,1,z:ilp,nat-oop,6376,23546,11.651,3.693,6.033e-16,flat,1
1420,1,z:ilp,nat-oop,16819,21257,4.420,1.264,5.500e-16,prime,0
1420,1,z:ilp,nat-oop,20253,23898,3.671,1.180,5.500e-16,prime,1
1421,1,z:ilp,nat-oop,6258,16172,11.891,2.584,5.179e-16,chain3,0
1421,1,z:ilp,nat-oop,4919,16080,15.126,3.269,5.179e-16,chain3,1
1422,1,z:ilp,nat-oop,16335,20885,4.559,1.279,5.102e-16,prime,0
1422,1,z:ilp,nat-oop,16569,20791,4.494,1.255,5.102e-16,prime,1
1423,1,z:ilp,nat-oop,18547,19638,4.018,1.059,5.288e-16,prime,0
1423,1,z:ilp,nat-oop,15838,20340,4.706,1.284,5.288e-16,prime,1
1424,1,z:ilp,nat-oop,15272,19841,4.884,1.299,5.143e-16,prime,0
1424,1,z:ilp,nat-oop,15375,20669,4.851,1.344,5.143e-16,prime,1
1425,1,z:ilp,nat-oop,5364,12465,13.916,2.324,5.904e-16,flat,0
1425,1,z:ilp,nat-oop,4364,12429,17.106,2.848,5.904e-16,flat,1
1426,1,z:ilp,nat-oop,6772,28223,11.031,4.167,1.524e-15,flat,0
1426,1,z:ilp,nat-oop,6430,26872,11.619,4.179,1.524e-15,flat,1
1427,1,z:ilp,nat-oop,19195,18530,3.895,0.965,5.354e-16,prime,0
1427,1,z:ilp,nat-oop,15549,18599,4.809,1.196,5.354e-16,prime,1
1428,1,z:ilp,nat-oop,3044,11022,24.579,3.620,7.174e-16,chain3,0
1428,1,z:ilp,nat-oop,3065,11199,24.411,3.654,7.174e-16,chain3,1
1429,1,z:ilp,nat-oop,14257,19898,5.253,1.396,1.063e-15,prime,0
1429,1,z:ilp,nat-oop,14037,18764,5.335,1.337,1.063e-15,prime,1
1430,1,z:ilp,nat-oop,3159,5064,23.721,1.603,5.559e-16,chain3,0
1430,1,z:ilp,nat-oop,3160,5073,23.718,1.605,5.559e-16,chain3,1
1431,1,z:ilp,nat-oop,15419,23438,4.864,1.520,3.772e-16,prime,0
1431,1,z:ilp,nat-oop,15497,23729,4.840,1.531,3.772e-16,prime,1
1432,1,z:ilp,nat-oop,16371,18846,4.585,1.151,4.462e-16,prime,0
1432,1,z:ilp,nat-oop,18209,18637,4.122,1.024,4.462e-16,prime,1
1433,1,z:ilp,nat-oop,15342,18591,4.897,1.212,5.365e-16,prime,0
1433,1,z:ilp,nat-oop,15278,18509,4.917,1.211,5.365e-16,prime,1
1434,1,z:ilp,nat-oop,15682,17348,4.794,1.106,5.402e-16,prime,0
1434,1,z:ilp,nat-oop,15246,17378,4.931,1.140,5.402e-16,prime,1
1435,1,z:ilp,nat-oop,5675,20028,13.258,3.529,5.160e-16,chain3,0
1435,1,z:ilp,nat-oop,5644,20014,13.331,3.546,5.160e-16,chain3,1
1436,1,z:ilp,nat-oop,15025,18483,5.012,1.230,6.901e-16,prime,0
1436,1,z:ilp,nat-oop,15776,18425,4.773,1.168,6.901e-16,prime,1
1437,1,z:ilp,nat-oop,15666,18438,4.810,1.177,5.384e-16,prime,0
1437,1,z:ilp,nat-oop,15385,18118,4.898,1.178,5.384e-16,prime,1
1438,1,z:ilp,nat-oop,15444,18996,4.884,1.230,6.755e-16,prime,0
1438,1,z:ilp,nat-oop,15540,19256,4.853,1.239,6.755e-16,prime,1
1439,1,z:ilp,nat-oop,15365,18532,4.913,1.206,5.193e-16,prime,0
1439,1,z:ilp,nat-oop,15307,18875,4.931,1.233,5.193e-16,prime,1
1440,1,z:ilp,nat-oop,2307,2537,32.746,1.100,4.408e-16,chain3,0
1440,1,z:ilp,nat-oop,2302,2460,32.812,1.069,4.408e-16,chain3,1
1441,1,z:ilp,nat-oop,15079,22423,5.014,1.487,5.358e-16,prime,0
1441,1,z:ilp,nat-oop,14972,23251,5.049,1.553,5.358e-16,prime,1
1442,1,z:ilp,nat-oop,15059,21823,5.024,1.449,5.571e-16,prime,0
1442,1,z:ilp,nat-oop,15011,21668,5.040,1.443,5.571e-16,prime,1
1443,1,z:ilp,nat-oop,5646,19243,13.412,3.408,6.689e-16,flat,0
1443,1,z:ilp,nat-oop,5828,19269,12.993,3.306,6.689e-16,flat,1
1444,1,z:ilp,nat-oop,4805,22477,15.771,4.678,3.615e-16,chain3,0
1444,1,z:ilp,nat-oop,4777,22545,15.864,4.720,3.615e-16,chain3,1
1445,1,z:ilp,nat-oop,4123,20532,18.394,4.980,6.139e-16,chain3,0
1445,1,z:ilp,nat-oop,4024,20625,18.848,5.126,6.139e-16,chain3,1
1446,1,z:ilp,nat-oop,15400,16253,4.928,1.055,5.181e-16,prime,0
1446,1,z:ilp,nat-oop,15031,16011,5.050,1.065,5.181e-16,prime,1
1447,1,z:ilp,nat-oop,15310,23144,4.962,1.512,7.549e-16,prime,0
1447,1,z:ilp,nat-oop,15079,23380,5.037,1.550,7.549e-16,prime,1
1448,1,z:ilp,nat-oop,16177,15661,4.699,0.968,5.994e-16,prime,0
1448,1,z:ilp,nat-oop,15084,15655,5.040,1.038,5.994e-16,prime,1
1449,1,z:ilp,nat-oop,5027,14591,15.134,2.903,5.372e-16,flat,0
1449,1,z:ilp,nat-oop,5175,14649,14.701,2.831,5.372e-16,flat,1
1450,1,z:ilp,nat-oop,4026,15009,18.910,3.728,4.282e-16,chain3,0
1450,1,z:ilp,nat-oop,4033,14846,18.877,3.681,4.282e-16,chain3,1
1451,1,z:ilp,nat-oop,15650,23215,4.869,1.483,4.978e-16,prime,0
1451,1,z:ilp,nat-oop,15107,23749,5.044,1.572,4.978e-16,prime,1
1452,1,z:ilp,nat-oop,2994,5584,25.470,1.865,4.790e-16,chain3,0
1452,1,z:ilp,nat-oop,3008,5527,25.355,1.838,4.790e-16,chain3,1
1453,1,z:ilp,nat-oop,10168,23206,7.505,2.282,8.172e-16,prime,0
1453,1,z:ilp,nat-oop,10148,24634,7.521,2.428,8.172e-16,prime,1
1454,1,z:ilp,nat-oop,15243,24846,5.011,1.630,6.152e-16,prime,0
1454,1,z:ilp,nat-oop,15299,25218,4.992,1.648,6.152e-16,prime,1
1455,1,z:ilp,nat-oop,16233,16303,4.709,1.004,5.990e-16,prime,0
1455,1,z:ilp,nat-oop,15056,16744,5.077,1.112,5.990e-16,prime,1
1456,1,z:ilp,nat-oop,2636,3579,29.024,1.358,7.731e-16,chain3,0
1456,1,z:ilp,nat-oop,2677,3584,28.581,1.339,7.731e-16,chain3,1
1457,1,z:ilp,nat-oop,11644,34734,6.574,2.983,5.743e-16,2p,0
1457,1,z:ilp,nat-oop,9420,34848,8.127,3.699,5.743e-16,2p,1
1458,1,z:ilp,nat-oop,3294,3871,23.260,1.175,5.499e-16,chain3,0
1458,1,z:ilp,nat-oop,3330,4030,23.008,1.210,5.499e-16,chain3,1
1459,1,z:ilp,nat-oop,14178,18404,5.408,1.298,1.074e-15,prime,0
1459,1,z:ilp,nat-oop,13669,18508,5.610,1.354,1.074e-15,prime,1
1460,1,z:ilp,nat-oop,16340,15591,4.696,0.954,5.104e-16,prime,0
1460,1,z:ilp,nat-oop,16125,16113,4.759,0.999,5.104e-16,prime,1
1461,1,z:ilp,nat-oop,15560,17721,4.936,1.139,5.894e-16,prime,0
1461,1,z:ilp,nat-oop,15413,17683,4.982,1.147,5.894e-16,prime,1
1462,1,z:ilp,nat-oop,6506,31584,11.814,4.855,1.025e-15,flat,0
1462,1,z:ilp,nat-oop,6595,32258,11.654,4.892,1.025e-15,flat,1
1463,1,z:ilp,nat-oop,3920,15549,19.621,3.966,3.706e-16,chain3,0
1463,1,z:ilp,nat-oop,3820,15529,20.137,4.066,3.706e-16,chain3,1
1464,1,z:ilp,nat-oop,16018,15895,4.806,0.992,5.552e-16,prime,0
1464,1,z:ilp,nat-oop,15058,16250,5.112,1.079,5.552e-16,prime,1
1465,1,z:ilp,nat-oop,15140,19696,5.088,1.301,5.674e-16,prime,0
1465,1,z:ilp,nat-oop,14754,19643,5.221,1.331,5.674e-16,prime,1
1466,1,z:ilp,nat-oop,16023,21042,4.811,1.313,7.147e-16,prime,0
1466,1,z:ilp,nat-oop,15278,23829,5.046,1.560,7.147e-16,prime,1
1467,1,z:ilp,nat-oop,15127,20303,5.100,1.342,7.156e-16,prime,0
1467,1,z:ilp,nat-oop,15288,20104,5.047,1.315,7.156e-16,prime,1
1468,1,z:ilp,nat-oop,15855,20828,4.870,1.314,6.077e-16,prime,0
1468,1,z:ilp,nat-oop,15235,21087,5.068,1.384,6.077e-16,prime,1
1469,1,z:ilp,nat-oop,18431,24848,4.193,1.348,5.894e-16,prime,0
1469,1,z:ilp,nat-oop,15443,24407,5.004,1.580,5.894e-16,prime,1
1470,1,z:ilp,nat-oop,2796,3044,27.655,1.089,4.571e-16,chain3,0
1470,1,z:ilp,nat-oop,2825,3038,27.372,1.075,4.571e-16,chain3,1
1471,1,z:ilp,nat-oop,12266,19879,6.309,1.621,9.437e-16,prime,0
1471,1,z:ilp,nat-oop,12384,21010,6.250,1.697,9.437e-16,prime,1
1472,1,z:ilp,nat-oop,4175,12918,18.554,3.094,4.488e-16,2p,0
1472,1,z:ilp,nat-oop,4049,12911,19.128,3.189,4.488e-16,2p,1
1473,1,z:ilp,nat-oop,15463,21676,5.013,1.402,5.090e-16,prime,0
1473,1,z:ilp,nat-oop,15229,20424,5.090,1.341,5.090e-16,prime,1
1474,1,z:ilp,nat-oop,15337,28814,5.058,1.879,6.351e-16,prime,0
1474,1,z:ilp,nat-oop,15660,28342,4.954,1.810,6.351e-16,prime,1
1475,1,z:ilp,nat-oop,18227,20795,4.259,1.141,5.565e-16,prime,0
1475,1,z:ilp,nat-oop,15414,20786,5.036,1.348,5.565e-16,prime,1
1476,1,z:ilp,nat-oop,6097,19843,12.744,3.255,4.668e-16,chain3,0
1476,1,z:ilp,nat-oop,5351,19675,14.518,3.677,4.668e-16,chain3,1
1477,1,z:ilp,nat-oop,16728,19808,4.648,1.184,5.838e-16,prime,0
1477,1,z:ilp,nat-oop,15648,20190,4.969,1.290,5.838e-16,prime,1
1478,1,z:ilp,nat-oop,15537,21374,5.008,1.376,5.525e-16,prime,0
1478,1,z:ilp,nat-oop,15263,21418,5.098,1.403,5.525e-16,prime,1
1479,1,z:ilp,nat-oop,5811,25579,13.401,4.402,1.139e-15,flat,0
1479,1,z:ilp,nat-oop,5614,24921,13.872,4.439,1.139e-15,flat,1
1480,1,z:ilp,nat-oop,5013,18395,15.546,3.670,6.635e-16,flat,0
1480,1,z:ilp,nat-oop,5158,18574,15.110,3.601,6.635e-16,flat,1
1481,1,z:ilp,nat-oop,16036,20299,4.864,1.266,5.684e-16,prime,0
1481,1,z:ilp,nat-oop,15539,20754,5.019,1.336,5.684e-16,prime,1
1482,1,z:ilp,nat-oop,4273,13507,18.267,3.161,6.445e-16,chain3,0
1482,1,z:ilp,nat-oop,4317,13712,18.081,3.176,6.445e-16,chain3,1
1483,1,z:ilp,nat-oop,13541,20363,5.768,1.504,9.149e-16,prime,0
1483,1,z:ilp,nat-oop,13020,20591,5.999,1.581,9.149e-16,prime,1
1484,1,z:ilp,nat-oop,15977,23994,4.893,1.502,4.981e-16,prime,0
1484,1,z:ilp,nat-oop,15758,24651,4.961,1.564,4.981e-16,prime,1
1485,1,z:ilp,nat-oop,3600,4713,21.733,1.309,4.847e-16,chain3,0
1485,1,z:ilp,nat-oop,4281,4603,18.272,1.075,4.847e-16,chain3,1
1486,1,z:ilp,nat-oop,16400,21557,4.774,1.314,5.097e-16,prime,0
1486,1,z:ilp,nat-oop,16652,21424,4.702,1.287,5.097e-16,prime,1
1487,1,z:ilp,nat-oop,16030,20476,4.888,1.277,5.187e-16,prime,0
1487,1,z:ilp,nat-oop,15815,20924,4.954,1.323,5.187e-16,prime,1
1488,1,z:ilp,nat-oop,4062,16301,19.305,4.013,4.907e-16,chain3,0
1488,1,z:ilp,nat-oop,4025,16336,19.482,4.059,4.907e-16,chain3,1
1489,1,z:ilp,nat-oop,16225,20745,4.836,1.279,5.740e-16,prime,0
1489,1,z:ilp,nat-oop,16028,21019,4.896,1.311,5.740e-16,prime,1
1490,1,z:ilp,nat-oop,16550,19139,4.745,1.156,6.044e-16,prime,0
1490,1,z:ilp,nat-oop,15359,20744,5.113,1.351,6.044e-16,prime,1
1491,1,z:ilp,nat-oop,17292,21271,4.545,1.230,4.813e-16,prime,0
1491,1,z:ilp,nat-oop,22046,21954,3.565,0.996,4.813e-16,prime,1
1492,1,z:ilp,nat-oop,17282,23911,4.551,1.384,5.429e-16,prime,0
1492,1,z:ilp,nat-oop,15851,23627,4.962,1.491,5.429e-16,prime,1
1493,1,z:ilp,nat-oop,18323,21885,4.296,1.194,5.860e-16,prime,0
1493,1,z:ilp,nat-oop,19874,24057,3.960,1.210,5.860e-16,prime,1
1494,1,z:ilp,nat-oop,19161,21478,4.111,1.121,5.589e-16,prime,0
1494,1,z:ilp,nat-oop,16765,25309,4.698,1.510,5.589e-16,prime,1
1495,1,z:ilp,nat-oop,4626,16130,17.041,3.487,6.098e-16,chain3,0
1495,1,z:ilp,nat-oop,4545,16097,17.343,3.541,6.098e-16,chain3,1
1496,1,z:ilp,nat-oop,3715,13395,21.238,3.606,4.454e-16,chain3,0
1496,1,z:ilp,nat-oop,3620,13172,21.794,3.639,4.454e-16,chain3,1
1497,1,z:ilp,nat-oop,15791,20944,5.000,1.326,6.479e-16,prime,0
1497,1,z:ilp,nat-oop,15437,20701,5.114,1.341,6.479e-16,prime,1
1498,1,z:ilp,nat-oop,16736,21866,4.721,1.307,6.639e-16,prime,0
1498,1,z:ilp,nat-oop,15071,21939,5.242,1.456,6.639e-16,prime,1
1499,1,z:ilp,nat-oop,15908,20612,4.971,1.296,5.872e-16,prime,0
1499,1,z:ilp,nat-oop,15542,22371,5.087,1.439,5.872e-16,prime,1
1500,1,z:ilp,nat-oop,2818,2977,28.076,1.056,5.308e-16,chain3,0
1500,1,z:ilp,nat-oop,3033,3235,26.090,1.067,5.308e-16,chain3,1
1501,1,z:ilp,nat-oop,17337,32437,4.568,1.871,5.447e-16,prime,0
1501,1,z:ilp,nat-oop,17051,31203,4.644,1.830,5.447e-16,prime,1
1502,1,z:ilp,nat-oop,16042,19529,4.940,1.217,4.948e-16,prime,0
1502,1,z:ilp,nat-oop,15837,17831,5.004,1.126,4.948e-16,prime,1
1503,1,z:ilp,nat-oop,18503,22554,4.286,1.219,6.205e-16,prime,0
1503,1,z:ilp,nat-oop,16335,25124,4.855,1.538,6.205e-16,prime,1
1504,1,z:ilp,nat-oop,4827,24669,16.442,5.110,3.705e-16,2p,0
1504,1,z:ilp,nat-oop,4805,24826,16.518,5.167,3.705e-16,2p,1
1505,1,z:ilp,nat-oop,8492,22502,9.354,2.650,4.457e-16,chain3,0
1505,1,z:ilp,nat-oop,8334,23685,9.531,2.842,4.457e-16,chain3,1
1506,1,z:ilp,nat-oop,16119,17384,4.932,1.078,5.037e-16,prime,0
1506,1,z:ilp,nat-oop,16030,17888,4.959,1.116,5.037e-16,prime,1
1507,1,z:ilp,nat-oop,18633,22389,4.269,1.202,6.149e-16,prime,0
1507,1,z:ilp,nat-oop,31695,22630,2.510,0.714,6.149e-16,prime,1
1508,1,z:ilp,nat-oop,5608,18138,14.195,3.234,1.107e-15,flat,0
1508,1,z:ilp,nat-oop,5409,17908,14.717,3.311,1.107e-15,flat,1
1509,1,z:ilp,nat-oop,15698,19522,5.075,1.244,6.124e-16,prime,0
1509,1,z:ilp,nat-oop,16376,19062,4.865,1.164,6.124e-16,prime,1
1510,1,z:ilp,nat-oop,16641,16493,4.791,0.991,4.398e-16,prime,0
1510,1,z:ilp,nat-oop,17791,16680,4.482,0.938,4.398e-16,prime,1
1511,1,z:ilp,nat-oop,17175,19875,4.646,1.157,7.349e-16,prime,0
1511,1,z:ilp,nat-oop,17043,21108,4.682,1.238,7.349e-16,prime,1
1512,1,z:ilp,nat-oop,3029,3124,26.363,1.031,5.402e-16,chain3,0
1512,1,z:ilp,nat-oop,2992,3146,26.692,1.052,5.402e-16,chain3,1
1513,1,z:ilp,nat-oop,16925,29466,4.722,1.741,5.083e-16,prime,0
1513,1,z:ilp,nat-oop,18662,30713,4.282,1.646,5.083e-16,prime,1
1514,1,z:ilp,nat-oop,17295,19259,4.624,1.114,5.315e-16,prime,0
1514,1,z:ilp,nat-oop,16800,19675,4.760,1.171,5.315e-16,prime,1
1515,1,z:ilp,nat-oop,21231,20127,3.769,0.948,5.864e-16,prime,0
1515,1,z:ilp,nat-oop,16035,16555,4.991,1.032,5.864e-16,prime,1
1516,1,z:ilp,nat-oop,16942,17515,4.727,1.034,6.893e-16,prime,0
1516,1,z:ilp,nat-oop,17432,18640,4.595,1.069,6.893e-16,prime,1
1517,1,z:ilp,nat-oop,8400,36812,9.541,4.382,5.934e-16,2p,0
1517,1,z:ilp,nat-oop,8232,38247,9.737,4.646,5.934e-16,2p,1
1518,1,z:ilp,nat-oop,4475,17748,17.925,3.966,4.776e-16,chain3,0
1518,1,z:ilp,nat-oop,4387,15525,18.285,3.539,4.776e-16,chain3,1
1519,1,z:ilp,nat-oop,5604,16689,14.323,2.978,7.099e-16,flat,0
1519,1,z:ilp,nat-oop,5389,16821,14.894,3.121,7.099e-16,flat,1
1520,1,z:ilp,nat-oop,3375,14107,23.805,4.180,4.635e-16,chain3,0
1520,1,z:ilp,nat-oop,3224,14532,24.919,4.508,4.635e-16,chain3,1
1521,1,z:ilp,nat-oop,3802,5739,21.143,1.509,6.653e-16,chain3,0
1521,1,z:ilp,nat-oop,3773,6070,21.305,1.609,6.653e-16,chain3,1
1522,1,z:ilp,nat-oop,15914,19421,5.055,1.220,4.749e-16,prime,0
1522,1,z:ilp,nat-oop,15856,20793,5.074,1.311,4.749e-16,prime,1
1523,1,z:ilp,nat-oop,15720,21249,5.122,1.352,6.114e-16,prime,0
1523,1,z:ilp,nat-oop,15824,20307,5.088,1.283,6.114e-16,prime,1
1524,1,z:ilp,nat-oop,15911,20574,5.064,1.293,6.288e-16,prime,0
1524,1,z:ilp,nat-oop,18810,20409,4.283,1.085,6.288e-16,prime,1
1525,1,z:ilp,nat-oop,15568,18200,5.179,1.169,4.852e-16,prime,0
1525,1,z:ilp,nat-oop,15797,18529,5.104,1.173,4.852e-16,prime,1
1526,1,z:ilp,nat-oop,17470,18810,4.619,1.077,5.646e-16,prime,0
1526,1,z:ilp,nat-oop,15566,20037,5.184,1.287,5.646e-16,prime,1
1527,1,z:ilp,nat-oop,17884,18047,4.515,1.009,5.927e-16,prime,0
1527,1,z:ilp,nat-oop,15444,18552,5.229,1.201,5.927e-16,prime,1
1528,1,z:ilp,nat-oop,15792,16682,5.117,1.056,3.927e-16,prime,0
1528,1,z:ilp,nat-oop,18634,16620,4.337,0.892,3.927e-16,prime,1
1529,1,z:ilp,nat-oop,15422,25866,5.244,1.677,4.609e-16,prime,0
1529,1,z:ilp,nat-oop,15777,26996,5.126,1.711,4.609e-16,prime,1
1530,1,z:ilp,nat-oop,3456,12655,23.421,3.662,5.004e-16,chain3,0
1530,1,z:ilp,nat-oop,3541,12827,22.859,3.623,5.004e-16,chain3,1
1531,1,z:ilp,nat-oop,11529,19657,7.025,1.705,7.723e-16,prime,0
1531,1,z:ilp,nat-oop,12293,20619,6.588,1.677,7.723e-16,prime,1
1532,1,z:ilp,nat-oop,15453,17195,5.245,1.113,4.933e-16,prime,0
1532,1,z:ilp,nat-oop,15966,19288,5.076,1.208,4.933e-16,prime,1
1533,1,z:ilp,nat-oop,18795,18390,4.316,0.978,4.996e-16,prime,0
1533,1,z:ilp,nat-oop,18115,18404,4.478,1.016,4.996e-16,prime,1
1534,1,z:ilp,nat-oop,15384,21964,5.276,1.428,5.697e-16,prime,0
1534,1,z:ilp,nat-oop,15597,24033,5.204,1.541,5.697e-16,prime,1
1535,1,z:ilp,nat-oop,15760,28552,5.154,1.812,6.922e-16,prime,0
1535,1,z:ilp,nat-oop,18708,29534,4.342,1.579,6.922e-16,prime,1
1536,1,z:ilp,nat-oop,2312,2274,35.166,0.984,3.391e-16,chain3,0
1536,1,z:ilp,nat-oop,2330,2287,34.893,0.982,3.391e-16,chain3,1
1537,1,z:ilp,nat-oop,16931,43356,4.805,2.561,5.415e-16,prime,0
1537,1,z:ilp,nat-oop,17653,41116,4.609,2.329,5.415e-16,prime,1
1538,1,z:ilp,nat-oop,17121,16333,4.755,0.954,5.870e-16,prime,0
1538,1,z:ilp,nat-oop,18513,17779,4.398,0.960,5.870e-16,prime,1
1539,1,z:ilp,nat-oop,3827,14908,21.287,3.895,5.803e-16,chain3,0
1539,1,z:ilp,nat-oop,3969,15401,20.526,3.880,5.803e-16,chain3,1
1540,1,z:ilp,nat-oop,3823,4686,21.325,1.226,4.584e-16,flat,0
1540,1,z:ilp,nat-oop,4360,4276,18.699,0.981,4.584e-16,flat,1
1541,1,z:ilp,nat-oop,19036,39502,4.286,2.075,5.653e-16,prime,0
1541,1,z:ilp,nat-oop,16140,49501,5.055,3.067,5.653e-16,prime,1
1542,1,z:ilp,nat-oop,23771,17871,3.435,0.752,5.564e-16,prime,0
1542,1,z:ilp,nat-oop,18719,17804,4.362,0.951,5.564e-16,prime,1
1543,1,z:ilp,nat-oop,21195,38329,3.855,1.808,4.346e-16,prime,0
1543,1,z:ilp,nat-oop,16688,36446,4.896,2.184,4.346e-16,prime,1
1544,1,z:ilp,nat-oop,19661,16265,4.159,0.827,5.448e-16,prime,0
1544,1,z:ilp,nat-oop,16647,18587,4.912,1.117,5.448e-16,prime,1
1545,1,z:ilp,nat-oop,19514,25053,4.194,1.284,5.379e-16,prime,0
1545,1,z:ilp,nat-oop,15927,23329,5.138,1.465,5.379e-16,prime,1
1546,1,z:ilp,nat-oop,17769,21879,4.609,1.231,5.954e-16,prime,0
1546,1,z:ilp,nat-oop,22690,21412,3.609,0.944,5.954e-16,prime,1
1547,1,z:ilp,nat-oop,5866,17652,13.970,3.009,7.638e-16,flat,0
1547,1,z:ilp,nat-oop,4602,15775,17.809,3.428,7.638e-16,flat,1
1548,1,z:ilp,nat-oop,6568,26091,12.487,3.972,5.394e-16,chain3,0
1548,1,z:ilp,nat-oop,5293,22413,15.495,4.234,5.394e-16,chain3,1
1549,1,z:ilp,nat-oop,16092,31852,5.100,1.979,5.287e-16,prime,0
1549,1,z:ilp,nat-oop,17919,35776,4.580,1.997,5.287e-16,prime,1
1550,1,z:ilp,nat-oop,4744,19019,17.315,4.009,5.967e-16,chain3,0
1550,1,z:ilp,nat-oop,4433,19795,18.528,4.465,5.967e-16,chain3,1
1551,1,z:ilp,nat-oop,8535,25793,9.630,3.022,4.629e-16,chain3,0
1551,1,z:ilp,nat-oop,7701,31250,10.674,4.058,4.629e-16,chain3,1
1552,1,z:ilp,nat-oop,21551,18600,3.817,0.863,5.199e-16,prime,0
1552,1,z:ilp,nat-oop,18339,19474,4.485,1.062,5.199e-16,prime,1
1553,1,z:ilp,nat-oop,15895,32843,5.179,2.066,5.110e-16,prime,0
1553,1,z:ilp,nat-oop,15335,40215,5.368,2.622,5.110e-16,prime,1
1554,1,z:ilp,nat-oop,8984,21344,9.169,2.376,7.831e-16,flat,0
1554,1,z:ilp,nat-oop,7265,25237,11.338,3.474,7.831e-16,flat,1
1555,1,z:ilp,nat-oop,18303,29280,4.504,1.600,8.864e-16,prime,0
1555,1,z:ilp,nat-oop,15926,29272,5.176,1.838,8.864e-16,prime,1
1556,1,z:ilp,nat-oop,16387,19907,5.034,1.215,5.441e-16,prime,0
1556,1,z:ilp,nat-oop,15730,19806,5.244,1.259,5.441e-16,prime,1
1557,1,z:ilp,nat-oop,15945,24305,5.178,1.524,5.039e-16,prime,0
1557,1,z:ilp,nat-oop,15697,24295,5.259,1.548,5.039e-16,prime,1
1558,1,z:ilp,nat-oop,6819,31864,12.116,4.673,1.385e-15,flat,0
1558,1,z:ilp,nat-oop,6844,31909,12.072,4.663,1.385e-15,flat,1
1559,1,z:ilp,nat-oop,15682,32080,5.272,2.046,6.242e-16,prime,0
1559,1,z:ilp,nat-oop,16121,34955,5.129,2.168,6.242e-16,prime,1
1560,1,z:ilp,nat-oop,2992,3641,27.655,1.217,5.034e-16,chain3,0
1560,1,z:ilp,nat-oop,2985,3568,27.714,1.195,5.034e-16,chain3,1
1561,1,z:ilp,nat-oop,15728,23460,5.264,1.492,5.017e-16,prime,0
1561,1,z:ilp,nat-oop,15450,23289,5.359,1.507,5.017e-16,prime,1
1562,1,z:ilp,nat-oop,15729,23995,5.268,1.526,6.996e-16,prime,0
1562,1,z:ilp,nat-oop,15524,21864,5.337,1.408,6.996e-16,prime,1
1563,1,z:ilp,nat-oop,15751,23328,5.264,1.481,6.234e-16,prime,0
1563,1,z:ilp,nat-oop,15396,24085,5.386,1.564,6.234e-16,prime,1
1564,1,z:ilp,nat-oop,5287,25339,15.695,4.793,5.425e-16,chain3,0
1564,1,z:ilp,nat-oop,5099,25611,16.274,5.023,5.425e-16,chain3,1
1565,1,z:ilp,nat-oop,15352,28655,5.409,1.867,5.018e-16,prime,0
1565,1,z:ilp,nat-oop,15621,28610,5.316,1.832,5.018e-16,prime,1
1566,1,z:ilp,nat-oop,5593,16429,14.857,2.937,4.481e-16,chain3,0
1566,1,z:ilp,nat-oop,5031,17022,16.517,3.383,4.481e-16,chain3,1
1567,1,z:ilp,nat-oop,14987,20825,5.549,1.390,6.340e-16,prime,0
1567,1,z:ilp,nat-oop,14971,21071,5.555,1.407,6.340e-16,prime,1
1568,1,z:ilp,nat-oop,2495,2940,33.358,1.178,5.738e-16,chain3,0
1568,1,z:ilp,nat-oop,2558,3079,32.533,1.204,5.738e-16,chain3,1
1569,1,z:ilp,nat-oop,17656,22736,4.717,1.288,5.933e-16,prime,0
1569,1,z:ilp,nat-oop,15093,23513,5.518,1.558,5.933e-16,prime,1
1570,1,z:ilp,nat-oop,15883,19802,5.247,1.247,5.237e-16,prime,0
1570,1,z:ilp,nat-oop,15490,17422,5.380,1.125,5.237e-16,prime,1
1571,1,z:ilp,nat-oop,16360,20473,5.098,1.251,5.778e-16,prime,0
1571,1,z:ilp,nat-oop,15951,21010,5.229,1.317,5.778e-16,prime,1
1572,1,z:ilp,nat-oop,17102,24292,4.880,1.420,6.732e-16,prime,0
1572,1,z:ilp,nat-oop,15565,25839,5.362,1.660,6.732e-16,prime,1
1573,1,z:ilp,nat-oop,4086,7747,20.443,1.896,6.593e-16,chain3,0
1573,1,z:ilp,nat-oop,4645,8402,17.981,1.809,6.593e-16,chain3,1
1574,1,z:ilp,nat-oop,16306,21041,5.126,1.290,5.615e-16,prime,0
1574,1,z:ilp,nat-oop,15726,23875,5.315,1.518,5.615e-16,prime,1
1575,1,z:ilp,nat-oop,4528,4617,18.473,1.020,4.631e-16,flat,0
1575,1,z:ilp,nat-oop,3976,4534,21.038,1.140,4.631e-16,flat,1
1576,1,z:ilp,nat-oop,18990,23094,4.408,1.216,4.925e-16,prime,0
1576,1,z:ilp,nat-oop,16145,20531,5.184,1.272,4.925e-16,prime,1
1577,1,z:ilp,nat-oop,15985,32391,5.240,2.026,5.271e-16,prime,0
1577,1,z:ilp,nat-oop,18513,35769,4.525,1.932,5.271e-16,prime,1
1578,1,z:ilp,nat-oop,15848,22950,5.289,1.448,5.931e-16,prime,0
1578,1,z:ilp,nat-oop,19062,25867,4.397,1.357,5.931e-16,prime,1
1579,1,z:ilp,nat-oop,18388,20853,4.562,1.134,4.590e-16,prime,0
1579,1,z:ilp,nat-oop,15542,21327,5.397,1.372,4.590e-16,prime,1
1580,1,z:ilp,nat-oop,19439,21602,4.318,1.111,4.477e-16,prime,0
1580,1,z:ilp,nat-oop,15458,22975,5.430,1.486,4.477e-16,prime,1
1581,1,z:ilp,nat-oop,7729,29071,10.868,3.761,4.924e-16,chain3,0
1581,1,z:ilp,nat-oop,6043,30394,13.901,5.030,4.924e-16,chain3,1
1582,1,z:ilp,nat-oop,15626,25650,5.380,1.641,5.040e-16,prime,0
1582,1,z:ilp,nat-oop,15349,26796,5.477,1.746,5.040e-16,prime,1
1583,1,z:ilp,nat-oop,15556,20748,5.408,1.334,5.476e-16,prime,0
1583,1,z:ilp,nat-oop,18502,21149,4.547,1.143,5.476e-16,prime,1
1584,1,z:ilp,nat-oop,2876,4067,29.270,1.414,4.464e-16,chain3,0
1584,1,z:ilp,nat-oop,2871,4064,29.325,1.416,4.464e-16,chain3,1
1585,1,z:ilp,nat-oop,18633,17779,4.521,0.954,4.985e-16,prime,0
1585,1,z:ilp,nat-oop,15351,19832,5.488,1.292,4.985e-16,prime,1
1586,1,z:ilp,nat-oop,16188,19246,5.208,1.189,5.414e-16,prime,0
1586,1,z:ilp,nat-oop,18705,20589,4.507,1.101,5.414e-16,prime,1
1587,1,z:ilp,nat-oop,6035,27826,13.980,4.611,1.377e-15,flat,0
1587,1,z:ilp,nat-oop,6072,27969,13.894,4.606,1.377e-15,flat,1
1588,1,z:ilp,nat-oop,18406,20446,4.587,1.111,6.308e-16,prime,0
1588,1,z:ilp,nat-oop,15559,20992,5.426,1.349,6.308e-16,prime,1
1589,1,z:ilp,nat-oop,18940,20093,4.461,1.061,4.937e-16,prime,0
1589,1,z:ilp,nat-oop,20004,20069,4.224,1.003,4.937e-16,prime,1
1590,1,z:ilp,nat-oop,15495,26579,5.456,1.715,4.499e-16,prime,0
1590,1,z:ilp,nat-oop,15807,27021,5.349,1.709,4.499e-16,prime,1
1591,1,z:ilp,nat-oop,10181,38838,8.310,3.815,5.810e-16,2p,0
1591,1,z:ilp,nat-oop,10176,38829,8.314,3.816,5.810e-16,2p,1
1592,1,z:ilp,nat-oop,20360,19855,4.158,0.975,5.752e-16,prime,0
1592,1,z:ilp,nat-oop,16798,22873,5.040,1.362,5.752e-16,prime,1
1593,1,z:ilp,nat-oop,20401,21624,4.153,1.060,6.769e-16,prime,0
1593,1,z:ilp,nat-oop,16886,25760,5.018,1.526,6.769e-16,prime,1
1594,1,z:ilp,nat-oop,16978,24813,4.994,1.461,6.968e-16,prime,0
1594,1,z:ilp,nat-oop,19294,27431,4.395,1.422,6.968e-16,prime,1
1595,1,z:ilp,nat-oop,5742,20868,14.777,3.634,5.835e-16,flat,0
1595,1,z:ilp,nat-oop,5527,18994,15.351,3.436,5.835e-16,flat,1
1596,1,z:ilp,nat-oop,3661,13317,23.193,3.637,5.228e-16,chain3,0
1596,1,z:ilp,nat-oop,3660,13531,23.196,3.697,5.228e-16,chain3,1
1597,1,z:ilp,nat-oop,16041,20402,5.297,1.272,7.147e-16,prime,0
1597,1,z:ilp,nat-oop,15584,20766,5.452,1.333,7.147e-16,prime,1
1598,1,z:ilp,nat-oop,7309,35141,11.633,4.808,1.587e-15,flat,0
1598,1,z:ilp,nat-oop,7200,37490,11.809,5.207,1.587e-15,flat,1
1599,1,z:ilp,nat-oop,6160,22898,13.814,3.717,5.531e-16,chain3,0
1599,1,z:ilp,nat-oop,6021,22874,14.133,3.799,5.531e-16,chain3,1
1600,1,z:ilp,nat-oop,2551,3150,33.377,1.235,3.381e-16,chain3,0
1600,1,z:ilp,nat-oop,2542,2769,33.495,1.089,3.381e-16,chain3,1
1601,1,z:ilp,nat-oop,9632,17127,8.846,1.778,5.810e-16,prime,0
1601,1,z:ilp,nat-oop,9632,18725,8.847,1.944,5.810e-16,prime,1
1602,1,z:ilp,nat-oop,15818,21169,5.391,1.338,4.578e-16,prime,0
1602,1,z:ilp,nat-oop,15423,21502,5.529,1.394,4.578e-16,prime,1
1603,1,z:ilp,nat-oop,17340,20344,4.921,1.173,4.643e-16,prime,0
1603,1,z:ilp,nat-oop,15448,20400,5.524,1.321,4.643e-16,prime,1
1604,1,z:ilp,nat-oop,16048,16477,5.321,1.027,4.034e-16,prime,0
1604,1,z:ilp,nat-oop,15666,16341,5.451,1.043,4.034e-16,prime,1
1605,1,z:ilp,nat-oop,15393,23290,5.552,1.513,5.345e-16,prime,0
1605,1,z:ilp,nat-oop,15307,23672,5.583,1.547,5.345e-16,prime,1
1606,1,z:ilp,nat-oop,15504,20915,5.516,1.349,5.571e-16,prime,0
1606,1,z:ilp,nat-oop,14869,21009,5.751,1.413,5.571e-16,prime,1
1607,1,z:ilp,nat-oop,18196,24073,4.703,1.323,6.053e-16,prime,0
1607,1,z:ilp,nat-oop,15567,24142,5.497,1.551,6.053e-16,prime,1
1608,1,z:ilp,nat-oop,15616,27841,5.484,1.783,5.606e-16,prime,0
1608,1,z:ilp,nat-oop,15322,28631,5.589,1.869,5.606e-16,prime,1
1609,1,z:ilp,nat-oop,18439,24474,4.648,1.327,6.190e-16,prime,0
1609,1,z:ilp,nat-oop,15479,29042,5.536,1.876,6.190e-16,prime,1
1610,1,z:ilp,nat-oop,4022,14349,21.321,3.568,4.672e-16,chain3,0
1610,1,z:ilp,nat-oop,4019,14358,21.340,3.573,4.672e-16,chain3,1
1611,1,z:ilp,nat-oop,15574,22707,5.510,1.458,6.240e-16,prime,0
1611,1,z:ilp,nat-oop,14919,22771,5.752,1.526,6.240e-16,prime,1
1612,1,z:ilp,nat-oop,6368,19194,13.486,3.014,7.857e-16,flat,0
1612,1,z:ilp,nat-oop,6062,19221,14.167,3.171,7.857e-16,flat,1
1613,1,z:ilp,nat-oop,15299,24196,5.617,1.582,4.681e-16,prime,0
1613,1,z:ilp,nat-oop,15698,23891,5.474,1.522,4.681e-16,prime,1
1614,1,z:ilp,nat-oop,17520,22074,4.908,1.260,5.614e-16,prime,0
1614,1,z:ilp,nat-oop,15444,22805,5.568,1.477,5.614e-16,prime,1
1615,1,z:ilp,nat-oop,5621,23015,15.309,4.094,5.376e-16,chain3,0
1615,1,z:ilp,nat-oop,5100,23096,16.873,4.528,5.376e-16,chain3,1
1616,1,z:ilp,nat-oop,16032,16867,5.372,1.052,4.936e-16,prime,0
1616,1,z:ilp,nat-oop,15528,17056,5.546,1.098,4.936e-16,prime,1
1617,1,z:ilp,nat-oop,3974,5561,21.688,1.399,4.592e-16,chain3,0
1617,1,z:ilp,nat-oop,3865,5556,22.298,1.438,4.592e-16,chain3,1
1618,1,z:ilp,nat-oop,15409,23309,5.597,1.513,5.604e-16,prime,0
1618,1,z:ilp,nat-oop,15415,23679,5.594,1.536,5.604e-16,prime,1
1619,1,z:ilp,nat-oop,16341,24075,5.281,1.473,7.939e-16,prime,0
1619,1,z:ilp,nat-oop,15529,25389,5.557,1.635,7.939e-16,prime,1
1620,1,z:ilp,nat-oop,3001,3311,28.781,1.103,5.985e-16,chain3,0
1620,1,z:ilp,nat-oop,3115,3263,27.723,1.047,5.985e-16,chain3,1
1621,1,z:ilp,nat-oop,15600,18576,5.540,1.191,5.529e-16,prime,0
1621,1,z:ilp,nat-oop,16055,18403,5.383,1.146,5.529e-16,prime,1
1622,1,z:ilp,nat-oop,15355,19572,5.632,1.275,5.521e-16,prime,0
1622,1,z:ilp,nat-oop,15488,20213,5.584,1.305,5.521e-16,prime,1
1623,1,z:ilp,nat-oop,16232,19535,5.332,1.203,4.587e-16,prime,0
1623,1,z:ilp,nat-oop,15632,19295,5.536,1.234,4.587e-16,prime,1
1624,1,z:ilp,nat-oop,5150,19964,16.816,3.877,6.573e-16,flat,0
1624,1,z:ilp,nat-oop,5084,20493,17.035,4.031,6.573e-16,flat,1
1625,1,z:ilp,nat-oop,4469,7079,19.391,1.584,6.583e-16,flat,0
1625,1,z:ilp,nat-oop,4440,7127,19.520,1.605,6.583e-16,flat,1
1626,1,z:ilp,nat-oop,18055,18726,4.803,1.037,5.544e-16,prime,0
1626,1,z:ilp,nat-oop,15042,18665,5.765,1.241,5.544e-16,prime,1
1627,1,z:ilp,nat-oop,15027,31438,5.775,2.092,6.762e-16,prime,0
1627,1,z:ilp,nat-oop,15000,31574,5.786,2.105,6.762e-16,prime,1
1628,1,z:ilp,nat-oop,6877,22596,12.629,3.286,4.635e-16,chain3,0
1628,1,z:ilp,nat-oop,6518,22062,13.324,3.385,4.635e-16,chain3,1
1629,1,z:ilp,nat-oop,14959,17762,5.809,1.187,4.958e-16,prime,0
1629,1,z:ilp,nat-oop,15010,17602,5.790,1.173,4.958e-16,prime,1
1630,1,z:ilp,nat-oop,15716,19383,5.534,1.233,6.775e-16,prime,0
1630,1,z:ilp,nat-oop,16001,19468,5.435,1.217,6.775e-16,prime,1
1631,1,z:ilp,nat-oop,15495,21028,5.617,1.357,6.565e-16,prime,0
1631,1,z:ilp,nat-oop,14873,21966,5.851,1.477,6.565e-16,prime,1
1632,1,z:ilp,nat-oop,3391,12007,25.682,3.541,4.531e-16,chain3,0
1632,1,z:ilp,nat-oop,3434,12396,25.360,3.610,4.531e-16,chain3,1
1633,1,z:ilp,nat-oop,15534,33370,5.610,2.148,5.080e-16,prime,0
1633,1,z:ilp,nat-oop,15463,34663,5.636,2.242,5.080e-16,prime,1
1634,1,z:ilp,nat-oop,7851,35154,11.108,4.478,8.302e-16,flat,0
1634,1,z:ilp,nat-oop,7473,37639,11.670,5.037,8.302e-16,flat,1
1635,1,z:ilp,nat-oop,15434,19252,5.654,1.247,5.538e-16,prime,0
1635,1,z:ilp,nat-oop,15395,19278,5.669,1.252,5.538e-16,prime,1
1636,1,z:ilp,nat-oop,15437,22564,5.657,1.462,6.980e-16,prime,0
1636,1,z:ilp,nat-oop,15576,22232,5.607,1.427,6.980e-16,prime,1
1637,1,z:ilp,nat-oop,15092,31508,5.791,2.088,5.427e-16,prime,0
1637,1,z:ilp,nat-oop,15073,31897,5.798,2.116,5.427e-16,prime,1
1638,1,z:ilp,nat-oop,4371,4626,20.009,1.058,5.476e-16,chain3,0
1638,1,z:ilp,nat-oop,4021,4614,21.750,1.147,5.476e-16,chain3,1
1639,1,z:ilp,nat-oop,15597,24556,5.611,1.574,5.786e-16,prime,0
1639,1,z:ilp,nat-oop,15380,24405,5.690,1.587,5.786e-16,prime,1
1640,1,z:ilp,nat-oop,5825,26033,15.033,4.469,8.067e-16,flat,0
1640,1,z:ilp,nat-oop,5710,26451,15.337,4.632,8.067e-16,flat,1
1641,1,z:ilp,nat-oop,15435,31840,5.678,2.063,6.606e-16,prime,0
1641,1,z:ilp,nat-oop,15353,30581,5.708,1.992,6.606e-16,prime,1
1642,1,z:ilp,nat-oop,23192,23141,3.781,0.998,6.889e-16,prime,0
1642,1,z:ilp,nat-oop,15384,25412,5.700,1.652,6.889e-16,prime,1
1643,1,z:ilp,nat-oop,15709,42016,5.586,2.675,6.004e-16,prime,0
1643,1,z:ilp,nat-oop,15735,44768,5.577,2.845,6.004e-16,prime,1
1644,1,z:ilp,nat-oop,18211,22249,4.822,1.222,6.004e-16,prime,0
1644,1,z:ilp,nat-oop,15487,22769,5.670,1.470,6.004e-16,prime,1
1645,1,z:ilp,nat-oop,7724,25396,11.377,3.288,5.634e-16,flat,0
1645,1,z:ilp,nat-oop,7469,25933,11.765,3.472,5.634e-16,flat,1
1646,1,z:ilp,nat-oop,15562,22982,5.651,1.477,6.251e-16,prime,0
1646,1,z:ilp,nat-oop,17765,22961,4.950,1.292,6.251e-16,prime,1
1647,1,z:ilp,nat-oop,15362,20283,5.728,1.320,4.672e-16,prime,0
1647,1,z:ilp,nat-oop,15424,20145,5.705,1.306,4.672e-16,prime,1
1648,1,z:ilp,nat-oop,15509,24216,5.678,1.561,6.345e-16,prime,0
1648,1,z:ilp,nat-oop,18081,25208,4.870,1.394,6.345e-16,prime,1
1649,1,z:ilp,nat-oop,22823,27254,3.861,1.194,4.601e-16,prime,0
1649,1,z:ilp,nat-oop,15796,27274,5.578,1.727,4.601e-16,prime,1
1650,1,z:ilp,nat-oop,3335,3972,26.438,1.191,3.914e-16,chain3,0
1650,1,z:ilp,nat-oop,3355,4166,26.285,1.242,3.914e-16,chain3,1
1651,1,z:ilp,nat-oop,15561,21196,5.671,1.362,4.197e-16,prime,0
1651,1,z:ilp,nat-oop,15443,22491,5.714,1.456,4.197e-16,prime,1
1652,1,z:ilp,nat-oop,15465,25082,5.710,1.622,4.874e-16,prime,0
1652,1,z:ilp,nat-oop,15361,25208,5.748,1.641,4.874e-16,prime,1
1653,1,z:ilp,nat-oop,5735,30553,15.408,5.328,4.631e-16,chain3,0
1653,1,z:ilp,nat-oop,5747,30391,15.375,5.288,4.631e-16,chain3,1
1654,1,z:ilp,nat-oop,15818,23232,5.590,1.469,6.553e-16,prime,0
1654,1,z:ilp,nat-oop,15662,25416,5.645,1.623,6.553e-16,prime,1
1655,1,z:ilp,nat-oop,16021,28943,5.523,1.807,5.560e-16,prime,0
1655,1,z:ilp,nat-oop,15534,28831,5.696,1.856,5.560e-16,prime,1
1656,1,z:ilp,nat-oop,4162,14869,21.274,3.573,5.330e-16,chain3,0
1656,1,z:ilp,nat-oop,4159,14694,21.291,3.533,5.330e-16,chain3,1
1657,1,z:ilp,nat-oop,16053,31722,5.519,1.976,6.169e-16,prime,0
1657,1,z:ilp,nat-oop,15646,31885,5.663,2.038,6.169e-16,prime,1
1658,1,z:ilp,nat-oop,15843,24420,5.596,1.541,6.363e-16,prime,0
1658,1,z:ilp,nat-oop,15526,23511,5.711,1.514,6.363e-16,prime,1
1659,1,z:ilp,nat-oop,15809,23976,5.612,1.517,6.279e-16,prime,0
1659,1,z:ilp,nat-oop,15458,24377,5.740,1.577,6.279e-16,prime,1
1660,1,z:ilp,nat-oop,15525,25261,5.719,1.627,6.097e-16,prime,0
1660,1,z:ilp,nat-oop,16365,25249,5.425,1.543,6.097e-16,prime,1
1661,1,z:ilp,nat-oop,15832,19899,5.612,1.257,4.977e-16,prime,0
1661,1,z:ilp,nat-oop,16052,20223,5.535,1.260,4.977e-16,prime,1
1662,1,z:ilp,nat-oop,16087,25445,5.526,1.582,5.933e-16,prime,0
1662,1,z:ilp,nat-oop,15515,23240,5.730,1.498,5.933e-16,prime,1
1663,1,z:ilp,nat-oop,15649,32193,5.685,2.057,5.096e-16,prime,0
1663,1,z:ilp,nat-oop,15476,32018,5.749,2.069,5.096e-16,prime,1
1664,1,z:ilp,nat-oop,3210,3959,27.732,1.233,4.609e-16,chain3,0
1664,1,z:ilp,nat-oop,2919,3928,30.498,1.346,4.609e-16,chain3,1
1665,1,z:ilp,nat-oop,6701,20781,13.294,3.101,4.838e-16,chain3,0
1665,1,z:ilp,nat-oop,6779,20899,13.141,3.083,4.838e-16,chain3,1
1666,1,z:ilp,nat-oop,4988,13454,17.872,2.697,7.666e-16,flat,0
1666,1,z:ilp,nat-oop,5226,13825,17.058,2.645,7.666e-16,flat,1
1667,1,z:ilp,nat-oop,15316,32255,5.824,2.106,5.685e-16,prime,0
1667,1,z:ilp,nat-oop,16134,32258,5.529,1.999,5.685e-16,prime,1
1668,1,z:ilp,nat-oop,16789,22935,5.317,1.366,5.177e-16,prime,0
1668,1,z:ilp,nat-oop,15334,22037,5.822,1.437,5.177e-16,prime,1
1669,1,z:ilp,nat-oop,16148,32061,5.532,1.985,6.420e-16,prime,0
1669,1,z:ilp,nat-oop,16045,31940,5.568,1.991,6.420e-16,prime,1
1670,1,z:ilp,nat-oop,15745,23106,5.678,1.468,5.951e-16,prime,0
1670,1,z:ilp,nat-oop,15718,23655,5.687,1.505,5.951e-16,prime,1
1671,1,z:ilp,nat-oop,15755,30713,5.678,1.949,5.965e-16,prime,0
1671,1,z:ilp,nat-oop,15097,30670,5.925,2.032,5.965e-16,prime,1
1672,1,z:ilp,nat-oop,4229,15147,21.168,3.582,4.962e-16,chain3,0
1672,1,z:ilp,nat-oop,4333,15186,20.660,3.505,4.962e-16,chain3,1
1673,1,z:ilp,nat-oop,18862,20706,4.749,1.098,6.256e-16,prime,0
1673,1,z:ilp,nat-oop,15878,20180,5.641,1.271,6.256e-16,prime,1
1674,1,z:ilp,nat-oop,6252,18152,14.338,2.904,8.257e-16,flat,0
1674,1,z:ilp,nat-oop,6095,19474,14.706,3.195,8.257e-16,flat,1
1675,1,z:ilp,nat-oop,15361,29339,5.839,1.910,5.499e-16,prime,0
1675,1,z:ilp,nat-oop,16297,30715,5.504,1.885,5.499e-16,prime,1
1676,1,z:ilp,nat-oop,15389,22089,5.833,1.435,7.230e-16,prime,0
1676,1,z:ilp,nat-oop,15364,22280,5.842,1.450,7.230e-16,prime,1
1677,1,z:ilp,nat-oop,6424,26994,13.981,4.202,6.982e-16,chain3,0
1677,1,z:ilp,nat-oop,6429,27556,13.971,4.286,6.982e-16,chain3,1
1678,1,z:ilp,nat-oop,15581,23240,5.769,1.492,6.200e-16,prime,0
1678,1,z:ilp,nat-oop,15348,24365,5.856,1.588,6.200e-16,prime,1
1679,1,z:ilp,nat-oop,15342,31468,5.862,2.051,6.082e-16,prime,0
1679,1,z:ilp,nat-oop,15063,32284,5.971,2.143,6.082e-16,prime,1
1680,1,z:ilp,nat-oop,2857,3273,31.497,1.145,4.316e-16,chain3,0
1680,1,z:ilp,nat-oop,2845,3037,31.631,1.067,4.316e-16,chain3,1
1681,1,z:ilp,nat-oop,10630,42384,8.472,3.987,4.330e-16,2p,0
1681,1,z:ilp,nat-oop,9409,44238,9.572,4.702,4.330e-16,2p,1
1682,1,z:ilp,nat-oop,7389,32740,12.197,4.431,1.704e-15,flat,0
1682,1,z:ilp,nat-oop,7385,33693,12.203,4.562,1.704e-15,flat,1
1683,1,z:ilp,nat-oop,4358,18209,20.695,4.179,7.194e-16,chain3,0
1683,1,z:ilp,nat-oop,6217,21107,14.506,3.395,7.194e-16,chain3,1
1684,1,z:ilp,nat-oop,25513,32009,3.537,1.255,7.469e-16,prime,0
1684,1,z:ilp,nat-oop,21422,32124,4.213,1.500,7.469e-16,prime,1
1685,1,z:ilp,nat-oop,22273,42202,4.054,1.895,6.455e-16,prime,0
1685,1,z:ilp,nat-oop,15505,29684,5.824,1.914,6.455e-16,prime,1
1686,1,z:ilp,nat-oop,15722,22467,5.748,1.429,6.475e-16,prime,0
1686,1,z:ilp,nat-oop,18363,22288,4.921,1.214,6.475e-16,prime,1
1687,1,z:ilp,nat-oop,15460,17751,5.849,1.148,6.230e-16,prime,0
1687,1,z:ilp,nat-oop,15530,17745,5.822,1.143,6.230e-16,prime,1
1688,1,z:ilp,nat-oop,15960,23553,5.670,1.476,6.033e-16,prime,0
1688,1,z:ilp,nat-oop,18367,24311,4.927,1.324,6.033e-16,prime,1
1689,1,z:ilp,nat-oop,15394,31153,5.882,2.024,5.280e-16,prime,0
1689,1,z:ilp,nat-oop,18238,30818,4.965,1.690,5.280e-16,prime,1
1690,1,z:ilp,nat-oop,3855,6495,23.503,1.685,6.267e-16,chain3,0
1690,1,z:ilp,nat-oop,3961,6061,22.874,1.530,6.267e-16,chain3,1
1691,1,z:ilp,nat-oop,15727,34003,5.765,2.162,5.661e-16,prime,0
1691,1,z:ilp,nat-oop,15762,35160,5.752,2.231,5.661e-16,prime,1
1692,1,z:ilp,nat-oop,5750,24917,15.779,4.333,5.011e-16,chain3,0
1692,1,z:ilp,nat-oop,5796,25143,15.654,4.338,5.011e-16,chain3,1
1693,1,z:ilp,nat-oop,15387,24254,5.901,1.576,6.075e-16,prime,0
1693,1,z:ilp,nat-oop,15393,23354,5.898,1.517,6.075e-16,prime,1
1694,1,z:ilp,nat-oop,5115,6962,17.762,1.361,9.485e-16,flat,0
1694,1,z:ilp,nat-oop,4853,6949,18.719,1.432,9.485e-16,flat,1
1695,1,z:ilp,nat-oop,15723,27044,5.782,1.720,7.345e-16,prime,0
1695,1,z:ilp,nat-oop,18225,27535,4.988,1.511,7.345e-16,prime,1
1696,1,z:ilp,nat-oop,19169,33522,4.746,1.749,4.387e-16,prime,0
1696,1,z:ilp,nat-oop,15708,34128,5.792,2.173,4.387e-16,prime,1
1697,1,z:ilp,nat-oop,15523,23141,5.864,1.491,5.527e-16,prime,0
1697,1,z:ilp,nat-oop,15337,23495,5.936,1.532,5.527e-16,prime,1
1698,1,z:ilp,nat-oop,20943,22055,4.350,1.053,5.606e-16,prime,0
1698,1,z:ilp,nat-oop,15372,22575,5.926,1.469,5.606e-16,prime,1
1699,1,z:ilp,nat-oop,14951,23274,6.097,1.557,6.336e-16,prime,0
1699,1,z:ilp,nat-oop,19953,24401,4.569,1.223,6.336e-16,prime,1
1700,1,z:ilp,nat-oop,3811,13430,23.934,3.524,5.488e-16,chain3,0
1700,1,z:ilp,nat-oop,3846,13396,23.715,3.483,5.488e-16,chain3,1
1701,1,z:ilp,nat-oop,3547,5795,25.734,1.634,4.680e-16,chain3,0
1701,1,z:ilp,nat-oop,3473,5810,26.281,1.673,4.680e-16,chain3,1
1702,1,z:ilp,nat-oop,7352,34083,12.424,4.636,1.343e-15,flat,0
1702,1,z:ilp,nat-oop,7329,34333,12.463,4.685,1.343e-15,flat,1
1703,1,z:ilp,nat-oop,15436,26653,5.921,1.727,5.694e-16,prime,0
1703,1,z:ilp,nat-oop,14956,28532,6.111,1.908,5.694e-16,prime,1
1704,1,z:ilp,nat-oop,15056,21418,6.075,1.423,5.044e-16,prime,0
1704,1,z:ilp,nat-oop,15076,21362,6.066,1.417,5.044e-16,prime,1
1705,1,z:ilp,nat-oop,7471,20526,12.250,2.747,5.389e-16,chain3,0
1705,1,z:ilp,nat-oop,7116,20841,12.862,2.929,5.389e-16,chain3,1
1706,1,z:ilp,nat-oop,15138,23104,6.050,1.526,7.040e-16,prime,0
1706,1,z:ilp,nat-oop,15493,23277,5.911,1.502,7.040e-16,prime,1
1707,1,z:ilp,nat-oop,15607,22646,5.872,1.451,6.203e-16,prime,0
1707,1,z:ilp,nat-oop,15062,25420,6.084,1.688,6.203e-16,prime,1
1708,1,z:ilp,nat-oop,15162,18736,6.048,1.236,4.913e-16,prime,0
1708,1,z:ilp,nat-oop,15246,18850,6.015,1.236,4.913e-16,prime,1
1709,1,z:ilp,nat-oop,15736,23687,5.832,1.505,5.953e-16,prime,0
1709,1,z:ilp,nat-oop,15793,23734,5.810,1.503,5.953e-16,prime,1
1710,1,z:ilp,nat-oop,4232,15383,21.698,3.635,5.129e-16,chain3,0
1710,1,z:ilp,nat-oop,4248,13848,21.614,3.260,5.129e-16,chain3,1
1711,1,z:ilp,nat-oop,18822,37938,4.882,2.016,6.797e-16,prime,0
1711,1,z:ilp,nat-oop,18230,38549,5.040,2.115,6.797e-16,prime,1
1712,1,z:ilp,nat-oop,15270,24181,6.021,1.584,6.758e-16,prime,0
1712,1,z:ilp,nat-oop,14880,24242,6.179,1.629,6.758e-16,prime,1
1713,1,z:ilp,nat-oop,15071,22553,6.105,1.496,5.450e-16,prime,0
1713,1,z:ilp,nat-oop,15070,22881,6.105,1.518,5.450e-16,prime,1
1714,1,z:ilp,nat-oop,15899,23891,5.791,1.503,6.205e-16,prime,0
1714,1,z:ilp,nat-oop,14982,23282,6.145,1.554,6.205e-16,prime,1
1715,1,z:ilp,nat-oop,4447,6344,20.715,1.426,4.926e-16,flat,0
1715,1,z:ilp,nat-oop,4427,6561,20.810,1.482,4.926e-16,flat,1
1716,1,z:ilp,nat-oop,3721,6526,24.778,1.754,5.767e-16,chain3,0
1716,1,z:ilp,nat-oop,3672,6507,25.108,1.772,5.767e-16,chain3,1
1717,1,z:ilp,nat-oop,15709,28689,5.873,1.826,5.386e-16,prime,0
1717,1,z:ilp,nat-oop,15994,28682,5.768,1.793,5.386e-16,prime,1
1718,1,z:ilp,nat-oop,15680,24123,5.887,1.538,5.159e-16,prime,0
1718,1,z:ilp,nat-oop,15647,23399,5.900,1.495,5.159e-16,prime,1
1719,1,z:ilp,nat-oop,18404,19482,5.019,1.059,5.234e-16,prime,0
1719,1,z:ilp,nat-oop,15424,19106,5.989,1.239,5.234e-16,prime,1
1720,1,z:ilp,nat-oop,5777,24835,15.999,4.299,4.604e-16,chain3,0
1720,1,z:ilp,nat-oop,5757,24973,16.056,4.338,4.604e-16,chain3,1
1721,1,z:ilp,nat-oop,15343,23238,6.029,1.515,5.924e-16,prime,0
1721,1,z:ilp,nat-oop,15106,27797,6.123,1.840,5.924e-16,prime,1
1722,1,z:ilp,nat-oop,5984,24407,15.466,4.078,4.667e-16,chain3,0
1722,1,z:ilp,nat-oop,5998,24240,15.432,4.042,4.667e-16,chain3,1
1723,1,z:ilp,nat-oop,15838,23958,5.848,1.513,5.482e-16,prime,0
1723,1,z:ilp,nat-oop,15545,25133,5.958,1.617,5.482e-16,prime,1
1724,1,z:ilp,nat-oop,21881,32462,4.236,1.484,8.953e-16,prime,0
1724,1,z:ilp,nat-oop,22061,31482,4.201,1.427,8.953e-16,prime,1
1725,1,z:ilp,nat-oop,6654,23427,13.938,3.521,5.489e-16,chain3,0
1725,1,z:ilp,nat-oop,6946,23422,13.352,3.372,5.489e-16,chain3,1
1726,1,z:ilp,nat-oop,15722,23270,5.902,1.480,6.268e-16,prime,0
1726,1,z:ilp,nat-oop,15772,23181,5.884,1.470,6.268e-16,prime,1
1727,1,z:ilp,nat-oop,15982,29661,5.810,1.856,6.455e-16,prime,0
1727,1,z:ilp,nat-oop,15426,27009,6.020,1.751,6.455e-16,prime,1
1728,1,z:ilp,nat-oop,2971,3123,31.274,1.051,6.400e-16,chain3,0
1728,1,z:ilp,nat-oop,2897,3115,32.070,1.075,6.400e-16,chain3,1
1729,1,z:ilp,nat-oop,4705,16682,19.763,3.546,6.028e-16,chain3,0
1729,1,z:ilp,nat-oop,4665,16222,19.931,3.477,6.028e-16,chain3,1
1730,1,z:ilp,nat-oop,15069,23359,6.175,1.550,5.597e-16,prime,0
1730,1,z:ilp,nat-oop,15553,24428,5.982,1.571,5.597e-16,prime,1
1731,1,z:ilp,nat-oop,16772,19675,5.551,1.173,5.674e-16,prime,0
1731,1,z:ilp,nat-oop,15421,20039,6.038,1.299,5.674e-16,prime,1
1732,1,z:ilp,nat-oop,16008,19515,5.820,1.219,6.129e-16,prime,0
1732,1,z:ilp,nat-oop,15731,19538,5.922,1.242,6.129e-16,prime,1
1733,1,z:ilp,nat-oop,15459,23500,6.030,1.520,6.618e-16,prime,0
1733,1,z:ilp,nat-oop,17348,28586,5.374,1.648,6.618e-16,prime,1
1734,1,z:ilp,nat-oop,4774,24018,19.541,5.031,4.161e-16,chain3,0
1734,1,z:ilp,nat-oop,6852,40886,13.615,5.967,4.161e-16,chain3,1
1735,1,z:ilp,nat-oop,22266,32478,4.192,1.459,5.553e-16,prime,0
1735,1,z:ilp,nat-oop,26022,34090,3.587,1.310,5.553e-16,prime,1
1736,1,z:ilp,nat-oop,8641,26423,10.810,3.058,6.880e-16,flat,0
1736,1,z:ilp,nat-oop,10504,26430,8.893,2.516,6.880e-16,flat,1
1737,1,z:ilp,nat-oop,21266,18283,4.395,0.860,4.677e-16,prime,0
1737,1,z:ilp,nat-oop,15004,18304,6.230,1.220,4.677e-16,prime,1
1738,1,z:ilp,nat-oop,15508,26185,6.031,1.689,5.625e-16,prime,0
1738,1,z:ilp,nat-oop,15455,26292,6.052,1.701,5.625e-16,prime,1
1739,1,z:ilp,nat-oop,8988,43853,10.413,4.879,1.772e-15,flat,0
1739,1,z:ilp,nat-oop,8947,46017,10.460,5.143,1.772e-15,flat,1
1740,1,z:ilp,nat-oop,7183,18336,13.038,2.553,5.857e-16,flat,0
1740,1,z:ilp,nat-oop,6292,18460,14.885,2.934,5.857e-16,flat,1
1741,1,z:ilp,nat-oop,18594,27712,5.040,1.490,5.023e-16,prime,0
1741,1,z:ilp,nat-oop,16512,23552,5.676,1.426,5.023e-16,prime,1
1742,1,z:ilp,nat-oop,16311,32333,5.749,1.982,5.705e-16,prime,0
1742,1,z:ilp,nat-oop,20339,35697,4.611,1.755,5.705e-16,prime,1
1743,1,z:ilp,nat-oop,20072,25524,4.675,1.272,4.755e-16,prime,0
1743,1,z:ilp,nat-oop,18494,26256,5.074,1.420,4.755e-16,prime,1
1744,1,z:ilp,nat-oop,48919,21032,1.919,0.430,6.254e-16,prime,0
1744,1,z:ilp,nat-oop,18563,21423,5.058,1.154,6.254e-16,prime,1
1745,1,z:ilp,nat-oop,20347,23892,4.618,1.174,5.964e-16,prime,0
1745,1,z:ilp,nat-oop,15941,24648,5.894,1.546,5.964e-16,prime,1
1746,1,z:ilp,nat-oop,17065,20369,5.509,1.194,4.384e-16,prime,0
1746,1,z:ilp,nat-oop,29718,19639,3.164,0.661,4.384e-16,prime,1
1747,1,z:ilp,nat-oop,18012,24786,5.223,1.376,5.136e-16,prime,0
1747,1,z:ilp,nat-oop,16061,29454,5.858,1.834,5.136e-16,prime,1
1748,1,z:ilp,nat-oop,6933,31929,13.578,4.605,5.048e-16,chain3,0
1748,1,z:ilp,nat-oop,8316,40107,11.320,4.823,5.048e-16,chain3,1
1749,1,z:ilp,nat-oop,17446,32191,5.400,1.845,4.627e-16,prime,0
1749,1,z:ilp,nat-oop,18278,32221,5.154,1.763,4.627e-16,prime,1
1750,1,z:ilp,nat-oop,3466,4334,27.198,1.250,4.908e-16,chain3,0
1750,1,z:ilp,nat-oop,3422,4986,27.548,1.457,4.908e-16,chain3,1
1751,1,z:ilp,nat-oop,18647,37867,5.059,2.031,6.759e-16,prime,0
1751,1,z:ilp,nat-oop,17720,42226,5.323,2.383,6.759e-16,prime,1
1752,1,z:ilp,nat-oop,18743,20241,5.036,1.080,6.719e-16,prime,0
1752,1,z:ilp,nat-oop,15918,20297,5.929,1.275,6.719e-16,prime,1
1753,1,z:ilp,nat-oop,16757,23601,5.636,1.408,5.218e-16,prime,0
1753,1,z:ilp,nat-oop,15682,23658,6.023,1.509,5.218e-16,prime,1
1754,1,z:ilp,nat-oop,18615,24468,5.077,1.314,5.336e-16,prime,0
1754,1,z:ilp,nat-oop,18551,25007,5.094,1.348,5.336e-16,prime,1
1755,1,z:ilp,nat-oop,4380,5901,21.590,1.347,6.728e-16,chain3,0
1755,1,z:ilp,nat-oop,4577,5916,20.661,1.292,6.728e-16,chain3,1
1756,1,z:ilp,nat-oop,15800,24289,5.989,1.537,5.519e-16,prime,0
1756,1,z:ilp,nat-oop,15848,24305,5.971,1.534,5.519e-16,prime,1
1757,1,z:ilp,nat-oop,16311,20809,5.806,1.276,5.280e-16,prime,0
1757,1,z:ilp,nat-oop,15432,20826,6.136,1.349,5.280e-16,prime,1
1758,1,z:ilp,nat-oop,15757,23428,6.013,1.487,6.065e-16,prime,0
1758,1,z:ilp,nat-oop,15431,25712,6.141,1.666,6.065e-16,prime,1
1759,1,z:ilp,nat-oop,16527,23693,5.737,1.434,5.637e-16,prime,0
1759,1,z:ilp,nat-oop,15404,24154,6.155,1.568,5.637e-16,prime,1
1760,1,z:ilp,nat-oop,3109,4050,30.514,1.302,3.902e-16,chain3,0
1760,1,z:ilp,nat-oop,3099,4054,30.613,1.308,3.902e-16,chain3,1
1761,1,z:ilp,nat-oop,15444,24045,6.147,1.557,5.866e-16,prime,0
1761,1,z:ilp,nat-oop,15326,24140,6.195,1.575,5.866e-16,prime,1
1762,1,z:ilp,nat-oop,16276,24546,5.837,1.508,6.351e-16,prime,0
1762,1,z:ilp,nat-oop,15870,24896,5.986,1.569,6.351e-16,prime,1
1763,1,z:ilp,nat-oop,10080,44977,9.431,4.462,6.355e-16,2p,0
1763,1,z:ilp,nat-oop,10098,45631,9.414,4.519,6.355e-16,2p,1
1764,1,z:ilp,nat-oop,3635,4347,26.170,1.196,5.977e-16,chain3,0
1764,1,z:ilp,nat-oop,3555,4337,26.758,1.220,5.977e-16,chain3,1
1765,1,z:ilp,nat-oop,19623,23076,4.851,1.176,5.359e-16,prime,0
1765,1,z:ilp,nat-oop,15558,23294,6.118,1.497,5.359e-16,prime,1
1766,1,z:ilp,nat-oop,15968,24532,5.965,1.536,5.966e-16,prime,0
1766,1,z:ilp,nat-oop,16210,25063,5.875,1.546,5.966e-16,prime,1
1767,1,z:ilp,nat-oop,6289,33376,15.155,5.307,4.202e-16,chain3,0
1767,1,z:ilp,nat-oop,6234,33175,15.287,5.321,4.202e-16,chain3,1
1768,1,z:ilp,nat-oop,4942,15236,19.295,3.083,6.822e-16,chain3,0
1768,1,z:ilp,nat-oop,4483,15245,21.275,3.401,6.822e-16,chain3,1
1769,1,z:ilp,nat-oop,16673,35033,5.723,2.101,6.366e-16,prime,0
1769,1,z:ilp,nat-oop,16585,35824,5.754,2.160,6.366e-16,prime,1
1770,1,z:ilp,nat-oop,16639,22989,5.739,1.382,4.467e-16,prime,0
1770,1,z:ilp,nat-oop,16627,23019,5.743,1.384,4.467e-16,prime,1
1771,1,z:ilp,nat-oop,5836,20416,16.372,3.498,7.394e-16,flat,0
1771,1,z:ilp,nat-oop,5910,20483,16.167,3.466,7.394e-16,flat,1
1772,1,z:ilp,nat-oop,19943,24276,4.794,1.217,5.874e-16,prime,0
1772,1,z:ilp,nat-oop,16656,26759,5.740,1.607,5.874e-16,prime,1
1773,1,z:ilp,nat-oop,22380,21436,4.275,0.958,4.872e-16,prime,0
1773,1,z:ilp,nat-oop,18442,21414,5.188,1.161,4.872e-16,prime,1
1774,1,z:ilp,nat-oop,19781,24654,4.840,1.246,5.525e-16,prime,0
1774,1,z:ilp,nat-oop,15917,26226,6.014,1.648,5.525e-16,prime,1
1775,1,z:ilp,nat-oop,18984,23454,5.046,1.235,6.204e-16,prime,0
1775,1,z:ilp,nat-oop,18220,25366,5.258,1.392,6.204e-16,prime,1
1776,1,z:ilp,nat-oop,5144,22559,18.633,4.385,5.879e-16,chain3,0
1776,1,z:ilp,nat-oop,5090,22376,18.833,4.396,5.879e-16,chain3,1
1777,1,z:ilp,nat-oop,21517,24670,4.458,1.147,6.858e-16,prime,0
1777,1,z:ilp,nat-oop,15885,23706,6.038,1.492,6.858e-16,prime,1
1778,1,z:ilp,nat-oop,21751,21729,4.412,0.999,5.236e-16,prime,0
1778,1,z:ilp,nat-oop,16542,21457,5.802,1.297,5.236e-16,prime,1
1779,1,z:ilp,nat-oop,18056,24071,5.319,1.333,4.707e-16,prime,0
1779,1,z:ilp,nat-oop,18190,24627,5.280,1.354,4.707e-16,prime,1
1780,1,z:ilp,nat-oop,16104,23475,5.967,1.458,5.735e-16,prime,0
1780,1,z:ilp,nat-oop,16362,23447,5.873,1.433,5.735e-16,prime,1
1781,1,z:ilp,nat-oop,18629,25885,5.162,1.390,6.083e-16,prime,0
1781,1,z:ilp,nat-oop,18117,25268,5.308,1.395,6.083e-16,prime,1
1782,1,z:ilp,nat-oop,4477,5143,21.493,1.149,5.700e-16,chain3,0
1782,1,z:ilp,nat-oop,4368,5141,22.031,1.177,5.700e-16,chain3,1
1783,1,z:ilp,nat-oop,18776,23453,5.128,1.249,5.790e-16,prime,0
1783,1,z:ilp,nat-oop,18653,23679,5.162,1.269,5.790e-16,prime,1
1784,1,z:ilp,nat-oop,18833,25094,5.116,1.332,6.008e-16,prime,0
1784,1,z:ilp,nat-oop,18451,24745,5.222,1.341,6.008e-16,prime,1
1785,1,z:ilp,nat-oop,4594,14772,20.985,3.215,6.472e-16,chain3,0
1785,1,z:ilp,nat-oop,5476,15624,17.606,2.853,6.472e-16,chain3,1
1786,1,z:ilp,nat-oop,8146,38800,11.842,4.763,1.500e-15,flat,0
1786,1,z:ilp,nat-oop,8191,39469,11.778,4.819,1.500e-15,flat,1
1787,1,z:ilp,nat-oop,15831,24622,6.098,1.555,6.195e-16,prime,0
1787,1,z:ilp,nat-oop,15170,23669,6.363,1.560,6.195e-16,prime,1
1788,1,z:ilp,nat-oop,15393,22614,6.275,1.469,6.254e-16,prime,0
1788,1,z:ilp,nat-oop,15243,22542,6.336,1.479,6.254e-16,prime,1
1789,1,z:ilp,nat-oop,18333,23458,5.272,1.280,6.557e-16,prime,0
1789,1,z:ilp,nat-oop,18218,25757,5.305,1.414,6.557e-16,prime,1
1790,1,z:ilp,nat-oop,16065,23448,6.020,1.460,5.784e-16,prime,0
1790,1,z:ilp,nat-oop,15634,23725,6.186,1.518,5.784e-16,prime,1
1791,1,z:ilp,nat-oop,15283,24004,6.332,1.571,5.977e-16,prime,0
1791,1,z:ilp,nat-oop,15229,23607,6.354,1.550,5.977e-16,prime,1
1792,1,z:ilp,nat-oop,2858,3160,33.881,1.106,3.281e-16,chain3,0
1792,1,z:ilp,nat-oop,2888,3245,33.531,1.124,3.281e-16,chain3,1
1793,1,z:ilp,nat-oop,16031,23616,6.044,1.473,4.222e-16,prime,0
1793,1,z:ilp,nat-oop,16017,23567,6.049,1.471,4.222e-16,prime,1
1794,1,z:ilp,nat-oop,5267,18830,18.407,3.575,6.509e-16,chain3,0
1794,1,z:ilp,nat-oop,5255,18782,18.449,3.574,6.509e-16,chain3,1
1795,1,z:ilp,nat-oop,18463,23301,5.255,1.262,6.110e-16,prime,0
1795,1,z:ilp,nat-oop,18756,23827,5.173,1.270,6.110e-16,prime,1
1796,1,z:ilp,nat-oop,17662,24505,5.496,1.387,6.522e-16,prime,0
1796,1,z:ilp,nat-oop,18013,24179,5.389,1.342,6.522e-16,prime,1
1797,1,z:ilp,nat-oop,18018,26313,5.391,1.460,5.915e-16,prime,0
1797,1,z:ilp,nat-oop,18963,27771,5.123,1.465,5.915e-16,prime,1
1798,1,z:ilp,nat-oop,9668,42837,10.054,4.431,2.011e-15,flat,0
1798,1,z:ilp,nat-oop,9374,44574,10.369,4.755,2.011e-15,flat,1
1799,1,z:ilp,nat-oop,19642,18450,4.952,0.939,5.892e-16,prime,0
1799,1,z:ilp,nat-oop,20026,18291,4.857,0.913,5.892e-16,prime,1
1800,1,z:ilp,nat-oop,3248,3386,29.964,1.042,6.316e-16,chain3,0
1800,1,z:ilp,nat-oop,3177,3348,30.635,1.054,6.316e-16,chain3,1
1801,1,z:ilp,nat-oop,18206,19803,5.349,1.088,5.972e-16,prime,0
1801,1,z:ilp,nat-oop,18229,19713,5.342,1.081,5.972e-16,prime,1
1802,1,z:ilp,nat-oop,18389,42722,5.299,2.323,5.022e-16,prime,0
1802,1,z:ilp,nat-oop,18292,44645,5.327,2.441,5.022e-16,prime,1
1803,1,z:ilp,nat-oop,16219,20038,6.012,1.235,4.887e-16,prime,0
1803,1,z:ilp,nat-oop,15982,20933,6.101,1.310,4.887e-16,prime,1
1804,1,z:ilp,nat-oop,6749,25751,14.457,3.816,5.597e-16,chain3,0
1804,1,z:ilp,nat-oop,6729,26709,14.500,3.969,5.597e-16,chain3,1
1805,1,z:ilp,nat-oop,5967,26555,16.361,4.450,1.338e-15,flat,0
1805,1,z:ilp,nat-oop,6323,26593,15.439,4.205,1.338e-15,flat,1
1806,1,z:ilp,nat-oop,7778,25087,12.561,3.225,5.705e-16,chain3,0
1806,1,z:ilp,nat-oop,7891,25136,12.380,3.185,5.705e-16,chain3,1
1807,1,z:ilp,nat-oop,15583,26028,6.273,1.670,5.397e-16,prime,0
1807,1,z:ilp,nat-oop,19487,28130,5.016,1.443,5.397e-16,prime,1
1808,1,z:ilp,nat-oop,15440,28266,6.335,1.831,5.605e-16,prime,0
1808,1,z:ilp,nat-oop,18024,28073,5.427,1.558,5.605e-16,prime,1
1809,1,z:ilp,nat-oop,18351,31997,5.334,1.744,6.115e-16,prime,0
1809,1,z:ilp,nat-oop,18160,32750,5.390,1.803,6.115e-16,prime,1
1810,1,z:ilp,nat-oop,18026,19384,5.433,1.075,4.746e-16,prime,0
1810,1,z:ilp,nat-oop,18272,19349,5.360,1.059,4.746e-16,prime,1
1811,1,z:ilp,nat-oop,18320,34455,5.349,1.881,6.429e-16,prime,0
1811,1,z:ilp,nat-oop,18120,35108,5.408,1.937,6.429e-16,prime,1
1812,1,z:ilp,nat-oop,15498,20728,6.327,1.338,5.431e-16,prime,0
1812,1,z:ilp,nat-oop,18055,20122,5.431,1.114,5.431e-16,prime,1
1813,1,z:ilp,nat-oop,6814,22325,14.399,3.276,4.968e-16,chain3,0
1813,1,z:ilp,nat-oop,6836,22522,14.354,3.295,4.968e-16,chain3,1
1814,1,z:ilp,nat-oop,18039,35830,5.443,1.986,6.964e-16,prime,0
1814,1,z:ilp,nat-oop,18137,38045,5.413,2.098,6.964e-16,prime,1
1815,1,z:ilp,nat-oop,4327,7715,22.705,1.783,4.944e-16,chain3,0
1815,1,z:ilp,nat-oop,4361,7777,22.530,1.783,4.944e-16,chain3,1
1816,1,z:ilp,nat-oop,19069,22873,5.155,1.200,5.742e-16,prime,0
1816,1,z:ilp,nat-oop,18287,24697,5.376,1.351,5.742e-16,prime,1
1817,1,z:ilp,nat-oop,19598,39072,5.019,1.994,5.041e-16,prime,0
1817,1,z:ilp,nat-oop,22488,38452,4.374,1.710,5.041e-16,prime,1
1818,1,z:ilp,nat-oop,18037,19331,5.457,1.072,5.885e-16,prime,0
1818,1,z:ilp,nat-oop,18150,19336,5.423,1.065,5.885e-16,prime,1
1819,1,z:ilp,nat-oop,18770,37128,5.247,1.978,6.139e-16,prime,0
1819,1,z:ilp,nat-oop,18196,39803,5.413,2.187,6.139e-16,prime,1
1820,1,z:ilp,nat-oop,4725,4680,20.855,0.990,8.081e-16,flat,0
1820,1,z:ilp,nat-oop,4680,4663,21.059,0.997,8.081e-16,flat,1
1821,1,z:ilp,nat-oop,18684,33360,5.278,1.786,7.243e-16,prime,0
1821,1,z:ilp,nat-oop,18155,36475,5.432,2.009,7.243e-16,prime,1
1822,1,z:ilp,nat-oop,18230,36050,5.413,1.978,5.513e-16,prime,0
1822,1,z:ilp,nat-oop,18039,35813,5.470,1.985,5.513e-16,prime,1
1823,1,z:ilp,nat-oop,18188,35141,5.429,1.932,6.668e-16,prime,0
1823,1,z:ilp,nat-oop,18589,34396,5.311,1.850,6.668e-16,prime,1
1824,1,z:ilp,nat-oop,3981,14202,24.815,3.567,4.806e-16,chain3,0
1824,1,z:ilp,nat-oop,3870,14595,25.529,3.771,4.806e-16,chain3,1
1825,1,z:ilp,nat-oop,18179,21325,5.438,1.173,5.896e-16,prime,0
1825,1,z:ilp,nat-oop,18308,21568,5.400,1.178,5.896e-16,prime,1
1826,1,z:ilp,nat-oop,18594,28909,5.320,1.555,6.872e-16,prime,0
1826,1,z:ilp,nat-oop,18218,27672,5.430,1.519,6.872e-16,prime,1
1827,1,z:ilp,nat-oop,6492,19307,15.246,2.974,5.991e-16,flat,0
1827,1,z:ilp,nat-oop,6423,19383,15.409,3.017,5.991e-16,flat,1
1828,1,z:ilp,nat-oop,18159,23635,5.454,1.302,5.459e-16,prime,0
1828,1,z:ilp,nat-oop,19912,24940,4.974,1.253,5.459e-16,prime,1
1829,1,z:ilp,nat-oop,19864,43484,4.989,2.189,4.841e-16,prime,0
1829,1,z:ilp,nat-oop,18148,43048,5.461,2.372,4.841e-16,prime,1
1830,1,z:ilp,nat-oop,16044,19977,6.181,1.245,6.526e-16,prime,0
1830,1,z:ilp,nat-oop,16039,19955,6.183,1.244,6.526e-16,prime,1
1831,1,z:ilp,nat-oop,18608,28503,5.332,1.532,5.359e-16,prime,0
1831,1,z:ilp,nat-oop,18763,28469,5.288,1.517,5.359e-16,prime,1
1832,1,z:ilp,nat-oop,15684,22363,6.331,1.426,5.065e-16,prime,0
1832,1,z:ilp,nat-oop,15644,22812,6.347,1.458,5.065e-16,prime,1
1833,1,z:ilp,nat-oop,8219,29463,12.088,3.585,7.298e-16,flat,0
1833,1,z:ilp,nat-oop,8031,29091,12.370,3.622,7.298e-16,flat,1
1834,1,z:ilp,nat-oop,18225,26896,5.455,1.476,5.831e-16,prime,0
1834,1,z:ilp,nat-oop,18115,27076,5.488,1.495,5.831e-16,prime,1
1835,1,z:ilp,nat-oop,16132,26969,6.166,1.672,6.267e-16,prime,0
1835,1,z:ilp,nat-oop,18021,27923,5.520,1.549,6.267e-16,prime,1
1836,1,z:ilp,nat-oop,4111,14290,24.213,3.476,6.335e-16,chain3,0
1836,1,z:ilp,nat-oop,4017,14342,24.778,3.570,6.335e-16,chain3,1
1837,1,z:ilp,nat-oop,15104,27653,6.594,1.831,7.668e-16,prime,0
1837,1,z:ilp,nat-oop,15209,30492,6.549,2.005,7.668e-16,prime,1
1838,1,z:ilp,nat-oop,17951,35897,5.552,2.000,5.614e-16,prime,0
1838,1,z:ilp,nat-oop,18023,37085,5.530,2.058,5.614e-16,prime,1
1839,1,z:ilp,nat-oop,15614,29115,6.386,1.865,6.190e-16,prime,0
1839,1,z:ilp,nat-oop,15577,29391,6.402,1.887,6.190e-16,prime,1
1840,1,z:ilp,nat-oop,4328,16216,23.053,3.747,5.018e-16,chain3,0
1840,1,z:ilp,nat-oop,4324,16175,23.077,3.741,5.018e-16,chain3,1
1841,1,z:ilp,nat-oop,19365,26094,5.156,1.347,5.927e-16,prime,0
1841,1,z:ilp,nat-oop,15089,26421,6.617,1.751,5.927e-16,prime,1
1842,1,z:ilp,nat-oop,16038,34058,6.229,2.124,5.312e-16,prime,0
1842,1,z:ilp,nat-oop,16199,36170,6.167,2.233,5.312e-16,prime,1
1843,1,z:ilp,nat-oop,18155,31350,5.506,1.727,5.682e-16,prime,0
1843,1,z:ilp,nat-oop,18112,31267,5.519,1.726,5.682e-16,prime,1
1844,1,z:ilp,nat-oop,15700,24037,6.371,1.531,4.956e-16,prime,0
1844,1,z:ilp,nat-oop,18611,24616,5.375,1.323,4.956e-16,prime,1
1845,1,z:ilp,nat-oop,6591,25529,15.184,3.873,4.427e-16,chain3,0
1845,1,z:ilp,nat-oop,6548,26549,15.285,4.055,4.427e-16,chain3,1
1846,1,z:ilp,nat-oop,15775,25485,6.348,1.616,6.328e-16,prime,0
1846,1,z:ilp,nat-oop,15187,25437,6.594,1.675,6.328e-16,prime,1
1847,1,z:ilp,nat-oop,19210,28558,5.216,1.487,6.806e-16,prime,0
1847,1,z:ilp,nat-oop,18457,31465,5.429,1.705,6.806e-16,prime,1
1848,1,z:ilp,nat-oop,5289,5076,18.957,0.960,9.105e-16,flat,0
1848,1,z:ilp,nat-oop,5252,5431,19.093,1.034,9.105e-16,flat,1
1849,1,z:ilp,nat-oop,11154,47789,8.995,4.285,1.488e-15,flat,0
1849,1,z:ilp,nat-oop,9695,48866,10.349,5.040,1.488e-15,flat,1
1850,1,z:ilp,nat-oop,5674,22402,17.693,3.948,4.922e-16,chain3,0
1850,1,z:ilp,nat-oop,5701,23055,17.610,4.044,4.922e-16,chain3,1
1851,1,z:ilp,nat-oop,18094,29472,5.552,1.629,6.498e-16,prime,0
1851,1,z:ilp,nat-oop,18170,32071,5.529,1.765,6.498e-16,prime,1
1852,1,z:ilp,nat-oop,18805,23293,5.345,1.239,6.292e-16,prime,0
1852,1,z:ilp,nat-oop,18048,23408,5.569,1.297,6.292e-16,prime,1
1853,1,z:ilp,nat-oop,15933,32264,6.312,2.025,5.849e-16,prime,0
1853,1,z:ilp,nat-oop,15612,32186,6.442,2.062,5.849e-16,prime,1
1854,1,z:ilp,nat-oop,16813,27907,5.986,1.660,5.320e-16,prime,0
1854,1,z:ilp,nat-oop,16597,27158,6.064,1.636,5.320e-16,prime,1
1855,1,z:ilp,nat-oop,15797,31265,6.375,1.979,4.986e-16,prime,0
1855,1,z:ilp,nat-oop,15663,33395,6.429,2.132,4.986e-16,prime,1
1856,1,z:ilp,nat-oop,4653,18911,21.656,4.064,4.096e-16,2p,0
1856,1,z:ilp,nat-oop,4742,19429,21.251,4.098,4.096e-16,2p,1
1857,1,z:ilp,nat-oop,19626,30416,5.137,1.550,5.949e-16,prime,0
1857,1,z:ilp,nat-oop,18075,31805,5.578,1.760,5.949e-16,prime,1
1858,1,z:ilp,nat-oop,15843,35965,6.368,2.270,5.665e-16,prime,0
1858,1,z:ilp,nat-oop,15339,36676,6.577,2.391,5.665e-16,prime,1
1859,1,z:ilp,nat-oop,4962,9084,20.342,1.831,7.677e-16,chain3,0
1859,1,z:ilp,nat-oop,5058,8994,19.959,1.778,7.677e-16,chain3,1
1860,1,z:ilp,nat-oop,5236,19999,19.291,3.819,6.486e-16,chain3,0
1860,1,z:ilp,nat-oop,5230,20237,19.312,3.869,6.486e-16,chain3,1
1861,1,z:ilp,nat-oop,18236,28691,5.542,1.573,6.681e-16,prime,0
1861,1,z:ilp,nat-oop,18048,30035,5.600,1.664,6.681e-16,prime,1
1862,1,z:ilp,nat-oop,5900,17381,17.141,2.946,7.043e-16,flat,0
1862,1,z:ilp,nat-oop,5934,17126,17.042,2.886,7.043e-16,flat,1
1863,1,z:ilp,nat-oop,5736,19028,17.642,3.317,6.227e-16,chain3,0
1863,1,z:ilp,nat-oop,5565,18952,18.185,3.406,6.227e-16,chain3,1
1864,1,z:ilp,nat-oop,15797,22737,6.410,1.439,5.479e-16,prime,0
1864,1,z:ilp,nat-oop,15617,23533,6.484,1.507,5.479e-16,prime,1
1865,1,z:ilp,nat-oop,16024,25999,6.323,1.623,4.441e-16,prime,0
1865,1,z:ilp,nat-oop,16599,29858,6.104,1.799,4.441e-16,prime,1
1866,1,z:ilp,nat-oop,18333,44896,5.530,2.449,4.549e-16,prime,0
1866,1,z:ilp,nat-oop,18446,35934,5.496,1.948,4.549e-16,prime,1
1867,1,z:ilp,nat-oop,18760,30971,5.407,1.651,7.097e-16,prime,0
1867,1,z:ilp,nat-oop,18126,29133,5.596,1.607,7.097e-16,prime,1
1868,1,z:ilp,nat-oop,19011,23672,5.339,1.245,5.786e-16,prime,0
1868,1,z:ilp,nat-oop,18288,24229,5.550,1.325,5.786e-16,prime,1
1869,1,z:ilp,nat-oop,18366,27119,5.530,1.477,5.603e-16,prime,0
1869,1,z:ilp,nat-oop,18230,27599,5.571,1.514,5.603e-16,prime,1
1870,1,z:ilp,nat-oop,4522,16376,22.473,3.621,5.495e-16,chain3,0
1870,1,z:ilp,nat-oop,4619,18274,22.001,3.956,5.495e-16,chain3,1
1871,1,z:ilp,nat-oop,20076,29480,5.065,1.468,6.817e-16,prime,0
1871,1,z:ilp,nat-oop,22096,33066,4.602,1.496,6.817e-16,prime,1
1872,1,z:ilp,nat-oop,3761,4810,27.055,1.279,7.023e-16,chain3,0
1872,1,z:ilp,nat-oop,3686,5071,27.605,1.376,7.023e-16,chain3,1
1873,1,z:ilp,nat-oop,12727,29965,7.999,2.354,1.169e-15,prime,0
1873,1,z:ilp,nat-oop,12770,31456,7.973,2.463,1.169e-15,prime,1
1874,1,z:ilp,nat-oop,17676,37578,5.763,2.126,7.132e-16,prime,0
1874,1,z:ilp,nat-oop,19107,40856,5.332,2.138,7.132e-16,prime,1
1875,1,z:ilp,nat-oop,5733,6124,17.781,1.068,4.427e-16,flat,0
1875,1,z:ilp,nat-oop,5182,6453,19.671,1.245,4.427e-16,flat,1
1876,1,z:ilp,nat-oop,19230,32953,5.304,1.714,4.859e-16,prime,0
1876,1,z:ilp,nat-oop,19429,36165,5.249,1.861,4.859e-16,prime,1
1877,1,z:ilp,nat-oop,16738,24766,6.097,1.480,6.495e-16,prime,0
1877,1,z:ilp,nat-oop,15932,27293,6.406,1.713,6.495e-16,prime,1
1878,1,z:ilp,nat-oop,16193,34505,6.306,2.131,7.330e-16,prime,0
1878,1,z:ilp,nat-oop,18379,37361,5.556,2.033,7.330e-16,prime,1
1879,1,z:ilp,nat-oop,20040,26429,5.099,1.319,5.552e-16,prime,0
1879,1,z:ilp,nat-oop,15640,24711,6.533,1.580,5.552e-16,prime,1
1880,1,z:ilp,nat-oop,7762,30340,13.172,3.909,5.490e-16,flat,0
1880,1,z:ilp,nat-oop,7830,31389,13.058,4.009,5.490e-16,flat,1
1881,1,z:ilp,nat-oop,5179,19705,19.755,3.805,5.284e-16,chain3,0
1881,1,z:ilp,nat-oop,5022,19158,20.370,3.815,5.284e-16,chain3,1
1882,1,z:ilp,nat-oop,18893,24988,5.418,1.323,5.166e-16,prime,0
1882,1,z:ilp,nat-oop,16032,25243,6.385,1.575,5.166e-16,prime,1
1883,1,z:ilp,nat-oop,18831,27064,5.439,1.437,5.627e-16,prime,0
1883,1,z:ilp,nat-oop,18965,28943,5.401,1.526,5.627e-16,prime,1
1884,1,z:ilp,nat-oop,18375,22903,5.577,1.246,6.462e-16,prime,0
1884,1,z:ilp,nat-oop,24393,26182,4.201,1.073,6.462e-16,prime,1
1885,1,z:ilp,nat-oop,8462,24742,12.118,2.924,7.031e-16,chain3,0
1885,1,z:ilp,nat-oop,7264,26501,14.117,3.648,7.031e-16,chain3,1
1886,1,z:ilp,nat-oop,8894,47733,11.537,5.367,1.365e-15,flat,0
1886,1,z:ilp,nat-oop,8790,50007,11.673,5.689,1.365e-15,flat,1
1887,1,z:ilp,nat-oop,7307,36719,14.052,5.026,6.221e-16,chain3,0
1887,1,z:ilp,nat-oop,7112,37851,14.436,5.322,6.221e-16,chain3,1
1888,1,z:ilp,nat-oop,20829,25282,4.932,1.214,4.777e-16,prime,0
1888,1,z:ilp,nat-oop,18898,24661,5.436,1.305,4.777e-16,prime,1
1889,1,z:ilp,nat-oop,18476,24555,5.564,1.329,7.032e-16,prime,0
1889,1,z:ilp,nat-oop,18551,28034,5.541,1.511,7.032e-16,prime,1
1890,1,z:ilp,nat-oop,4366,4095,23.556,0.938,4.879e-16,chain3,0
1890,1,z:ilp,nat-oop,3942,4349,26.093,1.103,4.879e-16,chain3,1
1891,1,z:ilp,nat-oop,18603,41001,5.532,2.204,5.805e-16,prime,0
1891,1,z:ilp,nat-oop,18810,41442,5.471,2.203,5.805e-16,prime,1
1892,1,z:ilp,nat-oop,8796,29300,11.708,3.331,4.103e-16,chain3,0
1892,1,z:ilp,nat-oop,7448,29257,13.825,3.928,4.103e-16,chain3,1
1893,1,z:ilp,nat-oop,19194,23653,5.368,1.232,5.677e-16,prime,0
1893,1,z:ilp,nat-oop,18612,29764,5.536,1.599,5.677e-16,prime,1
1894,1,z:ilp,nat-oop,18795,25911,5.486,1.379,6.693e-16,prime,0
1894,1,z:ilp,nat-oop,19102,27184,5.397,1.423,6.693e-16,prime,1
1895,1,z:ilp,nat-oop,21117,22535,4.885,1.067,5.932e-16,prime,0
1895,1,z:ilp,nat-oop,18415,22956,5.602,1.247,5.932e-16,prime,1
1896,1,z:ilp,nat-oop,23513,27767,4.390,1.181,5.917e-16,prime,0
1896,1,z:ilp,nat-oop,19104,28959,5.403,1.516,5.917e-16,prime,1
1897,1,z:ilp,nat-oop,19012,22728,5.433,1.195,5.173e-16,prime,0
1897,1,z:ilp,nat-oop,18637,22019,5.542,1.181,5.173e-16,prime,1
1898,1,z:ilp,nat-oop,19756,23321,5.231,1.180,5.955e-16,prime,0
1898,1,z:ilp,nat-oop,18904,23385,5.467,1.237,5.955e-16,prime,1
1899,1,z:ilp,nat-oop,15977,27129,6.472,1.698,7.130e-16,prime,0
1899,1,z:ilp,nat-oop,20263,26385,5.103,1.302,7.130e-16,prime,1
1900,1,z:ilp,nat-oop,5727,15468,18.067,2.701,4.718e-16,flat,0
1900,1,z:ilp,nat-oop,6265,16100,16.516,2.570,4.718e-16,flat,1
1901,1,z:ilp,nat-oop,17244,27709,6.004,1.607,5.957e-16,prime,0
1901,1,z:ilp,nat-oop,16639,25824,6.222,1.552,5.957e-16,prime,1
1902,1,z:ilp,nat-oop,16956,22828,6.110,1.346,5.472e-16,prime,0
1902,1,z:ilp,nat-oop,19016,25508,5.448,1.341,5.472e-16,prime,1
1903,1,z:ilp,nat-oop,23404,27982,4.429,1.196,5.360e-16,prime,0
1903,1,z:ilp,nat-oop,16795,29245,6.172,1.741,5.360e-16,prime,1
1904,1,z:ilp,nat-oop,4087,16147,25.380,3.951,5.840e-16,chain3,0
1904,1,z:ilp,nat-oop,3966,16860,26.152,4.251,5.840e-16,chain3,1
1905,1,z:ilp,nat-oop,16629,24123,6.241,1.451,6.050e-16,prime,0
1905,1,z:ilp,nat-oop,16839,24352,6.163,1.446,6.050e-16,prime,1
1906,1,z:ilp,nat-oop,20525,26147,5.059,1.274,4.867e-16,prime,0
1906,1,z:ilp,nat-oop,19639,32464,5.288,1.653,4.867e-16,prime,1
1907,1,z:ilp,nat-oop,20537,25575,5.059,1.245,5.340e-16,prime,0
1907,1,z:ilp,nat-oop,21039,27181,4.939,1.292,5.340e-16,prime,1
1908,1,z:ilp,nat-oop,18205,32899,5.711,1.807,4.590e-16,prime,0
1908,1,z:ilp,nat-oop,17700,42525,5.874,2.402,4.590e-16,prime,1
1909,1,z:ilp,nat-oop,20496,41924,5.075,2.045,5.379e-16,prime,0
1909,1,z:ilp,nat-oop,19236,45912,5.408,2.387,5.379e-16,prime,1
1910,1,z:ilp,nat-oop,15879,21912,6.555,1.380,4.288e-16,prime,0
1910,1,z:ilp,nat-oop,15332,21634,6.789,1.411,4.288e-16,prime,1
1911,1,z:ilp,nat-oop,4254,7544,24.482,1.773,5.092e-16,chain3,0
1911,1,z:ilp,nat-oop,4315,8331,24.137,1.931,5.092e-16,chain3,1
1912,1,z:ilp,nat-oop,19270,23083,5.408,1.198,6.648e-16,prime,0
1912,1,z:ilp,nat-oop,18449,24897,5.649,1.350,6.648e-16,prime,1
1913,1,z:ilp,nat-oop,21486,24689,4.853,1.149,5.533e-16,prime,0
1913,1,z:ilp,nat-oop,18797,27463,5.547,1.461,5.533e-16,prime,1
1914,1,z:ilp,nat-oop,7688,23961,13.571,3.117,1.955e-15,flat,0
1914,1,z:ilp,nat-oop,7601,25936,13.727,3.412,1.955e-15,flat,1
1915,1,z:ilp,nat-oop,15997,21577,6.526,1.349,5.025e-16,prime,0
1915,1,z:ilp,nat-oop,15682,22287,6.657,1.421,5.025e-16,prime,1
1916,1,z:ilp,nat-oop,20738,31975,5.037,1.542,5.459e-16,prime,0
1916,1,z:ilp,nat-oop,18941,25876,5.515,1.366,5.459e-16,prime,1
1917,1,z:ilp,nat-oop,22357,26404,4.675,1.181,6.066e-16,prime,0
1917,1,z:ilp,nat-oop,32057,25298,3.261,0.789,6.066e-16,prime,1
1918,1,z:ilp,nat-oop,17237,27333,6.067,1.586,5.307e-16,prime,0
1918,1,z:ilp,nat-oop,18275,26938,5.723,1.474,5.307e-16,prime,1
1919,1,z:ilp,nat-oop,18668,37571,5.606,2.013,5.446e-16,prime,0
1919,1,z:ilp,nat-oop,18683,34771,5.601,1.861,5.446e-16,prime,1
1920,1,z:ilp,nat-oop,3489,3340,30.009,0.957,4.664e-16,chain3,0
1920,1,z:ilp,nat-oop,3229,3243,32.425,1.004,4.664e-16,chain3,1
1921,1,z:ilp,nat-oop,16474,44931,6.360,2.727,4.624e-16,prime,0
1921,1,z:ilp,nat-oop,16078,44301,6.516,2.755,4.624e-16,prime,1
1922,1,z:ilp,nat-oop,9009,40281,11.636,4.471,2.226e-15,flat,0
1922,1,z:ilp,nat-oop,9253,40499,11.329,4.377,2.226e-15,flat,1
1923,1,z:ilp,nat-oop,19095,21704,5.493,1.137,4.537e-16,prime,0
1923,1,z:ilp,nat-oop,19401,21404,5.406,1.103,4.537e-16,prime,1
1924,1,z:ilp,nat-oop,6925,26451,15.155,3.820,4.586e-16,chain3,0
1924,1,z:ilp,nat-oop,6794,27137,15.447,3.994,4.586e-16,chain3,1
1925,1,z:ilp,nat-oop,5435,6841,19.323,1.259,5.972e-16,flat,0
1925,1,z:ilp,nat-oop,5438,6905,19.310,1.270,5.972e-16,flat,1
1926,1,z:ilp,nat-oop,18804,28126,5.588,1.496,6.847e-16,prime,0
1926,1,z:ilp,nat-oop,18826,30971,5.581,1.645,6.847e-16,prime,1
1927,1,z:ilp,nat-oop,15438,53538,6.810,3.468,4.732e-16,prime,0
1927,1,z:ilp,nat-oop,18876,56587,5.570,2.998,4.732e-16,prime,1
1928,1,z:ilp,nat-oop,26203,24237,4.015,0.925,6.024e-16,prime,0
1928,1,z:ilp,nat-oop,26239,23249,4.009,0.886,6.024e-16,prime,1
1929,1,z:ilp,nat-oop,19049,29102,5.526,1.528,5.681e-16,prime,0
1929,1,z:ilp,nat-oop,18656,29601,5.642,1.587,5.681e-16,prime,1
1930,1,z:ilp,nat-oop,18807,20208,5.600,1.075,5.623e-16,prime,0
1930,1,z:ilp,nat-oop,18494,19800,5.695,1.071,5.623e-16,prime,1
1931,1,z:ilp,nat-oop,20640,29963,5.106,1.452,8.584e-16,prime,0
1931,1,z:ilp,nat-oop,26048,34090,4.046,1.309,8.584e-16,prime,1
1932,1,z:ilp,nat-oop,10033,25898,10.510,2.581,6.648e-16,flat,0
1932,1,z:ilp,nat-oop,9694,25922,10.878,2.674,6.648e-16,flat,1
1933,1,z:ilp,nat-oop,25988,41398,4.060,1.593,7.998e-16,prime,0
1933,1,z:ilp,nat-oop,26090,41339,4.044,1.584,7.998e-16,prime,1
1934,1,z:ilp,nat-oop,25812,43318,4.090,1.678,7.457e-16,prime,0
1934,1,z:ilp,nat-oop,27448,43253,3.846,1.576,7.457e-16,prime,1
1935,1,z:ilp,nat-oop,10777,38262,9.802,3.550,5.420e-16,flat,0
1935,1,z:ilp,nat-oop,10864,38283,9.723,3.524,5.420e-16,flat,1
1936,1,z:ilp,nat-oop,3857,7898,27.400,2.047,4.586e-16,chain3,0
1936,1,z:ilp,nat-oop,4007,7410,26.380,1.850,4.586e-16,chain3,1
1937,1,z:ilp,nat-oop,18952,27275,5.580,1.439,5.760e-16,prime,0
1937,1,z:ilp,nat-oop,18948,27532,5.581,1.453,5.760e-16,prime,1
1938,1,z:ilp,nat-oop,5955,33497,17.769,5.625,6.934e-16,chain3,0
1938,1,z:ilp,nat-oop,9516,45686,11.120,4.801,6.934e-16,chain3,1
1939,1,z:ilp,nat-oop,18555,26625,5.706,1.435,6.398e-16,prime,0
1939,1,z:ilp,nat-oop,19032,26730,5.563,1.405,6.398e-16,prime,1
1940,1,z:ilp,nat-oop,16617,20184,6.376,1.215,5.502e-16,prime,0
1940,1,z:ilp,nat-oop,16223,20617,6.530,1.271,5.502e-16,prime,1
1941,1,z:ilp,nat-oop,19135,28423,5.540,1.485,6.764e-16,prime,0
1941,1,z:ilp,nat-oop,18438,28197,5.749,1.529,6.764e-16,prime,1
1942,1,z:ilp,nat-oop,18016,31285,5.887,1.736,7.022e-16,prime,0
1942,1,z:ilp,nat-oop,21155,37828,5.014,1.788,7.022e-16,prime,1
1943,1,z:ilp,nat-oop,16105,52634,6.590,3.268,5.686e-16,prime,0
1943,1,z:ilp,nat-oop,16508,55492,6.429,3.362,5.686e-16,prime,1
1944,1,z:ilp,nat-oop,4090,4614,25.961,1.128,5.136e-16,chain3,0
1944,1,z:ilp,nat-oop,4132,4652,25.699,1.126,5.136e-16,chain3,1
1945,1,z:ilp,nat-oop,16110,31018,6.595,1.925,6.732e-16,prime,0
1945,1,z:ilp,nat-oop,16062,32386,6.615,2.016,6.732e-16,prime,1
1946,1,z:ilp,nat-oop,18192,25745,5.844,1.415,5.091e-16,prime,0
1946,1,z:ilp,nat-oop,18132,26549,5.863,1.464,5.091e-16,prime,1
1947,1,z:ilp,nat-oop,18389,31309,5.785,1.703,6.311e-16,prime,0
1947,1,z:ilp,nat-oop,22312,31715,4.768,1.421,6.311e-16,prime,1
1948,1,z:ilp,nat-oop,15875,23578,6.705,1.485,6.594e-16,prime,0
1948,1,z:ilp,nat-oop,18260,24223,5.829,1.327,6.594e-16,prime,1
1949,1,z:ilp,nat-oop,18404,26003,5.787,1.413,5.849e-16,prime,0
1949,1,z:ilp,nat-oop,18304,27139,5.818,1.483,5.849e-16,prime,1
1950,1,z:ilp,nat-oop,4447,4672,23.961,1.051,5.763e-16,chain3,0
1950,1,z:ilp,nat-oop,4392,4668,24.263,1.063,5.763e-16,chain3,1
1951,1,z:ilp,nat-oop,15886,26060,6.712,1.640,6.163e-16,prime,0
1951,1,z:ilp,nat-oop,18567,26890,5.743,1.448,6.163e-16,prime,1
1952,1,z:ilp,nat-oop,16463,21810,6.480,1.325,5.161e-16,prime,0
1952,1,z:ilp,nat-oop,15249,21822,6.996,1.431,5.161e-16,prime,1
1953,1,z:ilp,nat-oop,7193,21579,14.840,3.000,8.470e-16,flat,0
1953,1,z:ilp,nat-oop,7022,23212,15.201,3.306,8.470e-16,flat,1
1954,1,z:ilp,nat-oop,19641,26509,5.438,1.350,5.569e-16,prime,0
1954,1,z:ilp,nat-oop,15725,27710,6.792,1.762,5.569e-16,prime,1
1955,1,z:ilp,nat-oop,6780,32386,15.763,4.777,5.293e-16,chain3,0
1955,1,z:ilp,nat-oop,6370,32486,16.777,5.100,5.293e-16,chain3,1
1956,1,z:ilp,nat-oop,18150,24660,5.891,1.359,7.385e-16,prime,0
1956,1,z:ilp,nat-oop,19040,25567,5.616,1.343,7.385e-16,prime,1
1957,1,z:ilp,nat-oop,18306,41350,5.845,2.259,6.853e-16,prime,0
1957,1,z:ilp,nat-oop,18280,45543,5.853,2.491,6.853e-16,prime,1
1958,1,z:ilp,nat-oop,18525,30148,5.779,1.627,6.012e-16,prime,0
1958,1,z:ilp,nat-oop,19159,31191,5.588,1.628,6.012e-16,prime,1
1959,1,z:ilp,nat-oop,19210,35656,5.576,1.856,6.335e-16,prime,0
1959,1,z:ilp,nat-oop,22005,30935,4.868,1.406,6.335e-16,prime,1
1960,1,z:ilp,nat-oop,4864,3846,22.034,0.791,5.380e-16,flat,0
1960,1,z:ilp,nat-oop,4926,4938,21.760,1.003,5.380e-16,flat,1
1961,1,z:ilp,nat-oop,19000,58159,5.644,3.061,5.567e-16,prime,0
1961,1,z:ilp,nat-oop,18699,56933,5.735,3.045,5.567e-16,prime,1
1962,1,z:ilp,nat-oop,19350,22310,5.545,1.153,5.883e-16,prime,0
1962,1,z:ilp,nat-oop,18149,22226,5.912,1.225,5.883e-16,prime,1
1963,1,z:ilp,nat-oop,18356,23666,5.849,1.289,5.784e-16,prime,0
1963,1,z:ilp,nat-oop,18240,25129,5.886,1.378,5.784e-16,prime,1
1964,1,z:ilp,nat-oop,20087,28696,5.348,1.429,5.601e-16,prime,0
1964,1,z:ilp,nat-oop,19435,38906,5.528,2.002,5.601e-16,prime,1
1965,1,z:ilp,nat-oop,19086,31085,5.632,1.629,7.674e-16,prime,0
1965,1,z:ilp,nat-oop,22402,35751,4.798,1.596,7.674e-16,prime,1
1966,1,z:ilp,nat-oop,21472,29428,5.009,1.371,5.935e-16,prime,0
1966,1,z:ilp,nat-oop,16695,31019,6.442,1.858,5.935e-16,prime,1
1967,1,z:ilp,nat-oop,18181,25890,5.919,1.424,5.463e-16,prime,0
1967,1,z:ilp,nat-oop,15819,28358,6.803,1.793,5.463e-16,prime,1
1968,1,z:ilp,nat-oop,7917,25712,13.600,3.248,5.560e-16,flat,0
1968,1,z:ilp,nat-oop,8036,25741,13.400,3.203,5.560e-16,flat,1
1969,1,z:ilp,nat-oop,18655,28229,5.775,1.513,6.346e-16,prime,0
1969,1,z:ilp,nat-oop,18361,28419,5.868,1.548,6.346e-16,prime,1
1970,1,z:ilp,nat-oop,19669,24257,5.481,1.233,5.151e-16,prime,0
1970,1,z:ilp,nat-oop,18810,24340,5.731,1.294,5.151e-16,prime,1
1971,1,z:ilp,nat-oop,18500,23990,5.830,1.297,5.336e-16,prime,0
1971,1,z:ilp,nat-oop,18137,22794,5.947,1.257,5.336e-16,prime,1
1972,1,z:ilp,nat-oop,7760,33379,13.908,4.302,9.941e-16,flat,0
1972,1,z:ilp,nat-oop,8176,33428,13.199,4.088,9.941e-16,flat,1
1973,1,z:ilp,nat-oop,20181,26505,5.351,1.313,6.420e-16,prime,0
1973,1,z:ilp,nat-oop,18636,26484,5.794,1.421,6.420e-16,prime,1
1974,1,z:ilp,nat-oop,7257,29034,14.889,4.001,4.266e-16,chain3,0
1974,1,z:ilp,nat-oop,7255,29095,14.893,4.010,4.266e-16,chain3,1
1975,1,z:ilp,nat-oop,15297,28765,7.067,1.880,5.466e-16,prime,0
1975,1,z:ilp,nat-oop,15283,28845,7.074,1.887,5.466e-16,prime,1
1976,1,z:ilp,nat-oop,6533,17931,16.558,2.745,6.517e-16,chain3,0
1976,1,z:ilp,nat-oop,5146,17906,21.019,3.479,6.517e-16,chain3,1
1977,1,z:ilp,nat-oop,19335,30042,5.598,1.554,6.162e-16,prime,0
1977,1,z:ilp,nat-oop,18226,30487,5.938,1.673,6.162e-16,prime,1
1978,1,z:ilp,nat-oop,9381,45409,11.544,4.840,1.826e-15,flat,0
1978,1,z:ilp,nat-oop,13127,45833,8.250,3.491,1.826e-15,flat,1
1979,1,z:ilp,nat-oop,22332,36728,4.852,1.645,4.459e-16,prime,0
1979,1,z:ilp,nat-oop,22405,36878,4.836,1.646,4.459e-16,prime,1
1980,1,z:ilp,nat-oop,5710,5221,18.988,0.914,5.531e-16,chain3,0
1980,1,z:ilp,nat-oop,4000,5251,27.107,1.313,5.531e-16,chain3,1
1981,1,z:ilp,nat-oop,18452,25994,5.879,1.409,5.499e-16,prime,0
1981,1,z:ilp,nat-oop,18133,26314,5.983,1.451,5.499e-16,prime,1
1982,1,z:ilp,nat-oop,17880,29426,6.071,1.646,4.865e-16,prime,0
1982,1,z:ilp,nat-oop,22069,36438,4.918,1.651,4.865e-16,prime,1
1983,1,z:ilp,nat-oop,18906,30554,5.744,1.616,6.522e-16,prime,0
1983,1,z:ilp,nat-oop,18529,31022,5.861,1.674,6.522e-16,prime,1
1984,1,z:ilp,nat-oop,5324,22673,20.411,4.259,4.519e-16,2p,0
1984,1,z:ilp,nat-oop,5238,24296,20.744,4.638,4.519e-16,2p,1
1985,1,z:ilp,nat-oop,18361,24994,5.922,1.361,5.773e-16,prime,0
1985,1,z:ilp,nat-oop,18143,25585,5.993,1.410,5.773e-16,prime,1
1986,1,z:ilp,nat-oop,15586,34276,6.980,2.199,5.955e-16,prime,0
1986,1,z:ilp,nat-oop,18278,36465,5.952,1.995,5.955e-16,prime,1
1987,1,z:ilp,nat-oop,18211,27043,5.977,1.485,7.331e-16,prime,0
1987,1,z:ilp,nat-oop,18738,29274,5.809,1.562,7.331e-16,prime,1
1988,1,z:ilp,nat-oop,18874,25214,5.771,1.336,4.628e-16,prime,0
1988,1,z:ilp,nat-oop,18120,27632,6.011,1.525,4.628e-16,prime,1
1989,1,z:ilp,nat-oop,5949,18383,18.318,3.090,6.545e-16,chain3,0
1989,1,z:ilp,nat-oop,5838,18379,18.665,3.148,6.545e-16,chain3,1
1990,1,z:ilp,nat-oop,16120,26838,6.764,1.665,4.862e-16,prime,0
1990,1,z:ilp,nat-oop,16532,23646,6.596,1.430,4.862e-16,prime,1
1991,1,z:ilp,nat-oop,17786,24593,6.134,1.383,7.097e-16,prime,0
1991,1,z:ilp,nat-oop,24132,28587,4.521,1.185,7.097e-16,prime,1
1992,1,z:ilp,nat-oop,15709,28884,6.949,1.839,5.708e-16,prime,0
1992,1,z:ilp,nat-oop,21281,29648,5.129,1.393,5.708e-16,prime,1
1993,1,z:ilp,nat-oop,19848,27444,5.503,1.383,6.152e-16,prime,0
1993,1,z:ilp,nat-oop,16298,28434,6.702,1.745,6.152e-16,prime,1
1994,1,z:ilp,nat-oop,15298,26558,7.144,1.736,4.925e-16,prime,0
1994,1,z:ilp,nat-oop,15123,27601,7.226,1.825,4.925e-16,prime,1
1995,1,z:ilp,nat-oop,5055,17152,21.632,3.393,4.736e-16,chain3,0
1995,1,z:ilp,nat-oop,5350,17005,20.440,3.179,4.736e-16,chain3,1
1996,1,z:ilp,nat-oop,18296,27033,5.980,1.478,5.674e-16,prime,0
1996,1,z:ilp,nat-oop,15232,27285,7.183,1.791,5.674e-16,prime,1
1997,1,z:ilp,nat-oop,20074,27931,5.453,1.391,5.932e-16,prime,0
1997,1,z:ilp,nat-oop,18500,26821,5.917,1.450,5.932e-16,prime,1
1998,1,z:ilp,nat-oop,10517,27566,10.415,2.621,5.287e-16,chain3,0
1998,1,z:ilp,nat-oop,9556,25503,11.462,2.669,5.287e-16,chain3,1
1999,1,z:ilp,nat-oop,15717,26771,6.973,1.703,7.024e-16,prime,0
1999,1,z:ilp,nat-oop,16718,29869,6.556,1.787,7.024e-16,prime,1
2000,1,z:ilp,nat-oop,4267,3518,25.701,0.825,3.722e-16,chain3,0
2000,1,z:ilp,nat-oop,3988,3633,27.495,0.911,3.722e-16,chain3,1
2001,1,z:ilp,nat-oop,7704,40091,14.242,5.204,5.097e-16,chain3,0
2001,1,z:ilp,nat-oop,7679,39077,14.289,5.089,5.097e-16,chain3,1
2002,1,z:ilp,nat-oop,6835,8590,16.061,1.257,7.177e-16,flat,0
2002,1,z:ilp,nat-oop,6265,8785,17.524,1.402,7.177e-16,flat,1
2003,1,z:ilp,nat-oop,16136,31802,6.808,1.971,5.927e-16,prime,0
2003,1,z:ilp,nat-oop,15758,33346,6.971,2.116,5.927e-16,prime,1
2004,1,z:ilp,nat-oop,20269,28558,5.422,1.409,5.173e-16,prime,0
2004,1,z:ilp,nat-oop,19074,29065,5.762,1.524,5.173e-16,prime,1
2005,1,z:ilp,nat-oop,18349,21361,5.993,1.164,5.980e-16,prime,0
2005,1,z:ilp,nat-oop,15787,22611,6.966,1.432,5.980e-16,prime,1
2006,1,z:ilp,nat-oop,34362,42412,3.202,1.234,5.842e-16,prime,0
2006,1,z:ilp,nat-oop,19398,44790,5.672,2.309,5.842e-16,prime,1
2007,1,z:ilp,nat-oop,18773,29029,5.865,1.546,7.481e-16,prime,0
2007,1,z:ilp,nat-oop,18128,28594,6.073,1.577,7.481e-16,prime,1
2008,1,z:ilp,nat-oop,18567,23906,5.933,1.288,5.490e-16,prime,0
2008,1,z:ilp,nat-oop,18275,23572,6.028,1.290,5.490e-16,prime,1
2009,1,z:ilp,nat-oop,9957,26884,11.069,2.700,4.857e-16,chain3,0
2009,1,z:ilp,nat-oop,8602,26821,12.812,3.118,4.857e-16,chain3,1
2010,1,z:ilp,nat-oop,18856,35597,5.848,1.888,6.108e-16,prime,0
2010,1,z:ilp,nat-oop,24058,36999,4.584,1.538,6.108e-16,prime,1
2011,1,z:ilp,nat-oop,20459,37628,5.393,1.839,6.138e-16,prime,0
2011,1,z:ilp,nat-oop,20424,35101,5.403,1.719,6.138e-16,prime,1
2012,1,z:ilp,nat-oop,19251,25801,5.735,1.340,5.195e-16,prime,0
2012,1,z:ilp,nat-oop,21155,25784,5.219,1.219,5.195e-16,prime,1
2013,1,z:ilp,nat-oop,19067,25738,5.794,1.350,6.165e-16,prime,0
2013,1,z:ilp,nat-oop,19417,25661,5.689,1.322,6.165e-16,prime,1
2014,1,z:ilp,nat-oop,17213,48101,6.421,2.794,6.155e-16,prime,0
2014,1,z:ilp,nat-oop,19380,51052,5.703,2.634,6.155e-16,prime,1
2015,1,z:ilp,nat-oop,8962,30141,12.340,3.363,6.478e-16,flat,0
2015,1,z:ilp,nat-oop,8446,27883,13.093,3.301,6.478e-16,flat,1
2016,1,z:ilp,nat-oop,3502,3906,31.597,1.115,4.691e-16,chain3,0
2016,1,z:ilp,nat-oop,3481,4602,31.791,1.322,4.691e-16,chain3,1
2017,1,z:ilp,nat-oop,19689,32343,5.623,1.643,7.225e-16,prime,0
2017,1,z:ilp,nat-oop,19343,32659,5.724,1.688,7.225e-16,prime,1
2018,1,z:ilp,nat-oop,18823,38842,5.885,2.064,7.875e-16,prime,0
2018,1,z:ilp,nat-oop,19217,41444,5.764,2.157,7.875e-16,prime,1
2019,1,z:ilp,nat-oop,18975,31001,5.841,1.634,5.832e-16,prime,0
2019,1,z:ilp,nat-oop,18429,29868,6.014,1.621,5.832e-16,prime,1
2020,1,z:ilp,nat-oop,41731,21330,2.657,0.511,4.940e-16,prime,0
2020,1,z:ilp,nat-oop,18428,23002,6.018,1.248,4.940e-16,prime,1
2021,1,z:ilp,nat-oop,19575,56038,5.668,2.863,4.920e-16,prime,0
2021,1,z:ilp,nat-oop,19239,56112,5.767,2.917,4.920e-16,prime,1
2022,1,z:ilp,nat-oop,19234,35850,5.772,1.864,5.578e-16,prime,0
2022,1,z:ilp,nat-oop,18958,36187,5.856,1.909,5.578e-16,prime,1
2023,1,z:ilp,nat-oop,5923,29594,18.756,4.997,6.652e-16,chain3,0
2023,1,z:ilp,nat-oop,6004,29110,18.502,4.848,6.652e-16,chain3,1
2024,1,z:ilp,nat-oop,6534,21727,17.011,3.325,4.861e-16,chain3,0
2024,1,z:ilp,nat-oop,5734,21554,19.383,3.759,4.861e-16,chain3,1
2025,1,z:ilp,nat-oop,4372,6160,25.437,1.409,4.284e-16,chain3,0
2025,1,z:ilp,nat-oop,4358,6111,25.519,1.402,4.284e-16,chain3,1
2026,1,z:ilp,nat-oop,19152,38774,5.810,2.025,6.913e-16,prime,0
2026,1,z:ilp,nat-oop,23214,38619,4.793,1.664,6.913e-16,prime,1
2027,1,z:ilp,nat-oop,19446,30145,5.725,1.550,5.455e-16,prime,0
2027,1,z:ilp,nat-oop,18914,27711,5.886,1.465,5.455e-16,prime,1
2028,1,z:ilp,nat-oop,4592,8021,24.258,1.747,6.680e-16,chain3,0
2028,1,z:ilp,nat-oop,4495,7992,24.783,1.778,6.680e-16,chain3,1
2029,1,z:ilp,nat-oop,17652,27614,6.314,1.564,1.033e-15,prime,0
2029,1,z:ilp,nat-oop,14968,28439,7.446,1.900,1.033e-15,prime,1
2030,1,z:ilp,nat-oop,8542,22363,13.055,2.618,5.076e-16,flat,0
2030,1,z:ilp,nat-oop,8432,22685,13.226,2.690,5.076e-16,flat,1
2031,1,z:ilp,nat-oop,18731,30453,5.957,1.626,5.832e-16,prime,0
2031,1,z:ilp,nat-oop,19336,33971,5.771,1.757,5.832e-16,prime,1
2032,1,z:ilp,nat-oop,20853,30169,5.354,1.447,7.061e-16,prime,0
2032,1,z:ilp,nat-oop,18175,25726,6.143,1.415,7.061e-16,prime,1
2033,1,z:ilp,nat-oop,16232,42308,6.882,2.606,6.133e-16,prime,0
2033,1,z:ilp,nat-oop,16184,43475,6.902,2.686,6.133e-16,prime,1
2034,1,z:ilp,nat-oop,21048,31848,5.310,1.513,6.240e-16,prime,0
2034,1,z:ilp,nat-oop,17000,32596,6.575,1.917,6.240e-16,prime,1
2035,1,z:ilp,nat-oop,9531,30946,11.733,3.247,5.693e-16,chain3,0
2035,1,z:ilp,nat-oop,8327,32236,13.430,3.871,5.693e-16,chain3,1
2036,1,z:ilp,nat-oop,19071,24107,5.867,1.264,6.210e-16,prime,0
2036,1,z:ilp,nat-oop,18889,24823,5.924,1.314,6.210e-16,prime,1
2037,1,z:ilp,nat-oop,18813,23931,5.951,1.272,6.031e-16,prime,0
2037,1,z:ilp,nat-oop,18772,24171,5.964,1.288,6.031e-16,prime,1
2038,1,z:ilp,nat-oop,16187,25429,6.920,1.571,6.554e-16,prime,0
2038,1,z:ilp,nat-oop,15774,25257,7.101,1.601,6.554e-16,prime,1
2039,1,z:ilp,nat-oop,18618,27539,6.020,1.479,7.612e-16,prime,0
2039,1,z:ilp,nat-oop,18802,27877,5.961,1.483,7.612e-16,prime,1
2040,1,z:ilp,nat-oop,4847,15136,23.138,3.123,5.518e-16,chain3,0
2040,1,z:ilp,nat-oop,4772,15156,23.501,3.176,5.518e-16,chain3,1
2041,1,z:ilp,nat-oop,18768,29412,5.979,1.567,5.463e-16,prime,0
2041,1,z:ilp,nat-oop,18685,30472,6.005,1.631,5.463e-16,prime,1
2042,1,z:ilp,nat-oop,15865,25176,7.077,1.587,5.444e-16,prime,0
2042,1,z:ilp,nat-oop,15976,25462,7.027,1.594,5.444e-16,prime,1
2043,1,z:ilp,nat-oop,18956,27383,5.926,1.445,5.756e-16,prime,0
2043,1,z:ilp,nat-oop,18797,28598,5.976,1.521,5.756e-16,prime,1
2044,1,z:ilp,nat-oop,17913,22470,6.274,1.254,6.499e-16,prime,0
2044,1,z:ilp,nat-oop,19417,24116,5.788,1.242,6.499e-16,prime,1
2045,1,z:ilp,nat-oop,22297,35242,5.043,1.581,5.872e-16,prime,0
2045,1,z:ilp,nat-oop,20056,32189,5.607,1.605,5.872e-16,prime,1
2046,1,z:ilp,nat-oop,8626,25764,13.043,2.987,4.857e-16,chain3,0
2046,1,z:ilp,nat-oop,8604,26226,13.078,3.048,4.857e-16,chain3,1
2047,1,z:ilp,nat-oop,18549,42587,6.069,2.296,5.709e-16,prime,0
2047,1,z:ilp,nat-oop,18709,44277,6.017,2.367,5.709e-16,prime,1
2048,1,z:ilp,nat-oop,2750,3077,40.960,1.119,3.824e-16,ztt,0
2048,1,z:ilp,nat-oop,2895,3018,38.903,1.042,3.824e-16,ztt,1
