N,served,ours_a,ours_b,fftw_a,fftw_b,route_a,route_b,gain,drift,x_a,x_b
2,replayed,7.0,7.0,8.0,8.0,mono,mono,1.0,1.0,1.1428571428571428,1.1428571428571428
3,replayed,11.0,10.0,9.0,9.0,mono,mono,1.1,1.0,0.8181818181818182,0.9
4,replayed,10.0,10.0,9.0,9.0,mono,mono,1.0,1.0,0.9,0.9
5,replayed,15.0,15.0,13.0,13.0,mono,mono,1.0,1.0,0.8666666666666667,0.8666666666666667
6,replayed,15.0,15.0,12.0,11.0,mono,mono,1.0,0.9166666666666666,0.8,0.7333333333333333
7,replayed,19.0,19.0,15.0,15.0,mono,mono,1.0,1.0,0.7894736842105263,0.7894736842105263
8,replayed,17.0,17.0,13.0,13.0,mono,mono,1.0,1.0,0.7647058823529411,0.7647058823529411
9,replayed,22.0,21.0,18.0,18.0,mono,mono,1.0476190476190477,1.0,0.8181818181818182,0.8571428571428571
10,replayed,22.0,22.0,16.0,16.0,mono,mono,1.0,1.0,0.7272727272727273,0.7272727272727273
11,replayed,30.0,29.0,21.0,21.0,mono,mono,1.0344827586206897,1.0,0.7,0.7241379310344828
12,replayed,27.0,25.0,17.0,17.0,2p,mono,1.08,1.0,0.6296296296296297,0.68
13,replayed,40.0,40.0,24.0,24.0,mono,mono,1.0,1.0,0.6,0.6
14,replayed,32.0,32.0,22.0,22.0,mono,mono,1.0,1.0,0.6875,0.6875
15,replayed,34.0,34.0,24.0,24.0,2p,2p,1.0,1.0,0.7058823529411765,0.7058823529411765
16,replayed,21.0,21.0,21.0,21.0,ztt,ztt,1.0,1.0,1.0,1.0
17,replayed,53.0,55.0,103.0,103.0,mono,mono,0.9636363636363636,1.0,1.9433962264150944,1.8727272727272728
18,replayed,39.0,34.0,34.0,34.0,2p,2p,1.1470588235294117,1.0,0.8717948717948718,1.0
19,replayed,61.0,60.0,124.0,124.0,mono,mono,1.0166666666666666,1.0,2.0327868852459017,2.066666666666667
20,replayed,36.0,36.0,31.0,30.0,2p,2p,1.0,0.967741935483871,0.8611111111111112,0.8333333333333334
21,replayed,42.0,41.0,53.0,51.0,2p,2p,1.024390243902439,0.9622641509433962,1.2619047619047619,1.2439024390243902
22,replayed,53.0,52.0,45.0,50.0,mono,mono,1.0192307692307692,1.1111111111111112,0.8490566037735849,0.9615384615384616
23,replayed,84.0,82.0,177.0,174.0,mono,mono,1.024390243902439,0.9830508474576272,2.107142857142857,2.1219512195121952
24,replayed,43.0,37.0,33.0,34.0,2p,2p,1.162162162162162,1.0303030303030303,0.7674418604651163,0.918918918918919
25,replayed,49.0,49.0,52.0,52.0,2p,2p,1.0,1.0,1.0612244897959184,1.0612244897959184
26,replayed,68.0,68.0,49.0,49.0,mono,mono,1.0,1.0,0.7205882352941176,0.7205882352941176
27,replayed,71.0,50.0,66.0,66.0,flat,2p,1.42,1.0,0.9295774647887324,1.32
28,replayed,43.0,42.0,40.0,40.0,2p,2p,1.0238095238095237,1.0,0.9302325581395349,0.9523809523809523
29,replayed,123.0,120.0,265.0,260.0,mono,mono,1.025,0.9811320754716981,2.154471544715447,2.1666666666666665
30,replayed,50.0,47.0,48.0,46.0,2p,2p,1.0638297872340425,0.9583333333333334,0.96,0.9787234042553191
31,replayed,125.0,122.0,300.0,293.0,mono,mono,1.0245901639344261,0.9766666666666667,2.4,2.401639344262295
32,replayed,38.0,33.0,38.0,38.0,2p,ztt,1.1515151515151516,1.0,1.0,1.1515151515151516
33,replayed,63.0,63.0,81.0,90.0,2p,2p,1.0,1.1111111111111112,1.2857142857142858,1.4285714285714286
34,replayed,119.0,119.0,235.0,232.0,flat,flat,1.0,0.9872340425531915,1.9747899159663866,1.949579831932773
35,replayed,59.0,59.0,77.0,77.0,2p,2p,1.0,1.0,1.305084745762712,1.305084745762712
36,replayed,52.0,51.0,47.0,47.0,2p,2p,1.0196078431372548,1.0,0.9038461538461539,0.9215686274509803
37,replayed,159.0,159.0,400.0,400.0,mono,mono,1.0,1.0,2.5157232704402515,2.5157232704402515
38,replayed,137.0,137.0,275.0,275.0,flat,flat,1.0,1.0,2.0072992700729926,2.0072992700729926
39,replayed,78.0,78.0,92.0,92.0,2p,2p,1.0,1.0,1.1794871794871795,1.1794871794871795
40,replayed,48.0,48.0,48.0,47.0,2p,2p,1.0,0.9791666666666666,1.0,0.9791666666666666
41,replayed,194.0,194.0,484.0,483.0,mono,mono,1.0,0.9979338842975206,2.4948453608247423,2.4896907216494846
42,replayed,62.0,61.0,64.0,70.0,2p,2p,1.0163934426229508,1.09375,1.032258064516129,1.1475409836065573
43,replayed,227.0,209.0,531.0,531.0,prime,mono,1.0861244019138756,1.0,2.33920704845815,2.54066985645933
44,replayed,63.0,63.0,81.0,81.0,2p,2p,1.0,1.0,1.2857142857142858,1.2857142857142858
45,replayed,75.0,74.0,97.0,94.0,2p,2p,1.0135135135135136,0.9690721649484536,1.2933333333333332,1.2702702702702702
46,replayed,143.0,143.0,409.0,380.0,flat,flat,1.0,0.9290953545232273,2.86013986013986,2.6573426573426575
47,replayed,239.0,239.0,572.0,573.0,mono,mono,1.0,1.0017482517482517,2.3933054393305437,2.397489539748954
48,replayed,58.0,53.0,54.0,54.0,2p,2p,1.0943396226415094,1.0,0.9310344827586207,1.0188679245283019
49,replayed,75.0,75.0,137.0,105.0,2p,2p,1.0,0.7664233576642335,1.8266666666666667,1.4
50,replayed,70.0,70.0,75.0,75.0,2p,2p,1.0,1.0,1.0714285714285714,1.0714285714285714
51,replayed,116.0,116.0,371.0,354.0,2p,2p,1.0,0.954177897574124,3.1982758620689653,3.0517241379310347
52,replayed,80.0,79.0,91.0,91.0,2p,2p,1.0126582278481013,1.0,1.1375,1.1518987341772151
53,replayed,290.0,288.0,722.0,722.0,prime,prime,1.0069444444444444,1.0,2.489655172413793,2.5069444444444446
54,replayed,78.0,75.0,81.0,81.0,2p,2p,1.04,1.0,1.0384615384615385,1.08
55,replayed,94.0,94.0,120.0,120.0,2p,2p,1.0,1.0,1.2765957446808511,1.2765957446808511
56,replayed,71.0,69.0,69.0,67.0,2p,2p,1.0289855072463767,0.9710144927536232,0.971830985915493,0.9710144927536232
57,replayed,137.0,137.0,418.0,425.0,2p,2p,1.0,1.0167464114832536,3.051094890510949,3.102189781021898
58,replayed,195.0,195.0,557.0,557.0,flat,flat,1.0,1.0,2.8564102564102565,2.8564102564102565
59,replayed,374.0,373.0,695.0,689.0,prime,prime,1.002680965147453,0.9913669064748202,1.858288770053476,1.8471849865951742
60,replayed,73.0,73.0,69.0,69.0,2p,2p,1.0,1.0,0.9452054794520548,0.9452054794520548
61,replayed,313.0,297.0,593.0,593.0,prime,prime,1.0538720538720538,1.0,1.8945686900958467,1.9966329966329965
62,replayed,213.0,212.0,626.0,625.0,flat,flat,1.0047169811320755,0.9984025559105432,2.9389671361502345,2.94811320754717
63,replayed,97.0,95.0,133.0,130.0,2p,2p,1.0210526315789474,0.9774436090225563,1.3711340206185567,1.368421052631579
64,replayed,62.0,59.0,66.0,66.0,2p,ztt,1.0508474576271187,1.0,1.064516129032258,1.11864406779661
65,replayed,116.0,116.0,142.0,135.0,2p,2p,1.0,0.9507042253521126,1.2241379310344827,1.1637931034482758
66,replayed,96.0,96.0,117.0,117.0,2p,2p,1.0,1.0,1.21875,1.21875
67,replayed,361.0,361.0,1078.0,1083.0,prime,prime,1.0,1.0046382189239331,2.9861495844875345,3.0
68,replayed,115.0,115.0,461.0,471.0,2p,2p,1.0,1.0216919739696313,4.008695652173913,4.095652173913043
69,replayed,202.0,182.0,604.0,582.0,2p,2p,1.10989010989011,0.9635761589403974,2.99009900990099,3.197802197802198
70,replayed,90.0,90.0,106.0,106.0,2p,2p,1.0,1.0,1.1777777777777778,1.1777777777777778
71,replayed,358.0,358.0,807.0,806.0,prime,prime,1.0,0.9987608426270136,2.2541899441340782,2.2513966480446927
72,replayed,92.0,84.0,81.0,81.0,2p,2p,1.0952380952380953,1.0,0.8804347826086957,0.9642857142857143
73,replayed,352.0,370.0,699.0,705.0,prime,prime,0.9513513513513514,1.0085836909871244,1.9857954545454546,1.9054054054054055
74,replayed,457.0,273.0,843.0,947.0,flat,flat,1.673992673992674,1.1233689205219455,1.8446389496717723,3.468864468864469
75,replayed,111.0,111.0,145.0,164.0,2p,2p,1.0,1.1310344827586207,1.3063063063063063,1.4774774774774775
76,replayed,146.0,152.0,613.0,548.0,2p,2p,0.9605263157894737,0.8939641109298532,4.198630136986301,3.6052631578947367
77,replayed,123.0,123.0,157.0,206.0,2p,2p,1.0,1.3121019108280254,1.2764227642276422,1.6747967479674797
78,replayed,120.0,120.0,133.0,133.0,2p,2p,1.0,1.0,1.1083333333333334,1.1083333333333334
79,replayed,443.0,440.0,1017.0,998.0,prime,prime,1.0068181818181818,0.9813176007866273,2.295711060948081,2.268181818181818
80,replayed,85.0,87.0,85.0,85.0,2p,2p,0.9770114942528736,1.0,1.0,0.9770114942528736
81,replayed,123.0,123.0,214.0,163.0,2p,2p,1.0,0.7616822429906542,1.7398373983739837,1.3252032520325203
82,replayed,689.0,311.0,1066.0,1073.0,prime,flat,2.215434083601286,1.0065666041275798,1.5471698113207548,3.45016077170418
83,replayed,686.0,688.0,1054.0,1060.0,prime,prime,0.997093023255814,1.0056925996204933,1.5364431486880465,1.5406976744186047
84,replayed,108.0,108.0,101.0,101.0,2p,2p,1.0,1.0,0.9351851851851852,0.9351851851851852
85,replayed,174.0,174.0,633.0,595.0,2p,2p,1.0,0.9399684044233807,3.6379310344827585,3.4195402298850577
86,replayed,687.0,332.0,1112.0,1113.0,prime,flat,2.069277108433735,1.0008992805755397,1.6186317321688501,3.352409638554217
87,replayed,334.0,258.0,896.0,896.0,flat,2p,1.2945736434108528,1.0,2.682634730538922,3.4728682170542635
88,replayed,114.0,115.0,193.0,194.0,2p,2p,0.991304347826087,1.005181347150259,1.6929824561403508,1.6869565217391305
89,replayed,460.0,461.0,1074.0,1072.0,prime,prime,0.9978308026030369,0.9981378026070763,2.3347826086956522,2.3253796095444685
90,replayed,116.0,115.0,123.0,132.0,2p,2p,1.008695652173913,1.0731707317073171,1.0603448275862069,1.1478260869565218
91,replayed,159.0,153.0,178.0,178.0,2p,2p,1.0392156862745099,1.0,1.119496855345912,1.1633986928104576
92,replayed,175.0,176.0,838.0,759.0,2p,2p,0.9943181818181818,0.905727923627685,4.788571428571428,4.3125
93,replayed,370.0,285.0,1001.0,1000.0,flat,2p,1.2982456140350878,0.999000999000999,2.7054054054054055,3.508771929824561
94,replayed,711.0,377.0,1387.0,1372.0,prime,flat,1.8859416445623343,0.989185291997116,1.950773558368495,3.6392572944297084
95,replayed,213.0,213.0,696.0,704.0,2p,2p,1.0,1.0114942528735633,3.267605633802817,3.3051643192488265
96,replayed,98.0,98.0,97.0,97.0,2p,2p,1.0,1.0,0.9897959183673469,0.9897959183673469
97,replayed,446.0,458.0,905.0,906.0,prime,prime,0.9737991266375546,1.0011049723756906,2.0291479820627805,1.9781659388646289
98,replayed,223.0,230.0,155.0,155.0,flat,flat,0.9695652173913043,1.0,0.695067264573991,0.6739130434782609
99,replayed,167.0,158.0,199.0,258.0,2p,2p,1.0569620253164558,1.2964824120603016,1.1916167664670658,1.6329113924050633
100,replayed,114.0,114.0,110.0,110.0,2p,2p,1.0,1.0,0.9649122807017544,0.9649122807017544
101,replayed,489.0,489.0,957.0,962.0,prime,prime,1.0,1.0052246603970743,1.9570552147239264,1.967280163599182
102,replayed,175.0,175.0,693.0,777.0,2p,2p,1.0,1.121212121212121,3.96,4.44
103,replayed,621.0,628.0,1391.0,1414.0,prime,prime,0.9888535031847133,1.0165348670021568,2.239935587761675,2.251592356687898
104,replayed,146.0,146.0,169.0,169.0,2p,2p,1.0,1.0,1.1575342465753424,1.1575342465753424
105,replayed,150.0,148.0,190.0,190.0,2p,2p,1.0135135135135136,1.0,1.2666666666666666,1.2837837837837838
106,replayed,790.0,719.0,1692.0,1698.0,prime,prime,1.0987482614742698,1.00354609929078,2.141772151898734,2.3616133518776077
107,replayed,796.0,702.0,1402.0,1425.0,prime,prime,1.1339031339031338,1.0164051355206847,1.7613065326633166,2.02991452991453
108,replayed,141.0,140.0,158.0,158.0,2p,2p,1.0071428571428571,1.0,1.1205673758865249,1.1285714285714286
109,replayed,557.0,558.0,1111.0,1113.0,prime,prime,0.9982078853046595,1.0018001800180019,1.9946140035906643,1.9946236559139785
110,replayed,156.0,153.0,190.0,190.0,2p,2p,1.0196078431372548,1.0,1.2179487179487178,1.2418300653594772
111,replayed,710.0,365.0,1342.0,1344.0,prime,2p,1.9452054794520548,1.0014903129657229,1.8901408450704225,3.682191780821918
112,replayed,139.0,125.0,123.0,124.0,2p,2p,1.112,1.008130081300813,0.8848920863309353,0.992
113,replayed,555.0,563.0,1627.0,1631.0,prime,prime,0.9857904085257548,1.002458512599877,2.9315315315315313,2.8969804618117228
114,replayed,209.0,213.0,824.0,826.0,2p,2p,0.9812206572769953,1.0024271844660195,3.9425837320574164,3.8779342723004695
115,replayed,300.0,266.0,988.0,959.0,2p,2p,1.1278195488721805,0.9706477732793523,3.2933333333333334,3.6052631578947367
116,replayed,342.0,251.0,1114.0,1178.0,flat,2p,1.3625498007968126,1.0574506283662477,3.257309941520468,4.693227091633466
117,replayed,197.0,203.0,227.0,296.0,2p,2p,0.9704433497536946,1.303964757709251,1.1522842639593909,1.458128078817734
118,replayed,801.0,711.0,1589.0,1590.0,prime,prime,1.1265822784810127,1.000629326620516,1.9837702871410736,2.2362869198312234
119,replayed,228.0,231.0,818.0,818.0,2p,2p,0.987012987012987,1.0,3.587719298245614,3.5411255411255413
120,replayed,133.0,133.0,127.0,127.0,2p,2p,1.0,1.0,0.9548872180451128,0.9548872180451128
121,replayed,209.0,209.0,366.0,365.0,2p,2p,1.0,0.9972677595628415,1.7511961722488039,1.7464114832535884
122,replayed,802.0,752.0,1248.0,1252.0,prime,prime,1.0664893617021276,1.0032051282051282,1.5561097256857854,1.6648936170212767
123,replayed,731.0,448.0,1539.0,1539.0,prime,2p,1.6316964285714286,1.0,2.1053351573187413,3.435267857142857
124,replayed,372.0,275.0,1250.0,1275.0,flat,2p,1.3527272727272728,1.02,3.360215053763441,4.636363636363637
125,replayed,209.0,190.0,273.0,273.0,2p,2p,1.1,1.0,1.30622009569378,1.436842105263158
126,replayed,170.0,171.0,197.0,204.0,2p,2p,0.9941520467836257,1.0355329949238579,1.1588235294117648,1.1929824561403508
127,replayed,831.0,738.0,1364.0,1371.0,prime,prime,1.1260162601626016,1.0051319648093842,1.641395908543923,1.8577235772357723
128,replayed,124.0,120.0,125.0,125.0,2p,2p,1.0333333333333334,1.0,1.0080645161290323,1.0416666666666667
129,replayed,504.0,473.0,1770.0,1769.0,flat,2p,1.06553911205074,0.9994350282485875,3.511904761904762,3.7399577167019027
130,replayed,191.0,191.0,217.0,292.0,2p,2p,1.0,1.3456221198156681,1.1361256544502618,1.5287958115183247
131,replayed,726.0,722.0,1771.0,1785.0,prime,prime,1.005540166204986,1.007905138339921,2.4393939393939394,2.472299168975069
132,replayed,180.0,180.0,277.0,277.0,2p,2p,1.0,1.0,1.538888888888889,1.538888888888889
133,replayed,271.0,271.0,975.0,976.0,2p,2p,1.0,1.001025641025641,3.5977859778597785,3.6014760147601477
134,replayed,1555.0,1438.0,2358.0,2618.0,prime,prime,1.0813630041724618,1.1102629346904156,1.5163987138263666,1.8205841446453408
135,replayed,194.0,193.0,245.0,245.0,2p,2p,1.005181347150259,1.0,1.2628865979381443,1.2694300518134716
136,replayed,215.0,215.0,921.0,921.0,2p,2p,1.0,1.0,4.283720930232558,4.283720930232558
137,replayed,805.0,793.0,1700.0,1714.0,prime,prime,1.0151324085750315,1.0082352941176471,2.111801242236025,2.1614123581336697
138,replayed,264.0,264.0,1147.0,1144.0,2p,2p,1.0,0.997384481255449,4.34469696969697,4.333333333333333
139,replayed,963.0,973.0,1663.0,1682.0,prime,prime,0.9897225077081192,1.0114251352976549,1.7268951194184838,1.7286742034943474
140,replayed,261.0,261.0,166.0,161.0,chain3,chain3,1.0,0.9698795180722891,0.6360153256704981,0.6168582375478927
141,replayed,577.0,542.0,2035.0,2036.0,flat,2p,1.0645756457564575,1.0004914004914005,3.5268630849220104,3.756457564575646
142,replayed,1532.0,1445.0,1777.0,1777.0,prime,prime,1.0602076124567474,1.0,1.1599216710182767,1.229757785467128
143,replayed,261.0,257.0,423.0,423.0,2p,2p,1.0155642023346303,1.0,1.6206896551724137,1.6459143968871595
144,replayed,231.0,156.0,156.0,156.0,chain3,2p,1.4807692307692308,1.0,0.6753246753246753,1.0
145,replayed,384.0,381.0,1409.0,1408.0,2p,2p,1.0078740157480315,0.9992902767920511,3.6692708333333335,3.695538057742782
146,replayed,1540.0,1508.0,1485.0,1469.0,prime,prime,1.0212201591511936,0.9892255892255892,0.9642857142857143,0.9741379310344828
147,replayed,304.0,217.0,413.0,426.0,chain3,2p,1.400921658986175,1.0314769975786926,1.3585526315789473,1.9631336405529953
148,replayed,353.0,353.0,1695.0,1700.0,2p,2p,1.0,1.0029498525073746,4.801699716713881,4.81586402266289
149,replayed,1321.0,1306.0,1717.0,1731.0,prime,prime,1.0114854517611025,1.0081537565521257,1.2997728993186979,1.3254211332312404
150,replayed,186.0,191.0,208.0,208.0,2p,2p,0.9738219895287958,1.0,1.118279569892473,1.0890052356020943
151,replayed,904.0,857.0,1513.0,1511.0,prime,prime,1.0548424737456243,0.998678122934567,1.6736725663716814,1.7631271878646442
152,replayed,258.0,258.0,1097.0,1096.0,2p,2p,1.0,0.9990884229717412,4.251937984496124,4.248062015503876
153,replayed,294.0,294.0,1063.0,1059.0,2p,2p,1.0,0.9962370649106302,3.6156462585034013,3.6020408163265305
154,replayed,362.0,356.0,391.0,396.0,flat,flat,1.0168539325842696,1.0127877237851663,1.080110497237569,1.1123595505617978
155,replayed,603.0,423.0,1634.0,1583.0,2p,2p,1.425531914893617,0.9687882496940025,2.7097844112769485,3.7423167848699763
156,replayed,228.0,223.0,306.0,306.0,2p,2p,1.0224215246636772,1.0,1.3421052631578947,1.3721973094170403
157,replayed,860.0,859.0,1630.0,1649.0,prime,prime,1.0011641443538999,1.0116564417177913,1.8953488372093024,1.919674039580908
158,replayed,1474.0,1470.0,2077.0,2290.0,prime,prime,1.002721088435374,1.1025517573423207,1.4090909090909092,1.5578231292517006
159,replayed,1469.0,1459.0,2468.0,2470.0,prime,prime,1.0068540095956133,1.0008103727714748,1.6800544588155208,1.6929403701165182
160,replayed,161.0,163.0,164.0,166.0,2p,2p,0.9877300613496932,1.0121951219512195,1.0186335403726707,1.01840490797546
161,replayed,351.0,352.0,1484.0,1348.0,2p,2p,0.9971590909090909,0.9083557951482479,4.227920227920228,3.8295454545454546
162,replayed,214.0,214.0,316.0,316.0,2p,2p,1.0,1.0,1.4766355140186915,1.4766355140186915
163,replayed,1047.0,1048.0,1809.0,1811.0,prime,prime,0.9990458015267175,1.0011055831951354,1.7277936962750717,1.7280534351145038
164,replayed,622.0,435.0,2085.0,2039.0,2p,2p,1.4298850574712643,0.9779376498800959,3.352090032154341,4.68735632183908
165,replayed,253.0,253.0,367.0,367.0,2p,2p,1.0,1.0,1.4505928853754941,1.4505928853754941
166,replayed,1524.0,1472.0,2836.0,2719.0,prime,prime,1.0353260869565217,0.9587447108603667,1.8608923884514437,1.8471467391304348
167,replayed,1534.0,1589.0,2223.0,2201.0,prime,prime,0.9653870358716173,0.9901034637876743,1.4491525423728813,1.3851478917558213
168,replayed,284.0,210.0,198.0,198.0,chain3,2p,1.3523809523809525,1.0,0.6971830985915493,0.9428571428571428
169,replayed,318.0,318.0,584.0,492.0,2p,2p,1.0,0.8424657534246576,1.8364779874213837,1.5471698113207548
170,replayed,278.0,288.0,1161.0,1163.0,2p,2p,0.9652777777777778,1.0017226528854435,4.176258992805756,4.038194444444445
171,replayed,350.0,349.0,1263.0,1535.0,2p,2p,1.002865329512894,1.2153602533650039,3.6085714285714285,4.3982808022922635
172,replayed,464.0,465.0,2253.0,2236.0,2p,2p,0.9978494623655914,0.9924545051043053,4.855603448275862,4.808602150537634
173,replayed,1473.0,1484.0,2187.0,2236.0,prime,prime,0.9925876010781671,1.0224051211705534,1.4847250509164969,1.5067385444743935
174,replayed,380.0,380.0,1808.0,1682.0,2p,2p,1.0,0.9303097345132744,4.757894736842105,4.426315789473684
175,replayed,362.0,259.0,381.0,369.0,chain3,2p,1.3976833976833978,0.968503937007874,1.0524861878453038,1.4247104247104247
176,replayed,238.0,222.0,351.0,351.0,2p,2p,1.072072072072072,1.0,1.4747899159663866,1.5810810810810811
177,replayed,1562.0,1478.0,2413.0,2420.0,prime,prime,1.0568335588633289,1.0029009531703275,1.5448143405889885,1.6373477672530448
178,replayed,1478.0,1479.0,2744.0,2236.0,prime,prime,0.9993238674780257,0.814868804664723,1.8565629228687415,1.5118323191345504
179,replayed,1468.0,1473.0,2220.0,2236.0,prime,prime,0.9966055668703326,1.0072072072072071,1.5122615803814714,1.517990495587237
180,replayed,220.0,220.0,242.0,242.0,2p,2p,1.0,1.0,1.1,1.1
181,replayed,1032.0,1033.0,1790.0,1800.0,prime,prime,0.9990319457889641,1.005586592178771,1.7344961240310077,1.7424975798644724
182,replayed,442.0,443.0,446.0,445.0,flat,flat,0.9977426636568849,0.9977578475336323,1.009049773755656,1.0045146726862302
183,replayed,1539.0,1474.0,1999.0,2002.0,prime,prime,1.0440976933514248,1.0015007503751876,1.2988953866146848,1.3582089552238805
184,replayed,439.0,334.0,1642.0,1611.0,2p,2p,1.31437125748503,0.9811205846528623,3.7403189066059226,4.823353293413174
185,replayed,816.0,540.0,2255.0,2256.0,2p,2p,1.511111111111111,1.0004434589800444,2.763480392156863,4.177777777777778
186,replayed,417.0,417.0,1886.0,1937.0,2p,2p,1.0,1.0270413573700954,4.522781774580336,4.6450839328537175
187,replayed,463.0,372.0,1494.0,1607.0,flat,2p,1.2446236559139785,1.0756358768406962,3.226781857451404,4.31989247311828
188,replayed,957.0,535.0,2613.0,2724.0,2p,2p,1.7887850467289719,1.04247990815155,2.730407523510972,5.091588785046729
189,replayed,357.0,287.0,513.0,513.0,chain3,2p,1.2439024390243902,1.0,1.4369747899159664,1.7874564459930313
190,replayed,336.0,342.0,1382.0,1387.0,2p,2p,0.9824561403508771,1.003617945007236,4.113095238095238,4.055555555555555
191,replayed,1201.0,1181.0,1936.0,1957.0,prime,prime,1.0169348010160881,1.0108471074380165,1.6119900083263947,1.6570702794242167
192,replayed,199.0,238.0,195.0,197.0,2p,chain3,0.8361344537815126,1.0102564102564102,0.9798994974874372,0.8277310924369747
193,replayed,942.0,912.0,1786.0,1782.0,prime,prime,1.0328947368421053,0.9977603583426652,1.8959660297239915,1.9539473684210527
194,replayed,1482.0,1578.0,1903.0,1980.0,prime,prime,0.9391634980988594,1.0404624277456647,1.2840755735492577,1.2547528517110267
195,replayed,382.0,319.0,430.0,429.0,chain3,2p,1.1974921630094044,0.9976744186046511,1.12565445026178,1.3448275862068966
196,replayed,408.0,361.0,369.0,369.0,chain3,chain3,1.1301939058171746,1.0,0.9044117647058824,1.0221606648199446
197,replayed,1363.0,1370.0,2208.0,2082.0,prime,prime,0.9948905109489051,0.9429347826086957,1.61995597945708,1.5197080291970804
198,replayed,363.0,362.0,440.0,441.0,chain3,chain3,1.0027624309392265,1.0022727272727272,1.2121212121212122,1.218232044198895
199,replayed,1358.0,1363.0,2212.0,2116.0,prime,prime,0.9963316214233309,0.9566003616636528,1.6288659793814433,1.5524578136463683
200,replayed,301.0,249.0,218.0,217.0,chain3,2p,1.2088353413654618,0.9954128440366973,0.7242524916943521,0.8714859437751004
201,replayed,1584.0,1506.0,3429.0,3401.0,prime,prime,1.051792828685259,0.9918343540390785,2.164772727272727,2.258300132802125
202,replayed,1578.0,1599.0,2131.0,2133.0,prime,prime,0.9868667917448405,1.000938526513374,1.350443599493029,1.3339587242026267
203,replayed,506.0,507.0,1977.0,1979.0,2p,2p,0.9980276134122288,1.0010116337885686,3.9071146245059287,3.903353057199211
204,replayed,399.0,377.0,1490.0,1482.0,chain3,2p,1.0583554376657824,0.9946308724832215,3.7343358395989976,3.9310344827586206
205,replayed,665.0,664.0,2198.0,2572.0,2p,2p,1.0015060240963856,1.170154686078253,3.305263157894737,3.8734939759036147
206,replayed,1653.0,1495.0,4099.0,4382.0,prime,prime,1.105685618729097,1.0690412295681873,2.4797338173018755,2.931103678929766
207,replayed,553.0,453.0,1745.0,1745.0,2p,2p,1.2207505518763797,1.0,3.155515370705244,3.8520971302428255
208,replayed,277.0,279.0,404.0,385.0,2p,2p,0.992831541218638,0.9529702970297029,1.4584837545126355,1.3799283154121864
209,replayed,453.0,438.0,1758.0,1759.0,2p,2p,1.0342465753424657,1.0005688282138794,3.880794701986755,4.0159817351598175
210,replayed,340.0,284.0,304.0,304.0,chain3,2p,1.1971830985915493,1.0,0.8941176470588236,1.0704225352112675
211,replayed,1380.0,1261.0,2696.0,2688.0,prime,prime,1.0943695479777955,0.9970326409495549,1.953623188405797,2.1316415543219667
212,replayed,1584.0,1509.0,3499.0,3283.0,prime,prime,1.0497017892644136,0.9382680765933124,2.2089646464646466,2.1756129887342612
213,replayed,1597.0,1507.0,2578.0,2556.0,prime,prime,1.059721300597213,0.991466252909232,1.6142767689417659,1.6960849369608493
214,replayed,1582.0,1503.0,2976.0,2977.0,prime,prime,1.0525615435795077,1.0003360215053763,1.8811630847029077,1.9807052561543579
215,replayed,763.0,711.0,2823.0,2989.0,flat,2p,1.0731364275668074,1.0588026921714488,3.6998689384010484,4.20393811533052
216,replayed,298.0,268.0,364.0,364.0,2p,2p,1.1119402985074627,1.0,1.221476510067114,1.3582089552238805
217,replayed,739.0,559.0,2217.0,2410.0,2p,2p,1.3220035778175314,1.0870545782589085,3.0,4.311270125223613
218,replayed,1507.0,1503.0,2359.0,2463.0,prime,prime,1.0026613439787093,1.0440864773208987,1.5653616456536164,1.6387225548902196
219,replayed,1599.0,1513.0,2419.0,2373.0,prime,prime,1.0568407138136153,0.9809838776353865,1.5128205128205128,1.5684071381361533
220,replayed,388.0,387.0,445.0,432.0,chain3,chain3,1.0025839793281655,0.9707865168539326,1.1469072164948453,1.1162790697674418
221,replayed,456.0,452.0,1765.0,1898.0,2p,2p,1.008849557522124,1.0753541076487252,3.870614035087719,4.199115044247788
222,replayed,537.0,540.0,2550.0,2552.0,2p,2p,0.9944444444444445,1.0007843137254901,4.748603351955308,4.725925925925926
223,replayed,1586.0,1544.0,2915.0,2924.0,prime,prime,1.0272020725388602,1.0030874785591766,1.8379571248423707,1.8937823834196892
224,replayed,264.0,264.0,249.0,249.0,2p,2p,1.0,1.0,0.9431818181818182,0.9431818181818182
225,replayed,346.0,325.0,503.0,473.0,2p,2p,1.0646153846153845,0.9403578528827038,1.453757225433526,1.4553846153846153
226,replayed,1521.0,1507.0,3512.0,4018.0,prime,prime,1.0092899800928998,1.1440774487471526,2.3090072320841553,2.666224286662243
227,replayed,1577.0,1582.0,2655.0,2666.0,prime,prime,0.9968394437420987,1.0041431261770244,1.683576410906785,1.6852085967130215
228,replayed,656.0,397.0,1887.0,1714.0,flat,2p,1.6523929471032746,0.908320084790673,2.8765243902439024,4.317380352644836
229,replayed,1427.0,1418.0,2643.0,2673.0,prime,prime,1.0063469675599437,1.011350737797957,1.8521373510861947,1.885049365303244
230,replayed,437.0,437.0,1908.0,1909.0,2p,2p,1.0,1.000524109014675,4.366132723112128,4.368421052631579
231,replayed,440.0,382.0,629.0,620.0,chain3,2p,1.1518324607329844,0.985691573926868,1.4295454545454545,1.6230366492146597
232,replayed,665.0,487.0,2264.0,2321.0,flat,2p,1.3655030800821355,1.0251766784452296,3.4045112781954887,4.765913757700205
233,replayed,1600.0,1517.0,2664.0,2685.0,prime,prime,1.054713249835201,1.007882882882883,1.665,1.7699406723796969
234,replayed,495.0,437.0,502.0,502.0,chain3,chain3,1.1327231121281465,1.0,1.0141414141414142,1.1487414187643021
235,replayed,1265.0,820.0,3291.0,3301.0,2p,2p,1.5426829268292683,1.0030385900941963,2.6015810276679843,4.025609756097561
236,replayed,1598.0,1522.0,3152.0,2935.0,prime,prime,1.049934296977661,0.9311548223350253,1.972465581977472,1.92838370565046
237,replayed,1603.0,1519.0,3191.0,3019.0,prime,prime,1.055299539170507,0.9460984017549358,1.9906425452276981,1.987491770901909
238,replayed,677.0,617.0,1751.0,1756.0,flat,flat,1.0972447325769854,1.0028555111364934,2.586410635155096,2.846029173419773
239,replayed,1609.0,1528.0,2674.0,2868.0,prime,prime,1.0530104712041886,1.0725504861630517,1.6619018023617154,1.8769633507853403
240,replayed,302.0,273.0,257.0,256.0,2p,2p,1.1062271062271063,0.9961089494163424,0.8509933774834437,0.9377289377289377
241,replayed,1401.0,1355.0,2275.0,2267.0,prime,prime,1.0339483394833948,0.9964835164835165,1.6238401142041399,1.6730627306273063
242,replayed,604.0,585.0,1013.0,1003.0,flat,flat,1.0324786324786326,0.9901283316880553,1.6771523178807948,1.7145299145299144
243,replayed,380.0,371.0,643.0,647.0,2p,2p,1.0242587601078168,1.0062208398133747,1.6921052631578948,1.743935309973046
244,replayed,1636.0,1519.0,2537.0,2518.0,prime,prime,1.077024358130349,0.9925108395743003,1.5507334963325183,1.6576695194206714
245,replayed,502.0,501.0,721.0,724.0,chain3,chain3,1.001996007984032,1.0041608876560333,1.4362549800796813,1.4451097804391217
246,replayed,661.0,660.0,3166.0,3156.0,2p,2p,1.0015151515151515,0.9968414403032217,4.789712556732224,4.781818181818182
247,replayed,557.0,547.0,2078.0,2075.0,2p,2p,1.0182815356489945,0.9985563041385948,3.7307001795332138,3.793418647166362
248,replayed,748.0,537.0,2802.0,2505.0,flat,2p,1.3929236499068902,0.8940042826552462,3.7459893048128343,4.664804469273743
249,replayed,1631.0,1537.0,3333.0,3379.0,prime,prime,1.0611581001951855,1.013801380138014,2.043531575720417,2.198438516590761
250,replayed,419.0,348.0,418.0,424.0,chain3,2p,1.2040229885057472,1.014354066985646,0.9976133651551312,1.2183908045977012
251,replayed,1534.0,1528.0,2675.0,2661.0,prime,prime,1.0039267015706805,0.994766355140187,1.74380704041721,1.7414921465968587
252,replayed,458.0,356.0,444.0,444.0,chain3,2p,1.2865168539325842,1.0,0.9694323144104804,1.247191011235955
253,replayed,571.0,574.0,2390.0,2405.0,2p,2p,0.9947735191637631,1.006276150627615,4.185639229422066,4.189895470383275
254,replayed,1526.0,1600.0,2993.0,2991.0,prime,prime,0.95375,0.9993317741396592,1.9613368283093053,1.869375
255,replayed,466.0,486.0,1864.0,1863.0,2p,2p,0.9588477366255144,0.9994635193133047,4.0,3.8333333333333335
256,replayed,236.0,234.0,256.0,256.0,2p,2p,1.0085470085470085,1.0,1.0847457627118644,1.0940170940170941
257,replayed,1277.0,1185.0,2386.0,2362.0,prime,prime,1.0776371308016877,0.9899413243922883,1.8684416601409555,1.9932489451476794
258,replayed,1037.0,715.0,3362.0,3362.0,2p,2p,1.4503496503496502,1.0,3.2420443587270973,4.702097902097902
259,replayed,720.0,720.0,2997.0,2996.0,2p,2p,1.0,0.9996663329996663,4.1625,4.161111111111111
260,replayed,485.0,473.0,515.0,506.0,chain3,chain3,1.025369978858351,0.9825242718446602,1.0618556701030928,1.069767441860465
261,replayed,653.0,653.0,2809.0,2560.0,2p,2p,1.0,0.9113563545745818,4.301684532924962,3.9203675344563553
262,replayed,3271.0,3189.0,3677.0,3713.0,prime,prime,1.0257133897773596,1.0097905901550177,1.1241210638948334,1.1643148322358106
263,replayed,3256.0,3200.0,3463.0,3466.0,prime,prime,1.0175,1.0008663008951777,1.0635749385749387,1.083125
264,replayed,456.0,460.0,560.0,559.0,chain3,chain3,0.991304347826087,0.9982142857142857,1.2280701754385965,1.2152173913043478
265,replayed,3272.0,3208.0,4124.0,4122.0,prime,prime,1.0199501246882794,0.9995150339476236,1.2603911980440097,1.2849127182044888
266,replayed,712.0,737.0,2080.0,2083.0,flat,flat,0.966078697421981,1.0014423076923078,2.9213483146067416,2.8263229308005426
267,replayed,3375.0,3285.0,3391.0,4169.0,prime,prime,1.0273972602739727,1.2294308463580066,1.0047407407407407,1.2691019786910198
268,replayed,3351.0,3212.0,4478.0,4480.0,prime,prime,1.0432752179327522,1.0004466279589102,1.336317517159057,1.3947696139476962
269,replayed,3269.0,3199.0,3480.0,3498.0,prime,prime,1.0218818380743981,1.0051724137931035,1.064545732639951,1.0934667083463583
270,replayed,446.0,381.0,486.0,486.0,chain3,2p,1.1706036745406825,1.0,1.0896860986547086,1.2755905511811023
271,replayed,1640.0,1644.0,2926.0,2940.0,prime,prime,0.9975669099756691,1.0047846889952152,1.7841463414634147,1.7883211678832116
272,replayed,412.0,440.0,2075.0,1952.0,2p,2p,0.9363636363636364,0.9407228915662651,5.036407766990291,4.4363636363636365
273,replayed,471.0,469.0,707.0,707.0,2p,2p,1.004264392324094,1.0,1.5010615711252655,1.507462686567164
274,replayed,3354.0,3217.0,4290.0,4296.0,prime,prime,1.042586260491141,1.0013986013986014,1.2790697674418605,1.3354056574448243
275,replayed,538.0,453.0,812.0,796.0,chain3,2p,1.1876379690949228,0.9802955665024631,1.5092936802973977,1.7571743929359824
276,replayed,521.0,522.0,2847.0,2416.0,2p,2p,0.9980842911877394,0.8486125746399719,5.464491362763916,4.628352490421456
277,replayed,1922.0,1913.0,3526.0,3437.0,prime,prime,1.004704652378463,0.974758933635848,1.8345473465140478,1.7966544694197595
278,replayed,3505.0,3353.0,3687.0,3701.0,prime,prime,1.0453325380256486,1.0037971250339028,1.051925820256776,1.1037876528481956
279,replayed,926.0,720.0,2868.0,2873.0,2p,2p,1.2861111111111112,1.0017433751743374,3.09719222462203,3.9902777777777776
280,replayed,417.0,420.0,328.0,330.0,chain3,chain3,0.9928571428571429,1.0060975609756098,0.7865707434052758,0.7857142857142857
281,replayed,1728.0,1730.0,3438.0,3463.0,prime,prime,0.9988439306358381,1.0072716695753345,1.9895833333333333,2.0017341040462426
282,replayed,1419.0,814.0,3933.0,4103.0,2p,2p,1.7432432432432432,1.0432240020340706,2.7716701902748415,5.04054054054054
283,replayed,3487.0,2921.0,3515.0,3452.0,prime,prime,1.1937692571037315,0.982076813655761,1.0080298250645254,1.1817870592262925
284,replayed,3403.0,3231.0,3415.0,3396.0,prime,prime,1.0532342927886102,0.9944363103953148,1.0035263003232442,1.0510677808727948
285,replayed,578.0,553.0,2211.0,2214.0,2p,2p,1.0452079566003616,1.0013568521031209,3.8252595155709344,4.003616636528029
286,replayed,741.0,744.0,984.0,976.0,flat,flat,0.9959677419354839,0.991869918699187,1.3279352226720649,1.3118279569892473
287,replayed,887.0,887.0,3604.0,4123.0,2p,2p,1.0,1.1440066592674807,4.063134160090192,4.648252536640361
288,replayed,355.0,359.0,424.0,411.0,2p,2p,0.9888579387186629,0.9693396226415094,1.1943661971830986,1.1448467966573816
289,replayed,660.0,661.0,3787.0,3798.0,2p,2p,0.9984871406959153,1.0029046738843412,5.737878787878788,5.745839636913767
290,replayed,675.0,636.0,2828.0,2813.0,2p,2p,1.0613207547169812,0.9946958981612447,4.189629629629629,4.422955974842767
291,replayed,3319.0,3194.0,3039.0,3058.0,prime,prime,1.0391358797745773,1.006252056597565,0.9156372401325701,0.9574201628052599
292,replayed,3658.0,3226.0,2971.0,2968.0,prime,prime,1.133911965282083,0.9989902389767755,0.8121924548933843,0.9200247985120893
293,replayed,3309.0,3248.0,3688.0,3681.0,prime,prime,1.0187807881773399,0.9981019522776573,1.1145361136294953,1.1333128078817734
294,replayed,546.0,550.0,592.0,594.0,chain3,chain3,0.9927272727272727,1.0033783783783783,1.0842490842490842,1.08
295,replayed,3342.0,3204.0,4409.0,4038.0,prime,prime,1.0430711610486891,0.9158539351326831,1.3192698982645124,1.2602996254681649
296,replayed,695.0,701.0,3394.0,3224.0,2p,2p,0.9914407988587732,0.9499116087212728,4.883453237410072,4.599144079885877
297,replayed,582.0,586.0,783.0,784.0,chain3,chain3,0.9931740614334471,1.0012771392081736,1.3453608247422681,1.3378839590443685
298,replayed,3317.0,3198.0,4321.0,4270.0,prime,prime,1.0372107567229518,0.9881971765794955,1.3026831474223697,1.3352095059412132
299,replayed,705.0,705.0,2962.0,2825.0,2p,2p,1.0,0.9537474679270763,4.201418439716312,4.00709219858156
300,replayed,486.0,405.0,419.0,418.0,chain3,2p,1.2,0.9976133651551312,0.8621399176954733,1.0320987654320988
301,replayed,1068.0,944.0,4494.0,4497.0,flat,2p,1.13135593220339,1.000667556742323,4.207865168539326,4.763771186440678
302,replayed,3288.0,3207.0,3316.0,3317.0,prime,prime,1.0252572497661365,1.000301568154403,1.008515815085158,1.0342999688182102
303,replayed,3356.0,3245.0,3071.0,3386.0,prime,prime,1.034206471494607,1.1025724519700424,0.91507747318236,1.0434514637904468
304,replayed,524.0,496.0,2282.0,2295.0,2p,2p,1.0564516129032258,1.0056967572304996,4.354961832061068,4.627016129032258
305,replayed,3291.0,3208.0,3596.0,3180.0,prime,prime,1.0258728179551122,0.8843159065628476,1.0926769978729869,0.9912718204488778
306,replayed,628.0,629.0,2281.0,2283.0,chain3,chain3,0.9984101748807631,1.0008768084173607,3.6321656050955413,3.629570747217806
307,replayed,2406.0,2359.0,5477.0,5459.0,prime,prime,1.01992369648156,0.9967135293043637,2.276392352452203,2.314116150911403
308,replayed,549.0,550.0,737.0,737.0,chain3,chain3,0.9981818181818182,1.0,1.342440801457195,1.34
309,replayed,3292.0,3276.0,4701.0,4632.0,prime,prime,1.0048840048840049,0.9853222718570517,1.428007290400972,1.413919413919414
310,replayed,866.0,702.0,3154.0,3156.0,2p,2p,1.2336182336182335,1.0006341154090044,3.6420323325635104,4.495726495726496
311,replayed,2514.0,2840.0,5504.0,5708.0,prime,prime,0.8852112676056338,1.037063953488372,2.18933969769292,2.0098591549295777
312,replayed,569.0,566.0,655.0,642.0,chain3,chain3,1.0053003533568905,0.9801526717557252,1.1511423550087874,1.1342756183745584
313,replayed,2101.0,2066.0,5487.0,5514.0,prime,prime,1.016940948693127,1.0049207217058502,2.6116135173726795,2.66892545982575
314,replayed,3320.0,3201.0,4110.0,4016.0,prime,prime,1.0371758825367072,0.9771289537712895,1.2379518072289157,1.254607935020306
315,replayed,537.0,477.0,766.0,767.0,chain3,2p,1.1257861635220126,1.0013054830287207,1.4264432029795158,1.6079664570230607
316,replayed,3318.0,3192.0,4152.0,4000.0,prime,prime,1.0394736842105263,0.9633911368015414,1.2513562386980108,1.2531328320802004
317,replayed,3288.0,3206.0,3345.0,3367.0,prime,prime,1.0255770430442919,1.006576980568012,1.0173357664233578,1.0502183406113537
318,replayed,3406.0,3210.0,5283.0,5193.0,prime,prime,1.0610591900311526,0.9829642248722317,1.5510863182618908,1.6177570093457945
319,replayed,819.0,819.0,3508.0,3459.0,2p,2p,1.0,0.9860319270239453,4.283272283272283,4.2234432234432235
320,replayed,346.0,365.0,346.0,346.0,2p,2p,0.947945205479452,1.0,1.0,0.947945205479452
321,replayed,3391.0,3197.0,4422.0,4477.0,prime,prime,1.0606818892711918,1.0124378109452736,1.3040401061633737,1.4003753518923991
322,replayed,966.0,955.0,2865.0,3238.0,flat,flat,1.0115183246073298,1.1301919720767888,2.9658385093167703,3.3905759162303664
323,replayed,882.0,781.0,4448.0,4377.0,2p,2p,1.1293213828425097,0.9840377697841727,5.043083900226757,5.604353393085788
324,replayed,518.0,452.0,616.0,613.0,chain3,2p,1.1460176991150441,0.9951298701298701,1.1891891891891893,1.3561946902654867
325,replayed,562.0,567.0,914.0,925.0,2p,2p,0.9911816578483245,1.012035010940919,1.6263345195729537,1.6313932980599648
326,replayed,3606.0,3209.0,3956.0,3982.0,prime,prime,1.1237145528201933,1.006572295247725,1.0970604547975595,1.2408850109068246
327,replayed,3400.0,3225.0,3697.0,3870.0,prime,prime,1.054263565891473,1.0467946984041114,1.0873529411764706,1.2
328,replayed,1226.0,865.0,4084.0,4331.0,2p,2p,1.4173410404624278,1.0604799216454457,3.33115823817292,5.006936416184971
329,replayed,1236.0,1088.0,5059.0,4616.0,flat,2p,1.1360294117647058,0.9124332872109112,4.093042071197411,4.242647058823529
330,replayed,636.0,604.0,713.0,720.0,chain3,chain3,1.0529801324503312,1.0098176718092566,1.121069182389937,1.1920529801324504
331,replayed,2128.0,2238.0,5476.0,5347.0,prime,prime,0.9508489722966935,0.9764426588750913,2.5733082706766917,2.3891867739052723
332,replayed,3303.0,3362.0,4448.0,4487.0,prime,prime,0.9824509220701964,1.0087679856115108,1.3466545564638208,1.334622248661511
333,replayed,1321.0,931.0,3914.0,3893.0,2p,2p,1.41890440386681,0.9946346448645886,2.962906888720666,4.181525241675618
334,replayed,3308.0,3265.0,6570.0,6703.0,prime,prime,1.0131699846860642,1.0202435312024354,1.9860943168077387,2.0529862174578866
335,replayed,3429.0,3333.0,6135.0,5735.0,prime,prime,1.028802880288029,0.93480032599837,1.78915135608049,1.7206720672067206
336,replayed,435.0,427.0,551.0,542.0,2p,2p,1.018735362997658,0.9836660617059891,1.2666666666666666,1.269320843091335
337,replayed,1905.0,1902.0,5493.0,5383.0,prime,prime,1.001577287066246,0.9799745130165666,2.883464566929134,2.8301787592008414
338,replayed,915.0,897.0,1364.0,1362.0,flat,flat,1.020066889632107,0.998533724340176,1.4907103825136612,1.5183946488294315
339,replayed,3394.0,3220.0,5160.0,5149.0,prime,prime,1.0540372670807454,0.9978682170542635,1.5203299941072481,1.5990683229813665
340,replayed,682.0,684.0,2547.0,2549.0,chain3,chain3,0.9970760233918129,1.0007852375343542,3.7346041055718473,3.7266081871345027
341,replayed,1156.0,901.0,3859.0,3859.0,flat,2p,1.2830188679245282,1.0,3.338235294117647,4.283018867924528
342,replayed,751.0,749.0,2625.0,2698.0,chain3,chain3,1.0026702269692924,1.0278095238095237,3.4953395472703064,3.602136181575434
343,replayed,1016.0,707.0,1887.0,986.0,chain3,chain3,1.4370579915134372,0.5225225225225225,1.8572834645669292,1.3946251768033946
344,replayed,921.0,933.0,6766.0,4699.0,2p,2p,0.9871382636655949,0.6945019213715637,7.346362649294245,5.036441586280815
345,replayed,845.0,734.0,3267.0,3208.0,2p,2p,1.151226158038147,0.9819406183042547,3.8662721893491123,4.370572207084469
346,replayed,3344.0,3266.0,4595.0,4679.0,prime,prime,1.0238824249846907,1.0182807399347116,1.374102870813397,1.432639314145744
347,replayed,3322.0,3371.0,4338.0,4400.0,prime,prime,0.9854642539305843,1.0142923005993545,1.3058398555087296,1.3052506674577278
348,replayed,782.0,762.0,3471.0,3656.0,2p,2p,1.026246719160105,1.0532987611639297,4.438618925831202,4.797900262467191
349,replayed,2889.0,2707.0,4502.0,4390.0,prime,prime,1.0672330993719985,0.9751221679253665,1.558324679820007,1.6217214628740302
350,replayed,587.0,696.0,620.0,680.0,chain3,chain3,0.8433908045977011,1.096774193548387,1.0562180579216354,0.9770114942528736
351,replayed,715.0,605.0,900.0,901.0,chain3,2p,1.1818181818181819,1.001111111111111,1.2587412587412588,1.4892561983471075
352,replayed,494.0,477.0,701.0,705.0,2p,2p,1.0356394129979036,1.005706134094151,1.4190283400809716,1.4779874213836477
353,replayed,1943.0,1974.0,4351.0,4468.0,prime,prime,0.9842958459979737,1.0268903700298782,2.2393206381883686,2.2634245187436677
354,replayed,3415.0,3423.0,4386.0,4375.0,prime,prime,0.997662868828513,0.9974920200638395,1.2843338213762812,1.278118609406953
355,replayed,3370.0,3280.0,4510.0,4278.0,prime,prime,1.0274390243902438,0.9485587583148559,1.3382789317507418,1.3042682926829268
356,replayed,3349.0,3361.0,4613.0,4511.0,prime,prime,0.9964296340374889,0.9778885757641448,1.3774260973424903,1.3421600714073192
357,replayed,784.0,678.0,2691.0,2694.0,chain3,2p,1.1563421828908556,1.0011148272017838,3.4323979591836733,3.9734513274336285
358,replayed,3325.0,3242.0,4653.0,4797.0,prime,prime,1.0256014805675508,1.0309477756286267,1.3993984962406014,1.4796421961752004
359,replayed,3339.0,3238.0,4372.0,4433.0,prime,prime,1.0311920938851142,1.0139524245196707,1.3093740640910452,1.369054972205065
360,replayed,616.0,618.0,583.0,593.0,chain3,chain3,0.9967637540453075,1.0171526586620927,0.9464285714285714,0.959546925566343
361,replayed,911.0,908.0,5057.0,5228.0,2p,2p,1.0033039647577093,1.033814514534309,5.551042810098792,5.757709251101321
362,replayed,3315.0,3466.0,3768.0,3799.0,prime,prime,0.9564339296018465,1.0082271762208068,1.1366515837104072,1.096076168493941
363,replayed,785.0,771.0,1594.0,1593.0,chain3,chain3,1.0181582360570687,0.9993726474278545,2.0305732484076433,2.066147859922179
364,replayed,685.0,679.0,839.0,872.0,chain3,chain3,1.0088365243004418,1.0393325387365913,1.224817518248175,1.2842415316642122
365,replayed,3328.0,3248.0,3792.0,3765.0,prime,prime,1.0246305418719213,0.992879746835443,1.1394230769230769,1.1591748768472907
366,replayed,3410.0,3232.0,3805.0,3802.0,prime,prime,1.0550742574257426,0.9992115637319317,1.1158357771260996,1.176361386138614
367,replayed,3350.0,3259.0,5034.0,4926.0,prime,prime,1.0279226756673827,0.9785458879618594,1.5026865671641791,1.5115065971156796
368,replayed,787.0,691.0,3495.0,3439.0,2p,2p,1.1389290882778582,0.9839771101573677,4.440914866581957,4.9768451519536905
369,replayed,1598.0,1139.0,4662.0,5002.0,2p,2p,1.4029850746268657,1.072930072930073,2.9173967459324155,4.391571553994733
370,replayed,912.0,909.0,4406.0,4622.0,2p,2p,1.0033003300330032,1.0490240581025874,4.831140350877193,5.084708470847085
371,replayed,3483.0,3251.0,5903.0,6114.0,prime,prime,1.071362657643802,1.0357445366762663,1.6948033304622452,1.8806521070439866
372,replayed,1310.0,838.0,5590.0,3922.0,flat,2p,1.5632458233890214,0.7016100178890876,4.267175572519084,4.68019093078759
373,replayed,3327.0,3251.0,4933.0,4939.0,prime,prime,1.0233774223315903,1.0012162983985404,1.482717162608957,1.5192248538911104
374,replayed,1033.0,985.0,3726.0,3373.0,flat,flat,1.048730964467005,0.9052603327965647,3.606969990319458,3.4243654822335023
375,replayed,654.0,577.0,923.0,924.0,chain3,2p,1.1334488734835355,1.0010834236186348,1.4113149847094801,1.6013864818024264
376,replayed,1597.0,1064.0,5481.0,5253.0,2p,2p,1.5009398496240602,0.9584017515051998,3.432060112711334,4.93703007518797
377,replayed,1226.0,1006.0,4091.0,4086.0,2p,2p,1.2186878727634194,0.9987778049376681,3.336867862969005,4.061630218687872
378,replayed,710.0,643.0,769.0,754.0,chain3,chain3,1.104199066874028,0.9804941482444733,1.0830985915492957,1.1726283048211508
379,replayed,3030.0,3056.0,3981.0,4005.0,prime,prime,0.9914921465968587,1.0060286360211002,1.313861386138614,1.3105366492146597
380,replayed,795.0,801.0,2880.0,3228.0,chain3,chain3,0.9925093632958801,1.1208333333333333,3.6226415094339623,4.0299625468164795
381,replayed,3324.0,3444.0,4310.0,4354.0,prime,prime,0.9651567944250871,1.0102088167053365,1.296630565583634,1.2642276422764227
382,replayed,3320.0,3275.0,4064.0,4111.0,prime,prime,1.0137404580152671,1.0115649606299213,1.2240963855421687,1.255267175572519
383,replayed,3486.0,3408.0,3996.0,4095.0,prime,prime,1.022887323943662,1.0247747747747749,1.1462994836488813,1.2015845070422535
384,replayed,411.0,411.0,410.0,411.0,2p,2p,1.0,1.002439024390244,0.9975669099756691,1.0
385,replayed,777.0,764.0,1126.0,1126.0,chain3,chain3,1.0170157068062826,1.0,1.449163449163449,1.4738219895287958
386,replayed,4854.0,3259.0,5628.0,3935.0,prime,prime,1.4894139306535747,0.699182658137882,1.1594561186650185,1.2074255906719853
387,replayed,1222.0,1215.0,5106.0,5108.0,2p,2p,1.005761316872428,1.00039169604387,4.1783960720130935,4.204115226337448
388,replayed,3342.0,3271.0,3945.0,3847.0,prime,prime,1.0217059003362885,0.9751584283903676,1.180430879712747,1.176092937939468
389,replayed,3322.0,3267.0,4725.0,4763.0,prime,prime,1.0168350168350169,1.008042328042328,1.4223359422034918,1.4579124579124578
390,replayed,769.0,734.0,829.0,821.0,chain3,chain3,1.047683923705722,0.9903498190591074,1.0780234070221066,1.1185286103542234
391,replayed,1025.0,1171.0,5714.0,5715.0,2p,flat,0.8753202391118702,1.0001750087504375,5.574634146341463,4.880444064901793
392,replayed,660.0,668.0,746.0,749.0,chain3,chain3,0.9880239520958084,1.0040214477211795,1.1303030303030304,1.1212574850299402
393,replayed,3376.0,3270.0,5605.0,5624.0,prime,prime,1.0324159021406727,1.0033898305084745,1.6602488151658767,1.7198776758409786
394,replayed,3355.0,3325.0,4620.0,4368.0,prime,prime,1.0090225563909774,0.9454545454545454,1.3770491803278688,1.3136842105263158
395,replayed,3400.0,3268.0,5230.0,5095.0,prime,prime,1.040391676866585,0.9741873804971319,1.5382352941176471,1.5590575275397798
396,replayed,747.0,736.0,884.0,887.0,chain3,chain3,1.014945652173913,1.003393665158371,1.1834002677376172,1.205163043478261
397,replayed,2863.0,2866.0,4705.0,4779.0,prime,prime,0.9989532449406838,1.0157279489904356,1.6433810688089416,1.6674808094905793
398,replayed,3395.0,3296.0,4629.0,4416.0,prime,prime,1.0300364077669903,0.9539857420609202,1.3634756995581738,1.3398058252427185
399,replayed,915.0,809.0,3192.0,3180.0,chain3,2p,1.131025957972806,0.9962406015037594,3.4885245901639346,3.930778739184178
400,replayed,527.0,509.0,501.0,469.0,2p,2p,1.0353634577603144,0.936127744510978,0.9506641366223909,0.9214145383104125
401,replayed,2317.0,2318.0,3836.0,3798.0,prime,prime,0.9995685936151855,0.9900938477580813,1.6555891238670695,1.638481449525453
402,replayed,3537.0,3270.0,6757.0,6733.0,prime,prime,1.081651376146789,0.9964481278673968,1.9103760248798416,2.0590214067278287
403,replayed,1375.0,1142.0,4563.0,4561.0,2p,2p,1.204028021015762,0.9995616918693842,3.3185454545454545,3.9938704028021017
404,replayed,3426.0,3291.0,4078.0,4084.0,prime,prime,1.0410209662716499,1.0014713094654242,1.1903093987157034,1.2409601944697661
405,replayed,714.0,631.0,985.0,979.0,chain3,2p,1.1315372424722663,0.9939086294416244,1.3795518207282913,1.5515055467511887
406,replayed,1382.0,1390.0,4145.0,4148.0,flat,flat,0.9942446043165467,1.000723763570567,2.999276410998553,2.984172661870504
407,replayed,1165.0,1162.0,5171.0,5161.0,2p,2p,1.0025817555938037,0.9980661380777412,4.43862660944206,4.441480206540447
408,replayed,811.0,820.0,3110.0,2928.0,chain3,chain3,0.9890243902439024,0.9414790996784566,3.834771886559803,3.5707317073170732
409,replayed,3029.0,2957.0,5560.0,5278.0,prime,prime,1.0243490023672641,0.9492805755395683,1.8355893034004622,1.7849171457558337
410,replayed,2208.0,1119.0,7678.0,5369.0,2p,2p,1.9731903485254692,0.6992706433967179,3.477355072463768,4.7980339588918675
411,replayed,3434.0,3282.0,5451.0,6476.0,prime,prime,1.0463132236441195,1.1880388919464318,1.587361677344205,1.9731870810481413
412,replayed,3388.0,3267.0,5807.0,5901.0,prime,prime,1.037037037037037,1.0161873600826588,1.713990554899646,1.8062442607897153
413,replayed,3513.0,3290.0,5988.0,5704.0,prime,prime,1.0677811550151977,0.9525718102872411,1.704526046114432,1.7337386018237082
414,replayed,1057.0,1050.0,3613.0,3695.0,chain3,chain3,1.0066666666666666,1.0226958206476613,3.4181646168401136,3.519047619047619
415,replayed,3488.0,3488.0,5580.0,5612.0,prime,prime,1.0,1.0057347670250896,1.599770642201835,1.6089449541284404
416,replayed,590.0,609.0,828.0,826.0,2p,2p,0.9688013136288999,0.9975845410628019,1.4033898305084747,1.3563218390804597
417,replayed,3428.0,3289.0,6642.0,5343.0,prime,prime,1.0422620857403466,0.8044263775971093,1.9375729288214703,1.6245059288537549
418,replayed,1212.0,1159.0,3770.0,3732.0,flat,flat,1.0457290767903364,0.9899204244031831,3.1105610561056105,3.2200172562553924
419,replayed,3365.0,3293.0,5282.0,5255.0,prime,prime,1.0218645611904038,0.9948882998864067,1.5696879643387815,1.5958092924385059
420,replayed,683.0,679.0,714.0,715.0,chain3,chain3,1.0058910162002945,1.0014005602240896,1.0453879941434847,1.053019145802651
421,replayed,5263.0,3270.0,7495.0,5269.0,prime,prime,1.609480122324159,0.7030020013342229,1.4240927227816835,1.61131498470948
422,replayed,4548.0,3493.0,7804.0,5485.0,prime,prime,1.3020326367019754,0.7028446950281907,1.7159190853122253,1.5702834239908388
423,replayed,1561.0,1396.0,5967.0,6017.0,flat,2p,1.1181948424068768,1.008379420144126,3.8225496476617553,4.310171919770774
424,replayed,3404.0,3426.0,6565.0,7017.0,prime,prime,0.9935785172212492,1.0688499619192688,1.9286133960047003,2.0481611208406303
425,replayed,825.0,904.0,3235.0,3271.0,2p,2p,0.9126106194690266,1.01112828438949,3.9212121212121214,3.618362831858407
426,replayed,3386.0,3275.0,5145.0,5144.0,prime,prime,1.0338931297709923,0.9998056365403304,1.519492025989368,1.5706870229007635
427,replayed,3439.0,3371.0,4482.0,4541.0,prime,prime,1.0201720557698013,1.0131637661758144,1.3032858389066588,1.3470780183921685
428,replayed,3473.0,3270.0,5916.0,5939.0,prime,prime,1.0620795107033638,1.0038877620013522,1.7034264324791246,1.8162079510703364
429,replayed,945.0,958.0,1530.0,1540.0,chain3,chain3,0.9864300626304802,1.0065359477124183,1.619047619047619,1.6075156576200418
430,replayed,1195.0,1192.0,5814.0,6054.0,2p,2p,1.0025167785234899,1.0412796697626419,4.865271966527197,5.078859060402684
431,replayed,3409.0,3304.0,5287.0,5313.0,prime,prime,1.0317796610169492,1.0049177227160961,1.5508946905250807,1.6080508474576272
432,replayed,569.0,614.0,704.0,704.0,2p,2p,0.9267100977198697,1.0,1.2372583479789103,1.1465798045602607
433,replayed,2499.0,2503.0,4643.0,4529.0,prime,prime,0.9984019176987615,0.9754469093258669,1.8579431772709083,1.8094286855773072
434,replayed,1502.0,1493.0,4629.0,4638.0,flat,flat,1.0060281312793034,1.0019442644199612,3.081890812250333,3.1064969859343603
435,replayed,1071.0,1065.0,4504.0,4645.0,2p,2p,1.0056338028169014,1.0313055062166963,4.205415499533147,4.36150234741784
436,replayed,3472.0,3321.0,4700.0,4725.0,prime,prime,1.0454682324601023,1.0053191489361701,1.3536866359447004,1.4227642276422765
437,replayed,1213.0,1197.0,6594.0,6589.0,2p,2p,1.0133667502088555,0.9992417349105247,5.436108821104699,5.504594820384294
438,replayed,3413.0,3599.0,4491.0,4483.0,prime,prime,0.9483189774937483,0.9982186595413048,1.315851157339584,1.2456237843845512
439,replayed,3412.0,3297.0,5784.0,5748.0,prime,prime,1.034880194115863,0.9937759336099585,1.6951934349355218,1.743403093721565
440,replayed,754.0,811.0,924.0,1192.0,chain3,chain3,0.9297163995067818,1.29004329004329,1.2254641909814323,1.469790382244143
441,replayed,892.0,763.0,1230.0,1230.0,chain3,2p,1.1690694626474443,1.0,1.3789237668161436,1.6120576671035387
442,replayed,1290.0,1247.0,4460.0,4262.0,flat,flat,1.0344827586206897,0.9556053811659193,3.4573643410852712,3.4178027265437048
443,replayed,3479.0,3291.0,5870.0,5837.0,prime,prime,1.0571254937708903,0.9943781942078365,1.6872664558781258,1.7736250379823761
444,replayed,1101.0,1083.0,5357.0,5264.0,2p,2p,1.0166204986149585,0.9826395370543215,4.865576748410536,4.860572483841182
445,replayed,3900.0,3467.0,5786.0,5955.0,prime,prime,1.1248918373233343,1.0292084341513998,1.4835897435897436,1.717623305451399
446,replayed,3423.0,3281.0,6181.0,6148.0,prime,prime,1.0432794879609875,0.9946610580812166,1.8057259713701432,1.8738189576348674
447,replayed,3443.0,3389.0,6673.0,6435.0,prime,prime,1.0159339038064326,0.9643338828113293,1.938135347081034,1.898790203599882
448,replayed,623.0,605.0,547.0,529.0,chain3,chain3,1.0297520661157025,0.9670932358318098,0.8780096308186196,0.8743801652892562
449,replayed,2535.0,2480.0,5797.0,5772.0,prime,prime,1.0221774193548387,0.9956874245299293,2.286785009861933,2.32741935483871
450,replayed,774.0,770.0,827.0,820.0,chain3,chain3,1.0051948051948052,0.9915356711003628,1.0684754521963824,1.0649350649350648
451,replayed,1977.0,1418.0,6162.0,6159.0,2p,2p,1.3942172073342736,0.9995131450827653,3.1168437025796663,4.343441466854725
452,replayed,3455.0,3362.0,6963.0,6880.0,prime,prime,1.0276621058893516,0.9880798506390923,2.01534008683068,2.0464009518143964
453,replayed,3380.0,3308.0,5096.0,5291.0,prime,prime,1.0217654171704957,1.038265306122449,1.5076923076923077,1.5994558645707375
454,replayed,3381.0,3372.0,5726.0,5761.0,prime,prime,1.0026690391459074,1.0061124694376529,1.6935817805383022,1.7084816132858838
455,replayed,947.0,970.0,1203.0,1287.0,chain3,chain3,0.9762886597938144,1.0698254364089776,1.2703273495248153,1.3268041237113402
456,replayed,1019.0,1007.0,3777.0,3982.0,chain3,chain3,1.0119165839126116,1.054275880328303,3.70657507360157,3.9543197616683217
457,replayed,3418.0,3313.0,5566.0,5858.0,prime,prime,1.0316933293087835,1.0524613726194754,1.628437682855471,1.7681859341986115
458,replayed,3403.0,3299.0,5569.0,5585.0,prime,prime,1.0315247044558957,1.0028730472257137,1.6364972083455773,1.6929372537132465
459,replayed,1029.0,1038.0,3486.0,3481.0,chain3,chain3,0.9913294797687862,0.9985656913367756,3.3877551020408165,3.3535645472061657
460,replayed,1278.0,1156.0,4132.0,4070.0,flat,chain3,1.1055363321799307,0.9849951597289448,3.2331768388106417,3.5207612456747404
461,replayed,3460.0,3345.0,5589.0,5796.0,prime,prime,1.0343796711509716,1.037037037037037,1.6153179190751445,1.7327354260089687
462,replayed,957.0,894.0,1077.0,1080.0,chain3,chain3,1.070469798657718,1.0027855153203342,1.1253918495297806,1.2080536912751678
463,replayed,3234.0,3219.0,5559.0,5915.0,prime,prime,1.0046598322460392,1.0640402950170893,1.7189239332096475,1.8375271823547685
464,replayed,1231.0,1011.0,4733.0,4604.0,2p,2p,1.2176063303659743,0.9727445594760195,3.8448415922014623,4.553907022749753
465,replayed,1505.0,1173.0,5045.0,5041.0,2p,2p,1.2830349531116794,0.999207135777998,3.352159468438538,4.297527706734868
466,replayed,3447.0,3300.0,7028.0,5606.0,prime,prime,1.0445454545454544,0.7976664769493454,2.038874383521903,1.6987878787878787
467,replayed,3402.0,3307.0,5537.0,5832.0,prime,prime,1.028726942848503,1.0532779483474806,1.6275720164609053,1.7635319020260054
468,replayed,928.0,903.0,1016.0,1011.0,chain3,chain3,1.0276854928017718,0.9950787401574803,1.0948275862068966,1.1196013289036544
469,replayed,3434.0,3298.0,7953.0,8013.0,prime,prime,1.041237113402062,1.00754432289702,2.3159580663948747,2.4296543359611884
470,replayed,2012.0,1382.0,6899.0,6863.0,2p,2p,1.4558610709117221,0.9947818524423829,3.4289264413518885,4.965991316931983
471,replayed,3496.0,3481.0,5669.0,5290.0,prime,prime,1.0043091065785694,0.933145175515964,1.6215675057208239,1.519678253375467
472,replayed,3396.0,3461.0,6590.0,5919.0,prime,prime,0.9812193007801213,0.8981790591805766,1.9405182567726738,1.7101993643455649
473,replayed,1518.0,1726.0,6732.0,6872.0,2p,flat,0.8794901506373117,1.0207961972667856,4.434782608695652,3.981460023174971
474,replayed,3413.0,3329.0,6404.0,6127.0,prime,prime,1.0252328026434365,0.9567457838850718,1.8763551128039848,1.8404926404325623
475,replayed,971.0,1103.0,4022.0,3801.0,2p,chain3,0.8803263825929284,0.9450522128294381,4.142121524201854,3.4460562103354486
476,replayed,1225.0,979.0,3787.0,3543.0,chain3,chain3,1.251276813074566,0.9355690520200687,3.0914285714285716,3.6189989785495404
477,replayed,3431.0,3349.0,7947.0,7500.0,prime,prime,1.024484920871902,0.9437523593808984,2.3162343340134073,2.239474469991042
478,replayed,3417.0,3321.0,5625.0,5657.0,prime,prime,1.028906955736224,1.0056888888888889,1.646180860403863,1.7034025895814513
479,replayed,3405.0,3463.0,5605.0,5951.0,prime,prime,0.9832515160265666,1.0617305976806424,1.646108663729809,1.7184522090672827
480,replayed,647.0,633.0,658.0,672.0,2p,2p,1.0221169036334914,1.0212765957446808,1.017001545595054,1.061611374407583
481,replayed,1416.0,1415.0,6326.0,6111.0,2p,2p,1.0007067137809187,0.9660132785330382,4.4675141242937855,4.318727915194346
482,replayed,3420.0,3533.0,4768.0,4763.0,prime,prime,0.9680158505519388,0.9989513422818792,1.3941520467836257,1.3481460515142938
483,replayed,1306.0,1081.0,4361.0,4490.0,2p,2p,1.208140610545791,1.0295803714744325,3.3392036753445637,4.153561517113784
484,replayed,1181.0,985.0,1940.0,1743.0,chain3,chain3,1.1989847715736042,0.8984536082474227,1.642675698560542,1.7695431472081218
485,replayed,3416.0,3382.0,5152.0,5207.0,prime,prime,1.010053222945003,1.0106754658385093,1.5081967213114753,1.5396215257244235
486,replayed,1307.0,865.0,1471.0,1032.0,chain3,chain3,1.5109826589595377,0.7015635622025833,1.125478194338179,1.193063583815029
487,replayed,4884.0,3326.0,7960.0,5595.0,prime,prime,1.4684305472038484,0.7028894472361809,1.6298116298116299,1.6822008418520746
488,replayed,3590.0,3383.0,5073.0,5235.0,prime,prime,1.0611882944132427,1.031933767001774,1.413091922005571,1.5474430978421518
489,replayed,3428.0,3373.0,5837.0,5909.0,prime,prime,1.0163059590868664,1.0123351036491348,1.7027421236872813,1.7518529498962347
490,replayed,832.0,835.0,1000.0,1015.0,chain3,chain3,0.9964071856287425,1.015,1.2019230769230769,1.215568862275449
491,replayed,3014.0,3034.0,6484.0,6379.0,prime,prime,0.99340804218853,0.9838062924120913,2.15129396151294,2.1025049439683587
492,replayed,1979.0,1339.0,6563.0,6568.0,2p,2p,1.4779686333084392,1.0007618467164408,3.316321374431531,4.9051530993278565
493,replayed,1434.0,1433.0,7908.0,7905.0,2p,2p,1.0006978367062107,0.9996206373292867,5.514644351464435,5.5163991625959525
494,replayed,1454.0,1450.0,4569.0,5050.0,flat,flat,1.0027586206896553,1.1052746771722477,3.1423658872077027,3.4827586206896552
495,replayed,1203.0,959.0,1415.0,1334.0,flat,chain3,1.254431699687174,0.942756183745583,1.1762261014131339,1.3910323253388948
496,replayed,1565.0,1094.0,5583.0,5280.0,flat,2p,1.4305301645338209,0.9457281031703385,3.56741214057508,4.826325411334552
497,replayed,3459.0,3338.0,6528.0,6040.0,prime,prime,1.0362492510485322,0.9252450980392157,1.8872506504770166,1.8094667465548233
498,replayed,3465.0,3389.0,7272.0,7179.0,prime,prime,1.0224254942460902,0.9872112211221122,2.0987012987012985,2.1183239893773975
499,replayed,3719.0,3539.0,6391.0,6403.0,prime,prime,1.0508618253743995,1.0018776404318572,1.7184727077171282,1.8092681548460017
500,replayed,831.0,826.0,937.0,847.0,chain3,chain3,1.0060532687651331,0.9039487726787621,1.1275571600481349,1.0254237288135593
501,replayed,3452.0,3402.0,9993.0,7009.0,prime,prime,1.0146972369194591,0.7013909736815771,2.894843568945539,2.0602586713697826
502,replayed,3535.0,3407.0,5695.0,5812.0,prime,prime,1.0375697094217786,1.0205443371378402,1.611032531824611,1.7058996184326387
503,replayed,3626.0,3578.0,5622.0,5580.0,prime,prime,1.0134153158188932,0.9925293489861259,1.5504688361831218,1.5595304639463388
504,replayed,932.0,871.0,873.0,879.0,chain3,chain3,1.0700344431687716,1.006872852233677,0.9366952789699571,1.0091848450057406
505,replayed,3864.0,3476.0,5151.0,5167.0,prime,prime,1.1116225546605294,1.0031061929722385,1.3330745341614907,1.4864787111622555
506,replayed,1561.0,1529.0,5076.0,5100.0,flat,flat,1.0209287115761936,1.0047281323877069,3.2517616912235745,3.3355134074558537
507,replayed,1150.0,1148.0,1853.0,1803.0,chain3,chain3,1.0017421602787457,0.9730167296276309,1.611304347826087,1.5705574912891986
508,replayed,3497.0,3682.0,5789.0,5842.0,prime,prime,0.9497555676262901,1.0091552945240974,1.6554189305118674,1.5866376969038567
509,replayed,3541.0,3421.0,5899.0,5608.0,prime,prime,1.0350774627301957,0.9506696050177996,1.6659135837334087,1.6392867582578194
510,replayed,1080.0,1119.0,3985.0,3834.0,chain3,chain3,0.9651474530831099,0.962107904642409,3.689814814814815,3.4262734584450403
511,replayed,3584.0,3477.0,5753.0,5362.0,prime,prime,1.0307736554501006,0.9320354597601251,1.6051897321428572,1.542134023583549
512,replayed,520.0,521.0,569.0,561.0,2p,2p,0.9980806142034548,0.9859402460456942,1.0942307692307693,1.0767754318618041
513,replayed,1077.0,1058.0,4204.0,4383.0,2p,2p,1.0179584120982987,1.0425784966698382,3.9034354688950788,4.142722117202268
514,replayed,6846.0,7003.0,5206.0,5248.0,prime,prime,0.9775810366985578,1.0080676142912024,0.7604440549225825,0.7493931172354705
515,replayed,7084.0,8236.0,7432.0,7590.0,prime,prime,0.8601262748907237,1.021259418729817,1.049124788255223,0.9215638659543468
516,replayed,1916.0,1437.0,6973.0,7094.0,flat,2p,1.3333333333333333,1.017352645919977,3.6393528183716075,4.936673625608908
517,replayed,1966.0,1741.0,8122.0,7858.0,flat,2p,1.1292360712234348,0.9674956907165723,4.131230925737539,4.513497989661114
518,replayed,1939.0,1902.0,6269.0,6246.0,flat,flat,1.0194532071503681,0.9963311532939862,3.23310985043837,3.2839116719242902
519,replayed,7256.0,8178.0,7046.0,7365.0,prime,prime,0.8872584984103693,1.0452739142776044,0.971058434399118,0.9005869405722671
520,replayed,932.0,926.0,1085.0,1071.0,chain3,chain3,1.0064794816414686,0.9870967741935484,1.1641630901287554,1.15658747300216
521,replayed,3557.0,3550.0,7132.0,7152.0,prime,prime,1.0019718309859156,1.002804262478968,2.005060444194546,2.0146478873239437
522,replayed,1468.0,1469.0,5276.0,5488.0,chain3,chain3,0.9993192648059904,1.0401819560272934,3.5940054495912808,3.735874744724302
523,replayed,4924.0,5194.0,7137.0,7345.0,prime,prime,0.948016942626107,1.029143897996357,1.4494313566206336,1.4141316904120138
524,replayed,8024.0,7407.0,7812.0,9114.0,prime,prime,1.0832995814769812,1.1666666666666667,0.9735792622133599,1.2304576751721346
525,replayed,929.0,922.0,1434.0,1309.0,2p,2p,1.007592190889371,0.9128312412831241,1.5435952637244348,1.4197396963123645
526,replayed,8112.0,7500.0,7355.0,7343.0,prime,prime,1.0816,0.998368456832087,0.9066814595660749,0.9790666666666666
527,replayed,1579.0,1576.0,8700.0,8763.0,2p,2p,1.0019035532994924,1.0072413793103447,5.509816339455352,5.560279187817259
528,replayed,974.0,951.0,1141.0,1129.0,chain3,chain3,1.0241850683491063,0.9894829097283085,1.1714579055441479,1.1871713985278654
529,replayed,1765.0,1747.0,8602.0,8588.0,2p,flat,1.010303377218088,0.9983724715182516,4.873654390934844,4.915855752718946
530,replayed,8073.0,6857.0,8603.0,8738.0,prime,prime,1.177337027854747,1.015692200395211,1.0656509352161525,1.2743182149628118
531,replayed,8076.0,7414.0,7885.0,6677.0,prime,prime,1.08929053142703,0.8467977171845276,0.9763496780584447,0.900593471810089
532,replayed,1337.0,1155.0,4501.0,4437.0,flat,chain3,1.1575757575757575,0.985780937569429,3.3664921465968587,3.8415584415584414
533,replayed,2053.0,1726.0,7341.0,7373.0,2p,2p,1.1894553881807648,1.0043590791445307,3.575742815392109,4.2717265353418306
534,replayed,8206.0,7607.0,7033.0,6998.0,prime,prime,1.0787432627842777,0.9950234608275274,0.8570558128198879,0.9199421585381885
535,replayed,8131.0,8121.0,7530.0,7656.0,prime,prime,1.0012313754463735,1.0167330677290836,0.9260853523551839,0.9427410417436276
536,replayed,8145.0,7231.0,9305.0,9379.0,prime,prime,1.1264002212695339,1.0079527135948414,1.1424186617556784,1.2970543493292768
537,replayed,7464.0,7255.0,7367.0,7780.0,prime,prime,1.0288077188146105,1.0560608117279762,0.9870042872454448,1.0723638869745002
538,replayed,7980.0,7109.0,7363.0,7541.0,prime,prime,1.1225207483471655,1.0241749286975417,0.9226817042606517,1.060768040512027
539,replayed,1308.0,1165.0,1544.0,1910.0,flat,chain3,1.1227467811158798,1.2370466321243523,1.180428134556575,1.6394849785407726
540,replayed,923.0,994.0,983.0,1014.0,chain3,chain3,0.9285714285714286,1.0315361139369277,1.0650054171180932,1.0201207243460764
541,replayed,5859.0,5287.0,6021.0,5848.0,prime,prime,1.108189899754114,0.9712672313569175,1.0276497695852536,1.1061093247588425
542,replayed,8383.0,7345.0,6564.0,6388.0,prime,prime,1.1413206262763784,0.9731870810481413,0.7830132410831444,0.8697072838665759
543,replayed,8111.0,8204.0,6132.0,5996.0,prime,prime,0.9886640663091175,0.9778212654924984,0.7560103563062508,0.7308629936616284
544,replayed,1061.0,911.0,4019.0,4327.0,2p,2p,1.1646542261251371,1.0766359790992783,3.7879359095193212,4.749725576289792
545,replayed,8624.0,8549.0,6101.0,6154.0,prime,prime,1.008772955901275,1.008687100475332,0.7074443413729128,0.7198502748859515
546,replayed,1196.0,1104.0,1304.0,1280.0,chain3,chain3,1.0833333333333333,0.9815950920245399,1.0903010033444815,1.1594202898550725
547,replayed,3957.0,3999.0,10631.0,10147.0,prime,prime,0.9894973743435859,0.9544727683190669,2.6866312863280264,2.5373843460865215
548,replayed,8346.0,8424.0,7264.0,8091.0,prime,prime,0.9907407407407407,1.1138491189427313,0.8703570572729451,0.9604700854700855
549,replayed,8182.0,8285.0,5822.0,6382.0,prime,prime,0.9875678937839469,1.0961868773617314,0.7115619652896602,0.7703077851538925
550,replayed,1053.0,1050.0,1257.0,1240.0,chain3,chain3,1.002857142857143,0.9864757358790772,1.1937321937321936,1.180952380952381
551,replayed,1717.0,1670.0,9397.0,9174.0,2p,2p,1.0281437125748503,0.9762690220283069,5.472917880023297,5.493413173652694
552,replayed,1492.0,1309.0,4938.0,5955.0,flat,chain3,1.1398013750954927,1.2059538274605104,3.309651474530831,4.549274255156608
553,replayed,7927.0,8159.0,7910.0,7671.0,prime,prime,0.9715651427871063,0.9697850821744627,0.9978554308061057,0.9401887486211545
554,replayed,8252.0,6970.0,7615.0,7227.0,prime,prime,1.1839311334289813,0.9490479317137229,0.9228065923412506,1.0368723098995696
555,replayed,1521.0,1566.0,6727.0,7110.0,2p,2p,0.9712643678160919,1.0569347405975917,4.422748191978961,4.540229885057471
556,replayed,8060.0,8211.0,7122.0,7552.0,prime,prime,0.9816100353184752,1.060376298792474,0.8836228287841191,0.9197418097673852
557,replayed,8092.0,7485.0,9799.0,9940.0,prime,prime,1.0810955243820974,1.014389223390142,1.2109490855165597,1.327989311957248
558,replayed,1618.0,1631.0,5990.0,5927.0,chain3,chain3,0.9920294297976702,0.989482470784641,3.7021013597033376,3.633966891477621
559,replayed,1855.0,1970.0,7969.0,8084.0,2p,2p,0.9416243654822335,1.0144309198142802,4.2959568733153635,4.103553299492386
560,replayed,842.0,912.0,886.0,918.0,chain3,chain3,0.9232456140350878,1.036117381489842,1.0522565320665083,1.006578947368421
561,replayed,1574.0,1407.0,5116.0,5236.0,flat,chain3,1.1186922530206111,1.0234558248631744,3.2503176620076237,3.7213930348258706
562,replayed,8155.0,9286.0,7280.0,7503.0,prime,prime,0.8782037475769976,1.030631868131868,0.8927038626609443,0.8079905233685117
563,replayed,8145.0,7328.0,10043.0,9845.0,prime,prime,1.111490174672489,0.9802847754654983,1.233026396562308,1.3434770742358078
564,replayed,2280.0,1707.0,8424.0,10002.0,flat,2p,1.3356766256590509,1.1873219373219372,3.694736842105263,5.859402460456942
565,replayed,6880.0,7406.0,8832.0,8933.0,prime,prime,0.9289765055360518,1.0114356884057971,1.283720930232558,1.2061841749932487
566,replayed,8334.0,7685.0,7132.0,7391.0,prime,prime,1.0844502277163306,1.036315199102636,0.8557715382769379,0.96174365647365
567,replayed,989.0,1174.0,1559.0,1562.0,2p,chain3,0.8424190800681431,1.00192431045542,1.5763397371081902,1.3304940374787053
568,replayed,6919.0,7008.0,6933.0,7044.0,prime,prime,0.9873002283105022,1.016010385114669,1.0020234137881197,1.00513698630137
569,replayed,7147.0,7127.0,7177.0,7225.0,prime,prime,1.0028062298302232,1.0066880312108124,1.004197565412061,1.0137505261680932
570,replayed,1636.0,1270.0,4709.0,4410.0,flat,chain3,1.2881889763779528,0.936504565725207,2.878361858190709,3.47244094488189
571,replayed,4327.0,4288.0,7219.0,7146.0,prime,prime,1.0090951492537314,0.9898877960936417,1.668361451351976,1.6665111940298507
572,replayed,1235.0,1207.0,2084.0,1987.0,chain3,chain3,1.0231980115990058,0.9534548944337812,1.6874493927125507,1.6462303231151616
573,replayed,7790.0,8113.0,6199.0,6265.0,prime,prime,0.9601873536299765,1.010646878528795,0.7957637997432606,0.7722174288179465
574,replayed,2396.0,2298.0,7745.0,7476.0,flat,flat,1.042645778938207,0.9652679147837314,3.2324707846410683,3.2532637075718016
575,replayed,1584.0,1297.0,5483.0,5208.0,2p,2p,1.2212798766383963,0.9498449753784425,3.461489898989899,4.015420200462606
576,replayed,842.0,835.0,885.0,929.0,2p,2p,1.0083832335329341,1.0497175141242938,1.0510688836104514,1.1125748502994013
577,replayed,3462.0,3201.0,6362.0,5984.0,prime,prime,1.0815370196813496,0.940584721785602,1.8376660889659155,1.8694158075601375
578,replayed,2461.0,1732.0,11699.0,8240.0,flat,flat,1.4209006928406467,0.704333703735362,4.753758634701341,4.757505773672055
579,replayed,8019.0,8135.0,5792.0,5746.0,prime,prime,0.985740626920713,0.9920580110497238,0.722284574136426,0.7063306699446835
580,replayed,1789.0,1721.0,6133.0,5892.0,chain3,chain3,1.0395119116792562,0.9607043861079406,3.428172163219676,3.423590935502615
581,replayed,8326.0,8240.0,8728.0,7995.0,prime,prime,1.0104368932038834,0.9160174152153987,1.048282488589959,0.9702669902912622
582,replayed,8327.0,7955.0,5858.0,5819.0,prime,prime,1.0467630421118794,0.9933424376920451,0.7034946559385132,0.7314896291640478
583,replayed,8214.0,7200.0,10684.0,9783.0,prime,prime,1.1408333333333334,0.9156682890303257,1.3007061115169223,1.35875
584,replayed,9199.0,8104.0,6192.0,6001.0,prime,prime,1.1351184600197433,0.9691537467700259,0.6731166431133819,0.7404985192497532
585,replayed,1272.0,1207.0,1849.0,1557.0,chain3,chain3,1.0538525269262635,0.8420767982693348,1.453616352201258,1.2899751449875725
586,replayed,8621.0,8102.0,7956.0,7715.0,prime,prime,1.0640582572204393,0.9697083961789844,0.9228627769400302,0.9522340162922736
587,replayed,8280.0,7230.0,8110.0,7634.0,prime,prime,1.1452282157676348,0.9413070283600493,0.9794685990338164,1.055878284923928
588,replayed,1320.0,970.0,1155.0,1106.0,flat,chain3,1.3608247422680413,0.9575757575757575,0.875,1.1402061855670103
589,replayed,1835.0,1824.0,10260.0,10049.0,2p,2p,1.006030701754386,0.9794346978557504,5.591280653950954,5.509320175438597
590,replayed,8633.0,8108.0,7615.0,7864.0,prime,prime,1.0647508633448446,1.032698621142482,0.8820803892042164,0.9699062654168722
591,replayed,8838.0,6995.0,7941.0,6682.0,prime,prime,1.2634739099356684,0.8414557360533937,0.8985064494229463,0.9552537526804861
592,replayed,1452.0,1419.0,7394.0,7045.0,2p,2p,1.0232558139534884,0.9527995672166621,5.09228650137741,4.964763918252291
593,replayed,5361.0,5294.0,8356.0,7714.0,prime,prime,1.0126558367963732,0.9231689803733844,1.5586644282783062,1.4571212693615414
594,replayed,1290.0,1195.0,1484.0,1436.0,chain3,chain3,1.0794979079497908,0.967654986522911,1.1503875968992248,1.201673640167364
595,replayed,1415.0,1360.0,4780.0,4509.0,chain3,chain3,1.0404411764705883,0.9433054393305439,3.3780918727915195,3.3154411764705882
596,replayed,8777.0,8376.0,7286.0,8700.0,prime,prime,1.0478748806112703,1.1940708207521273,0.8301241882192093,1.0386819484240688
597,replayed,8048.0,8235.0,7059.0,6951.0,prime,prime,0.9772920461445052,0.9847003824904378,0.8771123260437376,0.84408014571949
598,replayed,1935.0,1986.0,6592.0,6728.0,flat,flat,0.974320241691843,1.020631067961165,3.40671834625323,3.3877139979859012
599,replayed,8175.0,7251.0,7893.0,7889.0,prime,prime,1.1274306992139016,0.9994932218421386,0.9655045871559633,1.087987863742932
600,replayed,1102.0,1199.0,1151.0,993.0,chain3,chain3,0.9190992493744787,0.8627280625543006,1.044464609800363,0.8281901584653878
601,replayed,5384.0,5043.0,6488.0,6320.0,prime,prime,1.0676184810628595,0.9741060419235512,1.2050520059435363,1.2532222883204442
602,replayed,2511.0,3446.0,8565.0,11751.0,flat,flat,0.728670922809054,1.3719789842381787,3.4109916367980886,3.410040626813697
603,replayed,8469.0,7094.0,11303.0,14522.0,prime,prime,1.1938257682548632,1.284791648234982,1.3346321879796907,2.047082041161545
604,replayed,8493.0,8228.0,6791.0,6465.0,prime,prime,1.0322070977151192,0.951995287881019,0.7995996703167314,0.7857316480311133
605,replayed,1546.0,1355.0,2305.0,2780.0,flat,chain3,1.140959409594096,1.2060737527114966,1.4909443725743856,2.0516605166051662
606,replayed,8421.0,8100.0,6737.0,6169.0,prime,prime,1.0396296296296297,0.9156894760279056,0.8000237501484384,0.7616049382716049
607,replayed,8392.0,7487.0,10461.0,10177.0,prime,prime,1.1208761853880058,0.9728515438294618,1.2465443279313633,1.3592894350207025
608,replayed,1075.0,1061.0,5056.0,4647.0,2p,2p,1.0131950989632421,0.9191060126582279,4.703255813953488,4.379830348727616
609,replayed,2311.0,1566.0,6571.0,6377.0,2p,2p,1.4757343550447,0.9704763354131791,2.8433578537429685,4.072158365261814
610,replayed,8421.0,8170.0,6644.0,6872.0,prime,prime,1.0307221542227663,1.0343166767007828,0.7889799311245695,0.8411260709914321
611,replayed,2458.0,2112.0,9557.0,9296.0,flat,2p,1.1638257575757576,0.9726901747410275,3.888120423108218,4.401515151515151
612,replayed,1339.0,1248.0,4797.0,4449.0,chain3,chain3,1.0729166666666667,0.9274546591619762,3.5825242718446604,3.5649038461538463
613,replayed,5029.0,4915.0,9698.0,9693.0,prime,prime,1.0231943031536115,0.9994844297793359,1.9284151918870551,1.9721261444557476
614,replayed,8257.0,7010.0,12174.0,11597.0,prime,prime,1.177888730385164,0.9526039099720717,1.4743853699891,1.6543509272467902
615,replayed,1929.0,1869.0,8584.0,9011.0,2p,2p,1.0321027287319422,1.0497437092264679,4.449974079834111,4.821294810058855
616,replayed,1193.0,1147.0,1437.0,1383.0,chain3,chain3,1.040104620749782,0.9624217118997912,1.2045264040234702,1.2057541412380122
617,replayed,4206.0,4088.0,9807.0,9751.0,prime,prime,1.0288649706457926,0.9942897930049964,2.331669044222539,2.38527397260274
618,replayed,7707.0,6982.0,9538.0,9541.0,prime,prime,1.103838441707247,1.000314531348291,1.2375762294018424,1.3665138928673732
619,replayed,7439.0,8119.0,10559.0,9411.0,prime,prime,0.9162458430841237,0.8912775831044607,1.419411211184299,1.159132898140165
620,replayed,2110.0,1956.0,7070.0,6955.0,flat,chain3,1.0787321063394684,0.9837340876944838,3.3507109004739335,3.5557259713701432
621,replayed,1637.0,1419.0,5823.0,5840.0,2p,2p,1.153629316420014,1.0029194573244031,3.5571166768478926,4.115574348132488
622,replayed,8848.0,6986.0,12361.0,11819.0,prime,prime,1.2665330661322645,0.9561524148531673,1.3970388788426764,1.691812195820212
623,replayed,8669.0,7365.0,9593.0,7989.0,prime,prime,1.1770536320434488,0.8327947461690817,1.106586688199331,1.084725050916497
624,replayed,1112.0,1075.0,1311.0,1313.0,chain3,chain3,1.0344186046511628,1.0015255530129672,1.1789568345323742,1.2213953488372093
625,replayed,1122.0,1126.0,1813.0,1813.0,2p,2p,0.9964476021314387,1.0,1.6158645276292336,1.6101243339253997
626,replayed,8351.0,7227.0,11828.0,11827.0,prime,prime,1.1555278815552787,0.9999154548528915,1.4163573224763502,1.63650200636502
627,replayed,1810.0,1566.0,5791.0,5719.0,flat,chain3,1.1558109833971904,0.9875669141771715,3.1994475138121548,3.651979565772669
628,replayed,7843.0,8208.0,7343.0,7063.0,prime,prime,0.9555311890838206,0.9618684461391802,0.9362488843554763,0.8605019493177388
629,replayed,2682.0,2008.0,11319.0,11374.0,2p,2p,1.3356573705179282,1.0048590864917395,4.220357941834452,5.664342629482071
630,replayed,1147.0,1224.0,1236.0,1189.0,chain3,chain3,0.9370915032679739,0.9619741100323624,1.077593722755013,0.9714052287581699
631,replayed,5113.0,4944.0,8264.0,7202.0,prime,prime,1.03418284789644,0.8714908034849952,1.6162722472129865,1.456715210355987
632,replayed,7944.0,8276.0,8754.0,8272.0,prime,prime,0.9598840019333011,0.9449394562485721,1.101963746223565,0.9995166747220879
633,replayed,8948.0,7331.0,8785.0,8399.0,prime,prime,1.2205701814213614,0.9560614684120661,0.981783638801967,1.145682717228209
634,replayed,8615.0,7227.0,7152.0,6899.0,prime,prime,1.1920575619205755,0.9646252796420581,0.8301799187463726,0.9546146395461464
635,replayed,8798.0,6956.0,7546.0,7531.0,prime,prime,1.2648073605520413,0.9980121918897429,0.8576949306660605,1.0826624496837263
636,replayed,8590.0,7969.0,10721.0,10302.0,prime,prime,1.0779269669971139,0.9609178248297734,1.2480791618160652,1.292759442841009
637,replayed,1899.0,1336.0,1832.0,2130.0,flat,chain3,1.4214071856287425,1.1626637554585153,0.9647182727751448,1.594311377245509
638,replayed,2435.0,2204.0,8376.0,8089.0,flat,flat,1.1048094373865698,0.9657354345749761,3.439835728952772,3.6701451905626135
639,replayed,8519.0,6982.0,8301.0,7884.0,prime,prime,1.220137496419364,0.949765088543549,0.9744101420354502,1.1291893440274994
640,replayed,975.0,798.0,778.0,753.0,2p,2p,1.2218045112781954,0.967866323907455,0.7979487179487179,0.943609022556391
641,replayed,3547.0,3369.0,6428.0,6332.0,prime,prime,1.0528346690412584,0.985065339141257,1.812235692134198,1.87948946274859
642,replayed,8784.0,11412.0,11316.0,12759.0,prime,prime,0.7697160883280757,1.1275185577942737,1.2882513661202186,1.1180336487907465
643,replayed,8659.0,8766.0,10583.0,8742.0,prime,prime,0.987793748574036,0.8260417650949636,1.2221965584940524,0.9972621492128679
644,replayed,1894.0,1663.0,6100.0,5712.0,flat,chain3,1.1389055923030666,0.9363934426229508,3.2206969376979937,3.434756464221287
645,replayed,2119.0,1998.0,12481.0,9182.0,2p,2p,1.0605605605605606,0.7356782309109847,5.890042472864558,4.595595595595595
646,replayed,2077.0,1984.0,10795.0,9110.0,flat,flat,1.046875,0.8439092172301992,5.19740009629273,4.591733870967742
647,replayed,8278.0,7281.0,9015.0,8787.0,prime,prime,1.1369317401455843,0.9747088186356073,1.0890311669485382,1.2068397198187062
648,replayed,1205.0,1131.0,1465.0,1214.0,chain3,chain3,1.0654288240495138,0.8286689419795222,1.2157676348547717,1.0733863837312114
649,replayed,8257.0,8328.0,10181.0,9802.0,prime,prime,0.991474543707973,0.9627737943227581,1.2330144120140487,1.1769932756964456
650,replayed,1331.0,1278.0,1469.0,1419.0,chain3,chain3,1.041471048513302,0.9659632402995235,1.1036814425244177,1.1103286384976525
651,replayed,2274.0,1732.0,7516.0,7100.0,2p,2p,1.3129330254041571,0.9446514103246407,3.3051890941073,4.099307159353349
652,replayed,9415.0,7198.0,7899.0,8485.0,prime,prime,1.3080022228396777,1.074186605899481,0.838980350504514,1.1787996665740483
653,replayed,11096.0,7206.0,10607.0,9464.0,prime,prime,1.5398279211767971,0.8922409729423966,0.955930064888248,1.3133499861226756
654,replayed,9570.0,6976.0,8695.0,7087.0,prime,prime,1.3718463302752293,0.815066129959747,0.9085684430512017,1.0159116972477065
655,replayed,8616.0,7240.0,10813.0,9517.0,prime,prime,1.1900552486187845,0.880144270785166,1.2549907149489323,1.3145027624309393
656,replayed,2617.0,1770.0,9932.0,8556.0,2p,2p,1.4785310734463277,0.8614579138139348,3.7951853267099733,4.8338983050847455
657,replayed,9447.0,6957.0,8124.0,6848.0,prime,prime,1.3579128934885727,0.8429345150172329,0.8599555414417275,0.9843323271525083
658,replayed,2879.0,2755.0,10540.0,9563.0,flat,flat,1.0450090744101634,0.9073055028462998,3.66099340048628,3.471143375680581
659,replayed,8838.0,8282.0,10412.0,9648.0,prime,prime,1.067133542622555,0.9266231271609681,1.1780945915365468,1.1649360057957014
660,replayed,1384.0,1220.0,1997.0,1445.0,chain3,chain3,1.1344262295081968,0.7235853780671007,1.4429190751445087,1.1844262295081966
661,replayed,5406.0,5318.0,9541.0,9562.0,prime,prime,1.0165475742760437,1.0022010271460016,1.7648908620051795,1.7980443775855586
662,replayed,8818.0,8050.0,12628.0,11227.0,prime,prime,1.0954037267080745,0.8890560658853341,1.4320707643456567,1.3946583850931678
663,replayed,1885.0,1673.0,6037.0,6557.0,flat,chain3,1.1267184698147041,1.08613549776379,3.202652519893899,3.9193066347878065
664,replayed,8609.0,7199.0,10115.0,9023.0,prime,prime,1.1958605361855814,0.8920415224913495,1.1749332094319898,1.2533685234060286
665,replayed,1851.0,1574.0,5616.0,5355.0,flat,chain3,1.175984752223634,0.9535256410256411,3.034035656401945,3.4021601016518423
666,replayed,2079.0,2062.0,8207.0,7987.0,chain3,chain3,1.0082444228903977,0.973193615206531,3.9475709475709477,3.873423860329777
667,replayed,2581.0,2446.0,12716.0,11779.0,2p,flat,1.055192150449714,0.9263133060710915,4.926772568771794,4.815617334423549
668,replayed,10038.0,6992.0,9749.0,10058.0,prime,prime,1.4356407322654463,1.0316955585188226,0.9712094042637975,1.4385011441647597
669,replayed,8271.0,7222.0,10674.0,10046.0,prime,prime,1.1452506230960953,0.9411654487539817,1.2905331882480957,1.3910274162281917
670,replayed,11856.0,8141.0,12243.0,11416.0,prime,prime,1.4563321459280187,0.93245119660214,1.0326417004048583,1.4022847316054539
671,replayed,8667.0,6979.0,8585.0,7791.0,prime,prime,1.2418684625304486,0.9075131042516016,0.9905388254297912,1.1163490471414244
672,replayed,1010.0,1140.0,1278.0,1134.0,2p,2p,0.8859649122807017,0.8873239436619719,1.2653465346534654,0.9947368421052631
673,replayed,4045.0,3866.0,10176.0,9743.0,prime,prime,1.046301086394206,0.9574488993710691,2.515698393077874,2.5201758923952404
674,replayed,8686.0,9870.0,11972.0,15554.0,prime,prime,0.8800405268490374,1.2991981289675911,1.3783099240156573,1.575886524822695
675,replayed,1598.0,1275.0,1753.0,2409.0,2p,2p,1.2533333333333334,1.374215630347975,1.0969962453066333,1.8894117647058823
676,replayed,1789.0,1484.0,2473.0,2345.0,chain3,chain3,1.2055256064690028,0.9482410028305701,1.3823365008384572,1.580188679245283
677,replayed,6572.0,5410.0,10090.0,9054.0,prime,prime,1.2147874306839186,0.8973240832507433,1.5353012781497262,1.6735674676524954
678,replayed,8567.0,8268.0,10798.0,11193.0,prime,prime,1.0361635220125787,1.0365808483052417,1.2604178825726626,1.3537735849056605
679,replayed,9624.0,8226.0,7650.0,6853.0,prime,prime,1.1699489423778264,0.8958169934640523,0.7948877805486284,0.8330902017991734
680,replayed,1797.0,1431.0,5166.0,4939.0,flat,chain3,1.2557651991614256,0.9560588463027487,2.8747913188647747,3.4514325646401116
681,replayed,7566.0,8263.0,9291.0,8712.0,prime,prime,0.9156480697083383,0.9376816273813368,1.2279936558287075,1.0543386179353746
682,replayed,2466.0,2422.0,10897.0,8078.0,flat,flat,1.018166804293972,0.7413049463154997,4.41889699918897,3.3352601156069364
683,replayed,8982.0,7346.0,9184.0,9343.0,prime,prime,1.222706234685543,1.0173127177700347,1.0224894232910264,1.2718486251020964
684,replayed,1513.0,1493.0,5368.0,5386.0,chain3,chain3,1.013395847287341,1.0033532041728763,3.547918043621943,3.6075016744809107
685,replayed,8890.0,8181.0,9591.0,8830.0,prime,prime,1.0866642219777534,0.9206547805234073,1.0788526434195727,1.079330155237746
686,replayed,1740.0,1694.0,1557.0,1506.0,flat,flat,1.0271546635183,0.9672447013487476,0.8948275862068965,0.8890200708382526
687,replayed,8514.0,8162.0,10947.0,8438.0,prime,prime,1.0431266846361187,0.7708047866995524,1.2857646229739252,1.033815241362411
688,replayed,2529.0,1925.0,9451.0,12442.0,flat,2p,1.3137662337662337,1.31647444714845,3.7370502174772637,6.463376623376623
689,replayed,8164.0,11550.0,11540.0,16425.0,prime,prime,0.7068398268398268,1.423310225303293,1.4135227829495345,1.422077922077922
690,replayed,1656.0,1644.0,6470.0,6184.0,chain3,chain3,1.0072992700729928,0.9557959814528594,3.907004830917874,3.761557177615572
691,replayed,5537.0,5691.0,9814.0,9159.0,prime,prime,0.972939729397294,0.9332586101487671,1.7724399494310998,1.6093832366895098
692,replayed,8257.0,7165.0,10391.0,9980.0,prime,prime,1.152407536636427,0.9604465402752382,1.258447377982318,1.3928820655966503
693,replayed,1684.0,1419.0,1912.0,1917.0,flat,chain3,1.1867512332628611,1.0026150627615062,1.1353919239904988,1.3509513742071881
694,replayed,8237.0,7386.0,9306.0,9266.0,prime,prime,1.1152179799620905,0.9957016978293574,1.1297802598033264,1.2545356079068508
695,replayed,8285.0,8036.0,8967.0,9086.0,prime,prime,1.0309855649576904,1.0132708821233412,1.0823174411587206,1.1306620209059233
696,replayed,2571.0,1846.0,7577.0,7037.0,flat,chain3,1.3927410617551463,0.9287316880031675,2.9471022948269154,3.812026002166847
697,replayed,2507.0,2446.0,14120.0,13534.0,2p,2p,1.0249386753883891,0.9584985835694051,5.632229756681292,5.533115290269828
698,replayed,7768.0,8263.0,9280.0,9323.0,prime,prime,0.9400943967082174,1.0046336206896551,1.1946446961894954,1.1282827060389689
699,replayed,7887.0,8255.0,8638.0,8650.0,prime,prime,0.9554209569957601,1.0013892104653854,1.095219982249271,1.0478497880072684
700,replayed,1176.0,1171.0,1288.0,1250.0,chain3,chain3,1.004269854824936,0.9704968944099379,1.0952380952380953,1.067463706233988
701,replayed,6688.0,6533.0,9513.0,9341.0,prime,prime,1.023725700290831,0.9819194786082204,1.4223983253588517,1.4298178478493802
702,replayed,1503.0,1450.0,1703.0,1649.0,chain3,chain3,1.036551724137931,0.9682912507339988,1.1330671989354624,1.1372413793103449
703,replayed,2325.0,2341.0,12992.0,12974.0,2p,2p,0.9931653139683896,0.9986145320197044,5.587956989247312,5.5420760358821015
704,replayed,1127.0,1096.0,1560.0,1535.0,2p,chain3,1.0282846715328466,0.9839743589743589,1.3842058562555457,1.4005474452554745
705,replayed,2823.0,2310.0,14807.0,10299.0,2p,2p,1.222077922077922,0.6955494023097184,5.24512929507616,4.458441558441558
706,replayed,8205.0,8654.0,9214.0,9121.0,prime,prime,0.9481164779292812,0.9899066637725201,1.1229737964655697,1.0539634850935984
707,replayed,8300.0,8345.0,7313.0,7294.0,prime,prime,0.9946075494307969,0.9974018870504581,0.8810843373493976,0.8740563211503894
708,replayed,8026.0,7852.0,10666.0,9374.0,prime,prime,1.022159959246052,0.8788674292143259,1.3289309743334163,1.1938359653591442
709,replayed,7943.0,8301.0,10364.0,9163.0,prime,prime,0.9568726659438622,0.8841181011192589,1.3047966763187713,1.1038429104927117
710,replayed,8174.0,8308.0,8965.0,9191.0,prime,prime,0.9838709677419355,1.0252091466815394,1.0967702471250307,1.1062831006259028
711,replayed,6946.0,8093.0,9504.0,9309.0,prime,prime,0.8582725812430495,0.9794823232323232,1.3682695076302909,1.1502533053255901
712,replayed,8138.0,9034.0,9075.0,13180.0,prime,prime,0.9008191277396502,1.4523415977961434,1.1151388547554681,1.458932920079699
713,replayed,2784.0,3617.0,13334.0,18347.0,2p,2p,0.7696986452861487,1.3759562021898906,4.789511494252873,5.072435720210119
714,replayed,1701.0,1590.0,5940.0,5264.0,chain3,chain3,1.069811320754717,0.8861952861952862,3.492063492063492,3.3106918238993712
715,replayed,1831.0,1619.0,2805.0,2614.0,flat,chain3,1.130945027794935,0.9319073083778966,1.5319497542326597,1.6145768993205682
716,replayed,8024.0,8285.0,10112.0,10234.0,prime,prime,0.9684972842486421,1.0120648734177216,1.2602193419740777,1.2352444176222088
717,replayed,8058.0,8048.0,8540.0,8769.0,prime,prime,1.0012425447316102,1.026814988290398,1.0598163315959295,1.0895874751491055
718,replayed,8741.0,6974.0,12865.0,9162.0,prime,prime,1.2533696587324348,0.7121647881849981,1.4717995652671318,1.3137367364496702
719,replayed,11642.0,8361.0,12985.0,9195.0,prime,prime,1.3924171749790695,0.7081247593376974,1.115358185878715,1.0997488338715464
720,replayed,1286.0,1589.0,1199.0,1180.0,chain3,chain3,0.8093140339836375,0.9841534612176814,0.932348367029549,0.7426054122089364
721,replayed,8161.0,6992.0,10339.0,10615.0,prime,prime,1.1671910755148742,1.0266950382048554,1.2668790589388554,1.5181636155606408
722,replayed,2327.0,2333.0,10951.0,10963.0,flat,flat,0.997428204029147,1.0010957903387818,4.7060593038246665,4.699099871410201
723,replayed,8217.0,6995.0,7581.0,7588.0,prime,prime,1.1746962115796997,1.0009233610341643,0.9225994888645491,1.0847748391708363
724,replayed,8147.0,8250.0,7640.0,7652.0,prime,prime,0.9875151515151516,1.0015706806282723,0.9377685037437093,0.9275151515151515
725,replayed,2810.0,1897.0,7547.0,7626.0,flat,2p,1.481286241433843,1.0104677355240492,2.68576512455516,4.020031628887717
726,replayed,1668.0,1586.0,2562.0,2560.0,chain3,chain3,1.051702395964691,0.9992193598750976,1.5359712230215827,1.614123581336696
727,replayed,5286.0,5349.0,11808.0,12108.0,prime,prime,0.9882220975883342,1.0254065040650406,2.2338251986379114,2.263600673022995
728,replayed,1437.0,1413.0,1601.0,1620.0,chain3,chain3,1.0169851380042463,1.0118675827607746,1.114126652748782,1.1464968152866242
729,replayed,1333.0,1366.0,2063.0,2089.0,2p,chain3,0.9758418740849195,1.0126030053320407,1.5476369092273068,1.5292825768667642
730,replayed,11584.0,6985.0,10788.0,8223.0,prime,prime,1.6584108804581246,0.7622358175750834,0.9312845303867403,1.1772369362920545
731,replayed,2592.0,2612.0,14244.0,14280.0,2p,2p,0.9923430321592649,1.0025273799494523,5.49537037037037,5.467075038284839
732,replayed,8199.0,8530.0,7826.0,7835.0,prime,prime,0.9611957796014068,1.0011500127779198,0.9545066471520918,0.9185228604923799
733,replayed,8006.0,8300.0,10149.0,10180.0,prime,prime,0.964578313253012,1.003054488126909,1.2676742443167623,1.2265060240963856
734,replayed,7119.0,8054.0,10233.0,10495.0,prime,prime,0.8839086168363546,1.0256034398514609,1.4374209860935525,1.303079215296747
735,replayed,1942.0,1376.0,1878.0,1871.0,flat,chain3,1.4113372093023255,0.996272630457934,0.9670442842430484,1.3597383720930232
736,replayed,1434.0,1438.0,6383.0,6381.0,2p,2p,0.9972183588317107,0.9996866677111076,4.451185495118549,4.437413073713491
737,replayed,8187.0,10309.0,13321.0,18850.0,prime,prime,0.7941604423319429,1.4150589295097966,1.6270917307927202,1.828499369482976
738,replayed,3000.0,2487.0,10057.0,13568.0,chain3,chain3,1.2062726176115801,1.3491100725862584,3.352333333333333,5.4555689585846405
739,replayed,8229.0,6997.0,10403.0,10302.0,prime,prime,1.1760754609118194,0.9902912621359223,1.264187629116539,1.472345290838931
740,replayed,2621.0,2457.0,9626.0,9032.0,flat,flat,1.0667480667480667,0.9382921254934552,3.672644028996566,3.676027676027676
741,replayed,1929.0,1950.0,6960.0,7674.0,chain3,chain3,0.9892307692307692,1.1025862068965517,3.6080870917573873,3.9353846153846153
742,replayed,7324.0,7014.0,11078.0,11947.0,prime,prime,1.0441973196464214,1.0784437624119878,1.5125614418350628,1.7033076703735386
743,replayed,11251.0,8121.0,14434.0,10192.0,prime,prime,1.3854205147149365,0.7061105722599418,1.2829081859390277,1.2550178549439723
744,replayed,2622.0,2043.0,7840.0,7882.0,flat,chain3,1.2834067547723935,1.0053571428571428,2.9900839054157133,3.8580518844836025
745,replayed,8147.0,8338.0,9269.0,9190.0,prime,prime,0.9770928280163109,0.9914769662315245,1.1377194059162883,1.102182777644519
746,replayed,8124.0,8322.0,10143.0,10852.0,prime,prime,0.9762076423936553,1.069900423937691,1.2485228951255538,1.3040134583032925
747,replayed,7980.0,7430.0,10212.0,10296.0,prime,prime,1.0740242261103634,1.008225616921269,1.2796992481203007,1.3857335127860027
748,replayed,2341.0,2489.0,6810.0,9535.0,flat,chain3,0.9405383688228204,1.4001468428781203,2.9090132422041863,3.8308557653676174
749,replayed,7260.0,10215.0,10536.0,21010.0,prime,prime,0.71071953010279,1.9941154138192863,1.4512396694214875,2.056779246206559
750,replayed,1374.0,1356.0,1408.0,1432.0,chain3,chain3,1.0132743362831858,1.0170454545454546,1.024745269286754,1.056047197640118
751,replayed,7979.0,6392.0,8191.0,8179.0,prime,prime,1.248279098873592,0.9985349774142351,1.0265697455821532,1.2795682102628285
752,replayed,2917.0,2183.0,10807.0,13057.0,flat,2p,1.3362345396243702,1.208198389932451,3.704833733287624,5.981218506642236
753,replayed,7892.0,8074.0,8853.0,8898.0,prime,prime,0.9774585087936587,1.005083022704168,1.1217688798783578,1.102055982164974
754,replayed,2640.0,2918.0,9465.0,9464.0,flat,flat,0.9047292666209733,0.9998943475964078,3.585227272727273,3.243317340644277
755,replayed,7745.0,7573.0,8125.0,8183.0,prime,prime,1.0227122672652846,1.0071384615384615,1.0490639122014203,1.0805493199524627
756,replayed,1304.0,1745.0,1545.0,1732.0,chain3,chain3,0.7472779369627507,1.1210355987055016,1.1848159509202454,0.9925501432664756
757,replayed,7340.0,7248.0,9435.0,9207.0,prime,prime,1.0126931567328918,0.9758346581875994,1.2854223433242506,1.2702814569536425
758,replayed,8157.0,7523.0,8647.0,8442.0,prime,prime,1.084274890336302,0.9762923557303111,1.0600711045727595,1.122158713279277
759,replayed,2505.0,2195.0,7764.0,8744.0,flat,chain3,1.14123006833713,1.1262235960844926,3.0994011976047906,3.9835990888382686
760,replayed,1928.0,1625.0,5850.0,6233.0,flat,chain3,1.1864615384615385,1.0654700854700854,3.034232365145228,3.8356923076923075
761,replayed,6105.0,6017.0,9430.0,9272.0,prime,prime,1.0146252285191957,0.9832449628844114,1.5446355446355446,1.5409672594316104
762,replayed,8082.0,7020.0,9886.0,8882.0,prime,prime,1.1512820512820512,0.8984422415537123,1.2232120762187577,1.2652421652421653
763,replayed,8303.0,8422.0,8932.0,8377.0,prime,prime,0.9858703395867965,0.9378638602776533,1.0757557509333975,0.9946568511042507
764,replayed,8391.0,8312.0,8544.0,8305.0,prime,prime,1.0095043310875842,0.9720271535580525,1.0182338219520914,0.999157844080847
765,replayed,2078.0,1755.0,6479.0,5900.0,flat,chain3,1.1840455840455841,0.9106343571538817,3.1179018286814246,3.3618233618233617
766,replayed,10578.0,8404.0,8881.0,8439.0,prime,prime,1.2586863398381722,0.9502308298615021,0.839572698052562,1.0041646834840552
767,replayed,9688.0,8241.0,13584.0,11337.0,prime,prime,1.1755854871981555,0.8345848056537103,1.4021469859620148,1.3756825627957772
768,replayed,1034.0,955.0,1250.0,1037.0,2p,2p,1.0827225130890052,0.8296,1.2088974854932302,1.0858638743455498
769,replayed,4194.0,3991.0,7713.0,7378.0,prime,prime,1.0508644450012528,0.9565668352132762,1.8390557939914163,1.848659483838637
770,replayed,1507.0,1512.0,1803.0,1767.0,chain3,chain3,0.9966931216931217,0.9800332778702163,1.1964167219641673,1.1686507936507937
771,replayed,7708.0,8473.0,8227.0,7783.0,prime,prime,0.9097132066564381,0.9460313601555853,1.0673326414115205,0.9185648530626697
772,replayed,8537.0,7131.0,8027.0,7689.0,prime,prime,1.1971672977142056,0.9578921141148623,0.9402600445121237,1.0782498948254102
773,replayed,8195.0,7122.0,10651.0,10241.0,prime,prime,1.1506599269868014,0.9615059618815135,1.2996949359365466,1.4379387812412243
774,replayed,2757.0,2676.0,11125.0,10574.0,chain3,chain3,1.0302690582959642,0.9504719101123595,4.035183170112441,3.9514200298953663
775,replayed,2070.0,2095.0,8593.0,9041.0,2p,2p,0.9880668257756563,1.052135459094612,4.151207729468599,4.315513126491647
776,replayed,8236.0,8513.0,8188.0,7927.0,prime,prime,0.9674615294255844,0.9681240840254031,0.9941719281204469,0.9311641019617056
777,replayed,2276.0,2307.0,10574.0,9537.0,2p,2p,0.9865626354573038,0.9019292604501608,4.645869947275923,4.133940182054617
778,replayed,8287.0,7645.0,10334.0,10284.0,prime,prime,1.0839764551994768,0.9951616024772595,1.2470133944732713,1.345192936559843
779,replayed,2896.0,2806.0,15634.0,15225.0,2p,2p,1.0320741268709908,0.9738390686964309,5.398480662983426,5.425873129009266
780,replayed,1532.0,1484.0,1751.0,1703.0,chain3,chain3,1.0323450134770888,0.9725870930896631,1.1429503916449086,1.1475741239892183
781,replayed,8736.0,8416.0,11964.0,10554.0,prime,prime,1.038022813688213,0.8821464393179539,1.3695054945054945,1.2540399239543727
782,replayed,2771.0,2685.0,12238.0,12828.0,flat,flat,1.0320297951582869,1.048210491910443,4.416456153013352,4.777653631284916
783,replayed,3388.0,2889.0,9430.0,11664.0,flat,2p,1.172724125995154,1.2369034994697774,2.783353010625738,4.037383177570093
784,replayed,1264.0,1706.0,1451.0,2066.0,chain3,chain3,0.7409144196951934,1.4238456237077877,1.1479430379746836,1.2110199296600235
785,replayed,8487.0,7467.0,9434.0,14550.0,prime,prime,1.1366010445962234,1.5422938308246767,1.111582420172028,1.948573724387304
786,replayed,7909.0,7940.0,11471.0,11362.0,prime,prime,0.996095717884131,0.9904977770028768,1.4503729927930207,1.4309823677581863
787,replayed,8090.0,7352.0,10165.0,10207.0,prime,prime,1.1003808487486397,1.004131824889326,1.2564894932014834,1.3883297062023938
788,replayed,8259.0,7009.0,10092.0,9082.0,prime,prime,1.1783421315451563,0.8999207292905271,1.2219397021431166,1.295762590954487
789,replayed,8213.0,8557.0,11365.0,10893.0,prime,prime,0.9597989949748744,0.9584689837219533,1.3837818093266772,1.2729928713334113
790,replayed,8134.0,7736.0,11837.0,13394.0,prime,prime,1.0514477766287487,1.131536706935879,1.455249569707401,1.7313857290589452
791,replayed,8447.0,7372.0,12880.0,14457.0,prime,prime,1.1458220293000543,1.1224378881987578,1.5248017047472475,1.9610689093868692
792,replayed,1461.0,1456.0,1900.0,1870.0,chain3,chain3,1.003434065934066,0.9842105263157894,1.3004791238877482,1.2843406593406594
793,replayed,8240.0,8612.0,9595.0,9195.0,prime,prime,0.9568044588945657,0.9583116206357478,1.1644417475728155,1.0676962378077102
794,replayed,8626.0,7437.0,11548.0,10395.0,prime,prime,1.1598762942046523,0.9001558711465188,1.3387433341061905,1.3977410246066964
795,replayed,8418.0,8451.0,13931.0,13270.0,prime,prime,0.9960951366702165,0.9525518627521355,1.6549061534806366,1.5702283753401964
796,replayed,8311.0,7464.0,10073.0,8934.0,prime,prime,1.1134780278670955,0.8869254442569244,1.2120081819275659,1.1969453376205788
797,replayed,8253.0,9027.0,10453.0,14447.0,prime,prime,0.9142572283150548,1.3820912656653592,1.2665697322185872,1.6004209593441896
798,replayed,2423.0,2650.0,7712.0,8867.0,flat,chain3,0.9143396226415095,1.1497665975103735,3.1828312009905075,3.3460377358490567
799,replayed,2992.0,4235.0,16796.0,23690.0,2p,2p,0.7064935064935065,1.4104548702071922,5.613636363636363,5.593860684769775
800,replayed,1231.0,1173.0,1332.0,1249.0,2p,2p,1.0494458653026428,0.9376876876876877,1.082047116165719,1.0647911338448424
801,replayed,8585.0,8553.0,11200.0,10485.0,prime,prime,1.0037413772945165,0.9361607142857142,1.304601048340128,1.2258856541564362
802,replayed,8198.0,7493.0,8664.0,8193.0,prime,prime,1.0940878152942746,0.9456371191135734,1.0568431324713345,1.0934205258241025
803,replayed,8140.0,7141.0,10003.0,9221.0,prime,prime,1.1398963730569949,0.9218234529641107,1.2288697788697789,1.2912757316902395
804,replayed,7909.0,7229.0,14097.0,13869.0,prime,prime,1.0940655692350256,0.9838263460310704,1.7823997976988242,1.9185226172361323
805,replayed,2553.0,2197.0,7756.0,7313.0,flat,chain3,1.162039144287665,0.9428829293450232,3.037994516255386,3.328629949931725
806,replayed,2996.0,2939.0,9857.0,9627.0,flat,flat,1.019394351820347,0.9766663284975144,3.290053404539386,3.275603946920721
807,replayed,7815.0,7378.0,11438.0,11134.0,prime,prime,1.0592301436703713,0.973421926910299,1.4635956493921944,1.5090810517755489
808,replayed,8144.0,8546.0,8714.0,8631.0,prime,prime,0.9529604493330213,0.9904750975441817,1.0699901768172888,1.0099461736484905
809,replayed,7367.0,8570.0,11286.0,11627.0,prime,prime,0.8596266044340724,1.030214424951267,1.5319668793267274,1.3567094515752625
810,replayed,1573.0,1569.0,1756.0,1653.0,chain3,chain3,1.0025493945188018,0.9413439635535308,1.1163382072472983,1.0535372848948374
811,replayed,7599.0,7506.0,9407.0,9147.0,prime,prime,1.0123900879296563,0.9723610077601786,1.2379260429003816,1.2186250999200638
812,replayed,2798.0,2922.0,9035.0,8617.0,flat,chain3,0.9575633127994524,0.9537354731599336,3.2290922087205147,2.9490075290896645
813,replayed,8219.0,7189.0,9614.0,9404.0,prime,prime,1.1432744470719154,0.9781568545870606,1.1697286774546782,1.3081096119070803
814,replayed,3145.0,3035.0,11781.0,11043.0,flat,flat,1.0362438220757826,0.9373567608861727,3.745945945945946,3.6385502471169686
815,replayed,8339.0,7131.0,9746.0,9803.0,prime,prime,1.1694012060019632,1.0058485532526165,1.1687252668185635,1.374702005328846
816,replayed,1723.0,1794.0,6576.0,7158.0,chain3,chain3,0.9604236343366778,1.0885036496350364,3.816598955310505,3.9899665551839463
817,replayed,3248.0,3374.0,16266.0,17639.0,flat,2p,0.9626556016597511,1.0844091970982417,5.0080049261083746,5.227919383521043
818,replayed,7857.0,7284.0,11174.0,11470.0,prime,prime,1.078665568369028,1.0264900662251655,1.4221713122056765,1.5746842394288851
819,replayed,2071.0,1701.0,2244.0,2220.0,flat,chain3,1.2175191064079953,0.9893048128342246,1.0835345243843555,1.3051146384479717
820,replayed,2904.0,3326.0,11164.0,12550.0,flat,flat,0.8731208659049909,1.124149050519527,3.8443526170798896,3.7733012627781117
821,replayed,7538.0,7054.0,11317.0,11476.0,prime,prime,1.0686135525942728,1.0140496598038349,1.5013266118333775,1.6268783668840374
822,replayed,8335.0,7391.0,11269.0,11218.0,prime,prime,1.1277229062373157,0.9954743100541308,1.352009598080384,1.5177919090786092
823,replayed,8731.0,7165.0,11137.0,11541.0,prime,prime,1.2185624563852058,1.0362754781359433,1.2755698087275227,1.6107466852756456
824,replayed,8117.0,7494.0,11699.0,12134.0,prime,prime,1.083133173205231,1.0371826651850586,1.4412960453369472,1.6191619962636776
825,replayed,1754.0,1695.0,2409.0,2427.0,chain3,chain3,1.0348082595870207,1.0074719800747198,1.3734321550741162,1.431858407079646
826,replayed,7883.0,7122.0,11155.0,10692.0,prime,prime,1.1068520078629598,0.9584939489018377,1.4150704046682736,1.5012636899747263
827,replayed,8332.0,7081.0,12398.0,11155.0,prime,prime,1.1766699618697924,0.8997418938538474,1.4879980796927508,1.5753424657534247
828,replayed,2250.0,1938.0,7237.0,7710.0,chain3,chain3,1.1609907120743035,1.0653585739947493,3.2164444444444444,3.978328173374613
829,replayed,7562.0,7140.0,11109.0,11133.0,prime,prime,1.0591036414565826,1.0021604104779909,1.469055805342502,1.5592436974789916
830,replayed,7915.0,7052.0,11628.0,11941.0,prime,prime,1.1223766307430516,1.0269177846577227,1.4691092861655086,1.6932785025524675
831,replayed,9369.0,7084.0,11688.0,10926.0,prime,prime,1.322557876905703,0.9348049281314168,1.2475184117835414,1.5423489553924337
832,replayed,1449.0,1363.0,1772.0,1753.0,2p,chain3,1.0630961115187088,0.9892776523702032,1.222912353347136,1.2861335289801907
833,replayed,2345.0,1916.0,6372.0,7116.0,flat,chain3,1.2239039665970772,1.1167608286252355,2.71727078891258,3.7139874739039667
834,replayed,8700.0,9325.0,11174.0,11660.0,prime,prime,0.9329758713136729,1.0434938249507786,1.284367816091954,1.2504021447721179
835,replayed,8687.0,7384.0,11983.0,12933.0,prime,prime,1.176462621885157,1.07927897855295,1.3794175204328307,1.751489707475623
836,replayed,2764.0,2003.0,7672.0,7562.0,flat,chain3,1.379930104842736,0.9856621480709072,2.7756874095513746,3.775336994508238
837,replayed,3469.0,2255.0,9563.0,9253.0,flat,2p,1.538359201773836,0.9675833943323225,2.7567022196598443,4.103325942350333
838,replayed,9418.0,7079.0,13775.0,11204.0,prime,prime,1.3304139002683995,0.8133575317604356,1.462624761095774,1.5827094222347788
839,replayed,8091.0,8250.0,11106.0,11254.0,prime,prime,0.9807272727272728,1.013326130019809,1.3726362625139044,1.364121212121212
840,replayed,1367.0,1733.0,1531.0,1484.0,chain3,chain3,0.7888055395268321,0.969301110385369,1.1199707388441844,0.8563185227928448
841,replayed,3835.0,3339.0,16546.0,16075.0,flat,2p,1.1485474693021862,0.9715339054756437,4.314471968709257,4.814315663372267
842,replayed,8122.0,7066.0,11238.0,11045.0,prime,prime,1.1494480611378433,0.9828261256451326,1.3836493474513667,1.5631191621851117
843,replayed,7763.0,8679.0,11545.0,10988.0,prime,prime,0.8944578868533242,0.9517540060632308,1.4871827901584438,1.2660444751699504
844,replayed,8228.0,8262.0,12189.0,11070.0,prime,prime,0.9958847736625515,0.9081959143490032,1.4814049586776858,1.3398692810457515
845,replayed,2340.0,2003.0,3101.0,3854.0,flat,chain3,1.1682476285571644,1.2428248951950984,1.3252136752136752,1.9241138292561157
846,replayed,4710.0,3064.0,12370.0,12353.0,flat,chain3,1.537206266318538,0.9986257073565077,2.626326963906582,4.0316579634464755
847,replayed,2240.0,1964.0,3309.0,4038.0,flat,chain3,1.140529531568228,1.2203082502266547,1.4772321428571429,2.056008146639511
848,replayed,8370.0,7327.0,13636.0,13761.0,prime,prime,1.1423502115463355,1.0091669111176298,1.6291517323775389,1.8781220144670396
849,replayed,8408.0,7388.0,11400.0,10971.0,prime,prime,1.1380617217108826,0.9623684210526315,1.3558515699333968,1.484975636166757
850,replayed,1910.0,1910.0,6682.0,6487.0,chain3,chain3,1.0,0.9708171206225681,3.498429319371728,3.3963350785340314
851,replayed,3172.0,3463.0,16931.0,16642.0,2p,flat,0.9159688131677736,0.9829307187998346,5.337641866330391,4.80565983251516
852,replayed,8397.0,8219.0,10590.0,10759.0,prime,prime,1.0216571359046112,1.0159584513692161,1.2611647016791712,1.3090400292006328
853,replayed,8101.0,7380.0,11168.0,11295.0,prime,prime,1.0976964769647697,1.011371776504298,1.3785952351561535,1.5304878048780488
854,replayed,8238.0,8299.0,9253.0,9352.0,prime,prime,0.9926497168333535,1.0106992326812925,1.1232095168730274,1.1268827569586697
855,replayed,2396.0,2087.0,7484.0,7851.0,flat,chain3,1.1480594154288453,1.0490379476215927,3.1235392320534223,3.7618591279348346
856,replayed,8184.0,8268.0,11812.0,12085.0,prime,prime,0.9898403483309144,1.0231120894006096,1.443304007820137,1.4616594097726172
857,replayed,7872.0,7112.0,11296.0,11293.0,prime,prime,1.106861642294713,0.9997344192634561,1.434959349593496,1.5878796400449944
858,replayed,2516.0,1933.0,3002.0,3009.0,flat,chain3,1.3016037247801344,1.002331778814124,1.1931637519872813,1.5566476978789447
859,replayed,6579.0,6466.0,11138.0,11277.0,prime,prime,1.0174760284565418,1.0124797988866943,1.6929624563003496,1.744045777915249
860,replayed,3369.0,3170.0,12636.0,12009.0,flat,chain3,1.062776025236593,0.9503798670465338,3.7506678539626,3.7883280757097793
861,replayed,2760.0,2683.0,11961.0,11468.0,2p,2p,1.0286992172940739,0.9587827104757127,4.333695652173913,4.27431979127842
862,replayed,8056.0,7127.0,11751.0,11156.0,prime,prime,1.1303493756138627,0.9493660114032848,1.4586643495531282,1.5653149992984425
863,replayed,8235.0,8262.0,11683.0,11244.0,prime,prime,0.9967320261437909,0.962424034922537,1.4187006678809957,1.3609295570079885
864,replayed,1423.0,1258.0,1475.0,1458.0,2p,2p,1.131160572337043,0.9884745762711864,1.0365425158116655,1.1589825119236883
865,replayed,7060.0,7790.0,11648.0,12236.0,prime,prime,0.9062901155327343,1.0504807692307692,1.6498583569405099,1.5707317073170732
866,replayed,7883.0,7075.0,9866.0,9829.0,prime,prime,1.1142049469964663,0.9962497466045003,1.251553976912343,1.3892579505300353
867,replayed,2602.0,2685.0,12557.0,12008.0,flat,flat,0.9690875232774674,0.9562793660906267,4.825903151421983,4.472253258845438
868,replayed,2997.0,2694.0,9452.0,9372.0,flat,chain3,1.1124721603563474,0.9915361828184511,3.1538204871538205,3.4788418708240534
869,replayed,7941.0,7108.0,12552.0,12285.0,prime,prime,1.117191896454699,0.9787284894837476,1.5806573479410653,1.7283342712436691
870,replayed,3138.0,2344.0,9016.0,8952.0,flat,chain3,1.3387372013651877,0.9929015084294588,2.873167622689611,3.8191126279863483
871,replayed,7419.0,7117.0,15711.0,15903.0,prime,prime,1.0424336096669946,1.0122207370632041,2.1176708451273756,2.2345089222987213
872,replayed,8160.0,7391.0,9781.0,9517.0,prime,prime,1.1040454606954404,0.9730088947960331,1.1986519607843138,1.2876471384115817
873,replayed,8612.0,7107.0,9850.0,8911.0,prime,prime,1.2117630505135781,0.9046700507614214,1.1437529029261495,1.2538342479245814
874,replayed,3455.0,2963.0,15339.0,13796.0,flat,flat,1.166047924400945,0.8994067409870266,4.439652677279305,4.656091798852515
875,replayed,2128.0,1657.0,2550.0,2482.0,flat,chain3,1.284248642124321,0.9733333333333334,1.1983082706766917,1.4978877489438744
876,replayed,8511.0,7426.0,9541.0,9255.0,prime,prime,1.1461082682467008,0.9700241064877896,1.121019856656092,1.2462967950444384
877,replayed,8190.0,7094.0,11843.0,11962.0,prime,prime,1.1544967578235128,1.0100481296968673,1.446031746031746,1.6862137017197631
878,replayed,8141.0,8404.0,12474.0,12037.0,prime,prime,0.9687053783912423,0.9649671316337983,1.532244196044712,1.432294145644931
879,replayed,8636.0,8250.0,12636.0,11812.0,prime,prime,1.0467878787878788,0.9347894903450459,1.4631773969430293,1.4317575757575758
880,replayed,1552.0,1593.0,1964.0,1918.0,chain3,chain3,0.9742623979912115,0.9765784114052953,1.2654639175257731,1.2040175768989327
881,replayed,5809.0,5861.0,12475.0,11960.0,prime,prime,0.9911277938918274,0.9587174348697395,2.147529695300396,2.0406074048797134
882,replayed,2459.0,1925.0,1970.0,1913.0,flat,chain3,1.2774025974025973,0.9710659898477157,0.8011386742578284,0.9937662337662337
883,replayed,9785.0,7419.0,13697.0,11877.0,prime,prime,1.31891090443456,0.8671241877783457,1.399795605518651,1.6008896077638495
884,replayed,2185.0,2122.0,8023.0,8471.0,chain3,chain3,1.029688972667295,1.0558394615480493,3.671853546910755,3.9919886899151744
885,replayed,8370.0,7404.0,12542.0,11604.0,prime,prime,1.1304700162074555,0.9252112900653803,1.4984468339307049,1.567260940032415
886,replayed,8654.0,7136.0,13369.0,12116.0,prime,prime,1.2127242152466369,0.9062757124691451,1.5448347584931823,1.6978699551569507
887,replayed,8244.0,7083.0,12431.0,11862.0,prime,prime,1.1639135959339264,0.954227334888585,1.507884522076662,1.6747141041931386
888,replayed,2718.0,2634.0,11968.0,12886.0,chain3,chain3,1.031890660592255,1.0767045454545454,4.403237674760853,4.8921791951404705
889,replayed,7587.0,7245.0,10599.0,10479.0,prime,prime,1.0472049689440994,0.9886781771865271,1.3969948596283115,1.4463768115942028
890,replayed,8441.0,7434.0,11459.0,11909.0,prime,prime,1.1354587032553134,1.039270442446985,1.3575405757611658,1.6019639494215765
891,replayed,2114.0,1833.0,2599.0,2539.0,chain3,chain3,1.1533006001091108,0.9769141977683724,1.2294228949858088,1.3851609383524277
892,replayed,9446.0,7109.0,12761.0,12393.0,prime,prime,1.3287382191588128,0.9711621346289476,1.3509421977556637,1.7432831621887748
893,replayed,3832.0,3407.0,19903.0,18659.0,flat,2p,1.1247431758144995,0.937496859769884,5.193893528183716,5.476665688288817
894,replayed,8973.0,7388.0,14114.0,12184.0,prime,prime,1.2145370871683812,0.8632563412214822,1.572941045358297,1.6491608012994043
895,replayed,9331.0,7401.0,12529.0,11876.0,prime,prime,1.2607755708688015,0.9478809162742438,1.3427285392776767,1.6046480205377651
896,replayed,1324.0,1278.0,1273.0,1193.0,chain3,chain3,1.0359937402190924,0.9371563236449332,0.9614803625377644,0.9334898278560251
897,replayed,3199.0,2535.0,9876.0,10221.0,flat,chain3,1.2619329388560159,1.0349331713244228,3.087214754610816,4.031952662721894
898,replayed,8751.0,7413.0,13070.0,12092.0,prime,prime,1.1804937272359368,0.9251721499617445,1.4935435950177123,1.6311884527181977
899,replayed,3763.0,4005.0,18218.0,17651.0,2p,2p,0.9395755305867666,0.9688769348995498,4.841349986712729,4.407240948813983
900,replayed,1583.0,1702.0,1752.0,1664.0,chain3,chain3,0.9300822561692127,0.9497716894977168,1.1067593177511055,0.9776733254994124
901,replayed,8450.0,7484.0,20821.0,19842.0,prime,prime,1.129075360769642,0.9529801642572403,2.464023668639053,2.651256012827365
902,replayed,4082.0,3592.0,13603.0,12809.0,flat,flat,1.1364142538975501,0.9416305226788209,3.3324350808427243,3.5659799554565703
903,replayed,4204.0,2878.0,14236.0,12596.0,flat,2p,1.4607366226546212,0.8847991008710312,3.3862987630827783,4.376650451702571
904,replayed,8579.0,7134.0,14704.0,13821.0,prime,prime,1.2025511634426689,0.9399483133841132,1.7139526751369623,1.9373423044575273
905,replayed,8404.0,7528.0,10497.0,9617.0,prime,prime,1.116365568544102,0.9161665237686958,1.2490480723465016,1.2774973432518597
906,replayed,8638.0,7392.0,11299.0,10843.0,prime,prime,1.168560606060606,0.95964244623418,1.308057420699236,1.4668560606060606
907,replayed,9061.0,8163.0,22178.0,17639.0,prime,prime,1.1100085752786966,0.7953377220669131,2.447632711621234,2.1608477275511455
908,replayed,9054.0,7410.0,12298.0,11276.0,prime,prime,1.2218623481781377,0.9168970564319402,1.3582946763861277,1.521727395411606
909,replayed,10025.0,7181.0,10070.0,9422.0,prime,prime,1.3960451190641971,0.9356504468718967,1.0044887780548628,1.3120735273638768
910,replayed,1795.0,1875.0,2359.0,2076.0,chain3,chain3,0.9573333333333334,0.8800339126748622,1.3142061281337047,1.1072
911,replayed,8179.0,6298.0,17972.0,17651.0,prime,prime,1.298666243251826,0.9821388827064322,2.1973346374862452,2.802635757383296
912,replayed,1896.0,1877.0,7175.0,7202.0,chain3,chain3,1.0101225359616408,1.0037630662020907,3.784282700421941,3.83697389451252
913,replayed,8002.0,7162.0,13608.0,13671.0,prime,prime,1.1172856743926278,1.0046296296296295,1.7005748562859284,1.9088243507400167
914,replayed,7939.0,7400.0,11822.0,12443.0,prime,prime,1.0728378378378378,1.0525291828793775,1.4891044212117395,1.6814864864864865
915,replayed,8569.0,8159.0,10670.0,11090.0,prime,prime,1.050251256281407,1.0393626991565137,1.245186136071887,1.359235200392205
916,replayed,8798.0,8496.0,12549.0,11235.0,prime,prime,1.0355461393596987,0.8952904613913459,1.4263468970220505,1.3223870056497176
917,replayed,8571.0,7463.0,13523.0,13392.0,prime,prime,1.1484657644378935,0.9903128004141093,1.5777622214444056,1.7944526329894144
918,replayed,2650.0,2103.0,8067.0,7039.0,flat,chain3,1.2601046124583928,0.8725672492872195,3.0441509433962266,3.347123157394199
919,replayed,8221.0,7127.0,20171.0,17705.0,prime,prime,1.1535007717132033,0.8777452778741758,2.453594453229534,2.484214957204995
920,replayed,2326.0,2128.0,8531.0,8090.0,chain3,chain3,1.093045112781955,0.948306177470402,3.6676698194325024,3.8016917293233083
921,replayed,8216.0,7433.0,18473.0,18067.0,prime,prime,1.1053410466837077,0.978021978021978,2.2484177215189876,2.4306471142203687
922,replayed,8502.0,7478.0,13020.0,12666.0,prime,prime,1.1369350093607917,0.9728110599078341,1.5314043754410727,1.6937683872693234
923,replayed,7506.0,7511.0,12378.0,12528.0,prime,prime,0.9993343096791373,1.0121182743577315,1.6490807354116708,1.667953667953668
924,replayed,1778.0,1751.0,2543.0,2454.0,chain3,chain3,1.0154197601370645,0.9650019661816752,1.4302587176602926,1.4014848657909766
925,replayed,4550.0,2648.0,12044.0,11417.0,2p,2p,1.7182779456193353,0.9479408834274328,2.647032967032967,4.311555891238671
926,replayed,8350.0,8084.0,12126.0,12245.0,prime,prime,1.032904502721425,1.0098136236186706,1.4522155688622755,1.514720435428006
927,replayed,8492.0,7463.0,15204.0,13530.0,prime,prime,1.1378802090312208,0.8898973954222573,1.790390956194065,1.812943856358033
928,replayed,2116.0,2117.0,12349.0,12021.0,2p,2p,0.9995276334435522,0.9734391448700299,5.836011342155009,5.678318375059046
929,replayed,7392.0,7167.0,17626.0,17487.0,prime,prime,1.0313938886563416,0.9921139226143197,2.384469696969697,2.4399330263708663
930,replayed,3660.0,2562.0,11041.0,10647.0,chain3,chain3,1.4285714285714286,0.9643148265555657,3.0166666666666666,4.155737704918033
931,replayed,2733.0,2246.0,7704.0,8393.0,flat,chain3,1.2168299198575245,1.0894340602284527,2.818880351262349,3.73686553873553
932,replayed,9309.0,7414.0,12508.0,11360.0,prime,prime,1.2555975182087942,0.9082187400063959,1.3436459340423246,1.532236309684381
933,replayed,8530.0,8368.0,17738.0,17234.0,prime,prime,1.019359464627151,0.9715864246250987,2.0794841735052754,2.0595124282982793
934,replayed,8921.0,7535.0,12548.0,12053.0,prime,prime,1.183941605839416,0.9605514823079375,1.406568770317229,1.5996018579960185
935,replayed,2740.0,2391.0,9057.0,9369.0,flat,chain3,1.1459640317858637,1.0344484928784365,3.3054744525547446,3.918444165621079
936,replayed,1819.0,1746.0,2241.0,2143.0,chain3,chain3,1.0418098510882017,0.9562695225345827,1.2319956019791094,1.22737686139748
937,replayed,6638.0,6392.0,18230.0,17522.0,prime,prime,1.038485607008761,0.9611629182665935,2.7463091292558,2.7412390488110137
938,replayed,8663.0,7443.0,17111.0,18104.0,prime,prime,1.1639124009136101,1.0580328443691194,1.975181807687868,2.432352546016391
939,replayed,8324.0,7426.0,17805.0,17160.0,prime,prime,1.1209264745488823,0.9637742207245156,2.138995675156175,2.3107998922704014
940,replayed,3622.0,3576.0,14270.0,13977.0,flat,flat,1.0128635346756152,0.9794674141555711,3.939812258420762,3.908557046979866
941,replayed,7403.0,8311.0,12567.0,11955.0,prime,prime,0.8907472025027072,0.9513010264979709,1.6975550452519248,1.4384550595596197
942,replayed,7692.0,7485.0,10458.0,11505.0,prime,prime,1.0276553106212425,1.100114744693058,1.359594383775351,1.5370741482965933
943,replayed,3772.0,3915.0,18041.0,22429.0,2p,flat,0.9634738186462325,1.2432237680838092,4.782873806998939,5.7289910600255425
944,replayed,8116.0,7498.0,12918.0,12651.0,prime,prime,1.0824219791944518,0.9793311658151417,1.5916707737801872,1.6872499333155508
945,replayed,2016.0,2236.0,2424.0,2517.0,chain3,chain3,0.9016100178890877,1.0383663366336633,1.2023809523809523,1.1256708407871199
946,replayed,3944.0,4013.0,15030.0,17302.0,flat,flat,0.9828058808871168,1.1511643379906853,3.8108519269776875,4.311487665088462
947,replayed,8845.0,8521.0,14850.0,12298.0,prime,prime,1.0380237061377773,0.8281481481481482,1.6789146410401357,1.4432578335876072
948,replayed,9043.0,7332.0,13571.0,12833.0,prime,prime,1.2333606110201856,0.945619335347432,1.5007187880128277,1.7502727768685216
949,replayed,8640.0,8340.0,11340.0,11105.0,prime,prime,1.0359712230215827,0.9792768959435626,1.3125,1.3315347721822541
950,replayed,3276.0,2182.0,7770.0,7980.0,flat,chain3,1.5013748854262146,1.027027027027027,2.371794871794872,3.6571952337305222
951,replayed,8462.0,8428.0,11349.0,10776.0,prime,prime,1.0040341718082582,0.9495109701295268,1.341172299692744,1.27859515899383
952,replayed,2375.0,2069.0,7699.0,7050.0,flat,chain3,1.1478975350410827,0.9157033380958566,3.2416842105263157,3.4074432092798452
953,replayed,7469.0,7269.0,12729.0,12404.0,prime,prime,1.0275141009767506,0.9744677508052478,1.7042442093988486,1.7064245425780713
954,replayed,8803.0,7734.0,19548.0,16950.0,prime,prime,1.1382208430307732,0.8670963781461019,2.2206066113824834,2.191621411947246
955,replayed,8786.0,8661.0,10868.0,11584.0,prime,prime,1.0144325135665628,1.0658814869341184,1.2369679034828136,1.3374898972405034
956,replayed,8316.0,7662.0,12465.0,12968.0,prime,prime,1.0853563038371183,1.0403529883674287,1.498917748917749,1.6925084834246933
957,replayed,3078.0,3288.0,11960.0,11536.0,chain3,flat,0.9361313868613139,0.9645484949832775,3.885640025990903,3.508515815085158
958,replayed,8744.0,7658.0,12055.0,12669.0,prime,prime,1.1418124836772003,1.0509332227291581,1.3786596523330283,1.6543483938365109
959,replayed,9186.0,7505.0,13035.0,12981.0,prime,prime,1.2239840106595603,0.9958573072497123,1.4190071848465056,1.7296469020652898
960,replayed,1529.0,1517.0,1495.0,1611.0,2p,2p,1.007910349373764,1.0775919732441472,0.9777632439502943,1.0619644034278182
961,replayed,4467.0,4649.0,20353.0,20011.0,flat,flat,0.9608517960851796,0.9831965803567042,4.556301768524737,4.304366530436653
962,replayed,3727.0,3831.0,15099.0,13474.0,flat,flat,0.972853040981467,0.8923769786078548,4.051247652267239,3.517097363612634
963,replayed,8153.0,7878.0,13968.0,18185.0,prime,prime,1.034907336887535,1.3019043528064147,1.7132343922482522,2.308326986544808
964,replayed,9642.0,8158.0,9751.0,10012.0,prime,prime,1.181907330227997,1.0267664854886678,1.0113047085666873,1.2272615837215004
965,replayed,9549.0,8399.0,10387.0,9653.0,prime,prime,1.1369210620311943,0.9293347453547703,1.0877578804063253,1.1493034885105369
966,replayed,2883.0,2959.0,11013.0,10172.0,chain3,chain3,0.9743156471781007,0.923635703259784,3.8199791883454735,3.4376478540047315
967,replayed,7822.0,7636.0,17800.0,15153.0,prime,prime,1.0243583027763228,0.8512921348314607,2.2756328304781386,1.9844159245678366
968,replayed,2143.0,2125.0,3911.0,3535.0,chain3,chain3,1.008470588235294,0.9038609051393506,1.8250116658889408,1.663529411764706
969,replayed,3300.0,2704.0,13915.0,14360.0,flat,chain3,1.220414201183432,1.0319798778296803,4.216666666666667,5.310650887573964
970,replayed,8756.0,9224.0,9794.0,10427.0,prime,prime,0.9492627927146574,1.0646314069838676,1.1185472818638649,1.1304206418039895
971,replayed,8621.0,7570.0,15673.0,14931.0,prime,prime,1.1388375165125495,0.9526574363555158,1.8180025519081313,1.9723910171730514
972,replayed,1767.0,1692.0,2097.0,2092.0,chain3,chain3,1.0443262411347518,0.9976156413924654,1.1867572156196944,1.2364066193853427
973,replayed,8561.0,8410.0,13423.0,15449.0,prime,prime,1.0179548156956004,1.1509349623780079,1.5679243079079548,1.8369797859690844
974,replayed,9281.0,7423.0,13007.0,12298.0,prime,prime,1.2503031119493466,0.9454908895210271,1.4014653593362785,1.6567425569176883
975,replayed,3084.0,2141.0,3547.0,2861.0,flat,chain3,1.4404483886034563,0.8065971243304201,1.1501297016861218,1.3362914525922467
976,replayed,9283.0,8462.0,11981.0,10743.0,prime,prime,1.097021980619239,0.8966697270678574,1.2906388021113864,1.269558024107776
977,replayed,10011.0,7127.0,14656.0,12724.0,prime,prime,1.4046583415181704,0.8681768558951966,1.4639896114274298,1.7853234179879331
978,replayed,8515.0,7595.0,12098.0,11599.0,prime,prime,1.1211323238973008,0.9587535129773517,1.4207868467410452,1.5271889400921659
979,replayed,9150.0,8368.0,17415.0,14041.0,prime,prime,1.093451242829828,0.8062589721504451,1.9032786885245903,1.6779397705544934
980,replayed,2299.0,2134.0,1920.0,1877.0,flat,flat,1.077319587628866,0.9776041666666667,0.8351457155284906,0.8795688847235239
981,replayed,9261.0,8183.0,12362.0,10836.0,prime,prime,1.1317365269461077,0.8765571913929785,1.3348450491307635,1.3242087254063302
982,replayed,9029.0,8301.0,14115.0,13525.0,prime,prime,1.0877002770750512,0.9582004959263195,1.5632960460737624,1.6293217684616312
983,replayed,8397.0,7625.0,13456.0,12951.0,prime,prime,1.1012459016393443,0.9624702734839476,1.6024770751458854,1.6984918032786884
984,replayed,3162.0,3194.0,12924.0,13895.0,chain3,chain3,0.9899812147777082,1.0751315382234603,4.087286527514231,4.350344395742017
985,replayed,8807.0,7503.0,11898.0,11131.0,prime,prime,1.1737971478075437,0.9355353840981677,1.3509708186669696,1.4835399173663868
986,replayed,3841.0,3645.0,17988.0,16340.0,flat,flat,1.0537722908093279,0.9083833666889037,4.683155428273887,4.482853223593964
987,replayed,3759.0,3402.0,15636.0,17038.0,2p,2p,1.1049382716049383,1.089664875927347,4.159616919393455,5.008230452674897
988,replayed,2589.0,2468.0,11414.0,9150.0,chain3,chain3,1.04902755267423,0.801647100052567,4.408651989185014,3.707455429497569
989,replayed,4306.0,4206.0,20801.0,20960.0,flat,flat,1.02377555872563,1.007643863275804,4.830701346957733,4.983357108892059
990,replayed,1954.0,1926.0,2643.0,2371.0,chain3,chain3,1.0145379023883696,0.8970866439651911,1.3526100307062436,1.231048805815161
991,replayed,8048.0,6607.0,13526.0,12818.0,prime,prime,1.2181020130164977,0.9476563655182612,1.6806660039761432,1.9400635689420311
992,replayed,3140.0,2316.0,12192.0,10604.0,flat,2p,1.3557858376511227,0.869750656167979,3.8828025477707007,4.5785837651122625
993,replayed,8066.0,8420.0,18065.0,16764.0,prime,prime,0.957957244655582,0.9279822861887628,2.2396479047855196,1.9909738717339667
994,replayed,8451.0,7389.0,13314.0,14284.0,prime,prime,1.143727161997564,1.0728556406789844,1.5754348597799077,1.9331438624983084
995,replayed,9723.0,8268.0,17950.0,11125.0,prime,prime,1.1759796806966618,0.6197771587743732,1.8461380232438547,1.3455491049830672
996,replayed,8876.0,8118.0,14324.0,13999.0,prime,prime,1.0933727519093372,0.9773108070371405,1.6137899954934656,1.724439517122444
997,replayed,8683.0,7447.0,13671.0,12883.0,prime,prime,1.1659728749832148,0.9423597395947626,1.5744558332373604,1.7299583724989929
998,replayed,8551.0,8353.0,13637.0,13501.0,prime,prime,1.0237040584221238,0.9900271320671702,1.594784235761899,1.6163055189752185
999,replayed,6026.0,4078.0,12948.0,17473.0,2p,2p,1.4776851397743993,1.3494748223663886,2.1486890142714903,4.284698381559588
1000,replayed,1724.0,2402.0,1804.0,2476.0,chain3,chain3,0.7177352206494588,1.3725055432372506,1.0464037122969838,1.0308076602830973
1001,replayed,2880.0,2303.0,3744.0,3735.0,flat,chain3,1.2505427702996093,0.9975961538461539,1.3,1.6217976552323057
1002,replayed,12310.0,8233.0,14987.0,14633.0,prime,prime,1.4952022349082958,0.9763795289250684,1.2174654752233955,1.777359407263452
1003,replayed,8729.0,7448.0,23088.0,20165.0,prime,prime,1.1719924812030076,0.8733974358974359,2.6449765150647266,2.707438238453276
1004,replayed,8210.0,8116.0,12358.0,12264.0,prime,prime,1.011582060128142,0.9923935911959864,1.505237515225335,1.5110892065056678
1005,replayed,7891.0,7737.0,18875.0,18614.0,prime,prime,1.0199043556934213,0.9861721854304636,2.3919655303510328,2.405842057645082
1006,replayed,7733.0,7378.0,12144.0,12118.0,prime,prime,1.0481160206017892,0.9978590250329381,1.570412517780939,1.6424505285985362
1007,replayed,8943.0,7729.0,22782.0,23025.0,prime,prime,1.1570707724155778,1.0106663155122466,2.547467292854747,2.979039979298745
1008,replayed,1724.0,2059.0,1799.0,1794.0,chain3,chain3,0.8372996600291404,0.9972206781545303,1.0435034802784222,0.8712967459932006
1009,replayed,8600.0,7700.0,18047.0,17874.0,prime,prime,1.1168831168831168,0.9904139192109492,2.098488372093023,2.3212987012987014
1010,replayed,7602.0,7152.0,11508.0,10523.0,prime,prime,1.0629194630872483,0.9144073687869309,1.5138121546961325,1.4713366890380313
1011,replayed,8220.0,8133.0,18259.0,16907.0,prime,prime,1.0106971597196606,0.9259543238950655,2.221289537712895,2.0788147055207182
1012,replayed,3083.0,2737.0,10553.0,10395.0,chain3,chain3,1.1264157837047863,0.9850279541362645,3.4229646448264677,3.7979539641943734
1013,replayed,8884.0,7243.0,18446.0,17866.0,prime,prime,1.2265635786276405,0.9685568686978206,2.0763169743358847,2.466657462377468
1014,replayed,2449.0,2378.0,3571.0,3584.0,chain3,chain3,1.029857022708158,1.0036404368524223,1.4581461821151491,1.5071488645920943
1015,replayed,4111.0,3255.0,13500.0,10692.0,flat,chain3,1.2629800307219663,0.792,3.283872537095597,3.2847926267281107
1016,replayed,9667.0,7463.0,12871.0,12826.0,prime,prime,1.295323596408951,0.9965037681609821,1.3314368470052758,1.7186118183036312
1017,replayed,9004.0,7217.0,17965.0,16304.0,prime,prime,1.247609810170431,0.9075424436404119,1.995224344735673,2.2591104336982126
1018,replayed,8707.0,7152.0,12438.0,11773.0,prime,prime,1.2174217002237135,0.9465348126708474,1.42850579993109,1.646112975391499
1019,replayed,9215.0,7447.0,13198.0,12522.0,prime,prime,1.23741103800188,0.9487801181997272,1.4322300596852957,1.6814824761648985
1020,replayed,2461.0,2182.0,8238.0,8528.0,chain3,chain3,1.1278643446379468,1.0352027191065793,3.3474197480698904,3.908340971585701
1021,replayed,8420.0,7182.0,12620.0,12288.0,prime,prime,1.1723753829016987,0.9736925515055468,1.498812351543943,1.7109440267335003
1022,replayed,8845.0,7224.0,11485.0,11831.0,prime,prime,1.224390919158361,1.0301262516325642,1.2984737139626907,1.637735326688815
1023,replayed,3288.0,3258.0,13160.0,13532.0,chain3,chain3,1.0092081031307552,1.0282674772036473,4.002433090024331,4.153468385512585
1024,replayed,1310.0,1303.0,1331.0,1244.0,ztt,2p,1.0053722179585571,0.9346356123215628,1.016030534351145,0.9547198772064467
1025,replayed,3775.0,3225.0,15874.0,14959.0,2p,2p,1.1705426356589148,0.9423585737684264,4.205033112582782,4.638449612403101
1026,replayed,2961.0,2460.0,10570.0,8614.0,chain3,chain3,1.2036585365853658,0.8149479659413434,3.569739952718676,3.5016260162601625
1027,replayed,18275.0,15414.0,18015.0,14491.0,prime,prime,1.1856104839756065,0.8043852345267832,0.9857729138166894,0.940119371999481
1028,raced,15863.0,15041.0,11678.0,10086.0,prime,prime,1.0546506216341998,0.863675286864189,0.7361785286515792,0.6705671165481019
1029,replayed,2579.0,1980.0,3747.0,3639.0,flat,chain3,1.3025252525252524,0.9711769415532426,1.452888716556805,1.837878787878788
1030,raced,17016.0,15224.0,17992.0,15106.0,prime,prime,1.1177088807146611,0.8395953757225434,1.0573577809120827,0.9922490803993694
1031,replayed,17725.0,14926.0,15080.0,14501.0,prime,prime,1.1875251239447944,0.9616047745358091,0.8507757404795486,0.9715261958997722
1032,replayed,3861.0,3419.0,16672.0,14719.0,chain3,chain3,1.129277566539924,0.8828574856046065,4.3180523180523185,4.305059959052355
1033,replayed,12138.0,11487.0,16059.0,15066.0,prime,prime,1.056672760511883,0.938165514664674,1.3230350963914979,1.3115696004178636
1034,replayed,4487.0,4386.0,16978.0,16886.0,flat,flat,1.0230278157774737,0.9945812227588644,3.7838199242255404,3.8499772001823986
1035,replayed,3157.0,2739.0,10482.0,9606.0,flat,chain3,1.1526104417670682,0.9164281625643961,3.320240734874881,3.507119386637459
1036,replayed,3673.0,3433.0,13610.0,12718.0,flat,chain3,1.069909699970871,0.9344599559147686,3.705417914511299,3.70463151762307
1037,replayed,15644.0,14884.0,18033.0,17507.0,prime,prime,1.0510615425960763,0.9708312538124549,1.1527103042700078,1.1762295081967213
1038,raced,16497.0,14980.0,15732.0,14357.0,prime,prime,1.1012683578104139,0.9125985252987542,0.9536279323513366,0.958411214953271
1039,replayed,16424.0,15094.0,14871.0,14287.0,prime,prime,1.088114482575858,0.9607289355120705,0.9054432537749635,0.9465350470385584
1040,replayed,1913.0,1948.0,2317.0,2221.0,chain3,chain3,0.9820328542094456,0.9585671126456625,1.2111866178776791,1.1401437371663243
1041,replayed,15788.0,14952.0,14377.0,13876.0,prime,prime,1.055912252541466,0.9651526744105168,0.9106283253103623,0.9280363830925629
1042,raced,14975.0,15003.0,14792.0,14961.0,prime,prime,0.998133706592015,1.0114250946457544,0.987779632721202,0.9972005598880224
1043,replayed,15385.0,14938.0,13051.0,15455.0,prime,prime,1.0299236845628599,1.18420044441039,0.8482937926551836,1.0346097201767306
1044,replayed,3219.0,2746.0,11220.0,10747.0,chain3,chain3,1.1722505462490895,0.957843137254902,3.4855545200372786,3.9136926438455935
1045,replayed,3113.0,2704.0,10173.0,9528.0,flat,chain3,1.1512573964497042,0.9365968740784429,3.267908769675554,3.5236686390532546
1046,raced,15195.0,15036.0,15460.0,14808.0,prime,prime,1.0105746209098165,0.9578266494178526,1.0174399473511024,0.9848363926576217
1047,replayed,16421.0,16446.0,14325.0,13897.0,prime,prime,0.9984798735254773,0.9701221640488656,0.8723585652518117,0.8450079046576675
1048,raced,15423.0,14928.0,15657.0,15231.0,prime,prime,1.0331591639871383,0.972791722552213,1.015172145496985,1.020297427652733
1049,replayed,17487.0,15081.0,16145.0,14247.0,prime,prime,1.1595384921424308,0.8824403840198204,0.9232572768342197,0.9446986274119753
1050,replayed,2248.0,1916.0,2117.0,2040.0,chain3,chain3,1.173277661795407,0.9636277751535192,0.9417259786476868,1.0647181628392484
1051,replayed,8480.0,8560.0,15718.0,14529.0,prime,prime,0.9906542056074766,0.9243542435424354,1.8535377358490566,1.6973130841121495
1052,raced,21961.0,15346.0,15210.0,14491.0,prime,prime,1.4310569529519093,0.9527284681130835,0.6925914120486316,0.9442851557409097
1053,replayed,2369.0,2228.0,3179.0,2946.0,chain3,chain3,1.0632854578096949,0.926706511481598,1.3419164204305614,1.322262118491921
1054,replayed,4052.0,4024.0,18676.0,18208.0,flat,flat,1.0069582504970178,0.9749411008781323,4.609081934846989,4.524850894632206
1055,replayed,15368.0,14931.0,17156.0,13981.0,prime,prime,1.0292679659768267,0.8149335509442761,1.11634565330557,0.9363739870068984
1056,replayed,2021.0,1960.0,2406.0,2591.0,chain3,chain3,1.0311224489795918,1.0768911055694097,1.190499752597724,1.3219387755102041
1057,replayed,18252.0,15191.0,13928.0,11599.0,prime,prime,1.2015008886840892,0.8327828834003447,0.7630944554021477,0.7635442038048845
1058,replayed,4216.0,3963.0,19212.0,18237.0,flat,flat,1.0638405248549079,0.9492504684572143,4.556925996204933,4.601816805450416
1059,replayed,14580.0,15395.0,14218.0,13929.0,prime,prime,0.9470607340045469,0.9796736531157687,0.9751714677640604,0.9047742773627802
1060,raced,15696.0,17464.0,18452.0,17976.0,prime,prime,0.8987631699496106,0.9742033383915023,1.1755861365953109,1.0293174530462665
1061,replayed,15333.0,15196.0,15473.0,14317.0,prime,prime,1.0090155304027375,0.9252892134686228,1.0091306332746364,0.9421558304817057
1062,raced,16167.0,15694.0,15343.0,13679.0,prime,prime,1.0301389065885052,0.891546633644007,0.9490319787220882,0.8716069835605964
1063,replayed,17658.0,17439.0,15719.0,14349.0,prime,prime,1.0125580595217616,0.9128443285196259,0.8901914146562465,0.8228109409943231
1064,replayed,2560.0,2425.0,8592.0,8331.0,chain3,chain3,1.0556701030927835,0.9696229050279329,3.35625,3.435463917525773
1065,replayed,15840.0,15056.0,13953.0,14506.0,prime,prime,1.0520722635494155,1.0396330538235505,0.8808712121212121,0.9634697130712009
1066,replayed,4527.0,4433.0,19355.0,15723.0,flat,flat,1.0212046018497631,0.812348230431413,4.275458360945438,3.5468080306789984
1067,replayed,15520.0,15239.0,12901.0,12160.0,prime,prime,1.0184395301528972,0.9425625920471281,0.83125,0.7979526215630947
1068,raced,15378.0,15689.0,16050.0,14277.0,prime,prime,0.9801771942125056,0.8895327102803738,1.0436987904799064,0.9100006373892536
1069,replayed,15572.0,15788.0,14771.0,14704.0,prime,prime,0.9863187230808209,0.9954640850314806,0.9485615206781403,0.9313402584241196
1070,raced,16437.0,15485.0,15809.0,15168.0,prime,prime,1.0614788505004844,0.9594534758681763,0.9617935146316238,0.9795285760413304
1071,replayed,3075.0,2477.0,10187.0,8247.0,flat,chain3,1.2414210738796931,0.8095612054579366,3.3128455284552847,3.329430763019782
1072,raced,15673.0,15270.0,20341.0,18872.0,prime,prime,1.026391617550753,0.9277813283516051,1.297837044598992,1.235887360838245
1073,replayed,4718.0,4535.0,23245.0,22528.0,2p,flat,1.0403528114663727,0.9691546569154657,4.926875794828317,4.967585446527012
1074,raced,15805.0,15781.0,14565.0,15007.0,prime,prime,1.0015208161713454,1.0303467215928597,0.9215438152483392,0.9509536784741145
1075,replayed,3544.0,3452.0,16852.0,15321.0,2p,2p,1.0266512166859791,0.9091502492285782,4.755079006772009,4.4382966396292005
1076,raced,15695.0,15076.0,15308.0,14567.0,prime,prime,1.0410586362430352,0.9515939378102952,0.9753424657534246,0.9662377288405413
1077,replayed,15913.0,15255.0,14311.0,14045.0,prime,prime,1.0431333988856113,0.9814128991684719,0.8993275937912398,0.9206817436905933
1078,replayed,3136.0,2896.0,3547.0,3909.0,flat,flat,1.0828729281767955,1.102058077248379,1.1310586734693877,1.349792817679558
1079,replayed,16658.0,15154.0,16148.0,16027.0,prime,prime,1.0992477233733668,0.9925068119891008,0.9693840797214551,1.0576085521974397
1080,replayed,1862.0,2093.0,2038.0,1983.0,chain3,chain3,0.8896321070234113,0.9730127576054955,1.0945220193340495,0.9474438604873388
1081,replayed,6002.0,4746.0,24985.0,24446.0,2p,2p,1.2646439106616099,0.9784270562337403,4.1627790736421195,5.150863885377159
1082,raced,16612.0,15085.0,12578.0,12768.0,prime,prime,1.1012263838249916,1.0151057401812689,0.7571634962677583,0.8464037122969837
1083,replayed,3318.0,3153.0,18584.0,16698.0,chain3,chain3,1.0523311132254995,0.8985148514851485,5.600964436407474,5.295908658420552
1084,raced,15786.0,15084.0,13275.0,12711.0,prime,prime,1.0465393794749402,0.9575141242937854,0.8409350057012542,0.8426809864757359
1085,replayed,4051.0,3632.0,12011.0,11962.0,chain3,chain3,1.115363436123348,0.9959204062942303,2.9649469266847692,3.2935022026431717
1086,raced,15891.0,15449.0,12120.0,11536.0,prime,prime,1.0286102660366367,0.9518151815181518,0.762695865584293,0.7467149977344812
1087,replayed,15507.0,15072.0,22338.0,21778.0,prime,prime,1.028861464968153,0.974930611514012,1.4405107370864771,1.4449309978768579
1088,replayed,2242.0,2100.0,8555.0,7891.0,2p,chain3,1.0676190476190477,0.9223845704266511,3.8157894736842106,3.7576190476190474
1089,replayed,2564.0,2527.0,4286.0,4175.0,chain3,chain3,1.0146418678274634,0.9741017265515632,1.671606864274571,1.6521567075583696
1090,raced,15658.0,15090.0,12703.0,11943.0,prime,prime,1.0376408217362492,0.940171613004802,0.8112785796398008,0.7914512922465209
1091,replayed,15292.0,14973.0,21924.0,21861.0,prime,prime,1.0213050156949175,0.9971264367816092,1.4336908187287472,1.4600280504908836
1092,replayed,2139.0,2121.0,2935.0,2849.0,chain3,chain3,1.0084865629420086,0.9706984667802385,1.3721365123889668,1.3432343234323432
1093,replayed,10665.0,10070.0,22482.0,21983.0,prime,prime,1.0590863952333665,0.9778044657948581,2.1080168776371306,2.1830188679245284
1094,raced,17577.0,15842.0,21080.0,20107.0,prime,prime,1.1095190001262467,0.953842504743833,1.199294532627866,1.269221057947229
1095,replayed,15066.0,15057.0,12461.0,12028.0,prime,prime,1.0005977286312013,0.9652515849450285,0.8270941192088146,0.7988311084545394
1096,raced,15658.0,15160.0,15321.0,14470.0,prime,prime,1.032849604221636,0.944455322759611,0.9784774556137438,0.9544854881266491
1097,replayed,15830.0,14957.0,18030.0,15744.0,prime,prime,1.0583673196496624,0.8732113144758735,1.138976626658244,1.0526175035100622
1098,raced,15663.0,14989.0,12464.0,11989.0,prime,prime,1.044966308626326,0.961890243902439,0.7957607099533933,0.7998532256988459
1099,replayed,16207.0,15040.0,15351.0,12726.0,prime,prime,1.077593085106383,0.8290013679890561,0.9471833158511754,0.8461436170212766
1100,replayed,2175.0,2109.0,2625.0,2527.0,chain3,chain3,1.031294452347084,0.9626666666666667,1.206896551724138,1.1981981981981982
1101,replayed,16050.0,14994.0,17452.0,16671.0,prime,prime,1.0704281712685073,0.9552486820994729,1.0873520249221185,1.1118447378951581
1102,replayed,4277.0,4219.0,20227.0,20288.0,flat,flat,1.0137473334913487,1.0030157709991596,4.729249473930325,4.80872244607727
1103,replayed,15599.0,15159.0,16699.0,15739.0,prime,prime,1.0290256613233062,0.9425115276363855,1.0705173408551831,1.0382610990170855
1104,replayed,2505.0,2553.0,10762.0,11859.0,chain3,chain3,0.981198589894242,1.1019327262590597,4.29620758483034,4.645123384253819
1105,replayed,3317.0,3015.0,11116.0,10595.0,flat,chain3,1.1001658374792702,0.9531306225260885,3.3512209828157973,3.514096185737977
1106,raced,14636.0,21162.0,16129.0,20788.0,prime,prime,0.6916170494282204,1.2888585777171555,1.1020087455588958,0.9823268122105661
1107,replayed,3518.0,4991.0,15851.0,21166.0,2p,2p,0.7048687637747947,1.3353100750741278,4.505685048322911,4.240833500300541
1108,raced,15971.0,14958.0,16275.0,14544.0,prime,prime,1.0677229576146543,0.8936405529953917,1.0190345000313068,0.9723225030084236
1109,replayed,15822.0,14936.0,16024.0,15675.0,prime,prime,1.0593197643277985,0.978220169745382,1.0127670332448488,1.0494777718264596
1110,replayed,3289.0,3544.0,13459.0,13530.0,chain3,chain3,0.9280474040632054,1.0052752804814622,4.09212526603831,3.8177200902934536
1111,replayed,14684.0,14883.0,13221.0,12725.0,prime,prime,0.9866290398441174,0.962483927085697,0.9003677472078453,0.8550023516764094
1112,raced,16736.0,14894.0,14278.0,14151.0,prime,prime,1.1236739626695313,0.9911051968062754,0.8531309751434034,0.9501141399221162
1113,replayed,16615.0,14960.0,19088.0,18200.0,prime,prime,1.1106283422459893,0.9534786253143336,1.1488414083659344,1.2165775401069518
1114,raced,15309.0,15382.0,25656.0,19890.0,prime,prime,0.9952541932128461,0.7752572497661365,1.6758769351361944,1.2930698218697179
1115,replayed,16236.0,14964.0,16268.0,16516.0,prime,prime,1.0850040096230955,1.0152446520776985,1.001970928800197,1.103715584068431
1116,replayed,4139.0,3039.0,13952.0,13414.0,flat,chain3,1.3619611714379731,0.9614392201834863,3.370862527180478,4.413951957880882
1117,replayed,12231.0,11058.0,18168.0,15705.0,prime,prime,1.1060770482908302,0.8644319682959049,1.4854059357370615,1.420238741182854
1118,replayed,4924.0,4657.0,17017.0,16623.0,flat,flat,1.0573330470259823,0.9768466827290356,3.4559301380991063,3.5694653210221174
1119,replayed,15586.0,14940.0,16035.0,16117.0,prime,prime,1.043239625167336,1.0051138135328967,1.028807904529706,1.0787817938420348
1120,replayed,1770.0,2166.0,1986.0,1964.0,chain3,chain3,0.817174515235457,0.9889224572004028,1.1220338983050848,0.9067405355493998
1121,replayed,15244.0,15204.0,23569.0,22398.0,prime,prime,1.0026308866087872,0.9503160931732361,1.546116504854369,1.473164956590371
1122,replayed,3078.0,2729.0,9976.0,10108.0,chain3,chain3,1.1278856724074753,1.0132317562149158,3.2410656270305394,3.703920850128252
1123,replayed,9495.0,9064.0,16458.0,15759.0,prime,prime,1.0475507502206531,0.9575282537367845,1.7333333333333334,1.7386363636363635
1124,raced,16695.0,15160.0,16439.0,14510.0,prime,prime,1.1012532981530343,0.8826570959304094,0.9846660676849356,0.9571240105540897
1125,replayed,3137.0,2786.0,3843.0,3161.0,flat,chain3,1.1259870782483847,0.8225344782721832,1.2250557857825948,1.1346015793251973
1126,raced,17456.0,14979.0,21500.0,19916.0,prime,prime,1.1653648441150946,0.9263255813953488,1.2316681943171401,1.3295947660057414
1127,replayed,3498.0,3110.0,14654.0,10315.0,chain3,chain3,1.1247588424437298,0.7039033710932169,4.189251000571756,3.3167202572347265
1128,replayed,4545.0,3926.0,17879.0,16593.0,flat,chain3,1.1576668364747835,0.9280720398232564,3.933773377337734,4.226439123790117
1129,replayed,15864.0,13158.0,15084.0,14456.0,prime,prime,1.205654354765162,0.958366481039512,0.9508320726172466,1.0986472108223133
1130,raced,15270.0,14914.0,18341.0,17636.0,prime,prime,1.023870189084082,0.9615615288152227,1.2011132940406024,1.1825130749631219
1131,replayed,3725.0,3894.0,13610.0,13020.0,chain3,chain3,0.9565998972778634,0.9566495224099927,3.6536912751677852,3.3436055469953776
1132,raced,15885.0,15410.0,18201.0,14948.0,prime,prime,1.0308241401687217,0.8212735563980001,1.145797922568461,0.9700194678780013
1133,replayed,16033.0,17476.0,18488.0,34768.0,prime,prime,0.9174296177615014,1.8805711813067936,1.1531216865215492,1.9894712748912795
1134,replayed,2264.0,3122.0,2623.0,3614.0,chain3,chain3,0.7251761691223575,1.3778116660312618,1.1585689045936396,1.1575912876361307
1135,replayed,15820.0,15045.0,14676.0,14210.0,prime,prime,1.0515121302758392,0.9682474788770782,0.9276864728192162,0.9444998338318378
1136,raced,15797.0,14974.0,15595.0,14038.0,prime,prime,1.0549619340189662,0.9001603077909587,0.9872127619168196,0.9374916521971417
1137,replayed,16377.0,15151.0,13527.0,12830.0,prime,prime,1.080918751237542,0.9484734235233238,0.8259754533797399,0.846808791498911
1138,raced,16034.0,14896.0,16114.0,14976.0,prime,prime,1.0763963480128893,0.9293781804641926,1.0049893975302482,1.0053705692803436
1139,replayed,16131.0,15048.0,28951.0,30269.0,prime,prime,1.071969696969697,1.045525197747919,1.7947430413489553,2.011496544391281
1140,replayed,2625.0,2551.0,9454.0,8834.0,chain3,chain3,1.0290082320658565,0.9344192934207742,3.6015238095238096,3.4629557036456293
1141,replayed,15999.0,14923.0,14052.0,13615.0,prime,prime,1.0721034644508476,0.9689012240250499,0.8783048940558785,0.912350063660122
1142,raced,16193.0,15400.0,15750.0,15130.0,prime,prime,1.0514935064935065,0.9606349206349206,0.9726424998456124,0.9824675324675325
1143,replayed,19336.0,15266.0,14710.0,13684.0,prime,prime,1.266605528625704,0.93025152957172,0.760757136946628,0.8963710205685838
1144,replayed,2579.0,2517.0,4327.0,3966.0,chain3,chain3,1.0246324990067541,0.9165703720822741,1.677782086079876,1.5756853396901074
1145,replayed,15821.0,14988.0,14689.0,14394.0,prime,prime,1.0555777955697891,0.979916944652461,0.9284495291068833,0.9603682946357086
1146,raced,16215.0,15443.0,12948.0,12658.0,prime,prime,1.049990286861361,0.977602718566574,0.7985198889916744,0.8196593926050638
1147,replayed,5105.0,4958.0,25400.0,24603.0,flat,flat,1.0296490520371118,0.9686220472440945,4.975514201762977,4.962283178701089
1148,replayed,4218.0,4087.0,16162.0,15143.0,chain3,chain3,1.0320528505015905,0.9369508724167801,3.8316737790422,3.705162711034989
1149,replayed,16009.0,15246.0,13421.0,12921.0,prime,prime,1.0500459136822773,0.962744951940988,0.8383409332250609,0.8475009838646202
1150,replayed,2927.0,2861.0,11400.0,10173.0,chain3,chain3,1.023068857042992,0.8923684210526316,3.8947728049197132,3.555749737853897
1151,replayed,9819.0,9550.0,15017.0,14530.0,prime,prime,1.0281675392670158,0.9675700872344676,1.529381810775028,1.5214659685863874
1152,replayed,1739.0,2242.0,2049.0,1928.0,chain3,chain3,0.7756467439785906,0.9409468033186921,1.1782633697527314,0.8599464763603925
1153,replayed,6867.0,6584.0,12788.0,12228.0,prime,prime,1.0429829890643985,0.9562089458867689,1.8622396971020825,1.8572296476306196
1154,raced,16023.0,15029.0,13676.0,12875.0,prime,prime,1.0661387983232418,0.9414302427610413,0.853523060600387,0.8566770909574822
1155,replayed,2641.0,2422.0,3579.0,3442.0,chain3,chain3,1.0904211395540875,0.9617211511595418,1.355168496781522,1.421139554087531
1156,replayed,3718.0,3026.0,16982.0,16125.0,chain3,chain3,1.2286847323198942,0.9495348015545872,4.5675094136632595,5.328816920026438
1157,replayed,16115.0,15085.0,16890.0,19490.0,prime,prime,1.0682797480941333,1.1539372409709887,1.0480918399007135,1.292011932383162
1158,raced,15860.0,15010.0,11953.0,12343.0,prime,prime,1.056628914057295,1.032627792186062,0.753656998738966,0.8223184543637575
1159,replayed,15837.0,14985.0,20856.0,20075.0,prime,prime,1.0568568568568568,0.9625527426160337,1.3169160825914,1.339673006339673
1160,replayed,3704.0,3036.0,12532.0,11956.0,flat,chain3,1.220026350461133,0.9540376635812321,3.3833693304535637,3.938076416337286
1161,replayed,3896.0,3766.0,18551.0,16738.0,2p,2p,1.0345193839617632,0.9022694194383052,4.761550308008213,4.444503451938396
1162,raced,16230.0,18038.0,16791.0,16985.0,prime,prime,0.8997671582215323,1.011553808587934,1.0345656192236599,0.9416232398270318
1163,replayed,16579.0,15023.0,16633.0,15299.0,prime,prime,1.1035745190707582,0.9197979919437264,1.0032571325170396,1.01837182986088
1164,raced,15860.0,15002.0,15511.0,12048.0,prime,prime,1.0571923743500866,0.7767390883888853,0.9779949558638084,0.8030929209438742
1165,replayed,16230.0,16576.0,17195.0,15347.0,prime,prime,0.9791264478764479,0.8925268973538819,1.0594577942082564,0.9258566602316602
1166,raced,18679.0,15135.0,21621.0,28522.0,prime,prime,1.2341592335645855,1.31918042643726,1.1575030783232507,1.8845061116617112
1167,replayed,16594.0,15038.0,19047.0,15259.0,prime,prime,1.1034712062774306,0.8011235365149367,1.1478245148848982,1.0146961032052135
1168,raced,15455.0,15237.0,13248.0,12334.0,prime,prime,1.0143072783356304,0.9310084541062802,0.8571983176965383,0.8094769311544268
1169,replayed,15534.0,15205.0,16906.0,16583.0,prime,prime,1.0216376192042091,0.980894357033006,1.088322389597013,1.0906280828674777
1170,replayed,2436.0,2487.0,2829.0,2781.0,chain3,chain3,0.9794933655006032,0.9830328738069989,1.1613300492610839,1.1182147165259348
1171,replayed,8454.0,8026.0,16061.0,15109.0,prime,prime,1.0533266882631447,0.9407259821928896,1.8998107404778803,1.882506852728632
1172,raced,15737.0,15766.0,16261.0,15507.0,prime,prime,0.9981605987568185,0.9536313879835189,1.0332973247760056,0.9835722440695167
1173,replayed,4738.0,3581.0,20262.0,18067.0,flat,chain3,1.3230941077911198,0.8916691343401442,4.276487969607429,5.045238760122871
1174,raced,17001.0,14998.0,18311.0,15897.0,prime,prime,1.1335511401520202,0.8681666757686637,1.0770542909240632,1.059941325510068
1175,replayed,4981.0,4322.0,19623.0,19741.0,flat,2p,1.1524757056918093,1.006013351679152,3.9395703673961053,4.567561314206386
1176,replayed,2696.0,2996.0,2322.0,3264.0,chain3,chain3,0.8998664886515354,1.4056847545219637,0.8612759643916914,1.089452603471295
1177,replayed,16111.0,15312.0,18845.0,18161.0,prime,prime,1.0521812957157786,0.9637039002387902,1.1696977220532556,1.1860632183908046
1178,replayed,4650.0,4585.0,23751.0,22052.0,flat,flat,1.014176663031625,0.9284661698454801,5.107741935483871,4.809596510359869
1179,replayed,16232.0,15199.0,18823.0,18071.0,prime,prime,1.067964997697217,0.9600488763746481,1.1596229669788074,1.1889597999868413
1180,raced,15414.0,15432.0,18374.0,15035.0,prime,prime,0.9988335925349923,0.8182758245346685,1.1920332165563774,0.9742742353551063
1181,replayed,16025.0,15044.0,16358.0,15172.0,prime,prime,1.0652087210848178,0.9274972490524513,1.020780031201248,1.0085083754320658
1182,raced,15770.0,15310.0,17069.0,13247.0,prime,prime,1.03004572175049,0.776085300837776,1.0823715916296766,0.8652514696276943
1183,replayed,2973.0,2921.0,4554.0,5570.0,chain3,chain3,1.017802122560767,1.2231005709266578,1.5317860746720484,1.906881205066758
1184,replayed,4379.0,3085.0,14934.0,14452.0,2p,2p,1.419448946515397,0.9677246551493237,3.4103676638501943,4.684602917341977
1185,replayed,15910.0,15172.0,17338.0,16671.0,prime,prime,1.0486422356973373,0.9615295881877955,1.08975487115022,1.0988004218296863
1186,raced,16174.0,14962.0,16809.0,15896.0,prime,prime,1.0810052132067904,0.9456838598369921,1.0392605416099914,1.0624248095174442
1187,replayed,15741.0,15564.0,15788.0,15239.0,prime,prime,1.011372397841172,0.9652267544970864,1.0029858331745125,0.979118478540221
1188,replayed,2261.0,2257.0,3295.0,3180.0,chain3,chain3,1.001772264067346,0.9650986342943855,1.4573197700132685,1.4089499335400975
1189,replayed,5582.0,5333.0,27395.0,26018.0,2p,flat,1.0466904181511345,0.9497353531666363,4.907739161590827,4.878679917494844
1190,replayed,2711.0,2696.0,11398.0,9115.0,chain3,chain3,1.0055637982195846,0.7997017020529917,4.204352637403172,3.38093471810089
1191,replayed,15787.0,16983.0,17875.0,15200.0,prime,prime,0.9295766354589884,0.8503496503496504,1.1322607208462658,0.895012659718542
1192,raced,15977.0,14990.0,15195.0,14981.0,prime,prime,1.0658438959306205,0.9859164198749588,0.9510546410465044,0.9993995997331554
1193,replayed,15176.0,15047.0,15847.0,15059.0,prime,prime,1.0085731375024922,0.9502744999053448,1.0442145492883501,1.0007975011630226
1194,raced,15362.0,15537.0,14849.0,13721.0,prime,prime,0.9887365643303083,0.924035288571621,0.9666059106887124,0.8831177189933707
1195,replayed,15769.0,15266.0,14905.0,15683.0,prime,prime,1.032949037075855,1.0521972492452196,0.9452089542773797,1.027315603301454
1196,replayed,3701.0,3323.0,13404.0,12393.0,chain3,chain3,1.1137526331628047,0.9245747538048343,3.6217238584166442,3.7294613301233825
1197,replayed,3970.0,2950.0,10286.0,9774.0,flat,chain3,1.3457627118644069,0.9502236048998639,2.5909319899244334,3.313220338983051
1198,raced,18439.0,15024.0,16998.0,16376.0,prime,prime,1.2273029818956336,0.9634074597011413,0.9218504257280764,1.089989350372737
1199,replayed,16305.0,15015.0,15301.0,14693.0,prime,prime,1.085914085914086,0.9602640350303902,0.9384237963814781,0.9785547785547786
1200,replayed,2823.0,2834.0,2125.0,2047.0,chain3,chain3,0.9961185603387438,0.9632941176470589,0.7527453064116189,0.7223006351446718
1201,replayed,10581.0,10058.0,13401.0,12828.0,prime,prime,1.0519984092264865,0.9572419968659055,1.2665154522256876,1.2754026645456353
1202,raced,15610.0,17075.0,14336.0,14354.0,prime,prime,0.9142020497803807,1.0012555803571428,0.9183856502242153,0.8406442166910688
1203,replayed,18013.0,21214.0,14304.0,18096.0,prime,prime,0.8491090789101536,1.2651006711409396,0.7940931549436518,0.8530215895163571
1204,replayed,5194.0,4347.0,18071.0,16395.0,flat,chain3,1.1948470209339774,0.9072547175031819,3.4792067770504427,3.771566597653554
1205,replayed,15876.0,15020.0,12638.0,12156.0,prime,prime,1.0569906790945407,0.9618610539642348,0.7960443436633913,0.8093209054593875
1206,raced,14859.0,15147.0,23933.0,24194.0,prime,prime,0.9809863339275104,1.0109054443655203,1.610673665791776,1.5972799894368521
1207,replayed,14924.0,15033.0,23325.0,22376.0,prime,prime,0.9927492849065389,0.9593140407288318,1.5629187885285447,1.4884587241402247
1208,raced,15823.0,14972.0,13677.0,12927.0,prime,prime,1.0568394336094042,0.9451634130291731,0.8643746445048347,0.8634117018434411
1209,replayed,4071.0,3921.0,14947.0,15972.0,chain3,chain3,1.0382555470543229,1.0685756339064696,3.6715794645050357,4.0734506503442995
1210,replayed,2630.0,2701.0,4453.0,4343.0,chain3,chain3,0.9737134394668642,0.9752975522119919,1.6931558935361217,1.6079229914846354
1211,replayed,17747.0,15012.0,19149.0,18992.0,prime,prime,1.18218758326672,0.9918011384406497,1.0789992674818278,1.2651212363442579
1212,raced,17999.0,15285.0,12858.0,12748.0,prime,prime,1.1775596990513575,0.9914450147767927,0.7143730207233735,0.834020281321557
1213,replayed,16294.0,15068.0,19769.0,18898.0,prime,prime,1.0813644810193788,0.9559411199352522,1.213268687860562,1.2541810459251395
1214,raced,15803.0,17964.0,22383.0,20625.0,prime,prime,0.8797038521487419,0.9214582495644016,1.4163766373473392,1.14812959251837
1215,replayed,2705.0,3008.0,3315.0,3202.0,chain3,chain3,0.8992686170212766,0.9659125188536953,1.2255083179297597,1.0644946808510638
1216,replayed,2739.0,2369.0,10390.0,9662.0,2p,2p,1.1561840439003799,0.9299326275264678,3.793355239138372,4.0785141409877586
1217,replayed,8805.0,8306.0,20215.0,18398.0,prime,prime,1.0600770527329642,0.9101162503091763,2.295854628052243,2.215025282928004
1218,replayed,4742.0,3526.0,13030.0,12574.0,flat,chain3,1.3448667044809983,0.9650038372985418,2.7477857444116407,3.5660805445263755
1219,replayed,16922.0,18813.0,32089.0,38744.0,prime,prime,0.8994843990857386,1.2073919411636387,1.896288854745302,2.0594269919736354
1220,raced,16591.0,15138.0,14411.0,19569.0,prime,prime,1.095983617386709,1.357921032544584,0.8686034597070701,1.2927070947284978
1221,replayed,4301.0,4730.0,18580.0,20939.0,chain3,flat,0.9093023255813953,1.1269644779332615,4.319925598697977,4.426849894291755
1222,replayed,5538.0,5371.0,18401.0,20633.0,flat,flat,1.0310929063489107,1.1212977555567631,3.3226796677500903,3.841556507168125
1223,replayed,15771.0,15126.0,18911.0,18403.0,prime,prime,1.0426418088060294,0.9731373274813601,1.1990996132141272,1.216646833267222
1224,replayed,2606.0,2726.0,11407.0,9036.0,chain3,chain3,0.9559794570799707,0.7921451740159551,4.377206446661551,3.31474688187821
1225,replayed,2945.0,2341.0,3552.0,3572.0,flat,chain3,1.2580093976932936,1.0056306306306306,1.2061120543293717,1.5258436565570268
1226,raced,17363.0,15028.0,20427.0,20568.0,prime,prime,1.1553766302901252,1.0069026288735496,1.1764672003685999,1.368645195634815
1227,replayed,17493.0,14934.0,17443.0,16819.0,prime,prime,1.1713539574126155,0.9642263372126354,0.9971417138283885,1.1262220436587653
1228,raced,15719.0,15133.0,24852.0,23094.0,prime,prime,1.0387233198969141,0.929261226460647,1.5810166041096763,1.5260688561422058
1229,replayed,16610.0,16495.0,19567.0,18268.0,prime,prime,1.0069718096392846,0.9336127152859406,1.178025285972306,1.1074871173082752
1230,replayed,4171.0,5706.0,16564.0,25599.0,chain3,chain3,0.7309849281458114,1.545460033808259,3.9712299208822825,4.486330178759201
1231,replayed,15961.0,14549.0,18354.0,18369.0,prime,prime,1.0970513437349647,1.000817260542661,1.1499279493766055,1.2625610007560657
1232,replayed,2172.0,2185.0,3286.0,3048.0,chain3,chain3,0.9940503432494279,0.9275715155203895,1.5128913443830572,1.3949656750572081
1233,replayed,15277.0,14992.0,16579.0,16058.0,prime,prime,1.0190101387406616,0.968574702937451,1.085226156967991,1.0711045891141941
1234,raced,15976.0,15091.0,20708.0,19440.0,prime,prime,1.058644225034789,0.938767626038246,1.2961942914371558,1.288185010933669
1235,replayed,3998.0,3277.0,11244.0,12950.0,flat,chain3,1.2200183094293562,1.1517253646389185,2.812406203101551,3.9517851693622217
1236,raced,16798.0,15094.0,19910.0,18235.0,prime,prime,1.1128925400821519,0.9158714213962833,1.1852601500178592,1.2080959321584737
1237,replayed,15167.0,15042.0,18963.0,18541.0,prime,prime,1.0083100651509107,0.9777461372145757,1.2502802136216786,1.2326153437042946
1238,raced,15186.0,15231.0,19493.0,19438.0,prime,prime,0.9970454993106165,0.9971784743241163,1.2836164888713288,1.2762129866719192
1239,replayed,15551.0,15061.0,16276.0,16332.0,prime,prime,1.0325343602682424,1.003440648808061,1.0466207960902836,1.0843901467366044
1240,replayed,3868.0,3320.0,16715.0,13304.0,chain3,chain3,1.1650602409638555,0.7959317977864194,4.321354705274043,4.00722891566265
1241,replayed,17176.0,15151.0,22960.0,21384.0,prime,prime,1.1336545442545047,0.9313588850174216,1.336748952026083,1.411391987327569
1242,replayed,4680.0,3241.0,12877.0,11332.0,flat,chain3,1.4439987658130207,0.8800186378814941,2.7514957264957265,3.4964517124344336
1243,replayed,17753.0,15032.0,21357.0,20516.0,prime,prime,1.1810138371474188,0.9606218101793323,1.203007942319608,1.364821713677488
1244,raced,15697.0,15084.0,24329.0,22875.0,prime,prime,1.040639087775126,0.9402359324263225,1.5499139963050264,1.5165075576770088
1245,replayed,17340.0,15428.0,22205.0,18212.0,prime,prime,1.123930515945035,0.8201756361179915,1.280565167243368,1.1804511278195489
1246,raced,16559.0,15924.0,22900.0,17191.0,prime,prime,1.0398769153479026,0.7506986899563319,1.3829337520381666,1.0795654358201456
1247,replayed,6857.0,5664.0,28982.0,28110.0,flat,flat,1.2106285310734464,0.9699123593954868,4.226629721452531,4.96292372881356
1248,replayed,2352.0,2311.0,3303.0,2788.0,chain3,chain3,1.017741237559498,0.8440811383590675,1.4043367346938775,1.2064041540458676
1249,replayed,8140.0,8059.0,19597.0,18336.0,prime,prime,1.010050874798362,0.9356534163392356,2.4074938574938574,2.2752202506514454
1250,replayed,3121.0,2311.0,2866.0,2786.0,chain3,chain3,1.3504976200778884,0.9720865317515701,0.9182954181352131,1.205538727823453
1251,replayed,15642.0,15330.0,17213.0,16201.0,prime,prime,1.0203522504892368,0.9412072270957997,1.1004347270170054,1.0568166992824528
1252,raced,15251.0,15069.0,23162.0,22766.0,prime,prime,1.0120777755657309,0.9829030308263536,1.5187200839289228,1.5107837281836884
1253,replayed,15741.0,15164.0,17392.0,17016.0,prime,prime,1.0380506462674757,0.9783808647654094,1.1048853313004257,1.1221313637562649
1254,replayed,3215.0,3148.0,11689.0,11372.0,chain3,chain3,1.0212833545108004,0.9728804859269399,3.635769828926905,3.6124523506988564
1255,replayed,16354.0,15013.0,15094.0,14294.0,prime,prime,1.0893225870911876,0.9469988074731681,0.9229546288369818,0.9521081729168054
1256,raced,15538.0,21296.0,14033.0,19727.0,prime,prime,0.7296205860255447,1.4057578564811515,0.9031406873471489,0.926324192336589
1257,replayed,17665.0,25278.0,19918.0,23704.0,prime,prime,0.6988290212833294,1.1900793252334572,1.127540333993773,0.9377324155392041
1258,replayed,5042.0,5014.0,26411.0,24663.0,flat,flat,1.0055843637814121,0.9338154556813449,5.238199127330424,4.9188272836059035
1259,replayed,18498.0,15158.0,16799.0,16145.0,prime,prime,1.2203456920438052,0.9610691112566224,0.9081522326738026,1.065114131151867
1260,replayed,2321.0,2696.0,2590.0,2442.0,chain3,chain3,0.8609050445103857,0.9428571428571428,1.115898319689789,0.905786350148368
1261,replayed,15846.0,15046.0,15897.0,14217.0,prime,prime,1.0531702778147016,0.8943196829590488,1.0032184778492994,0.9449022996145154
1262,raced,19035.0,15354.0,17187.0,14865.0,prime,prime,1.2397420867526376,0.8648978879385583,0.9029156816390859,0.9681516217272372
1263,replayed,18180.0,15087.0,17750.0,16827.0,prime,prime,1.2050109365679063,0.948,0.9763476347634763,1.1153310797375224
1264,raced,22532.0,15278.0,19882.0,18419.0,prime,prime,1.474800366540123,0.9264158535358615,0.8823894905023966,1.2055897368765545
1265,replayed,4390.0,3927.0,13375.0,14639.0,flat,flat,1.1179017061370002,1.0945046728971963,3.0466970387243735,3.727782021899669
1266,raced,17318.0,15178.0,16770.0,16771.0,prime,prime,1.1409935432863354,1.0000596302921885,0.9683566231666474,1.104954539465015
1267,replayed,15953.0,15136.0,13647.0,14046.0,prime,prime,1.0539772727272727,1.0292371949879093,0.855450385507428,0.9279862579281184
1268,raced,16089.0,15919.0,14180.0,14418.0,prime,prime,1.0106790627551983,1.016784203102962,0.8813475045061844,0.9057101576732207
1269,replayed,6275.0,4307.0,19251.0,18950.0,flat,2p,1.456930578128628,0.9843644486000728,3.0678884462151395,4.399814255862549
1270,raced,16096.0,15119.0,15893.0,14915.0,prime,prime,1.064620675970633,0.9384634744856226,0.9873881709741551,0.9865070441166743
1271,replayed,5819.0,5927.0,29226.0,28616.0,flat,flat,0.9817783026826388,0.9791281735441045,5.022512459185427,4.828074911422305
1272,raced,17881.0,16188.0,20508.0,21775.0,prime,prime,1.1045836422041018,1.0617807684805929,1.146915720597282,1.3451321966889054
1273,replayed,15822.0,21448.0,30157.0,46975.0,prime,prime,0.7376911600149199,1.5576814669894221,1.9060169384401466,2.1901809026482657
1274,replayed,3580.0,3575.0,3929.0,4558.0,flat,flat,1.0013986013986014,1.1600916263680325,1.097486033519553,1.274965034965035
1275,replayed,3735.0,3111.0,10785.0,11098.0,flat,chain3,1.2005785920925747,1.029021789522485,2.887550200803213,3.5673416907746707
1276,replayed,4188.0,3871.0,15107.0,14843.0,chain3,chain3,1.081890984241798,0.9825246574435692,3.6072110792741165,3.8344097132523896
1277,replayed,14168.0,13079.0,16957.0,16575.0,prime,prime,1.0832632464255676,0.9774724302647874,1.1968520609824957,1.2672987231439712
1278,raced,15359.0,15020.0,17843.0,15992.0,prime,prime,1.0225699067909455,0.8962618393767864,1.1617292792499512,1.0647137150466046
1279,replayed,15677.0,15122.0,16343.0,16178.0,prime,prime,1.036701494511308,0.9899039344061678,1.0424826178478026,1.0698320327998943
1280,replayed,2299.0,2036.0,1790.0,1689.0,chain3,chain3,1.1291748526522594,0.9435754189944134,0.7785993910395824,0.8295677799607073
1281,replayed,17433.0,15130.0,15750.0,14271.0,prime,prime,1.1522141440846,0.9060952380952381,0.9034589571502323,0.9432253800396563
1282,raced,16494.0,16183.0,13731.0,13469.0,prime,prime,1.0192176975838843,0.9809190881945962,0.8324845398326665,0.832293147129704
1283,replayed,16682.0,15017.0,19465.0,18900.0,prime,prime,1.1108743424119332,0.9709735422553301,1.1668265196019663,1.2585736165678898
1284,raced,17417.0,15154.0,18933.0,18500.0,prime,prime,1.149333509304474,0.9771298790471663,1.087041396336912,1.2207997888346311
1285,replayed,15995.0,15238.0,13242.0,12827.0,prime,prime,1.0496784354902218,0.968660323214016,0.8278837136605189,0.8417771361071007
1286,raced,22106.0,15106.0,19121.0,18109.0,prime,prime,1.46339202965709,0.947073897808692,0.8649687867547272,1.1987951807228916
1287,replayed,3356.0,3137.0,4977.0,4938.0,chain3,chain3,1.0698119222186804,0.9921639541892706,1.483015494636472,1.5741153968759962
1288,replayed,3187.0,3230.0,11665.0,11442.0,chain3,chain3,0.986687306501548,0.9808829832833262,3.66018198933166,3.5424148606811143
1289,replayed,10974.0,10630.0,20464.0,19519.0,prime,prime,1.0323612417685795,0.9538213448006255,1.864771277565154,1.8362182502351834
1290,replayed,6791.0,4253.0,18871.0,17536.0,flat,chain3,1.5967552316012226,0.9292565311854167,2.7788249153291122,4.123207147895603
1291,replayed,16107.0,14615.0,19331.0,18906.0,prime,prime,1.102086897023606,0.9780145879675133,1.2001614205004036,1.2936024632227163
1292,replayed,4214.0,3494.0,19277.0,18638.0,chain3,chain3,1.206067544361763,0.966851688540748,4.574513526340769,5.334287349742415
1293,replayed,16424.0,15131.0,16993.0,16914.0,prime,prime,1.0854537043156434,0.9953510268934267,1.0346444227959084,1.1178375520454695
1294,raced,15121.0,15218.0,18306.0,18282.0,prime,prime,0.9936259692469445,0.9986889544411668,1.2106342173136697,1.201340517807859
1295,replayed,4783.0,5398.0,16148.0,23348.0,flat,chain3,0.8860689144127455,1.4458756502353232,3.376123771691407,4.32530566876621
1296,replayed,2229.0,3944.0,2443.0,3556.0,chain3,chain3,0.5651622718052738,1.4555873925501432,1.0960071781067744,0.9016227180527383
1297,replayed,11259.0,11180.0,14418.0,14343.0,prime,prime,1.0070661896243291,0.9947981689554724,1.2805755395683454,1.2829159212880143
1298,raced,15496.0,15152.0,21226.0,20793.0,prime,prime,1.0227032734952481,0.979600489965137,1.3697728446050594,1.3722940865892292
1299,replayed,15288.0,15115.0,14446.0,14426.0,prime,prime,1.0114455838570957,0.9986155337117542,0.9449241234955521,0.9544161429043996
1300,replayed,3325.0,2556.0,2892.0,2908.0,flat,chain3,1.3008607198748043,1.0055325034578146,0.8697744360902255,1.137715179968701
1301,replayed,13030.0,13138.0,18436.0,18427.0,prime,prime,0.9917795707109149,0.9995118246908223,1.4148887183422871,1.4025726899071396
1302,replayed,4248.0,3918.0,13985.0,14304.0,chain3,chain3,1.0842266462480858,1.0228101537361458,3.2921374764595104,3.650842266462481
1303,replayed,15288.0,12762.0,20559.0,18336.0,prime,prime,1.1979313587212035,0.8918721727710491,1.3447802197802199,1.4367653972731547
1304,raced,15537.0,15924.0,15475.0,15409.0,prime,prime,0.9756970610399397,0.995735056542811,0.9960095256484521,0.9676588796784727
1305,replayed,3853.0,5487.0,13999.0,20545.0,chain3,chain3,0.7022052123200292,1.4676048289163512,3.633272774461459,3.7443047202478588
1306,raced,15797.0,15262.0,21654.0,19496.0,prime,prime,1.0350543834359849,0.9003417382469752,1.3707666012534026,1.277421045734504
1307,replayed,17226.0,15141.0,19688.0,18378.0,prime,prime,1.1377055676639587,0.9334620073141,1.1429234877510739,1.213790370517139
1308,raced,16902.0,15096.0,15226.0,14666.0,prime,prime,1.1196343402225755,0.9632208065151714,0.9008401372618625,0.9715156332803392
1309,replayed,3704.0,3288.0,12744.0,12713.0,flat,chain3,1.1265206812652069,0.9975674827369743,3.4406047516198703,3.866484184914842
1310,raced,15357.0,17622.0,19185.0,18738.0,prime,prime,0.8714674838270344,0.9767005473025802,1.2492674350459074,1.0633299284984679
1311,replayed,4131.0,4122.0,22088.0,21007.0,chain3,chain3,1.002183406113537,0.9510593987685622,5.3468893730331635,5.096312469674915
1312,replayed,3800.0,3684.0,22408.0,17036.0,2p,2p,1.0314875135722041,0.7602641913602285,5.896842105263158,4.624321389793702
1313,replayed,16079.0,15177.0,16325.0,15050.0,prime,prime,1.0594320353165976,0.9218989280245024,1.0152994589215747,0.9916320748501021
1314,raced,16616.0,15069.0,14582.0,14475.0,prime,prime,1.1026610923087132,0.9926621862570292,0.8775878671160328,0.9605813259008561
1315,replayed,15718.0,15167.0,18770.0,18165.0,prime,prime,1.0363288718929253,0.9677677144379329,1.1941722865504516,1.197665985362959
1316,replayed,6089.0,5004.0,21158.0,22321.0,chain3,chain3,1.2168265387689847,1.0549673882219492,3.4747906060108393,4.460631494804157
1317,replayed,15312.0,15201.0,19036.0,18151.0,prime,prime,1.0073021511742648,0.9535091405757512,1.2432079414838035,1.1940661798565884
1318,raced,16833.0,15215.0,20391.0,19736.0,prime,prime,1.1063424252382517,0.9678779853857093,1.2113705221885582,1.2971409792967465
1319,replayed,15280.0,15170.0,19250.0,18613.0,prime,prime,1.007251153592617,0.9669090909090909,1.2598167539267016,1.2269611074489124
1320,replayed,2490.0,2653.0,3030.0,3106.0,chain3,chain3,0.9385601206181681,1.025082508250825,1.216867469879518,1.1707500942329438
1321,replayed,10091.0,9818.0,20196.0,18621.0,prime,prime,1.0278060704827867,0.9220142602495544,2.0013873748885147,1.8966184558973314
1322,raced,15328.0,15043.0,20248.0,19394.0,prime,prime,1.0189456890247957,0.9578229948636903,1.32098121085595,1.2892375191118792
1323,replayed,3431.0,2659.0,4612.0,4633.0,flat,chain3,1.2903347122978563,1.0045533391153512,1.344214514718741,1.7423843550206846
1324,raced,15383.0,15331.0,24182.0,22128.0,prime,prime,1.003391820494423,0.9150607890166239,1.5719950594812455,1.4433500750114148
1325,replayed,15322.0,15072.0,22080.0,22224.0,prime,prime,1.0165870488322717,1.0065217391304349,1.4410651350998565,1.4745222929936306
1326,replayed,3527.0,3490.0,11839.0,12056.0,chain3,chain3,1.0106017191977077,1.018329250781316,3.356677062659484,3.4544412607449857
1327,replayed,11397.0,10922.0,19205.0,18506.0,prime,prime,1.0434902032594764,0.9636032283259568,1.6850925682197069,1.694378318989196
1328,raced,16581.0,15213.0,19259.0,22019.0,prime,prime,1.0899230920922895,1.1433096214756737,1.1615101622338821,1.4473805298100308
1329,replayed,15786.0,18192.0,19420.0,18271.0,prime,prime,0.8677440633245382,0.9408341915550978,1.2302039782085392,1.0043425681618294
1330,replayed,3248.0,3106.0,10769.0,10482.0,chain3,chain3,1.0457179652285897,0.9733494289163339,3.31557881773399,3.3747585318737925
1331,replayed,3440.0,3336.0,6493.0,6687.0,chain3,chain3,1.0311750599520384,1.0298783305097798,1.8875,2.004496402877698
1332,replayed,3998.0,5591.0,18186.0,22849.0,chain3,chain3,0.7150778036129494,1.2564060266138788,4.548774387193597,4.0867465569665535
1333,replayed,6626.0,6204.0,31960.0,43513.0,2p,flat,1.068020631850419,1.3614831038798498,4.823422879565348,7.013700838168924
1334,replayed,5626.0,5365.0,24814.0,24300.0,flat,flat,1.0486486486486486,0.9792858869992747,4.410593672236047,4.529356943150047
1335,replayed,16731.0,15474.0,18660.0,18480.0,prime,prime,1.0812330360604885,0.9903536977491961,1.1152949614488077,1.1942613416052734
1336,raced,15178.0,16724.0,18906.0,18612.0,prime,prime,0.9075580004783544,0.9844493811488416,1.2456186585847937,1.1128916527146615
1337,replayed,15631.0,15073.0,14723.0,14804.0,prime,prime,1.0370198367942678,1.0055015961420906,0.9419103064423261,0.9821535195382471
1338,raced,15668.0,15071.0,18924.0,19000.0,prime,prime,1.0396125008294075,1.0040160642570282,1.207812101097779,1.2606993563798023
1339,replayed,15898.0,15413.0,22285.0,21086.0,prime,prime,1.0314669434892623,0.9461969934933812,1.4017486476286325,1.3680659183805879
1340,raced,15721.0,15397.0,24206.0,23249.0,prime,prime,1.021043060336429,0.9604643476823927,1.5397239361363781,1.5099694745729688
1341,replayed,16164.0,15907.0,19180.0,17212.0,prime,prime,1.0161564091280568,0.897393117831074,1.186587478346944,1.0820393537436348
1342,raced,15340.0,21845.0,16804.0,23206.0,prime,prime,0.7022201876859693,1.380980718876458,1.0954367666232072,1.0623025864042115
1343,replayed,18961.0,15188.0,26710.0,27066.0,prime,prime,1.2484198051092967,1.0133283414451517,1.408680976741733,1.782064787990519
1344,replayed,2226.0,2240.0,2471.0,2340.0,2p,2p,0.99375,0.9469850263051396,1.110062893081761,1.0446428571428572
1345,replayed,15207.0,15356.0,21359.0,18336.0,prime,prime,0.9902969523313363,0.8584671567020928,1.4045505359373973,1.1940609533732742
1346,raced,15672.0,15221.0,20681.0,19503.0,prime,prime,1.0296301162867092,0.9430395048595329,1.3196145992853496,1.2813218579593981
1347,replayed,15935.0,15510.0,18446.0,18187.0,prime,prime,1.0274016763378466,0.9859590155047164,1.1575776592406652,1.1725983236621536
1348,raced,16353.0,15263.0,25151.0,22187.0,prime,prime,1.0714145318744677,0.8821518031092203,1.5380052589738886,1.453646072200747
1349,replayed,15742.0,15123.0,26698.0,25656.0,prime,prime,1.0409310322026053,0.9609708592403925,1.6959725574895186,1.6964887919063678
1350,replayed,2521.0,2717.0,2786.0,2724.0,chain3,chain3,0.9278616120721384,0.9777458722182341,1.1051170170567235,1.0025763709974236
1351,replayed,15323.0,17406.0,14198.0,13807.0,prime,prime,0.8803286223141445,0.9724609099873222,0.9265809567317105,0.7932322187751351
1352,replayed,3028.0,3036.0,5205.0,4969.0,chain3,chain3,0.997364953886693,0.9546589817483189,1.7189564068692207,1.6366930171277998
1353,replayed,5418.0,5010.0,21286.0,19421.0,chain3,chain3,1.081437125748503,0.9123837263929343,3.9287559985234406,3.876447105788423
1354,raced,16195.0,15323.0,22893.0,19003.0,prime,prime,1.0569079162043986,0.8300790634691827,1.4135844396418649,1.240161848202049
1355,replayed,16431.0,15258.0,17615.0,16185.0,prime,prime,1.0768777034998034,0.9188191881918819,1.0720589130302478,1.0607550137632717
1356,raced,18316.0,15491.0,27310.0,21106.0,prime,prime,1.182363953263185,0.7728304650311242,1.4910460799301157,1.3624685301142598
1357,replayed,16386.0,18707.0,30189.0,27659.0,prime,prime,0.875928796707115,0.9161946404319454,1.8423654339069937,1.4785374458758753
1358,raced,15337.0,15559.0,15311.0,15636.0,prime,prime,0.9857317308310303,1.021226569133303,0.9983047532111886,1.0049489041712192
1359,replayed,14970.0,15916.0,17568.0,14907.0,prime,prime,0.9405629555164614,0.8485314207650273,1.1735470941883768,0.936604674541342
1360,replayed,2728.0,2727.0,11768.0,9945.0,chain3,chain3,1.0003667033370003,0.8450883752549286,4.313782991202346,3.6468646864686467
1361,replayed,10467.0,9873.0,21116.0,18303.0,prime,prime,1.0601640838650865,0.8667834817200227,2.0173879812744815,1.8538438164691584
1362,raced,15906.0,16005.0,17789.0,17137.0,prime,prime,0.9938144329896907,0.9633481364888414,1.1183830001257387,1.0707278975320211
1363,replayed,10456.0,6449.0,35999.0,31882.0,2p,flat,1.6213366413397425,0.885635712103114,3.442903596021423,4.943712203442394
1364,replayed,5211.0,4366.0,18398.0,18574.0,flat,chain3,1.1935409986257444,1.0095662572018698,3.5306083285357897,4.254237288135593
1365,replayed,3478.0,4275.0,4089.0,5768.0,chain3,chain3,0.8135672514619883,1.4106138420151626,1.1756756756756757,1.3492397660818714
1366,raced,15690.0,21626.0,20000.0,27111.0,prime,prime,0.7255155830944234,1.35555,1.2746972594008923,1.2536298899472857
1367,replayed,16204.0,21430.0,19102.0,26238.0,prime,prime,0.7561362575828278,1.3735734478065125,1.1788447296963713,1.2243583761082595
1368,replayed,3165.0,3089.0,11426.0,10688.0,chain3,chain3,1.0246034315312398,0.9354104673551549,3.6101105845181674,3.460019423761735
1369,replayed,7153.0,6355.0,32854.0,31114.0,2p,flat,1.1255704169944925,0.9470384123698788,4.593037886201594,4.895987411487018
1370,raced,18362.0,15531.0,18425.0,18087.0,prime,prime,1.1822806000901422,0.9816553595658073,1.0034309988018735,1.1645740776511493
1371,replayed,15910.0,15072.0,21794.0,18195.0,prime,prime,1.055599787685775,0.834862806276957,1.3698302954116908,1.2072054140127388
1372,replayed,3155.0,3244.0,3443.0,3398.0,flat,flat,0.9725647348951911,0.9869300029044438,1.091283676703645,1.0474722564734895
1373,replayed,15670.0,15219.0,18613.0,18149.0,prime,prime,1.0296340101189303,0.9750711868049213,1.1878111040204211,1.1925225047637822
1374,raced,15758.0,15330.0,18539.0,17002.0,prime,prime,1.0279191128506198,0.9170936943740223,1.1764817870288107,1.1090671885192434
1375,replayed,2950.0,2865.0,5119.0,4933.0,chain3,chain3,1.0296684118673647,0.9636647782770073,1.7352542372881357,1.7218150087260036
1376,replayed,4092.0,4095.0,25998.0,18882.0,2p,2p,0.9992673992673993,0.7262866374336487,6.353372434017595,4.610989010989011
1377,replayed,3347.0,3233.0,11456.0,10753.0,chain3,chain3,1.0352613671512527,0.9386347765363129,3.4227666567074992,3.326012991030003
1378,raced,25889.0,17358.0,25176.0,25670.0,prime,prime,1.4914736720820372,1.0196218620908801,0.9724593456680444,1.4788570111764028
1379,replayed,15938.0,15118.0,18986.0,16452.0,prime,prime,1.0542399788331789,0.8665332350152745,1.191241059104028,1.0882391850773911
1380,replayed,3532.0,3401.0,12725.0,12165.0,chain3,chain3,1.0385180829167893,0.955992141453831,3.6027746319365797,3.5768891502499267
1381,replayed,13801.0,13239.0,20110.0,18318.0,prime,prime,1.0424503361281063,0.9108901044256589,1.4571407868995,1.383639247677317
1382,raced,16510.0,15212.0,21996.0,18988.0,prime,prime,1.0853273731264792,0.8632478632478633,1.332283464566929,1.2482250854588484
1383,replayed,18216.0,15566.0,22631.0,18403.0,prime,prime,1.170242836952332,0.8131766161459945,1.2423693456302152,1.1822561994089682
1384,raced,17758.0,15182.0,20992.0,18788.0,prime,prime,1.1696746146752734,0.8950076219512195,1.1821151030521455,1.2375181135555262
1385,replayed,15060.0,15368.0,23375.0,18307.0,prime,prime,0.9799583550234253,0.783187165775401,1.552124833997344,1.1912415408641333
1386,replayed,3273.0,2914.0,3985.0,3877.0,chain3,chain3,1.1231983527796843,0.9728983688833124,1.2175374274366024,1.3304735758407686
1387,replayed,15555.0,15186.0,26087.0,23858.0,prime,prime,1.0242986961675227,0.914555142408096,1.6770813243330118,1.5710522849993416
1388,raced,15492.0,15223.0,20166.0,18329.0,prime,prime,1.0176706299678118,0.9089060795398195,1.301704105344694,1.2040333705577086
1389,replayed,15468.0,15610.0,17940.0,18353.0,prime,prime,0.9909032671364509,1.023021181716834,1.1598138091543833,1.1757206918641896
1390,raced,18100.0,15122.0,18605.0,17849.0,prime,prime,1.1969316228012168,0.9593657618919645,1.027900552486188,1.180333289247454
1391,replayed,16501.0,15317.0,23132.0,29389.0,prime,prime,1.077299732323562,1.2704910945875842,1.4018544330646627,1.9187177645753084
1392,replayed,6492.0,3649.0,20634.0,14108.0,flat,chain3,1.7791175664565635,0.6837258893089077,3.178373382624769,3.866264730063031
1393,replayed,20100.0,15633.0,18186.0,15855.0,prime,prime,1.2857417002494722,0.871824480369515,0.9047761194029851,1.014200729226636
1394,replayed,6509.0,5966.0,32379.0,28690.0,flat,flat,1.0910157559503855,0.8860681305784613,4.974496850514672,4.808917197452229
1395,replayed,5583.0,4285.0,16123.0,15435.0,flat,chain3,1.3029171528588097,0.957328040687217,2.8878739029195772,3.602100350058343
1396,raced,16119.0,15089.0,19105.0,18360.0,prime,prime,1.0682616475578235,0.9610049725202826,1.185247223773187,1.2167804360792631
1397,replayed,15781.0,15165.0,19627.0,18516.0,prime,prime,1.0406198483349818,0.9433943037652214,1.2437107914580825,1.220969337289812
1398,raced,16081.0,15260.0,17979.0,16975.0,prime,prime,1.0538007863695937,0.9441570721397186,1.1180274858528698,1.1123853211009174
1399,replayed,16240.0,15513.0,19613.0,18468.0,prime,prime,1.046863920582737,0.9416203538469382,1.2076970443349753,1.1904853993424869
1400,replayed,3048.0,2515.0,2632.0,2513.0,chain3,chain3,1.2119284294234594,0.9547872340425532,0.863517060367454,0.9992047713717693
1401,replayed,19196.0,17543.0,18698.0,18424.0,prime,prime,1.0942256170552358,0.9853460263129746,0.9740570952281725,1.0502194607535769
1402,raced,15336.0,15529.0,19978.0,18968.0,prime,prime,0.9875716401571254,0.9494443888277104,1.3026864893062076,1.2214566295318436
1403,replayed,15297.0,15137.0,26195.0,25784.0,prime,prime,1.0105701261808813,0.9843099828211491,1.7124272733215664,1.703375834049019
1404,replayed,3407.0,2859.0,4617.0,3775.0,chain3,chain3,1.1916754109828611,0.8176304959930691,1.3551511593777517,1.3203917453655125
1405,replayed,16557.0,15345.0,19478.0,18220.0,prime,prime,1.0789833822091888,0.935414313584557,1.1764208491876547,1.1873574454219615
1406,replayed,6102.0,5844.0,31621.0,28443.0,flat,flat,1.0441478439425051,0.8994971696024794,5.1820714519829565,4.867043121149897
1407,replayed,16485.0,17795.0,26758.0,26524.0,prime,prime,0.9263838156785614,0.9912549517901188,1.6231725811343645,1.4905310480472043
1408,replayed,2610.0,2559.0,3382.0,3174.0,chain3,chain3,1.0199296600234466,0.9384979302188055,1.295785440613027,1.2403282532239155
1409,replayed,8674.0,8442.0,18640.0,18268.0,prime,prime,1.027481639421938,0.9800429184549356,2.148950887710399,2.16394219379294
1410,replayed,6762.0,4922.0,20464.0,20448.0,flat,chain3,1.3738317757009346,0.9992181391712275,3.026323572907424,4.154408776919952
1411,replayed,15815.0,15226.0,31441.0,28388.0,prime,prime,1.038683830290293,0.9028974905378327,1.9880493202655707,1.8644424011559175
1412,raced,16443.0,17824.0,21116.0,18501.0,prime,prime,0.922520197486535,0.8761602576245501,1.2841938818950314,1.0379824955116697
1413,replayed,16432.0,15524.0,16024.0,15872.0,prime,prime,1.0584900798763206,0.9905142286570144,0.9751703992210321,1.0224169028600876
1414,raced,16484.0,15282.0,17040.0,16472.0,prime,prime,1.0786546263578065,0.9666666666666667,1.0337296772628002,1.0778693888234525
1415,replayed,16071.0,15101.0,19349.0,18672.0,prime,prime,1.0642341566783657,0.9650111116853585,1.2039698836413415,1.2364744056684989
1416,raced,17293.0,15274.0,20968.0,18303.0,prime,prime,1.1321854131203353,0.8729015642884396,1.212513733880761,1.1983108550477937
1417,replayed,15441.0,15541.0,17318.0,17220.0,prime,prime,0.9935654076314265,0.994341147938561,1.1215594844893466,1.1080368058683483
1418,raced,16511.0,15481.0,24974.0,18909.0,prime,prime,1.0665331696918803,0.7571474333306639,1.5125673793228755,1.2214327239842389
1419,replayed,6376.0,5405.0,23546.0,21210.0,flat,chain3,1.1796484736355226,0.9007899430901215,3.6929109159347555,3.9241443108233116
1420,raced,16819.0,15344.0,21257.0,17646.0,prime,prime,1.096128779979145,0.830126546549372,1.263868244247577,1.1500260688216892
1421,replayed,4919.0,4564.0,16080.0,14904.0,chain3,chain3,1.0777826468010516,0.926865671641791,3.2689571051026634,3.2655565293602105
1422,raced,16335.0,15267.0,20791.0,19085.0,prime,prime,1.0699548044802516,0.917945264778029,1.272788490970309,1.2500818759415733
1423,replayed,15838.0,15239.0,19638.0,18422.0,prime,prime,1.039307041144432,0.938079234137896,1.2399292840005052,1.2088719732265896
1424,raced,15272.0,15096.0,19841.0,20702.0,prime,prime,1.0116587175410705,1.0433949901718664,1.2991749607124148,1.3713566507684154
1425,replayed,4364.0,3589.0,12429.0,12103.0,flat,chain3,1.2159375870716076,0.973771019390136,2.8480751604032997,3.372248537196991
1426,replayed,6430.0,5849.0,26872.0,26942.0,flat,flat,1.0993332193537357,1.002604941947008,4.179160186625195,4.606257479911096
1427,replayed,15549.0,17528.0,18530.0,18455.0,prime,prime,0.8870949338201735,0.9959525094441446,1.1917165091002637,1.0528868096759472
1428,replayed,3044.0,3193.0,11022.0,10982.0,chain3,chain3,0.9533354212339492,0.9963708945744874,3.6208935611038107,3.439398684622612
1429,replayed,14037.0,13742.0,18764.0,18416.0,prime,prime,1.0214670353660311,0.9814538477936474,1.3367528674218139,1.3401251637316256
1430,replayed,3159.0,3162.0,5064.0,5068.0,chain3,chain3,0.9990512333965844,1.0007898894154819,1.6030389363722697,1.6027830487033523
1431,replayed,15419.0,18330.0,23438.0,24870.0,prime,prime,0.841189307146754,1.0610973632562506,1.5200726376548415,1.3567921440261865
1432,raced,16371.0,15183.0,18637.0,18966.0,prime,prime,1.0782454060462359,1.017653055749316,1.1384154908069146,1.2491602450108674
1433,replayed,15278.0,15121.0,18509.0,19126.0,prime,prime,1.0103829111831228,1.0333351342590091,1.2114805602827596,1.2648634349580055
1434,raced,15246.0,15254.0,17348.0,17404.0,prime,prime,0.999475547397404,1.0032280378141571,1.1378722287813197,1.140946636947686
1435,replayed,5644.0,5645.0,20014.0,19106.0,chain3,chain3,0.999822852081488,0.9546317577695613,3.546066619418852,3.3845881310894597
1436,raced,15025.0,15303.0,18425.0,18450.0,prime,prime,0.9818336273933216,1.0013568521031209,1.2262895174708819,1.205645951774162
1437,replayed,15385.0,15644.0,18118.0,18469.0,prime,prime,0.9834441319355663,1.0193729992272877,1.1776405589860253,1.180580414216313
1438,raced,15444.0,15233.0,18996.0,19336.0,prime,prime,1.0138515065975184,1.0178985049484102,1.22999222999223,1.2693494387185715
1439,replayed,15307.0,15702.0,18532.0,18620.0,prime,prime,0.9748439689211565,1.0047485430606518,1.2106879205592214,1.1858361992102917
1440,replayed,2302.0,3555.0,2460.0,2463.0,chain3,chain3,0.6475386779184248,1.001219512195122,1.0686359687228497,0.6928270042194092
1441,replayed,14972.0,15721.0,22423.0,22447.0,prime,prime,0.9523567203104129,1.0010703295723142,1.4976623029655356,1.4278353794287895
1442,raced,15011.0,15305.0,21668.0,22144.0,prime,prime,0.9807905913100294,1.02196787889976,1.4434747851575511,1.4468474354786018
1443,replayed,5646.0,5023.0,19243.0,18477.0,flat,chain3,1.124029464463468,0.9601933170503559,3.408253630889125,3.6784789966155684
1444,replayed,4777.0,4144.0,22477.0,21163.0,chain3,chain3,1.1527509652509653,0.9415402411353828,4.705254343730375,5.106901544401544
1445,replayed,4024.0,4229.0,20532.0,20988.0,chain3,chain3,0.9515251832584536,1.022209234365868,5.102385685884692,4.962875384251596
1446,raced,15031.0,15114.0,16011.0,14631.0,prime,prime,0.994508402805346,0.9138092561364062,1.0651985895815315,0.9680428741564113
1447,replayed,15079.0,15404.0,23144.0,23245.0,prime,prime,0.9789015840041547,1.004363982025579,1.5348497911002055,1.5090236302259152
1448,raced,15084.0,15942.0,15655.0,15596.0,prime,prime,0.9461799021452766,0.9962312360268285,1.0378546804561124,0.9782963241751349
1449,replayed,5027.0,3884.0,14591.0,13416.0,flat,chain3,1.2942842430484036,0.9194709067233225,2.90252635766859,3.454170957775489
1450,replayed,4026.0,4019.0,14846.0,14962.0,chain3,chain3,1.001741726797711,1.0078135524720464,3.687531048186786,3.7228166210500127
1451,replayed,15107.0,13425.0,23215.0,24455.0,prime,prime,1.125288640595903,1.0534137411156579,1.5367048388164428,1.8216014897579142
1452,replayed,2994.0,3007.0,5527.0,6162.0,chain3,chain3,0.9956767542401064,1.1148905373620408,1.8460253841015364,2.0492184901895576
1453,replayed,10148.0,10106.0,23206.0,23265.0,prime,prime,1.0041559469622006,1.0025424459191588,2.2867560110366574,2.30209776370473
1454,raced,15243.0,15285.0,24846.0,24421.0,prime,prime,0.997252208047105,0.9828946309265073,1.6299940956504626,1.5977101733725876
1455,replayed,15056.0,15268.0,16303.0,16259.0,prime,prime,0.9861147498035107,0.9973011102251119,1.0828241232731137,1.0649069950222687
1456,replayed,2636.0,2669.0,3579.0,3629.0,chain3,chain3,0.9876358186586737,1.0139703827884885,1.3577389984825494,1.359685275384039
1457,replayed,9420.0,7042.0,34734.0,34883.0,2p,flat,1.3376881567736438,1.0042897449185237,3.6872611464968155,4.953564328315819
1458,replayed,3294.0,2849.0,3871.0,4067.0,chain3,chain3,1.1561951561951562,1.0506329113924051,1.1751669702489376,1.4275184275184276
1459,replayed,13669.0,14835.0,18404.0,18839.0,prime,prime,0.921402089652848,1.0236361660508586,1.3464042724412906,1.2699022581732389
1460,raced,16125.0,15210.0,15591.0,15531.0,prime,prime,1.0601577909270217,0.9961516259380412,0.9668837209302326,1.0211045364891518
1461,replayed,15413.0,15305.0,17683.0,17710.0,prime,prime,1.0070565174779484,1.0015268902335577,1.1472782715889185,1.1571381901339433
1462,replayed,6506.0,6352.0,31584.0,31049.0,flat,flat,1.0242443324937027,0.9830610435663627,4.854595757762066,4.888066750629723
1463,replayed,3820.0,3808.0,15529.0,14497.0,chain3,chain3,1.0031512605042017,0.9335436924463906,4.065183246073299,3.806985294117647
1464,raced,15058.0,15650.0,15895.0,15846.0,prime,prime,0.9621725239616613,0.9969172695816294,1.0555850710585735,1.012523961661342
1465,replayed,14754.0,15256.0,19643.0,20330.0,prime,prime,0.9670949134766649,1.0349742910960646,1.3313677646739868,1.3325904562139486
1466,raced,15278.0,15580.0,21042.0,20710.0,prime,prime,0.9806161745827985,0.9842220321262237,1.377274512370729,1.329268292682927
1467,replayed,15127.0,15267.0,20104.0,19811.0,prime,prime,0.9908298945437872,0.9854257859132511,1.3290143452105507,1.2976354228073623
1468,raced,15235.0,16070.0,20828.0,21519.0,prime,prime,0.94803982576229,1.0331764931822547,1.3671151952740401,1.3390790292470443
1469,replayed,15443.0,15432.0,24407.0,28190.0,prime,prime,1.000712804561949,1.1549965173925514,1.5804571650586026,1.8267236910316227
1470,replayed,2796.0,2784.0,3038.0,3068.0,chain3,chain3,1.0043103448275863,1.0098749177090192,1.086552217453505,1.1020114942528736
1471,replayed,12266.0,12167.0,19879.0,20543.0,prime,prime,1.0081367633763458,1.0334020825997283,1.6206587314527963,1.6884194953562917
1472,replayed,4049.0,3322.0,12911.0,13809.0,2p,2p,1.2188440698374474,1.0695530942607079,3.188688565077797,4.156833232992174
1473,replayed,15229.0,16040.0,20424.0,20917.0,prime,prime,0.9494389027431421,1.0241382687034861,1.3411254842734257,1.3040523690773067
1474,raced,15337.0,17752.0,28342.0,35162.0,prime,prime,0.8639589905362776,1.240632277185802,1.847949403403534,1.9807345651194233
1475,replayed,15414.0,16109.0,20786.0,20314.0,prime,prime,0.95685641566826,0.9772924083517752,1.3485143376151552,1.2610342044819667
1476,replayed,5351.0,4739.0,19675.0,21176.0,chain3,chain3,1.1291411690230007,1.076289707750953,3.6768828256400674,4.468453260181473
1477,replayed,15648.0,15591.0,19808.0,19762.0,prime,prime,1.0036559553588609,0.9976777059773829,1.2658486707566463,1.2675261368738375
1478,raced,15263.0,15380.0,21374.0,21577.0,prime,prime,0.9923927178153445,1.0094975203518293,1.4003800039310752,1.4029258777633289
1479,replayed,5614.0,5152.0,24921.0,25261.0,flat,chain3,1.0896739130434783,1.0136431122346616,4.439080869255433,4.903144409937888
1480,replayed,5013.0,4301.0,18395.0,17845.0,flat,chain3,1.1655428970006976,0.9701005708072846,3.6694594055455814,4.149035108114392
1481,replayed,15539.0,16008.0,20299.0,20130.0,prime,prime,0.9707021489255372,0.9916744667224986,1.3063260184053027,1.2574962518740629
1482,replayed,4273.0,4019.0,13507.0,13498.0,chain3,chain3,1.0631998009455088,0.9993336788331976,3.161010999297917,3.3585469022144814
1483,replayed,13020.0,13190.0,20363.0,19986.0,prime,prime,0.9871114480667172,0.9814860285812503,1.563978494623656,1.5152388172858227
1484,raced,15758.0,15264.0,23994.0,24231.0,prime,prime,1.0323637316561844,1.0098774693673418,1.522655159284173,1.5874606918238994
1485,replayed,3600.0,3235.0,4603.0,4627.0,chain3,chain3,1.1128284389489953,1.005213990875516,1.2786111111111111,1.4302936630602783
1486,raced,16400.0,15254.0,21424.0,21035.0,prime,prime,1.0751278353218827,0.9818427931292009,1.3063414634146342,1.3789825619509637
1487,replayed,15815.0,15296.0,20476.0,20616.0,prime,prime,1.033930439330544,1.0068372729048642,1.294720202339551,1.3478033472803348
1488,replayed,4025.0,3933.0,16301.0,16410.0,chain3,chain3,1.023391812865497,1.0066867063370346,4.049937888198758,4.172387490465294
1489,replayed,16028.0,13606.0,20745.0,19918.0,prime,prime,1.1780097016022344,0.9601349722824777,1.2942974794110307,1.4639129795678376
1490,raced,15359.0,16136.0,19139.0,21520.0,prime,prime,0.9518468021814576,1.1244056638277862,1.2461097727716648,1.3336638572136836
1491,replayed,17292.0,15450.0,21271.0,19416.0,prime,prime,1.1192233009708739,0.9127920643129143,1.2301064075873236,1.2566990291262137
1492,raced,15851.0,15368.0,23627.0,20920.0,prime,prime,1.0314289432587194,0.8854276886612773,1.4905684183963157,1.3612701717855284
1493,replayed,18323.0,15315.0,21885.0,20355.0,prime,prime,1.1964087495919034,0.9300891021247429,1.194400480270698,1.3290891283055828
1494,raced,16765.0,15660.0,21478.0,21005.0,prime,prime,1.0705619412515963,0.9779774653133438,1.2811213838353712,1.341315453384419
1495,replayed,4545.0,4533.0,16097.0,15188.0,chain3,chain3,1.00264725347452,0.9435298502826613,3.5416941694169415,3.3505404809177146
1496,replayed,3620.0,3583.0,13172.0,13539.0,chain3,chain3,1.0103265420039074,1.027862131794716,3.6386740331491714,3.7786770862405805
1497,replayed,15437.0,15317.0,20701.0,20163.0,prime,prime,1.0078344323300907,0.9740109173469881,1.340998898749757,1.316380492263498
1498,raced,15071.0,16064.0,21866.0,21881.0,prime,prime,0.9381847609561753,1.0006859965242842,1.4508659014000398,1.3621140438247012
1499,replayed,15542.0,15333.0,20612.0,20098.0,prime,prime,1.01363073110285,0.9750630700562779,1.3262128426199975,1.3107676253831606
1500,replayed,2818.0,2716.0,2977.0,2907.0,chain3,chain3,1.0375552282768779,0.9764863957003695,1.0564229950319375,1.0703240058910162
1501,replayed,17051.0,15427.0,31203.0,29865.0,prime,prime,1.105269981201789,0.9571195077396404,1.829980646296405,1.9358916185907824
1502,raced,15837.0,15598.0,17831.0,17691.0,prime,prime,1.015322477240672,0.992148505411923,1.1259076845362126,1.134183869726888
1503,replayed,16335.0,15630.0,22554.0,23590.0,prime,prime,1.04510556621881,1.0459342023587834,1.3807162534435262,1.509277031349968
1504,replayed,4805.0,4715.0,24669.0,21706.0,2p,2p,1.0190880169671261,0.8798897401597147,5.134027055150884,4.603605514316013
1505,replayed,8334.0,6037.0,22502.0,21944.0,chain3,chain3,1.3804869968527413,0.9752022042485112,2.7000239980801535,3.6349180056319366
1506,raced,16030.0,15236.0,17384.0,17264.0,prime,prime,1.0521134155946443,0.9930971007823286,1.0844666250779789,1.1331058020477816
1507,replayed,18633.0,15327.0,22389.0,21443.0,prime,prime,1.2156977882168722,0.9577471079547992,1.201577845757527,1.3990343837672081
1508,replayed,5409.0,4710.0,17908.0,17284.0,flat,chain3,1.148407643312102,0.9651552378825106,3.310778332408948,3.66963906581741
1509,replayed,15698.0,15272.0,19062.0,18119.0,prime,prime,1.0278941854374017,0.9505298499632777,1.214294814626067,1.1864195914091147
1510,raced,16641.0,15802.0,16493.0,16350.0,prime,prime,1.0530945449943045,0.9913296550051537,0.9911063037077099,1.0346791545374003
1511,replayed,17043.0,15728.0,19875.0,20247.0,prime,prime,1.0836088504577823,1.0187169811320755,1.1661679281816582,1.287321973550356
1512,replayed,2992.0,3096.0,3124.0,3035.0,chain3,chain3,0.9664082687338501,0.9715108834827144,1.0441176470588236,0.9802971576227391
1513,replayed,16925.0,17072.0,29466.0,29243.0,prime,prime,0.9913894095595126,0.9924319554741058,1.7409748892171344,1.7129217432052484
1514,raced,16800.0,24988.0,19259.0,26872.0,prime,prime,0.6723227149031535,1.3952957059037334,1.1463690476190476,1.0753961901712823
1515,replayed,16035.0,15476.0,16555.0,17180.0,prime,prime,1.0361204445593177,1.037752944729689,1.032429061428126,1.110105970535022
1516,raced,16942.0,18061.0,17515.0,16987.0,prime,prime,0.9380432977133049,0.9698544105052812,1.0338212725770275,0.9405348541055313
1517,replayed,8232.0,7391.0,36812.0,37446.0,2p,flat,1.1137870382898118,1.0172226447897426,4.4718172983479105,5.066432147206061
1518,replayed,4387.0,4287.0,15525.0,15313.0,chain3,chain3,1.0233263354327036,0.9863446054750402,3.5388648279006154,3.57196174480989
1519,replayed,5389.0,5173.0,16689.0,16639.0,flat,chain3,1.0417552677363233,0.9970040146204087,3.0968639821859343,3.216508795669824
1520,replayed,3224.0,3222.0,14107.0,11797.0,chain3,chain3,1.000620732464308,0.8362515063443681,4.375620347394541,3.6613904407200497
1521,replayed,3773.0,3771.0,5739.0,5790.0,chain3,chain3,1.0005303632988598,1.0088865656037638,1.5210707659687253,1.5354017501988861
1522,raced,15856.0,15295.0,19421.0,19349.0,prime,prime,1.0366786531546257,0.9962926728798723,1.2248360242179617,1.2650539391958155
1523,replayed,15720.0,15235.0,20307.0,19720.0,prime,prime,1.0318345914013785,0.9710937115280445,1.291793893129771,1.2943879225467674
1524,raced,15911.0,15385.0,20409.0,20245.0,prime,prime,1.0341891452713683,0.991964329462492,1.282697504870844,1.3158921026974326
1525,replayed,15568.0,15824.0,18200.0,17006.0,prime,prime,0.9838220424671386,0.9343956043956044,1.169064748201439,1.074696663296259
1526,raced,15566.0,15220.0,18810.0,17974.0,prime,prime,1.0227332457293035,0.9555555555555556,1.2084029294616472,1.180946123521682
1527,replayed,15444.0,15593.0,18047.0,17886.0,prime,prime,0.9904444301930353,0.9910788496703054,1.1685444185444185,1.1470531648816777
1528,raced,15792.0,21566.0,16620.0,23474.0,prime,prime,0.7322637484929982,1.4123947051744885,1.0524316109422491,1.0884725957525736
1529,replayed,15422.0,16101.0,25866.0,26392.0,prime,prime,0.9578287062915347,1.0203355756591665,1.677214369083128,1.6391528476492143
1530,replayed,3456.0,3615.0,12655.0,11474.0,chain3,chain3,0.9560165975103735,0.9066772026866851,3.661747685185185,3.173997233748271
1531,replayed,11529.0,11599.0,19657.0,19870.0,prime,prime,0.9939649969824985,1.0108358345627513,1.7050047705785412,1.713078713682214
1532,raced,15453.0,15268.0,17195.0,16947.0,prime,prime,1.0121168456903327,0.9855772026751963,1.1127289199508186,1.1099685616976682
1533,replayed,18115.0,15652.0,18390.0,16916.0,prime,prime,1.1573600817786864,0.9198477433387711,1.015180789401049,1.0807564528494762
1534,raced,15384.0,15140.0,21964.0,21631.0,prime,prime,1.0161162483487451,0.9848388271717355,1.4277171086843474,1.4287318361955086
1535,replayed,15760.0,15549.0,28552.0,30642.0,prime,prime,1.0135700045018972,1.0731997758475764,1.8116751269035534,1.9706733551996913
1536,replayed,2312.0,2704.0,2274.0,2271.0,chain3,chain3,0.8550295857988166,0.9986807387862797,0.9835640138408305,0.8398668639053254
1537,replayed,16931.0,17267.0,41116.0,38300.0,prime,prime,0.980540916198529,0.9315108473586925,2.4284448644498258,2.218103897608154
1538,raced,17121.0,18377.0,16333.0,22933.0,prime,prime,0.9316536975567286,1.4040898793852936,0.9539746510133754,1.247918593894542
1539,replayed,3827.0,5325.0,14908.0,17984.0,chain3,chain3,0.7186854460093897,1.2063321706466328,3.8954794878494905,3.3772769953051642
1540,replayed,3823.0,3611.0,4276.0,3952.0,flat,flat,1.0587094987538077,0.9242282507015903,1.118493329845671,1.094433674882304
1541,replayed,16140.0,15179.0,39502.0,38488.0,prime,prime,1.0633111535674287,0.9743304136499418,2.447459727385378,2.5356084063508795
1542,raced,18719.0,15195.0,17804.0,16367.0,prime,prime,1.2319183942086211,0.919287800494271,0.9511191837170789,1.077130635077328
1543,replayed,16688.0,15565.0,36446.0,31544.0,prime,prime,1.0721490523610664,0.8654996433079076,2.1839645254074784,2.026598136845487
1544,raced,16647.0,15240.0,16265.0,15321.0,prime,prime,1.0923228346456693,0.9419612665232093,0.9770529224484892,1.0053149606299212
1545,replayed,15927.0,15380.0,23329.0,23692.0,prime,prime,1.0355656697009104,1.0155600325774787,1.4647454008915677,1.540442132639792
1546,raced,17769.0,16120.0,21412.0,21568.0,prime,prime,1.1022952853598016,1.0072856342237997,1.2050199786144409,1.3379652605459058
1547,replayed,4602.0,4024.0,15775.0,15735.0,flat,chain3,1.143638170974155,0.9974643423137877,3.4278574532811823,3.9102882703777335
1548,replayed,5293.0,5073.0,22413.0,21110.0,chain3,chain3,1.0433668440764834,0.9418640967295766,4.234460608350652,4.161245811157106
1549,replayed,16092.0,15289.0,31852.0,31722.0,prime,prime,1.0525214206292106,0.9959186236343087,1.9793686303753417,2.0748250376087385
1550,replayed,4433.0,4428.0,19019.0,16580.0,chain3,chain3,1.0011291779584464,0.8717598191282402,4.290322580645161,3.7443541102077686
1551,replayed,7701.0,6164.0,25793.0,26452.0,chain3,chain3,1.24935107073329,1.02554956771217,3.3493052850279184,4.291369240752758
1552,raced,18339.0,16927.0,18600.0,18115.0,prime,prime,1.0834170260530513,0.9739247311827957,1.014231964665467,1.0701837301352868
1553,replayed,15335.0,21779.0,32843.0,45046.0,prime,prime,0.7041186464024978,1.3715555826203454,2.1417019889142486,2.0683226961752146
1554,replayed,7265.0,5004.0,21344.0,20176.0,flat,chain3,1.4518385291766587,0.9452773613193404,2.9379215416379902,4.031974420463629
1555,replayed,15926.0,15267.0,29272.0,30559.0,prime,prime,1.0431649963974585,1.043966930855425,1.8380007534848675,2.0016375188314663
1556,raced,15730.0,15584.0,19806.0,20296.0,prime,prime,1.0093685831622177,1.0247399777845096,1.259122695486332,1.3023613963039014
1557,replayed,15697.0,17829.0,24295.0,21544.0,prime,prime,0.8804195411969263,0.8867668244494752,1.5477479773205072,1.2083683885804026
1558,replayed,6819.0,7014.0,31864.0,32757.0,flat,flat,0.9721984602224123,1.0280253577705247,4.67282592755536,4.670230966638152
1559,replayed,15682.0,15230.0,32080.0,31709.0,prime,prime,1.0296782665791202,0.9884351620947631,2.0456574416528506,2.082009192383454
1560,replayed,2985.0,3074.0,3568.0,3528.0,chain3,chain3,0.9710474951203644,0.9887892376681614,1.1953098827470687,1.147690305790501
1561,replayed,15450.0,15201.0,23289.0,21988.0,prime,prime,1.0163805012828104,0.9441367169049766,1.507378640776699,1.4464837839615814
1562,raced,15524.0,15238.0,21864.0,23444.0,prime,prime,1.0187688673054207,1.0722649103549213,1.4083998969337799,1.5385221157632236
1563,replayed,15396.0,15450.0,23328.0,22404.0,prime,prime,0.996504854368932,0.9603909465020576,1.515198752922837,1.4500970873786407
1564,replayed,5099.0,4670.0,25339.0,24502.0,chain3,chain3,1.09186295503212,0.9669679150716287,4.969405765836439,5.246680942184154
1565,replayed,15352.0,15288.0,28610.0,29131.0,prime,prime,1.0041862899005756,1.018210415938483,1.8636008337675873,1.9054814233385662
1566,replayed,5031.0,4568.0,16429.0,16226.0,chain3,chain3,1.1013572679509631,0.9876438005965061,3.265553567879149,3.5521015761821366
1567,replayed,14971.0,15242.0,20825.0,20279.0,prime,prime,0.9822201810785987,0.973781512605042,1.3910226437779707,1.330468442461619
1568,replayed,2495.0,2499.0,2940.0,2995.0,chain3,chain3,0.9983993597438976,1.0187074829931972,1.1783567134268538,1.1984793917567027
1569,replayed,15093.0,15810.0,22736.0,23543.0,prime,prime,0.9546489563567362,1.0354943701618577,1.5063936924402042,1.4891208096141682
1570,raced,15490.0,15626.0,17422.0,17564.0,prime,prime,0.9912965570203507,1.008150614165997,1.1247256294383474,1.1240240624600026
1571,replayed,15951.0,16986.0,20473.0,20291.0,prime,prime,0.9390674673260332,0.9911102427587555,1.2834931979186257,1.1945720004709761
1572,raced,15565.0,15420.0,24292.0,22961.0,prime,prime,1.0094033722438391,0.9452082990284868,1.5606810150979762,1.4890402075226978
1573,replayed,4086.0,4083.0,7747.0,7679.0,chain3,chain3,1.0007347538574578,0.9912224086743255,1.8959862946647088,1.8807249571393583
1574,raced,15726.0,18114.0,21041.0,21142.0,prime,prime,0.8681682676382908,1.0048001520840264,1.337975327483149,1.1671635199293364
1575,replayed,3976.0,3632.0,4534.0,4527.0,flat,chain3,1.0947136563876652,0.9984561093956771,1.1403420523138832,1.246420704845815
1576,raced,16145.0,15324.0,20531.0,17790.0,prime,prime,1.0535760897937876,0.8664945691880571,1.2716630535769589,1.1609240407204384
1577,replayed,15985.0,15522.0,32391.0,32782.0,prime,prime,1.0298286303311428,1.0120712543607793,2.026337191116672,2.111970106944981
1578,raced,15848.0,15222.0,22950.0,22387.0,prime,prime,1.041124687951649,0.9754684095860566,1.4481322564361434,1.4707003021941927
1579,replayed,15542.0,15430.0,20853.0,20980.0,prime,prime,1.0072585871678548,1.0060902508032417,1.3417192124565693,1.3596889176928062
1580,raced,15458.0,15629.0,21602.0,21009.0,prime,prime,0.9890588009469575,0.972548838070549,1.3974640962608358,1.3442318766395802
1581,replayed,6043.0,5547.0,29071.0,29053.0,chain3,chain3,1.089417703263025,0.9993808262529669,4.810690054608638,5.237605913106184
1582,raced,15349.0,15234.0,25650.0,25043.0,prime,prime,1.0075489037678875,0.9763352826510722,1.6711186396507915,1.643888670080084
1583,replayed,15556.0,15290.0,20748.0,20873.0,prime,prime,1.017396991497711,1.0060246770773087,1.3337618925173567,1.3651406147809027
1584,replayed,2871.0,2863.0,4064.0,4135.0,chain3,chain3,1.002794271742927,1.017470472440945,1.4155346569139673,1.444289207125393
1585,replayed,15351.0,15343.0,17779.0,17741.0,prime,prime,1.000521410415173,0.9978626469430226,1.1581655918181226,1.1562927719481197
1586,raced,16188.0,15254.0,19246.0,19309.0,prime,prime,1.0612298413530876,1.0032734074612906,1.1889053619965406,1.265831912940868
1587,replayed,6035.0,5894.0,27826.0,27520.0,flat,flat,1.0239226331862912,0.9890030906346582,4.610770505385252,4.669155072955548
1588,raced,15559.0,15356.0,20446.0,20408.0,prime,prime,1.0132195884344881,0.9981414457595618,1.3140947361655633,1.3289919249804636
1589,replayed,18940.0,15229.0,20069.0,20072.0,prime,prime,1.2436798213933942,1.0001494842792367,1.05960929250264,1.3180116882264101
1590,raced,15495.0,17473.0,26579.0,23833.0,prime,prime,0.8867967721627654,0.8966853530983107,1.715327525008067,1.3639901562410577
1591,replayed,10176.0,7893.0,38829.0,38868.0,2p,flat,1.2892436335993918,1.0010044039249015,3.815742924528302,4.9243633599391865
1592,raced,16798.0,17462.0,19855.0,17813.0,prime,prime,0.9619745733592945,0.8971543691765298,1.1819859507084176,1.0201007902874815
1593,replayed,16886.0,17496.0,21624.0,21589.0,prime,prime,0.9651348879743942,0.9983814280429153,1.2805874689091554,1.23393918609968
1594,raced,16978.0,17721.0,24813.0,21957.0,prime,prime,0.9580723435472038,0.8848990448555193,1.4614795617858405,1.2390384289825631
1595,replayed,5527.0,7324.0,18994.0,26244.0,flat,chain3,0.7546422719825232,1.381699484047594,3.436584041975755,3.5832878208629166
1596,replayed,3660.0,3842.0,13317.0,13324.0,chain3,chain3,0.9526288391462779,1.0005256439137944,3.6385245901639345,3.467985424258199
1597,replayed,15584.0,15301.0,20402.0,21195.0,prime,prime,1.0184955231684203,1.0388687383589845,1.3091632443531827,1.3852035814652637
1598,replayed,7200.0,7242.0,35141.0,33610.0,flat,flat,0.9942004971002486,0.9564326570103299,4.880694444444444,4.6409831538249104
1599,replayed,6021.0,5996.0,22874.0,23073.0,chain3,chain3,1.0041694462975317,1.008699833872519,3.7990367048663014,3.8480653769179454
1600,replayed,2542.0,2692.0,2769.0,2756.0,chain3,2p,0.9442793462109955,0.9953051643192489,1.0892997639653816,1.0237741456166418
1601,replayed,9632.0,12547.0,17127.0,17085.0,prime,prime,0.7676735474615446,0.9975477316517779,1.7781353820598007,1.3616800828883397
1602,raced,15423.0,15312.0,21169.0,21619.0,prime,prime,1.0072492163009403,1.0212574991733194,1.3725604616481877,1.4118991640543366
1603,replayed,15448.0,15443.0,20344.0,20100.0,prime,prime,1.0003237712879622,0.9880062917813606,1.3169342309684102,1.3015605776079777
1604,raced,15666.0,15526.0,16341.0,17065.0,prime,prime,1.0090171325518484,1.0443057340432043,1.0430869398697817,1.0991240499806776
1605,replayed,15307.0,17538.0,23290.0,24472.0,prime,prime,0.8727905120310183,1.0507513954486905,1.5215260991703143,1.3953700535979017
1606,raced,14869.0,17640.0,20915.0,21233.0,prime,prime,0.8429138321995465,1.015204398756873,1.406617795413276,1.2036848072562358
1607,replayed,15567.0,17595.0,24073.0,24159.0,prime,prime,0.8847399829497016,1.0035724670793005,1.54641228239224,1.3730605285592499
1608,raced,15322.0,19567.0,27841.0,27892.0,prime,prime,0.7830530996064803,1.0018318307532057,1.8170604359744158,1.4254612357540757
1609,replayed,15479.0,15716.0,24474.0,24329.0,prime,prime,0.9849198269279715,0.9940753452643621,1.5811098908198205,1.5480402137948588
1610,replayed,4019.0,4019.0,14349.0,14369.0,chain3,chain3,1.0,1.0013938253536832,3.5702911171933316,3.5752674794725054
1611,replayed,14919.0,15823.0,22707.0,27755.0,prime,prime,0.9428679769955128,1.2223103007883032,1.5220189020711843,1.754092144346837
1612,replayed,6062.0,5497.0,19194.0,19481.0,flat,chain3,1.1027833363652901,1.0149525893508389,3.1662817551963047,3.5439330543933054
1613,replayed,15299.0,15878.0,23891.0,24462.0,prime,prime,0.9635344501826426,1.0239002134695074,1.56160533368194,1.540622244615191
1614,raced,15444.0,15222.0,22074.0,22112.0,prime,prime,1.0145841545132046,1.0017214822868532,1.4292929292929293,1.4526343450269348
1615,replayed,5100.0,4624.0,23015.0,25134.0,chain3,chain3,1.1029411764705883,1.0920703888768195,4.512745098039216,5.435553633217993
1616,raced,15528.0,21705.0,16867.0,25412.0,prime,prime,0.715411195577056,1.5066105412936504,1.086231324059763,1.1707901405206174
1617,replayed,3865.0,4945.0,5556.0,7907.0,chain3,chain3,0.78159757330637,1.4231461483081354,1.43751617076326,1.598988877654196
1618,raced,15409.0,15391.0,23309.0,23519.0,prime,prime,1.0011695146514197,1.009009395512463,1.5126873904860796,1.5281008381521668
1619,replayed,15529.0,16197.0,24075.0,24192.0,prime,prime,0.9587577946533309,1.0048598130841122,1.5503251980166142,1.4936099277644008
1620,replayed,3001.0,3373.0,3263.0,3276.0,chain3,chain3,0.8897124221761044,1.00398406374502,1.0873042319226924,0.9712422176104358
1621,replayed,15600.0,15441.0,18403.0,18436.0,prime,prime,1.0102972605401204,1.0017931858936042,1.1796794871794871,1.1939641214947219
1622,raced,15355.0,16156.0,19572.0,19737.0,prime,prime,0.9504208962614509,1.0084304107909259,1.2746336698143927,1.2216513988611042
1623,replayed,15632.0,15840.0,19295.0,18670.0,prime,prime,0.9868686868686869,0.9676081886499093,1.2343270214943705,1.1786616161616161
1624,replayed,5084.0,4515.0,19964.0,16580.0,flat,chain3,1.1260243632336655,0.8304948908034462,3.926829268292683,3.672203765227021
1625,replayed,4440.0,3509.0,7079.0,5954.0,flat,chain3,1.2653177543459675,0.8410792484814239,1.5943693693693695,1.6967797093188943
1626,raced,15042.0,15261.0,18665.0,18768.0,prime,prime,0.9856496953017495,1.0055183498526654,1.2408589283339981,1.2298014546884215
1627,replayed,15000.0,15889.0,31438.0,31843.0,prime,prime,0.9440493423122915,1.0128824988866976,2.0958666666666668,2.004090880483353
1628,replayed,6518.0,5575.0,22062.0,22208.0,chain3,chain3,1.1691479820627804,1.0066177137158916,3.3847806075483278,3.9834977578475335
1629,replayed,14959.0,24921.0,17602.0,26071.0,prime,prime,0.6002568115244171,1.4811385069878422,1.17668293335116,1.0461458207937082
1630,raced,15716.0,15250.0,19383.0,19949.0,prime,prime,1.0305573770491803,1.0292008461022546,1.2333290913718504,1.3081311475409836
1631,replayed,14873.0,15443.0,21028.0,20560.0,prime,prime,0.9630900731723111,0.9777439604337075,1.4138371545754052,1.3313475361004987
1632,replayed,3391.0,3537.0,12007.0,11940.0,chain3,chain3,0.9587220808594854,0.9944199217123345,3.540843409023887,3.3757421543681088
1633,replayed,15463.0,17997.0,33370.0,36182.0,prime,prime,0.8591987553481136,1.0842673059634402,2.1580547112462005,2.010446185475357
1634,replayed,7473.0,7297.0,35154.0,40015.0,flat,flat,1.0241195011648623,1.1382772941912727,4.704134885588117,5.483760449499794
1635,replayed,15395.0,17599.0,19252.0,18917.0,prime,prime,0.874765611682482,0.9825992104716393,1.250535888275414,1.0748906187851583
1636,raced,15437.0,16110.0,22232.0,22635.0,prime,prime,0.9582247051520795,1.0181270241093918,1.4401762000388676,1.405027932960894
1637,replayed,15073.0,15720.0,31508.0,32168.0,prime,prime,0.9588422391857506,1.020947061063857,2.090360246798912,2.0463104325699746
1638,replayed,4021.0,3595.0,4614.0,4554.0,chain3,chain3,1.1184979137691238,0.9869960988296489,1.1474757523004229,1.266759388038943
1639,replayed,15380.0,15945.0,24405.0,25938.0,prime,prime,0.9645656945751019,1.0628149969268592,1.5868010403120936,1.626716839134525
1640,replayed,5710.0,5233.0,26033.0,24742.0,flat,chain3,1.0911523026944392,0.9504090961471978,4.5591943957968475,4.7280718517103
1641,replayed,15353.0,16779.0,30581.0,31802.0,prime,prime,0.9150128136360928,1.0399267519047775,1.9918582687422655,1.8953453721914297
1642,raced,15384.0,18332.0,23141.0,23836.0,prime,prime,0.8391883046039712,1.0300332742750962,1.5042251690067603,1.300240017455815
1643,replayed,15709.0,15680.0,42016.0,45173.0,prime,prime,1.0018494897959183,1.075138042650419,2.67464510789993,2.8809311224489798
1644,raced,15487.0,15661.0,22249.0,22215.0,prime,prime,0.9888895983653662,0.9984718414310756,1.4366242655130108,1.41849179490454
1645,replayed,7469.0,6965.0,25396.0,25581.0,flat,flat,1.072361809045226,1.007284611749882,3.400187441424555,3.6727925340990666
1646,raced,15562.0,15611.0,22961.0,23843.0,prime,prime,0.9968611876241112,1.0384129611079658,1.4754530266032644,1.5273204791493178
1647,replayed,15362.0,16788.0,20145.0,18596.0,prime,prime,0.9150583750297832,0.9231074708364359,1.3113526884520246,1.1076959733142722
1648,raced,15509.0,15564.0,24216.0,25901.0,prime,prime,0.9964662040606528,1.0695820944829864,1.5614159520278548,1.6641608840914932
1649,replayed,15796.0,18017.0,27254.0,27490.0,prime,prime,0.8767275351057334,1.0086592793718354,1.7253735122815903,1.525781206638175
1650,replayed,3335.0,3373.0,3972.0,3986.0,chain3,chain3,0.9887340646308924,1.0035246727089628,1.1910044977511245,1.1817373258227097
1651,replayed,15443.0,17918.0,21196.0,21977.0,prime,prime,0.8618707445027347,1.0368465748254387,1.3725312439292883,1.2265319790155151
1652,raced,15361.0,17804.0,25082.0,22843.0,prime,prime,0.8627836441249157,0.9107327964277171,1.6328364038799557,1.283026286227814
1653,replayed,5735.0,6295.0,30391.0,29317.0,chain3,flat,0.9110405083399523,0.9646605903063407,5.299215344376635,4.657188244638602
1654,raced,15662.0,15477.0,23232.0,23365.0,prime,prime,1.0119532209084448,1.0057248622589532,1.4833354616268675,1.5096594947341215
1655,replayed,15534.0,17527.0,28831.0,28531.0,prime,prime,0.8862897244251726,0.9895945336616836,1.8559933050083688,1.6278313459234324
1656,replayed,4159.0,4163.0,14694.0,16900.0,chain3,chain3,0.9990391544559212,1.1501293044780183,3.5330608319307526,4.0595724237328845
1657,replayed,15646.0,14176.0,31722.0,32318.0,prime,prime,1.1036963882618511,1.0187882226845721,2.0274830627636455,2.2797686230248306
1658,raced,15526.0,18285.0,23511.0,27145.0,prime,prime,0.8491112934098988,1.1545659478541959,1.5142985959036455,1.484550177741318
1659,replayed,15458.0,15503.0,23976.0,23573.0,prime,prime,0.997097335999484,0.9831915248581915,1.551041531892871,1.5205444107592079
1660,raced,15525.0,16065.0,25249.0,24277.0,prime,prime,0.9663865546218487,0.9615034258782525,1.6263446054750403,1.5111733582321818
1661,replayed,15832.0,17926.0,19899.0,20092.0,prime,prime,0.8831864331139128,1.0096989798482336,1.2568847902981304,1.1208300792145487
1662,raced,15515.0,15584.0,23240.0,22708.0,prime,prime,0.9955723819301848,0.9771084337349397,1.4979052529809862,1.4571355236139631
1663,replayed,15476.0,18955.0,32018.0,33832.0,prime,prime,0.81646003692957,1.0566556312074458,2.06888084776428,1.7848588762859403
1664,replayed,2919.0,3107.0,3928.0,3948.0,chain3,chain3,0.939491470872224,1.005091649694501,1.3456663240835902,1.2706791116832958
1665,replayed,6701.0,5425.0,20781.0,21822.0,chain3,chain3,1.2352073732718893,1.050093835715317,3.1011789285181317,4.022488479262673
1666,replayed,4988.0,4868.0,13454.0,13999.0,flat,flat,1.0246507806080525,1.0405083989891482,2.6972734562951084,2.8757189811010684
1667,replayed,15316.0,16199.0,32255.0,33690.0,prime,prime,0.9454904623742206,1.0444892264765153,2.105967615565422,2.0797580097536885
1668,raced,15334.0,17685.0,22037.0,23129.0,prime,prime,0.8670624823296579,1.0495530244588647,1.437133168123125,1.3078314956177552
1669,replayed,16045.0,22002.0,31940.0,43457.0,prime,prime,0.7292518861921643,1.3605823418910457,1.9906512932377687,1.9751386237614763
1670,raced,15718.0,17623.0,23106.0,27493.0,prime,prime,0.8919026272484821,1.1898641045615856,1.470034355515969,1.560063553311014
1671,replayed,15097.0,16161.0,30670.0,30536.0,prime,prime,0.9341624899449291,0.99563090968373,2.0315294429356827,1.889487036693274
1672,replayed,4229.0,4344.0,15147.0,15338.0,chain3,chain3,0.9735267034990792,1.0126097577077968,3.5816978008985574,3.5308471454880292
1673,replayed,15878.0,15518.0,20180.0,21538.0,prime,prime,1.0231988658332258,1.0672943508424182,1.2709409245496914,1.3879365897667224
1674,replayed,6095.0,5076.0,18152.0,18588.0,flat,chain3,1.200748620961387,1.0240193918025562,2.9781788351107465,3.66193853427896
1675,replayed,15361.0,18030.0,29339.0,30563.0,prime,prime,0.8519689406544648,1.0417192133337878,1.909966799036521,1.6951192457016084
1676,raced,15364.0,15371.0,22089.0,22482.0,prime,prime,0.999544596968317,1.0177916610077413,1.4377115334548294,1.4626244226140135
1677,replayed,6424.0,6418.0,26994.0,25305.0,chain3,chain3,1.000934870676223,0.9374305401200267,4.2020547945205475,3.942817076971019
1678,raced,15348.0,18086.0,23240.0,23578.0,prime,prime,0.8486121862213867,1.0145438898450947,1.5142038050560334,1.3036602897268605
1679,replayed,15063.0,15554.0,31468.0,32649.0,prime,prime,0.9684325575414684,1.0375301893987543,2.089092478257983,2.099074193133599
1680,replayed,2845.0,3441.0,3037.0,3023.0,chain3,chain3,0.8267945364719558,0.9953901876852157,1.0674868189806679,0.8785236849752979
1681,replayed,9409.0,8676.0,42384.0,41667.0,2p,flat,1.084485938220378,0.9830832389580973,4.504623233074716,4.802558782849239
1682,replayed,7385.0,7458.0,32740.0,33482.0,flat,flat,0.9902118530437114,1.0226634086744044,4.43331076506432,4.489407347814428
1683,replayed,4358.0,4390.0,18209.0,15645.0,chain3,chain3,0.9927107061503417,0.85919051018727,4.1782927948600275,3.56378132118451
1684,raced,21422.0,15288.0,32009.0,22442.0,prime,prime,1.4012297226582942,0.7011153113186916,1.4942115582111848,1.4679487179487178
1685,replayed,15505.0,15276.0,29684.0,28084.0,prime,prime,1.0149908352971981,0.9460989085028971,1.9144792002579814,1.8384393820371825
1686,raced,15722.0,15452.0,22288.0,22261.0,prime,prime,1.0174734662179654,0.9987885857860732,1.4176313446126447,1.440654931400466
1687,replayed,15460.0,15421.0,17745.0,17122.0,prime,prime,1.0025290188703715,0.9648915187376725,1.1478007761966365,1.1103041307308217
1688,raced,15960.0,15237.0,23553.0,22508.0,prime,prime,1.0474502854892696,0.9556319789411115,1.4757518796992481,1.4771936732952682
1689,replayed,15394.0,15288.0,30818.0,30359.0,prime,prime,1.0069335426478283,0.9851061068206892,2.0019488112251524,1.9858058608058609
1690,replayed,3855.0,3874.0,6061.0,6493.0,chain3,chain3,0.9950955085183273,1.0712753671011384,1.5722438391699092,1.676045431078988
1691,replayed,15727.0,15590.0,34003.0,33539.0,prime,prime,1.0087876844130854,0.9863541452224803,2.1620779551090483,2.1513149454778704
1692,replayed,5750.0,5842.0,24917.0,24825.0,chain3,chain3,0.984251968503937,0.9963077417024522,4.333391304347826,4.249400890106128
1693,replayed,15387.0,15293.0,23354.0,23206.0,prime,prime,1.00614660302099,0.9936627558448231,1.5177747449145382,1.517426273458445
1694,replayed,4853.0,4834.0,6949.0,6889.0,flat,flat,1.0039304923458834,0.9913656641243345,1.4318977951782403,1.4251137774100124
1695,replayed,15723.0,15755.0,27044.0,27019.0,prime,prime,0.9979688987622977,0.9990755805354238,1.720027984481333,1.7149476356712154
1696,raced,15708.0,16630.0,33522.0,28316.0,prime,prime,0.9445580276608538,0.844699003639401,2.1340718105423986,1.702705953096813
1697,replayed,15337.0,15337.0,23141.0,23405.0,prime,prime,1.0,1.0114083228901085,1.50883484384169,1.5260481189280823
1698,raced,15372.0,15370.0,22055.0,22146.0,prime,prime,1.0001301236174365,1.004126048515076,1.4347514962269061,1.4408588158750812
1699,replayed,14951.0,15210.0,23274.0,23509.0,prime,prime,0.9829717291255753,1.0100971040646214,1.5566851715604308,1.5456278763971072
1700,replayed,3811.0,3902.0,13396.0,13498.0,chain3,chain3,0.9766786263454639,1.0076142131979695,3.515087903437418,3.459251665812404
1701,replayed,3473.0,4106.0,5795.0,5832.0,chain3,chain3,0.845835362883585,1.0063848144952545,1.6685862366829831,1.4203604481246956
1702,replayed,7329.0,7284.0,34083.0,34049.0,flat,flat,1.0061779242174629,0.9990024352316405,4.650429799426934,4.6744920373421195
1703,replayed,14956.0,15334.0,26653.0,26587.0,prime,prime,0.9753488978740055,0.9975237309120925,1.7820941428189356,1.7338593974175036
1704,raced,15056.0,15342.0,21362.0,22670.0,prime,prime,0.9813583626645809,1.0612302218893361,1.418836344314559,1.477643071307522
1705,replayed,7116.0,5659.0,20526.0,20778.0,chain3,chain3,1.2574659833892914,1.0122771119555685,2.884485666104553,3.6716734405371976
1706,raced,15138.0,15324.0,23104.0,23381.0,prime,prime,0.9878621769772905,1.0119892659279779,1.5262253930506011,1.5257765596450013
1707,replayed,15062.0,17557.0,22646.0,22814.0,prime,prime,0.8578914393119553,1.0074185286584827,1.5035187890054442,1.2994247308765734
1708,raced,15162.0,17566.0,18736.0,18714.0,prime,prime,0.8631447113742458,0.9988257899231426,1.235720881150244,1.0653535238528977
1709,replayed,15736.0,15367.0,23687.0,23201.0,prime,prime,1.0240124943059803,0.9794824165153881,1.505274529740722,1.5097937138023036
1710,replayed,4232.0,4115.0,13848.0,13606.0,chain3,chain3,1.0284325637910086,0.9825245522819179,3.272211720226843,3.3064398541919804
1711,replayed,18230.0,15551.0,37938.0,37917.0,prime,prime,1.1722718796218892,0.9994464652854658,2.0810751508502467,2.4382354832486657
1712,raced,14880.0,15401.0,24181.0,24638.0,prime,prime,0.966171027855334,1.0188991356850419,1.6250672043010752,1.5997662489448736
1713,replayed,15070.0,17867.0,22553.0,23148.0,prime,prime,0.8434544131639335,1.026382299472354,1.4965494359654943,1.2955728437902279
1714,raced,14982.0,17724.0,23282.0,23634.0,prime,prime,0.8452945159106297,1.0151189760329868,1.553998131090642,1.333446174678402
1715,replayed,4427.0,4347.0,6344.0,6440.0,flat,flat,1.0184034966643662,1.0151324085750315,1.4330246216399367,1.4814814814814814
1716,replayed,3672.0,3700.0,6507.0,6513.0,chain3,chain3,0.9924324324324324,1.0009220839096358,1.7720588235294117,1.7602702702702702
1717,replayed,15709.0,15374.0,28682.0,28677.0,prime,prime,1.0217900351242357,0.9998256746391465,1.8258323254185498,1.8652920515155458
1718,raced,15647.0,15454.0,23399.0,23422.0,prime,prime,1.0124886760709202,1.0009829479892303,1.4954304339489999,1.5155946680471075
1719,replayed,15424.0,17726.0,19106.0,19141.0,prime,prime,0.8701342660498702,1.0018318852716424,1.2387188796680497,1.079826243935462
1720,replayed,5757.0,5517.0,24835.0,23301.0,chain3,chain3,1.0435019032082653,0.9382323334004429,4.313878756296682,4.2234910277324635
1721,replayed,15106.0,15365.0,23238.0,23280.0,prime,prime,0.9831435079726651,1.0018073844564936,1.5383291407387794,1.515131793036121
1722,replayed,5984.0,6049.0,24240.0,19628.0,chain3,chain3,0.9892544222185485,0.8097359735973597,4.050802139037433,3.244833856835841
1723,replayed,15545.0,15408.0,23958.0,24069.0,prime,prime,1.0088914849428867,1.004633107938893,1.5412029591508523,1.5621105919003115
1724,raced,21881.0,15621.0,31482.0,22414.0,prime,prime,1.4007425901030663,0.7119623912076742,1.4387825053699557,1.4348633250112028
1725,replayed,6654.0,4684.0,23422.0,16532.0,chain3,chain3,1.4205807002561912,0.7058321236444368,3.5199879771565974,3.529461998292058
1726,raced,15722.0,15325.0,23181.0,23225.0,prime,prime,1.025905383360522,1.0018981062076702,1.4744307340033074,1.5154975530179446
1727,replayed,15426.0,15345.0,27009.0,21606.0,prime,prime,1.0052785923753667,0.7999555703654337,1.750875145857643,1.4080156402737047
1728,replayed,2897.0,2945.0,3115.0,3064.0,chain3,2p,0.9837011884550085,0.9836276083467095,1.0752502588885053,1.0404074702886248
1729,replayed,4665.0,4676.0,16222.0,16001.0,chain3,chain3,0.9976475620188195,0.9863765257058316,3.477384780278671,3.4219418306244656
1730,raced,15069.0,15360.0,23359.0,23729.0,prime,prime,0.9810546875,1.0158397191660602,1.5501360408786249,1.5448567708333334
1731,replayed,15421.0,15366.0,19675.0,19679.0,prime,prime,1.0035793309904986,1.0002033036848792,1.2758575967836068,1.2806846284003643
1732,raced,15731.0,15701.0,19515.0,19432.0,prime,prime,1.001910706324438,0.9957468613886754,1.240544148496599,1.2376281765492643
1733,replayed,15459.0,17632.0,23500.0,23938.0,prime,prime,0.876758166969147,1.0186382978723405,1.5201500743903227,1.3576451905626135
1734,replayed,4774.0,4765.0,24018.0,25425.0,chain3,chain3,1.0018887722980063,1.0585810642018487,5.031001256807708,5.335781741867786
1735,replayed,22266.0,15433.0,32478.0,23218.0,prime,prime,1.442752543251474,0.714883921423733,1.458636486122339,1.504438540789218
1736,replayed,8641.0,4945.0,26423.0,18927.0,flat,chain3,1.7474216380182002,0.7163077621768913,3.057863673185974,3.8275025278058643
1737,replayed,15004.0,17611.0,18283.0,20144.0,prime,prime,0.8519675202998126,1.1017885467374062,1.2185417222074113,1.1438305604451764
1738,raced,15455.0,15472.0,26185.0,25232.0,prime,prime,0.9989012409513961,0.9636051174336452,1.6942736978324167,1.6308169596690796
1739,replayed,8947.0,9008.0,43853.0,44115.0,flat,flat,0.9932282415630551,1.0059745057350695,4.9014194702134795,4.897313499111901
1740,replayed,6292.0,4826.0,18336.0,17769.0,flat,chain3,1.3037712391214256,0.96907722513089,2.9141767323585506,3.681931205967675
1741,replayed,16512.0,15227.0,23552.0,25279.0,prime,prime,1.0843895711564984,1.073327105978261,1.426356589147287,1.6601431667432849
1742,raced,16311.0,15405.0,32333.0,32777.0,prime,prime,1.0588120740019473,1.0137321003309312,1.9822818956532402,2.127685816293411
1743,replayed,18494.0,15405.0,25524.0,25713.0,prime,prime,1.200519311911717,1.0074047954866008,1.3801232832269925,1.6691333982473222
1744,raced,18563.0,15517.0,21032.0,19544.0,prime,prime,1.1963008313462653,0.9292506656523393,1.1330065183429403,1.2595218147837854
1745,replayed,15941.0,17565.0,23892.0,23390.0,prime,prime,0.9075434101907202,0.9789887828561862,1.4987767392258955,1.331625391403359
1746,raced,17065.0,15415.0,19639.0,18309.0,prime,prime,1.1070385987674343,0.9322776108763176,1.1508350424846177,1.1877392150502757
1747,replayed,16061.0,15777.0,24786.0,24662.0,prime,prime,1.0180008873676871,0.9949971758250625,1.543241392192267,1.5631615643024657
1748,replayed,6933.0,5865.0,31929.0,33308.0,chain3,chain3,1.1820971867007672,1.0431895768736885,4.60536564257897,5.6791133844842285
1749,replayed,17446.0,17602.0,32191.0,30439.0,prime,prime,0.9911373707533235,0.9455748501133857,1.8451794107531811,1.7292921258947846
1750,replayed,3422.0,3356.0,4334.0,4127.0,chain3,chain3,1.0196662693682956,0.9522381172127365,1.266510812390415,1.2297377830750893
1751,replayed,17720.0,15372.0,37867.0,36787.0,prime,prime,1.1527452511059069,0.9714791243034833,2.13696388261851,2.39311735623211
1752,raced,15918.0,15968.0,20241.0,18705.0,prime,prime,0.9968687374749499,0.9241144212242478,1.2715793441387109,1.1714053106212425
1753,replayed,15682.0,15342.0,23601.0,23502.0,prime,prime,1.0221613870421067,0.9958052624888776,1.5049738553755898,1.5318732890105593
1754,raced,18551.0,15373.0,24468.0,25372.0,prime,prime,1.2067260781890328,1.0369462154650972,1.3189585467090723,1.6504260716841215
1755,replayed,4380.0,3807.0,5901.0,5480.0,chain3,chain3,1.1505122143420017,0.928656159972886,1.3472602739726027,1.4394536380351983
1756,raced,15800.0,15272.0,24289.0,24534.0,prime,prime,1.034573074908329,1.01008687059986,1.5372784810126583,1.606469355683604
1757,replayed,15432.0,15394.0,20809.0,20407.0,prime,prime,1.0024684942185267,0.9806814359171512,1.3484318299637117,1.325646355723009
1758,raced,15431.0,15383.0,23428.0,23273.0,prime,prime,1.0031203276344016,0.9933839849752433,1.5182424988659193,1.512903854904765
1759,replayed,15404.0,15359.0,23693.0,23543.0,prime,prime,1.0029298782472817,0.993669016165112,1.5381069851986497,1.532847190572303
1760,replayed,3099.0,3173.0,4050.0,4080.0,chain3,chain3,0.9766782225023637,1.0074074074074073,1.3068731848983544,1.2858493539237315
1761,replayed,15326.0,15432.0,24045.0,24518.0,prime,prime,0.9931311560393986,1.0196714493657726,1.5689025185958503,1.5887765681700363
1762,raced,15870.0,15419.0,24546.0,24722.0,prime,prime,1.0292496270834683,1.0071702110323475,1.5466918714555766,1.603346520526623
1763,replayed,10080.0,9186.0,44977.0,42310.0,2p,flat,1.0973220117570215,0.9407030259910621,4.462003968253968,4.605922055301546
1764,replayed,3555.0,3397.0,4337.0,4201.0,chain3,chain3,1.0465116279069768,0.9686419183767582,1.219971870604782,1.236679423020312
1765,replayed,15558.0,15391.0,23076.0,23223.0,prime,prime,1.0108504970437269,1.0063702548101925,1.4832240647898187,1.5088688194399325
1766,raced,15968.0,15348.0,24532.0,24752.0,prime,prime,1.0403961428199113,1.0089678786890592,1.5363226452905812,1.6127182694813655
1767,replayed,6234.0,6246.0,33175.0,31257.0,chain3,chain3,0.9980787704130644,0.9421853805576488,5.321623355790824,5.004322766570605
1768,replayed,4483.0,4359.0,15236.0,16133.0,chain3,chain3,1.0284468914888736,1.0588737201365188,3.398616997546286,3.7010782289515944
1769,replayed,16585.0,15511.0,35033.0,36096.0,prime,prime,1.0692411836761009,1.0303428196272086,2.1123304190533614,2.327122687125266
1770,raced,16627.0,15409.0,22989.0,22993.0,prime,prime,1.079044714128107,1.0001739962590803,1.382630660973116,1.4921798948666365
1771,replayed,5836.0,5739.0,20416.0,20553.0,flat,chain3,1.0169018992855898,1.0067104231974922,3.4982864976010966,3.58128593831678
1772,raced,16656.0,15345.0,24276.0,24274.0,prime,prime,1.0854349951124145,0.9999176141044653,1.457492795389049,1.581883349625285
1773,replayed,18442.0,15409.0,21414.0,20196.0,prime,prime,1.1968330196638328,0.9431213224992995,1.1611538878646568,1.3106625997793497
1774,raced,15917.0,15423.0,24654.0,24665.0,prime,prime,1.0320300849380795,1.0004461750628701,1.5489099704718226,1.5992349089022888
1775,replayed,18220.0,15512.0,23454.0,23887.0,prime,prime,1.1745745229499742,1.0184616696512323,1.2872667398463227,1.5399045899948427
1776,replayed,5090.0,6370.0,22376.0,25491.0,chain3,chain3,0.7990580847723705,1.1392116553450125,4.396070726915521,4.001726844583987
1777,replayed,15885.0,17111.0,23706.0,30176.0,prime,prime,0.9283501840921045,1.2729266852273686,1.4923512747875354,1.763543919116358
1778,raced,16542.0,15471.0,21457.0,22083.0,prime,prime,1.0692262943571844,1.0291746283264203,1.297122476121388,1.4273802598409928
1779,replayed,18056.0,15398.0,24071.0,24229.0,prime,prime,1.1726198207559424,1.0065639150845416,1.33313026140895,1.5735160410442914
1780,raced,16104.0,15420.0,23447.0,23494.0,prime,prime,1.0443579766536966,1.0020045208342219,1.4559736711376057,1.5236057068741893
1781,replayed,18117.0,15339.0,25268.0,27475.0,prime,prime,1.1811069822022295,1.0873436757954726,1.3947121488105094,1.7911858660929656
1782,replayed,4368.0,3743.0,5141.0,5638.0,chain3,chain3,1.1669783596045953,1.096673798871815,1.1769688644688645,1.5062783863211329
1783,replayed,18653.0,15627.0,23453.0,23652.0,prime,prime,1.193639214180585,1.0084850552168165,1.257331260387069,1.5135342676137455
1784,raced,18451.0,15416.0,24745.0,24919.0,prime,prime,1.1968733783082512,1.0070317235805213,1.3411197225082652,1.616437467566165
1785,replayed,4594.0,4326.0,14772.0,14437.0,chain3,chain3,1.0619509939898288,0.977321960465746,3.2154984762734,3.3372630605640317
1786,replayed,8146.0,8080.0,38800.0,40359.0,flat,flat,1.008168316831683,1.040180412371134,4.763073901301252,4.9949257425742575
1787,replayed,15170.0,15575.0,23669.0,23792.0,prime,prime,0.9739967897271268,1.0051966707507711,1.5602504943968358,1.5275762439807383
1788,raced,15243.0,16965.0,22542.0,23969.0,prime,prime,0.8984969053934572,1.0633040546535357,1.4788427474906514,1.4128499852637784
1789,replayed,18218.0,15415.0,23458.0,23518.0,prime,prime,1.1818358741485566,1.0025577628101288,1.287627621034142,1.5256568277651639
1790,raced,15634.0,15467.0,23448.0,23730.0,prime,prime,1.010797181095235,1.0120266120777892,1.4998081105283356,1.5342341759875864
1791,replayed,15229.0,15642.0,23607.0,20247.0,prime,prime,0.9735967267612837,0.8576693353666286,1.5501346115962966,1.2943996931338704
1792,replayed,2858.0,3024.0,3160.0,3213.0,chain3,chain3,0.9451058201058201,1.0167721518987343,1.105668299510147,1.0625
1793,replayed,16017.0,16206.0,23567.0,23595.0,prime,prime,0.9883376527212143,1.0011881020070437,1.471374164949741,1.4559422436134766
1794,replayed,5255.0,5169.0,18782.0,18360.0,chain3,chain3,1.016637647514026,0.9775316792673837,3.5741198858230256,3.5519442832269297
1795,replayed,18463.0,16046.0,23301.0,23249.0,prime,prime,1.1506294403589679,0.9977683361229132,1.2620375886908952,1.4488969213511156
1796,raced,17662.0,15394.0,24179.0,24263.0,prime,prime,1.147330128621541,1.0034740890855702,1.3689842599932058,1.576133558529297
1797,replayed,18018.0,15460.0,26313.0,24168.0,prime,prime,1.1654592496765848,0.9184813590240566,1.4603729603729603,1.5632600258732212
1798,replayed,9374.0,8059.0,42837.0,36115.0,flat,flat,1.1631716093808164,0.8430795807362794,4.569767441860465,4.481325226454895
1799,replayed,19642.0,16368.0,18291.0,19095.0,prime,prime,1.2000244379276637,1.043956043956044,0.9312188168210976,1.1666055718475072
1800,replayed,3177.0,3385.0,3348.0,3298.0,chain3,chain3,0.9385524372230428,0.9850657108721624,1.0538243626062322,0.9742983751846381
1801,replayed,18206.0,15398.0,19713.0,19630.0,prime,prime,1.1823613456293025,0.9957895804798864,1.0827749093705372,1.2748408884270686
1802,raced,18292.0,15424.0,42722.0,42551.0,prime,prime,1.1859439834024896,0.9959973783998877,2.3355565274436914,2.7587525933609958
1803,replayed,15982.0,15547.0,20038.0,20009.0,prime,prime,1.02797967453528,0.9985527497754267,1.2537855086972844,1.2870007075319998
1804,replayed,6729.0,6785.0,25751.0,31413.0,chain3,chain3,0.9917464996315402,1.2198749563123763,3.8268687769356515,4.629771554900516
1805,replayed,5967.0,5416.0,26555.0,27380.0,flat,chain3,1.1017355982274741,1.0310675955563924,4.450310038545332,5.055391432791728
1806,replayed,7778.0,6439.0,25087.0,24981.0,chain3,chain3,1.2079515452710048,0.9957747040299757,3.2253792748778607,3.8796396956049075
1807,replayed,15583.0,15544.0,26028.0,25296.0,prime,prime,1.0025090066906845,0.9718764407561088,1.670281717255984,1.627380339680906
1808,raced,15440.0,16219.0,28073.0,28097.0,prime,prime,0.9519699118318022,1.0008549139742813,1.818199481865285,1.7323509464208644
1809,replayed,18160.0,17331.0,31997.0,32093.0,prime,prime,1.0478333621833709,1.0030002812763696,1.7619493392070484,1.8517685072990595
1810,raced,18026.0,15622.0,19349.0,19793.0,prime,prime,1.1538855460248367,1.022946922321567,1.0733939864639965,1.2669952630905135
1811,replayed,18120.0,15527.0,34455.0,34946.0,prime,prime,1.1669994203645264,1.0142504716296619,1.9014900662251655,2.2506601404005924
1812,raced,15498.0,15466.0,20122.0,20169.0,prime,prime,1.0020690547006337,1.0023357519133287,1.2983610788488837,1.3040863830337515
1813,replayed,6814.0,6912.0,22325.0,24229.0,chain3,flat,0.9858217592592593,1.0852855543113102,3.276342823598474,3.505353009259259
1814,raced,18039.0,15378.0,35830.0,35734.0,prime,prime,1.1730394069449863,0.9973206809935808,1.9862520095348966,2.32370919495383
1815,replayed,4327.0,4231.0,7715.0,7641.0,chain3,chain3,1.0226896714724651,0.9904082955281919,1.7829905246128959,1.805956038761522
1816,raced,18287.0,15504.0,22873.0,22499.0,prime,prime,1.1795020639834881,0.9836488436147423,1.250779242084541,1.4511738906088751
1817,replayed,19598.0,15411.0,38452.0,37834.0,prime,prime,1.2716890532736358,0.9839280141475086,1.9620369425451576,2.454999675556421
1818,raced,18037.0,15341.0,19331.0,19653.0,prime,prime,1.175738217847598,1.016657182763437,1.0717414204135942,1.2810768528779088
1819,replayed,18196.0,15670.0,37128.0,37532.0,prime,prime,1.1611997447351627,1.010881275587158,2.040448450208837,2.3951499680918955
1820,replayed,4680.0,4557.0,4663.0,5131.0,flat,flat,1.0269914417379855,1.100364572163843,0.9963675213675214,1.1259600614439325
1821,replayed,18155.0,15392.0,33360.0,33513.0,prime,prime,1.1795088357588357,1.0045863309352518,1.8375103277334068,2.177299896049896
1822,raced,18039.0,15351.0,35813.0,35664.0,prime,prime,1.1751025991792066,0.9958394996230419,1.9853096069626919,2.323236271252687
1823,replayed,18188.0,17699.0,34396.0,34840.0,prime,prime,1.0276286795864173,1.0129084777299686,1.8911370134154388,1.968472795073168
1824,replayed,3870.0,3984.0,14202.0,17321.0,chain3,chain3,0.9713855421686747,1.2196169553584002,3.6697674418604653,4.347640562248996
1825,replayed,18179.0,16182.0,21325.0,21268.0,prime,prime,1.1234087257446546,0.997327080890973,1.1730568238076902,1.314299839327648
1826,raced,18218.0,16648.0,27672.0,27631.0,prime,prime,1.0943056222969727,0.9985183579069095,1.5189373147436602,1.6597188851513696
1827,replayed,6423.0,5458.0,19307.0,19409.0,flat,chain3,1.1768046903627702,1.0052830579582535,3.0059162385178264,3.556064492488091
1828,raced,18159.0,15329.0,23635.0,24359.0,prime,prime,1.1846173918716159,1.03063253649249,1.301558455862107,1.5890795224737426
1829,replayed,18148.0,17667.0,43048.0,43328.0,prime,prime,1.027225901398087,1.0065043672179892,2.372052016751157,2.452482028640969
1830,raced,16039.0,16234.0,19955.0,19954.0,prime,prime,0.9879881729703093,0.9999498872463042,1.2441548724982854,1.2291487002587163
1831,replayed,18608.0,16163.0,28469.0,28591.0,prime,prime,1.1512714223844582,1.0042853630264499,1.529933361994841,1.768916661510858
1832,raced,15644.0,16463.0,22363.0,22526.0,prime,prime,0.9502520804227662,1.0072888252917767,1.429493735617489,1.3682803863208406
1833,replayed,8031.0,7335.0,29091.0,29483.0,flat,chain3,1.0948875255623722,1.0134749578907567,3.6223384385506163,4.019495569188821
1834,raced,18115.0,16200.0,26896.0,27079.0,prime,prime,1.1182098765432098,1.006803985722784,1.4847364062931272,1.6715432098765433
1835,replayed,16132.0,16541.0,26969.0,26155.0,prime,prime,0.9752735626624751,0.969817197523082,1.6717703942474584,1.5812224170243636
1836,replayed,4017.0,4129.0,14290.0,14491.0,chain3,chain3,0.972874788084282,1.0140657802659203,3.557381130196664,3.509566480988133
1837,replayed,15104.0,17622.0,27653.0,28297.0,prime,prime,0.857110430144138,1.0232886124471123,1.8308395127118644,1.6057768698218136
1838,raced,17951.0,16116.0,35897.0,35853.0,prime,prime,1.113862000496401,0.9987742708304315,1.9997214639852934,2.2246835443037973
1839,replayed,15577.0,16154.0,29115.0,29386.0,prime,prime,0.9642812925591184,1.0093079168813326,1.8691018809783655,1.8191160084189675
1840,replayed,4324.0,4420.0,16175.0,16489.0,chain3,chain3,0.9782805429864253,1.0194126738794436,3.740749306197965,3.7305429864253394
1841,replayed,15089.0,15460.0,26094.0,25847.0,prime,prime,0.9760025873221216,0.9905342224266115,1.729339253761018,1.671862871927555
1842,raced,16038.0,15847.0,34058.0,34285.0,prime,prime,1.0120527544645674,1.0066651007105525,2.1235814939518645,2.163500978103111
1843,replayed,18112.0,15640.0,31267.0,31326.0,prime,prime,1.1580562659846547,1.0018869734864233,1.7263140459363957,2.0029411764705882
1844,raced,15700.0,16436.0,24037.0,24658.0,prime,prime,0.9552202482355804,1.0258351707783833,1.5310191082802547,1.500243368216111
1845,replayed,6548.0,7042.0,25529.0,24669.0,chain3,chain3,0.9298494745810849,0.9663128207136982,3.8987477092241907,3.503124112468049
1846,raced,15187.0,15351.0,25437.0,27583.0,prime,prime,0.9893166568953162,1.0843652946495264,1.6749193389082768,1.7968210540029965
1847,replayed,18457.0,15470.0,28558.0,28891.0,prime,prime,1.1930833872010342,1.0116604804258,1.5472720377092701,1.8675500969618617
1848,replayed,5252.0,3963.0,5076.0,5035.0,flat,chain3,1.325258642442594,0.9919227738376675,0.9664889565879665,1.2705021448397678
1849,replayed,9695.0,9858.0,47789.0,48141.0,flat,flat,0.9834652059241226,1.0073657117746762,4.929241877256318,4.8834449178332315
1850,replayed,5674.0,5663.0,22402.0,23947.0,chain3,chain3,1.0019424333392195,1.0689670565128113,3.948184702150159,4.228677379480841
1851,replayed,18094.0,15343.0,29472.0,29502.0,prime,prime,1.1793000065176302,1.0010179153094463,1.6288272355476954,1.9228312585543896
1852,raced,18048.0,15712.0,23293.0,24547.0,prime,prime,1.1486761710794298,1.0538359163697248,1.2906139184397163,1.5623090631364562
1853,replayed,15612.0,15697.0,32186.0,32236.0,prime,prime,0.9945849525387017,1.001553470452992,2.0616192672303355,2.053640823087214
1854,raced,16597.0,15585.0,27158.0,28468.0,prime,prime,1.0649342316329804,1.048236247146329,1.6363198168343676,1.8266281681103624
1855,replayed,15663.0,15561.0,31265.0,31694.0,prime,prime,1.006554848660112,1.0137214137214137,1.9961054714933282,2.0367585630743528
1856,replayed,4653.0,4649.0,18911.0,19215.0,2p,2p,1.00086040008604,1.0160753000898948,4.064259617451107,4.133146913314691
1857,replayed,18075.0,15687.0,30416.0,29931.0,prime,prime,1.1522279594568752,0.9840544450289321,1.6827662517289073,1.9080130043985466
1858,raced,15339.0,15632.0,35965.0,36128.0,prime,prime,0.981256397134084,1.0045321840678438,2.344676967207771,2.3111566018423746
1859,replayed,4962.0,4958.0,8994.0,9062.0,chain3,chain3,1.00080677692618,1.0075605959528575,1.8125755743651752,1.827753126260589
1860,replayed,5230.0,5300.0,19999.0,23389.0,chain3,chain3,0.9867924528301887,1.1695084754237712,3.823900573613767,4.413018867924528
1861,replayed,18048.0,15502.0,28691.0,28699.0,prime,prime,1.1642368726615921,1.0002788330835453,1.5897052304964538,1.8513095084505224
1862,replayed,5900.0,5802.0,17126.0,16246.0,flat,flat,1.0168907273354015,0.9486161392035501,2.9027118644067795,2.800068941744226
1863,replayed,5565.0,4985.0,18952.0,17326.0,chain3,chain3,1.1163490471414244,0.9142043056141832,3.405570530098832,3.4756268806419257
1864,raced,15617.0,15737.0,22737.0,23362.0,prime,prime,0.992374658448243,1.0274882350354049,1.4559134276749697,1.4845269111012265
1865,replayed,16024.0,18138.0,25999.0,26838.0,prime,prime,0.8834491123607895,1.0322704719412286,1.622503744383425,1.4796559708898445
1866,raced,18333.0,17113.0,35934.0,35515.0,prime,prime,1.071290831531584,0.9883397339566984,1.9600720013091146,2.0753228539706656
1867,replayed,18126.0,16454.0,29133.0,30114.0,prime,prime,1.1016166281755195,1.0336731541550819,1.6072492552135054,1.8301932660751186
1868,raced,18288.0,16898.0,23672.0,26693.0,prime,prime,1.0822582554148419,1.1276191280838122,1.2944006999125108,1.5796543969700556
1869,replayed,18230.0,18366.0,27119.0,27947.0,prime,prime,0.9925950125231406,1.030532099266197,1.4876028524410312,1.5216704780572798
1870,replayed,4522.0,4748.0,16376.0,17882.0,chain3,chain3,0.9524010109519798,1.0919638495359063,3.62140645731977,3.766217354675653
1871,replayed,20076.0,15340.0,29480.0,29896.0,prime,prime,1.308735332464146,1.014111261872456,1.4684200039848576,1.9488917861799218
1872,replayed,3686.0,3565.0,4810.0,4936.0,chain3,chain3,1.0339410939691445,1.0261954261954263,1.3049376017362995,1.3845722300140253
1873,replayed,12727.0,12724.0,29965.0,34938.0,prime,prime,1.000235774913549,1.1659602870015018,2.3544433094994894,2.745834643193964
1874,raced,17676.0,17107.0,37578.0,41627.0,prime,prime,1.0332612380896709,1.1077492149662036,2.1259334691106586,2.4333313848132345
1875,replayed,5182.0,4530.0,6124.0,6053.0,flat,chain3,1.1439293598233995,0.9884062704114958,1.1817830953299884,1.3362030905077262
1876,raced,19230.0,18788.0,32953.0,34448.0,prime,prime,1.0235256546731957,1.0453676448274816,1.7136245449817993,1.8335107515435385
1877,replayed,15932.0,16711.0,24766.0,32617.0,prime,prime,0.9533839985638203,1.3170071872728741,1.554481546572935,1.9518281371551673
1878,raced,16193.0,16173.0,34505.0,40455.0,prime,prime,1.0012366289494836,1.1724387769888422,2.130859013153832,2.5013912075681692
1879,replayed,15640.0,17038.0,24711.0,25863.0,prime,prime,0.9179481159760535,1.0466189146533933,1.5799872122762149,1.5179598544430097
1880,replayed,7762.0,6686.0,30340.0,33086.0,flat,chain3,1.160933293448998,1.0905075807514832,3.9087863952589537,4.948549207298833
1881,replayed,5022.0,5442.0,19158.0,21606.0,chain3,chain3,0.9228224917309813,1.1277795176949577,3.814814814814815,3.970231532524807
1882,raced,16032.0,16651.0,24988.0,26389.0,prime,prime,0.9628250555522191,1.0560669121178166,1.558632734530938,1.5848297399555582
1883,replayed,18831.0,16701.0,27064.0,27617.0,prime,prime,1.1275372732171727,1.0204330475908956,1.437204609420636,1.6536135560744865
1884,raced,18375.0,16196.0,22903.0,22505.0,prime,prime,1.1345393924425784,0.9826223638824608,1.246421768707483,1.3895406273153865
1885,replayed,7264.0,6374.0,24742.0,22587.0,chain3,chain3,1.139629745842485,0.9129011397623474,3.406112334801762,3.5436146846564167
1886,replayed,8790.0,8889.0,47733.0,43892.0,flat,flat,0.9888626392170098,0.9195315609745878,5.43037542662116,4.937788277646529
1887,replayed,7112.0,7290.0,36719.0,39422.0,chain3,chain3,0.9755829903978052,1.0736131158255944,5.162964004499438,5.407681755829904
1888,raced,18898.0,17545.0,24661.0,28304.0,prime,prime,1.077115987460815,1.1477231255829041,1.3049529050693196,1.6132231404958677
1889,replayed,18476.0,16475.0,24555.0,25982.0,prime,prime,1.1214567526555388,1.0581144369782123,1.3290214332106516,1.5770561456752656
1890,replayed,3942.0,4035.0,4095.0,4293.0,chain3,chain3,0.9769516728624535,1.0483516483516484,1.038812785388128,1.0639405204460965
1891,replayed,18603.0,16363.0,41001.0,41662.0,prime,prime,1.1368942125527104,1.0161215580107803,2.2039993549427512,2.5461101265049195
1892,replayed,7448.0,7278.0,29257.0,31512.0,chain3,chain3,1.0233580654025831,1.0770755716580647,3.928168635875403,4.329760923330586
1893,replayed,18612.0,16155.0,23653.0,24826.0,prime,prime,1.1520891364902508,1.0495920179258444,1.2708467655276166,1.5367378520581862
1894,raced,18795.0,16531.0,25911.0,26582.0,prime,prime,1.1369548121710726,1.0258963374628536,1.378611332801277,1.6080091948460469
1895,replayed,18415.0,17345.0,22535.0,22022.0,prime,prime,1.061689247621793,0.9772354115819836,1.2237306543578605,1.2696454309599308
1896,raced,19104.0,17062.0,27767.0,26055.0,prime,prime,1.119681162817958,0.9383440775020708,1.453465242881072,1.5270777165631226
1897,replayed,18637.0,17242.0,22019.0,23323.0,prime,prime,1.0809070873448556,1.0592215813615513,1.1814669742984385,1.3526853033290802
1898,raced,18904.0,16248.0,23321.0,25748.0,prime,prime,1.1634662727720335,1.104069293769564,1.2336542530681338,1.584687346134909
1899,replayed,15977.0,18267.0,26385.0,27367.0,prime,prime,0.8746373241364208,1.037218116353989,1.651436439882331,1.4981660918596376
1900,replayed,5727.0,4854.0,15468.0,17546.0,flat,chain3,1.1798516687268232,1.1343418670804242,2.7008905185961236,3.6147507210548
1901,replayed,16639.0,16311.0,25824.0,25996.0,prime,prime,1.0201091288087794,1.0066604708798017,1.5520163471362463,1.5937710747348415
1902,raced,16956.0,15792.0,22828.0,21360.0,prime,prime,1.0737082066869301,0.9356930085859471,1.3463080915310215,1.3525835866261398
1903,replayed,16795.0,16400.0,27982.0,40050.0,prime,prime,1.0240853658536586,1.431277249660496,1.6660910985412325,2.442073170731707
1904,replayed,3966.0,3866.0,16147.0,15735.0,chain3,chain3,1.025866528711847,0.9744844243512727,4.0713565305093296,4.070098292809105
1905,replayed,16629.0,16136.0,24123.0,23211.0,prime,prime,1.030552801189886,0.9621937569953986,1.4506584881832942,1.4384605850272683
1906,raced,19639.0,15501.0,26147.0,25367.0,prime,prime,1.2669505193213342,0.9701686617967644,1.331381434899944,1.6364750661247662
1907,replayed,20537.0,15960.0,25575.0,24848.0,prime,prime,1.2867794486215538,0.9715738025415445,1.2453133369041243,1.556892230576441
1908,raced,17700.0,15566.0,32899.0,36106.0,prime,prime,1.1370936656816137,1.0974801665704126,1.8587005649717514,2.319542592830528
1909,replayed,19236.0,19533.0,41924.0,47563.0,prime,prime,0.9847949623713715,1.1345052952962504,2.1794551881888125,2.435007423334869
1910,raced,15332.0,16920.0,21634.0,22828.0,prime,prime,0.9061465721040189,1.0551909032079134,1.4110357422384556,1.3491725768321512
1911,replayed,4254.0,4304.0,7544.0,6739.0,chain3,chain3,0.9883828996282528,0.8932926829268293,1.773389750822755,1.5657527881040891
1912,raced,18449.0,15819.0,23083.0,24438.0,prime,prime,1.1662557683797965,1.0587012086817138,1.2511789256870292,1.544851128389911
1913,replayed,18797.0,16484.0,24689.0,25613.0,prime,prime,1.1403178840087358,1.0374255741423306,1.3134542746182902,1.5538097549138559
1914,replayed,7601.0,5985.0,23961.0,22552.0,flat,chain3,1.2700083542188805,0.9411961103459788,3.1523483752137875,3.7680868838763577
1915,replayed,15682.0,16832.0,21577.0,22599.0,prime,prime,0.9316777566539924,1.0473652500347592,1.3759086851166944,1.342621197718631
1916,raced,18941.0,15933.0,25876.0,29486.0,prime,prime,1.1887905604719764,1.1395115164631318,1.3661369515865054,1.8506244900520932
1917,replayed,22357.0,15639.0,25298.0,28619.0,prime,prime,1.4295671078713472,1.1312751996205233,1.1315471664355683,1.8299763411982863
1918,raced,17237.0,16731.0,26938.0,25799.0,prime,prime,1.0302432610124919,0.9577177221768506,1.562800951441666,1.5419879266033112
1919,replayed,18668.0,16334.0,34771.0,34109.0,prime,prime,1.1428921268519652,0.9809611457824049,1.8625991000642812,2.0882208889433085
1920,replayed,3229.0,4154.0,3243.0,3267.0,chain3,chain3,0.7773230621088107,1.007400555041628,1.004335707649427,0.7864708714492056
1921,replayed,16078.0,19079.0,44301.0,43303.0,prime,prime,0.8427066408092667,0.977472291821855,2.7553800223908445,2.2696682216049058
1922,replayed,9009.0,8837.0,40281.0,40731.0,flat,flat,1.019463618875184,1.0111715200714977,4.471195471195471,4.609143374448342
1923,replayed,19095.0,16623.0,21404.0,22310.0,prime,prime,1.14870961920231,1.042328536722108,1.1209217072532076,1.3421163448234374
1924,replayed,6794.0,6639.0,26451.0,28476.0,chain3,chain3,1.023346889591806,1.0765566519224226,3.8932881954665883,4.289200180750113
1925,replayed,5435.0,4767.0,6841.0,6642.0,flat,chain3,1.1401300608349068,0.9709106855722848,1.2586936522539098,1.3933291378225299
1926,raced,18804.0,16206.0,28126.0,28370.0,prime,prime,1.1603109959274343,1.0086752471023253,1.4957455860455222,1.750586202640997
1927,replayed,15438.0,10130.0,53538.0,52019.0,prime,flat,1.5239881539980256,0.9716276289738129,3.467936261173727,5.135143139190523
1928,raced,26203.0,17193.0,23249.0,19730.0,prime,prime,1.5240504856627697,0.8486386511247795,0.8872648170056864,1.1475600535101496
1929,replayed,18656.0,15999.0,29102.0,27725.0,prime,prime,1.1660728795549722,0.9526836643529655,1.5599271012006861,1.7329208075504718
1930,raced,18494.0,17048.0,19800.0,19490.0,prime,prime,1.0848193336461756,0.9843434343434343,1.0706174975667784,1.1432426091037071
1931,replayed,20640.0,15757.0,29963.0,29987.0,prime,prime,1.3098940153582534,1.0008009878850583,1.4516957364341085,1.9030906898521291
1932,replayed,9694.0,4816.0,25898.0,18000.0,flat,chain3,2.012873754152824,0.6950343655880763,2.6715494120074275,3.737541528239203
1933,replayed,25988.0,16115.0,41339.0,28927.0,prime,prime,1.6126590133416072,0.6997508406105615,1.590695705710328,1.795035681042507
1934,raced,25812.0,18172.0,43253.0,36107.0,prime,prime,1.420427030596522,0.8347860264027929,1.675693475902681,1.9869579572969402
1935,replayed,10777.0,7282.0,38262.0,29332.0,flat,chain3,1.4799505630321341,0.7666091683654801,3.5503386842349447,4.028014281790717
1936,replayed,3857.0,4018.0,7410.0,7643.0,chain3,chain3,0.9599303135888502,1.0314439946018894,1.9211822660098523,1.902190144350423
1937,replayed,18948.0,16917.0,27275.0,27729.0,prime,prime,1.1200567476502925,1.0166452795600367,1.4394659066919993,1.6391204114204647
1938,replayed,5955.0,5969.0,33497.0,28582.0,chain3,chain3,0.9976545485005863,0.8532704421291459,5.625020990764064,4.788406768302898
1939,replayed,18555.0,16763.0,26625.0,26461.0,prime,prime,1.1069021058283124,0.9938403755868545,1.4349232012934519,1.5785360615641593
1940,raced,16223.0,16180.0,20184.0,20890.0,prime,prime,1.0026576019777502,1.0349782005548949,1.2441595265980399,1.2911001236093944
1941,replayed,18438.0,15867.0,28197.0,28469.0,prime,prime,1.1620344110417848,1.0096464162854204,1.5292873413602344,1.7942270120375623
1942,raced,18016.0,16509.0,31285.0,31756.0,prime,prime,1.091283542310255,1.0150551382451654,1.7365119893428065,1.9235568477799987
1943,replayed,16105.0,16046.0,52634.0,54640.0,prime,prime,1.0036769288296148,1.0381122468366455,3.2681775846010557,3.4052100211890814
1944,replayed,4090.0,4213.0,4614.0,4790.0,chain3,chain3,0.9708046522667932,1.0381447767663632,1.128117359413203,1.1369570377403275
1945,replayed,16062.0,16628.0,31018.0,26462.0,prime,prime,0.9659610295886456,0.8531175446514927,1.9311418254264725,1.591412076016358
1946,raced,18132.0,16184.0,25745.0,27293.0,prime,prime,1.120365793376174,1.0601281802291707,1.4198654312817118,1.6864186851211074
1947,replayed,18389.0,17693.0,31309.0,29368.0,prime,prime,1.039337591137738,0.9380050464722604,1.7025939420305618,1.6598654835245576
1948,raced,15875.0,16696.0,23578.0,24280.0,prime,prime,0.9508265452803066,1.0297735176859784,1.4852283464566929,1.4542405366554862
1949,replayed,18304.0,15705.0,26003.0,28423.0,prime,prime,1.1654886978669214,1.0930661846709995,1.420618444055944,1.809805794333015
1950,replayed,4392.0,4250.0,4668.0,4759.0,chain3,chain3,1.0334117647058823,1.0194944301628106,1.0628415300546448,1.119764705882353
1951,replayed,15886.0,16777.0,26060.0,27592.0,prime,prime,0.9468915777552602,1.0587874136607829,1.6404381216165176,1.6446325326339633
1952,raced,15249.0,17645.0,21810.0,23401.0,prime,prime,0.8642108245962029,1.0729481889041723,1.430257721817824,1.3262113913289884
1953,replayed,7022.0,6999.0,21579.0,25227.0,flat,chain3,1.0032861837405345,1.1690532462115946,3.0730561093705497,3.60437205315045
1954,raced,15725.0,16224.0,26509.0,28630.0,prime,prime,0.9692430966469427,1.0800105624504885,1.6857869634340223,1.7646696252465484
1955,replayed,6370.0,6428.0,32386.0,31143.0,chain3,chain3,0.9909769757311762,0.9616192181806954,5.084144427001569,4.844897324206596
1956,raced,18150.0,16352.0,24660.0,24646.0,prime,prime,1.1099559686888454,0.9994322789943227,1.3586776859504133,1.5072162426614482
1957,replayed,18280.0,16436.0,41350.0,43732.0,prime,prime,1.1121927476271598,1.0576058041112455,2.262035010940919,2.6607447067412995
1958,raced,18525.0,16144.0,30148.0,29801.0,prime,prime,1.1474851337958374,0.9884901154305427,1.6274224021592443,1.8459489593657086
1959,replayed,19210.0,16382.0,30935.0,31197.0,prime,prime,1.172628494689293,1.0084693712623243,1.6103591879229568,1.9043462336711023
1960,replayed,4864.0,4588.0,3846.0,4007.0,flat,flat,1.060156931124673,1.0418616744669786,0.7907072368421053,0.8733653007846556
1961,replayed,18699.0,16429.0,56933.0,56975.0,prime,prime,1.1381703086006452,1.0007377092371734,3.044708273169688,3.46795300992148
1962,raced,18149.0,16621.0,22226.0,23407.0,prime,prime,1.0919318933878828,1.0531359668856295,1.224640476059287,1.408278683593045
1963,replayed,18240.0,16386.0,23666.0,25814.0,prime,prime,1.1131453679970706,1.0907631200878898,1.2974780701754387,1.5753692176248018
1964,raced,19435.0,16516.0,28696.0,29708.0,prime,prime,1.1767377088883506,1.0352662391971006,1.476511448417803,1.7987406151610559
1965,replayed,19086.0,17804.0,31085.0,31080.0,prime,prime,1.0720062907211863,0.9998391507157793,1.6286807083726291,1.745675129184453
1966,raced,16695.0,16376.0,29428.0,28025.0,prime,prime,1.0194797264289204,0.9523243169770287,1.7626834381551362,1.7113458720078163
1967,replayed,15819.0,16319.0,25890.0,27153.0,prime,prime,0.9693608677002268,1.0487833140208576,1.6366394841646121,1.6638887186714872
1968,replayed,7917.0,6700.0,25712.0,31958.0,flat,chain3,1.181641791044776,1.2429215930304915,3.2476948339017304,4.769850746268657
1969,replayed,18361.0,16507.0,28229.0,30047.0,prime,prime,1.1123159871569637,1.0644018562471218,1.5374434943630522,1.8202580723329496
1970,raced,18810.0,17163.0,24257.0,23220.0,prime,prime,1.0959622443628736,0.9572494537659232,1.2895800106326423,1.3529103303618248
1971,replayed,18137.0,16555.0,22794.0,22842.0,prime,prime,1.0955602536997886,1.0021058173203474,1.2567679329547334,1.3797644216248868
1972,replayed,7760.0,6792.0,33379.0,35359.0,flat,chain3,1.1425206124852767,1.0593187333353307,4.3014175257731955,5.205977620730271
1973,replayed,18636.0,16316.0,26484.0,36707.0,prime,prime,1.1421917136553077,1.3860066455218245,1.421120412105602,2.249754841873008
1974,replayed,7255.0,7748.0,29034.0,30701.0,chain3,chain3,0.9363706763035622,1.0574154439622512,4.001929703652653,3.962441920495612
1975,replayed,15283.0,18852.0,28765.0,29176.0,prime,prime,0.8106832166348398,1.0142881974621936,1.8821566446378328,1.5476342032675579
1976,replayed,5146.0,5231.0,17906.0,18550.0,chain3,chain3,0.9837507168801376,1.035965598123534,3.479595802565099,3.5461670808640795
1977,replayed,18226.0,15954.0,30042.0,30666.0,prime,prime,1.1424094271029208,1.0207709207110045,1.6483046197739493,1.9221511846558856
1978,replayed,9381.0,9280.0,45409.0,45405.0,flat,flat,1.0108836206896552,0.999911911735559,4.840528728280567,4.892780172413793
1979,replayed,22332.0,15747.0,36728.0,26136.0,prime,prime,1.4181748904553249,0.7116096710956219,1.6446355006269031,1.6597447132787198
1980,replayed,4000.0,3929.0,5221.0,5271.0,chain3,chain3,1.0180707559175364,1.0095767094426356,1.30525,1.3415627386103335
1981,replayed,18133.0,15769.0,25994.0,26185.0,prime,prime,1.1499143889910584,1.0073478495037316,1.433518998511002,1.660536495656034
1982,raced,17880.0,15690.0,29426.0,26754.0,prime,prime,1.1395793499043978,0.9091959491606063,1.6457494407158837,1.7051625239005737
1983,replayed,18529.0,15752.0,30554.0,30012.0,prime,prime,1.1762950736414424,0.9822609151011324,1.6489826758054942,1.9052818689690199
1984,replayed,5238.0,5167.0,22673.0,21200.0,2p,2p,1.0137410489645828,0.9350328584660168,4.328560519282169,4.102961099283917
1985,replayed,18143.0,17292.0,24994.0,26199.0,prime,prime,1.0492135091371733,1.0482115707769866,1.3776111999118117,1.5150936849410133
1986,raced,15586.0,15809.0,34276.0,34770.0,prime,prime,0.9858941109494592,1.0144124168514412,2.1991530861029127,2.1993800999430704
1987,replayed,18211.0,19881.0,27043.0,28431.0,prime,prime,0.9160002011971229,1.0513256665310802,1.4849816045247377,1.4300588501584428
1988,raced,18120.0,17196.0,25214.0,26676.0,prime,prime,1.0537334263782274,1.0579836598715,1.3915011037527594,1.55129099790649
1989,replayed,5838.0,5379.0,18379.0,21508.0,chain3,chain3,1.0853318460680423,1.170248653354372,3.1481671805412814,3.998512734709054
1990,raced,16120.0,16910.0,23646.0,27471.0,prime,prime,0.9532820816085157,1.1617609743719868,1.4668734491315136,1.624541691306919
1991,replayed,17786.0,16918.0,24593.0,23837.0,prime,prime,1.0513063009812034,0.9692595453990973,1.3827167435061285,1.4089726918075423
1992,raced,15709.0,16572.0,28884.0,32962.0,prime,prime,0.9479242095100169,1.1411854313806953,1.8386911961296073,1.9890176200820662
1993,replayed,16298.0,16397.0,27444.0,26887.0,prime,prime,0.9939623101786912,0.979704124763154,1.6838875935697633,1.639751173995243
1994,raced,15123.0,15742.0,26558.0,26833.0,prime,prime,0.9606784398424597,1.0103546953836886,1.75613304238577,1.7045483420149918
1995,replayed,5055.0,5075.0,17005.0,18844.0,chain3,chain3,0.9960591133004926,1.1081446633343135,3.363996043521266,3.713103448275862
1996,raced,15232.0,18475.0,27033.0,28322.0,prime,prime,0.8244654939106901,1.0476824621758591,1.7747505252100841,1.5329905277401894
1997,replayed,18500.0,15964.0,26821.0,27174.0,prime,prime,1.1588574292157354,1.013161328809515,1.4497837837837837,1.702204961162616
1998,replayed,9556.0,6373.0,25503.0,24381.0,chain3,chain3,1.4994508080966578,0.9560051758616633,2.6687944746755963,3.8256707986819394
1999,replayed,15717.0,16111.0,26771.0,26631.0,prime,prime,0.9755446589286823,0.9947704605730081,1.7033148819749315,1.6529700204828999
2000,replayed,3988.0,4143.0,3518.0,3513.0,chain3,chain3,0.9625874969828626,0.9985787379192723,0.8821464393179539,0.8479362780593772
2001,replayed,7679.0,8104.0,39077.0,38798.0,chain3,flat,0.9475567620927937,0.9928602502750978,5.088813647610366,4.78751233958539
2002,replayed,6265.0,5864.0,8590.0,8242.0,flat,flat,1.0683833560709413,0.9594877764842841,1.3711093375897845,1.405525238744884
2003,replayed,15758.0,15590.0,31802.0,31543.0,prime,prime,1.0107761385503529,0.9918558581221307,2.0181495113593098,2.023284156510584
2004,raced,19074.0,15649.0,28558.0,28779.0,prime,prime,1.2188638251645472,1.007738637159465,1.497221348432421,1.8390312480030673
2005,replayed,15787.0,15553.0,21361.0,20825.0,prime,prime,1.0150453288754582,0.9749075417817518,1.3530753151327042,1.3389699736385263
2006,raced,19398.0,15547.0,42412.0,42704.0,prime,prime,1.2477005210008363,1.0068848439121003,2.186410970203114,2.7467678651829934
2007,replayed,18128.0,15600.0,28594.0,28197.0,prime,prime,1.162051282051282,0.9861159683849758,1.5773389232127095,1.8075
2008,raced,18275.0,15910.0,23572.0,23100.0,prime,prime,1.1486486486486487,0.9799762430001697,1.2898495212038303,1.451917033312382
2009,replayed,8602.0,7889.0,26821.0,27661.0,chain3,flat,1.0903790087463556,1.0313187427761827,3.1179958149267613,3.5062745595132463
2010,raced,18856.0,15745.0,35597.0,35419.0,prime,prime,1.1975865354080661,0.9949995786161755,1.887834111158252,2.2495395363607495
2011,replayed,20424.0,16975.0,35101.0,31573.0,prime,prime,1.203181148748159,0.8994900430187174,1.7186153544849196,1.8599705449189985
2012,raced,19251.0,15713.0,25784.0,24303.0,prime,prime,1.2251638770444855,0.9425612783121315,1.3393589943379565,1.5466810920893528
2013,replayed,19067.0,15592.0,25661.0,24630.0,prime,prime,1.2228707029245767,0.9598222984295234,1.3458331148056852,1.5796562339661364
2014,raced,17213.0,15651.0,48101.0,49028.0,prime,prime,1.0998019295891637,1.019271948608137,2.7944576773368963,3.1325793878985366
2015,replayed,8446.0,6759.0,27883.0,24329.0,flat,chain3,1.2495931350791538,0.8725388229387082,3.3013260715131425,3.599496967006954
2016,replayed,3481.0,4103.0,3906.0,3773.0,chain3,chain3,0.8484036071167439,0.9659498207885304,1.1220913530594656,0.9195710455764075
2017,replayed,19343.0,15640.0,32343.0,31438.0,prime,prime,1.236764705882353,0.9720186748291748,1.6720777542263352,2.0101023017902815
2018,raced,18823.0,15601.0,38842.0,37213.0,prime,prime,1.206525222742132,0.9580608619535554,2.063539287042448,2.3852958143708736
2019,replayed,18429.0,15653.0,29868.0,29960.0,prime,prime,1.1773461956174536,1.0030802196330522,1.620706495197786,1.9140100939117102
2020,raced,18428.0,15717.0,21330.0,21269.0,prime,prime,1.1724883883692816,0.9971401781528364,1.1574777512481007,1.3532480753324425
2021,replayed,19239.0,10915.0,56038.0,56820.0,prime,flat,1.76262024736601,1.013954816374603,2.9127293518374135,5.205680256527714
2022,raced,18958.0,16026.0,35850.0,34060.0,prime,prime,1.1829527018594783,0.9500697350069734,1.8910222597320392,2.125296393360789
2023,replayed,5923.0,6288.0,29110.0,29972.0,chain3,flat,0.9419529262086515,1.0296118172449331,4.914739152456526,4.766539440203562
2024,replayed,5734.0,5502.0,21554.0,20549.0,chain3,chain3,1.0421664849145764,0.9533729238192447,3.7589815137774676,3.7348237004725555
2025,replayed,4358.0,5039.0,6111.0,6119.0,chain3,chain3,0.8648541377257393,1.0013091147111766,1.4022487379531896,1.2143282397301052
2026,raced,19152.0,15934.0,38619.0,39480.0,prime,prime,1.201958077067905,1.022294725394236,2.0164473684210527,2.477720597464541
2027,replayed,18914.0,18776.0,27711.0,28165.0,prime,prime,1.0073498082658714,1.0163833856591244,1.4651052130696838,1.5000532594801874
2028,replayed,4495.0,4712.0,7992.0,7877.0,chain3,chain3,0.9539473684210527,0.9856106106106106,1.7779755283648497,1.6716893039049237
2029,replayed,14968.0,14861.0,27614.0,28797.0,prime,prime,1.0072000538321781,1.0428405881074818,1.844869053981828,1.9377565439741606
2030,replayed,8432.0,5864.0,22363.0,21775.0,flat,chain3,1.4379263301500682,0.9737065688861065,2.6521584440227706,3.713335607094134
2031,replayed,18731.0,16254.0,30453.0,29341.0,prime,prime,1.1523932570444197,0.9634847141496733,1.6258074849180504,1.8051556539928633
2032,raced,18175.0,17896.0,25726.0,26891.0,prime,prime,1.0155900759946357,1.0452849257560444,1.4154607977991747,1.5026262852033974
2033,replayed,16184.0,16570.0,42308.0,45697.0,prime,prime,0.9767048883524442,1.0801030537959724,2.614186851211073,2.7578153289076646
2034,raced,17000.0,17336.0,31848.0,38957.0,prime,prime,0.9806183664051684,1.2232165285104246,1.8734117647058823,2.2471735117674205
2035,replayed,8327.0,7558.0,30946.0,28460.0,chain3,chain3,1.1017464937814236,0.9196665158663478,3.716344421760538,3.76554644085737
2036,raced,18889.0,16386.0,24107.0,29274.0,prime,prime,1.1527523495667034,1.2143360849545775,1.276245433850389,1.786525082387404
2037,replayed,18772.0,16130.0,23931.0,23641.0,prime,prime,1.163794172349659,0.987881826919059,1.2748242062646495,1.4656540607563546
2038,raced,15774.0,16685.0,25257.0,28567.0,prime,prime,0.9454000599340725,1.1310527774478363,1.601179155572461,1.712136649685346
2039,replayed,18618.0,16441.0,27539.0,29194.0,prime,prime,1.132412870263366,1.060096590290134,1.4791599527339134,1.7756827443586156
2040,replayed,4772.0,4753.0,15136.0,26132.0,chain3,chain3,1.0039974752787713,1.7264799154334038,3.171835708298407,5.4980012623606145
2041,replayed,18685.0,16744.0,29412.0,30444.0,prime,prime,1.115922121356904,1.0350877192982457,1.5740968691463741,1.81820353559484
2042,raced,15865.0,16482.0,25176.0,29245.0,prime,prime,0.962565222667152,1.161622179853829,1.586889379136464,1.7743599077781822
2043,replayed,18797.0,16574.0,27383.0,28777.0,prime,prime,1.1341257391094486,1.050907497352372,1.4567750172899931,1.7362736816700857
2044,raced,17913.0,16476.0,22470.0,23150.0,prime,prime,1.0872177713037146,1.0302625723186472,1.2543962485345839,1.4050740470988103
2045,replayed,20056.0,17174.0,32189.0,29413.0,prime,prime,1.1678118085478049,0.9137593587871633,1.6049561228560032,1.7126470245720276
2046,replayed,8604.0,6760.0,25764.0,27117.0,chain3,chain3,1.2727810650887574,1.0525151374010246,2.99442119944212,4.011390532544379
2047,replayed,18549.0,17543.0,42587.0,47084.0,prime,prime,1.0573448098956848,1.1055956042923898,2.295918917461858,2.683919512056091
2048,replayed,2750.0,2797.0,3018.0,3227.0,ztt,ztt,0.9831962817304255,1.0692511597084162,1.0974545454545455,1.1537361458705757
