N,K,plan,path,vfft_ns,mkl_ns,vfft_gflops,ratio_vs_mkl,rt_err,route,flip
2,1,z:ilp,nat-oop,4,11,2.633,2.828,0.000e+00,mono,0
2,1,z:ilp,nat-oop,4,11,2.642,2.834,0.000e+00,mono,1
3,1,z:ilp,nat-oop,4,11,5.343,2.446,1.485e-16,mono,0
3,1,z:ilp,nat-oop,4,11,5.334,2.411,1.485e-16,mono,1
4,1,z:ilp,nat-oop,5,11,8.494,2.354,0.000e+00,mono,0
4,1,z:ilp,nat-oop,5,11,8.567,2.344,0.000e+00,mono,1
5,1,z:ilp,nat-oop,6,12,9.282,1.883,7.549e-17,mono,0
5,1,z:ilp,nat-oop,6,12,9.300,1.888,7.549e-17,mono,1
6,1,z:ilp,nat-oop,7,12,11.670,1.769,1.865e-16,mono,0
6,1,z:ilp,nat-oop,7,12,11.716,1.780,1.865e-16,mono,1
7,1,z:ilp,nat-oop,7,12,13.184,1.583,2.584e-16,mono,0
7,1,z:ilp,nat-oop,8,12,13.031,1.568,2.584e-16,mono,1
8,1,z:ilp,nat-oop,7,12,16.570,1.590,7.430e-17,mono,0
8,1,z:ilp,nat-oop,7,12,16.662,1.606,7.430e-17,mono,1
9,1,z:ilp,nat-oop,9,13,15.864,1.397,4.179e-16,mono,0
9,1,z:ilp,nat-oop,9,13,15.778,1.388,4.179e-16,mono,1
10,1,z:ilp,nat-oop,9,12,17.894,1.343,1.836e-16,mono,0
10,1,z:ilp,nat-oop,9,12,18.151,1.360,1.836e-16,mono,1
11,1,z:ilp,nat-oop,12,14,16.335,1.166,1.185e-16,mono,0
11,1,z:ilp,nat-oop,12,13,16.525,1.156,1.185e-16,mono,1
12,1,z:ilp,nat-oop,11,13,19.946,1.183,2.826e-16,2p,0
12,1,z:ilp,nat-oop,11,13,19.963,1.185,2.826e-16,2p,1
13,1,z:ilp,nat-oop,15,15,15.973,0.970,4.977e-16,mono,0
13,1,z:ilp,nat-oop,15,15,15.968,0.968,4.977e-16,mono,1
14,1,z:ilp,nat-oop,13,14,20.396,1.046,2.036e-16,mono,0
14,1,z:ilp,nat-oop,14,14,18.879,0.970,2.036e-16,mono,1
15,1,z:ilp,nat-oop,16,14,18.333,0.889,3.324e-16,2p,0
15,1,z:ilp,nat-oop,27,14,10.741,0.521,3.324e-16,2p,1
16,1,z:ilp,nat-oop,10,12,31.911,1.222,7.549e-17,ztt,0
16,1,z:ilp,nat-oop,10,12,32.006,1.234,7.549e-17,ztt,1
17,1,z:ilp,nat-oop,23,41,14.791,1.751,2.036e-16,mono,0
17,1,z:ilp,nat-oop,24,41,14.313,1.681,2.036e-16,mono,1
18,1,z:ilp,nat-oop,15,23,25.160,1.561,3.826e-16,2p,0
18,1,z:ilp,nat-oop,15,23,25.135,1.539,3.826e-16,2p,1
19,1,z:ilp,nat-oop,27,45,14.867,1.654,4.632e-16,mono,0
19,1,z:ilp,nat-oop,27,45,14.803,1.643,4.632e-16,mono,1
20,1,z:ilp,nat-oop,14,22,30.183,1.568,2.176e-16,2p,0
20,1,z:ilp,nat-oop,14,22,30.315,1.568,2.176e-16,2p,1
21,1,z:ilp,nat-oop,18,25,26.046,1.404,3.308e-16,2p,0
21,1,z:ilp,nat-oop,18,25,26.077,1.411,3.308e-16,2p,1
22,1,z:ilp,nat-oop,24,31,20.095,1.269,1.679e-16,mono,0
22,1,z:ilp,nat-oop,24,31,20.130,1.270,1.679e-16,mono,1
23,1,z:ilp,nat-oop,40,69,13.094,1.743,2.462e-16,mono,0
23,1,z:ilp,nat-oop,40,69,13.014,1.724,2.462e-16,mono,1
24,1,z:ilp,nat-oop,18,29,30.628,1.588,2.480e-16,2p,0
24,1,z:ilp,nat-oop,18,29,30.923,1.618,2.480e-16,2p,1
25,1,z:ilp,nat-oop,20,26,29.185,1.310,2.710e-16,2p,0
25,1,z:ilp,nat-oop,20,26,29.392,1.320,2.710e-16,2p,1
26,1,z:ilp,nat-oop,31,36,19.858,1.186,3.674e-16,mono,0
26,1,z:ilp,nat-oop,31,37,19.838,1.201,3.674e-16,mono,1
27,1,z:ilp,nat-oop,29,40,21.794,1.344,3.829e-16,flat,0
27,1,z:ilp,nat-oop,29,32,21.829,1.077,3.829e-16,flat,1
28,1,z:ilp,nat-oop,19,30,35.625,1.568,1.541e-16,2p,0
28,1,z:ilp,nat-oop,19,31,35.606,1.629,1.541e-16,2p,1
29,1,z:ilp,nat-oop,67,107,10.590,1.605,2.764e-16,mono,0
29,1,z:ilp,nat-oop,67,107,10.574,1.603,2.764e-16,mono,1
30,1,z:ilp,nat-oop,20,31,36.488,1.537,3.019e-16,2p,0
30,1,z:ilp,nat-oop,20,31,36.452,1.535,3.019e-16,2p,1
31,1,z:ilp,nat-oop,72,121,10.694,1.691,3.289e-16,mono,0
31,1,z:ilp,nat-oop,72,121,10.698,1.692,3.289e-16,mono,1
32,1,z:ilp,nat-oop,16,16,48.724,0.985,1.738e-16,2p,0
32,1,z:ilp,nat-oop,17,16,48.485,0.983,1.738e-16,2p,1
33,1,z:ilp,nat-oop,27,36,31.296,1.351,3.295e-16,2p,0
33,1,z:ilp,nat-oop,27,36,30.802,1.325,3.295e-16,2p,1
34,1,z:ilp,nat-oop,49,75,17.752,1.538,6.280e-16,flat,0
34,1,z:ilp,nat-oop,50,75,17.284,1.498,6.280e-16,flat,1
35,1,z:ilp,nat-oop,26,36,34.229,1.356,2.609e-16,2p,0
35,1,z:ilp,nat-oop,25,36,35.490,1.413,2.609e-16,2p,1
36,1,z:ilp,nat-oop,22,42,42.182,1.908,2.363e-16,2p,0
36,1,z:ilp,nat-oop,22,42,42.058,1.882,2.363e-16,2p,1
37,1,z:ilp,nat-oop,106,185,9.066,1.741,4.806e-16,mono,0
37,1,z:ilp,nat-oop,109,185,8.865,1.702,4.806e-16,mono,1
38,1,z:ilp,nat-oop,57,88,17.362,1.528,2.622e-16,flat,0
38,1,z:ilp,nat-oop,60,88,16.628,1.463,2.622e-16,flat,1
39,1,z:ilp,nat-oop,33,45,30.943,1.340,6.372e-16,2p,0
39,1,z:ilp,nat-oop,33,45,30.912,1.339,6.372e-16,2p,1
40,1,z:ilp,nat-oop,23,42,46.835,1.834,1.440e-16,2p,0
40,1,z:ilp,nat-oop,23,41,46.532,1.814,1.440e-16,2p,1
41,1,z:ilp,nat-oop,133,242,8.240,1.816,3.656e-16,mono,0
41,1,z:ilp,nat-oop,133,242,8.260,1.820,3.656e-16,mono,1
42,1,z:ilp,nat-oop,28,41,40.202,1.456,3.426e-16,2p,0
42,1,z:ilp,nat-oop,28,41,40.452,1.466,3.426e-16,2p,1
43,1,z:ilp,nat-oop,108,265,10.767,2.448,6.224e-16,prime,0
43,1,z:ilp,nat-oop,108,265,10.769,2.450,6.224e-16,prime,1
44,1,z:ilp,nat-oop,28,44,42.191,1.551,4.850e-16,2p,0
44,1,z:ilp,nat-oop,29,44,41.753,1.531,4.850e-16,2p,1
45,1,z:ilp,nat-oop,33,49,37.384,1.474,5.199e-16,2p,0
45,1,z:ilp,nat-oop,34,49,36.881,1.456,5.199e-16,2p,1
46,1,z:ilp,nat-oop,79,121,16.181,1.545,5.872e-16,flat,0
46,1,z:ilp,nat-oop,79,121,16.163,1.546,5.872e-16,flat,1
47,1,z:ilp,nat-oop,187,327,6.981,1.749,3.964e-16,mono,0
47,1,z:ilp,nat-oop,187,327,6.985,1.752,3.964e-16,mono,1
48,1,z:ilp,nat-oop,28,44,47.827,1.575,3.666e-16,2p,0
48,1,z:ilp,nat-oop,28,44,47.852,1.576,3.666e-16,2p,1
49,1,z:ilp,nat-oop,36,47,37.758,1.288,4.314e-16,2p,0
49,1,z:ilp,nat-oop,36,47,37.734,1.289,4.314e-16,2p,1
50,1,z:ilp,nat-oop,33,53,42.334,1.601,3.610e-16,2p,0
50,1,z:ilp,nat-oop,33,53,42.295,1.599,3.610e-16,2p,1
51,1,z:ilp,nat-oop,57,114,25.561,2.020,4.091e-16,2p,0
51,1,z:ilp,nat-oop,54,114,26.673,2.109,4.091e-16,2p,1
52,1,z:ilp,nat-oop,38,50,39.026,1.321,5.285e-16,2p,0
52,1,z:ilp,nat-oop,38,50,38.563,1.303,5.285e-16,2p,1
53,1,z:ilp,nat-oop,128,438,11.877,3.429,7.194e-16,prime,0
53,1,z:ilp,nat-oop,128,438,11.869,3.424,7.194e-16,prime,1
54,1,z:ilp,nat-oop,36,58,43.631,1.629,4.758e-16,2p,0
54,1,z:ilp,nat-oop,36,58,43.769,1.633,4.758e-16,2p,1
55,1,z:ilp,nat-oop,43,54,36.642,1.251,3.490e-16,2p,0
55,1,z:ilp,nat-oop,43,54,36.593,1.248,3.490e-16,2p,1
56,1,z:ilp,nat-oop,34,56,47.900,1.637,1.840e-16,2p,0
56,1,z:ilp,nat-oop,34,56,47.912,1.645,1.840e-16,2p,1
57,1,z:ilp,nat-oop,66,136,25.014,2.052,3.397e-16,2p,0
57,1,z:ilp,nat-oop,64,136,25.801,2.116,3.397e-16,2p,1
58,1,z:ilp,nat-oop,132,185,12.887,1.402,4.313e-16,flat,0
58,1,z:ilp,nat-oop,108,185,15.770,1.717,4.313e-16,flat,1
59,1,z:ilp,nat-oop,201,552,8.620,2.744,5.100e-16,prime,0
59,1,z:ilp,nat-oop,201,553,8.616,2.746,5.100e-16,prime,1
60,1,z:ilp,nat-oop,37,61,48.195,1.668,5.509e-16,2p,0
60,1,z:ilp,nat-oop,36,61,48.884,1.691,5.509e-16,2p,1
61,1,z:ilp,nat-oop,143,602,12.607,4.195,6.148e-16,prime,0
61,1,z:ilp,nat-oop,145,602,12.510,4.166,6.148e-16,prime,1
62,1,z:ilp,nat-oop,115,206,16.018,1.791,5.908e-16,flat,0
62,1,z:ilp,nat-oop,143,207,12.935,1.449,5.908e-16,flat,1
63,1,z:ilp,nat-oop,47,67,39.810,1.423,4.527e-16,2p,0
63,1,z:ilp,nat-oop,47,67,39.810,1.424,4.527e-16,2p,1
64,1,z:ilp,nat-oop,32,31,60.860,0.981,3.061e-16,2p,0
64,1,z:ilp,nat-oop,32,31,60.368,0.968,3.061e-16,2p,1
65,1,z:ilp,nat-oop,55,67,35.612,1.215,6.301e-16,2p,0
65,1,z:ilp,nat-oop,54,67,36.055,1.230,6.301e-16,2p,1
66,1,z:ilp,nat-oop,47,67,42.164,1.409,3.825e-16,2p,0
66,1,z:ilp,nat-oop,48,67,41.968,1.403,3.825e-16,2p,1
67,1,z:ilp,nat-oop,171,739,11.881,4.322,6.437e-16,prime,0
67,1,z:ilp,nat-oop,171,740,11.884,4.326,6.437e-16,prime,1
68,1,z:ilp,nat-oop,60,138,34.302,2.285,3.559e-16,2p,0
68,1,z:ilp,nat-oop,60,138,34.525,2.300,3.559e-16,2p,1
69,1,z:ilp,nat-oop,94,198,22.351,2.105,4.051e-16,2p,0
69,1,z:ilp,nat-oop,97,198,21.690,2.040,4.051e-16,2p,1
70,1,z:ilp,nat-oop,51,78,42.211,1.541,3.505e-16,2p,0
70,1,z:ilp,nat-oop,46,78,46.520,1.698,3.505e-16,2p,1
71,1,z:ilp,nat-oop,173,841,12.596,4.852,7.646e-16,prime,0
71,1,z:ilp,nat-oop,173,841,12.584,4.847,7.646e-16,prime,1
72,1,z:ilp,nat-oop,45,76,48.953,1.672,2.953e-16,2p,0
72,1,z:ilp,nat-oop,45,76,49.079,1.687,2.953e-16,2p,1
73,1,z:ilp,nat-oop,173,905,13.042,5.224,7.901e-16,prime,0
73,1,z:ilp,nat-oop,173,904,13.024,5.211,7.901e-16,prime,1
74,1,z:ilp,nat-oop,177,297,12.985,1.679,4.842e-16,flat,0
74,1,z:ilp,nat-oop,178,296,12.931,1.668,4.842e-16,flat,1
75,1,z:ilp,nat-oop,58,78,40.012,1.341,4.676e-16,2p,0
75,1,z:ilp,nat-oop,58,78,39.999,1.342,4.676e-16,2p,1
76,1,z:ilp,nat-oop,64,165,36.885,2.556,3.283e-16,2p,0
76,1,z:ilp,nat-oop,64,165,36.993,2.563,3.283e-16,2p,1
77,1,z:ilp,nat-oop,61,75,39.339,1.227,2.968e-16,2p,0
77,1,z:ilp,nat-oop,61,75,39.274,1.223,2.968e-16,2p,1
78,1,z:ilp,nat-oop,59,81,41.809,1.374,5.409e-16,2p,0
78,1,z:ilp,nat-oop,59,81,41.663,1.371,5.409e-16,2p,1
79,1,z:ilp,nat-oop,207,1085,12.056,5.252,1.175e-15,prime,0
79,1,z:ilp,nat-oop,208,1085,11.974,5.219,1.175e-15,prime,1
80,1,z:ilp,nat-oop,46,70,55.476,1.533,3.453e-16,2p,0
80,1,z:ilp,nat-oop,46,70,55.545,1.544,3.453e-16,2p,1
81,1,z:ilp,nat-oop,63,87,40.721,1.373,4.272e-16,2p,0
81,1,z:ilp,nat-oop,63,88,40.687,1.387,4.272e-16,2p,1
82,1,z:ilp,nat-oop,446,371,5.840,0.831,7.408e-16,prime,0
82,1,z:ilp,nat-oop,439,371,5.940,0.845,7.408e-16,prime,1
83,1,z:ilp,nat-oop,459,1240,5.762,2.701,7.081e-16,prime,0
83,1,z:ilp,nat-oop,458,1241,5.779,2.711,7.081e-16,prime,1
84,1,z:ilp,nat-oop,54,88,49.409,1.618,3.271e-16,2p,0
84,1,z:ilp,nat-oop,55,88,48.619,1.595,3.271e-16,2p,1
85,1,z:ilp,nat-oop,87,190,31.444,2.194,5.713e-16,2p,0
85,1,z:ilp,nat-oop,83,190,32.866,2.296,5.713e-16,2p,1
86,1,z:ilp,nat-oop,442,408,6.254,0.924,6.910e-16,prime,0
86,1,z:ilp,nat-oop,444,408,6.226,0.919,6.910e-16,prime,1
87,1,z:ilp,nat-oop,185,332,15.152,1.792,6.574e-16,flat,0
87,1,z:ilp,nat-oop,184,333,15.235,1.809,6.574e-16,flat,1
88,1,z:ilp,nat-oop,61,87,46.847,1.442,2.784e-16,2p,0
88,1,z:ilp,nat-oop,61,87,46.764,1.438,2.784e-16,2p,1
89,1,z:ilp,nat-oop,215,1514,13.392,7.036,5.684e-16,prime,0
89,1,z:ilp,nat-oop,215,1514,13.389,7.036,5.684e-16,prime,1
90,1,z:ilp,nat-oop,63,96,46.729,1.532,4.257e-16,2p,0
90,1,z:ilp,nat-oop,63,96,46.695,1.530,4.257e-16,2p,1
91,1,z:ilp,nat-oop,77,91,38.460,1.187,5.952e-16,2p,0
91,1,z:ilp,nat-oop,76,91,38.810,1.193,5.952e-16,2p,1
92,1,z:ilp,nat-oop,120,234,24.963,1.950,4.654e-16,2p,0
92,1,z:ilp,nat-oop,94,234,31.848,2.489,4.654e-16,2p,1
93,1,z:ilp,nat-oop,209,377,14.553,1.804,6.555e-16,flat,0
93,1,z:ilp,nat-oop,216,376,14.087,1.743,6.555e-16,flat,1
94,1,z:ilp,nat-oop,447,509,6.895,1.139,8.633e-16,prime,0
94,1,z:ilp,nat-oop,442,510,6.968,1.154,8.633e-16,prime,1
95,1,z:ilp,nat-oop,99,227,31.583,2.302,4.932e-16,2p,0
95,1,z:ilp,nat-oop,104,227,30.046,2.190,4.932e-16,2p,1
96,1,z:ilp,nat-oop,51,97,61.399,1.878,4.932e-16,2p,0
96,1,z:ilp,nat-oop,51,97,61.434,1.879,4.932e-16,2p,1
97,1,z:ilp,nat-oop,220,649,14.577,2.954,7.067e-16,prime,0
97,1,z:ilp,nat-oop,219,648,14.594,2.955,7.067e-16,prime,1
98,1,z:ilp,nat-oop,117,124,27.804,1.067,4.740e-16,flat,0
98,1,z:ilp,nat-oop,117,124,27.778,1.067,4.740e-16,flat,1
99,1,z:ilp,nat-oop,82,112,39.815,1.365,4.421e-16,2p,0
99,1,z:ilp,nat-oop,82,112,39.788,1.364,4.421e-16,2p,1
100,1,z:ilp,nat-oop,64,104,51.683,1.611,3.942e-16,2p,0
100,1,z:ilp,nat-oop,64,104,51.671,1.612,3.942e-16,2p,1
101,1,z:ilp,nat-oop,236,562,14.276,2.384,7.591e-16,prime,0
101,1,z:ilp,nat-oop,236,561,14.277,2.383,7.591e-16,prime,1
102,1,z:ilp,nat-oop,85,204,39.900,2.389,4.618e-16,2p,0
102,1,z:ilp,nat-oop,86,204,39.408,2.359,4.618e-16,2p,1
103,1,z:ilp,nat-oop,290,562,11.884,1.939,1.140e-15,prime,0
103,1,z:ilp,nat-oop,290,562,11.884,1.940,1.140e-15,prime,1
104,1,z:ilp,nat-oop,75,102,46.529,1.360,4.772e-16,2p,0
104,1,z:ilp,nat-oop,81,102,43.080,1.263,4.772e-16,2p,1
105,1,z:ilp,nat-oop,86,114,41.066,1.326,4.983e-16,2p,0
105,1,z:ilp,nat-oop,86,113,41.020,1.311,4.983e-16,2p,1
106,1,z:ilp,nat-oop,456,667,7.817,1.461,6.671e-16,prime,0
106,1,z:ilp,nat-oop,448,666,7.957,1.486,6.671e-16,prime,1
107,1,z:ilp,nat-oop,455,564,7.934,1.242,1.000e-15,prime,0
107,1,z:ilp,nat-oop,448,564,8.059,1.261,1.000e-15,prime,1
108,1,z:ilp,nat-oop,78,120,46.851,1.544,5.226e-16,2p,0
108,1,z:ilp,nat-oop,78,120,46.831,1.544,5.226e-16,2p,1
109,1,z:ilp,nat-oop,273,568,13.531,2.083,8.547e-16,prime,0
109,1,z:ilp,nat-oop,273,568,13.534,2.083,8.547e-16,prime,1
110,1,z:ilp,nat-oop,81,130,46.105,1.609,3.673e-16,2p,0
110,1,z:ilp,nat-oop,81,130,46.048,1.605,3.673e-16,2p,1
111,1,z:ilp,nat-oop,450,565,8.384,1.256,6.436e-16,prime,0
111,1,z:ilp,nat-oop,449,570,8.395,1.269,6.436e-16,prime,1
112,1,z:ilp,nat-oop,72,96,52.910,1.327,2.893e-16,2p,0
112,1,z:ilp,nat-oop,72,96,52.951,1.328,2.893e-16,2p,1
113,1,z:ilp,nat-oop,279,569,13.804,2.039,8.435e-16,prime,0
113,1,z:ilp,nat-oop,275,569,14.031,2.072,8.435e-16,prime,1
114,1,z:ilp,nat-oop,100,245,38.762,2.439,4.841e-16,2p,0
114,1,z:ilp,nat-oop,101,245,38.729,2.435,4.841e-16,2p,1
115,1,z:ilp,nat-oop,147,338,26.719,2.295,4.578e-16,2p,0
115,1,z:ilp,nat-oop,147,338,26.739,2.297,4.578e-16,2p,1
116,1,z:ilp,nat-oop,194,364,20.514,1.875,4.385e-16,flat,0
116,1,z:ilp,nat-oop,155,364,25.707,2.349,4.385e-16,flat,1
117,1,z:ilp,nat-oop,102,138,39.340,1.348,5.201e-16,2p,0
117,1,z:ilp,nat-oop,102,138,39.251,1.346,5.201e-16,2p,1
118,1,z:ilp,nat-oop,463,837,8.764,1.806,5.646e-16,prime,0
118,1,z:ilp,nat-oop,730,837,5.562,1.147,5.646e-16,prime,1
119,1,z:ilp,nat-oop,114,277,35.941,2.428,4.472e-16,2p,0
119,1,z:ilp,nat-oop,115,277,35.619,2.406,4.472e-16,2p,1
120,1,z:ilp,nat-oop,78,126,53.403,1.620,5.599e-16,2p,0
120,1,z:ilp,nat-oop,78,125,53.315,1.611,5.599e-16,2p,1
121,1,z:ilp,nat-oop,106,122,39.335,1.150,2.808e-16,2p,0
121,1,z:ilp,nat-oop,106,123,39.391,1.154,2.808e-16,2p,1
122,1,z:ilp,nat-oop,457,912,9.246,1.996,7.599e-16,prime,0
122,1,z:ilp,nat-oop,456,913,9.270,2.001,7.599e-16,prime,1
123,1,z:ilp,nat-oop,466,729,9.171,1.565,6.363e-16,prime,0
123,1,z:ilp,nat-oop,464,729,9.198,1.570,6.363e-16,prime,1
124,1,z:ilp,nat-oop,222,409,19.421,1.844,5.339e-16,flat,0
124,1,z:ilp,nat-oop,176,409,24.457,2.320,5.339e-16,flat,1
125,1,z:ilp,nat-oop,104,133,41.922,1.281,5.453e-16,2p,0
125,1,z:ilp,nat-oop,104,134,41.889,1.289,5.453e-16,2p,1
126,1,z:ilp,nat-oop,92,136,47.905,1.480,3.110e-16,2p,0
126,1,z:ilp,nat-oop,91,136,48.263,1.492,3.110e-16,2p,1
127,1,z:ilp,nat-oop,400,581,11.101,1.454,6.156e-16,prime,0
127,1,z:ilp,nat-oop,385,594,11.537,1.545,6.156e-16,prime,1
128,1,z:ilp,nat-oop,65,68,68.495,1.046,4.284e-16,2p,0
128,1,z:ilp,nat-oop,66,68,68.299,1.042,4.284e-16,2p,1
129,1,z:ilp,nat-oop,348,804,12.978,2.308,6.566e-16,flat,0
129,1,z:ilp,nat-oop,350,804,12.903,2.295,6.566e-16,flat,1
130,1,z:ilp,nat-oop,102,155,44.588,1.519,5.107e-16,2p,0
130,1,z:ilp,nat-oop,102,155,44.611,1.519,5.107e-16,2p,1
131,1,z:ilp,nat-oop,354,950,13.020,2.684,6.381e-16,prime,0
131,1,z:ilp,nat-oop,354,951,13.032,2.690,6.381e-16,prime,1
132,1,z:ilp,nat-oop,102,145,45.727,1.430,5.498e-16,2p,0
132,1,z:ilp,nat-oop,102,145,45.409,1.420,5.498e-16,2p,1
133,1,z:ilp,nat-oop,140,327,33.445,2.328,4.959e-16,2p,0
133,1,z:ilp,nat-oop,141,326,33.369,2.317,4.959e-16,2p,1
134,1,z:ilp,nat-oop,935,1147,5.064,1.227,7.686e-16,prime,0
134,1,z:ilp,nat-oop,935,1111,5.064,1.189,7.686e-16,prime,1
135,1,z:ilp,nat-oop,114,157,41.931,1.374,3.572e-16,2p,0
135,1,z:ilp,nat-oop,114,156,41.909,1.367,3.572e-16,2p,1
136,1,z:ilp,nat-oop,111,276,43.282,2.476,7.696e-16,2p,0
136,1,z:ilp,nat-oop,113,276,42.769,2.446,7.696e-16,2p,1
137,1,z:ilp,nat-oop,388,958,12.527,2.468,7.404e-16,prime,0
137,1,z:ilp,nat-oop,395,957,12.301,2.421,7.404e-16,prime,1
138,1,z:ilp,nat-oop,144,352,33.987,2.442,4.808e-16,2p,0
138,1,z:ilp,nat-oop,163,352,30.169,2.165,4.808e-16,2p,1
139,1,z:ilp,nat-oop,468,959,10.581,2.052,7.361e-16,prime,0
139,1,z:ilp,nat-oop,500,959,9.896,1.919,7.361e-16,prime,1
140,1,z:ilp,nat-oop,112,144,44.547,1.289,3.181e-16,chain3,0
140,1,z:ilp,nat-oop,114,144,43.958,1.272,3.181e-16,chain3,1
141,1,z:ilp,nat-oop,531,985,9.483,1.856,7.365e-16,flat,0
141,1,z:ilp,nat-oop,537,985,9.378,1.835,7.365e-16,flat,1
142,1,z:ilp,nat-oop,985,1265,5.154,1.284,8.480e-16,prime,0
142,1,z:ilp,nat-oop,1015,1264,5.001,1.246,8.480e-16,prime,1
143,1,z:ilp,nat-oop,130,149,39.380,1.146,6.235e-16,2p,0
143,1,z:ilp,nat-oop,130,151,39.387,1.160,6.235e-16,2p,1
144,1,z:ilp,nat-oop,107,143,48.264,1.335,5.397e-16,chain3,0
144,1,z:ilp,nat-oop,107,143,48.196,1.334,5.397e-16,chain3,1
145,1,z:ilp,nat-oop,223,555,23.375,2.492,4.737e-16,2p,0
145,1,z:ilp,nat-oop,224,555,23.260,2.479,4.737e-16,2p,1
146,1,z:ilp,nat-oop,1021,1356,5.142,1.329,9.531e-16,prime,0
146,1,z:ilp,nat-oop,1035,1356,5.070,1.310,9.531e-16,prime,1
147,1,z:ilp,nat-oop,137,158,38.732,1.159,4.851e-16,chain3,0
147,1,z:ilp,nat-oop,135,159,39.092,1.174,4.851e-16,chain3,1
148,1,z:ilp,nat-oop,209,588,25.501,2.811,3.170e-16,2p,0
148,1,z:ilp,nat-oop,194,588,27.446,3.026,3.170e-16,2p,1
149,1,z:ilp,nat-oop,783,970,6.871,1.239,6.310e-16,prime,0
149,1,z:ilp,nat-oop,764,970,7.038,1.270,6.310e-16,prime,1
150,1,z:ilp,nat-oop,111,159,48.707,1.431,3.509e-16,2p,0
150,1,z:ilp,nat-oop,111,159,48.764,1.432,3.509e-16,2p,1
151,1,z:ilp,nat-oop,406,971,13.465,2.393,7.324e-16,prime,0
151,1,z:ilp,nat-oop,405,969,13.483,2.391,7.324e-16,prime,1
152,1,z:ilp,nat-oop,132,332,41.805,2.517,4.059e-16,2p,0
152,1,z:ilp,nat-oop,132,332,41.849,2.521,4.059e-16,2p,1
153,1,z:ilp,nat-oop,146,371,37.901,2.535,5.645e-16,2p,0
153,1,z:ilp,nat-oop,148,372,37.632,2.519,5.645e-16,2p,1
154,1,z:ilp,nat-oop,198,208,28.267,1.052,7.040e-16,flat,0
154,1,z:ilp,nat-oop,193,208,28.981,1.079,7.040e-16,flat,1
155,1,z:ilp,nat-oop,258,631,21.885,2.449,5.403e-16,2p,0
155,1,z:ilp,nat-oop,258,631,21.863,2.447,5.403e-16,2p,1
156,1,z:ilp,nat-oop,126,173,45.170,1.375,6.220e-16,2p,0
156,1,z:ilp,nat-oop,126,173,45.080,1.372,6.220e-16,2p,1
157,1,z:ilp,nat-oop,435,979,13.162,2.251,1.189e-15,prime,0
157,1,z:ilp,nat-oop,434,978,13.183,2.252,1.189e-15,prime,1
158,1,z:ilp,nat-oop,964,1670,5.988,1.733,5.690e-16,prime,0
158,1,z:ilp,nat-oop,1060,1601,5.442,1.510,5.690e-16,prime,1
159,1,z:ilp,nat-oop,963,1328,6.037,1.379,4.630e-16,prime,0
159,1,z:ilp,nat-oop,965,1328,6.027,1.377,4.630e-16,prime,1
160,1,z:ilp,nat-oop,92,164,63.771,1.784,2.213e-16,2p,0
160,1,z:ilp,nat-oop,91,164,64.193,1.793,2.213e-16,2p,1
161,1,z:ilp,nat-oop,211,477,27.911,2.256,4.528e-16,2p,0
161,1,z:ilp,nat-oop,221,477,26.673,2.156,4.528e-16,2p,1
162,1,z:ilp,nat-oop,123,189,48.406,1.542,4.248e-16,2p,0
162,1,z:ilp,nat-oop,123,189,48.370,1.539,4.248e-16,2p,1
163,1,z:ilp,nat-oop,475,1248,12.608,2.627,9.025e-16,prime,0
163,1,z:ilp,nat-oop,475,1248,12.600,2.625,9.025e-16,prime,1
164,1,z:ilp,nat-oop,473,734,12.749,1.552,3.441e-16,2p,0
164,1,z:ilp,nat-oop,298,734,20.262,2.466,3.441e-16,2p,1
165,1,z:ilp,nat-oop,145,188,41.770,1.291,4.594e-16,2p,0
165,1,z:ilp,nat-oop,145,188,41.832,1.294,4.594e-16,2p,1
166,1,z:ilp,nat-oop,950,1782,6.446,1.876,9.708e-16,prime,0
166,1,z:ilp,nat-oop,957,1783,6.399,1.864,9.708e-16,prime,1
167,1,z:ilp,nat-oop,982,1253,6.281,1.277,8.716e-16,prime,0
167,1,z:ilp,nat-oop,991,1253,6.222,1.264,8.716e-16,prime,1
168,1,z:ilp,nat-oop,127,106,48.914,0.838,2.793e-16,chain3,0
168,1,z:ilp,nat-oop,127,106,49.028,0.840,2.793e-16,chain3,1
169,1,z:ilp,nat-oop,163,189,38.317,1.157,6.836e-16,2p,0
169,1,z:ilp,nat-oop,164,190,38.093,1.156,6.836e-16,2p,1
170,1,z:ilp,nat-oop,146,371,43.225,2.549,8.695e-16,2p,0
170,1,z:ilp,nat-oop,145,371,43.513,2.564,8.695e-16,2p,1
171,1,z:ilp,nat-oop,190,444,33.396,2.336,5.487e-16,2p,0
171,1,z:ilp,nat-oop,190,480,33.399,2.526,5.487e-16,2p,1
172,1,z:ilp,nat-oop,271,809,23.533,2.982,5.197e-16,2p,0
172,1,z:ilp,nat-oop,253,809,25.276,3.202,5.197e-16,2p,1
173,1,z:ilp,nat-oop,970,1261,6.628,1.299,6.994e-16,prime,0
173,1,z:ilp,nat-oop,972,1260,6.619,1.297,6.994e-16,prime,1
174,1,z:ilp,nat-oop,217,549,29.823,2.529,4.158e-16,2p,0
174,1,z:ilp,nat-oop,347,566,18.643,1.631,4.158e-16,2p,1
175,1,z:ilp,nat-oop,163,197,39.890,1.206,4.823e-16,chain3,0
175,1,z:ilp,nat-oop,153,197,42.641,1.287,4.823e-16,chain3,1
176,1,z:ilp,nat-oop,124,167,52.994,1.351,2.433e-16,2p,0
176,1,z:ilp,nat-oop,124,167,52.960,1.351,2.433e-16,2p,1
177,1,z:ilp,nat-oop,1011,1677,6.536,1.659,1.186e-15,prime,0
177,1,z:ilp,nat-oop,1023,1677,6.463,1.639,1.186e-15,prime,1
178,1,z:ilp,nat-oop,972,2156,6.848,2.219,8.376e-16,prime,0
178,1,z:ilp,nat-oop,1006,2159,6.613,2.146,8.376e-16,prime,1
179,1,z:ilp,nat-oop,994,1263,6.735,1.270,7.871e-16,prime,0
179,1,z:ilp,nat-oop,985,1264,6.797,1.283,7.871e-16,prime,1
180,1,z:ilp,nat-oop,141,206,47.901,1.467,5.093e-16,2p,0
180,1,z:ilp,nat-oop,141,206,47.885,1.466,5.093e-16,2p,1
181,1,z:ilp,nat-oop,525,1268,12.922,2.414,8.829e-16,prime,0
181,1,z:ilp,nat-oop,536,1268,12.674,2.367,8.829e-16,prime,1
182,1,z:ilp,nat-oop,243,250,28.150,1.031,4.386e-16,flat,0
182,1,z:ilp,nat-oop,243,250,28.078,1.028,4.386e-16,flat,1
183,1,z:ilp,nat-oop,972,1835,7.076,1.888,1.060e-15,prime,0
183,1,z:ilp,nat-oop,972,1838,7.076,1.891,1.060e-15,prime,1
184,1,z:ilp,nat-oop,212,478,32.713,2.258,4.635e-16,2p,0
184,1,z:ilp,nat-oop,241,478,28.763,1.987,4.635e-16,2p,1
185,1,z:ilp,nat-oop,492,956,14.154,1.942,3.546e-16,2p,0
185,1,z:ilp,nat-oop,672,956,10.370,1.423,3.546e-16,2p,1
186,1,z:ilp,nat-oop,242,617,28.955,2.549,4.318e-16,2p,0
186,1,z:ilp,nat-oop,286,618,24.524,2.161,4.318e-16,2p,1
187,1,z:ilp,nat-oop,247,449,28.589,1.819,6.716e-16,flat,0
187,1,z:ilp,nat-oop,245,451,28.810,1.840,6.716e-16,flat,1
188,1,z:ilp,nat-oop,417,1013,17.029,2.430,3.730e-16,2p,0
188,1,z:ilp,nat-oop,420,1013,16.910,2.413,3.730e-16,2p,1
189,1,z:ilp,nat-oop,169,230,42.314,1.364,4.376e-16,chain3,0
189,1,z:ilp,nat-oop,169,229,42.341,1.357,4.376e-16,chain3,1
190,1,z:ilp,nat-oop,170,444,42.192,2.607,4.609e-16,2p,0
190,1,z:ilp,nat-oop,171,445,42.150,2.606,4.609e-16,2p,1
191,1,z:ilp,nat-oop,588,1274,12.297,2.165,9.162e-16,prime,0
191,1,z:ilp,nat-oop,594,1275,12.191,2.147,9.162e-16,prime,1
192,1,z:ilp,nat-oop,111,182,65.366,1.635,3.699e-16,2p,0
192,1,z:ilp,nat-oop,114,182,63.942,1.600,3.699e-16,2p,1
193,1,z:ilp,nat-oop,535,1291,13.692,2.413,7.423e-16,prime,0
193,1,z:ilp,nat-oop,476,1290,15.391,2.710,7.423e-16,prime,1
194,1,z:ilp,nat-oop,983,2578,7.500,2.623,7.309e-16,prime,0
194,1,z:ilp,nat-oop,988,2579,7.458,2.609,7.309e-16,prime,1
195,1,z:ilp,nat-oop,178,236,41.764,1.330,8.513e-16,chain3,0
195,1,z:ilp,nat-oop,178,237,41.711,1.330,8.513e-16,chain3,1
196,1,z:ilp,nat-oop,168,219,44.342,1.304,3.486e-16,chain3,0
196,1,z:ilp,nat-oop,168,258,44.509,1.541,3.486e-16,chain3,1
197,1,z:ilp,nat-oop,581,1343,12.916,2.310,7.239e-16,prime,0
197,1,z:ilp,nat-oop,578,1295,12.985,2.239,7.239e-16,prime,1
198,1,z:ilp,nat-oop,173,235,43.538,1.352,6.558e-16,chain3,0
198,1,z:ilp,nat-oop,173,234,43.731,1.358,6.558e-16,chain3,1
199,1,z:ilp,nat-oop,613,1296,12.394,2.114,8.108e-16,prime,0
199,1,z:ilp,nat-oop,614,1295,12.373,2.109,8.108e-16,prime,1
200,1,z:ilp,nat-oop,140,218,54.450,1.554,4.731e-16,chain3,0
200,1,z:ilp,nat-oop,141,218,54.318,1.547,4.731e-16,chain3,1
201,1,z:ilp,nat-oop,1056,2250,7.281,2.130,7.985e-16,prime,0
201,1,z:ilp,nat-oop,1031,2248,7.457,2.180,7.985e-16,prime,1
202,1,z:ilp,nat-oop,979,2838,7.904,2.900,5.396e-16,prime,0
202,1,z:ilp,nat-oop,980,2842,7.889,2.899,5.396e-16,prime,1
203,1,z:ilp,nat-oop,304,784,25.568,2.576,3.858e-16,2p,0
203,1,z:ilp,nat-oop,303,783,25.642,2.582,3.858e-16,2p,1
204,1,z:ilp,nat-oop,210,440,37.274,2.096,6.294e-16,chain3,0
204,1,z:ilp,nat-oop,208,440,37.661,2.119,6.294e-16,chain3,1
205,1,z:ilp,nat-oop,427,1232,18.422,2.882,5.691e-16,2p,0
205,1,z:ilp,nat-oop,407,1232,19.341,3.026,5.691e-16,2p,1
206,1,z:ilp,nat-oop,1055,2901,7.503,2.749,1.072e-15,prime,0
206,1,z:ilp,nat-oop,1032,2900,7.673,2.811,1.072e-15,prime,1
207,1,z:ilp,nat-oop,280,634,28.473,2.268,4.371e-16,2p,0
207,1,z:ilp,nat-oop,305,635,26.074,2.079,4.371e-16,2p,1
208,1,z:ilp,nat-oop,155,199,51.587,1.284,6.746e-16,2p,0
208,1,z:ilp,nat-oop,155,199,51.664,1.286,6.746e-16,2p,1
209,1,z:ilp,nat-oop,219,526,36.728,2.397,5.053e-16,2p,0
209,1,z:ilp,nat-oop,219,525,36.732,2.392,5.053e-16,2p,1
210,1,z:ilp,nat-oop,167,226,48.415,1.349,4.129e-16,chain3,0
210,1,z:ilp,nat-oop,167,226,48.415,1.348,4.129e-16,chain3,1
211,1,z:ilp,nat-oop,703,1229,11.584,1.748,7.936e-16,prime,0
211,1,z:ilp,nat-oop,701,1232,11.619,1.758,7.936e-16,prime,1
212,1,z:ilp,nat-oop,1040,1326,7.873,1.275,1.096e-15,prime,0
212,1,z:ilp,nat-oop,1023,1328,8.007,1.298,1.096e-15,prime,1
213,1,z:ilp,nat-oop,1030,2559,7.995,2.484,7.214e-16,prime,0
213,1,z:ilp,nat-oop,1032,2559,7.979,2.479,7.214e-16,prime,1
214,1,z:ilp,nat-oop,1055,3152,7.851,2.987,7.755e-16,prime,0
214,1,z:ilp,nat-oop,1045,3146,7.929,3.012,7.755e-16,prime,1
215,1,z:ilp,nat-oop,485,1357,17.184,2.799,5.217e-16,flat,0
215,1,z:ilp,nat-oop,487,1358,17.088,2.786,5.217e-16,flat,1
216,1,z:ilp,nat-oop,164,250,51.090,1.525,3.618e-16,2p,0
216,1,z:ilp,nat-oop,162,282,51.852,1.749,3.618e-16,2p,1
217,1,z:ilp,nat-oop,362,890,23.268,2.459,6.789e-16,2p,0
217,1,z:ilp,nat-oop,477,895,17.661,1.877,6.789e-16,2p,1
218,1,z:ilp,nat-oop,999,3346,8.475,3.349,7.203e-16,prime,0
218,1,z:ilp,nat-oop,998,3347,8.485,3.354,7.203e-16,prime,1
219,1,z:ilp,nat-oop,1038,2753,8.201,2.652,8.917e-16,prime,0
219,1,z:ilp,nat-oop,1076,2753,7.909,2.557,8.917e-16,prime,1
220,1,z:ilp,nat-oop,191,251,44.894,1.319,3.909e-16,chain3,0
220,1,z:ilp,nat-oop,190,251,45.100,1.321,3.909e-16,chain3,1
221,1,z:ilp,nat-oop,230,545,37.459,2.374,6.069e-16,2p,0
221,1,z:ilp,nat-oop,227,545,37.837,2.395,6.069e-16,2p,1
222,1,z:ilp,nat-oop,300,888,28.865,2.964,4.527e-16,2p,0
222,1,z:ilp,nat-oop,315,888,27.467,2.819,4.527e-16,2p,1
223,1,z:ilp,nat-oop,1020,1240,8.530,1.216,1.224e-15,prime,0
223,1,z:ilp,nat-oop,1012,1237,8.597,1.223,1.224e-15,prime,1
224,1,z:ilp,nat-oop,149,225,58.798,1.516,3.932e-16,2p,0
224,1,z:ilp,nat-oop,149,226,58.722,1.514,3.932e-16,2p,1
225,1,z:ilp,nat-oop,210,270,41.785,1.285,6.039e-16,2p,0
225,1,z:ilp,nat-oop,208,273,42.303,1.313,6.039e-16,2p,1
226,1,z:ilp,nat-oop,998,3612,8.853,3.619,8.214e-16,prime,0
226,1,z:ilp,nat-oop,1002,3614,8.816,3.606,8.214e-16,prime,1
227,1,z:ilp,nat-oop,985,1243,9.020,1.262,1.116e-15,prime,0
227,1,z:ilp,nat-oop,986,1242,9.008,1.260,1.116e-15,prime,1
228,1,z:ilp,nat-oop,331,526,26.957,1.589,1.239e-15,flat,0
228,1,z:ilp,nat-oop,338,526,26.405,1.557,1.239e-15,flat,1
229,1,z:ilp,nat-oop,741,1267,12.119,1.711,8.820e-16,prime,0
229,1,z:ilp,nat-oop,740,1246,12.123,1.683,8.820e-16,prime,1
230,1,z:ilp,nat-oop,240,636,37.546,2.646,5.549e-16,2p,0
230,1,z:ilp,nat-oop,289,636,31.234,2.203,5.549e-16,2p,1
231,1,z:ilp,nat-oop,215,276,42.085,1.281,4.727e-16,chain3,0
231,1,z:ilp,nat-oop,221,275,41.036,1.246,4.727e-16,chain3,1
232,1,z:ilp,nat-oop,388,740,23.507,1.907,5.150e-16,flat,0
232,1,z:ilp,nat-oop,326,740,27.974,2.270,5.150e-16,flat,1
233,1,z:ilp,nat-oop,985,1252,9.302,1.271,8.188e-16,prime,0
233,1,z:ilp,nat-oop,989,1249,9.263,1.263,8.188e-16,prime,1
234,1,z:ilp,nat-oop,228,283,40.308,1.237,6.362e-16,chain3,0
234,1,z:ilp,nat-oop,228,282,40.327,1.237,6.362e-16,chain3,1
235,1,z:ilp,nat-oop,882,1666,10.492,1.889,4.483e-16,2p,0
235,1,z:ilp,nat-oop,1138,1664,8.134,1.463,4.483e-16,2p,1
236,1,z:ilp,nat-oop,1047,1671,8.882,1.596,8.337e-16,prime,0
236,1,z:ilp,nat-oop,1045,1672,8.901,1.600,8.337e-16,prime,1
237,1,z:ilp,nat-oop,1074,3274,8.707,3.050,7.948e-16,prime,0
237,1,z:ilp,nat-oop,1077,3275,8.683,3.042,7.948e-16,prime,1
238,1,z:ilp,nat-oop,359,571,26.170,1.589,1.183e-15,flat,0
238,1,z:ilp,nat-oop,360,571,26.105,1.586,1.183e-15,flat,1
239,1,z:ilp,nat-oop,1032,1256,9.153,1.218,9.595e-16,prime,0
239,1,z:ilp,nat-oop,1078,1254,8.760,1.164,9.595e-16,prime,1
240,1,z:ilp,nat-oop,170,250,55.745,1.470,7.422e-16,2p,0
240,1,z:ilp,nat-oop,170,253,55.812,1.487,7.422e-16,2p,1
241,1,z:ilp,nat-oop,655,1263,14.549,1.927,5.541e-16,prime,0
241,1,z:ilp,nat-oop,656,1258,14.527,1.916,5.541e-16,prime,1
242,1,z:ilp,nat-oop,341,380,28.099,1.114,7.610e-16,flat,0
242,1,z:ilp,nat-oop,341,369,28.117,1.083,7.610e-16,flat,1
243,1,z:ilp,nat-oop,226,295,42.644,1.306,6.483e-16,2p,0
243,1,z:ilp,nat-oop,225,295,42.775,1.311,6.483e-16,2p,1
244,1,z:ilp,nat-oop,1045,1820,9.262,1.742,6.015e-16,prime,0
244,1,z:ilp,nat-oop,1124,1821,8.609,1.620,6.015e-16,prime,1
245,1,z:ilp,nat-oop,229,282,42.391,1.230,3.459e-16,chain3,0
245,1,z:ilp,nat-oop,231,282,42.049,1.221,3.459e-16,chain3,1
246,1,z:ilp,nat-oop,359,1114,27.233,3.106,3.940e-16,2p,0
246,1,z:ilp,nat-oop,359,1105,27.243,3.083,3.940e-16,2p,1
247,1,z:ilp,nat-oop,339,643,28.965,1.898,4.914e-16,2p,0
247,1,z:ilp,nat-oop,267,651,36.773,2.440,4.914e-16,2p,1
248,1,z:ilp,nat-oop,498,832,19.794,1.670,7.150e-16,flat,0
248,1,z:ilp,nat-oop,422,833,23.370,1.974,7.150e-16,flat,1
249,1,z:ilp,nat-oop,1034,3726,9.580,3.602,5.511e-16,prime,0
249,1,z:ilp,nat-oop,1059,3732,9.356,3.523,5.511e-16,prime,1
250,1,z:ilp,nat-oop,191,308,52.070,1.612,4.059e-16,chain3,0
250,1,z:ilp,nat-oop,191,308,52.221,1.617,4.059e-16,chain3,1
251,1,z:ilp,nat-oop,700,1270,14.299,1.815,9.603e-16,prime,0
251,1,z:ilp,nat-oop,700,1267,14.299,1.810,9.603e-16,prime,1
252,1,z:ilp,nat-oop,213,286,47.172,1.341,8.687e-16,chain3,0
252,1,z:ilp,nat-oop,211,286,47.690,1.356,8.687e-16,chain3,1
253,1,z:ilp,nat-oop,311,764,32.453,2.455,7.723e-16,2p,0
253,1,z:ilp,nat-oop,357,770,28.298,2.156,7.723e-16,2p,1
254,1,z:ilp,nat-oop,1017,4536,9.973,4.459,6.977e-16,prime,0
254,1,z:ilp,nat-oop,1018,4530,9.964,4.449,6.977e-16,prime,1
255,1,z:ilp,nat-oop,259,642,39.390,2.479,7.180e-16,2p,0
255,1,z:ilp,nat-oop,259,641,39.325,2.474,7.180e-16,2p,1
256,1,z:ilp,nat-oop,135,138,75.655,1.017,3.135e-16,2p,0
256,1,z:ilp,nat-oop,135,137,75.727,1.015,3.135e-16,2p,1
257,1,z:ilp,nat-oop,657,2080,15.650,3.165,6.963e-16,prime,0
257,1,z:ilp,nat-oop,662,2080,15.551,3.144,6.963e-16,prime,1
258,1,z:ilp,nat-oop,519,1224,19.921,2.360,5.083e-16,2p,0
258,1,z:ilp,nat-oop,960,1223,10.760,1.273,5.083e-16,2p,1
259,1,z:ilp,nat-oop,439,1356,23.622,3.086,4.061e-16,2p,0
259,1,z:ilp,nat-oop,439,1346,23.654,3.067,4.061e-16,2p,1
260,1,z:ilp,nat-oop,234,325,44.616,1.392,4.395e-16,chain3,0
260,1,z:ilp,nat-oop,229,299,45.622,1.310,4.395e-16,chain3,1
261,1,z:ilp,nat-oop,378,1063,27.696,2.810,5.302e-16,2p,0
261,1,z:ilp,nat-oop,379,1067,27.661,2.818,5.302e-16,2p,1
262,1,z:ilp,nat-oop,2065,4850,5.096,2.349,8.087e-16,prime,0
262,1,z:ilp,nat-oop,2063,4846,5.100,2.348,8.087e-16,prime,1
263,1,z:ilp,nat-oop,2081,2083,5.079,1.001,6.145e-16,prime,0
263,1,z:ilp,nat-oop,2049,2084,5.159,1.017,6.145e-16,prime,1
264,1,z:ilp,nat-oop,227,306,46.854,1.350,6.640e-16,chain3,0
264,1,z:ilp,nat-oop,259,338,41.044,1.308,6.640e-16,chain3,1
265,1,z:ilp,nat-oop,2077,2243,5.134,1.080,5.820e-16,prime,0
265,1,z:ilp,nat-oop,2039,2241,5.230,1.099,5.820e-16,prime,1
266,1,z:ilp,nat-oop,401,686,26.721,1.710,4.362e-16,flat,0
266,1,z:ilp,nat-oop,409,687,26.170,1.677,4.362e-16,flat,1
267,1,z:ilp,nat-oop,2072,4536,5.194,2.190,8.658e-16,prime,0
267,1,z:ilp,nat-oop,2055,4536,5.236,2.207,8.658e-16,prime,1
268,1,z:ilp,nat-oop,2233,2224,4.841,0.996,9.680e-16,prime,0
268,1,z:ilp,nat-oop,2238,2223,4.829,0.993,9.680e-16,prime,1
269,1,z:ilp,nat-oop,2104,2091,5.161,0.994,9.359e-16,prime,0
269,1,z:ilp,nat-oop,2101,2092,5.167,0.996,9.359e-16,prime,1
270,1,z:ilp,nat-oop,231,329,47.135,1.424,6.159e-16,chain3,0
270,1,z:ilp,nat-oop,233,329,46.828,1.415,6.159e-16,chain3,1
271,1,z:ilp,nat-oop,795,2092,13.782,2.633,7.740e-16,prime,0
271,1,z:ilp,nat-oop,990,2093,11.062,2.114,7.740e-16,prime,1
272,1,z:ilp,nat-oop,222,544,49.654,2.458,5.464e-16,2p,0
272,1,z:ilp,nat-oop,221,545,49.694,2.461,5.464e-16,2p,1
273,1,z:ilp,nat-oop,264,335,41.831,1.269,6.814e-16,2p,0
273,1,z:ilp,nat-oop,265,336,41.744,1.269,6.814e-16,2p,1
274,1,z:ilp,nat-oop,2192,5410,5.060,2.467,8.522e-16,prime,0
274,1,z:ilp,nat-oop,2383,5415,4.655,2.272,8.522e-16,prime,1
275,1,z:ilp,nat-oop,252,333,44.251,1.323,4.550e-16,chain3,0
275,1,z:ilp,nat-oop,262,332,42.575,1.270,4.550e-16,chain3,1
276,1,z:ilp,nat-oop,329,759,33.978,2.304,5.604e-16,2p,0
276,1,z:ilp,nat-oop,301,759,37.222,2.525,5.604e-16,2p,1
277,1,z:ilp,nat-oop,1031,2099,10.895,2.035,8.826e-16,prime,0
277,1,z:ilp,nat-oop,991,2139,11.340,2.158,8.826e-16,prime,1
278,1,z:ilp,nat-oop,2284,5479,4.940,2.399,8.051e-16,prime,0
278,1,z:ilp,nat-oop,2262,5477,4.989,2.421,8.051e-16,prime,1
279,1,z:ilp,nat-oop,475,1193,23.856,2.512,4.885e-16,2p,0
279,1,z:ilp,nat-oop,481,1193,23.541,2.479,4.885e-16,2p,1
280,1,z:ilp,nat-oop,212,310,53.745,1.465,5.035e-16,chain3,0
280,1,z:ilp,nat-oop,213,310,53.521,1.459,5.035e-16,chain3,1
281,1,z:ilp,nat-oop,824,2106,13.877,2.557,6.308e-16,prime,0
281,1,z:ilp,nat-oop,820,2106,13.944,2.569,6.308e-16,prime,1
282,1,z:ilp,nat-oop,1184,1536,9.694,1.297,4.854e-16,2p,0
282,1,z:ilp,nat-oop,1103,1527,10.405,1.384,4.854e-16,2p,1
283,1,z:ilp,nat-oop,2130,2106,5.411,0.989,5.677e-16,prime,0
283,1,z:ilp,nat-oop,2138,2104,5.391,0.984,5.677e-16,prime,1
284,1,z:ilp,nat-oop,2119,2532,5.461,1.195,9.102e-16,prime,0
284,1,z:ilp,nat-oop,2138,2531,5.413,1.184,9.102e-16,prime,1
285,1,z:ilp,nat-oop,343,758,33.850,2.208,4.580e-16,2p,0
285,1,z:ilp,nat-oop,328,758,35.379,2.308,4.580e-16,2p,1
286,1,z:ilp,nat-oop,420,442,27.780,1.051,5.555e-16,flat,0
286,1,z:ilp,nat-oop,420,444,27.811,1.059,5.555e-16,flat,1
287,1,z:ilp,nat-oop,534,1729,21.952,3.239,3.687e-16,2p,0
287,1,z:ilp,nat-oop,566,1729,20.717,3.057,3.687e-16,2p,1
288,1,z:ilp,nat-oop,207,338,56.872,1.634,5.032e-16,2p,0
288,1,z:ilp,nat-oop,207,338,56.872,1.632,5.032e-16,2p,1
289,1,z:ilp,nat-oop,341,1102,34.604,3.228,8.399e-16,2p,0
289,1,z:ilp,nat-oop,364,1103,32.473,3.033,8.399e-16,2p,1
290,1,z:ilp,nat-oop,446,984,26.618,2.208,5.529e-16,2p,0
290,1,z:ilp,nat-oop,438,983,27.054,2.242,5.529e-16,2p,1
291,1,z:ilp,nat-oop,2125,2390,5.604,1.124,7.942e-16,prime,0
291,1,z:ilp,nat-oop,2158,2394,5.519,1.110,7.942e-16,prime,1
292,1,z:ilp,nat-oop,2075,2717,5.763,1.310,7.207e-16,prime,0
292,1,z:ilp,nat-oop,2073,2719,5.768,1.312,7.207e-16,prime,1
293,1,z:ilp,nat-oop,2134,2398,5.625,1.124,7.482e-16,prime,0
293,1,z:ilp,nat-oop,2112,2400,5.685,1.136,7.482e-16,prime,1
294,1,z:ilp,nat-oop,255,342,47.262,1.341,4.327e-16,chain3,0
294,1,z:ilp,nat-oop,255,342,47.314,1.344,4.327e-16,chain3,1
295,1,z:ilp,nat-oop,2073,2813,5.837,1.357,8.492e-16,prime,0
295,1,z:ilp,nat-oop,2053,2813,5.893,1.370,8.492e-16,prime,1
296,1,z:ilp,nat-oop,393,1194,30.903,3.036,3.964e-16,2p,0
296,1,z:ilp,nat-oop,405,1195,30.019,2.951,3.964e-16,2p,1
297,1,z:ilp,nat-oop,298,391,40.937,1.311,5.734e-16,chain3,0
297,1,z:ilp,nat-oop,298,391,40.970,1.313,5.734e-16,chain3,1
298,1,z:ilp,nat-oop,2140,6479,5.723,3.028,8.631e-16,prime,0
298,1,z:ilp,nat-oop,2190,6533,5.592,2.983,8.631e-16,prime,1
299,1,z:ilp,nat-oop,374,934,32.895,2.500,5.288e-16,2p,0
299,1,z:ilp,nat-oop,431,939,28.536,2.180,5.288e-16,2p,1
300,1,z:ilp,nat-oop,235,362,52.546,1.540,5.393e-16,chain3,0
300,1,z:ilp,nat-oop,234,358,52.759,1.529,5.393e-16,chain3,1
301,1,z:ilp,nat-oop,681,1909,18.198,2.803,4.885e-16,flat,0
301,1,z:ilp,nat-oop,710,1910,17.449,2.689,4.885e-16,flat,1
302,1,z:ilp,nat-oop,2110,2408,5.896,1.141,8.987e-16,prime,0
302,1,z:ilp,nat-oop,2099,2428,5.927,1.157,8.987e-16,prime,1
303,1,z:ilp,nat-oop,2064,2406,6.050,1.166,7.700e-16,prime,0
303,1,z:ilp,nat-oop,2089,2406,5.979,1.152,7.700e-16,prime,1
304,1,z:ilp,nat-oop,306,658,40.944,2.149,2.947e-16,2p,0
304,1,z:ilp,nat-oop,307,658,40.853,2.144,2.947e-16,2p,1
305,1,z:ilp,nat-oop,2062,3089,6.104,1.498,7.192e-16,prime,0
305,1,z:ilp,nat-oop,2052,3088,6.133,1.505,7.192e-16,prime,1
306,1,z:ilp,nat-oop,315,685,40.084,2.175,5.463e-16,chain3,0
306,1,z:ilp,nat-oop,336,686,37.568,2.038,5.463e-16,chain3,1
307,1,z:ilp,nat-oop,1212,2408,10.460,1.986,1.200e-15,prime,0
307,1,z:ilp,nat-oop,1211,2408,10.469,1.988,1.200e-15,prime,1
308,1,z:ilp,nat-oop,275,387,46.320,1.407,5.658e-16,chain3,0
308,1,z:ilp,nat-oop,275,387,46.281,1.406,5.658e-16,chain3,1
309,1,z:ilp,nat-oop,2125,2412,6.015,1.136,5.911e-16,prime,0
309,1,z:ilp,nat-oop,2144,2410,5.960,1.124,5.911e-16,prime,1
310,1,z:ilp,nat-oop,699,1103,18.344,1.577,5.078e-16,2p,0
310,1,z:ilp,nat-oop,489,1104,26.229,2.258,5.078e-16,2p,1
311,1,z:ilp,nat-oop,1712,2425,7.520,1.417,1.018e-15,prime,0
311,1,z:ilp,nat-oop,1432,2413,8.993,1.685,1.018e-15,prime,1
312,1,z:ilp,nat-oop,282,367,45.880,1.301,5.215e-16,chain3,0
312,1,z:ilp,nat-oop,279,366,46.338,1.314,5.215e-16,chain3,1
313,1,z:ilp,nat-oop,1054,2420,12.312,2.296,9.769e-16,prime,0
313,1,z:ilp,nat-oop,1073,2415,12.087,2.250,9.769e-16,prime,1
314,1,z:ilp,nat-oop,2158,2425,6.033,1.124,7.617e-16,prime,0
314,1,z:ilp,nat-oop,2097,2420,6.211,1.154,7.617e-16,prime,1
315,1,z:ilp,nat-oop,292,396,44.781,1.356,6.860e-16,chain3,0
315,1,z:ilp,nat-oop,292,396,44.718,1.354,6.860e-16,chain3,1
316,1,z:ilp,nat-oop,2177,3210,6.026,1.475,6.631e-16,prime,0
316,1,z:ilp,nat-oop,2191,3208,5.987,1.464,6.631e-16,prime,1
317,1,z:ilp,nat-oop,2191,2425,6.009,1.107,7.857e-16,prime,0
317,1,z:ilp,nat-oop,2218,2421,5.936,1.091,7.857e-16,prime,1
318,1,z:ilp,nat-oop,2086,2003,6.336,0.960,7.497e-16,prime,0
318,1,z:ilp,nat-oop,2091,2002,6.322,0.958,7.497e-16,prime,1
319,1,z:ilp,nat-oop,548,1258,24.192,2.294,5.635e-16,2p,0
319,1,z:ilp,nat-oop,548,1253,24.187,2.285,5.635e-16,2p,1
320,1,z:ilp,nat-oop,208,323,64.165,1.557,2.967e-16,2p,0
320,1,z:ilp,nat-oop,207,323,64.350,1.562,2.967e-16,2p,1
321,1,z:ilp,nat-oop,2090,2657,6.395,1.271,1.059e-15,prime,0
321,1,z:ilp,nat-oop,2063,2650,6.477,1.284,1.059e-15,prime,1
322,1,z:ilp,nat-oop,576,963,23.283,1.672,4.939e-16,flat,0
322,1,z:ilp,nat-oop,545,963,24.597,1.767,4.939e-16,flat,1
323,1,z:ilp,nat-oop,417,1280,32.272,3.067,6.290e-16,2p,0
323,1,z:ilp,nat-oop,396,1287,33.991,3.249,6.290e-16,2p,1
324,1,z:ilp,nat-oop,280,411,48.217,1.468,6.763e-16,chain3,0
324,1,z:ilp,nat-oop,273,411,49.435,1.505,6.763e-16,chain3,1
325,1,z:ilp,nat-oop,330,409,41.069,1.239,7.989e-16,2p,0
325,1,z:ilp,nat-oop,331,412,40.966,1.245,7.989e-16,2p,1
326,1,z:ilp,nat-oop,2228,2660,6.107,1.194,6.303e-16,prime,0
326,1,z:ilp,nat-oop,2248,2654,6.054,1.181,6.303e-16,prime,1
327,1,z:ilp,nat-oop,2088,2655,6.539,1.271,1.261e-15,prime,0
327,1,z:ilp,nat-oop,2206,2667,6.190,1.209,1.261e-15,prime,1
328,1,z:ilp,nat-oop,611,1485,22.446,2.431,4.895e-16,2p,0
328,1,z:ilp,nat-oop,954,1484,14.362,1.556,4.895e-16,2p,1
329,1,z:ilp,nat-oop,929,2337,14.814,2.517,5.076e-16,flat,0
329,1,z:ilp,nat-oop,897,2339,15.326,2.606,5.076e-16,flat,1
330,1,z:ilp,nat-oop,303,400,45.567,1.319,5.322e-16,chain3,0
330,1,z:ilp,nat-oop,304,400,45.436,1.315,5.322e-16,chain3,1
331,1,z:ilp,nat-oop,1119,2654,12.382,2.372,6.409e-16,prime,0
331,1,z:ilp,nat-oop,1128,2662,12.286,2.361,6.409e-16,prime,1
332,1,z:ilp,nat-oop,2110,3574,6.589,1.694,9.760e-16,prime,0
332,1,z:ilp,nat-oop,2100,3575,6.619,1.702,9.760e-16,prime,1
333,1,z:ilp,nat-oop,783,1777,17.820,2.270,6.411e-16,2p,0
333,1,z:ilp,nat-oop,1098,1776,12.710,1.618,6.411e-16,2p,1
334,1,z:ilp,nat-oop,2091,2664,6.696,1.274,9.482e-16,prime,0
334,1,z:ilp,nat-oop,2081,2663,6.728,1.280,9.482e-16,prime,1
335,1,z:ilp,nat-oop,2229,3771,6.303,1.692,7.933e-16,prime,0
335,1,z:ilp,nat-oop,2238,3772,6.279,1.686,7.933e-16,prime,1
336,1,z:ilp,nat-oop,246,347,57.285,1.411,4.026e-16,2p,0
336,1,z:ilp,nat-oop,246,350,57.277,1.422,4.026e-16,2p,1
337,1,z:ilp,nat-oop,1061,2674,13.335,2.520,1.035e-15,prime,0
337,1,z:ilp,nat-oop,1041,2667,13.585,2.561,1.035e-15,prime,1
338,1,z:ilp,nat-oop,517,551,27.477,1.066,1.078e-15,flat,0
338,1,z:ilp,nat-oop,517,552,27.477,1.068,1.078e-15,flat,1
339,1,z:ilp,nat-oop,2239,2705,6.363,1.208,7.485e-16,prime,0
339,1,z:ilp,nat-oop,2318,2672,6.147,1.153,7.485e-16,prime,1
340,1,z:ilp,nat-oop,357,752,39.993,2.105,6.307e-16,chain3,0
340,1,z:ilp,nat-oop,338,752,42.265,2.225,6.307e-16,chain3,1
341,1,z:ilp,nat-oop,645,1423,22.234,2.205,6.769e-16,flat,0
341,1,z:ilp,nat-oop,768,1422,18.667,1.851,6.769e-16,flat,1
342,1,z:ilp,nat-oop,399,820,36.090,2.055,5.108e-16,chain3,0
342,1,z:ilp,nat-oop,381,819,37.773,2.149,5.108e-16,chain3,1
343,1,z:ilp,nat-oop,350,401,41.239,1.145,3.699e-16,chain3,0
343,1,z:ilp,nat-oop,351,400,41.176,1.141,3.699e-16,chain3,1
344,1,z:ilp,nat-oop,516,1639,28.091,3.178,5.498e-16,2p,0
344,1,z:ilp,nat-oop,536,1638,27.018,3.054,5.498e-16,2p,1
345,1,z:ilp,nat-oop,515,1116,28.259,2.169,6.385e-16,2p,0
345,1,z:ilp,nat-oop,476,1113,30.545,2.338,6.385e-16,2p,1
346,1,z:ilp,nat-oop,2173,2674,6.716,1.231,8.130e-16,prime,0
346,1,z:ilp,nat-oop,2210,2675,6.602,1.210,8.130e-16,prime,1
347,1,z:ilp,nat-oop,2122,2675,6.899,1.260,9.158e-16,prime,0
347,1,z:ilp,nat-oop,2127,2677,6.885,1.259,9.158e-16,prime,1
348,1,z:ilp,nat-oop,450,1168,32.676,2.597,4.547e-16,2p,0
348,1,z:ilp,nat-oop,549,1167,26.761,2.125,4.547e-16,2p,1
349,1,z:ilp,nat-oop,1534,2680,9.607,1.747,1.058e-15,prime,0
349,1,z:ilp,nat-oop,1548,2687,9.523,1.736,1.058e-15,prime,1
350,1,z:ilp,nat-oop,286,433,51.675,1.512,3.495e-16,chain3,0
350,1,z:ilp,nat-oop,287,433,51.555,1.509,3.495e-16,chain3,1
351,1,z:ilp,nat-oop,363,481,40.889,1.325,6.146e-16,chain3,0
351,1,z:ilp,nat-oop,365,485,40.600,1.326,6.146e-16,chain3,1
352,1,z:ilp,nat-oop,272,405,54.638,1.487,3.405e-16,2p,0
352,1,z:ilp,nat-oop,273,404,54.595,1.482,3.405e-16,2p,1
353,1,z:ilp,nat-oop,1037,2695,14.404,2.599,6.698e-16,prime,0
353,1,z:ilp,nat-oop,1026,2691,14.557,2.622,6.698e-16,prime,1
354,1,z:ilp,nat-oop,2308,2517,6.493,1.091,8.646e-16,prime,0
354,1,z:ilp,nat-oop,2289,2523,6.548,1.102,8.646e-16,prime,1
355,1,z:ilp,nat-oop,2100,4295,7.160,2.045,7.071e-16,prime,0
355,1,z:ilp,nat-oop,2116,4294,7.106,2.029,7.071e-16,prime,1
356,1,z:ilp,nat-oop,2209,4310,6.829,1.951,6.004e-16,prime,0
356,1,z:ilp,nat-oop,2323,4308,6.495,1.855,6.004e-16,prime,1
357,1,z:ilp,nat-oop,414,915,36.558,2.211,5.328e-16,chain3,0
357,1,z:ilp,nat-oop,415,916,36.500,2.209,5.328e-16,chain3,1
358,1,z:ilp,nat-oop,2205,2687,6.888,1.219,9.630e-16,prime,0
358,1,z:ilp,nat-oop,2095,2697,7.249,1.287,9.630e-16,prime,1
359,1,z:ilp,nat-oop,2102,2685,7.250,1.278,9.584e-16,prime,0
359,1,z:ilp,nat-oop,2087,2693,7.301,1.290,9.584e-16,prime,1
360,1,z:ilp,nat-oop,308,434,49.556,1.407,4.647e-16,chain3,0
360,1,z:ilp,nat-oop,309,436,49.530,1.411,4.647e-16,chain3,1
361,1,z:ilp,nat-oop,493,1536,31.124,3.118,5.186e-16,2p,0
361,1,z:ilp,nat-oop,470,1541,32.610,3.277,5.186e-16,2p,1
362,1,z:ilp,nat-oop,2121,2695,7.254,1.271,1.027e-15,prime,0
362,1,z:ilp,nat-oop,2107,2697,7.303,1.280,1.027e-15,prime,1
363,1,z:ilp,nat-oop,383,458,40.324,1.196,5.715e-16,chain3,0
363,1,z:ilp,nat-oop,383,459,40.264,1.196,5.715e-16,chain3,1
364,1,z:ilp,nat-oop,342,461,45.242,1.346,5.567e-16,chain3,0
364,1,z:ilp,nat-oop,341,461,45.446,1.353,5.567e-16,chain3,1
365,1,z:ilp,nat-oop,2097,4618,7.409,2.203,8.976e-16,prime,0
365,1,z:ilp,nat-oop,2111,4620,7.359,2.189,8.976e-16,prime,1
366,1,z:ilp,nat-oop,2239,2746,6.959,1.226,6.370e-16,prime,0
366,1,z:ilp,nat-oop,2253,2747,6.916,1.219,6.370e-16,prime,1
367,1,z:ilp,nat-oop,2213,2698,7.065,1.220,6.456e-16,prime,0
367,1,z:ilp,nat-oop,2200,2695,7.105,1.225,6.456e-16,prime,1
368,1,z:ilp,nat-oop,475,973,33.033,2.050,3.052e-16,2p,0
368,1,z:ilp,nat-oop,480,950,32.647,1.978,3.052e-16,2p,1
369,1,z:ilp,nat-oop,1264,2275,12.450,1.800,6.291e-16,2p,0
369,1,z:ilp,nat-oop,1014,2281,15.512,2.249,6.291e-16,2p,1
370,1,z:ilp,nat-oop,546,1568,28.909,2.871,4.883e-16,2p,0
370,1,z:ilp,nat-oop,510,1567,30.921,3.070,4.883e-16,2p,1
371,1,z:ilp,nat-oop,2211,3147,7.162,1.424,9.759e-16,prime,0
371,1,z:ilp,nat-oop,2184,3151,7.250,1.443,9.759e-16,prime,1
372,1,z:ilp,nat-oop,607,1308,26.177,2.156,5.226e-16,flat,0
372,1,z:ilp,nat-oop,609,1326,26.101,2.180,5.226e-16,flat,1
373,1,z:ilp,nat-oop,2101,2703,7.582,1.286,8.544e-16,prime,0
373,1,z:ilp,nat-oop,2095,2707,7.606,1.292,8.544e-16,prime,1
374,1,z:ilp,nat-oop,585,963,27.314,1.645,1.292e-15,flat,0
374,1,z:ilp,nat-oop,618,963,25.874,1.559,1.292e-15,flat,1
375,1,z:ilp,nat-oop,349,478,45.925,1.368,5.657e-16,chain3,0
375,1,z:ilp,nat-oop,349,474,45.920,1.358,5.657e-16,chain3,1
376,1,z:ilp,nat-oop,831,2045,19.364,2.462,4.623e-16,2p,0
376,1,z:ilp,nat-oop,1275,2045,12.617,1.604,4.623e-16,2p,1
377,1,z:ilp,nat-oop,632,1520,25.513,2.404,5.334e-16,2p,0
377,1,z:ilp,nat-oop,783,1518,20.605,1.939,5.334e-16,2p,1
378,1,z:ilp,nat-oop,351,458,46.132,1.307,6.527e-16,chain3,0
378,1,z:ilp,nat-oop,349,458,46.345,1.313,6.527e-16,chain3,1
379,1,z:ilp,nat-oop,1728,2707,9.396,1.567,1.057e-15,prime,0
379,1,z:ilp,nat-oop,1741,2753,9.326,1.582,1.057e-15,prime,1
380,1,z:ilp,nat-oop,413,901,39.430,2.181,4.657e-16,chain3,0
380,1,z:ilp,nat-oop,405,901,40.169,2.223,4.657e-16,chain3,1
381,1,z:ilp,nat-oop,2110,2717,7.740,1.287,9.354e-16,prime,0
381,1,z:ilp,nat-oop,2095,2712,7.797,1.295,9.354e-16,prime,1
382,1,z:ilp,nat-oop,2119,2714,7.732,1.281,9.563e-16,prime,0
382,1,z:ilp,nat-oop,2103,2718,7.789,1.292,9.563e-16,prime,1
383,1,z:ilp,nat-oop,2300,2709,7.144,1.178,9.658e-16,prime,0
383,1,z:ilp,nat-oop,2298,2712,7.151,1.180,9.658e-16,prime,1
384,1,z:ilp,nat-oop,272,437,60.646,1.609,4.275e-16,2p,0
384,1,z:ilp,nat-oop,270,440,61.131,1.632,4.275e-16,2p,1
385,1,z:ilp,nat-oop,373,481,44.291,1.290,5.905e-16,chain3,0
385,1,z:ilp,nat-oop,374,499,44.232,1.335,5.905e-16,chain3,1
386,1,z:ilp,nat-oop,2242,3156,7.396,1.407,1.308e-15,prime,0
386,1,z:ilp,nat-oop,2256,3149,7.352,1.396,1.308e-15,prime,1
387,1,z:ilp,nat-oop,769,2512,21.641,3.268,5.865e-16,2p,0
387,1,z:ilp,nat-oop,777,2508,21.409,3.228,5.865e-16,2p,1
388,1,z:ilp,nat-oop,2169,5233,7.693,2.413,8.033e-16,prime,0
388,1,z:ilp,nat-oop,2169,5222,7.691,2.408,8.033e-16,prime,1
389,1,z:ilp,nat-oop,2126,3153,7.873,1.483,1.261e-15,prime,0
389,1,z:ilp,nat-oop,2126,3150,7.872,1.482,1.261e-15,prime,1
390,1,z:ilp,nat-oop,369,480,45.496,1.302,7.692e-16,chain3,0
390,1,z:ilp,nat-oop,374,480,44.887,1.284,7.692e-16,chain3,1
391,1,z:ilp,nat-oop,543,1763,31.009,3.247,6.668e-16,2p,0
391,1,z:ilp,nat-oop,648,1757,25.989,2.713,6.668e-16,2p,1
392,1,z:ilp,nat-oop,332,430,50.886,1.296,4.486e-16,chain3,0
392,1,z:ilp,nat-oop,334,430,50.551,1.287,4.486e-16,chain3,1
393,1,z:ilp,nat-oop,2258,3159,7.500,1.399,8.800e-16,prime,0
393,1,z:ilp,nat-oop,2237,3159,7.572,1.412,8.800e-16,prime,1
394,1,z:ilp,nat-oop,2138,3151,7.946,1.474,1.055e-15,prime,0
394,1,z:ilp,nat-oop,2119,3158,8.014,1.490,1.055e-15,prime,1
395,1,z:ilp,nat-oop,2127,5493,8.010,2.583,1.376e-15,prime,0
395,1,z:ilp,nat-oop,2122,5497,8.029,2.591,1.376e-15,prime,1
396,1,z:ilp,nat-oop,373,509,45.805,1.364,5.640e-16,chain3,0
396,1,z:ilp,nat-oop,373,509,45.776,1.363,5.640e-16,chain3,1
397,1,z:ilp,nat-oop,1503,3160,11.405,2.103,8.613e-16,prime,0
397,1,z:ilp,nat-oop,1509,3165,11.355,2.097,8.613e-16,prime,1
398,1,z:ilp,nat-oop,2130,3164,8.069,1.485,9.682e-16,prime,0
398,1,z:ilp,nat-oop,2123,3160,8.097,1.489,9.682e-16,prime,1
399,1,z:ilp,nat-oop,496,1086,34.771,2.190,6.187e-16,chain3,0
399,1,z:ilp,nat-oop,489,1085,35.237,2.217,6.187e-16,chain3,1
400,1,z:ilp,nat-oop,311,436,55.522,1.399,4.498e-16,2p,0
400,1,z:ilp,nat-oop,310,436,55.813,1.408,4.498e-16,2p,1
401,1,z:ilp,nat-oop,1327,2598,13.070,1.959,8.025e-16,prime,0
401,1,z:ilp,nat-oop,1306,2614,13.280,2.002,8.025e-16,prime,1
402,1,z:ilp,nat-oop,2263,3352,7.683,1.481,7.571e-16,prime,0
402,1,z:ilp,nat-oop,2282,3352,7.621,1.469,7.571e-16,prime,1
403,1,z:ilp,nat-oop,715,1718,24.382,2.402,6.973e-16,2p,0
403,1,z:ilp,nat-oop,729,1718,23.925,2.357,6.973e-16,2p,1
404,1,z:ilp,nat-oop,2314,5778,7.559,2.497,7.894e-16,prime,0
404,1,z:ilp,nat-oop,2341,5779,7.472,2.469,7.894e-16,prime,1
405,1,z:ilp,nat-oop,392,548,44.766,1.398,6.616e-16,chain3,0
405,1,z:ilp,nat-oop,421,548,41.634,1.300,6.616e-16,chain3,1
406,1,z:ilp,nat-oop,970,1456,18.128,1.500,6.328e-16,flat,0
406,1,z:ilp,nat-oop,840,1455,20.942,1.733,6.328e-16,flat,1
407,1,z:ilp,nat-oop,714,2136,24.691,2.989,4.603e-16,2p,0
407,1,z:ilp,nat-oop,683,2141,25.847,3.136,4.603e-16,2p,1
408,1,z:ilp,nat-oop,450,907,39.321,2.016,5.296e-16,chain3,0
408,1,z:ilp,nat-oop,437,908,40.484,2.078,5.296e-16,chain3,1
409,1,z:ilp,nat-oop,1644,2622,10.792,1.595,9.795e-16,prime,0
409,1,z:ilp,nat-oop,1679,2627,10.566,1.564,9.795e-16,prime,1
410,1,z:ilp,nat-oop,795,1936,22.393,2.436,4.121e-16,2p,0
410,1,z:ilp,nat-oop,1237,1934,14.380,1.563,4.121e-16,2p,1
411,1,z:ilp,nat-oop,2245,2615,7.950,1.165,1.538e-15,prime,0
411,1,z:ilp,nat-oop,2279,2611,7.828,1.145,1.538e-15,prime,1
412,1,z:ilp,nat-oop,2212,5872,8.089,2.654,8.033e-16,prime,0
412,1,z:ilp,nat-oop,2286,5871,7.828,2.569,8.033e-16,prime,1
413,1,z:ilp,nat-oop,2208,3950,8.128,1.789,7.766e-16,prime,0
413,1,z:ilp,nat-oop,2208,3952,8.129,1.790,7.766e-16,prime,1
414,1,z:ilp,nat-oop,536,1163,33.572,2.169,6.087e-16,chain3,0
414,1,z:ilp,nat-oop,537,1163,33.505,2.166,6.087e-16,chain3,1
415,1,z:ilp,nat-oop,2336,6250,7.724,2.675,9.354e-16,prime,0
415,1,z:ilp,nat-oop,2245,6247,8.038,2.783,9.354e-16,prime,1
416,1,z:ilp,nat-oop,337,486,53.722,1.441,6.031e-16,2p,0
416,1,z:ilp,nat-oop,337,485,53.692,1.440,6.031e-16,2p,1
417,1,z:ilp,nat-oop,2279,2631,7.964,1.155,7.203e-16,prime,0
417,1,z:ilp,nat-oop,2362,2618,7.684,1.108,7.203e-16,prime,1
418,1,z:ilp,nat-oop,661,1142,27.545,1.728,1.005e-15,flat,0
418,1,z:ilp,nat-oop,690,1159,26.356,1.679,1.005e-15,flat,1
419,1,z:ilp,nat-oop,2159,2631,8.453,1.219,8.854e-16,prime,0
419,1,z:ilp,nat-oop,2142,2617,8.519,1.222,8.854e-16,prime,1
420,1,z:ilp,nat-oop,363,495,50.452,1.365,6.503e-16,chain3,0
420,1,z:ilp,nat-oop,361,502,50.670,1.391,6.503e-16,chain3,1
421,1,z:ilp,nat-oop,1985,2629,9.244,1.324,9.674e-16,prime,0
421,1,z:ilp,nat-oop,2022,2624,9.076,1.298,9.674e-16,prime,1
422,1,z:ilp,nat-oop,2237,2635,8.226,1.178,8.915e-16,prime,0
422,1,z:ilp,nat-oop,2273,2637,8.097,1.160,8.915e-16,prime,1
423,1,z:ilp,nat-oop,1202,3066,15.348,2.550,7.021e-16,flat,0
423,1,z:ilp,nat-oop,1132,3059,16.307,2.704,7.021e-16,flat,1
424,1,z:ilp,nat-oop,2149,2681,8.609,1.247,1.079e-15,prime,0
424,1,z:ilp,nat-oop,2144,2682,8.630,1.251,1.079e-15,prime,1
425,1,z:ilp,nat-oop,464,1148,40.026,2.476,6.372e-16,2p,0
425,1,z:ilp,nat-oop,462,1081,40.203,2.343,6.372e-16,2p,1
426,1,z:ilp,nat-oop,2148,3817,8.660,1.777,5.988e-16,prime,0
426,1,z:ilp,nat-oop,2206,3817,8.434,1.731,5.988e-16,prime,1
427,1,z:ilp,nat-oop,2117,4340,8.812,2.050,8.754e-16,prime,0
427,1,z:ilp,nat-oop,2236,4336,8.343,1.939,8.754e-16,prime,1
428,1,z:ilp,nat-oop,2340,6360,7.994,2.718,7.639e-16,prime,0
428,1,z:ilp,nat-oop,2333,6366,8.019,2.729,7.639e-16,prime,1
429,1,z:ilp,nat-oop,477,555,39.360,1.165,5.598e-16,chain3,0
429,1,z:ilp,nat-oop,481,556,39.022,1.156,5.598e-16,chain3,1
430,1,z:ilp,nat-oop,670,2132,28.085,3.183,4.090e-16,2p,0
430,1,z:ilp,nat-oop,682,2140,27.581,3.138,4.090e-16,2p,1
431,1,z:ilp,nat-oop,2148,2634,8.779,1.226,9.457e-16,prime,0
431,1,z:ilp,nat-oop,2124,2622,8.880,1.235,9.457e-16,prime,1
432,1,z:ilp,nat-oop,335,510,56.370,1.521,6.325e-16,2p,0
432,1,z:ilp,nat-oop,335,511,56.513,1.527,6.325e-16,2p,1
433,1,z:ilp,nat-oop,1709,2648,11.098,1.550,9.117e-16,prime,0
433,1,z:ilp,nat-oop,1554,2645,12.200,1.702,9.117e-16,prime,1
434,1,z:ilp,nat-oop,1043,1630,18.235,1.563,5.362e-16,flat,0
434,1,z:ilp,nat-oop,1043,1629,18.232,1.563,5.362e-16,flat,1
435,1,z:ilp,nat-oop,746,1782,25.560,2.389,6.898e-16,2p,0
435,1,z:ilp,nat-oop,642,1781,29.710,2.776,6.898e-16,2p,1
436,1,z:ilp,nat-oop,2295,6768,8.328,2.949,1.129e-15,prime,0
436,1,z:ilp,nat-oop,2395,6770,7.983,2.827,1.129e-15,prime,1
437,1,z:ilp,nat-oop,645,2114,29.727,3.279,6.281e-16,2p,0
437,1,z:ilp,nat-oop,750,2093,25.564,2.792,6.281e-16,2p,1
438,1,z:ilp,nat-oop,2277,4092,8.439,1.797,7.954e-16,prime,0
438,1,z:ilp,nat-oop,2133,4094,9.010,1.919,7.954e-16,prime,1
439,1,z:ilp,nat-oop,2154,2643,8.947,1.227,9.628e-16,prime,0
439,1,z:ilp,nat-oop,2294,2635,8.399,1.149,9.628e-16,prime,1
440,1,z:ilp,nat-oop,383,540,50.380,1.407,4.868e-16,chain3,0
440,1,z:ilp,nat-oop,384,542,50.366,1.414,4.868e-16,chain3,1
441,1,z:ilp,nat-oop,449,567,43.183,1.264,4.945e-16,chain3,0
441,1,z:ilp,nat-oop,446,566,43.396,1.269,4.945e-16,chain3,1
442,1,z:ilp,nat-oop,717,1176,27.080,1.640,9.426e-16,flat,0
442,1,z:ilp,nat-oop,709,1176,27.407,1.660,9.426e-16,flat,1
443,1,z:ilp,nat-oop,2158,2647,9.025,1.227,9.592e-16,prime,0
443,1,z:ilp,nat-oop,2160,2653,9.014,1.228,9.592e-16,prime,1
444,1,z:ilp,nat-oop,639,1866,30.559,2.920,8.263e-16,2p,0
444,1,z:ilp,nat-oop,677,1861,28.846,2.750,8.263e-16,2p,1
445,1,z:ilp,nat-oop,2387,7596,8.202,3.183,7.435e-16,prime,0
445,1,z:ilp,nat-oop,2259,7591,8.666,3.361,7.435e-16,prime,1
446,1,z:ilp,nat-oop,2127,2683,9.226,1.261,8.598e-16,prime,0
446,1,z:ilp,nat-oop,2174,2654,9.026,1.220,8.598e-16,prime,1
447,1,z:ilp,nat-oop,2135,2674,9.217,1.253,1.001e-15,prime,0
447,1,z:ilp,nat-oop,2146,2646,9.169,1.233,1.001e-15,prime,1
448,1,z:ilp,nat-oop,351,444,56.262,1.265,3.026e-16,chain3,0
448,1,z:ilp,nat-oop,351,444,56.198,1.265,3.026e-16,chain3,1
449,1,z:ilp,nat-oop,1532,2662,12.913,1.738,8.797e-16,prime,0
449,1,z:ilp,nat-oop,1481,2667,13.360,1.802,8.797e-16,prime,1
450,1,z:ilp,nat-oop,401,588,49.421,1.466,5.106e-16,chain3,0
450,1,z:ilp,nat-oop,405,566,48.910,1.395,5.106e-16,chain3,1
451,1,z:ilp,nat-oop,1193,2744,16.666,2.300,6.656e-16,2p,0
451,1,z:ilp,nat-oop,1667,2748,11.929,1.649,6.656e-16,2p,1
452,1,z:ilp,nat-oop,2155,7300,9.248,3.387,1.280e-15,prime,0
452,1,z:ilp,nat-oop,2142,7303,9.306,3.409,1.280e-15,prime,1
453,1,z:ilp,nat-oop,2145,2679,9.318,1.249,1.078e-15,prime,0
453,1,z:ilp,nat-oop,2146,2664,9.312,1.241,1.078e-15,prime,1
454,1,z:ilp,nat-oop,2162,2661,9.266,1.231,1.208e-15,prime,0
454,1,z:ilp,nat-oop,2158,2663,9.285,1.234,1.208e-15,prime,1
455,1,z:ilp,nat-oop,459,585,43.729,1.273,5.612e-16,chain3,0
455,1,z:ilp,nat-oop,465,584,43.219,1.257,5.612e-16,chain3,1
456,1,z:ilp,nat-oop,490,1085,41.062,2.213,6.300e-16,chain3,0
456,1,z:ilp,nat-oop,491,1085,41.032,2.211,6.300e-16,chain3,1
457,1,z:ilp,nat-oop,1971,2662,10.243,1.350,9.079e-16,prime,0
457,1,z:ilp,nat-oop,1921,2663,10.511,1.386,9.079e-16,prime,1
458,1,z:ilp,nat-oop,2211,2671,9.154,1.208,9.220e-16,prime,0
458,1,z:ilp,nat-oop,2163,2662,9.357,1.231,9.220e-16,prime,1
459,1,z:ilp,nat-oop,568,1206,35.707,2.122,5.843e-16,chain3,0
459,1,z:ilp,nat-oop,542,1206,37.455,2.226,5.843e-16,chain3,1
460,1,z:ilp,nat-oop,591,1285,34.441,2.175,6.863e-16,flat,0
460,1,z:ilp,nat-oop,593,1285,34.312,2.167,6.863e-16,flat,1
461,1,z:ilp,nat-oop,2212,2684,9.219,1.213,1.073e-15,prime,0
461,1,z:ilp,nat-oop,2179,2674,9.362,1.227,1.073e-15,prime,1
462,1,z:ilp,nat-oop,468,606,43.726,1.296,6.367e-16,chain3,0
462,1,z:ilp,nat-oop,456,606,44.795,1.328,6.367e-16,chain3,1
463,1,z:ilp,nat-oop,1804,2671,11.365,1.481,7.752e-16,prime,0
463,1,z:ilp,nat-oop,1824,2677,11.237,1.468,7.752e-16,prime,1
464,1,z:ilp,nat-oop,655,1481,31.391,2.263,3.859e-16,2p,0
464,1,z:ilp,nat-oop,656,1480,31.327,2.256,3.859e-16,2p,1
465,1,z:ilp,nat-oop,806,2012,25.557,2.496,5.592e-16,2p,0
465,1,z:ilp,nat-oop,1123,2012,18.347,1.792,5.592e-16,2p,1
466,1,z:ilp,nat-oop,2162,2681,9.552,1.240,9.105e-16,prime,0
466,1,z:ilp,nat-oop,2226,2671,9.278,1.200,9.105e-16,prime,1
467,1,z:ilp,nat-oop,2244,2657,9.226,1.184,7.762e-16,prime,0
467,1,z:ilp,nat-oop,2216,2671,9.343,1.205,7.762e-16,prime,1
468,1,z:ilp,nat-oop,482,610,43.079,1.266,7.468e-16,chain3,0
468,1,z:ilp,nat-oop,510,610,40.721,1.196,7.468e-16,chain3,1
469,1,z:ilp,nat-oop,2243,5389,9.278,2.403,7.554e-16,prime,0
469,1,z:ilp,nat-oop,2237,5298,9.301,2.368,7.554e-16,prime,1
470,1,z:ilp,nat-oop,1650,2651,12.642,1.606,5.313e-16,2p,0
470,1,z:ilp,nat-oop,1074,2650,19.430,2.468,5.313e-16,2p,1
471,1,z:ilp,nat-oop,2220,2670,9.418,1.203,1.127e-15,prime,0
471,1,z:ilp,nat-oop,2188,2674,9.557,1.222,1.127e-15,prime,1
472,1,z:ilp,nat-oop,2337,3376,8.971,1.445,9.889e-16,prime,0
472,1,z:ilp,nat-oop,2203,3377,9.516,1.533,9.889e-16,prime,1
473,1,z:ilp,nat-oop,927,3029,22.668,3.268,6.874e-16,2p,0
473,1,z:ilp,nat-oop,950,3073,22.126,3.235,6.874e-16,2p,1
474,1,z:ilp,nat-oop,2221,4833,9.487,2.177,6.916e-16,prime,0
474,1,z:ilp,nat-oop,2226,4827,9.463,2.168,6.916e-16,prime,1
475,1,z:ilp,nat-oop,541,1285,39.068,2.377,5.033e-16,2p,0
475,1,z:ilp,nat-oop,551,1284,38.357,2.333,5.033e-16,2p,1
476,1,z:ilp,nat-oop,572,1106,37.035,1.935,5.079e-16,chain3,0
476,1,z:ilp,nat-oop,560,1106,37.821,1.976,5.079e-16,chain3,1
477,1,z:ilp,nat-oop,2165,4112,9.803,1.899,9.366e-16,prime,0
477,1,z:ilp,nat-oop,2204,4111,9.629,1.865,9.366e-16,prime,1
478,1,z:ilp,nat-oop,2263,2684,9.401,1.186,9.817e-16,prime,0
478,1,z:ilp,nat-oop,2191,2691,9.709,1.228,9.817e-16,prime,1
479,1,z:ilp,nat-oop,2220,2682,9.604,1.208,9.079e-16,prime,0
479,1,z:ilp,nat-oop,2190,2680,9.736,1.223,9.079e-16,prime,1
480,1,z:ilp,nat-oop,378,582,56.610,1.542,5.265e-16,2p,0
480,1,z:ilp,nat-oop,394,583,54.257,1.480,5.265e-16,2p,1
481,1,z:ilp,nat-oop,812,2574,26.375,3.168,5.843e-16,2p,0
481,1,z:ilp,nat-oop,832,2581,25.757,3.102,5.843e-16,2p,1
482,1,z:ilp,nat-oop,2176,2704,9.872,1.243,8.356e-16,prime,0
482,1,z:ilp,nat-oop,2277,2704,9.435,1.188,8.356e-16,prime,1
483,1,z:ilp,nat-oop,729,1589,29.533,2.179,5.105e-16,2p,0
483,1,z:ilp,nat-oop,701,1588,30.735,2.266,5.105e-16,2p,1
484,1,z:ilp,nat-oop,548,656,39.409,1.198,4.433e-16,chain3,0
484,1,z:ilp,nat-oop,529,656,40.778,1.238,4.433e-16,chain3,1
485,1,z:ilp,nat-oop,2168,2691,9.980,1.241,7.325e-16,prime,0
485,1,z:ilp,nat-oop,2160,2706,10.017,1.253,7.325e-16,prime,1
486,1,z:ilp,nat-oop,484,656,44.797,1.354,6.583e-16,chain3,0
486,1,z:ilp,nat-oop,485,655,44.694,1.351,6.583e-16,chain3,1
487,1,z:ilp,nat-oop,2253,2696,9.647,1.196,7.873e-16,prime,0
487,1,z:ilp,nat-oop,2229,2689,9.752,1.206,7.873e-16,prime,1
488,1,z:ilp,nat-oop,2176,3679,10.015,1.691,7.232e-16,prime,0
488,1,z:ilp,nat-oop,2160,3680,10.087,1.703,7.232e-16,prime,1
489,1,z:ilp,nat-oop,2244,2704,9.736,1.205,1.008e-15,prime,0
489,1,z:ilp,nat-oop,2221,2698,9.834,1.215,1.008e-15,prime,1
490,1,z:ilp,nat-oop,473,705,46.251,1.489,5.756e-16,chain3,0
490,1,z:ilp,nat-oop,452,705,48.408,1.558,5.756e-16,chain3,1
491,1,z:ilp,nat-oop,1898,2689,11.564,1.417,8.870e-16,prime,0
491,1,z:ilp,nat-oop,1883,2698,11.652,1.433,8.870e-16,prime,1
492,1,z:ilp,nat-oop,1703,2303,12.920,1.352,4.778e-16,2p,0
492,1,z:ilp,nat-oop,964,2303,22.830,2.390,4.778e-16,2p,1
493,1,z:ilp,nat-oop,959,2648,22.986,2.761,6.422e-16,2p,0
493,1,z:ilp,nat-oop,807,2707,27.325,3.355,6.422e-16,2p,1
494,1,z:ilp,nat-oop,848,1394,26.052,1.643,1.386e-15,flat,0
494,1,z:ilp,nat-oop,896,1396,24.660,1.558,1.386e-15,flat,1
495,1,z:ilp,nat-oop,595,667,37.219,1.121,6.213e-16,flat,0
495,1,z:ilp,nat-oop,595,675,37.252,1.134,6.213e-16,flat,1
496,1,z:ilp,nat-oop,804,1666,27.626,2.073,5.741e-16,flat,0
496,1,z:ilp,nat-oop,833,1666,26.647,1.999,5.741e-16,flat,1
497,1,z:ilp,nat-oop,2169,6039,10.260,2.784,7.905e-16,prime,0
497,1,z:ilp,nat-oop,2167,6034,10.270,2.784,7.905e-16,prime,1
498,1,z:ilp,nat-oop,2267,5383,9.839,2.374,8.608e-16,prime,0
498,1,z:ilp,nat-oop,2267,5380,9.842,2.373,8.608e-16,prime,1
499,1,z:ilp,nat-oop,2157,2716,10.367,1.259,9.506e-16,prime,0
499,1,z:ilp,nat-oop,2170,2701,10.304,1.244,9.506e-16,prime,1
500,1,z:ilp,nat-oop,429,657,52.293,1.532,5.417e-16,chain3,0
500,1,z:ilp,nat-oop,435,632,51.549,1.453,5.417e-16,chain3,1
501,1,z:ilp,nat-oop,2207,2732,10.180,1.238,9.691e-16,prime,0
501,1,z:ilp,nat-oop,2229,2721,10.077,1.220,9.691e-16,prime,1
502,1,z:ilp,nat-oop,2263,2726,9.949,1.204,9.826e-16,prime,0
502,1,z:ilp,nat-oop,2255,2716,9.987,1.204,9.826e-16,prime,1
503,1,z:ilp,nat-oop,2211,2706,10.209,1.224,7.955e-16,prime,0
503,1,z:ilp,nat-oop,2207,2711,10.225,1.228,7.955e-16,prime,1
504,1,z:ilp,nat-oop,524,663,43.159,1.265,7.176e-16,chain3,0
504,1,z:ilp,nat-oop,458,663,49.405,1.449,7.176e-16,chain3,1
505,1,z:ilp,nat-oop,2185,2733,10.379,1.251,1.028e-15,prime,0
505,1,z:ilp,nat-oop,2182,2716,10.394,1.245,1.028e-15,prime,1
506,1,z:ilp,nat-oop,891,1747,25.502,1.960,1.192e-15,flat,0
506,1,z:ilp,nat-oop,1005,1746,22.615,1.737,1.192e-15,flat,1
507,1,z:ilp,nat-oop,628,743,36.270,1.183,6.342e-16,chain3,0
507,1,z:ilp,nat-oop,644,712,35.370,1.105,6.342e-16,chain3,1
508,1,z:ilp,nat-oop,2198,9126,10.386,4.152,1.091e-15,prime,0
508,1,z:ilp,nat-oop,2198,9125,10.386,4.151,1.091e-15,prime,1
509,1,z:ilp,nat-oop,2313,2724,9.894,1.178,8.552e-16,prime,0
509,1,z:ilp,nat-oop,2308,2730,9.916,1.183,8.552e-16,prime,1
510,1,z:ilp,nat-oop,545,1285,42.113,2.359,7.581e-16,chain3,0
510,1,z:ilp,nat-oop,553,1263,41.467,2.284,7.581e-16,chain3,1
511,1,z:ilp,nat-oop,2182,6477,10.535,2.968,9.491e-16,prime,0
511,1,z:ilp,nat-oop,2208,6483,10.413,2.937,9.491e-16,prime,1
512,1,z:ilp,nat-oop,299,294,77.083,0.985,3.080e-16,2p,0
512,1,z:ilp,nat-oop,299,297,76.965,0.991,3.080e-16,2p,1
513,1,z:ilp,nat-oop,580,1468,39.793,2.530,5.596e-16,2p,0
513,1,z:ilp,nat-oop,580,1478,39.800,2.548,5.596e-16,2p,1
514,1,z:ilp,nat-oop,4785,4617,4.837,0.965,1.079e-15,prime,0
514,1,z:ilp,nat-oop,4805,4609,4.817,0.959,1.079e-15,prime,1
515,1,z:ilp,nat-oop,4780,4572,4.852,0.956,6.586e-16,prime,0
515,1,z:ilp,nat-oop,4838,4574,4.795,0.945,6.586e-16,prime,1
516,1,z:ilp,nat-oop,943,2780,24.661,2.949,5.721e-16,flat,0
516,1,z:ilp,nat-oop,940,2772,24.746,2.951,5.721e-16,flat,1
517,1,z:ilp,nat-oop,1329,3710,17.533,2.791,7.339e-16,flat,0
517,1,z:ilp,nat-oop,1356,3707,17.185,2.734,7.339e-16,flat,1
518,1,z:ilp,nat-oop,1207,2531,19.352,2.098,6.245e-16,flat,0
518,1,z:ilp,nat-oop,1199,2529,19.479,2.109,6.245e-16,flat,1
519,1,z:ilp,nat-oop,4769,4585,4.908,0.961,5.228e-16,prime,0
519,1,z:ilp,nat-oop,4861,4571,4.815,0.940,5.228e-16,prime,1
520,1,z:ilp,nat-oop,520,769,45.070,1.477,7.140e-16,chain3,0
520,1,z:ilp,nat-oop,525,767,44.692,1.462,7.140e-16,chain3,1
521,1,z:ilp,nat-oop,1978,4601,11.883,2.325,1.129e-15,prime,0
521,1,z:ilp,nat-oop,1959,4593,12.004,2.345,1.129e-15,prime,1
522,1,z:ilp,nat-oop,1010,1969,23.320,1.949,5.436e-16,chain3,0
522,1,z:ilp,nat-oop,841,1971,28.009,2.343,5.436e-16,chain3,1
523,1,z:ilp,nat-oop,3610,4617,6.541,1.279,8.395e-16,prime,0
523,1,z:ilp,nat-oop,2955,4580,7.990,1.550,8.395e-16,prime,1
524,1,z:ilp,nat-oop,4821,9775,4.909,2.027,6.639e-16,prime,0
524,1,z:ilp,nat-oop,6035,9775,3.922,1.620,6.639e-16,prime,1
525,1,z:ilp,nat-oop,600,720,39.549,1.200,6.857e-16,2p,0
525,1,z:ilp,nat-oop,541,721,43.874,1.334,6.857e-16,2p,1
526,1,z:ilp,nat-oop,4853,4607,4.899,0.949,9.385e-16,prime,0
526,1,z:ilp,nat-oop,4771,4605,4.983,0.965,9.385e-16,prime,1
527,1,z:ilp,nat-oop,912,2969,26.136,3.257,9.421e-16,2p,0
527,1,z:ilp,nat-oop,1092,2964,21.810,2.714,9.421e-16,2p,1
528,1,z:ilp,nat-oop,522,733,45.718,1.404,5.521e-16,chain3,0
528,1,z:ilp,nat-oop,486,729,49.092,1.499,5.521e-16,chain3,1
529,1,z:ilp,nat-oop,895,2774,26.736,3.099,6.526e-16,2p,0
529,1,z:ilp,nat-oop,894,2777,26.762,3.106,6.526e-16,2p,1
530,1,z:ilp,nat-oop,4773,3977,5.025,0.833,7.165e-16,prime,0
530,1,z:ilp,nat-oop,4873,3979,4.921,0.816,7.165e-16,prime,1
531,1,z:ilp,nat-oop,4800,5164,5.007,1.076,7.550e-16,prime,0
531,1,z:ilp,nat-oop,4761,5162,5.048,1.084,7.550e-16,prime,1
532,1,z:ilp,nat-oop,662,1438,36.411,2.174,4.995e-16,flat,0
532,1,z:ilp,nat-oop,666,1437,36.183,2.159,4.995e-16,flat,1
533,1,z:ilp,nat-oop,1007,3298,23.965,3.274,6.408e-16,2p,0
533,1,z:ilp,nat-oop,1003,3296,24.055,3.285,6.408e-16,2p,1
534,1,z:ilp,nat-oop,4769,6496,5.073,1.362,5.751e-16,prime,0
534,1,z:ilp,nat-oop,4810,6500,5.029,1.351,5.751e-16,prime,1
535,1,z:ilp,nat-oop,4805,4589,5.045,0.955,9.017e-16,prime,0
535,1,z:ilp,nat-oop,4796,4594,5.055,0.958,9.017e-16,prime,1
536,1,z:ilp,nat-oop,4789,4488,5.074,0.937,6.774e-16,prime,0
536,1,z:ilp,nat-oop,4791,4488,5.071,0.937,6.774e-16,prime,1
537,1,z:ilp,nat-oop,4796,4610,5.078,0.961,7.431e-16,prime,0
537,1,z:ilp,nat-oop,4863,4607,5.007,0.947,7.431e-16,prime,1
538,1,z:ilp,nat-oop,4753,4615,5.134,0.971,9.585e-16,prime,0
538,1,z:ilp,nat-oop,4917,4608,4.963,0.937,9.585e-16,prime,1
539,1,z:ilp,nat-oop,677,721,36.146,1.066,7.699e-16,flat,0
539,1,z:ilp,nat-oop,699,721,34.984,1.031,7.699e-16,flat,1
540,1,z:ilp,nat-oop,481,758,50.907,1.574,7.583e-16,chain3,0
540,1,z:ilp,nat-oop,481,757,50.913,1.572,7.583e-16,chain3,1
541,1,z:ilp,nat-oop,3037,4614,8.088,1.520,7.974e-16,prime,0
541,1,z:ilp,nat-oop,3064,4619,8.016,1.508,7.974e-16,prime,1
542,1,z:ilp,nat-oop,5006,4622,4.917,0.923,1.048e-15,prime,0
542,1,z:ilp,nat-oop,4897,4675,5.026,0.955,1.048e-15,prime,1
543,1,z:ilp,nat-oop,4784,4614,5.156,0.965,7.152e-16,prime,0
543,1,z:ilp,nat-oop,4921,4612,5.013,0.937,7.152e-16,prime,1
544,1,z:ilp,nat-oop,522,1354,47.340,2.593,5.589e-16,2p,0
544,1,z:ilp,nat-oop,532,1354,46.484,2.547,5.589e-16,2p,1
545,1,z:ilp,nat-oop,5055,4616,4.900,0.913,7.726e-16,prime,0
545,1,z:ilp,nat-oop,5015,4623,4.939,0.922,7.726e-16,prime,1
546,1,z:ilp,nat-oop,640,811,38.769,1.266,6.621e-16,chain3,0
546,1,z:ilp,nat-oop,641,806,38.744,1.258,6.621e-16,chain3,1
547,1,z:ilp,nat-oop,2206,4621,11.276,2.094,1.050e-15,prime,0
547,1,z:ilp,nat-oop,2228,4603,11.167,2.066,1.050e-15,prime,1
548,1,z:ilp,nat-oop,4889,11108,5.099,2.272,6.348e-16,prime,0
548,1,z:ilp,nat-oop,4873,11077,5.116,2.273,6.348e-16,prime,1
549,1,z:ilp,nat-oop,4816,5655,5.187,1.174,8.428e-16,prime,0
549,1,z:ilp,nat-oop,5031,5655,4.965,1.124,8.428e-16,prime,1
550,1,z:ilp,nat-oop,592,819,42.316,1.385,5.272e-16,chain3,0
550,1,z:ilp,nat-oop,606,819,41.280,1.351,5.272e-16,chain3,1
551,1,z:ilp,nat-oop,947,3101,26.498,3.275,3.984e-16,2p,0
551,1,z:ilp,nat-oop,949,3139,26.447,3.309,3.984e-16,2p,1
552,1,z:ilp,nat-oop,921,1744,27.308,1.895,5.962e-16,flat,0
552,1,z:ilp,nat-oop,875,1743,28.723,1.991,5.962e-16,flat,1
553,1,z:ilp,nat-oop,5433,7718,4.637,1.420,7.825e-16,prime,0
553,1,z:ilp,nat-oop,4897,7710,5.145,1.575,7.825e-16,prime,1
554,1,z:ilp,nat-oop,4786,4650,5.274,0.972,9.913e-16,prime,0
554,1,z:ilp,nat-oop,4832,4650,5.225,0.962,9.913e-16,prime,1
555,1,z:ilp,nat-oop,932,3007,27.146,3.227,7.248e-16,2p,0
555,1,z:ilp,nat-oop,946,3007,26.733,3.178,7.248e-16,2p,1
556,1,z:ilp,nat-oop,4873,11262,5.202,2.311,7.919e-16,prime,0
556,1,z:ilp,nat-oop,4872,11214,5.203,2.301,7.919e-16,prime,1
557,1,z:ilp,nat-oop,4863,4634,5.224,0.953,8.227e-16,prime,0
557,1,z:ilp,nat-oop,5017,4655,5.063,0.928,8.227e-16,prime,1
558,1,z:ilp,nat-oop,959,2250,26.535,2.345,6.642e-16,chain3,0
558,1,z:ilp,nat-oop,983,2202,25.895,2.239,6.642e-16,chain3,1
559,1,z:ilp,nat-oop,1150,3643,22.187,3.168,6.384e-16,2p,0
559,1,z:ilp,nat-oop,1104,3638,23.105,3.295,6.384e-16,2p,1
560,1,z:ilp,nat-oop,490,655,52.220,1.339,4.585e-16,chain3,0
560,1,z:ilp,nat-oop,478,655,53.501,1.370,4.585e-16,chain3,1
561,1,z:ilp,nat-oop,851,1479,30.085,1.738,1.302e-15,flat,0
561,1,z:ilp,nat-oop,866,1480,29.576,1.709,1.302e-15,flat,1
562,1,z:ilp,nat-oop,4853,4641,5.289,0.956,8.090e-16,prime,0
562,1,z:ilp,nat-oop,4803,4633,5.344,0.965,8.090e-16,prime,1
563,1,z:ilp,nat-oop,4931,4631,5.216,0.939,1.172e-15,prime,0
563,1,z:ilp,nat-oop,4856,4635,5.297,0.955,1.172e-15,prime,1
564,1,z:ilp,nat-oop,1171,3428,22.001,2.926,4.620e-16,flat,0
564,1,z:ilp,nat-oop,1141,3429,22.595,3.006,4.620e-16,flat,1
565,1,z:ilp,nat-oop,4922,4717,5.247,0.958,6.429e-16,prime,0
565,1,z:ilp,nat-oop,5011,4657,5.154,0.929,6.429e-16,prime,1
566,1,z:ilp,nat-oop,4917,4646,5.263,0.945,9.944e-16,prime,0
566,1,z:ilp,nat-oop,4941,4642,5.237,0.939,9.944e-16,prime,1
567,1,z:ilp,nat-oop,607,834,42.727,1.374,7.089e-16,2p,0
567,1,z:ilp,nat-oop,602,837,43.092,1.392,7.089e-16,2p,1
568,1,z:ilp,nat-oop,4847,5112,5.362,1.055,9.330e-16,prime,0
568,1,z:ilp,nat-oop,4844,5109,5.364,1.055,9.330e-16,prime,1
569,1,z:ilp,nat-oop,4791,4643,5.435,0.969,8.345e-16,prime,0
569,1,z:ilp,nat-oop,4962,4772,5.247,0.962,8.345e-16,prime,1
570,1,z:ilp,nat-oop,878,1507,29.718,1.716,6.895e-16,flat,0
570,1,z:ilp,nat-oop,930,1509,28.042,1.622,6.895e-16,flat,1
571,1,z:ilp,nat-oop,2757,4659,9.484,1.690,8.468e-16,prime,0
571,1,z:ilp,nat-oop,2533,4633,10.320,1.829,8.468e-16,prime,1
572,1,z:ilp,nat-oop,739,870,35.458,1.178,6.414e-16,chain3,0
572,1,z:ilp,nat-oop,760,866,34.465,1.139,6.414e-16,chain3,1
573,1,z:ilp,nat-oop,4846,4647,5.416,0.959,1.025e-15,prime,0
573,1,z:ilp,nat-oop,4882,4654,5.376,0.953,1.025e-15,prime,1
574,1,z:ilp,nat-oop,1754,3059,14.996,1.744,2.078e-15,flat,0
574,1,z:ilp,nat-oop,1749,3060,15.037,1.749,2.078e-15,flat,1
575,1,z:ilp,nat-oop,848,1884,31.083,2.222,6.223e-16,2p,0
575,1,z:ilp,nat-oop,943,1881,27.943,1.994,6.223e-16,2p,1
576,1,z:ilp,nat-oop,488,713,54.172,1.463,5.679e-16,2p,0
576,1,z:ilp,nat-oop,486,723,54.359,1.488,5.679e-16,2p,1
577,1,z:ilp,nat-oop,1934,4803,13.681,2.483,1.019e-15,prime,0
577,1,z:ilp,nat-oop,1951,4803,13.562,2.461,1.019e-15,prime,1
578,1,z:ilp,nat-oop,975,2066,27.189,2.118,1.117e-15,flat,0
578,1,z:ilp,nat-oop,988,2067,26.849,2.093,1.117e-15,flat,1
579,1,z:ilp,nat-oop,4793,4782,5.543,0.998,6.982e-16,prime,0
579,1,z:ilp,nat-oop,4820,4781,5.512,0.992,6.982e-16,prime,1
580,1,z:ilp,nat-oop,1031,2119,25.820,2.055,4.658e-16,chain3,0
580,1,z:ilp,nat-oop,1342,2128,19.834,1.585,4.658e-16,chain3,1
581,1,z:ilp,nat-oop,4871,8772,5.476,1.801,7.590e-16,prime,0
581,1,z:ilp,nat-oop,4818,8768,5.537,1.820,7.590e-16,prime,1
582,1,z:ilp,nat-oop,4829,7878,5.535,1.631,7.648e-16,prime,0
582,1,z:ilp,nat-oop,4757,7840,5.619,1.648,7.648e-16,prime,1
583,1,z:ilp,nat-oop,4916,5115,5.448,1.041,7.937e-16,prime,0
583,1,z:ilp,nat-oop,5182,4982,5.169,0.961,7.937e-16,prime,1
584,1,z:ilp,nat-oop,4852,5474,5.530,1.128,6.925e-16,prime,0
584,1,z:ilp,nat-oop,4898,5474,5.479,1.118,6.925e-16,prime,1
585,1,z:ilp,nat-oop,789,854,34.099,1.083,6.836e-16,chain3,0
585,1,z:ilp,nat-oop,814,856,33.031,1.051,6.836e-16,chain3,1
586,1,z:ilp,nat-oop,4851,4811,5.554,0.992,9.869e-16,prime,0
586,1,z:ilp,nat-oop,4832,4818,5.576,0.997,9.869e-16,prime,1
587,1,z:ilp,nat-oop,4939,4819,5.465,0.976,1.036e-15,prime,0
587,1,z:ilp,nat-oop,5060,4788,5.335,0.946,1.036e-15,prime,1
588,1,z:ilp,nat-oop,625,824,43.287,1.319,5.412e-16,flat,0
588,1,z:ilp,nat-oop,614,836,44.043,1.361,5.412e-16,flat,1
589,1,z:ilp,nat-oop,1353,3496,20.036,2.584,5.118e-16,2p,0
589,1,z:ilp,nat-oop,1061,3498,25.536,3.296,5.118e-16,2p,1
590,1,z:ilp,nat-oop,4863,4915,5.583,1.011,8.566e-16,prime,0
590,1,z:ilp,nat-oop,4953,4909,5.482,0.991,8.566e-16,prime,1
591,1,z:ilp,nat-oop,4847,4790,5.613,0.988,8.296e-16,prime,0
591,1,z:ilp,nat-oop,4792,4796,5.677,1.001,8.296e-16,prime,1
592,1,z:ilp,nat-oop,847,2394,32.185,2.826,5.749e-16,2p,0
592,1,z:ilp,nat-oop,794,2393,34.346,3.016,5.749e-16,2p,1
593,1,z:ilp,nat-oop,3676,4816,7.431,1.310,8.582e-16,prime,0
593,1,z:ilp,nat-oop,3070,4821,8.896,1.570,8.582e-16,prime,1
594,1,z:ilp,nat-oop,754,891,36.294,1.181,5.697e-16,chain3,0
594,1,z:ilp,nat-oop,747,891,36.630,1.192,5.697e-16,chain3,1
595,1,z:ilp,nat-oop,907,1575,30.225,1.736,5.823e-16,chain3,0
595,1,z:ilp,nat-oop,899,1575,30.513,1.752,5.823e-16,chain3,1
596,1,z:ilp,nat-oop,4845,12976,5.670,2.678,8.357e-16,prime,0
596,1,z:ilp,nat-oop,4885,12972,5.624,2.655,8.357e-16,prime,1
597,1,z:ilp,nat-oop,5000,4819,5.505,0.964,9.538e-16,prime,0
597,1,z:ilp,nat-oop,4936,4817,5.577,0.976,9.538e-16,prime,1
598,1,z:ilp,nat-oop,1080,2120,25.536,1.963,9.142e-16,flat,0
598,1,z:ilp,nat-oop,1415,2116,19.495,1.496,9.142e-16,flat,1
599,1,z:ilp,nat-oop,5082,4800,5.438,0.945,8.628e-16,prime,0
599,1,z:ilp,nat-oop,4824,4802,5.729,0.996,8.628e-16,prime,1
600,1,z:ilp,nat-oop,642,821,43.132,1.278,5.940e-16,chain3,0
600,1,z:ilp,nat-oop,642,821,43.142,1.280,5.940e-16,chain3,1
601,1,z:ilp,nat-oop,3412,4825,8.131,1.414,8.909e-16,prime,0
601,1,z:ilp,nat-oop,3138,4824,8.839,1.537,8.909e-16,prime,1
602,1,z:ilp,nat-oop,1790,3349,15.523,1.871,6.844e-16,flat,0
602,1,z:ilp,nat-oop,1766,3348,15.741,1.896,6.844e-16,flat,1
603,1,z:ilp,nat-oop,4950,6913,5.625,1.397,7.451e-16,prime,0
603,1,z:ilp,nat-oop,4841,6911,5.752,1.428,7.451e-16,prime,1
604,1,z:ilp,nat-oop,4790,4801,5.825,1.002,8.349e-16,prime,0
604,1,z:ilp,nat-oop,4880,4808,5.717,0.985,8.349e-16,prime,1
605,1,z:ilp,nat-oop,775,846,36.091,1.093,6.636e-16,flat,0
605,1,z:ilp,nat-oop,768,827,36.413,1.078,6.636e-16,flat,1
606,1,z:ilp,nat-oop,4858,8674,5.765,1.785,6.125e-16,prime,0
606,1,z:ilp,nat-oop,4856,8685,5.767,1.788,6.125e-16,prime,1
607,1,z:ilp,nat-oop,4922,4810,5.701,0.977,1.092e-15,prime,0
607,1,z:ilp,nat-oop,4882,4808,5.747,0.985,1.092e-15,prime,1
608,1,z:ilp,nat-oop,569,1616,49.398,2.840,5.788e-16,2p,0
608,1,z:ilp,nat-oop,567,1611,49.595,2.842,5.788e-16,2p,1
609,1,z:ilp,nat-oop,1310,2518,21.497,1.921,7.288e-16,2p,0
609,1,z:ilp,nat-oop,1323,2516,21.285,1.902,7.288e-16,2p,1
610,1,z:ilp,nat-oop,4840,5309,5.830,1.097,8.161e-16,prime,0
610,1,z:ilp,nat-oop,4816,5312,5.860,1.103,8.161e-16,prime,1
611,1,z:ilp,nat-oop,1675,4597,16.876,2.744,7.770e-16,flat,0
611,1,z:ilp,nat-oop,1756,4453,16.100,2.536,7.770e-16,flat,1
612,1,z:ilp,nat-oop,864,1591,32.780,1.841,5.889e-16,chain3,0
612,1,z:ilp,nat-oop,856,1594,33.075,1.861,5.889e-16,chain3,1
613,1,z:ilp,nat-oop,2762,4835,10.277,1.751,1.290e-15,prime,0
613,1,z:ilp,nat-oop,2722,4833,10.428,1.776,1.290e-15,prime,1
614,1,z:ilp,nat-oop,4911,4833,5.790,0.984,9.436e-16,prime,0
614,1,z:ilp,nat-oop,4922,4835,5.777,0.982,9.436e-16,prime,1
615,1,z:ilp,nat-oop,1146,3848,24.863,3.359,6.845e-16,2p,0
615,1,z:ilp,nat-oop,1147,3849,24.834,3.355,6.845e-16,2p,1
616,1,z:ilp,nat-oop,666,872,42.844,1.309,3.812e-16,chain3,0
616,1,z:ilp,nat-oop,661,871,43.196,1.318,3.812e-16,chain3,1
617,1,z:ilp,nat-oop,2316,4842,12.345,2.090,1.001e-15,prime,0
617,1,z:ilp,nat-oop,2463,4843,11.608,1.966,1.001e-15,prime,1
618,1,z:ilp,nat-oop,4890,8818,5.859,1.803,7.588e-16,prime,0
618,1,z:ilp,nat-oop,4871,8827,5.882,1.812,7.588e-16,prime,1
619,1,z:ilp,nat-oop,4955,4821,5.792,0.973,8.270e-16,prime,0
619,1,z:ilp,nat-oop,5033,4819,5.703,0.958,8.270e-16,prime,1
620,1,z:ilp,nat-oop,1208,2372,23.810,1.964,7.218e-16,flat,0
620,1,z:ilp,nat-oop,1183,2366,24.307,2.000,7.218e-16,flat,1
621,1,z:ilp,nat-oop,819,2089,35.188,2.552,6.676e-16,2p,0
621,1,z:ilp,nat-oop,809,2095,35.632,2.591,6.676e-16,2p,1
622,1,z:ilp,nat-oop,5043,4849,5.723,0.961,1.120e-15,prime,0
622,1,z:ilp,nat-oop,4839,4896,5.964,1.012,1.120e-15,prime,1
623,1,z:ilp,nat-oop,4911,10656,5.888,2.170,7.493e-16,prime,0
623,1,z:ilp,nat-oop,4930,10654,5.866,2.161,7.493e-16,prime,1
624,1,z:ilp,nat-oop,722,875,40.117,1.212,5.798e-16,chain3,0
624,1,z:ilp,nat-oop,725,881,39.983,1.215,5.798e-16,chain3,1
625,1,z:ilp,nat-oop,692,875,41.936,1.264,4.899e-16,2p,0
625,1,z:ilp,nat-oop,695,870,41.781,1.252,4.899e-16,2p,1
626,1,z:ilp,nat-oop,4877,4846,5.962,0.994,9.898e-16,prime,0
626,1,z:ilp,nat-oop,5105,4856,5.696,0.951,9.898e-16,prime,1
627,1,z:ilp,nat-oop,993,1754,29.325,1.765,7.583e-16,flat,0
627,1,z:ilp,nat-oop,1006,1751,28.969,1.741,7.583e-16,flat,1
628,1,z:ilp,nat-oop,4882,4829,5.978,0.989,8.944e-16,prime,0
628,1,z:ilp,nat-oop,4853,4835,6.014,0.996,8.944e-16,prime,1
629,1,z:ilp,nat-oop,1563,4226,18.710,2.704,1.014e-15,2p,0
629,1,z:ilp,nat-oop,2245,4222,13.023,1.880,1.014e-15,2p,1
630,1,z:ilp,nat-oop,710,839,41.246,1.181,4.837e-16,chain3,0
630,1,z:ilp,nat-oop,714,838,41.031,1.175,4.837e-16,chain3,1
631,1,z:ilp,nat-oop,2949,4830,9.951,1.638,9.325e-16,prime,0
631,1,z:ilp,nat-oop,2995,4831,9.797,1.613,9.325e-16,prime,1
632,1,z:ilp,nat-oop,6414,6464,4.584,1.008,8.321e-16,prime,0
632,1,z:ilp,nat-oop,4946,6468,5.944,1.308,8.321e-16,prime,1
633,1,z:ilp,nat-oop,5088,4854,5.789,0.954,6.746e-16,prime,0
633,1,z:ilp,nat-oop,5016,4854,5.872,0.968,6.746e-16,prime,1
634,1,z:ilp,nat-oop,4890,4858,6.034,0.993,7.937e-16,prime,0
634,1,z:ilp,nat-oop,4927,4920,5.989,0.999,7.937e-16,prime,1
635,1,z:ilp,nat-oop,4918,4835,6.011,0.983,8.140e-16,prime,0
635,1,z:ilp,nat-oop,4877,4839,6.061,0.992,8.140e-16,prime,1
636,1,z:ilp,nat-oop,4919,4459,6.020,0.906,5.949e-16,prime,0
636,1,z:ilp,nat-oop,4921,4420,6.019,0.898,5.949e-16,prime,1
637,1,z:ilp,nat-oop,945,873,31.403,0.924,6.973e-16,flat,0
637,1,z:ilp,nat-oop,923,873,32.151,0.947,6.973e-16,flat,1
638,1,z:ilp,nat-oop,1523,2599,19.521,1.707,8.304e-16,flat,0
638,1,z:ilp,nat-oop,1347,2600,22.070,1.931,8.304e-16,flat,1
639,1,z:ilp,nat-oop,4892,7855,6.087,1.606,7.764e-16,prime,0
639,1,z:ilp,nat-oop,4951,7849,6.014,1.585,7.764e-16,prime,1
640,1,z:ilp,nat-oop,509,840,58.594,1.649,5.373e-16,2p,0
640,1,z:ilp,nat-oop,516,823,57.793,1.594,5.373e-16,2p,1
641,1,z:ilp,nat-oop,1901,6252,15.721,3.289,7.488e-16,prime,0
641,1,z:ilp,nat-oop,1978,6246,15.111,3.158,7.488e-16,prime,1
642,1,z:ilp,nat-oop,4919,9557,6.086,1.943,6.558e-16,prime,0
642,1,z:ilp,nat-oop,5157,9567,5.806,1.855,6.558e-16,prime,1
643,1,z:ilp,nat-oop,4843,6220,6.193,1.284,1.086e-15,prime,0
643,1,z:ilp,nat-oop,4894,6230,6.128,1.273,1.086e-15,prime,1
644,1,z:ilp,nat-oop,977,2018,30.758,2.066,5.985e-16,flat,0
644,1,z:ilp,nat-oop,984,2018,30.526,2.050,5.985e-16,flat,1
645,1,z:ilp,nat-oop,1310,4235,22.978,3.233,6.131e-16,2p,0
645,1,z:ilp,nat-oop,1284,4231,23.441,3.295,6.131e-16,2p,1
646,1,z:ilp,nat-oop,1107,2412,27.237,2.179,1.024e-15,flat,0
646,1,z:ilp,nat-oop,1180,2418,25.557,2.049,1.024e-15,flat,1
647,1,z:ilp,nat-oop,4972,6237,6.076,1.254,1.143e-15,prime,0
647,1,z:ilp,nat-oop,4874,6231,6.198,1.279,1.143e-15,prime,1
648,1,z:ilp,nat-oop,625,895,48.434,1.432,7.827e-16,chain3,0
648,1,z:ilp,nat-oop,629,902,48.106,1.433,7.827e-16,chain3,1
649,1,z:ilp,nat-oop,5022,6256,6.037,1.246,6.788e-16,prime,0
649,1,z:ilp,nat-oop,4913,6251,6.171,1.273,6.788e-16,prime,1
650,1,z:ilp,nat-oop,805,986,37.710,1.224,8.029e-16,chain3,0
650,1,z:ilp,nat-oop,791,987,38.388,1.248,8.029e-16,chain3,1
651,1,z:ilp,nat-oop,1240,2845,24.540,2.295,5.579e-16,2p,0
651,1,z:ilp,nat-oop,1645,2845,18.489,1.729,5.579e-16,2p,1
652,1,z:ilp,nat-oop,4858,6244,6.273,1.285,6.172e-16,prime,0
652,1,z:ilp,nat-oop,4819,6249,6.325,1.297,6.172e-16,prime,1
653,1,z:ilp,nat-oop,4979,6299,6.131,1.265,7.058e-16,prime,0
653,1,z:ilp,nat-oop,5158,6297,5.919,1.221,7.058e-16,prime,1
654,1,z:ilp,nat-oop,4817,10172,6.350,2.112,6.895e-16,prime,0
654,1,z:ilp,nat-oop,4941,10167,6.190,2.058,6.895e-16,prime,1
655,1,z:ilp,nat-oop,4855,6245,6.311,1.286,8.030e-16,prime,0
655,1,z:ilp,nat-oop,4925,6249,6.221,1.269,8.030e-16,prime,1
656,1,z:ilp,nat-oop,1005,2975,30.541,2.960,4.579e-16,2p,0
656,1,z:ilp,nat-oop,976,2973,31.445,3.046,4.579e-16,2p,1
657,1,z:ilp,nat-oop,4912,8423,6.260,1.715,8.376e-16,prime,0
657,1,z:ilp,nat-oop,4850,8430,6.340,1.738,8.376e-16,prime,1
658,1,z:ilp,nat-oop,2144,4121,14.369,1.922,5.807e-16,flat,0
658,1,z:ilp,nat-oop,2170,4121,14.195,1.899,5.807e-16,flat,1
659,1,z:ilp,nat-oop,4893,6253,6.306,1.278,8.021e-16,prime,0
659,1,z:ilp,nat-oop,4915,6246,6.278,1.271,8.021e-16,prime,1
660,1,z:ilp,nat-oop,703,977,43.979,1.390,6.178e-16,chain3,0
660,1,z:ilp,nat-oop,694,974,44.562,1.405,6.178e-16,chain3,1
661,1,z:ilp,nat-oop,2895,6275,10.694,2.167,9.403e-16,prime,0
661,1,z:ilp,nat-oop,2921,6271,10.601,2.147,9.403e-16,prime,1
662,1,z:ilp,nat-oop,4961,6279,6.253,1.266,1.147e-15,prime,0
662,1,z:ilp,nat-oop,4889,6281,6.344,1.285,1.147e-15,prime,1
663,1,z:ilp,nat-oop,1075,1864,28.903,1.734,8.236e-16,flat,0
663,1,z:ilp,nat-oop,1060,1810,29.316,1.708,8.236e-16,flat,1
664,1,z:ilp,nat-oop,4933,7191,6.309,1.458,5.949e-16,prime,0
664,1,z:ilp,nat-oop,4905,7192,6.346,1.466,5.949e-16,prime,1
665,1,z:ilp,nat-oop,935,1866,33.337,1.995,5.296e-16,flat,0
665,1,z:ilp,nat-oop,932,1876,33.453,2.013,5.296e-16,flat,1
666,1,z:ilp,nat-oop,1263,3086,24.729,2.443,4.765e-16,chain3,0
666,1,z:ilp,nat-oop,1360,3086,22.972,2.270,4.765e-16,chain3,1
667,1,z:ilp,nat-oop,1736,4098,18.018,2.360,6.765e-16,2p,0
667,1,z:ilp,nat-oop,1472,4102,21.260,2.787,6.765e-16,2p,1
668,1,z:ilp,nat-oop,4867,6261,6.440,1.286,6.604e-16,prime,0
668,1,z:ilp,nat-oop,4958,6259,6.322,1.262,6.604e-16,prime,1
669,1,z:ilp,nat-oop,4915,6285,6.387,1.279,8.089e-16,prime,0
669,1,z:ilp,nat-oop,4942,6278,6.353,1.270,8.089e-16,prime,1
670,1,z:ilp,nat-oop,4976,6397,6.320,1.286,8.853e-16,prime,0
670,1,z:ilp,nat-oop,4857,6397,6.475,1.317,8.853e-16,prime,1
671,1,z:ilp,nat-oop,4965,6860,6.345,1.382,9.905e-16,prime,0
671,1,z:ilp,nat-oop,5157,6862,6.109,1.331,9.905e-16,prime,1
672,1,z:ilp,nat-oop,577,883,54.689,1.531,4.028e-16,2p,0
672,1,z:ilp,nat-oop,586,880,53.823,1.500,4.028e-16,2p,1
673,1,z:ilp,nat-oop,2490,6279,12.697,2.522,9.115e-16,prime,0
673,1,z:ilp,nat-oop,2494,6292,12.677,2.523,9.115e-16,prime,1
674,1,z:ilp,nat-oop,5085,6291,6.227,1.237,1.011e-15,prime,0
674,1,z:ilp,nat-oop,5051,6291,6.269,1.246,1.011e-15,prime,1
675,1,z:ilp,nat-oop,751,996,42.239,1.326,7.314e-16,2p,0
675,1,z:ilp,nat-oop,752,1000,42.197,1.330,7.314e-16,2p,1
676,1,z:ilp,nat-oop,944,1029,33.677,1.090,8.060e-16,chain3,0
676,1,z:ilp,nat-oop,938,1026,33.886,1.094,8.060e-16,chain3,1
677,1,z:ilp,nat-oop,2970,6297,10.718,2.120,1.064e-15,prime,0
677,1,z:ilp,nat-oop,2887,6291,11.027,2.179,1.064e-15,prime,1
678,1,z:ilp,nat-oop,4893,10962,6.516,2.240,4.889e-16,prime,0
678,1,z:ilp,nat-oop,4912,10966,6.491,2.232,4.889e-16,prime,1
679,1,z:ilp,nat-oop,4981,6269,6.412,1.259,9.019e-16,prime,0
679,1,z:ilp,nat-oop,4965,6270,6.432,1.263,9.019e-16,prime,1
680,1,z:ilp,nat-oop,870,1710,36.787,1.967,6.585e-16,flat,0
680,1,z:ilp,nat-oop,877,1708,36.493,1.948,6.585e-16,flat,1
681,1,z:ilp,nat-oop,5086,6280,6.301,1.235,1.031e-15,prime,0
681,1,z:ilp,nat-oop,4928,6316,6.502,1.282,1.031e-15,prime,1
682,1,z:ilp,nat-oop,1557,2901,20.622,1.863,5.753e-16,flat,0
682,1,z:ilp,nat-oop,1703,2903,18.853,1.705,5.753e-16,flat,1
683,1,z:ilp,nat-oop,4865,6293,6.609,1.294,5.998e-16,prime,0
683,1,z:ilp,nat-oop,4996,6271,6.436,1.255,5.998e-16,prime,1
684,1,z:ilp,nat-oop,919,1907,35.038,2.074,6.228e-16,chain3,0
684,1,z:ilp,nat-oop,912,1895,35.305,2.077,6.228e-16,chain3,1
685,1,z:ilp,nat-oop,4866,6300,6.630,1.295,8.315e-16,prime,0
685,1,z:ilp,nat-oop,4995,6300,6.459,1.261,8.315e-16,prime,1
686,1,z:ilp,nat-oop,973,1071,33.226,1.101,4.633e-16,flat,0
686,1,z:ilp,nat-oop,968,1075,33.369,1.109,4.633e-16,flat,1
687,1,z:ilp,nat-oop,4940,6309,6.553,1.277,8.152e-16,prime,0
687,1,z:ilp,nat-oop,4970,6284,6.514,1.264,8.152e-16,prime,1
688,1,z:ilp,nat-oop,1287,3281,25.189,2.548,7.234e-16,flat,0
688,1,z:ilp,nat-oop,1283,3278,25.270,2.554,7.234e-16,flat,1
689,1,z:ilp,nat-oop,4883,6047,6.651,1.238,9.636e-16,prime,0
689,1,z:ilp,nat-oop,5177,5964,6.274,1.152,9.636e-16,prime,1
690,1,z:ilp,nat-oop,1164,2120,27.944,1.820,5.543e-16,chain3,0
690,1,z:ilp,nat-oop,1168,2122,27.854,1.816,5.543e-16,chain3,1
691,1,z:ilp,nat-oop,3646,6281,8.940,1.723,9.295e-16,prime,0
691,1,z:ilp,nat-oop,3686,6277,8.842,1.703,9.295e-16,prime,1
692,1,z:ilp,nat-oop,4893,6277,6.672,1.283,8.889e-16,prime,0
692,1,z:ilp,nat-oop,4902,6294,6.660,1.284,8.889e-16,prime,1
693,1,z:ilp,nat-oop,914,998,35.760,1.092,7.426e-16,flat,0
693,1,z:ilp,nat-oop,904,999,36.189,1.106,7.426e-16,flat,1
694,1,z:ilp,nat-oop,4924,6303,6.652,1.280,1.042e-15,prime,0
694,1,z:ilp,nat-oop,5149,6306,6.361,1.225,1.042e-15,prime,1
695,1,z:ilp,nat-oop,5024,6300,6.529,1.254,8.835e-16,prime,0
695,1,z:ilp,nat-oop,4961,6290,6.613,1.268,8.835e-16,prime,1
696,1,z:ilp,nat-oop,1357,2629,24.221,1.938,6.203e-16,flat,0
696,1,z:ilp,nat-oop,1739,2630,18.899,1.513,6.203e-16,flat,1
697,1,z:ilp,nat-oop,1461,5280,22.536,3.615,8.642e-16,2p,0
697,1,z:ilp,nat-oop,1526,5269,21.572,3.453,8.642e-16,2p,1
698,1,z:ilp,nat-oop,4959,6305,6.649,1.271,8.350e-16,prime,0
698,1,z:ilp,nat-oop,5052,6307,6.526,1.248,8.350e-16,prime,1
699,1,z:ilp,nat-oop,5034,6279,6.560,1.247,8.192e-16,prime,0
699,1,z:ilp,nat-oop,5015,6300,6.585,1.256,8.192e-16,prime,1
700,1,z:ilp,nat-oop,735,926,44.992,1.259,4.120e-16,chain3,0
700,1,z:ilp,nat-oop,741,927,44.639,1.250,4.120e-16,chain3,1
701,1,z:ilp,nat-oop,3724,6313,8.896,1.695,1.107e-15,prime,0
701,1,z:ilp,nat-oop,4353,6346,7.612,1.458,1.107e-15,prime,1
702,1,z:ilp,nat-oop,917,1074,36.203,1.171,5.700e-16,chain3,0
702,1,z:ilp,nat-oop,927,1072,35.806,1.156,5.700e-16,chain3,1
703,1,z:ilp,nat-oop,1380,4909,24.093,3.558,5.192e-16,2p,0
703,1,z:ilp,nat-oop,1412,4928,23.540,3.490,5.192e-16,2p,1
704,1,z:ilp,nat-oop,724,903,46.019,1.247,3.722e-16,2p,0
704,1,z:ilp,nat-oop,653,899,50.983,1.376,3.722e-16,2p,1
705,1,z:ilp,nat-oop,1636,5178,20.383,3.164,7.976e-16,2p,0
705,1,z:ilp,nat-oop,1577,5176,21.153,3.283,7.976e-16,2p,1
706,1,z:ilp,nat-oop,4898,6324,6.820,1.291,7.326e-16,prime,0
706,1,z:ilp,nat-oop,4924,6332,6.784,1.286,7.326e-16,prime,1
707,1,z:ilp,nat-oop,4898,6300,6.831,1.286,1.092e-15,prime,0
707,1,z:ilp,nat-oop,5068,6306,6.602,1.244,1.092e-15,prime,1
708,1,z:ilp,nat-oop,5062,5505,6.621,1.088,9.955e-16,prime,0
708,1,z:ilp,nat-oop,5067,5511,6.614,1.088,9.955e-16,prime,1
709,1,z:ilp,nat-oop,5003,6319,6.710,1.263,8.225e-16,prime,0
709,1,z:ilp,nat-oop,5031,6320,6.673,1.256,8.225e-16,prime,1
710,1,z:ilp,nat-oop,5002,7296,6.722,1.459,6.575e-16,prime,0
710,1,z:ilp,nat-oop,4978,7208,6.755,1.448,6.575e-16,prime,1
711,1,z:ilp,nat-oop,5001,10018,6.735,2.003,7.065e-16,prime,0
711,1,z:ilp,nat-oop,4999,10018,6.737,2.004,7.065e-16,prime,1
712,1,z:ilp,nat-oop,5007,8699,6.738,1.738,8.190e-16,prime,0
712,1,z:ilp,nat-oop,4986,8666,6.765,1.738,8.190e-16,prime,1
713,1,z:ilp,nat-oop,2750,4568,12.286,1.661,9.359e-16,2p,0
713,1,z:ilp,nat-oop,1720,4577,19.648,2.661,9.359e-16,2p,1
714,1,z:ilp,nat-oop,990,1806,34.176,1.824,7.179e-16,chain3,0
714,1,z:ilp,nat-oop,1009,1804,33.542,1.788,7.179e-16,chain3,1
715,1,z:ilp,nat-oop,935,999,36.238,1.068,7.737e-16,flat,0
715,1,z:ilp,nat-oop,940,1000,36.061,1.064,7.737e-16,flat,1
716,1,z:ilp,nat-oop,5051,6345,6.721,1.256,1.032e-15,prime,0
716,1,z:ilp,nat-oop,5016,6320,6.768,1.260,1.032e-15,prime,1
717,1,z:ilp,nat-oop,4970,6325,6.843,1.273,9.358e-16,prime,0
717,1,z:ilp,nat-oop,5178,6326,6.567,1.222,9.358e-16,prime,1
718,1,z:ilp,nat-oop,5015,6327,6.791,1.262,7.626e-16,prime,0
718,1,z:ilp,nat-oop,4997,6330,6.817,1.267,7.626e-16,prime,1
719,1,z:ilp,nat-oop,4883,6309,6.987,1.292,8.292e-16,prime,0
719,1,z:ilp,nat-oop,4950,6311,6.892,1.275,8.292e-16,prime,1
720,1,z:ilp,nat-oop,822,948,41.563,1.153,7.198e-16,chain3,0
720,1,z:ilp,nat-oop,812,940,42.061,1.157,7.198e-16,chain3,1
721,1,z:ilp,nat-oop,4967,6347,6.890,1.278,7.298e-16,prime,0
721,1,z:ilp,nat-oop,5260,6339,6.507,1.205,7.298e-16,prime,1
722,1,z:ilp,nat-oop,1347,2805,25.449,2.082,1.002e-15,flat,0
722,1,z:ilp,nat-oop,1311,2803,26.148,2.138,1.002e-15,flat,1
723,1,z:ilp,nat-oop,4876,6316,7.042,1.295,6.756e-16,prime,0
723,1,z:ilp,nat-oop,4881,6312,7.035,1.293,6.756e-16,prime,1
724,1,z:ilp,nat-oop,5071,6317,6.782,1.246,7.914e-16,prime,0
724,1,z:ilp,nat-oop,4978,6317,6.909,1.269,7.914e-16,prime,1
725,1,z:ilp,nat-oop,1237,3033,27.842,2.452,6.159e-16,flat,0
725,1,z:ilp,nat-oop,1236,3029,27.864,2.451,6.159e-16,flat,1
726,1,z:ilp,nat-oop,986,1084,35.001,1.100,4.804e-16,chain3,0
726,1,z:ilp,nat-oop,979,1084,35.221,1.107,4.804e-16,chain3,1
727,1,z:ilp,nat-oop,2978,6307,11.601,2.118,8.731e-16,prime,0
727,1,z:ilp,nat-oop,3020,6309,11.440,2.089,8.731e-16,prime,1
728,1,z:ilp,nat-oop,833,1049,41.569,1.260,6.068e-16,chain3,0
728,1,z:ilp,nat-oop,831,1048,41.631,1.261,6.068e-16,chain3,1
729,1,z:ilp,nat-oop,826,1089,41.947,1.318,6.773e-16,2p,0
729,1,z:ilp,nat-oop,827,1092,41.913,1.320,6.773e-16,2p,1
730,1,z:ilp,nat-oop,5051,7706,6.874,1.526,5.798e-16,prime,0
730,1,z:ilp,nat-oop,4920,7702,7.056,1.565,5.798e-16,prime,1
731,1,z:ilp,nat-oop,1598,5759,21.760,3.604,6.406e-16,2p,0
731,1,z:ilp,nat-oop,1678,5763,20.719,3.434,6.406e-16,2p,1
732,1,z:ilp,nat-oop,4963,5968,7.017,1.202,1.178e-15,prime,0
732,1,z:ilp,nat-oop,4923,5965,7.074,1.212,1.178e-15,prime,1
733,1,z:ilp,nat-oop,4942,6361,7.059,1.287,9.249e-16,prime,0
733,1,z:ilp,nat-oop,4976,6370,7.010,1.280,9.249e-16,prime,1
734,1,z:ilp,nat-oop,4987,6351,7.006,1.274,9.289e-16,prime,0
734,1,z:ilp,nat-oop,5020,6341,6.960,1.263,9.289e-16,prime,1
735,1,z:ilp,nat-oop,1021,1040,34.261,1.018,6.136e-16,flat,0
735,1,z:ilp,nat-oop,1007,1041,34.753,1.034,6.136e-16,flat,1
736,1,z:ilp,nat-oop,906,2267,38.678,2.502,4.134e-16,2p,0
736,1,z:ilp,nat-oop,1185,2274,29.575,1.919,4.134e-16,2p,1
737,1,z:ilp,nat-oop,4938,8385,7.108,1.698,9.012e-16,prime,0
737,1,z:ilp,nat-oop,4996,8381,7.025,1.677,9.012e-16,prime,1
738,1,z:ilp,nat-oop,2265,3777,15.521,1.668,5.795e-16,chain3,0
738,1,z:ilp,nat-oop,2308,3778,15.231,1.637,5.795e-16,chain3,1
739,1,z:ilp,nat-oop,4977,6334,7.075,1.273,8.315e-16,prime,0
739,1,z:ilp,nat-oop,5263,6336,6.690,1.204,8.315e-16,prime,1
740,1,z:ilp,nat-oop,1589,3347,22.192,2.106,7.133e-16,flat,0
740,1,z:ilp,nat-oop,1338,3345,26.359,2.500,7.133e-16,flat,1
741,1,z:ilp,nat-oop,1357,2144,26.030,1.580,5.870e-16,chain3,0
741,1,z:ilp,nat-oop,1584,2143,22.294,1.352,5.870e-16,chain3,1
742,1,z:ilp,nat-oop,5006,5302,7.067,1.059,6.828e-16,prime,0
742,1,z:ilp,nat-oop,5002,5304,7.072,1.060,6.828e-16,prime,1
743,1,z:ilp,nat-oop,5326,6328,6.652,1.188,7.841e-16,prime,0
743,1,z:ilp,nat-oop,5142,6336,6.890,1.232,7.841e-16,prime,1
744,1,z:ilp,nat-oop,1636,2938,21.687,1.796,7.312e-16,flat,0
744,1,z:ilp,nat-oop,1584,2937,22.397,1.854,7.312e-16,flat,1
745,1,z:ilp,nat-oop,5050,6363,7.037,1.260,8.523e-16,prime,0
745,1,z:ilp,nat-oop,5205,6395,6.828,1.229,8.523e-16,prime,1
746,1,z:ilp,nat-oop,5044,6372,7.057,1.263,1.098e-15,prime,0
746,1,z:ilp,nat-oop,4918,6362,7.238,1.294,1.098e-15,prime,1
747,1,z:ilp,nat-oop,5097,11476,6.994,2.251,1.058e-15,prime,0
747,1,z:ilp,nat-oop,5092,11400,7.001,2.239,1.058e-15,prime,1
748,1,z:ilp,nat-oop,1120,1923,31.886,1.718,8.579e-16,flat,0
748,1,z:ilp,nat-oop,1209,1922,29.528,1.589,8.579e-16,flat,1
749,1,z:ilp,nat-oop,5006,6371,7.144,1.273,9.214e-16,prime,0
749,1,z:ilp,nat-oop,5313,6364,6.730,1.198,9.214e-16,prime,1
750,1,z:ilp,nat-oop,971,1030,36.867,1.060,5.328e-16,chain3,0
750,1,z:ilp,nat-oop,998,1029,35.869,1.031,5.328e-16,chain3,1
751,1,z:ilp,nat-oop,4993,6381,7.183,1.278,1.008e-15,prime,0
751,1,z:ilp,nat-oop,5054,6379,7.098,1.262,1.008e-15,prime,1
752,1,z:ilp,nat-oop,1577,4123,22.781,2.614,5.812e-16,flat,0
752,1,z:ilp,nat-oop,1577,4108,22.778,2.605,5.812e-16,flat,1
753,1,z:ilp,nat-oop,5000,6367,7.197,1.273,9.228e-16,prime,0
753,1,z:ilp,nat-oop,5299,6383,6.790,1.205,9.228e-16,prime,1
754,1,z:ilp,nat-oop,1645,3142,21.902,1.910,1.035e-15,flat,0
754,1,z:ilp,nat-oop,1659,3145,21.717,1.895,1.035e-15,flat,1
755,1,z:ilp,nat-oop,4919,6348,7.336,1.290,9.359e-16,prime,0
755,1,z:ilp,nat-oop,4977,6353,7.251,1.276,9.359e-16,prime,1
756,1,z:ilp,nat-oop,779,1058,46.384,1.358,4.805e-16,chain3,0
756,1,z:ilp,nat-oop,780,1052,46.366,1.349,4.805e-16,chain3,1
757,1,z:ilp,nat-oop,4416,6366,8.197,1.441,7.367e-16,prime,0
757,1,z:ilp,nat-oop,4796,6374,7.547,1.329,7.367e-16,prime,1
758,1,z:ilp,nat-oop,5048,6385,7.182,1.265,1.056e-15,prime,0
758,1,z:ilp,nat-oop,4986,6366,7.271,1.277,1.056e-15,prime,1
759,1,z:ilp,nat-oop,1422,2584,25.539,1.818,7.114e-16,flat,0
759,1,z:ilp,nat-oop,1421,2542,25.548,1.789,7.114e-16,flat,1
760,1,z:ilp,nat-oop,1080,2038,33.686,1.888,6.687e-16,flat,0
760,1,z:ilp,nat-oop,1120,2045,32.464,1.826,6.687e-16,flat,1
761,1,z:ilp,nat-oop,3375,6373,10.791,1.888,8.672e-16,prime,0
761,1,z:ilp,nat-oop,3371,6406,10.804,1.900,8.672e-16,prime,1
762,1,z:ilp,nat-oop,4961,13788,7.352,2.779,6.740e-16,prime,0
762,1,z:ilp,nat-oop,4936,13770,7.390,2.790,6.740e-16,prime,1
763,1,z:ilp,nat-oop,5011,6367,7.290,1.270,8.001e-16,prime,0
763,1,z:ilp,nat-oop,4979,6366,7.337,1.279,8.001e-16,prime,1
764,1,z:ilp,nat-oop,5017,6353,7.292,1.266,1.000e-15,prime,0
764,1,z:ilp,nat-oop,4976,6351,7.352,1.276,1.000e-15,prime,1
765,1,z:ilp,nat-oop,1198,2125,30.584,1.774,6.679e-16,flat,0
765,1,z:ilp,nat-oop,1125,2133,32.580,1.896,6.679e-16,flat,1
766,1,z:ilp,nat-oop,4902,6368,7.486,1.299,1.140e-15,prime,0
766,1,z:ilp,nat-oop,4924,6388,7.453,1.297,1.140e-15,prime,1
767,1,z:ilp,nat-oop,5011,7481,7.334,1.493,6.625e-16,prime,0
767,1,z:ilp,nat-oop,5012,7465,7.333,1.489,6.625e-16,prime,1
768,1,z:ilp,nat-oop,628,904,58.645,1.440,6.998e-16,2p,0
768,1,z:ilp,nat-oop,628,903,58.594,1.437,6.998e-16,2p,1
769,1,z:ilp,nat-oop,2305,6349,15.991,2.754,7.579e-16,prime,0
769,1,z:ilp,nat-oop,2334,6327,15.795,2.711,7.579e-16,prime,1
770,1,z:ilp,nat-oop,953,1296,38.734,1.360,4.766e-16,chain3,0
770,1,z:ilp,nat-oop,963,1298,38.352,1.349,4.766e-16,chain3,1
771,1,z:ilp,nat-oop,4963,6304,7.450,1.270,1.459e-15,prime,0
771,1,z:ilp,nat-oop,5088,6303,7.266,1.239,1.459e-15,prime,1
772,1,z:ilp,nat-oop,4982,6292,7.432,1.263,8.303e-16,prime,0
772,1,z:ilp,nat-oop,4967,6314,7.455,1.271,8.303e-16,prime,1
773,1,z:ilp,nat-oop,5193,6347,7.141,1.222,9.704e-16,prime,0
773,1,z:ilp,nat-oop,5021,6363,7.385,1.267,9.704e-16,prime,1
774,1,z:ilp,nat-oop,1751,4167,21.210,2.380,5.287e-16,chain3,0
774,1,z:ilp,nat-oop,1747,4148,21.256,2.374,5.287e-16,chain3,1
775,1,z:ilp,nat-oop,1255,3501,29.632,2.789,5.787e-16,2p,0
775,1,z:ilp,nat-oop,1253,3424,29.678,2.732,5.787e-16,2p,1
776,1,z:ilp,nat-oop,5047,10511,7.380,2.083,5.896e-16,prime,0
776,1,z:ilp,nat-oop,6009,10498,6.198,1.747,5.896e-16,prime,1
777,1,z:ilp,nat-oop,1303,4247,28.622,3.259,6.693e-16,2p,0
777,1,z:ilp,nat-oop,1320,4248,28.266,3.219,6.693e-16,2p,1
778,1,z:ilp,nat-oop,5109,6338,7.313,1.241,1.260e-15,prime,0
778,1,z:ilp,nat-oop,4976,6345,7.507,1.275,1.260e-15,prime,1
779,1,z:ilp,nat-oop,1792,6111,20.877,3.410,4.962e-16,2p,0
779,1,z:ilp,nat-oop,1882,6122,19.882,3.253,4.962e-16,2p,1
780,1,z:ilp,nat-oop,873,1171,42.940,1.343,9.062e-16,chain3,0
780,1,z:ilp,nat-oop,873,1175,42.902,1.345,9.062e-16,chain3,1
781,1,z:ilp,nat-oop,4973,9556,7.546,1.922,7.783e-16,prime,0
781,1,z:ilp,nat-oop,5123,9593,7.325,1.873,7.783e-16,prime,1
782,1,z:ilp,nat-oop,1714,3261,21.929,1.903,1.998e-15,flat,0
782,1,z:ilp,nat-oop,1510,3268,24.880,2.164,1.998e-15,flat,1
783,1,z:ilp,nat-oop,1553,3402,24.236,2.191,5.791e-16,flat,0
783,1,z:ilp,nat-oop,1755,3476,21.446,1.981,5.791e-16,flat,1
784,1,z:ilp,nat-oop,821,909,45.913,1.108,5.195e-16,chain3,0
784,1,z:ilp,nat-oop,829,906,45.485,1.093,5.195e-16,chain3,1
785,1,z:ilp,nat-oop,5225,6507,7.224,1.245,1.069e-15,prime,0
785,1,z:ilp,nat-oop,5029,6351,7.506,1.263,1.069e-15,prime,1
786,1,z:ilp,nat-oop,6258,14731,6.040,2.354,6.447e-16,prime,0
786,1,z:ilp,nat-oop,4987,14732,7.579,2.954,6.447e-16,prime,1
787,1,z:ilp,nat-oop,5106,6309,7.414,1.236,8.580e-16,prime,0
787,1,z:ilp,nat-oop,5186,6337,7.300,1.222,8.580e-16,prime,1
788,1,z:ilp,nat-oop,5092,6330,7.446,1.243,1.297e-15,prime,0
788,1,z:ilp,nat-oop,5215,6321,7.270,1.212,1.297e-15,prime,1
789,1,z:ilp,nat-oop,5114,6378,7.424,1.247,8.784e-16,prime,0
789,1,z:ilp,nat-oop,5069,6397,7.490,1.262,8.784e-16,prime,1
790,1,z:ilp,nat-oop,6296,9069,6.039,1.440,7.683e-16,prime,0
790,1,z:ilp,nat-oop,4936,8993,7.703,1.822,7.683e-16,prime,1
791,1,z:ilp,nat-oop,4981,6330,7.644,1.271,9.813e-16,prime,0
791,1,z:ilp,nat-oop,5036,6326,7.561,1.256,9.813e-16,prime,1
792,1,z:ilp,nat-oop,823,1185,46.313,1.440,6.617e-16,chain3,0
792,1,z:ilp,nat-oop,820,1183,46.483,1.442,6.617e-16,chain3,1
793,1,z:ilp,nat-oop,5241,8209,7.287,1.566,7.882e-16,prime,0
793,1,z:ilp,nat-oop,5045,8238,7.569,1.633,7.882e-16,prime,1
794,1,z:ilp,nat-oop,5002,6368,7.646,1.273,9.455e-16,prime,0
794,1,z:ilp,nat-oop,4974,6365,7.688,1.280,9.455e-16,prime,1
795,1,z:ilp,nat-oop,5092,6923,7.522,1.360,6.655e-16,prime,0
795,1,z:ilp,nat-oop,4940,6924,7.753,1.402,6.655e-16,prime,1
796,1,z:ilp,nat-oop,5048,6331,7.598,1.254,1.102e-15,prime,0
796,1,z:ilp,nat-oop,5215,6322,7.355,1.212,1.102e-15,prime,1
797,1,z:ilp,nat-oop,5076,6388,7.566,1.258,7.358e-16,prime,0
797,1,z:ilp,nat-oop,5170,6381,7.429,1.234,7.358e-16,prime,1
798,1,z:ilp,nat-oop,1336,2154,28.794,1.612,6.520e-16,flat,0
798,1,z:ilp,nat-oop,1345,2157,28.601,1.604,6.520e-16,flat,1
799,1,z:ilp,nat-oop,1995,6936,19.309,3.477,6.194e-16,2p,0
799,1,z:ilp,nat-oop,1919,6913,20.071,3.602,6.194e-16,2p,1
800,1,z:ilp,nat-oop,715,1093,53.983,1.530,3.924e-16,2p,0
800,1,z:ilp,nat-oop,895,1100,43.115,1.230,3.924e-16,2p,1
801,1,z:ilp,nat-oop,5347,13850,7.225,2.590,9.152e-16,prime,0
801,1,z:ilp,nat-oop,5088,13853,7.592,2.723,9.152e-16,prime,1
802,1,z:ilp,nat-oop,4976,5816,7.775,1.169,8.498e-16,prime,0
802,1,z:ilp,nat-oop,5019,5823,7.708,1.160,8.498e-16,prime,1
803,1,z:ilp,nat-oop,4959,10236,7.812,2.064,6.870e-16,prime,0
803,1,z:ilp,nat-oop,5255,10237,7.372,1.948,6.870e-16,prime,1
804,1,z:ilp,nat-oop,5028,7232,7.717,1.438,6.492e-16,prime,0
804,1,z:ilp,nat-oop,4903,7229,7.913,1.474,6.492e-16,prime,1
805,1,z:ilp,nat-oop,1267,2674,30.675,2.112,7.187e-16,flat,0
805,1,z:ilp,nat-oop,1268,2678,30.641,2.112,7.187e-16,flat,1
806,1,z:ilp,nat-oop,2189,3498,17.776,1.598,8.815e-16,flat,0
806,1,z:ilp,nat-oop,2117,3503,18.378,1.655,8.815e-16,flat,1
807,1,z:ilp,nat-oop,5144,5784,7.574,1.124,6.864e-16,prime,0
807,1,z:ilp,nat-oop,5246,5799,7.427,1.105,6.864e-16,prime,1
808,1,z:ilp,nat-oop,5084,11590,7.675,2.280,1.169e-15,prime,0
808,1,z:ilp,nat-oop,5050,11600,7.726,2.297,1.169e-15,prime,1
809,1,z:ilp,nat-oop,4986,5855,7.837,1.174,8.838e-16,prime,0
809,1,z:ilp,nat-oop,5004,5854,7.809,1.170,8.838e-16,prime,1
810,1,z:ilp,nat-oop,1146,1213,34.139,1.058,6.739e-16,chain3,0
810,1,z:ilp,nat-oop,1128,1199,34.688,1.063,6.739e-16,chain3,1
811,1,z:ilp,nat-oop,5100,5796,7.683,1.136,6.519e-16,prime,0
811,1,z:ilp,nat-oop,5029,5797,7.792,1.153,6.519e-16,prime,1
812,1,z:ilp,nat-oop,1763,3059,22.255,1.735,6.707e-16,flat,0
812,1,z:ilp,nat-oop,1645,3058,23.855,1.859,6.707e-16,flat,1
813,1,z:ilp,nat-oop,4984,5899,7.885,1.184,8.332e-16,prime,0
813,1,z:ilp,nat-oop,5342,5972,7.356,1.118,8.332e-16,prime,1
814,1,z:ilp,nat-oop,2071,4043,19.000,1.952,9.426e-16,flat,0
814,1,z:ilp,nat-oop,1965,4030,20.028,2.051,9.426e-16,flat,1
815,1,z:ilp,nat-oop,5130,5948,7.682,1.160,1.049e-15,prime,0
815,1,z:ilp,nat-oop,5013,5904,7.862,1.178,1.049e-15,prime,1
816,1,z:ilp,nat-oop,1326,2006,29.762,1.513,4.673e-16,chain3,0
816,1,z:ilp,nat-oop,1322,2001,29.862,1.514,4.673e-16,chain3,1
817,1,z:ilp,nat-oop,2080,6679,19.001,3.211,8.871e-16,flat,0
817,1,z:ilp,nat-oop,2139,6691,18.476,3.128,8.871e-16,flat,1
818,1,z:ilp,nat-oop,5031,5840,7.867,1.161,1.172e-15,prime,0
818,1,z:ilp,nat-oop,4951,5832,7.993,1.178,1.172e-15,prime,1
819,1,z:ilp,nat-oop,1147,1219,34.563,1.063,8.957e-16,flat,0
819,1,z:ilp,nat-oop,1166,1216,33.977,1.043,8.957e-16,flat,1
820,1,z:ilp,nat-oop,1543,4109,25.716,2.663,5.710e-16,flat,0
820,1,z:ilp,nat-oop,1516,4108,26.181,2.710,5.710e-16,flat,1
821,1,z:ilp,nat-oop,4996,5835,7.955,1.168,8.226e-16,prime,0
821,1,z:ilp,nat-oop,5079,5850,7.825,1.152,8.226e-16,prime,1
822,1,z:ilp,nat-oop,5006,16455,7.950,3.287,8.685e-16,prime,0
822,1,z:ilp,nat-oop,4952,16438,8.037,3.320,8.685e-16,prime,1
823,1,z:ilp,nat-oop,5072,5887,7.858,1.161,1.375e-15,prime,0
823,1,z:ilp,nat-oop,5351,5889,7.448,1.101,1.375e-15,prime,1
824,1,z:ilp,nat-oop,5033,11857,7.930,2.356,9.507e-16,prime,0
824,1,z:ilp,nat-oop,5173,11843,7.715,2.290,9.507e-16,prime,1
825,1,z:ilp,nat-oop,1262,1218,31.656,0.965,4.401e-16,chain3,0
825,1,z:ilp,nat-oop,1287,1223,31.054,0.950,4.401e-16,chain3,1
826,1,z:ilp,nat-oop,4960,6595,8.069,1.330,8.398e-16,prime,0
826,1,z:ilp,nat-oop,4937,6592,8.106,1.335,8.398e-16,prime,1
827,1,z:ilp,nat-oop,4939,5831,8.114,1.181,6.855e-16,prime,0
827,1,z:ilp,nat-oop,5039,5808,7.953,1.153,6.855e-16,prime,1
828,1,z:ilp,nat-oop,1533,2659,26.185,1.735,6.435e-16,chain3,0
828,1,z:ilp,nat-oop,1548,2660,25.930,1.719,6.435e-16,chain3,1
829,1,z:ilp,nat-oop,4484,5856,8.963,1.306,1.415e-15,prime,0
829,1,z:ilp,nat-oop,4500,5857,8.930,1.302,1.415e-15,prime,1
830,1,z:ilp,nat-oop,5005,9974,8.040,1.993,6.714e-16,prime,0
830,1,z:ilp,nat-oop,5065,9974,7.946,1.969,6.714e-16,prime,1
831,1,z:ilp,nat-oop,5108,5901,7.890,1.155,9.603e-16,prime,0
831,1,z:ilp,nat-oop,5156,5793,7.816,1.124,9.603e-16,prime,1
832,1,z:ilp,nat-oop,824,1103,48.993,1.339,4.981e-16,2p,0
832,1,z:ilp,nat-oop,807,1083,50.023,1.342,4.981e-16,2p,1
833,1,z:ilp,nat-oop,1207,2232,33.473,1.849,7.720e-16,flat,0
833,1,z:ilp,nat-oop,1212,2236,33.328,1.844,7.720e-16,flat,1
834,1,z:ilp,nat-oop,5050,16642,8.012,3.295,8.022e-16,prime,0
834,1,z:ilp,nat-oop,5142,16619,7.869,3.232,8.022e-16,prime,1
835,1,z:ilp,nat-oop,5063,5804,8.003,1.146,8.047e-16,prime,0
835,1,z:ilp,nat-oop,5116,5914,7.921,1.156,8.047e-16,prime,1
836,1,z:ilp,nat-oop,1490,2301,27.224,1.544,8.176e-16,flat,0
836,1,z:ilp,nat-oop,1455,2301,27.892,1.582,8.176e-16,flat,1
837,1,z:ilp,nat-oop,1860,3812,21.841,2.049,7.712e-16,flat,0
837,1,z:ilp,nat-oop,1876,3809,21.655,2.030,7.712e-16,flat,1
838,1,z:ilp,nat-oop,4975,5869,8.179,1.180,7.205e-16,prime,0
838,1,z:ilp,nat-oop,5053,5858,8.052,1.159,7.205e-16,prime,1
839,1,z:ilp,nat-oop,5156,5854,7.902,1.135,8.577e-16,prime,0
839,1,z:ilp,nat-oop,5072,5990,8.032,1.181,8.577e-16,prime,1
840,1,z:ilp,nat-oop,888,1144,45.941,1.289,5.428e-16,chain3,0
840,1,z:ilp,nat-oop,879,1145,46.438,1.303,5.428e-16,chain3,1
841,1,z:ilp,nat-oop,2364,6001,17.283,2.539,1.250e-15,flat,0
841,1,z:ilp,nat-oop,2529,6005,16.156,2.375,1.250e-15,flat,1
842,1,z:ilp,nat-oop,6479,5854,6.314,0.904,7.367e-16,prime,0
842,1,z:ilp,nat-oop,5034,5878,8.127,1.168,7.367e-16,prime,1
843,1,z:ilp,nat-oop,4987,5810,8.215,1.165,7.432e-16,prime,0
843,1,z:ilp,nat-oop,5041,5819,8.128,1.154,7.432e-16,prime,1
844,1,z:ilp,nat-oop,5075,5832,8.083,1.149,7.283e-16,prime,0
844,1,z:ilp,nat-oop,5021,5833,8.170,1.162,7.283e-16,prime,1
845,1,z:ilp,nat-oop,1356,1262,30.304,0.931,9.183e-16,flat,0
845,1,z:ilp,nat-oop,1352,1271,30.392,0.940,9.183e-16,flat,1
846,1,z:ilp,nat-oop,3053,5146,13.471,1.685,5.816e-16,flat,0
846,1,z:ilp,nat-oop,2945,5140,13.966,1.745,5.816e-16,flat,1
847,1,z:ilp,nat-oop,1218,1205,33.806,0.989,5.099e-16,flat,0
847,1,z:ilp,nat-oop,1173,1202,35.116,1.025,5.099e-16,flat,1
848,1,z:ilp,nat-oop,4996,5381,8.257,1.077,6.477e-16,prime,0
848,1,z:ilp,nat-oop,5049,5380,8.170,1.066,6.477e-16,prime,1
849,1,z:ilp,nat-oop,4951,5901,8.341,1.192,9.295e-16,prime,0
849,1,z:ilp,nat-oop,5012,5874,8.240,1.172,9.295e-16,prime,1
850,1,z:ilp,nat-oop,1416,2178,29.202,1.538,5.665e-16,chain3,0
850,1,z:ilp,nat-oop,1502,2183,27.536,1.453,5.665e-16,chain3,1
851,1,z:ilp,nat-oop,1952,6373,21.214,3.265,6.381e-16,2p,0
851,1,z:ilp,nat-oop,2190,6377,18.908,2.912,6.381e-16,2p,1
852,1,z:ilp,nat-oop,5078,8183,8.167,1.611,8.008e-16,prime,0
852,1,z:ilp,nat-oop,5015,8180,8.270,1.631,8.008e-16,prime,1
853,1,z:ilp,nat-oop,5281,5868,7.864,1.111,1.278e-15,prime,0
853,1,z:ilp,nat-oop,5062,5879,8.203,1.161,1.278e-15,prime,1
854,1,z:ilp,nat-oop,5156,7151,8.065,1.387,7.220e-16,prime,0
854,1,z:ilp,nat-oop,5026,7133,8.273,1.419,7.220e-16,prime,1
855,1,z:ilp,nat-oop,1378,2501,30.207,1.815,6.699e-16,flat,0
855,1,z:ilp,nat-oop,1367,2499,30.456,1.828,6.699e-16,flat,1
856,1,z:ilp,nat-oop,5019,12840,8.307,2.558,1.311e-15,prime,0
856,1,z:ilp,nat-oop,5166,12834,8.071,2.484,1.311e-15,prime,1
857,1,z:ilp,nat-oop,5080,5867,8.219,1.155,1.020e-15,prime,0
857,1,z:ilp,nat-oop,4964,5882,8.411,1.185,1.020e-15,prime,1
858,1,z:ilp,nat-oop,1439,1305,29.054,0.907,9.616e-16,flat,0
858,1,z:ilp,nat-oop,1432,1311,29.195,0.916,9.616e-16,flat,1
859,1,z:ilp,nat-oop,3630,5971,11.533,1.645,1.160e-15,prime,0
859,1,z:ilp,nat-oop,3672,5822,11.399,1.585,1.160e-15,prime,1
860,1,z:ilp,nat-oop,1713,4499,24.474,2.627,7.564e-16,flat,0
860,1,z:ilp,nat-oop,1787,4503,23.461,2.520,7.564e-16,flat,1
861,1,z:ilp,nat-oop,1636,5434,25.657,3.322,4.564e-16,2p,0
861,1,z:ilp,nat-oop,1665,5423,25.211,3.257,4.564e-16,2p,1
862,1,z:ilp,nat-oop,6575,5861,6.393,0.892,9.599e-16,prime,0
862,1,z:ilp,nat-oop,5018,5888,8.376,1.173,9.599e-16,prime,1
863,1,z:ilp,nat-oop,4996,5829,8.424,1.167,1.034e-15,prime,0
863,1,z:ilp,nat-oop,5108,5825,8.239,1.140,1.034e-15,prime,1
864,1,z:ilp,nat-oop,807,1201,52.233,1.489,6.422e-16,2p,0
864,1,z:ilp,nat-oop,808,1196,52.169,1.481,6.422e-16,2p,1
865,1,z:ilp,nat-oop,5079,5873,8.309,1.156,7.492e-16,prime,0
865,1,z:ilp,nat-oop,5033,5867,8.384,1.166,7.492e-16,prime,1
866,1,z:ilp,nat-oop,4991,5879,8.466,1.178,6.954e-16,prime,0
866,1,z:ilp,nat-oop,5061,5877,8.348,1.161,6.954e-16,prime,1
867,1,z:ilp,nat-oop,1535,3530,27.570,2.301,1.051e-15,flat,0
867,1,z:ilp,nat-oop,1581,3519,26.765,2.226,1.051e-15,flat,1
868,1,z:ilp,nat-oop,1501,3424,28.218,2.281,7.686e-16,flat,0
868,1,z:ilp,nat-oop,1923,3422,22.027,1.779,7.686e-16,flat,1
869,1,z:ilp,nat-oop,5092,12190,8.331,2.394,9.195e-16,prime,0
869,1,z:ilp,nat-oop,5097,12185,8.322,2.390,9.195e-16,prime,1
870,1,z:ilp,nat-oop,2293,3223,18.526,1.406,6.529e-16,flat,0
870,1,z:ilp,nat-oop,2262,3232,18.775,1.429,6.529e-16,flat,1
871,1,z:ilp,nat-oop,5030,10082,8.457,2.005,1.023e-15,prime,0
871,1,z:ilp,nat-oop,5087,10083,8.360,1.982,1.023e-15,prime,1
872,1,z:ilp,nat-oop,4962,13648,8.583,2.751,1.027e-15,prime,0
872,1,z:ilp,nat-oop,5088,13642,8.370,2.681,1.027e-15,prime,1
873,1,z:ilp,nat-oop,5046,6072,8.452,1.203,8.081e-16,prime,0
873,1,z:ilp,nat-oop,5040,5974,8.461,1.185,8.081e-16,prime,1
874,1,z:ilp,nat-oop,1729,3774,24.702,2.183,1.323e-15,flat,0
874,1,z:ilp,nat-oop,2103,3780,20.308,1.798,1.323e-15,flat,1
875,1,z:ilp,nat-oop,1131,1303,37.821,1.152,5.405e-16,flat,0
875,1,z:ilp,nat-oop,1189,1303,35.954,1.096,5.405e-16,flat,1
876,1,z:ilp,nat-oop,4947,8826,8.655,1.784,7.285e-16,prime,0
876,1,z:ilp,nat-oop,4999,8821,8.564,1.764,7.285e-16,prime,1
877,1,z:ilp,nat-oop,5069,5893,8.457,1.162,6.868e-16,prime,0
877,1,z:ilp,nat-oop,5084,5900,8.432,1.161,6.868e-16,prime,1
878,1,z:ilp,nat-oop,5053,5924,8.494,1.172,8.598e-16,prime,0
878,1,z:ilp,nat-oop,5057,5902,8.488,1.167,8.598e-16,prime,1
879,1,z:ilp,nat-oop,5231,5869,8.217,1.122,7.090e-16,prime,0
879,1,z:ilp,nat-oop,5235,6023,8.211,1.151,7.090e-16,prime,1
880,1,z:ilp,nat-oop,965,1188,44.602,1.231,4.331e-16,chain3,0
880,1,z:ilp,nat-oop,975,1188,44.147,1.218,4.331e-16,chain3,1
881,1,z:ilp,nat-oop,3529,5995,12.210,1.699,6.396e-16,prime,0
881,1,z:ilp,nat-oop,3459,5895,12.458,1.704,6.396e-16,prime,1
882,1,z:ilp,nat-oop,1376,1258,31.349,0.914,7.188e-16,flat,0
882,1,z:ilp,nat-oop,1344,1257,32.096,0.935,7.188e-16,flat,1
883,1,z:ilp,nat-oop,5192,5841,8.322,1.125,8.950e-16,prime,0
883,1,z:ilp,nat-oop,5183,5884,8.337,1.135,8.950e-16,prime,1
884,1,z:ilp,nat-oop,1388,2290,31.180,1.651,7.299e-16,chain3,0
884,1,z:ilp,nat-oop,1375,2290,31.469,1.665,7.299e-16,chain3,1
885,1,z:ilp,nat-oop,5182,8675,8.359,1.674,8.565e-16,prime,0
885,1,z:ilp,nat-oop,6064,8675,7.143,1.430,8.565e-16,prime,1
886,1,z:ilp,nat-oop,5069,5905,8.558,1.165,9.956e-16,prime,0
886,1,z:ilp,nat-oop,5294,5889,8.194,1.113,9.956e-16,prime,1
887,1,z:ilp,nat-oop,5040,5850,8.617,1.161,6.802e-16,prime,0
887,1,z:ilp,nat-oop,5053,5884,8.596,1.164,6.802e-16,prime,1
888,1,z:ilp,nat-oop,1696,4137,25.640,2.439,6.095e-16,chain3,0
888,1,z:ilp,nat-oop,1749,4123,24.865,2.357,6.095e-16,chain3,1
889,1,z:ilp,nat-oop,5254,6235,8.287,1.187,7.703e-16,prime,0
889,1,z:ilp,nat-oop,5543,6400,7.855,1.155,7.703e-16,prime,1
890,1,z:ilp,nat-oop,5055,11961,8.625,2.366,9.770e-16,prime,0
890,1,z:ilp,nat-oop,4988,11983,8.741,2.402,9.770e-16,prime,1
891,1,z:ilp,nat-oop,1281,1423,34.084,1.111,6.305e-16,chain3,0
891,1,z:ilp,nat-oop,1228,1425,35.554,1.160,6.305e-16,chain3,1
892,1,z:ilp,nat-oop,5068,5886,8.625,1.161,6.841e-16,prime,0
892,1,z:ilp,nat-oop,5036,5853,8.679,1.162,6.841e-16,prime,1
893,1,z:ilp,nat-oop,2338,7997,18.720,3.420,9.947e-16,flat,0
893,1,z:ilp,nat-oop,2415,8023,18.125,3.323,9.947e-16,flat,1
894,1,z:ilp,nat-oop,6380,19557,6.869,3.065,1.207e-15,prime,0
894,1,z:ilp,nat-oop,4996,19557,8.772,3.914,1.207e-15,prime,1
895,1,z:ilp,nat-oop,5062,5890,8.669,1.164,8.669e-16,prime,0
895,1,z:ilp,nat-oop,5003,5867,8.770,1.173,8.669e-16,prime,1
896,1,z:ilp,nat-oop,950,1153,46.237,1.214,3.726e-16,chain3,0
896,1,z:ilp,nat-oop,953,1156,46.124,1.213,3.726e-16,chain3,1
897,1,z:ilp,nat-oop,1722,3176,25.546,1.844,1.083e-15,flat,0
897,1,z:ilp,nat-oop,1946,3086,22.603,1.585,1.083e-15,flat,1
898,1,z:ilp,nat-oop,5092,5914,8.650,1.161,1.152e-15,prime,0
898,1,z:ilp,nat-oop,5118,5918,8.606,1.156,1.152e-15,prime,1
899,1,z:ilp,nat-oop,2748,6799,16.051,2.474,5.573e-16,2p,0
899,1,z:ilp,nat-oop,2683,6651,16.442,2.479,5.573e-16,2p,1
900,1,z:ilp,nat-oop,1004,1306,43.993,1.301,6.378e-16,chain3,0
900,1,z:ilp,nat-oop,1033,1306,42.733,1.264,6.378e-16,chain3,1
901,1,z:ilp,nat-oop,5213,9052,8.483,1.736,1.232e-15,prime,0
901,1,z:ilp,nat-oop,5484,9055,8.063,1.651,1.232e-15,prime,1
902,1,z:ilp,nat-oop,2594,4909,17.069,1.893,9.833e-16,flat,0
902,1,z:ilp,nat-oop,2579,4924,17.168,1.909,9.833e-16,flat,1
903,1,z:ilp,nat-oop,2391,5992,18.538,2.506,1.908e-15,flat,0
903,1,z:ilp,nat-oop,2557,5991,17.335,2.342,1.908e-15,flat,1
904,1,z:ilp,nat-oop,5086,14717,8.727,2.893,1.152e-15,prime,0
904,1,z:ilp,nat-oop,5164,14718,8.596,2.850,1.152e-15,prime,1
905,1,z:ilp,nat-oop,5289,6100,8.403,1.153,6.929e-16,prime,0
905,1,z:ilp,nat-oop,5098,5932,8.718,1.164,6.929e-16,prime,1
906,1,z:ilp,nat-oop,5090,5942,8.743,1.168,6.034e-16,prime,0
906,1,z:ilp,nat-oop,4953,5918,8.985,1.195,6.034e-16,prime,1
907,1,z:ilp,nat-oop,5285,5889,8.431,1.114,1.148e-15,prime,0
907,1,z:ilp,nat-oop,5181,6017,8.600,1.161,1.148e-15,prime,1
908,1,z:ilp,nat-oop,5054,5912,8.827,1.170,9.041e-16,prime,0
908,1,z:ilp,nat-oop,5059,5876,8.819,1.161,9.041e-16,prime,1
909,1,z:ilp,nat-oop,5362,5995,8.330,1.118,8.317e-16,prime,0
909,1,z:ilp,nat-oop,5137,5925,8.696,1.153,8.317e-16,prime,1
910,1,z:ilp,nat-oop,1188,1563,37.641,1.315,5.646e-16,chain3,0
910,1,z:ilp,nat-oop,1205,1561,37.103,1.295,5.646e-16,chain3,1
911,1,z:ilp,nat-oop,5229,5866,8.565,1.122,9.355e-16,prime,0
911,1,z:ilp,nat-oop,5237,5905,8.550,1.128,9.355e-16,prime,1
912,1,z:ilp,nat-oop,1199,2393,37.385,1.995,7.178e-16,chain3,0
912,1,z:ilp,nat-oop,1178,2401,38.054,2.038,7.178e-16,chain3,1
913,1,z:ilp,nat-oop,5104,13911,8.795,2.725,8.091e-16,prime,0
913,1,z:ilp,nat-oop,5066,13897,8.861,2.743,8.091e-16,prime,1
914,1,z:ilp,nat-oop,5005,5963,8.982,1.192,8.074e-16,prime,0
914,1,z:ilp,nat-oop,4987,5938,9.014,1.191,8.074e-16,prime,1
915,1,z:ilp,nat-oop,5103,9532,8.819,1.868,8.827e-16,prime,0
915,1,z:ilp,nat-oop,5015,9536,8.974,1.901,8.827e-16,prime,1
916,1,z:ilp,nat-oop,5054,5875,8.916,1.162,1.041e-15,prime,0
916,1,z:ilp,nat-oop,5200,5887,8.666,1.132,1.041e-15,prime,1
917,1,z:ilp,nat-oop,5083,5948,8.876,1.170,1.311e-15,prime,0
917,1,z:ilp,nat-oop,5272,5924,8.559,1.124,1.311e-15,prime,1
918,1,z:ilp,nat-oop,1633,2370,27.661,1.451,9.603e-16,flat,0
918,1,z:ilp,nat-oop,1698,2367,26.609,1.394,9.603e-16,flat,1
919,1,z:ilp,nat-oop,5070,6017,8.921,1.187,9.012e-16,prime,0
919,1,z:ilp,nat-oop,5295,5916,8.543,1.117,9.012e-16,prime,1
920,1,z:ilp,nat-oop,1815,2873,24.952,1.583,4.945e-16,chain3,0
920,1,z:ilp,nat-oop,1656,2870,27.352,1.733,4.945e-16,chain3,1
921,1,z:ilp,nat-oop,5018,5968,9.036,1.189,9.880e-16,prime,0
921,1,z:ilp,nat-oop,5090,5947,8.908,1.168,9.880e-16,prime,1
922,1,z:ilp,nat-oop,5149,5944,8.818,1.154,1.209e-15,prime,0
922,1,z:ilp,nat-oop,5067,5959,8.961,1.176,1.209e-15,prime,1
923,1,z:ilp,nat-oop,5121,11480,8.877,2.242,6.385e-16,prime,0
923,1,z:ilp,nat-oop,5120,11486,8.879,2.243,6.385e-16,prime,1
924,1,z:ilp,nat-oop,993,1468,45.852,1.479,5.811e-16,chain3,0
924,1,z:ilp,nat-oop,990,1468,45.983,1.483,5.811e-16,chain3,1
925,1,z:ilp,nat-oop,2299,5107,19.823,2.221,4.974e-16,2p,0
925,1,z:ilp,nat-oop,2334,5110,19.527,2.190,4.974e-16,2p,1
926,1,z:ilp,nat-oop,5404,5943,8.444,1.100,9.169e-16,prime,0
926,1,z:ilp,nat-oop,5325,5933,8.569,1.114,9.169e-16,prime,1
927,1,z:ilp,nat-oop,5414,5904,8.438,1.090,8.421e-16,prime,0
927,1,z:ilp,nat-oop,5466,5906,8.358,1.081,8.421e-16,prime,1
928,1,z:ilp,nat-oop,1299,3446,35.207,2.652,5.570e-16,2p,0
928,1,z:ilp,nat-oop,1326,3444,34.496,2.597,5.570e-16,2p,1
929,1,z:ilp,nat-oop,4833,5996,9.476,1.241,6.775e-16,prime,0
929,1,z:ilp,nat-oop,5479,5948,8.358,1.085,6.775e-16,prime,1
930,1,z:ilp,nat-oop,2638,3629,17.385,1.376,6.520e-16,chain3,0
930,1,z:ilp,nat-oop,3479,3623,13.181,1.042,6.520e-16,chain3,1
931,1,z:ilp,nat-oop,1564,2655,29.360,1.698,7.408e-16,flat,0
931,1,z:ilp,nat-oop,1539,2645,29.829,1.719,7.408e-16,flat,1
932,1,z:ilp,nat-oop,5068,5885,9.070,1.161,1.166e-15,prime,0
932,1,z:ilp,nat-oop,5102,5921,9.010,1.160,1.166e-15,prime,1
933,1,z:ilp,nat-oop,5112,6126,9.002,1.198,7.759e-16,prime,0
933,1,z:ilp,nat-oop,5410,6075,8.508,1.123,7.759e-16,prime,1
934,1,z:ilp,nat-oop,5190,5960,8.879,1.148,9.100e-16,prime,0
934,1,z:ilp,nat-oop,5105,5947,9.027,1.165,9.100e-16,prime,1
935,1,z:ilp,nat-oop,1407,2546,32.796,1.810,7.457e-16,flat,0
935,1,z:ilp,nat-oop,1391,2552,33.162,1.834,7.457e-16,flat,1
936,1,z:ilp,nat-oop,1065,1426,43.365,1.339,8.698e-16,chain3,0
936,1,z:ilp,nat-oop,1048,1424,44.062,1.358,8.698e-16,chain3,1
937,1,z:ilp,nat-oop,3713,5967,12.456,1.607,8.924e-16,prime,0
937,1,z:ilp,nat-oop,3641,6036,12.701,1.658,8.924e-16,prime,1
938,1,z:ilp,nat-oop,5089,8711,9.100,1.712,9.341e-16,prime,0
938,1,z:ilp,nat-oop,5288,8721,8.757,1.649,9.341e-16,prime,1
939,1,z:ilp,nat-oop,5104,5933,9.084,1.162,7.187e-16,prime,0
939,1,z:ilp,nat-oop,5105,5921,9.082,1.160,7.187e-16,prime,1
940,1,z:ilp,nat-oop,2023,5685,22.944,2.810,5.174e-16,flat,0
940,1,z:ilp,nat-oop,1968,5684,23.589,2.889,5.174e-16,flat,1
941,1,z:ilp,nat-oop,5102,5981,9.110,1.172,8.835e-16,prime,0
941,1,z:ilp,nat-oop,5172,5983,8.986,1.157,8.835e-16,prime,1
942,1,z:ilp,nat-oop,5197,5966,8.955,1.148,8.364e-16,prime,0
942,1,z:ilp,nat-oop,5154,5957,9.028,1.156,8.364e-16,prime,1
943,1,z:ilp,nat-oop,2777,7905,16.777,2.847,4.933e-16,2p,0
943,1,z:ilp,nat-oop,2832,8128,16.448,2.870,4.933e-16,2p,1
944,1,z:ilp,nat-oop,5104,6847,9.139,1.341,8.578e-16,prime,0
944,1,z:ilp,nat-oop,5329,6837,8.753,1.283,8.578e-16,prime,1
945,1,z:ilp,nat-oop,1387,1475,33.674,1.064,5.713e-16,chain3,0
945,1,z:ilp,nat-oop,1373,1474,34.008,1.074,5.713e-16,chain3,1
946,1,z:ilp,nat-oop,2864,5520,16.328,1.927,7.467e-16,flat,0
946,1,z:ilp,nat-oop,2931,5525,15.952,1.885,7.467e-16,flat,1
947,1,z:ilp,nat-oop,5202,5960,8.999,1.146,1.098e-15,prime,0
947,1,z:ilp,nat-oop,5266,6021,8.890,1.143,1.098e-15,prime,1
948,1,z:ilp,nat-oop,5120,10346,9.154,2.021,8.332e-16,prime,0
948,1,z:ilp,nat-oop,5190,10495,9.032,2.022,8.332e-16,prime,1
949,1,z:ilp,nat-oop,5030,12377,9.329,2.460,6.950e-16,prime,0
949,1,z:ilp,nat-oop,5296,12405,8.861,2.342,6.950e-16,prime,1
950,1,z:ilp,nat-oop,1814,2610,25.895,1.438,6.070e-16,flat,0
950,1,z:ilp,nat-oop,1668,2606,28.176,1.563,6.070e-16,flat,1
951,1,z:ilp,nat-oop,5726,5914,8.216,1.033,9.608e-16,prime,0
951,1,z:ilp,nat-oop,5118,5922,9.192,1.157,9.608e-16,prime,1
952,1,z:ilp,nat-oop,1314,2398,35.836,1.824,7.632e-16,flat,0
952,1,z:ilp,nat-oop,1279,2387,36.830,1.867,7.632e-16,flat,1
953,1,z:ilp,nat-oop,4168,6059,11.315,1.454,9.405e-16,prime,0
953,1,z:ilp,nat-oop,4152,5982,11.358,1.441,9.405e-16,prime,1
954,1,z:ilp,nat-oop,5444,6703,8.672,1.231,1.033e-15,prime,0
954,1,z:ilp,nat-oop,5086,6761,9.283,1.329,1.033e-15,prime,1
955,1,z:ilp,nat-oop,5051,5911,9.358,1.170,9.177e-16,prime,0
955,1,z:ilp,nat-oop,5101,5912,9.267,1.159,9.177e-16,prime,1
956,1,z:ilp,nat-oop,5027,5938,9.414,1.181,9.098e-16,prime,0
956,1,z:ilp,nat-oop,5145,5928,9.199,1.152,9.098e-16,prime,1
957,1,z:ilp,nat-oop,2346,4048,20.196,1.725,5.358e-16,chain3,0
957,1,z:ilp,nat-oop,2351,4050,20.152,1.723,5.358e-16,chain3,1
958,1,z:ilp,nat-oop,5384,5988,8.811,1.112,7.429e-16,prime,0
958,1,z:ilp,nat-oop,5398,5971,8.788,1.106,7.429e-16,prime,1
959,1,z:ilp,nat-oop,5137,5944,9.247,1.157,9.665e-16,prime,0
959,1,z:ilp,nat-oop,5162,5925,9.201,1.148,9.665e-16,prime,1
960,1,z:ilp,nat-oop,929,1272,51.197,1.370,4.988e-16,2p,0
960,1,z:ilp,nat-oop,918,1273,51.786,1.386,4.988e-16,2p,1
961,1,z:ilp,nat-oop,2577,7384,18.476,2.866,9.776e-16,flat,0
961,1,z:ilp,nat-oop,3178,7395,14.983,2.327,9.776e-16,flat,1
962,1,z:ilp,nat-oop,2546,4922,18.721,1.933,9.149e-16,flat,0
962,1,z:ilp,nat-oop,2555,4916,18.654,1.924,9.149e-16,flat,1
963,1,z:ilp,nat-oop,5121,5926,9.319,1.157,1.178e-15,prime,0
963,1,z:ilp,nat-oop,5084,5993,9.387,1.179,1.178e-15,prime,1
964,1,z:ilp,nat-oop,5175,5913,9.234,1.143,9.840e-16,prime,0
964,1,z:ilp,nat-oop,5226,5924,9.143,1.134,9.840e-16,prime,1
965,1,z:ilp,nat-oop,5115,5971,9.353,1.167,9.662e-16,prime,0
965,1,z:ilp,nat-oop,5164,5978,9.263,1.158,9.662e-16,prime,1
966,1,z:ilp,nat-oop,1720,3031,27.850,1.763,6.691e-16,chain3,0
966,1,z:ilp,nat-oop,1738,3033,27.554,1.745,6.691e-16,chain3,1
967,1,z:ilp,nat-oop,5232,5945,9.166,1.136,7.296e-16,prime,0
967,1,z:ilp,nat-oop,5099,5922,9.405,1.162,7.296e-16,prime,1
968,1,z:ilp,nat-oop,1157,1449,41.488,1.252,5.620e-16,chain3,0
968,1,z:ilp,nat-oop,1165,1452,41.223,1.247,5.620e-16,chain3,1
969,1,z:ilp,nat-oop,1804,4104,26.639,2.275,1.039e-15,flat,0
969,1,z:ilp,nat-oop,1794,4146,26.796,2.312,1.039e-15,flat,1
970,1,z:ilp,nat-oop,5129,14326,9.383,2.793,8.754e-16,prime,0
970,1,z:ilp,nat-oop,5129,14363,9.383,2.801,8.754e-16,prime,1
971,1,z:ilp,nat-oop,5272,6006,9.139,1.139,1.149e-15,prime,0
971,1,z:ilp,nat-oop,5387,6007,8.943,1.115,1.149e-15,prime,1
972,1,z:ilp,nat-oop,1050,1471,45.943,1.401,8.290e-16,chain3,0
972,1,z:ilp,nat-oop,1044,1472,46.215,1.410,8.290e-16,chain3,1
973,1,z:ilp,nat-oop,5250,6049,9.198,1.152,7.993e-16,prime,0
973,1,z:ilp,nat-oop,5297,6023,9.117,1.137,7.993e-16,prime,1
974,1,z:ilp,nat-oop,5041,5985,9.591,1.187,6.666e-16,prime,0
974,1,z:ilp,nat-oop,5051,5967,9.573,1.181,6.666e-16,prime,1
975,1,z:ilp,nat-oop,1422,1497,34.046,1.053,9.066e-16,flat,0
975,1,z:ilp,nat-oop,1339,1491,36.160,1.114,9.066e-16,flat,1
976,1,z:ilp,nat-oop,5064,7430,9.570,1.467,9.068e-16,prime,0
976,1,z:ilp,nat-oop,5089,7439,9.524,1.462,9.068e-16,prime,1
977,1,z:ilp,nat-oop,5403,5985,8.980,1.108,1.055e-15,prime,0
977,1,z:ilp,nat-oop,5460,5999,8.886,1.099,1.055e-15,prime,1
978,1,z:ilp,nat-oop,6647,6000,7.308,0.903,1.054e-15,prime,0
978,1,z:ilp,nat-oop,5051,5978,9.617,1.184,1.054e-15,prime,1
979,1,z:ilp,nat-oop,5274,16947,9.221,3.213,1.084e-15,prime,0
979,1,z:ilp,nat-oop,5281,16942,9.210,3.208,1.084e-15,prime,1
980,1,z:ilp,nat-oop,1268,1404,38.394,1.107,5.528e-16,flat,0
980,1,z:ilp,nat-oop,1256,1406,38.771,1.119,5.528e-16,flat,1
981,1,z:ilp,nat-oop,5417,6001,8.998,1.108,9.347e-16,prime,0
981,1,z:ilp,nat-oop,5203,6041,9.369,1.161,9.347e-16,prime,1
982,1,z:ilp,nat-oop,5018,6024,9.726,1.200,6.965e-16,prime,0
982,1,z:ilp,nat-oop,5159,5970,9.459,1.157,6.965e-16,prime,1
983,1,z:ilp,nat-oop,5126,5947,9.531,1.160,9.591e-16,prime,0
983,1,z:ilp,nat-oop,5172,5959,9.447,1.152,9.591e-16,prime,1
984,1,z:ilp,nat-oop,2062,5127,23.722,2.486,5.231e-16,chain3,0
984,1,z:ilp,nat-oop,2082,5128,23.497,2.463,5.231e-16,chain3,1
985,1,z:ilp,nat-oop,5395,6043,9.078,1.120,1.347e-15,prime,0
985,1,z:ilp,nat-oop,5755,6101,8.510,1.060,1.347e-15,prime,1
986,1,z:ilp,nat-oop,2783,4792,17.616,1.722,9.015e-16,flat,0
986,1,z:ilp,nat-oop,2754,4797,17.807,1.742,9.015e-16,flat,1
987,1,z:ilp,nat-oop,2258,7380,21.738,3.268,5.529e-16,2p,0
987,1,z:ilp,nat-oop,2143,7369,22.908,3.439,5.529e-16,2p,1
988,1,z:ilp,nat-oop,2025,2800,24.266,1.383,6.359e-16,chain3,0
988,1,z:ilp,nat-oop,1684,2798,29.192,1.662,6.359e-16,chain3,1
989,1,z:ilp,nat-oop,2691,8678,18.285,3.225,1.255e-15,flat,0
989,1,z:ilp,nat-oop,3184,8677,15.455,2.726,1.255e-15,flat,1
990,1,z:ilp,nat-oop,1211,1499,40.668,1.238,6.615e-16,chain3,0
990,1,z:ilp,nat-oop,1196,1499,41.199,1.254,6.615e-16,chain3,1
991,1,z:ilp,nat-oop,5129,5985,9.615,1.167,8.384e-16,prime,0
991,1,z:ilp,nat-oop,5142,5991,9.590,1.165,8.384e-16,prime,1
992,1,z:ilp,nat-oop,1990,3917,24.808,1.968,1.413e-15,flat,0
992,1,z:ilp,nat-oop,2336,3916,21.135,1.676,1.413e-15,flat,1
993,1,z:ilp,nat-oop,5056,6017,9.777,1.190,7.810e-16,prime,0
993,1,z:ilp,nat-oop,5133,6048,9.630,1.178,7.810e-16,prime,1
994,1,z:ilp,nat-oop,5105,9851,9.693,1.930,8.288e-16,prime,0
994,1,z:ilp,nat-oop,5146,9829,9.617,1.910,8.288e-16,prime,1
995,1,z:ilp,nat-oop,5075,5972,9.763,1.177,8.266e-16,prime,0
995,1,z:ilp,nat-oop,5231,6024,9.471,1.151,8.266e-16,prime,1
996,1,z:ilp,nat-oop,5171,11487,9.593,2.222,9.790e-16,prime,0
996,1,z:ilp,nat-oop,5138,11495,9.654,2.237,9.790e-16,prime,1
997,1,z:ilp,nat-oop,5092,6062,9.752,1.190,9.498e-16,prime,0
997,1,z:ilp,nat-oop,5139,6055,9.662,1.178,9.498e-16,prime,1
998,1,z:ilp,nat-oop,5055,6016,9.835,1.190,8.496e-16,prime,0
998,1,z:ilp,nat-oop,6550,6019,7.590,0.919,8.496e-16,prime,1
999,1,z:ilp,nat-oop,2800,5686,17.774,2.031,7.611e-16,2p,0
999,1,z:ilp,nat-oop,3772,5685,13.196,1.507,7.611e-16,2p,1
1000,1,z:ilp,nat-oop,1060,1416,47.004,1.336,5.604e-16,chain3,0
1000,1,z:ilp,nat-oop,1059,1420,47.072,1.341,5.604e-16,chain3,1
1001,1,z:ilp,nat-oop,1515,1471,32.927,0.971,8.090e-16,flat,0
1001,1,z:ilp,nat-oop,1490,1472,33.476,0.988,8.090e-16,flat,1
1002,1,z:ilp,nat-oop,5269,5995,9.479,1.138,1.429e-15,prime,0
1002,1,z:ilp,nat-oop,5174,6007,9.653,1.161,1.429e-15,prime,1
1003,1,z:ilp,nat-oop,5133,11291,9.740,2.199,7.058e-16,prime,0
1003,1,z:ilp,nat-oop,5408,11272,9.246,2.084,7.058e-16,prime,1
1004,1,z:ilp,nat-oop,5112,5961,9.793,1.166,6.760e-16,prime,0
1004,1,z:ilp,nat-oop,5120,5956,9.776,1.163,6.760e-16,prime,1
1005,1,z:ilp,nat-oop,5465,11700,9.171,2.141,7.173e-16,prime,0
1005,1,z:ilp,nat-oop,5246,11694,9.552,2.229,7.173e-16,prime,1
1006,1,z:ilp,nat-oop,5046,6036,9.942,1.196,7.821e-16,prime,0
1006,1,z:ilp,nat-oop,4990,6003,10.054,1.203,7.821e-16,prime,1
1007,1,z:ilp,nat-oop,5485,10444,9.157,1.904,8.589e-16,prime,0
1007,1,z:ilp,nat-oop,5250,10486,9.567,1.997,8.589e-16,prime,1
1008,1,z:ilp,nat-oop,1044,1317,48.171,1.262,7.605e-16,chain3,0
1008,1,z:ilp,nat-oop,1061,1317,47.388,1.241,7.605e-16,chain3,1
1009,1,z:ilp,nat-oop,5231,6036,9.624,1.154,1.135e-15,prime,0
1009,1,z:ilp,nat-oop,5215,6047,9.653,1.160,1.135e-15,prime,1
1010,1,z:ilp,nat-oop,5157,15683,9.773,3.041,8.998e-16,prime,0
1010,1,z:ilp,nat-oop,5198,15673,9.696,3.015,8.998e-16,prime,1
1011,1,z:ilp,nat-oop,5142,6003,9.813,1.168,9.380e-16,prime,0
1011,1,z:ilp,nat-oop,5086,5989,9.921,1.177,9.380e-16,prime,1
1012,1,z:ilp,nat-oop,2131,3289,23.708,1.543,6.085e-16,chain3,0
1012,1,z:ilp,nat-oop,1853,3294,27.258,1.777,6.085e-16,chain3,1
1013,1,z:ilp,nat-oop,5455,6040,9.270,1.107,1.061e-15,prime,0
1013,1,z:ilp,nat-oop,5419,6108,9.332,1.127,1.061e-15,prime,1
1014,1,z:ilp,nat-oop,1446,1597,35.005,1.105,6.311e-16,chain3,0
1014,1,z:ilp,nat-oop,1449,1610,34.936,1.111,6.311e-16,chain3,1
1015,1,z:ilp,nat-oop,1864,4357,27.196,2.338,7.427e-16,flat,0
1015,1,z:ilp,nat-oop,2219,4359,22.838,1.964,7.427e-16,flat,1
1016,1,z:ilp,nat-oop,5068,18405,10.012,3.632,6.895e-16,prime,0
1016,1,z:ilp,nat-oop,5078,18409,9.992,3.625,6.895e-16,prime,1
1017,1,z:ilp,nat-oop,5478,6040,9.274,1.103,9.615e-16,prime,0
1017,1,z:ilp,nat-oop,5236,6044,9.702,1.154,9.615e-16,prime,1
1018,1,z:ilp,nat-oop,5171,6016,9.834,1.163,6.989e-16,prime,0
1018,1,z:ilp,nat-oop,5154,6027,9.868,1.169,6.989e-16,prime,1
1019,1,z:ilp,nat-oop,5264,6024,9.673,1.145,9.110e-16,prime,0
1019,1,z:ilp,nat-oop,5189,6014,9.811,1.159,9.110e-16,prime,1
1020,1,z:ilp,nat-oop,1474,2693,34.584,1.827,5.605e-16,chain3,0
1020,1,z:ilp,nat-oop,1437,2692,35.460,1.873,5.605e-16,chain3,1
1021,1,z:ilp,nat-oop,5159,6052,9.891,1.173,9.651e-16,prime,0
1021,1,z:ilp,nat-oop,5350,6085,9.538,1.137,9.651e-16,prime,1
1022,1,z:ilp,nat-oop,5144,10640,9.932,2.069,9.388e-16,prime,0
1022,1,z:ilp,nat-oop,5145,10655,9.930,2.071,9.388e-16,prime,1
1023,1,z:ilp,nat-oop,2295,4651,22.281,2.026,5.272e-16,chain3,0
1023,1,z:ilp,nat-oop,2670,4647,19.152,1.740,5.272e-16,chain3,1
1024,1,z:ilp,nat-oop,735,865,69.698,1.178,4.013e-16,ztt,0
1024,1,z:ilp,nat-oop,717,863,71.381,1.204,4.013e-16,ztt,1
1025,1,z:ilp,nat-oop,2004,6573,25.574,3.279,5.995e-16,2p,0
1025,1,z:ilp,nat-oop,2123,6569,24.149,3.095,5.995e-16,2p,1
1026,1,z:ilp,nat-oop,1574,2901,32.604,1.843,5.353e-16,chain3,0
1026,1,z:ilp,nat-oop,1595,2904,32.180,1.821,5.353e-16,chain3,1
1027,1,z:ilp,nat-oop,10385,14631,4.947,1.409,7.327e-16,prime,0
1027,1,z:ilp,nat-oop,10415,14857,4.932,1.426,7.327e-16,prime,1
1028,1,z:ilp,nat-oop,10638,9912,4.835,0.932,1.027e-15,prime,0
1028,1,z:ilp,nat-oop,10540,9969,4.879,0.946,1.027e-15,prime,1
1029,1,z:ilp,nat-oop,1594,1573,32.306,0.987,5.899e-16,flat,0
1029,1,z:ilp,nat-oop,1546,1556,33.298,1.006,5.899e-16,flat,1
1030,1,z:ilp,nat-oop,10612,16314,4.857,1.537,6.767e-16,prime,0
1030,1,z:ilp,nat-oop,10655,16251,4.837,1.525,6.767e-16,prime,1
1031,1,z:ilp,nat-oop,10658,9885,4.842,0.928,1.068e-15,prime,0
1031,1,z:ilp,nat-oop,10474,9913,4.927,0.946,1.068e-15,prime,1
1032,1,z:ilp,nat-oop,2226,5618,23.208,2.524,6.007e-16,chain3,0
1032,1,z:ilp,nat-oop,2148,5610,24.045,2.611,6.007e-16,chain3,1
1033,1,z:ilp,nat-oop,8574,9984,6.031,1.164,9.093e-16,prime,0
1033,1,z:ilp,nat-oop,8755,9973,5.907,1.139,9.093e-16,prime,1
1034,1,z:ilp,nat-oop,3314,6688,15.620,2.018,1.072e-15,flat,0
1034,1,z:ilp,nat-oop,3306,6663,15.661,2.016,1.072e-15,flat,1
1035,1,z:ilp,nat-oop,1843,3669,28.121,1.991,6.139e-16,flat,0
1035,1,z:ilp,nat-oop,1872,3712,27.685,1.983,6.139e-16,flat,1
1036,1,z:ilp,nat-oop,1893,4898,27.403,2.587,6.614e-16,flat,0
1036,1,z:ilp,nat-oop,1936,4908,26.807,2.536,6.614e-16,flat,1
1037,1,z:ilp,nat-oop,10469,12270,4.962,1.172,8.114e-16,prime,0
1037,1,z:ilp,nat-oop,10453,12262,4.969,1.173,8.114e-16,prime,1
1038,1,z:ilp,nat-oop,10399,9928,5.000,0.955,9.974e-16,prime,0
1038,1,z:ilp,nat-oop,11880,9932,4.377,0.836,9.974e-16,prime,1
1039,1,z:ilp,nat-oop,10378,9883,5.016,0.952,9.890e-16,prime,0
1039,1,z:ilp,nat-oop,10330,9882,5.040,0.957,9.890e-16,prime,1
1040,1,z:ilp,nat-oop,1189,1490,43.833,1.253,6.125e-16,chain3,0
1040,1,z:ilp,nat-oop,1200,1491,43.428,1.242,6.125e-16,chain3,1
1041,1,z:ilp,nat-oop,10468,9960,4.984,0.951,8.218e-16,prime,0
1041,1,z:ilp,nat-oop,10407,9974,5.013,0.958,8.218e-16,prime,1
1042,1,z:ilp,nat-oop,10514,9925,4.968,0.944,7.006e-16,prime,0
1042,1,z:ilp,nat-oop,10519,9954,4.966,0.946,7.006e-16,prime,1
1043,1,z:ilp,nat-oop,10625,9912,4.921,0.933,8.049e-16,prime,0
1043,1,z:ilp,nat-oop,10617,9903,4.925,0.933,8.049e-16,prime,1
1044,1,z:ilp,nat-oop,2391,4074,21.891,1.704,6.775e-16,chain3,0
1044,1,z:ilp,nat-oop,2872,4068,18.229,1.417,6.775e-16,chain3,1
1045,1,z:ilp,nat-oop,1861,3088,28.156,1.659,6.338e-16,flat,0
1045,1,z:ilp,nat-oop,1845,3127,28.397,1.695,6.338e-16,flat,1
1046,1,z:ilp,nat-oop,12607,9955,4.161,0.790,8.846e-16,prime,0
1046,1,z:ilp,nat-oop,10588,9932,4.955,0.938,8.846e-16,prime,1
1047,1,z:ilp,nat-oop,10538,9903,4.984,0.940,7.265e-16,prime,0
1047,1,z:ilp,nat-oop,10674,9928,4.920,0.930,7.265e-16,prime,1
1048,1,z:ilp,nat-oop,10434,19662,5.039,1.884,8.817e-16,prime,0
1048,1,z:ilp,nat-oop,10427,19667,5.042,1.886,8.817e-16,prime,1
1049,1,z:ilp,nat-oop,10774,9996,4.885,0.928,8.971e-16,prime,0
1049,1,z:ilp,nat-oop,10673,9990,4.932,0.936,8.971e-16,prime,1
1050,1,z:ilp,nat-oop,1667,1488,31.613,0.893,7.333e-16,chain3,0
1050,1,z:ilp,nat-oop,1635,1490,32.221,0.911,7.333e-16,chain3,1
1051,1,z:ilp,nat-oop,5715,9932,9.229,1.738,1.014e-15,prime,0
1051,1,z:ilp,nat-oop,5505,9918,9.582,1.802,1.014e-15,prime,1
1052,1,z:ilp,nat-oop,10659,9884,4.954,0.927,7.834e-16,prime,0
1052,1,z:ilp,nat-oop,10627,9896,4.969,0.931,7.834e-16,prime,1
1053,1,z:ilp,nat-oop,1646,1805,32.118,1.097,9.486e-16,chain3,0
1053,1,z:ilp,nat-oop,1646,1836,32.112,1.115,9.486e-16,chain3,1
1054,1,z:ilp,nat-oop,3148,5319,16.809,1.689,1.677e-15,flat,0
1054,1,z:ilp,nat-oop,3029,5314,17.468,1.754,1.677e-15,flat,1
1055,1,z:ilp,nat-oop,10540,9935,5.026,0.943,7.450e-16,prime,0
1055,1,z:ilp,nat-oop,10497,9943,5.047,0.947,7.450e-16,prime,1
1056,1,z:ilp,nat-oop,1215,1630,43.638,1.341,7.219e-16,chain3,0
1056,1,z:ilp,nat-oop,1228,1632,43.176,1.329,7.219e-16,chain3,1
1057,1,z:ilp,nat-oop,10552,10023,5.031,0.950,8.182e-16,prime,0
1057,1,z:ilp,nat-oop,10704,9996,4.960,0.934,8.182e-16,prime,1
1058,1,z:ilp,nat-oop,2786,5125,19.077,1.840,1.314e-15,flat,0
1058,1,z:ilp,nat-oop,3272,5056,16.245,1.545,1.314e-15,flat,1
1059,1,z:ilp,nat-oop,10361,9939,5.135,0.959,8.147e-16,prime,0
1059,1,z:ilp,nat-oop,10529,9953,5.053,0.945,8.147e-16,prime,1
1060,1,z:ilp,nat-oop,10538,7315,5.054,0.694,8.024e-16,prime,0
1060,1,z:ilp,nat-oop,10497,7317,5.074,0.697,8.024e-16,prime,1
1061,1,z:ilp,nat-oop,10699,9998,4.984,0.934,8.183e-16,prime,0
1061,1,z:ilp,nat-oop,10536,10027,5.061,0.952,8.183e-16,prime,1
1062,1,z:ilp,nat-oop,10657,8323,5.009,0.781,1.012e-15,prime,0
1062,1,z:ilp,nat-oop,10536,8323,5.067,0.790,1.012e-15,prime,1
1063,1,z:ilp,nat-oop,10550,9921,5.065,0.940,7.614e-16,prime,0
1063,1,z:ilp,nat-oop,10671,9931,5.008,0.931,7.614e-16,prime,1
1064,1,z:ilp,nat-oop,1408,2930,37.995,2.081,4.162e-16,chain3,0
1064,1,z:ilp,nat-oop,1461,2922,36.603,1.999,4.162e-16,chain3,1
1065,1,z:ilp,nat-oop,10822,13289,4.948,1.228,7.239e-16,prime,0
1065,1,z:ilp,nat-oop,10408,13291,5.145,1.277,7.239e-16,prime,1
1066,1,z:ilp,nat-oop,3211,5963,16.694,1.857,8.552e-16,flat,0
1066,1,z:ilp,nat-oop,3221,5967,16.645,1.853,8.552e-16,flat,1
1067,1,z:ilp,nat-oop,10459,9919,5.131,0.948,1.130e-15,prime,0
1067,1,z:ilp,nat-oop,10385,9927,5.168,0.956,1.130e-15,prime,1
1068,1,z:ilp,nat-oop,10599,13756,5.069,1.298,8.707e-16,prime,0
1068,1,z:ilp,nat-oop,10526,13745,5.104,1.306,8.707e-16,prime,1
1069,1,z:ilp,nat-oop,10702,9996,5.025,0.934,1.287e-15,prime,0
1069,1,z:ilp,nat-oop,10623,10001,5.063,0.941,1.287e-15,prime,1
1070,1,z:ilp,nat-oop,13597,17340,3.960,1.275,6.667e-16,prime,0
1070,1,z:ilp,nat-oop,10374,17311,5.190,1.669,6.667e-16,prime,1
1071,1,z:ilp,nat-oop,1873,3096,28.775,1.653,5.694e-16,flat,0
1071,1,z:ilp,nat-oop,1822,3107,29.581,1.705,5.694e-16,flat,1
1072,1,z:ilp,nat-oop,10673,9064,5.055,0.849,6.860e-16,prime,0
1072,1,z:ilp,nat-oop,10718,9064,5.034,0.846,6.860e-16,prime,1
1073,1,z:ilp,nat-oop,2893,9384,18.668,3.243,5.882e-16,2p,0
1073,1,z:ilp,nat-oop,2946,9246,18.331,3.138,5.882e-16,2p,1
1074,1,z:ilp,nat-oop,10382,9977,5.208,0.961,7.435e-16,prime,0
1074,1,z:ilp,nat-oop,10590,9979,5.106,0.942,7.435e-16,prime,1
1075,1,z:ilp,nat-oop,2271,7239,23.830,3.187,6.770e-16,2p,0
1075,1,z:ilp,nat-oop,2461,7205,21.992,2.928,6.770e-16,2p,1
1076,1,z:ilp,nat-oop,10665,9917,5.081,0.930,9.074e-16,prime,0
1076,1,z:ilp,nat-oop,10382,9928,5.219,0.956,9.074e-16,prime,1
1077,1,z:ilp,nat-oop,10478,10001,5.177,0.954,7.248e-16,prime,0
1077,1,z:ilp,nat-oop,10717,10000,5.061,0.933,7.248e-16,prime,1
1078,1,z:ilp,nat-oop,1871,1932,29.023,1.033,6.654e-16,flat,0
1078,1,z:ilp,nat-oop,1852,1937,29.317,1.046,6.654e-16,flat,1
1079,1,z:ilp,nat-oop,10442,16983,5.205,1.626,1.101e-15,prime,0
1079,1,z:ilp,nat-oop,10428,16631,5.213,1.595,1.101e-15,prime,1
1080,1,z:ilp,nat-oop,1172,1670,46.435,1.425,7.967e-16,chain3,0
1080,1,z:ilp,nat-oop,1169,1671,46.566,1.430,7.967e-16,chain3,1
1081,1,z:ilp,nat-oop,3829,10353,14.225,2.704,5.741e-16,2p,0
1081,1,z:ilp,nat-oop,5600,10539,9.728,1.882,5.741e-16,2p,1
1082,1,z:ilp,nat-oop,10589,9982,5.149,0.943,9.536e-16,prime,0
1082,1,z:ilp,nat-oop,13442,9984,4.057,0.743,9.536e-16,prime,1
1083,1,z:ilp,nat-oop,2043,5004,26.722,2.450,5.047e-16,chain3,0
1083,1,z:ilp,nat-oop,2404,4996,22.705,2.078,5.047e-16,chain3,1
1084,1,z:ilp,nat-oop,10355,9920,5.277,0.958,1.028e-15,prime,0
1084,1,z:ilp,nat-oop,10324,9943,5.293,0.963,1.028e-15,prime,1
1085,1,z:ilp,nat-oop,3970,5048,13.780,1.272,5.656e-16,chain3,0
1085,1,z:ilp,nat-oop,3085,4930,17.733,1.598,5.656e-16,chain3,1
1086,1,z:ilp,nat-oop,10628,9991,5.153,0.940,7.457e-16,prime,0
1086,1,z:ilp,nat-oop,10621,10010,5.156,0.943,7.457e-16,prime,1
1087,1,z:ilp,nat-oop,10389,9978,5.277,0.960,7.552e-16,prime,0
1087,1,z:ilp,nat-oop,10541,9978,5.200,0.947,7.552e-16,prime,1
1088,1,z:ilp,nat-oop,1333,2652,41.172,1.990,5.417e-16,2p,0
1088,1,z:ilp,nat-oop,1329,2642,41.288,1.988,5.417e-16,2p,1
1089,1,z:ilp,nat-oop,1580,1725,34.773,1.092,5.402e-16,chain3,0
1089,1,z:ilp,nat-oop,1600,1739,34.332,1.087,5.402e-16,chain3,1
1090,1,z:ilp,nat-oop,10403,18252,5.286,1.754,8.122e-16,prime,0
1090,1,z:ilp,nat-oop,10680,18253,5.149,1.709,8.122e-16,prime,1
1091,1,z:ilp,nat-oop,10668,9955,5.160,0.933,8.015e-16,prime,0
1091,1,z:ilp,nat-oop,10645,9943,5.171,0.934,8.015e-16,prime,1
1092,1,z:ilp,nat-oop,1237,1816,44.556,1.469,6.839e-16,chain3,0
1092,1,z:ilp,nat-oop,1252,1816,44.007,1.450,6.839e-16,chain3,1
1093,1,z:ilp,nat-oop,5754,10024,9.587,1.742,1.138e-15,prime,0
1093,1,z:ilp,nat-oop,5726,10012,9.633,1.748,1.138e-15,prime,1
1094,1,z:ilp,nat-oop,10618,9996,5.201,0.941,1.083e-15,prime,0
1094,1,z:ilp,nat-oop,10636,9990,5.192,0.939,1.083e-15,prime,1
1095,1,z:ilp,nat-oop,10746,14259,5.144,1.327,8.663e-16,prime,0
1095,1,z:ilp,nat-oop,10379,14260,5.326,1.374,8.663e-16,prime,1
1096,1,z:ilp,nat-oop,10569,22091,5.236,2.090,7.535e-16,prime,0
1096,1,z:ilp,nat-oop,10708,21947,5.168,2.050,7.535e-16,prime,1
1097,1,z:ilp,nat-oop,10735,10027,5.160,0.934,7.475e-16,prime,0
1097,1,z:ilp,nat-oop,10778,10007,5.140,0.928,7.475e-16,prime,1
1098,1,z:ilp,nat-oop,10503,9018,5.280,0.859,7.576e-16,prime,0
1098,1,z:ilp,nat-oop,10609,9025,5.227,0.851,7.576e-16,prime,1
1099,1,z:ilp,nat-oop,10632,9969,5.221,0.938,1.052e-15,prime,0
1099,1,z:ilp,nat-oop,10621,9970,5.227,0.939,1.052e-15,prime,1
1100,1,z:ilp,nat-oop,1302,1725,42.689,1.325,3.987e-16,chain3,0
1100,1,z:ilp,nat-oop,1279,1715,43.433,1.341,3.987e-16,chain3,1
1101,1,z:ilp,nat-oop,10634,10048,5.231,0.945,8.963e-16,prime,0
1101,1,z:ilp,nat-oop,10776,10051,5.162,0.933,8.963e-16,prime,1
1102,1,z:ilp,nat-oop,3459,5522,16.099,1.596,1.126e-15,flat,0
1102,1,z:ilp,nat-oop,3327,5516,16.738,1.658,1.126e-15,flat,1
1103,1,z:ilp,nat-oop,10772,9975,5.175,0.926,7.643e-16,prime,0
1103,1,z:ilp,nat-oop,10943,9971,5.094,0.911,7.643e-16,prime,1
1104,1,z:ilp,nat-oop,2352,3464,23.724,1.473,6.916e-16,chain3,0
1104,1,z:ilp,nat-oop,1685,3455,33.107,2.050,6.916e-16,chain3,1
1105,1,z:ilp,nat-oop,1756,3195,31.813,1.820,8.022e-16,flat,0
1105,1,z:ilp,nat-oop,1795,3195,31.118,1.780,8.022e-16,flat,1
1106,1,z:ilp,nat-oop,10548,12357,5.301,1.172,7.246e-16,prime,0
1106,1,z:ilp,nat-oop,10612,12311,5.269,1.160,7.246e-16,prime,1
1107,1,z:ilp,nat-oop,2413,7237,23.199,3.000,6.287e-16,2p,0
1107,1,z:ilp,nat-oop,2467,7231,22.689,2.931,6.287e-16,2p,1
1108,1,z:ilp,nat-oop,10453,9943,5.360,0.951,6.084e-16,prime,0
1108,1,z:ilp,nat-oop,10421,9930,5.377,0.953,6.084e-16,prime,1
1109,1,z:ilp,nat-oop,10665,10048,5.259,0.942,9.190e-16,prime,0
1109,1,z:ilp,nat-oop,10486,10054,5.349,0.959,9.190e-16,prime,1
1110,1,z:ilp,nat-oop,2283,5180,24.591,2.269,5.937e-16,chain3,0
1110,1,z:ilp,nat-oop,2351,5181,23.883,2.204,5.937e-16,chain3,1
1111,1,z:ilp,nat-oop,10303,9970,5.455,0.968,9.326e-16,prime,0
1111,1,z:ilp,nat-oop,10455,9956,5.376,0.952,9.326e-16,prime,1
1112,1,z:ilp,nat-oop,10387,22195,5.417,2.137,7.163e-16,prime,0
1112,1,z:ilp,nat-oop,10333,22174,5.445,2.146,7.163e-16,prime,1
1113,1,z:ilp,nat-oop,10687,9856,5.270,0.922,9.252e-16,prime,0
1113,1,z:ilp,nat-oop,10683,9841,5.272,0.921,9.252e-16,prime,1
1114,1,z:ilp,nat-oop,10382,10018,5.430,0.965,8.405e-16,prime,0
1114,1,z:ilp,nat-oop,10413,9999,5.414,0.960,8.405e-16,prime,1
1115,1,z:ilp,nat-oop,10477,9992,5.387,0.954,8.141e-16,prime,0
1115,1,z:ilp,nat-oop,10865,10007,5.194,0.921,8.141e-16,prime,1
1116,1,z:ilp,nat-oop,2646,4543,21.350,1.717,8.939e-16,flat,0
1116,1,z:ilp,nat-oop,2116,4547,26.702,2.149,8.939e-16,flat,1
1117,1,z:ilp,nat-oop,8441,10025,6.700,1.188,9.901e-16,prime,0
1117,1,z:ilp,nat-oop,8336,10366,6.784,1.244,9.901e-16,prime,1
1118,1,z:ilp,nat-oop,3531,6610,16.031,1.872,7.409e-16,flat,0
1118,1,z:ilp,nat-oop,3371,6612,16.793,1.961,7.409e-16,flat,1
1119,1,z:ilp,nat-oop,10634,9988,5.329,0.939,1.125e-15,prime,0
1119,1,z:ilp,nat-oop,10611,9998,5.340,0.942,1.125e-15,prime,1
1120,1,z:ilp,nat-oop,1169,1595,48.530,1.365,4.998e-16,chain3,0
1120,1,z:ilp,nat-oop,1178,1591,48.133,1.350,4.998e-16,chain3,1
1121,1,z:ilp,nat-oop,10858,12847,5.230,1.183,8.221e-16,prime,0
1121,1,z:ilp,nat-oop,10839,12813,5.238,1.182,8.221e-16,prime,1
1122,1,z:ilp,nat-oop,1718,2990,33.077,1.740,7.158e-16,chain3,0
1122,1,z:ilp,nat-oop,1720,2983,33.041,1.734,7.158e-16,chain3,1
1123,1,z:ilp,nat-oop,5433,9993,10.472,1.839,9.010e-16,prime,0
1123,1,z:ilp,nat-oop,5557,9975,10.238,1.795,9.010e-16,prime,1
1124,1,z:ilp,nat-oop,10440,9935,5.456,0.952,9.398e-16,prime,0
1124,1,z:ilp,nat-oop,10469,10125,5.440,0.967,9.398e-16,prime,1
1125,1,z:ilp,nat-oop,1591,1869,35.840,1.175,5.895e-16,flat,0
1125,1,z:ilp,nat-oop,1523,1878,37.447,1.234,5.895e-16,flat,1
1126,1,z:ilp,nat-oop,10521,10004,5.425,0.951,8.064e-16,prime,0
1126,1,z:ilp,nat-oop,10626,10018,5.371,0.943,8.064e-16,prime,1
1127,1,z:ilp,nat-oop,2475,3879,23.085,1.567,8.122e-16,chain3,0
1127,1,z:ilp,nat-oop,2314,3878,24.686,1.676,8.122e-16,chain3,1
1128,1,z:ilp,nat-oop,2777,6951,20.596,2.503,8.613e-16,flat,0
1128,1,z:ilp,nat-oop,2760,6953,20.720,2.519,8.613e-16,flat,1
1129,1,z:ilp,nat-oop,10562,10053,5.420,0.952,9.462e-16,prime,0
1129,1,z:ilp,nat-oop,10795,10066,5.303,0.932,9.462e-16,prime,1
1130,1,z:ilp,nat-oop,10680,19765,5.365,1.851,6.632e-16,prime,0
1130,1,z:ilp,nat-oop,10635,19776,5.388,1.860,6.632e-16,prime,1
1131,1,z:ilp,nat-oop,3082,5032,18.609,1.633,7.917e-16,chain3,0
1131,1,z:ilp,nat-oop,3442,4993,16.665,1.451,7.917e-16,chain3,1
1132,1,z:ilp,nat-oop,10361,9964,5.542,0.962,1.105e-15,prime,0
1132,1,z:ilp,nat-oop,10537,10000,5.449,0.949,1.105e-15,prime,1
1133,1,z:ilp,nat-oop,10504,10064,5.472,0.958,6.614e-16,prime,0
1133,1,z:ilp,nat-oop,10578,10056,5.434,0.951,6.614e-16,prime,1
1134,1,z:ilp,nat-oop,1713,1736,33.586,1.013,6.540e-16,chain3,0
1134,1,z:ilp,nat-oop,1677,1736,34.298,1.035,6.540e-16,chain3,1
1135,1,z:ilp,nat-oop,10448,10000,5.512,0.957,7.430e-16,prime,0
1135,1,z:ilp,nat-oop,10709,9987,5.378,0.933,7.430e-16,prime,1
1136,1,z:ilp,nat-oop,10657,10302,5.410,0.967,7.717e-16,prime,0
1136,1,z:ilp,nat-oop,10664,10315,5.406,0.967,7.717e-16,prime,1
1137,1,z:ilp,nat-oop,10693,10084,5.397,0.943,8.296e-16,prime,0
1137,1,z:ilp,nat-oop,10713,10056,5.387,0.939,8.296e-16,prime,1
1138,1,z:ilp,nat-oop,10644,10049,5.427,0.944,5.868e-16,prime,0
1138,1,z:ilp,nat-oop,10403,10048,5.553,0.966,5.868e-16,prime,1
1139,1,z:ilp,nat-oop,10780,14977,5.364,1.389,7.339e-16,prime,0
1139,1,z:ilp,nat-oop,10653,14764,5.428,1.386,7.339e-16,prime,1
1140,1,z:ilp,nat-oop,1537,3210,37.651,2.088,5.339e-16,chain3,0
1140,1,z:ilp,nat-oop,1528,3212,37.892,2.103,5.339e-16,chain3,1
1141,1,z:ilp,nat-oop,10671,10063,5.430,0.943,9.004e-16,prime,0
1141,1,z:ilp,nat-oop,10724,10077,5.403,0.940,9.004e-16,prime,1
1142,1,z:ilp,nat-oop,10417,10059,5.568,0.966,1.010e-15,prime,0
1142,1,z:ilp,nat-oop,10613,10061,5.465,0.948,1.010e-15,prime,1
1143,1,z:ilp,nat-oop,10509,10011,5.524,0.953,8.563e-16,prime,0
1143,1,z:ilp,nat-oop,10685,9998,5.433,0.936,8.563e-16,prime,1
1144,1,z:ilp,nat-oop,1471,1809,39.499,1.229,5.736e-16,chain3,0
1144,1,z:ilp,nat-oop,1456,1804,39.906,1.239,5.736e-16,chain3,1
1145,1,z:ilp,nat-oop,10512,10070,5.534,0.958,7.630e-16,prime,0
1145,1,z:ilp,nat-oop,10716,10060,5.428,0.939,7.630e-16,prime,1
1146,1,z:ilp,nat-oop,10707,10039,5.439,0.938,8.414e-16,prime,0
1146,1,z:ilp,nat-oop,10707,10040,5.439,0.938,8.414e-16,prime,1
1147,1,z:ilp,nat-oop,3182,10158,18.315,3.192,8.391e-16,flat,0
1147,1,z:ilp,nat-oop,3209,10171,18.166,3.170,8.391e-16,flat,1
1148,1,z:ilp,nat-oop,2373,5977,24.585,2.519,5.630e-16,chain3,0
1148,1,z:ilp,nat-oop,2355,5987,24.776,2.542,5.630e-16,chain3,1
1149,1,z:ilp,nat-oop,10445,10090,5.591,0.966,7.019e-16,prime,0
1149,1,z:ilp,nat-oop,10515,10085,5.555,0.959,7.019e-16,prime,1
1150,1,z:ilp,nat-oop,2320,3733,25.197,1.609,6.032e-16,chain3,0
1150,1,z:ilp,nat-oop,2523,3731,23.170,1.479,6.032e-16,chain3,1
1151,1,z:ilp,nat-oop,7126,10001,8.212,1.403,1.033e-15,prime,0
1151,1,z:ilp,nat-oop,7076,10014,8.270,1.415,1.033e-15,prime,1
1152,1,z:ilp,nat-oop,1329,1693,44.066,1.273,5.901e-16,chain3,0
1152,1,z:ilp,nat-oop,1346,1681,43.537,1.249,5.901e-16,chain3,1
1153,1,z:ilp,nat-oop,4234,11565,13.848,2.731,1.030e-15,prime,0
1153,1,z:ilp,nat-oop,4276,11568,13.714,2.706,1.030e-15,prime,1
1154,1,z:ilp,nat-oop,10627,11506,5.523,1.083,8.005e-16,prime,0
1154,1,z:ilp,nat-oop,10558,11606,5.559,1.099,8.005e-16,prime,1
1155,1,z:ilp,nat-oop,1668,1838,35.230,1.102,4.583e-16,chain3,0
1155,1,z:ilp,nat-oop,1724,1839,34.077,1.067,4.583e-16,chain3,1
1156,1,z:ilp,nat-oop,1888,4199,31.152,2.224,9.589e-16,chain3,0
1156,1,z:ilp,nat-oop,1928,4194,30.504,2.175,9.589e-16,chain3,1
1157,1,z:ilp,nat-oop,10645,20137,5.530,1.892,7.908e-16,prime,0
1157,1,z:ilp,nat-oop,10800,20142,5.451,1.865,7.908e-16,prime,1
1158,1,z:ilp,nat-oop,10431,11545,5.649,1.107,8.348e-16,prime,0
1158,1,z:ilp,nat-oop,10349,11542,5.694,1.115,8.348e-16,prime,1
1159,1,z:ilp,nat-oop,10683,13978,5.522,1.308,8.320e-16,prime,0
1159,1,z:ilp,nat-oop,10701,13976,5.512,1.306,8.320e-16,prime,1
1160,1,z:ilp,nat-oop,2583,4432,22.856,1.716,9.897e-16,flat,0
1160,1,z:ilp,nat-oop,2623,4435,22.513,1.691,9.897e-16,flat,1
1161,1,z:ilp,nat-oop,2480,7949,23.831,3.205,5.769e-16,2p,0
1161,1,z:ilp,nat-oop,2401,7943,24.614,3.308,5.769e-16,2p,1
1162,1,z:ilp,nat-oop,10658,13643,5.551,1.280,8.621e-16,prime,0
1162,1,z:ilp,nat-oop,10509,13641,5.629,1.298,8.621e-16,prime,1
1163,1,z:ilp,nat-oop,10899,11509,5.434,1.056,7.693e-16,prime,0
1163,1,z:ilp,nat-oop,10818,11494,5.474,1.063,7.693e-16,prime,1
1164,1,z:ilp,nat-oop,10710,16521,5.535,1.543,7.337e-16,prime,0
1164,1,z:ilp,nat-oop,10725,16634,5.527,1.551,7.337e-16,prime,1
1165,1,z:ilp,nat-oop,10788,11556,5.500,1.071,6.658e-16,prime,0
1165,1,z:ilp,nat-oop,10481,11611,5.661,1.108,6.658e-16,prime,1
1166,1,z:ilp,nat-oop,10805,8550,5.497,0.791,7.925e-16,prime,0
1166,1,z:ilp,nat-oop,10415,8565,5.702,0.822,7.925e-16,prime,1
1167,1,z:ilp,nat-oop,10661,11519,5.576,1.080,8.349e-16,prime,0
1167,1,z:ilp,nat-oop,10660,11464,5.577,1.075,8.349e-16,prime,1
1168,1,z:ilp,nat-oop,14526,11057,4.097,0.761,7.572e-16,prime,0
1168,1,z:ilp,nat-oop,10677,11050,5.574,1.035,7.572e-16,prime,1
1169,1,z:ilp,nat-oop,10690,11597,5.572,1.085,7.678e-16,prime,0
1169,1,z:ilp,nat-oop,10676,11601,5.579,1.087,7.678e-16,prime,1
1170,1,z:ilp,nat-oop,1471,1872,40.532,1.272,7.662e-16,chain3,0
1170,1,z:ilp,nat-oop,1474,1875,40.459,1.272,7.662e-16,chain3,1
1171,1,z:ilp,nat-oop,4842,11565,12.325,2.388,8.503e-16,prime,0
1171,1,z:ilp,nat-oop,4820,11540,12.383,2.394,8.503e-16,prime,1
1172,1,z:ilp,nat-oop,10763,11485,5.550,1.067,8.647e-16,prime,0
1172,1,z:ilp,nat-oop,10549,11515,5.663,1.092,8.647e-16,prime,1
1173,1,z:ilp,nat-oop,2380,5737,25.126,2.410,1.148e-15,flat,0
1173,1,z:ilp,nat-oop,2550,5659,23.448,2.219,1.148e-15,flat,1
1174,1,z:ilp,nat-oop,10417,11539,5.746,1.108,7.918e-16,prime,0
1174,1,z:ilp,nat-oop,10552,11693,5.673,1.108,7.918e-16,prime,1
1175,1,z:ilp,nat-oop,2753,8819,21.766,3.204,4.644e-16,flat,0
1175,1,z:ilp,nat-oop,2776,8815,21.583,3.175,4.644e-16,flat,1
1176,1,z:ilp,nat-oop,1500,1692,39.970,1.128,4.825e-16,chain3,0
1176,1,z:ilp,nat-oop,1531,1690,39.161,1.103,4.825e-16,chain3,1
1177,1,z:ilp,nat-oop,10746,11590,5.586,1.079,7.011e-16,prime,0
1177,1,z:ilp,nat-oop,10531,11600,5.700,1.101,7.011e-16,prime,1
1178,1,z:ilp,nat-oop,3080,6108,19.511,1.983,1.035e-15,flat,0
1178,1,z:ilp,nat-oop,3079,6104,19.514,1.982,1.035e-15,flat,1
1179,1,z:ilp,nat-oop,10465,11530,5.748,1.102,6.042e-16,prime,0
1179,1,z:ilp,nat-oop,10716,11517,5.613,1.075,6.042e-16,prime,1
1180,1,z:ilp,nat-oop,10644,9112,5.656,0.856,9.674e-16,prime,0
1180,1,z:ilp,nat-oop,10588,9111,5.686,0.861,9.674e-16,prime,1
1181,1,z:ilp,nat-oop,10679,11525,5.643,1.079,6.880e-16,prime,0
1181,1,z:ilp,nat-oop,10692,11593,5.637,1.084,6.880e-16,prime,1
1182,1,z:ilp,nat-oop,10404,11583,5.798,1.113,7.781e-16,prime,0
1182,1,z:ilp,nat-oop,10667,11570,5.655,1.085,7.781e-16,prime,1
1183,1,z:ilp,nat-oop,1809,1926,33.376,1.064,8.301e-16,chain3,0
1183,1,z:ilp,nat-oop,1809,1926,33.373,1.064,8.301e-16,chain3,1
1184,1,z:ilp,nat-oop,4166,5511,14.509,1.323,4.647e-16,2p,0
1184,1,z:ilp,nat-oop,3623,5512,16.683,1.521,4.647e-16,2p,1
1185,1,z:ilp,nat-oop,10640,16980,5.686,1.596,7.894e-16,prime,0
1185,1,z:ilp,nat-oop,10728,16947,5.639,1.580,7.894e-16,prime,1
1186,1,z:ilp,nat-oop,12719,11604,4.761,0.912,8.385e-16,prime,0
1186,1,z:ilp,nat-oop,10448,11581,5.796,1.108,8.385e-16,prime,1
1187,1,z:ilp,nat-oop,10489,11516,5.779,1.098,9.247e-16,prime,0
1187,1,z:ilp,nat-oop,10673,11535,5.679,1.081,9.247e-16,prime,1
1188,1,z:ilp,nat-oop,1383,1941,43.876,1.404,5.500e-16,chain3,0
1188,1,z:ilp,nat-oop,1389,1944,43.677,1.400,5.500e-16,chain3,1
1189,1,z:ilp,nat-oop,3551,11198,17.105,3.154,5.892e-16,2p,0
1189,1,z:ilp,nat-oop,3463,11204,17.537,3.235,5.892e-16,2p,1
1190,1,z:ilp,nat-oop,1708,3383,35.598,1.981,8.191e-16,chain3,0
1190,1,z:ilp,nat-oop,1678,3385,36.222,2.017,8.191e-16,chain3,1
1191,1,z:ilp,nat-oop,10523,11530,5.783,1.096,9.168e-16,prime,0
1191,1,z:ilp,nat-oop,10693,11551,5.690,1.080,9.168e-16,prime,1
1192,1,z:ilp,nat-oop,10596,26130,5.748,2.466,7.561e-16,prime,0
1192,1,z:ilp,nat-oop,10565,26114,5.765,2.472,7.561e-16,prime,1
1193,1,z:ilp,nat-oop,10455,11605,5.831,1.110,8.557e-16,prime,0
1193,1,z:ilp,nat-oop,10600,11570,5.751,1.092,8.557e-16,prime,1
1194,1,z:ilp,nat-oop,10696,11531,5.705,1.078,9.044e-16,prime,0
1194,1,z:ilp,nat-oop,10582,11587,5.766,1.095,9.044e-16,prime,1
1195,1,z:ilp,nat-oop,10729,11532,5.693,1.075,9.158e-16,prime,0
1195,1,z:ilp,nat-oop,10700,11548,5.709,1.079,9.158e-16,prime,1
1196,1,z:ilp,nat-oop,2090,3906,29.258,1.869,6.268e-16,chain3,0
1196,1,z:ilp,nat-oop,2077,3908,29.436,1.881,6.268e-16,chain3,1
1197,1,z:ilp,nat-oop,2426,3648,25.223,1.503,1.330e-15,flat,0
1197,1,z:ilp,nat-oop,2225,3656,27.504,1.643,1.330e-15,flat,1
1198,1,z:ilp,nat-oop,10681,11591,5.735,1.085,7.606e-16,prime,0
1198,1,z:ilp,nat-oop,10424,11598,5.877,1.113,7.606e-16,prime,1
1199,1,z:ilp,nat-oop,10499,11545,5.840,1.100,8.356e-16,prime,0
1199,1,z:ilp,nat-oop,10692,11501,5.735,1.076,8.356e-16,prime,1
1200,1,z:ilp,nat-oop,1987,1713,30.891,0.862,6.856e-16,chain3,0
1200,1,z:ilp,nat-oop,1944,1698,31.574,0.874,6.856e-16,chain3,1
1201,1,z:ilp,nat-oop,7799,11631,7.876,1.491,9.124e-16,prime,0
1201,1,z:ilp,nat-oop,6843,11612,8.977,1.697,9.124e-16,prime,1
1202,1,z:ilp,nat-oop,10593,11563,5.805,1.092,9.119e-16,prime,0
1202,1,z:ilp,nat-oop,10625,11609,5.787,1.093,9.119e-16,prime,1
1203,1,z:ilp,nat-oop,10715,11577,5.744,1.080,6.373e-16,prime,0
1203,1,z:ilp,nat-oop,10496,11557,5.864,1.101,6.373e-16,prime,1
1204,1,z:ilp,nat-oop,2517,6594,24.476,2.620,6.498e-16,flat,0
1204,1,z:ilp,nat-oop,2578,6616,23.895,2.566,6.498e-16,flat,1
1205,1,z:ilp,nat-oop,10576,11574,5.831,1.094,7.067e-16,prime,0
1205,1,z:ilp,nat-oop,10614,11569,5.810,1.090,7.067e-16,prime,1
1206,1,z:ilp,nat-oop,10597,10912,5.824,1.030,6.555e-16,prime,0
1206,1,z:ilp,nat-oop,10657,10905,5.792,1.023,6.555e-16,prime,1
1207,1,z:ilp,nat-oop,10655,16676,5.798,1.565,7.835e-16,prime,0
1207,1,z:ilp,nat-oop,10495,16651,5.887,1.587,7.835e-16,prime,1
1208,1,z:ilp,nat-oop,10514,11557,5.882,1.099,7.495e-16,prime,0
1208,1,z:ilp,nat-oop,10430,11552,5.929,1.108,7.495e-16,prime,1
1209,1,z:ilp,nat-oop,3105,5629,19.933,1.813,6.040e-16,chain3,0
1209,1,z:ilp,nat-oop,3125,5725,19.805,1.832,6.040e-16,chain3,1
1210,1,z:ilp,nat-oop,1608,2326,38.523,1.447,3.692e-16,chain3,0
1210,1,z:ilp,nat-oop,1639,2330,37.811,1.422,3.692e-16,chain3,1
1211,1,z:ilp,nat-oop,10842,11558,5.720,1.066,8.864e-16,prime,0
1211,1,z:ilp,nat-oop,10837,11537,5.723,1.065,8.864e-16,prime,1
1212,1,z:ilp,nat-oop,10514,18121,5.904,1.723,6.104e-16,prime,0
1212,1,z:ilp,nat-oop,10486,18123,5.919,1.728,6.104e-16,prime,1
1213,1,z:ilp,nat-oop,10735,11651,5.788,1.085,7.938e-16,prime,0
1213,1,z:ilp,nat-oop,10693,11647,5.810,1.089,7.938e-16,prime,1
1214,1,z:ilp,nat-oop,10613,11630,5.860,1.096,9.485e-16,prime,0
1214,1,z:ilp,nat-oop,10639,11614,5.845,1.092,9.485e-16,prime,1
1215,1,z:ilp,nat-oop,1801,2119,34.562,1.176,8.498e-16,chain3,0
1215,1,z:ilp,nat-oop,1737,2110,35.834,1.215,8.498e-16,chain3,1
1216,1,z:ilp,nat-oop,1529,3180,40.748,2.080,4.294e-16,2p,0
1216,1,z:ilp,nat-oop,1749,3168,35.618,1.811,4.294e-16,2p,1
1217,1,z:ilp,nat-oop,5199,11682,11.995,2.247,8.831e-16,prime,0
1217,1,z:ilp,nat-oop,5158,11611,12.091,2.251,8.831e-16,prime,1
1218,1,z:ilp,nat-oop,3113,4625,20.050,1.486,6.313e-16,flat,0
1218,1,z:ilp,nat-oop,3063,4628,20.378,1.511,6.313e-16,flat,1
1219,1,z:ilp,nat-oop,10541,13259,5.928,1.258,9.197e-16,prime,0
1219,1,z:ilp,nat-oop,10818,13274,5.776,1.227,9.197e-16,prime,1
1220,1,z:ilp,nat-oop,10705,9875,5.842,0.923,5.370e-16,prime,0
1220,1,z:ilp,nat-oop,10773,9879,5.805,0.917,5.370e-16,prime,1
1221,1,z:ilp,nat-oop,2933,6888,21.346,2.349,4.944e-16,chain3,0
1221,1,z:ilp,nat-oop,2864,6869,21.860,2.399,4.944e-16,chain3,1
1222,1,z:ilp,nat-oop,4069,8010,15.398,1.969,9.449e-16,flat,0
1222,1,z:ilp,nat-oop,3892,7993,16.098,2.054,9.449e-16,flat,1
1223,1,z:ilp,nat-oop,10713,11559,5.854,1.079,9.011e-16,prime,0
1223,1,z:ilp,nat-oop,10498,11595,5.974,1.104,9.011e-16,prime,1
1224,1,z:ilp,nat-oop,1514,3266,41.456,2.157,7.564e-16,chain3,0
1224,1,z:ilp,nat-oop,1531,3267,40.999,2.134,7.564e-16,chain3,1
1225,1,z:ilp,nat-oop,1794,1928,35.026,1.075,6.732e-16,flat,0
1225,1,z:ilp,nat-oop,1784,1929,35.227,1.081,6.732e-16,flat,1
1226,1,z:ilp,nat-oop,10484,11622,5.999,1.108,9.480e-16,prime,0
1226,1,z:ilp,nat-oop,10535,11587,5.970,1.100,9.480e-16,prime,1
1227,1,z:ilp,nat-oop,10746,11578,5.858,1.077,8.756e-16,prime,0
1227,1,z:ilp,nat-oop,10506,11539,5.992,1.098,8.756e-16,prime,1
1228,1,z:ilp,nat-oop,10692,11541,5.893,1.079,7.447e-16,prime,0
1228,1,z:ilp,nat-oop,10547,11498,5.974,1.090,7.447e-16,prime,1
1229,1,z:ilp,nat-oop,10550,11598,5.978,1.099,7.453e-16,prime,0
1229,1,z:ilp,nat-oop,10487,11578,6.014,1.104,7.453e-16,prime,1
1230,1,z:ilp,nat-oop,2637,6342,23.941,2.405,5.834e-16,chain3,0
1230,1,z:ilp,nat-oop,2716,6332,23.241,2.331,5.834e-16,chain3,1
1231,1,z:ilp,nat-oop,10492,11545,6.022,1.100,9.695e-16,prime,0
1231,1,z:ilp,nat-oop,10509,11590,6.012,1.103,9.695e-16,prime,1
1232,1,z:ilp,nat-oop,1341,1732,47.174,1.292,5.068e-16,chain3,0
1232,1,z:ilp,nat-oop,1342,1723,47.138,1.284,5.068e-16,chain3,1
1233,1,z:ilp,nat-oop,10825,11652,5.848,1.076,7.924e-16,prime,0
1233,1,z:ilp,nat-oop,10563,11634,5.993,1.101,7.924e-16,prime,1
1234,1,z:ilp,nat-oop,10718,11616,5.912,1.084,9.544e-16,prime,0
1234,1,z:ilp,nat-oop,10761,11615,5.888,1.079,9.544e-16,prime,1
1235,1,z:ilp,nat-oop,2250,3775,28.189,1.678,7.919e-16,flat,0
1235,1,z:ilp,nat-oop,2183,3761,29.046,1.723,7.919e-16,flat,1
1236,1,z:ilp,nat-oop,10505,18456,6.042,1.757,7.647e-16,prime,0
1236,1,z:ilp,nat-oop,10734,18452,5.914,1.719,7.647e-16,prime,1
1237,1,z:ilp,nat-oop,10629,11611,5.977,1.092,7.624e-16,prime,0
1237,1,z:ilp,nat-oop,10697,11646,5.939,1.089,7.624e-16,prime,1
1238,1,z:ilp,nat-oop,10586,11608,6.007,1.096,7.160e-16,prime,0
1238,1,z:ilp,nat-oop,15499,11641,4.103,0.751,7.160e-16,prime,1
1239,1,z:ilp,nat-oop,10835,12303,5.875,1.135,6.981e-16,prime,0
1239,1,z:ilp,nat-oop,10745,12294,5.924,1.144,6.981e-16,prime,1
1240,1,z:ilp,nat-oop,4495,4953,14.175,1.102,6.537e-16,chain3,0
1240,1,z:ilp,nat-oop,3116,4956,20.448,1.591,6.537e-16,chain3,1
1241,1,z:ilp,nat-oop,10493,17805,6.078,1.697,6.334e-16,prime,0
1241,1,z:ilp,nat-oop,10471,17803,6.090,1.700,6.334e-16,prime,1
1242,1,z:ilp,nat-oop,2728,4048,23.394,1.484,8.138e-16,flat,0
1242,1,z:ilp,nat-oop,2830,4052,22.554,1.432,8.138e-16,flat,1
1243,1,z:ilp,nat-oop,10512,11591,6.077,1.103,7.607e-16,prime,0
1243,1,z:ilp,nat-oop,10765,11526,5.935,1.071,7.607e-16,prime,1
1244,1,z:ilp,nat-oop,10628,11526,6.017,1.084,8.992e-16,prime,0
1244,1,z:ilp,nat-oop,10663,11591,5.997,1.087,8.992e-16,prime,1
1245,1,z:ilp,nat-oop,10533,19217,6.076,1.824,6.435e-16,prime,0
1245,1,z:ilp,nat-oop,10801,19229,5.926,1.780,6.435e-16,prime,1
1246,1,z:ilp,nat-oop,10452,16368,6.129,1.566,5.730e-16,prime,0
1246,1,z:ilp,nat-oop,10461,16398,6.124,1.568,5.730e-16,prime,1
1247,1,z:ilp,nat-oop,3872,12140,16.562,3.136,2.596e-15,flat,0
1247,1,z:ilp,nat-oop,4099,12129,15.645,2.959,2.596e-15,flat,1
1248,1,z:ilp,nat-oop,1347,1960,47.642,1.455,5.543e-16,chain3,0
1248,1,z:ilp,nat-oop,1340,1965,47.879,1.466,5.543e-16,chain3,1
1249,1,z:ilp,nat-oop,5353,11691,12.001,2.184,9.508e-16,prime,0
1249,1,z:ilp,nat-oop,5440,11682,11.809,2.148,9.508e-16,prime,1
1250,1,z:ilp,nat-oop,2246,2025,28.622,0.901,5.097e-16,chain3,0
1250,1,z:ilp,nat-oop,2256,2018,28.501,0.894,5.097e-16,chain3,1
1251,1,z:ilp,nat-oop,10675,11658,6.029,1.092,9.463e-16,prime,0
1251,1,z:ilp,nat-oop,10653,11565,6.041,1.086,9.463e-16,prime,1
1252,1,z:ilp,nat-oop,10586,11573,6.085,1.093,6.985e-16,prime,0
1252,1,z:ilp,nat-oop,10590,11594,6.083,1.095,6.985e-16,prime,1
1253,1,z:ilp,nat-oop,10731,11642,6.008,1.085,1.025e-15,prime,0
1253,1,z:ilp,nat-oop,10664,11622,6.046,1.090,1.025e-15,prime,1
1254,1,z:ilp,nat-oop,2243,3571,28.772,1.592,7.267e-16,chain3,0
1254,1,z:ilp,nat-oop,2637,3551,24.472,1.347,7.267e-16,chain3,1
1255,1,z:ilp,nat-oop,10722,11572,6.024,1.079,8.242e-16,prime,0
1255,1,z:ilp,nat-oop,10534,11609,6.132,1.102,8.242e-16,prime,1
1256,1,z:ilp,nat-oop,12170,11529,5.312,0.947,8.738e-16,prime,0
1256,1,z:ilp,nat-oop,10675,11534,6.056,1.080,8.738e-16,prime,1
1257,1,z:ilp,nat-oop,10741,11682,6.024,1.088,8.259e-16,prime,0
1257,1,z:ilp,nat-oop,10846,11672,5.966,1.076,8.259e-16,prime,1
1258,1,z:ilp,nat-oop,3464,7180,18.698,2.073,1.211e-15,flat,0
1258,1,z:ilp,nat-oop,3491,7183,18.554,2.058,1.211e-15,flat,1
1259,1,z:ilp,nat-oop,10733,11613,6.040,1.082,7.213e-16,prime,0
1259,1,z:ilp,nat-oop,10733,11589,6.040,1.080,7.213e-16,prime,1
1260,1,z:ilp,nat-oop,1416,1898,45.826,1.340,5.848e-16,chain3,0
1260,1,z:ilp,nat-oop,1411,1895,45.978,1.343,5.848e-16,chain3,1
1261,1,z:ilp,nat-oop,10745,11636,6.044,1.083,7.760e-16,prime,0
1261,1,z:ilp,nat-oop,10722,11679,6.057,1.089,7.760e-16,prime,1
1262,1,z:ilp,nat-oop,10672,11646,6.091,1.091,5.715e-16,prime,0
1262,1,z:ilp,nat-oop,10656,11651,6.100,1.093,5.715e-16,prime,1
1263,1,z:ilp,nat-oop,10528,11611,6.180,1.103,8.443e-16,prime,0
1263,1,z:ilp,nat-oop,10743,11618,6.056,1.082,8.443e-16,prime,1
1264,1,z:ilp,nat-oop,10753,13022,6.056,1.211,7.312e-16,prime,0
1264,1,z:ilp,nat-oop,10694,13018,6.089,1.217,7.312e-16,prime,1
1265,1,z:ilp,nat-oop,2514,4448,25.926,1.769,9.535e-16,flat,0
1265,1,z:ilp,nat-oop,2735,4442,23.833,1.624,9.535e-16,flat,1
1266,1,z:ilp,nat-oop,10709,11618,6.092,1.085,8.374e-16,prime,0
1266,1,z:ilp,nat-oop,10639,11689,6.132,1.099,8.374e-16,prime,1
1267,1,z:ilp,nat-oop,10896,11618,5.993,1.066,9.616e-16,prime,0
1267,1,z:ilp,nat-oop,10661,11625,6.125,1.090,9.616e-16,prime,1
1268,1,z:ilp,nat-oop,10513,11591,6.217,1.103,1.094e-15,prime,0
1268,1,z:ilp,nat-oop,10474,11607,6.240,1.108,1.094e-15,prime,1
1269,1,z:ilp,nat-oop,3720,9662,17.583,2.597,8.451e-16,flat,0
1269,1,z:ilp,nat-oop,3450,9661,18.960,2.800,8.451e-16,flat,1
1270,1,z:ilp,nat-oop,10515,24450,6.227,2.325,8.246e-16,prime,0
1270,1,z:ilp,nat-oop,10513,24445,6.228,2.325,8.246e-16,prime,1
1271,1,z:ilp,nat-oop,3855,12351,16.999,3.204,1.322e-15,flat,0
1271,1,z:ilp,nat-oop,3700,12328,17.709,3.331,1.322e-15,flat,1
1272,1,z:ilp,nat-oop,10496,8927,6.249,0.851,7.711e-16,prime,0
1272,1,z:ilp,nat-oop,10651,8939,6.158,0.839,7.711e-16,prime,1
1273,1,z:ilp,nat-oop,10781,16789,6.090,1.557,7.423e-16,prime,0
1273,1,z:ilp,nat-oop,10644,16832,6.167,1.581,7.423e-16,prime,1
1274,1,z:ilp,nat-oop,2360,2317,27.838,0.982,7.782e-16,flat,0
1274,1,z:ilp,nat-oop,2395,2317,27.439,0.967,7.782e-16,flat,1
1275,1,z:ilp,nat-oop,2372,3688,27.731,1.555,7.186e-16,flat,0
1275,1,z:ilp,nat-oop,2239,3702,29.377,1.654,7.186e-16,flat,1
1276,1,z:ilp,nat-oop,2798,4916,23.522,1.757,4.535e-16,chain3,0
1276,1,z:ilp,nat-oop,2831,4920,23.253,1.738,4.535e-16,chain3,1
1277,1,z:ilp,nat-oop,7960,11655,8.277,1.464,7.788e-16,prime,0
1277,1,z:ilp,nat-oop,9204,11685,7.158,1.270,7.788e-16,prime,1
1278,1,z:ilp,nat-oop,10657,12356,6.188,1.159,7.206e-16,prime,0
1278,1,z:ilp,nat-oop,10700,12351,6.163,1.154,7.206e-16,prime,1
1279,1,z:ilp,nat-oop,10520,11666,6.274,1.109,7.595e-16,prime,0
1279,1,z:ilp,nat-oop,10524,11672,6.272,1.109,7.595e-16,prime,1
1280,1,z:ilp,nat-oop,1782,1741,37.080,0.977,6.489e-16,chain3,0
1280,1,z:ilp,nat-oop,1517,1742,43.553,1.148,6.489e-16,chain3,1
1281,1,z:ilp,nat-oop,10746,13494,6.153,1.256,8.942e-16,prime,0
1281,1,z:ilp,nat-oop,10523,13496,6.284,1.283,8.942e-16,prime,1
1282,1,z:ilp,nat-oop,10544,13599,6.276,1.290,8.944e-16,prime,0
1282,1,z:ilp,nat-oop,10587,13584,6.251,1.283,8.944e-16,prime,1
1283,1,z:ilp,nat-oop,10661,13504,6.213,1.267,1.532e-15,prime,0
1283,1,z:ilp,nat-oop,10530,13554,6.290,1.287,1.532e-15,prime,1
1284,1,z:ilp,nat-oop,10426,20063,6.359,1.924,7.754e-16,prime,0
1284,1,z:ilp,nat-oop,10513,20053,6.306,1.907,7.754e-16,prime,1
1285,1,z:ilp,nat-oop,10813,13581,6.136,1.256,9.764e-16,prime,0
1285,1,z:ilp,nat-oop,10749,13569,6.173,1.262,9.764e-16,prime,1
1286,1,z:ilp,nat-oop,10723,13582,6.193,1.267,7.571e-16,prime,0
1286,1,z:ilp,nat-oop,10512,13567,6.318,1.291,7.571e-16,prime,1
1287,1,z:ilp,nat-oop,1955,2167,34.010,1.109,6.659e-16,chain3,0
1287,1,z:ilp,nat-oop,1990,2134,33.406,1.073,6.659e-16,chain3,1
1288,1,z:ilp,nat-oop,2158,4108,30.837,1.904,5.451e-16,chain3,0
1288,1,z:ilp,nat-oop,2344,4101,28.378,1.749,5.451e-16,chain3,1
1289,1,z:ilp,nat-oop,6868,13574,9.695,1.976,8.333e-16,prime,0
1289,1,z:ilp,nat-oop,7209,13560,9.236,1.881,8.333e-16,prime,1
1290,1,z:ilp,nat-oop,3973,6952,16.773,1.750,8.632e-16,flat,0
1290,1,z:ilp,nat-oop,3932,7035,16.951,1.789,8.632e-16,flat,1
1291,1,z:ilp,nat-oop,10532,13479,6.334,1.280,8.212e-16,prime,0
1291,1,z:ilp,nat-oop,10711,13467,6.228,1.257,8.212e-16,prime,1
1292,1,z:ilp,nat-oop,2205,4901,30.279,2.223,6.383e-16,chain3,0
1292,1,z:ilp,nat-oop,2264,4912,29.486,2.169,6.383e-16,chain3,1
1293,1,z:ilp,nat-oop,10567,13556,6.324,1.283,8.227e-16,prime,0
1293,1,z:ilp,nat-oop,10590,13557,6.310,1.280,8.227e-16,prime,1
1294,1,z:ilp,nat-oop,10757,13599,6.218,1.264,8.466e-16,prime,0
1294,1,z:ilp,nat-oop,10752,13551,6.221,1.260,8.466e-16,prime,1
1295,1,z:ilp,nat-oop,2631,7304,25.447,2.777,8.608e-16,flat,0
1295,1,z:ilp,nat-oop,2619,7302,25.556,2.788,8.608e-16,flat,1
1296,1,z:ilp,nat-oop,1397,1940,47.952,1.389,9.287e-16,chain3,0
1296,1,z:ilp,nat-oop,1415,1938,47.354,1.370,9.287e-16,chain3,1
1297,1,z:ilp,nat-oop,9054,13574,7.407,1.499,9.439e-16,prime,0
1297,1,z:ilp,nat-oop,8752,13625,7.662,1.557,9.439e-16,prime,1
1298,1,z:ilp,nat-oop,10504,10582,6.390,1.007,7.666e-16,prime,0
1298,1,z:ilp,nat-oop,10510,10584,6.386,1.007,7.666e-16,prime,1
1299,1,z:ilp,nat-oop,10698,13489,6.280,1.261,8.336e-16,prime,0
1299,1,z:ilp,nat-oop,10542,13484,6.373,1.279,8.336e-16,prime,1
1300,1,z:ilp,nat-oop,1748,2058,38.467,1.177,5.002e-16,flat,0
1300,1,z:ilp,nat-oop,1750,2055,38.412,1.174,5.002e-16,flat,1
1301,1,z:ilp,nat-oop,8445,13566,7.969,1.606,1.029e-15,prime,0
1301,1,z:ilp,nat-oop,7300,13582,9.218,1.860,1.029e-15,prime,1
1302,1,z:ilp,nat-oop,4471,5209,15.064,1.165,6.887e-16,chain3,0
1302,1,z:ilp,nat-oop,3719,5181,18.110,1.393,6.887e-16,chain3,1
1303,1,z:ilp,nat-oop,10522,13538,6.407,1.287,8.224e-16,prime,0
1303,1,z:ilp,nat-oop,10714,13509,6.292,1.261,8.224e-16,prime,1
1304,1,z:ilp,nat-oop,10791,13491,6.253,1.250,7.311e-16,prime,0
1304,1,z:ilp,nat-oop,10792,13507,6.252,1.252,7.311e-16,prime,1
1305,1,z:ilp,nat-oop,2892,5779,23.354,1.999,6.695e-16,chain3,0
1305,1,z:ilp,nat-oop,2907,5781,23.228,1.988,6.695e-16,chain3,1
1306,1,z:ilp,nat-oop,10506,13595,6.434,1.294,7.911e-16,prime,0
1306,1,z:ilp,nat-oop,10499,13602,6.438,1.296,7.911e-16,prime,1
1307,1,z:ilp,nat-oop,10702,13494,6.321,1.261,7.689e-16,prime,0
1307,1,z:ilp,nat-oop,10712,13503,6.315,1.261,7.689e-16,prime,1
1308,1,z:ilp,nat-oop,10539,21604,6.425,2.050,6.971e-16,prime,0
1308,1,z:ilp,nat-oop,10729,21654,6.311,2.018,6.971e-16,prime,1
1309,1,z:ilp,nat-oop,2402,3702,28.216,1.541,1.130e-15,flat,0
1309,1,z:ilp,nat-oop,2509,3698,27.006,1.474,1.130e-15,flat,1
1310,1,z:ilp,nat-oop,10744,26556,6.313,2.472,7.263e-16,prime,0
1310,1,z:ilp,nat-oop,10816,26603,6.271,2.459,7.263e-16,prime,1
1311,1,z:ilp,nat-oop,2818,6786,24.094,2.409,5.382e-16,chain3,0
1311,1,z:ilp,nat-oop,3512,6760,19.328,1.925,5.382e-16,chain3,1
1312,1,z:ilp,nat-oop,2203,6743,30.836,3.060,5.791e-16,2p,0
1312,1,z:ilp,nat-oop,2210,6754,30.746,3.056,5.791e-16,2p,1
1313,1,z:ilp,nat-oop,10850,13571,6.268,1.251,9.097e-16,prime,0
1313,1,z:ilp,nat-oop,10739,13586,6.332,1.265,9.097e-16,prime,1
1314,1,z:ilp,nat-oop,10732,13368,6.342,1.246,7.651e-16,prime,0
1314,1,z:ilp,nat-oop,10781,13390,6.314,1.242,7.651e-16,prime,1
1315,1,z:ilp,nat-oop,10517,13475,6.478,1.281,8.092e-16,prime,0
1315,1,z:ilp,nat-oop,10746,13518,6.339,1.258,8.092e-16,prime,1
1316,1,z:ilp,nat-oop,4684,8095,14.555,1.728,6.019e-16,chain3,0
1316,1,z:ilp,nat-oop,6226,8101,10.951,1.301,6.019e-16,chain3,1
1317,1,z:ilp,nat-oop,10812,13583,6.311,1.256,9.010e-16,prime,0
1317,1,z:ilp,nat-oop,10714,13611,6.370,1.270,9.010e-16,prime,1
1318,1,z:ilp,nat-oop,10737,13761,6.361,1.282,7.286e-16,prime,0
1318,1,z:ilp,nat-oop,10533,13756,6.484,1.306,7.286e-16,prime,1
1319,1,z:ilp,nat-oop,10696,13503,6.391,1.262,7.396e-16,prime,0
1319,1,z:ilp,nat-oop,10671,13503,6.406,1.265,7.396e-16,prime,1
1320,1,z:ilp,nat-oop,1552,2121,44.088,1.366,6.139e-16,chain3,0
1320,1,z:ilp,nat-oop,1552,2121,44.093,1.367,6.139e-16,chain3,1
1321,1,z:ilp,nat-oop,5671,13579,12.074,2.394,7.631e-16,prime,0
1321,1,z:ilp,nat-oop,5763,13589,11.883,2.358,7.631e-16,prime,1
1322,1,z:ilp,nat-oop,10808,13753,6.341,1.272,8.312e-16,prime,0
1322,1,z:ilp,nat-oop,10915,13756,6.279,1.260,8.312e-16,prime,1
1323,1,z:ilp,nat-oop,2145,2182,31.976,1.017,9.233e-16,flat,0
1323,1,z:ilp,nat-oop,2133,2188,32.164,1.026,9.233e-16,flat,1
1324,1,z:ilp,nat-oop,10807,13543,6.353,1.253,6.870e-16,prime,0
1324,1,z:ilp,nat-oop,10736,13845,6.395,1.290,6.870e-16,prime,1
1325,1,z:ilp,nat-oop,10746,11732,6.394,1.092,6.181e-16,prime,0
1325,1,z:ilp,nat-oop,10540,11730,6.519,1.113,6.181e-16,prime,1
1326,1,z:ilp,nat-oop,2018,3600,34.076,1.784,7.606e-16,chain3,0
1326,1,z:ilp,nat-oop,1990,3599,34.551,1.808,7.606e-16,chain3,1
1327,1,z:ilp,nat-oop,6191,13508,11.118,2.182,1.106e-15,prime,0
1327,1,z:ilp,nat-oop,6212,13517,11.079,2.176,1.106e-15,prime,1
1328,1,z:ilp,nat-oop,10500,14496,6.561,1.381,8.223e-16,prime,0
1328,1,z:ilp,nat-oop,10778,14495,6.392,1.345,8.223e-16,prime,1
1329,1,z:ilp,nat-oop,10488,13618,6.574,1.298,9.213e-16,prime,0
1329,1,z:ilp,nat-oop,10659,13641,6.469,1.280,9.213e-16,prime,1
1330,1,z:ilp,nat-oop,1976,4010,34.919,2.029,6.701e-16,chain3,0
1330,1,z:ilp,nat-oop,1980,4003,34.858,2.022,6.701e-16,chain3,1
1331,1,z:ilp,nat-oop,2054,2077,33.621,1.011,4.451e-16,chain3,0
1331,1,z:ilp,nat-oop,2059,2084,33.537,1.012,4.451e-16,chain3,1
1332,1,z:ilp,nat-oop,2541,6358,27.208,2.503,5.111e-16,chain3,0
1332,1,z:ilp,nat-oop,2607,6347,26.511,2.434,5.111e-16,chain3,1
1333,1,z:ilp,nat-oop,5435,13326,12.731,2.452,7.703e-16,2p,0
1333,1,z:ilp,nat-oop,4329,13301,15.980,3.072,7.703e-16,2p,1
1334,1,z:ilp,nat-oop,3692,7178,18.757,1.944,1.105e-15,flat,0
1334,1,z:ilp,nat-oop,4567,7174,15.162,1.571,1.105e-15,flat,1
1335,1,z:ilp,nat-oop,10650,23263,6.507,2.184,9.221e-16,prime,0
1335,1,z:ilp,nat-oop,10690,23250,6.483,2.175,9.221e-16,prime,1
1336,1,z:ilp,nat-oop,10644,13531,6.516,1.271,7.043e-16,prime,0
1336,1,z:ilp,nat-oop,10722,13561,6.469,1.265,7.043e-16,prime,1
1337,1,z:ilp,nat-oop,10668,13595,6.507,1.274,7.355e-16,prime,0
1337,1,z:ilp,nat-oop,10700,13611,6.488,1.272,7.355e-16,prime,1
1338,1,z:ilp,nat-oop,10539,13606,6.593,1.291,7.552e-16,prime,0
1338,1,z:ilp,nat-oop,10505,13596,6.614,1.294,7.552e-16,prime,1
1339,1,z:ilp,nat-oop,10565,13525,6.582,1.280,1.001e-15,prime,0
1339,1,z:ilp,nat-oop,10715,13529,6.490,1.263,1.001e-15,prime,1
1340,1,z:ilp,nat-oop,10726,11977,6.489,1.117,7.256e-16,prime,0
1340,1,z:ilp,nat-oop,10537,11966,6.605,1.136,7.256e-16,prime,1
1341,1,z:ilp,nat-oop,10815,13616,6.441,1.259,8.417e-16,prime,0
1341,1,z:ilp,nat-oop,10510,13630,6.628,1.297,8.417e-16,prime,1
1342,1,z:ilp,nat-oop,10685,11456,6.525,1.072,7.543e-16,prime,0
1342,1,z:ilp,nat-oop,10737,11434,6.493,1.065,7.543e-16,prime,1
1343,1,z:ilp,nat-oop,10763,20932,6.483,1.945,8.765e-16,prime,0
1343,1,z:ilp,nat-oop,10548,20941,6.615,1.985,8.765e-16,prime,1
1344,1,z:ilp,nat-oop,1433,1861,48.733,1.299,5.331e-16,2p,0
1344,1,z:ilp,nat-oop,1505,1876,46.393,1.246,5.331e-16,2p,1
1345,1,z:ilp,nat-oop,10529,13622,6.638,1.294,6.764e-16,prime,0
1345,1,z:ilp,nat-oop,10524,13610,6.641,1.293,6.764e-16,prime,1
1346,1,z:ilp,nat-oop,10443,13597,6.699,1.302,9.426e-16,prime,0
1346,1,z:ilp,nat-oop,10748,13646,6.508,1.270,9.426e-16,prime,1
1347,1,z:ilp,nat-oop,10854,13539,6.451,1.247,8.409e-16,prime,0
1347,1,z:ilp,nat-oop,10542,13548,6.642,1.285,8.409e-16,prime,1
1348,1,z:ilp,nat-oop,10823,13540,6.474,1.251,7.884e-16,prime,0
1348,1,z:ilp,nat-oop,10612,13546,6.603,1.276,7.884e-16,prime,1
1349,1,z:ilp,nat-oop,10525,18944,6.663,1.800,9.857e-16,prime,0
1349,1,z:ilp,nat-oop,10674,18915,6.571,1.772,9.857e-16,prime,1
1350,1,z:ilp,nat-oop,1864,2133,37.654,1.144,7.553e-16,chain3,0
1350,1,z:ilp,nat-oop,1861,2133,37.710,1.146,7.553e-16,chain3,1
1351,1,z:ilp,nat-oop,10776,13535,6.519,1.256,8.081e-16,prime,0
1351,1,z:ilp,nat-oop,10735,13535,6.544,1.261,8.081e-16,prime,1
1352,1,z:ilp,nat-oop,1785,2200,39.399,1.233,7.150e-16,chain3,0
1352,1,z:ilp,nat-oop,1786,2154,39.364,1.206,7.150e-16,chain3,1
1353,1,z:ilp,nat-oop,3585,8719,19.628,2.432,5.323e-16,chain3,0
1353,1,z:ilp,nat-oop,3537,8723,19.893,2.466,5.323e-16,chain3,1
1354,1,z:ilp,nat-oop,10762,13657,6.544,1.269,7.827e-16,prime,0
1354,1,z:ilp,nat-oop,10664,13662,6.604,1.281,7.827e-16,prime,1
1355,1,z:ilp,nat-oop,10744,13535,6.561,1.260,9.736e-16,prime,0
1355,1,z:ilp,nat-oop,10522,13582,6.699,1.291,9.736e-16,prime,1
1356,1,z:ilp,nat-oop,10615,22865,6.646,2.154,7.827e-16,prime,0
1356,1,z:ilp,nat-oop,10782,22891,6.543,2.123,7.827e-16,prime,1
1357,1,z:ilp,nat-oop,11166,16232,6.323,1.454,6.356e-16,prime,0
1357,1,z:ilp,nat-oop,11080,16241,6.373,1.466,6.356e-16,prime,1
1358,1,z:ilp,nat-oop,10562,19653,6.691,1.861,6.703e-16,prime,0
1358,1,z:ilp,nat-oop,10585,19667,6.676,1.858,6.703e-16,prime,1
1359,1,z:ilp,nat-oop,10972,13556,6.446,1.235,9.018e-16,prime,0
1359,1,z:ilp,nat-oop,10950,13556,6.459,1.238,9.018e-16,prime,1
1360,1,z:ilp,nat-oop,1741,3426,40.657,1.968,8.006e-16,chain3,0
1360,1,z:ilp,nat-oop,1748,3425,40.502,1.960,8.006e-16,chain3,1
1361,1,z:ilp,nat-oop,6157,13613,11.506,2.211,9.573e-16,prime,0
1361,1,z:ilp,nat-oop,6065,13618,11.681,2.245,9.573e-16,prime,1
1362,1,z:ilp,nat-oop,10735,13629,6.605,1.270,6.911e-16,prime,0
1362,1,z:ilp,nat-oop,10721,13619,6.614,1.270,6.911e-16,prime,1
1363,1,z:ilp,nat-oop,6510,14289,10.900,2.195,5.299e-16,2p,0
1363,1,z:ilp,nat-oop,5470,14266,12.974,2.608,5.299e-16,2p,1
1364,1,z:ilp,nat-oop,3572,5493,19.880,1.538,7.264e-16,flat,0
1364,1,z:ilp,nat-oop,3832,5500,18.534,1.435,7.264e-16,flat,1
1365,1,z:ilp,nat-oop,2250,2269,31.592,1.008,6.914e-16,chain3,0
1365,1,z:ilp,nat-oop,2261,2261,31.444,1.000,6.914e-16,chain3,1
1366,1,z:ilp,nat-oop,10749,13636,6.618,1.269,9.498e-16,prime,0
1366,1,z:ilp,nat-oop,10755,13649,6.614,1.269,9.498e-16,prime,1
1367,1,z:ilp,nat-oop,10538,13572,6.756,1.288,7.827e-16,prime,0
1367,1,z:ilp,nat-oop,10802,13574,6.591,1.257,7.827e-16,prime,1
1368,1,z:ilp,nat-oop,1828,3887,38.974,2.126,5.067e-16,chain3,0
1368,1,z:ilp,nat-oop,1839,3890,38.755,2.116,5.067e-16,chain3,1
1369,1,z:ilp,nat-oop,5720,13554,12.468,2.370,5.128e-16,2p,0
1369,1,z:ilp,nat-oop,4369,13551,16.322,3.101,5.128e-16,2p,1
1370,1,z:ilp,nat-oop,10581,29096,6.746,2.750,7.847e-16,prime,0
1370,1,z:ilp,nat-oop,10541,29105,6.771,2.761,7.847e-16,prime,1
1371,1,z:ilp,nat-oop,10574,13611,6.756,1.287,8.177e-16,prime,0
1371,1,z:ilp,nat-oop,10546,13576,6.774,1.287,8.177e-16,prime,1
1372,1,z:ilp,nat-oop,1928,2210,37.089,1.146,6.290e-16,flat,0
1372,1,z:ilp,nat-oop,1910,2207,37.430,1.155,6.290e-16,flat,1
1373,1,z:ilp,nat-oop,10577,13674,6.765,1.293,9.226e-16,prime,0
1373,1,z:ilp,nat-oop,10784,13636,6.635,1.265,9.226e-16,prime,1
1374,1,z:ilp,nat-oop,10755,13643,6.658,1.268,8.094e-16,prime,0
1374,1,z:ilp,nat-oop,10768,13638,6.651,1.267,8.094e-16,prime,1
1375,1,z:ilp,nat-oop,2288,2254,31.324,0.985,5.516e-16,chain3,0
1375,1,z:ilp,nat-oop,2290,2247,31.303,0.981,5.516e-16,chain3,1
1376,1,z:ilp,nat-oop,2524,7456,28.419,2.954,5.354e-16,2p,0
1376,1,z:ilp,nat-oop,2653,7388,27.036,2.785,5.354e-16,2p,1
1377,1,z:ilp,nat-oop,2769,4100,25.931,1.481,9.209e-16,chain3,0
1377,1,z:ilp,nat-oop,2770,4112,25.921,1.485,9.209e-16,chain3,1
1378,1,z:ilp,nat-oop,10670,10212,6.734,0.957,7.282e-16,prime,0
1378,1,z:ilp,nat-oop,10703,10200,6.713,0.953,7.282e-16,prime,1
1379,1,z:ilp,nat-oop,10538,13573,6.824,1.288,1.007e-15,prime,0
1379,1,z:ilp,nat-oop,10712,13586,6.713,1.268,1.007e-15,prime,1
1380,1,z:ilp,nat-oop,2075,4492,34.681,2.164,5.722e-16,chain3,0
1380,1,z:ilp,nat-oop,2153,4499,33.433,2.090,5.722e-16,chain3,1
1381,1,z:ilp,nat-oop,8571,13632,8.404,1.591,9.587e-16,prime,0
1381,1,z:ilp,nat-oop,8957,13675,8.042,1.527,9.587e-16,prime,1
1382,1,z:ilp,nat-oop,10773,13764,6.692,1.278,8.536e-16,prime,0
1382,1,z:ilp,nat-oop,10797,13888,6.677,1.286,8.536e-16,prime,1
1383,1,z:ilp,nat-oop,10770,13568,6.699,1.260,6.938e-16,prime,0
1383,1,z:ilp,nat-oop,10778,13593,6.694,1.261,6.938e-16,prime,1
1384,1,z:ilp,nat-oop,10678,13631,6.762,1.277,8.229e-16,prime,0
1384,1,z:ilp,nat-oop,10506,13880,6.873,1.321,8.229e-16,prime,1
1385,1,z:ilp,nat-oop,10430,13650,6.929,1.309,8.901e-16,prime,0
1385,1,z:ilp,nat-oop,10726,13669,6.738,1.274,8.901e-16,prime,1
1386,1,z:ilp,nat-oop,2315,2295,31.236,0.991,7.431e-16,chain3,0
1386,1,z:ilp,nat-oop,2183,2294,33.131,1.051,7.431e-16,chain3,1
1387,1,z:ilp,nat-oop,10728,20227,6.748,1.885,8.715e-16,prime,0
1387,1,z:ilp,nat-oop,10762,20196,6.726,1.877,8.715e-16,prime,1
1388,1,z:ilp,nat-oop,10700,13677,6.770,1.278,8.955e-16,prime,0
1388,1,z:ilp,nat-oop,10825,13735,6.693,1.269,8.955e-16,prime,1
1389,1,z:ilp,nat-oop,10530,13665,6.886,1.298,8.789e-16,prime,0
1389,1,z:ilp,nat-oop,10493,13640,6.910,1.300,8.789e-16,prime,1
1390,1,z:ilp,nat-oop,10569,30013,6.866,2.840,7.900e-16,prime,0
1390,1,z:ilp,nat-oop,13867,29839,5.233,2.152,7.900e-16,prime,1
1391,1,z:ilp,nat-oop,10543,13600,6.889,1.290,6.700e-16,prime,0
1391,1,z:ilp,nat-oop,10822,13590,6.710,1.256,6.700e-16,prime,1
1392,1,z:ilp,nat-oop,2475,5192,29.369,2.098,5.512e-16,flat,0
1392,1,z:ilp,nat-oop,2472,5199,29.402,2.103,5.512e-16,flat,1
1393,1,z:ilp,nat-oop,10751,13652,6.766,1.270,8.593e-16,prime,0
1393,1,z:ilp,nat-oop,10752,13678,6.765,1.272,8.593e-16,prime,1
1394,1,z:ilp,nat-oop,3974,8673,18.318,2.182,1.212e-15,flat,0
1394,1,z:ilp,nat-oop,3924,8682,18.553,2.213,1.212e-15,flat,1
1395,1,z:ilp,nat-oop,3292,6524,22.135,1.982,8.543e-16,flat,0
1395,1,z:ilp,nat-oop,2845,6527,25.613,2.294,8.543e-16,flat,1
1396,1,z:ilp,nat-oop,10716,13758,6.805,1.284,7.810e-16,prime,0
1396,1,z:ilp,nat-oop,10580,13676,6.892,1.293,7.810e-16,prime,1
1397,1,z:ilp,nat-oop,10751,13655,6.788,1.270,7.788e-16,prime,0
1397,1,z:ilp,nat-oop,10690,13674,6.827,1.279,7.788e-16,prime,1
1398,1,z:ilp,nat-oop,10534,13653,6.934,1.296,7.163e-16,prime,0
1398,1,z:ilp,nat-oop,10544,13665,6.927,1.296,7.163e-16,prime,1
1399,1,z:ilp,nat-oop,10692,13597,6.837,1.272,1.063e-15,prime,0
1399,1,z:ilp,nat-oop,10548,13598,6.930,1.289,1.063e-15,prime,1
1400,1,z:ilp,nat-oop,1926,2056,37.987,1.068,5.528e-16,chain3,0
1400,1,z:ilp,nat-oop,1849,2060,39.559,1.114,5.528e-16,chain3,1
1401,1,z:ilp,nat-oop,10687,13656,6.851,1.278,8.764e-16,prime,0
1401,1,z:ilp,nat-oop,10787,13658,6.787,1.266,8.764e-16,prime,1
1402,1,z:ilp,nat-oop,10564,13659,6.936,1.293,1.122e-15,prime,0
1402,1,z:ilp,nat-oop,10572,13648,6.932,1.291,1.122e-15,prime,1
1403,1,z:ilp,nat-oop,10759,17627,6.817,1.638,6.524e-16,prime,0
1403,1,z:ilp,nat-oop,10729,17623,6.835,1.642,6.524e-16,prime,1
1404,1,z:ilp,nat-oop,1711,2336,42.908,1.365,6.862e-16,chain3,0
1404,1,z:ilp,nat-oop,1713,2343,42.838,1.368,6.862e-16,chain3,1
1405,1,z:ilp,nat-oop,10520,13661,6.982,1.299,1.155e-15,prime,0
1405,1,z:ilp,nat-oop,10686,13671,6.874,1.279,1.155e-15,prime,1
1406,1,z:ilp,nat-oop,4407,8238,16.680,1.869,1.343e-15,flat,0
1406,1,z:ilp,nat-oop,3903,8209,18.837,2.104,1.343e-15,flat,1
1407,1,z:ilp,nat-oop,10591,16393,6.947,1.548,8.348e-16,prime,0
1407,1,z:ilp,nat-oop,10565,16400,6.964,1.552,8.348e-16,prime,1
1408,1,z:ilp,nat-oop,1529,2149,48.151,1.405,4.170e-16,chain3,0
1408,1,z:ilp,nat-oop,1528,2150,48.202,1.407,4.170e-16,chain3,1
1409,1,z:ilp,nat-oop,5365,13671,13.736,2.548,7.679e-16,prime,0
1409,1,z:ilp,nat-oop,5396,13669,13.656,2.533,7.679e-16,prime,1
1410,1,z:ilp,nat-oop,4547,8556,16.221,1.882,6.976e-16,flat,0
1410,1,z:ilp,nat-oop,4546,8563,16.225,1.884,6.976e-16,flat,1
1411,1,z:ilp,nat-oop,10752,23577,6.865,2.193,6.922e-16,prime,0
1411,1,z:ilp,nat-oop,10779,23574,6.848,2.187,6.922e-16,prime,1
1412,1,z:ilp,nat-oop,10767,13625,6.861,1.265,9.214e-16,prime,0
1412,1,z:ilp,nat-oop,10783,13636,6.851,1.265,9.214e-16,prime,1
1413,1,z:ilp,nat-oop,10686,13692,6.919,1.281,8.958e-16,prime,0
1413,1,z:ilp,nat-oop,10738,13685,6.885,1.275,8.958e-16,prime,1
1414,1,z:ilp,nat-oop,10821,21558,6.838,1.992,7.292e-16,prime,0
1414,1,z:ilp,nat-oop,10744,21589,6.887,2.009,7.292e-16,prime,1
1415,1,z:ilp,nat-oop,10708,13597,6.916,1.270,1.013e-15,prime,0
1415,1,z:ilp,nat-oop,10721,13638,6.907,1.272,1.013e-15,prime,1
1416,1,z:ilp,nat-oop,10837,11103,6.839,1.025,7.749e-16,prime,0
1416,1,z:ilp,nat-oop,10873,11103,6.816,1.021,7.749e-16,prime,1
1417,1,z:ilp,nat-oop,10603,13680,6.995,1.290,1.079e-15,prime,0
1417,1,z:ilp,nat-oop,10848,13721,6.837,1.265,1.079e-15,prime,1
1418,1,z:ilp,nat-oop,10611,13703,6.996,1.291,7.312e-16,prime,0
1418,1,z:ilp,nat-oop,10655,13702,6.967,1.286,7.312e-16,prime,1
1419,1,z:ilp,nat-oop,3639,9635,20.417,2.648,6.033e-16,flat,0
1419,1,z:ilp,nat-oop,3726,9612,19.939,2.580,6.033e-16,flat,1
1420,1,z:ilp,nat-oop,10752,13637,6.915,1.268,6.646e-16,prime,0
1420,1,z:ilp,nat-oop,10719,13553,6.936,1.264,6.646e-16,prime,1
1421,1,z:ilp,nat-oop,3401,6142,21.877,1.806,6.592e-16,chain3,0
1421,1,z:ilp,nat-oop,3450,6140,21.566,1.780,6.592e-16,chain3,1
1422,1,z:ilp,nat-oop,10763,15496,6.919,1.440,1.065e-15,prime,0
1422,1,z:ilp,nat-oop,12863,15481,5.789,1.204,1.065e-15,prime,1
1423,1,z:ilp,nat-oop,10805,13620,6.898,1.261,9.585e-16,prime,0
1423,1,z:ilp,nat-oop,10781,13625,6.913,1.264,9.585e-16,prime,1
1424,1,z:ilp,nat-oop,10863,17483,6.866,1.610,7.714e-16,prime,0
1424,1,z:ilp,nat-oop,10658,17483,6.998,1.640,7.714e-16,prime,1
1425,1,z:ilp,nat-oop,2247,4343,33.228,1.933,5.904e-16,flat,0
1425,1,z:ilp,nat-oop,2219,4344,33.637,1.958,5.904e-16,flat,1
1426,1,z:ilp,nat-oop,5262,7942,14.196,1.509,1.793e-15,flat,0
1426,1,z:ilp,nat-oop,5510,7920,13.557,1.437,1.793e-15,flat,1
1427,1,z:ilp,nat-oop,10829,13606,6.904,1.256,8.413e-16,prime,0
1427,1,z:ilp,nat-oop,10778,13608,6.937,1.263,8.413e-16,prime,1
1428,1,z:ilp,nat-oop,1888,3933,39.641,2.084,6.389e-16,chain3,0
1428,1,z:ilp,nat-oop,1766,3933,42.364,2.227,6.389e-16,chain3,1
1429,1,z:ilp,nat-oop,8092,13683,9.254,1.691,1.256e-15,prime,0
1429,1,z:ilp,nat-oop,8005,13689,9.355,1.710,1.256e-15,prime,1
1430,1,z:ilp,nat-oop,1951,2797,38.423,1.434,5.986e-16,chain3,0
1430,1,z:ilp,nat-oop,1958,2793,38.281,1.426,5.986e-16,chain3,1
1431,1,z:ilp,nat-oop,10881,12825,6.893,1.179,7.543e-16,prime,0
1431,1,z:ilp,nat-oop,10892,12826,6.886,1.178,7.543e-16,prime,1
1432,1,z:ilp,nat-oop,10543,13626,7.120,1.292,7.402e-16,prime,0
1432,1,z:ilp,nat-oop,10587,13664,7.090,1.291,7.402e-16,prime,1
1433,1,z:ilp,nat-oop,10916,13705,6.882,1.256,8.941e-16,prime,0
1433,1,z:ilp,nat-oop,10786,13702,6.965,1.270,8.941e-16,prime,1
1434,1,z:ilp,nat-oop,10810,13694,6.955,1.267,8.104e-16,prime,0
1434,1,z:ilp,nat-oop,10610,13692,7.086,1.290,8.104e-16,prime,1
1435,1,z:ilp,nat-oop,4236,9276,17.764,2.190,5.697e-16,chain3,0
1435,1,z:ilp,nat-oop,4177,9258,18.014,2.216,5.697e-16,chain3,1
1436,1,z:ilp,nat-oop,10573,13664,7.122,1.292,1.232e-15,prime,0
1436,1,z:ilp,nat-oop,10721,13644,7.024,1.273,1.232e-15,prime,1
1437,1,z:ilp,nat-oop,10574,13695,7.127,1.295,1.049e-15,prime,0
1437,1,z:ilp,nat-oop,10801,13724,6.977,1.271,1.049e-15,prime,1
1438,1,z:ilp,nat-oop,10571,13717,7.135,1.298,1.118e-15,prime,0
1438,1,z:ilp,nat-oop,10601,13730,7.114,1.295,1.118e-15,prime,1
1439,1,z:ilp,nat-oop,10608,13674,7.115,1.289,8.983e-16,prime,0
1439,1,z:ilp,nat-oop,10825,13665,6.973,1.262,8.983e-16,prime,1
1440,1,z:ilp,nat-oop,1547,2257,48.817,1.458,6.171e-16,chain3,0
1440,1,z:ilp,nat-oop,1580,2277,47.814,1.441,6.171e-16,chain3,1
1441,1,z:ilp,nat-oop,10784,13704,7.011,1.271,7.893e-16,prime,0
1441,1,z:ilp,nat-oop,10600,13722,7.132,1.295,7.893e-16,prime,1
1442,1,z:ilp,nat-oop,10771,21923,7.025,2.035,5.571e-16,prime,0
1442,1,z:ilp,nat-oop,10733,21940,7.049,2.044,5.571e-16,prime,1
1443,1,z:ilp,nat-oop,3725,8268,20.327,2.219,8.656e-16,flat,0
1443,1,z:ilp,nat-oop,3438,8352,22.024,2.429,8.656e-16,flat,1
1444,1,z:ilp,nat-oop,2490,5674,30.432,2.278,5.060e-16,chain3,0
1444,1,z:ilp,nat-oop,2475,5670,30.618,2.291,5.060e-16,chain3,1
1445,1,z:ilp,nat-oop,2784,6084,27.246,2.186,6.906e-16,chain3,0
1445,1,z:ilp,nat-oop,2818,6098,26.911,2.164,6.906e-16,chain3,1
1446,1,z:ilp,nat-oop,10522,13704,7.214,1.302,8.204e-16,prime,0
1446,1,z:ilp,nat-oop,10602,13760,7.159,1.298,8.204e-16,prime,1
1447,1,z:ilp,nat-oop,10586,13624,7.175,1.287,1.156e-15,prime,0
1447,1,z:ilp,nat-oop,10682,13661,7.111,1.279,1.156e-15,prime,1
1448,1,z:ilp,nat-oop,10660,13635,7.131,1.279,8.991e-16,prime,0
1448,1,z:ilp,nat-oop,14734,13634,5.159,0.925,8.991e-16,prime,1
1449,1,z:ilp,nat-oop,2690,5252,28.283,1.953,5.756e-16,flat,0
1449,1,z:ilp,nat-oop,2595,5224,29.316,2.013,5.756e-16,flat,1
1450,1,z:ilp,nat-oop,3247,5575,23.448,1.717,5.138e-16,chain3,0
1450,1,z:ilp,nat-oop,2829,5572,26.918,1.970,5.138e-16,chain3,1
1451,1,z:ilp,nat-oop,10800,13644,7.055,1.263,6.755e-16,prime,0
1451,1,z:ilp,nat-oop,10852,13631,7.022,1.256,6.755e-16,prime,1
1452,1,z:ilp,nat-oop,1737,2487,43.911,1.432,4.790e-16,chain3,0
1452,1,z:ilp,nat-oop,1729,2496,44.107,1.444,4.790e-16,chain3,1
1453,1,z:ilp,nat-oop,5879,13739,12.981,2.337,1.053e-15,prime,0
1453,1,z:ilp,nat-oop,5891,13725,12.955,2.330,1.053e-15,prime,1
1454,1,z:ilp,nat-oop,10647,13771,7.174,1.293,6.921e-16,prime,0
1454,1,z:ilp,nat-oop,10799,13781,7.073,1.276,6.921e-16,prime,1
1455,1,z:ilp,nat-oop,10767,13644,7.099,1.267,8.409e-16,prime,0
1455,1,z:ilp,nat-oop,10588,13655,7.220,1.290,8.409e-16,prime,1
1456,1,z:ilp,nat-oop,1650,2087,46.370,1.265,6.765e-16,chain3,0
1456,1,z:ilp,nat-oop,1678,2076,45.582,1.237,6.765e-16,chain3,1
1457,1,z:ilp,nat-oop,6145,15672,12.459,2.550,6.564e-16,2p,0
1457,1,z:ilp,nat-oop,6229,15683,12.291,2.518,6.564e-16,2p,1
1458,1,z:ilp,nat-oop,2676,2502,28.626,0.935,6.874e-16,chain3,0
1458,1,z:ilp,nat-oop,2406,2506,31.845,1.042,6.874e-16,chain3,1
1459,1,z:ilp,nat-oop,9318,13639,8.229,1.464,1.160e-15,prime,0
1459,1,z:ilp,nat-oop,10252,13634,7.479,1.330,1.160e-15,prime,1
1460,1,z:ilp,nat-oop,10737,14532,7.147,1.353,7.443e-16,prime,0
1460,1,z:ilp,nat-oop,10975,14611,6.992,1.331,7.443e-16,prime,1
1461,1,z:ilp,nat-oop,10839,13716,7.085,1.265,7.999e-16,prime,0
1461,1,z:ilp,nat-oop,10859,13728,7.072,1.264,7.999e-16,prime,1
1462,1,z:ilp,nat-oop,4699,9473,16.356,2.016,1.025e-15,flat,0
1462,1,z:ilp,nat-oop,4680,9508,16.421,2.032,1.025e-15,flat,1
1463,1,z:ilp,nat-oop,2516,4370,30.574,1.737,5.188e-16,chain3,0
1463,1,z:ilp,nat-oop,3016,4383,25.501,1.453,5.188e-16,chain3,1
1464,1,z:ilp,nat-oop,10601,12025,7.261,1.134,9.717e-16,prime,0
1464,1,z:ilp,nat-oop,10781,12050,7.140,1.118,9.717e-16,prime,1
1465,1,z:ilp,nat-oop,10549,13748,7.302,1.303,8.512e-16,prime,0
1465,1,z:ilp,nat-oop,10559,13721,7.296,1.299,8.512e-16,prime,1
1466,1,z:ilp,nat-oop,10879,13903,7.087,1.278,9.222e-16,prime,0
1466,1,z:ilp,nat-oop,10807,13943,7.134,1.290,9.222e-16,prime,1
1467,1,z:ilp,nat-oop,10783,13645,7.155,1.265,1.096e-15,prime,0
1467,1,z:ilp,nat-oop,11159,13647,6.914,1.223,1.096e-15,prime,1
1468,1,z:ilp,nat-oop,10735,13721,7.192,1.278,8.031e-16,prime,0
1468,1,z:ilp,nat-oop,10883,13857,7.095,1.273,8.031e-16,prime,1
1469,1,z:ilp,nat-oop,10820,13723,7.142,1.268,1.007e-15,prime,0
1469,1,z:ilp,nat-oop,10870,13743,7.109,1.264,1.007e-15,prime,1
1470,1,z:ilp,nat-oop,2309,2249,33.498,0.974,5.942e-16,chain3,0
1470,1,z:ilp,nat-oop,2225,2246,34.752,1.009,5.942e-16,chain3,1
1471,1,z:ilp,nat-oop,7725,13645,10.018,1.766,1.191e-15,prime,0
1471,1,z:ilp,nat-oop,7776,13652,9.953,1.756,1.191e-15,prime,1
1472,1,z:ilp,nat-oop,2582,4473,29.992,1.732,4.936e-16,2p,0
1472,1,z:ilp,nat-oop,3029,4474,25.567,1.477,4.936e-16,2p,1
1473,1,z:ilp,nat-oop,10812,13763,7.169,1.273,7.469e-16,prime,0
1473,1,z:ilp,nat-oop,10589,13719,7.320,1.296,7.469e-16,prime,1
1474,1,z:ilp,nat-oop,10533,13800,7.365,1.310,6.847e-16,prime,0
1474,1,z:ilp,nat-oop,10803,13785,7.181,1.276,6.847e-16,prime,1
1475,1,z:ilp,nat-oop,10808,14680,7.183,1.358,8.980e-16,prime,0
1475,1,z:ilp,nat-oop,10844,14674,7.159,1.353,8.980e-16,prime,1
1476,1,z:ilp,nat-oop,3102,7775,25.047,2.507,4.972e-16,chain3,0
1476,1,z:ilp,nat-oop,3110,7760,24.984,2.495,4.972e-16,chain3,1
1477,1,z:ilp,nat-oop,10774,13728,7.217,1.274,8.757e-16,prime,0
1477,1,z:ilp,nat-oop,10695,13715,7.270,1.282,8.757e-16,prime,1
1478,1,z:ilp,nat-oop,10529,13772,7.390,1.308,6.709e-16,prime,0
1478,1,z:ilp,nat-oop,10787,13738,7.214,1.274,6.709e-16,prime,1
1479,1,z:ilp,nat-oop,3675,8468,21.187,2.304,1.215e-15,flat,0
1479,1,z:ilp,nat-oop,3727,8467,20.893,2.272,1.215e-15,flat,1
1480,1,z:ilp,nat-oop,3154,6985,24.711,2.215,6.635e-16,flat,0
1480,1,z:ilp,nat-oop,3231,6958,24.119,2.153,6.635e-16,flat,1
1481,1,z:ilp,nat-oop,10782,13718,7.234,1.272,9.745e-16,prime,0
1481,1,z:ilp,nat-oop,10573,13727,7.376,1.298,9.745e-16,prime,1
1482,1,z:ilp,nat-oop,2310,4269,33.785,1.848,7.365e-16,chain3,0
1482,1,z:ilp,nat-oop,2334,4273,33.438,1.831,7.365e-16,chain3,1
1483,1,z:ilp,nat-oop,7384,13654,10.578,1.849,1.006e-15,prime,0
1483,1,z:ilp,nat-oop,7803,13665,10.010,1.751,1.006e-15,prime,1
1484,1,z:ilp,nat-oop,10843,10462,7.210,0.965,7.245e-16,prime,0
1484,1,z:ilp,nat-oop,14189,10442,5.509,0.736,7.245e-16,prime,1
1485,1,z:ilp,nat-oop,2233,2537,35.035,1.136,6.462e-16,chain3,0
1485,1,z:ilp,nat-oop,2210,2548,35.401,1.153,6.462e-16,chain3,1
1486,1,z:ilp,nat-oop,10782,13744,7.261,1.275,8.071e-16,prime,0
1486,1,z:ilp,nat-oop,10730,13733,7.297,1.280,8.071e-16,prime,1
1487,1,z:ilp,nat-oop,10802,13666,7.253,1.265,1.081e-15,prime,0
1487,1,z:ilp,nat-oop,10797,13658,7.257,1.265,1.081e-15,prime,1
1488,1,z:ilp,nat-oop,3602,5812,21.770,1.614,5.547e-16,chain3,0
1488,1,z:ilp,nat-oop,3296,5815,23.788,1.764,5.547e-16,chain3,1
1489,1,z:ilp,nat-oop,10813,13741,7.257,1.271,9.408e-16,prime,0
1489,1,z:ilp,nat-oop,10784,13751,7.276,1.275,9.408e-16,prime,1
1490,1,z:ilp,nat-oop,10738,34265,7.314,3.191,1.209e-15,prime,0
1490,1,z:ilp,nat-oop,10730,34316,7.319,3.198,1.209e-15,prime,1
1491,1,z:ilp,nat-oop,10801,18628,7.276,1.725,8.129e-16,prime,0
1491,1,z:ilp,nat-oop,10746,18628,7.313,1.733,8.129e-16,prime,1
1492,1,z:ilp,nat-oop,11082,13720,7.097,1.238,7.239e-16,prime,0
1492,1,z:ilp,nat-oop,10652,13665,7.383,1.283,7.239e-16,prime,1
1493,1,z:ilp,nat-oop,10887,13735,7.230,1.262,7.776e-16,prime,0
1493,1,z:ilp,nat-oop,10869,13761,7.242,1.266,7.776e-16,prime,1
1494,1,z:ilp,nat-oop,10621,17187,7.416,1.618,6.387e-16,prime,0
1494,1,z:ilp,nat-oop,10796,17191,7.296,1.592,6.387e-16,prime,1
1495,1,z:ilp,nat-oop,3438,5382,22.927,1.565,6.098e-16,chain3,0
1495,1,z:ilp,nat-oop,3026,5405,26.053,1.786,6.098e-16,chain3,1
1496,1,z:ilp,nat-oop,2087,3998,37.795,1.915,5.466e-16,chain3,0
1496,1,z:ilp,nat-oop,2071,3998,38.094,1.930,5.466e-16,chain3,1
1497,1,z:ilp,nat-oop,10766,13737,7.333,1.276,1.238e-15,prime,0
1497,1,z:ilp,nat-oop,10747,13773,7.347,1.282,1.238e-15,prime,1
1498,1,z:ilp,nat-oop,10825,23723,7.299,2.191,9.781e-16,prime,0
1498,1,z:ilp,nat-oop,14751,23718,5.356,1.608,9.781e-16,prime,1
1499,1,z:ilp,nat-oop,10457,13663,7.561,1.307,1.118e-15,prime,0
1499,1,z:ilp,nat-oop,10633,13692,7.437,1.288,1.118e-15,prime,1
1500,1,z:ilp,nat-oop,1903,2451,41.592,1.288,5.308e-16,chain3,0
1500,1,z:ilp,nat-oop,1893,2453,41.795,1.295,5.308e-16,chain3,1
1501,1,z:ilp,nat-oop,10600,23774,7.471,2.243,7.262e-16,prime,0
1501,1,z:ilp,nat-oop,10585,23758,7.482,2.245,7.262e-16,prime,1
1502,1,z:ilp,nat-oop,10796,13756,7.341,1.274,8.066e-16,prime,0
1502,1,z:ilp,nat-oop,10808,13754,7.332,1.273,8.066e-16,prime,1
1503,1,z:ilp,nat-oop,10564,13686,7.508,1.295,9.546e-16,prime,0
1503,1,z:ilp,nat-oop,10626,13655,7.464,1.285,9.546e-16,prime,1
1504,1,z:ilp,nat-oop,2809,9114,28.260,3.245,4.940e-16,2p,0
1504,1,z:ilp,nat-oop,2878,9110,27.578,3.165,4.940e-16,2p,1
1505,1,z:ilp,nat-oop,7169,10169,11.080,1.419,6.187e-16,chain3,0
1505,1,z:ilp,nat-oop,5542,10204,14.333,1.841,6.187e-16,chain3,1
1506,1,z:ilp,nat-oop,10838,13754,7.335,1.269,7.556e-16,prime,0
1506,1,z:ilp,nat-oop,10840,13780,7.333,1.271,7.556e-16,prime,1
1507,1,z:ilp,nat-oop,10831,13712,7.345,1.266,7.906e-16,prime,0
1507,1,z:ilp,nat-oop,10852,13691,7.330,1.262,7.906e-16,prime,1
1508,1,z:ilp,nat-oop,3677,5821,21.653,1.583,9.096e-16,flat,0
1508,1,z:ilp,nat-oop,3716,5825,21.426,1.568,9.096e-16,flat,1
1509,1,z:ilp,nat-oop,10621,13745,7.501,1.294,7.832e-16,prime,0
1509,1,z:ilp,nat-oop,10803,13771,7.375,1.275,7.832e-16,prime,1
1510,1,z:ilp,nat-oop,10567,13782,7.545,1.304,8.522e-16,prime,0
1510,1,z:ilp,nat-oop,10793,13751,7.387,1.274,8.522e-16,prime,1
1511,1,z:ilp,nat-oop,10628,13673,7.508,1.287,9.415e-16,prime,0
1511,1,z:ilp,nat-oop,10637,13680,7.501,1.286,9.415e-16,prime,1
1512,1,z:ilp,nat-oop,1888,2319,42.295,1.228,6.724e-16,chain3,0
1512,1,z:ilp,nat-oop,1901,2343,42.007,1.233,6.724e-16,chain3,1
1513,1,z:ilp,nat-oop,10846,28329,7.368,2.612,6.777e-16,prime,0
1513,1,z:ilp,nat-oop,10828,28345,7.380,2.618,6.777e-16,prime,1
1514,1,z:ilp,nat-oop,10548,13764,7.581,1.305,9.081e-16,prime,0
1514,1,z:ilp,nat-oop,10582,13766,7.557,1.301,9.081e-16,prime,1
1515,1,z:ilp,nat-oop,10857,13679,7.372,1.260,8.232e-16,prime,0
1515,1,z:ilp,nat-oop,10855,13679,7.372,1.260,8.232e-16,prime,1
1516,1,z:ilp,nat-oop,10640,13725,7.527,1.290,8.862e-16,prime,0
1516,1,z:ilp,nat-oop,10835,13692,7.392,1.264,8.862e-16,prime,1
1517,1,z:ilp,nat-oop,5117,16311,15.665,3.188,8.476e-16,2p,0
1517,1,z:ilp,nat-oop,6577,16328,12.186,2.482,8.476e-16,2p,1
1518,1,z:ilp,nat-oop,2777,4937,28.879,1.778,5.210e-16,chain3,0
1518,1,z:ilp,nat-oop,2736,4940,29.312,1.805,5.210e-16,chain3,1
1519,1,z:ilp,nat-oop,4088,6933,19.637,1.696,7.543e-16,flat,0
1519,1,z:ilp,nat-oop,4133,6934,19.421,1.678,7.543e-16,flat,1
1520,1,z:ilp,nat-oop,2084,4090,38.555,1.963,5.056e-16,chain3,0
1520,1,z:ilp,nat-oop,2096,4082,38.317,1.947,5.056e-16,chain3,1
1521,1,z:ilp,nat-oop,2394,2827,33.574,1.181,7.097e-16,chain3,0
1521,1,z:ilp,nat-oop,2332,2819,34.477,1.209,7.097e-16,chain3,1
1522,1,z:ilp,nat-oop,10620,13784,7.576,1.298,8.021e-16,prime,0
1522,1,z:ilp,nat-oop,10607,13784,7.585,1.299,8.021e-16,prime,1
1523,1,z:ilp,nat-oop,10844,13706,7.424,1.264,7.100e-16,prime,0
1523,1,z:ilp,nat-oop,10837,13722,7.430,1.266,7.100e-16,prime,1
1524,1,z:ilp,nat-oop,10678,28488,7.545,2.668,8.085e-16,prime,0
1524,1,z:ilp,nat-oop,10621,28432,7.586,2.677,8.085e-16,prime,1
1525,1,z:ilp,nat-oop,10613,16077,7.597,1.515,5.972e-16,prime,0
1525,1,z:ilp,nat-oop,10870,16075,7.418,1.479,5.972e-16,prime,1
1526,1,z:ilp,nat-oop,10580,25183,7.627,2.380,8.252e-16,prime,0
1526,1,z:ilp,nat-oop,10823,25556,7.456,2.361,8.252e-16,prime,1
1527,1,z:ilp,nat-oop,10850,13708,7.443,1.263,9.119e-16,prime,0
1527,1,z:ilp,nat-oop,10626,13708,7.600,1.290,9.119e-16,prime,1
1528,1,z:ilp,nat-oop,10697,13715,7.554,1.282,8.878e-16,prime,0
1528,1,z:ilp,nat-oop,10911,13756,7.406,1.261,8.878e-16,prime,1
1529,1,z:ilp,nat-oop,10848,13768,7.455,1.269,6.914e-16,prime,0
1529,1,z:ilp,nat-oop,10842,13763,7.459,1.269,6.914e-16,prime,1
1530,1,z:ilp,nat-oop,2051,4095,39.458,1.997,6.672e-16,chain3,0
1530,1,z:ilp,nat-oop,2051,4096,39.454,1.997,6.672e-16,chain3,1
1531,1,z:ilp,nat-oop,6922,13714,11.701,1.981,1.101e-15,prime,0
1531,1,z:ilp,nat-oop,7250,13731,11.171,1.894,1.101e-15,prime,1
1532,1,z:ilp,nat-oop,10943,13820,7.407,1.263,9.043e-16,prime,0
1532,1,z:ilp,nat-oop,10608,13712,7.640,1.293,9.043e-16,prime,1
1533,1,z:ilp,nat-oop,10834,19998,7.486,1.846,6.870e-16,prime,0
1533,1,z:ilp,nat-oop,10865,19999,7.466,1.841,6.870e-16,prime,1
1534,1,z:ilp,nat-oop,10899,12696,7.447,1.165,8.440e-16,prime,0
1534,1,z:ilp,nat-oop,10647,12613,7.624,1.185,8.440e-16,prime,1
1535,1,z:ilp,nat-oop,10679,13739,7.606,1.287,1.082e-15,prime,0
1535,1,z:ilp,nat-oop,10717,13740,7.580,1.282,1.082e-15,prime,1
1536,1,z:ilp,nat-oop,1643,2402,49.491,1.462,5.828e-16,chain3,0
1536,1,z:ilp,nat-oop,1878,2402,43.283,1.279,5.828e-16,chain3,1
1537,1,z:ilp,nat-oop,10822,18174,7.517,1.679,8.122e-16,prime,0
1537,1,z:ilp,nat-oop,10602,18183,7.674,1.715,8.122e-16,prime,1
1538,1,z:ilp,nat-oop,10654,15712,7.641,1.475,8.806e-16,prime,0
1538,1,z:ilp,nat-oop,10890,15820,7.476,1.453,8.806e-16,prime,1
1539,1,z:ilp,nat-oop,3222,4957,25.287,1.539,7.142e-16,chain3,0
1539,1,z:ilp,nat-oop,3227,4952,25.247,1.534,7.142e-16,chain3,1
1540,1,z:ilp,nat-oop,2172,2570,37.534,1.183,7.259e-16,flat,0
1540,1,z:ilp,nat-oop,2119,2582,38.482,1.218,7.259e-16,flat,1
1541,1,z:ilp,nat-oop,10604,21141,7.695,1.994,9.950e-16,prime,0
1541,1,z:ilp,nat-oop,10807,21164,7.550,1.958,9.950e-16,prime,1
1542,1,z:ilp,nat-oop,10798,15847,7.562,1.468,1.020e-15,prime,0
1542,1,z:ilp,nat-oop,10807,15646,7.556,1.448,1.020e-15,prime,1
1543,1,z:ilp,nat-oop,10941,15527,7.469,1.419,6.084e-16,prime,0
1543,1,z:ilp,nat-oop,10690,15541,7.644,1.454,6.084e-16,prime,1
1544,1,z:ilp,nat-oop,10864,15575,7.527,1.434,1.026e-15,prime,0
1544,1,z:ilp,nat-oop,10868,15584,7.525,1.434,1.026e-15,prime,1
1545,1,z:ilp,nat-oop,10583,15631,7.732,1.477,9.724e-16,prime,0
1545,1,z:ilp,nat-oop,10611,15608,7.712,1.471,9.724e-16,prime,1
1546,1,z:ilp,nat-oop,10817,15637,7.571,1.446,9.357e-16,prime,0
1546,1,z:ilp,nat-oop,10713,15664,7.644,1.462,9.357e-16,prime,1
1547,1,z:ilp,nat-oop,2636,4533,31.090,1.720,9.070e-16,flat,0
1547,1,z:ilp,nat-oop,2696,4516,30.401,1.675,9.070e-16,flat,1
1548,1,z:ilp,nat-oop,3341,8490,24.549,2.541,6.292e-16,chain3,0
1548,1,z:ilp,nat-oop,3217,8498,25.491,2.641,6.292e-16,chain3,1
1549,1,z:ilp,nat-oop,10869,15598,7.551,1.435,7.765e-16,prime,0
1549,1,z:ilp,nat-oop,10856,15589,7.560,1.436,7.765e-16,prime,1
1550,1,z:ilp,nat-oop,3843,6256,21.371,1.628,7.514e-16,chain3,0
1550,1,z:ilp,nat-oop,4231,6237,19.411,1.474,7.514e-16,chain3,1
1551,1,z:ilp,nat-oop,5770,11693,14.246,2.026,6.654e-16,chain3,0
1551,1,z:ilp,nat-oop,5766,11698,14.254,2.029,6.654e-16,chain3,1
1552,1,z:ilp,nat-oop,10691,21122,7.694,1.976,7.562e-16,prime,0
1552,1,z:ilp,nat-oop,10627,21113,7.740,1.987,7.562e-16,prime,1
1553,1,z:ilp,nat-oop,10914,15638,7.542,1.433,7.469e-16,prime,0
1553,1,z:ilp,nat-oop,10786,15638,7.632,1.450,7.469e-16,prime,1
1554,1,z:ilp,nat-oop,4604,7258,17.891,1.576,8.701e-16,flat,0
1554,1,z:ilp,nat-oop,4547,7263,18.116,1.597,8.701e-16,flat,1
1555,1,z:ilp,nat-oop,10853,15532,7.595,1.431,1.285e-15,prime,0
1555,1,z:ilp,nat-oop,10826,15546,7.615,1.436,1.285e-15,prime,1
1556,1,z:ilp,nat-oop,10859,15567,7.597,1.434,7.385e-16,prime,0
1556,1,z:ilp,nat-oop,10826,15585,7.620,1.440,7.385e-16,prime,1
1557,1,z:ilp,nat-oop,10843,15681,7.614,1.446,7.998e-16,prime,0
1557,1,z:ilp,nat-oop,10858,15630,7.603,1.439,7.998e-16,prime,1
1558,1,z:ilp,nat-oop,4743,9919,17.420,2.091,1.299e-15,flat,0
1558,1,z:ilp,nat-oop,4760,9900,17.358,2.080,1.299e-15,flat,1
1559,1,z:ilp,nat-oop,10822,15566,7.640,1.438,8.973e-16,prime,0
1559,1,z:ilp,nat-oop,10632,15553,7.776,1.463,8.973e-16,prime,1
1560,1,z:ilp,nat-oop,1818,2546,45.509,1.400,6.922e-16,chain3,0
1560,1,z:ilp,nat-oop,1821,2544,45.445,1.397,6.922e-16,chain3,1
1561,1,z:ilp,nat-oop,10629,15636,7.790,1.471,8.600e-16,prime,0
1561,1,z:ilp,nat-oop,10603,15677,7.809,1.479,8.600e-16,prime,1
1562,1,z:ilp,nat-oop,10634,15590,7.792,1.466,8.245e-16,prime,0
1562,1,z:ilp,nat-oop,10637,15601,7.789,1.467,8.245e-16,prime,1
1563,1,z:ilp,nat-oop,10840,15520,7.649,1.432,8.728e-16,prime,0
1563,1,z:ilp,nat-oop,10876,15595,7.624,1.434,8.728e-16,prime,1
1564,1,z:ilp,nat-oop,2931,6616,28.307,2.257,6.588e-16,chain3,0
1564,1,z:ilp,nat-oop,2940,6628,28.219,2.254,6.588e-16,chain3,1
1565,1,z:ilp,nat-oop,10636,15704,7.807,1.476,8.492e-16,prime,0
1565,1,z:ilp,nat-oop,10630,15637,7.812,1.471,8.492e-16,prime,1
1566,1,z:ilp,nat-oop,3533,6041,23.519,1.710,5.975e-16,chain3,0
1566,1,z:ilp,nat-oop,4724,6036,17.591,1.278,5.975e-16,chain3,1
1567,1,z:ilp,nat-oop,10643,15575,7.814,1.463,8.831e-16,prime,0
1567,1,z:ilp,nat-oop,10791,15571,7.707,1.443,8.831e-16,prime,1
1568,1,z:ilp,nat-oop,1746,2331,47.652,1.335,5.081e-16,chain3,0
1568,1,z:ilp,nat-oop,1731,2340,48.076,1.352,5.081e-16,chain3,1
1569,1,z:ilp,nat-oop,10906,15655,7.636,1.435,7.119e-16,prime,0
1569,1,z:ilp,nat-oop,10878,15673,7.656,1.441,7.119e-16,prime,1
1570,1,z:ilp,nat-oop,10649,15673,7.826,1.472,1.135e-15,prime,0
1570,1,z:ilp,nat-oop,10665,15657,7.814,1.468,1.135e-15,prime,1
1571,1,z:ilp,nat-oop,10639,15574,7.839,1.464,8.961e-16,prime,0
1571,1,z:ilp,nat-oop,10842,15566,7.693,1.436,8.961e-16,prime,1
1572,1,z:ilp,nat-oop,10856,30458,7.688,2.806,7.573e-16,prime,0
1572,1,z:ilp,nat-oop,10622,30425,7.857,2.864,7.573e-16,prime,1
1573,1,z:ilp,nat-oop,2511,2522,33.261,1.004,5.769e-16,chain3,0
1573,1,z:ilp,nat-oop,2437,2534,34.277,1.040,5.769e-16,chain3,1
1574,1,z:ilp,nat-oop,10860,15659,7.696,1.442,8.022e-16,prime,0
1574,1,z:ilp,nat-oop,10864,15664,7.694,1.442,8.022e-16,prime,1
1575,1,z:ilp,nat-oop,2404,2758,34.790,1.147,8.233e-16,flat,0
1575,1,z:ilp,nat-oop,2411,2764,34.685,1.146,8.233e-16,flat,1
1576,1,z:ilp,nat-oop,10886,15573,7.689,1.431,7.956e-16,prime,0
1576,1,z:ilp,nat-oop,10863,15584,7.705,1.435,7.956e-16,prime,1
1577,1,z:ilp,nat-oop,10838,26801,7.729,2.473,8.676e-16,prime,0
1577,1,z:ilp,nat-oop,10639,26813,7.873,2.520,8.676e-16,prime,1
1578,1,z:ilp,nat-oop,10647,15671,7.873,1.472,9.691e-16,prime,0
1578,1,z:ilp,nat-oop,10639,15688,7.879,1.475,9.691e-16,prime,1
1579,1,z:ilp,nat-oop,10646,15579,7.879,1.463,6.721e-16,prime,0
1579,1,z:ilp,nat-oop,10880,15590,7.710,1.433,6.721e-16,prime,1
1580,1,z:ilp,nat-oop,10868,17088,7.724,1.572,7.462e-16,prime,0
1580,1,z:ilp,nat-oop,10688,17021,7.854,1.593,7.462e-16,prime,1
1581,1,z:ilp,nat-oop,5935,9443,14.154,1.591,6.401e-16,chain3,0
1581,1,z:ilp,nat-oop,4900,9437,17.145,1.926,6.401e-16,chain3,1
1582,1,z:ilp,nat-oop,12891,27085,6.521,2.101,7.294e-16,prime,0
1582,1,z:ilp,nat-oop,10607,27071,7.925,2.552,7.294e-16,prime,1
1583,1,z:ilp,nat-oop,10884,15591,7.729,1.432,7.701e-16,prime,0
1583,1,z:ilp,nat-oop,10885,15589,7.729,1.432,7.701e-16,prime,1
1584,1,z:ilp,nat-oop,1802,2435,46.707,1.351,5.394e-16,chain3,0
1584,1,z:ilp,nat-oop,1805,2446,46.652,1.356,5.394e-16,chain3,1
1585,1,z:ilp,nat-oop,10839,15662,7.773,1.445,7.670e-16,prime,0
1585,1,z:ilp,nat-oop,10892,15683,7.735,1.440,7.670e-16,prime,1
1586,1,z:ilp,nat-oop,10640,13632,7.924,1.281,8.120e-16,prime,0
1586,1,z:ilp,nat-oop,10637,13637,7.925,1.282,8.120e-16,prime,1
1587,1,z:ilp,nat-oop,4849,8921,17.397,1.840,1.205e-15,flat,0
1587,1,z:ilp,nat-oop,4994,8950,16.892,1.792,1.205e-15,flat,1
1588,1,z:ilp,nat-oop,10806,15583,7.813,1.442,9.312e-16,prime,0
1588,1,z:ilp,nat-oop,10667,15585,7.915,1.461,9.312e-16,prime,1
1589,1,z:ilp,nat-oop,10853,15678,7.785,1.445,9.051e-16,prime,0
1589,1,z:ilp,nat-oop,10874,15736,7.770,1.447,9.051e-16,prime,1
1590,1,z:ilp,nat-oop,10644,11071,7.943,1.040,6.339e-16,prime,0
1590,1,z:ilp,nat-oop,10693,11071,7.907,1.035,6.339e-16,prime,1
1591,1,z:ilp,nat-oop,5955,17581,14.208,2.952,5.810e-16,2p,0
1591,1,z:ilp,nat-oop,7457,17563,11.346,2.355,5.810e-16,2p,1
1592,1,z:ilp,nat-oop,10690,15591,7.920,1.458,9.450e-16,prime,0
1592,1,z:ilp,nat-oop,10602,15630,7.986,1.474,9.450e-16,prime,1
1593,1,z:ilp,nat-oop,10856,16056,7.805,1.479,6.769e-16,prime,0
1593,1,z:ilp,nat-oop,10871,16060,7.794,1.477,6.769e-16,prime,1
1594,1,z:ilp,nat-oop,10679,15705,7.940,1.471,9.987e-16,prime,0
1594,1,z:ilp,nat-oop,10813,15682,7.841,1.450,9.987e-16,prime,1
1595,1,z:ilp,nat-oop,4374,6982,19.396,1.596,1.021e-15,flat,0
1595,1,z:ilp,nat-oop,4104,6981,20.677,1.701,1.021e-15,flat,1
1596,1,z:ilp,nat-oop,2143,4658,39.628,2.174,5.529e-16,chain3,0
1596,1,z:ilp,nat-oop,2159,4668,39.335,2.163,5.529e-16,chain3,1
1597,1,z:ilp,nat-oop,10870,15697,7.817,1.444,8.934e-16,prime,0
1597,1,z:ilp,nat-oop,10872,15683,7.816,1.443,8.934e-16,prime,1
1598,1,z:ilp,nat-oop,5422,11458,15.683,2.113,1.746e-15,flat,0
1598,1,z:ilp,nat-oop,5362,11457,15.857,2.137,1.746e-15,flat,1
1599,1,z:ilp,nat-oop,4164,10474,20.434,2.515,6.063e-16,chain3,0
1599,1,z:ilp,nat-oop,4069,10500,20.911,2.580,6.063e-16,chain3,1
1600,1,z:ilp,nat-oop,1739,2324,48.966,1.336,4.396e-16,chain3,0
1600,1,z:ilp,nat-oop,2020,2330,42.157,1.153,4.396e-16,chain3,1
1601,1,z:ilp,nat-oop,6405,12567,13.304,1.962,7.747e-16,prime,0
1601,1,z:ilp,nat-oop,6331,12618,13.460,1.993,7.747e-16,prime,1
1602,1,z:ilp,nat-oop,12094,20539,7.051,1.698,8.012e-16,prime,0
1602,1,z:ilp,nat-oop,10670,20513,7.992,1.923,8.012e-16,prime,1
1603,1,z:ilp,nat-oop,10659,12413,8.005,1.165,7.739e-16,prime,0
1603,1,z:ilp,nat-oop,10658,12384,8.006,1.162,7.739e-16,prime,1
1604,1,z:ilp,nat-oop,10844,12530,7.874,1.155,9.076e-16,prime,0
1604,1,z:ilp,nat-oop,10899,12489,7.835,1.146,9.076e-16,prime,1
1605,1,z:ilp,nat-oop,10881,12671,7.854,1.165,8.222e-16,prime,0
1605,1,z:ilp,nat-oop,10916,12606,7.828,1.155,8.222e-16,prime,1
1606,1,z:ilp,nat-oop,10678,16632,8.008,1.558,8.356e-16,prime,0
1606,1,z:ilp,nat-oop,10644,16623,8.034,1.562,8.356e-16,prime,1
1607,1,z:ilp,nat-oop,10897,12473,7.853,1.145,1.002e-15,prime,0
1607,1,z:ilp,nat-oop,10694,12516,8.002,1.170,1.002e-15,prime,1
1608,1,z:ilp,nat-oop,10708,14558,7.997,1.360,7.408e-16,prime,0
1608,1,z:ilp,nat-oop,10854,14550,7.890,1.341,7.408e-16,prime,1
1609,1,z:ilp,nat-oop,10643,12514,8.052,1.176,8.843e-16,prime,0
1609,1,z:ilp,nat-oop,10894,12480,7.866,1.146,8.843e-16,prime,1
1610,1,z:ilp,nat-oop,3251,5538,26.377,1.703,6.230e-16,chain3,0
1610,1,z:ilp,nat-oop,3256,5529,26.335,1.698,6.230e-16,chain3,1
1611,1,z:ilp,nat-oop,10598,12379,8.097,1.168,9.038e-16,prime,0
1611,1,z:ilp,nat-oop,10632,12428,8.071,1.169,9.038e-16,prime,1
1612,1,z:ilp,nat-oop,5707,6510,15.047,1.141,1.048e-15,flat,0
1612,1,z:ilp,nat-oop,4764,6509,18.028,1.366,1.048e-15,flat,1
1613,1,z:ilp,nat-oop,10900,12522,7.884,1.149,8.283e-16,prime,0
1613,1,z:ilp,nat-oop,10901,12643,7.883,1.160,8.283e-16,prime,1
1614,1,z:ilp,nat-oop,10881,12529,7.903,1.151,9.223e-16,prime,0
1614,1,z:ilp,nat-oop,10846,12651,7.929,1.166,9.223e-16,prime,1
1615,1,z:ilp,nat-oop,3525,7056,24.415,2.002,6.144e-16,chain3,0
1615,1,z:ilp,nat-oop,3529,7055,24.384,1.999,6.144e-16,chain3,1
1616,1,z:ilp,nat-oop,11030,23245,7.807,2.107,9.050e-16,prime,0
1616,1,z:ilp,nat-oop,10945,23242,7.868,2.124,9.050e-16,prime,1
1617,1,z:ilp,nat-oop,2811,2776,30.655,0.988,5.740e-16,chain3,0
1617,1,z:ilp,nat-oop,2762,2787,31.203,1.009,5.740e-16,chain3,1
1618,1,z:ilp,nat-oop,10667,12536,8.085,1.175,7.205e-16,prime,0
1618,1,z:ilp,nat-oop,10627,12637,8.115,1.189,7.205e-16,prime,1
1619,1,z:ilp,nat-oop,10797,12389,7.993,1.147,7.498e-16,prime,0
1619,1,z:ilp,nat-oop,10851,12402,7.953,1.143,7.498e-16,prime,1
1620,1,z:ilp,nat-oop,1918,2808,45.030,1.464,8.518e-16,chain3,0
1620,1,z:ilp,nat-oop,1885,2812,45.819,1.492,8.518e-16,chain3,1
1621,1,z:ilp,nat-oop,10667,12584,8.101,1.180,9.676e-16,prime,0
1621,1,z:ilp,nat-oop,10672,12584,8.098,1.179,9.676e-16,prime,1
1622,1,z:ilp,nat-oop,10841,12502,7.978,1.153,7.951e-16,prime,0
1622,1,z:ilp,nat-oop,10854,12576,7.968,1.159,7.951e-16,prime,1
1623,1,z:ilp,nat-oop,10893,12392,7.945,1.138,7.056e-16,prime,0
1623,1,z:ilp,nat-oop,10878,12508,7.956,1.150,7.056e-16,prime,1
1624,1,z:ilp,nat-oop,3660,6171,23.661,1.686,7.395e-16,flat,0
1624,1,z:ilp,nat-oop,3805,6174,22.760,1.623,7.395e-16,flat,1
1625,1,z:ilp,nat-oop,2458,2773,35.262,1.128,7.612e-16,flat,0
1625,1,z:ilp,nat-oop,2497,2767,34.700,1.108,7.612e-16,flat,1
1626,1,z:ilp,nat-oop,10827,12568,8.010,1.161,6.500e-16,prime,0
1626,1,z:ilp,nat-oop,10877,12689,7.973,1.167,6.500e-16,prime,1
1627,1,z:ilp,nat-oop,10852,12454,7.997,1.148,6.762e-16,prime,0
1627,1,z:ilp,nat-oop,10847,12426,8.000,1.145,6.762e-16,prime,1
1628,1,z:ilp,nat-oop,4727,7703,18.372,1.629,6.321e-16,chain3,0
1628,1,z:ilp,nat-oop,4796,7696,18.108,1.605,6.321e-16,chain3,1
1629,1,z:ilp,nat-oop,10824,12676,8.029,1.171,7.851e-16,prime,0
1629,1,z:ilp,nat-oop,10850,12662,8.010,1.167,7.851e-16,prime,1
1630,1,z:ilp,nat-oop,10616,12570,8.192,1.184,6.775e-16,prime,0
1630,1,z:ilp,nat-oop,10854,12505,8.012,1.152,6.775e-16,prime,1
1631,1,z:ilp,nat-oop,10891,12398,7.991,1.138,1.057e-15,prime,0
1631,1,z:ilp,nat-oop,10601,12440,8.210,1.173,1.057e-15,prime,1
1632,1,z:ilp,nat-oop,1990,4343,43.763,2.182,5.178e-16,chain3,0
1632,1,z:ilp,nat-oop,2014,4349,43.238,2.159,5.178e-16,chain3,1
1633,1,z:ilp,nat-oop,10655,23762,8.179,2.230,7.621e-16,prime,0
1633,1,z:ilp,nat-oop,10659,23774,8.176,2.230,7.621e-16,prime,1
1634,1,z:ilp,nat-oop,4926,10893,17.703,2.211,1.011e-15,flat,0
1634,1,z:ilp,nat-oop,5397,10829,16.159,2.007,1.011e-15,flat,1
1635,1,z:ilp,nat-oop,10664,12523,8.183,1.174,7.912e-16,prime,0
1635,1,z:ilp,nat-oop,10984,12396,7.945,1.129,7.912e-16,prime,1
1636,1,z:ilp,nat-oop,10916,12674,8.000,1.161,7.367e-16,prime,0
1636,1,z:ilp,nat-oop,10703,12450,8.159,1.163,7.367e-16,prime,1
1637,1,z:ilp,nat-oop,10822,12533,8.075,1.158,6.513e-16,prime,0
1637,1,z:ilp,nat-oop,10888,12568,8.027,1.154,6.513e-16,prime,1
1638,1,z:ilp,nat-oop,2811,2761,31.113,0.982,7.040e-16,chain3,0
1638,1,z:ilp,nat-oop,2752,2760,31.774,1.003,7.040e-16,chain3,1
1639,1,z:ilp,nat-oop,10818,12497,8.090,1.155,9.918e-16,prime,0
1639,1,z:ilp,nat-oop,10832,12411,8.079,1.146,9.918e-16,prime,1
1640,1,z:ilp,nat-oop,3705,8530,23.634,2.302,6.453e-16,flat,0
1640,1,z:ilp,nat-oop,3565,8553,24.567,2.399,6.453e-16,flat,1
1641,1,z:ilp,nat-oop,10928,12560,8.019,1.149,7.432e-16,prime,0
1641,1,z:ilp,nat-oop,10691,12531,8.197,1.172,7.432e-16,prime,1
1642,1,z:ilp,nat-oop,10881,12572,8.060,1.155,6.889e-16,prime,0
1642,1,z:ilp,nat-oop,10879,12584,8.061,1.157,6.889e-16,prime,1
1643,1,z:ilp,nat-oop,10899,19930,8.052,1.829,8.696e-16,prime,0
1643,1,z:ilp,nat-oop,10885,19920,8.062,1.830,8.696e-16,prime,1
1644,1,z:ilp,nat-oop,10700,33908,8.207,3.169,9.006e-16,prime,0
1644,1,z:ilp,nat-oop,10909,33862,8.050,3.104,9.006e-16,prime,1
1645,1,z:ilp,nat-oop,4153,12410,21.161,2.989,5.634e-16,flat,0
1645,1,z:ilp,nat-oop,4283,12413,20.518,2.899,5.634e-16,flat,1
1646,1,z:ilp,nat-oop,10668,12527,8.243,1.174,1.089e-15,prime,0
1646,1,z:ilp,nat-oop,10926,12518,8.048,1.146,1.089e-15,prime,1
1647,1,z:ilp,nat-oop,10738,17546,8.195,1.634,8.676e-16,prime,0
1647,1,z:ilp,nat-oop,10926,17556,8.053,1.607,8.676e-16,prime,1
1648,1,z:ilp,nat-oop,10697,23695,8.232,2.215,6.741e-16,prime,0
1648,1,z:ilp,nat-oop,10979,23691,8.021,2.158,6.741e-16,prime,1
1649,1,z:ilp,nat-oop,10709,12644,8.229,1.181,1.005e-15,prime,0
1649,1,z:ilp,nat-oop,10668,12606,8.260,1.182,1.005e-15,prime,1
1650,1,z:ilp,nat-oop,2170,2632,40.628,1.213,5.693e-16,chain3,0
1650,1,z:ilp,nat-oop,2197,2634,40.131,1.199,5.693e-16,chain3,1
1651,1,z:ilp,nat-oop,10892,12552,8.101,1.152,7.170e-16,prime,0
1651,1,z:ilp,nat-oop,10676,12441,8.265,1.165,7.170e-16,prime,1
1652,1,z:ilp,nat-oop,10672,12975,8.274,1.216,5.614e-16,prime,0
1652,1,z:ilp,nat-oop,10922,12986,8.085,1.189,5.614e-16,prime,1
1653,1,z:ilp,nat-oop,4154,9985,21.274,2.404,6.901e-16,chain3,0
1653,1,z:ilp,nat-oop,4167,9951,21.206,2.388,6.901e-16,chain3,1
1654,1,z:ilp,nat-oop,10659,12633,8.295,1.185,7.781e-16,prime,0
1654,1,z:ilp,nat-oop,10859,12640,8.143,1.164,7.781e-16,prime,1
1655,1,z:ilp,nat-oop,10993,12516,8.049,1.139,8.607e-16,prime,0
1655,1,z:ilp,nat-oop,10702,12516,8.267,1.169,8.607e-16,prime,1
1656,1,z:ilp,nat-oop,2887,5419,30.673,1.877,6.092e-16,chain3,0
1656,1,z:ilp,nat-oop,2716,5411,32.600,1.992,6.092e-16,chain3,1
1657,1,z:ilp,nat-oop,10989,12607,8.063,1.147,1.102e-15,prime,0
1657,1,z:ilp,nat-oop,10669,12700,8.305,1.190,1.102e-15,prime,1
1658,1,z:ilp,nat-oop,10665,12618,8.314,1.183,9.544e-16,prime,0
1658,1,z:ilp,nat-oop,10894,12609,8.139,1.158,9.544e-16,prime,1
1659,1,z:ilp,nat-oop,10868,23711,8.164,2.182,8.746e-16,prime,0
1659,1,z:ilp,nat-oop,10915,23739,8.128,2.175,8.746e-16,prime,1
1660,1,z:ilp,nat-oop,10842,18891,8.189,1.742,8.275e-16,prime,0
1660,1,z:ilp,nat-oop,10847,18890,8.185,1.741,8.275e-16,prime,1
1661,1,z:ilp,nat-oop,10935,12544,8.125,1.147,6.954e-16,prime,0
1661,1,z:ilp,nat-oop,10921,12595,8.135,1.153,6.954e-16,prime,1
1662,1,z:ilp,nat-oop,10864,12548,8.184,1.155,8.900e-16,prime,0
1662,1,z:ilp,nat-oop,13931,12529,6.382,0.899,8.900e-16,prime,1
1663,1,z:ilp,nat-oop,10670,12483,8.338,1.170,8.008e-16,prime,0
1663,1,z:ilp,nat-oop,10963,12446,8.115,1.135,8.008e-16,prime,1
1664,1,z:ilp,nat-oop,1903,2581,46.793,1.357,6.338e-16,chain3,0
1664,1,z:ilp,nat-oop,1887,2587,47.177,1.371,6.338e-16,chain3,1
1665,1,z:ilp,nat-oop,4901,9623,18.176,1.963,6.451e-16,chain3,0
1665,1,z:ilp,nat-oop,7019,9618,12.693,1.370,6.451e-16,chain3,1
1666,1,z:ilp,nat-oop,3470,4821,25.693,1.389,7.666e-16,flat,0
1666,1,z:ilp,nat-oop,3495,4822,25.505,1.380,7.666e-16,flat,1
1667,1,z:ilp,nat-oop,10830,12663,8.238,1.169,9.264e-16,prime,0
1667,1,z:ilp,nat-oop,10837,12614,8.232,1.164,9.264e-16,prime,1
1668,1,z:ilp,nat-oop,10876,34305,8.208,3.154,7.569e-16,prime,0
1668,1,z:ilp,nat-oop,12405,34266,7.196,2.762,7.569e-16,prime,1
1669,1,z:ilp,nat-oop,10698,12644,8.350,1.182,8.988e-16,prime,0
1669,1,z:ilp,nat-oop,10698,12613,8.350,1.179,8.988e-16,prime,1
1670,1,z:ilp,nat-oop,10659,12649,8.386,1.187,7.340e-16,prime,0
1670,1,z:ilp,nat-oop,10898,12654,8.202,1.161,7.340e-16,prime,1
1671,1,z:ilp,nat-oop,10704,12537,8.357,1.171,9.507e-16,prime,0
1671,1,z:ilp,nat-oop,11021,12508,8.116,1.135,9.507e-16,prime,1
1672,1,z:ilp,nat-oop,2418,4971,37.020,2.056,6.315e-16,chain3,0
1672,1,z:ilp,nat-oop,2427,4755,36.877,1.959,6.315e-16,chain3,1
1673,1,z:ilp,nat-oop,10984,12602,8.155,1.147,7.820e-16,prime,0
1673,1,z:ilp,nat-oop,10785,12610,8.306,1.169,7.820e-16,prime,1
1674,1,z:ilp,nat-oop,4314,6759,20.778,1.567,8.257e-16,flat,0
1674,1,z:ilp,nat-oop,4338,6762,20.663,1.559,8.257e-16,flat,1
1675,1,z:ilp,nat-oop,10892,19593,8.235,1.799,9.738e-16,prime,0
1675,1,z:ilp,nat-oop,10894,19594,8.233,1.799,9.738e-16,prime,1
1676,1,z:ilp,nat-oop,10719,12522,8.374,1.168,8.529e-16,prime,0
1676,1,z:ilp,nat-oop,10645,12531,8.432,1.177,8.529e-16,prime,1
1677,1,z:ilp,nat-oop,4520,11659,19.872,2.580,7.207e-16,chain3,0
1677,1,z:ilp,nat-oop,4479,11518,20.054,2.572,7.207e-16,chain3,1
1678,1,z:ilp,nat-oop,10711,12638,8.391,1.180,9.493e-16,prime,0
1678,1,z:ilp,nat-oop,10926,12622,8.226,1.155,9.493e-16,prime,1
1679,1,z:ilp,nat-oop,10945,25328,8.217,2.314,7.820e-16,prime,0
1679,1,z:ilp,nat-oop,10833,25358,8.302,2.341,7.820e-16,prime,1
1680,1,z:ilp,nat-oop,1927,2381,46.694,1.236,6.714e-16,chain3,0
1680,1,z:ilp,nat-oop,1912,2379,47.066,1.244,6.714e-16,chain3,1
1681,1,z:ilp,nat-oop,7729,19547,11.652,2.529,4.921e-16,2p,0
1681,1,z:ilp,nat-oop,5932,19575,15.182,3.300,4.921e-16,2p,1
1682,1,z:ilp,nat-oop,5220,10035,17.264,1.922,1.704e-15,flat,0
1682,1,z:ilp,nat-oop,6685,10042,13.482,1.502,1.704e-15,flat,1
1683,1,z:ilp,nat-oop,2752,5035,32.764,1.829,8.252e-16,chain3,0
1683,1,z:ilp,nat-oop,2765,5019,32.614,1.815,8.252e-16,chain3,1
1684,1,z:ilp,nat-oop,10830,12564,8.333,1.160,1.328e-15,prime,0
1684,1,z:ilp,nat-oop,12288,12538,7.344,1.020,1.328e-15,prime,1
1685,1,z:ilp,nat-oop,10912,12725,8.276,1.166,9.682e-16,prime,0
1685,1,z:ilp,nat-oop,10925,12631,8.265,1.156,9.682e-16,prime,1
1686,1,z:ilp,nat-oop,10930,12619,8.267,1.155,1.012e-15,prime,0
1686,1,z:ilp,nat-oop,10648,12580,8.486,1.181,1.012e-15,prime,1
1687,1,z:ilp,nat-oop,10845,12735,8.338,1.174,8.900e-16,prime,0
1687,1,z:ilp,nat-oop,10886,12526,8.307,1.151,8.900e-16,prime,1
1688,1,z:ilp,nat-oop,10748,12472,8.419,1.160,1.290e-15,prime,0
1688,1,z:ilp,nat-oop,10791,12593,8.385,1.167,1.290e-15,prime,1
1689,1,z:ilp,nat-oop,10917,12608,8.294,1.155,7.354e-16,prime,0
1689,1,z:ilp,nat-oop,10950,12576,8.269,1.149,7.354e-16,prime,1
1690,1,z:ilp,nat-oop,2304,3501,39.330,1.519,7.443e-16,chain3,0
1690,1,z:ilp,nat-oop,2342,3475,38.683,1.484,7.443e-16,chain3,1
1691,1,z:ilp,nat-oop,10705,32143,8.470,3.003,8.274e-16,prime,0
1691,1,z:ilp,nat-oop,10900,32128,8.318,2.948,8.274e-16,prime,1
1692,1,z:ilp,nat-oop,3711,10469,24.452,2.821,6.085e-16,chain3,0
1692,1,z:ilp,nat-oop,3749,10478,24.204,2.795,6.085e-16,chain3,1
1693,1,z:ilp,nat-oop,10917,12661,8.316,1.160,1.215e-15,prime,0
1693,1,z:ilp,nat-oop,10883,12619,8.342,1.160,1.215e-15,prime,1
1694,1,z:ilp,nat-oop,3638,3322,24.973,0.913,7.904e-16,flat,0
1694,1,z:ilp,nat-oop,3740,3318,24.293,0.887,7.904e-16,flat,1
1695,1,z:ilp,nat-oop,10914,12584,8.330,1.153,9.938e-16,prime,0
1695,1,z:ilp,nat-oop,10886,12468,8.351,1.145,9.938e-16,prime,1
1696,1,z:ilp,nat-oop,10724,11779,8.483,1.098,9.650e-16,prime,0
1696,1,z:ilp,nat-oop,10637,11758,8.552,1.105,9.650e-16,prime,1
1697,1,z:ilp,nat-oop,10895,12626,8.355,1.159,7.303e-16,prime,0
1697,1,z:ilp,nat-oop,10870,12724,8.375,1.171,7.303e-16,prime,1
1698,1,z:ilp,nat-oop,10914,12586,8.346,1.153,9.271e-16,prime,0
1698,1,z:ilp,nat-oop,10909,12689,8.351,1.163,9.271e-16,prime,1
1699,1,z:ilp,nat-oop,10919,12467,8.348,1.142,9.504e-16,prime,0
1699,1,z:ilp,nat-oop,10580,12533,8.616,1.185,9.504e-16,prime,1
1700,1,z:ilp,nat-oop,2380,4538,38.321,1.907,6.504e-16,chain3,0
1700,1,z:ilp,nat-oop,2392,4543,38.127,1.899,6.504e-16,chain3,1
1701,1,z:ilp,nat-oop,2600,3192,35.112,1.228,6.017e-16,chain3,0
1701,1,z:ilp,nat-oop,2553,3181,35.760,1.246,6.017e-16,chain3,1
1702,1,z:ilp,nat-oop,5576,10603,16.379,1.901,1.580e-15,flat,0
1702,1,z:ilp,nat-oop,5326,10597,17.149,1.990,1.580e-15,flat,1
1703,1,z:ilp,nat-oop,10715,12517,8.530,1.168,7.728e-16,prime,0
1703,1,z:ilp,nat-oop,10669,12535,8.567,1.175,7.728e-16,prime,1
1704,1,z:ilp,nat-oop,10876,16486,8.409,1.516,6.984e-16,prime,0
1704,1,z:ilp,nat-oop,10900,16456,8.391,1.510,6.984e-16,prime,1
1705,1,z:ilp,nat-oop,6263,7887,14.614,1.259,5.389e-16,chain3,0
1705,1,z:ilp,nat-oop,4937,7904,18.540,1.601,5.389e-16,chain3,1
1706,1,z:ilp,nat-oop,10763,12656,8.509,1.176,8.996e-16,prime,0
1706,1,z:ilp,nat-oop,10761,12654,8.511,1.176,8.996e-16,prime,1
1707,1,z:ilp,nat-oop,10604,12552,8.642,1.184,9.692e-16,prime,0
1707,1,z:ilp,nat-oop,10928,12722,8.386,1.164,9.692e-16,prime,1
1708,1,z:ilp,nat-oop,10956,14065,8.370,1.284,8.160e-16,prime,0
1708,1,z:ilp,nat-oop,10566,14059,8.679,1.331,8.160e-16,prime,1
1709,1,z:ilp,nat-oop,10771,12643,8.519,1.174,9.355e-16,prime,0
1709,1,z:ilp,nat-oop,11001,12679,8.341,1.152,9.355e-16,prime,1
1710,1,z:ilp,nat-oop,3586,4859,25.606,1.355,5.984e-16,chain3,0
1710,1,z:ilp,nat-oop,3143,4852,29.212,1.544,5.984e-16,chain3,1
1711,1,z:ilp,nat-oop,10939,22139,8.400,2.024,8.496e-16,prime,0
1711,1,z:ilp,nat-oop,10724,22129,8.568,2.063,8.496e-16,prime,1
1712,1,z:ilp,nat-oop,10901,25614,8.434,2.350,1.014e-15,prime,0
1712,1,z:ilp,nat-oop,10702,25628,8.591,2.395,1.014e-15,prime,1
1713,1,z:ilp,nat-oop,10971,12586,8.386,1.147,7.148e-16,prime,0
1713,1,z:ilp,nat-oop,10868,12685,8.466,1.167,7.148e-16,prime,1
1714,1,z:ilp,nat-oop,10838,12630,8.495,1.165,7.572e-16,prime,0
1714,1,z:ilp,nat-oop,10941,12576,8.415,1.149,7.572e-16,prime,1
1715,1,z:ilp,nat-oop,2884,2860,31.950,0.992,6.978e-16,flat,0
1715,1,z:ilp,nat-oop,2755,2843,33.447,1.032,6.978e-16,flat,1
1716,1,z:ilp,nat-oop,2157,3059,42.741,1.418,7.476e-16,chain3,0
1716,1,z:ilp,nat-oop,2165,3025,42.588,1.398,7.476e-16,chain3,1
1717,1,z:ilp,nat-oop,10935,12731,8.436,1.164,1.154e-15,prime,0
1717,1,z:ilp,nat-oop,10967,12645,8.412,1.153,1.154e-15,prime,1
1718,1,z:ilp,nat-oop,10688,12643,8.637,1.183,8.845e-16,prime,0
1718,1,z:ilp,nat-oop,10713,12671,8.617,1.183,8.845e-16,prime,1
1719,1,z:ilp,nat-oop,10714,12667,8.621,1.182,8.506e-16,prime,0
1719,1,z:ilp,nat-oop,10967,12496,8.423,1.139,8.506e-16,prime,1
1720,1,z:ilp,nat-oop,3525,9347,26.222,2.652,5.371e-16,chain3,0
1720,1,z:ilp,nat-oop,3606,9332,25.630,2.588,5.371e-16,chain3,1
1721,1,z:ilp,nat-oop,10883,12688,8.499,1.166,8.145e-16,prime,0
1721,1,z:ilp,nat-oop,10880,12606,8.502,1.159,8.145e-16,prime,1
1722,1,z:ilp,nat-oop,3808,8938,24.307,2.347,5.445e-16,chain3,0
1722,1,z:ilp,nat-oop,3848,8882,24.052,2.308,5.445e-16,chain3,1
1723,1,z:ilp,nat-oop,10991,12518,8.426,1.139,8.317e-16,prime,0
1723,1,z:ilp,nat-oop,11029,12556,8.398,1.138,8.317e-16,prime,1
1724,1,z:ilp,nat-oop,10953,12519,8.462,1.143,7.610e-16,prime,0
1724,1,z:ilp,nat-oop,10949,12599,8.465,1.151,7.610e-16,prime,1
1725,1,z:ilp,nat-oop,3475,6286,26.686,1.809,6.163e-16,chain3,0
1725,1,z:ilp,nat-oop,3486,6302,26.600,1.808,6.163e-16,chain3,1
1726,1,z:ilp,nat-oop,10925,12584,8.494,1.152,9.192e-16,prime,0
1726,1,z:ilp,nat-oop,10939,12672,8.483,1.158,9.192e-16,prime,1
1727,1,z:ilp,nat-oop,10738,12534,8.648,1.167,9.222e-16,prime,0
1727,1,z:ilp,nat-oop,10705,12522,8.675,1.170,9.222e-16,prime,1
1728,1,z:ilp,nat-oop,1870,2750,49.682,1.470,6.594e-16,chain3,0
1728,1,z:ilp,nat-oop,1864,2765,49.853,1.484,6.594e-16,chain3,1
1729,1,z:ilp,nat-oop,3237,5367,28.724,1.658,6.430e-16,chain3,0
1729,1,z:ilp,nat-oop,3253,5341,28.584,1.642,6.430e-16,chain3,1
1730,1,z:ilp,nat-oop,10639,12682,8.745,1.192,7.746e-16,prime,0
1730,1,z:ilp,nat-oop,10671,12638,8.719,1.184,7.746e-16,prime,1
1731,1,z:ilp,nat-oop,10705,12511,8.697,1.169,8.840e-16,prime,0
1731,1,z:ilp,nat-oop,10783,12554,8.634,1.164,8.840e-16,prime,1
1732,1,z:ilp,nat-oop,10934,12603,8.521,1.153,8.318e-16,prime,0
1732,1,z:ilp,nat-oop,10907,12571,8.542,1.153,8.318e-16,prime,1
1733,1,z:ilp,nat-oop,10694,12647,8.717,1.183,9.927e-16,prime,0
1733,1,z:ilp,nat-oop,10896,12688,8.556,1.164,9.927e-16,prime,1
1734,1,z:ilp,nat-oop,3040,6275,30.685,2.064,4.715e-16,chain3,0
1734,1,z:ilp,nat-oop,3225,6274,28.924,1.945,4.715e-16,chain3,1
1735,1,z:ilp,nat-oop,10718,12526,8.709,1.169,6.594e-16,prime,0
1735,1,z:ilp,nat-oop,10725,12570,8.704,1.172,6.594e-16,prime,1
1736,1,z:ilp,nat-oop,4218,6909,22.145,1.638,8.601e-16,flat,0
1736,1,z:ilp,nat-oop,4198,6916,22.250,1.647,8.601e-16,flat,1
1737,1,z:ilp,nat-oop,10765,12645,8.683,1.175,9.160e-16,prime,0
1737,1,z:ilp,nat-oop,11007,12685,8.492,1.153,9.160e-16,prime,1
1738,1,z:ilp,nat-oop,10929,19518,8.559,1.786,1.035e-15,prime,0
1738,1,z:ilp,nat-oop,10938,19493,8.551,1.782,1.035e-15,prime,1
1739,1,z:ilp,nat-oop,6051,20539,15.467,3.394,1.933e-15,flat,0
1739,1,z:ilp,nat-oop,5672,20581,16.500,3.628,1.933e-15,flat,1
1740,1,z:ilp,nat-oop,3960,6694,23.653,1.691,7.948e-16,flat,0
1740,1,z:ilp,nat-oop,3374,6694,27.759,1.984,7.948e-16,flat,1
1741,1,z:ilp,nat-oop,11058,12592,8.475,1.139,8.402e-16,prime,0
1741,1,z:ilp,nat-oop,10780,12717,8.693,1.180,8.402e-16,prime,1
1742,1,z:ilp,nat-oop,10769,16431,8.708,1.526,7.036e-16,prime,0
1742,1,z:ilp,nat-oop,10907,16443,8.598,1.508,7.036e-16,prime,1
1743,1,z:ilp,nat-oop,10687,26926,8.781,2.520,6.114e-16,prime,0
1743,1,z:ilp,nat-oop,10978,26921,8.548,2.452,6.114e-16,prime,1
1744,1,z:ilp,nat-oop,10737,27240,8.745,2.537,8.041e-16,prime,0
1744,1,z:ilp,nat-oop,10753,27242,8.733,2.534,8.041e-16,prime,1
1745,1,z:ilp,nat-oop,10727,12766,8.759,1.190,8.573e-16,prime,0
1745,1,z:ilp,nat-oop,10704,12688,8.778,1.185,8.573e-16,prime,1
1746,1,z:ilp,nat-oop,10922,24864,8.608,2.277,7.407e-16,prime,0
1746,1,z:ilp,nat-oop,10706,24801,8.782,2.317,7.407e-16,prime,1
1747,1,z:ilp,nat-oop,10984,12540,8.565,1.142,9.171e-16,prime,0
1747,1,z:ilp,nat-oop,11069,12635,8.500,1.141,9.171e-16,prime,1
1748,1,z:ilp,nat-oop,3333,7626,28.245,2.288,4.854e-16,chain3,0
1748,1,z:ilp,nat-oop,3739,7615,25.177,2.037,4.854e-16,chain3,1
1749,1,z:ilp,nat-oop,10924,15555,8.624,1.424,7.134e-16,prime,0
1749,1,z:ilp,nat-oop,10678,15576,8.823,1.459,7.134e-16,prime,1
1750,1,z:ilp,nat-oop,3236,2849,29.129,0.880,6.135e-16,chain3,0
1750,1,z:ilp,nat-oop,3235,2851,29.135,0.881,6.135e-16,chain3,1
1751,1,z:ilp,nat-oop,10772,12480,8.757,1.159,8.449e-16,prime,0
1751,1,z:ilp,nat-oop,10769,12655,8.759,1.175,8.449e-16,prime,1
1752,1,z:ilp,nat-oop,10733,17614,8.794,1.641,7.716e-16,prime,0
1752,1,z:ilp,nat-oop,10796,17608,8.742,1.631,7.716e-16,prime,1
1753,1,z:ilp,nat-oop,10996,12608,8.589,1.147,6.060e-16,prime,0
1753,1,z:ilp,nat-oop,10929,12740,8.642,1.166,6.060e-16,prime,1
1754,1,z:ilp,nat-oop,10715,12674,8.820,1.183,7.582e-16,prime,0
1754,1,z:ilp,nat-oop,10677,12673,8.851,1.187,7.582e-16,prime,1
1755,1,z:ilp,nat-oop,2753,3258,34.354,1.184,1.072e-15,chain3,0
1755,1,z:ilp,nat-oop,2831,3267,33.405,1.154,1.072e-15,chain3,1
1756,1,z:ilp,nat-oop,10713,12615,8.834,1.178,6.209e-16,prime,0
1756,1,z:ilp,nat-oop,10938,12563,8.652,1.149,6.209e-16,prime,1
1757,1,z:ilp,nat-oop,10917,12704,8.674,1.164,9.806e-16,prime,0
1757,1,z:ilp,nat-oop,10856,12668,8.722,1.167,9.806e-16,prime,1
1758,1,z:ilp,nat-oop,10889,12668,8.702,1.163,8.086e-16,prime,0
1758,1,z:ilp,nat-oop,10883,12708,8.706,1.168,8.086e-16,prime,1
1759,1,z:ilp,nat-oop,10905,12545,8.695,1.150,9.206e-16,prime,0
1759,1,z:ilp,nat-oop,10940,12566,8.667,1.149,9.206e-16,prime,1
1760,1,z:ilp,nat-oop,1989,2850,47.699,1.433,4.683e-16,chain3,0
1760,1,z:ilp,nat-oop,1991,2834,47.661,1.424,4.683e-16,chain3,1
1761,1,z:ilp,nat-oop,10887,12623,8.721,1.159,1.257e-15,prime,0
1761,1,z:ilp,nat-oop,10706,12625,8.868,1.179,1.257e-15,prime,1
1762,1,z:ilp,nat-oop,10948,12669,8.677,1.157,9.924e-16,prime,0
1762,1,z:ilp,nat-oop,10933,12671,8.689,1.159,9.924e-16,prime,1
1763,1,z:ilp,nat-oop,6771,21106,14.040,3.117,6.587e-16,2p,0
1763,1,z:ilp,nat-oop,6846,21057,13.885,3.076,6.587e-16,2p,1
1764,1,z:ilp,nat-oop,2246,2936,42.345,1.307,7.258e-16,chain3,0
1764,1,z:ilp,nat-oop,2230,2925,42.662,1.312,7.258e-16,chain3,1
1765,1,z:ilp,nat-oop,10661,12733,8.928,1.194,7.848e-16,prime,0
1765,1,z:ilp,nat-oop,10671,12723,8.920,1.192,7.848e-16,prime,1
1766,1,z:ilp,nat-oop,10929,12636,8.715,1.156,8.736e-16,prime,0
1766,1,z:ilp,nat-oop,12941,12649,7.360,0.977,8.736e-16,prime,1
1767,1,z:ilp,nat-oop,4533,11090,21.023,2.446,4.849e-16,chain3,0
1767,1,z:ilp,nat-oop,5530,11122,17.235,2.011,4.849e-16,chain3,1
1768,1,z:ilp,nat-oop,2548,4802,37.433,1.885,1.045e-15,chain3,0
1768,1,z:ilp,nat-oop,2564,4817,37.197,1.879,1.045e-15,chain3,1
1769,1,z:ilp,nat-oop,10729,23948,8.894,2.232,1.074e-15,prime,0
1769,1,z:ilp,nat-oop,10755,23952,8.873,2.227,1.074e-15,prime,1
1770,1,z:ilp,nat-oop,10732,13761,8.897,1.282,6.012e-16,prime,0
1770,1,z:ilp,nat-oop,10950,13761,8.720,1.257,6.012e-16,prime,1
1771,1,z:ilp,nat-oop,3907,6273,24.456,1.606,9.612e-16,flat,0
1771,1,z:ilp,nat-oop,4108,6284,23.259,1.530,9.612e-16,flat,1
1772,1,z:ilp,nat-oop,10740,12542,8.902,1.168,7.641e-16,prime,0
1772,1,z:ilp,nat-oop,11021,12597,8.675,1.143,7.641e-16,prime,1
1773,1,z:ilp,nat-oop,10756,12682,8.895,1.179,9.048e-16,prime,0
1773,1,z:ilp,nat-oop,10946,12622,8.740,1.153,9.048e-16,prime,1
1774,1,z:ilp,nat-oop,10949,12717,8.743,1.161,8.287e-16,prime,0
1774,1,z:ilp,nat-oop,10692,12771,8.953,1.194,8.287e-16,prime,1
1775,1,z:ilp,nat-oop,11034,22236,8.681,2.015,6.979e-16,prime,0
1775,1,z:ilp,nat-oop,10801,22222,8.869,2.057,6.979e-16,prime,1
1776,1,z:ilp,nat-oop,3332,8209,28.769,2.464,5.564e-16,chain3,0
1776,1,z:ilp,nat-oop,3263,8195,29.375,2.511,5.564e-16,chain3,1
1777,1,z:ilp,nat-oop,10985,12640,8.732,1.151,1.173e-15,prime,0
1777,1,z:ilp,nat-oop,10985,12650,8.731,1.152,1.173e-15,prime,1
1778,1,z:ilp,nat-oop,10893,33720,8.811,3.096,8.056e-16,prime,0
1778,1,z:ilp,nat-oop,10936,33669,8.776,3.079,8.056e-16,prime,1
1779,1,z:ilp,nat-oop,10722,12548,8.957,1.170,6.052e-16,prime,0
1779,1,z:ilp,nat-oop,10997,12619,8.733,1.147,6.052e-16,prime,1
1780,1,z:ilp,nat-oop,10701,22548,8.980,2.107,6.363e-16,prime,0
1780,1,z:ilp,nat-oop,10648,22539,9.025,2.117,6.363e-16,prime,1
1781,1,z:ilp,nat-oop,10735,12683,8.958,1.182,7.414e-16,prime,0
1781,1,z:ilp,nat-oop,10760,12780,8.937,1.188,7.414e-16,prime,1
1782,1,z:ilp,nat-oop,2952,3050,32.592,1.033,7.454e-16,chain3,0
1782,1,z:ilp,nat-oop,3231,3045,29.776,0.942,7.454e-16,chain3,1
1783,1,z:ilp,nat-oop,10936,12625,8.804,1.154,7.188e-16,prime,0
1783,1,z:ilp,nat-oop,10944,12550,8.798,1.147,7.188e-16,prime,1
1784,1,z:ilp,nat-oop,10750,12630,8.962,1.175,1.121e-15,prime,0
1784,1,z:ilp,nat-oop,11011,12588,8.750,1.143,1.121e-15,prime,1
1785,1,z:ilp,nat-oop,3034,5341,31.777,1.761,1.011e-15,chain3,0
1785,1,z:ilp,nat-oop,3003,5345,32.101,1.780,1.011e-15,chain3,1
1786,1,z:ilp,nat-oop,6195,13089,15.571,2.113,1.200e-15,flat,0
1786,1,z:ilp,nat-oop,6531,13096,14.770,2.005,1.200e-15,flat,1
1787,1,z:ilp,nat-oop,10888,12634,8.866,1.160,8.466e-16,prime,0
1787,1,z:ilp,nat-oop,10994,12644,8.780,1.150,8.466e-16,prime,1
1788,1,z:ilp,nat-oop,10864,40069,8.891,3.688,9.656e-16,prime,0
1788,1,z:ilp,nat-oop,10653,40092,9.067,3.764,9.656e-16,prime,1
1789,1,z:ilp,nat-oop,10964,12675,8.815,1.156,9.685e-16,prime,0
1789,1,z:ilp,nat-oop,10958,12800,8.820,1.168,9.685e-16,prime,1
1790,1,z:ilp,nat-oop,10897,12682,8.875,1.164,9.973e-16,prime,0
1790,1,z:ilp,nat-oop,10888,12684,8.882,1.165,9.973e-16,prime,1
1791,1,z:ilp,nat-oop,10829,12576,8.936,1.161,7.774e-16,prime,0
1791,1,z:ilp,nat-oop,11088,12697,8.728,1.145,7.774e-16,prime,1
1792,1,z:ilp,nat-oop,2039,2441,47.493,1.197,4.375e-16,chain3,0
1792,1,z:ilp,nat-oop,2035,2443,47.585,1.201,4.375e-16,chain3,1
1793,1,z:ilp,nat-oop,11001,12702,8.808,1.155,5.579e-16,prime,0
1793,1,z:ilp,nat-oop,10975,12705,8.829,1.158,5.579e-16,prime,1
1794,1,z:ilp,nat-oop,3811,5934,25.443,1.557,7.323e-16,chain3,0
1794,1,z:ilp,nat-oop,4227,5930,22.936,1.403,7.323e-16,chain3,1
1795,1,z:ilp,nat-oop,10971,12539,8.843,1.143,9.165e-16,prime,0
1795,1,z:ilp,nat-oop,10943,12551,8.866,1.147,9.165e-16,prime,1
1796,1,z:ilp,nat-oop,10734,12612,9.044,1.175,9.375e-16,prime,0
1796,1,z:ilp,nat-oop,10889,12609,8.915,1.158,9.375e-16,prime,1
1797,1,z:ilp,nat-oop,10741,12723,9.044,1.184,8.133e-16,prime,0
1797,1,z:ilp,nat-oop,10717,12785,9.064,1.193,8.133e-16,prime,1
1798,1,z:ilp,nat-oop,7224,11079,13.456,1.534,2.011e-15,flat,0
1798,1,z:ilp,nat-oop,7701,11051,12.623,1.435,2.011e-15,flat,1
1799,1,z:ilp,nat-oop,10963,12592,8.872,1.149,8.943e-16,prime,0
1799,1,z:ilp,nat-oop,10990,12570,8.850,1.144,8.943e-16,prime,1
1800,1,z:ilp,nat-oop,2030,2950,47.941,1.453,5.263e-16,chain3,0
1800,1,z:ilp,nat-oop,2325,2942,41.861,1.265,5.263e-16,chain3,1
1801,1,z:ilp,nat-oop,10777,12666,9.037,1.175,8.024e-16,prime,0
1801,1,z:ilp,nat-oop,10929,12706,8.911,1.163,8.024e-16,prime,1
1802,1,z:ilp,nat-oop,10793,14506,9.029,1.344,7.726e-16,prime,0
1802,1,z:ilp,nat-oop,10942,14508,8.906,1.326,7.726e-16,prime,1
1803,1,z:ilp,nat-oop,10978,12711,8.882,1.158,8.959e-16,prime,0
1803,1,z:ilp,nat-oop,10991,12665,8.871,1.152,8.959e-16,prime,1
1804,1,z:ilp,nat-oop,3859,9420,25.280,2.441,5.996e-16,chain3,0
1804,1,z:ilp,nat-oop,3837,9405,25.426,2.451,5.996e-16,chain3,1
1805,1,z:ilp,nat-oop,3878,8442,25.175,2.177,1.338e-15,flat,0
1805,1,z:ilp,nat-oop,3944,8460,24.757,2.145,1.338e-15,flat,1
1806,1,z:ilp,nat-oop,8831,9906,11.062,1.122,6.774e-16,chain3,0
1806,1,z:ilp,nat-oop,8154,9928,11.981,1.218,6.774e-16,chain3,1
1807,1,z:ilp,nat-oop,11007,12632,8.881,1.148,9.445e-16,prime,0
1807,1,z:ilp,nat-oop,10993,12572,8.892,1.144,9.445e-16,prime,1
1808,1,z:ilp,nat-oop,10915,29434,8.961,2.697,9.669e-16,prime,0
1808,1,z:ilp,nat-oop,10962,29374,8.923,2.680,9.669e-16,prime,1
1809,1,z:ilp,nat-oop,10998,21353,8.899,1.942,7.262e-16,prime,0
1809,1,z:ilp,nat-oop,10993,21355,8.904,1.943,7.262e-16,prime,1
1810,1,z:ilp,nat-oop,10738,12771,9.121,1.189,6.102e-16,prime,0
1810,1,z:ilp,nat-oop,10738,12812,9.120,1.193,6.102e-16,prime,1
1811,1,z:ilp,nat-oop,10739,12636,9.126,1.177,6.965e-16,prime,0
1811,1,z:ilp,nat-oop,10774,12614,9.096,1.171,6.965e-16,prime,1
1812,1,z:ilp,nat-oop,11059,12668,8.867,1.145,8.146e-16,prime,0
1812,1,z:ilp,nat-oop,10797,12728,9.082,1.179,8.146e-16,prime,1
1813,1,z:ilp,nat-oop,4855,10277,20.211,2.117,6.624e-16,chain3,0
1813,1,z:ilp,nat-oop,4813,10277,20.386,2.135,6.624e-16,chain3,1
1814,1,z:ilp,nat-oop,10946,12701,8.969,1.160,8.705e-16,prime,0
1814,1,z:ilp,nat-oop,10730,12685,9.150,1.182,8.705e-16,prime,1
1815,1,z:ilp,nat-oop,2779,3260,35.346,1.173,6.085e-16,chain3,0
1815,1,z:ilp,nat-oop,2821,3230,34.824,1.145,6.085e-16,chain3,1
1816,1,z:ilp,nat-oop,11029,12633,8.913,1.145,7.920e-16,prime,0
1816,1,z:ilp,nat-oop,10758,12654,9.138,1.176,7.920e-16,prime,1
1817,1,z:ilp,nat-oop,10740,29756,9.159,2.771,7.922e-16,prime,0
1817,1,z:ilp,nat-oop,10713,29758,9.182,2.778,7.922e-16,prime,1
1818,1,z:ilp,nat-oop,10994,27271,8.953,2.480,6.989e-16,prime,0
1818,1,z:ilp,nat-oop,10738,27321,9.166,2.544,6.989e-16,prime,1
1819,1,z:ilp,nat-oop,10768,12650,9.147,1.175,8.442e-16,prime,0
1819,1,z:ilp,nat-oop,10909,12545,9.028,1.150,8.442e-16,prime,1
1820,1,z:ilp,nat-oop,2617,3085,37.652,1.179,8.081e-16,flat,0
1820,1,z:ilp,nat-oop,2580,3081,38.193,1.194,8.081e-16,flat,1
1821,1,z:ilp,nat-oop,10727,12780,9.193,1.191,1.032e-15,prime,0
1821,1,z:ilp,nat-oop,10971,12675,8.989,1.155,1.032e-15,prime,1
1822,1,z:ilp,nat-oop,10763,12940,9.168,1.202,8.664e-16,prime,0
1822,1,z:ilp,nat-oop,10968,12832,8.997,1.170,8.664e-16,prime,1
1823,1,z:ilp,nat-oop,10799,12572,9.143,1.164,7.408e-16,prime,0
1823,1,z:ilp,nat-oop,11093,12666,8.901,1.142,7.408e-16,prime,1
1824,1,z:ilp,nat-oop,2418,5185,40.857,2.144,5.006e-16,chain3,0
1824,1,z:ilp,nat-oop,2393,5180,41.292,2.165,5.006e-16,chain3,1
1825,1,z:ilp,nat-oop,11007,23857,8.981,2.167,7.370e-16,prime,0
1825,1,z:ilp,nat-oop,10989,23849,8.996,2.170,7.370e-16,prime,1
1826,1,z:ilp,nat-oop,10710,21592,9.236,2.016,8.329e-16,prime,0
1826,1,z:ilp,nat-oop,10723,21562,9.225,2.011,8.329e-16,prime,1
1827,1,z:ilp,nat-oop,4500,8208,21.996,1.824,6.740e-16,flat,0
1827,1,z:ilp,nat-oop,4465,8207,22.167,1.838,6.740e-16,flat,1
1828,1,z:ilp,nat-oop,10812,12647,9.160,1.170,6.824e-16,prime,0
1828,1,z:ilp,nat-oop,10751,12633,9.212,1.175,6.824e-16,prime,1
1829,1,z:ilp,nat-oop,10722,24176,9.243,2.255,7.737e-16,prime,0
1829,1,z:ilp,nat-oop,10981,24185,9.025,2.202,7.737e-16,prime,1
1830,1,z:ilp,nat-oop,10959,14916,9.049,1.361,7.494e-16,prime,0
1830,1,z:ilp,nat-oop,11011,14925,9.006,1.355,7.494e-16,prime,1
1831,1,z:ilp,nat-oop,10978,12608,9.039,1.148,6.737e-16,prime,0
1831,1,z:ilp,nat-oop,10961,12735,9.053,1.162,6.737e-16,prime,1
1832,1,z:ilp,nat-oop,10892,12667,9.116,1.163,8.683e-16,prime,0
1832,1,z:ilp,nat-oop,10921,12645,9.091,1.158,8.683e-16,prime,1
1833,1,z:ilp,nat-oop,5103,13999,19.468,2.743,8.615e-16,flat,0
1833,1,z:ilp,nat-oop,5072,14011,19.589,2.763,8.615e-16,flat,1
1834,1,z:ilp,nat-oop,10756,35946,9.242,3.342,8.098e-16,prime,0
1834,1,z:ilp,nat-oop,10811,35953,9.195,3.325,8.098e-16,prime,1
1835,1,z:ilp,nat-oop,10841,12669,9.176,1.169,8.617e-16,prime,0
1835,1,z:ilp,nat-oop,10843,12649,9.174,1.167,8.617e-16,prime,1
1836,1,z:ilp,nat-oop,2421,5055,41.111,2.088,7.127e-16,chain3,0
1836,1,z:ilp,nat-oop,2431,5046,40.940,2.075,7.127e-16,chain3,1
1837,1,z:ilp,nat-oop,10933,12705,9.109,1.162,8.052e-16,prime,0
1837,1,z:ilp,nat-oop,10998,12810,9.056,1.165,8.052e-16,prime,1
1838,1,z:ilp,nat-oop,10757,12753,9.265,1.186,8.061e-16,prime,0
1838,1,z:ilp,nat-oop,10746,12821,9.274,1.193,8.061e-16,prime,1
1839,1,z:ilp,nat-oop,10970,12626,9.090,1.151,8.511e-16,prime,0
1839,1,z:ilp,nat-oop,10901,12605,9.148,1.156,8.511e-16,prime,1
1840,1,z:ilp,nat-oop,2832,5721,35.227,2.020,5.018e-16,chain3,0
1840,1,z:ilp,nat-oop,2794,5735,35.709,2.052,5.018e-16,chain3,1
1841,1,z:ilp,nat-oop,10749,12742,9.289,1.185,1.067e-15,prime,0
1841,1,z:ilp,nat-oop,10974,12700,9.098,1.157,1.067e-15,prime,1
1842,1,z:ilp,nat-oop,10955,12781,9.120,1.167,7.588e-16,prime,0
1842,1,z:ilp,nat-oop,11007,12701,9.076,1.154,7.588e-16,prime,1
1843,1,z:ilp,nat-oop,10749,12616,9.300,1.174,8.295e-16,prime,0
1843,1,z:ilp,nat-oop,10829,12747,9.231,1.177,8.295e-16,prime,1
1844,1,z:ilp,nat-oop,10944,12646,9.139,1.155,9.205e-16,prime,0
1844,1,z:ilp,nat-oop,10912,12738,9.166,1.167,9.205e-16,prime,1
1845,1,z:ilp,nat-oop,4857,12210,20.605,2.514,5.719e-16,chain3,0
1845,1,z:ilp,nat-oop,4673,12185,21.416,2.607,5.719e-16,chain3,1
1846,1,z:ilp,nat-oop,10991,18564,9.112,1.689,9.170e-16,prime,0
1846,1,z:ilp,nat-oop,11015,18551,9.092,1.684,9.170e-16,prime,1
1847,1,z:ilp,nat-oop,10846,12644,9.239,1.166,7.751e-16,prime,0
1847,1,z:ilp,nat-oop,11126,12704,9.007,1.142,7.751e-16,prime,1
1848,1,z:ilp,nat-oop,3183,3035,31.502,0.953,9.105e-16,flat,0
1848,1,z:ilp,nat-oop,3299,3029,30.395,0.918,9.105e-16,flat,1
1849,1,z:ilp,nat-oop,5885,22627,17.049,3.845,1.570e-15,flat,0
1849,1,z:ilp,nat-oop,6129,22631,16.369,3.692,1.570e-15,flat,1
1850,1,z:ilp,nat-oop,3908,8707,25.692,2.228,6.301e-16,chain3,0
1850,1,z:ilp,nat-oop,3864,8703,25.984,2.253,6.301e-16,chain3,1
1851,1,z:ilp,nat-oop,10962,12584,9.164,1.148,7.942e-16,prime,0
1851,1,z:ilp,nat-oop,11020,12619,9.115,1.145,7.942e-16,prime,1
1852,1,z:ilp,nat-oop,10833,12688,9.279,1.171,1.032e-15,prime,0
1852,1,z:ilp,nat-oop,10843,12593,9.270,1.161,1.032e-15,prime,1
1853,1,z:ilp,nat-oop,10936,12720,9.197,1.163,8.728e-16,prime,0
1853,1,z:ilp,nat-oop,10963,12798,9.174,1.167,8.728e-16,prime,1
1854,1,z:ilp,nat-oop,10915,27812,9.220,2.548,8.146e-16,prime,0
1854,1,z:ilp,nat-oop,11011,27771,9.140,2.522,8.146e-16,prime,1
1855,1,z:ilp,nat-oop,10927,16523,9.216,1.512,6.732e-16,prime,0
1855,1,z:ilp,nat-oop,10975,16525,9.176,1.506,6.732e-16,prime,1
1856,1,z:ilp,nat-oop,2849,6759,35.366,2.372,4.438e-16,2p,0
1856,1,z:ilp,nat-oop,2839,6750,35.496,2.378,4.438e-16,2p,1
1857,1,z:ilp,nat-oop,10967,12735,9.193,1.161,9.295e-16,prime,0
1857,1,z:ilp,nat-oop,10778,12739,9.355,1.182,9.295e-16,prime,1
1858,1,z:ilp,nat-oop,11021,12771,9.154,1.159,7.081e-16,prime,0
1858,1,z:ilp,nat-oop,11011,12768,9.162,1.160,7.081e-16,prime,1
1859,1,z:ilp,nat-oop,3033,3311,33.278,1.091,8.530e-16,chain3,0
1859,1,z:ilp,nat-oop,3064,3311,32.947,1.080,8.530e-16,chain3,1
1860,1,z:ilp,nat-oop,3343,7481,30.215,2.238,8.918e-16,chain3,0
1860,1,z:ilp,nat-oop,4311,7478,23.430,1.735,8.918e-16,chain3,1
1861,1,z:ilp,nat-oop,11026,12715,9.167,1.153,9.499e-16,prime,0
1861,1,z:ilp,nat-oop,10777,12717,9.378,1.180,9.499e-16,prime,1
1862,1,z:ilp,nat-oop,4081,5691,24.784,1.395,7.043e-16,flat,0
1862,1,z:ilp,nat-oop,4441,5692,22.774,1.282,7.043e-16,flat,1
1863,1,z:ilp,nat-oop,3713,6940,27.255,1.869,7.978e-16,chain3,0
1863,1,z:ilp,nat-oop,4156,6927,24.347,1.667,7.978e-16,chain3,1
1864,1,z:ilp,nat-oop,10916,12692,9.275,1.163,8.560e-16,prime,0
1864,1,z:ilp,nat-oop,10960,12691,9.239,1.158,8.560e-16,prime,1
1865,1,z:ilp,nat-oop,11018,12740,9.195,1.156,7.237e-16,prime,0
1865,1,z:ilp,nat-oop,11003,12690,9.208,1.153,7.237e-16,prime,1
1866,1,z:ilp,nat-oop,11083,12781,9.147,1.153,8.285e-16,prime,0
1866,1,z:ilp,nat-oop,10793,12821,9.393,1.188,8.285e-16,prime,1
1867,1,z:ilp,nat-oop,11008,12577,9.215,1.143,9.438e-16,prime,0
1867,1,z:ilp,nat-oop,10980,12618,9.239,1.149,9.438e-16,prime,1
1868,1,z:ilp,nat-oop,11061,12701,9.176,1.148,8.767e-16,prime,0
1868,1,z:ilp,nat-oop,10817,13089,9.383,1.210,8.767e-16,prime,1
1869,1,z:ilp,nat-oop,11041,32618,9.198,2.954,6.955e-16,prime,0
1869,1,z:ilp,nat-oop,11011,32630,9.224,2.963,6.955e-16,prime,1
1870,1,z:ilp,nat-oop,2586,5641,39.297,2.181,5.037e-16,chain3,0
1870,1,z:ilp,nat-oop,2692,5644,37.744,2.096,5.037e-16,chain3,1
1871,1,z:ilp,nat-oop,10802,12711,9.413,1.177,8.001e-16,prime,0
1871,1,z:ilp,nat-oop,10804,12581,9.412,1.165,8.001e-16,prime,1
1872,1,z:ilp,nat-oop,2219,2937,45.848,1.323,7.967e-16,chain3,0
1872,1,z:ilp,nat-oop,2246,2925,45.303,1.302,7.967e-16,chain3,1
1873,1,z:ilp,nat-oop,8026,12812,12.684,1.596,1.217e-15,prime,0
1873,1,z:ilp,nat-oop,7961,12768,12.789,1.604,1.217e-15,prime,1
1874,1,z:ilp,nat-oop,11014,12826,9.249,1.165,8.123e-16,prime,0
1874,1,z:ilp,nat-oop,10973,12790,9.284,1.166,8.123e-16,prime,1
1875,1,z:ilp,nat-oop,3408,3375,29.914,0.991,6.732e-16,flat,0
1875,1,z:ilp,nat-oop,3482,3381,29.274,0.971,6.732e-16,flat,1
1876,1,z:ilp,nat-oop,10814,17025,9.431,1.574,7.375e-16,prime,0
1876,1,z:ilp,nat-oop,10781,17017,9.461,1.578,7.375e-16,prime,1
1877,1,z:ilp,nat-oop,11180,12718,9.129,1.138,8.321e-16,prime,0
1877,1,z:ilp,nat-oop,11201,12713,9.111,1.135,8.321e-16,prime,1
1878,1,z:ilp,nat-oop,10775,12736,9.477,1.182,1.099e-15,prime,0
1878,1,z:ilp,nat-oop,10787,12796,9.467,1.186,1.099e-15,prime,1
1879,1,z:ilp,nat-oop,10944,12617,9.337,1.153,8.675e-16,prime,0
1879,1,z:ilp,nat-oop,10940,12693,9.340,1.160,8.675e-16,prime,1
1880,1,z:ilp,nat-oop,4294,11519,23.808,2.682,6.458e-16,flat,0
1880,1,z:ilp,nat-oop,4530,11533,22.568,2.546,6.458e-16,flat,1
1881,1,z:ilp,nat-oop,3326,5929,30.755,1.783,7.621e-16,chain3,0
1881,1,z:ilp,nat-oop,3342,5931,30.615,1.775,7.621e-16,chain3,1
1882,1,z:ilp,nat-oop,11079,12887,9.239,1.163,1.033e-15,prime,0
1882,1,z:ilp,nat-oop,11071,12944,9.246,1.169,1.033e-15,prime,1
1883,1,z:ilp,nat-oop,10994,12628,9.317,1.149,7.838e-16,prime,0
1883,1,z:ilp,nat-oop,10998,12623,9.313,1.148,7.838e-16,prime,1
1884,1,z:ilp,nat-oop,10820,12837,9.472,1.186,8.102e-16,prime,0
1884,1,z:ilp,nat-oop,10867,12625,9.431,1.162,8.102e-16,prime,1
1885,1,z:ilp,nat-oop,4460,8451,22.993,1.895,7.320e-16,chain3,0
1885,1,z:ilp,nat-oop,4476,8439,22.909,1.885,7.320e-16,chain3,1
1886,1,z:ilp,nat-oop,7605,12726,13.492,1.673,1.570e-15,flat,0
1886,1,z:ilp,nat-oop,6636,12705,15.462,1.914,1.570e-15,flat,1
1887,1,z:ilp,nat-oop,5059,13353,20.296,2.640,7.776e-16,chain3,0
1887,1,z:ilp,nat-oop,4608,13378,22.281,2.903,7.776e-16,chain3,1
1888,1,z:ilp,nat-oop,10979,14677,9.357,1.337,5.801e-16,prime,0
1888,1,z:ilp,nat-oop,11030,14686,9.314,1.331,5.801e-16,prime,1
1889,1,z:ilp,nat-oop,11000,12738,9.345,1.158,1.071e-15,prime,0
1889,1,z:ilp,nat-oop,10820,12863,9.500,1.189,1.071e-15,prime,1
1890,1,z:ilp,nat-oop,2697,2967,38.131,1.100,7.319e-16,chain3,0
1890,1,z:ilp,nat-oop,2789,2971,36.881,1.065,7.319e-16,chain3,1
1891,1,z:ilp,nat-oop,11034,26477,9.327,2.400,1.112e-15,prime,0
1891,1,z:ilp,nat-oop,11039,26140,9.323,2.368,1.112e-15,prime,1
1892,1,z:ilp,nat-oop,4119,10457,24.998,2.538,4.787e-16,chain3,0
1892,1,z:ilp,nat-oop,4107,10294,25.073,2.506,4.787e-16,chain3,1
1893,1,z:ilp,nat-oop,11001,12718,9.366,1.156,7.806e-16,prime,0
1893,1,z:ilp,nat-oop,11019,12727,9.352,1.155,7.806e-16,prime,1
1894,1,z:ilp,nat-oop,11013,12808,9.361,1.163,8.524e-16,prime,0
1894,1,z:ilp,nat-oop,10762,12835,9.580,1.193,8.524e-16,prime,1
1895,1,z:ilp,nat-oop,10794,12643,9.557,1.171,9.322e-16,prime,0
1895,1,z:ilp,nat-oop,11013,12807,9.368,1.163,9.322e-16,prime,1
1896,1,z:ilp,nat-oop,11127,20654,9.277,1.856,8.453e-16,prime,0
1896,1,z:ilp,nat-oop,11103,20643,9.297,1.859,8.453e-16,prime,1
1897,1,z:ilp,nat-oop,10775,12741,9.586,1.183,7.390e-16,prime,0
1897,1,z:ilp,nat-oop,10789,12747,9.573,1.181,7.390e-16,prime,1
1898,1,z:ilp,nat-oop,11054,19892,9.350,1.800,7.444e-16,prime,0
1898,1,z:ilp,nat-oop,11032,19815,9.368,1.796,7.444e-16,prime,1
1899,1,z:ilp,nat-oop,11043,12686,9.365,1.149,9.160e-16,prime,0
1899,1,z:ilp,nat-oop,11072,12638,9.340,1.141,9.160e-16,prime,1
1900,1,z:ilp,nat-oop,3532,5396,29.294,1.528,6.291e-16,flat,0
1900,1,z:ilp,nat-oop,3482,5382,29.718,1.546,6.291e-16,flat,1
1901,1,z:ilp,nat-oop,10965,12838,9.442,1.171,1.182e-15,prime,0
1901,1,z:ilp,nat-oop,10999,12714,9.413,1.156,1.182e-15,prime,1
1902,1,z:ilp,nat-oop,10765,12832,9.624,1.192,1.212e-15,prime,0
1902,1,z:ilp,nat-oop,10890,12757,9.513,1.172,1.212e-15,prime,1
1903,1,z:ilp,nat-oop,10948,12637,9.468,1.154,1.139e-15,prime,0
1903,1,z:ilp,nat-oop,10979,12636,9.441,1.151,1.139e-15,prime,1
1904,1,z:ilp,nat-oop,2441,4824,42.490,1.976,5.840e-16,chain3,0
1904,1,z:ilp,nat-oop,2430,4821,42.682,1.984,5.840e-16,chain3,1
1905,1,z:ilp,nat-oop,11024,12782,9.414,1.159,7.563e-16,prime,0
1905,1,z:ilp,nat-oop,11035,12770,9.405,1.157,7.563e-16,prime,1
1906,1,z:ilp,nat-oop,11027,12882,9.417,1.168,8.192e-16,prime,0
1906,1,z:ilp,nat-oop,11027,12820,9.417,1.163,8.192e-16,prime,1
1907,1,z:ilp,nat-oop,11041,12649,9.411,1.146,9.011e-16,prime,0
1907,1,z:ilp,nat-oop,11023,12680,9.426,1.150,9.011e-16,prime,1
1908,1,z:ilp,nat-oop,13097,13501,7.938,1.031,7.650e-16,prime,0
1908,1,z:ilp,nat-oop,11120,13457,9.349,1.210,7.650e-16,prime,1
1909,1,z:ilp,nat-oop,11111,33416,9.363,3.008,7.889e-16,prime,0
1909,1,z:ilp,nat-oop,11031,33441,9.430,3.031,7.889e-16,prime,1
1910,1,z:ilp,nat-oop,10786,12846,9.651,1.191,7.941e-16,prime,0
1910,1,z:ilp,nat-oop,10750,12839,9.683,1.194,7.941e-16,prime,1
1911,1,z:ilp,nat-oop,3109,3424,33.501,1.101,5.819e-16,chain3,0
1911,1,z:ilp,nat-oop,3118,3429,33.401,1.100,5.819e-16,chain3,1
1912,1,z:ilp,nat-oop,14965,12676,6.964,0.847,1.017e-15,prime,0
1912,1,z:ilp,nat-oop,10793,12728,9.655,1.179,1.017e-15,prime,1
1913,1,z:ilp,nat-oop,11045,12754,9.441,1.155,8.695e-16,prime,0
1913,1,z:ilp,nat-oop,11011,12743,9.470,1.157,8.695e-16,prime,1
1914,1,z:ilp,nat-oop,5342,7359,19.532,1.378,2.037e-15,flat,0
1914,1,z:ilp,nat-oop,6102,7365,17.099,1.207,2.037e-15,flat,1
1915,1,z:ilp,nat-oop,10945,12675,9.538,1.158,8.435e-16,prime,0
1915,1,z:ilp,nat-oop,11032,12630,9.463,1.145,8.435e-16,prime,1
1916,1,z:ilp,nat-oop,10800,12881,9.672,1.193,1.170e-15,prime,0
1916,1,z:ilp,nat-oop,11015,12658,9.483,1.149,1.170e-15,prime,1
1917,1,z:ilp,nat-oop,11084,24237,9.430,2.187,8.530e-16,prime,0
1917,1,z:ilp,nat-oop,10829,24269,9.652,2.241,8.530e-16,prime,1
1918,1,z:ilp,nat-oop,10817,39967,9.668,3.695,6.966e-16,prime,0
1918,1,z:ilp,nat-oop,10806,39996,9.678,3.701,6.966e-16,prime,1
1919,1,z:ilp,nat-oop,10834,12690,9.659,1.171,8.558e-16,prime,0
1919,1,z:ilp,nat-oop,10800,12723,9.689,1.178,8.558e-16,prime,1
1920,1,z:ilp,nat-oop,2074,3121,50.477,1.504,5.441e-16,chain3,0
1920,1,z:ilp,nat-oop,2078,3128,50.386,1.505,5.441e-16,chain3,1
1921,1,z:ilp,nat-oop,11040,12877,9.490,1.166,7.989e-16,prime,0
1921,1,z:ilp,nat-oop,11043,12798,9.488,1.159,7.989e-16,prime,1
1922,1,z:ilp,nat-oop,6244,12123,16.790,1.942,2.385e-15,flat,0
1922,1,z:ilp,nat-oop,6209,12133,16.884,1.954,2.385e-15,flat,1
1923,1,z:ilp,nat-oop,11015,12669,9.522,1.150,1.005e-15,prime,0
1923,1,z:ilp,nat-oop,11050,12753,9.492,1.154,1.005e-15,prime,1
1924,1,z:ilp,nat-oop,3995,9085,26.274,2.274,5.775e-16,chain3,0
1924,1,z:ilp,nat-oop,4048,9090,25.925,2.245,5.775e-16,chain3,1
1925,1,z:ilp,nat-oop,3218,3345,32.635,1.039,8.212e-16,flat,0
1925,1,z:ilp,nat-oop,3173,3335,33.098,1.051,8.212e-16,flat,1
1926,1,z:ilp,nat-oop,11055,29975,9.505,2.711,7.532e-16,prime,0
1926,1,z:ilp,nat-oop,10841,30135,9.693,2.780,7.532e-16,prime,1
1927,1,z:ilp,nat-oop,11003,24476,9.555,2.224,8.478e-16,prime,0
1927,1,z:ilp,nat-oop,10974,24471,9.581,2.230,8.478e-16,prime,1
1928,1,z:ilp,nat-oop,10995,12695,9.568,1.155,1.054e-15,prime,0
1928,1,z:ilp,nat-oop,10818,12767,9.725,1.180,1.054e-15,prime,1
1929,1,z:ilp,nat-oop,10995,12744,9.573,1.159,6.746e-16,prime,0
1929,1,z:ilp,nat-oop,11020,12861,9.552,1.167,6.746e-16,prime,1
1930,1,z:ilp,nat-oop,11015,12859,9.561,1.167,8.144e-16,prime,0
1930,1,z:ilp,nat-oop,10816,12756,9.738,1.179,8.144e-16,prime,1
1931,1,z:ilp,nat-oop,10785,12702,9.772,1.178,8.584e-16,prime,0
1931,1,z:ilp,nat-oop,10798,12775,9.760,1.183,8.584e-16,prime,1
1932,1,z:ilp,nat-oop,3428,6459,30.765,1.884,1.108e-15,flat,0
1932,1,z:ilp,nat-oop,3740,6468,28.194,1.729,1.108e-15,flat,1
1933,1,z:ilp,nat-oop,10814,12883,9.757,1.191,9.598e-16,prime,0
1933,1,z:ilp,nat-oop,10808,12751,9.763,1.180,9.598e-16,prime,1
1934,1,z:ilp,nat-oop,10808,12734,9.768,1.178,8.907e-16,prime,0
1934,1,z:ilp,nat-oop,10789,12855,9.785,1.192,8.907e-16,prime,1
1935,1,z:ilp,nat-oop,4675,13399,22.595,2.866,6.194e-16,flat,0
1935,1,z:ilp,nat-oop,4484,13377,23.558,2.983,6.194e-16,flat,1
1936,1,z:ilp,nat-oop,2297,3019,46.020,1.314,6.498e-16,chain3,0
1936,1,z:ilp,nat-oop,2285,3000,46.256,1.313,6.498e-16,chain3,1
1937,1,z:ilp,nat-oop,10805,12834,9.788,1.188,8.739e-16,prime,0
1937,1,z:ilp,nat-oop,10819,12767,9.775,1.180,8.739e-16,prime,1
1938,1,z:ilp,nat-oop,3253,7315,32.531,2.249,8.754e-16,chain3,0
1938,1,z:ilp,nat-oop,3274,7315,32.325,2.235,8.754e-16,chain3,1
1939,1,z:ilp,nat-oop,11049,12827,9.582,1.161,7.998e-16,prime,0
1939,1,z:ilp,nat-oop,11127,12730,9.516,1.144,7.998e-16,prime,1
1940,1,z:ilp,nat-oop,11063,27291,9.576,2.467,9.666e-16,prime,0
1940,1,z:ilp,nat-oop,11044,27341,9.592,2.476,9.666e-16,prime,1
1941,1,z:ilp,nat-oop,10834,12759,9.785,1.178,7.704e-16,prime,0
1941,1,z:ilp,nat-oop,11044,12847,9.598,1.163,7.704e-16,prime,1
1942,1,z:ilp,nat-oop,10841,12820,9.784,1.183,9.655e-16,prime,0
1942,1,z:ilp,nat-oop,11065,12777,9.586,1.155,9.655e-16,prime,1
1943,1,z:ilp,nat-oop,11057,28522,9.599,2.580,8.339e-16,prime,0
1943,1,z:ilp,nat-oop,11068,28519,9.588,2.577,8.339e-16,prime,1
1944,1,z:ilp,nat-oop,2848,3434,37.281,1.205,6.793e-16,chain3,0
1944,1,z:ilp,nat-oop,2719,3419,39.052,1.257,6.793e-16,chain3,1
1945,1,z:ilp,nat-oop,11083,12744,9.587,1.150,8.227e-16,prime,0
1945,1,z:ilp,nat-oop,11058,12920,9.609,1.168,8.227e-16,prime,1
1946,1,z:ilp,nat-oop,10823,40527,9.823,3.745,9.090e-16,prime,0
1946,1,z:ilp,nat-oop,10807,40439,9.837,3.742,9.090e-16,prime,1
1947,1,z:ilp,nat-oop,10900,19449,9.760,1.784,8.678e-16,prime,0
1947,1,z:ilp,nat-oop,10880,19471,9.777,1.790,8.678e-16,prime,1
1948,1,z:ilp,nat-oop,10865,12740,9.796,1.173,8.792e-16,prime,0
1948,1,z:ilp,nat-oop,11100,12741,9.589,1.148,8.792e-16,prime,1
1949,1,z:ilp,nat-oop,11039,12780,9.647,1.158,8.355e-16,prime,0
1949,1,z:ilp,nat-oop,11074,12753,9.617,1.152,8.355e-16,prime,1
1950,1,z:ilp,nat-oop,3107,3163,34.293,1.018,6.484e-16,chain3,0
1950,1,z:ilp,nat-oop,3141,3170,33.929,1.009,6.484e-16,chain3,1
1951,1,z:ilp,nat-oop,11091,12695,9.614,1.145,7.703e-16,prime,0
1951,1,z:ilp,nat-oop,11062,12762,9.638,1.154,7.703e-16,prime,1
1952,1,z:ilp,nat-oop,13605,15910,7.841,1.169,7.373e-16,prime,0
1952,1,z:ilp,nat-oop,11023,15974,9.678,1.449,7.373e-16,prime,1
1953,1,z:ilp,nat-oop,5631,9244,18.957,1.642,8.470e-16,flat,0
1953,1,z:ilp,nat-oop,5157,9241,20.701,1.792,8.470e-16,flat,1
1954,1,z:ilp,nat-oop,11030,12865,9.684,1.166,9.155e-16,prime,0
1954,1,z:ilp,nat-oop,11041,12798,9.674,1.159,9.155e-16,prime,1
1955,1,z:ilp,nat-oop,5731,9625,18.647,1.679,5.537e-16,chain3,0
1955,1,z:ilp,nat-oop,5671,9663,18.845,1.704,5.537e-16,chain3,1
1956,1,z:ilp,nat-oop,10860,12842,9.846,1.182,9.847e-16,prime,0
1956,1,z:ilp,nat-oop,10900,12742,9.810,1.169,9.847e-16,prime,1
1957,1,z:ilp,nat-oop,11024,12783,9.705,1.160,8.566e-16,prime,0
1957,1,z:ilp,nat-oop,10834,12870,9.876,1.188,8.566e-16,prime,1
1958,1,z:ilp,nat-oop,11045,25799,9.693,2.336,8.454e-16,prime,0
1958,1,z:ilp,nat-oop,10861,25794,9.856,2.375,8.454e-16,prime,1
1959,1,z:ilp,nat-oop,10836,12639,9.886,1.166,8.799e-16,prime,0
1959,1,z:ilp,nat-oop,11056,12663,9.689,1.145,8.799e-16,prime,1
1960,1,z:ilp,nat-oop,3057,3049,35.062,0.997,6.917e-16,flat,0
1960,1,z:ilp,nat-oop,3030,3059,35.376,1.010,6.917e-16,flat,1
1961,1,z:ilp,nat-oop,10813,25787,9.918,2.385,8.248e-16,prime,0
1961,1,z:ilp,nat-oop,11099,25835,9.662,2.328,8.248e-16,prime,1
1962,1,z:ilp,nat-oop,10822,31958,9.915,2.953,7.354e-16,prime,0
1962,1,z:ilp,nat-oop,11057,31933,9.705,2.888,7.354e-16,prime,1
1963,1,z:ilp,nat-oop,10833,12832,9.911,1.185,8.314e-16,prime,0
1963,1,z:ilp,nat-oop,10834,12714,9.910,1.173,8.314e-16,prime,1
1964,1,z:ilp,nat-oop,10810,12700,9.938,1.175,7.783e-16,prime,0
1964,1,z:ilp,nat-oop,10898,12873,9.857,1.181,7.783e-16,prime,1
1965,1,z:ilp,nat-oop,10841,12823,9.915,1.183,9.955e-16,prime,0
1965,1,z:ilp,nat-oop,11093,12845,9.690,1.158,9.955e-16,prime,1
1966,1,z:ilp,nat-oop,11000,12793,9.778,1.163,9.227e-16,prime,0
1966,1,z:ilp,nat-oop,11003,12871,9.775,1.170,9.227e-16,prime,1
1967,1,z:ilp,nat-oop,11049,12694,9.739,1.149,9.672e-16,prime,0
1967,1,z:ilp,nat-oop,10839,12767,9.928,1.178,9.672e-16,prime,1
1968,1,z:ilp,nat-oop,4161,10062,25.876,2.418,7.680e-16,flat,0
1968,1,z:ilp,nat-oop,4204,10059,25.613,2.393,7.680e-16,flat,1
1969,1,z:ilp,nat-oop,11097,12850,9.709,1.158,7.466e-16,prime,0
1969,1,z:ilp,nat-oop,10813,12861,9.963,1.189,7.466e-16,prime,1
1970,1,z:ilp,nat-oop,10930,12776,9.863,1.169,8.041e-16,prime,0
1970,1,z:ilp,nat-oop,11095,12895,9.716,1.162,8.041e-16,prime,1
1971,1,z:ilp,nat-oop,10828,25994,9.962,2.401,1.011e-15,prime,0
1971,1,z:ilp,nat-oop,10859,25987,9.933,2.393,1.011e-15,prime,1
1972,1,z:ilp,nat-oop,4634,9507,23.290,2.052,8.521e-16,flat,0
1972,1,z:ilp,nat-oop,5279,9506,20.445,1.801,8.521e-16,flat,1
1973,1,z:ilp,nat-oop,11078,12888,9.747,1.163,1.003e-15,prime,0
1973,1,z:ilp,nat-oop,10856,12799,9.947,1.179,1.003e-15,prime,1
1974,1,z:ilp,nat-oop,4587,12118,23.553,2.642,5.689e-16,chain3,0
1974,1,z:ilp,nat-oop,4725,12059,22.866,2.552,5.689e-16,chain3,1
1975,1,z:ilp,nat-oop,10965,28334,9.859,2.584,6.491e-16,prime,0
1975,1,z:ilp,nat-oop,11087,28347,9.751,2.557,6.491e-16,prime,1
1976,1,z:ilp,nat-oop,2949,5688,36.679,1.929,8.553e-16,chain3,0
1976,1,z:ilp,nat-oop,3045,5701,35.518,1.872,8.553e-16,chain3,1
1977,1,z:ilp,nat-oop,10792,12844,10.029,1.190,1.001e-15,prime,0
1977,1,z:ilp,nat-oop,11048,12850,9.796,1.163,1.001e-15,prime,1
1978,1,z:ilp,nat-oop,8300,13828,13.048,1.666,1.674e-15,flat,0
1978,1,z:ilp,nat-oop,6999,13826,15.472,1.975,1.674e-15,flat,1
1979,1,z:ilp,nat-oop,11021,12704,9.832,1.153,5.509e-16,prime,0
1979,1,z:ilp,nat-oop,11021,12770,9.832,1.159,5.509e-16,prime,1
1980,1,z:ilp,nat-oop,2456,3333,44.137,1.357,6.913e-16,chain3,0
1980,1,z:ilp,nat-oop,2448,3344,44.287,1.366,6.913e-16,chain3,1
1981,1,z:ilp,nat-oop,10839,12809,10.008,1.182,1.021e-15,prime,0
1981,1,z:ilp,nat-oop,11069,12874,9.801,1.163,1.021e-15,prime,1
1982,1,z:ilp,nat-oop,11144,12844,9.740,1.153,6.145e-16,prime,0
1982,1,z:ilp,nat-oop,10837,12856,10.016,1.186,6.145e-16,prime,1
1983,1,z:ilp,nat-oop,11090,12792,9.793,1.153,8.729e-16,prime,0
1983,1,z:ilp,nat-oop,11046,12909,9.832,1.169,8.729e-16,prime,1
1984,1,z:ilp,nat-oop,3167,7569,34.308,2.390,5.272e-16,2p,0
1984,1,z:ilp,nat-oop,4413,7562,24.624,1.714,5.272e-16,2p,1
1985,1,z:ilp,nat-oop,11074,12870,9.819,1.162,9.562e-16,prime,0
1985,1,z:ilp,nat-oop,11132,12873,9.767,1.156,9.562e-16,prime,1
1986,1,z:ilp,nat-oop,10815,12814,10.059,1.185,1.117e-15,prime,0
1986,1,z:ilp,nat-oop,10806,12846,10.067,1.189,1.117e-15,prime,1
1987,1,z:ilp,nat-oop,11105,12772,9.802,1.150,8.797e-16,prime,0
1987,1,z:ilp,nat-oop,11064,12736,9.838,1.151,8.797e-16,prime,1
1988,1,z:ilp,nat-oop,11143,19259,9.774,1.728,7.272e-16,prime,0
1988,1,z:ilp,nat-oop,10904,19235,9.988,1.764,7.272e-16,prime,1
1989,1,z:ilp,nat-oop,3462,6134,31.481,1.772,7.272e-16,chain3,0
1989,1,z:ilp,nat-oop,3441,6131,31.669,1.782,7.272e-16,chain3,1
1990,1,z:ilp,nat-oop,11096,12801,9.827,1.154,7.779e-16,prime,0
1990,1,z:ilp,nat-oop,11105,12809,9.819,1.153,7.779e-16,prime,1
1991,1,z:ilp,nat-oop,11192,12824,9.748,1.146,1.065e-15,prime,0
1991,1,z:ilp,nat-oop,11245,12741,9.702,1.133,1.065e-15,prime,1
1992,1,z:ilp,nat-oop,10693,22980,10.208,2.149,9.097e-16,prime,0
1992,1,z:ilp,nat-oop,11041,22942,9.887,2.078,9.097e-16,prime,1
1993,1,z:ilp,nat-oop,10930,12888,9.993,1.179,1.096e-15,prime,0
1993,1,z:ilp,nat-oop,10929,12825,9.994,1.173,1.096e-15,prime,1
1994,1,z:ilp,nat-oop,10911,12837,10.016,1.177,9.493e-16,prime,0
1994,1,z:ilp,nat-oop,11061,12811,9.880,1.158,9.493e-16,prime,1
1995,1,z:ilp,nat-oop,3558,6291,30.732,1.768,5.750e-16,chain3,0
1995,1,z:ilp,nat-oop,3557,6294,30.741,1.769,5.750e-16,chain3,1
1996,1,z:ilp,nat-oop,10907,12800,10.031,1.174,9.078e-16,prime,0
1996,1,z:ilp,nat-oop,10941,12773,10.000,1.167,9.078e-16,prime,1
1997,1,z:ilp,nat-oop,10905,12839,10.038,1.177,8.156e-16,prime,0
1997,1,z:ilp,nat-oop,11031,12838,9.924,1.164,8.156e-16,prime,1
1998,1,z:ilp,nat-oop,7889,9435,13.885,1.196,6.563e-16,chain3,0
1998,1,z:ilp,nat-oop,7874,9442,13.912,1.199,6.563e-16,chain3,1
1999,1,z:ilp,nat-oop,11083,12733,9.889,1.149,9.058e-16,prime,0
1999,1,z:ilp,nat-oop,11141,12692,9.838,1.139,9.058e-16,prime,1
2000,1,z:ilp,nat-oop,2614,3046,41.945,1.165,5.955e-16,chain3,0
2000,1,z:ilp,nat-oop,3397,3048,32.278,0.897,5.955e-16,chain3,1
2001,1,z:ilp,nat-oop,6126,13051,17.910,2.130,6.371e-16,chain3,0
2001,1,z:ilp,nat-oop,8007,13062,13.703,1.631,6.371e-16,chain3,1
2002,1,z:ilp,nat-oop,4429,3969,24.788,0.896,7.894e-16,flat,0
2002,1,z:ilp,nat-oop,4131,3967,26.578,0.960,7.894e-16,flat,1
2003,1,z:ilp,nat-oop,11023,12737,9.965,1.155,1.111e-15,prime,0
2003,1,z:ilp,nat-oop,11058,12763,9.934,1.154,1.111e-15,prime,1
2004,1,z:ilp,nat-oop,11143,12836,9.863,1.152,7.477e-16,prime,0
2004,1,z:ilp,nat-oop,10862,12751,10.118,1.174,7.477e-16,prime,1
2005,1,z:ilp,nat-oop,11023,12835,9.976,1.164,9.066e-16,prime,0
2005,1,z:ilp,nat-oop,10866,12921,10.121,1.189,9.066e-16,prime,1
2006,1,z:ilp,nat-oop,11014,17775,9.990,1.614,7.302e-16,prime,0
2006,1,z:ilp,nat-oop,11074,17785,9.936,1.606,7.302e-16,prime,1
2007,1,z:ilp,nat-oop,10857,12739,10.140,1.173,8.773e-16,prime,0
2007,1,z:ilp,nat-oop,10845,12777,10.152,1.178,8.773e-16,prime,1
2008,1,z:ilp,nat-oop,10869,12732,10.134,1.171,6.862e-16,prime,0
2008,1,z:ilp,nat-oop,10889,12754,10.116,1.171,6.862e-16,prime,1
2009,1,z:ilp,nat-oop,8587,13023,12.836,1.517,5.231e-16,chain3,0
2009,1,z:ilp,nat-oop,6442,13030,17.110,2.023,5.231e-16,chain3,1
2010,1,z:ilp,nat-oop,10870,18135,10.145,1.668,8.398e-16,prime,0
2010,1,z:ilp,nat-oop,10830,18069,10.183,1.668,8.398e-16,prime,1
2011,1,z:ilp,nat-oop,10879,12773,10.142,1.174,9.036e-16,prime,0
2011,1,z:ilp,nat-oop,11077,12907,9.961,1.165,9.036e-16,prime,1
2012,1,z:ilp,nat-oop,11040,12724,10.000,1.153,8.138e-16,prime,0
2012,1,z:ilp,nat-oop,10945,12762,10.087,1.166,8.138e-16,prime,1
2013,1,z:ilp,nat-oop,11105,21306,9.947,1.919,7.707e-16,prime,0
2013,1,z:ilp,nat-oop,11117,21319,9.936,1.918,7.707e-16,prime,1
2014,1,z:ilp,nat-oop,11006,16489,10.042,1.498,8.463e-16,prime,0
2014,1,z:ilp,nat-oop,10933,16500,10.109,1.509,8.463e-16,prime,1
2015,1,z:ilp,nat-oop,4657,9577,23.746,2.056,7.198e-16,flat,0
2015,1,z:ilp,nat-oop,5280,9539,20.944,1.807,7.198e-16,flat,1
2016,1,z:ilp,nat-oop,2297,3215,48.164,1.400,6.254e-16,chain3,0
2016,1,z:ilp,nat-oop,2255,3219,49.063,1.427,6.254e-16,chain3,1
2017,1,z:ilp,nat-oop,10817,12949,10.235,1.197,9.634e-16,prime,0
2017,1,z:ilp,nat-oop,10867,12982,10.188,1.195,9.634e-16,prime,1
2018,1,z:ilp,nat-oop,10852,12834,10.208,1.183,6.801e-16,prime,0
2018,1,z:ilp,nat-oop,11156,12828,9.930,1.150,6.801e-16,prime,1
2019,1,z:ilp,nat-oop,11101,12853,9.984,1.158,8.554e-16,prime,0
2019,1,z:ilp,nat-oop,10859,12873,10.207,1.185,8.554e-16,prime,1
2020,1,z:ilp,nat-oop,10842,30217,10.229,2.787,7.057e-16,prime,0
2020,1,z:ilp,nat-oop,10857,30162,10.214,2.778,7.057e-16,prime,1
2021,1,z:ilp,nat-oop,10887,26276,10.192,2.413,8.747e-16,prime,0
2021,1,z:ilp,nat-oop,11068,26252,10.025,2.372,8.747e-16,prime,1
2022,1,z:ilp,nat-oop,10850,12829,10.232,1.182,7.547e-16,prime,0
2022,1,z:ilp,nat-oop,10850,12845,10.233,1.184,7.547e-16,prime,1
2023,1,z:ilp,nat-oop,3763,8573,29.524,2.278,8.999e-16,chain3,0
2023,1,z:ilp,nat-oop,3551,8577,31.283,2.415,8.999e-16,chain3,1
2024,1,z:ilp,nat-oop,3363,6646,33.048,1.976,6.357e-16,chain3,0
2024,1,z:ilp,nat-oop,3299,6642,33.687,2.013,6.357e-16,chain3,1
2025,1,z:ilp,nat-oop,3613,3873,30.780,1.072,6.120e-16,chain3,0
2025,1,z:ilp,nat-oop,3559,3888,31.245,1.092,6.120e-16,chain3,1
2026,1,z:ilp,nat-oop,11034,12888,10.085,1.168,9.409e-16,prime,0
2026,1,z:ilp,nat-oop,11055,12829,10.066,1.161,9.409e-16,prime,1
2027,1,z:ilp,nat-oop,11105,12780,10.025,1.151,8.000e-16,prime,0
2027,1,z:ilp,nat-oop,10826,12858,10.284,1.188,8.000e-16,prime,1
2028,1,z:ilp,nat-oop,2651,3636,42.026,1.372,7.734e-16,chain3,0
2028,1,z:ilp,nat-oop,2663,3687,41.829,1.384,7.734e-16,chain3,1
2029,1,z:ilp,nat-oop,8934,12908,12.475,1.445,1.239e-15,prime,0
2029,1,z:ilp,nat-oop,8779,12860,12.696,1.465,1.239e-15,prime,1
2030,1,z:ilp,nat-oop,5325,8170,20.942,1.534,6.163e-16,flat,0
2030,1,z:ilp,nat-oop,6006,8163,18.569,1.359,6.163e-16,flat,1
2031,1,z:ilp,nat-oop,10957,12758,10.184,1.164,7.415e-16,prime,0
2031,1,z:ilp,nat-oop,11145,12819,10.012,1.150,7.415e-16,prime,1
2032,1,z:ilp,nat-oop,10880,36823,10.261,3.384,1.020e-15,prime,0
2032,1,z:ilp,nat-oop,10921,36824,10.223,3.372,1.020e-15,prime,1
2033,1,z:ilp,nat-oop,11113,12856,10.052,1.157,7.666e-16,prime,0
2033,1,z:ilp,nat-oop,11100,12832,10.064,1.156,7.666e-16,prime,1
2034,1,z:ilp,nat-oop,11076,34308,10.091,3.097,7.708e-16,prime,0
2034,1,z:ilp,nat-oop,14300,34387,7.816,2.405,7.708e-16,prime,1
2035,1,z:ilp,nat-oop,6215,11654,17.993,1.875,5.693e-16,chain3,0
2035,1,z:ilp,nat-oop,6198,11656,18.043,1.880,5.693e-16,chain3,1
2036,1,z:ilp,nat-oop,10871,12881,10.293,1.185,9.315e-16,prime,0
2036,1,z:ilp,nat-oop,10847,12781,10.316,1.178,9.315e-16,prime,1
2037,1,z:ilp,nat-oop,10886,12903,10.284,1.185,9.764e-16,prime,0
2037,1,z:ilp,nat-oop,11067,12924,10.116,1.168,9.764e-16,prime,1
2038,1,z:ilp,nat-oop,11015,12878,10.170,1.169,1.085e-15,prime,0
2038,1,z:ilp,nat-oop,11044,12833,10.143,1.162,1.085e-15,prime,1
2039,1,z:ilp,nat-oop,11143,12794,10.058,1.148,1.142e-15,prime,0
2039,1,z:ilp,nat-oop,10884,12831,10.298,1.179,1.142e-15,prime,1
2040,1,z:ilp,nat-oop,2906,5554,38.587,1.911,6.898e-16,chain3,0
2040,1,z:ilp,nat-oop,2918,5556,38.436,1.904,6.898e-16,chain3,1
2041,1,z:ilp,nat-oop,10884,12852,10.309,1.181,8.377e-16,prime,0
2041,1,z:ilp,nat-oop,10852,12900,10.340,1.189,8.377e-16,prime,1
2042,1,z:ilp,nat-oop,11085,12843,10.128,1.159,7.996e-16,prime,0
2042,1,z:ilp,nat-oop,11031,12856,10.177,1.165,7.996e-16,prime,1
2043,1,z:ilp,nat-oop,10879,12835,10.325,1.180,1.177e-15,prime,0
2043,1,z:ilp,nat-oop,10855,12833,10.349,1.182,1.177e-15,prime,1
2044,1,z:ilp,nat-oop,13925,20594,8.071,1.479,1.070e-15,prime,0
2044,1,z:ilp,nat-oop,10848,20610,10.361,1.900,1.070e-15,prime,1
2045,1,z:ilp,nat-oop,11113,12880,10.119,1.159,8.808e-16,prime,0
2045,1,z:ilp,nat-oop,11129,12885,10.105,1.158,8.808e-16,prime,1
2046,1,z:ilp,nat-oop,8001,8245,14.063,1.031,6.116e-16,chain3,0
2046,1,z:ilp,nat-oop,5838,8241,19.274,1.412,6.116e-16,chain3,1
2047,1,z:ilp,nat-oop,11118,39936,10.125,3.592,8.206e-16,prime,0
2047,1,z:ilp,nat-oop,11065,39940,10.174,3.609,8.206e-16,prime,1
2048,1,z:ilp,nat-oop,1608,2064,70.041,1.283,3.059e-16,ztt,0
2048,1,z:ilp,nat-oop,1606,2023,70.144,1.260,3.059e-16,ztt,1
2049,1,z:ilp,nat-oop,31576,22094,3.569,0.700,8.652e-16,prime,0
2049,1,z:ilp,nat-oop,22421,22027,5.027,0.982,8.652e-16,prime,1
2050,1,z:ilp,nat-oop,6360,10656,17.731,1.676,6.130e-16,chain3,0
2050,1,z:ilp,nat-oop,9515,10656,11.852,1.120,6.130e-16,chain3,1
2051,1,z:ilp,nat-oop,22837,22010,4.941,0.964,8.602e-16,prime,0
2051,1,z:ilp,nat-oop,23393,21960,4.823,0.939,8.602e-16,prime,1
2052,1,z:ilp,nat-oop,2918,5998,38.685,2.055,6.584e-16,chain3,0
2052,1,z:ilp,nat-oop,3009,6002,37.512,1.994,6.584e-16,chain3,1
2053,1,z:ilp,nat-oop,15146,22094,7.457,1.459,3.077e-15,prime,0
2053,1,z:ilp,nat-oop,18984,22102,5.950,1.164,3.077e-15,prime,1
2054,1,z:ilp,nat-oop,22041,23163,5.128,1.051,7.667e-16,prime,0
2054,1,z:ilp,nat-oop,22051,23175,5.125,1.051,7.667e-16,prime,1
2055,1,z:ilp,nat-oop,22042,22000,5.130,0.998,8.322e-16,prime,0
2055,1,z:ilp,nat-oop,22492,21951,5.027,0.976,8.322e-16,prime,1
2056,1,z:ilp,nat-oop,22524,21961,5.023,0.975,9.108e-16,prime,0
2056,1,z:ilp,nat-oop,22111,21850,5.117,0.988,9.108e-16,prime,1
2057,1,z:ilp,nat-oop,4204,5990,26.927,1.425,1.260e-15,flat,0
2057,1,z:ilp,nat-oop,4201,5993,26.946,1.427,1.260e-15,flat,1
2058,1,z:ilp,nat-oop,4059,3416,27.905,0.842,5.564e-16,flat,0
2058,1,z:ilp,nat-oop,4041,3427,28.027,0.848,5.564e-16,flat,1
2059,1,z:ilp,nat-oop,22979,31975,4.932,1.391,7.262e-16,prime,0
2059,1,z:ilp,nat-oop,22598,31960,5.015,1.414,7.262e-16,prime,1
2060,1,z:ilp,nat-oop,22400,30605,5.062,1.366,6.748e-16,prime,0
2060,1,z:ilp,nat-oop,22878,30629,4.956,1.339,6.748e-16,prime,1
2061,1,z:ilp,nat-oop,22094,22106,5.135,1.001,9.729e-16,prime,0
2061,1,z:ilp,nat-oop,22604,22107,5.019,0.978,9.729e-16,prime,1
2062,1,z:ilp,nat-oop,23023,22101,4.930,0.960,7.902e-16,prime,0
2062,1,z:ilp,nat-oop,22074,22117,5.142,1.002,7.902e-16,prime,1
2063,1,z:ilp,nat-oop,22603,21982,5.025,0.973,9.033e-16,prime,0
2063,1,z:ilp,nat-oop,22066,22081,5.147,1.001,9.033e-16,prime,1
2064,1,z:ilp,nat-oop,4229,11017,26.869,2.605,7.142e-16,flat,0
2064,1,z:ilp,nat-oop,4565,11057,24.891,2.422,7.142e-16,flat,1
2065,1,z:ilp,nat-oop,21509,20651,5.286,0.960,5.891e-16,prime,0
2065,1,z:ilp,nat-oop,21504,20657,5.287,0.961,5.891e-16,prime,1
2066,1,z:ilp,nat-oop,22663,22025,5.020,0.972,8.872e-16,prime,0
2066,1,z:ilp,nat-oop,22515,22081,5.053,0.981,8.872e-16,prime,1
2067,1,z:ilp,nat-oop,22997,18614,4.949,0.809,6.743e-16,prime,0
2067,1,z:ilp,nat-oop,22999,18599,4.949,0.809,6.743e-16,prime,1
2068,1,z:ilp,nat-oop,7334,12727,15.529,1.735,5.844e-16,chain3,0
2068,1,z:ilp,nat-oop,7327,12745,15.544,1.740,5.844e-16,chain3,1
2069,1,z:ilp,nat-oop,22616,22078,5.038,0.976,9.424e-16,prime,0
2069,1,z:ilp,nat-oop,22080,22128,5.161,1.002,9.424e-16,prime,1
2070,1,z:ilp,nat-oop,4844,6748,23.535,1.393,7.842e-16,chain3,0
2070,1,z:ilp,nat-oop,4928,6742,23.136,1.368,7.842e-16,chain3,1
2071,1,z:ilp,nat-oop,22408,22021,5.091,0.983,8.371e-16,prime,0
2071,1,z:ilp,nat-oop,23432,21964,4.868,0.937,8.371e-16,prime,1
2072,1,z:ilp,nat-oop,8843,9714,12.907,1.099,6.011e-16,chain3,0
2072,1,z:ilp,nat-oop,6599,9723,17.295,1.473,6.011e-16,chain3,1
2073,1,z:ilp,nat-oop,22565,22075,5.061,0.978,9.361e-16,prime,0
2073,1,z:ilp,nat-oop,23099,22093,4.944,0.956,9.361e-16,prime,1
2074,1,z:ilp,nat-oop,22458,19162,5.088,0.853,6.168e-16,prime,0
2074,1,z:ilp,nat-oop,22839,19177,5.003,0.840,6.168e-16,prime,1
2075,1,z:ilp,nat-oop,22978,32158,4.975,1.400,7.656e-16,prime,0
2075,1,z:ilp,nat-oop,22499,32155,5.081,1.429,7.656e-16,prime,1
2076,1,z:ilp,nat-oop,22867,22002,5.002,0.962,8.638e-16,prime,0
2076,1,z:ilp,nat-oop,23402,21888,4.888,0.935,8.638e-16,prime,1
2077,1,z:ilp,nat-oop,22093,31100,5.180,1.408,1.132e-15,prime,0
2077,1,z:ilp,nat-oop,22566,31097,5.072,1.378,1.132e-15,prime,1
2078,1,z:ilp,nat-oop,22660,22104,5.053,0.975,9.036e-16,prime,0
2078,1,z:ilp,nat-oop,22630,22071,5.060,0.975,9.036e-16,prime,1
2079,1,z:ilp,nat-oop,3336,3850,34.343,1.154,6.892e-16,chain3,0
2079,1,z:ilp,nat-oop,3288,3849,34.845,1.171,6.892e-16,chain3,1
2080,1,z:ilp,nat-oop,2521,3406,45.478,1.351,7.218e-16,chain3,0
2080,1,z:ilp,nat-oop,2487,3412,46.091,1.372,7.218e-16,chain3,1
2081,1,z:ilp,nat-oop,9395,22188,12.208,2.362,1.244e-15,prime,0
2081,1,z:ilp,nat-oop,9518,22138,12.051,2.326,1.244e-15,prime,1
2082,1,z:ilp,nat-oop,22641,22090,5.069,0.976,9.100e-16,prime,0
2082,1,z:ilp,nat-oop,22077,22072,5.198,1.000,9.100e-16,prime,1
2083,1,z:ilp,nat-oop,22614,22008,5.077,0.973,9.029e-16,prime,0
2083,1,z:ilp,nat-oop,22081,22012,5.200,0.997,9.029e-16,prime,1
2084,1,z:ilp,nat-oop,22726,22008,5.055,0.968,9.248e-16,prime,0
2084,1,z:ilp,nat-oop,22875,22007,5.022,0.962,9.248e-16,prime,1
2085,1,z:ilp,nat-oop,22711,22091,5.061,0.973,1.012e-15,prime,0
2085,1,z:ilp,nat-oop,22976,22097,5.003,0.962,1.012e-15,prime,1
2086,1,z:ilp,nat-oop,22481,47448,5.116,2.111,7.037e-16,prime,0
2086,1,z:ilp,nat-oop,22989,47680,5.003,2.074,7.037e-16,prime,1
2087,1,z:ilp,nat-oop,22514,21995,5.111,0.977,1.104e-15,prime,0
2087,1,z:ilp,nat-oop,22751,21997,5.058,0.967,1.104e-15,prime,1
2088,1,z:ilp,nat-oop,4743,8080,24.273,1.703,9.152e-16,flat,0
2088,1,z:ilp,nat-oop,4916,8073,23.418,1.642,9.152e-16,flat,1
2089,1,z:ilp,nat-oop,15724,22146,7.326,1.408,2.537e-15,prime,0
2089,1,z:ilp,nat-oop,15121,22148,7.618,1.465,2.537e-15,prime,1
2090,1,z:ilp,nat-oop,3096,6659,37.228,2.151,6.525e-16,chain3,0
2090,1,z:ilp,nat-oop,2981,6664,38.659,2.235,6.525e-16,chain3,1
2091,1,z:ilp,nat-oop,5735,16525,20.107,2.881,6.748e-16,chain3,0
2091,1,z:ilp,nat-oop,5517,16537,20.902,2.997,6.748e-16,chain3,1
2092,1,z:ilp,nat-oop,23086,22009,4.998,0.953,9.637e-16,prime,0
2092,1,z:ilp,nat-oop,22478,21992,5.133,0.978,9.637e-16,prime,1
2093,1,z:ilp,nat-oop,4245,7589,27.198,1.788,6.743e-16,flat,0
2093,1,z:ilp,nat-oop,4405,7660,26.207,1.739,6.743e-16,flat,1
2094,1,z:ilp,nat-oop,22694,22078,5.090,0.973,9.675e-16,prime,0
2094,1,z:ilp,nat-oop,22129,22158,5.220,1.001,9.675e-16,prime,1
2095,1,z:ilp,nat-oop,22350,22012,5.171,0.985,8.643e-16,prime,0
2095,1,z:ilp,nat-oop,23042,22027,5.015,0.956,8.643e-16,prime,1
2096,1,z:ilp,nat-oop,23066,39354,5.013,1.706,9.062e-16,prime,0
2096,1,z:ilp,nat-oop,22535,39368,5.131,1.747,9.062e-16,prime,1
2097,1,z:ilp,nat-oop,22512,22022,5.139,0.978,8.382e-16,prime,0
2097,1,z:ilp,nat-oop,23058,22123,5.017,0.959,8.382e-16,prime,1
2098,1,z:ilp,nat-oop,22652,22109,5.110,0.976,7.945e-16,prime,0
2098,1,z:ilp,nat-oop,22057,22207,5.248,1.007,7.945e-16,prime,1
2099,1,z:ilp,nat-oop,23010,22075,5.033,0.959,8.758e-16,prime,0
2099,1,z:ilp,nat-oop,23003,22080,5.035,0.960,8.758e-16,prime,1
2100,1,z:ilp,nat-oop,2876,3369,40.292,1.171,7.206e-16,chain3,0
2100,1,z:ilp,nat-oop,2940,3372,39.411,1.147,7.206e-16,chain3,1
2101,1,z:ilp,nat-oop,22944,22129,5.053,0.964,7.347e-16,prime,0
2101,1,z:ilp,nat-oop,22503,22110,5.152,0.983,7.347e-16,prime,1
2102,1,z:ilp,nat-oop,23059,22115,5.031,0.959,7.889e-16,prime,0
2102,1,z:ilp,nat-oop,22931,22153,5.059,0.966,7.889e-16,prime,1
2103,1,z:ilp,nat-oop,22979,22047,5.051,0.959,1.003e-15,prime,0
2103,1,z:ilp,nat-oop,23448,21999,4.950,0.938,1.003e-15,prime,1
2104,1,z:ilp,nat-oop,23105,21996,5.026,0.952,8.014e-16,prime,0
2104,1,z:ilp,nat-oop,23321,21954,4.980,0.941,8.014e-16,prime,1
2105,1,z:ilp,nat-oop,22878,22107,5.079,0.966,6.699e-16,prime,0
2105,1,z:ilp,nat-oop,22434,22108,5.179,0.985,6.699e-16,prime,1
2106,1,z:ilp,nat-oop,3846,3685,30.224,0.958,6.132e-16,chain3,0
2106,1,z:ilp,nat-oop,4310,3667,26.973,0.851,6.132e-16,chain3,1
2107,1,z:ilp,nat-oop,9511,14337,12.230,1.507,5.094e-16,chain3,0
2107,1,z:ilp,nat-oop,7176,14304,16.209,1.993,5.094e-16,chain3,1
2108,1,z:ilp,nat-oop,7123,10558,16.338,1.482,1.141e-15,flat,0
2108,1,z:ilp,nat-oop,5874,10564,19.813,1.799,1.141e-15,flat,1
2109,1,z:ilp,nat-oop,5977,15475,19.482,2.589,8.012e-16,flat,0
2109,1,z:ilp,nat-oop,5824,15426,19.995,2.649,8.012e-16,flat,1
2110,1,z:ilp,nat-oop,22093,22269,5.273,1.008,8.440e-16,prime,0
2110,1,z:ilp,nat-oop,22673,22142,5.139,0.977,8.440e-16,prime,1
2111,1,z:ilp,nat-oop,23029,22071,5.062,0.958,8.855e-16,prime,0
2111,1,z:ilp,nat-oop,23067,22049,5.053,0.956,8.855e-16,prime,1
2112,1,z:ilp,nat-oop,2427,3298,48.047,1.359,6.323e-16,chain3,0
2112,1,z:ilp,nat-oop,2437,3316,47.858,1.361,6.323e-16,chain3,1
2113,1,z:ilp,nat-oop,8887,22128,13.131,2.490,1.294e-15,prime,0
2113,1,z:ilp,nat-oop,8849,22191,13.187,2.508,1.294e-15,prime,1
2114,1,z:ilp,nat-oop,23037,22150,5.068,0.962,8.221e-16,prime,0
2114,1,z:ilp,nat-oop,23078,22140,5.059,0.959,8.221e-16,prime,1
2115,1,z:ilp,nat-oop,7775,16253,15.024,2.090,7.220e-16,chain3,0
2115,1,z:ilp,nat-oop,10319,16260,11.320,1.576,7.220e-16,chain3,1
2116,1,z:ilp,nat-oop,8081,10087,14.463,1.248,1.571e-15,flat,0
2116,1,z:ilp,nat-oop,5598,10072,20.880,1.799,1.571e-15,flat,1
2117,1,z:ilp,nat-oop,22487,34029,5.200,1.513,6.485e-16,prime,0
2117,1,z:ilp,nat-oop,22666,34046,5.159,1.502,6.485e-16,prime,1
2118,1,z:ilp,nat-oop,33789,22024,3.463,0.652,7.120e-16,prime,0
2118,1,z:ilp,nat-oop,23101,22132,5.065,0.958,7.120e-16,prime,1
2119,1,z:ilp,nat-oop,23077,22020,5.073,0.954,7.746e-16,prime,0
2119,1,z:ilp,nat-oop,22697,22031,5.158,0.971,7.746e-16,prime,1
2120,1,z:ilp,nat-oop,22679,14851,5.165,0.655,8.516e-16,prime,0
2120,1,z:ilp,nat-oop,22496,14865,5.207,0.661,8.516e-16,prime,1
2121,1,z:ilp,nat-oop,23385,22119,5.011,0.946,8.948e-16,prime,0
2121,1,z:ilp,nat-oop,23009,22103,5.093,0.961,8.948e-16,prime,1
2122,1,z:ilp,nat-oop,22398,22193,5.235,0.991,9.442e-16,prime,0
2122,1,z:ilp,nat-oop,22382,22128,5.239,0.989,9.442e-16,prime,1
2123,1,z:ilp,nat-oop,22473,22073,5.220,0.982,9.049e-16,prime,0
2123,1,z:ilp,nat-oop,22874,22110,5.129,0.967,9.049e-16,prime,1
2124,1,z:ilp,nat-oop,22637,16758,5.185,0.740,8.067e-16,prime,0
2124,1,z:ilp,nat-oop,22120,16758,5.307,0.758,8.067e-16,prime,1
2125,1,z:ilp,nat-oop,3974,6322,29.554,1.591,7.492e-16,chain3,0
2125,1,z:ilp,nat-oop,3660,6329,32.090,1.729,7.492e-16,chain3,1
2126,1,z:ilp,nat-oop,23008,22236,5.107,0.966,8.739e-16,prime,0
2126,1,z:ilp,nat-oop,22467,22126,5.230,0.985,8.739e-16,prime,1
2127,1,z:ilp,nat-oop,22928,22057,5.128,0.962,9.351e-16,prime,0
2127,1,z:ilp,nat-oop,23022,22133,5.107,0.961,9.351e-16,prime,1
2128,1,z:ilp,nat-oop,2862,5787,41.100,2.022,5.332e-16,chain3,0
2128,1,z:ilp,nat-oop,2779,5772,42.334,2.077,5.332e-16,chain3,1
2129,1,z:ilp,nat-oop,10963,22140,10.735,2.019,1.612e-15,prime,0
2129,1,z:ilp,nat-oop,10912,22172,10.785,2.032,1.612e-15,prime,1
2130,1,z:ilp,nat-oop,23090,20458,5.100,0.886,1.050e-15,prime,0
2130,1,z:ilp,nat-oop,22472,20472,5.240,0.911,1.050e-15,prime,1
2131,1,z:ilp,nat-oop,22515,22054,5.233,0.979,9.236e-16,prime,0
2131,1,z:ilp,nat-oop,22090,22033,5.333,0.997,9.236e-16,prime,1
2132,1,z:ilp,nat-oop,4973,11111,23.704,2.234,6.298e-16,chain3,0
2132,1,z:ilp,nat-oop,4782,11129,24.652,2.327,6.298e-16,chain3,1
2133,1,z:ilp,nat-oop,22861,30839,5.159,1.349,8.913e-16,prime,0
2133,1,z:ilp,nat-oop,22496,30813,5.243,1.370,8.913e-16,prime,1
2134,1,z:ilp,nat-oop,22656,30920,5.208,1.365,5.982e-16,prime,0
2134,1,z:ilp,nat-oop,27445,30969,4.300,1.128,5.982e-16,prime,1
2135,1,z:ilp,nat-oop,23433,22629,5.039,0.966,9.206e-16,prime,0
2135,1,z:ilp,nat-oop,23071,22656,5.117,0.982,9.206e-16,prime,1
2136,1,z:ilp,nat-oop,27599,27364,4.280,0.991,7.178e-16,prime,0
2136,1,z:ilp,nat-oop,22426,27336,5.267,1.219,7.178e-16,prime,1
2137,1,z:ilp,nat-oop,22521,22155,5.248,0.984,9.039e-16,prime,0
2137,1,z:ilp,nat-oop,29138,22168,4.056,0.761,9.039e-16,prime,1
2138,1,z:ilp,nat-oop,22675,22139,5.215,0.976,1.157e-15,prime,0
2138,1,z:ilp,nat-oop,22099,22211,5.351,1.005,1.157e-15,prime,1
2139,1,z:ilp,nat-oop,6021,14458,19.650,2.401,8.601e-16,flat,0
2139,1,z:ilp,nat-oop,7830,14467,15.111,1.848,8.601e-16,flat,1
2140,1,z:ilp,nat-oop,22935,33196,5.161,1.447,8.880e-16,prime,0
2140,1,z:ilp,nat-oop,23069,33098,5.131,1.435,8.880e-16,prime,1
2141,1,z:ilp,nat-oop,22421,22178,5.283,0.989,9.707e-16,prime,0
2141,1,z:ilp,nat-oop,22731,22200,5.211,0.977,9.707e-16,prime,1
2142,1,z:ilp,nat-oop,3403,5917,34.819,1.739,6.662e-16,chain3,0
2142,1,z:ilp,nat-oop,3607,5907,32.855,1.638,6.662e-16,chain3,1
2143,1,z:ilp,nat-oop,13378,22057,8.862,1.649,2.691e-15,prime,0
2143,1,z:ilp,nat-oop,13502,22146,8.781,1.640,2.691e-15,prime,1
2144,1,z:ilp,nat-oop,22640,19262,5.240,0.851,8.074e-16,prime,0
2144,1,z:ilp,nat-oop,22651,19306,5.237,0.852,8.074e-16,prime,1
2145,1,z:ilp,nat-oop,3456,4009,34.343,1.160,6.041e-16,chain3,0
2145,1,z:ilp,nat-oop,3434,4008,34.564,1.167,6.041e-16,chain3,1
2146,1,z:ilp,nat-oop,6858,14639,17.315,2.134,2.712e-15,flat,0
2146,1,z:ilp,nat-oop,6797,14653,17.470,2.156,2.712e-15,flat,1
2147,1,z:ilp,nat-oop,22951,22066,5.177,0.961,1.018e-15,prime,0
2147,1,z:ilp,nat-oop,22928,22078,5.182,0.963,1.018e-15,prime,1
2148,1,z:ilp,nat-oop,22565,22166,5.268,0.982,1.007e-15,prime,0
2148,1,z:ilp,nat-oop,22101,22056,5.379,0.998,1.007e-15,prime,1
2149,1,z:ilp,nat-oop,22446,22179,5.299,0.988,8.384e-16,prime,0
2149,1,z:ilp,nat-oop,22472,22182,5.293,0.987,8.384e-16,prime,1
2150,1,z:ilp,nat-oop,5151,11676,23.105,2.267,6.769e-16,chain3,0
2150,1,z:ilp,nat-oop,5066,11813,23.489,2.332,6.769e-16,chain3,1
2151,1,z:ilp,nat-oop,23052,22206,5.165,0.963,9.091e-16,prime,0
2151,1,z:ilp,nat-oop,23065,22058,5.162,0.956,9.091e-16,prime,1
2152,1,z:ilp,nat-oop,22667,22078,5.256,0.974,8.794e-16,prime,0
2152,1,z:ilp,nat-oop,22454,22054,5.305,0.982,8.794e-16,prime,1
2153,1,z:ilp,nat-oop,22536,22184,5.289,0.984,8.665e-16,prime,0
2153,1,z:ilp,nat-oop,23042,22185,5.173,0.963,8.665e-16,prime,1
2154,1,z:ilp,nat-oop,22552,22147,5.288,0.982,9.664e-16,prime,0
2154,1,z:ilp,nat-oop,31747,22134,3.756,0.697,9.664e-16,prime,1
2155,1,z:ilp,nat-oop,23060,22077,5.174,0.957,1.034e-15,prime,0
2155,1,z:ilp,nat-oop,34322,22049,3.476,0.642,1.034e-15,prime,1
2156,1,z:ilp,nat-oop,3211,3911,37.179,1.218,7.935e-16,flat,0
2156,1,z:ilp,nat-oop,3302,3911,36.151,1.184,7.935e-16,flat,1
2157,1,z:ilp,nat-oop,22135,22117,5.396,0.999,7.263e-16,prime,0
2157,1,z:ilp,nat-oop,22141,22153,5.395,1.001,7.263e-16,prime,1
2158,1,z:ilp,nat-oop,23078,25698,5.178,1.114,7.559e-16,prime,0
2158,1,z:ilp,nat-oop,23075,25673,5.179,1.113,7.559e-16,prime,1
2159,1,z:ilp,nat-oop,22486,22102,5.317,0.983,8.285e-16,prime,0
2159,1,z:ilp,nat-oop,22591,22139,5.293,0.980,8.285e-16,prime,1
2160,1,z:ilp,nat-oop,2466,3529,48.508,1.431,8.096e-16,chain3,0
2160,1,z:ilp,nat-oop,2462,3514,48.591,1.427,8.096e-16,chain3,1
2161,1,z:ilp,nat-oop,8364,22162,14.310,2.650,7.954e-16,prime,0
2161,1,z:ilp,nat-oop,8757,22186,13.669,2.534,7.954e-16,prime,1
2162,1,z:ilp,nat-oop,8538,16598,14.027,1.944,1.282e-15,flat,0
2162,1,z:ilp,nat-oop,8673,16606,13.807,1.915,1.282e-15,flat,1
2163,1,z:ilp,nat-oop,23107,22066,5.185,0.955,9.993e-16,prime,0
2163,1,z:ilp,nat-oop,22072,22059,5.429,0.999,9.993e-16,prime,1
2164,1,z:ilp,nat-oop,22495,22094,5.329,0.982,7.740e-16,prime,0
2164,1,z:ilp,nat-oop,23472,22150,5.107,0.944,7.740e-16,prime,1
2165,1,z:ilp,nat-oop,22134,22244,5.419,1.005,8.984e-16,prime,0
2165,1,z:ilp,nat-oop,22150,22165,5.415,1.001,8.984e-16,prime,1
2166,1,z:ilp,nat-oop,3721,8489,32.252,2.281,1.013e-15,chain3,0
2166,1,z:ilp,nat-oop,3778,8488,31.761,2.246,1.013e-15,chain3,1
2167,1,z:ilp,nat-oop,22675,22095,5.295,0.974,6.543e-16,prime,0
2167,1,z:ilp,nat-oop,22741,22067,5.280,0.970,6.543e-16,prime,1
2168,1,z:ilp,nat-oop,23088,22080,5.203,0.956,8.198e-16,prime,0
2168,1,z:ilp,nat-oop,22726,22073,5.286,0.971,8.198e-16,prime,1
2169,1,z:ilp,nat-oop,26753,22186,4.493,0.829,9.987e-16,prime,0
2169,1,z:ilp,nat-oop,22904,22178,5.248,0.968,9.987e-16,prime,1
2170,1,z:ilp,nat-oop,6261,9142,19.208,1.460,6.376e-16,chain3,0
2170,1,z:ilp,nat-oop,8251,9121,14.575,1.105,6.376e-16,chain3,1
2171,1,z:ilp,nat-oop,24701,22088,4.871,0.894,9.903e-16,prime,0
2171,1,z:ilp,nat-oop,22704,22083,5.299,0.973,9.903e-16,prime,1
2172,1,z:ilp,nat-oop,23132,22132,5.204,0.957,8.183e-16,prime,0
2172,1,z:ilp,nat-oop,22756,22071,5.290,0.970,8.183e-16,prime,1
2173,1,z:ilp,nat-oop,23077,30565,5.219,1.324,9.662e-16,prime,0
2173,1,z:ilp,nat-oop,22918,30518,5.255,1.332,9.662e-16,prime,1
2174,1,z:ilp,nat-oop,22189,22136,5.431,0.998,8.708e-16,prime,0
2174,1,z:ilp,nat-oop,22583,22207,5.336,0.983,8.708e-16,prime,1
2175,1,z:ilp,nat-oop,5894,9846,20.457,1.671,5.654e-16,chain3,0
2175,1,z:ilp,nat-oop,5781,9865,20.857,1.706,5.654e-16,chain3,1
2176,1,z:ilp,nat-oop,2719,5790,44.360,2.129,6.575e-16,chain3,0
2176,1,z:ilp,nat-oop,2744,5783,43.969,2.108,6.575e-16,chain3,1
2177,1,z:ilp,nat-oop,22704,22180,5.316,0.977,9.105e-16,prime,0
2177,1,z:ilp,nat-oop,22154,22245,5.448,1.004,9.105e-16,prime,1
2178,1,z:ilp,nat-oop,4977,3952,24.263,0.794,1.039e-15,flat,0
2178,1,z:ilp,nat-oop,4855,3903,24.872,0.804,1.039e-15,flat,1
2179,1,z:ilp,nat-oop,22965,22070,5.261,0.961,8.029e-16,prime,0
2179,1,z:ilp,nat-oop,22543,22105,5.359,0.981,8.029e-16,prime,1
2180,1,z:ilp,nat-oop,23134,35188,5.225,1.521,9.611e-16,prime,0
2180,1,z:ilp,nat-oop,22665,35240,5.334,1.555,9.611e-16,prime,1
2181,1,z:ilp,nat-oop,22129,22195,5.466,1.003,8.383e-16,prime,0
2181,1,z:ilp,nat-oop,22683,22181,5.332,0.978,8.383e-16,prime,1
2182,1,z:ilp,nat-oop,23104,22181,5.238,0.960,6.835e-16,prime,0
2182,1,z:ilp,nat-oop,23058,22122,5.248,0.959,6.835e-16,prime,1
2183,1,z:ilp,nat-oop,24319,31124,4.978,1.280,6.282e-16,prime,0
2183,1,z:ilp,nat-oop,22737,31142,5.325,1.370,6.282e-16,prime,1
2184,1,z:ilp,nat-oop,3433,3663,35.287,1.067,7.508e-16,chain3,0
2184,1,z:ilp,nat-oop,3492,3652,34.688,1.046,7.508e-16,chain3,1
2185,1,z:ilp,nat-oop,4993,11535,24.275,2.310,6.984e-16,chain3,0
2185,1,z:ilp,nat-oop,4928,11492,24.595,2.332,6.984e-16,chain3,1
2186,1,z:ilp,nat-oop,23022,22206,5.267,0.965,8.359e-16,prime,0
2186,1,z:ilp,nat-oop,22559,22176,5.375,0.983,8.359e-16,prime,1
2187,1,z:ilp,nat-oop,4168,4527,29.105,1.086,1.101e-15,chain3,0
2187,1,z:ilp,nat-oop,3849,4502,31.520,1.170,1.101e-15,chain3,1
2188,1,z:ilp,nat-oop,22998,22087,5.278,0.960,9.131e-16,prime,0
2188,1,z:ilp,nat-oop,22947,22094,5.290,0.963,9.131e-16,prime,1
2189,1,z:ilp,nat-oop,22522,22190,5.392,0.985,9.021e-16,prime,0
2189,1,z:ilp,nat-oop,22935,22210,5.295,0.968,9.021e-16,prime,1
2190,1,z:ilp,nat-oop,22905,21896,5.305,0.956,7.097e-16,prime,0
2190,1,z:ilp,nat-oop,22504,21889,5.399,0.973,7.097e-16,prime,1
2191,1,z:ilp,nat-oop,22573,22107,5.386,0.979,1.015e-15,prime,0
2191,1,z:ilp,nat-oop,22678,22110,5.361,0.975,1.015e-15,prime,1
2192,1,z:ilp,nat-oop,27541,43928,4.416,1.595,7.230e-16,prime,0
2192,1,z:ilp,nat-oop,22118,43975,5.499,1.988,7.230e-16,prime,1
2193,1,z:ilp,nat-oop,10678,18097,11.397,1.695,7.192e-16,chain3,0
2193,1,z:ilp,nat-oop,8057,18082,15.105,2.244,7.192e-16,chain3,1
2194,1,z:ilp,nat-oop,23021,22290,5.289,0.968,6.743e-16,prime,0
2194,1,z:ilp,nat-oop,23127,22190,5.265,0.960,6.743e-16,prime,1
2195,1,z:ilp,nat-oop,22599,22094,5.391,0.978,1.012e-15,prime,0
2195,1,z:ilp,nat-oop,22708,22097,5.365,0.973,1.012e-15,prime,1
2196,1,z:ilp,nat-oop,22739,18152,5.360,0.798,6.635e-16,prime,0
2196,1,z:ilp,nat-oop,28748,18163,4.240,0.632,6.635e-16,prime,1
2197,1,z:ilp,nat-oop,4106,4128,29.704,1.005,1.041e-15,flat,0
2197,1,z:ilp,nat-oop,4119,4119,29.603,1.000,1.041e-15,flat,1
2198,1,z:ilp,nat-oop,22732,22243,5.367,0.979,8.680e-16,prime,0
2198,1,z:ilp,nat-oop,22735,22233,5.367,0.978,8.680e-16,prime,1
2199,1,z:ilp,nat-oop,23489,22101,5.197,0.941,1.069e-15,prime,0
2199,1,z:ilp,nat-oop,22939,22063,5.322,0.962,1.069e-15,prime,1
2200,1,z:ilp,nat-oop,3188,3617,38.309,1.134,7.893e-16,flat,0
2200,1,z:ilp,nat-oop,3253,3629,37.546,1.116,7.893e-16,flat,1
2201,1,z:ilp,nat-oop,22688,34797,5.386,1.534,8.960e-16,prime,0
2201,1,z:ilp,nat-oop,22762,34778,5.369,1.528,8.960e-16,prime,1
2202,1,z:ilp,nat-oop,22731,22242,5.379,0.978,9.083e-16,prime,0
2202,1,z:ilp,nat-oop,22146,22239,5.521,1.004,9.083e-16,prime,1
2203,1,z:ilp,nat-oop,22564,22121,5.421,0.980,8.556e-16,prime,0
2203,1,z:ilp,nat-oop,22528,22315,5.430,0.991,8.556e-16,prime,1
2204,1,z:ilp,nat-oop,5169,10920,23.678,2.113,8.434e-16,flat,0
2204,1,z:ilp,nat-oop,5958,10934,20.541,1.835,8.434e-16,flat,1
2205,1,z:ilp,nat-oop,3669,4116,33.370,1.122,8.035e-16,chain3,0
2205,1,z:ilp,nat-oop,3528,4105,34.712,1.164,8.035e-16,chain3,1
2206,1,z:ilp,nat-oop,22590,22263,5.423,0.986,7.788e-16,prime,0
2206,1,z:ilp,nat-oop,22534,22223,5.437,0.986,7.788e-16,prime,1
2207,1,z:ilp,nat-oop,22506,22119,5.446,0.983,9.732e-16,prime,0
2207,1,z:ilp,nat-oop,22751,22188,5.388,0.975,9.732e-16,prime,1
2208,1,z:ilp,nat-oop,3971,7212,30.885,1.816,6.052e-16,chain3,0
2208,1,z:ilp,nat-oop,3818,7232,32.124,1.894,6.052e-16,chain3,1
2209,1,z:ilp,nat-oop,7533,30538,16.289,4.054,1.882e-15,flat,0
2209,1,z:ilp,nat-oop,7637,30517,16.067,3.996,1.882e-15,flat,1
2210,1,z:ilp,nat-oop,3893,6915,31.534,1.776,6.619e-16,chain3,0
2210,1,z:ilp,nat-oop,3868,6910,31.735,1.786,6.619e-16,chain3,1
2211,1,z:ilp,nat-oop,29027,25986,4.231,0.895,6.558e-16,prime,0
2211,1,z:ilp,nat-oop,22621,25979,5.430,1.148,6.558e-16,prime,1
2212,1,z:ilp,nat-oop,22945,24135,5.356,1.052,7.091e-16,prime,0
2212,1,z:ilp,nat-oop,23168,24124,5.304,1.041,7.091e-16,prime,1
2213,1,z:ilp,nat-oop,23071,22217,5.329,0.963,7.970e-16,prime,0
2213,1,z:ilp,nat-oop,22517,22196,5.460,0.986,7.970e-16,prime,1
2214,1,z:ilp,nat-oop,6577,11518,18.703,1.751,7.797e-16,chain3,0
2214,1,z:ilp,nat-oop,6625,11533,18.569,1.741,7.797e-16,chain3,1
2215,1,z:ilp,nat-oop,22754,22282,5.409,0.979,8.548e-16,prime,0
2215,1,z:ilp,nat-oop,22201,22065,5.544,0.994,8.548e-16,prime,1
2216,1,z:ilp,nat-oop,22142,22176,5.561,1.001,7.092e-16,prime,0
2216,1,z:ilp,nat-oop,23078,22119,5.336,0.958,7.092e-16,prime,1
2217,1,z:ilp,nat-oop,22701,22228,5.427,0.979,7.265e-16,prime,0
2217,1,z:ilp,nat-oop,22689,22223,5.430,0.979,7.265e-16,prime,1
2218,1,z:ilp,nat-oop,22513,22246,5.475,0.988,8.615e-16,prime,0
2218,1,z:ilp,nat-oop,23127,22248,5.330,0.962,8.615e-16,prime,1
2219,1,z:ilp,nat-oop,23452,22184,5.259,0.946,8.565e-16,prime,0
2219,1,z:ilp,nat-oop,23412,22149,5.268,0.946,8.565e-16,prime,1
2220,1,z:ilp,nat-oop,4546,10460,27.144,2.301,6.561e-16,chain3,0
2220,1,z:ilp,nat-oop,4240,10453,29.099,2.465,6.561e-16,chain3,1
2221,1,z:ilp,nat-oop,20727,22236,5.956,1.073,3.531e-15,prime,0
2221,1,z:ilp,nat-oop,20678,22225,5.970,1.075,3.531e-15,prime,1
2222,1,z:ilp,nat-oop,22515,34144,5.486,1.517,7.602e-16,prime,0
2222,1,z:ilp,nat-oop,22549,34106,5.478,1.513,7.602e-16,prime,1
2223,1,z:ilp,nat-oop,4301,7230,28.734,1.681,1.197e-15,flat,0
2223,1,z:ilp,nat-oop,4516,7229,27.366,1.601,1.197e-15,flat,1
2224,1,z:ilp,nat-oop,22888,44484,5.402,1.944,7.088e-16,prime,0
2224,1,z:ilp,nat-oop,22866,44455,5.407,1.944,7.088e-16,prime,1
2225,1,z:ilp,nat-oop,23188,38942,5.335,1.679,6.718e-16,prime,0
2225,1,z:ilp,nat-oop,22738,38926,5.441,1.712,6.718e-16,prime,1
2226,1,z:ilp,nat-oop,22528,15521,5.494,0.689,8.132e-16,prime,0
2226,1,z:ilp,nat-oop,22564,15574,5.485,0.690,8.132e-16,prime,1
2227,1,z:ilp,nat-oop,22195,22186,5.579,1.000,8.652e-16,prime,0
2227,1,z:ilp,nat-oop,22188,22189,5.581,1.000,8.652e-16,prime,1
2228,1,z:ilp,nat-oop,23071,22122,5.370,0.959,8.603e-16,prime,0
2228,1,z:ilp,nat-oop,23501,22203,5.272,0.945,8.603e-16,prime,1
2229,1,z:ilp,nat-oop,22922,22321,5.408,0.974,1.017e-15,prime,0
2229,1,z:ilp,nat-oop,23457,22222,5.284,0.947,1.017e-15,prime,1
2230,1,z:ilp,nat-oop,23160,22239,5.355,0.960,7.104e-16,prime,0
2230,1,z:ilp,nat-oop,23117,22218,5.365,0.961,7.104e-16,prime,1
2231,1,z:ilp,nat-oop,23121,22142,5.367,0.958,7.527e-16,prime,0
2231,1,z:ilp,nat-oop,23130,22143,5.365,0.957,7.527e-16,prime,1
2232,1,z:ilp,nat-oop,4795,9031,25.889,1.883,8.317e-16,flat,0
2232,1,z:ilp,nat-oop,4832,9050,25.693,1.873,8.317e-16,flat,1
2233,1,z:ilp,nat-oop,6085,9858,20.413,1.620,6.651e-16,chain3,0
2233,1,z:ilp,nat-oop,5194,9848,23.913,1.896,6.651e-16,chain3,1
2234,1,z:ilp,nat-oop,22693,22251,5.476,0.981,8.159e-16,prime,0
2234,1,z:ilp,nat-oop,22852,22236,5.438,0.973,8.159e-16,prime,1
2235,1,z:ilp,nat-oop,34339,22102,3.621,0.644,7.370e-16,prime,0
2235,1,z:ilp,nat-oop,23555,22151,5.278,0.940,7.370e-16,prime,1
2236,1,z:ilp,nat-oop,5103,12351,24.377,2.420,7.821e-16,chain3,0
2236,1,z:ilp,nat-oop,4961,12337,25.076,2.487,7.821e-16,chain3,1
2237,1,z:ilp,nat-oop,23132,22253,5.380,0.962,9.794e-16,prime,0
2237,1,z:ilp,nat-oop,23063,22243,5.397,0.964,9.794e-16,prime,1
2238,1,z:ilp,nat-oop,22186,22271,5.613,1.004,8.821e-16,prime,0
2238,1,z:ilp,nat-oop,22714,22230,5.482,0.979,8.821e-16,prime,1
2239,1,z:ilp,nat-oop,23020,22101,5.412,0.960,8.265e-16,prime,0
2239,1,z:ilp,nat-oop,23071,22069,5.400,0.957,8.265e-16,prime,1
2240,1,z:ilp,nat-oop,2053,3243,60.728,1.580,4.172e-16,ztt,0
2240,1,z:ilp,nat-oop,2057,3226,60.598,1.569,4.172e-16,ztt,1
2241,1,z:ilp,nat-oop,22845,34975,5.459,1.531,7.434e-16,prime,0
2241,1,z:ilp,nat-oop,23004,35004,5.421,1.522,7.434e-16,prime,1
2242,1,z:ilp,nat-oop,23128,20158,5.395,0.872,5.857e-16,prime,0
2242,1,z:ilp,nat-oop,23095,20158,5.403,0.873,5.857e-16,prime,1
2243,1,z:ilp,nat-oop,22645,22131,5.513,0.977,8.362e-16,prime,0
2243,1,z:ilp,nat-oop,22190,22162,5.626,0.999,8.362e-16,prime,1
2244,1,z:ilp,nat-oop,3040,6367,41.090,2.095,5.814e-16,chain3,0
2244,1,z:ilp,nat-oop,3002,6356,41.605,2.117,5.814e-16,chain3,1
2245,1,z:ilp,nat-oop,23136,22394,5.401,0.968,6.875e-16,prime,0
2245,1,z:ilp,nat-oop,22842,22248,5.471,0.974,6.875e-16,prime,1
2246,1,z:ilp,nat-oop,22698,22264,5.508,0.981,7.259e-16,prime,0
2246,1,z:ilp,nat-oop,22189,22221,5.635,1.001,7.259e-16,prime,1
2247,1,z:ilp,nat-oop,22611,22126,5.532,0.979,7.264e-16,prime,0
2247,1,z:ilp,nat-oop,22621,22153,5.530,0.979,7.264e-16,prime,1
2248,1,z:ilp,nat-oop,22192,22160,5.639,0.999,8.884e-16,prime,0
2248,1,z:ilp,nat-oop,22212,22148,5.634,0.997,8.884e-16,prime,1
2249,1,z:ilp,nat-oop,23085,22274,5.424,0.965,9.521e-16,prime,0
2249,1,z:ilp,nat-oop,22597,22225,5.541,0.984,9.521e-16,prime,1
2250,1,z:ilp,nat-oop,3479,3836,36.010,1.103,1.170e-15,chain3,0
2250,1,z:ilp,nat-oop,3475,3844,36.054,1.106,1.170e-15,chain3,1
2251,1,z:ilp,nat-oop,16123,22252,7.774,1.380,3.190e-15,prime,0
2251,1,z:ilp,nat-oop,16002,22264,7.833,1.391,3.190e-15,prime,1
2252,1,z:ilp,nat-oop,22708,22208,5.522,0.978,8.677e-16,prime,0
2252,1,z:ilp,nat-oop,22775,22243,5.506,0.977,8.677e-16,prime,1
2253,1,z:ilp,nat-oop,22575,22226,5.558,0.985,8.504e-16,prime,0
2253,1,z:ilp,nat-oop,22729,22263,5.520,0.980,8.504e-16,prime,1
2254,1,z:ilp,nat-oop,5638,7871,22.265,1.396,6.233e-16,flat,0
2254,1,z:ilp,nat-oop,5771,7862,21.752,1.362,6.233e-16,flat,1
2255,1,z:ilp,nat-oop,5869,14734,21.398,2.510,5.977e-16,chain3,0
2255,1,z:ilp,nat-oop,6036,14731,20.808,2.441,5.977e-16,chain3,1
2256,1,z:ilp,nat-oop,4990,13613,25.181,2.728,6.268e-16,chain3,0
2256,1,z:ilp,nat-oop,5204,13598,24.146,2.613,6.268e-16,chain3,1
2257,1,z:ilp,nat-oop,23109,33515,5.440,1.450,6.655e-16,prime,0
2257,1,z:ilp,nat-oop,22639,33508,5.553,1.480,6.655e-16,prime,1
2258,1,z:ilp,nat-oop,22747,22262,5.530,0.979,7.884e-16,prime,0
2258,1,z:ilp,nat-oop,23005,22332,5.468,0.971,7.884e-16,prime,1
2259,1,z:ilp,nat-oop,22140,22268,5.684,1.006,8.978e-16,prime,0
2259,1,z:ilp,nat-oop,22206,22171,5.667,0.998,8.978e-16,prime,1
2260,1,z:ilp,nat-oop,22531,37889,5.588,1.682,9.354e-16,prime,0
2260,1,z:ilp,nat-oop,23076,37876,5.456,1.641,9.354e-16,prime,1
2261,1,z:ilp,nat-oop,4441,9957,28.365,2.242,9.877e-16,flat,0
2261,1,z:ilp,nat-oop,4482,9959,28.103,2.222,9.877e-16,flat,1
2262,1,z:ilp,nat-oop,5325,8829,23.669,1.658,8.557e-16,chain3,0
2262,1,z:ilp,nat-oop,5328,8809,23.656,1.654,8.557e-16,chain3,1
2263,1,z:ilp,nat-oop,22646,36977,5.568,1.633,8.657e-16,prime,0
2263,1,z:ilp,nat-oop,22718,36989,5.550,1.628,8.657e-16,prime,1
2264,1,z:ilp,nat-oop,22510,22159,5.604,0.984,8.523e-16,prime,0
2264,1,z:ilp,nat-oop,22438,22220,5.623,0.990,8.523e-16,prime,1
2265,1,z:ilp,nat-oop,23035,22239,5.480,0.965,8.496e-16,prime,0
2265,1,z:ilp,nat-oop,23443,22288,5.384,0.951,8.496e-16,prime,1
2266,1,z:ilp,nat-oop,22505,34641,5.611,1.539,9.057e-16,prime,0
2266,1,z:ilp,nat-oop,23168,34646,5.451,1.495,9.057e-16,prime,1
2267,1,z:ilp,nat-oop,22790,22159,5.544,0.972,9.268e-16,prime,0
2267,1,z:ilp,nat-oop,22995,22170,5.495,0.964,9.268e-16,prime,1
2268,1,z:ilp,nat-oop,2934,3887,43.090,1.325,5.945e-16,chain3,0
2268,1,z:ilp,nat-oop,2928,3889,43.174,1.328,5.945e-16,chain3,1
2269,1,z:ilp,nat-oop,16971,22294,7.452,1.314,2.507e-15,prime,0
2269,1,z:ilp,nat-oop,18799,22331,6.728,1.188,2.507e-15,prime,1
2270,1,z:ilp,nat-oop,22750,22385,5.562,0.984,1.008e-15,prime,0
2270,1,z:ilp,nat-oop,23145,22285,5.467,0.963,1.008e-15,prime,1
2271,1,z:ilp,nat-oop,22721,22259,5.572,0.980,8.865e-16,prime,0
2271,1,z:ilp,nat-oop,31728,22163,3.990,0.699,8.865e-16,prime,1
2272,1,z:ilp,nat-oop,22980,21844,5.512,0.951,8.508e-16,prime,0
2272,1,z:ilp,nat-oop,23143,21830,5.473,0.943,8.508e-16,prime,1
2273,1,z:ilp,nat-oop,22529,22222,5.625,0.986,8.262e-16,prime,0
2273,1,z:ilp,nat-oop,22519,22282,5.628,0.990,8.262e-16,prime,1
2274,1,z:ilp,nat-oop,23155,22326,5.476,0.964,9.735e-16,prime,0
2274,1,z:ilp,nat-oop,22531,22313,5.627,0.990,9.735e-16,prime,1
2275,1,z:ilp,nat-oop,3778,4159,33.577,1.101,5.625e-16,chain3,0
2275,1,z:ilp,nat-oop,4057,4174,31.266,1.029,5.625e-16,chain3,1
2276,1,z:ilp,nat-oop,27527,22195,4.611,0.806,9.722e-16,prime,0
2276,1,z:ilp,nat-oop,22216,22249,5.713,1.001,9.722e-16,prime,1
2277,1,z:ilp,nat-oop,5174,8476,24.541,1.638,6.287e-16,chain3,0
2277,1,z:ilp,nat-oop,4759,8484,26.680,1.783,6.287e-16,chain3,1
2278,1,z:ilp,nat-oop,22620,22946,5.616,1.014,8.551e-16,prime,0
2278,1,z:ilp,nat-oop,22562,22999,5.631,1.019,8.551e-16,prime,1
2279,1,z:ilp,nat-oop,22539,32740,5.639,1.453,7.564e-16,prime,0
2279,1,z:ilp,nat-oop,22981,32743,5.531,1.425,7.564e-16,prime,1
2280,1,z:ilp,nat-oop,3059,6583,41.572,2.152,5.322e-16,chain3,0
2280,1,z:ilp,nat-oop,3009,6573,42.264,2.185,5.322e-16,chain3,1
2281,1,z:ilp,nat-oop,12766,22247,9.966,1.743,1.597e-15,prime,0
2281,1,z:ilp,nat-oop,12456,22289,10.215,1.790,1.597e-15,prime,1
2282,1,z:ilp,nat-oop,22519,22285,5.653,0.990,8.419e-16,prime,0
2282,1,z:ilp,nat-oop,22579,22291,5.638,0.987,8.419e-16,prime,1
2283,1,z:ilp,nat-oop,22721,22157,5.605,0.975,1.115e-15,prime,0
2283,1,z:ilp,nat-oop,22745,22130,5.599,0.973,1.115e-15,prime,1
2284,1,z:ilp,nat-oop,22832,22311,5.581,0.977,7.057e-16,prime,0
2284,1,z:ilp,nat-oop,22743,22167,5.602,0.975,7.057e-16,prime,1
2285,1,z:ilp,nat-oop,22197,22317,5.743,1.005,7.443e-16,prime,0
2285,1,z:ilp,nat-oop,23164,22303,5.503,0.963,7.443e-16,prime,1
2286,1,z:ilp,nat-oop,23179,42826,5.503,1.848,8.200e-16,prime,0
2286,1,z:ilp,nat-oop,22171,42705,5.753,1.926,8.200e-16,prime,1
2287,1,z:ilp,nat-oop,22656,22255,5.632,0.982,9.214e-16,prime,0
2287,1,z:ilp,nat-oop,23151,22189,5.512,0.958,9.214e-16,prime,1
2288,1,z:ilp,nat-oop,2840,3634,44.958,1.280,6.870e-16,chain3,0
2288,1,z:ilp,nat-oop,2892,3629,44.149,1.255,6.870e-16,chain3,1
2289,1,z:ilp,nat-oop,23498,22267,5.436,0.948,9.554e-16,prime,0
2289,1,z:ilp,nat-oop,23496,22236,5.436,0.946,9.554e-16,prime,1
2290,1,z:ilp,nat-oop,22215,22290,5.753,1.003,7.533e-16,prime,0
2290,1,z:ilp,nat-oop,22805,22339,5.604,0.980,7.533e-16,prime,1
2291,1,z:ilp,nat-oop,23145,39697,5.524,1.715,8.389e-16,prime,0
2291,1,z:ilp,nat-oop,23207,39728,5.509,1.712,8.389e-16,prime,1
2292,1,z:ilp,nat-oop,23058,22242,5.548,0.965,9.603e-16,prime,0
2292,1,z:ilp,nat-oop,22943,22301,5.575,0.972,9.603e-16,prime,1
2293,1,z:ilp,nat-oop,23161,22417,5.526,0.968,7.877e-16,prime,0
2293,1,z:ilp,nat-oop,32465,22243,3.942,0.685,7.877e-16,prime,1
2294,1,z:ilp,nat-oop,9197,16037,13.923,1.744,1.873e-15,flat,0
2294,1,z:ilp,nat-oop,7748,16045,16.526,2.071,1.873e-15,flat,1
2295,1,z:ilp,nat-oop,4118,7230,31.111,1.756,8.769e-16,chain3,0
2295,1,z:ilp,nat-oop,3944,7231,32.485,1.834,8.769e-16,chain3,1
2296,1,z:ilp,nat-oop,5436,11903,23.577,2.189,6.822e-16,flat,0
2296,1,z:ilp,nat-oop,5434,11894,23.589,2.189,6.822e-16,flat,1
2297,1,z:ilp,nat-oop,23501,22330,5.457,0.950,8.337e-16,prime,0
2297,1,z:ilp,nat-oop,22537,22201,5.690,0.985,8.337e-16,prime,1
2298,1,z:ilp,nat-oop,22584,22289,5.681,0.987,8.739e-16,prime,0
2298,1,z:ilp,nat-oop,23215,22332,5.527,0.962,8.739e-16,prime,1
2299,1,z:ilp,nat-oop,5160,7036,24.877,1.364,1.046e-15,flat,0
2299,1,z:ilp,nat-oop,4518,7029,28.412,1.556,1.046e-15,flat,1
2300,1,z:ilp,nat-oop,4421,7499,29.046,1.696,6.369e-16,chain3,0
2300,1,z:ilp,nat-oop,4083,7486,31.456,1.834,6.369e-16,chain3,1
2301,1,z:ilp,nat-oop,23043,23253,5.576,1.009,7.257e-16,prime,0
2301,1,z:ilp,nat-oop,23527,23267,5.461,0.989,7.257e-16,prime,1
2302,1,z:ilp,nat-oop,22745,22379,5.652,0.984,1.045e-15,prime,0
2302,1,z:ilp,nat-oop,22231,22432,5.782,1.009,1.045e-15,prime,1
2303,1,z:ilp,nat-oop,8256,17430,15.577,2.111,7.599e-16,chain3,0
2303,1,z:ilp,nat-oop,8287,17419,15.520,2.102,7.599e-16,chain3,1
2304,1,z:ilp,nat-oop,2156,3779,59.685,1.753,5.581e-16,ztt,0
2304,1,z:ilp,nat-oop,2147,3779,59.922,1.760,5.581e-16,ztt,1
2305,1,z:ilp,nat-oop,22595,24519,5.698,1.085,8.511e-16,prime,0
2305,1,z:ilp,nat-oop,22653,24628,5.683,1.087,8.511e-16,prime,1
2306,1,z:ilp,nat-oop,23106,24533,5.574,1.062,1.131e-15,prime,0
2306,1,z:ilp,nat-oop,23150,24518,5.564,1.059,1.131e-15,prime,1
2307,1,z:ilp,nat-oop,22664,24402,5.686,1.077,7.194e-16,prime,0
2307,1,z:ilp,nat-oop,22788,24448,5.655,1.073,7.194e-16,prime,1
2308,1,z:ilp,nat-oop,22768,24413,5.663,1.072,8.172e-16,prime,0
2308,1,z:ilp,nat-oop,22733,24411,5.672,1.074,8.172e-16,prime,1
2309,1,z:ilp,nat-oop,22788,24528,5.661,1.076,8.785e-16,prime,0
2309,1,z:ilp,nat-oop,22609,24513,5.705,1.084,8.785e-16,prime,1
2310,1,z:ilp,nat-oop,3698,3932,34.903,1.063,7.211e-16,chain3,0
2310,1,z:ilp,nat-oop,3462,3957,37.283,1.143,7.211e-16,chain3,1
2311,1,z:ilp,nat-oop,14686,24386,8.792,1.660,2.135e-15,prime,0
2311,1,z:ilp,nat-oop,12840,24423,10.056,1.902,2.135e-15,prime,1
2312,1,z:ilp,nat-oop,4457,8477,28.984,1.902,8.515e-16,chain3,0
2312,1,z:ilp,nat-oop,4211,8471,30.680,2.012,8.515e-16,chain3,1
2313,1,z:ilp,nat-oop,22534,24577,5.736,1.091,8.084e-16,prime,0
2313,1,z:ilp,nat-oop,23175,24582,5.577,1.061,8.084e-16,prime,1
2314,1,z:ilp,nat-oop,28422,30618,4.550,1.077,6.354e-16,prime,0
2314,1,z:ilp,nat-oop,22195,30640,5.826,1.380,6.354e-16,prime,1
2315,1,z:ilp,nat-oop,23041,24393,5.615,1.059,1.004e-15,prime,0
2315,1,z:ilp,nat-oop,23150,24437,5.588,1.056,1.004e-15,prime,1
2316,1,z:ilp,nat-oop,22187,24398,5.834,1.100,7.844e-16,prime,0
2316,1,z:ilp,nat-oop,33864,24404,3.822,0.721,7.844e-16,prime,1
2317,1,z:ilp,nat-oop,23130,24545,5.599,1.061,7.564e-16,prime,0
2317,1,z:ilp,nat-oop,22225,24520,5.827,1.103,7.564e-16,prime,1
2318,1,z:ilp,nat-oop,22763,21687,5.692,0.953,8.646e-16,prime,0
2318,1,z:ilp,nat-oop,22233,21679,5.827,0.975,8.646e-16,prime,1
2319,1,z:ilp,nat-oop,36355,24458,3.566,0.673,7.056e-16,prime,0
2319,1,z:ilp,nat-oop,23123,24434,5.606,1.057,7.056e-16,prime,1
2320,1,z:ilp,nat-oop,4380,8605,29.607,1.965,6.239e-16,flat,0
2320,1,z:ilp,nat-oop,4973,8588,26.079,1.727,6.239e-16,flat,1
2321,1,z:ilp,nat-oop,22949,24523,5.654,1.069,7.187e-16,prime,0
2321,1,z:ilp,nat-oop,23197,24517,5.593,1.057,7.187e-16,prime,1
2322,1,z:ilp,nat-oop,10561,12629,12.292,1.196,5.299e-16,chain3,0
2322,1,z:ilp,nat-oop,8073,12627,16.079,1.564,5.299e-16,chain3,1
2323,1,z:ilp,nat-oop,22687,24384,5.725,1.075,7.885e-16,prime,0
2323,1,z:ilp,nat-oop,22188,24438,5.853,1.101,7.885e-16,prime,1
2324,1,z:ilp,nat-oop,22785,26765,5.703,1.175,9.437e-16,prime,0
2324,1,z:ilp,nat-oop,22725,26774,5.718,1.178,9.437e-16,prime,1
2325,1,z:ilp,nat-oop,8742,11114,14.870,1.271,8.405e-16,chain3,0
2325,1,z:ilp,nat-oop,6837,11113,19.015,1.625,8.405e-16,chain3,1
2326,1,z:ilp,nat-oop,22520,24598,5.776,1.092,9.443e-16,prime,0
2326,1,z:ilp,nat-oop,22450,24554,5.794,1.094,9.443e-16,prime,1
2327,1,z:ilp,nat-oop,22753,24429,5.719,1.074,8.746e-16,prime,0
2327,1,z:ilp,nat-oop,22752,24465,5.720,1.075,8.746e-16,prime,1
2328,1,z:ilp,nat-oop,22554,32956,5.772,1.461,6.937e-16,prime,0
2328,1,z:ilp,nat-oop,22533,33018,5.778,1.465,6.937e-16,prime,1
2329,1,z:ilp,nat-oop,22952,24578,5.675,1.071,9.893e-16,prime,0
2329,1,z:ilp,nat-oop,22988,24581,5.666,1.069,9.893e-16,prime,1
2330,1,z:ilp,nat-oop,22906,24595,5.689,1.074,7.342e-16,prime,0
2330,1,z:ilp,nat-oop,22757,24532,5.727,1.078,7.342e-16,prime,1
2331,1,z:ilp,nat-oop,9788,13633,13.320,1.393,5.766e-16,chain3,0
2331,1,z:ilp,nat-oop,6838,13624,19.067,1.992,5.766e-16,chain3,1
2332,1,z:ilp,nat-oop,22792,16409,5.723,0.720,8.510e-16,prime,0
2332,1,z:ilp,nat-oop,22715,16416,5.743,0.723,8.510e-16,prime,1
2333,1,z:ilp,nat-oop,22178,24581,5.885,1.108,9.386e-16,prime,0
2333,1,z:ilp,nat-oop,22632,24577,5.766,1.086,9.386e-16,prime,1
2334,1,z:ilp,nat-oop,22796,24513,5.728,1.075,8.760e-16,prime,0
2334,1,z:ilp,nat-oop,22741,24575,5.742,1.081,8.760e-16,prime,1
2335,1,z:ilp,nat-oop,28919,24475,4.517,0.846,7.441e-16,prime,0
2335,1,z:ilp,nat-oop,23107,24424,5.653,1.057,7.441e-16,prime,1
2336,1,z:ilp,nat-oop,23090,23340,5.660,1.011,1.049e-15,prime,0
2336,1,z:ilp,nat-oop,22905,23368,5.706,1.020,1.049e-15,prime,1
2337,1,z:ilp,nat-oop,7227,19081,18.093,2.640,7.507e-16,chain3,0
2337,1,z:ilp,nat-oop,7450,19163,17.551,2.572,7.507e-16,chain3,1
2338,1,z:ilp,nat-oop,22795,24600,5.739,1.079,7.366e-16,prime,0
2338,1,z:ilp,nat-oop,22804,24583,5.737,1.078,7.366e-16,prime,1
2339,1,z:ilp,nat-oop,22160,24456,5.906,1.104,8.159e-16,prime,0
2339,1,z:ilp,nat-oop,22209,24421,5.893,1.100,8.159e-16,prime,1
2340,1,z:ilp,nat-oop,3013,3977,43.468,1.320,7.580e-16,chain3,0
2340,1,z:ilp,nat-oop,3010,3986,43.507,1.324,7.580e-16,chain3,1
2341,1,z:ilp,nat-oop,11315,24543,11.578,2.169,1.835e-15,prime,0
2341,1,z:ilp,nat-oop,11486,24588,11.407,2.141,1.835e-15,prime,1
2342,1,z:ilp,nat-oop,23133,24584,5.666,1.063,6.852e-16,prime,0
2342,1,z:ilp,nat-oop,22989,24576,5.702,1.069,6.852e-16,prime,1
2343,1,z:ilp,nat-oop,22734,29472,5.768,1.296,7.656e-16,prime,0
2343,1,z:ilp,nat-oop,22779,29466,5.757,1.294,7.656e-16,prime,1
2344,1,z:ilp,nat-oop,26865,24437,4.884,0.910,1.100e-15,prime,0
2344,1,z:ilp,nat-oop,22562,24500,5.815,1.086,1.100e-15,prime,1
2345,1,z:ilp,nat-oop,22675,27562,5.789,1.215,6.845e-16,prime,0
2345,1,z:ilp,nat-oop,22687,27559,5.786,1.215,6.845e-16,prime,1
2346,1,z:ilp,nat-oop,4625,9861,28.393,2.132,8.679e-16,chain3,0
2346,1,z:ilp,nat-oop,4629,9866,28.368,2.131,8.679e-16,chain3,1
2347,1,z:ilp,nat-oop,17580,24481,7.474,1.393,2.337e-15,prime,0
2347,1,z:ilp,nat-oop,16822,24417,7.811,1.452,2.337e-15,prime,1
2348,1,z:ilp,nat-oop,22777,24518,5.772,1.076,7.050e-16,prime,0
2348,1,z:ilp,nat-oop,22183,24525,5.926,1.106,7.050e-16,prime,1
2349,1,z:ilp,nat-oop,5507,11014,23.880,2.000,7.888e-16,chain3,0
2349,1,z:ilp,nat-oop,7584,11024,17.342,1.454,7.888e-16,chain3,1
2350,1,z:ilp,nat-oop,11417,14370,11.525,1.259,5.015e-16,chain3,0
2350,1,z:ilp,nat-oop,11735,14419,11.213,1.229,5.015e-16,chain3,1
2351,1,z:ilp,nat-oop,22735,24454,5.790,1.076,9.115e-16,prime,0
2351,1,z:ilp,nat-oop,22664,24495,5.808,1.081,9.115e-16,prime,1
2352,1,z:ilp,nat-oop,2300,3452,57.253,1.501,5.654e-16,ztt,0
2352,1,z:ilp,nat-oop,2278,3462,57.812,1.519,5.654e-16,ztt,1
2353,1,z:ilp,nat-oop,22277,24608,5.915,1.105,8.274e-16,prime,0
2353,1,z:ilp,nat-oop,22773,24612,5.786,1.081,8.274e-16,prime,1
2354,1,z:ilp,nat-oop,22956,37419,5.743,1.630,6.499e-16,prime,0
2354,1,z:ilp,nat-oop,23148,37427,5.695,1.617,6.499e-16,prime,1
2355,1,z:ilp,nat-oop,22753,24542,5.797,1.079,8.168e-16,prime,0
2355,1,z:ilp,nat-oop,22665,24430,5.819,1.078,8.168e-16,prime,1
2356,1,z:ilp,nat-oop,6454,12095,20.445,1.874,6.271e-16,chain3,0
2356,1,z:ilp,nat-oop,6930,12098,19.042,1.746,6.271e-16,chain3,1
2357,1,z:ilp,nat-oop,22798,24537,5.791,1.076,6.664e-16,prime,0
2357,1,z:ilp,nat-oop,23156,24616,5.701,1.063,6.664e-16,prime,1
2358,1,z:ilp,nat-oop,22779,45604,5.799,2.002,8.722e-16,prime,0
2358,1,z:ilp,nat-oop,22769,45613,5.801,2.003,8.722e-16,prime,1
2359,1,z:ilp,nat-oop,22199,24491,5.953,1.103,6.788e-16,prime,0
2359,1,z:ilp,nat-oop,22233,24509,5.944,1.102,6.788e-16,prime,1
2360,1,z:ilp,nat-oop,22713,18472,5.821,0.813,9.451e-16,prime,0
2360,1,z:ilp,nat-oop,22723,18479,5.819,0.813,9.451e-16,prime,1
2361,1,z:ilp,nat-oop,23158,24656,5.712,1.065,8.300e-16,prime,0
2361,1,z:ilp,nat-oop,22639,24624,5.843,1.088,8.300e-16,prime,1
2362,1,z:ilp,nat-oop,23173,24660,5.711,1.064,1.015e-15,prime,0
2362,1,z:ilp,nat-oop,23164,24609,5.713,1.062,1.015e-15,prime,1
2363,1,z:ilp,nat-oop,22954,24517,5.768,1.068,9.589e-16,prime,0
2363,1,z:ilp,nat-oop,22866,24470,5.791,1.070,9.589e-16,prime,1
2364,1,z:ilp,nat-oop,22680,24586,5.841,1.084,9.906e-16,prime,0
2364,1,z:ilp,nat-oop,22627,24503,5.854,1.083,9.906e-16,prime,1
2365,1,z:ilp,nat-oop,11267,16210,11.763,1.439,6.311e-16,chain3,0
2365,1,z:ilp,nat-oop,8135,16255,16.292,1.998,6.311e-16,chain3,1
2366,1,z:ilp,nat-oop,5633,4910,23.539,0.872,1.134e-15,flat,0
2366,1,z:ilp,nat-oop,5712,4914,23.211,0.860,1.134e-15,flat,1
2367,1,z:ilp,nat-oop,22684,24476,5.848,1.079,1.186e-15,prime,0
2367,1,z:ilp,nat-oop,23209,24440,5.716,1.053,1.186e-15,prime,1
2368,1,z:ilp,nat-oop,7923,10622,16.751,1.341,4.791e-16,2p,0
2368,1,z:ilp,nat-oop,8997,10639,14.752,1.183,4.791e-16,2p,1
2369,1,z:ilp,nat-oop,28239,24666,4.702,0.873,8.496e-16,prime,0
2369,1,z:ilp,nat-oop,22582,24637,5.880,1.091,8.496e-16,prime,1
2370,1,z:ilp,nat-oop,23004,25676,5.775,1.116,7.649e-16,prime,0
2370,1,z:ilp,nat-oop,22890,25655,5.804,1.121,7.649e-16,prime,1
2371,1,z:ilp,nat-oop,23171,24528,5.736,1.059,9.151e-16,prime,0
2371,1,z:ilp,nat-oop,22668,24518,5.863,1.082,9.151e-16,prime,1
2372,1,z:ilp,nat-oop,23028,24473,5.774,1.063,1.075e-15,prime,0
2372,1,z:ilp,nat-oop,23194,24500,5.733,1.056,1.075e-15,prime,1
2373,1,z:ilp,nat-oop,23579,24627,5.642,1.044,9.984e-16,prime,0
2373,1,z:ilp,nat-oop,23011,24576,5.781,1.068,9.984e-16,prime,1
2374,1,z:ilp,nat-oop,23183,24600,5.741,1.061,9.263e-16,prime,0
2374,1,z:ilp,nat-oop,23164,24594,5.746,1.062,9.263e-16,prime,1
2375,1,z:ilp,nat-oop,4031,7467,33.034,1.852,6.816e-16,flat,0
2375,1,z:ilp,nat-oop,4558,7466,29.217,1.638,6.816e-16,flat,1
2376,1,z:ilp,nat-oop,4521,4099,29.468,0.907,5.758e-16,chain3,0
2376,1,z:ilp,nat-oop,4059,4061,32.824,1.001,5.758e-16,chain3,1
2377,1,z:ilp,nat-oop,15170,24698,8.786,1.628,2.192e-15,prime,0
2377,1,z:ilp,nat-oop,17466,24593,7.631,1.408,2.192e-15,prime,1
2378,1,z:ilp,nat-oop,9530,17424,13.992,1.828,2.642e-15,flat,0
2378,1,z:ilp,nat-oop,9474,17459,14.076,1.843,2.642e-15,flat,1
2379,1,z:ilp,nat-oop,23186,25587,5.754,1.104,7.255e-16,prime,0
2379,1,z:ilp,nat-oop,22806,25562,5.850,1.121,7.255e-16,prime,1
2380,1,z:ilp,nat-oop,4347,6629,30.708,1.525,6.356e-16,flat,0
2380,1,z:ilp,nat-oop,4179,6627,31.940,1.586,6.356e-16,flat,1
2381,1,z:ilp,nat-oop,22239,24623,6.005,1.107,7.450e-16,prime,0
2381,1,z:ilp,nat-oop,22673,24614,5.890,1.086,7.450e-16,prime,1
2382,1,z:ilp,nat-oop,22587,24642,5.915,1.091,9.984e-16,prime,0
2382,1,z:ilp,nat-oop,33986,24564,3.931,0.723,9.984e-16,prime,1
2383,1,z:ilp,nat-oop,23166,24573,5.770,1.061,8.589e-16,prime,0
2383,1,z:ilp,nat-oop,23559,24529,5.674,1.041,8.589e-16,prime,1
2384,1,z:ilp,nat-oop,22233,52356,6.015,2.355,8.473e-16,prime,0
2384,1,z:ilp,nat-oop,22762,52288,5.875,2.297,8.473e-16,prime,1
2385,1,z:ilp,nat-oop,23142,21593,5.782,0.933,9.267e-16,prime,0
2385,1,z:ilp,nat-oop,22996,21564,5.818,0.938,9.267e-16,prime,1
2386,1,z:ilp,nat-oop,23120,24611,5.790,1.064,7.731e-16,prime,0
2386,1,z:ilp,nat-oop,22580,24623,5.928,1.091,7.731e-16,prime,1
2387,1,z:ilp,nat-oop,6913,11121,19.373,1.609,6.742e-16,chain3,0
2387,1,z:ilp,nat-oop,6852,11130,19.545,1.624,6.742e-16,chain3,1
2388,1,z:ilp,nat-oop,23500,24516,5.702,1.043,7.969e-16,prime,0
2388,1,z:ilp,nat-oop,23124,24518,5.794,1.060,7.969e-16,prime,1
2389,1,z:ilp,nat-oop,22275,24628,6.018,1.106,7.057e-16,prime,0
2389,1,z:ilp,nat-oop,23356,24667,5.739,1.056,7.057e-16,prime,1
2390,1,z:ilp,nat-oop,28955,24645,4.632,0.851,7.253e-16,prime,0
2390,1,z:ilp,nat-oop,22197,24618,6.042,1.109,7.253e-16,prime,1
2391,1,z:ilp,nat-oop,23536,24561,5.701,1.044,7.650e-16,prime,0
2391,1,z:ilp,nat-oop,23579,24530,5.691,1.040,7.650e-16,prime,1
2392,1,z:ilp,nat-oop,5586,7980,24.030,1.428,7.267e-16,chain3,0
2392,1,z:ilp,nat-oop,5725,7976,23.449,1.393,7.267e-16,chain3,1
2393,1,z:ilp,nat-oop,14437,24609,9.302,1.705,2.012e-15,prime,0
2393,1,z:ilp,nat-oop,14523,24550,9.247,1.690,2.012e-15,prime,1
2394,1,z:ilp,nat-oop,4430,7003,30.332,1.581,5.877e-16,chain3,0
2394,1,z:ilp,nat-oop,4234,6997,31.731,1.652,5.877e-16,chain3,1
2395,1,z:ilp,nat-oop,22688,24569,5.925,1.083,8.243e-16,prime,0
2395,1,z:ilp,nat-oop,28435,24509,4.728,0.862,8.243e-16,prime,1
2396,1,z:ilp,nat-oop,22626,24480,5.944,1.082,7.114e-16,prime,0
2396,1,z:ilp,nat-oop,22626,24516,5.944,1.084,7.114e-16,prime,1
2397,1,z:ilp,nat-oop,8432,21545,15.958,2.555,1.589e-15,flat,0
2397,1,z:ilp,nat-oop,8731,21534,15.412,2.466,1.589e-15,flat,1
2398,1,z:ilp,nat-oop,22824,39729,5.898,1.741,6.757e-16,prime,0
2398,1,z:ilp,nat-oop,22217,39775,6.059,1.790,6.757e-16,prime,1
2399,1,z:ilp,nat-oop,23275,24531,5.787,1.054,8.334e-16,prime,0
2399,1,z:ilp,nat-oop,22257,24560,6.051,1.104,8.334e-16,prime,1
2400,1,z:ilp,nat-oop,2477,4032,54.400,1.628,5.048e-16,ztt,0
2400,1,z:ilp,nat-oop,2566,4038,52.522,1.574,5.048e-16,ztt,1
2401,1,z:ilp,nat-oop,4597,4073,29.324,0.886,6.788e-16,flat,0
2401,1,z:ilp,nat-oop,4602,4105,29.293,0.892,6.788e-16,flat,1
2402,1,z:ilp,nat-oop,22859,24585,5.900,1.076,8.529e-16,prime,0
2402,1,z:ilp,nat-oop,22276,24643,6.054,1.106,8.529e-16,prime,1
2403,1,z:ilp,nat-oop,22819,42334,5.913,1.855,8.120e-16,prime,0
2403,1,z:ilp,nat-oop,22423,42292,6.018,1.886,8.120e-16,prime,1
2404,1,z:ilp,nat-oop,22930,24487,5.887,1.068,1.018e-15,prime,0
2404,1,z:ilp,nat-oop,29403,24533,4.591,0.834,1.018e-15,prime,1
2405,1,z:ilp,nat-oop,5787,14092,23.337,2.435,7.098e-16,chain3,0
2405,1,z:ilp,nat-oop,5839,14059,23.129,2.408,7.098e-16,chain3,1
2406,1,z:ilp,nat-oop,22525,24600,5.999,1.092,6.764e-16,prime,0
2406,1,z:ilp,nat-oop,22725,24611,5.946,1.083,6.764e-16,prime,1
2407,1,z:ilp,nat-oop,22615,44470,5.978,1.966,1.047e-15,prime,0
2407,1,z:ilp,nat-oop,23070,44468,5.860,1.928,1.047e-15,prime,1
2408,1,z:ilp,nat-oop,5192,13019,26.052,2.508,5.773e-16,chain3,0
2408,1,z:ilp,nat-oop,5170,13066,26.161,2.527,5.773e-16,chain3,1
2409,1,z:ilp,nat-oop,23018,31609,5.879,1.373,6.855e-16,prime,0
2409,1,z:ilp,nat-oop,22659,31553,5.972,1.392,6.855e-16,prime,1
2410,1,z:ilp,nat-oop,23180,24592,5.840,1.061,8.854e-16,prime,0
2410,1,z:ilp,nat-oop,23166,24602,5.844,1.062,8.854e-16,prime,1
2411,1,z:ilp,nat-oop,22341,24506,6.063,1.097,7.856e-16,prime,0
2411,1,z:ilp,nat-oop,22188,24485,6.104,1.104,7.856e-16,prime,1
2412,1,z:ilp,nat-oop,22688,21932,5.973,0.967,7.881e-16,prime,0
2412,1,z:ilp,nat-oop,23236,21942,5.832,0.944,7.881e-16,prime,1
2413,1,z:ilp,nat-oop,23059,24631,5.879,1.068,7.394e-16,prime,0
2413,1,z:ilp,nat-oop,23168,24615,5.852,1.062,7.394e-16,prime,1
2414,1,z:ilp,nat-oop,22229,25765,6.102,1.159,8.470e-16,prime,0
2414,1,z:ilp,nat-oop,22816,25778,5.945,1.130,8.470e-16,prime,1
2415,1,z:ilp,nat-oop,6449,8948,21.040,1.388,6.789e-16,chain3,0
2415,1,z:ilp,nat-oop,6456,8936,21.020,1.384,6.789e-16,chain3,1
2416,1,z:ilp,nat-oop,22990,24524,5.905,1.067,6.043e-16,prime,0
2416,1,z:ilp,nat-oop,28919,24462,4.695,0.846,6.043e-16,prime,1
2417,1,z:ilp,nat-oop,22178,24584,6.124,1.108,9.687e-16,prime,0
2417,1,z:ilp,nat-oop,22282,24629,6.096,1.105,9.687e-16,prime,1
2418,1,z:ilp,nat-oop,8001,9861,16.984,1.232,1.228e-15,flat,0
2418,1,z:ilp,nat-oop,6690,9846,20.311,1.472,1.228e-15,flat,1
2419,1,z:ilp,nat-oop,23568,36659,5.768,1.555,7.058e-16,prime,0
2419,1,z:ilp,nat-oop,23596,36565,5.762,1.550,7.058e-16,prime,1
2420,1,z:ilp,nat-oop,4228,4452,32.170,1.053,7.126e-16,flat,0
2420,1,z:ilp,nat-oop,4155,4494,32.735,1.082,7.126e-16,flat,1
2421,1,z:ilp,nat-oop,22593,24687,6.023,1.093,9.849e-16,prime,0
2421,1,z:ilp,nat-oop,27874,24632,4.882,0.884,9.849e-16,prime,1
2422,1,z:ilp,nat-oop,23172,24628,5.875,1.063,8.842e-16,prime,0
2422,1,z:ilp,nat-oop,23197,24588,5.869,1.060,8.842e-16,prime,1
2423,1,z:ilp,nat-oop,23569,24527,5.779,1.041,1.064e-15,prime,0
2423,1,z:ilp,nat-oop,23089,24501,5.899,1.061,1.064e-15,prime,1
2424,1,z:ilp,nat-oop,22628,36436,6.022,1.610,7.394e-16,prime,0
2424,1,z:ilp,nat-oop,23253,36466,5.860,1.568,7.394e-16,prime,1
2425,1,z:ilp,nat-oop,22827,24647,5.972,1.080,9.042e-16,prime,0
2425,1,z:ilp,nat-oop,22800,24602,5.979,1.079,9.042e-16,prime,1
2426,1,z:ilp,nat-oop,22267,24610,6.125,1.105,8.163e-16,prime,0
2426,1,z:ilp,nat-oop,22267,24585,6.125,1.104,8.163e-16,prime,1
2427,1,z:ilp,nat-oop,23224,24497,5.876,1.055,8.723e-16,prime,0
2427,1,z:ilp,nat-oop,22251,24491,6.133,1.101,8.723e-16,prime,1
2428,1,z:ilp,nat-oop,22850,24461,5.975,1.071,7.780e-16,prime,0
2428,1,z:ilp,nat-oop,22711,24517,6.011,1.080,7.780e-16,prime,1
2429,1,z:ilp,nat-oop,22654,24644,6.029,1.088,7.500e-16,prime,0
2429,1,z:ilp,nat-oop,23554,24665,5.799,1.047,7.500e-16,prime,1
2430,1,z:ilp,nat-oop,4456,4582,30.666,1.028,7.595e-16,chain3,0
2430,1,z:ilp,nat-oop,4550,4610,30.032,1.013,7.595e-16,chain3,1
2431,1,z:ilp,nat-oop,4301,7293,31.783,1.695,6.849e-16,chain3,0
2431,1,z:ilp,nat-oop,4231,7299,32.311,1.725,6.849e-16,chain3,1
2432,1,z:ilp,nat-oop,3222,6876,42.447,2.134,6.533e-16,chain3,0
2432,1,z:ilp,nat-oop,3307,6873,41.365,2.079,6.533e-16,chain3,1
2433,1,z:ilp,nat-oop,23210,24626,5.896,1.061,8.028e-16,prime,0
2433,1,z:ilp,nat-oop,22245,24606,6.151,1.106,8.028e-16,prime,1
2434,1,z:ilp,nat-oop,22662,24634,6.041,1.087,1.357e-15,prime,0
2434,1,z:ilp,nat-oop,22707,24627,6.029,1.085,1.357e-15,prime,1
2435,1,z:ilp,nat-oop,23066,24687,5.938,1.070,9.901e-16,prime,0
2435,1,z:ilp,nat-oop,22886,24610,5.985,1.075,9.901e-16,prime,1
2436,1,z:ilp,nat-oop,5642,9613,24.288,1.704,5.850e-16,flat,0
2436,1,z:ilp,nat-oop,5101,9591,26.861,1.880,5.850e-16,flat,1
2437,1,z:ilp,nat-oop,20068,24662,6.831,1.229,2.507e-15,prime,0
2437,1,z:ilp,nat-oop,21449,24627,6.392,1.148,2.507e-15,prime,1
2438,1,z:ilp,nat-oop,22668,20805,6.051,0.918,8.452e-16,prime,0
2438,1,z:ilp,nat-oop,22259,20805,6.162,0.935,8.452e-16,prime,1
2439,1,z:ilp,nat-oop,22260,24522,6.164,1.102,7.216e-16,prime,0
2439,1,z:ilp,nat-oop,23227,24527,5.908,1.056,7.216e-16,prime,1
2440,1,z:ilp,nat-oop,22812,20020,6.018,0.878,7.355e-16,prime,0
2440,1,z:ilp,nat-oop,33724,20009,4.071,0.593,7.355e-16,prime,1
2441,1,z:ilp,nat-oop,22822,24654,6.018,1.080,8.161e-16,prime,0
2441,1,z:ilp,nat-oop,22805,24615,6.023,1.079,8.161e-16,prime,1
2442,1,z:ilp,nat-oop,5164,11500,26.611,2.227,4.926e-16,chain3,0
2442,1,z:ilp,nat-oop,5321,11513,25.826,2.164,4.926e-16,chain3,1
2443,1,z:ilp,nat-oop,22747,24553,6.044,1.079,8.531e-16,prime,0
2443,1,z:ilp,nat-oop,22862,24535,6.013,1.073,8.531e-16,prime,1
2444,1,z:ilp,nat-oop,6647,15111,20.691,2.273,8.775e-16,flat,0
2444,1,z:ilp,nat-oop,6306,15057,21.810,2.388,8.775e-16,flat,1
2445,1,z:ilp,nat-oop,22291,24623,6.173,1.105,7.789e-16,prime,0
2445,1,z:ilp,nat-oop,22703,24647,6.061,1.086,7.789e-16,prime,1
2446,1,z:ilp,nat-oop,22894,24671,6.013,1.078,7.545e-16,prime,0
2446,1,z:ilp,nat-oop,22272,24636,6.181,1.106,7.545e-16,prime,1
2447,1,z:ilp,nat-oop,23283,24541,5.915,1.054,7.373e-16,prime,0
2447,1,z:ilp,nat-oop,22712,24541,6.064,1.081,7.373e-16,prime,1
2448,1,z:ilp,nat-oop,3291,6496,41.865,1.974,6.459e-16,chain3,0
2448,1,z:ilp,nat-oop,3310,6485,41.623,1.959,6.459e-16,chain3,1
2449,1,z:ilp,nat-oop,23263,43170,5.926,1.856,7.654e-16,prime,0
2449,1,z:ilp,nat-oop,22636,43178,6.090,1.907,7.654e-16,prime,1
2450,1,z:ilp,nat-oop,4604,4470,29.953,0.971,8.444e-16,flat,0
2450,1,z:ilp,nat-oop,4653,4477,29.644,0.962,8.444e-16,flat,1
2451,1,z:ilp,nat-oop,8284,20758,16.656,2.506,1.504e-15,flat,0
2451,1,z:ilp,nat-oop,7526,20806,18.335,2.765,1.504e-15,flat,1
2452,1,z:ilp,nat-oop,22249,24540,6.204,1.103,7.505e-16,prime,0
2452,1,z:ilp,nat-oop,22834,24539,6.046,1.075,7.505e-16,prime,1
2453,1,z:ilp,nat-oop,29316,24678,4.711,0.842,9.431e-16,prime,0
2453,1,z:ilp,nat-oop,23066,24653,5.988,1.069,9.431e-16,prime,1
2454,1,z:ilp,nat-oop,23240,24662,5.945,1.061,8.593e-16,prime,0
2454,1,z:ilp,nat-oop,22692,24624,6.089,1.085,8.593e-16,prime,1
2455,1,z:ilp,nat-oop,22690,24534,6.092,1.081,7.540e-16,prime,0
2455,1,z:ilp,nat-oop,23606,24540,5.856,1.040,7.540e-16,prime,1
2456,1,z:ilp,nat-oop,22277,24558,6.208,1.102,8.889e-16,prime,0
2456,1,z:ilp,nat-oop,22881,24545,6.044,1.073,8.889e-16,prime,1
2457,1,z:ilp,nat-oop,4193,4794,32.996,1.143,8.285e-16,chain3,0
2457,1,z:ilp,nat-oop,4219,4790,32.796,1.135,8.285e-16,chain3,1
2458,1,z:ilp,nat-oop,22767,24673,6.080,1.084,9.307e-16,prime,0
2458,1,z:ilp,nat-oop,22798,24627,6.072,1.080,9.307e-16,prime,1
2459,1,z:ilp,nat-oop,23069,24555,6.003,1.064,7.506e-16,prime,0
2459,1,z:ilp,nat-oop,22766,24563,6.083,1.079,7.506e-16,prime,1
2460,1,z:ilp,nat-oop,5467,12766,25.345,2.335,6.914e-16,flat,0
2460,1,z:ilp,nat-oop,5487,12792,25.252,2.331,6.914e-16,flat,1
2461,1,z:ilp,nat-oop,23126,24647,5.994,1.066,6.399e-16,prime,0
2461,1,z:ilp,nat-oop,23079,24632,6.006,1.067,6.399e-16,prime,1
2462,1,z:ilp,nat-oop,22294,24721,6.221,1.109,7.950e-16,prime,0
2462,1,z:ilp,nat-oop,22827,24611,6.075,1.078,7.950e-16,prime,1
2463,1,z:ilp,nat-oop,23198,24548,5.981,1.058,7.864e-16,prime,0
2463,1,z:ilp,nat-oop,22284,24578,6.226,1.103,7.864e-16,prime,1
2464,1,z:ilp,nat-oop,2908,4130,47.735,1.420,5.964e-16,chain3,0
2464,1,z:ilp,nat-oop,2870,4119,48.372,1.436,5.964e-16,chain3,1
2465,1,z:ilp,nat-oop,8712,14394,15.940,1.652,1.489e-15,flat,0
2465,1,z:ilp,nat-oop,7754,14387,17.909,1.855,1.489e-15,flat,1
2466,1,z:ilp,nat-oop,23237,50809,5.979,2.187,6.359e-16,prime,0
2466,1,z:ilp,nat-oop,22642,50836,6.136,2.245,6.359e-16,prime,1
2467,1,z:ilp,nat-oop,22265,24609,6.243,1.105,1.092e-15,prime,0
2467,1,z:ilp,nat-oop,23221,24530,5.986,1.056,1.092e-15,prime,1
2468,1,z:ilp,nat-oop,23245,24649,5.982,1.060,1.045e-15,prime,0
2468,1,z:ilp,nat-oop,23222,24574,5.988,1.058,1.045e-15,prime,1
2469,1,z:ilp,nat-oop,22827,24711,6.095,1.083,1.022e-15,prime,0
2469,1,z:ilp,nat-oop,22869,24708,6.083,1.080,1.022e-15,prime,1
2470,1,z:ilp,nat-oop,4448,8143,31.293,1.831,7.557e-16,chain3,0
2470,1,z:ilp,nat-oop,5296,8138,26.282,1.537,7.557e-16,chain3,1
2471,1,z:ilp,nat-oop,22684,24605,6.139,1.085,1.080e-15,prime,0
2471,1,z:ilp,nat-oop,23088,24533,6.031,1.063,1.080e-15,prime,1
2472,1,z:ilp,nat-oop,22327,37045,6.240,1.659,7.446e-16,prime,0
2472,1,z:ilp,nat-oop,22900,37032,6.084,1.617,7.446e-16,prime,1
2473,1,z:ilp,nat-oop,22320,24632,6.244,1.104,7.961e-16,prime,0
2473,1,z:ilp,nat-oop,21725,24655,6.415,1.135,7.961e-16,prime,1
2474,1,z:ilp,nat-oop,23225,24670,6.004,1.062,7.613e-16,prime,0
2474,1,z:ilp,nat-oop,32419,24669,4.301,0.761,7.613e-16,prime,1
2475,1,z:ilp,nat-oop,3970,4689,35.137,1.181,7.231e-16,chain3,0
2475,1,z:ilp,nat-oop,3900,4684,35.770,1.201,7.231e-16,chain3,1
2476,1,z:ilp,nat-oop,22345,24594,6.246,1.101,8.989e-16,prime,0
2476,1,z:ilp,nat-oop,22856,24600,6.107,1.076,8.989e-16,prime,1
2477,1,z:ilp,nat-oop,22805,24698,6.123,1.083,7.770e-16,prime,0
2477,1,z:ilp,nat-oop,22726,24654,6.144,1.085,7.770e-16,prime,1
2478,1,z:ilp,nat-oop,33674,19310,4.149,0.573,8.310e-16,prime,0
2478,1,z:ilp,nat-oop,22875,19319,6.107,0.845,8.310e-16,prime,1
2479,1,z:ilp,nat-oop,22811,39728,6.127,1.742,8.519e-16,prime,0
2479,1,z:ilp,nat-oop,23230,39745,6.016,1.711,8.519e-16,prime,1
2480,1,z:ilp,nat-oop,4843,9622,28.869,1.987,4.844e-16,flat,0
2480,1,z:ilp,nat-oop,6117,9631,22.860,1.575,4.844e-16,flat,1
2481,1,z:ilp,nat-oop,22726,24655,6.155,1.085,9.551e-16,prime,0
2481,1,z:ilp,nat-oop,22282,24638,6.278,1.106,9.551e-16,prime,1
2482,1,z:ilp,nat-oop,22293,27495,6.278,1.233,6.927e-16,prime,0
2482,1,z:ilp,nat-oop,21831,27534,6.411,1.261,6.927e-16,prime,1
2483,1,z:ilp,nat-oop,23265,24567,6.018,1.056,7.668e-16,prime,0
2483,1,z:ilp,nat-oop,22652,24556,6.181,1.084,7.668e-16,prime,1
2484,1,z:ilp,nat-oop,3818,8316,36.691,2.178,7.137e-16,chain3,0
2484,1,z:ilp,nat-oop,3822,8307,36.648,2.173,7.137e-16,chain3,1
2485,1,z:ilp,nat-oop,22302,31301,6.284,1.403,7.561e-16,prime,0
2485,1,z:ilp,nat-oop,23283,31273,6.019,1.343,7.561e-16,prime,1
2486,1,z:ilp,nat-oop,22835,42782,6.140,1.874,6.245e-16,prime,0
2486,1,z:ilp,nat-oop,22259,42726,6.299,1.920,6.245e-16,prime,1
2487,1,z:ilp,nat-oop,22395,24621,6.264,1.099,7.649e-16,prime,0
2487,1,z:ilp,nat-oop,22687,24594,6.183,1.084,7.649e-16,prime,1
2488,1,z:ilp,nat-oop,23235,24592,6.040,1.058,9.438e-16,prime,0
2488,1,z:ilp,nat-oop,23211,24660,6.046,1.062,9.438e-16,prime,1
2489,1,z:ilp,nat-oop,22691,24711,6.187,1.089,8.598e-16,prime,0
2489,1,z:ilp,nat-oop,22667,24649,6.194,1.087,8.598e-16,prime,1
2490,1,z:ilp,nat-oop,28276,28471,4.967,1.007,7.877e-16,prime,0
2490,1,z:ilp,nat-oop,22730,28489,6.180,1.253,7.877e-16,prime,1
2491,1,z:ilp,nat-oop,23078,37828,6.089,1.639,8.628e-16,prime,0
2491,1,z:ilp,nat-oop,23257,37838,6.042,1.627,8.628e-16,prime,1
2492,1,z:ilp,nat-oop,23219,31921,6.055,1.375,6.899e-16,prime,0
2492,1,z:ilp,nat-oop,22666,31919,6.203,1.408,6.899e-16,prime,1
2493,1,z:ilp,nat-oop,23239,24701,6.052,1.063,8.553e-16,prime,0
2493,1,z:ilp,nat-oop,22827,24710,6.162,1.083,8.553e-16,prime,1
2494,1,z:ilp,nat-oop,8769,18834,16.047,2.148,2.800e-15,flat,0
2494,1,z:ilp,nat-oop,9017,18852,15.605,2.091,2.800e-15,flat,1
2495,1,z:ilp,nat-oop,22260,24570,6.324,1.104,7.690e-16,prime,0
2495,1,z:ilp,nat-oop,22289,24584,6.316,1.103,7.690e-16,prime,1
2496,1,z:ilp,nat-oop,2903,3952,48.508,1.361,6.745e-16,chain3,0
2496,1,z:ilp,nat-oop,2899,3960,48.579,1.366,6.745e-16,chain3,1
2497,1,z:ilp,nat-oop,23277,24702,6.054,1.061,6.818e-16,prime,0
2497,1,z:ilp,nat-oop,23234,24718,6.065,1.064,6.818e-16,prime,1
2498,1,z:ilp,nat-oop,22279,24695,6.327,1.108,8.630e-16,prime,0
2498,1,z:ilp,nat-oop,22969,24701,6.137,1.075,8.630e-16,prime,1
2499,1,z:ilp,nat-oop,4201,7554,33.569,1.798,7.200e-16,chain3,0
2499,1,z:ilp,nat-oop,4247,7560,33.207,1.780,7.200e-16,chain3,1
2500,1,z:ilp,nat-oop,3549,4571,39.760,1.288,6.980e-16,chain3,0
2500,1,z:ilp,nat-oop,3534,4566,39.925,1.292,6.980e-16,chain3,1
2501,1,z:ilp,nat-oop,23222,39395,6.079,1.696,6.682e-16,prime,0
2501,1,z:ilp,nat-oop,23606,39424,5.980,1.670,6.682e-16,prime,1
2502,1,z:ilp,nat-oop,22855,51382,6.179,2.248,8.238e-16,prime,0
2502,1,z:ilp,nat-oop,22269,51349,6.342,2.306,8.238e-16,prime,1
2503,1,z:ilp,nat-oop,22828,24593,6.189,1.077,7.621e-16,prime,0
2503,1,z:ilp,nat-oop,23223,24564,6.084,1.058,7.621e-16,prime,1
2504,1,z:ilp,nat-oop,22321,24628,6.333,1.103,8.406e-16,prime,0
2504,1,z:ilp,nat-oop,22676,24637,6.234,1.086,8.406e-16,prime,1
2505,1,z:ilp,nat-oop,23101,24696,6.122,1.069,8.419e-16,prime,0
2505,1,z:ilp,nat-oop,23241,24757,6.085,1.065,8.419e-16,prime,1
2506,1,z:ilp,nat-oop,22512,24769,6.285,1.100,6.776e-16,prime,0
2506,1,z:ilp,nat-oop,22878,24683,6.184,1.079,6.776e-16,prime,1
2507,1,z:ilp,nat-oop,22736,24618,6.226,1.083,8.325e-16,prime,0
2507,1,z:ilp,nat-oop,22861,24589,6.191,1.076,8.325e-16,prime,1
2508,1,z:ilp,nat-oop,5005,7557,28.294,1.510,1.509e-15,flat,0
2508,1,z:ilp,nat-oop,4892,7522,28.945,1.537,1.509e-15,flat,1
2509,1,z:ilp,nat-oop,22863,24800,6.196,1.085,8.050e-16,prime,0
2509,1,z:ilp,nat-oop,22866,24707,6.196,1.081,8.050e-16,prime,1
2510,1,z:ilp,nat-oop,22877,24728,6.195,1.081,7.551e-16,prime,0
2510,1,z:ilp,nat-oop,22287,24670,6.359,1.107,7.551e-16,prime,1
2511,1,z:ilp,nat-oop,5765,12336,24.597,2.140,7.824e-16,flat,0
2511,1,z:ilp,nat-oop,5685,12323,24.940,2.168,7.824e-16,flat,1
2512,1,z:ilp,nat-oop,22849,24609,6.208,1.077,7.765e-16,prime,0
2512,1,z:ilp,nat-oop,27670,24693,5.127,0.892,7.765e-16,prime,1
2513,1,z:ilp,nat-oop,23026,24745,6.164,1.075,7.084e-16,prime,0
2513,1,z:ilp,nat-oop,23009,24737,6.168,1.075,7.084e-16,prime,1
2514,1,z:ilp,nat-oop,22309,24733,6.365,1.109,8.815e-16,prime,0
2514,1,z:ilp,nat-oop,22845,24732,6.215,1.083,8.815e-16,prime,1
2515,1,z:ilp,nat-oop,23252,24579,6.109,1.057,9.260e-16,prime,0
2515,1,z:ilp,nat-oop,22772,24652,6.238,1.083,9.260e-16,prime,1
2516,1,z:ilp,nat-oop,5541,14265,25.649,2.575,7.688e-16,chain3,0
2516,1,z:ilp,nat-oop,5543,14273,25.638,2.575,7.688e-16,chain3,1
2517,1,z:ilp,nat-oop,22288,24734,6.379,1.110,9.535e-16,prime,0
2517,1,z:ilp,nat-oop,22313,24705,6.372,1.107,9.535e-16,prime,1
2518,1,z:ilp,nat-oop,22268,24737,6.388,1.111,8.322e-16,prime,0
2518,1,z:ilp,nat-oop,22278,24759,6.385,1.111,8.322e-16,prime,1
2519,1,z:ilp,nat-oop,23222,24641,6.128,1.061,1.005e-15,prime,0
2519,1,z:ilp,nat-oop,23202,24662,6.133,1.063,1.005e-15,prime,1
2520,1,z:ilp,nat-oop,3270,4096,43.540,1.253,6.501e-16,chain3,0
2520,1,z:ilp,nat-oop,3181,4090,44.757,1.286,6.501e-16,chain3,1
2521,1,z:ilp,nat-oop,16088,24768,8.853,1.540,1.805e-15,prime,0
2521,1,z:ilp,nat-oop,14794,24693,9.628,1.669,1.805e-15,prime,1
2522,1,z:ilp,nat-oop,22888,36721,6.226,1.604,8.065e-16,prime,0
2522,1,z:ilp,nat-oop,22287,36773,6.394,1.650,8.065e-16,prime,1
2523,1,z:ilp,nat-oop,9454,18909,15.079,2.000,1.385e-15,flat,0
2523,1,z:ilp,nat-oop,8516,18911,16.740,2.221,1.385e-15,flat,1
2524,1,z:ilp,nat-oop,23221,24634,6.142,1.061,1.036e-15,prime,0
2524,1,z:ilp,nat-oop,23319,24605,6.116,1.055,1.036e-15,prime,1
2525,1,z:ilp,nat-oop,22987,24750,6.207,1.077,8.689e-16,prime,0
2525,1,z:ilp,nat-oop,22906,24739,6.229,1.080,8.689e-16,prime,1
2526,1,z:ilp,nat-oop,23306,24711,6.125,1.060,9.056e-16,prime,0
2526,1,z:ilp,nat-oop,23277,24740,6.133,1.063,9.056e-16,prime,1
2527,1,z:ilp,nat-oop,5054,11900,28.259,2.355,6.434e-16,chain3,0
2527,1,z:ilp,nat-oop,5214,11905,27.393,2.283,6.434e-16,chain3,1
2528,1,z:ilp,nat-oop,22723,27446,6.288,1.208,7.472e-16,prime,0
2528,1,z:ilp,nat-oop,22709,27418,6.292,1.207,7.472e-16,prime,1
2529,1,z:ilp,nat-oop,22867,24693,6.251,1.080,9.861e-16,prime,0
2529,1,z:ilp,nat-oop,22343,24733,6.398,1.107,9.861e-16,prime,1
2530,1,z:ilp,nat-oop,4352,9161,32.861,2.105,7.272e-16,chain3,0
2530,1,z:ilp,nat-oop,4384,9160,32.624,2.090,7.272e-16,chain3,1
2531,1,z:ilp,nat-oop,15915,24696,8.990,1.552,2.303e-15,prime,0
2531,1,z:ilp,nat-oop,18141,24616,7.887,1.357,2.303e-15,prime,1
2532,1,z:ilp,nat-oop,22923,24609,6.244,1.074,8.426e-16,prime,0
2532,1,z:ilp,nat-oop,22282,24639,6.424,1.106,8.426e-16,prime,1
2533,1,z:ilp,nat-oop,22346,24742,6.408,1.107,8.390e-16,prime,0
2533,1,z:ilp,nat-oop,22727,24740,6.301,1.089,8.390e-16,prime,1
2534,1,z:ilp,nat-oop,22709,24737,6.309,1.089,7.682e-16,prime,0
2534,1,z:ilp,nat-oop,23314,24715,6.145,1.060,7.682e-16,prime,1
2535,1,z:ilp,nat-oop,4202,5118,34.107,1.218,7.254e-16,chain3,0
2535,1,z:ilp,nat-oop,4223,5109,33.940,1.210,7.254e-16,chain3,1
2536,1,z:ilp,nat-oop,23000,24571,6.234,1.068,9.531e-16,prime,0
2536,1,z:ilp,nat-oop,23010,24625,6.232,1.070,9.531e-16,prime,1
2537,1,z:ilp,nat-oop,22664,39269,6.330,1.733,7.314e-16,prime,0
2537,1,z:ilp,nat-oop,23072,39277,6.218,1.702,7.314e-16,prime,1
2538,1,z:ilp,nat-oop,12258,15597,11.708,1.272,5.566e-16,chain3,0
2538,1,z:ilp,nat-oop,9190,15578,15.617,1.695,5.566e-16,chain3,1
2539,1,z:ilp,nat-oop,23297,24686,6.163,1.060,7.308e-16,prime,0
2539,1,z:ilp,nat-oop,22781,24601,6.303,1.080,7.308e-16,prime,1
2540,1,z:ilp,nat-oop,23280,47214,6.170,2.028,7.098e-16,prime,0
2540,1,z:ilp,nat-oop,22984,47164,6.250,2.052,7.098e-16,prime,1
2541,1,z:ilp,nat-oop,5396,4784,26.634,0.887,8.223e-16,flat,0
2541,1,z:ilp,nat-oop,5299,4789,27.117,0.904,8.223e-16,flat,1
2542,1,z:ilp,nat-oop,10640,19063,13.513,1.792,2.586e-15,flat,0
2542,1,z:ilp,nat-oop,14715,19046,9.770,1.294,2.586e-15,flat,1
2543,1,z:ilp,nat-oop,23269,24663,6.181,1.060,8.214e-16,prime,0
2543,1,z:ilp,nat-oop,23286,24666,6.177,1.059,8.214e-16,prime,1
2544,1,z:ilp,nat-oop,22342,17622,6.441,0.789,7.227e-16,prime,0
2544,1,z:ilp,nat-oop,22363,17601,6.435,0.787,7.227e-16,prime,1
2545,1,z:ilp,nat-oop,22659,24781,6.353,1.094,1.009e-15,prime,0
2545,1,z:ilp,nat-oop,22708,24824,6.340,1.093,1.009e-15,prime,1
2546,1,z:ilp,nat-oop,23350,26010,6.168,1.114,8.266e-16,prime,0
2546,1,z:ilp,nat-oop,26809,26270,5.372,0.980,8.266e-16,prime,1
2547,1,z:ilp,nat-oop,27217,26424,5.294,0.971,9.625e-16,prime,0
2547,1,z:ilp,nat-oop,26767,24714,5.383,0.923,9.625e-16,prime,1
2548,1,z:ilp,nat-oop,3946,4687,36.536,1.188,7.824e-16,flat,0
2548,1,z:ilp,nat-oop,4082,4655,35.317,1.141,7.824e-16,flat,1
2549,1,z:ilp,nat-oop,23301,24717,6.189,1.061,1.080e-15,prime,0
2549,1,z:ilp,nat-oop,30775,24766,4.686,0.805,1.080e-15,prime,1
2550,1,z:ilp,nat-oop,3676,6886,39.251,1.873,8.031e-16,chain3,0
2550,1,z:ilp,nat-oop,3695,6889,39.049,1.865,8.031e-16,chain3,1
2551,1,z:ilp,nat-oop,13980,24605,10.325,1.760,1.927e-15,prime,0
2551,1,z:ilp,nat-oop,14018,24623,10.297,1.756,1.927e-15,prime,1
2552,1,z:ilp,nat-oop,5438,9938,26.555,1.827,5.221e-16,chain3,0
2552,1,z:ilp,nat-oop,8757,9938,16.491,1.135,5.221e-16,chain3,1
2553,1,z:ilp,nat-oop,7828,20071,18.455,2.564,8.677e-16,flat,0
2553,1,z:ilp,nat-oop,8091,20048,17.856,2.478,8.677e-16,flat,1
2554,1,z:ilp,nat-oop,25019,24755,5.777,0.989,7.769e-16,prime,0
2554,1,z:ilp,nat-oop,25302,24767,5.713,0.979,7.769e-16,prime,1
2555,1,z:ilp,nat-oop,23110,33545,6.257,1.451,7.248e-16,prime,0
2555,1,z:ilp,nat-oop,23345,33576,6.194,1.438,7.248e-16,prime,1
2556,1,z:ilp,nat-oop,23263,24853,6.219,1.068,8.095e-16,prime,0
2556,1,z:ilp,nat-oop,22683,24832,6.378,1.095,8.095e-16,prime,1
2557,1,z:ilp,nat-oop,22023,24791,6.572,1.126,9.030e-16,prime,0
2557,1,z:ilp,nat-oop,22018,24743,6.573,1.124,9.030e-16,prime,1
2558,1,z:ilp,nat-oop,22414,24800,6.460,1.106,7.319e-16,prime,0
2558,1,z:ilp,nat-oop,22925,24756,6.316,1.080,7.319e-16,prime,1
2559,1,z:ilp,nat-oop,22350,24705,6.481,1.105,8.325e-16,prime,0
2559,1,z:ilp,nat-oop,23326,24665,6.210,1.057,8.325e-16,prime,1
2560,1,z:ilp,nat-oop,2181,4470,66.438,2.049,4.374e-16,ztt,0
2560,1,z:ilp,nat-oop,2190,4462,66.174,2.037,4.374e-16,ztt,1
2561,1,z:ilp,nat-oop,23082,30379,6.281,1.316,7.455e-16,prime,0
2561,1,z:ilp,nat-oop,23642,30323,6.133,1.283,7.455e-16,prime,1
2562,1,z:ilp,nat-oop,28062,20974,5.169,0.747,8.550e-16,prime,0
2562,1,z:ilp,nat-oop,22763,20915,6.372,0.919,8.550e-16,prime,1
2563,1,z:ilp,nat-oop,29371,30143,4.941,1.026,7.473e-16,prime,0
2563,1,z:ilp,nat-oop,23835,30202,6.088,1.267,7.473e-16,prime,1
2564,1,z:ilp,nat-oop,22692,30210,6.398,1.331,9.440e-16,prime,0
2564,1,z:ilp,nat-oop,22653,30206,6.409,1.333,9.440e-16,prime,1
2565,1,z:ilp,nat-oop,4781,8410,30.379,1.759,9.942e-16,chain3,0
2565,1,z:ilp,nat-oop,5412,8405,26.839,1.553,9.942e-16,chain3,1
2566,1,z:ilp,nat-oop,22865,30326,6.355,1.326,8.746e-16,prime,0
2566,1,z:ilp,nat-oop,22349,30384,6.502,1.360,8.746e-16,prime,1
2567,1,z:ilp,nat-oop,23242,30198,6.255,1.299,9.797e-16,prime,0
2567,1,z:ilp,nat-oop,22351,30156,6.504,1.349,9.797e-16,prime,1
2568,1,z:ilp,nat-oop,31975,40037,4.548,1.252,6.575e-16,prime,0
2568,1,z:ilp,nat-oop,22731,40020,6.398,1.761,6.575e-16,prime,1
2569,1,z:ilp,nat-oop,22311,30291,6.521,1.358,7.621e-16,prime,0
2569,1,z:ilp,nat-oop,22358,30387,6.507,1.359,7.621e-16,prime,1
2570,1,z:ilp,nat-oop,23318,30388,6.242,1.303,7.812e-16,prime,0
2570,1,z:ilp,nat-oop,22696,30277,6.413,1.334,7.812e-16,prime,1
2571,1,z:ilp,nat-oop,22689,30336,6.418,1.337,7.842e-16,prime,0
2571,1,z:ilp,nat-oop,23090,30181,6.307,1.307,7.842e-16,prime,1
2572,1,z:ilp,nat-oop,22707,30220,6.416,1.331,9.277e-16,prime,0
2572,1,z:ilp,nat-oop,22736,30177,6.408,1.327,9.277e-16,prime,1
2573,1,z:ilp,nat-oop,22373,48271,6.515,2.158,8.712e-16,prime,0
2573,1,z:ilp,nat-oop,23260,48296,6.266,2.076,8.712e-16,prime,1
2574,1,z:ilp,nat-oop,6363,4656,22.916,0.732,1.091e-15,flat,0
2574,1,z:ilp,nat-oop,6592,4656,22.121,0.706,1.091e-15,flat,1
2575,1,z:ilp,nat-oop,22331,30163,6.533,1.351,8.799e-16,prime,0
2575,1,z:ilp,nat-oop,23259,30172,6.272,1.297,8.799e-16,prime,1
2576,1,z:ilp,nat-oop,4598,8092,31.742,1.760,8.166e-16,flat,0
2576,1,z:ilp,nat-oop,4361,8098,33.464,1.857,8.166e-16,flat,1
2577,1,z:ilp,nat-oop,22805,30325,6.403,1.330,9.394e-16,prime,0
2577,1,z:ilp,nat-oop,22359,30376,6.530,1.359,9.394e-16,prime,1
2578,1,z:ilp,nat-oop,22924,30305,6.372,1.322,8.993e-16,prime,0
2578,1,z:ilp,nat-oop,22307,30312,6.548,1.359,8.993e-16,prime,1
2579,1,z:ilp,nat-oop,23147,30211,6.313,1.305,1.049e-15,prime,0
2579,1,z:ilp,nat-oop,23652,30182,6.179,1.276,1.049e-15,prime,1
2580,1,z:ilp,nat-oop,6309,14006,23.173,2.220,1.032e-15,flat,0
2580,1,z:ilp,nat-oop,5879,13987,24.866,2.379,1.032e-15,flat,1
2581,1,z:ilp,nat-oop,23308,52844,6.275,2.267,6.388e-16,prime,0
2581,1,z:ilp,nat-oop,23317,52804,6.273,2.265,6.388e-16,prime,1
2582,1,z:ilp,nat-oop,22723,30285,6.440,1.333,8.593e-16,prime,0
2582,1,z:ilp,nat-oop,22710,30312,6.443,1.335,8.593e-16,prime,1
2583,1,z:ilp,nat-oop,6371,17188,22.978,2.698,6.178e-16,chain3,0
2583,1,z:ilp,nat-oop,6836,17181,21.414,2.513,6.178e-16,chain3,1
2584,1,z:ilp,nat-oop,4179,9870,35.044,2.362,6.063e-16,chain3,0
2584,1,z:ilp,nat-oop,4486,9877,32.645,2.202,6.063e-16,chain3,1
2585,1,z:ilp,nat-oop,14032,19742,10.441,1.407,6.447e-16,chain3,0
2585,1,z:ilp,nat-oop,12762,19738,11.481,1.547,6.447e-16,chain3,1
2586,1,z:ilp,nat-oop,22911,30306,6.398,1.323,8.183e-16,prime,0
2586,1,z:ilp,nat-oop,22907,30352,6.399,1.325,8.183e-16,prime,1
2587,1,z:ilp,nat-oop,23167,30190,6.330,1.303,1.131e-15,prime,0
2587,1,z:ilp,nat-oop,23324,30218,6.287,1.296,1.131e-15,prime,1
2588,1,z:ilp,nat-oop,22827,30210,6.427,1.323,8.230e-16,prime,0
2588,1,z:ilp,nat-oop,22840,30198,6.423,1.322,8.230e-16,prime,1
2589,1,z:ilp,nat-oop,22700,30328,6.466,1.336,9.414e-16,prime,0
2589,1,z:ilp,nat-oop,23132,30387,6.345,1.314,9.414e-16,prime,1
2590,1,z:ilp,nat-oop,7664,12731,19.159,1.661,6.433e-16,flat,0
2590,1,z:ilp,nat-oop,7526,12664,19.511,1.683,6.433e-16,flat,1
2591,1,z:ilp,nat-oop,22930,30160,6.406,1.315,8.047e-16,prime,0
2591,1,z:ilp,nat-oop,22807,30167,6.441,1.323,8.047e-16,prime,1
2592,1,z:ilp,nat-oop,2688,4640,54.665,1.726,4.353e-16,ztt,0
2592,1,z:ilp,nat-oop,2697,4645,54.484,1.722,4.353e-16,ztt,1
2593,1,z:ilp,nat-oop,9898,30334,14.855,3.065,1.132e-15,prime,0
2593,1,z:ilp,nat-oop,10116,30324,14.535,2.998,1.132e-15,prime,1
2594,1,z:ilp,nat-oop,22709,30315,6.477,1.335,7.663e-16,prime,0
2594,1,z:ilp,nat-oop,22682,30323,6.485,1.337,7.663e-16,prime,1
2595,1,z:ilp,nat-oop,22858,30292,6.438,1.325,8.289e-16,prime,0
2595,1,z:ilp,nat-oop,22901,30265,6.426,1.322,8.289e-16,prime,1
2596,1,z:ilp,nat-oop,22873,20361,6.436,0.890,7.902e-16,prime,0
2596,1,z:ilp,nat-oop,22306,20353,6.600,0.912,7.902e-16,prime,1
2597,1,z:ilp,nat-oop,24442,23199,6.026,0.949,6.702e-16,prime,0
2597,1,z:ilp,nat-oop,23223,23198,6.342,0.999,6.702e-16,prime,1
2598,1,z:ilp,nat-oop,22728,30333,6.483,1.335,8.306e-16,prime,0
2598,1,z:ilp,nat-oop,22713,30318,6.487,1.335,8.306e-16,prime,1
2599,1,z:ilp,nat-oop,23144,30212,6.369,1.305,7.771e-16,prime,0
2599,1,z:ilp,nat-oop,23165,30202,6.364,1.304,7.771e-16,prime,1
2600,1,z:ilp,nat-oop,3942,4335,37.415,1.100,7.547e-16,flat,0
2600,1,z:ilp,nat-oop,3950,4329,37.338,1.096,7.547e-16,flat,1
2601,1,z:ilp,nat-oop,4937,11492,29.884,2.328,8.633e-16,chain3,0
2601,1,z:ilp,nat-oop,4581,11439,32.204,2.497,8.633e-16,chain3,1
2602,1,z:ilp,nat-oop,23027,30333,6.410,1.317,8.088e-16,prime,0
2602,1,z:ilp,nat-oop,23046,30342,6.405,1.317,8.088e-16,prime,1
2603,1,z:ilp,nat-oop,22738,30215,6.494,1.329,8.806e-16,prime,0
2603,1,z:ilp,nat-oop,22788,30256,6.480,1.328,8.806e-16,prime,1
2604,1,z:ilp,nat-oop,4719,10723,31.303,2.272,6.999e-16,chain3,0
2604,1,z:ilp,nat-oop,4878,10722,30.282,2.198,6.999e-16,chain3,1
2605,1,z:ilp,nat-oop,23141,30358,6.387,1.312,7.768e-16,prime,0
2605,1,z:ilp,nat-oop,23145,30353,6.386,1.311,7.768e-16,prime,1
2606,1,z:ilp,nat-oop,23295,30381,6.347,1.304,8.162e-16,prime,0
2606,1,z:ilp,nat-oop,24899,30440,5.938,1.223,8.162e-16,prime,1
2607,1,z:ilp,nat-oop,23204,37503,6.375,1.616,9.735e-16,prime,0
2607,1,z:ilp,nat-oop,23707,37459,6.240,1.580,9.735e-16,prime,1
2608,1,z:ilp,nat-oop,28762,30253,5.145,1.052,8.659e-16,prime,0
2608,1,z:ilp,nat-oop,22905,30289,6.461,1.322,8.659e-16,prime,1
2609,1,z:ilp,nat-oop,23720,30339,6.241,1.279,9.469e-16,prime,0
2609,1,z:ilp,nat-oop,23133,30350,6.400,1.312,9.469e-16,prime,1
2610,1,z:ilp,nat-oop,6723,10060,22.032,1.496,6.586e-16,flat,0
2610,1,z:ilp,nat-oop,6642,10054,22.300,1.514,6.586e-16,flat,1
2611,1,z:ilp,nat-oop,22404,30352,6.614,1.355,1.030e-15,prime,0
2611,1,z:ilp,nat-oop,22961,30199,6.453,1.315,1.030e-15,prime,1
2612,1,z:ilp,nat-oop,23311,30218,6.359,1.296,7.857e-16,prime,0
2612,1,z:ilp,nat-oop,23170,30279,6.398,1.307,7.857e-16,prime,1
2613,1,z:ilp,nat-oop,23311,31155,6.362,1.336,5.839e-16,prime,0
2613,1,z:ilp,nat-oop,23148,31260,6.407,1.350,5.839e-16,prime,1
2614,1,z:ilp,nat-oop,22931,30432,6.470,1.327,9.542e-16,prime,0
2614,1,z:ilp,nat-oop,22898,30359,6.480,1.326,9.542e-16,prime,1
2615,1,z:ilp,nat-oop,23179,30199,6.404,1.303,9.792e-16,prime,0
2615,1,z:ilp,nat-oop,23182,30254,6.403,1.305,9.792e-16,prime,1
2616,1,z:ilp,nat-oop,23302,42581,6.373,1.827,6.217e-16,prime,0
2616,1,z:ilp,nat-oop,23458,42562,6.330,1.814,6.217e-16,prime,1
2617,1,z:ilp,nat-oop,23719,30407,6.263,1.282,1.153e-15,prime,0
2617,1,z:ilp,nat-oop,32304,30327,4.599,0.939,1.153e-15,prime,1
2618,1,z:ilp,nat-oop,5997,8035,24.784,1.340,8.853e-16,flat,0
2618,1,z:ilp,nat-oop,5912,8030,25.139,1.358,8.853e-16,flat,1
2619,1,z:ilp,nat-oop,28038,30209,5.303,1.077,8.653e-16,prime,0
2619,1,z:ilp,nat-oop,23176,30249,6.416,1.305,8.653e-16,prime,1
2620,1,z:ilp,nat-oop,22704,50418,6.552,2.221,7.896e-16,prime,0
2620,1,z:ilp,nat-oop,23305,50418,6.383,2.163,7.896e-16,prime,1
2621,1,z:ilp,nat-oop,23163,30370,6.425,1.311,6.986e-16,prime,0
2621,1,z:ilp,nat-oop,23280,30359,6.392,1.304,6.986e-16,prime,1
2622,1,z:ilp,nat-oop,7980,11413,18.657,1.430,1.178e-15,flat,0
2622,1,z:ilp,nat-oop,9066,11422,16.422,1.260,1.178e-15,flat,1
2623,1,z:ilp,nat-oop,23228,42166,6.412,1.815,7.593e-16,prime,0
2623,1,z:ilp,nat-oop,23716,42136,6.280,1.777,7.593e-16,prime,1
2624,1,z:ilp,nat-oop,9437,13120,15.790,1.390,5.106e-16,2p,0
2624,1,z:ilp,nat-oop,6901,13119,21.593,1.901,5.106e-16,2p,1
2625,1,z:ilp,nat-oop,4845,4962,30.772,1.024,9.233e-16,flat,0
2625,1,z:ilp,nat-oop,4813,4976,30.973,1.034,9.233e-16,flat,1
2626,1,z:ilp,nat-oop,22710,40477,6.567,1.782,8.252e-16,prime,0
2626,1,z:ilp,nat-oop,22740,40530,6.559,1.782,8.252e-16,prime,1
2627,1,z:ilp,nat-oop,22771,44302,6.552,1.946,8.721e-16,prime,0
2627,1,z:ilp,nat-oop,34502,44263,4.325,1.283,8.721e-16,prime,1
2628,1,z:ilp,nat-oop,23348,26583,6.393,1.139,7.226e-16,prime,0
2628,1,z:ilp,nat-oop,23285,26551,6.411,1.140,7.226e-16,prime,1
2629,1,z:ilp,nat-oop,23271,30364,6.417,1.305,6.969e-16,prime,0
2629,1,z:ilp,nat-oop,23270,30353,6.417,1.304,6.969e-16,prime,1
2630,1,z:ilp,nat-oop,22841,30397,6.541,1.331,7.145e-16,prime,0
2630,1,z:ilp,nat-oop,22821,30359,6.546,1.330,7.145e-16,prime,1
2631,1,z:ilp,nat-oop,22968,30211,6.507,1.315,6.909e-16,prime,0
2631,1,z:ilp,nat-oop,22804,30231,6.554,1.326,6.909e-16,prime,1
2632,1,z:ilp,nat-oop,6110,16148,24.471,2.643,5.752e-16,flat,0
2632,1,z:ilp,nat-oop,6194,16122,24.141,2.603,5.752e-16,flat,1
2633,1,z:ilp,nat-oop,23326,30399,6.413,1.303,9.445e-16,prime,0
2633,1,z:ilp,nat-oop,22363,30390,6.689,1.359,9.445e-16,prime,1
2634,1,z:ilp,nat-oop,23133,30328,6.469,1.311,8.901e-16,prime,0
2634,1,z:ilp,nat-oop,23045,30320,6.494,1.316,8.901e-16,prime,1
2635,1,z:ilp,nat-oop,8241,16059,18.168,1.949,6.970e-16,flat,0
2635,1,z:ilp,nat-oop,6712,16001,22.306,2.384,6.970e-16,flat,1
2636,1,z:ilp,nat-oop,22768,30284,6.579,1.330,7.240e-16,prime,0
2636,1,z:ilp,nat-oop,27097,30314,5.528,1.119,7.240e-16,prime,1
2637,1,z:ilp,nat-oop,22372,30334,6.698,1.356,7.763e-16,prime,0
2637,1,z:ilp,nat-oop,22776,30350,6.579,1.333,7.763e-16,prime,1
2638,1,z:ilp,nat-oop,22365,30342,6.703,1.357,7.975e-16,prime,0
2638,1,z:ilp,nat-oop,22950,30357,6.532,1.323,7.975e-16,prime,1
2639,1,z:ilp,nat-oop,6065,11919,24.728,1.965,8.885e-16,chain3,0
2639,1,z:ilp,nat-oop,5996,11967,25.011,1.996,8.885e-16,chain3,1
2640,1,z:ilp,nat-oop,3229,4170,46.468,1.292,5.997e-16,chain3,0
2640,1,z:ilp,nat-oop,3258,4172,46.050,1.281,5.997e-16,chain3,1
2641,1,z:ilp,nat-oop,23738,30385,6.323,1.280,8.217e-16,prime,0
2641,1,z:ilp,nat-oop,23167,30365,6.479,1.311,8.217e-16,prime,1
2642,1,z:ilp,nat-oop,22413,30460,6.700,1.359,9.362e-16,prime,0
2642,1,z:ilp,nat-oop,22355,30370,6.717,1.359,9.362e-16,prime,1
2643,1,z:ilp,nat-oop,23260,30261,6.459,1.301,8.238e-16,prime,0
2643,1,z:ilp,nat-oop,23349,30246,6.434,1.295,8.238e-16,prime,1
2644,1,z:ilp,nat-oop,22389,30213,6.713,1.349,7.198e-16,prime,0
2644,1,z:ilp,nat-oop,22944,30227,6.550,1.317,7.198e-16,prime,1
2645,1,z:ilp,nat-oop,7391,15146,20.344,2.049,1.801e-15,flat,0
2645,1,z:ilp,nat-oop,9095,15146,16.532,1.665,1.801e-15,flat,1
2646,1,z:ilp,nat-oop,4737,4570,31.752,0.965,7.619e-16,chain3,0
2646,1,z:ilp,nat-oop,4741,4567,31.729,0.963,7.619e-16,chain3,1
2647,1,z:ilp,nat-oop,17457,30181,8.620,1.729,2.368e-15,prime,0
2647,1,z:ilp,nat-oop,18297,30356,8.224,1.659,2.368e-15,prime,1
2648,1,z:ilp,nat-oop,22394,30316,6.723,1.354,8.722e-16,prime,0
2648,1,z:ilp,nat-oop,22877,30290,6.581,1.324,8.722e-16,prime,1
2649,1,z:ilp,nat-oop,23314,30354,6.460,1.302,1.202e-15,prime,0
2649,1,z:ilp,nat-oop,28006,30384,5.378,1.085,1.202e-15,prime,1
2650,1,z:ilp,nat-oop,22390,18581,6.730,0.830,6.928e-16,prime,0
2650,1,z:ilp,nat-oop,22378,18529,6.733,0.828,6.928e-16,prime,1
2651,1,z:ilp,nat-oop,24915,30224,6.050,1.213,1.024e-15,prime,0
2651,1,z:ilp,nat-oop,23398,30331,6.442,1.296,1.024e-15,prime,1
2652,1,z:ilp,nat-oop,4535,7739,33.256,1.707,7.580e-16,chain3,0
2652,1,z:ilp,nat-oop,4568,7739,33.016,1.694,7.580e-16,chain3,1
2653,1,z:ilp,nat-oop,22685,30369,6.650,1.339,8.437e-16,prime,0
2653,1,z:ilp,nat-oop,32612,30417,4.626,0.933,8.437e-16,prime,1
2654,1,z:ilp,nat-oop,23221,30429,6.500,1.310,7.619e-16,prime,0
2654,1,z:ilp,nat-oop,23714,30363,6.365,1.280,7.619e-16,prime,1
2655,1,z:ilp,nat-oop,23215,26950,6.504,1.161,1.029e-15,prime,0
2655,1,z:ilp,nat-oop,22782,26949,6.628,1.183,1.029e-15,prime,1
2656,1,z:ilp,nat-oop,22359,30384,6.756,1.359,6.992e-16,prime,0
2656,1,z:ilp,nat-oop,22398,30425,6.744,1.358,6.992e-16,prime,1
2657,1,z:ilp,nat-oop,32694,30409,4.622,0.930,7.032e-16,prime,0
2657,1,z:ilp,nat-oop,25516,30373,5.923,1.190,7.032e-16,prime,1
2658,1,z:ilp,nat-oop,23316,30343,6.484,1.301,1.013e-15,prime,0
2658,1,z:ilp,nat-oop,23351,30345,6.475,1.300,1.013e-15,prime,1
2659,1,z:ilp,nat-oop,23183,30299,6.524,1.307,7.992e-16,prime,0
2659,1,z:ilp,nat-oop,23737,30195,6.372,1.272,7.992e-16,prime,1
2660,1,z:ilp,nat-oop,4902,7833,30.871,1.598,6.500e-16,flat,0
2660,1,z:ilp,nat-oop,5004,7839,30.240,1.567,6.500e-16,flat,1
2661,1,z:ilp,nat-oop,22721,30415,6.663,1.339,1.046e-15,prime,0
2661,1,z:ilp,nat-oop,34681,30370,4.365,0.876,1.046e-15,prime,1
2662,1,z:ilp,nat-oop,6677,5555,22.681,0.832,6.960e-16,flat,0
2662,1,z:ilp,nat-oop,6610,5565,22.910,0.842,6.960e-16,flat,1
2663,1,z:ilp,nat-oop,23364,30209,6.485,1.293,1.085e-15,prime,0
2663,1,z:ilp,nat-oop,23342,30230,6.491,1.295,1.085e-15,prime,1
2664,1,z:ilp,nat-oop,5774,12633,26.253,2.188,7.551e-16,flat,0
2664,1,z:ilp,nat-oop,5663,12619,26.765,2.228,7.551e-16,flat,1
2665,1,z:ilp,nat-oop,6751,17761,22.460,2.631,8.544e-16,chain3,0
2665,1,z:ilp,nat-oop,7381,17840,20.545,2.417,8.544e-16,chain3,1
2666,1,z:ilp,nat-oop,9133,20598,16.611,2.255,3.676e-15,flat,0
2666,1,z:ilp,nat-oop,9919,20596,15.294,2.076,3.676e-15,flat,1
2667,1,z:ilp,nat-oop,23086,30246,6.574,1.310,7.795e-16,prime,0
2667,1,z:ilp,nat-oop,27833,30312,5.453,1.089,7.795e-16,prime,1
2668,1,z:ilp,nat-oop,6749,14350,22.498,2.126,5.878e-16,chain3,0
2668,1,z:ilp,nat-oop,7883,14340,19.260,1.819,5.878e-16,chain3,1
2669,1,z:ilp,nat-oop,23044,30389,6.591,1.319,8.610e-16,prime,0
2669,1,z:ilp,nat-oop,22981,30610,6.610,1.332,8.610e-16,prime,1
2670,1,z:ilp,nat-oop,22404,34012,6.783,1.518,8.135e-16,prime,0
2670,1,z:ilp,nat-oop,22954,34049,6.620,1.483,8.135e-16,prime,1
2671,1,z:ilp,nat-oop,29174,30275,5.211,1.038,1.074e-15,prime,0
2671,1,z:ilp,nat-oop,23211,30283,6.550,1.305,1.074e-15,prime,1
2672,1,z:ilp,nat-oop,22400,30323,6.790,1.354,8.650e-16,prime,0
2672,1,z:ilp,nat-oop,22422,30261,6.783,1.350,8.650e-16,prime,1
2673,1,z:ilp,nat-oop,5286,5284,28.782,1.000,7.405e-16,chain3,0
2673,1,z:ilp,nat-oop,4625,5327,32.898,1.152,7.405e-16,chain3,1
2674,1,z:ilp,nat-oop,22402,30446,6.795,1.359,8.358e-16,prime,0
2674,1,z:ilp,nat-oop,22361,30387,6.807,1.359,8.358e-16,prime,1
2675,1,z:ilp,nat-oop,23244,30300,6.551,1.304,7.851e-16,prime,0
2675,1,z:ilp,nat-oop,23381,30223,6.513,1.293,7.851e-16,prime,1
2676,1,z:ilp,nat-oop,23217,30244,6.562,1.303,8.212e-16,prime,0
2676,1,z:ilp,nat-oop,23102,30209,6.594,1.308,8.212e-16,prime,1
2677,1,z:ilp,nat-oop,23180,30442,6.575,1.313,8.209e-16,prime,0
2677,1,z:ilp,nat-oop,23203,30481,6.568,1.314,8.209e-16,prime,1
2678,1,z:ilp,nat-oop,23377,41142,6.522,1.760,5.983e-16,prime,0
2678,1,z:ilp,nat-oop,22768,41143,6.697,1.807,5.983e-16,prime,1
2679,1,z:ilp,nat-oop,13026,24719,11.710,1.898,9.494e-16,chain3,0
2679,1,z:ilp,nat-oop,10140,24781,15.043,2.444,9.494e-16,chain3,1
2680,1,z:ilp,nat-oop,22923,24217,6.657,1.056,6.752e-16,prime,0
2680,1,z:ilp,nat-oop,22377,24226,6.819,1.083,6.752e-16,prime,1
2681,1,z:ilp,nat-oop,22970,30370,6.646,1.322,8.510e-16,prime,0
2681,1,z:ilp,nat-oop,23009,30338,6.635,1.318,8.510e-16,prime,1
2682,1,z:ilp,nat-oop,23293,60291,6.557,2.588,7.108e-16,prime,0
2682,1,z:ilp,nat-oop,22785,60312,6.703,2.647,7.108e-16,prime,1
2683,1,z:ilp,nat-oop,23331,30235,6.549,1.296,1.022e-15,prime,0
2683,1,z:ilp,nat-oop,22844,30359,6.688,1.329,1.022e-15,prime,1
2684,1,z:ilp,nat-oop,22394,22081,6.826,0.986,7.471e-16,prime,0
2684,1,z:ilp,nat-oop,22460,22050,6.806,0.982,7.471e-16,prime,1
2685,1,z:ilp,nat-oop,22815,30477,6.703,1.336,1.054e-15,prime,0
2685,1,z:ilp,nat-oop,22783,30490,6.712,1.338,1.054e-15,prime,1
2686,1,z:ilp,nat-oop,22989,31979,6.655,1.391,7.483e-16,prime,0
2686,1,z:ilp,nat-oop,22399,31991,6.830,1.428,7.483e-16,prime,1
2687,1,z:ilp,nat-oop,23350,30343,6.555,1.300,8.101e-16,prime,0
2687,1,z:ilp,nat-oop,22434,30291,6.822,1.350,8.101e-16,prime,1
2688,1,z:ilp,nat-oop,2488,4400,61.533,1.768,4.980e-16,ztt,0
2688,1,z:ilp,nat-oop,2486,4408,61.590,1.773,4.980e-16,ztt,1
2689,1,z:ilp,nat-oop,9753,30438,15.706,3.121,8.252e-16,prime,0
2689,1,z:ilp,nat-oop,9838,30350,15.569,3.085,8.252e-16,prime,1
2690,1,z:ilp,nat-oop,22429,30382,6.832,1.355,9.203e-16,prime,0
2690,1,z:ilp,nat-oop,22984,30410,6.667,1.323,9.203e-16,prime,1
2691,1,z:ilp,nat-oop,5403,10206,28.372,1.889,5.659e-16,chain3,0
2691,1,z:ilp,nat-oop,5365,10227,28.576,1.906,5.659e-16,chain3,1
2692,1,z:ilp,nat-oop,22448,30334,6.832,1.351,9.415e-16,prime,0
2692,1,z:ilp,nat-oop,23018,30346,6.663,1.318,9.415e-16,prime,1
2693,1,z:ilp,nat-oop,23393,30365,6.559,1.298,8.239e-16,prime,0
2693,1,z:ilp,nat-oop,22963,30371,6.682,1.323,8.239e-16,prime,1
2694,1,z:ilp,nat-oop,22441,30396,6.840,1.354,8.745e-16,prime,0
2694,1,z:ilp,nat-oop,22481,30402,6.828,1.352,8.745e-16,prime,1
2695,1,z:ilp,nat-oop,4920,5021,31.214,1.021,6.036e-16,flat,0
2695,1,z:ilp,nat-oop,4952,5042,31.010,1.018,6.036e-16,flat,1
2696,1,z:ilp,nat-oop,22767,30352,6.748,1.333,9.103e-16,prime,0
2696,1,z:ilp,nat-oop,32642,30288,4.706,0.928,9.103e-16,prime,1
2697,1,z:ilp,nat-oop,11233,20915,13.682,1.862,2.357e-15,flat,0
2697,1,z:ilp,nat-oop,10927,20900,14.065,1.913,2.357e-15,flat,1
2698,1,z:ilp,nat-oop,22414,29214,6.860,1.303,9.606e-16,prime,0
2698,1,z:ilp,nat-oop,22438,29211,6.852,1.302,9.606e-16,prime,1
2699,1,z:ilp,nat-oop,23233,30318,6.621,1.305,8.544e-16,prime,0
2699,1,z:ilp,nat-oop,23209,30316,6.628,1.306,8.544e-16,prime,1
2700,1,z:ilp,nat-oop,4014,4905,38.337,1.222,9.997e-16,flat,0
2700,1,z:ilp,nat-oop,4117,4924,37.377,1.196,9.997e-16,flat,1
2701,1,z:ilp,nat-oop,23020,47046,6.688,2.044,8.430e-16,prime,0
2701,1,z:ilp,nat-oop,22409,47055,6.870,2.100,8.430e-16,prime,1
2702,1,z:ilp,nat-oop,22930,30470,6.717,1.329,8.869e-16,prime,0
2702,1,z:ilp,nat-oop,23006,30379,6.694,1.320,8.869e-16,prime,1
2703,1,z:ilp,nat-oop,23031,27966,6.690,1.214,9.849e-16,prime,0
2703,1,z:ilp,nat-oop,23373,27977,6.592,1.197,9.849e-16,prime,1
2704,1,z:ilp,nat-oop,3529,4401,43.675,1.247,7.556e-16,chain3,0
2704,1,z:ilp,nat-oop,3551,4400,43.407,1.239,7.556e-16,chain3,1
2705,1,z:ilp,nat-oop,23006,30434,6.703,1.323,8.589e-16,prime,0
2705,1,z:ilp,nat-oop,22438,30393,6.873,1.355,8.589e-16,prime,1
2706,1,z:ilp,nat-oop,9550,14078,16.153,1.474,9.176e-16,flat,0
2706,1,z:ilp,nat-oop,9374,14054,16.457,1.499,9.176e-16,flat,1
2707,1,z:ilp,nat-oop,22435,30257,6.879,1.349,8.702e-16,prime,0
2707,1,z:ilp,nat-oop,22871,30277,6.748,1.324,8.702e-16,prime,1
2708,1,z:ilp,nat-oop,22422,30311,6.886,1.352,7.180e-16,prime,0
2708,1,z:ilp,nat-oop,22457,30323,6.875,1.350,7.180e-16,prime,1
2709,1,z:ilp,nat-oop,9615,18827,16.065,1.958,7.847e-16,chain3,0
2709,1,z:ilp,nat-oop,12292,18889,12.566,1.537,7.847e-16,chain3,1
2710,1,z:ilp,nat-oop,23007,30406,6.716,1.322,8.875e-16,prime,0
2710,1,z:ilp,nat-oop,22420,30419,6.892,1.357,8.875e-16,prime,1
2711,1,z:ilp,nat-oop,23751,30312,6.509,1.276,8.729e-16,prime,0
2711,1,z:ilp,nat-oop,23733,30371,6.514,1.280,8.729e-16,prime,1
2712,1,z:ilp,nat-oop,23247,45799,6.653,1.970,8.236e-16,prime,0
2712,1,z:ilp,nat-oop,22891,45781,6.756,2.000,8.236e-16,prime,1
2713,1,z:ilp,nat-oop,23400,30367,6.612,1.298,7.434e-16,prime,0
2713,1,z:ilp,nat-oop,23373,30375,6.620,1.300,7.434e-16,prime,1
2714,1,z:ilp,nat-oop,22934,25525,6.749,1.113,9.056e-16,prime,0
2714,1,z:ilp,nat-oop,22431,25435,6.900,1.134,9.056e-16,prime,1
2715,1,z:ilp,nat-oop,22780,30238,6.797,1.327,9.077e-16,prime,0
2715,1,z:ilp,nat-oop,23755,30282,6.518,1.275,9.077e-16,prime,1
2716,1,z:ilp,nat-oop,22458,38562,6.898,1.717,8.824e-16,prime,0
2716,1,z:ilp,nat-oop,22972,38639,6.743,1.682,8.824e-16,prime,1
2717,1,z:ilp,nat-oop,5390,8592,28.754,1.594,9.606e-16,flat,0
2717,1,z:ilp,nat-oop,5386,8654,28.775,1.607,9.606e-16,flat,1
2718,1,z:ilp,nat-oop,23038,30461,6.730,1.322,7.978e-16,prime,0
2718,1,z:ilp,nat-oop,22957,30430,6.753,1.326,7.978e-16,prime,1
2719,1,z:ilp,nat-oop,23809,30319,6.515,1.273,1.102e-15,prime,0
2719,1,z:ilp,nat-oop,23236,30348,6.675,1.306,1.102e-15,prime,1
2720,1,z:ilp,nat-oop,3504,7491,44.277,2.138,7.388e-16,chain3,0
2720,1,z:ilp,nat-oop,3526,7505,44.012,2.129,7.388e-16,chain3,1
2721,1,z:ilp,nat-oop,23353,30481,6.647,1.305,9.306e-16,prime,0
2721,1,z:ilp,nat-oop,23038,30401,6.738,1.320,9.306e-16,prime,1
2722,1,z:ilp,nat-oop,22435,30420,6.922,1.356,9.304e-16,prime,0
2722,1,z:ilp,nat-oop,23003,30454,6.751,1.324,9.304e-16,prime,1
2723,1,z:ilp,nat-oop,23028,30366,6.746,1.319,8.190e-16,prime,0
2723,1,z:ilp,nat-oop,22954,30309,6.768,1.320,8.190e-16,prime,1
2724,1,z:ilp,nat-oop,22467,30305,6.918,1.349,6.716e-16,prime,0
2724,1,z:ilp,nat-oop,22002,30298,7.064,1.377,6.716e-16,prime,1
2725,1,z:ilp,nat-oop,22651,30415,6.864,1.343,8.160e-16,prime,0
2725,1,z:ilp,nat-oop,22495,30435,6.912,1.353,8.160e-16,prime,1
2726,1,z:ilp,nat-oop,11230,22524,13.851,2.006,3.078e-15,flat,0
2726,1,z:ilp,nat-oop,10885,22505,14.290,2.067,3.078e-15,flat,1
2727,1,z:ilp,nat-oop,22985,30352,6.771,1.321,6.773e-16,prime,0
2727,1,z:ilp,nat-oop,23036,30311,6.755,1.316,6.773e-16,prime,1
2728,1,z:ilp,nat-oop,6296,11099,24.729,1.763,8.100e-16,flat,0
2728,1,z:ilp,nat-oop,6352,11093,24.510,1.746,8.100e-16,flat,1
2729,1,z:ilp,nat-oop,22959,30449,6.784,1.326,1.089e-15,prime,0
2729,1,z:ilp,nat-oop,22454,30446,6.936,1.356,1.089e-15,prime,1
2730,1,z:ilp,nat-oop,5650,4710,27.576,0.834,6.375e-16,flat,0
2730,1,z:ilp,nat-oop,5565,4718,27.999,0.848,6.375e-16,flat,1
2731,1,z:ilp,nat-oop,15636,30279,9.969,1.937,2.389e-15,prime,0
2731,1,z:ilp,nat-oop,15795,30319,9.869,1.920,2.389e-15,prime,1
2732,1,z:ilp,nat-oop,22810,30303,6.837,1.329,8.468e-16,prime,0
2732,1,z:ilp,nat-oop,23419,30380,6.659,1.297,8.468e-16,prime,1
2733,1,z:ilp,nat-oop,23714,30544,6.579,1.288,8.643e-16,prime,0
2733,1,z:ilp,nat-oop,23395,30509,6.668,1.304,8.643e-16,prime,1
2734,1,z:ilp,nat-oop,22482,30483,6.942,1.356,9.538e-16,prime,0
2734,1,z:ilp,nat-oop,22461,30432,6.948,1.355,9.538e-16,prime,1
2735,1,z:ilp,nat-oop,22935,30287,6.808,1.321,7.522e-16,prime,0
2735,1,z:ilp,nat-oop,23056,30344,6.772,1.316,7.522e-16,prime,1
2736,1,z:ilp,nat-oop,3742,7709,41.738,2.060,6.801e-16,chain3,0
2736,1,z:ilp,nat-oop,3793,7714,41.184,2.034,6.801e-16,chain3,1
2737,1,z:ilp,nat-oop,6473,13604,24.141,2.102,1.380e-15,flat,0
2737,1,z:ilp,nat-oop,5778,13683,27.043,2.368,1.380e-15,flat,1
2738,1,z:ilp,nat-oop,9235,21014,16.928,2.275,3.748e-15,flat,0
2738,1,z:ilp,nat-oop,9237,20977,16.924,2.271,3.748e-15,flat,1
2739,1,z:ilp,nat-oop,23747,42586,6.586,1.793,6.924e-16,prime,0
2739,1,z:ilp,nat-oop,23737,42578,6.588,1.794,6.924e-16,prime,1
2740,1,z:ilp,nat-oop,27963,56143,5.595,2.008,8.605e-16,prime,0
2740,1,z:ilp,nat-oop,23019,56203,6.797,2.442,8.605e-16,prime,1
2741,1,z:ilp,nat-oop,23274,30437,6.725,1.308,9.449e-16,prime,0
2741,1,z:ilp,nat-oop,23404,30480,6.688,1.302,9.449e-16,prime,1
2742,1,z:ilp,nat-oop,23365,30433,6.702,1.303,8.308e-16,prime,0
2742,1,z:ilp,nat-oop,22830,30453,6.859,1.334,8.308e-16,prime,1
2743,1,z:ilp,nat-oop,22463,30375,6.973,1.352,8.916e-16,prime,0
2743,1,z:ilp,nat-oop,23078,30280,6.788,1.312,8.916e-16,prime,1
2744,1,z:ilp,nat-oop,4626,4490,33.879,0.971,6.802e-16,flat,0
2744,1,z:ilp,nat-oop,4723,4484,33.183,0.949,6.802e-16,flat,1
2745,1,z:ilp,nat-oop,23287,29452,6.732,1.265,1.167e-15,prime,0
2745,1,z:ilp,nat-oop,23754,29446,6.600,1.240,1.167e-15,prime,1
2746,1,z:ilp,nat-oop,23005,30456,6.818,1.324,6.846e-16,prime,0
2746,1,z:ilp,nat-oop,22458,30441,6.984,1.355,6.846e-16,prime,1
2747,1,z:ilp,nat-oop,22985,46470,6.826,2.022,8.017e-16,prime,0
2747,1,z:ilp,nat-oop,23028,46292,6.813,2.010,8.017e-16,prime,1
2748,1,z:ilp,nat-oop,22864,30295,6.865,1.325,1.008e-15,prime,0
2748,1,z:ilp,nat-oop,23401,30342,6.708,1.297,1.008e-15,prime,1
2749,1,z:ilp,nat-oop,23395,30438,6.712,1.301,7.466e-16,prime,0
2749,1,z:ilp,nat-oop,23385,30452,6.715,1.302,7.466e-16,prime,1
2750,1,z:ilp,nat-oop,4874,4879,32.232,1.001,7.524e-16,chain3,0
2750,1,z:ilp,nat-oop,4889,4880,32.135,0.998,7.524e-16,chain3,1
2751,1,z:ilp,nat-oop,22822,30395,6.886,1.332,7.840e-16,prime,0
2751,1,z:ilp,nat-oop,23268,30376,6.754,1.305,7.840e-16,prime,1
2752,1,z:ilp,nat-oop,5145,14382,30.561,2.795,5.303e-16,2p,0
2752,1,z:ilp,nat-oop,5142,14436,30.579,2.808,5.303e-16,2p,1
2753,1,z:ilp,nat-oop,23372,30444,6.730,1.303,8.163e-16,prime,0
2753,1,z:ilp,nat-oop,23382,30429,6.727,1.301,8.163e-16,prime,1
2754,1,z:ilp,nat-oop,6269,7791,25.101,1.243,6.181e-16,chain3,0
2754,1,z:ilp,nat-oop,6273,7796,25.083,1.243,6.181e-16,chain3,1
2755,1,z:ilp,nat-oop,7265,16746,21.668,2.305,6.784e-16,chain3,0
2755,1,z:ilp,nat-oop,7378,16931,21.335,2.295,6.784e-16,chain3,1
2756,1,z:ilp,nat-oop,23037,19380,6.836,0.841,7.292e-16,prime,0
2756,1,z:ilp,nat-oop,23017,19387,6.842,0.842,7.292e-16,prime,1
2757,1,z:ilp,nat-oop,23010,30426,6.847,1.322,9.072e-16,prime,0
2757,1,z:ilp,nat-oop,22843,30423,6.897,1.332,9.072e-16,prime,1
2758,1,z:ilp,nat-oop,23415,30433,6.731,1.300,9.771e-16,prime,0
2758,1,z:ilp,nat-oop,23437,30408,6.725,1.297,9.771e-16,prime,1
2759,1,z:ilp,nat-oop,23435,57306,6.728,2.445,8.852e-16,prime,0
2759,1,z:ilp,nat-oop,22854,57289,6.899,2.507,8.852e-16,prime,1
2760,1,z:ilp,nat-oop,4763,9148,33.121,1.921,1.011e-15,chain3,0
2760,1,z:ilp,nat-oop,4252,9144,37.096,2.150,1.011e-15,chain3,1
2761,1,z:ilp,nat-oop,23410,30411,6.741,1.299,9.706e-16,prime,0
2761,1,z:ilp,nat-oop,23259,30533,6.785,1.313,9.706e-16,prime,1
2762,1,z:ilp,nat-oop,23417,30480,6.742,1.302,1.085e-15,prime,0
2762,1,z:ilp,nat-oop,22804,30510,6.923,1.338,1.085e-15,prime,1
2763,1,z:ilp,nat-oop,23195,30311,6.809,1.307,9.548e-16,prime,0
2763,1,z:ilp,nat-oop,23314,30301,6.774,1.300,9.548e-16,prime,1
2764,1,z:ilp,nat-oop,23117,30297,6.835,1.311,9.058e-16,prime,0
2764,1,z:ilp,nat-oop,23175,30331,6.818,1.309,9.058e-16,prime,1
2765,1,z:ilp,nat-oop,34188,39816,4.623,1.165,9.096e-16,prime,0
2765,1,z:ilp,nat-oop,23029,39785,6.864,1.728,9.096e-16,prime,1
2766,1,z:ilp,nat-oop,23636,30417,6.690,1.287,9.480e-16,prime,0
2766,1,z:ilp,nat-oop,23624,30419,6.694,1.288,9.480e-16,prime,1
2767,1,z:ilp,nat-oop,23415,30279,6.756,1.293,8.286e-16,prime,0
2767,1,z:ilp,nat-oop,23401,30341,6.760,1.297,8.286e-16,prime,1
2768,1,z:ilp,nat-oop,22972,30384,6.889,1.323,6.976e-16,prime,0
2768,1,z:ilp,nat-oop,22473,30338,7.042,1.350,6.976e-16,prime,1
2769,1,z:ilp,nat-oop,23381,35333,6.771,1.511,7.517e-16,prime,0
2769,1,z:ilp,nat-oop,23385,35334,6.770,1.511,7.517e-16,prime,1
2770,1,z:ilp,nat-oop,23362,30457,6.780,1.304,9.721e-16,prime,0
2770,1,z:ilp,nat-oop,23367,30446,6.778,1.303,9.721e-16,prime,1
2771,1,z:ilp,nat-oop,22872,30388,6.928,1.329,1.050e-15,prime,0
2771,1,z:ilp,nat-oop,23395,30419,6.773,1.300,1.050e-15,prime,1
2772,1,z:ilp,nat-oop,3674,5088,43.145,1.385,6.484e-16,chain3,0
2772,1,z:ilp,nat-oop,3720,5046,42.613,1.357,6.484e-16,chain3,1
2773,1,z:ilp,nat-oop,22836,45151,6.944,1.977,7.802e-16,prime,0
2773,1,z:ilp,nat-oop,22867,45155,6.935,1.975,7.802e-16,prime,1
2774,1,z:ilp,nat-oop,22454,31114,7.065,1.386,7.975e-16,prime,0
2774,1,z:ilp,nat-oop,23005,31081,6.896,1.351,7.975e-16,prime,1
2775,1,z:ilp,nat-oop,8566,16265,18.528,1.899,7.457e-16,chain3,0
2775,1,z:ilp,nat-oop,8617,16256,18.419,1.887,7.457e-16,chain3,1
2776,1,z:ilp,nat-oop,23407,30320,6.783,1.295,8.520e-16,prime,0
2776,1,z:ilp,nat-oop,22810,30381,6.961,1.332,8.520e-16,prime,1
2777,1,z:ilp,nat-oop,22868,30473,6.946,1.333,1.151e-15,prime,0
2777,1,z:ilp,nat-oop,23358,30567,6.800,1.309,1.151e-15,prime,1
2778,1,z:ilp,nat-oop,23075,30489,6.886,1.321,8.336e-16,prime,0
2778,1,z:ilp,nat-oop,22456,30455,7.076,1.356,8.336e-16,prime,1
2779,1,z:ilp,nat-oop,23384,30343,6.798,1.298,8.118e-16,prime,0
2779,1,z:ilp,nat-oop,22506,30345,7.063,1.348,8.118e-16,prime,1
2780,1,z:ilp,nat-oop,23083,56778,6.889,2.460,9.826e-16,prime,0
2780,1,z:ilp,nat-oop,23049,56788,6.900,2.464,9.826e-16,prime,1
2781,1,z:ilp,nat-oop,22156,30494,7.181,1.376,7.864e-16,prime,0
2781,1,z:ilp,nat-oop,22097,30427,7.200,1.377,7.864e-16,prime,1
2782,1,z:ilp,nat-oop,23124,44454,6.883,1.922,8.145e-16,prime,0
2782,1,z:ilp,nat-oop,23311,44454,6.827,1.907,8.145e-16,prime,1
2783,1,z:ilp,nat-oop,6337,10059,25.125,1.587,1.382e-15,flat,0
2783,1,z:ilp,nat-oop,6492,10050,24.526,1.548,1.382e-15,flat,1
2784,1,z:ilp,nat-oop,6334,10791,25.148,1.704,6.505e-16,flat,0
2784,1,z:ilp,nat-oop,7694,10773,20.702,1.400,6.505e-16,flat,1
2785,1,z:ilp,nat-oop,23180,30636,6.874,1.322,8.725e-16,prime,0
2785,1,z:ilp,nat-oop,22822,30532,6.982,1.338,8.725e-16,prime,1
2786,1,z:ilp,nat-oop,22818,30518,6.986,1.337,1.003e-15,prime,0
2786,1,z:ilp,nat-oop,22853,30524,6.976,1.336,1.003e-15,prime,1
2787,1,z:ilp,nat-oop,23174,30323,6.882,1.308,8.603e-16,prime,0
2787,1,z:ilp,nat-oop,23174,30425,6.882,1.313,8.603e-16,prime,1
2788,1,z:ilp,nat-oop,6519,17213,24.472,2.640,8.564e-16,chain3,0
2788,1,z:ilp,nat-oop,6476,17245,24.637,2.663,8.564e-16,chain3,1
2789,1,z:ilp,nat-oop,23782,30471,6.711,1.281,1.167e-15,prime,0
2789,1,z:ilp,nat-oop,23240,30492,6.868,1.312,1.167e-15,prime,1
2790,1,z:ilp,nat-oop,5544,11266,28.801,2.032,5.593e-16,chain3,0
2790,1,z:ilp,nat-oop,5379,11255,29.683,2.092,5.593e-16,chain3,1
2791,1,z:ilp,nat-oop,23449,30394,6.812,1.296,1.022e-15,prime,0
2791,1,z:ilp,nat-oop,22441,30389,7.118,1.354,1.022e-15,prime,1
2792,1,z:ilp,nat-oop,22505,30432,7.101,1.352,8.268e-16,prime,0
2792,1,z:ilp,nat-oop,22502,30448,7.102,1.353,8.268e-16,prime,1
2793,1,z:ilp,nat-oop,5019,8890,31.855,1.772,7.621e-16,chain3,0
2793,1,z:ilp,nat-oop,4773,8884,33.491,1.861,7.621e-16,chain3,1
2794,1,z:ilp,nat-oop,23427,53131,6.827,2.268,1.025e-15,prime,0
2794,1,z:ilp,nat-oop,23433,53095,6.825,2.266,1.025e-15,prime,1
2795,1,z:ilp,nat-oop,8038,19475,19.904,2.423,7.407e-16,chain3,0
2795,1,z:ilp,nat-oop,7523,19627,21.266,2.609,7.407e-16,chain3,1
2796,1,z:ilp,nat-oop,23082,30413,6.934,1.318,7.719e-16,prime,0
2796,1,z:ilp,nat-oop,23159,30373,6.911,1.312,7.719e-16,prime,1
2797,1,z:ilp,nat-oop,22901,30589,6.992,1.336,9.303e-16,prime,0
2797,1,z:ilp,nat-oop,23411,30518,6.840,1.304,9.303e-16,prime,1
2798,1,z:ilp,nat-oop,22857,30674,7.008,1.342,9.792e-16,prime,0
2798,1,z:ilp,nat-oop,23070,30463,6.944,1.320,9.792e-16,prime,1
2799,1,z:ilp,nat-oop,23475,30387,6.827,1.294,7.559e-16,prime,0
2799,1,z:ilp,nat-oop,23177,30368,6.914,1.310,7.559e-16,prime,1
2800,1,z:ilp,nat-oop,2732,4188,58.674,1.533,4.622e-16,ztt,0
2800,1,z:ilp,nat-oop,2715,4185,59.055,1.542,4.622e-16,ztt,1
2801,1,z:ilp,nat-oop,10526,30555,15.237,2.903,6.735e-16,prime,0
2801,1,z:ilp,nat-oop,10476,30545,15.309,2.916,6.735e-16,prime,1
2802,1,z:ilp,nat-oop,23097,30574,6.947,1.324,7.118e-16,prime,0
2802,1,z:ilp,nat-oop,23101,30460,6.945,1.319,7.118e-16,prime,1
2803,1,z:ilp,nat-oop,23346,30389,6.875,1.302,6.673e-16,prime,0
2803,1,z:ilp,nat-oop,22849,30383,7.025,1.330,6.673e-16,prime,1
2804,1,z:ilp,nat-oop,22833,30394,7.033,1.331,1.051e-15,prime,0
2804,1,z:ilp,nat-oop,23363,30396,6.873,1.301,1.051e-15,prime,1
2805,1,z:ilp,nat-oop,5354,8620,30.006,1.610,7.851e-16,chain3,0
2805,1,z:ilp,nat-oop,4987,8608,32.210,1.726,7.851e-16,chain3,1
2806,1,z:ilp,nat-oop,22815,27347,7.044,1.199,7.586e-16,prime,0
2806,1,z:ilp,nat-oop,23451,27328,6.853,1.165,7.586e-16,prime,1
2807,1,z:ilp,nat-oop,22972,30488,6.998,1.327,1.029e-15,prime,0
2807,1,z:ilp,nat-oop,22507,30380,7.143,1.350,1.029e-15,prime,1
2808,1,z:ilp,nat-oop,5262,4907,30.562,0.933,1.220e-15,flat,0
2808,1,z:ilp,nat-oop,5139,4901,31.296,0.954,1.220e-15,flat,1
2809,1,z:ilp,nat-oop,22862,46375,7.038,2.028,8.092e-16,prime,0
2809,1,z:ilp,nat-oop,22945,46373,7.012,2.021,8.092e-16,prime,1
2810,1,z:ilp,nat-oop,22537,30509,7.142,1.354,1.008e-15,prime,0
2810,1,z:ilp,nat-oop,23087,30506,6.972,1.321,1.008e-15,prime,1
2811,1,z:ilp,nat-oop,23083,30375,6.976,1.316,9.886e-16,prime,0
2811,1,z:ilp,nat-oop,23146,30413,6.957,1.314,9.886e-16,prime,1
2812,1,z:ilp,nat-oop,6404,16335,25.155,2.551,6.096e-16,chain3,0
2812,1,z:ilp,nat-oop,6312,16314,25.520,2.584,6.096e-16,chain3,1
2813,1,z:ilp,nat-oop,22458,30509,7.176,1.358,8.152e-16,prime,0
2813,1,z:ilp,nat-oop,22893,30488,7.039,1.332,8.152e-16,prime,1
2814,1,z:ilp,nat-oop,28675,25423,5.622,0.887,7.801e-16,prime,0
2814,1,z:ilp,nat-oop,23094,25405,6.981,1.100,7.801e-16,prime,1
2815,1,z:ilp,nat-oop,34147,30418,4.723,0.891,8.650e-16,prime,0
2815,1,z:ilp,nat-oop,23459,30394,6.875,1.296,8.650e-16,prime,1
2816,1,z:ilp,nat-oop,3981,4340,40.527,1.090,5.718e-16,chain3,0
2816,1,z:ilp,nat-oop,3932,4342,41.030,1.104,5.718e-16,chain3,1
2817,1,z:ilp,nat-oop,23775,30708,6.789,1.292,7.720e-16,prime,0
2817,1,z:ilp,nat-oop,23278,30501,6.934,1.310,7.720e-16,prime,1
2818,1,z:ilp,nat-oop,22847,30554,7.068,1.337,1.029e-15,prime,0
2818,1,z:ilp,nat-oop,23405,30537,6.899,1.305,1.029e-15,prime,1
2819,1,z:ilp,nat-oop,23694,30408,6.818,1.283,6.909e-16,prime,0
2819,1,z:ilp,nat-oop,23579,30382,6.851,1.289,6.909e-16,prime,1
2820,1,z:ilp,nat-oop,6371,17298,25.367,2.715,9.538e-16,chain3,0
2820,1,z:ilp,nat-oop,6379,17310,25.333,2.714,9.538e-16,chain3,1
2821,1,z:ilp,nat-oop,6771,13432,23.877,1.984,7.485e-16,chain3,0
2821,1,z:ilp,nat-oop,8075,13469,20.021,1.668,7.485e-16,chain3,1
2822,1,z:ilp,nat-oop,23360,35353,6.924,1.513,7.216e-16,prime,0
2822,1,z:ilp,nat-oop,23406,35386,6.910,1.512,7.216e-16,prime,1
2823,1,z:ilp,nat-oop,23033,30348,7.025,1.318,8.547e-16,prime,0
2823,1,z:ilp,nat-oop,23412,30412,6.911,1.299,8.547e-16,prime,1
2824,1,z:ilp,nat-oop,22968,30377,7.047,1.323,9.099e-16,prime,0
2824,1,z:ilp,nat-oop,24777,30433,6.533,1.228,9.099e-16,prime,1
2825,1,z:ilp,nat-oop,22491,30470,7.200,1.355,8.422e-16,prime,0
2825,1,z:ilp,nat-oop,22908,30494,7.069,1.331,8.422e-16,prime,1
2826,1,z:ilp,nat-oop,23318,30560,6.947,1.311,7.969e-16,prime,0
2826,1,z:ilp,nat-oop,23475,30588,6.901,1.303,7.969e-16,prime,1
2827,1,z:ilp,nat-oop,22860,30416,7.089,1.331,9.255e-16,prime,0
2827,1,z:ilp,nat-oop,29660,30407,5.464,1.025,9.255e-16,prime,1
2828,1,z:ilp,nat-oop,23399,42579,6.929,1.820,7.866e-16,prime,0
2828,1,z:ilp,nat-oop,23407,42570,6.926,1.819,7.866e-16,prime,1
2829,1,z:ilp,nat-oop,8348,24561,19.429,2.942,9.758e-16,flat,0
2829,1,z:ilp,nat-oop,9563,24554,16.960,2.568,9.758e-16,flat,1
2830,1,z:ilp,nat-oop,22498,30535,7.212,1.357,8.892e-16,prime,0
2830,1,z:ilp,nat-oop,23081,30485,7.030,1.321,8.892e-16,prime,1
2831,1,z:ilp,nat-oop,22861,30406,7.100,1.330,7.100e-16,prime,0
2831,1,z:ilp,nat-oop,23292,30393,6.969,1.305,7.100e-16,prime,1
2832,1,z:ilp,nat-oop,22850,21946,7.107,0.960,8.093e-16,prime,0
2832,1,z:ilp,nat-oop,23395,21960,6.941,0.939,8.093e-16,prime,1
2833,1,z:ilp,nat-oop,23244,30517,6.989,1.313,9.307e-16,prime,0
2833,1,z:ilp,nat-oop,23471,30519,6.921,1.300,9.307e-16,prime,1
2834,1,z:ilp,nat-oop,22906,47227,7.095,2.062,7.902e-16,prime,0
2834,1,z:ilp,nat-oop,23072,47178,7.044,2.045,7.902e-16,prime,1
2835,1,z:ilp,nat-oop,5067,5606,32.083,1.106,8.227e-16,chain3,0
2835,1,z:ilp,nat-oop,5087,5599,31.957,1.101,8.227e-16,chain3,1
2836,1,z:ilp,nat-oop,23017,30398,7.066,1.321,9.294e-16,prime,0
2836,1,z:ilp,nat-oop,22512,30390,7.225,1.350,9.294e-16,prime,1
2837,1,z:ilp,nat-oop,23025,30528,7.067,1.326,8.304e-16,prime,0
2837,1,z:ilp,nat-oop,22988,30489,7.078,1.326,8.304e-16,prime,1
2838,1,z:ilp,nat-oop,7621,15632,21.358,2.051,5.798e-16,chain3,0
2838,1,z:ilp,nat-oop,7828,15633,20.792,1.997,5.798e-16,chain3,1
2839,1,z:ilp,nat-oop,23424,30365,6.952,1.296,9.784e-16,prime,0
2839,1,z:ilp,nat-oop,23405,30420,6.957,1.300,9.784e-16,prime,1
2840,1,z:ilp,nat-oop,23373,27449,6.970,1.174,7.209e-16,prime,0
2840,1,z:ilp,nat-oop,22872,27443,7.122,1.200,7.209e-16,prime,1
2841,1,z:ilp,nat-oop,22863,30546,7.128,1.336,8.303e-16,prime,0
2841,1,z:ilp,nat-oop,22871,30571,7.125,1.337,8.303e-16,prime,1
2842,1,z:ilp,nat-oop,8690,11640,18.761,1.339,2.045e-15,flat,0
2842,1,z:ilp,nat-oop,9885,11622,16.492,1.176,2.045e-15,flat,1
2843,1,z:ilp,nat-oop,22934,30370,7.111,1.324,9.609e-16,prime,0
2843,1,z:ilp,nat-oop,23022,30361,7.084,1.319,9.609e-16,prime,1
2844,1,z:ilp,nat-oop,22798,31124,7.157,1.365,7.712e-16,prime,0
2844,1,z:ilp,nat-oop,23372,31130,6.981,1.332,7.712e-16,prime,1
2845,1,z:ilp,nat-oop,28479,30491,5.731,1.071,8.148e-16,prime,0
2845,1,z:ilp,nat-oop,23343,30497,6.992,1.306,8.148e-16,prime,1
2846,1,z:ilp,nat-oop,23406,30532,6.976,1.304,9.448e-16,prime,0
2846,1,z:ilp,nat-oop,22844,30540,7.148,1.337,9.448e-16,prime,1
2847,1,z:ilp,nat-oop,23186,38022,7.045,1.640,7.623e-16,prime,0
2847,1,z:ilp,nat-oop,23418,37865,6.975,1.617,7.623e-16,prime,1
2848,1,z:ilp,nat-oop,23420,36240,6.978,1.547,8.815e-16,prime,0
2848,1,z:ilp,nat-oop,22801,36244,7.167,1.590,8.815e-16,prime,1
2849,1,z:ilp,nat-oop,6552,16397,24.952,2.503,7.226e-16,flat,0
2849,1,z:ilp,nat-oop,7408,16389,22.068,2.212,7.226e-16,flat,1
2850,1,z:ilp,nat-oop,6347,8171,25.766,1.287,8.647e-16,flat,0
2850,1,z:ilp,nat-oop,6376,8167,25.651,1.281,8.647e-16,flat,1
2851,1,z:ilp,nat-oop,17079,30427,9.580,1.782,1.435e-15,prime,0
2851,1,z:ilp,nat-oop,16640,30619,9.832,1.840,1.435e-15,prime,1
2852,1,z:ilp,nat-oop,8417,15795,19.445,1.876,9.512e-16,chain3,0
2852,1,z:ilp,nat-oop,12187,15790,13.430,1.296,9.512e-16,chain3,1
2853,1,z:ilp,nat-oop,23794,30526,6.881,1.283,8.038e-16,prime,0
2853,1,z:ilp,nat-oop,23751,30529,6.894,1.285,8.038e-16,prime,1
2854,1,z:ilp,nat-oop,23442,30513,6.988,1.302,1.301e-15,prime,0
2854,1,z:ilp,nat-oop,23442,30549,6.987,1.303,1.301e-15,prime,1
2855,1,z:ilp,nat-oop,22888,30426,7.159,1.329,8.316e-16,prime,0
2855,1,z:ilp,nat-oop,27189,30411,6.027,1.119,8.316e-16,prime,1
2856,1,z:ilp,nat-oop,4568,8003,35.884,1.752,6.345e-16,chain3,0
2856,1,z:ilp,nat-oop,4601,8012,35.633,1.741,6.345e-16,chain3,1
2857,1,z:ilp,nat-oop,17465,30558,9.390,1.750,3.375e-15,prime,0
2857,1,z:ilp,nat-oop,17370,30487,9.441,1.755,3.375e-15,prime,1
2858,1,z:ilp,nat-oop,23017,30539,7.128,1.327,8.433e-16,prime,0
2858,1,z:ilp,nat-oop,23012,30558,7.129,1.328,8.433e-16,prime,1
2859,1,z:ilp,nat-oop,23294,30660,7.046,1.316,1.122e-15,prime,0
2859,1,z:ilp,nat-oop,23443,30418,7.001,1.298,1.122e-15,prime,1
2860,1,z:ilp,nat-oop,4775,5282,34.388,1.106,7.664e-16,flat,0
2860,1,z:ilp,nat-oop,4702,5219,34.916,1.110,7.664e-16,flat,1
2861,1,z:ilp,nat-oop,22900,30552,7.173,1.334,8.270e-16,prime,0
2861,1,z:ilp,nat-oop,22897,30594,7.174,1.336,8.270e-16,prime,1
2862,1,z:ilp,nat-oop,23031,20058,7.135,0.871,9.760e-16,prime,0
2862,1,z:ilp,nat-oop,23094,20078,7.115,0.869,9.760e-16,prime,1
2863,1,z:ilp,nat-oop,22960,30447,7.160,1.326,8.659e-16,prime,0
2863,1,z:ilp,nat-oop,23032,30480,7.137,1.323,8.659e-16,prime,1
2864,1,z:ilp,nat-oop,23441,30521,7.015,1.302,1.010e-15,prime,0
2864,1,z:ilp,nat-oop,22847,30429,7.198,1.332,1.010e-15,prime,1
2865,1,z:ilp,nat-oop,23813,30561,6.909,1.283,8.734e-16,prime,0
2865,1,z:ilp,nat-oop,23411,30604,7.027,1.307,8.734e-16,prime,1
2866,1,z:ilp,nat-oop,23407,30531,7.031,1.304,8.093e-16,prime,0
2866,1,z:ilp,nat-oop,23440,30519,7.021,1.302,8.093e-16,prime,1
2867,1,z:ilp,nat-oop,23520,48388,7.000,2.057,7.297e-16,prime,0
2867,1,z:ilp,nat-oop,23298,48431,7.067,2.079,7.297e-16,prime,1
2868,1,z:ilp,nat-oop,22791,30430,7.227,1.335,1.158e-15,prime,0
2868,1,z:ilp,nat-oop,22982,30451,7.167,1.325,1.158e-15,prime,1
2869,1,z:ilp,nat-oop,22482,30600,7.329,1.361,1.078e-15,prime,0
2869,1,z:ilp,nat-oop,22929,30735,7.186,1.340,1.078e-15,prime,1
2870,1,z:ilp,nat-oop,8751,15436,18.837,1.764,7.708e-16,flat,0
2870,1,z:ilp,nat-oop,8818,15422,18.694,1.749,7.708e-16,flat,1
2871,1,z:ilp,nat-oop,9129,13136,18.064,1.439,8.182e-16,flat,0
2871,1,z:ilp,nat-oop,8653,13117,19.057,1.516,8.182e-16,flat,1
2872,1,z:ilp,nat-oop,28588,30532,5.770,1.068,7.308e-16,prime,0
2872,1,z:ilp,nat-oop,23095,30454,7.143,1.319,7.308e-16,prime,1
2873,1,z:ilp,nat-oop,5264,8885,31.348,1.688,9.057e-16,chain3,0
2873,1,z:ilp,nat-oop,5309,8978,31.082,1.691,9.057e-16,chain3,1
2874,1,z:ilp,nat-oop,23061,30577,7.159,1.326,1.005e-15,prime,0
2874,1,z:ilp,nat-oop,23051,30589,7.162,1.327,1.005e-15,prime,1
2875,1,z:ilp,nat-oop,6412,10745,25.759,1.676,7.293e-16,chain3,0
2875,1,z:ilp,nat-oop,6259,10753,26.388,1.718,7.293e-16,chain3,1
2876,1,z:ilp,nat-oop,23176,30489,7.129,1.316,9.163e-16,prime,0
2876,1,z:ilp,nat-oop,23440,30446,7.049,1.299,9.163e-16,prime,1
2877,1,z:ilp,nat-oop,22961,30545,7.199,1.330,8.479e-16,prime,0
2877,1,z:ilp,nat-oop,23806,30549,6.943,1.283,8.479e-16,prime,1
2878,1,z:ilp,nat-oop,23038,30539,7.177,1.326,1.012e-15,prime,0
2878,1,z:ilp,nat-oop,23080,30769,7.164,1.333,1.012e-15,prime,1
2879,1,z:ilp,nat-oop,22915,30556,7.219,1.333,1.038e-15,prime,0
2879,1,z:ilp,nat-oop,23045,30464,7.178,1.322,1.038e-15,prime,1
2880,1,z:ilp,nat-oop,3066,4944,53.966,1.612,5.892e-16,ztt,0
2880,1,z:ilp,nat-oop,3083,4923,53.668,1.597,5.892e-16,ztt,1
2881,1,z:ilp,nat-oop,22935,49606,7.218,2.163,7.771e-16,prime,0
2881,1,z:ilp,nat-oop,23074,49566,7.174,2.148,7.771e-16,prime,1
2882,1,z:ilp,nat-oop,22477,56629,7.368,2.519,8.688e-16,prime,0
2882,1,z:ilp,nat-oop,22520,56669,7.354,2.516,8.688e-16,prime,1
2883,1,z:ilp,nat-oop,9230,23097,17.949,2.502,2.048e-15,flat,0
2883,1,z:ilp,nat-oop,11384,23108,14.553,2.030,2.048e-15,flat,1
2884,1,z:ilp,nat-oop,22899,43253,7.238,1.889,7.928e-16,prime,0
2884,1,z:ilp,nat-oop,23409,43237,7.080,1.847,7.928e-16,prime,1
2885,1,z:ilp,nat-oop,23291,30917,7.119,1.327,8.603e-16,prime,0
2885,1,z:ilp,nat-oop,23797,30572,6.967,1.285,8.603e-16,prime,1
2886,1,z:ilp,nat-oop,6369,13743,26.043,2.158,8.568e-16,chain3,0
2886,1,z:ilp,nat-oop,5998,13737,27.655,2.290,8.568e-16,chain3,1
2887,1,z:ilp,nat-oop,23469,30518,7.070,1.300,9.465e-16,prime,0
2887,1,z:ilp,nat-oop,23308,30409,7.119,1.305,9.465e-16,prime,1
2888,1,z:ilp,nat-oop,6915,11478,24.005,1.660,1.762e-15,flat,0
2888,1,z:ilp,nat-oop,8929,11479,18.590,1.286,1.762e-15,flat,1
2889,1,z:ilp,nat-oop,23098,30660,7.190,1.327,9.498e-16,prime,0
2889,1,z:ilp,nat-oop,23455,30539,7.080,1.302,9.498e-16,prime,1
2890,1,z:ilp,nat-oop,5371,11405,30.931,2.123,7.764e-16,chain3,0
2890,1,z:ilp,nat-oop,5423,11373,30.634,2.097,7.764e-16,chain3,1
2891,1,z:ilp,nat-oop,22886,29032,7.262,1.269,1.014e-15,prime,0
2891,1,z:ilp,nat-oop,23300,29030,7.133,1.246,1.014e-15,prime,1
2892,1,z:ilp,nat-oop,23027,30489,7.220,1.324,1.043e-15,prime,0
2892,1,z:ilp,nat-oop,32334,30476,5.142,0.943,1.043e-15,prime,1
2893,1,z:ilp,nat-oop,22480,30545,7.399,1.359,8.702e-16,prime,0
2893,1,z:ilp,nat-oop,22493,30561,7.394,1.359,8.702e-16,prime,1
2894,1,z:ilp,nat-oop,23519,30593,7.075,1.301,1.018e-15,prime,0
2894,1,z:ilp,nat-oop,23431,30652,7.101,1.308,1.018e-15,prime,1
2895,1,z:ilp,nat-oop,26724,30464,6.229,1.140,9.794e-16,prime,0
2895,1,z:ilp,nat-oop,23544,30470,7.070,1.294,9.794e-16,prime,1
2896,1,z:ilp,nat-oop,22454,30443,7.416,1.356,7.813e-16,prime,0
2896,1,z:ilp,nat-oop,23065,30480,7.220,1.322,7.813e-16,prime,1
2897,1,z:ilp,nat-oop,22480,30584,7.410,1.360,8.257e-16,prime,0
2897,1,z:ilp,nat-oop,22946,30647,7.260,1.336,8.257e-16,prime,1
2898,1,z:ilp,nat-oop,7354,9804,22.661,1.333,8.221e-16,flat,0
2898,1,z:ilp,nat-oop,6902,9813,24.146,1.422,8.221e-16,flat,1
2899,1,z:ilp,nat-oop,23459,30490,7.107,1.300,8.095e-16,prime,0
2899,1,z:ilp,nat-oop,23437,30680,7.113,1.309,8.095e-16,prime,1
2900,1,z:ilp,nat-oop,5837,11188,28.572,1.917,5.299e-16,flat,0
2900,1,z:ilp,nat-oop,6009,11198,27.755,1.864,5.299e-16,flat,1
2901,1,z:ilp,nat-oop,23199,30604,7.192,1.319,7.429e-16,prime,0
2901,1,z:ilp,nat-oop,23190,30590,7.195,1.319,7.429e-16,prime,1
2902,1,z:ilp,nat-oop,32194,30585,5.184,0.950,8.975e-16,prime,0
2902,1,z:ilp,nat-oop,23086,30564,7.230,1.324,8.975e-16,prime,1
2903,1,z:ilp,nat-oop,23833,30530,7.006,1.281,7.846e-16,prime,0
2903,1,z:ilp,nat-oop,22903,30551,7.290,1.334,7.846e-16,prime,1
2904,1,z:ilp,nat-oop,5280,5371,31.637,1.017,9.075e-16,flat,0
2904,1,z:ilp,nat-oop,5283,5400,31.618,1.022,9.075e-16,flat,1
2905,1,z:ilp,nat-oop,22933,45169,7.286,1.970,7.195e-16,prime,0
2905,1,z:ilp,nat-oop,23021,45201,7.259,1.963,7.195e-16,prime,1
2906,1,z:ilp,nat-oop,22452,30583,7.445,1.362,8.431e-16,prime,0
2906,1,z:ilp,nat-oop,23013,30564,7.264,1.328,8.431e-16,prime,1
2907,1,z:ilp,nat-oop,7720,13270,21.662,1.719,1.595e-15,flat,0
2907,1,z:ilp,nat-oop,8450,13264,19.791,1.570,1.595e-15,flat,1
2908,1,z:ilp,nat-oop,23410,30446,7.146,1.301,9.544e-16,prime,0
2908,1,z:ilp,nat-oop,22908,30456,7.303,1.330,9.544e-16,prime,1
2909,1,z:ilp,nat-oop,22484,30630,7.443,1.362,7.831e-16,prime,0
2909,1,z:ilp,nat-oop,22908,30917,7.306,1.350,7.831e-16,prime,1
2910,1,z:ilp,nat-oop,23390,40998,7.158,1.753,1.074e-15,prime,0
2910,1,z:ilp,nat-oop,23430,41061,7.146,1.752,1.074e-15,prime,1
2911,1,z:ilp,nat-oop,23293,51692,7.191,2.219,8.585e-16,prime,0
2911,1,z:ilp,nat-oop,23451,51668,7.142,2.203,8.585e-16,prime,1
2912,1,z:ilp,nat-oop,3516,4959,47.658,1.411,5.609e-16,chain3,0
2912,1,z:ilp,nat-oop,3500,4961,47.870,1.417,5.609e-16,chain3,1
2913,1,z:ilp,nat-oop,23334,30713,7.183,1.316,1.303e-15,prime,0
2913,1,z:ilp,nat-oop,23473,30658,7.141,1.306,1.303e-15,prime,1
2914,1,z:ilp,nat-oop,12210,24548,13.734,2.011,1.875e-15,flat,0
2914,1,z:ilp,nat-oop,10413,24563,16.104,2.359,1.875e-15,flat,1
2915,1,z:ilp,nat-oop,22522,26213,7.448,1.164,8.363e-16,prime,0
2915,1,z:ilp,nat-oop,22933,26198,7.315,1.142,8.363e-16,prime,1
2916,1,z:ilp,nat-oop,4832,5696,34.730,1.179,9.116e-16,chain3,0
2916,1,z:ilp,nat-oop,3988,5695,42.081,1.428,9.116e-16,chain3,1
2917,1,z:ilp,nat-oop,32332,30641,5.192,0.948,9.211e-16,prime,0
2917,1,z:ilp,nat-oop,23060,30711,7.280,1.332,9.211e-16,prime,1
2918,1,z:ilp,nat-oop,22495,30564,7.466,1.359,1.064e-15,prime,0
2918,1,z:ilp,nat-oop,31785,30663,5.284,0.965,1.064e-15,prime,1
2919,1,z:ilp,nat-oop,23848,30431,7.045,1.276,1.250e-15,prime,0
2919,1,z:ilp,nat-oop,23314,30488,7.206,1.308,1.250e-15,prime,1
2920,1,z:ilp,nat-oop,22392,29335,7.506,1.310,7.678e-16,prime,0
2920,1,z:ilp,nat-oop,25844,29369,6.503,1.136,7.678e-16,prime,1
2921,1,z:ilp,nat-oop,32684,30603,5.144,0.936,1.048e-15,prime,0
2921,1,z:ilp,nat-oop,23829,30731,7.056,1.290,1.048e-15,prime,1
2922,1,z:ilp,nat-oop,23083,30732,7.287,1.331,8.260e-16,prime,0
2922,1,z:ilp,nat-oop,22497,30579,7.477,1.359,8.260e-16,prime,1
2923,1,z:ilp,nat-oop,22922,54577,7.341,2.381,7.706e-16,prime,0
2923,1,z:ilp,nat-oop,32690,54572,5.147,1.669,7.706e-16,prime,1
2924,1,z:ilp,nat-oop,6999,18827,24.052,2.690,7.239e-16,chain3,0
2924,1,z:ilp,nat-oop,7461,18802,22.562,2.520,7.239e-16,chain3,1
2925,1,z:ilp,nat-oop,5387,5847,31.258,1.085,7.660e-16,chain3,0
2925,1,z:ilp,nat-oop,5340,5876,31.535,1.100,7.660e-16,chain3,1
2926,1,z:ilp,nat-oop,7250,9445,23.236,1.303,1.530e-15,flat,0
2926,1,z:ilp,nat-oop,7894,9457,21.340,1.198,1.530e-15,flat,1
2927,1,z:ilp,nat-oop,23487,30481,7.175,1.298,8.646e-16,prime,0
2927,1,z:ilp,nat-oop,22972,30475,7.336,1.327,8.646e-16,prime,1
2928,1,z:ilp,nat-oop,23224,23820,7.259,1.026,8.158e-16,prime,0
2928,1,z:ilp,nat-oop,23431,23837,7.195,1.017,8.158e-16,prime,1
2929,1,z:ilp,nat-oop,23473,30599,7.185,1.304,8.909e-16,prime,0
2929,1,z:ilp,nat-oop,23523,30785,7.170,1.309,8.909e-16,prime,1
2930,1,z:ilp,nat-oop,23099,30794,7.304,1.333,1.177e-15,prime,0
2930,1,z:ilp,nat-oop,23120,30644,7.298,1.325,1.177e-15,prime,1
2931,1,z:ilp,nat-oop,23856,30472,7.075,1.277,7.171e-16,prime,0
2931,1,z:ilp,nat-oop,24443,30494,6.905,1.248,7.171e-16,prime,1
2932,1,z:ilp,nat-oop,23088,30527,7.313,1.322,1.103e-15,prime,0
2932,1,z:ilp,nat-oop,34170,30493,4.941,0.892,1.103e-15,prime,1
2933,1,z:ilp,nat-oop,23868,30586,7.077,1.281,8.249e-16,prime,0
2933,1,z:ilp,nat-oop,23932,30704,7.058,1.283,8.249e-16,prime,1
2934,1,z:ilp,nat-oop,23108,30639,7.313,1.326,7.727e-16,prime,0
2934,1,z:ilp,nat-oop,22563,30610,7.489,1.357,7.727e-16,prime,1
2935,1,z:ilp,nat-oop,23047,30494,7.335,1.323,1.013e-15,prime,0
2935,1,z:ilp,nat-oop,23012,30613,7.346,1.330,1.013e-15,prime,1
2936,1,z:ilp,nat-oop,26738,30561,6.325,1.143,8.765e-16,prime,0
2936,1,z:ilp,nat-oop,22576,30478,7.491,1.350,8.765e-16,prime,1
2937,1,z:ilp,nat-oop,22994,51536,7.357,2.241,6.399e-16,prime,0
2937,1,z:ilp,nat-oop,23001,51518,7.355,2.240,6.399e-16,prime,1
2938,1,z:ilp,nat-oop,23122,50747,7.319,2.195,1.082e-15,prime,0
2938,1,z:ilp,nat-oop,23080,50779,7.333,2.200,1.082e-15,prime,1
2939,1,z:ilp,nat-oop,23368,30506,7.245,1.305,8.215e-16,prime,0
2939,1,z:ilp,nat-oop,23476,30582,7.212,1.303,8.215e-16,prime,1
2940,1,z:ilp,nat-oop,4720,5433,35.880,1.151,6.775e-16,flat,0
2940,1,z:ilp,nat-oop,4695,5429,36.073,1.156,6.775e-16,flat,1
2941,1,z:ilp,nat-oop,23520,30687,7.204,1.305,8.408e-16,prime,0
2941,1,z:ilp,nat-oop,23355,30704,7.255,1.315,8.408e-16,prime,1
2942,1,z:ilp,nat-oop,23522,30606,7.206,1.301,7.881e-16,prime,0
2942,1,z:ilp,nat-oop,22900,30681,7.402,1.340,7.881e-16,prime,1
2943,1,z:ilp,nat-oop,23313,30501,7.273,1.308,9.800e-16,prime,0
2943,1,z:ilp,nat-oop,23338,30505,7.266,1.307,9.800e-16,prime,1
2944,1,z:ilp,nat-oop,5218,9640,32.506,1.847,5.648e-16,chain3,0
2944,1,z:ilp,nat-oop,5713,9624,29.692,1.685,5.648e-16,chain3,1
2945,1,z:ilp,nat-oop,10281,18781,16.505,1.827,6.250e-16,chain3,0
2945,1,z:ilp,nat-oop,10137,18892,16.740,1.864,6.250e-16,chain3,1
2946,1,z:ilp,nat-oop,23083,30626,7.354,1.327,1.132e-15,prime,0
2946,1,z:ilp,nat-oop,22595,30643,7.513,1.356,1.132e-15,prime,1
2947,1,z:ilp,nat-oop,23344,30540,7.275,1.308,6.997e-16,prime,0
2947,1,z:ilp,nat-oop,23318,30578,7.283,1.311,6.997e-16,prime,1
2948,1,z:ilp,nat-oop,22529,26736,7.541,1.187,7.532e-16,prime,0
2948,1,z:ilp,nat-oop,23101,26697,7.354,1.156,7.532e-16,prime,1
2949,1,z:ilp,nat-oop,22545,30611,7.538,1.358,1.126e-15,prime,0
2949,1,z:ilp,nat-oop,22556,30598,7.535,1.357,1.126e-15,prime,1
2950,1,z:ilp,nat-oop,22553,23053,7.538,1.022,8.333e-16,prime,0
2950,1,z:ilp,nat-oop,22546,23069,7.541,1.023,8.333e-16,prime,1
2951,1,z:ilp,nat-oop,23362,30540,7.280,1.307,8.557e-16,prime,0
2951,1,z:ilp,nat-oop,23489,30525,7.241,1.300,8.557e-16,prime,1
2952,1,z:ilp,nat-oop,5786,15457,29.404,2.671,6.073e-16,chain3,0
2952,1,z:ilp,nat-oop,5802,15444,29.326,2.662,6.073e-16,chain3,1
2953,1,z:ilp,nat-oop,23846,30680,7.138,1.287,9.106e-16,prime,0
2953,1,z:ilp,nat-oop,22990,30633,7.404,1.332,9.106e-16,prime,1
2954,1,z:ilp,nat-oop,23000,30757,7.403,1.337,7.429e-16,prime,0
2954,1,z:ilp,nat-oop,23128,30741,7.362,1.329,7.429e-16,prime,1
2955,1,z:ilp,nat-oop,22915,30526,7.434,1.332,9.200e-16,prime,0
2955,1,z:ilp,nat-oop,23479,30646,7.255,1.305,9.200e-16,prime,1
2956,1,z:ilp,nat-oop,23110,30520,7.374,1.321,8.438e-16,prime,0
2956,1,z:ilp,nat-oop,22854,30473,7.456,1.333,8.438e-16,prime,1
2957,1,z:ilp,nat-oop,22963,30670,7.424,1.336,1.072e-15,prime,0
2957,1,z:ilp,nat-oop,23451,30626,7.269,1.306,1.072e-15,prime,1
2958,1,z:ilp,nat-oop,8927,14224,19.104,1.593,1.167e-15,flat,0
2958,1,z:ilp,nat-oop,8783,14240,19.417,1.621,1.167e-15,flat,1
2959,1,z:ilp,nat-oop,23516,30524,7.255,1.298,9.493e-16,prime,0
2959,1,z:ilp,nat-oop,23495,30499,7.261,1.298,9.493e-16,prime,1
2960,1,z:ilp,nat-oop,5711,13538,29.885,2.371,5.897e-16,flat,0
2960,1,z:ilp,nat-oop,5920,13519,28.828,2.284,5.897e-16,flat,1
2961,1,z:ilp,nat-oop,7628,22901,22.383,3.002,5.810e-16,flat,0
2961,1,z:ilp,nat-oop,7321,22922,23.321,3.131,5.810e-16,flat,1
2962,1,z:ilp,nat-oop,23149,30604,7.378,1.322,7.257e-16,prime,0
2962,1,z:ilp,nat-oop,23144,30618,7.380,1.323,7.257e-16,prime,1
2963,1,z:ilp,nat-oop,23415,30678,7.297,1.310,1.237e-15,prime,0
2963,1,z:ilp,nat-oop,23381,30558,7.308,1.307,1.237e-15,prime,1
2964,1,z:ilp,nat-oop,4416,9100,38.704,2.061,7.926e-16,chain3,0
2964,1,z:ilp,nat-oop,4493,9189,38.042,2.045,7.926e-16,chain3,1
2965,1,z:ilp,nat-oop,23479,30669,7.283,1.306,8.630e-16,prime,0
2965,1,z:ilp,nat-oop,23339,30623,7.326,1.312,8.630e-16,prime,1
2966,1,z:ilp,nat-oop,23040,30647,7.424,1.330,1.365e-15,prime,0
2966,1,z:ilp,nat-oop,22845,30780,7.487,1.347,1.365e-15,prime,1
2967,1,z:ilp,nat-oop,14328,26775,11.943,1.869,5.836e-16,chain3,0
2967,1,z:ilp,nat-oop,14587,26760,11.731,1.835,5.836e-16,chain3,1
2968,1,z:ilp,nat-oop,22517,20786,7.602,0.923,8.467e-16,prime,0
2968,1,z:ilp,nat-oop,32089,20786,5.335,0.648,8.467e-16,prime,1
2969,1,z:ilp,nat-oop,23847,30639,7.181,1.285,9.729e-16,prime,0
2969,1,z:ilp,nat-oop,22902,30663,7.477,1.339,9.729e-16,prime,1
2970,1,z:ilp,nat-oop,4714,5154,36.344,1.093,8.122e-16,chain3,0
2970,1,z:ilp,nat-oop,4711,5151,36.362,1.093,8.122e-16,chain3,1
2971,1,z:ilp,nat-oop,23338,30748,7.343,1.318,7.472e-16,prime,0
2971,1,z:ilp,nat-oop,22909,30549,7.481,1.334,7.472e-16,prime,1
2972,1,z:ilp,nat-oop,23177,30562,7.397,1.319,9.822e-16,prime,0
2972,1,z:ilp,nat-oop,22855,30657,7.501,1.341,9.822e-16,prime,1
2973,1,z:ilp,nat-oop,23304,30660,7.360,1.316,1.125e-15,prime,0
2973,1,z:ilp,nat-oop,23357,30618,7.343,1.311,1.125e-15,prime,1
2974,1,z:ilp,nat-oop,22586,30736,7.596,1.361,7.864e-16,prime,0
2974,1,z:ilp,nat-oop,23147,30805,7.412,1.331,7.864e-16,prime,1
2975,1,z:ilp,nat-oop,6107,9179,28.106,1.503,7.366e-16,flat,0
2975,1,z:ilp,nat-oop,5935,9177,28.921,1.546,7.366e-16,flat,1
2976,1,z:ilp,nat-oop,6371,12055,26.949,1.892,6.461e-16,chain3,0
2976,1,z:ilp,nat-oop,5148,12044,33.352,2.339,6.461e-16,chain3,1
2977,1,z:ilp,nat-oop,23178,30911,7.411,1.334,9.660e-16,prime,0
2977,1,z:ilp,nat-oop,23409,30630,7.338,1.308,9.660e-16,prime,1
2978,1,z:ilp,nat-oop,23479,30716,7.318,1.308,9.866e-16,prime,0
2978,1,z:ilp,nat-oop,22905,30717,7.502,1.341,9.866e-16,prime,1
2979,1,z:ilp,nat-oop,22583,30526,7.612,1.352,1.073e-15,prime,0
2979,1,z:ilp,nat-oop,23055,30538,7.456,1.325,1.073e-15,prime,1
2980,1,z:ilp,nat-oop,23086,66749,7.449,2.891,7.007e-16,prime,0
2980,1,z:ilp,nat-oop,23083,66713,7.450,2.890,7.007e-16,prime,1
2981,1,z:ilp,nat-oop,22539,30649,7.633,1.360,7.988e-16,prime,0
2981,1,z:ilp,nat-oop,23471,30736,7.329,1.310,7.988e-16,prime,1
2982,1,z:ilp,nat-oop,23218,28799,7.412,1.240,8.195e-16,prime,0
2982,1,z:ilp,nat-oop,23451,28788,7.338,1.228,8.195e-16,prime,1
2983,1,z:ilp,nat-oop,23024,30554,7.477,1.327,1.014e-15,prime,0
2983,1,z:ilp,nat-oop,23117,30529,7.447,1.321,1.014e-15,prime,1
2984,1,z:ilp,nat-oop,22927,30583,7.512,1.334,1.031e-15,prime,0
2984,1,z:ilp,nat-oop,23488,30577,7.332,1.302,1.031e-15,prime,1
2985,1,z:ilp,nat-oop,23307,30884,7.392,1.325,9.448e-16,prime,0
2985,1,z:ilp,nat-oop,23903,30758,7.208,1.287,9.448e-16,prime,1
2986,1,z:ilp,nat-oop,23099,30707,7.461,1.329,8.863e-16,prime,0
2986,1,z:ilp,nat-oop,22557,30641,7.641,1.358,8.863e-16,prime,1
2987,1,z:ilp,nat-oop,22530,30566,7.653,1.357,8.544e-16,prime,0
2987,1,z:ilp,nat-oop,22982,30600,7.502,1.331,8.544e-16,prime,1
2988,1,z:ilp,nat-oop,22882,34542,7.538,1.510,7.905e-16,prime,0
2988,1,z:ilp,nat-oop,28356,34545,6.083,1.218,7.905e-16,prime,1
2989,1,z:ilp,nat-oop,22965,31812,7.513,1.385,8.680e-16,prime,0
2989,1,z:ilp,nat-oop,23476,31809,7.350,1.355,8.680e-16,prime,1
2990,1,z:ilp,nat-oop,8234,11192,20.963,1.359,1.015e-15,flat,0
2990,1,z:ilp,nat-oop,8134,11214,21.221,1.379,1.015e-15,flat,1
2991,1,z:ilp,nat-oop,23061,30574,7.488,1.326,9.942e-16,prime,0
2991,1,z:ilp,nat-oop,23479,30515,7.354,1.300,9.942e-16,prime,1
2992,1,z:ilp,nat-oop,4107,8126,42.055,1.978,7.131e-16,chain3,0
2992,1,z:ilp,nat-oop,4150,8143,41.627,1.962,7.131e-16,chain3,1
2993,1,z:ilp,nat-oop,22942,54712,7.532,2.385,9.464e-16,prime,0
2993,1,z:ilp,nat-oop,23131,54718,7.471,2.366,9.464e-16,prime,1
2994,1,z:ilp,nat-oop,23095,30677,7.485,1.328,1.007e-15,prime,0
2994,1,z:ilp,nat-oop,23080,30708,7.490,1.330,1.007e-15,prime,1
2995,1,z:ilp,nat-oop,23901,30592,7.236,1.280,8.205e-16,prime,0
2995,1,z:ilp,nat-oop,23479,30540,7.365,1.301,8.205e-16,prime,1
2996,1,z:ilp,nat-oop,23385,46764,7.398,2.000,7.971e-16,prime,0
2996,1,z:ilp,nat-oop,23328,46765,7.416,2.005,7.971e-16,prime,1
2997,1,z:ilp,nat-oop,8184,17909,21.147,2.188,6.194e-16,chain3,0
2997,1,z:ilp,nat-oop,7798,17894,22.194,2.295,6.194e-16,chain3,1
2998,1,z:ilp,nat-oop,32244,30707,5.369,0.952,9.641e-16,prime,0
2998,1,z:ilp,nat-oop,23089,30676,7.498,1.329,9.641e-16,prime,1
2999,1,z:ilp,nat-oop,23400,30637,7.402,1.309,8.732e-16,prime,0
2999,1,z:ilp,nat-oop,23487,30835,7.374,1.313,8.732e-16,prime,1
3000,1,z:ilp,nat-oop,4251,5462,40.760,1.285,6.270e-16,chain3,0
3000,1,z:ilp,nat-oop,4099,5467,42.265,1.333,6.270e-16,chain3,1
3001,1,z:ilp,nat-oop,20028,30689,8.654,1.532,2.445e-15,prime,0
3001,1,z:ilp,nat-oop,19853,30651,8.731,1.544,2.445e-15,prime,1
3002,1,z:ilp,nat-oop,23140,36186,7.493,1.564,7.990e-16,prime,0
3002,1,z:ilp,nat-oop,22526,36247,7.697,1.609,7.990e-16,prime,1
3003,1,z:ilp,nat-oop,4619,5786,37.550,1.253,6.525e-16,chain3,0
3003,1,z:ilp,nat-oop,4686,5814,37.013,1.241,6.525e-16,chain3,1
3004,1,z:ilp,nat-oop,23507,30546,7.382,1.299,7.934e-16,prime,0
3004,1,z:ilp,nat-oop,23498,30559,7.385,1.301,7.934e-16,prime,1
3005,1,z:ilp,nat-oop,23135,30705,7.503,1.327,8.536e-16,prime,0
3005,1,z:ilp,nat-oop,23122,30738,7.507,1.329,8.536e-16,prime,1
3006,1,z:ilp,nat-oop,23517,30685,7.384,1.305,9.666e-16,prime,0
3006,1,z:ilp,nat-oop,22931,30797,7.573,1.343,9.666e-16,prime,1
3007,1,z:ilp,nat-oop,23395,30595,7.425,1.308,1.021e-15,prime,0
3007,1,z:ilp,nat-oop,34298,30742,5.065,0.896,1.021e-15,prime,1
3008,1,z:ilp,nat-oop,13815,17897,12.579,1.295,5.426e-16,2p,0
3008,1,z:ilp,nat-oop,13197,17903,13.168,1.357,5.426e-16,2p,1
3009,1,z:ilp,nat-oop,23882,34434,7.279,1.442,8.719e-16,prime,0
3009,1,z:ilp,nat-oop,23860,34415,7.286,1.442,8.719e-16,prime,1
3010,1,z:ilp,nat-oop,14257,17106,12.198,1.200,6.140e-16,chain3,0
3010,1,z:ilp,nat-oop,13176,16908,13.199,1.283,6.140e-16,chain3,1
3011,1,z:ilp,nat-oop,23511,30520,7.400,1.298,1.099e-15,prime,0
3011,1,z:ilp,nat-oop,23893,30603,7.282,1.281,1.099e-15,prime,1
3012,1,z:ilp,nat-oop,22918,30583,7.594,1.334,1.058e-15,prime,0
3012,1,z:ilp,nat-oop,23532,30740,7.396,1.306,1.058e-15,prime,1
3013,1,z:ilp,nat-oop,23745,30685,7.332,1.292,9.974e-16,prime,0
3013,1,z:ilp,nat-oop,23657,30644,7.359,1.295,9.974e-16,prime,1
3014,1,z:ilp,nat-oop,22570,63029,7.717,2.793,6.623e-16,prime,0
3014,1,z:ilp,nat-oop,23109,63061,7.537,2.729,6.623e-16,prime,1
3015,1,z:ilp,nat-oop,23429,35856,7.437,1.530,6.507e-16,prime,0
3015,1,z:ilp,nat-oop,23069,35843,7.553,1.554,6.507e-16,prime,1
3016,1,z:ilp,nat-oop,7403,11910,23.544,1.609,7.224e-16,flat,0
3016,1,z:ilp,nat-oop,6809,11907,25.598,1.749,7.224e-16,flat,1
3017,1,z:ilp,nat-oop,23352,30726,7.467,1.316,8.098e-16,prime,0
3017,1,z:ilp,nat-oop,23365,30758,7.463,1.316,8.098e-16,prime,1
3018,1,z:ilp,nat-oop,22958,30705,7.598,1.337,7.109e-16,prime,0
3018,1,z:ilp,nat-oop,22885,30831,7.622,1.347,7.109e-16,prime,1
3019,1,z:ilp,nat-oop,23525,30763,7.417,1.308,7.796e-16,prime,0
3019,1,z:ilp,nat-oop,23372,30741,7.466,1.315,7.796e-16,prime,1
3020,1,z:ilp,nat-oop,23147,30644,7.541,1.324,1.037e-15,prime,0
3020,1,z:ilp,nat-oop,23058,30625,7.570,1.328,1.037e-15,prime,1
3021,1,z:ilp,nat-oop,23486,32092,7.435,1.366,9.051e-16,prime,0
3021,1,z:ilp,nat-oop,23887,32087,7.311,1.343,9.051e-16,prime,1
3022,1,z:ilp,nat-oop,22914,30735,7.624,1.341,1.033e-15,prime,0
3022,1,z:ilp,nat-oop,23451,30745,7.449,1.311,1.033e-15,prime,1
3023,1,z:ilp,nat-oop,23417,30540,7.463,1.304,9.297e-16,prime,0
3023,1,z:ilp,nat-oop,23308,30591,7.498,1.312,9.297e-16,prime,1
3024,1,z:ilp,nat-oop,3276,4871,53.363,1.487,4.143e-16,ztt,0
3024,1,z:ilp,nat-oop,3207,4882,54.518,1.523,4.143e-16,ztt,1
3025,1,z:ilp,nat-oop,5869,5902,29.799,1.006,9.120e-16,flat,0
3025,1,z:ilp,nat-oop,6198,5904,28.218,0.953,9.120e-16,flat,1
3026,1,z:ilp,nat-oop,22959,41376,7.620,1.802,8.751e-16,prime,0
3026,1,z:ilp,nat-oop,23495,41390,7.446,1.762,8.751e-16,prime,1
3027,1,z:ilp,nat-oop,23000,30585,7.609,1.330,1.110e-15,prime,0
3027,1,z:ilp,nat-oop,23478,30725,7.454,1.309,1.110e-15,prime,1
3028,1,z:ilp,nat-oop,23559,30700,7.432,1.303,9.197e-16,prime,0
3028,1,z:ilp,nat-oop,23314,30561,7.510,1.311,9.197e-16,prime,1
3029,1,z:ilp,nat-oop,22881,31061,7.655,1.358,7.535e-16,prime,0
3029,1,z:ilp,nat-oop,23325,30690,7.509,1.316,7.535e-16,prime,1
3030,1,z:ilp,nat-oop,22954,45373,7.633,1.977,7.081e-16,prime,0
3030,1,z:ilp,nat-oop,22945,45381,7.636,1.978,7.081e-16,prime,1
3031,1,z:ilp,nat-oop,22997,30577,7.622,1.330,1.110e-15,prime,0
3031,1,z:ilp,nat-oop,23537,30631,7.447,1.301,1.110e-15,prime,1
3032,1,z:ilp,nat-oop,23964,30625,7.317,1.278,1.004e-15,prime,0
3032,1,z:ilp,nat-oop,22914,30585,7.652,1.335,1.004e-15,prime,1
3033,1,z:ilp,nat-oop,22978,30685,7.634,1.335,9.847e-16,prime,0
3033,1,z:ilp,nat-oop,22962,30707,7.639,1.337,9.847e-16,prime,1
3034,1,z:ilp,nat-oop,10335,24784,16.978,2.398,3.177e-15,flat,0
3034,1,z:ilp,nat-oop,10344,24799,16.964,2.398,3.177e-15,flat,1
3035,1,z:ilp,nat-oop,23554,30591,7.453,1.299,9.222e-16,prime,0
3035,1,z:ilp,nat-oop,22980,30608,7.639,1.332,9.222e-16,prime,1
3036,1,z:ilp,nat-oop,5935,10414,29.585,1.755,6.719e-16,flat,0
3036,1,z:ilp,nat-oop,5906,10448,29.735,1.769,6.719e-16,flat,1
3037,1,z:ilp,nat-oop,17721,30851,9.913,1.741,2.414e-15,prime,0
3037,1,z:ilp,nat-oop,19956,30685,8.803,1.538,2.414e-15,prime,1
3038,1,z:ilp,nat-oop,9481,12980,18.535,1.369,7.185e-16,flat,0
3038,1,z:ilp,nat-oop,8345,12964,21.059,1.554,7.185e-16,flat,1
3039,1,z:ilp,nat-oop,23134,30691,7.599,1.327,1.033e-15,prime,0
3039,1,z:ilp,nat-oop,23589,30560,7.453,1.296,1.033e-15,prime,1
3040,1,z:ilp,nat-oop,4103,8894,42.866,2.168,6.836e-16,chain3,0
3040,1,z:ilp,nat-oop,4104,8898,42.847,2.168,6.836e-16,chain3,1
3041,1,z:ilp,nat-oop,15832,30780,11.112,1.944,1.368e-15,prime,0
3041,1,z:ilp,nat-oop,21300,30756,8.259,1.444,1.368e-15,prime,1
3042,1,z:ilp,nat-oop,7411,5873,23.749,0.793,1.216e-15,flat,0
3042,1,z:ilp,nat-oop,7104,5796,24.773,0.816,1.216e-15,flat,1
3043,1,z:ilp,nat-oop,29107,30568,6.049,1.050,1.113e-15,prime,0
3043,1,z:ilp,nat-oop,23538,30533,7.480,1.297,1.113e-15,prime,1
3044,1,z:ilp,nat-oop,23152,30597,7.607,1.322,7.511e-16,prime,0
3044,1,z:ilp,nat-oop,23471,30579,7.504,1.303,7.511e-16,prime,1
3045,1,z:ilp,nat-oop,8143,13941,21.635,1.712,8.069e-16,flat,0
3045,1,z:ilp,nat-oop,9076,13929,19.412,1.535,8.069e-16,flat,1
3046,1,z:ilp,nat-oop,22916,30752,7.691,1.342,9.210e-16,prime,0
3046,1,z:ilp,nat-oop,23568,30703,7.479,1.303,9.210e-16,prime,1
3047,1,z:ilp,nat-oop,23892,30587,7.380,1.280,8.240e-16,prime,0
3047,1,z:ilp,nat-oop,23913,30732,7.373,1.285,8.240e-16,prime,1
3048,1,z:ilp,nat-oop,22626,57084,7.795,2.523,8.808e-16,prime,0
3048,1,z:ilp,nat-oop,23100,56995,7.636,2.467,8.808e-16,prime,1
3049,1,z:ilp,nat-oop,23600,30761,7.477,1.303,8.470e-16,prime,0
3049,1,z:ilp,nat-oop,23572,30709,7.485,1.303,8.470e-16,prime,1
3050,1,z:ilp,nat-oop,23041,25032,7.661,1.086,1.016e-15,prime,0
3050,1,z:ilp,nat-oop,23558,25042,7.493,1.063,1.016e-15,prime,1
3051,1,z:ilp,nat-oop,23183,30583,7.617,1.319,1.076e-15,prime,0
3051,1,z:ilp,nat-oop,24220,30571,7.291,1.262,1.076e-15,prime,1
3052,1,z:ilp,nat-oop,22950,49703,7.697,2.166,7.413e-16,prime,0
3052,1,z:ilp,nat-oop,22952,49729,7.696,2.167,7.413e-16,prime,1
3053,1,z:ilp,nat-oop,23576,55082,7.495,2.336,1.047e-15,prime,0
3053,1,z:ilp,nat-oop,23272,55070,7.593,2.366,1.047e-15,prime,1
3054,1,z:ilp,nat-oop,23391,30913,7.557,1.322,7.982e-16,prime,0
3054,1,z:ilp,nat-oop,23260,30665,7.600,1.318,7.982e-16,prime,1
3055,1,z:ilp,nat-oop,11552,23645,15.308,2.047,8.430e-16,chain3,0
3055,1,z:ilp,nat-oop,15234,23662,11.608,1.553,8.430e-16,chain3,1
3056,1,z:ilp,nat-oop,23220,30580,7.619,1.317,7.487e-16,prime,0
3056,1,z:ilp,nat-oop,22923,30698,7.717,1.339,7.487e-16,prime,1
3057,1,z:ilp,nat-oop,28980,30914,6.107,1.067,9.334e-16,prime,0
3057,1,z:ilp,nat-oop,23452,30726,7.546,1.310,9.334e-16,prime,1
3058,1,z:ilp,nat-oop,23230,63760,7.621,2.745,9.279e-16,prime,0
3058,1,z:ilp,nat-oop,23153,63756,7.646,2.754,9.279e-16,prime,1
3059,1,z:ilp,nat-oop,7326,16109,24.173,2.199,9.055e-16,flat,0
3059,1,z:ilp,nat-oop,6872,16173,25.771,2.353,9.055e-16,flat,1
3060,1,z:ilp,nat-oop,4290,8597,41.301,2.004,7.790e-16,chain3,0
3060,1,z:ilp,nat-oop,4461,8598,39.710,1.927,7.790e-16,chain3,1
3061,1,z:ilp,nat-oop,16449,30828,10.775,1.874,1.966e-15,prime,0
3061,1,z:ilp,nat-oop,19188,30716,9.236,1.601,1.966e-15,prime,1
3062,1,z:ilp,nat-oop,22965,30738,7.720,1.338,9.804e-16,prime,0
3062,1,z:ilp,nat-oop,22966,30887,7.720,1.345,9.804e-16,prime,1
3063,1,z:ilp,nat-oop,23570,30725,7.525,1.304,1.070e-15,prime,0
3063,1,z:ilp,nat-oop,23307,30643,7.610,1.315,1.070e-15,prime,1
3064,1,z:ilp,nat-oop,23247,30854,7.632,1.327,8.795e-16,prime,0
3064,1,z:ilp,nat-oop,23294,30772,7.617,1.321,8.795e-16,prime,1
3065,1,z:ilp,nat-oop,23156,30751,7.665,1.328,1.295e-15,prime,0
3065,1,z:ilp,nat-oop,22595,30795,7.855,1.363,1.295e-15,prime,1
3066,1,z:ilp,nat-oop,23282,30787,7.626,1.322,8.671e-16,prime,0
3066,1,z:ilp,nat-oop,23367,30798,7.598,1.318,8.671e-16,prime,1
3067,1,z:ilp,nat-oop,23664,30747,7.506,1.299,8.492e-16,prime,0
3067,1,z:ilp,nat-oop,22635,30676,7.847,1.355,8.492e-16,prime,1
3068,1,z:ilp,nat-oop,23466,24085,7.572,1.026,8.440e-16,prime,0
3068,1,z:ilp,nat-oop,23601,24093,7.529,1.021,8.440e-16,prime,1
3069,1,z:ilp,nat-oop,8964,14874,19.829,1.659,7.964e-16,chain3,0
3069,1,z:ilp,nat-oop,11200,14822,15.871,1.323,7.964e-16,chain3,1
3070,1,z:ilp,nat-oop,22649,30804,7.851,1.360,9.579e-16,prime,0
3070,1,z:ilp,nat-oop,22623,30752,7.860,1.359,9.579e-16,prime,1
3071,1,z:ilp,nat-oop,22070,60888,8.060,2.759,8.578e-16,prime,0
3071,1,z:ilp,nat-oop,22228,60874,8.003,2.739,8.578e-16,prime,1
3072,1,z:ilp,nat-oop,2728,5230,65.229,1.917,4.005e-16,ztt,0
3072,1,z:ilp,nat-oop,2730,5218,65.181,1.911,4.005e-16,ztt,1
3073,1,z:ilp,nat-oop,23546,31427,7.560,1.335,9.208e-16,prime,0
3073,1,z:ilp,nat-oop,22637,31446,7.864,1.389,9.208e-16,prime,1
3074,1,z:ilp,nat-oop,22947,28098,7.760,1.224,7.397e-16,prime,0
3074,1,z:ilp,nat-oop,23553,28070,7.561,1.192,7.397e-16,prime,1
3075,1,z:ilp,nat-oop,9794,20566,18.188,2.100,8.027e-16,chain3,0
3075,1,z:ilp,nat-oop,12968,20585,13.737,1.587,8.027e-16,chain3,1
3076,1,z:ilp,nat-oop,23185,31350,7.686,1.352,9.964e-16,prime,0
3076,1,z:ilp,nat-oop,23216,31306,7.676,1.348,9.964e-16,prime,1
3077,1,z:ilp,nat-oop,23523,31402,7.579,1.335,8.956e-16,prime,0
3077,1,z:ilp,nat-oop,22878,31414,7.792,1.373,8.956e-16,prime,1
3078,1,z:ilp,nat-oop,6329,9231,28.178,1.459,6.807e-16,chain3,0
3078,1,z:ilp,nat-oop,6758,9215,26.390,1.364,6.807e-16,chain3,1
3079,1,z:ilp,nat-oop,22578,31362,7.901,1.389,8.475e-16,prime,0
3079,1,z:ilp,nat-oop,22835,31303,7.813,1.371,8.475e-16,prime,1
3080,1,z:ilp,nat-oop,4924,5407,36.246,1.098,6.378e-16,flat,0
3080,1,z:ilp,nat-oop,4838,5414,36.889,1.119,6.378e-16,flat,1
3081,1,z:ilp,nat-oop,22940,44737,7.783,1.950,1.096e-15,prime,0
3081,1,z:ilp,nat-oop,23394,44897,7.632,1.919,1.096e-15,prime,1
3082,1,z:ilp,nat-oop,23534,32692,7.589,1.389,9.488e-16,prime,0
3082,1,z:ilp,nat-oop,22965,32613,7.777,1.420,9.488e-16,prime,1
3083,1,z:ilp,nat-oop,23512,31368,7.599,1.334,9.858e-16,prime,0
3083,1,z:ilp,nat-oop,23152,31369,7.717,1.355,9.858e-16,prime,1
3084,1,z:ilp,nat-oop,22983,31266,7.777,1.360,8.521e-16,prime,0
3084,1,z:ilp,nat-oop,22979,31318,7.778,1.363,8.521e-16,prime,1
3085,1,z:ilp,nat-oop,31953,31402,5.595,0.983,9.874e-16,prime,0
3085,1,z:ilp,nat-oop,22853,31489,7.824,1.378,9.874e-16,prime,1
3086,1,z:ilp,nat-oop,23130,31452,7.733,1.360,7.653e-16,prime,0
3086,1,z:ilp,nat-oop,23143,31426,7.728,1.358,7.653e-16,prime,1
3087,1,z:ilp,nat-oop,5256,5982,34.042,1.138,5.562e-16,chain3,0
3087,1,z:ilp,nat-oop,5625,6051,31.806,1.076,5.562e-16,chain3,1
3088,1,z:ilp,nat-oop,22604,31452,7.918,1.391,1.005e-15,prime,0
3088,1,z:ilp,nat-oop,22587,31319,7.924,1.387,1.005e-15,prime,1
3089,1,z:ilp,nat-oop,23145,31455,7.736,1.359,9.827e-16,prime,0
3089,1,z:ilp,nat-oop,23087,31448,7.756,1.362,9.827e-16,prime,1
3090,1,z:ilp,nat-oop,23170,46095,7.731,1.989,9.229e-16,prime,0
3090,1,z:ilp,nat-oop,23357,46085,7.669,1.973,9.229e-16,prime,1
3091,1,z:ilp,nat-oop,23019,31281,7.784,1.359,8.139e-16,prime,0
3091,1,z:ilp,nat-oop,22791,31345,7.862,1.375,8.139e-16,prime,1
3092,1,z:ilp,nat-oop,23009,31341,7.790,1.362,1.077e-15,prime,0
3092,1,z:ilp,nat-oop,22544,31332,7.951,1.390,1.077e-15,prime,1
3093,1,z:ilp,nat-oop,29280,31427,6.124,1.073,8.663e-16,prime,0
3093,1,z:ilp,nat-oop,22657,31530,7.914,1.392,8.663e-16,prime,1
3094,1,z:ilp,nat-oop,7458,9835,24.052,1.319,1.164e-15,flat,0
3094,1,z:ilp,nat-oop,7771,9852,23.083,1.268,1.164e-15,flat,1
3095,1,z:ilp,nat-oop,22602,31314,7.939,1.385,9.823e-16,prime,0
3095,1,z:ilp,nat-oop,22933,31357,7.825,1.367,9.823e-16,prime,1
3096,1,z:ilp,nat-oop,6822,17032,26.311,2.496,6.998e-16,chain3,0
3096,1,z:ilp,nat-oop,6484,16892,27.685,2.605,6.998e-16,chain3,1
3097,1,z:ilp,nat-oop,23216,31437,7.735,1.354,7.748e-16,prime,0
3097,1,z:ilp,nat-oop,23237,31427,7.728,1.352,7.748e-16,prime,1
3098,1,z:ilp,nat-oop,23138,31416,7.764,1.358,8.595e-16,prime,0
3098,1,z:ilp,nat-oop,22525,31424,7.975,1.395,8.595e-16,prime,1
3099,1,z:ilp,nat-oop,22562,31321,7.965,1.388,9.941e-16,prime,0
3099,1,z:ilp,nat-oop,23521,31325,7.640,1.332,9.941e-16,prime,1
3100,1,z:ilp,nat-oop,8086,12561,22.231,1.553,5.880e-16,flat,0
3100,1,z:ilp,nat-oop,8616,12523,20.864,1.453,5.880e-16,flat,1
3101,1,z:ilp,nat-oop,31737,31499,5.666,0.992,9.088e-16,prime,0
3101,1,z:ilp,nat-oop,23361,31435,7.698,1.346,9.088e-16,prime,1
3102,1,z:ilp,nat-oop,10704,19005,16.807,1.775,1.001e-15,flat,0
3102,1,z:ilp,nat-oop,10540,19052,17.069,1.808,1.001e-15,flat,1
3103,1,z:ilp,nat-oop,23866,31339,7.541,1.313,8.424e-16,prime,0
3103,1,z:ilp,nat-oop,23378,31350,7.698,1.341,8.424e-16,prime,1
3104,1,z:ilp,nat-oop,23496,43808,7.662,1.864,5.977e-16,prime,0
3104,1,z:ilp,nat-oop,23600,44048,7.629,1.866,5.977e-16,prime,1
3105,1,z:ilp,nat-oop,7374,11944,24.421,1.620,7.305e-16,chain3,0
3105,1,z:ilp,nat-oop,7361,11921,24.465,1.619,7.305e-16,chain3,1
3106,1,z:ilp,nat-oop,22683,31491,7.943,1.388,8.631e-16,prime,0
3106,1,z:ilp,nat-oop,22546,31434,7.991,1.394,8.631e-16,prime,1
3107,1,z:ilp,nat-oop,23501,31404,7.669,1.336,1.000e-15,prime,0
3107,1,z:ilp,nat-oop,29212,31354,6.170,1.073,1.000e-15,prime,1
3108,1,z:ilp,nat-oop,5774,14904,31.225,2.581,7.567e-16,chain3,0
3108,1,z:ilp,nat-oop,5865,14912,30.739,2.542,7.567e-16,chain3,1
3109,1,z:ilp,nat-oop,23508,31461,7.672,1.338,9.166e-16,prime,0
3109,1,z:ilp,nat-oop,23118,31486,7.802,1.362,9.166e-16,prime,1
3110,1,z:ilp,nat-oop,32683,31440,5.520,0.962,8.239e-16,prime,0
3110,1,z:ilp,nat-oop,22970,31474,7.855,1.370,8.239e-16,prime,1
3111,1,z:ilp,nat-oop,23426,37449,7.705,1.599,8.546e-16,prime,0
3111,1,z:ilp,nat-oop,23895,37500,7.553,1.569,8.546e-16,prime,1
3112,1,z:ilp,nat-oop,23231,31351,7.772,1.350,8.921e-16,prime,0
3112,1,z:ilp,nat-oop,23205,31334,7.781,1.350,8.921e-16,prime,1
3113,1,z:ilp,nat-oop,23567,31421,7.664,1.333,7.815e-16,prime,0
3113,1,z:ilp,nat-oop,23540,31466,7.673,1.337,7.815e-16,prime,1
3114,1,z:ilp,nat-oop,23170,31459,7.798,1.358,9.695e-16,prime,0
3114,1,z:ilp,nat-oop,23162,31426,7.801,1.357,9.695e-16,prime,1
3115,1,z:ilp,nat-oop,23039,54630,7.845,2.371,1.019e-15,prime,0
3115,1,z:ilp,nat-oop,28276,54615,6.392,1.931,1.019e-15,prime,1
3116,1,z:ilp,nat-oop,8102,19684,22.317,2.429,5.373e-16,chain3,0
3116,1,z:ilp,nat-oop,7438,19650,24.309,2.642,5.373e-16,chain3,1
3117,1,z:ilp,nat-oop,23083,31484,7.836,1.364,8.386e-16,prime,0
3117,1,z:ilp,nat-oop,23232,31463,7.786,1.354,8.386e-16,prime,1
3118,1,z:ilp,nat-oop,23190,31503,7.803,1.358,8.197e-16,prime,0
3118,1,z:ilp,nat-oop,22633,31506,7.995,1.392,8.197e-16,prime,1
3119,1,z:ilp,nat-oop,23656,31377,7.652,1.326,9.352e-16,prime,0
3119,1,z:ilp,nat-oop,23533,31318,7.692,1.331,9.352e-16,prime,1
3120,1,z:ilp,nat-oop,4042,5005,44.800,1.238,7.171e-16,chain3,0
3120,1,z:ilp,nat-oop,4013,5013,45.124,1.249,7.171e-16,chain3,1
3121,1,z:ilp,nat-oop,16009,31536,11.315,1.970,1.804e-15,prime,0
3121,1,z:ilp,nat-oop,16298,31586,11.114,1.938,1.804e-15,prime,1
3122,1,z:ilp,nat-oop,26625,31675,6.806,1.190,7.915e-16,prime,0
3122,1,z:ilp,nat-oop,31995,31755,5.663,0.992,7.915e-16,prime,1
3123,1,z:ilp,nat-oop,30305,31344,5.982,1.034,1.066e-15,prime,0
3123,1,z:ilp,nat-oop,23641,31371,7.667,1.327,1.066e-15,prime,1
3124,1,z:ilp,nat-oop,27014,31789,6.713,1.177,7.849e-16,prime,0
3124,1,z:ilp,nat-oop,23818,32650,7.613,1.371,7.849e-16,prime,1
3125,1,z:ilp,nat-oop,7025,8585,25.824,1.222,8.289e-16,flat,0
3125,1,z:ilp,nat-oop,5860,6034,30.957,1.030,8.289e-16,flat,1
3126,1,z:ilp,nat-oop,22628,31444,8.020,1.390,9.716e-16,prime,0
3126,1,z:ilp,nat-oop,34226,32426,5.302,0.947,9.716e-16,prime,1
3127,1,z:ilp,nat-oop,23469,55151,7.735,2.350,9.902e-16,prime,0
3127,1,z:ilp,nat-oop,23058,55050,7.873,2.387,9.902e-16,prime,1
3128,1,z:ilp,nat-oop,9135,13312,19.880,1.457,7.002e-16,chain3,0
3128,1,z:ilp,nat-oop,7735,13308,23.476,1.720,7.002e-16,chain3,1
3129,1,z:ilp,nat-oop,22614,31535,8.033,1.394,9.831e-16,prime,0
3129,1,z:ilp,nat-oop,28282,31477,6.423,1.113,9.831e-16,prime,1
3130,1,z:ilp,nat-oop,28437,31589,6.391,1.111,9.262e-16,prime,0
3130,1,z:ilp,nat-oop,23021,31469,7.894,1.367,9.262e-16,prime,1
3131,1,z:ilp,nat-oop,26475,31457,6.866,1.188,9.541e-16,prime,0
3131,1,z:ilp,nat-oop,27860,31315,6.525,1.124,9.541e-16,prime,1
3132,1,z:ilp,nat-oop,6677,12389,27.237,1.855,6.130e-16,chain3,0
3132,1,z:ilp,nat-oop,6882,12392,26.425,1.801,6.130e-16,chain3,1
3133,1,z:ilp,nat-oop,25354,31698,7.175,1.250,8.928e-16,prime,0
3133,1,z:ilp,nat-oop,22626,31476,8.041,1.391,8.928e-16,prime,1
3134,1,z:ilp,nat-oop,23050,31503,7.895,1.367,8.101e-16,prime,0
3134,1,z:ilp,nat-oop,23162,31498,7.857,1.360,8.101e-16,prime,1
3135,1,z:ilp,nat-oop,5548,10124,32.814,1.825,8.813e-16,chain3,0
3135,1,z:ilp,nat-oop,5580,10114,32.624,1.812,8.813e-16,chain3,1
3136,1,z:ilp,nat-oop,3073,4761,59.264,1.549,3.986e-16,ztt,0
3136,1,z:ilp,nat-oop,3102,4758,58.703,1.534,3.986e-16,ztt,1
3137,1,z:ilp,nat-oop,15273,31491,11.929,2.062,8.498e-16,prime,0
3137,1,z:ilp,nat-oop,12414,31465,14.676,2.535,8.498e-16,prime,1
3138,1,z:ilp,nat-oop,26531,31491,6.869,1.187,9.430e-16,prime,0
3138,1,z:ilp,nat-oop,22676,31446,8.037,1.387,9.430e-16,prime,1
3139,1,z:ilp,nat-oop,32983,58466,5.527,1.773,8.225e-16,prime,0
3139,1,z:ilp,nat-oop,23439,58468,7.778,2.494,8.225e-16,prime,1
3140,1,z:ilp,nat-oop,23193,31332,7.864,1.351,8.455e-16,prime,0
3140,1,z:ilp,nat-oop,23258,31310,7.842,1.346,8.455e-16,prime,1
3141,1,z:ilp,nat-oop,23231,31489,7.854,1.355,8.531e-16,prime,0
3141,1,z:ilp,nat-oop,23069,31465,7.909,1.364,8.531e-16,prime,1
3142,1,z:ilp,nat-oop,32742,31488,5.574,0.962,8.175e-16,prime,0
3142,1,z:ilp,nat-oop,25822,31685,7.068,1.227,8.175e-16,prime,1
3143,1,z:ilp,nat-oop,23980,31358,7.614,1.308,7.835e-16,prime,0
3143,1,z:ilp,nat-oop,23947,31360,7.624,1.310,7.835e-16,prime,1
3144,1,z:ilp,nat-oop,24303,64702,7.515,2.662,7.791e-16,prime,0
3144,1,z:ilp,nat-oop,23184,60895,7.878,2.627,7.791e-16,prime,1
3145,1,z:ilp,nat-oop,8192,22623,22.303,2.762,7.147e-16,chain3,0
3145,1,z:ilp,nat-oop,8768,22604,20.837,2.578,7.147e-16,chain3,1
3146,1,z:ilp,nat-oop,7317,6647,24.978,0.908,1.126e-15,flat,0
3146,1,z:ilp,nat-oop,7558,6642,24.181,0.879,1.126e-15,flat,1
3147,1,z:ilp,nat-oop,33249,31395,5.499,0.944,8.788e-16,prime,0
3147,1,z:ilp,nat-oop,35083,31342,5.212,0.893,8.788e-16,prime,1
3148,1,z:ilp,nat-oop,22624,31337,8.085,1.385,9.349e-16,prime,0
3148,1,z:ilp,nat-oop,24159,31348,7.571,1.298,9.349e-16,prime,1
3149,1,z:ilp,nat-oop,23011,56791,7.951,2.468,1.009e-15,prime,0
3149,1,z:ilp,nat-oop,22641,56797,8.081,2.509,1.009e-15,prime,1
3150,1,z:ilp,nat-oop,4676,5346,39.145,1.143,7.293e-16,chain3,0
3150,1,z:ilp,nat-oop,4879,5280,37.513,1.082,7.293e-16,chain3,1
3151,1,z:ilp,nat-oop,29731,31353,6.158,1.055,7.686e-16,prime,0
3151,1,z:ilp,nat-oop,22287,31421,8.216,1.410,7.686e-16,prime,1
3152,1,z:ilp,nat-oop,23646,31382,7.746,1.327,9.290e-16,prime,0
3152,1,z:ilp,nat-oop,22991,31342,7.967,1.363,9.290e-16,prime,1
3153,1,z:ilp,nat-oop,23279,31504,7.871,1.353,9.613e-16,prime,0
3153,1,z:ilp,nat-oop,27157,31482,6.747,1.159,9.613e-16,prime,1
3154,1,z:ilp,nat-oop,23851,39942,7.685,1.675,9.217e-16,prime,0
3154,1,z:ilp,nat-oop,23273,39950,7.876,1.717,9.217e-16,prime,1
3155,1,z:ilp,nat-oop,22963,31393,7.985,1.367,1.014e-15,prime,0
3155,1,z:ilp,nat-oop,23431,31350,7.826,1.338,1.014e-15,prime,1
3156,1,z:ilp,nat-oop,23139,31403,7.927,1.357,7.926e-16,prime,0
3156,1,z:ilp,nat-oop,23832,31432,7.696,1.319,7.926e-16,prime,1
3157,1,z:ilp,nat-oop,8604,20781,21.326,2.415,5.157e-16,chain3,0
3157,1,z:ilp,nat-oop,8450,20739,21.714,2.454,5.157e-16,chain3,1
3158,1,z:ilp,nat-oop,22758,31489,8.066,1.384,8.045e-16,prime,0
3158,1,z:ilp,nat-oop,22719,31516,8.079,1.387,8.045e-16,prime,1
3159,1,z:ilp,nat-oop,5721,6616,32.097,1.156,8.180e-16,chain3,0
3159,1,z:ilp,nat-oop,6366,6546,28.843,1.028,8.180e-16,chain3,1
3160,1,z:ilp,nat-oop,22578,34411,8.136,1.524,8.407e-16,prime,0
3160,1,z:ilp,nat-oop,23053,34395,7.968,1.492,8.407e-16,prime,1
3161,1,z:ilp,nat-oop,22641,31519,8.116,1.392,9.191e-16,prime,0
3161,1,z:ilp,nat-oop,23311,31471,7.882,1.350,9.191e-16,prime,1
3162,1,z:ilp,nat-oop,10937,15797,16.808,1.444,1.448e-15,flat,0
3162,1,z:ilp,nat-oop,9378,15784,19.600,1.683,1.448e-15,flat,1
3163,1,z:ilp,nat-oop,22986,31359,8.000,1.364,8.902e-16,prime,0
3163,1,z:ilp,nat-oop,23976,31443,7.669,1.311,8.902e-16,prime,1
3164,1,z:ilp,nat-oop,23731,53544,7.751,2.256,1.250e-15,prime,0
3164,1,z:ilp,nat-oop,22633,53521,8.127,2.365,1.250e-15,prime,1
3165,1,z:ilp,nat-oop,23447,31519,7.848,1.344,6.726e-16,prime,0
3165,1,z:ilp,nat-oop,23563,31480,7.809,1.336,6.726e-16,prime,1
3166,1,z:ilp,nat-oop,22641,31486,8.130,1.391,6.811e-16,prime,0
3166,1,z:ilp,nat-oop,22630,31503,8.134,1.392,6.811e-16,prime,1
3167,1,z:ilp,nat-oop,23580,31373,7.809,1.330,8.282e-16,prime,0
3167,1,z:ilp,nat-oop,23087,31379,7.976,1.359,8.282e-16,prime,1
3168,1,z:ilp,nat-oop,3904,5587,47.185,1.431,6.268e-16,chain3,0
3168,1,z:ilp,nat-oop,3844,5554,47.917,1.445,6.268e-16,chain3,1
3169,1,z:ilp,nat-oop,14492,31463,12.716,2.171,1.655e-15,prime,0
3169,1,z:ilp,nat-oop,14582,31507,12.637,2.161,1.655e-15,prime,1
3170,1,z:ilp,nat-oop,23168,31489,7.957,1.359,7.021e-16,prime,0
3170,1,z:ilp,nat-oop,22667,31470,8.133,1.388,7.021e-16,prime,1
3171,1,z:ilp,nat-oop,23599,31366,7.814,1.329,1.031e-15,prime,0
3171,1,z:ilp,nat-oop,23253,31341,7.930,1.348,1.031e-15,prime,1
3172,1,z:ilp,nat-oop,23614,26071,7.812,1.104,9.633e-16,prime,0
3172,1,z:ilp,nat-oop,23012,26145,8.016,1.136,9.633e-16,prime,1
3173,1,z:ilp,nat-oop,34393,31482,5.366,0.915,7.033e-16,prime,0
3173,1,z:ilp,nat-oop,23767,31478,7.764,1.324,7.033e-16,prime,1
3174,1,z:ilp,nat-oop,10506,15209,17.571,1.448,8.631e-16,chain3,0
3174,1,z:ilp,nat-oop,10434,15208,17.693,1.458,8.631e-16,chain3,1
3175,1,z:ilp,nat-oop,23096,31438,7.995,1.361,1.034e-15,prime,0
3175,1,z:ilp,nat-oop,23169,31407,7.970,1.356,1.034e-15,prime,1
3176,1,z:ilp,nat-oop,23136,31427,7.985,1.358,7.768e-16,prime,0
3176,1,z:ilp,nat-oop,23278,31463,7.936,1.352,7.768e-16,prime,1
3177,1,z:ilp,nat-oop,23553,31526,7.846,1.339,8.463e-16,prime,0
3177,1,z:ilp,nat-oop,23382,31514,7.903,1.348,8.463e-16,prime,1
3178,1,z:ilp,nat-oop,23584,31507,7.839,1.336,7.693e-16,prime,0
3178,1,z:ilp,nat-oop,23611,31562,7.829,1.337,7.693e-16,prime,1
3179,1,z:ilp,nat-oop,7005,13776,26.400,1.967,1.106e-15,flat,0
3179,1,z:ilp,nat-oop,7142,13779,25.895,1.929,1.106e-15,flat,1
3180,1,z:ilp,nat-oop,23009,22273,8.040,0.968,8.561e-16,prime,0
3180,1,z:ilp,nat-oop,23537,22294,7.860,0.947,8.561e-16,prime,1
3181,1,z:ilp,nat-oop,23564,31491,7.854,1.336,8.590e-16,prime,0
3181,1,z:ilp,nat-oop,23396,31484,7.910,1.346,8.590e-16,prime,1
3182,1,z:ilp,nat-oop,12009,26747,15.415,2.227,2.254e-15,flat,0
3182,1,z:ilp,nat-oop,11786,26752,15.707,2.270,2.254e-15,flat,1
3183,1,z:ilp,nat-oop,23383,31340,7.920,1.340,7.991e-16,prime,0
3183,1,z:ilp,nat-oop,23515,31376,7.875,1.334,7.991e-16,prime,1
3184,1,z:ilp,nat-oop,23494,31424,7.885,1.338,8.198e-16,prime,0
3184,1,z:ilp,nat-oop,23636,31324,7.838,1.325,8.198e-16,prime,1
3185,1,z:ilp,nat-oop,5589,6160,33.158,1.102,8.068e-16,flat,0
3185,1,z:ilp,nat-oop,5518,6144,33.583,1.113,8.068e-16,flat,1
3186,1,z:ilp,nat-oop,23665,24989,7.834,1.056,7.667e-16,prime,0
3186,1,z:ilp,nat-oop,23611,25001,7.852,1.059,7.667e-16,prime,1
3187,1,z:ilp,nat-oop,34664,31385,5.350,0.905,7.424e-16,prime,0
3187,1,z:ilp,nat-oop,23505,31360,7.890,1.334,7.424e-16,prime,1
3188,1,z:ilp,nat-oop,23633,31402,7.850,1.329,8.734e-16,prime,0
3188,1,z:ilp,nat-oop,29128,31362,6.369,1.077,8.734e-16,prime,1
3189,1,z:ilp,nat-oop,23577,31510,7.871,1.336,7.647e-16,prime,0
3189,1,z:ilp,nat-oop,23074,31579,8.043,1.369,7.647e-16,prime,1
3190,1,z:ilp,nat-oop,7523,13456,24.676,1.789,6.229e-16,chain3,0
3190,1,z:ilp,nat-oop,7559,13470,24.561,1.782,6.229e-16,chain3,1
3191,1,z:ilp,nat-oop,23013,31388,8.070,1.364,8.558e-16,prime,0
3191,1,z:ilp,nat-oop,24008,31416,7.736,1.309,8.558e-16,prime,1
3192,1,z:ilp,nat-oop,5312,9488,34.970,1.786,6.972e-16,chain3,0
3192,1,z:ilp,nat-oop,5352,9508,34.715,1.777,6.972e-16,chain3,1
3193,1,z:ilp,nat-oop,26902,31532,6.908,1.172,8.658e-16,prime,0
3193,1,z:ilp,nat-oop,23562,31512,7.887,1.337,8.658e-16,prime,1
3194,1,z:ilp,nat-oop,22941,31515,8.104,1.374,1.125e-15,prime,0
3194,1,z:ilp,nat-oop,23096,31516,8.049,1.365,1.125e-15,prime,1
3195,1,z:ilp,nat-oop,23499,40679,7.914,1.731,1.090e-15,prime,0
3195,1,z:ilp,nat-oop,23533,40645,7.903,1.727,1.090e-15,prime,1
3196,1,z:ilp,nat-oop,8850,22772,21.022,2.573,1.101e-15,flat,0
3196,1,z:ilp,nat-oop,8848,22733,21.027,2.569,1.101e-15,flat,1
3197,1,z:ilp,nat-oop,23095,31516,8.058,1.365,9.572e-16,prime,0
3197,1,z:ilp,nat-oop,23618,31515,7.880,1.334,9.572e-16,prime,1
3198,1,z:ilp,nat-oop,7098,16874,26.228,2.377,8.428e-16,chain3,0
3198,1,z:ilp,nat-oop,7115,16811,26.168,2.363,8.428e-16,chain3,1
3199,1,z:ilp,nat-oop,23630,31424,7.881,1.330,9.274e-16,prime,0
3199,1,z:ilp,nat-oop,23125,31446,8.053,1.360,9.274e-16,prime,1
3200,1,z:ilp,nat-oop,3035,6125,61.392,2.018,3.997e-16,ztt,0
3200,1,z:ilp,nat-oop,3471,6092,53.676,1.755,3.997e-16,ztt,1
3201,1,z:ilp,nat-oop,23643,26470,7.883,1.120,1.251e-15,prime,0
3201,1,z:ilp,nat-oop,23784,26440,7.836,1.112,1.251e-15,prime,1
3202,1,z:ilp,nat-oop,23658,26375,7.880,1.115,1.025e-15,prime,0
3202,1,z:ilp,nat-oop,23030,26402,8.095,1.146,1.025e-15,prime,1
3203,1,z:ilp,nat-oop,23613,26259,7.898,1.112,7.418e-16,prime,0
3203,1,z:ilp,nat-oop,23930,26309,7.793,1.099,7.418e-16,prime,1
3204,1,z:ilp,nat-oop,22731,41165,8.207,1.811,8.089e-16,prime,0
3204,1,z:ilp,nat-oop,22678,41206,8.226,1.817,8.089e-16,prime,1
3205,1,z:ilp,nat-oop,23298,26522,8.011,1.138,9.574e-16,prime,0
3205,1,z:ilp,nat-oop,27934,26451,6.681,0.947,9.574e-16,prime,1
3206,1,z:ilp,nat-oop,23358,26380,7.993,1.129,1.084e-15,prime,0
3206,1,z:ilp,nat-oop,22700,26396,8.224,1.163,1.084e-15,prime,1
3207,1,z:ilp,nat-oop,23418,26456,7.975,1.130,8.871e-16,prime,0
3207,1,z:ilp,nat-oop,28257,26227,6.609,0.928,8.871e-16,prime,1
3208,1,z:ilp,nat-oop,31949,26270,5.848,0.822,9.680e-16,prime,0
3208,1,z:ilp,nat-oop,23232,26467,8.042,1.139,9.680e-16,prime,1
3209,1,z:ilp,nat-oop,23626,26441,7.910,1.119,8.236e-16,prime,0
3209,1,z:ilp,nat-oop,23081,26474,8.097,1.147,8.236e-16,prime,1
3210,1,z:ilp,nat-oop,23353,49916,8.006,2.137,9.573e-16,prime,0
3210,1,z:ilp,nat-oop,23431,49809,7.979,2.126,9.573e-16,prime,1
3211,1,z:ilp,nat-oop,6966,10455,26.848,1.501,1.088e-15,flat,0
3211,1,z:ilp,nat-oop,6503,10480,28.759,1.612,1.088e-15,flat,1
3212,1,z:ilp,nat-oop,22674,32391,8.251,1.429,9.763e-16,prime,0
3212,1,z:ilp,nat-oop,22718,32335,8.235,1.423,9.763e-16,prime,1
3213,1,z:ilp,nat-oop,5724,10199,32.695,1.782,9.397e-16,chain3,0
3213,1,z:ilp,nat-oop,5758,10209,32.501,1.773,9.397e-16,chain3,1
3214,1,z:ilp,nat-oop,22655,26628,8.264,1.175,1.024e-15,prime,0
3214,1,z:ilp,nat-oop,22663,26421,8.261,1.166,1.024e-15,prime,1
3215,1,z:ilp,nat-oop,23494,26192,7.972,1.115,1.015e-15,prime,0
3215,1,z:ilp,nat-oop,24031,26258,7.793,1.093,1.015e-15,prime,1
3216,1,z:ilp,nat-oop,23251,28851,8.058,1.241,9.300e-16,prime,0
3216,1,z:ilp,nat-oop,23234,28856,8.064,1.242,9.300e-16,prime,1
3217,1,z:ilp,nat-oop,23023,26456,8.140,1.149,8.651e-16,prime,0
3217,1,z:ilp,nat-oop,22993,26351,8.151,1.146,8.651e-16,prime,1
3218,1,z:ilp,nat-oop,22671,26345,8.270,1.162,8.805e-16,prime,0
3218,1,z:ilp,nat-oop,22665,26473,8.272,1.168,8.805e-16,prime,1
3219,1,z:ilp,nat-oop,10234,28467,18.325,2.782,2.182e-15,flat,0
3219,1,z:ilp,nat-oop,10180,28441,18.423,2.794,2.182e-15,flat,1
3220,1,z:ilp,nat-oop,5705,10922,32.883,1.914,5.074e-16,flat,0
3220,1,z:ilp,nat-oop,6076,10910,30.876,1.795,5.074e-16,flat,1
3221,1,z:ilp,nat-oop,23072,26412,8.134,1.145,9.480e-16,prime,0
3221,1,z:ilp,nat-oop,23098,26464,8.125,1.146,9.480e-16,prime,1
3222,1,z:ilp,nat-oop,22678,26437,8.279,1.166,6.856e-16,prime,0
3222,1,z:ilp,nat-oop,22652,26602,8.288,1.174,6.856e-16,prime,1
3223,1,z:ilp,nat-oop,22610,26505,8.306,1.172,9.263e-16,prime,0
3223,1,z:ilp,nat-oop,22683,26220,8.280,1.156,9.263e-16,prime,1
3224,1,z:ilp,nat-oop,7698,13318,24.404,1.730,7.611e-16,chain3,0
3224,1,z:ilp,nat-oop,7507,13291,25.027,1.770,7.611e-16,chain3,1
3225,1,z:ilp,nat-oop,14614,22623,12.860,1.548,7.779e-16,chain3,0
3225,1,z:ilp,nat-oop,14814,22582,12.686,1.524,7.779e-16,chain3,1
3226,1,z:ilp,nat-oop,23424,26770,8.026,1.143,8.184e-16,prime,0
3226,1,z:ilp,nat-oop,23708,26431,7.930,1.115,8.184e-16,prime,1
3227,1,z:ilp,nat-oop,23257,26506,8.087,1.140,9.391e-16,prime,0
3227,1,z:ilp,nat-oop,28299,26284,6.646,0.929,9.391e-16,prime,1
3228,1,z:ilp,nat-oop,22685,26294,8.293,1.159,7.027e-16,prime,0
3228,1,z:ilp,nat-oop,22724,26308,8.279,1.158,7.027e-16,prime,1
3229,1,z:ilp,nat-oop,23585,26431,7.980,1.121,8.850e-16,prime,0
3229,1,z:ilp,nat-oop,23639,26443,7.961,1.119,8.850e-16,prime,1
3230,1,z:ilp,nat-oop,6404,13270,29.399,2.072,7.021e-16,chain3,0
3230,1,z:ilp,nat-oop,5886,13268,31.986,2.254,7.021e-16,chain3,1
3231,1,z:ilp,nat-oop,23124,26455,8.144,1.144,1.047e-15,prime,0
3231,1,z:ilp,nat-oop,23114,26247,8.148,1.136,1.047e-15,prime,1
3232,1,z:ilp,nat-oop,22673,48627,8.309,2.145,1.011e-15,prime,0
3232,1,z:ilp,nat-oop,22652,48597,8.317,2.145,1.011e-15,prime,1
3233,1,z:ilp,nat-oop,23263,58853,8.102,2.530,8.219e-16,prime,0
3233,1,z:ilp,nat-oop,22698,58938,8.303,2.597,8.219e-16,prime,1
3234,1,z:ilp,nat-oop,6639,5919,28.395,0.891,7.718e-16,flat,0
3234,1,z:ilp,nat-oop,6615,5917,28.501,0.895,7.718e-16,flat,1
3235,1,z:ilp,nat-oop,22639,26171,8.330,1.156,9.767e-16,prime,0
3235,1,z:ilp,nat-oop,23145,26213,8.148,1.133,9.767e-16,prime,1
3236,1,z:ilp,nat-oop,23000,26410,8.203,1.148,1.022e-15,prime,0
3236,1,z:ilp,nat-oop,23006,26228,8.201,1.140,1.022e-15,prime,1
3237,1,z:ilp,nat-oop,23250,50748,8.117,2.183,9.249e-16,prime,0
3237,1,z:ilp,nat-oop,23106,50658,8.168,2.192,9.249e-16,prime,1
3238,1,z:ilp,nat-oop,23066,26455,8.185,1.147,8.688e-16,prime,0
3238,1,z:ilp,nat-oop,23078,26461,8.180,1.147,8.688e-16,prime,1
3239,1,z:ilp,nat-oop,22709,63330,8.316,2.789,7.707e-16,prime,0
3239,1,z:ilp,nat-oop,23619,63313,7.996,2.681,7.707e-16,prime,1
3240,1,z:ilp,nat-oop,4548,6119,41.538,1.345,6.680e-16,chain3,0
3240,1,z:ilp,nat-oop,4545,6109,41.568,1.344,6.680e-16,chain3,1
3241,1,z:ilp,nat-oop,22695,26412,8.327,1.164,1.026e-15,prime,0
3241,1,z:ilp,nat-oop,23634,26457,7.997,1.119,1.026e-15,prime,1
3242,1,z:ilp,nat-oop,22975,26496,8.229,1.153,8.998e-16,prime,0
3242,1,z:ilp,nat-oop,23011,26460,8.216,1.150,8.998e-16,prime,1
3243,1,z:ilp,nat-oop,17117,31623,11.048,1.847,6.280e-16,chain3,0
3243,1,z:ilp,nat-oop,16561,31599,11.419,1.908,6.280e-16,chain3,1
3244,1,z:ilp,nat-oop,22710,26317,8.330,1.159,7.440e-16,prime,0
3244,1,z:ilp,nat-oop,28075,26358,6.738,0.939,7.440e-16,prime,1
3245,1,z:ilp,nat-oop,23237,32790,8.144,1.411,7.444e-16,prime,0
3245,1,z:ilp,nat-oop,23617,32731,8.013,1.386,7.444e-16,prime,1
3246,1,z:ilp,nat-oop,23304,26437,8.124,1.134,8.347e-16,prime,0
3246,1,z:ilp,nat-oop,23241,26493,8.146,1.140,8.347e-16,prime,1
3247,1,z:ilp,nat-oop,23400,26355,8.093,1.126,8.007e-16,prime,0
3247,1,z:ilp,nat-oop,27922,26328,6.782,0.943,8.007e-16,prime,1
3248,1,z:ilp,nat-oop,7109,12217,26.648,1.718,5.806e-16,chain3,0
3248,1,z:ilp,nat-oop,7065,12177,26.814,1.724,5.806e-16,chain3,1
3249,1,z:ilp,nat-oop,9401,15837,20.159,1.685,1.210e-15,flat,0
3249,1,z:ilp,nat-oop,8953,15803,21.168,1.765,1.210e-15,flat,1
3250,1,z:ilp,nat-oop,5032,5835,37.671,1.159,7.246e-16,chain3,0
3250,1,z:ilp,nat-oop,5087,5854,37.266,1.151,7.246e-16,chain3,1
3251,1,z:ilp,nat-oop,24013,26486,7.897,1.103,9.387e-16,prime,0
3251,1,z:ilp,nat-oop,34408,26296,5.511,0.764,9.387e-16,prime,1
3252,1,z:ilp,nat-oop,22637,26465,8.381,1.169,8.842e-16,prime,0
3252,1,z:ilp,nat-oop,22688,26380,8.362,1.163,8.842e-16,prime,1
3253,1,z:ilp,nat-oop,23222,26538,8.172,1.143,8.718e-16,prime,0
3253,1,z:ilp,nat-oop,23228,26445,8.170,1.139,8.718e-16,prime,1
3254,1,z:ilp,nat-oop,23111,26435,8.214,1.144,9.334e-16,prime,0
3254,1,z:ilp,nat-oop,23069,26596,8.229,1.153,9.334e-16,prime,1
3255,1,z:ilp,nat-oop,8703,15688,21.821,1.803,7.978e-16,flat,0
3255,1,z:ilp,nat-oop,8786,15694,21.615,1.786,7.978e-16,flat,1
3256,1,z:ilp,nat-oop,7519,15537,25.266,2.066,8.675e-16,flat,0
3256,1,z:ilp,nat-oop,7420,15492,25.601,2.088,8.675e-16,flat,1
3257,1,z:ilp,nat-oop,27119,26495,7.007,0.977,8.796e-16,prime,0
3257,1,z:ilp,nat-oop,22118,26501,8.592,1.198,8.796e-16,prime,1
3258,1,z:ilp,nat-oop,22712,26510,8.370,1.167,9.254e-16,prime,0
3258,1,z:ilp,nat-oop,22724,26453,8.366,1.164,9.254e-16,prime,1
3259,1,z:ilp,nat-oop,23636,26334,8.046,1.114,1.026e-15,prime,0
3259,1,z:ilp,nat-oop,23630,26428,8.048,1.118,1.026e-15,prime,1
3260,1,z:ilp,nat-oop,23600,26490,8.061,1.122,9.911e-16,prime,0
3260,1,z:ilp,nat-oop,23552,26607,8.077,1.130,9.911e-16,prime,1
3261,1,z:ilp,nat-oop,23230,26577,8.192,1.144,1.009e-15,prime,0
3261,1,z:ilp,nat-oop,23125,26737,8.229,1.156,1.009e-15,prime,1
3262,1,z:ilp,nat-oop,22186,26570,8.580,1.198,8.751e-16,prime,0
3262,1,z:ilp,nat-oop,22711,26624,8.382,1.172,8.751e-16,prime,1
3263,1,z:ilp,nat-oop,22842,26410,8.337,1.156,9.814e-16,prime,0
3263,1,z:ilp,nat-oop,23662,26412,8.048,1.116,9.814e-16,prime,1
3264,1,z:ilp,nat-oop,4403,8816,43.267,2.002,6.702e-16,chain3,0
3264,1,z:ilp,nat-oop,4380,8833,43.493,2.017,6.702e-16,chain3,1
3265,1,z:ilp,nat-oop,23062,26457,8.263,1.147,9.209e-16,prime,0
3265,1,z:ilp,nat-oop,22689,26634,8.399,1.174,9.209e-16,prime,1
3266,1,z:ilp,nat-oop,23241,36592,8.202,1.574,1.043e-15,prime,0
3266,1,z:ilp,nat-oop,23255,36610,8.197,1.574,1.043e-15,prime,1
3267,1,z:ilp,nat-oop,7079,6631,26.937,0.937,6.123e-16,flat,0
3267,1,z:ilp,nat-oop,7057,6650,27.020,0.942,6.123e-16,flat,1
3268,1,z:ilp,nat-oop,8859,21445,21.532,2.421,1.701e-15,flat,0
3268,1,z:ilp,nat-oop,9307,21388,20.496,2.298,1.701e-15,flat,1
3269,1,z:ilp,nat-oop,23576,26522,8.094,1.125,1.070e-15,prime,0
3269,1,z:ilp,nat-oop,24053,26426,7.933,1.099,1.070e-15,prime,1
3270,1,z:ilp,nat-oop,23722,53059,8.047,2.237,7.535e-16,prime,0
3270,1,z:ilp,nat-oop,23686,53002,8.059,2.238,7.535e-16,prime,1
3271,1,z:ilp,nat-oop,23628,26367,8.082,1.116,9.202e-16,prime,0
3271,1,z:ilp,nat-oop,25037,26523,7.627,1.059,9.202e-16,prime,1
3272,1,z:ilp,nat-oop,23278,26317,8.206,1.131,7.800e-16,prime,0
3272,1,z:ilp,nat-oop,23210,26317,8.230,1.134,7.800e-16,prime,1
3273,1,z:ilp,nat-oop,23297,26457,8.202,1.136,1.175e-15,prime,0
3273,1,z:ilp,nat-oop,23224,26760,8.228,1.152,1.175e-15,prime,1
3274,1,z:ilp,nat-oop,23171,26495,8.250,1.143,7.963e-16,prime,0
3274,1,z:ilp,nat-oop,23036,26470,8.298,1.149,7.963e-16,prime,1
3275,1,z:ilp,nat-oop,23646,26443,8.087,1.118,8.176e-16,prime,0
3275,1,z:ilp,nat-oop,23315,26573,8.201,1.140,8.176e-16,prime,1
3276,1,z:ilp,nat-oop,5119,6041,37.364,1.180,7.932e-16,chain3,0
3276,1,z:ilp,nat-oop,4844,6051,39.487,1.249,7.932e-16,chain3,1
3277,1,z:ilp,nat-oop,23117,26500,8.277,1.146,8.147e-16,prime,0
3277,1,z:ilp,nat-oop,23241,26800,8.233,1.153,8.147e-16,prime,1
3278,1,z:ilp,nat-oop,32864,74915,5.824,2.280,7.700e-16,prime,0
3278,1,z:ilp,nat-oop,23593,74906,8.113,3.175,7.700e-16,prime,1
3279,1,z:ilp,nat-oop,22664,26400,8.449,1.165,1.185e-15,prime,0
3279,1,z:ilp,nat-oop,23279,26386,8.225,1.133,1.185e-15,prime,1
3280,1,z:ilp,nat-oop,6717,16685,28.516,2.484,4.351e-16,flat,0
3280,1,z:ilp,nat-oop,7598,16643,25.209,2.190,4.351e-16,flat,1
3281,1,z:ilp,nat-oop,23411,26487,8.184,1.131,9.372e-16,prime,0
3281,1,z:ilp,nat-oop,24635,26493,7.778,1.075,9.372e-16,prime,1
3282,1,z:ilp,nat-oop,23681,26610,8.094,1.124,1.034e-15,prime,0
3282,1,z:ilp,nat-oop,23652,26467,8.104,1.119,1.034e-15,prime,1
3283,1,z:ilp,nat-oop,23331,38715,8.218,1.659,9.653e-16,prime,0
3283,1,z:ilp,nat-oop,23306,38692,8.227,1.660,9.653e-16,prime,1
3284,1,z:ilp,nat-oop,23709,26413,8.090,1.114,7.882e-16,prime,0
3284,1,z:ilp,nat-oop,23631,26422,8.117,1.118,7.882e-16,prime,1
3285,1,z:ilp,nat-oop,23115,43612,8.301,1.887,8.085e-16,prime,0
3285,1,z:ilp,nat-oop,22671,43565,8.463,1.922,8.085e-16,prime,1
3286,1,z:ilp,nat-oop,23246,30544,8.257,1.314,7.526e-16,prime,0
3286,1,z:ilp,nat-oop,22697,30535,8.456,1.345,7.526e-16,prime,1
3287,1,z:ilp,nat-oop,24032,26287,7.989,1.094,1.183e-15,prime,0
3287,1,z:ilp,nat-oop,24044,26437,7.985,1.100,1.183e-15,prime,1
3288,1,z:ilp,nat-oop,23269,67794,8.254,2.913,6.028e-16,prime,0
3288,1,z:ilp,nat-oop,23308,67860,8.240,2.911,6.028e-16,prime,1
3289,1,z:ilp,nat-oop,8036,12244,23.908,1.524,9.673e-16,chain3,0
3289,1,z:ilp,nat-oop,7839,12328,24.511,1.573,9.673e-16,chain3,1
3290,1,z:ilp,nat-oop,10523,20758,18.264,1.973,5.908e-16,flat,0
3290,1,z:ilp,nat-oop,10701,20784,17.961,1.942,5.908e-16,flat,1
3291,1,z:ilp,nat-oop,22720,26357,8.463,1.160,1.240e-15,prime,0
3291,1,z:ilp,nat-oop,23270,26426,8.262,1.136,1.240e-15,prime,1
3292,1,z:ilp,nat-oop,23263,26340,8.268,1.132,1.106e-15,prime,0
3292,1,z:ilp,nat-oop,22756,26435,8.452,1.162,1.106e-15,prime,1
3293,1,z:ilp,nat-oop,24027,71789,8.008,2.988,9.831e-16,prime,0
3293,1,z:ilp,nat-oop,32832,71921,5.860,2.191,9.831e-16,prime,1
3294,1,z:ilp,nat-oop,23625,27057,8.147,1.145,8.654e-16,prime,0
3294,1,z:ilp,nat-oop,23119,27079,8.325,1.171,8.654e-16,prime,1
3295,1,z:ilp,nat-oop,23292,26339,8.266,1.131,8.758e-16,prime,0
3295,1,z:ilp,nat-oop,23216,26417,8.293,1.138,8.758e-16,prime,1
3296,1,z:ilp,nat-oop,22730,49324,8.473,2.170,7.778e-16,prime,0
3296,1,z:ilp,nat-oop,29354,49358,6.561,1.681,7.778e-16,prime,1
3297,1,z:ilp,nat-oop,23882,26652,8.067,1.116,1.159e-15,prime,0
3297,1,z:ilp,nat-oop,23680,26558,8.136,1.122,1.159e-15,prime,1
3298,1,z:ilp,nat-oop,27345,49784,7.048,1.821,9.020e-16,prime,0
3298,1,z:ilp,nat-oop,23693,49837,8.134,2.103,9.020e-16,prime,1
3299,1,z:ilp,nat-oop,23500,26321,8.204,1.120,1.280e-15,prime,0
3299,1,z:ilp,nat-oop,24103,26272,7.999,1.090,1.280e-15,prime,1
3300,1,z:ilp,nat-oop,4499,5800,42.868,1.289,7.453e-16,chain3,0
3300,1,z:ilp,nat-oop,4755,5853,40.561,1.231,7.453e-16,chain3,1
3301,1,z:ilp,nat-oop,23277,26478,8.288,1.138,1.037e-15,prime,0
3301,1,z:ilp,nat-oop,22786,26464,8.467,1.161,1.037e-15,prime,1
3302,1,z:ilp,nat-oop,22716,63028,8.496,2.775,1.039e-15,prime,0
3302,1,z:ilp,nat-oop,22746,63051,8.484,2.772,1.039e-15,prime,1
3303,1,z:ilp,nat-oop,23537,26329,8.202,1.119,8.619e-16,prime,0
3303,1,z:ilp,nat-oop,23552,26427,8.197,1.122,8.619e-16,prime,1
3304,1,z:ilp,nat-oop,23280,25878,8.295,1.112,7.868e-16,prime,0
3304,1,z:ilp,nat-oop,23296,25853,8.290,1.110,7.868e-16,prime,1
3305,1,z:ilp,nat-oop,29164,26494,6.624,0.908,9.755e-16,prime,0
3305,1,z:ilp,nat-oop,23759,26488,8.131,1.115,9.755e-16,prime,1
3306,1,z:ilp,nat-oop,10892,16369,17.743,1.503,7.968e-16,chain3,0
3306,1,z:ilp,nat-oop,11850,16371,16.308,1.381,7.968e-16,chain3,1
3307,1,z:ilp,nat-oop,23644,26330,8.176,1.114,8.506e-16,prime,0
3307,1,z:ilp,nat-oop,23718,26406,8.151,1.113,8.506e-16,prime,1
3308,1,z:ilp,nat-oop,23349,26398,8.282,1.131,8.497e-16,prime,0
3308,1,z:ilp,nat-oop,22719,26491,8.512,1.166,8.497e-16,prime,1
3309,1,z:ilp,nat-oop,22714,26565,8.517,1.170,9.020e-16,prime,0
3309,1,z:ilp,nat-oop,23669,26492,8.173,1.119,9.020e-16,prime,1
3310,1,z:ilp,nat-oop,23555,26533,8.215,1.126,9.376e-16,prime,0
3310,1,z:ilp,nat-oop,23385,26659,8.275,1.140,9.376e-16,prime,1
3311,1,z:ilp,nat-oop,16515,22859,11.721,1.384,6.432e-16,chain3,0
3311,1,z:ilp,nat-oop,16709,22925,11.585,1.372,6.432e-16,chain3,1
3312,1,z:ilp,nat-oop,5979,10801,32.390,1.807,5.698e-16,chain3,0
3312,1,z:ilp,nat-oop,5581,10751,34.697,1.926,5.698e-16,chain3,1
3313,1,z:ilp,nat-oop,19106,26547,10.139,1.389,2.051e-15,prime,0
3313,1,z:ilp,nat-oop,19246,26602,10.065,1.382,2.051e-15,prime,1
3314,1,z:ilp,nat-oop,23679,26621,8.183,1.124,9.140e-16,prime,0
3314,1,z:ilp,nat-oop,32248,26737,6.009,0.829,9.140e-16,prime,1
3315,1,z:ilp,nat-oop,6642,10501,29.183,1.581,1.261e-15,flat,0
3315,1,z:ilp,nat-oop,6444,10513,30.080,1.631,1.261e-15,flat,1
3316,1,z:ilp,nat-oop,23367,26468,8.298,1.133,9.248e-16,prime,0
3316,1,z:ilp,nat-oop,23267,26495,8.334,1.139,9.248e-16,prime,1
3317,1,z:ilp,nat-oop,23534,26450,8.242,1.124,8.788e-16,prime,0
3317,1,z:ilp,nat-oop,23628,26649,8.209,1.128,8.788e-16,prime,1
3318,1,z:ilp,nat-oop,23218,36135,8.357,1.556,9.756e-16,prime,0
3318,1,z:ilp,nat-oop,23278,36118,8.336,1.552,9.756e-16,prime,1
3319,1,z:ilp,nat-oop,23109,26333,8.399,1.140,9.345e-16,prime,0
3319,1,z:ilp,nat-oop,24046,26351,8.072,1.096,9.345e-16,prime,1
3320,1,z:ilp,nat-oop,32777,38244,5.924,1.167,8.338e-16,prime,0
3320,1,z:ilp,nat-oop,28433,38302,6.829,1.347,8.338e-16,prime,1
3321,1,z:ilp,nat-oop,8797,22614,22.079,2.571,7.352e-16,chain3,0
3321,1,z:ilp,nat-oop,9806,22582,19.807,2.303,7.352e-16,chain3,1
3322,1,z:ilp,nat-oop,23725,26566,8.190,1.120,8.699e-16,prime,0
3322,1,z:ilp,nat-oop,22745,26545,8.543,1.167,8.699e-16,prime,1
3323,1,z:ilp,nat-oop,23567,26350,8.248,1.118,8.402e-16,prime,0
3323,1,z:ilp,nat-oop,23653,26422,8.218,1.117,8.402e-16,prime,1
3324,1,z:ilp,nat-oop,23093,26571,8.420,1.151,9.042e-16,prime,0
3324,1,z:ilp,nat-oop,23104,26485,8.416,1.146,9.042e-16,prime,1
3325,1,z:ilp,nat-oop,6587,10802,29.528,1.640,6.165e-16,chain3,0
3325,1,z:ilp,nat-oop,7917,10802,24.567,1.364,6.165e-16,chain3,1
3326,1,z:ilp,nat-oop,23320,27019,8.343,1.159,1.183e-15,prime,0
3326,1,z:ilp,nat-oop,24840,26592,7.833,1.071,1.183e-15,prime,1
3327,1,z:ilp,nat-oop,23324,26737,8.345,1.146,9.890e-16,prime,0
3327,1,z:ilp,nat-oop,23358,26529,8.333,1.136,9.890e-16,prime,1
3328,1,z:ilp,nat-oop,5603,5208,34.749,0.929,6.893e-16,chain3,0
3328,1,z:ilp,nat-oop,5702,5187,34.147,0.910,6.893e-16,chain3,1
3329,1,z:ilp,nat-oop,16280,26627,11.963,1.636,1.213e-15,prime,0
3329,1,z:ilp,nat-oop,15796,26687,12.330,1.690,1.213e-15,prime,1
3330,1,z:ilp,nat-oop,9529,15705,20.446,1.648,6.936e-16,chain3,0
3330,1,z:ilp,nat-oop,9625,15734,20.241,1.635,6.936e-16,chain3,1
3331,1,z:ilp,nat-oop,23121,26437,8.429,1.143,9.873e-16,prime,0
3331,1,z:ilp,nat-oop,23508,26371,8.290,1.122,9.873e-16,prime,1
3332,1,z:ilp,nat-oop,5619,9724,34.694,1.731,7.210e-16,flat,0
3332,1,z:ilp,nat-oop,5655,9716,34.477,1.718,7.210e-16,flat,1
3333,1,z:ilp,nat-oop,24028,26539,8.117,1.105,1.031e-15,prime,0
3333,1,z:ilp,nat-oop,23692,26464,8.231,1.117,1.031e-15,prime,1
3334,1,z:ilp,nat-oop,23002,26513,8.481,1.153,9.513e-16,prime,0
3334,1,z:ilp,nat-oop,23014,26572,8.477,1.155,9.513e-16,prime,1
3335,1,z:ilp,nat-oop,13142,22060,14.850,1.679,6.020e-16,chain3,0
3335,1,z:ilp,nat-oop,12538,22105,15.566,1.763,6.020e-16,chain3,1
3336,1,z:ilp,nat-oop,22752,68505,8.580,3.011,8.709e-16,prime,0
3336,1,z:ilp,nat-oop,22703,68512,8.599,3.018,8.709e-16,prime,1
3337,1,z:ilp,nat-oop,23645,62974,8.259,2.663,9.068e-16,prime,0
3337,1,z:ilp,nat-oop,23265,62979,8.394,2.707,9.068e-16,prime,1
3338,1,z:ilp,nat-oop,23271,26588,8.395,1.143,1.031e-15,prime,0
3338,1,z:ilp,nat-oop,23295,26562,8.386,1.140,1.031e-15,prime,1
3339,1,z:ilp,nat-oop,23672,30437,8.255,1.286,7.114e-16,prime,0
3339,1,z:ilp,nat-oop,23598,30382,8.281,1.287,7.114e-16,prime,1
3340,1,z:ilp,nat-oop,22157,26414,8.823,1.192,9.498e-16,prime,0
3340,1,z:ilp,nat-oop,22618,26532,8.643,1.173,9.498e-16,prime,1
3341,1,z:ilp,nat-oop,22871,26640,8.550,1.165,1.022e-15,prime,0
3341,1,z:ilp,nat-oop,23317,26901,8.387,1.154,1.022e-15,prime,1
3342,1,z:ilp,nat-oop,23080,26819,8.476,1.162,8.838e-16,prime,0
3342,1,z:ilp,nat-oop,23060,26770,8.483,1.161,8.838e-16,prime,1
3343,1,z:ilp,nat-oop,23161,26373,8.449,1.139,1.057e-15,prime,0
3343,1,z:ilp,nat-oop,23658,26401,8.271,1.116,1.057e-15,prime,1
3344,1,z:ilp,nat-oop,4679,9673,41.833,2.067,7.031e-16,chain3,0
3344,1,z:ilp,nat-oop,4792,9669,40.848,2.018,7.031e-16,chain3,1
3345,1,z:ilp,nat-oop,23654,26531,8.278,1.122,8.991e-16,prime,0
3345,1,z:ilp,nat-oop,23037,26495,8.500,1.150,8.991e-16,prime,1
3346,1,z:ilp,nat-oop,23415,26611,8.366,1.137,7.792e-16,prime,0
3346,1,z:ilp,nat-oop,23310,26601,8.403,1.141,7.792e-16,prime,1
3347,1,z:ilp,nat-oop,23712,26360,8.264,1.112,8.631e-16,prime,0
3347,1,z:ilp,nat-oop,23433,26514,8.362,1.132,8.631e-16,prime,1
3348,1,z:ilp,nat-oop,7899,13845,24.813,1.753,7.421e-16,flat,0
3348,1,z:ilp,nat-oop,7938,13868,24.693,1.747,7.421e-16,flat,1
3349,1,z:ilp,nat-oop,23130,26595,8.477,1.150,9.978e-16,prime,0
3349,1,z:ilp,nat-oop,23648,26550,8.292,1.123,9.978e-16,prime,1
3350,1,z:ilp,nat-oop,23121,30269,8.483,1.309,7.617e-16,prime,0
3350,1,z:ilp,nat-oop,23648,30276,8.294,1.280,7.617e-16,prime,1
3351,1,z:ilp,nat-oop,23709,26385,8.276,1.113,9.641e-16,prime,0
3351,1,z:ilp,nat-oop,28289,26321,6.936,0.930,9.641e-16,prime,1
3352,1,z:ilp,nat-oop,23664,26711,8.294,1.129,9.900e-16,prime,0
3352,1,z:ilp,nat-oop,23099,26404,8.497,1.143,9.900e-16,prime,1
3353,1,z:ilp,nat-oop,23745,26524,8.269,1.117,8.712e-16,prime,0
3353,1,z:ilp,nat-oop,23551,26655,8.337,1.132,8.712e-16,prime,1
3354,1,z:ilp,nat-oop,7790,18679,25.213,2.398,6.870e-16,chain3,0
3354,1,z:ilp,nat-oop,7781,18669,25.241,2.399,6.870e-16,chain3,1
3355,1,z:ilp,nat-oop,22698,35862,8.656,1.580,8.648e-16,prime,0
3355,1,z:ilp,nat-oop,23325,35853,8.423,1.537,8.648e-16,prime,1
3356,1,z:ilp,nat-oop,32433,26612,6.060,0.821,8.538e-16,prime,0
3356,1,z:ilp,nat-oop,23151,26473,8.489,1.144,8.538e-16,prime,1
3357,1,z:ilp,nat-oop,23067,26665,8.523,1.156,8.104e-16,prime,0
3357,1,z:ilp,nat-oop,23117,26709,8.505,1.155,8.104e-16,prime,1
3358,1,z:ilp,nat-oop,23305,38891,8.439,1.669,1.110e-15,prime,0
3358,1,z:ilp,nat-oop,22688,38929,8.669,1.716,1.110e-15,prime,1
3359,1,z:ilp,nat-oop,23104,26378,8.515,1.142,7.490e-16,prime,0
3359,1,z:ilp,nat-oop,24056,26597,8.178,1.106,7.490e-16,prime,1
3360,1,z:ilp,nat-oop,4228,5589,46.551,1.322,6.588e-16,chain3,0
3360,1,z:ilp,nat-oop,4018,5589,48.982,1.391,6.588e-16,chain3,1
3361,1,z:ilp,nat-oop,13807,26515,14.258,1.920,8.839e-16,prime,0
3361,1,z:ilp,nat-oop,14041,26529,14.020,1.889,8.839e-16,prime,1
3362,1,z:ilp,nat-oop,22682,29329,8.682,1.293,9.716e-16,prime,0
3362,1,z:ilp,nat-oop,23331,29266,8.441,1.254,9.716e-16,prime,1
3363,1,z:ilp,nat-oop,23112,39393,8.524,1.704,8.742e-16,prime,0
3363,1,z:ilp,nat-oop,24036,39321,8.196,1.636,8.742e-16,prime,1
3364,1,z:ilp,nat-oop,13352,20096,14.759,1.505,5.951e-16,chain3,0
3364,1,z:ilp,nat-oop,9279,20073,21.237,2.163,5.951e-16,chain3,1
3365,1,z:ilp,nat-oop,24649,26692,7.998,1.083,8.989e-16,prime,0
3365,1,z:ilp,nat-oop,23317,26730,8.454,1.146,8.989e-16,prime,1
3366,1,z:ilp,nat-oop,8479,9783,23.255,1.154,8.018e-16,flat,0
3366,1,z:ilp,nat-oop,8519,9818,23.147,1.152,8.018e-16,flat,1
3367,1,z:ilp,nat-oop,8288,19797,23.801,2.389,7.156e-16,chain3,0
3367,1,z:ilp,nat-oop,8754,19850,22.533,2.268,7.156e-16,chain3,1
3368,1,z:ilp,nat-oop,22690,26440,8.697,1.165,1.198e-15,prime,0
3368,1,z:ilp,nat-oop,22714,26557,8.687,1.169,1.198e-15,prime,1
3369,1,z:ilp,nat-oop,23163,26536,8.522,1.146,7.737e-16,prime,0
3369,1,z:ilp,nat-oop,23250,26844,8.490,1.155,7.737e-16,prime,1
3370,1,z:ilp,nat-oop,23350,26541,8.456,1.137,8.013e-16,prime,0
3370,1,z:ilp,nat-oop,23626,26632,8.358,1.127,8.013e-16,prime,1
3371,1,z:ilp,nat-oop,23761,26448,8.313,1.113,8.880e-16,prime,0
3371,1,z:ilp,nat-oop,23700,26586,8.334,1.122,8.880e-16,prime,1
3372,1,z:ilp,nat-oop,22735,26581,8.691,1.169,1.073e-15,prime,0
3372,1,z:ilp,nat-oop,23279,26570,8.488,1.141,1.073e-15,prime,1
3373,1,z:ilp,nat-oop,25016,26654,7.901,1.065,7.241e-16,prime,0
3373,1,z:ilp,nat-oop,23898,26658,8.271,1.115,7.241e-16,prime,1
3374,1,z:ilp,nat-oop,23121,26744,8.552,1.157,9.407e-16,prime,0
3374,1,z:ilp,nat-oop,23081,26573,8.566,1.151,9.407e-16,prime,1
3375,1,z:ilp,nat-oop,6474,6932,30.549,1.071,7.513e-16,chain3,0
3375,1,z:ilp,nat-oop,5940,6886,33.299,1.159,7.513e-16,chain3,1
3376,1,z:ilp,nat-oop,26176,26421,7.559,1.009,1.004e-15,prime,0
3376,1,z:ilp,nat-oop,23021,26729,8.595,1.161,1.004e-15,prime,1
3377,1,z:ilp,nat-oop,23301,26581,8.494,1.141,1.025e-15,prime,0
3377,1,z:ilp,nat-oop,23688,26556,8.355,1.121,1.025e-15,prime,1
3378,1,z:ilp,nat-oop,23092,26632,8.574,1.153,9.165e-16,prime,0
3378,1,z:ilp,nat-oop,23123,26648,8.562,1.152,9.165e-16,prime,1
3379,1,z:ilp,nat-oop,22758,26593,8.703,1.169,8.961e-16,prime,0
3379,1,z:ilp,nat-oop,23215,26555,8.531,1.144,8.961e-16,prime,1
3380,1,z:ilp,nat-oop,5744,6450,34.491,1.123,8.404e-16,flat,0
3380,1,z:ilp,nat-oop,5807,6435,34.114,1.108,8.404e-16,flat,1
3381,1,z:ilp,nat-oop,8812,12621,22.490,1.432,8.165e-16,flat,0
3381,1,z:ilp,nat-oop,8558,12669,23.157,1.480,8.165e-16,flat,1
3382,1,z:ilp,nat-oop,22754,46715,8.712,2.053,7.771e-16,prime,0
3382,1,z:ilp,nat-oop,22776,46643,8.704,2.048,7.771e-16,prime,1
3383,1,z:ilp,nat-oop,23509,26396,8.435,1.123,9.611e-16,prime,0
3383,1,z:ilp,nat-oop,24067,26405,8.240,1.097,9.611e-16,prime,1
3384,1,z:ilp,nat-oop,8196,20886,24.205,2.548,7.785e-16,flat,0
3384,1,z:ilp,nat-oop,8119,20906,24.435,2.575,7.785e-16,flat,1
3385,1,z:ilp,nat-oop,23332,26558,8.505,1.138,1.292e-15,prime,0
3385,1,z:ilp,nat-oop,22710,26681,8.738,1.175,1.292e-15,prime,1
3386,1,z:ilp,nat-oop,23087,26805,8.598,1.161,1.098e-15,prime,0
3386,1,z:ilp,nat-oop,23132,26572,8.582,1.149,1.098e-15,prime,1
3387,1,z:ilp,nat-oop,23290,26446,8.526,1.136,1.329e-15,prime,0
3387,1,z:ilp,nat-oop,23372,26662,8.497,1.141,1.329e-15,prime,1
3388,1,z:ilp,nat-oop,5702,6372,34.836,1.117,9.377e-16,flat,0
3388,1,z:ilp,nat-oop,5706,6333,34.810,1.110,9.377e-16,flat,1
3389,1,z:ilp,nat-oop,23422,26768,8.484,1.143,9.112e-16,prime,0
3389,1,z:ilp,nat-oop,28647,26599,6.937,0.929,9.112e-16,prime,1
3390,1,z:ilp,nat-oop,23325,57091,8.522,2.448,7.754e-16,prime,0
3390,1,z:ilp,nat-oop,23319,57102,8.524,2.449,7.754e-16,prime,1
3391,1,z:ilp,nat-oop,23620,26492,8.418,1.122,8.484e-16,prime,0
3391,1,z:ilp,nat-oop,23657,26518,8.405,1.121,8.484e-16,prime,1
3392,1,z:ilp,nat-oop,23330,23180,8.526,0.994,7.895e-16,prime,0
3392,1,z:ilp,nat-oop,22805,23182,8.722,1.017,7.895e-16,prime,1
3393,1,z:ilp,nat-oop,9556,15939,20.822,1.668,1.203e-15,flat,0
3393,1,z:ilp,nat-oop,9596,15862,20.735,1.653,1.203e-15,flat,1
3394,1,z:ilp,nat-oop,22755,26702,8.747,1.173,9.841e-16,prime,0
3394,1,z:ilp,nat-oop,22769,26742,8.742,1.174,9.841e-16,prime,1
3395,1,z:ilp,nat-oop,23107,26731,8.617,1.157,1.072e-15,prime,0
3395,1,z:ilp,nat-oop,24068,26565,8.272,1.104,1.072e-15,prime,1
3396,1,z:ilp,nat-oop,28866,26527,6.900,0.919,7.849e-16,prime,0
3396,1,z:ilp,nat-oop,23315,26563,8.542,1.139,7.849e-16,prime,1
3397,1,z:ilp,nat-oop,23787,67434,8.376,2.835,9.736e-16,prime,0
3397,1,z:ilp,nat-oop,24118,67341,8.261,2.792,9.736e-16,prime,1
3398,1,z:ilp,nat-oop,23399,26759,8.517,1.144,9.894e-16,prime,0
3398,1,z:ilp,nat-oop,22772,26524,8.752,1.165,9.894e-16,prime,1
3399,1,z:ilp,nat-oop,23381,26636,8.527,1.139,1.021e-15,prime,0
3399,1,z:ilp,nat-oop,23299,26503,8.557,1.138,1.021e-15,prime,1
3400,1,z:ilp,nat-oop,5735,9484,34.775,1.654,6.670e-16,chain3,0
3400,1,z:ilp,nat-oop,5412,9469,36.850,1.750,6.670e-16,chain3,1
3401,1,z:ilp,nat-oop,23090,26684,8.640,1.156,8.880e-16,prime,0
3401,1,z:ilp,nat-oop,23519,26510,8.482,1.127,8.880e-16,prime,1
3402,1,z:ilp,nat-oop,6401,6319,31.179,0.987,6.503e-16,chain3,0
3402,1,z:ilp,nat-oop,7270,6318,27.450,0.869,6.503e-16,chain3,1
3403,1,z:ilp,nat-oop,23327,70150,8.558,3.007,7.676e-16,prime,0
3403,1,z:ilp,nat-oop,23222,70390,8.597,3.031,7.676e-16,prime,1
3404,1,z:ilp,nat-oop,11873,21175,16.819,1.783,1.152e-15,flat,0
3404,1,z:ilp,nat-oop,10786,21167,18.514,1.962,1.152e-15,flat,1
3405,1,z:ilp,nat-oop,23346,26621,8.556,1.140,1.160e-15,prime,0
3405,1,z:ilp,nat-oop,23453,26753,8.517,1.141,1.160e-15,prime,1
3406,1,z:ilp,nat-oop,23318,67286,8.570,2.886,8.420e-16,prime,0
3406,1,z:ilp,nat-oop,34353,67290,5.817,1.959,8.420e-16,prime,1
3407,1,z:ilp,nat-oop,24804,26407,8.059,1.065,8.807e-16,prime,0
3407,1,z:ilp,nat-oop,24811,26612,8.057,1.073,8.807e-16,prime,1
3408,1,z:ilp,nat-oop,23076,32693,8.665,1.417,8.097e-16,prime,0
3408,1,z:ilp,nat-oop,24083,32712,8.303,1.358,8.097e-16,prime,1
3409,1,z:ilp,nat-oop,23098,26811,8.660,1.161,9.549e-16,prime,0
3409,1,z:ilp,nat-oop,26563,26604,7.530,1.002,9.549e-16,prime,1
3410,1,z:ilp,nat-oop,9065,15031,22.074,1.658,7.400e-16,flat,0
3410,1,z:ilp,nat-oop,8998,15014,22.236,1.669,7.400e-16,flat,1
3411,1,z:ilp,nat-oop,23222,26385,8.619,1.136,9.429e-16,prime,0
3411,1,z:ilp,nat-oop,22815,26580,8.773,1.165,9.429e-16,prime,1
3412,1,z:ilp,nat-oop,23722,26449,8.441,1.115,1.265e-15,prime,0
3412,1,z:ilp,nat-oop,23144,26522,8.651,1.146,1.265e-15,prime,1
3413,1,z:ilp,nat-oop,23686,26745,8.456,1.129,1.034e-15,prime,0
3413,1,z:ilp,nat-oop,23553,26670,8.504,1.132,1.034e-15,prime,1
3414,1,z:ilp,nat-oop,23760,26841,8.432,1.130,8.602e-16,prime,0
3414,1,z:ilp,nat-oop,23726,26638,8.445,1.123,8.602e-16,prime,1
3415,1,z:ilp,nat-oop,23244,26653,8.622,1.147,1.045e-15,prime,0
3415,1,z:ilp,nat-oop,23209,26449,8.635,1.140,1.045e-15,prime,1
3416,1,z:ilp,nat-oop,23125,28032,8.670,1.212,6.743e-16,prime,0
3416,1,z:ilp,nat-oop,23090,28035,8.683,1.214,6.743e-16,prime,1
3417,1,z:ilp,nat-oop,23295,45168,8.609,1.939,1.062e-15,prime,0
3417,1,z:ilp,nat-oop,23694,45161,8.464,1.906,1.062e-15,prime,1
3418,1,z:ilp,nat-oop,22793,26664,8.802,1.170,1.072e-15,prime,0
3418,1,z:ilp,nat-oop,22729,26609,8.827,1.171,1.072e-15,prime,1
3419,1,z:ilp,nat-oop,23178,26454,8.658,1.141,8.766e-16,prime,0
3419,1,z:ilp,nat-oop,23724,26468,8.459,1.116,8.766e-16,prime,1
3420,1,z:ilp,nat-oop,6517,10201,30.802,1.565,5.539e-16,flat,0
3420,1,z:ilp,nat-oop,6632,10184,30.268,1.535,5.539e-16,flat,1
3421,1,z:ilp,nat-oop,24075,26776,8.341,1.112,8.539e-16,prime,0
3421,1,z:ilp,nat-oop,23687,26669,8.478,1.126,8.539e-16,prime,1
3422,1,z:ilp,nat-oop,23877,34030,8.413,1.425,7.968e-16,prime,0
3422,1,z:ilp,nat-oop,23678,34051,8.484,1.438,7.968e-16,prime,1
3423,1,z:ilp,nat-oop,23956,26523,8.388,1.107,1.088e-15,prime,0
3423,1,z:ilp,nat-oop,23461,26537,8.565,1.131,1.088e-15,prime,1
3424,1,z:ilp,nat-oop,32154,53363,6.252,1.660,7.074e-16,prime,0
3424,1,z:ilp,nat-oop,22788,53386,8.821,2.343,7.074e-16,prime,1
3425,1,z:ilp,nat-oop,24105,26675,8.342,1.107,9.745e-16,prime,0
3425,1,z:ilp,nat-oop,23589,26847,8.524,1.138,9.745e-16,prime,1
3426,1,z:ilp,nat-oop,23802,26722,8.451,1.123,9.442e-16,prime,0
3426,1,z:ilp,nat-oop,23712,26569,8.483,1.120,9.442e-16,prime,1
3427,1,z:ilp,nat-oop,23473,26493,8.572,1.129,9.975e-16,prime,0
3427,1,z:ilp,nat-oop,23561,26516,8.540,1.125,9.975e-16,prime,1
3428,1,z:ilp,nat-oop,23748,26655,8.476,1.122,9.174e-16,prime,0
3428,1,z:ilp,nat-oop,23118,26690,8.707,1.155,9.174e-16,prime,1
3429,1,z:ilp,nat-oop,23141,26695,8.701,1.154,9.065e-16,prime,0
3429,1,z:ilp,nat-oop,24093,26834,8.357,1.114,9.065e-16,prime,1
3430,1,z:ilp,nat-oop,7358,6637,27.373,0.902,1.029e-15,flat,0
3430,1,z:ilp,nat-oop,7581,6603,26.566,0.871,1.029e-15,flat,1
3431,1,z:ilp,nat-oop,23702,66660,8.500,2.812,1.056e-15,prime,0
3431,1,z:ilp,nat-oop,24772,66615,8.133,2.689,1.056e-15,prime,1
3432,1,z:ilp,nat-oop,6132,6406,32.867,1.045,8.045e-16,flat,0
3432,1,z:ilp,nat-oop,6228,6410,32.360,1.029,8.045e-16,flat,1
3433,1,z:ilp,nat-oop,24114,26640,8.361,1.105,1.145e-15,prime,0
3433,1,z:ilp,nat-oop,23717,26609,8.500,1.122,1.145e-15,prime,1
3434,1,z:ilp,nat-oop,23474,55063,8.591,2.346,9.259e-16,prime,0
3434,1,z:ilp,nat-oop,23507,55168,8.579,2.347,9.259e-16,prime,1
3435,1,z:ilp,nat-oop,34275,26699,5.886,0.779,7.984e-16,prime,0
3435,1,z:ilp,nat-oop,23782,26585,8.483,1.118,7.984e-16,prime,1
3436,1,z:ilp,nat-oop,23731,26691,8.504,1.125,9.234e-16,prime,0
3436,1,z:ilp,nat-oop,27933,26589,7.225,0.952,9.234e-16,prime,1
3437,1,z:ilp,nat-oop,23764,26730,8.495,1.125,9.777e-16,prime,0
3437,1,z:ilp,nat-oop,23755,26734,8.498,1.125,9.777e-16,prime,1
3438,1,z:ilp,nat-oop,23385,26539,8.635,1.135,9.334e-16,prime,0
3438,1,z:ilp,nat-oop,29551,26567,6.834,0.899,9.334e-16,prime,1
3439,1,z:ilp,nat-oop,24333,26558,8.302,1.091,9.483e-16,prime,0
3439,1,z:ilp,nat-oop,28860,26562,6.999,0.920,9.483e-16,prime,1
3440,1,z:ilp,nat-oop,7140,18312,28.299,2.565,5.388e-16,chain3,0
3440,1,z:ilp,nat-oop,7175,18230,28.162,2.541,5.388e-16,chain3,1
3441,1,z:ilp,nat-oop,13650,31384,14.808,2.299,2.439e-15,flat,0
3441,1,z:ilp,nat-oop,11554,31363,17.495,2.715,2.439e-15,flat,1
3442,1,z:ilp,nat-oop,23354,26813,8.658,1.148,9.307e-16,prime,0
3442,1,z:ilp,nat-oop,22794,26716,8.871,1.172,9.307e-16,prime,1
3443,1,z:ilp,nat-oop,23557,26733,8.586,1.135,9.481e-16,prime,0
3443,1,z:ilp,nat-oop,23172,26512,8.729,1.144,9.481e-16,prime,1
3444,1,z:ilp,nat-oop,7993,18267,25.312,2.285,8.980e-16,flat,0
3444,1,z:ilp,nat-oop,8479,18205,23.863,2.147,8.980e-16,flat,1
3445,1,z:ilp,nat-oop,23583,31357,8.582,1.330,7.868e-16,prime,0
3445,1,z:ilp,nat-oop,23589,31332,8.580,1.328,7.868e-16,prime,1
3446,1,z:ilp,nat-oop,23552,26956,8.596,1.144,9.024e-16,prime,0
3446,1,z:ilp,nat-oop,23799,26663,8.507,1.120,9.024e-16,prime,1
3447,1,z:ilp,nat-oop,23611,26630,8.578,1.128,8.033e-16,prime,0
3447,1,z:ilp,nat-oop,23176,26536,8.739,1.145,8.033e-16,prime,1
3448,1,z:ilp,nat-oop,23738,26649,8.535,1.123,8.983e-16,prime,0
3448,1,z:ilp,nat-oop,23198,26604,8.733,1.147,8.983e-16,prime,1
3449,1,z:ilp,nat-oop,22851,26747,8.869,1.171,7.346e-16,prime,0
3449,1,z:ilp,nat-oop,22361,26711,9.063,1.195,7.346e-16,prime,1
3450,1,z:ilp,nat-oop,8270,11419,24.514,1.381,9.004e-16,chain3,0
3450,1,z:ilp,nat-oop,8134,11413,24.923,1.403,9.004e-16,chain3,1
3451,1,z:ilp,nat-oop,8639,20263,23.474,2.345,6.561e-16,chain3,0
3451,1,z:ilp,nat-oop,10664,20240,19.017,1.898,6.561e-16,chain3,1
3452,1,z:ilp,nat-oop,23751,26536,8.541,1.117,1.089e-15,prime,0
3452,1,z:ilp,nat-oop,23726,26646,8.550,1.123,1.089e-15,prime,1
3453,1,z:ilp,nat-oop,23468,26705,8.647,1.138,1.010e-15,prime,0
3453,1,z:ilp,nat-oop,27991,26694,7.250,0.954,1.010e-15,prime,1
3454,1,z:ilp,nat-oop,23812,26665,8.525,1.120,8.719e-16,prime,0
3454,1,z:ilp,nat-oop,23251,26689,8.730,1.148,8.719e-16,prime,1
3455,1,z:ilp,nat-oop,23332,26565,8.703,1.139,9.231e-16,prime,0
3455,1,z:ilp,nat-oop,23303,26465,8.714,1.136,9.231e-16,prime,1
3456,1,z:ilp,nat-oop,3640,6488,55.807,1.782,4.545e-16,ztt,0
3456,1,z:ilp,nat-oop,3609,6457,56.277,1.789,4.545e-16,ztt,1
3457,1,z:ilp,nat-oop,13849,26833,14.672,1.937,8.909e-16,prime,0
3457,1,z:ilp,nat-oop,13651,26852,14.884,1.967,8.909e-16,prime,1
3458,1,z:ilp,nat-oop,8140,11603,24.969,1.425,8.001e-16,flat,0
3458,1,z:ilp,nat-oop,8033,11575,25.303,1.441,8.001e-16,flat,1
3459,1,z:ilp,nat-oop,23741,26620,8.564,1.121,1.040e-15,prime,0
3459,1,z:ilp,nat-oop,23835,26644,8.530,1.118,1.040e-15,prime,1
3460,1,z:ilp,nat-oop,22830,26641,8.909,1.167,1.026e-15,prime,0
3460,1,z:ilp,nat-oop,22913,26727,8.876,1.166,1.026e-15,prime,1
3461,1,z:ilp,nat-oop,22792,26647,8.926,1.169,1.057e-15,prime,0
3461,1,z:ilp,nat-oop,23757,26782,8.564,1.127,1.057e-15,prime,1
3462,1,z:ilp,nat-oop,23452,26619,8.678,1.135,9.241e-16,prime,0
3462,1,z:ilp,nat-oop,23390,26687,8.701,1.141,9.241e-16,prime,1
3463,1,z:ilp,nat-oop,23216,26510,8.769,1.142,1.150e-15,prime,0
3463,1,z:ilp,nat-oop,23623,26617,8.618,1.127,1.150e-15,prime,1
3464,1,z:ilp,nat-oop,22816,26527,8.926,1.163,9.513e-16,prime,0
3464,1,z:ilp,nat-oop,22828,26795,8.921,1.174,9.513e-16,prime,1
3465,1,z:ilp,nat-oop,5567,6824,36.596,1.226,7.771e-16,chain3,0
3465,1,z:ilp,nat-oop,5582,6868,36.493,1.230,7.771e-16,chain3,1
3466,1,z:ilp,nat-oop,23206,26782,8.781,1.154,8.624e-16,prime,0
3466,1,z:ilp,nat-oop,23788,26676,8.567,1.121,8.624e-16,prime,1
3467,1,z:ilp,nat-oop,23354,26541,8.729,1.136,8.128e-16,prime,0
3467,1,z:ilp,nat-oop,22810,26557,8.937,1.164,8.128e-16,prime,1
3468,1,z:ilp,nat-oop,7344,13494,27.765,1.837,1.279e-15,flat,0
3468,1,z:ilp,nat-oop,7153,13482,28.507,1.885,1.279e-15,flat,1
3469,1,z:ilp,nat-oop,20773,26605,9.820,1.281,1.850e-15,prime,0
3469,1,z:ilp,nat-oop,20560,26803,9.921,1.304,1.850e-15,prime,1
3470,1,z:ilp,nat-oop,23360,26814,8.735,1.148,1.093e-15,prime,0
3470,1,z:ilp,nat-oop,23368,26718,8.732,1.143,1.093e-15,prime,1
3471,1,z:ilp,nat-oop,24240,61305,8.420,2.529,6.610e-16,prime,0
3471,1,z:ilp,nat-oop,35001,61365,5.832,1.753,6.610e-16,prime,1
3472,1,z:ilp,nat-oop,7861,13671,25.973,1.739,7.224e-16,flat,0
3472,1,z:ilp,nat-oop,6911,13679,29.543,1.979,7.224e-16,flat,1
3473,1,z:ilp,nat-oop,23650,26806,8.636,1.133,8.724e-16,prime,0
3473,1,z:ilp,nat-oop,23736,26745,8.605,1.127,8.724e-16,prime,1
3474,1,z:ilp,nat-oop,23329,26661,8.758,1.143,8.360e-16,prime,0
3474,1,z:ilp,nat-oop,23371,26735,8.742,1.144,8.360e-16,prime,1
3475,1,z:ilp,nat-oop,22773,26681,8.974,1.172,9.228e-16,prime,0
3475,1,z:ilp,nat-oop,23371,26562,8.745,1.137,9.228e-16,prime,1
3476,1,z:ilp,nat-oop,22815,37911,8.961,1.662,8.441e-16,prime,0
3476,1,z:ilp,nat-oop,23418,37922,8.730,1.619,8.441e-16,prime,1
3477,1,z:ilp,nat-oop,23747,42800,8.612,1.802,1.030e-15,prime,0
3477,1,z:ilp,nat-oop,22801,42804,8.969,1.877,1.030e-15,prime,1
3478,1,z:ilp,nat-oop,23775,31738,8.605,1.335,9.866e-16,prime,0
3478,1,z:ilp,nat-oop,23184,31669,8.824,1.366,9.866e-16,prime,1
3479,1,z:ilp,nat-oop,28471,43931,7.188,1.543,8.851e-16,prime,0
3479,1,z:ilp,nat-oop,22807,43903,8.973,1.925,8.851e-16,prime,1
3480,1,z:ilp,nat-oop,8652,13638,23.661,1.576,1.033e-15,flat,0
3480,1,z:ilp,nat-oop,9543,13633,21.451,1.429,1.033e-15,flat,1
3481,1,z:ilp,nat-oop,23366,65093,8.764,2.786,7.213e-16,prime,0
3481,1,z:ilp,nat-oop,23245,65087,8.809,2.800,7.213e-16,prime,1
3482,1,z:ilp,nat-oop,23464,26704,8.730,1.138,7.850e-16,prime,0
3482,1,z:ilp,nat-oop,23387,26611,8.759,1.138,7.850e-16,prime,1
3483,1,z:ilp,nat-oop,13193,24814,15.531,1.881,7.846e-16,chain3,0
3483,1,z:ilp,nat-oop,18829,24724,10.882,1.313,7.846e-16,chain3,1
3484,1,z:ilp,nat-oop,23149,31588,8.855,1.365,8.212e-16,prime,0
3484,1,z:ilp,nat-oop,23455,31652,8.739,1.350,8.212e-16,prime,1
3485,1,z:ilp,nat-oop,11074,27882,18.516,2.518,6.258e-16,chain3,0
3485,1,z:ilp,nat-oop,11113,27911,18.451,2.512,6.258e-16,chain3,1
3486,1,z:ilp,nat-oop,23187,40075,8.846,1.728,8.700e-16,prime,0
3486,1,z:ilp,nat-oop,23254,40098,8.820,1.724,8.700e-16,prime,1
3487,1,z:ilp,nat-oop,23251,26600,8.824,1.144,1.191e-15,prime,0
3487,1,z:ilp,nat-oop,23239,26671,8.829,1.148,1.191e-15,prime,1
3488,1,z:ilp,nat-oop,23725,56757,8.651,2.392,1.122e-15,prime,0
3488,1,z:ilp,nat-oop,23795,56728,8.625,2.384,1.122e-15,prime,1
3489,1,z:ilp,nat-oop,23215,26717,8.844,1.151,1.013e-15,prime,0
3489,1,z:ilp,nat-oop,23212,26742,8.845,1.152,1.013e-15,prime,1
3490,1,z:ilp,nat-oop,23841,26658,8.614,1.118,9.400e-16,prime,0
3490,1,z:ilp,nat-oop,23724,26750,8.656,1.128,9.400e-16,prime,1
3491,1,z:ilp,nat-oop,23602,26573,8.704,1.126,7.714e-16,prime,0
3491,1,z:ilp,nat-oop,23798,26457,8.632,1.112,7.714e-16,prime,1
3492,1,z:ilp,nat-oop,23345,49661,8.803,2.127,7.502e-16,prime,0
3492,1,z:ilp,nat-oop,23405,49708,8.780,2.124,7.502e-16,prime,1
3493,1,z:ilp,nat-oop,23859,26808,8.616,1.124,8.336e-16,prime,0
3493,1,z:ilp,nat-oop,23927,26952,8.592,1.126,8.336e-16,prime,1
3494,1,z:ilp,nat-oop,23176,26729,8.873,1.153,8.222e-16,prime,0
3494,1,z:ilp,nat-oop,23206,26671,8.861,1.149,8.222e-16,prime,1
3495,1,z:ilp,nat-oop,24107,26670,8.533,1.106,9.267e-16,prime,0
3495,1,z:ilp,nat-oop,23840,26893,8.628,1.128,9.267e-16,prime,1
3496,1,z:ilp,nat-oop,7124,15435,28.884,2.167,6.610e-16,chain3,0
3496,1,z:ilp,nat-oop,7910,15449,26.013,1.953,6.610e-16,chain3,1
3497,1,z:ilp,nat-oop,23472,26981,8.769,1.149,1.153e-15,prime,0
3497,1,z:ilp,nat-oop,23360,26818,8.811,1.148,1.153e-15,prime,1
3498,1,z:ilp,nat-oop,23551,24509,8.743,1.041,6.631e-16,prime,0
3498,1,z:ilp,nat-oop,23600,24547,8.725,1.040,6.631e-16,prime,1
3499,1,z:ilp,nat-oop,23778,26524,8.662,1.116,1.058e-15,prime,0
3499,1,z:ilp,nat-oop,23648,26717,8.710,1.130,1.058e-15,prime,1
3500,1,z:ilp,nat-oop,5652,6348,36.452,1.123,8.062e-16,flat,0
3500,1,z:ilp,nat-oop,5644,6354,36.506,1.126,8.062e-16,flat,1
3501,1,z:ilp,nat-oop,23728,26711,8.686,1.126,9.024e-16,prime,0
3501,1,z:ilp,nat-oop,23188,26673,8.888,1.150,9.024e-16,prime,1
3502,1,z:ilp,nat-oop,24107,55988,8.552,2.323,8.932e-16,prime,0
3502,1,z:ilp,nat-oop,23180,56022,8.894,2.417,8.932e-16,prime,1
3503,1,z:ilp,nat-oop,23783,26788,8.671,1.126,9.860e-16,prime,0
3503,1,z:ilp,nat-oop,23353,26519,8.831,1.136,9.860e-16,prime,1
3504,1,z:ilp,nat-oop,22807,34978,9.045,1.534,7.874e-16,prime,0
3504,1,z:ilp,nat-oop,23390,34993,8.820,1.496,7.874e-16,prime,1
3505,1,z:ilp,nat-oop,23721,26781,8.700,1.129,8.091e-16,prime,0
3505,1,z:ilp,nat-oop,23517,26792,8.775,1.139,8.091e-16,prime,1
3506,1,z:ilp,nat-oop,23735,26713,8.697,1.125,8.669e-16,prime,0
3506,1,z:ilp,nat-oop,23793,26724,8.676,1.123,8.669e-16,prime,1
3507,1,z:ilp,nat-oop,23201,26790,8.900,1.155,9.489e-16,prime,0
3507,1,z:ilp,nat-oop,34009,26905,6.072,0.791,9.489e-16,prime,1
3508,1,z:ilp,nat-oop,34544,26619,5.980,0.771,8.891e-16,prime,0
3508,1,z:ilp,nat-oop,22775,26668,9.070,1.171,8.891e-16,prime,1
3509,1,z:ilp,nat-oop,8380,15751,24.655,1.880,5.881e-16,chain3,0
3509,1,z:ilp,nat-oop,9100,15797,22.706,1.736,5.881e-16,chain3,1
3510,1,z:ilp,nat-oop,6482,6183,31.885,0.954,8.015e-16,chain3,0
3510,1,z:ilp,nat-oop,7041,6162,29.357,0.875,8.015e-16,chain3,1
3511,1,z:ilp,nat-oop,23732,26928,8.712,1.135,1.322e-15,prime,0
3511,1,z:ilp,nat-oop,23320,26645,8.866,1.143,1.322e-15,prime,1
3512,1,z:ilp,nat-oop,23283,26674,8.883,1.146,1.037e-15,prime,0
3512,1,z:ilp,nat-oop,26381,26805,7.840,1.016,1.037e-15,prime,1
3513,1,z:ilp,nat-oop,31431,26869,6.582,0.855,1.028e-15,prime,0
3513,1,z:ilp,nat-oop,23237,26771,8.904,1.152,1.028e-15,prime,1
3514,1,z:ilp,nat-oop,24612,37959,8.409,1.542,1.398e-15,prime,0
3514,1,z:ilp,nat-oop,27505,27607,7.524,1.004,1.398e-15,prime,1
3515,1,z:ilp,nat-oop,9649,26049,21.455,2.700,6.861e-16,chain3,0
3515,1,z:ilp,nat-oop,9664,26028,21.422,2.693,6.861e-16,chain3,1
3516,1,z:ilp,nat-oop,22766,26650,9.096,1.171,9.603e-16,prime,0
3516,1,z:ilp,nat-oop,22850,26580,9.063,1.163,9.603e-16,prime,1
3517,1,z:ilp,nat-oop,23854,26787,8.684,1.123,9.850e-16,prime,0
3517,1,z:ilp,nat-oop,24151,26762,8.577,1.108,9.850e-16,prime,1
3518,1,z:ilp,nat-oop,23759,26784,8.722,1.127,7.623e-16,prime,0
3518,1,z:ilp,nat-oop,23251,26787,8.912,1.152,7.623e-16,prime,1
3519,1,z:ilp,nat-oop,8488,18101,24.420,2.132,9.598e-16,flat,0
3519,1,z:ilp,nat-oop,7825,18116,26.491,2.315,9.598e-16,flat,1
3520,1,z:ilp,nat-oop,4253,5698,48.756,1.340,4.070e-16,chain3,0
3520,1,z:ilp,nat-oop,4262,5689,48.654,1.335,4.070e-16,chain3,1
3521,1,z:ilp,nat-oop,23349,26823,8.884,1.149,9.576e-16,prime,0
3521,1,z:ilp,nat-oop,23245,26782,8.923,1.152,9.576e-16,prime,1
3522,1,z:ilp,nat-oop,22847,26878,9.081,1.176,8.125e-16,prime,0
3522,1,z:ilp,nat-oop,22928,26721,9.049,1.165,8.125e-16,prime,1
3523,1,z:ilp,nat-oop,23398,26530,8.870,1.134,9.625e-16,prime,0
3523,1,z:ilp,nat-oop,24162,26535,8.590,1.098,9.625e-16,prime,1
3524,1,z:ilp,nat-oop,24299,29084,8.544,1.197,1.114e-15,prime,0
3524,1,z:ilp,nat-oop,24041,26770,8.636,1.114,1.114e-15,prime,1
3525,1,z:ilp,nat-oop,8745,27368,23.748,3.129,8.160e-16,flat,0
3525,1,z:ilp,nat-oop,8692,27364,23.895,3.148,8.160e-16,flat,1
3526,1,z:ilp,nat-oop,13661,31542,15.208,2.309,2.445e-15,flat,0
3526,1,z:ilp,nat-oop,13104,31513,15.854,2.405,2.445e-15,flat,1
3527,1,z:ilp,nat-oop,25868,47318,8.034,1.829,9.865e-16,prime,0
3527,1,z:ilp,nat-oop,23734,26880,8.756,1.133,9.865e-16,prime,1
3528,1,z:ilp,nat-oop,5653,6387,36.776,1.130,7.377e-16,chain3,0
3528,1,z:ilp,nat-oop,5569,6400,37.331,1.149,7.377e-16,chain3,1
3529,1,z:ilp,nat-oop,23219,26978,8.956,1.162,8.902e-16,prime,0
3529,1,z:ilp,nat-oop,22814,26664,9.115,1.169,8.902e-16,prime,1
3530,1,z:ilp,nat-oop,23243,27066,8.950,1.164,1.055e-15,prime,0
3530,1,z:ilp,nat-oop,23256,26686,8.944,1.147,1.055e-15,prime,1
3531,1,z:ilp,nat-oop,23721,26681,8.772,1.125,8.355e-16,prime,0
3531,1,z:ilp,nat-oop,23816,26760,8.737,1.124,8.355e-16,prime,1
3532,1,z:ilp,nat-oop,22779,26618,9.138,1.169,1.012e-15,prime,0
3532,1,z:ilp,nat-oop,23414,26601,8.890,1.136,1.012e-15,prime,1
3533,1,z:ilp,nat-oop,24188,26693,8.608,1.104,1.068e-15,prime,0
3533,1,z:ilp,nat-oop,24139,26690,8.625,1.106,1.068e-15,prime,1
3534,1,z:ilp,nat-oop,10662,18168,19.534,1.704,6.998e-16,chain3,0
3534,1,z:ilp,nat-oop,12667,18176,16.442,1.435,6.998e-16,chain3,1
3535,1,z:ilp,nat-oop,22847,26673,9.119,1.167,1.057e-15,prime,0
3535,1,z:ilp,nat-oop,23788,26610,8.759,1.119,1.057e-15,prime,1
3536,1,z:ilp,nat-oop,6525,9827,31.942,1.506,9.595e-16,flat,0
3536,1,z:ilp,nat-oop,6529,9822,31.922,1.505,9.595e-16,flat,1
3537,1,z:ilp,nat-oop,23763,26692,8.773,1.123,1.135e-15,prime,0
3537,1,z:ilp,nat-oop,23632,26733,8.822,1.131,1.135e-15,prime,1
3538,1,z:ilp,nat-oop,23420,36570,8.904,1.561,8.235e-16,prime,0
3538,1,z:ilp,nat-oop,23406,36584,8.910,1.563,8.235e-16,prime,1
3539,1,z:ilp,nat-oop,23199,26781,8.992,1.154,9.592e-16,prime,0
3539,1,z:ilp,nat-oop,24247,26605,8.604,1.097,9.592e-16,prime,1
3540,1,z:ilp,nat-oop,22876,27699,9.122,1.211,1.042e-15,prime,0
3540,1,z:ilp,nat-oop,22817,27714,9.145,1.215,1.042e-15,prime,1
3541,1,z:ilp,nat-oop,22894,26738,9.118,1.168,9.589e-16,prime,0
3541,1,z:ilp,nat-oop,23722,27095,8.800,1.142,9.589e-16,prime,1
3542,1,z:ilp,nat-oop,9550,13072,21.864,1.369,1.072e-15,flat,0
3542,1,z:ilp,nat-oop,10015,13070,20.850,1.305,1.072e-15,flat,1
3543,1,z:ilp,nat-oop,23334,26615,8.951,1.141,1.021e-15,prime,0
3543,1,z:ilp,nat-oop,23246,26701,8.985,1.149,1.021e-15,prime,1
3544,1,z:ilp,nat-oop,22801,26667,9.164,1.170,1.125e-15,prime,0
3544,1,z:ilp,nat-oop,22806,26584,9.162,1.166,1.125e-15,prime,1
3545,1,z:ilp,nat-oop,23549,26823,8.875,1.139,9.567e-16,prime,0
3545,1,z:ilp,nat-oop,23545,26813,8.877,1.139,9.567e-16,prime,1
3546,1,z:ilp,nat-oop,23287,26747,8.978,1.149,9.501e-16,prime,0
3546,1,z:ilp,nat-oop,23606,26670,8.857,1.130,9.501e-16,prime,1
3547,1,z:ilp,nat-oop,23187,26547,9.020,1.145,9.379e-16,prime,0
3547,1,z:ilp,nat-oop,23151,26733,9.034,1.155,9.379e-16,prime,1
3548,1,z:ilp,nat-oop,22788,26852,9.181,1.178,7.698e-16,prime,0
3548,1,z:ilp,nat-oop,23364,26632,8.954,1.140,7.698e-16,prime,1
3549,1,z:ilp,nat-oop,5834,7318,35.868,1.254,7.546e-16,chain3,0
3549,1,z:ilp,nat-oop,6118,7413,34.208,1.212,7.546e-16,chain3,1
3550,1,z:ilp,nat-oop,23671,34302,8.844,1.449,8.435e-16,prime,0
3550,1,z:ilp,nat-oop,23695,34294,8.835,1.447,8.435e-16,prime,1
3551,1,z:ilp,nat-oop,23496,68753,8.912,2.926,9.584e-16,prime,0
3551,1,z:ilp,nat-oop,23572,68754,8.883,2.917,9.584e-16,prime,1
3552,1,z:ilp,nat-oop,8598,16826,24.362,1.957,7.249e-16,flat,0
3552,1,z:ilp,nat-oop,8117,16831,25.805,2.074,7.249e-16,flat,1
3553,1,z:ilp,nat-oop,6789,15963,30.864,2.351,8.521e-16,chain3,0
3553,1,z:ilp,nat-oop,6921,15971,30.274,2.308,8.521e-16,chain3,1
3554,1,z:ilp,nat-oop,22828,26950,9.182,1.181,1.074e-15,prime,0
3554,1,z:ilp,nat-oop,23434,26919,8.944,1.149,1.074e-15,prime,1
3555,1,z:ilp,nat-oop,23789,51672,8.814,2.172,8.339e-16,prime,0
3555,1,z:ilp,nat-oop,23775,51777,8.819,2.178,8.339e-16,prime,1
3556,1,z:ilp,nat-oop,29443,66602,7.123,2.262,7.367e-16,prime,0
3556,1,z:ilp,nat-oop,23848,66525,8.795,2.790,7.367e-16,prime,1
3557,1,z:ilp,nat-oop,22881,26981,9.169,1.179,8.943e-16,prime,0
3557,1,z:ilp,nat-oop,22807,26723,9.199,1.172,8.943e-16,prime,1
3558,1,z:ilp,nat-oop,22837,26986,9.190,1.182,9.704e-16,prime,0
3558,1,z:ilp,nat-oop,22898,26764,9.165,1.169,9.704e-16,prime,1
3559,1,z:ilp,nat-oop,23282,26726,9.017,1.148,8.142e-16,prime,0
3559,1,z:ilp,nat-oop,23335,26631,8.996,1.141,8.142e-16,prime,1
3560,1,z:ilp,nat-oop,23377,45601,8.983,1.951,8.623e-16,prime,0
3560,1,z:ilp,nat-oop,34520,45576,6.083,1.320,8.623e-16,prime,1
3561,1,z:ilp,nat-oop,34808,26843,6.035,0.771,8.816e-16,prime,0
3561,1,z:ilp,nat-oop,23314,27019,9.010,1.159,8.816e-16,prime,1
3562,1,z:ilp,nat-oop,22904,74926,9.174,3.271,9.343e-16,prime,0
3562,1,z:ilp,nat-oop,23404,74881,8.978,3.200,9.343e-16,prime,1
3563,1,z:ilp,nat-oop,23813,26642,8.827,1.119,9.620e-16,prime,0
3563,1,z:ilp,nat-oop,23804,26741,8.830,1.123,9.620e-16,prime,1
3564,1,z:ilp,nat-oop,5292,6804,39.734,1.286,8.945e-16,chain3,0
3564,1,z:ilp,nat-oop,5551,6811,37.876,1.227,8.945e-16,chain3,1
3565,1,z:ilp,nat-oop,10686,24524,19.684,2.295,1.739e-15,flat,0
3565,1,z:ilp,nat-oop,13342,24531,15.765,1.839,1.739e-15,flat,1
3566,1,z:ilp,nat-oop,22871,26670,9.199,1.166,9.011e-16,prime,0
3566,1,z:ilp,nat-oop,22804,26853,9.226,1.178,9.011e-16,prime,1
3567,1,z:ilp,nat-oop,13386,34445,15.722,2.573,2.328e-15,flat,0
3567,1,z:ilp,nat-oop,13952,34496,15.084,2.472,2.328e-15,flat,1
3568,1,z:ilp,nat-oop,23795,27080,8.848,1.138,8.077e-16,prime,0
3568,1,z:ilp,nat-oop,23775,26846,8.855,1.129,8.077e-16,prime,1
3569,1,z:ilp,nat-oop,25431,75001,8.281,2.949,9.675e-16,prime,0
3569,1,z:ilp,nat-oop,23715,75012,8.880,3.163,9.675e-16,prime,1
3570,1,z:ilp,nat-oop,7006,10192,30.067,1.455,5.750e-16,chain3,0
3570,1,z:ilp,nat-oop,7025,10145,29.986,1.444,5.750e-16,chain3,1
3571,1,z:ilp,nat-oop,23404,26533,9.004,1.134,9.712e-16,prime,0
3571,1,z:ilp,nat-oop,23409,26534,9.002,1.133,9.712e-16,prime,1
3572,1,z:ilp,nat-oop,17315,25958,12.174,1.499,6.779e-16,chain3,0
3572,1,z:ilp,nat-oop,17188,25913,12.264,1.508,6.779e-16,chain3,1
3573,1,z:ilp,nat-oop,23253,26688,9.068,1.148,8.816e-16,prime,0
3573,1,z:ilp,nat-oop,22835,26720,9.234,1.170,8.816e-16,prime,1
3574,1,z:ilp,nat-oop,23428,26955,9.003,1.151,9.059e-16,prime,0
3574,1,z:ilp,nat-oop,23682,26682,8.907,1.127,9.059e-16,prime,1
3575,1,z:ilp,nat-oop,6984,7170,30.209,1.027,6.873e-16,chain3,0
3575,1,z:ilp,nat-oop,6231,7213,33.859,1.158,6.873e-16,chain3,1
3576,1,z:ilp,nat-oop,23395,80545,9.021,3.443,7.551e-16,prime,0
3576,1,z:ilp,nat-oop,22847,80529,9.238,3.525,7.551e-16,prime,1
3577,1,z:ilp,nat-oop,23300,47111,9.061,2.022,1.052e-15,prime,0
3577,1,z:ilp,nat-oop,23248,47099,9.081,2.026,1.052e-15,prime,1
3578,1,z:ilp,nat-oop,22859,26885,9.239,1.176,7.961e-16,prime,0
3578,1,z:ilp,nat-oop,23441,26859,9.009,1.146,7.961e-16,prime,1
3579,1,z:ilp,nat-oop,23826,26753,8.867,1.123,1.064e-15,prime,0
3579,1,z:ilp,nat-oop,23276,26760,9.076,1.150,1.064e-15,prime,1
3580,1,z:ilp,nat-oop,23443,26559,9.014,1.133,7.122e-16,prime,0
3580,1,z:ilp,nat-oop,23481,26595,9.000,1.133,7.122e-16,prime,1
3581,1,z:ilp,nat-oop,23837,26830,8.868,1.126,1.046e-15,prime,0
3581,1,z:ilp,nat-oop,32609,26721,6.483,0.819,1.046e-15,prime,1
3582,1,z:ilp,nat-oop,23797,26746,8.886,1.124,8.867e-16,prime,0
3582,1,z:ilp,nat-oop,23792,26822,8.888,1.127,8.867e-16,prime,1
3583,1,z:ilp,nat-oop,23699,26585,8.925,1.122,7.551e-16,prime,0
3583,1,z:ilp,nat-oop,23813,26814,8.883,1.126,7.551e-16,prime,1
3584,1,z:ilp,nat-oop,3500,6216,60.454,1.776,4.233e-16,ztt,0
3584,1,z:ilp,nat-oop,3535,6222,59.855,1.760,4.233e-16,ztt,1
3585,1,z:ilp,nat-oop,23799,26945,8.893,1.132,7.510e-16,prime,0
3585,1,z:ilp,nat-oop,23299,26765,9.084,1.149,7.510e-16,prime,1
3586,1,z:ilp,nat-oop,23402,26801,9.047,1.145,9.795e-16,prime,0
3586,1,z:ilp,nat-oop,23442,26936,9.032,1.149,9.795e-16,prime,1
3587,1,z:ilp,nat-oop,23316,26702,9.083,1.145,8.461e-16,prime,0
3587,1,z:ilp,nat-oop,23413,26820,9.046,1.146,8.461e-16,prime,1
3588,1,z:ilp,nat-oop,6490,12944,32.644,1.995,6.857e-16,chain3,0
3588,1,z:ilp,nat-oop,6919,12965,30.620,1.874,6.857e-16,chain3,1
3589,1,z:ilp,nat-oop,23293,26967,9.098,1.158,9.202e-16,prime,0
3589,1,z:ilp,nat-oop,23820,26889,8.897,1.129,9.202e-16,prime,1
3590,1,z:ilp,nat-oop,34236,26886,6.192,0.785,7.674e-16,prime,0
3590,1,z:ilp,nat-oop,23251,26949,9.117,1.159,7.674e-16,prime,1
3591,1,z:ilp,nat-oop,7180,12024,29.532,1.675,6.057e-16,chain3,0
3591,1,z:ilp,nat-oop,7125,11997,29.760,1.684,6.057e-16,chain3,1
3592,1,z:ilp,nat-oop,22898,26749,9.264,1.168,7.429e-16,prime,0
3592,1,z:ilp,nat-oop,23438,26811,9.050,1.144,7.429e-16,prime,1
3593,1,z:ilp,nat-oop,23418,27056,9.061,1.155,8.099e-16,prime,0
3593,1,z:ilp,nat-oop,23801,26866,8.915,1.129,8.099e-16,prime,1
3594,1,z:ilp,nat-oop,23847,26746,8.900,1.122,9.810e-16,prime,0
3594,1,z:ilp,nat-oop,23826,26699,8.908,1.121,9.810e-16,prime,1
3595,1,z:ilp,nat-oop,24194,26590,8.775,1.099,8.633e-16,prime,0
3595,1,z:ilp,nat-oop,24077,26699,8.818,1.109,8.633e-16,prime,1
3596,1,z:ilp,nat-oop,13009,22097,16.326,1.699,6.778e-16,chain3,0
3596,1,z:ilp,nat-oop,16784,22173,12.654,1.321,6.778e-16,chain3,1
3597,1,z:ilp,nat-oop,23141,26816,9.181,1.159,1.101e-15,prime,0
3597,1,z:ilp,nat-oop,32260,26975,6.585,0.836,1.101e-15,prime,1
3598,1,z:ilp,nat-oop,23608,26822,9.002,1.136,9.769e-16,prime,0
3598,1,z:ilp,nat-oop,23632,26810,8.993,1.134,9.769e-16,prime,1
3599,1,z:ilp,nat-oop,23516,69469,9.040,2.954,1.188e-15,prime,0
3599,1,z:ilp,nat-oop,23872,69585,8.905,2.915,1.188e-15,prime,1
3600,1,z:ilp,nat-oop,4351,6295,48.876,1.447,5.641e-16,ztt,0
3600,1,z:ilp,nat-oop,4363,6290,48.738,1.442,5.641e-16,ztt,1
3601,1,z:ilp,nat-oop,24195,27033,8.792,1.117,8.566e-16,prime,0
3601,1,z:ilp,nat-oop,23225,26994,9.159,1.162,8.566e-16,prime,1
3602,1,z:ilp,nat-oop,22847,26736,9.313,1.170,9.223e-16,prime,0
3602,1,z:ilp,nat-oop,23430,26938,9.082,1.150,9.223e-16,prime,1
3603,1,z:ilp,nat-oop,22924,26612,9.285,1.161,8.041e-16,prime,0
3603,1,z:ilp,nat-oop,23303,26650,9.134,1.144,8.041e-16,prime,1
3604,1,z:ilp,nat-oop,23800,28796,8.946,1.210,9.029e-16,prime,0
3604,1,z:ilp,nat-oop,23874,28819,8.918,1.207,9.029e-16,prime,1
3605,1,z:ilp,nat-oop,23538,27002,9.048,1.147,8.972e-16,prime,0
3605,1,z:ilp,nat-oop,23517,26828,9.056,1.141,8.972e-16,prime,1
3606,1,z:ilp,nat-oop,24115,26819,8.834,1.112,7.525e-16,prime,0
3606,1,z:ilp,nat-oop,24067,26787,8.852,1.113,7.525e-16,prime,1
3607,1,z:ilp,nat-oop,29098,26690,7.324,0.917,8.278e-16,prime,0
3607,1,z:ilp,nat-oop,23457,26783,9.085,1.142,8.278e-16,prime,1
3608,1,z:ilp,nat-oop,7712,18956,27.643,2.458,5.374e-16,chain3,0
3608,1,z:ilp,nat-oop,7728,18966,27.585,2.454,5.374e-16,chain3,1
3609,1,z:ilp,nat-oop,26006,26862,8.200,1.033,9.321e-16,prime,0
3609,1,z:ilp,nat-oop,23456,26897,9.091,1.147,9.321e-16,prime,1
3610,1,z:ilp,nat-oop,6765,15285,31.529,2.259,6.251e-16,chain3,0
3610,1,z:ilp,nat-oop,6843,15288,31.174,2.234,6.251e-16,chain3,1
3611,1,z:ilp,nat-oop,25099,26741,8.502,1.065,9.343e-16,prime,0
3611,1,z:ilp,nat-oop,22758,26666,9.376,1.172,9.343e-16,prime,1
3612,1,z:ilp,nat-oop,9516,19993,22.429,2.101,7.022e-16,flat,0
3612,1,z:ilp,nat-oop,9451,19937,22.584,2.109,7.022e-16,flat,1
3613,1,z:ilp,nat-oop,23679,27242,9.017,1.151,1.163e-15,prime,0
3613,1,z:ilp,nat-oop,23254,27155,9.182,1.168,1.163e-15,prime,1
3614,1,z:ilp,nat-oop,23153,75732,9.225,3.271,8.959e-16,prime,0
3614,1,z:ilp,nat-oop,32207,75779,6.631,2.353,8.959e-16,prime,1
3615,1,z:ilp,nat-oop,35132,27042,6.081,0.770,8.217e-16,prime,0
3615,1,z:ilp,nat-oop,23253,26778,9.188,1.152,8.217e-16,prime,1
3616,1,z:ilp,nat-oop,23431,61122,9.121,2.609,1.281e-15,prime,0
3616,1,z:ilp,nat-oop,23370,61167,9.145,2.617,1.281e-15,prime,1
3617,1,z:ilp,nat-oop,24525,27131,8.717,1.106,7.211e-16,prime,0
3617,1,z:ilp,nat-oop,23282,26981,9.182,1.159,7.211e-16,prime,1
3618,1,z:ilp,nat-oop,23277,32758,9.187,1.407,8.234e-16,prime,0
3618,1,z:ilp,nat-oop,23255,32740,9.196,1.408,8.234e-16,prime,1
3619,1,z:ilp,nat-oop,16919,27745,12.643,1.640,7.885e-16,chain3,0
3619,1,z:ilp,nat-oop,13124,27785,16.299,2.117,7.885e-16,chain3,1
3620,1,z:ilp,nat-oop,22863,26655,9.359,1.166,8.553e-16,prime,0
3620,1,z:ilp,nat-oop,22871,26824,9.356,1.173,8.553e-16,prime,1
3621,1,z:ilp,nat-oop,26033,51743,8.222,1.988,7.548e-16,prime,0
3621,1,z:ilp,nat-oop,23804,50845,8.992,2.136,7.548e-16,prime,1
3622,1,z:ilp,nat-oop,22925,27192,9.340,1.186,1.012e-15,prime,0
3622,1,z:ilp,nat-oop,23441,30464,9.134,1.300,1.012e-15,prime,1
3623,1,z:ilp,nat-oop,24382,39525,8.784,1.621,8.991e-16,prime,0
3623,1,z:ilp,nat-oop,23334,26654,9.179,1.142,8.991e-16,prime,1
3624,1,z:ilp,nat-oop,22945,26706,9.337,1.164,1.168e-15,prime,0
3624,1,z:ilp,nat-oop,23013,27091,9.309,1.177,1.168e-15,prime,1
3625,1,z:ilp,nat-oop,11195,16759,19.143,1.497,6.282e-16,chain3,0
3625,1,z:ilp,nat-oop,10063,16767,21.297,1.666,6.282e-16,chain3,1
3626,1,z:ilp,nat-oop,9665,18003,22.179,1.863,6.908e-16,flat,0
3626,1,z:ilp,nat-oop,10175,17945,21.068,1.764,6.908e-16,flat,1
3627,1,z:ilp,nat-oop,8735,17879,24.550,2.047,9.281e-16,flat,0
3627,1,z:ilp,nat-oop,8861,17907,24.201,2.021,9.281e-16,flat,1
3628,1,z:ilp,nat-oop,24957,26827,8.595,1.075,8.600e-16,prime,0
3628,1,z:ilp,nat-oop,23527,26697,9.117,1.135,8.600e-16,prime,1
3629,1,z:ilp,nat-oop,26366,33462,8.138,1.269,9.662e-16,prime,0
3629,1,z:ilp,nat-oop,22849,27037,9.391,1.183,9.662e-16,prime,1
3630,1,z:ilp,nat-oop,7973,6967,26.921,0.874,9.110e-16,flat,0
3630,1,z:ilp,nat-oop,7980,6939,26.897,0.870,9.110e-16,flat,1
3631,1,z:ilp,nat-oop,23965,26852,8.959,1.120,1.026e-15,prime,0
3631,1,z:ilp,nat-oop,23265,26799,9.229,1.152,1.026e-15,prime,1
3632,1,z:ilp,nat-oop,23535,26744,9.126,1.136,8.769e-16,prime,0
3632,1,z:ilp,nat-oop,24071,44101,8.922,1.832,8.769e-16,prime,1
3633,1,z:ilp,nat-oop,23397,26941,9.182,1.151,9.695e-16,prime,0
3633,1,z:ilp,nat-oop,23727,35687,9.055,1.504,9.695e-16,prime,1
3634,1,z:ilp,nat-oop,23509,45208,9.141,1.923,9.870e-16,prime,0
3634,1,z:ilp,nat-oop,34461,45225,6.236,1.312,9.870e-16,prime,1
3635,1,z:ilp,nat-oop,23838,26817,9.018,1.125,9.571e-16,prime,0
3635,1,z:ilp,nat-oop,24240,26687,8.868,1.101,9.571e-16,prime,1
3636,1,z:ilp,nat-oop,22945,54945,9.372,2.395,8.070e-16,prime,0
3636,1,z:ilp,nat-oop,33601,54928,6.400,1.635,8.070e-16,prime,1
3637,1,z:ilp,nat-oop,23448,26978,9.174,1.151,9.268e-16,prime,0
3637,1,z:ilp,nat-oop,23519,26857,9.146,1.142,9.268e-16,prime,1
3638,1,z:ilp,nat-oop,22892,60489,9.399,2.642,9.647e-16,prime,0
3638,1,z:ilp,nat-oop,24508,62452,8.780,2.548,9.647e-16,prime,1
3639,1,z:ilp,nat-oop,23945,26721,8.989,1.116,8.154e-16,prime,0
3639,1,z:ilp,nat-oop,23859,26773,9.021,1.122,8.154e-16,prime,1
3640,1,z:ilp,nat-oop,5968,6429,36.078,1.077,5.469e-16,flat,0
3640,1,z:ilp,nat-oop,5681,6448,37.898,1.135,5.469e-16,flat,1
3641,1,z:ilp,nat-oop,23891,26886,9.015,1.125,1.322e-15,prime,0
3641,1,z:ilp,nat-oop,23453,27449,9.183,1.170,1.322e-15,prime,1
3642,1,z:ilp,nat-oop,23465,28828,9.181,1.229,9.254e-16,prime,0
3642,1,z:ilp,nat-oop,22902,26856,9.407,1.173,9.254e-16,prime,1
3643,1,z:ilp,nat-oop,23780,26605,9.062,1.119,8.855e-16,prime,0
3643,1,z:ilp,nat-oop,22964,26667,9.384,1.161,8.855e-16,prime,1
3644,1,z:ilp,nat-oop,23405,26854,9.210,1.147,1.362e-15,prime,0
3644,1,z:ilp,nat-oop,22911,27469,9.409,1.199,1.362e-15,prime,1
3645,1,z:ilp,nat-oop,7346,7755,29.355,1.056,7.993e-16,chain3,0
3645,1,z:ilp,nat-oop,7248,7754,29.750,1.070,7.993e-16,chain3,1
3646,1,z:ilp,nat-oop,22939,26921,9.403,1.174,9.605e-16,prime,0
3646,1,z:ilp,nat-oop,23034,27038,9.364,1.174,9.605e-16,prime,1
3647,1,z:ilp,nat-oop,29916,26941,7.212,0.901,1.086e-15,prime,0
3647,1,z:ilp,nat-oop,23819,26780,9.059,1.124,1.086e-15,prime,1
3648,1,z:ilp,nat-oop,4841,10501,44.585,2.169,6.265e-16,chain3,0
3648,1,z:ilp,nat-oop,4816,10493,44.813,2.179,6.265e-16,chain3,1
3649,1,z:ilp,nat-oop,23961,82825,9.010,3.457,8.449e-16,prime,0
3649,1,z:ilp,nat-oop,23748,82880,9.091,3.490,8.449e-16,prime,1
3650,1,z:ilp,nat-oop,22887,36669,9.436,1.602,7.829e-16,prime,0
3650,1,z:ilp,nat-oop,22985,36674,9.396,1.596,7.829e-16,prime,1
3651,1,z:ilp,nat-oop,24247,27027,8.910,1.115,9.417e-16,prime,0
3651,1,z:ilp,nat-oop,23520,27032,9.185,1.149,9.417e-16,prime,1
3652,1,z:ilp,nat-oop,23528,42071,9.185,1.788,8.112e-16,prime,0
3652,1,z:ilp,nat-oop,23477,42174,9.205,1.796,8.112e-16,prime,1
3653,1,z:ilp,nat-oop,23780,26779,9.090,1.126,8.753e-16,prime,0
3653,1,z:ilp,nat-oop,23988,26768,9.011,1.116,8.753e-16,prime,1
3654,1,z:ilp,nat-oop,10325,14566,20.943,1.411,8.154e-16,flat,0
3654,1,z:ilp,nat-oop,11570,14576,18.689,1.260,8.154e-16,flat,1
3655,1,z:ilp,nat-oop,11017,30521,19.632,2.770,5.811e-16,chain3,0
3655,1,z:ilp,nat-oop,11461,30378,18.872,2.651,5.811e-16,chain3,1
3656,1,z:ilp,nat-oop,23842,27152,9.075,1.139,1.313e-15,prime,0
3656,1,z:ilp,nat-oop,23839,26786,9.076,1.124,1.313e-15,prime,1
3657,1,z:ilp,nat-oop,23461,41253,9.225,1.758,9.231e-16,prime,0
3657,1,z:ilp,nat-oop,23434,40740,9.236,1.738,9.231e-16,prime,1
3658,1,z:ilp,nat-oop,22873,37360,9.465,1.633,9.144e-16,prime,0
3658,1,z:ilp,nat-oop,29195,37017,7.415,1.268,9.144e-16,prime,1
3659,1,z:ilp,nat-oop,24215,27214,8.943,1.124,1.140e-15,prime,0
3659,1,z:ilp,nat-oop,24364,26598,8.889,1.092,1.140e-15,prime,1
3660,1,z:ilp,nat-oop,24366,30511,8.891,1.252,8.098e-16,prime,0
3660,1,z:ilp,nat-oop,23892,30038,9.067,1.257,8.098e-16,prime,1
3661,1,z:ilp,nat-oop,23853,26807,9.085,1.124,1.142e-15,prime,0
3661,1,z:ilp,nat-oop,23869,27189,9.078,1.139,1.142e-15,prime,1
3662,1,z:ilp,nat-oop,32723,27265,6.624,0.833,9.327e-16,prime,0
3662,1,z:ilp,nat-oop,22915,26996,9.459,1.178,9.327e-16,prime,1
3663,1,z:ilp,nat-oop,10228,21689,21.199,2.121,2.210e-15,flat,0
3663,1,z:ilp,nat-oop,10746,21675,20.178,2.017,2.210e-15,flat,1
3664,1,z:ilp,nat-oop,23819,26855,9.106,1.127,9.665e-16,prime,0
3664,1,z:ilp,nat-oop,23913,26848,9.070,1.123,9.665e-16,prime,1
3665,1,z:ilp,nat-oop,23298,26819,9.312,1.151,8.854e-16,prime,0
3665,1,z:ilp,nat-oop,24097,27166,9.004,1.127,8.854e-16,prime,1
3666,1,z:ilp,nat-oop,8703,22790,24.938,2.619,7.261e-16,chain3,0
3666,1,z:ilp,nat-oop,9267,22777,23.419,2.458,7.261e-16,chain3,1
3667,1,z:ilp,nat-oop,23604,26711,9.197,1.132,9.666e-16,prime,0
3667,1,z:ilp,nat-oop,23945,26803,9.066,1.119,9.666e-16,prime,1
3668,1,z:ilp,nat-oop,23890,71153,9.090,2.978,9.996e-16,prime,0
3668,1,z:ilp,nat-oop,23959,71073,9.064,2.966,9.996e-16,prime,1
3669,1,z:ilp,nat-oop,23632,27242,9.192,1.153,8.464e-16,prime,0
3669,1,z:ilp,nat-oop,25091,26927,8.657,1.073,8.464e-16,prime,1
3670,1,z:ilp,nat-oop,23509,27231,9.243,1.158,1.242e-15,prime,0
3670,1,z:ilp,nat-oop,23548,26854,9.228,1.140,1.242e-15,prime,1
3671,1,z:ilp,nat-oop,23801,26912,9.132,1.131,8.280e-16,prime,0
3671,1,z:ilp,nat-oop,23836,26635,9.119,1.117,8.280e-16,prime,1
3672,1,z:ilp,nat-oop,6273,10560,34.659,1.683,7.691e-16,chain3,0
3672,1,z:ilp,nat-oop,6159,10603,35.304,1.722,7.691e-16,chain3,1
3673,1,z:ilp,nat-oop,23213,27052,9.370,1.165,7.316e-16,prime,0
3673,1,z:ilp,nat-oop,23111,27100,9.411,1.173,7.316e-16,prime,1
3674,1,z:ilp,nat-oop,23254,27067,9.356,1.164,8.366e-16,prime,0
3674,1,z:ilp,nat-oop,23252,26871,9.357,1.156,8.366e-16,prime,1
3675,1,z:ilp,nat-oop,6561,7174,33.167,1.093,6.266e-16,chain3,0
3675,1,z:ilp,nat-oop,6490,7135,33.532,1.099,6.266e-16,chain3,1
3676,1,z:ilp,nat-oop,23786,26625,9.152,1.119,9.064e-16,prime,0
3676,1,z:ilp,nat-oop,23783,26693,9.153,1.122,9.064e-16,prime,1
3677,1,z:ilp,nat-oop,22960,27223,9.484,1.186,9.778e-16,prime,0
3677,1,z:ilp,nat-oop,23305,26876,9.344,1.153,9.778e-16,prime,1
3678,1,z:ilp,nat-oop,23297,27175,9.350,1.166,8.036e-16,prime,0
3678,1,z:ilp,nat-oop,24114,26863,9.033,1.114,8.036e-16,prime,1
3679,1,z:ilp,nat-oop,23868,26589,9.129,1.114,9.698e-16,prime,0
3679,1,z:ilp,nat-oop,23749,26755,9.175,1.127,9.698e-16,prime,1
3680,1,z:ilp,nat-oop,6634,12367,32.855,1.864,5.708e-16,flat,0
3680,1,z:ilp,nat-oop,6688,12381,32.591,1.851,5.708e-16,flat,1
3681,1,z:ilp,nat-oop,23351,26859,9.337,1.150,8.908e-16,prime,0
3681,1,z:ilp,nat-oop,23349,26861,9.338,1.150,8.908e-16,prime,1
3682,1,z:ilp,nat-oop,23494,26868,9.283,1.144,9.376e-16,prime,0
3682,1,z:ilp,nat-oop,23554,27126,9.259,1.152,9.376e-16,prime,1
3683,1,z:ilp,nat-oop,23931,26868,9.116,1.123,9.319e-16,prime,0
3683,1,z:ilp,nat-oop,23686,26800,9.210,1.131,9.319e-16,prime,1
3684,1,z:ilp,nat-oop,23313,26813,9.361,1.150,9.960e-16,prime,0
3684,1,z:ilp,nat-oop,23404,26927,9.324,1.151,9.960e-16,prime,1
3685,1,z:ilp,nat-oop,23489,43656,9.293,1.859,9.083e-16,prime,0
3685,1,z:ilp,nat-oop,22851,43637,9.553,1.910,9.083e-16,prime,1
3686,1,z:ilp,nat-oop,22910,56287,9.531,2.457,9.981e-16,prime,0
3686,1,z:ilp,nat-oop,23506,56266,9.289,2.394,9.981e-16,prime,1
3687,1,z:ilp,nat-oop,23323,26989,9.365,1.157,1.122e-15,prime,0
3687,1,z:ilp,nat-oop,23456,26917,9.312,1.148,1.122e-15,prime,1
3688,1,z:ilp,nat-oop,22919,26736,9.533,1.167,7.888e-16,prime,0
3688,1,z:ilp,nat-oop,23459,26820,9.313,1.143,7.888e-16,prime,1
3689,1,z:ilp,nat-oop,13685,22564,15.970,1.649,7.313e-16,chain3,0
3689,1,z:ilp,nat-oop,14528,22572,15.043,1.554,7.313e-16,chain3,1
3690,1,z:ilp,nat-oop,8349,19230,26.185,2.303,6.581e-16,chain3,0
3690,1,z:ilp,nat-oop,7854,19229,27.835,2.448,6.581e-16,chain3,1
3691,1,z:ilp,nat-oop,23920,26809,9.142,1.121,7.132e-16,prime,0
3691,1,z:ilp,nat-oop,23915,27006,9.144,1.129,7.132e-16,prime,1
3692,1,z:ilp,nat-oop,23296,35800,9.390,1.537,7.554e-16,prime,0
3692,1,z:ilp,nat-oop,23286,35801,9.394,1.537,7.554e-16,prime,1
3693,1,z:ilp,nat-oop,23709,26967,9.229,1.137,8.544e-16,prime,0
3693,1,z:ilp,nat-oop,24272,26906,9.015,1.108,8.544e-16,prime,1
3694,1,z:ilp,nat-oop,23371,26894,9.366,1.151,9.355e-16,prime,0
3694,1,z:ilp,nat-oop,23966,26882,9.133,1.122,9.355e-16,prime,1
3695,1,z:ilp,nat-oop,23782,26851,9.207,1.129,1.033e-15,prime,0
3695,1,z:ilp,nat-oop,24359,26703,8.988,1.096,1.033e-15,prime,1
3696,1,z:ilp,nat-oop,5006,6132,43.754,1.225,5.941e-16,chain3,0
3696,1,z:ilp,nat-oop,4945,6140,44.295,1.242,5.941e-16,chain3,1
3697,1,z:ilp,nat-oop,23015,26942,9.519,1.171,1.046e-15,prime,0
3697,1,z:ilp,nat-oop,23503,26919,9.322,1.145,1.046e-15,prime,1
3698,1,z:ilp,nat-oop,14115,33920,15.527,2.403,2.371e-15,flat,0
3698,1,z:ilp,nat-oop,14156,33907,15.482,2.395,2.371e-15,flat,1
3699,1,z:ilp,nat-oop,23378,26673,9.377,1.141,9.114e-16,prime,0
3699,1,z:ilp,nat-oop,23440,26832,9.352,1.145,9.114e-16,prime,1
3700,1,z:ilp,nat-oop,7605,17487,28.833,2.299,6.357e-16,flat,0
3700,1,z:ilp,nat-oop,8330,17485,26.326,2.099,6.357e-16,flat,1
3701,1,z:ilp,nat-oop,23347,26896,9.395,1.152,8.580e-16,prime,0
3701,1,z:ilp,nat-oop,22930,26910,9.566,1.174,8.580e-16,prime,1
3702,1,z:ilp,nat-oop,22973,26851,9.551,1.169,1.103e-15,prime,0
3702,1,z:ilp,nat-oop,22958,27040,9.557,1.178,1.103e-15,prime,1
3703,1,z:ilp,nat-oop,11256,21370,19.499,1.899,6.971e-16,chain3,0
3703,1,z:ilp,nat-oop,11256,21380,19.499,1.899,6.971e-16,chain3,1
3704,1,z:ilp,nat-oop,23361,27173,9.398,1.163,8.007e-16,prime,0
3704,1,z:ilp,nat-oop,23301,26720,9.422,1.147,8.007e-16,prime,1
3705,1,z:ilp,nat-oop,6775,12362,32.416,1.825,8.298e-16,chain3,0
3705,1,z:ilp,nat-oop,6609,12362,33.229,1.870,8.298e-16,chain3,1
3706,1,z:ilp,nat-oop,23928,64063,9.181,2.677,7.721e-16,prime,0
3706,1,z:ilp,nat-oop,23412,64011,9.384,2.734,7.721e-16,prime,1
3707,1,z:ilp,nat-oop,23561,26877,9.327,1.141,9.654e-16,prime,0
3707,1,z:ilp,nat-oop,24068,27144,9.131,1.128,9.654e-16,prime,1
3708,1,z:ilp,nat-oop,23369,55809,9.406,2.388,7.885e-16,prime,0
3708,1,z:ilp,nat-oop,23910,55794,9.193,2.333,7.885e-16,prime,1
3709,1,z:ilp,nat-oop,33069,26921,6.649,0.814,8.081e-16,prime,0
3709,1,z:ilp,nat-oop,23568,27107,9.330,1.150,8.081e-16,prime,1
3710,1,z:ilp,nat-oop,23326,26805,9.430,1.149,8.474e-16,prime,0
3710,1,z:ilp,nat-oop,27920,26751,7.878,0.958,8.474e-16,prime,1
3711,1,z:ilp,nat-oop,23909,26914,9.202,1.126,8.424e-16,prime,0
3711,1,z:ilp,nat-oop,29344,27122,7.498,0.924,8.424e-16,prime,1
3712,1,z:ilp,nat-oop,9916,14640,22.195,1.476,7.185e-16,flat,0
3712,1,z:ilp,nat-oop,8687,14599,25.334,1.681,7.185e-16,flat,1
3713,1,z:ilp,nat-oop,23833,76887,9.237,3.226,9.188e-16,prime,0
3713,1,z:ilp,nat-oop,22939,76814,9.597,3.349,9.188e-16,prime,1
3714,1,z:ilp,nat-oop,25960,27197,8.483,1.048,9.483e-16,prime,0
3714,1,z:ilp,nat-oop,23929,26856,9.203,1.122,9.483e-16,prime,1
3715,1,z:ilp,nat-oop,24323,26759,9.057,1.100,9.952e-16,prime,0
3715,1,z:ilp,nat-oop,23373,26722,9.425,1.143,9.952e-16,prime,1
3716,1,z:ilp,nat-oop,23473,26796,9.387,1.142,1.254e-15,prime,0
3716,1,z:ilp,nat-oop,28178,26897,7.820,0.955,1.254e-15,prime,1
3717,1,z:ilp,nat-oop,24319,37995,9.063,1.562,9.862e-16,prime,0
3717,1,z:ilp,nat-oop,24348,37934,9.053,1.558,9.862e-16,prime,1
3718,1,z:ilp,nat-oop,9948,8288,22.163,0.833,9.954e-16,flat,0
3718,1,z:ilp,nat-oop,9555,8284,23.076,0.867,9.954e-16,flat,1
3719,1,z:ilp,nat-oop,34999,26753,6.302,0.764,1.103e-15,prime,0
3719,1,z:ilp,nat-oop,24299,26695,9.076,1.099,1.103e-15,prime,1
3720,1,z:ilp,nat-oop,7551,15254,29.217,2.020,8.051e-16,chain3,0
3720,1,z:ilp,nat-oop,6666,15270,33.097,2.291,8.051e-16,chain3,1
3721,1,z:ilp,nat-oop,23373,73729,9.442,3.154,9.576e-16,prime,0
3721,1,z:ilp,nat-oop,22959,73772,9.612,3.213,9.576e-16,prime,1
3722,1,z:ilp,nat-oop,23385,27076,9.440,1.158,1.050e-15,prime,0
3722,1,z:ilp,nat-oop,23606,26850,9.351,1.137,1.050e-15,prime,1
3723,1,z:ilp,nat-oop,23881,54236,9.246,2.271,8.395e-16,prime,0
3723,1,z:ilp,nat-oop,24291,54203,9.090,2.231,8.395e-16,prime,1
3724,1,z:ilp,nat-oop,6710,11443,32.918,1.705,8.976e-16,flat,0
3724,1,z:ilp,nat-oop,6723,11470,32.855,1.706,8.976e-16,flat,1
3725,1,z:ilp,nat-oop,23468,26890,9.415,1.146,1.028e-15,prime,0
3725,1,z:ilp,nat-oop,24942,26954,8.859,1.081,1.028e-15,prime,1
3726,1,z:ilp,nat-oop,11648,12816,18.975,1.100,7.404e-16,chain3,0
3726,1,z:ilp,nat-oop,10031,12833,22.034,1.279,7.404e-16,chain3,1
3727,1,z:ilp,nat-oop,23382,26766,9.455,1.145,1.080e-15,prime,0
3727,1,z:ilp,nat-oop,23853,26803,9.268,1.124,1.080e-15,prime,1
3728,1,z:ilp,nat-oop,23333,26856,9.478,1.151,1.011e-15,prime,0
3728,1,z:ilp,nat-oop,23381,27042,9.458,1.157,1.011e-15,prime,1
3729,1,z:ilp,nat-oop,23784,26844,9.301,1.129,8.138e-16,prime,0
3729,1,z:ilp,nat-oop,23630,26813,9.362,1.135,8.138e-16,prime,1
3730,1,z:ilp,nat-oop,23996,27165,9.222,1.132,8.545e-16,prime,0
3730,1,z:ilp,nat-oop,23925,26909,9.249,1.125,8.545e-16,prime,1
3731,1,z:ilp,nat-oop,9617,24975,23.016,2.597,6.566e-16,chain3,0
3731,1,z:ilp,nat-oop,9806,25079,22.573,2.558,6.566e-16,chain3,1
3732,1,z:ilp,nat-oop,23904,26963,9.263,1.128,9.397e-16,prime,0
3732,1,z:ilp,nat-oop,23872,26812,9.275,1.123,9.397e-16,prime,1
3733,1,z:ilp,nat-oop,23986,27120,9.234,1.131,1.162e-15,prime,0
3733,1,z:ilp,nat-oop,23935,27064,9.253,1.131,1.162e-15,prime,1
3734,1,z:ilp,nat-oop,23483,27001,9.434,1.150,8.157e-16,prime,0
3734,1,z:ilp,nat-oop,23161,26976,9.565,1.165,8.157e-16,prime,1
3735,1,z:ilp,nat-oop,32894,58613,6.737,1.782,1.007e-15,prime,0
3735,1,z:ilp,nat-oop,22979,58644,9.644,2.552,1.007e-15,prime,1
3736,1,z:ilp,nat-oop,23262,26742,9.530,1.150,9.680e-16,prime,0
3736,1,z:ilp,nat-oop,23347,26823,9.495,1.149,9.680e-16,prime,1
3737,1,z:ilp,nat-oop,23621,26849,9.388,1.137,9.244e-16,prime,0
3737,1,z:ilp,nat-oop,24010,26867,9.235,1.119,9.244e-16,prime,1
3738,1,z:ilp,nat-oop,23325,48025,9.510,2.059,1.067e-15,prime,0
3738,1,z:ilp,nat-oop,23364,47862,9.494,2.049,1.067e-15,prime,1
3739,1,z:ilp,nat-oop,27393,26990,8.100,0.985,9.238e-16,prime,0
3739,1,z:ilp,nat-oop,23836,28934,9.309,1.214,9.238e-16,prime,1
3740,1,z:ilp,nat-oop,6601,10902,33.625,1.652,6.380e-16,flat,0
3740,1,z:ilp,nat-oop,6459,10948,34.363,1.695,6.380e-16,flat,1
3741,1,z:ilp,nat-oop,13884,37254,15.991,2.683,3.431e-15,flat,0
3741,1,z:ilp,nat-oop,13994,37308,15.865,2.666,3.431e-15,flat,1
3742,1,z:ilp,nat-oop,23595,27084,9.412,1.148,8.675e-16,prime,0
3742,1,z:ilp,nat-oop,24403,27163,9.101,1.113,8.675e-16,prime,1
3743,1,z:ilp,nat-oop,23394,27141,9.496,1.160,7.821e-16,prime,0
3743,1,z:ilp,nat-oop,23379,27035,9.502,1.156,7.821e-16,prime,1
3744,1,z:ilp,nat-oop,4759,6616,46.693,1.390,6.647e-16,chain3,0
3744,1,z:ilp,nat-oop,4840,6661,45.908,1.376,6.647e-16,chain3,1
3745,1,z:ilp,nat-oop,23376,27039,9.509,1.157,8.021e-16,prime,0
3745,1,z:ilp,nat-oop,23730,27059,9.367,1.140,8.021e-16,prime,1
3746,1,z:ilp,nat-oop,23625,26862,9.412,1.137,9.645e-16,prime,0
3746,1,z:ilp,nat-oop,23636,26976,9.407,1.141,9.645e-16,prime,1
3747,1,z:ilp,nat-oop,23836,26712,9.331,1.121,8.547e-16,prime,0
3747,1,z:ilp,nat-oop,33157,26807,6.708,0.808,8.547e-16,prime,1
3748,1,z:ilp,nat-oop,23501,26759,9.467,1.139,1.098e-15,prime,0
3748,1,z:ilp,nat-oop,23598,26937,9.428,1.141,1.098e-15,prime,1
3749,1,z:ilp,nat-oop,23352,27017,9.530,1.157,1.183e-15,prime,0
3749,1,z:ilp,nat-oop,23894,26874,9.314,1.125,1.183e-15,prime,1
3750,1,z:ilp,nat-oop,6810,7565,32.691,1.111,7.753e-16,chain3,0
3750,1,z:ilp,nat-oop,7197,6836,30.931,0.950,7.753e-16,chain3,1
3751,1,z:ilp,nat-oop,9610,17817,23.172,1.854,8.330e-16,flat,0
3751,1,z:ilp,nat-oop,9525,17791,23.379,1.868,8.330e-16,flat,1
3752,1,z:ilp,nat-oop,23461,33928,9.494,1.446,8.755e-16,prime,0
3752,1,z:ilp,nat-oop,23505,33917,9.476,1.443,8.755e-16,prime,1
3753,1,z:ilp,nat-oop,23912,27220,9.318,1.138,8.872e-16,prime,0
3753,1,z:ilp,nat-oop,23855,26866,9.340,1.126,8.872e-16,prime,1
3754,1,z:ilp,nat-oop,23964,26980,9.301,1.126,1.106e-15,prime,0
3754,1,z:ilp,nat-oop,23319,27073,9.558,1.161,1.106e-15,prime,1
3755,1,z:ilp,nat-oop,23455,26779,9.505,1.142,1.005e-15,prime,0
3755,1,z:ilp,nat-oop,23734,26743,9.394,1.127,1.005e-15,prime,1
3756,1,z:ilp,nat-oop,23380,26810,9.539,1.147,9.471e-16,prime,0
3756,1,z:ilp,nat-oop,23919,26988,9.323,1.128,9.471e-16,prime,1
3757,1,z:ilp,nat-oop,6979,16777,31.965,2.404,8.005e-16,chain3,0
3757,1,z:ilp,nat-oop,6976,16810,31.978,2.410,8.005e-16,chain3,1
3758,1,z:ilp,nat-oop,23892,26978,9.340,1.129,9.151e-16,prime,0
3758,1,z:ilp,nat-oop,23359,26926,9.553,1.153,9.151e-16,prime,1
3759,1,z:ilp,nat-oop,23682,27028,9.426,1.141,9.054e-16,prime,0
3759,1,z:ilp,nat-oop,23187,26761,9.627,1.154,9.054e-16,prime,1
3760,1,z:ilp,nat-oop,8445,22655,26.440,2.683,5.075e-16,chain3,0
3760,1,z:ilp,nat-oop,8251,22690,27.061,2.750,5.075e-16,chain3,1
3761,1,z:ilp,nat-oop,24236,26934,9.216,1.111,9.580e-16,prime,0
3761,1,z:ilp,nat-oop,23924,27090,9.336,1.132,9.580e-16,prime,1
3762,1,z:ilp,nat-oop,9376,11633,23.829,1.241,1.014e-15,flat,0
3762,1,z:ilp,nat-oop,9326,11680,23.955,1.252,1.014e-15,flat,1
3763,1,z:ilp,nat-oop,23408,76024,9.547,3.248,9.174e-16,prime,0
3763,1,z:ilp,nat-oop,23940,76053,9.335,3.177,9.174e-16,prime,1
3764,1,z:ilp,nat-oop,23560,26768,9.489,1.136,8.557e-16,prime,0
3764,1,z:ilp,nat-oop,23507,26886,9.510,1.144,8.557e-16,prime,1
3765,1,z:ilp,nat-oop,30045,26900,7.443,0.895,9.782e-16,prime,0
3765,1,z:ilp,nat-oop,23734,26992,9.422,1.137,9.782e-16,prime,1
3766,1,z:ilp,nat-oop,23319,27198,9.592,1.166,8.967e-16,prime,0
3766,1,z:ilp,nat-oop,23910,26860,9.355,1.123,8.967e-16,prime,1
3767,1,z:ilp,nat-oop,23635,26827,9.467,1.135,7.489e-16,prime,0
3767,1,z:ilp,nat-oop,23932,26814,9.349,1.120,7.489e-16,prime,1
3768,1,z:ilp,nat-oop,23501,26874,9.524,1.144,9.299e-16,prime,0
3768,1,z:ilp,nat-oop,23450,26841,9.544,1.145,9.299e-16,prime,1
3769,1,z:ilp,nat-oop,23388,26885,9.572,1.150,1.116e-15,prime,0
3769,1,z:ilp,nat-oop,24336,27020,9.200,1.110,1.116e-15,prime,1
3770,1,z:ilp,nat-oop,8801,16374,25.444,1.860,6.869e-16,chain3,0
3770,1,z:ilp,nat-oop,8795,16362,25.463,1.860,6.869e-16,chain3,1
3771,1,z:ilp,nat-oop,23960,26904,9.350,1.123,8.902e-16,prime,0
3771,1,z:ilp,nat-oop,23407,26910,9.570,1.150,8.902e-16,prime,1
3772,1,z:ilp,nat-oop,11845,25411,18.917,2.145,2.406e-15,flat,0
3772,1,z:ilp,nat-oop,11434,25408,19.598,2.222,2.406e-15,flat,1
3773,1,z:ilp,nat-oop,7304,7156,30.687,0.980,8.721e-16,flat,0
3773,1,z:ilp,nat-oop,7328,7173,30.588,0.979,8.721e-16,flat,1
3774,1,z:ilp,nat-oop,8346,21399,26.865,2.564,5.744e-16,chain3,0
3774,1,z:ilp,nat-oop,8388,21494,26.729,2.562,5.744e-16,chain3,1
3775,1,z:ilp,nat-oop,24245,26891,9.251,1.109,8.642e-16,prime,0
3775,1,z:ilp,nat-oop,23969,26971,9.357,1.125,8.642e-16,prime,1
3776,1,z:ilp,nat-oop,23458,29041,9.564,1.238,9.849e-16,prime,0
3776,1,z:ilp,nat-oop,23354,29004,9.606,1.242,9.849e-16,prime,1
3777,1,z:ilp,nat-oop,23771,27071,9.441,1.139,8.085e-16,prime,0
3777,1,z:ilp,nat-oop,23298,26955,9.632,1.157,8.085e-16,prime,1
3778,1,z:ilp,nat-oop,23472,27062,9.564,1.153,9.078e-16,prime,0
3778,1,z:ilp,nat-oop,22995,27073,9.762,1.177,9.078e-16,prime,1
3779,1,z:ilp,nat-oop,24346,26737,9.223,1.098,9.327e-16,prime,0
3779,1,z:ilp,nat-oop,24081,26871,9.325,1.116,9.327e-16,prime,1
3780,1,z:ilp,nat-oop,5325,6759,42.182,1.269,6.288e-16,chain3,0
3780,1,z:ilp,nat-oop,5316,6781,42.251,1.276,6.288e-16,chain3,1
3781,1,z:ilp,nat-oop,24319,26930,9.239,1.107,9.586e-16,prime,0
3781,1,z:ilp,nat-oop,24278,27001,9.254,1.112,9.586e-16,prime,1
3782,1,z:ilp,nat-oop,23328,39687,9.634,1.701,7.931e-16,prime,0
3782,1,z:ilp,nat-oop,23942,39670,9.387,1.657,7.931e-16,prime,1
3783,1,z:ilp,nat-oop,23898,26931,9.407,1.127,8.928e-16,prime,0
3783,1,z:ilp,nat-oop,34616,27044,6.494,0.781,8.928e-16,prime,1
3784,1,z:ilp,nat-oop,8194,21047,27.444,2.568,6.492e-16,chain3,0
3784,1,z:ilp,nat-oop,8616,21099,26.101,2.449,6.492e-16,chain3,1
3785,1,z:ilp,nat-oop,33387,26878,6.737,0.805,8.607e-16,prime,0
3785,1,z:ilp,nat-oop,22930,26929,9.810,1.174,8.607e-16,prime,1
3786,1,z:ilp,nat-oop,23667,27011,9.507,1.141,7.929e-16,prime,0
3786,1,z:ilp,nat-oop,22903,27235,9.824,1.189,7.929e-16,prime,1
3787,1,z:ilp,nat-oop,23472,27058,9.589,1.153,8.481e-16,prime,0
3787,1,z:ilp,nat-oop,23874,26752,9.428,1.121,8.481e-16,prime,1
3788,1,z:ilp,nat-oop,23944,26968,9.403,1.126,8.794e-16,prime,0
3788,1,z:ilp,nat-oop,23339,26959,9.647,1.155,8.794e-16,prime,1
3789,1,z:ilp,nat-oop,23382,27175,9.632,1.162,9.592e-16,prime,0
3789,1,z:ilp,nat-oop,23331,26999,9.653,1.157,9.592e-16,prime,1
3790,1,z:ilp,nat-oop,23607,27071,9.543,1.147,7.877e-16,prime,0
3790,1,z:ilp,nat-oop,22957,26979,9.813,1.175,7.877e-16,prime,1
3791,1,z:ilp,nat-oop,23390,26961,9.634,1.153,7.944e-16,prime,0
3791,1,z:ilp,nat-oop,23786,27016,9.474,1.136,7.944e-16,prime,1
3792,1,z:ilp,nat-oop,22967,41110,9.815,1.790,7.944e-16,prime,0
3792,1,z:ilp,nat-oop,22925,41109,9.833,1.793,7.944e-16,prime,1
3793,1,z:ilp,nat-oop,23919,27085,9.427,1.132,9.133e-16,prime,0
3793,1,z:ilp,nat-oop,23389,27141,9.640,1.160,9.133e-16,prime,1
3794,1,z:ilp,nat-oop,24174,27268,9.330,1.128,8.137e-16,prime,0
3794,1,z:ilp,nat-oop,24234,27195,9.307,1.122,8.137e-16,prime,1
3795,1,z:ilp,nat-oop,7848,14375,28.746,1.832,6.601e-16,chain3,0
3795,1,z:ilp,nat-oop,8356,14402,27.000,1.724,6.601e-16,chain3,1
3796,1,z:ilp,nat-oop,22966,38330,9.827,1.669,9.765e-16,prime,0
3796,1,z:ilp,nat-oop,22945,38360,9.835,1.672,9.765e-16,prime,1
3797,1,z:ilp,nat-oop,24284,27237,9.296,1.122,9.002e-16,prime,0
3797,1,z:ilp,nat-oop,23874,27106,9.456,1.135,9.002e-16,prime,1
3798,1,z:ilp,nat-oop,23530,27245,9.597,1.158,9.730e-16,prime,0
3798,1,z:ilp,nat-oop,23556,27003,9.586,1.146,9.730e-16,prime,1
3799,1,z:ilp,nat-oop,23818,26871,9.484,1.128,7.576e-16,prime,0
3799,1,z:ilp,nat-oop,24236,27211,9.320,1.123,7.576e-16,prime,1
3800,1,z:ilp,nat-oop,6374,11266,35.447,1.767,7.604e-16,flat,0
3800,1,z:ilp,nat-oop,6322,11240,35.738,1.778,7.604e-16,flat,1
3801,1,z:ilp,nat-oop,23587,26998,9.582,1.145,1.088e-15,prime,0
3801,1,z:ilp,nat-oop,23663,27149,9.551,1.147,1.088e-15,prime,1
3802,1,z:ilp,nat-oop,23608,27073,9.576,1.147,8.762e-16,prime,0
3802,1,z:ilp,nat-oop,23031,27135,9.816,1.178,8.762e-16,prime,1
3803,1,z:ilp,nat-oop,23558,26877,9.599,1.141,1.008e-15,prime,0
3803,1,z:ilp,nat-oop,22933,27053,9.861,1.180,1.008e-15,prime,1
3804,1,z:ilp,nat-oop,22986,27384,9.841,1.191,9.507e-16,prime,0
3804,1,z:ilp,nat-oop,23660,26906,9.561,1.137,9.507e-16,prime,1
3805,1,z:ilp,nat-oop,25059,27225,9.030,1.086,9.543e-16,prime,0
3805,1,z:ilp,nat-oop,23346,27427,9.692,1.175,9.543e-16,prime,1
3806,1,z:ilp,nat-oop,22443,27072,10.085,1.206,8.041e-16,prime,0
3806,1,z:ilp,nat-oop,22469,26962,10.074,1.200,8.041e-16,prime,1
3807,1,z:ilp,nat-oop,14913,30028,15.182,2.014,8.450e-16,chain3,0
3807,1,z:ilp,nat-oop,14943,29993,15.151,2.007,8.450e-16,chain3,1
3808,1,z:ilp,nat-oop,5266,10843,43.011,2.059,6.818e-16,chain3,0
3808,1,z:ilp,nat-oop,5128,10835,44.163,2.113,6.818e-16,chain3,1
3809,1,z:ilp,nat-oop,24312,27172,9.318,1.118,7.102e-16,prime,0
3809,1,z:ilp,nat-oop,23810,27135,9.515,1.140,7.102e-16,prime,1
3810,1,z:ilp,nat-oop,23910,71070,9.478,2.972,8.254e-16,prime,0
3810,1,z:ilp,nat-oop,23939,71013,9.466,2.966,8.254e-16,prime,1
3811,1,z:ilp,nat-oop,23622,26930,9.596,1.140,1.219e-15,prime,0
3811,1,z:ilp,nat-oop,24474,26956,9.262,1.101,1.219e-15,prime,1
3812,1,z:ilp,nat-oop,23924,26899,9.478,1.124,8.053e-16,prime,0
3812,1,z:ilp,nat-oop,23975,26939,9.458,1.124,8.053e-16,prime,1
3813,1,z:ilp,nat-oop,15317,37919,14.808,2.476,2.524e-15,flat,0
3813,1,z:ilp,nat-oop,13273,37861,17.088,2.852,2.524e-15,flat,1
3814,1,z:ilp,nat-oop,23415,27116,9.689,1.158,1.027e-15,prime,0
3814,1,z:ilp,nat-oop,23551,27075,9.633,1.150,1.027e-15,prime,1
3815,1,z:ilp,nat-oop,24359,27143,9.317,1.114,8.097e-16,prime,0
3815,1,z:ilp,nat-oop,23788,26927,9.540,1.132,8.097e-16,prime,1
3816,1,z:ilp,nat-oop,23833,26898,9.525,1.129,8.453e-16,prime,0
3816,1,z:ilp,nat-oop,23875,26941,9.508,1.128,8.453e-16,prime,1
3817,1,z:ilp,nat-oop,23985,27071,9.468,1.129,9.231e-16,prime,0
3817,1,z:ilp,nat-oop,23385,27025,9.710,1.156,9.231e-16,prime,1
3818,1,z:ilp,nat-oop,23515,49901,9.659,2.122,6.743e-16,prime,0
3818,1,z:ilp,nat-oop,22948,49775,9.898,2.169,6.743e-16,prime,1
3819,1,z:ilp,nat-oop,23643,51367,9.610,2.173,8.200e-16,prime,0
3819,1,z:ilp,nat-oop,23963,51338,9.482,2.142,8.200e-16,prime,1
3820,1,z:ilp,nat-oop,23584,27322,9.637,1.158,9.310e-16,prime,0
3820,1,z:ilp,nat-oop,23019,27087,9.873,1.177,9.310e-16,prime,1
3821,1,z:ilp,nat-oop,24039,27011,9.457,1.124,9.455e-16,prime,0
3821,1,z:ilp,nat-oop,27500,27141,8.267,0.987,9.455e-16,prime,1
3822,1,z:ilp,nat-oop,8739,7018,26.023,0.803,8.151e-16,flat,0
3822,1,z:ilp,nat-oop,8534,6957,26.647,0.815,8.151e-16,flat,1
3823,1,z:ilp,nat-oop,23951,27056,9.498,1.130,8.489e-16,prime,0
3823,1,z:ilp,nat-oop,23852,27038,9.537,1.134,8.489e-16,prime,1
3824,1,z:ilp,nat-oop,23400,26961,9.724,1.152,8.212e-16,prime,0
3824,1,z:ilp,nat-oop,24152,26896,9.422,1.114,8.212e-16,prime,1
3825,1,z:ilp,nat-oop,6955,12244,32.727,1.761,1.006e-15,chain3,0
3825,1,z:ilp,nat-oop,6696,12207,33.992,1.823,1.006e-15,chain3,1
3826,1,z:ilp,nat-oop,23043,27109,9.881,1.176,9.773e-16,prime,0
3826,1,z:ilp,nat-oop,23060,27026,9.873,1.172,9.773e-16,prime,1
3827,1,z:ilp,nat-oop,23655,88136,9.628,3.726,7.696e-16,prime,0
3827,1,z:ilp,nat-oop,23478,87955,9.700,3.746,7.696e-16,prime,1
3828,1,z:ilp,nat-oop,6939,15488,32.833,2.232,6.280e-16,chain3,0
3828,1,z:ilp,nat-oop,6913,15501,32.952,2.242,6.280e-16,chain3,1
3829,1,z:ilp,nat-oop,23602,27021,9.655,1.145,1.080e-15,prime,0
3829,1,z:ilp,nat-oop,24033,27231,9.482,1.133,1.080e-15,prime,1
3830,1,z:ilp,nat-oop,23409,27094,9.738,1.157,1.084e-15,prime,0
3830,1,z:ilp,nat-oop,23923,27006,9.528,1.129,1.084e-15,prime,1
3831,1,z:ilp,nat-oop,23079,26955,9.880,1.168,9.464e-16,prime,0
3831,1,z:ilp,nat-oop,23008,27135,9.910,1.179,9.464e-16,prime,1
3832,1,z:ilp,nat-oop,22983,26778,9.924,1.165,1.054e-15,prime,0
3832,1,z:ilp,nat-oop,23003,27007,9.915,1.174,1.054e-15,prime,1
3833,1,z:ilp,nat-oop,23644,27121,9.649,1.147,9.382e-16,prime,0
3833,1,z:ilp,nat-oop,24383,27064,9.357,1.110,9.382e-16,prime,1
3834,1,z:ilp,nat-oop,28522,37102,8.001,1.301,7.041e-16,prime,0
3834,1,z:ilp,nat-oop,22940,37136,9.948,1.619,7.041e-16,prime,1
3835,1,z:ilp,nat-oop,23969,39303,9.524,1.640,9.518e-16,prime,0
3835,1,z:ilp,nat-oop,23898,39294,9.552,1.644,9.518e-16,prime,1
3836,1,z:ilp,nat-oop,23609,79279,9.672,3.358,5.846e-16,prime,0
3836,1,z:ilp,nat-oop,23559,79274,9.693,3.365,5.846e-16,prime,1
3837,1,z:ilp,nat-oop,23618,26930,9.671,1.140,1.191e-15,prime,0
3837,1,z:ilp,nat-oop,23522,27316,9.711,1.161,1.191e-15,prime,1
3838,1,z:ilp,nat-oop,23042,62260,9.916,2.702,8.783e-16,prime,0
3838,1,z:ilp,nat-oop,23638,62120,9.666,2.628,8.783e-16,prime,1
3839,1,z:ilp,nat-oop,23950,27068,9.543,1.130,9.264e-16,prime,0
3839,1,z:ilp,nat-oop,23941,27141,9.546,1.134,9.264e-16,prime,1
3840,1,z:ilp,nat-oop,4014,6717,56.950,1.673,4.563e-16,ztt,0
3840,1,z:ilp,nat-oop,4097,6701,55.793,1.635,4.563e-16,ztt,1
3841,1,z:ilp,nat-oop,34642,27088,6.601,0.782,9.933e-16,prime,0
3841,1,z:ilp,nat-oop,23433,27221,9.759,1.162,9.933e-16,prime,1
3842,1,z:ilp,nat-oop,22965,68832,9.961,2.997,8.165e-16,prime,0
3842,1,z:ilp,nat-oop,23041,68813,9.928,2.987,8.165e-16,prime,1
3843,1,z:ilp,nat-oop,23396,41543,9.780,1.776,8.860e-16,prime,0
3843,1,z:ilp,nat-oop,23537,41561,9.721,1.766,8.860e-16,prime,1
3844,1,z:ilp,nat-oop,13196,24397,17.345,1.849,7.083e-16,chain3,0
3844,1,z:ilp,nat-oop,10586,24325,21.620,2.298,7.083e-16,chain3,1
3845,1,z:ilp,nat-oop,29816,27495,7.679,0.922,8.947e-16,prime,0
3845,1,z:ilp,nat-oop,23452,27422,9.762,1.169,8.947e-16,prime,1
3846,1,z:ilp,nat-oop,23565,27269,9.719,1.157,8.895e-16,prime,0
3846,1,z:ilp,nat-oop,23002,27366,9.956,1.190,8.895e-16,prime,1
3847,1,z:ilp,nat-oop,24325,27143,9.417,1.116,8.434e-16,prime,0
3847,1,z:ilp,nat-oop,23865,27088,9.599,1.135,8.434e-16,prime,1
3848,1,z:ilp,nat-oop,15162,18548,15.113,1.223,7.613e-16,chain3,0
3848,1,z:ilp,nat-oop,11231,18557,20.403,1.652,7.613e-16,chain3,1
3849,1,z:ilp,nat-oop,23819,27233,9.623,1.143,7.027e-16,prime,0
3849,1,z:ilp,nat-oop,23808,27314,9.627,1.147,7.027e-16,prime,1
3850,1,z:ilp,nat-oop,7811,7639,29.352,0.978,6.300e-16,flat,0
3850,1,z:ilp,nat-oop,7764,7644,29.532,0.985,6.300e-16,flat,1
3851,1,z:ilp,nat-oop,23887,27146,9.601,1.136,9.256e-16,prime,0
3851,1,z:ilp,nat-oop,23354,26882,9.821,1.151,9.256e-16,prime,1
3852,1,z:ilp,nat-oop,23990,60394,9.563,2.517,8.249e-16,prime,0
3852,1,z:ilp,nat-oop,23982,60269,9.566,2.513,8.249e-16,prime,1
3853,1,z:ilp,nat-oop,23805,27028,9.640,1.135,9.469e-16,prime,0
3853,1,z:ilp,nat-oop,24392,27337,9.408,1.121,9.469e-16,prime,1
3854,1,z:ilp,nat-oop,22972,37197,9.992,1.619,9.195e-16,prime,0
3854,1,z:ilp,nat-oop,23816,37225,9.638,1.563,9.195e-16,prime,1
3855,1,z:ilp,nat-oop,23554,26951,9.748,1.144,8.262e-16,prime,0
3855,1,z:ilp,nat-oop,23916,27092,9.601,1.133,8.262e-16,prime,1
3856,1,z:ilp,nat-oop,23046,26883,9.966,1.167,9.215e-16,prime,0
3856,1,z:ilp,nat-oop,23546,26914,9.754,1.143,9.215e-16,prime,1
3857,1,z:ilp,nat-oop,11551,23640,19.889,2.047,6.962e-16,chain3,0
3857,1,z:ilp,nat-oop,11775,23656,19.511,2.009,6.962e-16,chain3,1
3858,1,z:ilp,nat-oop,29255,27094,7.855,0.926,9.210e-16,prime,0
3858,1,z:ilp,nat-oop,23024,27379,9.981,1.189,9.210e-16,prime,1
3859,1,z:ilp,nat-oop,23579,26889,9.750,1.140,7.633e-16,prime,0
3859,1,z:ilp,nat-oop,27276,27120,8.428,0.994,7.633e-16,prime,1
3860,1,z:ilp,nat-oop,23052,26842,9.975,1.164,1.063e-15,prime,0
3860,1,z:ilp,nat-oop,22975,27075,10.008,1.178,1.063e-15,prime,1
3861,1,z:ilp,nat-oop,8748,8153,26.293,0.932,8.954e-16,flat,0
3861,1,z:ilp,nat-oop,8800,8136,26.137,0.925,8.954e-16,flat,1
3862,1,z:ilp,nat-oop,22987,27305,10.009,1.188,8.756e-16,prime,0
3862,1,z:ilp,nat-oop,23647,27447,9.730,1.161,8.756e-16,prime,1
3863,1,z:ilp,nat-oop,23985,27289,9.595,1.138,9.720e-16,prime,0
3863,1,z:ilp,nat-oop,23514,26858,9.788,1.142,9.720e-16,prime,1
3864,1,z:ilp,nat-oop,7331,13137,31.402,1.792,7.787e-16,flat,0
3864,1,z:ilp,nat-oop,7437,13188,30.954,1.773,7.787e-16,flat,1
3865,1,z:ilp,nat-oop,23445,27211,9.822,1.161,1.019e-15,prime,0
3865,1,z:ilp,nat-oop,24025,27102,9.585,1.128,1.019e-15,prime,1
3866,1,z:ilp,nat-oop,23410,27236,9.840,1.163,9.880e-16,prime,0
3866,1,z:ilp,nat-oop,23380,27311,9.852,1.168,9.880e-16,prime,1
3867,1,z:ilp,nat-oop,24345,27473,9.465,1.128,1.148e-15,prime,0
3867,1,z:ilp,nat-oop,23780,26885,9.690,1.131,1.148e-15,prime,1
3868,1,z:ilp,nat-oop,23560,27041,9.783,1.148,9.698e-16,prime,0
3868,1,z:ilp,nat-oop,23522,26993,9.799,1.148,9.698e-16,prime,1
3869,1,z:ilp,nat-oop,23823,80248,9.677,3.368,8.379e-16,prime,0
3869,1,z:ilp,nat-oop,23991,80231,9.610,3.344,8.379e-16,prime,1
3870,1,z:ilp,nat-oop,8286,21351,27.832,2.577,6.942e-16,chain3,0
3870,1,z:ilp,nat-oop,8295,21389,27.801,2.579,6.942e-16,chain3,1
3871,1,z:ilp,nat-oop,24298,56994,9.494,2.346,9.332e-16,prime,0
3871,1,z:ilp,nat-oop,23979,57262,9.620,2.388,9.332e-16,prime,1
3872,1,z:ilp,nat-oop,5447,7276,42.366,1.336,4.641e-16,chain3,0
3872,1,z:ilp,nat-oop,5185,7281,44.504,1.404,4.641e-16,chain3,1
3873,1,z:ilp,nat-oop,24181,27133,9.545,1.122,9.126e-16,prime,0
3873,1,z:ilp,nat-oop,24216,27574,9.532,1.139,9.126e-16,prime,1
3874,1,z:ilp,nat-oop,23987,88855,9.625,3.704,8.170e-16,prime,0
3874,1,z:ilp,nat-oop,23426,89626,9.856,3.826,8.170e-16,prime,1
3875,1,z:ilp,nat-oop,10950,18871,21.092,1.723,7.815e-16,chain3,0
3875,1,z:ilp,nat-oop,9392,18864,24.590,2.009,7.815e-16,chain3,1
3876,1,z:ilp,nat-oop,6352,15761,36.370,2.481,7.246e-16,chain3,0
3876,1,z:ilp,nat-oop,6277,15734,36.803,2.507,7.246e-16,chain3,1
3877,1,z:ilp,nat-oop,23588,26980,9.797,1.144,9.264e-16,prime,0
3877,1,z:ilp,nat-oop,23736,26996,9.736,1.137,9.264e-16,prime,1
3878,1,z:ilp,nat-oop,23757,27120,9.730,1.142,1.025e-15,prime,0
3878,1,z:ilp,nat-oop,24010,27046,9.627,1.126,1.025e-15,prime,1
3879,1,z:ilp,nat-oop,28514,26977,8.109,0.946,1.127e-15,prime,0
3879,1,z:ilp,nat-oop,24143,27076,9.577,1.121,1.127e-15,prime,1
3880,1,z:ilp,nat-oop,23825,55692,9.708,2.338,6.922e-16,prime,0
3880,1,z:ilp,nat-oop,23899,55606,9.678,2.327,6.922e-16,prime,1
3881,1,z:ilp,nat-oop,23865,27154,9.694,1.138,9.550e-16,prime,0
3881,1,z:ilp,nat-oop,23489,27196,9.850,1.158,9.550e-16,prime,1
3882,1,z:ilp,nat-oop,23010,27148,10.057,1.180,8.231e-16,prime,0
3882,1,z:ilp,nat-oop,23549,27442,9.827,1.165,8.231e-16,prime,1
3883,1,z:ilp,nat-oop,24046,27352,9.627,1.137,8.929e-16,prime,0
3883,1,z:ilp,nat-oop,24125,27302,9.595,1.132,8.929e-16,prime,1
3884,1,z:ilp,nat-oop,23661,26939,9.786,1.139,8.993e-16,prime,0
3884,1,z:ilp,nat-oop,23288,27052,9.943,1.162,8.993e-16,prime,1
3885,1,z:ilp,nat-oop,9533,22989,24.297,2.412,5.432e-16,chain3,0
3885,1,z:ilp,nat-oop,9476,23020,24.443,2.429,5.432e-16,chain3,1
3886,1,z:ilp,nat-oop,23315,43755,9.937,1.877,8.675e-16,prime,0
3886,1,z:ilp,nat-oop,23478,43832,9.868,1.867,8.675e-16,prime,1
3887,1,z:ilp,nat-oop,8088,14926,28.653,1.845,1.004e-15,flat,0
3887,1,z:ilp,nat-oop,9426,14846,24.587,1.575,1.004e-15,flat,1
3888,1,z:ilp,nat-oop,4556,7030,50.879,1.543,6.433e-16,ztt,0
3888,1,z:ilp,nat-oop,4459,7112,51.992,1.595,6.433e-16,ztt,1
3889,1,z:ilp,nat-oop,17060,26971,13.593,1.581,1.491e-15,prime,0
3889,1,z:ilp,nat-oop,16111,27023,14.393,1.677,1.491e-15,prime,1
3890,1,z:ilp,nat-oop,23370,27257,9.925,1.166,8.022e-16,prime,0
3890,1,z:ilp,nat-oop,23389,27081,9.917,1.158,8.022e-16,prime,1
3891,1,z:ilp,nat-oop,23983,26980,9.674,1.125,9.388e-16,prime,0
3891,1,z:ilp,nat-oop,23832,27025,9.736,1.134,9.388e-16,prime,1
3892,1,z:ilp,nat-oop,22999,80090,10.091,3.482,9.323e-16,prime,0
3892,1,z:ilp,nat-oop,23037,80069,10.074,3.476,9.323e-16,prime,1
3893,1,z:ilp,nat-oop,23392,27049,9.924,1.156,9.196e-16,prime,0
3893,1,z:ilp,nat-oop,23905,26988,9.711,1.129,9.196e-16,prime,1
3894,1,z:ilp,nat-oop,28439,30526,8.165,1.073,8.742e-16,prime,0
3894,1,z:ilp,nat-oop,23738,30519,9.782,1.286,8.742e-16,prime,1
3895,1,z:ilp,nat-oop,12802,32144,18.145,2.511,6.975e-16,chain3,0
3895,1,z:ilp,nat-oop,12305,32286,18.877,2.624,6.975e-16,chain3,1
3896,1,z:ilp,nat-oop,23371,27080,9.942,1.159,1.147e-15,prime,0
3896,1,z:ilp,nat-oop,23352,27104,9.950,1.161,1.147e-15,prime,1
3897,1,z:ilp,nat-oop,23714,27035,9.801,1.140,8.123e-16,prime,0
3897,1,z:ilp,nat-oop,23713,27408,9.802,1.156,8.123e-16,prime,1
3898,1,z:ilp,nat-oop,23063,27145,10.080,1.177,7.694e-16,prime,0
3898,1,z:ilp,nat-oop,23528,27275,9.881,1.159,7.694e-16,prime,1
3899,1,z:ilp,nat-oop,23402,26875,9.937,1.148,1.139e-15,prime,0
3899,1,z:ilp,nat-oop,23689,26934,9.817,1.137,1.139e-15,prime,1
3900,1,z:ilp,nat-oop,5655,6956,41.132,1.230,8.065e-16,chain3,0
3900,1,z:ilp,nat-oop,5778,6964,40.263,1.205,8.065e-16,chain3,1
3901,1,z:ilp,nat-oop,23506,85237,9.899,3.626,8.315e-16,prime,0
3901,1,z:ilp,nat-oop,23940,85212,9.720,3.559,8.315e-16,prime,1
3902,1,z:ilp,nat-oop,23976,27174,9.708,1.133,8.867e-16,prime,0
3902,1,z:ilp,nat-oop,23417,27219,9.939,1.162,8.867e-16,prime,1
3903,1,z:ilp,nat-oop,23854,26990,9.760,1.131,1.264e-15,prime,0
3903,1,z:ilp,nat-oop,23893,27309,9.744,1.143,1.264e-15,prime,1
3904,1,z:ilp,nat-oop,23033,31483,10.111,1.367,5.873e-16,prime,0
3904,1,z:ilp,nat-oop,23038,31529,10.109,1.369,5.873e-16,prime,1
3905,1,z:ilp,nat-oop,37146,49464,6.271,1.332,1.044e-15,prime,0
3905,1,z:ilp,nat-oop,23780,49447,9.796,2.079,1.044e-15,prime,1
3906,1,z:ilp,nat-oop,8744,16318,26.648,1.866,7.410e-16,chain3,0
3906,1,z:ilp,nat-oop,8662,16948,26.902,1.957,7.410e-16,chain3,1
3907,1,z:ilp,nat-oop,24420,26909,9.545,1.102,9.140e-16,prime,0
3907,1,z:ilp,nat-oop,24500,27017,9.514,1.103,9.140e-16,prime,1
3908,1,z:ilp,nat-oop,23982,27168,9.722,1.133,9.103e-16,prime,0
3908,1,z:ilp,nat-oop,24095,27030,9.677,1.122,9.103e-16,prime,1
3909,1,z:ilp,nat-oop,23477,27092,9.934,1.154,7.605e-16,prime,0
3909,1,z:ilp,nat-oop,24004,27056,9.716,1.127,7.605e-16,prime,1
3910,1,z:ilp,nat-oop,8510,17817,27.414,2.094,7.777e-16,chain3,0
3910,1,z:ilp,nat-oop,8461,17826,27.572,2.107,7.777e-16,chain3,1
3911,1,z:ilp,nat-oop,23875,26972,9.774,1.130,1.172e-15,prime,0
3911,1,z:ilp,nat-oop,23982,26894,9.730,1.121,1.172e-15,prime,1
3912,1,z:ilp,nat-oop,23628,27227,9.879,1.152,9.181e-16,prime,0
3912,1,z:ilp,nat-oop,23553,27060,9.911,1.149,9.181e-16,prime,1
3913,1,z:ilp,nat-oop,14207,27546,16.435,1.939,7.580e-16,chain3,0
3913,1,z:ilp,nat-oop,14027,27492,16.646,1.960,7.580e-16,chain3,1
3914,1,z:ilp,nat-oop,23942,63253,9.755,2.642,8.301e-16,prime,0
3914,1,z:ilp,nat-oop,23454,63264,9.958,2.697,8.301e-16,prime,1
3915,1,z:ilp,nat-oop,11151,18473,20.952,1.657,7.190e-16,flat,0
3915,1,z:ilp,nat-oop,11268,18491,20.733,1.641,7.190e-16,flat,1
3916,1,z:ilp,nat-oop,23614,50437,9.896,2.136,7.488e-16,prime,0
3916,1,z:ilp,nat-oop,29476,50500,7.928,1.713,7.488e-16,prime,1
3917,1,z:ilp,nat-oop,24367,27185,9.593,1.116,9.804e-16,prime,0
3917,1,z:ilp,nat-oop,23970,27109,9.752,1.131,9.804e-16,prime,1
3918,1,z:ilp,nat-oop,23029,27134,10.153,1.178,8.574e-16,prime,0
3918,1,z:ilp,nat-oop,22973,27086,10.178,1.179,8.574e-16,prime,1
3919,1,z:ilp,nat-oop,22919,27032,10.205,1.179,8.247e-16,prime,0
3919,1,z:ilp,nat-oop,22955,26875,10.189,1.171,8.247e-16,prime,1
3920,1,z:ilp,nat-oop,4241,6693,55.166,1.578,4.221e-16,ztt,0
3920,1,z:ilp,nat-oop,4295,6707,54.476,1.562,4.221e-16,ztt,1
3921,1,z:ilp,nat-oop,23848,27131,9.813,1.138,8.189e-16,prime,0
3921,1,z:ilp,nat-oop,23824,27011,9.823,1.134,8.189e-16,prime,1
3922,1,z:ilp,nat-oop,23615,39176,9.913,1.659,8.645e-16,prime,0
3922,1,z:ilp,nat-oop,23620,39174,9.911,1.659,8.645e-16,prime,1
3923,1,z:ilp,nat-oop,23025,27093,10.170,1.177,7.836e-16,prime,0
3923,1,z:ilp,nat-oop,23415,26863,10.000,1.147,7.836e-16,prime,1
3924,1,z:ilp,nat-oop,23977,64118,9.769,2.674,1.287e-15,prime,0
3924,1,z:ilp,nat-oop,24005,64112,9.758,2.671,1.287e-15,prime,1
3925,1,z:ilp,nat-oop,23996,27140,9.764,1.131,9.984e-16,prime,0
3925,1,z:ilp,nat-oop,23662,26993,9.902,1.141,9.984e-16,prime,1
3926,1,z:ilp,nat-oop,24023,27226,9.756,1.133,7.627e-16,prime,0
3926,1,z:ilp,nat-oop,23957,27096,9.783,1.131,7.627e-16,prime,1
3927,1,z:ilp,nat-oop,7471,12202,31.380,1.633,7.297e-16,chain3,0
3927,1,z:ilp,nat-oop,7461,12207,31.421,1.636,7.297e-16,chain3,1
3928,1,z:ilp,nat-oop,23089,27231,10.156,1.179,1.032e-15,prime,0
3928,1,z:ilp,nat-oop,23564,26973,9.951,1.145,1.032e-15,prime,1
3929,1,z:ilp,nat-oop,23449,27327,10.003,1.165,7.985e-16,prime,0
3929,1,z:ilp,nat-oop,23811,27011,9.851,1.134,7.985e-16,prime,1
3930,1,z:ilp,nat-oop,22981,75856,10.209,3.301,8.674e-16,prime,0
3930,1,z:ilp,nat-oop,23031,75851,10.188,3.293,8.674e-16,prime,1
3931,1,z:ilp,nat-oop,23015,27359,10.197,1.189,1.074e-15,prime,0
3931,1,z:ilp,nat-oop,23475,26895,9.998,1.146,1.074e-15,prime,1
3932,1,z:ilp,nat-oop,23980,26911,9.790,1.122,7.821e-16,prime,0
3932,1,z:ilp,nat-oop,23900,27007,9.823,1.130,7.821e-16,prime,1
3933,1,z:ilp,nat-oop,8758,21554,26.812,2.461,7.437e-16,chain3,0
3933,1,z:ilp,nat-oop,8829,21531,26.598,2.439,7.437e-16,chain3,1
3934,1,z:ilp,nat-oop,23658,27151,9.929,1.148,9.606e-16,prime,0
3934,1,z:ilp,nat-oop,23607,27383,9.950,1.160,9.606e-16,prime,1
3935,1,z:ilp,nat-oop,23713,26955,9.908,1.137,8.261e-16,prime,0
3935,1,z:ilp,nat-oop,23632,26949,9.943,1.140,8.261e-16,prime,1
3936,1,z:ilp,nat-oop,7615,20628,30.866,2.709,5.684e-16,chain3,0
3936,1,z:ilp,nat-oop,7586,20615,30.983,2.718,5.684e-16,chain3,1
3937,1,z:ilp,nat-oop,24062,27194,9.771,1.130,8.832e-16,prime,0
3937,1,z:ilp,nat-oop,23510,27022,10.000,1.149,8.832e-16,prime,1
3938,1,z:ilp,nat-oop,23117,27116,10.173,1.173,9.105e-16,prime,0
3938,1,z:ilp,nat-oop,23704,27129,9.921,1.144,9.105e-16,prime,1
3939,1,z:ilp,nat-oop,23632,27692,9.954,1.172,8.801e-16,prime,0
3939,1,z:ilp,nat-oop,23519,27227,10.002,1.158,8.801e-16,prime,1
3940,1,z:ilp,nat-oop,23412,27165,10.050,1.160,9.979e-16,prime,0
3940,1,z:ilp,nat-oop,23422,26908,10.046,1.149,9.979e-16,prime,1
3941,1,z:ilp,nat-oop,24034,27386,9.793,1.139,1.032e-15,prime,0
3941,1,z:ilp,nat-oop,23670,27018,9.943,1.141,1.032e-15,prime,1
3942,1,z:ilp,nat-oop,23721,39903,9.925,1.682,9.085e-16,prime,0
3942,1,z:ilp,nat-oop,24022,39667,9.801,1.651,9.085e-16,prime,1
3943,1,z:ilp,nat-oop,23606,27229,9.976,1.153,1.118e-15,prime,0
3943,1,z:ilp,nat-oop,23129,27292,10.182,1.180,1.118e-15,prime,1
3944,1,z:ilp,nat-oop,11205,19227,21.023,1.716,1.063e-15,flat,0
3944,1,z:ilp,nat-oop,9755,19188,24.149,1.967,1.063e-15,flat,1
3945,1,z:ilp,nat-oop,24001,27189,9.818,1.133,7.887e-16,prime,0
3945,1,z:ilp,nat-oop,23975,27190,9.828,1.134,7.887e-16,prime,1
3946,1,z:ilp,nat-oop,23716,27101,9.939,1.143,9.360e-16,prime,0
3946,1,z:ilp,nat-oop,25328,27290,9.306,1.077,9.360e-16,prime,1
3947,1,z:ilp,nat-oop,29467,27097,8.001,0.920,8.662e-16,prime,0
3947,1,z:ilp,nat-oop,24505,27065,9.621,1.104,8.662e-16,prime,1
3948,1,z:ilp,nat-oop,12920,24704,18.253,1.912,6.995e-16,flat,0
3948,1,z:ilp,nat-oop,12648,24805,18.646,1.961,6.995e-16,flat,1
3949,1,z:ilp,nat-oop,23518,27335,10.030,1.162,8.302e-16,prime,0
3949,1,z:ilp,nat-oop,23514,27126,10.032,1.154,8.302e-16,prime,1
3950,1,z:ilp,nat-oop,23468,43086,10.055,1.836,8.947e-16,prime,0
3950,1,z:ilp,nat-oop,24076,43070,9.801,1.789,8.947e-16,prime,1
3951,1,z:ilp,nat-oop,23809,27072,9.913,1.137,8.830e-16,prime,0
3951,1,z:ilp,nat-oop,25774,26934,9.158,1.045,8.830e-16,prime,1
3952,1,z:ilp,nat-oop,5856,11673,40.315,1.993,6.291e-16,chain3,0
3952,1,z:ilp,nat-oop,5850,11661,40.361,1.993,6.291e-16,chain3,1
3953,1,z:ilp,nat-oop,22670,81350,10.418,3.589,7.820e-16,prime,0
3953,1,z:ilp,nat-oop,23064,82569,10.240,3.580,7.820e-16,prime,1
3954,1,z:ilp,nat-oop,24085,27180,9.808,1.129,8.300e-16,prime,0
3954,1,z:ilp,nat-oop,23449,27294,10.074,1.164,8.300e-16,prime,1
3955,1,z:ilp,nat-oop,23998,27163,9.847,1.132,9.132e-16,prime,0
3955,1,z:ilp,nat-oop,24036,27158,9.831,1.130,9.132e-16,prime,1
3956,1,z:ilp,nat-oop,10351,27716,22.835,2.678,6.696e-16,chain3,0
3956,1,z:ilp,nat-oop,11914,27873,19.839,2.339,6.696e-16,chain3,1
3957,1,z:ilp,nat-oop,24065,27746,9.825,1.153,7.675e-16,prime,0
3957,1,z:ilp,nat-oop,24066,27213,9.824,1.131,7.675e-16,prime,1
3958,1,z:ilp,nat-oop,23012,27916,10.277,1.213,1.076e-15,prime,0
3958,1,z:ilp,nat-oop,23469,27364,10.077,1.166,1.076e-15,prime,1
3959,1,z:ilp,nat-oop,24048,27126,9.837,1.128,9.749e-16,prime,0
3959,1,z:ilp,nat-oop,23827,27014,9.929,1.134,9.749e-16,prime,1
3960,1,z:ilp,nat-oop,6744,7049,35.086,1.045,5.046e-16,flat,0
3960,1,z:ilp,nat-oop,6731,7041,35.158,1.046,5.046e-16,flat,1
3961,1,z:ilp,nat-oop,23473,27129,10.084,1.156,8.483e-16,prime,0
3961,1,z:ilp,nat-oop,23418,27139,10.108,1.159,8.483e-16,prime,1
3962,1,z:ilp,nat-oop,23633,27340,10.019,1.157,1.022e-15,prime,0
3962,1,z:ilp,nat-oop,23698,27217,9.991,1.148,1.022e-15,prime,1
3963,1,z:ilp,nat-oop,23687,27037,9.999,1.141,9.015e-16,prime,0
3963,1,z:ilp,nat-oop,23634,27115,10.021,1.147,9.015e-16,prime,1
3964,1,z:ilp,nat-oop,23144,27257,10.236,1.178,9.467e-16,prime,0
3964,1,z:ilp,nat-oop,23038,27584,10.283,1.197,9.467e-16,prime,1
3965,1,z:ilp,nat-oop,22674,42889,10.451,1.892,8.743e-16,prime,0
3965,1,z:ilp,nat-oop,22726,42845,10.427,1.885,8.743e-16,prime,1
3966,1,z:ilp,nat-oop,23479,27295,10.096,1.163,9.092e-16,prime,0
3966,1,z:ilp,nat-oop,23445,27361,10.111,1.167,9.092e-16,prime,1
3967,1,z:ilp,nat-oop,24103,27240,9.837,1.130,1.039e-15,prime,0
3967,1,z:ilp,nat-oop,24037,26946,9.864,1.121,1.039e-15,prime,1
3968,1,z:ilp,nat-oop,10430,16332,22.739,1.566,5.672e-16,chain3,0
3968,1,z:ilp,nat-oop,7619,16322,31.127,2.142,5.672e-16,chain3,1
3969,1,z:ilp,nat-oop,7078,8297,33.520,1.172,8.614e-16,chain3,0
3969,1,z:ilp,nat-oop,7113,8307,33.352,1.168,8.614e-16,chain3,1
3970,1,z:ilp,nat-oop,28554,27151,8.311,0.951,9.460e-16,prime,0
3970,1,z:ilp,nat-oop,23142,27241,10.254,1.177,9.460e-16,prime,1
3971,1,z:ilp,nat-oop,9296,19165,25.534,2.062,6.853e-16,chain3,0
3971,1,z:ilp,nat-oop,9222,19079,25.738,2.069,6.853e-16,chain3,1
3972,1,z:ilp,nat-oop,24068,27058,9.866,1.124,7.640e-16,prime,0
3972,1,z:ilp,nat-oop,23401,27136,10.147,1.160,7.640e-16,prime,1
3973,1,z:ilp,nat-oop,23901,27093,9.937,1.134,1.162e-15,prime,0
3973,1,z:ilp,nat-oop,23906,27198,9.935,1.138,1.162e-15,prime,1
3974,1,z:ilp,nat-oop,23419,27194,10.144,1.161,9.135e-16,prime,0
3974,1,z:ilp,nat-oop,23547,27216,10.089,1.156,9.135e-16,prime,1
3975,1,z:ilp,nat-oop,23693,36269,10.030,1.531,7.904e-16,prime,0
3975,1,z:ilp,nat-oop,23668,36284,10.040,1.533,7.904e-16,prime,1
3976,1,z:ilp,nat-oop,24027,38460,9.893,1.601,9.437e-16,prime,0
3976,1,z:ilp,nat-oop,23506,38449,10.113,1.636,9.437e-16,prime,1
3977,1,z:ilp,nat-oop,23385,27317,10.168,1.168,9.705e-16,prime,0
3977,1,z:ilp,nat-oop,24013,27172,9.902,1.132,9.705e-16,prime,1
3978,1,z:ilp,nat-oop,9777,12073,24.326,1.235,1.367e-15,flat,0
3978,1,z:ilp,nat-oop,9720,12146,24.470,1.250,1.367e-15,flat,1
3979,1,z:ilp,nat-oop,22672,27697,10.494,1.222,9.438e-16,prime,0
3979,1,z:ilp,nat-oop,22703,27026,10.479,1.190,9.438e-16,prime,1
3980,1,z:ilp,nat-oop,23536,27048,10.111,1.149,1.064e-15,prime,0
3980,1,z:ilp,nat-oop,23435,27035,10.155,1.154,1.064e-15,prime,1
3981,1,z:ilp,nat-oop,23767,27237,10.016,1.146,9.625e-16,prime,0
3981,1,z:ilp,nat-oop,23776,27263,10.012,1.147,9.625e-16,prime,1
3982,1,z:ilp,nat-oop,23695,27448,10.049,1.158,9.121e-16,prime,0
3982,1,z:ilp,nat-oop,23172,27395,10.276,1.182,9.121e-16,prime,1
3983,1,z:ilp,nat-oop,24371,27051,9.773,1.110,8.490e-16,prime,0
3983,1,z:ilp,nat-oop,24514,27128,9.716,1.107,8.490e-16,prime,1
3984,1,z:ilp,nat-oop,23733,45616,10.038,1.922,9.860e-16,prime,0
3984,1,z:ilp,nat-oop,23617,45641,10.088,1.933,9.860e-16,prime,1
3985,1,z:ilp,nat-oop,23725,27333,10.045,1.152,9.491e-16,prime,0
3985,1,z:ilp,nat-oop,23518,27107,10.133,1.153,9.491e-16,prime,1
3986,1,z:ilp,nat-oop,23132,27157,10.305,1.174,8.382e-16,prime,0
3986,1,z:ilp,nat-oop,34734,27507,6.863,0.792,8.382e-16,prime,1
3987,1,z:ilp,nat-oop,23579,27054,10.113,1.147,9.160e-16,prime,0
3987,1,z:ilp,nat-oop,24438,27273,9.757,1.116,9.160e-16,prime,1
3988,1,z:ilp,nat-oop,29453,26952,8.098,0.915,1.006e-15,prime,0
3988,1,z:ilp,nat-oop,23292,27031,10.240,1.161,1.006e-15,prime,1
3989,1,z:ilp,nat-oop,24361,27224,9.793,1.118,8.411e-16,prime,0
3989,1,z:ilp,nat-oop,24334,27292,9.804,1.122,8.411e-16,prime,1
3990,1,z:ilp,nat-oop,6886,12076,34.658,1.754,5.919e-16,chain3,0
3990,1,z:ilp,nat-oop,6584,12057,36.246,1.831,5.919e-16,chain3,1
3991,1,z:ilp,nat-oop,23634,27150,10.101,1.149,8.937e-16,prime,0
3991,1,z:ilp,nat-oop,23658,27675,10.090,1.170,8.937e-16,prime,1
3992,1,z:ilp,nat-oop,23176,27406,10.303,1.183,9.009e-16,prime,0
3992,1,z:ilp,nat-oop,23593,27043,10.121,1.146,9.009e-16,prime,1
3993,1,z:ilp,nat-oop,8023,7667,29.772,0.956,9.132e-16,flat,0
3993,1,z:ilp,nat-oop,8091,7669,29.519,0.948,9.132e-16,flat,1
3994,1,z:ilp,nat-oop,24070,27117,9.926,1.127,8.544e-16,prime,0
3994,1,z:ilp,nat-oop,24039,27204,9.939,1.132,8.544e-16,prime,1
3995,1,z:ilp,nat-oop,15389,36291,15.529,2.358,7.127e-16,chain3,0
3995,1,z:ilp,nat-oop,15292,36326,15.628,2.375,7.127e-16,chain3,1
3996,1,z:ilp,nat-oop,7636,19267,31.306,2.523,6.554e-16,chain3,0
3996,1,z:ilp,nat-oop,7623,19269,31.357,2.528,6.554e-16,chain3,1
3997,1,z:ilp,nat-oop,24372,27129,9.811,1.113,1.199e-15,prime,0
3997,1,z:ilp,nat-oop,24041,27065,9.946,1.126,1.199e-15,prime,1
3998,1,z:ilp,nat-oop,23635,27175,10.120,1.150,6.972e-16,prime,0
3998,1,z:ilp,nat-oop,23626,27246,10.124,1.153,6.972e-16,prime,1
3999,1,z:ilp,nat-oop,18053,41050,13.253,2.274,8.330e-16,chain3,0
3999,1,z:ilp,nat-oop,18628,41008,12.844,2.201,8.330e-16,chain3,1
4000,1,z:ilp,nat-oop,4020,7370,59.537,1.833,4.812e-16,ztt,0
4000,1,z:ilp,nat-oop,4008,7363,59.709,1.837,4.812e-16,ztt,1
4001,1,z:ilp,nat-oop,15281,27168,15.666,1.778,8.765e-16,prime,0
4001,1,z:ilp,nat-oop,15236,27390,15.711,1.798,8.765e-16,prime,1
4002,1,z:ilp,nat-oop,15156,21552,15.799,1.422,2.489e-15,flat,0
4002,1,z:ilp,nat-oop,12254,21543,19.540,1.758,2.489e-15,flat,1
4003,1,z:ilp,nat-oop,29402,27222,8.146,0.926,8.831e-16,prime,0
4003,1,z:ilp,nat-oop,23674,27249,10.117,1.151,8.831e-16,prime,1
4004,1,z:ilp,nat-oop,6875,7697,34.851,1.120,8.247e-16,flat,0
4004,1,z:ilp,nat-oop,6978,7580,34.336,1.086,8.247e-16,flat,1
4005,1,z:ilp,nat-oop,24155,70860,9.921,2.934,7.434e-16,prime,0
4005,1,z:ilp,nat-oop,24059,70924,9.961,2.948,7.434e-16,prime,1
4006,1,z:ilp,nat-oop,23675,27548,10.125,1.164,8.983e-16,prime,0
4006,1,z:ilp,nat-oop,23632,27199,10.144,1.151,8.983e-16,prime,1
4007,1,z:ilp,nat-oop,23705,27324,10.115,1.153,9.218e-16,prime,0
4007,1,z:ilp,nat-oop,23743,27021,10.099,1.138,9.218e-16,prime,1
4008,1,z:ilp,nat-oop,23841,27231,10.061,1.142,9.411e-16,prime,0
4008,1,z:ilp,nat-oop,23856,27115,10.054,1.137,9.411e-16,prime,1
4009,1,z:ilp,nat-oop,24450,27227,9.813,1.114,8.932e-16,prime,0
4009,1,z:ilp,nat-oop,23865,27171,10.053,1.139,8.932e-16,prime,1
4010,1,z:ilp,nat-oop,23424,27240,10.245,1.163,1.039e-15,prime,0
4010,1,z:ilp,nat-oop,23503,27249,10.211,1.159,1.039e-15,prime,1
4011,1,z:ilp,nat-oop,24417,27070,9.831,1.109,9.487e-16,prime,0
4011,1,z:ilp,nat-oop,23897,27204,10.045,1.138,9.487e-16,prime,1
4012,1,z:ilp,nat-oop,23484,35433,10.225,1.509,1.002e-15,prime,0
4012,1,z:ilp,nat-oop,23532,35402,10.204,1.504,1.002e-15,prime,1
4013,1,z:ilp,nat-oop,23829,27268,10.079,1.144,9.193e-16,prime,0
4013,1,z:ilp,nat-oop,23927,27142,10.038,1.134,9.193e-16,prime,1
4014,1,z:ilp,nat-oop,23556,27208,10.199,1.155,1.047e-15,prime,0
4014,1,z:ilp,nat-oop,24168,27270,9.941,1.128,1.047e-15,prime,1
4015,1,z:ilp,nat-oop,23673,53111,10.152,2.244,7.298e-16,prime,0
4015,1,z:ilp,nat-oop,23730,53022,10.127,2.234,7.298e-16,prime,1
4016,1,z:ilp,nat-oop,23495,27077,10.231,1.152,1.027e-15,prime,0
4016,1,z:ilp,nat-oop,24021,27203,10.007,1.132,1.027e-15,prime,1
4017,1,z:ilp,nat-oop,23703,27330,10.144,1.153,1.248e-15,prime,0
4017,1,z:ilp,nat-oop,23211,27347,10.360,1.178,1.248e-15,prime,1
4018,1,z:ilp,nat-oop,14356,21855,16.754,1.522,3.670e-15,flat,0
4018,1,z:ilp,nat-oop,14794,21842,16.258,1.476,3.670e-15,flat,1
4019,1,z:ilp,nat-oop,23845,27175,10.090,1.140,1.196e-15,prime,0
4019,1,z:ilp,nat-oop,23945,27203,10.048,1.136,1.196e-15,prime,1
4020,1,z:ilp,nat-oop,24036,36420,10.012,1.515,7.205e-16,prime,0
4020,1,z:ilp,nat-oop,24079,36457,9.994,1.514,7.205e-16,prime,1
4021,1,z:ilp,nat-oop,23169,27456,10.390,1.185,9.544e-16,prime,0
4021,1,z:ilp,nat-oop,23655,27424,10.176,1.159,9.544e-16,prime,1
4022,1,z:ilp,nat-oop,23993,27445,10.036,1.144,9.944e-16,prime,0
4022,1,z:ilp,nat-oop,23468,27370,10.260,1.166,9.944e-16,prime,1
4023,1,z:ilp,nat-oop,23546,27112,10.229,1.151,1.147e-15,prime,0
4023,1,z:ilp,nat-oop,23928,27026,10.066,1.129,1.147e-15,prime,1
4024,1,z:ilp,nat-oop,24003,27154,10.037,1.131,8.459e-16,prime,0
4024,1,z:ilp,nat-oop,23454,27106,10.272,1.156,8.459e-16,prime,1
4025,1,z:ilp,nat-oop,8477,15305,28.429,1.805,6.446e-16,chain3,0
4025,1,z:ilp,nat-oop,8489,15320,28.388,1.805,6.446e-16,chain3,1
4026,1,z:ilp,nat-oop,23130,33270,10.422,1.438,8.006e-16,prime,0
4026,1,z:ilp,nat-oop,23226,33072,10.379,1.424,8.006e-16,prime,1
4027,1,z:ilp,nat-oop,23767,27364,10.145,1.151,8.589e-16,prime,0
4027,1,z:ilp,nat-oop,23689,27148,10.179,1.146,8.589e-16,prime,1
4028,1,z:ilp,nat-oop,23476,32777,10.274,1.396,8.568e-16,prime,0
4028,1,z:ilp,nat-oop,24076,32768,10.018,1.361,8.568e-16,prime,1
4029,1,z:ilp,nat-oop,23902,63808,10.094,2.670,7.905e-16,prime,0
4029,1,z:ilp,nat-oop,24505,63812,9.845,2.604,7.905e-16,prime,1
4030,1,z:ilp,nat-oop,13225,18355,18.248,1.388,8.055e-16,flat,0
4030,1,z:ilp,nat-oop,13154,18272,18.346,1.389,8.055e-16,flat,1
4031,1,z:ilp,nat-oop,24026,27230,10.047,1.133,1.018e-15,prime,0
4031,1,z:ilp,nat-oop,23582,27160,10.236,1.152,1.018e-15,prime,1
4032,1,z:ilp,nat-oop,4349,6895,55.515,1.585,4.021e-16,ztt,0
4032,1,z:ilp,nat-oop,4255,6868,56.748,1.614,4.021e-16,ztt,1
4033,1,z:ilp,nat-oop,24073,27617,10.033,1.147,8.279e-16,prime,0
4033,1,z:ilp,nat-oop,23885,27307,10.112,1.143,8.279e-16,prime,1
4034,1,z:ilp,nat-oop,23549,27177,10.259,1.154,9.738e-16,prime,0
4034,1,z:ilp,nat-oop,24108,27538,10.022,1.142,9.738e-16,prime,1
4035,1,z:ilp,nat-oop,23862,27106,10.128,1.136,1.023e-15,prime,0
4035,1,z:ilp,nat-oop,23573,27269,10.252,1.157,1.023e-15,prime,1
4036,1,z:ilp,nat-oop,23639,27283,10.226,1.154,1.034e-15,prime,0
4036,1,z:ilp,nat-oop,23395,27337,10.332,1.168,1.034e-15,prime,1
4037,1,z:ilp,nat-oop,23192,27360,10.426,1.180,1.164e-15,prime,0
4037,1,z:ilp,nat-oop,23181,27364,10.431,1.180,1.164e-15,prime,1
4038,1,z:ilp,nat-oop,23141,27369,10.452,1.183,1.027e-15,prime,0
4038,1,z:ilp,nat-oop,29778,27212,8.122,0.914,1.027e-15,prime,1
4039,1,z:ilp,nat-oop,23919,27042,10.115,1.131,1.065e-15,prime,0
4039,1,z:ilp,nat-oop,24415,27041,9.909,1.108,1.065e-15,prime,1
4040,1,z:ilp,nat-oop,23469,60868,10.311,2.594,6.256e-16,prime,0
4040,1,z:ilp,nat-oop,35003,60809,6.914,1.737,6.256e-16,prime,1
4041,1,z:ilp,nat-oop,23661,27301,10.231,1.154,1.099e-15,prime,0
4041,1,z:ilp,nat-oop,23485,27209,10.307,1.159,1.099e-15,prime,1
4042,1,z:ilp,nat-oop,23444,39921,10.328,1.703,7.888e-16,prime,0
4042,1,z:ilp,nat-oop,23522,39894,10.294,1.696,7.888e-16,prime,1
4043,1,z:ilp,nat-oop,23104,27219,10.483,1.178,9.150e-16,prime,0
4043,1,z:ilp,nat-oop,23764,27324,10.192,1.150,9.150e-16,prime,1
4044,1,z:ilp,nat-oop,23634,27048,10.251,1.144,8.770e-16,prime,0
4044,1,z:ilp,nat-oop,23177,27406,10.453,1.182,8.770e-16,prime,1
4045,1,z:ilp,nat-oop,24421,27252,9.923,1.116,1.037e-15,prime,0
4045,1,z:ilp,nat-oop,23566,27405,10.283,1.163,1.037e-15,prime,1
4046,1,z:ilp,nat-oop,10720,16144,22.612,1.506,1.127e-15,flat,0
4046,1,z:ilp,nat-oop,10484,16153,23.121,1.541,1.127e-15,flat,1
4047,1,z:ilp,nat-oop,23149,57657,10.474,2.491,9.420e-16,prime,0
4047,1,z:ilp,nat-oop,24167,57735,10.033,2.389,9.420e-16,prime,1
4048,1,z:ilp,nat-oop,6357,13491,38.151,2.122,7.645e-16,chain3,0
4048,1,z:ilp,nat-oop,7396,13511,32.792,1.827,7.645e-16,chain3,1
4049,1,z:ilp,nat-oop,23499,27245,10.324,1.159,1.239e-15,prime,0
4049,1,z:ilp,nat-oop,23471,27526,10.336,1.173,1.239e-15,prime,1
4050,1,z:ilp,nat-oop,6659,7588,36.442,1.139,7.459e-16,chain3,0
4050,1,z:ilp,nat-oop,7231,7609,33.560,1.052,7.459e-16,chain3,1
4051,1,z:ilp,nat-oop,24454,27094,9.926,1.108,1.039e-15,prime,0
4051,1,z:ilp,nat-oop,23933,27019,10.142,1.129,1.039e-15,prime,1
4052,1,z:ilp,nat-oop,23650,27213,10.266,1.151,1.051e-15,prime,0
4052,1,z:ilp,nat-oop,23180,27362,10.475,1.180,1.051e-15,prime,1
4053,1,z:ilp,nat-oop,23743,27371,10.229,1.153,9.950e-16,prime,0
4053,1,z:ilp,nat-oop,23707,27265,10.245,1.150,9.950e-16,prime,1
4054,1,z:ilp,nat-oop,23134,27402,10.501,1.185,9.123e-16,prime,0
4054,1,z:ilp,nat-oop,32544,27166,7.465,0.835,9.123e-16,prime,1
4055,1,z:ilp,nat-oop,23759,27045,10.228,1.138,8.170e-16,prime,0
4055,1,z:ilp,nat-oop,23995,27048,10.127,1.127,8.170e-16,prime,1
4056,1,z:ilp,nat-oop,7349,7775,33.076,1.058,9.666e-16,flat,0
4056,1,z:ilp,nat-oop,7322,7813,33.199,1.067,9.666e-16,flat,1
4057,1,z:ilp,nat-oop,23179,27305,10.490,1.178,9.533e-16,prime,0
4057,1,z:ilp,nat-oop,23749,27378,10.238,1.153,9.533e-16,prime,1
4058,1,z:ilp,nat-oop,23734,27195,10.247,1.146,7.757e-16,prime,0
4058,1,z:ilp,nat-oop,23716,27504,10.255,1.160,7.757e-16,prime,1
4059,1,z:ilp,nat-oop,16870,27333,14.421,1.620,6.060e-16,chain3,0
4059,1,z:ilp,nat-oop,12424,27419,19.582,2.207,6.060e-16,chain3,1
4060,1,z:ilp,nat-oop,11124,16237,21.876,1.460,6.626e-16,flat,0
4060,1,z:ilp,nat-oop,10166,16253,23.936,1.599,6.626e-16,flat,1
4061,1,z:ilp,nat-oop,23715,27447,10.264,1.157,8.492e-16,prime,0
4061,1,z:ilp,nat-oop,23685,27467,10.277,1.160,8.492e-16,prime,1
4062,1,z:ilp,nat-oop,23437,27207,10.389,1.161,8.616e-16,prime,0
4062,1,z:ilp,nat-oop,24157,27178,10.079,1.125,8.616e-16,prime,1
4063,1,z:ilp,nat-oop,23518,27331,10.356,1.162,8.724e-16,prime,0
4063,1,z:ilp,nat-oop,29213,27029,8.337,0.925,8.724e-16,prime,1
4064,1,z:ilp,nat-oop,23253,76115,10.476,3.273,8.065e-16,prime,0
4064,1,z:ilp,nat-oop,23210,76216,10.496,3.284,8.065e-16,prime,1
4065,1,z:ilp,nat-oop,23202,27297,10.502,1.176,9.380e-16,prime,0
4065,1,z:ilp,nat-oop,23770,27341,10.251,1.150,9.380e-16,prime,1
4066,1,z:ilp,nat-oop,23141,68386,10.533,2.955,8.091e-16,prime,0
4066,1,z:ilp,nat-oop,23239,68260,10.488,2.937,8.091e-16,prime,1
4067,1,z:ilp,nat-oop,23672,63391,10.299,2.678,1.007e-15,prime,0
4067,1,z:ilp,nat-oop,23732,63480,10.274,2.675,1.007e-15,prime,1
4068,1,z:ilp,nat-oop,24227,69031,10.066,2.849,9.683e-16,prime,0
4068,1,z:ilp,nat-oop,26205,69080,9.307,2.636,9.683e-16,prime,1
4069,1,z:ilp,nat-oop,24086,27400,10.128,1.138,9.410e-16,prime,0
4069,1,z:ilp,nat-oop,23725,27470,10.282,1.158,9.410e-16,prime,1
4070,1,z:ilp,nat-oop,16439,20709,14.844,1.260,5.411e-16,chain3,0
4070,1,z:ilp,nat-oop,16667,20665,14.640,1.240,5.411e-16,chain3,1
4071,1,z:ilp,nat-oop,23916,49823,10.206,2.083,7.167e-16,prime,0
4071,1,z:ilp,nat-oop,24484,49743,9.969,2.032,7.167e-16,prime,1
4072,1,z:ilp,nat-oop,23742,27157,10.284,1.144,1.392e-15,prime,0
4072,1,z:ilp,nat-oop,23769,27382,10.271,1.152,1.392e-15,prime,1
4073,1,z:ilp,nat-oop,23722,27180,10.295,1.146,9.211e-16,prime,0
4073,1,z:ilp,nat-oop,23716,27394,10.297,1.155,9.211e-16,prime,1
4074,1,z:ilp,nat-oop,24085,57785,10.142,2.399,9.344e-16,prime,0
4074,1,z:ilp,nat-oop,24155,57531,10.113,2.382,9.344e-16,prime,1
4075,1,z:ilp,nat-oop,23622,27132,10.344,1.149,9.112e-16,prime,0
4075,1,z:ilp,nat-oop,23618,27160,10.346,1.150,9.112e-16,prime,1
4076,1,z:ilp,nat-oop,23710,27214,10.309,1.148,8.605e-16,prime,0
4076,1,z:ilp,nat-oop,29771,27208,8.210,0.914,8.605e-16,prime,1
4077,1,z:ilp,nat-oop,24424,27236,10.010,1.115,1.107e-15,prime,0
4077,1,z:ilp,nat-oop,23959,27232,10.204,1.137,1.107e-15,prime,1
4078,1,z:ilp,nat-oop,23545,27239,10.386,1.157,8.279e-16,prime,0
4078,1,z:ilp,nat-oop,24031,27291,10.176,1.136,8.279e-16,prime,1
4079,1,z:ilp,nat-oop,23479,27083,10.419,1.154,9.568e-16,prime,0
4079,1,z:ilp,nat-oop,24489,27042,9.989,1.104,9.568e-16,prime,1
4080,1,z:ilp,nat-oop,5743,11199,42.607,1.950,5.196e-16,chain3,0
4080,1,z:ilp,nat-oop,5737,11180,42.649,1.949,5.196e-16,chain3,1
4081,1,z:ilp,nat-oop,23587,36875,10.377,1.563,8.757e-16,prime,0
4081,1,z:ilp,nat-oop,23749,36862,10.306,1.552,8.757e-16,prime,1
4082,1,z:ilp,nat-oop,24063,27218,10.174,1.131,1.203e-15,prime,0
4082,1,z:ilp,nat-oop,29021,27236,8.436,0.938,1.203e-15,prime,1
4083,1,z:ilp,nat-oop,23556,27110,10.396,1.151,9.584e-16,prime,0
4083,1,z:ilp,nat-oop,35470,27077,6.904,0.763,9.584e-16,prime,1
4084,1,z:ilp,nat-oop,24101,27086,10.163,1.124,9.153e-16,prime,0
4084,1,z:ilp,nat-oop,30158,27078,8.122,0.898,9.153e-16,prime,1
4085,1,z:ilp,nat-oop,12886,35158,19.014,2.728,1.365e-15,flat,0
4085,1,z:ilp,nat-oop,12856,35220,19.058,2.739,1.365e-15,flat,1
4086,1,z:ilp,nat-oop,23180,27287,10.573,1.177,1.132e-15,prime,0
4086,1,z:ilp,nat-oop,23822,27333,10.288,1.147,1.132e-15,prime,1
4087,1,z:ilp,nat-oop,34938,85699,7.017,2.453,8.967e-16,prime,0
4087,1,z:ilp,nat-oop,24526,85613,9.996,3.491,8.967e-16,prime,1
4088,1,z:ilp,nat-oop,23530,41080,10.422,1.746,8.195e-16,prime,0
4088,1,z:ilp,nat-oop,23482,41105,10.443,1.750,8.195e-16,prime,1
4089,1,z:ilp,nat-oop,19274,43833,12.726,2.274,6.784e-16,chain3,0
4089,1,z:ilp,nat-oop,22523,43881,10.891,1.948,6.784e-16,chain3,1
4090,1,z:ilp,nat-oop,23188,27256,10.581,1.175,1.241e-15,prime,0
4090,1,z:ilp,nat-oop,27527,27227,8.913,0.989,1.241e-15,prime,1
4091,1,z:ilp,nat-oop,23464,27318,10.460,1.164,9.239e-16,prime,0
4091,1,z:ilp,nat-oop,23613,27111,10.394,1.148,9.239e-16,prime,1
4092,1,z:ilp,nat-oop,8800,17377,27.896,1.975,6.306e-16,chain3,0
4092,1,z:ilp,nat-oop,7634,17411,32.159,2.281,6.306e-16,chain3,1
4093,1,z:ilp,nat-oop,23501,27338,10.449,1.163,9.133e-16,prime,0
4093,1,z:ilp,nat-oop,23546,27375,10.429,1.163,9.133e-16,prime,1
4094,1,z:ilp,nat-oop,23746,58178,10.344,2.450,1.061e-15,prime,0
4094,1,z:ilp,nat-oop,23354,58160,10.517,2.490,1.061e-15,prime,1
4095,1,z:ilp,nat-oop,7562,8445,32.489,1.117,6.877e-16,chain3,0
4095,1,z:ilp,nat-oop,7535,8469,32.605,1.124,6.877e-16,chain3,1
4096,1,z:ilp,nat-oop,3551,3830,69.204,1.079,3.902e-16,ztt,0
4096,1,z:ilp,nat-oop,3553,3860,69.164,1.086,3.902e-16,ztt,1
